opcode,initial_fps,ack_wait_clocks,core_clocks,memory_beats
170100,043304,0,1075,185
170101,043304,0,1075,185
170102,043304,0,1075,185
170103,043304,0,1075,185
170104,043304,0,1075,185
170105,043304,0,1075,185
170106,043304,0,1075,185
170107,043304,0,1075,185
170110,043304,0,1110,196
170111,106304,0,1110,196
170112,045304,0,1110,196
170113,044304,0,1110,196
170114,043304,0,1110,196
170115,106304,0,1110,196
170116,045304,0,1110,196
170117,140704,0,1110,196
170120,044304,0,1219,219
170121,043304,0,1219,219
170122,106304,0,1219,219
170123,045304,0,1219,219
170124,044304,0,1219,219
170125,043304,0,1219,219
170126,106304,0,1219,219
170127,001704,0,1172,209
170130,045304,0,1240,223
170131,147704,0,1240,223
170132,106304,0,1240,223
170133,140704,0,1240,223
170134,043304,0,1240,223
170135,001704,0,1240,223
170136,044304,0,1240,223
170137,043304,0,1193,213
170140,106304,0,1219,219
170141,045304,0,1219,219
170142,044304,0,1219,219
170143,043304,0,1219,219
170144,106304,0,1219,219
170145,045304,0,1219,219
170146,044304,0,1219,219
170147,147704,0,1172,209
170150,043304,0,1240,223
170151,001704,0,1240,223
170152,044304,0,1240,223
170153,043304,0,1240,223
170154,045304,0,1240,223
170155,147704,0,1240,223
170156,106304,0,1240,223
170157,045304,0,1317,235
170160,045304,0,1190,210
170161,147704,0,1190,210
170162,106304,0,1190,210
170163,140704,0,1190,210
170164,043304,0,1190,210
170165,001704,0,1190,210
170166,044304,0,1190,210
170167,043304,0,1190,210
170170,001704,0,1196,213
170171,147704,0,1196,213
170172,001704,0,1196,213
170173,147704,0,1196,213
170174,001704,0,1196,213
170175,147704,0,1196,213
170176,001704,0,1196,213
170177,044304,0,1196,213
170200,106304,0,1107,187
170201,106304,0,1107,187
170202,106304,0,1107,187
170203,106304,0,1107,187
170204,106304,0,1107,187
170205,106304,0,1107,187
170206,106304,0,1107,187
170207,106304,0,1107,187
170210,106304,0,1164,201
170211,045304,0,1164,201
170212,044304,0,1164,201
170213,043304,0,1164,201
170214,106304,0,1164,201
170215,045304,0,1164,201
170216,044304,0,1164,201
170217,147704,0,1164,201
170220,043304,0,1273,224
170221,106304,0,1273,224
170222,045304,0,1273,224
170223,044304,0,1273,224
170224,043304,0,1273,224
170225,106304,0,1273,224
170226,045304,0,1273,224
170227,140704,0,1226,214
170230,044304,0,1294,228
170231,043304,0,1294,228
170232,045304,0,1294,228
170233,147704,0,1294,228
170234,106304,0,1294,228
170235,140704,0,1294,228
170236,043304,0,1294,228
170237,106304,0,1247,218
170240,045304,0,1273,224
170241,044304,0,1273,224
170242,043304,0,1273,224
170243,106304,0,1273,224
170244,045304,0,1273,224
170245,044304,0,1273,224
170246,043304,0,1273,224
170247,043304,0,1226,214
170250,106304,0,1294,228
170251,140704,0,1294,228
170252,043304,0,1294,228
170253,001704,0,1294,228
170254,044304,0,1294,228
170255,043304,0,1294,228
170256,045304,0,1294,228
170257,044304,0,1396,246
170260,044304,0,1244,215
170261,043304,0,1244,215
170262,045304,0,1244,215
170263,147704,0,1244,215
170264,106304,0,1244,215
170265,140704,0,1244,215
170266,043304,0,1244,215
170267,106304,0,1244,215
170270,140704,0,1250,218
170271,043304,0,1250,218
170272,140704,0,1250,218
170273,043304,0,1250,218
170274,140704,0,1250,218
170275,043304,0,1250,218
170276,140704,0,1250,218
170277,043304,0,1250,218
170300,045304,0,1223,204
170301,045304,0,1223,204
170302,045304,0,1223,204
170303,045304,0,1223,204
170304,045304,0,1223,204
170305,045304,0,1223,204
170306,045304,0,1223,204
170307,045304,0,1223,204
170310,045304,0,1319,225
170311,147704,0,1319,225
170312,106304,0,1319,225
170313,140704,0,1319,225
170314,043304,0,1319,225
170315,001704,0,1319,225
170316,044304,0,1319,225
170317,043304,0,1319,225
170320,106304,0,1428,248
170321,140704,0,1428,248
170322,043304,0,1428,248
170323,001704,0,1428,248
170324,044304,0,1428,248
170325,043304,0,1428,248
170326,045304,0,1428,248
170327,044304,0,1359,233
170330,147704,0,1449,252
170331,001704,0,1449,252
170332,147704,0,1449,252
170333,001704,0,1449,252
170334,147704,0,1449,252
170335,001704,0,1449,252
170336,147704,0,1449,252
170337,106304,0,1402,242
170340,140704,0,1428,248
170341,043304,0,1428,248
170342,001704,0,1428,248
170343,044304,0,1428,248
170344,043304,0,1428,248
170345,045304,0,1428,248
170346,147704,0,1428,248
170347,043304,0,1381,238
170350,001704,0,1449,252
170351,147704,0,1449,252
170352,001704,0,1449,252
170353,147704,0,1449,252
170354,001704,0,1449,252
170355,147704,0,1449,252
170356,001704,0,1449,252
170357,044304,0,1512,263
170360,044304,0,1399,239
170361,106304,0,1399,239
170362,044304,0,1399,239
170363,106304,0,1399,239
170364,044304,0,1399,239
170365,106304,0,1399,239
170366,044304,0,1399,239
170367,043304,0,1399,239
170370,140704,0,1405,242
170371,106304,0,1405,242
170372,147704,0,1405,242
170373,045304,0,1405,242
170374,043304,0,1405,242
170375,044304,0,1405,242
170376,001704,0,1405,242
170377,147704,0,1405,242
170000,045304,0,750,135
170001,043304,0,715,129
170002,045304,0,737,132
170011,043304,0,759,135
170012,045304,0,781,138
172400,003104,0,1707,283
172400,103704,0,1750,290
172401,041104,0,1707,283
172401,041704,0,1750,290
172402,003104,0,1707,283
172402,103704,0,1750,290
172403,041104,0,1707,283
172403,041704,0,1750,290
172404,003104,0,1707,283
172404,103704,0,1750,290
172405,041104,0,1707,283
172405,041704,0,1750,290
172406,003104,0,1730,293
172406,103704,0,1732,294
172407,003104,0,1730,293
172407,103704,0,1732,294
172410,003104,0,1970,340
172410,103704,0,2072,359
172411,041104,0,1970,340
172411,041704,0,2072,359
172412,003104,0,1970,340
172412,103704,0,2072,359
172413,041104,0,1970,340
172413,041704,0,2072,359
172414,003104,0,1970,340
172414,103704,0,2072,359
172415,041104,0,1970,340
172415,041704,0,2072,359
172416,003104,0,1970,340
172416,103704,0,2072,359
172417,146104,0,1970,340
172417,046704,0,2072,359
172420,041104,0,2079,363
172420,041704,0,2181,382
172421,003104,0,2079,363
172421,103704,0,2181,382
172422,041104,0,2079,363
172422,041704,0,2181,382
172423,003104,0,2079,363
172423,103704,0,2181,382
172424,041104,0,2079,363
172424,041704,0,2181,382
172425,003104,0,2079,363
172425,103704,0,2181,382
172426,041104,0,2079,363
172426,041704,0,2181,382
172427,004104,0,2024,350
172427,104704,0,2076,359
172430,041104,0,2100,367
172430,041704,0,2202,386
172431,146104,0,2100,367
172431,046704,0,2202,386
172432,003104,0,2100,367
172432,103704,0,2202,386
172433,004104,0,2100,367
172433,104704,0,2202,386
172434,041104,0,2100,367
172434,041704,0,2202,386
172435,146104,0,2100,367
172435,046704,0,2202,386
172436,003104,0,2100,367
172436,103704,0,2202,386
172437,041104,0,2053,357
172437,041704,0,2155,376
172440,003104,0,2079,363
172440,103704,0,2181,382
172441,041104,0,2079,363
172441,041704,0,2181,382
172442,003104,0,2079,363
172442,103704,0,2181,382
172443,041104,0,2079,363
172443,041704,0,2181,382
172444,003104,0,2079,363
172444,103704,0,2181,382
172445,041104,0,2079,363
172445,041704,0,2181,382
172446,003104,0,2079,363
172446,103704,0,2181,382
172447,146104,0,2032,353
172447,046704,0,2134,372
172450,041104,0,2100,367
172450,041704,0,2202,386
172451,146104,0,2100,367
172451,046704,0,2202,386
172452,003104,0,2100,367
172452,103704,0,2202,386
172453,004104,0,2100,367
172453,104704,0,2202,386
172454,041104,0,2100,367
172454,041704,0,2202,386
172455,146104,0,2100,367
172455,046704,0,2202,386
172456,003104,0,2100,367
172456,103704,0,2202,386
172457,041104,0,1821,318
172457,041704,0,1823,319
172460,003104,0,2050,354
172460,103704,0,2152,373
172461,004104,0,2050,354
172461,104704,0,2152,373
172462,041104,0,2050,354
172462,041704,0,2152,373
172463,146104,0,2050,354
172463,046704,0,2152,373
172464,003104,0,2050,354
172464,103704,0,2152,373
172465,004104,0,2050,354
172465,104704,0,2152,373
172466,041104,0,2050,354
172466,041704,0,2152,373
172467,003104,0,2050,354
172467,103704,0,2152,373
172470,004104,0,2056,357
172470,104704,0,2158,376
172471,004104,0,2056,357
172471,104704,0,2158,376
172472,004104,0,2056,357
172472,104704,0,2158,376
172473,004104,0,2056,357
172473,104704,0,2158,376
172474,004104,0,2056,357
172474,104704,0,2158,376
172475,004104,0,2056,357
172475,104704,0,2158,376
172476,004104,0,2056,357
172476,104704,0,2158,376
172477,041104,0,2056,357
172477,041704,0,2158,376
172500,041104,0,1707,283
172500,041704,0,1750,290
172501,003104,0,1707,283
172501,103704,0,1750,290
172502,041104,0,1707,283
172502,041704,0,1750,290
172503,003104,0,1707,283
172503,103704,0,1750,290
172504,041104,0,1707,283
172504,041704,0,1750,290
172505,003104,0,1707,283
172505,103704,0,1750,290
172506,041104,0,1546,257
172506,041704,0,1548,258
172507,041104,0,1546,257
172507,041704,0,1548,258
172510,041104,0,1970,340
172510,041704,0,2072,359
172511,003104,0,1970,340
172511,103704,0,2072,359
172512,041104,0,1970,340
172512,041704,0,2072,359
172513,003104,0,1970,340
172513,103704,0,2072,359
172514,041104,0,1970,340
172514,041704,0,2072,359
172515,003104,0,1970,340
172515,103704,0,2072,359
172516,041104,0,1970,340
172516,041704,0,2072,359
172517,004104,0,1970,340
172517,104704,0,2072,359
172520,003104,0,2079,363
172520,103704,0,2181,382
172521,041104,0,2079,363
172521,041704,0,2181,382
172522,003104,0,2079,363
172522,103704,0,2181,382
172523,041104,0,2079,363
172523,041704,0,2181,382
172524,003104,0,2079,363
172524,103704,0,2181,382
172525,041104,0,2079,363
172525,041704,0,2181,382
172526,003104,0,2079,363
172526,103704,0,2181,382
172527,146104,0,2024,350
172527,046704,0,2076,359
172530,003104,0,2100,367
172530,103704,0,2202,386
172531,004104,0,2100,367
172531,104704,0,2202,386
172532,041104,0,2100,367
172532,041704,0,2202,386
172533,146104,0,2100,367
172533,046704,0,2202,386
172534,003104,0,2100,367
172534,103704,0,2202,386
172535,004104,0,2100,367
172535,104704,0,2202,386
172536,041104,0,2100,367
172536,041704,0,2202,386
172537,003104,0,2053,357
172537,103704,0,2155,376
172540,041104,0,2079,363
172540,041704,0,2181,382
172541,003104,0,2079,363
172541,103704,0,2181,382
172542,041104,0,2079,363
172542,041704,0,2181,382
172543,003104,0,2079,363
172543,103704,0,2181,382
172544,041104,0,2079,363
172544,041704,0,2181,382
172545,003104,0,2079,363
172545,103704,0,2181,382
172546,041104,0,2079,363
172546,041704,0,2181,382
172547,004104,0,2032,353
172547,104704,0,2134,372
172550,003104,0,2100,367
172550,103704,0,2202,386
172551,004104,0,2100,367
172551,104704,0,2202,386
172552,041104,0,2100,367
172552,041704,0,2202,386
172553,146104,0,2100,367
172553,046704,0,2202,386
172554,003104,0,2100,367
172554,103704,0,2202,386
172555,004104,0,2100,367
172555,104704,0,2202,386
172556,041104,0,2100,367
172556,041704,0,2202,386
172557,003104,0,1821,318
172557,103704,0,1823,319
172560,041104,0,2050,354
172560,041704,0,2152,373
172561,146104,0,2050,354
172561,046704,0,2152,373
172562,003104,0,2050,354
172562,103704,0,2152,373
172563,004104,0,2050,354
172563,104704,0,2152,373
172564,041104,0,2050,354
172564,041704,0,2152,373
172565,146104,0,2050,354
172565,046704,0,2152,373
172566,003104,0,2050,354
172566,103704,0,2152,373
172567,041104,0,2050,354
172567,041704,0,2152,373
172570,146104,0,2056,357
172570,046704,0,2158,376
172571,146104,0,2056,357
172571,046704,0,2158,376
172572,146104,0,2056,357
172572,046704,0,2158,376
172573,146104,0,2056,357
172573,046704,0,2158,376
172574,146104,0,2056,357
172574,046704,0,2158,376
172575,146104,0,2056,357
172575,046704,0,2158,376
172576,146104,0,2056,357
172576,046704,0,2158,376
172577,003104,0,2056,357
172577,103704,0,2158,376
172600,003104,0,1707,283
172600,103704,0,1750,290
172601,041104,0,1707,283
172601,041704,0,1750,290
172602,003104,0,1707,283
172602,103704,0,1750,290
172603,041104,0,1707,283
172603,041704,0,1750,290
172604,003104,0,1707,283
172604,103704,0,1750,290
172605,041104,0,1707,283
172605,041704,0,1750,290
172606,003104,0,1730,293
172606,103704,0,1732,294
172607,003104,0,1730,293
172607,103704,0,1732,294
172610,003104,0,1970,340
172610,103704,0,2072,359
172611,041104,0,1970,340
172611,041704,0,2072,359
172612,003104,0,1970,340
172612,103704,0,2072,359
172613,041104,0,1970,340
172613,041704,0,2072,359
172614,003104,0,1970,340
172614,103704,0,2072,359
172615,041104,0,1970,340
172615,041704,0,2072,359
172616,003104,0,1970,340
172616,103704,0,2072,359
172617,146104,0,1970,340
172617,046704,0,2072,359
172620,041104,0,2079,363
172620,041704,0,2181,382
172621,003104,0,2079,363
172621,103704,0,2181,382
172622,041104,0,2079,363
172622,041704,0,2181,382
172623,003104,0,2079,363
172623,103704,0,2181,382
172624,041104,0,2079,363
172624,041704,0,2181,382
172625,003104,0,2079,363
172625,103704,0,2181,382
172626,041104,0,2079,363
172626,041704,0,2181,382
172627,004104,0,2024,350
172627,104704,0,2076,359
172630,041104,0,2100,367
172630,041704,0,2202,386
172631,146104,0,2100,367
172631,046704,0,2202,386
172632,003104,0,2100,367
172632,103704,0,2202,386
172633,004104,0,2100,367
172633,104704,0,2202,386
172634,041104,0,2100,367
172634,041704,0,2202,386
172635,146104,0,2100,367
172635,046704,0,2202,386
172636,003104,0,2100,367
172636,103704,0,2202,386
172637,041104,0,2053,357
172637,041704,0,2155,376
172640,003104,0,2079,363
172640,103704,0,2181,382
172641,041104,0,2079,363
172641,041704,0,2181,382
172642,003104,0,2079,363
172642,103704,0,2181,382
172643,041104,0,2079,363
172643,041704,0,2181,382
172644,003104,0,2079,363
172644,103704,0,2181,382
172645,041104,0,2079,363
172645,041704,0,2181,382
172646,003104,0,2079,363
172646,103704,0,2181,382
172647,146104,0,2032,353
172647,046704,0,2134,372
172650,041104,0,2100,367
172650,041704,0,2202,386
172651,146104,0,2100,367
172651,046704,0,2202,386
172652,003104,0,2100,367
172652,103704,0,2202,386
172653,004104,0,2100,367
172653,104704,0,2202,386
172654,041104,0,2100,367
172654,041704,0,2202,386
172655,146104,0,2100,367
172655,046704,0,2202,386
172656,003104,0,2100,367
172656,103704,0,2202,386
172657,041104,0,1821,318
172657,041704,0,1823,319
172660,003104,0,2050,354
172660,103704,0,2152,373
172661,004104,0,2050,354
172661,104704,0,2152,373
172662,041104,0,2050,354
172662,041704,0,2152,373
172663,146104,0,2050,354
172663,046704,0,2152,373
172664,003104,0,2050,354
172664,103704,0,2152,373
172665,004104,0,2050,354
172665,104704,0,2152,373
172666,041104,0,2050,354
172666,041704,0,2152,373
172667,003104,0,2050,354
172667,103704,0,2152,373
172670,004104,0,2056,357
172670,104704,0,2158,376
172671,004104,0,2056,357
172671,104704,0,2158,376
172672,004104,0,2056,357
172672,104704,0,2158,376
172673,004104,0,2056,357
172673,104704,0,2158,376
172674,004104,0,2056,357
172674,104704,0,2158,376
172675,004104,0,2056,357
172675,104704,0,2158,376
172676,004104,0,2056,357
172676,104704,0,2158,376
172677,041104,0,2056,357
172677,041704,0,2158,376
172700,041104,0,1707,283
172700,041704,0,1750,290
172701,003104,0,1707,283
172701,103704,0,1750,290
172702,041104,0,1707,283
172702,041704,0,1750,290
172703,003104,0,1707,283
172703,103704,0,1750,290
172704,041104,0,1707,283
172704,041704,0,1750,290
172705,003104,0,1707,283
172705,103704,0,1750,290
172706,041104,0,1546,257
172706,041704,0,1548,258
172707,041104,0,1546,257
172707,041704,0,1548,258
172710,041104,0,1970,340
172710,041704,0,2072,359
172711,003104,0,1970,340
172711,103704,0,2072,359
172712,041104,0,1970,340
172712,041704,0,2072,359
172713,003104,0,1970,340
172713,103704,0,2072,359
172714,041104,0,1970,340
172714,041704,0,2072,359
172715,003104,0,1970,340
172715,103704,0,2072,359
172716,041104,0,1970,340
172716,041704,0,2072,359
172717,004104,0,1970,340
172717,104704,0,2072,359
172720,003104,0,2079,363
172720,103704,0,2181,382
172721,041104,0,2079,363
172721,041704,0,2181,382
172722,003104,0,2079,363
172722,103704,0,2181,382
172723,041104,0,2079,363
172723,041704,0,2181,382
172724,003104,0,2079,363
172724,103704,0,2181,382
172725,041104,0,2079,363
172725,041704,0,2181,382
172726,003104,0,2079,363
172726,103704,0,2181,382
172727,146104,0,2024,350
172727,046704,0,2076,359
172730,003104,0,2100,367
172730,103704,0,2202,386
172731,004104,0,2100,367
172731,104704,0,2202,386
172732,041104,0,2100,367
172732,041704,0,2202,386
172733,146104,0,2100,367
172733,046704,0,2202,386
172734,003104,0,2100,367
172734,103704,0,2202,386
172735,004104,0,2100,367
172735,104704,0,2202,386
172736,041104,0,2100,367
172736,041704,0,2202,386
172737,003104,0,2053,357
172737,103704,0,2155,376
172740,041104,0,2079,363
172740,041704,0,2181,382
172741,003104,0,2079,363
172741,103704,0,2181,382
172742,041104,0,2079,363
172742,041704,0,2181,382
172743,003104,0,2079,363
172743,103704,0,2181,382
172744,041104,0,2079,363
172744,041704,0,2181,382
172745,003104,0,2079,363
172745,103704,0,2181,382
172746,041104,0,2079,363
172746,041704,0,2181,382
172747,004104,0,2032,353
172747,104704,0,2134,372
172750,003104,0,2100,367
172750,103704,0,2202,386
172751,004104,0,2100,367
172751,104704,0,2202,386
172752,041104,0,2100,367
172752,041704,0,2202,386
172753,146104,0,2100,367
172753,046704,0,2202,386
172754,003104,0,2100,367
172754,103704,0,2202,386
172755,004104,0,2100,367
172755,104704,0,2202,386
172756,041104,0,2100,367
172756,041704,0,2202,386
172757,003104,0,1821,318
172757,103704,0,1823,319
172760,041104,0,2050,354
172760,041704,0,2152,373
172761,146104,0,2050,354
172761,046704,0,2152,373
172762,003104,0,2050,354
172762,103704,0,2152,373
172763,004104,0,2050,354
172763,104704,0,2152,373
172764,041104,0,2050,354
172764,041704,0,2152,373
172765,146104,0,2050,354
172765,046704,0,2152,373
172766,003104,0,2050,354
172766,103704,0,2152,373
172767,041104,0,2050,354
172767,041704,0,2152,373
172770,146104,0,2056,357
172770,046704,0,2158,376
172771,146104,0,2056,357
172771,046704,0,2158,376
172772,146104,0,2056,357
172772,046704,0,2158,376
172773,146104,0,2056,357
172773,046704,0,2158,376
172774,146104,0,2056,357
172774,046704,0,2158,376
172775,146104,0,2056,357
172775,046704,0,2158,376
172776,146104,0,2056,357
172776,046704,0,2158,376
172777,003104,0,2056,357
172777,103704,0,2158,376
174000,003104,0,1617,265
174000,103704,0,1660,272
174001,041104,0,1617,265
174001,041704,0,1660,272
174002,003104,0,1617,265
174002,103704,0,1660,272
174003,041104,0,1617,265
174003,041704,0,1660,272
174004,003104,0,1617,265
174004,103704,0,1660,272
174005,041104,0,1617,265
174005,041704,0,1660,272
174006,003104,0,1752,296
174006,103704,0,1754,297
174007,003104,0,1752,296
174007,103704,0,1754,297
174010,003104,0,1632,277
174010,103704,0,1716,292
174011,041104,0,1632,277
174011,041704,0,1716,292
174012,003104,0,1632,277
174012,103704,0,1716,292
174013,041104,0,1632,277
174013,041704,0,1716,292
174014,003104,0,1632,277
174014,103704,0,1716,292
174015,041104,0,1632,277
174015,041704,0,1716,292
174016,003104,0,1632,277
174016,103704,0,1716,292
174017,146104,0,1632,277
174017,046704,0,1716,292
174020,041104,0,1741,300
174020,041704,0,1825,315
174021,003104,0,1741,300
174021,103704,0,1825,315
174022,041104,0,1741,300
174022,041704,0,1825,315
174023,003104,0,1741,300
174023,103704,0,1825,315
174024,041104,0,1741,300
174024,041704,0,1825,315
174025,003104,0,1741,300
174025,103704,0,1825,315
174026,041104,0,1741,300
174026,041704,0,1825,315
174027,004104,0,1670,285
174027,104704,0,1672,286
174030,041104,0,1762,304
174030,041704,0,1846,319
174031,146104,0,1762,304
174031,046704,0,1846,319
174032,003104,0,1762,304
174032,103704,0,1846,319
174033,004104,0,1762,304
174033,104704,0,1846,319
174034,041104,0,1762,304
174034,041704,0,1846,319
174035,146104,0,1762,304
174035,046704,0,1846,319
174036,003104,0,1762,304
174036,103704,0,1846,319
174037,041104,0,1715,294
174037,041704,0,1799,309
174040,003104,0,1741,300
174040,103704,0,1825,315
174041,041104,0,1741,300
174041,041704,0,1825,315
174042,003104,0,1741,300
174042,103704,0,1825,315
174043,041104,0,1741,300
174043,041704,0,1825,315
174044,003104,0,1741,300
174044,103704,0,1825,315
174045,041104,0,1741,300
174045,041704,0,1825,315
174046,003104,0,1741,300
174046,103704,0,1825,315
174047,146104,0,1694,290
174047,046704,0,1778,305
174050,041104,0,1762,304
174050,041704,0,1846,319
174051,146104,0,1762,304
174051,046704,0,1846,319
174052,003104,0,1762,304
174052,103704,0,1846,319
174053,004104,0,1762,304
174053,104704,0,1846,319
174054,041104,0,1762,304
174054,041704,0,1846,319
174055,146104,0,1762,304
174055,046704,0,1846,319
174056,003104,0,1762,304
174056,103704,0,1846,319
174057,041104,0,1812,311
174057,041704,0,1814,312
174060,003104,0,1712,291
174060,103704,0,1796,306
174061,004104,0,1712,291
174061,104704,0,1796,306
174062,041104,0,1712,291
174062,041704,0,1796,306
174063,146104,0,1712,291
174063,046704,0,1796,306
174064,003104,0,1712,291
174064,103704,0,1796,306
174065,004104,0,1712,291
174065,104704,0,1796,306
174066,041104,0,1712,291
174066,041704,0,1796,306
174067,003104,0,1712,291
174067,103704,0,1796,306
174070,004104,0,1718,294
174070,104704,0,1802,309
174071,004104,0,1718,294
174071,104704,0,1802,309
174072,004104,0,1718,294
174072,104704,0,1802,309
174073,004104,0,1718,294
174073,104704,0,1802,309
174074,004104,0,1718,294
174074,104704,0,1802,309
174075,004104,0,1718,294
174075,104704,0,1802,309
174076,004104,0,1718,294
174076,104704,0,1802,309
174077,041104,0,1718,294
174077,041704,0,1802,309
174100,041104,0,1617,265
174100,041704,0,1660,272
174101,003104,0,1617,265
174101,103704,0,1660,272
174102,041104,0,1617,265
174102,041704,0,1660,272
174103,003104,0,1617,265
174103,103704,0,1660,272
174104,041104,0,1617,265
174104,041704,0,1660,272
174105,003104,0,1617,265
174105,103704,0,1660,272
174106,041104,0,1568,260
174106,041704,0,1570,261
174107,041104,0,1568,260
174107,041704,0,1570,261
174110,041104,0,1632,277
174110,041704,0,1716,292
174111,003104,0,1632,277
174111,103704,0,1716,292
174112,041104,0,1632,277
174112,041704,0,1716,292
174113,003104,0,1632,277
174113,103704,0,1716,292
174114,041104,0,1632,277
174114,041704,0,1716,292
174115,003104,0,1632,277
174115,103704,0,1716,292
174116,041104,0,1632,277
174116,041704,0,1716,292
174117,004104,0,1632,277
174117,104704,0,1716,292
174120,003104,0,1741,300
174120,103704,0,1825,315
174121,041104,0,1741,300
174121,041704,0,1825,315
174122,003104,0,1741,300
174122,103704,0,1825,315
174123,041104,0,1741,300
174123,041704,0,1825,315
174124,003104,0,1741,300
174124,103704,0,1825,315
174125,041104,0,1741,300
174125,041704,0,1825,315
174126,003104,0,1741,300
174126,103704,0,1825,315
174127,146104,0,1670,285
174127,046704,0,1672,286
174130,003104,0,1762,304
174130,103704,0,1846,319
174131,004104,0,1762,304
174131,104704,0,1846,319
174132,041104,0,1762,304
174132,041704,0,1846,319
174133,146104,0,1762,304
174133,046704,0,1846,319
174134,003104,0,1762,304
174134,103704,0,1846,319
174135,004104,0,1762,304
174135,104704,0,1846,319
174136,041104,0,1762,304
174136,041704,0,1846,319
174137,003104,0,1715,294
174137,103704,0,1799,309
174140,041104,0,1741,300
174140,041704,0,1825,315
174141,003104,0,1741,300
174141,103704,0,1825,315
174142,041104,0,1741,300
174142,041704,0,1825,315
174143,003104,0,1741,300
174143,103704,0,1825,315
174144,041104,0,1741,300
174144,041704,0,1825,315
174145,003104,0,1741,300
174145,103704,0,1825,315
174146,041104,0,1741,300
174146,041704,0,1825,315
174147,004104,0,1694,290
174147,104704,0,1778,305
174150,003104,0,1762,304
174150,103704,0,1846,319
174151,004104,0,1762,304
174151,104704,0,1846,319
174152,041104,0,1762,304
174152,041704,0,1846,319
174153,146104,0,1762,304
174153,046704,0,1846,319
174154,003104,0,1762,304
174154,103704,0,1846,319
174155,004104,0,1762,304
174155,104704,0,1846,319
174156,041104,0,1762,304
174156,041704,0,1846,319
174157,003104,0,1812,311
174157,103704,0,1814,312
174160,041104,0,1712,291
174160,041704,0,1796,306
174161,146104,0,1712,291
174161,046704,0,1796,306
174162,003104,0,1712,291
174162,103704,0,1796,306
174163,004104,0,1712,291
174163,104704,0,1796,306
174164,041104,0,1712,291
174164,041704,0,1796,306
174165,146104,0,1712,291
174165,046704,0,1796,306
174166,003104,0,1712,291
174166,103704,0,1796,306
174167,041104,0,1712,291
174167,041704,0,1796,306
174170,146104,0,1718,294
174170,046704,0,1802,309
174171,146104,0,1718,294
174171,046704,0,1802,309
174172,146104,0,1718,294
174172,046704,0,1802,309
174173,146104,0,1718,294
174173,046704,0,1802,309
174174,146104,0,1718,294
174174,046704,0,1802,309
174175,146104,0,1718,294
174175,046704,0,1802,309
174176,146104,0,1718,294
174176,046704,0,1802,309
174177,003104,0,1718,294
174177,103704,0,1802,309
174200,003104,0,1617,265
174200,103704,0,1660,272
174201,041104,0,1617,265
174201,041704,0,1660,272
174202,003104,0,1617,265
174202,103704,0,1660,272
174203,041104,0,1617,265
174203,041704,0,1660,272
174204,003104,0,1617,265
174204,103704,0,1660,272
174205,041104,0,1617,265
174205,041704,0,1660,272
174206,003104,0,1752,296
174206,103704,0,1754,297
174207,003104,0,1752,296
174207,103704,0,1754,297
174210,003104,0,1632,277
174210,103704,0,1716,292
174211,041104,0,1632,277
174211,041704,0,1716,292
174212,003104,0,1632,277
174212,103704,0,1716,292
174213,041104,0,1632,277
174213,041704,0,1716,292
174214,003104,0,1632,277
174214,103704,0,1716,292
174215,041104,0,1632,277
174215,041704,0,1716,292
174216,003104,0,1632,277
174216,103704,0,1716,292
174217,146104,0,1632,277
174217,046704,0,1716,292
174220,041104,0,1741,300
174220,041704,0,1825,315
174221,003104,0,1741,300
174221,103704,0,1825,315
174222,041104,0,1741,300
174222,041704,0,1825,315
174223,003104,0,1741,300
174223,103704,0,1825,315
174224,041104,0,1741,300
174224,041704,0,1825,315
174225,003104,0,1741,300
174225,103704,0,1825,315
174226,041104,0,1741,300
174226,041704,0,1825,315
174227,004104,0,1670,285
174227,104704,0,1672,286
174230,041104,0,1762,304
174230,041704,0,1846,319
174231,146104,0,1762,304
174231,046704,0,1846,319
174232,003104,0,1762,304
174232,103704,0,1846,319
174233,004104,0,1762,304
174233,104704,0,1846,319
174234,041104,0,1762,304
174234,041704,0,1846,319
174235,146104,0,1762,304
174235,046704,0,1846,319
174236,003104,0,1762,304
174236,103704,0,1846,319
174237,041104,0,1715,294
174237,041704,0,1799,309
174240,003104,0,1741,300
174240,103704,0,1825,315
174241,041104,0,1741,300
174241,041704,0,1825,315
174242,003104,0,1741,300
174242,103704,0,1825,315
174243,041104,0,1741,300
174243,041704,0,1825,315
174244,003104,0,1741,300
174244,103704,0,1825,315
174245,041104,0,1741,300
174245,041704,0,1825,315
174246,003104,0,1741,300
174246,103704,0,1825,315
174247,146104,0,1694,290
174247,046704,0,1778,305
174250,041104,0,1762,304
174250,041704,0,1846,319
174251,146104,0,1762,304
174251,046704,0,1846,319
174252,003104,0,1762,304
174252,103704,0,1846,319
174253,004104,0,1762,304
174253,104704,0,1846,319
174254,041104,0,1762,304
174254,041704,0,1846,319
174255,146104,0,1762,304
174255,046704,0,1846,319
174256,003104,0,1762,304
174256,103704,0,1846,319
174257,041104,0,1812,311
174257,041704,0,1814,312
174260,003104,0,1712,291
174260,103704,0,1796,306
174261,004104,0,1712,291
174261,104704,0,1796,306
174262,041104,0,1712,291
174262,041704,0,1796,306
174263,146104,0,1712,291
174263,046704,0,1796,306
174264,003104,0,1712,291
174264,103704,0,1796,306
174265,004104,0,1712,291
174265,104704,0,1796,306
174266,041104,0,1712,291
174266,041704,0,1796,306
174267,003104,0,1712,291
174267,103704,0,1796,306
174270,004104,0,1718,294
174270,104704,0,1802,309
174271,004104,0,1718,294
174271,104704,0,1802,309
174272,004104,0,1718,294
174272,104704,0,1802,309
174273,004104,0,1718,294
174273,104704,0,1802,309
174274,004104,0,1718,294
174274,104704,0,1802,309
174275,004104,0,1718,294
174275,104704,0,1802,309
174276,004104,0,1718,294
174276,104704,0,1802,309
174277,041104,0,1718,294
174277,041704,0,1802,309
174300,041104,0,1617,265
174300,041704,0,1660,272
174301,003104,0,1617,265
174301,103704,0,1660,272
174302,041104,0,1617,265
174302,041704,0,1660,272
174303,003104,0,1617,265
174303,103704,0,1660,272
174304,041104,0,1617,265
174304,041704,0,1660,272
174305,003104,0,1617,265
174305,103704,0,1660,272
174306,041104,0,1568,260
174306,041704,0,1570,261
174307,041104,0,1568,260
174307,041704,0,1570,261
174310,041104,0,1632,277
174310,041704,0,1716,292
174311,003104,0,1632,277
174311,103704,0,1716,292
174312,041104,0,1632,277
174312,041704,0,1716,292
174313,003104,0,1632,277
174313,103704,0,1716,292
174314,041104,0,1632,277
174314,041704,0,1716,292
174315,003104,0,1632,277
174315,103704,0,1716,292
174316,041104,0,1632,277
174316,041704,0,1716,292
174317,004104,0,1632,277
174317,104704,0,1716,292
174320,003104,0,1741,300
174320,103704,0,1825,315
174321,041104,0,1741,300
174321,041704,0,1825,315
174322,003104,0,1741,300
174322,103704,0,1825,315
174323,041104,0,1741,300
174323,041704,0,1825,315
174324,003104,0,1741,300
174324,103704,0,1825,315
174325,041104,0,1741,300
174325,041704,0,1825,315
174326,003104,0,1741,300
174326,103704,0,1825,315
174327,146104,0,1670,285
174327,046704,0,1672,286
174330,003104,0,1762,304
174330,103704,0,1846,319
174331,004104,0,1762,304
174331,104704,0,1846,319
174332,041104,0,1762,304
174332,041704,0,1846,319
174333,146104,0,1762,304
174333,046704,0,1846,319
174334,003104,0,1762,304
174334,103704,0,1846,319
174335,004104,0,1762,304
174335,104704,0,1846,319
174336,041104,0,1762,304
174336,041704,0,1846,319
174337,003104,0,1715,294
174337,103704,0,1799,309
174340,041104,0,1741,300
174340,041704,0,1825,315
174341,003104,0,1741,300
174341,103704,0,1825,315
174342,041104,0,1741,300
174342,041704,0,1825,315
174343,003104,0,1741,300
174343,103704,0,1825,315
174344,041104,0,1741,300
174344,041704,0,1825,315
174345,003104,0,1741,300
174345,103704,0,1825,315
174346,041104,0,1741,300
174346,041704,0,1825,315
174347,004104,0,1694,290
174347,104704,0,1778,305
174350,003104,0,1762,304
174350,103704,0,1846,319
174351,004104,0,1762,304
174351,104704,0,1846,319
174352,041104,0,1762,304
174352,041704,0,1846,319
174353,146104,0,1762,304
174353,046704,0,1846,319
174354,003104,0,1762,304
174354,103704,0,1846,319
174355,004104,0,1762,304
174355,104704,0,1846,319
174356,041104,0,1762,304
174356,041704,0,1846,319
174357,003104,0,1812,311
174357,103704,0,1814,312
174360,041104,0,1712,291
174360,041704,0,1796,306
174361,146104,0,1712,291
174361,046704,0,1796,306
174362,003104,0,1712,291
174362,103704,0,1796,306
174363,004104,0,1712,291
174363,104704,0,1796,306
174364,041104,0,1712,291
174364,041704,0,1796,306
174365,146104,0,1712,291
174365,046704,0,1796,306
174366,003104,0,1712,291
174366,103704,0,1796,306
174367,041104,0,1712,291
174367,041704,0,1796,306
174370,146104,0,1718,294
174370,046704,0,1802,309
174371,146104,0,1718,294
174371,046704,0,1802,309
174372,146104,0,1718,294
174372,046704,0,1802,309
174373,146104,0,1718,294
174373,046704,0,1802,309
174374,146104,0,1718,294
174374,046704,0,1802,309
174375,146104,0,1718,294
174375,046704,0,1802,309
174376,146104,0,1718,294
174376,046704,0,1802,309
174377,003104,0,1718,294
174377,103704,0,1802,309
173400,003104,0,2248,393
173400,103704,0,2394,420
173401,041104,0,2113,366
173401,041704,0,2083,362
173402,003104,0,2113,366
173402,103704,0,2083,362
173403,041104,0,2113,366
173403,041704,0,2083,362
173404,003104,0,2113,366
173404,103704,0,2083,362
173405,041104,0,2113,366
173405,041704,0,2083,362
173406,003104,0,1708,290
173406,103704,0,1710,291
173407,003104,0,1708,290
173407,103704,0,1710,291
173410,003104,0,2025,355
173410,103704,0,1995,353
173411,041104,0,2025,355
173411,041704,0,1995,353
173412,003104,0,2025,355
173412,103704,0,1995,353
173413,041104,0,2025,355
173413,041704,0,1995,353
173414,003104,0,2025,355
173414,103704,0,1995,353
173415,041104,0,2025,355
173415,041704,0,1995,353
173416,003104,0,2025,355
173416,103704,0,1995,353
173417,146104,0,1943,342
173417,046704,0,2077,366
173420,041104,0,2134,378
173420,041704,0,2104,376
173421,003104,0,2134,378
173421,103704,0,2104,376
173422,041104,0,2134,378
173422,041704,0,2104,376
173423,003104,0,2134,378
173423,103704,0,2104,376
173424,041104,0,2134,378
173424,041704,0,2104,376
173425,003104,0,2134,378
173425,103704,0,2104,376
173426,041104,0,2134,378
173426,041704,0,2104,376
173427,004104,0,1997,352
173427,104704,0,2081,366
173430,041104,0,2155,382
173430,041704,0,2125,380
173431,146104,0,2073,369
173431,046704,0,2207,393
173432,003104,0,2155,382
173432,103704,0,2125,380
173433,004104,0,2073,369
173433,104704,0,2207,393
173434,041104,0,2155,382
173434,041704,0,2125,380
173435,146104,0,2073,369
173435,046704,0,2207,393
173436,003104,0,2155,382
173436,103704,0,2125,380
173437,041104,0,2108,372
173437,041704,0,2078,370
173440,003104,0,2134,378
173440,103704,0,2104,376
173441,041104,0,2134,378
173441,041704,0,2104,376
173442,003104,0,2134,378
173442,103704,0,2104,376
173443,041104,0,2134,378
173443,041704,0,2104,376
173444,003104,0,2134,378
173444,103704,0,2104,376
173445,041104,0,2134,378
173445,041704,0,2104,376
173446,003104,0,2134,378
173446,103704,0,2104,376
173447,146104,0,2005,355
173447,046704,0,2139,379
173450,041104,0,2155,382
173450,041704,0,2125,380
173451,146104,0,2073,369
173451,046704,0,2207,393
173452,003104,0,2155,382
173452,103704,0,2125,380
173453,004104,0,2073,369
173453,104704,0,2207,393
173454,041104,0,2155,382
173454,041704,0,2125,380
173455,146104,0,2073,369
173455,046704,0,2207,393
173456,003104,0,2155,382
173456,103704,0,2125,380
173457,041104,0,1799,315
173457,041704,0,1801,316
173460,003104,0,2105,369
173460,103704,0,2075,367
173461,004104,0,2023,356
173461,104704,0,2157,380
173462,041104,0,2105,369
173462,041704,0,2075,367
173463,146104,0,2023,356
173463,046704,0,2157,380
173464,003104,0,2105,369
173464,103704,0,2075,367
173465,004104,0,2023,356
173465,104704,0,2157,380
173466,041104,0,2105,369
173466,041704,0,2075,367
173467,003104,0,2105,369
173467,103704,0,2075,367
173470,004104,0,2029,359
173470,104704,0,2163,383
173471,004104,0,2029,359
173471,104704,0,2163,383
173472,004104,0,2029,359
173472,104704,0,2163,383
173473,004104,0,2029,359
173473,104704,0,2163,383
173474,004104,0,2029,359
173474,104704,0,2163,383
173475,004104,0,2029,359
173475,104704,0,2163,383
173476,004104,0,2029,359
173476,104704,0,2163,383
173477,041104,0,2111,372
173477,041704,0,2081,370
173500,041104,0,2113,366
173500,041704,0,2165,375
173501,003104,0,2248,393
173501,103704,0,2394,420
173502,041104,0,2113,366
173502,041704,0,2165,375
173503,003104,0,2031,353
173503,103704,0,2165,375
173504,041104,0,2113,366
173504,041704,0,2165,375
173505,003104,0,2031,353
173505,103704,0,2165,375
173506,041104,0,1524,254
173506,041704,0,1526,255
173507,041104,0,1524,254
173507,041704,0,1526,255
173510,041104,0,2025,355
173510,041704,0,2077,366
173511,003104,0,1943,342
173511,103704,0,2077,366
173512,041104,0,2025,355
173512,041704,0,2077,366
173513,003104,0,1943,342
173513,103704,0,2077,366
173514,041104,0,2025,355
173514,041704,0,2077,366
173515,003104,0,1943,342
173515,103704,0,2077,366
173516,041104,0,2025,355
173516,041704,0,2077,366
173517,004104,0,2025,355
173517,104704,0,1995,353
173520,003104,0,2052,365
173520,103704,0,2186,389
173521,041104,0,2134,378
173521,041704,0,2186,389
173522,003104,0,2052,365
173522,103704,0,2186,389
173523,041104,0,2134,378
173523,041704,0,2186,389
173524,003104,0,2052,365
173524,103704,0,2186,389
173525,041104,0,2134,378
173525,041704,0,2186,389
173526,003104,0,2052,365
173526,103704,0,2186,389
173527,146104,0,1997,352
173527,046704,0,2081,366
173530,003104,0,2073,369
173530,103704,0,2207,393
173531,004104,0,2155,382
173531,104704,0,2125,380
173532,041104,0,2155,382
173532,041704,0,2207,393
173533,146104,0,2073,369
173533,046704,0,2207,393
173534,003104,0,2073,369
173534,103704,0,2207,393
173535,004104,0,2155,382
173535,104704,0,2125,380
173536,041104,0,2155,382
173536,041704,0,2207,393
173537,003104,0,2026,359
173537,103704,0,2160,383
173540,041104,0,2134,378
173540,041704,0,2186,389
173541,003104,0,2052,365
173541,103704,0,2186,389
173542,041104,0,2134,378
173542,041704,0,2186,389
173543,003104,0,2052,365
173543,103704,0,2186,389
173544,041104,0,2134,378
173544,041704,0,2186,389
173545,003104,0,2052,365
173545,103704,0,2186,389
173546,041104,0,2134,378
173546,041704,0,2186,389
173547,004104,0,2087,368
173547,104704,0,2057,366
173550,003104,0,2073,369
173550,103704,0,2207,393
173551,004104,0,2155,382
173551,104704,0,2125,380
173552,041104,0,2155,382
173552,041704,0,2207,393
173553,146104,0,2073,369
173553,046704,0,2207,393
173554,003104,0,2073,369
173554,103704,0,2207,393
173555,004104,0,2155,382
173555,104704,0,2125,380
173556,041104,0,2155,382
173556,041704,0,2207,393
173557,003104,0,1799,315
173557,103704,0,1801,316
173560,041104,0,2105,369
173560,041704,0,2157,380
173561,146104,0,2023,356
173561,046704,0,2157,380
173562,003104,0,2023,356
173562,103704,0,2157,380
173563,004104,0,2105,369
173563,104704,0,2075,367
173564,041104,0,2105,369
173564,041704,0,2157,380
173565,146104,0,2023,356
173565,046704,0,2157,380
173566,003104,0,2023,356
173566,103704,0,2157,380
173567,041104,0,2105,369
173567,041704,0,2157,380
173570,146104,0,2029,359
173570,046704,0,2163,383
173571,146104,0,2029,359
173571,046704,0,2163,383
173572,146104,0,2029,359
173572,046704,0,2163,383
173573,146104,0,2029,359
173573,046704,0,2163,383
173574,146104,0,2029,359
173574,046704,0,2163,383
173575,146104,0,2029,359
173575,046704,0,2163,383
173576,146104,0,2029,359
173576,046704,0,2163,383
173577,003104,0,2029,359
173577,103704,0,2163,383
173600,003104,0,2113,366
173600,103704,0,2083,362
173601,041104,0,2031,353
173601,041704,0,2083,362
173602,003104,0,2248,393
173602,103704,0,2394,420
173603,041104,0,2031,353
173603,041704,0,2083,362
173604,003104,0,2113,366
173604,103704,0,2083,362
173605,041104,0,2031,353
173605,041704,0,2083,362
173606,003104,0,1708,290
173606,103704,0,1710,291
173607,003104,0,1708,290
173607,103704,0,1710,291
173610,003104,0,2025,355
173610,103704,0,1995,353
173611,041104,0,1943,342
173611,041704,0,1995,353
173612,003104,0,2025,355
173612,103704,0,1995,353
173613,041104,0,1943,342
173613,041704,0,1995,353
173614,003104,0,2025,355
173614,103704,0,1995,353
173615,041104,0,1943,342
173615,041704,0,1995,353
173616,003104,0,2025,355
173616,103704,0,1995,353
173617,146104,0,2025,355
173617,046704,0,2077,366
173620,041104,0,2052,365
173620,041704,0,2104,376
173621,003104,0,2134,378
173621,103704,0,2104,376
173622,041104,0,2052,365
173622,041704,0,2104,376
173623,003104,0,2134,378
173623,103704,0,2104,376
173624,041104,0,2052,365
173624,041704,0,2104,376
173625,003104,0,2134,378
173625,103704,0,2104,376
173626,041104,0,2052,365
173626,041704,0,2104,376
173627,004104,0,1997,352
173627,104704,0,1999,353
173630,041104,0,2073,369
173630,041704,0,2125,380
173631,146104,0,2155,382
173631,046704,0,2207,393
173632,003104,0,2155,382
173632,103704,0,2125,380
173633,004104,0,2073,369
173633,104704,0,2125,380
173634,041104,0,2073,369
173634,041704,0,2125,380
173635,146104,0,2155,382
173635,046704,0,2207,393
173636,003104,0,2155,382
173636,103704,0,2125,380
173637,041104,0,2026,359
173637,041704,0,2078,370
173640,003104,0,2134,378
173640,103704,0,2104,376
173641,041104,0,2052,365
173641,041704,0,2104,376
173642,003104,0,2134,378
173642,103704,0,2104,376
173643,041104,0,2052,365
173643,041704,0,2104,376
173644,003104,0,2134,378
173644,103704,0,2104,376
173645,041104,0,2052,365
173645,041704,0,2104,376
173646,003104,0,2134,378
173646,103704,0,2104,376
173647,146104,0,2087,368
173647,046704,0,2139,379
173650,041104,0,2073,369
173650,041704,0,2125,380
173651,146104,0,2155,382
173651,046704,0,2207,393
173652,003104,0,2155,382
173652,103704,0,2125,380
173653,004104,0,2073,369
173653,104704,0,2125,380
173654,041104,0,2073,369
173654,041704,0,2125,380
173655,146104,0,2155,382
173655,046704,0,2207,393
173656,003104,0,2155,382
173656,103704,0,2125,380
173657,041104,0,1799,315
173657,041704,0,1801,316
173660,003104,0,2105,369
173660,103704,0,2075,367
173661,004104,0,2023,356
173661,104704,0,2075,367
173662,041104,0,2023,356
173662,041704,0,2075,367
173663,146104,0,2105,369
173663,046704,0,2157,380
173664,003104,0,2105,369
173664,103704,0,2075,367
173665,004104,0,2023,356
173665,104704,0,2075,367
173666,041104,0,2023,356
173666,041704,0,2075,367
173667,003104,0,2105,369
173667,103704,0,2075,367
173670,004104,0,2029,359
173670,104704,0,2081,370
173671,004104,0,2029,359
173671,104704,0,2081,370
173672,004104,0,2029,359
173672,104704,0,2081,370
173673,004104,0,2029,359
173673,104704,0,2081,370
173674,004104,0,2029,359
173674,104704,0,2081,370
173675,004104,0,2029,359
173675,104704,0,2081,370
173676,004104,0,2029,359
173676,104704,0,2081,370
173677,041104,0,2029,359
173677,041704,0,2081,370
173700,041104,0,2031,353
173700,041704,0,2165,375
173701,003104,0,2031,353
173701,103704,0,2083,362
173702,041104,0,2031,353
173702,041704,0,2165,375
173703,003104,0,2248,393
173703,103704,0,2394,420
173704,041104,0,2031,353
173704,041704,0,2165,375
173705,003104,0,2031,353
173705,103704,0,2083,362
173706,041104,0,1524,254
173706,041704,0,1526,255
173707,041104,0,1524,254
173707,041704,0,1526,255
173710,041104,0,1943,342
173710,041704,0,2077,366
173711,003104,0,1943,342
173711,103704,0,1995,353
173712,041104,0,1943,342
173712,041704,0,2077,366
173713,003104,0,1943,342
173713,103704,0,1995,353
173714,041104,0,1943,342
173714,041704,0,2077,366
173715,003104,0,1943,342
173715,103704,0,1995,353
173716,041104,0,1943,342
173716,041704,0,2077,366
173717,004104,0,1943,342
173717,104704,0,1995,353
173720,003104,0,2052,365
173720,103704,0,2104,376
173721,041104,0,2052,365
173721,041704,0,2186,389
173722,003104,0,2052,365
173722,103704,0,2104,376
173723,041104,0,2052,365
173723,041704,0,2186,389
173724,003104,0,2052,365
173724,103704,0,2104,376
173725,041104,0,2052,365
173725,041704,0,2186,389
173726,003104,0,2052,365
173726,103704,0,2104,376
173727,146104,0,2079,365
173727,046704,0,2081,366
173730,003104,0,2073,369
173730,103704,0,2125,380
173731,004104,0,2073,369
173731,104704,0,2125,380
173732,041104,0,2073,369
173732,041704,0,2207,393
173733,146104,0,2155,382
173733,046704,0,2207,393
173734,003104,0,2073,369
173734,103704,0,2125,380
173735,004104,0,2073,369
173735,104704,0,2125,380
173736,041104,0,2073,369
173736,041704,0,2207,393
173737,003104,0,2026,359
173737,103704,0,2078,370
173740,041104,0,2052,365
173740,041704,0,2186,389
173741,003104,0,2052,365
173741,103704,0,2104,376
173742,041104,0,2052,365
173742,041704,0,2186,389
173743,003104,0,2052,365
173743,103704,0,2104,376
173744,041104,0,2052,365
173744,041704,0,2186,389
173745,003104,0,2052,365
173745,103704,0,2104,376
173746,041104,0,2052,365
173746,041704,0,2186,389
173747,004104,0,2005,355
173747,104704,0,2057,366
173750,003104,0,2073,369
173750,103704,0,2125,380
173751,004104,0,2073,369
173751,104704,0,2125,380
173752,041104,0,2073,369
173752,041704,0,2207,393
173753,146104,0,2155,382
173753,046704,0,2207,393
173754,003104,0,2073,369
173754,103704,0,2125,380
173755,004104,0,2073,369
173755,104704,0,2125,380
173756,041104,0,2073,369
173756,041704,0,2207,393
173757,003104,0,1799,315
173757,103704,0,1801,316
173760,041104,0,2023,356
173760,041704,0,2157,380
173761,146104,0,2105,369
173761,046704,0,2157,380
173762,003104,0,2023,356
173762,103704,0,2075,367
173763,004104,0,2023,356
173763,104704,0,2075,367
173764,041104,0,2023,356
173764,041704,0,2157,380
173765,146104,0,2105,369
173765,046704,0,2157,380
173766,003104,0,2023,356
173766,103704,0,2075,367
173767,041104,0,2023,356
173767,041704,0,2157,380
173770,146104,0,2111,372
173770,046704,0,2163,383
173771,146104,0,2111,372
173771,046704,0,2163,383
173772,146104,0,2111,372
173772,046704,0,2163,383
173773,146104,0,2111,372
173773,046704,0,2163,383
173774,146104,0,2111,372
173774,046704,0,2163,383
173775,146104,0,2111,372
173775,046704,0,2163,383
173776,146104,0,2111,372
173776,046704,0,2163,383
173777,003104,0,2029,359
173777,103704,0,2081,370
172000,000104,0,3225,564
172000,100704,0,3411,595
172001,040104,0,4136,825
172001,040704,0,4348,861
172002,000104,0,4136,825
172002,100704,0,4348,861
172003,040104,0,4136,825
172003,040704,0,4348,861
172004,000104,0,4136,825
172004,100704,0,4348,861
172005,040104,0,4136,825
172005,040704,0,4348,861
172006,000104,0,1774,299
172006,100704,0,1776,300
172007,000104,0,1774,299
172007,100704,0,1776,300
172010,000104,0,4048,814
172010,100704,0,4260,852
172011,040104,0,4048,814
172011,040704,0,4260,852
172012,000104,0,4048,814
172012,100704,0,4260,852
172013,040104,0,4048,814
172013,040704,0,4260,852
172014,000104,0,4048,814
172014,100704,0,4260,852
172015,040104,0,4048,814
172015,040704,0,4260,852
172016,000104,0,4048,814
172016,100704,0,4260,852
172017,144104,0,4074,819
172017,044704,0,4234,847
172020,040104,0,4157,837
172020,040704,0,4369,875
172021,000104,0,4157,837
172021,100704,0,4369,875
172022,040104,0,4157,837
172022,040704,0,4369,875
172023,000104,0,4157,837
172023,100704,0,4369,875
172024,040104,0,4157,837
172024,040704,0,4369,875
172025,000104,0,4157,837
172025,100704,0,4369,875
172026,040104,0,4157,837
172026,040704,0,4369,875
172027,004104,0,4128,829
172027,104704,0,4238,847
172030,040104,0,4178,841
172030,040704,0,4390,879
172031,144104,0,4204,846
172031,044704,0,4364,874
172032,000104,0,4178,841
172032,100704,0,4390,879
172033,004104,0,4204,846
172033,104704,0,4364,874
172034,040104,0,4178,841
172034,040704,0,4390,879
172035,144104,0,4204,846
172035,044704,0,4364,874
172036,000104,0,4178,841
172036,100704,0,4390,879
172037,040104,0,4131,831
172037,040704,0,4343,869
172040,000104,0,4157,837
172040,100704,0,4369,875
172041,040104,0,4157,837
172041,040704,0,4369,875
172042,000104,0,4157,837
172042,100704,0,4369,875
172043,040104,0,4157,837
172043,040704,0,4369,875
172044,000104,0,4157,837
172044,100704,0,4369,875
172045,040104,0,4157,837
172045,040704,0,4369,875
172046,000104,0,4157,837
172046,100704,0,4369,875
172047,144104,0,4136,832
172047,044704,0,4296,860
172050,040104,0,4178,841
172050,040704,0,4390,879
172051,144104,0,4204,846
172051,044704,0,4364,874
172052,000104,0,4178,841
172052,100704,0,4390,879
172053,004104,0,4204,846
172053,104704,0,4364,874
172054,040104,0,4178,841
172054,040704,0,4390,879
172055,144104,0,4204,846
172055,044704,0,4364,874
172056,000104,0,4178,841
172056,100704,0,4390,879
172057,040104,0,1865,324
172057,040704,0,1867,325
172060,000104,0,4128,828
172060,100704,0,4340,866
172061,004104,0,4154,833
172061,104704,0,4314,861
172062,040104,0,4128,828
172062,040704,0,4340,866
172063,144104,0,4154,833
172063,044704,0,4314,861
172064,000104,0,4128,828
172064,100704,0,4340,866
172065,004104,0,4154,833
172065,104704,0,4314,861
172066,040104,0,4128,828
172066,040704,0,4340,866
172067,000104,0,4128,828
172067,100704,0,4340,866
172070,004104,0,4160,836
172070,104704,0,4320,864
172071,004104,0,4160,836
172071,104704,0,4320,864
172072,004104,0,4160,836
172072,104704,0,4320,864
172073,004104,0,4160,836
172073,104704,0,4320,864
172074,004104,0,4160,836
172074,104704,0,4320,864
172075,004104,0,4160,836
172075,104704,0,4320,864
172076,004104,0,4160,836
172076,104704,0,4320,864
172077,040104,0,4134,831
172077,040704,0,4346,869
172100,040104,0,4136,825
172100,040704,0,4322,856
172101,000104,0,3225,564
172101,100704,0,3411,595
172102,040104,0,4136,825
172102,040704,0,4322,856
172103,000104,0,4162,830
172103,100704,0,4322,856
172104,040104,0,4136,825
172104,040704,0,4322,856
172105,000104,0,4162,830
172105,100704,0,4322,856
172106,040104,0,1590,263
172106,040704,0,1592,264
172107,040104,0,1590,263
172107,040704,0,1592,264
172110,040104,0,4048,814
172110,040704,0,4234,847
172111,000104,0,4074,819
172111,100704,0,4234,847
172112,040104,0,4048,814
172112,040704,0,4234,847
172113,000104,0,4074,819
172113,100704,0,4234,847
172114,040104,0,4048,814
172114,040704,0,4234,847
172115,000104,0,4074,819
172115,100704,0,4234,847
172116,040104,0,4048,814
172116,040704,0,4234,847
172117,004104,0,4048,814
172117,104704,0,4260,852
172120,000104,0,4183,842
172120,100704,0,4343,870
172121,040104,0,4157,837
172121,040704,0,4343,870
172122,000104,0,4183,842
172122,100704,0,4343,870
172123,040104,0,4157,837
172123,040704,0,4343,870
172124,000104,0,4183,842
172124,100704,0,4343,870
172125,040104,0,4157,837
172125,040704,0,4343,870
172126,000104,0,4183,842
172126,100704,0,4343,870
172127,144104,0,4128,829
172127,044704,0,4238,847
172130,000104,0,4204,846
172130,100704,0,4364,874
172131,004104,0,4178,841
172131,104704,0,4390,879
172132,040104,0,4178,841
172132,040704,0,4364,874
172133,144104,0,4204,846
172133,044704,0,4364,874
172134,000104,0,4204,846
172134,100704,0,4364,874
172135,004104,0,4178,841
172135,104704,0,4390,879
172136,040104,0,4178,841
172136,040704,0,4364,874
172137,000104,0,4157,836
172137,100704,0,4317,864
172140,040104,0,4157,837
172140,040704,0,4343,870
172141,000104,0,4183,842
172141,100704,0,4343,870
172142,040104,0,4157,837
172142,040704,0,4343,870
172143,000104,0,4183,842
172143,100704,0,4343,870
172144,040104,0,4157,837
172144,040704,0,4343,870
172145,000104,0,4183,842
172145,100704,0,4343,870
172146,040104,0,4157,837
172146,040704,0,4343,870
172147,004104,0,4110,827
172147,104704,0,4322,865
172150,000104,0,4204,846
172150,100704,0,4364,874
172151,004104,0,4178,841
172151,104704,0,4390,879
172152,040104,0,4178,841
172152,040704,0,4364,874
172153,144104,0,4204,846
172153,044704,0,4364,874
172154,000104,0,4204,846
172154,100704,0,4364,874
172155,004104,0,4178,841
172155,104704,0,4390,879
172156,040104,0,4178,841
172156,040704,0,4364,874
172157,000104,0,1865,324
172157,100704,0,1867,325
172160,040104,0,4128,828
172160,040704,0,4314,861
172161,144104,0,4154,833
172161,044704,0,4314,861
172162,000104,0,4154,833
172162,100704,0,4314,861
172163,004104,0,4128,828
172163,104704,0,4340,866
172164,040104,0,4128,828
172164,040704,0,4314,861
172165,144104,0,4154,833
172165,044704,0,4314,861
172166,000104,0,4154,833
172166,100704,0,4314,861
172167,040104,0,4128,828
172167,040704,0,4314,861
172170,144104,0,4160,836
172170,044704,0,4320,864
172171,144104,0,4160,836
172171,044704,0,4320,864
172172,144104,0,4160,836
172172,044704,0,4320,864
172173,144104,0,4160,836
172173,044704,0,4320,864
172174,144104,0,4160,836
172174,044704,0,4320,864
172175,144104,0,4160,836
172175,044704,0,4320,864
172176,144104,0,4160,836
172176,044704,0,4320,864
172177,000104,0,4160,836
172177,100704,0,4320,864
172200,000104,0,4136,825
172200,100704,0,4348,861
172201,040104,0,4162,830
172201,040704,0,4348,861
172202,000104,0,3225,564
172202,100704,0,3411,595
172203,040104,0,4162,830
172203,040704,0,4348,861
172204,000104,0,4136,825
172204,100704,0,4348,861
172205,040104,0,4162,830
172205,040704,0,4348,861
172206,000104,0,1774,299
172206,100704,0,1776,300
172207,000104,0,1774,299
172207,100704,0,1776,300
172210,000104,0,4048,814
172210,100704,0,4260,852
172211,040104,0,4074,819
172211,040704,0,4260,852
172212,000104,0,4048,814
172212,100704,0,4260,852
172213,040104,0,4074,819
172213,040704,0,4260,852
172214,000104,0,4048,814
172214,100704,0,4260,852
172215,040104,0,4074,819
172215,040704,0,4260,852
172216,000104,0,4048,814
172216,100704,0,4260,852
172217,144104,0,4048,814
172217,044704,0,4234,847
172220,040104,0,4183,842
172220,040704,0,4369,875
172221,000104,0,4157,837
172221,100704,0,4369,875
172222,040104,0,4183,842
172222,040704,0,4369,875
172223,000104,0,4157,837
172223,100704,0,4369,875
172224,040104,0,4183,842
172224,040704,0,4369,875
172225,000104,0,4157,837
172225,100704,0,4369,875
172226,040104,0,4183,842
172226,040704,0,4369,875
172227,004104,0,4128,829
172227,104704,0,4264,852
172230,040104,0,4204,846
172230,040704,0,4390,879
172231,144104,0,4178,841
172231,044704,0,4364,874
172232,000104,0,4178,841
172232,100704,0,4390,879
172233,004104,0,4204,846
172233,104704,0,4390,879
172234,040104,0,4204,846
172234,040704,0,4390,879
172235,144104,0,4178,841
172235,044704,0,4364,874
172236,000104,0,4178,841
172236,100704,0,4390,879
172237,040104,0,4157,836
172237,040704,0,4343,869
172240,000104,0,4157,837
172240,100704,0,4369,875
172241,040104,0,4183,842
172241,040704,0,4369,875
172242,000104,0,4157,837
172242,100704,0,4369,875
172243,040104,0,4183,842
172243,040704,0,4369,875
172244,000104,0,4157,837
172244,100704,0,4369,875
172245,040104,0,4183,842
172245,040704,0,4369,875
172246,000104,0,4157,837
172246,100704,0,4369,875
172247,144104,0,4110,827
172247,044704,0,4296,860
172250,040104,0,4204,846
172250,040704,0,4390,879
172251,144104,0,4178,841
172251,044704,0,4364,874
172252,000104,0,4178,841
172252,100704,0,4390,879
172253,004104,0,4204,846
172253,104704,0,4390,879
172254,040104,0,4204,846
172254,040704,0,4390,879
172255,144104,0,4178,841
172255,044704,0,4364,874
172256,000104,0,4178,841
172256,100704,0,4390,879
172257,040104,0,1865,324
172257,040704,0,1867,325
172260,000104,0,4128,828
172260,100704,0,4340,866
172261,004104,0,4154,833
172261,104704,0,4340,866
172262,040104,0,4154,833
172262,040704,0,4340,866
172263,144104,0,4128,828
172263,044704,0,4314,861
172264,000104,0,4128,828
172264,100704,0,4340,866
172265,004104,0,4154,833
172265,104704,0,4340,866
172266,040104,0,4154,833
172266,040704,0,4340,866
172267,000104,0,4128,828
172267,100704,0,4340,866
172270,004104,0,4160,836
172270,104704,0,4346,869
172271,004104,0,4160,836
172271,104704,0,4346,869
172272,004104,0,4160,836
172272,104704,0,4346,869
172273,004104,0,4160,836
172273,104704,0,4346,869
172274,004104,0,4160,836
172274,104704,0,4346,869
172275,004104,0,4160,836
172275,104704,0,4346,869
172276,004104,0,4160,836
172276,104704,0,4346,869
172277,040104,0,4160,836
172277,040704,0,4346,869
172300,040104,0,4162,830
172300,040704,0,4322,856
172301,000104,0,4162,830
172301,100704,0,4348,861
172302,040104,0,4162,830
172302,040704,0,4322,856
172303,000104,0,3225,564
172303,100704,0,3411,595
172304,040104,0,4162,830
172304,040704,0,4322,856
172305,000104,0,4162,830
172305,100704,0,4348,861
172306,040104,0,1590,263
172306,040704,0,1592,264
172307,040104,0,1590,263
172307,040704,0,1592,264
172310,040104,0,4074,819
172310,040704,0,4234,847
172311,000104,0,4074,819
172311,100704,0,4260,852
172312,040104,0,4074,819
172312,040704,0,4234,847
172313,000104,0,4074,819
172313,100704,0,4260,852
172314,040104,0,4074,819
172314,040704,0,4234,847
172315,000104,0,4074,819
172315,100704,0,4260,852
172316,040104,0,4074,819
172316,040704,0,4234,847
172317,004104,0,4074,819
172317,104704,0,4260,852
172320,000104,0,4183,842
172320,100704,0,4369,875
172321,040104,0,4183,842
172321,040704,0,4343,870
172322,000104,0,4183,842
172322,100704,0,4369,875
172323,040104,0,4183,842
172323,040704,0,4343,870
172324,000104,0,4183,842
172324,100704,0,4369,875
172325,040104,0,4183,842
172325,040704,0,4343,870
172326,000104,0,4183,842
172326,100704,0,4369,875
172327,144104,0,4102,824
172327,044704,0,4238,847
172330,000104,0,4204,846
172330,100704,0,4390,879
172331,004104,0,4204,846
172331,104704,0,4390,879
172332,040104,0,4204,846
172332,040704,0,4364,874
172333,144104,0,4178,841
172333,044704,0,4364,874
172334,000104,0,4204,846
172334,100704,0,4390,879
172335,004104,0,4204,846
172335,104704,0,4390,879
172336,040104,0,4204,846
172336,040704,0,4364,874
172337,000104,0,4157,836
172337,100704,0,4343,869
172340,040104,0,4183,842
172340,040704,0,4343,870
172341,000104,0,4183,842
172341,100704,0,4369,875
172342,040104,0,4183,842
172342,040704,0,4343,870
172343,000104,0,4183,842
172343,100704,0,4369,875
172344,040104,0,4183,842
172344,040704,0,4343,870
172345,000104,0,4183,842
172345,100704,0,4369,875
172346,040104,0,4183,842
172346,040704,0,4343,870
172347,004104,0,4136,832
172347,104704,0,4322,865
172350,000104,0,4204,846
172350,100704,0,4390,879
172351,004104,0,4204,846
172351,104704,0,4390,879
172352,040104,0,4204,846
172352,040704,0,4364,874
172353,144104,0,4178,841
172353,044704,0,4364,874
172354,000104,0,4204,846
172354,100704,0,4390,879
172355,004104,0,4204,846
172355,104704,0,4390,879
172356,040104,0,4204,846
172356,040704,0,4364,874
172357,000104,0,1865,324
172357,100704,0,1867,325
172360,040104,0,4154,833
172360,040704,0,4314,861
172361,144104,0,4128,828
172361,044704,0,4314,861
172362,000104,0,4154,833
172362,100704,0,4340,866
172363,004104,0,4154,833
172363,104704,0,4340,866
172364,040104,0,4154,833
172364,040704,0,4314,861
172365,144104,0,4128,828
172365,044704,0,4314,861
172366,000104,0,4154,833
172366,100704,0,4340,866
172367,040104,0,4154,833
172367,040704,0,4314,861
172370,144104,0,4134,831
172370,044704,0,4320,864
172371,144104,0,4134,831
172371,044704,0,4320,864
172372,144104,0,4134,831
172372,044704,0,4320,864
172373,144104,0,4134,831
172373,044704,0,4320,864
172374,144104,0,4134,831
172374,044704,0,4320,864
172375,144104,0,4134,831
172375,044704,0,4320,864
172376,144104,0,4134,831
172376,044704,0,4320,864
172377,000104,0,4160,836
172377,100704,0,4346,869
173000,000104,0,3283,574
173000,100704,0,3469,605
173001,040104,0,4194,835
173001,040704,0,4406,871
173002,000104,0,4194,835
173002,100704,0,4406,871
173003,040104,0,4194,835
173003,040704,0,4406,871
173004,000104,0,4194,835
173004,100704,0,4406,871
173005,040104,0,4194,835
173005,040704,0,4406,871
173006,000104,0,1796,302
173006,100704,0,1798,303
173007,000104,0,1796,302
173007,100704,0,1798,303
173010,000104,0,4106,824
173010,100704,0,4318,862
173011,040104,0,4106,824
173011,040704,0,4318,862
173012,000104,0,4106,824
173012,100704,0,4318,862
173013,040104,0,4106,824
173013,040704,0,4318,862
173014,000104,0,4106,824
173014,100704,0,4318,862
173015,040104,0,4106,824
173015,040704,0,4318,862
173016,000104,0,4106,824
173016,100704,0,4318,862
173017,144104,0,4132,829
173017,044704,0,4292,857
173020,040104,0,4215,847
173020,040704,0,4427,885
173021,000104,0,4215,847
173021,100704,0,4427,885
173022,040104,0,4215,847
173022,040704,0,4427,885
173023,000104,0,4215,847
173023,100704,0,4427,885
173024,040104,0,4215,847
173024,040704,0,4427,885
173025,000104,0,4215,847
173025,100704,0,4427,885
173026,040104,0,4215,847
173026,040704,0,4427,885
173027,004104,0,4186,839
173027,104704,0,4296,857
173030,040104,0,4236,851
173030,040704,0,4448,889
173031,144104,0,4262,856
173031,044704,0,4422,884
173032,000104,0,4236,851
173032,100704,0,4448,889
173033,004104,0,4262,856
173033,104704,0,4422,884
173034,040104,0,4236,851
173034,040704,0,4448,889
173035,144104,0,4262,856
173035,044704,0,4422,884
173036,000104,0,4236,851
173036,100704,0,4448,889
173037,040104,0,4189,841
173037,040704,0,4401,879
173040,000104,0,4215,847
173040,100704,0,4427,885
173041,040104,0,4215,847
173041,040704,0,4427,885
173042,000104,0,4215,847
173042,100704,0,4427,885
173043,040104,0,4215,847
173043,040704,0,4427,885
173044,000104,0,4215,847
173044,100704,0,4427,885
173045,040104,0,4215,847
173045,040704,0,4427,885
173046,000104,0,4215,847
173046,100704,0,4427,885
173047,144104,0,4194,842
173047,044704,0,4354,870
173050,040104,0,4236,851
173050,040704,0,4448,889
173051,144104,0,4262,856
173051,044704,0,4422,884
173052,000104,0,4236,851
173052,100704,0,4448,889
173053,004104,0,4262,856
173053,104704,0,4422,884
173054,040104,0,4236,851
173054,040704,0,4448,889
173055,144104,0,4262,856
173055,044704,0,4422,884
173056,000104,0,4236,851
173056,100704,0,4448,889
173057,040104,0,1887,327
173057,040704,0,1889,328
173060,000104,0,4186,838
173060,100704,0,4398,876
173061,004104,0,4212,843
173061,104704,0,4372,871
173062,040104,0,4186,838
173062,040704,0,4398,876
173063,144104,0,4212,843
173063,044704,0,4372,871
173064,000104,0,4186,838
173064,100704,0,4398,876
173065,004104,0,4212,843
173065,104704,0,4372,871
173066,040104,0,4186,838
173066,040704,0,4398,876
173067,000104,0,4186,838
173067,100704,0,4398,876
173070,004104,0,4218,846
173070,104704,0,4378,874
173071,004104,0,4218,846
173071,104704,0,4378,874
173072,004104,0,4218,846
173072,104704,0,4378,874
173073,004104,0,4218,846
173073,104704,0,4378,874
173074,004104,0,4218,846
173074,104704,0,4378,874
173075,004104,0,4218,846
173075,104704,0,4378,874
173076,004104,0,4218,846
173076,104704,0,4378,874
173077,040104,0,4192,841
173077,040704,0,4404,879
173100,040104,0,4194,835
173100,040704,0,4380,866
173101,000104,0,3283,574
173101,100704,0,3469,605
173102,040104,0,4194,835
173102,040704,0,4380,866
173103,000104,0,4220,840
173103,100704,0,4380,866
173104,040104,0,4194,835
173104,040704,0,4380,866
173105,000104,0,4220,840
173105,100704,0,4380,866
173106,040104,0,1612,266
173106,040704,0,1614,267
173107,040104,0,1612,266
173107,040704,0,1614,267
173110,040104,0,4106,824
173110,040704,0,4292,857
173111,000104,0,4132,829
173111,100704,0,4292,857
173112,040104,0,4106,824
173112,040704,0,4292,857
173113,000104,0,4132,829
173113,100704,0,4292,857
173114,040104,0,4106,824
173114,040704,0,4292,857
173115,000104,0,4132,829
173115,100704,0,4292,857
173116,040104,0,4106,824
173116,040704,0,4292,857
173117,004104,0,4106,824
173117,104704,0,4318,862
173120,000104,0,4241,852
173120,100704,0,4401,880
173121,040104,0,4215,847
173121,040704,0,4401,880
173122,000104,0,4241,852
173122,100704,0,4401,880
173123,040104,0,4215,847
173123,040704,0,4401,880
173124,000104,0,4241,852
173124,100704,0,4401,880
173125,040104,0,4215,847
173125,040704,0,4401,880
173126,000104,0,4241,852
173126,100704,0,4401,880
173127,144104,0,4186,839
173127,044704,0,4296,857
173130,000104,0,4262,856
173130,100704,0,4422,884
173131,004104,0,4236,851
173131,104704,0,4448,889
173132,040104,0,4236,851
173132,040704,0,4422,884
173133,144104,0,4262,856
173133,044704,0,4422,884
173134,000104,0,4262,856
173134,100704,0,4422,884
173135,004104,0,4236,851
173135,104704,0,4448,889
173136,040104,0,4236,851
173136,040704,0,4422,884
173137,000104,0,4215,846
173137,100704,0,4375,874
173140,040104,0,4215,847
173140,040704,0,4401,880
173141,000104,0,4241,852
173141,100704,0,4401,880
173142,040104,0,4215,847
173142,040704,0,4401,880
173143,000104,0,4241,852
173143,100704,0,4401,880
173144,040104,0,4215,847
173144,040704,0,4401,880
173145,000104,0,4241,852
173145,100704,0,4401,880
173146,040104,0,4215,847
173146,040704,0,4401,880
173147,004104,0,4168,837
173147,104704,0,4380,875
173150,000104,0,4262,856
173150,100704,0,4422,884
173151,004104,0,4236,851
173151,104704,0,4448,889
173152,040104,0,4236,851
173152,040704,0,4422,884
173153,144104,0,4262,856
173153,044704,0,4422,884
173154,000104,0,4262,856
173154,100704,0,4422,884
173155,004104,0,4236,851
173155,104704,0,4448,889
173156,040104,0,4236,851
173156,040704,0,4422,884
173157,000104,0,1887,327
173157,100704,0,1889,328
173160,040104,0,4186,838
173160,040704,0,4372,871
173161,144104,0,4212,843
173161,044704,0,4372,871
173162,000104,0,4212,843
173162,100704,0,4372,871
173163,004104,0,4186,838
173163,104704,0,4398,876
173164,040104,0,4186,838
173164,040704,0,4372,871
173165,144104,0,4212,843
173165,044704,0,4372,871
173166,000104,0,4212,843
173166,100704,0,4372,871
173167,040104,0,4186,838
173167,040704,0,4372,871
173170,144104,0,4218,846
173170,044704,0,4378,874
173171,144104,0,4218,846
173171,044704,0,4378,874
173172,144104,0,4218,846
173172,044704,0,4378,874
173173,144104,0,4218,846
173173,044704,0,4378,874
173174,144104,0,4218,846
173174,044704,0,4378,874
173175,144104,0,4218,846
173175,044704,0,4378,874
173176,144104,0,4218,846
173176,044704,0,4378,874
173177,000104,0,4218,846
173177,100704,0,4378,874
173200,000104,0,4194,835
173200,100704,0,4406,871
173201,040104,0,4220,840
173201,040704,0,4406,871
173202,000104,0,3283,574
173202,100704,0,3469,605
173203,040104,0,4220,840
173203,040704,0,4406,871
173204,000104,0,4194,835
173204,100704,0,4406,871
173205,040104,0,4220,840
173205,040704,0,4406,871
173206,000104,0,1796,302
173206,100704,0,1798,303
173207,000104,0,1796,302
173207,100704,0,1798,303
173210,000104,0,4106,824
173210,100704,0,4318,862
173211,040104,0,4132,829
173211,040704,0,4318,862
173212,000104,0,4106,824
173212,100704,0,4318,862
173213,040104,0,4132,829
173213,040704,0,4318,862
173214,000104,0,4106,824
173214,100704,0,4318,862
173215,040104,0,4132,829
173215,040704,0,4318,862
173216,000104,0,4106,824
173216,100704,0,4318,862
173217,144104,0,4106,824
173217,044704,0,4292,857
173220,040104,0,4241,852
173220,040704,0,4427,885
173221,000104,0,4215,847
173221,100704,0,4427,885
173222,040104,0,4241,852
173222,040704,0,4427,885
173223,000104,0,4215,847
173223,100704,0,4427,885
173224,040104,0,4241,852
173224,040704,0,4427,885
173225,000104,0,4215,847
173225,100704,0,4427,885
173226,040104,0,4241,852
173226,040704,0,4427,885
173227,004104,0,4186,839
173227,104704,0,4322,862
173230,040104,0,4262,856
173230,040704,0,4448,889
173231,144104,0,4236,851
173231,044704,0,4422,884
173232,000104,0,4236,851
173232,100704,0,4448,889
173233,004104,0,4262,856
173233,104704,0,4448,889
173234,040104,0,4262,856
173234,040704,0,4448,889
173235,144104,0,4236,851
173235,044704,0,4422,884
173236,000104,0,4236,851
173236,100704,0,4448,889
173237,040104,0,4215,846
173237,040704,0,4401,879
173240,000104,0,4215,847
173240,100704,0,4427,885
173241,040104,0,4241,852
173241,040704,0,4427,885
173242,000104,0,4215,847
173242,100704,0,4427,885
173243,040104,0,4241,852
173243,040704,0,4427,885
173244,000104,0,4215,847
173244,100704,0,4427,885
173245,040104,0,4241,852
173245,040704,0,4427,885
173246,000104,0,4215,847
173246,100704,0,4427,885
173247,144104,0,4168,837
173247,044704,0,4354,870
173250,040104,0,4262,856
173250,040704,0,4448,889
173251,144104,0,4236,851
173251,044704,0,4422,884
173252,000104,0,4236,851
173252,100704,0,4448,889
173253,004104,0,4262,856
173253,104704,0,4448,889
173254,040104,0,4262,856
173254,040704,0,4448,889
173255,144104,0,4236,851
173255,044704,0,4422,884
173256,000104,0,4236,851
173256,100704,0,4448,889
173257,040104,0,1887,327
173257,040704,0,1889,328
173260,000104,0,4186,838
173260,100704,0,4398,876
173261,004104,0,4212,843
173261,104704,0,4398,876
173262,040104,0,4212,843
173262,040704,0,4398,876
173263,144104,0,4186,838
173263,044704,0,4372,871
173264,000104,0,4186,838
173264,100704,0,4398,876
173265,004104,0,4212,843
173265,104704,0,4398,876
173266,040104,0,4212,843
173266,040704,0,4398,876
173267,000104,0,4186,838
173267,100704,0,4398,876
173270,004104,0,4218,846
173270,104704,0,4404,879
173271,004104,0,4218,846
173271,104704,0,4404,879
173272,004104,0,4218,846
173272,104704,0,4404,879
173273,004104,0,4218,846
173273,104704,0,4404,879
173274,004104,0,4218,846
173274,104704,0,4404,879
173275,004104,0,4218,846
173275,104704,0,4404,879
173276,004104,0,4218,846
173276,104704,0,4404,879
173277,040104,0,4218,846
173277,040704,0,4404,879
173300,040104,0,4220,840
173300,040704,0,4380,866
173301,000104,0,4220,840
173301,100704,0,4406,871
173302,040104,0,4220,840
173302,040704,0,4380,866
173303,000104,0,3283,574
173303,100704,0,3469,605
173304,040104,0,4220,840
173304,040704,0,4380,866
173305,000104,0,4220,840
173305,100704,0,4406,871
173306,040104,0,1612,266
173306,040704,0,1614,267
173307,040104,0,1612,266
173307,040704,0,1614,267
173310,040104,0,4132,829
173310,040704,0,4292,857
173311,000104,0,4132,829
173311,100704,0,4318,862
173312,040104,0,4132,829
173312,040704,0,4292,857
173313,000104,0,4132,829
173313,100704,0,4318,862
173314,040104,0,4132,829
173314,040704,0,4292,857
173315,000104,0,4132,829
173315,100704,0,4318,862
173316,040104,0,4132,829
173316,040704,0,4292,857
173317,004104,0,4132,829
173317,104704,0,4318,862
173320,000104,0,4241,852
173320,100704,0,4427,885
173321,040104,0,4241,852
173321,040704,0,4401,880
173322,000104,0,4241,852
173322,100704,0,4427,885
173323,040104,0,4241,852
173323,040704,0,4401,880
173324,000104,0,4241,852
173324,100704,0,4427,885
173325,040104,0,4241,852
173325,040704,0,4401,880
173326,000104,0,4241,852
173326,100704,0,4427,885
173327,144104,0,4160,834
173327,044704,0,4296,857
173330,000104,0,4262,856
173330,100704,0,4448,889
173331,004104,0,4262,856
173331,104704,0,4448,889
173332,040104,0,4262,856
173332,040704,0,4422,884
173333,144104,0,4236,851
173333,044704,0,4422,884
173334,000104,0,4262,856
173334,100704,0,4448,889
173335,004104,0,4262,856
173335,104704,0,4448,889
173336,040104,0,4262,856
173336,040704,0,4422,884
173337,000104,0,4215,846
173337,100704,0,4401,879
173340,040104,0,4241,852
173340,040704,0,4401,880
173341,000104,0,4241,852
173341,100704,0,4427,885
173342,040104,0,4241,852
173342,040704,0,4401,880
173343,000104,0,4241,852
173343,100704,0,4427,885
173344,040104,0,4241,852
173344,040704,0,4401,880
173345,000104,0,4241,852
173345,100704,0,4427,885
173346,040104,0,4241,852
173346,040704,0,4401,880
173347,004104,0,4194,842
173347,104704,0,4380,875
173350,000104,0,4262,856
173350,100704,0,4448,889
173351,004104,0,4262,856
173351,104704,0,4448,889
173352,040104,0,4262,856
173352,040704,0,4422,884
173353,144104,0,4236,851
173353,044704,0,4422,884
173354,000104,0,4262,856
173354,100704,0,4448,889
173355,004104,0,4262,856
173355,104704,0,4448,889
173356,040104,0,4262,856
173356,040704,0,4422,884
173357,000104,0,1887,327
173357,100704,0,1889,328
173360,040104,0,4212,843
173360,040704,0,4372,871
173361,144104,0,4186,838
173361,044704,0,4372,871
173362,000104,0,4212,843
173362,100704,0,4398,876
173363,004104,0,4212,843
173363,104704,0,4398,876
173364,040104,0,4212,843
173364,040704,0,4372,871
173365,144104,0,4186,838
173365,044704,0,4372,871
173366,000104,0,4212,843
173366,100704,0,4398,876
173367,040104,0,4212,843
173367,040704,0,4372,871
173370,144104,0,4192,841
173370,044704,0,4378,874
173371,144104,0,4192,841
173371,044704,0,4378,874
173372,144104,0,4192,841
173372,044704,0,4378,874
173373,144104,0,4192,841
173373,044704,0,4378,874
173374,144104,0,4192,841
173374,044704,0,4378,874
173375,144104,0,4192,841
173375,044704,0,4378,874
173376,144104,0,4192,841
173376,044704,0,4378,874
173377,000104,0,4218,846
173377,100704,0,4404,879
171000,000104,0,3168,550
171000,100704,0,3354,581
171001,040104,0,3521,656
171001,040704,0,3707,687
171002,000104,0,3521,656
171002,100704,0,3707,687
171003,040104,0,3521,656
171003,040704,0,3707,687
171004,000104,0,3521,656
171004,100704,0,3707,687
171005,040104,0,3521,656
171005,040704,0,3707,687
171006,000104,0,1818,305
171006,100704,0,1820,306
171007,000104,0,1818,305
171007,100704,0,1820,306
171010,000104,0,3433,645
171010,100704,0,3619,678
171011,040104,0,3433,645
171011,040704,0,3619,678
171012,000104,0,3433,645
171012,100704,0,3619,678
171013,040104,0,3433,645
171013,040704,0,3619,678
171014,000104,0,3433,645
171014,100704,0,3619,678
171015,040104,0,3433,645
171015,040704,0,3619,678
171016,000104,0,3433,645
171016,100704,0,3619,678
171017,144104,0,3433,645
171017,044704,0,3619,678
171020,040104,0,3542,668
171020,040704,0,3728,701
171021,000104,0,3542,668
171021,100704,0,3728,701
171022,040104,0,3542,668
171022,040704,0,3728,701
171023,000104,0,3542,668
171023,100704,0,3728,701
171024,040104,0,3542,668
171024,040704,0,3728,701
171025,000104,0,3542,668
171025,100704,0,3728,701
171026,040104,0,3542,668
171026,040704,0,3728,701
171027,004104,0,3487,655
171027,104704,0,3623,678
171030,040104,0,3563,672
171030,040704,0,3749,705
171031,144104,0,3563,672
171031,044704,0,3749,705
171032,000104,0,3563,672
171032,100704,0,3749,705
171033,004104,0,3563,672
171033,104704,0,3749,705
171034,040104,0,3563,672
171034,040704,0,3749,705
171035,144104,0,3563,672
171035,044704,0,3749,705
171036,000104,0,3563,672
171036,100704,0,3749,705
171037,040104,0,3516,662
171037,040704,0,3702,695
171040,000104,0,3542,668
171040,100704,0,3728,701
171041,040104,0,3542,668
171041,040704,0,3728,701
171042,000104,0,3542,668
171042,100704,0,3728,701
171043,040104,0,3542,668
171043,040704,0,3728,701
171044,000104,0,3542,668
171044,100704,0,3728,701
171045,040104,0,3542,668
171045,040704,0,3728,701
171046,000104,0,3542,668
171046,100704,0,3728,701
171047,144104,0,3495,658
171047,044704,0,3681,691
171050,040104,0,3563,672
171050,040704,0,3749,705
171051,144104,0,3563,672
171051,044704,0,3749,705
171052,000104,0,3563,672
171052,100704,0,3749,705
171053,004104,0,3563,672
171053,104704,0,3749,705
171054,040104,0,3563,672
171054,040704,0,3749,705
171055,144104,0,3563,672
171055,044704,0,3749,705
171056,000104,0,3563,672
171056,100704,0,3749,705
171057,040104,0,1909,330
171057,040704,0,1911,331
171060,000104,0,3513,659
171060,100704,0,3699,692
171061,004104,0,3513,659
171061,104704,0,3699,692
171062,040104,0,3513,659
171062,040704,0,3699,692
171063,144104,0,3513,659
171063,044704,0,3699,692
171064,000104,0,3513,659
171064,100704,0,3699,692
171065,004104,0,3513,659
171065,104704,0,3699,692
171066,040104,0,3513,659
171066,040704,0,3699,692
171067,000104,0,3513,659
171067,100704,0,3699,692
171070,004104,0,3519,662
171070,104704,0,3705,695
171071,004104,0,3519,662
171071,104704,0,3705,695
171072,004104,0,3519,662
171072,104704,0,3705,695
171073,004104,0,3519,662
171073,104704,0,3705,695
171074,004104,0,3519,662
171074,104704,0,3705,695
171075,004104,0,3519,662
171075,104704,0,3705,695
171076,004104,0,3519,662
171076,104704,0,3705,695
171077,040104,0,3519,662
171077,040704,0,3705,695
171100,040104,0,3521,656
171100,040704,0,3707,687
171101,000104,0,3168,550
171101,100704,0,3354,581
171102,040104,0,3521,656
171102,040704,0,3707,687
171103,000104,0,3521,656
171103,100704,0,3707,687
171104,040104,0,3521,656
171104,040704,0,3707,687
171105,000104,0,3521,656
171105,100704,0,3707,687
171106,040104,0,1634,269
171106,040704,0,1636,270
171107,040104,0,1634,269
171107,040704,0,1636,270
171110,040104,0,3433,645
171110,040704,0,3619,678
171111,000104,0,3433,645
171111,100704,0,3619,678
171112,040104,0,3433,645
171112,040704,0,3619,678
171113,000104,0,3433,645
171113,100704,0,3619,678
171114,040104,0,3433,645
171114,040704,0,3619,678
171115,000104,0,3433,645
171115,100704,0,3619,678
171116,040104,0,3433,645
171116,040704,0,3619,678
171117,004104,0,3433,645
171117,104704,0,3619,678
171120,000104,0,3542,668
171120,100704,0,3728,701
171121,040104,0,3542,668
171121,040704,0,3728,701
171122,000104,0,3542,668
171122,100704,0,3728,701
171123,040104,0,3542,668
171123,040704,0,3728,701
171124,000104,0,3542,668
171124,100704,0,3728,701
171125,040104,0,3542,668
171125,040704,0,3728,701
171126,000104,0,3542,668
171126,100704,0,3728,701
171127,144104,0,3487,655
171127,044704,0,3623,678
171130,000104,0,3563,672
171130,100704,0,3749,705
171131,004104,0,3563,672
171131,104704,0,3749,705
171132,040104,0,3563,672
171132,040704,0,3749,705
171133,144104,0,3563,672
171133,044704,0,3749,705
171134,000104,0,3563,672
171134,100704,0,3749,705
171135,004104,0,3563,672
171135,104704,0,3749,705
171136,040104,0,3563,672
171136,040704,0,3749,705
171137,000104,0,3516,662
171137,100704,0,3702,695
171140,040104,0,3542,668
171140,040704,0,3728,701
171141,000104,0,3542,668
171141,100704,0,3728,701
171142,040104,0,3542,668
171142,040704,0,3728,701
171143,000104,0,3542,668
171143,100704,0,3728,701
171144,040104,0,3542,668
171144,040704,0,3728,701
171145,000104,0,3542,668
171145,100704,0,3728,701
171146,040104,0,3542,668
171146,040704,0,3728,701
171147,004104,0,3495,658
171147,104704,0,3681,691
171150,000104,0,3563,672
171150,100704,0,3749,705
171151,004104,0,3563,672
171151,104704,0,3749,705
171152,040104,0,3563,672
171152,040704,0,3749,705
171153,144104,0,3563,672
171153,044704,0,3749,705
171154,000104,0,3563,672
171154,100704,0,3749,705
171155,004104,0,3563,672
171155,104704,0,3749,705
171156,040104,0,3563,672
171156,040704,0,3749,705
171157,000104,0,1909,330
171157,100704,0,1911,331
171160,040104,0,3513,659
171160,040704,0,3699,692
171161,144104,0,3513,659
171161,044704,0,3699,692
171162,000104,0,3513,659
171162,100704,0,3699,692
171163,004104,0,3513,659
171163,104704,0,3699,692
171164,040104,0,3513,659
171164,040704,0,3699,692
171165,144104,0,3513,659
171165,044704,0,3699,692
171166,000104,0,3513,659
171166,100704,0,3699,692
171167,040104,0,3513,659
171167,040704,0,3699,692
171170,144104,0,3519,662
171170,044704,0,3705,695
171171,144104,0,3519,662
171171,044704,0,3705,695
171172,144104,0,3519,662
171172,044704,0,3705,695
171173,144104,0,3519,662
171173,044704,0,3705,695
171174,144104,0,3519,662
171174,044704,0,3705,695
171175,144104,0,3519,662
171175,044704,0,3705,695
171176,144104,0,3519,662
171176,044704,0,3705,695
171177,000104,0,3519,662
171177,100704,0,3705,695
171200,000104,0,3521,656
171200,100704,0,3707,687
171201,040104,0,3521,656
171201,040704,0,3707,687
171202,000104,0,3168,550
171202,100704,0,3354,581
171203,040104,0,3521,656
171203,040704,0,3707,687
171204,000104,0,3521,656
171204,100704,0,3707,687
171205,040104,0,3521,656
171205,040704,0,3707,687
171206,000104,0,1818,305
171206,100704,0,1820,306
171207,000104,0,1818,305
171207,100704,0,1820,306
171210,000104,0,3433,645
171210,100704,0,3619,678
171211,040104,0,3433,645
171211,040704,0,3619,678
171212,000104,0,3433,645
171212,100704,0,3619,678
171213,040104,0,3433,645
171213,040704,0,3619,678
171214,000104,0,3433,645
171214,100704,0,3619,678
171215,040104,0,3433,645
171215,040704,0,3619,678
171216,000104,0,3433,645
171216,100704,0,3619,678
171217,144104,0,3433,645
171217,044704,0,3619,678
171220,040104,0,3542,668
171220,040704,0,3728,701
171221,000104,0,3542,668
171221,100704,0,3728,701
171222,040104,0,3542,668
171222,040704,0,3728,701
171223,000104,0,3542,668
171223,100704,0,3728,701
171224,040104,0,3542,668
171224,040704,0,3728,701
171225,000104,0,3542,668
171225,100704,0,3728,701
171226,040104,0,3542,668
171226,040704,0,3728,701
171227,004104,0,3487,655
171227,104704,0,3623,678
171230,040104,0,3563,672
171230,040704,0,3749,705
171231,144104,0,3563,672
171231,044704,0,3749,705
171232,000104,0,3563,672
171232,100704,0,3749,705
171233,004104,0,3563,672
171233,104704,0,3749,705
171234,040104,0,3563,672
171234,040704,0,3749,705
171235,144104,0,3563,672
171235,044704,0,3749,705
171236,000104,0,3563,672
171236,100704,0,3749,705
171237,040104,0,3516,662
171237,040704,0,3702,695
171240,000104,0,3542,668
171240,100704,0,3728,701
171241,040104,0,3542,668
171241,040704,0,3728,701
171242,000104,0,3542,668
171242,100704,0,3728,701
171243,040104,0,3542,668
171243,040704,0,3728,701
171244,000104,0,3542,668
171244,100704,0,3728,701
171245,040104,0,3542,668
171245,040704,0,3728,701
171246,000104,0,3542,668
171246,100704,0,3728,701
171247,144104,0,3495,658
171247,044704,0,3681,691
171250,040104,0,3563,672
171250,040704,0,3749,705
171251,144104,0,3563,672
171251,044704,0,3749,705
171252,000104,0,3563,672
171252,100704,0,3749,705
171253,004104,0,3563,672
171253,104704,0,3749,705
171254,040104,0,3563,672
171254,040704,0,3749,705
171255,144104,0,3563,672
171255,044704,0,3749,705
171256,000104,0,3563,672
171256,100704,0,3749,705
171257,040104,0,1909,330
171257,040704,0,1911,331
171260,000104,0,3513,659
171260,100704,0,3699,692
171261,004104,0,3513,659
171261,104704,0,3699,692
171262,040104,0,3513,659
171262,040704,0,3699,692
171263,144104,0,3513,659
171263,044704,0,3699,692
171264,000104,0,3513,659
171264,100704,0,3699,692
171265,004104,0,3513,659
171265,104704,0,3699,692
171266,040104,0,3513,659
171266,040704,0,3699,692
171267,000104,0,3513,659
171267,100704,0,3699,692
171270,004104,0,3519,662
171270,104704,0,3705,695
171271,004104,0,3519,662
171271,104704,0,3705,695
171272,004104,0,3519,662
171272,104704,0,3705,695
171273,004104,0,3519,662
171273,104704,0,3705,695
171274,004104,0,3519,662
171274,104704,0,3705,695
171275,004104,0,3519,662
171275,104704,0,3705,695
171276,004104,0,3519,662
171276,104704,0,3705,695
171277,040104,0,3519,662
171277,040704,0,3705,695
171300,040104,0,3521,656
171300,040704,0,3707,687
171301,000104,0,3521,656
171301,100704,0,3707,687
171302,040104,0,3521,656
171302,040704,0,3707,687
171303,000104,0,3168,550
171303,100704,0,3354,581
171304,040104,0,3521,656
171304,040704,0,3707,687
171305,000104,0,3521,656
171305,100704,0,3707,687
171306,040104,0,1634,269
171306,040704,0,1636,270
171307,040104,0,1634,269
171307,040704,0,1636,270
171310,040104,0,3433,645
171310,040704,0,3619,678
171311,000104,0,3433,645
171311,100704,0,3619,678
171312,040104,0,3433,645
171312,040704,0,3619,678
171313,000104,0,3433,645
171313,100704,0,3619,678
171314,040104,0,3433,645
171314,040704,0,3619,678
171315,000104,0,3433,645
171315,100704,0,3619,678
171316,040104,0,3433,645
171316,040704,0,3619,678
171317,004104,0,3433,645
171317,104704,0,3619,678
171320,000104,0,3542,668
171320,100704,0,3728,701
171321,040104,0,3542,668
171321,040704,0,3728,701
171322,000104,0,3542,668
171322,100704,0,3728,701
171323,040104,0,3542,668
171323,040704,0,3728,701
171324,000104,0,3542,668
171324,100704,0,3728,701
171325,040104,0,3542,668
171325,040704,0,3728,701
171326,000104,0,3542,668
171326,100704,0,3728,701
171327,144104,0,3487,655
171327,044704,0,3623,678
171330,000104,0,3563,672
171330,100704,0,3749,705
171331,004104,0,3563,672
171331,104704,0,3749,705
171332,040104,0,3563,672
171332,040704,0,3749,705
171333,144104,0,3563,672
171333,044704,0,3749,705
171334,000104,0,3563,672
171334,100704,0,3749,705
171335,004104,0,3563,672
171335,104704,0,3749,705
171336,040104,0,3563,672
171336,040704,0,3749,705
171337,000104,0,3516,662
171337,100704,0,3702,695
171340,040104,0,3542,668
171340,040704,0,3728,701
171341,000104,0,3542,668
171341,100704,0,3728,701
171342,040104,0,3542,668
171342,040704,0,3728,701
171343,000104,0,3542,668
171343,100704,0,3728,701
171344,040104,0,3542,668
171344,040704,0,3728,701
171345,000104,0,3542,668
171345,100704,0,3728,701
171346,040104,0,3542,668
171346,040704,0,3728,701
171347,004104,0,3495,658
171347,104704,0,3681,691
171350,000104,0,3563,672
171350,100704,0,3749,705
171351,004104,0,3563,672
171351,104704,0,3749,705
171352,040104,0,3563,672
171352,040704,0,3749,705
171353,144104,0,3563,672
171353,044704,0,3749,705
171354,000104,0,3563,672
171354,100704,0,3749,705
171355,004104,0,3563,672
171355,104704,0,3749,705
171356,040104,0,3563,672
171356,040704,0,3749,705
171357,000104,0,1909,330
171357,100704,0,1911,331
171360,040104,0,3513,659
171360,040704,0,3699,692
171361,144104,0,3513,659
171361,044704,0,3699,692
171362,000104,0,3513,659
171362,100704,0,3699,692
171363,004104,0,3513,659
171363,104704,0,3699,692
171364,040104,0,3513,659
171364,040704,0,3699,692
171365,144104,0,3513,659
171365,044704,0,3699,692
171366,000104,0,3513,659
171366,100704,0,3699,692
171367,040104,0,3513,659
171367,040704,0,3699,692
171370,144104,0,3519,662
171370,044704,0,3705,695
171371,144104,0,3519,662
171371,044704,0,3705,695
171372,144104,0,3519,662
171372,044704,0,3705,695
171373,144104,0,3519,662
171373,044704,0,3705,695
171374,144104,0,3519,662
171374,044704,0,3705,695
171375,144104,0,3519,662
171375,044704,0,3705,695
171376,144104,0,3519,662
171376,044704,0,3705,695
171377,000104,0,3519,662
171377,100704,0,3705,695
174400,000104,0,3166,541
174400,100704,0,3302,564
174401,040104,0,3321,607
174401,040704,0,3457,630
174402,000104,0,3505,643
174402,100704,0,3641,666
174403,040104,0,3321,607
174403,040704,0,3457,630
174404,000104,0,3505,643
174404,100704,0,3641,666
174405,040104,0,3321,607
174405,040704,0,3457,630
174406,000104,0,1840,308
174406,100704,0,1842,309
174407,000104,0,1840,308
174407,100704,0,1842,309
174410,000104,0,3417,632
174410,100704,0,3553,657
174411,040104,0,3233,596
174411,040704,0,3369,621
174412,000104,0,3417,632
174412,100704,0,3553,657
174413,040104,0,3233,596
174413,040704,0,3369,621
174414,000104,0,3417,632
174414,100704,0,3553,657
174415,040104,0,3233,596
174415,040704,0,3369,621
174416,000104,0,3417,632
174416,100704,0,3553,657
174417,144104,0,3233,596
174417,044704,0,3369,621
174420,040104,0,3342,619
174420,040704,0,3478,644
174421,000104,0,3526,655
174421,100704,0,3662,680
174422,040104,0,3342,619
174422,040704,0,3478,644
174423,000104,0,3526,655
174423,100704,0,3662,680
174424,040104,0,3342,619
174424,040704,0,3478,644
174425,000104,0,3526,655
174425,100704,0,3662,680
174426,040104,0,3342,619
174426,040704,0,3478,644
174427,004104,0,3471,642
174427,104704,0,3557,657
174430,040104,0,3363,623
174430,040704,0,3499,648
174431,144104,0,3363,623
174431,044704,0,3499,648
174432,000104,0,3547,659
174432,100704,0,3683,684
174433,004104,0,3547,659
174433,104704,0,3683,684
174434,040104,0,3363,623
174434,040704,0,3499,648
174435,144104,0,3363,623
174435,044704,0,3499,648
174436,000104,0,3547,659
174436,100704,0,3683,684
174437,040104,0,3316,613
174437,040704,0,3452,638
174440,000104,0,3526,655
174440,100704,0,3662,680
174441,040104,0,3342,619
174441,040704,0,3478,644
174442,000104,0,3526,655
174442,100704,0,3662,680
174443,040104,0,3342,619
174443,040704,0,3478,644
174444,000104,0,3526,655
174444,100704,0,3662,680
174445,040104,0,3342,619
174445,040704,0,3478,644
174446,000104,0,3526,655
174446,100704,0,3662,680
174447,144104,0,3295,609
174447,044704,0,3431,634
174450,040104,0,3363,623
174450,040704,0,3499,648
174451,144104,0,3363,623
174451,044704,0,3499,648
174452,000104,0,3547,659
174452,100704,0,3683,684
174453,004104,0,3547,659
174453,104704,0,3683,684
174454,040104,0,3363,623
174454,040704,0,3499,648
174455,144104,0,3363,623
174455,044704,0,3499,648
174456,000104,0,3547,659
174456,100704,0,3683,684
174457,040104,0,1931,333
174457,040704,0,1933,334
174460,000104,0,3497,646
174460,100704,0,3633,671
174461,004104,0,3497,646
174461,104704,0,3633,671
174462,040104,0,3313,610
174462,040704,0,3449,635
174463,144104,0,3313,610
174463,044704,0,3449,635
174464,000104,0,3497,646
174464,100704,0,3633,671
174465,004104,0,3497,646
174465,104704,0,3633,671
174466,040104,0,3313,610
174466,040704,0,3449,635
174467,000104,0,3497,646
174467,100704,0,3633,671
174470,004104,0,3503,649
174470,104704,0,3639,674
174471,004104,0,3503,649
174471,104704,0,3639,674
174472,004104,0,3503,649
174472,104704,0,3639,674
174473,004104,0,3503,649
174473,104704,0,3639,674
174474,004104,0,3503,649
174474,104704,0,3639,674
174475,004104,0,3503,649
174475,104704,0,3639,674
174476,004104,0,3503,649
174476,104704,0,3639,674
174477,040104,0,3319,613
174477,040704,0,3455,638
174500,040104,0,3321,607
174500,040704,0,3457,630
174501,000104,0,3166,541
174501,100704,0,3302,564
174502,040104,0,3321,607
174502,040704,0,3457,630
174503,000104,0,3505,643
174503,100704,0,3641,666
174504,040104,0,3321,607
174504,040704,0,3457,630
174505,000104,0,3505,643
174505,100704,0,3641,666
174506,040104,0,1656,272
174506,040704,0,1658,273
174507,040104,0,1656,272
174507,040704,0,1658,273
174510,040104,0,3233,596
174510,040704,0,3369,621
174511,000104,0,3417,632
174511,100704,0,3553,657
174512,040104,0,3233,596
174512,040704,0,3369,621
174513,000104,0,3417,632
174513,100704,0,3553,657
174514,040104,0,3233,596
174514,040704,0,3369,621
174515,000104,0,3417,632
174515,100704,0,3553,657
174516,040104,0,3233,596
174516,040704,0,3369,621
174517,004104,0,3417,632
174517,104704,0,3553,657
174520,000104,0,3526,655
174520,100704,0,3662,680
174521,040104,0,3342,619
174521,040704,0,3478,644
174522,000104,0,3526,655
174522,100704,0,3662,680
174523,040104,0,3342,619
174523,040704,0,3478,644
174524,000104,0,3526,655
174524,100704,0,3662,680
174525,040104,0,3342,619
174525,040704,0,3478,644
174526,000104,0,3526,655
174526,100704,0,3662,680
174527,144104,0,3287,606
174527,044704,0,3373,621
174530,000104,0,3547,659
174530,100704,0,3683,684
174531,004104,0,3547,659
174531,104704,0,3683,684
174532,040104,0,3363,623
174532,040704,0,3499,648
174533,144104,0,3363,623
174533,044704,0,3499,648
174534,000104,0,3547,659
174534,100704,0,3683,684
174535,004104,0,3547,659
174535,104704,0,3683,684
174536,040104,0,3363,623
174536,040704,0,3499,648
174537,000104,0,3500,649
174537,100704,0,3636,674
174540,040104,0,3342,619
174540,040704,0,3478,644
174541,000104,0,3526,655
174541,100704,0,3662,680
174542,040104,0,3342,619
174542,040704,0,3478,644
174543,000104,0,3526,655
174543,100704,0,3662,680
174544,040104,0,3342,619
174544,040704,0,3478,644
174545,000104,0,3526,655
174545,100704,0,3662,680
174546,040104,0,3342,619
174546,040704,0,3478,644
174547,004104,0,3479,645
174547,104704,0,3615,670
174550,000104,0,3547,659
174550,100704,0,3683,684
174551,004104,0,3547,659
174551,104704,0,3683,684
174552,040104,0,3363,623
174552,040704,0,3499,648
174553,144104,0,3363,623
174553,044704,0,3499,648
174554,000104,0,3547,659
174554,100704,0,3683,684
174555,004104,0,3547,659
174555,104704,0,3683,684
174556,040104,0,3363,623
174556,040704,0,3499,648
174557,000104,0,1931,333
174557,100704,0,1933,334
174560,040104,0,3313,610
174560,040704,0,3449,635
174561,144104,0,3313,610
174561,044704,0,3449,635
174562,000104,0,3497,646
174562,100704,0,3633,671
174563,004104,0,3497,646
174563,104704,0,3633,671
174564,040104,0,3313,610
174564,040704,0,3449,635
174565,144104,0,3313,610
174565,044704,0,3449,635
174566,000104,0,3497,646
174566,100704,0,3633,671
174567,040104,0,3313,610
174567,040704,0,3449,635
174570,144104,0,3319,613
174570,044704,0,3455,638
174571,144104,0,3319,613
174571,044704,0,3455,638
174572,144104,0,3319,613
174572,044704,0,3455,638
174573,144104,0,3319,613
174573,044704,0,3455,638
174574,144104,0,3319,613
174574,044704,0,3455,638
174575,144104,0,3319,613
174575,044704,0,3455,638
174576,144104,0,3319,613
174576,044704,0,3455,638
174577,000104,0,3503,649
174577,100704,0,3639,674
174600,000104,0,3505,643
174600,100704,0,3641,666
174601,040104,0,3321,607
174601,040704,0,3457,630
174602,000104,0,3166,541
174602,100704,0,3302,564
174603,040104,0,3321,607
174603,040704,0,3457,630
174604,000104,0,3505,643
174604,100704,0,3641,666
174605,040104,0,3321,607
174605,040704,0,3457,630
174606,000104,0,1840,308
174606,100704,0,1842,309
174607,000104,0,1840,308
174607,100704,0,1842,309
174610,000104,0,3417,632
174610,100704,0,3553,657
174611,040104,0,3233,596
174611,040704,0,3369,621
174612,000104,0,3417,632
174612,100704,0,3553,657
174613,040104,0,3233,596
174613,040704,0,3369,621
174614,000104,0,3417,632
174614,100704,0,3553,657
174615,040104,0,3233,596
174615,040704,0,3369,621
174616,000104,0,3417,632
174616,100704,0,3553,657
174617,144104,0,3233,596
174617,044704,0,3369,621
174620,040104,0,3342,619
174620,040704,0,3478,644
174621,000104,0,3526,655
174621,100704,0,3662,680
174622,040104,0,3342,619
174622,040704,0,3478,644
174623,000104,0,3526,655
174623,100704,0,3662,680
174624,040104,0,3342,619
174624,040704,0,3478,644
174625,000104,0,3526,655
174625,100704,0,3662,680
174626,040104,0,3342,619
174626,040704,0,3478,644
174627,004104,0,3471,642
174627,104704,0,3557,657
174630,040104,0,3363,623
174630,040704,0,3499,648
174631,144104,0,3363,623
174631,044704,0,3499,648
174632,000104,0,3547,659
174632,100704,0,3683,684
174633,004104,0,3547,659
174633,104704,0,3683,684
174634,040104,0,3363,623
174634,040704,0,3499,648
174635,144104,0,3363,623
174635,044704,0,3499,648
174636,000104,0,3547,659
174636,100704,0,3683,684
174637,040104,0,3316,613
174637,040704,0,3452,638
174640,000104,0,3526,655
174640,100704,0,3662,680
174641,040104,0,3342,619
174641,040704,0,3478,644
174642,000104,0,3526,655
174642,100704,0,3662,680
174643,040104,0,3342,619
174643,040704,0,3478,644
174644,000104,0,3526,655
174644,100704,0,3662,680
174645,040104,0,3342,619
174645,040704,0,3478,644
174646,000104,0,3526,655
174646,100704,0,3662,680
174647,144104,0,3295,609
174647,044704,0,3431,634
174650,040104,0,3363,623
174650,040704,0,3499,648
174651,144104,0,3363,623
174651,044704,0,3499,648
174652,000104,0,3547,659
174652,100704,0,3683,684
174653,004104,0,3547,659
174653,104704,0,3683,684
174654,040104,0,3363,623
174654,040704,0,3499,648
174655,144104,0,3363,623
174655,044704,0,3499,648
174656,000104,0,3547,659
174656,100704,0,3683,684
174657,040104,0,1931,333
174657,040704,0,1933,334
174660,000104,0,3497,646
174660,100704,0,3633,671
174661,004104,0,3497,646
174661,104704,0,3633,671
174662,040104,0,3313,610
174662,040704,0,3449,635
174663,144104,0,3313,610
174663,044704,0,3449,635
174664,000104,0,3497,646
174664,100704,0,3633,671
174665,004104,0,3497,646
174665,104704,0,3633,671
174666,040104,0,3313,610
174666,040704,0,3449,635
174667,000104,0,3497,646
174667,100704,0,3633,671
174670,004104,0,3503,649
174670,104704,0,3639,674
174671,004104,0,3503,649
174671,104704,0,3639,674
174672,004104,0,3503,649
174672,104704,0,3639,674
174673,004104,0,3503,649
174673,104704,0,3639,674
174674,004104,0,3503,649
174674,104704,0,3639,674
174675,004104,0,3503,649
174675,104704,0,3639,674
174676,004104,0,3503,649
174676,104704,0,3639,674
174677,040104,0,3319,613
174677,040704,0,3455,638
174700,040104,0,3321,607
174700,040704,0,3457,630
174701,000104,0,3505,643
174701,100704,0,3641,666
174702,040104,0,3321,607
174702,040704,0,3457,630
174703,000104,0,3166,541
174703,100704,0,3302,564
174704,040104,0,3321,607
174704,040704,0,3457,630
174705,000104,0,3505,643
174705,100704,0,3641,666
174706,040104,0,1656,272
174706,040704,0,1658,273
174707,040104,0,1656,272
174707,040704,0,1658,273
174710,040104,0,3233,596
174710,040704,0,3369,621
174711,000104,0,3417,632
174711,100704,0,3553,657
174712,040104,0,3233,596
174712,040704,0,3369,621
174713,000104,0,3417,632
174713,100704,0,3553,657
174714,040104,0,3233,596
174714,040704,0,3369,621
174715,000104,0,3417,632
174715,100704,0,3553,657
174716,040104,0,3233,596
174716,040704,0,3369,621
174717,004104,0,3417,632
174717,104704,0,3553,657
174720,000104,0,3526,655
174720,100704,0,3662,680
174721,040104,0,3342,619
174721,040704,0,3478,644
174722,000104,0,3526,655
174722,100704,0,3662,680
174723,040104,0,3342,619
174723,040704,0,3478,644
174724,000104,0,3526,655
174724,100704,0,3662,680
174725,040104,0,3342,619
174725,040704,0,3478,644
174726,000104,0,3526,655
174726,100704,0,3662,680
174727,144104,0,3287,606
174727,044704,0,3373,621
174730,000104,0,3547,659
174730,100704,0,3683,684
174731,004104,0,3547,659
174731,104704,0,3683,684
174732,040104,0,3363,623
174732,040704,0,3499,648
174733,144104,0,3363,623
174733,044704,0,3499,648
174734,000104,0,3547,659
174734,100704,0,3683,684
174735,004104,0,3547,659
174735,104704,0,3683,684
174736,040104,0,3363,623
174736,040704,0,3499,648
174737,000104,0,3500,649
174737,100704,0,3636,674
174740,040104,0,3342,619
174740,040704,0,3478,644
174741,000104,0,3526,655
174741,100704,0,3662,680
174742,040104,0,3342,619
174742,040704,0,3478,644
174743,000104,0,3526,655
174743,100704,0,3662,680
174744,040104,0,3342,619
174744,040704,0,3478,644
174745,000104,0,3526,655
174745,100704,0,3662,680
174746,040104,0,3342,619
174746,040704,0,3478,644
174747,004104,0,3479,645
174747,104704,0,3615,670
174750,000104,0,3547,659
174750,100704,0,3683,684
174751,004104,0,3547,659
174751,104704,0,3683,684
174752,040104,0,3363,623
174752,040704,0,3499,648
174753,144104,0,3363,623
174753,044704,0,3499,648
174754,000104,0,3547,659
174754,100704,0,3683,684
174755,004104,0,3547,659
174755,104704,0,3683,684
174756,040104,0,3363,623
174756,040704,0,3499,648
174757,000104,0,1931,333
174757,100704,0,1933,334
174760,040104,0,3313,610
174760,040704,0,3449,635
174761,144104,0,3313,610
174761,044704,0,3449,635
174762,000104,0,3497,646
174762,100704,0,3633,671
174763,004104,0,3497,646
174763,104704,0,3633,671
174764,040104,0,3313,610
174764,040704,0,3449,635
174765,144104,0,3313,610
174765,044704,0,3449,635
174766,000104,0,3497,646
174766,100704,0,3633,671
174767,040104,0,3313,610
174767,040704,0,3449,635
174770,144104,0,3319,613
174770,044704,0,3455,638
174771,144104,0,3319,613
174771,044704,0,3455,638
174772,144104,0,3319,613
174772,044704,0,3455,638
174773,144104,0,3319,613
174773,044704,0,3455,638
174774,144104,0,3319,613
174774,044704,0,3455,638
174775,144104,0,3319,613
174775,044704,0,3455,638
174776,144104,0,3319,613
174776,044704,0,3455,638
174777,000104,0,3503,649
174777,100704,0,3639,674
171400,000104,0,3426,593
171400,100704,0,3640,630
171401,040104,0,3779,699
171401,040704,0,3993,736
171402,000104,0,3779,699
171402,100704,0,3993,736
171403,040104,0,3779,699
171403,040704,0,3993,736
171404,000104,0,3779,699
171404,100704,0,3993,736
171405,040104,0,3779,699
171405,040704,0,3993,736
171406,000104,0,1862,311
171406,100704,0,1864,312
171407,000104,0,1862,311
171407,100704,0,1864,312
171410,000104,0,3691,688
171410,100704,0,3905,727
171411,040104,0,3691,688
171411,040704,0,3905,727
171412,000104,0,3691,688
171412,100704,0,3905,727
171413,040104,0,3691,688
171413,040704,0,3905,727
171414,000104,0,3691,688
171414,100704,0,3905,727
171415,040104,0,3691,688
171415,040704,0,3905,727
171416,000104,0,3691,688
171416,100704,0,3905,727
171417,144104,0,3691,688
171417,044704,0,3905,727
171420,040104,0,3800,711
171420,040704,0,4014,750
171421,000104,0,3800,711
171421,100704,0,4014,750
171422,040104,0,3800,711
171422,040704,0,4014,750
171423,000104,0,3800,711
171423,100704,0,4014,750
171424,040104,0,3800,711
171424,040704,0,4014,750
171425,000104,0,3800,711
171425,100704,0,4014,750
171426,040104,0,3800,711
171426,040704,0,4014,750
171427,004104,0,3745,698
171427,104704,0,3909,727
171430,040104,0,3821,715
171430,040704,0,4035,754
171431,144104,0,3821,715
171431,044704,0,4035,754
171432,000104,0,3821,715
171432,100704,0,4035,754
171433,004104,0,3821,715
171433,104704,0,4035,754
171434,040104,0,3821,715
171434,040704,0,4035,754
171435,144104,0,3821,715
171435,044704,0,4035,754
171436,000104,0,3821,715
171436,100704,0,4035,754
171437,040104,0,3774,705
171437,040704,0,3988,744
171440,000104,0,3800,711
171440,100704,0,4014,750
171441,040104,0,3800,711
171441,040704,0,4014,750
171442,000104,0,3800,711
171442,100704,0,4014,750
171443,040104,0,3800,711
171443,040704,0,4014,750
171444,000104,0,3800,711
171444,100704,0,4014,750
171445,040104,0,3800,711
171445,040704,0,4014,750
171446,000104,0,3800,711
171446,100704,0,4014,750
171447,144104,0,3753,701
171447,044704,0,3967,740
171450,040104,0,3821,715
171450,040704,0,4035,754
171451,144104,0,3821,715
171451,044704,0,4035,754
171452,000104,0,3821,715
171452,100704,0,4035,754
171453,004104,0,3821,715
171453,104704,0,4035,754
171454,040104,0,3821,715
171454,040704,0,4035,754
171455,144104,0,3821,715
171455,044704,0,4035,754
171456,000104,0,3821,715
171456,100704,0,4035,754
171457,040104,0,1953,336
171457,040704,0,1955,337
171460,000104,0,3771,702
171460,100704,0,3985,741
171461,004104,0,3771,702
171461,104704,0,3985,741
171462,040104,0,3771,702
171462,040704,0,3985,741
171463,144104,0,3771,702
171463,044704,0,3985,741
171464,000104,0,3771,702
171464,100704,0,3985,741
171465,004104,0,3771,702
171465,104704,0,3985,741
171466,040104,0,3771,702
171466,040704,0,3985,741
171467,000104,0,3771,702
171467,100704,0,3985,741
171470,004104,0,3777,705
171470,104704,0,3991,744
171471,004104,0,3777,705
171471,104704,0,3991,744
171472,004104,0,3777,705
171472,104704,0,3991,744
171473,004104,0,3777,705
171473,104704,0,3991,744
171474,004104,0,3777,705
171474,104704,0,3991,744
171475,004104,0,3777,705
171475,104704,0,3991,744
171476,004104,0,3777,705
171476,104704,0,3991,744
171477,040104,0,3777,705
171477,040704,0,3991,744
171500,040104,0,3697,684
171500,040704,0,3883,715
171501,000104,0,3344,578
171501,100704,0,3530,609
171502,040104,0,3697,684
171502,040704,0,3883,715
171503,000104,0,3697,684
171503,100704,0,3883,715
171504,040104,0,3697,684
171504,040704,0,3883,715
171505,000104,0,3697,684
171505,100704,0,3883,715
171506,040104,0,1678,275
171506,040704,0,1680,276
171507,040104,0,1678,275
171507,040704,0,1680,276
171510,040104,0,3609,673
171510,040704,0,3795,706
171511,000104,0,3609,673
171511,100704,0,3795,706
171512,040104,0,3609,673
171512,040704,0,3795,706
171513,000104,0,3609,673
171513,100704,0,3795,706
171514,040104,0,3609,673
171514,040704,0,3795,706
171515,000104,0,3609,673
171515,100704,0,3795,706
171516,040104,0,3609,673
171516,040704,0,3795,706
171517,004104,0,3609,673
171517,104704,0,3795,706
171520,000104,0,3718,696
171520,100704,0,3904,729
171521,040104,0,3718,696
171521,040704,0,3904,729
171522,000104,0,3718,696
171522,100704,0,3904,729
171523,040104,0,3718,696
171523,040704,0,3904,729
171524,000104,0,3718,696
171524,100704,0,3904,729
171525,040104,0,3718,696
171525,040704,0,3904,729
171526,000104,0,3718,696
171526,100704,0,3904,729
171527,144104,0,3663,683
171527,044704,0,3799,706
171530,000104,0,3739,700
171530,100704,0,3925,733
171531,004104,0,3739,700
171531,104704,0,3925,733
171532,040104,0,3739,700
171532,040704,0,3925,733
171533,144104,0,3739,700
171533,044704,0,3925,733
171534,000104,0,3739,700
171534,100704,0,3925,733
171535,004104,0,3739,700
171535,104704,0,3925,733
171536,040104,0,3739,700
171536,040704,0,3925,733
171537,000104,0,3692,690
171537,100704,0,3878,723
171540,040104,0,3718,696
171540,040704,0,3904,729
171541,000104,0,3718,696
171541,100704,0,3904,729
171542,040104,0,3718,696
171542,040704,0,3904,729
171543,000104,0,3718,696
171543,100704,0,3904,729
171544,040104,0,3718,696
171544,040704,0,3904,729
171545,000104,0,3718,696
171545,100704,0,3904,729
171546,040104,0,3718,696
171546,040704,0,3904,729
171547,004104,0,3671,686
171547,104704,0,3857,719
171550,000104,0,3739,700
171550,100704,0,3925,733
171551,004104,0,3739,700
171551,104704,0,3925,733
171552,040104,0,3739,700
171552,040704,0,3925,733
171553,144104,0,3739,700
171553,044704,0,3925,733
171554,000104,0,3739,700
171554,100704,0,3925,733
171555,004104,0,3739,700
171555,104704,0,3925,733
171556,040104,0,3739,700
171556,040704,0,3925,733
171557,000104,0,1953,336
171557,100704,0,1955,337
171560,040104,0,3689,687
171560,040704,0,3875,720
171561,144104,0,3689,687
171561,044704,0,3875,720
171562,000104,0,3689,687
171562,100704,0,3875,720
171563,004104,0,3689,687
171563,104704,0,3875,720
171564,040104,0,3689,687
171564,040704,0,3875,720
171565,144104,0,3689,687
171565,044704,0,3875,720
171566,000104,0,3689,687
171566,100704,0,3875,720
171567,040104,0,3689,687
171567,040704,0,3875,720
171570,144104,0,3695,690
171570,044704,0,3881,723
171571,144104,0,3695,690
171571,044704,0,3881,723
171572,144104,0,3695,690
171572,044704,0,3881,723
171573,144104,0,3695,690
171573,044704,0,3881,723
171574,144104,0,3695,690
171574,044704,0,3881,723
171575,144104,0,3695,690
171575,044704,0,3881,723
171576,144104,0,3695,690
171576,044704,0,3881,723
171577,000104,0,3695,690
171577,100704,0,3881,723
171600,000104,0,3779,699
171600,100704,0,3993,736
171601,040104,0,3779,699
171601,040704,0,3993,736
171602,000104,0,3426,593
171602,100704,0,3640,630
171603,040104,0,3779,699
171603,040704,0,3993,736
171604,000104,0,3779,699
171604,100704,0,3993,736
171605,040104,0,3779,699
171605,040704,0,3993,736
171606,000104,0,1862,311
171606,100704,0,1864,312
171607,000104,0,1862,311
171607,100704,0,1864,312
171610,000104,0,3691,688
171610,100704,0,3905,727
171611,040104,0,3691,688
171611,040704,0,3905,727
171612,000104,0,3691,688
171612,100704,0,3905,727
171613,040104,0,3691,688
171613,040704,0,3905,727
171614,000104,0,3691,688
171614,100704,0,3905,727
171615,040104,0,3691,688
171615,040704,0,3905,727
171616,000104,0,3691,688
171616,100704,0,3905,727
171617,144104,0,3691,688
171617,044704,0,3905,727
171620,040104,0,3800,711
171620,040704,0,4014,750
171621,000104,0,3800,711
171621,100704,0,4014,750
171622,040104,0,3800,711
171622,040704,0,4014,750
171623,000104,0,3800,711
171623,100704,0,4014,750
171624,040104,0,3800,711
171624,040704,0,4014,750
171625,000104,0,3800,711
171625,100704,0,4014,750
171626,040104,0,3800,711
171626,040704,0,4014,750
171627,004104,0,3745,698
171627,104704,0,3909,727
171630,040104,0,3821,715
171630,040704,0,4035,754
171631,144104,0,3821,715
171631,044704,0,4035,754
171632,000104,0,3821,715
171632,100704,0,4035,754
171633,004104,0,3821,715
171633,104704,0,4035,754
171634,040104,0,3821,715
171634,040704,0,4035,754
171635,144104,0,3821,715
171635,044704,0,4035,754
171636,000104,0,3821,715
171636,100704,0,4035,754
171637,040104,0,3774,705
171637,040704,0,3988,744
171640,000104,0,3800,711
171640,100704,0,4014,750
171641,040104,0,3800,711
171641,040704,0,4014,750
171642,000104,0,3800,711
171642,100704,0,4014,750
171643,040104,0,3800,711
171643,040704,0,4014,750
171644,000104,0,3800,711
171644,100704,0,4014,750
171645,040104,0,3800,711
171645,040704,0,4014,750
171646,000104,0,3800,711
171646,100704,0,4014,750
171647,144104,0,3753,701
171647,044704,0,3967,740
171650,040104,0,3821,715
171650,040704,0,4035,754
171651,144104,0,3821,715
171651,044704,0,4035,754
171652,000104,0,3821,715
171652,100704,0,4035,754
171653,004104,0,3821,715
171653,104704,0,4035,754
171654,040104,0,3821,715
171654,040704,0,4035,754
171655,144104,0,3821,715
171655,044704,0,4035,754
171656,000104,0,3821,715
171656,100704,0,4035,754
171657,040104,0,1953,336
171657,040704,0,1955,337
171660,000104,0,3771,702
171660,100704,0,3985,741
171661,004104,0,3771,702
171661,104704,0,3985,741
171662,040104,0,3771,702
171662,040704,0,3985,741
171663,144104,0,3771,702
171663,044704,0,3985,741
171664,000104,0,3771,702
171664,100704,0,3985,741
171665,004104,0,3771,702
171665,104704,0,3985,741
171666,040104,0,3771,702
171666,040704,0,3985,741
171667,000104,0,3771,702
171667,100704,0,3985,741
171670,004104,0,3777,705
171670,104704,0,3991,744
171671,004104,0,3777,705
171671,104704,0,3991,744
171672,004104,0,3777,705
171672,104704,0,3991,744
171673,004104,0,3777,705
171673,104704,0,3991,744
171674,004104,0,3777,705
171674,104704,0,3991,744
171675,004104,0,3777,705
171675,104704,0,3991,744
171676,004104,0,3777,705
171676,104704,0,3991,744
171677,040104,0,3777,705
171677,040704,0,3991,744
171700,040104,0,3697,684
171700,040704,0,3883,715
171701,000104,0,3697,684
171701,100704,0,3883,715
171702,040104,0,3697,684
171702,040704,0,3883,715
171703,000104,0,3344,578
171703,100704,0,3530,609
171704,040104,0,3697,684
171704,040704,0,3883,715
171705,000104,0,3697,684
171705,100704,0,3883,715
171706,040104,0,1678,275
171706,040704,0,1680,276
171707,040104,0,1678,275
171707,040704,0,1680,276
171710,040104,0,3609,673
171710,040704,0,3795,706
171711,000104,0,3609,673
171711,100704,0,3795,706
171712,040104,0,3609,673
171712,040704,0,3795,706
171713,000104,0,3609,673
171713,100704,0,3795,706
171714,040104,0,3609,673
171714,040704,0,3795,706
171715,000104,0,3609,673
171715,100704,0,3795,706
171716,040104,0,3609,673
171716,040704,0,3795,706
171717,004104,0,3609,673
171717,104704,0,3795,706
171720,000104,0,3718,696
171720,100704,0,3904,729
171721,040104,0,3718,696
171721,040704,0,3904,729
171722,000104,0,3718,696
171722,100704,0,3904,729
171723,040104,0,3718,696
171723,040704,0,3904,729
171724,000104,0,3718,696
171724,100704,0,3904,729
171725,040104,0,3718,696
171725,040704,0,3904,729
171726,000104,0,3718,696
171726,100704,0,3904,729
171727,144104,0,3663,683
171727,044704,0,3799,706
171730,000104,0,3739,700
171730,100704,0,3925,733
171731,004104,0,3739,700
171731,104704,0,3925,733
171732,040104,0,3739,700
171732,040704,0,3925,733
171733,144104,0,3739,700
171733,044704,0,3925,733
171734,000104,0,3739,700
171734,100704,0,3925,733
171735,004104,0,3739,700
171735,104704,0,3925,733
171736,040104,0,3739,700
171736,040704,0,3925,733
171737,000104,0,3692,690
171737,100704,0,3878,723
171740,040104,0,3718,696
171740,040704,0,3904,729
171741,000104,0,3718,696
171741,100704,0,3904,729
171742,040104,0,3718,696
171742,040704,0,3904,729
171743,000104,0,3718,696
171743,100704,0,3904,729
171744,040104,0,3718,696
171744,040704,0,3904,729
171745,000104,0,3718,696
171745,100704,0,3904,729
171746,040104,0,3718,696
171746,040704,0,3904,729
171747,004104,0,3671,686
171747,104704,0,3857,719
171750,000104,0,3739,700
171750,100704,0,3925,733
171751,004104,0,3739,700
171751,104704,0,3925,733
171752,040104,0,3739,700
171752,040704,0,3925,733
171753,144104,0,3739,700
171753,044704,0,3925,733
171754,000104,0,3739,700
171754,100704,0,3925,733
171755,004104,0,3739,700
171755,104704,0,3925,733
171756,040104,0,3739,700
171756,040704,0,3925,733
171757,000104,0,1953,336
171757,100704,0,1955,337
171760,040104,0,3689,687
171760,040704,0,3875,720
171761,144104,0,3689,687
171761,044704,0,3875,720
171762,000104,0,3689,687
171762,100704,0,3875,720
171763,004104,0,3689,687
171763,104704,0,3875,720
171764,040104,0,3689,687
171764,040704,0,3875,720
171765,144104,0,3689,687
171765,044704,0,3875,720
171766,000104,0,3689,687
171766,100704,0,3875,720
171767,040104,0,3689,687
171767,040704,0,3875,720
171770,144104,0,3695,690
171770,044704,0,3881,723
171771,144104,0,3695,690
171771,044704,0,3881,723
171772,144104,0,3695,690
171772,044704,0,3881,723
171773,144104,0,3695,690
171773,044704,0,3881,723
171774,144104,0,3695,690
171774,044704,0,3881,723
171775,144104,0,3695,690
171775,044704,0,3881,723
171776,144104,0,3695,690
171776,044704,0,3881,723
171777,000104,0,3695,690
171777,100704,0,3881,723
170400,003104,0,1916,331
170400,103704,0,1968,340
170401,041104,0,1916,331
170401,041704,0,1968,340
170402,003104,0,1916,331
170402,103704,0,1968,340
170403,041104,0,1916,331
170403,041704,0,1968,340
170404,003104,0,1916,331
170404,103704,0,1968,340
170405,041104,0,1916,331
170405,041704,0,1968,340
170406,003104,0,1603,276
170406,103704,0,1605,277
170407,003104,0,1603,276
170407,103704,0,1605,277
170410,003104,0,1900,332
170410,103704,0,1984,347
170411,041104,0,1900,332
170411,041704,0,1984,347
170412,003104,0,1900,332
170412,103704,0,1984,347
170413,041104,0,1900,332
170413,041704,0,1984,347
170414,003104,0,1900,332
170414,103704,0,1984,347
170415,041104,0,1900,332
170415,041704,0,1984,347
170416,003104,0,1900,332
170416,103704,0,1984,347
170417,146104,0,1900,332
170417,046704,0,1984,347
170420,041104,0,2009,355
170420,041704,0,2093,370
170421,003104,0,2009,355
170421,103704,0,2093,370
170422,041104,0,2009,355
170422,041704,0,2093,370
170423,003104,0,2009,355
170423,103704,0,2093,370
170424,041104,0,2009,355
170424,041704,0,2093,370
170425,003104,0,2009,355
170425,103704,0,2093,370
170426,041104,0,2009,355
170426,041704,0,2093,370
170427,004104,0,1938,340
170427,104704,0,1940,341
170430,041104,0,2030,359
170430,041704,0,2114,374
170431,146104,0,2030,359
170431,046704,0,2114,374
170432,003104,0,2030,359
170432,103704,0,2114,374
170433,004104,0,2030,359
170433,104704,0,2114,374
170434,041104,0,2030,359
170434,041704,0,2114,374
170435,146104,0,2030,359
170435,046704,0,2114,374
170436,003104,0,2030,359
170436,103704,0,2114,374
170437,041104,0,1983,349
170437,041704,0,2067,364
170440,003104,0,2009,355
170440,103704,0,2093,370
170441,041104,0,2009,355
170441,041704,0,2093,370
170442,003104,0,2009,355
170442,103704,0,2093,370
170443,041104,0,2009,355
170443,041704,0,2093,370
170444,003104,0,2009,355
170444,103704,0,2093,370
170445,041104,0,2009,355
170445,041704,0,2093,370
170446,003104,0,2009,355
170446,103704,0,2093,370
170447,146104,0,1962,345
170447,046704,0,2046,360
170450,041104,0,2030,359
170450,041704,0,2114,374
170451,146104,0,2030,359
170451,046704,0,2114,374
170452,003104,0,2030,359
170452,103704,0,2114,374
170453,004104,0,2030,359
170453,104704,0,2114,374
170454,041104,0,2030,359
170454,041704,0,2114,374
170455,146104,0,2030,359
170455,046704,0,2114,374
170456,003104,0,2030,359
170456,103704,0,2114,374
170457,041104,0,1946,340
170457,041704,0,1948,341
170460,003104,0,1980,346
170460,103704,0,2064,361
170461,004104,0,1980,346
170461,104704,0,2064,361
170462,041104,0,1980,346
170462,041704,0,2064,361
170463,146104,0,1980,346
170463,046704,0,2064,361
170464,003104,0,1980,346
170464,103704,0,2064,361
170465,004104,0,1980,346
170465,104704,0,2064,361
170466,041104,0,1980,346
170466,041704,0,2064,361
170467,003104,0,1980,346
170467,103704,0,2064,361
170470,004104,0,1986,349
170470,104704,0,2070,364
170471,004104,0,1986,349
170471,104704,0,2070,364
170472,004104,0,1986,349
170472,104704,0,2070,364
170473,004104,0,1986,349
170473,104704,0,2070,364
170474,004104,0,1986,349
170474,104704,0,2070,364
170475,004104,0,1986,349
170475,104704,0,2070,364
170476,004104,0,1986,349
170476,104704,0,2070,364
170477,041104,0,1986,349
170477,041704,0,2070,364
170500,041104,0,1869,322
170500,041704,0,1921,331
170501,003104,0,1869,322
170501,103704,0,1921,331
170502,041104,0,1869,322
170502,041704,0,1921,331
170503,003104,0,1869,322
170503,103704,0,1921,331
170504,041104,0,1869,322
170504,041704,0,1921,331
170505,003104,0,1869,322
170505,103704,0,1921,331
170506,041104,0,1441,243
170506,041704,0,1443,244
170507,041104,0,1441,243
170507,041704,0,1443,244
170510,041104,0,1781,311
170510,041704,0,1833,322
170511,003104,0,1781,311
170511,103704,0,1833,322
170512,041104,0,1781,311
170512,041704,0,1833,322
170513,003104,0,1781,311
170513,103704,0,1833,322
170514,041104,0,1781,311
170514,041704,0,1833,322
170515,003104,0,1781,311
170515,103704,0,1833,322
170516,041104,0,1781,311
170516,041704,0,1833,322
170517,004104,0,1781,311
170517,104704,0,1833,322
170520,003104,0,1890,334
170520,103704,0,1942,345
170521,041104,0,1890,334
170521,041704,0,1942,345
170522,003104,0,1890,334
170522,103704,0,1942,345
170523,041104,0,1890,334
170523,041704,0,1942,345
170524,003104,0,1890,334
170524,103704,0,1942,345
170525,041104,0,1890,334
170525,041704,0,1942,345
170526,003104,0,1890,334
170526,103704,0,1942,345
170527,146104,0,1835,321
170527,046704,0,1837,322
170530,003104,0,1911,338
170530,103704,0,1963,349
170531,004104,0,1911,338
170531,104704,0,1963,349
170532,041104,0,1911,338
170532,041704,0,1963,349
170533,146104,0,1911,338
170533,046704,0,1963,349
170534,003104,0,1911,338
170534,103704,0,1963,349
170535,004104,0,1911,338
170535,104704,0,1963,349
170536,041104,0,1911,338
170536,041704,0,1963,349
170537,003104,0,1864,328
170537,103704,0,1916,339
170540,041104,0,1890,334
170540,041704,0,1942,345
170541,003104,0,1890,334
170541,103704,0,1942,345
170542,041104,0,1890,334
170542,041704,0,1942,345
170543,003104,0,1890,334
170543,103704,0,1942,345
170544,041104,0,1890,334
170544,041704,0,1942,345
170545,003104,0,1890,334
170545,103704,0,1942,345
170546,041104,0,1890,334
170546,041704,0,1942,345
170547,004104,0,1843,324
170547,104704,0,1895,335
170550,003104,0,1911,338
170550,103704,0,1963,349
170551,004104,0,1911,338
170551,104704,0,1963,349
170552,041104,0,1911,338
170552,041704,0,1963,349
170553,146104,0,1911,338
170553,046704,0,1963,349
170554,003104,0,1911,338
170554,103704,0,1963,349
170555,004104,0,1911,338
170555,104704,0,1963,349
170556,041104,0,1911,338
170556,041704,0,1963,349
170557,003104,0,1716,304
170557,103704,0,1718,305
170560,041104,0,1861,325
170560,041704,0,1913,336
170561,146104,0,1861,325
170561,046704,0,1913,336
170562,003104,0,1861,325
170562,103704,0,1913,336
170563,004104,0,1861,325
170563,104704,0,1913,336
170564,041104,0,1861,325
170564,041704,0,1913,336
170565,146104,0,1861,325
170565,046704,0,1913,336
170566,003104,0,1861,325
170566,103704,0,1913,336
170567,041104,0,1861,325
170567,041704,0,1913,336
170570,146104,0,1867,328
170570,046704,0,1919,339
170571,146104,0,1867,328
170571,046704,0,1919,339
170572,146104,0,1867,328
170572,046704,0,1919,339
170573,146104,0,1867,328
170573,046704,0,1919,339
170574,146104,0,1867,328
170574,046704,0,1919,339
170575,146104,0,1867,328
170575,046704,0,1919,339
170576,146104,0,1867,328
170576,046704,0,1919,339
170577,003104,0,1867,328
170577,103704,0,1919,339
170600,003104,0,2206,383
170600,103704,0,2308,400
170601,041104,0,2206,383
170601,041704,0,2308,400
170602,003104,0,2206,383
170602,103704,0,2308,400
170603,041104,0,2206,383
170603,041704,0,2308,400
170604,003104,0,2206,383
170604,103704,0,2308,400
170605,041104,0,2206,383
170605,041704,0,2308,400
170606,003104,0,1647,282
170606,103704,0,1649,283
170607,003104,0,1647,282
170607,103704,0,1649,283
170610,003104,0,2186,386
170610,103704,0,2320,411
170611,146104,0,2186,386
170611,046704,0,2320,411
170612,041104,0,2186,386
170612,041704,0,2320,411
170613,004104,0,2186,386
170613,104704,0,2320,411
170614,003104,0,2186,386
170614,103704,0,2320,411
170615,146104,0,2186,386
170615,046704,0,2320,411
170616,041104,0,2186,386
170616,041704,0,2320,411
170617,041104,0,2186,386
170617,041704,0,2320,411
170620,041104,0,2295,409
170620,041704,0,2429,434
170621,004104,0,2295,409
170621,104704,0,2429,434
170622,003104,0,2295,409
170622,103704,0,2429,434
170623,146104,0,2295,409
170623,046704,0,2429,434
170624,041104,0,2295,409
170624,041704,0,2429,434
170625,004104,0,2295,409
170625,104704,0,2429,434
170626,003104,0,2295,409
170626,103704,0,2429,434
170627,003104,0,2199,389
170627,103704,0,2201,390
170630,003104,0,2316,413
170630,103704,0,2450,438
170631,041104,0,2316,413
170631,041704,0,2450,438
170632,003104,0,2316,413
170632,103704,0,2450,438
170633,041104,0,2316,413
170633,041704,0,2450,438
170634,003104,0,2316,413
170634,103704,0,2450,438
170635,041104,0,2316,413
170635,041704,0,2450,438
170636,003104,0,2316,413
170636,103704,0,2450,438
170637,146104,0,2269,403
170637,046704,0,2403,428
170640,041104,0,2295,409
170640,041704,0,2429,434
170641,004104,0,2295,409
170641,104704,0,2429,434
170642,003104,0,2295,409
170642,103704,0,2429,434
170643,146104,0,2295,409
170643,046704,0,2429,434
170644,041104,0,2295,409
170644,041704,0,2429,434
170645,004104,0,2295,409
170645,104704,0,2429,434
170646,003104,0,2295,409
170646,103704,0,2429,434
170647,003104,0,2248,399
170647,103704,0,2382,424
170650,003104,0,2316,413
170650,103704,0,2450,438
170651,041104,0,2316,413
170651,041704,0,2450,438
170652,003104,0,2316,413
170652,103704,0,2450,438
170653,041104,0,2316,413
170653,041704,0,2450,438
170654,003104,0,2316,413
170654,103704,0,2450,438
170655,041104,0,2316,413
170655,041704,0,2450,438
170656,003104,0,2316,413
170656,103704,0,2450,438
170657,146104,0,1738,307
170657,046704,0,1740,308
170660,004104,0,2266,400
170660,104704,0,2400,425
170661,146104,0,2266,400
170661,046704,0,2400,425
170662,004104,0,2266,400
170662,104704,0,2400,425
170663,146104,0,2266,400
170663,046704,0,2400,425
170664,004104,0,2266,400
170664,104704,0,2400,425
170665,146104,0,2266,400
170665,046704,0,2400,425
170666,004104,0,2266,400
170666,104704,0,2400,425
170667,003104,0,2266,400
170667,103704,0,2400,425
170670,041104,0,2272,403
170670,041704,0,2406,428
170671,146104,0,2272,403
170671,046704,0,2406,428
170672,003104,0,2272,403
170672,103704,0,2406,428
170673,004104,0,2272,403
170673,104704,0,2406,428
170674,041104,0,2272,403
170674,041704,0,2406,428
170675,146104,0,2272,403
170675,046704,0,2406,428
170676,003104,0,2272,403
170676,103704,0,2406,428
170677,041104,0,2272,403
170677,041704,0,2406,428
170700,146104,0,2228,386
170700,046704,0,2330,403
170701,004104,0,2228,386
170701,104704,0,2330,403
170702,146104,0,2228,386
170702,046704,0,2330,403
170703,004104,0,2228,386
170703,104704,0,2330,403
170704,146104,0,2228,386
170704,046704,0,2330,403
170705,004104,0,2228,386
170705,104704,0,2330,403
170706,146104,0,1485,249
170706,046704,0,1487,250
170707,146104,0,1485,249
170707,046704,0,1487,250
170710,146104,0,2208,389
170710,046704,0,2342,414
170711,041104,0,2208,389
170711,041704,0,2342,414
170712,004104,0,2208,389
170712,104704,0,2342,414
170713,003104,0,2208,389
170713,103704,0,2342,414
170714,146104,0,2208,389
170714,046704,0,2342,414
170715,041104,0,2208,389
170715,041704,0,2342,414
170716,004104,0,2208,389
170716,104704,0,2342,414
170717,004104,0,2208,389
170717,104704,0,2342,414
170720,004104,0,2317,412
170720,104704,0,2451,437
170721,003104,0,2317,412
170721,103704,0,2451,437
170722,146104,0,2317,412
170722,046704,0,2451,437
170723,041104,0,2317,412
170723,041704,0,2451,437
170724,004104,0,2317,412
170724,104704,0,2451,437
170725,003104,0,2317,412
170725,103704,0,2451,437
170726,146104,0,2317,412
170726,046704,0,2451,437
170727,146104,0,2221,392
170727,046704,0,2223,393
170730,146104,0,2338,416
170730,046704,0,2472,441
170731,004104,0,2338,416
170731,104704,0,2472,441
170732,146104,0,2338,416
170732,046704,0,2472,441
170733,004104,0,2338,416
170733,104704,0,2472,441
170734,146104,0,2338,416
170734,046704,0,2472,441
170735,004104,0,2338,416
170735,104704,0,2472,441
170736,146104,0,2338,416
170736,046704,0,2472,441
170737,041104,0,2291,406
170737,041704,0,2425,431
170740,004104,0,2317,412
170740,104704,0,2451,437
170741,003104,0,2317,412
170741,103704,0,2451,437
170742,146104,0,2317,412
170742,046704,0,2451,437
170743,041104,0,2317,412
170743,041704,0,2451,437
170744,004104,0,2317,412
170744,104704,0,2451,437
170745,003104,0,2317,412
170745,103704,0,2451,437
170746,146104,0,2317,412
170746,046704,0,2451,437
170747,146104,0,2270,402
170747,046704,0,2404,427
170750,146104,0,2338,416
170750,046704,0,2472,441
170751,004104,0,2338,416
170751,104704,0,2472,441
170752,146104,0,2338,416
170752,046704,0,2472,441
170753,004104,0,2338,416
170753,104704,0,2472,441
170754,146104,0,2338,416
170754,046704,0,2472,441
170755,004104,0,2338,416
170755,104704,0,2472,441
170756,146104,0,2338,416
170756,046704,0,2472,441
170757,041104,0,1760,310
170757,041704,0,1762,311
170760,003104,0,2288,403
170760,103704,0,2422,428
170761,041104,0,2288,403
170761,041704,0,2422,428
170762,003104,0,2288,403
170762,103704,0,2422,428
170763,041104,0,2288,403
170763,041704,0,2422,428
170764,003104,0,2288,403
170764,103704,0,2422,428
170765,041104,0,2288,403
170765,041704,0,2422,428
170766,003104,0,2288,403
170766,103704,0,2422,428
170767,146104,0,2288,403
170767,046704,0,2422,428
170770,004104,0,2294,406
170770,104704,0,2428,431
170771,041104,0,2294,406
170771,041704,0,2428,431
170772,146104,0,2294,406
170772,046704,0,2428,431
170773,003104,0,2294,406
170773,103704,0,2428,431
170774,004104,0,2294,406
170774,104704,0,2428,431
170775,041104,0,2294,406
170775,041704,0,2428,431
170776,146104,0,2294,406
170776,046704,0,2428,431
170777,004104,0,2294,406
170777,104704,0,2428,431
