opcode,initial_fps,ack_wait_clocks,core_clocks,memory_beats
170100,043304,0,1145,185
170101,043304,0,1145,185
170102,106304,0,1145,185
170103,001704,0,1145,185
170104,045304,0,1145,185
170105,140704,0,1145,185
170106,044304,0,1145,185
170107,147704,0,1145,185
170110,043304,0,1186,196
170111,001704,0,1186,196
170112,044304,0,1186,196
170113,043304,0,1186,196
170114,045304,0,1186,196
170115,147704,0,1186,196
170116,106304,0,1186,196
170117,045304,0,1186,196
170120,044304,0,1305,219
170121,043304,0,1305,219
170122,045304,0,1305,219
170123,147704,0,1305,219
170124,106304,0,1305,219
170125,140704,0,1305,219
170126,043304,0,1305,219
170127,106304,0,1256,209
170130,045304,0,1328,223
170131,043304,0,1328,223
170132,045304,0,1328,223
170133,043304,0,1328,223
170134,045304,0,1328,223
170135,043304,0,1328,223
170136,045304,0,1328,223
170137,147704,0,1279,213
170140,106304,0,1305,219
170141,140704,0,1305,219
170142,043304,0,1305,219
170143,001704,0,1305,219
170144,044304,0,1305,219
170145,043304,0,1305,219
170146,045304,0,1305,219
170147,044304,0,1256,209
170150,043304,0,1328,223
170151,045304,0,1328,223
170152,043304,0,1328,223
170153,045304,0,1328,223
170154,043304,0,1328,223
170155,045304,0,1328,223
170156,043304,0,1328,223
170157,001704,0,1410,235
170160,045304,0,1273,210
170161,043304,0,1273,210
170162,045304,0,1273,210
170163,043304,0,1273,210
170164,045304,0,1273,210
170165,043304,0,1273,210
170166,045304,0,1273,210
170167,147704,0,1273,210
170170,001704,0,1281,213
170171,043304,0,1281,213
170172,140704,0,1281,213
170173,106304,0,1281,213
170174,147704,0,1281,213
170175,045304,0,1281,213
170176,043304,0,1281,213
170177,140704,0,1281,213
170200,106304,0,1181,187
170201,001704,0,1181,187
170202,045304,0,1181,187
170203,140704,0,1181,187
170204,044304,0,1181,187
170205,147704,0,1181,187
170206,043304,0,1181,187
170207,043304,0,1181,187
170210,106304,0,1245,201
170211,140704,0,1245,201
170212,043304,0,1245,201
170213,001704,0,1245,201
170214,044304,0,1245,201
170215,043304,0,1245,201
170216,045304,0,1245,201
170217,044304,0,1245,201
170220,043304,0,1364,224
170221,001704,0,1364,224
170222,044304,0,1364,224
170223,043304,0,1364,224
170224,045304,0,1364,224
170225,147704,0,1364,224
170226,106304,0,1364,224
170227,045304,0,1315,214
170230,044304,0,1387,228
170231,106304,0,1387,228
170232,044304,0,1387,228
170233,106304,0,1387,228
170234,044304,0,1387,228
170235,106304,0,1387,228
170236,044304,0,1387,228
170237,043304,0,1338,218
170240,045304,0,1364,224
170241,147704,0,1364,224
170242,106304,0,1364,224
170243,140704,0,1364,224
170244,043304,0,1364,224
170245,001704,0,1364,224
170246,044304,0,1364,224
170247,043304,0,1315,214
170250,106304,0,1387,228
170251,044304,0,1387,228
170252,106304,0,1387,228
170253,044304,0,1387,228
170254,106304,0,1387,228
170255,044304,0,1387,228
170256,106304,0,1387,228
170257,140704,0,1495,246
170260,044304,0,1332,215
170261,106304,0,1332,215
170262,044304,0,1332,215
170263,106304,0,1332,215
170264,044304,0,1332,215
170265,106304,0,1332,215
170266,044304,0,1332,215
170267,043304,0,1332,215
170270,140704,0,1340,218
170271,106304,0,1340,218
170272,147704,0,1340,218
170273,045304,0,1340,218
170274,043304,0,1340,218
170275,044304,0,1340,218
170276,001704,0,1340,218
170277,147704,0,1340,218
170300,045304,0,1306,204
170301,140704,0,1306,204
170302,044304,0,1306,204
170303,147704,0,1306,204
170304,043304,0,1306,204
170305,043304,0,1306,204
170306,106304,0,1306,204
170307,001704,0,1306,204
170310,045304,0,1412,225
170311,043304,0,1412,225
170312,045304,0,1412,225
170313,043304,0,1412,225
170314,045304,0,1412,225
170315,043304,0,1412,225
170316,045304,0,1412,225
170317,147704,0,1412,225
170320,106304,0,1531,248
170321,044304,0,1531,248
170322,106304,0,1531,248
170323,044304,0,1531,248
170324,106304,0,1531,248
170325,044304,0,1531,248
170326,106304,0,1531,248
170327,140704,0,1458,233
170330,147704,0,1554,252
170331,045304,0,1554,252
170332,043304,0,1554,252
170333,044304,0,1554,252
170334,001704,0,1554,252
170335,043304,0,1554,252
170336,140704,0,1554,252
170337,043304,0,1505,242
170340,140704,0,1531,248
170341,043304,0,1531,248
170342,140704,0,1531,248
170343,043304,0,1531,248
170344,140704,0,1531,248
170345,043304,0,1531,248
170346,140704,0,1531,248
170347,043304,0,1482,238
170350,001704,0,1554,252
170351,043304,0,1554,252
170352,140704,0,1554,252
170353,106304,0,1554,252
170354,147704,0,1554,252
170355,045304,0,1554,252
170356,043304,0,1554,252
170357,140704,0,1620,263
170360,044304,0,1499,239
170361,001704,0,1499,239
170362,043304,0,1499,239
170363,140704,0,1499,239
170364,106304,0,1499,239
170365,147704,0,1499,239
170366,045304,0,1499,239
170367,043304,0,1499,239
170370,140704,0,1507,242
170371,001704,0,1507,242
170372,043304,0,1507,242
170373,147704,0,1507,242
170374,140704,0,1507,242
170375,001704,0,1507,242
170376,043304,0,1507,242
170377,044304,0,1507,242
170000,045304,0,790,135
170001,045304,0,754,129
170002,045304,0,778,132
170011,045304,0,802,135
170012,045304,0,826,138
172400,041104,0,1831,283
172400,041704,0,1877,290
172401,004104,0,1831,283
172401,104704,0,1877,290
172402,003104,0,1831,283
172402,103704,0,1877,290
172403,146104,0,1831,283
172403,046704,0,1877,290
172404,041104,0,1831,283
172404,041704,0,1877,290
172405,004104,0,1831,283
172405,104704,0,1877,290
172406,003104,0,1851,293
172406,103704,0,1854,294
172407,003104,0,1851,293
172407,103704,0,1854,294
172410,003104,0,2122,340
172410,103704,0,2235,359
172411,146104,0,2122,340
172411,046704,0,2235,359
172412,041104,0,2122,340
172412,041704,0,2235,359
172413,004104,0,2122,340
172413,104704,0,2235,359
172414,003104,0,2122,340
172414,103704,0,2235,359
172415,146104,0,2122,340
172415,046704,0,2235,359
172416,041104,0,2122,340
172416,041704,0,2235,359
172417,041104,0,2122,340
172417,041704,0,2235,359
172420,041104,0,2241,363
172420,041704,0,2354,382
172421,004104,0,2241,363
172421,104704,0,2354,382
172422,003104,0,2241,363
172422,103704,0,2354,382
172423,146104,0,2241,363
172423,046704,0,2354,382
172424,041104,0,2241,363
172424,041704,0,2354,382
172425,004104,0,2241,363
172425,104704,0,2354,382
172426,003104,0,2241,363
172426,103704,0,2354,382
172427,003104,0,2182,350
172427,103704,0,2239,359
172430,041104,0,2264,367
172430,041704,0,2377,386
172431,003104,0,2264,367
172431,103704,0,2377,386
172432,041104,0,2264,367
172432,041704,0,2377,386
172433,003104,0,2264,367
172433,103704,0,2377,386
172434,041104,0,2264,367
172434,041704,0,2377,386
172435,003104,0,2264,367
172435,103704,0,2377,386
172436,041104,0,2264,367
172436,041704,0,2377,386
172437,004104,0,2215,357
172437,104704,0,2328,376
172440,003104,0,2241,363
172440,103704,0,2354,382
172441,146104,0,2241,363
172441,046704,0,2354,382
172442,041104,0,2241,363
172442,041704,0,2354,382
172443,004104,0,2241,363
172443,104704,0,2354,382
172444,003104,0,2241,363
172444,103704,0,2354,382
172445,146104,0,2241,363
172445,046704,0,2354,382
172446,041104,0,2241,363
172446,041704,0,2354,382
172447,041104,0,2192,353
172447,041704,0,2305,372
172450,041104,0,2264,367
172450,041704,0,2377,386
172451,003104,0,2264,367
172451,103704,0,2377,386
172452,041104,0,2264,367
172452,041704,0,2377,386
172453,003104,0,2264,367
172453,103704,0,2377,386
172454,041104,0,2264,367
172454,041704,0,2377,386
172455,003104,0,2264,367
172455,103704,0,2377,386
172456,041104,0,2264,367
172456,041704,0,2377,386
172457,004104,0,1957,318
172457,104704,0,1960,319
172460,003104,0,2209,354
172460,103704,0,2322,373
172461,041104,0,2209,354
172461,041704,0,2322,373
172462,003104,0,2209,354
172462,103704,0,2322,373
172463,041104,0,2209,354
172463,041704,0,2322,373
172464,003104,0,2209,354
172464,103704,0,2322,373
172465,041104,0,2209,354
172465,041704,0,2322,373
172466,003104,0,2209,354
172466,103704,0,2322,373
172467,146104,0,2209,354
172467,046704,0,2322,373
172470,004104,0,2217,357
172470,104704,0,2330,376
172471,041104,0,2217,357
172471,041704,0,2330,376
172472,146104,0,2217,357
172472,046704,0,2330,376
172473,003104,0,2217,357
172473,103704,0,2330,376
172474,004104,0,2217,357
172474,104704,0,2330,376
172475,041104,0,2217,357
172475,041704,0,2330,376
172476,146104,0,2217,357
172476,046704,0,2330,376
172477,004104,0,2217,357
172477,104704,0,2330,376
172500,041104,0,1831,283
172500,041704,0,1877,290
172501,004104,0,1831,283
172501,104704,0,1877,290
172502,003104,0,1831,283
172502,103704,0,1877,290
172503,146104,0,1831,283
172503,046704,0,1877,290
172504,041104,0,1831,283
172504,041704,0,1877,290
172505,004104,0,1831,283
172505,104704,0,1877,290
172506,003104,0,1851,293
172506,103704,0,1854,294
172507,003104,0,1851,293
172507,103704,0,1854,294
172510,003104,0,2122,340
172510,103704,0,2235,359
172511,146104,0,2122,340
172511,046704,0,2235,359
172512,041104,0,2122,340
172512,041704,0,2235,359
172513,004104,0,2122,340
172513,104704,0,2235,359
172514,003104,0,2122,340
172514,103704,0,2235,359
172515,146104,0,2122,340
172515,046704,0,2235,359
172516,041104,0,2122,340
172516,041704,0,2235,359
172517,041104,0,2122,340
172517,041704,0,2235,359
172520,041104,0,2241,363
172520,041704,0,2354,382
172521,004104,0,2241,363
172521,104704,0,2354,382
172522,003104,0,2241,363
172522,103704,0,2354,382
172523,146104,0,2241,363
172523,046704,0,2354,382
172524,041104,0,2241,363
172524,041704,0,2354,382
172525,004104,0,2241,363
172525,104704,0,2354,382
172526,003104,0,2241,363
172526,103704,0,2354,382
172527,003104,0,2182,350
172527,103704,0,2239,359
172530,041104,0,2264,367
172530,041704,0,2377,386
172531,003104,0,2264,367
172531,103704,0,2377,386
172532,041104,0,2264,367
172532,041704,0,2377,386
172533,003104,0,2264,367
172533,103704,0,2377,386
172534,041104,0,2264,367
172534,041704,0,2377,386
172535,003104,0,2264,367
172535,103704,0,2377,386
172536,041104,0,2264,367
172536,041704,0,2377,386
172537,004104,0,2215,357
172537,104704,0,2328,376
172540,003104,0,2241,363
172540,103704,0,2354,382
172541,146104,0,2241,363
172541,046704,0,2354,382
172542,041104,0,2241,363
172542,041704,0,2354,382
172543,004104,0,2241,363
172543,104704,0,2354,382
172544,003104,0,2241,363
172544,103704,0,2354,382
172545,146104,0,2241,363
172545,046704,0,2354,382
172546,041104,0,2241,363
172546,041704,0,2354,382
172547,041104,0,2192,353
172547,041704,0,2305,372
172550,041104,0,2264,367
172550,041704,0,2377,386
172551,003104,0,2264,367
172551,103704,0,2377,386
172552,041104,0,2264,367
172552,041704,0,2377,386
172553,003104,0,2264,367
172553,103704,0,2377,386
172554,041104,0,2264,367
172554,041704,0,2377,386
172555,003104,0,2264,367
172555,103704,0,2377,386
172556,041104,0,2264,367
172556,041704,0,2377,386
172557,004104,0,1957,318
172557,104704,0,1960,319
172560,003104,0,2209,354
172560,103704,0,2322,373
172561,041104,0,2209,354
172561,041704,0,2322,373
172562,003104,0,2209,354
172562,103704,0,2322,373
172563,041104,0,2209,354
172563,041704,0,2322,373
172564,003104,0,2209,354
172564,103704,0,2322,373
172565,041104,0,2209,354
172565,041704,0,2322,373
172566,003104,0,2209,354
172566,103704,0,2322,373
172567,146104,0,2209,354
172567,046704,0,2322,373
172570,004104,0,2217,357
172570,104704,0,2330,376
172571,041104,0,2217,357
172571,041704,0,2330,376
172572,146104,0,2217,357
172572,046704,0,2330,376
172573,003104,0,2217,357
172573,103704,0,2330,376
172574,004104,0,2217,357
172574,104704,0,2330,376
172575,041104,0,2217,357
172575,041704,0,2330,376
172576,146104,0,2217,357
172576,046704,0,2330,376
172577,004104,0,2217,357
172577,104704,0,2330,376
172600,041104,0,1831,283
172600,041704,0,1877,290
172601,004104,0,1831,283
172601,104704,0,1877,290
172602,003104,0,1831,283
172602,103704,0,1877,290
172603,146104,0,1831,283
172603,046704,0,1877,290
172604,041104,0,1831,283
172604,041704,0,1877,290
172605,004104,0,1831,283
172605,104704,0,1877,290
172606,003104,0,1851,293
172606,103704,0,1854,294
172607,003104,0,1851,293
172607,103704,0,1854,294
172610,003104,0,2122,340
172610,103704,0,2235,359
172611,146104,0,2122,340
172611,046704,0,2235,359
172612,041104,0,2122,340
172612,041704,0,2235,359
172613,004104,0,2122,340
172613,104704,0,2235,359
172614,003104,0,2122,340
172614,103704,0,2235,359
172615,146104,0,2122,340
172615,046704,0,2235,359
172616,041104,0,2122,340
172616,041704,0,2235,359
172617,041104,0,2122,340
172617,041704,0,2235,359
172620,041104,0,2241,363
172620,041704,0,2354,382
172621,004104,0,2241,363
172621,104704,0,2354,382
172622,003104,0,2241,363
172622,103704,0,2354,382
172623,146104,0,2241,363
172623,046704,0,2354,382
172624,041104,0,2241,363
172624,041704,0,2354,382
172625,004104,0,2241,363
172625,104704,0,2354,382
172626,003104,0,2241,363
172626,103704,0,2354,382
172627,003104,0,2182,350
172627,103704,0,2239,359
172630,041104,0,2264,367
172630,041704,0,2377,386
172631,003104,0,2264,367
172631,103704,0,2377,386
172632,041104,0,2264,367
172632,041704,0,2377,386
172633,003104,0,2264,367
172633,103704,0,2377,386
172634,041104,0,2264,367
172634,041704,0,2377,386
172635,003104,0,2264,367
172635,103704,0,2377,386
172636,041104,0,2264,367
172636,041704,0,2377,386
172637,004104,0,2215,357
172637,104704,0,2328,376
172640,003104,0,2241,363
172640,103704,0,2354,382
172641,146104,0,2241,363
172641,046704,0,2354,382
172642,041104,0,2241,363
172642,041704,0,2354,382
172643,004104,0,2241,363
172643,104704,0,2354,382
172644,003104,0,2241,363
172644,103704,0,2354,382
172645,146104,0,2241,363
172645,046704,0,2354,382
172646,041104,0,2241,363
172646,041704,0,2354,382
172647,041104,0,2192,353
172647,041704,0,2305,372
172650,041104,0,2264,367
172650,041704,0,2377,386
172651,003104,0,2264,367
172651,103704,0,2377,386
172652,041104,0,2264,367
172652,041704,0,2377,386
172653,003104,0,2264,367
172653,103704,0,2377,386
172654,041104,0,2264,367
172654,041704,0,2377,386
172655,003104,0,2264,367
172655,103704,0,2377,386
172656,041104,0,2264,367
172656,041704,0,2377,386
172657,004104,0,1957,318
172657,104704,0,1960,319
172660,003104,0,2209,354
172660,103704,0,2322,373
172661,041104,0,2209,354
172661,041704,0,2322,373
172662,003104,0,2209,354
172662,103704,0,2322,373
172663,041104,0,2209,354
172663,041704,0,2322,373
172664,003104,0,2209,354
172664,103704,0,2322,373
172665,041104,0,2209,354
172665,041704,0,2322,373
172666,003104,0,2209,354
172666,103704,0,2322,373
172667,146104,0,2209,354
172667,046704,0,2322,373
172670,004104,0,2217,357
172670,104704,0,2330,376
172671,041104,0,2217,357
172671,041704,0,2330,376
172672,146104,0,2217,357
172672,046704,0,2330,376
172673,003104,0,2217,357
172673,103704,0,2330,376
172674,004104,0,2217,357
172674,104704,0,2330,376
172675,041104,0,2217,357
172675,041704,0,2330,376
172676,146104,0,2217,357
172676,046704,0,2330,376
172677,004104,0,2217,357
172677,104704,0,2330,376
172700,041104,0,1831,283
172700,041704,0,1877,290
172701,004104,0,1831,283
172701,104704,0,1877,290
172702,003104,0,1831,283
172702,103704,0,1877,290
172703,146104,0,1831,283
172703,046704,0,1877,290
172704,041104,0,1831,283
172704,041704,0,1877,290
172705,004104,0,1831,283
172705,104704,0,1877,290
172706,003104,0,1851,293
172706,103704,0,1854,294
172707,003104,0,1851,293
172707,103704,0,1854,294
172710,003104,0,2122,340
172710,103704,0,2235,359
172711,146104,0,2122,340
172711,046704,0,2235,359
172712,041104,0,2122,340
172712,041704,0,2235,359
172713,004104,0,2122,340
172713,104704,0,2235,359
172714,003104,0,2122,340
172714,103704,0,2235,359
172715,146104,0,2122,340
172715,046704,0,2235,359
172716,041104,0,2122,340
172716,041704,0,2235,359
172717,041104,0,2122,340
172717,041704,0,2235,359
172720,041104,0,2241,363
172720,041704,0,2354,382
172721,004104,0,2241,363
172721,104704,0,2354,382
172722,003104,0,2241,363
172722,103704,0,2354,382
172723,146104,0,2241,363
172723,046704,0,2354,382
172724,041104,0,2241,363
172724,041704,0,2354,382
172725,004104,0,2241,363
172725,104704,0,2354,382
172726,003104,0,2241,363
172726,103704,0,2354,382
172727,003104,0,2182,350
172727,103704,0,2239,359
172730,041104,0,2264,367
172730,041704,0,2377,386
172731,003104,0,2264,367
172731,103704,0,2377,386
172732,041104,0,2264,367
172732,041704,0,2377,386
172733,003104,0,2264,367
172733,103704,0,2377,386
172734,041104,0,2264,367
172734,041704,0,2377,386
172735,003104,0,2264,367
172735,103704,0,2377,386
172736,041104,0,2264,367
172736,041704,0,2377,386
172737,004104,0,2215,357
172737,104704,0,2328,376
172740,003104,0,2241,363
172740,103704,0,2354,382
172741,146104,0,2241,363
172741,046704,0,2354,382
172742,041104,0,2241,363
172742,041704,0,2354,382
172743,004104,0,2241,363
172743,104704,0,2354,382
172744,003104,0,2241,363
172744,103704,0,2354,382
172745,146104,0,2241,363
172745,046704,0,2354,382
172746,041104,0,2241,363
172746,041704,0,2354,382
172747,041104,0,2192,353
172747,041704,0,2305,372
172750,041104,0,2264,367
172750,041704,0,2377,386
172751,003104,0,2264,367
172751,103704,0,2377,386
172752,041104,0,2264,367
172752,041704,0,2377,386
172753,003104,0,2264,367
172753,103704,0,2377,386
172754,041104,0,2264,367
172754,041704,0,2377,386
172755,003104,0,2264,367
172755,103704,0,2377,386
172756,041104,0,2264,367
172756,041704,0,2377,386
172757,004104,0,1957,318
172757,104704,0,1960,319
172760,003104,0,2209,354
172760,103704,0,2322,373
172761,041104,0,2209,354
172761,041704,0,2322,373
172762,003104,0,2209,354
172762,103704,0,2322,373
172763,041104,0,2209,354
172763,041704,0,2322,373
172764,003104,0,2209,354
172764,103704,0,2322,373
172765,041104,0,2209,354
172765,041704,0,2322,373
172766,003104,0,2209,354
172766,103704,0,2322,373
172767,146104,0,2209,354
172767,046704,0,2322,373
172770,004104,0,2217,357
172770,104704,0,2330,376
172771,041104,0,2217,357
172771,041704,0,2330,376
172772,146104,0,2217,357
172772,046704,0,2330,376
172773,003104,0,2217,357
172773,103704,0,2330,376
172774,004104,0,2217,357
172774,104704,0,2330,376
172775,041104,0,2217,357
172775,041704,0,2330,376
172776,146104,0,2217,357
172776,046704,0,2330,376
172777,004104,0,2217,357
172777,104704,0,2330,376
174000,041104,0,1735,265
174000,041704,0,1781,272
174001,004104,0,1735,265
174001,104704,0,1781,272
174002,003104,0,1735,265
174002,103704,0,1781,272
174003,146104,0,1735,265
174003,046704,0,1781,272
174004,041104,0,1735,265
174004,041704,0,1781,272
174005,004104,0,1735,265
174005,104704,0,1781,272
174006,003104,0,1875,296
174006,103704,0,1878,297
174007,003104,0,1875,296
174007,103704,0,1878,297
174010,003104,0,1754,277
174010,103704,0,1847,292
174011,146104,0,1754,277
174011,046704,0,1847,292
174012,041104,0,1754,277
174012,041704,0,1847,292
174013,004104,0,1754,277
174013,104704,0,1847,292
174014,003104,0,1754,277
174014,103704,0,1847,292
174015,146104,0,1754,277
174015,046704,0,1847,292
174016,041104,0,1754,277
174016,041704,0,1847,292
174017,041104,0,1754,277
174017,041704,0,1847,292
174020,041104,0,1873,300
174020,041704,0,1966,315
174021,004104,0,1873,300
174021,104704,0,1966,315
174022,003104,0,1873,300
174022,103704,0,1966,315
174023,146104,0,1873,300
174023,046704,0,1966,315
174024,041104,0,1873,300
174024,041704,0,1966,315
174025,004104,0,1873,300
174025,104704,0,1966,315
174026,003104,0,1873,300
174026,103704,0,1966,315
174027,003104,0,1797,285
174027,103704,0,1800,286
174030,041104,0,1896,304
174030,041704,0,1989,319
174031,003104,0,1896,304
174031,103704,0,1989,319
174032,041104,0,1896,304
174032,041704,0,1989,319
174033,003104,0,1896,304
174033,103704,0,1989,319
174034,041104,0,1896,304
174034,041704,0,1989,319
174035,003104,0,1896,304
174035,103704,0,1989,319
174036,041104,0,1896,304
174036,041704,0,1989,319
174037,004104,0,1847,294
174037,104704,0,1940,309
174040,003104,0,1873,300
174040,103704,0,1966,315
174041,146104,0,1873,300
174041,046704,0,1966,315
174042,041104,0,1873,300
174042,041704,0,1966,315
174043,004104,0,1873,300
174043,104704,0,1966,315
174044,003104,0,1873,300
174044,103704,0,1966,315
174045,146104,0,1873,300
174045,046704,0,1966,315
174046,041104,0,1873,300
174046,041704,0,1966,315
174047,041104,0,1824,290
174047,041704,0,1917,305
174050,041104,0,1896,304
174050,041704,0,1989,319
174051,003104,0,1896,304
174051,103704,0,1989,319
174052,041104,0,1896,304
174052,041704,0,1989,319
174053,003104,0,1896,304
174053,103704,0,1989,319
174054,041104,0,1896,304
174054,041704,0,1989,319
174055,003104,0,1896,304
174055,103704,0,1989,319
174056,041104,0,1896,304
174056,041704,0,1989,319
174057,004104,0,1946,311
174057,104704,0,1949,312
174060,003104,0,1841,291
174060,103704,0,1934,306
174061,041104,0,1841,291
174061,041704,0,1934,306
174062,003104,0,1841,291
174062,103704,0,1934,306
174063,041104,0,1841,291
174063,041704,0,1934,306
174064,003104,0,1841,291
174064,103704,0,1934,306
174065,041104,0,1841,291
174065,041704,0,1934,306
174066,003104,0,1841,291
174066,103704,0,1934,306
174067,146104,0,1841,291
174067,046704,0,1934,306
174070,004104,0,1849,294
174070,104704,0,1942,309
174071,041104,0,1849,294
174071,041704,0,1942,309
174072,146104,0,1849,294
174072,046704,0,1942,309
174073,003104,0,1849,294
174073,103704,0,1942,309
174074,004104,0,1849,294
174074,104704,0,1942,309
174075,041104,0,1849,294
174075,041704,0,1942,309
174076,146104,0,1849,294
174076,046704,0,1942,309
174077,004104,0,1849,294
174077,104704,0,1942,309
174100,041104,0,1735,265
174100,041704,0,1781,272
174101,004104,0,1735,265
174101,104704,0,1781,272
174102,003104,0,1735,265
174102,103704,0,1781,272
174103,146104,0,1735,265
174103,046704,0,1781,272
174104,041104,0,1735,265
174104,041704,0,1781,272
174105,004104,0,1735,265
174105,104704,0,1781,272
174106,003104,0,1875,296
174106,103704,0,1878,297
174107,003104,0,1875,296
174107,103704,0,1878,297
174110,003104,0,1754,277
174110,103704,0,1847,292
174111,146104,0,1754,277
174111,046704,0,1847,292
174112,041104,0,1754,277
174112,041704,0,1847,292
174113,004104,0,1754,277
174113,104704,0,1847,292
174114,003104,0,1754,277
174114,103704,0,1847,292
174115,146104,0,1754,277
174115,046704,0,1847,292
174116,041104,0,1754,277
174116,041704,0,1847,292
174117,041104,0,1754,277
174117,041704,0,1847,292
174120,041104,0,1873,300
174120,041704,0,1966,315
174121,004104,0,1873,300
174121,104704,0,1966,315
174122,003104,0,1873,300
174122,103704,0,1966,315
174123,146104,0,1873,300
174123,046704,0,1966,315
174124,041104,0,1873,300
174124,041704,0,1966,315
174125,004104,0,1873,300
174125,104704,0,1966,315
174126,003104,0,1873,300
174126,103704,0,1966,315
174127,003104,0,1797,285
174127,103704,0,1800,286
174130,041104,0,1896,304
174130,041704,0,1989,319
174131,003104,0,1896,304
174131,103704,0,1989,319
174132,041104,0,1896,304
174132,041704,0,1989,319
174133,003104,0,1896,304
174133,103704,0,1989,319
174134,041104,0,1896,304
174134,041704,0,1989,319
174135,003104,0,1896,304
174135,103704,0,1989,319
174136,041104,0,1896,304
174136,041704,0,1989,319
174137,004104,0,1847,294
174137,104704,0,1940,309
174140,003104,0,1873,300
174140,103704,0,1966,315
174141,146104,0,1873,300
174141,046704,0,1966,315
174142,041104,0,1873,300
174142,041704,0,1966,315
174143,004104,0,1873,300
174143,104704,0,1966,315
174144,003104,0,1873,300
174144,103704,0,1966,315
174145,146104,0,1873,300
174145,046704,0,1966,315
174146,041104,0,1873,300
174146,041704,0,1966,315
174147,041104,0,1824,290
174147,041704,0,1917,305
174150,041104,0,1896,304
174150,041704,0,1989,319
174151,003104,0,1896,304
174151,103704,0,1989,319
174152,041104,0,1896,304
174152,041704,0,1989,319
174153,003104,0,1896,304
174153,103704,0,1989,319
174154,041104,0,1896,304
174154,041704,0,1989,319
174155,003104,0,1896,304
174155,103704,0,1989,319
174156,041104,0,1896,304
174156,041704,0,1989,319
174157,004104,0,1946,311
174157,104704,0,1949,312
174160,003104,0,1841,291
174160,103704,0,1934,306
174161,041104,0,1841,291
174161,041704,0,1934,306
174162,003104,0,1841,291
174162,103704,0,1934,306
174163,041104,0,1841,291
174163,041704,0,1934,306
174164,003104,0,1841,291
174164,103704,0,1934,306
174165,041104,0,1841,291
174165,041704,0,1934,306
174166,003104,0,1841,291
174166,103704,0,1934,306
174167,146104,0,1841,291
174167,046704,0,1934,306
174170,004104,0,1849,294
174170,104704,0,1942,309
174171,041104,0,1849,294
174171,041704,0,1942,309
174172,146104,0,1849,294
174172,046704,0,1942,309
174173,003104,0,1849,294
174173,103704,0,1942,309
174174,004104,0,1849,294
174174,104704,0,1942,309
174175,041104,0,1849,294
174175,041704,0,1942,309
174176,146104,0,1849,294
174176,046704,0,1942,309
174177,004104,0,1849,294
174177,104704,0,1942,309
174200,041104,0,1735,265
174200,041704,0,1781,272
174201,004104,0,1735,265
174201,104704,0,1781,272
174202,003104,0,1735,265
174202,103704,0,1781,272
174203,146104,0,1735,265
174203,046704,0,1781,272
174204,041104,0,1735,265
174204,041704,0,1781,272
174205,004104,0,1735,265
174205,104704,0,1781,272
174206,003104,0,1875,296
174206,103704,0,1878,297
174207,003104,0,1875,296
174207,103704,0,1878,297
174210,003104,0,1754,277
174210,103704,0,1847,292
174211,146104,0,1754,277
174211,046704,0,1847,292
174212,041104,0,1754,277
174212,041704,0,1847,292
174213,004104,0,1754,277
174213,104704,0,1847,292
174214,003104,0,1754,277
174214,103704,0,1847,292
174215,146104,0,1754,277
174215,046704,0,1847,292
174216,041104,0,1754,277
174216,041704,0,1847,292
174217,041104,0,1754,277
174217,041704,0,1847,292
174220,041104,0,1873,300
174220,041704,0,1966,315
174221,004104,0,1873,300
174221,104704,0,1966,315
174222,003104,0,1873,300
174222,103704,0,1966,315
174223,146104,0,1873,300
174223,046704,0,1966,315
174224,041104,0,1873,300
174224,041704,0,1966,315
174225,004104,0,1873,300
174225,104704,0,1966,315
174226,003104,0,1873,300
174226,103704,0,1966,315
174227,003104,0,1797,285
174227,103704,0,1800,286
174230,041104,0,1896,304
174230,041704,0,1989,319
174231,003104,0,1896,304
174231,103704,0,1989,319
174232,041104,0,1896,304
174232,041704,0,1989,319
174233,003104,0,1896,304
174233,103704,0,1989,319
174234,041104,0,1896,304
174234,041704,0,1989,319
174235,003104,0,1896,304
174235,103704,0,1989,319
174236,041104,0,1896,304
174236,041704,0,1989,319
174237,004104,0,1847,294
174237,104704,0,1940,309
174240,003104,0,1873,300
174240,103704,0,1966,315
174241,146104,0,1873,300
174241,046704,0,1966,315
174242,041104,0,1873,300
174242,041704,0,1966,315
174243,004104,0,1873,300
174243,104704,0,1966,315
174244,003104,0,1873,300
174244,103704,0,1966,315
174245,146104,0,1873,300
174245,046704,0,1966,315
174246,041104,0,1873,300
174246,041704,0,1966,315
174247,041104,0,1824,290
174247,041704,0,1917,305
174250,041104,0,1896,304
174250,041704,0,1989,319
174251,003104,0,1896,304
174251,103704,0,1989,319
174252,041104,0,1896,304
174252,041704,0,1989,319
174253,003104,0,1896,304
174253,103704,0,1989,319
174254,041104,0,1896,304
174254,041704,0,1989,319
174255,003104,0,1896,304
174255,103704,0,1989,319
174256,041104,0,1896,304
174256,041704,0,1989,319
174257,004104,0,1946,311
174257,104704,0,1949,312
174260,003104,0,1841,291
174260,103704,0,1934,306
174261,041104,0,1841,291
174261,041704,0,1934,306
174262,003104,0,1841,291
174262,103704,0,1934,306
174263,041104,0,1841,291
174263,041704,0,1934,306
174264,003104,0,1841,291
174264,103704,0,1934,306
174265,041104,0,1841,291
174265,041704,0,1934,306
174266,003104,0,1841,291
174266,103704,0,1934,306
174267,146104,0,1841,291
174267,046704,0,1934,306
174270,004104,0,1849,294
174270,104704,0,1942,309
174271,041104,0,1849,294
174271,041704,0,1942,309
174272,146104,0,1849,294
174272,046704,0,1942,309
174273,003104,0,1849,294
174273,103704,0,1942,309
174274,004104,0,1849,294
174274,104704,0,1942,309
174275,041104,0,1849,294
174275,041704,0,1942,309
174276,146104,0,1849,294
174276,046704,0,1942,309
174277,004104,0,1849,294
174277,104704,0,1942,309
174300,041104,0,1735,265
174300,041704,0,1781,272
174301,004104,0,1735,265
174301,104704,0,1781,272
174302,003104,0,1735,265
174302,103704,0,1781,272
174303,146104,0,1735,265
174303,046704,0,1781,272
174304,041104,0,1735,265
174304,041704,0,1781,272
174305,004104,0,1735,265
174305,104704,0,1781,272
174306,003104,0,1875,296
174306,103704,0,1878,297
174307,003104,0,1875,296
174307,103704,0,1878,297
174310,003104,0,1754,277
174310,103704,0,1847,292
174311,146104,0,1754,277
174311,046704,0,1847,292
174312,041104,0,1754,277
174312,041704,0,1847,292
174313,004104,0,1754,277
174313,104704,0,1847,292
174314,003104,0,1754,277
174314,103704,0,1847,292
174315,146104,0,1754,277
174315,046704,0,1847,292
174316,041104,0,1754,277
174316,041704,0,1847,292
174317,041104,0,1754,277
174317,041704,0,1847,292
174320,041104,0,1873,300
174320,041704,0,1966,315
174321,004104,0,1873,300
174321,104704,0,1966,315
174322,003104,0,1873,300
174322,103704,0,1966,315
174323,146104,0,1873,300
174323,046704,0,1966,315
174324,041104,0,1873,300
174324,041704,0,1966,315
174325,004104,0,1873,300
174325,104704,0,1966,315
174326,003104,0,1873,300
174326,103704,0,1966,315
174327,003104,0,1797,285
174327,103704,0,1800,286
174330,041104,0,1896,304
174330,041704,0,1989,319
174331,003104,0,1896,304
174331,103704,0,1989,319
174332,041104,0,1896,304
174332,041704,0,1989,319
174333,003104,0,1896,304
174333,103704,0,1989,319
174334,041104,0,1896,304
174334,041704,0,1989,319
174335,003104,0,1896,304
174335,103704,0,1989,319
174336,041104,0,1896,304
174336,041704,0,1989,319
174337,004104,0,1847,294
174337,104704,0,1940,309
174340,003104,0,1873,300
174340,103704,0,1966,315
174341,146104,0,1873,300
174341,046704,0,1966,315
174342,041104,0,1873,300
174342,041704,0,1966,315
174343,004104,0,1873,300
174343,104704,0,1966,315
174344,003104,0,1873,300
174344,103704,0,1966,315
174345,146104,0,1873,300
174345,046704,0,1966,315
174346,041104,0,1873,300
174346,041704,0,1966,315
174347,041104,0,1824,290
174347,041704,0,1917,305
174350,041104,0,1896,304
174350,041704,0,1989,319
174351,003104,0,1896,304
174351,103704,0,1989,319
174352,041104,0,1896,304
174352,041704,0,1989,319
174353,003104,0,1896,304
174353,103704,0,1989,319
174354,041104,0,1896,304
174354,041704,0,1989,319
174355,003104,0,1896,304
174355,103704,0,1989,319
174356,041104,0,1896,304
174356,041704,0,1989,319
174357,004104,0,1946,311
174357,104704,0,1949,312
174360,003104,0,1841,291
174360,103704,0,1934,306
174361,041104,0,1841,291
174361,041704,0,1934,306
174362,003104,0,1841,291
174362,103704,0,1934,306
174363,041104,0,1841,291
174363,041704,0,1934,306
174364,003104,0,1841,291
174364,103704,0,1934,306
174365,041104,0,1841,291
174365,041704,0,1934,306
174366,003104,0,1841,291
174366,103704,0,1934,306
174367,146104,0,1841,291
174367,046704,0,1934,306
174370,004104,0,1849,294
174370,104704,0,1942,309
174371,041104,0,1849,294
174371,041704,0,1942,309
174372,146104,0,1849,294
174372,046704,0,1942,309
174373,003104,0,1849,294
174373,103704,0,1942,309
174374,004104,0,1849,294
174374,104704,0,1942,309
174375,041104,0,1849,294
174375,041704,0,1942,309
174376,146104,0,1849,294
174376,046704,0,1942,309
174377,004104,0,1849,294
174377,104704,0,1942,309
173400,041104,0,2427,393
173400,041704,0,2590,420
173401,004104,0,2187,353
173401,104704,0,2333,375
173402,003104,0,2276,366
173402,103704,0,2244,362
173403,146104,0,2187,353
173403,046704,0,2333,375
173404,041104,0,2276,366
173404,041704,0,2244,362
173405,004104,0,2187,353
173405,104704,0,2333,375
173406,003104,0,1827,290
173406,103704,0,1830,291
173407,003104,0,1827,290
173407,103704,0,1830,291
173410,003104,0,2182,355
173410,103704,0,2152,353
173411,146104,0,2093,342
173411,046704,0,2241,366
173412,041104,0,2182,355
173412,041704,0,2152,353
173413,004104,0,2093,342
173413,104704,0,2241,366
173414,003104,0,2182,355
173414,103704,0,2152,353
173415,146104,0,2093,342
173415,046704,0,2241,366
173416,041104,0,2182,355
173416,041704,0,2152,353
173417,041104,0,2182,355
173417,041704,0,2152,353
173420,041104,0,2301,378
173420,041704,0,2271,376
173421,004104,0,2212,365
173421,104704,0,2360,389
173422,003104,0,2301,378
173422,103704,0,2271,376
173423,146104,0,2212,365
173423,046704,0,2360,389
173424,041104,0,2301,378
173424,041704,0,2271,376
173425,004104,0,2212,365
173425,104704,0,2360,389
173426,003104,0,2301,378
173426,103704,0,2271,376
173427,003104,0,2242,365
173427,103704,0,2156,353
173430,041104,0,2324,382
173430,041704,0,2294,380
173431,003104,0,2324,382
173431,103704,0,2294,380
173432,041104,0,2324,382
173432,041704,0,2294,380
173433,003104,0,2324,382
173433,103704,0,2294,380
173434,041104,0,2324,382
173434,041704,0,2294,380
173435,003104,0,2324,382
173435,103704,0,2294,380
173436,041104,0,2324,382
173436,041704,0,2294,380
173437,004104,0,2186,359
173437,104704,0,2334,383
173440,003104,0,2301,378
173440,103704,0,2271,376
173441,146104,0,2212,365
173441,046704,0,2360,389
173442,041104,0,2301,378
173442,041704,0,2271,376
173443,004104,0,2212,365
173443,104704,0,2360,389
173444,003104,0,2301,378
173444,103704,0,2271,376
173445,146104,0,2212,365
173445,046704,0,2360,389
173446,041104,0,2301,378
173446,041704,0,2271,376
173447,041104,0,2252,368
173447,041704,0,2222,366
173450,041104,0,2324,382
173450,041704,0,2294,380
173451,003104,0,2324,382
173451,103704,0,2294,380
173452,041104,0,2324,382
173452,041704,0,2294,380
173453,003104,0,2324,382
173453,103704,0,2294,380
173454,041104,0,2324,382
173454,041704,0,2294,380
173455,003104,0,2324,382
173455,103704,0,2294,380
173456,041104,0,2324,382
173456,041704,0,2294,380
173457,004104,0,1933,315
173457,104704,0,1936,316
173460,003104,0,2269,369
173460,103704,0,2239,367
173461,041104,0,2269,369
173461,041704,0,2239,367
173462,003104,0,2269,369
173462,103704,0,2239,367
173463,041104,0,2269,369
173463,041704,0,2239,367
173464,003104,0,2269,369
173464,103704,0,2239,367
173465,041104,0,2269,369
173465,041704,0,2239,367
173466,003104,0,2269,369
173466,103704,0,2239,367
173467,146104,0,2180,356
173467,046704,0,2328,380
173470,004104,0,2188,359
173470,104704,0,2336,383
173471,041104,0,2277,372
173471,041704,0,2247,370
173472,146104,0,2188,359
173472,046704,0,2336,383
173473,003104,0,2277,372
173473,103704,0,2247,370
173474,004104,0,2188,359
173474,104704,0,2336,383
173475,041104,0,2277,372
173475,041704,0,2247,370
173476,146104,0,2188,359
173476,046704,0,2336,383
173477,004104,0,2188,359
173477,104704,0,2336,383
173500,041104,0,2276,366
173500,041704,0,2333,375
173501,004104,0,2427,393
173501,104704,0,2590,420
173502,003104,0,2187,353
173502,103704,0,2333,375
173503,146104,0,2187,353
173503,046704,0,2333,375
173504,041104,0,2276,366
173504,041704,0,2333,375
173505,004104,0,2276,366
173505,104704,0,2244,362
173506,003104,0,1827,290
173506,103704,0,1830,291
173507,003104,0,1827,290
173507,103704,0,1830,291
173510,003104,0,2093,342
173510,103704,0,2241,366
173511,146104,0,2093,342
173511,046704,0,2241,366
173512,041104,0,2182,355
173512,041704,0,2241,366
173513,004104,0,2182,355
173513,104704,0,2152,353
173514,003104,0,2093,342
173514,103704,0,2241,366
173515,146104,0,2093,342
173515,046704,0,2241,366
173516,041104,0,2182,355
173516,041704,0,2241,366
173517,041104,0,2182,355
173517,041704,0,2241,366
173520,041104,0,2301,378
173520,041704,0,2360,389
173521,004104,0,2301,378
173521,104704,0,2271,376
173522,003104,0,2212,365
173522,103704,0,2360,389
173523,146104,0,2212,365
173523,046704,0,2360,389
173524,041104,0,2301,378
173524,041704,0,2360,389
173525,004104,0,2301,378
173525,104704,0,2271,376
173526,003104,0,2212,365
173526,103704,0,2360,389
173527,003104,0,2153,352
173527,103704,0,2245,366
173530,041104,0,2324,382
173530,041704,0,2383,393
173531,003104,0,2235,369
173531,103704,0,2383,393
173532,041104,0,2324,382
173532,041704,0,2383,393
173533,003104,0,2235,369
173533,103704,0,2383,393
173534,041104,0,2324,382
173534,041704,0,2383,393
173535,003104,0,2235,369
173535,103704,0,2383,393
173536,041104,0,2324,382
173536,041704,0,2383,393
173537,004104,0,2275,372
173537,104704,0,2245,370
173540,003104,0,2212,365
173540,103704,0,2360,389
173541,146104,0,2212,365
173541,046704,0,2360,389
173542,041104,0,2301,378
173542,041704,0,2360,389
173543,004104,0,2301,378
173543,104704,0,2271,376
173544,003104,0,2212,365
173544,103704,0,2360,389
173545,146104,0,2212,365
173545,046704,0,2360,389
173546,041104,0,2301,378
173546,041704,0,2360,389
173547,041104,0,2252,368
173547,041704,0,2311,379
173550,041104,0,2324,382
173550,041704,0,2383,393
173551,003104,0,2235,369
173551,103704,0,2383,393
173552,041104,0,2324,382
173552,041704,0,2383,393
173553,003104,0,2235,369
173553,103704,0,2383,393
173554,041104,0,2324,382
173554,041704,0,2383,393
173555,003104,0,2235,369
173555,103704,0,2383,393
173556,041104,0,2324,382
173556,041704,0,2383,393
173557,004104,0,1933,315
173557,104704,0,1936,316
173560,003104,0,2180,356
173560,103704,0,2328,380
173561,041104,0,2269,369
173561,041704,0,2328,380
173562,003104,0,2180,356
173562,103704,0,2328,380
173563,041104,0,2269,369
173563,041704,0,2328,380
173564,003104,0,2180,356
173564,103704,0,2328,380
173565,041104,0,2269,369
173565,041704,0,2328,380
173566,003104,0,2180,356
173566,103704,0,2328,380
173567,146104,0,2180,356
173567,046704,0,2328,380
173570,004104,0,2277,372
173570,104704,0,2247,370
173571,041104,0,2277,372
173571,041704,0,2336,383
173572,146104,0,2188,359
173572,046704,0,2336,383
173573,003104,0,2188,359
173573,103704,0,2336,383
173574,004104,0,2277,372
173574,104704,0,2247,370
173575,041104,0,2277,372
173575,041704,0,2336,383
173576,146104,0,2188,359
173576,046704,0,2336,383
173577,004104,0,2277,372
173577,104704,0,2247,370
173600,041104,0,2187,353
173600,041704,0,2244,362
173601,004104,0,2187,353
173601,104704,0,2244,362
173602,003104,0,2427,393
173602,103704,0,2590,420
173603,146104,0,2276,366
173603,046704,0,2333,375
173604,041104,0,2187,353
173604,041704,0,2244,362
173605,004104,0,2187,353
173605,104704,0,2244,362
173606,003104,0,1827,290
173606,103704,0,1830,291
173607,003104,0,1827,290
173607,103704,0,1830,291
173610,003104,0,2182,355
173610,103704,0,2152,353
173611,146104,0,2182,355
173611,046704,0,2241,366
173612,041104,0,2093,342
173612,041704,0,2152,353
173613,004104,0,2093,342
173613,104704,0,2152,353
173614,003104,0,2182,355
173614,103704,0,2152,353
173615,146104,0,2182,355
173615,046704,0,2241,366
173616,041104,0,2093,342
173616,041704,0,2152,353
173617,041104,0,2093,342
173617,041704,0,2152,353
173620,041104,0,2212,365
173620,041704,0,2271,376
173621,004104,0,2212,365
173621,104704,0,2271,376
173622,003104,0,2301,378
173622,103704,0,2271,376
173623,146104,0,2301,378
173623,046704,0,2360,389
173624,041104,0,2212,365
173624,041704,0,2271,376
173625,004104,0,2212,365
173625,104704,0,2271,376
173626,003104,0,2301,378
173626,103704,0,2271,376
173627,003104,0,2242,365
173627,103704,0,2156,353
173630,041104,0,2235,369
173630,041704,0,2294,380
173631,003104,0,2324,382
173631,103704,0,2294,380
173632,041104,0,2235,369
173632,041704,0,2294,380
173633,003104,0,2324,382
173633,103704,0,2294,380
173634,041104,0,2235,369
173634,041704,0,2294,380
173635,003104,0,2324,382
173635,103704,0,2294,380
173636,041104,0,2235,369
173636,041704,0,2294,380
173637,004104,0,2186,359
173637,104704,0,2245,370
173640,003104,0,2301,378
173640,103704,0,2271,376
173641,146104,0,2301,378
173641,046704,0,2360,389
173642,041104,0,2212,365
173642,041704,0,2271,376
173643,004104,0,2212,365
173643,104704,0,2271,376
173644,003104,0,2301,378
173644,103704,0,2271,376
173645,146104,0,2301,378
173645,046704,0,2360,389
173646,041104,0,2212,365
173646,041704,0,2271,376
173647,041104,0,2163,355
173647,041704,0,2222,366
173650,041104,0,2235,369
173650,041704,0,2294,380
173651,003104,0,2324,382
173651,103704,0,2294,380
173652,041104,0,2235,369
173652,041704,0,2294,380
173653,003104,0,2324,382
173653,103704,0,2294,380
173654,041104,0,2235,369
173654,041704,0,2294,380
173655,003104,0,2324,382
173655,103704,0,2294,380
173656,041104,0,2235,369
173656,041704,0,2294,380
173657,004104,0,1933,315
173657,104704,0,1936,316
173660,003104,0,2269,369
173660,103704,0,2239,367
173661,041104,0,2180,356
173661,041704,0,2239,367
173662,003104,0,2269,369
173662,103704,0,2239,367
173663,041104,0,2180,356
173663,041704,0,2239,367
173664,003104,0,2269,369
173664,103704,0,2239,367
173665,041104,0,2180,356
173665,041704,0,2239,367
173666,003104,0,2269,369
173666,103704,0,2239,367
173667,146104,0,2269,369
173667,046704,0,2328,380
173670,004104,0,2188,359
173670,104704,0,2247,370
173671,041104,0,2188,359
173671,041704,0,2247,370
173672,146104,0,2277,372
173672,046704,0,2336,383
173673,003104,0,2277,372
173673,103704,0,2247,370
173674,004104,0,2188,359
173674,104704,0,2247,370
173675,041104,0,2188,359
173675,041704,0,2247,370
173676,146104,0,2277,372
173676,046704,0,2336,383
173677,004104,0,2188,359
173677,104704,0,2247,370
173700,041104,0,2187,353
173700,041704,0,2333,375
173701,004104,0,2187,353
173701,104704,0,2244,362
173702,003104,0,2187,353
173702,103704,0,2244,362
173703,146104,0,2427,393
173703,046704,0,2590,420
173704,041104,0,2187,353
173704,041704,0,2333,375
173705,004104,0,2187,353
173705,104704,0,2244,362
173706,003104,0,1827,290
173706,103704,0,1830,291
173707,003104,0,1827,290
173707,103704,0,1830,291
173710,003104,0,2093,342
173710,103704,0,2152,353
173711,146104,0,2182,355
173711,046704,0,2241,366
173712,041104,0,2093,342
173712,041704,0,2241,366
173713,004104,0,2093,342
173713,104704,0,2152,353
173714,003104,0,2093,342
173714,103704,0,2152,353
173715,146104,0,2182,355
173715,046704,0,2241,366
173716,041104,0,2093,342
173716,041704,0,2241,366
173717,041104,0,2093,342
173717,041704,0,2241,366
173720,041104,0,2212,365
173720,041704,0,2360,389
173721,004104,0,2212,365
173721,104704,0,2271,376
173722,003104,0,2212,365
173722,103704,0,2271,376
173723,146104,0,2301,378
173723,046704,0,2360,389
173724,041104,0,2212,365
173724,041704,0,2360,389
173725,004104,0,2212,365
173725,104704,0,2271,376
173726,003104,0,2212,365
173726,103704,0,2271,376
173727,003104,0,2153,352
173727,103704,0,2156,353
173730,041104,0,2235,369
173730,041704,0,2383,393
173731,003104,0,2235,369
173731,103704,0,2294,380
173732,041104,0,2235,369
173732,041704,0,2383,393
173733,003104,0,2235,369
173733,103704,0,2294,380
173734,041104,0,2235,369
173734,041704,0,2383,393
173735,003104,0,2235,369
173735,103704,0,2294,380
173736,041104,0,2235,369
173736,041704,0,2383,393
173737,004104,0,2186,359
173737,104704,0,2245,370
173740,003104,0,2212,365
173740,103704,0,2271,376
173741,146104,0,2301,378
173741,046704,0,2360,389
173742,041104,0,2212,365
173742,041704,0,2360,389
173743,004104,0,2212,365
173743,104704,0,2271,376
173744,003104,0,2212,365
173744,103704,0,2271,376
173745,146104,0,2301,378
173745,046704,0,2360,389
173746,041104,0,2212,365
173746,041704,0,2360,389
173747,041104,0,2163,355
173747,041704,0,2311,379
173750,041104,0,2235,369
173750,041704,0,2383,393
173751,003104,0,2235,369
173751,103704,0,2294,380
173752,041104,0,2235,369
173752,041704,0,2383,393
173753,003104,0,2235,369
173753,103704,0,2294,380
173754,041104,0,2235,369
173754,041704,0,2383,393
173755,003104,0,2235,369
173755,103704,0,2294,380
173756,041104,0,2235,369
173756,041704,0,2383,393
173757,004104,0,1933,315
173757,104704,0,1936,316
173760,003104,0,2180,356
173760,103704,0,2239,367
173761,041104,0,2180,356
173761,041704,0,2328,380
173762,003104,0,2180,356
173762,103704,0,2239,367
173763,041104,0,2180,356
173763,041704,0,2328,380
173764,003104,0,2180,356
173764,103704,0,2239,367
173765,041104,0,2180,356
173765,041704,0,2328,380
173766,003104,0,2180,356
173766,103704,0,2239,367
173767,146104,0,2269,369
173767,046704,0,2328,380
173770,004104,0,2188,359
173770,104704,0,2247,370
173771,041104,0,2188,359
173771,041704,0,2336,383
173772,146104,0,2277,372
173772,046704,0,2336,383
173773,003104,0,2188,359
173773,103704,0,2247,370
173774,004104,0,2188,359
173774,104704,0,2247,370
173775,041104,0,2188,359
173775,041704,0,2336,383
173776,146104,0,2277,372
173776,046704,0,2336,383
173777,004104,0,2188,359
173777,104704,0,2247,370
172000,040104,0,3475,564
172000,040704,0,3674,595
172001,004104,0,4490,830
172001,104704,0,4662,856
172002,000104,0,4463,825
172002,100704,0,4689,861
172003,144104,0,4490,830
172003,044704,0,4662,856
172004,040104,0,4463,825
172004,040704,0,4689,861
172005,004104,0,4490,830
172005,104704,0,4662,856
172006,000104,0,1899,299
172006,100704,0,1902,300
172007,000104,0,1899,299
172007,100704,0,1902,300
172010,000104,0,4369,814
172010,100704,0,4597,852
172011,144104,0,4396,819
172011,044704,0,4570,847
172012,040104,0,4369,814
172012,040704,0,4597,852
172013,004104,0,4396,819
172013,104704,0,4570,847
172014,000104,0,4369,814
172014,100704,0,4597,852
172015,144104,0,4396,819
172015,044704,0,4570,847
172016,040104,0,4369,814
172016,040704,0,4597,852
172017,040104,0,4369,814
172017,040704,0,4597,852
172020,040104,0,4488,837
172020,040704,0,4716,875
172021,004104,0,4515,842
172021,104704,0,4689,870
172022,000104,0,4488,837
172022,100704,0,4716,875
172023,144104,0,4515,842
172023,044704,0,4689,870
172024,040104,0,4488,837
172024,040704,0,4716,875
172025,004104,0,4515,842
172025,104704,0,4689,870
172026,000104,0,4488,837
172026,100704,0,4716,875
172027,000104,0,4429,824
172027,100704,0,4601,852
172030,040104,0,4511,841
172030,040704,0,4739,879
172031,000104,0,4511,841
172031,100704,0,4739,879
172032,040104,0,4511,841
172032,040704,0,4739,879
172033,000104,0,4511,841
172033,100704,0,4739,879
172034,040104,0,4511,841
172034,040704,0,4739,879
172035,000104,0,4511,841
172035,100704,0,4739,879
172036,040104,0,4511,841
172036,040704,0,4739,879
172037,004104,0,4489,836
172037,104704,0,4663,864
172040,000104,0,4488,837
172040,100704,0,4716,875
172041,144104,0,4515,842
172041,044704,0,4689,870
172042,040104,0,4488,837
172042,040704,0,4716,875
172043,004104,0,4515,842
172043,104704,0,4689,870
172044,000104,0,4488,837
172044,100704,0,4716,875
172045,144104,0,4515,842
172045,044704,0,4689,870
172046,040104,0,4488,837
172046,040704,0,4716,875
172047,040104,0,4439,827
172047,040704,0,4667,865
172050,040104,0,4511,841
172050,040704,0,4739,879
172051,000104,0,4511,841
172051,100704,0,4739,879
172052,040104,0,4511,841
172052,040704,0,4739,879
172053,000104,0,4511,841
172053,100704,0,4739,879
172054,040104,0,4511,841
172054,040704,0,4739,879
172055,000104,0,4511,841
172055,100704,0,4739,879
172056,040104,0,4511,841
172056,040704,0,4739,879
172057,004104,0,2005,324
172057,104704,0,2008,325
172060,000104,0,4456,828
172060,100704,0,4684,866
172061,040104,0,4456,828
172061,040704,0,4684,866
172062,000104,0,4456,828
172062,100704,0,4684,866
172063,040104,0,4456,828
172063,040704,0,4684,866
172064,000104,0,4456,828
172064,100704,0,4684,866
172065,040104,0,4456,828
172065,040704,0,4684,866
172066,000104,0,4456,828
172066,100704,0,4684,866
172067,144104,0,4483,833
172067,044704,0,4657,861
172070,004104,0,4491,836
172070,104704,0,4665,864
172071,040104,0,4464,831
172071,040704,0,4692,869
172072,144104,0,4491,836
172072,044704,0,4665,864
172073,000104,0,4464,831
172073,100704,0,4692,869
172074,004104,0,4491,836
172074,104704,0,4665,864
172075,040104,0,4464,831
172075,040704,0,4692,869
172076,144104,0,4491,836
172076,044704,0,4665,864
172077,004104,0,4491,836
172077,104704,0,4665,864
172100,040104,0,4463,825
172100,040704,0,4662,856
172101,004104,0,3475,564
172101,104704,0,3674,595
172102,000104,0,4490,830
172102,100704,0,4662,856
172103,144104,0,4490,830
172103,044704,0,4662,856
172104,040104,0,4463,825
172104,040704,0,4662,856
172105,004104,0,4463,825
172105,104704,0,4689,861
172106,000104,0,1899,299
172106,100704,0,1902,300
172107,000104,0,1899,299
172107,100704,0,1902,300
172110,000104,0,4396,819
172110,100704,0,4570,847
172111,144104,0,4396,819
172111,044704,0,4570,847
172112,040104,0,4369,814
172112,040704,0,4570,847
172113,004104,0,4369,814
172113,104704,0,4597,852
172114,000104,0,4396,819
172114,100704,0,4570,847
172115,144104,0,4396,819
172115,044704,0,4570,847
172116,040104,0,4369,814
172116,040704,0,4570,847
172117,040104,0,4369,814
172117,040704,0,4570,847
172120,040104,0,4488,837
172120,040704,0,4689,870
172121,004104,0,4488,837
172121,104704,0,4716,875
172122,000104,0,4515,842
172122,100704,0,4689,870
172123,144104,0,4515,842
172123,044704,0,4689,870
172124,040104,0,4488,837
172124,040704,0,4689,870
172125,004104,0,4488,837
172125,104704,0,4716,875
172126,000104,0,4515,842
172126,100704,0,4689,870
172127,000104,0,4456,829
172127,100704,0,4574,847
172130,040104,0,4511,841
172130,040704,0,4712,874
172131,000104,0,4538,846
172131,100704,0,4712,874
172132,040104,0,4511,841
172132,040704,0,4712,874
172133,000104,0,4538,846
172133,100704,0,4712,874
172134,040104,0,4511,841
172134,040704,0,4712,874
172135,000104,0,4538,846
172135,100704,0,4712,874
172136,040104,0,4511,841
172136,040704,0,4712,874
172137,004104,0,4462,831
172137,104704,0,4690,869
172140,000104,0,4515,842
172140,100704,0,4689,870
172141,144104,0,4515,842
172141,044704,0,4689,870
172142,040104,0,4488,837
172142,040704,0,4689,870
172143,004104,0,4488,837
172143,104704,0,4716,875
172144,000104,0,4515,842
172144,100704,0,4689,870
172145,144104,0,4515,842
172145,044704,0,4689,870
172146,040104,0,4488,837
172146,040704,0,4689,870
172147,040104,0,4439,827
172147,040704,0,4640,860
172150,040104,0,4511,841
172150,040704,0,4712,874
172151,000104,0,4538,846
172151,100704,0,4712,874
172152,040104,0,4511,841
172152,040704,0,4712,874
172153,000104,0,4538,846
172153,100704,0,4712,874
172154,040104,0,4511,841
172154,040704,0,4712,874
172155,000104,0,4538,846
172155,100704,0,4712,874
172156,040104,0,4511,841
172156,040704,0,4712,874
172157,004104,0,2005,324
172157,104704,0,2008,325
172160,000104,0,4483,833
172160,100704,0,4657,861
172161,040104,0,4456,828
172161,040704,0,4657,861
172162,000104,0,4483,833
172162,100704,0,4657,861
172163,040104,0,4456,828
172163,040704,0,4657,861
172164,000104,0,4483,833
172164,100704,0,4657,861
172165,040104,0,4456,828
172165,040704,0,4657,861
172166,000104,0,4483,833
172166,100704,0,4657,861
172167,144104,0,4483,833
172167,044704,0,4657,861
172170,004104,0,4464,831
172170,104704,0,4692,869
172171,040104,0,4464,831
172171,040704,0,4665,864
172172,144104,0,4491,836
172172,044704,0,4665,864
172173,000104,0,4491,836
172173,100704,0,4665,864
172174,004104,0,4464,831
172174,104704,0,4692,869
172175,040104,0,4464,831
172175,040704,0,4665,864
172176,144104,0,4491,836
172176,044704,0,4665,864
172177,004104,0,4464,831
172177,104704,0,4692,869
172200,040104,0,4490,830
172200,040704,0,4689,861
172201,004104,0,4490,830
172201,104704,0,4689,861
172202,000104,0,3475,564
172202,100704,0,3674,595
172203,144104,0,4463,825
172203,044704,0,4662,856
172204,040104,0,4490,830
172204,040704,0,4689,861
172205,004104,0,4490,830
172205,104704,0,4689,861
172206,000104,0,1899,299
172206,100704,0,1902,300
172207,000104,0,1899,299
172207,100704,0,1902,300
172210,000104,0,4369,814
172210,100704,0,4597,852
172211,144104,0,4369,814
172211,044704,0,4570,847
172212,040104,0,4396,819
172212,040704,0,4597,852
172213,004104,0,4396,819
172213,104704,0,4597,852
172214,000104,0,4369,814
172214,100704,0,4597,852
172215,144104,0,4369,814
172215,044704,0,4570,847
172216,040104,0,4396,819
172216,040704,0,4597,852
172217,040104,0,4396,819
172217,040704,0,4597,852
172220,040104,0,4515,842
172220,040704,0,4716,875
172221,004104,0,4515,842
172221,104704,0,4716,875
172222,000104,0,4488,837
172222,100704,0,4716,875
172223,144104,0,4488,837
172223,044704,0,4689,870
172224,040104,0,4515,842
172224,040704,0,4716,875
172225,004104,0,4515,842
172225,104704,0,4716,875
172226,000104,0,4488,837
172226,100704,0,4716,875
172227,000104,0,4429,824
172227,100704,0,4601,852
172230,040104,0,4538,846
172230,040704,0,4739,879
172231,000104,0,4511,841
172231,100704,0,4739,879
172232,040104,0,4538,846
172232,040704,0,4739,879
172233,000104,0,4511,841
172233,100704,0,4739,879
172234,040104,0,4538,846
172234,040704,0,4739,879
172235,000104,0,4511,841
172235,100704,0,4739,879
172236,040104,0,4538,846
172236,040704,0,4739,879
172237,004104,0,4489,836
172237,104704,0,4690,869
172240,000104,0,4488,837
172240,100704,0,4716,875
172241,144104,0,4488,837
172241,044704,0,4689,870
172242,040104,0,4515,842
172242,040704,0,4716,875
172243,004104,0,4515,842
172243,104704,0,4716,875
172244,000104,0,4488,837
172244,100704,0,4716,875
172245,144104,0,4488,837
172245,044704,0,4689,870
172246,040104,0,4515,842
172246,040704,0,4716,875
172247,040104,0,4466,832
172247,040704,0,4667,865
172250,040104,0,4538,846
172250,040704,0,4739,879
172251,000104,0,4511,841
172251,100704,0,4739,879
172252,040104,0,4538,846
172252,040704,0,4739,879
172253,000104,0,4511,841
172253,100704,0,4739,879
172254,040104,0,4538,846
172254,040704,0,4739,879
172255,000104,0,4511,841
172255,100704,0,4739,879
172256,040104,0,4538,846
172256,040704,0,4739,879
172257,004104,0,2005,324
172257,104704,0,2008,325
172260,000104,0,4456,828
172260,100704,0,4684,866
172261,040104,0,4483,833
172261,040704,0,4684,866
172262,000104,0,4456,828
172262,100704,0,4684,866
172263,040104,0,4483,833
172263,040704,0,4684,866
172264,000104,0,4456,828
172264,100704,0,4684,866
172265,040104,0,4483,833
172265,040704,0,4684,866
172266,000104,0,4456,828
172266,100704,0,4684,866
172267,144104,0,4456,828
172267,044704,0,4657,861
172270,004104,0,4491,836
172270,104704,0,4692,869
172271,040104,0,4491,836
172271,040704,0,4692,869
172272,144104,0,4464,831
172272,044704,0,4665,864
172273,000104,0,4464,831
172273,100704,0,4692,869
172274,004104,0,4491,836
172274,104704,0,4692,869
172275,040104,0,4491,836
172275,040704,0,4692,869
172276,144104,0,4464,831
172276,044704,0,4665,864
172277,004104,0,4491,836
172277,104704,0,4692,869
172300,040104,0,4490,830
172300,040704,0,4662,856
172301,004104,0,4490,830
172301,104704,0,4689,861
172302,000104,0,4490,830
172302,100704,0,4689,861
172303,144104,0,3475,564
172303,044704,0,3674,595
172304,040104,0,4490,830
172304,040704,0,4662,856
172305,004104,0,4490,830
172305,104704,0,4689,861
172306,000104,0,1899,299
172306,100704,0,1902,300
172307,000104,0,1899,299
172307,100704,0,1902,300
172310,000104,0,4396,819
172310,100704,0,4597,852
172311,144104,0,4369,814
172311,044704,0,4570,847
172312,040104,0,4396,819
172312,040704,0,4570,847
172313,004104,0,4396,819
172313,104704,0,4597,852
172314,000104,0,4396,819
172314,100704,0,4597,852
172315,144104,0,4369,814
172315,044704,0,4570,847
172316,040104,0,4396,819
172316,040704,0,4570,847
172317,040104,0,4396,819
172317,040704,0,4570,847
172320,040104,0,4515,842
172320,040704,0,4689,870
172321,004104,0,4515,842
172321,104704,0,4716,875
172322,000104,0,4515,842
172322,100704,0,4716,875
172323,144104,0,4488,837
172323,044704,0,4689,870
172324,040104,0,4515,842
172324,040704,0,4689,870
172325,004104,0,4515,842
172325,104704,0,4716,875
172326,000104,0,4515,842
172326,100704,0,4716,875
172327,000104,0,4456,829
172327,100704,0,4601,852
172330,040104,0,4538,846
172330,040704,0,4712,874
172331,000104,0,4538,846
172331,100704,0,4739,879
172332,040104,0,4538,846
172332,040704,0,4712,874
172333,000104,0,4538,846
172333,100704,0,4739,879
172334,040104,0,4538,846
172334,040704,0,4712,874
172335,000104,0,4538,846
172335,100704,0,4739,879
172336,040104,0,4538,846
172336,040704,0,4712,874
172337,004104,0,4489,836
172337,104704,0,4690,869
172340,000104,0,4515,842
172340,100704,0,4716,875
172341,144104,0,4488,837
172341,044704,0,4689,870
172342,040104,0,4515,842
172342,040704,0,4689,870
172343,004104,0,4515,842
172343,104704,0,4716,875
172344,000104,0,4515,842
172344,100704,0,4716,875
172345,144104,0,4488,837
172345,044704,0,4689,870
172346,040104,0,4515,842
172346,040704,0,4689,870
172347,040104,0,4466,832
172347,040704,0,4640,860
172350,040104,0,4538,846
172350,040704,0,4712,874
172351,000104,0,4538,846
172351,100704,0,4739,879
172352,040104,0,4538,846
172352,040704,0,4712,874
172353,000104,0,4538,846
172353,100704,0,4739,879
172354,040104,0,4538,846
172354,040704,0,4712,874
172355,000104,0,4538,846
172355,100704,0,4739,879
172356,040104,0,4538,846
172356,040704,0,4712,874
172357,004104,0,2005,324
172357,104704,0,2008,325
172360,000104,0,4483,833
172360,100704,0,4684,866
172361,040104,0,4483,833
172361,040704,0,4657,861
172362,000104,0,4483,833
172362,100704,0,4684,866
172363,040104,0,4483,833
172363,040704,0,4657,861
172364,000104,0,4483,833
172364,100704,0,4684,866
172365,040104,0,4483,833
172365,040704,0,4657,861
172366,000104,0,4483,833
172366,100704,0,4684,866
172367,144104,0,4456,828
172367,044704,0,4657,861
172370,004104,0,4491,836
172370,104704,0,4692,869
172371,040104,0,4491,836
172371,040704,0,4665,864
172372,144104,0,4464,831
172372,044704,0,4665,864
172373,000104,0,4491,836
172373,100704,0,4692,869
172374,004104,0,4491,836
172374,104704,0,4692,869
172375,040104,0,4491,836
172375,040704,0,4665,864
172376,144104,0,4464,831
172376,044704,0,4665,864
172377,004104,0,4491,836
172377,104704,0,4692,869
173000,040104,0,3539,574
173000,040704,0,3738,605
173001,004104,0,4554,840
173001,104704,0,4726,866
173002,000104,0,4527,835
173002,100704,0,4753,871
173003,144104,0,4554,840
173003,044704,0,4726,866
173004,040104,0,4527,835
173004,040704,0,4753,871
173005,004104,0,4554,840
173005,104704,0,4726,866
173006,000104,0,1923,302
173006,100704,0,1926,303
173007,000104,0,1923,302
173007,100704,0,1926,303
173010,000104,0,4433,824
173010,100704,0,4661,862
173011,144104,0,4460,829
173011,044704,0,4634,857
173012,040104,0,4433,824
173012,040704,0,4661,862
173013,004104,0,4460,829
173013,104704,0,4634,857
173014,000104,0,4433,824
173014,100704,0,4661,862
173015,144104,0,4460,829
173015,044704,0,4634,857
173016,040104,0,4433,824
173016,040704,0,4661,862
173017,040104,0,4433,824
173017,040704,0,4661,862
173020,040104,0,4552,847
173020,040704,0,4780,885
173021,004104,0,4579,852
173021,104704,0,4753,880
173022,000104,0,4552,847
173022,100704,0,4780,885
173023,144104,0,4579,852
173023,044704,0,4753,880
173024,040104,0,4552,847
173024,040704,0,4780,885
173025,004104,0,4579,852
173025,104704,0,4753,880
173026,000104,0,4552,847
173026,100704,0,4780,885
173027,000104,0,4493,834
173027,100704,0,4665,862
173030,040104,0,4575,851
173030,040704,0,4803,889
173031,000104,0,4575,851
173031,100704,0,4803,889
173032,040104,0,4575,851
173032,040704,0,4803,889
173033,000104,0,4575,851
173033,100704,0,4803,889
173034,040104,0,4575,851
173034,040704,0,4803,889
173035,000104,0,4575,851
173035,100704,0,4803,889
173036,040104,0,4575,851
173036,040704,0,4803,889
173037,004104,0,4553,846
173037,104704,0,4727,874
173040,000104,0,4552,847
173040,100704,0,4780,885
173041,144104,0,4579,852
173041,044704,0,4753,880
173042,040104,0,4552,847
173042,040704,0,4780,885
173043,004104,0,4579,852
173043,104704,0,4753,880
173044,000104,0,4552,847
173044,100704,0,4780,885
173045,144104,0,4579,852
173045,044704,0,4753,880
173046,040104,0,4552,847
173046,040704,0,4780,885
173047,040104,0,4503,837
173047,040704,0,4731,875
173050,040104,0,4575,851
173050,040704,0,4803,889
173051,000104,0,4575,851
173051,100704,0,4803,889
173052,040104,0,4575,851
173052,040704,0,4803,889
173053,000104,0,4575,851
173053,100704,0,4803,889
173054,040104,0,4575,851
173054,040704,0,4803,889
173055,000104,0,4575,851
173055,100704,0,4803,889
173056,040104,0,4575,851
173056,040704,0,4803,889
173057,004104,0,2029,327
173057,104704,0,2032,328
173060,000104,0,4520,838
173060,100704,0,4748,876
173061,040104,0,4520,838
173061,040704,0,4748,876
173062,000104,0,4520,838
173062,100704,0,4748,876
173063,040104,0,4520,838
173063,040704,0,4748,876
173064,000104,0,4520,838
173064,100704,0,4748,876
173065,040104,0,4520,838
173065,040704,0,4748,876
173066,000104,0,4520,838
173066,100704,0,4748,876
173067,144104,0,4547,843
173067,044704,0,4721,871
173070,004104,0,4555,846
173070,104704,0,4729,874
173071,040104,0,4528,841
173071,040704,0,4756,879
173072,144104,0,4555,846
173072,044704,0,4729,874
173073,000104,0,4528,841
173073,100704,0,4756,879
173074,004104,0,4555,846
173074,104704,0,4729,874
173075,040104,0,4528,841
173075,040704,0,4756,879
173076,144104,0,4555,846
173076,044704,0,4729,874
173077,004104,0,4555,846
173077,104704,0,4729,874
173100,040104,0,4527,835
173100,040704,0,4726,866
173101,004104,0,3539,574
173101,104704,0,3738,605
173102,000104,0,4554,840
173102,100704,0,4726,866
173103,144104,0,4554,840
173103,044704,0,4726,866
173104,040104,0,4527,835
173104,040704,0,4726,866
173105,004104,0,4527,835
173105,104704,0,4753,871
173106,000104,0,1923,302
173106,100704,0,1926,303
173107,000104,0,1923,302
173107,100704,0,1926,303
173110,000104,0,4460,829
173110,100704,0,4634,857
173111,144104,0,4460,829
173111,044704,0,4634,857
173112,040104,0,4433,824
173112,040704,0,4634,857
173113,004104,0,4433,824
173113,104704,0,4661,862
173114,000104,0,4460,829
173114,100704,0,4634,857
173115,144104,0,4460,829
173115,044704,0,4634,857
173116,040104,0,4433,824
173116,040704,0,4634,857
173117,040104,0,4433,824
173117,040704,0,4634,857
173120,040104,0,4552,847
173120,040704,0,4753,880
173121,004104,0,4552,847
173121,104704,0,4780,885
173122,000104,0,4579,852
173122,100704,0,4753,880
173123,144104,0,4579,852
173123,044704,0,4753,880
173124,040104,0,4552,847
173124,040704,0,4753,880
173125,004104,0,4552,847
173125,104704,0,4780,885
173126,000104,0,4579,852
173126,100704,0,4753,880
173127,000104,0,4520,839
173127,100704,0,4638,857
173130,040104,0,4575,851
173130,040704,0,4776,884
173131,000104,0,4602,856
173131,100704,0,4776,884
173132,040104,0,4575,851
173132,040704,0,4776,884
173133,000104,0,4602,856
173133,100704,0,4776,884
173134,040104,0,4575,851
173134,040704,0,4776,884
173135,000104,0,4602,856
173135,100704,0,4776,884
173136,040104,0,4575,851
173136,040704,0,4776,884
173137,004104,0,4526,841
173137,104704,0,4754,879
173140,000104,0,4579,852
173140,100704,0,4753,880
173141,144104,0,4579,852
173141,044704,0,4753,880
173142,040104,0,4552,847
173142,040704,0,4753,880
173143,004104,0,4552,847
173143,104704,0,4780,885
173144,000104,0,4579,852
173144,100704,0,4753,880
173145,144104,0,4579,852
173145,044704,0,4753,880
173146,040104,0,4552,847
173146,040704,0,4753,880
173147,040104,0,4503,837
173147,040704,0,4704,870
173150,040104,0,4575,851
173150,040704,0,4776,884
173151,000104,0,4602,856
173151,100704,0,4776,884
173152,040104,0,4575,851
173152,040704,0,4776,884
173153,000104,0,4602,856
173153,100704,0,4776,884
173154,040104,0,4575,851
173154,040704,0,4776,884
173155,000104,0,4602,856
173155,100704,0,4776,884
173156,040104,0,4575,851
173156,040704,0,4776,884
173157,004104,0,2029,327
173157,104704,0,2032,328
173160,000104,0,4547,843
173160,100704,0,4721,871
173161,040104,0,4520,838
173161,040704,0,4721,871
173162,000104,0,4547,843
173162,100704,0,4721,871
173163,040104,0,4520,838
173163,040704,0,4721,871
173164,000104,0,4547,843
173164,100704,0,4721,871
173165,040104,0,4520,838
173165,040704,0,4721,871
173166,000104,0,4547,843
173166,100704,0,4721,871
173167,144104,0,4547,843
173167,044704,0,4721,871
173170,004104,0,4528,841
173170,104704,0,4756,879
173171,040104,0,4528,841
173171,040704,0,4729,874
173172,144104,0,4555,846
173172,044704,0,4729,874
173173,000104,0,4555,846
173173,100704,0,4729,874
173174,004104,0,4528,841
173174,104704,0,4756,879
173175,040104,0,4528,841
173175,040704,0,4729,874
173176,144104,0,4555,846
173176,044704,0,4729,874
173177,004104,0,4528,841
173177,104704,0,4756,879
173200,040104,0,4554,840
173200,040704,0,4753,871
173201,004104,0,4554,840
173201,104704,0,4753,871
173202,000104,0,3539,574
173202,100704,0,3738,605
173203,144104,0,4527,835
173203,044704,0,4726,866
173204,040104,0,4554,840
173204,040704,0,4753,871
173205,004104,0,4554,840
173205,104704,0,4753,871
173206,000104,0,1923,302
173206,100704,0,1926,303
173207,000104,0,1923,302
173207,100704,0,1926,303
173210,000104,0,4433,824
173210,100704,0,4661,862
173211,144104,0,4433,824
173211,044704,0,4634,857
173212,040104,0,4460,829
173212,040704,0,4661,862
173213,004104,0,4460,829
173213,104704,0,4661,862
173214,000104,0,4433,824
173214,100704,0,4661,862
173215,144104,0,4433,824
173215,044704,0,4634,857
173216,040104,0,4460,829
173216,040704,0,4661,862
173217,040104,0,4460,829
173217,040704,0,4661,862
173220,040104,0,4579,852
173220,040704,0,4780,885
173221,004104,0,4579,852
173221,104704,0,4780,885
173222,000104,0,4552,847
173222,100704,0,4780,885
173223,144104,0,4552,847
173223,044704,0,4753,880
173224,040104,0,4579,852
173224,040704,0,4780,885
173225,004104,0,4579,852
173225,104704,0,4780,885
173226,000104,0,4552,847
173226,100704,0,4780,885
173227,000104,0,4493,834
173227,100704,0,4665,862
173230,040104,0,4602,856
173230,040704,0,4803,889
173231,000104,0,4575,851
173231,100704,0,4803,889
173232,040104,0,4602,856
173232,040704,0,4803,889
173233,000104,0,4575,851
173233,100704,0,4803,889
173234,040104,0,4602,856
173234,040704,0,4803,889
173235,000104,0,4575,851
173235,100704,0,4803,889
173236,040104,0,4602,856
173236,040704,0,4803,889
173237,004104,0,4553,846
173237,104704,0,4754,879
173240,000104,0,4552,847
173240,100704,0,4780,885
173241,144104,0,4552,847
173241,044704,0,4753,880
173242,040104,0,4579,852
173242,040704,0,4780,885
173243,004104,0,4579,852
173243,104704,0,4780,885
173244,000104,0,4552,847
173244,100704,0,4780,885
173245,144104,0,4552,847
173245,044704,0,4753,880
173246,040104,0,4579,852
173246,040704,0,4780,885
173247,040104,0,4530,842
173247,040704,0,4731,875
173250,040104,0,4602,856
173250,040704,0,4803,889
173251,000104,0,4575,851
173251,100704,0,4803,889
173252,040104,0,4602,856
173252,040704,0,4803,889
173253,000104,0,4575,851
173253,100704,0,4803,889
173254,040104,0,4602,856
173254,040704,0,4803,889
173255,000104,0,4575,851
173255,100704,0,4803,889
173256,040104,0,4602,856
173256,040704,0,4803,889
173257,004104,0,2029,327
173257,104704,0,2032,328
173260,000104,0,4520,838
173260,100704,0,4748,876
173261,040104,0,4547,843
173261,040704,0,4748,876
173262,000104,0,4520,838
173262,100704,0,4748,876
173263,040104,0,4547,843
173263,040704,0,4748,876
173264,000104,0,4520,838
173264,100704,0,4748,876
173265,040104,0,4547,843
173265,040704,0,4748,876
173266,000104,0,4520,838
173266,100704,0,4748,876
173267,144104,0,4520,838
173267,044704,0,4721,871
173270,004104,0,4555,846
173270,104704,0,4756,879
173271,040104,0,4555,846
173271,040704,0,4756,879
173272,144104,0,4528,841
173272,044704,0,4729,874
173273,000104,0,4528,841
173273,100704,0,4756,879
173274,004104,0,4555,846
173274,104704,0,4756,879
173275,040104,0,4555,846
173275,040704,0,4756,879
173276,144104,0,4528,841
173276,044704,0,4729,874
173277,004104,0,4555,846
173277,104704,0,4756,879
173300,040104,0,4554,840
173300,040704,0,4726,866
173301,004104,0,4554,840
173301,104704,0,4753,871
173302,000104,0,4554,840
173302,100704,0,4753,871
173303,144104,0,3539,574
173303,044704,0,3738,605
173304,040104,0,4554,840
173304,040704,0,4726,866
173305,004104,0,4554,840
173305,104704,0,4753,871
173306,000104,0,1923,302
173306,100704,0,1926,303
173307,000104,0,1923,302
173307,100704,0,1926,303
173310,000104,0,4460,829
173310,100704,0,4661,862
173311,144104,0,4433,824
173311,044704,0,4634,857
173312,040104,0,4460,829
173312,040704,0,4634,857
173313,004104,0,4460,829
173313,104704,0,4661,862
173314,000104,0,4460,829
173314,100704,0,4661,862
173315,144104,0,4433,824
173315,044704,0,4634,857
173316,040104,0,4460,829
173316,040704,0,4634,857
173317,040104,0,4460,829
173317,040704,0,4634,857
173320,040104,0,4579,852
173320,040704,0,4753,880
173321,004104,0,4579,852
173321,104704,0,4780,885
173322,000104,0,4579,852
173322,100704,0,4780,885
173323,144104,0,4552,847
173323,044704,0,4753,880
173324,040104,0,4579,852
173324,040704,0,4753,880
173325,004104,0,4579,852
173325,104704,0,4780,885
173326,000104,0,4579,852
173326,100704,0,4780,885
173327,000104,0,4520,839
173327,100704,0,4665,862
173330,040104,0,4602,856
173330,040704,0,4776,884
173331,000104,0,4602,856
173331,100704,0,4803,889
173332,040104,0,4602,856
173332,040704,0,4776,884
173333,000104,0,4602,856
173333,100704,0,4803,889
173334,040104,0,4602,856
173334,040704,0,4776,884
173335,000104,0,4602,856
173335,100704,0,4803,889
173336,040104,0,4602,856
173336,040704,0,4776,884
173337,004104,0,4553,846
173337,104704,0,4754,879
173340,000104,0,4579,852
173340,100704,0,4780,885
173341,144104,0,4552,847
173341,044704,0,4753,880
173342,040104,0,4579,852
173342,040704,0,4753,880
173343,004104,0,4579,852
173343,104704,0,4780,885
173344,000104,0,4579,852
173344,100704,0,4780,885
173345,144104,0,4552,847
173345,044704,0,4753,880
173346,040104,0,4579,852
173346,040704,0,4753,880
173347,040104,0,4530,842
173347,040704,0,4704,870
173350,040104,0,4602,856
173350,040704,0,4776,884
173351,000104,0,4602,856
173351,100704,0,4803,889
173352,040104,0,4602,856
173352,040704,0,4776,884
173353,000104,0,4602,856
173353,100704,0,4803,889
173354,040104,0,4602,856
173354,040704,0,4776,884
173355,000104,0,4602,856
173355,100704,0,4803,889
173356,040104,0,4602,856
173356,040704,0,4776,884
173357,004104,0,2029,327
173357,104704,0,2032,328
173360,000104,0,4547,843
173360,100704,0,4748,876
173361,040104,0,4547,843
173361,040704,0,4721,871
173362,000104,0,4547,843
173362,100704,0,4748,876
173363,040104,0,4547,843
173363,040704,0,4721,871
173364,000104,0,4547,843
173364,100704,0,4748,876
173365,040104,0,4547,843
173365,040704,0,4721,871
173366,000104,0,4547,843
173366,100704,0,4748,876
173367,144104,0,4520,838
173367,044704,0,4721,871
173370,004104,0,4555,846
173370,104704,0,4756,879
173371,040104,0,4555,846
173371,040704,0,4729,874
173372,144104,0,4528,841
173372,044704,0,4729,874
173373,000104,0,4555,846
173373,100704,0,4756,879
173374,004104,0,4555,846
173374,104704,0,4756,879
173375,040104,0,4555,846
173375,040704,0,4729,874
173376,144104,0,4528,841
173376,044704,0,4729,874
173377,004104,0,4555,846
173377,104704,0,4756,879
171000,040104,0,3409,550
171000,040704,0,3608,581
171001,004104,0,3795,656
171001,104704,0,3994,687
171002,000104,0,3795,656
171002,100704,0,3994,687
171003,144104,0,3795,656
171003,044704,0,3994,687
171004,040104,0,3795,656
171004,040704,0,3994,687
171005,004104,0,3795,656
171005,104704,0,3994,687
171006,000104,0,1947,305
171006,100704,0,1950,306
171007,000104,0,1947,305
171007,100704,0,1950,306
171010,000104,0,3701,645
171010,100704,0,3902,678
171011,144104,0,3701,645
171011,044704,0,3902,678
171012,040104,0,3701,645
171012,040704,0,3902,678
171013,004104,0,3701,645
171013,104704,0,3902,678
171014,000104,0,3701,645
171014,100704,0,3902,678
171015,144104,0,3701,645
171015,044704,0,3902,678
171016,040104,0,3701,645
171016,040704,0,3902,678
171017,040104,0,3701,645
171017,040704,0,3902,678
171020,040104,0,3820,668
171020,040704,0,4021,701
171021,004104,0,3820,668
171021,104704,0,4021,701
171022,000104,0,3820,668
171022,100704,0,4021,701
171023,144104,0,3820,668
171023,044704,0,4021,701
171024,040104,0,3820,668
171024,040704,0,4021,701
171025,004104,0,3820,668
171025,104704,0,4021,701
171026,000104,0,3820,668
171026,100704,0,4021,701
171027,000104,0,3761,655
171027,100704,0,3906,678
171030,040104,0,3843,672
171030,040704,0,4044,705
171031,000104,0,3843,672
171031,100704,0,4044,705
171032,040104,0,3843,672
171032,040704,0,4044,705
171033,000104,0,3843,672
171033,100704,0,4044,705
171034,040104,0,3843,672
171034,040704,0,4044,705
171035,000104,0,3843,672
171035,100704,0,4044,705
171036,040104,0,3843,672
171036,040704,0,4044,705
171037,004104,0,3794,662
171037,104704,0,3995,695
171040,000104,0,3820,668
171040,100704,0,4021,701
171041,144104,0,3820,668
171041,044704,0,4021,701
171042,040104,0,3820,668
171042,040704,0,4021,701
171043,004104,0,3820,668
171043,104704,0,4021,701
171044,000104,0,3820,668
171044,100704,0,4021,701
171045,144104,0,3820,668
171045,044704,0,4021,701
171046,040104,0,3820,668
171046,040704,0,4021,701
171047,040104,0,3771,658
171047,040704,0,3972,691
171050,040104,0,3843,672
171050,040704,0,4044,705
171051,000104,0,3843,672
171051,100704,0,4044,705
171052,040104,0,3843,672
171052,040704,0,4044,705
171053,000104,0,3843,672
171053,100704,0,4044,705
171054,040104,0,3843,672
171054,040704,0,4044,705
171055,000104,0,3843,672
171055,100704,0,4044,705
171056,040104,0,3843,672
171056,040704,0,4044,705
171057,004104,0,2053,330
171057,104704,0,2056,331
171060,000104,0,3788,659
171060,100704,0,3989,692
171061,040104,0,3788,659
171061,040704,0,3989,692
171062,000104,0,3788,659
171062,100704,0,3989,692
171063,040104,0,3788,659
171063,040704,0,3989,692
171064,000104,0,3788,659
171064,100704,0,3989,692
171065,040104,0,3788,659
171065,040704,0,3989,692
171066,000104,0,3788,659
171066,100704,0,3989,692
171067,144104,0,3788,659
171067,044704,0,3989,692
171070,004104,0,3796,662
171070,104704,0,3997,695
171071,040104,0,3796,662
171071,040704,0,3997,695
171072,144104,0,3796,662
171072,044704,0,3997,695
171073,000104,0,3796,662
171073,100704,0,3997,695
171074,004104,0,3796,662
171074,104704,0,3997,695
171075,040104,0,3796,662
171075,040704,0,3997,695
171076,144104,0,3796,662
171076,044704,0,3997,695
171077,004104,0,3796,662
171077,104704,0,3997,695
171100,040104,0,3795,656
171100,040704,0,3994,687
171101,004104,0,3409,550
171101,104704,0,3608,581
171102,000104,0,3795,656
171102,100704,0,3994,687
171103,144104,0,3795,656
171103,044704,0,3994,687
171104,040104,0,3795,656
171104,040704,0,3994,687
171105,004104,0,3795,656
171105,104704,0,3994,687
171106,000104,0,1947,305
171106,100704,0,1950,306
171107,000104,0,1947,305
171107,100704,0,1950,306
171110,000104,0,3701,645
171110,100704,0,3902,678
171111,144104,0,3701,645
171111,044704,0,3902,678
171112,040104,0,3701,645
171112,040704,0,3902,678
171113,004104,0,3701,645
171113,104704,0,3902,678
171114,000104,0,3701,645
171114,100704,0,3902,678
171115,144104,0,3701,645
171115,044704,0,3902,678
171116,040104,0,3701,645
171116,040704,0,3902,678
171117,040104,0,3701,645
171117,040704,0,3902,678
171120,040104,0,3820,668
171120,040704,0,4021,701
171121,004104,0,3820,668
171121,104704,0,4021,701
171122,000104,0,3820,668
171122,100704,0,4021,701
171123,144104,0,3820,668
171123,044704,0,4021,701
171124,040104,0,3820,668
171124,040704,0,4021,701
171125,004104,0,3820,668
171125,104704,0,4021,701
171126,000104,0,3820,668
171126,100704,0,4021,701
171127,000104,0,3761,655
171127,100704,0,3906,678
171130,040104,0,3843,672
171130,040704,0,4044,705
171131,000104,0,3843,672
171131,100704,0,4044,705
171132,040104,0,3843,672
171132,040704,0,4044,705
171133,000104,0,3843,672
171133,100704,0,4044,705
171134,040104,0,3843,672
171134,040704,0,4044,705
171135,000104,0,3843,672
171135,100704,0,4044,705
171136,040104,0,3843,672
171136,040704,0,4044,705
171137,004104,0,3794,662
171137,104704,0,3995,695
171140,000104,0,3820,668
171140,100704,0,4021,701
171141,144104,0,3820,668
171141,044704,0,4021,701
171142,040104,0,3820,668
171142,040704,0,4021,701
171143,004104,0,3820,668
171143,104704,0,4021,701
171144,000104,0,3820,668
171144,100704,0,4021,701
171145,144104,0,3820,668
171145,044704,0,4021,701
171146,040104,0,3820,668
171146,040704,0,4021,701
171147,040104,0,3771,658
171147,040704,0,3972,691
171150,040104,0,3843,672
171150,040704,0,4044,705
171151,000104,0,3843,672
171151,100704,0,4044,705
171152,040104,0,3843,672
171152,040704,0,4044,705
171153,000104,0,3843,672
171153,100704,0,4044,705
171154,040104,0,3843,672
171154,040704,0,4044,705
171155,000104,0,3843,672
171155,100704,0,4044,705
171156,040104,0,3843,672
171156,040704,0,4044,705
171157,004104,0,2053,330
171157,104704,0,2056,331
171160,000104,0,3788,659
171160,100704,0,3989,692
171161,040104,0,3788,659
171161,040704,0,3989,692
171162,000104,0,3788,659
171162,100704,0,3989,692
171163,040104,0,3788,659
171163,040704,0,3989,692
171164,000104,0,3788,659
171164,100704,0,3989,692
171165,040104,0,3788,659
171165,040704,0,3989,692
171166,000104,0,3788,659
171166,100704,0,3989,692
171167,144104,0,3788,659
171167,044704,0,3989,692
171170,004104,0,3796,662
171170,104704,0,3997,695
171171,040104,0,3796,662
171171,040704,0,3997,695
171172,144104,0,3796,662
171172,044704,0,3997,695
171173,000104,0,3796,662
171173,100704,0,3997,695
171174,004104,0,3796,662
171174,104704,0,3997,695
171175,040104,0,3796,662
171175,040704,0,3997,695
171176,144104,0,3796,662
171176,044704,0,3997,695
171177,004104,0,3796,662
171177,104704,0,3997,695
171200,040104,0,3795,656
171200,040704,0,3994,687
171201,004104,0,3795,656
171201,104704,0,3994,687
171202,000104,0,3409,550
171202,100704,0,3608,581
171203,144104,0,3795,656
171203,044704,0,3994,687
171204,040104,0,3795,656
171204,040704,0,3994,687
171205,004104,0,3795,656
171205,104704,0,3994,687
171206,000104,0,1947,305
171206,100704,0,1950,306
171207,000104,0,1947,305
171207,100704,0,1950,306
171210,000104,0,3701,645
171210,100704,0,3902,678
171211,144104,0,3701,645
171211,044704,0,3902,678
171212,040104,0,3701,645
171212,040704,0,3902,678
171213,004104,0,3701,645
171213,104704,0,3902,678
171214,000104,0,3701,645
171214,100704,0,3902,678
171215,144104,0,3701,645
171215,044704,0,3902,678
171216,040104,0,3701,645
171216,040704,0,3902,678
171217,040104,0,3701,645
171217,040704,0,3902,678
171220,040104,0,3820,668
171220,040704,0,4021,701
171221,004104,0,3820,668
171221,104704,0,4021,701
171222,000104,0,3820,668
171222,100704,0,4021,701
171223,144104,0,3820,668
171223,044704,0,4021,701
171224,040104,0,3820,668
171224,040704,0,4021,701
171225,004104,0,3820,668
171225,104704,0,4021,701
171226,000104,0,3820,668
171226,100704,0,4021,701
171227,000104,0,3761,655
171227,100704,0,3906,678
171230,040104,0,3843,672
171230,040704,0,4044,705
171231,000104,0,3843,672
171231,100704,0,4044,705
171232,040104,0,3843,672
171232,040704,0,4044,705
171233,000104,0,3843,672
171233,100704,0,4044,705
171234,040104,0,3843,672
171234,040704,0,4044,705
171235,000104,0,3843,672
171235,100704,0,4044,705
171236,040104,0,3843,672
171236,040704,0,4044,705
171237,004104,0,3794,662
171237,104704,0,3995,695
171240,000104,0,3820,668
171240,100704,0,4021,701
171241,144104,0,3820,668
171241,044704,0,4021,701
171242,040104,0,3820,668
171242,040704,0,4021,701
171243,004104,0,3820,668
171243,104704,0,4021,701
171244,000104,0,3820,668
171244,100704,0,4021,701
171245,144104,0,3820,668
171245,044704,0,4021,701
171246,040104,0,3820,668
171246,040704,0,4021,701
171247,040104,0,3771,658
171247,040704,0,3972,691
171250,040104,0,3843,672
171250,040704,0,4044,705
171251,000104,0,3843,672
171251,100704,0,4044,705
171252,040104,0,3843,672
171252,040704,0,4044,705
171253,000104,0,3843,672
171253,100704,0,4044,705
171254,040104,0,3843,672
171254,040704,0,4044,705
171255,000104,0,3843,672
171255,100704,0,4044,705
171256,040104,0,3843,672
171256,040704,0,4044,705
171257,004104,0,2053,330
171257,104704,0,2056,331
171260,000104,0,3788,659
171260,100704,0,3989,692
171261,040104,0,3788,659
171261,040704,0,3989,692
171262,000104,0,3788,659
171262,100704,0,3989,692
171263,040104,0,3788,659
171263,040704,0,3989,692
171264,000104,0,3788,659
171264,100704,0,3989,692
171265,040104,0,3788,659
171265,040704,0,3989,692
171266,000104,0,3788,659
171266,100704,0,3989,692
171267,144104,0,3788,659
171267,044704,0,3989,692
171270,004104,0,3796,662
171270,104704,0,3997,695
171271,040104,0,3796,662
171271,040704,0,3997,695
171272,144104,0,3796,662
171272,044704,0,3997,695
171273,000104,0,3796,662
171273,100704,0,3997,695
171274,004104,0,3796,662
171274,104704,0,3997,695
171275,040104,0,3796,662
171275,040704,0,3997,695
171276,144104,0,3796,662
171276,044704,0,3997,695
171277,004104,0,3796,662
171277,104704,0,3997,695
171300,040104,0,3795,656
171300,040704,0,3994,687
171301,004104,0,3795,656
171301,104704,0,3994,687
171302,000104,0,3795,656
171302,100704,0,3994,687
171303,144104,0,3409,550
171303,044704,0,3608,581
171304,040104,0,3795,656
171304,040704,0,3994,687
171305,004104,0,3795,656
171305,104704,0,3994,687
171306,000104,0,1947,305
171306,100704,0,1950,306
171307,000104,0,1947,305
171307,100704,0,1950,306
171310,000104,0,3701,645
171310,100704,0,3902,678
171311,144104,0,3701,645
171311,044704,0,3902,678
171312,040104,0,3701,645
171312,040704,0,3902,678
171313,004104,0,3701,645
171313,104704,0,3902,678
171314,000104,0,3701,645
171314,100704,0,3902,678
171315,144104,0,3701,645
171315,044704,0,3902,678
171316,040104,0,3701,645
171316,040704,0,3902,678
171317,040104,0,3701,645
171317,040704,0,3902,678
171320,040104,0,3820,668
171320,040704,0,4021,701
171321,004104,0,3820,668
171321,104704,0,4021,701
171322,000104,0,3820,668
171322,100704,0,4021,701
171323,144104,0,3820,668
171323,044704,0,4021,701
171324,040104,0,3820,668
171324,040704,0,4021,701
171325,004104,0,3820,668
171325,104704,0,4021,701
171326,000104,0,3820,668
171326,100704,0,4021,701
171327,000104,0,3761,655
171327,100704,0,3906,678
171330,040104,0,3843,672
171330,040704,0,4044,705
171331,000104,0,3843,672
171331,100704,0,4044,705
171332,040104,0,3843,672
171332,040704,0,4044,705
171333,000104,0,3843,672
171333,100704,0,4044,705
171334,040104,0,3843,672
171334,040704,0,4044,705
171335,000104,0,3843,672
171335,100704,0,4044,705
171336,040104,0,3843,672
171336,040704,0,4044,705
171337,004104,0,3794,662
171337,104704,0,3995,695
171340,000104,0,3820,668
171340,100704,0,4021,701
171341,144104,0,3820,668
171341,044704,0,4021,701
171342,040104,0,3820,668
171342,040704,0,4021,701
171343,004104,0,3820,668
171343,104704,0,4021,701
171344,000104,0,3820,668
171344,100704,0,4021,701
171345,144104,0,3820,668
171345,044704,0,4021,701
171346,040104,0,3820,668
171346,040704,0,4021,701
171347,040104,0,3771,658
171347,040704,0,3972,691
171350,040104,0,3843,672
171350,040704,0,4044,705
171351,000104,0,3843,672
171351,100704,0,4044,705
171352,040104,0,3843,672
171352,040704,0,4044,705
171353,000104,0,3843,672
171353,100704,0,4044,705
171354,040104,0,3843,672
171354,040704,0,4044,705
171355,000104,0,3843,672
171355,100704,0,4044,705
171356,040104,0,3843,672
171356,040704,0,4044,705
171357,004104,0,2053,330
171357,104704,0,2056,331
171360,000104,0,3788,659
171360,100704,0,3989,692
171361,040104,0,3788,659
171361,040704,0,3989,692
171362,000104,0,3788,659
171362,100704,0,3989,692
171363,040104,0,3788,659
171363,040704,0,3989,692
171364,000104,0,3788,659
171364,100704,0,3989,692
171365,040104,0,3788,659
171365,040704,0,3989,692
171366,000104,0,3788,659
171366,100704,0,3989,692
171367,144104,0,3788,659
171367,044704,0,3989,692
171370,004104,0,3796,662
171370,104704,0,3997,695
171371,040104,0,3796,662
171371,040704,0,3997,695
171372,144104,0,3796,662
171372,044704,0,3997,695
171373,000104,0,3796,662
171373,100704,0,3997,695
171374,004104,0,3796,662
171374,104704,0,3997,695
171375,040104,0,3796,662
171375,040704,0,3997,695
171376,144104,0,3796,662
171376,044704,0,3997,695
171377,004104,0,3796,662
171377,104704,0,3997,695
174400,040104,0,3206,505
174400,040704,0,3351,528
174401,004104,0,3773,643
174401,104704,0,3918,666
174402,000104,0,3773,643
174402,100704,0,3918,666
174403,144104,0,3576,607
174403,044704,0,3721,630
174404,040104,0,3576,607
174404,040704,0,3721,630
174405,004104,0,3773,643
174405,104704,0,3918,666
174406,000104,0,1971,308
174406,100704,0,1974,309
174407,000104,0,1971,308
174407,100704,0,1974,309
174410,000104,0,3679,632
174410,100704,0,3826,657
174411,144104,0,3482,596
174411,044704,0,3629,621
174412,040104,0,3482,596
174412,040704,0,3629,621
174413,004104,0,3679,632
174413,104704,0,3826,657
174414,000104,0,3679,632
174414,100704,0,3826,657
174415,144104,0,3482,596
174415,044704,0,3629,621
174416,040104,0,3482,596
174416,040704,0,3629,621
174417,040104,0,3482,596
174417,040704,0,3629,621
174420,040104,0,3601,619
174420,040704,0,3748,644
174421,004104,0,3798,655
174421,104704,0,3945,680
174422,000104,0,3798,655
174422,100704,0,3945,680
174423,144104,0,3601,619
174423,044704,0,3748,644
174424,040104,0,3601,619
174424,040704,0,3748,644
174425,004104,0,3798,655
174425,104704,0,3945,680
174426,000104,0,3798,655
174426,100704,0,3945,680
174427,000104,0,3739,642
174427,100704,0,3830,657
174430,040104,0,3624,623
174430,040704,0,3771,648
174431,000104,0,3821,659
174431,100704,0,3968,684
174432,040104,0,3624,623
174432,040704,0,3771,648
174433,000104,0,3821,659
174433,100704,0,3968,684
174434,040104,0,3624,623
174434,040704,0,3771,648
174435,000104,0,3821,659
174435,100704,0,3968,684
174436,040104,0,3624,623
174436,040704,0,3771,648
174437,004104,0,3772,649
174437,104704,0,3919,674
174440,000104,0,3798,655
174440,100704,0,3945,680
174441,144104,0,3601,619
174441,044704,0,3748,644
174442,040104,0,3601,619
174442,040704,0,3748,644
174443,004104,0,3798,655
174443,104704,0,3945,680
174444,000104,0,3798,655
174444,100704,0,3945,680
174445,144104,0,3601,619
174445,044704,0,3748,644
174446,040104,0,3601,619
174446,040704,0,3748,644
174447,040104,0,3552,609
174447,040704,0,3699,634
174450,040104,0,3624,623
174450,040704,0,3771,648
174451,000104,0,3821,659
174451,100704,0,3968,684
174452,040104,0,3624,623
174452,040704,0,3771,648
174453,000104,0,3821,659
174453,100704,0,3968,684
174454,040104,0,3624,623
174454,040704,0,3771,648
174455,000104,0,3821,659
174455,100704,0,3968,684
174456,040104,0,3624,623
174456,040704,0,3771,648
174457,004104,0,2077,333
174457,104704,0,2080,334
174460,000104,0,3766,646
174460,100704,0,3913,671
174461,040104,0,3569,610
174461,040704,0,3716,635
174462,000104,0,3766,646
174462,100704,0,3913,671
174463,040104,0,3569,610
174463,040704,0,3716,635
174464,000104,0,3766,646
174464,100704,0,3913,671
174465,040104,0,3569,610
174465,040704,0,3716,635
174466,000104,0,3766,646
174466,100704,0,3913,671
174467,144104,0,3569,610
174467,044704,0,3716,635
174470,004104,0,3774,649
174470,104704,0,3921,674
174471,040104,0,3577,613
174471,040704,0,3724,638
174472,144104,0,3577,613
174472,044704,0,3724,638
174473,000104,0,3774,649
174473,100704,0,3921,674
174474,004104,0,3774,649
174474,104704,0,3921,674
174475,040104,0,3577,613
174475,040704,0,3724,638
174476,144104,0,3577,613
174476,044704,0,3724,638
174477,004104,0,3774,649
174477,104704,0,3921,674
174500,040104,0,3576,607
174500,040704,0,3721,630
174501,004104,0,3403,541
174501,104704,0,3548,564
174502,000104,0,3773,643
174502,100704,0,3918,666
174503,144104,0,3576,607
174503,044704,0,3721,630
174504,040104,0,3576,607
174504,040704,0,3721,630
174505,004104,0,3773,643
174505,104704,0,3918,666
174506,000104,0,1971,308
174506,100704,0,1974,309
174507,000104,0,1971,308
174507,100704,0,1974,309
174510,000104,0,3679,632
174510,100704,0,3826,657
174511,144104,0,3482,596
174511,044704,0,3629,621
174512,040104,0,3482,596
174512,040704,0,3629,621
174513,004104,0,3679,632
174513,104704,0,3826,657
174514,000104,0,3679,632
174514,100704,0,3826,657
174515,144104,0,3482,596
174515,044704,0,3629,621
174516,040104,0,3482,596
174516,040704,0,3629,621
174517,040104,0,3482,596
174517,040704,0,3629,621
174520,040104,0,3601,619
174520,040704,0,3748,644
174521,004104,0,3798,655
174521,104704,0,3945,680
174522,000104,0,3798,655
174522,100704,0,3945,680
174523,144104,0,3601,619
174523,044704,0,3748,644
174524,040104,0,3601,619
174524,040704,0,3748,644
174525,004104,0,3798,655
174525,104704,0,3945,680
174526,000104,0,3798,655
174526,100704,0,3945,680
174527,000104,0,3739,642
174527,100704,0,3830,657
174530,040104,0,3624,623
174530,040704,0,3771,648
174531,000104,0,3821,659
174531,100704,0,3968,684
174532,040104,0,3624,623
174532,040704,0,3771,648
174533,000104,0,3821,659
174533,100704,0,3968,684
174534,040104,0,3624,623
174534,040704,0,3771,648
174535,000104,0,3821,659
174535,100704,0,3968,684
174536,040104,0,3624,623
174536,040704,0,3771,648
174537,004104,0,3772,649
174537,104704,0,3919,674
174540,000104,0,3798,655
174540,100704,0,3945,680
174541,144104,0,3601,619
174541,044704,0,3748,644
174542,040104,0,3601,619
174542,040704,0,3748,644
174543,004104,0,3798,655
174543,104704,0,3945,680
174544,000104,0,3798,655
174544,100704,0,3945,680
174545,144104,0,3601,619
174545,044704,0,3748,644
174546,040104,0,3601,619
174546,040704,0,3748,644
174547,040104,0,3552,609
174547,040704,0,3699,634
174550,040104,0,3624,623
174550,040704,0,3771,648
174551,000104,0,3821,659
174551,100704,0,3968,684
174552,040104,0,3624,623
174552,040704,0,3771,648
174553,000104,0,3821,659
174553,100704,0,3968,684
174554,040104,0,3624,623
174554,040704,0,3771,648
174555,000104,0,3821,659
174555,100704,0,3968,684
174556,040104,0,3624,623
174556,040704,0,3771,648
174557,004104,0,2077,333
174557,104704,0,2080,334
174560,000104,0,3766,646
174560,100704,0,3913,671
174561,040104,0,3569,610
174561,040704,0,3716,635
174562,000104,0,3766,646
174562,100704,0,3913,671
174563,040104,0,3569,610
174563,040704,0,3716,635
174564,000104,0,3766,646
174564,100704,0,3913,671
174565,040104,0,3569,610
174565,040704,0,3716,635
174566,000104,0,3766,646
174566,100704,0,3913,671
174567,144104,0,3569,610
174567,044704,0,3716,635
174570,004104,0,3774,649
174570,104704,0,3921,674
174571,040104,0,3577,613
174571,040704,0,3724,638
174572,144104,0,3577,613
174572,044704,0,3724,638
174573,000104,0,3774,649
174573,100704,0,3921,674
174574,004104,0,3774,649
174574,104704,0,3921,674
174575,040104,0,3577,613
174575,040704,0,3724,638
174576,144104,0,3577,613
174576,044704,0,3724,638
174577,004104,0,3774,649
174577,104704,0,3921,674
174600,040104,0,3576,607
174600,040704,0,3721,630
174601,004104,0,3773,643
174601,104704,0,3918,666
174602,000104,0,3403,541
174602,100704,0,3548,564
174603,144104,0,3576,607
174603,044704,0,3721,630
174604,040104,0,3576,607
174604,040704,0,3721,630
174605,004104,0,3773,643
174605,104704,0,3918,666
174606,000104,0,1971,308
174606,100704,0,1974,309
174607,000104,0,1971,308
174607,100704,0,1974,309
174610,000104,0,3679,632
174610,100704,0,3826,657
174611,144104,0,3482,596
174611,044704,0,3629,621
174612,040104,0,3482,596
174612,040704,0,3629,621
174613,004104,0,3679,632
174613,104704,0,3826,657
174614,000104,0,3679,632
174614,100704,0,3826,657
174615,144104,0,3482,596
174615,044704,0,3629,621
174616,040104,0,3482,596
174616,040704,0,3629,621
174617,040104,0,3482,596
174617,040704,0,3629,621
174620,040104,0,3601,619
174620,040704,0,3748,644
174621,004104,0,3798,655
174621,104704,0,3945,680
174622,000104,0,3798,655
174622,100704,0,3945,680
174623,144104,0,3601,619
174623,044704,0,3748,644
174624,040104,0,3601,619
174624,040704,0,3748,644
174625,004104,0,3798,655
174625,104704,0,3945,680
174626,000104,0,3798,655
174626,100704,0,3945,680
174627,000104,0,3739,642
174627,100704,0,3830,657
174630,040104,0,3624,623
174630,040704,0,3771,648
174631,000104,0,3821,659
174631,100704,0,3968,684
174632,040104,0,3624,623
174632,040704,0,3771,648
174633,000104,0,3821,659
174633,100704,0,3968,684
174634,040104,0,3624,623
174634,040704,0,3771,648
174635,000104,0,3821,659
174635,100704,0,3968,684
174636,040104,0,3624,623
174636,040704,0,3771,648
174637,004104,0,3772,649
174637,104704,0,3919,674
174640,000104,0,3798,655
174640,100704,0,3945,680
174641,144104,0,3601,619
174641,044704,0,3748,644
174642,040104,0,3601,619
174642,040704,0,3748,644
174643,004104,0,3798,655
174643,104704,0,3945,680
174644,000104,0,3798,655
174644,100704,0,3945,680
174645,144104,0,3601,619
174645,044704,0,3748,644
174646,040104,0,3601,619
174646,040704,0,3748,644
174647,040104,0,3552,609
174647,040704,0,3699,634
174650,040104,0,3624,623
174650,040704,0,3771,648
174651,000104,0,3821,659
174651,100704,0,3968,684
174652,040104,0,3624,623
174652,040704,0,3771,648
174653,000104,0,3821,659
174653,100704,0,3968,684
174654,040104,0,3624,623
174654,040704,0,3771,648
174655,000104,0,3821,659
174655,100704,0,3968,684
174656,040104,0,3624,623
174656,040704,0,3771,648
174657,004104,0,2077,333
174657,104704,0,2080,334
174660,000104,0,3766,646
174660,100704,0,3913,671
174661,040104,0,3569,610
174661,040704,0,3716,635
174662,000104,0,3766,646
174662,100704,0,3913,671
174663,040104,0,3569,610
174663,040704,0,3716,635
174664,000104,0,3766,646
174664,100704,0,3913,671
174665,040104,0,3569,610
174665,040704,0,3716,635
174666,000104,0,3766,646
174666,100704,0,3913,671
174667,144104,0,3569,610
174667,044704,0,3716,635
174670,004104,0,3774,649
174670,104704,0,3921,674
174671,040104,0,3577,613
174671,040704,0,3724,638
174672,144104,0,3577,613
174672,044704,0,3724,638
174673,000104,0,3774,649
174673,100704,0,3921,674
174674,004104,0,3774,649
174674,104704,0,3921,674
174675,040104,0,3577,613
174675,040704,0,3724,638
174676,144104,0,3577,613
174676,044704,0,3724,638
174677,004104,0,3774,649
174677,104704,0,3921,674
174700,040104,0,3576,607
174700,040704,0,3721,630
174701,004104,0,3773,643
174701,104704,0,3918,666
174702,000104,0,3773,643
174702,100704,0,3918,666
174703,144104,0,3206,505
174703,044704,0,3351,528
174704,040104,0,3576,607
174704,040704,0,3721,630
174705,004104,0,3773,643
174705,104704,0,3918,666
174706,000104,0,1971,308
174706,100704,0,1974,309
174707,000104,0,1971,308
174707,100704,0,1974,309
174710,000104,0,3679,632
174710,100704,0,3826,657
174711,144104,0,3482,596
174711,044704,0,3629,621
174712,040104,0,3482,596
174712,040704,0,3629,621
174713,004104,0,3679,632
174713,104704,0,3826,657
174714,000104,0,3679,632
174714,100704,0,3826,657
174715,144104,0,3482,596
174715,044704,0,3629,621
174716,040104,0,3482,596
174716,040704,0,3629,621
174717,040104,0,3482,596
174717,040704,0,3629,621
174720,040104,0,3601,619
174720,040704,0,3748,644
174721,004104,0,3798,655
174721,104704,0,3945,680
174722,000104,0,3798,655
174722,100704,0,3945,680
174723,144104,0,3601,619
174723,044704,0,3748,644
174724,040104,0,3601,619
174724,040704,0,3748,644
174725,004104,0,3798,655
174725,104704,0,3945,680
174726,000104,0,3798,655
174726,100704,0,3945,680
174727,000104,0,3739,642
174727,100704,0,3830,657
174730,040104,0,3624,623
174730,040704,0,3771,648
174731,000104,0,3821,659
174731,100704,0,3968,684
174732,040104,0,3624,623
174732,040704,0,3771,648
174733,000104,0,3821,659
174733,100704,0,3968,684
174734,040104,0,3624,623
174734,040704,0,3771,648
174735,000104,0,3821,659
174735,100704,0,3968,684
174736,040104,0,3624,623
174736,040704,0,3771,648
174737,004104,0,3772,649
174737,104704,0,3919,674
174740,000104,0,3798,655
174740,100704,0,3945,680
174741,144104,0,3601,619
174741,044704,0,3748,644
174742,040104,0,3601,619
174742,040704,0,3748,644
174743,004104,0,3798,655
174743,104704,0,3945,680
174744,000104,0,3798,655
174744,100704,0,3945,680
174745,144104,0,3601,619
174745,044704,0,3748,644
174746,040104,0,3601,619
174746,040704,0,3748,644
174747,040104,0,3552,609
174747,040704,0,3699,634
174750,040104,0,3624,623
174750,040704,0,3771,648
174751,000104,0,3821,659
174751,100704,0,3968,684
174752,040104,0,3624,623
174752,040704,0,3771,648
174753,000104,0,3821,659
174753,100704,0,3968,684
174754,040104,0,3624,623
174754,040704,0,3771,648
174755,000104,0,3821,659
174755,100704,0,3968,684
174756,040104,0,3624,623
174756,040704,0,3771,648
174757,004104,0,2077,333
174757,104704,0,2080,334
174760,000104,0,3766,646
174760,100704,0,3913,671
174761,040104,0,3569,610
174761,040704,0,3716,635
174762,000104,0,3766,646
174762,100704,0,3913,671
174763,040104,0,3569,610
174763,040704,0,3716,635
174764,000104,0,3766,646
174764,100704,0,3913,671
174765,040104,0,3569,610
174765,040704,0,3716,635
174766,000104,0,3766,646
174766,100704,0,3913,671
174767,144104,0,3569,610
174767,044704,0,3716,635
174770,004104,0,3774,649
174770,104704,0,3921,674
174771,040104,0,3577,613
174771,040704,0,3724,638
174772,144104,0,3577,613
174772,044704,0,3724,638
174773,000104,0,3774,649
174773,100704,0,3921,674
174774,004104,0,3774,649
174774,104704,0,3921,674
174775,040104,0,3577,613
174775,040704,0,3724,638
174776,144104,0,3577,613
174776,044704,0,3724,638
174777,004104,0,3774,649
174777,104704,0,3921,674
171400,040104,0,3691,593
171400,040704,0,3922,630
171401,004104,0,4077,699
171401,104704,0,4308,736
171402,000104,0,4077,699
171402,100704,0,4308,736
171403,144104,0,4077,699
171403,044704,0,4308,736
171404,040104,0,4077,699
171404,040704,0,4308,736
171405,004104,0,4077,699
171405,104704,0,4308,736
171406,000104,0,1995,311
171406,100704,0,1998,312
171407,000104,0,1995,311
171407,100704,0,1998,312
171410,000104,0,3983,688
171410,100704,0,4216,727
171411,144104,0,3983,688
171411,044704,0,4216,727
171412,040104,0,3983,688
171412,040704,0,4216,727
171413,004104,0,3983,688
171413,104704,0,4216,727
171414,000104,0,3983,688
171414,100704,0,4216,727
171415,144104,0,3983,688
171415,044704,0,4216,727
171416,040104,0,3983,688
171416,040704,0,4216,727
171417,040104,0,3983,688
171417,040704,0,4216,727
171420,040104,0,4102,711
171420,040704,0,4335,750
171421,004104,0,4102,711
171421,104704,0,4335,750
171422,000104,0,4102,711
171422,100704,0,4335,750
171423,144104,0,4102,711
171423,044704,0,4335,750
171424,040104,0,4102,711
171424,040704,0,4335,750
171425,004104,0,4102,711
171425,104704,0,4335,750
171426,000104,0,4102,711
171426,100704,0,4335,750
171427,000104,0,4043,698
171427,100704,0,4220,727
171430,040104,0,4125,715
171430,040704,0,4358,754
171431,000104,0,4125,715
171431,100704,0,4358,754
171432,040104,0,4125,715
171432,040704,0,4358,754
171433,000104,0,4125,715
171433,100704,0,4358,754
171434,040104,0,4125,715
171434,040704,0,4358,754
171435,000104,0,4125,715
171435,100704,0,4358,754
171436,040104,0,4125,715
171436,040704,0,4358,754
171437,004104,0,4076,705
171437,104704,0,4309,744
171440,000104,0,4102,711
171440,100704,0,4335,750
171441,144104,0,4102,711
171441,044704,0,4335,750
171442,040104,0,4102,711
171442,040704,0,4335,750
171443,004104,0,4102,711
171443,104704,0,4335,750
171444,000104,0,4102,711
171444,100704,0,4335,750
171445,144104,0,4102,711
171445,044704,0,4335,750
171446,040104,0,4102,711
171446,040704,0,4335,750
171447,040104,0,4053,701
171447,040704,0,4286,740
171450,040104,0,4125,715
171450,040704,0,4358,754
171451,000104,0,4125,715
171451,100704,0,4358,754
171452,040104,0,4125,715
171452,040704,0,4358,754
171453,000104,0,4125,715
171453,100704,0,4358,754
171454,040104,0,4125,715
171454,040704,0,4358,754
171455,000104,0,4125,715
171455,100704,0,4358,754
171456,040104,0,4125,715
171456,040704,0,4358,754
171457,004104,0,2101,336
171457,104704,0,2104,337
171460,000104,0,4070,702
171460,100704,0,4303,741
171461,040104,0,4070,702
171461,040704,0,4303,741
171462,000104,0,4070,702
171462,100704,0,4303,741
171463,040104,0,4070,702
171463,040704,0,4303,741
171464,000104,0,4070,702
171464,100704,0,4303,741
171465,040104,0,4070,702
171465,040704,0,4303,741
171466,000104,0,4070,702
171466,100704,0,4303,741
171467,144104,0,4070,702
171467,044704,0,4303,741
171470,004104,0,4078,705
171470,104704,0,4311,744
171471,040104,0,4078,705
171471,040704,0,4311,744
171472,144104,0,4078,705
171472,044704,0,4311,744
171473,000104,0,4078,705
171473,100704,0,4311,744
171474,004104,0,4078,705
171474,104704,0,4311,744
171475,040104,0,4078,705
171475,040704,0,4311,744
171476,144104,0,4078,705
171476,044704,0,4311,744
171477,004104,0,4078,705
171477,104704,0,4311,744
171500,040104,0,3987,684
171500,040704,0,4186,715
171501,004104,0,3601,578
171501,104704,0,3800,609
171502,000104,0,3987,684
171502,100704,0,4186,715
171503,144104,0,3987,684
171503,044704,0,4186,715
171504,040104,0,3987,684
171504,040704,0,4186,715
171505,004104,0,3987,684
171505,104704,0,4186,715
171506,000104,0,1995,311
171506,100704,0,1998,312
171507,000104,0,1995,311
171507,100704,0,1998,312
171510,000104,0,3893,673
171510,100704,0,4094,706
171511,144104,0,3893,673
171511,044704,0,4094,706
171512,040104,0,3893,673
171512,040704,0,4094,706
171513,004104,0,3893,673
171513,104704,0,4094,706
171514,000104,0,3893,673
171514,100704,0,4094,706
171515,144104,0,3893,673
171515,044704,0,4094,706
171516,040104,0,3893,673
171516,040704,0,4094,706
171517,040104,0,3893,673
171517,040704,0,4094,706
171520,040104,0,4012,696
171520,040704,0,4213,729
171521,004104,0,4012,696
171521,104704,0,4213,729
171522,000104,0,4012,696
171522,100704,0,4213,729
171523,144104,0,4012,696
171523,044704,0,4213,729
171524,040104,0,4012,696
171524,040704,0,4213,729
171525,004104,0,4012,696
171525,104704,0,4213,729
171526,000104,0,4012,696
171526,100704,0,4213,729
171527,000104,0,3953,683
171527,100704,0,4098,706
171530,040104,0,4035,700
171530,040704,0,4236,733
171531,000104,0,4035,700
171531,100704,0,4236,733
171532,040104,0,4035,700
171532,040704,0,4236,733
171533,000104,0,4035,700
171533,100704,0,4236,733
171534,040104,0,4035,700
171534,040704,0,4236,733
171535,000104,0,4035,700
171535,100704,0,4236,733
171536,040104,0,4035,700
171536,040704,0,4236,733
171537,004104,0,3986,690
171537,104704,0,4187,723
171540,000104,0,4012,696
171540,100704,0,4213,729
171541,144104,0,4012,696
171541,044704,0,4213,729
171542,040104,0,4012,696
171542,040704,0,4213,729
171543,004104,0,4012,696
171543,104704,0,4213,729
171544,000104,0,4012,696
171544,100704,0,4213,729
171545,144104,0,4012,696
171545,044704,0,4213,729
171546,040104,0,4012,696
171546,040704,0,4213,729
171547,040104,0,3963,686
171547,040704,0,4164,719
171550,040104,0,4035,700
171550,040704,0,4236,733
171551,000104,0,4035,700
171551,100704,0,4236,733
171552,040104,0,4035,700
171552,040704,0,4236,733
171553,000104,0,4035,700
171553,100704,0,4236,733
171554,040104,0,4035,700
171554,040704,0,4236,733
171555,000104,0,4035,700
171555,100704,0,4236,733
171556,040104,0,4035,700
171556,040704,0,4236,733
171557,004104,0,2101,336
171557,104704,0,2104,337
171560,000104,0,3980,687
171560,100704,0,4181,720
171561,040104,0,3980,687
171561,040704,0,4181,720
171562,000104,0,3980,687
171562,100704,0,4181,720
171563,040104,0,3980,687
171563,040704,0,4181,720
171564,000104,0,3980,687
171564,100704,0,4181,720
171565,040104,0,3980,687
171565,040704,0,4181,720
171566,000104,0,3980,687
171566,100704,0,4181,720
171567,144104,0,3980,687
171567,044704,0,4181,720
171570,004104,0,3988,690
171570,104704,0,4189,723
171571,040104,0,3988,690
171571,040704,0,4189,723
171572,144104,0,3988,690
171572,044704,0,4189,723
171573,000104,0,3988,690
171573,100704,0,4189,723
171574,004104,0,3988,690
171574,104704,0,4189,723
171575,040104,0,3988,690
171575,040704,0,4189,723
171576,144104,0,3988,690
171576,044704,0,4189,723
171577,004104,0,3988,690
171577,104704,0,4189,723
171600,040104,0,4077,699
171600,040704,0,4308,736
171601,004104,0,4077,699
171601,104704,0,4308,736
171602,000104,0,3691,593
171602,100704,0,3922,630
171603,144104,0,4077,699
171603,044704,0,4308,736
171604,040104,0,4077,699
171604,040704,0,4308,736
171605,004104,0,4077,699
171605,104704,0,4308,736
171606,000104,0,1995,311
171606,100704,0,1998,312
171607,000104,0,1995,311
171607,100704,0,1998,312
171610,000104,0,3983,688
171610,100704,0,4216,727
171611,144104,0,3983,688
171611,044704,0,4216,727
171612,040104,0,3983,688
171612,040704,0,4216,727
171613,004104,0,3983,688
171613,104704,0,4216,727
171614,000104,0,3983,688
171614,100704,0,4216,727
171615,144104,0,3983,688
171615,044704,0,4216,727
171616,040104,0,3983,688
171616,040704,0,4216,727
171617,040104,0,3983,688
171617,040704,0,4216,727
171620,040104,0,4102,711
171620,040704,0,4335,750
171621,004104,0,4102,711
171621,104704,0,4335,750
171622,000104,0,4102,711
171622,100704,0,4335,750
171623,144104,0,4102,711
171623,044704,0,4335,750
171624,040104,0,4102,711
171624,040704,0,4335,750
171625,004104,0,4102,711
171625,104704,0,4335,750
171626,000104,0,4102,711
171626,100704,0,4335,750
171627,000104,0,4043,698
171627,100704,0,4220,727
171630,040104,0,4125,715
171630,040704,0,4358,754
171631,000104,0,4125,715
171631,100704,0,4358,754
171632,040104,0,4125,715
171632,040704,0,4358,754
171633,000104,0,4125,715
171633,100704,0,4358,754
171634,040104,0,4125,715
171634,040704,0,4358,754
171635,000104,0,4125,715
171635,100704,0,4358,754
171636,040104,0,4125,715
171636,040704,0,4358,754
171637,004104,0,4076,705
171637,104704,0,4309,744
171640,000104,0,4102,711
171640,100704,0,4335,750
171641,144104,0,4102,711
171641,044704,0,4335,750
171642,040104,0,4102,711
171642,040704,0,4335,750
171643,004104,0,4102,711
171643,104704,0,4335,750
171644,000104,0,4102,711
171644,100704,0,4335,750
171645,144104,0,4102,711
171645,044704,0,4335,750
171646,040104,0,4102,711
171646,040704,0,4335,750
171647,040104,0,4053,701
171647,040704,0,4286,740
171650,040104,0,4125,715
171650,040704,0,4358,754
171651,000104,0,4125,715
171651,100704,0,4358,754
171652,040104,0,4125,715
171652,040704,0,4358,754
171653,000104,0,4125,715
171653,100704,0,4358,754
171654,040104,0,4125,715
171654,040704,0,4358,754
171655,000104,0,4125,715
171655,100704,0,4358,754
171656,040104,0,4125,715
171656,040704,0,4358,754
171657,004104,0,2101,336
171657,104704,0,2104,337
171660,000104,0,4070,702
171660,100704,0,4303,741
171661,040104,0,4070,702
171661,040704,0,4303,741
171662,000104,0,4070,702
171662,100704,0,4303,741
171663,040104,0,4070,702
171663,040704,0,4303,741
171664,000104,0,4070,702
171664,100704,0,4303,741
171665,040104,0,4070,702
171665,040704,0,4303,741
171666,000104,0,4070,702
171666,100704,0,4303,741
171667,144104,0,4070,702
171667,044704,0,4303,741
171670,004104,0,4078,705
171670,104704,0,4311,744
171671,040104,0,4078,705
171671,040704,0,4311,744
171672,144104,0,4078,705
171672,044704,0,4311,744
171673,000104,0,4078,705
171673,100704,0,4311,744
171674,004104,0,4078,705
171674,104704,0,4311,744
171675,040104,0,4078,705
171675,040704,0,4311,744
171676,144104,0,4078,705
171676,044704,0,4311,744
171677,004104,0,4078,705
171677,104704,0,4311,744
171700,040104,0,3987,684
171700,040704,0,4186,715
171701,004104,0,3987,684
171701,104704,0,4186,715
171702,000104,0,3987,684
171702,100704,0,4186,715
171703,144104,0,3601,578
171703,044704,0,3800,609
171704,040104,0,3987,684
171704,040704,0,4186,715
171705,004104,0,3987,684
171705,104704,0,4186,715
171706,000104,0,1995,311
171706,100704,0,1998,312
171707,000104,0,1995,311
171707,100704,0,1998,312
171710,000104,0,3893,673
171710,100704,0,4094,706
171711,144104,0,3893,673
171711,044704,0,4094,706
171712,040104,0,3893,673
171712,040704,0,4094,706
171713,004104,0,3893,673
171713,104704,0,4094,706
171714,000104,0,3893,673
171714,100704,0,4094,706
171715,144104,0,3893,673
171715,044704,0,4094,706
171716,040104,0,3893,673
171716,040704,0,4094,706
171717,040104,0,3893,673
171717,040704,0,4094,706
171720,040104,0,4012,696
171720,040704,0,4213,729
171721,004104,0,4012,696
171721,104704,0,4213,729
171722,000104,0,4012,696
171722,100704,0,4213,729
171723,144104,0,4012,696
171723,044704,0,4213,729
171724,040104,0,4012,696
171724,040704,0,4213,729
171725,004104,0,4012,696
171725,104704,0,4213,729
171726,000104,0,4012,696
171726,100704,0,4213,729
171727,000104,0,3953,683
171727,100704,0,4098,706
171730,040104,0,4035,700
171730,040704,0,4236,733
171731,000104,0,4035,700
171731,100704,0,4236,733
171732,040104,0,4035,700
171732,040704,0,4236,733
171733,000104,0,4035,700
171733,100704,0,4236,733
171734,040104,0,4035,700
171734,040704,0,4236,733
171735,000104,0,4035,700
171735,100704,0,4236,733
171736,040104,0,4035,700
171736,040704,0,4236,733
171737,004104,0,3986,690
171737,104704,0,4187,723
171740,000104,0,4012,696
171740,100704,0,4213,729
171741,144104,0,4012,696
171741,044704,0,4213,729
171742,040104,0,4012,696
171742,040704,0,4213,729
171743,004104,0,4012,696
171743,104704,0,4213,729
171744,000104,0,4012,696
171744,100704,0,4213,729
171745,144104,0,4012,696
171745,044704,0,4213,729
171746,040104,0,4012,696
171746,040704,0,4213,729
171747,040104,0,3963,686
171747,040704,0,4164,719
171750,040104,0,4035,700
171750,040704,0,4236,733
171751,000104,0,4035,700
171751,100704,0,4236,733
171752,040104,0,4035,700
171752,040704,0,4236,733
171753,000104,0,4035,700
171753,100704,0,4236,733
171754,040104,0,4035,700
171754,040704,0,4236,733
171755,000104,0,4035,700
171755,100704,0,4236,733
171756,040104,0,4035,700
171756,040704,0,4236,733
171757,004104,0,2101,336
171757,104704,0,2104,337
171760,000104,0,3980,687
171760,100704,0,4181,720
171761,040104,0,3980,687
171761,040704,0,4181,720
171762,000104,0,3980,687
171762,100704,0,4181,720
171763,040104,0,3980,687
171763,040704,0,4181,720
171764,000104,0,3980,687
171764,100704,0,4181,720
171765,040104,0,3980,687
171765,040704,0,4181,720
171766,000104,0,3980,687
171766,100704,0,4181,720
171767,144104,0,3980,687
171767,044704,0,4181,720
171770,004104,0,3988,690
171770,104704,0,4189,723
171771,040104,0,3988,690
171771,040704,0,4189,723
171772,144104,0,3988,690
171772,044704,0,4189,723
171773,000104,0,3988,690
171773,100704,0,4189,723
171774,004104,0,3988,690
171774,104704,0,4189,723
171775,040104,0,3988,690
171775,040704,0,4189,723
171776,144104,0,3988,690
171776,044704,0,4189,723
171777,004104,0,3988,690
171777,104704,0,4189,723
170400,041104,0,2062,331
170400,041704,0,2119,340
170401,004104,0,2062,331
170401,104704,0,2119,340
170402,003104,0,2062,331
170402,103704,0,2119,340
170403,146104,0,2062,331
170403,046704,0,2119,340
170404,041104,0,2062,331
170404,041704,0,2119,340
170405,004104,0,2062,331
170405,104704,0,2119,340
170406,003104,0,1713,276
170406,103704,0,1716,277
170407,003104,0,1713,276
170407,103704,0,1716,277
170410,003104,0,2045,332
170410,103704,0,2138,347
170411,146104,0,2045,332
170411,046704,0,2138,347
170412,041104,0,2045,332
170412,041704,0,2138,347
170413,004104,0,2045,332
170413,104704,0,2138,347
170414,003104,0,2045,332
170414,103704,0,2138,347
170415,146104,0,2045,332
170415,046704,0,2138,347
170416,041104,0,2045,332
170416,041704,0,2138,347
170417,041104,0,2045,332
170417,041704,0,2138,347
170420,041104,0,2164,355
170420,041704,0,2257,370
170421,004104,0,2164,355
170421,104704,0,2257,370
170422,003104,0,2164,355
170422,103704,0,2257,370
170423,146104,0,2164,355
170423,046704,0,2257,370
170424,041104,0,2164,355
170424,041704,0,2257,370
170425,004104,0,2164,355
170425,104704,0,2257,370
170426,003104,0,2164,355
170426,103704,0,2257,370
170427,003104,0,2088,340
170427,103704,0,2091,341
170430,041104,0,2187,359
170430,041704,0,2280,374
170431,003104,0,2187,359
170431,103704,0,2280,374
170432,041104,0,2187,359
170432,041704,0,2280,374
170433,003104,0,2187,359
170433,103704,0,2280,374
170434,041104,0,2187,359
170434,041704,0,2280,374
170435,003104,0,2187,359
170435,103704,0,2280,374
170436,041104,0,2187,359
170436,041704,0,2280,374
170437,004104,0,2138,349
170437,104704,0,2231,364
170440,003104,0,2164,355
170440,103704,0,2257,370
170441,146104,0,2164,355
170441,046704,0,2257,370
170442,041104,0,2164,355
170442,041704,0,2257,370
170443,004104,0,2164,355
170443,104704,0,2257,370
170444,003104,0,2164,355
170444,103704,0,2257,370
170445,146104,0,2164,355
170445,046704,0,2257,370
170446,041104,0,2164,355
170446,041704,0,2257,370
170447,041104,0,2115,345
170447,041704,0,2208,360
170450,041104,0,2187,359
170450,041704,0,2280,374
170451,003104,0,2187,359
170451,103704,0,2280,374
170452,041104,0,2187,359
170452,041704,0,2280,374
170453,003104,0,2187,359
170453,103704,0,2280,374
170454,041104,0,2187,359
170454,041704,0,2280,374
170455,003104,0,2187,359
170455,103704,0,2280,374
170456,041104,0,2187,359
170456,041704,0,2280,374
170457,004104,0,2092,340
170457,104704,0,2095,341
170460,003104,0,2132,346
170460,103704,0,2225,361
170461,041104,0,2132,346
170461,041704,0,2225,361
170462,003104,0,2132,346
170462,103704,0,2225,361
170463,041104,0,2132,346
170463,041704,0,2225,361
170464,003104,0,2132,346
170464,103704,0,2225,361
170465,041104,0,2132,346
170465,041704,0,2225,361
170466,003104,0,2132,346
170466,103704,0,2225,361
170467,146104,0,2132,346
170467,046704,0,2225,361
170470,004104,0,2140,349
170470,104704,0,2233,364
170471,041104,0,2140,349
170471,041704,0,2233,364
170472,146104,0,2140,349
170472,046704,0,2233,364
170473,003104,0,2140,349
170473,103704,0,2233,364
170474,004104,0,2140,349
170474,104704,0,2233,364
170475,041104,0,2140,349
170475,041704,0,2233,364
170476,146104,0,2140,349
170476,046704,0,2233,364
170477,004104,0,2140,349
170477,104704,0,2233,364
170500,041104,0,2011,322
170500,041704,0,2068,331
170501,004104,0,2011,322
170501,104704,0,2068,331
170502,003104,0,2011,322
170502,103704,0,2068,331
170503,146104,0,2011,322
170503,046704,0,2068,331
170504,041104,0,2011,322
170504,041704,0,2068,331
170505,004104,0,2011,322
170505,104704,0,2068,331
170506,003104,0,1737,279
170506,103704,0,1740,280
170507,003104,0,1737,279
170507,103704,0,1740,280
170510,003104,0,1917,311
170510,103704,0,1976,322
170511,146104,0,1917,311
170511,046704,0,1976,322
170512,041104,0,1917,311
170512,041704,0,1976,322
170513,004104,0,1917,311
170513,104704,0,1976,322
170514,003104,0,1917,311
170514,103704,0,1976,322
170515,146104,0,1917,311
170515,046704,0,1976,322
170516,041104,0,1917,311
170516,041704,0,1976,322
170517,041104,0,1917,311
170517,041704,0,1976,322
170520,041104,0,2036,334
170520,041704,0,2095,345
170521,004104,0,2036,334
170521,104704,0,2095,345
170522,003104,0,2036,334
170522,103704,0,2095,345
170523,146104,0,2036,334
170523,046704,0,2095,345
170524,041104,0,2036,334
170524,041704,0,2095,345
170525,004104,0,2036,334
170525,104704,0,2095,345
170526,003104,0,2036,334
170526,103704,0,2095,345
170527,003104,0,1977,321
170527,103704,0,1980,322
170530,041104,0,2059,338
170530,041704,0,2118,349
170531,003104,0,2059,338
170531,103704,0,2118,349
170532,041104,0,2059,338
170532,041704,0,2118,349
170533,003104,0,2059,338
170533,103704,0,2118,349
170534,041104,0,2059,338
170534,041704,0,2118,349
170535,003104,0,2059,338
170535,103704,0,2118,349
170536,041104,0,2059,338
170536,041704,0,2118,349
170537,004104,0,2010,328
170537,104704,0,2069,339
170540,003104,0,2036,334
170540,103704,0,2095,345
170541,146104,0,2036,334
170541,046704,0,2095,345
170542,041104,0,2036,334
170542,041704,0,2095,345
170543,004104,0,2036,334
170543,104704,0,2095,345
170544,003104,0,2036,334
170544,103704,0,2095,345
170545,146104,0,2036,334
170545,046704,0,2095,345
170546,041104,0,2036,334
170546,041704,0,2095,345
170547,041104,0,1987,324
170547,041704,0,2046,335
170550,041104,0,2059,338
170550,041704,0,2118,349
170551,003104,0,2059,338
170551,103704,0,2118,349
170552,041104,0,2059,338
170552,041704,0,2118,349
170553,003104,0,2059,338
170553,103704,0,2118,349
170554,041104,0,2059,338
170554,041704,0,2118,349
170555,003104,0,2059,338
170555,103704,0,2118,349
170556,041104,0,2059,338
170556,041704,0,2118,349
170557,004104,0,1843,304
170557,104704,0,1846,305
170560,003104,0,2004,325
170560,103704,0,2063,336
170561,041104,0,2004,325
170561,041704,0,2063,336
170562,003104,0,2004,325
170562,103704,0,2063,336
170563,041104,0,2004,325
170563,041704,0,2063,336
170564,003104,0,2004,325
170564,103704,0,2063,336
170565,041104,0,2004,325
170565,041704,0,2063,336
170566,003104,0,2004,325
170566,103704,0,2063,336
170567,146104,0,2004,325
170567,046704,0,2063,336
170570,004104,0,2012,328
170570,104704,0,2071,339
170571,041104,0,2012,328
170571,041704,0,2071,339
170572,146104,0,2012,328
170572,046704,0,2071,339
170573,003104,0,2012,328
170573,103704,0,2071,339
170574,004104,0,2012,328
170574,104704,0,2071,339
170575,041104,0,2012,328
170575,041704,0,2071,339
170576,146104,0,2012,328
170576,046704,0,2071,339
170577,004104,0,2012,328
170577,104704,0,2071,339
170600,041104,0,2378,383
170600,041704,0,2489,400
170601,004104,0,2378,383
170601,104704,0,2489,400
170602,003104,0,2378,383
170602,103704,0,2489,400
170603,146104,0,2378,383
170603,046704,0,2489,400
170604,041104,0,2378,383
170604,041704,0,2489,400
170605,004104,0,2378,383
170605,104704,0,2489,400
170606,003104,0,1761,282
170606,103704,0,1764,283
170607,003104,0,1761,282
170607,103704,0,1764,283
170610,003104,0,2360,386
170610,103704,0,2509,411
170611,003104,0,2360,386
170611,103704,0,2509,411
170612,003104,0,2360,386
170612,103704,0,2509,411
170613,003104,0,2360,386
170613,103704,0,2509,411
170614,003104,0,2360,386
170614,103704,0,2509,411
170615,003104,0,2360,386
170615,103704,0,2509,411
170616,003104,0,2360,386
170616,103704,0,2509,411
170617,004104,0,2360,386
170617,104704,0,2509,411
170620,041104,0,2479,409
170620,041704,0,2628,434
170621,041104,0,2479,409
170621,041704,0,2628,434
170622,041104,0,2479,409
170622,041704,0,2628,434
170623,041104,0,2479,409
170623,041704,0,2628,434
170624,041104,0,2479,409
170624,041704,0,2628,434
170625,041104,0,2479,409
170625,041704,0,2628,434
170626,041104,0,2479,409
170626,041704,0,2628,434
170627,146104,0,2375,389
170627,046704,0,2378,390
170630,003104,0,2502,413
170630,103704,0,2651,438
170631,146104,0,2502,413
170631,046704,0,2651,438
170632,041104,0,2502,413
170632,041704,0,2651,438
170633,004104,0,2502,413
170633,104704,0,2651,438
170634,003104,0,2502,413
170634,103704,0,2651,438
170635,146104,0,2502,413
170635,046704,0,2651,438
170636,041104,0,2502,413
170636,041704,0,2651,438
170637,041104,0,2453,403
170637,041704,0,2602,428
170640,041104,0,2479,409
170640,041704,0,2628,434
170641,041104,0,2479,409
170641,041704,0,2628,434
170642,041104,0,2479,409
170642,041704,0,2628,434
170643,041104,0,2479,409
170643,041704,0,2628,434
170644,041104,0,2479,409
170644,041704,0,2628,434
170645,041104,0,2479,409
170645,041704,0,2628,434
170646,041104,0,2479,409
170646,041704,0,2628,434
170647,146104,0,2430,399
170647,046704,0,2579,424
170650,003104,0,2502,413
170650,103704,0,2651,438
170651,146104,0,2502,413
170651,046704,0,2651,438
170652,041104,0,2502,413
170652,041704,0,2651,438
170653,004104,0,2502,413
170653,104704,0,2651,438
170654,003104,0,2502,413
170654,103704,0,2651,438
170655,146104,0,2502,413
170655,046704,0,2651,438
170656,041104,0,2502,413
170656,041704,0,2651,438
170657,041104,0,1867,307
170657,041704,0,1870,308
170660,004104,0,2447,400
170660,104704,0,2596,425
170661,003104,0,2447,400
170661,103704,0,2596,425
170662,146104,0,2447,400
170662,046704,0,2596,425
170663,041104,0,2447,400
170663,041704,0,2596,425
170664,004104,0,2447,400
170664,104704,0,2596,425
170665,003104,0,2447,400
170665,103704,0,2596,425
170666,146104,0,2447,400
170666,046704,0,2596,425
170667,146104,0,2447,400
170667,046704,0,2596,425
170670,041104,0,2455,403
170670,041704,0,2604,428
170671,003104,0,2455,403
170671,103704,0,2604,428
170672,041104,0,2455,403
170672,041704,0,2604,428
170673,003104,0,2455,403
170673,103704,0,2604,428
170674,041104,0,2455,403
170674,041704,0,2604,428
170675,003104,0,2455,403
170675,103704,0,2604,428
170676,041104,0,2455,403
170676,041704,0,2604,428
170677,004104,0,2455,403
170677,104704,0,2604,428
170700,146104,0,2402,386
170700,046704,0,2513,403
170701,041104,0,2402,386
170701,041704,0,2513,403
170702,004104,0,2402,386
170702,104704,0,2513,403
170703,003104,0,2402,386
170703,103704,0,2513,403
170704,146104,0,2402,386
170704,046704,0,2513,403
170705,041104,0,2402,386
170705,041704,0,2513,403
170706,004104,0,1785,285
170706,104704,0,1788,286
170707,004104,0,1785,285
170707,104704,0,1788,286
170710,004104,0,2384,389
170710,104704,0,2533,414
170711,004104,0,2384,389
170711,104704,0,2533,414
170712,004104,0,2384,389
170712,104704,0,2533,414
170713,004104,0,2384,389
170713,104704,0,2533,414
170714,004104,0,2384,389
170714,104704,0,2533,414
170715,004104,0,2384,389
170715,104704,0,2533,414
170716,004104,0,2384,389
170716,104704,0,2533,414
170717,041104,0,2384,389
170717,041704,0,2533,414
170720,146104,0,2503,412
170720,046704,0,2652,437
170721,146104,0,2503,412
170721,046704,0,2652,437
170722,146104,0,2503,412
170722,046704,0,2652,437
170723,146104,0,2503,412
170723,046704,0,2652,437
170724,146104,0,2503,412
170724,046704,0,2652,437
170725,146104,0,2503,412
170725,046704,0,2652,437
170726,146104,0,2503,412
170726,046704,0,2652,437
170727,003104,0,2399,392
170727,103704,0,2402,393
170730,004104,0,2526,416
170730,104704,0,2675,441
170731,003104,0,2526,416
170731,103704,0,2675,441
170732,146104,0,2526,416
170732,046704,0,2675,441
170733,041104,0,2526,416
170733,041704,0,2675,441
170734,004104,0,2526,416
170734,104704,0,2675,441
170735,003104,0,2526,416
170735,103704,0,2675,441
170736,146104,0,2526,416
170736,046704,0,2675,441
170737,146104,0,2477,406
170737,046704,0,2626,431
170740,146104,0,2503,412
170740,046704,0,2652,437
170741,146104,0,2503,412
170741,046704,0,2652,437
170742,146104,0,2503,412
170742,046704,0,2652,437
170743,146104,0,2503,412
170743,046704,0,2652,437
170744,146104,0,2503,412
170744,046704,0,2652,437
170745,146104,0,2503,412
170745,046704,0,2652,437
170746,146104,0,2503,412
170746,046704,0,2652,437
170747,003104,0,2454,402
170747,103704,0,2603,427
170750,004104,0,2526,416
170750,104704,0,2675,441
170751,003104,0,2526,416
170751,103704,0,2675,441
170752,146104,0,2526,416
170752,046704,0,2675,441
170753,041104,0,2526,416
170753,041704,0,2675,441
170754,004104,0,2526,416
170754,104704,0,2675,441
170755,003104,0,2526,416
170755,103704,0,2675,441
170756,146104,0,2526,416
170756,046704,0,2675,441
170757,146104,0,1891,310
170757,046704,0,1894,311
170760,041104,0,2471,403
170760,041704,0,2620,428
170761,004104,0,2471,403
170761,104704,0,2620,428
170762,003104,0,2471,403
170762,103704,0,2620,428
170763,146104,0,2471,403
170763,046704,0,2620,428
170764,041104,0,2471,403
170764,041704,0,2620,428
170765,004104,0,2471,403
170765,104704,0,2620,428
170766,003104,0,2471,403
170766,103704,0,2620,428
170767,003104,0,2471,403
170767,103704,0,2620,428
170770,146104,0,2479,406
170770,046704,0,2628,431
170771,004104,0,2479,406
170771,104704,0,2628,431
170772,146104,0,2479,406
170772,046704,0,2628,431
170773,004104,0,2479,406
170773,104704,0,2628,431
170774,146104,0,2479,406
170774,046704,0,2628,431
170775,004104,0,2479,406
170775,104704,0,2628,431
170776,146104,0,2479,406
170776,046704,0,2628,431
170777,041104,0,2479,406
170777,041704,0,2628,431
