case,opcode,microclocks,memory_beats,spi_clocks,spi_transactions
0,075000,249,7,0,0
1,075000,253,7,0,0
2,075000,263,7,0,0
3,075000,269,7,0,0
4,075000,339,7,0,0
5,075000,341,7,0,0
6,075000,351,7,0,0
7,075000,363,7,0,0
8,075000,329,7,0,0
9,075000,333,7,0,0
10,075000,343,7,0,0
11,075000,349,7,0,0
12,075000,329,7,0,0
13,075000,335,7,0,0
14,075000,343,7,0,0
15,075000,349,7,0,0
16,075000,329,7,0,0
17,075000,335,7,0,0
18,075000,343,7,0,0
19,075000,349,7,0,0
20,075000,339,7,0,0
21,075000,341,7,0,0
22,075000,351,7,0,0
23,075000,357,7,0,0
24,075000,252,7,0,0
25,075000,259,7,0,0
26,075000,264,7,0,0
27,075000,271,7,0,0
28,075000,339,7,0,0
29,075000,346,7,0,0
30,075000,355,7,0,0
31,075000,366,7,0,0
32,075000,332,7,0,0
33,075000,338,7,0,0
34,075000,345,7,0,0
35,075000,351,7,0,0
36,075000,330,7,0,0
37,075000,338,7,0,0
38,075000,345,7,0,0
39,075000,351,7,0,0
40,075000,330,7,0,0
41,075000,338,7,0,0
42,075000,345,7,0,0
43,075000,351,7,0,0
44,075000,339,7,0,0
45,075000,346,7,0,0
46,075000,355,7,0,0
47,075000,360,7,0,0
48,075000,249,7,0,0
49,075000,253,7,0,0
50,075000,263,7,0,0
51,075000,269,7,0,0
52,075000,339,7,0,0
53,075000,341,7,0,0
54,075000,351,7,0,0
55,075000,363,7,0,0
56,075000,329,7,0,0
57,075000,333,7,0,0
58,075000,343,7,0,0
59,075000,349,7,0,0
60,075000,329,7,0,0
61,075000,335,7,0,0
62,075000,343,7,0,0
63,075000,349,7,0,0
64,075000,329,7,0,0
65,075000,335,7,0,0
66,075000,343,7,0,0
67,075000,349,7,0,0
68,075000,339,7,0,0
69,075000,341,7,0,0
70,075000,351,7,0,0
71,075000,357,7,0,0
72,075000,252,7,0,0
73,075000,259,7,0,0
74,075000,264,7,0,0
75,075000,271,7,0,0
76,075000,339,7,0,0
77,075000,346,7,0,0
78,075000,355,7,0,0
79,075000,366,7,0,0
80,075000,332,7,0,0
81,075000,338,7,0,0
82,075000,345,7,0,0
83,075000,351,7,0,0
84,075000,330,7,0,0
85,075000,338,7,0,0
86,075000,345,7,0,0
87,075000,351,7,0,0
88,075000,330,7,0,0
89,075000,338,7,0,0
90,075000,345,7,0,0
91,075000,351,7,0,0
92,075000,339,7,0,0
93,075000,346,7,0,0
94,075000,355,7,0,0
95,075000,360,7,0,0
96,075000,346,7,0,0
97,075000,354,7,0,0
98,075000,360,7,0,0
99,075000,368,7,0,0
100,075000,342,7,0,0
101,075000,350,7,0,0
102,075000,357,7,0,0
103,075000,357,7,0,0
104,075000,328,7,0,0
105,075000,335,7,0,0
106,075000,343,7,0,0
107,075000,348,7,0,0
108,075000,327,7,0,0
109,075000,334,7,0,0
110,075000,343,7,0,0
111,075000,348,7,0,0
112,075000,327,7,0,0
113,075000,334,7,0,0
114,075000,343,7,0,0
115,075000,348,7,0,0
116,075000,337,7,0,0
117,075000,341,7,0,0
118,075000,351,7,0,0
119,075000,357,7,0,0
120,075000,347,7,0,0
121,075000,351,7,0,0
122,075000,360,7,0,0
123,075000,368,7,0,0
124,075000,342,7,0,0
125,075000,350,7,0,0
126,075000,357,7,0,0
127,075000,357,7,0,0
128,075000,328,7,0,0
129,075000,335,7,0,0
130,075000,343,7,0,0
131,075000,348,7,0,0
132,075000,327,7,0,0
133,075000,334,7,0,0
134,075000,343,7,0,0
135,075000,348,7,0,0
136,075000,327,7,0,0
137,075000,334,7,0,0
138,075000,343,7,0,0
139,075000,348,7,0,0
140,075000,337,7,0,0
141,075000,341,7,0,0
142,075000,351,7,0,0
143,075000,357,7,0,0
144,075000,347,7,0,0
145,075000,351,7,0,0
146,075000,360,7,0,0
147,075000,368,7,0,0
148,075000,342,7,0,0
149,075000,350,7,0,0
150,075000,357,7,0,0
151,075000,359,7,0,0
152,075000,327,7,0,0
153,075000,334,7,0,0
154,075000,343,7,0,0
155,075000,348,7,0,0
156,075000,327,7,0,0
157,075000,334,7,0,0
158,075000,343,7,0,0
159,075000,348,7,0,0
160,075000,327,7,0,0
161,075000,334,7,0,0
162,075000,343,7,0,0
163,075000,348,7,0,0
164,075000,337,7,0,0
165,075000,341,7,0,0
166,075000,351,7,0,0
167,075000,357,7,0,0
168,075000,352,7,0,0
169,075000,360,7,0,0
170,075000,366,7,0,0
171,075000,374,7,0,0
172,075000,348,7,0,0
173,075000,354,7,0,0
174,075000,361,7,0,0
175,075000,363,7,0,0
176,075000,327,7,0,0
177,075000,334,7,0,0
178,075000,343,7,0,0
179,075000,348,7,0,0
180,075000,327,7,0,0
181,075000,334,7,0,0
182,075000,343,7,0,0
183,075000,348,7,0,0
184,075000,327,7,0,0
185,075000,334,7,0,0
186,075000,343,7,0,0
187,075000,348,7,0,0
188,075000,337,7,0,0
189,075000,341,7,0,0
190,075000,351,7,0,0
191,075000,357,7,0,0
192,075000,337,7,0,0
193,075000,343,7,0,0
194,075000,351,7,0,0
195,075000,357,7,0,0
196,075000,339,7,0,0
197,075000,341,7,0,0
198,075000,351,7,0,0
199,075000,357,7,0,0
200,075000,344,7,0,0
201,075000,344,7,0,0
202,075000,355,7,0,0
203,075000,491,7,0,0
204,075000,474,7,0,0
205,075000,488,7,0,0
206,075000,495,7,0,0
207,075000,501,7,0,0
208,075000,488,7,0,0
209,075000,335,7,0,0
210,075000,343,7,0,0
211,075000,348,7,0,0
212,075000,483,7,0,0
213,075000,503,7,0,0
214,075000,503,7,0,0
215,075000,357,7,0,0
216,075000,337,7,0,0
217,075000,343,7,0,0
218,075000,351,7,0,0
219,075000,357,7,0,0
220,075000,339,7,0,0
221,075000,341,7,0,0
222,075000,351,7,0,0
223,075000,357,7,0,0
224,075000,348,7,0,0
225,075000,350,7,0,0
226,075000,349,7,0,0
227,075000,485,7,0,0
228,075000,469,7,0,0
229,075000,481,7,0,0
230,075000,489,7,0,0
231,075000,497,7,0,0
232,075000,481,7,0,0
233,075000,334,7,0,0
234,075000,343,7,0,0
235,075000,348,7,0,0
236,075000,478,7,0,0
237,075000,496,7,0,0
238,075000,498,7,0,0
239,075000,358,7,0,0
240,075000,337,7,0,0
241,075000,343,7,0,0
242,075000,351,7,0,0
243,075000,357,7,0,0
244,075000,339,7,0,0
245,075000,341,7,0,0
246,075000,351,7,0,0
247,075000,357,7,0,0
248,075000,353,7,0,0
249,075000,353,7,0,0
250,075000,357,7,0,0
251,075000,479,7,0,0
252,075000,462,7,0,0
253,075000,476,7,0,0
254,075000,483,7,0,0
255,075000,491,7,0,0
256,075000,474,7,0,0
257,075000,335,7,0,0
258,075000,343,7,0,0
259,075000,348,7,0,0
260,075000,471,7,0,0
261,075000,490,7,0,0
262,075000,492,7,0,0
263,075000,357,7,0,0
264,075000,337,7,0,0
265,075000,343,7,0,0
266,075000,351,7,0,0
267,075000,357,7,0,0
268,075000,339,7,0,0
269,075000,341,7,0,0
270,075000,351,7,0,0
271,075000,357,7,0,0
272,075000,481,7,0,0
273,075000,481,7,0,0
274,075000,481,7,0,0
275,075000,363,7,0,0
276,075000,338,7,0,0
277,075000,350,7,0,0
278,075000,357,7,0,0
279,075000,365,7,0,0
280,075000,349,7,0,0
281,075000,334,7,0,0
282,075000,343,7,0,0
283,075000,348,7,0,0
284,075000,350,7,0,0
285,075000,364,7,0,0
286,075000,371,7,0,0
287,075000,357,7,0,0
288,075000,337,7,0,0
289,075000,343,7,0,0
290,075000,351,7,0,0
291,075000,357,7,0,0
292,075000,339,7,0,0
293,075000,341,7,0,0
294,075000,351,7,0,0
295,075000,357,7,0,0
296,075000,485,7,0,0
297,075000,485,7,0,0
298,075000,485,7,0,0
299,075000,369,7,0,0
300,075000,344,7,0,0
301,075000,344,7,0,0
302,075000,351,7,0,0
303,075000,359,7,0,0
304,075000,342,7,0,0
305,075000,335,7,0,0
306,075000,343,7,0,0
307,075000,348,7,0,0
308,075000,355,7,0,0
309,075000,358,7,0,0
310,075000,367,7,0,0
311,075000,358,7,0,0
312,075000,337,7,0,0
313,075000,343,7,0,0
314,075000,351,7,0,0
315,075000,357,7,0,0
316,075000,339,7,0,0
317,075000,341,7,0,0
318,075000,351,7,0,0
319,075000,357,7,0,0
320,075000,492,7,0,0
321,075000,492,7,0,0
322,075000,491,7,0,0
323,075000,373,7,0,0
324,075000,348,7,0,0
325,075000,350,7,0,0
326,075000,357,7,0,0
327,075000,363,7,0,0
328,075000,337,7,0,0
329,075000,332,7,0,0
330,075000,343,7,0,0
331,075000,348,7,0,0
332,075000,362,7,0,0
333,075000,259,7,0,0
334,075000,503,7,0,0
335,075000,358,7,0,0
336,075000,337,7,0,0
337,075000,343,7,0,0
338,075000,351,7,0,0
339,075000,357,7,0,0
340,075000,339,7,0,0
341,075000,341,7,0,0
342,075000,351,7,0,0
343,075000,357,7,0,0
344,075000,492,7,0,0
345,075000,492,7,0,0
346,075000,491,7,0,0
347,075000,373,7,0,0
348,075000,348,7,0,0
349,075000,350,7,0,0
350,075000,357,7,0,0
351,075000,363,7,0,0
352,075000,337,7,0,0
353,075000,332,7,0,0
354,075000,343,7,0,0
355,075000,348,7,0,0
356,075000,362,7,0,0
357,075000,488,7,0,0
358,075000,266,7,0,0
359,075000,358,7,0,0
360,075000,337,7,0,0
361,075000,343,7,0,0
362,075000,351,7,0,0
363,075000,357,7,0,0
364,075000,339,7,0,0
365,075000,341,7,0,0
366,075000,351,7,0,0
367,075000,357,7,0,0
368,075000,492,7,0,0
369,075000,494,7,0,0
370,075000,493,7,0,0
371,075000,375,7,0,0
372,075000,349,7,0,0
373,075000,347,7,0,0
374,075000,357,7,0,0
375,075000,363,7,0,0
376,075000,338,7,0,0
377,075000,335,7,0,0
378,075000,343,7,0,0
379,075000,348,7,0,0
380,075000,355,7,0,0
381,075000,355,7,0,0
382,075000,363,7,0,0
383,075000,357,7,0,0
384,075000,337,7,0,0
385,075000,343,7,0,0
386,075000,351,7,0,0
387,075000,357,7,0,0
388,075000,339,7,0,0
389,075000,341,7,0,0
390,075000,351,7,0,0
391,075000,357,7,0,0
392,075000,497,7,0,0
393,075000,497,7,0,0
394,075000,497,7,0,0
395,075000,379,7,0,0
396,075000,353,7,0,0
397,075000,351,7,0,0
398,075000,361,7,0,0
399,075000,369,7,0,0
400,075000,344,7,0,0
401,075000,335,7,0,0
402,075000,343,7,0,0
403,075000,348,7,0,0
404,075000,367,7,0,0
405,075000,362,7,0,0
406,075000,376,7,0,0
407,075000,357,7,0,0
408,075000,337,7,0,0
409,075000,343,7,0,0
410,075000,351,7,0,0
411,075000,357,7,0,0
412,075000,339,7,0,0
413,075000,341,7,0,0
414,075000,351,7,0,0
415,075000,357,7,0,0
416,075000,339,7,0,0
417,075000,341,7,0,0
418,075000,351,7,0,0
419,075000,357,7,0,0
420,075000,339,7,0,0
421,075000,341,7,0,0
422,075000,351,7,0,0
423,075000,357,7,0,0
424,075000,339,7,0,0
425,075000,347,7,0,0
426,075000,357,7,0,0
427,075000,341,9,0,0
428,075000,341,7,0,0
429,075000,347,7,0,0
430,075000,355,7,0,0
431,075000,365,7,0,0
432,075000,337,7,0,0
433,075000,343,7,0,0
434,075000,351,7,0,0
435,075000,357,7,0,0
436,075000,339,7,0,0
437,075000,341,7,0,0
438,075000,351,7,0,0
439,075000,357,7,0,0
440,075000,339,7,0,0
441,075000,341,7,0,0
442,075000,351,7,0,0
443,075000,357,7,0,0
444,075000,339,7,0,0
445,075000,341,7,0,0
446,075000,351,7,0,0
447,075000,357,7,0,0
448,075000,339,7,0,0
449,075000,347,7,0,0
450,075000,357,7,0,0
451,075000,341,9,0,0
452,075000,341,7,0,0
453,075000,347,7,0,0
454,075000,355,7,0,0
455,075000,371,7,0,0
456,075000,337,7,0,0
457,075000,341,7,0,0
458,075000,351,7,0,0
459,075000,357,7,0,0
460,075000,339,7,0,0
461,075000,341,7,0,0
462,075000,351,7,0,0
463,075000,357,7,0,0
464,075000,339,7,0,0
465,075000,341,7,0,0
466,075000,351,7,0,0
467,075000,357,7,0,0
468,075000,339,7,0,0
469,075000,341,7,0,0
470,075000,351,7,0,0
471,075000,357,7,0,0
472,075000,339,7,0,0
473,075000,333,9,0,0
474,075000,345,9,0,0
475,075000,347,9,0,0
476,075000,341,7,0,0
477,075000,347,7,0,0
478,075000,355,7,0,0
479,075000,271,7,0,0
480,075000,346,7,0,0
481,075000,355,7,0,0
482,075000,360,7,0,0
483,075000,367,7,0,0
484,075000,347,7,0,0
485,075000,354,7,0,0
486,075000,363,7,0,0
487,075000,368,7,0,0
488,075000,494,7,0,0
489,075000,496,7,0,0
490,075000,495,7,0,0
491,075000,371,7,0,0
492,075000,346,7,0,0
493,075000,360,7,0,0
494,075000,367,7,0,0
495,075000,367,7,0,0
496,075000,358,7,0,0
497,075000,339,7,0,0
498,075000,347,7,0,0
499,075000,352,7,0,0
500,075000,355,7,0,0
501,075000,362,7,0,0
502,075000,371,7,0,0
503,075000,362,7,0,0
504,075000,348,7,0,0
505,075000,355,7,0,0
506,075000,360,7,0,0
507,075000,367,7,0,0
508,075000,347,7,0,0
509,075000,354,7,0,0
510,075000,363,7,0,0
511,075000,368,7,0,0
512,075000,509,7,0,0
513,075000,505,7,0,0
514,075000,507,7,0,0
515,075000,389,7,0,0
516,075000,364,7,0,0
517,075000,260,7,0,0
518,075000,495,7,0,0
519,075000,371,7,0,0
520,075000,346,7,0,0
521,075000,339,7,0,0
522,075000,347,7,0,0
523,075000,352,7,0,0
524,075000,366,7,0,0
525,075000,363,7,0,0
526,075000,371,7,0,0
527,075000,362,7,0,0
528,075000,348,7,0,0
529,075000,355,7,0,0
530,075000,360,7,0,0
531,075000,367,7,0,0
532,075000,347,7,0,0
533,075000,354,7,0,0
534,075000,363,7,0,0
535,075000,368,7,0,0
536,075000,501,7,0,0
537,075000,499,7,0,0
538,075000,501,7,0,0
539,075000,389,7,0,0
540,075000,364,7,0,0
541,075000,496,7,0,0
542,075000,267,7,0,0
543,075000,371,7,0,0
544,075000,353,7,0,0
545,075000,336,7,0,0
546,075000,347,7,0,0
547,075000,352,7,0,0
548,075000,366,7,0,0
549,075000,363,7,0,0
550,075000,371,7,0,0
551,075000,362,7,0,0
552,075000,348,7,0,0
553,075000,355,7,0,0
554,075000,360,7,0,0
555,075000,367,7,0,0
556,075000,347,7,0,0
557,075000,354,7,0,0
558,075000,363,7,0,0
559,075000,368,7,0,0
560,075000,347,7,0,0
561,075000,354,7,0,0
562,075000,363,7,0,0
563,075000,368,7,0,0
564,075000,347,7,0,0
565,075000,354,7,0,0
566,075000,363,7,0,0
567,075000,368,7,0,0
568,075000,347,7,0,0
569,075000,363,7,0,0
570,075000,375,7,0,0
571,075000,273,7,0,0
572,075000,352,7,0,0
573,075000,358,7,0,0
574,075000,365,7,0,0
575,075000,357,9,0,0
576,075010,252,7,0,0
577,075010,260,7,0,0
578,075010,266,7,0,0
579,075010,274,7,0,0
580,075010,348,7,0,0
581,075010,354,7,0,0
582,075010,361,7,0,0
583,075010,373,7,0,0
584,075010,339,7,0,0
585,075010,341,7,0,0
586,075010,351,7,0,0
587,075010,357,7,0,0
588,075010,339,7,0,0
589,075010,341,7,0,0
590,075010,351,7,0,0
591,075010,357,7,0,0
592,075010,339,7,0,0
593,075010,341,7,0,0
594,075010,351,7,0,0
595,075010,357,7,0,0
596,075010,332,7,0,0
597,075010,338,7,0,0
598,075010,345,7,0,0
599,075010,351,7,0,0
600,075010,254,7,0,0
601,075010,262,7,0,0
602,075010,268,7,0,0
603,075010,276,7,0,0
604,075010,349,7,0,0
605,075010,353,7,0,0
606,075010,363,7,0,0
607,075010,375,7,0,0
608,075010,339,7,0,0
609,075010,346,7,0,0
610,075010,355,7,0,0
611,075010,360,7,0,0
612,075010,339,7,0,0
613,075010,346,7,0,0
614,075010,355,7,0,0
615,075010,360,7,0,0
616,075010,339,7,0,0
617,075010,346,7,0,0
618,075010,355,7,0,0
619,075010,360,7,0,0
620,075010,333,7,0,0
621,075010,337,7,0,0
622,075010,347,7,0,0
623,075010,353,7,0,0
624,075010,252,7,0,0
625,075010,260,7,0,0
626,075010,266,7,0,0
627,075010,274,7,0,0
628,075010,348,7,0,0
629,075010,354,7,0,0
630,075010,361,7,0,0
631,075010,373,7,0,0
632,075010,339,7,0,0
633,075010,341,7,0,0
634,075010,351,7,0,0
635,075010,357,7,0,0
636,075010,339,7,0,0
637,075010,341,7,0,0
638,075010,351,7,0,0
639,075010,357,7,0,0
640,075010,339,7,0,0
641,075010,341,7,0,0
642,075010,351,7,0,0
643,075010,357,7,0,0
644,075010,332,7,0,0
645,075010,338,7,0,0
646,075010,345,7,0,0
647,075010,351,7,0,0
648,075010,254,7,0,0
649,075010,262,7,0,0
650,075010,268,7,0,0
651,075010,276,7,0,0
652,075010,349,7,0,0
653,075010,353,7,0,0
654,075010,363,7,0,0
655,075010,375,7,0,0
656,075010,339,7,0,0
657,075010,346,7,0,0
658,075010,355,7,0,0
659,075010,360,7,0,0
660,075010,339,7,0,0
661,075010,346,7,0,0
662,075010,355,7,0,0
663,075010,360,7,0,0
664,075010,339,7,0,0
665,075010,346,7,0,0
666,075010,355,7,0,0
667,075010,360,7,0,0
668,075010,333,7,0,0
669,075010,337,7,0,0
670,075010,347,7,0,0
671,075010,353,7,0,0
672,075010,349,7,0,0
673,075010,355,7,0,0
674,075010,363,7,0,0
675,075010,369,7,0,0
676,075010,252,7,0,0
677,075010,440,7,0,0
678,075010,315,7,0,0
679,075010,371,7,0,0
680,075010,337,7,0,0
681,075010,341,7,0,0
682,075010,351,7,0,0
683,075010,357,7,0,0
684,075010,337,7,0,0
685,075010,343,7,0,0
686,075010,351,7,0,0
687,075010,357,7,0,0
688,075010,337,7,0,0
689,075010,343,7,0,0
690,075010,351,7,0,0
691,075010,357,7,0,0
692,075010,331,7,0,0
693,075010,333,7,0,0
694,075010,343,7,0,0
695,075010,349,7,0,0
696,075010,349,7,0,0
697,075010,355,7,0,0
698,075010,363,7,0,0
699,075010,369,7,0,0
700,075010,429,7,0,0
701,075010,258,7,0,0
702,075010,316,7,0,0
703,075010,325,7,0,0
704,075010,337,7,0,0
705,075010,343,7,0,0
706,075010,351,7,0,0
707,075010,357,7,0,0
708,075010,337,7,0,0
709,075010,343,7,0,0
710,075010,351,7,0,0
711,075010,357,7,0,0
712,075010,337,7,0,0
713,075010,343,7,0,0
714,075010,351,7,0,0
715,075010,357,7,0,0
716,075010,331,7,0,0
717,075010,333,7,0,0
718,075010,343,7,0,0
719,075010,349,7,0,0
720,075010,349,7,0,0
721,075010,355,7,0,0
722,075010,363,7,0,0
723,075010,369,7,0,0
724,075010,299,7,0,0
725,075010,301,7,0,0
726,075010,266,7,0,0
727,075010,456,7,0,0
728,075010,337,7,0,0
729,075010,341,7,0,0
730,075010,351,7,0,0
731,075010,357,7,0,0
732,075010,337,7,0,0
733,075010,343,7,0,0
734,075010,351,7,0,0
735,075010,357,7,0,0
736,075010,337,7,0,0
737,075010,343,7,0,0
738,075010,351,7,0,0
739,075010,357,7,0,0
740,075010,331,7,0,0
741,075010,333,7,0,0
742,075010,343,7,0,0
743,075010,349,7,0,0
744,075010,356,7,0,0
745,075010,363,7,0,0
746,075010,368,7,0,0
747,075010,375,7,0,0
748,075010,355,7,0,0
749,075010,315,7,0,0
750,075010,455,7,0,0
751,075010,271,7,0,0
752,075010,337,7,0,0
753,075010,341,7,0,0
754,075010,351,7,0,0
755,075010,357,7,0,0
756,075010,337,7,0,0
757,075010,343,7,0,0
758,075010,351,7,0,0
759,075010,357,7,0,0
760,075010,337,7,0,0
761,075010,343,7,0,0
762,075010,351,7,0,0
763,075010,357,7,0,0
764,075010,331,7,0,0
765,075010,333,7,0,0
766,075010,343,7,0,0
767,075010,349,7,0,0
768,075010,340,7,0,0
769,075010,348,7,0,0
770,075010,354,7,0,0
771,075010,362,7,0,0
772,075010,341,7,0,0
773,075010,347,7,0,0
774,075010,355,7,0,0
775,075010,361,7,0,0
776,075010,252,7,0,0
777,075010,359,7,0,0
778,075010,372,7,0,0
779,075010,497,7,0,0
780,075010,491,7,0,0
781,075010,501,7,0,0
782,075010,503,7,0,0
783,075010,509,7,0,0
784,075010,504,7,0,0
785,075010,344,7,0,0
786,075010,351,7,0,0
787,075010,357,7,0,0
788,075010,472,7,0,0
789,075010,490,7,0,0
790,075010,497,7,0,0
791,075010,349,7,0,0
792,075010,340,7,0,0
793,075010,348,7,0,0
794,075010,354,7,0,0
795,075010,362,7,0,0
796,075010,341,7,0,0
797,075010,347,7,0,0
798,075010,355,7,0,0
799,075010,361,7,0,0
800,075010,356,7,0,0
801,075010,259,7,0,0
802,075010,367,7,0,0
803,075010,492,7,0,0
804,075010,483,7,0,0
805,075010,495,7,0,0
806,075010,498,7,0,0
807,075010,504,7,0,0
808,075010,498,7,0,0
809,075010,344,7,0,0
810,075010,351,7,0,0
811,075010,357,7,0,0
812,075010,465,7,0,0
813,075010,483,7,0,0
814,075010,491,7,0,0
815,075010,349,7,0,0
816,075010,340,7,0,0
817,075010,348,7,0,0
818,075010,354,7,0,0
819,075010,362,7,0,0
820,075010,341,7,0,0
821,075010,347,7,0,0
822,075010,355,7,0,0
823,075010,361,7,0,0
824,075010,363,7,0,0
825,075010,360,7,0,0
826,075010,267,7,0,0
827,075010,486,7,0,0
828,075010,479,7,0,0
829,075010,488,7,0,0
830,075010,492,7,0,0
831,075010,497,7,0,0
832,075010,491,7,0,0
833,075010,341,7,0,0
834,075010,351,7,0,0
835,075010,357,7,0,0
836,075010,460,7,0,0
837,075010,478,7,0,0
838,075010,485,7,0,0
839,075010,349,7,0,0
840,075010,340,7,0,0
841,075010,348,7,0,0
842,075010,354,7,0,0
843,075010,362,7,0,0
844,075010,341,7,0,0
845,075010,347,7,0,0
846,075010,355,7,0,0
847,075010,361,7,0,0
848,075010,483,7,0,0
849,075010,480,7,0,0
850,075010,484,7,0,0
851,075010,271,7,0,0
852,075010,490,7,0,0
853,075010,364,7,0,0
854,075010,371,7,0,0
855,075010,371,7,0,0
856,075010,363,7,0,0
857,075010,343,7,0,0
858,075010,351,7,0,0
859,075010,357,7,0,0
860,075010,345,7,0,0
861,075010,351,7,0,0
862,075010,359,7,0,0
863,075010,349,7,0,0
864,075010,340,7,0,0
865,075010,348,7,0,0
866,075010,354,7,0,0
867,075010,362,7,0,0
868,075010,341,7,0,0
869,075010,347,7,0,0
870,075010,355,7,0,0
871,075010,361,7,0,0
872,075010,495,7,0,0
873,075010,492,7,0,0
874,075010,496,7,0,0
875,075010,513,7,0,0
876,075010,252,7,0,0
877,075010,359,7,0,0
878,075010,367,7,0,0
879,075010,366,7,0,0
880,075010,359,7,0,0
881,075010,341,7,0,0
882,075010,351,7,0,0
883,075010,357,7,0,0
884,075010,349,7,0,0
885,075010,345,7,0,0
886,075010,353,7,0,0
887,075010,349,7,0,0
888,075010,340,7,0,0
889,075010,348,7,0,0
890,075010,354,7,0,0
891,075010,362,7,0,0
892,075010,341,7,0,0
893,075010,347,7,0,0
894,075010,355,7,0,0
895,075010,361,7,0,0
896,075010,503,7,0,0
897,075010,497,7,0,0
898,075010,502,7,0,0
899,075010,382,7,0,0
900,075010,356,7,0,0
901,075010,259,7,0,0
902,075010,503,7,0,0
903,075010,376,7,0,0
904,075010,351,7,0,0
905,075010,343,7,0,0
906,075010,351,7,0,0
907,075010,357,7,0,0
908,075010,356,7,0,0
909,075010,352,7,0,0
910,075010,359,7,0,0
911,075010,349,7,0,0
912,075010,340,7,0,0
913,075010,348,7,0,0
914,075010,354,7,0,0
915,075010,362,7,0,0
916,075010,341,7,0,0
917,075010,347,7,0,0
918,075010,355,7,0,0
919,075010,361,7,0,0
920,075010,495,7,0,0
921,075010,492,7,0,0
922,075010,496,7,0,0
923,075010,381,7,0,0
924,075010,356,7,0,0
925,075010,488,7,0,0
926,075010,266,7,0,0
927,075010,376,7,0,0
928,075010,358,7,0,0
929,075010,344,7,0,0
930,075010,351,7,0,0
931,075010,357,7,0,0
932,075010,356,7,0,0
933,075010,352,7,0,0
934,075010,359,7,0,0
935,075010,349,7,0,0
936,075010,340,7,0,0
937,075010,348,7,0,0
938,075010,354,7,0,0
939,075010,362,7,0,0
940,075010,341,7,0,0
941,075010,347,7,0,0
942,075010,355,7,0,0
943,075010,361,7,0,0
944,075010,495,7,0,0
945,075010,492,7,0,0
946,075010,496,7,0,0
947,075010,375,7,0,0
948,075010,350,7,0,0
949,075010,356,7,0,0
950,075010,363,7,0,0
951,075010,271,7,0,0
952,075010,490,7,0,0
953,075010,344,7,0,0
954,075010,351,7,0,0
955,075010,357,7,0,0
956,075010,357,7,0,0
957,075010,351,7,0,0
958,075010,359,7,0,0
959,075010,349,7,0,0
960,075010,340,7,0,0
961,075010,348,7,0,0
962,075010,354,7,0,0
963,075010,362,7,0,0
964,075010,341,7,0,0
965,075010,347,7,0,0
966,075010,355,7,0,0
967,075010,361,7,0,0
968,075010,508,7,0,0
969,075010,508,7,0,0
970,075010,507,7,0,0
971,075010,387,7,0,0
972,075010,362,7,0,0
973,075010,363,7,0,0
974,075010,376,7,0,0
975,075010,513,7,0,0
976,075010,252,7,0,0
977,075010,344,7,0,0
978,075010,351,7,0,0
979,075010,357,7,0,0
980,075010,361,7,0,0
981,075010,355,7,0,0
982,075010,363,7,0,0
983,075010,349,7,0,0
984,075010,340,7,0,0
985,075010,348,7,0,0
986,075010,354,7,0,0
987,075010,362,7,0,0
988,075010,341,7,0,0
989,075010,347,7,0,0
990,075010,355,7,0,0
991,075010,361,7,0,0
992,075010,341,7,0,0
993,075010,347,7,0,0
994,075010,355,7,0,0
995,075010,361,7,0,0
996,075010,341,7,0,0
997,075010,347,7,0,0
998,075010,355,7,0,0
999,075010,361,7,0,0
1000,075010,341,7,0,0
1001,075010,258,7,0,0
1002,075010,371,7,0,0
1003,075010,366,7,0,0
1004,075010,340,7,0,0
1005,075010,347,7,0,0
1006,075010,355,7,0,0
1007,075010,346,9,0,0
1008,075010,340,7,0,0
1009,075010,348,7,0,0
1010,075010,354,7,0,0
1011,075010,362,7,0,0
1012,075010,341,7,0,0
1013,075010,347,7,0,0
1014,075010,355,7,0,0
1015,075010,361,7,0,0
1016,075010,341,7,0,0
1017,075010,347,7,0,0
1018,075010,355,7,0,0
1019,075010,361,7,0,0
1020,075010,341,7,0,0
1021,075010,347,7,0,0
1022,075010,355,7,0,0
1023,075010,361,7,0,0
1024,075010,341,7,0,0
1025,075010,355,7,0,0
1026,075010,266,7,0,0
1027,075010,372,7,0,0
1028,075010,339,7,0,0
1029,075010,346,7,0,0
1030,075010,355,7,0,0
1031,075010,346,9,0,0
1032,075010,340,7,0,0
1033,075010,348,7,0,0
1034,075010,354,7,0,0
1035,075010,362,7,0,0
1036,075010,341,7,0,0
1037,075010,347,7,0,0
1038,075010,355,7,0,0
1039,075010,361,7,0,0
1040,075010,341,7,0,0
1041,075010,347,7,0,0
1042,075010,355,7,0,0
1043,075010,361,7,0,0
1044,075010,341,7,0,0
1045,075010,347,7,0,0
1046,075010,355,7,0,0
1047,075010,361,7,0,0
1048,075010,341,7,0,0
1049,075010,355,7,0,0
1050,075010,370,7,0,0
1051,075010,272,7,0,0
1052,075010,339,7,0,0
1053,075010,346,7,0,0
1054,075010,355,7,0,0
1055,075010,350,9,0,0
1056,075010,351,7,0,0
1057,075010,355,7,0,0
1058,075010,364,7,0,0
1059,075010,372,7,0,0
1060,075010,350,7,0,0
1061,075010,358,7,0,0
1062,075010,365,7,0,0
1063,075010,371,7,0,0
1064,075010,491,7,0,0
1065,075010,491,7,0,0
1066,075010,494,7,0,0
1067,075010,376,7,0,0
1068,075010,350,7,0,0
1069,075010,363,7,0,0
1070,075010,371,7,0,0
1071,075010,378,7,0,0
1072,075010,363,7,0,0
1073,075010,345,7,0,0
1074,075010,355,7,0,0
1075,075010,361,7,0,0
1076,075010,256,7,0,0
1077,075010,362,7,0,0
1078,075010,369,7,0,0
1079,075010,353,7,0,0
1080,075010,351,7,0,0
1081,075010,355,7,0,0
1082,075010,364,7,0,0
1083,075010,372,7,0,0
1084,075010,350,7,0,0
1085,075010,358,7,0,0
1086,075010,365,7,0,0
1087,075010,371,7,0,0
1088,075010,503,7,0,0
1089,075010,503,7,0,0
1090,075010,506,7,0,0
1091,075010,386,7,0,0
1092,075010,360,7,0,0
1093,075010,363,7,0,0
1094,075010,371,7,0,0
1095,075010,376,7,0,0
1096,075010,350,7,0,0
1097,075010,348,7,0,0
1098,075010,355,7,0,0
1099,075010,361,7,0,0
1100,075010,372,7,0,0
1101,075010,262,7,0,0
1102,075010,497,7,0,0
1103,075010,353,7,0,0
1104,075010,351,7,0,0
1105,075010,355,7,0,0
1106,075010,364,7,0,0
1107,075010,372,7,0,0
1108,075010,350,7,0,0
1109,075010,358,7,0,0
1110,075010,365,7,0,0
1111,075010,371,7,0,0
1112,075010,503,7,0,0
1113,075010,503,7,0,0
1114,075010,506,7,0,0
1115,075010,386,7,0,0
1116,075010,360,7,0,0
1117,075010,363,7,0,0
1118,075010,371,7,0,0
1119,075010,376,7,0,0
1120,075010,350,7,0,0
1121,075010,348,7,0,0
1122,075010,355,7,0,0
1123,075010,361,7,0,0
1124,075010,372,7,0,0
1125,075010,498,7,0,0
1126,075010,269,7,0,0
1127,075010,353,7,0,0
1128,075010,351,7,0,0
1129,075010,355,7,0,0
1130,075010,364,7,0,0
1131,075010,372,7,0,0
1132,075010,350,7,0,0
1133,075010,358,7,0,0
1134,075010,365,7,0,0
1135,075010,371,7,0,0
1136,075010,350,7,0,0
1137,075010,358,7,0,0
1138,075010,365,7,0,0
1139,075010,371,7,0,0
1140,075010,350,7,0,0
1141,075010,358,7,0,0
1142,075010,365,7,0,0
1143,075010,371,7,0,0
1144,075010,350,7,0,0
1145,075010,348,9,0,0
1146,075010,357,9,0,0
1147,075010,359,9,0,0
1148,075010,351,7,0,0
1149,075010,353,7,0,0
1150,075010,363,7,0,0
1151,075010,275,7,0,0
1152,075020,219,7,0,0
1153,075020,227,7,0,0
1154,075020,234,7,0,0
1155,075020,242,7,0,0
1156,075020,221,7,0,0
1157,075020,227,7,0,0
1158,075020,235,7,0,0
1159,075020,241,7,0,0
1160,075020,221,7,0,0
1161,075020,227,7,0,0
1162,075020,235,7,0,0
1163,075020,241,7,0,0
1164,075020,221,7,0,0
1165,075020,227,7,0,0
1166,075020,235,7,0,0
1167,075020,241,7,0,0
1168,075020,221,7,0,0
1169,075020,227,7,0,0
1170,075020,235,7,0,0
1171,075020,241,7,0,0
1172,075020,224,7,0,0
1173,075020,230,7,0,0
1174,075020,237,7,0,0
1175,075020,243,7,0,0
1176,075020,222,7,0,0
1177,075020,230,7,0,0
1178,075020,236,7,0,0
1179,075020,244,7,0,0
1180,075020,222,7,0,0
1181,075020,230,7,0,0
1182,075020,237,7,0,0
1183,075020,243,7,0,0
1184,075020,222,7,0,0
1185,075020,230,7,0,0
1186,075020,237,7,0,0
1187,075020,243,7,0,0
1188,075020,222,7,0,0
1189,075020,230,7,0,0
1190,075020,237,7,0,0
1191,075020,243,7,0,0
1192,075020,222,7,0,0
1193,075020,230,7,0,0
1194,075020,237,7,0,0
1195,075020,243,7,0,0
1196,075020,225,7,0,0
1197,075020,229,7,0,0
1198,075020,239,7,0,0
1199,075020,245,7,0,0
1200,075020,220,7,0,0
1201,075020,228,7,0,0
1202,075020,234,7,0,0
1203,075020,242,7,0,0
1204,075020,221,7,0,0
1205,075020,227,7,0,0
1206,075020,235,7,0,0
1207,075020,241,7,0,0
1208,075020,221,7,0,0
1209,075020,227,7,0,0
1210,075020,235,7,0,0
1211,075020,241,7,0,0
1212,075020,221,7,0,0
1213,075020,227,7,0,0
1214,075020,235,7,0,0
1215,075020,241,7,0,0
1216,075020,221,7,0,0
1217,075020,227,7,0,0
1218,075020,235,7,0,0
1219,075020,241,7,0,0
1220,075020,224,7,0,0
1221,075020,230,7,0,0
1222,075020,237,7,0,0
1223,075020,243,7,0,0
1224,075020,222,7,0,0
1225,075020,230,7,0,0
1226,075020,236,7,0,0
1227,075020,244,7,0,0
1228,075020,222,7,0,0
1229,075020,230,7,0,0
1230,075020,237,7,0,0
1231,075020,243,7,0,0
1232,075020,222,7,0,0
1233,075020,230,7,0,0
1234,075020,237,7,0,0
1235,075020,243,7,0,0
1236,075020,222,7,0,0
1237,075020,230,7,0,0
1238,075020,237,7,0,0
1239,075020,243,7,0,0
1240,075020,222,7,0,0
1241,075020,230,7,0,0
1242,075020,237,7,0,0
1243,075020,243,7,0,0
1244,075020,225,7,0,0
1245,075020,229,7,0,0
1246,075020,239,7,0,0
1247,075020,245,7,0,0
1248,075020,221,7,0,0
1249,075020,227,7,0,0
1250,075020,235,7,0,0
1251,075020,241,7,0,0
1252,075020,522,9,0,0
1253,075020,528,9,0,0
1254,075020,539,9,0,0
1255,075020,547,9,0,0
1256,075020,522,9,0,0
1257,075020,528,9,0,0
1258,075020,539,9,0,0
1259,075020,547,9,0,0
1260,075020,522,9,0,0
1261,075020,549,7,0,0
1262,075020,559,7,0,0
1263,075020,564,7,0,0
1264,075020,543,7,0,0
1265,075020,550,7,0,0
1266,075020,559,7,0,0
1267,075020,564,7,0,0
1268,075020,524,9,0,0
1269,075020,552,7,0,0
1270,075020,561,7,0,0
1271,075020,567,7,0,0
1272,075020,221,7,0,0
1273,075020,225,7,0,0
1274,075020,235,7,0,0
1275,075020,241,7,0,0
1276,075020,525,9,0,0
1277,075020,531,9,0,0
1278,075020,533,9,0,0
1279,075020,549,9,0,0
1280,075020,524,9,0,0
1281,075020,530,9,0,0
1282,075020,541,9,0,0
1283,075020,543,9,0,0
1284,075020,526,9,0,0
1285,075020,550,7,0,0
1286,075020,559,7,0,0
1287,075020,559,7,0,0
1288,075020,546,7,0,0
1289,075020,552,7,0,0
1290,075020,554,7,0,0
1291,075020,560,7,0,0
1292,075020,524,9,0,0
1293,075020,554,7,0,0
1294,075020,563,7,0,0
1295,075020,563,7,0,0
1296,075020,221,7,0,0
1297,075020,225,7,0,0
1298,075020,235,7,0,0
1299,075020,241,7,0,0
1300,075020,569,9,0,0
1301,075020,569,9,0,0
1302,075020,579,9,0,0
1303,075020,593,9,0,0
1304,075020,568,9,0,0
1305,075020,574,9,0,0
1306,075020,585,9,0,0
1307,075020,587,9,0,0
1308,075020,570,9,0,0
1309,075020,594,7,0,0
1310,075020,598,7,0,0
1311,075020,604,7,0,0
1312,075020,590,7,0,0
1313,075020,596,7,0,0
1314,075020,598,7,0,0
1315,075020,604,7,0,0
1316,075020,568,9,0,0
1317,075020,598,7,0,0
1318,075020,599,7,0,0
1319,075020,607,7,0,0
1320,075020,221,7,0,0
1321,075020,225,7,0,0
1322,075020,235,7,0,0
1323,075020,241,7,0,0
1324,075020,522,9,0,0
1325,075020,528,9,0,0
1326,075020,539,9,0,0
1327,075020,547,9,0,0
1328,075020,522,9,0,0
1329,075020,528,9,0,0
1330,075020,539,9,0,0
1331,075020,547,9,0,0
1332,075020,544,7,0,0
1333,075020,551,7,0,0
1334,075020,559,7,0,0
1335,075020,564,7,0,0
1336,075020,543,7,0,0
1337,075020,550,7,0,0
1338,075020,559,7,0,0
1339,075020,564,7,0,0
1340,075020,524,9,0,0
1341,075020,552,7,0,0
1342,075020,561,7,0,0
1343,075020,567,7,0,0
1344,075020,221,7,0,0
1345,075020,225,7,0,0
1346,075020,235,7,0,0
1347,075020,241,7,0,0
1348,075020,522,9,0,0
1349,075020,528,9,0,0
1350,075020,539,9,0,0
1351,075020,547,9,0,0
1352,075020,544,7,0,0
1353,075020,551,7,0,0
1354,075020,559,7,0,0
1355,075020,564,7,0,0
1356,075020,543,7,0,0
1357,075020,550,7,0,0
1358,075020,559,7,0,0
1359,075020,564,7,0,0
1360,075020,543,7,0,0
1361,075020,550,7,0,0
1362,075020,559,7,0,0
1363,075020,564,7,0,0
1364,075020,546,7,0,0
1365,075020,554,7,0,0
1366,075020,561,7,0,0
1367,075020,567,7,0,0
1368,075020,221,7,0,0
1369,075020,225,7,0,0
1370,075020,235,7,0,0
1371,075020,241,7,0,0
1372,075020,522,9,0,0
1373,075020,528,9,0,0
1374,075020,539,9,0,0
1375,075020,547,9,0,0
1376,075020,544,7,0,0
1377,075020,551,7,0,0
1378,075020,559,7,0,0
1379,075020,564,7,0,0
1380,075020,543,7,0,0
1381,075020,550,7,0,0
1382,075020,559,7,0,0
1383,075020,564,7,0,0
1384,075020,543,7,0,0
1385,075020,550,7,0,0
1386,075020,559,7,0,0
1387,075020,564,7,0,0
1388,075020,546,7,0,0
1389,075020,554,7,0,0
1390,075020,561,7,0,0
1391,075020,567,7,0,0
1392,075020,221,7,0,0
1393,075020,225,7,0,0
1394,075020,235,7,0,0
1395,075020,241,7,0,0
1396,075020,522,9,0,0
1397,075020,528,9,0,0
1398,075020,539,9,0,0
1399,075020,547,9,0,0
1400,075020,544,7,0,0
1401,075020,551,7,0,0
1402,075020,559,7,0,0
1403,075020,564,7,0,0
1404,075020,543,7,0,0
1405,075020,550,7,0,0
1406,075020,559,7,0,0
1407,075020,564,7,0,0
1408,075020,543,7,0,0
1409,075020,550,7,0,0
1410,075020,559,7,0,0
1411,075020,564,7,0,0
1412,075020,546,7,0,0
1413,075020,554,7,0,0
1414,075020,561,7,0,0
1415,075020,567,7,0,0
1416,075020,221,7,0,0
1417,075020,225,7,0,0
1418,075020,235,7,0,0
1419,075020,241,7,0,0
1420,075020,569,9,0,0
1421,075020,571,9,0,0
1422,075020,581,9,0,0
1423,075020,595,9,0,0
1424,075020,591,7,0,0
1425,075020,593,7,0,0
1426,075020,603,7,0,0
1427,075020,603,7,0,0
1428,075020,590,7,0,0
1429,075020,596,7,0,0
1430,075020,598,7,0,0
1431,075020,604,7,0,0
1432,075020,590,7,0,0
1433,075020,596,7,0,0
1434,075020,598,7,0,0
1435,075020,604,7,0,0
1436,075020,593,7,0,0
1437,075020,597,7,0,0
1438,075020,599,7,0,0
1439,075020,607,7,0,0
1440,075020,221,7,0,0
1441,075020,225,7,0,0
1442,075020,235,7,0,0
1443,075020,241,7,0,0
1444,075020,522,9,0,0
1445,075020,530,9,0,0
1446,075020,541,9,0,0
1447,075020,563,7,0,0
1448,075020,544,7,0,0
1449,075020,551,7,0,0
1450,075020,559,7,0,0
1451,075020,564,7,0,0
1452,075020,543,7,0,0
1453,075020,550,7,0,0
1454,075020,559,7,0,0
1455,075020,564,7,0,0
1456,075020,543,7,0,0
1457,075020,550,7,0,0
1458,075020,559,7,0,0
1459,075020,564,7,0,0
1460,075020,546,7,0,0
1461,075020,554,7,0,0
1462,075020,561,7,0,0
1463,075020,567,7,0,0
1464,075020,221,7,0,0
1465,075020,225,7,0,0
1466,075020,235,7,0,0
1467,075020,241,7,0,0
1468,075020,544,7,0,0
1469,075020,551,7,0,0
1470,075020,559,7,0,0
1471,075020,564,7,0,0
1472,075020,543,7,0,0
1473,075020,550,7,0,0
1474,075020,559,7,0,0
1475,075020,564,7,0,0
1476,075020,543,7,0,0
1477,075020,550,7,0,0
1478,075020,559,7,0,0
1479,075020,564,7,0,0
1480,075020,543,7,0,0
1481,075020,550,7,0,0
1482,075020,559,7,0,0
1483,075020,564,7,0,0
1484,075020,546,7,0,0
1485,075020,554,7,0,0
1486,075020,561,7,0,0
1487,075020,567,7,0,0
1488,075020,221,7,0,0
1489,075020,225,7,0,0
1490,075020,235,7,0,0
1491,075020,241,7,0,0
1492,075020,547,7,0,0
1493,075020,549,7,0,0
1494,075020,554,7,0,0
1495,075020,566,7,0,0
1496,075020,547,7,0,0
1497,075020,549,7,0,0
1498,075020,559,7,0,0
1499,075020,559,7,0,0
1500,075020,546,7,0,0
1501,075020,552,7,0,0
1502,075020,559,7,0,0
1503,075020,559,7,0,0
1504,075020,546,7,0,0
1505,075020,552,7,0,0
1506,075020,554,7,0,0
1507,075020,544,9,0,0
1508,075020,549,7,0,0
1509,075020,553,7,0,0
1510,075020,563,7,0,0
1511,075020,545,9,0,0
1512,075020,221,7,0,0
1513,075020,227,7,0,0
1514,075020,235,7,0,0
1515,075020,241,7,0,0
1516,075020,591,7,0,0
1517,075020,588,7,0,0
1518,075020,599,7,0,0
1519,075020,610,7,0,0
1520,075020,591,7,0,0
1521,075020,593,7,0,0
1522,075020,603,7,0,0
1523,075020,603,7,0,0
1524,075020,590,7,0,0
1525,075020,596,7,0,0
1526,075020,598,7,0,0
1527,075020,604,7,0,0
1528,075020,590,7,0,0
1529,075020,596,7,0,0
1530,075020,598,7,0,0
1531,075020,588,9,0,0
1532,075020,593,7,0,0
1533,075020,597,7,0,0
1534,075020,599,7,0,0
1535,075020,589,9,0,0
1536,075020,221,7,0,0
1537,075020,227,7,0,0
1538,075020,235,7,0,0
1539,075020,241,7,0,0
1540,075020,544,7,0,0
1541,075020,551,7,0,0
1542,075020,559,7,0,0
1543,075020,564,7,0,0
1544,075020,543,7,0,0
1545,075020,550,7,0,0
1546,075020,559,7,0,0
1547,075020,564,7,0,0
1548,075020,543,7,0,0
1549,075020,550,7,0,0
1550,075020,559,7,0,0
1551,075020,564,7,0,0
1552,075020,543,7,0,0
1553,075020,550,7,0,0
1554,075020,559,7,0,0
1555,075020,548,9,0,0
1556,075020,546,7,0,0
1557,075020,554,7,0,0
1558,075020,561,7,0,0
1559,075020,549,9,0,0
1560,075020,221,7,0,0
1561,075020,227,7,0,0
1562,075020,235,7,0,0
1563,075020,241,7,0,0
1564,075020,544,7,0,0
1565,075020,551,7,0,0
1566,075020,559,7,0,0
1567,075020,564,7,0,0
1568,075020,543,7,0,0
1569,075020,550,7,0,0
1570,075020,559,7,0,0
1571,075020,564,7,0,0
1572,075020,543,7,0,0
1573,075020,550,7,0,0
1574,075020,559,7,0,0
1575,075020,564,7,0,0
1576,075020,543,7,0,0
1577,075020,529,9,0,0
1578,075020,539,9,0,0
1579,075020,547,9,0,0
1580,075020,548,7,0,0
1581,075020,554,7,0,0
1582,075020,561,7,0,0
1583,075020,549,9,0,0
1584,075020,221,7,0,0
1585,075020,227,7,0,0
1586,075020,235,7,0,0
1587,075020,241,7,0,0
1588,075020,591,7,0,0
1589,075020,588,7,0,0
1590,075020,599,7,0,0
1591,075020,610,7,0,0
1592,075020,591,7,0,0
1593,075020,593,7,0,0
1594,075020,603,7,0,0
1595,075020,603,7,0,0
1596,075020,590,7,0,0
1597,075020,596,7,0,0
1598,075020,598,7,0,0
1599,075020,604,7,0,0
1600,075020,590,7,0,0
1601,075020,576,9,0,0
1602,075020,577,9,0,0
1603,075020,587,9,0,0
1604,075020,593,7,0,0
1605,075020,599,7,0,0
1606,075020,599,7,0,0
1607,075020,589,9,0,0
1608,075020,221,7,0,0
1609,075020,227,7,0,0
1610,075020,235,7,0,0
1611,075020,241,7,0,0
1612,075020,591,7,0,0
1613,075020,588,7,0,0
1614,075020,599,7,0,0
1615,075020,610,7,0,0
1616,075020,591,7,0,0
1617,075020,593,7,0,0
1618,075020,603,7,0,0
1619,075020,603,7,0,0
1620,075020,590,7,0,0
1621,075020,596,7,0,0
1622,075020,577,9,0,0
1623,075020,587,9,0,0
1624,075020,569,9,0,0
1625,075020,575,9,0,0
1626,075020,577,9,0,0
1627,075020,587,9,0,0
1628,075020,593,7,0,0
1629,075020,599,7,0,0
1630,075020,581,9,0,0
1631,075020,589,9,0,0
1632,075020,222,7,0,0
1633,075020,231,7,0,0
1634,075020,236,7,0,0
1635,075020,243,7,0,0
1636,075020,524,9,0,0
1637,075020,530,9,0,0
1638,075020,541,9,0,0
1639,075020,551,9,0,0
1640,075020,548,7,0,0
1641,075020,554,7,0,0
1642,075020,561,7,0,0
1643,075020,567,7,0,0
1644,075020,546,7,0,0
1645,075020,554,7,0,0
1646,075020,561,7,0,0
1647,075020,567,7,0,0
1648,075020,546,7,0,0
1649,075020,554,7,0,0
1650,075020,561,7,0,0
1651,075020,567,7,0,0
1652,075020,547,7,0,0
1653,075020,554,7,0,0
1654,075020,563,7,0,0
1655,075020,568,7,0,0
1656,075020,222,7,0,0
1657,075020,231,7,0,0
1658,075020,236,7,0,0
1659,075020,243,7,0,0
1660,075020,546,7,0,0
1661,075020,554,7,0,0
1662,075020,561,7,0,0
1663,075020,567,7,0,0
1664,075020,546,7,0,0
1665,075020,554,7,0,0
1666,075020,561,7,0,0
1667,075020,567,7,0,0
1668,075020,546,7,0,0
1669,075020,554,7,0,0
1670,075020,561,7,0,0
1671,075020,567,7,0,0
1672,075020,546,7,0,0
1673,075020,554,7,0,0
1674,075020,561,7,0,0
1675,075020,567,7,0,0
1676,075020,547,7,0,0
1677,075020,554,7,0,0
1678,075020,563,7,0,0
1679,075020,568,7,0,0
1680,075020,222,7,0,0
1681,075020,231,7,0,0
1682,075020,236,7,0,0
1683,075020,243,7,0,0
1684,075020,549,7,0,0
1685,075020,553,7,0,0
1686,075020,555,7,0,0
1687,075020,569,7,0,0
1688,075020,549,7,0,0
1689,075020,555,7,0,0
1690,075020,563,7,0,0
1691,075020,563,7,0,0
1692,075020,549,7,0,0
1693,075020,553,7,0,0
1694,075020,563,7,0,0
1695,075020,563,7,0,0
1696,075020,549,7,0,0
1697,075020,553,7,0,0
1698,075020,555,7,0,0
1699,075020,545,9,0,0
1700,075020,551,7,0,0
1701,075020,553,7,0,0
1702,075020,563,7,0,0
1703,075020,547,9,0,0
1704,075020,222,7,0,0
1705,075020,231,7,0,0
1706,075020,236,7,0,0
1707,075020,243,7,0,0
1708,075020,593,7,0,0
1709,075020,591,7,0,0
1710,075020,601,7,0,0
1711,075020,613,7,0,0
1712,075020,593,7,0,0
1713,075020,599,7,0,0
1714,075020,607,7,0,0
1715,075020,607,7,0,0
1716,075020,593,7,0,0
1717,075020,597,7,0,0
1718,075020,581,9,0,0
1719,075020,589,9,0,0
1720,075020,568,9,0,0
1721,075020,576,9,0,0
1722,075020,579,9,0,0
1723,075020,589,9,0,0
1724,075020,594,7,0,0
1725,075020,600,7,0,0
1726,075020,581,9,0,0
1727,075020,591,9,0,0
1728,075030,250,9,0,0
1729,075030,256,9,0,0
1730,075030,267,9,0,0
1731,075030,275,9,0,0
1732,075030,223,7,0,0
1733,075030,225,7,0,0
1734,075030,235,7,0,0
1735,075030,241,7,0,0
1736,075030,223,7,0,0
1737,075030,225,7,0,0
1738,075030,235,7,0,0
1739,075030,241,7,0,0
1740,075030,223,7,0,0
1741,075030,225,7,0,0
1742,075030,235,7,0,0
1743,075030,241,7,0,0
1744,075030,223,7,0,0
1745,075030,225,7,0,0
1746,075030,235,7,0,0
1747,075030,241,7,0,0
1748,075030,224,7,0,0
1749,075030,231,7,0,0
1750,075030,239,7,0,0
1751,075030,244,7,0,0
1752,075030,251,9,0,0
1753,075030,259,9,0,0
1754,075030,269,9,0,0
1755,075030,277,9,0,0
1756,075030,223,7,0,0
1757,075030,230,7,0,0
1758,075030,239,7,0,0
1759,075030,244,7,0,0
1760,075030,223,7,0,0
1761,075030,230,7,0,0
1762,075030,239,7,0,0
1763,075030,244,7,0,0
1764,075030,223,7,0,0
1765,075030,230,7,0,0
1766,075030,239,7,0,0
1767,075030,244,7,0,0
1768,075030,223,7,0,0
1769,075030,230,7,0,0
1770,075030,239,7,0,0
1771,075030,244,7,0,0
1772,075030,226,7,0,0
1773,075030,232,7,0,0
1774,075030,239,7,0,0
1775,075030,245,7,0,0
1776,075030,250,9,0,0
1777,075030,256,9,0,0
1778,075030,267,9,0,0
1779,075030,275,9,0,0
1780,075030,223,7,0,0
1781,075030,225,7,0,0
1782,075030,235,7,0,0
1783,075030,241,7,0,0
1784,075030,223,7,0,0
1785,075030,225,7,0,0
1786,075030,235,7,0,0
1787,075030,241,7,0,0
1788,075030,223,7,0,0
1789,075030,225,7,0,0
1790,075030,235,7,0,0
1791,075030,241,7,0,0
1792,075030,223,7,0,0
1793,075030,225,7,0,0
1794,075030,235,7,0,0
1795,075030,241,7,0,0
1796,075030,224,7,0,0
1797,075030,231,7,0,0
1798,075030,239,7,0,0
1799,075030,244,7,0,0
1800,075030,251,9,0,0
1801,075030,259,9,0,0
1802,075030,269,9,0,0
1803,075030,277,9,0,0
1804,075030,223,7,0,0
1805,075030,230,7,0,0
1806,075030,239,7,0,0
1807,075030,244,7,0,0
1808,075030,223,7,0,0
1809,075030,230,7,0,0
1810,075030,239,7,0,0
1811,075030,244,7,0,0
1812,075030,223,7,0,0
1813,075030,230,7,0,0
1814,075030,239,7,0,0
1815,075030,244,7,0,0
1816,075030,223,7,0,0
1817,075030,230,7,0,0
1818,075030,239,7,0,0
1819,075030,244,7,0,0
1820,075030,226,7,0,0
1821,075030,232,7,0,0
1822,075030,239,7,0,0
1823,075030,245,7,0,0
1824,075030,249,9,0,0
1825,075030,255,9,0,0
1826,075030,265,9,0,0
1827,075030,275,9,0,0
1828,075030,684,7,0,0
1829,075030,696,7,0,0
1830,075030,703,7,0,0
1831,075030,703,7,0,0
1832,075030,683,7,0,0
1833,075030,690,7,0,0
1834,075030,699,7,0,0
1835,075030,710,7,0,0
1836,075030,684,7,0,0
1837,075030,691,7,0,0
1838,075030,686,9,0,0
1839,075030,695,9,0,0
1840,075030,662,9,0,0
1841,075030,668,9,0,0
1842,075030,683,9,0,0
1843,075030,693,9,0,0
1844,075030,686,7,0,0
1845,075030,694,7,0,0
1846,075030,687,9,0,0
1847,075030,695,9,0,0
1848,075030,249,9,0,0
1849,075030,255,9,0,0
1850,075030,265,9,0,0
1851,075030,275,9,0,0
1852,075030,684,7,0,0
1853,075030,691,7,0,0
1854,075030,704,7,0,0
1855,075030,703,7,0,0
1856,075030,683,7,0,0
1857,075030,690,7,0,0
1858,075030,699,7,0,0
1859,075030,710,7,0,0
1860,075030,684,7,0,0
1861,075030,691,7,0,0
1862,075030,699,7,0,0
1863,075030,694,9,0,0
1864,075030,662,9,0,0
1865,075030,668,9,0,0
1866,075030,683,9,0,0
1867,075030,693,9,0,0
1868,075030,686,7,0,0
1869,075030,694,7,0,0
1870,075030,701,7,0,0
1871,075030,695,9,0,0
1872,075030,248,9,0,0
1873,075030,254,9,0,0
1874,075030,265,9,0,0
1875,075030,275,9,0,0
1876,075030,684,7,0,0
1877,075030,691,7,0,0
1878,075030,699,7,0,0
1879,075030,704,7,0,0
1880,075030,683,7,0,0
1881,075030,690,7,0,0
1882,075030,699,7,0,0
1883,075030,704,7,0,0
1884,075030,683,7,0,0
1885,075030,690,7,0,0
1886,075030,699,7,0,0
1887,075030,704,7,0,0
1888,075030,663,9,0,0
1889,075030,669,9,0,0
1890,075030,679,9,0,0
1891,075030,687,9,0,0
1892,075030,688,7,0,0
1893,075030,694,7,0,0
1894,075030,701,7,0,0
1895,075030,689,9,0,0
1896,075030,249,9,0,0
1897,075030,255,9,0,0
1898,075030,265,9,0,0
1899,075030,275,9,0,0
1900,075030,684,7,0,0
1901,075030,696,7,0,0
1902,075030,703,7,0,0
1903,075030,703,7,0,0
1904,075030,683,7,0,0
1905,075030,690,7,0,0
1906,075030,699,7,0,0
1907,075030,710,7,0,0
1908,075030,684,7,0,0
1909,075030,691,7,0,0
1910,075030,704,7,0,0
1911,075030,709,7,0,0
1912,075030,684,7,0,0
1913,075030,670,9,0,0
1914,075030,683,9,0,0
1915,075030,693,9,0,0
1916,075030,686,7,0,0
1917,075030,694,7,0,0
1918,075030,705,7,0,0
1919,075030,695,9,0,0
1920,075030,248,9,0,0
1921,075030,254,9,0,0
1922,075030,265,9,0,0
1923,075030,275,9,0,0
1924,075030,684,7,0,0
1925,075030,696,7,0,0
1926,075030,703,7,0,0
1927,075030,703,7,0,0
1928,075030,683,7,0,0
1929,075030,690,7,0,0
1930,075030,699,7,0,0
1931,075030,710,7,0,0
1932,075030,684,7,0,0
1933,075030,691,7,0,0
1934,075030,704,7,0,0
1935,075030,709,7,0,0
1936,075030,684,7,0,0
1937,075030,670,9,0,0
1938,075030,683,9,0,0
1939,075030,693,9,0,0
1940,075030,686,7,0,0
1941,075030,694,7,0,0
1942,075030,705,7,0,0
1943,075030,695,9,0,0
1944,075030,248,9,0,0
1945,075030,254,9,0,0
1946,075030,265,9,0,0
1947,075030,275,9,0,0
1948,075030,684,7,0,0
1949,075030,696,7,0,0
1950,075030,703,7,0,0
1951,075030,703,7,0,0
1952,075030,683,7,0,0
1953,075030,690,7,0,0
1954,075030,699,7,0,0
1955,075030,710,7,0,0
1956,075030,684,7,0,0
1957,075030,691,7,0,0
1958,075030,704,7,0,0
1959,075030,709,7,0,0
1960,075030,684,7,0,0
1961,075030,670,9,0,0
1962,075030,683,9,0,0
1963,075030,693,9,0,0
1964,075030,686,7,0,0
1965,075030,694,7,0,0
1966,075030,705,7,0,0
1967,075030,695,9,0,0
1968,075030,248,9,0,0
1969,075030,254,9,0,0
1970,075030,265,9,0,0
1971,075030,275,9,0,0
1972,075030,684,7,0,0
1973,075030,696,7,0,0
1974,075030,703,7,0,0
1975,075030,703,7,0,0
1976,075030,683,7,0,0
1977,075030,690,7,0,0
1978,075030,699,7,0,0
1979,075030,710,7,0,0
1980,075030,684,7,0,0
1981,075030,691,7,0,0
1982,075030,704,7,0,0
1983,075030,709,7,0,0
1984,075030,684,7,0,0
1985,075030,670,9,0,0
1986,075030,683,9,0,0
1987,075030,693,9,0,0
1988,075030,686,7,0,0
1989,075030,694,7,0,0
1990,075030,705,7,0,0
1991,075030,695,9,0,0
1992,075030,248,9,0,0
1993,075030,254,9,0,0
1994,075030,265,9,0,0
1995,075030,275,9,0,0
1996,075030,684,7,0,0
1997,075030,691,7,0,0
1998,075030,699,7,0,0
1999,075030,704,7,0,0
2000,075030,683,7,0,0
2001,075030,690,7,0,0
2002,075030,699,7,0,0
2003,075030,704,7,0,0
2004,075030,683,7,0,0
2005,075030,690,7,0,0
2006,075030,699,7,0,0
2007,075030,704,7,0,0
2008,075030,683,7,0,0
2009,075030,690,7,0,0
2010,075030,699,7,0,0
2011,075030,704,7,0,0
2012,075030,686,7,0,0
2013,075030,694,7,0,0
2014,075030,701,7,0,0
2015,075030,707,7,0,0
2016,075030,248,9,0,0
2017,075030,254,9,0,0
2018,075030,265,9,0,0
2019,075030,275,9,0,0
2020,075030,662,9,0,0
2021,075030,694,7,0,0
2022,075030,703,7,0,0
2023,075030,703,7,0,0
2024,075030,683,7,0,0
2025,075030,690,7,0,0
2026,075030,699,7,0,0
2027,075030,710,7,0,0
2028,075030,684,7,0,0
2029,075030,691,7,0,0
2030,075030,704,7,0,0
2031,075030,709,7,0,0
2032,075030,684,7,0,0
2033,075030,691,7,0,0
2034,075030,704,7,0,0
2035,075030,709,7,0,0
2036,075030,688,7,0,0
2037,075030,694,7,0,0
2038,075030,705,7,0,0
2039,075030,713,7,0,0
2040,075030,249,9,0,0
2041,075030,255,9,0,0
2042,075030,265,9,0,0
2043,075030,275,9,0,0
2044,075030,662,9,0,0
2045,075030,674,9,0,0
2046,075030,685,9,0,0
2047,075030,687,9,0,0
2048,075030,684,7,0,0
2049,075030,691,7,0,0
2050,075030,699,7,0,0
2051,075030,710,7,0,0
2052,075030,684,7,0,0
2053,075030,691,7,0,0
2054,075030,704,7,0,0
2055,075030,709,7,0,0
2056,075030,684,7,0,0
2057,075030,691,7,0,0
2058,075030,704,7,0,0
2059,075030,709,7,0,0
2060,075030,688,7,0,0
2061,075030,694,7,0,0
2062,075030,705,7,0,0
2063,075030,713,7,0,0
2064,075030,249,9,0,0
2065,075030,255,9,0,0
2066,075030,265,9,0,0
2067,075030,275,9,0,0
2068,075030,662,9,0,0
2069,075030,668,9,0,0
2070,075030,683,9,0,0
2071,075030,687,9,0,0
2072,075030,684,7,0,0
2073,075030,691,7,0,0
2074,075030,699,7,0,0
2075,075030,710,7,0,0
2076,075030,684,7,0,0
2077,075030,691,7,0,0
2078,075030,699,7,0,0
2079,075030,710,7,0,0
2080,075030,684,7,0,0
2081,075030,691,7,0,0
2082,075030,704,7,0,0
2083,075030,709,7,0,0
2084,075030,688,7,0,0
2085,075030,694,7,0,0
2086,075030,701,7,0,0
2087,075030,713,7,0,0
2088,075030,249,9,0,0
2089,075030,255,9,0,0
2090,075030,265,9,0,0
2091,075030,275,9,0,0
2092,075030,662,9,0,0
2093,075030,668,9,0,0
2094,075030,679,9,0,0
2095,075030,687,9,0,0
2096,075030,684,7,0,0
2097,075030,691,7,0,0
2098,075030,699,7,0,0
2099,075030,704,7,0,0
2100,075030,683,7,0,0
2101,075030,690,7,0,0
2102,075030,699,7,0,0
2103,075030,704,7,0,0
2104,075030,683,7,0,0
2105,075030,690,7,0,0
2106,075030,699,7,0,0
2107,075030,704,7,0,0
2108,075030,686,7,0,0
2109,075030,694,7,0,0
2110,075030,701,7,0,0
2111,075030,707,7,0,0
2112,075030,248,9,0,0
2113,075030,254,9,0,0
2114,075030,265,9,0,0
2115,075030,275,9,0,0
2116,075030,662,9,0,0
2117,075030,674,9,0,0
2118,075030,685,9,0,0
2119,075030,687,9,0,0
2120,075030,684,7,0,0
2121,075030,691,7,0,0
2122,075030,699,7,0,0
2123,075030,710,7,0,0
2124,075030,684,7,0,0
2125,075030,691,7,0,0
2126,075030,704,7,0,0
2127,075030,709,7,0,0
2128,075030,684,7,0,0
2129,075030,691,7,0,0
2130,075030,704,7,0,0
2131,075030,709,7,0,0
2132,075030,688,7,0,0
2133,075030,694,7,0,0
2134,075030,705,7,0,0
2135,075030,713,7,0,0
2136,075030,249,9,0,0
2137,075030,255,9,0,0
2138,075030,265,9,0,0
2139,075030,275,9,0,0
2140,075030,662,9,0,0
2141,075030,674,9,0,0
2142,075030,685,9,0,0
2143,075030,687,9,0,0
2144,075030,662,9,0,0
2145,075030,668,9,0,0
2146,075030,679,9,0,0
2147,075030,709,7,0,0
2148,075030,683,7,0,0
2149,075030,690,7,0,0
2150,075030,704,7,0,0
2151,075030,709,7,0,0
2152,075030,684,7,0,0
2153,075030,691,7,0,0
2154,075030,704,7,0,0
2155,075030,709,7,0,0
2156,075030,665,9,0,0
2157,075030,693,7,0,0
2158,075030,705,7,0,0
2159,075030,713,7,0,0
2160,075030,249,9,0,0
2161,075030,255,9,0,0
2162,075030,265,9,0,0
2163,075030,275,9,0,0
2164,075030,662,9,0,0
2165,075030,668,9,0,0
2166,075030,679,9,0,0
2167,075030,687,9,0,0
2168,075030,662,9,0,0
2169,075030,668,9,0,0
2170,075030,679,9,0,0
2171,075030,687,9,0,0
2172,075030,684,7,0,0
2173,075030,691,7,0,0
2174,075030,699,7,0,0
2175,075030,704,7,0,0
2176,075030,683,7,0,0
2177,075030,690,7,0,0
2178,075030,699,7,0,0
2179,075030,704,7,0,0
2180,075030,664,9,0,0
2181,075030,692,7,0,0
2182,075030,701,7,0,0
2183,075030,707,7,0,0
2184,075030,248,9,0,0
2185,075030,254,9,0,0
2186,075030,265,9,0,0
2187,075030,275,9,0,0
2188,075030,662,9,0,0
2189,075030,668,9,0,0
2190,075030,679,9,0,0
2191,075030,687,9,0,0
2192,075030,662,9,0,0
2193,075030,668,9,0,0
2194,075030,679,9,0,0
2195,075030,687,9,0,0
2196,075030,662,9,0,0
2197,075030,689,7,0,0
2198,075030,699,7,0,0
2199,075030,704,7,0,0
2200,075030,683,7,0,0
2201,075030,690,7,0,0
2202,075030,699,7,0,0
2203,075030,704,7,0,0
2204,075030,664,9,0,0
2205,075030,692,7,0,0
2206,075030,701,7,0,0
2207,075030,707,7,0,0
2208,075030,248,9,0,0
2209,075030,258,9,0,0
2210,075030,265,9,0,0
2211,075030,275,9,0,0
2212,075030,688,7,0,0
2213,075030,700,7,0,0
2214,075030,707,7,0,0
2215,075030,707,7,0,0
2216,075030,686,7,0,0
2217,075030,694,7,0,0
2218,075030,701,7,0,0
2219,075030,713,7,0,0
2220,075030,688,7,0,0
2221,075030,694,7,0,0
2222,075030,705,7,0,0
2223,075030,713,7,0,0
2224,075030,688,7,0,0
2225,075030,694,7,0,0
2226,075030,705,7,0,0
2227,075030,697,9,0,0
2228,075030,688,7,0,0
2229,075030,695,7,0,0
2230,075030,708,7,0,0
2231,075030,697,9,0,0
2232,075030,250,9,0,0
2233,075030,258,9,0,0
2234,075030,265,9,0,0
2235,075030,275,9,0,0
2236,075030,665,9,0,0
2237,075030,677,9,0,0
2238,075030,687,9,0,0
2239,075030,689,9,0,0
2240,075030,686,7,0,0
2241,075030,694,7,0,0
2242,075030,701,7,0,0
2243,075030,713,7,0,0
2244,075030,688,7,0,0
2245,075030,694,7,0,0
2246,075030,705,7,0,0
2247,075030,713,7,0,0
2248,075030,688,7,0,0
2249,075030,694,7,0,0
2250,075030,705,7,0,0
2251,075030,713,7,0,0
2252,075030,688,7,0,0
2253,075030,695,7,0,0
2254,075030,708,7,0,0
2255,075030,713,7,0,0
2256,075030,250,9,0,0
2257,075030,258,9,0,0
2258,075030,265,9,0,0
2259,075030,275,9,0,0
2260,075030,665,9,0,0
2261,075030,671,9,0,0
2262,075030,685,9,0,0
2263,075030,689,9,0,0
2264,075030,686,7,0,0
2265,075030,694,7,0,0
2266,075030,701,7,0,0
2267,075030,713,7,0,0
2268,075030,688,7,0,0
2269,075030,694,7,0,0
2270,075030,701,7,0,0
2271,075030,713,7,0,0
2272,075030,688,7,0,0
2273,075030,694,7,0,0
2274,075030,705,7,0,0
2275,075030,713,7,0,0
2276,075030,688,7,0,0
2277,075030,695,7,0,0
2278,075030,703,7,0,0
2279,075030,714,7,0,0
2280,075030,250,9,0,0
2281,075030,258,9,0,0
2282,075030,265,9,0,0
2283,075030,275,9,0,0
2284,075030,665,9,0,0
2285,075030,671,9,0,0
2286,075030,681,9,0,0
2287,075030,689,9,0,0
2288,075030,664,9,0,0
2289,075030,670,9,0,0
2290,075030,681,9,0,0
2291,075030,689,9,0,0
2292,075030,664,9,0,0
2293,075030,692,7,0,0
2294,075030,701,7,0,0
2295,075030,707,7,0,0
2296,075030,686,7,0,0
2297,075030,694,7,0,0
2298,075030,701,7,0,0
2299,075030,707,7,0,0
2300,075030,664,9,0,0
2301,075030,693,7,0,0
2302,075030,703,7,0,0
2303,075030,708,7,0,0
2304,075000,346,7,0,0
2305,075010,363,7,0,0
2306,075000,371,7,0,0
2307,075010,370,7,0,0
2308,075000,364,7,0,0
2309,075010,367,7,0,0
2310,075000,375,7,0,0
2311,075010,386,7,0,0
2312,075000,348,7,0,0
2313,075010,316,7,0,0
2314,075000,323,7,0,0
2315,075010,369,7,0,0
2316,075000,316,7,0,0
2317,075010,367,7,0,0
2318,075000,375,7,0,0
2319,075010,338,7,0,0
2320,075000,349,7,0,0
2321,075010,447,7,0,0
2322,075000,455,7,0,0
2323,075010,371,7,0,0
2324,075000,446,7,0,0
2325,075010,368,7,0,0
2326,075000,375,7,0,0
2327,075010,469,7,0,0
2328,075000,348,7,0,0
2329,075010,363,7,0,0
2330,075000,371,7,0,0
2331,075010,370,7,0,0
2332,075000,364,7,0,0
2333,075010,367,7,0,0
2334,075000,375,7,0,0
2335,075010,386,7,0,0
2336,075000,348,7,0,0
2337,075010,363,7,0,0
2338,075000,371,7,0,0
2339,075010,370,7,0,0
2340,075000,364,7,0,0
2341,075010,367,7,0,0
2342,075000,375,7,0,0
2343,075010,386,7,0,0
2344,075000,349,7,0,0
2345,075010,441,7,0,0
2346,075000,449,7,0,0
2347,075010,371,7,0,0
2348,075000,441,7,0,0
2349,075010,365,7,0,0
2350,075000,375,7,0,0
2351,075010,463,7,0,0
2352,075000,349,7,0,0
2353,075010,353,7,0,0
2354,075000,363,7,0,0
2355,075010,371,7,0,0
2356,075000,357,7,0,0
2357,075010,365,7,0,0
2358,075000,375,7,0,0
2359,075010,379,7,0,0
2360,075000,349,7,0,0
2361,075010,353,7,0,0
2362,075000,363,7,0,0
2363,075010,371,7,0,0
2364,075000,357,7,0,0
2365,075010,365,7,0,0
2366,075000,375,7,0,0
2367,075010,379,7,0,0
2368,075000,349,7,0,0
2369,075010,360,7,0,0
2370,075000,371,7,0,0
2371,075010,372,7,0,0
2372,075000,362,7,0,0
2373,075010,368,7,0,0
2374,075000,375,7,0,0
2375,075010,385,7,0,0
2376,075000,348,7,0,0
2377,075010,363,7,0,0
2378,075000,371,7,0,0
2379,075010,370,7,0,0
2380,075000,364,7,0,0
2381,075010,367,7,0,0
2382,075000,375,7,0,0
2383,075010,386,7,0,0
2384,075000,348,7,0,0
2385,075010,368,7,0,0
2386,075000,375,7,0,0
2387,075010,369,7,0,0
2388,075000,369,7,0,0
2389,075010,366,7,0,0
2390,075000,375,7,0,0
2391,075010,392,7,0,0
2392,075000,349,7,0,0
2393,075010,445,7,0,0
2394,075000,455,7,0,0
2395,075010,371,7,0,0
2396,075000,447,7,0,0
2397,075010,367,7,0,0
2398,075000,375,7,0,0
2399,075010,469,7,0,0
2400,075000,353,7,0,0
2401,075010,367,7,0,0
2402,075000,375,7,0,0
2403,075010,375,7,0,0
2404,075000,369,7,0,0
2405,075010,369,7,0,0
2406,075000,379,7,0,0
2407,075010,391,7,0,0
2408,075000,353,7,0,0
2409,075010,365,7,0,0
2410,075000,375,7,0,0
2411,075010,375,7,0,0
2412,075000,369,7,0,0
2413,075010,369,7,0,0
2414,075000,379,7,0,0
2415,075010,391,7,0,0
2416,075000,353,7,0,0
2417,075010,365,7,0,0
2418,075000,375,7,0,0
2419,075010,375,7,0,0
2420,075000,369,7,0,0
2421,075010,369,7,0,0
2422,075000,379,7,0,0
2423,075010,391,7,0,0
2424,075000,478,7,0,0
2425,075010,495,7,0,0
2426,075000,503,7,0,0
2427,075010,502,7,0,0
2428,075000,496,7,0,0
2429,075010,499,7,0,0
2430,075000,507,7,0,0
2431,075010,518,7,0,0
2432,075000,480,7,0,0
2433,075010,495,7,0,0
2434,075000,503,7,0,0
2435,075010,502,7,0,0
2436,075000,496,7,0,0
2437,075010,499,7,0,0
2438,075000,507,7,0,0
2439,075010,518,7,0,0
2440,075000,480,7,0,0
2441,075010,495,7,0,0
2442,075000,503,7,0,0
2443,075010,502,7,0,0
2444,075000,496,7,0,0
2445,075010,499,7,0,0
2446,075000,507,7,0,0
2447,075010,518,7,0,0
2448,075000,348,7,0,0
2449,075010,363,7,0,0
2450,075000,371,7,0,0
2451,075010,370,7,0,0
2452,075000,364,7,0,0
2453,075010,367,7,0,0
2454,075000,375,7,0,0
2455,075010,386,7,0,0
2456,075000,348,7,0,0
2457,075010,363,7,0,0
2458,075000,371,7,0,0
2459,075010,370,7,0,0
2460,075000,364,7,0,0
2461,075010,367,7,0,0
2462,075000,375,7,0,0
2463,075010,386,7,0,0
2464,075000,349,7,0,0
2465,075010,494,7,0,0
2466,075000,503,7,0,0
2467,075010,372,7,0,0
2468,075000,494,7,0,0
2469,075010,368,7,0,0
2470,075000,375,7,0,0
2471,075010,517,7,0,0
2472,075000,353,7,0,0
2473,075010,367,7,0,0
2474,075000,375,7,0,0
2475,075010,375,7,0,0
2476,075000,369,7,0,0
2477,075010,369,7,0,0
2478,075000,379,7,0,0
2479,075010,391,7,0,0
2480,075000,353,7,0,0
2481,075010,365,7,0,0
2482,075000,375,7,0,0
2483,075010,375,7,0,0
2484,075000,369,7,0,0
2485,075010,369,7,0,0
2486,075000,379,7,0,0
2487,075010,391,7,0,0
2488,075000,353,7,0,0
2489,075010,365,7,0,0
2490,075000,375,7,0,0
2491,075010,375,7,0,0
2492,075000,369,7,0,0
2493,075010,369,7,0,0
2494,075000,379,7,0,0
2495,075010,391,7,0,0
2496,075000,478,7,0,0
2497,075010,488,7,0,0
2498,075000,495,7,0,0
2499,075010,501,7,0,0
2500,075000,489,7,0,0
2501,075010,498,7,0,0
2502,075000,507,7,0,0
2503,075010,512,7,0,0
2504,075000,478,7,0,0
2505,075010,496,7,0,0
2506,075000,503,7,0,0
2507,075010,501,7,0,0
2508,075000,497,7,0,0
2509,075010,498,7,0,0
2510,075000,507,7,0,0
2511,075010,520,7,0,0
2512,075000,478,7,0,0
2513,075010,495,7,0,0
2514,075000,503,7,0,0
2515,075010,502,7,0,0
2516,075000,496,7,0,0
2517,075010,499,7,0,0
2518,075000,507,7,0,0
2519,075010,518,7,0,0
2520,075000,349,7,0,0
2521,075010,355,7,0,0
2522,075000,363,7,0,0
2523,075010,371,7,0,0
2524,075000,357,7,0,0
2525,075010,365,7,0,0
2526,075000,375,7,0,0
2527,075010,379,7,0,0
2528,075000,349,7,0,0
2529,075010,353,7,0,0
2530,075000,363,7,0,0
2531,075010,371,7,0,0
2532,075000,357,7,0,0
2533,075010,365,7,0,0
2534,075000,375,7,0,0
2535,075010,379,7,0,0
2536,075000,349,7,0,0
2537,075010,360,7,0,0
2538,075000,371,7,0,0
2539,075010,372,7,0,0
2540,075000,362,7,0,0
2541,075010,368,7,0,0
2542,075000,375,7,0,0
2543,075010,385,7,0,0
2544,075000,356,7,0,0
2545,075010,363,7,0,0
2546,075000,371,7,0,0
2547,075010,378,7,0,0
2548,075000,364,7,0,0
2549,075010,375,7,0,0
2550,075000,383,7,0,0
2551,075010,386,7,0,0
2552,075000,356,7,0,0
2553,075010,363,7,0,0
2554,075000,371,7,0,0
2555,075010,378,7,0,0
2556,075000,364,7,0,0
2557,075010,375,7,0,0
2558,075000,383,7,0,0
2559,075010,386,7,0,0
2560,075000,356,7,0,0
2561,075010,363,7,0,0
2562,075000,371,7,0,0
2563,075010,378,7,0,0
2564,075000,364,7,0,0
2565,075010,375,7,0,0
2566,075000,383,7,0,0
2567,075010,386,7,0,0
2568,075000,481,7,0,0
2569,075010,487,7,0,0
2570,075000,495,7,0,0
2571,075010,503,7,0,0
2572,075000,489,7,0,0
2573,075010,497,7,0,0
2574,075000,507,7,0,0
2575,075010,511,7,0,0
2576,075000,481,7,0,0
2577,075010,485,7,0,0
2578,075000,495,7,0,0
2579,075010,503,7,0,0
2580,075000,489,7,0,0
2581,075010,497,7,0,0
2582,075000,507,7,0,0
2583,075010,511,7,0,0
2584,075000,481,7,0,0
2585,075010,485,7,0,0
2586,075000,495,7,0,0
2587,075010,503,7,0,0
2588,075000,489,7,0,0
2589,075010,497,7,0,0
2590,075000,507,7,0,0
2591,075010,511,7,0,0
2592,075000,346,7,0,0
2593,075010,363,7,0,0
2594,075000,371,7,0,0
2595,075010,370,7,0,0
2596,075000,364,7,0,0
2597,075010,367,7,0,0
2598,075000,375,7,0,0
2599,075010,386,7,0,0
2600,075000,348,7,0,0
2601,075010,368,7,0,0
2602,075000,375,7,0,0
2603,075010,369,7,0,0
2604,075000,369,7,0,0
2605,075010,366,7,0,0
2606,075000,375,7,0,0
2607,075010,392,7,0,0
2608,075000,349,7,0,0
2609,075010,497,7,0,0
2610,075000,507,7,0,0
2611,075010,371,7,0,0
2612,075000,501,7,0,0
2613,075010,365,7,0,0
2614,075000,375,7,0,0
2615,075010,523,7,0,0
2616,075000,353,7,0,0
2617,075010,365,7,0,0
2618,075000,375,7,0,0
2619,075010,375,7,0,0
2620,075000,369,7,0,0
2621,075010,369,7,0,0
2622,075000,379,7,0,0
2623,075010,391,7,0,0
2624,075000,353,7,0,0
2625,075010,365,7,0,0
2626,075000,375,7,0,0
2627,075010,375,7,0,0
2628,075000,369,7,0,0
2629,075010,369,7,0,0
2630,075000,379,7,0,0
2631,075010,391,7,0,0
2632,075000,353,7,0,0
2633,075010,365,7,0,0
2634,075000,375,7,0,0
2635,075010,375,7,0,0
2636,075000,369,7,0,0
2637,075010,369,7,0,0
2638,075000,379,7,0,0
2639,075010,391,7,0,0
2640,075000,478,7,0,0
2641,075010,495,7,0,0
2642,075000,503,7,0,0
2643,075010,502,7,0,0
2644,075000,496,7,0,0
2645,075010,499,7,0,0
2646,075000,507,7,0,0
2647,075010,518,7,0,0
2648,075000,480,7,0,0
2649,075010,495,7,0,0
2650,075000,503,7,0,0
2651,075010,502,7,0,0
2652,075000,496,7,0,0
2653,075010,499,7,0,0
2654,075000,507,7,0,0
2655,075010,518,7,0,0
2656,075000,480,7,0,0
2657,075010,495,7,0,0
2658,075000,503,7,0,0
2659,075010,502,7,0,0
2660,075000,496,7,0,0
2661,075010,499,7,0,0
2662,075000,507,7,0,0
2663,075010,518,7,0,0
2664,075000,485,7,0,0
2665,075010,499,7,0,0
2666,075000,507,7,0,0
2667,075010,507,7,0,0
2668,075000,501,7,0,0
2669,075010,501,7,0,0
2670,075000,511,7,0,0
2671,075010,523,7,0,0
2672,075000,485,7,0,0
2673,075010,497,7,0,0
2674,075000,507,7,0,0
2675,075010,507,7,0,0
2676,075000,501,7,0,0
2677,075010,501,7,0,0
2678,075000,511,7,0,0
2679,075010,523,7,0,0
2680,075000,485,7,0,0
2681,075010,497,7,0,0
2682,075000,507,7,0,0
2683,075010,507,7,0,0
2684,075000,501,7,0,0
2685,075010,501,7,0,0
2686,075000,511,7,0,0
2687,075010,523,7,0,0
2688,075000,346,7,0,0
2689,075010,363,7,0,0
2690,075000,371,7,0,0
2691,075010,370,7,0,0
2692,075000,364,7,0,0
2693,075010,367,7,0,0
2694,075000,375,7,0,0
2695,075010,386,7,0,0
2696,075000,348,7,0,0
2697,075010,363,7,0,0
2698,075000,371,7,0,0
2699,075010,370,7,0,0
2700,075000,364,7,0,0
2701,075010,367,7,0,0
2702,075000,375,7,0,0
2703,075010,386,7,0,0
2704,075000,349,7,0,0
2705,075010,494,7,0,0
2706,075000,503,7,0,0
2707,075010,372,7,0,0
2708,075000,494,7,0,0
2709,075010,368,7,0,0
2710,075000,375,7,0,0
2711,075010,517,7,0,0
2712,075000,353,7,0,0
2713,075010,367,7,0,0
2714,075000,375,7,0,0
2715,075010,375,7,0,0
2716,075000,369,7,0,0
2717,075010,369,7,0,0
2718,075000,379,7,0,0
2719,075010,391,7,0,0
2720,075000,353,7,0,0
2721,075010,365,7,0,0
2722,075000,375,7,0,0
2723,075010,375,7,0,0
2724,075000,369,7,0,0
2725,075010,369,7,0,0
2726,075000,379,7,0,0
2727,075010,391,7,0,0
2728,075000,353,7,0,0
2729,075010,365,7,0,0
2730,075000,375,7,0,0
2731,075010,375,7,0,0
2732,075000,369,7,0,0
2733,075010,369,7,0,0
2734,075000,379,7,0,0
2735,075010,391,7,0,0
2736,075000,478,7,0,0
2737,075010,488,7,0,0
2738,075000,495,7,0,0
2739,075010,501,7,0,0
2740,075000,489,7,0,0
2741,075010,498,7,0,0
2742,075000,507,7,0,0
2743,075010,512,7,0,0
2744,075000,478,7,0,0
2745,075010,496,7,0,0
2746,075000,503,7,0,0
2747,075010,501,7,0,0
2748,075000,497,7,0,0
2749,075010,498,7,0,0
2750,075000,507,7,0,0
2751,075010,520,7,0,0
2752,075000,478,7,0,0
2753,075010,495,7,0,0
2754,075000,503,7,0,0
2755,075010,502,7,0,0
2756,075000,496,7,0,0
2757,075010,499,7,0,0
2758,075000,507,7,0,0
2759,075010,518,7,0,0
2760,075000,485,7,0,0
2761,075010,494,7,0,0
2762,075000,503,7,0,0
2763,075010,508,7,0,0
2764,075000,494,7,0,0
2765,075010,504,7,0,0
2766,075000,511,7,0,0
2767,075010,517,7,0,0
2768,075000,485,7,0,0
2769,075010,494,7,0,0
2770,075000,503,7,0,0
2771,075010,508,7,0,0
2772,075000,494,7,0,0
2773,075010,504,7,0,0
2774,075000,511,7,0,0
2775,075010,517,7,0,0
2776,075000,485,7,0,0
2777,075010,494,7,0,0
2778,075000,503,7,0,0
2779,075010,508,7,0,0
2780,075000,494,7,0,0
2781,075010,504,7,0,0
2782,075000,511,7,0,0
2783,075010,517,7,0,0
2784,075000,349,7,0,0
2785,075010,355,7,0,0
2786,075000,363,7,0,0
2787,075010,371,7,0,0
2788,075000,357,7,0,0
2789,075010,365,7,0,0
2790,075000,375,7,0,0
2791,075010,379,7,0,0
2792,075000,349,7,0,0
2793,075010,353,7,0,0
2794,075000,363,7,0,0
2795,075010,371,7,0,0
2796,075000,357,7,0,0
2797,075010,365,7,0,0
2798,075000,375,7,0,0
2799,075010,379,7,0,0
2800,075000,349,7,0,0
2801,075010,360,7,0,0
2802,075000,371,7,0,0
2803,075010,372,7,0,0
2804,075000,362,7,0,0
2805,075010,368,7,0,0
2806,075000,375,7,0,0
2807,075010,385,7,0,0
2808,075000,356,7,0,0
2809,075010,363,7,0,0
2810,075000,371,7,0,0
2811,075010,378,7,0,0
2812,075000,364,7,0,0
2813,075010,375,7,0,0
2814,075000,383,7,0,0
2815,075010,386,7,0,0
2816,075000,356,7,0,0
2817,075010,363,7,0,0
2818,075000,371,7,0,0
2819,075010,378,7,0,0
2820,075000,364,7,0,0
2821,075010,375,7,0,0
2822,075000,383,7,0,0
2823,075010,386,7,0,0
2824,075000,356,7,0,0
2825,075010,363,7,0,0
2826,075000,371,7,0,0
2827,075010,378,7,0,0
2828,075000,364,7,0,0
2829,075010,375,7,0,0
2830,075000,383,7,0,0
2831,075010,386,7,0,0
2832,075000,481,7,0,0
2833,075010,487,7,0,0
2834,075000,495,7,0,0
2835,075010,503,7,0,0
2836,075000,489,7,0,0
2837,075010,497,7,0,0
2838,075000,507,7,0,0
2839,075010,511,7,0,0
2840,075000,481,7,0,0
2841,075010,485,7,0,0
2842,075000,495,7,0,0
2843,075010,503,7,0,0
2844,075000,489,7,0,0
2845,075010,497,7,0,0
2846,075000,507,7,0,0
2847,075010,511,7,0,0
2848,075000,481,7,0,0
2849,075010,485,7,0,0
2850,075000,495,7,0,0
2851,075010,503,7,0,0
2852,075000,489,7,0,0
2853,075010,497,7,0,0
2854,075000,507,7,0,0
2855,075010,511,7,0,0
2856,075000,486,7,0,0
2857,075010,495,7,0,0
2858,075000,503,7,0,0
2859,075010,510,7,0,0
2860,075000,496,7,0,0
2861,075010,507,7,0,0
2862,075000,515,7,0,0
2863,075010,518,7,0,0
2864,075000,488,7,0,0
2865,075010,495,7,0,0
2866,075000,503,7,0,0
2867,075010,510,7,0,0
2868,075000,496,7,0,0
2869,075010,507,7,0,0
2870,075000,515,7,0,0
2871,075010,518,7,0,0
2872,075000,488,7,0,0
2873,075010,495,7,0,0
2874,075000,503,7,0,0
2875,075010,510,7,0,0
2876,075000,496,7,0,0
2877,075010,507,7,0,0
2878,075000,515,7,0,0
2879,075010,518,7,0,0
2880,075000,348,7,0,0
2881,075010,363,7,0,0
2882,075000,371,7,0,0
2883,075010,370,7,0,0
2884,075000,364,7,0,0
2885,075010,367,7,0,0
2886,075000,375,7,0,0
2887,075010,386,7,0,0
2888,075000,348,7,0,0
2889,075010,368,7,0,0
2890,075000,375,7,0,0
2891,075010,369,7,0,0
2892,075000,369,7,0,0
2893,075010,366,7,0,0
2894,075000,375,7,0,0
2895,075010,392,7,0,0
2896,075000,349,7,0,0
2897,075010,497,7,0,0
2898,075000,507,7,0,0
2899,075010,371,7,0,0
2900,075000,501,7,0,0
2901,075010,365,7,0,0
2902,075000,375,7,0,0
2903,075010,523,7,0,0
2904,075000,353,7,0,0
2905,075010,365,7,0,0
2906,075000,375,7,0,0
2907,075010,375,7,0,0
2908,075000,369,7,0,0
2909,075010,369,7,0,0
2910,075000,379,7,0,0
2911,075010,391,7,0,0
2912,075000,353,7,0,0
2913,075010,365,7,0,0
2914,075000,375,7,0,0
2915,075010,375,7,0,0
2916,075000,369,7,0,0
2917,075010,369,7,0,0
2918,075000,379,7,0,0
2919,075010,391,7,0,0
2920,075000,353,7,0,0
2921,075010,365,7,0,0
2922,075000,375,7,0,0
2923,075010,375,7,0,0
2924,075000,369,7,0,0
2925,075010,369,7,0,0
2926,075000,379,7,0,0
2927,075010,391,7,0,0
2928,075000,478,7,0,0
2929,075010,495,7,0,0
2930,075000,503,7,0,0
2931,075010,502,7,0,0
2932,075000,496,7,0,0
2933,075010,499,7,0,0
2934,075000,507,7,0,0
2935,075010,518,7,0,0
2936,075000,480,7,0,0
2937,075010,495,7,0,0
2938,075000,503,7,0,0
2939,075010,502,7,0,0
2940,075000,496,7,0,0
2941,075010,499,7,0,0
2942,075000,507,7,0,0
2943,075010,518,7,0,0
2944,075000,480,7,0,0
2945,075010,495,7,0,0
2946,075000,503,7,0,0
2947,075010,502,7,0,0
2948,075000,496,7,0,0
2949,075010,499,7,0,0
2950,075000,507,7,0,0
2951,075010,518,7,0,0
2952,075000,485,7,0,0
2953,075010,499,7,0,0
2954,075000,507,7,0,0
2955,075010,507,7,0,0
2956,075000,501,7,0,0
2957,075010,501,7,0,0
2958,075000,511,7,0,0
2959,075010,523,7,0,0
2960,075000,485,7,0,0
2961,075010,497,7,0,0
2962,075000,507,7,0,0
2963,075010,507,7,0,0
2964,075000,501,7,0,0
2965,075010,501,7,0,0
2966,075000,511,7,0,0
2967,075010,523,7,0,0
2968,075000,485,7,0,0
2969,075010,497,7,0,0
2970,075000,507,7,0,0
2971,075010,507,7,0,0
2972,075000,501,7,0,0
2973,075010,501,7,0,0
2974,075000,511,7,0,0
2975,075010,523,7,0,0
2976,075000,490,7,0,0
2977,075010,508,7,0,0
2978,075000,515,7,0,0
2979,075010,513,7,0,0
2980,075000,509,7,0,0
2981,075010,510,7,0,0
2982,075000,519,7,0,0
2983,075010,532,7,0,0
2984,075000,490,7,0,0
2985,075010,507,7,0,0
2986,075000,515,7,0,0
2987,075010,514,7,0,0
2988,075000,508,7,0,0
2989,075010,511,7,0,0
2990,075000,519,7,0,0
2991,075010,530,7,0,0
2992,075000,492,7,0,0
2993,075010,507,7,0,0
2994,075000,515,7,0,0
2995,075010,514,7,0,0
2996,075000,508,7,0,0
2997,075010,511,7,0,0
2998,075000,519,7,0,0
2999,075010,530,7,0,0
3000,075000,516,7,0,0
3001,075010,532,7,0,0
3002,075000,539,7,0,0
3003,075010,537,7,0,0
3004,075000,533,7,0,0
3005,075010,534,7,0,0
3006,075000,543,7,0,0
3007,075010,556,7,0,0
3008,075000,514,7,0,0
3009,075010,532,7,0,0
3010,075000,539,7,0,0
3011,075010,537,7,0,0
3012,075000,533,7,0,0
3013,075010,534,7,0,0
3014,075000,543,7,0,0
3015,075010,556,7,0,0
3016,075000,514,7,0,0
3017,075010,532,7,0,0
3018,075000,539,7,0,0
3019,075010,537,7,0,0
3020,075000,533,7,0,0
3021,075010,534,7,0,0
3022,075000,543,7,0,0
3023,075010,556,7,0,0
3024,075000,521,7,0,0
3025,075010,536,7,0,0
3026,075000,547,7,0,0
3027,075010,544,7,0,0
3028,075000,538,7,0,0
3029,075010,540,7,0,0
3030,075000,547,7,0,0
3031,075010,561,7,0,0
3032,075000,521,7,0,0
3033,075010,538,7,0,0
3034,075000,547,7,0,0
3035,075010,544,7,0,0
3036,075000,538,7,0,0
3037,075010,540,7,0,0
3038,075000,547,7,0,0
3039,075010,561,7,0,0
3040,075000,521,7,0,0
3041,075010,538,7,0,0
3042,075000,547,7,0,0
3043,075010,544,7,0,0
3044,075000,538,7,0,0
3045,075010,540,7,0,0
3046,075000,547,7,0,0
3047,075010,561,7,0,0
3048,075000,339,7,0,0
3049,075010,345,7,0,0
3050,075000,355,7,0,0
3051,075010,359,7,0,0
3052,075000,347,7,0,0
3053,075010,357,7,0,0
3054,075000,365,7,0,0
3055,075010,369,7,0,0
3056,075000,339,7,0,0
3057,075010,345,7,0,0
3058,075000,355,7,0,0
3059,075010,359,7,0,0
3060,075000,347,7,0,0
3061,075010,357,7,0,0
3062,075000,365,7,0,0
3063,075010,369,7,0,0
3064,075000,339,7,0,0
3065,075010,345,7,0,0
3066,075000,355,7,0,0
3067,075010,359,7,0,0
3068,075000,347,7,0,0
3069,075010,357,7,0,0
3070,075000,365,7,0,0
3071,075010,369,7,0,0
3072,075000,339,7,0,0
3073,075010,345,7,0,0
3074,075000,355,7,0,0
3075,075010,359,7,0,0
3076,075000,347,7,0,0
3077,075010,357,7,0,0
3078,075000,365,7,0,0
3079,075010,369,7,0,0
3080,075000,339,7,0,0
3081,075010,345,7,0,0
3082,075000,355,7,0,0
3083,075010,359,7,0,0
3084,075000,347,7,0,0
3085,075010,357,7,0,0
3086,075000,365,7,0,0
3087,075010,369,7,0,0
3088,075000,339,7,0,0
3089,075010,345,7,0,0
3090,075000,355,7,0,0
3091,075010,359,7,0,0
3092,075000,347,7,0,0
3093,075010,357,7,0,0
3094,075000,365,7,0,0
3095,075010,369,7,0,0
3096,075000,348,7,0,0
3097,075010,363,7,0,0
3098,075000,371,7,0,0
3099,075010,370,7,0,0
3100,075000,364,7,0,0
3101,075010,367,7,0,0
3102,075000,375,7,0,0
3103,075010,386,7,0,0
3104,075000,348,7,0,0
3105,075010,363,7,0,0
3106,075000,371,7,0,0
3107,075010,370,7,0,0
3108,075000,364,7,0,0
3109,075010,367,7,0,0
3110,075000,375,7,0,0
3111,075010,386,7,0,0
3112,075000,349,7,0,0
3113,075010,494,7,0,0
3114,075000,503,7,0,0
3115,075010,372,7,0,0
3116,075000,494,7,0,0
3117,075010,368,7,0,0
3118,075000,375,7,0,0
3119,075010,517,7,0,0
3120,075000,353,7,0,0
3121,075010,367,7,0,0
3122,075000,375,7,0,0
3123,075010,375,7,0,0
3124,075000,369,7,0,0
3125,075010,369,7,0,0
3126,075000,379,7,0,0
3127,075010,391,7,0,0
3128,075000,353,7,0,0
3129,075010,365,7,0,0
3130,075000,375,7,0,0
3131,075010,375,7,0,0
3132,075000,369,7,0,0
3133,075010,369,7,0,0
3134,075000,379,7,0,0
3135,075010,391,7,0,0
3136,075000,353,7,0,0
3137,075010,365,7,0,0
3138,075000,375,7,0,0
3139,075010,375,7,0,0
3140,075000,369,7,0,0
3141,075010,369,7,0,0
3142,075000,379,7,0,0
3143,075010,391,7,0,0
3144,075000,478,7,0,0
3145,075010,488,7,0,0
3146,075000,495,7,0,0
3147,075010,501,7,0,0
3148,075000,489,7,0,0
3149,075010,498,7,0,0
3150,075000,507,7,0,0
3151,075010,512,7,0,0
3152,075000,478,7,0,0
3153,075010,496,7,0,0
3154,075000,503,7,0,0
3155,075010,501,7,0,0
3156,075000,497,7,0,0
3157,075010,498,7,0,0
3158,075000,507,7,0,0
3159,075010,520,7,0,0
3160,075000,478,7,0,0
3161,075010,495,7,0,0
3162,075000,503,7,0,0
3163,075010,502,7,0,0
3164,075000,496,7,0,0
3165,075010,499,7,0,0
3166,075000,507,7,0,0
3167,075010,518,7,0,0
3168,075000,485,7,0,0
3169,075010,494,7,0,0
3170,075000,503,7,0,0
3171,075010,508,7,0,0
3172,075000,494,7,0,0
3173,075010,504,7,0,0
3174,075000,511,7,0,0
3175,075010,517,7,0,0
3176,075000,485,7,0,0
3177,075010,494,7,0,0
3178,075000,503,7,0,0
3179,075010,508,7,0,0
3180,075000,494,7,0,0
3181,075010,504,7,0,0
3182,075000,511,7,0,0
3183,075010,517,7,0,0
3184,075000,485,7,0,0
3185,075010,494,7,0,0
3186,075000,503,7,0,0
3187,075010,508,7,0,0
3188,075000,494,7,0,0
3189,075010,504,7,0,0
3190,075000,511,7,0,0
3191,075010,517,7,0,0
3192,075000,492,7,0,0
3193,075010,500,7,0,0
3194,075000,507,7,0,0
3195,075010,513,7,0,0
3196,075000,501,7,0,0
3197,075010,510,7,0,0
3198,075000,519,7,0,0
3199,075010,524,7,0,0
3200,075000,490,7,0,0
3201,075010,500,7,0,0
3202,075000,507,7,0,0
3203,075010,513,7,0,0
3204,075000,501,7,0,0
3205,075010,510,7,0,0
3206,075000,519,7,0,0
3207,075010,524,7,0,0
3208,075000,490,7,0,0
3209,075010,500,7,0,0
3210,075000,507,7,0,0
3211,075010,513,7,0,0
3212,075000,501,7,0,0
3213,075010,510,7,0,0
3214,075000,519,7,0,0
3215,075010,524,7,0,0
3216,075000,514,7,0,0
3217,075010,524,7,0,0
3218,075000,531,7,0,0
3219,075010,537,7,0,0
3220,075000,525,7,0,0
3221,075010,534,7,0,0
3222,075000,543,7,0,0
3223,075010,548,7,0,0
3224,075000,514,7,0,0
3225,075010,524,7,0,0
3226,075000,531,7,0,0
3227,075010,537,7,0,0
3228,075000,525,7,0,0
3229,075010,534,7,0,0
3230,075000,543,7,0,0
3231,075010,548,7,0,0
3232,075000,514,7,0,0
3233,075010,524,7,0,0
3234,075000,531,7,0,0
3235,075010,537,7,0,0
3236,075000,525,7,0,0
3237,075010,534,7,0,0
3238,075000,543,7,0,0
3239,075010,548,7,0,0
3240,075000,521,7,0,0
3241,075010,528,7,0,0
3242,075000,539,7,0,0
3243,075010,544,7,0,0
3244,075000,530,7,0,0
3245,075010,540,7,0,0
3246,075000,547,7,0,0
3247,075010,553,7,0,0
3248,075000,521,7,0,0
3249,075010,530,7,0,0
3250,075000,539,7,0,0
3251,075010,544,7,0,0
3252,075000,530,7,0,0
3253,075010,540,7,0,0
3254,075000,547,7,0,0
3255,075010,553,7,0,0
3256,075000,521,7,0,0
3257,075010,530,7,0,0
3258,075000,539,7,0,0
3259,075010,544,7,0,0
3260,075000,530,7,0,0
3261,075010,540,7,0,0
3262,075000,547,7,0,0
3263,075010,553,7,0,0
3264,075000,339,7,0,0
3265,075010,345,7,0,0
3266,075000,355,7,0,0
3267,075010,359,7,0,0
3268,075000,347,7,0,0
3269,075010,357,7,0,0
3270,075000,365,7,0,0
3271,075010,369,7,0,0
3272,075000,339,7,0,0
3273,075010,345,7,0,0
3274,075000,355,7,0,0
3275,075010,359,7,0,0
3276,075000,347,7,0,0
3277,075010,357,7,0,0
3278,075000,365,7,0,0
3279,075010,369,7,0,0
3280,075000,339,7,0,0
3281,075010,345,7,0,0
3282,075000,355,7,0,0
3283,075010,359,7,0,0
3284,075000,347,7,0,0
3285,075010,357,7,0,0
3286,075000,365,7,0,0
3287,075010,369,7,0,0
3288,075000,339,7,0,0
3289,075010,345,7,0,0
3290,075000,355,7,0,0
3291,075010,359,7,0,0
3292,075000,347,7,0,0
3293,075010,357,7,0,0
3294,075000,365,7,0,0
3295,075010,369,7,0,0
3296,075000,339,7,0,0
3297,075010,345,7,0,0
3298,075000,355,7,0,0
3299,075010,359,7,0,0
3300,075000,347,7,0,0
3301,075010,357,7,0,0
3302,075000,365,7,0,0
3303,075010,369,7,0,0
3304,075000,339,7,0,0
3305,075010,345,7,0,0
3306,075000,355,7,0,0
3307,075010,359,7,0,0
3308,075000,347,7,0,0
3309,075010,357,7,0,0
3310,075000,365,7,0,0
3311,075010,369,7,0,0
3312,075000,349,7,0,0
3313,075010,355,7,0,0
3314,075000,363,7,0,0
3315,075010,371,7,0,0
3316,075000,357,7,0,0
3317,075010,365,7,0,0
3318,075000,375,7,0,0
3319,075010,379,7,0,0
3320,075000,349,7,0,0
3321,075010,353,7,0,0
3322,075000,363,7,0,0
3323,075010,371,7,0,0
3324,075000,357,7,0,0
3325,075010,365,7,0,0
3326,075000,375,7,0,0
3327,075010,379,7,0,0
3328,075000,349,7,0,0
3329,075010,360,7,0,0
3330,075000,371,7,0,0
3331,075010,372,7,0,0
3332,075000,362,7,0,0
3333,075010,368,7,0,0
3334,075000,375,7,0,0
3335,075010,385,7,0,0
3336,075000,356,7,0,0
3337,075010,363,7,0,0
3338,075000,371,7,0,0
3339,075010,378,7,0,0
3340,075000,364,7,0,0
3341,075010,375,7,0,0
3342,075000,383,7,0,0
3343,075010,386,7,0,0
3344,075000,356,7,0,0
3345,075010,363,7,0,0
3346,075000,371,7,0,0
3347,075010,378,7,0,0
3348,075000,364,7,0,0
3349,075010,375,7,0,0
3350,075000,383,7,0,0
3351,075010,386,7,0,0
3352,075000,356,7,0,0
3353,075010,363,7,0,0
3354,075000,371,7,0,0
3355,075010,378,7,0,0
3356,075000,364,7,0,0
3357,075010,375,7,0,0
3358,075000,383,7,0,0
3359,075010,386,7,0,0
3360,075000,481,7,0,0
3361,075010,487,7,0,0
3362,075000,495,7,0,0
3363,075010,503,7,0,0
3364,075000,489,7,0,0
3365,075010,497,7,0,0
3366,075000,507,7,0,0
3367,075010,511,7,0,0
3368,075000,481,7,0,0
3369,075010,485,7,0,0
3370,075000,495,7,0,0
3371,075010,503,7,0,0
3372,075000,489,7,0,0
3373,075010,497,7,0,0
3374,075000,507,7,0,0
3375,075010,511,7,0,0
3376,075000,481,7,0,0
3377,075010,485,7,0,0
3378,075000,495,7,0,0
3379,075010,503,7,0,0
3380,075000,489,7,0,0
3381,075010,497,7,0,0
3382,075000,507,7,0,0
3383,075010,511,7,0,0
3384,075000,486,7,0,0
3385,075010,495,7,0,0
3386,075000,503,7,0,0
3387,075010,510,7,0,0
3388,075000,496,7,0,0
3389,075010,507,7,0,0
3390,075000,515,7,0,0
3391,075010,518,7,0,0
3392,075000,488,7,0,0
3393,075010,495,7,0,0
3394,075000,503,7,0,0
3395,075010,510,7,0,0
3396,075000,496,7,0,0
3397,075010,507,7,0,0
3398,075000,515,7,0,0
3399,075010,518,7,0,0
3400,075000,488,7,0,0
3401,075010,495,7,0,0
3402,075000,503,7,0,0
3403,075010,510,7,0,0
3404,075000,496,7,0,0
3405,075010,507,7,0,0
3406,075000,515,7,0,0
3407,075010,518,7,0,0
3408,075000,492,7,0,0
3409,075010,500,7,0,0
3410,075000,507,7,0,0
3411,075010,513,7,0,0
3412,075000,501,7,0,0
3413,075010,510,7,0,0
3414,075000,519,7,0,0
3415,075010,524,7,0,0
3416,075000,490,7,0,0
3417,075010,500,7,0,0
3418,075000,507,7,0,0
3419,075010,513,7,0,0
3420,075000,501,7,0,0
3421,075010,510,7,0,0
3422,075000,519,7,0,0
3423,075010,524,7,0,0
3424,075000,490,7,0,0
3425,075010,500,7,0,0
3426,075000,507,7,0,0
3427,075010,513,7,0,0
3428,075000,501,7,0,0
3429,075010,510,7,0,0
3430,075000,519,7,0,0
3431,075010,524,7,0,0
3432,075000,514,7,0,0
3433,075010,524,7,0,0
3434,075000,531,7,0,0
3435,075010,537,7,0,0
3436,075000,525,7,0,0
3437,075010,534,7,0,0
3438,075000,543,7,0,0
3439,075010,548,7,0,0
3440,075000,514,7,0,0
3441,075010,524,7,0,0
3442,075000,531,7,0,0
3443,075010,537,7,0,0
3444,075000,525,7,0,0
3445,075010,534,7,0,0
3446,075000,543,7,0,0
3447,075010,548,7,0,0
3448,075000,514,7,0,0
3449,075010,524,7,0,0
3450,075000,531,7,0,0
3451,075010,537,7,0,0
3452,075000,525,7,0,0
3453,075010,534,7,0,0
3454,075000,543,7,0,0
3455,075010,548,7,0,0
3456,075000,521,7,0,0
3457,075010,528,7,0,0
3458,075000,539,7,0,0
3459,075010,544,7,0,0
3460,075000,530,7,0,0
3461,075010,540,7,0,0
3462,075000,547,7,0,0
3463,075010,553,7,0,0
3464,075000,521,7,0,0
3465,075010,530,7,0,0
3466,075000,539,7,0,0
3467,075010,544,7,0,0
3468,075000,530,7,0,0
3469,075010,540,7,0,0
3470,075000,547,7,0,0
3471,075010,553,7,0,0
3472,075000,521,7,0,0
3473,075010,530,7,0,0
3474,075000,539,7,0,0
3475,075010,544,7,0,0
3476,075000,530,7,0,0
3477,075010,540,7,0,0
3478,075000,547,7,0,0
3479,075010,553,7,0,0
3480,075000,339,7,0,0
3481,075010,345,7,0,0
3482,075000,355,7,0,0
3483,075010,359,7,0,0
3484,075000,347,7,0,0
3485,075010,357,7,0,0
3486,075000,365,7,0,0
3487,075010,369,7,0,0
3488,075000,339,7,0,0
3489,075010,345,7,0,0
3490,075000,355,7,0,0
3491,075010,359,7,0,0
3492,075000,347,7,0,0
3493,075010,357,7,0,0
3494,075000,365,7,0,0
3495,075010,369,7,0,0
3496,075000,339,7,0,0
3497,075010,345,7,0,0
3498,075000,355,7,0,0
3499,075010,359,7,0,0
3500,075000,347,7,0,0
3501,075010,357,7,0,0
3502,075000,365,7,0,0
3503,075010,369,7,0,0
3504,075000,339,7,0,0
3505,075010,345,7,0,0
3506,075000,355,7,0,0
3507,075010,359,7,0,0
3508,075000,347,7,0,0
3509,075010,357,7,0,0
3510,075000,365,7,0,0
3511,075010,369,7,0,0
3512,075000,339,7,0,0
3513,075010,345,7,0,0
3514,075000,355,7,0,0
3515,075010,359,7,0,0
3516,075000,347,7,0,0
3517,075010,357,7,0,0
3518,075000,365,7,0,0
3519,075010,369,7,0,0
3520,075000,339,7,0,0
3521,075010,345,7,0,0
3522,075000,355,7,0,0
3523,075010,359,7,0,0
3524,075000,347,7,0,0
3525,075010,357,7,0,0
3526,075000,365,7,0,0
3527,075010,369,7,0,0
3528,075000,348,7,0,0
3529,075010,363,7,0,0
3530,075000,371,7,0,0
3531,075010,370,7,0,0
3532,075000,364,7,0,0
3533,075010,367,7,0,0
3534,075000,375,7,0,0
3535,075010,386,7,0,0
3536,075000,348,7,0,0
3537,075010,368,7,0,0
3538,075000,375,7,0,0
3539,075010,369,7,0,0
3540,075000,369,7,0,0
3541,075010,366,7,0,0
3542,075000,375,7,0,0
3543,075010,392,7,0,0
3544,075000,349,7,0,0
3545,075010,497,7,0,0
3546,075000,507,7,0,0
3547,075010,371,7,0,0
3548,075000,501,7,0,0
3549,075010,365,7,0,0
3550,075000,375,7,0,0
3551,075010,523,7,0,0
3552,075000,353,7,0,0
3553,075010,365,7,0,0
3554,075000,375,7,0,0
3555,075010,375,7,0,0
3556,075000,369,7,0,0
3557,075010,369,7,0,0
3558,075000,379,7,0,0
3559,075010,391,7,0,0
3560,075000,353,7,0,0
3561,075010,365,7,0,0
3562,075000,375,7,0,0
3563,075010,375,7,0,0
3564,075000,369,7,0,0
3565,075010,369,7,0,0
3566,075000,379,7,0,0
3567,075010,391,7,0,0
3568,075000,353,7,0,0
3569,075010,365,7,0,0
3570,075000,375,7,0,0
3571,075010,375,7,0,0
3572,075000,369,7,0,0
3573,075010,369,7,0,0
3574,075000,379,7,0,0
3575,075010,391,7,0,0
3576,075000,478,7,0,0
3577,075010,495,7,0,0
3578,075000,503,7,0,0
3579,075010,502,7,0,0
3580,075000,496,7,0,0
3581,075010,499,7,0,0
3582,075000,507,7,0,0
3583,075010,518,7,0,0
3584,075000,480,7,0,0
3585,075010,495,7,0,0
3586,075000,503,7,0,0
3587,075010,502,7,0,0
3588,075000,496,7,0,0
3589,075010,499,7,0,0
3590,075000,507,7,0,0
3591,075010,518,7,0,0
3592,075000,480,7,0,0
3593,075010,495,7,0,0
3594,075000,503,7,0,0
3595,075010,502,7,0,0
3596,075000,496,7,0,0
3597,075010,499,7,0,0
3598,075000,507,7,0,0
3599,075010,518,7,0,0
3600,075000,485,7,0,0
3601,075010,499,7,0,0
3602,075000,507,7,0,0
3603,075010,507,7,0,0
3604,075000,501,7,0,0
3605,075010,501,7,0,0
3606,075000,511,7,0,0
3607,075010,523,7,0,0
3608,075000,485,7,0,0
3609,075010,497,7,0,0
3610,075000,507,7,0,0
3611,075010,507,7,0,0
3612,075000,501,7,0,0
3613,075010,501,7,0,0
3614,075000,511,7,0,0
3615,075010,523,7,0,0
3616,075000,485,7,0,0
3617,075010,497,7,0,0
3618,075000,507,7,0,0
3619,075010,507,7,0,0
3620,075000,501,7,0,0
3621,075010,501,7,0,0
3622,075000,511,7,0,0
3623,075010,523,7,0,0
3624,075000,490,7,0,0
3625,075010,508,7,0,0
3626,075000,515,7,0,0
3627,075010,513,7,0,0
3628,075000,509,7,0,0
3629,075010,510,7,0,0
3630,075000,519,7,0,0
3631,075010,532,7,0,0
3632,075000,490,7,0,0
3633,075010,507,7,0,0
3634,075000,515,7,0,0
3635,075010,514,7,0,0
3636,075000,508,7,0,0
3637,075010,511,7,0,0
3638,075000,519,7,0,0
3639,075010,530,7,0,0
3640,075000,492,7,0,0
3641,075010,507,7,0,0
3642,075000,515,7,0,0
3643,075010,514,7,0,0
3644,075000,508,7,0,0
3645,075010,511,7,0,0
3646,075000,519,7,0,0
3647,075010,530,7,0,0
3648,075000,516,7,0,0
3649,075010,532,7,0,0
3650,075000,539,7,0,0
3651,075010,537,7,0,0
3652,075000,533,7,0,0
3653,075010,534,7,0,0
3654,075000,543,7,0,0
3655,075010,556,7,0,0
3656,075000,514,7,0,0
3657,075010,532,7,0,0
3658,075000,539,7,0,0
3659,075010,537,7,0,0
3660,075000,533,7,0,0
3661,075010,534,7,0,0
3662,075000,543,7,0,0
3663,075010,556,7,0,0
3664,075000,514,7,0,0
3665,075010,532,7,0,0
3666,075000,539,7,0,0
3667,075010,537,7,0,0
3668,075000,533,7,0,0
3669,075010,534,7,0,0
3670,075000,543,7,0,0
3671,075010,556,7,0,0
3672,075000,521,7,0,0
3673,075010,536,7,0,0
3674,075000,547,7,0,0
3675,075010,544,7,0,0
3676,075000,538,7,0,0
3677,075010,540,7,0,0
3678,075000,547,7,0,0
3679,075010,561,7,0,0
3680,075000,521,7,0,0
3681,075010,538,7,0,0
3682,075000,547,7,0,0
3683,075010,544,7,0,0
3684,075000,538,7,0,0
3685,075010,540,7,0,0
3686,075000,547,7,0,0
3687,075010,561,7,0,0
3688,075000,521,7,0,0
3689,075010,538,7,0,0
3690,075000,547,7,0,0
3691,075010,544,7,0,0
3692,075000,538,7,0,0
3693,075010,540,7,0,0
3694,075000,547,7,0,0
3695,075010,561,7,0,0
3696,075000,339,7,0,0
3697,075010,345,7,0,0
3698,075000,355,7,0,0
3699,075010,359,7,0,0
3700,075000,347,7,0,0
3701,075010,357,7,0,0
3702,075000,365,7,0,0
3703,075010,369,7,0,0
3704,075000,339,7,0,0
3705,075010,345,7,0,0
3706,075000,355,7,0,0
3707,075010,359,7,0,0
3708,075000,347,7,0,0
3709,075010,357,7,0,0
3710,075000,365,7,0,0
3711,075010,369,7,0,0
3712,075000,339,7,0,0
3713,075010,345,7,0,0
3714,075000,355,7,0,0
3715,075010,359,7,0,0
3716,075000,347,7,0,0
3717,075010,357,7,0,0
3718,075000,365,7,0,0
3719,075010,369,7,0,0
3720,075000,339,7,0,0
3721,075010,345,7,0,0
3722,075000,355,7,0,0
3723,075010,359,7,0,0
3724,075000,347,7,0,0
3725,075010,357,7,0,0
3726,075000,365,7,0,0
3727,075010,369,7,0,0
3728,075000,339,7,0,0
3729,075010,345,7,0,0
3730,075000,355,7,0,0
3731,075010,359,7,0,0
3732,075000,347,7,0,0
3733,075010,357,7,0,0
3734,075000,365,7,0,0
3735,075010,369,7,0,0
3736,075000,339,7,0,0
3737,075010,345,7,0,0
3738,075000,355,7,0,0
3739,075010,359,7,0,0
3740,075000,347,7,0,0
3741,075010,357,7,0,0
3742,075000,365,7,0,0
3743,075010,369,7,0,0
3744,075000,348,7,0,0
3745,075010,363,7,0,0
3746,075000,371,7,0,0
3747,075010,370,7,0,0
3748,075000,364,7,0,0
3749,075010,367,7,0,0
3750,075000,375,7,0,0
3751,075010,386,7,0,0
3752,075000,348,7,0,0
3753,075010,363,7,0,0
3754,075000,371,7,0,0
3755,075010,370,7,0,0
3756,075000,364,7,0,0
3757,075010,367,7,0,0
3758,075000,375,7,0,0
3759,075010,386,7,0,0
3760,075000,349,7,0,0
3761,075010,494,7,0,0
3762,075000,503,7,0,0
3763,075010,372,7,0,0
3764,075000,494,7,0,0
3765,075010,368,7,0,0
3766,075000,375,7,0,0
3767,075010,517,7,0,0
3768,075000,353,7,0,0
3769,075010,367,7,0,0
3770,075000,375,7,0,0
3771,075010,375,7,0,0
3772,075000,369,7,0,0
3773,075010,369,7,0,0
3774,075000,379,7,0,0
3775,075010,391,7,0,0
3776,075000,353,7,0,0
3777,075010,365,7,0,0
3778,075000,375,7,0,0
3779,075010,375,7,0,0
3780,075000,369,7,0,0
3781,075010,369,7,0,0
3782,075000,379,7,0,0
3783,075010,391,7,0,0
3784,075000,353,7,0,0
3785,075010,365,7,0,0
3786,075000,375,7,0,0
3787,075010,375,7,0,0
3788,075000,369,7,0,0
3789,075010,369,7,0,0
3790,075000,379,7,0,0
3791,075010,391,7,0,0
3792,075000,478,7,0,0
3793,075010,488,7,0,0
3794,075000,495,7,0,0
3795,075010,501,7,0,0
3796,075000,489,7,0,0
3797,075010,498,7,0,0
3798,075000,507,7,0,0
3799,075010,512,7,0,0
3800,075000,478,7,0,0
3801,075010,496,7,0,0
3802,075000,503,7,0,0
3803,075010,501,7,0,0
3804,075000,497,7,0,0
3805,075010,498,7,0,0
3806,075000,507,7,0,0
3807,075010,520,7,0,0
3808,075000,478,7,0,0
3809,075010,495,7,0,0
3810,075000,503,7,0,0
3811,075010,502,7,0,0
3812,075000,496,7,0,0
3813,075010,499,7,0,0
3814,075000,507,7,0,0
3815,075010,518,7,0,0
3816,075000,485,7,0,0
3817,075010,494,7,0,0
3818,075000,503,7,0,0
3819,075010,508,7,0,0
3820,075000,494,7,0,0
3821,075010,504,7,0,0
3822,075000,511,7,0,0
3823,075010,517,7,0,0
3824,075000,485,7,0,0
3825,075010,494,7,0,0
3826,075000,503,7,0,0
3827,075010,508,7,0,0
3828,075000,494,7,0,0
3829,075010,504,7,0,0
3830,075000,511,7,0,0
3831,075010,517,7,0,0
3832,075000,485,7,0,0
3833,075010,494,7,0,0
3834,075000,503,7,0,0
3835,075010,508,7,0,0
3836,075000,494,7,0,0
3837,075010,504,7,0,0
3838,075000,511,7,0,0
3839,075010,517,7,0,0
3840,075000,492,7,0,0
3841,075010,500,7,0,0
3842,075000,507,7,0,0
3843,075010,513,7,0,0
3844,075000,501,7,0,0
3845,075010,510,7,0,0
3846,075000,519,7,0,0
3847,075010,524,7,0,0
3848,075000,490,7,0,0
3849,075010,500,7,0,0
3850,075000,507,7,0,0
3851,075010,513,7,0,0
3852,075000,501,7,0,0
3853,075010,510,7,0,0
3854,075000,519,7,0,0
3855,075010,524,7,0,0
3856,075000,490,7,0,0
3857,075010,500,7,0,0
3858,075000,507,7,0,0
3859,075010,513,7,0,0
3860,075000,501,7,0,0
3861,075010,510,7,0,0
3862,075000,519,7,0,0
3863,075010,524,7,0,0
3864,075000,514,7,0,0
3865,075010,524,7,0,0
3866,075000,531,7,0,0
3867,075010,537,7,0,0
3868,075000,525,7,0,0
3869,075010,534,7,0,0
3870,075000,543,7,0,0
3871,075010,548,7,0,0
3872,075000,514,7,0,0
3873,075010,524,7,0,0
3874,075000,531,7,0,0
3875,075010,537,7,0,0
3876,075000,525,7,0,0
3877,075010,534,7,0,0
3878,075000,543,7,0,0
3879,075010,548,7,0,0
3880,075000,514,7,0,0
3881,075010,524,7,0,0
3882,075000,531,7,0,0
3883,075010,537,7,0,0
3884,075000,525,7,0,0
3885,075010,534,7,0,0
3886,075000,543,7,0,0
3887,075010,548,7,0,0
3888,075000,521,7,0,0
3889,075010,528,7,0,0
3890,075000,539,7,0,0
3891,075010,544,7,0,0
3892,075000,530,7,0,0
3893,075010,540,7,0,0
3894,075000,547,7,0,0
3895,075010,553,7,0,0
3896,075000,521,7,0,0
3897,075010,530,7,0,0
3898,075000,539,7,0,0
3899,075010,544,7,0,0
3900,075000,530,7,0,0
3901,075010,540,7,0,0
3902,075000,547,7,0,0
3903,075010,553,7,0,0
3904,075000,521,7,0,0
3905,075010,530,7,0,0
3906,075000,539,7,0,0
3907,075010,544,7,0,0
3908,075000,530,7,0,0
3909,075010,540,7,0,0
3910,075000,547,7,0,0
3911,075010,553,7,0,0
3912,075000,339,7,0,0
3913,075010,345,7,0,0
3914,075000,355,7,0,0
3915,075010,359,7,0,0
3916,075000,347,7,0,0
3917,075010,357,7,0,0
3918,075000,365,7,0,0
3919,075010,369,7,0,0
3920,075000,339,7,0,0
3921,075010,345,7,0,0
3922,075000,355,7,0,0
3923,075010,359,7,0,0
3924,075000,347,7,0,0
3925,075010,357,7,0,0
3926,075000,365,7,0,0
3927,075010,369,7,0,0
3928,075000,339,7,0,0
3929,075010,345,7,0,0
3930,075000,355,7,0,0
3931,075010,359,7,0,0
3932,075000,347,7,0,0
3933,075010,357,7,0,0
3934,075000,365,7,0,0
3935,075010,369,7,0,0
3936,075000,339,7,0,0
3937,075010,345,7,0,0
3938,075000,355,7,0,0
3939,075010,359,7,0,0
3940,075000,347,7,0,0
3941,075010,357,7,0,0
3942,075000,365,7,0,0
3943,075010,369,7,0,0
3944,075000,339,7,0,0
3945,075010,345,7,0,0
3946,075000,355,7,0,0
3947,075010,359,7,0,0
3948,075000,347,7,0,0
3949,075010,357,7,0,0
3950,075000,365,7,0,0
3951,075010,369,7,0,0
3952,075000,339,7,0,0
3953,075010,345,7,0,0
3954,075000,355,7,0,0
3955,075010,359,7,0,0
3956,075000,347,7,0,0
3957,075010,357,7,0,0
3958,075000,365,7,0,0
3959,075010,369,7,0,0
3960,075000,349,7,0,0
3961,075010,355,7,0,0
3962,075000,363,7,0,0
3963,075010,371,7,0,0
3964,075000,357,7,0,0
3965,075010,365,7,0,0
3966,075000,375,7,0,0
3967,075010,379,7,0,0
3968,075000,349,7,0,0
3969,075010,353,7,0,0
3970,075000,363,7,0,0
3971,075010,371,7,0,0
3972,075000,357,7,0,0
3973,075010,365,7,0,0
3974,075000,375,7,0,0
3975,075010,379,7,0,0
3976,075000,349,7,0,0
3977,075010,360,7,0,0
3978,075000,371,7,0,0
3979,075010,372,7,0,0
3980,075000,362,7,0,0
3981,075010,368,7,0,0
3982,075000,375,7,0,0
3983,075010,385,7,0,0
3984,075000,356,7,0,0
3985,075010,363,7,0,0
3986,075000,371,7,0,0
3987,075010,378,7,0,0
3988,075000,364,7,0,0
3989,075010,375,7,0,0
3990,075000,383,7,0,0
3991,075010,386,7,0,0
3992,075000,356,7,0,0
3993,075010,363,7,0,0
3994,075000,371,7,0,0
3995,075010,378,7,0,0
3996,075000,364,7,0,0
3997,075010,375,7,0,0
3998,075000,383,7,0,0
3999,075010,386,7,0,0
4000,075000,356,7,0,0
4001,075010,363,7,0,0
4002,075000,371,7,0,0
4003,075010,378,7,0,0
4004,075000,364,7,0,0
4005,075010,375,7,0,0
4006,075000,383,7,0,0
4007,075010,386,7,0,0
4008,075000,481,7,0,0
4009,075010,487,7,0,0
4010,075000,495,7,0,0
4011,075010,503,7,0,0
4012,075000,489,7,0,0
4013,075010,497,7,0,0
4014,075000,507,7,0,0
4015,075010,511,7,0,0
4016,075000,481,7,0,0
4017,075010,485,7,0,0
4018,075000,495,7,0,0
4019,075010,503,7,0,0
4020,075000,489,7,0,0
4021,075010,497,7,0,0
4022,075000,507,7,0,0
4023,075010,511,7,0,0
4024,075000,481,7,0,0
4025,075010,485,7,0,0
4026,075000,495,7,0,0
4027,075010,503,7,0,0
4028,075000,489,7,0,0
4029,075010,497,7,0,0
4030,075000,507,7,0,0
4031,075010,511,7,0,0
4032,075000,486,7,0,0
4033,075010,495,7,0,0
4034,075000,503,7,0,0
4035,075010,510,7,0,0
4036,075000,496,7,0,0
4037,075010,507,7,0,0
4038,075000,515,7,0,0
4039,075010,518,7,0,0
4040,075000,488,7,0,0
4041,075010,495,7,0,0
4042,075000,503,7,0,0
4043,075010,510,7,0,0
4044,075000,496,7,0,0
4045,075010,507,7,0,0
4046,075000,515,7,0,0
4047,075010,518,7,0,0
4048,075000,488,7,0,0
4049,075010,495,7,0,0
4050,075000,503,7,0,0
4051,075010,510,7,0,0
4052,075000,496,7,0,0
4053,075010,507,7,0,0
4054,075000,515,7,0,0
4055,075010,518,7,0,0
4056,075000,492,7,0,0
4057,075010,500,7,0,0
4058,075000,507,7,0,0
4059,075010,513,7,0,0
4060,075000,501,7,0,0
4061,075010,510,7,0,0
4062,075000,519,7,0,0
4063,075010,524,7,0,0
4064,075000,490,7,0,0
4065,075010,500,7,0,0
4066,075000,507,7,0,0
4067,075010,513,7,0,0
4068,075000,501,7,0,0
4069,075010,510,7,0,0
4070,075000,519,7,0,0
4071,075010,524,7,0,0
4072,075000,490,7,0,0
4073,075010,500,7,0,0
4074,075000,507,7,0,0
4075,075010,513,7,0,0
4076,075000,501,7,0,0
4077,075010,510,7,0,0
4078,075000,519,7,0,0
4079,075010,524,7,0,0
4080,075000,514,7,0,0
4081,075010,524,7,0,0
4082,075000,531,7,0,0
4083,075010,537,7,0,0
4084,075000,525,7,0,0
4085,075010,534,7,0,0
4086,075000,543,7,0,0
4087,075010,548,7,0,0
4088,075000,514,7,0,0
4089,075010,524,7,0,0
4090,075000,531,7,0,0
4091,075010,537,7,0,0
4092,075000,525,7,0,0
4093,075010,534,7,0,0
4094,075000,543,7,0,0
4095,075010,548,7,0,0
4096,075000,514,7,0,0
4097,075010,524,7,0,0
4098,075000,531,7,0,0
4099,075010,537,7,0,0
4100,075000,525,7,0,0
4101,075010,534,7,0,0
4102,075000,543,7,0,0
4103,075010,548,7,0,0
4104,075000,521,7,0,0
4105,075010,528,7,0,0
4106,075000,539,7,0,0
4107,075010,544,7,0,0
4108,075000,530,7,0,0
4109,075010,540,7,0,0
4110,075000,547,7,0,0
4111,075010,553,7,0,0
4112,075000,521,7,0,0
4113,075010,530,7,0,0
4114,075000,539,7,0,0
4115,075010,544,7,0,0
4116,075000,530,7,0,0
4117,075010,540,7,0,0
4118,075000,547,7,0,0
4119,075010,553,7,0,0
4120,075000,521,7,0,0
4121,075010,530,7,0,0
4122,075000,539,7,0,0
4123,075010,544,7,0,0
4124,075000,530,7,0,0
4125,075010,540,7,0,0
4126,075000,547,7,0,0
4127,075010,553,7,0,0
4128,075000,339,7,0,0
4129,075010,345,7,0,0
4130,075000,355,7,0,0
4131,075010,359,7,0,0
4132,075000,347,7,0,0
4133,075010,357,7,0,0
4134,075000,365,7,0,0
4135,075010,369,7,0,0
4136,075000,339,7,0,0
4137,075010,345,7,0,0
4138,075000,355,7,0,0
4139,075010,359,7,0,0
4140,075000,347,7,0,0
4141,075010,357,7,0,0
4142,075000,365,7,0,0
4143,075010,369,7,0,0
4144,075000,339,7,0,0
4145,075010,345,7,0,0
4146,075000,355,7,0,0
4147,075010,359,7,0,0
4148,075000,347,7,0,0
4149,075010,357,7,0,0
4150,075000,365,7,0,0
4151,075010,369,7,0,0
4152,075000,339,7,0,0
4153,075010,345,7,0,0
4154,075000,355,7,0,0
4155,075010,359,7,0,0
4156,075000,347,7,0,0
4157,075010,357,7,0,0
4158,075000,365,7,0,0
4159,075010,369,7,0,0
4160,075000,339,7,0,0
4161,075010,345,7,0,0
4162,075000,355,7,0,0
4163,075010,359,7,0,0
4164,075000,347,7,0,0
4165,075010,357,7,0,0
4166,075000,365,7,0,0
4167,075010,369,7,0,0
4168,075000,339,7,0,0
4169,075010,345,7,0,0
4170,075000,355,7,0,0
4171,075010,359,7,0,0
4172,075000,347,7,0,0
4173,075010,357,7,0,0
4174,075000,365,7,0,0
4175,075010,369,7,0,0
4176,075000,348,7,0,0
4177,075010,363,7,0,0
4178,075000,371,7,0,0
4179,075010,370,7,0,0
4180,075000,364,7,0,0
4181,075010,367,7,0,0
4182,075000,375,7,0,0
4183,075010,386,7,0,0
4184,075000,348,7,0,0
4185,075010,368,7,0,0
4186,075000,375,7,0,0
4187,075010,369,7,0,0
4188,075000,369,7,0,0
4189,075010,366,7,0,0
4190,075000,375,7,0,0
4191,075010,392,7,0,0
4192,075000,349,7,0,0
4193,075010,497,7,0,0
4194,075000,507,7,0,0
4195,075010,371,7,0,0
4196,075000,501,7,0,0
4197,075010,365,7,0,0
4198,075000,375,7,0,0
4199,075010,523,7,0,0
4200,075000,353,7,0,0
4201,075010,365,7,0,0
4202,075000,375,7,0,0
4203,075010,375,7,0,0
4204,075000,369,7,0,0
4205,075010,369,7,0,0
4206,075000,379,7,0,0
4207,075010,391,7,0,0
4208,075000,353,7,0,0
4209,075010,365,7,0,0
4210,075000,375,7,0,0
4211,075010,375,7,0,0
4212,075000,369,7,0,0
4213,075010,369,7,0,0
4214,075000,379,7,0,0
4215,075010,391,7,0,0
4216,075000,353,7,0,0
4217,075010,365,7,0,0
4218,075000,375,7,0,0
4219,075010,375,7,0,0
4220,075000,369,7,0,0
4221,075010,369,7,0,0
4222,075000,379,7,0,0
4223,075010,391,7,0,0
4224,075000,478,7,0,0
4225,075010,495,7,0,0
4226,075000,503,7,0,0
4227,075010,502,7,0,0
4228,075000,496,7,0,0
4229,075010,499,7,0,0
4230,075000,507,7,0,0
4231,075010,518,7,0,0
4232,075000,480,7,0,0
4233,075010,495,7,0,0
4234,075000,503,7,0,0
4235,075010,502,7,0,0
4236,075000,496,7,0,0
4237,075010,499,7,0,0
4238,075000,507,7,0,0
4239,075010,518,7,0,0
4240,075000,480,7,0,0
4241,075010,495,7,0,0
4242,075000,503,7,0,0
4243,075010,502,7,0,0
4244,075000,496,7,0,0
4245,075010,499,7,0,0
4246,075000,507,7,0,0
4247,075010,518,7,0,0
4248,075000,485,7,0,0
4249,075010,499,7,0,0
4250,075000,507,7,0,0
4251,075010,507,7,0,0
4252,075000,501,7,0,0
4253,075010,501,7,0,0
4254,075000,511,7,0,0
4255,075010,523,7,0,0
4256,075000,485,7,0,0
4257,075010,497,7,0,0
4258,075000,507,7,0,0
4259,075010,507,7,0,0
4260,075000,501,7,0,0
4261,075010,501,7,0,0
4262,075000,511,7,0,0
4263,075010,523,7,0,0
4264,075000,485,7,0,0
4265,075010,497,7,0,0
4266,075000,507,7,0,0
4267,075010,507,7,0,0
4268,075000,501,7,0,0
4269,075010,501,7,0,0
4270,075000,511,7,0,0
4271,075010,523,7,0,0
4272,075000,490,7,0,0
4273,075010,508,7,0,0
4274,075000,515,7,0,0
4275,075010,513,7,0,0
4276,075000,509,7,0,0
4277,075010,510,7,0,0
4278,075000,519,7,0,0
4279,075010,532,7,0,0
4280,075000,490,7,0,0
4281,075010,507,7,0,0
4282,075000,515,7,0,0
4283,075010,514,7,0,0
4284,075000,508,7,0,0
4285,075010,511,7,0,0
4286,075000,519,7,0,0
4287,075010,530,7,0,0
4288,075000,492,7,0,0
4289,075010,507,7,0,0
4290,075000,515,7,0,0
4291,075010,514,7,0,0
4292,075000,508,7,0,0
4293,075010,511,7,0,0
4294,075000,519,7,0,0
4295,075010,530,7,0,0
4296,075000,516,7,0,0
4297,075010,532,7,0,0
4298,075000,539,7,0,0
4299,075010,537,7,0,0
4300,075000,533,7,0,0
4301,075010,534,7,0,0
4302,075000,543,7,0,0
4303,075010,556,7,0,0
4304,075000,514,7,0,0
4305,075010,532,7,0,0
4306,075000,539,7,0,0
4307,075010,537,7,0,0
4308,075000,533,7,0,0
4309,075010,534,7,0,0
4310,075000,543,7,0,0
4311,075010,556,7,0,0
4312,075000,514,7,0,0
4313,075010,532,7,0,0
4314,075000,539,7,0,0
4315,075010,537,7,0,0
4316,075000,533,7,0,0
4317,075010,534,7,0,0
4318,075000,543,7,0,0
4319,075010,556,7,0,0
4320,075000,521,7,0,0
4321,075010,536,7,0,0
4322,075000,547,7,0,0
4323,075010,544,7,0,0
4324,075000,538,7,0,0
4325,075010,540,7,0,0
4326,075000,547,7,0,0
4327,075010,561,7,0,0
4328,075000,521,7,0,0
4329,075010,538,7,0,0
4330,075000,547,7,0,0
4331,075010,544,7,0,0
4332,075000,538,7,0,0
4333,075010,540,7,0,0
4334,075000,547,7,0,0
4335,075010,561,7,0,0
4336,075000,521,7,0,0
4337,075010,538,7,0,0
4338,075000,547,7,0,0
4339,075010,544,7,0,0
4340,075000,538,7,0,0
4341,075010,540,7,0,0
4342,075000,547,7,0,0
4343,075010,561,7,0,0
4344,075000,339,7,0,0
4345,075010,345,7,0,0
4346,075000,355,7,0,0
4347,075010,359,7,0,0
4348,075000,347,7,0,0
4349,075010,357,7,0,0
4350,075000,365,7,0,0
4351,075010,369,7,0,0
4352,075000,339,7,0,0
4353,075010,345,7,0,0
4354,075000,355,7,0,0
4355,075010,359,7,0,0
4356,075000,347,7,0,0
4357,075010,357,7,0,0
4358,075000,365,7,0,0
4359,075010,369,7,0,0
4360,075000,339,7,0,0
4361,075010,345,7,0,0
4362,075000,355,7,0,0
4363,075010,359,7,0,0
4364,075000,347,7,0,0
4365,075010,357,7,0,0
4366,075000,365,7,0,0
4367,075010,369,7,0,0
4368,075000,339,7,0,0
4369,075010,345,7,0,0
4370,075000,355,7,0,0
4371,075010,359,7,0,0
4372,075000,347,7,0,0
4373,075010,357,7,0,0
4374,075000,365,7,0,0
4375,075010,369,7,0,0
4376,075000,339,7,0,0
4377,075010,345,7,0,0
4378,075000,355,7,0,0
4379,075010,359,7,0,0
4380,075000,347,7,0,0
4381,075010,357,7,0,0
4382,075000,365,7,0,0
4383,075010,369,7,0,0
4384,075000,339,7,0,0
4385,075010,345,7,0,0
4386,075000,355,7,0,0
4387,075010,359,7,0,0
4388,075000,347,7,0,0
4389,075010,357,7,0,0
4390,075000,365,7,0,0
4391,075010,369,7,0,0
4392,075000,348,7,0,0
4393,075010,363,7,0,0
4394,075000,371,7,0,0
4395,075010,370,7,0,0
4396,075000,364,7,0,0
4397,075010,367,7,0,0
4398,075000,375,7,0,0
4399,075010,386,7,0,0
4400,075000,348,7,0,0
4401,075010,363,7,0,0
4402,075000,371,7,0,0
4403,075010,370,7,0,0
4404,075000,364,7,0,0
4405,075010,367,7,0,0
4406,075000,375,7,0,0
4407,075010,386,7,0,0
4408,075000,349,7,0,0
4409,075010,494,7,0,0
4410,075000,503,7,0,0
4411,075010,372,7,0,0
4412,075000,494,7,0,0
4413,075010,368,7,0,0
4414,075000,375,7,0,0
4415,075010,517,7,0,0
4416,075000,353,7,0,0
4417,075010,367,7,0,0
4418,075000,375,7,0,0
4419,075010,375,7,0,0
4420,075000,369,7,0,0
4421,075010,369,7,0,0
4422,075000,379,7,0,0
4423,075010,391,7,0,0
4424,075000,353,7,0,0
4425,075010,365,7,0,0
4426,075000,375,7,0,0
4427,075010,375,7,0,0
4428,075000,369,7,0,0
4429,075010,369,7,0,0
4430,075000,379,7,0,0
4431,075010,391,7,0,0
4432,075000,353,7,0,0
4433,075010,365,7,0,0
4434,075000,375,7,0,0
4435,075010,375,7,0,0
4436,075000,369,7,0,0
4437,075010,369,7,0,0
4438,075000,379,7,0,0
4439,075010,391,7,0,0
4440,075000,478,7,0,0
4441,075010,488,7,0,0
4442,075000,495,7,0,0
4443,075010,501,7,0,0
4444,075000,489,7,0,0
4445,075010,498,7,0,0
4446,075000,507,7,0,0
4447,075010,512,7,0,0
4448,075000,478,7,0,0
4449,075010,496,7,0,0
4450,075000,503,7,0,0
4451,075010,501,7,0,0
4452,075000,497,7,0,0
4453,075010,498,7,0,0
4454,075000,507,7,0,0
4455,075010,520,7,0,0
4456,075000,478,7,0,0
4457,075010,495,7,0,0
4458,075000,503,7,0,0
4459,075010,502,7,0,0
4460,075000,496,7,0,0
4461,075010,499,7,0,0
4462,075000,507,7,0,0
4463,075010,518,7,0,0
4464,075000,485,7,0,0
4465,075010,494,7,0,0
4466,075000,503,7,0,0
4467,075010,508,7,0,0
4468,075000,494,7,0,0
4469,075010,504,7,0,0
4470,075000,511,7,0,0
4471,075010,517,7,0,0
4472,075000,485,7,0,0
4473,075010,494,7,0,0
4474,075000,503,7,0,0
4475,075010,508,7,0,0
4476,075000,494,7,0,0
4477,075010,504,7,0,0
4478,075000,511,7,0,0
4479,075010,517,7,0,0
4480,075000,485,7,0,0
4481,075010,494,7,0,0
4482,075000,503,7,0,0
4483,075010,508,7,0,0
4484,075000,494,7,0,0
4485,075010,504,7,0,0
4486,075000,511,7,0,0
4487,075010,517,7,0,0
4488,075000,492,7,0,0
4489,075010,500,7,0,0
4490,075000,507,7,0,0
4491,075010,513,7,0,0
4492,075000,501,7,0,0
4493,075010,510,7,0,0
4494,075000,519,7,0,0
4495,075010,524,7,0,0
4496,075000,490,7,0,0
4497,075010,500,7,0,0
4498,075000,507,7,0,0
4499,075010,513,7,0,0
4500,075000,501,7,0,0
4501,075010,510,7,0,0
4502,075000,519,7,0,0
4503,075010,524,7,0,0
4504,075000,490,7,0,0
4505,075010,500,7,0,0
4506,075000,507,7,0,0
4507,075010,513,7,0,0
4508,075000,501,7,0,0
4509,075010,510,7,0,0
4510,075000,519,7,0,0
4511,075010,524,7,0,0
4512,075000,514,7,0,0
4513,075010,524,7,0,0
4514,075000,531,7,0,0
4515,075010,537,7,0,0
4516,075000,525,7,0,0
4517,075010,534,7,0,0
4518,075000,543,7,0,0
4519,075010,548,7,0,0
4520,075000,514,7,0,0
4521,075010,524,7,0,0
4522,075000,531,7,0,0
4523,075010,537,7,0,0
4524,075000,525,7,0,0
4525,075010,534,7,0,0
4526,075000,543,7,0,0
4527,075010,548,7,0,0
4528,075000,514,7,0,0
4529,075010,524,7,0,0
4530,075000,531,7,0,0
4531,075010,537,7,0,0
4532,075000,525,7,0,0
4533,075010,534,7,0,0
4534,075000,543,7,0,0
4535,075010,548,7,0,0
4536,075000,521,7,0,0
4537,075010,528,7,0,0
4538,075000,539,7,0,0
4539,075010,544,7,0,0
4540,075000,530,7,0,0
4541,075010,540,7,0,0
4542,075000,547,7,0,0
4543,075010,553,7,0,0
4544,075000,521,7,0,0
4545,075010,530,7,0,0
4546,075000,539,7,0,0
4547,075010,544,7,0,0
4548,075000,530,7,0,0
4549,075010,540,7,0,0
4550,075000,547,7,0,0
4551,075010,553,7,0,0
4552,075000,521,7,0,0
4553,075010,530,7,0,0
4554,075000,539,7,0,0
4555,075010,544,7,0,0
4556,075000,530,7,0,0
4557,075010,540,7,0,0
4558,075000,547,7,0,0
4559,075010,553,7,0,0
4560,075000,339,7,0,0
4561,075010,345,7,0,0
4562,075000,355,7,0,0
4563,075010,359,7,0,0
4564,075000,347,7,0,0
4565,075010,357,7,0,0
4566,075000,365,7,0,0
4567,075010,369,7,0,0
4568,075000,339,7,0,0
4569,075010,345,7,0,0
4570,075000,355,7,0,0
4571,075010,359,7,0,0
4572,075000,347,7,0,0
4573,075010,357,7,0,0
4574,075000,365,7,0,0
4575,075010,369,7,0,0
4576,075000,339,7,0,0
4577,075010,345,7,0,0
4578,075000,355,7,0,0
4579,075010,359,7,0,0
4580,075000,347,7,0,0
4581,075010,357,7,0,0
4582,075000,365,7,0,0
4583,075010,369,7,0,0
4584,075000,339,7,0,0
4585,075010,345,7,0,0
4586,075000,355,7,0,0
4587,075010,359,7,0,0
4588,075000,347,7,0,0
4589,075010,357,7,0,0
4590,075000,365,7,0,0
4591,075010,369,7,0,0
4592,075000,339,7,0,0
4593,075010,345,7,0,0
4594,075000,355,7,0,0
4595,075010,359,7,0,0
4596,075000,347,7,0,0
4597,075010,357,7,0,0
4598,075000,365,7,0,0
4599,075010,369,7,0,0
4600,075000,339,7,0,0
4601,075010,345,7,0,0
4602,075000,355,7,0,0
4603,075010,359,7,0,0
4604,075000,347,7,0,0
4605,075010,357,7,0,0
4606,075000,365,7,0,0
4607,075010,369,7,0,0
4608,075000,349,7,0,0
4609,075010,355,7,0,0
4610,075000,363,7,0,0
4611,075010,371,7,0,0
4612,075000,357,7,0,0
4613,075010,365,7,0,0
4614,075000,375,7,0,0
4615,075010,379,7,0,0
4616,075000,349,7,0,0
4617,075010,353,7,0,0
4618,075000,363,7,0,0
4619,075010,371,7,0,0
4620,075000,357,7,0,0
4621,075010,365,7,0,0
4622,075000,375,7,0,0
4623,075010,379,7,0,0
4624,075000,349,7,0,0
4625,075010,360,7,0,0
4626,075000,371,7,0,0
4627,075010,372,7,0,0
4628,075000,362,7,0,0
4629,075010,368,7,0,0
4630,075000,375,7,0,0
4631,075010,385,7,0,0
4632,075000,356,7,0,0
4633,075010,363,7,0,0
4634,075000,371,7,0,0
4635,075010,378,7,0,0
4636,075000,364,7,0,0
4637,075010,375,7,0,0
4638,075000,383,7,0,0
4639,075010,386,7,0,0
4640,075000,356,7,0,0
4641,075010,363,7,0,0
4642,075000,371,7,0,0
4643,075010,378,7,0,0
4644,075000,364,7,0,0
4645,075010,375,7,0,0
4646,075000,383,7,0,0
4647,075010,386,7,0,0
4648,075000,356,7,0,0
4649,075010,363,7,0,0
4650,075000,371,7,0,0
4651,075010,378,7,0,0
4652,075000,364,7,0,0
4653,075010,375,7,0,0
4654,075000,383,7,0,0
4655,075010,386,7,0,0
4656,075000,481,7,0,0
4657,075010,487,7,0,0
4658,075000,495,7,0,0
4659,075010,503,7,0,0
4660,075000,489,7,0,0
4661,075010,497,7,0,0
4662,075000,507,7,0,0
4663,075010,511,7,0,0
4664,075000,481,7,0,0
4665,075010,485,7,0,0
4666,075000,495,7,0,0
4667,075010,503,7,0,0
4668,075000,489,7,0,0
4669,075010,497,7,0,0
4670,075000,507,7,0,0
4671,075010,511,7,0,0
4672,075000,481,7,0,0
4673,075010,485,7,0,0
4674,075000,495,7,0,0
4675,075010,503,7,0,0
4676,075000,489,7,0,0
4677,075010,497,7,0,0
4678,075000,507,7,0,0
4679,075010,511,7,0,0
4680,075000,486,7,0,0
4681,075010,495,7,0,0
4682,075000,503,7,0,0
4683,075010,510,7,0,0
4684,075000,496,7,0,0
4685,075010,507,7,0,0
4686,075000,515,7,0,0
4687,075010,518,7,0,0
4688,075000,488,7,0,0
4689,075010,495,7,0,0
4690,075000,503,7,0,0
4691,075010,510,7,0,0
4692,075000,496,7,0,0
4693,075010,507,7,0,0
4694,075000,515,7,0,0
4695,075010,518,7,0,0
4696,075000,488,7,0,0
4697,075010,495,7,0,0
4698,075000,503,7,0,0
4699,075010,510,7,0,0
4700,075000,496,7,0,0
4701,075010,507,7,0,0
4702,075000,515,7,0,0
4703,075010,518,7,0,0
4704,075000,492,7,0,0
4705,075010,500,7,0,0
4706,075000,507,7,0,0
4707,075010,513,7,0,0
4708,075000,501,7,0,0
4709,075010,510,7,0,0
4710,075000,519,7,0,0
4711,075010,524,7,0,0
4712,075000,490,7,0,0
4713,075010,500,7,0,0
4714,075000,507,7,0,0
4715,075010,513,7,0,0
4716,075000,501,7,0,0
4717,075010,510,7,0,0
4718,075000,519,7,0,0
4719,075010,524,7,0,0
4720,075000,490,7,0,0
4721,075010,500,7,0,0
4722,075000,507,7,0,0
4723,075010,513,7,0,0
4724,075000,501,7,0,0
4725,075010,510,7,0,0
4726,075000,519,7,0,0
4727,075010,524,7,0,0
4728,075000,514,7,0,0
4729,075010,524,7,0,0
4730,075000,531,7,0,0
4731,075010,537,7,0,0
4732,075000,525,7,0,0
4733,075010,534,7,0,0
4734,075000,543,7,0,0
4735,075010,548,7,0,0
4736,075000,514,7,0,0
4737,075010,524,7,0,0
4738,075000,531,7,0,0
4739,075010,537,7,0,0
4740,075000,525,7,0,0
4741,075010,534,7,0,0
4742,075000,543,7,0,0
4743,075010,548,7,0,0
4744,075000,514,7,0,0
4745,075010,524,7,0,0
4746,075000,531,7,0,0
4747,075010,537,7,0,0
4748,075000,525,7,0,0
4749,075010,534,7,0,0
4750,075000,543,7,0,0
4751,075010,548,7,0,0
4752,075000,521,7,0,0
4753,075010,528,7,0,0
4754,075000,539,7,0,0
4755,075010,544,7,0,0
4756,075000,530,7,0,0
4757,075010,540,7,0,0
4758,075000,547,7,0,0
4759,075010,553,7,0,0
4760,075000,521,7,0,0
4761,075010,530,7,0,0
4762,075000,539,7,0,0
4763,075010,544,7,0,0
4764,075000,530,7,0,0
4765,075010,540,7,0,0
4766,075000,547,7,0,0
4767,075010,553,7,0,0
4768,075000,521,7,0,0
4769,075010,530,7,0,0
4770,075000,539,7,0,0
4771,075010,544,7,0,0
4772,075000,530,7,0,0
4773,075010,540,7,0,0
4774,075000,547,7,0,0
4775,075010,553,7,0,0
4776,075000,339,7,0,0
4777,075010,345,7,0,0
4778,075000,355,7,0,0
4779,075010,359,7,0,0
4780,075000,347,7,0,0
4781,075010,357,7,0,0
4782,075000,365,7,0,0
4783,075010,369,7,0,0
4784,075000,339,7,0,0
4785,075010,345,7,0,0
4786,075000,355,7,0,0
4787,075010,359,7,0,0
4788,075000,347,7,0,0
4789,075010,357,7,0,0
4790,075000,365,7,0,0
4791,075010,369,7,0,0
4792,075000,339,7,0,0
4793,075010,345,7,0,0
4794,075000,355,7,0,0
4795,075010,359,7,0,0
4796,075000,347,7,0,0
4797,075010,357,7,0,0
4798,075000,365,7,0,0
4799,075010,369,7,0,0
4800,075000,339,7,0,0
4801,075010,345,7,0,0
4802,075000,355,7,0,0
4803,075010,359,7,0,0
4804,075000,347,7,0,0
4805,075010,357,7,0,0
4806,075000,365,7,0,0
4807,075010,369,7,0,0
4808,075000,339,7,0,0
4809,075010,345,7,0,0
4810,075000,355,7,0,0
4811,075010,359,7,0,0
4812,075000,347,7,0,0
4813,075010,357,7,0,0
4814,075000,365,7,0,0
4815,075010,369,7,0,0
4816,075000,339,7,0,0
4817,075010,345,7,0,0
4818,075000,355,7,0,0
4819,075010,359,7,0,0
4820,075000,347,7,0,0
4821,075010,357,7,0,0
4822,075000,365,7,0,0
4823,075010,369,7,0,0
4824,075000,348,7,0,0
4825,075010,363,7,0,0
4826,075000,371,7,0,0
4827,075010,370,7,0,0
4828,075000,364,7,0,0
4829,075010,367,7,0,0
4830,075000,375,7,0,0
4831,075010,386,7,0,0
4832,075000,348,7,0,0
4833,075010,368,7,0,0
4834,075000,375,7,0,0
4835,075010,369,7,0,0
4836,075000,369,7,0,0
4837,075010,366,7,0,0
4838,075000,375,7,0,0
4839,075010,392,7,0,0
4840,075000,327,9,0,0
4841,075010,499,7,0,0
4842,075000,507,7,0,0
4843,075010,353,9,0,0
4844,075000,501,7,0,0
4845,075010,347,9,0,0
4846,075000,357,9,0,0
4847,075010,523,7,0,0
4848,075000,353,7,0,0
4849,075010,367,7,0,0
4850,075000,375,7,0,0
4851,075010,375,7,0,0
4852,075000,369,7,0,0
4853,075010,369,7,0,0
4854,075000,379,7,0,0
4855,075010,391,7,0,0
4856,075000,353,7,0,0
4857,075010,365,7,0,0
4858,075000,375,7,0,0
4859,075010,375,7,0,0
4860,075000,369,7,0,0
4861,075010,369,7,0,0
4862,075000,379,7,0,0
4863,075010,391,7,0,0
4864,075000,353,7,0,0
4865,075010,365,7,0,0
4866,075000,375,7,0,0
4867,075010,375,7,0,0
4868,075000,369,7,0,0
4869,075010,369,7,0,0
4870,075000,379,7,0,0
4871,075010,391,7,0,0
4872,075000,478,7,0,0
4873,075010,495,7,0,0
4874,075000,503,7,0,0
4875,075010,502,7,0,0
4876,075000,496,7,0,0
4877,075010,499,7,0,0
4878,075000,507,7,0,0
4879,075010,518,7,0,0
4880,075000,480,7,0,0
4881,075010,495,7,0,0
4882,075000,503,7,0,0
4883,075010,502,7,0,0
4884,075000,496,7,0,0
4885,075010,499,7,0,0
4886,075000,507,7,0,0
4887,075010,518,7,0,0
4888,075000,480,7,0,0
4889,075010,495,7,0,0
4890,075000,503,7,0,0
4891,075010,502,7,0,0
4892,075000,496,7,0,0
4893,075010,499,7,0,0
4894,075000,507,7,0,0
4895,075010,518,7,0,0
4896,075000,485,7,0,0
4897,075010,499,7,0,0
4898,075000,507,7,0,0
4899,075010,507,7,0,0
4900,075000,501,7,0,0
4901,075010,501,7,0,0
4902,075000,511,7,0,0
4903,075010,523,7,0,0
4904,075000,485,7,0,0
4905,075010,497,7,0,0
4906,075000,507,7,0,0
4907,075010,507,7,0,0
4908,075000,501,7,0,0
4909,075010,501,7,0,0
4910,075000,511,7,0,0
4911,075010,523,7,0,0
4912,075000,485,7,0,0
4913,075010,497,7,0,0
4914,075000,507,7,0,0
4915,075010,507,7,0,0
4916,075000,501,7,0,0
4917,075010,501,7,0,0
4918,075000,511,7,0,0
4919,075010,523,7,0,0
4920,075000,490,7,0,0
4921,075010,508,7,0,0
4922,075000,515,7,0,0
4923,075010,513,7,0,0
4924,075000,509,7,0,0
4925,075010,510,7,0,0
4926,075000,519,7,0,0
4927,075010,532,7,0,0
4928,075000,490,7,0,0
4929,075010,507,7,0,0
4930,075000,515,7,0,0
4931,075010,514,7,0,0
4932,075000,508,7,0,0
4933,075010,511,7,0,0
4934,075000,519,7,0,0
4935,075010,530,7,0,0
4936,075000,492,7,0,0
4937,075010,507,7,0,0
4938,075000,515,7,0,0
4939,075010,514,7,0,0
4940,075000,508,7,0,0
4941,075010,511,7,0,0
4942,075000,519,7,0,0
4943,075010,530,7,0,0
4944,075000,516,7,0,0
4945,075010,532,7,0,0
4946,075000,539,7,0,0
4947,075010,537,7,0,0
4948,075000,533,7,0,0
4949,075010,534,7,0,0
4950,075000,543,7,0,0
4951,075010,556,7,0,0
4952,075000,514,7,0,0
4953,075010,532,7,0,0
4954,075000,539,7,0,0
4955,075010,537,7,0,0
4956,075000,533,7,0,0
4957,075010,534,7,0,0
4958,075000,543,7,0,0
4959,075010,556,7,0,0
4960,075000,514,7,0,0
4961,075010,532,7,0,0
4962,075000,539,7,0,0
4963,075010,537,7,0,0
4964,075000,533,7,0,0
4965,075010,534,7,0,0
4966,075000,543,7,0,0
4967,075010,556,7,0,0
4968,075000,521,7,0,0
4969,075010,536,7,0,0
4970,075000,547,7,0,0
4971,075010,544,7,0,0
4972,075000,538,7,0,0
4973,075010,540,7,0,0
4974,075000,547,7,0,0
4975,075010,561,7,0,0
4976,075000,521,7,0,0
4977,075010,538,7,0,0
4978,075000,547,7,0,0
4979,075010,544,7,0,0
4980,075000,538,7,0,0
4981,075010,540,7,0,0
4982,075000,547,7,0,0
4983,075010,561,7,0,0
4984,075000,521,7,0,0
4985,075010,538,7,0,0
4986,075000,547,7,0,0
4987,075010,544,7,0,0
4988,075000,538,7,0,0
4989,075010,540,7,0,0
4990,075000,547,7,0,0
4991,075010,561,7,0,0
4992,075000,339,7,0,0
4993,075010,345,7,0,0
4994,075000,355,7,0,0
4995,075010,359,7,0,0
4996,075000,347,7,0,0
4997,075010,357,7,0,0
4998,075000,365,7,0,0
4999,075010,369,7,0,0
5000,075000,339,7,0,0
5001,075010,345,7,0,0
5002,075000,355,7,0,0
5003,075010,359,7,0,0
5004,075000,347,7,0,0
5005,075010,357,7,0,0
5006,075000,365,7,0,0
5007,075010,369,7,0,0
5008,075000,339,7,0,0
5009,075010,345,7,0,0
5010,075000,355,7,0,0
5011,075010,359,7,0,0
5012,075000,347,7,0,0
5013,075010,357,7,0,0
5014,075000,365,7,0,0
5015,075010,369,7,0,0
5016,075000,339,7,0,0
5017,075010,345,7,0,0
5018,075000,355,7,0,0
5019,075010,359,7,0,0
5020,075000,347,7,0,0
5021,075010,357,7,0,0
5022,075000,365,7,0,0
5023,075010,369,7,0,0
5024,075000,339,7,0,0
5025,075010,345,7,0,0
5026,075000,355,7,0,0
5027,075010,359,7,0,0
5028,075000,347,7,0,0
5029,075010,357,7,0,0
5030,075000,365,7,0,0
5031,075010,369,7,0,0
5032,075000,339,7,0,0
5033,075010,345,7,0,0
5034,075000,355,7,0,0
5035,075010,359,7,0,0
5036,075000,347,7,0,0
5037,075010,357,7,0,0
5038,075000,365,7,0,0
5039,075010,369,7,0,0
5040,075000,348,7,0,0
5041,075010,363,7,0,0
5042,075000,371,7,0,0
5043,075010,370,7,0,0
5044,075000,364,7,0,0
5045,075010,367,7,0,0
5046,075000,375,7,0,0
5047,075010,386,7,0,0
5048,075000,348,7,0,0
5049,075010,363,7,0,0
5050,075000,371,7,0,0
5051,075010,370,7,0,0
5052,075000,364,7,0,0
5053,075010,367,7,0,0
5054,075000,375,7,0,0
5055,075010,386,7,0,0
5056,075000,326,9,0,0
5057,075010,493,7,0,0
5058,075000,503,7,0,0
5059,075010,354,9,0,0
5060,075000,496,7,0,0
5061,075010,348,9,0,0
5062,075000,357,9,0,0
5063,075010,517,7,0,0
5064,075000,353,7,0,0
5065,075010,365,7,0,0
5066,075000,375,7,0,0
5067,075010,375,7,0,0
5068,075000,369,7,0,0
5069,075010,369,7,0,0
5070,075000,379,7,0,0
5071,075010,391,7,0,0
5072,075000,353,7,0,0
5073,075010,365,7,0,0
5074,075000,375,7,0,0
5075,075010,375,7,0,0
5076,075000,369,7,0,0
5077,075010,369,7,0,0
5078,075000,379,7,0,0
5079,075010,391,7,0,0
5080,075000,353,7,0,0
5081,075010,365,7,0,0
5082,075000,375,7,0,0
5083,075010,375,7,0,0
5084,075000,369,7,0,0
5085,075010,369,7,0,0
5086,075000,379,7,0,0
5087,075010,391,7,0,0
5088,075000,478,7,0,0
5089,075010,488,7,0,0
5090,075000,495,7,0,0
5091,075010,501,7,0,0
5092,075000,489,7,0,0
5093,075010,498,7,0,0
5094,075000,507,7,0,0
5095,075010,512,7,0,0
5096,075000,478,7,0,0
5097,075010,496,7,0,0
5098,075000,503,7,0,0
5099,075010,501,7,0,0
5100,075000,497,7,0,0
5101,075010,498,7,0,0
5102,075000,507,7,0,0
5103,075010,520,7,0,0
5104,075000,478,7,0,0
5105,075010,495,7,0,0
5106,075000,503,7,0,0
5107,075010,502,7,0,0
5108,075000,496,7,0,0
5109,075010,499,7,0,0
5110,075000,507,7,0,0
5111,075010,518,7,0,0
5112,075000,485,7,0,0
5113,075010,494,7,0,0
5114,075000,503,7,0,0
5115,075010,508,7,0,0
5116,075000,494,7,0,0
5117,075010,504,7,0,0
5118,075000,511,7,0,0
5119,075010,517,7,0,0
5120,075000,485,7,0,0
5121,075010,494,7,0,0
5122,075000,503,7,0,0
5123,075010,508,7,0,0
5124,075000,494,7,0,0
5125,075010,504,7,0,0
5126,075000,511,7,0,0
5127,075010,517,7,0,0
5128,075000,485,7,0,0
5129,075010,494,7,0,0
5130,075000,503,7,0,0
5131,075010,508,7,0,0
5132,075000,494,7,0,0
5133,075010,504,7,0,0
5134,075000,511,7,0,0
5135,075010,517,7,0,0
5136,075000,492,7,0,0
5137,075010,500,7,0,0
5138,075000,507,7,0,0
5139,075010,513,7,0,0
5140,075000,501,7,0,0
5141,075010,510,7,0,0
5142,075000,519,7,0,0
5143,075010,524,7,0,0
5144,075000,490,7,0,0
5145,075010,500,7,0,0
5146,075000,507,7,0,0
5147,075010,513,7,0,0
5148,075000,501,7,0,0
5149,075010,510,7,0,0
5150,075000,519,7,0,0
5151,075010,524,7,0,0
5152,075000,490,7,0,0
5153,075010,500,7,0,0
5154,075000,507,7,0,0
5155,075010,513,7,0,0
5156,075000,501,7,0,0
5157,075010,510,7,0,0
5158,075000,519,7,0,0
5159,075010,524,7,0,0
5160,075000,514,7,0,0
5161,075010,524,7,0,0
5162,075000,531,7,0,0
5163,075010,537,7,0,0
5164,075000,525,7,0,0
5165,075010,534,7,0,0
5166,075000,543,7,0,0
5167,075010,548,7,0,0
5168,075000,514,7,0,0
5169,075010,524,7,0,0
5170,075000,531,7,0,0
5171,075010,537,7,0,0
5172,075000,525,7,0,0
5173,075010,534,7,0,0
5174,075000,543,7,0,0
5175,075010,548,7,0,0
5176,075000,514,7,0,0
5177,075010,524,7,0,0
5178,075000,531,7,0,0
5179,075010,537,7,0,0
5180,075000,525,7,0,0
5181,075010,534,7,0,0
5182,075000,543,7,0,0
5183,075010,548,7,0,0
5184,075000,521,7,0,0
5185,075010,528,7,0,0
5186,075000,539,7,0,0
5187,075010,544,7,0,0
5188,075000,530,7,0,0
5189,075010,540,7,0,0
5190,075000,547,7,0,0
5191,075010,553,7,0,0
5192,075000,521,7,0,0
5193,075010,530,7,0,0
5194,075000,539,7,0,0
5195,075010,544,7,0,0
5196,075000,530,7,0,0
5197,075010,540,7,0,0
5198,075000,547,7,0,0
5199,075010,553,7,0,0
5200,075000,521,7,0,0
5201,075010,530,7,0,0
5202,075000,539,7,0,0
5203,075010,544,7,0,0
5204,075000,530,7,0,0
5205,075010,540,7,0,0
5206,075000,547,7,0,0
5207,075010,553,7,0,0
5208,075000,339,7,0,0
5209,075010,345,7,0,0
5210,075000,355,7,0,0
5211,075010,359,7,0,0
5212,075000,347,7,0,0
5213,075010,357,7,0,0
5214,075000,365,7,0,0
5215,075010,369,7,0,0
5216,075000,339,7,0,0
5217,075010,345,7,0,0
5218,075000,355,7,0,0
5219,075010,359,7,0,0
5220,075000,347,7,0,0
5221,075010,357,7,0,0
5222,075000,365,7,0,0
5223,075010,369,7,0,0
5224,075000,339,7,0,0
5225,075010,345,7,0,0
5226,075000,355,7,0,0
5227,075010,359,7,0,0
5228,075000,347,7,0,0
5229,075010,357,7,0,0
5230,075000,365,7,0,0
5231,075010,369,7,0,0
5232,075000,339,7,0,0
5233,075010,345,7,0,0
5234,075000,355,7,0,0
5235,075010,359,7,0,0
5236,075000,347,7,0,0
5237,075010,357,7,0,0
5238,075000,365,7,0,0
5239,075010,369,7,0,0
5240,075000,339,7,0,0
5241,075010,345,7,0,0
5242,075000,355,7,0,0
5243,075010,359,7,0,0
5244,075000,347,7,0,0
5245,075010,357,7,0,0
5246,075000,365,7,0,0
5247,075010,369,7,0,0
5248,075000,339,7,0,0
5249,075010,345,7,0,0
5250,075000,355,7,0,0
5251,075010,359,7,0,0
5252,075000,347,7,0,0
5253,075010,357,7,0,0
5254,075000,365,7,0,0
5255,075010,369,7,0,0
5256,075000,326,9,0,0
5257,075010,354,7,0,0
5258,075000,363,7,0,0
5259,075010,353,9,0,0
5260,075000,357,7,0,0
5261,075010,347,9,0,0
5262,075000,357,9,0,0
5263,075010,379,7,0,0
5264,075000,326,9,0,0
5265,075010,354,7,0,0
5266,075000,363,7,0,0
5267,075010,353,9,0,0
5268,075000,357,7,0,0
5269,075010,347,9,0,0
5270,075000,357,9,0,0
5271,075010,379,7,0,0
5272,075000,326,9,0,0
5273,075010,361,7,0,0
5274,075000,371,7,0,0
5275,075010,354,9,0,0
5276,075000,364,7,0,0
5277,075010,348,9,0,0
5278,075000,357,9,0,0
5279,075010,385,7,0,0
5280,075000,332,9,0,0
5281,075010,361,7,0,0
5282,075000,371,7,0,0
5283,075010,362,9,0,0
5284,075000,364,7,0,0
5285,075010,352,9,0,0
5286,075000,361,9,0,0
5287,075010,385,7,0,0
5288,075000,332,9,0,0
5289,075010,361,7,0,0
5290,075000,371,7,0,0
5291,075010,362,9,0,0
5292,075000,364,7,0,0
5293,075010,352,9,0,0
5294,075000,361,9,0,0
5295,075010,385,7,0,0
5296,075000,332,9,0,0
5297,075010,361,7,0,0
5298,075000,371,7,0,0
5299,075010,362,9,0,0
5300,075000,364,7,0,0
5301,075010,352,9,0,0
5302,075000,361,9,0,0
5303,075010,385,7,0,0
5304,075000,459,9,0,0
5305,075010,487,7,0,0
5306,075000,495,7,0,0
5307,075010,485,9,0,0
5308,075000,489,7,0,0
5309,075010,479,9,0,0
5310,075000,489,9,0,0
5311,075010,511,7,0,0
5312,075000,458,9,0,0
5313,075010,486,7,0,0
5314,075000,495,7,0,0
5315,075010,485,9,0,0
5316,075000,489,7,0,0
5317,075010,479,9,0,0
5318,075000,489,9,0,0
5319,075010,511,7,0,0
5320,075000,458,9,0,0
5321,075010,486,7,0,0
5322,075000,495,7,0,0
5323,075010,485,9,0,0
5324,075000,489,7,0,0
5325,075010,479,9,0,0
5326,075000,489,9,0,0
5327,075010,511,7,0,0
5328,075000,466,9,0,0
5329,075010,493,7,0,0
5330,075000,503,7,0,0
5331,075010,494,9,0,0
5332,075000,496,7,0,0
5333,075010,484,9,0,0
5334,075000,493,9,0,0
5335,075010,517,7,0,0
5336,075000,464,9,0,0
5337,075010,493,7,0,0
5338,075000,503,7,0,0
5339,075010,494,9,0,0
5340,075000,496,7,0,0
5341,075010,484,9,0,0
5342,075000,493,9,0,0
5343,075010,517,7,0,0
5344,075000,464,9,0,0
5345,075010,493,7,0,0
5346,075000,503,7,0,0
5347,075010,494,9,0,0
5348,075000,496,7,0,0
5349,075010,484,9,0,0
5350,075000,493,9,0,0
5351,075010,517,7,0,0
5352,075000,490,7,0,0
5353,075010,500,7,0,0
5354,075000,507,7,0,0
5355,075010,513,7,0,0
5356,075000,501,7,0,0
5357,075010,510,7,0,0
5358,075000,519,7,0,0
5359,075010,524,7,0,0
5360,075000,490,7,0,0
5361,075010,500,7,0,0
5362,075000,507,7,0,0
5363,075010,513,7,0,0
5364,075000,501,7,0,0
5365,075010,510,7,0,0
5366,075000,519,7,0,0
5367,075010,524,7,0,0
5368,075000,490,7,0,0
5369,075010,500,7,0,0
5370,075000,507,7,0,0
5371,075010,513,7,0,0
5372,075000,501,7,0,0
5373,075010,510,7,0,0
5374,075000,519,7,0,0
5375,075010,524,7,0,0
5376,075000,514,7,0,0
5377,075010,524,7,0,0
5378,075000,531,7,0,0
5379,075010,537,7,0,0
5380,075000,525,7,0,0
5381,075010,534,7,0,0
5382,075000,543,7,0,0
5383,075010,548,7,0,0
5384,075000,514,7,0,0
5385,075010,524,7,0,0
5386,075000,531,7,0,0
5387,075010,537,7,0,0
5388,075000,525,7,0,0
5389,075010,534,7,0,0
5390,075000,543,7,0,0
5391,075010,548,7,0,0
5392,075000,514,7,0,0
5393,075010,524,7,0,0
5394,075000,531,7,0,0
5395,075010,537,7,0,0
5396,075000,525,7,0,0
5397,075010,534,7,0,0
5398,075000,543,7,0,0
5399,075010,548,7,0,0
5400,075000,521,7,0,0
5401,075010,528,7,0,0
5402,075000,539,7,0,0
5403,075010,544,7,0,0
5404,075000,530,7,0,0
5405,075010,540,7,0,0
5406,075000,547,7,0,0
5407,075010,553,7,0,0
5408,075000,521,7,0,0
5409,075010,530,7,0,0
5410,075000,539,7,0,0
5411,075010,544,7,0,0
5412,075000,530,7,0,0
5413,075010,540,7,0,0
5414,075000,547,7,0,0
5415,075010,553,7,0,0
5416,075000,521,7,0,0
5417,075010,530,7,0,0
5418,075000,539,7,0,0
5419,075010,544,7,0,0
5420,075000,530,7,0,0
5421,075010,540,7,0,0
5422,075000,547,7,0,0
5423,075010,553,7,0,0
5424,075000,339,7,0,0
5425,075010,345,7,0,0
5426,075000,355,7,0,0
5427,075010,359,7,0,0
5428,075000,347,7,0,0
5429,075010,357,7,0,0
5430,075000,365,7,0,0
5431,075010,369,7,0,0
5432,075000,339,7,0,0
5433,075010,345,7,0,0
5434,075000,355,7,0,0
5435,075010,359,7,0,0
5436,075000,347,7,0,0
5437,075010,357,7,0,0
5438,075000,365,7,0,0
5439,075010,369,7,0,0
5440,075000,339,7,0,0
5441,075010,345,7,0,0
5442,075000,355,7,0,0
5443,075010,359,7,0,0
5444,075000,347,7,0,0
5445,075010,357,7,0,0
5446,075000,365,7,0,0
5447,075010,369,7,0,0
5448,075000,339,7,0,0
5449,075010,345,7,0,0
5450,075000,355,7,0,0
5451,075010,359,7,0,0
5452,075000,347,7,0,0
5453,075010,357,7,0,0
5454,075000,365,7,0,0
5455,075010,369,7,0,0
5456,075000,339,7,0,0
5457,075010,345,7,0,0
5458,075000,355,7,0,0
5459,075010,359,7,0,0
5460,075000,347,7,0,0
5461,075010,357,7,0,0
5462,075000,365,7,0,0
5463,075010,369,7,0,0
5464,075000,339,7,0,0
5465,075010,345,7,0,0
5466,075000,355,7,0,0
5467,075010,359,7,0,0
5468,075000,347,7,0,0
5469,075010,357,7,0,0
5470,075000,365,7,0,0
5471,075010,369,7,0,0
5472,075000,337,7,0,0
5473,075010,362,7,0,0
5474,075020,576,7,0,0
5475,075030,703,7,0,0
5476,075000,327,7,0,0
5477,075010,371,7,0,0
5478,075020,579,7,0,0
5479,075030,707,7,0,0
5480,075000,350,7,0,0
5481,075010,364,7,0,0
5482,075020,557,9,0,0
5483,075030,703,7,0,0
5484,075000,341,7,0,0
5485,075010,363,7,0,0
5486,075020,582,7,0,0
5487,075030,708,7,0,0
5488,075000,337,7,0,0
5489,075010,355,7,0,0
5490,075020,573,7,0,0
5491,075030,707,7,0,0
5492,075000,347,7,0,0
5493,075010,349,7,0,0
5494,075020,576,7,0,0
5495,075030,708,7,0,0
5496,075000,338,7,0,0
5497,075010,363,7,0,0
5498,075020,575,7,0,0
5499,075030,708,7,0,0
5500,075000,459,7,0,0
5501,075010,363,7,0,0
5502,075020,574,7,0,0
5503,075030,708,7,0,0
5504,075000,350,7,0,0
5505,075010,378,7,0,0
5506,075020,581,7,0,0
5507,075030,713,7,0,0
5508,075000,339,7,0,0
5509,075010,368,7,0,0
5510,075020,572,7,0,0
5511,075030,709,7,0,0
5512,075000,341,7,0,0
5513,075010,367,7,0,0
5514,075020,579,7,0,0
5515,075030,707,7,0,0
5516,075000,327,7,0,0
5517,075010,363,7,0,0
5518,075020,583,7,0,0
5519,075030,713,7,0,0
5520,075000,443,7,0,0
5521,075010,353,7,0,0
5522,075020,583,7,0,0
5523,075030,707,7,0,0
5524,075000,341,7,0,0
5525,075010,349,7,0,0
5526,075020,579,7,0,0
5527,075030,707,7,0,0
5528,075000,350,7,0,0
5529,075010,363,7,0,0
5530,075020,583,7,0,0
5531,075030,708,7,0,0
5532,075000,327,7,0,0
5533,075010,362,7,0,0
5534,075020,576,7,0,0
5535,075030,713,7,0,0
5536,075000,363,7,0,0
5537,075010,361,7,0,0
5538,075020,583,7,0,0
5539,075030,707,7,0,0
5540,075000,327,7,0,0
5541,075010,351,7,0,0
5542,075020,561,9,0,0
5543,075030,713,7,0,0
5544,075000,350,7,0,0
5545,075010,363,7,0,0
5546,075020,575,7,0,0
5547,075030,704,7,0,0
5548,075000,327,7,0,0
5549,075010,355,7,0,0
5550,075020,571,7,0,0
5551,075030,707,7,0,0
5552,075000,347,7,0,0
5553,075010,366,7,0,0
5554,075020,583,7,0,0
5555,075030,708,7,0,0
5556,075000,331,7,0,0
5557,075010,359,7,0,0
5558,075020,557,9,0,0
5559,075030,713,7,0,0
5560,075000,475,7,0,0
5561,075010,351,7,0,0
5562,075020,579,7,0,0
5563,075030,707,7,0,0
5564,075000,341,7,0,0
5565,075010,351,7,0,0
5566,075020,555,9,0,0
5567,075030,707,7,0,0
5568,075000,337,7,0,0
5569,075010,355,7,0,0
5570,075020,583,7,0,0
5571,075030,707,7,0,0
5572,075000,519,7,0,0
5573,075010,355,7,0,0
5574,075020,569,9,0,0
5575,075030,707,7,0,0
5576,075000,332,7,0,0
5577,075010,364,7,0,0
5578,075020,553,9,0,0
5579,075030,713,7,0,0
5580,075000,350,7,0,0
5581,075010,368,7,0,0
5582,075020,549,9,0,0
5583,075030,713,7,0,0
5584,075000,331,7,0,0
5585,075010,357,7,0,0
5586,075020,589,7,0,0
5587,075030,713,7,0,0
5588,075000,328,7,0,0
5589,075010,359,7,0,0
5590,075020,588,7,0,0
5591,075030,709,7,0,0
5592,075000,328,7,0,0
5593,075010,366,7,0,0
5594,075020,563,9,0,0
5595,075030,707,7,0,0
5596,075000,337,7,0,0
5597,075010,353,7,0,0
5598,075020,577,7,0,0
5599,075030,713,7,0,0
5600,075000,364,7,0,0
5601,075010,348,7,0,0
5602,075020,583,7,0,0
5603,075030,709,7,0,0
5604,075000,352,7,0,0
5605,075010,367,7,0,0
5606,075020,579,7,0,0
5607,075030,714,7,0,0
5608,075000,352,7,0,0
5609,075010,356,7,0,0
5610,075020,565,9,0,0
5611,075030,713,7,0,0
5612,075000,347,7,0,0
5613,075010,351,7,0,0
5614,075020,582,7,0,0
5615,075030,714,7,0,0
5616,075000,369,7,0,0
5617,075010,362,7,0,0
5618,075020,576,7,0,0
5619,075030,703,7,0,0
5620,075000,327,7,0,0
5621,075010,367,7,0,0
5622,075020,583,7,0,0
5623,075030,703,7,0,0
5624,075000,451,7,0,0
5625,075010,353,7,0,0
5626,075020,563,9,0,0
5627,075030,707,7,0,0
5628,075000,337,7,0,0
5629,075010,347,7,0,0
5630,075020,557,9,0,0
5631,075030,707,7,0,0
5632,075000,328,7,0,0
5633,075010,356,7,0,0
5634,075020,567,7,0,0
5635,075030,707,7,0,0
5636,075000,454,7,0,0
5637,075010,348,7,0,0
5638,075020,586,7,0,0
5639,075030,704,7,0,0
5640,075000,341,7,0,0
5641,075010,353,7,0,0
5642,075020,575,7,0,0
5643,075030,707,7,0,0
5644,075000,341,7,0,0
5645,075010,349,7,0,0
5646,075020,561,9,0,0
5647,075030,713,7,0,0
5648,075000,470,7,0,0
5649,075010,359,7,0,0
5650,075020,576,7,0,0
5651,075030,703,7,0,0
5652,075000,347,7,0,0
5653,075010,371,7,0,0
5654,075020,583,7,0,0
5655,075030,703,7,0,0
5656,075000,338,7,0,0
5657,075010,363,7,0,0
5658,075020,572,7,0,0
5659,075030,703,7,0,0
5660,075000,337,7,0,0
5661,075010,356,7,0,0
5662,075020,550,9,0,0
5663,075030,713,7,0,0
5664,075000,337,7,0,0
5665,075010,355,7,0,0
5666,075020,555,9,0,0
5667,075030,713,7,0,0
5668,075000,327,7,0,0
5669,075010,371,7,0,0
5670,075020,561,9,0,0
5671,075030,709,7,0,0
5672,075000,350,7,0,0
5673,075010,368,7,0,0
5674,075020,571,7,0,0
5675,075030,713,7,0,0
5676,075000,339,7,0,0
5677,075010,365,7,0,0
5678,075020,571,7,0,0
5679,075030,713,7,0,0
5680,075000,341,7,0,0
5681,075010,398,7,0,0
5682,075020,558,9,0,0
5683,075030,709,7,0,0
5684,075000,341,7,0,0
5685,075010,364,7,0,0
5686,075020,583,7,0,0
5687,075030,714,7,0,0
5688,075000,341,7,0,0
5689,075010,367,7,0,0
5690,075020,579,7,0,0
5691,075030,707,7,0,0
5692,075000,338,7,0,0
5693,075010,392,7,0,0
5694,075020,590,7,0,0
5695,075030,704,7,0,0
5696,075000,341,7,0,0
5697,075010,365,7,0,0
5698,075020,583,7,0,0
5699,075030,709,7,0,0
5700,075000,348,7,0,0
5701,075010,362,7,0,0
5702,075020,573,7,0,0
5703,075030,713,7,0,0
5704,075000,341,7,0,0
5705,075010,355,7,0,0
5706,075020,587,7,0,0
5707,075030,713,7,0,0
5708,075000,328,7,0,0
5709,075010,363,7,0,0
5710,075020,572,7,0,0
5711,075030,707,7,0,0
5712,075000,338,7,0,0
5713,075010,367,7,0,0
5714,075020,580,7,0,0
5715,075030,707,7,0,0
5716,075000,390,7,0,0
5717,075010,363,7,0,0
5718,075020,580,7,0,0
5719,075030,707,7,0,0
5720,075000,350,7,0,0
5721,075010,363,7,0,0
5722,075020,580,7,0,0
5723,075030,707,7,0,0
5724,075000,341,7,0,0
5725,075010,365,7,0,0
5726,075020,557,9,0,0
5727,075030,707,7,0,0
5728,075000,328,7,0,0
5729,075010,358,7,0,0
5730,075020,577,7,0,0
5731,075030,709,7,0,0
5732,075000,328,7,0,0
5733,075010,363,7,0,0
5734,075020,584,7,0,0
5735,075030,713,7,0,0
5736,075000,332,7,0,0
5737,075010,354,7,0,0
5738,075020,563,9,0,0
5739,075030,707,7,0,0
5740,075000,337,7,0,0
5741,075010,358,7,0,0
5742,075020,580,7,0,0
5743,075030,713,7,0,0
5744,075000,332,7,0,0
5745,075010,352,7,0,0
5746,075020,579,7,0,0
5747,075030,707,7,0,0
5748,075000,341,7,0,0
5749,075010,369,7,0,0
5750,075020,578,7,0,0
5751,075030,710,7,0,0
5752,075000,396,7,0,0
5753,075010,354,7,0,0
5754,075020,581,7,0,0
5755,075030,713,7,0,0
5756,075000,341,7,0,0
5757,075010,351,7,0,0
5758,075020,571,7,0,0
5759,075030,709,7,0,0
5760,075000,341,7,0,0
5761,075010,355,7,0,0
5762,075020,575,7,0,0
5763,075030,703,7,0,0
5764,075000,327,7,0,0
5765,075010,365,7,0,0
5766,075020,573,7,0,0
5767,075030,713,7,0,0
5768,075000,341,7,0,0
5769,075010,355,7,0,0
5770,075020,570,7,0,0
5771,075030,714,7,0,0
5772,075000,453,7,0,0
5773,075010,358,7,0,0
5774,075020,580,7,0,0
5775,075030,713,7,0,0
5776,075000,339,7,0,0
5777,075010,349,7,0,0
5778,075020,569,9,0,0
5779,075030,707,7,0,0
5780,075000,328,7,0,0
5781,075010,372,7,0,0
5782,075020,575,7,0,0
5783,075030,707,7,0,0
5784,075000,506,7,0,0
5785,075010,359,7,0,0
5786,075020,576,7,0,0
5787,075030,713,7,0,0
5788,075000,328,7,0,0
5789,075010,378,7,0,0
5790,075020,576,7,0,0
5791,075030,704,7,0,0
5792,075000,331,7,0,0
5793,075010,357,7,0,0
5794,075020,567,9,0,0
5795,075030,713,7,0,0
5796,075000,341,7,0,0
5797,075010,369,7,0,0
5798,075020,571,7,0,0
5799,075030,703,7,0,0
5800,075000,341,7,0,0
5801,075010,361,7,0,0
5802,075020,579,7,0,0
5803,075030,707,7,0,0
5804,075000,341,7,0,0
5805,075010,375,7,0,0
5806,075020,555,9,0,0
5807,075030,703,7,0,0
5808,075000,339,7,0,0
5809,075010,361,7,0,0
5810,075020,561,9,0,0
5811,075030,713,7,0,0
5812,075000,341,7,0,0
5813,075010,355,7,0,0
5814,075020,559,9,0,0
5815,075030,713,7,0,0
5816,075000,337,7,0,0
5817,075010,343,7,0,0
5818,075020,577,7,0,0
5819,075030,707,7,0,0
5820,075000,341,7,0,0
5821,075010,375,7,0,0
5822,075020,567,9,0,0
5823,075030,713,7,0,0
5824,075000,341,7,0,0
5825,075010,360,7,0,0
5826,075020,579,7,0,0
5827,075030,714,7,0,0
5828,075000,337,7,0,0
5829,075010,351,7,0,0
5830,075020,586,7,0,0
5831,075030,708,7,0,0
5832,075000,431,7,0,0
5833,075010,371,7,0,0
5834,075020,567,7,0,0
5835,075030,707,7,0,0
5836,075000,341,7,0,0
5837,075010,353,7,0,0
5838,075020,579,7,0,0
5839,075030,713,7,0,0
5840,075000,341,7,0,0
5841,075010,351,7,0,0
5842,075020,575,7,0,0
5843,075030,707,7,0,0
5844,075000,350,7,0,0
5845,075010,352,7,0,0
5846,075020,583,7,0,0
5847,075030,713,7,0,0
5848,075000,348,7,0,0
5849,075010,366,7,0,0
5850,075020,577,7,0,0
5851,075030,707,7,0,0
5852,075000,338,7,0,0
5853,075010,362,7,0,0
5854,075020,580,7,0,0
5855,075030,714,7,0,0
5856,075000,384,7,0,0
5857,075010,372,7,0,0
5858,075020,583,7,0,0
5859,075030,713,7,0,0
5860,075000,352,7,0,0
5861,075010,359,7,0,0
5862,075020,592,7,0,0
5863,075030,709,7,0,0
5864,075000,339,7,0,0
5865,075010,360,7,0,0
5866,075020,566,9,0,0
5867,075030,707,7,0,0
5868,075000,412,7,0,0
5869,075010,368,7,0,0
5870,075020,579,7,0,0
5871,075030,707,7,0,0
5872,075000,331,7,0,0
5873,075010,358,7,0,0
5874,075020,580,7,0,0
5875,075030,703,7,0,0
5876,075000,327,7,0,0
5877,075010,362,7,0,0
5878,075020,580,7,0,0
5879,075030,709,7,0,0
5880,075000,352,7,0,0
5881,075010,372,7,0,0
5882,075020,579,7,0,0
5883,075030,703,7,0,0
5884,075000,350,7,0,0
5885,075010,363,7,0,0
5886,075020,580,7,0,0
5887,075030,713,7,0,0
5888,075000,341,7,0,0
5889,075010,358,7,0,0
5890,075020,576,7,0,0
5891,075030,707,7,0,0
5892,075000,350,7,0,0
5893,075010,346,7,0,0
5894,075020,563,9,0,0
5895,075030,707,7,0,0
5896,075000,519,7,0,0
5897,075010,360,7,0,0
5898,075020,579,7,0,0
5899,075030,710,7,0,0
5900,075000,328,7,0,0
5901,075010,368,7,0,0
5902,075020,579,7,0,0
5903,075030,707,7,0,0
5904,075000,327,7,0,0
5905,075010,361,7,0,0
5906,075020,577,7,0,0
5907,075030,703,7,0,0
5908,075000,341,7,0,0
5909,075010,365,7,0,0
5910,075020,587,7,0,0
5911,075030,713,7,0,0
5912,075000,341,7,0,0
5913,075010,367,7,0,0
5914,075020,565,9,0,0
5915,075030,713,7,0,0
5916,075000,350,7,0,0
5917,075010,368,7,0,0
5918,075020,575,7,0,0
5919,075030,713,7,0,0
5920,075000,348,7,0,0
5921,075010,363,7,0,0
5922,075020,558,9,0,0
5923,075030,703,7,0,0
5924,075000,328,7,0,0
5925,075010,356,7,0,0
5926,075020,579,7,0,0
5927,075030,707,7,0,0
5928,075000,338,7,0,0
5929,075010,352,7,0,0
5930,075020,579,7,0,0
5931,075030,707,7,0,0
5932,075000,331,7,0,0
5933,075010,358,7,0,0
5934,075020,580,7,0,0
5935,075030,703,7,0,0
5936,075000,331,7,0,0
5937,075010,347,7,0,0
5938,075020,587,7,0,0
5939,075030,713,7,0,0
5940,075000,348,7,0,0
5941,075010,363,7,0,0
5942,075020,580,7,0,0
5943,075030,713,7,0,0
5944,075000,328,7,0,0
5945,075010,356,7,0,0
5946,075020,570,7,0,0
5947,075030,710,7,0,0
5948,075000,332,7,0,0
5949,075010,352,7,0,0
5950,075020,583,7,0,0
5951,075030,713,7,0,0
5952,075000,432,7,0,0
5953,075010,364,7,0,0
5954,075020,578,7,0,0
5955,075030,708,7,0,0
5956,075000,331,7,0,0
5957,075010,362,7,0,0
5958,075020,580,7,0,0
5959,075030,713,7,0,0
5960,075000,348,7,0,0
5961,075010,363,7,0,0
5962,075020,584,7,0,0
5963,075030,713,7,0,0
5964,075000,439,7,0,0
5965,075010,375,7,0,0
5966,075020,588,7,0,0
5967,075030,246,7,0,0
5968,075000,380,7,0,0
5969,075010,356,7,0,0
5970,075020,553,9,0,0
5971,075030,709,7,0,0
5972,075000,327,7,0,0
5973,075010,345,7,0,0
5974,075020,567,9,0,0
5975,075030,703,7,0,0
5976,075000,348,7,0,0
5977,075010,356,7,0,0
5978,075020,578,7,0,0
5979,075030,708,7,0,0
5980,075000,331,7,0,0
5981,075010,355,7,0,0
5982,075020,571,7,0,0
5983,075030,713,7,0,0
5984,075000,328,7,0,0
5985,075010,362,7,0,0
5986,075020,585,7,0,0
5987,075030,713,7,0,0
5988,075000,348,7,0,0
5989,075010,374,7,0,0
5990,075020,573,7,0,0
5991,075030,709,7,0,0
5992,075000,332,7,0,0
5993,075010,364,7,0,0
5994,075020,557,9,0,0
5995,075030,713,7,0,0
5996,075000,350,7,0,0
5997,075010,368,7,0,0
5998,075020,565,9,0,0
5999,075030,707,7,0,0
6000,075000,339,7,0,0
6001,075010,365,7,0,0
6002,075020,557,9,0,0
6003,075030,713,7,0,0
6004,075000,327,7,0,0
6005,075010,358,7,0,0
6006,075020,566,9,0,0
6007,075030,707,7,0,0
6008,075000,476,7,0,0
6009,075010,363,7,0,0
6010,075020,587,7,0,0
6011,075030,714,7,0,0
6012,075000,352,7,0,0
6013,075010,368,7,0,0
6014,075020,575,7,0,0
6015,075030,713,7,0,0
6016,075000,352,7,0,0
6017,075010,362,7,0,0
6018,075020,589,7,0,0
6019,075030,713,7,0,0
6020,075000,500,7,0,0
6021,075010,368,7,0,0
6022,075020,579,7,0,0
6023,075030,713,7,0,0
6024,075000,436,7,0,0
6025,075010,363,7,0,0
6026,075020,584,7,0,0
6027,075030,713,7,0,0
6028,075000,339,7,0,0
6029,075010,360,7,0,0
6030,075020,572,7,0,0
6031,075030,707,7,0,0
6032,075000,338,7,0,0
6033,075010,348,7,0,0
6034,075020,579,7,0,0
6035,075030,707,7,0,0
6036,075000,350,7,0,0
6037,075010,378,7,0,0
6038,075020,547,9,0,0
6039,075030,713,7,0,0
6040,075000,327,7,0,0
6041,075010,362,7,0,0
6042,075020,584,7,0,0
6043,075030,713,7,0,0
6044,075000,339,7,0,0
6045,075010,356,7,0,0
6046,075020,576,7,0,0
6047,075030,713,7,0,0
6048,075000,352,7,0,0
6049,075010,363,7,0,0
6050,075020,584,7,0,0
6051,075030,703,7,0,0
6052,075000,337,7,0,0
6053,075010,369,7,0,0
6054,075020,561,9,0,0
6055,075030,713,7,0,0
6056,075000,349,7,0,0
6057,075010,356,7,0,0
6058,075020,580,7,0,0
6059,075030,707,7,0,0
6060,075000,445,7,0,0
6061,075010,349,7,0,0
6062,075020,583,7,0,0
6063,075030,709,7,0,0
6064,075000,337,7,0,0
6065,075010,374,7,0,0
6066,075020,558,9,0,0
6067,075030,713,7,0,0
6068,075000,350,7,0,0
6069,075010,362,7,0,0
6070,075020,577,7,0,0
6071,075030,707,7,0,0
6072,075000,337,7,0,0
6073,075010,363,7,0,0
6074,075020,585,7,0,0
6075,075030,707,7,0,0
6076,075000,370,7,0,0
6077,075010,359,7,0,0
6078,075020,579,7,0,0
6079,075030,708,7,0,0
6080,075000,338,7,0,0
6081,075010,348,7,0,0
6082,075020,583,7,0,0
6083,075030,713,7,0,0
6084,075000,341,7,0,0
6085,075010,351,7,0,0
6086,075020,557,9,0,0
6087,075030,713,7,0,0
6088,075000,347,7,0,0
6089,075010,351,7,0,0
6090,075020,579,7,0,0
6091,075030,707,7,0,0
6092,075000,347,7,0,0
6093,075010,351,7,0,0
6094,075020,571,7,0,0
6095,075030,713,7,0,0
6096,075000,332,7,0,0
6097,075010,368,7,0,0
6098,075020,561,9,0,0
6099,075030,713,7,0,0
6100,075000,341,7,0,0
6101,075010,356,7,0,0
6102,075020,583,7,0,0
6103,075030,714,7,0,0
6104,075000,337,7,0,0
6105,075010,371,7,0,0
6106,075020,235,7,0,0
6107,075030,707,7,0,0
6108,075000,430,7,0,0
6109,075010,363,7,0,0
6110,075020,575,7,0,0
6111,075030,714,7,0,0
6112,075000,339,7,0,0
6113,075010,359,7,0,0
6114,075020,581,7,0,0
6115,075030,713,7,0,0
6116,075000,348,7,0,0
6117,075010,359,7,0,0
6118,075020,580,7,0,0
6119,075030,713,7,0,0
6120,075000,328,7,0,0
6121,075010,352,7,0,0
6122,075020,575,7,0,0
6123,075030,703,7,0,0
6124,075000,474,7,0,0
6125,075010,372,7,0,0
6126,075020,579,7,0,0
6127,075030,713,7,0,0
6128,075000,432,7,0,0
6129,075010,359,7,0,0
6130,075020,576,7,0,0
6131,075030,703,7,0,0
6132,075000,337,7,0,0
6133,075010,365,7,0,0
6134,075020,553,9,0,0
6135,075030,713,7,0,0
6136,075000,350,7,0,0
6137,075010,356,7,0,0
6138,075020,553,9,0,0
6139,075030,713,7,0,0
6140,075000,346,7,0,0
6141,075010,362,7,0,0
6142,075020,581,7,0,0
6143,075030,713,7,0,0
6144,075000,339,7,0,0
6145,075010,361,7,0,0
6146,075020,578,7,0,0
6147,075030,704,7,0,0
6148,075000,337,7,0,0
6149,075010,365,7,0,0
6150,075020,579,7,0,0
6151,075030,707,7,0,0
6152,075000,426,7,0,0
6153,075010,375,7,0,0
6154,075020,576,7,0,0
6155,075030,713,7,0,0
6156,075000,328,7,0,0
6157,075010,368,7,0,0
6158,075020,579,7,0,0
6159,075030,713,7,0,0
6160,075000,328,7,0,0
6161,075010,363,7,0,0
6162,075020,572,7,0,0
6163,075030,713,7,0,0
6164,075000,348,7,0,0
6165,075010,372,7,0,0
6166,075020,583,7,0,0
6167,075030,713,7,0,0
6168,075000,352,7,0,0
6169,075010,348,7,0,0
6170,075020,578,7,0,0
6171,075030,708,7,0,0
6172,075000,331,7,0,0
6173,075010,351,7,0,0
6174,075020,557,9,0,0
6175,075030,707,7,0,0
6176,075000,328,7,0,0
6177,075010,363,7,0,0
6178,075020,583,7,0,0
6179,075030,708,7,0,0
6180,075000,327,7,0,0
6181,075010,371,7,0,0
6182,075020,579,7,0,0
6183,075030,707,7,0,0
6184,075000,350,7,0,0
6185,075010,354,7,0,0
6186,075020,581,7,0,0
6187,075030,713,7,0,0
6188,075000,380,7,0,0
6189,075010,359,7,0,0
6190,075020,576,7,0,0
6191,075030,707,7,0,0
6192,075000,338,7,0,0
6193,075010,356,7,0,0
6194,075020,583,7,0,0
6195,075030,707,7,0,0
6196,075000,471,7,0,0
6197,075010,363,7,0,0
6198,075020,570,7,0,0
6199,075030,708,7,0,0
6200,075000,530,7,0,0
6201,075010,368,7,0,0
6202,075020,549,9,0,0
6203,075030,707,7,0,0
6204,075000,332,7,0,0
6205,075010,352,7,0,0
6206,075020,582,7,0,0
6207,075030,708,7,0,0
6208,075000,338,7,0,0
6209,075010,368,7,0,0
6210,075020,575,7,0,0
6211,075030,707,7,0,0
6212,075000,337,7,0,0
6213,075010,345,7,0,0
6214,075020,561,9,0,0
6215,075030,713,7,0,0
6216,075000,341,7,0,0
6217,075010,360,7,0,0
6218,075020,584,7,0,0
6219,075030,709,7,0,0
6220,075000,341,7,0,0
6221,075010,355,7,0,0
6222,075020,566,7,0,0
6223,075030,708,7,0,0
6224,075000,347,7,0,0
6225,075010,362,7,0,0
6226,075020,588,7,0,0
6227,075030,707,7,0,0
6228,075000,351,7,0,0
6229,075010,361,7,0,0
6230,075020,573,7,0,0
6231,075030,703,7,0,0
6232,075000,341,7,0,0
6233,075010,355,7,0,0
6234,075020,577,7,0,0
6235,075030,707,7,0,0
6236,075000,337,7,0,0
6237,075010,375,7,0,0
6238,075020,589,7,0,0
6239,075030,707,7,0,0
6240,075000,341,7,0,0
6241,075010,361,7,0,0
6242,075020,557,9,0,0
6243,075030,713,7,0,0
6244,075000,341,7,0,0
6245,075010,360,7,0,0
6246,075020,562,9,0,0
6247,075030,707,7,0,0
6248,075000,328,7,0,0
6249,075010,363,7,0,0
6250,075020,576,7,0,0
6251,075030,707,7,0,0
6252,075000,337,7,0,0
6253,075010,361,7,0,0
6254,075020,569,9,0,0
6255,075030,713,7,0,0
6256,075000,331,7,0,0
6257,075010,351,7,0,0
6258,075020,583,7,0,0
6259,075030,703,7,0,0
6260,075000,338,7,0,0
6261,075010,362,7,0,0
6262,075020,577,7,0,0
6263,075030,703,7,0,0
6264,075000,327,7,0,0
6265,075010,358,7,0,0
6266,075020,568,7,0,0
6267,075030,713,7,0,0
6268,075000,332,7,0,0
6269,075010,352,7,0,0
6270,075020,579,7,0,0
6271,075030,707,7,0,0
6272,075000,350,7,0,0
6273,075010,356,7,0,0
6274,075020,579,7,0,0
6275,075030,707,7,0,0
6276,075000,327,7,0,0
6277,075010,347,7,0,0
6278,075020,575,7,0,0
6279,075030,713,7,0,0
6280,075000,341,7,0,0
6281,075010,357,7,0,0
6282,075020,585,7,0,0
6283,075030,713,7,0,0
6284,075000,337,7,0,0
6285,075010,371,7,0,0
6286,075020,587,7,0,0
6287,075030,713,7,0,0
6288,075000,364,7,0,0
6289,075010,352,7,0,0
6290,075020,583,7,0,0
6291,075030,713,7,0,0
6292,075000,348,7,0,0
6293,075010,352,7,0,0
6294,075020,557,9,0,0
6295,075030,709,7,0,0
6296,075000,341,7,0,0
6297,075010,359,7,0,0
6298,075020,581,7,0,0
6299,075030,713,7,0,0
6300,075000,459,7,0,0
6301,075010,364,7,0,0
6302,075020,580,7,0,0
6303,075030,713,7,0,0
6304,075000,337,7,0,0
6305,075010,351,7,0,0
6306,075020,583,7,0,0
6307,075030,713,7,0,0
6308,075000,352,7,0,0
6309,075010,364,7,0,0
6310,075020,579,7,0,0
6311,075030,713,7,0,0
6312,075000,507,7,0,0
6313,075010,360,7,0,0
6314,075020,576,7,0,0
6315,075030,713,7,0,0
6316,075000,407,7,0,0
6317,075010,375,7,0,0
6318,075020,589,7,0,0
6319,075030,709,7,0,0
6320,075000,337,7,0,0
6321,075010,358,7,0,0
6322,075020,588,7,0,0
6323,075030,709,7,0,0
6324,075000,341,7,0,0
6325,075010,363,7,0,0
6326,075020,557,9,0,0
6327,075030,709,7,0,0
6328,075000,347,7,0,0
6329,075010,361,7,0,0
6330,075020,569,7,0,0
6331,075030,707,7,0,0
6332,075000,443,7,0,0
6333,075010,371,7,0,0
6334,075020,582,7,0,0
6335,075030,714,7,0,0
6336,075000,352,7,0,0
6337,075010,363,7,0,0
6338,075020,576,7,0,0
6339,075030,713,7,0,0
6340,075000,399,7,0,0
6341,075010,349,7,0,0
6342,075020,561,9,0,0
6343,075030,713,7,0,0
6344,075000,350,7,0,0
6345,075010,402,7,0,0
6346,075020,559,9,0,0
6347,075030,709,7,0,0
6348,075000,350,7,0,0
6349,075010,352,7,0,0
6350,075020,591,7,0,0
6351,075030,707,7,0,0
6352,075000,427,7,0,0
6353,075010,363,7,0,0
6354,075020,583,7,0,0
6355,075030,713,7,0,0
6356,075000,337,7,0,0
6357,075010,367,7,0,0
6358,075020,561,9,0,0
6359,075030,713,7,0,0
6360,075000,331,7,0,0
6361,075010,357,7,0,0
6362,075020,568,7,0,0
6363,075030,714,7,0,0
6364,075000,524,7,0,0
6365,075010,368,7,0,0
6366,075020,583,7,0,0
6367,075030,707,7,0,0
6368,075000,341,7,0,0
6369,075010,351,7,0,0
6370,075020,576,7,0,0
6371,075030,710,7,0,0
6372,075000,360,7,0,0
6373,075010,362,7,0,0
6374,075020,555,9,0,0
6375,075030,707,7,0,0
6376,075000,349,7,0,0
6377,075010,351,7,0,0
6378,075020,578,7,0,0
6379,075030,708,7,0,0
6380,075000,327,7,0,0
6381,075010,362,7,0,0
6382,075020,584,7,0,0
6383,075030,713,7,0,0
6384,075000,328,7,0,0
6385,075010,378,7,0,0
6386,075020,577,7,0,0
6387,075030,713,7,0,0
6388,075000,432,7,0,0
6389,075010,359,7,0,0
6390,075020,584,7,0,0
6391,075030,703,7,0,0
6392,075000,341,7,0,0
6393,075010,375,7,0,0
6394,075020,567,9,0,0
6395,075030,713,7,0,0
6396,075000,327,7,0,0
6397,075010,349,7,0,0
6398,075020,563,9,0,0
6399,075030,707,7,0,0
6400,075000,348,7,0,0
6401,075010,359,7,0,0
6402,075020,554,9,0,0
6403,075030,707,7,0,0
6404,075000,341,7,0,0
6405,075010,351,7,0,0
6406,075020,553,9,0,0
6407,075030,707,7,0,0
6408,075000,348,7,0,0
6409,075010,368,7,0,0
6410,075020,561,9,0,0
6411,075030,713,7,0,0
6412,075000,341,7,0,0
6413,075010,360,7,0,0
6414,075020,572,7,0,0
6415,075030,707,7,0,0
6416,075000,386,7,0,0
6417,075010,363,7,0,0
6418,075020,592,7,0,0
6419,075030,713,7,0,0
6420,075000,337,7,0,0
6421,075010,371,7,0,0
6422,075020,569,9,0,0
6423,075030,713,7,0,0
6424,075000,331,7,0,0
6425,075010,358,7,0,0
6426,075020,563,7,0,0
6427,075030,714,7,0,0
6428,075000,341,7,0,0
6429,075010,363,7,0,0
6430,075020,583,7,0,0
6431,075030,707,7,0,0
6432,075000,337,7,0,0
6433,075010,369,7,0,0
6434,075020,575,7,0,0
6435,075030,707,7,0,0
6436,075000,350,7,0,0
6437,075010,363,7,0,0
6438,075020,554,9,0,0
6439,075030,707,7,0,0
6440,075000,339,7,0,0
6441,075010,364,7,0,0
6442,075020,588,7,0,0
6443,075030,713,7,0,0
6444,075000,332,7,0,0
6445,075010,356,7,0,0
6446,075020,557,9,0,0
6447,075030,713,7,0,0
6448,075000,341,7,0,0
6449,075010,356,7,0,0
6450,075020,566,9,0,0
6451,075030,713,7,0,0
6452,075000,338,7,0,0
6453,075010,372,7,0,0
6454,075020,575,7,0,0
6455,075030,703,7,0,0
6456,075000,350,7,0,0
6457,075010,359,7,0,0
6458,075020,584,7,0,0
6459,075030,703,7,0,0
6460,075000,350,7,0,0
6461,075010,363,7,0,0
6462,075020,584,7,0,0
6463,075030,709,7,0,0
6464,075000,341,7,0,0
6465,075010,353,7,0,0
6466,075020,573,7,0,0
6467,075030,703,7,0,0
6468,075000,341,7,0,0
6469,075010,351,7,0,0
6470,075020,559,9,0,0
6471,075030,713,7,0,0
6472,075000,513,7,0,0
6473,075010,360,7,0,0
6474,075020,558,9,0,0
6475,075030,713,7,0,0
6476,075000,461,7,0,0
6477,075010,356,7,0,0
6478,075020,566,9,0,0
6479,075030,713,7,0,0
6480,075000,341,7,0,0
6481,075010,363,7,0,0
6482,075020,589,7,0,0
6483,075030,713,7,0,0
6484,075000,328,7,0,0
6485,075010,356,7,0,0
6486,075020,575,7,0,0
6487,075030,709,7,0,0
6488,075000,341,7,0,0
6489,075010,341,7,0,0
6490,075020,580,7,0,0
6491,075030,714,7,0,0
6492,075000,328,7,0,0
6493,075010,358,7,0,0
6494,075020,559,9,0,0
6495,075030,709,7,0,0
6496,075000,327,7,0,0
6497,075010,371,7,0,0
6498,075020,582,7,0,0
6499,075030,708,7,0,0
6500,075000,350,7,0,0
6501,075010,372,7,0,0
6502,075020,557,9,0,0
6503,075030,707,7,0,0
6504,075000,348,7,0,0
6505,075010,372,7,0,0
6506,075020,583,7,0,0
6507,075030,713,7,0,0
6508,075000,341,7,0,0
6509,075010,365,7,0,0
6510,075020,572,7,0,0
6511,075030,704,7,0,0
6512,075000,341,7,0,0
6513,075010,360,7,0,0
6514,075020,580,7,0,0
6515,075030,713,7,0,0
6516,075000,339,7,0,0
6517,075010,375,7,0,0
6518,075020,572,7,0,0
6519,075030,704,7,0,0
6520,075000,331,7,0,0
6521,075010,362,7,0,0
6522,075020,580,7,0,0
6523,075030,707,7,0,0
6524,075000,338,7,0,0
6525,075010,352,7,0,0
6526,075020,579,7,0,0
6527,075030,709,7,0,0
6528,075000,523,7,0,0
6529,075010,360,7,0,0
6530,075020,566,9,0,0
6531,075030,713,7,0,0
6532,075000,406,7,0,0
6533,075010,360,7,0,0
6534,075020,553,9,0,0
6535,075030,713,7,0,0
6536,075000,350,7,0,0
6537,075010,378,7,0,0
6538,075020,567,9,0,0
6539,075030,707,7,0,0
6540,075000,337,7,0,0
6541,075010,355,7,0,0
6542,075020,586,7,0,0
6543,075030,714,7,0,0
6544,075000,339,7,0,0
6545,075010,353,7,0,0
6546,075020,575,7,0,0
6547,075030,707,7,0,0
6548,075000,331,7,0,0
6549,075010,358,7,0,0
6550,075020,583,7,0,0
6551,075030,714,7,0,0
6552,075000,352,7,0,0
6553,075010,360,7,0,0
6554,075020,571,7,0,0
6555,075030,713,7,0,0
6556,075000,341,7,0,0
6557,075010,371,7,0,0
6558,075020,575,7,0,0
6559,075030,703,7,0,0
6560,075000,337,7,0,0
6561,075010,353,7,0,0
6562,075020,586,7,0,0
6563,075030,708,7,0,0
6564,075000,341,7,0,0
6565,075010,360,7,0,0
6566,075020,576,7,0,0
6567,075030,709,7,0,0
6568,075000,328,7,0,0
6569,075010,352,7,0,0
6570,075020,561,9,0,0
6571,075030,713,7,0,0
6572,075000,327,7,0,0
6573,075010,355,7,0,0
6574,075020,583,7,0,0
6575,075030,707,7,0,0
6576,075000,341,7,0,0
6577,075010,345,7,0,0
6578,075020,575,7,0,0
6579,075030,707,7,0,0
6580,075000,338,7,0,0
6581,075010,352,7,0,0
6582,075020,579,7,0,0
6583,075030,713,7,0,0
6584,075000,348,7,0,0
6585,075010,359,7,0,0
6586,075020,584,7,0,0
6587,075030,713,7,0,0
6588,075000,352,7,0,0
6589,075010,356,7,0,0
6590,075020,557,9,0,0
6591,075030,709,7,0,0
6592,075000,450,7,0,0
6593,075010,363,7,0,0
6594,075020,571,7,0,0
6595,075030,704,7,0,0
6596,075000,327,7,0,0
6597,075010,355,7,0,0
6598,075020,557,9,0,0
6599,075030,713,7,0,0
6600,075000,327,7,0,0
6601,075010,361,7,0,0
6602,075020,573,7,0,0
6603,075030,703,7,0,0
6604,075000,327,7,0,0
6605,075010,362,7,0,0
6606,075020,588,7,0,0
6607,075030,707,7,0,0
6608,075000,331,7,0,0
6609,075010,358,7,0,0
6610,075020,562,9,0,0
6611,075030,707,7,0,0
6612,075000,332,7,0,0
6613,075010,367,7,0,0
6614,075020,588,7,0,0
6615,075030,703,7,0,0
6616,075000,469,7,0,0
6617,075010,360,7,0,0
6618,075020,576,7,0,0
6619,075030,713,7,0,0
6620,075000,341,7,0,0
6621,075010,351,7,0,0
6622,075020,571,7,0,0
6623,075030,707,7,0,0
6624,075000,513,7,0,0
6625,075010,356,7,0,0
6626,075020,554,9,0,0
6627,075030,707,7,0,0
6628,075000,519,7,0,0
6629,075010,355,7,0,0
6630,075020,573,7,0,0
6631,075030,709,7,0,0
6632,075000,332,7,0,0
6633,075010,362,7,0,0
6634,075020,577,7,0,0
6635,075030,713,7,0,0
6636,075000,341,7,0,0
6637,075010,371,7,0,0
6638,075020,590,7,0,0
6639,075030,714,7,0,0
6640,075000,339,7,0,0
6641,075010,353,7,0,0
6642,075020,579,7,0,0
6643,075030,707,7,0,0
6644,075000,327,7,0,0
6645,075010,355,7,0,0
6646,075020,565,9,0,0
6647,075030,713,7,0,0
6648,075000,341,7,0,0
6649,075010,345,7,0,0
6650,075020,561,9,0,0
6651,075030,245,7,0,0
6652,075000,366,7,0,0
6653,075010,372,7,0,0
6654,075020,583,7,0,0
6655,075030,707,7,0,0
6656,075000,338,7,0,0
6657,075010,352,7,0,0
6658,075020,583,7,0,0
6659,075030,713,7,0,0
6660,075000,352,7,0,0
6661,075010,363,7,0,0
6662,075020,575,7,0,0
6663,075030,704,7,0,0
6664,075000,327,7,0,0
6665,075010,363,7,0,0
6666,075020,553,9,0,0
6667,075030,713,7,0,0
6668,075000,338,7,0,0
6669,075010,359,7,0,0
6670,075020,554,9,0,0
6671,075030,713,7,0,0
6672,075000,341,7,0,0
6673,075010,349,7,0,0
6674,075020,575,7,0,0
6675,075030,709,7,0,0
6676,075000,339,7,0,0
6677,075010,345,7,0,0
6678,075020,579,7,0,0
6679,075030,703,7,0,0
6680,075000,331,7,0,0
6681,075010,371,7,0,0
6682,075020,582,7,0,0
6683,075030,708,7,0,0
6684,075000,327,7,0,0
6685,075010,354,7,0,0
6686,075020,576,7,0,0
6687,075030,713,7,0,0
6688,075000,339,7,0,0
6689,075010,369,7,0,0
6690,075020,579,7,0,0
6691,075030,707,7,0,0
6692,075000,338,7,0,0
6693,075010,363,7,0,0
6694,075020,580,7,0,0
6695,075030,707,7,0,0
6696,075000,414,7,0,0
6697,075010,359,7,0,0
6698,075020,554,9,0,0
6699,075030,713,7,0,0
6700,075000,331,7,0,0
6701,075010,362,7,0,0
6702,075020,583,7,0,0
6703,075030,710,7,0,0
6704,075000,352,7,0,0
6705,075010,356,7,0,0
6706,075020,561,9,0,0
6707,075030,707,7,0,0
6708,075000,341,7,0,0
6709,075010,361,7,0,0
6710,075020,581,7,0,0
6711,075030,713,7,0,0
6712,075000,341,7,0,0
6713,075010,367,7,0,0
6714,075020,553,9,0,0
6715,075030,707,7,0,0
6716,075000,341,7,0,0
6717,075010,363,7,0,0
6718,075020,579,7,0,0
6719,075030,707,7,0,0
6720,075000,341,7,0,0
6721,075010,361,7,0,0
6722,075020,586,7,0,0
6723,075030,704,7,0,0
6724,075000,421,7,0,0
6725,075010,369,7,0,0
6726,075020,561,9,0,0
6727,075030,709,7,0,0
6728,075000,341,7,0,0
6729,075010,360,7,0,0
6730,075020,566,9,0,0
6731,075030,713,7,0,0
6732,075000,338,7,0,0
6733,075010,348,7,0,0
6734,075020,549,9,0,0
6735,075030,707,7,0,0
6736,075000,425,7,0,0
6737,075010,351,7,0,0
6738,075020,579,7,0,0
6739,075030,713,7,0,0
6740,075000,352,7,0,0
6741,075010,356,7,0,0
6742,075020,583,7,0,0
6743,075030,713,7,0,0
6744,075000,341,7,0,0
6745,075010,355,7,0,0
6746,075020,557,9,0,0
6747,075030,713,7,0,0
6748,075000,363,7,0,0
6749,075010,362,7,0,0
6750,075020,587,7,0,0
6751,075030,714,7,0,0
6752,075000,332,7,0,0
6753,075010,363,7,0,0
6754,075020,572,7,0,0
6755,075030,713,7,0,0
6756,075000,341,7,0,0
6757,075010,361,7,0,0
6758,075020,588,7,0,0
6759,075030,708,7,0,0
6760,075000,471,7,0,0
6761,075010,347,7,0,0
6762,075020,591,7,0,0
6763,075030,713,7,0,0
6764,075000,453,7,0,0
6765,075010,371,7,0,0
6766,075020,591,7,0,0
6767,075030,709,7,0,0
6768,075000,332,7,0,0
6769,075010,352,7,0,0
6770,075020,557,9,0,0
6771,075030,703,7,0,0
6772,075000,332,7,0,0
6773,075010,359,7,0,0
6774,075020,580,7,0,0
6775,075030,713,7,0,0
6776,075000,341,7,0,0
6777,075010,367,7,0,0
6778,075020,557,9,0,0
6779,075030,707,7,0,0
6780,075000,341,7,0,0
6781,075010,386,7,0,0
6782,075020,572,7,0,0
6783,075030,707,7,0,0
6784,075000,501,7,0,0
6785,075010,369,7,0,0
6786,075020,567,7,0,0
6787,075030,709,7,0,0
6788,075000,341,7,0,0
6789,075010,365,7,0,0
6790,075020,559,9,0,0
6791,075030,703,7,0,0
6792,075000,328,7,0,0
6793,075010,372,7,0,0
6794,075020,571,7,0,0
6795,075030,713,7,0,0
6796,075000,328,7,0,0
6797,075010,372,7,0,0
6798,075020,578,7,0,0
6799,075030,708,7,0,0
6800,075000,379,7,0,0
6801,075010,358,7,0,0
6802,075020,554,9,0,0
6803,075030,709,7,0,0
6804,075000,347,7,0,0
6805,075010,358,7,0,0
6806,075020,588,7,0,0
6807,075030,707,7,0,0
6808,075000,331,7,0,0
6809,075010,351,7,0,0
6810,075020,575,7,0,0
6811,075030,709,7,0,0
6812,075000,413,7,0,0
6813,075010,371,7,0,0
6814,075020,591,7,0,0
6815,075030,713,7,0,0
6816,075000,332,7,0,0
6817,075010,368,7,0,0
6818,075020,579,7,0,0
6819,075030,707,7,0,0
6820,075000,327,7,0,0
6821,075010,367,7,0,0
6822,075020,578,7,0,0
6823,075030,714,7,0,0
6824,075000,328,7,0,0
6825,075010,363,7,0,0
6826,075020,580,7,0,0
6827,075030,703,7,0,0
6828,075000,331,7,0,0
6829,075010,377,7,0,0
6830,075020,580,7,0,0
6831,075030,708,7,0,0
6832,075000,341,7,0,0
6833,075010,365,7,0,0
6834,075020,567,7,0,0
6835,075030,707,7,0,0
6836,075000,331,7,0,0
6837,075010,351,7,0,0
6838,075020,583,7,0,0
6839,075030,713,7,0,0
6840,075000,348,7,0,0
6841,075010,359,7,0,0
6842,075020,567,7,0,0
6843,075030,710,7,0,0
6844,075000,364,7,0,0
6845,075010,347,7,0,0
6846,075020,584,7,0,0
6847,075030,703,7,0,0
6848,075000,347,7,0,0
6849,075010,351,7,0,0
6850,075020,583,7,0,0
6851,075030,713,7,0,0
6852,075000,339,7,0,0
6853,075010,361,7,0,0
6854,075020,567,7,0,0
6855,075030,707,7,0,0
6856,075000,341,7,0,0
6857,075010,360,7,0,0
6858,075020,584,7,0,0
6859,075030,709,7,0,0
6860,075000,328,7,0,0
6861,075010,372,7,0,0
6862,075020,579,7,0,0
6863,075030,713,7,0,0
6864,075000,364,7,0,0
6865,075010,375,7,0,0
6866,075020,583,7,0,0
6867,075030,704,7,0,0
6868,075000,431,7,0,0
6869,075010,355,7,0,0
6870,075020,587,7,0,0
6871,075030,713,7,0,0
6872,075000,328,7,0,0
6873,075010,364,7,0,0
6874,075020,586,7,0,0
6875,075030,714,7,0,0
6876,075000,352,7,0,0
6877,075010,363,7,0,0
6878,075020,592,7,0,0
6879,075030,713,7,0,0
6880,075000,328,7,0,0
6881,075010,372,7,0,0
6882,075020,586,7,0,0
6883,075030,708,7,0,0
6884,075000,341,7,0,0
6885,075010,369,7,0,0
6886,075020,575,7,0,0
6887,075030,707,7,0,0
6888,075000,327,7,0,0
6889,075010,347,7,0,0
6890,075020,583,7,0,0
6891,075030,707,7,0,0
6892,075000,350,7,0,0
6893,075010,359,7,0,0
6894,075020,580,7,0,0
6895,075030,713,7,0,0
6896,075000,339,7,0,0
6897,075010,360,7,0,0
6898,075020,580,7,0,0
6899,075030,707,7,0,0
6900,075000,442,7,0,0
6901,075010,384,7,0,0
6902,075020,571,7,0,0
6903,075030,709,7,0,0
6904,075000,341,7,0,0
6905,075010,351,7,0,0
6906,075020,583,7,0,0
6907,075030,709,7,0,0
6908,075000,439,7,0,0
6909,075010,356,7,0,0
6910,075020,588,7,0,0
6911,075030,707,7,0,0
6912,075000,331,7,0,0
6913,075010,377,7,0,0
6914,075020,584,7,0,0
6915,075030,708,7,0,0
6916,075000,347,7,0,0
6917,075010,349,7,0,0
6918,075020,581,7,0,0
6919,075030,713,7,0,0
6920,075000,339,7,0,0
6921,075010,349,7,0,0
6922,075020,579,7,0,0
6923,075030,703,7,0,0
6924,075000,341,7,0,0
6925,075010,349,7,0,0
6926,075020,575,7,0,0
6927,075030,713,7,0,0
6928,075000,341,7,0,0
6929,075010,362,7,0,0
6930,075020,584,7,0,0
6931,075030,707,7,0,0
6932,075000,362,7,0,0
6933,075010,375,7,0,0
6934,075020,575,7,0,0
6935,075030,714,7,0,0
6936,075000,455,7,0,0
6937,075010,347,7,0,0
6938,075020,585,7,0,0
6939,075030,707,7,0,0
6940,075000,434,7,0,0
6941,075010,352,7,0,0
6942,075020,571,7,0,0
6943,075030,707,7,0,0
6944,075000,347,7,0,0
6945,075010,362,7,0,0
6946,075020,579,7,0,0
6947,075030,704,7,0,0
6948,075000,341,7,0,0
6949,075010,356,7,0,0
6950,075020,575,7,0,0
6951,075030,708,7,0,0
6952,075000,341,7,0,0
6953,075010,369,7,0,0
6954,075020,582,7,0,0
6955,075030,714,7,0,0
6956,075000,352,7,0,0
6957,075010,368,7,0,0
6958,075020,578,7,0,0
6959,075030,710,7,0,0
6960,075000,400,7,0,0
6961,075010,372,7,0,0
6962,075020,578,7,0,0
6963,075030,708,7,0,0
6964,075000,337,7,0,0
6965,075010,365,7,0,0
6966,075020,570,7,0,0
6967,075030,708,7,0,0
6968,075000,347,7,0,0
6969,075010,371,7,0,0
6970,075020,582,7,0,0
6971,075030,714,7,0,0
6972,075000,339,7,0,0
6973,075010,359,7,0,0
6974,075020,555,9,0,0
6975,075030,707,7,0,0
6976,075000,332,7,0,0
6977,075010,372,7,0,0
6978,075020,565,9,0,0
6979,075030,703,7,0,0
6980,075000,341,7,0,0
6981,075010,365,7,0,0
6982,075020,585,7,0,0
6983,075030,707,7,0,0
6984,075000,331,7,0,0
6985,075010,357,7,0,0
6986,075020,573,7,0,0
6987,075030,703,7,0,0
6988,075000,331,7,0,0
6989,075010,362,7,0,0
6990,075020,580,7,0,0
6991,075030,713,7,0,0
6992,075000,341,7,0,0
6993,075010,419,7,0,0
6994,075020,553,9,0,0
6995,075030,713,7,0,0
6996,075000,327,7,0,0
6997,075010,371,7,0,0
6998,075020,565,9,0,0
6999,075030,703,7,0,0
7000,075000,341,7,0,0
7001,075010,351,7,0,0
7002,075020,575,7,0,0
7003,075030,713,7,0,0
7004,075000,328,7,0,0
7005,075010,352,7,0,0
7006,075020,583,7,0,0
7007,075030,709,7,0,0
7008,075000,341,7,0,0
7009,075010,347,7,0,0
7010,075020,569,9,0,0
7011,075030,707,7,0,0
7012,075000,448,7,0,0
7013,075010,372,7,0,0
7014,075020,583,7,0,0
7015,075030,713,7,0,0
7016,075000,337,7,0,0
7017,075010,358,7,0,0
7018,075020,568,7,0,0
7019,075030,707,7,0,0
7020,075000,337,7,0,0
7021,075010,360,7,0,0
7022,075020,576,7,0,0
7023,075030,713,7,0,0
7024,075000,348,7,0,0
7025,075010,356,7,0,0
7026,075020,590,7,0,0
7027,075030,714,7,0,0
7028,075000,341,7,0,0
7029,075010,377,7,0,0
7030,075020,581,7,0,0
7031,075030,713,7,0,0
7032,075000,363,7,0,0
7033,075010,360,7,0,0
7034,075020,583,7,0,0
7035,075030,708,7,0,0
7036,075000,389,7,0,0
7037,075010,369,7,0,0
7038,075020,557,9,0,0
7039,075030,713,7,0,0
7040,075000,341,7,0,0
7041,075010,360,7,0,0
7042,075020,570,9,0,0
7043,075030,709,7,0,0
7044,075000,337,7,0,0
7045,075010,375,7,0,0
7046,075020,563,9,0,0
7047,075030,703,7,0,0
7048,075000,348,7,0,0
7049,075010,352,7,0,0
7050,075020,561,9,0,0
7051,075030,713,7,0,0
7052,075000,341,7,0,0
7053,075010,364,7,0,0
7054,075020,562,9,0,0
7055,075030,707,7,0,0
7056,075000,508,7,0,0
7057,075010,348,7,0,0
7058,075020,579,7,0,0
7059,075030,707,7,0,0
7060,075000,347,7,0,0
7061,075010,362,7,0,0
7062,075020,584,7,0,0
7063,075030,713,7,0,0
7064,075000,489,7,0,0
7065,075010,371,7,0,0
7066,075020,579,7,0,0
7067,075030,709,7,0,0
7068,075000,348,7,0,0
7069,075010,352,7,0,0
7070,075020,575,7,0,0
7071,075030,713,7,0,0
7072,075000,337,7,0,0
7073,075010,358,7,0,0
7074,075020,579,7,0,0
7075,075030,708,7,0,0
7076,075000,519,7,0,0
7077,075010,367,7,0,0
7078,075020,583,7,0,0
7079,075030,709,7,0,0
7080,075000,348,7,0,0
7081,075010,368,7,0,0
7082,075020,574,7,0,0
7083,075030,708,7,0,0
7084,075000,341,7,0,0
7085,075010,349,7,0,0
7086,075020,583,7,0,0
7087,075030,707,7,0,0
7088,075000,450,7,0,0
7089,075010,352,7,0,0
7090,075020,557,9,0,0
7091,075030,713,7,0,0
7092,075000,341,7,0,0
7093,075010,369,7,0,0
7094,075020,578,7,0,0
7095,075030,708,7,0,0
7096,075000,337,7,0,0
7097,075010,349,7,0,0
7098,075020,573,9,0,0
7099,075030,707,7,0,0
7100,075000,339,7,0,0
7101,075010,359,7,0,0
7102,075020,580,7,0,0
7103,075030,708,7,0,0
7104,075000,338,7,0,0
7105,075010,352,7,0,0
7106,075020,561,9,0,0
7107,075030,707,7,0,0
7108,075000,337,7,0,0
7109,075010,362,7,0,0
7110,075020,576,7,0,0
7111,075030,709,7,0,0
7112,075000,352,7,0,0
7113,075010,352,7,0,0
7114,075020,557,9,0,0
7115,075030,713,7,0,0
7116,075000,374,7,0,0
7117,075010,358,7,0,0
7118,075020,581,7,0,0
7119,075030,707,7,0,0
7120,075000,454,7,0,0
7121,075010,348,7,0,0
7122,075020,587,7,0,0
7123,075030,713,7,0,0
7124,075000,328,7,0,0
7125,075010,378,7,0,0
7126,075020,584,7,0,0
7127,075030,710,7,0,0
7128,075000,328,7,0,0
7129,075010,380,7,0,0
7130,075020,582,7,0,0
7131,075030,714,7,0,0
7132,075000,341,7,0,0
7133,075010,355,7,0,0
7134,075020,598,7,0,0
7135,075030,714,7,0,0
7136,075000,339,7,0,0
7137,075010,375,7,0,0
7138,075020,559,9,0,0
7139,075030,713,7,0,0
7140,075000,338,7,0,0
7141,075010,380,7,0,0
7142,075020,553,9,0,0
7143,075030,713,7,0,0
7144,075000,327,7,0,0
7145,075010,347,7,0,0
7146,075020,575,7,0,0
7147,075030,709,7,0,0
7148,075000,476,7,0,0
7149,075010,358,7,0,0
7150,075020,555,9,0,0
7151,075030,709,7,0,0
7152,075000,341,7,0,0
7153,075010,349,7,0,0
7154,075020,587,7,0,0
7155,075030,713,7,0,0
7156,075000,459,7,0,0
7157,075010,360,7,0,0
7158,075020,584,7,0,0
7159,075030,707,7,0,0
7160,075000,347,7,0,0
7161,075010,353,7,0,0
7162,075020,577,7,0,0
7163,075030,709,7,0,0
7164,075000,392,7,0,0
7165,075010,372,7,0,0
7166,075020,557,9,0,0
7167,075030,707,7,0,0
7168,075000,444,7,0,0
7169,075010,372,7,0,0
7170,075020,587,7,0,0
7171,075030,713,7,0,0
7172,075000,341,7,0,0
7173,075010,362,7,0,0
7174,075020,576,7,0,0
7175,075030,713,7,0,0
7176,075000,348,7,0,0
7177,075010,358,7,0,0
7178,075020,585,7,0,0
7179,075030,713,7,0,0
7180,075000,516,7,0,0
7181,075010,363,7,0,0
7182,075020,576,7,0,0
7183,075030,703,7,0,0
7184,075000,426,7,0,0
7185,075010,378,7,0,0
7186,075020,573,7,0,0
7187,075030,707,7,0,0
7188,075000,338,7,0,0
7189,075010,364,7,0,0
7190,075020,579,7,0,0
7191,075030,709,7,0,0
7192,075000,348,7,0,0
7193,075010,363,7,0,0
7194,075020,580,7,0,0
7195,075030,713,7,0,0
7196,075000,337,7,0,0
7197,075010,358,7,0,0
7198,075020,580,7,0,0
7199,075030,707,7,0,0
7200,075000,331,7,0,0
7201,075010,345,7,0,0
7202,075020,569,7,0,0
7203,075030,713,7,0,0
7204,075000,341,7,0,0
7205,075010,362,7,0,0
7206,075020,558,9,0,0
7207,075030,707,7,0,0
7208,075000,348,7,0,0
7209,075010,372,7,0,0
7210,075020,571,7,0,0
7211,075030,707,7,0,0
7212,075000,338,7,0,0
7213,075010,356,7,0,0
7214,075020,587,7,0,0
7215,075030,713,7,0,0
7216,075000,348,7,0,0
7217,075010,359,7,0,0
7218,075020,579,7,0,0
7219,075030,710,7,0,0
7220,075000,337,7,0,0
7221,075010,362,7,0,0
7222,075020,584,7,0,0
7223,075030,707,7,0,0
7224,075000,350,7,0,0
7225,075010,366,7,0,0
7226,075020,585,7,0,0
7227,075030,713,7,0,0
7228,075000,404,7,0,0
7229,075010,364,7,0,0
7230,075020,587,7,0,0
7231,075030,703,7,0,0
7232,075000,327,7,0,0
7233,075010,363,7,0,0
7234,075020,583,7,0,0
7235,075030,707,7,0,0
7236,075000,347,7,0,0
7237,075010,383,7,0,0
7238,075020,579,7,0,0
7239,075030,707,7,0,0
7240,075000,337,7,0,0
7241,075010,372,7,0,0
7242,075020,588,7,0,0
7243,075030,707,7,0,0
7244,075000,337,7,0,0
7245,075010,369,7,0,0
7246,075020,557,9,0,0
7247,075030,707,7,0,0
7248,075000,337,7,0,0
7249,075010,358,7,0,0
7250,075020,558,9,0,0
7251,075030,713,7,0,0
7252,075000,347,7,0,0
7253,075010,365,7,0,0
7254,075020,577,7,0,0
7255,075030,707,7,0,0
7256,075000,394,7,0,0
7257,075010,368,7,0,0
7258,075020,583,7,0,0
7259,075030,713,7,0,0
7260,075000,337,7,0,0
7261,075010,355,7,0,0
7262,075020,583,7,0,0
7263,075030,707,7,0,0
7264,075000,446,7,0,0
7265,075010,368,7,0,0
7266,075020,571,7,0,0
7267,075030,713,7,0,0
7268,075000,360,7,0,0
7269,075010,352,7,0,0
7270,075020,579,7,0,0
7271,075030,713,7,0,0
7272,075000,464,7,0,0
7273,075010,364,7,0,0
7274,075020,583,7,0,0
7275,075030,703,7,0,0
7276,075000,338,7,0,0
7277,075010,358,7,0,0
7278,075020,551,9,0,0
7279,075030,707,7,0,0
7280,075000,341,7,0,0
7281,075010,362,7,0,0
7282,075020,580,7,0,0
7283,075030,703,7,0,0
7284,075000,338,7,0,0
7285,075010,368,7,0,0
7286,075020,571,7,0,0
7287,075030,713,7,0,0
7288,075000,364,7,0,0
7289,075010,368,7,0,0
7290,075020,557,9,0,0
7291,075030,707,7,0,0
7292,075000,341,7,0,0
7293,075010,383,7,0,0
7294,075020,561,9,0,0
7295,075030,713,7,0,0
7296,075000,338,7,0,0
7297,075010,402,7,0,0
7298,075020,585,7,0,0
7299,075030,713,7,0,0
7300,075000,328,7,0,0
7301,075010,366,7,0,0
7302,075020,577,7,0,0
7303,075030,707,7,0,0
7304,075000,459,7,0,0
7305,075010,367,7,0,0
7306,075020,583,7,0,0
7307,075030,709,7,0,0
7308,075000,341,7,0,0
7309,075010,362,7,0,0
7310,075020,576,7,0,0
7311,075030,703,7,0,0
7312,075000,425,7,0,0
7313,075010,369,7,0,0
7314,075020,561,9,0,0
7315,075030,713,7,0,0
7316,075000,341,7,0,0
7317,075010,345,7,0,0
7318,075020,579,7,0,0
7319,075030,713,7,0,0
7320,075000,332,7,0,0
7321,075010,372,7,0,0
7322,075020,586,7,0,0
7323,075030,708,7,0,0
7324,075000,327,7,0,0
7325,075010,351,7,0,0
7326,075020,579,7,0,0
7327,075030,703,7,0,0
7328,075000,442,7,0,0
7329,075010,368,7,0,0
7330,075020,578,7,0,0
7331,075030,714,7,0,0
7332,075000,508,7,0,0
7333,075010,368,7,0,0
7334,075020,561,9,0,0
7335,075030,713,7,0,0
7336,075000,338,7,0,0
7337,075010,372,7,0,0
7338,075020,591,7,0,0
7339,075030,707,7,0,0
7340,075000,406,7,0,0
7341,075010,356,7,0,0
7342,075020,571,7,0,0
7343,075030,713,7,0,0
7344,075000,341,7,0,0
7345,075010,351,7,0,0
7346,075020,579,7,0,0
7347,075030,707,7,0,0
7348,075000,463,7,0,0
7349,075010,358,7,0,0
7350,075020,579,7,0,0
7351,075030,714,7,0,0
7352,075000,348,7,0,0
7353,075010,368,7,0,0
7354,075020,557,9,0,0
7355,075030,713,7,0,0
7356,075000,338,7,0,0
7357,075010,378,7,0,0
7358,075020,572,7,0,0
7359,075030,714,7,0,0
7360,075000,341,7,0,0
7361,075010,355,7,0,0
7362,075020,561,9,0,0
7363,075030,707,7,0,0
7364,075000,337,7,0,0
7365,075010,362,7,0,0
7366,075020,580,7,0,0
7367,075030,713,7,0,0
7368,075000,337,7,0,0
7369,075010,345,7,0,0
7370,075020,555,9,0,0
7371,075030,703,7,0,0
7372,075000,352,7,0,0
7373,075010,375,7,0,0
7374,075020,558,9,0,0
7375,075030,713,7,0,0
7376,075000,421,7,0,0
7377,075010,349,7,0,0
7378,075020,566,7,0,0
7379,075030,714,7,0,0
7380,075000,332,7,0,0
7381,075010,375,7,0,0
7382,075020,554,9,0,0
7383,075030,707,7,0,0
7384,075000,341,7,0,0
7385,075010,371,7,0,0
7386,075020,569,9,0,0
7387,075030,713,7,0,0
7388,075000,446,7,0,0
7389,075010,364,7,0,0
7390,075020,553,9,0,0
7391,075030,707,7,0,0
7392,075000,352,7,0,0
7393,075010,366,7,0,0
7394,075020,584,7,0,0
7395,075030,708,7,0,0
7396,075000,327,7,0,0
7397,075010,362,7,0,0
7398,075020,571,7,0,0
7399,075030,708,7,0,0
7400,075000,471,7,0,0
7401,075010,362,7,0,0
7402,075020,583,7,0,0
7403,075030,708,7,0,0
7404,075000,427,7,0,0
7405,075010,362,7,0,0
7406,075020,562,9,0,0
7407,075030,713,7,0,0
7408,075000,350,7,0,0
7409,075010,368,7,0,0
7410,075020,586,7,0,0
7411,075030,714,7,0,0
7412,075000,337,7,0,0
7413,075010,371,7,0,0
7414,075020,571,7,0,0
7415,075030,713,7,0,0
7416,075000,504,7,0,0
7417,075010,363,7,0,0
7418,075020,550,9,0,0
7419,075030,713,7,0,0
7420,075000,337,7,0,0
7421,075010,356,7,0,0
7422,075020,588,7,0,0
7423,075030,707,7,0,0
7424,075000,331,7,0,0
7425,075010,362,7,0,0
7426,075020,583,7,0,0
7427,075030,708,7,0,0
7428,075000,350,7,0,0
7429,075010,372,7,0,0
7430,075020,579,7,0,0
7431,075030,703,7,0,0
7432,075000,506,7,0,0
7433,075010,368,7,0,0
7434,075020,575,7,0,0
7435,075030,707,7,0,0
7436,075000,357,7,0,0
7437,075010,359,7,0,0
7438,075020,577,7,0,0
7439,075030,713,7,0,0
7440,075000,341,7,0,0
7441,075010,362,7,0,0
7442,075020,580,7,0,0
7443,075030,703,7,0,0
7444,075000,331,7,0,0
7445,075010,362,7,0,0
7446,075020,576,7,0,0
7447,075030,707,7,0,0
7448,075000,506,7,0,0
7449,075010,352,7,0,0
7450,075020,579,7,0,0
7451,075030,703,7,0,0
7452,075000,341,7,0,0
7453,075010,360,7,0,0
7454,075020,570,9,0,0
7455,075030,713,7,0,0
7456,075000,463,7,0,0
7457,075010,365,7,0,0
7458,075020,555,9,0,0
7459,075030,707,7,0,0
7460,075000,341,7,0,0
7461,075010,347,7,0,0
7462,075020,579,7,0,0
7463,075030,707,7,0,0
7464,075000,338,7,0,0
7465,075010,356,7,0,0
7466,075020,583,7,0,0
7467,075030,707,7,0,0
7468,075000,341,7,0,0
7469,075010,369,7,0,0
7470,075020,235,7,0,0
7471,075030,713,7,0,0
7472,075000,405,7,0,0
7473,075010,361,7,0,0
7474,075020,577,7,0,0
7475,075030,713,7,0,0
7476,075000,348,7,0,0
7477,075010,363,7,0,0
7478,075020,579,7,0,0
7479,075030,708,7,0,0
7480,075000,338,7,0,0
7481,075010,363,7,0,0
7482,075020,562,9,0,0
7483,075030,703,7,0,0
7484,075000,341,7,0,0
7485,075010,347,7,0,0
7486,075020,582,7,0,0
7487,075030,710,7,0,0
7488,075000,339,7,0,0
7489,075010,356,7,0,0
7490,075020,571,7,0,0
7491,075030,714,7,0,0
7492,075000,384,7,0,0
7493,075010,363,7,0,0
7494,075020,584,7,0,0
7495,075030,709,7,0,0
7496,075000,339,7,0,0
7497,075010,356,7,0,0
7498,075020,550,9,0,0
7499,075030,709,7,0,0
7500,075000,345,7,0,0
7501,075010,372,7,0,0
7502,075020,584,7,0,0
7503,075030,713,7,0,0
7504,075000,341,7,0,0
7505,075010,351,7,0,0
7506,075020,587,7,0,0
7507,075030,713,7,0,0
7508,075000,497,7,0,0
7509,075010,367,7,0,0
7510,075020,587,7,0,0
7511,075030,707,7,0,0
7512,075000,327,7,0,0
7513,075010,363,7,0,0
7514,075020,591,7,0,0
7515,075030,707,7,0,0
7516,075000,347,7,0,0
7517,075010,377,7,0,0
7518,075020,581,7,0,0
7519,075030,713,7,0,0
7520,075000,337,7,0,0
7521,075010,343,7,0,0
7522,075020,561,9,0,0
7523,075030,707,7,0,0
7524,075000,352,7,0,0
7525,075010,380,7,0,0
7526,075020,575,7,0,0
7527,075030,703,7,0,0
7528,075000,342,7,0,0
7529,075010,368,7,0,0
7530,075020,586,7,0,0
7531,075030,714,7,0,0
7532,075000,337,7,0,0
7533,075010,347,7,0,0
7534,075020,582,7,0,0
7535,075030,708,7,0,0
7536,075000,341,7,0,0
7537,075010,360,7,0,0
7538,075020,579,7,0,0
7539,075030,704,7,0,0
7540,075000,338,7,0,0
7541,075010,364,7,0,0
7542,075020,579,7,0,0
7543,075030,703,7,0,0
7544,075000,463,7,0,0
7545,075010,355,7,0,0
7546,075020,579,7,0,0
7547,075030,707,7,0,0
7548,075000,347,7,0,0
7549,075010,362,7,0,0
7550,075020,562,9,0,0
7551,075030,707,7,0,0
7552,075000,337,7,0,0
7553,075010,355,7,0,0
7554,075020,583,7,0,0
7555,075030,707,7,0,0
7556,075000,487,7,0,0
7557,075010,362,7,0,0
7558,075020,583,7,0,0
7559,075030,708,7,0,0
7560,075000,341,7,0,0
7561,075010,345,7,0,0
7562,075020,590,7,0,0
7563,075030,714,7,0,0
7564,075000,339,7,0,0
7565,075010,356,7,0,0
7566,075020,579,7,0,0
7567,075030,714,7,0,0
7568,075000,341,7,0,0
7569,075010,358,7,0,0
7570,075020,572,7,0,0
7571,075030,707,7,0,0
7572,075000,347,7,0,0
7573,075010,355,7,0,0
7574,075020,579,7,0,0
7575,075030,703,7,0,0
7576,075000,338,7,0,0
7577,075010,352,7,0,0
7578,075020,579,7,0,0
7579,075030,707,7,0,0
7580,075000,341,7,0,0
7581,075010,349,7,0,0
7582,075020,557,9,0,0
7583,075030,713,7,0,0
7584,075000,502,7,0,0
7585,075010,372,7,0,0
7586,075020,561,9,0,0
7587,075030,707,7,0,0
7588,075000,368,7,0,0
7589,075010,362,7,0,0
7590,075020,577,7,0,0
7591,075030,703,7,0,0
7592,075000,347,7,0,0
7593,075010,377,7,0,0
7594,075020,581,7,0,0
7595,075030,713,7,0,0
7596,075000,337,7,0,0
7597,075010,363,7,0,0
7598,075020,583,7,0,0
7599,075030,713,7,0,0
7600,075000,341,7,0,0
7601,075010,355,7,0,0
7602,075020,574,7,0,0
7603,075030,714,7,0,0
7604,075000,328,7,0,0
7605,075010,372,7,0,0
7606,075020,571,7,0,0
7607,075030,245,7,0,0
7608,075000,348,7,0,0
7609,075010,356,7,0,0
7610,075020,579,7,0,0
7611,075030,713,7,0,0
7612,075000,341,7,0,0
7613,075010,339,9,0,0
7614,075020,571,7,0,0
7615,075030,713,7,0,0
7616,075000,521,7,0,0
7617,075010,371,7,0,0
7618,075020,565,9,0,0
7619,075030,707,7,0,0
7620,075000,339,7,0,0
7621,075010,360,7,0,0
7622,075020,550,9,0,0
7623,075030,703,7,0,0
7624,075000,328,7,0,0
7625,075010,360,7,0,0
7626,075020,575,7,0,0
7627,075030,709,7,0,0
7628,075000,341,7,0,0
7629,075010,351,7,0,0
7630,075020,587,7,0,0
7631,075030,707,7,0,0
7632,075000,510,7,0,0
7633,075010,359,7,0,0
7634,075020,576,7,0,0
7635,075030,703,7,0,0
7636,075000,337,7,0,0
7637,075010,360,7,0,0
7638,075020,584,7,0,0
7639,075030,707,7,0,0
7640,075000,446,7,0,0
7641,075010,358,7,0,0
7642,075020,581,7,0,0
7643,075030,707,7,0,0
7644,075000,327,7,0,0
7645,075010,363,7,0,0
7646,075020,579,7,0,0
7647,075030,709,7,0,0
7648,075000,328,7,0,0
7649,075010,363,7,0,0
7650,075020,554,9,0,0
7651,075030,713,7,0,0
7652,075000,509,7,0,0
7653,075010,363,7,0,0
7654,075020,584,7,0,0
7655,075030,708,7,0,0
7656,075000,347,7,0,0
7657,075010,367,7,0,0
7658,075020,553,9,0,0
7659,075030,707,7,0,0
7660,075000,337,7,0,0
7661,075010,358,7,0,0
7662,075020,579,7,0,0
7663,075030,714,7,0,0
7664,075000,341,7,0,0
7665,075010,358,7,0,0
7666,075020,583,7,0,0
7667,075030,708,7,0,0
7668,075000,410,7,0,0
7669,075010,368,7,0,0
7670,075020,583,7,0,0
7671,075030,713,7,0,0
7672,075000,348,7,0,0
7673,075010,367,7,0,0
7674,075020,576,7,0,0
7675,075030,713,7,0,0
7676,075000,337,7,0,0
7677,075010,362,7,0,0
7678,075020,584,7,0,0
7679,075030,713,7,0,0
7680,075000,341,7,0,0
7681,075010,363,7,0,0
7682,075020,583,7,0,0
7683,075030,713,7,0,0
7684,075000,341,7,0,0
7685,075010,358,7,0,0
7686,075020,571,7,0,0
7687,075030,714,7,0,0
7688,075000,339,7,0,0
7689,075010,355,7,0,0
7690,075020,584,7,0,0
7691,075030,710,7,0,0
7692,075000,339,7,0,0
7693,075010,372,7,0,0
7694,075020,580,7,0,0
7695,075030,713,7,0,0
7696,075000,363,7,0,0
7697,075010,361,7,0,0
7698,075020,557,9,0,0
7699,075030,707,7,0,0
7700,075000,433,7,0,0
7701,075010,362,7,0,0
7702,075020,584,7,0,0
7703,075030,709,7,0,0
7704,075000,341,7,0,0
7705,075010,353,7,0,0
7706,075020,573,7,0,0
7707,075030,707,7,0,0
7708,075000,341,7,0,0
7709,075010,359,7,0,0
7710,075020,577,7,0,0
7711,075030,707,7,0,0
7712,075000,491,7,0,0
7713,075010,357,7,0,0
7714,075020,547,9,0,0
7715,075030,713,7,0,0
7716,075000,347,7,0,0
7717,075010,362,7,0,0
7718,075020,576,7,0,0
7719,075030,713,7,0,0
7720,075000,361,7,0,0
7721,075010,371,7,0,0
7722,075020,587,7,0,0
7723,075030,713,7,0,0
7724,075000,337,7,0,0
7725,075010,374,7,0,0
7726,075020,580,7,0,0
7727,075030,709,7,0,0
7728,075000,352,7,0,0
7729,075010,380,7,0,0
7730,075020,571,7,0,0
7731,075030,703,7,0,0
7732,075000,338,7,0,0
7733,075010,363,7,0,0
7734,075020,576,7,0,0
7735,075030,707,7,0,0
7736,075000,491,7,0,0
7737,075010,351,7,0,0
7738,075020,583,7,0,0
7739,075030,713,7,0,0
7740,075000,339,7,0,0
7741,075010,375,7,0,0
7742,075020,581,7,0,0
7743,075030,713,7,0,0
7744,075000,467,7,0,0
7745,075010,360,7,0,0
7746,075020,576,7,0,0
7747,075030,713,7,0,0
7748,075000,341,7,0,0
7749,075010,367,7,0,0
7750,075020,583,7,0,0
7751,075030,713,7,0,0
7752,075000,341,7,0,0
7753,075010,377,7,0,0
7754,075020,584,7,0,0
7755,075030,714,7,0,0
7756,075000,341,7,0,0
7757,075010,355,7,0,0
7758,075020,575,7,0,0
7759,075030,713,7,0,0
7760,075000,363,7,0,0
7761,075010,361,7,0,0
7762,075020,575,7,0,0
7763,075030,707,7,0,0
7764,075000,337,7,0,0
7765,075010,360,7,0,0
7766,075020,580,7,0,0
7767,075030,709,7,0,0
7768,075000,341,7,0,0
7769,075010,351,7,0,0
7770,075020,553,9,0,0
7771,075030,713,7,0,0
7772,075000,331,7,0,0
7773,075010,357,7,0,0
7774,075020,563,9,0,0
7775,075030,707,7,0,0
7776,075000,352,7,0,0
7777,075010,359,7,0,0
7778,075020,580,7,0,0
7779,075030,709,7,0,0
7780,075000,352,7,0,0
7781,075010,396,7,0,0
7782,075020,579,7,0,0
7783,075030,713,7,0,0
7784,075000,332,7,0,0
7785,075010,368,7,0,0
7786,075020,565,9,0,0
7787,075030,713,7,0,0
7788,075000,341,7,0,0
7789,075010,345,7,0,0
7790,075020,553,9,0,0
7791,075030,703,7,0,0
7792,075000,339,7,0,0
7793,075010,364,7,0,0
7794,075020,576,7,0,0
7795,075030,707,7,0,0
7796,075000,331,7,0,0
7797,075010,351,7,0,0
7798,075020,582,7,0,0
7799,075030,708,7,0,0
7800,075000,338,7,0,0
7801,075010,362,7,0,0
7802,075020,581,7,0,0
7803,075030,713,7,0,0
7804,075000,328,7,0,0
7805,075010,363,7,0,0
7806,075020,558,9,0,0
7807,075030,709,7,0,0
7808,075000,331,7,0,0
7809,075010,366,7,0,0
7810,075020,580,7,0,0
7811,075030,713,7,0,0
7812,075000,352,7,0,0
7813,075010,352,7,0,0
7814,075020,565,9,0,0
7815,075030,713,7,0,0
7816,075000,341,7,0,0
7817,075010,351,7,0,0
7818,075020,571,9,0,0
7819,075030,703,7,0,0
7820,075000,341,7,0,0
7821,075010,347,7,0,0
7822,075020,573,9,0,0
7823,075030,703,7,0,0
7824,075000,337,7,0,0
7825,075010,351,7,0,0
7826,075020,575,7,0,0
7827,075030,713,7,0,0
7828,075000,332,7,0,0
7829,075010,359,7,0,0
7830,075020,568,7,0,0
7831,075030,713,7,0,0
7832,075000,332,7,0,0
7833,075010,372,7,0,0
7834,075020,575,7,0,0
7835,075030,707,7,0,0
7836,075000,350,7,0,0
7837,075010,359,7,0,0
7838,075020,583,7,0,0
7839,075030,714,7,0,0
7840,075000,352,7,0,0
7841,075010,362,7,0,0
7842,075020,568,7,0,0
7843,075030,714,7,0,0
7844,075000,337,7,0,0
7845,075010,349,7,0,0
7846,075020,577,7,0,0
7847,075030,709,7,0,0
7848,075000,457,7,0,0
7849,075010,362,7,0,0
7850,075020,584,7,0,0
7851,075030,707,7,0,0
7852,075000,341,7,0,0
7853,075010,361,7,0,0
7854,075020,569,9,0,0
7855,075030,707,7,0,0
7856,075000,375,7,0,0
7857,075010,356,7,0,0
7858,075020,584,7,0,0
7859,075030,713,7,0,0
7860,075000,348,7,0,0
7861,075010,375,7,0,0
7862,075020,576,7,0,0
7863,075030,707,7,0,0
7864,075000,337,7,0,0
7865,075010,360,7,0,0
7866,075020,579,7,0,0
7867,075030,714,7,0,0
7868,075000,328,7,0,0
7869,075010,378,7,0,0
7870,075020,569,7,0,0
7871,075030,707,7,0,0
7872,075000,338,7,0,0
7873,075010,362,7,0,0
7874,075020,577,7,0,0
7875,075030,709,7,0,0
7876,075000,337,7,0,0
7877,075010,374,7,0,0
7878,075020,587,7,0,0
7879,075030,714,7,0,0
7880,075000,352,7,0,0
7881,075010,372,7,0,0
7882,075020,575,7,0,0
7883,075030,709,7,0,0
7884,075000,332,7,0,0
7885,075010,356,7,0,0
7886,075020,575,7,0,0
7887,075030,703,7,0,0
7888,075000,341,7,0,0
7889,075010,356,7,0,0
7890,075020,576,7,0,0
7891,075030,707,7,0,0
7892,075000,409,7,0,0
7893,075010,361,7,0,0
7894,075020,569,9,0,0
7895,075030,703,7,0,0
7896,075000,447,7,0,0
7897,075010,360,7,0,0
7898,075020,583,7,0,0
7899,075030,714,7,0,0
7900,075000,385,7,0,0
7901,075010,361,7,0,0
7902,075020,577,7,0,0
7903,075030,707,7,0,0
7904,075000,341,7,0,0
7905,075010,353,7,0,0
7906,075020,582,7,0,0
7907,075030,708,7,0,0
7908,075000,338,7,0,0
7909,075010,346,7,0,0
7910,075020,567,9,0,0
7911,075030,713,7,0,0
7912,075000,341,7,0,0
7913,075010,375,7,0,0
7914,075020,577,7,0,0
7915,075030,703,7,0,0
7916,075000,341,7,0,0
7917,075010,372,7,0,0
7918,075020,576,7,0,0
7919,075030,707,7,0,0
7920,075000,350,7,0,0
7921,075010,352,7,0,0
7922,075020,583,7,0,0
7923,075030,713,7,0,0
7924,075000,328,7,0,0
7925,075010,363,7,0,0
7926,075020,558,9,0,0
7927,075030,707,7,0,0
7928,075000,328,7,0,0
7929,075010,372,7,0,0
7930,075020,579,7,0,0
7931,075030,707,7,0,0
7932,075000,347,7,0,0
7933,075010,349,7,0,0
7934,075020,581,7,0,0
7935,075030,713,7,0,0
7936,075000,339,7,0,0
7937,075010,359,7,0,0
7938,075020,559,9,0,0
7939,075030,707,7,0,0
7940,075000,332,7,0,0
7941,075010,356,7,0,0
7942,075020,583,7,0,0
7943,075030,709,7,0,0
7944,075000,341,7,0,0
7945,075010,347,7,0,0
7946,075020,574,7,0,0
7947,075030,704,7,0,0
7948,075000,350,7,0,0
7949,075010,358,7,0,0
7950,075020,559,9,0,0
7951,075030,707,7,0,0
7952,075000,337,7,0,0
7953,075010,358,7,0,0
7954,075020,584,7,0,0
7955,075030,709,7,0,0
7956,075000,328,7,0,0
7957,075010,354,7,0,0
7958,075020,585,7,0,0
7959,075030,703,7,0,0
7960,075000,347,7,0,0
7961,075010,377,7,0,0
7962,075020,581,7,0,0
7963,075030,713,7,0,0
7964,075000,332,7,0,0
7965,075010,375,7,0,0
7966,075020,566,9,0,0
7967,075030,707,7,0,0
7968,075000,368,7,0,0
7969,075010,354,7,0,0
7970,075020,576,7,0,0
7971,075030,708,7,0,0
7972,075000,510,7,0,0
7973,075010,362,7,0,0
7974,075020,572,7,0,0
7975,075030,708,7,0,0
7976,075000,518,7,0,0
7977,075010,348,7,0,0
7978,075020,575,7,0,0
7979,075030,703,7,0,0
7980,075000,331,7,0,0
7981,075010,362,7,0,0
7982,075020,558,9,0,0
7983,075030,707,7,0,0
7984,075000,341,7,0,0
7985,075010,367,7,0,0
7986,075020,561,9,0,0
7987,075030,707,7,0,0
7988,075000,337,7,0,0
7989,075010,377,7,0,0
7990,075020,585,7,0,0
7991,075030,713,7,0,0
7992,075000,328,7,0,0
7993,075010,359,7,0,0
7994,075020,588,7,0,0
7995,075030,703,7,0,0
7996,075000,434,7,0,0
7997,075010,364,7,0,0
7998,075020,571,7,0,0
7999,075030,713,7,0,0
8000,075000,497,7,0,0
8001,075010,361,7,0,0
8002,075020,563,9,0,0
8003,075030,709,7,0,0
8004,075000,341,7,0,0
8005,075010,351,7,0,0
8006,075020,585,7,0,0
8007,075030,707,7,0,0
8008,075000,361,7,0,0
8009,075010,372,7,0,0
8010,075020,579,7,0,0
8011,075030,708,7,0,0
8012,075000,327,7,0,0
8013,075010,362,7,0,0
8014,075020,588,7,0,0
8015,075030,713,7,0,0
8016,075000,492,7,0,0
8017,075010,366,7,0,0
8018,075020,581,7,0,0
8019,075030,713,7,0,0
8020,075000,337,7,0,0
8021,075010,351,7,0,0
8022,075020,557,9,0,0
8023,075030,707,7,0,0
8024,075000,391,7,0,0
8025,075010,356,7,0,0
8026,075020,580,7,0,0
8027,075030,707,7,0,0
8028,075000,331,7,0,0
8029,075010,361,7,0,0
8030,075020,581,7,0,0
8031,075030,713,7,0,0
8032,075000,352,7,0,0
8033,075010,368,7,0,0
8034,075020,565,9,0,0
8035,075030,703,7,0,0
8036,075000,337,7,0,0
8037,075010,361,7,0,0
8038,075020,563,9,0,0
8039,075030,709,7,0,0
8040,075000,331,7,0,0
8041,075010,351,7,0,0
8042,075020,583,7,0,0
8043,075030,713,7,0,0
8044,075000,328,7,0,0
8045,075010,368,7,0,0
8046,075020,579,7,0,0
8047,075030,713,7,0,0
8048,075000,332,7,0,0
8049,075010,363,7,0,0
8050,075020,576,7,0,0
8051,075030,709,7,0,0
8052,075000,512,7,0,0
8053,075010,378,7,0,0
8054,075020,577,7,0,0
8055,075030,707,7,0,0
8056,075000,338,7,0,0
8057,075010,366,7,0,0
8058,075020,581,7,0,0
8059,075030,703,7,0,0
8060,075000,341,7,0,0
8061,075010,360,7,0,0
8062,075020,562,9,0,0
8063,075030,707,7,0,0
8064,075000,348,7,0,0
8065,075010,356,7,0,0
8066,075020,574,7,0,0
8067,075030,714,7,0,0
8068,075000,337,7,0,0
8069,075010,377,7,0,0
8070,075020,580,7,0,0
8071,075030,708,7,0,0
8072,075000,514,7,0,0
8073,075010,359,7,0,0
8074,075020,576,7,0,0
8075,075030,713,7,0,0
8076,075000,332,7,0,0
8077,075010,363,7,0,0
8078,075020,550,9,0,0
8079,075030,707,7,0,0
8080,075000,521,7,0,0
8081,075010,361,7,0,0
8082,075020,585,7,0,0
8083,075030,707,7,0,0
8084,075000,331,7,0,0
8085,075010,377,7,0,0
8086,075020,551,9,0,0
8087,075030,707,7,0,0
8088,075000,368,7,0,0
8089,075010,363,7,0,0
8090,075020,584,7,0,0
8091,075030,713,7,0,0
8092,075000,352,7,0,0
8093,075010,346,7,0,0
8094,075020,581,7,0,0
8095,075030,707,7,0,0
8096,075000,347,7,0,0
8097,075010,361,7,0,0
8098,075020,584,7,0,0
8099,075030,714,7,0,0
8100,075000,339,7,0,0
8101,075010,356,7,0,0
8102,075020,576,7,0,0
8103,075030,713,7,0,0
8104,075000,339,7,0,0
8105,075010,360,7,0,0
8106,075020,550,9,0,0
8107,075030,707,7,0,0
8108,075000,488,7,0,0
8109,075010,368,7,0,0
8110,075020,574,7,0,0
8111,075030,714,7,0,0
8112,075000,337,7,0,0
8113,075010,361,7,0,0
8114,075020,581,7,0,0
8115,075030,703,7,0,0
8116,075000,337,7,0,0
8117,075010,355,7,0,0
8118,075020,589,7,0,0
8119,075030,703,7,0,0
8120,075000,338,7,0,0
8121,075010,358,7,0,0
8122,075020,577,7,0,0
8123,075030,713,7,0,0
8124,075000,339,7,0,0
8125,075010,360,7,0,0
8126,075020,588,7,0,0
8127,075030,707,7,0,0
8128,075000,350,7,0,0
8129,075010,358,7,0,0
8130,075020,572,7,0,0
8131,075030,710,7,0,0
8132,075000,361,7,0,0
8133,075010,367,7,0,0
8134,075020,579,7,0,0
8135,075030,707,7,0,0
8136,075000,347,7,0,0
8137,075010,355,7,0,0
8138,075020,579,7,0,0
8139,075030,707,7,0,0
8140,075000,426,7,0,0
8141,075010,358,7,0,0
8142,075020,577,7,0,0
8143,075030,709,7,0,0
8144,075000,348,7,0,0
8145,075010,372,7,0,0
8146,075020,557,9,0,0
8147,075030,713,7,0,0
8148,075000,341,7,0,0
8149,075010,349,7,0,0
8150,075020,583,7,0,0
8151,075030,707,7,0,0
8152,075000,341,7,0,0
8153,075010,360,7,0,0
8154,075020,580,7,0,0
8155,075030,707,7,0,0
8156,075000,341,7,0,0
8157,075010,356,7,0,0
8158,075020,576,7,0,0
8159,075030,707,7,0,0
8160,075000,337,7,0,0
8161,075010,353,7,0,0
8162,075020,579,7,0,0
8163,075030,713,7,0,0
8164,075000,348,7,0,0
8165,075010,368,7,0,0
8166,075020,578,7,0,0
8167,075030,708,7,0,0
8168,075000,413,7,0,0
8169,075010,360,7,0,0
8170,075020,584,7,0,0
8171,075030,713,7,0,0
8172,075000,341,7,0,0
8173,075010,371,7,0,0
8174,075020,573,9,0,0
8175,075030,707,7,0,0
8176,075000,352,7,0,0
8177,075010,352,7,0,0
8178,075020,583,7,0,0
8179,075030,707,7,0,0
8180,075000,337,7,0,0
8181,075010,349,7,0,0
8182,075020,557,9,0,0
8183,075030,707,7,0,0
8184,075000,332,7,0,0
8185,075010,363,7,0,0
8186,075020,554,9,0,0
8187,075030,707,7,0,0
8188,075000,516,7,0,0
8189,075010,387,7,0,0
8190,075020,562,9,0,0
8191,075030,713,7,0,0
8192,075000,350,7,0,0
8193,075010,363,7,0,0
8194,075020,576,7,0,0
8195,075030,707,7,0,0
8196,075000,341,7,0,0
8197,075010,349,7,0,0
8198,075020,575,7,0,0
8199,075030,707,7,0,0
8200,075000,331,7,0,0
8201,075010,363,7,0,0
8202,075020,557,9,0,0
8203,075030,709,7,0,0
8204,075000,374,7,0,0
8205,075010,352,7,0,0
8206,075020,579,7,0,0
8207,075030,713,7,0,0
8208,075000,339,7,0,0
8209,075010,387,7,0,0
8210,075020,580,7,0,0
8211,075030,714,7,0,0
8212,075000,332,7,0,0
8213,075010,356,7,0,0
8214,075020,575,7,0,0
8215,075030,713,7,0,0
8216,075000,337,7,0,0
8217,075010,358,7,0,0
8218,075020,580,7,0,0
8219,075030,707,7,0,0
8220,075000,510,7,0,0
8221,075010,375,7,0,0
8222,075020,554,9,0,0
8223,075030,707,7,0,0
8224,075000,341,7,0,0
8225,075010,362,7,0,0
8226,075020,580,7,0,0
8227,075030,713,7,0,0
8228,075000,451,7,0,0
8229,075010,349,7,0,0
8230,075020,549,9,0,0
8231,075030,707,7,0,0
8232,075000,452,7,0,0
8233,075010,363,7,0,0
8234,075020,588,7,0,0
8235,075030,713,7,0,0
8236,075000,341,7,0,0
8237,075010,363,7,0,0
8238,075020,561,9,0,0
8239,075030,713,7,0,0
8240,075000,337,7,0,0
8241,075010,349,7,0,0
8242,075020,578,7,0,0
8243,075030,704,7,0,0
8244,075000,331,7,0,0
8245,075010,358,7,0,0
8246,075020,580,7,0,0
8247,075030,713,7,0,0
8248,075000,337,7,0,0
8249,075010,362,7,0,0
8250,075020,558,9,0,0
8251,075030,709,7,0,0
8252,075000,331,7,0,0
8253,075010,355,7,0,0
8254,075020,557,9,0,0
8255,075030,703,7,0,0
8256,075000,467,7,0,0
8257,075010,365,7,0,0
8258,075020,574,7,0,0
8259,075030,710,7,0,0
8260,075000,509,7,0,0
8261,075010,362,7,0,0
8262,075020,580,7,0,0
8263,075030,707,7,0,0
8264,075000,327,7,0,0
8265,075010,367,7,0,0
8266,075020,583,7,0,0
8267,075030,709,7,0,0
8268,075000,519,7,0,0
8269,075010,360,7,0,0
8270,075020,584,7,0,0
8271,075030,713,7,0,0
8272,075000,348,7,0,0
8273,075010,368,7,0,0
8274,075020,565,9,0,0
8275,075030,713,7,0,0
8276,075000,327,7,0,0
8277,075010,351,7,0,0
8278,075020,561,9,0,0
8279,075030,707,7,0,0
8280,075000,348,7,0,0
8281,075010,380,7,0,0
8282,075020,591,7,0,0
8283,075030,707,7,0,0
8284,075000,331,7,0,0
8285,075010,351,7,0,0
8286,075020,575,7,0,0
8287,075030,713,7,0,0
8288,075000,328,7,0,0
8289,075010,352,7,0,0
8290,075020,571,7,0,0
8291,075030,707,7,0,0
8292,075000,341,7,0,0
8293,075010,345,7,0,0
8294,075020,557,9,0,0
8295,075030,713,7,0,0
8296,075000,337,7,0,0
8297,075010,375,7,0,0
8298,075020,588,7,0,0
8299,075030,714,7,0,0
8300,075000,352,7,0,0
8301,075010,359,7,0,0
8302,075020,579,7,0,0
8303,075030,708,7,0,0
8304,075000,341,7,0,0
8305,075010,343,7,0,0
8306,075020,580,7,0,0
8307,075030,708,7,0,0
8308,075000,327,7,0,0
8309,075010,355,7,0,0
8310,075020,575,7,0,0
8311,075030,703,7,0,0
8312,075000,337,7,0,0
8313,075010,377,7,0,0
8314,075020,557,9,0,0
8315,075030,707,7,0,0
8316,075000,332,7,0,0
8317,075010,352,7,0,0
8318,075020,579,7,0,0
8319,075030,713,7,0,0
8320,075000,420,7,0,0
8321,075010,372,7,0,0
8322,075020,557,9,0,0
8323,075030,707,7,0,0
8324,075000,339,7,0,0
8325,075010,360,7,0,0
8326,075020,554,9,0,0
8327,075030,707,7,0,0
8328,075000,339,7,0,0
8329,075010,361,7,0,0
8330,075020,571,7,0,0
8331,075030,713,7,0,0
8332,075000,424,7,0,0
8333,075010,352,7,0,0
8334,075020,575,7,0,0
8335,075030,707,7,0,0
8336,075000,347,7,0,0
8337,075010,371,7,0,0
8338,075020,587,7,0,0
8339,075030,707,7,0,0
8340,075000,347,7,0,0
8341,075010,357,7,0,0
8342,075020,573,7,0,0
8343,075030,713,7,0,0
8344,075000,495,7,0,0
8345,075010,349,7,0,0
8346,075020,553,9,0,0
8347,075030,703,7,0,0
8348,075000,348,7,0,0
8349,075010,356,7,0,0
8350,075020,579,7,0,0
8351,075030,709,7,0,0
8352,075000,332,7,0,0
8353,075010,364,7,0,0
8354,075020,579,7,0,0
8355,075030,713,7,0,0
8356,075000,421,7,0,0
8357,075010,371,7,0,0
8358,075020,578,7,0,0
8359,075030,714,7,0,0
8360,075000,332,7,0,0
8361,075010,356,7,0,0
8362,075020,579,7,0,0
8363,075030,707,7,0,0
8364,075000,331,7,0,0
8365,075010,358,7,0,0
8366,075020,562,9,0,0
8367,075030,713,7,0,0
8368,075000,327,7,0,0
8369,075010,347,7,0,0
8370,075020,575,7,0,0
8371,075030,713,7,0,0
8372,075000,341,7,0,0
8373,075010,362,7,0,0
8374,075020,584,7,0,0
8375,075030,713,7,0,0
8376,075000,385,7,0,0
8377,075010,358,7,0,0
8378,075020,576,7,0,0
8379,075030,713,7,0,0
8380,075000,348,7,0,0
8381,075010,364,7,0,0
8382,075020,579,7,0,0
8383,075030,703,7,0,0
8384,075000,414,7,0,0
8385,075010,363,7,0,0
8386,075020,558,9,0,0
8387,075030,713,7,0,0
8388,075000,338,7,0,0
8389,075010,352,7,0,0
8390,075020,565,9,0,0
8391,075030,709,7,0,0
8392,075000,375,7,0,0
8393,075010,361,7,0,0
8394,075020,573,7,0,0
8395,075030,707,7,0,0
8396,075000,350,7,0,0
8397,075010,358,7,0,0
8398,075020,580,7,0,0
8399,075030,714,7,0,0
8400,075000,341,7,0,0
8401,075010,362,7,0,0
8402,075020,584,7,0,0
8403,075030,713,7,0,0
8404,075000,348,7,0,0
8405,075010,363,7,0,0
8406,075020,580,7,0,0
8407,075030,713,7,0,0
8408,075000,348,7,0,0
8409,075010,359,7,0,0
8410,075020,580,7,0,0
8411,075030,713,7,0,0
8412,075000,352,7,0,0
8413,075010,356,7,0,0
8414,075020,575,7,0,0
8415,075030,713,7,0,0
8416,075000,352,7,0,0
8417,075010,359,7,0,0
8418,075020,558,9,0,0
8419,075030,709,7,0,0
8420,075000,347,7,0,0
8421,075010,374,7,0,0
8422,075020,579,7,0,0
8423,075030,246,7,0,0
8424,075000,435,7,0,0
8425,075010,353,7,0,0
8426,075020,557,9,0,0
8427,075030,707,7,0,0
8428,075000,341,7,0,0
8429,075010,361,7,0,0
8430,075020,571,9,0,0
8431,075030,707,7,0,0
8432,075000,448,7,0,0
8433,075010,364,7,0,0
8434,075020,579,7,0,0
8435,075030,707,7,0,0
8436,075000,337,7,0,0
8437,075010,360,7,0,0
8438,075020,576,7,0,0
8439,075030,713,7,0,0
8440,075000,352,7,0,0
8441,075010,356,7,0,0
8442,075020,571,7,0,0
8443,075030,713,7,0,0
8444,075000,341,7,0,0
8445,075010,367,7,0,0
8446,075020,574,7,0,0
8447,075030,704,7,0,0
8448,075000,341,7,0,0
8449,075010,361,7,0,0
8450,075020,586,7,0,0
8451,075030,704,7,0,0
8452,075000,341,7,0,0
8453,075010,353,7,0,0
8454,075020,557,9,0,0
8455,075030,707,7,0,0
8456,075000,460,7,0,0
8457,075010,372,7,0,0
8458,075020,583,7,0,0
8459,075030,707,7,0,0
8460,075000,341,7,0,0
8461,075010,365,7,0,0
8462,075020,569,9,0,0
8463,075030,713,7,0,0
8464,075000,407,7,0,0
8465,075010,351,7,0,0
8466,075020,583,7,0,0
8467,075030,709,7,0,0
8468,075000,480,7,0,0
8469,075010,352,7,0,0
8470,075020,575,7,0,0
8471,075030,703,7,0,0
8472,075000,338,7,0,0
8473,075010,363,7,0,0
8474,075020,575,7,0,0
8475,075030,704,7,0,0
8476,075000,327,7,0,0
8477,075010,335,7,0,0
8478,075020,575,7,0,0
8479,075030,707,7,0,0
8480,075000,457,7,0,0
8481,075010,356,7,0,0
8482,075020,591,7,0,0
8483,075030,704,7,0,0
8484,075000,341,7,0,0
8485,075010,355,7,0,0
8486,075020,581,7,0,0
8487,075030,707,7,0,0
8488,075000,341,7,0,0
8489,075010,345,7,0,0
8490,075020,579,7,0,0
8491,075030,713,7,0,0
8492,075000,341,7,0,0
8493,075010,357,7,0,0
8494,075020,567,9,0,0
8495,075030,703,7,0,0
8496,075000,352,7,0,0
8497,075010,358,7,0,0
8498,075020,565,7,0,0
8499,075030,707,7,0,0
8500,075000,337,7,0,0
8501,075010,356,7,0,0
8502,075020,575,7,0,0
8503,075030,710,7,0,0
8504,075000,389,7,0,0
8505,075010,361,7,0,0
8506,075020,577,7,0,0
8507,075030,713,7,0,0
8508,075000,348,7,0,0
8509,075010,375,7,0,0
8510,075020,576,7,0,0
8511,075030,703,7,0,0
8512,075000,347,7,0,0
8513,075010,357,7,0,0
8514,075020,563,9,0,0
8515,075030,707,7,0,0
8516,075000,341,7,0,0
8517,075010,362,7,0,0
8518,075020,575,7,0,0
8519,075030,708,7,0,0
8520,075000,509,7,0,0
8521,075010,381,7,0,0
8522,075020,579,7,0,0
8523,075030,713,7,0,0
8524,075000,332,7,0,0
8525,075010,363,7,0,0
8526,075020,575,7,0,0
8527,075030,708,7,0,0
8528,075000,341,7,0,0
8529,075010,359,7,0,0
8530,075020,572,7,0,0
8531,075030,708,7,0,0
8532,075000,337,7,0,0
8533,075010,349,7,0,0
8534,075020,575,7,0,0
8535,075030,713,7,0,0
8536,075000,339,7,0,0
8537,075010,355,7,0,0
8538,075020,573,7,0,0
8539,075030,707,7,0,0
8540,075000,338,7,0,0
8541,075010,378,7,0,0
8542,075020,585,7,0,0
8543,075030,707,7,0,0
8544,075000,341,7,0,0
8545,075010,361,7,0,0
8546,075020,574,7,0,0
8547,075030,714,7,0,0
8548,075000,337,7,0,0
8549,075010,351,7,0,0
8550,075020,578,7,0,0
8551,075030,714,7,0,0
8552,075000,352,7,0,0
8553,075010,368,7,0,0
8554,075020,567,7,0,0
8555,075030,703,7,0,0
8556,075000,327,7,0,0
8557,075010,355,7,0,0
8558,075020,582,7,0,0
8559,075030,708,7,0,0
8560,075000,473,7,0,0
8561,075010,359,7,0,0
8562,075020,555,9,0,0
8563,075030,709,7,0,0
8564,075000,331,7,0,0
8565,075010,363,7,0,0
8566,075020,578,7,0,0
8567,075030,710,7,0,0
8568,075000,348,7,0,0
8569,075010,358,7,0,0
8570,075020,563,9,0,0
8571,075030,713,7,0,0
8572,075000,347,7,0,0
8573,075010,363,7,0,0
8574,075020,587,7,0,0
8575,075030,243,7,0,0
8576,075000,327,7,0,0
8577,075010,358,7,0,0
8578,075020,558,9,0,0
8579,075030,707,7,0,0
8580,075000,332,7,0,0
8581,075010,363,7,0,0
8582,075020,583,7,0,0
8583,075030,710,7,0,0
8584,075000,337,7,0,0
8585,075010,371,7,0,0
8586,075020,582,7,0,0
8587,075030,704,7,0,0
8588,075000,350,7,0,0
8589,075010,420,7,0,0
8590,075020,557,9,0,0
8591,075030,713,7,0,0
8592,075000,350,7,0,0
8593,075010,359,7,0,0
8594,075020,575,7,0,0
8595,075030,710,7,0,0
8596,075000,339,7,0,0
8597,075010,369,7,0,0
8598,075020,583,7,0,0
8599,075030,713,7,0,0
8600,075000,441,7,0,0
8601,075010,351,7,0,0
8602,075020,591,7,0,0
8603,075030,703,7,0,0
8604,075000,327,7,0,0
8605,075010,377,7,0,0
8606,075020,555,9,0,0
8607,075030,713,7,0,0
8608,075000,338,7,0,0
8609,075010,364,7,0,0
8610,075020,579,7,0,0
8611,075030,707,7,0,0
8612,075000,327,7,0,0
8613,075010,374,7,0,0
8614,075020,584,7,0,0
8615,075030,707,7,0,0
8616,075000,430,7,0,0
8617,075010,368,7,0,0
8618,075020,586,7,0,0
8619,075030,708,7,0,0
8620,075000,341,7,0,0
8621,075010,355,7,0,0
8622,075020,576,7,0,0
8623,075030,714,7,0,0
8624,075000,348,7,0,0
8625,075010,356,7,0,0
8626,075020,591,7,0,0
8627,075030,703,7,0,0
8628,075000,337,7,0,0
8629,075010,369,7,0,0
8630,075020,579,7,0,0
8631,075030,713,7,0,0
8632,075000,519,7,0,0
8633,075010,369,7,0,0
8634,075020,579,7,0,0
8635,075030,707,7,0,0
8636,075000,482,7,0,0
8637,075010,362,7,0,0
8638,075020,567,9,0,0
8639,075030,713,7,0,0
8640,075000,341,7,0,0
8641,075010,356,7,0,0
8642,075020,584,7,0,0
8643,075030,713,7,0,0
8644,075000,341,7,0,0
8645,075010,367,7,0,0
8646,075020,586,7,0,0
8647,075030,704,7,0,0
8648,075000,347,7,0,0
8649,075010,361,7,0,0
8650,075020,555,9,0,0
8651,075030,709,7,0,0
8652,075000,338,7,0,0
8653,075010,359,7,0,0
8654,075020,584,7,0,0
8655,075030,707,7,0,0
8656,075000,338,7,0,0
8657,075010,363,7,0,0
8658,075020,558,9,0,0
8659,075030,707,7,0,0
8660,075000,337,7,0,0
8661,075010,355,7,0,0
8662,075020,583,7,0,0
8663,075030,707,7,0,0
8664,075000,331,7,0,0
8665,075010,377,7,0,0
8666,075020,563,9,0,0
8667,075030,707,7,0,0
8668,075000,348,7,0,0
8669,075010,367,7,0,0
8670,075020,584,7,0,0
8671,075030,703,7,0,0
8672,075000,331,7,0,0
8673,075010,362,7,0,0
8674,075020,592,7,0,0
8675,075030,713,7,0,0
8676,075000,352,7,0,0
8677,075010,372,7,0,0
8678,075020,583,7,0,0
8679,075030,707,7,0,0
8680,075000,337,7,0,0
8681,075010,356,7,0,0
8682,075020,554,9,0,0
8683,075030,707,7,0,0
8684,075000,332,7,0,0
8685,075010,368,7,0,0
8686,075020,567,7,0,0
8687,075030,709,7,0,0
8688,075000,328,7,0,0
8689,075010,348,7,0,0
8690,075020,579,7,0,0
8691,075030,707,7,0,0
8692,075000,338,7,0,0
8693,075010,363,7,0,0
8694,075020,571,7,0,0
8695,075030,714,7,0,0
8696,075000,337,7,0,0
8697,075010,357,7,0,0
8698,075020,581,7,0,0
8699,075030,707,7,0,0
8700,075000,337,7,0,0
8701,075010,349,7,0,0
8702,075020,549,9,0,0
8703,075030,713,7,0,0
8704,075000,347,7,0,0
8705,075010,358,7,0,0
8706,075020,568,7,0,0
8707,075030,709,7,0,0
8708,075000,341,7,0,0
8709,075010,355,7,0,0
8710,075020,583,7,0,0
8711,075030,713,7,0,0
8712,075000,341,7,0,0
8713,075010,377,7,0,0
8714,075020,563,9,0,0
8715,075030,707,7,0,0
8716,075000,339,7,0,0
8717,075010,353,7,0,0
8718,075020,586,7,0,0
8719,075030,708,7,0,0
8720,075000,331,7,0,0
8721,075010,361,7,0,0
8722,075020,577,7,0,0
8723,075030,707,7,0,0
8724,075000,494,7,0,0
8725,075010,364,7,0,0
8726,075020,579,7,0,0
8727,075030,713,7,0,0
8728,075000,352,7,0,0
8729,075010,363,7,0,0
8730,075020,588,7,0,0
8731,075030,707,7,0,0
8732,075000,338,7,0,0
8733,075010,352,7,0,0
8734,075020,575,7,0,0
8735,075030,707,7,0,0
8736,075000,422,7,0,0
8737,075010,368,7,0,0
8738,075020,586,7,0,0
8739,075030,714,7,0,0
8740,075000,352,7,0,0
8741,075010,356,7,0,0
8742,075020,565,9,0,0
8743,075030,713,7,0,0
8744,075000,331,7,0,0
8745,075010,366,7,0,0
8746,075020,562,9,0,0
8747,075030,703,7,0,0
8748,075000,348,7,0,0
8749,075010,363,7,0,0
8750,075020,558,9,0,0
8751,075030,713,7,0,0
8752,075000,397,7,0,0
8753,075010,372,7,0,0
8754,075020,572,7,0,0
8755,075030,713,7,0,0
8756,075000,341,7,0,0
8757,075010,367,7,0,0
8758,075020,561,9,0,0
8759,075030,707,7,0,0
8760,075000,341,7,0,0
8761,075010,358,7,0,0
8762,075020,580,7,0,0
8763,075030,713,7,0,0
8764,075000,337,7,0,0
8765,075010,351,7,0,0
8766,075020,587,7,0,0
8767,075030,703,7,0,0
8768,075000,442,7,0,0
8769,075010,368,7,0,0
8770,075020,579,7,0,0
8771,075030,713,7,0,0
8772,075000,341,7,0,0
8773,075010,383,7,0,0
8774,075020,578,7,0,0
8775,075030,714,7,0,0
8776,075000,352,7,0,0
8777,075010,356,7,0,0
8778,075020,586,7,0,0
8779,075030,708,7,0,0
8780,075000,341,7,0,0
8781,075010,349,7,0,0
8782,075020,549,9,0,0
8783,075030,707,7,0,0
8784,075000,356,7,0,0
8785,075010,352,7,0,0
8786,075020,587,7,0,0
8787,075030,713,7,0,0
8788,075000,337,7,0,0
8789,075010,371,7,0,0
8790,075020,557,9,0,0
8791,075030,709,7,0,0
8792,075000,338,7,0,0
8793,075010,359,7,0,0
8794,075020,583,7,0,0
8795,075030,708,7,0,0
8796,075000,339,7,0,0
8797,075010,362,7,0,0
8798,075020,584,7,0,0
8799,075030,713,7,0,0
8800,075000,339,7,0,0
8801,075010,356,7,0,0
8802,075020,576,7,0,0
8803,075030,713,7,0,0
8804,075000,337,7,0,0
8805,075010,358,7,0,0
8806,075020,568,7,0,0
8807,075030,707,7,0,0
8808,075000,327,7,0,0
8809,075010,377,7,0,0
8810,075020,581,7,0,0
8811,075030,713,7,0,0
8812,075000,341,7,0,0
8813,075010,361,7,0,0
8814,075020,585,7,0,0
8815,075030,713,7,0,0
8816,075000,337,7,0,0
8817,075010,365,7,0,0
8818,075020,576,7,0,0
8819,075030,714,7,0,0
8820,075000,348,7,0,0
8821,075010,352,7,0,0
8822,075020,579,7,0,0
8823,075030,703,7,0,0
8824,075000,331,7,0,0
8825,075010,361,7,0,0
8826,075020,581,7,0,0
8827,075030,707,7,0,0
8828,075000,338,7,0,0
8829,075010,380,7,0,0
8830,075020,565,9,0,0
8831,075030,713,7,0,0
8832,075000,370,7,0,0
8833,075010,368,7,0,0
8834,075020,575,7,0,0
8835,075030,703,7,0,0
8836,075000,327,7,0,0
8837,075010,358,7,0,0
8838,075020,576,7,0,0
8839,075030,713,7,0,0
8840,075000,460,7,0,0
8841,075010,359,7,0,0
8842,075020,562,9,0,0
8843,075030,703,7,0,0
8844,075000,328,7,0,0
8845,075010,360,7,0,0
8846,075020,574,7,0,0
8847,075030,708,7,0,0
8848,075000,341,7,0,0
8849,075010,360,7,0,0
8850,075020,575,7,0,0
8851,075030,710,7,0,0
8852,075000,348,7,0,0
8853,075010,360,7,0,0
8854,075020,582,7,0,0
8855,075030,708,7,0,0
8856,075000,341,7,0,0
8857,075010,365,7,0,0
8858,075020,575,7,0,0
8859,075030,707,7,0,0
8860,075000,449,7,0,0
8861,075010,359,7,0,0
8862,075020,573,7,0,0
8863,075030,713,7,0,0
8864,075000,467,7,0,0
8865,075010,364,7,0,0
8866,075020,587,7,0,0
8867,075030,714,7,0,0
8868,075000,389,7,0,0
8869,075010,351,7,0,0
8870,075020,594,7,0,0
8871,075030,704,7,0,0
8872,075000,337,7,0,0
8873,075010,375,7,0,0
8874,075020,568,7,0,0
8875,075030,710,7,0,0
8876,075000,481,7,0,0
8877,075010,358,7,0,0
8878,075020,588,7,0,0
8879,075030,707,7,0,0
8880,075000,337,7,0,0
8881,075010,349,7,0,0
8882,075020,579,7,0,0
8883,075030,713,7,0,0
8884,075000,341,7,0,0
8885,075010,367,7,0,0
8886,075020,583,7,0,0
8887,075030,713,7,0,0
8888,075000,332,7,0,0
8889,075010,375,7,0,0
8890,075020,572,7,0,0
8891,075030,707,7,0,0
8892,075000,439,7,0,0
8893,075010,377,7,0,0
8894,075020,585,7,0,0
8895,075030,713,7,0,0
8896,075000,448,7,0,0
8897,075010,372,7,0,0
8898,075020,586,7,0,0
8899,075030,714,7,0,0
8900,075000,525,7,0,0
8901,075010,371,7,0,0
8902,075020,578,7,0,0
8903,075030,708,7,0,0
8904,075000,422,7,0,0
8905,075010,356,7,0,0
8906,075020,583,7,0,0
8907,075030,713,7,0,0
8908,075000,367,7,0,0
8909,075010,360,7,0,0
8910,075020,576,7,0,0
8911,075030,709,7,0,0
8912,075000,341,7,0,0
8913,075010,357,7,0,0
8914,075020,563,9,0,0
8915,075030,713,7,0,0
8916,075000,350,7,0,0
8917,075010,372,7,0,0
8918,075020,575,7,0,0
8919,075030,709,7,0,0
8920,075000,328,7,0,0
8921,075010,372,7,0,0
8922,075020,583,7,0,0
8923,075030,707,7,0,0
8924,075000,338,7,0,0
8925,075010,364,7,0,0
8926,075020,571,7,0,0
8927,075030,713,7,0,0
8928,075000,341,7,0,0
8929,075010,351,7,0,0
8930,075020,579,7,0,0
8931,075030,243,7,0,0
8932,075000,358,7,0,0
8933,075010,356,7,0,0
8934,075020,569,9,0,0
8935,075030,703,7,0,0
8936,075000,332,7,0,0
8937,075010,364,7,0,0
8938,075020,574,7,0,0
8939,075030,714,7,0,0
8940,075000,341,7,0,0
8941,075010,365,7,0,0
8942,075020,581,7,0,0
8943,075030,709,7,0,0
8944,075000,337,7,0,0
8945,075010,351,7,0,0
8946,075020,587,7,0,0
8947,075030,707,7,0,0
8948,075000,331,7,0,0
8949,075010,367,7,0,0
8950,075020,583,7,0,0
8951,075030,713,7,0,0
8952,075000,352,7,0,0
8953,075010,362,7,0,0
8954,075020,576,7,0,0
8955,075030,704,7,0,0
8956,075000,337,7,0,0
8957,075010,365,7,0,0
8958,075020,579,7,0,0
8959,075030,707,7,0,0
8960,075000,482,7,0,0
8961,075010,378,7,0,0
8962,075020,569,7,0,0
8963,075030,709,7,0,0
8964,075000,339,7,0,0
8965,075010,360,7,0,0
8966,075020,580,7,0,0
8967,075030,707,7,0,0
8968,075000,347,7,0,0
8969,075010,355,7,0,0
8970,075020,579,7,0,0
8971,075030,707,7,0,0
8972,075000,337,7,0,0
8973,075010,360,7,0,0
8974,075020,580,7,0,0
8975,075030,703,7,0,0
8976,075000,337,7,0,0
8977,075010,365,7,0,0
8978,075020,549,9,0,0
8979,075030,713,7,0,0
8980,075000,370,7,0,0
8981,075010,348,7,0,0
8982,075020,575,7,0,0
8983,075030,709,7,0,0
8984,075000,337,7,0,0
8985,075010,363,7,0,0
8986,075020,574,7,0,0
8987,075030,704,7,0,0
8988,075000,341,7,0,0
8989,075010,369,7,0,0
8990,075020,553,9,0,0
8991,075030,713,7,0,0
8992,075000,402,7,0,0
8993,075010,356,7,0,0
8994,075020,579,7,0,0
8995,075030,703,7,0,0
8996,075000,509,7,0,0
8997,075010,369,7,0,0
8998,075020,571,7,0,0
8999,075030,707,7,0,0
9000,075000,350,7,0,0
9001,075010,356,7,0,0
9002,075020,578,7,0,0
9003,075030,714,7,0,0
9004,075000,341,7,0,0
9005,075010,351,7,0,0
9006,075020,565,9,0,0
9007,075030,713,7,0,0
9008,075000,341,7,0,0
9009,075010,360,7,0,0
9010,075020,587,7,0,0
9011,075030,708,7,0,0
9012,075000,327,7,0,0
9013,075010,362,7,0,0
9014,075020,584,7,0,0
9015,075030,707,7,0,0
9016,075000,341,7,0,0
9017,075010,353,7,0,0
9018,075020,553,9,0,0
9019,075030,713,7,0,0
9020,075000,331,7,0,0
9021,075010,347,7,0,0
9022,075020,587,7,0,0
9023,075030,703,7,0,0
9024,075000,350,7,0,0
9025,075010,368,7,0,0
9026,075020,571,7,0,0
9027,075030,707,7,0,0
9028,075000,347,7,0,0
9029,075010,357,7,0,0
9030,075020,577,7,0,0
9031,075030,713,7,0,0
9032,075000,341,7,0,0
9033,075010,363,7,0,0
9034,075020,571,7,0,0
9035,075030,707,7,0,0
9036,075000,327,7,0,0
9037,075010,361,7,0,0
9038,075020,555,9,0,0
9039,075030,713,7,0,0
9040,075000,347,7,0,0
9041,075010,362,7,0,0
9042,075020,558,9,0,0
9043,075030,713,7,0,0
9044,075000,341,7,0,0
9045,075010,372,7,0,0
9046,075020,579,7,0,0
9047,075030,710,7,0,0
9048,075000,339,7,0,0
9049,075010,353,7,0,0
9050,075020,579,7,0,0
9051,075030,713,7,0,0
9052,075000,341,7,0,0
9053,075010,351,7,0,0
9054,075020,574,7,0,0
9055,075030,714,7,0,0
9056,075000,352,7,0,0
9057,075010,363,7,0,0
9058,075020,576,7,0,0
9059,075030,713,7,0,0
9060,075000,341,7,0,0
9061,075010,367,7,0,0
9062,075020,583,7,0,0
9063,075030,713,7,0,0
9064,075000,339,7,0,0
9065,075010,369,7,0,0
9066,075020,582,7,0,0
9067,075030,714,7,0,0
9068,075000,337,7,0,0
9069,075010,371,7,0,0
9070,075020,579,7,0,0
9071,075030,713,7,0,0
9072,075000,525,7,0,0
9073,075010,351,7,0,0
9074,075020,557,9,0,0
9075,075030,707,7,0,0
9076,075000,339,7,0,0
9077,075010,360,7,0,0
9078,075020,580,7,0,0
9079,075030,713,7,0,0
9080,075000,381,7,0,0
9081,075010,363,7,0,0
9082,075020,579,7,0,0
9083,075030,703,7,0,0
9084,075000,331,7,0,0
9085,075010,347,7,0,0
9086,075020,567,7,0,0
9087,075030,707,7,0,0
9088,075000,406,7,0,0
9089,075010,356,7,0,0
9090,075020,579,7,0,0
9091,075030,713,7,0,0
9092,075000,337,7,0,0
9093,075010,351,7,0,0
9094,075020,561,9,0,0
9095,075030,707,7,0,0
9096,075000,339,7,0,0
9097,075010,360,7,0,0
9098,075020,584,7,0,0
9099,075030,707,7,0,0
9100,075000,341,7,0,0
9101,075010,351,7,0,0
9102,075020,577,7,0,0
9103,075030,703,7,0,0
9104,075000,337,7,0,0
9105,075010,349,7,0,0
9106,075020,575,7,0,0
9107,075030,707,7,0,0
9108,075000,350,7,0,0
9109,075010,352,7,0,0
9110,075020,582,7,0,0
9111,075030,704,7,0,0
9112,075000,341,7,0,0
9113,075010,372,7,0,0
9114,075020,588,7,0,0
9115,075030,707,7,0,0
9116,075000,331,7,0,0
9117,075010,358,7,0,0
9118,075020,588,7,0,0
9119,075030,707,7,0,0
9120,075000,337,7,0,0
9121,075010,369,7,0,0
9122,075020,579,7,0,0
9123,075030,713,7,0,0
9124,075000,341,7,0,0
9125,075010,362,7,0,0
9126,075020,576,7,0,0
9127,075030,707,7,0,0
9128,075000,347,7,0,0
9129,075010,362,7,0,0
9130,075020,588,7,0,0
9131,075030,713,7,0,0
9132,075000,369,7,0,0
9133,075010,362,7,0,0
9134,075020,576,7,0,0
9135,075030,713,7,0,0
9136,075000,328,7,0,0
9137,075010,368,7,0,0
9138,075020,579,7,0,0
9139,075030,713,7,0,0
9140,075000,328,7,0,0
9141,075010,366,7,0,0
9142,075020,555,9,0,0
9143,075030,709,7,0,0
9144,075000,327,7,0,0
9145,075010,351,7,0,0
9146,075020,561,9,0,0
9147,075030,707,7,0,0
9148,075000,341,7,0,0
9149,075010,347,7,0,0
9150,075020,574,7,0,0
9151,075030,708,7,0,0
9152,075000,331,7,0,0
9153,075010,377,7,0,0
9154,075020,563,9,0,0
9155,075030,707,7,0,0
9156,075000,352,7,0,0
9157,075010,372,7,0,0
9158,075020,575,7,0,0
9159,075030,707,7,0,0
9160,075000,341,7,0,0
9161,075010,360,7,0,0
9162,075020,584,7,0,0
9163,075030,707,7,0,0
9164,075000,327,7,0,0
9165,075010,347,7,0,0
9166,075020,570,7,0,0
9167,075030,714,7,0,0
9168,075000,420,7,0,0
9169,075010,358,7,0,0
9170,075020,588,7,0,0
9171,075030,714,7,0,0
9172,075000,463,7,0,0
9173,075010,365,7,0,0
9174,075020,561,9,0,0
9175,075030,713,7,0,0
9176,075000,327,7,0,0
9177,075010,362,7,0,0
9178,075020,562,9,0,0
9179,075030,713,7,0,0
9180,075000,331,7,0,0
9181,075010,357,7,0,0
9182,075020,584,7,0,0
9183,075030,708,7,0,0
9184,075000,347,7,0,0
9185,075010,351,7,0,0
9186,075020,565,9,0,0
9187,075030,707,7,0,0
9188,075000,380,7,0,0
9189,075010,363,7,0,0
9190,075020,583,7,0,0
9191,075030,714,7,0,0
9192,075000,341,7,0,0
9193,075010,362,7,0,0
9194,075020,584,7,0,0
9195,075030,713,7,0,0
9196,075000,341,7,0,0
9197,075010,374,7,0,0
9198,075020,572,7,0,0
9199,075030,709,7,0,0
9200,075000,420,7,0,0
9201,075010,363,7,0,0
9202,075020,572,7,0,0
9203,075030,703,7,0,0
9204,075000,341,7,0,0
9205,075010,359,7,0,0
9206,075020,585,7,0,0
9207,075030,713,7,0,0
9208,075000,341,7,0,0
9209,075010,371,7,0,0
9210,075020,571,7,0,0
9211,075030,707,7,0,0
9212,075000,337,7,0,0
9213,075010,345,7,0,0
9214,075020,579,7,0,0
9215,075030,707,7,0,0
9216,075000,350,7,0,0
9217,075010,359,7,0,0
9218,075020,550,9,0,0
9219,075030,707,7,0,0
9220,075000,383,7,0,0
9221,075010,343,7,0,0
9222,075020,581,7,0,0
9223,075030,709,7,0,0
9224,075000,373,7,0,0
9225,075010,347,7,0,0
9226,075020,583,7,0,0
9227,075030,709,7,0,0
9228,075000,337,7,0,0
9229,075010,351,7,0,0
9230,075020,575,7,0,0
9231,075030,713,7,0,0
9232,075000,348,7,0,0
9233,075010,363,7,0,0
9234,075020,558,9,0,0
9235,075030,703,7,0,0
9236,075000,352,7,0,0
9237,075010,352,7,0,0
9238,075020,571,7,0,0
9239,075030,713,7,0,0
9240,075000,368,7,0,0
9241,075010,348,7,0,0
9242,075020,578,7,0,0
9243,075030,708,7,0,0
9244,075000,331,7,0,0
9245,075010,355,7,0,0
9246,075020,561,9,0,0
9247,075030,709,7,0,0
9248,075000,341,7,0,0
9249,075010,343,7,0,0
9250,075020,565,7,0,0
9251,075030,707,7,0,0
9252,075000,350,7,0,0
9253,075010,352,7,0,0
9254,075020,582,7,0,0
9255,075030,708,7,0,0
9256,075000,347,7,0,0
9257,075010,377,7,0,0
9258,075020,577,7,0,0
9259,075030,703,7,0,0
9260,075000,341,7,0,0
9261,075010,361,7,0,0
9262,075020,575,7,0,0
9263,075030,703,7,0,0
9264,075000,341,7,0,0
9265,075010,355,7,0,0
9266,075020,589,7,0,0
9267,075030,713,7,0,0
9268,075000,357,7,0,0
9269,075010,363,7,0,0
9270,075020,579,7,0,0
9271,075030,713,7,0,0
9272,075000,341,7,0,0
9273,075010,361,7,0,0
9274,075020,589,7,0,0
9275,075030,707,7,0,0
9276,075000,350,7,0,0
9277,075010,352,7,0,0
9278,075020,578,7,0,0
9279,075030,704,7,0,0
9280,075000,350,7,0,0
9281,075010,356,7,0,0
9282,075020,575,7,0,0
9283,075030,709,7,0,0
9284,075000,341,7,0,0
9285,075010,361,7,0,0
9286,075020,573,7,0,0
9287,075030,707,7,0,0
9288,075000,341,7,0,0
9289,075010,359,7,0,0
9290,075020,559,9,0,0
9291,075030,707,7,0,0
9292,075000,341,7,0,0
9293,075010,355,7,0,0
9294,075020,570,7,0,0
9295,075030,704,7,0,0
9296,075000,341,7,0,0
9297,075010,365,7,0,0
9298,075020,583,7,0,0
9299,075030,707,7,0,0
9300,075000,338,7,0,0
9301,075010,346,7,0,0
9302,075020,577,7,0,0
9303,075030,713,7,0,0
9304,075000,332,7,0,0
9305,075010,348,7,0,0
9306,075020,575,7,0,0
9307,075030,707,7,0,0
9308,075000,331,7,0,0
9309,075010,386,7,0,0
9310,075020,576,7,0,0
9311,075030,707,7,0,0
9312,075000,337,7,0,0
9313,075010,360,7,0,0
9314,075020,566,9,0,0
9315,075030,713,7,0,0
9316,075000,347,7,0,0
9317,075010,379,7,0,0
9318,075020,557,9,0,0
9319,075030,703,7,0,0
9320,075000,328,7,0,0
9321,075010,364,7,0,0
9322,075020,557,9,0,0
9323,075030,713,7,0,0
9324,075000,341,7,0,0
9325,075010,365,7,0,0
9326,075020,586,7,0,0
9327,075030,710,7,0,0
9328,075000,352,7,0,0
9329,075010,363,7,0,0
9330,075020,580,7,0,0
9331,075030,709,7,0,0
9332,075000,500,7,0,0
9333,075010,354,7,0,0
9334,075020,580,7,0,0
9335,075030,714,7,0,0
9336,075000,352,7,0,0
9337,075010,356,7,0,0
9338,075020,578,7,0,0
9339,075030,710,7,0,0
9340,075000,476,7,0,0
9341,075010,356,7,0,0
9342,075020,561,9,0,0
9343,075030,709,7,0,0
9344,075000,338,7,0,0
9345,075010,356,7,0,0
9346,075020,561,9,0,0
9347,075030,707,7,0,0
9348,075000,339,7,0,0
9349,075010,360,7,0,0
9350,075020,584,7,0,0
9351,075030,707,7,0,0
9352,075000,331,7,0,0
9353,075010,361,7,0,0
9354,075020,585,7,0,0
9355,075030,707,7,0,0
9356,075000,338,7,0,0
9357,075010,363,7,0,0
9358,075020,566,9,0,0
9359,075030,707,7,0,0
9360,075000,416,7,0,0
9361,075010,368,7,0,0
9362,075020,575,7,0,0
9363,075030,713,7,0,0
9364,075000,341,7,0,0
9365,075010,363,7,0,0
9366,075020,582,7,0,0
9367,075030,708,7,0,0
9368,075000,331,7,0,0
9369,075010,371,7,0,0
9370,075020,557,9,0,0
9371,075030,703,7,0,0
9372,075000,352,7,0,0
9373,075010,372,7,0,0
9374,075020,557,9,0,0
9375,075030,713,7,0,0
9376,075000,338,7,0,0
9377,075010,348,7,0,0
9378,075020,549,9,0,0
9379,075030,703,7,0,0
9380,075000,475,7,0,0
9381,075010,316,7,0,0
9382,075020,558,9,0,0
9383,075030,713,7,0,0
9384,075000,337,7,0,0
9385,075010,360,7,0,0
9386,075020,572,7,0,0
9387,075030,703,7,0,0
9388,075000,331,7,0,0
9389,075010,361,7,0,0
9390,075020,581,7,0,0
9391,075030,713,7,0,0
9392,075000,364,7,0,0
9393,075010,375,7,0,0
9394,075020,579,7,0,0
9395,075030,714,7,0,0
9396,075000,339,7,0,0
9397,075010,345,7,0,0
9398,075020,591,7,0,0
9399,075030,709,7,0,0
9400,075000,348,7,0,0
9401,075010,348,7,0,0
9402,075020,553,9,0,0
9403,075030,709,7,0,0
9404,075000,327,7,0,0
9405,075010,355,7,0,0
9406,075020,579,7,0,0
9407,075030,713,7,0,0
9408,075000,396,7,0,0
9409,075010,346,7,0,0
9410,075020,577,7,0,0
9411,075030,707,7,0,0
9412,075000,341,7,0,0
9413,075010,360,7,0,0
9414,075020,236,7,0,0
9415,075030,707,7,0,0
9416,075000,350,7,0,0
9417,075010,352,7,0,0
9418,075020,587,7,0,0
9419,075030,713,7,0,0
9420,075000,352,7,0,0
9421,075010,378,7,0,0
9422,075020,577,7,0,0
9423,075030,713,7,0,0
9424,075000,337,7,0,0
9425,075010,355,7,0,0
9426,075020,557,9,0,0
9427,075030,709,7,0,0
9428,075000,350,7,0,0
9429,075010,362,7,0,0
9430,075020,555,9,0,0
9431,075030,707,7,0,0
9432,075000,328,7,0,0
9433,075010,354,7,0,0
9434,075020,559,9,0,0
9435,075030,713,7,0,0
9436,075000,341,7,0,0
9437,075010,360,7,0,0
9438,075020,584,7,0,0
9439,075030,707,7,0,0
9440,075000,337,7,0,0
9441,075010,365,7,0,0
9442,075020,553,9,0,0
9443,075030,713,7,0,0
9444,075000,327,7,0,0
9445,075010,358,7,0,0
9446,075020,570,9,0,0
9447,075030,713,7,0,0
9448,075000,487,7,0,0
9449,075010,351,7,0,0
9450,075020,575,7,0,0
9451,075030,709,7,0,0
9452,075000,352,7,0,0
9453,075010,348,7,0,0
9454,075020,575,7,0,0
9455,075030,713,7,0,0
9456,075000,352,7,0,0
9457,075010,364,7,0,0
9458,075020,578,7,0,0
9459,075030,704,7,0,0
9460,075000,370,7,0,0
9461,075010,354,7,0,0
9462,075020,563,9,0,0
9463,075030,707,7,0,0
9464,075000,339,7,0,0
9465,075010,353,7,0,0
9466,075020,587,7,0,0
9467,075030,713,7,0,0
9468,075000,420,7,0,0
9469,075010,350,7,0,0
9470,075020,577,7,0,0
9471,075030,707,7,0,0
9472,075000,355,7,0,0
9473,075010,351,7,0,0
9474,075020,579,7,0,0
9475,075030,713,7,0,0
9476,075000,341,7,0,0
9477,075010,367,7,0,0
9478,075020,578,7,0,0
9479,075030,708,7,0,0
9480,075000,338,7,0,0
9481,075010,363,7,0,0
9482,075020,576,7,0,0
9483,075030,709,7,0,0
9484,075000,339,7,0,0
9485,075010,356,7,0,0
9486,075020,566,9,0,0
9487,075030,709,7,0,0
9488,075000,350,7,0,0
9489,075010,378,7,0,0
9490,075020,581,7,0,0
9491,075030,709,7,0,0
9492,075000,341,7,0,0
9493,075010,377,7,0,0
9494,075020,567,9,0,0
9495,075030,703,7,0,0
9496,075000,468,7,0,0
9497,075010,368,7,0,0
9498,075020,574,7,0,0
9499,075030,708,7,0,0
9500,075000,446,7,0,0
9501,075010,378,7,0,0
9502,075020,581,7,0,0
9503,075030,703,7,0,0
9504,075000,350,7,0,0
9505,075010,372,7,0,0
9506,075020,575,7,0,0
9507,075030,709,7,0,0
9508,075000,341,7,0,0
9509,075010,377,7,0,0
9510,075020,581,7,0,0
9511,075030,245,7,0,0
9512,075000,352,7,0,0
9513,075010,352,7,0,0
9514,075020,582,7,0,0
9515,075030,714,7,0,0
9516,075000,328,7,0,0
9517,075010,375,7,0,0
9518,075020,546,9,0,0
9519,075030,713,7,0,0
9520,075000,337,7,0,0
9521,075010,353,7,0,0
9522,075020,553,9,0,0
9523,075030,713,7,0,0
9524,075000,446,7,0,0
9525,075010,363,7,0,0
9526,075020,562,9,0,0
9527,075030,709,7,0,0
9528,075000,434,7,0,0
9529,075010,352,7,0,0
9530,075020,235,7,0,0
9531,075030,713,7,0,0
9532,075000,328,7,0,0
9533,075010,352,7,0,0
9534,075020,579,7,0,0
9535,075030,707,7,0,0
9536,075000,349,7,0,0
9537,075010,360,7,0,0
9538,075020,576,7,0,0
9539,075030,709,7,0,0
9540,075000,348,7,0,0
9541,075010,348,7,0,0
9542,075020,583,7,0,0
9543,075030,707,7,0,0
9544,075000,385,7,0,0
9545,075010,356,7,0,0
9546,075020,562,9,0,0
9547,075030,245,7,0,0
9548,075000,341,7,0,0
9549,075010,360,7,0,0
9550,075020,558,9,0,0
9551,075030,713,7,0,0
9552,075000,358,7,0,0
9553,075010,368,7,0,0
9554,075020,575,7,0,0
9555,075030,713,7,0,0
9556,075000,337,7,0,0
9557,075010,361,7,0,0
9558,075020,577,7,0,0
9559,075030,713,7,0,0
9560,075000,521,7,0,0
9561,075010,365,7,0,0
9562,075020,581,7,0,0
9563,075030,707,7,0,0
9564,075000,509,7,0,0
9565,075010,375,7,0,0
9566,075020,573,7,0,0
9567,075030,713,7,0,0
9568,075000,344,7,0,0
9569,075000,420,11,0,0
9570,075000,429,11,0,0
9571,075000,363,7,0,0
9572,075000,410,11,0,0
9573,075000,418,11,0,0
9574,075000,355,7,0,0
9575,075000,441,11,0,0
9576,075000,410,11,0,0
9577,075000,348,7,0,0
9578,075000,431,11,0,0
9579,075000,443,11,0,0
9580,075000,344,7,0,0
9581,075000,420,11,0,0
9582,075000,429,11,0,0
9583,075000,363,7,0,0
9584,075000,410,11,0,0
9585,075000,418,11,0,0
9586,075000,355,7,0,0
9587,075000,441,11,0,0
9588,075000,410,11,0,0
9589,075000,348,7,0,0
9590,075000,431,11,0,0
9591,075000,443,11,0,0
9592,075000,344,7,0,0
9593,075000,420,11,0,0
9594,075000,429,11,0,0
9595,075000,363,7,0,0
9596,075000,410,11,0,0
9597,075000,418,11,0,0
9598,075000,355,7,0,0
9599,075000,441,11,0,0
9600,075000,410,11,0,0
9601,075000,348,7,0,0
9602,075000,431,11,0,0
9603,075000,443,11,0,0
9604,075000,344,7,0,0
9605,075000,420,11,0,0
9606,075000,429,11,0,0
9607,075000,363,7,0,0
9608,075000,410,11,0,0
9609,075000,418,11,0,0
9610,075000,355,7,0,0
9611,075000,441,11,0,0
9612,075000,410,11,0,0
9613,075000,348,7,0,0
9614,075000,431,11,0,0
9615,075000,443,11,0,0
9616,075000,369,7,0,0
9617,075000,447,11,0,0
9618,075000,457,11,0,0
9619,075000,389,7,0,0
9620,075000,436,11,0,0
9621,075000,446,11,0,0
9622,075000,383,7,0,0
9623,075000,469,11,0,0
9624,075000,437,11,0,0
9625,075000,375,7,0,0
9626,075000,457,11,0,0
9627,075000,467,11,0,0
9628,075000,369,7,0,0
9629,075000,447,11,0,0
9630,075000,457,11,0,0
9631,075000,389,7,0,0
9632,075000,436,11,0,0
9633,075000,446,11,0,0
9634,075000,383,7,0,0
9635,075000,469,11,0,0
9636,075000,437,11,0,0
9637,075000,375,7,0,0
9638,075000,457,11,0,0
9639,075000,467,11,0,0
9640,075000,369,7,0,0
9641,075000,447,11,0,0
9642,075000,457,11,0,0
9643,075000,389,7,0,0
9644,075000,436,11,0,0
9645,075000,446,11,0,0
9646,075000,383,7,0,0
9647,075000,469,11,0,0
9648,075000,437,11,0,0
9649,075000,375,7,0,0
9650,075000,457,11,0,0
9651,075000,467,11,0,0
9652,075000,369,7,0,0
9653,075000,447,11,0,0
9654,075000,457,11,0,0
9655,075000,389,7,0,0
9656,075000,436,11,0,0
9657,075000,446,11,0,0
9658,075000,383,7,0,0
9659,075000,469,11,0,0
9660,075000,437,11,0,0
9661,075000,375,7,0,0
9662,075000,457,11,0,0
9663,075000,467,11,0,0
9664,075000,344,7,0,0
9665,075000,420,11,0,0
9666,075000,429,11,0,0
9667,075000,363,7,0,0
9668,075000,410,11,0,0
9669,075000,418,11,0,0
9670,075000,355,7,0,0
9671,075000,441,11,0,0
9672,075000,410,11,0,0
9673,075000,348,7,0,0
9674,075000,431,11,0,0
9675,075000,443,11,0,0
9676,075000,344,7,0,0
9677,075000,420,11,0,0
9678,075000,429,11,0,0
9679,075000,363,7,0,0
9680,075000,410,11,0,0
9681,075000,418,11,0,0
9682,075000,355,7,0,0
9683,075000,441,11,0,0
9684,075000,410,11,0,0
9685,075000,348,7,0,0
9686,075000,431,11,0,0
9687,075000,443,11,0,0
9688,075000,344,7,0,0
9689,075000,420,11,0,0
9690,075000,429,11,0,0
9691,075000,363,7,0,0
9692,075000,410,11,0,0
9693,075000,418,11,0,0
9694,075000,355,7,0,0
9695,075000,441,11,0,0
9696,075000,410,11,0,0
9697,075000,348,7,0,0
9698,075000,431,11,0,0
9699,075000,443,11,0,0
9700,075000,344,7,0,0
9701,075000,420,11,0,0
9702,075000,429,11,0,0
9703,075000,363,7,0,0
9704,075000,410,11,0,0
9705,075000,418,11,0,0
9706,075000,355,7,0,0
9707,075000,441,11,0,0
9708,075000,410,11,0,0
9709,075000,348,7,0,0
9710,075000,431,11,0,0
9711,075000,443,11,0,0
9712,075000,328,7,0,0
9713,075000,406,11,0,0
9714,075000,415,11,0,0
9715,075000,347,7,0,0
9716,075000,394,11,0,0
9717,075000,404,11,0,0
9718,075000,341,7,0,0
9719,075000,425,11,0,0
9720,075000,394,11,0,0
9721,075000,333,7,0,0
9722,075000,418,11,0,0
9723,075000,427,11,0,0
9724,075000,328,7,0,0
9725,075000,406,11,0,0
9726,075000,415,11,0,0
9727,075000,347,7,0,0
9728,075000,394,11,0,0
9729,075000,404,11,0,0
9730,075000,341,7,0,0
9731,075000,425,11,0,0
9732,075000,394,11,0,0
9733,075000,333,7,0,0
9734,075000,418,11,0,0
9735,075000,427,11,0,0
9736,075000,328,7,0,0
9737,075000,406,11,0,0
9738,075000,415,11,0,0
9739,075000,347,7,0,0
9740,075000,394,11,0,0
9741,075000,404,11,0,0
9742,075000,341,7,0,0
9743,075000,425,11,0,0
9744,075000,394,11,0,0
9745,075000,333,7,0,0
9746,075000,418,11,0,0
9747,075000,427,11,0,0
9748,075000,328,7,0,0
9749,075000,406,11,0,0
9750,075000,415,11,0,0
9751,075000,347,7,0,0
9752,075000,394,11,0,0
9753,075000,404,11,0,0
9754,075000,341,7,0,0
9755,075000,425,11,0,0
9756,075000,394,11,0,0
9757,075000,333,7,0,0
9758,075000,418,11,0,0
9759,075000,427,11,0,0
9760,075000,322,9,0,0
9761,075000,398,13,0,0
9762,075000,337,9,0,0
9763,075000,347,9,0,0
9764,075000,390,13,0,0
9765,075000,326,9,0,0
9766,075000,337,9,0,0
9767,075000,427,13,0,0
9768,075000,322,9,0,0
9769,075000,326,9,0,0
9770,075000,413,13,0,0
9771,075000,347,9,0,0
9772,075000,322,9,0,0
9773,075000,398,13,0,0
9774,075000,337,9,0,0
9775,075000,347,9,0,0
9776,075000,390,13,0,0
9777,075000,326,9,0,0
9778,075000,337,9,0,0
9779,075000,427,13,0,0
9780,075000,322,9,0,0
9781,075000,326,9,0,0
9782,075000,413,13,0,0
9783,075000,347,9,0,0
9784,075000,322,9,0,0
9785,075000,398,13,0,0
9786,075000,337,9,0,0
9787,075000,347,9,0,0
9788,075000,390,13,0,0
9789,075000,326,9,0,0
9790,075000,337,9,0,0
9791,075000,427,13,0,0
9792,075000,322,9,0,0
9793,075000,326,9,0,0
9794,075000,413,13,0,0
9795,075000,347,9,0,0
9796,075000,322,9,0,0
9797,075000,398,13,0,0
9798,075000,337,9,0,0
9799,075000,347,9,0,0
9800,075000,390,13,0,0
9801,075000,326,9,0,0
9802,075000,337,9,0,0
9803,075000,427,13,0,0
9804,075000,322,9,0,0
9805,075000,326,9,0,0
9806,075000,413,13,0,0
9807,075000,347,9,0,0
9808,075000,337,7,0,0
9809,075000,415,11,0,0
9810,075000,425,11,0,0
9811,075000,357,7,0,0
9812,075000,404,11,0,0
9813,075000,414,11,0,0
9814,075000,351,7,0,0
9815,075000,437,11,0,0
9816,075000,405,11,0,0
9817,075000,343,7,0,0
9818,075000,425,11,0,0
9819,075000,435,11,0,0
9820,075000,337,7,0,0
9821,075000,415,11,0,0
9822,075000,425,11,0,0
9823,075000,357,7,0,0
9824,075000,404,11,0,0
9825,075000,414,11,0,0
9826,075000,351,7,0,0
9827,075000,437,11,0,0
9828,075000,405,11,0,0
9829,075000,343,7,0,0
9830,075000,425,11,0,0
9831,075000,435,11,0,0
9832,075000,337,7,0,0
9833,075000,415,11,0,0
9834,075000,425,11,0,0
9835,075000,357,7,0,0
9836,075000,404,11,0,0
9837,075000,414,11,0,0
9838,075000,351,7,0,0
9839,075000,437,11,0,0
9840,075000,405,11,0,0
9841,075000,343,7,0,0
9842,075000,425,11,0,0
9843,075000,435,11,0,0
9844,075000,337,7,0,0
9845,075000,415,11,0,0
9846,075000,425,11,0,0
9847,075000,357,7,0,0
9848,075000,404,11,0,0
9849,075000,414,11,0,0
9850,075000,351,7,0,0
9851,075000,437,11,0,0
9852,075000,405,11,0,0
9853,075000,343,7,0,0
9854,075000,425,11,0,0
9855,075000,435,11,0,0
9856,075000,249,7,0,0
9857,075000,327,11,0,0
9858,075000,337,11,0,0
9859,075000,269,7,0,0
9860,075000,316,11,0,0
9861,075000,326,11,0,0
9862,075000,263,7,0,0
9863,075000,349,11,0,0
9864,075000,317,11,0,0
9865,075000,255,7,0,0
9866,075000,337,11,0,0
9867,075000,347,11,0,0
9868,075000,249,7,0,0
9869,075000,327,11,0,0
9870,075000,337,11,0,0
9871,075000,269,7,0,0
9872,075000,316,11,0,0
9873,075000,326,11,0,0
9874,075000,263,7,0,0
9875,075000,349,11,0,0
9876,075000,317,11,0,0
9877,075000,255,7,0,0
9878,075000,337,11,0,0
9879,075000,347,11,0,0
9880,075000,249,7,0,0
9881,075000,327,11,0,0
9882,075000,337,11,0,0
9883,075000,269,7,0,0
9884,075000,316,11,0,0
9885,075000,326,11,0,0
9886,075000,263,7,0,0
9887,075000,349,11,0,0
9888,075000,317,11,0,0
9889,075000,255,7,0,0
9890,075000,337,11,0,0
9891,075000,347,11,0,0
9892,075000,249,7,0,0
9893,075000,327,11,0,0
9894,075000,337,11,0,0
9895,075000,269,7,0,0
9896,075000,316,11,0,0
9897,075000,326,11,0,0
9898,075000,263,7,0,0
9899,075000,349,11,0,0
9900,075000,317,11,0,0
9901,075000,255,7,0,0
9902,075000,337,11,0,0
9903,075000,347,11,0,0
9904,075010,252,7,0,0
9905,075010,330,11,0,0
9906,075010,339,11,0,0
9907,075010,271,7,0,0
9908,075010,318,11,0,0
9909,075010,328,11,0,0
9910,075010,265,7,0,0
9911,075010,349,11,0,0
9912,075010,318,11,0,0
9913,075010,257,7,0,0
9914,075010,342,11,0,0
9915,075010,351,11,0,0
9916,075010,252,7,0,0
9917,075010,330,11,0,0
9918,075010,339,11,0,0
9919,075010,271,7,0,0
9920,075010,318,11,0,0
9921,075010,328,11,0,0
9922,075010,265,7,0,0
9923,075010,349,11,0,0
9924,075010,318,11,0,0
9925,075010,257,7,0,0
9926,075010,342,11,0,0
9927,075010,351,11,0,0
9928,075010,252,7,0,0
9929,075010,330,11,0,0
9930,075010,339,11,0,0
9931,075010,271,7,0,0
9932,075010,318,11,0,0
9933,075010,328,11,0,0
9934,075010,265,7,0,0
9935,075010,349,11,0,0
9936,075010,318,11,0,0
9937,075010,257,7,0,0
9938,075010,342,11,0,0
9939,075010,351,11,0,0
9940,075010,252,7,0,0
9941,075010,330,11,0,0
9942,075010,339,11,0,0
9943,075010,271,7,0,0
9944,075010,318,11,0,0
9945,075010,328,11,0,0
9946,075010,265,7,0,0
9947,075010,349,11,0,0
9948,075010,318,11,0,0
9949,075010,257,7,0,0
9950,075010,342,11,0,0
9951,075010,351,11,0,0
9952,075010,360,7,0,0
9953,075010,438,11,0,0
9954,075010,447,11,0,0
9955,075010,379,7,0,0
9956,075010,426,11,0,0
9957,075010,436,11,0,0
9958,075010,373,7,0,0
9959,075010,457,11,0,0
9960,075010,426,11,0,0
9961,075010,365,7,0,0
9962,075010,450,11,0,0
9963,075010,459,11,0,0
9964,075010,360,7,0,0
9965,075010,438,11,0,0
9966,075010,447,11,0,0
9967,075010,379,7,0,0
9968,075010,426,11,0,0
9969,075010,436,11,0,0
9970,075010,373,7,0,0
9971,075010,457,11,0,0
9972,075010,426,11,0,0
9973,075010,365,7,0,0
9974,075010,450,11,0,0
9975,075010,459,11,0,0
9976,075010,360,7,0,0
9977,075010,438,11,0,0
9978,075010,447,11,0,0
9979,075010,379,7,0,0
9980,075010,426,11,0,0
9981,075010,436,11,0,0
9982,075010,373,7,0,0
9983,075010,457,11,0,0
9984,075010,426,11,0,0
9985,075010,365,7,0,0
9986,075010,450,11,0,0
9987,075010,459,11,0,0
9988,075010,360,7,0,0
9989,075010,438,11,0,0
9990,075010,447,11,0,0
9991,075010,379,7,0,0
9992,075010,426,11,0,0
9993,075010,436,11,0,0
9994,075010,373,7,0,0
9995,075010,457,11,0,0
9996,075010,426,11,0,0
9997,075010,365,7,0,0
9998,075010,450,11,0,0
9999,075010,459,11,0,0
10000,075010,429,7,0,0
10001,075010,507,11,0,0
10002,075010,517,11,0,0
10003,075010,449,7,0,0
10004,075010,496,11,0,0
10005,075010,506,11,0,0
10006,075010,443,7,0,0
10007,075010,529,11,0,0
10008,075010,497,11,0,0
10009,075010,435,7,0,0
10010,075010,517,11,0,0
10011,075010,527,11,0,0
10012,075010,429,7,0,0
10013,075010,507,11,0,0
10014,075010,517,11,0,0
10015,075010,449,7,0,0
10016,075010,496,11,0,0
10017,075010,506,11,0,0
10018,075010,443,7,0,0
10019,075010,529,11,0,0
10020,075010,497,11,0,0
10021,075010,435,7,0,0
10022,075010,517,11,0,0
10023,075010,527,11,0,0
10024,075010,429,7,0,0
10025,075010,507,11,0,0
10026,075010,517,11,0,0
10027,075010,449,7,0,0
10028,075010,496,11,0,0
10029,075010,506,11,0,0
10030,075010,443,7,0,0
10031,075010,529,11,0,0
10032,075010,497,11,0,0
10033,075010,435,7,0,0
10034,075010,517,11,0,0
10035,075010,527,11,0,0
10036,075010,429,7,0,0
10037,075010,507,11,0,0
10038,075010,517,11,0,0
10039,075010,449,7,0,0
10040,075010,496,11,0,0
10041,075010,506,11,0,0
10042,075010,443,7,0,0
10043,075010,529,11,0,0
10044,075010,497,11,0,0
10045,075010,435,7,0,0
10046,075010,517,11,0,0
10047,075010,527,11,0,0
10048,075010,337,7,0,0
10049,075010,415,11,0,0
10050,075010,425,11,0,0
10051,075010,357,7,0,0
10052,075010,404,11,0,0
10053,075010,414,11,0,0
10054,075010,351,7,0,0
10055,075010,437,11,0,0
10056,075010,405,11,0,0
10057,075010,343,7,0,0
10058,075010,425,11,0,0
10059,075010,435,11,0,0
10060,075010,337,7,0,0
10061,075010,415,11,0,0
10062,075010,425,11,0,0
10063,075010,357,7,0,0
10064,075010,404,11,0,0
10065,075010,414,11,0,0
10066,075010,351,7,0,0
10067,075010,437,11,0,0
10068,075010,405,11,0,0
10069,075010,343,7,0,0
10070,075010,425,11,0,0
10071,075010,435,11,0,0
10072,075010,337,7,0,0
10073,075010,415,11,0,0
10074,075010,425,11,0,0
10075,075010,357,7,0,0
10076,075010,404,11,0,0
10077,075010,414,11,0,0
10078,075010,351,7,0,0
10079,075010,437,11,0,0
10080,075010,405,11,0,0
10081,075010,343,7,0,0
10082,075010,425,11,0,0
10083,075010,435,11,0,0
10084,075010,337,7,0,0
10085,075010,415,11,0,0
10086,075010,425,11,0,0
10087,075010,357,7,0,0
10088,075010,404,11,0,0
10089,075010,414,11,0,0
10090,075010,351,7,0,0
10091,075010,437,11,0,0
10092,075010,405,11,0,0
10093,075010,343,7,0,0
10094,075010,425,11,0,0
10095,075010,435,11,0,0
10096,075010,252,7,0,0
10097,075010,330,11,0,0
10098,075010,339,11,0,0
10099,075010,271,7,0,0
10100,075010,318,11,0,0
10101,075010,328,11,0,0
10102,075010,265,7,0,0
10103,075010,349,11,0,0
10104,075010,318,11,0,0
10105,075010,257,7,0,0
10106,075010,342,11,0,0
10107,075010,351,11,0,0
10108,075010,252,7,0,0
10109,075010,330,11,0,0
10110,075010,339,11,0,0
10111,075010,271,7,0,0
10112,075010,318,11,0,0
10113,075010,328,11,0,0
10114,075010,265,7,0,0
10115,075010,349,11,0,0
10116,075010,318,11,0,0
10117,075010,257,7,0,0
10118,075010,342,11,0,0
10119,075010,351,11,0,0
10120,075010,252,7,0,0
10121,075010,330,11,0,0
10122,075010,339,11,0,0
10123,075010,271,7,0,0
10124,075010,318,11,0,0
10125,075010,328,11,0,0
10126,075010,265,7,0,0
10127,075010,349,11,0,0
10128,075010,318,11,0,0
10129,075010,257,7,0,0
10130,075010,342,11,0,0
10131,075010,351,11,0,0
10132,075010,252,7,0,0
10133,075010,330,11,0,0
10134,075010,339,11,0,0
10135,075010,271,7,0,0
10136,075010,318,11,0,0
10137,075010,328,11,0,0
10138,075010,265,7,0,0
10139,075010,349,11,0,0
10140,075010,318,11,0,0
10141,075010,257,7,0,0
10142,075010,342,11,0,0
10143,075010,351,11,0,0
10144,075010,340,7,0,0
10145,075010,418,11,0,0
10146,075010,427,11,0,0
10147,075010,359,7,0,0
10148,075010,406,11,0,0
10149,075010,416,11,0,0
10150,075010,353,7,0,0
10151,075010,437,11,0,0
10152,075010,406,11,0,0
10153,075010,345,7,0,0
10154,075010,430,11,0,0
10155,075010,439,11,0,0
10156,075010,340,7,0,0
10157,075010,418,11,0,0
10158,075010,427,11,0,0
10159,075010,359,7,0,0
10160,075010,406,11,0,0
10161,075010,416,11,0,0
10162,075010,353,7,0,0
10163,075010,437,11,0,0
10164,075010,406,11,0,0
10165,075010,345,7,0,0
10166,075010,430,11,0,0
10167,075010,439,11,0,0
10168,075010,340,7,0,0
10169,075010,418,11,0,0
10170,075010,427,11,0,0
10171,075010,359,7,0,0
10172,075010,406,11,0,0
10173,075010,416,11,0,0
10174,075010,353,7,0,0
10175,075010,437,11,0,0
10176,075010,406,11,0,0
10177,075010,345,7,0,0
10178,075010,430,11,0,0
10179,075010,439,11,0,0
10180,075010,340,7,0,0
10181,075010,418,11,0,0
10182,075010,427,11,0,0
10183,075010,359,7,0,0
10184,075010,406,11,0,0
10185,075010,416,11,0,0
10186,075010,353,7,0,0
10187,075010,437,11,0,0
10188,075010,406,11,0,0
10189,075010,345,7,0,0
10190,075010,430,11,0,0
10191,075010,439,11,0,0
10192,075010,252,7,0,0
10193,075010,330,11,0,0
10194,075010,339,11,0,0
10195,075010,271,7,0,0
10196,075010,318,11,0,0
10197,075010,328,11,0,0
10198,075010,265,7,0,0
10199,075010,349,11,0,0
10200,075010,318,11,0,0
10201,075010,257,7,0,0
10202,075010,342,11,0,0
10203,075010,351,11,0,0
10204,075010,252,7,0,0
10205,075010,330,11,0,0
10206,075010,339,11,0,0
10207,075010,271,7,0,0
10208,075010,318,11,0,0
10209,075010,328,11,0,0
10210,075010,265,7,0,0
10211,075010,349,11,0,0
10212,075010,318,11,0,0
10213,075010,257,7,0,0
10214,075010,342,11,0,0
10215,075010,351,11,0,0
10216,075010,252,7,0,0
10217,075010,330,11,0,0
10218,075010,339,11,0,0
10219,075010,271,7,0,0
10220,075010,318,11,0,0
10221,075010,328,11,0,0
10222,075010,265,7,0,0
10223,075010,349,11,0,0
10224,075010,318,11,0,0
10225,075010,257,7,0,0
10226,075010,342,11,0,0
10227,075010,351,11,0,0
10228,075010,252,7,0,0
10229,075010,330,11,0,0
10230,075010,339,11,0,0
10231,075010,271,7,0,0
10232,075010,318,11,0,0
10233,075010,328,11,0,0
10234,075010,265,7,0,0
10235,075010,349,11,0,0
10236,075010,318,11,0,0
10237,075010,257,7,0,0
10238,075010,342,11,0,0
10239,075010,351,11,0,0
10240,075020,544,7,0,0
10241,075020,622,11,0,0
10242,075020,631,11,0,0
10243,075020,563,7,0,0
10244,075020,610,11,0,0
10245,075020,620,11,0,0
10246,075020,557,7,0,0
10247,075020,641,11,0,0
10248,075020,610,11,0,0
10249,075020,549,7,0,0
10250,075020,634,11,0,0
10251,075020,643,11,0,0
10252,075020,544,7,0,0
10253,075020,622,11,0,0
10254,075020,631,11,0,0
10255,075020,563,7,0,0
10256,075020,610,11,0,0
10257,075020,620,11,0,0
10258,075020,557,7,0,0
10259,075020,641,11,0,0
10260,075020,610,11,0,0
10261,075020,549,7,0,0
10262,075020,634,11,0,0
10263,075020,643,11,0,0
10264,075020,544,7,0,0
10265,075020,622,11,0,0
10266,075020,631,11,0,0
10267,075020,563,7,0,0
10268,075020,610,11,0,0
10269,075020,620,11,0,0
10270,075020,557,7,0,0
10271,075020,641,11,0,0
10272,075020,610,11,0,0
10273,075020,549,7,0,0
10274,075020,634,11,0,0
10275,075020,643,11,0,0
10276,075020,544,7,0,0
10277,075020,622,11,0,0
10278,075020,631,11,0,0
10279,075020,563,7,0,0
10280,075020,610,11,0,0
10281,075020,620,11,0,0
10282,075020,557,7,0,0
10283,075020,641,11,0,0
10284,075020,610,11,0,0
10285,075020,549,7,0,0
10286,075020,634,11,0,0
10287,075020,643,11,0,0
10288,075020,548,7,0,0
10289,075020,624,11,0,0
10290,075020,633,11,0,0
10291,075020,567,7,0,0
10292,075020,614,11,0,0
10293,075020,622,11,0,0
10294,075020,559,7,0,0
10295,075020,645,11,0,0
10296,075020,614,11,0,0
10297,075020,552,7,0,0
10298,075020,635,11,0,0
10299,075020,647,11,0,0
10300,075020,548,7,0,0
10301,075020,624,11,0,0
10302,075020,633,11,0,0
10303,075020,567,7,0,0
10304,075020,614,11,0,0
10305,075020,622,11,0,0
10306,075020,559,7,0,0
10307,075020,645,11,0,0
10308,075020,614,11,0,0
10309,075020,552,7,0,0
10310,075020,635,11,0,0
10311,075020,647,11,0,0
10312,075020,548,7,0,0
10313,075020,624,11,0,0
10314,075020,633,11,0,0
10315,075020,567,7,0,0
10316,075020,614,11,0,0
10317,075020,622,11,0,0
10318,075020,559,7,0,0
10319,075020,645,11,0,0
10320,075020,614,11,0,0
10321,075020,552,7,0,0
10322,075020,635,11,0,0
10323,075020,647,11,0,0
10324,075020,548,7,0,0
10325,075020,624,11,0,0
10326,075020,633,11,0,0
10327,075020,567,7,0,0
10328,075020,614,11,0,0
10329,075020,622,11,0,0
10330,075020,559,7,0,0
10331,075020,645,11,0,0
10332,075020,614,11,0,0
10333,075020,552,7,0,0
10334,075020,635,11,0,0
10335,075020,647,11,0,0
10336,075020,525,9,0,0
10337,075020,603,13,0,0
10338,075020,541,9,0,0
10339,075020,549,9,0,0
10340,075020,592,13,0,0
10341,075020,530,9,0,0
10342,075020,541,9,0,0
10343,075020,627,13,0,0
10344,075020,525,9,0,0
10345,075020,531,9,0,0
10346,075020,617,13,0,0
10347,075020,549,9,0,0
10348,075020,524,9,0,0
10349,075020,602,13,0,0
10350,075020,541,9,0,0
10351,075020,549,9,0,0
10352,075020,592,13,0,0
10353,075020,530,9,0,0
10354,075020,541,9,0,0
10355,075020,627,13,0,0
10356,075020,525,9,0,0
10357,075020,531,9,0,0
10358,075020,617,13,0,0
10359,075020,549,9,0,0
10360,075020,524,9,0,0
10361,075020,602,13,0,0
10362,075020,541,9,0,0
10363,075020,549,9,0,0
10364,075020,592,13,0,0
10365,075020,530,9,0,0
10366,075020,541,9,0,0
10367,075020,627,13,0,0
10368,075020,525,9,0,0
10369,075020,531,9,0,0
10370,075020,617,13,0,0
10371,075020,549,9,0,0
10372,075020,524,9,0,0
10373,075020,602,13,0,0
10374,075020,541,9,0,0
10375,075020,549,9,0,0
10376,075020,592,13,0,0
10377,075020,530,9,0,0
10378,075020,541,9,0,0
10379,075020,627,13,0,0
10380,075020,525,9,0,0
10381,075020,531,9,0,0
10382,075020,617,13,0,0
10383,075020,549,9,0,0
10384,075020,543,7,0,0
10385,075020,621,11,0,0
10386,075020,631,11,0,0
10387,075020,563,7,0,0
10388,075020,610,11,0,0
10389,075020,620,11,0,0
10390,075020,557,7,0,0
10391,075020,641,11,0,0
10392,075020,610,11,0,0
10393,075020,549,7,0,0
10394,075020,634,11,0,0
10395,075020,643,11,0,0
10396,075020,544,7,0,0
10397,075020,622,11,0,0
10398,075020,631,11,0,0
10399,075020,563,7,0,0
10400,075020,610,11,0,0
10401,075020,620,11,0,0
10402,075020,557,7,0,0
10403,075020,641,11,0,0
10404,075020,610,11,0,0
10405,075020,549,7,0,0
10406,075020,634,11,0,0
10407,075020,643,11,0,0
10408,075020,544,7,0,0
10409,075020,622,11,0,0
10410,075020,631,11,0,0
10411,075020,563,7,0,0
10412,075020,610,11,0,0
10413,075020,620,11,0,0
10414,075020,557,7,0,0
10415,075020,641,11,0,0
10416,075020,610,11,0,0
10417,075020,549,7,0,0
10418,075020,634,11,0,0
10419,075020,643,11,0,0
10420,075020,544,7,0,0
10421,075020,622,11,0,0
10422,075020,631,11,0,0
10423,075020,563,7,0,0
10424,075020,610,11,0,0
10425,075020,620,11,0,0
10426,075020,557,7,0,0
10427,075020,641,11,0,0
10428,075020,610,11,0,0
10429,075020,549,7,0,0
10430,075020,634,11,0,0
10431,075020,643,11,0,0
10432,075020,562,9,0,0
10433,075020,638,13,0,0
10434,075020,577,9,0,0
10435,075020,587,9,0,0
10436,075020,630,13,0,0
10437,075020,568,9,0,0
10438,075020,579,9,0,0
10439,075020,667,13,0,0
10440,075020,562,9,0,0
10441,075020,568,9,0,0
10442,075020,655,13,0,0
10443,075020,587,9,0,0
10444,075020,562,9,0,0
10445,075020,638,13,0,0
10446,075020,577,9,0,0
10447,075020,587,9,0,0
10448,075020,630,13,0,0
10449,075020,568,9,0,0
10450,075020,579,9,0,0
10451,075020,667,13,0,0
10452,075020,562,9,0,0
10453,075020,568,9,0,0
10454,075020,655,13,0,0
10455,075020,587,9,0,0
10456,075020,562,9,0,0
10457,075020,638,13,0,0
10458,075020,577,9,0,0
10459,075020,587,9,0,0
10460,075020,630,13,0,0
10461,075020,568,9,0,0
10462,075020,579,9,0,0
10463,075020,667,13,0,0
10464,075020,562,9,0,0
10465,075020,568,9,0,0
10466,075020,655,13,0,0
10467,075020,587,9,0,0
10468,075020,562,9,0,0
10469,075020,638,13,0,0
10470,075020,577,9,0,0
10471,075020,587,9,0,0
10472,075020,630,13,0,0
10473,075020,568,9,0,0
10474,075020,579,9,0,0
10475,075020,667,13,0,0
10476,075020,562,9,0,0
10477,075020,568,9,0,0
10478,075020,655,13,0,0
10479,075020,587,9,0,0
10480,075020,221,7,0,0
10481,075020,299,11,0,0
10482,075020,309,11,0,0
10483,075020,241,7,0,0
10484,075020,288,11,0,0
10485,075020,298,11,0,0
10486,075020,235,7,0,0
10487,075020,321,11,0,0
10488,075020,289,11,0,0
10489,075020,227,7,0,0
10490,075020,309,11,0,0
10491,075020,319,11,0,0
10492,075020,221,7,0,0
10493,075020,299,11,0,0
10494,075020,309,11,0,0
10495,075020,241,7,0,0
10496,075020,288,11,0,0
10497,075020,298,11,0,0
10498,075020,235,7,0,0
10499,075020,321,11,0,0
10500,075020,289,11,0,0
10501,075020,227,7,0,0
10502,075020,309,11,0,0
10503,075020,319,11,0,0
10504,075020,221,7,0,0
10505,075020,299,11,0,0
10506,075020,309,11,0,0
10507,075020,241,7,0,0
10508,075020,288,11,0,0
10509,075020,298,11,0,0
10510,075020,235,7,0,0
10511,075020,321,11,0,0
10512,075020,289,11,0,0
10513,075020,227,7,0,0
10514,075020,309,11,0,0
10515,075020,319,11,0,0
10516,075020,221,7,0,0
10517,075020,299,11,0,0
10518,075020,309,11,0,0
10519,075020,241,7,0,0
10520,075020,288,11,0,0
10521,075020,298,11,0,0
10522,075020,235,7,0,0
10523,075020,321,11,0,0
10524,075020,289,11,0,0
10525,075020,227,7,0,0
10526,075020,309,11,0,0
10527,075020,319,11,0,0
10528,075020,220,7,0,0
10529,075020,298,11,0,0
10530,075020,307,11,0,0
10531,075020,239,7,0,0
10532,075020,286,11,0,0
10533,075020,296,11,0,0
10534,075020,233,7,0,0
10535,075020,317,11,0,0
10536,075020,286,11,0,0
10537,075020,225,7,0,0
10538,075020,310,11,0,0
10539,075020,319,11,0,0
10540,075020,220,7,0,0
10541,075020,298,11,0,0
10542,075020,307,11,0,0
10543,075020,239,7,0,0
10544,075020,286,11,0,0
10545,075020,296,11,0,0
10546,075020,233,7,0,0
10547,075020,317,11,0,0
10548,075020,286,11,0,0
10549,075020,225,7,0,0
10550,075020,310,11,0,0
10551,075020,319,11,0,0
10552,075020,220,7,0,0
10553,075020,298,11,0,0
10554,075020,307,11,0,0
10555,075020,239,7,0,0
10556,075020,286,11,0,0
10557,075020,296,11,0,0
10558,075020,233,7,0,0
10559,075020,317,11,0,0
10560,075020,286,11,0,0
10561,075020,225,7,0,0
10562,075020,310,11,0,0
10563,075020,319,11,0,0
10564,075020,220,7,0,0
10565,075020,298,11,0,0
10566,075020,307,11,0,0
10567,075020,239,7,0,0
10568,075020,286,11,0,0
10569,075020,296,11,0,0
10570,075020,233,7,0,0
10571,075020,317,11,0,0
10572,075020,286,11,0,0
10573,075020,225,7,0,0
10574,075020,310,11,0,0
10575,075020,319,11,0,0
10576,075030,684,7,0,0
10577,075030,762,11,0,0
10578,075030,771,11,0,0
10579,075030,703,7,0,0
10580,075030,750,11,0,0
10581,075030,760,11,0,0
10582,075030,697,7,0,0
10583,075030,781,11,0,0
10584,075030,750,11,0,0
10585,075030,689,7,0,0
10586,075030,774,11,0,0
10587,075030,783,11,0,0
10588,075030,684,7,0,0
10589,075030,762,11,0,0
10590,075030,771,11,0,0
10591,075030,703,7,0,0
10592,075030,750,11,0,0
10593,075030,760,11,0,0
10594,075030,697,7,0,0
10595,075030,781,11,0,0
10596,075030,750,11,0,0
10597,075030,689,7,0,0
10598,075030,774,11,0,0
10599,075030,783,11,0,0
10600,075030,684,7,0,0
10601,075030,762,11,0,0
10602,075030,771,11,0,0
10603,075030,703,7,0,0
10604,075030,750,11,0,0
10605,075030,760,11,0,0
10606,075030,697,7,0,0
10607,075030,781,11,0,0
10608,075030,750,11,0,0
10609,075030,689,7,0,0
10610,075030,774,11,0,0
10611,075030,783,11,0,0
10612,075030,684,7,0,0
10613,075030,762,11,0,0
10614,075030,771,11,0,0
10615,075030,703,7,0,0
10616,075030,750,11,0,0
10617,075030,760,11,0,0
10618,075030,697,7,0,0
10619,075030,781,11,0,0
10620,075030,750,11,0,0
10621,075030,689,7,0,0
10622,075030,774,11,0,0
10623,075030,783,11,0,0
10624,075030,693,7,0,0
10625,075030,771,11,0,0
10626,075030,781,11,0,0
10627,075030,713,7,0,0
10628,075030,760,11,0,0
10629,075030,770,11,0,0
10630,075030,707,7,0,0
10631,075030,793,11,0,0
10632,075030,761,11,0,0
10633,075030,699,7,0,0
10634,075030,781,11,0,0
10635,075030,791,11,0,0
10636,075030,693,7,0,0
10637,075030,771,11,0,0
10638,075030,781,11,0,0
10639,075030,713,7,0,0
10640,075030,760,11,0,0
10641,075030,770,11,0,0
10642,075030,707,7,0,0
10643,075030,793,11,0,0
10644,075030,761,11,0,0
10645,075030,699,7,0,0
10646,075030,781,11,0,0
10647,075030,791,11,0,0
10648,075030,693,7,0,0
10649,075030,771,11,0,0
10650,075030,781,11,0,0
10651,075030,713,7,0,0
10652,075030,760,11,0,0
10653,075030,770,11,0,0
10654,075030,707,7,0,0
10655,075030,793,11,0,0
10656,075030,761,11,0,0
10657,075030,699,7,0,0
10658,075030,781,11,0,0
10659,075030,791,11,0,0
10660,075030,693,7,0,0
10661,075030,771,11,0,0
10662,075030,781,11,0,0
10663,075030,713,7,0,0
10664,075030,760,11,0,0
10665,075030,770,11,0,0
10666,075030,707,7,0,0
10667,075030,793,11,0,0
10668,075030,761,11,0,0
10669,075030,699,7,0,0
10670,075030,781,11,0,0
10671,075030,791,11,0,0
10672,075030,684,7,0,0
10673,075030,762,11,0,0
10674,075030,771,11,0,0
10675,075030,703,7,0,0
10676,075030,750,11,0,0
10677,075030,760,11,0,0
10678,075030,697,7,0,0
10679,075030,781,11,0,0
10680,075030,750,11,0,0
10681,075030,689,7,0,0
10682,075030,774,11,0,0
10683,075030,783,11,0,0
10684,075030,684,7,0,0
10685,075030,762,11,0,0
10686,075030,771,11,0,0
10687,075030,703,7,0,0
10688,075030,750,11,0,0
10689,075030,760,11,0,0
10690,075030,697,7,0,0
10691,075030,781,11,0,0
10692,075030,750,11,0,0
10693,075030,689,7,0,0
10694,075030,774,11,0,0
10695,075030,783,11,0,0
10696,075030,684,7,0,0
10697,075030,762,11,0,0
10698,075030,771,11,0,0
10699,075030,703,7,0,0
10700,075030,750,11,0,0
10701,075030,760,11,0,0
10702,075030,697,7,0,0
10703,075030,781,11,0,0
10704,075030,750,11,0,0
10705,075030,689,7,0,0
10706,075030,774,11,0,0
10707,075030,783,11,0,0
10708,075030,684,7,0,0
10709,075030,762,11,0,0
10710,075030,771,11,0,0
10711,075030,703,7,0,0
10712,075030,750,11,0,0
10713,075030,760,11,0,0
10714,075030,697,7,0,0
10715,075030,781,11,0,0
10716,075030,750,11,0,0
10717,075030,689,7,0,0
10718,075030,774,11,0,0
10719,075030,783,11,0,0
10720,075030,684,7,0,0
10721,075030,762,11,0,0
10722,075030,771,11,0,0
10723,075030,703,7,0,0
10724,075030,750,11,0,0
10725,075030,760,11,0,0
10726,075030,697,7,0,0
10727,075030,781,11,0,0
10728,075030,750,11,0,0
10729,075030,689,7,0,0
10730,075030,774,11,0,0
10731,075030,783,11,0,0
10732,075030,684,7,0,0
10733,075030,762,11,0,0
10734,075030,771,11,0,0
10735,075030,703,7,0,0
10736,075030,750,11,0,0
10737,075030,760,11,0,0
10738,075030,697,7,0,0
10739,075030,781,11,0,0
10740,075030,750,11,0,0
10741,075030,689,7,0,0
10742,075030,774,11,0,0
10743,075030,783,11,0,0
10744,075030,684,7,0,0
10745,075030,762,11,0,0
10746,075030,771,11,0,0
10747,075030,703,7,0,0
10748,075030,750,11,0,0
10749,075030,760,11,0,0
10750,075030,697,7,0,0
10751,075030,781,11,0,0
10752,075030,750,11,0,0
10753,075030,689,7,0,0
10754,075030,774,11,0,0
10755,075030,783,11,0,0
10756,075030,684,7,0,0
10757,075030,762,11,0,0
10758,075030,771,11,0,0
10759,075030,703,7,0,0
10760,075030,750,11,0,0
10761,075030,760,11,0,0
10762,075030,697,7,0,0
10763,075030,781,11,0,0
10764,075030,750,11,0,0
10765,075030,689,7,0,0
10766,075030,774,11,0,0
10767,075030,783,11,0,0
10768,075030,684,7,0,0
10769,075030,762,11,0,0
10770,075030,771,11,0,0
10771,075030,703,7,0,0
10772,075030,750,11,0,0
10773,075030,760,11,0,0
10774,075030,697,7,0,0
10775,075030,781,11,0,0
10776,075030,750,11,0,0
10777,075030,689,7,0,0
10778,075030,774,11,0,0
10779,075030,783,11,0,0
10780,075030,684,7,0,0
10781,075030,762,11,0,0
10782,075030,771,11,0,0
10783,075030,703,7,0,0
10784,075030,750,11,0,0
10785,075030,760,11,0,0
10786,075030,697,7,0,0
10787,075030,781,11,0,0
10788,075030,750,11,0,0
10789,075030,689,7,0,0
10790,075030,774,11,0,0
10791,075030,783,11,0,0
10792,075030,684,7,0,0
10793,075030,762,11,0,0
10794,075030,771,11,0,0
10795,075030,703,7,0,0
10796,075030,750,11,0,0
10797,075030,760,11,0,0
10798,075030,697,7,0,0
10799,075030,781,11,0,0
10800,075030,750,11,0,0
10801,075030,689,7,0,0
10802,075030,774,11,0,0
10803,075030,783,11,0,0
10804,075030,684,7,0,0
10805,075030,762,11,0,0
10806,075030,771,11,0,0
10807,075030,703,7,0,0
10808,075030,750,11,0,0
10809,075030,760,11,0,0
10810,075030,697,7,0,0
10811,075030,781,11,0,0
10812,075030,750,11,0,0
10813,075030,689,7,0,0
10814,075030,774,11,0,0
10815,075030,783,11,0,0
10816,075030,249,9,0,0
10817,075030,327,13,0,0
10818,075030,265,9,0,0
10819,075030,273,9,0,0
10820,075030,316,13,0,0
10821,075030,254,9,0,0
10822,075030,265,9,0,0
10823,075030,351,13,0,0
10824,075030,249,9,0,0
10825,075030,255,9,0,0
10826,075030,341,13,0,0
10827,075030,273,9,0,0
10828,075030,248,9,0,0
10829,075030,326,13,0,0
10830,075030,265,9,0,0
10831,075030,273,9,0,0
10832,075030,316,13,0,0
10833,075030,254,9,0,0
10834,075030,265,9,0,0
10835,075030,351,13,0,0
10836,075030,249,9,0,0
10837,075030,255,9,0,0
10838,075030,341,13,0,0
10839,075030,273,9,0,0
10840,075030,248,9,0,0
10841,075030,326,13,0,0
10842,075030,265,9,0,0
10843,075030,273,9,0,0
10844,075030,316,13,0,0
10845,075030,254,9,0,0
10846,075030,265,9,0,0
10847,075030,351,13,0,0
10848,075030,249,9,0,0
10849,075030,255,9,0,0
10850,075030,341,13,0,0
10851,075030,273,9,0,0
10852,075030,248,9,0,0
10853,075030,326,13,0,0
10854,075030,265,9,0,0
10855,075030,273,9,0,0
10856,075030,316,13,0,0
10857,075030,254,9,0,0
10858,075030,265,9,0,0
10859,075030,351,13,0,0
10860,075030,249,9,0,0
10861,075030,255,9,0,0
10862,075030,341,13,0,0
10863,075030,273,9,0,0
10864,075030,248,9,0,0
10865,075030,326,13,0,0
10866,075030,265,9,0,0
10867,075030,275,9,0,0
10868,075030,318,13,0,0
10869,075030,254,9,0,0
10870,075030,265,9,0,0
10871,075030,355,13,0,0
10872,075030,250,9,0,0
10873,075030,254,9,0,0
10874,075030,341,13,0,0
10875,075030,275,9,0,0
10876,075030,250,9,0,0
10877,075030,326,13,0,0
10878,075030,265,9,0,0
10879,075030,275,9,0,0
10880,075030,318,13,0,0
10881,075030,254,9,0,0
10882,075030,265,9,0,0
10883,075030,355,13,0,0
10884,075030,250,9,0,0
10885,075030,254,9,0,0
10886,075030,341,13,0,0
10887,075030,275,9,0,0
10888,075030,250,9,0,0
10889,075030,326,13,0,0
10890,075030,265,9,0,0
10891,075030,275,9,0,0
10892,075030,318,13,0,0
10893,075030,254,9,0,0
10894,075030,265,9,0,0
10895,075030,355,13,0,0
10896,075030,250,9,0,0
10897,075030,254,9,0,0
10898,075030,341,13,0,0
10899,075030,275,9,0,0
10900,075030,250,9,0,0
10901,075030,326,13,0,0
10902,075030,265,9,0,0
10903,075030,275,9,0,0
10904,075030,318,13,0,0
10905,075030,254,9,0,0
10906,075030,265,9,0,0
10907,075030,355,13,0,0
10908,075030,250,9,0,0
10909,075030,254,9,0,0
10910,075030,341,13,0,0
10911,075030,275,9,0,0
10912,075001,344,7,0,0
10913,075001,420,11,0,0
10914,075001,429,11,0,0
10915,075001,363,7,0,0
10916,075001,410,11,0,0
10917,075001,418,11,0,0
10918,075001,355,7,0,0
10919,075001,441,11,0,0
10920,075001,410,11,0,0
10921,075001,348,7,0,0
10922,075001,431,11,0,0
10923,075001,443,11,0,0
10924,075001,344,7,0,0
10925,075001,420,11,0,0
10926,075001,429,11,0,0
10927,075001,363,7,0,0
10928,075001,410,11,0,0
10929,075001,418,11,0,0
10930,075001,355,7,0,0
10931,075001,441,11,0,0
10932,075001,410,11,0,0
10933,075001,348,7,0,0
10934,075001,431,11,0,0
10935,075001,443,11,0,0
10936,075001,344,7,0,0
10937,075001,420,11,0,0
10938,075001,429,11,0,0
10939,075001,363,7,0,0
10940,075001,410,11,0,0
10941,075001,418,11,0,0
10942,075001,355,7,0,0
10943,075001,441,11,0,0
10944,075001,410,11,0,0
10945,075001,348,7,0,0
10946,075001,431,11,0,0
10947,075001,443,11,0,0
10948,075001,344,7,0,0
10949,075001,420,11,0,0
10950,075001,429,11,0,0
10951,075001,363,7,0,0
10952,075001,410,11,0,0
10953,075001,418,11,0,0
10954,075001,355,7,0,0
10955,075001,441,11,0,0
10956,075001,410,11,0,0
10957,075001,348,7,0,0
10958,075001,431,11,0,0
10959,075001,443,11,0,0
10960,075001,369,7,0,0
10961,075001,447,11,0,0
10962,075001,457,11,0,0
10963,075001,389,7,0,0
10964,075001,436,11,0,0
10965,075001,446,11,0,0
10966,075001,383,7,0,0
10967,075001,469,11,0,0
10968,075001,437,11,0,0
10969,075001,375,7,0,0
10970,075001,457,11,0,0
10971,075001,467,11,0,0
10972,075001,369,7,0,0
10973,075001,447,11,0,0
10974,075001,457,11,0,0
10975,075001,389,7,0,0
10976,075001,436,11,0,0
10977,075001,446,11,0,0
10978,075001,383,7,0,0
10979,075001,469,11,0,0
10980,075001,437,11,0,0
10981,075001,375,7,0,0
10982,075001,457,11,0,0
10983,075001,467,11,0,0
10984,075001,369,7,0,0
10985,075001,447,11,0,0
10986,075001,457,11,0,0
10987,075001,389,7,0,0
10988,075001,436,11,0,0
10989,075001,446,11,0,0
10990,075001,383,7,0,0
10991,075001,469,11,0,0
10992,075001,437,11,0,0
10993,075001,375,7,0,0
10994,075001,457,11,0,0
10995,075001,467,11,0,0
10996,075001,369,7,0,0
10997,075001,447,11,0,0
10998,075001,457,11,0,0
10999,075001,389,7,0,0
11000,075001,436,11,0,0
11001,075001,446,11,0,0
11002,075001,383,7,0,0
11003,075001,469,11,0,0
11004,075001,437,11,0,0
11005,075001,375,7,0,0
11006,075001,457,11,0,0
11007,075001,467,11,0,0
11008,075001,344,7,0,0
11009,075001,420,11,0,0
11010,075001,429,11,0,0
11011,075001,363,7,0,0
11012,075001,410,11,0,0
11013,075001,418,11,0,0
11014,075001,355,7,0,0
11015,075001,441,11,0,0
11016,075001,410,11,0,0
11017,075001,348,7,0,0
11018,075001,431,11,0,0
11019,075001,443,11,0,0
11020,075001,344,7,0,0
11021,075001,420,11,0,0
11022,075001,429,11,0,0
11023,075001,363,7,0,0
11024,075001,410,11,0,0
11025,075001,418,11,0,0
11026,075001,355,7,0,0
11027,075001,441,11,0,0
11028,075001,410,11,0,0
11029,075001,348,7,0,0
11030,075001,431,11,0,0
11031,075001,443,11,0,0
11032,075001,344,7,0,0
11033,075001,420,11,0,0
11034,075001,429,11,0,0
11035,075001,363,7,0,0
11036,075001,410,11,0,0
11037,075001,418,11,0,0
11038,075001,355,7,0,0
11039,075001,441,11,0,0
11040,075001,410,11,0,0
11041,075001,348,7,0,0
11042,075001,431,11,0,0
11043,075001,443,11,0,0
11044,075001,344,7,0,0
11045,075001,420,11,0,0
11046,075001,429,11,0,0
11047,075001,363,7,0,0
11048,075001,410,11,0,0
11049,075001,418,11,0,0
11050,075001,355,7,0,0
11051,075001,441,11,0,0
11052,075001,410,11,0,0
11053,075001,348,7,0,0
11054,075001,431,11,0,0
11055,075001,443,11,0,0
11056,075001,328,7,0,0
11057,075001,406,11,0,0
11058,075001,415,11,0,0
11059,075001,347,7,0,0
11060,075001,394,11,0,0
11061,075001,404,11,0,0
11062,075001,341,7,0,0
11063,075001,425,11,0,0
11064,075001,394,11,0,0
11065,075001,333,7,0,0
11066,075001,418,11,0,0
11067,075001,427,11,0,0
11068,075001,328,7,0,0
11069,075001,406,11,0,0
11070,075001,415,11,0,0
11071,075001,347,7,0,0
11072,075001,394,11,0,0
11073,075001,404,11,0,0
11074,075001,341,7,0,0
11075,075001,425,11,0,0
11076,075001,394,11,0,0
11077,075001,333,7,0,0
11078,075001,418,11,0,0
11079,075001,427,11,0,0
11080,075001,328,7,0,0
11081,075001,406,11,0,0
11082,075001,415,11,0,0
11083,075001,347,7,0,0
11084,075001,394,11,0,0
11085,075001,404,11,0,0
11086,075001,341,7,0,0
11087,075001,425,11,0,0
11088,075001,394,11,0,0
11089,075001,333,7,0,0
11090,075001,418,11,0,0
11091,075001,427,11,0,0
11092,075001,328,7,0,0
11093,075001,406,11,0,0
11094,075001,415,11,0,0
11095,075001,347,7,0,0
11096,075001,394,11,0,0
11097,075001,404,11,0,0
11098,075001,341,7,0,0
11099,075001,425,11,0,0
11100,075001,394,11,0,0
11101,075001,333,7,0,0
11102,075001,418,11,0,0
11103,075001,427,11,0,0
11104,075001,322,9,0,0
11105,075001,398,13,0,0
11106,075001,337,9,0,0
11107,075001,347,9,0,0
11108,075001,390,13,0,0
11109,075001,326,9,0,0
11110,075001,337,9,0,0
11111,075001,427,13,0,0
11112,075001,322,9,0,0
11113,075001,326,9,0,0
11114,075001,413,13,0,0
11115,075001,347,9,0,0
11116,075001,322,9,0,0
11117,075001,398,13,0,0
11118,075001,337,9,0,0
11119,075001,347,9,0,0
11120,075001,390,13,0,0
11121,075001,326,9,0,0
11122,075001,337,9,0,0
11123,075001,427,13,0,0
11124,075001,322,9,0,0
11125,075001,326,9,0,0
11126,075001,413,13,0,0
11127,075001,347,9,0,0
11128,075001,322,9,0,0
11129,075001,398,13,0,0
11130,075001,337,9,0,0
11131,075001,347,9,0,0
11132,075001,390,13,0,0
11133,075001,326,9,0,0
11134,075001,337,9,0,0
11135,075001,427,13,0,0
11136,075001,322,9,0,0
11137,075001,326,9,0,0
11138,075001,413,13,0,0
11139,075001,347,9,0,0
11140,075001,322,9,0,0
11141,075001,398,13,0,0
11142,075001,337,9,0,0
11143,075001,347,9,0,0
11144,075001,390,13,0,0
11145,075001,326,9,0,0
11146,075001,337,9,0,0
11147,075001,427,13,0,0
11148,075001,322,9,0,0
11149,075001,326,9,0,0
11150,075001,413,13,0,0
11151,075001,347,9,0,0
11152,075001,337,7,0,0
11153,075001,415,11,0,0
11154,075001,425,11,0,0
11155,075001,357,7,0,0
11156,075001,404,11,0,0
11157,075001,414,11,0,0
11158,075001,351,7,0,0
11159,075001,437,11,0,0
11160,075001,405,11,0,0
11161,075001,343,7,0,0
11162,075001,425,11,0,0
11163,075001,435,11,0,0
11164,075001,337,7,0,0
11165,075001,415,11,0,0
11166,075001,425,11,0,0
11167,075001,357,7,0,0
11168,075001,404,11,0,0
11169,075001,414,11,0,0
11170,075001,351,7,0,0
11171,075001,437,11,0,0
11172,075001,405,11,0,0
11173,075001,343,7,0,0
11174,075001,425,11,0,0
11175,075001,435,11,0,0
11176,075001,337,7,0,0
11177,075001,415,11,0,0
11178,075001,425,11,0,0
11179,075001,357,7,0,0
11180,075001,404,11,0,0
11181,075001,414,11,0,0
11182,075001,351,7,0,0
11183,075001,437,11,0,0
11184,075001,405,11,0,0
11185,075001,343,7,0,0
11186,075001,425,11,0,0
11187,075001,435,11,0,0
11188,075001,337,7,0,0
11189,075001,415,11,0,0
11190,075001,425,11,0,0
11191,075001,357,7,0,0
11192,075001,404,11,0,0
11193,075001,414,11,0,0
11194,075001,351,7,0,0
11195,075001,437,11,0,0
11196,075001,405,11,0,0
11197,075001,343,7,0,0
11198,075001,425,11,0,0
11199,075001,435,11,0,0
11200,075001,249,7,0,0
11201,075001,327,11,0,0
11202,075001,337,11,0,0
11203,075001,269,7,0,0
11204,075001,316,11,0,0
11205,075001,326,11,0,0
11206,075001,263,7,0,0
11207,075001,349,11,0,0
11208,075001,317,11,0,0
11209,075001,255,7,0,0
11210,075001,337,11,0,0
11211,075001,347,11,0,0
11212,075001,249,7,0,0
11213,075001,327,11,0,0
11214,075001,337,11,0,0
11215,075001,269,7,0,0
11216,075001,316,11,0,0
11217,075001,326,11,0,0
11218,075001,263,7,0,0
11219,075001,349,11,0,0
11220,075001,317,11,0,0
11221,075001,255,7,0,0
11222,075001,337,11,0,0
11223,075001,347,11,0,0
11224,075001,249,7,0,0
11225,075001,327,11,0,0
11226,075001,337,11,0,0
11227,075001,269,7,0,0
11228,075001,316,11,0,0
11229,075001,326,11,0,0
11230,075001,263,7,0,0
11231,075001,349,11,0,0
11232,075001,317,11,0,0
11233,075001,255,7,0,0
11234,075001,337,11,0,0
11235,075001,347,11,0,0
11236,075001,249,7,0,0
11237,075001,327,11,0,0
11238,075001,337,11,0,0
11239,075001,269,7,0,0
11240,075001,316,11,0,0
11241,075001,326,11,0,0
11242,075001,263,7,0,0
11243,075001,349,11,0,0
11244,075001,317,11,0,0
11245,075001,255,7,0,0
11246,075001,337,11,0,0
11247,075001,347,11,0,0
11248,075011,252,7,0,0
11249,075011,330,11,0,0
11250,075011,339,11,0,0
11251,075011,271,7,0,0
11252,075011,318,11,0,0
11253,075011,328,11,0,0
11254,075011,265,7,0,0
11255,075011,349,11,0,0
11256,075011,318,11,0,0
11257,075011,257,7,0,0
11258,075011,342,11,0,0
11259,075011,351,11,0,0
11260,075011,252,7,0,0
11261,075011,330,11,0,0
11262,075011,339,11,0,0
11263,075011,271,7,0,0
11264,075011,318,11,0,0
11265,075011,328,11,0,0
11266,075011,265,7,0,0
11267,075011,349,11,0,0
11268,075011,318,11,0,0
11269,075011,257,7,0,0
11270,075011,342,11,0,0
11271,075011,351,11,0,0
11272,075011,252,7,0,0
11273,075011,330,11,0,0
11274,075011,339,11,0,0
11275,075011,271,7,0,0
11276,075011,318,11,0,0
11277,075011,328,11,0,0
11278,075011,265,7,0,0
11279,075011,349,11,0,0
11280,075011,318,11,0,0
11281,075011,257,7,0,0
11282,075011,342,11,0,0
11283,075011,351,11,0,0
11284,075011,252,7,0,0
11285,075011,330,11,0,0
11286,075011,339,11,0,0
11287,075011,271,7,0,0
11288,075011,318,11,0,0
11289,075011,328,11,0,0
11290,075011,265,7,0,0
11291,075011,349,11,0,0
11292,075011,318,11,0,0
11293,075011,257,7,0,0
11294,075011,342,11,0,0
11295,075011,351,11,0,0
11296,075011,360,7,0,0
11297,075011,438,11,0,0
11298,075011,447,11,0,0
11299,075011,379,7,0,0
11300,075011,426,11,0,0
11301,075011,436,11,0,0
11302,075011,373,7,0,0
11303,075011,457,11,0,0
11304,075011,426,11,0,0
11305,075011,365,7,0,0
11306,075011,450,11,0,0
11307,075011,459,11,0,0
11308,075011,360,7,0,0
11309,075011,438,11,0,0
11310,075011,447,11,0,0
11311,075011,379,7,0,0
11312,075011,426,11,0,0
11313,075011,436,11,0,0
11314,075011,373,7,0,0
11315,075011,457,11,0,0
11316,075011,426,11,0,0
11317,075011,365,7,0,0
11318,075011,450,11,0,0
11319,075011,459,11,0,0
11320,075011,360,7,0,0
11321,075011,438,11,0,0
11322,075011,447,11,0,0
11323,075011,379,7,0,0
11324,075011,426,11,0,0
11325,075011,436,11,0,0
11326,075011,373,7,0,0
11327,075011,457,11,0,0
11328,075011,426,11,0,0
11329,075011,365,7,0,0
11330,075011,450,11,0,0
11331,075011,459,11,0,0
11332,075011,360,7,0,0
11333,075011,438,11,0,0
11334,075011,447,11,0,0
11335,075011,379,7,0,0
11336,075011,426,11,0,0
11337,075011,436,11,0,0
11338,075011,373,7,0,0
11339,075011,457,11,0,0
11340,075011,426,11,0,0
11341,075011,365,7,0,0
11342,075011,450,11,0,0
11343,075011,459,11,0,0
11344,075011,429,7,0,0
11345,075011,507,11,0,0
11346,075011,517,11,0,0
11347,075011,449,7,0,0
11348,075011,496,11,0,0
11349,075011,506,11,0,0
11350,075011,443,7,0,0
11351,075011,529,11,0,0
11352,075011,497,11,0,0
11353,075011,435,7,0,0
11354,075011,517,11,0,0
11355,075011,527,11,0,0
11356,075011,429,7,0,0
11357,075011,507,11,0,0
11358,075011,517,11,0,0
11359,075011,449,7,0,0
11360,075011,496,11,0,0
11361,075011,506,11,0,0
11362,075011,443,7,0,0
11363,075011,529,11,0,0
11364,075011,497,11,0,0
11365,075011,435,7,0,0
11366,075011,517,11,0,0
11367,075011,527,11,0,0
11368,075011,429,7,0,0
11369,075011,507,11,0,0
11370,075011,517,11,0,0
11371,075011,449,7,0,0
11372,075011,496,11,0,0
11373,075011,506,11,0,0
11374,075011,443,7,0,0
11375,075011,529,11,0,0
11376,075011,497,11,0,0
11377,075011,435,7,0,0
11378,075011,517,11,0,0
11379,075011,527,11,0,0
11380,075011,429,7,0,0
11381,075011,507,11,0,0
11382,075011,517,11,0,0
11383,075011,449,7,0,0
11384,075011,496,11,0,0
11385,075011,506,11,0,0
11386,075011,443,7,0,0
11387,075011,529,11,0,0
11388,075011,497,11,0,0
11389,075011,435,7,0,0
11390,075011,517,11,0,0
11391,075011,527,11,0,0
11392,075011,337,7,0,0
11393,075011,415,11,0,0
11394,075011,425,11,0,0
11395,075011,357,7,0,0
11396,075011,404,11,0,0
11397,075011,414,11,0,0
11398,075011,351,7,0,0
11399,075011,437,11,0,0
11400,075011,405,11,0,0
11401,075011,343,7,0,0
11402,075011,425,11,0,0
11403,075011,435,11,0,0
11404,075011,337,7,0,0
11405,075011,415,11,0,0
11406,075011,425,11,0,0
11407,075011,357,7,0,0
11408,075011,404,11,0,0
11409,075011,414,11,0,0
11410,075011,351,7,0,0
11411,075011,437,11,0,0
11412,075011,405,11,0,0
11413,075011,343,7,0,0
11414,075011,425,11,0,0
11415,075011,435,11,0,0
11416,075011,337,7,0,0
11417,075011,415,11,0,0
11418,075011,425,11,0,0
11419,075011,357,7,0,0
11420,075011,404,11,0,0
11421,075011,414,11,0,0
11422,075011,351,7,0,0
11423,075011,437,11,0,0
11424,075011,405,11,0,0
11425,075011,343,7,0,0
11426,075011,425,11,0,0
11427,075011,435,11,0,0
11428,075011,337,7,0,0
11429,075011,415,11,0,0
11430,075011,425,11,0,0
11431,075011,357,7,0,0
11432,075011,404,11,0,0
11433,075011,414,11,0,0
11434,075011,351,7,0,0
11435,075011,437,11,0,0
11436,075011,405,11,0,0
11437,075011,343,7,0,0
11438,075011,425,11,0,0
11439,075011,435,11,0,0
11440,075011,252,7,0,0
11441,075011,330,11,0,0
11442,075011,339,11,0,0
11443,075011,271,7,0,0
11444,075011,318,11,0,0
11445,075011,328,11,0,0
11446,075011,265,7,0,0
11447,075011,349,11,0,0
11448,075011,318,11,0,0
11449,075011,257,7,0,0
11450,075011,342,11,0,0
11451,075011,351,11,0,0
11452,075011,252,7,0,0
11453,075011,330,11,0,0
11454,075011,339,11,0,0
11455,075011,271,7,0,0
11456,075011,318,11,0,0
11457,075011,328,11,0,0
11458,075011,265,7,0,0
11459,075011,349,11,0,0
11460,075011,318,11,0,0
11461,075011,257,7,0,0
11462,075011,342,11,0,0
11463,075011,351,11,0,0
11464,075011,252,7,0,0
11465,075011,330,11,0,0
11466,075011,339,11,0,0
11467,075011,271,7,0,0
11468,075011,318,11,0,0
11469,075011,328,11,0,0
11470,075011,265,7,0,0
11471,075011,349,11,0,0
11472,075011,318,11,0,0
11473,075011,257,7,0,0
11474,075011,342,11,0,0
11475,075011,351,11,0,0
11476,075011,252,7,0,0
11477,075011,330,11,0,0
11478,075011,339,11,0,0
11479,075011,271,7,0,0
11480,075011,318,11,0,0
11481,075011,328,11,0,0
11482,075011,265,7,0,0
11483,075011,349,11,0,0
11484,075011,318,11,0,0
11485,075011,257,7,0,0
11486,075011,342,11,0,0
11487,075011,351,11,0,0
11488,075011,340,7,0,0
11489,075011,418,11,0,0
11490,075011,427,11,0,0
11491,075011,359,7,0,0
11492,075011,406,11,0,0
11493,075011,416,11,0,0
11494,075011,353,7,0,0
11495,075011,437,11,0,0
11496,075011,406,11,0,0
11497,075011,345,7,0,0
11498,075011,430,11,0,0
11499,075011,439,11,0,0
11500,075011,340,7,0,0
11501,075011,418,11,0,0
11502,075011,427,11,0,0
11503,075011,359,7,0,0
11504,075011,406,11,0,0
11505,075011,416,11,0,0
11506,075011,353,7,0,0
11507,075011,437,11,0,0
11508,075011,406,11,0,0
11509,075011,345,7,0,0
11510,075011,430,11,0,0
11511,075011,439,11,0,0
11512,075011,340,7,0,0
11513,075011,418,11,0,0
11514,075011,427,11,0,0
11515,075011,359,7,0,0
11516,075011,406,11,0,0
11517,075011,416,11,0,0
11518,075011,353,7,0,0
11519,075011,437,11,0,0
11520,075011,406,11,0,0
11521,075011,345,7,0,0
11522,075011,430,11,0,0
11523,075011,439,11,0,0
11524,075011,340,7,0,0
11525,075011,418,11,0,0
11526,075011,427,11,0,0
11527,075011,359,7,0,0
11528,075011,406,11,0,0
11529,075011,416,11,0,0
11530,075011,353,7,0,0
11531,075011,437,11,0,0
11532,075011,406,11,0,0
11533,075011,345,7,0,0
11534,075011,430,11,0,0
11535,075011,439,11,0,0
11536,075011,252,7,0,0
11537,075011,330,11,0,0
11538,075011,339,11,0,0
11539,075011,271,7,0,0
11540,075011,318,11,0,0
11541,075011,328,11,0,0
11542,075011,265,7,0,0
11543,075011,349,11,0,0
11544,075011,318,11,0,0
11545,075011,257,7,0,0
11546,075011,342,11,0,0
11547,075011,351,11,0,0
11548,075011,252,7,0,0
11549,075011,330,11,0,0
11550,075011,339,11,0,0
11551,075011,271,7,0,0
11552,075011,318,11,0,0
11553,075011,328,11,0,0
11554,075011,265,7,0,0
11555,075011,349,11,0,0
11556,075011,318,11,0,0
11557,075011,257,7,0,0
11558,075011,342,11,0,0
11559,075011,351,11,0,0
11560,075011,252,7,0,0
11561,075011,330,11,0,0
11562,075011,339,11,0,0
11563,075011,271,7,0,0
11564,075011,318,11,0,0
11565,075011,328,11,0,0
11566,075011,265,7,0,0
11567,075011,349,11,0,0
11568,075011,318,11,0,0
11569,075011,257,7,0,0
11570,075011,342,11,0,0
11571,075011,351,11,0,0
11572,075011,252,7,0,0
11573,075011,330,11,0,0
11574,075011,339,11,0,0
11575,075011,271,7,0,0
11576,075011,318,11,0,0
11577,075011,328,11,0,0
11578,075011,265,7,0,0
11579,075011,349,11,0,0
11580,075011,318,11,0,0
11581,075011,257,7,0,0
11582,075011,342,11,0,0
11583,075011,351,11,0,0
11584,075021,544,7,0,0
11585,075021,622,11,0,0
11586,075021,631,11,0,0
11587,075021,563,7,0,0
11588,075021,610,11,0,0
11589,075021,620,11,0,0
11590,075021,557,7,0,0
11591,075021,641,11,0,0
11592,075021,610,11,0,0
11593,075021,549,7,0,0
11594,075021,634,11,0,0
11595,075021,643,11,0,0
11596,075021,544,7,0,0
11597,075021,622,11,0,0
11598,075021,631,11,0,0
11599,075021,563,7,0,0
11600,075021,610,11,0,0
11601,075021,620,11,0,0
11602,075021,557,7,0,0
11603,075021,641,11,0,0
11604,075021,610,11,0,0
11605,075021,549,7,0,0
11606,075021,634,11,0,0
11607,075021,643,11,0,0
11608,075021,544,7,0,0
11609,075021,622,11,0,0
11610,075021,631,11,0,0
11611,075021,563,7,0,0
11612,075021,610,11,0,0
11613,075021,620,11,0,0
11614,075021,557,7,0,0
11615,075021,641,11,0,0
11616,075021,610,11,0,0
11617,075021,549,7,0,0
11618,075021,634,11,0,0
11619,075021,643,11,0,0
11620,075021,544,7,0,0
11621,075021,622,11,0,0
11622,075021,631,11,0,0
11623,075021,563,7,0,0
11624,075021,610,11,0,0
11625,075021,620,11,0,0
11626,075021,557,7,0,0
11627,075021,641,11,0,0
11628,075021,610,11,0,0
11629,075021,549,7,0,0
11630,075021,634,11,0,0
11631,075021,643,11,0,0
11632,075021,548,7,0,0
11633,075021,624,11,0,0
11634,075021,633,11,0,0
11635,075021,567,7,0,0
11636,075021,614,11,0,0
11637,075021,622,11,0,0
11638,075021,559,7,0,0
11639,075021,645,11,0,0
11640,075021,614,11,0,0
11641,075021,552,7,0,0
11642,075021,635,11,0,0
11643,075021,647,11,0,0
11644,075021,548,7,0,0
11645,075021,624,11,0,0
11646,075021,633,11,0,0
11647,075021,567,7,0,0
11648,075021,614,11,0,0
11649,075021,622,11,0,0
11650,075021,559,7,0,0
11651,075021,645,11,0,0
11652,075021,614,11,0,0
11653,075021,552,7,0,0
11654,075021,635,11,0,0
11655,075021,647,11,0,0
11656,075021,548,7,0,0
11657,075021,624,11,0,0
11658,075021,633,11,0,0
11659,075021,567,7,0,0
11660,075021,614,11,0,0
11661,075021,622,11,0,0
11662,075021,559,7,0,0
11663,075021,645,11,0,0
11664,075021,614,11,0,0
11665,075021,552,7,0,0
11666,075021,635,11,0,0
11667,075021,647,11,0,0
11668,075021,548,7,0,0
11669,075021,624,11,0,0
11670,075021,633,11,0,0
11671,075021,567,7,0,0
11672,075021,614,11,0,0
11673,075021,622,11,0,0
11674,075021,559,7,0,0
11675,075021,645,11,0,0
11676,075021,614,11,0,0
11677,075021,552,7,0,0
11678,075021,635,11,0,0
11679,075021,647,11,0,0
11680,075021,525,9,0,0
11681,075021,603,13,0,0
11682,075021,541,9,0,0
11683,075021,549,9,0,0
11684,075021,592,13,0,0
11685,075021,530,9,0,0
11686,075021,541,9,0,0
11687,075021,627,13,0,0
11688,075021,525,9,0,0
11689,075021,531,9,0,0
11690,075021,617,13,0,0
11691,075021,549,9,0,0
11692,075021,524,9,0,0
11693,075021,602,13,0,0
11694,075021,541,9,0,0
11695,075021,549,9,0,0
11696,075021,592,13,0,0
11697,075021,530,9,0,0
11698,075021,541,9,0,0
11699,075021,627,13,0,0
11700,075021,525,9,0,0
11701,075021,531,9,0,0
11702,075021,617,13,0,0
11703,075021,549,9,0,0
11704,075021,524,9,0,0
11705,075021,602,13,0,0
11706,075021,541,9,0,0
11707,075021,549,9,0,0
11708,075021,592,13,0,0
11709,075021,530,9,0,0
11710,075021,541,9,0,0
11711,075021,627,13,0,0
11712,075021,525,9,0,0
11713,075021,531,9,0,0
11714,075021,617,13,0,0
11715,075021,549,9,0,0
11716,075021,524,9,0,0
11717,075021,602,13,0,0
11718,075021,541,9,0,0
11719,075021,549,9,0,0
11720,075021,592,13,0,0
11721,075021,530,9,0,0
11722,075021,541,9,0,0
11723,075021,627,13,0,0
11724,075021,525,9,0,0
11725,075021,531,9,0,0
11726,075021,617,13,0,0
11727,075021,549,9,0,0
11728,075021,543,7,0,0
11729,075021,621,11,0,0
11730,075021,631,11,0,0
11731,075021,563,7,0,0
11732,075021,610,11,0,0
11733,075021,620,11,0,0
11734,075021,557,7,0,0
11735,075021,641,11,0,0
11736,075021,610,11,0,0
11737,075021,549,7,0,0
11738,075021,634,11,0,0
11739,075021,643,11,0,0
11740,075021,544,7,0,0
11741,075021,622,11,0,0
11742,075021,631,11,0,0
11743,075021,563,7,0,0
11744,075021,610,11,0,0
11745,075021,620,11,0,0
11746,075021,557,7,0,0
11747,075021,641,11,0,0
11748,075021,610,11,0,0
11749,075021,549,7,0,0
11750,075021,634,11,0,0
11751,075021,643,11,0,0
11752,075021,544,7,0,0
11753,075021,622,11,0,0
11754,075021,631,11,0,0
11755,075021,563,7,0,0
11756,075021,610,11,0,0
11757,075021,620,11,0,0
11758,075021,557,7,0,0
11759,075021,641,11,0,0
11760,075021,610,11,0,0
11761,075021,549,7,0,0
11762,075021,634,11,0,0
11763,075021,643,11,0,0
11764,075021,544,7,0,0
11765,075021,622,11,0,0
11766,075021,631,11,0,0
11767,075021,563,7,0,0
11768,075021,610,11,0,0
11769,075021,620,11,0,0
11770,075021,557,7,0,0
11771,075021,641,11,0,0
11772,075021,610,11,0,0
11773,075021,549,7,0,0
11774,075021,634,11,0,0
11775,075021,643,11,0,0
11776,075021,562,9,0,0
11777,075021,638,13,0,0
11778,075021,577,9,0,0
11779,075021,587,9,0,0
11780,075021,630,13,0,0
11781,075021,568,9,0,0
11782,075021,579,9,0,0
11783,075021,667,13,0,0
11784,075021,562,9,0,0
11785,075021,568,9,0,0
11786,075021,655,13,0,0
11787,075021,587,9,0,0
11788,075021,562,9,0,0
11789,075021,638,13,0,0
11790,075021,577,9,0,0
11791,075021,587,9,0,0
11792,075021,630,13,0,0
11793,075021,568,9,0,0
11794,075021,579,9,0,0
11795,075021,667,13,0,0
11796,075021,562,9,0,0
11797,075021,568,9,0,0
11798,075021,655,13,0,0
11799,075021,587,9,0,0
11800,075021,562,9,0,0
11801,075021,638,13,0,0
11802,075021,577,9,0,0
11803,075021,587,9,0,0
11804,075021,630,13,0,0
11805,075021,568,9,0,0
11806,075021,579,9,0,0
11807,075021,667,13,0,0
11808,075021,562,9,0,0
11809,075021,568,9,0,0
11810,075021,655,13,0,0
11811,075021,587,9,0,0
11812,075021,562,9,0,0
11813,075021,638,13,0,0
11814,075021,577,9,0,0
11815,075021,587,9,0,0
11816,075021,630,13,0,0
11817,075021,568,9,0,0
11818,075021,579,9,0,0
11819,075021,667,13,0,0
11820,075021,562,9,0,0
11821,075021,568,9,0,0
11822,075021,655,13,0,0
11823,075021,587,9,0,0
11824,075021,221,7,0,0
11825,075021,299,11,0,0
11826,075021,309,11,0,0
11827,075021,241,7,0,0
11828,075021,288,11,0,0
11829,075021,298,11,0,0
11830,075021,235,7,0,0
11831,075021,321,11,0,0
11832,075021,289,11,0,0
11833,075021,227,7,0,0
11834,075021,309,11,0,0
11835,075021,319,11,0,0
11836,075021,221,7,0,0
11837,075021,299,11,0,0
11838,075021,309,11,0,0
11839,075021,241,7,0,0
11840,075021,288,11,0,0
11841,075021,298,11,0,0
11842,075021,235,7,0,0
11843,075021,321,11,0,0
11844,075021,289,11,0,0
11845,075021,227,7,0,0
11846,075021,309,11,0,0
11847,075021,319,11,0,0
11848,075021,221,7,0,0
11849,075021,299,11,0,0
11850,075021,309,11,0,0
11851,075021,241,7,0,0
11852,075021,288,11,0,0
11853,075021,298,11,0,0
11854,075021,235,7,0,0
11855,075021,321,11,0,0
11856,075021,289,11,0,0
11857,075021,227,7,0,0
11858,075021,309,11,0,0
11859,075021,319,11,0,0
11860,075021,221,7,0,0
11861,075021,299,11,0,0
11862,075021,309,11,0,0
11863,075021,241,7,0,0
11864,075021,288,11,0,0
11865,075021,298,11,0,0
11866,075021,235,7,0,0
11867,075021,321,11,0,0
11868,075021,289,11,0,0
11869,075021,227,7,0,0
11870,075021,309,11,0,0
11871,075021,319,11,0,0
11872,075021,220,7,0,0
11873,075021,298,11,0,0
11874,075021,307,11,0,0
11875,075021,239,7,0,0
11876,075021,286,11,0,0
11877,075021,296,11,0,0
11878,075021,233,7,0,0
11879,075021,317,11,0,0
11880,075021,286,11,0,0
11881,075021,225,7,0,0
11882,075021,310,11,0,0
11883,075021,319,11,0,0
11884,075021,220,7,0,0
11885,075021,298,11,0,0
11886,075021,307,11,0,0
11887,075021,239,7,0,0
11888,075021,286,11,0,0
11889,075021,296,11,0,0
11890,075021,233,7,0,0
11891,075021,317,11,0,0
11892,075021,286,11,0,0
11893,075021,225,7,0,0
11894,075021,310,11,0,0
11895,075021,319,11,0,0
11896,075021,220,7,0,0
11897,075021,298,11,0,0
11898,075021,307,11,0,0
11899,075021,239,7,0,0
11900,075021,286,11,0,0
11901,075021,296,11,0,0
11902,075021,233,7,0,0
11903,075021,317,11,0,0
11904,075021,286,11,0,0
11905,075021,225,7,0,0
11906,075021,310,11,0,0
11907,075021,319,11,0,0
11908,075021,220,7,0,0
11909,075021,298,11,0,0
11910,075021,307,11,0,0
11911,075021,239,7,0,0
11912,075021,286,11,0,0
11913,075021,296,11,0,0
11914,075021,233,7,0,0
11915,075021,317,11,0,0
11916,075021,286,11,0,0
11917,075021,225,7,0,0
11918,075021,310,11,0,0
11919,075021,319,11,0,0
11920,075031,684,7,0,0
11921,075031,762,11,0,0
11922,075031,771,11,0,0
11923,075031,703,7,0,0
11924,075031,750,11,0,0
11925,075031,760,11,0,0
11926,075031,697,7,0,0
11927,075031,781,11,0,0
11928,075031,750,11,0,0
11929,075031,689,7,0,0
11930,075031,774,11,0,0
11931,075031,783,11,0,0
11932,075031,684,7,0,0
11933,075031,762,11,0,0
11934,075031,771,11,0,0
11935,075031,703,7,0,0
11936,075031,750,11,0,0
11937,075031,760,11,0,0
11938,075031,697,7,0,0
11939,075031,781,11,0,0
11940,075031,750,11,0,0
11941,075031,689,7,0,0
11942,075031,774,11,0,0
11943,075031,783,11,0,0
11944,075031,684,7,0,0
11945,075031,762,11,0,0
11946,075031,771,11,0,0
11947,075031,703,7,0,0
11948,075031,750,11,0,0
11949,075031,760,11,0,0
11950,075031,697,7,0,0
11951,075031,781,11,0,0
11952,075031,750,11,0,0
11953,075031,689,7,0,0
11954,075031,774,11,0,0
11955,075031,783,11,0,0
11956,075031,684,7,0,0
11957,075031,762,11,0,0
11958,075031,771,11,0,0
11959,075031,703,7,0,0
11960,075031,750,11,0,0
11961,075031,760,11,0,0
11962,075031,697,7,0,0
11963,075031,781,11,0,0
11964,075031,750,11,0,0
11965,075031,689,7,0,0
11966,075031,774,11,0,0
11967,075031,783,11,0,0
11968,075031,693,7,0,0
11969,075031,771,11,0,0
11970,075031,781,11,0,0
11971,075031,713,7,0,0
11972,075031,760,11,0,0
11973,075031,770,11,0,0
11974,075031,707,7,0,0
11975,075031,793,11,0,0
11976,075031,761,11,0,0
11977,075031,699,7,0,0
11978,075031,781,11,0,0
11979,075031,791,11,0,0
11980,075031,693,7,0,0
11981,075031,771,11,0,0
11982,075031,781,11,0,0
11983,075031,713,7,0,0
11984,075031,760,11,0,0
11985,075031,770,11,0,0
11986,075031,707,7,0,0
11987,075031,793,11,0,0
11988,075031,761,11,0,0
11989,075031,699,7,0,0
11990,075031,781,11,0,0
11991,075031,791,11,0,0
11992,075031,693,7,0,0
11993,075031,771,11,0,0
11994,075031,781,11,0,0
11995,075031,713,7,0,0
11996,075031,760,11,0,0
11997,075031,770,11,0,0
11998,075031,707,7,0,0
11999,075031,793,11,0,0
12000,075031,761,11,0,0
12001,075031,699,7,0,0
12002,075031,781,11,0,0
12003,075031,791,11,0,0
12004,075031,693,7,0,0
12005,075031,771,11,0,0
12006,075031,781,11,0,0
12007,075031,713,7,0,0
12008,075031,760,11,0,0
12009,075031,770,11,0,0
12010,075031,707,7,0,0
12011,075031,793,11,0,0
12012,075031,761,11,0,0
12013,075031,699,7,0,0
12014,075031,781,11,0,0
12015,075031,791,11,0,0
12016,075031,684,7,0,0
12017,075031,762,11,0,0
12018,075031,771,11,0,0
12019,075031,703,7,0,0
12020,075031,750,11,0,0
12021,075031,760,11,0,0
12022,075031,697,7,0,0
12023,075031,781,11,0,0
12024,075031,750,11,0,0
12025,075031,689,7,0,0
12026,075031,774,11,0,0
12027,075031,783,11,0,0
12028,075031,684,7,0,0
12029,075031,762,11,0,0
12030,075031,771,11,0,0
12031,075031,703,7,0,0
12032,075031,750,11,0,0
12033,075031,760,11,0,0
12034,075031,697,7,0,0
12035,075031,781,11,0,0
12036,075031,750,11,0,0
12037,075031,689,7,0,0
12038,075031,774,11,0,0
12039,075031,783,11,0,0
12040,075031,684,7,0,0
12041,075031,762,11,0,0
12042,075031,771,11,0,0
12043,075031,703,7,0,0
12044,075031,750,11,0,0
12045,075031,760,11,0,0
12046,075031,697,7,0,0
12047,075031,781,11,0,0
12048,075031,750,11,0,0
12049,075031,689,7,0,0
12050,075031,774,11,0,0
12051,075031,783,11,0,0
12052,075031,684,7,0,0
12053,075031,762,11,0,0
12054,075031,771,11,0,0
12055,075031,703,7,0,0
12056,075031,750,11,0,0
12057,075031,760,11,0,0
12058,075031,697,7,0,0
12059,075031,781,11,0,0
12060,075031,750,11,0,0
12061,075031,689,7,0,0
12062,075031,774,11,0,0
12063,075031,783,11,0,0
12064,075031,684,7,0,0
12065,075031,762,11,0,0
12066,075031,771,11,0,0
12067,075031,703,7,0,0
12068,075031,750,11,0,0
12069,075031,760,11,0,0
12070,075031,697,7,0,0
12071,075031,781,11,0,0
12072,075031,750,11,0,0
12073,075031,689,7,0,0
12074,075031,774,11,0,0
12075,075031,783,11,0,0
12076,075031,684,7,0,0
12077,075031,762,11,0,0
12078,075031,771,11,0,0
12079,075031,703,7,0,0
12080,075031,750,11,0,0
12081,075031,760,11,0,0
12082,075031,697,7,0,0
12083,075031,781,11,0,0
12084,075031,750,11,0,0
12085,075031,689,7,0,0
12086,075031,774,11,0,0
12087,075031,783,11,0,0
12088,075031,684,7,0,0
12089,075031,762,11,0,0
12090,075031,771,11,0,0
12091,075031,703,7,0,0
12092,075031,750,11,0,0
12093,075031,760,11,0,0
12094,075031,697,7,0,0
12095,075031,781,11,0,0
12096,075031,750,11,0,0
12097,075031,689,7,0,0
12098,075031,774,11,0,0
12099,075031,783,11,0,0
12100,075031,684,7,0,0
12101,075031,762,11,0,0
12102,075031,771,11,0,0
12103,075031,703,7,0,0
12104,075031,750,11,0,0
12105,075031,760,11,0,0
12106,075031,697,7,0,0
12107,075031,781,11,0,0
12108,075031,750,11,0,0
12109,075031,689,7,0,0
12110,075031,774,11,0,0
12111,075031,783,11,0,0
12112,075031,684,7,0,0
12113,075031,762,11,0,0
12114,075031,771,11,0,0
12115,075031,703,7,0,0
12116,075031,750,11,0,0
12117,075031,760,11,0,0
12118,075031,697,7,0,0
12119,075031,781,11,0,0
12120,075031,750,11,0,0
12121,075031,689,7,0,0
12122,075031,774,11,0,0
12123,075031,783,11,0,0
12124,075031,684,7,0,0
12125,075031,762,11,0,0
12126,075031,771,11,0,0
12127,075031,703,7,0,0
12128,075031,750,11,0,0
12129,075031,760,11,0,0
12130,075031,697,7,0,0
12131,075031,781,11,0,0
12132,075031,750,11,0,0
12133,075031,689,7,0,0
12134,075031,774,11,0,0
12135,075031,783,11,0,0
12136,075031,684,7,0,0
12137,075031,762,11,0,0
12138,075031,771,11,0,0
12139,075031,703,7,0,0
12140,075031,750,11,0,0
12141,075031,760,11,0,0
12142,075031,697,7,0,0
12143,075031,781,11,0,0
12144,075031,750,11,0,0
12145,075031,689,7,0,0
12146,075031,774,11,0,0
12147,075031,783,11,0,0
12148,075031,684,7,0,0
12149,075031,762,11,0,0
12150,075031,771,11,0,0
12151,075031,703,7,0,0
12152,075031,750,11,0,0
12153,075031,760,11,0,0
12154,075031,697,7,0,0
12155,075031,781,11,0,0
12156,075031,750,11,0,0
12157,075031,689,7,0,0
12158,075031,774,11,0,0
12159,075031,783,11,0,0
12160,075031,249,9,0,0
12161,075031,327,13,0,0
12162,075031,265,9,0,0
12163,075031,273,9,0,0
12164,075031,316,13,0,0
12165,075031,254,9,0,0
12166,075031,265,9,0,0
12167,075031,351,13,0,0
12168,075031,249,9,0,0
12169,075031,255,9,0,0
12170,075031,341,13,0,0
12171,075031,273,9,0,0
12172,075031,248,9,0,0
12173,075031,326,13,0,0
12174,075031,265,9,0,0
12175,075031,273,9,0,0
12176,075031,316,13,0,0
12177,075031,254,9,0,0
12178,075031,265,9,0,0
12179,075031,351,13,0,0
12180,075031,249,9,0,0
12181,075031,255,9,0,0
12182,075031,341,13,0,0
12183,075031,273,9,0,0
12184,075031,248,9,0,0
12185,075031,326,13,0,0
12186,075031,265,9,0,0
12187,075031,273,9,0,0
12188,075031,316,13,0,0
12189,075031,254,9,0,0
12190,075031,265,9,0,0
12191,075031,351,13,0,0
12192,075031,249,9,0,0
12193,075031,255,9,0,0
12194,075031,341,13,0,0
12195,075031,273,9,0,0
12196,075031,248,9,0,0
12197,075031,326,13,0,0
12198,075031,265,9,0,0
12199,075031,273,9,0,0
12200,075031,316,13,0,0
12201,075031,254,9,0,0
12202,075031,265,9,0,0
12203,075031,351,13,0,0
12204,075031,249,9,0,0
12205,075031,255,9,0,0
12206,075031,341,13,0,0
12207,075031,273,9,0,0
12208,075031,248,9,0,0
12209,075031,326,13,0,0
12210,075031,265,9,0,0
12211,075031,275,9,0,0
12212,075031,318,13,0,0
12213,075031,254,9,0,0
12214,075031,265,9,0,0
12215,075031,355,13,0,0
12216,075031,250,9,0,0
12217,075031,254,9,0,0
12218,075031,341,13,0,0
12219,075031,275,9,0,0
12220,075031,250,9,0,0
12221,075031,326,13,0,0
12222,075031,265,9,0,0
12223,075031,275,9,0,0
12224,075031,318,13,0,0
12225,075031,254,9,0,0
12226,075031,265,9,0,0
12227,075031,355,13,0,0
12228,075031,250,9,0,0
12229,075031,254,9,0,0
12230,075031,341,13,0,0
12231,075031,275,9,0,0
12232,075031,250,9,0,0
12233,075031,326,13,0,0
12234,075031,265,9,0,0
12235,075031,275,9,0,0
12236,075031,318,13,0,0
12237,075031,254,9,0,0
12238,075031,265,9,0,0
12239,075031,355,13,0,0
12240,075031,250,9,0,0
12241,075031,254,9,0,0
12242,075031,341,13,0,0
12243,075031,275,9,0,0
12244,075031,250,9,0,0
12245,075031,326,13,0,0
12246,075031,265,9,0,0
12247,075031,275,9,0,0
12248,075031,318,13,0,0
12249,075031,254,9,0,0
12250,075031,265,9,0,0
12251,075031,355,13,0,0
12252,075031,250,9,0,0
12253,075031,254,9,0,0
12254,075031,341,13,0,0
12255,075031,275,9,0,0
12256,075002,344,7,0,0
12257,075002,420,11,0,0
12258,075002,429,11,0,0
12259,075002,363,7,0,0
12260,075002,410,11,0,0
12261,075002,418,11,0,0
12262,075002,355,7,0,0
12263,075002,441,11,0,0
12264,075002,410,11,0,0
12265,075002,348,7,0,0
12266,075002,431,11,0,0
12267,075002,443,11,0,0
12268,075002,344,7,0,0
12269,075002,420,11,0,0
12270,075002,429,11,0,0
12271,075002,363,7,0,0
12272,075002,410,11,0,0
12273,075002,418,11,0,0
12274,075002,355,7,0,0
12275,075002,441,11,0,0
12276,075002,410,11,0,0
12277,075002,348,7,0,0
12278,075002,431,11,0,0
12279,075002,443,11,0,0
12280,075002,344,7,0,0
12281,075002,420,11,0,0
12282,075002,429,11,0,0
12283,075002,363,7,0,0
12284,075002,410,11,0,0
12285,075002,418,11,0,0
12286,075002,355,7,0,0
12287,075002,441,11,0,0
12288,075002,410,11,0,0
12289,075002,348,7,0,0
12290,075002,431,11,0,0
12291,075002,443,11,0,0
12292,075002,344,7,0,0
12293,075002,420,11,0,0
12294,075002,429,11,0,0
12295,075002,363,7,0,0
12296,075002,410,11,0,0
12297,075002,418,11,0,0
12298,075002,355,7,0,0
12299,075002,441,11,0,0
12300,075002,410,11,0,0
12301,075002,348,7,0,0
12302,075002,431,11,0,0
12303,075002,443,11,0,0
12304,075002,369,7,0,0
12305,075002,447,11,0,0
12306,075002,457,11,0,0
12307,075002,389,7,0,0
12308,075002,436,11,0,0
12309,075002,446,11,0,0
12310,075002,383,7,0,0
12311,075002,469,11,0,0
12312,075002,437,11,0,0
12313,075002,375,7,0,0
12314,075002,457,11,0,0
12315,075002,467,11,0,0
12316,075002,369,7,0,0
12317,075002,447,11,0,0
12318,075002,457,11,0,0
12319,075002,389,7,0,0
12320,075002,436,11,0,0
12321,075002,446,11,0,0
12322,075002,383,7,0,0
12323,075002,469,11,0,0
12324,075002,437,11,0,0
12325,075002,375,7,0,0
12326,075002,457,11,0,0
12327,075002,467,11,0,0
12328,075002,369,7,0,0
12329,075002,447,11,0,0
12330,075002,457,11,0,0
12331,075002,389,7,0,0
12332,075002,436,11,0,0
12333,075002,446,11,0,0
12334,075002,383,7,0,0
12335,075002,469,11,0,0
12336,075002,437,11,0,0
12337,075002,375,7,0,0
12338,075002,457,11,0,0
12339,075002,467,11,0,0
12340,075002,369,7,0,0
12341,075002,447,11,0,0
12342,075002,457,11,0,0
12343,075002,389,7,0,0
12344,075002,436,11,0,0
12345,075002,446,11,0,0
12346,075002,383,7,0,0
12347,075002,469,11,0,0
12348,075002,437,11,0,0
12349,075002,375,7,0,0
12350,075002,457,11,0,0
12351,075002,467,11,0,0
12352,075002,344,7,0,0
12353,075002,420,11,0,0
12354,075002,429,11,0,0
12355,075002,363,7,0,0
12356,075002,410,11,0,0
12357,075002,418,11,0,0
12358,075002,355,7,0,0
12359,075002,441,11,0,0
12360,075002,410,11,0,0
12361,075002,348,7,0,0
12362,075002,431,11,0,0
12363,075002,443,11,0,0
12364,075002,344,7,0,0
12365,075002,420,11,0,0
12366,075002,429,11,0,0
12367,075002,363,7,0,0
12368,075002,410,11,0,0
12369,075002,418,11,0,0
12370,075002,355,7,0,0
12371,075002,441,11,0,0
12372,075002,410,11,0,0
12373,075002,348,7,0,0
12374,075002,431,11,0,0
12375,075002,443,11,0,0
12376,075002,344,7,0,0
12377,075002,420,11,0,0
12378,075002,429,11,0,0
12379,075002,363,7,0,0
12380,075002,410,11,0,0
12381,075002,418,11,0,0
12382,075002,355,7,0,0
12383,075002,441,11,0,0
12384,075002,410,11,0,0
12385,075002,348,7,0,0
12386,075002,431,11,0,0
12387,075002,443,11,0,0
12388,075002,344,7,0,0
12389,075002,420,11,0,0
12390,075002,429,11,0,0
12391,075002,363,7,0,0
12392,075002,410,11,0,0
12393,075002,418,11,0,0
12394,075002,355,7,0,0
12395,075002,441,11,0,0
12396,075002,410,11,0,0
12397,075002,348,7,0,0
12398,075002,431,11,0,0
12399,075002,443,11,0,0
12400,075002,328,7,0,0
12401,075002,406,11,0,0
12402,075002,415,11,0,0
12403,075002,347,7,0,0
12404,075002,394,11,0,0
12405,075002,404,11,0,0
12406,075002,341,7,0,0
12407,075002,425,11,0,0
12408,075002,394,11,0,0
12409,075002,333,7,0,0
12410,075002,418,11,0,0
12411,075002,427,11,0,0
12412,075002,328,7,0,0
12413,075002,406,11,0,0
12414,075002,415,11,0,0
12415,075002,347,7,0,0
12416,075002,394,11,0,0
12417,075002,404,11,0,0
12418,075002,341,7,0,0
12419,075002,425,11,0,0
12420,075002,394,11,0,0
12421,075002,333,7,0,0
12422,075002,418,11,0,0
12423,075002,427,11,0,0
12424,075002,328,7,0,0
12425,075002,406,11,0,0
12426,075002,415,11,0,0
12427,075002,347,7,0,0
12428,075002,394,11,0,0
12429,075002,404,11,0,0
12430,075002,341,7,0,0
12431,075002,425,11,0,0
12432,075002,394,11,0,0
12433,075002,333,7,0,0
12434,075002,418,11,0,0
12435,075002,427,11,0,0
12436,075002,328,7,0,0
12437,075002,406,11,0,0
12438,075002,415,11,0,0
12439,075002,347,7,0,0
12440,075002,394,11,0,0
12441,075002,404,11,0,0
12442,075002,341,7,0,0
12443,075002,425,11,0,0
12444,075002,394,11,0,0
12445,075002,333,7,0,0
12446,075002,418,11,0,0
12447,075002,427,11,0,0
12448,075002,322,9,0,0
12449,075002,398,13,0,0
12450,075002,337,9,0,0
12451,075002,347,9,0,0
12452,075002,390,13,0,0
12453,075002,326,9,0,0
12454,075002,337,9,0,0
12455,075002,427,13,0,0
12456,075002,322,9,0,0
12457,075002,326,9,0,0
12458,075002,413,13,0,0
12459,075002,347,9,0,0
12460,075002,322,9,0,0
12461,075002,398,13,0,0
12462,075002,337,9,0,0
12463,075002,347,9,0,0
12464,075002,390,13,0,0
12465,075002,326,9,0,0
12466,075002,337,9,0,0
12467,075002,427,13,0,0
12468,075002,322,9,0,0
12469,075002,326,9,0,0
12470,075002,413,13,0,0
12471,075002,347,9,0,0
12472,075002,322,9,0,0
12473,075002,398,13,0,0
12474,075002,337,9,0,0
12475,075002,347,9,0,0
12476,075002,390,13,0,0
12477,075002,326,9,0,0
12478,075002,337,9,0,0
12479,075002,427,13,0,0
12480,075002,322,9,0,0
12481,075002,326,9,0,0
12482,075002,413,13,0,0
12483,075002,347,9,0,0
12484,075002,322,9,0,0
12485,075002,398,13,0,0
12486,075002,337,9,0,0
12487,075002,347,9,0,0
12488,075002,390,13,0,0
12489,075002,326,9,0,0
12490,075002,337,9,0,0
12491,075002,427,13,0,0
12492,075002,322,9,0,0
12493,075002,326,9,0,0
12494,075002,413,13,0,0
12495,075002,347,9,0,0
12496,075002,337,7,0,0
12497,075002,415,11,0,0
12498,075002,425,11,0,0
12499,075002,357,7,0,0
12500,075002,404,11,0,0
12501,075002,414,11,0,0
12502,075002,351,7,0,0
12503,075002,437,11,0,0
12504,075002,405,11,0,0
12505,075002,343,7,0,0
12506,075002,425,11,0,0
12507,075002,435,11,0,0
12508,075002,337,7,0,0
12509,075002,415,11,0,0
12510,075002,425,11,0,0
12511,075002,357,7,0,0
12512,075002,404,11,0,0
12513,075002,414,11,0,0
12514,075002,351,7,0,0
12515,075002,437,11,0,0
12516,075002,405,11,0,0
12517,075002,343,7,0,0
12518,075002,425,11,0,0
12519,075002,435,11,0,0
12520,075002,337,7,0,0
12521,075002,415,11,0,0
12522,075002,425,11,0,0
12523,075002,357,7,0,0
12524,075002,404,11,0,0
12525,075002,414,11,0,0
12526,075002,351,7,0,0
12527,075002,437,11,0,0
12528,075002,405,11,0,0
12529,075002,343,7,0,0
12530,075002,425,11,0,0
12531,075002,435,11,0,0
12532,075002,337,7,0,0
12533,075002,415,11,0,0
12534,075002,425,11,0,0
12535,075002,357,7,0,0
12536,075002,404,11,0,0
12537,075002,414,11,0,0
12538,075002,351,7,0,0
12539,075002,437,11,0,0
12540,075002,405,11,0,0
12541,075002,343,7,0,0
12542,075002,425,11,0,0
12543,075002,435,11,0,0
12544,075002,249,7,0,0
12545,075002,327,11,0,0
12546,075002,337,11,0,0
12547,075002,269,7,0,0
12548,075002,316,11,0,0
12549,075002,326,11,0,0
12550,075002,263,7,0,0
12551,075002,349,11,0,0
12552,075002,317,11,0,0
12553,075002,255,7,0,0
12554,075002,337,11,0,0
12555,075002,347,11,0,0
12556,075002,249,7,0,0
12557,075002,327,11,0,0
12558,075002,337,11,0,0
12559,075002,269,7,0,0
12560,075002,316,11,0,0
12561,075002,326,11,0,0
12562,075002,263,7,0,0
12563,075002,349,11,0,0
12564,075002,317,11,0,0
12565,075002,255,7,0,0
12566,075002,337,11,0,0
12567,075002,347,11,0,0
12568,075002,249,7,0,0
12569,075002,327,11,0,0
12570,075002,337,11,0,0
12571,075002,269,7,0,0
12572,075002,316,11,0,0
12573,075002,326,11,0,0
12574,075002,263,7,0,0
12575,075002,349,11,0,0
12576,075002,317,11,0,0
12577,075002,255,7,0,0
12578,075002,337,11,0,0
12579,075002,347,11,0,0
12580,075002,249,7,0,0
12581,075002,327,11,0,0
12582,075002,337,11,0,0
12583,075002,269,7,0,0
12584,075002,316,11,0,0
12585,075002,326,11,0,0
12586,075002,263,7,0,0
12587,075002,349,11,0,0
12588,075002,317,11,0,0
12589,075002,255,7,0,0
12590,075002,337,11,0,0
12591,075002,347,11,0,0
12592,075012,252,7,0,0
12593,075012,330,11,0,0
12594,075012,339,11,0,0
12595,075012,271,7,0,0
12596,075012,318,11,0,0
12597,075012,328,11,0,0
12598,075012,265,7,0,0
12599,075012,349,11,0,0
12600,075012,318,11,0,0
12601,075012,257,7,0,0
12602,075012,342,11,0,0
12603,075012,351,11,0,0
12604,075012,252,7,0,0
12605,075012,330,11,0,0
12606,075012,339,11,0,0
12607,075012,271,7,0,0
12608,075012,318,11,0,0
12609,075012,328,11,0,0
12610,075012,265,7,0,0
12611,075012,349,11,0,0
12612,075012,318,11,0,0
12613,075012,257,7,0,0
12614,075012,342,11,0,0
12615,075012,351,11,0,0
12616,075012,252,7,0,0
12617,075012,330,11,0,0
12618,075012,339,11,0,0
12619,075012,271,7,0,0
12620,075012,318,11,0,0
12621,075012,328,11,0,0
12622,075012,265,7,0,0
12623,075012,349,11,0,0
12624,075012,318,11,0,0
12625,075012,257,7,0,0
12626,075012,342,11,0,0
12627,075012,351,11,0,0
12628,075012,252,7,0,0
12629,075012,330,11,0,0
12630,075012,339,11,0,0
12631,075012,271,7,0,0
12632,075012,318,11,0,0
12633,075012,328,11,0,0
12634,075012,265,7,0,0
12635,075012,349,11,0,0
12636,075012,318,11,0,0
12637,075012,257,7,0,0
12638,075012,342,11,0,0
12639,075012,351,11,0,0
12640,075012,360,7,0,0
12641,075012,438,11,0,0
12642,075012,447,11,0,0
12643,075012,379,7,0,0
12644,075012,426,11,0,0
12645,075012,436,11,0,0
12646,075012,373,7,0,0
12647,075012,457,11,0,0
12648,075012,426,11,0,0
12649,075012,365,7,0,0
12650,075012,450,11,0,0
12651,075012,459,11,0,0
12652,075012,360,7,0,0
12653,075012,438,11,0,0
12654,075012,447,11,0,0
12655,075012,379,7,0,0
12656,075012,426,11,0,0
12657,075012,436,11,0,0
12658,075012,373,7,0,0
12659,075012,457,11,0,0
12660,075012,426,11,0,0
12661,075012,365,7,0,0
12662,075012,450,11,0,0
12663,075012,459,11,0,0
12664,075012,360,7,0,0
12665,075012,438,11,0,0
12666,075012,447,11,0,0
12667,075012,379,7,0,0
12668,075012,426,11,0,0
12669,075012,436,11,0,0
12670,075012,373,7,0,0
12671,075012,457,11,0,0
12672,075012,426,11,0,0
12673,075012,365,7,0,0
12674,075012,450,11,0,0
12675,075012,459,11,0,0
12676,075012,360,7,0,0
12677,075012,438,11,0,0
12678,075012,447,11,0,0
12679,075012,379,7,0,0
12680,075012,426,11,0,0
12681,075012,436,11,0,0
12682,075012,373,7,0,0
12683,075012,457,11,0,0
12684,075012,426,11,0,0
12685,075012,365,7,0,0
12686,075012,450,11,0,0
12687,075012,459,11,0,0
12688,075012,429,7,0,0
12689,075012,507,11,0,0
12690,075012,517,11,0,0
12691,075012,449,7,0,0
12692,075012,496,11,0,0
12693,075012,506,11,0,0
12694,075012,443,7,0,0
12695,075012,529,11,0,0
12696,075012,497,11,0,0
12697,075012,435,7,0,0
12698,075012,517,11,0,0
12699,075012,527,11,0,0
12700,075012,429,7,0,0
12701,075012,507,11,0,0
12702,075012,517,11,0,0
12703,075012,449,7,0,0
12704,075012,496,11,0,0
12705,075012,506,11,0,0
12706,075012,443,7,0,0
12707,075012,529,11,0,0
12708,075012,497,11,0,0
12709,075012,435,7,0,0
12710,075012,517,11,0,0
12711,075012,527,11,0,0
12712,075012,429,7,0,0
12713,075012,507,11,0,0
12714,075012,517,11,0,0
12715,075012,449,7,0,0
12716,075012,496,11,0,0
12717,075012,506,11,0,0
12718,075012,443,7,0,0
12719,075012,529,11,0,0
12720,075012,497,11,0,0
12721,075012,435,7,0,0
12722,075012,517,11,0,0
12723,075012,527,11,0,0
12724,075012,429,7,0,0
12725,075012,507,11,0,0
12726,075012,517,11,0,0
12727,075012,449,7,0,0
12728,075012,496,11,0,0
12729,075012,506,11,0,0
12730,075012,443,7,0,0
12731,075012,529,11,0,0
12732,075012,497,11,0,0
12733,075012,435,7,0,0
12734,075012,517,11,0,0
12735,075012,527,11,0,0
12736,075012,337,7,0,0
12737,075012,415,11,0,0
12738,075012,425,11,0,0
12739,075012,357,7,0,0
12740,075012,404,11,0,0
12741,075012,414,11,0,0
12742,075012,351,7,0,0
12743,075012,437,11,0,0
12744,075012,405,11,0,0
12745,075012,343,7,0,0
12746,075012,425,11,0,0
12747,075012,435,11,0,0
12748,075012,337,7,0,0
12749,075012,415,11,0,0
12750,075012,425,11,0,0
12751,075012,357,7,0,0
12752,075012,404,11,0,0
12753,075012,414,11,0,0
12754,075012,351,7,0,0
12755,075012,437,11,0,0
12756,075012,405,11,0,0
12757,075012,343,7,0,0
12758,075012,425,11,0,0
12759,075012,435,11,0,0
12760,075012,337,7,0,0
12761,075012,415,11,0,0
12762,075012,425,11,0,0
12763,075012,357,7,0,0
12764,075012,404,11,0,0
12765,075012,414,11,0,0
12766,075012,351,7,0,0
12767,075012,437,11,0,0
12768,075012,405,11,0,0
12769,075012,343,7,0,0
12770,075012,425,11,0,0
12771,075012,435,11,0,0
12772,075012,337,7,0,0
12773,075012,415,11,0,0
12774,075012,425,11,0,0
12775,075012,357,7,0,0
12776,075012,404,11,0,0
12777,075012,414,11,0,0
12778,075012,351,7,0,0
12779,075012,437,11,0,0
12780,075012,405,11,0,0
12781,075012,343,7,0,0
12782,075012,425,11,0,0
12783,075012,435,11,0,0
12784,075012,252,7,0,0
12785,075012,330,11,0,0
12786,075012,339,11,0,0
12787,075012,271,7,0,0
12788,075012,318,11,0,0
12789,075012,328,11,0,0
12790,075012,265,7,0,0
12791,075012,349,11,0,0
12792,075012,318,11,0,0
12793,075012,257,7,0,0
12794,075012,342,11,0,0
12795,075012,351,11,0,0
12796,075012,252,7,0,0
12797,075012,330,11,0,0
12798,075012,339,11,0,0
12799,075012,271,7,0,0
12800,075012,318,11,0,0
12801,075012,328,11,0,0
12802,075012,265,7,0,0
12803,075012,349,11,0,0
12804,075012,318,11,0,0
12805,075012,257,7,0,0
12806,075012,342,11,0,0
12807,075012,351,11,0,0
12808,075012,252,7,0,0
12809,075012,330,11,0,0
12810,075012,339,11,0,0
12811,075012,271,7,0,0
12812,075012,318,11,0,0
12813,075012,328,11,0,0
12814,075012,265,7,0,0
12815,075012,349,11,0,0
12816,075012,318,11,0,0
12817,075012,257,7,0,0
12818,075012,342,11,0,0
12819,075012,351,11,0,0
12820,075012,252,7,0,0
12821,075012,330,11,0,0
12822,075012,339,11,0,0
12823,075012,271,7,0,0
12824,075012,318,11,0,0
12825,075012,328,11,0,0
12826,075012,265,7,0,0
12827,075012,349,11,0,0
12828,075012,318,11,0,0
12829,075012,257,7,0,0
12830,075012,342,11,0,0
12831,075012,351,11,0,0
12832,075012,340,7,0,0
12833,075012,418,11,0,0
12834,075012,427,11,0,0
12835,075012,359,7,0,0
12836,075012,406,11,0,0
12837,075012,416,11,0,0
12838,075012,353,7,0,0
12839,075012,437,11,0,0
12840,075012,406,11,0,0
12841,075012,345,7,0,0
12842,075012,430,11,0,0
12843,075012,439,11,0,0
12844,075012,340,7,0,0
12845,075012,418,11,0,0
12846,075012,427,11,0,0
12847,075012,359,7,0,0
12848,075012,406,11,0,0
12849,075012,416,11,0,0
12850,075012,353,7,0,0
12851,075012,437,11,0,0
12852,075012,406,11,0,0
12853,075012,345,7,0,0
12854,075012,430,11,0,0
12855,075012,439,11,0,0
12856,075012,340,7,0,0
12857,075012,418,11,0,0
12858,075012,427,11,0,0
12859,075012,359,7,0,0
12860,075012,406,11,0,0
12861,075012,416,11,0,0
12862,075012,353,7,0,0
12863,075012,437,11,0,0
12864,075012,406,11,0,0
12865,075012,345,7,0,0
12866,075012,430,11,0,0
12867,075012,439,11,0,0
12868,075012,340,7,0,0
12869,075012,418,11,0,0
12870,075012,427,11,0,0
12871,075012,359,7,0,0
12872,075012,406,11,0,0
12873,075012,416,11,0,0
12874,075012,353,7,0,0
12875,075012,437,11,0,0
12876,075012,406,11,0,0
12877,075012,345,7,0,0
12878,075012,430,11,0,0
12879,075012,439,11,0,0
12880,075012,252,7,0,0
12881,075012,330,11,0,0
12882,075012,339,11,0,0
12883,075012,271,7,0,0
12884,075012,318,11,0,0
12885,075012,328,11,0,0
12886,075012,265,7,0,0
12887,075012,349,11,0,0
12888,075012,318,11,0,0
12889,075012,257,7,0,0
12890,075012,342,11,0,0
12891,075012,351,11,0,0
12892,075012,252,7,0,0
12893,075012,330,11,0,0
12894,075012,339,11,0,0
12895,075012,271,7,0,0
12896,075012,318,11,0,0
12897,075012,328,11,0,0
12898,075012,265,7,0,0
12899,075012,349,11,0,0
12900,075012,318,11,0,0
12901,075012,257,7,0,0
12902,075012,342,11,0,0
12903,075012,351,11,0,0
12904,075012,252,7,0,0
12905,075012,330,11,0,0
12906,075012,339,11,0,0
12907,075012,271,7,0,0
12908,075012,318,11,0,0
12909,075012,328,11,0,0
12910,075012,265,7,0,0
12911,075012,349,11,0,0
12912,075012,318,11,0,0
12913,075012,257,7,0,0
12914,075012,342,11,0,0
12915,075012,351,11,0,0
12916,075012,252,7,0,0
12917,075012,330,11,0,0
12918,075012,339,11,0,0
12919,075012,271,7,0,0
12920,075012,318,11,0,0
12921,075012,328,11,0,0
12922,075012,265,7,0,0
12923,075012,349,11,0,0
12924,075012,318,11,0,0
12925,075012,257,7,0,0
12926,075012,342,11,0,0
12927,075012,351,11,0,0
12928,075022,544,7,0,0
12929,075022,622,11,0,0
12930,075022,631,11,0,0
12931,075022,563,7,0,0
12932,075022,610,11,0,0
12933,075022,620,11,0,0
12934,075022,557,7,0,0
12935,075022,641,11,0,0
12936,075022,610,11,0,0
12937,075022,549,7,0,0
12938,075022,634,11,0,0
12939,075022,643,11,0,0
12940,075022,544,7,0,0
12941,075022,622,11,0,0
12942,075022,631,11,0,0
12943,075022,563,7,0,0
12944,075022,610,11,0,0
12945,075022,620,11,0,0
12946,075022,557,7,0,0
12947,075022,641,11,0,0
12948,075022,610,11,0,0
12949,075022,549,7,0,0
12950,075022,634,11,0,0
12951,075022,643,11,0,0
12952,075022,544,7,0,0
12953,075022,622,11,0,0
12954,075022,631,11,0,0
12955,075022,563,7,0,0
12956,075022,610,11,0,0
12957,075022,620,11,0,0
12958,075022,557,7,0,0
12959,075022,641,11,0,0
12960,075022,610,11,0,0
12961,075022,549,7,0,0
12962,075022,634,11,0,0
12963,075022,643,11,0,0
12964,075022,544,7,0,0
12965,075022,622,11,0,0
12966,075022,631,11,0,0
12967,075022,563,7,0,0
12968,075022,610,11,0,0
12969,075022,620,11,0,0
12970,075022,557,7,0,0
12971,075022,641,11,0,0
12972,075022,610,11,0,0
12973,075022,549,7,0,0
12974,075022,634,11,0,0
12975,075022,643,11,0,0
12976,075022,548,7,0,0
12977,075022,624,11,0,0
12978,075022,633,11,0,0
12979,075022,567,7,0,0
12980,075022,614,11,0,0
12981,075022,622,11,0,0
12982,075022,559,7,0,0
12983,075022,645,11,0,0
12984,075022,614,11,0,0
12985,075022,552,7,0,0
12986,075022,635,11,0,0
12987,075022,647,11,0,0
12988,075022,548,7,0,0
12989,075022,624,11,0,0
12990,075022,633,11,0,0
12991,075022,567,7,0,0
12992,075022,614,11,0,0
12993,075022,622,11,0,0
12994,075022,559,7,0,0
12995,075022,645,11,0,0
12996,075022,614,11,0,0
12997,075022,552,7,0,0
12998,075022,635,11,0,0
12999,075022,647,11,0,0
13000,075022,548,7,0,0
13001,075022,624,11,0,0
13002,075022,633,11,0,0
13003,075022,567,7,0,0
13004,075022,614,11,0,0
13005,075022,622,11,0,0
13006,075022,559,7,0,0
13007,075022,645,11,0,0
13008,075022,614,11,0,0
13009,075022,552,7,0,0
13010,075022,635,11,0,0
13011,075022,647,11,0,0
13012,075022,548,7,0,0
13013,075022,624,11,0,0
13014,075022,633,11,0,0
13015,075022,567,7,0,0
13016,075022,614,11,0,0
13017,075022,622,11,0,0
13018,075022,559,7,0,0
13019,075022,645,11,0,0
13020,075022,614,11,0,0
13021,075022,552,7,0,0
13022,075022,635,11,0,0
13023,075022,647,11,0,0
13024,075022,525,9,0,0
13025,075022,603,13,0,0
13026,075022,541,9,0,0
13027,075022,549,9,0,0
13028,075022,592,13,0,0
13029,075022,530,9,0,0
13030,075022,541,9,0,0
13031,075022,627,13,0,0
13032,075022,525,9,0,0
13033,075022,531,9,0,0
13034,075022,617,13,0,0
13035,075022,549,9,0,0
13036,075022,524,9,0,0
13037,075022,602,13,0,0
13038,075022,541,9,0,0
13039,075022,549,9,0,0
13040,075022,592,13,0,0
13041,075022,530,9,0,0
13042,075022,541,9,0,0
13043,075022,627,13,0,0
13044,075022,525,9,0,0
13045,075022,531,9,0,0
13046,075022,617,13,0,0
13047,075022,549,9,0,0
13048,075022,524,9,0,0
13049,075022,602,13,0,0
13050,075022,541,9,0,0
13051,075022,549,9,0,0
13052,075022,592,13,0,0
13053,075022,530,9,0,0
13054,075022,541,9,0,0
13055,075022,627,13,0,0
13056,075022,525,9,0,0
13057,075022,531,9,0,0
13058,075022,617,13,0,0
13059,075022,549,9,0,0
13060,075022,524,9,0,0
13061,075022,602,13,0,0
13062,075022,541,9,0,0
13063,075022,549,9,0,0
13064,075022,592,13,0,0
13065,075022,530,9,0,0
13066,075022,541,9,0,0
13067,075022,627,13,0,0
13068,075022,525,9,0,0
13069,075022,531,9,0,0
13070,075022,617,13,0,0
13071,075022,549,9,0,0
13072,075022,543,7,0,0
13073,075022,621,11,0,0
13074,075022,631,11,0,0
13075,075022,563,7,0,0
13076,075022,610,11,0,0
13077,075022,620,11,0,0
13078,075022,557,7,0,0
13079,075022,641,11,0,0
13080,075022,610,11,0,0
13081,075022,549,7,0,0
13082,075022,634,11,0,0
13083,075022,643,11,0,0
13084,075022,544,7,0,0
13085,075022,622,11,0,0
13086,075022,631,11,0,0
13087,075022,563,7,0,0
13088,075022,610,11,0,0
13089,075022,620,11,0,0
13090,075022,557,7,0,0
13091,075022,641,11,0,0
13092,075022,610,11,0,0
13093,075022,549,7,0,0
13094,075022,634,11,0,0
13095,075022,643,11,0,0
13096,075022,544,7,0,0
13097,075022,622,11,0,0
13098,075022,631,11,0,0
13099,075022,563,7,0,0
13100,075022,610,11,0,0
13101,075022,620,11,0,0
13102,075022,557,7,0,0
13103,075022,641,11,0,0
13104,075022,610,11,0,0
13105,075022,549,7,0,0
13106,075022,634,11,0,0
13107,075022,643,11,0,0
13108,075022,544,7,0,0
13109,075022,622,11,0,0
13110,075022,631,11,0,0
13111,075022,563,7,0,0
13112,075022,610,11,0,0
13113,075022,620,11,0,0
13114,075022,557,7,0,0
13115,075022,641,11,0,0
13116,075022,610,11,0,0
13117,075022,549,7,0,0
13118,075022,634,11,0,0
13119,075022,643,11,0,0
13120,075022,562,9,0,0
13121,075022,638,13,0,0
13122,075022,577,9,0,0
13123,075022,587,9,0,0
13124,075022,630,13,0,0
13125,075022,568,9,0,0
13126,075022,579,9,0,0
13127,075022,667,13,0,0
13128,075022,562,9,0,0
13129,075022,568,9,0,0
13130,075022,655,13,0,0
13131,075022,587,9,0,0
13132,075022,562,9,0,0
13133,075022,638,13,0,0
13134,075022,577,9,0,0
13135,075022,587,9,0,0
13136,075022,630,13,0,0
13137,075022,568,9,0,0
13138,075022,579,9,0,0
13139,075022,667,13,0,0
13140,075022,562,9,0,0
13141,075022,568,9,0,0
13142,075022,655,13,0,0
13143,075022,587,9,0,0
13144,075022,562,9,0,0
13145,075022,638,13,0,0
13146,075022,577,9,0,0
13147,075022,587,9,0,0
13148,075022,630,13,0,0
13149,075022,568,9,0,0
13150,075022,579,9,0,0
13151,075022,667,13,0,0
13152,075022,562,9,0,0
13153,075022,568,9,0,0
13154,075022,655,13,0,0
13155,075022,587,9,0,0
13156,075022,562,9,0,0
13157,075022,638,13,0,0
13158,075022,577,9,0,0
13159,075022,587,9,0,0
13160,075022,630,13,0,0
13161,075022,568,9,0,0
13162,075022,579,9,0,0
13163,075022,667,13,0,0
13164,075022,562,9,0,0
13165,075022,568,9,0,0
13166,075022,655,13,0,0
13167,075022,587,9,0,0
13168,075022,221,7,0,0
13169,075022,299,11,0,0
13170,075022,309,11,0,0
13171,075022,241,7,0,0
13172,075022,288,11,0,0
13173,075022,298,11,0,0
13174,075022,235,7,0,0
13175,075022,321,11,0,0
13176,075022,289,11,0,0
13177,075022,227,7,0,0
13178,075022,309,11,0,0
13179,075022,319,11,0,0
13180,075022,221,7,0,0
13181,075022,299,11,0,0
13182,075022,309,11,0,0
13183,075022,241,7,0,0
13184,075022,288,11,0,0
13185,075022,298,11,0,0
13186,075022,235,7,0,0
13187,075022,321,11,0,0
13188,075022,289,11,0,0
13189,075022,227,7,0,0
13190,075022,309,11,0,0
13191,075022,319,11,0,0
13192,075022,221,7,0,0
13193,075022,299,11,0,0
13194,075022,309,11,0,0
13195,075022,241,7,0,0
13196,075022,288,11,0,0
13197,075022,298,11,0,0
13198,075022,235,7,0,0
13199,075022,321,11,0,0
13200,075022,289,11,0,0
13201,075022,227,7,0,0
13202,075022,309,11,0,0
13203,075022,319,11,0,0
13204,075022,221,7,0,0
13205,075022,299,11,0,0
13206,075022,309,11,0,0
13207,075022,241,7,0,0
13208,075022,288,11,0,0
13209,075022,298,11,0,0
13210,075022,235,7,0,0
13211,075022,321,11,0,0
13212,075022,289,11,0,0
13213,075022,227,7,0,0
13214,075022,309,11,0,0
13215,075022,319,11,0,0
13216,075022,220,7,0,0
13217,075022,298,11,0,0
13218,075022,307,11,0,0
13219,075022,239,7,0,0
13220,075022,286,11,0,0
13221,075022,296,11,0,0
13222,075022,233,7,0,0
13223,075022,317,11,0,0
13224,075022,286,11,0,0
13225,075022,225,7,0,0
13226,075022,310,11,0,0
13227,075022,319,11,0,0
13228,075022,220,7,0,0
13229,075022,298,11,0,0
13230,075022,307,11,0,0
13231,075022,239,7,0,0
13232,075022,286,11,0,0
13233,075022,296,11,0,0
13234,075022,233,7,0,0
13235,075022,317,11,0,0
13236,075022,286,11,0,0
13237,075022,225,7,0,0
13238,075022,310,11,0,0
13239,075022,319,11,0,0
13240,075022,220,7,0,0
13241,075022,298,11,0,0
13242,075022,307,11,0,0
13243,075022,239,7,0,0
13244,075022,286,11,0,0
13245,075022,296,11,0,0
13246,075022,233,7,0,0
13247,075022,317,11,0,0
13248,075022,286,11,0,0
13249,075022,225,7,0,0
13250,075022,310,11,0,0
13251,075022,319,11,0,0
13252,075022,220,7,0,0
13253,075022,298,11,0,0
13254,075022,307,11,0,0
13255,075022,239,7,0,0
13256,075022,286,11,0,0
13257,075022,296,11,0,0
13258,075022,233,7,0,0
13259,075022,317,11,0,0
13260,075022,286,11,0,0
13261,075022,225,7,0,0
13262,075022,310,11,0,0
13263,075022,319,11,0,0
13264,075032,684,7,0,0
13265,075032,762,11,0,0
13266,075032,771,11,0,0
13267,075032,703,7,0,0
13268,075032,750,11,0,0
13269,075032,760,11,0,0
13270,075032,697,7,0,0
13271,075032,781,11,0,0
13272,075032,750,11,0,0
13273,075032,689,7,0,0
13274,075032,774,11,0,0
13275,075032,783,11,0,0
13276,075032,684,7,0,0
13277,075032,762,11,0,0
13278,075032,771,11,0,0
13279,075032,703,7,0,0
13280,075032,750,11,0,0
13281,075032,760,11,0,0
13282,075032,697,7,0,0
13283,075032,781,11,0,0
13284,075032,750,11,0,0
13285,075032,689,7,0,0
13286,075032,774,11,0,0
13287,075032,783,11,0,0
13288,075032,684,7,0,0
13289,075032,762,11,0,0
13290,075032,771,11,0,0
13291,075032,703,7,0,0
13292,075032,750,11,0,0
13293,075032,760,11,0,0
13294,075032,697,7,0,0
13295,075032,781,11,0,0
13296,075032,750,11,0,0
13297,075032,689,7,0,0
13298,075032,774,11,0,0
13299,075032,783,11,0,0
13300,075032,684,7,0,0
13301,075032,762,11,0,0
13302,075032,771,11,0,0
13303,075032,703,7,0,0
13304,075032,750,11,0,0
13305,075032,760,11,0,0
13306,075032,697,7,0,0
13307,075032,781,11,0,0
13308,075032,750,11,0,0
13309,075032,689,7,0,0
13310,075032,774,11,0,0
13311,075032,783,11,0,0
13312,075032,693,7,0,0
13313,075032,771,11,0,0
13314,075032,781,11,0,0
13315,075032,713,7,0,0
13316,075032,760,11,0,0
13317,075032,770,11,0,0
13318,075032,707,7,0,0
13319,075032,793,11,0,0
13320,075032,761,11,0,0
13321,075032,699,7,0,0
13322,075032,781,11,0,0
13323,075032,791,11,0,0
13324,075032,693,7,0,0
13325,075032,771,11,0,0
13326,075032,781,11,0,0
13327,075032,713,7,0,0
13328,075032,760,11,0,0
13329,075032,770,11,0,0
13330,075032,707,7,0,0
13331,075032,793,11,0,0
13332,075032,761,11,0,0
13333,075032,699,7,0,0
13334,075032,781,11,0,0
13335,075032,791,11,0,0
13336,075032,693,7,0,0
13337,075032,771,11,0,0
13338,075032,781,11,0,0
13339,075032,713,7,0,0
13340,075032,760,11,0,0
13341,075032,770,11,0,0
13342,075032,707,7,0,0
13343,075032,793,11,0,0
13344,075032,761,11,0,0
13345,075032,699,7,0,0
13346,075032,781,11,0,0
13347,075032,791,11,0,0
13348,075032,693,7,0,0
13349,075032,771,11,0,0
13350,075032,781,11,0,0
13351,075032,713,7,0,0
13352,075032,760,11,0,0
13353,075032,770,11,0,0
13354,075032,707,7,0,0
13355,075032,793,11,0,0
13356,075032,761,11,0,0
13357,075032,699,7,0,0
13358,075032,781,11,0,0
13359,075032,791,11,0,0
13360,075032,684,7,0,0
13361,075032,762,11,0,0
13362,075032,771,11,0,0
13363,075032,703,7,0,0
13364,075032,750,11,0,0
13365,075032,760,11,0,0
13366,075032,697,7,0,0
13367,075032,781,11,0,0
13368,075032,750,11,0,0
13369,075032,689,7,0,0
13370,075032,774,11,0,0
13371,075032,783,11,0,0
13372,075032,684,7,0,0
13373,075032,762,11,0,0
13374,075032,771,11,0,0
13375,075032,703,7,0,0
13376,075032,750,11,0,0
13377,075032,760,11,0,0
13378,075032,697,7,0,0
13379,075032,781,11,0,0
13380,075032,750,11,0,0
13381,075032,689,7,0,0
13382,075032,774,11,0,0
13383,075032,783,11,0,0
13384,075032,684,7,0,0
13385,075032,762,11,0,0
13386,075032,771,11,0,0
13387,075032,703,7,0,0
13388,075032,750,11,0,0
13389,075032,760,11,0,0
13390,075032,697,7,0,0
13391,075032,781,11,0,0
13392,075032,750,11,0,0
13393,075032,689,7,0,0
13394,075032,774,11,0,0
13395,075032,783,11,0,0
13396,075032,684,7,0,0
13397,075032,762,11,0,0
13398,075032,771,11,0,0
13399,075032,703,7,0,0
13400,075032,750,11,0,0
13401,075032,760,11,0,0
13402,075032,697,7,0,0
13403,075032,781,11,0,0
13404,075032,750,11,0,0
13405,075032,689,7,0,0
13406,075032,774,11,0,0
13407,075032,783,11,0,0
13408,075032,684,7,0,0
13409,075032,762,11,0,0
13410,075032,771,11,0,0
13411,075032,703,7,0,0
13412,075032,750,11,0,0
13413,075032,760,11,0,0
13414,075032,697,7,0,0
13415,075032,781,11,0,0
13416,075032,750,11,0,0
13417,075032,689,7,0,0
13418,075032,774,11,0,0
13419,075032,783,11,0,0
13420,075032,684,7,0,0
13421,075032,762,11,0,0
13422,075032,771,11,0,0
13423,075032,703,7,0,0
13424,075032,750,11,0,0
13425,075032,760,11,0,0
13426,075032,697,7,0,0
13427,075032,781,11,0,0
13428,075032,750,11,0,0
13429,075032,689,7,0,0
13430,075032,774,11,0,0
13431,075032,783,11,0,0
13432,075032,684,7,0,0
13433,075032,762,11,0,0
13434,075032,771,11,0,0
13435,075032,703,7,0,0
13436,075032,750,11,0,0
13437,075032,760,11,0,0
13438,075032,697,7,0,0
13439,075032,781,11,0,0
13440,075032,750,11,0,0
13441,075032,689,7,0,0
13442,075032,774,11,0,0
13443,075032,783,11,0,0
13444,075032,684,7,0,0
13445,075032,762,11,0,0
13446,075032,771,11,0,0
13447,075032,703,7,0,0
13448,075032,750,11,0,0
13449,075032,760,11,0,0
13450,075032,697,7,0,0
13451,075032,781,11,0,0
13452,075032,750,11,0,0
13453,075032,689,7,0,0
13454,075032,774,11,0,0
13455,075032,783,11,0,0
13456,075032,684,7,0,0
13457,075032,762,11,0,0
13458,075032,771,11,0,0
13459,075032,703,7,0,0
13460,075032,750,11,0,0
13461,075032,760,11,0,0
13462,075032,697,7,0,0
13463,075032,781,11,0,0
13464,075032,750,11,0,0
13465,075032,689,7,0,0
13466,075032,774,11,0,0
13467,075032,783,11,0,0
13468,075032,684,7,0,0
13469,075032,762,11,0,0
13470,075032,771,11,0,0
13471,075032,703,7,0,0
13472,075032,750,11,0,0
13473,075032,760,11,0,0
13474,075032,697,7,0,0
13475,075032,781,11,0,0
13476,075032,750,11,0,0
13477,075032,689,7,0,0
13478,075032,774,11,0,0
13479,075032,783,11,0,0
13480,075032,684,7,0,0
13481,075032,762,11,0,0
13482,075032,771,11,0,0
13483,075032,703,7,0,0
13484,075032,750,11,0,0
13485,075032,760,11,0,0
13486,075032,697,7,0,0
13487,075032,781,11,0,0
13488,075032,750,11,0,0
13489,075032,689,7,0,0
13490,075032,774,11,0,0
13491,075032,783,11,0,0
13492,075032,684,7,0,0
13493,075032,762,11,0,0
13494,075032,771,11,0,0
13495,075032,703,7,0,0
13496,075032,750,11,0,0
13497,075032,760,11,0,0
13498,075032,697,7,0,0
13499,075032,781,11,0,0
13500,075032,750,11,0,0
13501,075032,689,7,0,0
13502,075032,774,11,0,0
13503,075032,783,11,0,0
13504,075032,249,9,0,0
13505,075032,327,13,0,0
13506,075032,265,9,0,0
13507,075032,273,9,0,0
13508,075032,316,13,0,0
13509,075032,254,9,0,0
13510,075032,265,9,0,0
13511,075032,351,13,0,0
13512,075032,249,9,0,0
13513,075032,255,9,0,0
13514,075032,341,13,0,0
13515,075032,273,9,0,0
13516,075032,248,9,0,0
13517,075032,326,13,0,0
13518,075032,265,9,0,0
13519,075032,273,9,0,0
13520,075032,316,13,0,0
13521,075032,254,9,0,0
13522,075032,265,9,0,0
13523,075032,351,13,0,0
13524,075032,249,9,0,0
13525,075032,255,9,0,0
13526,075032,341,13,0,0
13527,075032,273,9,0,0
13528,075032,248,9,0,0
13529,075032,326,13,0,0
13530,075032,265,9,0,0
13531,075032,273,9,0,0
13532,075032,316,13,0,0
13533,075032,254,9,0,0
13534,075032,265,9,0,0
13535,075032,351,13,0,0
13536,075032,249,9,0,0
13537,075032,255,9,0,0
13538,075032,341,13,0,0
13539,075032,273,9,0,0
13540,075032,248,9,0,0
13541,075032,326,13,0,0
13542,075032,265,9,0,0
13543,075032,273,9,0,0
13544,075032,316,13,0,0
13545,075032,254,9,0,0
13546,075032,265,9,0,0
13547,075032,351,13,0,0
13548,075032,249,9,0,0
13549,075032,255,9,0,0
13550,075032,341,13,0,0
13551,075032,273,9,0,0
13552,075032,248,9,0,0
13553,075032,326,13,0,0
13554,075032,265,9,0,0
13555,075032,275,9,0,0
13556,075032,318,13,0,0
13557,075032,254,9,0,0
13558,075032,265,9,0,0
13559,075032,355,13,0,0
13560,075032,250,9,0,0
13561,075032,254,9,0,0
13562,075032,341,13,0,0
13563,075032,275,9,0,0
13564,075032,250,9,0,0
13565,075032,326,13,0,0
13566,075032,265,9,0,0
13567,075032,275,9,0,0
13568,075032,318,13,0,0
13569,075032,254,9,0,0
13570,075032,265,9,0,0
13571,075032,355,13,0,0
13572,075032,250,9,0,0
13573,075032,254,9,0,0
13574,075032,341,13,0,0
13575,075032,275,9,0,0
13576,075032,250,9,0,0
13577,075032,326,13,0,0
13578,075032,265,9,0,0
13579,075032,275,9,0,0
13580,075032,318,13,0,0
13581,075032,254,9,0,0
13582,075032,265,9,0,0
13583,075032,355,13,0,0
13584,075032,250,9,0,0
13585,075032,254,9,0,0
13586,075032,341,13,0,0
13587,075032,275,9,0,0
13588,075032,250,9,0,0
13589,075032,326,13,0,0
13590,075032,265,9,0,0
13591,075032,275,9,0,0
13592,075032,318,13,0,0
13593,075032,254,9,0,0
13594,075032,265,9,0,0
13595,075032,355,13,0,0
13596,075032,250,9,0,0
13597,075032,254,9,0,0
13598,075032,341,13,0,0
13599,075032,275,9,0,0
13600,075003,344,7,0,0
13601,075003,420,11,0,0
13602,075003,429,11,0,0
13603,075003,363,7,0,0
13604,075003,410,11,0,0
13605,075003,418,11,0,0
13606,075003,355,7,0,0
13607,075003,441,11,0,0
13608,075003,410,11,0,0
13609,075003,348,7,0,0
13610,075003,431,11,0,0
13611,075003,443,11,0,0
13612,075003,344,7,0,0
13613,075003,420,11,0,0
13614,075003,429,11,0,0
13615,075003,363,7,0,0
13616,075003,410,11,0,0
13617,075003,418,11,0,0
13618,075003,355,7,0,0
13619,075003,441,11,0,0
13620,075003,410,11,0,0
13621,075003,348,7,0,0
13622,075003,431,11,0,0
13623,075003,443,11,0,0
13624,075003,344,7,0,0
13625,075003,420,11,0,0
13626,075003,429,11,0,0
13627,075003,363,7,0,0
13628,075003,410,11,0,0
13629,075003,418,11,0,0
13630,075003,355,7,0,0
13631,075003,441,11,0,0
13632,075003,410,11,0,0
13633,075003,348,7,0,0
13634,075003,431,11,0,0
13635,075003,443,11,0,0
13636,075003,344,7,0,0
13637,075003,420,11,0,0
13638,075003,429,11,0,0
13639,075003,363,7,0,0
13640,075003,410,11,0,0
13641,075003,418,11,0,0
13642,075003,355,7,0,0
13643,075003,441,11,0,0
13644,075003,410,11,0,0
13645,075003,348,7,0,0
13646,075003,431,11,0,0
13647,075003,443,11,0,0
13648,075003,369,7,0,0
13649,075003,447,11,0,0
13650,075003,457,11,0,0
13651,075003,389,7,0,0
13652,075003,436,11,0,0
13653,075003,446,11,0,0
13654,075003,383,7,0,0
13655,075003,469,11,0,0
13656,075003,437,11,0,0
13657,075003,375,7,0,0
13658,075003,457,11,0,0
13659,075003,467,11,0,0
13660,075003,369,7,0,0
13661,075003,447,11,0,0
13662,075003,457,11,0,0
13663,075003,389,7,0,0
13664,075003,436,11,0,0
13665,075003,446,11,0,0
13666,075003,383,7,0,0
13667,075003,469,11,0,0
13668,075003,437,11,0,0
13669,075003,375,7,0,0
13670,075003,457,11,0,0
13671,075003,467,11,0,0
13672,075003,369,7,0,0
13673,075003,447,11,0,0
13674,075003,457,11,0,0
13675,075003,389,7,0,0
13676,075003,436,11,0,0
13677,075003,446,11,0,0
13678,075003,383,7,0,0
13679,075003,469,11,0,0
13680,075003,437,11,0,0
13681,075003,375,7,0,0
13682,075003,457,11,0,0
13683,075003,467,11,0,0
13684,075003,369,7,0,0
13685,075003,447,11,0,0
13686,075003,457,11,0,0
13687,075003,389,7,0,0
13688,075003,436,11,0,0
13689,075003,446,11,0,0
13690,075003,383,7,0,0
13691,075003,469,11,0,0
13692,075003,437,11,0,0
13693,075003,375,7,0,0
13694,075003,457,11,0,0
13695,075003,467,11,0,0
13696,075003,344,7,0,0
13697,075003,420,11,0,0
13698,075003,429,11,0,0
13699,075003,363,7,0,0
13700,075003,410,11,0,0
13701,075003,418,11,0,0
13702,075003,355,7,0,0
13703,075003,441,11,0,0
13704,075003,410,11,0,0
13705,075003,348,7,0,0
13706,075003,431,11,0,0
13707,075003,443,11,0,0
13708,075003,344,7,0,0
13709,075003,420,11,0,0
13710,075003,429,11,0,0
13711,075003,363,7,0,0
13712,075003,410,11,0,0
13713,075003,418,11,0,0
13714,075003,355,7,0,0
13715,075003,441,11,0,0
13716,075003,410,11,0,0
13717,075003,348,7,0,0
13718,075003,431,11,0,0
13719,075003,443,11,0,0
13720,075003,344,7,0,0
13721,075003,420,11,0,0
13722,075003,429,11,0,0
13723,075003,363,7,0,0
13724,075003,410,11,0,0
13725,075003,418,11,0,0
13726,075003,355,7,0,0
13727,075003,441,11,0,0
13728,075003,410,11,0,0
13729,075003,348,7,0,0
13730,075003,431,11,0,0
13731,075003,443,11,0,0
13732,075003,344,7,0,0
13733,075003,420,11,0,0
13734,075003,429,11,0,0
13735,075003,363,7,0,0
13736,075003,410,11,0,0
13737,075003,418,11,0,0
13738,075003,355,7,0,0
13739,075003,441,11,0,0
13740,075003,410,11,0,0
13741,075003,348,7,0,0
13742,075003,431,11,0,0
13743,075003,443,11,0,0
13744,075003,328,7,0,0
13745,075003,406,11,0,0
13746,075003,415,11,0,0
13747,075003,347,7,0,0
13748,075003,394,11,0,0
13749,075003,404,11,0,0
13750,075003,341,7,0,0
13751,075003,425,11,0,0
13752,075003,394,11,0,0
13753,075003,333,7,0,0
13754,075003,418,11,0,0
13755,075003,427,11,0,0
13756,075003,328,7,0,0
13757,075003,406,11,0,0
13758,075003,415,11,0,0
13759,075003,347,7,0,0
13760,075003,394,11,0,0
13761,075003,404,11,0,0
13762,075003,341,7,0,0
13763,075003,425,11,0,0
13764,075003,394,11,0,0
13765,075003,333,7,0,0
13766,075003,418,11,0,0
13767,075003,427,11,0,0
13768,075003,328,7,0,0
13769,075003,406,11,0,0
13770,075003,415,11,0,0
13771,075003,347,7,0,0
13772,075003,394,11,0,0
13773,075003,404,11,0,0
13774,075003,341,7,0,0
13775,075003,425,11,0,0
13776,075003,394,11,0,0
13777,075003,333,7,0,0
13778,075003,418,11,0,0
13779,075003,427,11,0,0
13780,075003,328,7,0,0
13781,075003,406,11,0,0
13782,075003,415,11,0,0
13783,075003,347,7,0,0
13784,075003,394,11,0,0
13785,075003,404,11,0,0
13786,075003,341,7,0,0
13787,075003,425,11,0,0
13788,075003,394,11,0,0
13789,075003,333,7,0,0
13790,075003,418,11,0,0
13791,075003,427,11,0,0
13792,075003,322,9,0,0
13793,075003,398,13,0,0
13794,075003,337,9,0,0
13795,075003,347,9,0,0
13796,075003,390,13,0,0
13797,075003,326,9,0,0
13798,075003,337,9,0,0
13799,075003,427,13,0,0
13800,075003,322,9,0,0
13801,075003,326,9,0,0
13802,075003,413,13,0,0
13803,075003,347,9,0,0
13804,075003,322,9,0,0
13805,075003,398,13,0,0
13806,075003,337,9,0,0
13807,075003,347,9,0,0
13808,075003,390,13,0,0
13809,075003,326,9,0,0
13810,075003,337,9,0,0
13811,075003,427,13,0,0
13812,075003,322,9,0,0
13813,075003,326,9,0,0
13814,075003,413,13,0,0
13815,075003,347,9,0,0
13816,075003,322,9,0,0
13817,075003,398,13,0,0
13818,075003,337,9,0,0
13819,075003,347,9,0,0
13820,075003,390,13,0,0
13821,075003,326,9,0,0
13822,075003,337,9,0,0
13823,075003,427,13,0,0
13824,075003,322,9,0,0
13825,075003,326,9,0,0
13826,075003,413,13,0,0
13827,075003,347,9,0,0
13828,075003,322,9,0,0
13829,075003,398,13,0,0
13830,075003,337,9,0,0
13831,075003,347,9,0,0
13832,075003,390,13,0,0
13833,075003,326,9,0,0
13834,075003,337,9,0,0
13835,075003,427,13,0,0
13836,075003,322,9,0,0
13837,075003,326,9,0,0
13838,075003,413,13,0,0
13839,075003,347,9,0,0
13840,075003,337,7,0,0
13841,075003,415,11,0,0
13842,075003,425,11,0,0
13843,075003,357,7,0,0
13844,075003,404,11,0,0
13845,075003,414,11,0,0
13846,075003,351,7,0,0
13847,075003,437,11,0,0
13848,075003,405,11,0,0
13849,075003,343,7,0,0
13850,075003,425,11,0,0
13851,075003,435,11,0,0
13852,075003,337,7,0,0
13853,075003,415,11,0,0
13854,075003,425,11,0,0
13855,075003,357,7,0,0
13856,075003,404,11,0,0
13857,075003,414,11,0,0
13858,075003,351,7,0,0
13859,075003,437,11,0,0
13860,075003,405,11,0,0
13861,075003,343,7,0,0
13862,075003,425,11,0,0
13863,075003,435,11,0,0
13864,075003,337,7,0,0
13865,075003,415,11,0,0
13866,075003,425,11,0,0
13867,075003,357,7,0,0
13868,075003,404,11,0,0
13869,075003,414,11,0,0
13870,075003,351,7,0,0
13871,075003,437,11,0,0
13872,075003,405,11,0,0
13873,075003,343,7,0,0
13874,075003,425,11,0,0
13875,075003,435,11,0,0
13876,075003,337,7,0,0
13877,075003,415,11,0,0
13878,075003,425,11,0,0
13879,075003,357,7,0,0
13880,075003,404,11,0,0
13881,075003,414,11,0,0
13882,075003,351,7,0,0
13883,075003,437,11,0,0
13884,075003,405,11,0,0
13885,075003,343,7,0,0
13886,075003,425,11,0,0
13887,075003,435,11,0,0
13888,075003,249,7,0,0
13889,075003,327,11,0,0
13890,075003,337,11,0,0
13891,075003,269,7,0,0
13892,075003,316,11,0,0
13893,075003,326,11,0,0
13894,075003,263,7,0,0
13895,075003,349,11,0,0
13896,075003,317,11,0,0
13897,075003,255,7,0,0
13898,075003,337,11,0,0
13899,075003,347,11,0,0
13900,075003,249,7,0,0
13901,075003,327,11,0,0
13902,075003,337,11,0,0
13903,075003,269,7,0,0
13904,075003,316,11,0,0
13905,075003,326,11,0,0
13906,075003,263,7,0,0
13907,075003,349,11,0,0
13908,075003,317,11,0,0
13909,075003,255,7,0,0
13910,075003,337,11,0,0
13911,075003,347,11,0,0
13912,075003,249,7,0,0
13913,075003,327,11,0,0
13914,075003,337,11,0,0
13915,075003,269,7,0,0
13916,075003,316,11,0,0
13917,075003,326,11,0,0
13918,075003,263,7,0,0
13919,075003,349,11,0,0
13920,075003,317,11,0,0
13921,075003,255,7,0,0
13922,075003,337,11,0,0
13923,075003,347,11,0,0
13924,075003,249,7,0,0
13925,075003,327,11,0,0
13926,075003,337,11,0,0
13927,075003,269,7,0,0
13928,075003,316,11,0,0
13929,075003,326,11,0,0
13930,075003,263,7,0,0
13931,075003,349,11,0,0
13932,075003,317,11,0,0
13933,075003,255,7,0,0
13934,075003,337,11,0,0
13935,075003,347,11,0,0
13936,075013,252,7,0,0
13937,075013,330,11,0,0
13938,075013,339,11,0,0
13939,075013,271,7,0,0
13940,075013,318,11,0,0
13941,075013,328,11,0,0
13942,075013,265,7,0,0
13943,075013,349,11,0,0
13944,075013,318,11,0,0
13945,075013,257,7,0,0
13946,075013,342,11,0,0
13947,075013,351,11,0,0
13948,075013,252,7,0,0
13949,075013,330,11,0,0
13950,075013,339,11,0,0
13951,075013,271,7,0,0
13952,075013,318,11,0,0
13953,075013,328,11,0,0
13954,075013,265,7,0,0
13955,075013,349,11,0,0
13956,075013,318,11,0,0
13957,075013,257,7,0,0
13958,075013,342,11,0,0
13959,075013,351,11,0,0
13960,075013,252,7,0,0
13961,075013,330,11,0,0
13962,075013,339,11,0,0
13963,075013,271,7,0,0
13964,075013,318,11,0,0
13965,075013,328,11,0,0
13966,075013,265,7,0,0
13967,075013,349,11,0,0
13968,075013,318,11,0,0
13969,075013,257,7,0,0
13970,075013,342,11,0,0
13971,075013,351,11,0,0
13972,075013,252,7,0,0
13973,075013,330,11,0,0
13974,075013,339,11,0,0
13975,075013,271,7,0,0
13976,075013,318,11,0,0
13977,075013,328,11,0,0
13978,075013,265,7,0,0
13979,075013,349,11,0,0
13980,075013,318,11,0,0
13981,075013,257,7,0,0
13982,075013,342,11,0,0
13983,075013,351,11,0,0
13984,075013,360,7,0,0
13985,075013,438,11,0,0
13986,075013,447,11,0,0
13987,075013,379,7,0,0
13988,075013,426,11,0,0
13989,075013,436,11,0,0
13990,075013,373,7,0,0
13991,075013,457,11,0,0
13992,075013,426,11,0,0
13993,075013,365,7,0,0
13994,075013,450,11,0,0
13995,075013,459,11,0,0
13996,075013,360,7,0,0
13997,075013,438,11,0,0
13998,075013,447,11,0,0
13999,075013,379,7,0,0
14000,075013,426,11,0,0
14001,075013,436,11,0,0
14002,075013,373,7,0,0
14003,075013,457,11,0,0
14004,075013,426,11,0,0
14005,075013,365,7,0,0
14006,075013,450,11,0,0
14007,075013,459,11,0,0
14008,075013,360,7,0,0
14009,075013,438,11,0,0
14010,075013,447,11,0,0
14011,075013,379,7,0,0
14012,075013,426,11,0,0
14013,075013,436,11,0,0
14014,075013,373,7,0,0
14015,075013,457,11,0,0
14016,075013,426,11,0,0
14017,075013,365,7,0,0
14018,075013,450,11,0,0
14019,075013,459,11,0,0
14020,075013,360,7,0,0
14021,075013,438,11,0,0
14022,075013,447,11,0,0
14023,075013,379,7,0,0
14024,075013,426,11,0,0
14025,075013,436,11,0,0
14026,075013,373,7,0,0
14027,075013,457,11,0,0
14028,075013,426,11,0,0
14029,075013,365,7,0,0
14030,075013,450,11,0,0
14031,075013,459,11,0,0
14032,075013,429,7,0,0
14033,075013,507,11,0,0
14034,075013,517,11,0,0
14035,075013,449,7,0,0
14036,075013,496,11,0,0
14037,075013,506,11,0,0
14038,075013,443,7,0,0
14039,075013,529,11,0,0
14040,075013,497,11,0,0
14041,075013,435,7,0,0
14042,075013,517,11,0,0
14043,075013,527,11,0,0
14044,075013,429,7,0,0
14045,075013,507,11,0,0
14046,075013,517,11,0,0
14047,075013,449,7,0,0
14048,075013,496,11,0,0
14049,075013,506,11,0,0
14050,075013,443,7,0,0
14051,075013,529,11,0,0
14052,075013,497,11,0,0
14053,075013,435,7,0,0
14054,075013,517,11,0,0
14055,075013,527,11,0,0
14056,075013,429,7,0,0
14057,075013,507,11,0,0
14058,075013,517,11,0,0
14059,075013,449,7,0,0
14060,075013,496,11,0,0
14061,075013,506,11,0,0
14062,075013,443,7,0,0
14063,075013,529,11,0,0
14064,075013,497,11,0,0
14065,075013,435,7,0,0
14066,075013,517,11,0,0
14067,075013,527,11,0,0
14068,075013,429,7,0,0
14069,075013,507,11,0,0
14070,075013,517,11,0,0
14071,075013,449,7,0,0
14072,075013,496,11,0,0
14073,075013,506,11,0,0
14074,075013,443,7,0,0
14075,075013,529,11,0,0
14076,075013,497,11,0,0
14077,075013,435,7,0,0
14078,075013,517,11,0,0
14079,075013,527,11,0,0
14080,075013,337,7,0,0
14081,075013,415,11,0,0
14082,075013,425,11,0,0
14083,075013,357,7,0,0
14084,075013,404,11,0,0
14085,075013,414,11,0,0
14086,075013,351,7,0,0
14087,075013,437,11,0,0
14088,075013,405,11,0,0
14089,075013,343,7,0,0
14090,075013,425,11,0,0
14091,075013,435,11,0,0
14092,075013,337,7,0,0
14093,075013,415,11,0,0
14094,075013,425,11,0,0
14095,075013,357,7,0,0
14096,075013,404,11,0,0
14097,075013,414,11,0,0
14098,075013,351,7,0,0
14099,075013,437,11,0,0
14100,075013,405,11,0,0
14101,075013,343,7,0,0
14102,075013,425,11,0,0
14103,075013,435,11,0,0
14104,075013,337,7,0,0
14105,075013,415,11,0,0
14106,075013,425,11,0,0
14107,075013,357,7,0,0
14108,075013,404,11,0,0
14109,075013,414,11,0,0
14110,075013,351,7,0,0
14111,075013,437,11,0,0
14112,075013,405,11,0,0
14113,075013,343,7,0,0
14114,075013,425,11,0,0
14115,075013,435,11,0,0
14116,075013,337,7,0,0
14117,075013,415,11,0,0
14118,075013,425,11,0,0
14119,075013,357,7,0,0
14120,075013,404,11,0,0
14121,075013,414,11,0,0
14122,075013,351,7,0,0
14123,075013,437,11,0,0
14124,075013,405,11,0,0
14125,075013,343,7,0,0
14126,075013,425,11,0,0
14127,075013,435,11,0,0
14128,075013,252,7,0,0
14129,075013,330,11,0,0
14130,075013,339,11,0,0
14131,075013,271,7,0,0
14132,075013,318,11,0,0
14133,075013,328,11,0,0
14134,075013,265,7,0,0
14135,075013,349,11,0,0
14136,075013,318,11,0,0
14137,075013,257,7,0,0
14138,075013,342,11,0,0
14139,075013,351,11,0,0
14140,075013,252,7,0,0
14141,075013,330,11,0,0
14142,075013,339,11,0,0
14143,075013,271,7,0,0
14144,075013,318,11,0,0
14145,075013,328,11,0,0
14146,075013,265,7,0,0
14147,075013,349,11,0,0
14148,075013,318,11,0,0
14149,075013,257,7,0,0
14150,075013,342,11,0,0
14151,075013,351,11,0,0
14152,075013,252,7,0,0
14153,075013,330,11,0,0
14154,075013,339,11,0,0
14155,075013,271,7,0,0
14156,075013,318,11,0,0
14157,075013,328,11,0,0
14158,075013,265,7,0,0
14159,075013,349,11,0,0
14160,075013,318,11,0,0
14161,075013,257,7,0,0
14162,075013,342,11,0,0
14163,075013,351,11,0,0
14164,075013,252,7,0,0
14165,075013,330,11,0,0
14166,075013,339,11,0,0
14167,075013,271,7,0,0
14168,075013,318,11,0,0
14169,075013,328,11,0,0
14170,075013,265,7,0,0
14171,075013,349,11,0,0
14172,075013,318,11,0,0
14173,075013,257,7,0,0
14174,075013,342,11,0,0
14175,075013,351,11,0,0
14176,075013,340,7,0,0
14177,075013,418,11,0,0
14178,075013,427,11,0,0
14179,075013,359,7,0,0
14180,075013,406,11,0,0
14181,075013,416,11,0,0
14182,075013,353,7,0,0
14183,075013,437,11,0,0
14184,075013,406,11,0,0
14185,075013,345,7,0,0
14186,075013,430,11,0,0
14187,075013,439,11,0,0
14188,075013,340,7,0,0
14189,075013,418,11,0,0
14190,075013,427,11,0,0
14191,075013,359,7,0,0
14192,075013,406,11,0,0
14193,075013,416,11,0,0
14194,075013,353,7,0,0
14195,075013,437,11,0,0
14196,075013,406,11,0,0
14197,075013,345,7,0,0
14198,075013,430,11,0,0
14199,075013,439,11,0,0
14200,075013,340,7,0,0
14201,075013,418,11,0,0
14202,075013,427,11,0,0
14203,075013,359,7,0,0
14204,075013,406,11,0,0
14205,075013,416,11,0,0
14206,075013,353,7,0,0
14207,075013,437,11,0,0
14208,075013,406,11,0,0
14209,075013,345,7,0,0
14210,075013,430,11,0,0
14211,075013,439,11,0,0
14212,075013,340,7,0,0
14213,075013,418,11,0,0
14214,075013,427,11,0,0
14215,075013,359,7,0,0
14216,075013,406,11,0,0
14217,075013,416,11,0,0
14218,075013,353,7,0,0
14219,075013,437,11,0,0
14220,075013,406,11,0,0
14221,075013,345,7,0,0
14222,075013,430,11,0,0
14223,075013,439,11,0,0
14224,075013,252,7,0,0
14225,075013,330,11,0,0
14226,075013,339,11,0,0
14227,075013,271,7,0,0
14228,075013,318,11,0,0
14229,075013,328,11,0,0
14230,075013,265,7,0,0
14231,075013,349,11,0,0
14232,075013,318,11,0,0
14233,075013,257,7,0,0
14234,075013,342,11,0,0
14235,075013,351,11,0,0
14236,075013,252,7,0,0
14237,075013,330,11,0,0
14238,075013,339,11,0,0
14239,075013,271,7,0,0
14240,075013,318,11,0,0
14241,075013,328,11,0,0
14242,075013,265,7,0,0
14243,075013,349,11,0,0
14244,075013,318,11,0,0
14245,075013,257,7,0,0
14246,075013,342,11,0,0
14247,075013,351,11,0,0
14248,075013,252,7,0,0
14249,075013,330,11,0,0
14250,075013,339,11,0,0
14251,075013,271,7,0,0
14252,075013,318,11,0,0
14253,075013,328,11,0,0
14254,075013,265,7,0,0
14255,075013,349,11,0,0
14256,075013,318,11,0,0
14257,075013,257,7,0,0
14258,075013,342,11,0,0
14259,075013,351,11,0,0
14260,075013,252,7,0,0
14261,075013,330,11,0,0
14262,075013,339,11,0,0
14263,075013,271,7,0,0
14264,075013,318,11,0,0
14265,075013,328,11,0,0
14266,075013,265,7,0,0
14267,075013,349,11,0,0
14268,075013,318,11,0,0
14269,075013,257,7,0,0
14270,075013,342,11,0,0
14271,075013,351,11,0,0
14272,075023,544,7,0,0
14273,075023,622,11,0,0
14274,075023,631,11,0,0
14275,075023,563,7,0,0
14276,075023,610,11,0,0
14277,075023,620,11,0,0
14278,075023,557,7,0,0
14279,075023,641,11,0,0
14280,075023,610,11,0,0
14281,075023,549,7,0,0
14282,075023,634,11,0,0
14283,075023,643,11,0,0
14284,075023,544,7,0,0
14285,075023,622,11,0,0
14286,075023,631,11,0,0
14287,075023,563,7,0,0
14288,075023,610,11,0,0
14289,075023,620,11,0,0
14290,075023,557,7,0,0
14291,075023,641,11,0,0
14292,075023,610,11,0,0
14293,075023,549,7,0,0
14294,075023,634,11,0,0
14295,075023,643,11,0,0
14296,075023,544,7,0,0
14297,075023,622,11,0,0
14298,075023,631,11,0,0
14299,075023,563,7,0,0
14300,075023,610,11,0,0
14301,075023,620,11,0,0
14302,075023,557,7,0,0
14303,075023,641,11,0,0
14304,075023,610,11,0,0
14305,075023,549,7,0,0
14306,075023,634,11,0,0
14307,075023,643,11,0,0
14308,075023,544,7,0,0
14309,075023,622,11,0,0
14310,075023,631,11,0,0
14311,075023,563,7,0,0
14312,075023,610,11,0,0
14313,075023,620,11,0,0
14314,075023,557,7,0,0
14315,075023,641,11,0,0
14316,075023,610,11,0,0
14317,075023,549,7,0,0
14318,075023,634,11,0,0
14319,075023,643,11,0,0
14320,075023,548,7,0,0
14321,075023,624,11,0,0
14322,075023,633,11,0,0
14323,075023,567,7,0,0
14324,075023,614,11,0,0
14325,075023,622,11,0,0
14326,075023,559,7,0,0
14327,075023,645,11,0,0
14328,075023,614,11,0,0
14329,075023,552,7,0,0
14330,075023,635,11,0,0
14331,075023,647,11,0,0
14332,075023,548,7,0,0
14333,075023,624,11,0,0
14334,075023,633,11,0,0
14335,075023,567,7,0,0
14336,075023,614,11,0,0
14337,075023,622,11,0,0
14338,075023,559,7,0,0
14339,075023,645,11,0,0
14340,075023,614,11,0,0
14341,075023,552,7,0,0
14342,075023,635,11,0,0
14343,075023,647,11,0,0
14344,075023,548,7,0,0
14345,075023,624,11,0,0
14346,075023,633,11,0,0
14347,075023,567,7,0,0
14348,075023,614,11,0,0
14349,075023,622,11,0,0
14350,075023,559,7,0,0
14351,075023,645,11,0,0
14352,075023,614,11,0,0
14353,075023,552,7,0,0
14354,075023,635,11,0,0
14355,075023,647,11,0,0
14356,075023,548,7,0,0
14357,075023,624,11,0,0
14358,075023,633,11,0,0
14359,075023,567,7,0,0
14360,075023,614,11,0,0
14361,075023,622,11,0,0
14362,075023,559,7,0,0
14363,075023,645,11,0,0
14364,075023,614,11,0,0
14365,075023,552,7,0,0
14366,075023,635,11,0,0
14367,075023,647,11,0,0
14368,075023,525,9,0,0
14369,075023,603,13,0,0
14370,075023,541,9,0,0
14371,075023,549,9,0,0
14372,075023,592,13,0,0
14373,075023,530,9,0,0
14374,075023,541,9,0,0
14375,075023,627,13,0,0
14376,075023,525,9,0,0
14377,075023,531,9,0,0
14378,075023,617,13,0,0
14379,075023,549,9,0,0
14380,075023,524,9,0,0
14381,075023,602,13,0,0
14382,075023,541,9,0,0
14383,075023,549,9,0,0
14384,075023,592,13,0,0
14385,075023,530,9,0,0
14386,075023,541,9,0,0
14387,075023,627,13,0,0
14388,075023,525,9,0,0
14389,075023,531,9,0,0
14390,075023,617,13,0,0
14391,075023,549,9,0,0
14392,075023,524,9,0,0
14393,075023,602,13,0,0
14394,075023,541,9,0,0
14395,075023,549,9,0,0
14396,075023,592,13,0,0
14397,075023,530,9,0,0
14398,075023,541,9,0,0
14399,075023,627,13,0,0
14400,075023,525,9,0,0
14401,075023,531,9,0,0
14402,075023,617,13,0,0
14403,075023,549,9,0,0
14404,075023,524,9,0,0
14405,075023,602,13,0,0
14406,075023,541,9,0,0
14407,075023,549,9,0,0
14408,075023,592,13,0,0
14409,075023,530,9,0,0
14410,075023,541,9,0,0
14411,075023,627,13,0,0
14412,075023,525,9,0,0
14413,075023,531,9,0,0
14414,075023,617,13,0,0
14415,075023,549,9,0,0
14416,075023,543,7,0,0
14417,075023,621,11,0,0
14418,075023,631,11,0,0
14419,075023,563,7,0,0
14420,075023,610,11,0,0
14421,075023,620,11,0,0
14422,075023,557,7,0,0
14423,075023,641,11,0,0
14424,075023,610,11,0,0
14425,075023,549,7,0,0
14426,075023,634,11,0,0
14427,075023,643,11,0,0
14428,075023,544,7,0,0
14429,075023,622,11,0,0
14430,075023,631,11,0,0
14431,075023,563,7,0,0
14432,075023,610,11,0,0
14433,075023,620,11,0,0
14434,075023,557,7,0,0
14435,075023,641,11,0,0
14436,075023,610,11,0,0
14437,075023,549,7,0,0
14438,075023,634,11,0,0
14439,075023,643,11,0,0
14440,075023,544,7,0,0
14441,075023,622,11,0,0
14442,075023,631,11,0,0
14443,075023,563,7,0,0
14444,075023,610,11,0,0
14445,075023,620,11,0,0
14446,075023,557,7,0,0
14447,075023,641,11,0,0
14448,075023,610,11,0,0
14449,075023,549,7,0,0
14450,075023,634,11,0,0
14451,075023,643,11,0,0
14452,075023,544,7,0,0
14453,075023,622,11,0,0
14454,075023,631,11,0,0
14455,075023,563,7,0,0
14456,075023,610,11,0,0
14457,075023,620,11,0,0
14458,075023,557,7,0,0
14459,075023,641,11,0,0
14460,075023,610,11,0,0
14461,075023,549,7,0,0
14462,075023,634,11,0,0
14463,075023,643,11,0,0
14464,075023,562,9,0,0
14465,075023,638,13,0,0
14466,075023,577,9,0,0
14467,075023,587,9,0,0
14468,075023,630,13,0,0
14469,075023,568,9,0,0
14470,075023,579,9,0,0
14471,075023,667,13,0,0
14472,075023,562,9,0,0
14473,075023,568,9,0,0
14474,075023,655,13,0,0
14475,075023,587,9,0,0
14476,075023,562,9,0,0
14477,075023,638,13,0,0
14478,075023,577,9,0,0
14479,075023,587,9,0,0
14480,075023,630,13,0,0
14481,075023,568,9,0,0
14482,075023,579,9,0,0
14483,075023,667,13,0,0
14484,075023,562,9,0,0
14485,075023,568,9,0,0
14486,075023,655,13,0,0
14487,075023,587,9,0,0
14488,075023,562,9,0,0
14489,075023,638,13,0,0
14490,075023,577,9,0,0
14491,075023,587,9,0,0
14492,075023,630,13,0,0
14493,075023,568,9,0,0
14494,075023,579,9,0,0
14495,075023,667,13,0,0
14496,075023,562,9,0,0
14497,075023,568,9,0,0
14498,075023,655,13,0,0
14499,075023,587,9,0,0
14500,075023,562,9,0,0
14501,075023,638,13,0,0
14502,075023,577,9,0,0
14503,075023,587,9,0,0
14504,075023,630,13,0,0
14505,075023,568,9,0,0
14506,075023,579,9,0,0
14507,075023,667,13,0,0
14508,075023,562,9,0,0
14509,075023,568,9,0,0
14510,075023,655,13,0,0
14511,075023,587,9,0,0
14512,075023,221,7,0,0
14513,075023,299,11,0,0
14514,075023,309,11,0,0
14515,075023,241,7,0,0
14516,075023,288,11,0,0
14517,075023,298,11,0,0
14518,075023,235,7,0,0
14519,075023,321,11,0,0
14520,075023,289,11,0,0
14521,075023,227,7,0,0
14522,075023,309,11,0,0
14523,075023,319,11,0,0
14524,075023,221,7,0,0
14525,075023,299,11,0,0
14526,075023,309,11,0,0
14527,075023,241,7,0,0
14528,075023,288,11,0,0
14529,075023,298,11,0,0
14530,075023,235,7,0,0
14531,075023,321,11,0,0
14532,075023,289,11,0,0
14533,075023,227,7,0,0
14534,075023,309,11,0,0
14535,075023,319,11,0,0
14536,075023,221,7,0,0
14537,075023,299,11,0,0
14538,075023,309,11,0,0
14539,075023,241,7,0,0
14540,075023,288,11,0,0
14541,075023,298,11,0,0
14542,075023,235,7,0,0
14543,075023,321,11,0,0
14544,075023,289,11,0,0
14545,075023,227,7,0,0
14546,075023,309,11,0,0
14547,075023,319,11,0,0
14548,075023,221,7,0,0
14549,075023,299,11,0,0
14550,075023,309,11,0,0
14551,075023,241,7,0,0
14552,075023,288,11,0,0
14553,075023,298,11,0,0
14554,075023,235,7,0,0
14555,075023,321,11,0,0
14556,075023,289,11,0,0
14557,075023,227,7,0,0
14558,075023,309,11,0,0
14559,075023,319,11,0,0
14560,075023,220,7,0,0
14561,075023,298,11,0,0
14562,075023,307,11,0,0
14563,075023,239,7,0,0
14564,075023,286,11,0,0
14565,075023,296,11,0,0
14566,075023,233,7,0,0
14567,075023,317,11,0,0
14568,075023,286,11,0,0
14569,075023,225,7,0,0
14570,075023,310,11,0,0
14571,075023,319,11,0,0
14572,075023,220,7,0,0
14573,075023,298,11,0,0
14574,075023,307,11,0,0
14575,075023,239,7,0,0
14576,075023,286,11,0,0
14577,075023,296,11,0,0
14578,075023,233,7,0,0
14579,075023,317,11,0,0
14580,075023,286,11,0,0
14581,075023,225,7,0,0
14582,075023,310,11,0,0
14583,075023,319,11,0,0
14584,075023,220,7,0,0
14585,075023,298,11,0,0
14586,075023,307,11,0,0
14587,075023,239,7,0,0
14588,075023,286,11,0,0
14589,075023,296,11,0,0
14590,075023,233,7,0,0
14591,075023,317,11,0,0
14592,075023,286,11,0,0
14593,075023,225,7,0,0
14594,075023,310,11,0,0
14595,075023,319,11,0,0
14596,075023,220,7,0,0
14597,075023,298,11,0,0
14598,075023,307,11,0,0
14599,075023,239,7,0,0
14600,075023,286,11,0,0
14601,075023,296,11,0,0
14602,075023,233,7,0,0
14603,075023,317,11,0,0
14604,075023,286,11,0,0
14605,075023,225,7,0,0
14606,075023,310,11,0,0
14607,075023,319,11,0,0
14608,075033,684,7,0,0
14609,075033,762,11,0,0
14610,075033,771,11,0,0
14611,075033,703,7,0,0
14612,075033,750,11,0,0
14613,075033,760,11,0,0
14614,075033,697,7,0,0
14615,075033,781,11,0,0
14616,075033,750,11,0,0
14617,075033,689,7,0,0
14618,075033,774,11,0,0
14619,075033,783,11,0,0
14620,075033,684,7,0,0
14621,075033,762,11,0,0
14622,075033,771,11,0,0
14623,075033,703,7,0,0
14624,075033,750,11,0,0
14625,075033,760,11,0,0
14626,075033,697,7,0,0
14627,075033,781,11,0,0
14628,075033,750,11,0,0
14629,075033,689,7,0,0
14630,075033,774,11,0,0
14631,075033,783,11,0,0
14632,075033,684,7,0,0
14633,075033,762,11,0,0
14634,075033,771,11,0,0
14635,075033,703,7,0,0
14636,075033,750,11,0,0
14637,075033,760,11,0,0
14638,075033,697,7,0,0
14639,075033,781,11,0,0
14640,075033,750,11,0,0
14641,075033,689,7,0,0
14642,075033,774,11,0,0
14643,075033,783,11,0,0
14644,075033,684,7,0,0
14645,075033,762,11,0,0
14646,075033,771,11,0,0
14647,075033,703,7,0,0
14648,075033,750,11,0,0
14649,075033,760,11,0,0
14650,075033,697,7,0,0
14651,075033,781,11,0,0
14652,075033,750,11,0,0
14653,075033,689,7,0,0
14654,075033,774,11,0,0
14655,075033,783,11,0,0
14656,075033,693,7,0,0
14657,075033,771,11,0,0
14658,075033,781,11,0,0
14659,075033,713,7,0,0
14660,075033,760,11,0,0
14661,075033,770,11,0,0
14662,075033,707,7,0,0
14663,075033,793,11,0,0
14664,075033,761,11,0,0
14665,075033,699,7,0,0
14666,075033,781,11,0,0
14667,075033,791,11,0,0
14668,075033,693,7,0,0
14669,075033,771,11,0,0
14670,075033,781,11,0,0
14671,075033,713,7,0,0
14672,075033,760,11,0,0
14673,075033,770,11,0,0
14674,075033,707,7,0,0
14675,075033,793,11,0,0
14676,075033,761,11,0,0
14677,075033,699,7,0,0
14678,075033,781,11,0,0
14679,075033,791,11,0,0
14680,075033,693,7,0,0
14681,075033,771,11,0,0
14682,075033,781,11,0,0
14683,075033,713,7,0,0
14684,075033,760,11,0,0
14685,075033,770,11,0,0
14686,075033,707,7,0,0
14687,075033,793,11,0,0
14688,075033,761,11,0,0
14689,075033,699,7,0,0
14690,075033,781,11,0,0
14691,075033,791,11,0,0
14692,075033,693,7,0,0
14693,075033,771,11,0,0
14694,075033,781,11,0,0
14695,075033,713,7,0,0
14696,075033,760,11,0,0
14697,075033,770,11,0,0
14698,075033,707,7,0,0
14699,075033,793,11,0,0
14700,075033,761,11,0,0
14701,075033,699,7,0,0
14702,075033,781,11,0,0
14703,075033,791,11,0,0
14704,075033,684,7,0,0
14705,075033,762,11,0,0
14706,075033,771,11,0,0
14707,075033,703,7,0,0
14708,075033,750,11,0,0
14709,075033,760,11,0,0
14710,075033,697,7,0,0
14711,075033,781,11,0,0
14712,075033,750,11,0,0
14713,075033,689,7,0,0
14714,075033,774,11,0,0
14715,075033,783,11,0,0
14716,075033,684,7,0,0
14717,075033,762,11,0,0
14718,075033,771,11,0,0
14719,075033,703,7,0,0
14720,075033,750,11,0,0
14721,075033,760,11,0,0
14722,075033,697,7,0,0
14723,075033,781,11,0,0
14724,075033,750,11,0,0
14725,075033,689,7,0,0
14726,075033,774,11,0,0
14727,075033,783,11,0,0
14728,075033,684,7,0,0
14729,075033,762,11,0,0
14730,075033,771,11,0,0
14731,075033,703,7,0,0
14732,075033,750,11,0,0
14733,075033,760,11,0,0
14734,075033,697,7,0,0
14735,075033,781,11,0,0
14736,075033,750,11,0,0
14737,075033,689,7,0,0
14738,075033,774,11,0,0
14739,075033,783,11,0,0
14740,075033,684,7,0,0
14741,075033,762,11,0,0
14742,075033,771,11,0,0
14743,075033,703,7,0,0
14744,075033,750,11,0,0
14745,075033,760,11,0,0
14746,075033,697,7,0,0
14747,075033,781,11,0,0
14748,075033,750,11,0,0
14749,075033,689,7,0,0
14750,075033,774,11,0,0
14751,075033,783,11,0,0
14752,075033,684,7,0,0
14753,075033,762,11,0,0
14754,075033,771,11,0,0
14755,075033,703,7,0,0
14756,075033,750,11,0,0
14757,075033,760,11,0,0
14758,075033,697,7,0,0
14759,075033,781,11,0,0
14760,075033,750,11,0,0
14761,075033,689,7,0,0
14762,075033,774,11,0,0
14763,075033,783,11,0,0
14764,075033,684,7,0,0
14765,075033,762,11,0,0
14766,075033,771,11,0,0
14767,075033,703,7,0,0
14768,075033,750,11,0,0
14769,075033,760,11,0,0
14770,075033,697,7,0,0
14771,075033,781,11,0,0
14772,075033,750,11,0,0
14773,075033,689,7,0,0
14774,075033,774,11,0,0
14775,075033,783,11,0,0
14776,075033,684,7,0,0
14777,075033,762,11,0,0
14778,075033,771,11,0,0
14779,075033,703,7,0,0
14780,075033,750,11,0,0
14781,075033,760,11,0,0
14782,075033,697,7,0,0
14783,075033,781,11,0,0
14784,075033,750,11,0,0
14785,075033,689,7,0,0
14786,075033,774,11,0,0
14787,075033,783,11,0,0
14788,075033,684,7,0,0
14789,075033,762,11,0,0
14790,075033,771,11,0,0
14791,075033,703,7,0,0
14792,075033,750,11,0,0
14793,075033,760,11,0,0
14794,075033,697,7,0,0
14795,075033,781,11,0,0
14796,075033,750,11,0,0
14797,075033,689,7,0,0
14798,075033,774,11,0,0
14799,075033,783,11,0,0
14800,075033,684,7,0,0
14801,075033,762,11,0,0
14802,075033,771,11,0,0
14803,075033,703,7,0,0
14804,075033,750,11,0,0
14805,075033,760,11,0,0
14806,075033,697,7,0,0
14807,075033,781,11,0,0
14808,075033,750,11,0,0
14809,075033,689,7,0,0
14810,075033,774,11,0,0
14811,075033,783,11,0,0
14812,075033,684,7,0,0
14813,075033,762,11,0,0
14814,075033,771,11,0,0
14815,075033,703,7,0,0
14816,075033,750,11,0,0
14817,075033,760,11,0,0
14818,075033,697,7,0,0
14819,075033,781,11,0,0
14820,075033,750,11,0,0
14821,075033,689,7,0,0
14822,075033,774,11,0,0
14823,075033,783,11,0,0
14824,075033,684,7,0,0
14825,075033,762,11,0,0
14826,075033,771,11,0,0
14827,075033,703,7,0,0
14828,075033,750,11,0,0
14829,075033,760,11,0,0
14830,075033,697,7,0,0
14831,075033,781,11,0,0
14832,075033,750,11,0,0
14833,075033,689,7,0,0
14834,075033,774,11,0,0
14835,075033,783,11,0,0
14836,075033,684,7,0,0
14837,075033,762,11,0,0
14838,075033,771,11,0,0
14839,075033,703,7,0,0
14840,075033,750,11,0,0
14841,075033,760,11,0,0
14842,075033,697,7,0,0
14843,075033,781,11,0,0
14844,075033,750,11,0,0
14845,075033,689,7,0,0
14846,075033,774,11,0,0
14847,075033,783,11,0,0
14848,075033,249,9,0,0
14849,075033,327,13,0,0
14850,075033,265,9,0,0
14851,075033,273,9,0,0
14852,075033,316,13,0,0
14853,075033,254,9,0,0
14854,075033,265,9,0,0
14855,075033,351,13,0,0
14856,075033,249,9,0,0
14857,075033,255,9,0,0
14858,075033,341,13,0,0
14859,075033,273,9,0,0
14860,075033,248,9,0,0
14861,075033,326,13,0,0
14862,075033,265,9,0,0
14863,075033,273,9,0,0
14864,075033,316,13,0,0
14865,075033,254,9,0,0
14866,075033,265,9,0,0
14867,075033,351,13,0,0
14868,075033,249,9,0,0
14869,075033,255,9,0,0
14870,075033,341,13,0,0
14871,075033,273,9,0,0
14872,075033,248,9,0,0
14873,075033,326,13,0,0
14874,075033,265,9,0,0
14875,075033,273,9,0,0
14876,075033,316,13,0,0
14877,075033,254,9,0,0
14878,075033,265,9,0,0
14879,075033,351,13,0,0
14880,075033,249,9,0,0
14881,075033,255,9,0,0
14882,075033,341,13,0,0
14883,075033,273,9,0,0
14884,075033,248,9,0,0
14885,075033,326,13,0,0
14886,075033,265,9,0,0
14887,075033,273,9,0,0
14888,075033,316,13,0,0
14889,075033,254,9,0,0
14890,075033,265,9,0,0
14891,075033,351,13,0,0
14892,075033,249,9,0,0
14893,075033,255,9,0,0
14894,075033,341,13,0,0
14895,075033,273,9,0,0
14896,075033,248,9,0,0
14897,075033,326,13,0,0
14898,075033,265,9,0,0
14899,075033,275,9,0,0
14900,075033,318,13,0,0
14901,075033,254,9,0,0
14902,075033,265,9,0,0
14903,075033,355,13,0,0
14904,075033,250,9,0,0
14905,075033,254,9,0,0
14906,075033,341,13,0,0
14907,075033,275,9,0,0
14908,075033,250,9,0,0
14909,075033,326,13,0,0
14910,075033,265,9,0,0
14911,075033,275,9,0,0
14912,075033,318,13,0,0
14913,075033,254,9,0,0
14914,075033,265,9,0,0
14915,075033,355,13,0,0
14916,075033,250,9,0,0
14917,075033,254,9,0,0
14918,075033,341,13,0,0
14919,075033,275,9,0,0
14920,075033,250,9,0,0
14921,075033,326,13,0,0
14922,075033,265,9,0,0
14923,075033,275,9,0,0
14924,075033,318,13,0,0
14925,075033,254,9,0,0
14926,075033,265,9,0,0
14927,075033,355,13,0,0
14928,075033,250,9,0,0
14929,075033,254,9,0,0
14930,075033,341,13,0,0
14931,075033,275,9,0,0
14932,075033,250,9,0,0
14933,075033,326,13,0,0
14934,075033,265,9,0,0
14935,075033,275,9,0,0
14936,075033,318,13,0,0
14937,075033,254,9,0,0
14938,075033,265,9,0,0
14939,075033,355,13,0,0
14940,075033,250,9,0,0
14941,075033,254,9,0,0
14942,075033,341,13,0,0
14943,075033,275,9,0,0
14944,075004,344,7,0,0
14945,075004,420,11,0,0
14946,075004,429,11,0,0
14947,075004,363,7,0,0
14948,075004,410,11,0,0
14949,075004,418,11,0,0
14950,075004,355,7,0,0
14951,075004,441,11,0,0
14952,075004,410,11,0,0
14953,075004,348,7,0,0
14954,075004,431,11,0,0
14955,075004,443,11,0,0
14956,075004,344,7,0,0
14957,075004,420,11,0,0
14958,075004,429,11,0,0
14959,075004,363,7,0,0
14960,075004,410,11,0,0
14961,075004,418,11,0,0
14962,075004,355,7,0,0
14963,075004,441,11,0,0
14964,075004,410,11,0,0
14965,075004,348,7,0,0
14966,075004,431,11,0,0
14967,075004,443,11,0,0
14968,075004,344,7,0,0
14969,075004,420,11,0,0
14970,075004,429,11,0,0
14971,075004,363,7,0,0
14972,075004,410,11,0,0
14973,075004,418,11,0,0
14974,075004,355,7,0,0
14975,075004,441,11,0,0
14976,075004,410,11,0,0
14977,075004,348,7,0,0
14978,075004,431,11,0,0
14979,075004,443,11,0,0
14980,075004,344,7,0,0
14981,075004,420,11,0,0
14982,075004,429,11,0,0
14983,075004,363,7,0,0
14984,075004,410,11,0,0
14985,075004,418,11,0,0
14986,075004,355,7,0,0
14987,075004,441,11,0,0
14988,075004,410,11,0,0
14989,075004,348,7,0,0
14990,075004,431,11,0,0
14991,075004,443,11,0,0
14992,075004,369,7,0,0
14993,075004,447,11,0,0
14994,075004,457,11,0,0
14995,075004,389,7,0,0
14996,075004,436,11,0,0
14997,075004,446,11,0,0
14998,075004,383,7,0,0
14999,075004,469,11,0,0
15000,075004,437,11,0,0
15001,075004,375,7,0,0
15002,075004,457,11,0,0
15003,075004,467,11,0,0
15004,075004,369,7,0,0
15005,075004,447,11,0,0
15006,075004,457,11,0,0
15007,075004,389,7,0,0
15008,075004,436,11,0,0
15009,075004,446,11,0,0
15010,075004,383,7,0,0
15011,075004,469,11,0,0
15012,075004,437,11,0,0
15013,075004,375,7,0,0
15014,075004,457,11,0,0
15015,075004,467,11,0,0
15016,075004,369,7,0,0
15017,075004,447,11,0,0
15018,075004,457,11,0,0
15019,075004,389,7,0,0
15020,075004,436,11,0,0
15021,075004,446,11,0,0
15022,075004,383,7,0,0
15023,075004,469,11,0,0
15024,075004,437,11,0,0
15025,075004,375,7,0,0
15026,075004,457,11,0,0
15027,075004,467,11,0,0
15028,075004,369,7,0,0
15029,075004,447,11,0,0
15030,075004,457,11,0,0
15031,075004,389,7,0,0
15032,075004,436,11,0,0
15033,075004,446,11,0,0
15034,075004,383,7,0,0
15035,075004,469,11,0,0
15036,075004,437,11,0,0
15037,075004,375,7,0,0
15038,075004,457,11,0,0
15039,075004,467,11,0,0
15040,075004,344,7,0,0
15041,075004,420,11,0,0
15042,075004,429,11,0,0
15043,075004,363,7,0,0
15044,075004,410,11,0,0
15045,075004,418,11,0,0
15046,075004,355,7,0,0
15047,075004,441,11,0,0
15048,075004,410,11,0,0
15049,075004,348,7,0,0
15050,075004,431,11,0,0
15051,075004,443,11,0,0
15052,075004,344,7,0,0
15053,075004,420,11,0,0
15054,075004,429,11,0,0
15055,075004,363,7,0,0
15056,075004,410,11,0,0
15057,075004,418,11,0,0
15058,075004,355,7,0,0
15059,075004,441,11,0,0
15060,075004,410,11,0,0
15061,075004,348,7,0,0
15062,075004,431,11,0,0
15063,075004,443,11,0,0
15064,075004,344,7,0,0
15065,075004,420,11,0,0
15066,075004,429,11,0,0
15067,075004,363,7,0,0
15068,075004,410,11,0,0
15069,075004,418,11,0,0
15070,075004,355,7,0,0
15071,075004,441,11,0,0
15072,075004,410,11,0,0
15073,075004,348,7,0,0
15074,075004,431,11,0,0
15075,075004,443,11,0,0
15076,075004,344,7,0,0
15077,075004,420,11,0,0
15078,075004,429,11,0,0
15079,075004,363,7,0,0
15080,075004,410,11,0,0
15081,075004,418,11,0,0
15082,075004,355,7,0,0
15083,075004,441,11,0,0
15084,075004,410,11,0,0
15085,075004,348,7,0,0
15086,075004,431,11,0,0
15087,075004,443,11,0,0
15088,075004,328,7,0,0
15089,075004,406,11,0,0
15090,075004,415,11,0,0
15091,075004,347,7,0,0
15092,075004,394,11,0,0
15093,075004,404,11,0,0
15094,075004,341,7,0,0
15095,075004,425,11,0,0
15096,075004,394,11,0,0
15097,075004,333,7,0,0
15098,075004,418,11,0,0
15099,075004,427,11,0,0
15100,075004,328,7,0,0
15101,075004,406,11,0,0
15102,075004,415,11,0,0
15103,075004,347,7,0,0
15104,075004,394,11,0,0
15105,075004,404,11,0,0
15106,075004,341,7,0,0
15107,075004,425,11,0,0
15108,075004,394,11,0,0
15109,075004,333,7,0,0
15110,075004,418,11,0,0
15111,075004,427,11,0,0
15112,075004,328,7,0,0
15113,075004,406,11,0,0
15114,075004,415,11,0,0
15115,075004,347,7,0,0
15116,075004,394,11,0,0
15117,075004,404,11,0,0
15118,075004,341,7,0,0
15119,075004,425,11,0,0
15120,075004,394,11,0,0
15121,075004,333,7,0,0
15122,075004,418,11,0,0
15123,075004,427,11,0,0
15124,075004,328,7,0,0
15125,075004,406,11,0,0
15126,075004,415,11,0,0
15127,075004,347,7,0,0
15128,075004,394,11,0,0
15129,075004,404,11,0,0
15130,075004,341,7,0,0
15131,075004,425,11,0,0
15132,075004,394,11,0,0
15133,075004,333,7,0,0
15134,075004,418,11,0,0
15135,075004,427,11,0,0
15136,075004,322,9,0,0
15137,075004,398,13,0,0
15138,075004,337,9,0,0
15139,075004,347,9,0,0
15140,075004,390,13,0,0
15141,075004,326,9,0,0
15142,075004,337,9,0,0
15143,075004,427,13,0,0
15144,075004,322,9,0,0
15145,075004,326,9,0,0
15146,075004,413,13,0,0
15147,075004,347,9,0,0
15148,075004,322,9,0,0
15149,075004,398,13,0,0
15150,075004,337,9,0,0
15151,075004,347,9,0,0
15152,075004,390,13,0,0
15153,075004,326,9,0,0
15154,075004,337,9,0,0
15155,075004,427,13,0,0
15156,075004,322,9,0,0
15157,075004,326,9,0,0
15158,075004,413,13,0,0
15159,075004,347,9,0,0
15160,075004,322,9,0,0
15161,075004,398,13,0,0
15162,075004,337,9,0,0
15163,075004,347,9,0,0
15164,075004,390,13,0,0
15165,075004,326,9,0,0
15166,075004,337,9,0,0
15167,075004,427,13,0,0
15168,075004,322,9,0,0
15169,075004,326,9,0,0
15170,075004,413,13,0,0
15171,075004,347,9,0,0
15172,075004,322,9,0,0
15173,075004,398,13,0,0
15174,075004,337,9,0,0
15175,075004,347,9,0,0
15176,075004,390,13,0,0
15177,075004,326,9,0,0
15178,075004,337,9,0,0
15179,075004,427,13,0,0
15180,075004,322,9,0,0
15181,075004,326,9,0,0
15182,075004,413,13,0,0
15183,075004,347,9,0,0
15184,075004,337,7,0,0
15185,075004,415,11,0,0
15186,075004,425,11,0,0
15187,075004,357,7,0,0
15188,075004,404,11,0,0
15189,075004,414,11,0,0
15190,075004,351,7,0,0
15191,075004,437,11,0,0
15192,075004,405,11,0,0
15193,075004,343,7,0,0
15194,075004,425,11,0,0
15195,075004,435,11,0,0
15196,075004,337,7,0,0
15197,075004,415,11,0,0
15198,075004,425,11,0,0
15199,075004,357,7,0,0
15200,075004,404,11,0,0
15201,075004,414,11,0,0
15202,075004,351,7,0,0
15203,075004,437,11,0,0
15204,075004,405,11,0,0
15205,075004,343,7,0,0
15206,075004,425,11,0,0
15207,075004,435,11,0,0
15208,075004,337,7,0,0
15209,075004,415,11,0,0
15210,075004,425,11,0,0
15211,075004,357,7,0,0
15212,075004,404,11,0,0
15213,075004,414,11,0,0
15214,075004,351,7,0,0
15215,075004,437,11,0,0
15216,075004,405,11,0,0
15217,075004,343,7,0,0
15218,075004,425,11,0,0
15219,075004,435,11,0,0
15220,075004,337,7,0,0
15221,075004,415,11,0,0
15222,075004,425,11,0,0
15223,075004,357,7,0,0
15224,075004,404,11,0,0
15225,075004,414,11,0,0
15226,075004,351,7,0,0
15227,075004,437,11,0,0
15228,075004,405,11,0,0
15229,075004,343,7,0,0
15230,075004,425,11,0,0
15231,075004,435,11,0,0
15232,075004,249,7,0,0
15233,075004,327,11,0,0
15234,075004,337,11,0,0
15235,075004,269,7,0,0
15236,075004,316,11,0,0
15237,075004,326,11,0,0
15238,075004,263,7,0,0
15239,075004,349,11,0,0
15240,075004,317,11,0,0
15241,075004,255,7,0,0
15242,075004,337,11,0,0
15243,075004,347,11,0,0
15244,075004,249,7,0,0
15245,075004,327,11,0,0
15246,075004,337,11,0,0
15247,075004,269,7,0,0
15248,075004,316,11,0,0
15249,075004,326,11,0,0
15250,075004,263,7,0,0
15251,075004,349,11,0,0
15252,075004,317,11,0,0
15253,075004,255,7,0,0
15254,075004,337,11,0,0
15255,075004,347,11,0,0
15256,075004,249,7,0,0
15257,075004,327,11,0,0
15258,075004,337,11,0,0
15259,075004,269,7,0,0
15260,075004,316,11,0,0
15261,075004,326,11,0,0
15262,075004,263,7,0,0
15263,075004,349,11,0,0
15264,075004,317,11,0,0
15265,075004,255,7,0,0
15266,075004,337,11,0,0
15267,075004,347,11,0,0
15268,075004,249,7,0,0
15269,075004,327,11,0,0
15270,075004,337,11,0,0
15271,075004,269,7,0,0
15272,075004,316,11,0,0
15273,075004,326,11,0,0
15274,075004,263,7,0,0
15275,075004,349,11,0,0
15276,075004,317,11,0,0
15277,075004,255,7,0,0
15278,075004,337,11,0,0
15279,075004,347,11,0,0
15280,075014,252,7,0,0
15281,075014,330,11,0,0
15282,075014,339,11,0,0
15283,075014,271,7,0,0
15284,075014,318,11,0,0
15285,075014,328,11,0,0
15286,075014,265,7,0,0
15287,075014,349,11,0,0
15288,075014,318,11,0,0
15289,075014,257,7,0,0
15290,075014,342,11,0,0
15291,075014,351,11,0,0
15292,075014,252,7,0,0
15293,075014,330,11,0,0
15294,075014,339,11,0,0
15295,075014,271,7,0,0
15296,075014,318,11,0,0
15297,075014,328,11,0,0
15298,075014,265,7,0,0
15299,075014,349,11,0,0
15300,075014,318,11,0,0
15301,075014,257,7,0,0
15302,075014,342,11,0,0
15303,075014,351,11,0,0
15304,075014,252,7,0,0
15305,075014,330,11,0,0
15306,075014,339,11,0,0
15307,075014,271,7,0,0
15308,075014,318,11,0,0
15309,075014,328,11,0,0
15310,075014,265,7,0,0
15311,075014,349,11,0,0
15312,075014,318,11,0,0
15313,075014,257,7,0,0
15314,075014,342,11,0,0
15315,075014,351,11,0,0
15316,075014,252,7,0,0
15317,075014,330,11,0,0
15318,075014,339,11,0,0
15319,075014,271,7,0,0
15320,075014,318,11,0,0
15321,075014,328,11,0,0
15322,075014,265,7,0,0
15323,075014,349,11,0,0
15324,075014,318,11,0,0
15325,075014,257,7,0,0
15326,075014,342,11,0,0
15327,075014,351,11,0,0
15328,075014,360,7,0,0
15329,075014,438,11,0,0
15330,075014,447,11,0,0
15331,075014,379,7,0,0
15332,075014,426,11,0,0
15333,075014,436,11,0,0
15334,075014,373,7,0,0
15335,075014,457,11,0,0
15336,075014,426,11,0,0
15337,075014,365,7,0,0
15338,075014,450,11,0,0
15339,075014,459,11,0,0
15340,075014,360,7,0,0
15341,075014,438,11,0,0
15342,075014,447,11,0,0
15343,075014,379,7,0,0
15344,075014,426,11,0,0
15345,075014,436,11,0,0
15346,075014,373,7,0,0
15347,075014,457,11,0,0
15348,075014,426,11,0,0
15349,075014,365,7,0,0
15350,075014,450,11,0,0
15351,075014,459,11,0,0
15352,075014,360,7,0,0
15353,075014,438,11,0,0
15354,075014,447,11,0,0
15355,075014,379,7,0,0
15356,075014,426,11,0,0
15357,075014,436,11,0,0
15358,075014,373,7,0,0
15359,075014,457,11,0,0
15360,075014,426,11,0,0
15361,075014,365,7,0,0
15362,075014,450,11,0,0
15363,075014,459,11,0,0
15364,075014,360,7,0,0
15365,075014,438,11,0,0
15366,075014,447,11,0,0
15367,075014,379,7,0,0
15368,075014,426,11,0,0
15369,075014,436,11,0,0
15370,075014,373,7,0,0
15371,075014,457,11,0,0
15372,075014,426,11,0,0
15373,075014,365,7,0,0
15374,075014,450,11,0,0
15375,075014,459,11,0,0
15376,075014,429,7,0,0
15377,075014,507,11,0,0
15378,075014,517,11,0,0
15379,075014,449,7,0,0
15380,075014,496,11,0,0
15381,075014,506,11,0,0
15382,075014,443,7,0,0
15383,075014,529,11,0,0
15384,075014,497,11,0,0
15385,075014,435,7,0,0
15386,075014,517,11,0,0
15387,075014,527,11,0,0
15388,075014,429,7,0,0
15389,075014,507,11,0,0
15390,075014,517,11,0,0
15391,075014,449,7,0,0
15392,075014,496,11,0,0
15393,075014,506,11,0,0
15394,075014,443,7,0,0
15395,075014,529,11,0,0
15396,075014,497,11,0,0
15397,075014,435,7,0,0
15398,075014,517,11,0,0
15399,075014,527,11,0,0
15400,075014,429,7,0,0
15401,075014,507,11,0,0
15402,075014,517,11,0,0
15403,075014,449,7,0,0
15404,075014,496,11,0,0
15405,075014,506,11,0,0
15406,075014,443,7,0,0
15407,075014,529,11,0,0
15408,075014,497,11,0,0
15409,075014,435,7,0,0
15410,075014,517,11,0,0
15411,075014,527,11,0,0
15412,075014,429,7,0,0
15413,075014,507,11,0,0
15414,075014,517,11,0,0
15415,075014,449,7,0,0
15416,075014,496,11,0,0
15417,075014,506,11,0,0
15418,075014,443,7,0,0
15419,075014,529,11,0,0
15420,075014,497,11,0,0
15421,075014,435,7,0,0
15422,075014,517,11,0,0
15423,075014,527,11,0,0
15424,075014,337,7,0,0
15425,075014,415,11,0,0
15426,075014,425,11,0,0
15427,075014,357,7,0,0
15428,075014,404,11,0,0
15429,075014,414,11,0,0
15430,075014,351,7,0,0
15431,075014,437,11,0,0
15432,075014,405,11,0,0
15433,075014,343,7,0,0
15434,075014,425,11,0,0
15435,075014,435,11,0,0
15436,075014,337,7,0,0
15437,075014,415,11,0,0
15438,075014,425,11,0,0
15439,075014,357,7,0,0
15440,075014,404,11,0,0
15441,075014,414,11,0,0
15442,075014,351,7,0,0
15443,075014,437,11,0,0
15444,075014,405,11,0,0
15445,075014,343,7,0,0
15446,075014,425,11,0,0
15447,075014,435,11,0,0
15448,075014,337,7,0,0
15449,075014,415,11,0,0
15450,075014,425,11,0,0
15451,075014,357,7,0,0
15452,075014,404,11,0,0
15453,075014,414,11,0,0
15454,075014,351,7,0,0
15455,075014,437,11,0,0
15456,075014,405,11,0,0
15457,075014,343,7,0,0
15458,075014,425,11,0,0
15459,075014,435,11,0,0
15460,075014,337,7,0,0
15461,075014,415,11,0,0
15462,075014,425,11,0,0
15463,075014,357,7,0,0
15464,075014,404,11,0,0
15465,075014,414,11,0,0
15466,075014,351,7,0,0
15467,075014,437,11,0,0
15468,075014,405,11,0,0
15469,075014,343,7,0,0
15470,075014,425,11,0,0
15471,075014,435,11,0,0
15472,075014,252,7,0,0
15473,075014,330,11,0,0
15474,075014,339,11,0,0
15475,075014,271,7,0,0
15476,075014,318,11,0,0
15477,075014,328,11,0,0
15478,075014,265,7,0,0
15479,075014,349,11,0,0
15480,075014,318,11,0,0
15481,075014,257,7,0,0
15482,075014,342,11,0,0
15483,075014,351,11,0,0
15484,075014,252,7,0,0
15485,075014,330,11,0,0
15486,075014,339,11,0,0
15487,075014,271,7,0,0
15488,075014,318,11,0,0
15489,075014,328,11,0,0
15490,075014,265,7,0,0
15491,075014,349,11,0,0
15492,075014,318,11,0,0
15493,075014,257,7,0,0
15494,075014,342,11,0,0
15495,075014,351,11,0,0
15496,075014,252,7,0,0
15497,075014,330,11,0,0
15498,075014,339,11,0,0
15499,075014,271,7,0,0
15500,075014,318,11,0,0
15501,075014,328,11,0,0
15502,075014,265,7,0,0
15503,075014,349,11,0,0
15504,075014,318,11,0,0
15505,075014,257,7,0,0
15506,075014,342,11,0,0
15507,075014,351,11,0,0
15508,075014,252,7,0,0
15509,075014,330,11,0,0
15510,075014,339,11,0,0
15511,075014,271,7,0,0
15512,075014,318,11,0,0
15513,075014,328,11,0,0
15514,075014,265,7,0,0
15515,075014,349,11,0,0
15516,075014,318,11,0,0
15517,075014,257,7,0,0
15518,075014,342,11,0,0
15519,075014,351,11,0,0
15520,075014,340,7,0,0
15521,075014,418,11,0,0
15522,075014,427,11,0,0
15523,075014,359,7,0,0
15524,075014,406,11,0,0
15525,075014,416,11,0,0
15526,075014,353,7,0,0
15527,075014,437,11,0,0
15528,075014,406,11,0,0
15529,075014,345,7,0,0
15530,075014,430,11,0,0
15531,075014,439,11,0,0
15532,075014,340,7,0,0
15533,075014,418,11,0,0
15534,075014,427,11,0,0
15535,075014,359,7,0,0
15536,075014,406,11,0,0
15537,075014,416,11,0,0
15538,075014,353,7,0,0
15539,075014,437,11,0,0
15540,075014,406,11,0,0
15541,075014,345,7,0,0
15542,075014,430,11,0,0
15543,075014,439,11,0,0
15544,075014,340,7,0,0
15545,075014,418,11,0,0
15546,075014,427,11,0,0
15547,075014,359,7,0,0
15548,075014,406,11,0,0
15549,075014,416,11,0,0
15550,075014,353,7,0,0
15551,075014,437,11,0,0
15552,075014,406,11,0,0
15553,075014,345,7,0,0
15554,075014,430,11,0,0
15555,075014,439,11,0,0
15556,075014,340,7,0,0
15557,075014,418,11,0,0
15558,075014,427,11,0,0
15559,075014,359,7,0,0
15560,075014,406,11,0,0
15561,075014,416,11,0,0
15562,075014,353,7,0,0
15563,075014,437,11,0,0
15564,075014,406,11,0,0
15565,075014,345,7,0,0
15566,075014,430,11,0,0
15567,075014,439,11,0,0
15568,075014,252,7,0,0
15569,075014,330,11,0,0
15570,075014,339,11,0,0
15571,075014,271,7,0,0
15572,075014,318,11,0,0
15573,075014,328,11,0,0
15574,075014,265,7,0,0
15575,075014,349,11,0,0
15576,075014,318,11,0,0
15577,075014,257,7,0,0
15578,075014,342,11,0,0
15579,075014,351,11,0,0
15580,075014,252,7,0,0
15581,075014,330,11,0,0
15582,075014,339,11,0,0
15583,075014,271,7,0,0
15584,075014,318,11,0,0
15585,075014,328,11,0,0
15586,075014,265,7,0,0
15587,075014,349,11,0,0
15588,075014,318,11,0,0
15589,075014,257,7,0,0
15590,075014,342,11,0,0
15591,075014,351,11,0,0
15592,075014,252,7,0,0
15593,075014,330,11,0,0
15594,075014,339,11,0,0
15595,075014,271,7,0,0
15596,075014,318,11,0,0
15597,075014,328,11,0,0
15598,075014,265,7,0,0
15599,075014,349,11,0,0
15600,075014,318,11,0,0
15601,075014,257,7,0,0
15602,075014,342,11,0,0
15603,075014,351,11,0,0
15604,075014,252,7,0,0
15605,075014,330,11,0,0
15606,075014,339,11,0,0
15607,075014,271,7,0,0
15608,075014,318,11,0,0
15609,075014,328,11,0,0
15610,075014,265,7,0,0
15611,075014,349,11,0,0
15612,075014,318,11,0,0
15613,075014,257,7,0,0
15614,075014,342,11,0,0
15615,075014,351,11,0,0
15616,075024,544,7,0,0
15617,075024,622,11,0,0
15618,075024,631,11,0,0
15619,075024,563,7,0,0
15620,075024,610,11,0,0
15621,075024,620,11,0,0
15622,075024,557,7,0,0
15623,075024,641,11,0,0
15624,075024,610,11,0,0
15625,075024,549,7,0,0
15626,075024,634,11,0,0
15627,075024,643,11,0,0
15628,075024,544,7,0,0
15629,075024,622,11,0,0
15630,075024,631,11,0,0
15631,075024,563,7,0,0
15632,075024,610,11,0,0
15633,075024,620,11,0,0
15634,075024,557,7,0,0
15635,075024,641,11,0,0
15636,075024,610,11,0,0
15637,075024,549,7,0,0
15638,075024,634,11,0,0
15639,075024,643,11,0,0
15640,075024,544,7,0,0
15641,075024,622,11,0,0
15642,075024,631,11,0,0
15643,075024,563,7,0,0
15644,075024,610,11,0,0
15645,075024,620,11,0,0
15646,075024,557,7,0,0
15647,075024,641,11,0,0
15648,075024,610,11,0,0
15649,075024,549,7,0,0
15650,075024,634,11,0,0
15651,075024,643,11,0,0
15652,075024,544,7,0,0
15653,075024,622,11,0,0
15654,075024,631,11,0,0
15655,075024,563,7,0,0
15656,075024,610,11,0,0
15657,075024,620,11,0,0
15658,075024,557,7,0,0
15659,075024,641,11,0,0
15660,075024,610,11,0,0
15661,075024,549,7,0,0
15662,075024,634,11,0,0
15663,075024,643,11,0,0
15664,075024,548,7,0,0
15665,075024,624,11,0,0
15666,075024,633,11,0,0
15667,075024,567,7,0,0
15668,075024,614,11,0,0
15669,075024,622,11,0,0
15670,075024,559,7,0,0
15671,075024,645,11,0,0
15672,075024,614,11,0,0
15673,075024,552,7,0,0
15674,075024,635,11,0,0
15675,075024,647,11,0,0
15676,075024,548,7,0,0
15677,075024,624,11,0,0
15678,075024,633,11,0,0
15679,075024,567,7,0,0
15680,075024,614,11,0,0
15681,075024,622,11,0,0
15682,075024,559,7,0,0
15683,075024,645,11,0,0
15684,075024,614,11,0,0
15685,075024,552,7,0,0
15686,075024,635,11,0,0
15687,075024,647,11,0,0
15688,075024,548,7,0,0
15689,075024,624,11,0,0
15690,075024,633,11,0,0
15691,075024,567,7,0,0
15692,075024,614,11,0,0
15693,075024,622,11,0,0
15694,075024,559,7,0,0
15695,075024,645,11,0,0
15696,075024,614,11,0,0
15697,075024,552,7,0,0
15698,075024,635,11,0,0
15699,075024,647,11,0,0
15700,075024,548,7,0,0
15701,075024,624,11,0,0
15702,075024,633,11,0,0
15703,075024,567,7,0,0
15704,075024,614,11,0,0
15705,075024,622,11,0,0
15706,075024,559,7,0,0
15707,075024,645,11,0,0
15708,075024,614,11,0,0
15709,075024,552,7,0,0
15710,075024,635,11,0,0
15711,075024,647,11,0,0
15712,075024,525,9,0,0
15713,075024,603,13,0,0
15714,075024,541,9,0,0
15715,075024,549,9,0,0
15716,075024,592,13,0,0
15717,075024,530,9,0,0
15718,075024,541,9,0,0
15719,075024,627,13,0,0
15720,075024,525,9,0,0
15721,075024,531,9,0,0
15722,075024,617,13,0,0
15723,075024,549,9,0,0
15724,075024,524,9,0,0
15725,075024,602,13,0,0
15726,075024,541,9,0,0
15727,075024,549,9,0,0
15728,075024,592,13,0,0
15729,075024,530,9,0,0
15730,075024,541,9,0,0
15731,075024,627,13,0,0
15732,075024,525,9,0,0
15733,075024,531,9,0,0
15734,075024,617,13,0,0
15735,075024,549,9,0,0
15736,075024,524,9,0,0
15737,075024,602,13,0,0
15738,075024,541,9,0,0
15739,075024,549,9,0,0
15740,075024,592,13,0,0
15741,075024,530,9,0,0
15742,075024,541,9,0,0
15743,075024,627,13,0,0
15744,075024,525,9,0,0
15745,075024,531,9,0,0
15746,075024,617,13,0,0
15747,075024,549,9,0,0
15748,075024,524,9,0,0
15749,075024,602,13,0,0
15750,075024,541,9,0,0
15751,075024,549,9,0,0
15752,075024,592,13,0,0
15753,075024,530,9,0,0
15754,075024,541,9,0,0
15755,075024,627,13,0,0
15756,075024,525,9,0,0
15757,075024,531,9,0,0
15758,075024,617,13,0,0
15759,075024,549,9,0,0
15760,075024,543,7,0,0
15761,075024,621,11,0,0
15762,075024,631,11,0,0
15763,075024,563,7,0,0
15764,075024,610,11,0,0
15765,075024,620,11,0,0
15766,075024,557,7,0,0
15767,075024,641,11,0,0
15768,075024,610,11,0,0
15769,075024,549,7,0,0
15770,075024,634,11,0,0
15771,075024,643,11,0,0
15772,075024,544,7,0,0
15773,075024,622,11,0,0
15774,075024,631,11,0,0
15775,075024,563,7,0,0
15776,075024,610,11,0,0
15777,075024,620,11,0,0
15778,075024,557,7,0,0
15779,075024,641,11,0,0
15780,075024,610,11,0,0
15781,075024,549,7,0,0
15782,075024,634,11,0,0
15783,075024,643,11,0,0
15784,075024,544,7,0,0
15785,075024,622,11,0,0
15786,075024,631,11,0,0
15787,075024,563,7,0,0
15788,075024,610,11,0,0
15789,075024,620,11,0,0
15790,075024,557,7,0,0
15791,075024,641,11,0,0
15792,075024,610,11,0,0
15793,075024,549,7,0,0
15794,075024,634,11,0,0
15795,075024,643,11,0,0
15796,075024,544,7,0,0
15797,075024,622,11,0,0
15798,075024,631,11,0,0
15799,075024,563,7,0,0
15800,075024,610,11,0,0
15801,075024,620,11,0,0
15802,075024,557,7,0,0
15803,075024,641,11,0,0
15804,075024,610,11,0,0
15805,075024,549,7,0,0
15806,075024,634,11,0,0
15807,075024,643,11,0,0
15808,075024,562,9,0,0
15809,075024,638,13,0,0
15810,075024,577,9,0,0
15811,075024,587,9,0,0
15812,075024,630,13,0,0
15813,075024,568,9,0,0
15814,075024,579,9,0,0
15815,075024,667,13,0,0
15816,075024,562,9,0,0
15817,075024,568,9,0,0
15818,075024,655,13,0,0
15819,075024,587,9,0,0
15820,075024,562,9,0,0
15821,075024,638,13,0,0
15822,075024,577,9,0,0
15823,075024,587,9,0,0
15824,075024,630,13,0,0
15825,075024,568,9,0,0
15826,075024,579,9,0,0
15827,075024,667,13,0,0
15828,075024,562,9,0,0
15829,075024,568,9,0,0
15830,075024,655,13,0,0
15831,075024,587,9,0,0
15832,075024,562,9,0,0
15833,075024,638,13,0,0
15834,075024,577,9,0,0
15835,075024,587,9,0,0
15836,075024,630,13,0,0
15837,075024,568,9,0,0
15838,075024,579,9,0,0
15839,075024,667,13,0,0
15840,075024,562,9,0,0
15841,075024,568,9,0,0
15842,075024,655,13,0,0
15843,075024,587,9,0,0
15844,075024,562,9,0,0
15845,075024,638,13,0,0
15846,075024,577,9,0,0
15847,075024,587,9,0,0
15848,075024,630,13,0,0
15849,075024,568,9,0,0
15850,075024,579,9,0,0
15851,075024,667,13,0,0
15852,075024,562,9,0,0
15853,075024,568,9,0,0
15854,075024,655,13,0,0
15855,075024,587,9,0,0
15856,075024,221,7,0,0
15857,075024,299,11,0,0
15858,075024,309,11,0,0
15859,075024,241,7,0,0
15860,075024,288,11,0,0
15861,075024,298,11,0,0
15862,075024,235,7,0,0
15863,075024,321,11,0,0
15864,075024,289,11,0,0
15865,075024,227,7,0,0
15866,075024,309,11,0,0
15867,075024,319,11,0,0
15868,075024,221,7,0,0
15869,075024,299,11,0,0
15870,075024,309,11,0,0
15871,075024,241,7,0,0
15872,075024,288,11,0,0
15873,075024,298,11,0,0
15874,075024,235,7,0,0
15875,075024,321,11,0,0
15876,075024,289,11,0,0
15877,075024,227,7,0,0
15878,075024,309,11,0,0
15879,075024,319,11,0,0
15880,075024,221,7,0,0
15881,075024,299,11,0,0
15882,075024,309,11,0,0
15883,075024,241,7,0,0
15884,075024,288,11,0,0
15885,075024,298,11,0,0
15886,075024,235,7,0,0
15887,075024,321,11,0,0
15888,075024,289,11,0,0
15889,075024,227,7,0,0
15890,075024,309,11,0,0
15891,075024,319,11,0,0
15892,075024,221,7,0,0
15893,075024,299,11,0,0
15894,075024,309,11,0,0
15895,075024,241,7,0,0
15896,075024,288,11,0,0
15897,075024,298,11,0,0
15898,075024,235,7,0,0
15899,075024,321,11,0,0
15900,075024,289,11,0,0
15901,075024,227,7,0,0
15902,075024,309,11,0,0
15903,075024,319,11,0,0
15904,075024,220,7,0,0
15905,075024,298,11,0,0
15906,075024,307,11,0,0
15907,075024,239,7,0,0
15908,075024,286,11,0,0
15909,075024,296,11,0,0
15910,075024,233,7,0,0
15911,075024,317,11,0,0
15912,075024,286,11,0,0
15913,075024,225,7,0,0
15914,075024,310,11,0,0
15915,075024,319,11,0,0
15916,075024,220,7,0,0
15917,075024,298,11,0,0
15918,075024,307,11,0,0
15919,075024,239,7,0,0
15920,075024,286,11,0,0
15921,075024,296,11,0,0
15922,075024,233,7,0,0
15923,075024,317,11,0,0
15924,075024,286,11,0,0
15925,075024,225,7,0,0
15926,075024,310,11,0,0
15927,075024,319,11,0,0
15928,075024,220,7,0,0
15929,075024,298,11,0,0
15930,075024,307,11,0,0
15931,075024,239,7,0,0
15932,075024,286,11,0,0
15933,075024,296,11,0,0
15934,075024,233,7,0,0
15935,075024,317,11,0,0
15936,075024,286,11,0,0
15937,075024,225,7,0,0
15938,075024,310,11,0,0
15939,075024,319,11,0,0
15940,075024,220,7,0,0
15941,075024,298,11,0,0
15942,075024,307,11,0,0
15943,075024,239,7,0,0
15944,075024,286,11,0,0
15945,075024,296,11,0,0
15946,075024,233,7,0,0
15947,075024,317,11,0,0
15948,075024,286,11,0,0
15949,075024,225,7,0,0
15950,075024,310,11,0,0
15951,075024,319,11,0,0
15952,075034,684,7,0,0
15953,075034,762,11,0,0
15954,075034,771,11,0,0
15955,075034,703,7,0,0
15956,075034,750,11,0,0
15957,075034,760,11,0,0
15958,075034,697,7,0,0
15959,075034,781,11,0,0
15960,075034,750,11,0,0
15961,075034,689,7,0,0
15962,075034,774,11,0,0
15963,075034,783,11,0,0
15964,075034,684,7,0,0
15965,075034,762,11,0,0
15966,075034,771,11,0,0
15967,075034,703,7,0,0
15968,075034,750,11,0,0
15969,075034,760,11,0,0
15970,075034,697,7,0,0
15971,075034,781,11,0,0
15972,075034,750,11,0,0
15973,075034,689,7,0,0
15974,075034,774,11,0,0
15975,075034,783,11,0,0
15976,075034,684,7,0,0
15977,075034,762,11,0,0
15978,075034,771,11,0,0
15979,075034,703,7,0,0
15980,075034,750,11,0,0
15981,075034,760,11,0,0
15982,075034,697,7,0,0
15983,075034,781,11,0,0
15984,075034,750,11,0,0
15985,075034,689,7,0,0
15986,075034,774,11,0,0
15987,075034,783,11,0,0
15988,075034,684,7,0,0
15989,075034,762,11,0,0
15990,075034,771,11,0,0
15991,075034,703,7,0,0
15992,075034,750,11,0,0
15993,075034,760,11,0,0
15994,075034,697,7,0,0
15995,075034,781,11,0,0
15996,075034,750,11,0,0
15997,075034,689,7,0,0
15998,075034,774,11,0,0
15999,075034,783,11,0,0
16000,075034,693,7,0,0
16001,075034,771,11,0,0
16002,075034,781,11,0,0
16003,075034,713,7,0,0
16004,075034,760,11,0,0
16005,075034,770,11,0,0
16006,075034,707,7,0,0
16007,075034,793,11,0,0
16008,075034,761,11,0,0
16009,075034,699,7,0,0
16010,075034,781,11,0,0
16011,075034,791,11,0,0
16012,075034,693,7,0,0
16013,075034,771,11,0,0
16014,075034,781,11,0,0
16015,075034,713,7,0,0
16016,075034,760,11,0,0
16017,075034,770,11,0,0
16018,075034,707,7,0,0
16019,075034,793,11,0,0
16020,075034,761,11,0,0
16021,075034,699,7,0,0
16022,075034,781,11,0,0
16023,075034,791,11,0,0
16024,075034,693,7,0,0
16025,075034,771,11,0,0
16026,075034,781,11,0,0
16027,075034,713,7,0,0
16028,075034,760,11,0,0
16029,075034,770,11,0,0
16030,075034,707,7,0,0
16031,075034,793,11,0,0
16032,075034,761,11,0,0
16033,075034,699,7,0,0
16034,075034,781,11,0,0
16035,075034,791,11,0,0
16036,075034,693,7,0,0
16037,075034,771,11,0,0
16038,075034,781,11,0,0
16039,075034,713,7,0,0
16040,075034,760,11,0,0
16041,075034,770,11,0,0
16042,075034,707,7,0,0
16043,075034,793,11,0,0
16044,075034,761,11,0,0
16045,075034,699,7,0,0
16046,075034,781,11,0,0
16047,075034,791,11,0,0
16048,075034,684,7,0,0
16049,075034,762,11,0,0
16050,075034,771,11,0,0
16051,075034,703,7,0,0
16052,075034,750,11,0,0
16053,075034,760,11,0,0
16054,075034,697,7,0,0
16055,075034,781,11,0,0
16056,075034,750,11,0,0
16057,075034,689,7,0,0
16058,075034,774,11,0,0
16059,075034,783,11,0,0
16060,075034,684,7,0,0
16061,075034,762,11,0,0
16062,075034,771,11,0,0
16063,075034,703,7,0,0
16064,075034,750,11,0,0
16065,075034,760,11,0,0
16066,075034,697,7,0,0
16067,075034,781,11,0,0
16068,075034,750,11,0,0
16069,075034,689,7,0,0
16070,075034,774,11,0,0
16071,075034,783,11,0,0
16072,075034,684,7,0,0
16073,075034,762,11,0,0
16074,075034,771,11,0,0
16075,075034,703,7,0,0
16076,075034,750,11,0,0
16077,075034,760,11,0,0
16078,075034,697,7,0,0
16079,075034,781,11,0,0
16080,075034,750,11,0,0
16081,075034,689,7,0,0
16082,075034,774,11,0,0
16083,075034,783,11,0,0
16084,075034,684,7,0,0
16085,075034,762,11,0,0
16086,075034,771,11,0,0
16087,075034,703,7,0,0
16088,075034,750,11,0,0
16089,075034,760,11,0,0
16090,075034,697,7,0,0
16091,075034,781,11,0,0
16092,075034,750,11,0,0
16093,075034,689,7,0,0
16094,075034,774,11,0,0
16095,075034,783,11,0,0
16096,075034,684,7,0,0
16097,075034,762,11,0,0
16098,075034,771,11,0,0
16099,075034,703,7,0,0
16100,075034,750,11,0,0
16101,075034,760,11,0,0
16102,075034,697,7,0,0
16103,075034,781,11,0,0
16104,075034,750,11,0,0
16105,075034,689,7,0,0
16106,075034,774,11,0,0
16107,075034,783,11,0,0
16108,075034,684,7,0,0
16109,075034,762,11,0,0
16110,075034,771,11,0,0
16111,075034,703,7,0,0
16112,075034,750,11,0,0
16113,075034,760,11,0,0
16114,075034,697,7,0,0
16115,075034,781,11,0,0
16116,075034,750,11,0,0
16117,075034,689,7,0,0
16118,075034,774,11,0,0
16119,075034,783,11,0,0
16120,075034,684,7,0,0
16121,075034,762,11,0,0
16122,075034,771,11,0,0
16123,075034,703,7,0,0
16124,075034,750,11,0,0
16125,075034,760,11,0,0
16126,075034,697,7,0,0
16127,075034,781,11,0,0
16128,075034,750,11,0,0
16129,075034,689,7,0,0
16130,075034,774,11,0,0
16131,075034,783,11,0,0
16132,075034,684,7,0,0
16133,075034,762,11,0,0
16134,075034,771,11,0,0
16135,075034,703,7,0,0
16136,075034,750,11,0,0
16137,075034,760,11,0,0
16138,075034,697,7,0,0
16139,075034,781,11,0,0
16140,075034,750,11,0,0
16141,075034,689,7,0,0
16142,075034,774,11,0,0
16143,075034,783,11,0,0
16144,075034,684,7,0,0
16145,075034,762,11,0,0
16146,075034,771,11,0,0
16147,075034,703,7,0,0
16148,075034,750,11,0,0
16149,075034,760,11,0,0
16150,075034,697,7,0,0
16151,075034,781,11,0,0
16152,075034,750,11,0,0
16153,075034,689,7,0,0
16154,075034,774,11,0,0
16155,075034,783,11,0,0
16156,075034,684,7,0,0
16157,075034,762,11,0,0
16158,075034,771,11,0,0
16159,075034,703,7,0,0
16160,075034,750,11,0,0
16161,075034,760,11,0,0
16162,075034,697,7,0,0
16163,075034,781,11,0,0
16164,075034,750,11,0,0
16165,075034,689,7,0,0
16166,075034,774,11,0,0
16167,075034,783,11,0,0
16168,075034,684,7,0,0
16169,075034,762,11,0,0
16170,075034,771,11,0,0
16171,075034,703,7,0,0
16172,075034,750,11,0,0
16173,075034,760,11,0,0
16174,075034,697,7,0,0
16175,075034,781,11,0,0
16176,075034,750,11,0,0
16177,075034,689,7,0,0
16178,075034,774,11,0,0
16179,075034,783,11,0,0
16180,075034,684,7,0,0
16181,075034,762,11,0,0
16182,075034,771,11,0,0
16183,075034,703,7,0,0
16184,075034,750,11,0,0
16185,075034,760,11,0,0
16186,075034,697,7,0,0
16187,075034,781,11,0,0
16188,075034,750,11,0,0
16189,075034,689,7,0,0
16190,075034,774,11,0,0
16191,075034,783,11,0,0
16192,075034,249,9,0,0
16193,075034,327,13,0,0
16194,075034,265,9,0,0
16195,075034,273,9,0,0
16196,075034,316,13,0,0
16197,075034,254,9,0,0
16198,075034,265,9,0,0
16199,075034,351,13,0,0
16200,075034,249,9,0,0
16201,075034,255,9,0,0
16202,075034,341,13,0,0
16203,075034,273,9,0,0
16204,075034,248,9,0,0
16205,075034,326,13,0,0
16206,075034,265,9,0,0
16207,075034,273,9,0,0
16208,075034,316,13,0,0
16209,075034,254,9,0,0
16210,075034,265,9,0,0
16211,075034,351,13,0,0
16212,075034,249,9,0,0
16213,075034,255,9,0,0
16214,075034,341,13,0,0
16215,075034,273,9,0,0
16216,075034,248,9,0,0
16217,075034,326,13,0,0
16218,075034,265,9,0,0
16219,075034,273,9,0,0
16220,075034,316,13,0,0
16221,075034,254,9,0,0
16222,075034,265,9,0,0
16223,075034,351,13,0,0
16224,075034,249,9,0,0
16225,075034,255,9,0,0
16226,075034,341,13,0,0
16227,075034,273,9,0,0
16228,075034,248,9,0,0
16229,075034,326,13,0,0
16230,075034,265,9,0,0
16231,075034,273,9,0,0
16232,075034,316,13,0,0
16233,075034,254,9,0,0
16234,075034,265,9,0,0
16235,075034,351,13,0,0
16236,075034,249,9,0,0
16237,075034,255,9,0,0
16238,075034,341,13,0,0
16239,075034,273,9,0,0
16240,075034,248,9,0,0
16241,075034,326,13,0,0
16242,075034,265,9,0,0
16243,075034,275,9,0,0
16244,075034,318,13,0,0
16245,075034,254,9,0,0
16246,075034,265,9,0,0
16247,075034,355,13,0,0
16248,075034,250,9,0,0
16249,075034,254,9,0,0
16250,075034,341,13,0,0
16251,075034,275,9,0,0
16252,075034,250,9,0,0
16253,075034,326,13,0,0
16254,075034,265,9,0,0
16255,075034,275,9,0,0
16256,075034,318,13,0,0
16257,075034,254,9,0,0
16258,075034,265,9,0,0
16259,075034,355,13,0,0
16260,075034,250,9,0,0
16261,075034,254,9,0,0
16262,075034,341,13,0,0
16263,075034,275,9,0,0
16264,075034,250,9,0,0
16265,075034,326,13,0,0
16266,075034,265,9,0,0
16267,075034,275,9,0,0
16268,075034,318,13,0,0
16269,075034,254,9,0,0
16270,075034,265,9,0,0
16271,075034,355,13,0,0
16272,075034,250,9,0,0
16273,075034,254,9,0,0
16274,075034,341,13,0,0
16275,075034,275,9,0,0
16276,075034,250,9,0,0
16277,075034,326,13,0,0
16278,075034,265,9,0,0
16279,075034,275,9,0,0
16280,075034,318,13,0,0
16281,075034,254,9,0,0
16282,075034,265,9,0,0
16283,075034,355,13,0,0
16284,075034,250,9,0,0
16285,075034,254,9,0,0
16286,075034,341,13,0,0
16287,075034,275,9,0,0
16288,075005,344,7,0,0
16289,075005,420,11,0,0
16290,075005,429,11,0,0
16291,075005,363,7,0,0
16292,075005,410,11,0,0
16293,075005,418,11,0,0
16294,075005,355,7,0,0
16295,075005,441,11,0,0
16296,075005,410,11,0,0
16297,075005,348,7,0,0
16298,075005,431,11,0,0
16299,075005,443,11,0,0
16300,075005,344,7,0,0
16301,075005,420,11,0,0
16302,075005,429,11,0,0
16303,075005,363,7,0,0
16304,075005,410,11,0,0
16305,075005,418,11,0,0
16306,075005,355,7,0,0
16307,075005,441,11,0,0
16308,075005,410,11,0,0
16309,075005,348,7,0,0
16310,075005,431,11,0,0
16311,075005,443,11,0,0
16312,075005,344,7,0,0
16313,075005,420,11,0,0
16314,075005,429,11,0,0
16315,075005,363,7,0,0
16316,075005,410,11,0,0
16317,075005,418,11,0,0
16318,075005,355,7,0,0
16319,075005,441,11,0,0
16320,075005,410,11,0,0
16321,075005,348,7,0,0
16322,075005,431,11,0,0
16323,075005,443,11,0,0
16324,075005,344,7,0,0
16325,075005,420,11,0,0
16326,075005,429,11,0,0
16327,075005,363,7,0,0
16328,075005,410,11,0,0
16329,075005,418,11,0,0
16330,075005,355,7,0,0
16331,075005,441,11,0,0
16332,075005,410,11,0,0
16333,075005,348,7,0,0
16334,075005,431,11,0,0
16335,075005,443,11,0,0
16336,075005,369,7,0,0
16337,075005,447,11,0,0
16338,075005,457,11,0,0
16339,075005,389,7,0,0
16340,075005,436,11,0,0
16341,075005,446,11,0,0
16342,075005,383,7,0,0
16343,075005,469,11,0,0
16344,075005,437,11,0,0
16345,075005,375,7,0,0
16346,075005,457,11,0,0
16347,075005,467,11,0,0
16348,075005,369,7,0,0
16349,075005,447,11,0,0
16350,075005,457,11,0,0
16351,075005,389,7,0,0
16352,075005,436,11,0,0
16353,075005,446,11,0,0
16354,075005,383,7,0,0
16355,075005,469,11,0,0
16356,075005,437,11,0,0
16357,075005,375,7,0,0
16358,075005,457,11,0,0
16359,075005,467,11,0,0
16360,075005,369,7,0,0
16361,075005,447,11,0,0
16362,075005,457,11,0,0
16363,075005,389,7,0,0
16364,075005,436,11,0,0
16365,075005,446,11,0,0
16366,075005,383,7,0,0
16367,075005,469,11,0,0
16368,075005,437,11,0,0
16369,075005,375,7,0,0
16370,075005,457,11,0,0
16371,075005,467,11,0,0
16372,075005,369,7,0,0
16373,075005,447,11,0,0
16374,075005,457,11,0,0
16375,075005,389,7,0,0
16376,075005,436,11,0,0
16377,075005,446,11,0,0
16378,075005,383,7,0,0
16379,075005,469,11,0,0
16380,075005,437,11,0,0
16381,075005,375,7,0,0
16382,075005,457,11,0,0
16383,075005,467,11,0,0
16384,075005,344,7,0,0
16385,075005,420,11,0,0
16386,075005,429,11,0,0
16387,075005,363,7,0,0
16388,075005,410,11,0,0
16389,075005,418,11,0,0
16390,075005,355,7,0,0
16391,075005,441,11,0,0
16392,075005,410,11,0,0
16393,075005,348,7,0,0
16394,075005,431,11,0,0
16395,075005,443,11,0,0
16396,075005,344,7,0,0
16397,075005,420,11,0,0
16398,075005,429,11,0,0
16399,075005,363,7,0,0
16400,075005,410,11,0,0
16401,075005,418,11,0,0
16402,075005,355,7,0,0
16403,075005,441,11,0,0
16404,075005,410,11,0,0
16405,075005,348,7,0,0
16406,075005,431,11,0,0
16407,075005,443,11,0,0
16408,075005,344,7,0,0
16409,075005,420,11,0,0
16410,075005,429,11,0,0
16411,075005,363,7,0,0
16412,075005,410,11,0,0
16413,075005,418,11,0,0
16414,075005,355,7,0,0
16415,075005,441,11,0,0
16416,075005,410,11,0,0
16417,075005,348,7,0,0
16418,075005,431,11,0,0
16419,075005,443,11,0,0
16420,075005,344,7,0,0
16421,075005,420,11,0,0
16422,075005,429,11,0,0
16423,075005,363,7,0,0
16424,075005,410,11,0,0
16425,075005,418,11,0,0
16426,075005,355,7,0,0
16427,075005,441,11,0,0
16428,075005,410,11,0,0
16429,075005,348,7,0,0
16430,075005,431,11,0,0
16431,075005,443,11,0,0
16432,075005,328,7,0,0
16433,075005,406,11,0,0
16434,075005,415,11,0,0
16435,075005,347,7,0,0
16436,075005,394,11,0,0
16437,075005,404,11,0,0
16438,075005,341,7,0,0
16439,075005,425,11,0,0
16440,075005,394,11,0,0
16441,075005,333,7,0,0
16442,075005,418,11,0,0
16443,075005,427,11,0,0
16444,075005,328,7,0,0
16445,075005,406,11,0,0
16446,075005,415,11,0,0
16447,075005,347,7,0,0
16448,075005,394,11,0,0
16449,075005,404,11,0,0
16450,075005,341,7,0,0
16451,075005,425,11,0,0
16452,075005,394,11,0,0
16453,075005,333,7,0,0
16454,075005,418,11,0,0
16455,075005,427,11,0,0
16456,075005,328,7,0,0
16457,075005,406,11,0,0
16458,075005,415,11,0,0
16459,075005,347,7,0,0
16460,075005,394,11,0,0
16461,075005,404,11,0,0
16462,075005,341,7,0,0
16463,075005,425,11,0,0
16464,075005,394,11,0,0
16465,075005,333,7,0,0
16466,075005,418,11,0,0
16467,075005,427,11,0,0
16468,075005,328,7,0,0
16469,075005,406,11,0,0
16470,075005,415,11,0,0
16471,075005,347,7,0,0
16472,075005,394,11,0,0
16473,075005,404,11,0,0
16474,075005,341,7,0,0
16475,075005,425,11,0,0
16476,075005,394,11,0,0
16477,075005,333,7,0,0
16478,075005,418,11,0,0
16479,075005,427,11,0,0
16480,075005,322,9,0,0
16481,075005,398,13,0,0
16482,075005,337,9,0,0
16483,075005,347,9,0,0
16484,075005,390,13,0,0
16485,075005,326,9,0,0
16486,075005,337,9,0,0
16487,075005,427,13,0,0
16488,075005,322,9,0,0
16489,075005,326,9,0,0
16490,075005,413,13,0,0
16491,075005,347,9,0,0
16492,075005,322,9,0,0
16493,075005,398,13,0,0
16494,075005,337,9,0,0
16495,075005,347,9,0,0
16496,075005,390,13,0,0
16497,075005,326,9,0,0
16498,075005,337,9,0,0
16499,075005,427,13,0,0
16500,075005,322,9,0,0
16501,075005,326,9,0,0
16502,075005,413,13,0,0
16503,075005,347,9,0,0
16504,075005,322,9,0,0
16505,075005,398,13,0,0
16506,075005,337,9,0,0
16507,075005,347,9,0,0
16508,075005,390,13,0,0
16509,075005,326,9,0,0
16510,075005,337,9,0,0
16511,075005,427,13,0,0
16512,075005,322,9,0,0
16513,075005,326,9,0,0
16514,075005,413,13,0,0
16515,075005,347,9,0,0
16516,075005,322,9,0,0
16517,075005,398,13,0,0
16518,075005,337,9,0,0
16519,075005,347,9,0,0
16520,075005,390,13,0,0
16521,075005,326,9,0,0
16522,075005,337,9,0,0
16523,075005,427,13,0,0
16524,075005,322,9,0,0
16525,075005,326,9,0,0
16526,075005,413,13,0,0
16527,075005,347,9,0,0
16528,075005,337,7,0,0
16529,075005,415,11,0,0
16530,075005,425,11,0,0
16531,075005,357,7,0,0
16532,075005,404,11,0,0
16533,075005,414,11,0,0
16534,075005,351,7,0,0
16535,075005,437,11,0,0
16536,075005,405,11,0,0
16537,075005,343,7,0,0
16538,075005,425,11,0,0
16539,075005,435,11,0,0
16540,075005,337,7,0,0
16541,075005,415,11,0,0
16542,075005,425,11,0,0
16543,075005,357,7,0,0
16544,075005,404,11,0,0
16545,075005,414,11,0,0
16546,075005,351,7,0,0
16547,075005,437,11,0,0
16548,075005,405,11,0,0
16549,075005,343,7,0,0
16550,075005,425,11,0,0
16551,075005,435,11,0,0
16552,075005,337,7,0,0
16553,075005,415,11,0,0
16554,075005,425,11,0,0
16555,075005,357,7,0,0
16556,075005,404,11,0,0
16557,075005,414,11,0,0
16558,075005,351,7,0,0
16559,075005,437,11,0,0
16560,075005,405,11,0,0
16561,075005,343,7,0,0
16562,075005,425,11,0,0
16563,075005,435,11,0,0
16564,075005,337,7,0,0
16565,075005,415,11,0,0
16566,075005,425,11,0,0
16567,075005,357,7,0,0
16568,075005,404,11,0,0
16569,075005,414,11,0,0
16570,075005,351,7,0,0
16571,075005,437,11,0,0
16572,075005,405,11,0,0
16573,075005,343,7,0,0
16574,075005,425,11,0,0
16575,075005,435,11,0,0
16576,075005,249,7,0,0
16577,075005,327,11,0,0
16578,075005,337,11,0,0
16579,075005,269,7,0,0
16580,075005,316,11,0,0
16581,075005,326,11,0,0
16582,075005,263,7,0,0
16583,075005,349,11,0,0
16584,075005,317,11,0,0
16585,075005,255,7,0,0
16586,075005,337,11,0,0
16587,075005,347,11,0,0
16588,075005,249,7,0,0
16589,075005,327,11,0,0
16590,075005,337,11,0,0
16591,075005,269,7,0,0
16592,075005,316,11,0,0
16593,075005,326,11,0,0
16594,075005,263,7,0,0
16595,075005,349,11,0,0
16596,075005,317,11,0,0
16597,075005,255,7,0,0
16598,075005,337,11,0,0
16599,075005,347,11,0,0
16600,075005,249,7,0,0
16601,075005,327,11,0,0
16602,075005,337,11,0,0
16603,075005,269,7,0,0
16604,075005,316,11,0,0
16605,075005,326,11,0,0
16606,075005,263,7,0,0
16607,075005,349,11,0,0
16608,075005,317,11,0,0
16609,075005,255,7,0,0
16610,075005,337,11,0,0
16611,075005,347,11,0,0
16612,075005,249,7,0,0
16613,075005,327,11,0,0
16614,075005,337,11,0,0
16615,075005,269,7,0,0
16616,075005,316,11,0,0
16617,075005,326,11,0,0
16618,075005,263,7,0,0
16619,075005,349,11,0,0
16620,075005,317,11,0,0
16621,075005,255,7,0,0
16622,075005,337,11,0,0
16623,075005,347,11,0,0
16624,075015,252,7,0,0
16625,075015,330,11,0,0
16626,075015,339,11,0,0
16627,075015,271,7,0,0
16628,075015,318,11,0,0
16629,075015,328,11,0,0
16630,075015,265,7,0,0
16631,075015,349,11,0,0
16632,075015,318,11,0,0
16633,075015,257,7,0,0
16634,075015,342,11,0,0
16635,075015,351,11,0,0
16636,075015,252,7,0,0
16637,075015,330,11,0,0
16638,075015,339,11,0,0
16639,075015,271,7,0,0
16640,075015,318,11,0,0
16641,075015,328,11,0,0
16642,075015,265,7,0,0
16643,075015,349,11,0,0
16644,075015,318,11,0,0
16645,075015,257,7,0,0
16646,075015,342,11,0,0
16647,075015,351,11,0,0
16648,075015,252,7,0,0
16649,075015,330,11,0,0
16650,075015,339,11,0,0
16651,075015,271,7,0,0
16652,075015,318,11,0,0
16653,075015,328,11,0,0
16654,075015,265,7,0,0
16655,075015,349,11,0,0
16656,075015,318,11,0,0
16657,075015,257,7,0,0
16658,075015,342,11,0,0
16659,075015,351,11,0,0
16660,075015,252,7,0,0
16661,075015,330,11,0,0
16662,075015,339,11,0,0
16663,075015,271,7,0,0
16664,075015,318,11,0,0
16665,075015,328,11,0,0
16666,075015,265,7,0,0
16667,075015,349,11,0,0
16668,075015,318,11,0,0
16669,075015,257,7,0,0
16670,075015,342,11,0,0
16671,075015,351,11,0,0
16672,075015,360,7,0,0
16673,075015,438,11,0,0
16674,075015,447,11,0,0
16675,075015,379,7,0,0
16676,075015,426,11,0,0
16677,075015,436,11,0,0
16678,075015,373,7,0,0
16679,075015,457,11,0,0
16680,075015,426,11,0,0
16681,075015,365,7,0,0
16682,075015,450,11,0,0
16683,075015,459,11,0,0
16684,075015,360,7,0,0
16685,075015,438,11,0,0
16686,075015,447,11,0,0
16687,075015,379,7,0,0
16688,075015,426,11,0,0
16689,075015,436,11,0,0
16690,075015,373,7,0,0
16691,075015,457,11,0,0
16692,075015,426,11,0,0
16693,075015,365,7,0,0
16694,075015,450,11,0,0
16695,075015,459,11,0,0
16696,075015,360,7,0,0
16697,075015,438,11,0,0
16698,075015,447,11,0,0
16699,075015,379,7,0,0
16700,075015,426,11,0,0
16701,075015,436,11,0,0
16702,075015,373,7,0,0
16703,075015,457,11,0,0
16704,075015,426,11,0,0
16705,075015,365,7,0,0
16706,075015,450,11,0,0
16707,075015,459,11,0,0
16708,075015,360,7,0,0
16709,075015,438,11,0,0
16710,075015,447,11,0,0
16711,075015,379,7,0,0
16712,075015,426,11,0,0
16713,075015,436,11,0,0
16714,075015,373,7,0,0
16715,075015,457,11,0,0
16716,075015,426,11,0,0
16717,075015,365,7,0,0
16718,075015,450,11,0,0
16719,075015,459,11,0,0
16720,075015,429,7,0,0
16721,075015,507,11,0,0
16722,075015,517,11,0,0
16723,075015,449,7,0,0
16724,075015,496,11,0,0
16725,075015,506,11,0,0
16726,075015,443,7,0,0
16727,075015,529,11,0,0
16728,075015,497,11,0,0
16729,075015,435,7,0,0
16730,075015,517,11,0,0
16731,075015,527,11,0,0
16732,075015,429,7,0,0
16733,075015,507,11,0,0
16734,075015,517,11,0,0
16735,075015,449,7,0,0
16736,075015,496,11,0,0
16737,075015,506,11,0,0
16738,075015,443,7,0,0
16739,075015,529,11,0,0
16740,075015,497,11,0,0
16741,075015,435,7,0,0
16742,075015,517,11,0,0
16743,075015,527,11,0,0
16744,075015,429,7,0,0
16745,075015,507,11,0,0
16746,075015,517,11,0,0
16747,075015,449,7,0,0
16748,075015,496,11,0,0
16749,075015,506,11,0,0
16750,075015,443,7,0,0
16751,075015,529,11,0,0
16752,075015,497,11,0,0
16753,075015,435,7,0,0
16754,075015,517,11,0,0
16755,075015,527,11,0,0
16756,075015,429,7,0,0
16757,075015,507,11,0,0
16758,075015,517,11,0,0
16759,075015,449,7,0,0
16760,075015,496,11,0,0
16761,075015,506,11,0,0
16762,075015,443,7,0,0
16763,075015,529,11,0,0
16764,075015,497,11,0,0
16765,075015,435,7,0,0
16766,075015,517,11,0,0
16767,075015,527,11,0,0
16768,075015,337,7,0,0
16769,075015,415,11,0,0
16770,075015,425,11,0,0
16771,075015,357,7,0,0
16772,075015,404,11,0,0
16773,075015,414,11,0,0
16774,075015,351,7,0,0
16775,075015,437,11,0,0
16776,075015,405,11,0,0
16777,075015,343,7,0,0
16778,075015,425,11,0,0
16779,075015,435,11,0,0
16780,075015,337,7,0,0
16781,075015,415,11,0,0
16782,075015,425,11,0,0
16783,075015,357,7,0,0
16784,075015,404,11,0,0
16785,075015,414,11,0,0
16786,075015,351,7,0,0
16787,075015,437,11,0,0
16788,075015,405,11,0,0
16789,075015,343,7,0,0
16790,075015,425,11,0,0
16791,075015,435,11,0,0
16792,075015,337,7,0,0
16793,075015,415,11,0,0
16794,075015,425,11,0,0
16795,075015,357,7,0,0
16796,075015,404,11,0,0
16797,075015,414,11,0,0
16798,075015,351,7,0,0
16799,075015,437,11,0,0
16800,075015,405,11,0,0
16801,075015,343,7,0,0
16802,075015,425,11,0,0
16803,075015,435,11,0,0
16804,075015,337,7,0,0
16805,075015,415,11,0,0
16806,075015,425,11,0,0
16807,075015,357,7,0,0
16808,075015,404,11,0,0
16809,075015,414,11,0,0
16810,075015,351,7,0,0
16811,075015,437,11,0,0
16812,075015,405,11,0,0
16813,075015,343,7,0,0
16814,075015,425,11,0,0
16815,075015,435,11,0,0
16816,075015,252,7,0,0
16817,075015,330,11,0,0
16818,075015,339,11,0,0
16819,075015,271,7,0,0
16820,075015,318,11,0,0
16821,075015,328,11,0,0
16822,075015,265,7,0,0
16823,075015,349,11,0,0
16824,075015,318,11,0,0
16825,075015,257,7,0,0
16826,075015,342,11,0,0
16827,075015,351,11,0,0
16828,075015,252,7,0,0
16829,075015,330,11,0,0
16830,075015,339,11,0,0
16831,075015,271,7,0,0
16832,075015,318,11,0,0
16833,075015,328,11,0,0
16834,075015,265,7,0,0
16835,075015,349,11,0,0
16836,075015,318,11,0,0
16837,075015,257,7,0,0
16838,075015,342,11,0,0
16839,075015,351,11,0,0
16840,075015,252,7,0,0
16841,075015,330,11,0,0
16842,075015,339,11,0,0
16843,075015,271,7,0,0
16844,075015,318,11,0,0
16845,075015,328,11,0,0
16846,075015,265,7,0,0
16847,075015,349,11,0,0
16848,075015,318,11,0,0
16849,075015,257,7,0,0
16850,075015,342,11,0,0
16851,075015,351,11,0,0
16852,075015,252,7,0,0
16853,075015,330,11,0,0
16854,075015,339,11,0,0
16855,075015,271,7,0,0
16856,075015,318,11,0,0
16857,075015,328,11,0,0
16858,075015,265,7,0,0
16859,075015,349,11,0,0
16860,075015,318,11,0,0
16861,075015,257,7,0,0
16862,075015,342,11,0,0
16863,075015,351,11,0,0
16864,075015,340,7,0,0
16865,075015,418,11,0,0
16866,075015,427,11,0,0
16867,075015,359,7,0,0
16868,075015,406,11,0,0
16869,075015,416,11,0,0
16870,075015,353,7,0,0
16871,075015,437,11,0,0
16872,075015,406,11,0,0
16873,075015,345,7,0,0
16874,075015,430,11,0,0
16875,075015,439,11,0,0
16876,075015,340,7,0,0
16877,075015,418,11,0,0
16878,075015,427,11,0,0
16879,075015,359,7,0,0
16880,075015,406,11,0,0
16881,075015,416,11,0,0
16882,075015,353,7,0,0
16883,075015,437,11,0,0
16884,075015,406,11,0,0
16885,075015,345,7,0,0
16886,075015,430,11,0,0
16887,075015,439,11,0,0
16888,075015,340,7,0,0
16889,075015,418,11,0,0
16890,075015,427,11,0,0
16891,075015,359,7,0,0
16892,075015,406,11,0,0
16893,075015,416,11,0,0
16894,075015,353,7,0,0
16895,075015,437,11,0,0
16896,075015,406,11,0,0
16897,075015,345,7,0,0
16898,075015,430,11,0,0
16899,075015,439,11,0,0
16900,075015,340,7,0,0
16901,075015,418,11,0,0
16902,075015,427,11,0,0
16903,075015,359,7,0,0
16904,075015,406,11,0,0
16905,075015,416,11,0,0
16906,075015,353,7,0,0
16907,075015,437,11,0,0
16908,075015,406,11,0,0
16909,075015,345,7,0,0
16910,075015,430,11,0,0
16911,075015,439,11,0,0
16912,075015,252,7,0,0
16913,075015,330,11,0,0
16914,075015,339,11,0,0
16915,075015,271,7,0,0
16916,075015,318,11,0,0
16917,075015,328,11,0,0
16918,075015,265,7,0,0
16919,075015,349,11,0,0
16920,075015,318,11,0,0
16921,075015,257,7,0,0
16922,075015,342,11,0,0
16923,075015,351,11,0,0
16924,075015,252,7,0,0
16925,075015,330,11,0,0
16926,075015,339,11,0,0
16927,075015,271,7,0,0
16928,075015,318,11,0,0
16929,075015,328,11,0,0
16930,075015,265,7,0,0
16931,075015,349,11,0,0
16932,075015,318,11,0,0
16933,075015,257,7,0,0
16934,075015,342,11,0,0
16935,075015,351,11,0,0
16936,075015,252,7,0,0
16937,075015,330,11,0,0
16938,075015,339,11,0,0
16939,075015,271,7,0,0
16940,075015,318,11,0,0
16941,075015,328,11,0,0
16942,075015,265,7,0,0
16943,075015,349,11,0,0
16944,075015,318,11,0,0
16945,075015,257,7,0,0
16946,075015,342,11,0,0
16947,075015,351,11,0,0
16948,075015,252,7,0,0
16949,075015,330,11,0,0
16950,075015,339,11,0,0
16951,075015,271,7,0,0
16952,075015,318,11,0,0
16953,075015,328,11,0,0
16954,075015,265,7,0,0
16955,075015,349,11,0,0
16956,075015,318,11,0,0
16957,075015,257,7,0,0
16958,075015,342,11,0,0
16959,075015,351,11,0,0
16960,075025,544,7,0,0
16961,075025,622,11,0,0
16962,075025,631,11,0,0
16963,075025,563,7,0,0
16964,075025,610,11,0,0
16965,075025,620,11,0,0
16966,075025,557,7,0,0
16967,075025,641,11,0,0
16968,075025,610,11,0,0
16969,075025,549,7,0,0
16970,075025,634,11,0,0
16971,075025,643,11,0,0
16972,075025,544,7,0,0
16973,075025,622,11,0,0
16974,075025,631,11,0,0
16975,075025,563,7,0,0
16976,075025,610,11,0,0
16977,075025,620,11,0,0
16978,075025,557,7,0,0
16979,075025,641,11,0,0
16980,075025,610,11,0,0
16981,075025,549,7,0,0
16982,075025,634,11,0,0
16983,075025,643,11,0,0
16984,075025,544,7,0,0
16985,075025,622,11,0,0
16986,075025,631,11,0,0
16987,075025,563,7,0,0
16988,075025,610,11,0,0
16989,075025,620,11,0,0
16990,075025,557,7,0,0
16991,075025,641,11,0,0
16992,075025,610,11,0,0
16993,075025,549,7,0,0
16994,075025,634,11,0,0
16995,075025,643,11,0,0
16996,075025,544,7,0,0
16997,075025,622,11,0,0
16998,075025,631,11,0,0
16999,075025,563,7,0,0
17000,075025,610,11,0,0
17001,075025,620,11,0,0
17002,075025,557,7,0,0
17003,075025,641,11,0,0
17004,075025,610,11,0,0
17005,075025,549,7,0,0
17006,075025,634,11,0,0
17007,075025,643,11,0,0
17008,075025,548,7,0,0
17009,075025,624,11,0,0
17010,075025,633,11,0,0
17011,075025,567,7,0,0
17012,075025,614,11,0,0
17013,075025,622,11,0,0
17014,075025,559,7,0,0
17015,075025,645,11,0,0
17016,075025,614,11,0,0
17017,075025,552,7,0,0
17018,075025,635,11,0,0
17019,075025,647,11,0,0
17020,075025,548,7,0,0
17021,075025,624,11,0,0
17022,075025,633,11,0,0
17023,075025,567,7,0,0
17024,075025,614,11,0,0
17025,075025,622,11,0,0
17026,075025,559,7,0,0
17027,075025,645,11,0,0
17028,075025,614,11,0,0
17029,075025,552,7,0,0
17030,075025,635,11,0,0
17031,075025,647,11,0,0
17032,075025,548,7,0,0
17033,075025,624,11,0,0
17034,075025,633,11,0,0
17035,075025,567,7,0,0
17036,075025,614,11,0,0
17037,075025,622,11,0,0
17038,075025,559,7,0,0
17039,075025,645,11,0,0
17040,075025,614,11,0,0
17041,075025,552,7,0,0
17042,075025,635,11,0,0
17043,075025,647,11,0,0
17044,075025,548,7,0,0
17045,075025,624,11,0,0
17046,075025,633,11,0,0
17047,075025,567,7,0,0
17048,075025,614,11,0,0
17049,075025,622,11,0,0
17050,075025,559,7,0,0
17051,075025,645,11,0,0
17052,075025,614,11,0,0
17053,075025,552,7,0,0
17054,075025,635,11,0,0
17055,075025,647,11,0,0
17056,075025,525,9,0,0
17057,075025,603,13,0,0
17058,075025,541,9,0,0
17059,075025,549,9,0,0
17060,075025,592,13,0,0
17061,075025,530,9,0,0
17062,075025,541,9,0,0
17063,075025,627,13,0,0
17064,075025,525,9,0,0
17065,075025,531,9,0,0
17066,075025,617,13,0,0
17067,075025,549,9,0,0
17068,075025,524,9,0,0
17069,075025,602,13,0,0
17070,075025,541,9,0,0
17071,075025,549,9,0,0
17072,075025,592,13,0,0
17073,075025,530,9,0,0
17074,075025,541,9,0,0
17075,075025,627,13,0,0
17076,075025,525,9,0,0
17077,075025,531,9,0,0
17078,075025,617,13,0,0
17079,075025,549,9,0,0
17080,075025,524,9,0,0
17081,075025,602,13,0,0
17082,075025,541,9,0,0
17083,075025,549,9,0,0
17084,075025,592,13,0,0
17085,075025,530,9,0,0
17086,075025,541,9,0,0
17087,075025,627,13,0,0
17088,075025,525,9,0,0
17089,075025,531,9,0,0
17090,075025,617,13,0,0
17091,075025,549,9,0,0
17092,075025,524,9,0,0
17093,075025,602,13,0,0
17094,075025,541,9,0,0
17095,075025,549,9,0,0
17096,075025,592,13,0,0
17097,075025,530,9,0,0
17098,075025,541,9,0,0
17099,075025,627,13,0,0
17100,075025,525,9,0,0
17101,075025,531,9,0,0
17102,075025,617,13,0,0
17103,075025,549,9,0,0
17104,075025,543,7,0,0
17105,075025,621,11,0,0
17106,075025,631,11,0,0
17107,075025,563,7,0,0
17108,075025,610,11,0,0
17109,075025,620,11,0,0
17110,075025,557,7,0,0
17111,075025,641,11,0,0
17112,075025,610,11,0,0
17113,075025,549,7,0,0
17114,075025,634,11,0,0
17115,075025,643,11,0,0
17116,075025,544,7,0,0
17117,075025,622,11,0,0
17118,075025,631,11,0,0
17119,075025,563,7,0,0
17120,075025,610,11,0,0
17121,075025,620,11,0,0
17122,075025,557,7,0,0
17123,075025,641,11,0,0
17124,075025,610,11,0,0
17125,075025,549,7,0,0
17126,075025,634,11,0,0
17127,075025,643,11,0,0
17128,075025,544,7,0,0
17129,075025,622,11,0,0
17130,075025,631,11,0,0
17131,075025,563,7,0,0
17132,075025,610,11,0,0
17133,075025,620,11,0,0
17134,075025,557,7,0,0
17135,075025,641,11,0,0
17136,075025,610,11,0,0
17137,075025,549,7,0,0
17138,075025,634,11,0,0
17139,075025,643,11,0,0
17140,075025,544,7,0,0
17141,075025,622,11,0,0
17142,075025,631,11,0,0
17143,075025,563,7,0,0
17144,075025,610,11,0,0
17145,075025,620,11,0,0
17146,075025,557,7,0,0
17147,075025,641,11,0,0
17148,075025,610,11,0,0
17149,075025,549,7,0,0
17150,075025,634,11,0,0
17151,075025,643,11,0,0
17152,075025,562,9,0,0
17153,075025,638,13,0,0
17154,075025,577,9,0,0
17155,075025,587,9,0,0
17156,075025,630,13,0,0
17157,075025,568,9,0,0
17158,075025,579,9,0,0
17159,075025,667,13,0,0
17160,075025,562,9,0,0
17161,075025,568,9,0,0
17162,075025,655,13,0,0
17163,075025,587,9,0,0
17164,075025,562,9,0,0
17165,075025,638,13,0,0
17166,075025,577,9,0,0
17167,075025,587,9,0,0
17168,075025,630,13,0,0
17169,075025,568,9,0,0
17170,075025,579,9,0,0
17171,075025,667,13,0,0
17172,075025,562,9,0,0
17173,075025,568,9,0,0
17174,075025,655,13,0,0
17175,075025,587,9,0,0
17176,075025,562,9,0,0
17177,075025,638,13,0,0
17178,075025,577,9,0,0
17179,075025,587,9,0,0
17180,075025,630,13,0,0
17181,075025,568,9,0,0
17182,075025,579,9,0,0
17183,075025,667,13,0,0
17184,075025,562,9,0,0
17185,075025,568,9,0,0
17186,075025,655,13,0,0
17187,075025,587,9,0,0
17188,075025,562,9,0,0
17189,075025,638,13,0,0
17190,075025,577,9,0,0
17191,075025,587,9,0,0
17192,075025,630,13,0,0
17193,075025,568,9,0,0
17194,075025,579,9,0,0
17195,075025,667,13,0,0
17196,075025,562,9,0,0
17197,075025,568,9,0,0
17198,075025,655,13,0,0
17199,075025,587,9,0,0
17200,075025,221,7,0,0
17201,075025,299,11,0,0
17202,075025,309,11,0,0
17203,075025,241,7,0,0
17204,075025,288,11,0,0
17205,075025,298,11,0,0
17206,075025,235,7,0,0
17207,075025,321,11,0,0
17208,075025,289,11,0,0
17209,075025,227,7,0,0
17210,075025,309,11,0,0
17211,075025,319,11,0,0
17212,075025,221,7,0,0
17213,075025,299,11,0,0
17214,075025,309,11,0,0
17215,075025,241,7,0,0
17216,075025,288,11,0,0
17217,075025,298,11,0,0
17218,075025,235,7,0,0
17219,075025,321,11,0,0
17220,075025,289,11,0,0
17221,075025,227,7,0,0
17222,075025,309,11,0,0
17223,075025,319,11,0,0
17224,075025,221,7,0,0
17225,075025,299,11,0,0
17226,075025,309,11,0,0
17227,075025,241,7,0,0
17228,075025,288,11,0,0
17229,075025,298,11,0,0
17230,075025,235,7,0,0
17231,075025,321,11,0,0
17232,075025,289,11,0,0
17233,075025,227,7,0,0
17234,075025,309,11,0,0
17235,075025,319,11,0,0
17236,075025,221,7,0,0
17237,075025,299,11,0,0
17238,075025,309,11,0,0
17239,075025,241,7,0,0
17240,075025,288,11,0,0
17241,075025,298,11,0,0
17242,075025,235,7,0,0
17243,075025,321,11,0,0
17244,075025,289,11,0,0
17245,075025,227,7,0,0
17246,075025,309,11,0,0
17247,075025,319,11,0,0
17248,075025,220,7,0,0
17249,075025,298,11,0,0
17250,075025,307,11,0,0
17251,075025,239,7,0,0
17252,075025,286,11,0,0
17253,075025,296,11,0,0
17254,075025,233,7,0,0
17255,075025,317,11,0,0
17256,075025,286,11,0,0
17257,075025,225,7,0,0
17258,075025,310,11,0,0
17259,075025,319,11,0,0
17260,075025,220,7,0,0
17261,075025,298,11,0,0
17262,075025,307,11,0,0
17263,075025,239,7,0,0
17264,075025,286,11,0,0
17265,075025,296,11,0,0
17266,075025,233,7,0,0
17267,075025,317,11,0,0
17268,075025,286,11,0,0
17269,075025,225,7,0,0
17270,075025,310,11,0,0
17271,075025,319,11,0,0
17272,075025,220,7,0,0
17273,075025,298,11,0,0
17274,075025,307,11,0,0
17275,075025,239,7,0,0
17276,075025,286,11,0,0
17277,075025,296,11,0,0
17278,075025,233,7,0,0
17279,075025,317,11,0,0
17280,075025,286,11,0,0
17281,075025,225,7,0,0
17282,075025,310,11,0,0
17283,075025,319,11,0,0
17284,075025,220,7,0,0
17285,075025,298,11,0,0
17286,075025,307,11,0,0
17287,075025,239,7,0,0
17288,075025,286,11,0,0
17289,075025,296,11,0,0
17290,075025,233,7,0,0
17291,075025,317,11,0,0
17292,075025,286,11,0,0
17293,075025,225,7,0,0
17294,075025,310,11,0,0
17295,075025,319,11,0,0
17296,075035,684,7,0,0
17297,075035,762,11,0,0
17298,075035,771,11,0,0
17299,075035,703,7,0,0
17300,075035,750,11,0,0
17301,075035,760,11,0,0
17302,075035,697,7,0,0
17303,075035,781,11,0,0
17304,075035,750,11,0,0
17305,075035,689,7,0,0
17306,075035,774,11,0,0
17307,075035,783,11,0,0
17308,075035,684,7,0,0
17309,075035,762,11,0,0
17310,075035,771,11,0,0
17311,075035,703,7,0,0
17312,075035,750,11,0,0
17313,075035,760,11,0,0
17314,075035,697,7,0,0
17315,075035,781,11,0,0
17316,075035,750,11,0,0
17317,075035,689,7,0,0
17318,075035,774,11,0,0
17319,075035,783,11,0,0
17320,075035,684,7,0,0
17321,075035,762,11,0,0
17322,075035,771,11,0,0
17323,075035,703,7,0,0
17324,075035,750,11,0,0
17325,075035,760,11,0,0
17326,075035,697,7,0,0
17327,075035,781,11,0,0
17328,075035,750,11,0,0
17329,075035,689,7,0,0
17330,075035,774,11,0,0
17331,075035,783,11,0,0
17332,075035,684,7,0,0
17333,075035,762,11,0,0
17334,075035,771,11,0,0
17335,075035,703,7,0,0
17336,075035,750,11,0,0
17337,075035,760,11,0,0
17338,075035,697,7,0,0
17339,075035,781,11,0,0
17340,075035,750,11,0,0
17341,075035,689,7,0,0
17342,075035,774,11,0,0
17343,075035,783,11,0,0
17344,075035,693,7,0,0
17345,075035,771,11,0,0
17346,075035,781,11,0,0
17347,075035,713,7,0,0
17348,075035,760,11,0,0
17349,075035,770,11,0,0
17350,075035,707,7,0,0
17351,075035,793,11,0,0
17352,075035,761,11,0,0
17353,075035,699,7,0,0
17354,075035,781,11,0,0
17355,075035,791,11,0,0
17356,075035,693,7,0,0
17357,075035,771,11,0,0
17358,075035,781,11,0,0
17359,075035,713,7,0,0
17360,075035,760,11,0,0
17361,075035,770,11,0,0
17362,075035,707,7,0,0
17363,075035,793,11,0,0
17364,075035,761,11,0,0
17365,075035,699,7,0,0
17366,075035,781,11,0,0
17367,075035,791,11,0,0
17368,075035,693,7,0,0
17369,075035,771,11,0,0
17370,075035,781,11,0,0
17371,075035,713,7,0,0
17372,075035,760,11,0,0
17373,075035,770,11,0,0
17374,075035,707,7,0,0
17375,075035,793,11,0,0
17376,075035,761,11,0,0
17377,075035,699,7,0,0
17378,075035,781,11,0,0
17379,075035,791,11,0,0
17380,075035,693,7,0,0
17381,075035,771,11,0,0
17382,075035,781,11,0,0
17383,075035,713,7,0,0
17384,075035,760,11,0,0
17385,075035,770,11,0,0
17386,075035,707,7,0,0
17387,075035,793,11,0,0
17388,075035,761,11,0,0
17389,075035,699,7,0,0
17390,075035,781,11,0,0
17391,075035,791,11,0,0
17392,075035,684,7,0,0
17393,075035,762,11,0,0
17394,075035,771,11,0,0
17395,075035,703,7,0,0
17396,075035,750,11,0,0
17397,075035,760,11,0,0
17398,075035,697,7,0,0
17399,075035,781,11,0,0
17400,075035,750,11,0,0
17401,075035,689,7,0,0
17402,075035,774,11,0,0
17403,075035,783,11,0,0
17404,075035,684,7,0,0
17405,075035,762,11,0,0
17406,075035,771,11,0,0
17407,075035,703,7,0,0
17408,075035,750,11,0,0
17409,075035,760,11,0,0
17410,075035,697,7,0,0
17411,075035,781,11,0,0
17412,075035,750,11,0,0
17413,075035,689,7,0,0
17414,075035,774,11,0,0
17415,075035,783,11,0,0
17416,075035,684,7,0,0
17417,075035,762,11,0,0
17418,075035,771,11,0,0
17419,075035,703,7,0,0
17420,075035,750,11,0,0
17421,075035,760,11,0,0
17422,075035,697,7,0,0
17423,075035,781,11,0,0
17424,075035,750,11,0,0
17425,075035,689,7,0,0
17426,075035,774,11,0,0
17427,075035,783,11,0,0
17428,075035,684,7,0,0
17429,075035,762,11,0,0
17430,075035,771,11,0,0
17431,075035,703,7,0,0
17432,075035,750,11,0,0
17433,075035,760,11,0,0
17434,075035,697,7,0,0
17435,075035,781,11,0,0
17436,075035,750,11,0,0
17437,075035,689,7,0,0
17438,075035,774,11,0,0
17439,075035,783,11,0,0
17440,075035,684,7,0,0
17441,075035,762,11,0,0
17442,075035,771,11,0,0
17443,075035,703,7,0,0
17444,075035,750,11,0,0
17445,075035,760,11,0,0
17446,075035,697,7,0,0
17447,075035,781,11,0,0
17448,075035,750,11,0,0
17449,075035,689,7,0,0
17450,075035,774,11,0,0
17451,075035,783,11,0,0
17452,075035,684,7,0,0
17453,075035,762,11,0,0
17454,075035,771,11,0,0
17455,075035,703,7,0,0
17456,075035,750,11,0,0
17457,075035,760,11,0,0
17458,075035,697,7,0,0
17459,075035,781,11,0,0
17460,075035,750,11,0,0
17461,075035,689,7,0,0
17462,075035,774,11,0,0
17463,075035,783,11,0,0
17464,075035,684,7,0,0
17465,075035,762,11,0,0
17466,075035,771,11,0,0
17467,075035,703,7,0,0
17468,075035,750,11,0,0
17469,075035,760,11,0,0
17470,075035,697,7,0,0
17471,075035,781,11,0,0
17472,075035,750,11,0,0
17473,075035,689,7,0,0
17474,075035,774,11,0,0
17475,075035,783,11,0,0
17476,075035,684,7,0,0
17477,075035,762,11,0,0
17478,075035,771,11,0,0
17479,075035,703,7,0,0
17480,075035,750,11,0,0
17481,075035,760,11,0,0
17482,075035,697,7,0,0
17483,075035,781,11,0,0
17484,075035,750,11,0,0
17485,075035,689,7,0,0
17486,075035,774,11,0,0
17487,075035,783,11,0,0
17488,075035,684,7,0,0
17489,075035,762,11,0,0
17490,075035,771,11,0,0
17491,075035,703,7,0,0
17492,075035,750,11,0,0
17493,075035,760,11,0,0
17494,075035,697,7,0,0
17495,075035,781,11,0,0
17496,075035,750,11,0,0
17497,075035,689,7,0,0
17498,075035,774,11,0,0
17499,075035,783,11,0,0
17500,075035,684,7,0,0
17501,075035,762,11,0,0
17502,075035,771,11,0,0
17503,075035,703,7,0,0
17504,075035,750,11,0,0
17505,075035,760,11,0,0
17506,075035,697,7,0,0
17507,075035,781,11,0,0
17508,075035,750,11,0,0
17509,075035,689,7,0,0
17510,075035,774,11,0,0
17511,075035,783,11,0,0
17512,075035,684,7,0,0
17513,075035,762,11,0,0
17514,075035,771,11,0,0
17515,075035,703,7,0,0
17516,075035,750,11,0,0
17517,075035,760,11,0,0
17518,075035,697,7,0,0
17519,075035,781,11,0,0
17520,075035,750,11,0,0
17521,075035,689,7,0,0
17522,075035,774,11,0,0
17523,075035,783,11,0,0
17524,075035,684,7,0,0
17525,075035,762,11,0,0
17526,075035,771,11,0,0
17527,075035,703,7,0,0
17528,075035,750,11,0,0
17529,075035,760,11,0,0
17530,075035,697,7,0,0
17531,075035,781,11,0,0
17532,075035,750,11,0,0
17533,075035,689,7,0,0
17534,075035,774,11,0,0
17535,075035,783,11,0,0
17536,075035,249,9,0,0
17537,075035,327,13,0,0
17538,075035,265,9,0,0
17539,075035,273,9,0,0
17540,075035,316,13,0,0
17541,075035,254,9,0,0
17542,075035,265,9,0,0
17543,075035,351,13,0,0
17544,075035,249,9,0,0
17545,075035,255,9,0,0
17546,075035,341,13,0,0
17547,075035,273,9,0,0
17548,075035,248,9,0,0
17549,075035,326,13,0,0
17550,075035,265,9,0,0
17551,075035,273,9,0,0
17552,075035,316,13,0,0
17553,075035,254,9,0,0
17554,075035,265,9,0,0
17555,075035,351,13,0,0
17556,075035,249,9,0,0
17557,075035,255,9,0,0
17558,075035,341,13,0,0
17559,075035,273,9,0,0
17560,075035,248,9,0,0
17561,075035,326,13,0,0
17562,075035,265,9,0,0
17563,075035,273,9,0,0
17564,075035,316,13,0,0
17565,075035,254,9,0,0
17566,075035,265,9,0,0
17567,075035,351,13,0,0
17568,075035,249,9,0,0
17569,075035,255,9,0,0
17570,075035,341,13,0,0
17571,075035,273,9,0,0
17572,075035,248,9,0,0
17573,075035,326,13,0,0
17574,075035,265,9,0,0
17575,075035,273,9,0,0
17576,075035,316,13,0,0
17577,075035,254,9,0,0
17578,075035,265,9,0,0
17579,075035,351,13,0,0
17580,075035,249,9,0,0
17581,075035,255,9,0,0
17582,075035,341,13,0,0
17583,075035,273,9,0,0
17584,075035,248,9,0,0
17585,075035,326,13,0,0
17586,075035,265,9,0,0
17587,075035,275,9,0,0
17588,075035,318,13,0,0
17589,075035,254,9,0,0
17590,075035,265,9,0,0
17591,075035,355,13,0,0
17592,075035,250,9,0,0
17593,075035,254,9,0,0
17594,075035,341,13,0,0
17595,075035,275,9,0,0
17596,075035,250,9,0,0
17597,075035,326,13,0,0
17598,075035,265,9,0,0
17599,075035,275,9,0,0
17600,075035,318,13,0,0
17601,075035,254,9,0,0
17602,075035,265,9,0,0
17603,075035,355,13,0,0
17604,075035,250,9,0,0
17605,075035,254,9,0,0
17606,075035,341,13,0,0
17607,075035,275,9,0,0
17608,075035,250,9,0,0
17609,075035,326,13,0,0
17610,075035,265,9,0,0
17611,075035,275,9,0,0
17612,075035,318,13,0,0
17613,075035,254,9,0,0
17614,075035,265,9,0,0
17615,075035,355,13,0,0
17616,075035,250,9,0,0
17617,075035,254,9,0,0
17618,075035,341,13,0,0
17619,075035,275,9,0,0
17620,075035,250,9,0,0
17621,075035,326,13,0,0
17622,075035,265,9,0,0
17623,075035,275,9,0,0
17624,075035,318,13,0,0
17625,075035,254,9,0,0
17626,075035,265,9,0,0
17627,075035,355,13,0,0
17628,075035,250,9,0,0
17629,075035,254,9,0,0
17630,075035,341,13,0,0
17631,075035,275,9,0,0
17632,075006,344,7,0,0
17633,075006,420,11,0,0
17634,075006,429,11,0,0
17635,075006,363,7,0,0
17636,075006,410,11,0,0
17637,075006,418,11,0,0
17638,075006,355,7,0,0
17639,075006,441,11,0,0
17640,075006,410,11,0,0
17641,075006,348,7,0,0
17642,075006,431,11,0,0
17643,075006,443,11,0,0
17644,075006,344,7,0,0
17645,075006,420,11,0,0
17646,075006,429,11,0,0
17647,075006,363,7,0,0
17648,075006,410,11,0,0
17649,075006,418,11,0,0
17650,075006,355,7,0,0
17651,075006,441,11,0,0
17652,075006,410,11,0,0
17653,075006,348,7,0,0
17654,075006,431,11,0,0
17655,075006,443,11,0,0
17656,075006,344,7,0,0
17657,075006,420,11,0,0
17658,075006,429,11,0,0
17659,075006,363,7,0,0
17660,075006,410,11,0,0
17661,075006,418,11,0,0
17662,075006,355,7,0,0
17663,075006,441,11,0,0
17664,075006,410,11,0,0
17665,075006,348,7,0,0
17666,075006,431,11,0,0
17667,075006,443,11,0,0
17668,075006,344,7,0,0
17669,075006,420,11,0,0
17670,075006,429,11,0,0
17671,075006,363,7,0,0
17672,075006,410,11,0,0
17673,075006,418,11,0,0
17674,075006,355,7,0,0
17675,075006,441,11,0,0
17676,075006,410,11,0,0
17677,075006,348,7,0,0
17678,075006,431,11,0,0
17679,075006,443,11,0,0
17680,075006,369,7,0,0
17681,075006,447,11,0,0
17682,075006,457,11,0,0
17683,075006,389,7,0,0
17684,075006,436,11,0,0
17685,075006,446,11,0,0
17686,075006,383,7,0,0
17687,075006,469,11,0,0
17688,075006,437,11,0,0
17689,075006,375,7,0,0
17690,075006,457,11,0,0
17691,075006,467,11,0,0
17692,075006,369,7,0,0
17693,075006,447,11,0,0
17694,075006,457,11,0,0
17695,075006,389,7,0,0
17696,075006,436,11,0,0
17697,075006,446,11,0,0
17698,075006,383,7,0,0
17699,075006,469,11,0,0
17700,075006,437,11,0,0
17701,075006,375,7,0,0
17702,075006,457,11,0,0
17703,075006,467,11,0,0
17704,075006,369,7,0,0
17705,075006,447,11,0,0
17706,075006,457,11,0,0
17707,075006,389,7,0,0
17708,075006,436,11,0,0
17709,075006,446,11,0,0
17710,075006,383,7,0,0
17711,075006,469,11,0,0
17712,075006,437,11,0,0
17713,075006,375,7,0,0
17714,075006,457,11,0,0
17715,075006,467,11,0,0
17716,075006,369,7,0,0
17717,075006,447,11,0,0
17718,075006,457,11,0,0
17719,075006,389,7,0,0
17720,075006,436,11,0,0
17721,075006,446,11,0,0
17722,075006,383,7,0,0
17723,075006,469,11,0,0
17724,075006,437,11,0,0
17725,075006,375,7,0,0
17726,075006,457,11,0,0
17727,075006,467,11,0,0
17728,075006,344,7,0,0
17729,075006,420,11,0,0
17730,075006,429,11,0,0
17731,075006,363,7,0,0
17732,075006,410,11,0,0
17733,075006,418,11,0,0
17734,075006,355,7,0,0
17735,075006,441,11,0,0
17736,075006,410,11,0,0
17737,075006,348,7,0,0
17738,075006,431,11,0,0
17739,075006,443,11,0,0
17740,075006,344,7,0,0
17741,075006,420,11,0,0
17742,075006,429,11,0,0
17743,075006,363,7,0,0
17744,075006,410,11,0,0
17745,075006,418,11,0,0
17746,075006,355,7,0,0
17747,075006,441,11,0,0
17748,075006,410,11,0,0
17749,075006,348,7,0,0
17750,075006,431,11,0,0
17751,075006,443,11,0,0
17752,075006,344,7,0,0
17753,075006,420,11,0,0
17754,075006,429,11,0,0
17755,075006,363,7,0,0
17756,075006,410,11,0,0
17757,075006,418,11,0,0
17758,075006,355,7,0,0
17759,075006,441,11,0,0
17760,075006,410,11,0,0
17761,075006,348,7,0,0
17762,075006,431,11,0,0
17763,075006,443,11,0,0
17764,075006,344,7,0,0
17765,075006,420,11,0,0
17766,075006,429,11,0,0
17767,075006,363,7,0,0
17768,075006,410,11,0,0
17769,075006,418,11,0,0
17770,075006,355,7,0,0
17771,075006,441,11,0,0
17772,075006,410,11,0,0
17773,075006,348,7,0,0
17774,075006,431,11,0,0
17775,075006,443,11,0,0
17776,075006,328,7,0,0
17777,075006,406,11,0,0
17778,075006,415,11,0,0
17779,075006,347,7,0,0
17780,075006,394,11,0,0
17781,075006,404,11,0,0
17782,075006,341,7,0,0
17783,075006,425,11,0,0
17784,075006,394,11,0,0
17785,075006,333,7,0,0
17786,075006,418,11,0,0
17787,075006,427,11,0,0
17788,075006,328,7,0,0
17789,075006,406,11,0,0
17790,075006,415,11,0,0
17791,075006,347,7,0,0
17792,075006,394,11,0,0
17793,075006,404,11,0,0
17794,075006,341,7,0,0
17795,075006,425,11,0,0
17796,075006,394,11,0,0
17797,075006,333,7,0,0
17798,075006,418,11,0,0
17799,075006,427,11,0,0
17800,075006,328,7,0,0
17801,075006,406,11,0,0
17802,075006,415,11,0,0
17803,075006,347,7,0,0
17804,075006,394,11,0,0
17805,075006,404,11,0,0
17806,075006,341,7,0,0
17807,075006,425,11,0,0
17808,075006,394,11,0,0
17809,075006,333,7,0,0
17810,075006,418,11,0,0
17811,075006,427,11,0,0
17812,075006,328,7,0,0
17813,075006,406,11,0,0
17814,075006,415,11,0,0
17815,075006,347,7,0,0
17816,075006,394,11,0,0
17817,075006,404,11,0,0
17818,075006,341,7,0,0
17819,075006,425,11,0,0
17820,075006,394,11,0,0
17821,075006,333,7,0,0
17822,075006,418,11,0,0
17823,075006,427,11,0,0
17824,075006,322,9,0,0
17825,075006,398,13,0,0
17826,075006,337,9,0,0
17827,075006,347,9,0,0
17828,075006,390,13,0,0
17829,075006,326,9,0,0
17830,075006,337,9,0,0
17831,075006,427,13,0,0
17832,075006,322,9,0,0
17833,075006,326,9,0,0
17834,075006,413,13,0,0
17835,075006,347,9,0,0
17836,075006,322,9,0,0
17837,075006,398,13,0,0
17838,075006,337,9,0,0
17839,075006,347,9,0,0
17840,075006,390,13,0,0
17841,075006,326,9,0,0
17842,075006,337,9,0,0
17843,075006,427,13,0,0
17844,075006,322,9,0,0
17845,075006,326,9,0,0
17846,075006,413,13,0,0
17847,075006,347,9,0,0
17848,075006,322,9,0,0
17849,075006,398,13,0,0
17850,075006,337,9,0,0
17851,075006,347,9,0,0
17852,075006,390,13,0,0
17853,075006,326,9,0,0
17854,075006,337,9,0,0
17855,075006,427,13,0,0
17856,075006,322,9,0,0
17857,075006,326,9,0,0
17858,075006,413,13,0,0
17859,075006,347,9,0,0
17860,075006,322,9,0,0
17861,075006,398,13,0,0
17862,075006,337,9,0,0
17863,075006,347,9,0,0
17864,075006,390,13,0,0
17865,075006,326,9,0,0
17866,075006,337,9,0,0
17867,075006,427,13,0,0
17868,075006,322,9,0,0
17869,075006,326,9,0,0
17870,075006,413,13,0,0
17871,075006,347,9,0,0
17872,075006,337,7,0,0
17873,075006,415,11,0,0
17874,075006,425,11,0,0
17875,075006,357,7,0,0
17876,075006,404,11,0,0
17877,075006,414,11,0,0
17878,075006,351,7,0,0
17879,075006,437,11,0,0
17880,075006,405,11,0,0
17881,075006,343,7,0,0
17882,075006,425,11,0,0
17883,075006,435,11,0,0
17884,075006,337,7,0,0
17885,075006,415,11,0,0
17886,075006,425,11,0,0
17887,075006,357,7,0,0
17888,075006,404,11,0,0
17889,075006,414,11,0,0
17890,075006,351,7,0,0
17891,075006,437,11,0,0
17892,075006,405,11,0,0
17893,075006,343,7,0,0
17894,075006,425,11,0,0
17895,075006,435,11,0,0
17896,075006,337,7,0,0
17897,075006,415,11,0,0
17898,075006,425,11,0,0
17899,075006,357,7,0,0
17900,075006,404,11,0,0
17901,075006,414,11,0,0
17902,075006,351,7,0,0
17903,075006,437,11,0,0
17904,075006,405,11,0,0
17905,075006,343,7,0,0
17906,075006,425,11,0,0
17907,075006,435,11,0,0
17908,075006,337,7,0,0
17909,075006,415,11,0,0
17910,075006,425,11,0,0
17911,075006,357,7,0,0
17912,075006,404,11,0,0
17913,075006,414,11,0,0
17914,075006,351,7,0,0
17915,075006,437,11,0,0
17916,075006,405,11,0,0
17917,075006,343,7,0,0
17918,075006,425,11,0,0
17919,075006,435,11,0,0
17920,075006,249,7,0,0
17921,075006,327,11,0,0
17922,075006,337,11,0,0
17923,075006,269,7,0,0
17924,075006,316,11,0,0
17925,075006,326,11,0,0
17926,075006,263,7,0,0
17927,075006,349,11,0,0
17928,075006,317,11,0,0
17929,075006,255,7,0,0
17930,075006,337,11,0,0
17931,075006,347,11,0,0
17932,075006,249,7,0,0
17933,075006,327,11,0,0
17934,075006,337,11,0,0
17935,075006,269,7,0,0
17936,075006,316,11,0,0
17937,075006,326,11,0,0
17938,075006,263,7,0,0
17939,075006,349,11,0,0
17940,075006,317,11,0,0
17941,075006,255,7,0,0
17942,075006,337,11,0,0
17943,075006,347,11,0,0
17944,075006,249,7,0,0
17945,075006,327,11,0,0
17946,075006,337,11,0,0
17947,075006,269,7,0,0
17948,075006,316,11,0,0
17949,075006,326,11,0,0
17950,075006,263,7,0,0
17951,075006,349,11,0,0
17952,075006,317,11,0,0
17953,075006,255,7,0,0
17954,075006,337,11,0,0
17955,075006,347,11,0,0
17956,075006,249,7,0,0
17957,075006,327,11,0,0
17958,075006,337,11,0,0
17959,075006,269,7,0,0
17960,075006,316,11,0,0
17961,075006,326,11,0,0
17962,075006,263,7,0,0
17963,075006,349,11,0,0
17964,075006,317,11,0,0
17965,075006,255,7,0,0
17966,075006,337,11,0,0
17967,075006,347,11,0,0
17968,075016,252,7,0,0
17969,075016,330,11,0,0
17970,075016,339,11,0,0
17971,075016,271,7,0,0
17972,075016,318,11,0,0
17973,075016,328,11,0,0
17974,075016,265,7,0,0
17975,075016,349,11,0,0
17976,075016,318,11,0,0
17977,075016,257,7,0,0
17978,075016,342,11,0,0
17979,075016,351,11,0,0
17980,075016,252,7,0,0
17981,075016,330,11,0,0
17982,075016,339,11,0,0
17983,075016,271,7,0,0
17984,075016,318,11,0,0
17985,075016,328,11,0,0
17986,075016,265,7,0,0
17987,075016,349,11,0,0
17988,075016,318,11,0,0
17989,075016,257,7,0,0
17990,075016,342,11,0,0
17991,075016,351,11,0,0
17992,075016,252,7,0,0
17993,075016,330,11,0,0
17994,075016,339,11,0,0
17995,075016,271,7,0,0
17996,075016,318,11,0,0
17997,075016,328,11,0,0
17998,075016,265,7,0,0
17999,075016,349,11,0,0
18000,075016,318,11,0,0
18001,075016,257,7,0,0
18002,075016,342,11,0,0
18003,075016,351,11,0,0
18004,075016,252,7,0,0
18005,075016,330,11,0,0
18006,075016,339,11,0,0
18007,075016,271,7,0,0
18008,075016,318,11,0,0
18009,075016,328,11,0,0
18010,075016,265,7,0,0
18011,075016,349,11,0,0
18012,075016,318,11,0,0
18013,075016,257,7,0,0
18014,075016,342,11,0,0
18015,075016,351,11,0,0
18016,075016,360,7,0,0
18017,075016,438,11,0,0
18018,075016,447,11,0,0
18019,075016,379,7,0,0
18020,075016,426,11,0,0
18021,075016,436,11,0,0
18022,075016,373,7,0,0
18023,075016,457,11,0,0
18024,075016,426,11,0,0
18025,075016,365,7,0,0
18026,075016,450,11,0,0
18027,075016,459,11,0,0
18028,075016,360,7,0,0
18029,075016,438,11,0,0
18030,075016,447,11,0,0
18031,075016,379,7,0,0
18032,075016,426,11,0,0
18033,075016,436,11,0,0
18034,075016,373,7,0,0
18035,075016,457,11,0,0
18036,075016,426,11,0,0
18037,075016,365,7,0,0
18038,075016,450,11,0,0
18039,075016,459,11,0,0
18040,075016,360,7,0,0
18041,075016,438,11,0,0
18042,075016,447,11,0,0
18043,075016,379,7,0,0
18044,075016,426,11,0,0
18045,075016,436,11,0,0
18046,075016,373,7,0,0
18047,075016,457,11,0,0
18048,075016,426,11,0,0
18049,075016,365,7,0,0
18050,075016,450,11,0,0
18051,075016,459,11,0,0
18052,075016,360,7,0,0
18053,075016,438,11,0,0
18054,075016,447,11,0,0
18055,075016,379,7,0,0
18056,075016,426,11,0,0
18057,075016,436,11,0,0
18058,075016,373,7,0,0
18059,075016,457,11,0,0
18060,075016,426,11,0,0
18061,075016,365,7,0,0
18062,075016,450,11,0,0
18063,075016,459,11,0,0
18064,075016,429,7,0,0
18065,075016,507,11,0,0
18066,075016,517,11,0,0
18067,075016,449,7,0,0
18068,075016,496,11,0,0
18069,075016,506,11,0,0
18070,075016,443,7,0,0
18071,075016,529,11,0,0
18072,075016,497,11,0,0
18073,075016,435,7,0,0
18074,075016,517,11,0,0
18075,075016,527,11,0,0
18076,075016,429,7,0,0
18077,075016,507,11,0,0
18078,075016,517,11,0,0
18079,075016,449,7,0,0
18080,075016,496,11,0,0
18081,075016,506,11,0,0
18082,075016,443,7,0,0
18083,075016,529,11,0,0
18084,075016,497,11,0,0
18085,075016,435,7,0,0
18086,075016,517,11,0,0
18087,075016,527,11,0,0
18088,075016,429,7,0,0
18089,075016,507,11,0,0
18090,075016,517,11,0,0
18091,075016,449,7,0,0
18092,075016,496,11,0,0
18093,075016,506,11,0,0
18094,075016,443,7,0,0
18095,075016,529,11,0,0
18096,075016,497,11,0,0
18097,075016,435,7,0,0
18098,075016,517,11,0,0
18099,075016,527,11,0,0
18100,075016,429,7,0,0
18101,075016,507,11,0,0
18102,075016,517,11,0,0
18103,075016,449,7,0,0
18104,075016,496,11,0,0
18105,075016,506,11,0,0
18106,075016,443,7,0,0
18107,075016,529,11,0,0
18108,075016,497,11,0,0
18109,075016,435,7,0,0
18110,075016,517,11,0,0
18111,075016,527,11,0,0
18112,075016,337,7,0,0
18113,075016,415,11,0,0
18114,075016,425,11,0,0
18115,075016,357,7,0,0
18116,075016,404,11,0,0
18117,075016,414,11,0,0
18118,075016,351,7,0,0
18119,075016,437,11,0,0
18120,075016,405,11,0,0
18121,075016,343,7,0,0
18122,075016,425,11,0,0
18123,075016,435,11,0,0
18124,075016,337,7,0,0
18125,075016,415,11,0,0
18126,075016,425,11,0,0
18127,075016,357,7,0,0
18128,075016,404,11,0,0
18129,075016,414,11,0,0
18130,075016,351,7,0,0
18131,075016,437,11,0,0
18132,075016,405,11,0,0
18133,075016,343,7,0,0
18134,075016,425,11,0,0
18135,075016,435,11,0,0
18136,075016,337,7,0,0
18137,075016,415,11,0,0
18138,075016,425,11,0,0
18139,075016,357,7,0,0
18140,075016,404,11,0,0
18141,075016,414,11,0,0
18142,075016,351,7,0,0
18143,075016,437,11,0,0
18144,075016,405,11,0,0
18145,075016,343,7,0,0
18146,075016,425,11,0,0
18147,075016,435,11,0,0
18148,075016,337,7,0,0
18149,075016,415,11,0,0
18150,075016,425,11,0,0
18151,075016,357,7,0,0
18152,075016,404,11,0,0
18153,075016,414,11,0,0
18154,075016,351,7,0,0
18155,075016,437,11,0,0
18156,075016,405,11,0,0
18157,075016,343,7,0,0
18158,075016,425,11,0,0
18159,075016,435,11,0,0
18160,075016,252,7,0,0
18161,075016,330,11,0,0
18162,075016,339,11,0,0
18163,075016,271,7,0,0
18164,075016,318,11,0,0
18165,075016,328,11,0,0
18166,075016,265,7,0,0
18167,075016,349,11,0,0
18168,075016,318,11,0,0
18169,075016,257,7,0,0
18170,075016,342,11,0,0
18171,075016,351,11,0,0
18172,075016,252,7,0,0
18173,075016,330,11,0,0
18174,075016,339,11,0,0
18175,075016,271,7,0,0
18176,075016,318,11,0,0
18177,075016,328,11,0,0
18178,075016,265,7,0,0
18179,075016,349,11,0,0
18180,075016,318,11,0,0
18181,075016,257,7,0,0
18182,075016,342,11,0,0
18183,075016,351,11,0,0
18184,075016,252,7,0,0
18185,075016,330,11,0,0
18186,075016,339,11,0,0
18187,075016,271,7,0,0
18188,075016,318,11,0,0
18189,075016,328,11,0,0
18190,075016,265,7,0,0
18191,075016,349,11,0,0
18192,075016,318,11,0,0
18193,075016,257,7,0,0
18194,075016,342,11,0,0
18195,075016,351,11,0,0
18196,075016,252,7,0,0
18197,075016,330,11,0,0
18198,075016,339,11,0,0
18199,075016,271,7,0,0
18200,075016,318,11,0,0
18201,075016,328,11,0,0
18202,075016,265,7,0,0
18203,075016,349,11,0,0
18204,075016,318,11,0,0
18205,075016,257,7,0,0
18206,075016,342,11,0,0
18207,075016,351,11,0,0
18208,075016,340,7,0,0
18209,075016,418,11,0,0
18210,075016,427,11,0,0
18211,075016,359,7,0,0
18212,075016,406,11,0,0
18213,075016,416,11,0,0
18214,075016,353,7,0,0
18215,075016,437,11,0,0
18216,075016,406,11,0,0
18217,075016,345,7,0,0
18218,075016,430,11,0,0
18219,075016,439,11,0,0
18220,075016,340,7,0,0
18221,075016,418,11,0,0
18222,075016,427,11,0,0
18223,075016,359,7,0,0
18224,075016,406,11,0,0
18225,075016,416,11,0,0
18226,075016,353,7,0,0
18227,075016,437,11,0,0
18228,075016,406,11,0,0
18229,075016,345,7,0,0
18230,075016,430,11,0,0
18231,075016,439,11,0,0
18232,075016,340,7,0,0
18233,075016,418,11,0,0
18234,075016,427,11,0,0
18235,075016,359,7,0,0
18236,075016,406,11,0,0
18237,075016,416,11,0,0
18238,075016,353,7,0,0
18239,075016,437,11,0,0
18240,075016,406,11,0,0
18241,075016,345,7,0,0
18242,075016,430,11,0,0
18243,075016,439,11,0,0
18244,075016,340,7,0,0
18245,075016,418,11,0,0
18246,075016,427,11,0,0
18247,075016,359,7,0,0
18248,075016,406,11,0,0
18249,075016,416,11,0,0
18250,075016,353,7,0,0
18251,075016,437,11,0,0
18252,075016,406,11,0,0
18253,075016,345,7,0,0
18254,075016,430,11,0,0
18255,075016,439,11,0,0
18256,075016,252,7,0,0
18257,075016,330,11,0,0
18258,075016,339,11,0,0
18259,075016,271,7,0,0
18260,075016,318,11,0,0
18261,075016,328,11,0,0
18262,075016,265,7,0,0
18263,075016,349,11,0,0
18264,075016,318,11,0,0
18265,075016,257,7,0,0
18266,075016,342,11,0,0
18267,075016,351,11,0,0
18268,075016,252,7,0,0
18269,075016,330,11,0,0
18270,075016,339,11,0,0
18271,075016,271,7,0,0
18272,075016,318,11,0,0
18273,075016,328,11,0,0
18274,075016,265,7,0,0
18275,075016,349,11,0,0
18276,075016,318,11,0,0
18277,075016,257,7,0,0
18278,075016,342,11,0,0
18279,075016,351,11,0,0
18280,075016,252,7,0,0
18281,075016,330,11,0,0
18282,075016,339,11,0,0
18283,075016,271,7,0,0
18284,075016,318,11,0,0
18285,075016,328,11,0,0
18286,075016,265,7,0,0
18287,075016,349,11,0,0
18288,075016,318,11,0,0
18289,075016,257,7,0,0
18290,075016,342,11,0,0
18291,075016,351,11,0,0
18292,075016,252,7,0,0
18293,075016,330,11,0,0
18294,075016,339,11,0,0
18295,075016,271,7,0,0
18296,075016,318,11,0,0
18297,075016,328,11,0,0
18298,075016,265,7,0,0
18299,075016,349,11,0,0
18300,075016,318,11,0,0
18301,075016,257,7,0,0
18302,075016,342,11,0,0
18303,075016,351,11,0,0
18304,075026,544,7,0,0
18305,075026,622,11,0,0
18306,075026,631,11,0,0
18307,075026,563,7,0,0
18308,075026,610,11,0,0
18309,075026,620,11,0,0
18310,075026,557,7,0,0
18311,075026,641,11,0,0
18312,075026,610,11,0,0
18313,075026,549,7,0,0
18314,075026,634,11,0,0
18315,075026,643,11,0,0
18316,075026,544,7,0,0
18317,075026,622,11,0,0
18318,075026,631,11,0,0
18319,075026,563,7,0,0
18320,075026,610,11,0,0
18321,075026,620,11,0,0
18322,075026,557,7,0,0
18323,075026,641,11,0,0
18324,075026,610,11,0,0
18325,075026,549,7,0,0
18326,075026,634,11,0,0
18327,075026,643,11,0,0
18328,075026,544,7,0,0
18329,075026,622,11,0,0
18330,075026,631,11,0,0
18331,075026,563,7,0,0
18332,075026,610,11,0,0
18333,075026,620,11,0,0
18334,075026,557,7,0,0
18335,075026,641,11,0,0
18336,075026,610,11,0,0
18337,075026,549,7,0,0
18338,075026,634,11,0,0
18339,075026,643,11,0,0
18340,075026,544,7,0,0
18341,075026,622,11,0,0
18342,075026,631,11,0,0
18343,075026,563,7,0,0
18344,075026,610,11,0,0
18345,075026,620,11,0,0
18346,075026,557,7,0,0
18347,075026,641,11,0,0
18348,075026,610,11,0,0
18349,075026,549,7,0,0
18350,075026,634,11,0,0
18351,075026,643,11,0,0
18352,075026,548,7,0,0
18353,075026,624,11,0,0
18354,075026,633,11,0,0
18355,075026,567,7,0,0
18356,075026,614,11,0,0
18357,075026,622,11,0,0
18358,075026,559,7,0,0
18359,075026,645,11,0,0
18360,075026,614,11,0,0
18361,075026,552,7,0,0
18362,075026,635,11,0,0
18363,075026,647,11,0,0
18364,075026,548,7,0,0
18365,075026,624,11,0,0
18366,075026,633,11,0,0
18367,075026,567,7,0,0
18368,075026,614,11,0,0
18369,075026,622,11,0,0
18370,075026,559,7,0,0
18371,075026,645,11,0,0
18372,075026,614,11,0,0
18373,075026,552,7,0,0
18374,075026,635,11,0,0
18375,075026,647,11,0,0
18376,075026,548,7,0,0
18377,075026,624,11,0,0
18378,075026,633,11,0,0
18379,075026,567,7,0,0
18380,075026,614,11,0,0
18381,075026,622,11,0,0
18382,075026,559,7,0,0
18383,075026,645,11,0,0
18384,075026,614,11,0,0
18385,075026,552,7,0,0
18386,075026,635,11,0,0
18387,075026,647,11,0,0
18388,075026,548,7,0,0
18389,075026,624,11,0,0
18390,075026,633,11,0,0
18391,075026,567,7,0,0
18392,075026,614,11,0,0
18393,075026,622,11,0,0
18394,075026,559,7,0,0
18395,075026,645,11,0,0
18396,075026,614,11,0,0
18397,075026,552,7,0,0
18398,075026,635,11,0,0
18399,075026,647,11,0,0
18400,075026,525,9,0,0
18401,075026,603,13,0,0
18402,075026,541,9,0,0
18403,075026,549,9,0,0
18404,075026,592,13,0,0
18405,075026,530,9,0,0
18406,075026,541,9,0,0
18407,075026,627,13,0,0
18408,075026,525,9,0,0
18409,075026,531,9,0,0
18410,075026,617,13,0,0
18411,075026,549,9,0,0
18412,075026,524,9,0,0
18413,075026,602,13,0,0
18414,075026,541,9,0,0
18415,075026,549,9,0,0
18416,075026,592,13,0,0
18417,075026,530,9,0,0
18418,075026,541,9,0,0
18419,075026,627,13,0,0
18420,075026,525,9,0,0
18421,075026,531,9,0,0
18422,075026,617,13,0,0
18423,075026,549,9,0,0
18424,075026,524,9,0,0
18425,075026,602,13,0,0
18426,075026,541,9,0,0
18427,075026,549,9,0,0
18428,075026,592,13,0,0
18429,075026,530,9,0,0
18430,075026,541,9,0,0
18431,075026,627,13,0,0
18432,075026,525,9,0,0
18433,075026,531,9,0,0
18434,075026,617,13,0,0
18435,075026,549,9,0,0
18436,075026,524,9,0,0
18437,075026,602,13,0,0
18438,075026,541,9,0,0
18439,075026,549,9,0,0
18440,075026,592,13,0,0
18441,075026,530,9,0,0
18442,075026,541,9,0,0
18443,075026,627,13,0,0
18444,075026,525,9,0,0
18445,075026,531,9,0,0
18446,075026,617,13,0,0
18447,075026,549,9,0,0
18448,075026,543,7,0,0
18449,075026,621,11,0,0
18450,075026,631,11,0,0
18451,075026,563,7,0,0
18452,075026,610,11,0,0
18453,075026,620,11,0,0
18454,075026,557,7,0,0
18455,075026,641,11,0,0
18456,075026,610,11,0,0
18457,075026,549,7,0,0
18458,075026,634,11,0,0
18459,075026,643,11,0,0
18460,075026,544,7,0,0
18461,075026,622,11,0,0
18462,075026,631,11,0,0
18463,075026,563,7,0,0
18464,075026,610,11,0,0
18465,075026,620,11,0,0
18466,075026,557,7,0,0
18467,075026,641,11,0,0
18468,075026,610,11,0,0
18469,075026,549,7,0,0
18470,075026,634,11,0,0
18471,075026,643,11,0,0
18472,075026,544,7,0,0
18473,075026,622,11,0,0
18474,075026,631,11,0,0
18475,075026,563,7,0,0
18476,075026,610,11,0,0
18477,075026,620,11,0,0
18478,075026,557,7,0,0
18479,075026,641,11,0,0
18480,075026,610,11,0,0
18481,075026,549,7,0,0
18482,075026,634,11,0,0
18483,075026,643,11,0,0
18484,075026,544,7,0,0
18485,075026,622,11,0,0
18486,075026,631,11,0,0
18487,075026,563,7,0,0
18488,075026,610,11,0,0
18489,075026,620,11,0,0
18490,075026,557,7,0,0
18491,075026,641,11,0,0
18492,075026,610,11,0,0
18493,075026,549,7,0,0
18494,075026,634,11,0,0
18495,075026,643,11,0,0
18496,075026,562,9,0,0
18497,075026,638,13,0,0
18498,075026,577,9,0,0
18499,075026,587,9,0,0
18500,075026,630,13,0,0
18501,075026,568,9,0,0
18502,075026,579,9,0,0
18503,075026,667,13,0,0
18504,075026,562,9,0,0
18505,075026,568,9,0,0
18506,075026,655,13,0,0
18507,075026,587,9,0,0
18508,075026,562,9,0,0
18509,075026,638,13,0,0
18510,075026,577,9,0,0
18511,075026,587,9,0,0
18512,075026,630,13,0,0
18513,075026,568,9,0,0
18514,075026,579,9,0,0
18515,075026,667,13,0,0
18516,075026,562,9,0,0
18517,075026,568,9,0,0
18518,075026,655,13,0,0
18519,075026,587,9,0,0
18520,075026,562,9,0,0
18521,075026,638,13,0,0
18522,075026,577,9,0,0
18523,075026,587,9,0,0
18524,075026,630,13,0,0
18525,075026,568,9,0,0
18526,075026,579,9,0,0
18527,075026,667,13,0,0
18528,075026,562,9,0,0
18529,075026,568,9,0,0
18530,075026,655,13,0,0
18531,075026,587,9,0,0
18532,075026,562,9,0,0
18533,075026,638,13,0,0
18534,075026,577,9,0,0
18535,075026,587,9,0,0
18536,075026,630,13,0,0
18537,075026,568,9,0,0
18538,075026,579,9,0,0
18539,075026,667,13,0,0
18540,075026,562,9,0,0
18541,075026,568,9,0,0
18542,075026,655,13,0,0
18543,075026,587,9,0,0
18544,075026,221,7,0,0
18545,075026,299,11,0,0
18546,075026,309,11,0,0
18547,075026,241,7,0,0
18548,075026,288,11,0,0
18549,075026,298,11,0,0
18550,075026,235,7,0,0
18551,075026,321,11,0,0
18552,075026,289,11,0,0
18553,075026,227,7,0,0
18554,075026,309,11,0,0
18555,075026,319,11,0,0
18556,075026,221,7,0,0
18557,075026,299,11,0,0
18558,075026,309,11,0,0
18559,075026,241,7,0,0
18560,075026,288,11,0,0
18561,075026,298,11,0,0
18562,075026,235,7,0,0
18563,075026,321,11,0,0
18564,075026,289,11,0,0
18565,075026,227,7,0,0
18566,075026,309,11,0,0
18567,075026,319,11,0,0
18568,075026,221,7,0,0
18569,075026,299,11,0,0
18570,075026,309,11,0,0
18571,075026,241,7,0,0
18572,075026,288,11,0,0
18573,075026,298,11,0,0
18574,075026,235,7,0,0
18575,075026,321,11,0,0
18576,075026,289,11,0,0
18577,075026,227,7,0,0
18578,075026,309,11,0,0
18579,075026,319,11,0,0
18580,075026,221,7,0,0
18581,075026,299,11,0,0
18582,075026,309,11,0,0
18583,075026,241,7,0,0
18584,075026,288,11,0,0
18585,075026,298,11,0,0
18586,075026,235,7,0,0
18587,075026,321,11,0,0
18588,075026,289,11,0,0
18589,075026,227,7,0,0
18590,075026,309,11,0,0
18591,075026,319,11,0,0
18592,075026,220,7,0,0
18593,075026,298,11,0,0
18594,075026,307,11,0,0
18595,075026,239,7,0,0
18596,075026,286,11,0,0
18597,075026,296,11,0,0
18598,075026,233,7,0,0
18599,075026,317,11,0,0
18600,075026,286,11,0,0
18601,075026,225,7,0,0
18602,075026,310,11,0,0
18603,075026,319,11,0,0
18604,075026,220,7,0,0
18605,075026,298,11,0,0
18606,075026,307,11,0,0
18607,075026,239,7,0,0
18608,075026,286,11,0,0
18609,075026,296,11,0,0
18610,075026,233,7,0,0
18611,075026,317,11,0,0
18612,075026,286,11,0,0
18613,075026,225,7,0,0
18614,075026,310,11,0,0
18615,075026,319,11,0,0
18616,075026,220,7,0,0
18617,075026,298,11,0,0
18618,075026,307,11,0,0
18619,075026,239,7,0,0
18620,075026,286,11,0,0
18621,075026,296,11,0,0
18622,075026,233,7,0,0
18623,075026,317,11,0,0
18624,075026,286,11,0,0
18625,075026,225,7,0,0
18626,075026,310,11,0,0
18627,075026,319,11,0,0
18628,075026,220,7,0,0
18629,075026,298,11,0,0
18630,075026,307,11,0,0
18631,075026,239,7,0,0
18632,075026,286,11,0,0
18633,075026,296,11,0,0
18634,075026,233,7,0,0
18635,075026,317,11,0,0
18636,075026,286,11,0,0
18637,075026,225,7,0,0
18638,075026,310,11,0,0
18639,075026,319,11,0,0
18640,075036,684,7,0,0
18641,075036,762,11,0,0
18642,075036,771,11,0,0
18643,075036,703,7,0,0
18644,075036,750,11,0,0
18645,075036,760,11,0,0
18646,075036,697,7,0,0
18647,075036,781,11,0,0
18648,075036,750,11,0,0
18649,075036,689,7,0,0
18650,075036,774,11,0,0
18651,075036,783,11,0,0
18652,075036,684,7,0,0
18653,075036,762,11,0,0
18654,075036,771,11,0,0
18655,075036,703,7,0,0
18656,075036,750,11,0,0
18657,075036,760,11,0,0
18658,075036,697,7,0,0
18659,075036,781,11,0,0
18660,075036,750,11,0,0
18661,075036,689,7,0,0
18662,075036,774,11,0,0
18663,075036,783,11,0,0
18664,075036,684,7,0,0
18665,075036,762,11,0,0
18666,075036,771,11,0,0
18667,075036,703,7,0,0
18668,075036,750,11,0,0
18669,075036,760,11,0,0
18670,075036,697,7,0,0
18671,075036,781,11,0,0
18672,075036,750,11,0,0
18673,075036,689,7,0,0
18674,075036,774,11,0,0
18675,075036,783,11,0,0
18676,075036,684,7,0,0
18677,075036,762,11,0,0
18678,075036,771,11,0,0
18679,075036,703,7,0,0
18680,075036,750,11,0,0
18681,075036,760,11,0,0
18682,075036,697,7,0,0
18683,075036,781,11,0,0
18684,075036,750,11,0,0
18685,075036,689,7,0,0
18686,075036,774,11,0,0
18687,075036,783,11,0,0
18688,075036,693,7,0,0
18689,075036,771,11,0,0
18690,075036,781,11,0,0
18691,075036,713,7,0,0
18692,075036,760,11,0,0
18693,075036,770,11,0,0
18694,075036,707,7,0,0
18695,075036,793,11,0,0
18696,075036,761,11,0,0
18697,075036,699,7,0,0
18698,075036,781,11,0,0
18699,075036,791,11,0,0
18700,075036,693,7,0,0
18701,075036,771,11,0,0
18702,075036,781,11,0,0
18703,075036,713,7,0,0
18704,075036,760,11,0,0
18705,075036,770,11,0,0
18706,075036,707,7,0,0
18707,075036,793,11,0,0
18708,075036,761,11,0,0
18709,075036,699,7,0,0
18710,075036,781,11,0,0
18711,075036,791,11,0,0
18712,075036,693,7,0,0
18713,075036,771,11,0,0
18714,075036,781,11,0,0
18715,075036,713,7,0,0
18716,075036,760,11,0,0
18717,075036,770,11,0,0
18718,075036,707,7,0,0
18719,075036,793,11,0,0
18720,075036,761,11,0,0
18721,075036,699,7,0,0
18722,075036,781,11,0,0
18723,075036,791,11,0,0
18724,075036,693,7,0,0
18725,075036,771,11,0,0
18726,075036,781,11,0,0
18727,075036,713,7,0,0
18728,075036,760,11,0,0
18729,075036,770,11,0,0
18730,075036,707,7,0,0
18731,075036,793,11,0,0
18732,075036,761,11,0,0
18733,075036,699,7,0,0
18734,075036,781,11,0,0
18735,075036,791,11,0,0
18736,075036,684,7,0,0
18737,075036,762,11,0,0
18738,075036,771,11,0,0
18739,075036,703,7,0,0
18740,075036,750,11,0,0
18741,075036,760,11,0,0
18742,075036,697,7,0,0
18743,075036,781,11,0,0
18744,075036,750,11,0,0
18745,075036,689,7,0,0
18746,075036,774,11,0,0
18747,075036,783,11,0,0
18748,075036,684,7,0,0
18749,075036,762,11,0,0
18750,075036,771,11,0,0
18751,075036,703,7,0,0
18752,075036,750,11,0,0
18753,075036,760,11,0,0
18754,075036,697,7,0,0
18755,075036,781,11,0,0
18756,075036,750,11,0,0
18757,075036,689,7,0,0
18758,075036,774,11,0,0
18759,075036,783,11,0,0
18760,075036,684,7,0,0
18761,075036,762,11,0,0
18762,075036,771,11,0,0
18763,075036,703,7,0,0
18764,075036,750,11,0,0
18765,075036,760,11,0,0
18766,075036,697,7,0,0
18767,075036,781,11,0,0
18768,075036,750,11,0,0
18769,075036,689,7,0,0
18770,075036,774,11,0,0
18771,075036,783,11,0,0
18772,075036,684,7,0,0
18773,075036,762,11,0,0
18774,075036,771,11,0,0
18775,075036,703,7,0,0
18776,075036,750,11,0,0
18777,075036,760,11,0,0
18778,075036,697,7,0,0
18779,075036,781,11,0,0
18780,075036,750,11,0,0
18781,075036,689,7,0,0
18782,075036,774,11,0,0
18783,075036,783,11,0,0
18784,075036,684,7,0,0
18785,075036,762,11,0,0
18786,075036,771,11,0,0
18787,075036,703,7,0,0
18788,075036,750,11,0,0
18789,075036,760,11,0,0
18790,075036,697,7,0,0
18791,075036,781,11,0,0
18792,075036,750,11,0,0
18793,075036,689,7,0,0
18794,075036,774,11,0,0
18795,075036,783,11,0,0
18796,075036,684,7,0,0
18797,075036,762,11,0,0
18798,075036,771,11,0,0
18799,075036,703,7,0,0
18800,075036,750,11,0,0
18801,075036,760,11,0,0
18802,075036,697,7,0,0
18803,075036,781,11,0,0
18804,075036,750,11,0,0
18805,075036,689,7,0,0
18806,075036,774,11,0,0
18807,075036,783,11,0,0
18808,075036,684,7,0,0
18809,075036,762,11,0,0
18810,075036,771,11,0,0
18811,075036,703,7,0,0
18812,075036,750,11,0,0
18813,075036,760,11,0,0
18814,075036,697,7,0,0
18815,075036,781,11,0,0
18816,075036,750,11,0,0
18817,075036,689,7,0,0
18818,075036,774,11,0,0
18819,075036,783,11,0,0
18820,075036,684,7,0,0
18821,075036,762,11,0,0
18822,075036,771,11,0,0
18823,075036,703,7,0,0
18824,075036,750,11,0,0
18825,075036,760,11,0,0
18826,075036,697,7,0,0
18827,075036,781,11,0,0
18828,075036,750,11,0,0
18829,075036,689,7,0,0
18830,075036,774,11,0,0
18831,075036,783,11,0,0
18832,075036,684,7,0,0
18833,075036,762,11,0,0
18834,075036,771,11,0,0
18835,075036,703,7,0,0
18836,075036,750,11,0,0
18837,075036,760,11,0,0
18838,075036,697,7,0,0
18839,075036,781,11,0,0
18840,075036,750,11,0,0
18841,075036,689,7,0,0
18842,075036,774,11,0,0
18843,075036,783,11,0,0
18844,075036,684,7,0,0
18845,075036,762,11,0,0
18846,075036,771,11,0,0
18847,075036,703,7,0,0
18848,075036,750,11,0,0
18849,075036,760,11,0,0
18850,075036,697,7,0,0
18851,075036,781,11,0,0
18852,075036,750,11,0,0
18853,075036,689,7,0,0
18854,075036,774,11,0,0
18855,075036,783,11,0,0
18856,075036,684,7,0,0
18857,075036,762,11,0,0
18858,075036,771,11,0,0
18859,075036,703,7,0,0
18860,075036,750,11,0,0
18861,075036,760,11,0,0
18862,075036,697,7,0,0
18863,075036,781,11,0,0
18864,075036,750,11,0,0
18865,075036,689,7,0,0
18866,075036,774,11,0,0
18867,075036,783,11,0,0
18868,075036,684,7,0,0
18869,075036,762,11,0,0
18870,075036,771,11,0,0
18871,075036,703,7,0,0
18872,075036,750,11,0,0
18873,075036,760,11,0,0
18874,075036,697,7,0,0
18875,075036,781,11,0,0
18876,075036,750,11,0,0
18877,075036,689,7,0,0
18878,075036,774,11,0,0
18879,075036,783,11,0,0
18880,075036,249,9,0,0
18881,075036,327,13,0,0
18882,075036,265,9,0,0
18883,075036,273,9,0,0
18884,075036,316,13,0,0
18885,075036,254,9,0,0
18886,075036,265,9,0,0
18887,075036,351,13,0,0
18888,075036,249,9,0,0
18889,075036,255,9,0,0
18890,075036,341,13,0,0
18891,075036,273,9,0,0
18892,075036,248,9,0,0
18893,075036,326,13,0,0
18894,075036,265,9,0,0
18895,075036,273,9,0,0
18896,075036,316,13,0,0
18897,075036,254,9,0,0
18898,075036,265,9,0,0
18899,075036,351,13,0,0
18900,075036,249,9,0,0
18901,075036,255,9,0,0
18902,075036,341,13,0,0
18903,075036,273,9,0,0
18904,075036,248,9,0,0
18905,075036,326,13,0,0
18906,075036,265,9,0,0
18907,075036,273,9,0,0
18908,075036,316,13,0,0
18909,075036,254,9,0,0
18910,075036,265,9,0,0
18911,075036,351,13,0,0
18912,075036,249,9,0,0
18913,075036,255,9,0,0
18914,075036,341,13,0,0
18915,075036,273,9,0,0
18916,075036,248,9,0,0
18917,075036,326,13,0,0
18918,075036,265,9,0,0
18919,075036,273,9,0,0
18920,075036,316,13,0,0
18921,075036,254,9,0,0
18922,075036,265,9,0,0
18923,075036,351,13,0,0
18924,075036,249,9,0,0
18925,075036,255,9,0,0
18926,075036,341,13,0,0
18927,075036,273,9,0,0
18928,075036,248,9,0,0
18929,075036,326,13,0,0
18930,075036,265,9,0,0
18931,075036,275,9,0,0
18932,075036,318,13,0,0
18933,075036,254,9,0,0
18934,075036,265,9,0,0
18935,075036,355,13,0,0
18936,075036,250,9,0,0
18937,075036,254,9,0,0
18938,075036,341,13,0,0
18939,075036,275,9,0,0
18940,075036,250,9,0,0
18941,075036,326,13,0,0
18942,075036,265,9,0,0
18943,075036,275,9,0,0
18944,075036,318,13,0,0
18945,075036,254,9,0,0
18946,075036,265,9,0,0
18947,075036,355,13,0,0
18948,075036,250,9,0,0
18949,075036,254,9,0,0
18950,075036,341,13,0,0
18951,075036,275,9,0,0
18952,075036,250,9,0,0
18953,075036,326,13,0,0
18954,075036,265,9,0,0
18955,075036,275,9,0,0
18956,075036,318,13,0,0
18957,075036,254,9,0,0
18958,075036,265,9,0,0
18959,075036,355,13,0,0
18960,075036,250,9,0,0
18961,075036,254,9,0,0
18962,075036,341,13,0,0
18963,075036,275,9,0,0
18964,075036,250,9,0,0
18965,075036,326,13,0,0
18966,075036,265,9,0,0
18967,075036,275,9,0,0
18968,075036,318,13,0,0
18969,075036,254,9,0,0
18970,075036,265,9,0,0
18971,075036,355,13,0,0
18972,075036,250,9,0,0
18973,075036,254,9,0,0
18974,075036,341,13,0,0
18975,075036,275,9,0,0
18976,075007,344,7,0,0
18977,075007,420,11,0,0
18978,075007,429,11,0,0
18979,075007,363,7,0,0
18980,075007,410,11,0,0
18981,075007,418,11,0,0
18982,075007,355,7,0,0
18983,075007,441,11,0,0
18984,075007,410,11,0,0
18985,075007,348,7,0,0
18986,075007,431,11,0,0
18987,075007,443,11,0,0
18988,075007,344,7,0,0
18989,075007,420,11,0,0
18990,075007,429,11,0,0
18991,075007,363,7,0,0
18992,075007,410,11,0,0
18993,075007,418,11,0,0
18994,075007,355,7,0,0
18995,075007,441,11,0,0
18996,075007,410,11,0,0
18997,075007,348,7,0,0
18998,075007,431,11,0,0
18999,075007,443,11,0,0
19000,075007,344,7,0,0
19001,075007,420,11,0,0
19002,075007,429,11,0,0
19003,075007,363,7,0,0
19004,075007,410,11,0,0
19005,075007,418,11,0,0
19006,075007,355,7,0,0
19007,075007,441,11,0,0
19008,075007,410,11,0,0
19009,075007,348,7,0,0
19010,075007,431,11,0,0
19011,075007,443,11,0,0
19012,075007,344,7,0,0
19013,075007,420,11,0,0
19014,075007,429,11,0,0
19015,075007,363,7,0,0
19016,075007,410,11,0,0
19017,075007,418,11,0,0
19018,075007,355,7,0,0
19019,075007,441,11,0,0
19020,075007,410,11,0,0
19021,075007,348,7,0,0
19022,075007,431,11,0,0
19023,075007,443,11,0,0
19024,075007,369,7,0,0
19025,075007,447,11,0,0
19026,075007,457,11,0,0
19027,075007,389,7,0,0
19028,075007,436,11,0,0
19029,075007,446,11,0,0
19030,075007,383,7,0,0
19031,075007,469,11,0,0
19032,075007,437,11,0,0
19033,075007,375,7,0,0
19034,075007,457,11,0,0
19035,075007,467,11,0,0
19036,075007,369,7,0,0
19037,075007,447,11,0,0
19038,075007,457,11,0,0
19039,075007,389,7,0,0
19040,075007,436,11,0,0
19041,075007,446,11,0,0
19042,075007,383,7,0,0
19043,075007,469,11,0,0
19044,075007,437,11,0,0
19045,075007,375,7,0,0
19046,075007,457,11,0,0
19047,075007,467,11,0,0
19048,075007,369,7,0,0
19049,075007,447,11,0,0
19050,075007,457,11,0,0
19051,075007,389,7,0,0
19052,075007,436,11,0,0
19053,075007,446,11,0,0
19054,075007,383,7,0,0
19055,075007,469,11,0,0
19056,075007,437,11,0,0
19057,075007,375,7,0,0
19058,075007,457,11,0,0
19059,075007,467,11,0,0
19060,075007,369,7,0,0
19061,075007,447,11,0,0
19062,075007,457,11,0,0
19063,075007,389,7,0,0
19064,075007,436,11,0,0
19065,075007,446,11,0,0
19066,075007,383,7,0,0
19067,075007,469,11,0,0
19068,075007,437,11,0,0
19069,075007,375,7,0,0
19070,075007,457,11,0,0
19071,075007,467,11,0,0
19072,075007,344,7,0,0
19073,075007,420,11,0,0
19074,075007,429,11,0,0
19075,075007,363,7,0,0
19076,075007,410,11,0,0
19077,075007,418,11,0,0
19078,075007,355,7,0,0
19079,075007,441,11,0,0
19080,075007,410,11,0,0
19081,075007,348,7,0,0
19082,075007,431,11,0,0
19083,075007,443,11,0,0
19084,075007,344,7,0,0
19085,075007,420,11,0,0
19086,075007,429,11,0,0
19087,075007,363,7,0,0
19088,075007,410,11,0,0
19089,075007,418,11,0,0
19090,075007,355,7,0,0
19091,075007,441,11,0,0
19092,075007,410,11,0,0
19093,075007,348,7,0,0
19094,075007,431,11,0,0
19095,075007,443,11,0,0
19096,075007,344,7,0,0
19097,075007,420,11,0,0
19098,075007,429,11,0,0
19099,075007,363,7,0,0
19100,075007,410,11,0,0
19101,075007,418,11,0,0
19102,075007,355,7,0,0
19103,075007,441,11,0,0
19104,075007,410,11,0,0
19105,075007,348,7,0,0
19106,075007,431,11,0,0
19107,075007,443,11,0,0
19108,075007,344,7,0,0
19109,075007,420,11,0,0
19110,075007,429,11,0,0
19111,075007,363,7,0,0
19112,075007,410,11,0,0
19113,075007,418,11,0,0
19114,075007,355,7,0,0
19115,075007,441,11,0,0
19116,075007,410,11,0,0
19117,075007,348,7,0,0
19118,075007,431,11,0,0
19119,075007,443,11,0,0
19120,075007,328,7,0,0
19121,075007,406,11,0,0
19122,075007,415,11,0,0
19123,075007,347,7,0,0
19124,075007,394,11,0,0
19125,075007,404,11,0,0
19126,075007,341,7,0,0
19127,075007,425,11,0,0
19128,075007,394,11,0,0
19129,075007,333,7,0,0
19130,075007,418,11,0,0
19131,075007,427,11,0,0
19132,075007,328,7,0,0
19133,075007,406,11,0,0
19134,075007,415,11,0,0
19135,075007,347,7,0,0
19136,075007,394,11,0,0
19137,075007,404,11,0,0
19138,075007,341,7,0,0
19139,075007,425,11,0,0
19140,075007,394,11,0,0
19141,075007,333,7,0,0
19142,075007,418,11,0,0
19143,075007,427,11,0,0
19144,075007,328,7,0,0
19145,075007,406,11,0,0
19146,075007,415,11,0,0
19147,075007,347,7,0,0
19148,075007,394,11,0,0
19149,075007,404,11,0,0
19150,075007,341,7,0,0
19151,075007,425,11,0,0
19152,075007,394,11,0,0
19153,075007,333,7,0,0
19154,075007,418,11,0,0
19155,075007,427,11,0,0
19156,075007,328,7,0,0
19157,075007,406,11,0,0
19158,075007,415,11,0,0
19159,075007,347,7,0,0
19160,075007,394,11,0,0
19161,075007,404,11,0,0
19162,075007,341,7,0,0
19163,075007,425,11,0,0
19164,075007,394,11,0,0
19165,075007,333,7,0,0
19166,075007,418,11,0,0
19167,075007,427,11,0,0
19168,075007,322,9,0,0
19169,075007,398,13,0,0
19170,075007,337,9,0,0
19171,075007,347,9,0,0
19172,075007,390,13,0,0
19173,075007,326,9,0,0
19174,075007,337,9,0,0
19175,075007,427,13,0,0
19176,075007,322,9,0,0
19177,075007,326,9,0,0
19178,075007,413,13,0,0
19179,075007,347,9,0,0
19180,075007,322,9,0,0
19181,075007,398,13,0,0
19182,075007,337,9,0,0
19183,075007,347,9,0,0
19184,075007,390,13,0,0
19185,075007,326,9,0,0
19186,075007,337,9,0,0
19187,075007,427,13,0,0
19188,075007,322,9,0,0
19189,075007,326,9,0,0
19190,075007,413,13,0,0
19191,075007,347,9,0,0
19192,075007,322,9,0,0
19193,075007,398,13,0,0
19194,075007,337,9,0,0
19195,075007,347,9,0,0
19196,075007,390,13,0,0
19197,075007,326,9,0,0
19198,075007,337,9,0,0
19199,075007,427,13,0,0
19200,075007,322,9,0,0
19201,075007,326,9,0,0
19202,075007,413,13,0,0
19203,075007,347,9,0,0
19204,075007,322,9,0,0
19205,075007,398,13,0,0
19206,075007,337,9,0,0
19207,075007,347,9,0,0
19208,075007,390,13,0,0
19209,075007,326,9,0,0
19210,075007,337,9,0,0
19211,075007,427,13,0,0
19212,075007,322,9,0,0
19213,075007,326,9,0,0
19214,075007,413,13,0,0
19215,075007,347,9,0,0
19216,075007,337,7,0,0
19217,075007,415,11,0,0
19218,075007,425,11,0,0
19219,075007,357,7,0,0
19220,075007,404,11,0,0
19221,075007,414,11,0,0
19222,075007,351,7,0,0
19223,075007,437,11,0,0
19224,075007,405,11,0,0
19225,075007,343,7,0,0
19226,075007,425,11,0,0
19227,075007,435,11,0,0
19228,075007,337,7,0,0
19229,075007,415,11,0,0
19230,075007,425,11,0,0
19231,075007,357,7,0,0
19232,075007,404,11,0,0
19233,075007,414,11,0,0
19234,075007,351,7,0,0
19235,075007,437,11,0,0
19236,075007,405,11,0,0
19237,075007,343,7,0,0
19238,075007,425,11,0,0
19239,075007,435,11,0,0
19240,075007,337,7,0,0
19241,075007,415,11,0,0
19242,075007,425,11,0,0
19243,075007,357,7,0,0
19244,075007,404,11,0,0
19245,075007,414,11,0,0
19246,075007,351,7,0,0
19247,075007,437,11,0,0
19248,075007,405,11,0,0
19249,075007,343,7,0,0
19250,075007,425,11,0,0
19251,075007,435,11,0,0
19252,075007,337,7,0,0
19253,075007,415,11,0,0
19254,075007,425,11,0,0
19255,075007,357,7,0,0
19256,075007,404,11,0,0
19257,075007,414,11,0,0
19258,075007,351,7,0,0
19259,075007,437,11,0,0
19260,075007,405,11,0,0
19261,075007,343,7,0,0
19262,075007,425,11,0,0
19263,075007,435,11,0,0
19264,075007,249,7,0,0
19265,075007,327,11,0,0
19266,075007,337,11,0,0
19267,075007,269,7,0,0
19268,075007,316,11,0,0
19269,075007,326,11,0,0
19270,075007,263,7,0,0
19271,075007,349,11,0,0
19272,075007,317,11,0,0
19273,075007,255,7,0,0
19274,075007,337,11,0,0
19275,075007,347,11,0,0
19276,075007,249,7,0,0
19277,075007,327,11,0,0
19278,075007,337,11,0,0
19279,075007,269,7,0,0
19280,075007,316,11,0,0
19281,075007,326,11,0,0
19282,075007,263,7,0,0
19283,075007,349,11,0,0
19284,075007,317,11,0,0
19285,075007,255,7,0,0
19286,075007,337,11,0,0
19287,075007,347,11,0,0
19288,075007,249,7,0,0
19289,075007,327,11,0,0
19290,075007,337,11,0,0
19291,075007,269,7,0,0
19292,075007,316,11,0,0
19293,075007,326,11,0,0
19294,075007,263,7,0,0
19295,075007,349,11,0,0
19296,075007,317,11,0,0
19297,075007,255,7,0,0
19298,075007,337,11,0,0
19299,075007,347,11,0,0
19300,075007,249,7,0,0
19301,075007,327,11,0,0
19302,075007,337,11,0,0
19303,075007,269,7,0,0
19304,075007,316,11,0,0
19305,075007,326,11,0,0
19306,075007,263,7,0,0
19307,075007,349,11,0,0
19308,075007,317,11,0,0
19309,075007,255,7,0,0
19310,075007,337,11,0,0
19311,075007,347,11,0,0
19312,075017,252,7,0,0
19313,075017,330,11,0,0
19314,075017,339,11,0,0
19315,075017,271,7,0,0
19316,075017,318,11,0,0
19317,075017,328,11,0,0
19318,075017,265,7,0,0
19319,075017,349,11,0,0
19320,075017,318,11,0,0
19321,075017,257,7,0,0
19322,075017,342,11,0,0
19323,075017,351,11,0,0
19324,075017,252,7,0,0
19325,075017,330,11,0,0
19326,075017,339,11,0,0
19327,075017,271,7,0,0
19328,075017,318,11,0,0
19329,075017,328,11,0,0
19330,075017,265,7,0,0
19331,075017,349,11,0,0
19332,075017,318,11,0,0
19333,075017,257,7,0,0
19334,075017,342,11,0,0
19335,075017,351,11,0,0
19336,075017,252,7,0,0
19337,075017,330,11,0,0
19338,075017,339,11,0,0
19339,075017,271,7,0,0
19340,075017,318,11,0,0
19341,075017,328,11,0,0
19342,075017,265,7,0,0
19343,075017,349,11,0,0
19344,075017,318,11,0,0
19345,075017,257,7,0,0
19346,075017,342,11,0,0
19347,075017,351,11,0,0
19348,075017,252,7,0,0
19349,075017,330,11,0,0
19350,075017,339,11,0,0
19351,075017,271,7,0,0
19352,075017,318,11,0,0
19353,075017,328,11,0,0
19354,075017,265,7,0,0
19355,075017,349,11,0,0
19356,075017,318,11,0,0
19357,075017,257,7,0,0
19358,075017,342,11,0,0
19359,075017,351,11,0,0
19360,075017,360,7,0,0
19361,075017,438,11,0,0
19362,075017,447,11,0,0
19363,075017,379,7,0,0
19364,075017,426,11,0,0
19365,075017,436,11,0,0
19366,075017,373,7,0,0
19367,075017,457,11,0,0
19368,075017,426,11,0,0
19369,075017,365,7,0,0
19370,075017,450,11,0,0
19371,075017,459,11,0,0
19372,075017,360,7,0,0
19373,075017,438,11,0,0
19374,075017,447,11,0,0
19375,075017,379,7,0,0
19376,075017,426,11,0,0
19377,075017,436,11,0,0
19378,075017,373,7,0,0
19379,075017,457,11,0,0
19380,075017,426,11,0,0
19381,075017,365,7,0,0
19382,075017,450,11,0,0
19383,075017,459,11,0,0
19384,075017,360,7,0,0
19385,075017,438,11,0,0
19386,075017,447,11,0,0
19387,075017,379,7,0,0
19388,075017,426,11,0,0
19389,075017,436,11,0,0
19390,075017,373,7,0,0
19391,075017,457,11,0,0
19392,075017,426,11,0,0
19393,075017,365,7,0,0
19394,075017,450,11,0,0
19395,075017,459,11,0,0
19396,075017,360,7,0,0
19397,075017,438,11,0,0
19398,075017,447,11,0,0
19399,075017,379,7,0,0
19400,075017,426,11,0,0
19401,075017,436,11,0,0
19402,075017,373,7,0,0
19403,075017,457,11,0,0
19404,075017,426,11,0,0
19405,075017,365,7,0,0
19406,075017,450,11,0,0
19407,075017,459,11,0,0
19408,075017,429,7,0,0
19409,075017,507,11,0,0
19410,075017,517,11,0,0
19411,075017,449,7,0,0
19412,075017,496,11,0,0
19413,075017,506,11,0,0
19414,075017,443,7,0,0
19415,075017,529,11,0,0
19416,075017,497,11,0,0
19417,075017,435,7,0,0
19418,075017,517,11,0,0
19419,075017,527,11,0,0
19420,075017,429,7,0,0
19421,075017,507,11,0,0
19422,075017,517,11,0,0
19423,075017,449,7,0,0
19424,075017,496,11,0,0
19425,075017,506,11,0,0
19426,075017,443,7,0,0
19427,075017,529,11,0,0
19428,075017,497,11,0,0
19429,075017,435,7,0,0
19430,075017,517,11,0,0
19431,075017,527,11,0,0
19432,075017,429,7,0,0
19433,075017,507,11,0,0
19434,075017,517,11,0,0
19435,075017,449,7,0,0
19436,075017,496,11,0,0
19437,075017,506,11,0,0
19438,075017,443,7,0,0
19439,075017,529,11,0,0
19440,075017,497,11,0,0
19441,075017,435,7,0,0
19442,075017,517,11,0,0
19443,075017,527,11,0,0
19444,075017,429,7,0,0
19445,075017,507,11,0,0
19446,075017,517,11,0,0
19447,075017,449,7,0,0
19448,075017,496,11,0,0
19449,075017,506,11,0,0
19450,075017,443,7,0,0
19451,075017,529,11,0,0
19452,075017,497,11,0,0
19453,075017,435,7,0,0
19454,075017,517,11,0,0
19455,075017,527,11,0,0
19456,075017,337,7,0,0
19457,075017,415,11,0,0
19458,075017,425,11,0,0
19459,075017,357,7,0,0
19460,075017,404,11,0,0
19461,075017,414,11,0,0
19462,075017,351,7,0,0
19463,075017,437,11,0,0
19464,075017,405,11,0,0
19465,075017,343,7,0,0
19466,075017,425,11,0,0
19467,075017,435,11,0,0
19468,075017,337,7,0,0
19469,075017,415,11,0,0
19470,075017,425,11,0,0
19471,075017,357,7,0,0
19472,075017,404,11,0,0
19473,075017,414,11,0,0
19474,075017,351,7,0,0
19475,075017,437,11,0,0
19476,075017,405,11,0,0
19477,075017,343,7,0,0
19478,075017,425,11,0,0
19479,075017,435,11,0,0
19480,075017,337,7,0,0
19481,075017,415,11,0,0
19482,075017,425,11,0,0
19483,075017,357,7,0,0
19484,075017,404,11,0,0
19485,075017,414,11,0,0
19486,075017,351,7,0,0
19487,075017,437,11,0,0
19488,075017,405,11,0,0
19489,075017,343,7,0,0
19490,075017,425,11,0,0
19491,075017,435,11,0,0
19492,075017,337,7,0,0
19493,075017,415,11,0,0
19494,075017,425,11,0,0
19495,075017,357,7,0,0
19496,075017,404,11,0,0
19497,075017,414,11,0,0
19498,075017,351,7,0,0
19499,075017,437,11,0,0
19500,075017,405,11,0,0
19501,075017,343,7,0,0
19502,075017,425,11,0,0
19503,075017,435,11,0,0
19504,075017,252,7,0,0
19505,075017,330,11,0,0
19506,075017,339,11,0,0
19507,075017,271,7,0,0
19508,075017,318,11,0,0
19509,075017,328,11,0,0
19510,075017,265,7,0,0
19511,075017,349,11,0,0
19512,075017,318,11,0,0
19513,075017,257,7,0,0
19514,075017,342,11,0,0
19515,075017,351,11,0,0
19516,075017,252,7,0,0
19517,075017,330,11,0,0
19518,075017,339,11,0,0
19519,075017,271,7,0,0
19520,075017,318,11,0,0
19521,075017,328,11,0,0
19522,075017,265,7,0,0
19523,075017,349,11,0,0
19524,075017,318,11,0,0
19525,075017,257,7,0,0
19526,075017,342,11,0,0
19527,075017,351,11,0,0
19528,075017,252,7,0,0
19529,075017,330,11,0,0
19530,075017,339,11,0,0
19531,075017,271,7,0,0
19532,075017,318,11,0,0
19533,075017,328,11,0,0
19534,075017,265,7,0,0
19535,075017,349,11,0,0
19536,075017,318,11,0,0
19537,075017,257,7,0,0
19538,075017,342,11,0,0
19539,075017,351,11,0,0
19540,075017,252,7,0,0
19541,075017,330,11,0,0
19542,075017,339,11,0,0
19543,075017,271,7,0,0
19544,075017,318,11,0,0
19545,075017,328,11,0,0
19546,075017,265,7,0,0
19547,075017,349,11,0,0
19548,075017,318,11,0,0
19549,075017,257,7,0,0
19550,075017,342,11,0,0
19551,075017,351,11,0,0
19552,075017,340,7,0,0
19553,075017,418,11,0,0
19554,075017,427,11,0,0
19555,075017,359,7,0,0
19556,075017,406,11,0,0
19557,075017,416,11,0,0
19558,075017,353,7,0,0
19559,075017,437,11,0,0
19560,075017,406,11,0,0
19561,075017,345,7,0,0
19562,075017,430,11,0,0
19563,075017,439,11,0,0
19564,075017,340,7,0,0
19565,075017,418,11,0,0
19566,075017,427,11,0,0
19567,075017,359,7,0,0
19568,075017,406,11,0,0
19569,075017,416,11,0,0
19570,075017,353,7,0,0
19571,075017,437,11,0,0
19572,075017,406,11,0,0
19573,075017,345,7,0,0
19574,075017,430,11,0,0
19575,075017,439,11,0,0
19576,075017,340,7,0,0
19577,075017,418,11,0,0
19578,075017,427,11,0,0
19579,075017,359,7,0,0
19580,075017,406,11,0,0
19581,075017,416,11,0,0
19582,075017,353,7,0,0
19583,075017,437,11,0,0
19584,075017,406,11,0,0
19585,075017,345,7,0,0
19586,075017,430,11,0,0
19587,075017,439,11,0,0
19588,075017,340,7,0,0
19589,075017,418,11,0,0
19590,075017,427,11,0,0
19591,075017,359,7,0,0
19592,075017,406,11,0,0
19593,075017,416,11,0,0
19594,075017,353,7,0,0
19595,075017,437,11,0,0
19596,075017,406,11,0,0
19597,075017,345,7,0,0
19598,075017,430,11,0,0
19599,075017,439,11,0,0
19600,075017,252,7,0,0
19601,075017,330,11,0,0
19602,075017,339,11,0,0
19603,075017,271,7,0,0
19604,075017,318,11,0,0
19605,075017,328,11,0,0
19606,075017,265,7,0,0
19607,075017,349,11,0,0
19608,075017,318,11,0,0
19609,075017,257,7,0,0
19610,075017,342,11,0,0
19611,075017,351,11,0,0
19612,075017,252,7,0,0
19613,075017,330,11,0,0
19614,075017,339,11,0,0
19615,075017,271,7,0,0
19616,075017,318,11,0,0
19617,075017,328,11,0,0
19618,075017,265,7,0,0
19619,075017,349,11,0,0
19620,075017,318,11,0,0
19621,075017,257,7,0,0
19622,075017,342,11,0,0
19623,075017,351,11,0,0
19624,075017,252,7,0,0
19625,075017,330,11,0,0
19626,075017,339,11,0,0
19627,075017,271,7,0,0
19628,075017,318,11,0,0
19629,075017,328,11,0,0
19630,075017,265,7,0,0
19631,075017,349,11,0,0
19632,075017,318,11,0,0
19633,075017,257,7,0,0
19634,075017,342,11,0,0
19635,075017,351,11,0,0
19636,075017,252,7,0,0
19637,075017,330,11,0,0
19638,075017,339,11,0,0
19639,075017,271,7,0,0
19640,075017,318,11,0,0
19641,075017,328,11,0,0
19642,075017,265,7,0,0
19643,075017,349,11,0,0
19644,075017,318,11,0,0
19645,075017,257,7,0,0
19646,075017,342,11,0,0
19647,075017,351,11,0,0
19648,075027,544,7,0,0
19649,075027,622,11,0,0
19650,075027,631,11,0,0
19651,075027,563,7,0,0
19652,075027,610,11,0,0
19653,075027,620,11,0,0
19654,075027,557,7,0,0
19655,075027,641,11,0,0
19656,075027,610,11,0,0
19657,075027,549,7,0,0
19658,075027,634,11,0,0
19659,075027,643,11,0,0
19660,075027,544,7,0,0
19661,075027,622,11,0,0
19662,075027,631,11,0,0
19663,075027,563,7,0,0
19664,075027,610,11,0,0
19665,075027,620,11,0,0
19666,075027,557,7,0,0
19667,075027,641,11,0,0
19668,075027,610,11,0,0
19669,075027,549,7,0,0
19670,075027,634,11,0,0
19671,075027,643,11,0,0
19672,075027,544,7,0,0
19673,075027,622,11,0,0
19674,075027,631,11,0,0
19675,075027,563,7,0,0
19676,075027,610,11,0,0
19677,075027,620,11,0,0
19678,075027,557,7,0,0
19679,075027,641,11,0,0
19680,075027,610,11,0,0
19681,075027,549,7,0,0
19682,075027,634,11,0,0
19683,075027,643,11,0,0
19684,075027,544,7,0,0
19685,075027,622,11,0,0
19686,075027,631,11,0,0
19687,075027,563,7,0,0
19688,075027,610,11,0,0
19689,075027,620,11,0,0
19690,075027,557,7,0,0
19691,075027,641,11,0,0
19692,075027,610,11,0,0
19693,075027,549,7,0,0
19694,075027,634,11,0,0
19695,075027,643,11,0,0
19696,075027,548,7,0,0
19697,075027,624,11,0,0
19698,075027,633,11,0,0
19699,075027,567,7,0,0
19700,075027,614,11,0,0
19701,075027,622,11,0,0
19702,075027,559,7,0,0
19703,075027,645,11,0,0
19704,075027,614,11,0,0
19705,075027,552,7,0,0
19706,075027,635,11,0,0
19707,075027,647,11,0,0
19708,075027,548,7,0,0
19709,075027,624,11,0,0
19710,075027,633,11,0,0
19711,075027,567,7,0,0
19712,075027,614,11,0,0
19713,075027,622,11,0,0
19714,075027,559,7,0,0
19715,075027,645,11,0,0
19716,075027,614,11,0,0
19717,075027,552,7,0,0
19718,075027,635,11,0,0
19719,075027,647,11,0,0
19720,075027,548,7,0,0
19721,075027,624,11,0,0
19722,075027,633,11,0,0
19723,075027,567,7,0,0
19724,075027,614,11,0,0
19725,075027,622,11,0,0
19726,075027,559,7,0,0
19727,075027,645,11,0,0
19728,075027,614,11,0,0
19729,075027,552,7,0,0
19730,075027,635,11,0,0
19731,075027,647,11,0,0
19732,075027,548,7,0,0
19733,075027,624,11,0,0
19734,075027,633,11,0,0
19735,075027,567,7,0,0
19736,075027,614,11,0,0
19737,075027,622,11,0,0
19738,075027,559,7,0,0
19739,075027,645,11,0,0
19740,075027,614,11,0,0
19741,075027,552,7,0,0
19742,075027,635,11,0,0
19743,075027,647,11,0,0
19744,075027,525,9,0,0
19745,075027,603,13,0,0
19746,075027,541,9,0,0
19747,075027,549,9,0,0
19748,075027,592,13,0,0
19749,075027,530,9,0,0
19750,075027,541,9,0,0
19751,075027,627,13,0,0
19752,075027,525,9,0,0
19753,075027,531,9,0,0
19754,075027,617,13,0,0
19755,075027,549,9,0,0
19756,075027,524,9,0,0
19757,075027,602,13,0,0
19758,075027,541,9,0,0
19759,075027,549,9,0,0
19760,075027,592,13,0,0
19761,075027,530,9,0,0
19762,075027,541,9,0,0
19763,075027,627,13,0,0
19764,075027,525,9,0,0
19765,075027,531,9,0,0
19766,075027,617,13,0,0
19767,075027,549,9,0,0
19768,075027,524,9,0,0
19769,075027,602,13,0,0
19770,075027,541,9,0,0
19771,075027,549,9,0,0
19772,075027,592,13,0,0
19773,075027,530,9,0,0
19774,075027,541,9,0,0
19775,075027,627,13,0,0
19776,075027,525,9,0,0
19777,075027,531,9,0,0
19778,075027,617,13,0,0
19779,075027,549,9,0,0
19780,075027,524,9,0,0
19781,075027,602,13,0,0
19782,075027,541,9,0,0
19783,075027,549,9,0,0
19784,075027,592,13,0,0
19785,075027,530,9,0,0
19786,075027,541,9,0,0
19787,075027,627,13,0,0
19788,075027,525,9,0,0
19789,075027,531,9,0,0
19790,075027,617,13,0,0
19791,075027,549,9,0,0
19792,075027,543,7,0,0
19793,075027,621,11,0,0
19794,075027,631,11,0,0
19795,075027,563,7,0,0
19796,075027,610,11,0,0
19797,075027,620,11,0,0
19798,075027,557,7,0,0
19799,075027,641,11,0,0
19800,075027,610,11,0,0
19801,075027,549,7,0,0
19802,075027,634,11,0,0
19803,075027,643,11,0,0
19804,075027,544,7,0,0
19805,075027,622,11,0,0
19806,075027,631,11,0,0
19807,075027,563,7,0,0
19808,075027,610,11,0,0
19809,075027,620,11,0,0
19810,075027,557,7,0,0
19811,075027,641,11,0,0
19812,075027,610,11,0,0
19813,075027,549,7,0,0
19814,075027,634,11,0,0
19815,075027,643,11,0,0
19816,075027,544,7,0,0
19817,075027,622,11,0,0
19818,075027,631,11,0,0
19819,075027,563,7,0,0
19820,075027,610,11,0,0
19821,075027,620,11,0,0
19822,075027,557,7,0,0
19823,075027,641,11,0,0
19824,075027,610,11,0,0
19825,075027,549,7,0,0
19826,075027,634,11,0,0
19827,075027,643,11,0,0
19828,075027,544,7,0,0
19829,075027,622,11,0,0
19830,075027,631,11,0,0
19831,075027,563,7,0,0
19832,075027,610,11,0,0
19833,075027,620,11,0,0
19834,075027,557,7,0,0
19835,075027,641,11,0,0
19836,075027,610,11,0,0
19837,075027,549,7,0,0
19838,075027,634,11,0,0
19839,075027,643,11,0,0
19840,075027,562,9,0,0
19841,075027,638,13,0,0
19842,075027,577,9,0,0
19843,075027,587,9,0,0
19844,075027,630,13,0,0
19845,075027,568,9,0,0
19846,075027,579,9,0,0
19847,075027,667,13,0,0
19848,075027,562,9,0,0
19849,075027,568,9,0,0
19850,075027,655,13,0,0
19851,075027,587,9,0,0
19852,075027,562,9,0,0
19853,075027,638,13,0,0
19854,075027,577,9,0,0
19855,075027,587,9,0,0
19856,075027,630,13,0,0
19857,075027,568,9,0,0
19858,075027,579,9,0,0
19859,075027,667,13,0,0
19860,075027,562,9,0,0
19861,075027,568,9,0,0
19862,075027,655,13,0,0
19863,075027,587,9,0,0
19864,075027,562,9,0,0
19865,075027,638,13,0,0
19866,075027,577,9,0,0
19867,075027,587,9,0,0
19868,075027,630,13,0,0
19869,075027,568,9,0,0
19870,075027,579,9,0,0
19871,075027,667,13,0,0
19872,075027,562,9,0,0
19873,075027,568,9,0,0
19874,075027,655,13,0,0
19875,075027,587,9,0,0
19876,075027,562,9,0,0
19877,075027,638,13,0,0
19878,075027,577,9,0,0
19879,075027,587,9,0,0
19880,075027,630,13,0,0
19881,075027,568,9,0,0
19882,075027,579,9,0,0
19883,075027,667,13,0,0
19884,075027,562,9,0,0
19885,075027,568,9,0,0
19886,075027,655,13,0,0
19887,075027,587,9,0,0
19888,075027,221,7,0,0
19889,075027,299,11,0,0
19890,075027,309,11,0,0
19891,075027,241,7,0,0
19892,075027,288,11,0,0
19893,075027,298,11,0,0
19894,075027,235,7,0,0
19895,075027,321,11,0,0
19896,075027,289,11,0,0
19897,075027,227,7,0,0
19898,075027,309,11,0,0
19899,075027,319,11,0,0
19900,075027,221,7,0,0
19901,075027,299,11,0,0
19902,075027,309,11,0,0
19903,075027,241,7,0,0
19904,075027,288,11,0,0
19905,075027,298,11,0,0
19906,075027,235,7,0,0
19907,075027,321,11,0,0
19908,075027,289,11,0,0
19909,075027,227,7,0,0
19910,075027,309,11,0,0
19911,075027,319,11,0,0
19912,075027,221,7,0,0
19913,075027,299,11,0,0
19914,075027,309,11,0,0
19915,075027,241,7,0,0
19916,075027,288,11,0,0
19917,075027,298,11,0,0
19918,075027,235,7,0,0
19919,075027,321,11,0,0
19920,075027,289,11,0,0
19921,075027,227,7,0,0
19922,075027,309,11,0,0
19923,075027,319,11,0,0
19924,075027,221,7,0,0
19925,075027,299,11,0,0
19926,075027,309,11,0,0
19927,075027,241,7,0,0
19928,075027,288,11,0,0
19929,075027,298,11,0,0
19930,075027,235,7,0,0
19931,075027,321,11,0,0
19932,075027,289,11,0,0
19933,075027,227,7,0,0
19934,075027,309,11,0,0
19935,075027,319,11,0,0
19936,075027,220,7,0,0
19937,075027,298,11,0,0
19938,075027,307,11,0,0
19939,075027,239,7,0,0
19940,075027,286,11,0,0
19941,075027,296,11,0,0
19942,075027,233,7,0,0
19943,075027,317,11,0,0
19944,075027,286,11,0,0
19945,075027,225,7,0,0
19946,075027,310,11,0,0
19947,075027,319,11,0,0
19948,075027,220,7,0,0
19949,075027,298,11,0,0
19950,075027,307,11,0,0
19951,075027,239,7,0,0
19952,075027,286,11,0,0
19953,075027,296,11,0,0
19954,075027,233,7,0,0
19955,075027,317,11,0,0
19956,075027,286,11,0,0
19957,075027,225,7,0,0
19958,075027,310,11,0,0
19959,075027,319,11,0,0
19960,075027,220,7,0,0
19961,075027,298,11,0,0
19962,075027,307,11,0,0
19963,075027,239,7,0,0
19964,075027,286,11,0,0
19965,075027,296,11,0,0
19966,075027,233,7,0,0
19967,075027,317,11,0,0
19968,075027,286,11,0,0
19969,075027,225,7,0,0
19970,075027,310,11,0,0
19971,075027,319,11,0,0
19972,075027,220,7,0,0
19973,075027,298,11,0,0
19974,075027,307,11,0,0
19975,075027,239,7,0,0
19976,075027,286,11,0,0
19977,075027,296,11,0,0
19978,075027,233,7,0,0
19979,075027,317,11,0,0
19980,075027,286,11,0,0
19981,075027,225,7,0,0
19982,075027,310,11,0,0
19983,075027,319,11,0,0
19984,075037,684,7,0,0
19985,075037,762,11,0,0
19986,075037,771,11,0,0
19987,075037,703,7,0,0
19988,075037,750,11,0,0
19989,075037,760,11,0,0
19990,075037,697,7,0,0
19991,075037,781,11,0,0
19992,075037,750,11,0,0
19993,075037,689,7,0,0
19994,075037,774,11,0,0
19995,075037,783,11,0,0
19996,075037,684,7,0,0
19997,075037,762,11,0,0
19998,075037,771,11,0,0
19999,075037,703,7,0,0
20000,075037,750,11,0,0
20001,075037,760,11,0,0
20002,075037,697,7,0,0
20003,075037,781,11,0,0
20004,075037,750,11,0,0
20005,075037,689,7,0,0
20006,075037,774,11,0,0
20007,075037,783,11,0,0
20008,075037,684,7,0,0
20009,075037,762,11,0,0
20010,075037,771,11,0,0
20011,075037,703,7,0,0
20012,075037,750,11,0,0
20013,075037,760,11,0,0
20014,075037,697,7,0,0
20015,075037,781,11,0,0
20016,075037,750,11,0,0
20017,075037,689,7,0,0
20018,075037,774,11,0,0
20019,075037,783,11,0,0
20020,075037,684,7,0,0
20021,075037,762,11,0,0
20022,075037,771,11,0,0
20023,075037,703,7,0,0
20024,075037,750,11,0,0
20025,075037,760,11,0,0
20026,075037,697,7,0,0
20027,075037,781,11,0,0
20028,075037,750,11,0,0
20029,075037,689,7,0,0
20030,075037,774,11,0,0
20031,075037,783,11,0,0
20032,075037,693,7,0,0
20033,075037,771,11,0,0
20034,075037,781,11,0,0
20035,075037,713,7,0,0
20036,075037,760,11,0,0
20037,075037,770,11,0,0
20038,075037,707,7,0,0
20039,075037,793,11,0,0
20040,075037,761,11,0,0
20041,075037,699,7,0,0
20042,075037,781,11,0,0
20043,075037,791,11,0,0
20044,075037,693,7,0,0
20045,075037,771,11,0,0
20046,075037,781,11,0,0
20047,075037,713,7,0,0
20048,075037,760,11,0,0
20049,075037,770,11,0,0
20050,075037,707,7,0,0
20051,075037,793,11,0,0
20052,075037,761,11,0,0
20053,075037,699,7,0,0
20054,075037,781,11,0,0
20055,075037,791,11,0,0
20056,075037,693,7,0,0
20057,075037,771,11,0,0
20058,075037,781,11,0,0
20059,075037,713,7,0,0
20060,075037,760,11,0,0
20061,075037,770,11,0,0
20062,075037,707,7,0,0
20063,075037,793,11,0,0
20064,075037,761,11,0,0
20065,075037,699,7,0,0
20066,075037,781,11,0,0
20067,075037,791,11,0,0
20068,075037,693,7,0,0
20069,075037,771,11,0,0
20070,075037,781,11,0,0
20071,075037,713,7,0,0
20072,075037,760,11,0,0
20073,075037,770,11,0,0
20074,075037,707,7,0,0
20075,075037,793,11,0,0
20076,075037,761,11,0,0
20077,075037,699,7,0,0
20078,075037,781,11,0,0
20079,075037,791,11,0,0
20080,075037,684,7,0,0
20081,075037,762,11,0,0
20082,075037,771,11,0,0
20083,075037,703,7,0,0
20084,075037,750,11,0,0
20085,075037,760,11,0,0
20086,075037,697,7,0,0
20087,075037,781,11,0,0
20088,075037,750,11,0,0
20089,075037,689,7,0,0
20090,075037,774,11,0,0
20091,075037,783,11,0,0
20092,075037,684,7,0,0
20093,075037,762,11,0,0
20094,075037,771,11,0,0
20095,075037,703,7,0,0
20096,075037,750,11,0,0
20097,075037,760,11,0,0
20098,075037,697,7,0,0
20099,075037,781,11,0,0
20100,075037,750,11,0,0
20101,075037,689,7,0,0
20102,075037,774,11,0,0
20103,075037,783,11,0,0
20104,075037,684,7,0,0
20105,075037,762,11,0,0
20106,075037,771,11,0,0
20107,075037,703,7,0,0
20108,075037,750,11,0,0
20109,075037,760,11,0,0
20110,075037,697,7,0,0
20111,075037,781,11,0,0
20112,075037,750,11,0,0
20113,075037,689,7,0,0
20114,075037,774,11,0,0
20115,075037,783,11,0,0
20116,075037,684,7,0,0
20117,075037,762,11,0,0
20118,075037,771,11,0,0
20119,075037,703,7,0,0
20120,075037,750,11,0,0
20121,075037,760,11,0,0
20122,075037,697,7,0,0
20123,075037,781,11,0,0
20124,075037,750,11,0,0
20125,075037,689,7,0,0
20126,075037,774,11,0,0
20127,075037,783,11,0,0
20128,075037,684,7,0,0
20129,075037,762,11,0,0
20130,075037,771,11,0,0
20131,075037,703,7,0,0
20132,075037,750,11,0,0
20133,075037,760,11,0,0
20134,075037,697,7,0,0
20135,075037,781,11,0,0
20136,075037,750,11,0,0
20137,075037,689,7,0,0
20138,075037,774,11,0,0
20139,075037,783,11,0,0
20140,075037,684,7,0,0
20141,075037,762,11,0,0
20142,075037,771,11,0,0
20143,075037,703,7,0,0
20144,075037,750,11,0,0
20145,075037,760,11,0,0
20146,075037,697,7,0,0
20147,075037,781,11,0,0
20148,075037,750,11,0,0
20149,075037,689,7,0,0
20150,075037,774,11,0,0
20151,075037,783,11,0,0
20152,075037,684,7,0,0
20153,075037,762,11,0,0
20154,075037,771,11,0,0
20155,075037,703,7,0,0
20156,075037,750,11,0,0
20157,075037,760,11,0,0
20158,075037,697,7,0,0
20159,075037,781,11,0,0
20160,075037,750,11,0,0
20161,075037,689,7,0,0
20162,075037,774,11,0,0
20163,075037,783,11,0,0
20164,075037,684,7,0,0
20165,075037,762,11,0,0
20166,075037,771,11,0,0
20167,075037,703,7,0,0
20168,075037,750,11,0,0
20169,075037,760,11,0,0
20170,075037,697,7,0,0
20171,075037,781,11,0,0
20172,075037,750,11,0,0
20173,075037,689,7,0,0
20174,075037,774,11,0,0
20175,075037,783,11,0,0
20176,075037,684,7,0,0
20177,075037,762,11,0,0
20178,075037,771,11,0,0
20179,075037,703,7,0,0
20180,075037,750,11,0,0
20181,075037,760,11,0,0
20182,075037,697,7,0,0
20183,075037,781,11,0,0
20184,075037,750,11,0,0
20185,075037,689,7,0,0
20186,075037,774,11,0,0
20187,075037,783,11,0,0
20188,075037,684,7,0,0
20189,075037,762,11,0,0
20190,075037,771,11,0,0
20191,075037,703,7,0,0
20192,075037,750,11,0,0
20193,075037,760,11,0,0
20194,075037,697,7,0,0
20195,075037,781,11,0,0
20196,075037,750,11,0,0
20197,075037,689,7,0,0
20198,075037,774,11,0,0
20199,075037,783,11,0,0
20200,075037,684,7,0,0
20201,075037,762,11,0,0
20202,075037,771,11,0,0
20203,075037,703,7,0,0
20204,075037,750,11,0,0
20205,075037,760,11,0,0
20206,075037,697,7,0,0
20207,075037,781,11,0,0
20208,075037,750,11,0,0
20209,075037,689,7,0,0
20210,075037,774,11,0,0
20211,075037,783,11,0,0
20212,075037,684,7,0,0
20213,075037,762,11,0,0
20214,075037,771,11,0,0
20215,075037,703,7,0,0
20216,075037,750,11,0,0
20217,075037,760,11,0,0
20218,075037,697,7,0,0
20219,075037,781,11,0,0
20220,075037,750,11,0,0
20221,075037,689,7,0,0
20222,075037,774,11,0,0
20223,075037,783,11,0,0
20224,075037,249,9,0,0
20225,075037,327,13,0,0
20226,075037,265,9,0,0
20227,075037,273,9,0,0
20228,075037,316,13,0,0
20229,075037,254,9,0,0
20230,075037,265,9,0,0
20231,075037,351,13,0,0
20232,075037,249,9,0,0
20233,075037,255,9,0,0
20234,075037,341,13,0,0
20235,075037,273,9,0,0
20236,075037,248,9,0,0
20237,075037,326,13,0,0
20238,075037,265,9,0,0
20239,075037,273,9,0,0
20240,075037,316,13,0,0
20241,075037,254,9,0,0
20242,075037,265,9,0,0
20243,075037,351,13,0,0
20244,075037,249,9,0,0
20245,075037,255,9,0,0
20246,075037,341,13,0,0
20247,075037,273,9,0,0
20248,075037,248,9,0,0
20249,075037,326,13,0,0
20250,075037,265,9,0,0
20251,075037,273,9,0,0
20252,075037,316,13,0,0
20253,075037,254,9,0,0
20254,075037,265,9,0,0
20255,075037,351,13,0,0
20256,075037,249,9,0,0
20257,075037,255,9,0,0
20258,075037,341,13,0,0
20259,075037,273,9,0,0
20260,075037,248,9,0,0
20261,075037,326,13,0,0
20262,075037,265,9,0,0
20263,075037,273,9,0,0
20264,075037,316,13,0,0
20265,075037,254,9,0,0
20266,075037,265,9,0,0
20267,075037,351,13,0,0
20268,075037,249,9,0,0
20269,075037,255,9,0,0
20270,075037,341,13,0,0
20271,075037,273,9,0,0
20272,075037,248,9,0,0
20273,075037,326,13,0,0
20274,075037,265,9,0,0
20275,075037,275,9,0,0
20276,075037,318,13,0,0
20277,075037,254,9,0,0
20278,075037,265,9,0,0
20279,075037,355,13,0,0
20280,075037,250,9,0,0
20281,075037,254,9,0,0
20282,075037,341,13,0,0
20283,075037,275,9,0,0
20284,075037,250,9,0,0
20285,075037,326,13,0,0
20286,075037,265,9,0,0
20287,075037,275,9,0,0
20288,075037,318,13,0,0
20289,075037,254,9,0,0
20290,075037,265,9,0,0
20291,075037,355,13,0,0
20292,075037,250,9,0,0
20293,075037,254,9,0,0
20294,075037,341,13,0,0
20295,075037,275,9,0,0
20296,075037,250,9,0,0
20297,075037,326,13,0,0
20298,075037,265,9,0,0
20299,075037,275,9,0,0
20300,075037,318,13,0,0
20301,075037,254,9,0,0
20302,075037,265,9,0,0
20303,075037,355,13,0,0
20304,075037,250,9,0,0
20305,075037,254,9,0,0
20306,075037,341,13,0,0
20307,075037,275,9,0,0
20308,075037,250,9,0,0
20309,075037,326,13,0,0
20310,075037,265,9,0,0
20311,075037,275,9,0,0
20312,075037,318,13,0,0
20313,075037,254,9,0,0
20314,075037,265,9,0,0
20315,075037,355,13,0,0
20316,075037,250,9,0,0
20317,075037,254,9,0,0
20318,075037,341,13,0,0
20319,075037,275,9,0,0
20320,075000,97,6,0,0
20321,075000,119,7,0,0
20322,075000,141,8,0,0
20323,075000,167,9,0,0
20324,075000,398,10,0,0
20325,075000,418,11,0,0
20326,075000,105,5,0,0
20327,075000,111,6,0,0
20328,075000,113,7,0,0
20329,075000,135,8,0,0
20330,075000,157,9,0,0
20331,075000,423,10,0,0
20332,075000,413,11,0,0
20333,075000,101,5,0,0
20334,075000,107,6,0,0
20335,075000,129,7,0,0
20336,075000,128,8,0,0
20337,075000,150,9,0,0
20338,075000,413,10,0,0
20339,075000,439,11,0,0
20340,075000,97,5,0,0
20341,075000,101,6,0,0
20342,075000,123,7,0,0
20343,075000,147,8,0,0
20344,075000,145,9,0,0
20345,075000,403,10,0,0
20346,075000,429,11,0,0
20347,075000,111,5,0,0
20348,075000,97,6,0,0
20349,075000,119,7,0,0
20350,075000,141,8,0,0
20351,075000,167,9,0,0
20352,075000,398,10,0,0
20353,075000,418,11,0,0
20354,075000,105,5,0,0
20355,075000,111,6,0,0
20356,075000,113,7,0,0
20357,075000,135,8,0,0
20358,075000,157,9,0,0
20359,075000,423,10,0,0
20360,075000,413,11,0,0
20361,075000,101,5,0,0
20362,075000,107,6,0,0
20363,075000,129,7,0,0
20364,075000,128,8,0,0
20365,075000,150,9,0,0
20366,075000,413,10,0,0
20367,075000,439,11,0,0
20368,075000,97,5,0,0
20369,075000,101,6,0,0
20370,075000,123,7,0,0
20371,075000,147,8,0,0
20372,075000,145,9,0,0
20373,075000,403,10,0,0
20374,075000,429,11,0,0
20375,075000,111,5,0,0
20376,075000,97,6,0,0
20377,075000,119,7,0,0
20378,075000,141,8,0,0
20379,075000,167,9,0,0
20380,075000,398,10,0,0
20381,075000,418,11,0,0
20382,075000,105,5,0,0
20383,075000,111,6,0,0
20384,075000,113,7,0,0
20385,075000,135,8,0,0
20386,075000,157,9,0,0
20387,075000,423,10,0,0
20388,075000,413,11,0,0
20389,075000,101,5,0,0
20390,075000,107,6,0,0
20391,075000,129,7,0,0
20392,075000,128,8,0,0
20393,075000,150,9,0,0
20394,075000,413,10,0,0
20395,075000,439,11,0,0
20396,075000,97,5,0,0
20397,075000,101,6,0,0
20398,075000,123,7,0,0
20399,075000,147,8,0,0
20400,075000,145,9,0,0
20401,075000,403,10,0,0
20402,075000,429,11,0,0
20403,075000,111,5,0,0
20404,075000,97,6,0,0
20405,075000,119,7,0,0
20406,075000,141,8,0,0
20407,075000,167,9,0,0
20408,075000,398,10,0,0
20409,075000,418,11,0,0
20410,075000,105,5,0,0
20411,075000,111,6,0,0
20412,075000,113,7,0,0
20413,075000,135,8,0,0
20414,075000,157,9,0,0
20415,075000,423,10,0,0
20416,075000,413,11,0,0
20417,075000,101,5,0,0
20418,075000,107,6,0,0
20419,075000,129,7,0,0
20420,075000,128,8,0,0
20421,075000,150,9,0,0
20422,075000,413,10,0,0
20423,075000,439,11,0,0
20424,075000,97,5,0,0
20425,075000,101,6,0,0
20426,075000,123,7,0,0
20427,075000,147,8,0,0
20428,075000,145,9,0,0
20429,075000,403,10,0,0
20430,075000,429,11,0,0
20431,075000,111,5,0,0
20432,075010,97,6,0,0
20433,075010,119,7,0,0
20434,075010,141,8,0,0
20435,075010,167,9,0,0
20436,075010,406,10,0,0
20437,075010,428,11,0,0
20438,075010,107,5,0,0
20439,075010,111,6,0,0
20440,075010,113,7,0,0
20441,075010,135,8,0,0
20442,075010,157,9,0,0
20443,075010,431,10,0,0
20444,075010,421,11,0,0
20445,075010,101,5,0,0
20446,075010,107,6,0,0
20447,075010,129,7,0,0
20448,075010,128,8,0,0
20449,075010,150,9,0,0
20450,075010,421,10,0,0
20451,075010,447,11,0,0
20452,075010,97,5,0,0
20453,075010,101,6,0,0
20454,075010,123,7,0,0
20455,075010,147,8,0,0
20456,075010,145,9,0,0
20457,075010,413,10,0,0
20458,075010,439,11,0,0
20459,075010,111,5,0,0
20460,075010,97,6,0,0
20461,075010,119,7,0,0
20462,075010,141,8,0,0
20463,075010,167,9,0,0
20464,075010,406,10,0,0
20465,075010,428,11,0,0
20466,075010,107,5,0,0
20467,075010,111,6,0,0
20468,075010,113,7,0,0
20469,075010,135,8,0,0
20470,075010,157,9,0,0
20471,075010,431,10,0,0
20472,075010,421,11,0,0
20473,075010,101,5,0,0
20474,075010,107,6,0,0
20475,075010,129,7,0,0
20476,075010,128,8,0,0
20477,075010,150,9,0,0
20478,075010,421,10,0,0
20479,075010,447,11,0,0
20480,075010,97,5,0,0
20481,075010,101,6,0,0
20482,075010,123,7,0,0
20483,075010,147,8,0,0
20484,075010,145,9,0,0
20485,075010,413,10,0,0
20486,075010,439,11,0,0
20487,075010,111,5,0,0
20488,075010,97,6,0,0
20489,075010,119,7,0,0
20490,075010,141,8,0,0
20491,075010,167,9,0,0
20492,075010,406,10,0,0
20493,075010,428,11,0,0
20494,075010,107,5,0,0
20495,075010,111,6,0,0
20496,075010,113,7,0,0
20497,075010,135,8,0,0
20498,075010,157,9,0,0
20499,075010,431,10,0,0
20500,075010,421,11,0,0
20501,075010,101,5,0,0
20502,075010,107,6,0,0
20503,075010,129,7,0,0
20504,075010,128,8,0,0
20505,075010,150,9,0,0
20506,075010,421,10,0,0
20507,075010,447,11,0,0
20508,075010,97,5,0,0
20509,075010,101,6,0,0
20510,075010,123,7,0,0
20511,075010,147,8,0,0
20512,075010,145,9,0,0
20513,075010,413,10,0,0
20514,075010,439,11,0,0
20515,075010,111,5,0,0
20516,075010,97,6,0,0
20517,075010,119,7,0,0
20518,075010,141,8,0,0
20519,075010,167,9,0,0
20520,075010,406,10,0,0
20521,075010,428,11,0,0
20522,075010,107,5,0,0
20523,075010,111,6,0,0
20524,075010,113,7,0,0
20525,075010,135,8,0,0
20526,075010,157,9,0,0
20527,075010,431,10,0,0
20528,075010,421,11,0,0
20529,075010,101,5,0,0
20530,075010,107,6,0,0
20531,075010,129,7,0,0
20532,075010,128,8,0,0
20533,075010,150,9,0,0
20534,075010,421,10,0,0
20535,075010,447,11,0,0
20536,075010,97,5,0,0
20537,075010,101,6,0,0
20538,075010,123,7,0,0
20539,075010,147,8,0,0
20540,075010,145,9,0,0
20541,075010,413,10,0,0
20542,075010,439,11,0,0
20543,075010,111,5,0,0
20544,075020,97,6,0,0
20545,075020,119,7,0,0
20546,075020,141,8,0,0
20547,075020,167,9,0,0
20548,075020,594,10,0,0
20549,075020,616,11,0,0
20550,075020,107,5,0,0
20551,075020,111,6,0,0
20552,075020,113,7,0,0
20553,075020,135,8,0,0
20554,075020,157,9,0,0
20555,075020,619,10,0,0
20556,075020,609,11,0,0
20557,075020,101,5,0,0
20558,075020,107,6,0,0
20559,075020,129,7,0,0
20560,075020,128,8,0,0
20561,075020,150,9,0,0
20562,075020,609,10,0,0
20563,075020,635,11,0,0
20564,075020,97,5,0,0
20565,075020,101,6,0,0
20566,075020,123,7,0,0
20567,075020,147,8,0,0
20568,075020,145,9,0,0
20569,075020,601,10,0,0
20570,075020,627,11,0,0
20571,075020,111,5,0,0
20572,075020,97,6,0,0
20573,075020,119,7,0,0
20574,075020,141,8,0,0
20575,075020,167,9,0,0
20576,075020,594,10,0,0
20577,075020,616,11,0,0
20578,075020,107,5,0,0
20579,075020,111,6,0,0
20580,075020,113,7,0,0
20581,075020,135,8,0,0
20582,075020,157,9,0,0
20583,075020,619,10,0,0
20584,075020,609,11,0,0
20585,075020,101,5,0,0
20586,075020,107,6,0,0
20587,075020,129,7,0,0
20588,075020,128,8,0,0
20589,075020,150,9,0,0
20590,075020,609,10,0,0
20591,075020,635,11,0,0
20592,075020,97,5,0,0
20593,075020,101,6,0,0
20594,075020,123,7,0,0
20595,075020,147,8,0,0
20596,075020,145,9,0,0
20597,075020,601,10,0,0
20598,075020,627,11,0,0
20599,075020,111,5,0,0
20600,075020,97,6,0,0
20601,075020,119,7,0,0
20602,075020,141,8,0,0
20603,075020,167,9,0,0
20604,075020,594,10,0,0
20605,075020,616,11,0,0
20606,075020,107,5,0,0
20607,075020,111,6,0,0
20608,075020,113,7,0,0
20609,075020,135,8,0,0
20610,075020,157,9,0,0
20611,075020,619,10,0,0
20612,075020,609,11,0,0
20613,075020,101,5,0,0
20614,075020,107,6,0,0
20615,075020,129,7,0,0
20616,075020,128,8,0,0
20617,075020,150,9,0,0
20618,075020,609,10,0,0
20619,075020,635,11,0,0
20620,075020,97,5,0,0
20621,075020,101,6,0,0
20622,075020,123,7,0,0
20623,075020,147,8,0,0
20624,075020,145,9,0,0
20625,075020,601,10,0,0
20626,075020,627,11,0,0
20627,075020,111,5,0,0
20628,075020,97,6,0,0
20629,075020,119,7,0,0
20630,075020,141,8,0,0
20631,075020,167,9,0,0
20632,075020,594,10,0,0
20633,075020,616,11,0,0
20634,075020,107,5,0,0
20635,075020,111,6,0,0
20636,075020,113,7,0,0
20637,075020,135,8,0,0
20638,075020,157,9,0,0
20639,075020,619,10,0,0
20640,075020,609,11,0,0
20641,075020,101,5,0,0
20642,075020,107,6,0,0
20643,075020,129,7,0,0
20644,075020,128,8,0,0
20645,075020,150,9,0,0
20646,075020,609,10,0,0
20647,075020,635,11,0,0
20648,075020,97,5,0,0
20649,075020,101,6,0,0
20650,075020,123,7,0,0
20651,075020,147,8,0,0
20652,075020,145,9,0,0
20653,075020,601,10,0,0
20654,075020,627,11,0,0
20655,075020,111,5,0,0
20656,075030,97,6,0,0
20657,075030,119,7,0,0
20658,075030,141,8,0,0
20659,075030,167,9,0,0
20660,075030,734,10,0,0
20661,075030,756,11,0,0
20662,075030,107,5,0,0
20663,075030,111,6,0,0
20664,075030,113,7,0,0
20665,075030,135,8,0,0
20666,075030,157,9,0,0
20667,075030,759,10,0,0
20668,075030,749,11,0,0
20669,075030,101,5,0,0
20670,075030,107,6,0,0
20671,075030,129,7,0,0
20672,075030,128,8,0,0
20673,075030,150,9,0,0
20674,075030,749,10,0,0
20675,075030,775,11,0,0
20676,075030,97,5,0,0
20677,075030,101,6,0,0
20678,075030,123,7,0,0
20679,075030,147,8,0,0
20680,075030,145,9,0,0
20681,075030,741,10,0,0
20682,075030,767,11,0,0
20683,075030,111,5,0,0
20684,075030,97,6,0,0
20685,075030,119,7,0,0
20686,075030,141,8,0,0
20687,075030,167,9,0,0
20688,075030,734,10,0,0
20689,075030,756,11,0,0
20690,075030,107,5,0,0
20691,075030,111,6,0,0
20692,075030,113,7,0,0
20693,075030,135,8,0,0
20694,075030,157,9,0,0
20695,075030,759,10,0,0
20696,075030,749,11,0,0
20697,075030,101,5,0,0
20698,075030,107,6,0,0
20699,075030,129,7,0,0
20700,075030,128,8,0,0
20701,075030,150,9,0,0
20702,075030,749,10,0,0
20703,075030,775,11,0,0
20704,075030,97,5,0,0
20705,075030,101,6,0,0
20706,075030,123,7,0,0
20707,075030,147,8,0,0
20708,075030,145,9,0,0
20709,075030,741,10,0,0
20710,075030,767,11,0,0
20711,075030,111,5,0,0
20712,075030,97,6,0,0
20713,075030,119,7,0,0
20714,075030,141,8,0,0
20715,075030,167,9,0,0
20716,075030,734,10,0,0
20717,075030,756,11,0,0
20718,075030,107,5,0,0
20719,075030,111,6,0,0
20720,075030,113,7,0,0
20721,075030,135,8,0,0
20722,075030,157,9,0,0
20723,075030,759,10,0,0
20724,075030,749,11,0,0
20725,075030,101,5,0,0
20726,075030,107,6,0,0
20727,075030,129,7,0,0
20728,075030,128,8,0,0
20729,075030,150,9,0,0
20730,075030,749,10,0,0
20731,075030,775,11,0,0
20732,075030,97,5,0,0
20733,075030,101,6,0,0
20734,075030,123,7,0,0
20735,075030,147,8,0,0
20736,075030,145,9,0,0
20737,075030,741,10,0,0
20738,075030,767,11,0,0
20739,075030,111,5,0,0
20740,075030,97,6,0,0
20741,075030,119,7,0,0
20742,075030,141,8,0,0
20743,075030,167,9,0,0
20744,075030,734,10,0,0
20745,075030,756,11,0,0
20746,075030,107,5,0,0
20747,075030,111,6,0,0
20748,075030,113,7,0,0
20749,075030,135,8,0,0
20750,075030,157,9,0,0
20751,075030,759,10,0,0
20752,075030,749,11,0,0
20753,075030,101,5,0,0
20754,075030,107,6,0,0
20755,075030,129,7,0,0
20756,075030,128,8,0,0
20757,075030,150,9,0,0
20758,075030,749,10,0,0
20759,075030,775,11,0,0
20760,075030,97,5,0,0
20761,075030,101,6,0,0
20762,075030,123,7,0,0
20763,075030,147,8,0,0
20764,075030,145,9,0,0
20765,075030,741,10,0,0
20766,075030,767,11,0,0
20767,075030,111,5,0,0
20768,075001,97,6,0,0
20769,075001,119,7,0,0
20770,075001,141,8,0,0
20771,075001,167,9,0,0
20772,075001,398,10,0,0
20773,075001,418,11,0,0
20774,075001,105,5,0,0
20775,075001,111,6,0,0
20776,075001,113,7,0,0
20777,075001,135,8,0,0
20778,075001,157,9,0,0
20779,075001,423,10,0,0
20780,075001,413,11,0,0
20781,075001,101,5,0,0
20782,075001,107,6,0,0
20783,075001,129,7,0,0
20784,075001,128,8,0,0
20785,075001,150,9,0,0
20786,075001,413,10,0,0
20787,075001,439,11,0,0
20788,075001,97,5,0,0
20789,075001,101,6,0,0
20790,075001,123,7,0,0
20791,075001,147,8,0,0
20792,075001,145,9,0,0
20793,075001,403,10,0,0
20794,075001,429,11,0,0
20795,075001,111,5,0,0
20796,075001,97,6,0,0
20797,075001,119,7,0,0
20798,075001,141,8,0,0
20799,075001,167,9,0,0
20800,075001,398,10,0,0
20801,075001,418,11,0,0
20802,075001,105,5,0,0
20803,075001,111,6,0,0
20804,075001,113,7,0,0
20805,075001,135,8,0,0
20806,075001,157,9,0,0
20807,075001,423,10,0,0
20808,075001,413,11,0,0
20809,075001,101,5,0,0
20810,075001,107,6,0,0
20811,075001,129,7,0,0
20812,075001,128,8,0,0
20813,075001,150,9,0,0
20814,075001,413,10,0,0
20815,075001,439,11,0,0
20816,075001,97,5,0,0
20817,075001,101,6,0,0
20818,075001,123,7,0,0
20819,075001,147,8,0,0
20820,075001,145,9,0,0
20821,075001,403,10,0,0
20822,075001,429,11,0,0
20823,075001,111,5,0,0
20824,075001,97,6,0,0
20825,075001,119,7,0,0
20826,075001,141,8,0,0
20827,075001,167,9,0,0
20828,075001,398,10,0,0
20829,075001,418,11,0,0
20830,075001,105,5,0,0
20831,075001,111,6,0,0
20832,075001,113,7,0,0
20833,075001,135,8,0,0
20834,075001,157,9,0,0
20835,075001,423,10,0,0
20836,075001,413,11,0,0
20837,075001,101,5,0,0
20838,075001,107,6,0,0
20839,075001,129,7,0,0
20840,075001,128,8,0,0
20841,075001,150,9,0,0
20842,075001,413,10,0,0
20843,075001,439,11,0,0
20844,075001,97,5,0,0
20845,075001,101,6,0,0
20846,075001,123,7,0,0
20847,075001,147,8,0,0
20848,075001,145,9,0,0
20849,075001,403,10,0,0
20850,075001,429,11,0,0
20851,075001,111,5,0,0
20852,075001,97,6,0,0
20853,075001,119,7,0,0
20854,075001,141,8,0,0
20855,075001,167,9,0,0
20856,075001,398,10,0,0
20857,075001,418,11,0,0
20858,075001,105,5,0,0
20859,075001,111,6,0,0
20860,075001,113,7,0,0
20861,075001,135,8,0,0
20862,075001,157,9,0,0
20863,075001,423,10,0,0
20864,075001,413,11,0,0
20865,075001,101,5,0,0
20866,075001,107,6,0,0
20867,075001,129,7,0,0
20868,075001,128,8,0,0
20869,075001,150,9,0,0
20870,075001,413,10,0,0
20871,075001,439,11,0,0
20872,075001,97,5,0,0
20873,075001,101,6,0,0
20874,075001,123,7,0,0
20875,075001,147,8,0,0
20876,075001,145,9,0,0
20877,075001,403,10,0,0
20878,075001,429,11,0,0
20879,075001,111,5,0,0
20880,075011,97,6,0,0
20881,075011,119,7,0,0
20882,075011,141,8,0,0
20883,075011,167,9,0,0
20884,075011,406,10,0,0
20885,075011,428,11,0,0
20886,075011,107,5,0,0
20887,075011,111,6,0,0
20888,075011,113,7,0,0
20889,075011,135,8,0,0
20890,075011,157,9,0,0
20891,075011,431,10,0,0
20892,075011,421,11,0,0
20893,075011,101,5,0,0
20894,075011,107,6,0,0
20895,075011,129,7,0,0
20896,075011,128,8,0,0
20897,075011,150,9,0,0
20898,075011,421,10,0,0
20899,075011,447,11,0,0
20900,075011,97,5,0,0
20901,075011,101,6,0,0
20902,075011,123,7,0,0
20903,075011,147,8,0,0
20904,075011,145,9,0,0
20905,075011,413,10,0,0
20906,075011,439,11,0,0
20907,075011,111,5,0,0
20908,075011,97,6,0,0
20909,075011,119,7,0,0
20910,075011,141,8,0,0
20911,075011,167,9,0,0
20912,075011,406,10,0,0
20913,075011,428,11,0,0
20914,075011,107,5,0,0
20915,075011,111,6,0,0
20916,075011,113,7,0,0
20917,075011,135,8,0,0
20918,075011,157,9,0,0
20919,075011,431,10,0,0
20920,075011,421,11,0,0
20921,075011,101,5,0,0
20922,075011,107,6,0,0
20923,075011,129,7,0,0
20924,075011,128,8,0,0
20925,075011,150,9,0,0
20926,075011,421,10,0,0
20927,075011,447,11,0,0
20928,075011,97,5,0,0
20929,075011,101,6,0,0
20930,075011,123,7,0,0
20931,075011,147,8,0,0
20932,075011,145,9,0,0
20933,075011,413,10,0,0
20934,075011,439,11,0,0
20935,075011,111,5,0,0
20936,075011,97,6,0,0
20937,075011,119,7,0,0
20938,075011,141,8,0,0
20939,075011,167,9,0,0
20940,075011,406,10,0,0
20941,075011,428,11,0,0
20942,075011,107,5,0,0
20943,075011,111,6,0,0
20944,075011,113,7,0,0
20945,075011,135,8,0,0
20946,075011,157,9,0,0
20947,075011,431,10,0,0
20948,075011,421,11,0,0
20949,075011,101,5,0,0
20950,075011,107,6,0,0
20951,075011,129,7,0,0
20952,075011,128,8,0,0
20953,075011,150,9,0,0
20954,075011,421,10,0,0
20955,075011,447,11,0,0
20956,075011,97,5,0,0
20957,075011,101,6,0,0
20958,075011,123,7,0,0
20959,075011,147,8,0,0
20960,075011,145,9,0,0
20961,075011,413,10,0,0
20962,075011,439,11,0,0
20963,075011,111,5,0,0
20964,075011,97,6,0,0
20965,075011,119,7,0,0
20966,075011,141,8,0,0
20967,075011,167,9,0,0
20968,075011,406,10,0,0
20969,075011,428,11,0,0
20970,075011,107,5,0,0
20971,075011,111,6,0,0
20972,075011,113,7,0,0
20973,075011,135,8,0,0
20974,075011,157,9,0,0
20975,075011,431,10,0,0
20976,075011,421,11,0,0
20977,075011,101,5,0,0
20978,075011,107,6,0,0
20979,075011,129,7,0,0
20980,075011,128,8,0,0
20981,075011,150,9,0,0
20982,075011,421,10,0,0
20983,075011,447,11,0,0
20984,075011,97,5,0,0
20985,075011,101,6,0,0
20986,075011,123,7,0,0
20987,075011,147,8,0,0
20988,075011,145,9,0,0
20989,075011,413,10,0,0
20990,075011,439,11,0,0
20991,075011,111,5,0,0
20992,075021,97,6,0,0
20993,075021,119,7,0,0
20994,075021,141,8,0,0
20995,075021,167,9,0,0
20996,075021,594,10,0,0
20997,075021,616,11,0,0
20998,075021,107,5,0,0
20999,075021,111,6,0,0
21000,075021,113,7,0,0
21001,075021,135,8,0,0
21002,075021,157,9,0,0
21003,075021,619,10,0,0
21004,075021,609,11,0,0
21005,075021,101,5,0,0
21006,075021,107,6,0,0
21007,075021,129,7,0,0
21008,075021,128,8,0,0
21009,075021,150,9,0,0
21010,075021,609,10,0,0
21011,075021,635,11,0,0
21012,075021,97,5,0,0
21013,075021,101,6,0,0
21014,075021,123,7,0,0
21015,075021,147,8,0,0
21016,075021,145,9,0,0
21017,075021,601,10,0,0
21018,075021,627,11,0,0
21019,075021,111,5,0,0
21020,075021,97,6,0,0
21021,075021,119,7,0,0
21022,075021,141,8,0,0
21023,075021,167,9,0,0
21024,075021,594,10,0,0
21025,075021,616,11,0,0
21026,075021,107,5,0,0
21027,075021,111,6,0,0
21028,075021,113,7,0,0
21029,075021,135,8,0,0
21030,075021,157,9,0,0
21031,075021,619,10,0,0
21032,075021,609,11,0,0
21033,075021,101,5,0,0
21034,075021,107,6,0,0
21035,075021,129,7,0,0
21036,075021,128,8,0,0
21037,075021,150,9,0,0
21038,075021,609,10,0,0
21039,075021,635,11,0,0
21040,075021,97,5,0,0
21041,075021,101,6,0,0
21042,075021,123,7,0,0
21043,075021,147,8,0,0
21044,075021,145,9,0,0
21045,075021,601,10,0,0
21046,075021,627,11,0,0
21047,075021,111,5,0,0
21048,075021,97,6,0,0
21049,075021,119,7,0,0
21050,075021,141,8,0,0
21051,075021,167,9,0,0
21052,075021,594,10,0,0
21053,075021,616,11,0,0
21054,075021,107,5,0,0
21055,075021,111,6,0,0
21056,075021,113,7,0,0
21057,075021,135,8,0,0
21058,075021,157,9,0,0
21059,075021,619,10,0,0
21060,075021,609,11,0,0
21061,075021,101,5,0,0
21062,075021,107,6,0,0
21063,075021,129,7,0,0
21064,075021,128,8,0,0
21065,075021,150,9,0,0
21066,075021,609,10,0,0
21067,075021,635,11,0,0
21068,075021,97,5,0,0
21069,075021,101,6,0,0
21070,075021,123,7,0,0
21071,075021,147,8,0,0
21072,075021,145,9,0,0
21073,075021,601,10,0,0
21074,075021,627,11,0,0
21075,075021,111,5,0,0
21076,075021,97,6,0,0
21077,075021,119,7,0,0
21078,075021,141,8,0,0
21079,075021,167,9,0,0
21080,075021,594,10,0,0
21081,075021,616,11,0,0
21082,075021,107,5,0,0
21083,075021,111,6,0,0
21084,075021,113,7,0,0
21085,075021,135,8,0,0
21086,075021,157,9,0,0
21087,075021,619,10,0,0
21088,075021,609,11,0,0
21089,075021,101,5,0,0
21090,075021,107,6,0,0
21091,075021,129,7,0,0
21092,075021,128,8,0,0
21093,075021,150,9,0,0
21094,075021,609,10,0,0
21095,075021,635,11,0,0
21096,075021,97,5,0,0
21097,075021,101,6,0,0
21098,075021,123,7,0,0
21099,075021,147,8,0,0
21100,075021,145,9,0,0
21101,075021,601,10,0,0
21102,075021,627,11,0,0
21103,075021,111,5,0,0
21104,075031,97,6,0,0
21105,075031,119,7,0,0
21106,075031,141,8,0,0
21107,075031,167,9,0,0
21108,075031,734,10,0,0
21109,075031,756,11,0,0
21110,075031,107,5,0,0
21111,075031,111,6,0,0
21112,075031,113,7,0,0
21113,075031,135,8,0,0
21114,075031,157,9,0,0
21115,075031,759,10,0,0
21116,075031,749,11,0,0
21117,075031,101,5,0,0
21118,075031,107,6,0,0
21119,075031,129,7,0,0
21120,075031,128,8,0,0
21121,075031,150,9,0,0
21122,075031,749,10,0,0
21123,075031,775,11,0,0
21124,075031,97,5,0,0
21125,075031,101,6,0,0
21126,075031,123,7,0,0
21127,075031,147,8,0,0
21128,075031,145,9,0,0
21129,075031,741,10,0,0
21130,075031,767,11,0,0
21131,075031,111,5,0,0
21132,075031,97,6,0,0
21133,075031,119,7,0,0
21134,075031,141,8,0,0
21135,075031,167,9,0,0
21136,075031,734,10,0,0
21137,075031,756,11,0,0
21138,075031,107,5,0,0
21139,075031,111,6,0,0
21140,075031,113,7,0,0
21141,075031,135,8,0,0
21142,075031,157,9,0,0
21143,075031,759,10,0,0
21144,075031,749,11,0,0
21145,075031,101,5,0,0
21146,075031,107,6,0,0
21147,075031,129,7,0,0
21148,075031,128,8,0,0
21149,075031,150,9,0,0
21150,075031,749,10,0,0
21151,075031,775,11,0,0
21152,075031,97,5,0,0
21153,075031,101,6,0,0
21154,075031,123,7,0,0
21155,075031,147,8,0,0
21156,075031,145,9,0,0
21157,075031,741,10,0,0
21158,075031,767,11,0,0
21159,075031,111,5,0,0
21160,075031,97,6,0,0
21161,075031,119,7,0,0
21162,075031,141,8,0,0
21163,075031,167,9,0,0
21164,075031,734,10,0,0
21165,075031,756,11,0,0
21166,075031,107,5,0,0
21167,075031,111,6,0,0
21168,075031,113,7,0,0
21169,075031,135,8,0,0
21170,075031,157,9,0,0
21171,075031,759,10,0,0
21172,075031,749,11,0,0
21173,075031,101,5,0,0
21174,075031,107,6,0,0
21175,075031,129,7,0,0
21176,075031,128,8,0,0
21177,075031,150,9,0,0
21178,075031,749,10,0,0
21179,075031,775,11,0,0
21180,075031,97,5,0,0
21181,075031,101,6,0,0
21182,075031,123,7,0,0
21183,075031,147,8,0,0
21184,075031,145,9,0,0
21185,075031,741,10,0,0
21186,075031,767,11,0,0
21187,075031,111,5,0,0
21188,075031,97,6,0,0
21189,075031,119,7,0,0
21190,075031,141,8,0,0
21191,075031,167,9,0,0
21192,075031,734,10,0,0
21193,075031,756,11,0,0
21194,075031,107,5,0,0
21195,075031,111,6,0,0
21196,075031,113,7,0,0
21197,075031,135,8,0,0
21198,075031,157,9,0,0
21199,075031,759,10,0,0
21200,075031,749,11,0,0
21201,075031,101,5,0,0
21202,075031,107,6,0,0
21203,075031,129,7,0,0
21204,075031,128,8,0,0
21205,075031,150,9,0,0
21206,075031,749,10,0,0
21207,075031,775,11,0,0
21208,075031,97,5,0,0
21209,075031,101,6,0,0
21210,075031,123,7,0,0
21211,075031,147,8,0,0
21212,075031,145,9,0,0
21213,075031,741,10,0,0
21214,075031,767,11,0,0
21215,075031,111,5,0,0
21216,075002,97,6,0,0
21217,075002,119,7,0,0
21218,075002,141,8,0,0
21219,075002,167,9,0,0
21220,075002,398,10,0,0
21221,075002,418,11,0,0
21222,075002,105,5,0,0
21223,075002,111,6,0,0
21224,075002,113,7,0,0
21225,075002,135,8,0,0
21226,075002,157,9,0,0
21227,075002,423,10,0,0
21228,075002,413,11,0,0
21229,075002,101,5,0,0
21230,075002,107,6,0,0
21231,075002,129,7,0,0
21232,075002,128,8,0,0
21233,075002,150,9,0,0
21234,075002,413,10,0,0
21235,075002,439,11,0,0
21236,075002,97,5,0,0
21237,075002,101,6,0,0
21238,075002,123,7,0,0
21239,075002,147,8,0,0
21240,075002,145,9,0,0
21241,075002,403,10,0,0
21242,075002,429,11,0,0
21243,075002,111,5,0,0
21244,075002,97,6,0,0
21245,075002,119,7,0,0
21246,075002,141,8,0,0
21247,075002,167,9,0,0
21248,075002,398,10,0,0
21249,075002,418,11,0,0
21250,075002,105,5,0,0
21251,075002,111,6,0,0
21252,075002,113,7,0,0
21253,075002,135,8,0,0
21254,075002,157,9,0,0
21255,075002,423,10,0,0
21256,075002,413,11,0,0
21257,075002,101,5,0,0
21258,075002,107,6,0,0
21259,075002,129,7,0,0
21260,075002,128,8,0,0
21261,075002,150,9,0,0
21262,075002,413,10,0,0
21263,075002,439,11,0,0
21264,075002,97,5,0,0
21265,075002,101,6,0,0
21266,075002,123,7,0,0
21267,075002,147,8,0,0
21268,075002,145,9,0,0
21269,075002,403,10,0,0
21270,075002,429,11,0,0
21271,075002,111,5,0,0
21272,075002,97,6,0,0
21273,075002,119,7,0,0
21274,075002,141,8,0,0
21275,075002,167,9,0,0
21276,075002,398,10,0,0
21277,075002,418,11,0,0
21278,075002,105,5,0,0
21279,075002,111,6,0,0
21280,075002,113,7,0,0
21281,075002,135,8,0,0
21282,075002,157,9,0,0
21283,075002,423,10,0,0
21284,075002,413,11,0,0
21285,075002,101,5,0,0
21286,075002,107,6,0,0
21287,075002,129,7,0,0
21288,075002,128,8,0,0
21289,075002,150,9,0,0
21290,075002,413,10,0,0
21291,075002,439,11,0,0
21292,075002,97,5,0,0
21293,075002,101,6,0,0
21294,075002,123,7,0,0
21295,075002,147,8,0,0
21296,075002,145,9,0,0
21297,075002,403,10,0,0
21298,075002,429,11,0,0
21299,075002,111,5,0,0
21300,075002,97,6,0,0
21301,075002,119,7,0,0
21302,075002,141,8,0,0
21303,075002,167,9,0,0
21304,075002,398,10,0,0
21305,075002,418,11,0,0
21306,075002,105,5,0,0
21307,075002,111,6,0,0
21308,075002,113,7,0,0
21309,075002,135,8,0,0
21310,075002,157,9,0,0
21311,075002,423,10,0,0
21312,075002,413,11,0,0
21313,075002,101,5,0,0
21314,075002,107,6,0,0
21315,075002,129,7,0,0
21316,075002,128,8,0,0
21317,075002,150,9,0,0
21318,075002,413,10,0,0
21319,075002,439,11,0,0
21320,075002,97,5,0,0
21321,075002,101,6,0,0
21322,075002,123,7,0,0
21323,075002,147,8,0,0
21324,075002,145,9,0,0
21325,075002,403,10,0,0
21326,075002,429,11,0,0
21327,075002,111,5,0,0
21328,075012,97,6,0,0
21329,075012,119,7,0,0
21330,075012,141,8,0,0
21331,075012,167,9,0,0
21332,075012,406,10,0,0
21333,075012,428,11,0,0
21334,075012,107,5,0,0
21335,075012,111,6,0,0
21336,075012,113,7,0,0
21337,075012,135,8,0,0
21338,075012,157,9,0,0
21339,075012,431,10,0,0
21340,075012,421,11,0,0
21341,075012,101,5,0,0
21342,075012,107,6,0,0
21343,075012,129,7,0,0
21344,075012,128,8,0,0
21345,075012,150,9,0,0
21346,075012,421,10,0,0
21347,075012,447,11,0,0
21348,075012,97,5,0,0
21349,075012,101,6,0,0
21350,075012,123,7,0,0
21351,075012,147,8,0,0
21352,075012,145,9,0,0
21353,075012,413,10,0,0
21354,075012,439,11,0,0
21355,075012,111,5,0,0
21356,075012,97,6,0,0
21357,075012,119,7,0,0
21358,075012,141,8,0,0
21359,075012,167,9,0,0
21360,075012,406,10,0,0
21361,075012,428,11,0,0
21362,075012,107,5,0,0
21363,075012,111,6,0,0
21364,075012,113,7,0,0
21365,075012,135,8,0,0
21366,075012,157,9,0,0
21367,075012,431,10,0,0
21368,075012,421,11,0,0
21369,075012,101,5,0,0
21370,075012,107,6,0,0
21371,075012,129,7,0,0
21372,075012,128,8,0,0
21373,075012,150,9,0,0
21374,075012,421,10,0,0
21375,075012,447,11,0,0
21376,075012,97,5,0,0
21377,075012,101,6,0,0
21378,075012,123,7,0,0
21379,075012,147,8,0,0
21380,075012,145,9,0,0
21381,075012,413,10,0,0
21382,075012,439,11,0,0
21383,075012,111,5,0,0
21384,075012,97,6,0,0
21385,075012,119,7,0,0
21386,075012,141,8,0,0
21387,075012,167,9,0,0
21388,075012,406,10,0,0
21389,075012,428,11,0,0
21390,075012,107,5,0,0
21391,075012,111,6,0,0
21392,075012,113,7,0,0
21393,075012,135,8,0,0
21394,075012,157,9,0,0
21395,075012,431,10,0,0
21396,075012,421,11,0,0
21397,075012,101,5,0,0
21398,075012,107,6,0,0
21399,075012,129,7,0,0
21400,075012,128,8,0,0
21401,075012,150,9,0,0
21402,075012,421,10,0,0
21403,075012,447,11,0,0
21404,075012,97,5,0,0
21405,075012,101,6,0,0
21406,075012,123,7,0,0
21407,075012,147,8,0,0
21408,075012,145,9,0,0
21409,075012,413,10,0,0
21410,075012,439,11,0,0
21411,075012,111,5,0,0
21412,075012,97,6,0,0
21413,075012,119,7,0,0
21414,075012,141,8,0,0
21415,075012,167,9,0,0
21416,075012,406,10,0,0
21417,075012,428,11,0,0
21418,075012,107,5,0,0
21419,075012,111,6,0,0
21420,075012,113,7,0,0
21421,075012,135,8,0,0
21422,075012,157,9,0,0
21423,075012,431,10,0,0
21424,075012,421,11,0,0
21425,075012,101,5,0,0
21426,075012,107,6,0,0
21427,075012,129,7,0,0
21428,075012,128,8,0,0
21429,075012,150,9,0,0
21430,075012,421,10,0,0
21431,075012,447,11,0,0
21432,075012,97,5,0,0
21433,075012,101,6,0,0
21434,075012,123,7,0,0
21435,075012,147,8,0,0
21436,075012,145,9,0,0
21437,075012,413,10,0,0
21438,075012,439,11,0,0
21439,075012,111,5,0,0
21440,075022,97,6,0,0
21441,075022,119,7,0,0
21442,075022,141,8,0,0
21443,075022,167,9,0,0
21444,075022,594,10,0,0
21445,075022,616,11,0,0
21446,075022,107,5,0,0
21447,075022,111,6,0,0
21448,075022,113,7,0,0
21449,075022,135,8,0,0
21450,075022,157,9,0,0
21451,075022,619,10,0,0
21452,075022,609,11,0,0
21453,075022,101,5,0,0
21454,075022,107,6,0,0
21455,075022,129,7,0,0
21456,075022,128,8,0,0
21457,075022,150,9,0,0
21458,075022,609,10,0,0
21459,075022,635,11,0,0
21460,075022,97,5,0,0
21461,075022,101,6,0,0
21462,075022,123,7,0,0
21463,075022,147,8,0,0
21464,075022,145,9,0,0
21465,075022,601,10,0,0
21466,075022,627,11,0,0
21467,075022,111,5,0,0
21468,075022,97,6,0,0
21469,075022,119,7,0,0
21470,075022,141,8,0,0
21471,075022,167,9,0,0
21472,075022,594,10,0,0
21473,075022,616,11,0,0
21474,075022,107,5,0,0
21475,075022,111,6,0,0
21476,075022,113,7,0,0
21477,075022,135,8,0,0
21478,075022,157,9,0,0
21479,075022,619,10,0,0
21480,075022,609,11,0,0
21481,075022,101,5,0,0
21482,075022,107,6,0,0
21483,075022,129,7,0,0
21484,075022,128,8,0,0
21485,075022,150,9,0,0
21486,075022,609,10,0,0
21487,075022,635,11,0,0
21488,075022,97,5,0,0
21489,075022,101,6,0,0
21490,075022,123,7,0,0
21491,075022,147,8,0,0
21492,075022,145,9,0,0
21493,075022,601,10,0,0
21494,075022,627,11,0,0
21495,075022,111,5,0,0
21496,075022,97,6,0,0
21497,075022,119,7,0,0
21498,075022,141,8,0,0
21499,075022,167,9,0,0
21500,075022,594,10,0,0
21501,075022,616,11,0,0
21502,075022,107,5,0,0
21503,075022,111,6,0,0
21504,075022,113,7,0,0
21505,075022,135,8,0,0
21506,075022,157,9,0,0
21507,075022,619,10,0,0
21508,075022,609,11,0,0
21509,075022,101,5,0,0
21510,075022,107,6,0,0
21511,075022,129,7,0,0
21512,075022,128,8,0,0
21513,075022,150,9,0,0
21514,075022,609,10,0,0
21515,075022,635,11,0,0
21516,075022,97,5,0,0
21517,075022,101,6,0,0
21518,075022,123,7,0,0
21519,075022,147,8,0,0
21520,075022,145,9,0,0
21521,075022,601,10,0,0
21522,075022,627,11,0,0
21523,075022,111,5,0,0
21524,075022,97,6,0,0
21525,075022,119,7,0,0
21526,075022,141,8,0,0
21527,075022,167,9,0,0
21528,075022,594,10,0,0
21529,075022,616,11,0,0
21530,075022,107,5,0,0
21531,075022,111,6,0,0
21532,075022,113,7,0,0
21533,075022,135,8,0,0
21534,075022,157,9,0,0
21535,075022,619,10,0,0
21536,075022,609,11,0,0
21537,075022,101,5,0,0
21538,075022,107,6,0,0
21539,075022,129,7,0,0
21540,075022,128,8,0,0
21541,075022,150,9,0,0
21542,075022,609,10,0,0
21543,075022,635,11,0,0
21544,075022,97,5,0,0
21545,075022,101,6,0,0
21546,075022,123,7,0,0
21547,075022,147,8,0,0
21548,075022,145,9,0,0
21549,075022,601,10,0,0
21550,075022,627,11,0,0
21551,075022,111,5,0,0
21552,075032,97,6,0,0
21553,075032,119,7,0,0
21554,075032,141,8,0,0
21555,075032,167,9,0,0
21556,075032,734,10,0,0
21557,075032,756,11,0,0
21558,075032,107,5,0,0
21559,075032,111,6,0,0
21560,075032,113,7,0,0
21561,075032,135,8,0,0
21562,075032,157,9,0,0
21563,075032,759,10,0,0
21564,075032,749,11,0,0
21565,075032,101,5,0,0
21566,075032,107,6,0,0
21567,075032,129,7,0,0
21568,075032,128,8,0,0
21569,075032,150,9,0,0
21570,075032,749,10,0,0
21571,075032,775,11,0,0
21572,075032,97,5,0,0
21573,075032,101,6,0,0
21574,075032,123,7,0,0
21575,075032,147,8,0,0
21576,075032,145,9,0,0
21577,075032,741,10,0,0
21578,075032,767,11,0,0
21579,075032,111,5,0,0
21580,075032,97,6,0,0
21581,075032,119,7,0,0
21582,075032,141,8,0,0
21583,075032,167,9,0,0
21584,075032,734,10,0,0
21585,075032,756,11,0,0
21586,075032,107,5,0,0
21587,075032,111,6,0,0
21588,075032,113,7,0,0
21589,075032,135,8,0,0
21590,075032,157,9,0,0
21591,075032,759,10,0,0
21592,075032,749,11,0,0
21593,075032,101,5,0,0
21594,075032,107,6,0,0
21595,075032,129,7,0,0
21596,075032,128,8,0,0
21597,075032,150,9,0,0
21598,075032,749,10,0,0
21599,075032,775,11,0,0
21600,075032,97,5,0,0
21601,075032,101,6,0,0
21602,075032,123,7,0,0
21603,075032,147,8,0,0
21604,075032,145,9,0,0
21605,075032,741,10,0,0
21606,075032,767,11,0,0
21607,075032,111,5,0,0
21608,075032,97,6,0,0
21609,075032,119,7,0,0
21610,075032,141,8,0,0
21611,075032,167,9,0,0
21612,075032,734,10,0,0
21613,075032,756,11,0,0
21614,075032,107,5,0,0
21615,075032,111,6,0,0
21616,075032,113,7,0,0
21617,075032,135,8,0,0
21618,075032,157,9,0,0
21619,075032,759,10,0,0
21620,075032,749,11,0,0
21621,075032,101,5,0,0
21622,075032,107,6,0,0
21623,075032,129,7,0,0
21624,075032,128,8,0,0
21625,075032,150,9,0,0
21626,075032,749,10,0,0
21627,075032,775,11,0,0
21628,075032,97,5,0,0
21629,075032,101,6,0,0
21630,075032,123,7,0,0
21631,075032,147,8,0,0
21632,075032,145,9,0,0
21633,075032,741,10,0,0
21634,075032,767,11,0,0
21635,075032,111,5,0,0
21636,075032,97,6,0,0
21637,075032,119,7,0,0
21638,075032,141,8,0,0
21639,075032,167,9,0,0
21640,075032,734,10,0,0
21641,075032,756,11,0,0
21642,075032,107,5,0,0
21643,075032,111,6,0,0
21644,075032,113,7,0,0
21645,075032,135,8,0,0
21646,075032,157,9,0,0
21647,075032,759,10,0,0
21648,075032,749,11,0,0
21649,075032,101,5,0,0
21650,075032,107,6,0,0
21651,075032,129,7,0,0
21652,075032,128,8,0,0
21653,075032,150,9,0,0
21654,075032,749,10,0,0
21655,075032,775,11,0,0
21656,075032,97,5,0,0
21657,075032,101,6,0,0
21658,075032,123,7,0,0
21659,075032,147,8,0,0
21660,075032,145,9,0,0
21661,075032,741,10,0,0
21662,075032,767,11,0,0
21663,075032,111,5,0,0
21664,075003,97,6,0,0
21665,075003,119,7,0,0
21666,075003,141,8,0,0
21667,075003,167,9,0,0
21668,075003,398,10,0,0
21669,075003,418,11,0,0
21670,075003,105,5,0,0
21671,075003,111,6,0,0
21672,075003,113,7,0,0
21673,075003,135,8,0,0
21674,075003,157,9,0,0
21675,075003,423,10,0,0
21676,075003,413,11,0,0
21677,075003,101,5,0,0
21678,075003,107,6,0,0
21679,075003,129,7,0,0
21680,075003,128,8,0,0
21681,075003,150,9,0,0
21682,075003,413,10,0,0
21683,075003,439,11,0,0
21684,075003,97,5,0,0
21685,075003,101,6,0,0
21686,075003,123,7,0,0
21687,075003,147,8,0,0
21688,075003,145,9,0,0
21689,075003,403,10,0,0
21690,075003,429,11,0,0
21691,075003,111,5,0,0
21692,075003,97,6,0,0
21693,075003,119,7,0,0
21694,075003,141,8,0,0
21695,075003,167,9,0,0
21696,075003,398,10,0,0
21697,075003,418,11,0,0
21698,075003,105,5,0,0
21699,075003,111,6,0,0
21700,075003,113,7,0,0
21701,075003,135,8,0,0
21702,075003,157,9,0,0
21703,075003,423,10,0,0
21704,075003,413,11,0,0
21705,075003,101,5,0,0
21706,075003,107,6,0,0
21707,075003,129,7,0,0
21708,075003,128,8,0,0
21709,075003,150,9,0,0
21710,075003,413,10,0,0
21711,075003,439,11,0,0
21712,075003,97,5,0,0
21713,075003,101,6,0,0
21714,075003,123,7,0,0
21715,075003,147,8,0,0
21716,075003,145,9,0,0
21717,075003,403,10,0,0
21718,075003,429,11,0,0
21719,075003,111,5,0,0
21720,075003,97,6,0,0
21721,075003,119,7,0,0
21722,075003,141,8,0,0
21723,075003,167,9,0,0
21724,075003,398,10,0,0
21725,075003,418,11,0,0
21726,075003,105,5,0,0
21727,075003,111,6,0,0
21728,075003,113,7,0,0
21729,075003,135,8,0,0
21730,075003,157,9,0,0
21731,075003,423,10,0,0
21732,075003,413,11,0,0
21733,075003,101,5,0,0
21734,075003,107,6,0,0
21735,075003,129,7,0,0
21736,075003,128,8,0,0
21737,075003,150,9,0,0
21738,075003,413,10,0,0
21739,075003,439,11,0,0
21740,075003,97,5,0,0
21741,075003,101,6,0,0
21742,075003,123,7,0,0
21743,075003,147,8,0,0
21744,075003,145,9,0,0
21745,075003,403,10,0,0
21746,075003,429,11,0,0
21747,075003,111,5,0,0
21748,075003,97,6,0,0
21749,075003,119,7,0,0
21750,075003,141,8,0,0
21751,075003,167,9,0,0
21752,075003,398,10,0,0
21753,075003,418,11,0,0
21754,075003,105,5,0,0
21755,075003,111,6,0,0
21756,075003,113,7,0,0
21757,075003,135,8,0,0
21758,075003,157,9,0,0
21759,075003,423,10,0,0
21760,075003,413,11,0,0
21761,075003,101,5,0,0
21762,075003,107,6,0,0
21763,075003,129,7,0,0
21764,075003,128,8,0,0
21765,075003,150,9,0,0
21766,075003,413,10,0,0
21767,075003,439,11,0,0
21768,075003,97,5,0,0
21769,075003,101,6,0,0
21770,075003,123,7,0,0
21771,075003,147,8,0,0
21772,075003,145,9,0,0
21773,075003,403,10,0,0
21774,075003,429,11,0,0
21775,075003,111,5,0,0
21776,075013,97,6,0,0
21777,075013,119,7,0,0
21778,075013,141,8,0,0
21779,075013,167,9,0,0
21780,075013,406,10,0,0
21781,075013,428,11,0,0
21782,075013,107,5,0,0
21783,075013,111,6,0,0
21784,075013,113,7,0,0
21785,075013,135,8,0,0
21786,075013,157,9,0,0
21787,075013,431,10,0,0
21788,075013,421,11,0,0
21789,075013,101,5,0,0
21790,075013,107,6,0,0
21791,075013,129,7,0,0
21792,075013,128,8,0,0
21793,075013,150,9,0,0
21794,075013,421,10,0,0
21795,075013,447,11,0,0
21796,075013,97,5,0,0
21797,075013,101,6,0,0
21798,075013,123,7,0,0
21799,075013,147,8,0,0
21800,075013,145,9,0,0
21801,075013,413,10,0,0
21802,075013,439,11,0,0
21803,075013,111,5,0,0
21804,075013,97,6,0,0
21805,075013,119,7,0,0
21806,075013,141,8,0,0
21807,075013,167,9,0,0
21808,075013,406,10,0,0
21809,075013,428,11,0,0
21810,075013,107,5,0,0
21811,075013,111,6,0,0
21812,075013,113,7,0,0
21813,075013,135,8,0,0
21814,075013,157,9,0,0
21815,075013,431,10,0,0
21816,075013,421,11,0,0
21817,075013,101,5,0,0
21818,075013,107,6,0,0
21819,075013,129,7,0,0
21820,075013,128,8,0,0
21821,075013,150,9,0,0
21822,075013,421,10,0,0
21823,075013,447,11,0,0
21824,075013,97,5,0,0
21825,075013,101,6,0,0
21826,075013,123,7,0,0
21827,075013,147,8,0,0
21828,075013,145,9,0,0
21829,075013,413,10,0,0
21830,075013,439,11,0,0
21831,075013,111,5,0,0
21832,075013,97,6,0,0
21833,075013,119,7,0,0
21834,075013,141,8,0,0
21835,075013,167,9,0,0
21836,075013,406,10,0,0
21837,075013,428,11,0,0
21838,075013,107,5,0,0
21839,075013,111,6,0,0
21840,075013,113,7,0,0
21841,075013,135,8,0,0
21842,075013,157,9,0,0
21843,075013,431,10,0,0
21844,075013,421,11,0,0
21845,075013,101,5,0,0
21846,075013,107,6,0,0
21847,075013,129,7,0,0
21848,075013,128,8,0,0
21849,075013,150,9,0,0
21850,075013,421,10,0,0
21851,075013,447,11,0,0
21852,075013,97,5,0,0
21853,075013,101,6,0,0
21854,075013,123,7,0,0
21855,075013,147,8,0,0
21856,075013,145,9,0,0
21857,075013,413,10,0,0
21858,075013,439,11,0,0
21859,075013,111,5,0,0
21860,075013,97,6,0,0
21861,075013,119,7,0,0
21862,075013,141,8,0,0
21863,075013,167,9,0,0
21864,075013,406,10,0,0
21865,075013,428,11,0,0
21866,075013,107,5,0,0
21867,075013,111,6,0,0
21868,075013,113,7,0,0
21869,075013,135,8,0,0
21870,075013,157,9,0,0
21871,075013,431,10,0,0
21872,075013,421,11,0,0
21873,075013,101,5,0,0
21874,075013,107,6,0,0
21875,075013,129,7,0,0
21876,075013,128,8,0,0
21877,075013,150,9,0,0
21878,075013,421,10,0,0
21879,075013,447,11,0,0
21880,075013,97,5,0,0
21881,075013,101,6,0,0
21882,075013,123,7,0,0
21883,075013,147,8,0,0
21884,075013,145,9,0,0
21885,075013,413,10,0,0
21886,075013,439,11,0,0
21887,075013,111,5,0,0
21888,075023,97,6,0,0
21889,075023,119,7,0,0
21890,075023,141,8,0,0
21891,075023,167,9,0,0
21892,075023,594,10,0,0
21893,075023,616,11,0,0
21894,075023,107,5,0,0
21895,075023,111,6,0,0
21896,075023,113,7,0,0
21897,075023,135,8,0,0
21898,075023,157,9,0,0
21899,075023,619,10,0,0
21900,075023,609,11,0,0
21901,075023,101,5,0,0
21902,075023,107,6,0,0
21903,075023,129,7,0,0
21904,075023,128,8,0,0
21905,075023,150,9,0,0
21906,075023,609,10,0,0
21907,075023,635,11,0,0
21908,075023,97,5,0,0
21909,075023,101,6,0,0
21910,075023,123,7,0,0
21911,075023,147,8,0,0
21912,075023,145,9,0,0
21913,075023,601,10,0,0
21914,075023,627,11,0,0
21915,075023,111,5,0,0
21916,075023,97,6,0,0
21917,075023,119,7,0,0
21918,075023,141,8,0,0
21919,075023,167,9,0,0
21920,075023,594,10,0,0
21921,075023,616,11,0,0
21922,075023,107,5,0,0
21923,075023,111,6,0,0
21924,075023,113,7,0,0
21925,075023,135,8,0,0
21926,075023,157,9,0,0
21927,075023,619,10,0,0
21928,075023,609,11,0,0
21929,075023,101,5,0,0
21930,075023,107,6,0,0
21931,075023,129,7,0,0
21932,075023,128,8,0,0
21933,075023,150,9,0,0
21934,075023,609,10,0,0
21935,075023,635,11,0,0
21936,075023,97,5,0,0
21937,075023,101,6,0,0
21938,075023,123,7,0,0
21939,075023,147,8,0,0
21940,075023,145,9,0,0
21941,075023,601,10,0,0
21942,075023,627,11,0,0
21943,075023,111,5,0,0
21944,075023,97,6,0,0
21945,075023,119,7,0,0
21946,075023,141,8,0,0
21947,075023,167,9,0,0
21948,075023,594,10,0,0
21949,075023,616,11,0,0
21950,075023,107,5,0,0
21951,075023,111,6,0,0
21952,075023,113,7,0,0
21953,075023,135,8,0,0
21954,075023,157,9,0,0
21955,075023,619,10,0,0
21956,075023,609,11,0,0
21957,075023,101,5,0,0
21958,075023,107,6,0,0
21959,075023,129,7,0,0
21960,075023,128,8,0,0
21961,075023,150,9,0,0
21962,075023,609,10,0,0
21963,075023,635,11,0,0
21964,075023,97,5,0,0
21965,075023,101,6,0,0
21966,075023,123,7,0,0
21967,075023,147,8,0,0
21968,075023,145,9,0,0
21969,075023,601,10,0,0
21970,075023,627,11,0,0
21971,075023,111,5,0,0
21972,075023,97,6,0,0
21973,075023,119,7,0,0
21974,075023,141,8,0,0
21975,075023,167,9,0,0
21976,075023,594,10,0,0
21977,075023,616,11,0,0
21978,075023,107,5,0,0
21979,075023,111,6,0,0
21980,075023,113,7,0,0
21981,075023,135,8,0,0
21982,075023,157,9,0,0
21983,075023,619,10,0,0
21984,075023,609,11,0,0
21985,075023,101,5,0,0
21986,075023,107,6,0,0
21987,075023,129,7,0,0
21988,075023,128,8,0,0
21989,075023,150,9,0,0
21990,075023,609,10,0,0
21991,075023,635,11,0,0
21992,075023,97,5,0,0
21993,075023,101,6,0,0
21994,075023,123,7,0,0
21995,075023,147,8,0,0
21996,075023,145,9,0,0
21997,075023,601,10,0,0
21998,075023,627,11,0,0
21999,075023,111,5,0,0
22000,075033,97,6,0,0
22001,075033,119,7,0,0
22002,075033,141,8,0,0
22003,075033,167,9,0,0
22004,075033,734,10,0,0
22005,075033,756,11,0,0
22006,075033,107,5,0,0
22007,075033,111,6,0,0
22008,075033,113,7,0,0
22009,075033,135,8,0,0
22010,075033,157,9,0,0
22011,075033,759,10,0,0
22012,075033,749,11,0,0
22013,075033,101,5,0,0
22014,075033,107,6,0,0
22015,075033,129,7,0,0
22016,075033,128,8,0,0
22017,075033,150,9,0,0
22018,075033,749,10,0,0
22019,075033,775,11,0,0
22020,075033,97,5,0,0
22021,075033,101,6,0,0
22022,075033,123,7,0,0
22023,075033,147,8,0,0
22024,075033,145,9,0,0
22025,075033,741,10,0,0
22026,075033,767,11,0,0
22027,075033,111,5,0,0
22028,075033,97,6,0,0
22029,075033,119,7,0,0
22030,075033,141,8,0,0
22031,075033,167,9,0,0
22032,075033,734,10,0,0
22033,075033,756,11,0,0
22034,075033,107,5,0,0
22035,075033,111,6,0,0
22036,075033,113,7,0,0
22037,075033,135,8,0,0
22038,075033,157,9,0,0
22039,075033,759,10,0,0
22040,075033,749,11,0,0
22041,075033,101,5,0,0
22042,075033,107,6,0,0
22043,075033,129,7,0,0
22044,075033,128,8,0,0
22045,075033,150,9,0,0
22046,075033,749,10,0,0
22047,075033,775,11,0,0
22048,075033,97,5,0,0
22049,075033,101,6,0,0
22050,075033,123,7,0,0
22051,075033,147,8,0,0
22052,075033,145,9,0,0
22053,075033,741,10,0,0
22054,075033,767,11,0,0
22055,075033,111,5,0,0
22056,075033,97,6,0,0
22057,075033,119,7,0,0
22058,075033,141,8,0,0
22059,075033,167,9,0,0
22060,075033,734,10,0,0
22061,075033,756,11,0,0
22062,075033,107,5,0,0
22063,075033,111,6,0,0
22064,075033,113,7,0,0
22065,075033,135,8,0,0
22066,075033,157,9,0,0
22067,075033,759,10,0,0
22068,075033,749,11,0,0
22069,075033,101,5,0,0
22070,075033,107,6,0,0
22071,075033,129,7,0,0
22072,075033,128,8,0,0
22073,075033,150,9,0,0
22074,075033,749,10,0,0
22075,075033,775,11,0,0
22076,075033,97,5,0,0
22077,075033,101,6,0,0
22078,075033,123,7,0,0
22079,075033,147,8,0,0
22080,075033,145,9,0,0
22081,075033,741,10,0,0
22082,075033,767,11,0,0
22083,075033,111,5,0,0
22084,075033,97,6,0,0
22085,075033,119,7,0,0
22086,075033,141,8,0,0
22087,075033,167,9,0,0
22088,075033,734,10,0,0
22089,075033,756,11,0,0
22090,075033,107,5,0,0
22091,075033,111,6,0,0
22092,075033,113,7,0,0
22093,075033,135,8,0,0
22094,075033,157,9,0,0
22095,075033,759,10,0,0
22096,075033,749,11,0,0
22097,075033,101,5,0,0
22098,075033,107,6,0,0
22099,075033,129,7,0,0
22100,075033,128,8,0,0
22101,075033,150,9,0,0
22102,075033,749,10,0,0
22103,075033,775,11,0,0
22104,075033,97,5,0,0
22105,075033,101,6,0,0
22106,075033,123,7,0,0
22107,075033,147,8,0,0
22108,075033,145,9,0,0
22109,075033,741,10,0,0
22110,075033,767,11,0,0
22111,075033,111,5,0,0
22112,075004,97,6,0,0
22113,075004,119,7,0,0
22114,075004,141,8,0,0
22115,075004,167,9,0,0
22116,075004,398,10,0,0
22117,075004,418,11,0,0
22118,075004,105,5,0,0
22119,075004,111,6,0,0
22120,075004,113,7,0,0
22121,075004,135,8,0,0
22122,075004,157,9,0,0
22123,075004,423,10,0,0
22124,075004,413,11,0,0
22125,075004,101,5,0,0
22126,075004,107,6,0,0
22127,075004,129,7,0,0
22128,075004,128,8,0,0
22129,075004,150,9,0,0
22130,075004,413,10,0,0
22131,075004,439,11,0,0
22132,075004,97,5,0,0
22133,075004,101,6,0,0
22134,075004,123,7,0,0
22135,075004,147,8,0,0
22136,075004,145,9,0,0
22137,075004,403,10,0,0
22138,075004,429,11,0,0
22139,075004,111,5,0,0
22140,075004,97,6,0,0
22141,075004,119,7,0,0
22142,075004,141,8,0,0
22143,075004,167,9,0,0
22144,075004,398,10,0,0
22145,075004,418,11,0,0
22146,075004,105,5,0,0
22147,075004,111,6,0,0
22148,075004,113,7,0,0
22149,075004,135,8,0,0
22150,075004,157,9,0,0
22151,075004,423,10,0,0
22152,075004,413,11,0,0
22153,075004,101,5,0,0
22154,075004,107,6,0,0
22155,075004,129,7,0,0
22156,075004,128,8,0,0
22157,075004,150,9,0,0
22158,075004,413,10,0,0
22159,075004,439,11,0,0
22160,075004,97,5,0,0
22161,075004,101,6,0,0
22162,075004,123,7,0,0
22163,075004,147,8,0,0
22164,075004,145,9,0,0
22165,075004,403,10,0,0
22166,075004,429,11,0,0
22167,075004,111,5,0,0
22168,075004,97,6,0,0
22169,075004,119,7,0,0
22170,075004,141,8,0,0
22171,075004,167,9,0,0
22172,075004,398,10,0,0
22173,075004,418,11,0,0
22174,075004,105,5,0,0
22175,075004,111,6,0,0
22176,075004,113,7,0,0
22177,075004,135,8,0,0
22178,075004,157,9,0,0
22179,075004,423,10,0,0
22180,075004,413,11,0,0
22181,075004,101,5,0,0
22182,075004,107,6,0,0
22183,075004,129,7,0,0
22184,075004,128,8,0,0
22185,075004,150,9,0,0
22186,075004,413,10,0,0
22187,075004,439,11,0,0
22188,075004,97,5,0,0
22189,075004,101,6,0,0
22190,075004,123,7,0,0
22191,075004,147,8,0,0
22192,075004,145,9,0,0
22193,075004,403,10,0,0
22194,075004,429,11,0,0
22195,075004,111,5,0,0
22196,075004,97,6,0,0
22197,075004,119,7,0,0
22198,075004,141,8,0,0
22199,075004,167,9,0,0
22200,075004,398,10,0,0
22201,075004,418,11,0,0
22202,075004,105,5,0,0
22203,075004,111,6,0,0
22204,075004,113,7,0,0
22205,075004,135,8,0,0
22206,075004,157,9,0,0
22207,075004,423,10,0,0
22208,075004,413,11,0,0
22209,075004,101,5,0,0
22210,075004,107,6,0,0
22211,075004,129,7,0,0
22212,075004,128,8,0,0
22213,075004,150,9,0,0
22214,075004,413,10,0,0
22215,075004,439,11,0,0
22216,075004,97,5,0,0
22217,075004,101,6,0,0
22218,075004,123,7,0,0
22219,075004,147,8,0,0
22220,075004,145,9,0,0
22221,075004,403,10,0,0
22222,075004,429,11,0,0
22223,075004,111,5,0,0
22224,075014,97,6,0,0
22225,075014,119,7,0,0
22226,075014,141,8,0,0
22227,075014,167,9,0,0
22228,075014,406,10,0,0
22229,075014,428,11,0,0
22230,075014,107,5,0,0
22231,075014,111,6,0,0
22232,075014,113,7,0,0
22233,075014,135,8,0,0
22234,075014,157,9,0,0
22235,075014,431,10,0,0
22236,075014,421,11,0,0
22237,075014,101,5,0,0
22238,075014,107,6,0,0
22239,075014,129,7,0,0
22240,075014,128,8,0,0
22241,075014,150,9,0,0
22242,075014,421,10,0,0
22243,075014,447,11,0,0
22244,075014,97,5,0,0
22245,075014,101,6,0,0
22246,075014,123,7,0,0
22247,075014,147,8,0,0
22248,075014,145,9,0,0
22249,075014,413,10,0,0
22250,075014,439,11,0,0
22251,075014,111,5,0,0
22252,075014,97,6,0,0
22253,075014,119,7,0,0
22254,075014,141,8,0,0
22255,075014,167,9,0,0
22256,075014,406,10,0,0
22257,075014,428,11,0,0
22258,075014,107,5,0,0
22259,075014,111,6,0,0
22260,075014,113,7,0,0
22261,075014,135,8,0,0
22262,075014,157,9,0,0
22263,075014,431,10,0,0
22264,075014,421,11,0,0
22265,075014,101,5,0,0
22266,075014,107,6,0,0
22267,075014,129,7,0,0
22268,075014,128,8,0,0
22269,075014,150,9,0,0
22270,075014,421,10,0,0
22271,075014,447,11,0,0
22272,075014,97,5,0,0
22273,075014,101,6,0,0
22274,075014,123,7,0,0
22275,075014,147,8,0,0
22276,075014,145,9,0,0
22277,075014,413,10,0,0
22278,075014,439,11,0,0
22279,075014,111,5,0,0
22280,075014,97,6,0,0
22281,075014,119,7,0,0
22282,075014,141,8,0,0
22283,075014,167,9,0,0
22284,075014,406,10,0,0
22285,075014,428,11,0,0
22286,075014,107,5,0,0
22287,075014,111,6,0,0
22288,075014,113,7,0,0
22289,075014,135,8,0,0
22290,075014,157,9,0,0
22291,075014,431,10,0,0
22292,075014,421,11,0,0
22293,075014,101,5,0,0
22294,075014,107,6,0,0
22295,075014,129,7,0,0
22296,075014,128,8,0,0
22297,075014,150,9,0,0
22298,075014,421,10,0,0
22299,075014,447,11,0,0
22300,075014,97,5,0,0
22301,075014,101,6,0,0
22302,075014,123,7,0,0
22303,075014,147,8,0,0
22304,075014,145,9,0,0
22305,075014,413,10,0,0
22306,075014,439,11,0,0
22307,075014,111,5,0,0
22308,075014,97,6,0,0
22309,075014,119,7,0,0
22310,075014,141,8,0,0
22311,075014,167,9,0,0
22312,075014,406,10,0,0
22313,075014,428,11,0,0
22314,075014,107,5,0,0
22315,075014,111,6,0,0
22316,075014,113,7,0,0
22317,075014,135,8,0,0
22318,075014,157,9,0,0
22319,075014,431,10,0,0
22320,075014,421,11,0,0
22321,075014,101,5,0,0
22322,075014,107,6,0,0
22323,075014,129,7,0,0
22324,075014,128,8,0,0
22325,075014,150,9,0,0
22326,075014,421,10,0,0
22327,075014,447,11,0,0
22328,075014,97,5,0,0
22329,075014,101,6,0,0
22330,075014,123,7,0,0
22331,075014,147,8,0,0
22332,075014,145,9,0,0
22333,075014,413,10,0,0
22334,075014,439,11,0,0
22335,075014,111,5,0,0
22336,075024,97,6,0,0
22337,075024,119,7,0,0
22338,075024,141,8,0,0
22339,075024,167,9,0,0
22340,075024,594,10,0,0
22341,075024,616,11,0,0
22342,075024,107,5,0,0
22343,075024,111,6,0,0
22344,075024,113,7,0,0
22345,075024,135,8,0,0
22346,075024,157,9,0,0
22347,075024,619,10,0,0
22348,075024,609,11,0,0
22349,075024,101,5,0,0
22350,075024,107,6,0,0
22351,075024,129,7,0,0
22352,075024,128,8,0,0
22353,075024,150,9,0,0
22354,075024,609,10,0,0
22355,075024,635,11,0,0
22356,075024,97,5,0,0
22357,075024,101,6,0,0
22358,075024,123,7,0,0
22359,075024,147,8,0,0
22360,075024,145,9,0,0
22361,075024,601,10,0,0
22362,075024,627,11,0,0
22363,075024,111,5,0,0
22364,075024,97,6,0,0
22365,075024,119,7,0,0
22366,075024,141,8,0,0
22367,075024,167,9,0,0
22368,075024,594,10,0,0
22369,075024,616,11,0,0
22370,075024,107,5,0,0
22371,075024,111,6,0,0
22372,075024,113,7,0,0
22373,075024,135,8,0,0
22374,075024,157,9,0,0
22375,075024,619,10,0,0
22376,075024,609,11,0,0
22377,075024,101,5,0,0
22378,075024,107,6,0,0
22379,075024,129,7,0,0
22380,075024,128,8,0,0
22381,075024,150,9,0,0
22382,075024,609,10,0,0
22383,075024,635,11,0,0
22384,075024,97,5,0,0
22385,075024,101,6,0,0
22386,075024,123,7,0,0
22387,075024,147,8,0,0
22388,075024,145,9,0,0
22389,075024,601,10,0,0
22390,075024,627,11,0,0
22391,075024,111,5,0,0
22392,075024,97,6,0,0
22393,075024,119,7,0,0
22394,075024,141,8,0,0
22395,075024,167,9,0,0
22396,075024,594,10,0,0
22397,075024,616,11,0,0
22398,075024,107,5,0,0
22399,075024,111,6,0,0
22400,075024,113,7,0,0
22401,075024,135,8,0,0
22402,075024,157,9,0,0
22403,075024,619,10,0,0
22404,075024,609,11,0,0
22405,075024,101,5,0,0
22406,075024,107,6,0,0
22407,075024,129,7,0,0
22408,075024,128,8,0,0
22409,075024,150,9,0,0
22410,075024,609,10,0,0
22411,075024,635,11,0,0
22412,075024,97,5,0,0
22413,075024,101,6,0,0
22414,075024,123,7,0,0
22415,075024,147,8,0,0
22416,075024,145,9,0,0
22417,075024,601,10,0,0
22418,075024,627,11,0,0
22419,075024,111,5,0,0
22420,075024,97,6,0,0
22421,075024,119,7,0,0
22422,075024,141,8,0,0
22423,075024,167,9,0,0
22424,075024,594,10,0,0
22425,075024,616,11,0,0
22426,075024,107,5,0,0
22427,075024,111,6,0,0
22428,075024,113,7,0,0
22429,075024,135,8,0,0
22430,075024,157,9,0,0
22431,075024,619,10,0,0
22432,075024,609,11,0,0
22433,075024,101,5,0,0
22434,075024,107,6,0,0
22435,075024,129,7,0,0
22436,075024,128,8,0,0
22437,075024,150,9,0,0
22438,075024,609,10,0,0
22439,075024,635,11,0,0
22440,075024,97,5,0,0
22441,075024,101,6,0,0
22442,075024,123,7,0,0
22443,075024,147,8,0,0
22444,075024,145,9,0,0
22445,075024,601,10,0,0
22446,075024,627,11,0,0
22447,075024,111,5,0,0
22448,075034,97,6,0,0
22449,075034,119,7,0,0
22450,075034,141,8,0,0
22451,075034,167,9,0,0
22452,075034,734,10,0,0
22453,075034,756,11,0,0
22454,075034,107,5,0,0
22455,075034,111,6,0,0
22456,075034,113,7,0,0
22457,075034,135,8,0,0
22458,075034,157,9,0,0
22459,075034,759,10,0,0
22460,075034,749,11,0,0
22461,075034,101,5,0,0
22462,075034,107,6,0,0
22463,075034,129,7,0,0
22464,075034,128,8,0,0
22465,075034,150,9,0,0
22466,075034,749,10,0,0
22467,075034,775,11,0,0
22468,075034,97,5,0,0
22469,075034,101,6,0,0
22470,075034,123,7,0,0
22471,075034,147,8,0,0
22472,075034,145,9,0,0
22473,075034,741,10,0,0
22474,075034,767,11,0,0
22475,075034,111,5,0,0
22476,075034,97,6,0,0
22477,075034,119,7,0,0
22478,075034,141,8,0,0
22479,075034,167,9,0,0
22480,075034,734,10,0,0
22481,075034,756,11,0,0
22482,075034,107,5,0,0
22483,075034,111,6,0,0
22484,075034,113,7,0,0
22485,075034,135,8,0,0
22486,075034,157,9,0,0
22487,075034,759,10,0,0
22488,075034,749,11,0,0
22489,075034,101,5,0,0
22490,075034,107,6,0,0
22491,075034,129,7,0,0
22492,075034,128,8,0,0
22493,075034,150,9,0,0
22494,075034,749,10,0,0
22495,075034,775,11,0,0
22496,075034,97,5,0,0
22497,075034,101,6,0,0
22498,075034,123,7,0,0
22499,075034,147,8,0,0
22500,075034,145,9,0,0
22501,075034,741,10,0,0
22502,075034,767,11,0,0
22503,075034,111,5,0,0
22504,075034,97,6,0,0
22505,075034,119,7,0,0
22506,075034,141,8,0,0
22507,075034,167,9,0,0
22508,075034,734,10,0,0
22509,075034,756,11,0,0
22510,075034,107,5,0,0
22511,075034,111,6,0,0
22512,075034,113,7,0,0
22513,075034,135,8,0,0
22514,075034,157,9,0,0
22515,075034,759,10,0,0
22516,075034,749,11,0,0
22517,075034,101,5,0,0
22518,075034,107,6,0,0
22519,075034,129,7,0,0
22520,075034,128,8,0,0
22521,075034,150,9,0,0
22522,075034,749,10,0,0
22523,075034,775,11,0,0
22524,075034,97,5,0,0
22525,075034,101,6,0,0
22526,075034,123,7,0,0
22527,075034,147,8,0,0
22528,075034,145,9,0,0
22529,075034,741,10,0,0
22530,075034,767,11,0,0
22531,075034,111,5,0,0
22532,075034,97,6,0,0
22533,075034,119,7,0,0
22534,075034,141,8,0,0
22535,075034,167,9,0,0
22536,075034,734,10,0,0
22537,075034,756,11,0,0
22538,075034,107,5,0,0
22539,075034,111,6,0,0
22540,075034,113,7,0,0
22541,075034,135,8,0,0
22542,075034,157,9,0,0
22543,075034,759,10,0,0
22544,075034,749,11,0,0
22545,075034,101,5,0,0
22546,075034,107,6,0,0
22547,075034,129,7,0,0
22548,075034,128,8,0,0
22549,075034,150,9,0,0
22550,075034,749,10,0,0
22551,075034,775,11,0,0
22552,075034,97,5,0,0
22553,075034,101,6,0,0
22554,075034,123,7,0,0
22555,075034,147,8,0,0
22556,075034,145,9,0,0
22557,075034,741,10,0,0
22558,075034,767,11,0,0
22559,075034,111,5,0,0
22560,075005,97,6,0,0
22561,075005,119,7,0,0
22562,075005,141,8,0,0
22563,075005,167,9,0,0
22564,075005,398,10,0,0
22565,075005,418,11,0,0
22566,075005,105,5,0,0
22567,075005,111,6,0,0
22568,075005,113,7,0,0
22569,075005,135,8,0,0
22570,075005,157,9,0,0
22571,075005,423,10,0,0
22572,075005,413,11,0,0
22573,075005,101,5,0,0
22574,075005,107,6,0,0
22575,075005,129,7,0,0
22576,075005,128,8,0,0
22577,075005,150,9,0,0
22578,075005,413,10,0,0
22579,075005,439,11,0,0
22580,075005,97,5,0,0
22581,075005,101,6,0,0
22582,075005,123,7,0,0
22583,075005,147,8,0,0
22584,075005,145,9,0,0
22585,075005,403,10,0,0
22586,075005,429,11,0,0
22587,075005,111,5,0,0
22588,075005,97,6,0,0
22589,075005,119,7,0,0
22590,075005,141,8,0,0
22591,075005,167,9,0,0
22592,075005,398,10,0,0
22593,075005,418,11,0,0
22594,075005,105,5,0,0
22595,075005,111,6,0,0
22596,075005,113,7,0,0
22597,075005,135,8,0,0
22598,075005,157,9,0,0
22599,075005,423,10,0,0
22600,075005,413,11,0,0
22601,075005,101,5,0,0
22602,075005,107,6,0,0
22603,075005,129,7,0,0
22604,075005,128,8,0,0
22605,075005,150,9,0,0
22606,075005,413,10,0,0
22607,075005,439,11,0,0
22608,075005,97,5,0,0
22609,075005,101,6,0,0
22610,075005,123,7,0,0
22611,075005,147,8,0,0
22612,075005,145,9,0,0
22613,075005,403,10,0,0
22614,075005,429,11,0,0
22615,075005,111,5,0,0
22616,075005,97,6,0,0
22617,075005,119,7,0,0
22618,075005,141,8,0,0
22619,075005,167,9,0,0
22620,075005,398,10,0,0
22621,075005,418,11,0,0
22622,075005,105,5,0,0
22623,075005,111,6,0,0
22624,075005,113,7,0,0
22625,075005,135,8,0,0
22626,075005,157,9,0,0
22627,075005,423,10,0,0
22628,075005,413,11,0,0
22629,075005,101,5,0,0
22630,075005,107,6,0,0
22631,075005,129,7,0,0
22632,075005,128,8,0,0
22633,075005,150,9,0,0
22634,075005,413,10,0,0
22635,075005,439,11,0,0
22636,075005,97,5,0,0
22637,075005,101,6,0,0
22638,075005,123,7,0,0
22639,075005,147,8,0,0
22640,075005,145,9,0,0
22641,075005,403,10,0,0
22642,075005,429,11,0,0
22643,075005,111,5,0,0
22644,075005,97,6,0,0
22645,075005,119,7,0,0
22646,075005,141,8,0,0
22647,075005,167,9,0,0
22648,075005,398,10,0,0
22649,075005,418,11,0,0
22650,075005,105,5,0,0
22651,075005,111,6,0,0
22652,075005,113,7,0,0
22653,075005,135,8,0,0
22654,075005,157,9,0,0
22655,075005,423,10,0,0
22656,075005,413,11,0,0
22657,075005,101,5,0,0
22658,075005,107,6,0,0
22659,075005,129,7,0,0
22660,075005,128,8,0,0
22661,075005,150,9,0,0
22662,075005,413,10,0,0
22663,075005,439,11,0,0
22664,075005,97,5,0,0
22665,075005,101,6,0,0
22666,075005,123,7,0,0
22667,075005,147,8,0,0
22668,075005,145,9,0,0
22669,075005,403,10,0,0
22670,075005,429,11,0,0
22671,075005,111,5,0,0
22672,075015,97,6,0,0
22673,075015,119,7,0,0
22674,075015,141,8,0,0
22675,075015,167,9,0,0
22676,075015,406,10,0,0
22677,075015,428,11,0,0
22678,075015,107,5,0,0
22679,075015,111,6,0,0
22680,075015,113,7,0,0
22681,075015,135,8,0,0
22682,075015,157,9,0,0
22683,075015,431,10,0,0
22684,075015,421,11,0,0
22685,075015,101,5,0,0
22686,075015,107,6,0,0
22687,075015,129,7,0,0
22688,075015,128,8,0,0
22689,075015,150,9,0,0
22690,075015,421,10,0,0
22691,075015,447,11,0,0
22692,075015,97,5,0,0
22693,075015,101,6,0,0
22694,075015,123,7,0,0
22695,075015,147,8,0,0
22696,075015,145,9,0,0
22697,075015,413,10,0,0
22698,075015,439,11,0,0
22699,075015,111,5,0,0
22700,075015,97,6,0,0
22701,075015,119,7,0,0
22702,075015,141,8,0,0
22703,075015,167,9,0,0
22704,075015,406,10,0,0
22705,075015,428,11,0,0
22706,075015,107,5,0,0
22707,075015,111,6,0,0
22708,075015,113,7,0,0
22709,075015,135,8,0,0
22710,075015,157,9,0,0
22711,075015,431,10,0,0
22712,075015,421,11,0,0
22713,075015,101,5,0,0
22714,075015,107,6,0,0
22715,075015,129,7,0,0
22716,075015,128,8,0,0
22717,075015,150,9,0,0
22718,075015,421,10,0,0
22719,075015,447,11,0,0
22720,075015,97,5,0,0
22721,075015,101,6,0,0
22722,075015,123,7,0,0
22723,075015,147,8,0,0
22724,075015,145,9,0,0
22725,075015,413,10,0,0
22726,075015,439,11,0,0
22727,075015,111,5,0,0
22728,075015,97,6,0,0
22729,075015,119,7,0,0
22730,075015,141,8,0,0
22731,075015,167,9,0,0
22732,075015,406,10,0,0
22733,075015,428,11,0,0
22734,075015,107,5,0,0
22735,075015,111,6,0,0
22736,075015,113,7,0,0
22737,075015,135,8,0,0
22738,075015,157,9,0,0
22739,075015,431,10,0,0
22740,075015,421,11,0,0
22741,075015,101,5,0,0
22742,075015,107,6,0,0
22743,075015,129,7,0,0
22744,075015,128,8,0,0
22745,075015,150,9,0,0
22746,075015,421,10,0,0
22747,075015,447,11,0,0
22748,075015,97,5,0,0
22749,075015,101,6,0,0
22750,075015,123,7,0,0
22751,075015,147,8,0,0
22752,075015,145,9,0,0
22753,075015,413,10,0,0
22754,075015,439,11,0,0
22755,075015,111,5,0,0
22756,075015,97,6,0,0
22757,075015,119,7,0,0
22758,075015,141,8,0,0
22759,075015,167,9,0,0
22760,075015,406,10,0,0
22761,075015,428,11,0,0
22762,075015,107,5,0,0
22763,075015,111,6,0,0
22764,075015,113,7,0,0
22765,075015,135,8,0,0
22766,075015,157,9,0,0
22767,075015,431,10,0,0
22768,075015,421,11,0,0
22769,075015,101,5,0,0
22770,075015,107,6,0,0
22771,075015,129,7,0,0
22772,075015,128,8,0,0
22773,075015,150,9,0,0
22774,075015,421,10,0,0
22775,075015,447,11,0,0
22776,075015,97,5,0,0
22777,075015,101,6,0,0
22778,075015,123,7,0,0
22779,075015,147,8,0,0
22780,075015,145,9,0,0
22781,075015,413,10,0,0
22782,075015,439,11,0,0
22783,075015,111,5,0,0
22784,075025,97,6,0,0
22785,075025,119,7,0,0
22786,075025,141,8,0,0
22787,075025,167,9,0,0
22788,075025,594,10,0,0
22789,075025,616,11,0,0
22790,075025,107,5,0,0
22791,075025,111,6,0,0
22792,075025,113,7,0,0
22793,075025,135,8,0,0
22794,075025,157,9,0,0
22795,075025,619,10,0,0
22796,075025,609,11,0,0
22797,075025,101,5,0,0
22798,075025,107,6,0,0
22799,075025,129,7,0,0
22800,075025,128,8,0,0
22801,075025,150,9,0,0
22802,075025,609,10,0,0
22803,075025,635,11,0,0
22804,075025,97,5,0,0
22805,075025,101,6,0,0
22806,075025,123,7,0,0
22807,075025,147,8,0,0
22808,075025,145,9,0,0
22809,075025,601,10,0,0
22810,075025,627,11,0,0
22811,075025,111,5,0,0
22812,075025,97,6,0,0
22813,075025,119,7,0,0
22814,075025,141,8,0,0
22815,075025,167,9,0,0
22816,075025,594,10,0,0
22817,075025,616,11,0,0
22818,075025,107,5,0,0
22819,075025,111,6,0,0
22820,075025,113,7,0,0
22821,075025,135,8,0,0
22822,075025,157,9,0,0
22823,075025,619,10,0,0
22824,075025,609,11,0,0
22825,075025,101,5,0,0
22826,075025,107,6,0,0
22827,075025,129,7,0,0
22828,075025,128,8,0,0
22829,075025,150,9,0,0
22830,075025,609,10,0,0
22831,075025,635,11,0,0
22832,075025,97,5,0,0
22833,075025,101,6,0,0
22834,075025,123,7,0,0
22835,075025,147,8,0,0
22836,075025,145,9,0,0
22837,075025,601,10,0,0
22838,075025,627,11,0,0
22839,075025,111,5,0,0
22840,075025,97,6,0,0
22841,075025,119,7,0,0
22842,075025,141,8,0,0
22843,075025,167,9,0,0
22844,075025,594,10,0,0
22845,075025,616,11,0,0
22846,075025,107,5,0,0
22847,075025,111,6,0,0
22848,075025,113,7,0,0
22849,075025,135,8,0,0
22850,075025,157,9,0,0
22851,075025,619,10,0,0
22852,075025,609,11,0,0
22853,075025,101,5,0,0
22854,075025,107,6,0,0
22855,075025,129,7,0,0
22856,075025,128,8,0,0
22857,075025,150,9,0,0
22858,075025,609,10,0,0
22859,075025,635,11,0,0
22860,075025,97,5,0,0
22861,075025,101,6,0,0
22862,075025,123,7,0,0
22863,075025,147,8,0,0
22864,075025,145,9,0,0
22865,075025,601,10,0,0
22866,075025,627,11,0,0
22867,075025,111,5,0,0
22868,075025,97,6,0,0
22869,075025,119,7,0,0
22870,075025,141,8,0,0
22871,075025,167,9,0,0
22872,075025,594,10,0,0
22873,075025,616,11,0,0
22874,075025,107,5,0,0
22875,075025,111,6,0,0
22876,075025,113,7,0,0
22877,075025,135,8,0,0
22878,075025,157,9,0,0
22879,075025,619,10,0,0
22880,075025,609,11,0,0
22881,075025,101,5,0,0
22882,075025,107,6,0,0
22883,075025,129,7,0,0
22884,075025,128,8,0,0
22885,075025,150,9,0,0
22886,075025,609,10,0,0
22887,075025,635,11,0,0
22888,075025,97,5,0,0
22889,075025,101,6,0,0
22890,075025,123,7,0,0
22891,075025,147,8,0,0
22892,075025,145,9,0,0
22893,075025,601,10,0,0
22894,075025,627,11,0,0
22895,075025,111,5,0,0
22896,075035,97,6,0,0
22897,075035,119,7,0,0
22898,075035,141,8,0,0
22899,075035,167,9,0,0
22900,075035,734,10,0,0
22901,075035,756,11,0,0
22902,075035,107,5,0,0
22903,075035,111,6,0,0
22904,075035,113,7,0,0
22905,075035,135,8,0,0
22906,075035,157,9,0,0
22907,075035,759,10,0,0
22908,075035,749,11,0,0
22909,075035,101,5,0,0
22910,075035,107,6,0,0
22911,075035,129,7,0,0
22912,075035,128,8,0,0
22913,075035,150,9,0,0
22914,075035,749,10,0,0
22915,075035,775,11,0,0
22916,075035,97,5,0,0
22917,075035,101,6,0,0
22918,075035,123,7,0,0
22919,075035,147,8,0,0
22920,075035,145,9,0,0
22921,075035,741,10,0,0
22922,075035,767,11,0,0
22923,075035,111,5,0,0
22924,075035,97,6,0,0
22925,075035,119,7,0,0
22926,075035,141,8,0,0
22927,075035,167,9,0,0
22928,075035,734,10,0,0
22929,075035,756,11,0,0
22930,075035,107,5,0,0
22931,075035,111,6,0,0
22932,075035,113,7,0,0
22933,075035,135,8,0,0
22934,075035,157,9,0,0
22935,075035,759,10,0,0
22936,075035,749,11,0,0
22937,075035,101,5,0,0
22938,075035,107,6,0,0
22939,075035,129,7,0,0
22940,075035,128,8,0,0
22941,075035,150,9,0,0
22942,075035,749,10,0,0
22943,075035,775,11,0,0
22944,075035,97,5,0,0
22945,075035,101,6,0,0
22946,075035,123,7,0,0
22947,075035,147,8,0,0
22948,075035,145,9,0,0
22949,075035,741,10,0,0
22950,075035,767,11,0,0
22951,075035,111,5,0,0
22952,075035,97,6,0,0
22953,075035,119,7,0,0
22954,075035,141,8,0,0
22955,075035,167,9,0,0
22956,075035,734,10,0,0
22957,075035,756,11,0,0
22958,075035,107,5,0,0
22959,075035,111,6,0,0
22960,075035,113,7,0,0
22961,075035,135,8,0,0
22962,075035,157,9,0,0
22963,075035,759,10,0,0
22964,075035,749,11,0,0
22965,075035,101,5,0,0
22966,075035,107,6,0,0
22967,075035,129,7,0,0
22968,075035,128,8,0,0
22969,075035,150,9,0,0
22970,075035,749,10,0,0
22971,075035,775,11,0,0
22972,075035,97,5,0,0
22973,075035,101,6,0,0
22974,075035,123,7,0,0
22975,075035,147,8,0,0
22976,075035,145,9,0,0
22977,075035,741,10,0,0
22978,075035,767,11,0,0
22979,075035,111,5,0,0
22980,075035,97,6,0,0
22981,075035,119,7,0,0
22982,075035,141,8,0,0
22983,075035,167,9,0,0
22984,075035,734,10,0,0
22985,075035,756,11,0,0
22986,075035,107,5,0,0
22987,075035,111,6,0,0
22988,075035,113,7,0,0
22989,075035,135,8,0,0
22990,075035,157,9,0,0
22991,075035,759,10,0,0
22992,075035,749,11,0,0
22993,075035,101,5,0,0
22994,075035,107,6,0,0
22995,075035,129,7,0,0
22996,075035,128,8,0,0
22997,075035,150,9,0,0
22998,075035,749,10,0,0
22999,075035,775,11,0,0
23000,075035,97,5,0,0
23001,075035,101,6,0,0
23002,075035,123,7,0,0
23003,075035,147,8,0,0
23004,075035,145,9,0,0
23005,075035,741,10,0,0
23006,075035,767,11,0,0
23007,075035,111,5,0,0
23008,075006,97,6,0,0
23009,075006,119,7,0,0
23010,075006,141,8,0,0
23011,075006,167,9,0,0
23012,075006,398,10,0,0
23013,075006,418,11,0,0
23014,075006,85,3,0,0
23015,075006,111,6,0,0
23016,075006,113,7,0,0
23017,075006,135,8,0,0
23018,075006,157,9,0,0
23019,075006,423,10,0,0
23020,075006,413,11,0,0
23021,075006,83,3,0,0
23022,075006,105,6,0,0
23023,075006,129,7,0,0
23024,075006,128,8,0,0
23025,075006,150,9,0,0
23026,075006,413,10,0,0
23027,075006,439,11,0,0
23028,075006,81,3,0,0
23029,075006,101,6,0,0
23030,075006,123,7,0,0
23031,075006,147,8,0,0
23032,075006,145,9,0,0
23033,075006,403,10,0,0
23034,075006,429,11,0,0
23035,075006,89,3,0,0
23036,075006,96,6,0,0
23037,075006,118,7,0,0
23038,075006,141,8,0,0
23039,075006,167,9,0,0
23040,075006,398,10,0,0
23041,075006,418,11,0,0
23042,075006,85,3,0,0
23043,075006,111,6,0,0
23044,075006,113,7,0,0
23045,075006,135,8,0,0
23046,075006,157,9,0,0
23047,075006,423,10,0,0
23048,075006,413,11,0,0
23049,075006,83,3,0,0
23050,075006,105,6,0,0
23051,075006,129,7,0,0
23052,075006,128,8,0,0
23053,075006,150,9,0,0
23054,075006,413,10,0,0
23055,075006,439,11,0,0
23056,075006,81,3,0,0
23057,075006,101,6,0,0
23058,075006,123,7,0,0
23059,075006,147,8,0,0
23060,075006,145,9,0,0
23061,075006,403,10,0,0
23062,075006,429,11,0,0
23063,075006,89,3,0,0
23064,075006,96,6,0,0
23065,075006,118,7,0,0
23066,075006,141,8,0,0
23067,075006,167,9,0,0
23068,075006,398,10,0,0
23069,075006,418,11,0,0
23070,075006,85,3,0,0
23071,075006,111,6,0,0
23072,075006,113,7,0,0
23073,075006,135,8,0,0
23074,075006,157,9,0,0
23075,075006,423,10,0,0
23076,075006,413,11,0,0
23077,075006,83,3,0,0
23078,075006,105,6,0,0
23079,075006,129,7,0,0
23080,075006,128,8,0,0
23081,075006,150,9,0,0
23082,075006,413,10,0,0
23083,075006,439,11,0,0
23084,075006,81,3,0,0
23085,075006,101,6,0,0
23086,075006,123,7,0,0
23087,075006,147,8,0,0
23088,075006,145,9,0,0
23089,075006,403,10,0,0
23090,075006,429,11,0,0
23091,075006,89,3,0,0
23092,075006,96,6,0,0
23093,075006,118,7,0,0
23094,075006,141,8,0,0
23095,075006,167,9,0,0
23096,075006,398,10,0,0
23097,075006,418,11,0,0
23098,075006,85,3,0,0
23099,075006,111,6,0,0
23100,075006,113,7,0,0
23101,075006,135,8,0,0
23102,075006,157,9,0,0
23103,075006,423,10,0,0
23104,075006,413,11,0,0
23105,075006,83,3,0,0
23106,075006,105,6,0,0
23107,075006,129,7,0,0
23108,075006,128,8,0,0
23109,075006,150,9,0,0
23110,075006,413,10,0,0
23111,075006,439,11,0,0
23112,075006,81,3,0,0
23113,075006,101,6,0,0
23114,075006,123,7,0,0
23115,075006,147,8,0,0
23116,075006,145,9,0,0
23117,075006,403,10,0,0
23118,075006,429,11,0,0
23119,075006,89,3,0,0
23120,075016,96,6,0,0
23121,075016,118,7,0,0
23122,075016,141,8,0,0
23123,075016,167,9,0,0
23124,075016,406,10,0,0
23125,075016,428,11,0,0
23126,075016,87,3,0,0
23127,075016,111,6,0,0
23128,075016,113,7,0,0
23129,075016,135,8,0,0
23130,075016,157,9,0,0
23131,075016,431,10,0,0
23132,075016,421,11,0,0
23133,075016,83,3,0,0
23134,075016,105,6,0,0
23135,075016,129,7,0,0
23136,075016,128,8,0,0
23137,075016,150,9,0,0
23138,075016,421,10,0,0
23139,075016,447,11,0,0
23140,075016,81,3,0,0
23141,075016,101,6,0,0
23142,075016,123,7,0,0
23143,075016,147,8,0,0
23144,075016,145,9,0,0
23145,075016,413,10,0,0
23146,075016,439,11,0,0
23147,075016,89,3,0,0
23148,075016,96,6,0,0
23149,075016,118,7,0,0
23150,075016,141,8,0,0
23151,075016,167,9,0,0
23152,075016,406,10,0,0
23153,075016,428,11,0,0
23154,075016,87,3,0,0
23155,075016,111,6,0,0
23156,075016,113,7,0,0
23157,075016,135,8,0,0
23158,075016,157,9,0,0
23159,075016,431,10,0,0
23160,075016,421,11,0,0
23161,075016,83,3,0,0
23162,075016,105,6,0,0
23163,075016,129,7,0,0
23164,075016,128,8,0,0
23165,075016,150,9,0,0
23166,075016,421,10,0,0
23167,075016,447,11,0,0
23168,075016,81,3,0,0
23169,075016,101,6,0,0
23170,075016,123,7,0,0
23171,075016,147,8,0,0
23172,075016,145,9,0,0
23173,075016,413,10,0,0
23174,075016,439,11,0,0
23175,075016,89,3,0,0
23176,075016,96,6,0,0
23177,075016,118,7,0,0
23178,075016,141,8,0,0
23179,075016,167,9,0,0
23180,075016,406,10,0,0
23181,075016,428,11,0,0
23182,075016,87,3,0,0
23183,075016,111,6,0,0
23184,075016,113,7,0,0
23185,075016,135,8,0,0
23186,075016,157,9,0,0
23187,075016,431,10,0,0
23188,075016,421,11,0,0
23189,075016,83,3,0,0
23190,075016,105,6,0,0
23191,075016,129,7,0,0
23192,075016,128,8,0,0
23193,075016,150,9,0,0
23194,075016,421,10,0,0
23195,075016,447,11,0,0
23196,075016,81,3,0,0
23197,075016,101,6,0,0
23198,075016,123,7,0,0
23199,075016,147,8,0,0
23200,075016,145,9,0,0
23201,075016,413,10,0,0
23202,075016,439,11,0,0
23203,075016,89,3,0,0
23204,075016,96,6,0,0
23205,075016,118,7,0,0
23206,075016,141,8,0,0
23207,075016,167,9,0,0
23208,075016,406,10,0,0
23209,075016,428,11,0,0
23210,075016,87,3,0,0
23211,075016,111,6,0,0
23212,075016,113,7,0,0
23213,075016,135,8,0,0
23214,075016,157,9,0,0
23215,075016,431,10,0,0
23216,075016,421,11,0,0
23217,075016,83,3,0,0
23218,075016,105,6,0,0
23219,075016,129,7,0,0
23220,075016,128,8,0,0
23221,075016,150,9,0,0
23222,075016,421,10,0,0
23223,075016,447,11,0,0
23224,075016,81,3,0,0
23225,075016,101,6,0,0
23226,075016,123,7,0,0
23227,075016,147,8,0,0
23228,075016,145,9,0,0
23229,075016,413,10,0,0
23230,075016,439,11,0,0
23231,075016,89,3,0,0
23232,075026,96,6,0,0
23233,075026,118,7,0,0
23234,075026,141,8,0,0
23235,075026,167,9,0,0
23236,075026,594,10,0,0
23237,075026,616,11,0,0
23238,075026,87,3,0,0
23239,075026,111,6,0,0
23240,075026,113,7,0,0
23241,075026,135,8,0,0
23242,075026,157,9,0,0
23243,075026,619,10,0,0
23244,075026,609,11,0,0
23245,075026,83,3,0,0
23246,075026,105,6,0,0
23247,075026,129,7,0,0
23248,075026,128,8,0,0
23249,075026,150,9,0,0
23250,075026,609,10,0,0
23251,075026,635,11,0,0
23252,075026,81,3,0,0
23253,075026,101,6,0,0
23254,075026,123,7,0,0
23255,075026,147,8,0,0
23256,075026,145,9,0,0
23257,075026,601,10,0,0
23258,075026,627,11,0,0
23259,075026,89,3,0,0
23260,075026,96,6,0,0
23261,075026,118,7,0,0
23262,075026,141,8,0,0
23263,075026,167,9,0,0
23264,075026,594,10,0,0
23265,075026,616,11,0,0
23266,075026,87,3,0,0
23267,075026,111,6,0,0
23268,075026,113,7,0,0
23269,075026,135,8,0,0
23270,075026,157,9,0,0
23271,075026,619,10,0,0
23272,075026,609,11,0,0
23273,075026,83,3,0,0
23274,075026,105,6,0,0
23275,075026,129,7,0,0
23276,075026,128,8,0,0
23277,075026,150,9,0,0
23278,075026,609,10,0,0
23279,075026,635,11,0,0
23280,075026,81,3,0,0
23281,075026,101,6,0,0
23282,075026,123,7,0,0
23283,075026,147,8,0,0
23284,075026,145,9,0,0
23285,075026,601,10,0,0
23286,075026,627,11,0,0
23287,075026,89,3,0,0
23288,075026,96,6,0,0
23289,075026,118,7,0,0
23290,075026,141,8,0,0
23291,075026,167,9,0,0
23292,075026,594,10,0,0
23293,075026,616,11,0,0
23294,075026,87,3,0,0
23295,075026,111,6,0,0
23296,075026,113,7,0,0
23297,075026,135,8,0,0
23298,075026,157,9,0,0
23299,075026,619,10,0,0
23300,075026,609,11,0,0
23301,075026,83,3,0,0
23302,075026,105,6,0,0
23303,075026,129,7,0,0
23304,075026,128,8,0,0
23305,075026,150,9,0,0
23306,075026,609,10,0,0
23307,075026,635,11,0,0
23308,075026,81,3,0,0
23309,075026,101,6,0,0
23310,075026,123,7,0,0
23311,075026,147,8,0,0
23312,075026,145,9,0,0
23313,075026,601,10,0,0
23314,075026,627,11,0,0
23315,075026,89,3,0,0
23316,075026,96,6,0,0
23317,075026,118,7,0,0
23318,075026,141,8,0,0
23319,075026,167,9,0,0
23320,075026,594,10,0,0
23321,075026,616,11,0,0
23322,075026,87,3,0,0
23323,075026,111,6,0,0
23324,075026,113,7,0,0
23325,075026,135,8,0,0
23326,075026,157,9,0,0
23327,075026,619,10,0,0
23328,075026,609,11,0,0
23329,075026,83,3,0,0
23330,075026,105,6,0,0
23331,075026,129,7,0,0
23332,075026,128,8,0,0
23333,075026,150,9,0,0
23334,075026,609,10,0,0
23335,075026,635,11,0,0
23336,075026,81,3,0,0
23337,075026,101,6,0,0
23338,075026,123,7,0,0
23339,075026,147,8,0,0
23340,075026,145,9,0,0
23341,075026,601,10,0,0
23342,075026,627,11,0,0
23343,075026,89,3,0,0
23344,075036,96,6,0,0
23345,075036,118,7,0,0
23346,075036,141,8,0,0
23347,075036,167,9,0,0
23348,075036,734,10,0,0
23349,075036,756,11,0,0
23350,075036,87,3,0,0
23351,075036,111,6,0,0
23352,075036,113,7,0,0
23353,075036,135,8,0,0
23354,075036,157,9,0,0
23355,075036,759,10,0,0
23356,075036,749,11,0,0
23357,075036,83,3,0,0
23358,075036,105,6,0,0
23359,075036,129,7,0,0
23360,075036,128,8,0,0
23361,075036,150,9,0,0
23362,075036,749,10,0,0
23363,075036,775,11,0,0
23364,075036,81,3,0,0
23365,075036,101,6,0,0
23366,075036,123,7,0,0
23367,075036,147,8,0,0
23368,075036,145,9,0,0
23369,075036,741,10,0,0
23370,075036,767,11,0,0
23371,075036,89,3,0,0
23372,075036,96,6,0,0
23373,075036,118,7,0,0
23374,075036,141,8,0,0
23375,075036,167,9,0,0
23376,075036,734,10,0,0
23377,075036,756,11,0,0
23378,075036,87,3,0,0
23379,075036,111,6,0,0
23380,075036,113,7,0,0
23381,075036,135,8,0,0
23382,075036,157,9,0,0
23383,075036,759,10,0,0
23384,075036,749,11,0,0
23385,075036,83,3,0,0
23386,075036,105,6,0,0
23387,075036,129,7,0,0
23388,075036,128,8,0,0
23389,075036,150,9,0,0
23390,075036,749,10,0,0
23391,075036,775,11,0,0
23392,075036,81,3,0,0
23393,075036,101,6,0,0
23394,075036,123,7,0,0
23395,075036,147,8,0,0
23396,075036,145,9,0,0
23397,075036,741,10,0,0
23398,075036,767,11,0,0
23399,075036,89,3,0,0
23400,075036,96,6,0,0
23401,075036,118,7,0,0
23402,075036,141,8,0,0
23403,075036,167,9,0,0
23404,075036,734,10,0,0
23405,075036,756,11,0,0
23406,075036,87,3,0,0
23407,075036,111,6,0,0
23408,075036,113,7,0,0
23409,075036,135,8,0,0
23410,075036,157,9,0,0
23411,075036,759,10,0,0
23412,075036,749,11,0,0
23413,075036,83,3,0,0
23414,075036,105,6,0,0
23415,075036,129,7,0,0
23416,075036,128,8,0,0
23417,075036,150,9,0,0
23418,075036,749,10,0,0
23419,075036,775,11,0,0
23420,075036,81,3,0,0
23421,075036,101,6,0,0
23422,075036,123,7,0,0
23423,075036,147,8,0,0
23424,075036,145,9,0,0
23425,075036,741,10,0,0
23426,075036,767,11,0,0
23427,075036,89,3,0,0
23428,075036,96,6,0,0
23429,075036,118,7,0,0
23430,075036,141,8,0,0
23431,075036,167,9,0,0
23432,075036,734,10,0,0
23433,075036,756,11,0,0
23434,075036,87,3,0,0
23435,075036,111,6,0,0
23436,075036,113,7,0,0
23437,075036,135,8,0,0
23438,075036,157,9,0,0
23439,075036,759,10,0,0
23440,075036,749,11,0,0
23441,075036,83,3,0,0
23442,075036,105,6,0,0
23443,075036,129,7,0,0
23444,075036,128,8,0,0
23445,075036,150,9,0,0
23446,075036,749,10,0,0
23447,075036,775,11,0,0
23448,075036,81,3,0,0
23449,075036,101,6,0,0
23450,075036,123,7,0,0
23451,075036,147,8,0,0
23452,075036,145,9,0,0
23453,075036,741,10,0,0
23454,075036,767,11,0,0
23455,075036,89,3,0,0
23456,075007,96,6,0,0
23457,075007,118,7,0,0
23458,075007,141,8,0,0
23459,075007,167,9,0,0
23460,075007,398,10,0,0
23461,075007,418,11,0,0
23462,075007,105,6,0,0
23463,075007,129,7,0,0
23464,075007,128,8,0,0
23465,075007,150,9,0,0
23466,075007,413,10,0,0
23467,075007,439,11,0,0
23468,075007,97,6,0,0
23469,075007,119,7,0,0
23470,075007,141,8,0,0
23471,075007,167,9,0,0
23472,075007,398,10,0,0
23473,075007,418,11,0,0
23474,075007,105,6,0,0
23475,075007,129,7,0,0
23476,075007,128,8,0,0
23477,075007,150,9,0,0
23478,075007,413,10,0,0
23479,075007,439,11,0,0
23480,075007,97,6,0,0
23481,075007,119,7,0,0
23482,075007,141,8,0,0
23483,075007,167,9,0,0
23484,075007,398,10,0,0
23485,075007,418,11,0,0
23486,075007,105,6,0,0
23487,075007,129,7,0,0
23488,075007,128,8,0,0
23489,075007,150,9,0,0
23490,075007,413,10,0,0
23491,075007,439,11,0,0
23492,075007,97,6,0,0
23493,075007,119,7,0,0
23494,075007,141,8,0,0
23495,075007,167,9,0,0
23496,075007,398,10,0,0
23497,075007,418,11,0,0
23498,075007,105,6,0,0
23499,075007,129,7,0,0
23500,075007,128,8,0,0
23501,075007,150,9,0,0
23502,075007,413,10,0,0
23503,075007,439,11,0,0
23504,075007,97,6,0,0
23505,075007,119,7,0,0
23506,075007,141,8,0,0
23507,075007,167,9,0,0
23508,075007,398,10,0,0
23509,075007,418,11,0,0
23510,075007,105,6,0,0
23511,075007,129,7,0,0
23512,075007,128,8,0,0
23513,075007,150,9,0,0
23514,075007,413,10,0,0
23515,075007,439,11,0,0
23516,075007,97,6,0,0
23517,075007,119,7,0,0
23518,075007,141,8,0,0
23519,075007,167,9,0,0
23520,075007,398,10,0,0
23521,075007,418,11,0,0
23522,075007,105,6,0,0
23523,075007,129,7,0,0
23524,075007,128,8,0,0
23525,075007,150,9,0,0
23526,075007,413,10,0,0
23527,075007,439,11,0,0
23528,075007,97,6,0,0
23529,075007,119,7,0,0
23530,075007,141,8,0,0
23531,075007,167,9,0,0
23532,075007,398,10,0,0
23533,075007,418,11,0,0
23534,075007,105,6,0,0
23535,075007,129,7,0,0
23536,075007,128,8,0,0
23537,075007,150,9,0,0
23538,075007,413,10,0,0
23539,075007,439,11,0,0
23540,075007,97,6,0,0
23541,075007,119,7,0,0
23542,075007,141,8,0,0
23543,075007,167,9,0,0
23544,075007,398,10,0,0
23545,075007,418,11,0,0
23546,075007,105,6,0,0
23547,075007,129,7,0,0
23548,075007,128,8,0,0
23549,075007,150,9,0,0
23550,075007,413,10,0,0
23551,075007,439,11,0,0
23552,075017,97,6,0,0
23553,075017,119,7,0,0
23554,075017,141,8,0,0
23555,075017,167,9,0,0
23556,075017,406,10,0,0
23557,075017,428,11,0,0
23558,075017,107,6,0,0
23559,075017,129,7,0,0
23560,075017,128,8,0,0
23561,075017,150,9,0,0
23562,075017,421,10,0,0
23563,075017,447,11,0,0
23564,075017,97,6,0,0
23565,075017,119,7,0,0
23566,075017,141,8,0,0
23567,075017,167,9,0,0
23568,075017,406,10,0,0
23569,075017,428,11,0,0
23570,075017,107,6,0,0
23571,075017,129,7,0,0
23572,075017,128,8,0,0
23573,075017,150,9,0,0
23574,075017,421,10,0,0
23575,075017,447,11,0,0
23576,075017,97,6,0,0
23577,075017,119,7,0,0
23578,075017,141,8,0,0
23579,075017,167,9,0,0
23580,075017,406,10,0,0
23581,075017,428,11,0,0
23582,075017,107,6,0,0
23583,075017,129,7,0,0
23584,075017,128,8,0,0
23585,075017,150,9,0,0
23586,075017,421,10,0,0
23587,075017,447,11,0,0
23588,075017,97,6,0,0
23589,075017,119,7,0,0
23590,075017,141,8,0,0
23591,075017,167,9,0,0
23592,075017,406,10,0,0
23593,075017,428,11,0,0
23594,075017,107,6,0,0
23595,075017,129,7,0,0
23596,075017,128,8,0,0
23597,075017,150,9,0,0
23598,075017,421,10,0,0
23599,075017,447,11,0,0
23600,075017,97,6,0,0
23601,075017,119,7,0,0
23602,075017,141,8,0,0
23603,075017,167,9,0,0
23604,075017,406,10,0,0
23605,075017,428,11,0,0
23606,075017,107,6,0,0
23607,075017,129,7,0,0
23608,075017,128,8,0,0
23609,075017,150,9,0,0
23610,075017,421,10,0,0
23611,075017,447,11,0,0
23612,075017,97,6,0,0
23613,075017,119,7,0,0
23614,075017,141,8,0,0
23615,075017,167,9,0,0
23616,075017,406,10,0,0
23617,075017,428,11,0,0
23618,075017,107,6,0,0
23619,075017,129,7,0,0
23620,075017,128,8,0,0
23621,075017,150,9,0,0
23622,075017,421,10,0,0
23623,075017,447,11,0,0
23624,075017,97,6,0,0
23625,075017,119,7,0,0
23626,075017,141,8,0,0
23627,075017,167,9,0,0
23628,075017,406,10,0,0
23629,075017,428,11,0,0
23630,075017,107,6,0,0
23631,075017,129,7,0,0
23632,075017,128,8,0,0
23633,075017,150,9,0,0
23634,075017,421,10,0,0
23635,075017,447,11,0,0
23636,075017,97,6,0,0
23637,075017,119,7,0,0
23638,075017,141,8,0,0
23639,075017,167,9,0,0
23640,075017,406,10,0,0
23641,075017,428,11,0,0
23642,075017,107,6,0,0
23643,075017,129,7,0,0
23644,075017,128,8,0,0
23645,075017,150,9,0,0
23646,075017,421,10,0,0
23647,075017,447,11,0,0
23648,075027,97,6,0,0
23649,075027,119,7,0,0
23650,075027,141,8,0,0
23651,075027,167,9,0,0
23652,075027,594,10,0,0
23653,075027,616,11,0,0
23654,075027,107,6,0,0
23655,075027,129,7,0,0
23656,075027,128,8,0,0
23657,075027,150,9,0,0
23658,075027,609,10,0,0
23659,075027,635,11,0,0
23660,075027,97,6,0,0
23661,075027,119,7,0,0
23662,075027,141,8,0,0
23663,075027,167,9,0,0
23664,075027,594,10,0,0
23665,075027,616,11,0,0
23666,075027,107,6,0,0
23667,075027,129,7,0,0
23668,075027,128,8,0,0
23669,075027,150,9,0,0
23670,075027,609,10,0,0
23671,075027,635,11,0,0
23672,075027,97,6,0,0
23673,075027,119,7,0,0
23674,075027,141,8,0,0
23675,075027,167,9,0,0
23676,075027,594,10,0,0
23677,075027,616,11,0,0
23678,075027,107,6,0,0
23679,075027,129,7,0,0
23680,075027,128,8,0,0
23681,075027,150,9,0,0
23682,075027,609,10,0,0
23683,075027,635,11,0,0
23684,075027,97,6,0,0
23685,075027,119,7,0,0
23686,075027,141,8,0,0
23687,075027,167,9,0,0
23688,075027,594,10,0,0
23689,075027,616,11,0,0
23690,075027,107,6,0,0
23691,075027,129,7,0,0
23692,075027,128,8,0,0
23693,075027,150,9,0,0
23694,075027,609,10,0,0
23695,075027,635,11,0,0
23696,075027,97,6,0,0
23697,075027,119,7,0,0
23698,075027,141,8,0,0
23699,075027,167,9,0,0
23700,075027,594,10,0,0
23701,075027,616,11,0,0
23702,075027,107,6,0,0
23703,075027,129,7,0,0
23704,075027,128,8,0,0
23705,075027,150,9,0,0
23706,075027,609,10,0,0
23707,075027,635,11,0,0
23708,075027,97,6,0,0
23709,075027,119,7,0,0
23710,075027,141,8,0,0
23711,075027,167,9,0,0
23712,075027,594,10,0,0
23713,075027,616,11,0,0
23714,075027,107,6,0,0
23715,075027,129,7,0,0
23716,075027,128,8,0,0
23717,075027,150,9,0,0
23718,075027,609,10,0,0
23719,075027,635,11,0,0
23720,075027,97,6,0,0
23721,075027,119,7,0,0
23722,075027,141,8,0,0
23723,075027,167,9,0,0
23724,075027,594,10,0,0
23725,075027,616,11,0,0
23726,075027,107,6,0,0
23727,075027,129,7,0,0
23728,075027,128,8,0,0
23729,075027,150,9,0,0
23730,075027,609,10,0,0
23731,075027,635,11,0,0
23732,075027,97,6,0,0
23733,075027,119,7,0,0
23734,075027,141,8,0,0
23735,075027,167,9,0,0
23736,075027,594,10,0,0
23737,075027,616,11,0,0
23738,075027,107,6,0,0
23739,075027,129,7,0,0
23740,075027,128,8,0,0
23741,075027,150,9,0,0
23742,075027,609,10,0,0
23743,075027,635,11,0,0
23744,075037,97,6,0,0
23745,075037,119,7,0,0
23746,075037,141,8,0,0
23747,075037,167,9,0,0
23748,075037,734,10,0,0
23749,075037,756,11,0,0
23750,075037,107,6,0,0
23751,075037,129,7,0,0
23752,075037,128,8,0,0
23753,075037,150,9,0,0
23754,075037,749,10,0,0
23755,075037,775,11,0,0
23756,075037,97,6,0,0
23757,075037,119,7,0,0
23758,075037,141,8,0,0
23759,075037,167,9,0,0
23760,075037,734,10,0,0
23761,075037,756,11,0,0
23762,075037,107,6,0,0
23763,075037,129,7,0,0
23764,075037,128,8,0,0
23765,075037,150,9,0,0
23766,075037,749,10,0,0
23767,075037,775,11,0,0
23768,075037,97,6,0,0
23769,075037,119,7,0,0
23770,075037,141,8,0,0
23771,075037,167,9,0,0
23772,075037,734,10,0,0
23773,075037,756,11,0,0
23774,075037,107,6,0,0
23775,075037,129,7,0,0
23776,075037,128,8,0,0
23777,075037,150,9,0,0
23778,075037,749,10,0,0
23779,075037,775,11,0,0
23780,075037,97,6,0,0
23781,075037,119,7,0,0
23782,075037,141,8,0,0
23783,075037,167,9,0,0
23784,075037,734,10,0,0
23785,075037,756,11,0,0
23786,075037,107,6,0,0
23787,075037,129,7,0,0
23788,075037,128,8,0,0
23789,075037,150,9,0,0
23790,075037,749,10,0,0
23791,075037,775,11,0,0
23792,075037,97,6,0,0
23793,075037,119,7,0,0
23794,075037,141,8,0,0
23795,075037,167,9,0,0
23796,075037,734,10,0,0
23797,075037,756,11,0,0
23798,075037,107,6,0,0
23799,075037,129,7,0,0
23800,075037,128,8,0,0
23801,075037,150,9,0,0
23802,075037,749,10,0,0
23803,075037,775,11,0,0
23804,075037,97,6,0,0
23805,075037,119,7,0,0
23806,075037,141,8,0,0
23807,075037,167,9,0,0
23808,075037,734,10,0,0
23809,075037,756,11,0,0
23810,075037,107,6,0,0
23811,075037,129,7,0,0
23812,075037,128,8,0,0
23813,075037,150,9,0,0
23814,075037,749,10,0,0
23815,075037,775,11,0,0
23816,075037,97,6,0,0
23817,075037,119,7,0,0
23818,075037,141,8,0,0
23819,075037,167,9,0,0
23820,075037,734,10,0,0
23821,075037,756,11,0,0
23822,075037,107,6,0,0
23823,075037,129,7,0,0
23824,075037,128,8,0,0
23825,075037,150,9,0,0
23826,075037,749,10,0,0
23827,075037,775,11,0,0
23828,075037,97,6,0,0
23829,075037,119,7,0,0
23830,075037,141,8,0,0
23831,075037,167,9,0,0
23832,075037,734,10,0,0
23833,075037,756,11,0,0
23834,075037,107,6,0,0
23835,075037,129,7,0,0
23836,075037,128,8,0,0
23837,075037,150,9,0,0
23838,075037,749,10,0,0
23839,075037,775,11,0,0
