
Loading design for application trce from file cp16d_impl1.ncd.
Design name: uj11_probe_fram_irq
NCD version: 3.3
Vendor:      LATTICE
Device:      LCMXO2-1200HC
Package:     QFN32
Performance: 4
Loading device for application trce from file 'xo2c1200.nph' in environment: /home/sash/.local/lscc/diamond/3.14/ispfpga.
Package Status:                     Final          Version 1.44.
Performance Hardware Data Status:   Final          Version 36.4.
Setup and Hold Report

--------------------------------------------------------------------------------
Lattice TRACE Report - Setup, Version Diamond (64-bit) 3.14.0.75.2
Wed Sep  9 05:21:22 2026

Copyright (c) 1991-1994 by NeoCAD Inc. All rights reserved.
Copyright (c) 1995 AT&T Corp.   All rights reserved.
Copyright (c) 1995-2001 Lucent Technologies Inc.  All rights reserved.
Copyright (c) 2001 Agere Systems   All rights reserved.
Copyright (c) 2002-2024 Lattice Semiconductor Corporation,  All rights reserved.

Report Information
------------------
Command line:    trce -v 10 -c -u 0 -gt -sethld -sp 4 -sphld m -o cp16d_impl1.twr cp16d_impl1.ncd cp16d_impl1.prf 
Design file:     cp16d_impl1.ncd
Preference file: cp16d_impl1.prf
Device,speed:    LCMXO2-1200HC,4
Report level:    verbose report, limited to 10 items per preference
--------------------------------------------------------------------------------

BLOCK ASYNCPATHS
BLOCK RESETPATHS
--------------------------------------------------------------------------------



================================================================================
Preference: FREQUENCY PORT "clk" 29.560000 MHz ;
            4096 items scored, 0 timing errors detected.
--------------------------------------------------------------------------------


Passed: The following path meets requirements by 1.653ns

 Logical Details:  Cell type  Pin type       Cell/ASIC name  (clock net +/-)

   Source:         DP8KC      Port           system/core/engine/rom/lane_2(ASIC)  (from clk_c +)
   Destination:    DP8KC      Port           system/core/engine/rom/lane_3(ASIC)  (to clk_c +)

   Delay:              32.202ns  (38.5% logic, 61.5% route), 16 logic levels.

 Constraint Details:

     32.202ns physical path delay system/core/engine/rom/lane_2 to system/core/engine/rom/lane_3 meets
     33.829ns delay constraint less
      0.000ns skew and
     -0.026ns ADDR_SET requirement (totaling 33.855ns) by 1.653ns

 Physical Path Details:

      Data path system/core/engine/rom/lane_2 to system/core/engine/rom/lane_3:

   Name    Fanout   Delay (ns)          Site               Resource
C2Q_DEL     ---     4.979 EBR_R6C10.CLKA to EBR_R6C10.DOA8 system/core/engine/rom/lane_2 (from clk_c)
ROUTE         8     1.176 EBR_R6C10.DOA8 to      R4C13C.D1 uword[26]
CTOF_DEL    ---     0.495      R4C13C.D1 to      R4C13C.F1 system/core/engine/SLICE_480
ROUTE         1     0.436      R4C13C.F1 to      R4C13C.C0 system/core/engine/un6_select_register[2]
CTOF_DEL    ---     0.495      R4C13C.C0 to      R4C13C.F0 system/core/engine/SLICE_480
ROUTE        18     1.587      R4C13C.F0 to      R3C11A.C1 system/core/engine/un9_d_axb2
CTOF_DEL    ---     0.495      R3C11A.C1 to      R3C11A.F1 SLICE_40
ROUTE        12     1.346      R3C11A.F1 to      R5C11B.A1 io_address[13]
CTOF_DEL    ---     0.495      R5C11B.A1 to      R5C11B.F1 system/sequential.memory/SLICE_355
ROUTE        26     2.173      R5C11B.F1 to      R4C16D.C1 system/io_page
CTOF_DEL    ---     0.495      R4C16D.C1 to      R4C16D.F1 system/SLICE_61
ROUTE         3     2.005      R4C16D.F1 to      R7C17A.B0 system/rdata[7]
CTOF_DEL    ---     0.495      R7C17A.B0 to      R7C17A.F0 SLICE_476
ROUTE         9     1.058      R7C17A.F0 to      R7C17A.B1 system/core/dispatch_ir[7]
CTOF_DEL    ---     0.495      R7C17A.B1 to      R7C17A.F1 SLICE_476
ROUTE         2     0.773      R7C17A.F1 to      R9C17A.C0 system/core/decode/spl_2
CTOF_DEL    ---     0.495      R9C17A.C0 to      R9C17A.F0 SLICE_530
ROUTE         1     0.964      R9C17A.F0 to      R9C16B.A1 system/core/decode/spl_2_0
CTOF_DEL    ---     0.495      R9C16B.A1 to      R9C16B.F1 system/core/SLICE_397
ROUTE         9     1.019      R9C16B.F1 to      R8C16C.A1 system/core/spl
CTOF_DEL    ---     0.495      R8C16C.A1 to      R8C16C.F1 SLICE_484
ROUTE         1     0.436      R8C16C.F1 to      R8C16C.C0 system/core/decode/un91_entry[3]
CTOF_DEL    ---     0.495      R8C16C.C0 to      R8C16C.F0 SLICE_484
ROUTE         1     0.986      R8C16C.F0 to      R9C16A.A0 system/core/entry_1_3[3]
CTOF_DEL    ---     0.495      R9C16A.A0 to      R9C16A.F0 system/core/SLICE_396
ROUTE         1     1.705      R9C16A.F0 to      R7C21A.C1 system/core/engine/seq/dispatch_address_m[3]
CTOF_DEL    ---     0.495      R7C21A.C1 to      R7C21A.F1 system/core/engine/seq/SLICE_376
ROUTE         1     0.693      R7C21A.F1 to      R7C21A.B0 system/core/engine/seq/next_address_1_iv_3[3]
CTOF_DEL    ---     0.495      R7C21A.B0 to      R7C21A.F0 system/core/engine/seq/SLICE_376
ROUTE         1     1.299      R7C21A.F0 to      R7C18A.A1 system/core/engine/seq/next_address_1_iv_4[3]
CTOF_DEL    ---     0.495      R7C18A.A1 to      R7C18A.F1 system/core/engine/seq/SLICE_253
ROUTE         5     2.142      R7C18A.F1 to  EBR_R6C7.ADA6 system/core/engine/next_address[3] (to clk_c)
                  --------
                   32.202   (38.5% logic, 61.5% route), 16 logic levels.

 Clock Skew Details: 

      Source Clock Path clk to system/core/engine/rom/lane_2:

   Name    Fanout   Delay (ns)          Site               Resource
ROUTE       246     2.351       13.PADDI to EBR_R6C10.CLKA clk_c
                  --------
                    2.351   (0.0% logic, 100.0% route), 0 logic levels.

      Destination Clock Path clk to system/core/engine/rom/lane_3:

   Name    Fanout   Delay (ns)          Site               Resource
ROUTE       246     2.351       13.PADDI to  EBR_R6C7.CLKA clk_c
                  --------
                    2.351   (0.0% logic, 100.0% route), 0 logic levels.


Passed: The following path meets requirements by 1.663ns

 Logical Details:  Cell type  Pin type       Cell/ASIC name  (clock net +/-)

   Source:         DP8KC      Port           system/core/engine/rom/lane_2(ASIC)  (from clk_c +)
   Destination:    DP8KC      Port           system/core/engine/rom/lane_3(ASIC)  (to clk_c +)

   Delay:              32.192ns  (43.3% logic, 56.7% route), 20 logic levels.

 Constraint Details:

     32.192ns physical path delay system/core/engine/rom/lane_2 to system/core/engine/rom/lane_3 meets
     33.829ns delay constraint less
      0.000ns skew and
     -0.026ns ADDR_SET requirement (totaling 33.855ns) by 1.663ns

 Physical Path Details:

      Data path system/core/engine/rom/lane_2 to system/core/engine/rom/lane_3:

   Name    Fanout   Delay (ns)          Site               Resource
C2Q_DEL     ---     4.979 EBR_R6C10.CLKA to EBR_R6C10.DOA8 system/core/engine/rom/lane_2 (from clk_c)
ROUTE         8     1.297 EBR_R6C10.DOA8 to      R4C13B.C1 uword[26]
CTOF_DEL    ---     0.495      R4C13B.C1 to      R4C13B.F1 system/core/engine/SLICE_479
ROUTE         1     0.436      R4C13B.F1 to      R4C13B.C0 system/core/engine/un6_select_register[1]
CTOF_DEL    ---     0.495      R4C13B.C0 to      R4C13B.F0 system/core/engine/SLICE_479
ROUTE        18     1.583      R4C13B.F0 to      R3C10B.B0 system/core/engine/un9_d_axb1
CTOF_DEL    ---     0.495      R3C10B.B0 to      R3C10B.F0 SLICE_38
ROUTE         7     1.751      R3C10B.F0 to      R2C13A.A1 io_address[2]
C1TOFCO_DE  ---     0.889      R2C13A.A1 to     R2C13A.FCO system/sequential.memory/SLICE_5
ROUTE         1     0.000     R2C13A.FCO to     R2C13B.FCI system/sequential.memory/un1_address_1_0_data_tmp[0]
FCITOFCO_D  ---     0.162     R2C13B.FCI to     R2C13B.FCO system/sequential.memory/SLICE_4
ROUTE         1     0.000     R2C13B.FCO to     R2C13C.FCI system/sequential.memory/un1_address_1_0_data_tmp[2]
FCITOFCO_D  ---     0.162     R2C13C.FCI to     R2C13C.FCO system/sequential.memory/SLICE_3
ROUTE         1     0.000     R2C13C.FCO to     R2C13D.FCI system/sequential.memory/un1_address_1_0_data_tmp[4]
FCITOFCO_D  ---     0.162     R2C13D.FCI to     R2C13D.FCO system/sequential.memory/SLICE_2
ROUTE         1     0.000     R2C13D.FCO to     R2C14A.FCI system/sequential.memory/un1_address_1_0_data_tmp[6]
FCITOF1_DE  ---     0.643     R2C14A.FCI to      R2C14A.F1 system/sequential.memory/SLICE_1
ROUTE         1     0.986      R2C14A.F1 to      R4C14C.A1 system/sequential.memory/un1_address_1_0_N_10_i
CTOF_DEL    ---     0.495      R4C14C.A1 to      R4C14C.F1 system/sequential.memory/SLICE_356
ROUTE         5     0.453      R4C14C.F1 to      R4C14C.C0 system/sequential.memory/match_word_fc
CTOF_DEL    ---     0.495      R4C14C.C0 to      R4C14C.F0 system/sequential.memory/SLICE_356
ROUTE         5     1.109      R4C14C.F0 to      R2C15B.C0 system/sequential.memory/N_35_1_fc
CTOF_DEL    ---     0.495      R2C15B.C0 to      R2C15B.F0 system/SLICE_354
ROUTE         7     1.501      R2C15B.F0 to      R9C17B.D1 system/un5_ack
CTOF_DEL    ---     0.495      R9C17B.D1 to      R9C17B.F1 system/SLICE_348
ROUTE         7     0.974      R9C17B.F1 to      R9C19C.D1 system/core/engine/retirec_1
CTOF_DEL    ---     0.495      R9C19C.D1 to      R9C19C.F1 system/core/engine/SLICE_373
ROUTE         3     0.761      R9C19C.F1 to      R9C20C.C0 system/core/engine/fault_redirectdup
CTOF_DEL    ---     0.495      R9C20C.C0 to      R9C20C.F0 system/core/engine/seq/SLICE_400
ROUTE         9     1.377      R9C20C.F0 to      R9C17C.B0 system/core/engine/seq/next_address_5_sqmuxa
CTOF_DEL    ---     0.495      R9C17C.B0 to      R9C17C.F0 system/core/SLICE_399
ROUTE         1     1.001      R9C17C.F0 to      R8C17D.B0 system/core/engine/seq/dispatch_address_i_m_4[1]
CTOF_DEL    ---     0.495      R8C17D.B0 to      R8C17D.F0 system/core/SLICE_394
ROUTE         1     0.626      R8C17D.F0 to      R8C17A.D0 system/core/engine/seq/next_address_2_iv_2[1]
CTOF_DEL    ---     0.495      R8C17A.D0 to      R8C17A.F0 system/core/engine/seq/SLICE_387
ROUTE         1     0.958      R8C17A.F0 to     R10C18D.D0 system/core/engine/seq/next_address_2_iv_5[1]
CTOF_DEL    ---     0.495     R10C18D.D0 to     R10C18D.F0 system/core/engine/seq/SLICE_383
ROUTE         1     1.157     R10C18D.F0 to      R7C19A.D1 system/core/engine/seq/next_address_2_iv_9[1]
CTOF_DEL    ---     0.495      R7C19A.D1 to      R7C19A.F1 system/core/engine/seq/SLICE_252
ROUTE         5     2.295      R7C19A.F1 to  EBR_R6C7.ADA4 system/core/engine/next_address_2_iv_i[1] (to clk_c)
                  --------
                   32.192   (43.3% logic, 56.7% route), 20 logic levels.

 Clock Skew Details: 

      Source Clock Path clk to system/core/engine/rom/lane_2:

   Name    Fanout   Delay (ns)          Site               Resource
ROUTE       246     2.351       13.PADDI to EBR_R6C10.CLKA clk_c
                  --------
                    2.351   (0.0% logic, 100.0% route), 0 logic levels.

      Destination Clock Path clk to system/core/engine/rom/lane_3:

   Name    Fanout   Delay (ns)          Site               Resource
ROUTE       246     2.351       13.PADDI to  EBR_R6C7.CLKA clk_c
                  --------
                    2.351   (0.0% logic, 100.0% route), 0 logic levels.


Passed: The following path meets requirements by 1.690ns

 Logical Details:  Cell type  Pin type       Cell/ASIC name  (clock net +/-)

   Source:         DP8KC      Port           system/core/engine/rom/lane_2(ASIC)  (from clk_c +)
   Destination:    DP8KC      Port           system/core/engine/rom/lane_3(ASIC)  (to clk_c +)

   Delay:              32.165ns  (38.6% logic, 61.4% route), 16 logic levels.

 Constraint Details:

     32.165ns physical path delay system/core/engine/rom/lane_2 to system/core/engine/rom/lane_3 meets
     33.829ns delay constraint less
      0.000ns skew and
     -0.026ns ADDR_SET requirement (totaling 33.855ns) by 1.690ns

 Physical Path Details:

      Data path system/core/engine/rom/lane_2 to system/core/engine/rom/lane_3:

   Name    Fanout   Delay (ns)          Site               Resource
C2Q_DEL     ---     4.979 EBR_R6C10.CLKA to EBR_R6C10.DOA8 system/core/engine/rom/lane_2 (from clk_c)
ROUTE         8     1.297 EBR_R6C10.DOA8 to      R4C13B.C1 uword[26]
CTOF_DEL    ---     0.495      R4C13B.C1 to      R4C13B.F1 system/core/engine/SLICE_479
ROUTE         1     0.436      R4C13B.F1 to      R4C13B.C0 system/core/engine/un6_select_register[1]
CTOF_DEL    ---     0.495      R4C13B.C0 to      R4C13B.F0 system/core/engine/SLICE_479
ROUTE        18     1.429      R4C13B.F0 to      R3C11A.B1 system/core/engine/un9_d_axb1
CTOF_DEL    ---     0.495      R3C11A.B1 to      R3C11A.F1 SLICE_40
ROUTE        12     1.346      R3C11A.F1 to      R5C11B.A1 io_address[13]
CTOF_DEL    ---     0.495      R5C11B.A1 to      R5C11B.F1 system/sequential.memory/SLICE_355
ROUTE        26     2.173      R5C11B.F1 to      R4C16D.C1 system/io_page
CTOF_DEL    ---     0.495      R4C16D.C1 to      R4C16D.F1 system/SLICE_61
ROUTE         3     2.005      R4C16D.F1 to      R7C17A.B0 system/rdata[7]
CTOF_DEL    ---     0.495      R7C17A.B0 to      R7C17A.F0 SLICE_476
ROUTE         9     1.058      R7C17A.F0 to      R7C17A.B1 system/core/dispatch_ir[7]
CTOF_DEL    ---     0.495      R7C17A.B1 to      R7C17A.F1 SLICE_476
ROUTE         2     0.773      R7C17A.F1 to      R9C17A.C0 system/core/decode/spl_2
CTOF_DEL    ---     0.495      R9C17A.C0 to      R9C17A.F0 SLICE_530
ROUTE         1     0.964      R9C17A.F0 to      R9C16B.A1 system/core/decode/spl_2_0
CTOF_DEL    ---     0.495      R9C16B.A1 to      R9C16B.F1 system/core/SLICE_397
ROUTE         9     1.019      R9C16B.F1 to      R8C16C.A1 system/core/spl
CTOF_DEL    ---     0.495      R8C16C.A1 to      R8C16C.F1 SLICE_484
ROUTE         1     0.436      R8C16C.F1 to      R8C16C.C0 system/core/decode/un91_entry[3]
CTOF_DEL    ---     0.495      R8C16C.C0 to      R8C16C.F0 SLICE_484
ROUTE         1     0.986      R8C16C.F0 to      R9C16A.A0 system/core/entry_1_3[3]
CTOF_DEL    ---     0.495      R9C16A.A0 to      R9C16A.F0 system/core/SLICE_396
ROUTE         1     1.705      R9C16A.F0 to      R7C21A.C1 system/core/engine/seq/dispatch_address_m[3]
CTOF_DEL    ---     0.495      R7C21A.C1 to      R7C21A.F1 system/core/engine/seq/SLICE_376
ROUTE         1     0.693      R7C21A.F1 to      R7C21A.B0 system/core/engine/seq/next_address_1_iv_3[3]
CTOF_DEL    ---     0.495      R7C21A.B0 to      R7C21A.F0 system/core/engine/seq/SLICE_376
ROUTE         1     1.299      R7C21A.F0 to      R7C18A.A1 system/core/engine/seq/next_address_1_iv_4[3]
CTOF_DEL    ---     0.495      R7C18A.A1 to      R7C18A.F1 system/core/engine/seq/SLICE_253
ROUTE         5     2.142      R7C18A.F1 to  EBR_R6C7.ADA6 system/core/engine/next_address[3] (to clk_c)
                  --------
                   32.165   (38.6% logic, 61.4% route), 16 logic levels.

 Clock Skew Details: 

      Source Clock Path clk to system/core/engine/rom/lane_2:

   Name    Fanout   Delay (ns)          Site               Resource
ROUTE       246     2.351       13.PADDI to EBR_R6C10.CLKA clk_c
                  --------
                    2.351   (0.0% logic, 100.0% route), 0 logic levels.

      Destination Clock Path clk to system/core/engine/rom/lane_3:

   Name    Fanout   Delay (ns)          Site               Resource
ROUTE       246     2.351       13.PADDI to  EBR_R6C7.CLKA clk_c
                  --------
                    2.351   (0.0% logic, 100.0% route), 0 logic levels.


Passed: The following path meets requirements by 1.722ns

 Logical Details:  Cell type  Pin type       Cell/ASIC name  (clock net +/-)

   Source:         DP8KC      Port           system/core/engine/rom/lane_2(ASIC)  (from clk_c +)
   Destination:    DP8KC      Port           system/core/engine/rom/lane_3(ASIC)  (to clk_c +)

   Delay:              32.133ns  (40.1% logic, 59.9% route), 17 logic levels.

 Constraint Details:

     32.133ns physical path delay system/core/engine/rom/lane_2 to system/core/engine/rom/lane_3 meets
     33.829ns delay constraint less
      0.000ns skew and
     -0.026ns ADDR_SET requirement (totaling 33.855ns) by 1.722ns

 Physical Path Details:

      Data path system/core/engine/rom/lane_2 to system/core/engine/rom/lane_3:

   Name    Fanout   Delay (ns)          Site               Resource
C2Q_DEL     ---     4.979 EBR_R6C10.CLKA to EBR_R6C10.DOA8 system/core/engine/rom/lane_2 (from clk_c)
ROUTE         8     1.176 EBR_R6C10.DOA8 to      R4C13C.D1 uword[26]
CTOF_DEL    ---     0.495      R4C13C.D1 to      R4C13C.F1 system/core/engine/SLICE_480
ROUTE         1     0.436      R4C13C.F1 to      R4C13C.C0 system/core/engine/un6_select_register[2]
CTOF_DEL    ---     0.495      R4C13C.C0 to      R4C13C.F0 system/core/engine/SLICE_480
ROUTE        18     1.587      R4C13C.F0 to      R3C11A.C1 system/core/engine/un9_d_axb2
CTOF_DEL    ---     0.495      R3C11A.C1 to      R3C11A.F1 SLICE_40
ROUTE        12     1.346      R3C11A.F1 to      R5C11B.A1 io_address[13]
CTOF_DEL    ---     0.495      R5C11B.A1 to      R5C11B.F1 system/sequential.memory/SLICE_355
ROUTE        26     1.000      R5C11B.F1 to      R5C11A.A1 system/io_page
CTOF_DEL    ---     0.495      R5C11A.A1 to      R5C11A.F1 system/sequential.memory/SLICE_333
ROUTE         8     1.477      R5C11A.F1 to      R4C14C.D1 system/sequential.memory/stream_read_fc
CTOF_DEL    ---     0.495      R4C14C.D1 to      R4C14C.F1 system/sequential.memory/SLICE_356
ROUTE         5     0.453      R4C14C.F1 to      R4C14C.C0 system/sequential.memory/match_word_fc
CTOF_DEL    ---     0.495      R4C14C.C0 to      R4C14C.F0 system/sequential.memory/SLICE_356
ROUTE         5     1.109      R4C14C.F0 to      R2C15B.C0 system/sequential.memory/N_35_1_fc
CTOF_DEL    ---     0.495      R2C15B.C0 to      R2C15B.F0 system/SLICE_354
ROUTE         7     1.501      R2C15B.F0 to      R9C17B.D1 system/un5_ack
CTOF_DEL    ---     0.495      R9C17B.D1 to      R9C17B.F1 system/SLICE_348
ROUTE         7     0.974      R9C17B.F1 to      R9C19C.D1 system/core/engine/retirec_1
CTOF_DEL    ---     0.495      R9C19C.D1 to      R9C19C.F1 system/core/engine/SLICE_373
ROUTE         3     0.761      R9C19C.F1 to      R9C20C.C0 system/core/engine/fault_redirectdup
CTOF_DEL    ---     0.495      R9C20C.C0 to      R9C20C.F0 system/core/engine/seq/SLICE_400
ROUTE         9     1.377      R9C20C.F0 to      R9C17C.B0 system/core/engine/seq/next_address_5_sqmuxa
CTOF_DEL    ---     0.495      R9C17C.B0 to      R9C17C.F0 system/core/SLICE_399
ROUTE         1     1.001      R9C17C.F0 to      R8C17D.B0 system/core/engine/seq/dispatch_address_i_m_4[1]
CTOF_DEL    ---     0.495      R8C17D.B0 to      R8C17D.F0 system/core/SLICE_394
ROUTE         1     0.626      R8C17D.F0 to      R8C17A.D0 system/core/engine/seq/next_address_2_iv_2[1]
CTOF_DEL    ---     0.495      R8C17A.D0 to      R8C17A.F0 system/core/engine/seq/SLICE_387
ROUTE         1     0.958      R8C17A.F0 to     R10C18D.D0 system/core/engine/seq/next_address_2_iv_5[1]
CTOF_DEL    ---     0.495     R10C18D.D0 to     R10C18D.F0 system/core/engine/seq/SLICE_383
ROUTE         1     1.157     R10C18D.F0 to      R7C19A.D1 system/core/engine/seq/next_address_2_iv_9[1]
CTOF_DEL    ---     0.495      R7C19A.D1 to      R7C19A.F1 system/core/engine/seq/SLICE_252
ROUTE         5     2.295      R7C19A.F1 to  EBR_R6C7.ADA4 system/core/engine/next_address_2_iv_i[1] (to clk_c)
                  --------
                   32.133   (40.1% logic, 59.9% route), 17 logic levels.

 Clock Skew Details: 

      Source Clock Path clk to system/core/engine/rom/lane_2:

   Name    Fanout   Delay (ns)          Site               Resource
ROUTE       246     2.351       13.PADDI to EBR_R6C10.CLKA clk_c
                  --------
                    2.351   (0.0% logic, 100.0% route), 0 logic levels.

      Destination Clock Path clk to system/core/engine/rom/lane_3:

   Name    Fanout   Delay (ns)          Site               Resource
ROUTE       246     2.351       13.PADDI to  EBR_R6C7.CLKA clk_c
                  --------
                    2.351   (0.0% logic, 100.0% route), 0 logic levels.


Passed: The following path meets requirements by 1.734ns

 Logical Details:  Cell type  Pin type       Cell/ASIC name  (clock net +/-)

   Source:         DP8KC      Port           system/core/engine/rom/lane_3(ASIC)  (from clk_c +)
   Destination:    DP8KC      Port           system/core/engine/rom/lane_3(ASIC)  (to clk_c +)

   Delay:              32.121ns  (37.1% logic, 62.9% route), 15 logic levels.

 Constraint Details:

     32.121ns physical path delay system/core/engine/rom/lane_3 to system/core/engine/rom/lane_3 meets
     33.829ns delay constraint less
      0.000ns skew and
     -0.026ns ADDR_SET requirement (totaling 33.855ns) by 1.734ns

 Physical Path Details:

      Data path system/core/engine/rom/lane_3 to system/core/engine/rom/lane_3:

   Name    Fanout   Delay (ns)          Site               Resource
C2Q_DEL     ---     4.979  EBR_R6C7.CLKA to  EBR_R6C7.DOA1 system/core/engine/rom/lane_3 (from clk_c)
ROUTE         4     2.026  EBR_R6C7.DOA1 to      R4C13C.A0 uword[28]
CTOF_DEL    ---     0.495      R4C13C.A0 to      R4C13C.F0 system/core/engine/SLICE_480
ROUTE        18     1.587      R4C13C.F0 to      R3C11A.C1 system/core/engine/un9_d_axb2
CTOF_DEL    ---     0.495      R3C11A.C1 to      R3C11A.F1 SLICE_40
ROUTE        12     1.346      R3C11A.F1 to      R5C11B.A1 io_address[13]
CTOF_DEL    ---     0.495      R5C11B.A1 to      R5C11B.F1 system/sequential.memory/SLICE_355
ROUTE        26     2.173      R5C11B.F1 to      R4C16D.C1 system/io_page
CTOF_DEL    ---     0.495      R4C16D.C1 to      R4C16D.F1 system/SLICE_61
ROUTE         3     2.005      R4C16D.F1 to      R7C17A.B0 system/rdata[7]
CTOF_DEL    ---     0.495      R7C17A.B0 to      R7C17A.F0 SLICE_476
ROUTE         9     1.058      R7C17A.F0 to      R7C17A.B1 system/core/dispatch_ir[7]
CTOF_DEL    ---     0.495      R7C17A.B1 to      R7C17A.F1 SLICE_476
ROUTE         2     0.773      R7C17A.F1 to      R9C17A.C0 system/core/decode/spl_2
CTOF_DEL    ---     0.495      R9C17A.C0 to      R9C17A.F0 SLICE_530
ROUTE         1     0.964      R9C17A.F0 to      R9C16B.A1 system/core/decode/spl_2_0
CTOF_DEL    ---     0.495      R9C16B.A1 to      R9C16B.F1 system/core/SLICE_397
ROUTE         9     1.019      R9C16B.F1 to      R8C16C.A1 system/core/spl
CTOF_DEL    ---     0.495      R8C16C.A1 to      R8C16C.F1 SLICE_484
ROUTE         1     0.436      R8C16C.F1 to      R8C16C.C0 system/core/decode/un91_entry[3]
CTOF_DEL    ---     0.495      R8C16C.C0 to      R8C16C.F0 SLICE_484
ROUTE         1     0.986      R8C16C.F0 to      R9C16A.A0 system/core/entry_1_3[3]
CTOF_DEL    ---     0.495      R9C16A.A0 to      R9C16A.F0 system/core/SLICE_396
ROUTE         1     1.705      R9C16A.F0 to      R7C21A.C1 system/core/engine/seq/dispatch_address_m[3]
CTOF_DEL    ---     0.495      R7C21A.C1 to      R7C21A.F1 system/core/engine/seq/SLICE_376
ROUTE         1     0.693      R7C21A.F1 to      R7C21A.B0 system/core/engine/seq/next_address_1_iv_3[3]
CTOF_DEL    ---     0.495      R7C21A.B0 to      R7C21A.F0 system/core/engine/seq/SLICE_376
ROUTE         1     1.299      R7C21A.F0 to      R7C18A.A1 system/core/engine/seq/next_address_1_iv_4[3]
CTOF_DEL    ---     0.495      R7C18A.A1 to      R7C18A.F1 system/core/engine/seq/SLICE_253
ROUTE         5     2.142      R7C18A.F1 to  EBR_R6C7.ADA6 system/core/engine/next_address[3] (to clk_c)
                  --------
                   32.121   (37.1% logic, 62.9% route), 15 logic levels.

 Clock Skew Details: 

      Source Clock Path clk to system/core/engine/rom/lane_3:

   Name    Fanout   Delay (ns)          Site               Resource
ROUTE       246     2.351       13.PADDI to  EBR_R6C7.CLKA clk_c
                  --------
                    2.351   (0.0% logic, 100.0% route), 0 logic levels.

      Destination Clock Path clk to system/core/engine/rom/lane_3:

   Name    Fanout   Delay (ns)          Site               Resource
ROUTE       246     2.351       13.PADDI to  EBR_R6C7.CLKA clk_c
                  --------
                    2.351   (0.0% logic, 100.0% route), 0 logic levels.


Passed: The following path meets requirements by 1.759ns

 Logical Details:  Cell type  Pin type       Cell/ASIC name  (clock net +/-)

   Source:         DP8KC      Port           system/core/engine/rom/lane_2(ASIC)  (from clk_c +)
   Destination:    DP8KC      Port           system/core/engine/rom/lane_3(ASIC)  (to clk_c +)

   Delay:              32.096ns  (40.2% logic, 59.8% route), 17 logic levels.

 Constraint Details:

     32.096ns physical path delay system/core/engine/rom/lane_2 to system/core/engine/rom/lane_3 meets
     33.829ns delay constraint less
      0.000ns skew and
     -0.026ns ADDR_SET requirement (totaling 33.855ns) by 1.759ns

 Physical Path Details:

      Data path system/core/engine/rom/lane_2 to system/core/engine/rom/lane_3:

   Name    Fanout   Delay (ns)          Site               Resource
C2Q_DEL     ---     4.979 EBR_R6C10.CLKA to EBR_R6C10.DOA8 system/core/engine/rom/lane_2 (from clk_c)
ROUTE         8     1.297 EBR_R6C10.DOA8 to      R4C13B.C1 uword[26]
CTOF_DEL    ---     0.495      R4C13B.C1 to      R4C13B.F1 system/core/engine/SLICE_479
ROUTE         1     0.436      R4C13B.F1 to      R4C13B.C0 system/core/engine/un6_select_register[1]
CTOF_DEL    ---     0.495      R4C13B.C0 to      R4C13B.F0 system/core/engine/SLICE_479
ROUTE        18     1.429      R4C13B.F0 to      R3C11A.B1 system/core/engine/un9_d_axb1
CTOF_DEL    ---     0.495      R3C11A.B1 to      R3C11A.F1 SLICE_40
ROUTE        12     1.346      R3C11A.F1 to      R5C11B.A1 io_address[13]
CTOF_DEL    ---     0.495      R5C11B.A1 to      R5C11B.F1 system/sequential.memory/SLICE_355
ROUTE        26     1.000      R5C11B.F1 to      R5C11A.A1 system/io_page
CTOF_DEL    ---     0.495      R5C11A.A1 to      R5C11A.F1 system/sequential.memory/SLICE_333
ROUTE         8     1.477      R5C11A.F1 to      R4C14C.D1 system/sequential.memory/stream_read_fc
CTOF_DEL    ---     0.495      R4C14C.D1 to      R4C14C.F1 system/sequential.memory/SLICE_356
ROUTE         5     0.453      R4C14C.F1 to      R4C14C.C0 system/sequential.memory/match_word_fc
CTOF_DEL    ---     0.495      R4C14C.C0 to      R4C14C.F0 system/sequential.memory/SLICE_356
ROUTE         5     1.109      R4C14C.F0 to      R2C15B.C0 system/sequential.memory/N_35_1_fc
CTOF_DEL    ---     0.495      R2C15B.C0 to      R2C15B.F0 system/SLICE_354
ROUTE         7     1.501      R2C15B.F0 to      R9C17B.D1 system/un5_ack
CTOF_DEL    ---     0.495      R9C17B.D1 to      R9C17B.F1 system/SLICE_348
ROUTE         7     0.974      R9C17B.F1 to      R9C19C.D1 system/core/engine/retirec_1
CTOF_DEL    ---     0.495      R9C19C.D1 to      R9C19C.F1 system/core/engine/SLICE_373
ROUTE         3     0.761      R9C19C.F1 to      R9C20C.C0 system/core/engine/fault_redirectdup
CTOF_DEL    ---     0.495      R9C20C.C0 to      R9C20C.F0 system/core/engine/seq/SLICE_400
ROUTE         9     1.377      R9C20C.F0 to      R9C17C.B0 system/core/engine/seq/next_address_5_sqmuxa
CTOF_DEL    ---     0.495      R9C17C.B0 to      R9C17C.F0 system/core/SLICE_399
ROUTE         1     1.001      R9C17C.F0 to      R8C17D.B0 system/core/engine/seq/dispatch_address_i_m_4[1]
CTOF_DEL    ---     0.495      R8C17D.B0 to      R8C17D.F0 system/core/SLICE_394
ROUTE         1     0.626      R8C17D.F0 to      R8C17A.D0 system/core/engine/seq/next_address_2_iv_2[1]
CTOF_DEL    ---     0.495      R8C17A.D0 to      R8C17A.F0 system/core/engine/seq/SLICE_387
ROUTE         1     0.958      R8C17A.F0 to     R10C18D.D0 system/core/engine/seq/next_address_2_iv_5[1]
CTOF_DEL    ---     0.495     R10C18D.D0 to     R10C18D.F0 system/core/engine/seq/SLICE_383
ROUTE         1     1.157     R10C18D.F0 to      R7C19A.D1 system/core/engine/seq/next_address_2_iv_9[1]
CTOF_DEL    ---     0.495      R7C19A.D1 to      R7C19A.F1 system/core/engine/seq/SLICE_252
ROUTE         5     2.295      R7C19A.F1 to  EBR_R6C7.ADA4 system/core/engine/next_address_2_iv_i[1] (to clk_c)
                  --------
                   32.096   (40.2% logic, 59.8% route), 17 logic levels.

 Clock Skew Details: 

      Source Clock Path clk to system/core/engine/rom/lane_2:

   Name    Fanout   Delay (ns)          Site               Resource
ROUTE       246     2.351       13.PADDI to EBR_R6C10.CLKA clk_c
                  --------
                    2.351   (0.0% logic, 100.0% route), 0 logic levels.

      Destination Clock Path clk to system/core/engine/rom/lane_3:

   Name    Fanout   Delay (ns)          Site               Resource
ROUTE       246     2.351       13.PADDI to  EBR_R6C7.CLKA clk_c
                  --------
                    2.351   (0.0% logic, 100.0% route), 0 logic levels.


Passed: The following path meets requirements by 1.774ns

 Logical Details:  Cell type  Pin type       Cell/ASIC name  (clock net +/-)

   Source:         DP8KC      Port           system/core/engine/rom/lane_2(ASIC)  (from clk_c +)
   Destination:    DP8KC      Port           system/core/engine/rom/lane_3(ASIC)  (to clk_c +)

   Delay:              32.081ns  (43.4% logic, 56.6% route), 20 logic levels.

 Constraint Details:

     32.081ns physical path delay system/core/engine/rom/lane_2 to system/core/engine/rom/lane_3 meets
     33.829ns delay constraint less
      0.000ns skew and
     -0.026ns ADDR_SET requirement (totaling 33.855ns) by 1.774ns

 Physical Path Details:

      Data path system/core/engine/rom/lane_2 to system/core/engine/rom/lane_3:

   Name    Fanout   Delay (ns)          Site               Resource
C2Q_DEL     ---     4.979 EBR_R6C10.CLKA to EBR_R6C10.DOA8 system/core/engine/rom/lane_2 (from clk_c)
ROUTE         8     1.176 EBR_R6C10.DOA8 to      R4C13C.D1 uword[26]
CTOF_DEL    ---     0.495      R4C13C.D1 to      R4C13C.F1 system/core/engine/SLICE_480
ROUTE         1     0.436      R4C13C.F1 to      R4C13C.C0 system/core/engine/un6_select_register[2]
CTOF_DEL    ---     0.495      R4C13C.C0 to      R4C13C.F0 system/core/engine/SLICE_480
ROUTE        18     1.593      R4C13C.F0 to      R3C10B.C0 system/core/engine/un9_d_axb2
CTOF_DEL    ---     0.495      R3C10B.C0 to      R3C10B.F0 SLICE_38
ROUTE         7     1.751      R3C10B.F0 to      R2C13A.A1 io_address[2]
C1TOFCO_DE  ---     0.889      R2C13A.A1 to     R2C13A.FCO system/sequential.memory/SLICE_5
ROUTE         1     0.000     R2C13A.FCO to     R2C13B.FCI system/sequential.memory/un1_address_1_0_data_tmp[0]
FCITOFCO_D  ---     0.162     R2C13B.FCI to     R2C13B.FCO system/sequential.memory/SLICE_4
ROUTE         1     0.000     R2C13B.FCO to     R2C13C.FCI system/sequential.memory/un1_address_1_0_data_tmp[2]
FCITOFCO_D  ---     0.162     R2C13C.FCI to     R2C13C.FCO system/sequential.memory/SLICE_3
ROUTE         1     0.000     R2C13C.FCO to     R2C13D.FCI system/sequential.memory/un1_address_1_0_data_tmp[4]
FCITOFCO_D  ---     0.162     R2C13D.FCI to     R2C13D.FCO system/sequential.memory/SLICE_2
ROUTE         1     0.000     R2C13D.FCO to     R2C14A.FCI system/sequential.memory/un1_address_1_0_data_tmp[6]
FCITOF1_DE  ---     0.643     R2C14A.FCI to      R2C14A.F1 system/sequential.memory/SLICE_1
ROUTE         1     0.986      R2C14A.F1 to      R4C14C.A1 system/sequential.memory/un1_address_1_0_N_10_i
CTOF_DEL    ---     0.495      R4C14C.A1 to      R4C14C.F1 system/sequential.memory/SLICE_356
ROUTE         5     0.453      R4C14C.F1 to      R4C14C.C0 system/sequential.memory/match_word_fc
CTOF_DEL    ---     0.495      R4C14C.C0 to      R4C14C.F0 system/sequential.memory/SLICE_356
ROUTE         5     1.109      R4C14C.F0 to      R2C15B.C0 system/sequential.memory/N_35_1_fc
CTOF_DEL    ---     0.495      R2C15B.C0 to      R2C15B.F0 system/SLICE_354
ROUTE         7     1.501      R2C15B.F0 to      R9C17B.D1 system/un5_ack
CTOF_DEL    ---     0.495      R9C17B.D1 to      R9C17B.F1 system/SLICE_348
ROUTE         7     0.974      R9C17B.F1 to      R9C19C.D1 system/core/engine/retirec_1
CTOF_DEL    ---     0.495      R9C19C.D1 to      R9C19C.F1 system/core/engine/SLICE_373
ROUTE         3     0.761      R9C19C.F1 to      R9C20C.C0 system/core/engine/fault_redirectdup
CTOF_DEL    ---     0.495      R9C20C.C0 to      R9C20C.F0 system/core/engine/seq/SLICE_400
ROUTE         9     1.377      R9C20C.F0 to      R9C17C.B0 system/core/engine/seq/next_address_5_sqmuxa
CTOF_DEL    ---     0.495      R9C17C.B0 to      R9C17C.F0 system/core/SLICE_399
ROUTE         1     1.001      R9C17C.F0 to      R8C17D.B0 system/core/engine/seq/dispatch_address_i_m_4[1]
CTOF_DEL    ---     0.495      R8C17D.B0 to      R8C17D.F0 system/core/SLICE_394
ROUTE         1     0.626      R8C17D.F0 to      R8C17A.D0 system/core/engine/seq/next_address_2_iv_2[1]
CTOF_DEL    ---     0.495      R8C17A.D0 to      R8C17A.F0 system/core/engine/seq/SLICE_387
ROUTE         1     0.958      R8C17A.F0 to     R10C18D.D0 system/core/engine/seq/next_address_2_iv_5[1]
CTOF_DEL    ---     0.495     R10C18D.D0 to     R10C18D.F0 system/core/engine/seq/SLICE_383
ROUTE         1     1.157     R10C18D.F0 to      R7C19A.D1 system/core/engine/seq/next_address_2_iv_9[1]
CTOF_DEL    ---     0.495      R7C19A.D1 to      R7C19A.F1 system/core/engine/seq/SLICE_252
ROUTE         5     2.295      R7C19A.F1 to  EBR_R6C7.ADA4 system/core/engine/next_address_2_iv_i[1] (to clk_c)
                  --------
                   32.081   (43.4% logic, 56.6% route), 20 logic levels.

 Clock Skew Details: 

      Source Clock Path clk to system/core/engine/rom/lane_2:

   Name    Fanout   Delay (ns)          Site               Resource
ROUTE       246     2.351       13.PADDI to EBR_R6C10.CLKA clk_c
                  --------
                    2.351   (0.0% logic, 100.0% route), 0 logic levels.

      Destination Clock Path clk to system/core/engine/rom/lane_3:

   Name    Fanout   Delay (ns)          Site               Resource
ROUTE       246     2.351       13.PADDI to  EBR_R6C7.CLKA clk_c
                  --------
                    2.351   (0.0% logic, 100.0% route), 0 logic levels.


Passed: The following path meets requirements by 1.780ns

 Logical Details:  Cell type  Pin type       Cell/ASIC name  (clock net +/-)

   Source:         DP8KC      Port           system/core/engine/rom/lane_2(ASIC)  (from clk_c +)
   Destination:    DP8KC      Port           system/core/engine/rom/lane_3(ASIC)  (to clk_c +)

   Delay:              32.075ns  (42.8% logic, 57.2% route), 18 logic levels.

 Constraint Details:

     32.075ns physical path delay system/core/engine/rom/lane_2 to system/core/engine/rom/lane_3 meets
     33.829ns delay constraint less
      0.000ns skew and
     -0.026ns ADDR_SET requirement (totaling 33.855ns) by 1.780ns

 Physical Path Details:

      Data path system/core/engine/rom/lane_2 to system/core/engine/rom/lane_3:

   Name    Fanout   Delay (ns)          Site               Resource
C2Q_DEL     ---     4.979 EBR_R6C10.CLKA to EBR_R6C10.DOA8 system/core/engine/rom/lane_2 (from clk_c)
ROUTE         8     1.297 EBR_R6C10.DOA8 to      R4C13B.C1 uword[26]
CTOF_DEL    ---     0.495      R4C13B.C1 to      R4C13B.F1 system/core/engine/SLICE_479
ROUTE         1     0.436      R4C13B.F1 to      R4C13B.C0 system/core/engine/un6_select_register[1]
CTOF_DEL    ---     0.495      R4C13B.C0 to      R4C13B.F0 system/core/engine/SLICE_479
ROUTE        18     1.077      R4C13B.F0 to      R4C12A.B0 system/core/engine/un9_d_axb1
CTOF_DEL    ---     0.495      R4C12A.B0 to      R4C12A.F0 SLICE_43
ROUTE         7     2.330      R4C12A.F0 to      R2C13C.D0 io_address[8]
C0TOFCO_DE  ---     1.023      R2C13C.D0 to     R2C13C.FCO system/sequential.memory/SLICE_3
ROUTE         1     0.000     R2C13C.FCO to     R2C13D.FCI system/sequential.memory/un1_address_1_0_data_tmp[4]
FCITOFCO_D  ---     0.162     R2C13D.FCI to     R2C13D.FCO system/sequential.memory/SLICE_2
ROUTE         1     0.000     R2C13D.FCO to     R2C14A.FCI system/sequential.memory/un1_address_1_0_data_tmp[6]
FCITOF1_DE  ---     0.643     R2C14A.FCI to      R2C14A.F1 system/sequential.memory/SLICE_1
ROUTE         1     0.986      R2C14A.F1 to      R4C14C.A1 system/sequential.memory/un1_address_1_0_N_10_i
CTOF_DEL    ---     0.495      R4C14C.A1 to      R4C14C.F1 system/sequential.memory/SLICE_356
ROUTE         5     0.453      R4C14C.F1 to      R4C14C.C0 system/sequential.memory/match_word_fc
CTOF_DEL    ---     0.495      R4C14C.C0 to      R4C14C.F0 system/sequential.memory/SLICE_356
ROUTE         5     1.109      R4C14C.F0 to      R2C15B.C0 system/sequential.memory/N_35_1_fc
CTOF_DEL    ---     0.495      R2C15B.C0 to      R2C15B.F0 system/SLICE_354
ROUTE         7     1.501      R2C15B.F0 to      R9C17B.D1 system/un5_ack
CTOF_DEL    ---     0.495      R9C17B.D1 to      R9C17B.F1 system/SLICE_348
ROUTE         7     0.974      R9C17B.F1 to      R9C19C.D1 system/core/engine/retirec_1
CTOF_DEL    ---     0.495      R9C19C.D1 to      R9C19C.F1 system/core/engine/SLICE_373
ROUTE         3     0.761      R9C19C.F1 to      R9C20C.C0 system/core/engine/fault_redirectdup
CTOF_DEL    ---     0.495      R9C20C.C0 to      R9C20C.F0 system/core/engine/seq/SLICE_400
ROUTE         9     1.377      R9C20C.F0 to      R9C17C.B0 system/core/engine/seq/next_address_5_sqmuxa
CTOF_DEL    ---     0.495      R9C17C.B0 to      R9C17C.F0 system/core/SLICE_399
ROUTE         1     1.001      R9C17C.F0 to      R8C17D.B0 system/core/engine/seq/dispatch_address_i_m_4[1]
CTOF_DEL    ---     0.495      R8C17D.B0 to      R8C17D.F0 system/core/SLICE_394
ROUTE         1     0.626      R8C17D.F0 to      R8C17A.D0 system/core/engine/seq/next_address_2_iv_2[1]
CTOF_DEL    ---     0.495      R8C17A.D0 to      R8C17A.F0 system/core/engine/seq/SLICE_387
ROUTE         1     0.958      R8C17A.F0 to     R10C18D.D0 system/core/engine/seq/next_address_2_iv_5[1]
CTOF_DEL    ---     0.495     R10C18D.D0 to     R10C18D.F0 system/core/engine/seq/SLICE_383
ROUTE         1     1.157     R10C18D.F0 to      R7C19A.D1 system/core/engine/seq/next_address_2_iv_9[1]
CTOF_DEL    ---     0.495      R7C19A.D1 to      R7C19A.F1 system/core/engine/seq/SLICE_252
ROUTE         5     2.295      R7C19A.F1 to  EBR_R6C7.ADA4 system/core/engine/next_address_2_iv_i[1] (to clk_c)
                  --------
                   32.075   (42.8% logic, 57.2% route), 18 logic levels.

 Clock Skew Details: 

      Source Clock Path clk to system/core/engine/rom/lane_2:

   Name    Fanout   Delay (ns)          Site               Resource
ROUTE       246     2.351       13.PADDI to EBR_R6C10.CLKA clk_c
                  --------
                    2.351   (0.0% logic, 100.0% route), 0 logic levels.

      Destination Clock Path clk to system/core/engine/rom/lane_3:

   Name    Fanout   Delay (ns)          Site               Resource
ROUTE       246     2.351       13.PADDI to  EBR_R6C7.CLKA clk_c
                  --------
                    2.351   (0.0% logic, 100.0% route), 0 logic levels.


Passed: The following path meets requirements by 1.800ns

 Logical Details:  Cell type  Pin type       Cell/ASIC name  (clock net +/-)

   Source:         DP8KC      Port           system/core/engine/rom/lane_3(ASIC)  (from clk_c +)
   Destination:    DP8KC      Port           system/core/engine/rom/lane_3(ASIC)  (to clk_c +)

   Delay:              32.055ns  (41.3% logic, 58.7% route), 17 logic levels.

 Constraint Details:

     32.055ns physical path delay system/core/engine/rom/lane_3 to system/core/engine/rom/lane_3 meets
     33.829ns delay constraint less
      0.000ns skew and
     -0.026ns ADDR_SET requirement (totaling 33.855ns) by 1.800ns

 Physical Path Details:

      Data path system/core/engine/rom/lane_3 to system/core/engine/rom/lane_3:

   Name    Fanout   Delay (ns)          Site               Resource
C2Q_DEL     ---     4.979  EBR_R6C7.CLKA to  EBR_R6C7.DOA0 system/core/engine/rom/lane_3 (from clk_c)
ROUTE         6     2.274  EBR_R6C7.DOA0 to      R3C12C.B0 uword[27]
CTOF_DEL    ---     0.495      R3C12C.B0 to      R3C12C.F0 system/core/engine/SLICE_320
ROUTE        16     1.011      R3C12C.F0 to      R4C12A.A0 system/core/engine/select_register_5[0]
CTOF_DEL    ---     0.495      R4C12A.A0 to      R4C12A.F0 SLICE_43
ROUTE         7     2.330      R4C12A.F0 to      R2C13C.D0 io_address[8]
C0TOFCO_DE  ---     1.023      R2C13C.D0 to     R2C13C.FCO system/sequential.memory/SLICE_3
ROUTE         1     0.000     R2C13C.FCO to     R2C13D.FCI system/sequential.memory/un1_address_1_0_data_tmp[4]
FCITOFCO_D  ---     0.162     R2C13D.FCI to     R2C13D.FCO system/sequential.memory/SLICE_2
ROUTE         1     0.000     R2C13D.FCO to     R2C14A.FCI system/sequential.memory/un1_address_1_0_data_tmp[6]
FCITOF1_DE  ---     0.643     R2C14A.FCI to      R2C14A.F1 system/sequential.memory/SLICE_1
ROUTE         1     0.986      R2C14A.F1 to      R4C14C.A1 system/sequential.memory/un1_address_1_0_N_10_i
CTOF_DEL    ---     0.495      R4C14C.A1 to      R4C14C.F1 system/sequential.memory/SLICE_356
ROUTE         5     0.453      R4C14C.F1 to      R4C14C.C0 system/sequential.memory/match_word_fc
CTOF_DEL    ---     0.495      R4C14C.C0 to      R4C14C.F0 system/sequential.memory/SLICE_356
ROUTE         5     1.109      R4C14C.F0 to      R2C15B.C0 system/sequential.memory/N_35_1_fc
CTOF_DEL    ---     0.495      R2C15B.C0 to      R2C15B.F0 system/SLICE_354
ROUTE         7     1.501      R2C15B.F0 to      R9C17B.D1 system/un5_ack
CTOF_DEL    ---     0.495      R9C17B.D1 to      R9C17B.F1 system/SLICE_348
ROUTE         7     0.974      R9C17B.F1 to      R9C19C.D1 system/core/engine/retirec_1
CTOF_DEL    ---     0.495      R9C19C.D1 to      R9C19C.F1 system/core/engine/SLICE_373
ROUTE         3     0.761      R9C19C.F1 to      R9C20C.C0 system/core/engine/fault_redirectdup
CTOF_DEL    ---     0.495      R9C20C.C0 to      R9C20C.F0 system/core/engine/seq/SLICE_400
ROUTE         9     1.377      R9C20C.F0 to      R9C17C.B0 system/core/engine/seq/next_address_5_sqmuxa
CTOF_DEL    ---     0.495      R9C17C.B0 to      R9C17C.F0 system/core/SLICE_399
ROUTE         1     1.001      R9C17C.F0 to      R8C17D.B0 system/core/engine/seq/dispatch_address_i_m_4[1]
CTOF_DEL    ---     0.495      R8C17D.B0 to      R8C17D.F0 system/core/SLICE_394
ROUTE         1     0.626      R8C17D.F0 to      R8C17A.D0 system/core/engine/seq/next_address_2_iv_2[1]
CTOF_DEL    ---     0.495      R8C17A.D0 to      R8C17A.F0 system/core/engine/seq/SLICE_387
ROUTE         1     0.958      R8C17A.F0 to     R10C18D.D0 system/core/engine/seq/next_address_2_iv_5[1]
CTOF_DEL    ---     0.495     R10C18D.D0 to     R10C18D.F0 system/core/engine/seq/SLICE_383
ROUTE         1     1.157     R10C18D.F0 to      R7C19A.D1 system/core/engine/seq/next_address_2_iv_9[1]
CTOF_DEL    ---     0.495      R7C19A.D1 to      R7C19A.F1 system/core/engine/seq/SLICE_252
ROUTE         5     2.295      R7C19A.F1 to  EBR_R6C7.ADA4 system/core/engine/next_address_2_iv_i[1] (to clk_c)
                  --------
                   32.055   (41.3% logic, 58.7% route), 17 logic levels.

 Clock Skew Details: 

      Source Clock Path clk to system/core/engine/rom/lane_3:

   Name    Fanout   Delay (ns)          Site               Resource
ROUTE       246     2.351       13.PADDI to  EBR_R6C7.CLKA clk_c
                  --------
                    2.351   (0.0% logic, 100.0% route), 0 logic levels.

      Destination Clock Path clk to system/core/engine/rom/lane_3:

   Name    Fanout   Delay (ns)          Site               Resource
ROUTE       246     2.351       13.PADDI to  EBR_R6C7.CLKA clk_c
                  --------
                    2.351   (0.0% logic, 100.0% route), 0 logic levels.


Passed: The following path meets requirements by 1.803ns

 Logical Details:  Cell type  Pin type       Cell/ASIC name  (clock net +/-)

   Source:         DP8KC      Port           system/core/engine/rom/lane_3(ASIC)  (from clk_c +)
   Destination:    DP8KC      Port           system/core/engine/rom/lane_3(ASIC)  (to clk_c +)

   Delay:              32.052ns  (38.7% logic, 61.3% route), 16 logic levels.

 Constraint Details:

     32.052ns physical path delay system/core/engine/rom/lane_3 to system/core/engine/rom/lane_3 meets
     33.829ns delay constraint less
      0.000ns skew and
     -0.026ns ADDR_SET requirement (totaling 33.855ns) by 1.803ns

 Physical Path Details:

      Data path system/core/engine/rom/lane_3 to system/core/engine/rom/lane_3:

   Name    Fanout   Delay (ns)          Site               Resource
C2Q_DEL     ---     4.979  EBR_R6C7.CLKA to  EBR_R6C7.DOA1 system/core/engine/rom/lane_3 (from clk_c)
ROUTE         4     2.026  EBR_R6C7.DOA1 to      R4C13C.A0 uword[28]
CTOF_DEL    ---     0.495      R4C13C.A0 to      R4C13C.F0 system/core/engine/SLICE_480
ROUTE        18     1.587      R4C13C.F0 to      R3C11A.C1 system/core/engine/un9_d_axb2
CTOF_DEL    ---     0.495      R3C11A.C1 to      R3C11A.F1 SLICE_40
ROUTE        12     1.346      R3C11A.F1 to      R5C11B.A1 io_address[13]
CTOF_DEL    ---     0.495      R5C11B.A1 to      R5C11B.F1 system/sequential.memory/SLICE_355
ROUTE        26     1.000      R5C11B.F1 to      R5C11A.A1 system/io_page
CTOF_DEL    ---     0.495      R5C11A.A1 to      R5C11A.F1 system/sequential.memory/SLICE_333
ROUTE         8     1.477      R5C11A.F1 to      R4C14C.D1 system/sequential.memory/stream_read_fc
CTOF_DEL    ---     0.495      R4C14C.D1 to      R4C14C.F1 system/sequential.memory/SLICE_356
ROUTE         5     0.453      R4C14C.F1 to      R4C14C.C0 system/sequential.memory/match_word_fc
CTOF_DEL    ---     0.495      R4C14C.C0 to      R4C14C.F0 system/sequential.memory/SLICE_356
ROUTE         5     1.109      R4C14C.F0 to      R2C15B.C0 system/sequential.memory/N_35_1_fc
CTOF_DEL    ---     0.495      R2C15B.C0 to      R2C15B.F0 system/SLICE_354
ROUTE         7     1.501      R2C15B.F0 to      R9C17B.D1 system/un5_ack
CTOF_DEL    ---     0.495      R9C17B.D1 to      R9C17B.F1 system/SLICE_348
ROUTE         7     0.974      R9C17B.F1 to      R9C19C.D1 system/core/engine/retirec_1
CTOF_DEL    ---     0.495      R9C19C.D1 to      R9C19C.F1 system/core/engine/SLICE_373
ROUTE         3     0.761      R9C19C.F1 to      R9C20C.C0 system/core/engine/fault_redirectdup
CTOF_DEL    ---     0.495      R9C20C.C0 to      R9C20C.F0 system/core/engine/seq/SLICE_400
ROUTE         9     1.377      R9C20C.F0 to      R9C17C.B0 system/core/engine/seq/next_address_5_sqmuxa
CTOF_DEL    ---     0.495      R9C17C.B0 to      R9C17C.F0 system/core/SLICE_399
ROUTE         1     1.001      R9C17C.F0 to      R8C17D.B0 system/core/engine/seq/dispatch_address_i_m_4[1]
CTOF_DEL    ---     0.495      R8C17D.B0 to      R8C17D.F0 system/core/SLICE_394
ROUTE         1     0.626      R8C17D.F0 to      R8C17A.D0 system/core/engine/seq/next_address_2_iv_2[1]
CTOF_DEL    ---     0.495      R8C17A.D0 to      R8C17A.F0 system/core/engine/seq/SLICE_387
ROUTE         1     0.958      R8C17A.F0 to     R10C18D.D0 system/core/engine/seq/next_address_2_iv_5[1]
CTOF_DEL    ---     0.495     R10C18D.D0 to     R10C18D.F0 system/core/engine/seq/SLICE_383
ROUTE         1     1.157     R10C18D.F0 to      R7C19A.D1 system/core/engine/seq/next_address_2_iv_9[1]
CTOF_DEL    ---     0.495      R7C19A.D1 to      R7C19A.F1 system/core/engine/seq/SLICE_252
ROUTE         5     2.295      R7C19A.F1 to  EBR_R6C7.ADA4 system/core/engine/next_address_2_iv_i[1] (to clk_c)
                  --------
                   32.052   (38.7% logic, 61.3% route), 16 logic levels.

 Clock Skew Details: 

      Source Clock Path clk to system/core/engine/rom/lane_3:

   Name    Fanout   Delay (ns)          Site               Resource
ROUTE       246     2.351       13.PADDI to  EBR_R6C7.CLKA clk_c
                  --------
                    2.351   (0.0% logic, 100.0% route), 0 logic levels.

      Destination Clock Path clk to system/core/engine/rom/lane_3:

   Name    Fanout   Delay (ns)          Site               Resource
ROUTE       246     2.351       13.PADDI to  EBR_R6C7.CLKA clk_c
                  --------
                    2.351   (0.0% logic, 100.0% route), 0 logic levels.

Report:   31.079MHz is the maximum frequency for this preference.


================================================================================
Preference: Unconstrained: CLOCK_DOMAIN
            0 unconstrained paths found
--------------------------------------------------------------------------------


================================================================================
Preference: Unconstrained: INPUT_SETUP
            332 unconstrained paths found
--------------------------------------------------------------------------------

Unconstrained Preference:
   INPUT_SETUP PORT "reset" CLKPORT "clk" 

Report:   19.917ns delay reset to system/core/engine/rom/lane_3 (19.943ns delay and -0.026ns setup)

   Name    Fanout   Delay (ns)          Site               Resource
PADI_DEL    ---     1.132          4.PAD to        4.PADDI reset
ROUTE       250     3.777        4.PADDI to      R9C13A.D1 reset_c
CTOF_DEL    ---     0.495      R9C13A.D1 to      R9C13A.F1 system/SLICE_299
ROUTE         3     1.430      R9C13A.F1 to      R9C17B.A1 system/writing_RNIPF6JP
CTOF_DEL    ---     0.495      R9C17B.A1 to      R9C17B.F1 system/SLICE_348
ROUTE         7     0.974      R9C17B.F1 to      R9C19C.D1 system/core/engine/retirec_1
CTOF_DEL    ---     0.495      R9C19C.D1 to      R9C19C.F1 system/core/engine/SLICE_373
ROUTE         3     0.761      R9C19C.F1 to      R9C20C.C0 system/core/engine/fault_redirectdup
CTOF_DEL    ---     0.495      R9C20C.C0 to      R9C20C.F0 system/core/engine/seq/SLICE_400
ROUTE         9     1.377      R9C20C.F0 to      R9C17C.B0 system/core/engine/seq/next_address_5_sqmuxa
CTOF_DEL    ---     0.495      R9C17C.B0 to      R9C17C.F0 system/core/SLICE_399
ROUTE         1     1.001      R9C17C.F0 to      R8C17D.B0 system/core/engine/seq/dispatch_address_i_m_4[1]
CTOF_DEL    ---     0.495      R8C17D.B0 to      R8C17D.F0 system/core/SLICE_394
ROUTE         1     0.626      R8C17D.F0 to      R8C17A.D0 system/core/engine/seq/next_address_2_iv_2[1]
CTOF_DEL    ---     0.495      R8C17A.D0 to      R8C17A.F0 system/core/engine/seq/SLICE_387
ROUTE         1     0.958      R8C17A.F0 to     R10C18D.D0 system/core/engine/seq/next_address_2_iv_5[1]
CTOF_DEL    ---     0.495     R10C18D.D0 to     R10C18D.F0 system/core/engine/seq/SLICE_383
ROUTE         1     1.157     R10C18D.F0 to      R7C19A.D1 system/core/engine/seq/next_address_2_iv_9[1]
CTOF_DEL    ---     0.495      R7C19A.D1 to      R7C19A.F1 system/core/engine/seq/SLICE_252
ROUTE         5     2.295      R7C19A.F1 to  EBR_R6C7.ADA4 system/core/engine/next_address_2_iv_i[1] (to clk_c)
                  --------
                   19.943   (28.0% logic, 72.0% route), 10 logic levels.

Unconstrained Preference:
   INPUT_SETUP PORT "reset" CLKPORT "clk" 

Report:   19.379ns delay reset to system/core/engine/rom/lane_2 (19.405ns delay and -0.026ns setup)

   Name    Fanout   Delay (ns)          Site               Resource
PADI_DEL    ---     1.132          4.PAD to        4.PADDI reset
ROUTE       250     3.777        4.PADDI to      R9C13A.D1 reset_c
CTOF_DEL    ---     0.495      R9C13A.D1 to      R9C13A.F1 system/SLICE_299
ROUTE         3     1.430      R9C13A.F1 to      R9C17B.A1 system/writing_RNIPF6JP
CTOF_DEL    ---     0.495      R9C17B.A1 to      R9C17B.F1 system/SLICE_348
ROUTE         7     0.974      R9C17B.F1 to      R9C19C.D1 system/core/engine/retirec_1
CTOF_DEL    ---     0.495      R9C19C.D1 to      R9C19C.F1 system/core/engine/SLICE_373
ROUTE         3     0.761      R9C19C.F1 to      R9C20C.C0 system/core/engine/fault_redirectdup
CTOF_DEL    ---     0.495      R9C20C.C0 to      R9C20C.F0 system/core/engine/seq/SLICE_400
ROUTE         9     1.377      R9C20C.F0 to      R9C17C.B0 system/core/engine/seq/next_address_5_sqmuxa
CTOF_DEL    ---     0.495      R9C17C.B0 to      R9C17C.F0 system/core/SLICE_399
ROUTE         1     1.001      R9C17C.F0 to      R8C17D.B0 system/core/engine/seq/dispatch_address_i_m_4[1]
CTOF_DEL    ---     0.495      R8C17D.B0 to      R8C17D.F0 system/core/SLICE_394
ROUTE         1     0.626      R8C17D.F0 to      R8C17A.D0 system/core/engine/seq/next_address_2_iv_2[1]
CTOF_DEL    ---     0.495      R8C17A.D0 to      R8C17A.F0 system/core/engine/seq/SLICE_387
ROUTE         1     0.958      R8C17A.F0 to     R10C18D.D0 system/core/engine/seq/next_address_2_iv_5[1]
CTOF_DEL    ---     0.495     R10C18D.D0 to     R10C18D.F0 system/core/engine/seq/SLICE_383
ROUTE         1     1.157     R10C18D.F0 to      R7C19A.D1 system/core/engine/seq/next_address_2_iv_9[1]
CTOF_DEL    ---     0.495      R7C19A.D1 to      R7C19A.F1 system/core/engine/seq/SLICE_252
ROUTE         5     1.757      R7C19A.F1 to EBR_R6C10.ADA4 system/core/engine/next_address_2_iv_i[1] (to clk_c)
                  --------
                   19.405   (28.8% logic, 71.2% route), 10 logic levels.

Unconstrained Preference:
   INPUT_SETUP PORT "reset" CLKPORT "clk" 

Report:   19.138ns delay reset to system/core/engine/rom/lane_3 (19.164ns delay and -0.026ns setup)

   Name    Fanout   Delay (ns)          Site               Resource
PADI_DEL    ---     1.132          4.PAD to        4.PADDI reset
ROUTE       250     3.777        4.PADDI to      R9C13A.D1 reset_c
CTOF_DEL    ---     0.495      R9C13A.D1 to      R9C13A.F1 system/SLICE_299
ROUTE         3     1.430      R9C13A.F1 to      R9C17B.A1 system/writing_RNIPF6JP
CTOF_DEL    ---     0.495      R9C17B.A1 to      R9C17B.F1 system/SLICE_348
ROUTE         7     0.767      R9C17B.F1 to     R10C17D.C1 system/core/engine/retirec_1
CTOOFX_DEL  ---     0.721     R10C17D.C1 to   R10C17D.OFX0 system/core/engine/seq/predicates_pmux_6/SLICE_258
ROUTE         1     0.626   R10C17D.OFX0 to     R10C17A.D1 system/core/engine/seq/N_74
CTOF_DEL    ---     0.495     R10C17A.D1 to     R10C17A.F1 system/core/engine/seq/SLICE_382
ROUTE         2     0.635     R10C17A.F1 to     R10C17C.D1 system/core/engine/seq/condition
CTOF_DEL    ---     0.495     R10C17C.D1 to     R10C17C.F1 system/core/engine/seq/SLICE_366
ROUTE         2     1.392     R10C17C.F1 to      R8C20A.D0 system/core/engine/seq/un1_next_address78_1[0]
CTOF_DEL    ---     0.495      R8C20A.D0 to      R8C20A.F0 system/core/engine/seq/SLICE_510
ROUTE         9     1.415      R8C20A.F0 to      R7C21D.A0 system/core/engine/seq/next_address_2_sqmuxa
CTOF_DEL    ---     0.495      R7C21D.A0 to      R7C21D.F0 system/core/engine/seq/SLICE_380
ROUTE         1     1.079      R7C21D.F0 to      R7C19B.C1 system/core/engine/seq/next_address_2_iv_2[9]
CTOF_DEL    ---     0.495      R7C19B.C1 to      R7C19B.F1 system/core/engine/seq/SLICE_256
ROUTE         5     2.725      R7C19B.F1 to EBR_R6C7.ADA12 system/core/engine/next_address[9] (to clk_c)
                  --------
                   19.164   (27.7% logic, 72.3% route), 9 logic levels.

Unconstrained Preference:
   INPUT_SETUP PORT "reset" CLKPORT "clk" 

Report:   19.084ns delay reset to system/core/engine/rom/lane_1 (19.110ns delay and -0.026ns setup)

   Name    Fanout   Delay (ns)          Site               Resource
PADI_DEL    ---     1.132          4.PAD to        4.PADDI reset
ROUTE       250     3.777        4.PADDI to      R9C13A.D1 reset_c
CTOF_DEL    ---     0.495      R9C13A.D1 to      R9C13A.F1 system/SLICE_299
ROUTE         3     1.430      R9C13A.F1 to      R9C17B.A1 system/writing_RNIPF6JP
CTOF_DEL    ---     0.495      R9C17B.A1 to      R9C17B.F1 system/SLICE_348
ROUTE         7     0.974      R9C17B.F1 to      R9C19C.D1 system/core/engine/retirec_1
CTOF_DEL    ---     0.495      R9C19C.D1 to      R9C19C.F1 system/core/engine/SLICE_373
ROUTE         3     0.761      R9C19C.F1 to      R9C20C.C0 system/core/engine/fault_redirectdup
CTOF_DEL    ---     0.495      R9C20C.C0 to      R9C20C.F0 system/core/engine/seq/SLICE_400
ROUTE         9     1.377      R9C20C.F0 to      R9C17C.B0 system/core/engine/seq/next_address_5_sqmuxa
CTOF_DEL    ---     0.495      R9C17C.B0 to      R9C17C.F0 system/core/SLICE_399
ROUTE         1     1.001      R9C17C.F0 to      R8C17D.B0 system/core/engine/seq/dispatch_address_i_m_4[1]
CTOF_DEL    ---     0.495      R8C17D.B0 to      R8C17D.F0 system/core/SLICE_394
ROUTE         1     0.626      R8C17D.F0 to      R8C17A.D0 system/core/engine/seq/next_address_2_iv_2[1]
CTOF_DEL    ---     0.495      R8C17A.D0 to      R8C17A.F0 system/core/engine/seq/SLICE_387
ROUTE         1     0.958      R8C17A.F0 to     R10C18D.D0 system/core/engine/seq/next_address_2_iv_5[1]
CTOF_DEL    ---     0.495     R10C18D.D0 to     R10C18D.F0 system/core/engine/seq/SLICE_383
ROUTE         1     1.157     R10C18D.F0 to      R7C19A.D1 system/core/engine/seq/next_address_2_iv_9[1]
CTOF_DEL    ---     0.495      R7C19A.D1 to      R7C19A.F1 system/core/engine/seq/SLICE_252
ROUTE         5     1.462      R7C19A.F1 to EBR_R6C14.ADA4 system/core/engine/next_address_2_iv_i[1] (to clk_c)
                  --------
                   19.110   (29.2% logic, 70.8% route), 10 logic levels.

Unconstrained Preference:
   INPUT_SETUP PORT "reset" CLKPORT "clk" 

Report:   19.068ns delay reset to system/core/engine/rom/lane_3 (19.094ns delay and -0.026ns setup)

   Name    Fanout   Delay (ns)          Site               Resource
PADI_DEL    ---     1.132          4.PAD to        4.PADDI reset
ROUTE       250     3.777        4.PADDI to      R9C13A.D1 reset_c
CTOF_DEL    ---     0.495      R9C13A.D1 to      R9C13A.F1 system/SLICE_299
ROUTE         3     1.430      R9C13A.F1 to      R9C17B.A1 system/writing_RNIPF6JP
CTOF_DEL    ---     0.495      R9C17B.A1 to      R9C17B.F1 system/SLICE_348
ROUTE         7     0.974      R9C17B.F1 to      R9C19B.D1 system/core/engine/retirec_1
CTOF_DEL    ---     0.495      R9C19B.D1 to      R9C19B.F1 system/core/engine/seq/SLICE_367
ROUTE        10     0.670      R9C19B.F1 to      R9C18B.D0 system/core/engine/seq/fetch_address_m_2
CTOF_DEL    ---     0.495      R9C18B.D0 to      R9C18B.F0 system/core/engine/seq/SLICE_540
ROUTE         3     0.753      R9C18B.F0 to     R10C18B.C0 system/core/engine/seq/next_address_7_sqmuxa_5
CTOF_DEL    ---     0.495     R10C18B.C0 to     R10C18B.F0 system/core/engine/SLICE_368
ROUTE         2     1.051     R10C18B.F0 to      R8C18B.D1 system/core/engine/seq/next_address_9_sqmuxa
CTOF_DEL    ---     0.495      R8C18B.D1 to      R8C18B.F1 system/core/engine/seq/SLICE_369
ROUTE         1     0.623      R8C18B.F1 to      R8C19B.D1 system/core/engine/seq/next_address_0_iv_8_1[0]
CTOF_DEL    ---     0.495      R8C19B.D1 to      R8C19B.F1 system/core/engine/seq/SLICE_306
ROUTE         1     1.023      R8C19B.F1 to      R8C21C.B0 system/core/engine/seq/next_address_0_iv_8[0]
CTOF_DEL    ---     0.495      R8C21C.B0 to      R8C21C.F0 system/core/engine/seq/SLICE_375
ROUTE         1     0.958      R8C21C.F0 to      R7C19A.D0 system/core/engine/seq/next_address_0_iv_10[0]
CTOF_DEL    ---     0.495      R7C19A.D0 to      R7C19A.F0 system/core/engine/seq/SLICE_252
ROUTE         5     2.248      R7C19A.F0 to  EBR_R6C7.ADA3 system/core/engine/next_address_0_iv_i[0] (to clk_c)
                  --------
                   19.094   (29.3% logic, 70.7% route), 10 logic levels.

Unconstrained Preference:
   INPUT_SETUP PORT "reset" CLKPORT "clk" 

Report:   19.052ns delay reset to system/core/engine/rom/lane_3 (19.078ns delay and -0.026ns setup)

   Name    Fanout   Delay (ns)          Site               Resource
PADI_DEL    ---     1.132          4.PAD to        4.PADDI reset
ROUTE       250     3.777        4.PADDI to      R9C13A.D1 reset_c
CTOF_DEL    ---     0.495      R9C13A.D1 to      R9C13A.F1 system/SLICE_299
ROUTE         3     1.430      R9C13A.F1 to      R9C17B.A1 system/writing_RNIPF6JP
CTOF_DEL    ---     0.495      R9C17B.A1 to      R9C17B.F1 system/SLICE_348
ROUTE         7     0.974      R9C17B.F1 to      R9C19C.D1 system/core/engine/retirec_1
CTOF_DEL    ---     0.495      R9C19C.D1 to      R9C19C.F1 system/core/engine/SLICE_373
ROUTE         3     0.761      R9C19C.F1 to      R9C20C.C0 system/core/engine/fault_redirectdup
CTOF_DEL    ---     0.495      R9C20C.C0 to      R9C20C.F0 system/core/engine/seq/SLICE_400
ROUTE         9     1.205      R9C20C.F0 to      R9C16A.D0 system/core/engine/seq/next_address_5_sqmuxa
CTOF_DEL    ---     0.495      R9C16A.D0 to      R9C16A.F0 system/core/SLICE_396
ROUTE         1     1.705      R9C16A.F0 to      R7C21A.C1 system/core/engine/seq/dispatch_address_m[3]
CTOF_DEL    ---     0.495      R7C21A.C1 to      R7C21A.F1 system/core/engine/seq/SLICE_376
ROUTE         1     0.693      R7C21A.F1 to      R7C21A.B0 system/core/engine/seq/next_address_1_iv_3[3]
CTOF_DEL    ---     0.495      R7C21A.B0 to      R7C21A.F0 system/core/engine/seq/SLICE_376
ROUTE         1     1.299      R7C21A.F0 to      R7C18A.A1 system/core/engine/seq/next_address_1_iv_4[3]
CTOF_DEL    ---     0.495      R7C18A.A1 to      R7C18A.F1 system/core/engine/seq/SLICE_253
ROUTE         5     2.142      R7C18A.F1 to  EBR_R6C7.ADA6 system/core/engine/next_address[3] (to clk_c)
                  --------
                   19.078   (26.7% logic, 73.3% route), 9 logic levels.

Unconstrained Preference:
   INPUT_SETUP PORT "reset" CLKPORT "clk" 

Report:   18.962ns delay reset to system/core/engine/rom/lane_2 (18.988ns delay and -0.026ns setup)

   Name    Fanout   Delay (ns)          Site               Resource
PADI_DEL    ---     1.132          4.PAD to        4.PADDI reset
ROUTE       250     3.777        4.PADDI to      R9C13A.D1 reset_c
CTOF_DEL    ---     0.495      R9C13A.D1 to      R9C13A.F1 system/SLICE_299
ROUTE         3     1.430      R9C13A.F1 to      R9C17B.A1 system/writing_RNIPF6JP
CTOF_DEL    ---     0.495      R9C17B.A1 to      R9C17B.F1 system/SLICE_348
ROUTE         7     0.974      R9C17B.F1 to      R9C19B.D1 system/core/engine/retirec_1
CTOF_DEL    ---     0.495      R9C19B.D1 to      R9C19B.F1 system/core/engine/seq/SLICE_367
ROUTE        10     0.670      R9C19B.F1 to      R9C18B.D0 system/core/engine/seq/fetch_address_m_2
CTOF_DEL    ---     0.495      R9C18B.D0 to      R9C18B.F0 system/core/engine/seq/SLICE_540
ROUTE         3     0.753      R9C18B.F0 to     R10C18B.C0 system/core/engine/seq/next_address_7_sqmuxa_5
CTOF_DEL    ---     0.495     R10C18B.C0 to     R10C18B.F0 system/core/engine/SLICE_368
ROUTE         2     1.051     R10C18B.F0 to      R8C18B.D1 system/core/engine/seq/next_address_9_sqmuxa
CTOF_DEL    ---     0.495      R8C18B.D1 to      R8C18B.F1 system/core/engine/seq/SLICE_369
ROUTE         1     0.623      R8C18B.F1 to      R8C19B.D1 system/core/engine/seq/next_address_0_iv_8_1[0]
CTOF_DEL    ---     0.495      R8C19B.D1 to      R8C19B.F1 system/core/engine/seq/SLICE_306
ROUTE         1     1.023      R8C19B.F1 to      R8C21C.B0 system/core/engine/seq/next_address_0_iv_8[0]
CTOF_DEL    ---     0.495      R8C21C.B0 to      R8C21C.F0 system/core/engine/seq/SLICE_375
ROUTE         1     0.958      R8C21C.F0 to      R7C19A.D0 system/core/engine/seq/next_address_0_iv_10[0]
CTOF_DEL    ---     0.495      R7C19A.D0 to      R7C19A.F0 system/core/engine/seq/SLICE_252
ROUTE         5     2.142      R7C19A.F0 to EBR_R6C10.ADA3 system/core/engine/next_address_0_iv_i[0] (to clk_c)
                  --------
                   18.988   (29.4% logic, 70.6% route), 10 logic levels.

Unconstrained Preference:
   INPUT_SETUP PORT "reset" CLKPORT "clk" 

Report:   18.947ns delay reset to system/core/engine/rom/lane_3 (18.973ns delay and -0.026ns setup)

   Name    Fanout   Delay (ns)          Site               Resource
PADI_DEL    ---     1.132          4.PAD to        4.PADDI reset
ROUTE       250     3.777        4.PADDI to      R9C13A.D1 reset_c
CTOF_DEL    ---     0.495      R9C13A.D1 to      R9C13A.F1 system/SLICE_299
ROUTE         3     1.430      R9C13A.F1 to      R9C17B.A1 system/writing_RNIPF6JP
CTOF_DEL    ---     0.495      R9C17B.A1 to      R9C17B.F1 system/SLICE_348
ROUTE         7     0.974      R9C17B.F1 to      R9C19C.D1 system/core/engine/retirec_1
CTOF_DEL    ---     0.495      R9C19C.D1 to      R9C19C.F1 system/core/engine/SLICE_373
ROUTE         3     0.761      R9C19C.F1 to      R9C20C.C0 system/core/engine/fault_redirectdup
CTOF_DEL    ---     0.495      R9C20C.C0 to      R9C20C.F0 system/core/engine/seq/SLICE_400
ROUTE         9     1.205      R9C20C.F0 to      R9C16B.D0 system/core/engine/seq/next_address_5_sqmuxa
CTOF_DEL    ---     0.495      R9C16B.D0 to      R9C16B.F0 system/core/SLICE_397
ROUTE         1     1.705      R9C16B.F0 to      R7C21B.C1 system/core/engine/seq/dispatch_address_m[8]
CTOF_DEL    ---     0.495      R7C21B.C1 to      R7C21B.F1 system/core/engine/seq/SLICE_377
ROUTE         1     0.626      R7C21B.F1 to      R7C21B.D0 system/core/engine/seq/next_address_2_iv_1[8]
CTOF_DEL    ---     0.495      R7C21B.D0 to      R7C21B.F0 system/core/engine/seq/SLICE_377
ROUTE         1     1.023      R7C21B.F0 to      R7C19B.B0 system/core/engine/seq/next_address_2_iv_3[8]
CTOF_DEL    ---     0.495      R7C19B.B0 to      R7C19B.F0 system/core/engine/seq/SLICE_256
ROUTE         5     2.380      R7C19B.F0 to EBR_R6C7.ADA11 system/core/engine/next_address[8] (to clk_c)
                  --------
                   18.973   (26.8% logic, 73.2% route), 9 logic levels.

Unconstrained Preference:
   INPUT_SETUP PORT "reset" CLKPORT "clk" 

Report:   18.893ns delay reset to system/core/engine/rom/lane_0 (18.919ns delay and -0.026ns setup)

   Name    Fanout   Delay (ns)          Site               Resource
PADI_DEL    ---     1.132          4.PAD to        4.PADDI reset
ROUTE       250     3.777        4.PADDI to      R9C13A.D1 reset_c
CTOF_DEL    ---     0.495      R9C13A.D1 to      R9C13A.F1 system/SLICE_299
ROUTE         3     1.430      R9C13A.F1 to      R9C17B.A1 system/writing_RNIPF6JP
CTOF_DEL    ---     0.495      R9C17B.A1 to      R9C17B.F1 system/SLICE_348
ROUTE         7     0.974      R9C17B.F1 to      R9C19C.D1 system/core/engine/retirec_1
CTOF_DEL    ---     0.495      R9C19C.D1 to      R9C19C.F1 system/core/engine/SLICE_373
ROUTE         3     0.761      R9C19C.F1 to      R9C20C.C0 system/core/engine/fault_redirectdup
CTOF_DEL    ---     0.495      R9C20C.C0 to      R9C20C.F0 system/core/engine/seq/SLICE_400
ROUTE         9     1.377      R9C20C.F0 to      R9C17C.B0 system/core/engine/seq/next_address_5_sqmuxa
CTOF_DEL    ---     0.495      R9C17C.B0 to      R9C17C.F0 system/core/SLICE_399
ROUTE         1     1.001      R9C17C.F0 to      R8C17D.B0 system/core/engine/seq/dispatch_address_i_m_4[1]
CTOF_DEL    ---     0.495      R8C17D.B0 to      R8C17D.F0 system/core/SLICE_394
ROUTE         1     0.626      R8C17D.F0 to      R8C17A.D0 system/core/engine/seq/next_address_2_iv_2[1]
CTOF_DEL    ---     0.495      R8C17A.D0 to      R8C17A.F0 system/core/engine/seq/SLICE_387
ROUTE         1     0.958      R8C17A.F0 to     R10C18D.D0 system/core/engine/seq/next_address_2_iv_5[1]
CTOF_DEL    ---     0.495     R10C18D.D0 to     R10C18D.F0 system/core/engine/seq/SLICE_383
ROUTE         1     1.157     R10C18D.F0 to      R7C19A.D1 system/core/engine/seq/next_address_2_iv_9[1]
CTOF_DEL    ---     0.495      R7C19A.D1 to      R7C19A.F1 system/core/engine/seq/SLICE_252
ROUTE         5     1.271      R7C19A.F1 to EBR_R6C17.ADA4 system/core/engine/next_address_2_iv_i[1] (to clk_c)
                  --------
                   18.919   (29.5% logic, 70.5% route), 10 logic levels.

Unconstrained Preference:
   INPUT_SETUP PORT "reset" CLKPORT "clk" 

Report:   18.857ns delay reset to system/sequential.memory/transport/SLICE_236 (18.691ns delay and 0.166ns setup)

   Name    Fanout   Delay (ns)          Site               Resource
PADI_DEL    ---     1.132          4.PAD to        4.PADDI reset
ROUTE       250     3.777        4.PADDI to      R9C13A.D1 reset_c
CTOF_DEL    ---     0.495      R9C13A.D1 to      R9C13A.F1 system/SLICE_299
ROUTE         3     0.640      R9C13A.F1 to      R8C13C.D1 system/writing_RNIPF6JP
CTOF_DEL    ---     0.495      R8C13C.D1 to      R8C13C.F1 system/SLICE_350
ROUTE         8     1.221      R8C13C.F1 to      R2C15B.D1 system/requestdup
CTOF_DEL    ---     0.495      R2C15B.D1 to      R2C15B.F1 system/SLICE_354
ROUTE         2     2.032      R2C15B.F1 to      R7C18C.C0 system/core/engine/writing_RNIELSJN1
CTOF_DEL    ---     0.495      R7C18C.C0 to      R7C18C.F0 system/core/engine/SLICE_295
ROUTE         7     1.530      R7C18C.F0 to      R8C12B.A0 system/stepdup
CTOF_DEL    ---     0.495      R8C12B.A0 to      R8C12B.F0 system/SLICE_361
ROUTE         2     0.445      R8C12B.F0 to      R8C12A.C0 system/sequential.memory/launch_i_o2dup
CTOF_DEL    ---     0.495      R8C12A.C0 to      R8C12A.F0 system/sequential.memory/transport/SLICE_297
ROUTE         4     1.321      R8C12A.F0 to     R10C11D.A1 system/sequential.memory/transport/request_seen15dup
CTOF_DEL    ---     0.495     R10C11D.A1 to     R10C11D.F1 system/sequential.memory/transport/SLICE_533
ROUTE         3     0.640     R10C11D.F1 to     R10C12D.D0 system/sequential.memory/transport/spi_cs_n_0_sqmuxa_i_o3dup
CTOF_DEL    ---     0.495     R10C12D.D0 to     R10C12D.F0 system/sequential.memory/SLICE_332
ROUTE         1     1.498     R10C12D.F0 to      R10C7C.A0 system/sequential.memory/transport/state_srsts_0_a3_1_2[14]
CTOF_DEL    ---     0.495      R10C7C.A0 to      R10C7C.F0 system/sequential.memory/transport/SLICE_236
ROUTE         1     0.000      R10C7C.F0 to     R10C7C.DI0 system/sequential.memory/transport/N_93s (to clk_c)
                  --------
                   18.691   (29.9% logic, 70.1% route), 10 logic levels.

Unconstrained Preference:
   INPUT_SETUP PORT "reset" CLKPORT "clk" 

Report:   18.681ns delay reset to system/core/engine/rom/lane_2 (18.707ns delay and -0.026ns setup)

   Name    Fanout   Delay (ns)          Site               Resource
PADI_DEL    ---     1.132          4.PAD to        4.PADDI reset
ROUTE       250     3.777        4.PADDI to      R9C13A.D1 reset_c
CTOF_DEL    ---     0.495      R9C13A.D1 to      R9C13A.F1 system/SLICE_299
ROUTE         3     1.430      R9C13A.F1 to      R9C17B.A1 system/writing_RNIPF6JP
CTOF_DEL    ---     0.495      R9C17B.A1 to      R9C17B.F1 system/SLICE_348
ROUTE         7     0.767      R9C17B.F1 to     R10C17D.C1 system/core/engine/retirec_1
CTOOFX_DEL  ---     0.721     R10C17D.C1 to   R10C17D.OFX0 system/core/engine/seq/predicates_pmux_6/SLICE_258
ROUTE         1     0.626   R10C17D.OFX0 to     R10C17A.D1 system/core/engine/seq/N_74
CTOF_DEL    ---     0.495     R10C17A.D1 to     R10C17A.F1 system/core/engine/seq/SLICE_382
ROUTE         2     0.635     R10C17A.F1 to     R10C17C.D1 system/core/engine/seq/condition
CTOF_DEL    ---     0.495     R10C17C.D1 to     R10C17C.F1 system/core/engine/seq/SLICE_366
ROUTE         2     1.392     R10C17C.F1 to      R8C20A.D0 system/core/engine/seq/un1_next_address78_1[0]
CTOF_DEL    ---     0.495      R8C20A.D0 to      R8C20A.F0 system/core/engine/seq/SLICE_510
ROUTE         9     1.415      R8C20A.F0 to      R7C21D.A0 system/core/engine/seq/next_address_2_sqmuxa
CTOF_DEL    ---     0.495      R7C21D.A0 to      R7C21D.F0 system/core/engine/seq/SLICE_380
ROUTE         1     1.079      R7C21D.F0 to      R7C19B.C1 system/core/engine/seq/next_address_2_iv_2[9]
CTOF_DEL    ---     0.495      R7C19B.C1 to      R7C19B.F1 system/core/engine/seq/SLICE_256
ROUTE         5     2.268      R7C19B.F1 to *R_R6C10.ADA12 system/core/engine/next_address[9] (to clk_c)
                  --------
                   18.707   (28.4% logic, 71.6% route), 9 logic levels.

Unconstrained Preference:
   INPUT_SETUP PORT "reset" CLKPORT "clk" 

Report:   18.617ns delay reset to system/core/engine/rom/lane_2 (18.643ns delay and -0.026ns setup)

   Name    Fanout   Delay (ns)          Site               Resource
PADI_DEL    ---     1.132          4.PAD to        4.PADDI reset
ROUTE       250     3.777        4.PADDI to      R9C13A.D1 reset_c
CTOF_DEL    ---     0.495      R9C13A.D1 to      R9C13A.F1 system/SLICE_299
ROUTE         3     1.430      R9C13A.F1 to      R9C17B.A1 system/writing_RNIPF6JP
CTOF_DEL    ---     0.495      R9C17B.A1 to      R9C17B.F1 system/SLICE_348
ROUTE         7     0.974      R9C17B.F1 to      R9C19C.D1 system/core/engine/retirec_1
CTOF_DEL    ---     0.495      R9C19C.D1 to      R9C19C.F1 system/core/engine/SLICE_373
ROUTE         3     0.761      R9C19C.F1 to      R9C20C.C0 system/core/engine/fault_redirectdup
CTOF_DEL    ---     0.495      R9C20C.C0 to      R9C20C.F0 system/core/engine/seq/SLICE_400
ROUTE         9     1.205      R9C20C.F0 to      R9C16A.D0 system/core/engine/seq/next_address_5_sqmuxa
CTOF_DEL    ---     0.495      R9C16A.D0 to      R9C16A.F0 system/core/SLICE_396
ROUTE         1     1.705      R9C16A.F0 to      R7C21A.C1 system/core/engine/seq/dispatch_address_m[3]
CTOF_DEL    ---     0.495      R7C21A.C1 to      R7C21A.F1 system/core/engine/seq/SLICE_376
ROUTE         1     0.693      R7C21A.F1 to      R7C21A.B0 system/core/engine/seq/next_address_1_iv_3[3]
CTOF_DEL    ---     0.495      R7C21A.B0 to      R7C21A.F0 system/core/engine/seq/SLICE_376
ROUTE         1     1.299      R7C21A.F0 to      R7C18A.A1 system/core/engine/seq/next_address_1_iv_4[3]
CTOF_DEL    ---     0.495      R7C18A.A1 to      R7C18A.F1 system/core/engine/seq/SLICE_253
ROUTE         5     1.707      R7C18A.F1 to EBR_R6C10.ADA6 system/core/engine/next_address[3] (to clk_c)
                  --------
                   18.643   (27.3% logic, 72.7% route), 9 logic levels.

Unconstrained Preference:
   INPUT_SETUP PORT "reset" CLKPORT "clk" 

Report:   18.549ns delay reset to system/core/engine/rom/lane_1 (18.575ns delay and -0.026ns setup)

   Name    Fanout   Delay (ns)          Site               Resource
PADI_DEL    ---     1.132          4.PAD to        4.PADDI reset
ROUTE       250     3.777        4.PADDI to      R9C13A.D1 reset_c
CTOF_DEL    ---     0.495      R9C13A.D1 to      R9C13A.F1 system/SLICE_299
ROUTE         3     1.430      R9C13A.F1 to      R9C17B.A1 system/writing_RNIPF6JP
CTOF_DEL    ---     0.495      R9C17B.A1 to      R9C17B.F1 system/SLICE_348
ROUTE         7     0.974      R9C17B.F1 to      R9C19C.D1 system/core/engine/retirec_1
CTOF_DEL    ---     0.495      R9C19C.D1 to      R9C19C.F1 system/core/engine/SLICE_373
ROUTE         3     0.761      R9C19C.F1 to      R9C20C.C0 system/core/engine/fault_redirectdup
CTOF_DEL    ---     0.495      R9C20C.C0 to      R9C20C.F0 system/core/engine/seq/SLICE_400
ROUTE         9     1.205      R9C20C.F0 to      R9C16A.D0 system/core/engine/seq/next_address_5_sqmuxa
CTOF_DEL    ---     0.495      R9C16A.D0 to      R9C16A.F0 system/core/SLICE_396
ROUTE         1     1.705      R9C16A.F0 to      R7C21A.C1 system/core/engine/seq/dispatch_address_m[3]
CTOF_DEL    ---     0.495      R7C21A.C1 to      R7C21A.F1 system/core/engine/seq/SLICE_376
ROUTE         1     0.693      R7C21A.F1 to      R7C21A.B0 system/core/engine/seq/next_address_1_iv_3[3]
CTOF_DEL    ---     0.495      R7C21A.B0 to      R7C21A.F0 system/core/engine/seq/SLICE_376
ROUTE         1     1.299      R7C21A.F0 to      R7C18A.A1 system/core/engine/seq/next_address_1_iv_4[3]
CTOF_DEL    ---     0.495      R7C18A.A1 to      R7C18A.F1 system/core/engine/seq/SLICE_253
ROUTE         5     1.639      R7C18A.F1 to EBR_R6C14.ADA6 system/core/engine/next_address[3] (to clk_c)
                  --------
                   18.575   (27.4% logic, 72.6% route), 9 logic levels.

Unconstrained Preference:
   INPUT_SETUP PORT "reset" CLKPORT "clk" 

Report:   18.527ns delay reset to system/core/engine/rom/lane_1 (18.553ns delay and -0.026ns setup)

   Name    Fanout   Delay (ns)          Site               Resource
PADI_DEL    ---     1.132          4.PAD to        4.PADDI reset
ROUTE       250     3.777        4.PADDI to      R9C13A.D1 reset_c
CTOF_DEL    ---     0.495      R9C13A.D1 to      R9C13A.F1 system/SLICE_299
ROUTE         3     1.430      R9C13A.F1 to      R9C17B.A1 system/writing_RNIPF6JP
CTOF_DEL    ---     0.495      R9C17B.A1 to      R9C17B.F1 system/SLICE_348
ROUTE         7     0.974      R9C17B.F1 to      R9C19B.D1 system/core/engine/retirec_1
CTOF_DEL    ---     0.495      R9C19B.D1 to      R9C19B.F1 system/core/engine/seq/SLICE_367
ROUTE        10     0.670      R9C19B.F1 to      R9C18B.D0 system/core/engine/seq/fetch_address_m_2
CTOF_DEL    ---     0.495      R9C18B.D0 to      R9C18B.F0 system/core/engine/seq/SLICE_540
ROUTE         3     0.753      R9C18B.F0 to     R10C18B.C0 system/core/engine/seq/next_address_7_sqmuxa_5
CTOF_DEL    ---     0.495     R10C18B.C0 to     R10C18B.F0 system/core/engine/SLICE_368
ROUTE         2     1.051     R10C18B.F0 to      R8C18B.D1 system/core/engine/seq/next_address_9_sqmuxa
CTOF_DEL    ---     0.495      R8C18B.D1 to      R8C18B.F1 system/core/engine/seq/SLICE_369
ROUTE         1     0.623      R8C18B.F1 to      R8C19B.D1 system/core/engine/seq/next_address_0_iv_8_1[0]
CTOF_DEL    ---     0.495      R8C19B.D1 to      R8C19B.F1 system/core/engine/seq/SLICE_306
ROUTE         1     1.023      R8C19B.F1 to      R8C21C.B0 system/core/engine/seq/next_address_0_iv_8[0]
CTOF_DEL    ---     0.495      R8C21C.B0 to      R8C21C.F0 system/core/engine/seq/SLICE_375
ROUTE         1     0.958      R8C21C.F0 to      R7C19A.D0 system/core/engine/seq/next_address_0_iv_10[0]
CTOF_DEL    ---     0.495      R7C19A.D0 to      R7C19A.F0 system/core/engine/seq/SLICE_252
ROUTE         5     1.707      R7C19A.F0 to EBR_R6C14.ADA3 system/core/engine/next_address_0_iv_i[0] (to clk_c)
                  --------
                   18.553   (30.1% logic, 69.9% route), 10 logic levels.

Unconstrained Preference:
   INPUT_SETUP PORT "reset" CLKPORT "clk" 

Report:   18.427ns delay reset to system/core/engine/rom/lane_2 (18.453ns delay and -0.026ns setup)

   Name    Fanout   Delay (ns)          Site               Resource
PADI_DEL    ---     1.132          4.PAD to        4.PADDI reset
ROUTE       250     3.777        4.PADDI to      R9C13A.D1 reset_c
CTOF_DEL    ---     0.495      R9C13A.D1 to      R9C13A.F1 system/SLICE_299
ROUTE         3     1.430      R9C13A.F1 to      R9C17B.A1 system/writing_RNIPF6JP
CTOF_DEL    ---     0.495      R9C17B.A1 to      R9C17B.F1 system/SLICE_348
ROUTE         7     0.974      R9C17B.F1 to      R9C19C.D1 system/core/engine/retirec_1
CTOF_DEL    ---     0.495      R9C19C.D1 to      R9C19C.F1 system/core/engine/SLICE_373
ROUTE         3     0.761      R9C19C.F1 to      R9C20C.C0 system/core/engine/fault_redirectdup
CTOF_DEL    ---     0.495      R9C20C.C0 to      R9C20C.F0 system/core/engine/seq/SLICE_400
ROUTE         9     1.205      R9C20C.F0 to      R9C16B.D0 system/core/engine/seq/next_address_5_sqmuxa
CTOF_DEL    ---     0.495      R9C16B.D0 to      R9C16B.F0 system/core/SLICE_397
ROUTE         1     1.705      R9C16B.F0 to      R7C21B.C1 system/core/engine/seq/dispatch_address_m[8]
CTOF_DEL    ---     0.495      R7C21B.C1 to      R7C21B.F1 system/core/engine/seq/SLICE_377
ROUTE         1     0.626      R7C21B.F1 to      R7C21B.D0 system/core/engine/seq/next_address_2_iv_1[8]
CTOF_DEL    ---     0.495      R7C21B.D0 to      R7C21B.F0 system/core/engine/seq/SLICE_377
ROUTE         1     1.023      R7C21B.F0 to      R7C19B.B0 system/core/engine/seq/next_address_2_iv_3[8]
CTOF_DEL    ---     0.495      R7C19B.B0 to      R7C19B.F0 system/core/engine/seq/SLICE_256
ROUTE         5     1.860      R7C19B.F0 to *R_R6C10.ADA11 system/core/engine/next_address[8] (to clk_c)
                  --------
                   18.453   (27.6% logic, 72.4% route), 9 logic levels.

Unconstrained Preference:
   INPUT_SETUP PORT "reset" CLKPORT "clk" 

Report:   18.422ns delay reset to system/core/engine/rom/lane_3 (18.448ns delay and -0.026ns setup)

   Name    Fanout   Delay (ns)          Site               Resource
PADI_DEL    ---     1.132          4.PAD to        4.PADDI reset
ROUTE       250     3.777        4.PADDI to      R9C13A.D1 reset_c
CTOF_DEL    ---     0.495      R9C13A.D1 to      R9C13A.F1 system/SLICE_299
ROUTE         3     1.430      R9C13A.F1 to      R9C17B.A1 system/writing_RNIPF6JP
CTOF_DEL    ---     0.495      R9C17B.A1 to      R9C17B.F1 system/SLICE_348
ROUTE         7     0.767      R9C17B.F1 to     R10C17D.C1 system/core/engine/retirec_1
CTOOFX_DEL  ---     0.721     R10C17D.C1 to   R10C17D.OFX0 system/core/engine/seq/predicates_pmux_6/SLICE_258
ROUTE         1     0.626   R10C17D.OFX0 to     R10C17A.D1 system/core/engine/seq/N_74
CTOF_DEL    ---     0.495     R10C17A.D1 to     R10C17A.F1 system/core/engine/seq/SLICE_382
ROUTE         2     0.635     R10C17A.F1 to     R10C17C.D1 system/core/engine/seq/condition
CTOF_DEL    ---     0.495     R10C17C.D1 to     R10C17C.F1 system/core/engine/seq/SLICE_366
ROUTE         2     1.392     R10C17C.F1 to      R8C20A.D0 system/core/engine/seq/un1_next_address78_1[0]
CTOF_DEL    ---     0.495      R8C20A.D0 to      R8C20A.F0 system/core/engine/seq/SLICE_510
ROUTE         9     1.003      R8C20A.F0 to      R7C20A.A0 system/core/engine/seq/next_address_2_sqmuxa
CTOF_DEL    ---     0.495      R7C20A.A0 to      R7C20A.F0 system/core/engine/seq/SLICE_374
ROUTE         1     0.766      R7C20A.F0 to      R7C19C.C0 system/core/engine/seq/next_address_1_iv_5[4]
CTOF_DEL    ---     0.495      R7C19C.C0 to      R7C19C.F0 system/core/engine/seq/SLICE_254
ROUTE         5     2.734      R7C19C.F0 to  EBR_R6C7.ADA7 system/core/engine/next_address_1_iv_i[4] (to clk_c)
                  --------
                   18.448   (28.8% logic, 71.2% route), 9 logic levels.

Unconstrained Preference:
   INPUT_SETUP PORT "reset" CLKPORT "clk" 

Report:   18.334ns delay reset to system/core/engine/rom/lane_1 (18.360ns delay and -0.026ns setup)

   Name    Fanout   Delay (ns)          Site               Resource
PADI_DEL    ---     1.132          4.PAD to        4.PADDI reset
ROUTE       250     3.777        4.PADDI to      R9C13A.D1 reset_c
CTOF_DEL    ---     0.495      R9C13A.D1 to      R9C13A.F1 system/SLICE_299
ROUTE         3     1.430      R9C13A.F1 to      R9C17B.A1 system/writing_RNIPF6JP
CTOF_DEL    ---     0.495      R9C17B.A1 to      R9C17B.F1 system/SLICE_348
ROUTE         7     0.767      R9C17B.F1 to     R10C17D.C1 system/core/engine/retirec_1
CTOOFX_DEL  ---     0.721     R10C17D.C1 to   R10C17D.OFX0 system/core/engine/seq/predicates_pmux_6/SLICE_258
ROUTE         1     0.626   R10C17D.OFX0 to     R10C17A.D1 system/core/engine/seq/N_74
CTOF_DEL    ---     0.495     R10C17A.D1 to     R10C17A.F1 system/core/engine/seq/SLICE_382
ROUTE         2     0.635     R10C17A.F1 to     R10C17C.D1 system/core/engine/seq/condition
CTOF_DEL    ---     0.495     R10C17C.D1 to     R10C17C.F1 system/core/engine/seq/SLICE_366
ROUTE         2     1.392     R10C17C.F1 to      R8C20A.D0 system/core/engine/seq/un1_next_address78_1[0]
CTOF_DEL    ---     0.495      R8C20A.D0 to      R8C20A.F0 system/core/engine/seq/SLICE_510
ROUTE         9     0.681      R8C20A.F0 to      R8C20C.A0 system/core/engine/seq/next_address_2_sqmuxa
CTOF_DEL    ---     0.495      R8C20C.A0 to      R8C20C.F0 system/core/engine/seq/SLICE_378
ROUTE         1     1.400      R8C20C.F0 to      R7C19D.B1 system/core/engine/seq/next_address_1_iv_4[7]
CTOF_DEL    ---     0.495      R7C19D.B1 to      R7C19D.F1 system/core/engine/seq/SLICE_255
ROUTE         5     2.334      R7C19D.F1 to *R_R6C14.ADA10 system/core/engine/next_address[7] (to clk_c)
                  --------
                   18.360   (29.0% logic, 71.0% route), 9 logic levels.

Unconstrained Preference:
   INPUT_SETUP PORT "reset" CLKPORT "clk" 

Report:   18.294ns delay reset to system/core/engine/rom/lane_1 (18.320ns delay and -0.026ns setup)

   Name    Fanout   Delay (ns)          Site               Resource
PADI_DEL    ---     1.132          4.PAD to        4.PADDI reset
ROUTE       250     3.777        4.PADDI to      R9C13A.D1 reset_c
CTOF_DEL    ---     0.495      R9C13A.D1 to      R9C13A.F1 system/SLICE_299
ROUTE         3     1.430      R9C13A.F1 to      R9C17B.A1 system/writing_RNIPF6JP
CTOF_DEL    ---     0.495      R9C17B.A1 to      R9C17B.F1 system/SLICE_348
ROUTE         7     0.974      R9C17B.F1 to      R9C19C.D1 system/core/engine/retirec_1
CTOF_DEL    ---     0.495      R9C19C.D1 to      R9C19C.F1 system/core/engine/SLICE_373
ROUTE         3     0.761      R9C19C.F1 to      R9C20C.C0 system/core/engine/fault_redirectdup
CTOF_DEL    ---     0.495      R9C20C.C0 to      R9C20C.F0 system/core/engine/seq/SLICE_400
ROUTE         9     1.205      R9C20C.F0 to      R9C16B.D0 system/core/engine/seq/next_address_5_sqmuxa
CTOF_DEL    ---     0.495      R9C16B.D0 to      R9C16B.F0 system/core/SLICE_397
ROUTE         1     1.705      R9C16B.F0 to      R7C21B.C1 system/core/engine/seq/dispatch_address_m[8]
CTOF_DEL    ---     0.495      R7C21B.C1 to      R7C21B.F1 system/core/engine/seq/SLICE_377
ROUTE         1     0.626      R7C21B.F1 to      R7C21B.D0 system/core/engine/seq/next_address_2_iv_1[8]
CTOF_DEL    ---     0.495      R7C21B.D0 to      R7C21B.F0 system/core/engine/seq/SLICE_377
ROUTE         1     1.023      R7C21B.F0 to      R7C19B.B0 system/core/engine/seq/next_address_2_iv_3[8]
CTOF_DEL    ---     0.495      R7C19B.B0 to      R7C19B.F0 system/core/engine/seq/SLICE_256
ROUTE         5     1.727      R7C19B.F0 to *R_R6C14.ADA11 system/core/engine/next_address[8] (to clk_c)
                  --------
                   18.320   (27.8% logic, 72.2% route), 9 logic levels.

Unconstrained Preference:
   INPUT_SETUP PORT "reset" CLKPORT "clk" 

Report:   18.256ns delay reset to system/sequential.memory/transport/SLICE_57 (17.974ns delay and 0.282ns setup)

   Name    Fanout   Delay (ns)          Site               Resource
PADI_DEL    ---     1.132          4.PAD to        4.PADDI reset
ROUTE       250     3.777        4.PADDI to      R9C13A.D1 reset_c
CTOF_DEL    ---     0.495      R9C13A.D1 to      R9C13A.F1 system/SLICE_299
ROUTE         3     0.640      R9C13A.F1 to      R8C13C.D1 system/writing_RNIPF6JP
CTOF_DEL    ---     0.495      R8C13C.D1 to      R8C13C.F1 system/SLICE_350
ROUTE         8     1.221      R8C13C.F1 to      R2C15B.D1 system/requestdup
CTOF_DEL    ---     0.495      R2C15B.D1 to      R2C15B.F1 system/SLICE_354
ROUTE         2     2.032      R2C15B.F1 to      R7C18C.C0 system/core/engine/writing_RNIELSJN1
CTOF_DEL    ---     0.495      R7C18C.C0 to      R7C18C.F0 system/core/engine/SLICE_295
ROUTE         7     1.530      R7C18C.F0 to      R8C12B.A0 system/stepdup
CTOF_DEL    ---     0.495      R8C12B.A0 to      R8C12B.F0 system/SLICE_361
ROUTE         2     0.445      R8C12B.F0 to      R8C12A.C0 system/sequential.memory/launch_i_o2dup
CTOF_DEL    ---     0.495      R8C12A.C0 to      R8C12A.F0 system/sequential.memory/transport/SLICE_297
ROUTE         4     1.321      R8C12A.F0 to     R10C11D.A1 system/sequential.memory/transport/request_seen15dup
CTOF_DEL    ---     0.495     R10C11D.A1 to     R10C11D.F1 system/sequential.memory/transport/SLICE_533
ROUTE         3     0.332     R10C11D.F1 to     R10C11C.D1 system/sequential.memory/transport/spi_cs_n_0_sqmuxa_i_o3dup
CTOF_DEL    ---     0.495     R10C11C.D1 to     R10C11C.F1 system/sequential.memory/transport/SLICE_331
ROUTE         1     0.436     R10C11C.F1 to     R10C11C.C0 system/sequential.memory/transport/N_234
CTOF_DEL    ---     0.495     R10C11C.C0 to     R10C11C.F0 system/sequential.memory/transport/SLICE_331
ROUTE         1     0.653     R10C11C.F0 to     R10C11A.CE system/sequential.memory/transport/un1_spi_active_3_0 (to clk_c)
                  --------
                   17.974   (31.1% logic, 68.9% route), 10 logic levels.

Unconstrained Preference:
   INPUT_SETUP PORT "reset" CLKPORT "clk" 

Report:   18.220ns delay reset to system/core/engine/rom/lane_1 (18.246ns delay and -0.026ns setup)

   Name    Fanout   Delay (ns)          Site               Resource
PADI_DEL    ---     1.132          4.PAD to        4.PADDI reset
ROUTE       250     3.777        4.PADDI to      R9C13A.D1 reset_c
CTOF_DEL    ---     0.495      R9C13A.D1 to      R9C13A.F1 system/SLICE_299
ROUTE         3     1.430      R9C13A.F1 to      R9C17B.A1 system/writing_RNIPF6JP
CTOF_DEL    ---     0.495      R9C17B.A1 to      R9C17B.F1 system/SLICE_348
ROUTE         7     0.767      R9C17B.F1 to     R10C17D.C1 system/core/engine/retirec_1
CTOOFX_DEL  ---     0.721     R10C17D.C1 to   R10C17D.OFX0 system/core/engine/seq/predicates_pmux_6/SLICE_258
ROUTE         1     0.626   R10C17D.OFX0 to     R10C17A.D1 system/core/engine/seq/N_74
CTOF_DEL    ---     0.495     R10C17A.D1 to     R10C17A.F1 system/core/engine/seq/SLICE_382
ROUTE         2     0.702     R10C17A.F1 to     R10C17A.B0 system/core/engine/seq/condition
CTOF_DEL    ---     0.495     R10C17A.B0 to     R10C17A.F0 system/core/engine/seq/SLICE_382
ROUTE         1     1.079     R10C17A.F0 to      R9C19C.C0 system/core/engine/seq/next_address_0_sqmuxa_3
CTOF_DEL    ---     0.495      R9C19C.C0 to      R9C19C.F0 system/core/engine/SLICE_373
ROUTE        10     1.513      R9C19C.F0 to      R7C18B.D0 system/core/engine/seq/next_address_1_sqmuxa_5
CTOF_DEL    ---     0.495      R7C18B.D0 to      R7C18B.F0 system/core/engine/seq/SLICE_371
ROUTE         1     0.436      R7C18B.F0 to      R7C18A.C0 system/core/engine/seq/uword_m[13]
CTOF_DEL    ---     0.495      R7C18A.C0 to      R7C18A.F0 system/core/engine/seq/SLICE_253
ROUTE         5     2.598      R7C18A.F0 to EBR_R6C14.ADA5 system/core/engine/next_address[2] (to clk_c)
                  --------
                   18.246   (29.1% logic, 70.9% route), 9 logic levels.

Unconstrained Preference:
   INPUT_SETUP PORT "reset" CLKPORT "clk" 

Report:   18.179ns delay reset to system/core/engine/rom/lane_3 (18.205ns delay and -0.026ns setup)

   Name    Fanout   Delay (ns)          Site               Resource
PADI_DEL    ---     1.132          4.PAD to        4.PADDI reset
ROUTE       250     3.777        4.PADDI to      R9C13A.D1 reset_c
CTOF_DEL    ---     0.495      R9C13A.D1 to      R9C13A.F1 system/SLICE_299
ROUTE         3     1.430      R9C13A.F1 to      R9C17B.A1 system/writing_RNIPF6JP
CTOF_DEL    ---     0.495      R9C17B.A1 to      R9C17B.F1 system/SLICE_348
ROUTE         7     0.767      R9C17B.F1 to     R10C17D.C1 system/core/engine/retirec_1
CTOOFX_DEL  ---     0.721     R10C17D.C1 to   R10C17D.OFX0 system/core/engine/seq/predicates_pmux_6/SLICE_258
ROUTE         1     0.626   R10C17D.OFX0 to     R10C17A.D1 system/core/engine/seq/N_74
CTOF_DEL    ---     0.495     R10C17A.D1 to     R10C17A.F1 system/core/engine/seq/SLICE_382
ROUTE         2     0.635     R10C17A.F1 to     R10C17C.D1 system/core/engine/seq/condition
CTOF_DEL    ---     0.495     R10C17C.D1 to     R10C17C.F1 system/core/engine/seq/SLICE_366
ROUTE         2     1.392     R10C17C.F1 to      R8C20A.D0 system/core/engine/seq/un1_next_address78_1[0]
CTOF_DEL    ---     0.495      R8C20A.D0 to      R8C20A.F0 system/core/engine/seq/SLICE_510
ROUTE         9     1.040      R8C20A.F0 to      R7C20B.B0 system/core/engine/seq/next_address_2_sqmuxa
CTOF_DEL    ---     0.495      R7C20B.B0 to      R7C20B.F0 system/core/engine/seq/SLICE_381
ROUTE         1     0.964      R7C20B.F0 to      R7C19D.A0 system/core/engine/seq/next_address_1_iv_4[6]
CTOF_DEL    ---     0.495      R7C19D.A0 to      R7C19D.F0 system/core/engine/seq/SLICE_255
ROUTE         5     2.256      R7C19D.F0 to  EBR_R6C7.ADA9 system/core/engine/next_address[6] (to clk_c)
                  --------
                   18.205   (29.2% logic, 70.8% route), 9 logic levels.

Unconstrained Preference:
   INPUT_SETUP PORT "reset" CLKPORT "clk" 

Report:   18.179ns delay reset to system/core/engine/rom/lane_2 (18.205ns delay and -0.026ns setup)

   Name    Fanout   Delay (ns)          Site               Resource
PADI_DEL    ---     1.132          4.PAD to        4.PADDI reset
ROUTE       250     3.777        4.PADDI to      R9C13A.D1 reset_c
CTOF_DEL    ---     0.495      R9C13A.D1 to      R9C13A.F1 system/SLICE_299
ROUTE         3     1.430      R9C13A.F1 to      R9C17B.A1 system/writing_RNIPF6JP
CTOF_DEL    ---     0.495      R9C17B.A1 to      R9C17B.F1 system/SLICE_348
ROUTE         7     0.767      R9C17B.F1 to     R10C17D.C1 system/core/engine/retirec_1
CTOOFX_DEL  ---     0.721     R10C17D.C1 to   R10C17D.OFX0 system/core/engine/seq/predicates_pmux_6/SLICE_258
ROUTE         1     0.626   R10C17D.OFX0 to     R10C17A.D1 system/core/engine/seq/N_74
CTOF_DEL    ---     0.495     R10C17A.D1 to     R10C17A.F1 system/core/engine/seq/SLICE_382
ROUTE         2     0.635     R10C17A.F1 to     R10C17C.D1 system/core/engine/seq/condition
CTOF_DEL    ---     0.495     R10C17C.D1 to     R10C17C.F1 system/core/engine/seq/SLICE_366
ROUTE         2     1.392     R10C17C.F1 to      R8C20A.D0 system/core/engine/seq/un1_next_address78_1[0]
CTOF_DEL    ---     0.495      R8C20A.D0 to      R8C20A.F0 system/core/engine/seq/SLICE_510
ROUTE         9     1.040      R8C20A.F0 to      R7C20B.B0 system/core/engine/seq/next_address_2_sqmuxa
CTOF_DEL    ---     0.495      R7C20B.B0 to      R7C20B.F0 system/core/engine/seq/SLICE_381
ROUTE         1     0.964      R7C20B.F0 to      R7C19D.A0 system/core/engine/seq/next_address_1_iv_4[6]
CTOF_DEL    ---     0.495      R7C19D.A0 to      R7C19D.F0 system/core/engine/seq/SLICE_255
ROUTE         5     2.256      R7C19D.F0 to EBR_R6C10.ADA9 system/core/engine/next_address[6] (to clk_c)
                  --------
                   18.205   (29.2% logic, 70.8% route), 9 logic levels.

Unconstrained Preference:
   INPUT_SETUP PORT "reset" CLKPORT "clk" 

Report:   18.159ns delay reset to system/sequential.memory/transport/SLICE_57 (17.993ns delay and 0.166ns setup)

   Name    Fanout   Delay (ns)          Site               Resource
PADI_DEL    ---     1.132          4.PAD to        4.PADDI reset
ROUTE       250     3.777        4.PADDI to      R9C13A.D1 reset_c
CTOF_DEL    ---     0.495      R9C13A.D1 to      R9C13A.F1 system/SLICE_299
ROUTE         3     0.640      R9C13A.F1 to      R8C13C.D1 system/writing_RNIPF6JP
CTOF_DEL    ---     0.495      R8C13C.D1 to      R8C13C.F1 system/SLICE_350
ROUTE         8     1.221      R8C13C.F1 to      R2C15B.D1 system/requestdup
CTOF_DEL    ---     0.495      R2C15B.D1 to      R2C15B.F1 system/SLICE_354
ROUTE         2     2.032      R2C15B.F1 to      R7C18C.C0 system/core/engine/writing_RNIELSJN1
CTOF_DEL    ---     0.495      R7C18C.C0 to      R7C18C.F0 system/core/engine/SLICE_295
ROUTE         7     1.530      R7C18C.F0 to      R8C12B.A0 system/stepdup
CTOF_DEL    ---     0.495      R8C12B.A0 to      R8C12B.F0 system/SLICE_361
ROUTE         2     0.445      R8C12B.F0 to      R8C12A.C0 system/sequential.memory/launch_i_o2dup
CTOF_DEL    ---     0.495      R8C12A.C0 to      R8C12A.F0 system/sequential.memory/transport/SLICE_297
ROUTE         4     1.321      R8C12A.F0 to     R10C11D.A0 system/sequential.memory/transport/request_seen15dup
CTOF_DEL    ---     0.495     R10C11D.A0 to     R10C11D.F0 system/sequential.memory/transport/SLICE_533
ROUTE         1     0.747     R10C11D.F0 to     R10C11A.C1 system/sequential.memory/transport/N_245
CTOF_DEL    ---     0.495     R10C11A.C1 to     R10C11A.F1 system/sequential.memory/transport/SLICE_57
ROUTE         1     0.693     R10C11A.F1 to     R10C11A.B0 system/sequential.memory/transport/spi_cs_n_8_iv_1
CTOF_DEL    ---     0.495     R10C11A.B0 to     R10C11A.F0 system/sequential.memory/transport/SLICE_57
ROUTE         1     0.000     R10C11A.F0 to    R10C11A.DI0 system/sequential.memory/transport/spi_cs_n_8 (to clk_c)
                  --------
                   17.993   (31.1% logic, 68.9% route), 10 logic levels.

Unconstrained Preference:
   INPUT_SETUP PORT "reset" CLKPORT "clk" 

Report:   18.140ns delay reset to system/core/engine/rom/lane_1 (18.166ns delay and -0.026ns setup)

   Name    Fanout   Delay (ns)          Site               Resource
PADI_DEL    ---     1.132          4.PAD to        4.PADDI reset
ROUTE       250     3.777        4.PADDI to      R9C13A.D1 reset_c
CTOF_DEL    ---     0.495      R9C13A.D1 to      R9C13A.F1 system/SLICE_299
ROUTE         3     1.430      R9C13A.F1 to      R9C17B.A1 system/writing_RNIPF6JP
CTOF_DEL    ---     0.495      R9C17B.A1 to      R9C17B.F1 system/SLICE_348
ROUTE         7     0.767      R9C17B.F1 to     R10C17D.C1 system/core/engine/retirec_1
CTOOFX_DEL  ---     0.721     R10C17D.C1 to   R10C17D.OFX0 system/core/engine/seq/predicates_pmux_6/SLICE_258
ROUTE         1     0.626   R10C17D.OFX0 to     R10C17A.D1 system/core/engine/seq/N_74
CTOF_DEL    ---     0.495     R10C17A.D1 to     R10C17A.F1 system/core/engine/seq/SLICE_382
ROUTE         2     0.635     R10C17A.F1 to     R10C17C.D1 system/core/engine/seq/condition
CTOF_DEL    ---     0.495     R10C17C.D1 to     R10C17C.F1 system/core/engine/seq/SLICE_366
ROUTE         2     1.392     R10C17C.F1 to      R8C20A.D0 system/core/engine/seq/un1_next_address78_1[0]
CTOF_DEL    ---     0.495      R8C20A.D0 to      R8C20A.F0 system/core/engine/seq/SLICE_510
ROUTE         9     1.415      R8C20A.F0 to      R7C21D.A0 system/core/engine/seq/next_address_2_sqmuxa
CTOF_DEL    ---     0.495      R7C21D.A0 to      R7C21D.F0 system/core/engine/seq/SLICE_380
ROUTE         1     1.079      R7C21D.F0 to      R7C19B.C1 system/core/engine/seq/next_address_2_iv_2[9]
CTOF_DEL    ---     0.495      R7C19B.C1 to      R7C19B.F1 system/core/engine/seq/SLICE_256
ROUTE         5     1.727      R7C19B.F1 to *R_R6C14.ADA12 system/core/engine/next_address[9] (to clk_c)
                  --------
                   18.166   (29.3% logic, 70.7% route), 9 logic levels.

Unconstrained Preference:
   INPUT_SETUP PORT "reset" CLKPORT "clk" 

Report:   18.121ns delay reset to system/core/engine/rom/lane_3 (18.147ns delay and -0.026ns setup)

   Name    Fanout   Delay (ns)          Site               Resource
PADI_DEL    ---     1.132          4.PAD to        4.PADDI reset
ROUTE       250     3.777        4.PADDI to      R9C13A.D1 reset_c
CTOF_DEL    ---     0.495      R9C13A.D1 to      R9C13A.F1 system/SLICE_299
ROUTE         3     1.430      R9C13A.F1 to      R9C17B.A1 system/writing_RNIPF6JP
CTOF_DEL    ---     0.495      R9C17B.A1 to      R9C17B.F1 system/SLICE_348
ROUTE         7     0.767      R9C17B.F1 to     R10C17D.C1 system/core/engine/retirec_1
CTOOFX_DEL  ---     0.721     R10C17D.C1 to   R10C17D.OFX0 system/core/engine/seq/predicates_pmux_6/SLICE_258
ROUTE         1     0.626   R10C17D.OFX0 to     R10C17A.D1 system/core/engine/seq/N_74
CTOF_DEL    ---     0.495     R10C17A.D1 to     R10C17A.F1 system/core/engine/seq/SLICE_382
ROUTE         2     0.635     R10C17A.F1 to     R10C17C.D1 system/core/engine/seq/condition
CTOF_DEL    ---     0.495     R10C17C.D1 to     R10C17C.F1 system/core/engine/seq/SLICE_366
ROUTE         2     1.392     R10C17C.F1 to      R8C20A.D0 system/core/engine/seq/un1_next_address78_1[0]
CTOF_DEL    ---     0.495      R8C20A.D0 to      R8C20A.F0 system/core/engine/seq/SLICE_510
ROUTE         9     1.003      R8C20A.F0 to      R7C20C.A0 system/core/engine/seq/next_address_2_sqmuxa
CTOF_DEL    ---     0.495      R7C20C.A0 to      R7C20C.F0 system/core/engine/seq/SLICE_379
ROUTE         1     0.986      R7C20C.F0 to      R7C19C.A1 system/core/engine/seq/next_address_1_iv_5[5]
CTOF_DEL    ---     0.495      R7C19C.A1 to      R7C19C.F1 system/core/engine/seq/SLICE_254
ROUTE         5     2.213      R7C19C.F1 to  EBR_R6C7.ADA8 system/core/engine/next_address[5] (to clk_c)
                  --------
                   18.147   (29.3% logic, 70.7% route), 9 logic levels.

Unconstrained Preference:
   INPUT_SETUP PORT "reset" CLKPORT "clk" 

Report:   18.032ns delay reset to system/core/engine/rom/lane_0 (18.058ns delay and -0.026ns setup)

   Name    Fanout   Delay (ns)          Site               Resource
PADI_DEL    ---     1.132          4.PAD to        4.PADDI reset
ROUTE       250     3.777        4.PADDI to      R9C13A.D1 reset_c
CTOF_DEL    ---     0.495      R9C13A.D1 to      R9C13A.F1 system/SLICE_299
ROUTE         3     1.430      R9C13A.F1 to      R9C17B.A1 system/writing_RNIPF6JP
CTOF_DEL    ---     0.495      R9C17B.A1 to      R9C17B.F1 system/SLICE_348
ROUTE         7     0.974      R9C17B.F1 to      R9C19B.D1 system/core/engine/retirec_1
CTOF_DEL    ---     0.495      R9C19B.D1 to      R9C19B.F1 system/core/engine/seq/SLICE_367
ROUTE        10     0.670      R9C19B.F1 to      R9C18B.D0 system/core/engine/seq/fetch_address_m_2
CTOF_DEL    ---     0.495      R9C18B.D0 to      R9C18B.F0 system/core/engine/seq/SLICE_540
ROUTE         3     0.753      R9C18B.F0 to     R10C18B.C0 system/core/engine/seq/next_address_7_sqmuxa_5
CTOF_DEL    ---     0.495     R10C18B.C0 to     R10C18B.F0 system/core/engine/SLICE_368
ROUTE         2     1.051     R10C18B.F0 to      R8C18B.D1 system/core/engine/seq/next_address_9_sqmuxa
CTOF_DEL    ---     0.495      R8C18B.D1 to      R8C18B.F1 system/core/engine/seq/SLICE_369
ROUTE         1     0.623      R8C18B.F1 to      R8C19B.D1 system/core/engine/seq/next_address_0_iv_8_1[0]
CTOF_DEL    ---     0.495      R8C19B.D1 to      R8C19B.F1 system/core/engine/seq/SLICE_306
ROUTE         1     1.023      R8C19B.F1 to      R8C21C.B0 system/core/engine/seq/next_address_0_iv_8[0]
CTOF_DEL    ---     0.495      R8C21C.B0 to      R8C21C.F0 system/core/engine/seq/SLICE_375
ROUTE         1     0.958      R8C21C.F0 to      R7C19A.D0 system/core/engine/seq/next_address_0_iv_10[0]
CTOF_DEL    ---     0.495      R7C19A.D0 to      R7C19A.F0 system/core/engine/seq/SLICE_252
ROUTE         5     1.212      R7C19A.F0 to EBR_R6C17.ADA3 system/core/engine/next_address_0_iv_i[0] (to clk_c)
                  --------
                   18.058   (30.9% logic, 69.1% route), 10 logic levels.

Unconstrained Preference:
   INPUT_SETUP PORT "reset" CLKPORT "clk" 

Report:   18.019ns delay reset to system/core/engine/rom/lane_2 (18.045ns delay and -0.026ns setup)

   Name    Fanout   Delay (ns)          Site               Resource
PADI_DEL    ---     1.132          4.PAD to        4.PADDI reset
ROUTE       250     3.777        4.PADDI to      R9C13A.D1 reset_c
CTOF_DEL    ---     0.495      R9C13A.D1 to      R9C13A.F1 system/SLICE_299
ROUTE         3     1.430      R9C13A.F1 to      R9C17B.A1 system/writing_RNIPF6JP
CTOF_DEL    ---     0.495      R9C17B.A1 to      R9C17B.F1 system/SLICE_348
ROUTE         7     0.767      R9C17B.F1 to     R10C17D.C1 system/core/engine/retirec_1
CTOOFX_DEL  ---     0.721     R10C17D.C1 to   R10C17D.OFX0 system/core/engine/seq/predicates_pmux_6/SLICE_258
ROUTE         1     0.626   R10C17D.OFX0 to     R10C17A.D1 system/core/engine/seq/N_74
CTOF_DEL    ---     0.495     R10C17A.D1 to     R10C17A.F1 system/core/engine/seq/SLICE_382
ROUTE         2     0.635     R10C17A.F1 to     R10C17C.D1 system/core/engine/seq/condition
CTOF_DEL    ---     0.495     R10C17C.D1 to     R10C17C.F1 system/core/engine/seq/SLICE_366
ROUTE         2     1.392     R10C17C.F1 to      R8C20A.D0 system/core/engine/seq/un1_next_address78_1[0]
CTOF_DEL    ---     0.495      R8C20A.D0 to      R8C20A.F0 system/core/engine/seq/SLICE_510
ROUTE         9     1.003      R8C20A.F0 to      R7C20C.A0 system/core/engine/seq/next_address_2_sqmuxa
CTOF_DEL    ---     0.495      R7C20C.A0 to      R7C20C.F0 system/core/engine/seq/SLICE_379
ROUTE         1     0.986      R7C20C.F0 to      R7C19C.A1 system/core/engine/seq/next_address_1_iv_5[5]
CTOF_DEL    ---     0.495      R7C19C.A1 to      R7C19C.F1 system/core/engine/seq/SLICE_254
ROUTE         5     2.111      R7C19C.F1 to EBR_R6C10.ADA8 system/core/engine/next_address[5] (to clk_c)
                  --------
                   18.045   (29.5% logic, 70.5% route), 9 logic levels.

Unconstrained Preference:
   INPUT_SETUP PORT "reset" CLKPORT "clk" 

Report:   18.010ns delay reset to system/core/engine/rom/lane_1 (18.036ns delay and -0.026ns setup)

   Name    Fanout   Delay (ns)          Site               Resource
PADI_DEL    ---     1.132          4.PAD to        4.PADDI reset
ROUTE       250     3.777        4.PADDI to      R9C13A.D1 reset_c
CTOF_DEL    ---     0.495      R9C13A.D1 to      R9C13A.F1 system/SLICE_299
ROUTE         3     1.430      R9C13A.F1 to      R9C17B.A1 system/writing_RNIPF6JP
CTOF_DEL    ---     0.495      R9C17B.A1 to      R9C17B.F1 system/SLICE_348
ROUTE         7     0.767      R9C17B.F1 to     R10C17D.C1 system/core/engine/retirec_1
CTOOFX_DEL  ---     0.721     R10C17D.C1 to   R10C17D.OFX0 system/core/engine/seq/predicates_pmux_6/SLICE_258
ROUTE         1     0.626   R10C17D.OFX0 to     R10C17A.D1 system/core/engine/seq/N_74
CTOF_DEL    ---     0.495     R10C17A.D1 to     R10C17A.F1 system/core/engine/seq/SLICE_382
ROUTE         2     0.635     R10C17A.F1 to     R10C17C.D1 system/core/engine/seq/condition
CTOF_DEL    ---     0.495     R10C17C.D1 to     R10C17C.F1 system/core/engine/seq/SLICE_366
ROUTE         2     1.392     R10C17C.F1 to      R8C20A.D0 system/core/engine/seq/un1_next_address78_1[0]
CTOF_DEL    ---     0.495      R8C20A.D0 to      R8C20A.F0 system/core/engine/seq/SLICE_510
ROUTE         9     1.040      R8C20A.F0 to      R7C20B.B0 system/core/engine/seq/next_address_2_sqmuxa
CTOF_DEL    ---     0.495      R7C20B.B0 to      R7C20B.F0 system/core/engine/seq/SLICE_381
ROUTE         1     0.964      R7C20B.F0 to      R7C19D.A0 system/core/engine/seq/next_address_1_iv_4[6]
CTOF_DEL    ---     0.495      R7C19D.A0 to      R7C19D.F0 system/core/engine/seq/SLICE_255
ROUTE         5     2.087      R7C19D.F0 to EBR_R6C14.ADA9 system/core/engine/next_address[6] (to clk_c)
                  --------
                   18.036   (29.5% logic, 70.5% route), 9 logic levels.

Unconstrained Preference:
   INPUT_SETUP PORT "reset" CLKPORT "clk" 

Report:   17.980ns delay reset to system/core/engine/rom/lane_0 (18.006ns delay and -0.026ns setup)

   Name    Fanout   Delay (ns)          Site               Resource
PADI_DEL    ---     1.132          4.PAD to        4.PADDI reset
ROUTE       250     3.777        4.PADDI to      R9C13A.D1 reset_c
CTOF_DEL    ---     0.495      R9C13A.D1 to      R9C13A.F1 system/SLICE_299
ROUTE         3     1.430      R9C13A.F1 to      R9C17B.A1 system/writing_RNIPF6JP
CTOF_DEL    ---     0.495      R9C17B.A1 to      R9C17B.F1 system/SLICE_348
ROUTE         7     0.767      R9C17B.F1 to     R10C17D.C1 system/core/engine/retirec_1
CTOOFX_DEL  ---     0.721     R10C17D.C1 to   R10C17D.OFX0 system/core/engine/seq/predicates_pmux_6/SLICE_258
ROUTE         1     0.626   R10C17D.OFX0 to     R10C17A.D1 system/core/engine/seq/N_74
CTOF_DEL    ---     0.495     R10C17A.D1 to     R10C17A.F1 system/core/engine/seq/SLICE_382
ROUTE         2     0.635     R10C17A.F1 to     R10C17C.D1 system/core/engine/seq/condition
CTOF_DEL    ---     0.495     R10C17C.D1 to     R10C17C.F1 system/core/engine/seq/SLICE_366
ROUTE         2     1.392     R10C17C.F1 to      R8C20A.D0 system/core/engine/seq/un1_next_address78_1[0]
CTOF_DEL    ---     0.495      R8C20A.D0 to      R8C20A.F0 system/core/engine/seq/SLICE_510
ROUTE         9     1.040      R8C20A.F0 to      R7C20B.B0 system/core/engine/seq/next_address_2_sqmuxa
CTOF_DEL    ---     0.495      R7C20B.B0 to      R7C20B.F0 system/core/engine/seq/SLICE_381
ROUTE         1     0.964      R7C20B.F0 to      R7C19D.A0 system/core/engine/seq/next_address_1_iv_4[6]
CTOF_DEL    ---     0.495      R7C19D.A0 to      R7C19D.F0 system/core/engine/seq/SLICE_255
ROUTE         5     2.057      R7C19D.F0 to EBR_R6C17.ADA9 system/core/engine/next_address[6] (to clk_c)
                  --------
                   18.006   (29.5% logic, 70.5% route), 9 logic levels.

Unconstrained Preference:
   INPUT_SETUP PORT "reset" CLKPORT "clk" 

Report:   17.953ns delay reset to system/core/engine/rom/lane_3 (17.979ns delay and -0.026ns setup)

   Name    Fanout   Delay (ns)          Site               Resource
PADI_DEL    ---     1.132          4.PAD to        4.PADDI reset
ROUTE       250     3.777        4.PADDI to      R9C13A.D1 reset_c
CTOF_DEL    ---     0.495      R9C13A.D1 to      R9C13A.F1 system/SLICE_299
ROUTE         3     1.430      R9C13A.F1 to      R9C17B.A1 system/writing_RNIPF6JP
CTOF_DEL    ---     0.495      R9C17B.A1 to      R9C17B.F1 system/SLICE_348
ROUTE         7     0.767      R9C17B.F1 to     R10C17D.C1 system/core/engine/retirec_1
CTOOFX_DEL  ---     0.721     R10C17D.C1 to   R10C17D.OFX0 system/core/engine/seq/predicates_pmux_6/SLICE_258
ROUTE         1     0.626   R10C17D.OFX0 to     R10C17A.D1 system/core/engine/seq/N_74
CTOF_DEL    ---     0.495     R10C17A.D1 to     R10C17A.F1 system/core/engine/seq/SLICE_382
ROUTE         2     0.635     R10C17A.F1 to     R10C17C.D1 system/core/engine/seq/condition
CTOF_DEL    ---     0.495     R10C17C.D1 to     R10C17C.F1 system/core/engine/seq/SLICE_366
ROUTE         2     1.392     R10C17C.F1 to      R8C20A.D0 system/core/engine/seq/un1_next_address78_1[0]
CTOF_DEL    ---     0.495      R8C20A.D0 to      R8C20A.F0 system/core/engine/seq/SLICE_510
ROUTE         9     0.681      R8C20A.F0 to      R8C20C.A0 system/core/engine/seq/next_address_2_sqmuxa
CTOF_DEL    ---     0.495      R8C20C.A0 to      R8C20C.F0 system/core/engine/seq/SLICE_378
ROUTE         1     1.400      R8C20C.F0 to      R7C19D.B1 system/core/engine/seq/next_address_1_iv_4[7]
CTOF_DEL    ---     0.495      R7C19D.B1 to      R7C19D.F1 system/core/engine/seq/SLICE_255
ROUTE         5     1.953      R7C19D.F1 to EBR_R6C7.ADA10 system/core/engine/next_address[7] (to clk_c)
                  --------
                   17.979   (29.6% logic, 70.4% route), 9 logic levels.

Unconstrained Preference:
   INPUT_SETUP PORT "reset" CLKPORT "clk" 

Report:   17.953ns delay reset to system/core/engine/rom/lane_2 (17.979ns delay and -0.026ns setup)

   Name    Fanout   Delay (ns)          Site               Resource
PADI_DEL    ---     1.132          4.PAD to        4.PADDI reset
ROUTE       250     3.777        4.PADDI to      R9C13A.D1 reset_c
CTOF_DEL    ---     0.495      R9C13A.D1 to      R9C13A.F1 system/SLICE_299
ROUTE         3     1.430      R9C13A.F1 to      R9C17B.A1 system/writing_RNIPF6JP
CTOF_DEL    ---     0.495      R9C17B.A1 to      R9C17B.F1 system/SLICE_348
ROUTE         7     0.767      R9C17B.F1 to     R10C17D.C1 system/core/engine/retirec_1
CTOOFX_DEL  ---     0.721     R10C17D.C1 to   R10C17D.OFX0 system/core/engine/seq/predicates_pmux_6/SLICE_258
ROUTE         1     0.626   R10C17D.OFX0 to     R10C17A.D1 system/core/engine/seq/N_74
CTOF_DEL    ---     0.495     R10C17A.D1 to     R10C17A.F1 system/core/engine/seq/SLICE_382
ROUTE         2     0.635     R10C17A.F1 to     R10C17C.D1 system/core/engine/seq/condition
CTOF_DEL    ---     0.495     R10C17C.D1 to     R10C17C.F1 system/core/engine/seq/SLICE_366
ROUTE         2     1.392     R10C17C.F1 to      R8C20A.D0 system/core/engine/seq/un1_next_address78_1[0]
CTOF_DEL    ---     0.495      R8C20A.D0 to      R8C20A.F0 system/core/engine/seq/SLICE_510
ROUTE         9     0.681      R8C20A.F0 to      R8C20C.A0 system/core/engine/seq/next_address_2_sqmuxa
CTOF_DEL    ---     0.495      R8C20C.A0 to      R8C20C.F0 system/core/engine/seq/SLICE_378
ROUTE         1     1.400      R8C20C.F0 to      R7C19D.B1 system/core/engine/seq/next_address_1_iv_4[7]
CTOF_DEL    ---     0.495      R7C19D.B1 to      R7C19D.F1 system/core/engine/seq/SLICE_255
ROUTE         5     1.953      R7C19D.F1 to *R_R6C10.ADA10 system/core/engine/next_address[7] (to clk_c)
                  --------
                   17.979   (29.6% logic, 70.4% route), 9 logic levels.

Unconstrained Preference:
   INPUT_SETUP PORT "reset" CLKPORT "clk" 

Report:   17.893ns delay reset to system/core/engine/rom/lane_0 (17.919ns delay and -0.026ns setup)

   Name    Fanout   Delay (ns)          Site               Resource
PADI_DEL    ---     1.132          4.PAD to        4.PADDI reset
ROUTE       250     3.777        4.PADDI to      R9C13A.D1 reset_c
CTOF_DEL    ---     0.495      R9C13A.D1 to      R9C13A.F1 system/SLICE_299
ROUTE         3     1.430      R9C13A.F1 to      R9C17B.A1 system/writing_RNIPF6JP
CTOF_DEL    ---     0.495      R9C17B.A1 to      R9C17B.F1 system/SLICE_348
ROUTE         7     0.767      R9C17B.F1 to     R10C17D.C1 system/core/engine/retirec_1
CTOOFX_DEL  ---     0.721     R10C17D.C1 to   R10C17D.OFX0 system/core/engine/seq/predicates_pmux_6/SLICE_258
ROUTE         1     0.626   R10C17D.OFX0 to     R10C17A.D1 system/core/engine/seq/N_74
CTOF_DEL    ---     0.495     R10C17A.D1 to     R10C17A.F1 system/core/engine/seq/SLICE_382
ROUTE         2     0.635     R10C17A.F1 to     R10C17C.D1 system/core/engine/seq/condition
CTOF_DEL    ---     0.495     R10C17C.D1 to     R10C17C.F1 system/core/engine/seq/SLICE_366
ROUTE         2     1.392     R10C17C.F1 to      R8C20A.D0 system/core/engine/seq/un1_next_address78_1[0]
CTOF_DEL    ---     0.495      R8C20A.D0 to      R8C20A.F0 system/core/engine/seq/SLICE_510
ROUTE         9     1.415      R8C20A.F0 to      R7C21D.A0 system/core/engine/seq/next_address_2_sqmuxa
CTOF_DEL    ---     0.495      R7C21D.A0 to      R7C21D.F0 system/core/engine/seq/SLICE_380
ROUTE         1     1.079      R7C21D.F0 to      R7C19B.C1 system/core/engine/seq/next_address_2_iv_2[9]
CTOF_DEL    ---     0.495      R7C19B.C1 to      R7C19B.F1 system/core/engine/seq/SLICE_256
ROUTE         5     1.480      R7C19B.F1 to *R_R6C17.ADA12 system/core/engine/next_address[9] (to clk_c)
                  --------
                   17.919   (29.7% logic, 70.3% route), 9 logic levels.

Unconstrained Preference:
   INPUT_SETUP PORT "reset" CLKPORT "clk" 

Report:   17.867ns delay reset to system/core/engine/rom/lane_0 (17.893ns delay and -0.026ns setup)

   Name    Fanout   Delay (ns)          Site               Resource
PADI_DEL    ---     1.132          4.PAD to        4.PADDI reset
ROUTE       250     3.777        4.PADDI to      R9C13A.D1 reset_c
CTOF_DEL    ---     0.495      R9C13A.D1 to      R9C13A.F1 system/SLICE_299
ROUTE         3     1.430      R9C13A.F1 to      R9C17B.A1 system/writing_RNIPF6JP
CTOF_DEL    ---     0.495      R9C17B.A1 to      R9C17B.F1 system/SLICE_348
ROUTE         7     0.974      R9C17B.F1 to      R9C19C.D1 system/core/engine/retirec_1
CTOF_DEL    ---     0.495      R9C19C.D1 to      R9C19C.F1 system/core/engine/SLICE_373
ROUTE         3     0.761      R9C19C.F1 to      R9C20C.C0 system/core/engine/fault_redirectdup
CTOF_DEL    ---     0.495      R9C20C.C0 to      R9C20C.F0 system/core/engine/seq/SLICE_400
ROUTE         9     1.205      R9C20C.F0 to      R9C16B.D0 system/core/engine/seq/next_address_5_sqmuxa
CTOF_DEL    ---     0.495      R9C16B.D0 to      R9C16B.F0 system/core/SLICE_397
ROUTE         1     1.705      R9C16B.F0 to      R7C21B.C1 system/core/engine/seq/dispatch_address_m[8]
CTOF_DEL    ---     0.495      R7C21B.C1 to      R7C21B.F1 system/core/engine/seq/SLICE_377
ROUTE         1     0.626      R7C21B.F1 to      R7C21B.D0 system/core/engine/seq/next_address_2_iv_1[8]
CTOF_DEL    ---     0.495      R7C21B.D0 to      R7C21B.F0 system/core/engine/seq/SLICE_377
ROUTE         1     1.023      R7C21B.F0 to      R7C19B.B0 system/core/engine/seq/next_address_2_iv_3[8]
CTOF_DEL    ---     0.495      R7C19B.B0 to      R7C19B.F0 system/core/engine/seq/SLICE_256
ROUTE         5     1.300      R7C19B.F0 to *R_R6C17.ADA11 system/core/engine/next_address[8] (to clk_c)
                  --------
                   17.893   (28.5% logic, 71.5% route), 9 logic levels.

Unconstrained Preference:
   INPUT_SETUP PORT "reset" CLKPORT "clk" 

Report:   17.839ns delay reset to system/core/engine/seq/SLICE_252 (17.673ns delay and 0.166ns setup)

   Name    Fanout   Delay (ns)          Site               Resource
PADI_DEL    ---     1.132          4.PAD to        4.PADDI reset
ROUTE       250     3.777        4.PADDI to      R9C13A.D1 reset_c
CTOF_DEL    ---     0.495      R9C13A.D1 to      R9C13A.F1 system/SLICE_299
ROUTE         3     1.430      R9C13A.F1 to      R9C17B.A1 system/writing_RNIPF6JP
CTOF_DEL    ---     0.495      R9C17B.A1 to      R9C17B.F1 system/SLICE_348
ROUTE         7     0.974      R9C17B.F1 to      R9C19C.D1 system/core/engine/retirec_1
CTOF_DEL    ---     0.495      R9C19C.D1 to      R9C19C.F1 system/core/engine/SLICE_373
ROUTE         3     0.761      R9C19C.F1 to      R9C20C.C0 system/core/engine/fault_redirectdup
CTOF_DEL    ---     0.495      R9C20C.C0 to      R9C20C.F0 system/core/engine/seq/SLICE_400
ROUTE         9     1.377      R9C20C.F0 to      R9C17C.B0 system/core/engine/seq/next_address_5_sqmuxa
CTOF_DEL    ---     0.495      R9C17C.B0 to      R9C17C.F0 system/core/SLICE_399
ROUTE         1     1.001      R9C17C.F0 to      R8C17D.B0 system/core/engine/seq/dispatch_address_i_m_4[1]
CTOF_DEL    ---     0.495      R8C17D.B0 to      R8C17D.F0 system/core/SLICE_394
ROUTE         1     0.626      R8C17D.F0 to      R8C17A.D0 system/core/engine/seq/next_address_2_iv_2[1]
CTOF_DEL    ---     0.495      R8C17A.D0 to      R8C17A.F0 system/core/engine/seq/SLICE_387
ROUTE         1     0.958      R8C17A.F0 to     R10C18D.D0 system/core/engine/seq/next_address_2_iv_5[1]
CTOF_DEL    ---     0.495     R10C18D.D0 to     R10C18D.F0 system/core/engine/seq/SLICE_383
ROUTE         1     1.157     R10C18D.F0 to      R7C19A.D1 system/core/engine/seq/next_address_2_iv_9[1]
CTOF_DEL    ---     0.495      R7C19A.D1 to      R7C19A.F1 system/core/engine/seq/SLICE_252
ROUTE         5     0.025      R7C19A.F1 to     R7C19A.DI1 system/core/engine/next_address_2_iv_i[1] (to clk_c)
                  --------
                   17.673   (31.6% logic, 68.4% route), 10 logic levels.

Unconstrained Preference:
   INPUT_SETUP PORT "reset" CLKPORT "clk" 

Report:   17.766ns delay reset to system/core/engine/rom/lane_0 (17.792ns delay and -0.026ns setup)

   Name    Fanout   Delay (ns)          Site               Resource
PADI_DEL    ---     1.132          4.PAD to        4.PADDI reset
ROUTE       250     3.777        4.PADDI to      R9C13A.D1 reset_c
CTOF_DEL    ---     0.495      R9C13A.D1 to      R9C13A.F1 system/SLICE_299
ROUTE         3     1.430      R9C13A.F1 to      R9C17B.A1 system/writing_RNIPF6JP
CTOF_DEL    ---     0.495      R9C17B.A1 to      R9C17B.F1 system/SLICE_348
ROUTE         7     0.974      R9C17B.F1 to      R9C19C.D1 system/core/engine/retirec_1
CTOF_DEL    ---     0.495      R9C19C.D1 to      R9C19C.F1 system/core/engine/SLICE_373
ROUTE         3     0.761      R9C19C.F1 to      R9C20C.C0 system/core/engine/fault_redirectdup
CTOF_DEL    ---     0.495      R9C20C.C0 to      R9C20C.F0 system/core/engine/seq/SLICE_400
ROUTE         9     1.205      R9C20C.F0 to      R9C16A.D0 system/core/engine/seq/next_address_5_sqmuxa
CTOF_DEL    ---     0.495      R9C16A.D0 to      R9C16A.F0 system/core/SLICE_396
ROUTE         1     1.705      R9C16A.F0 to      R7C21A.C1 system/core/engine/seq/dispatch_address_m[3]
CTOF_DEL    ---     0.495      R7C21A.C1 to      R7C21A.F1 system/core/engine/seq/SLICE_376
ROUTE         1     0.693      R7C21A.F1 to      R7C21A.B0 system/core/engine/seq/next_address_1_iv_3[3]
CTOF_DEL    ---     0.495      R7C21A.B0 to      R7C21A.F0 system/core/engine/seq/SLICE_376
ROUTE         1     1.299      R7C21A.F0 to      R7C18A.A1 system/core/engine/seq/next_address_1_iv_4[3]
CTOF_DEL    ---     0.495      R7C18A.A1 to      R7C18A.F1 system/core/engine/seq/SLICE_253
ROUTE         5     0.856      R7C18A.F1 to EBR_R6C17.ADA6 system/core/engine/next_address[3] (to clk_c)
                  --------
                   17.792   (28.6% logic, 71.4% route), 9 logic levels.

Unconstrained Preference:
   INPUT_SETUP PORT "reset" CLKPORT "clk" 

Report:   17.697ns delay reset to system/core/engine/rom/lane_0 (17.723ns delay and -0.026ns setup)

   Name    Fanout   Delay (ns)          Site               Resource
PADI_DEL    ---     1.132          4.PAD to        4.PADDI reset
ROUTE       250     3.777        4.PADDI to      R9C13A.D1 reset_c
CTOF_DEL    ---     0.495      R9C13A.D1 to      R9C13A.F1 system/SLICE_299
ROUTE         3     1.430      R9C13A.F1 to      R9C17B.A1 system/writing_RNIPF6JP
CTOF_DEL    ---     0.495      R9C17B.A1 to      R9C17B.F1 system/SLICE_348
ROUTE         7     0.767      R9C17B.F1 to     R10C17D.C1 system/core/engine/retirec_1
CTOOFX_DEL  ---     0.721     R10C17D.C1 to   R10C17D.OFX0 system/core/engine/seq/predicates_pmux_6/SLICE_258
ROUTE         1     0.626   R10C17D.OFX0 to     R10C17A.D1 system/core/engine/seq/N_74
CTOF_DEL    ---     0.495     R10C17A.D1 to     R10C17A.F1 system/core/engine/seq/SLICE_382
ROUTE         2     0.635     R10C17A.F1 to     R10C17C.D1 system/core/engine/seq/condition
CTOF_DEL    ---     0.495     R10C17C.D1 to     R10C17C.F1 system/core/engine/seq/SLICE_366
ROUTE         2     1.392     R10C17C.F1 to      R8C20A.D0 system/core/engine/seq/un1_next_address78_1[0]
CTOF_DEL    ---     0.495      R8C20A.D0 to      R8C20A.F0 system/core/engine/seq/SLICE_510
ROUTE         9     0.681      R8C20A.F0 to      R8C20C.A0 system/core/engine/seq/next_address_2_sqmuxa
CTOF_DEL    ---     0.495      R8C20C.A0 to      R8C20C.F0 system/core/engine/seq/SLICE_378
ROUTE         1     1.400      R8C20C.F0 to      R7C19D.B1 system/core/engine/seq/next_address_1_iv_4[7]
CTOF_DEL    ---     0.495      R7C19D.B1 to      R7C19D.F1 system/core/engine/seq/SLICE_255
ROUTE         5     1.697      R7C19D.F1 to *R_R6C17.ADA10 system/core/engine/next_address[7] (to clk_c)
                  --------
                   17.723   (30.0% logic, 70.0% route), 9 logic levels.

Unconstrained Preference:
   INPUT_SETUP PORT "reset" CLKPORT "clk" 

Report:   17.622ns delay reset to system/core/engine/rom/lane_1 (17.648ns delay and -0.026ns setup)

   Name    Fanout   Delay (ns)          Site               Resource
PADI_DEL    ---     1.132          4.PAD to        4.PADDI reset
ROUTE       250     3.777        4.PADDI to      R9C13A.D1 reset_c
CTOF_DEL    ---     0.495      R9C13A.D1 to      R9C13A.F1 system/SLICE_299
ROUTE         3     1.430      R9C13A.F1 to      R9C17B.A1 system/writing_RNIPF6JP
CTOF_DEL    ---     0.495      R9C17B.A1 to      R9C17B.F1 system/SLICE_348
ROUTE         7     0.767      R9C17B.F1 to     R10C17D.C1 system/core/engine/retirec_1
CTOOFX_DEL  ---     0.721     R10C17D.C1 to   R10C17D.OFX0 system/core/engine/seq/predicates_pmux_6/SLICE_258
ROUTE         1     0.626   R10C17D.OFX0 to     R10C17A.D1 system/core/engine/seq/N_74
CTOF_DEL    ---     0.495     R10C17A.D1 to     R10C17A.F1 system/core/engine/seq/SLICE_382
ROUTE         2     0.635     R10C17A.F1 to     R10C17C.D1 system/core/engine/seq/condition
CTOF_DEL    ---     0.495     R10C17C.D1 to     R10C17C.F1 system/core/engine/seq/SLICE_366
ROUTE         2     1.392     R10C17C.F1 to      R8C20A.D0 system/core/engine/seq/un1_next_address78_1[0]
CTOF_DEL    ---     0.495      R8C20A.D0 to      R8C20A.F0 system/core/engine/seq/SLICE_510
ROUTE         9     1.003      R8C20A.F0 to      R7C20C.A0 system/core/engine/seq/next_address_2_sqmuxa
CTOF_DEL    ---     0.495      R7C20C.A0 to      R7C20C.F0 system/core/engine/seq/SLICE_379
ROUTE         1     0.986      R7C20C.F0 to      R7C19C.A1 system/core/engine/seq/next_address_1_iv_5[5]
CTOF_DEL    ---     0.495      R7C19C.A1 to      R7C19C.F1 system/core/engine/seq/SLICE_254
ROUTE         5     1.714      R7C19C.F1 to EBR_R6C14.ADA8 system/core/engine/next_address[5] (to clk_c)
                  --------
                   17.648   (30.1% logic, 69.9% route), 9 logic levels.

Unconstrained Preference:
   INPUT_SETUP PORT "reset" CLKPORT "clk" 

Report:   17.607ns delay reset to system/core/engine/rom/lane_0 (17.633ns delay and -0.026ns setup)

   Name    Fanout   Delay (ns)          Site               Resource
PADI_DEL    ---     1.132          4.PAD to        4.PADDI reset
ROUTE       250     3.777        4.PADDI to      R9C13A.D1 reset_c
CTOF_DEL    ---     0.495      R9C13A.D1 to      R9C13A.F1 system/SLICE_299
ROUTE         3     1.430      R9C13A.F1 to      R9C17B.A1 system/writing_RNIPF6JP
CTOF_DEL    ---     0.495      R9C17B.A1 to      R9C17B.F1 system/SLICE_348
ROUTE         7     0.767      R9C17B.F1 to     R10C17D.C1 system/core/engine/retirec_1
CTOOFX_DEL  ---     0.721     R10C17D.C1 to   R10C17D.OFX0 system/core/engine/seq/predicates_pmux_6/SLICE_258
ROUTE         1     0.626   R10C17D.OFX0 to     R10C17A.D1 system/core/engine/seq/N_74
CTOF_DEL    ---     0.495     R10C17A.D1 to     R10C17A.F1 system/core/engine/seq/SLICE_382
ROUTE         2     0.635     R10C17A.F1 to     R10C17C.D1 system/core/engine/seq/condition
CTOF_DEL    ---     0.495     R10C17C.D1 to     R10C17C.F1 system/core/engine/seq/SLICE_366
ROUTE         2     1.392     R10C17C.F1 to      R8C20A.D0 system/core/engine/seq/un1_next_address78_1[0]
CTOF_DEL    ---     0.495      R8C20A.D0 to      R8C20A.F0 system/core/engine/seq/SLICE_510
ROUTE         9     1.003      R8C20A.F0 to      R7C20C.A0 system/core/engine/seq/next_address_2_sqmuxa
CTOF_DEL    ---     0.495      R7C20C.A0 to      R7C20C.F0 system/core/engine/seq/SLICE_379
ROUTE         1     0.986      R7C20C.F0 to      R7C19C.A1 system/core/engine/seq/next_address_1_iv_5[5]
CTOF_DEL    ---     0.495      R7C19C.A1 to      R7C19C.F1 system/core/engine/seq/SLICE_254
ROUTE         5     1.699      R7C19C.F1 to EBR_R6C17.ADA8 system/core/engine/next_address[5] (to clk_c)
                  --------
                   17.633   (30.2% logic, 69.8% route), 9 logic levels.

Unconstrained Preference:
   INPUT_SETUP PORT "reset" CLKPORT "clk" 

Report:   17.575ns delay reset to system/core/engine/rom/lane_3 (17.601ns delay and -0.026ns setup)

   Name    Fanout   Delay (ns)          Site               Resource
PADI_DEL    ---     1.132          4.PAD to        4.PADDI reset
ROUTE       250     3.777        4.PADDI to      R9C13A.D1 reset_c
CTOF_DEL    ---     0.495      R9C13A.D1 to      R9C13A.F1 system/SLICE_299
ROUTE         3     1.430      R9C13A.F1 to      R9C17B.A1 system/writing_RNIPF6JP
CTOF_DEL    ---     0.495      R9C17B.A1 to      R9C17B.F1 system/SLICE_348
ROUTE         7     0.767      R9C17B.F1 to     R10C17D.C1 system/core/engine/retirec_1
CTOOFX_DEL  ---     0.721     R10C17D.C1 to   R10C17D.OFX0 system/core/engine/seq/predicates_pmux_6/SLICE_258
ROUTE         1     0.626   R10C17D.OFX0 to     R10C17A.D1 system/core/engine/seq/N_74
CTOF_DEL    ---     0.495     R10C17A.D1 to     R10C17A.F1 system/core/engine/seq/SLICE_382
ROUTE         2     0.702     R10C17A.F1 to     R10C17A.B0 system/core/engine/seq/condition
CTOF_DEL    ---     0.495     R10C17A.B0 to     R10C17A.F0 system/core/engine/seq/SLICE_382
ROUTE         1     1.079     R10C17A.F0 to      R9C19C.C0 system/core/engine/seq/next_address_0_sqmuxa_3
CTOF_DEL    ---     0.495      R9C19C.C0 to      R9C19C.F0 system/core/engine/SLICE_373
ROUTE        10     1.513      R9C19C.F0 to      R7C18B.D0 system/core/engine/seq/next_address_1_sqmuxa_5
CTOF_DEL    ---     0.495      R7C18B.D0 to      R7C18B.F0 system/core/engine/seq/SLICE_371
ROUTE         1     0.436      R7C18B.F0 to      R7C18A.C0 system/core/engine/seq/uword_m[13]
CTOF_DEL    ---     0.495      R7C18A.C0 to      R7C18A.F0 system/core/engine/seq/SLICE_253
ROUTE         5     1.953      R7C18A.F0 to  EBR_R6C7.ADA5 system/core/engine/next_address[2] (to clk_c)
                  --------
                   17.601   (30.2% logic, 69.8% route), 9 logic levels.

Unconstrained Preference:
   INPUT_SETUP PORT "reset" CLKPORT "clk" 

Report:   17.568ns delay reset to system/core/engine/rom/lane_2 (17.594ns delay and -0.026ns setup)

   Name    Fanout   Delay (ns)          Site               Resource
PADI_DEL    ---     1.132          4.PAD to        4.PADDI reset
ROUTE       250     3.777        4.PADDI to      R9C13A.D1 reset_c
CTOF_DEL    ---     0.495      R9C13A.D1 to      R9C13A.F1 system/SLICE_299
ROUTE         3     1.430      R9C13A.F1 to      R9C17B.A1 system/writing_RNIPF6JP
CTOF_DEL    ---     0.495      R9C17B.A1 to      R9C17B.F1 system/SLICE_348
ROUTE         7     0.767      R9C17B.F1 to     R10C17D.C1 system/core/engine/retirec_1
CTOOFX_DEL  ---     0.721     R10C17D.C1 to   R10C17D.OFX0 system/core/engine/seq/predicates_pmux_6/SLICE_258
ROUTE         1     0.626   R10C17D.OFX0 to     R10C17A.D1 system/core/engine/seq/N_74
CTOF_DEL    ---     0.495     R10C17A.D1 to     R10C17A.F1 system/core/engine/seq/SLICE_382
ROUTE         2     0.635     R10C17A.F1 to     R10C17C.D1 system/core/engine/seq/condition
CTOF_DEL    ---     0.495     R10C17C.D1 to     R10C17C.F1 system/core/engine/seq/SLICE_366
ROUTE         2     1.392     R10C17C.F1 to      R8C20A.D0 system/core/engine/seq/un1_next_address78_1[0]
CTOF_DEL    ---     0.495      R8C20A.D0 to      R8C20A.F0 system/core/engine/seq/SLICE_510
ROUTE         9     1.003      R8C20A.F0 to      R7C20A.A0 system/core/engine/seq/next_address_2_sqmuxa
CTOF_DEL    ---     0.495      R7C20A.A0 to      R7C20A.F0 system/core/engine/seq/SLICE_374
ROUTE         1     0.766      R7C20A.F0 to      R7C19C.C0 system/core/engine/seq/next_address_1_iv_5[4]
CTOF_DEL    ---     0.495      R7C19C.C0 to      R7C19C.F0 system/core/engine/seq/SLICE_254
ROUTE         5     1.880      R7C19C.F0 to EBR_R6C10.ADA7 system/core/engine/next_address_1_iv_i[4] (to clk_c)
                  --------
                   17.594   (30.2% logic, 69.8% route), 9 logic levels.

Unconstrained Preference:
   INPUT_SETUP PORT "reset" CLKPORT "clk" 

Report:   17.415ns delay reset to system/core/engine/rom/lane_1 (17.441ns delay and -0.026ns setup)

   Name    Fanout   Delay (ns)          Site               Resource
PADI_DEL    ---     1.132          4.PAD to        4.PADDI reset
ROUTE       250     3.777        4.PADDI to      R9C13A.D1 reset_c
CTOF_DEL    ---     0.495      R9C13A.D1 to      R9C13A.F1 system/SLICE_299
ROUTE         3     1.430      R9C13A.F1 to      R9C17B.A1 system/writing_RNIPF6JP
CTOF_DEL    ---     0.495      R9C17B.A1 to      R9C17B.F1 system/SLICE_348
ROUTE         7     0.767      R9C17B.F1 to     R10C17D.C1 system/core/engine/retirec_1
CTOOFX_DEL  ---     0.721     R10C17D.C1 to   R10C17D.OFX0 system/core/engine/seq/predicates_pmux_6/SLICE_258
ROUTE         1     0.626   R10C17D.OFX0 to     R10C17A.D1 system/core/engine/seq/N_74
CTOF_DEL    ---     0.495     R10C17A.D1 to     R10C17A.F1 system/core/engine/seq/SLICE_382
ROUTE         2     0.635     R10C17A.F1 to     R10C17C.D1 system/core/engine/seq/condition
CTOF_DEL    ---     0.495     R10C17C.D1 to     R10C17C.F1 system/core/engine/seq/SLICE_366
ROUTE         2     1.392     R10C17C.F1 to      R8C20A.D0 system/core/engine/seq/un1_next_address78_1[0]
CTOF_DEL    ---     0.495      R8C20A.D0 to      R8C20A.F0 system/core/engine/seq/SLICE_510
ROUTE         9     1.003      R8C20A.F0 to      R7C20A.A0 system/core/engine/seq/next_address_2_sqmuxa
CTOF_DEL    ---     0.495      R7C20A.A0 to      R7C20A.F0 system/core/engine/seq/SLICE_374
ROUTE         1     0.766      R7C20A.F0 to      R7C19C.C0 system/core/engine/seq/next_address_1_iv_5[4]
CTOF_DEL    ---     0.495      R7C19C.C0 to      R7C19C.F0 system/core/engine/seq/SLICE_254
ROUTE         5     1.727      R7C19C.F0 to EBR_R6C14.ADA7 system/core/engine/next_address_1_iv_i[4] (to clk_c)
                  --------
                   17.441   (30.5% logic, 69.5% route), 9 logic levels.

Unconstrained Preference:
   INPUT_SETUP PORT "reset" CLKPORT "clk" 

Report:   17.343ns delay reset to system/sequential.memory/transport/SLICE_234 (17.177ns delay and 0.166ns setup)

   Name    Fanout   Delay (ns)          Site               Resource
PADI_DEL    ---     1.132          4.PAD to        4.PADDI reset
ROUTE       250     3.777        4.PADDI to      R9C13A.D1 reset_c
CTOF_DEL    ---     0.495      R9C13A.D1 to      R9C13A.F1 system/SLICE_299
ROUTE         3     0.640      R9C13A.F1 to      R8C13C.D1 system/writing_RNIPF6JP
CTOF_DEL    ---     0.495      R8C13C.D1 to      R8C13C.F1 system/SLICE_350
ROUTE         8     1.221      R8C13C.F1 to      R2C15B.D1 system/requestdup
CTOF_DEL    ---     0.495      R2C15B.D1 to      R2C15B.F1 system/SLICE_354
ROUTE         2     2.032      R2C15B.F1 to      R7C18C.C0 system/core/engine/writing_RNIELSJN1
CTOF_DEL    ---     0.495      R7C18C.C0 to      R7C18C.F0 system/core/engine/SLICE_295
ROUTE         7     1.530      R7C18C.F0 to      R8C12B.A0 system/stepdup
CTOF_DEL    ---     0.495      R8C12B.A0 to      R8C12B.F0 system/SLICE_361
ROUTE         2     0.445      R8C12B.F0 to      R8C12A.C0 system/sequential.memory/launch_i_o2dup
CTOF_DEL    ---     0.495      R8C12A.C0 to      R8C12A.F0 system/sequential.memory/transport/SLICE_297
ROUTE         4     1.097      R8C12A.F0 to      R7C12B.B1 system/sequential.memory/transport/request_seen15dup
CTOF_DEL    ---     0.495      R7C12B.B1 to      R7C12B.F1 system/sequential.memory/transport/SLICE_223
ROUTE         2     1.343      R7C12B.F1 to     R10C12A.B0 system/sequential.memory/transport/N_232
CTOF_DEL    ---     0.495     R10C12A.B0 to     R10C12A.F0 system/sequential.memory/transport/SLICE_234
ROUTE         1     0.000     R10C12A.F0 to    R10C12A.DI0 system/sequential.memory/transport/N_165_i (to clk_c)
                  --------
                   17.177   (29.6% logic, 70.4% route), 9 logic levels.

Unconstrained Preference:
   INPUT_SETUP PORT "reset" CLKPORT "clk" 

Report:   17.306ns delay reset to system/sequential.memory/transport/SLICE_229 (17.140ns delay and 0.166ns setup)

   Name    Fanout   Delay (ns)          Site               Resource
PADI_DEL    ---     1.132          4.PAD to        4.PADDI reset
ROUTE       250     3.777        4.PADDI to      R9C13A.D1 reset_c
CTOF_DEL    ---     0.495      R9C13A.D1 to      R9C13A.F1 system/SLICE_299
ROUTE         3     0.640      R9C13A.F1 to      R8C13C.D1 system/writing_RNIPF6JP
CTOF_DEL    ---     0.495      R8C13C.D1 to      R8C13C.F1 system/SLICE_350
ROUTE         8     1.221      R8C13C.F1 to      R2C15B.D1 system/requestdup
CTOF_DEL    ---     0.495      R2C15B.D1 to      R2C15B.F1 system/SLICE_354
ROUTE         2     2.032      R2C15B.F1 to      R7C18C.C0 system/core/engine/writing_RNIELSJN1
CTOF_DEL    ---     0.495      R7C18C.C0 to      R7C18C.F0 system/core/engine/SLICE_295
ROUTE         7     1.530      R7C18C.F0 to      R8C12B.A0 system/stepdup
CTOF_DEL    ---     0.495      R8C12B.A0 to      R8C12B.F0 system/SLICE_361
ROUTE         2     0.445      R8C12B.F0 to      R8C12A.C0 system/sequential.memory/launch_i_o2dup
CTOF_DEL    ---     0.495      R8C12A.C0 to      R8C12A.F0 system/sequential.memory/transport/SLICE_297
ROUTE         4     1.097      R8C12A.F0 to      R7C12B.B1 system/sequential.memory/transport/request_seen15dup
CTOF_DEL    ---     0.495      R7C12B.B1 to      R7C12B.F1 system/sequential.memory/transport/SLICE_223
ROUTE         2     1.306      R7C12B.F1 to     R10C12B.A1 system/sequential.memory/transport/N_232
CTOF_DEL    ---     0.495     R10C12B.A1 to     R10C12B.F1 system/sequential.memory/transport/SLICE_229
ROUTE         1     0.000     R10C12B.F1 to    R10C12B.DI1 system/sequential.memory/transport/N_183_i (to clk_c)
                  --------
                   17.140   (29.7% logic, 70.3% route), 9 logic levels.

Unconstrained Preference:
   INPUT_SETUP PORT "reset" CLKPORT "clk" 

Report:   17.119ns delay reset to system/core/engine/seq/SLICE_253 (16.953ns delay and 0.166ns setup)

   Name    Fanout   Delay (ns)          Site               Resource
PADI_DEL    ---     1.132          4.PAD to        4.PADDI reset
ROUTE       250     3.777        4.PADDI to      R9C13A.D1 reset_c
CTOF_DEL    ---     0.495      R9C13A.D1 to      R9C13A.F1 system/SLICE_299
ROUTE         3     1.430      R9C13A.F1 to      R9C17B.A1 system/writing_RNIPF6JP
CTOF_DEL    ---     0.495      R9C17B.A1 to      R9C17B.F1 system/SLICE_348
ROUTE         7     0.974      R9C17B.F1 to      R9C19C.D1 system/core/engine/retirec_1
CTOF_DEL    ---     0.495      R9C19C.D1 to      R9C19C.F1 system/core/engine/SLICE_373
ROUTE         3     0.761      R9C19C.F1 to      R9C20C.C0 system/core/engine/fault_redirectdup
CTOF_DEL    ---     0.495      R9C20C.C0 to      R9C20C.F0 system/core/engine/seq/SLICE_400
ROUTE         9     1.205      R9C20C.F0 to      R9C16A.D0 system/core/engine/seq/next_address_5_sqmuxa
CTOF_DEL    ---     0.495      R9C16A.D0 to      R9C16A.F0 system/core/SLICE_396
ROUTE         1     1.705      R9C16A.F0 to      R7C21A.C1 system/core/engine/seq/dispatch_address_m[3]
CTOF_DEL    ---     0.495      R7C21A.C1 to      R7C21A.F1 system/core/engine/seq/SLICE_376
ROUTE         1     0.693      R7C21A.F1 to      R7C21A.B0 system/core/engine/seq/next_address_1_iv_3[3]
CTOF_DEL    ---     0.495      R7C21A.B0 to      R7C21A.F0 system/core/engine/seq/SLICE_376
ROUTE         1     1.299      R7C21A.F0 to      R7C18A.A1 system/core/engine/seq/next_address_1_iv_4[3]
CTOF_DEL    ---     0.495      R7C18A.A1 to      R7C18A.F1 system/core/engine/seq/SLICE_253
ROUTE         5     0.017      R7C18A.F1 to     R7C18A.DI1 system/core/engine/next_address[3] (to clk_c)
                  --------
                   16.953   (30.0% logic, 70.0% route), 9 logic levels.

Unconstrained Preference:
   INPUT_SETUP PORT "reset" CLKPORT "clk" 

Report:   17.076ns delay reset to system/core/engine/rom/lane_2 (17.102ns delay and -0.026ns setup)

   Name    Fanout   Delay (ns)          Site               Resource
PADI_DEL    ---     1.132          4.PAD to        4.PADDI reset
ROUTE       250     3.777        4.PADDI to      R9C13A.D1 reset_c
CTOF_DEL    ---     0.495      R9C13A.D1 to      R9C13A.F1 system/SLICE_299
ROUTE         3     1.430      R9C13A.F1 to      R9C17B.A1 system/writing_RNIPF6JP
CTOF_DEL    ---     0.495      R9C17B.A1 to      R9C17B.F1 system/SLICE_348
ROUTE         7     0.767      R9C17B.F1 to     R10C17D.C1 system/core/engine/retirec_1
CTOOFX_DEL  ---     0.721     R10C17D.C1 to   R10C17D.OFX0 system/core/engine/seq/predicates_pmux_6/SLICE_258
ROUTE         1     0.626   R10C17D.OFX0 to     R10C17A.D1 system/core/engine/seq/N_74
CTOF_DEL    ---     0.495     R10C17A.D1 to     R10C17A.F1 system/core/engine/seq/SLICE_382
ROUTE         2     0.702     R10C17A.F1 to     R10C17A.B0 system/core/engine/seq/condition
CTOF_DEL    ---     0.495     R10C17A.B0 to     R10C17A.F0 system/core/engine/seq/SLICE_382
ROUTE         1     1.079     R10C17A.F0 to      R9C19C.C0 system/core/engine/seq/next_address_0_sqmuxa_3
CTOF_DEL    ---     0.495      R9C19C.C0 to      R9C19C.F0 system/core/engine/SLICE_373
ROUTE        10     1.513      R9C19C.F0 to      R7C18B.D0 system/core/engine/seq/next_address_1_sqmuxa_5
CTOF_DEL    ---     0.495      R7C18B.D0 to      R7C18B.F0 system/core/engine/seq/SLICE_371
ROUTE         1     0.436      R7C18B.F0 to      R7C18A.C0 system/core/engine/seq/uword_m[13]
CTOF_DEL    ---     0.495      R7C18A.C0 to      R7C18A.F0 system/core/engine/seq/SLICE_253
ROUTE         5     1.454      R7C18A.F0 to EBR_R6C10.ADA5 system/core/engine/next_address[2] (to clk_c)
                  --------
                   17.102   (31.1% logic, 68.9% route), 9 logic levels.

Unconstrained Preference:
   INPUT_SETUP PORT "reset" CLKPORT "clk" 

Report:   17.029ns delay reset to system/core/engine/seq/SLICE_252 (16.863ns delay and 0.166ns setup)

   Name    Fanout   Delay (ns)          Site               Resource
PADI_DEL    ---     1.132          4.PAD to        4.PADDI reset
ROUTE       250     3.777        4.PADDI to      R9C13A.D1 reset_c
CTOF_DEL    ---     0.495      R9C13A.D1 to      R9C13A.F1 system/SLICE_299
ROUTE         3     1.430      R9C13A.F1 to      R9C17B.A1 system/writing_RNIPF6JP
CTOF_DEL    ---     0.495      R9C17B.A1 to      R9C17B.F1 system/SLICE_348
ROUTE         7     0.974      R9C17B.F1 to      R9C19B.D1 system/core/engine/retirec_1
CTOF_DEL    ---     0.495      R9C19B.D1 to      R9C19B.F1 system/core/engine/seq/SLICE_367
ROUTE        10     0.670      R9C19B.F1 to      R9C18B.D0 system/core/engine/seq/fetch_address_m_2
CTOF_DEL    ---     0.495      R9C18B.D0 to      R9C18B.F0 system/core/engine/seq/SLICE_540
ROUTE         3     0.753      R9C18B.F0 to     R10C18B.C0 system/core/engine/seq/next_address_7_sqmuxa_5
CTOF_DEL    ---     0.495     R10C18B.C0 to     R10C18B.F0 system/core/engine/SLICE_368
ROUTE         2     1.051     R10C18B.F0 to      R8C18B.D1 system/core/engine/seq/next_address_9_sqmuxa
CTOF_DEL    ---     0.495      R8C18B.D1 to      R8C18B.F1 system/core/engine/seq/SLICE_369
ROUTE         1     0.623      R8C18B.F1 to      R8C19B.D1 system/core/engine/seq/next_address_0_iv_8_1[0]
CTOF_DEL    ---     0.495      R8C19B.D1 to      R8C19B.F1 system/core/engine/seq/SLICE_306
ROUTE         1     1.023      R8C19B.F1 to      R8C21C.B0 system/core/engine/seq/next_address_0_iv_8[0]
CTOF_DEL    ---     0.495      R8C21C.B0 to      R8C21C.F0 system/core/engine/seq/SLICE_375
ROUTE         1     0.958      R8C21C.F0 to      R7C19A.D0 system/core/engine/seq/next_address_0_iv_10[0]
CTOF_DEL    ---     0.495      R7C19A.D0 to      R7C19A.F0 system/core/engine/seq/SLICE_252
ROUTE         5     0.017      R7C19A.F0 to     R7C19A.DI0 system/core/engine/next_address_0_iv_i[0] (to clk_c)
                  --------
                   16.863   (33.1% logic, 66.9% route), 10 logic levels.

Unconstrained Preference:
   INPUT_SETUP PORT "reset" CLKPORT "clk" 

Report:   16.988ns delay reset to system/core/engine/rom/lane_0 (17.014ns delay and -0.026ns setup)

   Name    Fanout   Delay (ns)          Site               Resource
PADI_DEL    ---     1.132          4.PAD to        4.PADDI reset
ROUTE       250     3.777        4.PADDI to      R9C13A.D1 reset_c
CTOF_DEL    ---     0.495      R9C13A.D1 to      R9C13A.F1 system/SLICE_299
ROUTE         3     1.430      R9C13A.F1 to      R9C17B.A1 system/writing_RNIPF6JP
CTOF_DEL    ---     0.495      R9C17B.A1 to      R9C17B.F1 system/SLICE_348
ROUTE         7     0.767      R9C17B.F1 to     R10C17D.C1 system/core/engine/retirec_1
CTOOFX_DEL  ---     0.721     R10C17D.C1 to   R10C17D.OFX0 system/core/engine/seq/predicates_pmux_6/SLICE_258
ROUTE         1     0.626   R10C17D.OFX0 to     R10C17A.D1 system/core/engine/seq/N_74
CTOF_DEL    ---     0.495     R10C17A.D1 to     R10C17A.F1 system/core/engine/seq/SLICE_382
ROUTE         2     0.635     R10C17A.F1 to     R10C17C.D1 system/core/engine/seq/condition
CTOF_DEL    ---     0.495     R10C17C.D1 to     R10C17C.F1 system/core/engine/seq/SLICE_366
ROUTE         2     1.392     R10C17C.F1 to      R8C20A.D0 system/core/engine/seq/un1_next_address78_1[0]
CTOF_DEL    ---     0.495      R8C20A.D0 to      R8C20A.F0 system/core/engine/seq/SLICE_510
ROUTE         9     1.003      R8C20A.F0 to      R7C20A.A0 system/core/engine/seq/next_address_2_sqmuxa
CTOF_DEL    ---     0.495      R7C20A.A0 to      R7C20A.F0 system/core/engine/seq/SLICE_374
ROUTE         1     0.766      R7C20A.F0 to      R7C19C.C0 system/core/engine/seq/next_address_1_iv_5[4]
CTOF_DEL    ---     0.495      R7C19C.C0 to      R7C19C.F0 system/core/engine/seq/SLICE_254
ROUTE         5     1.300      R7C19C.F0 to EBR_R6C17.ADA7 system/core/engine/next_address_1_iv_i[4] (to clk_c)
                  --------
                   17.014   (31.3% logic, 68.7% route), 9 logic levels.

Unconstrained Preference:
   INPUT_SETUP PORT "reset" CLKPORT "clk" 

Report:   16.969ns delay reset to system/core/engine/rom/lane_0 (16.995ns delay and -0.026ns setup)

   Name    Fanout   Delay (ns)          Site               Resource
PADI_DEL    ---     1.132          4.PAD to        4.PADDI reset
ROUTE       250     3.777        4.PADDI to      R9C13A.D1 reset_c
CTOF_DEL    ---     0.495      R9C13A.D1 to      R9C13A.F1 system/SLICE_299
ROUTE         3     1.430      R9C13A.F1 to      R9C17B.A1 system/writing_RNIPF6JP
CTOF_DEL    ---     0.495      R9C17B.A1 to      R9C17B.F1 system/SLICE_348
ROUTE         7     0.767      R9C17B.F1 to     R10C17D.C1 system/core/engine/retirec_1
CTOOFX_DEL  ---     0.721     R10C17D.C1 to   R10C17D.OFX0 system/core/engine/seq/predicates_pmux_6/SLICE_258
ROUTE         1     0.626   R10C17D.OFX0 to     R10C17A.D1 system/core/engine/seq/N_74
CTOF_DEL    ---     0.495     R10C17A.D1 to     R10C17A.F1 system/core/engine/seq/SLICE_382
ROUTE         2     0.702     R10C17A.F1 to     R10C17A.B0 system/core/engine/seq/condition
CTOF_DEL    ---     0.495     R10C17A.B0 to     R10C17A.F0 system/core/engine/seq/SLICE_382
ROUTE         1     1.079     R10C17A.F0 to      R9C19C.C0 system/core/engine/seq/next_address_0_sqmuxa_3
CTOF_DEL    ---     0.495      R9C19C.C0 to      R9C19C.F0 system/core/engine/SLICE_373
ROUTE        10     1.513      R9C19C.F0 to      R7C18B.D0 system/core/engine/seq/next_address_1_sqmuxa_5
CTOF_DEL    ---     0.495      R7C18B.D0 to      R7C18B.F0 system/core/engine/seq/SLICE_371
ROUTE         1     0.436      R7C18B.F0 to      R7C18A.C0 system/core/engine/seq/uword_m[13]
CTOF_DEL    ---     0.495      R7C18A.C0 to      R7C18A.F0 system/core/engine/seq/SLICE_253
ROUTE         5     1.347      R7C18A.F0 to EBR_R6C17.ADA5 system/core/engine/next_address[2] (to clk_c)
                  --------
                   16.995   (31.3% logic, 68.7% route), 9 logic levels.

Unconstrained Preference:
   INPUT_SETUP PORT "reset" CLKPORT "clk" 

Report:   16.776ns delay reset to system/core/engine/seq/SLICE_256 (16.610ns delay and 0.166ns setup)

   Name    Fanout   Delay (ns)          Site               Resource
PADI_DEL    ---     1.132          4.PAD to        4.PADDI reset
ROUTE       250     3.777        4.PADDI to      R9C13A.D1 reset_c
CTOF_DEL    ---     0.495      R9C13A.D1 to      R9C13A.F1 system/SLICE_299
ROUTE         3     1.430      R9C13A.F1 to      R9C17B.A1 system/writing_RNIPF6JP
CTOF_DEL    ---     0.495      R9C17B.A1 to      R9C17B.F1 system/SLICE_348
ROUTE         7     0.974      R9C17B.F1 to      R9C19C.D1 system/core/engine/retirec_1
CTOF_DEL    ---     0.495      R9C19C.D1 to      R9C19C.F1 system/core/engine/SLICE_373
ROUTE         3     0.761      R9C19C.F1 to      R9C20C.C0 system/core/engine/fault_redirectdup
CTOF_DEL    ---     0.495      R9C20C.C0 to      R9C20C.F0 system/core/engine/seq/SLICE_400
ROUTE         9     1.205      R9C20C.F0 to      R9C16B.D0 system/core/engine/seq/next_address_5_sqmuxa
CTOF_DEL    ---     0.495      R9C16B.D0 to      R9C16B.F0 system/core/SLICE_397
ROUTE         1     1.705      R9C16B.F0 to      R7C21B.C1 system/core/engine/seq/dispatch_address_m[8]
CTOF_DEL    ---     0.495      R7C21B.C1 to      R7C21B.F1 system/core/engine/seq/SLICE_377
ROUTE         1     0.626      R7C21B.F1 to      R7C21B.D0 system/core/engine/seq/next_address_2_iv_1[8]
CTOF_DEL    ---     0.495      R7C21B.D0 to      R7C21B.F0 system/core/engine/seq/SLICE_377
ROUTE         1     1.023      R7C21B.F0 to      R7C19B.B0 system/core/engine/seq/next_address_2_iv_3[8]
CTOF_DEL    ---     0.495      R7C19B.B0 to      R7C19B.F0 system/core/engine/seq/SLICE_256
ROUTE         5     0.017      R7C19B.F0 to     R7C19B.DI0 system/core/engine/next_address[8] (to clk_c)
                  --------
                   16.610   (30.7% logic, 69.3% route), 9 logic levels.

Unconstrained Preference:
   INPUT_SETUP PORT "reset" CLKPORT "clk" 

Report:   16.622ns delay reset to system/core/engine/seq/SLICE_256 (16.456ns delay and 0.166ns setup)

   Name    Fanout   Delay (ns)          Site               Resource
PADI_DEL    ---     1.132          4.PAD to        4.PADDI reset
ROUTE       250     3.777        4.PADDI to      R9C13A.D1 reset_c
CTOF_DEL    ---     0.495      R9C13A.D1 to      R9C13A.F1 system/SLICE_299
ROUTE         3     1.430      R9C13A.F1 to      R9C17B.A1 system/writing_RNIPF6JP
CTOF_DEL    ---     0.495      R9C17B.A1 to      R9C17B.F1 system/SLICE_348
ROUTE         7     0.767      R9C17B.F1 to     R10C17D.C1 system/core/engine/retirec_1
CTOOFX_DEL  ---     0.721     R10C17D.C1 to   R10C17D.OFX0 system/core/engine/seq/predicates_pmux_6/SLICE_258
ROUTE         1     0.626   R10C17D.OFX0 to     R10C17A.D1 system/core/engine/seq/N_74
CTOF_DEL    ---     0.495     R10C17A.D1 to     R10C17A.F1 system/core/engine/seq/SLICE_382
ROUTE         2     0.635     R10C17A.F1 to     R10C17C.D1 system/core/engine/seq/condition
CTOF_DEL    ---     0.495     R10C17C.D1 to     R10C17C.F1 system/core/engine/seq/SLICE_366
ROUTE         2     1.392     R10C17C.F1 to      R8C20A.D0 system/core/engine/seq/un1_next_address78_1[0]
CTOF_DEL    ---     0.495      R8C20A.D0 to      R8C20A.F0 system/core/engine/seq/SLICE_510
ROUTE         9     1.415      R8C20A.F0 to      R7C21D.A0 system/core/engine/seq/next_address_2_sqmuxa
CTOF_DEL    ---     0.495      R7C21D.A0 to      R7C21D.F0 system/core/engine/seq/SLICE_380
ROUTE         1     1.079      R7C21D.F0 to      R7C19B.C1 system/core/engine/seq/next_address_2_iv_2[9]
CTOF_DEL    ---     0.495      R7C19B.C1 to      R7C19B.F1 system/core/engine/seq/SLICE_256
ROUTE         5     0.017      R7C19B.F1 to     R7C19B.DI1 system/core/engine/next_address[9] (to clk_c)
                  --------
                   16.456   (32.3% logic, 67.7% route), 9 logic levels.

Unconstrained Preference:
   INPUT_SETUP PORT "reset" CLKPORT "clk" 

Report:   16.209ns delay reset to system/core/engine/seq/SLICE_255 (16.043ns delay and 0.166ns setup)

   Name    Fanout   Delay (ns)          Site               Resource
PADI_DEL    ---     1.132          4.PAD to        4.PADDI reset
ROUTE       250     3.777        4.PADDI to      R9C13A.D1 reset_c
CTOF_DEL    ---     0.495      R9C13A.D1 to      R9C13A.F1 system/SLICE_299
ROUTE         3     1.430      R9C13A.F1 to      R9C17B.A1 system/writing_RNIPF6JP
CTOF_DEL    ---     0.495      R9C17B.A1 to      R9C17B.F1 system/SLICE_348
ROUTE         7     0.767      R9C17B.F1 to     R10C17D.C1 system/core/engine/retirec_1
CTOOFX_DEL  ---     0.721     R10C17D.C1 to   R10C17D.OFX0 system/core/engine/seq/predicates_pmux_6/SLICE_258
ROUTE         1     0.626   R10C17D.OFX0 to     R10C17A.D1 system/core/engine/seq/N_74
CTOF_DEL    ---     0.495     R10C17A.D1 to     R10C17A.F1 system/core/engine/seq/SLICE_382
ROUTE         2     0.635     R10C17A.F1 to     R10C17C.D1 system/core/engine/seq/condition
CTOF_DEL    ---     0.495     R10C17C.D1 to     R10C17C.F1 system/core/engine/seq/SLICE_366
ROUTE         2     1.392     R10C17C.F1 to      R8C20A.D0 system/core/engine/seq/un1_next_address78_1[0]
CTOF_DEL    ---     0.495      R8C20A.D0 to      R8C20A.F0 system/core/engine/seq/SLICE_510
ROUTE         9     0.681      R8C20A.F0 to      R8C20C.A0 system/core/engine/seq/next_address_2_sqmuxa
CTOF_DEL    ---     0.495      R8C20C.A0 to      R8C20C.F0 system/core/engine/seq/SLICE_378
ROUTE         1     1.400      R8C20C.F0 to      R7C19D.B1 system/core/engine/seq/next_address_1_iv_4[7]
CTOF_DEL    ---     0.495      R7C19D.B1 to      R7C19D.F1 system/core/engine/seq/SLICE_255
ROUTE         5     0.017      R7C19D.F1 to     R7C19D.DI1 system/core/engine/next_address[7] (to clk_c)
                  --------
                   16.043   (33.1% logic, 66.9% route), 9 logic levels.

Unconstrained Preference:
   INPUT_SETUP PORT "reset" CLKPORT "clk" 

Report:   16.193ns delay reset to system/sequential.memory/transport/SLICE_229 (16.027ns delay and 0.166ns setup)

   Name    Fanout   Delay (ns)          Site               Resource
PADI_DEL    ---     1.132          4.PAD to        4.PADDI reset
ROUTE       250     3.777        4.PADDI to      R9C13A.D1 reset_c
CTOF_DEL    ---     0.495      R9C13A.D1 to      R9C13A.F1 system/SLICE_299
ROUTE         3     0.640      R9C13A.F1 to      R8C13C.D1 system/writing_RNIPF6JP
CTOF_DEL    ---     0.495      R8C13C.D1 to      R8C13C.F1 system/SLICE_350
ROUTE         8     1.221      R8C13C.F1 to      R2C15B.D1 system/requestdup
CTOF_DEL    ---     0.495      R2C15B.D1 to      R2C15B.F1 system/SLICE_354
ROUTE         2     2.032      R2C15B.F1 to      R7C18C.C0 system/core/engine/writing_RNIELSJN1
CTOF_DEL    ---     0.495      R7C18C.C0 to      R7C18C.F0 system/core/engine/SLICE_295
ROUTE         7     1.530      R7C18C.F0 to      R8C12B.A0 system/stepdup
CTOF_DEL    ---     0.495      R8C12B.A0 to      R8C12B.F0 system/SLICE_361
ROUTE         2     0.445      R8C12B.F0 to      R8C12A.C0 system/sequential.memory/launch_i_o2dup
CTOF_DEL    ---     0.495      R8C12A.C0 to      R8C12A.F0 system/sequential.memory/transport/SLICE_297
ROUTE         4     1.785      R8C12A.F0 to     R10C12B.B0 system/sequential.memory/transport/request_seen15dup
CTOF_DEL    ---     0.495     R10C12B.B0 to     R10C12B.F0 system/sequential.memory/transport/SLICE_229
ROUTE         1     0.000     R10C12B.F0 to    R10C12B.DI0 system/sequential.memory/transport/N_51s (to clk_c)
                  --------
                   16.027   (28.7% logic, 71.3% route), 8 logic levels.

Unconstrained Preference:
   INPUT_SETUP PORT "reset" CLKPORT "clk" 

Report:   16.132ns delay reset to system/core/engine/seq/SLICE_255 (15.966ns delay and 0.166ns setup)

   Name    Fanout   Delay (ns)          Site               Resource
PADI_DEL    ---     1.132          4.PAD to        4.PADDI reset
ROUTE       250     3.777        4.PADDI to      R9C13A.D1 reset_c
CTOF_DEL    ---     0.495      R9C13A.D1 to      R9C13A.F1 system/SLICE_299
ROUTE         3     1.430      R9C13A.F1 to      R9C17B.A1 system/writing_RNIPF6JP
CTOF_DEL    ---     0.495      R9C17B.A1 to      R9C17B.F1 system/SLICE_348
ROUTE         7     0.767      R9C17B.F1 to     R10C17D.C1 system/core/engine/retirec_1
CTOOFX_DEL  ---     0.721     R10C17D.C1 to   R10C17D.OFX0 system/core/engine/seq/predicates_pmux_6/SLICE_258
ROUTE         1     0.626   R10C17D.OFX0 to     R10C17A.D1 system/core/engine/seq/N_74
CTOF_DEL    ---     0.495     R10C17A.D1 to     R10C17A.F1 system/core/engine/seq/SLICE_382
ROUTE         2     0.635     R10C17A.F1 to     R10C17C.D1 system/core/engine/seq/condition
CTOF_DEL    ---     0.495     R10C17C.D1 to     R10C17C.F1 system/core/engine/seq/SLICE_366
ROUTE         2     1.392     R10C17C.F1 to      R8C20A.D0 system/core/engine/seq/un1_next_address78_1[0]
CTOF_DEL    ---     0.495      R8C20A.D0 to      R8C20A.F0 system/core/engine/seq/SLICE_510
ROUTE         9     1.040      R8C20A.F0 to      R7C20B.B0 system/core/engine/seq/next_address_2_sqmuxa
CTOF_DEL    ---     0.495      R7C20B.B0 to      R7C20B.F0 system/core/engine/seq/SLICE_381
ROUTE         1     0.964      R7C20B.F0 to      R7C19D.A0 system/core/engine/seq/next_address_1_iv_4[6]
CTOF_DEL    ---     0.495      R7C19D.A0 to      R7C19D.F0 system/core/engine/seq/SLICE_255
ROUTE         5     0.017      R7C19D.F0 to     R7C19D.DI0 system/core/engine/next_address[6] (to clk_c)
                  --------
                   15.966   (33.3% logic, 66.7% route), 9 logic levels.

Unconstrained Preference:
   INPUT_SETUP PORT "reset" CLKPORT "clk" 

Report:   16.109ns delay reset to system/core/engine/seq/SLICE_254 (15.943ns delay and 0.166ns setup)

   Name    Fanout   Delay (ns)          Site               Resource
PADI_DEL    ---     1.132          4.PAD to        4.PADDI reset
ROUTE       250     3.777        4.PADDI to      R9C13A.D1 reset_c
CTOF_DEL    ---     0.495      R9C13A.D1 to      R9C13A.F1 system/SLICE_299
ROUTE         3     1.430      R9C13A.F1 to      R9C17B.A1 system/writing_RNIPF6JP
CTOF_DEL    ---     0.495      R9C17B.A1 to      R9C17B.F1 system/SLICE_348
ROUTE         7     0.767      R9C17B.F1 to     R10C17D.C1 system/core/engine/retirec_1
CTOOFX_DEL  ---     0.721     R10C17D.C1 to   R10C17D.OFX0 system/core/engine/seq/predicates_pmux_6/SLICE_258
ROUTE         1     0.626   R10C17D.OFX0 to     R10C17A.D1 system/core/engine/seq/N_74
CTOF_DEL    ---     0.495     R10C17A.D1 to     R10C17A.F1 system/core/engine/seq/SLICE_382
ROUTE         2     0.635     R10C17A.F1 to     R10C17C.D1 system/core/engine/seq/condition
CTOF_DEL    ---     0.495     R10C17C.D1 to     R10C17C.F1 system/core/engine/seq/SLICE_366
ROUTE         2     1.392     R10C17C.F1 to      R8C20A.D0 system/core/engine/seq/un1_next_address78_1[0]
CTOF_DEL    ---     0.495      R8C20A.D0 to      R8C20A.F0 system/core/engine/seq/SLICE_510
ROUTE         9     1.003      R8C20A.F0 to      R7C20C.A0 system/core/engine/seq/next_address_2_sqmuxa
CTOF_DEL    ---     0.495      R7C20C.A0 to      R7C20C.F0 system/core/engine/seq/SLICE_379
ROUTE         1     0.986      R7C20C.F0 to      R7C19C.A1 system/core/engine/seq/next_address_1_iv_5[5]
CTOF_DEL    ---     0.495      R7C19C.A1 to      R7C19C.F1 system/core/engine/seq/SLICE_254
ROUTE         5     0.009      R7C19C.F1 to     R7C19C.DI1 system/core/engine/next_address[5] (to clk_c)
                  --------
                   15.943   (33.4% logic, 66.6% route), 9 logic levels.

Unconstrained Preference:
   INPUT_SETUP PORT "reset" CLKPORT "clk" 

Report:   16.003ns delay reset to system/core/engine/SLICE_164 (15.721ns delay and 0.282ns setup)

   Name    Fanout   Delay (ns)          Site               Resource
PADI_DEL    ---     1.132          4.PAD to        4.PADDI reset
ROUTE       250     3.777        4.PADDI to      R9C13A.D1 reset_c
CTOF_DEL    ---     0.495      R9C13A.D1 to      R9C13A.F1 system/SLICE_299
ROUTE         3     0.640      R9C13A.F1 to      R8C13C.D1 system/writing_RNIPF6JP
CTOF_DEL    ---     0.495      R8C13C.D1 to      R8C13C.F1 system/SLICE_350
ROUTE         8     1.221      R8C13C.F1 to      R2C15B.D1 system/requestdup
CTOF_DEL    ---     0.495      R2C15B.D1 to      R2C15B.F1 system/SLICE_354
ROUTE         2     2.032      R2C15B.F1 to      R7C18C.C0 system/core/engine/writing_RNIELSJN1
CTOF_DEL    ---     0.495      R7C18C.C0 to      R7C18C.F0 system/core/engine/SLICE_295
ROUTE         7     2.598      R7C18C.F0 to       R5C8A.B0 system/stepdup
CTOF_DEL    ---     0.495       R5C8A.B0 to       R5C8A.F0 system/core/engine/status/SLICE_512
ROUTE         2     1.846       R5C8A.F0 to       R4C7C.CE system/core/engine/status/pswcedup[4] (to clk_c)
                  --------
                   15.721   (22.9% logic, 77.1% route), 6 logic levels.

Unconstrained Preference:
   INPUT_SETUP PORT "reset" CLKPORT "clk" 

Report:   15.977ns delay reset to system/core/engine/SLICE_570 (15.695ns delay and 0.282ns setup)

   Name    Fanout   Delay (ns)          Site               Resource
PADI_DEL    ---     1.132          4.PAD to        4.PADDI reset
ROUTE       250     3.777        4.PADDI to      R9C13A.D1 reset_c
CTOF_DEL    ---     0.495      R9C13A.D1 to      R9C13A.F1 system/SLICE_299
ROUTE         3     0.640      R9C13A.F1 to      R8C13C.D1 system/writing_RNIPF6JP
CTOF_DEL    ---     0.495      R8C13C.D1 to      R8C13C.F1 system/SLICE_350
ROUTE         8     1.221      R8C13C.F1 to      R2C15B.D1 system/requestdup
CTOF_DEL    ---     0.495      R2C15B.D1 to      R2C15B.F1 system/SLICE_354
ROUTE         2     2.032      R2C15B.F1 to      R7C18C.C0 system/core/engine/writing_RNIELSJN1
CTOF_DEL    ---     0.495      R7C18C.C0 to      R7C18C.F0 system/core/engine/SLICE_295
ROUTE         7     1.508      R7C18C.F0 to      R4C18C.A0 system/stepdup
CTOF_DEL    ---     0.495      R4C18C.A0 to      R4C18C.F0 system/core/engine/SLICE_473
ROUTE         4     2.910      R4C18C.F0 to      R7C13A.CE system/core/engine/irq_ack_0_RNICFTD21 (to clk_c)
                  --------
                   15.695   (23.0% logic, 77.0% route), 6 logic levels.

Unconstrained Preference:
   INPUT_SETUP PORT "reset" CLKPORT "clk" 

Report:   15.897ns delay reset to system/core/engine/seq/SLICE_254 (15.731ns delay and 0.166ns setup)

   Name    Fanout   Delay (ns)          Site               Resource
PADI_DEL    ---     1.132          4.PAD to        4.PADDI reset
ROUTE       250     3.777        4.PADDI to      R9C13A.D1 reset_c
CTOF_DEL    ---     0.495      R9C13A.D1 to      R9C13A.F1 system/SLICE_299
ROUTE         3     1.430      R9C13A.F1 to      R9C17B.A1 system/writing_RNIPF6JP
CTOF_DEL    ---     0.495      R9C17B.A1 to      R9C17B.F1 system/SLICE_348
ROUTE         7     0.767      R9C17B.F1 to     R10C17D.C1 system/core/engine/retirec_1
CTOOFX_DEL  ---     0.721     R10C17D.C1 to   R10C17D.OFX0 system/core/engine/seq/predicates_pmux_6/SLICE_258
ROUTE         1     0.626   R10C17D.OFX0 to     R10C17A.D1 system/core/engine/seq/N_74
CTOF_DEL    ---     0.495     R10C17A.D1 to     R10C17A.F1 system/core/engine/seq/SLICE_382
ROUTE         2     0.635     R10C17A.F1 to     R10C17C.D1 system/core/engine/seq/condition
CTOF_DEL    ---     0.495     R10C17C.D1 to     R10C17C.F1 system/core/engine/seq/SLICE_366
ROUTE         2     1.392     R10C17C.F1 to      R8C20A.D0 system/core/engine/seq/un1_next_address78_1[0]
CTOF_DEL    ---     0.495      R8C20A.D0 to      R8C20A.F0 system/core/engine/seq/SLICE_510
ROUTE         9     1.003      R8C20A.F0 to      R7C20A.A0 system/core/engine/seq/next_address_2_sqmuxa
CTOF_DEL    ---     0.495      R7C20A.A0 to      R7C20A.F0 system/core/engine/seq/SLICE_374
ROUTE         1     0.766      R7C20A.F0 to      R7C19C.C0 system/core/engine/seq/next_address_1_iv_5[4]
CTOF_DEL    ---     0.495      R7C19C.C0 to      R7C19C.F0 system/core/engine/seq/SLICE_254
ROUTE         5     0.017      R7C19C.F0 to     R7C19C.DI0 system/core/engine/next_address_1_iv_i[4] (to clk_c)
                  --------
                   15.731   (33.8% logic, 66.2% route), 9 logic levels.

Unconstrained Preference:
   INPUT_SETUP PORT "reset" CLKPORT "clk" 

Report:   15.897ns delay reset to system/sequential.memory/SLICE_207 (15.731ns delay and 0.166ns setup)

   Name    Fanout   Delay (ns)          Site               Resource
PADI_DEL    ---     1.132          4.PAD to        4.PADDI reset
ROUTE       250     3.777        4.PADDI to      R9C13A.D1 reset_c
CTOF_DEL    ---     0.495      R9C13A.D1 to      R9C13A.F1 system/SLICE_299
ROUTE         3     0.640      R9C13A.F1 to      R8C13C.D1 system/writing_RNIPF6JP
CTOF_DEL    ---     0.495      R8C13C.D1 to      R8C13C.F1 system/SLICE_350
ROUTE         8     1.221      R8C13C.F1 to      R2C15B.D1 system/requestdup
CTOF_DEL    ---     0.495      R2C15B.D1 to      R2C15B.F1 system/SLICE_354
ROUTE         2     2.032      R2C15B.F1 to      R7C18C.C0 system/core/engine/writing_RNIELSJN1
CTOF_DEL    ---     0.495      R7C18C.C0 to      R7C18C.F0 system/core/engine/SLICE_295
ROUTE         7     1.310      R7C18C.F0 to      R8C12D.C1 system/stepdup
CTOF_DEL    ---     0.495      R8C12D.C1 to      R8C12D.F1 SLICE_87
ROUTE        17     0.640      R8C12D.F1 to      R8C13D.D0 system/rf_writedup
CTOF_DEL    ---     0.495      R8C13D.D0 to      R8C13D.F0 system/SLICE_352
ROUTE         1     1.514      R8C13D.F0 to      R2C15A.A1 system/sequential.memory/N_36
CTOF_DEL    ---     0.495      R2C15A.A1 to      R2C15A.F1 system/sequential.memory/SLICE_207
ROUTE         1     0.000      R2C15A.F1 to     R2C15A.DI1 system/sequential.memory/N_33ss (to clk_c)
                  --------
                   15.731   (29.2% logic, 70.8% route), 8 logic levels.

Unconstrained Preference:
   INPUT_SETUP PORT "reset" CLKPORT "clk" 

Report:   15.831ns delay reset to system/core/engine/seq/SLICE_253 (15.665ns delay and 0.166ns setup)

   Name    Fanout   Delay (ns)          Site               Resource
PADI_DEL    ---     1.132          4.PAD to        4.PADDI reset
ROUTE       250     3.777        4.PADDI to      R9C13A.D1 reset_c
CTOF_DEL    ---     0.495      R9C13A.D1 to      R9C13A.F1 system/SLICE_299
ROUTE         3     1.430      R9C13A.F1 to      R9C17B.A1 system/writing_RNIPF6JP
CTOF_DEL    ---     0.495      R9C17B.A1 to      R9C17B.F1 system/SLICE_348
ROUTE         7     0.767      R9C17B.F1 to     R10C17D.C1 system/core/engine/retirec_1
CTOOFX_DEL  ---     0.721     R10C17D.C1 to   R10C17D.OFX0 system/core/engine/seq/predicates_pmux_6/SLICE_258
ROUTE         1     0.626   R10C17D.OFX0 to     R10C17A.D1 system/core/engine/seq/N_74
CTOF_DEL    ---     0.495     R10C17A.D1 to     R10C17A.F1 system/core/engine/seq/SLICE_382
ROUTE         2     0.702     R10C17A.F1 to     R10C17A.B0 system/core/engine/seq/condition
CTOF_DEL    ---     0.495     R10C17A.B0 to     R10C17A.F0 system/core/engine/seq/SLICE_382
ROUTE         1     1.079     R10C17A.F0 to      R9C19C.C0 system/core/engine/seq/next_address_0_sqmuxa_3
CTOF_DEL    ---     0.495      R9C19C.C0 to      R9C19C.F0 system/core/engine/SLICE_373
ROUTE        10     1.513      R9C19C.F0 to      R7C18B.D0 system/core/engine/seq/next_address_1_sqmuxa_5
CTOF_DEL    ---     0.495      R7C18B.D0 to      R7C18B.F0 system/core/engine/seq/SLICE_371
ROUTE         1     0.436      R7C18B.F0 to      R7C18A.C0 system/core/engine/seq/uword_m[13]
CTOF_DEL    ---     0.495      R7C18A.C0 to      R7C18A.F0 system/core/engine/seq/SLICE_253
ROUTE         5     0.017      R7C18A.F0 to     R7C18A.DI0 system/core/engine/next_address[2] (to clk_c)
                  --------
                   15.665   (33.9% logic, 66.1% route), 9 logic levels.

Unconstrained Preference:
   INPUT_SETUP PORT "reset" CLKPORT "clk" 

Report:   15.337ns delay reset to system/core/engine/SLICE_570 (15.063ns delay and 0.274ns setup)

   Name    Fanout   Delay (ns)          Site               Resource
PADI_DEL    ---     1.132          4.PAD to        4.PADDI reset
ROUTE       250     3.777        4.PADDI to      R9C13A.D1 reset_c
CTOF_DEL    ---     0.495      R9C13A.D1 to      R9C13A.F1 system/SLICE_299
ROUTE         3     0.640      R9C13A.F1 to      R8C13C.D1 system/writing_RNIPF6JP
CTOF_DEL    ---     0.495      R8C13C.D1 to      R8C13C.F1 system/SLICE_350
ROUTE         8     1.221      R8C13C.F1 to      R2C15B.D1 system/requestdup
CTOF_DEL    ---     0.495      R2C15B.D1 to      R2C15B.F1 system/SLICE_354
ROUTE         2     2.032      R2C15B.F1 to      R7C18C.C0 system/core/engine/writing_RNIELSJN1
CTOF_DEL    ---     0.495      R7C18C.C0 to      R7C18C.F0 system/core/engine/SLICE_295
ROUTE         7     1.167      R7C18C.F0 to      R4C18D.D1 system/stepdup
CTOF_DEL    ---     0.495      R4C18D.D1 to      R4C18D.F1 system/SLICE_562
ROUTE         4     2.619      R4C18D.F1 to     R7C13A.LSR system/core/engine/irq_ack_0_RNI1KR1F (to clk_c)
                  --------
                   15.063   (23.9% logic, 76.1% route), 6 logic levels.

Unconstrained Preference:
   INPUT_SETUP PORT "reset" CLKPORT "clk" 

Report:   15.309ns delay reset to SLICE_46 (15.201ns delay and 0.108ns setup)

   Name    Fanout   Delay (ns)          Site               Resource
PADI_DEL    ---     1.132          4.PAD to        4.PADDI reset
ROUTE       250     3.777        4.PADDI to      R9C13A.D1 reset_c
CTOF_DEL    ---     0.495      R9C13A.D1 to      R9C13A.F1 system/SLICE_299
ROUTE         3     0.640      R9C13A.F1 to      R8C13C.D1 system/writing_RNIPF6JP
CTOF_DEL    ---     0.495      R8C13C.D1 to      R8C13C.F1 system/SLICE_350
ROUTE         8     1.221      R8C13C.F1 to      R2C15B.D1 system/requestdup
CTOF_DEL    ---     0.495      R2C15B.D1 to      R2C15B.F1 system/SLICE_354
ROUTE         2     2.032      R2C15B.F1 to      R7C18C.C0 system/core/engine/writing_RNIELSJN1
CTOF_DEL    ---     0.495      R7C18C.C0 to      R7C18C.F0 system/core/engine/SLICE_295
ROUTE         7     1.310      R7C18C.F0 to      R8C12D.C1 system/stepdup
CTOF_DEL    ---     0.495      R8C12D.C1 to      R8C12D.F1 SLICE_87
ROUTE        17     2.614      R8C12D.F1 to     R3C13A.WRE system/rf_writedup (to clk_c)
                  --------
                   15.201   (23.7% logic, 76.3% route), 6 logic levels.

Unconstrained Preference:
   INPUT_SETUP PORT "reset" CLKPORT "clk" 

Report:   15.309ns delay reset to SLICE_47 (15.201ns delay and 0.108ns setup)

   Name    Fanout   Delay (ns)          Site               Resource
PADI_DEL    ---     1.132          4.PAD to        4.PADDI reset
ROUTE       250     3.777        4.PADDI to      R9C13A.D1 reset_c
CTOF_DEL    ---     0.495      R9C13A.D1 to      R9C13A.F1 system/SLICE_299
ROUTE         3     0.640      R9C13A.F1 to      R8C13C.D1 system/writing_RNIPF6JP
CTOF_DEL    ---     0.495      R8C13C.D1 to      R8C13C.F1 system/SLICE_350
ROUTE         8     1.221      R8C13C.F1 to      R2C15B.D1 system/requestdup
CTOF_DEL    ---     0.495      R2C15B.D1 to      R2C15B.F1 system/SLICE_354
ROUTE         2     2.032      R2C15B.F1 to      R7C18C.C0 system/core/engine/writing_RNIELSJN1
CTOF_DEL    ---     0.495      R7C18C.C0 to      R7C18C.F0 system/core/engine/SLICE_295
ROUTE         7     1.310      R7C18C.F0 to      R8C12D.C1 system/stepdup
CTOF_DEL    ---     0.495      R8C12D.C1 to      R8C12D.F1 SLICE_87
ROUTE        17     2.614      R8C12D.F1 to     R3C13B.WRE system/rf_writedup (to clk_c)
                  --------
                   15.201   (23.7% logic, 76.3% route), 6 logic levels.

Unconstrained Preference:
   INPUT_SETUP PORT "reset" CLKPORT "clk" 

Report:   15.305ns delay reset to system/core/engine/rom/lane_3 (15.384ns delay and -0.079ns setup)

   Name    Fanout   Delay (ns)          Site               Resource
PADI_DEL    ---     1.132          4.PAD to        4.PADDI reset
ROUTE       250     3.777        4.PADDI to      R9C13A.D1 reset_c
CTOF_DEL    ---     0.495      R9C13A.D1 to      R9C13A.F1 system/SLICE_299
ROUTE         3     0.640      R9C13A.F1 to      R8C13C.D1 system/writing_RNIPF6JP
CTOF_DEL    ---     0.495      R8C13C.D1 to      R8C13C.F1 system/SLICE_350
ROUTE         8     1.221      R8C13C.F1 to      R2C15B.D1 system/requestdup
CTOF_DEL    ---     0.495      R2C15B.D1 to      R2C15B.F1 system/SLICE_354
ROUTE         2     2.032      R2C15B.F1 to      R7C18C.C0 system/core/engine/writing_RNIELSJN1
CTOF_DEL    ---     0.495      R7C18C.C0 to      R7C18C.F0 system/core/engine/SLICE_295
ROUTE         7     0.453      R7C18C.F0 to      R7C18C.C1 system/stepdup
CTOF_DEL    ---     0.495      R7C18C.C1 to      R7C18C.F1 system/core/engine/SLICE_295
ROUTE         8     3.654      R7C18C.F1 to  EBR_R6C7.OCEA system/core/engine/fault_redirectdup_RNIEOSLD (to clk_c)
                  --------
                   15.384   (23.4% logic, 76.6% route), 6 logic levels.

Unconstrained Preference:
   INPUT_SETUP PORT "reset" CLKPORT "clk" 

Report:   15.277ns delay reset to system/core/engine/SLICE_470 (15.003ns delay and 0.274ns setup)

   Name    Fanout   Delay (ns)          Site               Resource
PADI_DEL    ---     1.132          4.PAD to        4.PADDI reset
ROUTE       250     3.777        4.PADDI to      R9C13A.D1 reset_c
CTOF_DEL    ---     0.495      R9C13A.D1 to      R9C13A.F1 system/SLICE_299
ROUTE         3     0.640      R9C13A.F1 to      R8C13C.D1 system/writing_RNIPF6JP
CTOF_DEL    ---     0.495      R8C13C.D1 to      R8C13C.F1 system/SLICE_350
ROUTE         8     1.221      R8C13C.F1 to      R2C15B.D1 system/requestdup
CTOF_DEL    ---     0.495      R2C15B.D1 to      R2C15B.F1 system/SLICE_354
ROUTE         2     2.032      R2C15B.F1 to      R7C18C.C0 system/core/engine/writing_RNIELSJN1
CTOF_DEL    ---     0.495      R7C18C.C0 to      R7C18C.F0 system/core/engine/SLICE_295
ROUTE         7     1.167      R7C18C.F0 to      R4C18D.D1 system/stepdup
CTOF_DEL    ---     0.495      R4C18D.D1 to      R4C18D.F1 system/SLICE_562
ROUTE         4     2.559      R4C18D.F1 to     R5C15A.LSR system/core/engine/irq_ack_0_RNI1KR1F (to clk_c)
                  --------
                   15.003   (24.0% logic, 76.0% route), 6 logic levels.

Unconstrained Preference:
   INPUT_SETUP PORT "reset" CLKPORT "clk" 

Report:   15.240ns delay reset to system/core/engine/SLICE_579 (14.966ns delay and 0.274ns setup)

   Name    Fanout   Delay (ns)          Site               Resource
PADI_DEL    ---     1.132          4.PAD to        4.PADDI reset
ROUTE       250     3.777        4.PADDI to      R9C13A.D1 reset_c
CTOF_DEL    ---     0.495      R9C13A.D1 to      R9C13A.F1 system/SLICE_299
ROUTE         3     0.640      R9C13A.F1 to      R8C13C.D1 system/writing_RNIPF6JP
CTOF_DEL    ---     0.495      R8C13C.D1 to      R8C13C.F1 system/SLICE_350
ROUTE         8     1.221      R8C13C.F1 to      R2C15B.D1 system/requestdup
CTOF_DEL    ---     0.495      R2C15B.D1 to      R2C15B.F1 system/SLICE_354
ROUTE         2     2.032      R2C15B.F1 to      R7C18C.C0 system/core/engine/writing_RNIELSJN1
CTOF_DEL    ---     0.495      R7C18C.C0 to      R7C18C.F0 system/core/engine/SLICE_295
ROUTE         7     1.167      R7C18C.F0 to      R4C18D.D1 system/stepdup
CTOF_DEL    ---     0.495      R4C18D.D1 to      R4C18D.F1 system/SLICE_562
ROUTE         4     2.522      R4C18D.F1 to     R5C14A.LSR system/core/engine/irq_ack_0_RNI1KR1F (to clk_c)
                  --------
                   14.966   (24.1% logic, 75.9% route), 6 logic levels.

Unconstrained Preference:
   INPUT_SETUP PORT "reset" CLKPORT "clk" 

Report:   15.150ns delay reset to system/core/engine/rom/lane_3 (14.924ns delay and 0.226ns setup)

   Name    Fanout   Delay (ns)          Site               Resource
PADI_DEL    ---     1.132          4.PAD to        4.PADDI reset
ROUTE       250     3.777        4.PADDI to      R9C13A.D1 reset_c
CTOF_DEL    ---     0.495      R9C13A.D1 to      R9C13A.F1 system/SLICE_299
ROUTE         3     0.640      R9C13A.F1 to      R8C13C.D1 system/writing_RNIPF6JP
CTOF_DEL    ---     0.495      R8C13C.D1 to      R8C13C.F1 system/SLICE_350
ROUTE         8     1.221      R8C13C.F1 to      R2C15B.D1 system/requestdup
CTOF_DEL    ---     0.495      R2C15B.D1 to      R2C15B.F1 system/SLICE_354
ROUTE         2     2.032      R2C15B.F1 to      R7C18C.C0 system/core/engine/writing_RNIELSJN1
CTOF_DEL    ---     0.495      R7C18C.C0 to      R7C18C.F0 system/core/engine/SLICE_295
ROUTE         7     0.453      R7C18C.F0 to      R7C18C.C1 system/stepdup
CTOF_DEL    ---     0.495      R7C18C.C1 to      R7C18C.F1 system/core/engine/SLICE_295
ROUTE         8     3.194      R7C18C.F1 to   EBR_R6C7.CEA system/core/engine/fault_redirectdup_RNIEOSLD (to clk_c)
                  --------
                   14.924   (24.2% logic, 75.8% route), 6 logic levels.

Unconstrained Preference:
   INPUT_SETUP PORT "reset" CLKPORT "clk" 

Report:   15.149ns delay reset to system/core/engine/SLICE_163 (14.867ns delay and 0.282ns setup)

   Name    Fanout   Delay (ns)          Site               Resource
PADI_DEL    ---     1.132          4.PAD to        4.PADDI reset
ROUTE       250     3.777        4.PADDI to      R9C13A.D1 reset_c
CTOF_DEL    ---     0.495      R9C13A.D1 to      R9C13A.F1 system/SLICE_299
ROUTE         3     0.640      R9C13A.F1 to      R8C13C.D1 system/writing_RNIPF6JP
CTOF_DEL    ---     0.495      R8C13C.D1 to      R8C13C.F1 system/SLICE_350
ROUTE         8     1.221      R8C13C.F1 to      R2C15B.D1 system/requestdup
CTOF_DEL    ---     0.495      R2C15B.D1 to      R2C15B.F1 system/SLICE_354
ROUTE         2     2.032      R2C15B.F1 to      R7C18C.C0 system/core/engine/writing_RNIELSJN1
CTOF_DEL    ---     0.495      R7C18C.C0 to      R7C18C.F0 system/core/engine/SLICE_295
ROUTE         7     2.598      R7C18C.F0 to       R5C8A.B0 system/stepdup
CTOF_DEL    ---     0.495       R5C8A.B0 to       R5C8A.F0 system/core/engine/status/SLICE_512
ROUTE         2     0.992       R5C8A.F0 to       R3C8C.CE system/core/engine/status/pswcedup[4] (to clk_c)
                  --------
                   14.867   (24.3% logic, 75.7% route), 6 logic levels.

Unconstrained Preference:
   INPUT_SETUP PORT "reset" CLKPORT "clk" 

Report:   15.011ns delay reset to system/core/engine/SLICE_470 (14.729ns delay and 0.282ns setup)

   Name    Fanout   Delay (ns)          Site               Resource
PADI_DEL    ---     1.132          4.PAD to        4.PADDI reset
ROUTE       250     3.777        4.PADDI to      R9C13A.D1 reset_c
CTOF_DEL    ---     0.495      R9C13A.D1 to      R9C13A.F1 system/SLICE_299
ROUTE         3     0.640      R9C13A.F1 to      R8C13C.D1 system/writing_RNIPF6JP
CTOF_DEL    ---     0.495      R8C13C.D1 to      R8C13C.F1 system/SLICE_350
ROUTE         8     1.221      R8C13C.F1 to      R2C15B.D1 system/requestdup
CTOF_DEL    ---     0.495      R2C15B.D1 to      R2C15B.F1 system/SLICE_354
ROUTE         2     2.032      R2C15B.F1 to      R7C18C.C0 system/core/engine/writing_RNIELSJN1
CTOF_DEL    ---     0.495      R7C18C.C0 to      R7C18C.F0 system/core/engine/SLICE_295
ROUTE         7     1.508      R7C18C.F0 to      R4C18C.A0 system/stepdup
CTOF_DEL    ---     0.495      R4C18C.A0 to      R4C18C.F0 system/core/engine/SLICE_473
ROUTE         4     1.944      R4C18C.F0 to      R5C15A.CE system/core/engine/irq_ack_0_RNICFTD21 (to clk_c)
                  --------
                   14.729   (24.5% logic, 75.5% route), 6 logic levels.

Unconstrained Preference:
   INPUT_SETUP PORT "reset" CLKPORT "clk" 

Report:   15.004ns delay reset to system/core/engine/SLICE_579 (14.722ns delay and 0.282ns setup)

   Name    Fanout   Delay (ns)          Site               Resource
PADI_DEL    ---     1.132          4.PAD to        4.PADDI reset
ROUTE       250     3.777        4.PADDI to      R9C13A.D1 reset_c
CTOF_DEL    ---     0.495      R9C13A.D1 to      R9C13A.F1 system/SLICE_299
ROUTE         3     0.640      R9C13A.F1 to      R8C13C.D1 system/writing_RNIPF6JP
CTOF_DEL    ---     0.495      R8C13C.D1 to      R8C13C.F1 system/SLICE_350
ROUTE         8     1.221      R8C13C.F1 to      R2C15B.D1 system/requestdup
CTOF_DEL    ---     0.495      R2C15B.D1 to      R2C15B.F1 system/SLICE_354
ROUTE         2     2.032      R2C15B.F1 to      R7C18C.C0 system/core/engine/writing_RNIELSJN1
CTOF_DEL    ---     0.495      R7C18C.C0 to      R7C18C.F0 system/core/engine/SLICE_295
ROUTE         7     1.508      R7C18C.F0 to      R4C18C.A0 system/stepdup
CTOF_DEL    ---     0.495      R4C18C.A0 to      R4C18C.F0 system/core/engine/SLICE_473
ROUTE         4     1.937      R4C18C.F0 to      R5C14A.CE system/core/engine/irq_ack_0_RNICFTD21 (to clk_c)
                  --------
                   14.722   (24.5% logic, 75.5% route), 6 logic levels.

Unconstrained Preference:
   INPUT_SETUP PORT "reset" CLKPORT "clk" 

Report:   14.937ns delay reset to system/core/engine/seq/SLICE_253 (14.655ns delay and 0.282ns setup)

   Name    Fanout   Delay (ns)          Site               Resource
PADI_DEL    ---     1.132          4.PAD to        4.PADDI reset
ROUTE       250     3.777        4.PADDI to      R9C13A.D1 reset_c
CTOF_DEL    ---     0.495      R9C13A.D1 to      R9C13A.F1 system/SLICE_299
ROUTE         3     0.640      R9C13A.F1 to      R8C13C.D1 system/writing_RNIPF6JP
CTOF_DEL    ---     0.495      R8C13C.D1 to      R8C13C.F1 system/SLICE_350
ROUTE         8     1.221      R8C13C.F1 to      R2C15B.D1 system/requestdup
CTOF_DEL    ---     0.495      R2C15B.D1 to      R2C15B.F1 system/SLICE_354
ROUTE         2     2.032      R2C15B.F1 to      R7C18C.C0 system/core/engine/writing_RNIELSJN1
CTOF_DEL    ---     0.495      R7C18C.C0 to      R7C18C.F0 system/core/engine/SLICE_295
ROUTE         7     1.288      R7C18C.F0 to      R4C18A.C1 system/stepdup
CTOF_DEL    ---     0.495      R4C18A.C1 to      R4C18A.F1 system/core/engine/SLICE_182
ROUTE         5     2.090      R4C18A.F1 to      R7C18A.CE system/core/engine/frame_active_RNIJ9OTE (to clk_c)
                  --------
                   14.655   (24.6% logic, 75.4% route), 6 logic levels.

Unconstrained Preference:
   INPUT_SETUP PORT "reset" CLKPORT "clk" 

Report:   14.882ns delay reset to SLICE_37 (14.774ns delay and 0.108ns setup)

   Name    Fanout   Delay (ns)          Site               Resource
PADI_DEL    ---     1.132          4.PAD to        4.PADDI reset
ROUTE       250     3.777        4.PADDI to      R9C13A.D1 reset_c
CTOF_DEL    ---     0.495      R9C13A.D1 to      R9C13A.F1 system/SLICE_299
ROUTE         3     0.640      R9C13A.F1 to      R8C13C.D1 system/writing_RNIPF6JP
CTOF_DEL    ---     0.495      R8C13C.D1 to      R8C13C.F1 system/SLICE_350
ROUTE         8     1.221      R8C13C.F1 to      R2C15B.D1 system/requestdup
CTOF_DEL    ---     0.495      R2C15B.D1 to      R2C15B.F1 system/SLICE_354
ROUTE         2     2.032      R2C15B.F1 to      R7C18C.C0 system/core/engine/writing_RNIELSJN1
CTOF_DEL    ---     0.495      R7C18C.C0 to      R7C18C.F0 system/core/engine/SLICE_295
ROUTE         7     1.310      R7C18C.F0 to      R8C12D.C1 system/stepdup
CTOF_DEL    ---     0.495      R8C12D.C1 to      R8C12D.F1 SLICE_87
ROUTE        17     2.187      R8C12D.F1 to     R3C10A.WRE system/rf_writedup (to clk_c)
                  --------
                   14.774   (24.4% logic, 75.6% route), 6 logic levels.

Unconstrained Preference:
   INPUT_SETUP PORT "reset" CLKPORT "clk" 

Report:   14.882ns delay reset to SLICE_38 (14.774ns delay and 0.108ns setup)

   Name    Fanout   Delay (ns)          Site               Resource
PADI_DEL    ---     1.132          4.PAD to        4.PADDI reset
ROUTE       250     3.777        4.PADDI to      R9C13A.D1 reset_c
CTOF_DEL    ---     0.495      R9C13A.D1 to      R9C13A.F1 system/SLICE_299
ROUTE         3     0.640      R9C13A.F1 to      R8C13C.D1 system/writing_RNIPF6JP
CTOF_DEL    ---     0.495      R8C13C.D1 to      R8C13C.F1 system/SLICE_350
ROUTE         8     1.221      R8C13C.F1 to      R2C15B.D1 system/requestdup
CTOF_DEL    ---     0.495      R2C15B.D1 to      R2C15B.F1 system/SLICE_354
ROUTE         2     2.032      R2C15B.F1 to      R7C18C.C0 system/core/engine/writing_RNIELSJN1
CTOF_DEL    ---     0.495      R7C18C.C0 to      R7C18C.F0 system/core/engine/SLICE_295
ROUTE         7     1.310      R7C18C.F0 to      R8C12D.C1 system/stepdup
CTOF_DEL    ---     0.495      R8C12D.C1 to      R8C12D.F1 SLICE_87
ROUTE        17     2.187      R8C12D.F1 to     R3C10B.WRE system/rf_writedup (to clk_c)
                  --------
                   14.774   (24.4% logic, 75.6% route), 6 logic levels.

Unconstrained Preference:
   INPUT_SETUP PORT "reset" CLKPORT "clk" 

Report:   14.882ns delay reset to SLICE_40 (14.774ns delay and 0.108ns setup)

   Name    Fanout   Delay (ns)          Site               Resource
PADI_DEL    ---     1.132          4.PAD to        4.PADDI reset
ROUTE       250     3.777        4.PADDI to      R9C13A.D1 reset_c
CTOF_DEL    ---     0.495      R9C13A.D1 to      R9C13A.F1 system/SLICE_299
ROUTE         3     0.640      R9C13A.F1 to      R8C13C.D1 system/writing_RNIPF6JP
CTOF_DEL    ---     0.495      R8C13C.D1 to      R8C13C.F1 system/SLICE_350
ROUTE         8     1.221      R8C13C.F1 to      R2C15B.D1 system/requestdup
CTOF_DEL    ---     0.495      R2C15B.D1 to      R2C15B.F1 system/SLICE_354
ROUTE         2     2.032      R2C15B.F1 to      R7C18C.C0 system/core/engine/writing_RNIELSJN1
CTOF_DEL    ---     0.495      R7C18C.C0 to      R7C18C.F0 system/core/engine/SLICE_295
ROUTE         7     1.310      R7C18C.F0 to      R8C12D.C1 system/stepdup
CTOF_DEL    ---     0.495      R8C12D.C1 to      R8C12D.F1 SLICE_87
ROUTE        17     2.187      R8C12D.F1 to     R3C11A.WRE system/rf_writedup (to clk_c)
                  --------
                   14.774   (24.4% logic, 75.6% route), 6 logic levels.

Unconstrained Preference:
   INPUT_SETUP PORT "reset" CLKPORT "clk" 

Report:   14.882ns delay reset to SLICE_41 (14.774ns delay and 0.108ns setup)

   Name    Fanout   Delay (ns)          Site               Resource
PADI_DEL    ---     1.132          4.PAD to        4.PADDI reset
ROUTE       250     3.777        4.PADDI to      R9C13A.D1 reset_c
CTOF_DEL    ---     0.495      R9C13A.D1 to      R9C13A.F1 system/SLICE_299
ROUTE         3     0.640      R9C13A.F1 to      R8C13C.D1 system/writing_RNIPF6JP
CTOF_DEL    ---     0.495      R8C13C.D1 to      R8C13C.F1 system/SLICE_350
ROUTE         8     1.221      R8C13C.F1 to      R2C15B.D1 system/requestdup
CTOF_DEL    ---     0.495      R2C15B.D1 to      R2C15B.F1 system/SLICE_354
ROUTE         2     2.032      R2C15B.F1 to      R7C18C.C0 system/core/engine/writing_RNIELSJN1
CTOF_DEL    ---     0.495      R7C18C.C0 to      R7C18C.F0 system/core/engine/SLICE_295
ROUTE         7     1.310      R7C18C.F0 to      R8C12D.C1 system/stepdup
CTOF_DEL    ---     0.495      R8C12D.C1 to      R8C12D.F1 SLICE_87
ROUTE        17     2.187      R8C12D.F1 to     R3C11B.WRE system/rf_writedup (to clk_c)
                  --------
                   14.774   (24.4% logic, 75.6% route), 6 logic levels.

Unconstrained Preference:
   INPUT_SETUP PORT "reset" CLKPORT "clk" 

Report:   14.723ns delay reset to system/core/engine/rom/lane_2 (14.497ns delay and 0.226ns setup)

   Name    Fanout   Delay (ns)          Site               Resource
PADI_DEL    ---     1.132          4.PAD to        4.PADDI reset
ROUTE       250     3.777        4.PADDI to      R9C13A.D1 reset_c
CTOF_DEL    ---     0.495      R9C13A.D1 to      R9C13A.F1 system/SLICE_299
ROUTE         3     0.640      R9C13A.F1 to      R8C13C.D1 system/writing_RNIPF6JP
CTOF_DEL    ---     0.495      R8C13C.D1 to      R8C13C.F1 system/SLICE_350
ROUTE         8     1.221      R8C13C.F1 to      R2C15B.D1 system/requestdup
CTOF_DEL    ---     0.495      R2C15B.D1 to      R2C15B.F1 system/SLICE_354
ROUTE         2     2.032      R2C15B.F1 to      R7C18C.C0 system/core/engine/writing_RNIELSJN1
CTOF_DEL    ---     0.495      R7C18C.C0 to      R7C18C.F0 system/core/engine/SLICE_295
ROUTE         7     0.453      R7C18C.F0 to      R7C18C.C1 system/stepdup
CTOF_DEL    ---     0.495      R7C18C.C1 to      R7C18C.F1 system/core/engine/SLICE_295
ROUTE         8     2.767      R7C18C.F1 to  EBR_R6C10.CEA system/core/engine/fault_redirectdup_RNIEOSLD (to clk_c)
                  --------
                   14.497   (24.9% logic, 75.1% route), 6 logic levels.

Unconstrained Preference:
   INPUT_SETUP PORT "reset" CLKPORT "clk" 

Report:   14.510ns delay reset to system/core/engine/seq/SLICE_252 (14.228ns delay and 0.282ns setup)

   Name    Fanout   Delay (ns)          Site               Resource
PADI_DEL    ---     1.132          4.PAD to        4.PADDI reset
ROUTE       250     3.777        4.PADDI to      R9C13A.D1 reset_c
CTOF_DEL    ---     0.495      R9C13A.D1 to      R9C13A.F1 system/SLICE_299
ROUTE         3     0.640      R9C13A.F1 to      R8C13C.D1 system/writing_RNIPF6JP
CTOF_DEL    ---     0.495      R8C13C.D1 to      R8C13C.F1 system/SLICE_350
ROUTE         8     1.221      R8C13C.F1 to      R2C15B.D1 system/requestdup
CTOF_DEL    ---     0.495      R2C15B.D1 to      R2C15B.F1 system/SLICE_354
ROUTE         2     2.032      R2C15B.F1 to      R7C18C.C0 system/core/engine/writing_RNIELSJN1
CTOF_DEL    ---     0.495      R7C18C.C0 to      R7C18C.F0 system/core/engine/SLICE_295
ROUTE         7     1.288      R7C18C.F0 to      R4C18A.C1 system/stepdup
CTOF_DEL    ---     0.495      R4C18A.C1 to      R4C18A.F1 system/core/engine/SLICE_182
ROUTE         5     1.663      R4C18A.F1 to      R7C19A.CE system/core/engine/frame_active_RNIJ9OTE (to clk_c)
                  --------
                   14.228   (25.4% logic, 74.6% route), 6 logic levels.

Unconstrained Preference:
   INPUT_SETUP PORT "reset" CLKPORT "clk" 

Report:   14.510ns delay reset to system/core/engine/seq/SLICE_254 (14.228ns delay and 0.282ns setup)

   Name    Fanout   Delay (ns)          Site               Resource
PADI_DEL    ---     1.132          4.PAD to        4.PADDI reset
ROUTE       250     3.777        4.PADDI to      R9C13A.D1 reset_c
CTOF_DEL    ---     0.495      R9C13A.D1 to      R9C13A.F1 system/SLICE_299
ROUTE         3     0.640      R9C13A.F1 to      R8C13C.D1 system/writing_RNIPF6JP
CTOF_DEL    ---     0.495      R8C13C.D1 to      R8C13C.F1 system/SLICE_350
ROUTE         8     1.221      R8C13C.F1 to      R2C15B.D1 system/requestdup
CTOF_DEL    ---     0.495      R2C15B.D1 to      R2C15B.F1 system/SLICE_354
ROUTE         2     2.032      R2C15B.F1 to      R7C18C.C0 system/core/engine/writing_RNIELSJN1
CTOF_DEL    ---     0.495      R7C18C.C0 to      R7C18C.F0 system/core/engine/SLICE_295
ROUTE         7     1.288      R7C18C.F0 to      R4C18A.C1 system/stepdup
CTOF_DEL    ---     0.495      R4C18A.C1 to      R4C18A.F1 system/core/engine/SLICE_182
ROUTE         5     1.663      R4C18A.F1 to      R7C19C.CE system/core/engine/frame_active_RNIJ9OTE (to clk_c)
                  --------
                   14.228   (25.4% logic, 74.6% route), 6 logic levels.

Unconstrained Preference:
   INPUT_SETUP PORT "reset" CLKPORT "clk" 

Report:   14.510ns delay reset to system/core/engine/seq/SLICE_255 (14.228ns delay and 0.282ns setup)

   Name    Fanout   Delay (ns)          Site               Resource
PADI_DEL    ---     1.132          4.PAD to        4.PADDI reset
ROUTE       250     3.777        4.PADDI to      R9C13A.D1 reset_c
CTOF_DEL    ---     0.495      R9C13A.D1 to      R9C13A.F1 system/SLICE_299
ROUTE         3     0.640      R9C13A.F1 to      R8C13C.D1 system/writing_RNIPF6JP
CTOF_DEL    ---     0.495      R8C13C.D1 to      R8C13C.F1 system/SLICE_350
ROUTE         8     1.221      R8C13C.F1 to      R2C15B.D1 system/requestdup
CTOF_DEL    ---     0.495      R2C15B.D1 to      R2C15B.F1 system/SLICE_354
ROUTE         2     2.032      R2C15B.F1 to      R7C18C.C0 system/core/engine/writing_RNIELSJN1
CTOF_DEL    ---     0.495      R7C18C.C0 to      R7C18C.F0 system/core/engine/SLICE_295
ROUTE         7     1.288      R7C18C.F0 to      R4C18A.C1 system/stepdup
CTOF_DEL    ---     0.495      R4C18A.C1 to      R4C18A.F1 system/core/engine/SLICE_182
ROUTE         5     1.663      R4C18A.F1 to      R7C19D.CE system/core/engine/frame_active_RNIJ9OTE (to clk_c)
                  --------
                   14.228   (25.4% logic, 74.6% route), 6 logic levels.

Unconstrained Preference:
   INPUT_SETUP PORT "reset" CLKPORT "clk" 

Report:   14.510ns delay reset to system/core/engine/seq/SLICE_256 (14.228ns delay and 0.282ns setup)

   Name    Fanout   Delay (ns)          Site               Resource
PADI_DEL    ---     1.132          4.PAD to        4.PADDI reset
ROUTE       250     3.777        4.PADDI to      R9C13A.D1 reset_c
CTOF_DEL    ---     0.495      R9C13A.D1 to      R9C13A.F1 system/SLICE_299
ROUTE         3     0.640      R9C13A.F1 to      R8C13C.D1 system/writing_RNIPF6JP
CTOF_DEL    ---     0.495      R8C13C.D1 to      R8C13C.F1 system/SLICE_350
ROUTE         8     1.221      R8C13C.F1 to      R2C15B.D1 system/requestdup
CTOF_DEL    ---     0.495      R2C15B.D1 to      R2C15B.F1 system/SLICE_354
ROUTE         2     2.032      R2C15B.F1 to      R7C18C.C0 system/core/engine/writing_RNIELSJN1
CTOF_DEL    ---     0.495      R7C18C.C0 to      R7C18C.F0 system/core/engine/SLICE_295
ROUTE         7     1.288      R7C18C.F0 to      R4C18A.C1 system/stepdup
CTOF_DEL    ---     0.495      R4C18A.C1 to      R4C18A.F1 system/core/engine/SLICE_182
ROUTE         5     1.663      R4C18A.F1 to      R7C19B.CE system/core/engine/frame_active_RNIJ9OTE (to clk_c)
                  --------
                   14.228   (25.4% logic, 74.6% route), 6 logic levels.

Unconstrained Preference:
   INPUT_SETUP PORT "reset" CLKPORT "clk" 

Report:   14.485ns delay reset to system/SLICE_52 (14.377ns delay and 0.108ns setup)

   Name    Fanout   Delay (ns)          Site               Resource
PADI_DEL    ---     1.132          4.PAD to        4.PADDI reset
ROUTE       250     3.777        4.PADDI to      R9C13A.D1 reset_c
CTOF_DEL    ---     0.495      R9C13A.D1 to      R9C13A.F1 system/SLICE_299
ROUTE         3     0.640      R9C13A.F1 to      R8C13C.D1 system/writing_RNIPF6JP
CTOF_DEL    ---     0.495      R8C13C.D1 to      R8C13C.F1 system/SLICE_350
ROUTE         8     1.221      R8C13C.F1 to      R2C15B.D1 system/requestdup
CTOF_DEL    ---     0.495      R2C15B.D1 to      R2C15B.F1 system/SLICE_354
ROUTE         2     2.032      R2C15B.F1 to      R7C18C.C0 system/core/engine/writing_RNIELSJN1
CTOF_DEL    ---     0.495      R7C18C.C0 to      R7C18C.F0 system/core/engine/SLICE_295
ROUTE         7     1.310      R7C18C.F0 to      R8C12D.C1 system/stepdup
CTOF_DEL    ---     0.495      R8C12D.C1 to      R8C12D.F1 SLICE_87
ROUTE        17     1.790      R8C12D.F1 to      R7C5A.WRE system/rf_writedup (to clk_c)
                  --------
                   14.377   (25.1% logic, 74.9% route), 6 logic levels.

Unconstrained Preference:
   INPUT_SETUP PORT "reset" CLKPORT "clk" 

Report:   14.485ns delay reset to system/SLICE_53 (14.377ns delay and 0.108ns setup)

   Name    Fanout   Delay (ns)          Site               Resource
PADI_DEL    ---     1.132          4.PAD to        4.PADDI reset
ROUTE       250     3.777        4.PADDI to      R9C13A.D1 reset_c
CTOF_DEL    ---     0.495      R9C13A.D1 to      R9C13A.F1 system/SLICE_299
ROUTE         3     0.640      R9C13A.F1 to      R8C13C.D1 system/writing_RNIPF6JP
CTOF_DEL    ---     0.495      R8C13C.D1 to      R8C13C.F1 system/SLICE_350
ROUTE         8     1.221      R8C13C.F1 to      R2C15B.D1 system/requestdup
CTOF_DEL    ---     0.495      R2C15B.D1 to      R2C15B.F1 system/SLICE_354
ROUTE         2     2.032      R2C15B.F1 to      R7C18C.C0 system/core/engine/writing_RNIELSJN1
CTOF_DEL    ---     0.495      R7C18C.C0 to      R7C18C.F0 system/core/engine/SLICE_295
ROUTE         7     1.310      R7C18C.F0 to      R8C12D.C1 system/stepdup
CTOF_DEL    ---     0.495      R8C12D.C1 to      R8C12D.F1 SLICE_87
ROUTE        17     1.790      R8C12D.F1 to      R7C5B.WRE system/rf_writedup (to clk_c)
                  --------
                   14.377   (25.1% logic, 74.9% route), 6 logic levels.

Unconstrained Preference:
   INPUT_SETUP PORT "reset" CLKPORT "clk" 

Report:   14.423ns delay reset to system/core/engine/SLICE_301 (14.149ns delay and 0.274ns setup)

   Name    Fanout   Delay (ns)          Site               Resource
PADI_DEL    ---     1.132          4.PAD to        4.PADDI reset
ROUTE       250     3.777        4.PADDI to      R9C13A.D1 reset_c
CTOF_DEL    ---     0.495      R9C13A.D1 to      R9C13A.F1 system/SLICE_299
ROUTE         3     0.640      R9C13A.F1 to      R8C13C.D1 system/writing_RNIPF6JP
CTOF_DEL    ---     0.495      R8C13C.D1 to      R8C13C.F1 system/SLICE_350
ROUTE         8     1.221      R8C13C.F1 to      R2C15B.D1 system/requestdup
CTOF_DEL    ---     0.495      R2C15B.D1 to      R2C15B.F1 system/SLICE_354
ROUTE         2     2.032      R2C15B.F1 to      R7C18C.C0 system/core/engine/writing_RNIELSJN1
CTOF_DEL    ---     0.495      R7C18C.C0 to      R7C18C.F0 system/core/engine/SLICE_295
ROUTE         7     1.167      R7C18C.F0 to      R4C18D.D1 system/stepdup
CTOF_DEL    ---     0.495      R4C18D.D1 to      R4C18D.F1 system/SLICE_562
ROUTE         4     1.705      R4C18D.F1 to     R4C16A.LSR system/core/engine/irq_ack_0_RNI1KR1F (to clk_c)
                  --------
                   14.149   (25.5% logic, 74.5% route), 6 logic levels.

Unconstrained Preference:
   INPUT_SETUP PORT "reset" CLKPORT "clk" 

Report:   14.418ns delay reset to system/core/engine/rom/lane_2 (14.497ns delay and -0.079ns setup)

   Name    Fanout   Delay (ns)          Site               Resource
PADI_DEL    ---     1.132          4.PAD to        4.PADDI reset
ROUTE       250     3.777        4.PADDI to      R9C13A.D1 reset_c
CTOF_DEL    ---     0.495      R9C13A.D1 to      R9C13A.F1 system/SLICE_299
ROUTE         3     0.640      R9C13A.F1 to      R8C13C.D1 system/writing_RNIPF6JP
CTOF_DEL    ---     0.495      R8C13C.D1 to      R8C13C.F1 system/SLICE_350
ROUTE         8     1.221      R8C13C.F1 to      R2C15B.D1 system/requestdup
CTOF_DEL    ---     0.495      R2C15B.D1 to      R2C15B.F1 system/SLICE_354
ROUTE         2     2.032      R2C15B.F1 to      R7C18C.C0 system/core/engine/writing_RNIELSJN1
CTOF_DEL    ---     0.495      R7C18C.C0 to      R7C18C.F0 system/core/engine/SLICE_295
ROUTE         7     0.453      R7C18C.F0 to      R7C18C.C1 system/stepdup
CTOF_DEL    ---     0.495      R7C18C.C1 to      R7C18C.F1 system/core/engine/SLICE_295
ROUTE         8     2.767      R7C18C.F1 to EBR_R6C10.OCEA system/core/engine/fault_redirectdup_RNIEOSLD (to clk_c)
                  --------
                   14.497   (24.9% logic, 75.1% route), 6 logic levels.

Unconstrained Preference:
   INPUT_SETUP PORT "reset" CLKPORT "clk" 

Report:   14.276ns delay reset to system/core/engine/rom/lane_1 (14.050ns delay and 0.226ns setup)

   Name    Fanout   Delay (ns)          Site               Resource
PADI_DEL    ---     1.132          4.PAD to        4.PADDI reset
ROUTE       250     3.777        4.PADDI to      R9C13A.D1 reset_c
CTOF_DEL    ---     0.495      R9C13A.D1 to      R9C13A.F1 system/SLICE_299
ROUTE         3     0.640      R9C13A.F1 to      R8C13C.D1 system/writing_RNIPF6JP
CTOF_DEL    ---     0.495      R8C13C.D1 to      R8C13C.F1 system/SLICE_350
ROUTE         8     1.221      R8C13C.F1 to      R2C15B.D1 system/requestdup
CTOF_DEL    ---     0.495      R2C15B.D1 to      R2C15B.F1 system/SLICE_354
ROUTE         2     2.032      R2C15B.F1 to      R7C18C.C0 system/core/engine/writing_RNIELSJN1
CTOF_DEL    ---     0.495      R7C18C.C0 to      R7C18C.F0 system/core/engine/SLICE_295
ROUTE         7     0.453      R7C18C.F0 to      R7C18C.C1 system/stepdup
CTOF_DEL    ---     0.495      R7C18C.C1 to      R7C18C.F1 system/core/engine/SLICE_295
ROUTE         8     2.320      R7C18C.F1 to  EBR_R6C14.CEA system/core/engine/fault_redirectdup_RNIEOSLD (to clk_c)
                  --------
                   14.050   (25.7% logic, 74.3% route), 6 logic levels.

Unconstrained Preference:
   INPUT_SETUP PORT "reset" CLKPORT "clk" 

Report:   14.143ns delay reset to system/core/engine/SLICE_301 (13.861ns delay and 0.282ns setup)

   Name    Fanout   Delay (ns)          Site               Resource
PADI_DEL    ---     1.132          4.PAD to        4.PADDI reset
ROUTE       250     3.777        4.PADDI to      R9C13A.D1 reset_c
CTOF_DEL    ---     0.495      R9C13A.D1 to      R9C13A.F1 system/SLICE_299
ROUTE         3     0.640      R9C13A.F1 to      R8C13C.D1 system/writing_RNIPF6JP
CTOF_DEL    ---     0.495      R8C13C.D1 to      R8C13C.F1 system/SLICE_350
ROUTE         8     1.221      R8C13C.F1 to      R2C15B.D1 system/requestdup
CTOF_DEL    ---     0.495      R2C15B.D1 to      R2C15B.F1 system/SLICE_354
ROUTE         2     2.032      R2C15B.F1 to      R7C18C.C0 system/core/engine/writing_RNIELSJN1
CTOF_DEL    ---     0.495      R7C18C.C0 to      R7C18C.F0 system/core/engine/SLICE_295
ROUTE         7     1.508      R7C18C.F0 to      R4C18C.A0 system/stepdup
CTOF_DEL    ---     0.495      R4C18C.A0 to      R4C18C.F0 system/core/engine/SLICE_473
ROUTE         4     1.076      R4C18C.F0 to      R4C16A.CE system/core/engine/irq_ack_0_RNICFTD21 (to clk_c)
                  --------
                   13.861   (26.0% logic, 74.0% route), 6 logic levels.

Unconstrained Preference:
   INPUT_SETUP PORT "reset" CLKPORT "clk" 

Report:   14.058ns delay reset to system/SLICE_35 (13.950ns delay and 0.108ns setup)

   Name    Fanout   Delay (ns)          Site               Resource
PADI_DEL    ---     1.132          4.PAD to        4.PADDI reset
ROUTE       250     3.777        4.PADDI to      R9C13A.D1 reset_c
CTOF_DEL    ---     0.495      R9C13A.D1 to      R9C13A.F1 system/SLICE_299
ROUTE         3     0.640      R9C13A.F1 to      R8C13C.D1 system/writing_RNIPF6JP
CTOF_DEL    ---     0.495      R8C13C.D1 to      R8C13C.F1 system/SLICE_350
ROUTE         8     1.221      R8C13C.F1 to      R2C15B.D1 system/requestdup
CTOF_DEL    ---     0.495      R2C15B.D1 to      R2C15B.F1 system/SLICE_354
ROUTE         2     2.032      R2C15B.F1 to      R7C18C.C0 system/core/engine/writing_RNIELSJN1
CTOF_DEL    ---     0.495      R7C18C.C0 to      R7C18C.F0 system/core/engine/SLICE_295
ROUTE         7     1.310      R7C18C.F0 to      R8C12D.C1 system/stepdup
CTOF_DEL    ---     0.495      R8C12D.C1 to      R8C12D.F1 SLICE_87
ROUTE        17     1.363      R8C12D.F1 to      R7C6B.WRE system/rf_writedup (to clk_c)
                  --------
                   13.950   (25.9% logic, 74.1% route), 6 logic levels.

Unconstrained Preference:
   INPUT_SETUP PORT "reset" CLKPORT "clk" 

Report:   14.058ns delay reset to system/SLICE_34 (13.950ns delay and 0.108ns setup)

   Name    Fanout   Delay (ns)          Site               Resource
PADI_DEL    ---     1.132          4.PAD to        4.PADDI reset
ROUTE       250     3.777        4.PADDI to      R9C13A.D1 reset_c
CTOF_DEL    ---     0.495      R9C13A.D1 to      R9C13A.F1 system/SLICE_299
ROUTE         3     0.640      R9C13A.F1 to      R8C13C.D1 system/writing_RNIPF6JP
CTOF_DEL    ---     0.495      R8C13C.D1 to      R8C13C.F1 system/SLICE_350
ROUTE         8     1.221      R8C13C.F1 to      R2C15B.D1 system/requestdup
CTOF_DEL    ---     0.495      R2C15B.D1 to      R2C15B.F1 system/SLICE_354
ROUTE         2     2.032      R2C15B.F1 to      R7C18C.C0 system/core/engine/writing_RNIELSJN1
CTOF_DEL    ---     0.495      R7C18C.C0 to      R7C18C.F0 system/core/engine/SLICE_295
ROUTE         7     1.310      R7C18C.F0 to      R8C12D.C1 system/stepdup
CTOF_DEL    ---     0.495      R8C12D.C1 to      R8C12D.F1 SLICE_87
ROUTE        17     1.363      R8C12D.F1 to      R7C6A.WRE system/rf_writedup (to clk_c)
                  --------
                   13.950   (25.9% logic, 74.1% route), 6 logic levels.

Unconstrained Preference:
   INPUT_SETUP PORT "reset" CLKPORT "clk" 

Report:   14.051ns delay reset to system/SLICE_55 (13.943ns delay and 0.108ns setup)

   Name    Fanout   Delay (ns)          Site               Resource
PADI_DEL    ---     1.132          4.PAD to        4.PADDI reset
ROUTE       250     3.777        4.PADDI to      R9C13A.D1 reset_c
CTOF_DEL    ---     0.495      R9C13A.D1 to      R9C13A.F1 system/SLICE_299
ROUTE         3     0.640      R9C13A.F1 to      R8C13C.D1 system/writing_RNIPF6JP
CTOF_DEL    ---     0.495      R8C13C.D1 to      R8C13C.F1 system/SLICE_350
ROUTE         8     1.221      R8C13C.F1 to      R2C15B.D1 system/requestdup
CTOF_DEL    ---     0.495      R2C15B.D1 to      R2C15B.F1 system/SLICE_354
ROUTE         2     2.032      R2C15B.F1 to      R7C18C.C0 system/core/engine/writing_RNIELSJN1
CTOF_DEL    ---     0.495      R7C18C.C0 to      R7C18C.F0 system/core/engine/SLICE_295
ROUTE         7     1.310      R7C18C.F0 to      R8C12D.C1 system/stepdup
CTOF_DEL    ---     0.495      R8C12D.C1 to      R8C12D.F1 SLICE_87
ROUTE        17     1.356      R8C12D.F1 to      R7C9A.WRE system/rf_writedup (to clk_c)
                  --------
                   13.943   (25.9% logic, 74.1% route), 6 logic levels.

Unconstrained Preference:
   INPUT_SETUP PORT "reset" CLKPORT "clk" 

Report:   14.051ns delay reset to system/SLICE_56 (13.943ns delay and 0.108ns setup)

   Name    Fanout   Delay (ns)          Site               Resource
PADI_DEL    ---     1.132          4.PAD to        4.PADDI reset
ROUTE       250     3.777        4.PADDI to      R9C13A.D1 reset_c
CTOF_DEL    ---     0.495      R9C13A.D1 to      R9C13A.F1 system/SLICE_299
ROUTE         3     0.640      R9C13A.F1 to      R8C13C.D1 system/writing_RNIPF6JP
CTOF_DEL    ---     0.495      R8C13C.D1 to      R8C13C.F1 system/SLICE_350
ROUTE         8     1.221      R8C13C.F1 to      R2C15B.D1 system/requestdup
CTOF_DEL    ---     0.495      R2C15B.D1 to      R2C15B.F1 system/SLICE_354
ROUTE         2     2.032      R2C15B.F1 to      R7C18C.C0 system/core/engine/writing_RNIELSJN1
CTOF_DEL    ---     0.495      R7C18C.C0 to      R7C18C.F0 system/core/engine/SLICE_295
ROUTE         7     1.310      R7C18C.F0 to      R8C12D.C1 system/stepdup
CTOF_DEL    ---     0.495      R8C12D.C1 to      R8C12D.F1 SLICE_87
ROUTE        17     1.356      R8C12D.F1 to      R7C9B.WRE system/rf_writedup (to clk_c)
                  --------
                   13.943   (25.9% logic, 74.1% route), 6 logic levels.

Unconstrained Preference:
   INPUT_SETUP PORT "reset" CLKPORT "clk" 

Report:   13.918ns delay reset to system/SLICE_50 (13.810ns delay and 0.108ns setup)

   Name    Fanout   Delay (ns)          Site               Resource
PADI_DEL    ---     1.132          4.PAD to        4.PADDI reset
ROUTE       250     3.777        4.PADDI to      R9C13A.D1 reset_c
CTOF_DEL    ---     0.495      R9C13A.D1 to      R9C13A.F1 system/SLICE_299
ROUTE         3     0.640      R9C13A.F1 to      R8C13C.D1 system/writing_RNIPF6JP
CTOF_DEL    ---     0.495      R8C13C.D1 to      R8C13C.F1 system/SLICE_350
ROUTE         8     1.221      R8C13C.F1 to      R2C15B.D1 system/requestdup
CTOF_DEL    ---     0.495      R2C15B.D1 to      R2C15B.F1 system/SLICE_354
ROUTE         2     2.032      R2C15B.F1 to      R7C18C.C0 system/core/engine/writing_RNIELSJN1
CTOF_DEL    ---     0.495      R7C18C.C0 to      R7C18C.F0 system/core/engine/SLICE_295
ROUTE         7     1.310      R7C18C.F0 to      R8C12D.C1 system/stepdup
CTOF_DEL    ---     0.495      R8C12D.C1 to      R8C12D.F1 SLICE_87
ROUTE        17     1.223      R8C12D.F1 to      R8C7B.WRE system/rf_writedup (to clk_c)
                  --------
                   13.810   (26.1% logic, 73.9% route), 6 logic levels.

Unconstrained Preference:
   INPUT_SETUP PORT "reset" CLKPORT "clk" 

Report:   13.918ns delay reset to system/SLICE_49 (13.810ns delay and 0.108ns setup)

   Name    Fanout   Delay (ns)          Site               Resource
PADI_DEL    ---     1.132          4.PAD to        4.PADDI reset
ROUTE       250     3.777        4.PADDI to      R9C13A.D1 reset_c
CTOF_DEL    ---     0.495      R9C13A.D1 to      R9C13A.F1 system/SLICE_299
ROUTE         3     0.640      R9C13A.F1 to      R8C13C.D1 system/writing_RNIPF6JP
CTOF_DEL    ---     0.495      R8C13C.D1 to      R8C13C.F1 system/SLICE_350
ROUTE         8     1.221      R8C13C.F1 to      R2C15B.D1 system/requestdup
CTOF_DEL    ---     0.495      R2C15B.D1 to      R2C15B.F1 system/SLICE_354
ROUTE         2     2.032      R2C15B.F1 to      R7C18C.C0 system/core/engine/writing_RNIELSJN1
CTOF_DEL    ---     0.495      R7C18C.C0 to      R7C18C.F0 system/core/engine/SLICE_295
ROUTE         7     1.310      R7C18C.F0 to      R8C12D.C1 system/stepdup
CTOF_DEL    ---     0.495      R8C12D.C1 to      R8C12D.F1 SLICE_87
ROUTE        17     1.223      R8C12D.F1 to      R8C7A.WRE system/rf_writedup (to clk_c)
                  --------
                   13.810   (26.1% logic, 73.9% route), 6 logic levels.

Unconstrained Preference:
   INPUT_SETUP PORT "reset" CLKPORT "clk" 

Report:   13.876ns delay reset to SLICE_43 (13.768ns delay and 0.108ns setup)

   Name    Fanout   Delay (ns)          Site               Resource
PADI_DEL    ---     1.132          4.PAD to        4.PADDI reset
ROUTE       250     3.777        4.PADDI to      R9C13A.D1 reset_c
CTOF_DEL    ---     0.495      R9C13A.D1 to      R9C13A.F1 system/SLICE_299
ROUTE         3     0.640      R9C13A.F1 to      R8C13C.D1 system/writing_RNIPF6JP
CTOF_DEL    ---     0.495      R8C13C.D1 to      R8C13C.F1 system/SLICE_350
ROUTE         8     1.221      R8C13C.F1 to      R2C15B.D1 system/requestdup
CTOF_DEL    ---     0.495      R2C15B.D1 to      R2C15B.F1 system/SLICE_354
ROUTE         2     2.032      R2C15B.F1 to      R7C18C.C0 system/core/engine/writing_RNIELSJN1
CTOF_DEL    ---     0.495      R7C18C.C0 to      R7C18C.F0 system/core/engine/SLICE_295
ROUTE         7     1.310      R7C18C.F0 to      R8C12D.C1 system/stepdup
CTOF_DEL    ---     0.495      R8C12D.C1 to      R8C12D.F1 SLICE_87
ROUTE        17     1.181      R8C12D.F1 to     R4C12A.WRE system/rf_writedup (to clk_c)
                  --------
                   13.768   (26.2% logic, 73.8% route), 6 logic levels.

Unconstrained Preference:
   INPUT_SETUP PORT "reset" CLKPORT "clk" 

Report:   13.876ns delay reset to SLICE_44 (13.768ns delay and 0.108ns setup)

   Name    Fanout   Delay (ns)          Site               Resource
PADI_DEL    ---     1.132          4.PAD to        4.PADDI reset
ROUTE       250     3.777        4.PADDI to      R9C13A.D1 reset_c
CTOF_DEL    ---     0.495      R9C13A.D1 to      R9C13A.F1 system/SLICE_299
ROUTE         3     0.640      R9C13A.F1 to      R8C13C.D1 system/writing_RNIPF6JP
CTOF_DEL    ---     0.495      R8C13C.D1 to      R8C13C.F1 system/SLICE_350
ROUTE         8     1.221      R8C13C.F1 to      R2C15B.D1 system/requestdup
CTOF_DEL    ---     0.495      R2C15B.D1 to      R2C15B.F1 system/SLICE_354
ROUTE         2     2.032      R2C15B.F1 to      R7C18C.C0 system/core/engine/writing_RNIELSJN1
CTOF_DEL    ---     0.495      R7C18C.C0 to      R7C18C.F0 system/core/engine/SLICE_295
ROUTE         7     1.310      R7C18C.F0 to      R8C12D.C1 system/stepdup
CTOF_DEL    ---     0.495      R8C12D.C1 to      R8C12D.F1 SLICE_87
ROUTE        17     1.181      R8C12D.F1 to     R4C12B.WRE system/rf_writedup (to clk_c)
                  --------
                   13.768   (26.2% logic, 73.8% route), 6 logic levels.

Unconstrained Preference:
   INPUT_SETUP PORT "reset" CLKPORT "clk" 

Report:   13.544ns delay reset to system/core/engine/rom/lane_1 (13.623ns delay and -0.079ns setup)

   Name    Fanout   Delay (ns)          Site               Resource
PADI_DEL    ---     1.132          4.PAD to        4.PADDI reset
ROUTE       250     3.777        4.PADDI to      R9C13A.D1 reset_c
CTOF_DEL    ---     0.495      R9C13A.D1 to      R9C13A.F1 system/SLICE_299
ROUTE         3     0.640      R9C13A.F1 to      R8C13C.D1 system/writing_RNIPF6JP
CTOF_DEL    ---     0.495      R8C13C.D1 to      R8C13C.F1 system/SLICE_350
ROUTE         8     1.221      R8C13C.F1 to      R2C15B.D1 system/requestdup
CTOF_DEL    ---     0.495      R2C15B.D1 to      R2C15B.F1 system/SLICE_354
ROUTE         2     2.032      R2C15B.F1 to      R7C18C.C0 system/core/engine/writing_RNIELSJN1
CTOF_DEL    ---     0.495      R7C18C.C0 to      R7C18C.F0 system/core/engine/SLICE_295
ROUTE         7     0.453      R7C18C.F0 to      R7C18C.C1 system/stepdup
CTOF_DEL    ---     0.495      R7C18C.C1 to      R7C18C.F1 system/core/engine/SLICE_295
ROUTE         8     1.893      R7C18C.F1 to EBR_R6C14.OCEA system/core/engine/fault_redirectdup_RNIEOSLD (to clk_c)
                  --------
                   13.623   (26.5% logic, 73.5% route), 6 logic levels.

Unconstrained Preference:
   INPUT_SETUP PORT "reset" CLKPORT "clk" 

Report:   13.501ns delay reset to system/core/engine/rom/lane_0 (13.580ns delay and -0.079ns setup)

   Name    Fanout   Delay (ns)          Site               Resource
PADI_DEL    ---     1.132          4.PAD to        4.PADDI reset
ROUTE       250     3.777        4.PADDI to      R9C13A.D1 reset_c
CTOF_DEL    ---     0.495      R9C13A.D1 to      R9C13A.F1 system/SLICE_299
ROUTE         3     0.640      R9C13A.F1 to      R8C13C.D1 system/writing_RNIPF6JP
CTOF_DEL    ---     0.495      R8C13C.D1 to      R8C13C.F1 system/SLICE_350
ROUTE         8     1.221      R8C13C.F1 to      R2C15B.D1 system/requestdup
CTOF_DEL    ---     0.495      R2C15B.D1 to      R2C15B.F1 system/SLICE_354
ROUTE         2     2.032      R2C15B.F1 to      R7C18C.C0 system/core/engine/writing_RNIELSJN1
CTOF_DEL    ---     0.495      R7C18C.C0 to      R7C18C.F0 system/core/engine/SLICE_295
ROUTE         7     0.453      R7C18C.F0 to      R7C18C.C1 system/stepdup
CTOF_DEL    ---     0.495      R7C18C.C1 to      R7C18C.F1 system/core/engine/SLICE_295
ROUTE         8     1.850      R7C18C.F1 to EBR_R6C17.OCEA system/core/engine/fault_redirectdup_RNIEOSLD (to clk_c)
                  --------
                   13.580   (26.6% logic, 73.4% route), 6 logic levels.

Unconstrained Preference:
   INPUT_SETUP PORT "reset" CLKPORT "clk" 

Report:   13.325ns delay reset to system/core/engine/rom/lane_0 (13.099ns delay and 0.226ns setup)

   Name    Fanout   Delay (ns)          Site               Resource
PADI_DEL    ---     1.132          4.PAD to        4.PADDI reset
ROUTE       250     3.777        4.PADDI to      R9C13A.D1 reset_c
CTOF_DEL    ---     0.495      R9C13A.D1 to      R9C13A.F1 system/SLICE_299
ROUTE         3     0.640      R9C13A.F1 to      R8C13C.D1 system/writing_RNIPF6JP
CTOF_DEL    ---     0.495      R8C13C.D1 to      R8C13C.F1 system/SLICE_350
ROUTE         8     1.221      R8C13C.F1 to      R2C15B.D1 system/requestdup
CTOF_DEL    ---     0.495      R2C15B.D1 to      R2C15B.F1 system/SLICE_354
ROUTE         2     2.032      R2C15B.F1 to      R7C18C.C0 system/core/engine/writing_RNIELSJN1
CTOF_DEL    ---     0.495      R7C18C.C0 to      R7C18C.F0 system/core/engine/SLICE_295
ROUTE         7     0.453      R7C18C.F0 to      R7C18C.C1 system/stepdup
CTOF_DEL    ---     0.495      R7C18C.C1 to      R7C18C.F1 system/core/engine/SLICE_295
ROUTE         8     1.369      R7C18C.F1 to  EBR_R6C17.CEA system/core/engine/fault_redirectdup_RNIEOSLD (to clk_c)
                  --------
                   13.099   (27.5% logic, 72.5% route), 6 logic levels.

Unconstrained Preference:
   INPUT_SETUP PORT "reset" CLKPORT "clk" 

Report:   11.058ns delay reset to system/sequential.memory/transport/SLICE_242 (10.892ns delay and 0.166ns setup)

   Name    Fanout   Delay (ns)          Site               Resource
PADI_DEL    ---     1.132          4.PAD to        4.PADDI reset
ROUTE       250     4.698        4.PADDI to      R10C7D.A1 reset_c
CTOF_DEL    ---     0.495      R10C7D.A1 to      R10C7D.F1 system/sequential.memory/transport/SLICE_345
ROUTE         2     1.051      R10C7D.F1 to       R9C7D.D1 system/sequential.memory/transport/N_211
CTOF_DEL    ---     0.495       R9C7D.D1 to       R9C7D.F1 system/sequential.memory/transport/SLICE_245
ROUTE         7     1.008       R9C7D.F1 to       R9C6D.A0 system/sequential.memory/transport/N_203
CTOF_DEL    ---     0.495       R9C6D.A0 to       R9C6D.F0 system/sequential.memory/transport/SLICE_336
ROUTE         1     1.023       R9C6D.F0 to      R10C6A.B1 system/sequential.memory/transport/tx_shift_15_iv_3[1]
CTOF_DEL    ---     0.495      R10C6A.B1 to      R10C6A.F1 system/sequential.memory/transport/SLICE_242
ROUTE         1     0.000      R10C6A.F1 to     R10C6A.DI1 system/sequential.memory/transport/tx_shift_15[1] (to clk_c)
                  --------
                   10.892   (28.6% logic, 71.4% route), 5 logic levels.

Unconstrained Preference:
   INPUT_SETUP PORT "reset" CLKPORT "clk" 

Report:   11.052ns delay reset to system/sequential.memory/transport/SLICE_243 (10.886ns delay and 0.166ns setup)

   Name    Fanout   Delay (ns)          Site               Resource
PADI_DEL    ---     1.132          4.PAD to        4.PADDI reset
ROUTE       250     4.698        4.PADDI to      R10C7D.A1 reset_c
CTOF_DEL    ---     0.495      R10C7D.A1 to      R10C7D.F1 system/sequential.memory/transport/SLICE_345
ROUTE         2     1.051      R10C7D.F1 to       R9C7D.D1 system/sequential.memory/transport/N_211
CTOF_DEL    ---     0.495       R9C7D.D1 to       R9C7D.F1 system/sequential.memory/transport/SLICE_245
ROUTE         7     1.380       R9C7D.F1 to       R8C6D.B0 system/sequential.memory/transport/N_203
CTOF_DEL    ---     0.495       R8C6D.B0 to       R8C6D.F0 system/sequential.memory/transport/SLICE_337
ROUTE         1     0.645       R8C6D.F0 to       R9C6C.D0 system/sequential.memory/transport/tx_shift_15_iv_3[2]
CTOF_DEL    ---     0.495       R9C6C.D0 to       R9C6C.F0 system/sequential.memory/transport/SLICE_243
ROUTE         1     0.000       R9C6C.F0 to      R9C6C.DI0 system/sequential.memory/transport/tx_shift_15[2] (to clk_c)
                  --------
                   10.886   (28.6% logic, 71.4% route), 5 logic levels.

Unconstrained Preference:
   INPUT_SETUP PORT "reset" CLKPORT "clk" 

Report:   10.837ns delay reset to system/core/engine/SLICE_182 (10.671ns delay and 0.166ns setup)

   Name    Fanout   Delay (ns)          Site               Resource
PADI_DEL    ---     1.132          4.PAD to        4.PADDI reset
ROUTE       250     3.777        4.PADDI to      R9C13A.D1 reset_c
CTOF_DEL    ---     0.495      R9C13A.D1 to      R9C13A.F1 system/SLICE_299
ROUTE         3     1.430      R9C13A.F1 to      R9C17B.A1 system/writing_RNIPF6JP
CTOF_DEL    ---     0.495      R9C17B.A1 to      R9C17B.F1 system/SLICE_348
ROUTE         7     2.847      R9C17B.F1 to      R4C18A.B0 system/core/engine/retirec_1
CTOF_DEL    ---     0.495      R4C18A.B0 to      R4C18A.F0 system/core/engine/SLICE_182
ROUTE         1     0.000      R4C18A.F0 to     R4C18A.DI0 system/core/engine/retirec (to clk_c)
                  --------
                   10.671   (24.5% logic, 75.5% route), 4 logic levels.

Unconstrained Preference:
   INPUT_SETUP PORT "reset" CLKPORT "clk" 

Report:   10.581ns delay reset to system/sequential.memory/transport/SLICE_242 (10.415ns delay and 0.166ns setup)

   Name    Fanout   Delay (ns)          Site               Resource
PADI_DEL    ---     1.132          4.PAD to        4.PADDI reset
ROUTE       250     4.698        4.PADDI to      R10C7D.A1 reset_c
CTOF_DEL    ---     0.495      R10C7D.A1 to      R10C7D.F1 system/sequential.memory/transport/SLICE_345
ROUTE         2     1.051      R10C7D.F1 to       R9C7D.D1 system/sequential.memory/transport/N_211
CTOF_DEL    ---     0.495       R9C7D.D1 to       R9C7D.F1 system/sequential.memory/transport/SLICE_245
ROUTE         7     0.788       R9C7D.F1 to       R9C6A.C0 system/sequential.memory/transport/N_203
CTOF_DEL    ---     0.495       R9C6A.C0 to       R9C6A.F0 system/sequential.memory/transport/SLICE_338
ROUTE         1     0.766       R9C6A.F0 to      R10C6A.C0 system/sequential.memory/transport/tx_shift_15_iv_1[0]
CTOF_DEL    ---     0.495      R10C6A.C0 to      R10C6A.F0 system/sequential.memory/transport/SLICE_242
ROUTE         1     0.000      R10C6A.F0 to     R10C6A.DI0 system/sequential.memory/transport/tx_shift_15[0] (to clk_c)
                  --------
                   10.415   (29.9% logic, 70.1% route), 5 logic levels.

Unconstrained Preference:
   INPUT_SETUP PORT "reset" CLKPORT "clk" 

Report:   10.364ns delay reset to system/sequential.memory/transport/SLICE_245 (10.198ns delay and 0.166ns setup)

   Name    Fanout   Delay (ns)          Site               Resource
PADI_DEL    ---     1.132          4.PAD to        4.PADDI reset
ROUTE       250     5.212        4.PADDI to       R8C6C.D1 reset_c
CTOF_DEL    ---     0.495       R8C6C.D1 to       R8C6C.F1 system/sequential.memory/transport/SLICE_340
ROUTE         7     0.815       R8C6C.F1 to       R8C6B.C0 system/sequential.memory/transport/tx_shift_8_sqmuxa
CTOF_DEL    ---     0.495       R8C6B.C0 to       R8C6B.F0 system/sequential.memory/transport/SLICE_535
ROUTE         1     1.554       R8C6B.F0 to       R9C7D.D0 system/sequential.memory/transport/tx_shift_15_iv_1[6]
CTOF_DEL    ---     0.495       R9C7D.D0 to       R9C7D.F0 system/sequential.memory/transport/SLICE_245
ROUTE         1     0.000       R9C7D.F0 to      R9C7D.DI0 system/sequential.memory/transport/tx_shift_15[6] (to clk_c)
                  --------
                   10.198   (25.7% logic, 74.3% route), 4 logic levels.

Unconstrained Preference:
   INPUT_SETUP PORT "reset" CLKPORT "clk" 

Report:    9.883ns delay reset to system/sequential.memory/SLICE_207 (9.717ns delay and 0.166ns setup)

   Name    Fanout   Delay (ns)          Site               Resource
PADI_DEL    ---     1.132          4.PAD to        4.PADDI reset
ROUTE       250     3.777        4.PADDI to      R9C13A.D1 reset_c
CTOF_DEL    ---     0.495      R9C13A.D1 to      R9C13A.F1 system/SLICE_299
ROUTE         3     0.640      R9C13A.F1 to      R8C13C.D1 system/writing_RNIPF6JP
CTOF_DEL    ---     0.495      R8C13C.D1 to      R8C13C.F1 system/SLICE_350
ROUTE         8     1.221      R8C13C.F1 to      R2C15C.D1 system/requestdup
CTOF_DEL    ---     0.495      R2C15C.D1 to      R2C15C.F1 system/sequential.memory/SLICE_360
ROUTE         1     0.967      R2C15C.F1 to      R2C15A.A0 system/sequential.memory/owner_srsts_0_1[0]
CTOF_DEL    ---     0.495      R2C15A.A0 to      R2C15A.F0 system/sequential.memory/SLICE_207
ROUTE         1     0.000      R2C15A.F0 to     R2C15A.DI0 system/sequential.memory/N_32ss (to clk_c)
                  --------
                    9.717   (32.0% logic, 68.0% route), 5 logic levels.

Unconstrained Preference:
   INPUT_SETUP PORT "reset" CLKPORT "clk" 

Report:    9.662ns delay reset to system/sequential.memory/transport/SLICE_243 (9.496ns delay and 0.166ns setup)

   Name    Fanout   Delay (ns)          Site               Resource
PADI_DEL    ---     1.132          4.PAD to        4.PADDI reset
ROUTE       250     4.785        4.PADDI to       R9C6A.D1 reset_c
CTOF_DEL    ---     0.495       R9C6A.D1 to       R9C6A.F1 system/sequential.memory/transport/SLICE_338
ROUTE         7     1.071       R9C6A.F1 to       R8C6B.B1 system/sequential.memory/transport/tx_shift_7_sqmuxa_1
CTOF_DEL    ---     0.495       R8C6B.B1 to       R8C6B.F1 system/sequential.memory/transport/SLICE_535
ROUTE         1     1.023       R8C6B.F1 to       R9C6C.B1 system/sequential.memory/transport/tx_shift_15_iv_1[3]
CTOF_DEL    ---     0.495       R9C6C.B1 to       R9C6C.F1 system/sequential.memory/transport/SLICE_243
ROUTE         1     0.000       R9C6C.F1 to      R9C6C.DI1 system/sequential.memory/transport/tx_shift_15[3] (to clk_c)
                  --------
                    9.496   (27.6% logic, 72.4% route), 4 logic levels.

Unconstrained Preference:
   INPUT_SETUP PORT "reset" CLKPORT "clk" 

Report:    9.577ns delay reset to system/sequential.memory/transport/SLICE_244 (9.411ns delay and 0.166ns setup)

   Name    Fanout   Delay (ns)          Site               Resource
PADI_DEL    ---     1.132          4.PAD to        4.PADDI reset
ROUTE       250     4.698        4.PADDI to      R10C7D.A1 reset_c
CTOF_DEL    ---     0.495      R10C7D.A1 to      R10C7D.F1 system/sequential.memory/transport/SLICE_345
ROUTE         2     1.051      R10C7D.F1 to       R9C7D.D1 system/sequential.memory/transport/N_211
CTOF_DEL    ---     0.495       R9C7D.D1 to       R9C7D.F1 system/sequential.memory/transport/SLICE_245
ROUTE         7     1.045       R9C7D.F1 to       R8C7D.B0 system/sequential.memory/transport/N_203
CTOF_DEL    ---     0.495       R8C7D.B0 to       R8C7D.F0 system/sequential.memory/transport/SLICE_244
ROUTE         1     0.000       R8C7D.F0 to      R8C7D.DI0 system/sequential.memory/transport/tx_shift_15[4] (to clk_c)
                  --------
                    9.411   (27.8% logic, 72.2% route), 4 logic levels.

Unconstrained Preference:
   INPUT_SETUP PORT "reset" CLKPORT "clk" 

Report:    9.577ns delay reset to system/sequential.memory/transport/SLICE_244 (9.411ns delay and 0.166ns setup)

   Name    Fanout   Delay (ns)          Site               Resource
PADI_DEL    ---     1.132          4.PAD to        4.PADDI reset
ROUTE       250     4.698        4.PADDI to      R10C7D.A1 reset_c
CTOF_DEL    ---     0.495      R10C7D.A1 to      R10C7D.F1 system/sequential.memory/transport/SLICE_345
ROUTE         2     1.051      R10C7D.F1 to       R9C7D.D1 system/sequential.memory/transport/N_211
CTOF_DEL    ---     0.495       R9C7D.D1 to       R9C7D.F1 system/sequential.memory/transport/SLICE_245
ROUTE         7     1.045       R9C7D.F1 to       R8C7D.B1 system/sequential.memory/transport/N_203
CTOF_DEL    ---     0.495       R8C7D.B1 to       R8C7D.F1 system/sequential.memory/transport/SLICE_244
ROUTE         1     0.000       R8C7D.F1 to      R8C7D.DI1 system/sequential.memory/transport/tx_shift_15[5] (to clk_c)
                  --------
                    9.411   (27.8% logic, 72.2% route), 4 logic levels.

Unconstrained Preference:
   INPUT_SETUP PORT "reset" CLKPORT "clk" 

Report:    8.788ns delay reset to SLICE_227 (8.514ns delay and 0.274ns setup)

   Name    Fanout   Delay (ns)          Site               Resource
PADI_DEL    ---     1.132          4.PAD to        4.PADDI reset
ROUTE       250     4.258        4.PADDI to      R10C9D.A1 reset_c
CTOF_DEL    ---     0.495      R10C9D.A1 to      R10C9D.F1 system/sequential.memory/transport/SLICE_228
ROUTE         4     2.629      R10C9D.F1 to     R5C15D.LSR system/sequential.memory/transport/un1_state_15_i_o2_RNI2EKJF (to clk_c)
                  --------
                    8.514   (19.1% logic, 80.9% route), 2 logic levels.

Unconstrained Preference:
   INPUT_SETUP PORT "reset" CLKPORT "clk" 

Report:    8.391ns delay reset to SLICE_226 (8.117ns delay and 0.274ns setup)

   Name    Fanout   Delay (ns)          Site               Resource
PADI_DEL    ---     1.132          4.PAD to        4.PADDI reset
ROUTE       250     4.258        4.PADDI to      R10C9D.A1 reset_c
CTOF_DEL    ---     0.495      R10C9D.A1 to      R10C9D.F1 system/sequential.memory/transport/SLICE_228
ROUTE         4     2.232      R10C9D.F1 to     R3C14B.LSR system/sequential.memory/transport/un1_state_15_i_o2_RNI2EKJF (to clk_c)
                  --------
                    8.117   (20.0% logic, 80.0% route), 2 logic levels.

Unconstrained Preference:
   INPUT_SETUP PORT "reset" CLKPORT "clk" 

Report:    8.110ns delay reset to system/sequential.memory/transport/SLICE_244 (7.828ns delay and 0.282ns setup)

   Name    Fanout   Delay (ns)          Site               Resource
PADI_DEL    ---     1.132          4.PAD to        4.PADDI reset
ROUTE       250     4.258        4.PADDI to      R10C8B.A0 reset_c
CTOF_DEL    ---     0.495      R10C8B.A0 to      R10C8B.F0 system/sequential.memory/transport/SLICE_334
ROUTE         4     1.943      R10C8B.F0 to       R8C7D.CE system/sequential.memory/transport/un1_state_10_RNIH4AT5[0] (to clk_c)
                  --------
                    7.828   (20.8% logic, 79.2% route), 2 logic levels.

Unconstrained Preference:
   INPUT_SETUP PORT "reset" CLKPORT "clk" 

Report:    8.110ns delay reset to system/sequential.memory/transport/SLICE_245 (7.828ns delay and 0.282ns setup)

   Name    Fanout   Delay (ns)          Site               Resource
PADI_DEL    ---     1.132          4.PAD to        4.PADDI reset
ROUTE       250     4.258        4.PADDI to      R10C8B.A0 reset_c
CTOF_DEL    ---     0.495      R10C8B.A0 to      R10C8B.F0 system/sequential.memory/transport/SLICE_334
ROUTE         4     1.943      R10C8B.F0 to       R9C7D.CE system/sequential.memory/transport/un1_state_10_RNIH4AT5[0] (to clk_c)
                  --------
                    7.828   (20.8% logic, 79.2% route), 2 logic levels.

Unconstrained Preference:
   INPUT_SETUP PORT "reset" CLKPORT "clk" 

Report:    7.683ns delay reset to system/sequential.memory/transport/SLICE_243 (7.401ns delay and 0.282ns setup)

   Name    Fanout   Delay (ns)          Site               Resource
PADI_DEL    ---     1.132          4.PAD to        4.PADDI reset
ROUTE       250     4.258        4.PADDI to      R10C8B.A0 reset_c
CTOF_DEL    ---     0.495      R10C8B.A0 to      R10C8B.F0 system/sequential.memory/transport/SLICE_334
ROUTE         4     1.516      R10C8B.F0 to       R9C6C.CE system/sequential.memory/transport/un1_state_10_RNIH4AT5[0] (to clk_c)
                  --------
                    7.401   (22.0% logic, 78.0% route), 2 logic levels.

Unconstrained Preference:
   INPUT_SETUP PORT "reset" CLKPORT "clk" 

Report:    7.243ns delay reset to system/sequential.memory/transport/SLICE_242 (6.961ns delay and 0.282ns setup)

   Name    Fanout   Delay (ns)          Site               Resource
PADI_DEL    ---     1.132          4.PAD to        4.PADDI reset
ROUTE       250     4.258        4.PADDI to      R10C8B.A0 reset_c
CTOF_DEL    ---     0.495      R10C8B.A0 to      R10C8B.F0 system/sequential.memory/transport/SLICE_334
ROUTE         4     1.076      R10C8B.F0 to      R10C6A.CE system/sequential.memory/transport/un1_state_10_RNIH4AT5[0] (to clk_c)
                  --------
                    6.961   (23.4% logic, 76.6% route), 2 logic levels.

Unconstrained Preference:
   INPUT_SETUP PORT "reset" CLKPORT "clk" 

Report:    6.882ns delay reset to system/sequential.memory/transport/SLICE_233 (6.716ns delay and 0.166ns setup)

   Name    Fanout   Delay (ns)          Site               Resource
PADI_DEL    ---     1.132          4.PAD to        4.PADDI reset
ROUTE       250     5.089        4.PADDI to     R10C10D.A0 reset_c
CTOF_DEL    ---     0.495     R10C10D.A0 to     R10C10D.F0 system/sequential.memory/transport/SLICE_233
ROUTE         1     0.000     R10C10D.F0 to    R10C10D.DI0 system/sequential.memory/transport/N_169_i (to clk_c)
                  --------
                    6.716   (24.2% logic, 75.8% route), 2 logic levels.

Unconstrained Preference:
   INPUT_SETUP PORT "reset" CLKPORT "clk" 

Report:    6.848ns delay reset to system/sequential.memory/transport/SLICE_298 (6.574ns delay and 0.274ns setup)

   Name    Fanout   Delay (ns)          Site               Resource
PADI_DEL    ---     1.132          4.PAD to        4.PADDI reset
ROUTE       250     4.258        4.PADDI to      R10C9D.A1 reset_c
CTOF_DEL    ---     0.495      R10C9D.A1 to      R10C9D.F1 system/sequential.memory/transport/SLICE_228
ROUTE         4     0.689      R10C9D.F1 to      R9C9D.LSR system/sequential.memory/transport/un1_state_15_i_o2_RNI2EKJF (to clk_c)
                  --------
                    6.574   (24.7% logic, 75.3% route), 2 logic levels.

Unconstrained Preference:
   INPUT_SETUP PORT "reset" CLKPORT "clk" 

Report:    6.829ns delay reset to system/sequential.memory/transport/SLICE_329 (6.555ns delay and 0.274ns setup)

   Name    Fanout   Delay (ns)          Site               Resource
PADI_DEL    ---     1.132          4.PAD to        4.PADDI reset
ROUTE       250     4.258        4.PADDI to      R10C9D.A1 reset_c
CTOF_DEL    ---     0.495      R10C9D.A1 to      R10C9D.F1 system/sequential.memory/transport/SLICE_228
ROUTE         4     0.670      R10C9D.F1 to     R10C9C.LSR system/sequential.memory/transport/un1_state_15_i_o2_RNI2EKJF (to clk_c)
                  --------
                    6.555   (24.8% logic, 75.2% route), 2 logic levels.

Unconstrained Preference:
   INPUT_SETUP PORT "reset" CLKPORT "clk" 

Report:    6.479ns delay reset to system/sequential.memory/transport/SLICE_237 (6.313ns delay and 0.166ns setup)

   Name    Fanout   Delay (ns)          Site               Resource
PADI_DEL    ---     1.132          4.PAD to        4.PADDI reset
ROUTE       250     4.686        4.PADDI to      R9C10B.B1 reset_c
CTOF_DEL    ---     0.495      R9C10B.B1 to      R9C10B.F1 system/sequential.memory/transport/SLICE_237
ROUTE         1     0.000      R9C10B.F1 to     R9C10B.DI1 system/sequential.memory/transport/N_152_i (to clk_c)
                  --------
                    6.313   (25.8% logic, 74.2% route), 2 logic levels.

Unconstrained Preference:
   INPUT_SETUP PORT "reset" CLKPORT "clk" 

Report:    6.277ns delay reset to system/sequential.memory/transport/SLICE_232 (6.111ns delay and 0.166ns setup)

   Name    Fanout   Delay (ns)          Site               Resource
PADI_DEL    ---     1.132          4.PAD to        4.PADDI reset
ROUTE       250     4.484        4.PADDI to       R9C5C.C0 reset_c
CTOF_DEL    ---     0.495       R9C5C.C0 to       R9C5C.F0 system/sequential.memory/transport/SLICE_232
ROUTE         1     0.000       R9C5C.F0 to      R9C5C.DI0 system/sequential.memory/transport/N_173_i (to clk_c)
                  --------
                    6.111   (26.6% logic, 73.4% route), 2 logic levels.

Unconstrained Preference:
   INPUT_SETUP PORT "reset" CLKPORT "clk" 

Report:    6.277ns delay reset to system/sequential.memory/transport/SLICE_232 (6.111ns delay and 0.166ns setup)

   Name    Fanout   Delay (ns)          Site               Resource
PADI_DEL    ---     1.132          4.PAD to        4.PADDI reset
ROUTE       250     4.484        4.PADDI to       R9C5C.C1 reset_c
CTOF_DEL    ---     0.495       R9C5C.C1 to       R9C5C.F1 system/sequential.memory/transport/SLICE_232
ROUTE         1     0.000       R9C5C.F1 to      R9C5C.DI1 system/sequential.memory/transport/N_171_i (to clk_c)
                  --------
                    6.111   (26.6% logic, 73.4% route), 2 logic levels.

Unconstrained Preference:
   INPUT_SETUP PORT "reset" CLKPORT "clk" 

Report:    6.265ns delay reset to system/sequential.memory/transport/SLICE_233 (6.099ns delay and 0.166ns setup)

   Name    Fanout   Delay (ns)          Site               Resource
PADI_DEL    ---     1.132          4.PAD to        4.PADDI reset
ROUTE       250     4.472        4.PADDI to     R10C10D.C1 reset_c
CTOF_DEL    ---     0.495     R10C10D.C1 to     R10C10D.F1 system/sequential.memory/transport/SLICE_233
ROUTE         1     0.000     R10C10D.F1 to    R10C10D.DI1 system/sequential.memory/transport/N_167_i (to clk_c)
                  --------
                    6.099   (26.7% logic, 73.3% route), 2 logic levels.

Unconstrained Preference:
   INPUT_SETUP PORT "reset" CLKPORT "clk" 

Report:    6.162ns delay reset to system/sequential.memory/transport/SLICE_230 (5.996ns delay and 0.166ns setup)

   Name    Fanout   Delay (ns)          Site               Resource
PADI_DEL    ---     1.132          4.PAD to        4.PADDI reset
ROUTE       250     4.369        4.PADDI to      R10C5A.D0 reset_c
CTOF_DEL    ---     0.495      R10C5A.D0 to      R10C5A.F0 system/sequential.memory/transport/SLICE_230
ROUTE         1     0.000      R10C5A.F0 to     R10C5A.DI0 system/sequential.memory/transport/N_181_i (to clk_c)
                  --------
                    5.996   (27.1% logic, 72.9% route), 2 logic levels.

Unconstrained Preference:
   INPUT_SETUP PORT "reset" CLKPORT "clk" 

Report:    6.162ns delay reset to system/sequential.memory/transport/SLICE_231 (5.996ns delay and 0.166ns setup)

   Name    Fanout   Delay (ns)          Site               Resource
PADI_DEL    ---     1.132          4.PAD to        4.PADDI reset
ROUTE       250     4.369        4.PADDI to      R10C5B.D1 reset_c
CTOF_DEL    ---     0.495      R10C5B.D1 to      R10C5B.F1 system/sequential.memory/transport/SLICE_231
ROUTE         1     0.000      R10C5B.F1 to     R10C5B.DI1 system/sequential.memory/transport/N_175_i (to clk_c)
                  --------
                    5.996   (27.1% logic, 72.9% route), 2 logic levels.

Unconstrained Preference:
   INPUT_SETUP PORT "reset" CLKPORT "clk" 

Report:    6.162ns delay reset to system/sequential.memory/transport/SLICE_230 (5.996ns delay and 0.166ns setup)

   Name    Fanout   Delay (ns)          Site               Resource
PADI_DEL    ---     1.132          4.PAD to        4.PADDI reset
ROUTE       250     4.369        4.PADDI to      R10C5A.D1 reset_c
CTOF_DEL    ---     0.495      R10C5A.D1 to      R10C5A.F1 system/sequential.memory/transport/SLICE_230
ROUTE         1     0.000      R10C5A.F1 to     R10C5A.DI1 system/sequential.memory/transport/N_179_i (to clk_c)
                  --------
                    5.996   (27.1% logic, 72.9% route), 2 logic levels.

Unconstrained Preference:
   INPUT_SETUP PORT "reset" CLKPORT "clk" 

Report:    6.162ns delay reset to system/sequential.memory/transport/SLICE_231 (5.996ns delay and 0.166ns setup)

   Name    Fanout   Delay (ns)          Site               Resource
PADI_DEL    ---     1.132          4.PAD to        4.PADDI reset
ROUTE       250     4.369        4.PADDI to      R10C5B.D0 reset_c
CTOF_DEL    ---     0.495      R10C5B.D0 to      R10C5B.F0 system/sequential.memory/transport/SLICE_231
ROUTE         1     0.000      R10C5B.F0 to     R10C5B.DI0 system/sequential.memory/transport/N_177_i (to clk_c)
                  --------
                    5.996   (27.1% logic, 72.9% route), 2 logic levels.

Unconstrained Preference:
   INPUT_SETUP PORT "reset" CLKPORT "clk" 

Report:    6.150ns delay reset to system/sequential.memory/transport/SLICE_235 (5.984ns delay and 0.166ns setup)

   Name    Fanout   Delay (ns)          Site               Resource
PADI_DEL    ---     1.132          4.PAD to        4.PADDI reset
ROUTE       250     4.357        4.PADDI to      R10C7A.D1 reset_c
CTOF_DEL    ---     0.495      R10C7A.D1 to      R10C7A.F1 system/sequential.memory/transport/SLICE_235
ROUTE         1     0.000      R10C7A.F1 to     R10C7A.DI1 system/sequential.memory/transport/N_159_i (to clk_c)
                  --------
                    5.984   (27.2% logic, 72.8% route), 2 logic levels.

Unconstrained Preference:
   INPUT_SETUP PORT "reset" CLKPORT "clk" 

Report:    6.150ns delay reset to system/sequential.memory/transport/SLICE_235 (5.984ns delay and 0.166ns setup)

   Name    Fanout   Delay (ns)          Site               Resource
PADI_DEL    ---     1.132          4.PAD to        4.PADDI reset
ROUTE       250     4.357        4.PADDI to      R10C7A.D0 reset_c
CTOF_DEL    ---     0.495      R10C7A.D0 to      R10C7A.F0 system/sequential.memory/transport/SLICE_235
ROUTE         1     0.000      R10C7A.F0 to     R10C7A.DI0 system/sequential.memory/transport/N_161_i (to clk_c)
                  --------
                    5.984   (27.2% logic, 72.8% route), 2 logic levels.

Unconstrained Preference:
   INPUT_SETUP PORT "reset" CLKPORT "clk" 

Report:    6.144ns delay reset to system/sequential.memory/transport/SLICE_236 (5.978ns delay and 0.166ns setup)

   Name    Fanout   Delay (ns)          Site               Resource
PADI_DEL    ---     1.132          4.PAD to        4.PADDI reset
ROUTE       250     4.351        4.PADDI to      R10C7C.D1 reset_c
CTOF_DEL    ---     0.495      R10C7C.D1 to      R10C7C.F1 system/sequential.memory/transport/SLICE_236
ROUTE         1     0.000      R10C7C.F1 to     R10C7C.DI1 system/sequential.memory/transport/N_156_i (to clk_c)
                  --------
                    5.978   (27.2% logic, 72.8% route), 2 logic levels.

Unconstrained Preference:
   INPUT_SETUP PORT "reset" CLKPORT "clk" 

Report:    6.045ns delay reset to system/sequential.memory/transport/SLICE_237 (5.879ns delay and 0.166ns setup)

   Name    Fanout   Delay (ns)          Site               Resource
PADI_DEL    ---     1.132          4.PAD to        4.PADDI reset
ROUTE       250     4.252        4.PADDI to      R9C10B.A0 reset_c
CTOF_DEL    ---     0.495      R9C10B.A0 to      R9C10B.F0 system/sequential.memory/transport/SLICE_237
ROUTE         1     0.000      R9C10B.F0 to     R9C10B.DI0 system/sequential.memory/transport/N_154_i (to clk_c)
                  --------
                    5.879   (27.7% logic, 72.3% route), 2 logic levels.

Unconstrained Preference:
   INPUT_SETUP PORT "reset" CLKPORT "clk" 

Report:    4.824ns delay reset to system/sequential.memory/transport/SLICE_234 (4.658ns delay and 0.166ns setup)

   Name    Fanout   Delay (ns)          Site               Resource
PADI_DEL    ---     1.132          4.PAD to        4.PADDI reset
ROUTE       250     3.031        4.PADDI to     R10C12A.D1 reset_c
CTOF_DEL    ---     0.495     R10C12A.D1 to     R10C12A.F1 system/sequential.memory/transport/SLICE_234
ROUTE         1     0.000     R10C12A.F1 to    R10C12A.DI1 system/sequential.memory/transport/N_163_i (to clk_c)
                  --------
                    4.658   (34.9% logic, 65.1% route), 2 logic levels.

Unconstrained Preference:
   INPUT_SETUP PORT "reset" CLKPORT "clk" 

Report:    3.857ns delay reset to SLICE_143 (3.583ns delay and 0.274ns setup)

   Name    Fanout   Delay (ns)          Site               Resource
PADI_DEL    ---     1.132          4.PAD to        4.PADDI reset
ROUTE       250     2.451        4.PADDI to     R2C14C.LSR reset_c (to clk_c)
                  --------
                    3.583   (31.6% logic, 68.4% route), 1 logic levels.

Unconstrained Preference:
   INPUT_SETUP PORT "reset" CLKPORT "clk" 

Report:    3.857ns delay reset to SLICE_145 (3.583ns delay and 0.274ns setup)

   Name    Fanout   Delay (ns)          Site               Resource
PADI_DEL    ---     1.132          4.PAD to        4.PADDI reset
ROUTE       250     2.451        4.PADDI to     R2C14D.LSR reset_c (to clk_c)
                  --------
                    3.583   (31.6% logic, 68.4% route), 1 logic levels.

Unconstrained Preference:
   INPUT_SETUP PORT "reset" CLKPORT "clk" 

Report:    3.857ns delay reset to SLICE_154 (3.583ns delay and 0.274ns setup)

   Name    Fanout   Delay (ns)          Site               Resource
PADI_DEL    ---     1.132          4.PAD to        4.PADDI reset
ROUTE       250     2.451        4.PADDI to     R5C12A.LSR reset_c (to clk_c)
                  --------
                    3.583   (31.6% logic, 68.4% route), 1 logic levels.

Unconstrained Preference:
   INPUT_SETUP PORT "reset" CLKPORT "clk" 

Report:    3.857ns delay reset to SLICE_157 (3.583ns delay and 0.274ns setup)

   Name    Fanout   Delay (ns)          Site               Resource
PADI_DEL    ---     1.132          4.PAD to        4.PADDI reset
ROUTE       250     2.451        4.PADDI to     R3C17A.LSR reset_c (to clk_c)
                  --------
                    3.583   (31.6% logic, 68.4% route), 1 logic levels.

Unconstrained Preference:
   INPUT_SETUP PORT "reset" CLKPORT "clk" 

Report:    3.857ns delay reset to SLICE_158 (3.583ns delay and 0.274ns setup)

   Name    Fanout   Delay (ns)          Site               Resource
PADI_DEL    ---     1.132          4.PAD to        4.PADDI reset
ROUTE       250     2.451        4.PADDI to     R3C17D.LSR reset_c (to clk_c)
                  --------
                    3.583   (31.6% logic, 68.4% route), 1 logic levels.

Unconstrained Preference:
   INPUT_SETUP PORT "reset" CLKPORT "clk" 

Report:    3.857ns delay reset to SLICE_238 (3.583ns delay and 0.274ns setup)

   Name    Fanout   Delay (ns)          Site               Resource
PADI_DEL    ---     1.132          4.PAD to        4.PADDI reset
ROUTE       250     2.451        4.PADDI to     R9C14A.LSR reset_c (to clk_c)
                  --------
                    3.583   (31.6% logic, 68.4% route), 1 logic levels.

Unconstrained Preference:
   INPUT_SETUP PORT "reset" CLKPORT "clk" 

Report:    3.857ns delay reset to SLICE_239 (3.583ns delay and 0.274ns setup)

   Name    Fanout   Delay (ns)          Site               Resource
PADI_DEL    ---     1.132          4.PAD to        4.PADDI reset
ROUTE       250     2.451        4.PADDI to     R7C11B.LSR reset_c (to clk_c)
                  --------
                    3.583   (31.6% logic, 68.4% route), 1 logic levels.

Unconstrained Preference:
   INPUT_SETUP PORT "reset" CLKPORT "clk" 

Report:    3.857ns delay reset to SLICE_251 (3.583ns delay and 0.274ns setup)

   Name    Fanout   Delay (ns)          Site               Resource
PADI_DEL    ---     1.132          4.PAD to        4.PADDI reset
ROUTE       250     2.451        4.PADDI to     R3C18C.LSR reset_c (to clk_c)
                  --------
                    3.583   (31.6% logic, 68.4% route), 1 logic levels.

Unconstrained Preference:
   INPUT_SETUP PORT "reset" CLKPORT "clk" 

Report:    3.857ns delay reset to SLICE_296 (3.583ns delay and 0.274ns setup)

   Name    Fanout   Delay (ns)          Site               Resource
PADI_DEL    ---     1.132          4.PAD to        4.PADDI reset
ROUTE       250     2.451        4.PADDI to     R9C14B.LSR reset_c (to clk_c)
                  --------
                    3.583   (31.6% logic, 68.4% route), 1 logic levels.

Unconstrained Preference:
   INPUT_SETUP PORT "reset" CLKPORT "clk" 

Report:    3.857ns delay reset to SLICE_311 (3.583ns delay and 0.274ns setup)

   Name    Fanout   Delay (ns)          Site               Resource
PADI_DEL    ---     1.132          4.PAD to        4.PADDI reset
ROUTE       250     2.451        4.PADDI to     R7C16B.LSR reset_c (to clk_c)
                  --------
                    3.583   (31.6% logic, 68.4% route), 1 logic levels.

Unconstrained Preference:
   INPUT_SETUP PORT "reset" CLKPORT "clk" 

Report:    3.857ns delay reset to SLICE_312 (3.583ns delay and 0.274ns setup)

   Name    Fanout   Delay (ns)          Site               Resource
PADI_DEL    ---     1.132          4.PAD to        4.PADDI reset
ROUTE       250     2.451        4.PADDI to     R5C17D.LSR reset_c (to clk_c)
                  --------
                    3.583   (31.6% logic, 68.4% route), 1 logic levels.

Unconstrained Preference:
   INPUT_SETUP PORT "reset" CLKPORT "clk" 

Report:    3.857ns delay reset to SLICE_313 (3.583ns delay and 0.274ns setup)

   Name    Fanout   Delay (ns)          Site               Resource
PADI_DEL    ---     1.132          4.PAD to        4.PADDI reset
ROUTE       250     2.451        4.PADDI to     R5C17B.LSR reset_c (to clk_c)
                  --------
                    3.583   (31.6% logic, 68.4% route), 1 logic levels.

Unconstrained Preference:
   INPUT_SETUP PORT "reset" CLKPORT "clk" 

Report:    3.857ns delay reset to SLICE_316 (3.583ns delay and 0.274ns setup)

   Name    Fanout   Delay (ns)          Site               Resource
PADI_DEL    ---     1.132          4.PAD to        4.PADDI reset
ROUTE       250     2.451        4.PADDI to     R5C16C.LSR reset_c (to clk_c)
                  --------
                    3.583   (31.6% logic, 68.4% route), 1 logic levels.

Unconstrained Preference:
   INPUT_SETUP PORT "reset" CLKPORT "clk" 

Report:    3.857ns delay reset to SLICE_317 (3.583ns delay and 0.274ns setup)

   Name    Fanout   Delay (ns)          Site               Resource
PADI_DEL    ---     1.132          4.PAD to        4.PADDI reset
ROUTE       250     2.451        4.PADDI to     R8C15A.LSR reset_c (to clk_c)
                  --------
                    3.583   (31.6% logic, 68.4% route), 1 logic levels.

Unconstrained Preference:
   INPUT_SETUP PORT "reset" CLKPORT "clk" 

Report:    3.857ns delay reset to SLICE_318 (3.583ns delay and 0.274ns setup)

   Name    Fanout   Delay (ns)          Site               Resource
PADI_DEL    ---     1.132          4.PAD to        4.PADDI reset
ROUTE       250     2.451        4.PADDI to     R7C17C.LSR reset_c (to clk_c)
                  --------
                    3.583   (31.6% logic, 68.4% route), 1 logic levels.

Unconstrained Preference:
   INPUT_SETUP PORT "reset" CLKPORT "clk" 

Report:    3.857ns delay reset to SLICE_319 (3.583ns delay and 0.274ns setup)

   Name    Fanout   Delay (ns)          Site               Resource
PADI_DEL    ---     1.132          4.PAD to        4.PADDI reset
ROUTE       250     2.451        4.PADDI to     R7C14A.LSR reset_c (to clk_c)
                  --------
                    3.583   (31.6% logic, 68.4% route), 1 logic levels.

Unconstrained Preference:
   INPUT_SETUP PORT "reset" CLKPORT "clk" 

Report:    3.857ns delay reset to SLICE_321 (3.583ns delay and 0.274ns setup)

   Name    Fanout   Delay (ns)          Site               Resource
PADI_DEL    ---     1.132          4.PAD to        4.PADDI reset
ROUTE       250     2.451        4.PADDI to     R4C16C.LSR reset_c (to clk_c)
                  --------
                    3.583   (31.6% logic, 68.4% route), 1 logic levels.

Unconstrained Preference:
   INPUT_SETUP PORT "reset" CLKPORT "clk" 

Report:    3.857ns delay reset to SLICE_322 (3.583ns delay and 0.274ns setup)

   Name    Fanout   Delay (ns)          Site               Resource
PADI_DEL    ---     1.132          4.PAD to        4.PADDI reset
ROUTE       250     2.451        4.PADDI to    R10C15D.LSR reset_c (to clk_c)
                  --------
                    3.583   (31.6% logic, 68.4% route), 1 logic levels.

Unconstrained Preference:
   INPUT_SETUP PORT "reset" CLKPORT "clk" 

Report:    3.857ns delay reset to SLICE_323 (3.583ns delay and 0.274ns setup)

   Name    Fanout   Delay (ns)          Site               Resource
PADI_DEL    ---     1.132          4.PAD to        4.PADDI reset
ROUTE       250     2.451        4.PADDI to     R9C15B.LSR reset_c (to clk_c)
                  --------
                    3.583   (31.6% logic, 68.4% route), 1 logic levels.

Unconstrained Preference:
   INPUT_SETUP PORT "reset" CLKPORT "clk" 

Report:    3.857ns delay reset to SLICE_324 (3.583ns delay and 0.274ns setup)

   Name    Fanout   Delay (ns)          Site               Resource
PADI_DEL    ---     1.132          4.PAD to        4.PADDI reset
ROUTE       250     2.451        4.PADDI to     R7C16D.LSR reset_c (to clk_c)
                  --------
                    3.583   (31.6% logic, 68.4% route), 1 logic levels.

Unconstrained Preference:
   INPUT_SETUP PORT "reset" CLKPORT "clk" 

Report:    3.857ns delay reset to SLICE_325 (3.583ns delay and 0.274ns setup)

   Name    Fanout   Delay (ns)          Site               Resource
PADI_DEL    ---     1.132          4.PAD to        4.PADDI reset
ROUTE       250     2.451        4.PADDI to      R4C6B.LSR reset_c (to clk_c)
                  --------
                    3.583   (31.6% logic, 68.4% route), 1 logic levels.

Unconstrained Preference:
   INPUT_SETUP PORT "reset" CLKPORT "clk" 

Report:    3.857ns delay reset to SLICE_37 (3.583ns delay and 0.274ns setup)

   Name    Fanout   Delay (ns)          Site               Resource
PADI_DEL    ---     1.132          4.PAD to        4.PADDI reset
ROUTE       250     2.451        4.PADDI to     R3C10A.LSR reset_c (to clk_c)
                  --------
                    3.583   (31.6% logic, 68.4% route), 1 logic levels.

Unconstrained Preference:
   INPUT_SETUP PORT "reset" CLKPORT "clk" 

Report:    3.857ns delay reset to SLICE_38 (3.583ns delay and 0.274ns setup)

   Name    Fanout   Delay (ns)          Site               Resource
PADI_DEL    ---     1.132          4.PAD to        4.PADDI reset
ROUTE       250     2.451        4.PADDI to     R3C10B.LSR reset_c (to clk_c)
                  --------
                    3.583   (31.6% logic, 68.4% route), 1 logic levels.

Unconstrained Preference:
   INPUT_SETUP PORT "reset" CLKPORT "clk" 

Report:    3.857ns delay reset to SLICE_40 (3.583ns delay and 0.274ns setup)

   Name    Fanout   Delay (ns)          Site               Resource
PADI_DEL    ---     1.132          4.PAD to        4.PADDI reset
ROUTE       250     2.451        4.PADDI to     R3C11A.LSR reset_c (to clk_c)
                  --------
                    3.583   (31.6% logic, 68.4% route), 1 logic levels.

Unconstrained Preference:
   INPUT_SETUP PORT "reset" CLKPORT "clk" 

Report:    3.857ns delay reset to SLICE_41 (3.583ns delay and 0.274ns setup)

   Name    Fanout   Delay (ns)          Site               Resource
PADI_DEL    ---     1.132          4.PAD to        4.PADDI reset
ROUTE       250     2.451        4.PADDI to     R3C11B.LSR reset_c (to clk_c)
                  --------
                    3.583   (31.6% logic, 68.4% route), 1 logic levels.

Unconstrained Preference:
   INPUT_SETUP PORT "reset" CLKPORT "clk" 

Report:    3.857ns delay reset to SLICE_412 (3.583ns delay and 0.274ns setup)

   Name    Fanout   Delay (ns)          Site               Resource
PADI_DEL    ---     1.132          4.PAD to        4.PADDI reset
ROUTE       250     2.451        4.PADDI to      R7C8B.LSR reset_c (to clk_c)
                  --------
                    3.583   (31.6% logic, 68.4% route), 1 logic levels.

Unconstrained Preference:
   INPUT_SETUP PORT "reset" CLKPORT "clk" 

Report:    3.857ns delay reset to SLICE_413 (3.583ns delay and 0.274ns setup)

   Name    Fanout   Delay (ns)          Site               Resource
PADI_DEL    ---     1.132          4.PAD to        4.PADDI reset
ROUTE       250     2.451        4.PADDI to      R7C8C.LSR reset_c (to clk_c)
                  --------
                    3.583   (31.6% logic, 68.4% route), 1 logic levels.

Unconstrained Preference:
   INPUT_SETUP PORT "reset" CLKPORT "clk" 

Report:    3.857ns delay reset to SLICE_415 (3.583ns delay and 0.274ns setup)

   Name    Fanout   Delay (ns)          Site               Resource
PADI_DEL    ---     1.132          4.PAD to        4.PADDI reset
ROUTE       250     2.451        4.PADDI to     R4C10D.LSR reset_c (to clk_c)
                  --------
                    3.583   (31.6% logic, 68.4% route), 1 logic levels.

Unconstrained Preference:
   INPUT_SETUP PORT "reset" CLKPORT "clk" 

Report:    3.857ns delay reset to SLICE_417 (3.583ns delay and 0.274ns setup)

   Name    Fanout   Delay (ns)          Site               Resource
PADI_DEL    ---     1.132          4.PAD to        4.PADDI reset
ROUTE       250     2.451        4.PADDI to      R4C9D.LSR reset_c (to clk_c)
                  --------
                    3.583   (31.6% logic, 68.4% route), 1 logic levels.

Unconstrained Preference:
   INPUT_SETUP PORT "reset" CLKPORT "clk" 

Report:    3.857ns delay reset to SLICE_418 (3.583ns delay and 0.274ns setup)

   Name    Fanout   Delay (ns)          Site               Resource
PADI_DEL    ---     1.132          4.PAD to        4.PADDI reset
ROUTE       250     2.451        4.PADDI to     R2C12B.LSR reset_c (to clk_c)
                  --------
                    3.583   (31.6% logic, 68.4% route), 1 logic levels.

Unconstrained Preference:
   INPUT_SETUP PORT "reset" CLKPORT "clk" 

Report:    3.857ns delay reset to SLICE_43 (3.583ns delay and 0.274ns setup)

   Name    Fanout   Delay (ns)          Site               Resource
PADI_DEL    ---     1.132          4.PAD to        4.PADDI reset
ROUTE       250     2.451        4.PADDI to     R4C12A.LSR reset_c (to clk_c)
                  --------
                    3.583   (31.6% logic, 68.4% route), 1 logic levels.

Unconstrained Preference:
   INPUT_SETUP PORT "reset" CLKPORT "clk" 

Report:    3.857ns delay reset to SLICE_44 (3.583ns delay and 0.274ns setup)

   Name    Fanout   Delay (ns)          Site               Resource
PADI_DEL    ---     1.132          4.PAD to        4.PADDI reset
ROUTE       250     2.451        4.PADDI to     R4C12B.LSR reset_c (to clk_c)
                  --------
                    3.583   (31.6% logic, 68.4% route), 1 logic levels.

Unconstrained Preference:
   INPUT_SETUP PORT "reset" CLKPORT "clk" 

Report:    3.857ns delay reset to SLICE_46 (3.583ns delay and 0.274ns setup)

   Name    Fanout   Delay (ns)          Site               Resource
PADI_DEL    ---     1.132          4.PAD to        4.PADDI reset
ROUTE       250     2.451        4.PADDI to     R3C13A.LSR reset_c (to clk_c)
                  --------
                    3.583   (31.6% logic, 68.4% route), 1 logic levels.

Unconstrained Preference:
   INPUT_SETUP PORT "reset" CLKPORT "clk" 

Report:    3.857ns delay reset to SLICE_47 (3.583ns delay and 0.274ns setup)

   Name    Fanout   Delay (ns)          Site               Resource
PADI_DEL    ---     1.132          4.PAD to        4.PADDI reset
ROUTE       250     2.451        4.PADDI to     R3C13B.LSR reset_c (to clk_c)
                  --------
                    3.583   (31.6% logic, 68.4% route), 1 logic levels.

Unconstrained Preference:
   INPUT_SETUP PORT "reset" CLKPORT "clk" 

Report:    3.857ns delay reset to SLICE_475 (3.583ns delay and 0.274ns setup)

   Name    Fanout   Delay (ns)          Site               Resource
PADI_DEL    ---     1.132          4.PAD to        4.PADDI reset
ROUTE       250     2.451        4.PADDI to     R8C15B.LSR reset_c (to clk_c)
                  --------
                    3.583   (31.6% logic, 68.4% route), 1 logic levels.

Unconstrained Preference:
   INPUT_SETUP PORT "reset" CLKPORT "clk" 

Report:    3.857ns delay reset to SLICE_476 (3.583ns delay and 0.274ns setup)

   Name    Fanout   Delay (ns)          Site               Resource
PADI_DEL    ---     1.132          4.PAD to        4.PADDI reset
ROUTE       250     2.451        4.PADDI to     R7C17A.LSR reset_c (to clk_c)
                  --------
                    3.583   (31.6% logic, 68.4% route), 1 logic levels.

Unconstrained Preference:
   INPUT_SETUP PORT "reset" CLKPORT "clk" 

Report:    3.857ns delay reset to SLICE_477 (3.583ns delay and 0.274ns setup)

   Name    Fanout   Delay (ns)          Site               Resource
PADI_DEL    ---     1.132          4.PAD to        4.PADDI reset
ROUTE       250     2.451        4.PADDI to     R8C17B.LSR reset_c (to clk_c)
                  --------
                    3.583   (31.6% logic, 68.4% route), 1 logic levels.

Unconstrained Preference:
   INPUT_SETUP PORT "reset" CLKPORT "clk" 

Report:    3.857ns delay reset to SLICE_478 (3.583ns delay and 0.274ns setup)

   Name    Fanout   Delay (ns)          Site               Resource
PADI_DEL    ---     1.132          4.PAD to        4.PADDI reset
ROUTE       250     2.451        4.PADDI to     R7C16A.LSR reset_c (to clk_c)
                  --------
                    3.583   (31.6% logic, 68.4% route), 1 logic levels.

Unconstrained Preference:
   INPUT_SETUP PORT "reset" CLKPORT "clk" 

Report:    3.857ns delay reset to SLICE_481 (3.583ns delay and 0.274ns setup)

   Name    Fanout   Delay (ns)          Site               Resource
PADI_DEL    ---     1.132          4.PAD to        4.PADDI reset
ROUTE       250     2.451        4.PADDI to     R7C15A.LSR reset_c (to clk_c)
                  --------
                    3.583   (31.6% logic, 68.4% route), 1 logic levels.

Unconstrained Preference:
   INPUT_SETUP PORT "reset" CLKPORT "clk" 

Report:    3.857ns delay reset to SLICE_482 (3.583ns delay and 0.274ns setup)

   Name    Fanout   Delay (ns)          Site               Resource
PADI_DEL    ---     1.132          4.PAD to        4.PADDI reset
ROUTE       250     2.451        4.PADDI to     R8C14B.LSR reset_c (to clk_c)
                  --------
                    3.583   (31.6% logic, 68.4% route), 1 logic levels.

Unconstrained Preference:
   INPUT_SETUP PORT "reset" CLKPORT "clk" 

Report:    3.857ns delay reset to SLICE_483 (3.583ns delay and 0.274ns setup)

   Name    Fanout   Delay (ns)          Site               Resource
PADI_DEL    ---     1.132          4.PAD to        4.PADDI reset
ROUTE       250     2.451        4.PADDI to    R10C15C.LSR reset_c (to clk_c)
                  --------
                    3.583   (31.6% logic, 68.4% route), 1 logic levels.

Unconstrained Preference:
   INPUT_SETUP PORT "reset" CLKPORT "clk" 

Report:    3.857ns delay reset to SLICE_484 (3.583ns delay and 0.274ns setup)

   Name    Fanout   Delay (ns)          Site               Resource
PADI_DEL    ---     1.132          4.PAD to        4.PADDI reset
ROUTE       250     2.451        4.PADDI to     R8C16C.LSR reset_c (to clk_c)
                  --------
                    3.583   (31.6% logic, 68.4% route), 1 logic levels.

Unconstrained Preference:
   INPUT_SETUP PORT "reset" CLKPORT "clk" 

Report:    3.857ns delay reset to SLICE_485 (3.583ns delay and 0.274ns setup)

   Name    Fanout   Delay (ns)          Site               Resource
PADI_DEL    ---     1.132          4.PAD to        4.PADDI reset
ROUTE       250     2.451        4.PADDI to     R9C14D.LSR reset_c (to clk_c)
                  --------
                    3.583   (31.6% logic, 68.4% route), 1 logic levels.

Unconstrained Preference:
   INPUT_SETUP PORT "reset" CLKPORT "clk" 

Report:    3.857ns delay reset to SLICE_486 (3.583ns delay and 0.274ns setup)

   Name    Fanout   Delay (ns)          Site               Resource
PADI_DEL    ---     1.132          4.PAD to        4.PADDI reset
ROUTE       250     2.451        4.PADDI to     R9C17D.LSR reset_c (to clk_c)
                  --------
                    3.583   (31.6% logic, 68.4% route), 1 logic levels.

Unconstrained Preference:
   INPUT_SETUP PORT "reset" CLKPORT "clk" 

Report:    3.857ns delay reset to SLICE_487 (3.583ns delay and 0.274ns setup)

   Name    Fanout   Delay (ns)          Site               Resource
PADI_DEL    ---     1.132          4.PAD to        4.PADDI reset
ROUTE       250     2.451        4.PADDI to     R8C17C.LSR reset_c (to clk_c)
                  --------
                    3.583   (31.6% logic, 68.4% route), 1 logic levels.

Unconstrained Preference:
   INPUT_SETUP PORT "reset" CLKPORT "clk" 

Report:    3.857ns delay reset to SLICE_488 (3.583ns delay and 0.274ns setup)

   Name    Fanout   Delay (ns)          Site               Resource
PADI_DEL    ---     1.132          4.PAD to        4.PADDI reset
ROUTE       250     2.451        4.PADDI to     R9C15C.LSR reset_c (to clk_c)
                  --------
                    3.583   (31.6% logic, 68.4% route), 1 logic levels.

Unconstrained Preference:
   INPUT_SETUP PORT "reset" CLKPORT "clk" 

Report:    3.857ns delay reset to SLICE_489 (3.583ns delay and 0.274ns setup)

   Name    Fanout   Delay (ns)          Site               Resource
PADI_DEL    ---     1.132          4.PAD to        4.PADDI reset
ROUTE       250     2.451        4.PADDI to     R9C16C.LSR reset_c (to clk_c)
                  --------
                    3.583   (31.6% logic, 68.4% route), 1 logic levels.

Unconstrained Preference:
   INPUT_SETUP PORT "reset" CLKPORT "clk" 

Report:    3.857ns delay reset to SLICE_490 (3.583ns delay and 0.274ns setup)

   Name    Fanout   Delay (ns)          Site               Resource
PADI_DEL    ---     1.132          4.PAD to        4.PADDI reset
ROUTE       250     2.451        4.PADDI to    R10C16A.LSR reset_c (to clk_c)
                  --------
                    3.583   (31.6% logic, 68.4% route), 1 logic levels.

Unconstrained Preference:
   INPUT_SETUP PORT "reset" CLKPORT "clk" 

Report:    3.857ns delay reset to SLICE_491 (3.583ns delay and 0.274ns setup)

   Name    Fanout   Delay (ns)          Site               Resource
PADI_DEL    ---     1.132          4.PAD to        4.PADDI reset
ROUTE       250     2.451        4.PADDI to     R8C15D.LSR reset_c (to clk_c)
                  --------
                    3.583   (31.6% logic, 68.4% route), 1 logic levels.

Unconstrained Preference:
   INPUT_SETUP PORT "reset" CLKPORT "clk" 

Report:    3.857ns delay reset to SLICE_492 (3.583ns delay and 0.274ns setup)

   Name    Fanout   Delay (ns)          Site               Resource
PADI_DEL    ---     1.132          4.PAD to        4.PADDI reset
ROUTE       250     2.451        4.PADDI to     R9C14C.LSR reset_c (to clk_c)
                  --------
                    3.583   (31.6% logic, 68.4% route), 1 logic levels.

Unconstrained Preference:
   INPUT_SETUP PORT "reset" CLKPORT "clk" 

Report:    3.857ns delay reset to SLICE_493 (3.583ns delay and 0.274ns setup)

   Name    Fanout   Delay (ns)          Site               Resource
PADI_DEL    ---     1.132          4.PAD to        4.PADDI reset
ROUTE       250     2.451        4.PADDI to     R5C12C.LSR reset_c (to clk_c)
                  --------
                    3.583   (31.6% logic, 68.4% route), 1 logic levels.

Unconstrained Preference:
   INPUT_SETUP PORT "reset" CLKPORT "clk" 

Report:    3.857ns delay reset to SLICE_494 (3.583ns delay and 0.274ns setup)

   Name    Fanout   Delay (ns)          Site               Resource
PADI_DEL    ---     1.132          4.PAD to        4.PADDI reset
ROUTE       250     2.451        4.PADDI to     R4C15D.LSR reset_c (to clk_c)
                  --------
                    3.583   (31.6% logic, 68.4% route), 1 logic levels.

Unconstrained Preference:
   INPUT_SETUP PORT "reset" CLKPORT "clk" 

Report:    3.857ns delay reset to SLICE_495 (3.583ns delay and 0.274ns setup)

   Name    Fanout   Delay (ns)          Site               Resource
PADI_DEL    ---     1.132          4.PAD to        4.PADDI reset
ROUTE       250     2.451        4.PADDI to     R3C12D.LSR reset_c (to clk_c)
                  --------
                    3.583   (31.6% logic, 68.4% route), 1 logic levels.

Unconstrained Preference:
   INPUT_SETUP PORT "reset" CLKPORT "clk" 

Report:    3.857ns delay reset to SLICE_496 (3.583ns delay and 0.274ns setup)

   Name    Fanout   Delay (ns)          Site               Resource
PADI_DEL    ---     1.132          4.PAD to        4.PADDI reset
ROUTE       250     2.451        4.PADDI to     R5C12B.LSR reset_c (to clk_c)
                  --------
                    3.583   (31.6% logic, 68.4% route), 1 logic levels.

Unconstrained Preference:
   INPUT_SETUP PORT "reset" CLKPORT "clk" 

Report:    3.857ns delay reset to SLICE_497 (3.583ns delay and 0.274ns setup)

   Name    Fanout   Delay (ns)          Site               Resource
PADI_DEL    ---     1.132          4.PAD to        4.PADDI reset
ROUTE       250     2.451        4.PADDI to     R8C14D.LSR reset_c (to clk_c)
                  --------
                    3.583   (31.6% logic, 68.4% route), 1 logic levels.

Unconstrained Preference:
   INPUT_SETUP PORT "reset" CLKPORT "clk" 

Report:    3.857ns delay reset to SLICE_498 (3.583ns delay and 0.274ns setup)

   Name    Fanout   Delay (ns)          Site               Resource
PADI_DEL    ---     1.132          4.PAD to        4.PADDI reset
ROUTE       250     2.451        4.PADDI to     R7C15B.LSR reset_c (to clk_c)
                  --------
                    3.583   (31.6% logic, 68.4% route), 1 logic levels.

Unconstrained Preference:
   INPUT_SETUP PORT "reset" CLKPORT "clk" 

Report:    3.857ns delay reset to SLICE_499 (3.583ns delay and 0.274ns setup)

   Name    Fanout   Delay (ns)          Site               Resource
PADI_DEL    ---     1.132          4.PAD to        4.PADDI reset
ROUTE       250     2.451        4.PADDI to     R7C16C.LSR reset_c (to clk_c)
                  --------
                    3.583   (31.6% logic, 68.4% route), 1 logic levels.

Unconstrained Preference:
   INPUT_SETUP PORT "reset" CLKPORT "clk" 

Report:    3.857ns delay reset to SLICE_500 (3.583ns delay and 0.274ns setup)

   Name    Fanout   Delay (ns)          Site               Resource
PADI_DEL    ---     1.132          4.PAD to        4.PADDI reset
ROUTE       250     2.451        4.PADDI to     R4C15B.LSR reset_c (to clk_c)
                  --------
                    3.583   (31.6% logic, 68.4% route), 1 logic levels.

Unconstrained Preference:
   INPUT_SETUP PORT "reset" CLKPORT "clk" 

Report:    3.857ns delay reset to SLICE_501 (3.583ns delay and 0.274ns setup)

   Name    Fanout   Delay (ns)          Site               Resource
PADI_DEL    ---     1.132          4.PAD to        4.PADDI reset
ROUTE       250     2.451        4.PADDI to     R3C16D.LSR reset_c (to clk_c)
                  --------
                    3.583   (31.6% logic, 68.4% route), 1 logic levels.

Unconstrained Preference:
   INPUT_SETUP PORT "reset" CLKPORT "clk" 

Report:    3.857ns delay reset to SLICE_502 (3.583ns delay and 0.274ns setup)

   Name    Fanout   Delay (ns)          Site               Resource
PADI_DEL    ---     1.132          4.PAD to        4.PADDI reset
ROUTE       250     2.451        4.PADDI to     R3C14D.LSR reset_c (to clk_c)
                  --------
                    3.583   (31.6% logic, 68.4% route), 1 logic levels.

Unconstrained Preference:
   INPUT_SETUP PORT "reset" CLKPORT "clk" 

Report:    3.857ns delay reset to SLICE_503 (3.583ns delay and 0.274ns setup)

   Name    Fanout   Delay (ns)          Site               Resource
PADI_DEL    ---     1.132          4.PAD to        4.PADDI reset
ROUTE       250     2.451        4.PADDI to     R3C13D.LSR reset_c (to clk_c)
                  --------
                    3.583   (31.6% logic, 68.4% route), 1 logic levels.

Unconstrained Preference:
   INPUT_SETUP PORT "reset" CLKPORT "clk" 

Report:    3.857ns delay reset to SLICE_504 (3.583ns delay and 0.274ns setup)

   Name    Fanout   Delay (ns)          Site               Resource
PADI_DEL    ---     1.132          4.PAD to        4.PADDI reset
ROUTE       250     2.451        4.PADDI to     R3C17B.LSR reset_c (to clk_c)
                  --------
                    3.583   (31.6% logic, 68.4% route), 1 logic levels.

Unconstrained Preference:
   INPUT_SETUP PORT "reset" CLKPORT "clk" 

Report:    3.857ns delay reset to SLICE_507 (3.583ns delay and 0.274ns setup)

   Name    Fanout   Delay (ns)          Site               Resource
PADI_DEL    ---     1.132          4.PAD to        4.PADDI reset
ROUTE       250     2.451        4.PADDI to     R8C15C.LSR reset_c (to clk_c)
                  --------
                    3.583   (31.6% logic, 68.4% route), 1 logic levels.

Unconstrained Preference:
   INPUT_SETUP PORT "reset" CLKPORT "clk" 

Report:    3.857ns delay reset to SLICE_526 (3.583ns delay and 0.274ns setup)

   Name    Fanout   Delay (ns)          Site               Resource
PADI_DEL    ---     1.132          4.PAD to        4.PADDI reset
ROUTE       250     2.451        4.PADDI to     R4C17A.LSR reset_c (to clk_c)
                  --------
                    3.583   (31.6% logic, 68.4% route), 1 logic levels.

Unconstrained Preference:
   INPUT_SETUP PORT "reset" CLKPORT "clk" 

Report:    3.857ns delay reset to SLICE_527 (3.583ns delay and 0.274ns setup)

   Name    Fanout   Delay (ns)          Site               Resource
PADI_DEL    ---     1.132          4.PAD to        4.PADDI reset
ROUTE       250     2.451        4.PADDI to     R4C14D.LSR reset_c (to clk_c)
                  --------
                    3.583   (31.6% logic, 68.4% route), 1 logic levels.

Unconstrained Preference:
   INPUT_SETUP PORT "reset" CLKPORT "clk" 

Report:    3.857ns delay reset to SLICE_528 (3.583ns delay and 0.274ns setup)

   Name    Fanout   Delay (ns)          Site               Resource
PADI_DEL    ---     1.132          4.PAD to        4.PADDI reset
ROUTE       250     2.451        4.PADDI to     R4C14A.LSR reset_c (to clk_c)
                  --------
                    3.583   (31.6% logic, 68.4% route), 1 logic levels.

Unconstrained Preference:
   INPUT_SETUP PORT "reset" CLKPORT "clk" 

Report:    3.857ns delay reset to SLICE_529 (3.583ns delay and 0.274ns setup)

   Name    Fanout   Delay (ns)          Site               Resource
PADI_DEL    ---     1.132          4.PAD to        4.PADDI reset
ROUTE       250     2.451        4.PADDI to     R4C15A.LSR reset_c (to clk_c)
                  --------
                    3.583   (31.6% logic, 68.4% route), 1 logic levels.

Unconstrained Preference:
   INPUT_SETUP PORT "reset" CLKPORT "clk" 

Report:    3.857ns delay reset to SLICE_530 (3.583ns delay and 0.274ns setup)

   Name    Fanout   Delay (ns)          Site               Resource
PADI_DEL    ---     1.132          4.PAD to        4.PADDI reset
ROUTE       250     2.451        4.PADDI to     R9C17A.LSR reset_c (to clk_c)
                  --------
                    3.583   (31.6% logic, 68.4% route), 1 logic levels.

Unconstrained Preference:
   INPUT_SETUP PORT "reset" CLKPORT "clk" 

Report:    3.857ns delay reset to SLICE_531 (3.583ns delay and 0.274ns setup)

   Name    Fanout   Delay (ns)          Site               Resource
PADI_DEL    ---     1.132          4.PAD to        4.PADDI reset
ROUTE       250     2.451        4.PADDI to    R10C14B.LSR reset_c (to clk_c)
                  --------
                    3.583   (31.6% logic, 68.4% route), 1 logic levels.

Unconstrained Preference:
   INPUT_SETUP PORT "reset" CLKPORT "clk" 

Report:    3.857ns delay reset to SLICE_532 (3.583ns delay and 0.274ns setup)

   Name    Fanout   Delay (ns)          Site               Resource
PADI_DEL    ---     1.132          4.PAD to        4.PADDI reset
ROUTE       250     2.451        4.PADDI to     R7C17B.LSR reset_c (to clk_c)
                  --------
                    3.583   (31.6% logic, 68.4% route), 1 logic levels.

Unconstrained Preference:
   INPUT_SETUP PORT "reset" CLKPORT "clk" 

Report:    3.857ns delay reset to SLICE_543 (3.583ns delay and 0.274ns setup)

   Name    Fanout   Delay (ns)          Site               Resource
PADI_DEL    ---     1.132          4.PAD to        4.PADDI reset
ROUTE       250     2.451        4.PADDI to      R7C8A.LSR reset_c (to clk_c)
                  --------
                    3.583   (31.6% logic, 68.4% route), 1 logic levels.

Unconstrained Preference:
   INPUT_SETUP PORT "reset" CLKPORT "clk" 

Report:    3.857ns delay reset to SLICE_544 (3.583ns delay and 0.274ns setup)

   Name    Fanout   Delay (ns)          Site               Resource
PADI_DEL    ---     1.132          4.PAD to        4.PADDI reset
ROUTE       250     2.451        4.PADDI to     R2C15D.LSR reset_c (to clk_c)
                  --------
                    3.583   (31.6% logic, 68.4% route), 1 logic levels.

Unconstrained Preference:
   INPUT_SETUP PORT "reset" CLKPORT "clk" 

Report:    3.857ns delay reset to SLICE_572 (3.583ns delay and 0.274ns setup)

   Name    Fanout   Delay (ns)          Site               Resource
PADI_DEL    ---     1.132          4.PAD to        4.PADDI reset
ROUTE       250     2.451        4.PADDI to      R5C8D.LSR reset_c (to clk_c)
                  --------
                    3.583   (31.6% logic, 68.4% route), 1 logic levels.

Unconstrained Preference:
   INPUT_SETUP PORT "reset" CLKPORT "clk" 

Report:    3.857ns delay reset to SLICE_577 (3.583ns delay and 0.274ns setup)

   Name    Fanout   Delay (ns)          Site               Resource
PADI_DEL    ---     1.132          4.PAD to        4.PADDI reset
ROUTE       250     2.451        4.PADDI to     R5C17A.LSR reset_c (to clk_c)
                  --------
                    3.583   (31.6% logic, 68.4% route), 1 logic levels.

Unconstrained Preference:
   INPUT_SETUP PORT "reset" CLKPORT "clk" 

Report:    3.857ns delay reset to SLICE_578 (3.583ns delay and 0.274ns setup)

   Name    Fanout   Delay (ns)          Site               Resource
PADI_DEL    ---     1.132          4.PAD to        4.PADDI reset
ROUTE       250     2.451        4.PADDI to     R3C15A.LSR reset_c (to clk_c)
                  --------
                    3.583   (31.6% logic, 68.4% route), 1 logic levels.

Unconstrained Preference:
   INPUT_SETUP PORT "reset" CLKPORT "clk" 

Report:    3.857ns delay reset to SLICE_580 (3.583ns delay and 0.274ns setup)

   Name    Fanout   Delay (ns)          Site               Resource
PADI_DEL    ---     1.132          4.PAD to        4.PADDI reset
ROUTE       250     2.451        4.PADDI to     R4C17C.LSR reset_c (to clk_c)
                  --------
                    3.583   (31.6% logic, 68.4% route), 1 logic levels.

Unconstrained Preference:
   INPUT_SETUP PORT "reset" CLKPORT "clk" 

Report:    3.857ns delay reset to SLICE_581 (3.583ns delay and 0.274ns setup)

   Name    Fanout   Delay (ns)          Site               Resource
PADI_DEL    ---     1.132          4.PAD to        4.PADDI reset
ROUTE       250     2.451        4.PADDI to     R4C16B.LSR reset_c (to clk_c)
                  --------
                    3.583   (31.6% logic, 68.4% route), 1 logic levels.

Unconstrained Preference:
   INPUT_SETUP PORT "reset" CLKPORT "clk" 

Report:    3.857ns delay reset to SLICE_582 (3.583ns delay and 0.274ns setup)

   Name    Fanout   Delay (ns)          Site               Resource
PADI_DEL    ---     1.132          4.PAD to        4.PADDI reset
ROUTE       250     2.451        4.PADDI to     R8C16D.LSR reset_c (to clk_c)
                  --------
                    3.583   (31.6% logic, 68.4% route), 1 logic levels.

Unconstrained Preference:
   INPUT_SETUP PORT "reset" CLKPORT "clk" 

Report:    3.857ns delay reset to SLICE_583 (3.583ns delay and 0.274ns setup)

   Name    Fanout   Delay (ns)          Site               Resource
PADI_DEL    ---     1.132          4.PAD to        4.PADDI reset
ROUTE       250     2.451        4.PADDI to     R7C17D.LSR reset_c (to clk_c)
                  --------
                    3.583   (31.6% logic, 68.4% route), 1 logic levels.

Unconstrained Preference:
   INPUT_SETUP PORT "reset" CLKPORT "clk" 

Report:    3.857ns delay reset to SLICE_584 (3.583ns delay and 0.274ns setup)

   Name    Fanout   Delay (ns)          Site               Resource
PADI_DEL    ---     1.132          4.PAD to        4.PADDI reset
ROUTE       250     2.451        4.PADDI to     R4C12D.LSR reset_c (to clk_c)
                  --------
                    3.583   (31.6% logic, 68.4% route), 1 logic levels.

Unconstrained Preference:
   INPUT_SETUP PORT "reset" CLKPORT "clk" 

Report:    3.857ns delay reset to SLICE_585 (3.583ns delay and 0.274ns setup)

   Name    Fanout   Delay (ns)          Site               Resource
PADI_DEL    ---     1.132          4.PAD to        4.PADDI reset
ROUTE       250     2.451        4.PADDI to     R3C12A.LSR reset_c (to clk_c)
                  --------
                    3.583   (31.6% logic, 68.4% route), 1 logic levels.

Unconstrained Preference:
   INPUT_SETUP PORT "reset" CLKPORT "clk" 

Report:    3.857ns delay reset to SLICE_586 (3.583ns delay and 0.274ns setup)

   Name    Fanout   Delay (ns)          Site               Resource
PADI_DEL    ---     1.132          4.PAD to        4.PADDI reset
ROUTE       250     2.451        4.PADDI to     R3C12B.LSR reset_c (to clk_c)
                  --------
                    3.583   (31.6% logic, 68.4% route), 1 logic levels.

Unconstrained Preference:
   INPUT_SETUP PORT "reset" CLKPORT "clk" 

Report:    3.857ns delay reset to SLICE_587 (3.583ns delay and 0.274ns setup)

   Name    Fanout   Delay (ns)          Site               Resource
PADI_DEL    ---     1.132          4.PAD to        4.PADDI reset
ROUTE       250     2.451        4.PADDI to     R3C14C.LSR reset_c (to clk_c)
                  --------
                    3.583   (31.6% logic, 68.4% route), 1 logic levels.

Unconstrained Preference:
   INPUT_SETUP PORT "reset" CLKPORT "clk" 

Report:    3.857ns delay reset to SLICE_588 (3.583ns delay and 0.274ns setup)

   Name    Fanout   Delay (ns)          Site               Resource
PADI_DEL    ---     1.132          4.PAD to        4.PADDI reset
ROUTE       250     2.451        4.PADDI to     R3C14A.LSR reset_c (to clk_c)
                  --------
                    3.583   (31.6% logic, 68.4% route), 1 logic levels.

Unconstrained Preference:
   INPUT_SETUP PORT "reset" CLKPORT "clk" 

Report:    3.857ns delay reset to SLICE_589 (3.583ns delay and 0.274ns setup)

   Name    Fanout   Delay (ns)          Site               Resource
PADI_DEL    ---     1.132          4.PAD to        4.PADDI reset
ROUTE       250     2.451        4.PADDI to     R3C16B.LSR reset_c (to clk_c)
                  --------
                    3.583   (31.6% logic, 68.4% route), 1 logic levels.

Unconstrained Preference:
   INPUT_SETUP PORT "reset" CLKPORT "clk" 

Report:    3.857ns delay reset to SLICE_590 (3.583ns delay and 0.274ns setup)

   Name    Fanout   Delay (ns)          Site               Resource
PADI_DEL    ---     1.132          4.PAD to        4.PADDI reset
ROUTE       250     2.451        4.PADDI to     R5C16D.LSR reset_c (to clk_c)
                  --------
                    3.583   (31.6% logic, 68.4% route), 1 logic levels.

Unconstrained Preference:
   INPUT_SETUP PORT "reset" CLKPORT "clk" 

Report:    3.857ns delay reset to SLICE_591 (3.583ns delay and 0.274ns setup)

   Name    Fanout   Delay (ns)          Site               Resource
PADI_DEL    ---     1.132          4.PAD to        4.PADDI reset
ROUTE       250     2.451        4.PADDI to     R4C17D.LSR reset_c (to clk_c)
                  --------
                    3.583   (31.6% logic, 68.4% route), 1 logic levels.

Unconstrained Preference:
   INPUT_SETUP PORT "reset" CLKPORT "clk" 

Report:    3.857ns delay reset to SLICE_592 (3.583ns delay and 0.274ns setup)

   Name    Fanout   Delay (ns)          Site               Resource
PADI_DEL    ---     1.132          4.PAD to        4.PADDI reset
ROUTE       250     2.451        4.PADDI to     R4C15C.LSR reset_c (to clk_c)
                  --------
                    3.583   (31.6% logic, 68.4% route), 1 logic levels.

Unconstrained Preference:
   INPUT_SETUP PORT "reset" CLKPORT "clk" 

Report:    3.857ns delay reset to SLICE_593 (3.583ns delay and 0.274ns setup)

   Name    Fanout   Delay (ns)          Site               Resource
PADI_DEL    ---     1.132          4.PAD to        4.PADDI reset
ROUTE       250     2.451        4.PADDI to     R8C16B.LSR reset_c (to clk_c)
                  --------
                    3.583   (31.6% logic, 68.4% route), 1 logic levels.

Unconstrained Preference:
   INPUT_SETUP PORT "reset" CLKPORT "clk" 

Report:    3.857ns delay reset to SLICE_594 (3.583ns delay and 0.274ns setup)

   Name    Fanout   Delay (ns)          Site               Resource
PADI_DEL    ---     1.132          4.PAD to        4.PADDI reset
ROUTE       250     2.451        4.PADDI to    R10C15A.LSR reset_c (to clk_c)
                  --------
                    3.583   (31.6% logic, 68.4% route), 1 logic levels.

Unconstrained Preference:
   INPUT_SETUP PORT "reset" CLKPORT "clk" 

Report:    3.857ns delay reset to SLICE_595 (3.583ns delay and 0.274ns setup)

   Name    Fanout   Delay (ns)          Site               Resource
PADI_DEL    ---     1.132          4.PAD to        4.PADDI reset
ROUTE       250     2.451        4.PADDI to     R8C13A.LSR reset_c (to clk_c)
                  --------
                    3.583   (31.6% logic, 68.4% route), 1 logic levels.

Unconstrained Preference:
   INPUT_SETUP PORT "reset" CLKPORT "clk" 

Report:    3.857ns delay reset to SLICE_596 (3.583ns delay and 0.274ns setup)

   Name    Fanout   Delay (ns)          Site               Resource
PADI_DEL    ---     1.132          4.PAD to        4.PADDI reset
ROUTE       250     2.451        4.PADDI to      R5C7D.LSR reset_c (to clk_c)
                  --------
                    3.583   (31.6% logic, 68.4% route), 1 logic levels.

Unconstrained Preference:
   INPUT_SETUP PORT "reset" CLKPORT "clk" 

Report:    3.857ns delay reset to SLICE_597 (3.583ns delay and 0.274ns setup)

   Name    Fanout   Delay (ns)          Site               Resource
PADI_DEL    ---     1.132          4.PAD to        4.PADDI reset
ROUTE       250     2.451        4.PADDI to     R9C15A.LSR reset_c (to clk_c)
                  --------
                    3.583   (31.6% logic, 68.4% route), 1 logic levels.

Unconstrained Preference:
   INPUT_SETUP PORT "reset" CLKPORT "clk" 

Report:    3.857ns delay reset to SLICE_598 (3.583ns delay and 0.274ns setup)

   Name    Fanout   Delay (ns)          Site               Resource
PADI_DEL    ---     1.132          4.PAD to        4.PADDI reset
ROUTE       250     2.451        4.PADDI to     R8C16A.LSR reset_c (to clk_c)
                  --------
                    3.583   (31.6% logic, 68.4% route), 1 logic levels.

Unconstrained Preference:
   INPUT_SETUP PORT "reset" CLKPORT "clk" 

Report:    3.857ns delay reset to SLICE_76 (3.583ns delay and 0.274ns setup)

   Name    Fanout   Delay (ns)          Site               Resource
PADI_DEL    ---     1.132          4.PAD to        4.PADDI reset
ROUTE       250     2.451        4.PADDI to     R2C16C.LSR reset_c (to clk_c)
                  --------
                    3.583   (31.6% logic, 68.4% route), 1 logic levels.

Unconstrained Preference:
   INPUT_SETUP PORT "reset" CLKPORT "clk" 

Report:    3.857ns delay reset to SLICE_77 (3.583ns delay and 0.274ns setup)

   Name    Fanout   Delay (ns)          Site               Resource
PADI_DEL    ---     1.132          4.PAD to        4.PADDI reset
ROUTE       250     2.451        4.PADDI to      R7C7A.LSR reset_c (to clk_c)
                  --------
                    3.583   (31.6% logic, 68.4% route), 1 logic levels.

Unconstrained Preference:
   INPUT_SETUP PORT "reset" CLKPORT "clk" 

Report:    3.857ns delay reset to SLICE_78 (3.583ns delay and 0.274ns setup)

   Name    Fanout   Delay (ns)          Site               Resource
PADI_DEL    ---     1.132          4.PAD to        4.PADDI reset
ROUTE       250     2.451        4.PADDI to      R7C7C.LSR reset_c (to clk_c)
                  --------
                    3.583   (31.6% logic, 68.4% route), 1 logic levels.

Unconstrained Preference:
   INPUT_SETUP PORT "reset" CLKPORT "clk" 

Report:    3.857ns delay reset to SLICE_79 (3.583ns delay and 0.274ns setup)

   Name    Fanout   Delay (ns)          Site               Resource
PADI_DEL    ---     1.132          4.PAD to        4.PADDI reset
ROUTE       250     2.451        4.PADDI to      R5C6A.LSR reset_c (to clk_c)
                  --------
                    3.583   (31.6% logic, 68.4% route), 1 logic levels.

Unconstrained Preference:
   INPUT_SETUP PORT "reset" CLKPORT "clk" 

Report:    3.857ns delay reset to SLICE_80 (3.583ns delay and 0.274ns setup)

   Name    Fanout   Delay (ns)          Site               Resource
PADI_DEL    ---     1.132          4.PAD to        4.PADDI reset
ROUTE       250     2.451        4.PADDI to      R4C7D.LSR reset_c (to clk_c)
                  --------
                    3.583   (31.6% logic, 68.4% route), 1 logic levels.

Unconstrained Preference:
   INPUT_SETUP PORT "reset" CLKPORT "clk" 

Report:    3.857ns delay reset to SLICE_81 (3.583ns delay and 0.274ns setup)

   Name    Fanout   Delay (ns)          Site               Resource
PADI_DEL    ---     1.132          4.PAD to        4.PADDI reset
ROUTE       250     2.451        4.PADDI to      R4C5A.LSR reset_c (to clk_c)
                  --------
                    3.583   (31.6% logic, 68.4% route), 1 logic levels.

Unconstrained Preference:
   INPUT_SETUP PORT "reset" CLKPORT "clk" 

Report:    3.857ns delay reset to SLICE_82 (3.583ns delay and 0.274ns setup)

   Name    Fanout   Delay (ns)          Site               Resource
PADI_DEL    ---     1.132          4.PAD to        4.PADDI reset
ROUTE       250     2.451        4.PADDI to      R4C4B.LSR reset_c (to clk_c)
                  --------
                    3.583   (31.6% logic, 68.4% route), 1 logic levels.

Unconstrained Preference:
   INPUT_SETUP PORT "reset" CLKPORT "clk" 

Report:    3.857ns delay reset to SLICE_83 (3.583ns delay and 0.274ns setup)

   Name    Fanout   Delay (ns)          Site               Resource
PADI_DEL    ---     1.132          4.PAD to        4.PADDI reset
ROUTE       250     2.451        4.PADDI to      R5C5D.LSR reset_c (to clk_c)
                  --------
                    3.583   (31.6% logic, 68.4% route), 1 logic levels.

Unconstrained Preference:
   INPUT_SETUP PORT "reset" CLKPORT "clk" 

Report:    3.857ns delay reset to SLICE_84 (3.583ns delay and 0.274ns setup)

   Name    Fanout   Delay (ns)          Site               Resource
PADI_DEL    ---     1.132          4.PAD to        4.PADDI reset
ROUTE       250     2.451        4.PADDI to      R5C8B.LSR reset_c (to clk_c)
                  --------
                    3.583   (31.6% logic, 68.4% route), 1 logic levels.

Unconstrained Preference:
   INPUT_SETUP PORT "reset" CLKPORT "clk" 

Report:    3.857ns delay reset to SLICE_85 (3.583ns delay and 0.274ns setup)

   Name    Fanout   Delay (ns)          Site               Resource
PADI_DEL    ---     1.132          4.PAD to        4.PADDI reset
ROUTE       250     2.451        4.PADDI to     R7C11C.LSR reset_c (to clk_c)
                  --------
                    3.583   (31.6% logic, 68.4% route), 1 logic levels.

Unconstrained Preference:
   INPUT_SETUP PORT "reset" CLKPORT "clk" 

Report:    3.857ns delay reset to SLICE_86 (3.583ns delay and 0.274ns setup)

   Name    Fanout   Delay (ns)          Site               Resource
PADI_DEL    ---     1.132          4.PAD to        4.PADDI reset
ROUTE       250     2.451        4.PADDI to     R7C12C.LSR reset_c (to clk_c)
                  --------
                    3.583   (31.6% logic, 68.4% route), 1 logic levels.

Unconstrained Preference:
   INPUT_SETUP PORT "reset" CLKPORT "clk" 

Report:    3.857ns delay reset to SLICE_87 (3.583ns delay and 0.274ns setup)

   Name    Fanout   Delay (ns)          Site               Resource
PADI_DEL    ---     1.132          4.PAD to        4.PADDI reset
ROUTE       250     2.451        4.PADDI to     R8C12D.LSR reset_c (to clk_c)
                  --------
                    3.583   (31.6% logic, 68.4% route), 1 logic levels.

Unconstrained Preference:
   INPUT_SETUP PORT "reset" CLKPORT "clk" 

Report:    3.857ns delay reset to system/core/engine/SLICE_163 (3.583ns delay and 0.274ns setup)

   Name    Fanout   Delay (ns)          Site               Resource
PADI_DEL    ---     1.132          4.PAD to        4.PADDI reset
ROUTE       250     2.451        4.PADDI to      R3C8C.LSR reset_c (to clk_c)
                  --------
                    3.583   (31.6% logic, 68.4% route), 1 logic levels.

Unconstrained Preference:
   INPUT_SETUP PORT "reset" CLKPORT "clk" 

Report:    3.857ns delay reset to system/sequential.memory/SLICE_16 (3.583ns delay and 0.274ns setup)

   Name    Fanout   Delay (ns)          Site               Resource
PADI_DEL    ---     1.132          4.PAD to        4.PADDI reset
ROUTE       250     2.451        4.PADDI to     R9C11C.LSR reset_c (to clk_c)
                  --------
                    3.583   (31.6% logic, 68.4% route), 1 logic levels.

Unconstrained Preference:
   INPUT_SETUP PORT "reset" CLKPORT "clk" 

Report:    3.857ns delay reset to system/core/engine/seq/SLICE_20 (3.583ns delay and 0.274ns setup)

   Name    Fanout   Delay (ns)          Site               Resource
PADI_DEL    ---     1.132          4.PAD to        4.PADDI reset
ROUTE       250     2.451        4.PADDI to     R5C20D.LSR reset_c (to clk_c)
                  --------
                    3.583   (31.6% logic, 68.4% route), 1 logic levels.

Unconstrained Preference:
   INPUT_SETUP PORT "reset" CLKPORT "clk" 

Report:    3.857ns delay reset to system/sequential.memory/SLICE_12 (3.583ns delay and 0.274ns setup)

   Name    Fanout   Delay (ns)          Site               Resource
PADI_DEL    ---     1.132          4.PAD to        4.PADDI reset
ROUTE       250     2.451        4.PADDI to     R9C12C.LSR reset_c (to clk_c)
                  --------
                    3.583   (31.6% logic, 68.4% route), 1 logic levels.

Unconstrained Preference:
   INPUT_SETUP PORT "reset" CLKPORT "clk" 

Report:    3.857ns delay reset to system/core/engine/SLICE_200 (3.583ns delay and 0.274ns setup)

   Name    Fanout   Delay (ns)          Site               Resource
PADI_DEL    ---     1.132          4.PAD to        4.PADDI reset
ROUTE       250     2.451        4.PADDI to     R4C19A.LSR reset_c (to clk_c)
                  --------
                    3.583   (31.6% logic, 68.4% route), 1 logic levels.

Unconstrained Preference:
   INPUT_SETUP PORT "reset" CLKPORT "clk" 

Report:    3.857ns delay reset to system/SLICE_59 (3.583ns delay and 0.274ns setup)

   Name    Fanout   Delay (ns)          Site               Resource
PADI_DEL    ---     1.132          4.PAD to        4.PADDI reset
ROUTE       250     2.451        4.PADDI to     R7C13C.LSR reset_c (to clk_c)
                  --------
                    3.583   (31.6% logic, 68.4% route), 1 logic levels.

Unconstrained Preference:
   INPUT_SETUP PORT "reset" CLKPORT "clk" 

Report:    3.857ns delay reset to system/core/engine/SLICE_68 (3.583ns delay and 0.274ns setup)

   Name    Fanout   Delay (ns)          Site               Resource
PADI_DEL    ---     1.132          4.PAD to        4.PADDI reset
ROUTE       250     2.451        4.PADDI to     R3C16C.LSR reset_c (to clk_c)
                  --------
                    3.583   (31.6% logic, 68.4% route), 1 logic levels.

Unconstrained Preference:
   INPUT_SETUP PORT "reset" CLKPORT "clk" 

Report:    3.857ns delay reset to system/core/engine/dp/SLICE_171 (3.583ns delay and 0.274ns setup)

   Name    Fanout   Delay (ns)          Site               Resource
PADI_DEL    ---     1.132          4.PAD to        4.PADDI reset
ROUTE       250     2.451        4.PADDI to      R7C4C.LSR reset_c (to clk_c)
                  --------
                    3.583   (31.6% logic, 68.4% route), 1 logic levels.

Unconstrained Preference:
   INPUT_SETUP PORT "reset" CLKPORT "clk" 

Report:    3.857ns delay reset to system/core/engine/dp/SLICE_179 (3.583ns delay and 0.274ns setup)

   Name    Fanout   Delay (ns)          Site               Resource
PADI_DEL    ---     1.132          4.PAD to        4.PADDI reset
ROUTE       250     2.451        4.PADDI to      R5C4D.LSR reset_c (to clk_c)
                  --------
                    3.583   (31.6% logic, 68.4% route), 1 logic levels.

Unconstrained Preference:
   INPUT_SETUP PORT "reset" CLKPORT "clk" 

Report:    3.857ns delay reset to system/core/engine/SLICE_201 (3.583ns delay and 0.274ns setup)

   Name    Fanout   Delay (ns)          Site               Resource
PADI_DEL    ---     1.132          4.PAD to        4.PADDI reset
ROUTE       250     2.451        4.PADDI to     R3C18A.LSR reset_c (to clk_c)
                  --------
                    3.583   (31.6% logic, 68.4% route), 1 logic levels.

Unconstrained Preference:
   INPUT_SETUP PORT "reset" CLKPORT "clk" 

Report:    3.857ns delay reset to system/sequential.memory/SLICE_205 (3.583ns delay and 0.274ns setup)

   Name    Fanout   Delay (ns)          Site               Resource
PADI_DEL    ---     1.132          4.PAD to        4.PADDI reset
ROUTE       250     2.451        4.PADDI to    R10C13A.LSR reset_c (to clk_c)
                  --------
                    3.583   (31.6% logic, 68.4% route), 1 logic levels.

Unconstrained Preference:
   INPUT_SETUP PORT "reset" CLKPORT "clk" 

Report:    3.857ns delay reset to system/sequential.memory/SLICE_213 (3.583ns delay and 0.274ns setup)

   Name    Fanout   Delay (ns)          Site               Resource
PADI_DEL    ---     1.132          4.PAD to        4.PADDI reset
ROUTE       250     2.451        4.PADDI to      R9C8A.LSR reset_c (to clk_c)
                  --------
                    3.583   (31.6% logic, 68.4% route), 1 logic levels.

Unconstrained Preference:
   INPUT_SETUP PORT "reset" CLKPORT "clk" 

Report:    3.857ns delay reset to system/sequential.memory/SLICE_221 (3.583ns delay and 0.274ns setup)

   Name    Fanout   Delay (ns)          Site               Resource
PADI_DEL    ---     1.132          4.PAD to        4.PADDI reset
ROUTE       250     2.451        4.PADDI to     R8C11D.LSR reset_c (to clk_c)
                  --------
                    3.583   (31.6% logic, 68.4% route), 1 logic levels.

Unconstrained Preference:
   INPUT_SETUP PORT "reset" CLKPORT "clk" 

Report:    3.857ns delay reset to system/sequential.memory/SLICE_210 (3.583ns delay and 0.274ns setup)

   Name    Fanout   Delay (ns)          Site               Resource
PADI_DEL    ---     1.132          4.PAD to        4.PADDI reset
ROUTE       250     2.451        4.PADDI to     R7C13D.LSR reset_c (to clk_c)
                  --------
                    3.583   (31.6% logic, 68.4% route), 1 logic levels.

Unconstrained Preference:
   INPUT_SETUP PORT "reset" CLKPORT "clk" 

Report:    3.857ns delay reset to system/SLICE_241 (3.583ns delay and 0.274ns setup)

   Name    Fanout   Delay (ns)          Site               Resource
PADI_DEL    ---     1.132          4.PAD to        4.PADDI reset
ROUTE       250     2.451        4.PADDI to     R4C13A.LSR reset_c (to clk_c)
                  --------
                    3.583   (31.6% logic, 68.4% route), 1 logic levels.

Unconstrained Preference:
   INPUT_SETUP PORT "reset" CLKPORT "clk" 

Report:    3.857ns delay reset to system/sequential.memory/transport/SLICE_75 (3.583ns delay and 0.274ns setup)

   Name    Fanout   Delay (ns)          Site               Resource
PADI_DEL    ---     1.132          4.PAD to        4.PADDI reset
ROUTE       250     2.451        4.PADDI to      R9C9C.LSR reset_c (to clk_c)
                  --------
                    3.583   (31.6% logic, 68.4% route), 1 logic levels.

Unconstrained Preference:
   INPUT_SETUP PORT "reset" CLKPORT "clk" 

Report:    3.857ns delay reset to system/core/engine/seq/SLICE_253 (3.583ns delay and 0.274ns setup)

   Name    Fanout   Delay (ns)          Site               Resource
PADI_DEL    ---     1.132          4.PAD to        4.PADDI reset
ROUTE       250     2.451        4.PADDI to     R7C18A.LSR reset_c (to clk_c)
                  --------
                    3.583   (31.6% logic, 68.4% route), 1 logic levels.

Unconstrained Preference:
   INPUT_SETUP PORT "reset" CLKPORT "clk" 

Report:    3.857ns delay reset to system/SLICE_35 (3.583ns delay and 0.274ns setup)

   Name    Fanout   Delay (ns)          Site               Resource
PADI_DEL    ---     1.132          4.PAD to        4.PADDI reset
ROUTE       250     2.451        4.PADDI to      R7C6B.LSR reset_c (to clk_c)
                  --------
                    3.583   (31.6% logic, 68.4% route), 1 logic levels.

Unconstrained Preference:
   INPUT_SETUP PORT "reset" CLKPORT "clk" 

Report:    3.857ns delay reset to system/core/engine/SLICE_204 (3.583ns delay and 0.274ns setup)

   Name    Fanout   Delay (ns)          Site               Resource
PADI_DEL    ---     1.132          4.PAD to        4.PADDI reset
ROUTE       250     2.451        4.PADDI to     R4C19B.LSR reset_c (to clk_c)
                  --------
                    3.583   (31.6% logic, 68.4% route), 1 logic levels.

Unconstrained Preference:
   INPUT_SETUP PORT "reset" CLKPORT "clk" 

Report:    3.857ns delay reset to system/core/engine/seq/SLICE_21 (3.583ns delay and 0.274ns setup)

   Name    Fanout   Delay (ns)          Site               Resource
PADI_DEL    ---     1.132          4.PAD to        4.PADDI reset
ROUTE       250     2.451        4.PADDI to     R5C20C.LSR reset_c (to clk_c)
                  --------
                    3.583   (31.6% logic, 68.4% route), 1 logic levels.

Unconstrained Preference:
   INPUT_SETUP PORT "reset" CLKPORT "clk" 

Report:    3.857ns delay reset to system/SLICE_63 (3.583ns delay and 0.274ns setup)

   Name    Fanout   Delay (ns)          Site               Resource
PADI_DEL    ---     1.132          4.PAD to        4.PADDI reset
ROUTE       250     2.451        4.PADDI to     R7C14D.LSR reset_c (to clk_c)
                  --------
                    3.583   (31.6% logic, 68.4% route), 1 logic levels.

Unconstrained Preference:
   INPUT_SETUP PORT "reset" CLKPORT "clk" 

Report:    3.857ns delay reset to system/SLICE_49 (3.583ns delay and 0.274ns setup)

   Name    Fanout   Delay (ns)          Site               Resource
PADI_DEL    ---     1.132          4.PAD to        4.PADDI reset
ROUTE       250     2.451        4.PADDI to      R8C7A.LSR reset_c (to clk_c)
                  --------
                    3.583   (31.6% logic, 68.4% route), 1 logic levels.

Unconstrained Preference:
   INPUT_SETUP PORT "reset" CLKPORT "clk" 

Report:    3.857ns delay reset to system/core/engine/status/SLICE_159 (3.583ns delay and 0.274ns setup)

   Name    Fanout   Delay (ns)          Site               Resource
PADI_DEL    ---     1.132          4.PAD to        4.PADDI reset
ROUTE       250     2.451        4.PADDI to      R4C8D.LSR reset_c (to clk_c)
                  --------
                    3.583   (31.6% logic, 68.4% route), 1 logic levels.

Unconstrained Preference:
   INPUT_SETUP PORT "reset" CLKPORT "clk" 

Report:    3.857ns delay reset to system/sequential.memory/SLICE_13 (3.583ns delay and 0.274ns setup)

   Name    Fanout   Delay (ns)          Site               Resource
PADI_DEL    ---     1.132          4.PAD to        4.PADDI reset
ROUTE       250     2.451        4.PADDI to     R9C12B.LSR reset_c (to clk_c)
                  --------
                    3.583   (31.6% logic, 68.4% route), 1 logic levels.

Unconstrained Preference:
   INPUT_SETUP PORT "reset" CLKPORT "clk" 

Report:    3.857ns delay reset to system/core/engine/SLICE_167 (3.583ns delay and 0.274ns setup)

   Name    Fanout   Delay (ns)          Site               Resource
PADI_DEL    ---     1.132          4.PAD to        4.PADDI reset
ROUTE       250     2.451        4.PADDI to      R5C4A.LSR reset_c (to clk_c)
                  --------
                    3.583   (31.6% logic, 68.4% route), 1 logic levels.

Unconstrained Preference:
   INPUT_SETUP PORT "reset" CLKPORT "clk" 

Report:    3.857ns delay reset to system/sequential.memory/transport/SLICE_249 (3.583ns delay and 0.274ns setup)

   Name    Fanout   Delay (ns)          Site               Resource
PADI_DEL    ---     1.132          4.PAD to        4.PADDI reset
ROUTE       250     2.451        4.PADDI to     R5C13A.LSR reset_c (to clk_c)
                  --------
                    3.583   (31.6% logic, 68.4% route), 1 logic levels.

Unconstrained Preference:
   INPUT_SETUP PORT "reset" CLKPORT "clk" 

Report:    3.857ns delay reset to system/core/engine/dp/SLICE_175 (3.583ns delay and 0.274ns setup)

   Name    Fanout   Delay (ns)          Site               Resource
PADI_DEL    ---     1.132          4.PAD to        4.PADDI reset
ROUTE       250     2.451        4.PADDI to      R5C3B.LSR reset_c (to clk_c)
                  --------
                    3.583   (31.6% logic, 68.4% route), 1 logic levels.

Unconstrained Preference:
   INPUT_SETUP PORT "reset" CLKPORT "clk" 

Report:    3.857ns delay reset to system/SLICE_55 (3.583ns delay and 0.274ns setup)

   Name    Fanout   Delay (ns)          Site               Resource
PADI_DEL    ---     1.132          4.PAD to        4.PADDI reset
ROUTE       250     2.451        4.PADDI to      R7C9A.LSR reset_c (to clk_c)
                  --------
                    3.583   (31.6% logic, 68.4% route), 1 logic levels.

Unconstrained Preference:
   INPUT_SETUP PORT "reset" CLKPORT "clk" 

Report:    3.857ns delay reset to system/sequential.memory/transport/SLICE_183 (3.583ns delay and 0.274ns setup)

   Name    Fanout   Delay (ns)          Site               Resource
PADI_DEL    ---     1.132          4.PAD to        4.PADDI reset
ROUTE       250     2.451        4.PADDI to     R10C9A.LSR reset_c (to clk_c)
                  --------
                    3.583   (31.6% logic, 68.4% route), 1 logic levels.

Unconstrained Preference:
   INPUT_SETUP PORT "reset" CLKPORT "clk" 

Report:    3.857ns delay reset to system/SLICE_53 (3.583ns delay and 0.274ns setup)

   Name    Fanout   Delay (ns)          Site               Resource
PADI_DEL    ---     1.132          4.PAD to        4.PADDI reset
ROUTE       250     2.451        4.PADDI to      R7C5B.LSR reset_c (to clk_c)
                  --------
                    3.583   (31.6% logic, 68.4% route), 1 logic levels.

Unconstrained Preference:
   INPUT_SETUP PORT "reset" CLKPORT "clk" 

Report:    3.857ns delay reset to system/sequential.memory/SLICE_214 (3.583ns delay and 0.274ns setup)

   Name    Fanout   Delay (ns)          Site               Resource
PADI_DEL    ---     1.132          4.PAD to        4.PADDI reset
ROUTE       250     2.451        4.PADDI to      R9C8D.LSR reset_c (to clk_c)
                  --------
                    3.583   (31.6% logic, 68.4% route), 1 logic levels.

Unconstrained Preference:
   INPUT_SETUP PORT "reset" CLKPORT "clk" 

Report:    3.857ns delay reset to system/SLICE_58 (3.583ns delay and 0.274ns setup)

   Name    Fanout   Delay (ns)          Site               Resource
PADI_DEL    ---     1.132          4.PAD to        4.PADDI reset
ROUTE       250     2.451        4.PADDI to     R4C14B.LSR reset_c (to clk_c)
                  --------
                    3.583   (31.6% logic, 68.4% route), 1 logic levels.

Unconstrained Preference:
   INPUT_SETUP PORT "reset" CLKPORT "clk" 

Report:    3.857ns delay reset to system/sequential.memory/SLICE_218 (3.583ns delay and 0.274ns setup)

   Name    Fanout   Delay (ns)          Site               Resource
PADI_DEL    ---     1.132          4.PAD to        4.PADDI reset
ROUTE       250     2.451        4.PADDI to      R9C8B.LSR reset_c (to clk_c)
                  --------
                    3.583   (31.6% logic, 68.4% route), 1 logic levels.

Unconstrained Preference:
   INPUT_SETUP PORT "reset" CLKPORT "clk" 

Report:    3.857ns delay reset to system/SLICE_62 (3.583ns delay and 0.274ns setup)

   Name    Fanout   Delay (ns)          Site               Resource
PADI_DEL    ---     1.132          4.PAD to        4.PADDI reset
ROUTE       250     2.451        4.PADDI to     R5C14D.LSR reset_c (to clk_c)
                  --------
                    3.583   (31.6% logic, 68.4% route), 1 logic levels.

Unconstrained Preference:
   INPUT_SETUP PORT "reset" CLKPORT "clk" 

Report:    3.857ns delay reset to system/sequential.memory/SLICE_217 (3.583ns delay and 0.274ns setup)

   Name    Fanout   Delay (ns)          Site               Resource
PADI_DEL    ---     1.132          4.PAD to        4.PADDI reset
ROUTE       250     2.451        4.PADDI to      R8C8A.LSR reset_c (to clk_c)
                  --------
                    3.583   (31.6% logic, 68.4% route), 1 logic levels.

Unconstrained Preference:
   INPUT_SETUP PORT "reset" CLKPORT "clk" 

Report:    3.857ns delay reset to system/core/engine/SLICE_67 (3.583ns delay and 0.274ns setup)

   Name    Fanout   Delay (ns)          Site               Resource
PADI_DEL    ---     1.132          4.PAD to        4.PADDI reset
ROUTE       250     2.451        4.PADDI to     R3C16A.LSR reset_c (to clk_c)
                  --------
                    3.583   (31.6% logic, 68.4% route), 1 logic levels.

Unconstrained Preference:
   INPUT_SETUP PORT "reset" CLKPORT "clk" 

Report:    3.857ns delay reset to system/SLICE_240 (3.583ns delay and 0.274ns setup)

   Name    Fanout   Delay (ns)          Site               Resource
PADI_DEL    ---     1.132          4.PAD to        4.PADDI reset
ROUTE       250     2.451        4.PADDI to     R5C10D.LSR reset_c (to clk_c)
                  --------
                    3.583   (31.6% logic, 68.4% route), 1 logic levels.

Unconstrained Preference:
   INPUT_SETUP PORT "reset" CLKPORT "clk" 

Report:    3.857ns delay reset to system/core/engine/SLICE_162 (3.583ns delay and 0.274ns setup)

   Name    Fanout   Delay (ns)          Site               Resource
PADI_DEL    ---     1.132          4.PAD to        4.PADDI reset
ROUTE       250     2.451        4.PADDI to      R8C9A.LSR reset_c (to clk_c)
                  --------
                    3.583   (31.6% logic, 68.4% route), 1 logic levels.

Unconstrained Preference:
   INPUT_SETUP PORT "reset" CLKPORT "clk" 

Report:    3.857ns delay reset to system/sequential.memory/SLICE_222 (3.583ns delay and 0.274ns setup)

   Name    Fanout   Delay (ns)          Site               Resource
PADI_DEL    ---     1.132          4.PAD to        4.PADDI reset
ROUTE       250     2.451        4.PADDI to     R8C11B.LSR reset_c (to clk_c)
                  --------
                    3.583   (31.6% logic, 68.4% route), 1 logic levels.

Unconstrained Preference:
   INPUT_SETUP PORT "reset" CLKPORT "clk" 

Report:    3.857ns delay reset to system/core/engine/SLICE_166 (3.583ns delay and 0.274ns setup)

   Name    Fanout   Delay (ns)          Site               Resource
PADI_DEL    ---     1.132          4.PAD to        4.PADDI reset
ROUTE       250     2.451        4.PADDI to      R2C4C.LSR reset_c (to clk_c)
                  --------
                    3.583   (31.6% logic, 68.4% route), 1 logic levels.

Unconstrained Preference:
   INPUT_SETUP PORT "reset" CLKPORT "clk" 

Report:    3.857ns delay reset to system/sequential.memory/transport/SLICE_209 (3.583ns delay and 0.274ns setup)

   Name    Fanout   Delay (ns)          Site               Resource
PADI_DEL    ---     1.132          4.PAD to        4.PADDI reset
ROUTE       250     2.451        4.PADDI to    R10C11B.LSR reset_c (to clk_c)
                  --------
                    3.583   (31.6% logic, 68.4% route), 1 logic levels.

Unconstrained Preference:
   INPUT_SETUP PORT "reset" CLKPORT "clk" 

Report:    3.857ns delay reset to system/core/engine/SLICE_170 (3.583ns delay and 0.274ns setup)

   Name    Fanout   Delay (ns)          Site               Resource
PADI_DEL    ---     1.132          4.PAD to        4.PADDI reset
ROUTE       250     2.451        4.PADDI to     R4C10A.LSR reset_c (to clk_c)
                  --------
                    3.583   (31.6% logic, 68.4% route), 1 logic levels.

Unconstrained Preference:
   INPUT_SETUP PORT "reset" CLKPORT "clk" 

Report:    3.857ns delay reset to system/sequential.memory/transport/SLICE_248 (3.583ns delay and 0.274ns setup)

   Name    Fanout   Delay (ns)          Site               Resource
PADI_DEL    ---     1.132          4.PAD to        4.PADDI reset
ROUTE       250     2.451        4.PADDI to     R5C14B.LSR reset_c (to clk_c)
                  --------
                    3.583   (31.6% logic, 68.4% route), 1 logic levels.

Unconstrained Preference:
   INPUT_SETUP PORT "reset" CLKPORT "clk" 

Report:    3.857ns delay reset to system/core/engine/dp/SLICE_174 (3.583ns delay and 0.274ns setup)

   Name    Fanout   Delay (ns)          Site               Resource
PADI_DEL    ---     1.132          4.PAD to        4.PADDI reset
ROUTE       250     2.451        4.PADDI to      R5C5B.LSR reset_c (to clk_c)
                  --------
                    3.583   (31.6% logic, 68.4% route), 1 logic levels.

Unconstrained Preference:
   INPUT_SETUP PORT "reset" CLKPORT "clk" 

Report:    3.857ns delay reset to system/core/engine/seq/SLICE_254 (3.583ns delay and 0.274ns setup)

   Name    Fanout   Delay (ns)          Site               Resource
PADI_DEL    ---     1.132          4.PAD to        4.PADDI reset
ROUTE       250     2.451        4.PADDI to     R7C19C.LSR reset_c (to clk_c)
                  --------
                    3.583   (31.6% logic, 68.4% route), 1 logic levels.

Unconstrained Preference:
   INPUT_SETUP PORT "reset" CLKPORT "clk" 

Report:    3.857ns delay reset to system/core/engine/SLICE_182 (3.583ns delay and 0.274ns setup)

   Name    Fanout   Delay (ns)          Site               Resource
PADI_DEL    ---     1.132          4.PAD to        4.PADDI reset
ROUTE       250     2.451        4.PADDI to     R4C18A.LSR reset_c (to clk_c)
                  --------
                    3.583   (31.6% logic, 68.4% route), 1 logic levels.

Unconstrained Preference:
   INPUT_SETUP PORT "reset" CLKPORT "clk" 

Report:    3.857ns delay reset to system/core/engine/dp/SLICE_178 (3.583ns delay and 0.274ns setup)

   Name    Fanout   Delay (ns)          Site               Resource
PADI_DEL    ---     1.132          4.PAD to        4.PADDI reset
ROUTE       250     2.451        4.PADDI to      R5C3A.LSR reset_c (to clk_c)
                  --------
                    3.583   (31.6% logic, 68.4% route), 1 logic levels.

Unconstrained Preference:
   INPUT_SETUP PORT "reset" CLKPORT "clk" 

Report:    3.857ns delay reset to system/sequential.memory/SLICE_17 (3.583ns delay and 0.274ns setup)

   Name    Fanout   Delay (ns)          Site               Resource
PADI_DEL    ---     1.132          4.PAD to        4.PADDI reset
ROUTE       250     2.451        4.PADDI to     R9C11B.LSR reset_c (to clk_c)
                  --------
                    3.583   (31.6% logic, 68.4% route), 1 logic levels.

Unconstrained Preference:
   INPUT_SETUP PORT "reset" CLKPORT "clk" 

Report:    3.857ns delay reset to system/SLICE_206 (3.583ns delay and 0.274ns setup)

   Name    Fanout   Delay (ns)          Site               Resource
PADI_DEL    ---     1.132          4.PAD to        4.PADDI reset
ROUTE       250     2.451        4.PADDI to     R9C13C.LSR reset_c (to clk_c)
                  --------
                    3.583   (31.6% logic, 68.4% route), 1 logic levels.

Unconstrained Preference:
   INPUT_SETUP PORT "reset" CLKPORT "clk" 

Report:    3.857ns delay reset to system/SLICE_64 (3.583ns delay and 0.274ns setup)

   Name    Fanout   Delay (ns)          Site               Resource
PADI_DEL    ---     1.132          4.PAD to        4.PADDI reset
ROUTE       250     2.451        4.PADDI to     R5C17C.LSR reset_c (to clk_c)
                  --------
                    3.583   (31.6% logic, 68.4% route), 1 logic levels.

Unconstrained Preference:
   INPUT_SETUP PORT "reset" CLKPORT "clk" 

Report:    3.857ns delay reset to system/core/engine/SLICE_69 (3.583ns delay and 0.274ns setup)

   Name    Fanout   Delay (ns)          Site               Resource
PADI_DEL    ---     1.132          4.PAD to        4.PADDI reset
ROUTE       250     2.451        4.PADDI to     R5C16B.LSR reset_c (to clk_c)
                  --------
                    3.583   (31.6% logic, 68.4% route), 1 logic levels.

Unconstrained Preference:
   INPUT_SETUP PORT "reset" CLKPORT "clk" 

Report:    3.857ns delay reset to system/SLICE_60 (3.583ns delay and 0.274ns setup)

   Name    Fanout   Delay (ns)          Site               Resource
PADI_DEL    ---     1.132          4.PAD to        4.PADDI reset
ROUTE       250     2.451        4.PADDI to     R7C13B.LSR reset_c (to clk_c)
                  --------
                    3.583   (31.6% logic, 68.4% route), 1 logic levels.

Unconstrained Preference:
   INPUT_SETUP PORT "reset" CLKPORT "clk" 

Report:    3.857ns delay reset to system/core/engine/SLICE_164 (3.583ns delay and 0.274ns setup)

   Name    Fanout   Delay (ns)          Site               Resource
PADI_DEL    ---     1.132          4.PAD to        4.PADDI reset
ROUTE       250     2.451        4.PADDI to      R4C7C.LSR reset_c (to clk_c)
                  --------
                    3.583   (31.6% logic, 68.4% route), 1 logic levels.

Unconstrained Preference:
   INPUT_SETUP PORT "reset" CLKPORT "clk" 

Report:    3.857ns delay reset to system/core/engine/SLICE_168 (3.583ns delay and 0.274ns setup)

   Name    Fanout   Delay (ns)          Site               Resource
PADI_DEL    ---     1.132          4.PAD to        4.PADDI reset
ROUTE       250     2.451        4.PADDI to     R4C11D.LSR reset_c (to clk_c)
                  --------
                    3.583   (31.6% logic, 68.4% route), 1 logic levels.

Unconstrained Preference:
   INPUT_SETUP PORT "reset" CLKPORT "clk" 

Report:    3.857ns delay reset to system/core/engine/dp/SLICE_172 (3.583ns delay and 0.274ns setup)

   Name    Fanout   Delay (ns)          Site               Resource
PADI_DEL    ---     1.132          4.PAD to        4.PADDI reset
ROUTE       250     2.451        4.PADDI to      R8C5D.LSR reset_c (to clk_c)
                  --------
                    3.583   (31.6% logic, 68.4% route), 1 logic levels.

Unconstrained Preference:
   INPUT_SETUP PORT "reset" CLKPORT "clk" 

Report:    3.857ns delay reset to system/SLICE_50 (3.583ns delay and 0.274ns setup)

   Name    Fanout   Delay (ns)          Site               Resource
PADI_DEL    ---     1.132          4.PAD to        4.PADDI reset
ROUTE       250     2.451        4.PADDI to      R8C7B.LSR reset_c (to clk_c)
                  --------
                    3.583   (31.6% logic, 68.4% route), 1 logic levels.

Unconstrained Preference:
   INPUT_SETUP PORT "reset" CLKPORT "clk" 

Report:    3.857ns delay reset to system/sequential.memory/SLICE_215 (3.583ns delay and 0.274ns setup)

   Name    Fanout   Delay (ns)          Site               Resource
PADI_DEL    ---     1.132          4.PAD to        4.PADDI reset
ROUTE       250     2.451        4.PADDI to      R8C8C.LSR reset_c (to clk_c)
                  --------
                    3.583   (31.6% logic, 68.4% route), 1 logic levels.

Unconstrained Preference:
   INPUT_SETUP PORT "reset" CLKPORT "clk" 

Report:    3.857ns delay reset to system/sequential.memory/SLICE_219 (3.583ns delay and 0.274ns setup)

   Name    Fanout   Delay (ns)          Site               Resource
PADI_DEL    ---     1.132          4.PAD to        4.PADDI reset
ROUTE       250     2.451        4.PADDI to      R9C8C.LSR reset_c (to clk_c)
                  --------
                    3.583   (31.6% logic, 68.4% route), 1 logic levels.

Unconstrained Preference:
   INPUT_SETUP PORT "reset" CLKPORT "clk" 

Report:    3.857ns delay reset to system/sequential.memory/SLICE_14 (3.583ns delay and 0.274ns setup)

   Name    Fanout   Delay (ns)          Site               Resource
PADI_DEL    ---     1.132          4.PAD to        4.PADDI reset
ROUTE       250     2.451        4.PADDI to     R9C12A.LSR reset_c (to clk_c)
                  --------
                    3.583   (31.6% logic, 68.4% route), 1 logic levels.

Unconstrained Preference:
   INPUT_SETUP PORT "reset" CLKPORT "clk" 

Report:    3.857ns delay reset to system/SLICE_56 (3.583ns delay and 0.274ns setup)

   Name    Fanout   Delay (ns)          Site               Resource
PADI_DEL    ---     1.132          4.PAD to        4.PADDI reset
ROUTE       250     2.451        4.PADDI to      R7C9B.LSR reset_c (to clk_c)
                  --------
                    3.583   (31.6% logic, 68.4% route), 1 logic levels.

Unconstrained Preference:
   INPUT_SETUP PORT "reset" CLKPORT "clk" 

Report:    3.857ns delay reset to system/core/engine/dp/SLICE_180 (3.583ns delay and 0.274ns setup)

   Name    Fanout   Delay (ns)          Site               Resource
PADI_DEL    ---     1.132          4.PAD to        4.PADDI reset
ROUTE       250     2.451        4.PADDI to      R7C4D.LSR reset_c (to clk_c)
                  --------
                    3.583   (31.6% logic, 68.4% route), 1 logic levels.

Unconstrained Preference:
   INPUT_SETUP PORT "reset" CLKPORT "clk" 

Report:    3.857ns delay reset to system/core/engine/status/SLICE_160 (3.583ns delay and 0.274ns setup)

   Name    Fanout   Delay (ns)          Site               Resource
PADI_DEL    ---     1.132          4.PAD to        4.PADDI reset
ROUTE       250     2.451        4.PADDI to      R4C8B.LSR reset_c (to clk_c)
                  --------
                    3.583   (31.6% logic, 68.4% route), 1 logic levels.

Unconstrained Preference:
   INPUT_SETUP PORT "reset" CLKPORT "clk" 

Report:    3.857ns delay reset to system/sequential.memory/transport/SLICE_211 (3.583ns delay and 0.274ns setup)

   Name    Fanout   Delay (ns)          Site               Resource
PADI_DEL    ---     1.132          4.PAD to        4.PADDI reset
ROUTE       250     2.451        4.PADDI to     R10C8A.LSR reset_c (to clk_c)
                  --------
                    3.583   (31.6% logic, 68.4% route), 1 logic levels.

Unconstrained Preference:
   INPUT_SETUP PORT "reset" CLKPORT "clk" 

Report:    3.857ns delay reset to system/sequential.memory/transport/SLICE_223 (3.583ns delay and 0.274ns setup)

   Name    Fanout   Delay (ns)          Site               Resource
PADI_DEL    ---     1.132          4.PAD to        4.PADDI reset
ROUTE       250     2.451        4.PADDI to     R7C12B.LSR reset_c (to clk_c)
                  --------
                    3.583   (31.6% logic, 68.4% route), 1 logic levels.

Unconstrained Preference:
   INPUT_SETUP PORT "reset" CLKPORT "clk" 

Report:    3.857ns delay reset to system/sequential.memory/transport/SLICE_246 (3.583ns delay and 0.274ns setup)

   Name    Fanout   Delay (ns)          Site               Resource
PADI_DEL    ---     1.132          4.PAD to        4.PADDI reset
ROUTE       250     2.451        4.PADDI to    R10C14D.LSR reset_c (to clk_c)
                  --------
                    3.583   (31.6% logic, 68.4% route), 1 logic levels.

Unconstrained Preference:
   INPUT_SETUP PORT "reset" CLKPORT "clk" 

Report:    3.857ns delay reset to system/SLICE_250 (3.583ns delay and 0.274ns setup)

   Name    Fanout   Delay (ns)          Site               Resource
PADI_DEL    ---     1.132          4.PAD to        4.PADDI reset
ROUTE       250     2.451        4.PADDI to     R2C14B.LSR reset_c (to clk_c)
                  --------
                    3.583   (31.6% logic, 68.4% route), 1 logic levels.

Unconstrained Preference:
   INPUT_SETUP PORT "reset" CLKPORT "clk" 

Report:    3.857ns delay reset to system/core/engine/seq/SLICE_18 (3.583ns delay and 0.274ns setup)

   Name    Fanout   Delay (ns)          Site               Resource
PADI_DEL    ---     1.132          4.PAD to        4.PADDI reset
ROUTE       250     2.451        4.PADDI to     R5C21B.LSR reset_c (to clk_c)
                  --------
                    3.583   (31.6% logic, 68.4% route), 1 logic levels.

Unconstrained Preference:
   INPUT_SETUP PORT "reset" CLKPORT "clk" 

Report:    3.857ns delay reset to system/core/engine/SLICE_198 (3.583ns delay and 0.274ns setup)

   Name    Fanout   Delay (ns)          Site               Resource
PADI_DEL    ---     1.132          4.PAD to        4.PADDI reset
ROUTE       250     2.451        4.PADDI to     R2C16B.LSR reset_c (to clk_c)
                  --------
                    3.583   (31.6% logic, 68.4% route), 1 logic levels.

Unconstrained Preference:
   INPUT_SETUP PORT "reset" CLKPORT "clk" 

Report:    3.857ns delay reset to system/core/engine/seq/SLICE_202 (3.583ns delay and 0.274ns setup)

   Name    Fanout   Delay (ns)          Site               Resource
PADI_DEL    ---     1.132          4.PAD to        4.PADDI reset
ROUTE       250     2.451        4.PADDI to     R8C21B.LSR reset_c (to clk_c)
                  --------
                    3.583   (31.6% logic, 68.4% route), 1 logic levels.

Unconstrained Preference:
   INPUT_SETUP PORT "reset" CLKPORT "clk" 

Report:    3.857ns delay reset to system/core/engine/seq/SLICE_22 (3.583ns delay and 0.274ns setup)

   Name    Fanout   Delay (ns)          Site               Resource
PADI_DEL    ---     1.132          4.PAD to        4.PADDI reset
ROUTE       250     2.451        4.PADDI to     R5C20B.LSR reset_c (to clk_c)
                  --------
                    3.583   (31.6% logic, 68.4% route), 1 logic levels.

Unconstrained Preference:
   INPUT_SETUP PORT "reset" CLKPORT "clk" 

Report:    3.857ns delay reset to system/core/engine/seq/SLICE_255 (3.583ns delay and 0.274ns setup)

   Name    Fanout   Delay (ns)          Site               Resource
PADI_DEL    ---     1.132          4.PAD to        4.PADDI reset
ROUTE       250     2.451        4.PADDI to     R7C19D.LSR reset_c (to clk_c)
                  --------
                    3.583   (31.6% logic, 68.4% route), 1 logic levels.

Unconstrained Preference:
   INPUT_SETUP PORT "reset" CLKPORT "clk" 

Report:    3.857ns delay reset to system/core/engine/dp/SLICE_176 (3.583ns delay and 0.274ns setup)

   Name    Fanout   Delay (ns)          Site               Resource
PADI_DEL    ---     1.132          4.PAD to        4.PADDI reset
ROUTE       250     2.451        4.PADDI to      R5C3D.LSR reset_c (to clk_c)
                  --------
                    3.583   (31.6% logic, 68.4% route), 1 logic levels.

Unconstrained Preference:
   INPUT_SETUP PORT "reset" CLKPORT "clk" 

Report:    3.857ns delay reset to system/sequential.memory/SLICE_11 (3.583ns delay and 0.274ns setup)

   Name    Fanout   Delay (ns)          Site               Resource
PADI_DEL    ---     1.132          4.PAD to        4.PADDI reset
ROUTE       250     2.451        4.PADDI to     R9C12D.LSR reset_c (to clk_c)
                  --------
                    3.583   (31.6% logic, 68.4% route), 1 logic levels.

Unconstrained Preference:
   INPUT_SETUP PORT "reset" CLKPORT "clk" 

Report:    3.857ns delay reset to system/SLICE_61 (3.583ns delay and 0.274ns setup)

   Name    Fanout   Delay (ns)          Site               Resource
PADI_DEL    ---     1.132          4.PAD to        4.PADDI reset
ROUTE       250     2.451        4.PADDI to     R4C16D.LSR reset_c (to clk_c)
                  --------
                    3.583   (31.6% logic, 68.4% route), 1 logic levels.

Unconstrained Preference:
   INPUT_SETUP PORT "reset" CLKPORT "clk" 

Report:    3.857ns delay reset to system/core/engine/dp/SLICE_177 (3.583ns delay and 0.274ns setup)

   Name    Fanout   Delay (ns)          Site               Resource
PADI_DEL    ---     1.132          4.PAD to        4.PADDI reset
ROUTE       250     2.451        4.PADDI to      R7C4A.LSR reset_c (to clk_c)
                  --------
                    3.583   (31.6% logic, 68.4% route), 1 logic levels.

Unconstrained Preference:
   INPUT_SETUP PORT "reset" CLKPORT "clk" 

Report:    3.857ns delay reset to system/core/engine/SLICE_165 (3.583ns delay and 0.274ns setup)

   Name    Fanout   Delay (ns)          Site               Resource
PADI_DEL    ---     1.132          4.PAD to        4.PADDI reset
ROUTE       250     2.451        4.PADDI to      R4C3D.LSR reset_c (to clk_c)
                  --------
                    3.583   (31.6% logic, 68.4% route), 1 logic levels.

Unconstrained Preference:
   INPUT_SETUP PORT "reset" CLKPORT "clk" 

Report:    3.857ns delay reset to system/core/engine/dp/SLICE_173 (3.583ns delay and 0.274ns setup)

   Name    Fanout   Delay (ns)          Site               Resource
PADI_DEL    ---     1.132          4.PAD to        4.PADDI reset
ROUTE       250     2.451        4.PADDI to      R8C5C.LSR reset_c (to clk_c)
                  --------
                    3.583   (31.6% logic, 68.4% route), 1 logic levels.

Unconstrained Preference:
   INPUT_SETUP PORT "reset" CLKPORT "clk" 

Report:    3.857ns delay reset to system/core/engine/SLICE_199 (3.583ns delay and 0.274ns setup)

   Name    Fanout   Delay (ns)          Site               Resource
PADI_DEL    ---     1.132          4.PAD to        4.PADDI reset
ROUTE       250     2.451        4.PADDI to     R5C19B.LSR reset_c (to clk_c)
                  --------
                    3.583   (31.6% logic, 68.4% route), 1 logic levels.

Unconstrained Preference:
   INPUT_SETUP PORT "reset" CLKPORT "clk" 

Report:    3.857ns delay reset to system/core/engine/seq/SLICE_19 (3.583ns delay and 0.274ns setup)

   Name    Fanout   Delay (ns)          Site               Resource
PADI_DEL    ---     1.132          4.PAD to        4.PADDI reset
ROUTE       250     2.451        4.PADDI to     R5C21A.LSR reset_c (to clk_c)
                  --------
                    3.583   (31.6% logic, 68.4% route), 1 logic levels.

Unconstrained Preference:
   INPUT_SETUP PORT "reset" CLKPORT "clk" 

Report:    3.857ns delay reset to system/sequential.memory/SLICE_216 (3.583ns delay and 0.274ns setup)

   Name    Fanout   Delay (ns)          Site               Resource
PADI_DEL    ---     1.132          4.PAD to        4.PADDI reset
ROUTE       250     2.451        4.PADDI to      R9C9B.LSR reset_c (to clk_c)
                  --------
                    3.583   (31.6% logic, 68.4% route), 1 logic levels.

Unconstrained Preference:
   INPUT_SETUP PORT "reset" CLKPORT "clk" 

Report:    3.857ns delay reset to system/core/engine/SLICE_169 (3.583ns delay and 0.274ns setup)

   Name    Fanout   Delay (ns)          Site               Resource
PADI_DEL    ---     1.132          4.PAD to        4.PADDI reset
ROUTE       250     2.451        4.PADDI to      R2C6A.LSR reset_c (to clk_c)
                  --------
                    3.583   (31.6% logic, 68.4% route), 1 logic levels.

Unconstrained Preference:
   INPUT_SETUP PORT "reset" CLKPORT "clk" 

Report:    3.857ns delay reset to system/SLICE_52 (3.583ns delay and 0.274ns setup)

   Name    Fanout   Delay (ns)          Site               Resource
PADI_DEL    ---     1.132          4.PAD to        4.PADDI reset
ROUTE       250     2.451        4.PADDI to      R7C5A.LSR reset_c (to clk_c)
                  --------
                    3.583   (31.6% logic, 68.4% route), 1 logic levels.

Unconstrained Preference:
   INPUT_SETUP PORT "reset" CLKPORT "clk" 

Report:    3.857ns delay reset to system/core/engine/dp/SLICE_181 (3.583ns delay and 0.274ns setup)

   Name    Fanout   Delay (ns)          Site               Resource
PADI_DEL    ---     1.132          4.PAD to        4.PADDI reset
ROUTE       250     2.451        4.PADDI to      R7C3C.LSR reset_c (to clk_c)
                  --------
                    3.583   (31.6% logic, 68.4% route), 1 logic levels.

Unconstrained Preference:
   INPUT_SETUP PORT "reset" CLKPORT "clk" 

Report:    3.857ns delay reset to system/sequential.memory/transport/SLICE_57 (3.583ns delay and 0.274ns setup)

   Name    Fanout   Delay (ns)          Site               Resource
PADI_DEL    ---     1.132          4.PAD to        4.PADDI reset
ROUTE       250     2.451        4.PADDI to    R10C11A.LSR reset_c (to clk_c)
                  --------
                    3.583   (31.6% logic, 68.4% route), 1 logic levels.

Unconstrained Preference:
   INPUT_SETUP PORT "reset" CLKPORT "clk" 

Report:    3.857ns delay reset to system/core/engine/status/SLICE_161 (3.583ns delay and 0.274ns setup)

   Name    Fanout   Delay (ns)          Site               Resource
PADI_DEL    ---     1.132          4.PAD to        4.PADDI reset
ROUTE       250     2.451        4.PADDI to      R5C8C.LSR reset_c (to clk_c)
                  --------
                    3.583   (31.6% logic, 68.4% route), 1 logic levels.

Unconstrained Preference:
   INPUT_SETUP PORT "reset" CLKPORT "clk" 

Report:    3.857ns delay reset to system/core/engine/SLICE_70 (3.583ns delay and 0.274ns setup)

   Name    Fanout   Delay (ns)          Site               Resource
PADI_DEL    ---     1.132          4.PAD to        4.PADDI reset
ROUTE       250     2.451        4.PADDI to     R5C16A.LSR reset_c (to clk_c)
                  --------
                    3.583   (31.6% logic, 68.4% route), 1 logic levels.

Unconstrained Preference:
   INPUT_SETUP PORT "reset" CLKPORT "clk" 

Report:    3.857ns delay reset to system/sequential.memory/transport/SLICE_228 (3.583ns delay and 0.274ns setup)

   Name    Fanout   Delay (ns)          Site               Resource
PADI_DEL    ---     1.132          4.PAD to        4.PADDI reset
ROUTE       250     2.451        4.PADDI to     R10C9D.LSR reset_c (to clk_c)
                  --------
                    3.583   (31.6% logic, 68.4% route), 1 logic levels.

Unconstrained Preference:
   INPUT_SETUP PORT "reset" CLKPORT "clk" 

Report:    3.857ns delay reset to system/sequential.memory/transport/SLICE_247 (3.583ns delay and 0.274ns setup)

   Name    Fanout   Delay (ns)          Site               Resource
PADI_DEL    ---     1.132          4.PAD to        4.PADDI reset
ROUTE       250     2.451        4.PADDI to     R7C14B.LSR reset_c (to clk_c)
                  --------
                    3.583   (31.6% logic, 68.4% route), 1 logic levels.

Unconstrained Preference:
   INPUT_SETUP PORT "reset" CLKPORT "clk" 

Report:    3.857ns delay reset to system/core/engine/seq/SLICE_252 (3.583ns delay and 0.274ns setup)

   Name    Fanout   Delay (ns)          Site               Resource
PADI_DEL    ---     1.132          4.PAD to        4.PADDI reset
ROUTE       250     2.451        4.PADDI to     R7C19A.LSR reset_c (to clk_c)
                  --------
                    3.583   (31.6% logic, 68.4% route), 1 logic levels.

Unconstrained Preference:
   INPUT_SETUP PORT "reset" CLKPORT "clk" 

Report:    3.857ns delay reset to system/SLICE_65 (3.583ns delay and 0.274ns setup)

   Name    Fanout   Delay (ns)          Site               Resource
PADI_DEL    ---     1.132          4.PAD to        4.PADDI reset
ROUTE       250     2.451        4.PADDI to     R5C14C.LSR reset_c (to clk_c)
                  --------
                    3.583   (31.6% logic, 68.4% route), 1 logic levels.

Unconstrained Preference:
   INPUT_SETUP PORT "reset" CLKPORT "clk" 

Report:    3.857ns delay reset to system/sequential.memory/SLICE_15 (3.583ns delay and 0.274ns setup)

   Name    Fanout   Delay (ns)          Site               Resource
PADI_DEL    ---     1.132          4.PAD to        4.PADDI reset
ROUTE       250     2.451        4.PADDI to     R9C11D.LSR reset_c (to clk_c)
                  --------
                    3.583   (31.6% logic, 68.4% route), 1 logic levels.

Unconstrained Preference:
   INPUT_SETUP PORT "reset" CLKPORT "clk" 

Report:    3.857ns delay reset to system/core/engine/seq/SLICE_203 (3.583ns delay and 0.274ns setup)

   Name    Fanout   Delay (ns)          Site               Resource
PADI_DEL    ---     1.132          4.PAD to        4.PADDI reset
ROUTE       250     2.451        4.PADDI to     R5C18B.LSR reset_c (to clk_c)
                  --------
                    3.583   (31.6% logic, 68.4% route), 1 logic levels.

Unconstrained Preference:
   INPUT_SETUP PORT "reset" CLKPORT "clk" 

Report:    3.857ns delay reset to system/sequential.memory/SLICE_208 (3.583ns delay and 0.274ns setup)

   Name    Fanout   Delay (ns)          Site               Resource
PADI_DEL    ---     1.132          4.PAD to        4.PADDI reset
ROUTE       250     2.451        4.PADDI to     R9C13D.LSR reset_c (to clk_c)
                  --------
                    3.583   (31.6% logic, 68.4% route), 1 logic levels.

Unconstrained Preference:
   INPUT_SETUP PORT "reset" CLKPORT "clk" 

Report:    3.857ns delay reset to system/sequential.memory/SLICE_220 (3.583ns delay and 0.274ns setup)

   Name    Fanout   Delay (ns)          Site               Resource
PADI_DEL    ---     1.132          4.PAD to        4.PADDI reset
ROUTE       250     2.451        4.PADDI to     R8C11C.LSR reset_c (to clk_c)
                  --------
                    3.583   (31.6% logic, 68.4% route), 1 logic levels.

Unconstrained Preference:
   INPUT_SETUP PORT "reset" CLKPORT "clk" 

Report:    3.857ns delay reset to system/SLICE_34 (3.583ns delay and 0.274ns setup)

   Name    Fanout   Delay (ns)          Site               Resource
PADI_DEL    ---     1.132          4.PAD to        4.PADDI reset
ROUTE       250     2.451        4.PADDI to      R7C6A.LSR reset_c (to clk_c)
                  --------
                    3.583   (31.6% logic, 68.4% route), 1 logic levels.

Unconstrained Preference:
   INPUT_SETUP PORT "reset" CLKPORT "clk" 

Report:    3.857ns delay reset to system/core/engine/seq/SLICE_256 (3.583ns delay and 0.274ns setup)

   Name    Fanout   Delay (ns)          Site               Resource
PADI_DEL    ---     1.132          4.PAD to        4.PADDI reset
ROUTE       250     2.451        4.PADDI to     R7C19B.LSR reset_c (to clk_c)
                  --------
                    3.583   (31.6% logic, 68.4% route), 1 logic levels.

Unconstrained Preference:
   INPUT_SETUP PORT "reset" CLKPORT "clk" 

Report:    3.857ns delay reset to system/sequential.memory/transport/SLICE_212 (3.583ns delay and 0.274ns setup)

   Name    Fanout   Delay (ns)          Site               Resource
PADI_DEL    ---     1.132          4.PAD to        4.PADDI reset
ROUTE       250     2.451        4.PADDI to     R10C8C.LSR reset_c (to clk_c)
                  --------
                    3.583   (31.6% logic, 68.4% route), 1 logic levels.

Unconstrained Preference:
   INPUT_SETUP PORT "reset" CLKPORT "clk" 

Report:    3.805ns delay reset to serial_in_MGIOL (3.722ns delay and 0.083ns setup)

   Name    Fanout   Delay (ns)          Site               Resource
PADI_DEL    ---     1.132          4.PAD to        4.PADDI reset
ROUTE       250     2.590        4.PADDI to   IOL_T15D.LSR reset_c (to clk_c)
                  --------
                    3.722   (30.4% logic, 69.6% route), 1 logic levels.

Unconstrained Preference:
   INPUT_SETUP PORT "serial_in" CLKPORT "clk" 

Report:    2.292ns delay serial_in to serial_in_MGIOL (1.697ns delay and 0.595ns setup)

   Name    Fanout   Delay (ns)          Site               Resource
PADI_DEL    ---     1.132         25.PAD to       25.PADDI serial_in
ROUTE         1     0.565       25.PADDI to    IOL_T15D.DI serial_in_c (to clk_c)
                  --------
                    1.697   (66.7% logic, 33.3% route), 1 logic levels.


================================================================================
Preference: Unconstrained: CLOCK_TO_OUT
            177 unconstrained paths found
--------------------------------------------------------------------------------

Unconstrained Preference:
   CLOCK_TO_OUT PORT "serial_out" CLKPORT "clk" 

Report:   16.929ns delay SLICE_83 to serial_out

   Name    Fanout   Delay (ns)          Site               Resource
REG_DEL     ---     0.452      R5C5D.CLK to       R5C5D.Q0 SLICE_83 (from clk_c)
ROUTE         1     3.273       R5C5D.Q0 to      R7C11B.A0 observe[15]
CTOF_DEL    ---     0.495      R7C11B.A0 to      R7C11B.F0 SLICE_239
ROUTE         1     2.780      R7C11B.F0 to       R4C6B.B1 serial_out_92
CTOF_DEL    ---     0.495       R4C6B.B1 to       R4C6B.F1 SLICE_325
ROUTE         1     2.146       R4C6B.F1 to      R5C12C.A1 serial_out_134
CTOF_DEL    ---     0.495      R5C12C.A1 to      R5C12C.F1 SLICE_493
ROUTE         1     0.967      R5C12C.F1 to      R5C12C.A0 serial_out_166
CTOF_DEL    ---     0.495      R5C12C.A0 to      R5C12C.F0 SLICE_493
ROUTE         1     2.534      R5C12C.F0 to       28.PADDO serial_out_c
DOPAD_DEL   ---     2.797       28.PADDO to         28.PAD serial_out
                  --------
                   16.929   (30.9% logic, 69.1% route), 6 logic levels.

Unconstrained Preference:
   CLOCK_TO_OUT PORT "serial_out" CLKPORT "clk" 

Report:   16.090ns delay SLICE_84 to serial_out

   Name    Fanout   Delay (ns)          Site               Resource
REG_DEL     ---     0.452      R5C8B.CLK to       R5C8B.Q1 SLICE_84 (from clk_c)
ROUTE         1     2.434       R5C8B.Q1 to      R7C11B.C0 observe[18]
CTOF_DEL    ---     0.495      R7C11B.C0 to      R7C11B.F0 SLICE_239
ROUTE         1     2.780      R7C11B.F0 to       R4C6B.B1 serial_out_92
CTOF_DEL    ---     0.495       R4C6B.B1 to       R4C6B.F1 SLICE_325
ROUTE         1     2.146       R4C6B.F1 to      R5C12C.A1 serial_out_134
CTOF_DEL    ---     0.495      R5C12C.A1 to      R5C12C.F1 SLICE_493
ROUTE         1     0.967      R5C12C.F1 to      R5C12C.A0 serial_out_166
CTOF_DEL    ---     0.495      R5C12C.A0 to      R5C12C.F0 SLICE_493
ROUTE         1     2.534      R5C12C.F0 to       28.PADDO serial_out_c
DOPAD_DEL   ---     2.797       28.PADDO to         28.PAD serial_out
                  --------
                   16.090   (32.5% logic, 67.5% route), 6 logic levels.

Unconstrained Preference:
   CLOCK_TO_OUT PORT "serial_out" CLKPORT "clk" 

Report:   16.007ns delay SLICE_84 to serial_out

   Name    Fanout   Delay (ns)          Site               Resource
REG_DEL     ---     0.452      R5C8B.CLK to       R5C8B.Q0 SLICE_84 (from clk_c)
ROUTE         1     2.351       R5C8B.Q0 to      R7C11B.D0 observe[17]
CTOF_DEL    ---     0.495      R7C11B.D0 to      R7C11B.F0 SLICE_239
ROUTE         1     2.780      R7C11B.F0 to       R4C6B.B1 serial_out_92
CTOF_DEL    ---     0.495       R4C6B.B1 to       R4C6B.F1 SLICE_325
ROUTE         1     2.146       R4C6B.F1 to      R5C12C.A1 serial_out_134
CTOF_DEL    ---     0.495      R5C12C.A1 to      R5C12C.F1 SLICE_493
ROUTE         1     0.967      R5C12C.F1 to      R5C12C.A0 serial_out_166
CTOF_DEL    ---     0.495      R5C12C.A0 to      R5C12C.F0 SLICE_493
ROUTE         1     2.534      R5C12C.F0 to       28.PADDO serial_out_c
DOPAD_DEL   ---     2.797       28.PADDO to         28.PAD serial_out
                  --------
                   16.007   (32.7% logic, 67.3% route), 6 logic levels.

Unconstrained Preference:
   CLOCK_TO_OUT PORT "serial_out" CLKPORT "clk" 

Report:   15.721ns delay SLICE_83 to serial_out

   Name    Fanout   Delay (ns)          Site               Resource
REG_DEL     ---     0.452      R5C5D.CLK to       R5C5D.Q1 SLICE_83 (from clk_c)
ROUTE         1     2.065       R5C5D.Q1 to      R7C11B.B0 observe[16]
CTOF_DEL    ---     0.495      R7C11B.B0 to      R7C11B.F0 SLICE_239
ROUTE         1     2.780      R7C11B.F0 to       R4C6B.B1 serial_out_92
CTOF_DEL    ---     0.495       R4C6B.B1 to       R4C6B.F1 SLICE_325
ROUTE         1     2.146       R4C6B.F1 to      R5C12C.A1 serial_out_134
CTOF_DEL    ---     0.495      R5C12C.A1 to      R5C12C.F1 SLICE_493
ROUTE         1     0.967      R5C12C.F1 to      R5C12C.A0 serial_out_166
CTOF_DEL    ---     0.495      R5C12C.A0 to      R5C12C.F0 SLICE_493
ROUTE         1     2.534      R5C12C.F0 to       28.PADDO serial_out_c
DOPAD_DEL   ---     2.797       28.PADDO to         28.PAD serial_out
                  --------
                   15.721   (33.3% logic, 66.7% route), 6 logic levels.

Unconstrained Preference:
   CLOCK_TO_OUT PORT "serial_out" CLKPORT "clk" 

Report:   15.543ns delay SLICE_493 to serial_out

   Name    Fanout   Delay (ns)          Site               Resource
REG_DEL     ---     0.452     R5C12C.CLK to      R5C12C.Q1 SLICE_493 (from clk_c)
ROUTE         1     2.424      R5C12C.Q1 to      R5C15D.A1 observe[102]
CTOF_DEL    ---     0.495      R5C15D.A1 to      R5C15D.F1 SLICE_227
ROUTE         1     1.810      R5C15D.F1 to      R3C16D.A0 serial_out_113
CTOF_DEL    ---     0.495      R3C16D.A0 to      R3C16D.F0 SLICE_501
ROUTE         1     2.389      R3C16D.F0 to      R3C12D.B0 serial_out_161
CTOF_DEL    ---     0.495      R3C12D.B0 to      R3C12D.F0 SLICE_495
ROUTE         1     1.157      R3C12D.F0 to      R5C12C.D0 serial_out_173
CTOF_DEL    ---     0.495      R5C12C.D0 to      R5C12C.F0 SLICE_493
ROUTE         1     2.534      R5C12C.F0 to       28.PADDO serial_out_c
DOPAD_DEL   ---     2.797       28.PADDO to         28.PAD serial_out
                  --------
                   15.543   (33.6% logic, 66.4% route), 6 logic levels.

Unconstrained Preference:
   CLOCK_TO_OUT PORT "serial_out" CLKPORT "clk" 

Report:   15.081ns delay SLICE_158 to serial_out

   Name    Fanout   Delay (ns)          Site               Resource
REG_DEL     ---     0.452     R3C17D.CLK to      R3C17D.Q1 SLICE_158 (from clk_c)
ROUTE         1     1.962      R3C17D.Q1 to      R5C15D.B1 observe[100]
CTOF_DEL    ---     0.495      R5C15D.B1 to      R5C15D.F1 SLICE_227
ROUTE         1     1.810      R5C15D.F1 to      R3C16D.A0 serial_out_113
CTOF_DEL    ---     0.495      R3C16D.A0 to      R3C16D.F0 SLICE_501
ROUTE         1     2.389      R3C16D.F0 to      R3C12D.B0 serial_out_161
CTOF_DEL    ---     0.495      R3C12D.B0 to      R3C12D.F0 SLICE_495
ROUTE         1     1.157      R3C12D.F0 to      R5C12C.D0 serial_out_173
CTOF_DEL    ---     0.495      R5C12C.D0 to      R5C12C.F0 SLICE_493
ROUTE         1     2.534      R5C12C.F0 to       28.PADDO serial_out_c
DOPAD_DEL   ---     2.797       28.PADDO to         28.PAD serial_out
                  --------
                   15.081   (34.7% logic, 65.3% route), 6 logic levels.

Unconstrained Preference:
   CLOCK_TO_OUT PORT "serial_out" CLKPORT "clk" 

Report:   14.844ns delay SLICE_500 to serial_out

   Name    Fanout   Delay (ns)          Site               Resource
REG_DEL     ---     0.452     R4C15B.CLK to      R4C15B.Q0 SLICE_500 (from clk_c)
ROUTE         1     2.008      R4C15B.Q0 to      R3C14B.C1 observe[131]
CTOF_DEL    ---     0.495      R3C14B.C1 to      R3C14B.F1 SLICE_226
ROUTE         1     1.023      R3C14B.F1 to      R3C13D.B0 serial_out_121
CTOF_DEL    ---     0.495      R3C13D.B0 to      R3C13D.F0 SLICE_503
ROUTE         1     2.893      R3C13D.F0 to      R3C12D.A0 serial_out_163
CTOF_DEL    ---     0.495      R3C12D.A0 to      R3C12D.F0 SLICE_495
ROUTE         1     1.157      R3C12D.F0 to      R5C12C.D0 serial_out_173
CTOF_DEL    ---     0.495      R5C12C.D0 to      R5C12C.F0 SLICE_493
ROUTE         1     2.534      R5C12C.F0 to       28.PADDO serial_out_c
DOPAD_DEL   ---     2.797       28.PADDO to         28.PAD serial_out
                  --------
                   14.844   (35.2% logic, 64.8% route), 6 logic levels.

Unconstrained Preference:
   CLOCK_TO_OUT PORT "serial_out" CLKPORT "clk" 

Report:   14.716ns delay SLICE_475 to serial_out

   Name    Fanout   Delay (ns)          Site               Resource
REG_DEL     ---     0.452     R8C15B.CLK to      R8C15B.Q0 SLICE_475 (from clk_c)
ROUTE         1     1.597      R8C15B.Q0 to      R5C15D.C1 observe[99]
CTOF_DEL    ---     0.495      R5C15D.C1 to      R5C15D.F1 SLICE_227
ROUTE         1     1.810      R5C15D.F1 to      R3C16D.A0 serial_out_113
CTOF_DEL    ---     0.495      R3C16D.A0 to      R3C16D.F0 SLICE_501
ROUTE         1     2.389      R3C16D.F0 to      R3C12D.B0 serial_out_161
CTOF_DEL    ---     0.495      R3C12D.B0 to      R3C12D.F0 SLICE_495
ROUTE         1     1.157      R3C12D.F0 to      R5C12C.D0 serial_out_173
CTOF_DEL    ---     0.495      R5C12C.D0 to      R5C12C.F0 SLICE_493
ROUTE         1     2.534      R5C12C.F0 to       28.PADDO serial_out_c
DOPAD_DEL   ---     2.797       28.PADDO to         28.PAD serial_out
                  --------
                   14.716   (35.5% logic, 64.5% route), 6 logic levels.

Unconstrained Preference:
   CLOCK_TO_OUT PORT "serial_out" CLKPORT "clk" 

Report:   14.682ns delay SLICE_488 to serial_out

   Name    Fanout   Delay (ns)          Site               Resource
REG_DEL     ---     0.452     R9C15C.CLK to      R9C15C.Q1 SLICE_488 (from clk_c)
ROUTE         1     1.001      R9C15C.Q1 to      R9C14A.B1 observe[52]
CTOF_DEL    ---     0.495      R9C14A.B1 to      R9C14A.F1 SLICE_238
ROUTE         1     2.235      R9C14A.F1 to      R7C16C.B0 serial_out_101
CTOF_DEL    ---     0.495      R7C16C.B0 to      R7C16C.F0 SLICE_499
ROUTE         1     2.405      R7C16C.F0 to      R4C15D.B0 serial_out_158
CTOF_DEL    ---     0.495      R4C15D.B0 to      R4C15D.F0 SLICE_494
ROUTE         1     1.278      R4C15D.F0 to      R5C12C.C0 serial_out_172
CTOF_DEL    ---     0.495      R5C12C.C0 to      R5C12C.F0 SLICE_493
ROUTE         1     2.534      R5C12C.F0 to       28.PADDO serial_out_c
DOPAD_DEL   ---     2.797       28.PADDO to         28.PAD serial_out
                  --------
                   14.682   (35.6% logic, 64.4% route), 6 logic levels.

Unconstrained Preference:
   CLOCK_TO_OUT PORT "serial_out" CLKPORT "clk" 

Report:   14.645ns delay SLICE_531 to serial_out

   Name    Fanout   Delay (ns)          Site               Resource
REG_DEL     ---     0.452    R10C14B.CLK to     R10C14B.Q0 SLICE_531 (from clk_c)
ROUTE         1     0.964     R10C14B.Q0 to      R9C14A.A1 observe[53]
CTOF_DEL    ---     0.495      R9C14A.A1 to      R9C14A.F1 SLICE_238
ROUTE         1     2.235      R9C14A.F1 to      R7C16C.B0 serial_out_101
CTOF_DEL    ---     0.495      R7C16C.B0 to      R7C16C.F0 SLICE_499
ROUTE         1     2.405      R7C16C.F0 to      R4C15D.B0 serial_out_158
CTOF_DEL    ---     0.495      R4C15D.B0 to      R4C15D.F0 SLICE_494
ROUTE         1     1.278      R4C15D.F0 to      R5C12C.C0 serial_out_172
CTOF_DEL    ---     0.495      R5C12C.C0 to      R5C12C.F0 SLICE_493
ROUTE         1     2.534      R5C12C.F0 to       28.PADDO serial_out_c
DOPAD_DEL   ---     2.797       28.PADDO to         28.PAD serial_out
                  --------
                   14.645   (35.7% logic, 64.3% route), 6 logic levels.

Unconstrained Preference:
   CLOCK_TO_OUT PORT "serial_out" CLKPORT "clk" 

Report:   14.487ns delay SLICE_591 to serial_out

   Name    Fanout   Delay (ns)          Site               Resource
REG_DEL     ---     0.452     R4C17D.CLK to      R4C17D.Q0 SLICE_591 (from clk_c)
ROUTE         1     2.174      R4C17D.Q0 to      R3C16B.C0 observe[107]
CTOF_DEL    ---     0.495      R3C16B.C0 to      R3C16B.F0 SLICE_589
ROUTE         1     1.004      R3C16B.F0 to      R3C16D.B0 serial_out_115
CTOF_DEL    ---     0.495      R3C16D.B0 to      R3C16D.F0 SLICE_501
ROUTE         1     2.389      R3C16D.F0 to      R3C12D.B0 serial_out_161
CTOF_DEL    ---     0.495      R3C12D.B0 to      R3C12D.F0 SLICE_495
ROUTE         1     1.157      R3C12D.F0 to      R5C12C.D0 serial_out_173
CTOF_DEL    ---     0.495      R5C12C.D0 to      R5C12C.F0 SLICE_493
ROUTE         1     2.534      R5C12C.F0 to       28.PADDO serial_out_c
DOPAD_DEL   ---     2.797       28.PADDO to         28.PAD serial_out
                  --------
                   14.487   (36.1% logic, 63.9% route), 6 logic levels.

Unconstrained Preference:
   CLOCK_TO_OUT PORT "serial_out" CLKPORT "clk" 

Report:   14.425ns delay SLICE_488 to serial_out

   Name    Fanout   Delay (ns)          Site               Resource
REG_DEL     ---     0.452     R9C15C.CLK to      R9C15C.Q0 SLICE_488 (from clk_c)
ROUTE         1     0.744      R9C15C.Q0 to      R9C14A.C1 observe[51]
CTOF_DEL    ---     0.495      R9C14A.C1 to      R9C14A.F1 SLICE_238
ROUTE         1     2.235      R9C14A.F1 to      R7C16C.B0 serial_out_101
CTOF_DEL    ---     0.495      R7C16C.B0 to      R7C16C.F0 SLICE_499
ROUTE         1     2.405      R7C16C.F0 to      R4C15D.B0 serial_out_158
CTOF_DEL    ---     0.495      R4C15D.B0 to      R4C15D.F0 SLICE_494
ROUTE         1     1.278      R4C15D.F0 to      R5C12C.C0 serial_out_172
CTOF_DEL    ---     0.495      R5C12C.C0 to      R5C12C.F0 SLICE_493
ROUTE         1     2.534      R5C12C.F0 to       28.PADDO serial_out_c
DOPAD_DEL   ---     2.797       28.PADDO to         28.PAD serial_out
                  --------
                   14.425   (36.2% logic, 63.8% route), 6 logic levels.

Unconstrained Preference:
   CLOCK_TO_OUT PORT "serial_out" CLKPORT "clk" 

Report:   14.371ns delay SLICE_500 to serial_out

   Name    Fanout   Delay (ns)          Site               Resource
REG_DEL     ---     0.452     R4C15B.CLK to      R4C15B.Q1 SLICE_500 (from clk_c)
ROUTE         1     1.535      R4C15B.Q1 to      R3C14B.B1 observe[132]
CTOF_DEL    ---     0.495      R3C14B.B1 to      R3C14B.F1 SLICE_226
ROUTE         1     1.023      R3C14B.F1 to      R3C13D.B0 serial_out_121
CTOF_DEL    ---     0.495      R3C13D.B0 to      R3C13D.F0 SLICE_503
ROUTE         1     2.893      R3C13D.F0 to      R3C12D.A0 serial_out_163
CTOF_DEL    ---     0.495      R3C12D.A0 to      R3C12D.F0 SLICE_495
ROUTE         1     1.157      R3C12D.F0 to      R5C12C.D0 serial_out_173
CTOF_DEL    ---     0.495      R5C12C.D0 to      R5C12C.F0 SLICE_493
ROUTE         1     2.534      R5C12C.F0 to       28.PADDO serial_out_c
DOPAD_DEL   ---     2.797       28.PADDO to         28.PAD serial_out
                  --------
                   14.371   (36.4% logic, 63.6% route), 6 logic levels.

Unconstrained Preference:
   CLOCK_TO_OUT PORT "serial_out" CLKPORT "clk" 

Report:   14.361ns delay SLICE_145 to serial_out

   Name    Fanout   Delay (ns)          Site               Resource
REG_DEL     ---     0.452     R2C14D.CLK to      R2C14D.Q0 SLICE_145 (from clk_c)
ROUTE         1     1.506      R2C14D.Q0 to      R3C14C.C1 observe[137]
CTOF_DEL    ---     0.495      R3C14C.C1 to      R3C14C.F1 SLICE_587
ROUTE         1     1.042      R3C14C.F1 to      R3C13D.D0 serial_out_122
CTOF_DEL    ---     0.495      R3C13D.D0 to      R3C13D.F0 SLICE_503
ROUTE         1     2.893      R3C13D.F0 to      R3C12D.A0 serial_out_163
CTOF_DEL    ---     0.495      R3C12D.A0 to      R3C12D.F0 SLICE_495
ROUTE         1     1.157      R3C12D.F0 to      R5C12C.D0 serial_out_173
CTOF_DEL    ---     0.495      R5C12C.D0 to      R5C12C.F0 SLICE_493
ROUTE         1     2.534      R5C12C.F0 to       28.PADDO serial_out_c
DOPAD_DEL   ---     2.797       28.PADDO to         28.PAD serial_out
                  --------
                   14.361   (36.4% logic, 63.6% route), 6 logic levels.

Unconstrained Preference:
   CLOCK_TO_OUT PORT "serial_out" CLKPORT "clk" 

Report:   14.326ns delay SLICE_531 to serial_out

   Name    Fanout   Delay (ns)          Site               Resource
REG_DEL     ---     0.452    R10C14B.CLK to     R10C14B.Q1 SLICE_531 (from clk_c)
ROUTE         1     0.645     R10C14B.Q1 to      R9C14A.D1 observe[54]
CTOF_DEL    ---     0.495      R9C14A.D1 to      R9C14A.F1 SLICE_238
ROUTE         1     2.235      R9C14A.F1 to      R7C16C.B0 serial_out_101
CTOF_DEL    ---     0.495      R7C16C.B0 to      R7C16C.F0 SLICE_499
ROUTE         1     2.405      R7C16C.F0 to      R4C15D.B0 serial_out_158
CTOF_DEL    ---     0.495      R4C15D.B0 to      R4C15D.F0 SLICE_494
ROUTE         1     1.278      R4C15D.F0 to      R5C12C.C0 serial_out_172
CTOF_DEL    ---     0.495      R5C12C.C0 to      R5C12C.F0 SLICE_493
ROUTE         1     2.534      R5C12C.F0 to       28.PADDO serial_out_c
DOPAD_DEL   ---     2.797       28.PADDO to         28.PAD serial_out
                  --------
                   14.326   (36.5% logic, 63.5% route), 6 logic levels.

Unconstrained Preference:
   CLOCK_TO_OUT PORT "serial_out" CLKPORT "clk" 

Report:   14.275ns delay SLICE_501 to serial_out

   Name    Fanout   Delay (ns)          Site               Resource
REG_DEL     ---     0.452     R3C16D.CLK to      R3C16D.Q1 SLICE_501 (from clk_c)
ROUTE         1     1.420      R3C16D.Q1 to      R3C14C.B1 observe[136]
CTOF_DEL    ---     0.495      R3C14C.B1 to      R3C14C.F1 SLICE_587
ROUTE         1     1.042      R3C14C.F1 to      R3C13D.D0 serial_out_122
CTOF_DEL    ---     0.495      R3C13D.D0 to      R3C13D.F0 SLICE_503
ROUTE         1     2.893      R3C13D.F0 to      R3C12D.A0 serial_out_163
CTOF_DEL    ---     0.495      R3C12D.A0 to      R3C12D.F0 SLICE_495
ROUTE         1     1.157      R3C12D.F0 to      R5C12C.D0 serial_out_173
CTOF_DEL    ---     0.495      R5C12C.D0 to      R5C12C.F0 SLICE_493
ROUTE         1     2.534      R5C12C.F0 to       28.PADDO serial_out_c
DOPAD_DEL   ---     2.797       28.PADDO to         28.PAD serial_out
                  --------
                   14.275   (36.6% logic, 63.4% route), 6 logic levels.

Unconstrained Preference:
   CLOCK_TO_OUT PORT "serial_out" CLKPORT "clk" 

Report:   14.268ns delay SLICE_143 to serial_out

   Name    Fanout   Delay (ns)          Site               Resource
REG_DEL     ---     0.452     R2C14C.CLK to      R2C14C.Q1 SLICE_143 (from clk_c)
ROUTE         1     1.413      R2C14C.Q1 to      R3C14C.A1 observe[135]
CTOF_DEL    ---     0.495      R3C14C.A1 to      R3C14C.F1 SLICE_587
ROUTE         1     1.042      R3C14C.F1 to      R3C13D.D0 serial_out_122
CTOF_DEL    ---     0.495      R3C13D.D0 to      R3C13D.F0 SLICE_503
ROUTE         1     2.893      R3C13D.F0 to      R3C12D.A0 serial_out_163
CTOF_DEL    ---     0.495      R3C12D.A0 to      R3C12D.F0 SLICE_495
ROUTE         1     1.157      R3C12D.F0 to      R5C12C.D0 serial_out_173
CTOF_DEL    ---     0.495      R5C12C.D0 to      R5C12C.F0 SLICE_493
ROUTE         1     2.534      R5C12C.F0 to       28.PADDO serial_out_c
DOPAD_DEL   ---     2.797       28.PADDO to         28.PAD serial_out
                  --------
                   14.268   (36.6% logic, 63.4% route), 6 logic levels.

Unconstrained Preference:
   CLOCK_TO_OUT PORT "serial_out" CLKPORT "clk" 

Report:   14.182ns delay SLICE_496 to serial_out

   Name    Fanout   Delay (ns)          Site               Resource
REG_DEL     ---     0.452     R5C12B.CLK to      R5C12B.Q0 SLICE_496 (from clk_c)
ROUTE         1     1.933      R5C12B.Q0 to      R3C13D.C1 observe[143]
CTOF_DEL    ---     0.495      R3C13D.C1 to      R3C13D.F1 SLICE_503
ROUTE         1     0.436      R3C13D.F1 to      R3C13D.C0 serial_out_124
CTOF_DEL    ---     0.495      R3C13D.C0 to      R3C13D.F0 SLICE_503
ROUTE         1     2.893      R3C13D.F0 to      R3C12D.A0 serial_out_163
CTOF_DEL    ---     0.495      R3C12D.A0 to      R3C12D.F0 SLICE_495
ROUTE         1     1.157      R3C12D.F0 to      R5C12C.D0 serial_out_173
CTOF_DEL    ---     0.495      R5C12C.D0 to      R5C12C.F0 SLICE_493
ROUTE         1     2.534      R5C12C.F0 to       28.PADDO serial_out_c
DOPAD_DEL   ---     2.797       28.PADDO to         28.PAD serial_out
                  --------
                   14.182   (36.9% logic, 63.1% route), 6 logic levels.

Unconstrained Preference:
   CLOCK_TO_OUT PORT "serial_out" CLKPORT "clk" 

Report:   14.174ns delay SLICE_532 to serial_out

   Name    Fanout   Delay (ns)          Site               Resource
REG_DEL     ---     0.452     R7C17B.CLK to      R7C17B.Q1 SLICE_532 (from clk_c)
ROUTE         1     1.764      R7C17B.Q1 to      R8C16B.D0 observe[60]
CTOF_DEL    ---     0.495      R8C16B.D0 to      R8C16B.F0 SLICE_593
ROUTE         1     0.964      R8C16B.F0 to      R7C16C.A0 serial_out_103
CTOF_DEL    ---     0.495      R7C16C.A0 to      R7C16C.F0 SLICE_499
ROUTE         1     2.405      R7C16C.F0 to      R4C15D.B0 serial_out_158
CTOF_DEL    ---     0.495      R4C15D.B0 to      R4C15D.F0 SLICE_494
ROUTE         1     1.278      R4C15D.F0 to      R5C12C.C0 serial_out_172
CTOF_DEL    ---     0.495      R5C12C.C0 to      R5C12C.F0 SLICE_493
ROUTE         1     2.534      R5C12C.F0 to       28.PADDO serial_out_c
DOPAD_DEL   ---     2.797       28.PADDO to         28.PAD serial_out
                  --------
                   14.174   (36.9% logic, 63.1% route), 6 logic levels.

Unconstrained Preference:
   CLOCK_TO_OUT PORT "serial_out" CLKPORT "clk" 

Report:   14.147ns delay SLICE_583 to serial_out

   Name    Fanout   Delay (ns)          Site               Resource
REG_DEL     ---     0.452     R7C17D.CLK to      R7C17D.Q0 SLICE_583 (from clk_c)
ROUTE         1     2.265      R7C17D.Q0 to      R7C16C.B1 observe[65]
CTOF_DEL    ---     0.495      R7C16C.B1 to      R7C16C.F1 SLICE_499
ROUTE         1     0.436      R7C16C.F1 to      R7C16C.C0 serial_out_104
CTOF_DEL    ---     0.495      R7C16C.C0 to      R7C16C.F0 SLICE_499
ROUTE         1     2.405      R7C16C.F0 to      R4C15D.B0 serial_out_158
CTOF_DEL    ---     0.495      R4C15D.B0 to      R4C15D.F0 SLICE_494
ROUTE         1     1.278      R4C15D.F0 to      R5C12C.C0 serial_out_172
CTOF_DEL    ---     0.495      R5C12C.C0 to      R5C12C.F0 SLICE_493
ROUTE         1     2.534      R5C12C.F0 to       28.PADDO serial_out_c
DOPAD_DEL   ---     2.797       28.PADDO to         28.PAD serial_out
                  --------
                   14.147   (37.0% logic, 63.0% route), 6 logic levels.

Unconstrained Preference:
   CLOCK_TO_OUT PORT "serial_out" CLKPORT "clk" 

Report:   14.136ns delay SLICE_532 to serial_out

   Name    Fanout   Delay (ns)          Site               Resource
REG_DEL     ---     0.452     R7C17B.CLK to      R7C17B.Q0 SLICE_532 (from clk_c)
ROUTE         1     1.726      R7C17B.Q0 to      R8C16B.A0 observe[59]
CTOF_DEL    ---     0.495      R8C16B.A0 to      R8C16B.F0 SLICE_593
ROUTE         1     0.964      R8C16B.F0 to      R7C16C.A0 serial_out_103
CTOF_DEL    ---     0.495      R7C16C.A0 to      R7C16C.F0 SLICE_499
ROUTE         1     2.405      R7C16C.F0 to      R4C15D.B0 serial_out_158
CTOF_DEL    ---     0.495      R4C15D.B0 to      R4C15D.F0 SLICE_494
ROUTE         1     1.278      R4C15D.F0 to      R5C12C.C0 serial_out_172
CTOF_DEL    ---     0.495      R5C12C.C0 to      R5C12C.F0 SLICE_493
ROUTE         1     2.534      R5C12C.F0 to       28.PADDO serial_out_c
DOPAD_DEL   ---     2.797       28.PADDO to         28.PAD serial_out
                  --------
                   14.136   (37.0% logic, 63.0% route), 6 logic levels.

Unconstrained Preference:
   CLOCK_TO_OUT PORT "serial_out" CLKPORT "clk" 

Report:   14.135ns delay SLICE_501 to serial_out

   Name    Fanout   Delay (ns)          Site               Resource
REG_DEL     ---     0.452     R3C16D.CLK to      R3C16D.Q0 SLICE_501 (from clk_c)
ROUTE         1     1.299      R3C16D.Q0 to      R3C14B.A1 observe[133]
CTOF_DEL    ---     0.495      R3C14B.A1 to      R3C14B.F1 SLICE_226
ROUTE         1     1.023      R3C14B.F1 to      R3C13D.B0 serial_out_121
CTOF_DEL    ---     0.495      R3C13D.B0 to      R3C13D.F0 SLICE_503
ROUTE         1     2.893      R3C13D.F0 to      R3C12D.A0 serial_out_163
CTOF_DEL    ---     0.495      R3C12D.A0 to      R3C12D.F0 SLICE_495
ROUTE         1     1.157      R3C12D.F0 to      R5C12C.D0 serial_out_173
CTOF_DEL    ---     0.495      R5C12C.D0 to      R5C12C.F0 SLICE_493
ROUTE         1     2.534      R5C12C.F0 to       28.PADDO serial_out_c
DOPAD_DEL   ---     2.797       28.PADDO to         28.PAD serial_out
                  --------
                   14.135   (37.0% logic, 63.0% route), 6 logic levels.

Unconstrained Preference:
   CLOCK_TO_OUT PORT "serial_out" CLKPORT "clk" 

Report:   14.077ns delay SLICE_493 to serial_out

   Name    Fanout   Delay (ns)          Site               Resource
REG_DEL     ---     0.452     R5C12C.CLK to      R5C12C.Q0 SLICE_493 (from clk_c)
ROUTE         1     0.958      R5C12C.Q0 to      R5C15D.D1 observe[101]
CTOF_DEL    ---     0.495      R5C15D.D1 to      R5C15D.F1 SLICE_227
ROUTE         1     1.810      R5C15D.F1 to      R3C16D.A0 serial_out_113
CTOF_DEL    ---     0.495      R3C16D.A0 to      R3C16D.F0 SLICE_501
ROUTE         1     2.389      R3C16D.F0 to      R3C12D.B0 serial_out_161
CTOF_DEL    ---     0.495      R3C12D.B0 to      R3C12D.F0 SLICE_495
ROUTE         1     1.157      R3C12D.F0 to      R5C12C.D0 serial_out_173
CTOF_DEL    ---     0.495      R5C12C.D0 to      R5C12C.F0 SLICE_493
ROUTE         1     2.534      R5C12C.F0 to       28.PADDO serial_out_c
DOPAD_DEL   ---     2.797       28.PADDO to         28.PAD serial_out
                  --------
                   14.077   (37.1% logic, 62.9% route), 6 logic levels.

Unconstrained Preference:
   CLOCK_TO_OUT PORT "serial_out" CLKPORT "clk" 

Report:   13.907ns delay SLICE_530 to serial_out

   Name    Fanout   Delay (ns)          Site               Resource
REG_DEL     ---     0.452     R9C17A.CLK to      R9C17A.Q0 SLICE_530 (from clk_c)
ROUTE         1     1.838      R9C17A.Q0 to      R8C16B.B1 observe[55]
CTOF_DEL    ---     0.495      R8C16B.B1 to      R8C16B.F1 SLICE_593
ROUTE         1     0.623      R8C16B.F1 to      R7C16C.D0 serial_out_102
CTOF_DEL    ---     0.495      R7C16C.D0 to      R7C16C.F0 SLICE_499
ROUTE         1     2.405      R7C16C.F0 to      R4C15D.B0 serial_out_158
CTOF_DEL    ---     0.495      R4C15D.B0 to      R4C15D.F0 SLICE_494
ROUTE         1     1.278      R4C15D.F0 to      R5C12C.C0 serial_out_172
CTOF_DEL    ---     0.495      R5C12C.C0 to      R5C12C.F0 SLICE_493
ROUTE         1     2.534      R5C12C.F0 to       28.PADDO serial_out_c
DOPAD_DEL   ---     2.797       28.PADDO to         28.PAD serial_out
                  --------
                   13.907   (37.6% logic, 62.4% route), 6 logic levels.

Unconstrained Preference:
   CLOCK_TO_OUT PORT "serial_out" CLKPORT "clk" 

Report:   13.888ns delay SLICE_590 to serial_out

   Name    Fanout   Delay (ns)          Site               Resource
REG_DEL     ---     0.452     R5C16D.CLK to      R5C16D.Q0 SLICE_590 (from clk_c)
ROUTE         1     1.575      R5C16D.Q0 to      R3C16B.D0 observe[109]
CTOF_DEL    ---     0.495      R3C16B.D0 to      R3C16B.F0 SLICE_589
ROUTE         1     1.004      R3C16B.F0 to      R3C16D.B0 serial_out_115
CTOF_DEL    ---     0.495      R3C16D.B0 to      R3C16D.F0 SLICE_501
ROUTE         1     2.389      R3C16D.F0 to      R3C12D.B0 serial_out_161
CTOF_DEL    ---     0.495      R3C12D.B0 to      R3C12D.F0 SLICE_495
ROUTE         1     1.157      R3C12D.F0 to      R5C12C.D0 serial_out_173
CTOF_DEL    ---     0.495      R5C12C.D0 to      R5C12C.F0 SLICE_493
ROUTE         1     2.534      R5C12C.F0 to       28.PADDO serial_out_c
DOPAD_DEL   ---     2.797       28.PADDO to         28.PAD serial_out
                  --------
                   13.888   (37.7% logic, 62.3% route), 6 logic levels.

Unconstrained Preference:
   CLOCK_TO_OUT PORT "serial_out" CLKPORT "clk" 

Report:   13.800ns delay SLICE_503 to serial_out

   Name    Fanout   Delay (ns)          Site               Resource
REG_DEL     ---     0.452     R3C13D.CLK to      R3C13D.Q0 SLICE_503 (from clk_c)
ROUTE         1     1.001      R3C13D.Q0 to      R3C14C.B0 observe[141]
CTOF_DEL    ---     0.495      R3C14C.B0 to      R3C14C.F0 SLICE_587
ROUTE         1     0.986      R3C14C.F0 to      R3C13D.A0 serial_out_123
CTOF_DEL    ---     0.495      R3C13D.A0 to      R3C13D.F0 SLICE_503
ROUTE         1     2.893      R3C13D.F0 to      R3C12D.A0 serial_out_163
CTOF_DEL    ---     0.495      R3C12D.A0 to      R3C12D.F0 SLICE_495
ROUTE         1     1.157      R3C12D.F0 to      R5C12C.D0 serial_out_173
CTOF_DEL    ---     0.495      R5C12C.D0 to      R5C12C.F0 SLICE_493
ROUTE         1     2.534      R5C12C.F0 to       28.PADDO serial_out_c
DOPAD_DEL   ---     2.797       28.PADDO to         28.PAD serial_out
                  --------
                   13.800   (37.9% logic, 62.1% route), 6 logic levels.

Unconstrained Preference:
   CLOCK_TO_OUT PORT "serial_out" CLKPORT "clk" 

Report:   13.766ns delay SLICE_502 to serial_out

   Name    Fanout   Delay (ns)          Site               Resource
REG_DEL     ---     0.452     R3C14D.CLK to      R3C14D.Q1 SLICE_502 (from clk_c)
ROUTE         1     0.967      R3C14D.Q1 to      R3C14C.A0 observe[140]
CTOF_DEL    ---     0.495      R3C14C.A0 to      R3C14C.F0 SLICE_587
ROUTE         1     0.986      R3C14C.F0 to      R3C13D.A0 serial_out_123
CTOF_DEL    ---     0.495      R3C13D.A0 to      R3C13D.F0 SLICE_503
ROUTE         1     2.893      R3C13D.F0 to      R3C12D.A0 serial_out_163
CTOF_DEL    ---     0.495      R3C12D.A0 to      R3C12D.F0 SLICE_495
ROUTE         1     1.157      R3C12D.F0 to      R5C12C.D0 serial_out_173
CTOF_DEL    ---     0.495      R5C12C.D0 to      R5C12C.F0 SLICE_493
ROUTE         1     2.534      R5C12C.F0 to       28.PADDO serial_out_c
DOPAD_DEL   ---     2.797       28.PADDO to         28.PAD serial_out
                  --------
                   13.766   (38.0% logic, 62.0% route), 6 logic levels.

Unconstrained Preference:
   CLOCK_TO_OUT PORT "serial_out" CLKPORT "clk" 

Report:   13.716ns delay SLICE_490 to serial_out

   Name    Fanout   Delay (ns)          Site               Resource
REG_DEL     ---     0.452    R10C16A.CLK to     R10C16A.Q0 SLICE_490 (from clk_c)
ROUTE         1     1.763     R10C16A.Q0 to     R10C15A.B1 observe[39]
CTOF_DEL    ---     0.495     R10C15A.B1 to     R10C15A.F1 SLICE_594
ROUTE         1     1.877     R10C15A.F1 to      R7C15B.B0 serial_out_98
CTOF_DEL    ---     0.495      R7C15B.B0 to      R7C15B.F0 SLICE_498
ROUTE         1     1.035      R7C15B.F0 to      R4C15D.D0 serial_out_157
CTOF_DEL    ---     0.495      R4C15D.D0 to      R4C15D.F0 SLICE_494
ROUTE         1     1.278      R4C15D.F0 to      R5C12C.C0 serial_out_172
CTOF_DEL    ---     0.495      R5C12C.C0 to      R5C12C.F0 SLICE_493
ROUTE         1     2.534      R5C12C.F0 to       28.PADDO serial_out_c
DOPAD_DEL   ---     2.797       28.PADDO to         28.PAD serial_out
                  --------
                   13.716   (38.1% logic, 61.9% route), 6 logic levels.

Unconstrained Preference:
   CLOCK_TO_OUT PORT "serial_out" CLKPORT "clk" 

Report:   13.679ns delay SLICE_490 to serial_out

   Name    Fanout   Delay (ns)          Site               Resource
REG_DEL     ---     0.452    R10C16A.CLK to     R10C16A.Q1 SLICE_490 (from clk_c)
ROUTE         1     1.726     R10C16A.Q1 to     R10C15A.A1 observe[40]
CTOF_DEL    ---     0.495     R10C15A.A1 to     R10C15A.F1 SLICE_594
ROUTE         1     1.877     R10C15A.F1 to      R7C15B.B0 serial_out_98
CTOF_DEL    ---     0.495      R7C15B.B0 to      R7C15B.F0 SLICE_498
ROUTE         1     1.035      R7C15B.F0 to      R4C15D.D0 serial_out_157
CTOF_DEL    ---     0.495      R4C15D.D0 to      R4C15D.F0 SLICE_494
ROUTE         1     1.278      R4C15D.F0 to      R5C12C.C0 serial_out_172
CTOF_DEL    ---     0.495      R5C12C.C0 to      R5C12C.F0 SLICE_493
ROUTE         1     2.534      R5C12C.F0 to       28.PADDO serial_out_c
DOPAD_DEL   ---     2.797       28.PADDO to         28.PAD serial_out
                  --------
                   13.679   (38.2% logic, 61.8% route), 6 logic levels.

Unconstrained Preference:
   CLOCK_TO_OUT PORT "serial_out" CLKPORT "clk" 

Report:   13.649ns delay SLICE_591 to serial_out

   Name    Fanout   Delay (ns)          Site               Resource
REG_DEL     ---     0.452     R4C17D.CLK to      R4C17D.Q1 SLICE_591 (from clk_c)
ROUTE         1     1.336      R4C17D.Q1 to      R3C16B.B0 observe[108]
CTOF_DEL    ---     0.495      R3C16B.B0 to      R3C16B.F0 SLICE_589
ROUTE         1     1.004      R3C16B.F0 to      R3C16D.B0 serial_out_115
CTOF_DEL    ---     0.495      R3C16D.B0 to      R3C16D.F0 SLICE_501
ROUTE         1     2.389      R3C16D.F0 to      R3C12D.B0 serial_out_161
CTOF_DEL    ---     0.495      R3C12D.B0 to      R3C12D.F0 SLICE_495
ROUTE         1     1.157      R3C12D.F0 to      R5C12C.D0 serial_out_173
CTOF_DEL    ---     0.495      R5C12C.D0 to      R5C12C.F0 SLICE_493
ROUTE         1     2.534      R5C12C.F0 to       28.PADDO serial_out_c
DOPAD_DEL   ---     2.797       28.PADDO to         28.PAD serial_out
                  --------
                   13.649   (38.3% logic, 61.7% route), 6 logic levels.

Unconstrained Preference:
   CLOCK_TO_OUT PORT "serial_out" CLKPORT "clk" 

Report:   13.589ns delay SLICE_487 to serial_out

   Name    Fanout   Delay (ns)          Site               Resource
REG_DEL     ---     0.452     R8C17C.CLK to      R8C17C.Q0 SLICE_487 (from clk_c)
ROUTE         1     2.284      R8C17C.Q0 to      R8C13A.D0 observe[29]
CTOF_DEL    ---     0.495      R8C13A.D0 to      R8C13A.F0 SLICE_595
ROUTE         1     0.964      R8C13A.F0 to      R8C14D.A0 serial_out_95
CTOF_DEL    ---     0.495      R8C14D.A0 to      R8C14D.F0 SLICE_497
ROUTE         1     1.611      R8C14D.F0 to      R5C12C.D1 serial_out_156
CTOF_DEL    ---     0.495      R5C12C.D1 to      R5C12C.F1 SLICE_493
ROUTE         1     0.967      R5C12C.F1 to      R5C12C.A0 serial_out_166
CTOF_DEL    ---     0.495      R5C12C.A0 to      R5C12C.F0 SLICE_493
ROUTE         1     2.534      R5C12C.F0 to       28.PADDO serial_out_c
DOPAD_DEL   ---     2.797       28.PADDO to         28.PAD serial_out
                  --------
                   13.589   (38.5% logic, 61.5% route), 6 logic levels.

Unconstrained Preference:
   CLOCK_TO_OUT PORT "serial_out" CLKPORT "clk" 

Report:   13.585ns delay SLICE_494 to serial_out

   Name    Fanout   Delay (ns)          Site               Resource
REG_DEL     ---     0.452     R4C15D.CLK to      R4C15D.Q1 SLICE_494 (from clk_c)
ROUTE         1     1.336      R4C15D.Q1 to      R3C13D.B1 observe[146]
CTOF_DEL    ---     0.495      R3C13D.B1 to      R3C13D.F1 SLICE_503
ROUTE         1     0.436      R3C13D.F1 to      R3C13D.C0 serial_out_124
CTOF_DEL    ---     0.495      R3C13D.C0 to      R3C13D.F0 SLICE_503
ROUTE         1     2.893      R3C13D.F0 to      R3C12D.A0 serial_out_163
CTOF_DEL    ---     0.495      R3C12D.A0 to      R3C12D.F0 SLICE_495
ROUTE         1     1.157      R3C12D.F0 to      R5C12C.D0 serial_out_173
CTOF_DEL    ---     0.495      R5C12C.D0 to      R5C12C.F0 SLICE_493
ROUTE         1     2.534      R5C12C.F0 to       28.PADDO serial_out_c
DOPAD_DEL   ---     2.797       28.PADDO to         28.PAD serial_out
                  --------
                   13.585   (38.5% logic, 61.5% route), 6 logic levels.

Unconstrained Preference:
   CLOCK_TO_OUT PORT "serial_out" CLKPORT "clk" 

Report:   13.548ns delay SLICE_496 to serial_out

   Name    Fanout   Delay (ns)          Site               Resource
REG_DEL     ---     0.452     R5C12B.CLK to      R5C12B.Q1 SLICE_496 (from clk_c)
ROUTE         1     1.299      R5C12B.Q1 to      R3C13D.A1 observe[144]
CTOF_DEL    ---     0.495      R3C13D.A1 to      R3C13D.F1 SLICE_503
ROUTE         1     0.436      R3C13D.F1 to      R3C13D.C0 serial_out_124
CTOF_DEL    ---     0.495      R3C13D.C0 to      R3C13D.F0 SLICE_503
ROUTE         1     2.893      R3C13D.F0 to      R3C12D.A0 serial_out_163
CTOF_DEL    ---     0.495      R3C12D.A0 to      R3C12D.F0 SLICE_495
ROUTE         1     1.157      R3C12D.F0 to      R5C12C.D0 serial_out_173
CTOF_DEL    ---     0.495      R5C12C.D0 to      R5C12C.F0 SLICE_493
ROUTE         1     2.534      R5C12C.F0 to       28.PADDO serial_out_c
DOPAD_DEL   ---     2.797       28.PADDO to         28.PAD serial_out
                  --------
                   13.548   (38.6% logic, 61.4% route), 6 logic levels.

Unconstrained Preference:
   CLOCK_TO_OUT PORT "serial_out" CLKPORT "clk" 

Report:   13.543ns delay SLICE_503 to serial_out

   Name    Fanout   Delay (ns)          Site               Resource
REG_DEL     ---     0.452     R3C13D.CLK to      R3C13D.Q1 SLICE_503 (from clk_c)
ROUTE         1     0.744      R3C13D.Q1 to      R3C14C.C0 observe[142]
CTOF_DEL    ---     0.495      R3C14C.C0 to      R3C14C.F0 SLICE_587
ROUTE         1     0.986      R3C14C.F0 to      R3C13D.A0 serial_out_123
CTOF_DEL    ---     0.495      R3C13D.A0 to      R3C13D.F0 SLICE_503
ROUTE         1     2.893      R3C13D.F0 to      R3C12D.A0 serial_out_163
CTOF_DEL    ---     0.495      R3C12D.A0 to      R3C12D.F0 SLICE_495
ROUTE         1     1.157      R3C12D.F0 to      R5C12C.D0 serial_out_173
CTOF_DEL    ---     0.495      R5C12C.D0 to      R5C12C.F0 SLICE_493
ROUTE         1     2.534      R5C12C.F0 to       28.PADDO serial_out_c
DOPAD_DEL   ---     2.797       28.PADDO to         28.PAD serial_out
                  --------
                   13.543   (38.6% logic, 61.4% route), 6 logic levels.

Unconstrained Preference:
   CLOCK_TO_OUT PORT "serial_out" CLKPORT "clk" 

Report:   13.508ns delay SLICE_589 to serial_out

   Name    Fanout   Delay (ns)          Site               Resource
REG_DEL     ---     0.452     R3C16B.CLK to      R3C16B.Q0 SLICE_589 (from clk_c)
ROUTE         1     1.763      R3C16B.Q0 to      R3C16D.B1 observe[111]
CTOF_DEL    ---     0.495      R3C16D.B1 to      R3C16D.F1 SLICE_501
ROUTE         1     0.436      R3C16D.F1 to      R3C16D.C0 serial_out_116
CTOF_DEL    ---     0.495      R3C16D.C0 to      R3C16D.F0 SLICE_501
ROUTE         1     2.389      R3C16D.F0 to      R3C12D.B0 serial_out_161
CTOF_DEL    ---     0.495      R3C12D.B0 to      R3C12D.F0 SLICE_495
ROUTE         1     1.157      R3C12D.F0 to      R5C12C.D0 serial_out_173
CTOF_DEL    ---     0.495      R5C12C.D0 to      R5C12C.F0 SLICE_493
ROUTE         1     2.534      R5C12C.F0 to       28.PADDO serial_out_c
DOPAD_DEL   ---     2.797       28.PADDO to         28.PAD serial_out
                  --------
                   13.508   (38.7% logic, 61.3% route), 6 logic levels.

Unconstrained Preference:
   CLOCK_TO_OUT PORT "serial_out" CLKPORT "clk" 

Report:   13.481ns delay SLICE_143 to serial_out

   Name    Fanout   Delay (ns)          Site               Resource
REG_DEL     ---     0.452     R2C14C.CLK to      R2C14C.Q0 SLICE_143 (from clk_c)
ROUTE         1     0.645      R2C14C.Q0 to      R3C14B.D1 observe[134]
CTOF_DEL    ---     0.495      R3C14B.D1 to      R3C14B.F1 SLICE_226
ROUTE         1     1.023      R3C14B.F1 to      R3C13D.B0 serial_out_121
CTOF_DEL    ---     0.495      R3C13D.B0 to      R3C13D.F0 SLICE_503
ROUTE         1     2.893      R3C13D.F0 to      R3C12D.A0 serial_out_163
CTOF_DEL    ---     0.495      R3C12D.A0 to      R3C12D.F0 SLICE_495
ROUTE         1     1.157      R3C12D.F0 to      R5C12C.D0 serial_out_173
CTOF_DEL    ---     0.495      R5C12C.D0 to      R5C12C.F0 SLICE_493
ROUTE         1     2.534      R5C12C.F0 to       28.PADDO serial_out_c
DOPAD_DEL   ---     2.797       28.PADDO to         28.PAD serial_out
                  --------
                   13.481   (38.8% logic, 61.2% route), 6 logic levels.

Unconstrained Preference:
   CLOCK_TO_OUT PORT "serial_out" CLKPORT "clk" 

Report:   13.478ns delay SLICE_145 to serial_out

   Name    Fanout   Delay (ns)          Site               Resource
REG_DEL     ---     0.452     R2C14D.CLK to      R2C14D.Q1 SLICE_145 (from clk_c)
ROUTE         1     0.623      R2C14D.Q1 to      R3C14C.D1 observe[138]
CTOF_DEL    ---     0.495      R3C14C.D1 to      R3C14C.F1 SLICE_587
ROUTE         1     1.042      R3C14C.F1 to      R3C13D.D0 serial_out_122
CTOF_DEL    ---     0.495      R3C13D.D0 to      R3C13D.F0 SLICE_503
ROUTE         1     2.893      R3C13D.F0 to      R3C12D.A0 serial_out_163
CTOF_DEL    ---     0.495      R3C12D.A0 to      R3C12D.F0 SLICE_495
ROUTE         1     1.157      R3C12D.F0 to      R5C12C.D0 serial_out_173
CTOF_DEL    ---     0.495      R5C12C.D0 to      R5C12C.F0 SLICE_493
ROUTE         1     2.534      R5C12C.F0 to       28.PADDO serial_out_c
DOPAD_DEL   ---     2.797       28.PADDO to         28.PAD serial_out
                  --------
                   13.478   (38.8% logic, 61.2% route), 6 logic levels.

Unconstrained Preference:
   CLOCK_TO_OUT PORT "serial_out" CLKPORT "clk" 

Report:   13.471ns delay SLICE_588 to serial_out

   Name    Fanout   Delay (ns)          Site               Resource
REG_DEL     ---     0.452     R3C14A.CLK to      R3C14A.Q0 SLICE_588 (from clk_c)
ROUTE         1     1.726      R3C14A.Q0 to      R3C16D.A1 observe[113]
CTOF_DEL    ---     0.495      R3C16D.A1 to      R3C16D.F1 SLICE_501
ROUTE         1     0.436      R3C16D.F1 to      R3C16D.C0 serial_out_116
CTOF_DEL    ---     0.495      R3C16D.C0 to      R3C16D.F0 SLICE_501
ROUTE         1     2.389      R3C16D.F0 to      R3C12D.B0 serial_out_161
CTOF_DEL    ---     0.495      R3C12D.B0 to      R3C12D.F0 SLICE_495
ROUTE         1     1.157      R3C12D.F0 to      R5C12C.D0 serial_out_173
CTOF_DEL    ---     0.495      R5C12C.D0 to      R5C12C.F0 SLICE_493
ROUTE         1     2.534      R5C12C.F0 to       28.PADDO serial_out_c
DOPAD_DEL   ---     2.797       28.PADDO to         28.PAD serial_out
                  --------
                   13.471   (38.8% logic, 61.2% route), 6 logic levels.

Unconstrained Preference:
   CLOCK_TO_OUT PORT "serial_out" CLKPORT "clk" 

Report:   13.425ns delay SLICE_502 to serial_out

   Name    Fanout   Delay (ns)          Site               Resource
REG_DEL     ---     0.452     R3C14D.CLK to      R3C14D.Q0 SLICE_502 (from clk_c)
ROUTE         1     0.626      R3C14D.Q0 to      R3C14C.D0 observe[139]
CTOF_DEL    ---     0.495      R3C14C.D0 to      R3C14C.F0 SLICE_587
ROUTE         1     0.986      R3C14C.F0 to      R3C13D.A0 serial_out_123
CTOF_DEL    ---     0.495      R3C13D.A0 to      R3C13D.F0 SLICE_503
ROUTE         1     2.893      R3C13D.F0 to      R3C12D.A0 serial_out_163
CTOF_DEL    ---     0.495      R3C12D.A0 to      R3C12D.F0 SLICE_495
ROUTE         1     1.157      R3C12D.F0 to      R5C12C.D0 serial_out_173
CTOF_DEL    ---     0.495      R5C12C.D0 to      R5C12C.F0 SLICE_493
ROUTE         1     2.534      R5C12C.F0 to       28.PADDO serial_out_c
DOPAD_DEL   ---     2.797       28.PADDO to         28.PAD serial_out
                  --------
                   13.425   (38.9% logic, 61.1% route), 6 logic levels.

Unconstrained Preference:
   CLOCK_TO_OUT PORT "serial_out" CLKPORT "clk" 

Report:   13.414ns delay SLICE_598 to serial_out

   Name    Fanout   Delay (ns)          Site               Resource
REG_DEL     ---     0.452     R8C16A.CLK to      R8C16A.Q0 SLICE_598 (from clk_c)
ROUTE         1     1.004      R8C16A.Q0 to      R8C16B.B0 observe[61]
CTOF_DEL    ---     0.495      R8C16B.B0 to      R8C16B.F0 SLICE_593
ROUTE         1     0.964      R8C16B.F0 to      R7C16C.A0 serial_out_103
CTOF_DEL    ---     0.495      R7C16C.A0 to      R7C16C.F0 SLICE_499
ROUTE         1     2.405      R7C16C.F0 to      R4C15D.B0 serial_out_158
CTOF_DEL    ---     0.495      R4C15D.B0 to      R4C15D.F0 SLICE_494
ROUTE         1     1.278      R4C15D.F0 to      R5C12C.C0 serial_out_172
CTOF_DEL    ---     0.495      R5C12C.C0 to      R5C12C.F0 SLICE_493
ROUTE         1     2.534      R5C12C.F0 to       28.PADDO serial_out_c
DOPAD_DEL   ---     2.797       28.PADDO to         28.PAD serial_out
                  --------
                   13.414   (39.0% logic, 61.0% route), 6 logic levels.

Unconstrained Preference:
   CLOCK_TO_OUT PORT "serial_out" CLKPORT "clk" 

Report:   13.392ns delay SLICE_491 to serial_out

   Name    Fanout   Delay (ns)          Site               Resource
REG_DEL     ---     0.452     R8C15D.CLK to      R8C15D.Q0 SLICE_491 (from clk_c)
ROUTE         1     2.132      R8C15D.Q0 to     R10C15A.C0 observe[45]
CTOF_DEL    ---     0.495     R10C15A.C0 to     R10C15A.F0 SLICE_594
ROUTE         1     1.184     R10C15A.F0 to      R7C15B.D0 serial_out_99
CTOF_DEL    ---     0.495      R7C15B.D0 to      R7C15B.F0 SLICE_498
ROUTE         1     1.035      R7C15B.F0 to      R4C15D.D0 serial_out_157
CTOF_DEL    ---     0.495      R4C15D.D0 to      R4C15D.F0 SLICE_494
ROUTE         1     1.278      R4C15D.F0 to      R5C12C.C0 serial_out_172
CTOF_DEL    ---     0.495      R5C12C.C0 to      R5C12C.F0 SLICE_493
ROUTE         1     2.534      R5C12C.F0 to       28.PADDO serial_out_c
DOPAD_DEL   ---     2.797       28.PADDO to         28.PAD serial_out
                  --------
                   13.392   (39.0% logic, 61.0% route), 6 logic levels.

Unconstrained Preference:
   CLOCK_TO_OUT PORT "serial_out" CLKPORT "clk" 

Report:   13.385ns delay SLICE_593 to serial_out

   Name    Fanout   Delay (ns)          Site               Resource
REG_DEL     ---     0.452     R8C16B.CLK to      R8C16B.Q1 SLICE_593 (from clk_c)
ROUTE         1     1.761      R8C16B.Q1 to      R3C16B.C1 observe[104]
CTOF_DEL    ---     0.495      R3C16B.C1 to      R3C16B.F1 SLICE_589
ROUTE         1     0.315      R3C16B.F1 to      R3C16D.D0 serial_out_114
CTOF_DEL    ---     0.495      R3C16D.D0 to      R3C16D.F0 SLICE_501
ROUTE         1     2.389      R3C16D.F0 to      R3C12D.B0 serial_out_161
CTOF_DEL    ---     0.495      R3C12D.B0 to      R3C12D.F0 SLICE_495
ROUTE         1     1.157      R3C12D.F0 to      R5C12C.D0 serial_out_173
CTOF_DEL    ---     0.495      R5C12C.D0 to      R5C12C.F0 SLICE_493
ROUTE         1     2.534      R5C12C.F0 to       28.PADDO serial_out_c
DOPAD_DEL   ---     2.797       28.PADDO to         28.PAD serial_out
                  --------
                   13.385   (39.1% logic, 60.9% route), 6 logic levels.

Unconstrained Preference:
   CLOCK_TO_OUT PORT "serial_out" CLKPORT "clk" 

Report:   13.299ns delay SLICE_590 to serial_out

   Name    Fanout   Delay (ns)          Site               Resource
REG_DEL     ---     0.452     R5C16D.CLK to      R5C16D.Q1 SLICE_590 (from clk_c)
ROUTE         1     0.986      R5C16D.Q1 to      R3C16B.A0 observe[110]
CTOF_DEL    ---     0.495      R3C16B.A0 to      R3C16B.F0 SLICE_589
ROUTE         1     1.004      R3C16B.F0 to      R3C16D.B0 serial_out_115
CTOF_DEL    ---     0.495      R3C16D.B0 to      R3C16D.F0 SLICE_501
ROUTE         1     2.389      R3C16D.F0 to      R3C12D.B0 serial_out_161
CTOF_DEL    ---     0.495      R3C12D.B0 to      R3C12D.F0 SLICE_495
ROUTE         1     1.157      R3C12D.F0 to      R5C12C.D0 serial_out_173
CTOF_DEL    ---     0.495      R5C12C.D0 to      R5C12C.F0 SLICE_493
ROUTE         1     2.534      R5C12C.F0 to       28.PADDO serial_out_c
DOPAD_DEL   ---     2.797       28.PADDO to         28.PAD serial_out
                  --------
                   13.299   (39.3% logic, 60.7% route), 6 logic levels.

Unconstrained Preference:
   CLOCK_TO_OUT PORT "serial_out" CLKPORT "clk" 

Report:   13.253ns delay SLICE_596 to serial_out

   Name    Fanout   Delay (ns)          Site               Resource
REG_DEL     ---     0.452      R5C7D.CLK to       R5C7D.Q0 SLICE_596 (from clk_c)
ROUTE         1     2.930       R5C7D.Q0 to      R3C12B.B0 observe[151]
CTOF_DEL    ---     0.495      R3C12B.B0 to      R3C12B.F0 SLICE_586
ROUTE         1     0.967      R3C12B.F0 to      R3C12D.A1 serial_out_126
CTOF_DEL    ---     0.495      R3C12D.A1 to      R3C12D.F1 SLICE_495
ROUTE         1     0.436      R3C12D.F1 to      R3C12D.C0 serial_out_164
CTOF_DEL    ---     0.495      R3C12D.C0 to      R3C12D.F0 SLICE_495
ROUTE         1     1.157      R3C12D.F0 to      R5C12C.D0 serial_out_173
CTOF_DEL    ---     0.495      R5C12C.D0 to      R5C12C.F0 SLICE_493
ROUTE         1     2.534      R5C12C.F0 to       28.PADDO serial_out_c
DOPAD_DEL   ---     2.797       28.PADDO to         28.PAD serial_out
                  --------
                   13.253   (39.5% logic, 60.5% route), 6 logic levels.

Unconstrained Preference:
   CLOCK_TO_OUT PORT "serial_out" CLKPORT "clk" 

Report:   13.208ns delay SLICE_592 to serial_out

   Name    Fanout   Delay (ns)          Site               Resource
REG_DEL     ---     0.452     R4C15C.CLK to      R4C15C.Q0 SLICE_592 (from clk_c)
ROUTE         1     1.584      R4C15C.Q0 to      R3C16B.D1 observe[105]
CTOF_DEL    ---     0.495      R3C16B.D1 to      R3C16B.F1 SLICE_589
ROUTE         1     0.315      R3C16B.F1 to      R3C16D.D0 serial_out_114
CTOF_DEL    ---     0.495      R3C16D.D0 to      R3C16D.F0 SLICE_501
ROUTE         1     2.389      R3C16D.F0 to      R3C12D.B0 serial_out_161
CTOF_DEL    ---     0.495      R3C12D.B0 to      R3C12D.F0 SLICE_495
ROUTE         1     1.157      R3C12D.F0 to      R5C12C.D0 serial_out_173
CTOF_DEL    ---     0.495      R5C12C.D0 to      R5C12C.F0 SLICE_493
ROUTE         1     2.534      R5C12C.F0 to       28.PADDO serial_out_c
DOPAD_DEL   ---     2.797       28.PADDO to         28.PAD serial_out
                  --------
                   13.208   (39.6% logic, 60.4% route), 6 logic levels.

Unconstrained Preference:
   CLOCK_TO_OUT PORT "serial_out" CLKPORT "clk" 

Report:   13.207ns delay SLICE_494 to serial_out

   Name    Fanout   Delay (ns)          Site               Resource
REG_DEL     ---     0.452     R4C15D.CLK to      R4C15D.Q0 SLICE_494 (from clk_c)
ROUTE         1     0.958      R4C15D.Q0 to      R3C13D.D1 observe[145]
CTOF_DEL    ---     0.495      R3C13D.D1 to      R3C13D.F1 SLICE_503
ROUTE         1     0.436      R3C13D.F1 to      R3C13D.C0 serial_out_124
CTOF_DEL    ---     0.495      R3C13D.C0 to      R3C13D.F0 SLICE_503
ROUTE         1     2.893      R3C13D.F0 to      R3C12D.A0 serial_out_163
CTOF_DEL    ---     0.495      R3C12D.A0 to      R3C12D.F0 SLICE_495
ROUTE         1     1.157      R3C12D.F0 to      R5C12C.D0 serial_out_173
CTOF_DEL    ---     0.495      R5C12C.D0 to      R5C12C.F0 SLICE_493
ROUTE         1     2.534      R5C12C.F0 to       28.PADDO serial_out_c
DOPAD_DEL   ---     2.797       28.PADDO to         28.PAD serial_out
                  --------
                   13.207   (39.6% logic, 60.4% route), 6 logic levels.

Unconstrained Preference:
   CLOCK_TO_OUT PORT "serial_out" CLKPORT "clk" 

Report:   13.175ns delay SLICE_593 to serial_out

   Name    Fanout   Delay (ns)          Site               Resource
REG_DEL     ---     0.452     R8C16B.CLK to      R8C16B.Q0 SLICE_593 (from clk_c)
ROUTE         1     1.551      R8C16B.Q0 to      R3C16B.B1 observe[103]
CTOF_DEL    ---     0.495      R3C16B.B1 to      R3C16B.F1 SLICE_589
ROUTE         1     0.315      R3C16B.F1 to      R3C16D.D0 serial_out_114
CTOF_DEL    ---     0.495      R3C16D.D0 to      R3C16D.F0 SLICE_501
ROUTE         1     2.389      R3C16D.F0 to      R3C12D.B0 serial_out_161
CTOF_DEL    ---     0.495      R3C12D.B0 to      R3C12D.F0 SLICE_495
ROUTE         1     1.157      R3C12D.F0 to      R5C12C.D0 serial_out_173
CTOF_DEL    ---     0.495      R5C12C.D0 to      R5C12C.F0 SLICE_493
ROUTE         1     2.534      R5C12C.F0 to       28.PADDO serial_out_c
DOPAD_DEL   ---     2.797       28.PADDO to         28.PAD serial_out
                  --------
                   13.175   (39.7% logic, 60.3% route), 6 logic levels.

Unconstrained Preference:
   CLOCK_TO_OUT PORT "serial_out" CLKPORT "clk" 

Report:   13.157ns delay SLICE_598 to serial_out

   Name    Fanout   Delay (ns)          Site               Resource
REG_DEL     ---     0.452     R8C16A.CLK to      R8C16A.Q1 SLICE_598 (from clk_c)
ROUTE         1     0.747      R8C16A.Q1 to      R8C16B.C0 observe[62]
CTOF_DEL    ---     0.495      R8C16B.C0 to      R8C16B.F0 SLICE_593
ROUTE         1     0.964      R8C16B.F0 to      R7C16C.A0 serial_out_103
CTOF_DEL    ---     0.495      R7C16C.A0 to      R7C16C.F0 SLICE_499
ROUTE         1     2.405      R7C16C.F0 to      R4C15D.B0 serial_out_158
CTOF_DEL    ---     0.495      R4C15D.B0 to      R4C15D.F0 SLICE_494
ROUTE         1     1.278      R4C15D.F0 to      R5C12C.C0 serial_out_172
CTOF_DEL    ---     0.495      R5C12C.C0 to      R5C12C.F0 SLICE_493
ROUTE         1     2.534      R5C12C.F0 to       28.PADDO serial_out_c
DOPAD_DEL   ---     2.797       28.PADDO to         28.PAD serial_out
                  --------
                   13.157   (39.7% logic, 60.3% route), 6 logic levels.

Unconstrained Preference:
   CLOCK_TO_OUT PORT "serial_out" CLKPORT "clk" 

Report:   13.146ns delay SLICE_86 to serial_out

   Name    Fanout   Delay (ns)          Site               Resource
REG_DEL     ---     0.452     R7C12C.CLK to      R7C12C.Q0 SLICE_86 (from clk_c)
ROUTE         1     1.420      R7C12C.Q0 to      R7C11B.B1 observe[21]
CTOF_DEL    ---     0.495      R7C11B.B1 to      R7C11B.F1 SLICE_239
ROUTE         1     1.385      R7C11B.F1 to      R8C14D.D0 serial_out_93
CTOF_DEL    ---     0.495      R8C14D.D0 to      R8C14D.F0 SLICE_497
ROUTE         1     1.611      R8C14D.F0 to      R5C12C.D1 serial_out_156
CTOF_DEL    ---     0.495      R5C12C.D1 to      R5C12C.F1 SLICE_493
ROUTE         1     0.967      R5C12C.F1 to      R5C12C.A0 serial_out_166
CTOF_DEL    ---     0.495      R5C12C.A0 to      R5C12C.F0 SLICE_493
ROUTE         1     2.534      R5C12C.F0 to       28.PADDO serial_out_c
DOPAD_DEL   ---     2.797       28.PADDO to         28.PAD serial_out
                  --------
                   13.146   (39.8% logic, 60.2% route), 6 logic levels.

Unconstrained Preference:
   CLOCK_TO_OUT PORT "serial_out" CLKPORT "clk" 

Report:   13.144ns delay SLICE_87 to serial_out

   Name    Fanout   Delay (ns)          Site               Resource
REG_DEL     ---     0.452     R8C12D.CLK to      R8C12D.Q1 SLICE_87 (from clk_c)
ROUTE         1     1.383      R8C12D.Q1 to      R8C13A.A1 observe[24]
CTOF_DEL    ---     0.495      R8C13A.A1 to      R8C13A.F1 SLICE_595
ROUTE         1     1.420      R8C13A.F1 to      R8C14D.B0 serial_out_94
CTOF_DEL    ---     0.495      R8C14D.B0 to      R8C14D.F0 SLICE_497
ROUTE         1     1.611      R8C14D.F0 to      R5C12C.D1 serial_out_156
CTOF_DEL    ---     0.495      R5C12C.D1 to      R5C12C.F1 SLICE_493
ROUTE         1     0.967      R5C12C.F1 to      R5C12C.A0 serial_out_166
CTOF_DEL    ---     0.495      R5C12C.A0 to      R5C12C.F0 SLICE_493
ROUTE         1     2.534      R5C12C.F0 to       28.PADDO serial_out_c
DOPAD_DEL   ---     2.797       28.PADDO to         28.PAD serial_out
                  --------
                   13.144   (39.8% logic, 60.2% route), 6 logic levels.

Unconstrained Preference:
   CLOCK_TO_OUT PORT "serial_out" CLKPORT "clk" 

Report:   13.141ns delay SLICE_597 to serial_out

   Name    Fanout   Delay (ns)          Site               Resource
REG_DEL     ---     0.452     R9C15A.CLK to      R9C15A.Q0 SLICE_597 (from clk_c)
ROUTE         1     2.147      R9C15A.Q0 to      R5C15D.C0 observe[67]
CTOF_DEL    ---     0.495      R5C15D.C0 to      R5C15D.F0 SLICE_227
ROUTE         1     0.986      R5C15D.F0 to      R4C15B.A0 serial_out_105
CTOF_DEL    ---     0.495      R4C15B.A0 to      R4C15B.F0 SLICE_500
ROUTE         1     0.967      R4C15B.F0 to      R4C15D.A0 serial_out_159
CTOF_DEL    ---     0.495      R4C15D.A0 to      R4C15D.F0 SLICE_494
ROUTE         1     1.278      R4C15D.F0 to      R5C12C.C0 serial_out_172
CTOF_DEL    ---     0.495      R5C12C.C0 to      R5C12C.F0 SLICE_493
ROUTE         1     2.534      R5C12C.F0 to       28.PADDO serial_out_c
DOPAD_DEL   ---     2.797       28.PADDO to         28.PAD serial_out
                  --------
                   13.141   (39.8% logic, 60.2% route), 6 logic levels.

Unconstrained Preference:
   CLOCK_TO_OUT PORT "serial_out" CLKPORT "clk" 

Report:   13.090ns delay SLICE_497 to serial_out

   Name    Fanout   Delay (ns)          Site               Resource
REG_DEL     ---     0.452     R8C14D.CLK to      R8C14D.Q0 SLICE_497 (from clk_c)
ROUTE         1     2.521      R8C14D.Q0 to      R3C14A.A0 observe[125]
CTOF_DEL    ---     0.495      R3C14A.A0 to      R3C14A.F0 SLICE_588
ROUTE         1     1.004      R3C14A.F0 to      R3C14D.B0 serial_out_119
CTOF_DEL    ---     0.495      R3C14D.B0 to      R3C14D.F0 SLICE_502
ROUTE         1     0.645      R3C14D.F0 to      R3C12D.D0 serial_out_162
CTOF_DEL    ---     0.495      R3C12D.D0 to      R3C12D.F0 SLICE_495
ROUTE         1     1.157      R3C12D.F0 to      R5C12C.D0 serial_out_173
CTOF_DEL    ---     0.495      R5C12C.D0 to      R5C12C.F0 SLICE_493
ROUTE         1     2.534      R5C12C.F0 to       28.PADDO serial_out_c
DOPAD_DEL   ---     2.797       28.PADDO to         28.PAD serial_out
                  --------
                   13.090   (39.9% logic, 60.1% route), 6 logic levels.

Unconstrained Preference:
   CLOCK_TO_OUT PORT "serial_out" CLKPORT "clk" 

Report:   13.036ns delay SLICE_582 to serial_out

   Name    Fanout   Delay (ns)          Site               Resource
REG_DEL     ---     0.452     R8C16D.CLK to      R8C16D.Q1 SLICE_582 (from clk_c)
ROUTE         1     0.967      R8C16D.Q1 to      R8C16B.A1 observe[58]
CTOF_DEL    ---     0.495      R8C16B.A1 to      R8C16B.F1 SLICE_593
ROUTE         1     0.623      R8C16B.F1 to      R7C16C.D0 serial_out_102
CTOF_DEL    ---     0.495      R7C16C.D0 to      R7C16C.F0 SLICE_499
ROUTE         1     2.405      R7C16C.F0 to      R4C15D.B0 serial_out_158
CTOF_DEL    ---     0.495      R4C15D.B0 to      R4C15D.F0 SLICE_494
ROUTE         1     1.278      R4C15D.F0 to      R5C12C.C0 serial_out_172
CTOF_DEL    ---     0.495      R5C12C.C0 to      R5C12C.F0 SLICE_493
ROUTE         1     2.534      R5C12C.F0 to       28.PADDO serial_out_c
DOPAD_DEL   ---     2.797       28.PADDO to         28.PAD serial_out
                  --------
                   13.036   (40.1% logic, 59.9% route), 6 logic levels.

Unconstrained Preference:
   CLOCK_TO_OUT PORT "serial_out" CLKPORT "clk" 

Report:   13.027ns delay SLICE_530 to serial_out

   Name    Fanout   Delay (ns)          Site               Resource
REG_DEL     ---     0.452     R9C17A.CLK to      R9C17A.Q1 SLICE_530 (from clk_c)
ROUTE         1     0.958      R9C17A.Q1 to      R8C16B.D1 observe[56]
CTOF_DEL    ---     0.495      R8C16B.D1 to      R8C16B.F1 SLICE_593
ROUTE         1     0.623      R8C16B.F1 to      R7C16C.D0 serial_out_102
CTOF_DEL    ---     0.495      R7C16C.D0 to      R7C16C.F0 SLICE_499
ROUTE         1     2.405      R7C16C.F0 to      R4C15D.B0 serial_out_158
CTOF_DEL    ---     0.495      R4C15D.B0 to      R4C15D.F0 SLICE_494
ROUTE         1     1.278      R4C15D.F0 to      R5C12C.C0 serial_out_172
CTOF_DEL    ---     0.495      R5C12C.C0 to      R5C12C.F0 SLICE_493
ROUTE         1     2.534      R5C12C.F0 to       28.PADDO serial_out_c
DOPAD_DEL   ---     2.797       28.PADDO to         28.PAD serial_out
                  --------
                   13.027   (40.1% logic, 59.9% route), 6 logic levels.

Unconstrained Preference:
   CLOCK_TO_OUT PORT "serial_out" CLKPORT "clk" 

Report:   13.016ns delay SLICE_486 to serial_out

   Name    Fanout   Delay (ns)          Site               Resource
REG_DEL     ---     0.452     R9C17D.CLK to      R9C17D.Q0 SLICE_486 (from clk_c)
ROUTE         1     2.022      R9C17D.Q0 to      R5C15D.A0 observe[69]
CTOF_DEL    ---     0.495      R5C15D.A0 to      R5C15D.F0 SLICE_227
ROUTE         1     0.986      R5C15D.F0 to      R4C15B.A0 serial_out_105
CTOF_DEL    ---     0.495      R4C15B.A0 to      R4C15B.F0 SLICE_500
ROUTE         1     0.967      R4C15B.F0 to      R4C15D.A0 serial_out_159
CTOF_DEL    ---     0.495      R4C15D.A0 to      R4C15D.F0 SLICE_494
ROUTE         1     1.278      R4C15D.F0 to      R5C12C.C0 serial_out_172
CTOF_DEL    ---     0.495      R5C12C.C0 to      R5C12C.F0 SLICE_493
ROUTE         1     2.534      R5C12C.F0 to       28.PADDO serial_out_c
DOPAD_DEL   ---     2.797       28.PADDO to         28.PAD serial_out
                  --------
                   13.016   (40.2% logic, 59.8% route), 6 logic levels.

Unconstrained Preference:
   CLOCK_TO_OUT PORT "serial_out" CLKPORT "clk" 

Report:   13.015ns delay SLICE_527 to serial_out

   Name    Fanout   Delay (ns)          Site               Resource
REG_DEL     ---     0.452     R4C14D.CLK to      R4C14D.Q1 SLICE_527 (from clk_c)
ROUTE         1     2.692      R4C14D.Q1 to      R4C15C.B0 observe[76]
CTOF_DEL    ---     0.495      R4C15C.B0 to      R4C15C.F0 SLICE_592
ROUTE         1     0.315      R4C15C.F0 to      R4C15B.D0 serial_out_107
CTOF_DEL    ---     0.495      R4C15B.D0 to      R4C15B.F0 SLICE_500
ROUTE         1     0.967      R4C15B.F0 to      R4C15D.A0 serial_out_159
CTOF_DEL    ---     0.495      R4C15D.A0 to      R4C15D.F0 SLICE_494
ROUTE         1     1.278      R4C15D.F0 to      R5C12C.C0 serial_out_172
CTOF_DEL    ---     0.495      R5C12C.C0 to      R5C12C.F0 SLICE_493
ROUTE         1     2.534      R5C12C.F0 to       28.PADDO serial_out_c
DOPAD_DEL   ---     2.797       28.PADDO to         28.PAD serial_out
                  --------
                   13.015   (40.2% logic, 59.8% route), 6 logic levels.

Unconstrained Preference:
   CLOCK_TO_OUT PORT "serial_out" CLKPORT "clk" 

Report:   12.972ns delay SLICE_486 to serial_out

   Name    Fanout   Delay (ns)          Site               Resource
REG_DEL     ---     0.452     R9C17D.CLK to      R9C17D.Q1 SLICE_486 (from clk_c)
ROUTE         1     1.978      R9C17D.Q1 to      R5C15D.B0 observe[70]
CTOF_DEL    ---     0.495      R5C15D.B0 to      R5C15D.F0 SLICE_227
ROUTE         1     0.986      R5C15D.F0 to      R4C15B.A0 serial_out_105
CTOF_DEL    ---     0.495      R4C15B.A0 to      R4C15B.F0 SLICE_500
ROUTE         1     0.967      R4C15B.F0 to      R4C15D.A0 serial_out_159
CTOF_DEL    ---     0.495      R4C15D.A0 to      R4C15D.F0 SLICE_494
ROUTE         1     1.278      R4C15D.F0 to      R5C12C.C0 serial_out_172
CTOF_DEL    ---     0.495      R5C12C.C0 to      R5C12C.F0 SLICE_493
ROUTE         1     2.534      R5C12C.F0 to       28.PADDO serial_out_c
DOPAD_DEL   ---     2.797       28.PADDO to         28.PAD serial_out
                  --------
                   12.972   (40.3% logic, 59.7% route), 6 logic levels.

Unconstrained Preference:
   CLOCK_TO_OUT PORT "serial_out" CLKPORT "clk" 

Report:   12.959ns delay SLICE_484 to serial_out

   Name    Fanout   Delay (ns)          Site               Resource
REG_DEL     ---     0.452     R8C16C.CLK to      R8C16C.Q0 SLICE_484 (from clk_c)
ROUTE         1     1.584      R8C16C.Q0 to      R9C14A.D0 observe[37]
CTOF_DEL    ---     0.495      R9C14A.D0 to      R9C14A.F0 SLICE_238
ROUTE         1     1.299      R9C14A.F0 to      R7C15B.A0 serial_out_97
CTOF_DEL    ---     0.495      R7C15B.A0 to      R7C15B.F0 SLICE_498
ROUTE         1     1.035      R7C15B.F0 to      R4C15D.D0 serial_out_157
CTOF_DEL    ---     0.495      R4C15D.D0 to      R4C15D.F0 SLICE_494
ROUTE         1     1.278      R4C15D.F0 to      R5C12C.C0 serial_out_172
CTOF_DEL    ---     0.495      R5C12C.C0 to      R5C12C.F0 SLICE_493
ROUTE         1     2.534      R5C12C.F0 to       28.PADDO serial_out_c
DOPAD_DEL   ---     2.797       28.PADDO to         28.PAD serial_out
                  --------
                   12.959   (40.4% logic, 59.6% route), 6 logic levels.

Unconstrained Preference:
   CLOCK_TO_OUT PORT "serial_out" CLKPORT "clk" 

Report:   12.923ns delay SLICE_592 to serial_out

   Name    Fanout   Delay (ns)          Site               Resource
REG_DEL     ---     0.452     R4C15C.CLK to      R4C15C.Q1 SLICE_592 (from clk_c)
ROUTE         1     1.299      R4C15C.Q1 to      R3C16B.A1 observe[106]
CTOF_DEL    ---     0.495      R3C16B.A1 to      R3C16B.F1 SLICE_589
ROUTE         1     0.315      R3C16B.F1 to      R3C16D.D0 serial_out_114
CTOF_DEL    ---     0.495      R3C16D.D0 to      R3C16D.F0 SLICE_501
ROUTE         1     2.389      R3C16D.F0 to      R3C12D.B0 serial_out_161
CTOF_DEL    ---     0.495      R3C12D.B0 to      R3C12D.F0 SLICE_495
ROUTE         1     1.157      R3C12D.F0 to      R5C12C.D0 serial_out_173
CTOF_DEL    ---     0.495      R5C12C.D0 to      R5C12C.F0 SLICE_493
ROUTE         1     2.534      R5C12C.F0 to       28.PADDO serial_out_c
DOPAD_DEL   ---     2.797       28.PADDO to         28.PAD serial_out
                  --------
                   12.923   (40.5% logic, 59.5% route), 6 logic levels.

Unconstrained Preference:
   CLOCK_TO_OUT PORT "serial_out" CLKPORT "clk" 

Report:   12.918ns delay SLICE_489 to serial_out

   Name    Fanout   Delay (ns)          Site               Resource
REG_DEL     ---     0.452     R9C16C.CLK to      R9C16C.Q0 SLICE_489 (from clk_c)
ROUTE         1     2.217      R9C16C.Q0 to      R4C15C.A1 observe[71]
CTOF_DEL    ---     0.495      R4C15C.A1 to      R4C15C.F1 SLICE_592
ROUTE         1     0.693      R4C15C.F1 to      R4C15B.B0 serial_out_106
CTOF_DEL    ---     0.495      R4C15B.B0 to      R4C15B.F0 SLICE_500
ROUTE         1     0.967      R4C15B.F0 to      R4C15D.A0 serial_out_159
CTOF_DEL    ---     0.495      R4C15D.A0 to      R4C15D.F0 SLICE_494
ROUTE         1     1.278      R4C15D.F0 to      R5C12C.C0 serial_out_172
CTOF_DEL    ---     0.495      R5C12C.C0 to      R5C12C.F0 SLICE_493
ROUTE         1     2.534      R5C12C.F0 to       28.PADDO serial_out_c
DOPAD_DEL   ---     2.797       28.PADDO to         28.PAD serial_out
                  --------
                   12.918   (40.5% logic, 59.5% route), 6 logic levels.

Unconstrained Preference:
   CLOCK_TO_OUT PORT "serial_out" CLKPORT "clk" 

Report:   12.910ns delay SLICE_485 to serial_out

   Name    Fanout   Delay (ns)          Site               Resource
REG_DEL     ---     0.452     R9C14D.CLK to      R9C14D.Q1 SLICE_485 (from clk_c)
ROUTE         1     1.535      R9C14D.Q1 to      R9C14A.B0 observe[36]
CTOF_DEL    ---     0.495      R9C14A.B0 to      R9C14A.F0 SLICE_238
ROUTE         1     1.299      R9C14A.F0 to      R7C15B.A0 serial_out_97
CTOF_DEL    ---     0.495      R7C15B.A0 to      R7C15B.F0 SLICE_498
ROUTE         1     1.035      R7C15B.F0 to      R4C15D.D0 serial_out_157
CTOF_DEL    ---     0.495      R4C15D.D0 to      R4C15D.F0 SLICE_494
ROUTE         1     1.278      R4C15D.F0 to      R5C12C.C0 serial_out_172
CTOF_DEL    ---     0.495      R5C12C.C0 to      R5C12C.F0 SLICE_493
ROUTE         1     2.534      R5C12C.F0 to       28.PADDO serial_out_c
DOPAD_DEL   ---     2.797       28.PADDO to         28.PAD serial_out
                  --------
                   12.910   (40.5% logic, 59.5% route), 6 logic levels.

Unconstrained Preference:
   CLOCK_TO_OUT PORT "serial_out" CLKPORT "clk" 

Report:   12.896ns delay SLICE_82 to serial_out

   Name    Fanout   Delay (ns)          Site               Resource
REG_DEL     ---     0.452      R4C4B.CLK to       R4C4B.Q0 SLICE_82 (from clk_c)
ROUTE         1     1.584       R4C4B.Q0 to       R4C6B.D0 observe[13]
CTOF_DEL    ---     0.495       R4C6B.D0 to       R4C6B.F0 SLICE_325
ROUTE         1     0.436       R4C6B.F0 to       R4C6B.C1 serial_out_6
CTOF_DEL    ---     0.495       R4C6B.C1 to       R4C6B.F1 SLICE_325
ROUTE         1     2.146       R4C6B.F1 to      R5C12C.A1 serial_out_134
CTOF_DEL    ---     0.495      R5C12C.A1 to      R5C12C.F1 SLICE_493
ROUTE         1     0.967      R5C12C.F1 to      R5C12C.A0 serial_out_166
CTOF_DEL    ---     0.495      R5C12C.A0 to      R5C12C.F0 SLICE_493
ROUTE         1     2.534      R5C12C.F0 to       28.PADDO serial_out_c
DOPAD_DEL   ---     2.797       28.PADDO to         28.PAD serial_out
                  --------
                   12.896   (40.5% logic, 59.5% route), 6 logic levels.

Unconstrained Preference:
   CLOCK_TO_OUT PORT "serial_out" CLKPORT "clk" 

Report:   12.849ns delay SLICE_324 to serial_out

   Name    Fanout   Delay (ns)          Site               Resource
REG_DEL     ---     0.452     R7C16D.CLK to      R7C16D.Q1 SLICE_324 (from clk_c)
ROUTE         1     0.967      R7C16D.Q1 to      R7C16C.A1 observe[64]
CTOF_DEL    ---     0.495      R7C16C.A1 to      R7C16C.F1 SLICE_499
ROUTE         1     0.436      R7C16C.F1 to      R7C16C.C0 serial_out_104
CTOF_DEL    ---     0.495      R7C16C.C0 to      R7C16C.F0 SLICE_499
ROUTE         1     2.405      R7C16C.F0 to      R4C15D.B0 serial_out_158
CTOF_DEL    ---     0.495      R4C15D.B0 to      R4C15D.F0 SLICE_494
ROUTE         1     1.278      R4C15D.F0 to      R5C12C.C0 serial_out_172
CTOF_DEL    ---     0.495      R5C12C.C0 to      R5C12C.F0 SLICE_493
ROUTE         1     2.534      R5C12C.F0 to       28.PADDO serial_out_c
DOPAD_DEL   ---     2.797       28.PADDO to         28.PAD serial_out
                  --------
                   12.849   (40.7% logic, 59.3% route), 6 logic levels.

Unconstrained Preference:
   CLOCK_TO_OUT PORT "serial_out" CLKPORT "clk" 

Report:   12.832ns delay SLICE_585 to serial_out

   Name    Fanout   Delay (ns)          Site               Resource
REG_DEL     ---     0.452     R3C12A.CLK to      R3C12A.Q0 SLICE_585 (from clk_c)
ROUTE         1     2.300      R3C12A.Q0 to      R3C14A.A1 observe[119]
CTOF_DEL    ---     0.495      R3C14A.A1 to      R3C14A.F1 SLICE_588
ROUTE         1     0.967      R3C14A.F1 to      R3C14D.A0 serial_out_118
CTOF_DEL    ---     0.495      R3C14D.A0 to      R3C14D.F0 SLICE_502
ROUTE         1     0.645      R3C14D.F0 to      R3C12D.D0 serial_out_162
CTOF_DEL    ---     0.495      R3C12D.D0 to      R3C12D.F0 SLICE_495
ROUTE         1     1.157      R3C12D.F0 to      R5C12C.D0 serial_out_173
CTOF_DEL    ---     0.495      R5C12C.D0 to      R5C12C.F0 SLICE_493
ROUTE         1     2.534      R5C12C.F0 to       28.PADDO serial_out_c
DOPAD_DEL   ---     2.797       28.PADDO to         28.PAD serial_out
                  --------
                   12.832   (40.7% logic, 59.3% route), 6 logic levels.

Unconstrained Preference:
   CLOCK_TO_OUT PORT "serial_out" CLKPORT "clk" 

Report:   12.830ns delay SLICE_323 to serial_out

   Name    Fanout   Delay (ns)          Site               Resource
REG_DEL     ---     0.452     R9C15B.CLK to      R9C15B.Q0 SLICE_323 (from clk_c)
ROUTE         1     2.053      R9C15B.Q0 to      R8C14D.A1 observe[33]
CTOF_DEL    ---     0.495      R8C14D.A1 to      R8C14D.F1 SLICE_497
ROUTE         1     0.436      R8C14D.F1 to      R8C14D.C0 serial_out_96
CTOF_DEL    ---     0.495      R8C14D.C0 to      R8C14D.F0 SLICE_497
ROUTE         1     1.611      R8C14D.F0 to      R5C12C.D1 serial_out_156
CTOF_DEL    ---     0.495      R5C12C.D1 to      R5C12C.F1 SLICE_493
ROUTE         1     0.967      R5C12C.F1 to      R5C12C.A0 serial_out_166
CTOF_DEL    ---     0.495      R5C12C.A0 to      R5C12C.F0 SLICE_493
ROUTE         1     2.534      R5C12C.F0 to       28.PADDO serial_out_c
DOPAD_DEL   ---     2.797       28.PADDO to         28.PAD serial_out
                  --------
                   12.830   (40.8% logic, 59.2% route), 6 logic levels.

Unconstrained Preference:
   CLOCK_TO_OUT PORT "serial_out" CLKPORT "clk" 

Report:   12.816ns delay SLICE_582 to serial_out

   Name    Fanout   Delay (ns)          Site               Resource
REG_DEL     ---     0.452     R8C16D.CLK to      R8C16D.Q0 SLICE_582 (from clk_c)
ROUTE         1     0.747      R8C16D.Q0 to      R8C16B.C1 observe[57]
CTOF_DEL    ---     0.495      R8C16B.C1 to      R8C16B.F1 SLICE_593
ROUTE         1     0.623      R8C16B.F1 to      R7C16C.D0 serial_out_102
CTOF_DEL    ---     0.495      R7C16C.D0 to      R7C16C.F0 SLICE_499
ROUTE         1     2.405      R7C16C.F0 to      R4C15D.B0 serial_out_158
CTOF_DEL    ---     0.495      R4C15D.B0 to      R4C15D.F0 SLICE_494
ROUTE         1     1.278      R4C15D.F0 to      R5C12C.C0 serial_out_172
CTOF_DEL    ---     0.495      R5C12C.C0 to      R5C12C.F0 SLICE_493
ROUTE         1     2.534      R5C12C.F0 to       28.PADDO serial_out_c
DOPAD_DEL   ---     2.797       28.PADDO to         28.PAD serial_out
                  --------
                   12.816   (40.8% logic, 59.2% route), 6 logic levels.

Unconstrained Preference:
   CLOCK_TO_OUT PORT "serial_out" CLKPORT "clk" 

Report:   12.788ns delay SLICE_484 to serial_out

   Name    Fanout   Delay (ns)          Site               Resource
REG_DEL     ---     0.452     R8C16C.CLK to      R8C16C.Q1 SLICE_484 (from clk_c)
ROUTE         1     1.413      R8C16C.Q1 to      R9C14A.A0 observe[38]
CTOF_DEL    ---     0.495      R9C14A.A0 to      R9C14A.F0 SLICE_238
ROUTE         1     1.299      R9C14A.F0 to      R7C15B.A0 serial_out_97
CTOF_DEL    ---     0.495      R7C15B.A0 to      R7C15B.F0 SLICE_498
ROUTE         1     1.035      R7C15B.F0 to      R4C15D.D0 serial_out_157
CTOF_DEL    ---     0.495      R4C15D.D0 to      R4C15D.F0 SLICE_494
ROUTE         1     1.278      R4C15D.F0 to      R5C12C.C0 serial_out_172
CTOF_DEL    ---     0.495      R5C12C.C0 to      R5C12C.F0 SLICE_493
ROUTE         1     2.534      R5C12C.F0 to       28.PADDO serial_out_c
DOPAD_DEL   ---     2.797       28.PADDO to         28.PAD serial_out
                  --------
                   12.788   (40.9% logic, 59.1% route), 6 logic levels.

Unconstrained Preference:
   CLOCK_TO_OUT PORT "serial_out" CLKPORT "clk" 

Report:   12.762ns delay SLICE_482 to serial_out

   Name    Fanout   Delay (ns)          Site               Resource
REG_DEL     ---     0.452     R8C14B.CLK to      R8C14B.Q1 SLICE_482 (from clk_c)
ROUTE         1     1.001      R8C14B.Q1 to      R8C13A.B1 observe[26]
CTOF_DEL    ---     0.495      R8C13A.B1 to      R8C13A.F1 SLICE_595
ROUTE         1     1.420      R8C13A.F1 to      R8C14D.B0 serial_out_94
CTOF_DEL    ---     0.495      R8C14D.B0 to      R8C14D.F0 SLICE_497
ROUTE         1     1.611      R8C14D.F0 to      R5C12C.D1 serial_out_156
CTOF_DEL    ---     0.495      R5C12C.D1 to      R5C12C.F1 SLICE_493
ROUTE         1     0.967      R5C12C.F1 to      R5C12C.A0 serial_out_166
CTOF_DEL    ---     0.495      R5C12C.A0 to      R5C12C.F0 SLICE_493
ROUTE         1     2.534      R5C12C.F0 to       28.PADDO serial_out_c
DOPAD_DEL   ---     2.797       28.PADDO to         28.PAD serial_out
                  --------
                   12.762   (41.0% logic, 59.0% route), 6 logic levels.

Unconstrained Preference:
   CLOCK_TO_OUT PORT "serial_out" CLKPORT "clk" 

Report:   12.718ns delay SLICE_487 to serial_out

   Name    Fanout   Delay (ns)          Site               Resource
REG_DEL     ---     0.452     R8C17C.CLK to      R8C17C.Q1 SLICE_487 (from clk_c)
ROUTE         1     1.413      R8C17C.Q1 to      R8C13A.A0 observe[30]
CTOF_DEL    ---     0.495      R8C13A.A0 to      R8C13A.F0 SLICE_595
ROUTE         1     0.964      R8C13A.F0 to      R8C14D.A0 serial_out_95
CTOF_DEL    ---     0.495      R8C14D.A0 to      R8C14D.F0 SLICE_497
ROUTE         1     1.611      R8C14D.F0 to      R5C12C.D1 serial_out_156
CTOF_DEL    ---     0.495      R5C12C.D1 to      R5C12C.F1 SLICE_493
ROUTE         1     0.967      R5C12C.F1 to      R5C12C.A0 serial_out_166
CTOF_DEL    ---     0.495      R5C12C.A0 to      R5C12C.F0 SLICE_493
ROUTE         1     2.534      R5C12C.F0 to       28.PADDO serial_out_c
DOPAD_DEL   ---     2.797       28.PADDO to         28.PAD serial_out
                  --------
                   12.718   (41.1% logic, 58.9% route), 6 logic levels.

Unconstrained Preference:
   CLOCK_TO_OUT PORT "serial_out" CLKPORT "clk" 

Report:   12.712ns delay SLICE_86 to serial_out

   Name    Fanout   Delay (ns)          Site               Resource
REG_DEL     ---     0.452     R7C12C.CLK to      R7C12C.Q1 SLICE_86 (from clk_c)
ROUTE         1     0.986      R7C12C.Q1 to      R7C11B.A1 observe[22]
CTOF_DEL    ---     0.495      R7C11B.A1 to      R7C11B.F1 SLICE_239
ROUTE         1     1.385      R7C11B.F1 to      R8C14D.D0 serial_out_93
CTOF_DEL    ---     0.495      R8C14D.D0 to      R8C14D.F0 SLICE_497
ROUTE         1     1.611      R8C14D.F0 to      R5C12C.D1 serial_out_156
CTOF_DEL    ---     0.495      R5C12C.D1 to      R5C12C.F1 SLICE_493
ROUTE         1     0.967      R5C12C.F1 to      R5C12C.A0 serial_out_166
CTOF_DEL    ---     0.495      R5C12C.A0 to      R5C12C.F0 SLICE_493
ROUTE         1     2.534      R5C12C.F0 to       28.PADDO serial_out_c
DOPAD_DEL   ---     2.797       28.PADDO to         28.PAD serial_out
                  --------
                   12.712   (41.1% logic, 58.9% route), 6 logic levels.

Unconstrained Preference:
   CLOCK_TO_OUT PORT "serial_out" CLKPORT "clk" 

Report:   12.703ns delay SLICE_489 to serial_out

   Name    Fanout   Delay (ns)          Site               Resource
REG_DEL     ---     0.452     R9C16C.CLK to      R9C16C.Q1 SLICE_489 (from clk_c)
ROUTE         1     2.002      R9C16C.Q1 to      R4C15C.D1 observe[72]
CTOF_DEL    ---     0.495      R4C15C.D1 to      R4C15C.F1 SLICE_592
ROUTE         1     0.693      R4C15C.F1 to      R4C15B.B0 serial_out_106
CTOF_DEL    ---     0.495      R4C15B.B0 to      R4C15B.F0 SLICE_500
ROUTE         1     0.967      R4C15B.F0 to      R4C15D.A0 serial_out_159
CTOF_DEL    ---     0.495      R4C15D.A0 to      R4C15D.F0 SLICE_494
ROUTE         1     1.278      R4C15D.F0 to      R5C12C.C0 serial_out_172
CTOF_DEL    ---     0.495      R5C12C.C0 to      R5C12C.F0 SLICE_493
ROUTE         1     2.534      R5C12C.F0 to       28.PADDO serial_out_c
DOPAD_DEL   ---     2.797       28.PADDO to         28.PAD serial_out
                  --------
                   12.703   (41.2% logic, 58.8% route), 6 logic levels.

Unconstrained Preference:
   CLOCK_TO_OUT PORT "serial_out" CLKPORT "clk" 

Report:   12.700ns delay SLICE_483 to serial_out

   Name    Fanout   Delay (ns)          Site               Resource
REG_DEL     ---     0.452    R10C15C.CLK to     R10C15C.Q0 SLICE_483 (from clk_c)
ROUTE         1     0.747     R10C15C.Q0 to     R10C15A.C1 observe[41]
CTOF_DEL    ---     0.495     R10C15A.C1 to     R10C15A.F1 SLICE_594
ROUTE         1     1.877     R10C15A.F1 to      R7C15B.B0 serial_out_98
CTOF_DEL    ---     0.495      R7C15B.B0 to      R7C15B.F0 SLICE_498
ROUTE         1     1.035      R7C15B.F0 to      R4C15D.D0 serial_out_157
CTOF_DEL    ---     0.495      R4C15D.D0 to      R4C15D.F0 SLICE_494
ROUTE         1     1.278      R4C15D.F0 to      R5C12C.C0 serial_out_172
CTOF_DEL    ---     0.495      R5C12C.C0 to      R5C12C.F0 SLICE_493
ROUTE         1     2.534      R5C12C.F0 to       28.PADDO serial_out_c
DOPAD_DEL   ---     2.797       28.PADDO to         28.PAD serial_out
                  --------
                   12.700   (41.2% logic, 58.8% route), 6 logic levels.

Unconstrained Preference:
   CLOCK_TO_OUT PORT "serial_out" CLKPORT "clk" 

Report:   12.666ns delay SLICE_597 to serial_out

   Name    Fanout   Delay (ns)          Site               Resource
REG_DEL     ---     0.452     R9C15A.CLK to      R9C15A.Q1 SLICE_597 (from clk_c)
ROUTE         1     1.672      R9C15A.Q1 to      R5C15D.D0 observe[68]
CTOF_DEL    ---     0.495      R5C15D.D0 to      R5C15D.F0 SLICE_227
ROUTE         1     0.986      R5C15D.F0 to      R4C15B.A0 serial_out_105
CTOF_DEL    ---     0.495      R4C15B.A0 to      R4C15B.F0 SLICE_500
ROUTE         1     0.967      R4C15B.F0 to      R4C15D.A0 serial_out_159
CTOF_DEL    ---     0.495      R4C15D.A0 to      R4C15D.F0 SLICE_494
ROUTE         1     1.278      R4C15D.F0 to      R5C12C.C0 serial_out_172
CTOF_DEL    ---     0.495      R5C12C.C0 to      R5C12C.F0 SLICE_493
ROUTE         1     2.534      R5C12C.F0 to       28.PADDO serial_out_c
DOPAD_DEL   ---     2.797       28.PADDO to         28.PAD serial_out
                  --------
                   12.666   (41.3% logic, 58.7% route), 6 logic levels.

Unconstrained Preference:
   CLOCK_TO_OUT PORT "serial_out" CLKPORT "clk" 

Report:   12.661ns delay SLICE_76 to serial_out

   Name    Fanout   Delay (ns)          Site               Resource
REG_DEL     ---     0.452     R2C16C.CLK to      R2C16C.Q0 SLICE_76 (from clk_c)
ROUTE         1     1.877      R2C16C.Q0 to      R3C17B.B1 observe[0]
CTOF_DEL    ---     0.495      R3C17B.B1 to      R3C17B.F1 SLICE_504
ROUTE         1     0.436      R3C17B.F1 to      R3C17B.C0 serial_out_0
CTOF_DEL    ---     0.495      R3C17B.C0 to      R3C17B.F0 SLICE_504
ROUTE         1     1.581      R3C17B.F0 to      R5C12B.C0 serial_out_132
CTOF_DEL    ---     0.495      R5C12B.C0 to      R5C12B.F0 SLICE_496
ROUTE         1     1.004      R5C12B.F0 to      R5C12C.B0 serial_out_165
CTOF_DEL    ---     0.495      R5C12C.B0 to      R5C12C.F0 SLICE_493
ROUTE         1     2.534      R5C12C.F0 to       28.PADDO serial_out_c
DOPAD_DEL   ---     2.797       28.PADDO to         28.PAD serial_out
                  --------
                   12.661   (41.3% logic, 58.7% route), 6 logic levels.

Unconstrained Preference:
   CLOCK_TO_OUT PORT "serial_out" CLKPORT "clk" 

Report:   12.641ns delay SLICE_296 to serial_out

   Name    Fanout   Delay (ns)          Site               Resource
REG_DEL     ---     0.452     R9C14B.CLK to      R9C14B.Q0 SLICE_296 (from clk_c)
ROUTE         1     1.336      R9C14B.Q0 to      R8C13A.B0 observe[27]
CTOF_DEL    ---     0.495      R8C13A.B0 to      R8C13A.F0 SLICE_595
ROUTE         1     0.964      R8C13A.F0 to      R8C14D.A0 serial_out_95
CTOF_DEL    ---     0.495      R8C14D.A0 to      R8C14D.F0 SLICE_497
ROUTE         1     1.611      R8C14D.F0 to      R5C12C.D1 serial_out_156
CTOF_DEL    ---     0.495      R5C12C.D1 to      R5C12C.F1 SLICE_493
ROUTE         1     0.967      R5C12C.F1 to      R5C12C.A0 serial_out_166
CTOF_DEL    ---     0.495      R5C12C.A0 to      R5C12C.F0 SLICE_493
ROUTE         1     2.534      R5C12C.F0 to       28.PADDO serial_out_c
DOPAD_DEL   ---     2.797       28.PADDO to         28.PAD serial_out
                  --------
                   12.641   (41.4% logic, 58.6% route), 6 logic levels.

Unconstrained Preference:
   CLOCK_TO_OUT PORT "serial_out" CLKPORT "clk" 

Report:   12.626ns delay SLICE_583 to serial_out

   Name    Fanout   Delay (ns)          Site               Resource
REG_DEL     ---     0.452     R7C17D.CLK to      R7C17D.Q1 SLICE_583 (from clk_c)
ROUTE         1     0.744      R7C17D.Q1 to      R7C16C.C1 observe[66]
CTOF_DEL    ---     0.495      R7C16C.C1 to      R7C16C.F1 SLICE_499
ROUTE         1     0.436      R7C16C.F1 to      R7C16C.C0 serial_out_104
CTOF_DEL    ---     0.495      R7C16C.C0 to      R7C16C.F0 SLICE_499
ROUTE         1     2.405      R7C16C.F0 to      R4C15D.B0 serial_out_158
CTOF_DEL    ---     0.495      R4C15D.B0 to      R4C15D.F0 SLICE_494
ROUTE         1     1.278      R4C15D.F0 to      R5C12C.C0 serial_out_172
CTOF_DEL    ---     0.495      R5C12C.C0 to      R5C12C.F0 SLICE_493
ROUTE         1     2.534      R5C12C.F0 to       28.PADDO serial_out_c
DOPAD_DEL   ---     2.797       28.PADDO to         28.PAD serial_out
                  --------
                   12.626   (41.4% logic, 58.6% route), 6 logic levels.

Unconstrained Preference:
   CLOCK_TO_OUT PORT "serial_out" CLKPORT "clk" 

Report:   12.583ns delay SLICE_296 to serial_out

   Name    Fanout   Delay (ns)          Site               Resource
REG_DEL     ---     0.452     R9C14B.CLK to      R9C14B.Q1 SLICE_296 (from clk_c)
ROUTE         1     1.278      R9C14B.Q1 to      R8C13A.C0 observe[28]
CTOF_DEL    ---     0.495      R8C13A.C0 to      R8C13A.F0 SLICE_595
ROUTE         1     0.964      R8C13A.F0 to      R8C14D.A0 serial_out_95
CTOF_DEL    ---     0.495      R8C14D.A0 to      R8C14D.F0 SLICE_497
ROUTE         1     1.611      R8C14D.F0 to      R5C12C.D1 serial_out_156
CTOF_DEL    ---     0.495      R5C12C.D1 to      R5C12C.F1 SLICE_493
ROUTE         1     0.967      R5C12C.F1 to      R5C12C.A0 serial_out_166
CTOF_DEL    ---     0.495      R5C12C.A0 to      R5C12C.F0 SLICE_493
ROUTE         1     2.534      R5C12C.F0 to       28.PADDO serial_out_c
DOPAD_DEL   ---     2.797       28.PADDO to         28.PAD serial_out
                  --------
                   12.583   (41.6% logic, 58.4% route), 6 logic levels.

Unconstrained Preference:
   CLOCK_TO_OUT PORT "serial_out" CLKPORT "clk" 

Report:   12.579ns delay SLICE_483 to serial_out

   Name    Fanout   Delay (ns)          Site               Resource
REG_DEL     ---     0.452    R10C15C.CLK to     R10C15C.Q1 SLICE_483 (from clk_c)
ROUTE         1     0.626     R10C15C.Q1 to     R10C15A.D1 observe[42]
CTOF_DEL    ---     0.495     R10C15A.D1 to     R10C15A.F1 SLICE_594
ROUTE         1     1.877     R10C15A.F1 to      R7C15B.B0 serial_out_98
CTOF_DEL    ---     0.495      R7C15B.B0 to      R7C15B.F0 SLICE_498
ROUTE         1     1.035      R7C15B.F0 to      R4C15D.D0 serial_out_157
CTOF_DEL    ---     0.495      R4C15D.D0 to      R4C15D.F0 SLICE_494
ROUTE         1     1.278      R4C15D.F0 to      R5C12C.C0 serial_out_172
CTOF_DEL    ---     0.495      R5C12C.C0 to      R5C12C.F0 SLICE_493
ROUTE         1     2.534      R5C12C.F0 to       28.PADDO serial_out_c
DOPAD_DEL   ---     2.797       28.PADDO to         28.PAD serial_out
                  --------
                   12.579   (41.6% logic, 58.4% route), 6 logic levels.

Unconstrained Preference:
   CLOCK_TO_OUT PORT "serial_out" CLKPORT "clk" 

Report:   12.559ns delay SLICE_322 to serial_out

   Name    Fanout   Delay (ns)          Site               Resource
REG_DEL     ---     0.452    R10C15D.CLK to     R10C15D.Q0 SLICE_322 (from clk_c)
ROUTE         1     1.299     R10C15D.Q0 to     R10C15A.A0 observe[43]
CTOF_DEL    ---     0.495     R10C15A.A0 to     R10C15A.F0 SLICE_594
ROUTE         1     1.184     R10C15A.F0 to      R7C15B.D0 serial_out_99
CTOF_DEL    ---     0.495      R7C15B.D0 to      R7C15B.F0 SLICE_498
ROUTE         1     1.035      R7C15B.F0 to      R4C15D.D0 serial_out_157
CTOF_DEL    ---     0.495      R4C15D.D0 to      R4C15D.F0 SLICE_494
ROUTE         1     1.278      R4C15D.F0 to      R5C12C.C0 serial_out_172
CTOF_DEL    ---     0.495      R5C12C.C0 to      R5C12C.F0 SLICE_493
ROUTE         1     2.534      R5C12C.F0 to       28.PADDO serial_out_c
DOPAD_DEL   ---     2.797       28.PADDO to         28.PAD serial_out
                  --------
                   12.559   (41.6% logic, 58.4% route), 6 logic levels.

Unconstrained Preference:
   CLOCK_TO_OUT PORT "serial_out" CLKPORT "clk" 

Report:   12.511ns delay SLICE_588 to serial_out

   Name    Fanout   Delay (ns)          Site               Resource
REG_DEL     ---     0.452     R3C14A.CLK to      R3C14A.Q1 SLICE_588 (from clk_c)
ROUTE         1     0.766      R3C14A.Q1 to      R3C16D.C1 observe[114]
CTOF_DEL    ---     0.495      R3C16D.C1 to      R3C16D.F1 SLICE_501
ROUTE         1     0.436      R3C16D.F1 to      R3C16D.C0 serial_out_116
CTOF_DEL    ---     0.495      R3C16D.C0 to      R3C16D.F0 SLICE_501
ROUTE         1     2.389      R3C16D.F0 to      R3C12D.B0 serial_out_161
CTOF_DEL    ---     0.495      R3C12D.B0 to      R3C12D.F0 SLICE_495
ROUTE         1     1.157      R3C12D.F0 to      R5C12C.D0 serial_out_173
CTOF_DEL    ---     0.495      R5C12C.D0 to      R5C12C.F0 SLICE_493
ROUTE         1     2.534      R5C12C.F0 to       28.PADDO serial_out_c
DOPAD_DEL   ---     2.797       28.PADDO to         28.PAD serial_out
                  --------
                   12.511   (41.8% logic, 58.2% route), 6 logic levels.

Unconstrained Preference:
   CLOCK_TO_OUT PORT "serial_out" CLKPORT "clk" 

Report:   12.508ns delay SLICE_324 to serial_out

   Name    Fanout   Delay (ns)          Site               Resource
REG_DEL     ---     0.452     R7C16D.CLK to      R7C16D.Q0 SLICE_324 (from clk_c)
ROUTE         1     0.626      R7C16D.Q0 to      R7C16C.D1 observe[63]
CTOF_DEL    ---     0.495      R7C16C.D1 to      R7C16C.F1 SLICE_499
ROUTE         1     0.436      R7C16C.F1 to      R7C16C.C0 serial_out_104
CTOF_DEL    ---     0.495      R7C16C.C0 to      R7C16C.F0 SLICE_499
ROUTE         1     2.405      R7C16C.F0 to      R4C15D.B0 serial_out_158
CTOF_DEL    ---     0.495      R4C15D.B0 to      R4C15D.F0 SLICE_494
ROUTE         1     1.278      R4C15D.F0 to      R5C12C.C0 serial_out_172
CTOF_DEL    ---     0.495      R5C12C.C0 to      R5C12C.F0 SLICE_493
ROUTE         1     2.534      R5C12C.F0 to       28.PADDO serial_out_c
DOPAD_DEL   ---     2.797       28.PADDO to         28.PAD serial_out
                  --------
                   12.508   (41.8% logic, 58.2% route), 6 logic levels.

Unconstrained Preference:
   CLOCK_TO_OUT PORT "serial_out" CLKPORT "clk" 

Report:   12.505ns delay SLICE_482 to serial_out

   Name    Fanout   Delay (ns)          Site               Resource
REG_DEL     ---     0.452     R8C14B.CLK to      R8C14B.Q0 SLICE_482 (from clk_c)
ROUTE         1     0.744      R8C14B.Q0 to      R8C13A.C1 observe[25]
CTOF_DEL    ---     0.495      R8C13A.C1 to      R8C13A.F1 SLICE_595
ROUTE         1     1.420      R8C13A.F1 to      R8C14D.B0 serial_out_94
CTOF_DEL    ---     0.495      R8C14D.B0 to      R8C14D.F0 SLICE_497
ROUTE         1     1.611      R8C14D.F0 to      R5C12C.D1 serial_out_156
CTOF_DEL    ---     0.495      R5C12C.D1 to      R5C12C.F1 SLICE_493
ROUTE         1     0.967      R5C12C.F1 to      R5C12C.A0 serial_out_166
CTOF_DEL    ---     0.495      R5C12C.A0 to      R5C12C.F0 SLICE_493
ROUTE         1     2.534      R5C12C.F0 to       28.PADDO serial_out_c
DOPAD_DEL   ---     2.797       28.PADDO to         28.PAD serial_out
                  --------
                   12.505   (41.8% logic, 58.2% route), 6 logic levels.

Unconstrained Preference:
   CLOCK_TO_OUT PORT "serial_out" CLKPORT "clk" 

Report:   12.473ns delay SLICE_85 to serial_out

   Name    Fanout   Delay (ns)          Site               Resource
REG_DEL     ---     0.452     R7C11C.CLK to      R7C11C.Q1 SLICE_85 (from clk_c)
ROUTE         1     0.747      R7C11C.Q1 to      R7C11B.C1 observe[20]
CTOF_DEL    ---     0.495      R7C11B.C1 to      R7C11B.F1 SLICE_239
ROUTE         1     1.385      R7C11B.F1 to      R8C14D.D0 serial_out_93
CTOF_DEL    ---     0.495      R8C14D.D0 to      R8C14D.F0 SLICE_497
ROUTE         1     1.611      R8C14D.F0 to      R5C12C.D1 serial_out_156
CTOF_DEL    ---     0.495      R5C12C.D1 to      R5C12C.F1 SLICE_493
ROUTE         1     0.967      R5C12C.F1 to      R5C12C.A0 serial_out_166
CTOF_DEL    ---     0.495      R5C12C.A0 to      R5C12C.F0 SLICE_493
ROUTE         1     2.534      R5C12C.F0 to       28.PADDO serial_out_c
DOPAD_DEL   ---     2.797       28.PADDO to         28.PAD serial_out
                  --------
                   12.473   (41.9% logic, 58.1% route), 6 logic levels.

Unconstrained Preference:
   CLOCK_TO_OUT PORT "serial_out" CLKPORT "clk" 

Report:   12.441ns delay SLICE_312 to serial_out

   Name    Fanout   Delay (ns)          Site               Resource
REG_DEL     ---     0.452     R5C17D.CLK to      R5C17D.Q0 SLICE_312 (from clk_c)
ROUTE         1     1.163      R5C17D.Q0 to      R5C16D.C0 observe[97]
CTOF_DEL    ---     0.495      R5C16D.C0 to      R5C16D.F0 SLICE_590
ROUTE         1     1.801      R5C16D.F0 to      R4C15D.A1 serial_out_112
CTOF_DEL    ---     0.495      R4C15D.A1 to      R4C15D.F1 SLICE_494
ROUTE         1     0.436      R4C15D.F1 to      R4C15D.C0 serial_out_160
CTOF_DEL    ---     0.495      R4C15D.C0 to      R4C15D.F0 SLICE_494
ROUTE         1     1.278      R4C15D.F0 to      R5C12C.C0 serial_out_172
CTOF_DEL    ---     0.495      R5C12C.C0 to      R5C12C.F0 SLICE_493
ROUTE         1     2.534      R5C12C.F0 to       28.PADDO serial_out_c
DOPAD_DEL   ---     2.797       28.PADDO to         28.PAD serial_out
                  --------
                   12.441   (42.0% logic, 58.0% route), 6 logic levels.

Unconstrained Preference:
   CLOCK_TO_OUT PORT "serial_out" CLKPORT "clk" 

Report:   12.424ns delay SLICE_311 to serial_out

   Name    Fanout   Delay (ns)          Site               Resource
REG_DEL     ---     0.452     R7C16B.CLK to      R7C16B.Q0 SLICE_311 (from clk_c)
ROUTE         1     1.989      R7C16B.Q0 to      R5C16D.B1 observe[93]
CTOF_DEL    ---     0.495      R5C16D.B1 to      R5C16D.F1 SLICE_590
ROUTE         1     0.958      R5C16D.F1 to      R4C15D.D1 serial_out_111
CTOF_DEL    ---     0.495      R4C15D.D1 to      R4C15D.F1 SLICE_494
ROUTE         1     0.436      R4C15D.F1 to      R4C15D.C0 serial_out_160
CTOF_DEL    ---     0.495      R4C15D.C0 to      R4C15D.F0 SLICE_494
ROUTE         1     1.278      R4C15D.F0 to      R5C12C.C0 serial_out_172
CTOF_DEL    ---     0.495      R5C12C.C0 to      R5C12C.F0 SLICE_493
ROUTE         1     2.534      R5C12C.F0 to       28.PADDO serial_out_c
DOPAD_DEL   ---     2.797       28.PADDO to         28.PAD serial_out
                  --------
                   12.424   (42.1% logic, 57.9% route), 6 logic levels.

Unconstrained Preference:
   CLOCK_TO_OUT PORT "serial_out" CLKPORT "clk" 

Report:   12.423ns delay SLICE_497 to serial_out

   Name    Fanout   Delay (ns)          Site               Resource
REG_DEL     ---     0.452     R8C14D.CLK to      R8C14D.Q1 SLICE_497 (from clk_c)
ROUTE         1     1.854      R8C14D.Q1 to      R3C14A.B0 observe[126]
CTOF_DEL    ---     0.495      R3C14A.B0 to      R3C14A.F0 SLICE_588
ROUTE         1     1.004      R3C14A.F0 to      R3C14D.B0 serial_out_119
CTOF_DEL    ---     0.495      R3C14D.B0 to      R3C14D.F0 SLICE_502
ROUTE         1     0.645      R3C14D.F0 to      R3C12D.D0 serial_out_162
CTOF_DEL    ---     0.495      R3C12D.D0 to      R3C12D.F0 SLICE_495
ROUTE         1     1.157      R3C12D.F0 to      R5C12C.D0 serial_out_173
CTOF_DEL    ---     0.495      R5C12C.D0 to      R5C12C.F0 SLICE_493
ROUTE         1     2.534      R5C12C.F0 to       28.PADDO serial_out_c
DOPAD_DEL   ---     2.797       28.PADDO to         28.PAD serial_out
                  --------
                   12.423   (42.1% logic, 57.9% route), 6 logic levels.

Unconstrained Preference:
   CLOCK_TO_OUT PORT "serial_out" CLKPORT "clk" 

Report:   12.406ns delay SLICE_596 to serial_out

   Name    Fanout   Delay (ns)          Site               Resource
REG_DEL     ---     0.452      R5C7D.CLK to       R5C7D.Q1 SLICE_596 (from clk_c)
ROUTE         1     2.083       R5C7D.Q1 to      R3C12B.D0 observe[152]
CTOF_DEL    ---     0.495      R3C12B.D0 to      R3C12B.F0 SLICE_586
ROUTE         1     0.967      R3C12B.F0 to      R3C12D.A1 serial_out_126
CTOF_DEL    ---     0.495      R3C12D.A1 to      R3C12D.F1 SLICE_495
ROUTE         1     0.436      R3C12D.F1 to      R3C12D.C0 serial_out_164
CTOF_DEL    ---     0.495      R3C12D.C0 to      R3C12D.F0 SLICE_495
ROUTE         1     1.157      R3C12D.F0 to      R5C12C.D0 serial_out_173
CTOF_DEL    ---     0.495      R5C12C.D0 to      R5C12C.F0 SLICE_493
ROUTE         1     2.534      R5C12C.F0 to       28.PADDO serial_out_c
DOPAD_DEL   ---     2.797       28.PADDO to         28.PAD serial_out
                  --------
                   12.406   (42.1% logic, 57.9% route), 6 logic levels.

Unconstrained Preference:
   CLOCK_TO_OUT PORT "serial_out" CLKPORT "clk" 

Report:   12.406ns delay SLICE_87 to serial_out

   Name    Fanout   Delay (ns)          Site               Resource
REG_DEL     ---     0.452     R8C12D.CLK to      R8C12D.Q0 SLICE_87 (from clk_c)
ROUTE         1     0.645      R8C12D.Q0 to      R8C13A.D1 observe[23]
CTOF_DEL    ---     0.495      R8C13A.D1 to      R8C13A.F1 SLICE_595
ROUTE         1     1.420      R8C13A.F1 to      R8C14D.B0 serial_out_94
CTOF_DEL    ---     0.495      R8C14D.B0 to      R8C14D.F0 SLICE_497
ROUTE         1     1.611      R8C14D.F0 to      R5C12C.D1 serial_out_156
CTOF_DEL    ---     0.495      R5C12C.D1 to      R5C12C.F1 SLICE_493
ROUTE         1     0.967      R5C12C.F1 to      R5C12C.A0 serial_out_166
CTOF_DEL    ---     0.495      R5C12C.A0 to      R5C12C.F0 SLICE_493
ROUTE         1     2.534      R5C12C.F0 to       28.PADDO serial_out_c
DOPAD_DEL   ---     2.797       28.PADDO to         28.PAD serial_out
                  --------
                   12.406   (42.1% logic, 57.9% route), 6 logic levels.

Unconstrained Preference:
   CLOCK_TO_OUT PORT "serial_out" CLKPORT "clk" 

Report:   12.387ns delay SLICE_80 to serial_out

   Name    Fanout   Delay (ns)          Site               Resource
REG_DEL     ---     0.452      R4C7D.CLK to       R4C7D.Q0 SLICE_80 (from clk_c)
ROUTE         1     1.535       R4C7D.Q0 to       R5C7D.B0 observe[9]
CTOF_DEL    ---     0.495       R5C7D.B0 to       R5C7D.F0 SLICE_596
ROUTE         1     2.617       R5C7D.F0 to      R5C12C.B1 serial_out_90
CTOF_DEL    ---     0.495      R5C12C.B1 to      R5C12C.F1 SLICE_493
ROUTE         1     0.967      R5C12C.F1 to      R5C12C.A0 serial_out_166
CTOF_DEL    ---     0.495      R5C12C.A0 to      R5C12C.F0 SLICE_493
ROUTE         1     2.534      R5C12C.F0 to       28.PADDO serial_out_c
DOPAD_DEL   ---     2.797       28.PADDO to         28.PAD serial_out
                  --------
                   12.387   (38.2% logic, 61.8% route), 5 logic levels.

Unconstrained Preference:
   CLOCK_TO_OUT PORT "serial_out" CLKPORT "clk" 

Report:   12.378ns delay SLICE_499 to serial_out

   Name    Fanout   Delay (ns)          Site               Resource
REG_DEL     ---     0.452     R7C16C.CLK to      R7C16C.Q1 SLICE_499 (from clk_c)
ROUTE         1     2.377      R7C16C.Q1 to      R3C14D.A1 observe[130]
CTOF_DEL    ---     0.495      R3C14D.A1 to      R3C14D.F1 SLICE_502
ROUTE         1     0.436      R3C14D.F1 to      R3C14D.C0 serial_out_120
CTOF_DEL    ---     0.495      R3C14D.C0 to      R3C14D.F0 SLICE_502
ROUTE         1     0.645      R3C14D.F0 to      R3C12D.D0 serial_out_162
CTOF_DEL    ---     0.495      R3C12D.D0 to      R3C12D.F0 SLICE_495
ROUTE         1     1.157      R3C12D.F0 to      R5C12C.D0 serial_out_173
CTOF_DEL    ---     0.495      R5C12C.D0 to      R5C12C.F0 SLICE_493
ROUTE         1     2.534      R5C12C.F0 to       28.PADDO serial_out_c
DOPAD_DEL   ---     2.797       28.PADDO to         28.PAD serial_out
                  --------
                   12.378   (42.2% logic, 57.8% route), 6 logic levels.

Unconstrained Preference:
   CLOCK_TO_OUT PORT "serial_out" CLKPORT "clk" 

Report:   12.371ns delay SLICE_589 to serial_out

   Name    Fanout   Delay (ns)          Site               Resource
REG_DEL     ---     0.452     R3C16B.CLK to      R3C16B.Q1 SLICE_589 (from clk_c)
ROUTE         1     0.626      R3C16B.Q1 to      R3C16D.D1 observe[112]
CTOF_DEL    ---     0.495      R3C16D.D1 to      R3C16D.F1 SLICE_501
ROUTE         1     0.436      R3C16D.F1 to      R3C16D.C0 serial_out_116
CTOF_DEL    ---     0.495      R3C16D.C0 to      R3C16D.F0 SLICE_501
ROUTE         1     2.389      R3C16D.F0 to      R3C12D.B0 serial_out_161
CTOF_DEL    ---     0.495      R3C12D.B0 to      R3C12D.F0 SLICE_495
ROUTE         1     1.157      R3C12D.F0 to      R5C12C.D0 serial_out_173
CTOF_DEL    ---     0.495      R5C12C.D0 to      R5C12C.F0 SLICE_493
ROUTE         1     2.534      R5C12C.F0 to       28.PADDO serial_out_c
DOPAD_DEL   ---     2.797       28.PADDO to         28.PAD serial_out
                  --------
                   12.371   (42.3% logic, 57.7% route), 6 logic levels.

Unconstrained Preference:
   CLOCK_TO_OUT PORT "serial_out" CLKPORT "clk" 

Report:   12.352ns delay SLICE_85 to serial_out

   Name    Fanout   Delay (ns)          Site               Resource
REG_DEL     ---     0.452     R7C11C.CLK to      R7C11C.Q0 SLICE_85 (from clk_c)
ROUTE         1     0.626      R7C11C.Q0 to      R7C11B.D1 observe[19]
CTOF_DEL    ---     0.495      R7C11B.D1 to      R7C11B.F1 SLICE_239
ROUTE         1     1.385      R7C11B.F1 to      R8C14D.D0 serial_out_93
CTOF_DEL    ---     0.495      R8C14D.D0 to      R8C14D.F0 SLICE_497
ROUTE         1     1.611      R8C14D.F0 to      R5C12C.D1 serial_out_156
CTOF_DEL    ---     0.495      R5C12C.D1 to      R5C12C.F1 SLICE_493
ROUTE         1     0.967      R5C12C.F1 to      R5C12C.A0 serial_out_166
CTOF_DEL    ---     0.495      R5C12C.A0 to      R5C12C.F0 SLICE_493
ROUTE         1     2.534      R5C12C.F0 to       28.PADDO serial_out_c
DOPAD_DEL   ---     2.797       28.PADDO to         28.PAD serial_out
                  --------
                   12.352   (42.3% logic, 57.7% route), 6 logic levels.

Unconstrained Preference:
   CLOCK_TO_OUT PORT "serial_out" CLKPORT "clk" 

Report:   12.335ns delay SLICE_82 to serial_out

   Name    Fanout   Delay (ns)          Site               Resource
REG_DEL     ---     0.452      R4C4B.CLK to       R4C4B.Q1 SLICE_82 (from clk_c)
ROUTE         1     1.023       R4C4B.Q1 to       R4C6B.B0 observe[14]
CTOF_DEL    ---     0.495       R4C6B.B0 to       R4C6B.F0 SLICE_325
ROUTE         1     0.436       R4C6B.F0 to       R4C6B.C1 serial_out_6
CTOF_DEL    ---     0.495       R4C6B.C1 to       R4C6B.F1 SLICE_325
ROUTE         1     2.146       R4C6B.F1 to      R5C12C.A1 serial_out_134
CTOF_DEL    ---     0.495      R5C12C.A1 to      R5C12C.F1 SLICE_493
ROUTE         1     0.967      R5C12C.F1 to      R5C12C.A0 serial_out_166
CTOF_DEL    ---     0.495      R5C12C.A0 to      R5C12C.F0 SLICE_493
ROUTE         1     2.534      R5C12C.F0 to       28.PADDO serial_out_c
DOPAD_DEL   ---     2.797       28.PADDO to         28.PAD serial_out
                  --------
                   12.335   (42.4% logic, 57.6% route), 6 logic levels.

Unconstrained Preference:
   CLOCK_TO_OUT PORT "serial_out" CLKPORT "clk" 

Report:   12.312ns delay SLICE_323 to serial_out

   Name    Fanout   Delay (ns)          Site               Resource
REG_DEL     ---     0.452     R9C15B.CLK to      R9C15B.Q1 SLICE_323 (from clk_c)
ROUTE         1     1.535      R9C15B.Q1 to      R8C14D.B1 observe[34]
CTOF_DEL    ---     0.495      R8C14D.B1 to      R8C14D.F1 SLICE_497
ROUTE         1     0.436      R8C14D.F1 to      R8C14D.C0 serial_out_96
CTOF_DEL    ---     0.495      R8C14D.C0 to      R8C14D.F0 SLICE_497
ROUTE         1     1.611      R8C14D.F0 to      R5C12C.D1 serial_out_156
CTOF_DEL    ---     0.495      R5C12C.D1 to      R5C12C.F1 SLICE_493
ROUTE         1     0.967      R5C12C.F1 to      R5C12C.A0 serial_out_166
CTOF_DEL    ---     0.495      R5C12C.A0 to      R5C12C.F0 SLICE_493
ROUTE         1     2.534      R5C12C.F0 to       28.PADDO serial_out_c
DOPAD_DEL   ---     2.797       28.PADDO to         28.PAD serial_out
                  --------
                   12.312   (42.5% logic, 57.5% route), 6 logic levels.

Unconstrained Preference:
   CLOCK_TO_OUT PORT "serial_out" CLKPORT "clk" 

Report:   12.301ns delay SLICE_313 to serial_out

   Name    Fanout   Delay (ns)          Site               Resource
REG_DEL     ---     0.452     R5C17B.CLK to      R5C17B.Q0 SLICE_313 (from clk_c)
ROUTE         1     1.023      R5C17B.Q0 to      R5C16D.B0 observe[95]
CTOF_DEL    ---     0.495      R5C16D.B0 to      R5C16D.F0 SLICE_590
ROUTE         1     1.801      R5C16D.F0 to      R4C15D.A1 serial_out_112
CTOF_DEL    ---     0.495      R4C15D.A1 to      R4C15D.F1 SLICE_494
ROUTE         1     0.436      R4C15D.F1 to      R4C15D.C0 serial_out_160
CTOF_DEL    ---     0.495      R4C15D.C0 to      R4C15D.F0 SLICE_494
ROUTE         1     1.278      R4C15D.F0 to      R5C12C.C0 serial_out_172
CTOF_DEL    ---     0.495      R5C12C.C0 to      R5C12C.F0 SLICE_493
ROUTE         1     2.534      R5C12C.F0 to       28.PADDO serial_out_c
DOPAD_DEL   ---     2.797       28.PADDO to         28.PAD serial_out
                  --------
                   12.301   (42.5% logic, 57.5% route), 6 logic levels.

Unconstrained Preference:
   CLOCK_TO_OUT PORT "serial_out" CLKPORT "clk" 

Report:   12.283ns delay SLICE_491 to serial_out

   Name    Fanout   Delay (ns)          Site               Resource
REG_DEL     ---     0.452     R8C15D.CLK to      R8C15D.Q1 SLICE_491 (from clk_c)
ROUTE         1     1.023      R8C15D.Q1 to     R10C15A.B0 observe[46]
CTOF_DEL    ---     0.495     R10C15A.B0 to     R10C15A.F0 SLICE_594
ROUTE         1     1.184     R10C15A.F0 to      R7C15B.D0 serial_out_99
CTOF_DEL    ---     0.495      R7C15B.D0 to      R7C15B.F0 SLICE_498
ROUTE         1     1.035      R7C15B.F0 to      R4C15D.D0 serial_out_157
CTOF_DEL    ---     0.495      R4C15D.D0 to      R4C15D.F0 SLICE_494
ROUTE         1     1.278      R4C15D.F0 to      R5C12C.C0 serial_out_172
CTOF_DEL    ---     0.495      R5C12C.C0 to      R5C12C.F0 SLICE_493
ROUTE         1     2.534      R5C12C.F0 to       28.PADDO serial_out_c
DOPAD_DEL   ---     2.797       28.PADDO to         28.PAD serial_out
                  --------
                   12.283   (42.6% logic, 57.4% route), 6 logic levels.

Unconstrained Preference:
   CLOCK_TO_OUT PORT "serial_out" CLKPORT "clk" 

Report:   12.270ns delay SLICE_478 to serial_out

   Name    Fanout   Delay (ns)          Site               Resource
REG_DEL     ---     0.452     R7C16A.CLK to      R7C16A.Q1 SLICE_478 (from clk_c)
ROUTE         1     1.835      R7C16A.Q1 to      R5C16D.C1 observe[92]
CTOF_DEL    ---     0.495      R5C16D.C1 to      R5C16D.F1 SLICE_590
ROUTE         1     0.958      R5C16D.F1 to      R4C15D.D1 serial_out_111
CTOF_DEL    ---     0.495      R4C15D.D1 to      R4C15D.F1 SLICE_494
ROUTE         1     0.436      R4C15D.F1 to      R4C15D.C0 serial_out_160
CTOF_DEL    ---     0.495      R4C15D.C0 to      R4C15D.F0 SLICE_494
ROUTE         1     1.278      R4C15D.F0 to      R5C12C.C0 serial_out_172
CTOF_DEL    ---     0.495      R5C12C.C0 to      R5C12C.F0 SLICE_493
ROUTE         1     2.534      R5C12C.F0 to       28.PADDO serial_out_c
DOPAD_DEL   ---     2.797       28.PADDO to         28.PAD serial_out
                  --------
                   12.270   (42.6% logic, 57.4% route), 6 logic levels.

Unconstrained Preference:
   CLOCK_TO_OUT PORT "serial_out" CLKPORT "clk" 

Report:   12.242ns delay SLICE_313 to serial_out

   Name    Fanout   Delay (ns)          Site               Resource
REG_DEL     ---     0.452     R5C17B.CLK to      R5C17B.Q1 SLICE_313 (from clk_c)
ROUTE         1     0.964      R5C17B.Q1 to      R5C16D.A0 observe[96]
CTOF_DEL    ---     0.495      R5C16D.A0 to      R5C16D.F0 SLICE_590
ROUTE         1     1.801      R5C16D.F0 to      R4C15D.A1 serial_out_112
CTOF_DEL    ---     0.495      R4C15D.A1 to      R4C15D.F1 SLICE_494
ROUTE         1     0.436      R4C15D.F1 to      R4C15D.C0 serial_out_160
CTOF_DEL    ---     0.495      R4C15D.C0 to      R4C15D.F0 SLICE_494
ROUTE         1     1.278      R4C15D.F0 to      R5C12C.C0 serial_out_172
CTOF_DEL    ---     0.495      R5C12C.C0 to      R5C12C.F0 SLICE_493
ROUTE         1     2.534      R5C12C.F0 to       28.PADDO serial_out_c
DOPAD_DEL   ---     2.797       28.PADDO to         28.PAD serial_out
                  --------
                   12.242   (42.7% logic, 57.3% route), 6 logic levels.

Unconstrained Preference:
   CLOCK_TO_OUT PORT "serial_out" CLKPORT "clk" 

Report:   12.235ns delay SLICE_79 to serial_out

   Name    Fanout   Delay (ns)          Site               Resource
REG_DEL     ---     0.452      R5C6A.CLK to       R5C6A.Q1 SLICE_79 (from clk_c)
ROUTE         1     1.383       R5C6A.Q1 to       R5C7D.A0 observe[8]
CTOF_DEL    ---     0.495       R5C7D.A0 to       R5C7D.F0 SLICE_596
ROUTE         1     2.617       R5C7D.F0 to      R5C12C.B1 serial_out_90
CTOF_DEL    ---     0.495      R5C12C.B1 to      R5C12C.F1 SLICE_493
ROUTE         1     0.967      R5C12C.F1 to      R5C12C.A0 serial_out_166
CTOF_DEL    ---     0.495      R5C12C.A0 to      R5C12C.F0 SLICE_493
ROUTE         1     2.534      R5C12C.F0 to       28.PADDO serial_out_c
DOPAD_DEL   ---     2.797       28.PADDO to         28.PAD serial_out
                  --------
                   12.235   (38.7% logic, 61.3% route), 5 logic levels.

Unconstrained Preference:
   CLOCK_TO_OUT PORT "serial_out" CLKPORT "clk" 

Report:   12.218ns delay SLICE_322 to serial_out

   Name    Fanout   Delay (ns)          Site               Resource
REG_DEL     ---     0.452    R10C15D.CLK to     R10C15D.Q1 SLICE_322 (from clk_c)
ROUTE         1     0.958     R10C15D.Q1 to     R10C15A.D0 observe[44]
CTOF_DEL    ---     0.495     R10C15A.D0 to     R10C15A.F0 SLICE_594
ROUTE         1     1.184     R10C15A.F0 to      R7C15B.D0 serial_out_99
CTOF_DEL    ---     0.495      R7C15B.D0 to      R7C15B.F0 SLICE_498
ROUTE         1     1.035      R7C15B.F0 to      R4C15D.D0 serial_out_157
CTOF_DEL    ---     0.495      R4C15D.D0 to      R4C15D.F0 SLICE_494
ROUTE         1     1.278      R4C15D.F0 to      R5C12C.C0 serial_out_172
CTOF_DEL    ---     0.495      R5C12C.C0 to      R5C12C.F0 SLICE_493
ROUTE         1     2.534      R5C12C.F0 to       28.PADDO serial_out_c
DOPAD_DEL   ---     2.797       28.PADDO to         28.PAD serial_out
                  --------
                   12.218   (42.8% logic, 57.2% route), 6 logic levels.

Unconstrained Preference:
   CLOCK_TO_OUT PORT "serial_out" CLKPORT "clk" 

Report:   12.140ns delay SLICE_595 to serial_out

   Name    Fanout   Delay (ns)          Site               Resource
REG_DEL     ---     0.452     R8C13A.CLK to      R8C13A.Q0 SLICE_595 (from clk_c)
ROUTE         1     1.817      R8C13A.Q0 to      R3C12B.A0 observe[153]
CTOF_DEL    ---     0.495      R3C12B.A0 to      R3C12B.F0 SLICE_586
ROUTE         1     0.967      R3C12B.F0 to      R3C12D.A1 serial_out_126
CTOF_DEL    ---     0.495      R3C12D.A1 to      R3C12D.F1 SLICE_495
ROUTE         1     0.436      R3C12D.F1 to      R3C12D.C0 serial_out_164
CTOF_DEL    ---     0.495      R3C12D.C0 to      R3C12D.F0 SLICE_495
ROUTE         1     1.157      R3C12D.F0 to      R5C12C.D0 serial_out_173
CTOF_DEL    ---     0.495      R5C12C.D0 to      R5C12C.F0 SLICE_493
ROUTE         1     2.534      R5C12C.F0 to       28.PADDO serial_out_c
DOPAD_DEL   ---     2.797       28.PADDO to         28.PAD serial_out
                  --------
                   12.140   (43.1% logic, 56.9% route), 6 logic levels.

Unconstrained Preference:
   CLOCK_TO_OUT PORT "serial_out" CLKPORT "clk" 

Report:   12.138ns delay SLICE_577 to serial_out

   Name    Fanout   Delay (ns)          Site               Resource
REG_DEL     ---     0.452     R5C17A.CLK to      R5C17A.Q0 SLICE_577 (from clk_c)
ROUTE         1     1.498      R5C17A.Q0 to      R4C17D.A0 observe[87]
CTOF_DEL    ---     0.495      R4C17D.A0 to      R4C17D.F0 SLICE_591
ROUTE         1     1.163      R4C17D.F0 to      R4C15D.C1 serial_out_110
CTOF_DEL    ---     0.495      R4C15D.C1 to      R4C15D.F1 SLICE_494
ROUTE         1     0.436      R4C15D.F1 to      R4C15D.C0 serial_out_160
CTOF_DEL    ---     0.495      R4C15D.C0 to      R4C15D.F0 SLICE_494
ROUTE         1     1.278      R4C15D.F0 to      R5C12C.C0 serial_out_172
CTOF_DEL    ---     0.495      R5C12C.C0 to      R5C12C.F0 SLICE_493
ROUTE         1     2.534      R5C12C.F0 to       28.PADDO serial_out_c
DOPAD_DEL   ---     2.797       28.PADDO to         28.PAD serial_out
                  --------
                   12.138   (43.1% logic, 56.9% route), 6 logic levels.

Unconstrained Preference:
   CLOCK_TO_OUT PORT "serial_out" CLKPORT "clk" 

Report:   12.122ns delay SLICE_485 to serial_out

   Name    Fanout   Delay (ns)          Site               Resource
REG_DEL     ---     0.452     R9C14D.CLK to      R9C14D.Q0 SLICE_485 (from clk_c)
ROUTE         1     0.747      R9C14D.Q0 to      R9C14A.C0 observe[35]
CTOF_DEL    ---     0.495      R9C14A.C0 to      R9C14A.F0 SLICE_238
ROUTE         1     1.299      R9C14A.F0 to      R7C15B.A0 serial_out_97
CTOF_DEL    ---     0.495      R7C15B.A0 to      R7C15B.F0 SLICE_498
ROUTE         1     1.035      R7C15B.F0 to      R4C15D.D0 serial_out_157
CTOF_DEL    ---     0.495      R4C15D.D0 to      R4C15D.F0 SLICE_494
ROUTE         1     1.278      R4C15D.F0 to      R5C12C.C0 serial_out_172
CTOF_DEL    ---     0.495      R5C12C.C0 to      R5C12C.F0 SLICE_493
ROUTE         1     2.534      R5C12C.F0 to       28.PADDO serial_out_c
DOPAD_DEL   ---     2.797       28.PADDO to         28.PAD serial_out
                  --------
                   12.122   (43.1% logic, 56.9% route), 6 logic levels.

Unconstrained Preference:
   CLOCK_TO_OUT PORT "serial_out" CLKPORT "clk" 

Report:   11.982ns delay SLICE_584 to serial_out

   Name    Fanout   Delay (ns)          Site               Resource
REG_DEL     ---     0.452     R4C12D.CLK to      R4C12D.Q1 SLICE_584 (from clk_c)
ROUTE         1     1.450      R4C12D.Q1 to      R3C14A.B1 observe[122]
CTOF_DEL    ---     0.495      R3C14A.B1 to      R3C14A.F1 SLICE_588
ROUTE         1     0.967      R3C14A.F1 to      R3C14D.A0 serial_out_118
CTOF_DEL    ---     0.495      R3C14D.A0 to      R3C14D.F0 SLICE_502
ROUTE         1     0.645      R3C14D.F0 to      R3C12D.D0 serial_out_162
CTOF_DEL    ---     0.495      R3C12D.D0 to      R3C12D.F0 SLICE_495
ROUTE         1     1.157      R3C12D.F0 to      R5C12C.D0 serial_out_173
CTOF_DEL    ---     0.495      R5C12C.D0 to      R5C12C.F0 SLICE_493
ROUTE         1     2.534      R5C12C.F0 to       28.PADDO serial_out_c
DOPAD_DEL   ---     2.797       28.PADDO to         28.PAD serial_out
                  --------
                   11.982   (43.6% logic, 56.4% route), 6 logic levels.

Unconstrained Preference:
   CLOCK_TO_OUT PORT "serial_out" CLKPORT "clk" 

Report:   11.965ns delay SLICE_499 to serial_out

   Name    Fanout   Delay (ns)          Site               Resource
REG_DEL     ---     0.452     R7C16C.CLK to      R7C16C.Q0 SLICE_499 (from clk_c)
ROUTE         1     1.964      R7C16C.Q0 to      R3C14D.D1 observe[129]
CTOF_DEL    ---     0.495      R3C14D.D1 to      R3C14D.F1 SLICE_502
ROUTE         1     0.436      R3C14D.F1 to      R3C14D.C0 serial_out_120
CTOF_DEL    ---     0.495      R3C14D.C0 to      R3C14D.F0 SLICE_502
ROUTE         1     0.645      R3C14D.F0 to      R3C12D.D0 serial_out_162
CTOF_DEL    ---     0.495      R3C12D.D0 to      R3C12D.F0 SLICE_495
ROUTE         1     1.157      R3C12D.F0 to      R5C12C.D0 serial_out_173
CTOF_DEL    ---     0.495      R5C12C.D0 to      R5C12C.F0 SLICE_493
ROUTE         1     2.534      R5C12C.F0 to       28.PADDO serial_out_c
DOPAD_DEL   ---     2.797       28.PADDO to         28.PAD serial_out
                  --------
                   11.965   (43.7% logic, 56.3% route), 6 logic levels.

Unconstrained Preference:
   CLOCK_TO_OUT PORT "serial_out" CLKPORT "clk" 

Report:   11.948ns delay SLICE_40 to serial_out

   Name    Fanout   Delay (ns)          Site               Resource
REG_DEL     ---     0.452     R3C11A.CLK to      R3C11A.Q0 SLICE_40 (from clk_c)
ROUTE         1     1.838      R3C11A.Q0 to      R4C12D.B1 observe[166]
CTOF_DEL    ---     0.495      R4C12D.B1 to      R4C12D.F1 SLICE_584
ROUTE         1     1.838      R4C12D.F1 to      R5C12B.B0 serial_out_129
CTOF_DEL    ---     0.495      R5C12B.B0 to      R5C12B.F0 SLICE_496
ROUTE         1     1.004      R5C12B.F0 to      R5C12C.B0 serial_out_165
CTOF_DEL    ---     0.495      R5C12C.B0 to      R5C12C.F0 SLICE_493
ROUTE         1     2.534      R5C12C.F0 to       28.PADDO serial_out_c
DOPAD_DEL   ---     2.797       28.PADDO to         28.PAD serial_out
                  --------
                   11.948   (39.6% logic, 60.4% route), 5 logic levels.

Unconstrained Preference:
   CLOCK_TO_OUT PORT "serial_out" CLKPORT "clk" 

Report:   11.940ns delay SLICE_492 to serial_out

   Name    Fanout   Delay (ns)          Site               Resource
REG_DEL     ---     0.452     R9C14C.CLK to      R9C14C.Q1 SLICE_492 (from clk_c)
ROUTE         1     1.163      R9C14C.Q1 to      R8C14D.C1 observe[32]
CTOF_DEL    ---     0.495      R8C14D.C1 to      R8C14D.F1 SLICE_497
ROUTE         1     0.436      R8C14D.F1 to      R8C14D.C0 serial_out_96
CTOF_DEL    ---     0.495      R8C14D.C0 to      R8C14D.F0 SLICE_497
ROUTE         1     1.611      R8C14D.F0 to      R5C12C.D1 serial_out_156
CTOF_DEL    ---     0.495      R5C12C.D1 to      R5C12C.F1 SLICE_493
ROUTE         1     0.967      R5C12C.F1 to      R5C12C.A0 serial_out_166
CTOF_DEL    ---     0.495      R5C12C.A0 to      R5C12C.F0 SLICE_493
ROUTE         1     2.534      R5C12C.F0 to       28.PADDO serial_out_c
DOPAD_DEL   ---     2.797       28.PADDO to         28.PAD serial_out
                  --------
                   11.940   (43.8% logic, 56.2% route), 6 logic levels.

Unconstrained Preference:
   CLOCK_TO_OUT PORT "serial_out" CLKPORT "clk" 

Report:   11.932ns delay SLICE_77 to serial_out

   Name    Fanout   Delay (ns)          Site               Resource
REG_DEL     ---     0.452      R7C7A.CLK to       R7C7A.Q0 SLICE_77 (from clk_c)
ROUTE         1     2.022       R7C7A.Q0 to       R5C7D.A1 observe[3]
CTOF_DEL    ---     0.495       R5C7D.A1 to       R5C7D.F1 SLICE_596
ROUTE         1     1.675       R5C7D.F1 to      R5C12C.C1 serial_out_89
CTOF_DEL    ---     0.495      R5C12C.C1 to      R5C12C.F1 SLICE_493
ROUTE         1     0.967      R5C12C.F1 to      R5C12C.A0 serial_out_166
CTOF_DEL    ---     0.495      R5C12C.A0 to      R5C12C.F0 SLICE_493
ROUTE         1     2.534      R5C12C.F0 to       28.PADDO serial_out_c
DOPAD_DEL   ---     2.797       28.PADDO to         28.PAD serial_out
                  --------
                   11.932   (39.7% logic, 60.3% route), 5 logic levels.

Unconstrained Preference:
   CLOCK_TO_OUT PORT "serial_out" CLKPORT "clk" 

Report:   11.924ns delay SLICE_504 to serial_out

   Name    Fanout   Delay (ns)          Site               Resource
REG_DEL     ---     0.452     R3C17B.CLK to      R3C17B.Q1 SLICE_504 (from clk_c)
ROUTE         1     1.355      R3C17B.Q1 to      R3C14A.D0 observe[124]
CTOF_DEL    ---     0.495      R3C14A.D0 to      R3C14A.F0 SLICE_588
ROUTE         1     1.004      R3C14A.F0 to      R3C14D.B0 serial_out_119
CTOF_DEL    ---     0.495      R3C14D.B0 to      R3C14D.F0 SLICE_502
ROUTE         1     0.645      R3C14D.F0 to      R3C12D.D0 serial_out_162
CTOF_DEL    ---     0.495      R3C12D.D0 to      R3C12D.F0 SLICE_495
ROUTE         1     1.157      R3C12D.F0 to      R5C12C.D0 serial_out_173
CTOF_DEL    ---     0.495      R5C12C.D0 to      R5C12C.F0 SLICE_493
ROUTE         1     2.534      R5C12C.F0 to       28.PADDO serial_out_c
DOPAD_DEL   ---     2.797       28.PADDO to         28.PAD serial_out
                  --------
                   11.924   (43.9% logic, 56.1% route), 6 logic levels.

Unconstrained Preference:
   CLOCK_TO_OUT PORT "serial_out" CLKPORT "clk" 

Report:   11.917ns delay SLICE_587 to serial_out

   Name    Fanout   Delay (ns)          Site               Resource
REG_DEL     ---     0.452     R3C14C.CLK to      R3C14C.Q0 SLICE_587 (from clk_c)
ROUTE         1     1.726      R3C14C.Q0 to      R3C14B.A0 observe[115]
CTOF_DEL    ---     0.495      R3C14B.A0 to      R3C14B.F0 SLICE_226
ROUTE         1     0.626      R3C14B.F0 to      R3C14D.D0 serial_out_117
CTOF_DEL    ---     0.495      R3C14D.D0 to      R3C14D.F0 SLICE_502
ROUTE         1     0.645      R3C14D.F0 to      R3C12D.D0 serial_out_162
CTOF_DEL    ---     0.495      R3C12D.D0 to      R3C12D.F0 SLICE_495
ROUTE         1     1.157      R3C12D.F0 to      R5C12C.D0 serial_out_173
CTOF_DEL    ---     0.495      R5C12C.D0 to      R5C12C.F0 SLICE_493
ROUTE         1     2.534      R5C12C.F0 to       28.PADDO serial_out_c
DOPAD_DEL   ---     2.797       28.PADDO to         28.PAD serial_out
                  --------
                   11.917   (43.9% logic, 56.1% route), 6 logic levels.

Unconstrained Preference:
   CLOCK_TO_OUT PORT "serial_out" CLKPORT "clk" 

Report:   11.901ns delay SLICE_312 to serial_out

   Name    Fanout   Delay (ns)          Site               Resource
REG_DEL     ---     0.452     R5C17D.CLK to      R5C17D.Q1 SLICE_312 (from clk_c)
ROUTE         1     0.623      R5C17D.Q1 to      R5C16D.D0 observe[98]
CTOF_DEL    ---     0.495      R5C16D.D0 to      R5C16D.F0 SLICE_590
ROUTE         1     1.801      R5C16D.F0 to      R4C15D.A1 serial_out_112
CTOF_DEL    ---     0.495      R4C15D.A1 to      R4C15D.F1 SLICE_494
ROUTE         1     0.436      R4C15D.F1 to      R4C15D.C0 serial_out_160
CTOF_DEL    ---     0.495      R4C15D.C0 to      R4C15D.F0 SLICE_494
ROUTE         1     1.278      R4C15D.F0 to      R5C12C.C0 serial_out_172
CTOF_DEL    ---     0.495      R5C12C.C0 to      R5C12C.F0 SLICE_493
ROUTE         1     2.534      R5C12C.F0 to       28.PADDO serial_out_c
DOPAD_DEL   ---     2.797       28.PADDO to         28.PAD serial_out
                  --------
                   11.901   (43.9% logic, 56.1% route), 6 logic levels.

Unconstrained Preference:
   CLOCK_TO_OUT PORT "serial_out" CLKPORT "clk" 

Report:   11.859ns delay SLICE_38 to serial_out

   Name    Fanout   Delay (ns)          Site               Resource
REG_DEL     ---     0.452     R3C10B.CLK to      R3C10B.Q0 SLICE_38 (from clk_c)
ROUTE         1     1.499      R3C10B.Q0 to      R3C12A.D1 observe[156]
CTOF_DEL    ---     0.495      R3C12A.D1 to      R3C12A.F1 SLICE_585
ROUTE         1     1.004      R3C12A.F1 to      R3C12D.B1 serial_out_127
CTOF_DEL    ---     0.495      R3C12D.B1 to      R3C12D.F1 SLICE_495
ROUTE         1     0.436      R3C12D.F1 to      R3C12D.C0 serial_out_164
CTOF_DEL    ---     0.495      R3C12D.C0 to      R3C12D.F0 SLICE_495
ROUTE         1     1.157      R3C12D.F0 to      R5C12C.D0 serial_out_173
CTOF_DEL    ---     0.495      R5C12C.D0 to      R5C12C.F0 SLICE_493
ROUTE         1     2.534      R5C12C.F0 to       28.PADDO serial_out_c
DOPAD_DEL   ---     2.797       28.PADDO to         28.PAD serial_out
                  --------
                   11.859   (44.1% logic, 55.9% route), 6 logic levels.

Unconstrained Preference:
   CLOCK_TO_OUT PORT "serial_out" CLKPORT "clk" 

Report:   11.856ns delay SLICE_76 to serial_out

   Name    Fanout   Delay (ns)          Site               Resource
REG_DEL     ---     0.452     R2C16C.CLK to      R2C16C.Q1 SLICE_76 (from clk_c)
ROUTE         1     1.072      R2C16C.Q1 to      R3C17B.D1 observe[2]
CTOF_DEL    ---     0.495      R3C17B.D1 to      R3C17B.F1 SLICE_504
ROUTE         1     0.436      R3C17B.F1 to      R3C17B.C0 serial_out_0
CTOF_DEL    ---     0.495      R3C17B.C0 to      R3C17B.F0 SLICE_504
ROUTE         1     1.581      R3C17B.F0 to      R5C12B.C0 serial_out_132
CTOF_DEL    ---     0.495      R5C12B.C0 to      R5C12B.F0 SLICE_496
ROUTE         1     1.004      R5C12B.F0 to      R5C12C.B0 serial_out_165
CTOF_DEL    ---     0.495      R5C12C.B0 to      R5C12C.F0 SLICE_493
ROUTE         1     2.534      R5C12C.F0 to       28.PADDO serial_out_c
DOPAD_DEL   ---     2.797       28.PADDO to         28.PAD serial_out
                  --------
                   11.856   (44.1% logic, 55.9% route), 6 logic levels.

Unconstrained Preference:
   CLOCK_TO_OUT PORT "serial_out" CLKPORT "clk" 

Report:   11.828ns delay SLICE_498 to serial_out

   Name    Fanout   Delay (ns)          Site               Resource
REG_DEL     ---     0.452     R7C15B.CLK to      R7C15B.Q0 SLICE_498 (from clk_c)
ROUTE         1     1.827      R7C15B.Q0 to      R3C14D.B1 observe[127]
CTOF_DEL    ---     0.495      R3C14D.B1 to      R3C14D.F1 SLICE_502
ROUTE         1     0.436      R3C14D.F1 to      R3C14D.C0 serial_out_120
CTOF_DEL    ---     0.495      R3C14D.C0 to      R3C14D.F0 SLICE_502
ROUTE         1     0.645      R3C14D.F0 to      R3C12D.D0 serial_out_162
CTOF_DEL    ---     0.495      R3C12D.D0 to      R3C12D.F0 SLICE_495
ROUTE         1     1.157      R3C12D.F0 to      R5C12C.D0 serial_out_173
CTOF_DEL    ---     0.495      R5C12C.D0 to      R5C12C.F0 SLICE_493
ROUTE         1     2.534      R5C12C.F0 to       28.PADDO serial_out_c
DOPAD_DEL   ---     2.797       28.PADDO to         28.PAD serial_out
                  --------
                   11.828   (44.2% logic, 55.8% route), 6 logic levels.

Unconstrained Preference:
   CLOCK_TO_OUT PORT "serial_out" CLKPORT "clk" 

Report:   11.827ns delay SLICE_528 to serial_out

   Name    Fanout   Delay (ns)          Site               Resource
REG_DEL     ---     0.452     R4C14A.CLK to      R4C14A.Q0 SLICE_528 (from clk_c)
ROUTE         1     1.383      R4C14A.Q0 to      R4C15B.A1 observe[79]
CTOF_DEL    ---     0.495      R4C15B.A1 to      R4C15B.F1 SLICE_500
ROUTE         1     0.436      R4C15B.F1 to      R4C15B.C0 serial_out_108
CTOF_DEL    ---     0.495      R4C15B.C0 to      R4C15B.F0 SLICE_500
ROUTE         1     0.967      R4C15B.F0 to      R4C15D.A0 serial_out_159
CTOF_DEL    ---     0.495      R4C15D.A0 to      R4C15D.F0 SLICE_494
ROUTE         1     1.278      R4C15D.F0 to      R5C12C.C0 serial_out_172
CTOF_DEL    ---     0.495      R5C12C.C0 to      R5C12C.F0 SLICE_493
ROUTE         1     2.534      R5C12C.F0 to       28.PADDO serial_out_c
DOPAD_DEL   ---     2.797       28.PADDO to         28.PAD serial_out
                  --------
                   11.827   (44.2% logic, 55.8% route), 6 logic levels.

Unconstrained Preference:
   CLOCK_TO_OUT PORT "serial_out" CLKPORT "clk" 

Report:   11.819ns delay SLICE_492 to serial_out

   Name    Fanout   Delay (ns)          Site               Resource
REG_DEL     ---     0.452     R9C14C.CLK to      R9C14C.Q0 SLICE_492 (from clk_c)
ROUTE         1     1.042      R9C14C.Q0 to      R8C14D.D1 observe[31]
CTOF_DEL    ---     0.495      R8C14D.D1 to      R8C14D.F1 SLICE_497
ROUTE         1     0.436      R8C14D.F1 to      R8C14D.C0 serial_out_96
CTOF_DEL    ---     0.495      R8C14D.C0 to      R8C14D.F0 SLICE_497
ROUTE         1     1.611      R8C14D.F0 to      R5C12C.D1 serial_out_156
CTOF_DEL    ---     0.495      R5C12C.D1 to      R5C12C.F1 SLICE_493
ROUTE         1     0.967      R5C12C.F1 to      R5C12C.A0 serial_out_166
CTOF_DEL    ---     0.495      R5C12C.A0 to      R5C12C.F0 SLICE_493
ROUTE         1     2.534      R5C12C.F0 to       28.PADDO serial_out_c
DOPAD_DEL   ---     2.797       28.PADDO to         28.PAD serial_out
                  --------
                   11.819   (44.2% logic, 55.8% route), 6 logic levels.

Unconstrained Preference:
   CLOCK_TO_OUT PORT "serial_out" CLKPORT "clk" 

Report:   11.817ns delay SLICE_580 to serial_out

   Name    Fanout   Delay (ns)          Site               Resource
REG_DEL     ---     0.452     R4C17C.CLK to      R4C17C.Q0 SLICE_580 (from clk_c)
ROUTE         1     1.004      R4C17C.Q0 to      R4C17D.B1 observe[85]
CTOF_DEL    ---     0.495      R4C17D.B1 to      R4C17D.F1 SLICE_591
ROUTE         1     1.336      R4C17D.F1 to      R4C15D.B1 serial_out_109
CTOF_DEL    ---     0.495      R4C15D.B1 to      R4C15D.F1 SLICE_494
ROUTE         1     0.436      R4C15D.F1 to      R4C15D.C0 serial_out_160
CTOF_DEL    ---     0.495      R4C15D.C0 to      R4C15D.F0 SLICE_494
ROUTE         1     1.278      R4C15D.F0 to      R5C12C.C0 serial_out_172
CTOF_DEL    ---     0.495      R5C12C.C0 to      R5C12C.F0 SLICE_493
ROUTE         1     2.534      R5C12C.F0 to       28.PADDO serial_out_c
DOPAD_DEL   ---     2.797       28.PADDO to         28.PAD serial_out
                  --------
                   11.817   (44.2% logic, 55.8% route), 6 logic levels.

Unconstrained Preference:
   CLOCK_TO_OUT PORT "serial_out" CLKPORT "clk" 

Report:   11.797ns delay SLICE_526 to serial_out

   Name    Fanout   Delay (ns)          Site               Resource
REG_DEL     ---     0.452     R4C17A.CLK to      R4C17A.Q1 SLICE_526 (from clk_c)
ROUTE         1     1.157      R4C17A.Q1 to      R4C17D.D0 observe[90]
CTOF_DEL    ---     0.495      R4C17D.D0 to      R4C17D.F0 SLICE_591
ROUTE         1     1.163      R4C17D.F0 to      R4C15D.C1 serial_out_110
CTOF_DEL    ---     0.495      R4C15D.C1 to      R4C15D.F1 SLICE_494
ROUTE         1     0.436      R4C15D.F1 to      R4C15D.C0 serial_out_160
CTOF_DEL    ---     0.495      R4C15D.C0 to      R4C15D.F0 SLICE_494
ROUTE         1     1.278      R4C15D.F0 to      R5C12C.C0 serial_out_172
CTOF_DEL    ---     0.495      R5C12C.C0 to      R5C12C.F0 SLICE_493
ROUTE         1     2.534      R5C12C.F0 to       28.PADDO serial_out_c
DOPAD_DEL   ---     2.797       28.PADDO to         28.PAD serial_out
                  --------
                   11.797   (44.3% logic, 55.7% route), 6 logic levels.

Unconstrained Preference:
   CLOCK_TO_OUT PORT "serial_out" CLKPORT "clk" 

Report:   11.794ns delay SLICE_498 to serial_out

   Name    Fanout   Delay (ns)          Site               Resource
REG_DEL     ---     0.452     R7C15B.CLK to      R7C15B.Q1 SLICE_498 (from clk_c)
ROUTE         1     1.793      R7C15B.Q1 to      R3C14D.C1 observe[128]
CTOF_DEL    ---     0.495      R3C14D.C1 to      R3C14D.F1 SLICE_502
ROUTE         1     0.436      R3C14D.F1 to      R3C14D.C0 serial_out_120
CTOF_DEL    ---     0.495      R3C14D.C0 to      R3C14D.F0 SLICE_502
ROUTE         1     0.645      R3C14D.F0 to      R3C12D.D0 serial_out_162
CTOF_DEL    ---     0.495      R3C12D.D0 to      R3C12D.F0 SLICE_495
ROUTE         1     1.157      R3C12D.F0 to      R5C12C.D0 serial_out_173
CTOF_DEL    ---     0.495      R5C12C.D0 to      R5C12C.F0 SLICE_493
ROUTE         1     2.534      R5C12C.F0 to       28.PADDO serial_out_c
DOPAD_DEL   ---     2.797       28.PADDO to         28.PAD serial_out
                  --------
                   11.794   (44.3% logic, 55.7% route), 6 logic levels.

Unconstrained Preference:
   CLOCK_TO_OUT PORT "serial_out" CLKPORT "clk" 

Report:   11.777ns delay SLICE_581 to serial_out

   Name    Fanout   Delay (ns)          Site               Resource
REG_DEL     ---     0.452     R4C16B.CLK to      R4C16B.Q0 SLICE_581 (from clk_c)
ROUTE         1     0.964      R4C16B.Q0 to      R4C17D.A1 observe[83]
CTOF_DEL    ---     0.495      R4C17D.A1 to      R4C17D.F1 SLICE_591
ROUTE         1     1.336      R4C17D.F1 to      R4C15D.B1 serial_out_109
CTOF_DEL    ---     0.495      R4C15D.B1 to      R4C15D.F1 SLICE_494
ROUTE         1     0.436      R4C15D.F1 to      R4C15D.C0 serial_out_160
CTOF_DEL    ---     0.495      R4C15D.C0 to      R4C15D.F0 SLICE_494
ROUTE         1     1.278      R4C15D.F0 to      R5C12C.C0 serial_out_172
CTOF_DEL    ---     0.495      R5C12C.C0 to      R5C12C.F0 SLICE_493
ROUTE         1     2.534      R5C12C.F0 to       28.PADDO serial_out_c
DOPAD_DEL   ---     2.797       28.PADDO to         28.PAD serial_out
                  --------
                   11.777   (44.4% logic, 55.6% route), 6 logic levels.

Unconstrained Preference:
   CLOCK_TO_OUT PORT "serial_out" CLKPORT "clk" 

Report:   11.703ns delay SLICE_78 to serial_out

   Name    Fanout   Delay (ns)          Site               Resource
REG_DEL     ---     0.452      R7C7C.CLK to       R7C7C.Q0 SLICE_78 (from clk_c)
ROUTE         1     1.793       R7C7C.Q0 to       R5C7D.C1 observe[5]
CTOF_DEL    ---     0.495       R5C7D.C1 to       R5C7D.F1 SLICE_596
ROUTE         1     1.675       R5C7D.F1 to      R5C12C.C1 serial_out_89
CTOF_DEL    ---     0.495      R5C12C.C1 to      R5C12C.F1 SLICE_493
ROUTE         1     0.967      R5C12C.F1 to      R5C12C.A0 serial_out_166
CTOF_DEL    ---     0.495      R5C12C.A0 to      R5C12C.F0 SLICE_493
ROUTE         1     2.534      R5C12C.F0 to       28.PADDO serial_out_c
DOPAD_DEL   ---     2.797       28.PADDO to         28.PAD serial_out
                  --------
                   11.703   (40.5% logic, 59.5% route), 5 logic levels.

Unconstrained Preference:
   CLOCK_TO_OUT PORT "serial_out" CLKPORT "clk" 

Report:   11.702ns delay SLICE_321 to serial_out

   Name    Fanout   Delay (ns)          Site               Resource
REG_DEL     ---     0.452     R4C16C.CLK to      R4C16C.Q1 SLICE_321 (from clk_c)
ROUTE         1     1.001      R4C16C.Q1 to      R4C15C.B1 observe[74]
CTOF_DEL    ---     0.495      R4C15C.B1 to      R4C15C.F1 SLICE_592
ROUTE         1     0.693      R4C15C.F1 to      R4C15B.B0 serial_out_106
CTOF_DEL    ---     0.495      R4C15B.B0 to      R4C15B.F0 SLICE_500
ROUTE         1     0.967      R4C15B.F0 to      R4C15D.A0 serial_out_159
CTOF_DEL    ---     0.495      R4C15D.A0 to      R4C15D.F0 SLICE_494
ROUTE         1     1.278      R4C15D.F0 to      R5C12C.C0 serial_out_172
CTOF_DEL    ---     0.495      R5C12C.C0 to      R5C12C.F0 SLICE_493
ROUTE         1     2.534      R5C12C.F0 to       28.PADDO serial_out_c
DOPAD_DEL   ---     2.797       28.PADDO to         28.PAD serial_out
                  --------
                   11.702   (44.7% logic, 55.3% route), 6 logic levels.

Unconstrained Preference:
   CLOCK_TO_OUT PORT "serial_out" CLKPORT "clk" 

Report:   11.659ns delay SLICE_37 to serial_out

   Name    Fanout   Delay (ns)          Site               Resource
REG_DEL     ---     0.452     R3C10A.CLK to      R3C10A.Q1 SLICE_37 (from clk_c)
ROUTE         1     1.299      R3C10A.Q1 to      R3C12A.A1 observe[155]
CTOF_DEL    ---     0.495      R3C12A.A1 to      R3C12A.F1 SLICE_585
ROUTE         1     1.004      R3C12A.F1 to      R3C12D.B1 serial_out_127
CTOF_DEL    ---     0.495      R3C12D.B1 to      R3C12D.F1 SLICE_495
ROUTE         1     0.436      R3C12D.F1 to      R3C12D.C0 serial_out_164
CTOF_DEL    ---     0.495      R3C12D.C0 to      R3C12D.F0 SLICE_495
ROUTE         1     1.157      R3C12D.F0 to      R5C12C.D0 serial_out_173
CTOF_DEL    ---     0.495      R5C12C.D0 to      R5C12C.F0 SLICE_493
ROUTE         1     2.534      R5C12C.F0 to       28.PADDO serial_out_c
DOPAD_DEL   ---     2.797       28.PADDO to         28.PAD serial_out
                  --------
                   11.659   (44.8% logic, 55.2% route), 6 logic levels.

Unconstrained Preference:
   CLOCK_TO_OUT PORT "serial_out" CLKPORT "clk" 

Report:   11.648ns delay SLICE_504 to serial_out

   Name    Fanout   Delay (ns)          Site               Resource
REG_DEL     ---     0.452     R3C17B.CLK to      R3C17B.Q0 SLICE_504 (from clk_c)
ROUTE         1     1.079      R3C17B.Q0 to      R3C14A.C0 observe[123]
CTOF_DEL    ---     0.495      R3C14A.C0 to      R3C14A.F0 SLICE_588
ROUTE         1     1.004      R3C14A.F0 to      R3C14D.B0 serial_out_119
CTOF_DEL    ---     0.495      R3C14D.B0 to      R3C14D.F0 SLICE_502
ROUTE         1     0.645      R3C14D.F0 to      R3C12D.D0 serial_out_162
CTOF_DEL    ---     0.495      R3C12D.D0 to      R3C12D.F0 SLICE_495
ROUTE         1     1.157      R3C12D.F0 to      R5C12C.D0 serial_out_173
CTOF_DEL    ---     0.495      R5C12C.D0 to      R5C12C.F0 SLICE_493
ROUTE         1     2.534      R5C12C.F0 to       28.PADDO serial_out_c
DOPAD_DEL   ---     2.797       28.PADDO to         28.PAD serial_out
                  --------
                   11.648   (44.9% logic, 55.1% route), 6 logic levels.

Unconstrained Preference:
   CLOCK_TO_OUT PORT "serial_out" CLKPORT "clk" 

Report:   11.644ns delay SLICE_526 to serial_out

   Name    Fanout   Delay (ns)          Site               Resource
REG_DEL     ---     0.452     R4C17A.CLK to      R4C17A.Q0 SLICE_526 (from clk_c)
ROUTE         1     1.004      R4C17A.Q0 to      R4C17D.B0 observe[89]
CTOF_DEL    ---     0.495      R4C17D.B0 to      R4C17D.F0 SLICE_591
ROUTE         1     1.163      R4C17D.F0 to      R4C15D.C1 serial_out_110
CTOF_DEL    ---     0.495      R4C15D.C1 to      R4C15D.F1 SLICE_494
ROUTE         1     0.436      R4C15D.F1 to      R4C15D.C0 serial_out_160
CTOF_DEL    ---     0.495      R4C15D.C0 to      R4C15D.F0 SLICE_494
ROUTE         1     1.278      R4C15D.F0 to      R5C12C.C0 serial_out_172
CTOF_DEL    ---     0.495      R5C12C.C0 to      R5C12C.F0 SLICE_493
ROUTE         1     2.534      R5C12C.F0 to       28.PADDO serial_out_c
DOPAD_DEL   ---     2.797       28.PADDO to         28.PAD serial_out
                  --------
                   11.644   (44.9% logic, 55.1% route), 6 logic levels.

Unconstrained Preference:
   CLOCK_TO_OUT PORT "serial_out" CLKPORT "clk" 

Report:   11.630ns delay SLICE_325 to serial_out

   Name    Fanout   Delay (ns)          Site               Resource
REG_DEL     ---     0.452      R4C6B.CLK to       R4C6B.Q0 SLICE_325 (from clk_c)
ROUTE         1     1.838       R4C6B.Q0 to      R3C12B.B1 observe[149]
CTOF_DEL    ---     0.495      R3C12B.B1 to      R3C12B.F1 SLICE_586
ROUTE         1     0.436      R3C12B.F1 to      R3C12D.C1 serial_out_125
CTOF_DEL    ---     0.495      R3C12D.C1 to      R3C12D.F1 SLICE_495
ROUTE         1     0.436      R3C12D.F1 to      R3C12D.C0 serial_out_164
CTOF_DEL    ---     0.495      R3C12D.C0 to      R3C12D.F0 SLICE_495
ROUTE         1     1.157      R3C12D.F0 to      R5C12C.D0 serial_out_173
CTOF_DEL    ---     0.495      R5C12C.D0 to      R5C12C.F0 SLICE_493
ROUTE         1     2.534      R5C12C.F0 to       28.PADDO serial_out_c
DOPAD_DEL   ---     2.797       28.PADDO to         28.PAD serial_out
                  --------
                   11.630   (45.0% logic, 55.0% route), 6 logic levels.

Unconstrained Preference:
   CLOCK_TO_OUT PORT "serial_out" CLKPORT "clk" 

Report:   11.618ns delay SLICE_80 to serial_out

   Name    Fanout   Delay (ns)          Site               Resource
REG_DEL     ---     0.452      R4C7D.CLK to       R4C7D.Q1 SLICE_80 (from clk_c)
ROUTE         1     0.766       R4C7D.Q1 to       R5C7D.C0 observe[10]
CTOF_DEL    ---     0.495       R5C7D.C0 to       R5C7D.F0 SLICE_596
ROUTE         1     2.617       R5C7D.F0 to      R5C12C.B1 serial_out_90
CTOF_DEL    ---     0.495      R5C12C.B1 to      R5C12C.F1 SLICE_493
ROUTE         1     0.967      R5C12C.F1 to      R5C12C.A0 serial_out_166
CTOF_DEL    ---     0.495      R5C12C.A0 to      R5C12C.F0 SLICE_493
ROUTE         1     2.534      R5C12C.F0 to       28.PADDO serial_out_c
DOPAD_DEL   ---     2.797       28.PADDO to         28.PAD serial_out
                  --------
                   11.618   (40.7% logic, 59.3% route), 5 logic levels.

Unconstrained Preference:
   CLOCK_TO_OUT PORT "serial_out" CLKPORT "clk" 

Report:   11.604ns delay SLICE_584 to serial_out

   Name    Fanout   Delay (ns)          Site               Resource
REG_DEL     ---     0.452     R4C12D.CLK to      R4C12D.Q0 SLICE_584 (from clk_c)
ROUTE         1     1.072      R4C12D.Q0 to      R3C14A.D1 observe[121]
CTOF_DEL    ---     0.495      R3C14A.D1 to      R3C14A.F1 SLICE_588
ROUTE         1     0.967      R3C14A.F1 to      R3C14D.A0 serial_out_118
CTOF_DEL    ---     0.495      R3C14D.A0 to      R3C14D.F0 SLICE_502
ROUTE         1     0.645      R3C14D.F0 to      R3C12D.D0 serial_out_162
CTOF_DEL    ---     0.495      R3C12D.D0 to      R3C12D.F0 SLICE_495
ROUTE         1     1.157      R3C12D.F0 to      R5C12C.D0 serial_out_173
CTOF_DEL    ---     0.495      R5C12C.D0 to      R5C12C.F0 SLICE_493
ROUTE         1     2.534      R5C12C.F0 to       28.PADDO serial_out_c
DOPAD_DEL   ---     2.797       28.PADDO to         28.PAD serial_out
                  --------
                   11.604   (45.1% logic, 54.9% route), 6 logic levels.

Unconstrained Preference:
   CLOCK_TO_OUT PORT "serial_out" CLKPORT "clk" 

Report:   11.560ns delay SLICE_580 to serial_out

   Name    Fanout   Delay (ns)          Site               Resource
REG_DEL     ---     0.452     R4C17C.CLK to      R4C17C.Q1 SLICE_580 (from clk_c)
ROUTE         1     0.747      R4C17C.Q1 to      R4C17D.C1 observe[86]
CTOF_DEL    ---     0.495      R4C17D.C1 to      R4C17D.F1 SLICE_591
ROUTE         1     1.336      R4C17D.F1 to      R4C15D.B1 serial_out_109
CTOF_DEL    ---     0.495      R4C15D.B1 to      R4C15D.F1 SLICE_494
ROUTE         1     0.436      R4C15D.F1 to      R4C15D.C0 serial_out_160
CTOF_DEL    ---     0.495      R4C15D.C0 to      R4C15D.F0 SLICE_494
ROUTE         1     1.278      R4C15D.F0 to      R5C12C.C0 serial_out_172
CTOF_DEL    ---     0.495      R5C12C.C0 to      R5C12C.F0 SLICE_493
ROUTE         1     2.534      R5C12C.F0 to       28.PADDO serial_out_c
DOPAD_DEL   ---     2.797       28.PADDO to         28.PAD serial_out
                  --------
                   11.560   (45.2% logic, 54.8% route), 6 logic levels.

Unconstrained Preference:
   CLOCK_TO_OUT PORT "serial_out" CLKPORT "clk" 

Report:   11.513ns delay SLICE_507 to serial_out

   Name    Fanout   Delay (ns)          Site               Resource
REG_DEL     ---     0.452     R8C15C.CLK to      R8C15C.Q1 SLICE_507 (from clk_c)
ROUTE         1     1.001      R8C15C.Q1 to      R7C15B.B1 observe[50]
CTOF_DEL    ---     0.495      R7C15B.B1 to      R7C15B.F1 SLICE_498
ROUTE         1     0.436      R7C15B.F1 to      R7C15B.C0 serial_out_100
CTOF_DEL    ---     0.495      R7C15B.C0 to      R7C15B.F0 SLICE_498
ROUTE         1     1.035      R7C15B.F0 to      R4C15D.D0 serial_out_157
CTOF_DEL    ---     0.495      R4C15D.D0 to      R4C15D.F0 SLICE_494
ROUTE         1     1.278      R4C15D.F0 to      R5C12C.C0 serial_out_172
CTOF_DEL    ---     0.495      R5C12C.C0 to      R5C12C.F0 SLICE_493
ROUTE         1     2.534      R5C12C.F0 to       28.PADDO serial_out_c
DOPAD_DEL   ---     2.797       28.PADDO to         28.PAD serial_out
                  --------
                   11.513   (45.4% logic, 54.6% route), 6 logic levels.

Unconstrained Preference:
   CLOCK_TO_OUT PORT "serial_out" CLKPORT "clk" 

Report:   11.486ns delay SLICE_311 to serial_out

   Name    Fanout   Delay (ns)          Site               Resource
REG_DEL     ---     0.452     R7C16B.CLK to      R7C16B.Q1 SLICE_311 (from clk_c)
ROUTE         1     1.051      R7C16B.Q1 to      R5C16D.A1 observe[94]
CTOF_DEL    ---     0.495      R5C16D.A1 to      R5C16D.F1 SLICE_590
ROUTE         1     0.958      R5C16D.F1 to      R4C15D.D1 serial_out_111
CTOF_DEL    ---     0.495      R4C15D.D1 to      R4C15D.F1 SLICE_494
ROUTE         1     0.436      R4C15D.F1 to      R4C15D.C0 serial_out_160
CTOF_DEL    ---     0.495      R4C15D.C0 to      R4C15D.F0 SLICE_494
ROUTE         1     1.278      R4C15D.F0 to      R5C12C.C0 serial_out_172
CTOF_DEL    ---     0.495      R5C12C.C0 to      R5C12C.F0 SLICE_493
ROUTE         1     2.534      R5C12C.F0 to       28.PADDO serial_out_c
DOPAD_DEL   ---     2.797       28.PADDO to         28.PAD serial_out
                  --------
                   11.486   (45.5% logic, 54.5% route), 6 logic levels.

Unconstrained Preference:
   CLOCK_TO_OUT PORT "serial_out" CLKPORT "clk" 

Report:   11.479ns delay SLICE_481 to serial_out

   Name    Fanout   Delay (ns)          Site               Resource
REG_DEL     ---     0.452     R7C15A.CLK to      R7C15A.Q0 SLICE_481 (from clk_c)
ROUTE         1     0.967      R7C15A.Q0 to      R7C15B.A1 observe[47]
CTOF_DEL    ---     0.495      R7C15B.A1 to      R7C15B.F1 SLICE_498
ROUTE         1     0.436      R7C15B.F1 to      R7C15B.C0 serial_out_100
CTOF_DEL    ---     0.495      R7C15B.C0 to      R7C15B.F0 SLICE_498
ROUTE         1     1.035      R7C15B.F0 to      R4C15D.D0 serial_out_157
CTOF_DEL    ---     0.495      R4C15D.D0 to      R4C15D.F0 SLICE_494
ROUTE         1     1.278      R4C15D.F0 to      R5C12C.C0 serial_out_172
CTOF_DEL    ---     0.495      R5C12C.C0 to      R5C12C.F0 SLICE_493
ROUTE         1     2.534      R5C12C.F0 to       28.PADDO serial_out_c
DOPAD_DEL   ---     2.797       28.PADDO to         28.PAD serial_out
                  --------
                   11.479   (45.6% logic, 54.4% route), 6 logic levels.

Unconstrained Preference:
   CLOCK_TO_OUT PORT "serial_out" CLKPORT "clk" 

Report:   11.475ns delay SLICE_79 to serial_out

   Name    Fanout   Delay (ns)          Site               Resource
REG_DEL     ---     0.452      R5C6A.CLK to       R5C6A.Q0 SLICE_79 (from clk_c)
ROUTE         1     0.623       R5C6A.Q0 to       R5C7D.D0 observe[7]
CTOF_DEL    ---     0.495       R5C7D.D0 to       R5C7D.F0 SLICE_596
ROUTE         1     2.617       R5C7D.F0 to      R5C12C.B1 serial_out_90
CTOF_DEL    ---     0.495      R5C12C.B1 to      R5C12C.F1 SLICE_493
ROUTE         1     0.967      R5C12C.F1 to      R5C12C.A0 serial_out_166
CTOF_DEL    ---     0.495      R5C12C.A0 to      R5C12C.F0 SLICE_493
ROUTE         1     2.534      R5C12C.F0 to       28.PADDO serial_out_c
DOPAD_DEL   ---     2.797       28.PADDO to         28.PAD serial_out
                  --------
                   11.475   (41.3% logic, 58.7% route), 5 logic levels.

Unconstrained Preference:
   CLOCK_TO_OUT PORT "serial_out" CLKPORT "clk" 

Report:   11.448ns delay SLICE_594 to serial_out

   Name    Fanout   Delay (ns)          Site               Resource
REG_DEL     ---     0.452    R10C15A.CLK to     R10C15A.Q0 SLICE_594 (from clk_c)
ROUTE         1     2.550     R10C15A.Q0 to      R5C12B.D1 observe[174]
CTOF_DEL    ---     0.495      R5C12B.D1 to      R5C12B.F1 SLICE_496
ROUTE         1     0.626      R5C12B.F1 to      R5C12B.D0 serial_out_131
CTOF_DEL    ---     0.495      R5C12B.D0 to      R5C12B.F0 SLICE_496
ROUTE         1     1.004      R5C12B.F0 to      R5C12C.B0 serial_out_165
CTOF_DEL    ---     0.495      R5C12C.B0 to      R5C12C.F0 SLICE_493
ROUTE         1     2.534      R5C12C.F0 to       28.PADDO serial_out_c
DOPAD_DEL   ---     2.797       28.PADDO to         28.PAD serial_out
                  --------
                   11.448   (41.4% logic, 58.6% route), 5 logic levels.

Unconstrained Preference:
   CLOCK_TO_OUT PORT "serial_out" CLKPORT "clk" 

Report:   11.445ns delay SLICE_321 to serial_out

   Name    Fanout   Delay (ns)          Site               Resource
REG_DEL     ---     0.452     R4C16C.CLK to      R4C16C.Q0 SLICE_321 (from clk_c)
ROUTE         1     0.744      R4C16C.Q0 to      R4C15C.C1 observe[73]
CTOF_DEL    ---     0.495      R4C15C.C1 to      R4C15C.F1 SLICE_592
ROUTE         1     0.693      R4C15C.F1 to      R4C15B.B0 serial_out_106
CTOF_DEL    ---     0.495      R4C15B.B0 to      R4C15B.F0 SLICE_500
ROUTE         1     0.967      R4C15B.F0 to      R4C15D.A0 serial_out_159
CTOF_DEL    ---     0.495      R4C15D.A0 to      R4C15D.F0 SLICE_494
ROUTE         1     1.278      R4C15D.F0 to      R5C12C.C0 serial_out_172
CTOF_DEL    ---     0.495      R5C12C.C0 to      R5C12C.F0 SLICE_493
ROUTE         1     2.534      R5C12C.F0 to       28.PADDO serial_out_c
DOPAD_DEL   ---     2.797       28.PADDO to         28.PAD serial_out
                  --------
                   11.445   (45.7% logic, 54.3% route), 6 logic levels.

Unconstrained Preference:
   CLOCK_TO_OUT PORT "serial_out" CLKPORT "clk" 

Report:   11.445ns delay SLICE_578 to serial_out

   Name    Fanout   Delay (ns)          Site               Resource
REG_DEL     ---     0.452     R3C15A.CLK to      R3C15A.Q0 SLICE_578 (from clk_c)
ROUTE         1     1.001      R3C15A.Q0 to      R4C15B.B1 observe[81]
CTOF_DEL    ---     0.495      R4C15B.B1 to      R4C15B.F1 SLICE_500
ROUTE         1     0.436      R4C15B.F1 to      R4C15B.C0 serial_out_108
CTOF_DEL    ---     0.495      R4C15B.C0 to      R4C15B.F0 SLICE_500
ROUTE         1     0.967      R4C15B.F0 to      R4C15D.A0 serial_out_159
CTOF_DEL    ---     0.495      R4C15D.A0 to      R4C15D.F0 SLICE_494
ROUTE         1     1.278      R4C15D.F0 to      R5C12C.C0 serial_out_172
CTOF_DEL    ---     0.495      R5C12C.C0 to      R5C12C.F0 SLICE_493
ROUTE         1     2.534      R5C12C.F0 to       28.PADDO serial_out_c
DOPAD_DEL   ---     2.797       28.PADDO to         28.PAD serial_out
                  --------
                   11.445   (45.7% logic, 54.3% route), 6 logic levels.

Unconstrained Preference:
   CLOCK_TO_OUT PORT "serial_out" CLKPORT "clk" 

Report:   11.436ns delay SLICE_581 to serial_out

   Name    Fanout   Delay (ns)          Site               Resource
REG_DEL     ---     0.452     R4C16B.CLK to      R4C16B.Q1 SLICE_581 (from clk_c)
ROUTE         1     0.623      R4C16B.Q1 to      R4C17D.D1 observe[84]
CTOF_DEL    ---     0.495      R4C17D.D1 to      R4C17D.F1 SLICE_591
ROUTE         1     1.336      R4C17D.F1 to      R4C15D.B1 serial_out_109
CTOF_DEL    ---     0.495      R4C15D.B1 to      R4C15D.F1 SLICE_494
ROUTE         1     0.436      R4C15D.F1 to      R4C15D.C0 serial_out_160
CTOF_DEL    ---     0.495      R4C15D.C0 to      R4C15D.F0 SLICE_494
ROUTE         1     1.278      R4C15D.F0 to      R5C12C.C0 serial_out_172
CTOF_DEL    ---     0.495      R5C12C.C0 to      R5C12C.F0 SLICE_493
ROUTE         1     2.534      R5C12C.F0 to       28.PADDO serial_out_c
DOPAD_DEL   ---     2.797       28.PADDO to         28.PAD serial_out
                  --------
                   11.436   (45.7% logic, 54.3% route), 6 logic levels.

Unconstrained Preference:
   CLOCK_TO_OUT PORT "serial_out" CLKPORT "clk" 

Report:   11.384ns delay SLICE_577 to serial_out

   Name    Fanout   Delay (ns)          Site               Resource
REG_DEL     ---     0.452     R5C17A.CLK to      R5C17A.Q1 SLICE_577 (from clk_c)
ROUTE         1     0.744      R5C17A.Q1 to      R4C17D.C0 observe[88]
CTOF_DEL    ---     0.495      R4C17D.C0 to      R4C17D.F0 SLICE_591
ROUTE         1     1.163      R4C17D.F0 to      R4C15D.C1 serial_out_110
CTOF_DEL    ---     0.495      R4C15D.C1 to      R4C15D.F1 SLICE_494
ROUTE         1     0.436      R4C15D.F1 to      R4C15D.C0 serial_out_160
CTOF_DEL    ---     0.495      R4C15D.C0 to      R4C15D.F0 SLICE_494
ROUTE         1     1.278      R4C15D.F0 to      R5C12C.C0 serial_out_172
CTOF_DEL    ---     0.495      R5C12C.C0 to      R5C12C.F0 SLICE_493
ROUTE         1     2.534      R5C12C.F0 to       28.PADDO serial_out_c
DOPAD_DEL   ---     2.797       28.PADDO to         28.PAD serial_out
                  --------
                   11.384   (45.9% logic, 54.1% route), 6 logic levels.

Unconstrained Preference:
   CLOCK_TO_OUT PORT "serial_out" CLKPORT "clk" 

Report:   11.383ns delay SLICE_38 to serial_out

   Name    Fanout   Delay (ns)          Site               Resource
REG_DEL     ---     0.452     R3C10B.CLK to      R3C10B.Q1 SLICE_38 (from clk_c)
ROUTE         1     1.023      R3C10B.Q1 to      R3C12A.B1 observe[157]
CTOF_DEL    ---     0.495      R3C12A.B1 to      R3C12A.F1 SLICE_585
ROUTE         1     1.004      R3C12A.F1 to      R3C12D.B1 serial_out_127
CTOF_DEL    ---     0.495      R3C12D.B1 to      R3C12D.F1 SLICE_495
ROUTE         1     0.436      R3C12D.F1 to      R3C12D.C0 serial_out_164
CTOF_DEL    ---     0.495      R3C12D.C0 to      R3C12D.F0 SLICE_495
ROUTE         1     1.157      R3C12D.F0 to      R5C12C.D0 serial_out_173
CTOF_DEL    ---     0.495      R5C12C.D0 to      R5C12C.F0 SLICE_493
ROUTE         1     2.534      R5C12C.F0 to       28.PADDO serial_out_c
DOPAD_DEL   ---     2.797       28.PADDO to         28.PAD serial_out
                  --------
                   11.383   (45.9% logic, 54.1% route), 6 logic levels.

Unconstrained Preference:
   CLOCK_TO_OUT PORT "serial_out" CLKPORT "clk" 

Report:   11.345ns delay SLICE_81 to serial_out

   Name    Fanout   Delay (ns)          Site               Resource
REG_DEL     ---     0.452      R4C5A.CLK to       R4C5A.Q1 SLICE_81 (from clk_c)
ROUTE         1     0.964       R4C5A.Q1 to       R4C6B.A1 observe[12]
CTOF_DEL    ---     0.495       R4C6B.A1 to       R4C6B.F1 SLICE_325
ROUTE         1     2.146       R4C6B.F1 to      R5C12C.A1 serial_out_134
CTOF_DEL    ---     0.495      R5C12C.A1 to      R5C12C.F1 SLICE_493
ROUTE         1     0.967      R5C12C.F1 to      R5C12C.A0 serial_out_166
CTOF_DEL    ---     0.495      R5C12C.A0 to      R5C12C.F0 SLICE_493
ROUTE         1     2.534      R5C12C.F0 to       28.PADDO serial_out_c
DOPAD_DEL   ---     2.797       28.PADDO to         28.PAD serial_out
                  --------
                   11.345   (41.7% logic, 58.3% route), 5 logic levels.

Unconstrained Preference:
   CLOCK_TO_OUT PORT "serial_out" CLKPORT "clk" 

Report:   11.298ns delay SLICE_585 to serial_out

   Name    Fanout   Delay (ns)          Site               Resource
REG_DEL     ---     0.452     R3C12A.CLK to      R3C12A.Q1 SLICE_585 (from clk_c)
ROUTE         1     0.766      R3C12A.Q1 to      R3C14A.C1 observe[120]
CTOF_DEL    ---     0.495      R3C14A.C1 to      R3C14A.F1 SLICE_588
ROUTE         1     0.967      R3C14A.F1 to      R3C14D.A0 serial_out_118
CTOF_DEL    ---     0.495      R3C14D.A0 to      R3C14D.F0 SLICE_502
ROUTE         1     0.645      R3C14D.F0 to      R3C12D.D0 serial_out_162
CTOF_DEL    ---     0.495      R3C12D.D0 to      R3C12D.F0 SLICE_495
ROUTE         1     1.157      R3C12D.F0 to      R5C12C.D0 serial_out_173
CTOF_DEL    ---     0.495      R5C12C.D0 to      R5C12C.F0 SLICE_493
ROUTE         1     2.534      R5C12C.F0 to       28.PADDO serial_out_c
DOPAD_DEL   ---     2.797       28.PADDO to         28.PAD serial_out
                  --------
                   11.298   (46.3% logic, 53.7% route), 6 logic levels.

Unconstrained Preference:
   CLOCK_TO_OUT PORT "serial_out" CLKPORT "clk" 

Report:   11.290ns delay SLICE_529 to serial_out

   Name    Fanout   Delay (ns)          Site               Resource
REG_DEL     ---     0.452     R4C15A.CLK to      R4C15A.Q0 SLICE_529 (from clk_c)
ROUTE         1     0.967      R4C15A.Q0 to      R4C15C.A0 observe[77]
CTOF_DEL    ---     0.495      R4C15C.A0 to      R4C15C.F0 SLICE_592
ROUTE         1     0.315      R4C15C.F0 to      R4C15B.D0 serial_out_107
CTOF_DEL    ---     0.495      R4C15B.D0 to      R4C15B.F0 SLICE_500
ROUTE         1     0.967      R4C15B.F0 to      R4C15D.A0 serial_out_159
CTOF_DEL    ---     0.495      R4C15D.A0 to      R4C15D.F0 SLICE_494
ROUTE         1     1.278      R4C15D.F0 to      R5C12C.C0 serial_out_172
CTOF_DEL    ---     0.495      R5C12C.C0 to      R5C12C.F0 SLICE_493
ROUTE         1     2.534      R5C12C.F0 to       28.PADDO serial_out_c
DOPAD_DEL   ---     2.797       28.PADDO to         28.PAD serial_out
                  --------
                   11.290   (46.3% logic, 53.7% route), 6 logic levels.

Unconstrained Preference:
   CLOCK_TO_OUT PORT "serial_out" CLKPORT "clk" 

Report:   11.256ns delay SLICE_507 to serial_out

   Name    Fanout   Delay (ns)          Site               Resource
REG_DEL     ---     0.452     R8C15C.CLK to      R8C15C.Q0 SLICE_507 (from clk_c)
ROUTE         1     0.744      R8C15C.Q0 to      R7C15B.C1 observe[49]
CTOF_DEL    ---     0.495      R7C15B.C1 to      R7C15B.F1 SLICE_498
ROUTE         1     0.436      R7C15B.F1 to      R7C15B.C0 serial_out_100
CTOF_DEL    ---     0.495      R7C15B.C0 to      R7C15B.F0 SLICE_498
ROUTE         1     1.035      R7C15B.F0 to      R4C15D.D0 serial_out_157
CTOF_DEL    ---     0.495      R4C15D.D0 to      R4C15D.F0 SLICE_494
ROUTE         1     1.278      R4C15D.F0 to      R5C12C.C0 serial_out_172
CTOF_DEL    ---     0.495      R5C12C.C0 to      R5C12C.F0 SLICE_493
ROUTE         1     2.534      R5C12C.F0 to       28.PADDO serial_out_c
DOPAD_DEL   ---     2.797       28.PADDO to         28.PAD serial_out
                  --------
                   11.256   (46.5% logic, 53.5% route), 6 logic levels.

Unconstrained Preference:
   CLOCK_TO_OUT PORT "serial_out" CLKPORT "clk" 

Report:   11.214ns delay SLICE_586 to serial_out

   Name    Fanout   Delay (ns)          Site               Resource
REG_DEL     ---     0.452     R3C12B.CLK to      R3C12B.Q1 SLICE_586 (from clk_c)
ROUTE         1     1.023      R3C12B.Q1 to      R3C14B.B0 observe[118]
CTOF_DEL    ---     0.495      R3C14B.B0 to      R3C14B.F0 SLICE_226
ROUTE         1     0.626      R3C14B.F0 to      R3C14D.D0 serial_out_117
CTOF_DEL    ---     0.495      R3C14D.D0 to      R3C14D.F0 SLICE_502
ROUTE         1     0.645      R3C14D.F0 to      R3C12D.D0 serial_out_162
CTOF_DEL    ---     0.495      R3C12D.D0 to      R3C12D.F0 SLICE_495
ROUTE         1     1.157      R3C12D.F0 to      R5C12C.D0 serial_out_173
CTOF_DEL    ---     0.495      R5C12C.D0 to      R5C12C.F0 SLICE_493
ROUTE         1     2.534      R5C12C.F0 to       28.PADDO serial_out_c
DOPAD_DEL   ---     2.797       28.PADDO to         28.PAD serial_out
                  --------
                   11.214   (46.6% logic, 53.4% route), 6 logic levels.

Unconstrained Preference:
   CLOCK_TO_OUT PORT "serial_out" CLKPORT "clk" 

Report:   11.188ns delay SLICE_578 to serial_out

   Name    Fanout   Delay (ns)          Site               Resource
REG_DEL     ---     0.452     R3C15A.CLK to      R3C15A.Q1 SLICE_578 (from clk_c)
ROUTE         1     0.744      R3C15A.Q1 to      R4C15B.C1 observe[82]
CTOF_DEL    ---     0.495      R4C15B.C1 to      R4C15B.F1 SLICE_500
ROUTE         1     0.436      R4C15B.F1 to      R4C15B.C0 serial_out_108
CTOF_DEL    ---     0.495      R4C15B.C0 to      R4C15B.F0 SLICE_500
ROUTE         1     0.967      R4C15B.F0 to      R4C15D.A0 serial_out_159
CTOF_DEL    ---     0.495      R4C15D.A0 to      R4C15D.F0 SLICE_494
ROUTE         1     1.278      R4C15D.F0 to      R5C12C.C0 serial_out_172
CTOF_DEL    ---     0.495      R5C12C.C0 to      R5C12C.F0 SLICE_493
ROUTE         1     2.534      R5C12C.F0 to       28.PADDO serial_out_c
DOPAD_DEL   ---     2.797       28.PADDO to         28.PAD serial_out
                  --------
                   11.188   (46.7% logic, 53.3% route), 6 logic levels.

Unconstrained Preference:
   CLOCK_TO_OUT PORT "serial_out" CLKPORT "clk" 

Report:   11.183ns delay SLICE_41 to serial_out

   Name    Fanout   Delay (ns)          Site               Resource
REG_DEL     ---     0.452     R3C11B.CLK to      R3C11B.Q0 SLICE_41 (from clk_c)
ROUTE         1     1.413      R3C11B.Q0 to      R4C12D.A0 observe[168]
CTOF_DEL    ---     0.495      R4C12D.A0 to      R4C12D.F0 SLICE_584
ROUTE         1     1.498      R4C12D.F0 to      R5C12B.A0 serial_out_130
CTOF_DEL    ---     0.495      R5C12B.A0 to      R5C12B.F0 SLICE_496
ROUTE         1     1.004      R5C12B.F0 to      R5C12C.B0 serial_out_165
CTOF_DEL    ---     0.495      R5C12C.B0 to      R5C12C.F0 SLICE_493
ROUTE         1     2.534      R5C12C.F0 to       28.PADDO serial_out_c
DOPAD_DEL   ---     2.797       28.PADDO to         28.PAD serial_out
                  --------
                   11.183   (42.3% logic, 57.7% route), 5 logic levels.

Unconstrained Preference:
   CLOCK_TO_OUT PORT "serial_out" CLKPORT "clk" 

Report:   11.149ns delay SLICE_586 to serial_out

   Name    Fanout   Delay (ns)          Site               Resource
REG_DEL     ---     0.452     R3C12B.CLK to      R3C12B.Q0 SLICE_586 (from clk_c)
ROUTE         1     0.958      R3C12B.Q0 to      R3C14B.D0 observe[117]
CTOF_DEL    ---     0.495      R3C14B.D0 to      R3C14B.F0 SLICE_226
ROUTE         1     0.626      R3C14B.F0 to      R3C14D.D0 serial_out_117
CTOF_DEL    ---     0.495      R3C14D.D0 to      R3C14D.F0 SLICE_502
ROUTE         1     0.645      R3C14D.F0 to      R3C12D.D0 serial_out_162
CTOF_DEL    ---     0.495      R3C12D.D0 to      R3C12D.F0 SLICE_495
ROUTE         1     1.157      R3C12D.F0 to      R5C12C.D0 serial_out_173
CTOF_DEL    ---     0.495      R5C12C.D0 to      R5C12C.F0 SLICE_493
ROUTE         1     2.534      R5C12C.F0 to       28.PADDO serial_out_c
DOPAD_DEL   ---     2.797       28.PADDO to         28.PAD serial_out
                  --------
                   11.149   (46.9% logic, 53.1% route), 6 logic levels.

Unconstrained Preference:
   CLOCK_TO_OUT PORT "serial_out" CLKPORT "clk" 

Report:   11.145ns delay SLICE_47 to serial_out

   Name    Fanout   Delay (ns)          Site               Resource
REG_DEL     ---     0.452     R3C13B.CLK to      R3C13B.Q1 SLICE_47 (from clk_c)
ROUTE         1     1.163      R3C13B.Q1 to      R3C12A.C0 observe[161]
CTOF_DEL    ---     0.495      R3C12A.C0 to      R3C12A.F0 SLICE_585
ROUTE         1     0.626      R3C12A.F0 to      R3C12D.D1 serial_out_128
CTOF_DEL    ---     0.495      R3C12D.D1 to      R3C12D.F1 SLICE_495
ROUTE         1     0.436      R3C12D.F1 to      R3C12D.C0 serial_out_164
CTOF_DEL    ---     0.495      R3C12D.C0 to      R3C12D.F0 SLICE_495
ROUTE         1     1.157      R3C12D.F0 to      R5C12C.D0 serial_out_173
CTOF_DEL    ---     0.495      R5C12C.D0 to      R5C12C.F0 SLICE_493
ROUTE         1     2.534      R5C12C.F0 to       28.PADDO serial_out_c
DOPAD_DEL   ---     2.797       28.PADDO to         28.PAD serial_out
                  --------
                   11.145   (46.9% logic, 53.1% route), 6 logic levels.

Unconstrained Preference:
   CLOCK_TO_OUT PORT "serial_out" CLKPORT "clk" 

Report:   11.145ns delay SLICE_478 to serial_out

   Name    Fanout   Delay (ns)          Site               Resource
REG_DEL     ---     0.452     R7C16A.CLK to      R7C16A.Q0 SLICE_478 (from clk_c)
ROUTE         1     0.710      R7C16A.Q0 to      R5C16D.D1 observe[91]
CTOF_DEL    ---     0.495      R5C16D.D1 to      R5C16D.F1 SLICE_590
ROUTE         1     0.958      R5C16D.F1 to      R4C15D.D1 serial_out_111
CTOF_DEL    ---     0.495      R4C15D.D1 to      R4C15D.F1 SLICE_494
ROUTE         1     0.436      R4C15D.F1 to      R4C15D.C0 serial_out_160
CTOF_DEL    ---     0.495      R4C15D.C0 to      R4C15D.F0 SLICE_494
ROUTE         1     1.278      R4C15D.F0 to      R5C12C.C0 serial_out_172
CTOF_DEL    ---     0.495      R5C12C.C0 to      R5C12C.F0 SLICE_493
ROUTE         1     2.534      R5C12C.F0 to       28.PADDO serial_out_c
DOPAD_DEL   ---     2.797       28.PADDO to         28.PAD serial_out
                  --------
                   11.145   (46.9% logic, 53.1% route), 6 logic levels.

Unconstrained Preference:
   CLOCK_TO_OUT PORT "serial_out" CLKPORT "clk" 

Report:   11.138ns delay SLICE_481 to serial_out

   Name    Fanout   Delay (ns)          Site               Resource
REG_DEL     ---     0.452     R7C15A.CLK to      R7C15A.Q1 SLICE_481 (from clk_c)
ROUTE         1     0.626      R7C15A.Q1 to      R7C15B.D1 observe[48]
CTOF_DEL    ---     0.495      R7C15B.D1 to      R7C15B.F1 SLICE_498
ROUTE         1     0.436      R7C15B.F1 to      R7C15B.C0 serial_out_100
CTOF_DEL    ---     0.495      R7C15B.C0 to      R7C15B.F0 SLICE_498
ROUTE         1     1.035      R7C15B.F0 to      R4C15D.D0 serial_out_157
CTOF_DEL    ---     0.495      R4C15D.D0 to      R4C15D.F0 SLICE_494
ROUTE         1     1.278      R4C15D.F0 to      R5C12C.C0 serial_out_172
CTOF_DEL    ---     0.495      R5C12C.C0 to      R5C12C.F0 SLICE_493
ROUTE         1     2.534      R5C12C.F0 to       28.PADDO serial_out_c
DOPAD_DEL   ---     2.797       28.PADDO to         28.PAD serial_out
                  --------
                   11.138   (46.9% logic, 53.1% route), 6 logic levels.

Unconstrained Preference:
   CLOCK_TO_OUT PORT "serial_out" CLKPORT "clk" 

Report:   11.106ns delay SLICE_40 to serial_out

   Name    Fanout   Delay (ns)          Site               Resource
REG_DEL     ---     0.452     R3C11A.CLK to      R3C11A.Q1 SLICE_40 (from clk_c)
ROUTE         1     1.336      R3C11A.Q1 to      R4C12D.B0 observe[167]
CTOF_DEL    ---     0.495      R4C12D.B0 to      R4C12D.F0 SLICE_584
ROUTE         1     1.498      R4C12D.F0 to      R5C12B.A0 serial_out_130
CTOF_DEL    ---     0.495      R5C12B.A0 to      R5C12B.F0 SLICE_496
ROUTE         1     1.004      R5C12B.F0 to      R5C12C.B0 serial_out_165
CTOF_DEL    ---     0.495      R5C12C.B0 to      R5C12C.F0 SLICE_493
ROUTE         1     2.534      R5C12C.F0 to       28.PADDO serial_out_c
DOPAD_DEL   ---     2.797       28.PADDO to         28.PAD serial_out
                  --------
                   11.106   (42.6% logic, 57.4% route), 5 logic levels.

Unconstrained Preference:
   CLOCK_TO_OUT PORT "serial_out" CLKPORT "clk" 

Report:   11.104ns delay SLICE_46 to serial_out

   Name    Fanout   Delay (ns)          Site               Resource
REG_DEL     ---     0.452     R3C13A.CLK to      R3C13A.Q0 SLICE_46 (from clk_c)
ROUTE         1     0.744      R3C13A.Q0 to      R3C12A.C1 observe[158]
CTOF_DEL    ---     0.495      R3C12A.C1 to      R3C12A.F1 SLICE_585
ROUTE         1     1.004      R3C12A.F1 to      R3C12D.B1 serial_out_127
CTOF_DEL    ---     0.495      R3C12D.B1 to      R3C12D.F1 SLICE_495
ROUTE         1     0.436      R3C12D.F1 to      R3C12D.C0 serial_out_164
CTOF_DEL    ---     0.495      R3C12D.C0 to      R3C12D.F0 SLICE_495
ROUTE         1     1.157      R3C12D.F0 to      R5C12C.D0 serial_out_173
CTOF_DEL    ---     0.495      R5C12C.D0 to      R5C12C.F0 SLICE_493
ROUTE         1     2.534      R5C12C.F0 to       28.PADDO serial_out_c
DOPAD_DEL   ---     2.797       28.PADDO to         28.PAD serial_out
                  --------
                   11.104   (47.1% logic, 52.9% route), 6 logic levels.

Unconstrained Preference:
   CLOCK_TO_OUT PORT "serial_out" CLKPORT "clk" 

Report:   11.089ns delay SLICE_37 to serial_out

   Name    Fanout   Delay (ns)          Site               Resource
REG_DEL     ---     0.452     R3C10A.CLK to      R3C10A.Q0 SLICE_37 (from clk_c)
ROUTE         1     0.766      R3C10A.Q0 to      R3C12B.C0 observe[154]
CTOF_DEL    ---     0.495      R3C12B.C0 to      R3C12B.F0 SLICE_586
ROUTE         1     0.967      R3C12B.F0 to      R3C12D.A1 serial_out_126
CTOF_DEL    ---     0.495      R3C12D.A1 to      R3C12D.F1 SLICE_495
ROUTE         1     0.436      R3C12D.F1 to      R3C12D.C0 serial_out_164
CTOF_DEL    ---     0.495      R3C12D.C0 to      R3C12D.F0 SLICE_495
ROUTE         1     1.157      R3C12D.F0 to      R5C12C.D0 serial_out_173
CTOF_DEL    ---     0.495      R5C12C.D0 to      R5C12C.F0 SLICE_493
ROUTE         1     2.534      R5C12C.F0 to       28.PADDO serial_out_c
DOPAD_DEL   ---     2.797       28.PADDO to         28.PAD serial_out
                  --------
                   11.089   (47.2% logic, 52.8% route), 6 logic levels.

Unconstrained Preference:
   CLOCK_TO_OUT PORT "serial_out" CLKPORT "clk" 

Report:   11.077ns delay SLICE_44 to serial_out

   Name    Fanout   Delay (ns)          Site               Resource
REG_DEL     ---     0.452     R4C12B.CLK to      R4C12B.Q1 SLICE_44 (from clk_c)
ROUTE         1     0.967      R4C12B.Q1 to      R4C12D.A1 observe[165]
CTOF_DEL    ---     0.495      R4C12D.A1 to      R4C12D.F1 SLICE_584
ROUTE         1     1.838      R4C12D.F1 to      R5C12B.B0 serial_out_129
CTOF_DEL    ---     0.495      R5C12B.B0 to      R5C12B.F0 SLICE_496
ROUTE         1     1.004      R5C12B.F0 to      R5C12C.B0 serial_out_165
CTOF_DEL    ---     0.495      R5C12C.B0 to      R5C12C.F0 SLICE_493
ROUTE         1     2.534      R5C12C.F0 to       28.PADDO serial_out_c
DOPAD_DEL   ---     2.797       28.PADDO to         28.PAD serial_out
                  --------
                   11.077   (42.7% logic, 57.3% route), 5 logic levels.

Unconstrained Preference:
   CLOCK_TO_OUT PORT "serial_out" CLKPORT "clk" 

Report:   11.070ns delay SLICE_325 to serial_out

   Name    Fanout   Delay (ns)          Site               Resource
REG_DEL     ---     0.452      R4C6B.CLK to       R4C6B.Q1 SLICE_325 (from clk_c)
ROUTE         1     1.278       R4C6B.Q1 to      R3C12B.C1 observe[150]
CTOF_DEL    ---     0.495      R3C12B.C1 to      R3C12B.F1 SLICE_586
ROUTE         1     0.436      R3C12B.F1 to      R3C12D.C1 serial_out_125
CTOF_DEL    ---     0.495      R3C12D.C1 to      R3C12D.F1 SLICE_495
ROUTE         1     0.436      R3C12D.F1 to      R3C12D.C0 serial_out_164
CTOF_DEL    ---     0.495      R3C12D.C0 to      R3C12D.F0 SLICE_495
ROUTE         1     1.157      R3C12D.F0 to      R5C12C.D0 serial_out_173
CTOF_DEL    ---     0.495      R5C12C.D0 to      R5C12C.F0 SLICE_493
ROUTE         1     2.534      R5C12C.F0 to       28.PADDO serial_out_c
DOPAD_DEL   ---     2.797       28.PADDO to         28.PAD serial_out
                  --------
                   11.070   (47.2% logic, 52.8% route), 6 logic levels.

Unconstrained Preference:
   CLOCK_TO_OUT PORT "serial_out" CLKPORT "clk" 

Report:   11.070ns delay SLICE_529 to serial_out

   Name    Fanout   Delay (ns)          Site               Resource
REG_DEL     ---     0.452     R4C15A.CLK to      R4C15A.Q1 SLICE_529 (from clk_c)
ROUTE         1     0.747      R4C15A.Q1 to      R4C15C.C0 observe[78]
CTOF_DEL    ---     0.495      R4C15C.C0 to      R4C15C.F0 SLICE_592
ROUTE         1     0.315      R4C15C.F0 to      R4C15B.D0 serial_out_107
CTOF_DEL    ---     0.495      R4C15B.D0 to      R4C15B.F0 SLICE_500
ROUTE         1     0.967      R4C15B.F0 to      R4C15D.A0 serial_out_159
CTOF_DEL    ---     0.495      R4C15D.A0 to      R4C15D.F0 SLICE_494
ROUTE         1     1.278      R4C15D.F0 to      R5C12C.C0 serial_out_172
CTOF_DEL    ---     0.495      R5C12C.C0 to      R5C12C.F0 SLICE_493
ROUTE         1     2.534      R5C12C.F0 to       28.PADDO serial_out_c
DOPAD_DEL   ---     2.797       28.PADDO to         28.PAD serial_out
                  --------
                   11.070   (47.2% logic, 52.8% route), 6 logic levels.

Unconstrained Preference:
   CLOCK_TO_OUT PORT "serial_out" CLKPORT "clk" 

Report:   11.067ns delay SLICE_528 to serial_out

   Name    Fanout   Delay (ns)          Site               Resource
REG_DEL     ---     0.452     R4C14A.CLK to      R4C14A.Q1 SLICE_528 (from clk_c)
ROUTE         1     0.623      R4C14A.Q1 to      R4C15B.D1 observe[80]
CTOF_DEL    ---     0.495      R4C15B.D1 to      R4C15B.F1 SLICE_500
ROUTE         1     0.436      R4C15B.F1 to      R4C15B.C0 serial_out_108
CTOF_DEL    ---     0.495      R4C15B.C0 to      R4C15B.F0 SLICE_500
ROUTE         1     0.967      R4C15B.F0 to      R4C15D.A0 serial_out_159
CTOF_DEL    ---     0.495      R4C15D.A0 to      R4C15D.F0 SLICE_494
ROUTE         1     1.278      R4C15D.F0 to      R5C12C.C0 serial_out_172
CTOF_DEL    ---     0.495      R5C12C.C0 to      R5C12C.F0 SLICE_493
ROUTE         1     2.534      R5C12C.F0 to       28.PADDO serial_out_c
DOPAD_DEL   ---     2.797       28.PADDO to         28.PAD serial_out
                  --------
                   11.067   (47.2% logic, 52.8% route), 6 logic levels.

Unconstrained Preference:
   CLOCK_TO_OUT PORT "serial_out" CLKPORT "clk" 

Report:   11.024ns delay SLICE_46 to serial_out

   Name    Fanout   Delay (ns)          Site               Resource
REG_DEL     ---     0.452     R3C13A.CLK to      R3C13A.Q1 SLICE_46 (from clk_c)
ROUTE         1     1.042      R3C13A.Q1 to      R3C12A.D0 observe[159]
CTOF_DEL    ---     0.495      R3C12A.D0 to      R3C12A.F0 SLICE_585
ROUTE         1     0.626      R3C12A.F0 to      R3C12D.D1 serial_out_128
CTOF_DEL    ---     0.495      R3C12D.D1 to      R3C12D.F1 SLICE_495
ROUTE         1     0.436      R3C12D.F1 to      R3C12D.C0 serial_out_164
CTOF_DEL    ---     0.495      R3C12D.C0 to      R3C12D.F0 SLICE_495
ROUTE         1     1.157      R3C12D.F0 to      R5C12C.D0 serial_out_173
CTOF_DEL    ---     0.495      R5C12C.D0 to      R5C12C.F0 SLICE_493
ROUTE         1     2.534      R5C12C.F0 to       28.PADDO serial_out_c
DOPAD_DEL   ---     2.797       28.PADDO to         28.PAD serial_out
                  --------
                   11.024   (47.4% logic, 52.6% route), 6 logic levels.

Unconstrained Preference:
   CLOCK_TO_OUT PORT "serial_out" CLKPORT "clk" 

Report:   11.004ns delay SLICE_81 to serial_out

   Name    Fanout   Delay (ns)          Site               Resource
REG_DEL     ---     0.452      R4C5A.CLK to       R4C5A.Q0 SLICE_81 (from clk_c)
ROUTE         1     0.623       R4C5A.Q0 to       R4C6B.D1 observe[11]
CTOF_DEL    ---     0.495       R4C6B.D1 to       R4C6B.F1 SLICE_325
ROUTE         1     2.146       R4C6B.F1 to      R5C12C.A1 serial_out_134
CTOF_DEL    ---     0.495      R5C12C.A1 to      R5C12C.F1 SLICE_493
ROUTE         1     0.967      R5C12C.F1 to      R5C12C.A0 serial_out_166
CTOF_DEL    ---     0.495      R5C12C.A0 to      R5C12C.F0 SLICE_493
ROUTE         1     2.534      R5C12C.F0 to       28.PADDO serial_out_c
DOPAD_DEL   ---     2.797       28.PADDO to         28.PAD serial_out
                  --------
                   11.004   (43.0% logic, 57.0% route), 5 logic levels.

Unconstrained Preference:
   CLOCK_TO_OUT PORT "serial_out" CLKPORT "clk" 

Report:   10.998ns delay SLICE_78 to serial_out

   Name    Fanout   Delay (ns)          Site               Resource
REG_DEL     ---     0.452      R7C7C.CLK to       R7C7C.Q1 SLICE_78 (from clk_c)
ROUTE         1     1.088       R7C7C.Q1 to       R5C7D.B1 observe[6]
CTOF_DEL    ---     0.495       R5C7D.B1 to       R5C7D.F1 SLICE_596
ROUTE         1     1.675       R5C7D.F1 to      R5C12C.C1 serial_out_89
CTOF_DEL    ---     0.495      R5C12C.C1 to      R5C12C.F1 SLICE_493
ROUTE         1     0.967      R5C12C.F1 to      R5C12C.A0 serial_out_166
CTOF_DEL    ---     0.495      R5C12C.A0 to      R5C12C.F0 SLICE_493
ROUTE         1     2.534      R5C12C.F0 to       28.PADDO serial_out_c
DOPAD_DEL   ---     2.797       28.PADDO to         28.PAD serial_out
                  --------
                   10.998   (43.0% logic, 57.0% route), 5 logic levels.

Unconstrained Preference:
   CLOCK_TO_OUT PORT "serial_out" CLKPORT "clk" 

Report:   10.983ns delay SLICE_47 to serial_out

   Name    Fanout   Delay (ns)          Site               Resource
REG_DEL     ---     0.452     R3C13B.CLK to      R3C13B.Q0 SLICE_47 (from clk_c)
ROUTE         1     1.001      R3C13B.Q0 to      R3C12A.B0 observe[160]
CTOF_DEL    ---     0.495      R3C12A.B0 to      R3C12A.F0 SLICE_585
ROUTE         1     0.626      R3C12A.F0 to      R3C12D.D1 serial_out_128
CTOF_DEL    ---     0.495      R3C12D.D1 to      R3C12D.F1 SLICE_495
ROUTE         1     0.436      R3C12D.F1 to      R3C12D.C0 serial_out_164
CTOF_DEL    ---     0.495      R3C12D.C0 to      R3C12D.F0 SLICE_495
ROUTE         1     1.157      R3C12D.F0 to      R5C12C.D0 serial_out_173
CTOF_DEL    ---     0.495      R5C12C.D0 to      R5C12C.F0 SLICE_493
ROUTE         1     2.534      R5C12C.F0 to       28.PADDO serial_out_c
DOPAD_DEL   ---     2.797       28.PADDO to         28.PAD serial_out
                  --------
                   10.983   (47.6% logic, 52.4% route), 6 logic levels.

Unconstrained Preference:
   CLOCK_TO_OUT PORT "serial_out" CLKPORT "clk" 

Report:   10.968ns delay SLICE_527 to serial_out

   Name    Fanout   Delay (ns)          Site               Resource
REG_DEL     ---     0.452     R4C14D.CLK to      R4C14D.Q0 SLICE_527 (from clk_c)
ROUTE         1     0.645      R4C14D.Q0 to      R4C15C.D0 observe[75]
CTOF_DEL    ---     0.495      R4C15C.D0 to      R4C15C.F0 SLICE_592
ROUTE         1     0.315      R4C15C.F0 to      R4C15B.D0 serial_out_107
CTOF_DEL    ---     0.495      R4C15B.D0 to      R4C15B.F0 SLICE_500
ROUTE         1     0.967      R4C15B.F0 to      R4C15D.A0 serial_out_159
CTOF_DEL    ---     0.495      R4C15D.A0 to      R4C15D.F0 SLICE_494
ROUTE         1     1.278      R4C15D.F0 to      R5C12C.C0 serial_out_172
CTOF_DEL    ---     0.495      R5C12C.C0 to      R5C12C.F0 SLICE_493
ROUTE         1     2.534      R5C12C.F0 to       28.PADDO serial_out_c
DOPAD_DEL   ---     2.797       28.PADDO to         28.PAD serial_out
                  --------
                   10.968   (47.7% logic, 52.3% route), 6 logic levels.

Unconstrained Preference:
   CLOCK_TO_OUT PORT "serial_out" CLKPORT "clk" 

Report:   10.946ns delay SLICE_43 to serial_out

   Name    Fanout   Delay (ns)          Site               Resource
REG_DEL     ---     0.452     R4C12A.CLK to      R4C12A.Q0 SLICE_43 (from clk_c)
ROUTE         1     0.964      R4C12A.Q0 to      R3C12A.A0 observe[162]
CTOF_DEL    ---     0.495      R3C12A.A0 to      R3C12A.F0 SLICE_585
ROUTE         1     0.626      R3C12A.F0 to      R3C12D.D1 serial_out_128
CTOF_DEL    ---     0.495      R3C12D.D1 to      R3C12D.F1 SLICE_495
ROUTE         1     0.436      R3C12D.F1 to      R3C12D.C0 serial_out_164
CTOF_DEL    ---     0.495      R3C12D.C0 to      R3C12D.F0 SLICE_495
ROUTE         1     1.157      R3C12D.F0 to      R5C12C.D0 serial_out_173
CTOF_DEL    ---     0.495      R5C12C.D0 to      R5C12C.F0 SLICE_493
ROUTE         1     2.534      R5C12C.F0 to       28.PADDO serial_out_c
DOPAD_DEL   ---     2.797       28.PADDO to         28.PAD serial_out
                  --------
                   10.946   (47.8% logic, 52.2% route), 6 logic levels.

Unconstrained Preference:
   CLOCK_TO_OUT PORT "serial_out" CLKPORT "clk" 

Report:   10.945ns delay SLICE_77 to serial_out

   Name    Fanout   Delay (ns)          Site               Resource
REG_DEL     ---     0.452      R7C7A.CLK to       R7C7A.Q1 SLICE_77 (from clk_c)
ROUTE         1     1.035       R7C7A.Q1 to       R5C7D.D1 observe[4]
CTOF_DEL    ---     0.495       R5C7D.D1 to       R5C7D.F1 SLICE_596
ROUTE         1     1.675       R5C7D.F1 to      R5C12C.C1 serial_out_89
CTOF_DEL    ---     0.495      R5C12C.C1 to      R5C12C.F1 SLICE_493
ROUTE         1     0.967      R5C12C.F1 to      R5C12C.A0 serial_out_166
CTOF_DEL    ---     0.495      R5C12C.A0 to      R5C12C.F0 SLICE_493
ROUTE         1     2.534      R5C12C.F0 to       28.PADDO serial_out_c
DOPAD_DEL   ---     2.797       28.PADDO to         28.PAD serial_out
                  --------
                   10.945   (43.3% logic, 56.7% route), 5 logic levels.

Unconstrained Preference:
   CLOCK_TO_OUT PORT "serial_out" CLKPORT "clk" 

Report:   10.938ns delay SLICE_587 to serial_out

   Name    Fanout   Delay (ns)          Site               Resource
REG_DEL     ---     0.452     R3C14C.CLK to      R3C14C.Q1 SLICE_587 (from clk_c)
ROUTE         1     0.747      R3C14C.Q1 to      R3C14B.C0 observe[116]
CTOF_DEL    ---     0.495      R3C14B.C0 to      R3C14B.F0 SLICE_226
ROUTE         1     0.626      R3C14B.F0 to      R3C14D.D0 serial_out_117
CTOF_DEL    ---     0.495      R3C14D.D0 to      R3C14D.F0 SLICE_502
ROUTE         1     0.645      R3C14D.F0 to      R3C12D.D0 serial_out_162
CTOF_DEL    ---     0.495      R3C12D.D0 to      R3C12D.F0 SLICE_495
ROUTE         1     1.157      R3C12D.F0 to      R5C12C.D0 serial_out_173
CTOF_DEL    ---     0.495      R5C12C.D0 to      R5C12C.F0 SLICE_493
ROUTE         1     2.534      R5C12C.F0 to       28.PADDO serial_out_c
DOPAD_DEL   ---     2.797       28.PADDO to         28.PAD serial_out
                  --------
                   10.938   (47.8% logic, 52.2% route), 6 logic levels.

Unconstrained Preference:
   CLOCK_TO_OUT PORT "serial_out" CLKPORT "clk" 

Report:   10.857ns delay SLICE_157 to serial_out

   Name    Fanout   Delay (ns)          Site               Resource
REG_DEL     ---     0.452     R3C17A.CLK to      R3C17A.Q1 SLICE_157 (from clk_c)
ROUTE         1     1.004      R3C17A.Q1 to      R3C17B.B0 observe[177]
CTOF_DEL    ---     0.495      R3C17B.B0 to      R3C17B.F0 SLICE_504
ROUTE         1     1.581      R3C17B.F0 to      R5C12B.C0 serial_out_132
CTOF_DEL    ---     0.495      R5C12B.C0 to      R5C12B.F0 SLICE_496
ROUTE         1     1.004      R5C12B.F0 to      R5C12C.B0 serial_out_165
CTOF_DEL    ---     0.495      R5C12C.B0 to      R5C12C.F0 SLICE_493
ROUTE         1     2.534      R5C12C.F0 to       28.PADDO serial_out_c
DOPAD_DEL   ---     2.797       28.PADDO to         28.PAD serial_out
                  --------
                   10.857   (43.6% logic, 56.4% route), 5 logic levels.

Unconstrained Preference:
   CLOCK_TO_OUT PORT "serial_out" CLKPORT "clk" 

Report:   10.857ns delay SLICE_44 to serial_out

   Name    Fanout   Delay (ns)          Site               Resource
REG_DEL     ---     0.452     R4C12B.CLK to      R4C12B.Q0 SLICE_44 (from clk_c)
ROUTE         1     0.747      R4C12B.Q0 to      R4C12D.C1 observe[164]
CTOF_DEL    ---     0.495      R4C12D.C1 to      R4C12D.F1 SLICE_584
ROUTE         1     1.838      R4C12D.F1 to      R5C12B.B0 serial_out_129
CTOF_DEL    ---     0.495      R5C12B.B0 to      R5C12B.F0 SLICE_496
ROUTE         1     1.004      R5C12B.F0 to      R5C12C.B0 serial_out_165
CTOF_DEL    ---     0.495      R5C12C.B0 to      R5C12C.F0 SLICE_493
ROUTE         1     2.534      R5C12C.F0 to       28.PADDO serial_out_c
DOPAD_DEL   ---     2.797       28.PADDO to         28.PAD serial_out
                  --------
                   10.857   (43.6% logic, 56.4% route), 5 logic levels.

Unconstrained Preference:
   CLOCK_TO_OUT PORT "serial_out" CLKPORT "clk" 

Report:   10.846ns delay SLICE_595 to serial_out

   Name    Fanout   Delay (ns)          Site               Resource
REG_DEL     ---     0.452     R8C13A.CLK to      R8C13A.Q1 SLICE_595 (from clk_c)
ROUTE         1     1.948      R8C13A.Q1 to      R5C12B.B1 observe[173]
CTOF_DEL    ---     0.495      R5C12B.B1 to      R5C12B.F1 SLICE_496
ROUTE         1     0.626      R5C12B.F1 to      R5C12B.D0 serial_out_131
CTOF_DEL    ---     0.495      R5C12B.D0 to      R5C12B.F0 SLICE_496
ROUTE         1     1.004      R5C12B.F0 to      R5C12C.B0 serial_out_165
CTOF_DEL    ---     0.495      R5C12C.B0 to      R5C12C.F0 SLICE_493
ROUTE         1     2.534      R5C12C.F0 to       28.PADDO serial_out_c
DOPAD_DEL   ---     2.797       28.PADDO to         28.PAD serial_out
                  --------
                   10.846   (43.6% logic, 56.4% route), 5 logic levels.

Unconstrained Preference:
   CLOCK_TO_OUT PORT "serial_out" CLKPORT "clk" 

Report:   10.824ns delay SLICE_594 to serial_out

   Name    Fanout   Delay (ns)          Site               Resource
REG_DEL     ---     0.452    R10C15A.CLK to     R10C15A.Q1 SLICE_594 (from clk_c)
ROUTE         1     1.926     R10C15A.Q1 to      R5C12B.C1 observe[175]
CTOF_DEL    ---     0.495      R5C12B.C1 to      R5C12B.F1 SLICE_496
ROUTE         1     0.626      R5C12B.F1 to      R5C12B.D0 serial_out_131
CTOF_DEL    ---     0.495      R5C12B.D0 to      R5C12B.F0 SLICE_496
ROUTE         1     1.004      R5C12B.F0 to      R5C12C.B0 serial_out_165
CTOF_DEL    ---     0.495      R5C12C.B0 to      R5C12C.F0 SLICE_493
ROUTE         1     2.534      R5C12C.F0 to       28.PADDO serial_out_c
DOPAD_DEL   ---     2.797       28.PADDO to         28.PAD serial_out
                  --------
                   10.824   (43.7% logic, 56.3% route), 5 logic levels.

Unconstrained Preference:
   CLOCK_TO_OUT PORT "serial_out" CLKPORT "clk" 

Report:   10.820ns delay SLICE_157 to serial_out

   Name    Fanout   Delay (ns)          Site               Resource
REG_DEL     ---     0.452     R3C17A.CLK to      R3C17A.Q0 SLICE_157 (from clk_c)
ROUTE         1     0.967      R3C17A.Q0 to      R3C17B.A0 observe[176]
CTOF_DEL    ---     0.495      R3C17B.A0 to      R3C17B.F0 SLICE_504
ROUTE         1     1.581      R3C17B.F0 to      R5C12B.C0 serial_out_132
CTOF_DEL    ---     0.495      R5C12B.C0 to      R5C12B.F0 SLICE_496
ROUTE         1     1.004      R5C12B.F0 to      R5C12C.B0 serial_out_165
CTOF_DEL    ---     0.495      R5C12C.B0 to      R5C12C.F0 SLICE_493
ROUTE         1     2.534      R5C12C.F0 to       28.PADDO serial_out_c
DOPAD_DEL   ---     2.797       28.PADDO to         28.PAD serial_out
                  --------
                   10.820   (43.8% logic, 56.2% route), 5 logic levels.

Unconstrained Preference:
   CLOCK_TO_OUT PORT "serial_out" CLKPORT "clk" 

Report:   10.759ns delay SLICE_495 to serial_out

   Name    Fanout   Delay (ns)          Site               Resource
REG_DEL     ---     0.452     R3C12D.CLK to      R3C12D.Q0 SLICE_495 (from clk_c)
ROUTE         1     0.967      R3C12D.Q0 to      R3C12B.A1 observe[147]
CTOF_DEL    ---     0.495      R3C12B.A1 to      R3C12B.F1 SLICE_586
ROUTE         1     0.436      R3C12B.F1 to      R3C12D.C1 serial_out_125
CTOF_DEL    ---     0.495      R3C12D.C1 to      R3C12D.F1 SLICE_495
ROUTE         1     0.436      R3C12D.F1 to      R3C12D.C0 serial_out_164
CTOF_DEL    ---     0.495      R3C12D.C0 to      R3C12D.F0 SLICE_495
ROUTE         1     1.157      R3C12D.F0 to      R5C12C.D0 serial_out_173
CTOF_DEL    ---     0.495      R5C12C.D0 to      R5C12C.F0 SLICE_493
ROUTE         1     2.534      R5C12C.F0 to       28.PADDO serial_out_c
DOPAD_DEL   ---     2.797       28.PADDO to         28.PAD serial_out
                  --------
                   10.759   (48.6% logic, 51.4% route), 6 logic levels.

Unconstrained Preference:
   CLOCK_TO_OUT PORT "serial_out" CLKPORT "clk" 

Report:   10.736ns delay SLICE_43 to serial_out

   Name    Fanout   Delay (ns)          Site               Resource
REG_DEL     ---     0.452     R4C12A.CLK to      R4C12A.Q1 SLICE_43 (from clk_c)
ROUTE         1     0.626      R4C12A.Q1 to      R4C12D.D1 observe[163]
CTOF_DEL    ---     0.495      R4C12D.D1 to      R4C12D.F1 SLICE_584
ROUTE         1     1.838      R4C12D.F1 to      R5C12B.B0 serial_out_129
CTOF_DEL    ---     0.495      R5C12B.B0 to      R5C12B.F0 SLICE_496
ROUTE         1     1.004      R5C12B.F0 to      R5C12C.B0 serial_out_165
CTOF_DEL    ---     0.495      R5C12C.B0 to      R5C12C.F0 SLICE_493
ROUTE         1     2.534      R5C12C.F0 to       28.PADDO serial_out_c
DOPAD_DEL   ---     2.797       28.PADDO to         28.PAD serial_out
                  --------
                   10.736   (44.1% logic, 55.9% route), 5 logic levels.

Unconstrained Preference:
   CLOCK_TO_OUT PORT "serial_out" CLKPORT "clk" 

Report:   10.728ns delay SLICE_41 to serial_out

   Name    Fanout   Delay (ns)          Site               Resource
REG_DEL     ---     0.452     R3C11B.CLK to      R3C11B.Q1 SLICE_41 (from clk_c)
ROUTE         1     0.958      R3C11B.Q1 to      R4C12D.D0 observe[169]
CTOF_DEL    ---     0.495      R4C12D.D0 to      R4C12D.F0 SLICE_584
ROUTE         1     1.498      R4C12D.F0 to      R5C12B.A0 serial_out_130
CTOF_DEL    ---     0.495      R5C12B.A0 to      R5C12B.F0 SLICE_496
ROUTE         1     1.004      R5C12B.F0 to      R5C12C.B0 serial_out_165
CTOF_DEL    ---     0.495      R5C12C.B0 to      R5C12C.F0 SLICE_493
ROUTE         1     2.534      R5C12C.F0 to       28.PADDO serial_out_c
DOPAD_DEL   ---     2.797       28.PADDO to         28.PAD serial_out
                  --------
                   10.728   (44.1% logic, 55.9% route), 5 logic levels.

Unconstrained Preference:
   CLOCK_TO_OUT PORT "serial_out" CLKPORT "clk" 

Report:   10.514ns delay SLICE_154 to serial_out

   Name    Fanout   Delay (ns)          Site               Resource
REG_DEL     ---     0.452     R5C12A.CLK to      R5C12A.Q0 SLICE_154 (from clk_c)
ROUTE         1     0.744      R5C12A.Q0 to      R4C12D.C0 observe[170]
CTOF_DEL    ---     0.495      R4C12D.C0 to      R4C12D.F0 SLICE_584
ROUTE         1     1.498      R4C12D.F0 to      R5C12B.A0 serial_out_130
CTOF_DEL    ---     0.495      R5C12B.A0 to      R5C12B.F0 SLICE_496
ROUTE         1     1.004      R5C12B.F0 to      R5C12C.B0 serial_out_165
CTOF_DEL    ---     0.495      R5C12C.B0 to      R5C12C.F0 SLICE_493
ROUTE         1     2.534      R5C12C.F0 to       28.PADDO serial_out_c
DOPAD_DEL   ---     2.797       28.PADDO to         28.PAD serial_out
                  --------
                   10.514   (45.0% logic, 55.0% route), 5 logic levels.

Unconstrained Preference:
   CLOCK_TO_OUT PORT "serial_out" CLKPORT "clk" 

Report:   10.479ns delay SLICE_158 to serial_out

   Name    Fanout   Delay (ns)          Site               Resource
REG_DEL     ---     0.452     R3C17D.CLK to      R3C17D.Q0 SLICE_158 (from clk_c)
ROUTE         1     0.626      R3C17D.Q0 to      R3C17B.D0 observe[178]
CTOF_DEL    ---     0.495      R3C17B.D0 to      R3C17B.F0 SLICE_504
ROUTE         1     1.581      R3C17B.F0 to      R5C12B.C0 serial_out_132
CTOF_DEL    ---     0.495      R5C12B.C0 to      R5C12B.F0 SLICE_496
ROUTE         1     1.004      R5C12B.F0 to      R5C12C.B0 serial_out_165
CTOF_DEL    ---     0.495      R5C12C.B0 to      R5C12C.F0 SLICE_493
ROUTE         1     2.534      R5C12C.F0 to       28.PADDO serial_out_c
DOPAD_DEL   ---     2.797       28.PADDO to         28.PAD serial_out
                  --------
                   10.479   (45.2% logic, 54.8% route), 5 logic levels.

Unconstrained Preference:
   CLOCK_TO_OUT PORT "serial_out" CLKPORT "clk" 

Report:   10.418ns delay SLICE_495 to serial_out

   Name    Fanout   Delay (ns)          Site               Resource
REG_DEL     ---     0.452     R3C12D.CLK to      R3C12D.Q1 SLICE_495 (from clk_c)
ROUTE         1     0.626      R3C12D.Q1 to      R3C12B.D1 observe[148]
CTOF_DEL    ---     0.495      R3C12B.D1 to      R3C12B.F1 SLICE_586
ROUTE         1     0.436      R3C12B.F1 to      R3C12D.C1 serial_out_125
CTOF_DEL    ---     0.495      R3C12D.C1 to      R3C12D.F1 SLICE_495
ROUTE         1     0.436      R3C12D.F1 to      R3C12D.C0 serial_out_164
CTOF_DEL    ---     0.495      R3C12D.C0 to      R3C12D.F0 SLICE_495
ROUTE         1     1.157      R3C12D.F0 to      R5C12C.D0 serial_out_173
CTOF_DEL    ---     0.495      R5C12C.D0 to      R5C12C.F0 SLICE_493
ROUTE         1     2.534      R5C12C.F0 to       28.PADDO serial_out_c
DOPAD_DEL   ---     2.797       28.PADDO to         28.PAD serial_out
                  --------
                   10.418   (50.2% logic, 49.8% route), 6 logic levels.

Unconstrained Preference:
   CLOCK_TO_OUT PORT "serial_out" CLKPORT "clk" 

Report:    9.865ns delay SLICE_154 to serial_out

   Name    Fanout   Delay (ns)          Site               Resource
REG_DEL     ---     0.452     R5C12A.CLK to      R5C12A.Q1 SLICE_154 (from clk_c)
ROUTE         1     0.967      R5C12A.Q1 to      R5C12B.A1 observe[172]
CTOF_DEL    ---     0.495      R5C12B.A1 to      R5C12B.F1 SLICE_496
ROUTE         1     0.626      R5C12B.F1 to      R5C12B.D0 serial_out_131
CTOF_DEL    ---     0.495      R5C12B.D0 to      R5C12B.F0 SLICE_496
ROUTE         1     1.004      R5C12B.F0 to      R5C12C.B0 serial_out_165
CTOF_DEL    ---     0.495      R5C12C.B0 to      R5C12C.F0 SLICE_493
ROUTE         1     2.534      R5C12C.F0 to       28.PADDO serial_out_c
DOPAD_DEL   ---     2.797       28.PADDO to         28.PAD serial_out
                  --------
                    9.865   (48.0% logic, 52.0% route), 5 logic levels.


================================================================================
Preference: Unconstrained: MAXDELAY
            0 unconstrained paths found
--------------------------------------------------------------------------------

Report Summary
--------------
----------------------------------------------------------------------------
Preference                              |   Constraint|       Actual|Levels
----------------------------------------------------------------------------
                                        |             |             |
FREQUENCY PORT "clk" 29.560000 MHz ;    |   29.560 MHz|   31.079 MHz|  16  
                                        |             |             |
----------------------------------------------------------------------------


All preferences were met.


Clock Domains Analysis
------------------------

Found 1 clocks:

Clock Domain: clk_c   Source: clk.PAD   Loads: 246
   Covered under: FREQUENCY PORT "clk" 29.560000 MHz ;


--------------------------------------------------------------------------------
                Connections not covered by the preferences
--------------------------------------------------------------------------------

     Delay                        Element                 Net

    2.534ns         SLICE_493.F0 to     serial_out.PADDO serial_out_c
    2.451ns          reset.PADDI to .memory/SLICE_11.LSR reset_c
    2.451ns          reset.PADDI to .memory/SLICE_12.LSR reset_c
    2.451ns          reset.PADDI to .memory/SLICE_13.LSR reset_c
    2.451ns          reset.PADDI to .memory/SLICE_14.LSR reset_c
    2.451ns          reset.PADDI to .memory/SLICE_15.LSR reset_c
    2.451ns          reset.PADDI to .memory/SLICE_16.LSR reset_c
    2.451ns          reset.PADDI to .memory/SLICE_17.LSR reset_c
    2.451ns          reset.PADDI to ine/seq/SLICE_18.LSR reset_c
    2.451ns          reset.PADDI to ine/seq/SLICE_19.LSR reset_c
    2.451ns          reset.PADDI to ine/seq/SLICE_20.LSR reset_c
    2.451ns          reset.PADDI to ine/seq/SLICE_21.LSR reset_c
    2.451ns          reset.PADDI to ine/seq/SLICE_22.LSR reset_c
    2.451ns          reset.PADDI to  system/SLICE_34.LSR reset_c
    2.451ns          reset.PADDI to  system/SLICE_35.LSR reset_c
    2.451ns          reset.PADDI to         SLICE_37.LSR reset_c
    2.451ns          reset.PADDI to         SLICE_38.LSR reset_c
    2.451ns          reset.PADDI to         SLICE_40.LSR reset_c
    2.451ns          reset.PADDI to         SLICE_41.LSR reset_c
    2.451ns          reset.PADDI to         SLICE_43.LSR reset_c
    2.451ns          reset.PADDI to         SLICE_44.LSR reset_c
    2.451ns          reset.PADDI to         SLICE_46.LSR reset_c
    2.451ns          reset.PADDI to         SLICE_47.LSR reset_c
    2.451ns          reset.PADDI to  system/SLICE_49.LSR reset_c
    2.451ns          reset.PADDI to  system/SLICE_50.LSR reset_c
    2.451ns          reset.PADDI to  system/SLICE_52.LSR reset_c
    2.451ns          reset.PADDI to  system/SLICE_53.LSR reset_c
    2.451ns          reset.PADDI to  system/SLICE_55.LSR reset_c
    2.451ns          reset.PADDI to  system/SLICE_56.LSR reset_c
    2.451ns          reset.PADDI to ansport/SLICE_57.LSR reset_c
    2.451ns          reset.PADDI to  system/SLICE_58.LSR reset_c
    2.451ns          reset.PADDI to  system/SLICE_59.LSR reset_c
    2.451ns          reset.PADDI to  system/SLICE_60.LSR reset_c
    2.451ns          reset.PADDI to  system/SLICE_61.LSR reset_c
    2.451ns          reset.PADDI to  system/SLICE_62.LSR reset_c
    2.451ns          reset.PADDI to  system/SLICE_63.LSR reset_c
    2.451ns          reset.PADDI to  system/SLICE_64.LSR reset_c
    2.451ns          reset.PADDI to  system/SLICE_65.LSR reset_c
    2.451ns          reset.PADDI to /engine/SLICE_67.LSR reset_c
    2.451ns          reset.PADDI to /engine/SLICE_68.LSR reset_c
    2.451ns          reset.PADDI to /engine/SLICE_69.LSR reset_c
    2.451ns          reset.PADDI to /engine/SLICE_70.LSR reset_c
    2.451ns          reset.PADDI to ansport/SLICE_75.LSR reset_c
    2.451ns          reset.PADDI to         SLICE_76.LSR reset_c
    2.451ns          reset.PADDI to         SLICE_77.LSR reset_c
    2.451ns          reset.PADDI to         SLICE_78.LSR reset_c
    2.451ns          reset.PADDI to         SLICE_79.LSR reset_c
    2.451ns          reset.PADDI to         SLICE_80.LSR reset_c
    2.451ns          reset.PADDI to         SLICE_81.LSR reset_c
    2.451ns          reset.PADDI to         SLICE_82.LSR reset_c
    2.451ns          reset.PADDI to         SLICE_83.LSR reset_c
    2.451ns          reset.PADDI to         SLICE_84.LSR reset_c
    2.451ns          reset.PADDI to         SLICE_85.LSR reset_c
    2.451ns          reset.PADDI to         SLICE_86.LSR reset_c
    2.451ns          reset.PADDI to         SLICE_87.LSR reset_c
    2.451ns          reset.PADDI to        SLICE_143.LSR reset_c
    2.451ns          reset.PADDI to        SLICE_145.LSR reset_c
    2.451ns          reset.PADDI to        SLICE_154.LSR reset_c
    2.451ns          reset.PADDI to        SLICE_157.LSR reset_c
    2.451ns          reset.PADDI to        SLICE_158.LSR reset_c
    2.451ns          reset.PADDI to status/SLICE_159.LSR reset_c
    2.451ns          reset.PADDI to status/SLICE_160.LSR reset_c
    2.451ns          reset.PADDI to status/SLICE_161.LSR reset_c
    2.451ns          reset.PADDI to engine/SLICE_162.LSR reset_c
    2.451ns          reset.PADDI to engine/SLICE_163.LSR reset_c
    2.451ns          reset.PADDI to engine/SLICE_164.LSR reset_c
    2.451ns          reset.PADDI to engine/SLICE_165.LSR reset_c
    2.451ns          reset.PADDI to engine/SLICE_166.LSR reset_c
    2.451ns          reset.PADDI to engine/SLICE_167.LSR reset_c
    2.451ns          reset.PADDI to engine/SLICE_168.LSR reset_c
    2.451ns          reset.PADDI to engine/SLICE_169.LSR reset_c
    2.451ns          reset.PADDI to engine/SLICE_170.LSR reset_c
    2.451ns          reset.PADDI to ine/dp/SLICE_171.LSR reset_c
    2.451ns          reset.PADDI to ine/dp/SLICE_172.LSR reset_c
    2.451ns          reset.PADDI to ine/dp/SLICE_173.LSR reset_c
    2.451ns          reset.PADDI to ine/dp/SLICE_174.LSR reset_c
    2.451ns          reset.PADDI to ine/dp/SLICE_175.LSR reset_c
    2.451ns          reset.PADDI to ine/dp/SLICE_176.LSR reset_c
    2.451ns          reset.PADDI to ine/dp/SLICE_177.LSR reset_c
    2.451ns          reset.PADDI to ine/dp/SLICE_178.LSR reset_c
    2.451ns          reset.PADDI to ine/dp/SLICE_179.LSR reset_c
    2.451ns          reset.PADDI to ine/dp/SLICE_180.LSR reset_c
    2.451ns          reset.PADDI to ine/dp/SLICE_181.LSR reset_c
    2.451ns          reset.PADDI to engine/SLICE_182.LSR reset_c
    2.451ns          reset.PADDI to nsport/SLICE_183.LSR reset_c
    2.451ns          reset.PADDI to engine/SLICE_198.LSR reset_c
    2.451ns          reset.PADDI to engine/SLICE_199.LSR reset_c
    2.451ns          reset.PADDI to engine/SLICE_200.LSR reset_c
    2.451ns          reset.PADDI to engine/SLICE_201.LSR reset_c
    2.451ns          reset.PADDI to ne/seq/SLICE_202.LSR reset_c
    2.451ns          reset.PADDI to ne/seq/SLICE_203.LSR reset_c
    2.451ns          reset.PADDI to engine/SLICE_204.LSR reset_c
    2.451ns          reset.PADDI to memory/SLICE_205.LSR reset_c
    2.451ns          reset.PADDI to system/SLICE_206.LSR reset_c
    2.451ns          reset.PADDI to memory/SLICE_208.LSR reset_c
    2.451ns          reset.PADDI to nsport/SLICE_209.LSR reset_c
    2.451ns          reset.PADDI to memory/SLICE_210.LSR reset_c
    2.451ns          reset.PADDI to nsport/SLICE_211.LSR reset_c
    2.451ns          reset.PADDI to nsport/SLICE_212.LSR reset_c
    2.451ns          reset.PADDI to memory/SLICE_213.LSR reset_c
    2.451ns          reset.PADDI to memory/SLICE_214.LSR reset_c
    2.451ns          reset.PADDI to memory/SLICE_215.LSR reset_c
    2.451ns          reset.PADDI to memory/SLICE_216.LSR reset_c
    2.451ns          reset.PADDI to memory/SLICE_217.LSR reset_c
    2.451ns          reset.PADDI to memory/SLICE_218.LSR reset_c
    2.451ns          reset.PADDI to memory/SLICE_219.LSR reset_c
    2.451ns          reset.PADDI to memory/SLICE_220.LSR reset_c
    2.451ns          reset.PADDI to memory/SLICE_221.LSR reset_c
    2.451ns          reset.PADDI to memory/SLICE_222.LSR reset_c
    3.884ns          reset.PADDI to ansport/SLICE_223.C1 reset_c
    2.451ns          reset.PADDI to nsport/SLICE_223.LSR reset_c
    4.258ns          reset.PADDI to ansport/SLICE_228.A1 reset_c
    2.451ns          reset.PADDI to nsport/SLICE_228.LSR reset_c
    3.152ns          reset.PADDI to ansport/SLICE_229.C0 reset_c
    4.369ns          reset.PADDI to ansport/SLICE_230.D0 reset_c
    4.369ns          reset.PADDI to ansport/SLICE_230.D1 reset_c
    4.369ns          reset.PADDI to ansport/SLICE_231.D0 reset_c
    4.369ns          reset.PADDI to ansport/SLICE_231.D1 reset_c
    4.484ns          reset.PADDI to ansport/SLICE_232.C0 reset_c
    4.484ns          reset.PADDI to ansport/SLICE_232.C1 reset_c
    5.089ns          reset.PADDI to ansport/SLICE_233.A0 reset_c
    4.472ns          reset.PADDI to ansport/SLICE_233.C1 reset_c
    3.031ns          reset.PADDI to ansport/SLICE_234.D1 reset_c
    4.357ns          reset.PADDI to ansport/SLICE_235.D0 reset_c
    4.357ns          reset.PADDI to ansport/SLICE_235.D1 reset_c
    4.351ns          reset.PADDI to ansport/SLICE_236.D1 reset_c
    4.252ns          reset.PADDI to ansport/SLICE_237.A0 reset_c
    4.686ns          reset.PADDI to ansport/SLICE_237.B1 reset_c
    2.451ns          reset.PADDI to        SLICE_238.LSR reset_c
    2.451ns          reset.PADDI to        SLICE_239.LSR reset_c
    2.451ns          reset.PADDI to system/SLICE_240.LSR reset_c
    2.451ns          reset.PADDI to system/SLICE_241.LSR reset_c
    2.451ns          reset.PADDI to nsport/SLICE_246.LSR reset_c
    2.451ns          reset.PADDI to nsport/SLICE_247.LSR reset_c
    2.451ns          reset.PADDI to nsport/SLICE_248.LSR reset_c
    2.451ns          reset.PADDI to nsport/SLICE_249.LSR reset_c
    2.451ns          reset.PADDI to system/SLICE_250.LSR reset_c
    2.451ns          reset.PADDI to        SLICE_251.LSR reset_c
    2.451ns          reset.PADDI to ne/seq/SLICE_252.LSR reset_c
    2.451ns          reset.PADDI to ne/seq/SLICE_253.LSR reset_c
    2.451ns          reset.PADDI to ne/seq/SLICE_254.LSR reset_c
    2.451ns          reset.PADDI to ne/seq/SLICE_255.LSR reset_c
    2.451ns          reset.PADDI to ne/seq/SLICE_256.LSR reset_c
    4.170ns          reset.PADDI to /engine/SLICE_295.B0 reset_c
    4.170ns          reset.PADDI to /engine/SLICE_295.B1 reset_c
    2.451ns          reset.PADDI to        SLICE_296.LSR reset_c
    3.777ns          reset.PADDI to  system/SLICE_299.D1 reset_c
    2.451ns          reset.PADDI to        SLICE_311.LSR reset_c
    2.451ns          reset.PADDI to        SLICE_312.LSR reset_c
    2.451ns          reset.PADDI to        SLICE_313.LSR reset_c
    2.451ns          reset.PADDI to        SLICE_316.LSR reset_c
    2.451ns          reset.PADDI to        SLICE_317.LSR reset_c
    2.451ns          reset.PADDI to        SLICE_318.LSR reset_c
    2.451ns          reset.PADDI to        SLICE_319.LSR reset_c
    2.451ns          reset.PADDI to        SLICE_321.LSR reset_c
    2.451ns          reset.PADDI to        SLICE_322.LSR reset_c
    2.451ns          reset.PADDI to        SLICE_323.LSR reset_c
    2.451ns          reset.PADDI to        SLICE_324.LSR reset_c
    2.451ns          reset.PADDI to        SLICE_325.LSR reset_c
    4.258ns          reset.PADDI to ansport/SLICE_334.A0 reset_c
    4.270ns          reset.PADDI to ansport/SLICE_335.A0 reset_c
    4.785ns          reset.PADDI to ansport/SLICE_338.D1 reset_c
    4.692ns          reset.PADDI to ansport/SLICE_339.A1 reset_c
    5.212ns          reset.PADDI to ansport/SLICE_340.D1 reset_c
    4.357ns          reset.PADDI to ansport/SLICE_341.D1 reset_c
    4.704ns          reset.PADDI to ansport/SLICE_343.B0 reset_c
    4.270ns          reset.PADDI to ansport/SLICE_344.A1 reset_c
    4.698ns          reset.PADDI to ansport/SLICE_345.A1 reset_c
    3.734ns          reset.PADDI to ine/seq/SLICE_367.A0 reset_c
    3.827ns          reset.PADDI to ine/seq/SLICE_389.D1 reset_c
    4.275ns          reset.PADDI to ine/seq/SLICE_395.B0 reset_c
    3.827ns          reset.PADDI to ine/seq/SLICE_400.D1 reset_c
    3.423ns          reset.PADDI to /engine/SLICE_407.B0 reset_c
    2.451ns          reset.PADDI to        SLICE_412.LSR reset_c
    2.451ns          reset.PADDI to        SLICE_413.LSR reset_c
    2.451ns          reset.PADDI to        SLICE_415.LSR reset_c
    2.451ns          reset.PADDI to        SLICE_417.LSR reset_c
    2.451ns          reset.PADDI to        SLICE_418.LSR reset_c
    2.451ns          reset.PADDI to        SLICE_475.LSR reset_c
    2.451ns          reset.PADDI to        SLICE_476.LSR reset_c
    2.451ns          reset.PADDI to        SLICE_477.LSR reset_c
    2.451ns          reset.PADDI to        SLICE_478.LSR reset_c
    2.451ns          reset.PADDI to        SLICE_481.LSR reset_c
    2.451ns          reset.PADDI to        SLICE_482.LSR reset_c
    2.451ns          reset.PADDI to        SLICE_483.LSR reset_c
    2.451ns          reset.PADDI to        SLICE_484.LSR reset_c
    2.451ns          reset.PADDI to        SLICE_485.LSR reset_c
    2.451ns          reset.PADDI to        SLICE_486.LSR reset_c
    2.451ns          reset.PADDI to        SLICE_487.LSR reset_c
    2.451ns          reset.PADDI to        SLICE_488.LSR reset_c
    2.451ns          reset.PADDI to        SLICE_489.LSR reset_c
    2.451ns          reset.PADDI to        SLICE_490.LSR reset_c
    2.451ns          reset.PADDI to        SLICE_491.LSR reset_c
    2.451ns          reset.PADDI to        SLICE_492.LSR reset_c
    2.451ns          reset.PADDI to        SLICE_493.LSR reset_c
    2.451ns          reset.PADDI to        SLICE_494.LSR reset_c
    2.451ns          reset.PADDI to        SLICE_495.LSR reset_c
    2.451ns          reset.PADDI to        SLICE_496.LSR reset_c
    2.451ns          reset.PADDI to        SLICE_497.LSR reset_c
    2.451ns          reset.PADDI to        SLICE_498.LSR reset_c
    2.451ns          reset.PADDI to        SLICE_499.LSR reset_c
    2.451ns          reset.PADDI to        SLICE_500.LSR reset_c
    2.451ns          reset.PADDI to        SLICE_501.LSR reset_c
    2.451ns          reset.PADDI to        SLICE_502.LSR reset_c
    2.451ns          reset.PADDI to        SLICE_503.LSR reset_c
    2.451ns          reset.PADDI to        SLICE_504.LSR reset_c
    2.451ns          reset.PADDI to        SLICE_507.LSR reset_c
    3.423ns          reset.PADDI to ine/seq/SLICE_510.B0 reset_c
    4.238ns          reset.PADDI to ine/seq/SLICE_510.A1 reset_c
    2.451ns          reset.PADDI to        SLICE_526.LSR reset_c
    2.451ns          reset.PADDI to        SLICE_527.LSR reset_c
    2.451ns          reset.PADDI to        SLICE_528.LSR reset_c
    2.451ns          reset.PADDI to        SLICE_529.LSR reset_c
    2.451ns          reset.PADDI to        SLICE_530.LSR reset_c
    2.451ns          reset.PADDI to        SLICE_531.LSR reset_c
    2.451ns          reset.PADDI to        SLICE_532.LSR reset_c
    4.693ns          reset.PADDI to ine/seq/SLICE_540.B0 reset_c
    4.693ns          reset.PADDI to ine/seq/SLICE_540.B1 reset_c
    2.451ns          reset.PADDI to        SLICE_543.LSR reset_c
    2.451ns          reset.PADDI to        SLICE_544.LSR reset_c
    4.022ns          reset.PADDI to  system/SLICE_562.C0 reset_c
    4.022ns          reset.PADDI to  system/SLICE_562.C1 reset_c
    4.242ns          reset.PADDI to  system/SLICE_563.A0 reset_c
    4.242ns          reset.PADDI to  system/SLICE_563.A1 reset_c
    3.903ns          reset.PADDI to ine/seq/SLICE_567.D0 reset_c
    3.514ns          reset.PADDI to ine/seq/SLICE_567.C1 reset_c
    4.458ns          reset.PADDI to ine/seq/SLICE_568.C0 reset_c
    5.075ns          reset.PADDI to ine/seq/SLICE_568.A1 reset_c
    2.451ns          reset.PADDI to        SLICE_572.LSR reset_c
    2.451ns          reset.PADDI to        SLICE_577.LSR reset_c
    2.451ns          reset.PADDI to        SLICE_578.LSR reset_c
    2.451ns          reset.PADDI to        SLICE_580.LSR reset_c
    2.451ns          reset.PADDI to        SLICE_581.LSR reset_c
    2.451ns          reset.PADDI to        SLICE_582.LSR reset_c
    2.451ns          reset.PADDI to        SLICE_583.LSR reset_c
    2.451ns          reset.PADDI to        SLICE_584.LSR reset_c
    2.451ns          reset.PADDI to        SLICE_585.LSR reset_c
    2.451ns          reset.PADDI to        SLICE_586.LSR reset_c
    2.451ns          reset.PADDI to        SLICE_587.LSR reset_c
    2.451ns          reset.PADDI to        SLICE_588.LSR reset_c
    2.451ns          reset.PADDI to        SLICE_589.LSR reset_c
    2.451ns          reset.PADDI to        SLICE_590.LSR reset_c
    2.451ns          reset.PADDI to        SLICE_591.LSR reset_c
    2.451ns          reset.PADDI to        SLICE_592.LSR reset_c
    2.451ns          reset.PADDI to        SLICE_593.LSR reset_c
    2.451ns          reset.PADDI to        SLICE_594.LSR reset_c
    2.451ns          reset.PADDI to        SLICE_595.LSR reset_c
    2.451ns          reset.PADDI to        SLICE_596.LSR reset_c
    2.451ns          reset.PADDI to        SLICE_597.LSR reset_c
    2.451ns          reset.PADDI to        SLICE_598.LSR reset_c
    2.590ns          reset.PADDI to  serial_in_MGIOL.LSR reset_c
    0.626ns         SLICE_158.Q0 to         SLICE_504.D0 observe[178]
    0.565ns      serial_in.PADDI to   serial_in_MGIOL.DI serial_in_c
    1.584ns          SLICE_82.Q0 to         SLICE_325.D0 observe[13]
    1.023ns          SLICE_82.Q1 to         SLICE_325.B0 observe[14]
    0.436ns         SLICE_325.F0 to         SLICE_325.C1 serial_out_6
    1.877ns          SLICE_76.Q0 to         SLICE_504.B1 observe[0]
    1.072ns          SLICE_76.Q1 to         SLICE_504.D1 observe[2]
    2.022ns          SLICE_77.Q0 to         SLICE_596.A1 observe[3]
    1.035ns          SLICE_77.Q1 to         SLICE_596.D1 observe[4]
    1.793ns          SLICE_78.Q0 to         SLICE_596.C1 observe[5]
    1.088ns          SLICE_78.Q1 to         SLICE_596.B1 observe[6]
    0.623ns          SLICE_79.Q0 to         SLICE_596.D0 observe[7]
    1.383ns          SLICE_79.Q1 to         SLICE_596.A0 observe[8]
    1.535ns          SLICE_80.Q0 to         SLICE_596.B0 observe[9]
    0.766ns          SLICE_80.Q1 to         SLICE_596.C0 observe[10]
    0.623ns          SLICE_81.Q0 to         SLICE_325.D1 observe[11]
    0.964ns          SLICE_81.Q1 to         SLICE_325.A1 observe[12]
    3.273ns          SLICE_83.Q0 to         SLICE_239.A0 observe[15]
    2.065ns          SLICE_83.Q1 to         SLICE_239.B0 observe[16]
    2.351ns          SLICE_84.Q0 to         SLICE_239.D0 observe[17]
    2.434ns          SLICE_84.Q1 to         SLICE_239.C0 observe[18]
    0.626ns          SLICE_85.Q0 to         SLICE_239.D1 observe[19]
    0.747ns          SLICE_85.Q1 to         SLICE_239.C1 observe[20]
    1.420ns          SLICE_86.Q0 to         SLICE_239.B1 observe[21]
    0.986ns          SLICE_86.Q1 to         SLICE_239.A1 observe[22]
    0.645ns          SLICE_87.Q0 to         SLICE_595.D1 observe[23]
    1.383ns          SLICE_87.Q1 to         SLICE_595.A1 observe[24]
    0.744ns         SLICE_482.Q0 to         SLICE_595.C1 observe[25]
    1.001ns         SLICE_482.Q1 to         SLICE_595.B1 observe[26]
    1.336ns         SLICE_296.Q0 to         SLICE_595.B0 observe[27]
    1.278ns         SLICE_296.Q1 to         SLICE_595.C0 observe[28]
    2.284ns         SLICE_487.Q0 to         SLICE_595.D0 observe[29]
    1.413ns         SLICE_487.Q1 to         SLICE_595.A0 observe[30]
    1.042ns         SLICE_492.Q0 to         SLICE_497.D1 observe[31]
    1.163ns         SLICE_492.Q1 to         SLICE_497.C1 observe[32]
    2.053ns         SLICE_323.Q0 to         SLICE_497.A1 observe[33]
    1.535ns         SLICE_323.Q1 to         SLICE_497.B1 observe[34]
    0.747ns         SLICE_485.Q0 to         SLICE_238.C0 observe[35]
    1.535ns         SLICE_485.Q1 to         SLICE_238.B0 observe[36]
    1.584ns         SLICE_484.Q0 to         SLICE_238.D0 observe[37]
    1.413ns         SLICE_484.Q1 to         SLICE_238.A0 observe[38]
    1.763ns         SLICE_490.Q0 to         SLICE_594.B1 observe[39]
    1.726ns         SLICE_490.Q1 to         SLICE_594.A1 observe[40]
    0.747ns         SLICE_483.Q0 to         SLICE_594.C1 observe[41]
    0.626ns         SLICE_483.Q1 to         SLICE_594.D1 observe[42]
    1.299ns         SLICE_322.Q0 to         SLICE_594.A0 observe[43]
    0.958ns         SLICE_322.Q1 to         SLICE_594.D0 observe[44]
    2.132ns         SLICE_491.Q0 to         SLICE_594.C0 observe[45]
    1.023ns         SLICE_491.Q1 to         SLICE_594.B0 observe[46]
    0.967ns         SLICE_481.Q0 to         SLICE_498.A1 observe[47]
    0.626ns         SLICE_481.Q1 to         SLICE_498.D1 observe[48]
    0.744ns         SLICE_507.Q0 to         SLICE_498.C1 observe[49]
    1.001ns         SLICE_507.Q1 to         SLICE_498.B1 observe[50]
    0.744ns         SLICE_488.Q0 to         SLICE_238.C1 observe[51]
    1.001ns         SLICE_488.Q1 to         SLICE_238.B1 observe[52]
    0.964ns         SLICE_531.Q0 to         SLICE_238.A1 observe[53]
    0.645ns         SLICE_531.Q1 to         SLICE_238.D1 observe[54]
    1.838ns         SLICE_530.Q0 to         SLICE_593.B1 observe[55]
    0.958ns         SLICE_530.Q1 to         SLICE_593.D1 observe[56]
    0.747ns         SLICE_582.Q0 to         SLICE_593.C1 observe[57]
    0.967ns         SLICE_582.Q1 to         SLICE_593.A1 observe[58]
    1.726ns         SLICE_532.Q0 to         SLICE_593.A0 observe[59]
    1.764ns         SLICE_532.Q1 to         SLICE_593.D0 observe[60]
    1.004ns         SLICE_598.Q0 to         SLICE_593.B0 observe[61]
    0.747ns         SLICE_598.Q1 to         SLICE_593.C0 observe[62]
    0.626ns         SLICE_324.Q0 to         SLICE_499.D1 observe[63]
    0.967ns         SLICE_324.Q1 to         SLICE_499.A1 observe[64]
    2.265ns         SLICE_583.Q0 to         SLICE_499.B1 observe[65]
    0.744ns         SLICE_583.Q1 to         SLICE_499.C1 observe[66]
    2.147ns         SLICE_597.Q0 to         SLICE_227.C0 observe[67]
    1.672ns         SLICE_597.Q1 to         SLICE_227.D0 observe[68]
    2.022ns         SLICE_486.Q0 to         SLICE_227.A0 observe[69]
    1.978ns         SLICE_486.Q1 to         SLICE_227.B0 observe[70]
    2.217ns         SLICE_489.Q0 to         SLICE_592.A1 observe[71]
    2.002ns         SLICE_489.Q1 to         SLICE_592.D1 observe[72]
    0.744ns         SLICE_321.Q0 to         SLICE_592.C1 observe[73]
    1.001ns         SLICE_321.Q1 to         SLICE_592.B1 observe[74]
    0.645ns         SLICE_527.Q0 to         SLICE_592.D0 observe[75]
    2.692ns         SLICE_527.Q1 to         SLICE_592.B0 observe[76]
    0.967ns         SLICE_529.Q0 to         SLICE_592.A0 observe[77]
    0.747ns         SLICE_529.Q1 to         SLICE_592.C0 observe[78]
    1.383ns         SLICE_528.Q0 to         SLICE_500.A1 observe[79]
    0.623ns         SLICE_528.Q1 to         SLICE_500.D1 observe[80]
    1.001ns         SLICE_578.Q0 to         SLICE_500.B1 observe[81]
    0.744ns         SLICE_578.Q1 to         SLICE_500.C1 observe[82]
    0.964ns         SLICE_581.Q0 to         SLICE_591.A1 observe[83]
    0.623ns         SLICE_581.Q1 to         SLICE_591.D1 observe[84]
    1.004ns         SLICE_580.Q0 to         SLICE_591.B1 observe[85]
    0.747ns         SLICE_580.Q1 to         SLICE_591.C1 observe[86]
    1.498ns         SLICE_577.Q0 to         SLICE_591.A0 observe[87]
    0.744ns         SLICE_577.Q1 to         SLICE_591.C0 observe[88]
    1.004ns         SLICE_526.Q0 to         SLICE_591.B0 observe[89]
    1.157ns         SLICE_526.Q1 to         SLICE_591.D0 observe[90]
    0.710ns         SLICE_478.Q0 to         SLICE_590.D1 observe[91]
    1.835ns         SLICE_478.Q1 to         SLICE_590.C1 observe[92]
    1.989ns         SLICE_311.Q0 to         SLICE_590.B1 observe[93]
    1.051ns         SLICE_311.Q1 to         SLICE_590.A1 observe[94]
    1.023ns         SLICE_313.Q0 to         SLICE_590.B0 observe[95]
    0.964ns         SLICE_313.Q1 to         SLICE_590.A0 observe[96]
    1.163ns         SLICE_312.Q0 to         SLICE_590.C0 observe[97]
    0.623ns         SLICE_312.Q1 to         SLICE_590.D0 observe[98]
    1.597ns         SLICE_475.Q0 to         SLICE_227.C1 observe[99]
    1.962ns         SLICE_158.Q1 to         SLICE_227.B1 observe[100]
    0.958ns         SLICE_493.Q0 to         SLICE_227.D1 observe[101]
    2.424ns         SLICE_493.Q1 to         SLICE_227.A1 observe[102]
    1.551ns         SLICE_593.Q0 to         SLICE_589.B1 observe[103]
    1.761ns         SLICE_593.Q1 to         SLICE_589.C1 observe[104]
    1.584ns         SLICE_592.Q0 to         SLICE_589.D1 observe[105]
    1.299ns         SLICE_592.Q1 to         SLICE_589.A1 observe[106]
    2.174ns         SLICE_591.Q0 to         SLICE_589.C0 observe[107]
    1.336ns         SLICE_591.Q1 to         SLICE_589.B0 observe[108]
    1.575ns         SLICE_590.Q0 to         SLICE_589.D0 observe[109]
    0.986ns         SLICE_590.Q1 to         SLICE_589.A0 observe[110]
    1.763ns         SLICE_589.Q0 to         SLICE_501.B1 observe[111]
    0.626ns         SLICE_589.Q1 to         SLICE_501.D1 observe[112]
    1.726ns         SLICE_588.Q0 to         SLICE_501.A1 observe[113]
    0.766ns         SLICE_588.Q1 to         SLICE_501.C1 observe[114]
    1.726ns         SLICE_587.Q0 to         SLICE_226.A0 observe[115]
    0.747ns         SLICE_587.Q1 to         SLICE_226.C0 observe[116]
    0.958ns         SLICE_586.Q0 to         SLICE_226.D0 observe[117]
    1.023ns         SLICE_586.Q1 to         SLICE_226.B0 observe[118]
    2.300ns         SLICE_585.Q0 to         SLICE_588.A1 observe[119]
    0.766ns         SLICE_585.Q1 to         SLICE_588.C1 observe[120]
    1.072ns         SLICE_584.Q0 to         SLICE_588.D1 observe[121]
    1.450ns         SLICE_584.Q1 to         SLICE_588.B1 observe[122]
    1.079ns         SLICE_504.Q0 to         SLICE_588.C0 observe[123]
    1.355ns         SLICE_504.Q1 to         SLICE_588.D0 observe[124]
    2.521ns         SLICE_497.Q0 to         SLICE_588.A0 observe[125]
    1.854ns         SLICE_497.Q1 to         SLICE_588.B0 observe[126]
    1.827ns         SLICE_498.Q0 to         SLICE_502.B1 observe[127]
    1.793ns         SLICE_498.Q1 to         SLICE_502.C1 observe[128]
    1.964ns         SLICE_499.Q0 to         SLICE_502.D1 observe[129]
    2.377ns         SLICE_499.Q1 to         SLICE_502.A1 observe[130]
    2.008ns         SLICE_500.Q0 to         SLICE_226.C1 observe[131]
    1.535ns         SLICE_500.Q1 to         SLICE_226.B1 observe[132]
    1.299ns         SLICE_501.Q0 to         SLICE_226.A1 observe[133]
    0.645ns         SLICE_143.Q0 to         SLICE_226.D1 observe[134]
    1.413ns         SLICE_143.Q1 to         SLICE_587.A1 observe[135]
    1.420ns         SLICE_501.Q1 to         SLICE_587.B1 observe[136]
    1.506ns         SLICE_145.Q0 to         SLICE_587.C1 observe[137]
    0.623ns         SLICE_145.Q1 to         SLICE_587.D1 observe[138]
    0.626ns         SLICE_502.Q0 to         SLICE_587.D0 observe[139]
    0.967ns         SLICE_502.Q1 to         SLICE_587.A0 observe[140]
    1.001ns         SLICE_503.Q0 to         SLICE_587.B0 observe[141]
    0.744ns         SLICE_503.Q1 to         SLICE_587.C0 observe[142]
    1.933ns         SLICE_496.Q0 to         SLICE_503.C1 observe[143]
    1.299ns         SLICE_496.Q1 to         SLICE_503.A1 observe[144]
    0.958ns         SLICE_494.Q0 to         SLICE_503.D1 observe[145]
    1.336ns         SLICE_494.Q1 to         SLICE_503.B1 observe[146]
    0.967ns         SLICE_495.Q0 to         SLICE_586.A1 observe[147]
    0.626ns         SLICE_495.Q1 to         SLICE_586.D1 observe[148]
    1.838ns         SLICE_325.Q0 to         SLICE_586.B1 observe[149]
    1.278ns         SLICE_325.Q1 to         SLICE_586.C1 observe[150]
    2.930ns         SLICE_596.Q0 to         SLICE_586.B0 observe[151]
    2.083ns         SLICE_596.Q1 to         SLICE_586.D0 observe[152]
    1.817ns         SLICE_595.Q0 to         SLICE_586.A0 observe[153]
    0.766ns          SLICE_37.Q0 to         SLICE_586.C0 observe[154]
    1.299ns          SLICE_37.Q1 to         SLICE_585.A1 observe[155]
    1.499ns          SLICE_38.Q0 to         SLICE_585.D1 observe[156]
    1.023ns          SLICE_38.Q1 to         SLICE_585.B1 observe[157]
    0.744ns          SLICE_46.Q0 to         SLICE_585.C1 observe[158]
    1.042ns          SLICE_46.Q1 to         SLICE_585.D0 observe[159]
    1.001ns          SLICE_47.Q0 to         SLICE_585.B0 observe[160]
    1.163ns          SLICE_47.Q1 to         SLICE_585.C0 observe[161]
    0.964ns          SLICE_43.Q0 to         SLICE_585.A0 observe[162]
    0.626ns          SLICE_43.Q1 to         SLICE_584.D1 observe[163]
    0.747ns          SLICE_44.Q0 to         SLICE_584.C1 observe[164]
    0.967ns          SLICE_44.Q1 to         SLICE_584.A1 observe[165]
    1.838ns          SLICE_40.Q0 to         SLICE_584.B1 observe[166]
    1.336ns          SLICE_40.Q1 to         SLICE_584.B0 observe[167]
    1.413ns          SLICE_41.Q0 to         SLICE_584.A0 observe[168]
    0.958ns          SLICE_41.Q1 to         SLICE_584.D0 observe[169]
    0.744ns         SLICE_154.Q0 to         SLICE_584.C0 observe[170]
    0.967ns         SLICE_154.Q1 to         SLICE_496.A1 observe[172]
    1.948ns         SLICE_595.Q1 to         SLICE_496.B1 observe[173]
    2.550ns         SLICE_594.Q0 to         SLICE_496.D1 observe[174]
    1.926ns         SLICE_594.Q1 to         SLICE_496.C1 observe[175]
    0.967ns         SLICE_157.Q0 to         SLICE_504.A0 observe[176]
    1.004ns         SLICE_157.Q1 to         SLICE_504.B0 observe[177]
    1.004ns         SLICE_496.F0 to         SLICE_493.B0 serial_out_165
    0.967ns         SLICE_493.F1 to         SLICE_493.A0 serial_out_166
    1.278ns         SLICE_494.F0 to         SLICE_493.C0 serial_out_172
    1.157ns         SLICE_495.F0 to         SLICE_493.D0 serial_out_173
    1.035ns         SLICE_498.F0 to         SLICE_494.D0 serial_out_157
    2.405ns         SLICE_499.F0 to         SLICE_494.B0 serial_out_158
    0.967ns         SLICE_500.F0 to         SLICE_494.A0 serial_out_159
    0.436ns         SLICE_494.F1 to         SLICE_494.C0 serial_out_160
    2.389ns         SLICE_501.F0 to         SLICE_495.B0 serial_out_161
    0.645ns         SLICE_502.F0 to         SLICE_495.D0 serial_out_162
    2.893ns         SLICE_503.F0 to         SLICE_495.A0 serial_out_163
    0.436ns         SLICE_495.F1 to         SLICE_495.C0 serial_out_164
    1.838ns         SLICE_584.F1 to         SLICE_496.B0 serial_out_129
    1.498ns         SLICE_584.F0 to         SLICE_496.A0 serial_out_130
    0.626ns         SLICE_496.F1 to         SLICE_496.D0 serial_out_131
    1.581ns         SLICE_504.F0 to         SLICE_496.C0 serial_out_132
    1.675ns         SLICE_596.F1 to         SLICE_493.C1 serial_out_89
    2.617ns         SLICE_596.F0 to         SLICE_493.B1 serial_out_90
    2.146ns         SLICE_325.F1 to         SLICE_493.A1 serial_out_134
    1.611ns         SLICE_497.F0 to         SLICE_493.D1 serial_out_156
    1.385ns         SLICE_239.F1 to         SLICE_497.D0 serial_out_93
    1.420ns         SLICE_595.F1 to         SLICE_497.B0 serial_out_94
    0.964ns         SLICE_595.F0 to         SLICE_497.A0 serial_out_95
    0.436ns         SLICE_497.F1 to         SLICE_497.C0 serial_out_96
    1.299ns         SLICE_238.F0 to         SLICE_498.A0 serial_out_97
    1.877ns         SLICE_594.F1 to         SLICE_498.B0 serial_out_98
    1.184ns         SLICE_594.F0 to         SLICE_498.D0 serial_out_99
    0.436ns         SLICE_498.F1 to         SLICE_498.C0 serial_out_100
    2.235ns         SLICE_238.F1 to         SLICE_499.B0 serial_out_101
    0.623ns         SLICE_593.F1 to         SLICE_499.D0 serial_out_102
    0.964ns         SLICE_593.F0 to         SLICE_499.A0 serial_out_103
    0.436ns         SLICE_499.F1 to         SLICE_499.C0 serial_out_104
    0.986ns         SLICE_227.F0 to         SLICE_500.A0 serial_out_105
    0.693ns         SLICE_592.F1 to         SLICE_500.B0 serial_out_106
    0.315ns         SLICE_592.F0 to         SLICE_500.D0 serial_out_107
    0.436ns         SLICE_500.F1 to         SLICE_500.C0 serial_out_108
    1.336ns         SLICE_591.F1 to         SLICE_494.B1 serial_out_109
    1.163ns         SLICE_591.F0 to         SLICE_494.C1 serial_out_110
    0.958ns         SLICE_590.F1 to         SLICE_494.D1 serial_out_111
    1.801ns         SLICE_590.F0 to         SLICE_494.A1 serial_out_112
    1.810ns         SLICE_227.F1 to         SLICE_501.A0 serial_out_113
    0.315ns         SLICE_589.F1 to         SLICE_501.D0 serial_out_114
    1.004ns         SLICE_589.F0 to         SLICE_501.B0 serial_out_115
    0.436ns         SLICE_501.F1 to         SLICE_501.C0 serial_out_116
    0.626ns         SLICE_226.F0 to         SLICE_502.D0 serial_out_117
    0.967ns         SLICE_588.F1 to         SLICE_502.A0 serial_out_118
    1.004ns         SLICE_588.F0 to         SLICE_502.B0 serial_out_119
    0.436ns         SLICE_502.F1 to         SLICE_502.C0 serial_out_120
    1.023ns         SLICE_226.F1 to         SLICE_503.B0 serial_out_121
    1.042ns         SLICE_587.F1 to         SLICE_503.D0 serial_out_122
    0.986ns         SLICE_587.F0 to         SLICE_503.A0 serial_out_123
    0.436ns         SLICE_503.F1 to         SLICE_503.C0 serial_out_124
    0.436ns         SLICE_586.F1 to         SLICE_495.C1 serial_out_125
    0.967ns         SLICE_586.F0 to         SLICE_495.A1 serial_out_126
    1.004ns         SLICE_585.F1 to         SLICE_495.B1 serial_out_127
    0.626ns         SLICE_585.F0 to         SLICE_495.D1 serial_out_128
    0.436ns         SLICE_504.F1 to         SLICE_504.C0 serial_out_0
    2.780ns         SLICE_239.F0 to         SLICE_325.B1 serial_out_92

--------------------------------------------------------------------------------


Timing summary (Setup):
---------------

Timing errors: 0  Score: 0
Cumulative negative slack: 0

Constraints cover 2257933 paths, 1 nets, and 4352 connections (89.92% coverage)

--------------------------------------------------------------------------------
Lattice TRACE Report - Hold, Version Diamond (64-bit) 3.14.0.75.2
Wed Sep  9 05:21:22 2026

Copyright (c) 1991-1994 by NeoCAD Inc. All rights reserved.
Copyright (c) 1995 AT&T Corp.   All rights reserved.
Copyright (c) 1995-2001 Lucent Technologies Inc.  All rights reserved.
Copyright (c) 2001 Agere Systems   All rights reserved.
Copyright (c) 2002-2024 Lattice Semiconductor Corporation,  All rights reserved.

Report Information
------------------
Command line:    trce -v 10 -c -u 0 -gt -sethld -sp 4 -sphld m -o cp16d_impl1.twr cp16d_impl1.ncd cp16d_impl1.prf 
Design file:     cp16d_impl1.ncd
Preference file: cp16d_impl1.prf
Device,speed:    LCMXO2-1200HC,m
Report level:    verbose report, limited to 10 items per preference
--------------------------------------------------------------------------------

BLOCK ASYNCPATHS
BLOCK RESETPATHS
--------------------------------------------------------------------------------



================================================================================
Preference: FREQUENCY PORT "clk" 29.560000 MHz ;
            4096 items scored, 0 timing errors detected.
--------------------------------------------------------------------------------


Passed: The following path meets requirements by 0.291ns

 Logical Details:  Cell type  Pin type       Cell/ASIC name  (clock net +/-)

   Source:         Sync_RAM   Q              system/core/engine/dp/rf/words_1_ram/RAM1  (from clk_c +)
   Destination:    FF         Data in        system/sequential.memory/transport/latched_wdata[3]  (to clk_c +)

   Delay:               0.278ns  (99.3% logic, 0.7% route), 1 logic levels.

 Constraint Details:

      0.278ns physical path delay system/SLICE_35 to system/SLICE_35 meets
     -0.013ns DIN_HLD and
      0.000ns delay constraint less
      0.000ns skew requirement (totaling -0.013ns) by 0.291ns

 Physical Path Details:

      Data path system/SLICE_35 to system/SLICE_35:

   Name    Fanout   Delay (ns)          Site               Resource
CLKTOF_DEL  ---     0.276      R7C6B.WCK to       R7C6B.F1 system/SLICE_35 (from clk_c)
ROUTE         4     0.002       R7C6B.F1 to      R7C6B.DI1 io_wdata[3] (to clk_c)
                  --------
                    0.278   (99.3% logic, 0.7% route), 1 logic levels.

 Clock Skew Details: 

      Source Clock Path clk to system/SLICE_35:

   Name    Fanout   Delay (ns)          Site               Resource
ROUTE       246     0.765       13.PADDI to      R7C6B.WCK clk_c
                  --------
                    0.765   (0.0% logic, 100.0% route), 0 logic levels.

      Destination Clock Path clk to system/SLICE_35:

   Name    Fanout   Delay (ns)          Site               Resource
ROUTE       246     0.765       13.PADDI to      R7C6B.CLK clk_c
                  --------
                    0.765   (0.0% logic, 100.0% route), 0 logic levels.


Passed: The following path meets requirements by 0.291ns

 Logical Details:  Cell type  Pin type       Cell/ASIC name  (clock net +/-)

   Source:         Sync_RAM   Q              system/core/engine/dp/rf/words_1_ram/RAM1  (from clk_c +)
   Destination:    FF         Data in        system/sequential.memory/transport/latched_wdata[2]  (to clk_c +)

   Delay:               0.278ns  (99.3% logic, 0.7% route), 1 logic levels.

 Constraint Details:

      0.278ns physical path delay system/SLICE_35 to system/SLICE_35 meets
     -0.013ns DIN_HLD and
      0.000ns delay constraint less
      0.000ns skew requirement (totaling -0.013ns) by 0.291ns

 Physical Path Details:

      Data path system/SLICE_35 to system/SLICE_35:

   Name    Fanout   Delay (ns)          Site               Resource
CLKTOF_DEL  ---     0.276      R7C6B.WCK to       R7C6B.F0 system/SLICE_35 (from clk_c)
ROUTE         4     0.002       R7C6B.F0 to      R7C6B.DI0 io_wdata[2] (to clk_c)
                  --------
                    0.278   (99.3% logic, 0.7% route), 1 logic levels.

 Clock Skew Details: 

      Source Clock Path clk to system/SLICE_35:

   Name    Fanout   Delay (ns)          Site               Resource
ROUTE       246     0.765       13.PADDI to      R7C6B.WCK clk_c
                  --------
                    0.765   (0.0% logic, 100.0% route), 0 logic levels.

      Destination Clock Path clk to system/SLICE_35:

   Name    Fanout   Delay (ns)          Site               Resource
ROUTE       246     0.765       13.PADDI to      R7C6B.CLK clk_c
                  --------
                    0.765   (0.0% logic, 100.0% route), 0 logic levels.


Passed: The following path meets requirements by 0.291ns

 Logical Details:  Cell type  Pin type       Cell/ASIC name  (clock net +/-)

   Source:         Sync_RAM   Q              system/core/engine/dp/rf/words_1_ram_1/RAM0  (from clk_c +)
   Destination:    FF         Data in        system/sequential.memory/transport/latched_wdata[8]  (to clk_c +)

   Delay:               0.278ns  (99.3% logic, 0.7% route), 1 logic levels.

 Constraint Details:

      0.278ns physical path delay system/SLICE_52 to system/SLICE_52 meets
     -0.013ns DIN_HLD and
      0.000ns delay constraint less
      0.000ns skew requirement (totaling -0.013ns) by 0.291ns

 Physical Path Details:

      Data path system/SLICE_52 to system/SLICE_52:

   Name    Fanout   Delay (ns)          Site               Resource
CLKTOF_DEL  ---     0.276      R7C5A.WCK to       R7C5A.F0 system/SLICE_52 (from clk_c)
ROUTE         6     0.002       R7C5A.F0 to      R7C5A.DI0 io_wdata[8] (to clk_c)
                  --------
                    0.278   (99.3% logic, 0.7% route), 1 logic levels.

 Clock Skew Details: 

      Source Clock Path clk to system/SLICE_52:

   Name    Fanout   Delay (ns)          Site               Resource
ROUTE       246     0.765       13.PADDI to      R7C5A.WCK clk_c
                  --------
                    0.765   (0.0% logic, 100.0% route), 0 logic levels.

      Destination Clock Path clk to system/SLICE_52:

   Name    Fanout   Delay (ns)          Site               Resource
ROUTE       246     0.765       13.PADDI to      R7C5A.CLK clk_c
                  --------
                    0.765   (0.0% logic, 100.0% route), 0 logic levels.


Passed: The following path meets requirements by 0.291ns

 Logical Details:  Cell type  Pin type       Cell/ASIC name  (clock net +/-)

   Source:         Sync_RAM   Q              system/core/engine/dp/rf/words_1_ram_2/RAM0  (from clk_c +)
   Destination:    FF         Data in        system/sequential.memory/transport/latched_wdata[13]  (to clk_c +)

   Delay:               0.278ns  (99.3% logic, 0.7% route), 1 logic levels.

 Constraint Details:

      0.278ns physical path delay system/SLICE_49 to system/SLICE_49 meets
     -0.013ns DIN_HLD and
      0.000ns delay constraint less
      0.000ns skew requirement (totaling -0.013ns) by 0.291ns

 Physical Path Details:

      Data path system/SLICE_49 to system/SLICE_49:

   Name    Fanout   Delay (ns)          Site               Resource
CLKTOF_DEL  ---     0.276      R8C7A.WCK to       R8C7A.F1 system/SLICE_49 (from clk_c)
ROUTE         5     0.002       R8C7A.F1 to      R8C7A.DI1 io_wdata[13] (to clk_c)
                  --------
                    0.278   (99.3% logic, 0.7% route), 1 logic levels.

 Clock Skew Details: 

      Source Clock Path clk to system/SLICE_49:

   Name    Fanout   Delay (ns)          Site               Resource
ROUTE       246     0.765       13.PADDI to      R8C7A.WCK clk_c
                  --------
                    0.765   (0.0% logic, 100.0% route), 0 logic levels.

      Destination Clock Path clk to system/SLICE_49:

   Name    Fanout   Delay (ns)          Site               Resource
ROUTE       246     0.765       13.PADDI to      R8C7A.CLK clk_c
                  --------
                    0.765   (0.0% logic, 100.0% route), 0 logic levels.


Passed: The following path meets requirements by 0.291ns

 Logical Details:  Cell type  Pin type       Cell/ASIC name  (clock net +/-)

   Source:         Sync_RAM   Q              system/core/engine/dp/rf/words_1_ram_2/RAM0  (from clk_c +)
   Destination:    FF         Data in        system/sequential.memory/transport/latched_wdata[12]  (to clk_c +)

   Delay:               0.278ns  (99.3% logic, 0.7% route), 1 logic levels.

 Constraint Details:

      0.278ns physical path delay system/SLICE_49 to system/SLICE_49 meets
     -0.013ns DIN_HLD and
      0.000ns delay constraint less
      0.000ns skew requirement (totaling -0.013ns) by 0.291ns

 Physical Path Details:

      Data path system/SLICE_49 to system/SLICE_49:

   Name    Fanout   Delay (ns)          Site               Resource
CLKTOF_DEL  ---     0.276      R8C7A.WCK to       R8C7A.F0 system/SLICE_49 (from clk_c)
ROUTE         5     0.002       R8C7A.F0 to      R8C7A.DI0 io_wdata[12] (to clk_c)
                  --------
                    0.278   (99.3% logic, 0.7% route), 1 logic levels.

 Clock Skew Details: 

      Source Clock Path clk to system/SLICE_49:

   Name    Fanout   Delay (ns)          Site               Resource
ROUTE       246     0.765       13.PADDI to      R8C7A.WCK clk_c
                  --------
                    0.765   (0.0% logic, 100.0% route), 0 logic levels.

      Destination Clock Path clk to system/SLICE_49:

   Name    Fanout   Delay (ns)          Site               Resource
ROUTE       246     0.765       13.PADDI to      R8C7A.CLK clk_c
                  --------
                    0.765   (0.0% logic, 100.0% route), 0 logic levels.


Passed: The following path meets requirements by 0.291ns

 Logical Details:  Cell type  Pin type       Cell/ASIC name  (clock net +/-)

   Source:         Sync_RAM   Q              system/core/engine/dp/rf/words_1_ram_0/RAM1  (from clk_c +)
   Destination:    FF         Data in        system/sequential.memory/transport/latched_wdata[7]  (to clk_c +)

   Delay:               0.278ns  (99.3% logic, 0.7% route), 1 logic levels.

 Constraint Details:

      0.278ns physical path delay system/SLICE_56 to system/SLICE_56 meets
     -0.013ns DIN_HLD and
      0.000ns delay constraint less
      0.000ns skew requirement (totaling -0.013ns) by 0.291ns

 Physical Path Details:

      Data path system/SLICE_56 to system/SLICE_56:

   Name    Fanout   Delay (ns)          Site               Resource
CLKTOF_DEL  ---     0.276      R7C9B.WCK to       R7C9B.F1 system/SLICE_56 (from clk_c)
ROUTE         4     0.002       R7C9B.F1 to      R7C9B.DI1 io_wdata[7] (to clk_c)
                  --------
                    0.278   (99.3% logic, 0.7% route), 1 logic levels.

 Clock Skew Details: 

      Source Clock Path clk to system/SLICE_56:

   Name    Fanout   Delay (ns)          Site               Resource
ROUTE       246     0.765       13.PADDI to      R7C9B.WCK clk_c
                  --------
                    0.765   (0.0% logic, 100.0% route), 0 logic levels.

      Destination Clock Path clk to system/SLICE_56:

   Name    Fanout   Delay (ns)          Site               Resource
ROUTE       246     0.765       13.PADDI to      R7C9B.CLK clk_c
                  --------
                    0.765   (0.0% logic, 100.0% route), 0 logic levels.


Passed: The following path meets requirements by 0.291ns

 Logical Details:  Cell type  Pin type       Cell/ASIC name  (clock net +/-)

   Source:         Sync_RAM   Q              system/core/engine/dp/rf/words_1_ram_1/RAM1  (from clk_c +)
   Destination:    FF         Data in        system/sequential.memory/transport/latched_wdata[10]  (to clk_c +)

   Delay:               0.278ns  (99.3% logic, 0.7% route), 1 logic levels.

 Constraint Details:

      0.278ns physical path delay system/SLICE_53 to system/SLICE_53 meets
     -0.013ns DIN_HLD and
      0.000ns delay constraint less
      0.000ns skew requirement (totaling -0.013ns) by 0.291ns

 Physical Path Details:

      Data path system/SLICE_53 to system/SLICE_53:

   Name    Fanout   Delay (ns)          Site               Resource
CLKTOF_DEL  ---     0.276      R7C5B.WCK to       R7C5B.F0 system/SLICE_53 (from clk_c)
ROUTE         5     0.002       R7C5B.F0 to      R7C5B.DI0 io_wdata[10] (to clk_c)
                  --------
                    0.278   (99.3% logic, 0.7% route), 1 logic levels.

 Clock Skew Details: 

      Source Clock Path clk to system/SLICE_53:

   Name    Fanout   Delay (ns)          Site               Resource
ROUTE       246     0.765       13.PADDI to      R7C5B.WCK clk_c
                  --------
                    0.765   (0.0% logic, 100.0% route), 0 logic levels.

      Destination Clock Path clk to system/SLICE_53:

   Name    Fanout   Delay (ns)          Site               Resource
ROUTE       246     0.765       13.PADDI to      R7C5B.CLK clk_c
                  --------
                    0.765   (0.0% logic, 100.0% route), 0 logic levels.


Passed: The following path meets requirements by 0.291ns

 Logical Details:  Cell type  Pin type       Cell/ASIC name  (clock net +/-)

   Source:         Sync_RAM   Q              system/core/engine/dp/rf/words_1_ram/RAM0  (from clk_c +)
   Destination:    FF         Data in        system/sequential.memory/transport/latched_wdata[1]  (to clk_c +)

   Delay:               0.278ns  (99.3% logic, 0.7% route), 1 logic levels.

 Constraint Details:

      0.278ns physical path delay system/SLICE_34 to system/SLICE_34 meets
     -0.013ns DIN_HLD and
      0.000ns delay constraint less
      0.000ns skew requirement (totaling -0.013ns) by 0.291ns

 Physical Path Details:

      Data path system/SLICE_34 to system/SLICE_34:

   Name    Fanout   Delay (ns)          Site               Resource
CLKTOF_DEL  ---     0.276      R7C6A.WCK to       R7C6A.F1 system/SLICE_34 (from clk_c)
ROUTE         4     0.002       R7C6A.F1 to      R7C6A.DI1 io_wdata[1] (to clk_c)
                  --------
                    0.278   (99.3% logic, 0.7% route), 1 logic levels.

 Clock Skew Details: 

      Source Clock Path clk to system/SLICE_34:

   Name    Fanout   Delay (ns)          Site               Resource
ROUTE       246     0.765       13.PADDI to      R7C6A.WCK clk_c
                  --------
                    0.765   (0.0% logic, 100.0% route), 0 logic levels.

      Destination Clock Path clk to system/SLICE_34:

   Name    Fanout   Delay (ns)          Site               Resource
ROUTE       246     0.765       13.PADDI to      R7C6A.CLK clk_c
                  --------
                    0.765   (0.0% logic, 100.0% route), 0 logic levels.


Passed: The following path meets requirements by 0.291ns

 Logical Details:  Cell type  Pin type       Cell/ASIC name  (clock net +/-)

   Source:         Sync_RAM   Q              system/core/engine/dp/rf/words_1_ram_1/RAM0  (from clk_c +)
   Destination:    FF         Data in        system/sequential.memory/transport/latched_wdata[9]  (to clk_c +)

   Delay:               0.278ns  (99.3% logic, 0.7% route), 1 logic levels.

 Constraint Details:

      0.278ns physical path delay system/SLICE_52 to system/SLICE_52 meets
     -0.013ns DIN_HLD and
      0.000ns delay constraint less
      0.000ns skew requirement (totaling -0.013ns) by 0.291ns

 Physical Path Details:

      Data path system/SLICE_52 to system/SLICE_52:

   Name    Fanout   Delay (ns)          Site               Resource
CLKTOF_DEL  ---     0.276      R7C5A.WCK to       R7C5A.F1 system/SLICE_52 (from clk_c)
ROUTE         5     0.002       R7C5A.F1 to      R7C5A.DI1 io_wdata[9] (to clk_c)
                  --------
                    0.278   (99.3% logic, 0.7% route), 1 logic levels.

 Clock Skew Details: 

      Source Clock Path clk to system/SLICE_52:

   Name    Fanout   Delay (ns)          Site               Resource
ROUTE       246     0.765       13.PADDI to      R7C5A.WCK clk_c
                  --------
                    0.765   (0.0% logic, 100.0% route), 0 logic levels.

      Destination Clock Path clk to system/SLICE_52:

   Name    Fanout   Delay (ns)          Site               Resource
ROUTE       246     0.765       13.PADDI to      R7C5A.CLK clk_c
                  --------
                    0.765   (0.0% logic, 100.0% route), 0 logic levels.


Passed: The following path meets requirements by 0.291ns

 Logical Details:  Cell type  Pin type       Cell/ASIC name  (clock net +/-)

   Source:         Sync_RAM   Q              system/core/engine/dp/rf/words_1_ram_0/RAM1  (from clk_c +)
   Destination:    FF         Data in        system/sequential.memory/transport/latched_wdata[6]  (to clk_c +)

   Delay:               0.278ns  (99.3% logic, 0.7% route), 1 logic levels.

 Constraint Details:

      0.278ns physical path delay system/SLICE_56 to system/SLICE_56 meets
     -0.013ns DIN_HLD and
      0.000ns delay constraint less
      0.000ns skew requirement (totaling -0.013ns) by 0.291ns

 Physical Path Details:

      Data path system/SLICE_56 to system/SLICE_56:

   Name    Fanout   Delay (ns)          Site               Resource
CLKTOF_DEL  ---     0.276      R7C9B.WCK to       R7C9B.F0 system/SLICE_56 (from clk_c)
ROUTE         4     0.002       R7C9B.F0 to      R7C9B.DI0 io_wdata[6] (to clk_c)
                  --------
                    0.278   (99.3% logic, 0.7% route), 1 logic levels.

 Clock Skew Details: 

      Source Clock Path clk to system/SLICE_56:

   Name    Fanout   Delay (ns)          Site               Resource
ROUTE       246     0.765       13.PADDI to      R7C9B.WCK clk_c
                  --------
                    0.765   (0.0% logic, 100.0% route), 0 logic levels.

      Destination Clock Path clk to system/SLICE_56:

   Name    Fanout   Delay (ns)          Site               Resource
ROUTE       246     0.765       13.PADDI to      R7C9B.CLK clk_c
                  --------
                    0.765   (0.0% logic, 100.0% route), 0 logic levels.

Report Summary
--------------
----------------------------------------------------------------------------
Preference(MIN Delays)                  |   Constraint|       Actual|Levels
----------------------------------------------------------------------------
                                        |             |             |
FREQUENCY PORT "clk" 29.560000 MHz ;    |            -|            -|   1  
                                        |             |             |
----------------------------------------------------------------------------


All preferences were met.


Clock Domains Analysis
------------------------

Found 1 clocks:

Clock Domain: clk_c   Source: clk.PAD   Loads: 246
   Covered under: FREQUENCY PORT "clk" 29.560000 MHz ;


--------------------------------------------------------------------------------
                Connections not covered by the preferences
--------------------------------------------------------------------------------

     Delay                        Element                 Net

    0.794ns         SLICE_493.F0 to     serial_out.PADDO serial_out_c
    0.812ns          reset.PADDI to .memory/SLICE_11.LSR reset_c
    0.812ns          reset.PADDI to .memory/SLICE_12.LSR reset_c
    0.812ns          reset.PADDI to .memory/SLICE_13.LSR reset_c
    0.812ns          reset.PADDI to .memory/SLICE_14.LSR reset_c
    0.812ns          reset.PADDI to .memory/SLICE_15.LSR reset_c
    0.812ns          reset.PADDI to .memory/SLICE_16.LSR reset_c
    0.812ns          reset.PADDI to .memory/SLICE_17.LSR reset_c
    0.812ns          reset.PADDI to ine/seq/SLICE_18.LSR reset_c
    0.812ns          reset.PADDI to ine/seq/SLICE_19.LSR reset_c
    0.812ns          reset.PADDI to ine/seq/SLICE_20.LSR reset_c
    0.812ns          reset.PADDI to ine/seq/SLICE_21.LSR reset_c
    0.812ns          reset.PADDI to ine/seq/SLICE_22.LSR reset_c
    0.812ns          reset.PADDI to  system/SLICE_34.LSR reset_c
    0.812ns          reset.PADDI to  system/SLICE_35.LSR reset_c
    0.812ns          reset.PADDI to         SLICE_37.LSR reset_c
    0.812ns          reset.PADDI to         SLICE_38.LSR reset_c
    0.812ns          reset.PADDI to         SLICE_40.LSR reset_c
    0.812ns          reset.PADDI to         SLICE_41.LSR reset_c
    0.812ns          reset.PADDI to         SLICE_43.LSR reset_c
    0.812ns          reset.PADDI to         SLICE_44.LSR reset_c
    0.812ns          reset.PADDI to         SLICE_46.LSR reset_c
    0.812ns          reset.PADDI to         SLICE_47.LSR reset_c
    0.812ns          reset.PADDI to  system/SLICE_49.LSR reset_c
    0.812ns          reset.PADDI to  system/SLICE_50.LSR reset_c
    0.812ns          reset.PADDI to  system/SLICE_52.LSR reset_c
    0.812ns          reset.PADDI to  system/SLICE_53.LSR reset_c
    0.812ns          reset.PADDI to  system/SLICE_55.LSR reset_c
    0.812ns          reset.PADDI to  system/SLICE_56.LSR reset_c
    0.812ns          reset.PADDI to ansport/SLICE_57.LSR reset_c
    0.812ns          reset.PADDI to  system/SLICE_58.LSR reset_c
    0.812ns          reset.PADDI to  system/SLICE_59.LSR reset_c
    0.812ns          reset.PADDI to  system/SLICE_60.LSR reset_c
    0.812ns          reset.PADDI to  system/SLICE_61.LSR reset_c
    0.812ns          reset.PADDI to  system/SLICE_62.LSR reset_c
    0.812ns          reset.PADDI to  system/SLICE_63.LSR reset_c
    0.812ns          reset.PADDI to  system/SLICE_64.LSR reset_c
    0.812ns          reset.PADDI to  system/SLICE_65.LSR reset_c
    0.812ns          reset.PADDI to /engine/SLICE_67.LSR reset_c
    0.812ns          reset.PADDI to /engine/SLICE_68.LSR reset_c
    0.812ns          reset.PADDI to /engine/SLICE_69.LSR reset_c
    0.812ns          reset.PADDI to /engine/SLICE_70.LSR reset_c
    0.812ns          reset.PADDI to ansport/SLICE_75.LSR reset_c
    0.812ns          reset.PADDI to         SLICE_76.LSR reset_c
    0.812ns          reset.PADDI to         SLICE_77.LSR reset_c
    0.812ns          reset.PADDI to         SLICE_78.LSR reset_c
    0.812ns          reset.PADDI to         SLICE_79.LSR reset_c
    0.812ns          reset.PADDI to         SLICE_80.LSR reset_c
    0.812ns          reset.PADDI to         SLICE_81.LSR reset_c
    0.812ns          reset.PADDI to         SLICE_82.LSR reset_c
    0.812ns          reset.PADDI to         SLICE_83.LSR reset_c
    0.812ns          reset.PADDI to         SLICE_84.LSR reset_c
    0.812ns          reset.PADDI to         SLICE_85.LSR reset_c
    0.812ns          reset.PADDI to         SLICE_86.LSR reset_c
    0.812ns          reset.PADDI to         SLICE_87.LSR reset_c
    0.812ns          reset.PADDI to        SLICE_143.LSR reset_c
    0.812ns          reset.PADDI to        SLICE_145.LSR reset_c
    0.812ns          reset.PADDI to        SLICE_154.LSR reset_c
    0.812ns          reset.PADDI to        SLICE_157.LSR reset_c
    0.812ns          reset.PADDI to        SLICE_158.LSR reset_c
    0.812ns          reset.PADDI to status/SLICE_159.LSR reset_c
    0.812ns          reset.PADDI to status/SLICE_160.LSR reset_c
    0.812ns          reset.PADDI to status/SLICE_161.LSR reset_c
    0.812ns          reset.PADDI to engine/SLICE_162.LSR reset_c
    0.812ns          reset.PADDI to engine/SLICE_163.LSR reset_c
    0.812ns          reset.PADDI to engine/SLICE_164.LSR reset_c
    0.812ns          reset.PADDI to engine/SLICE_165.LSR reset_c
    0.812ns          reset.PADDI to engine/SLICE_166.LSR reset_c
    0.812ns          reset.PADDI to engine/SLICE_167.LSR reset_c
    0.812ns          reset.PADDI to engine/SLICE_168.LSR reset_c
    0.812ns          reset.PADDI to engine/SLICE_169.LSR reset_c
    0.812ns          reset.PADDI to engine/SLICE_170.LSR reset_c
    0.812ns          reset.PADDI to ine/dp/SLICE_171.LSR reset_c
    0.812ns          reset.PADDI to ine/dp/SLICE_172.LSR reset_c
    0.812ns          reset.PADDI to ine/dp/SLICE_173.LSR reset_c
    0.812ns          reset.PADDI to ine/dp/SLICE_174.LSR reset_c
    0.812ns          reset.PADDI to ine/dp/SLICE_175.LSR reset_c
    0.812ns          reset.PADDI to ine/dp/SLICE_176.LSR reset_c
    0.812ns          reset.PADDI to ine/dp/SLICE_177.LSR reset_c
    0.812ns          reset.PADDI to ine/dp/SLICE_178.LSR reset_c
    0.812ns          reset.PADDI to ine/dp/SLICE_179.LSR reset_c
    0.812ns          reset.PADDI to ine/dp/SLICE_180.LSR reset_c
    0.812ns          reset.PADDI to ine/dp/SLICE_181.LSR reset_c
    0.812ns          reset.PADDI to engine/SLICE_182.LSR reset_c
    0.812ns          reset.PADDI to nsport/SLICE_183.LSR reset_c
    0.812ns          reset.PADDI to engine/SLICE_198.LSR reset_c
    0.812ns          reset.PADDI to engine/SLICE_199.LSR reset_c
    0.812ns          reset.PADDI to engine/SLICE_200.LSR reset_c
    0.812ns          reset.PADDI to engine/SLICE_201.LSR reset_c
    0.812ns          reset.PADDI to ne/seq/SLICE_202.LSR reset_c
    0.812ns          reset.PADDI to ne/seq/SLICE_203.LSR reset_c
    0.812ns          reset.PADDI to engine/SLICE_204.LSR reset_c
    0.812ns          reset.PADDI to memory/SLICE_205.LSR reset_c
    0.812ns          reset.PADDI to system/SLICE_206.LSR reset_c
    0.812ns          reset.PADDI to memory/SLICE_208.LSR reset_c
    0.812ns          reset.PADDI to nsport/SLICE_209.LSR reset_c
    0.812ns          reset.PADDI to memory/SLICE_210.LSR reset_c
    0.812ns          reset.PADDI to nsport/SLICE_211.LSR reset_c
    0.812ns          reset.PADDI to nsport/SLICE_212.LSR reset_c
    0.812ns          reset.PADDI to memory/SLICE_213.LSR reset_c
    0.812ns          reset.PADDI to memory/SLICE_214.LSR reset_c
    0.812ns          reset.PADDI to memory/SLICE_215.LSR reset_c
    0.812ns          reset.PADDI to memory/SLICE_216.LSR reset_c
    0.812ns          reset.PADDI to memory/SLICE_217.LSR reset_c
    0.812ns          reset.PADDI to memory/SLICE_218.LSR reset_c
    0.812ns          reset.PADDI to memory/SLICE_219.LSR reset_c
    0.812ns          reset.PADDI to memory/SLICE_220.LSR reset_c
    0.812ns          reset.PADDI to memory/SLICE_221.LSR reset_c
    0.812ns          reset.PADDI to memory/SLICE_222.LSR reset_c
    1.299ns          reset.PADDI to ansport/SLICE_223.C1 reset_c
    0.812ns          reset.PADDI to nsport/SLICE_223.LSR reset_c
    1.408ns          reset.PADDI to ansport/SLICE_228.A1 reset_c
    0.812ns          reset.PADDI to nsport/SLICE_228.LSR reset_c
    1.038ns          reset.PADDI to ansport/SLICE_229.C0 reset_c
    1.483ns          reset.PADDI to ansport/SLICE_230.D0 reset_c
    1.483ns          reset.PADDI to ansport/SLICE_230.D1 reset_c
    1.483ns          reset.PADDI to ansport/SLICE_231.D0 reset_c
    1.483ns          reset.PADDI to ansport/SLICE_231.D1 reset_c
    1.508ns          reset.PADDI to ansport/SLICE_232.C0 reset_c
    1.508ns          reset.PADDI to ansport/SLICE_232.C1 reset_c
    1.720ns          reset.PADDI to ansport/SLICE_233.A0 reset_c
    1.500ns          reset.PADDI to ansport/SLICE_233.C1 reset_c
    0.985ns          reset.PADDI to ansport/SLICE_234.D1 reset_c
    1.451ns          reset.PADDI to ansport/SLICE_235.D0 reset_c
    1.451ns          reset.PADDI to ansport/SLICE_235.D1 reset_c
    1.447ns          reset.PADDI to ansport/SLICE_236.D1 reset_c
    1.404ns          reset.PADDI to ansport/SLICE_237.A0 reset_c
    1.565ns          reset.PADDI to ansport/SLICE_237.B1 reset_c
    0.812ns          reset.PADDI to        SLICE_238.LSR reset_c
    0.812ns          reset.PADDI to        SLICE_239.LSR reset_c
    0.812ns          reset.PADDI to system/SLICE_240.LSR reset_c
    0.812ns          reset.PADDI to system/SLICE_241.LSR reset_c
    0.812ns          reset.PADDI to nsport/SLICE_246.LSR reset_c
    0.812ns          reset.PADDI to nsport/SLICE_247.LSR reset_c
    0.812ns          reset.PADDI to nsport/SLICE_248.LSR reset_c
    0.812ns          reset.PADDI to nsport/SLICE_249.LSR reset_c
    0.812ns          reset.PADDI to system/SLICE_250.LSR reset_c
    0.812ns          reset.PADDI to        SLICE_251.LSR reset_c
    0.812ns          reset.PADDI to ne/seq/SLICE_252.LSR reset_c
    0.812ns          reset.PADDI to ne/seq/SLICE_253.LSR reset_c
    0.812ns          reset.PADDI to ne/seq/SLICE_254.LSR reset_c
    0.812ns          reset.PADDI to ne/seq/SLICE_255.LSR reset_c
    0.812ns          reset.PADDI to ne/seq/SLICE_256.LSR reset_c
    1.395ns          reset.PADDI to /engine/SLICE_295.B0 reset_c
    1.395ns          reset.PADDI to /engine/SLICE_295.B1 reset_c
    0.812ns          reset.PADDI to        SLICE_296.LSR reset_c
    1.262ns          reset.PADDI to  system/SLICE_299.D1 reset_c
    0.812ns          reset.PADDI to        SLICE_311.LSR reset_c
    0.812ns          reset.PADDI to        SLICE_312.LSR reset_c
    0.812ns          reset.PADDI to        SLICE_313.LSR reset_c
    0.812ns          reset.PADDI to        SLICE_316.LSR reset_c
    0.812ns          reset.PADDI to        SLICE_317.LSR reset_c
    0.812ns          reset.PADDI to        SLICE_318.LSR reset_c
    0.812ns          reset.PADDI to        SLICE_319.LSR reset_c
    0.812ns          reset.PADDI to        SLICE_321.LSR reset_c
    0.812ns          reset.PADDI to        SLICE_322.LSR reset_c
    0.812ns          reset.PADDI to        SLICE_323.LSR reset_c
    0.812ns          reset.PADDI to        SLICE_324.LSR reset_c
    0.812ns          reset.PADDI to        SLICE_325.LSR reset_c
    1.408ns          reset.PADDI to ansport/SLICE_334.A0 reset_c
    1.416ns          reset.PADDI to ansport/SLICE_335.A0 reset_c
    1.604ns          reset.PADDI to ansport/SLICE_338.D1 reset_c
    1.565ns          reset.PADDI to ansport/SLICE_339.A1 reset_c
    1.755ns          reset.PADDI to ansport/SLICE_340.D1 reset_c
    1.451ns          reset.PADDI to ansport/SLICE_341.D1 reset_c
    1.577ns          reset.PADDI to ansport/SLICE_343.B0 reset_c
    1.416ns          reset.PADDI to ansport/SLICE_344.A1 reset_c
    1.569ns          reset.PADDI to ansport/SLICE_345.A1 reset_c
    1.234ns          reset.PADDI to ine/seq/SLICE_367.A0 reset_c
    1.272ns          reset.PADDI to ine/seq/SLICE_389.D1 reset_c
    1.399ns          reset.PADDI to ine/seq/SLICE_395.B0 reset_c
    1.272ns          reset.PADDI to ine/seq/SLICE_400.D1 reset_c
    1.124ns          reset.PADDI to /engine/SLICE_407.B0 reset_c
    0.812ns          reset.PADDI to        SLICE_412.LSR reset_c
    0.812ns          reset.PADDI to        SLICE_413.LSR reset_c
    0.812ns          reset.PADDI to        SLICE_415.LSR reset_c
    0.812ns          reset.PADDI to        SLICE_417.LSR reset_c
    0.812ns          reset.PADDI to        SLICE_418.LSR reset_c
    0.812ns          reset.PADDI to        SLICE_475.LSR reset_c
    0.812ns          reset.PADDI to        SLICE_476.LSR reset_c
    0.812ns          reset.PADDI to        SLICE_477.LSR reset_c
    0.812ns          reset.PADDI to        SLICE_478.LSR reset_c
    0.812ns          reset.PADDI to        SLICE_481.LSR reset_c
    0.812ns          reset.PADDI to        SLICE_482.LSR reset_c
    0.812ns          reset.PADDI to        SLICE_483.LSR reset_c
    0.812ns          reset.PADDI to        SLICE_484.LSR reset_c
    0.812ns          reset.PADDI to        SLICE_485.LSR reset_c
    0.812ns          reset.PADDI to        SLICE_486.LSR reset_c
    0.812ns          reset.PADDI to        SLICE_487.LSR reset_c
    0.812ns          reset.PADDI to        SLICE_488.LSR reset_c
    0.812ns          reset.PADDI to        SLICE_489.LSR reset_c
    0.812ns          reset.PADDI to        SLICE_490.LSR reset_c
    0.812ns          reset.PADDI to        SLICE_491.LSR reset_c
    0.812ns          reset.PADDI to        SLICE_492.LSR reset_c
    0.812ns          reset.PADDI to        SLICE_493.LSR reset_c
    0.812ns          reset.PADDI to        SLICE_494.LSR reset_c
    0.812ns          reset.PADDI to        SLICE_495.LSR reset_c
    0.812ns          reset.PADDI to        SLICE_496.LSR reset_c
    0.812ns          reset.PADDI to        SLICE_497.LSR reset_c
    0.812ns          reset.PADDI to        SLICE_498.LSR reset_c
    0.812ns          reset.PADDI to        SLICE_499.LSR reset_c
    0.812ns          reset.PADDI to        SLICE_500.LSR reset_c
    0.812ns          reset.PADDI to        SLICE_501.LSR reset_c
    0.812ns          reset.PADDI to        SLICE_502.LSR reset_c
    0.812ns          reset.PADDI to        SLICE_503.LSR reset_c
    0.812ns          reset.PADDI to        SLICE_504.LSR reset_c
    0.812ns          reset.PADDI to        SLICE_507.LSR reset_c
    1.124ns          reset.PADDI to ine/seq/SLICE_510.B0 reset_c
    1.394ns          reset.PADDI to ine/seq/SLICE_510.A1 reset_c
    0.812ns          reset.PADDI to        SLICE_526.LSR reset_c
    0.812ns          reset.PADDI to        SLICE_527.LSR reset_c
    0.812ns          reset.PADDI to        SLICE_528.LSR reset_c
    0.812ns          reset.PADDI to        SLICE_529.LSR reset_c
    0.812ns          reset.PADDI to        SLICE_530.LSR reset_c
    0.812ns          reset.PADDI to        SLICE_531.LSR reset_c
    0.812ns          reset.PADDI to        SLICE_532.LSR reset_c
    1.569ns          reset.PADDI to ine/seq/SLICE_540.B0 reset_c
    1.569ns          reset.PADDI to ine/seq/SLICE_540.B1 reset_c
    0.812ns          reset.PADDI to        SLICE_543.LSR reset_c
    0.812ns          reset.PADDI to        SLICE_544.LSR reset_c
    1.332ns          reset.PADDI to  system/SLICE_562.C0 reset_c
    1.332ns          reset.PADDI to  system/SLICE_562.C1 reset_c
    1.396ns          reset.PADDI to  system/SLICE_563.A0 reset_c
    1.396ns          reset.PADDI to  system/SLICE_563.A1 reset_c
    1.281ns          reset.PADDI to ine/seq/SLICE_567.D0 reset_c
    1.169ns          reset.PADDI to ine/seq/SLICE_567.C1 reset_c
    1.490ns          reset.PADDI to ine/seq/SLICE_568.C0 reset_c
    1.710ns          reset.PADDI to ine/seq/SLICE_568.A1 reset_c
    0.812ns          reset.PADDI to        SLICE_572.LSR reset_c
    0.812ns          reset.PADDI to        SLICE_577.LSR reset_c
    0.812ns          reset.PADDI to        SLICE_578.LSR reset_c
    0.812ns          reset.PADDI to        SLICE_580.LSR reset_c
    0.812ns          reset.PADDI to        SLICE_581.LSR reset_c
    0.812ns          reset.PADDI to        SLICE_582.LSR reset_c
    0.812ns          reset.PADDI to        SLICE_583.LSR reset_c
    0.812ns          reset.PADDI to        SLICE_584.LSR reset_c
    0.812ns          reset.PADDI to        SLICE_585.LSR reset_c
    0.812ns          reset.PADDI to        SLICE_586.LSR reset_c
    0.812ns          reset.PADDI to        SLICE_587.LSR reset_c
    0.812ns          reset.PADDI to        SLICE_588.LSR reset_c
    0.812ns          reset.PADDI to        SLICE_589.LSR reset_c
    0.812ns          reset.PADDI to        SLICE_590.LSR reset_c
    0.812ns          reset.PADDI to        SLICE_591.LSR reset_c
    0.812ns          reset.PADDI to        SLICE_592.LSR reset_c
    0.812ns          reset.PADDI to        SLICE_593.LSR reset_c
    0.812ns          reset.PADDI to        SLICE_594.LSR reset_c
    0.812ns          reset.PADDI to        SLICE_595.LSR reset_c
    0.812ns          reset.PADDI to        SLICE_596.LSR reset_c
    0.812ns          reset.PADDI to        SLICE_597.LSR reset_c
    0.812ns          reset.PADDI to        SLICE_598.LSR reset_c
    0.856ns          reset.PADDI to  serial_in_MGIOL.LSR reset_c
    0.201ns         SLICE_158.Q0 to         SLICE_504.D0 observe[178]
    0.177ns      serial_in.PADDI to   serial_in_MGIOL.DI serial_in_c
    0.519ns          SLICE_82.Q0 to         SLICE_325.D0 observe[13]
    0.327ns          SLICE_82.Q1 to         SLICE_325.B0 observe[14]
    0.156ns         SLICE_325.F0 to         SLICE_325.C1 serial_out_6
    0.630ns          SLICE_76.Q0 to         SLICE_504.B1 observe[0]
    0.356ns          SLICE_76.Q1 to         SLICE_504.D1 observe[2]
    0.650ns          SLICE_77.Q0 to         SLICE_596.A1 observe[3]
    0.329ns          SLICE_77.Q1 to         SLICE_596.D1 observe[4]
    0.584ns          SLICE_78.Q0 to         SLICE_596.C1 observe[5]
    0.359ns          SLICE_78.Q1 to         SLICE_596.B1 observe[6]
    0.200ns          SLICE_79.Q0 to         SLICE_596.D0 observe[7]
    0.477ns          SLICE_79.Q1 to         SLICE_596.A0 observe[8]
    0.491ns          SLICE_80.Q0 to         SLICE_596.B0 observe[9]
    0.258ns          SLICE_80.Q1 to         SLICE_596.C0 observe[10]
    0.200ns          SLICE_81.Q0 to         SLICE_325.D1 observe[11]
    0.318ns          SLICE_81.Q1 to         SLICE_325.A1 observe[12]
    1.093ns          SLICE_83.Q0 to         SLICE_239.A0 observe[15]
    0.688ns          SLICE_83.Q1 to         SLICE_239.B0 observe[16]
    0.815ns          SLICE_84.Q0 to         SLICE_239.D0 observe[17]
    0.785ns          SLICE_84.Q1 to         SLICE_239.C0 observe[18]
    0.201ns          SLICE_85.Q0 to         SLICE_239.D1 observe[19]
    0.254ns          SLICE_85.Q1 to         SLICE_239.C1 observe[20]
    0.482ns          SLICE_86.Q0 to         SLICE_239.B1 observe[21]
    0.322ns          SLICE_86.Q1 to         SLICE_239.A1 observe[22]
    0.204ns          SLICE_87.Q0 to         SLICE_595.D1 observe[23]
    0.477ns          SLICE_87.Q1 to         SLICE_595.A1 observe[24]
    0.253ns         SLICE_482.Q0 to         SLICE_595.C1 observe[25]
    0.323ns         SLICE_482.Q1 to         SLICE_595.B1 observe[26]
    0.428ns         SLICE_296.Q0 to         SLICE_595.B0 observe[27]
    0.421ns         SLICE_296.Q1 to         SLICE_595.C0 observe[28]
    0.771ns         SLICE_487.Q0 to         SLICE_595.D0 observe[29]
    0.473ns         SLICE_487.Q1 to         SLICE_595.A0 observe[30]
    0.360ns         SLICE_492.Q0 to         SLICE_497.D1 observe[31]
    0.413ns         SLICE_492.Q1 to         SLICE_497.C1 observe[32]
    0.697ns         SLICE_323.Q0 to         SLICE_497.A1 observe[33]
    0.491ns         SLICE_323.Q1 to         SLICE_497.B1 observe[34]
    0.254ns         SLICE_485.Q0 to         SLICE_238.C0 observe[35]
    0.491ns         SLICE_485.Q1 to         SLICE_238.B0 observe[36]
    0.519ns         SLICE_484.Q0 to         SLICE_238.D0 observe[37]
    0.473ns         SLICE_484.Q1 to         SLICE_238.A0 observe[38]
    0.579ns         SLICE_490.Q0 to         SLICE_594.B1 observe[39]
    0.574ns         SLICE_490.Q1 to         SLICE_594.A1 observe[40]
    0.254ns         SLICE_483.Q0 to         SLICE_594.C1 observe[41]
    0.201ns         SLICE_483.Q1 to         SLICE_594.D1 observe[42]
    0.423ns         SLICE_322.Q0 to         SLICE_594.A0 observe[43]
    0.306ns         SLICE_322.Q1 to         SLICE_594.D0 observe[44]
    0.724ns         SLICE_491.Q0 to         SLICE_594.C0 observe[45]
    0.327ns         SLICE_491.Q1 to         SLICE_594.B0 observe[46]
    0.319ns         SLICE_481.Q0 to         SLICE_498.A1 observe[47]
    0.201ns         SLICE_481.Q1 to         SLICE_498.D1 observe[48]
    0.253ns         SLICE_507.Q0 to         SLICE_498.C1 observe[49]
    0.323ns         SLICE_507.Q1 to         SLICE_498.B1 observe[50]
    0.253ns         SLICE_488.Q0 to         SLICE_238.C1 observe[51]
    0.323ns         SLICE_488.Q1 to         SLICE_238.B1 observe[52]
    0.318ns         SLICE_531.Q0 to         SLICE_238.A1 observe[53]
    0.204ns         SLICE_531.Q1 to         SLICE_238.D1 observe[54]
    0.587ns         SLICE_530.Q0 to         SLICE_593.B1 observe[55]
    0.306ns         SLICE_530.Q1 to         SLICE_593.D1 observe[56]
    0.254ns         SLICE_582.Q0 to         SLICE_593.C1 observe[57]
    0.319ns         SLICE_582.Q1 to         SLICE_593.A1 observe[58]
    0.574ns         SLICE_532.Q0 to         SLICE_593.A0 observe[59]
    0.559ns         SLICE_532.Q1 to         SLICE_593.D0 observe[60]
    0.324ns         SLICE_598.Q0 to         SLICE_593.B0 observe[61]
    0.254ns         SLICE_598.Q1 to         SLICE_593.C0 observe[62]
    0.201ns         SLICE_324.Q0 to         SLICE_499.D1 observe[63]
    0.319ns         SLICE_324.Q1 to         SLICE_499.A1 observe[64]
    0.738ns         SLICE_583.Q0 to         SLICE_499.B1 observe[65]
    0.253ns         SLICE_583.Q1 to         SLICE_499.C1 observe[66]
    0.735ns         SLICE_597.Q0 to         SLICE_227.C0 observe[67]
    0.530ns         SLICE_597.Q1 to         SLICE_227.D0 observe[68]
    0.650ns         SLICE_486.Q0 to         SLICE_227.A0 observe[69]
    0.647ns         SLICE_486.Q1 to         SLICE_227.B0 observe[70]
    0.755ns         SLICE_489.Q0 to         SLICE_592.A1 observe[71]
    0.678ns         SLICE_489.Q1 to         SLICE_592.D1 observe[72]
    0.253ns         SLICE_321.Q0 to         SLICE_592.C1 observe[73]
    0.323ns         SLICE_321.Q1 to         SLICE_592.B1 observe[74]
    0.204ns         SLICE_527.Q0 to         SLICE_592.D0 observe[75]
    0.889ns         SLICE_527.Q1 to         SLICE_592.B0 observe[76]
    0.319ns         SLICE_529.Q0 to         SLICE_592.A0 observe[77]
    0.254ns         SLICE_529.Q1 to         SLICE_592.C0 observe[78]
    0.477ns         SLICE_528.Q0 to         SLICE_500.A1 observe[79]
    0.200ns         SLICE_528.Q1 to         SLICE_500.D1 observe[80]
    0.323ns         SLICE_578.Q0 to         SLICE_500.B1 observe[81]
    0.253ns         SLICE_578.Q1 to         SLICE_500.C1 observe[82]
    0.318ns         SLICE_581.Q0 to         SLICE_591.A1 observe[83]
    0.200ns         SLICE_581.Q1 to         SLICE_591.D1 observe[84]
    0.324ns         SLICE_580.Q0 to         SLICE_591.B1 observe[85]
    0.254ns         SLICE_580.Q1 to         SLICE_591.C1 observe[86]
    0.485ns         SLICE_577.Q0 to         SLICE_591.A0 observe[87]
    0.253ns         SLICE_577.Q1 to         SLICE_591.C0 observe[88]
    0.324ns         SLICE_526.Q0 to         SLICE_591.B0 observe[89]
    0.368ns         SLICE_526.Q1 to         SLICE_591.D0 observe[90]
    0.236ns         SLICE_478.Q0 to         SLICE_590.D1 observe[91]
    0.636ns         SLICE_478.Q1 to         SLICE_590.C1 observe[92]
    0.685ns         SLICE_311.Q0 to         SLICE_590.B1 observe[93]
    0.354ns         SLICE_311.Q1 to         SLICE_590.A1 observe[94]
    0.327ns         SLICE_313.Q0 to         SLICE_590.B0 observe[95]
    0.318ns         SLICE_313.Q1 to         SLICE_590.A0 observe[96]
    0.413ns         SLICE_312.Q0 to         SLICE_590.C0 observe[97]
    0.200ns         SLICE_312.Q1 to         SLICE_590.D0 observe[98]
    0.522ns         SLICE_475.Q0 to         SLICE_227.C1 observe[99]
    0.642ns         SLICE_158.Q1 to         SLICE_227.B1 observe[100]
    0.306ns         SLICE_493.Q0 to         SLICE_227.D1 observe[101]
    0.794ns         SLICE_493.Q1 to         SLICE_227.A1 observe[102]
    0.496ns         SLICE_593.Q0 to         SLICE_589.B1 observe[103]
    0.611ns         SLICE_593.Q1 to         SLICE_589.C1 observe[104]
    0.519ns         SLICE_592.Q0 to         SLICE_589.D1 observe[105]
    0.423ns         SLICE_592.Q1 to         SLICE_589.A1 observe[106]
    0.734ns         SLICE_591.Q0 to         SLICE_589.C0 observe[107]
    0.428ns         SLICE_591.Q1 to         SLICE_589.B0 observe[108]
    0.526ns         SLICE_590.Q0 to         SLICE_589.D0 observe[109]
    0.322ns         SLICE_590.Q1 to         SLICE_589.A0 observe[110]
    0.579ns         SLICE_589.Q0 to         SLICE_501.B1 observe[111]
    0.201ns         SLICE_589.Q1 to         SLICE_501.D1 observe[112]
    0.574ns         SLICE_588.Q0 to         SLICE_501.A1 observe[113]
    0.258ns         SLICE_588.Q1 to         SLICE_501.C1 observe[114]
    0.574ns         SLICE_587.Q0 to         SLICE_226.A0 observe[115]
    0.254ns         SLICE_587.Q1 to         SLICE_226.C0 observe[116]
    0.306ns         SLICE_586.Q0 to         SLICE_226.D0 observe[117]
    0.327ns         SLICE_586.Q1 to         SLICE_226.B0 observe[118]
    0.739ns         SLICE_585.Q0 to         SLICE_588.A1 observe[119]
    0.258ns         SLICE_585.Q1 to         SLICE_588.C1 observe[120]
    0.356ns         SLICE_584.Q0 to         SLICE_588.D1 observe[121]
    0.478ns         SLICE_584.Q1 to         SLICE_588.B1 observe[122]
    0.359ns         SLICE_504.Q0 to         SLICE_588.C0 observe[123]
    0.461ns         SLICE_504.Q1 to         SLICE_588.D0 observe[124]
    0.807ns         SLICE_497.Q0 to         SLICE_588.A0 observe[125]
    0.592ns         SLICE_497.Q1 to         SLICE_588.B0 observe[126]
    0.609ns         SLICE_498.Q0 to         SLICE_502.B1 observe[127]
    0.584ns         SLICE_498.Q1 to         SLICE_502.C1 observe[128]
    0.639ns         SLICE_499.Q0 to         SLICE_502.D1 observe[129]
    0.762ns         SLICE_499.Q1 to         SLICE_502.A1 observe[130]
    0.668ns         SLICE_500.Q0 to         SLICE_226.C1 observe[131]
    0.491ns         SLICE_500.Q1 to         SLICE_226.B1 observe[132]
    0.423ns         SLICE_501.Q0 to         SLICE_226.A1 observe[133]
    0.204ns         SLICE_143.Q0 to         SLICE_226.D1 observe[134]
    0.473ns         SLICE_143.Q1 to         SLICE_587.A1 observe[135]
    0.482ns         SLICE_501.Q1 to         SLICE_587.B1 observe[136]
    0.510ns         SLICE_145.Q0 to         SLICE_587.C1 observe[137]
    0.200ns         SLICE_145.Q1 to         SLICE_587.D1 observe[138]
    0.201ns         SLICE_502.Q0 to         SLICE_587.D0 observe[139]
    0.319ns         SLICE_502.Q1 to         SLICE_587.A0 observe[140]
    0.323ns         SLICE_503.Q0 to         SLICE_587.B0 observe[141]
    0.253ns         SLICE_503.Q1 to         SLICE_587.C0 observe[142]
    0.661ns         SLICE_496.Q0 to         SLICE_503.C1 observe[143]
    0.423ns         SLICE_496.Q1 to         SLICE_503.A1 observe[144]
    0.306ns         SLICE_494.Q0 to         SLICE_503.D1 observe[145]
    0.428ns         SLICE_494.Q1 to         SLICE_503.B1 observe[146]
    0.319ns         SLICE_495.Q0 to         SLICE_586.A1 observe[147]
    0.201ns         SLICE_495.Q1 to         SLICE_586.D1 observe[148]
    0.587ns         SLICE_325.Q0 to         SLICE_586.B1 observe[149]
    0.421ns         SLICE_325.Q1 to         SLICE_586.C1 observe[150]
    0.961ns         SLICE_596.Q0 to         SLICE_586.B0 observe[151]
    0.677ns         SLICE_596.Q1 to         SLICE_586.D0 observe[152]
    0.587ns         SLICE_595.Q0 to         SLICE_586.A0 observe[153]
    0.258ns          SLICE_37.Q0 to         SLICE_586.C0 observe[154]
    0.423ns          SLICE_37.Q1 to         SLICE_585.A1 observe[155]
    0.507ns          SLICE_38.Q0 to         SLICE_585.D1 observe[156]
    0.327ns          SLICE_38.Q1 to         SLICE_585.B1 observe[157]
    0.253ns          SLICE_46.Q0 to         SLICE_585.C1 observe[158]
    0.360ns          SLICE_46.Q1 to         SLICE_585.D0 observe[159]
    0.323ns          SLICE_47.Q0 to         SLICE_585.B0 observe[160]
    0.413ns          SLICE_47.Q1 to         SLICE_585.C0 observe[161]
    0.318ns          SLICE_43.Q0 to         SLICE_585.A0 observe[162]
    0.201ns          SLICE_43.Q1 to         SLICE_584.D1 observe[163]
    0.254ns          SLICE_44.Q0 to         SLICE_584.C1 observe[164]
    0.319ns          SLICE_44.Q1 to         SLICE_584.A1 observe[165]
    0.587ns          SLICE_40.Q0 to         SLICE_584.B1 observe[166]
    0.428ns          SLICE_40.Q1 to         SLICE_584.B0 observe[167]
    0.473ns          SLICE_41.Q0 to         SLICE_584.A0 observe[168]
    0.306ns          SLICE_41.Q1 to         SLICE_584.D0 observe[169]
    0.253ns         SLICE_154.Q0 to         SLICE_584.C0 observe[170]
    0.319ns         SLICE_154.Q1 to         SLICE_496.A1 observe[172]
    0.651ns         SLICE_595.Q1 to         SLICE_496.B1 observe[173]
    0.877ns         SLICE_594.Q0 to         SLICE_496.D1 observe[174]
    0.625ns         SLICE_594.Q1 to         SLICE_496.C1 observe[175]
    0.319ns         SLICE_157.Q0 to         SLICE_504.A0 observe[176]
    0.324ns         SLICE_157.Q1 to         SLICE_504.B0 observe[177]
    0.324ns         SLICE_496.F0 to         SLICE_493.B0 serial_out_165
    0.319ns         SLICE_493.F1 to         SLICE_493.A0 serial_out_166
    0.421ns         SLICE_494.F0 to         SLICE_493.C0 serial_out_172
    0.368ns         SLICE_495.F0 to         SLICE_493.D0 serial_out_173
    0.329ns         SLICE_498.F0 to         SLICE_494.D0 serial_out_157
    0.798ns         SLICE_499.F0 to         SLICE_494.B0 serial_out_158
    0.319ns         SLICE_500.F0 to         SLICE_494.A0 serial_out_159
    0.156ns         SLICE_494.F1 to         SLICE_494.C0 serial_out_160
    0.793ns         SLICE_501.F0 to         SLICE_495.B0 serial_out_161
    0.204ns         SLICE_502.F0 to         SLICE_495.D0 serial_out_162
    0.956ns         SLICE_503.F0 to         SLICE_495.A0 serial_out_163
    0.156ns         SLICE_495.F1 to         SLICE_495.C0 serial_out_164
    0.587ns         SLICE_584.F1 to         SLICE_496.B0 serial_out_129
    0.485ns         SLICE_584.F0 to         SLICE_496.A0 serial_out_130
    0.201ns         SLICE_496.F1 to         SLICE_496.D0 serial_out_131
    0.517ns         SLICE_504.F0 to         SLICE_496.C0 serial_out_132
    0.576ns         SLICE_596.F1 to         SLICE_493.C1 serial_out_89
    0.882ns         SLICE_596.F0 to         SLICE_493.B1 serial_out_90
    0.690ns         SLICE_325.F1 to         SLICE_493.A1 serial_out_134
    0.562ns         SLICE_497.F0 to         SLICE_493.D1 serial_out_156
    0.457ns         SLICE_239.F1 to         SLICE_497.D0 serial_out_93
    0.482ns         SLICE_595.F1 to         SLICE_497.B0 serial_out_94
    0.318ns         SLICE_595.F0 to         SLICE_497.A0 serial_out_95
    0.156ns         SLICE_497.F1 to         SLICE_497.C0 serial_out_96
    0.423ns         SLICE_238.F0 to         SLICE_498.A0 serial_out_97
    0.630ns         SLICE_594.F1 to         SLICE_498.B0 serial_out_98
    0.411ns         SLICE_594.F0 to         SLICE_498.D0 serial_out_99
    0.156ns         SLICE_498.F1 to         SLICE_498.C0 serial_out_100
    0.742ns         SLICE_238.F1 to         SLICE_499.B0 serial_out_101
    0.200ns         SLICE_593.F1 to         SLICE_499.D0 serial_out_102
    0.318ns         SLICE_593.F0 to         SLICE_499.A0 serial_out_103
    0.156ns         SLICE_499.F1 to         SLICE_499.C0 serial_out_104
    0.322ns         SLICE_227.F0 to         SLICE_500.A0 serial_out_105
    0.226ns         SLICE_592.F1 to         SLICE_500.B0 serial_out_106
    0.103ns         SLICE_592.F0 to         SLICE_500.D0 serial_out_107
    0.156ns         SLICE_500.F1 to         SLICE_500.C0 serial_out_108
    0.428ns         SLICE_591.F1 to         SLICE_494.B1 serial_out_109
    0.413ns         SLICE_591.F0 to         SLICE_494.C1 serial_out_110
    0.306ns         SLICE_590.F1 to         SLICE_494.D1 serial_out_111
    0.582ns         SLICE_590.F0 to         SLICE_494.A1 serial_out_112
    0.629ns         SLICE_227.F1 to         SLICE_501.A0 serial_out_113
    0.103ns         SLICE_589.F1 to         SLICE_501.D0 serial_out_114
    0.324ns         SLICE_589.F0 to         SLICE_501.B0 serial_out_115
    0.156ns         SLICE_501.F1 to         SLICE_501.C0 serial_out_116
    0.201ns         SLICE_226.F0 to         SLICE_502.D0 serial_out_117
    0.319ns         SLICE_588.F1 to         SLICE_502.A0 serial_out_118
    0.324ns         SLICE_588.F0 to         SLICE_502.B0 serial_out_119
    0.156ns         SLICE_502.F1 to         SLICE_502.C0 serial_out_120
    0.327ns         SLICE_226.F1 to         SLICE_503.B0 serial_out_121
    0.360ns         SLICE_587.F1 to         SLICE_503.D0 serial_out_122
    0.322ns         SLICE_587.F0 to         SLICE_503.A0 serial_out_123
    0.156ns         SLICE_503.F1 to         SLICE_503.C0 serial_out_124
    0.156ns         SLICE_586.F1 to         SLICE_495.C1 serial_out_125
    0.319ns         SLICE_586.F0 to         SLICE_495.A1 serial_out_126
    0.324ns         SLICE_585.F1 to         SLICE_495.B1 serial_out_127
    0.201ns         SLICE_585.F0 to         SLICE_495.D1 serial_out_128
    0.156ns         SLICE_504.F1 to         SLICE_504.C0 serial_out_0
    0.900ns         SLICE_239.F0 to         SLICE_325.B1 serial_out_92

--------------------------------------------------------------------------------


Timing summary (Hold):
---------------

Timing errors: 0  Score: 0
Cumulative negative slack: 0

Constraints cover 2257933 paths, 1 nets, and 4352 connections (89.92% coverage)



Timing summary (Setup and Hold):
---------------

Timing errors: 0 (setup), 0 (hold)
Score: 0 (setup), 0 (hold)
Cumulative negative slack: 0 (0+0)
--------------------------------------------------------------------------------

--------------------------------------------------------------------------------

