part,opcode,initial_fps,ack_wait_clocks,before_clocks,after_clocks,before_beats,after_beats
00,170100,043304,0,1193,1206,191,194
00,170101,043304,0,1193,1206,191,194
00,170102,106304,0,1193,1206,191,194
00,170103,001704,0,1193,1206,191,194
00,170104,045304,0,1193,1206,191,194
00,170105,140704,0,1193,1206,191,194
00,170106,044304,0,1193,1206,191,194
00,170107,147704,0,1193,1206,191,194
00,170110,043304,0,1234,1290,202,213
00,170111,001704,0,1234,1290,202,213
00,170112,044304,0,1234,1290,202,213
00,170113,043304,0,1234,1290,202,213
00,170114,045304,0,1234,1290,202,213
00,170115,147704,0,1234,1290,202,213
00,170116,106304,0,1234,1290,202,213
00,170117,045304,0,1234,1290,202,213
00,170120,044304,0,1353,1409,225,236
00,170121,043304,0,1353,1409,225,236
00,170122,045304,0,1353,1409,225,236
00,170123,147704,0,1353,1409,225,236
00,170124,106304,0,1353,1409,225,236
00,170125,140704,0,1353,1409,225,236
00,170126,043304,0,1353,1409,225,236
00,170127,106304,0,1304,1360,215,226
00,170130,045304,0,1376,1475,229,248
00,170131,043304,0,1376,1475,229,248
00,170132,045304,0,1376,1475,229,248
00,170133,043304,0,1376,1475,229,248
00,170134,045304,0,1376,1475,229,248
00,170135,043304,0,1376,1475,229,248
00,170136,045304,0,1376,1475,229,248
00,170137,147704,0,1327,1426,219,238
00,170140,106304,0,1353,1409,225,236
00,170141,140704,0,1353,1409,225,236
00,170142,043304,0,1353,1409,225,236
00,170143,001704,0,1353,1409,225,236
00,170144,044304,0,1353,1409,225,236
00,170145,043304,0,1353,1409,225,236
00,170146,045304,0,1353,1409,225,236
00,170147,044304,0,1304,1360,215,226
00,170150,043304,0,1376,1475,229,248
00,170151,045304,0,1376,1475,229,248
00,170152,043304,0,1376,1475,229,248
00,170153,045304,0,1376,1475,229,248
00,170154,043304,0,1376,1475,229,248
00,170155,045304,0,1376,1475,229,248
00,170156,043304,0,1376,1475,229,248
00,170157,001704,0,1458,1551,241,258
00,170160,045304,0,1321,1420,216,235
00,170161,043304,0,1321,1420,216,235
00,170162,045304,0,1321,1420,216,235
00,170163,043304,0,1321,1420,216,235
00,170164,045304,0,1321,1420,216,235
00,170165,043304,0,1321,1420,216,235
00,170166,045304,0,1321,1420,216,235
00,170167,147704,0,1321,1420,216,235
00,170170,001704,0,1329,1471,219,246
00,170171,043304,0,1329,1471,219,246
00,170172,140704,0,1329,1471,219,246
00,170173,106304,0,1329,1471,219,246
00,170174,147704,0,1329,1471,219,246
00,170175,045304,0,1329,1471,219,246
00,170176,043304,0,1329,1471,219,246
00,170177,140704,0,1329,1471,219,246
00,170200,106304,0,1229,1242,193,196
00,170201,001704,0,1229,1242,193,196
00,170202,045304,0,1229,1242,193,196
00,170203,140704,0,1229,1242,193,196
00,170204,044304,0,1229,1242,193,196
00,170205,147704,0,1229,1242,193,196
00,170206,043304,0,1229,1242,193,196
00,170207,043304,0,1229,1242,193,196
00,170210,106304,0,1293,1332,207,217
00,170211,140704,0,1293,1332,207,217
00,170212,043304,0,1293,1332,207,217
00,170213,001704,0,1293,1332,207,217
00,170214,044304,0,1293,1332,207,217
00,170215,043304,0,1293,1332,207,217
00,170216,045304,0,1293,1332,207,217
00,170217,044304,0,1293,1332,207,217
00,170220,043304,0,1412,1451,230,240
00,170221,001704,0,1412,1451,230,240
00,170222,044304,0,1412,1451,230,240
00,170223,043304,0,1412,1451,230,240
00,170224,045304,0,1412,1451,230,240
00,170225,147704,0,1412,1451,230,240
00,170226,106304,0,1412,1451,230,240
00,170227,045304,0,1363,1402,220,230
00,170230,044304,0,1435,1517,234,252
00,170231,106304,0,1435,1517,234,252
00,170232,044304,0,1435,1517,234,252
00,170233,106304,0,1435,1517,234,252
00,170234,044304,0,1435,1517,234,252
00,170235,106304,0,1435,1517,234,252
00,170236,044304,0,1435,1517,234,252
00,170237,043304,0,1386,1468,224,242
00,170240,045304,0,1412,1451,230,240
00,170241,147704,0,1412,1451,230,240
00,170242,106304,0,1412,1451,230,240
00,170243,140704,0,1412,1451,230,240
00,170244,043304,0,1412,1451,230,240
00,170245,001704,0,1412,1451,230,240
00,170246,044304,0,1412,1451,230,240
00,170247,043304,0,1363,1402,220,230
00,170250,106304,0,1435,1517,234,252
00,170251,044304,0,1435,1517,234,252
00,170252,106304,0,1435,1517,234,252
00,170253,044304,0,1435,1517,234,252
00,170254,106304,0,1435,1517,234,252
00,170255,044304,0,1435,1517,234,252
00,170256,106304,0,1435,1517,234,252
00,170257,140704,0,1543,1619,252,268
00,170260,044304,0,1380,1462,221,239
00,170261,106304,0,1380,1462,221,239
00,170262,044304,0,1380,1462,221,239
00,170263,106304,0,1380,1462,221,239
00,170264,044304,0,1380,1462,221,239
00,170265,106304,0,1380,1462,221,239
00,170266,044304,0,1380,1462,221,239
00,170267,043304,0,1380,1462,221,239
00,170270,140704,0,1388,1513,224,250
00,170271,106304,0,1388,1513,224,250
00,170272,147704,0,1388,1513,224,250
00,170273,045304,0,1388,1513,224,250
00,170274,043304,0,1388,1513,224,250
00,170275,044304,0,1388,1513,224,250
00,170276,001704,0,1388,1513,224,250
00,170277,147704,0,1388,1513,224,250
00,170300,045304,0,1354,1367,210,213
00,170301,140704,0,1354,1367,210,213
00,170302,044304,0,1354,1367,210,213
00,170303,147704,0,1354,1367,210,213
00,170304,043304,0,1354,1367,210,213
00,170305,043304,0,1354,1367,210,213
00,170306,106304,0,1354,1367,210,213
00,170307,001704,0,1354,1367,210,213
00,170310,045304,0,1460,1525,231,248
00,170311,043304,0,1460,1525,231,248
00,170312,045304,0,1460,1525,231,248
00,170313,043304,0,1460,1525,231,248
00,170314,045304,0,1460,1525,231,248
00,170315,043304,0,1460,1525,231,248
00,170316,045304,0,1460,1525,231,248
00,170317,147704,0,1460,1525,231,248
00,170320,106304,0,1579,1644,254,271
00,170321,044304,0,1579,1644,254,271
00,170322,106304,0,1579,1644,254,271
00,170323,044304,0,1579,1644,254,271
00,170324,106304,0,1579,1644,254,271
00,170325,044304,0,1579,1644,254,271
00,170326,106304,0,1579,1644,254,271
00,170327,140704,0,1506,1545,239,249
00,170330,147704,0,1602,1710,258,283
00,170331,045304,0,1602,1710,258,283
00,170332,043304,0,1602,1710,258,283
00,170333,044304,0,1602,1710,258,283
00,170334,001704,0,1602,1710,258,283
00,170335,043304,0,1602,1710,258,283
00,170336,140704,0,1602,1710,258,283
00,170337,043304,0,1553,1661,248,273
00,170340,140704,0,1579,1644,254,271
00,170341,043304,0,1579,1644,254,271
00,170342,140704,0,1579,1644,254,271
00,170343,043304,0,1579,1644,254,271
00,170344,140704,0,1579,1644,254,271
00,170345,043304,0,1579,1644,254,271
00,170346,140704,0,1579,1644,254,271
00,170347,043304,0,1530,1595,244,261
00,170350,001704,0,1602,1710,258,283
00,170351,043304,0,1602,1710,258,283
00,170352,140704,0,1602,1710,258,283
00,170353,106304,0,1602,1710,258,283
00,170354,147704,0,1602,1710,258,283
00,170355,045304,0,1602,1710,258,283
00,170356,043304,0,1602,1710,258,283
00,170357,140704,0,1668,1744,269,285
00,170360,044304,0,1547,1655,245,270
00,170361,001704,0,1547,1655,245,270
00,170362,043304,0,1547,1655,245,270
00,170363,140704,0,1547,1655,245,270
00,170364,106304,0,1547,1655,245,270
00,170365,147704,0,1547,1655,245,270
00,170366,045304,0,1547,1655,245,270
00,170367,043304,0,1547,1655,245,270
00,170370,140704,0,1555,1706,248,281
00,170371,001704,0,1555,1706,248,281
00,170372,043304,0,1555,1706,248,281
00,170373,147704,0,1555,1706,248,281
00,170374,140704,0,1555,1706,248,281
00,170375,001704,0,1555,1706,248,281
00,170376,043304,0,1555,1706,248,281
00,170377,044304,0,1555,1706,248,281
00,170000,045304,0,790,803,135,138
00,170001,045304,0,754,767,129,132
00,170002,045304,0,778,791,132,135
00,170011,045304,0,802,815,135,138
00,170012,045304,0,826,839,138,141
00,172400,041104,0,1879,1892,289,292
00,172400,041704,0,1925,1938,296,299
00,172401,004104,0,1879,1892,289,292
00,172401,104704,0,1925,1938,296,299
00,172402,003104,0,1879,1892,289,292
00,172402,103704,0,1925,1938,296,299
00,172403,146104,0,1879,1892,289,292
00,172403,046704,0,1925,1938,296,299
00,172404,041104,0,1879,1892,289,292
00,172404,041704,0,1925,1938,296,299
00,172405,004104,0,1879,1892,289,292
00,172405,104704,0,1925,1938,296,299
00,172406,003104,0,1899,1912,299,302
00,172406,103704,0,1902,1915,300,303
00,172407,003104,0,1899,1912,299,302
00,172407,103704,0,1902,1915,300,303
00,172410,003104,0,2146,2245,343,362
00,172410,103704,0,2259,2444,362,397
00,172411,146104,0,2146,2245,343,362
00,172411,046704,0,2259,2444,362,397
00,172412,041104,0,2146,2245,343,362
00,172412,041704,0,2259,2444,362,397
00,172413,004104,0,2146,2245,343,362
00,172413,104704,0,2259,2444,362,397
00,172414,003104,0,2146,2245,343,362
00,172414,103704,0,2259,2444,362,397
00,172415,146104,0,2146,2245,343,362
00,172415,046704,0,2259,2444,362,397
00,172416,041104,0,2146,2245,343,362
00,172416,041704,0,2259,2444,362,397
00,172417,041104,0,2146,2245,343,362
00,172417,041704,0,2259,2444,362,397
00,172420,041104,0,2265,2364,366,385
00,172420,041704,0,2378,2563,385,420
00,172421,004104,0,2265,2364,366,385
00,172421,104704,0,2378,2563,385,420
00,172422,003104,0,2265,2364,366,385
00,172422,103704,0,2378,2563,385,420
00,172423,146104,0,2265,2364,366,385
00,172423,046704,0,2378,2563,385,420
00,172424,041104,0,2265,2364,366,385
00,172424,041704,0,2378,2563,385,420
00,172425,004104,0,2265,2364,366,385
00,172425,104704,0,2378,2563,385,420
00,172426,003104,0,2265,2364,366,385
00,172426,103704,0,2378,2563,385,420
00,172427,003104,0,2206,2262,353,364
00,172427,103704,0,2263,2319,362,373
00,172430,041104,0,2288,2430,370,397
00,172430,041704,0,2401,2629,389,432
00,172431,003104,0,2288,2430,370,397
00,172431,103704,0,2401,2629,389,432
00,172432,041104,0,2288,2430,370,397
00,172432,041704,0,2401,2629,389,432
00,172433,003104,0,2288,2430,370,397
00,172433,103704,0,2401,2629,389,432
00,172434,041104,0,2288,2430,370,397
00,172434,041704,0,2401,2629,389,432
00,172435,003104,0,2288,2430,370,397
00,172435,103704,0,2401,2629,389,432
00,172436,041104,0,2288,2430,370,397
00,172436,041704,0,2401,2629,389,432
00,172437,004104,0,2239,2381,360,387
00,172437,104704,0,2352,2580,379,422
00,172440,003104,0,2265,2364,366,385
00,172440,103704,0,2378,2563,385,420
00,172441,146104,0,2265,2364,366,385
00,172441,046704,0,2378,2563,385,420
00,172442,041104,0,2265,2364,366,385
00,172442,041704,0,2378,2563,385,420
00,172443,004104,0,2265,2364,366,385
00,172443,104704,0,2378,2563,385,420
00,172444,003104,0,2265,2364,366,385
00,172444,103704,0,2378,2563,385,420
00,172445,146104,0,2265,2364,366,385
00,172445,046704,0,2378,2563,385,420
00,172446,041104,0,2265,2364,366,385
00,172446,041704,0,2378,2563,385,420
00,172447,041104,0,2216,2315,356,375
00,172447,041704,0,2329,2514,375,410
00,172450,041104,0,2288,2430,370,397
00,172450,041704,0,2401,2629,389,432
00,172451,003104,0,2288,2430,370,397
00,172451,103704,0,2401,2629,389,432
00,172452,041104,0,2288,2430,370,397
00,172452,041704,0,2401,2629,389,432
00,172453,003104,0,2288,2430,370,397
00,172453,103704,0,2401,2629,389,432
00,172454,041104,0,2288,2430,370,397
00,172454,041704,0,2401,2629,389,432
00,172455,003104,0,2288,2430,370,397
00,172455,103704,0,2401,2629,389,432
00,172456,041104,0,2288,2430,370,397
00,172456,041704,0,2401,2629,389,432
00,172457,004104,0,2005,2098,324,341
00,172457,104704,0,2008,2101,325,342
00,172460,003104,0,2233,2375,357,384
00,172460,103704,0,2346,2574,376,419
00,172461,041104,0,2233,2375,357,384
00,172461,041704,0,2346,2574,376,419
00,172462,003104,0,2233,2375,357,384
00,172462,103704,0,2346,2574,376,419
00,172463,041104,0,2233,2375,357,384
00,172463,041704,0,2346,2574,376,419
00,172464,003104,0,2233,2375,357,384
00,172464,103704,0,2346,2574,376,419
00,172465,041104,0,2233,2375,357,384
00,172465,041704,0,2346,2574,376,419
00,172466,003104,0,2233,2375,357,384
00,172466,103704,0,2346,2574,376,419
00,172467,146104,0,2233,2375,357,384
00,172467,046704,0,2346,2574,376,419
00,172470,004104,0,2241,2426,360,395
00,172470,104704,0,2354,2625,379,430
00,172471,041104,0,2241,2426,360,395
00,172471,041704,0,2354,2625,379,430
00,172472,146104,0,2241,2426,360,395
00,172472,046704,0,2354,2625,379,430
00,172473,003104,0,2241,2426,360,395
00,172473,103704,0,2354,2625,379,430
00,172474,004104,0,2241,2426,360,395
00,172474,104704,0,2354,2625,379,430
00,172475,041104,0,2241,2426,360,395
00,172475,041704,0,2354,2625,379,430
00,172476,146104,0,2241,2426,360,395
00,172476,046704,0,2354,2625,379,430
00,172477,004104,0,2241,2426,360,395
00,172477,104704,0,2354,2625,379,430
00,172500,041104,0,1879,1892,289,292
00,172500,041704,0,1925,1938,296,299
00,172501,004104,0,1879,1892,289,292
00,172501,104704,0,1925,1938,296,299
00,172502,003104,0,1879,1892,289,292
00,172502,103704,0,1925,1938,296,299
00,172503,146104,0,1879,1892,289,292
00,172503,046704,0,1925,1938,296,299
00,172504,041104,0,1879,1892,289,292
00,172504,041704,0,1925,1938,296,299
00,172505,004104,0,1879,1892,289,292
00,172505,104704,0,1925,1938,296,299
00,172506,003104,0,1899,1912,299,302
00,172506,103704,0,1902,1915,300,303
00,172507,003104,0,1899,1912,299,302
00,172507,103704,0,1902,1915,300,303
00,172510,003104,0,2146,2245,343,362
00,172510,103704,0,2259,2444,362,397
00,172511,146104,0,2146,2245,343,362
00,172511,046704,0,2259,2444,362,397
00,172512,041104,0,2146,2245,343,362
00,172512,041704,0,2259,2444,362,397
00,172513,004104,0,2146,2245,343,362
00,172513,104704,0,2259,2444,362,397
00,172514,003104,0,2146,2245,343,362
00,172514,103704,0,2259,2444,362,397
00,172515,146104,0,2146,2245,343,362
00,172515,046704,0,2259,2444,362,397
00,172516,041104,0,2146,2245,343,362
00,172516,041704,0,2259,2444,362,397
00,172517,041104,0,2146,2245,343,362
00,172517,041704,0,2259,2444,362,397
00,172520,041104,0,2265,2364,366,385
00,172520,041704,0,2378,2563,385,420
00,172521,004104,0,2265,2364,366,385
00,172521,104704,0,2378,2563,385,420
00,172522,003104,0,2265,2364,366,385
00,172522,103704,0,2378,2563,385,420
00,172523,146104,0,2265,2364,366,385
00,172523,046704,0,2378,2563,385,420
00,172524,041104,0,2265,2364,366,385
00,172524,041704,0,2378,2563,385,420
00,172525,004104,0,2265,2364,366,385
00,172525,104704,0,2378,2563,385,420
00,172526,003104,0,2265,2364,366,385
00,172526,103704,0,2378,2563,385,420
00,172527,003104,0,2206,2262,353,364
00,172527,103704,0,2263,2319,362,373
00,172530,041104,0,2288,2430,370,397
00,172530,041704,0,2401,2629,389,432
00,172531,003104,0,2288,2430,370,397
00,172531,103704,0,2401,2629,389,432
00,172532,041104,0,2288,2430,370,397
00,172532,041704,0,2401,2629,389,432
00,172533,003104,0,2288,2430,370,397
00,172533,103704,0,2401,2629,389,432
00,172534,041104,0,2288,2430,370,397
00,172534,041704,0,2401,2629,389,432
00,172535,003104,0,2288,2430,370,397
00,172535,103704,0,2401,2629,389,432
00,172536,041104,0,2288,2430,370,397
00,172536,041704,0,2401,2629,389,432
00,172537,004104,0,2239,2381,360,387
00,172537,104704,0,2352,2580,379,422
00,172540,003104,0,2265,2364,366,385
00,172540,103704,0,2378,2563,385,420
00,172541,146104,0,2265,2364,366,385
00,172541,046704,0,2378,2563,385,420
00,172542,041104,0,2265,2364,366,385
00,172542,041704,0,2378,2563,385,420
00,172543,004104,0,2265,2364,366,385
00,172543,104704,0,2378,2563,385,420
00,172544,003104,0,2265,2364,366,385
00,172544,103704,0,2378,2563,385,420
00,172545,146104,0,2265,2364,366,385
00,172545,046704,0,2378,2563,385,420
00,172546,041104,0,2265,2364,366,385
00,172546,041704,0,2378,2563,385,420
00,172547,041104,0,2216,2315,356,375
00,172547,041704,0,2329,2514,375,410
00,172550,041104,0,2288,2430,370,397
00,172550,041704,0,2401,2629,389,432
00,172551,003104,0,2288,2430,370,397
00,172551,103704,0,2401,2629,389,432
00,172552,041104,0,2288,2430,370,397
00,172552,041704,0,2401,2629,389,432
00,172553,003104,0,2288,2430,370,397
00,172553,103704,0,2401,2629,389,432
00,172554,041104,0,2288,2430,370,397
00,172554,041704,0,2401,2629,389,432
00,172555,003104,0,2288,2430,370,397
00,172555,103704,0,2401,2629,389,432
00,172556,041104,0,2288,2430,370,397
00,172556,041704,0,2401,2629,389,432
00,172557,004104,0,2005,2098,324,341
00,172557,104704,0,2008,2101,325,342
00,172560,003104,0,2233,2375,357,384
00,172560,103704,0,2346,2574,376,419
00,172561,041104,0,2233,2375,357,384
00,172561,041704,0,2346,2574,376,419
00,172562,003104,0,2233,2375,357,384
00,172562,103704,0,2346,2574,376,419
00,172563,041104,0,2233,2375,357,384
00,172563,041704,0,2346,2574,376,419
00,172564,003104,0,2233,2375,357,384
00,172564,103704,0,2346,2574,376,419
00,172565,041104,0,2233,2375,357,384
00,172565,041704,0,2346,2574,376,419
00,172566,003104,0,2233,2375,357,384
00,172566,103704,0,2346,2574,376,419
00,172567,146104,0,2233,2375,357,384
00,172567,046704,0,2346,2574,376,419
00,172570,004104,0,2241,2426,360,395
00,172570,104704,0,2354,2625,379,430
00,172571,041104,0,2241,2426,360,395
00,172571,041704,0,2354,2625,379,430
00,172572,146104,0,2241,2426,360,395
00,172572,046704,0,2354,2625,379,430
00,172573,003104,0,2241,2426,360,395
00,172573,103704,0,2354,2625,379,430
00,172574,004104,0,2241,2426,360,395
00,172574,104704,0,2354,2625,379,430
00,172575,041104,0,2241,2426,360,395
00,172575,041704,0,2354,2625,379,430
00,172576,146104,0,2241,2426,360,395
00,172576,046704,0,2354,2625,379,430
00,172577,004104,0,2241,2426,360,395
00,172577,104704,0,2354,2625,379,430
00,172600,041104,0,1879,1892,289,292
00,172600,041704,0,1925,1938,296,299
00,172601,004104,0,1879,1892,289,292
00,172601,104704,0,1925,1938,296,299
00,172602,003104,0,1879,1892,289,292
00,172602,103704,0,1925,1938,296,299
00,172603,146104,0,1879,1892,289,292
00,172603,046704,0,1925,1938,296,299
00,172604,041104,0,1879,1892,289,292
00,172604,041704,0,1925,1938,296,299
00,172605,004104,0,1879,1892,289,292
00,172605,104704,0,1925,1938,296,299
00,172606,003104,0,1899,1912,299,302
00,172606,103704,0,1902,1915,300,303
00,172607,003104,0,1899,1912,299,302
00,172607,103704,0,1902,1915,300,303
00,172610,003104,0,2146,2245,343,362
00,172610,103704,0,2259,2444,362,397
00,172611,146104,0,2146,2245,343,362
00,172611,046704,0,2259,2444,362,397
00,172612,041104,0,2146,2245,343,362
00,172612,041704,0,2259,2444,362,397
00,172613,004104,0,2146,2245,343,362
00,172613,104704,0,2259,2444,362,397
00,172614,003104,0,2146,2245,343,362
00,172614,103704,0,2259,2444,362,397
00,172615,146104,0,2146,2245,343,362
00,172615,046704,0,2259,2444,362,397
00,172616,041104,0,2146,2245,343,362
00,172616,041704,0,2259,2444,362,397
00,172617,041104,0,2146,2245,343,362
00,172617,041704,0,2259,2444,362,397
00,172620,041104,0,2265,2364,366,385
00,172620,041704,0,2378,2563,385,420
00,172621,004104,0,2265,2364,366,385
00,172621,104704,0,2378,2563,385,420
00,172622,003104,0,2265,2364,366,385
00,172622,103704,0,2378,2563,385,420
00,172623,146104,0,2265,2364,366,385
00,172623,046704,0,2378,2563,385,420
00,172624,041104,0,2265,2364,366,385
00,172624,041704,0,2378,2563,385,420
00,172625,004104,0,2265,2364,366,385
00,172625,104704,0,2378,2563,385,420
00,172626,003104,0,2265,2364,366,385
00,172626,103704,0,2378,2563,385,420
00,172627,003104,0,2206,2262,353,364
00,172627,103704,0,2263,2319,362,373
00,172630,041104,0,2288,2430,370,397
00,172630,041704,0,2401,2629,389,432
00,172631,003104,0,2288,2430,370,397
00,172631,103704,0,2401,2629,389,432
00,172632,041104,0,2288,2430,370,397
00,172632,041704,0,2401,2629,389,432
00,172633,003104,0,2288,2430,370,397
00,172633,103704,0,2401,2629,389,432
00,172634,041104,0,2288,2430,370,397
00,172634,041704,0,2401,2629,389,432
00,172635,003104,0,2288,2430,370,397
00,172635,103704,0,2401,2629,389,432
00,172636,041104,0,2288,2430,370,397
00,172636,041704,0,2401,2629,389,432
00,172637,004104,0,2239,2381,360,387
00,172637,104704,0,2352,2580,379,422
00,172640,003104,0,2265,2364,366,385
00,172640,103704,0,2378,2563,385,420
00,172641,146104,0,2265,2364,366,385
00,172641,046704,0,2378,2563,385,420
00,172642,041104,0,2265,2364,366,385
00,172642,041704,0,2378,2563,385,420
00,172643,004104,0,2265,2364,366,385
00,172643,104704,0,2378,2563,385,420
00,172644,003104,0,2265,2364,366,385
00,172644,103704,0,2378,2563,385,420
00,172645,146104,0,2265,2364,366,385
00,172645,046704,0,2378,2563,385,420
00,172646,041104,0,2265,2364,366,385
00,172646,041704,0,2378,2563,385,420
00,172647,041104,0,2216,2315,356,375
00,172647,041704,0,2329,2514,375,410
00,172650,041104,0,2288,2430,370,397
00,172650,041704,0,2401,2629,389,432
00,172651,003104,0,2288,2430,370,397
00,172651,103704,0,2401,2629,389,432
00,172652,041104,0,2288,2430,370,397
00,172652,041704,0,2401,2629,389,432
00,172653,003104,0,2288,2430,370,397
00,172653,103704,0,2401,2629,389,432
00,172654,041104,0,2288,2430,370,397
00,172654,041704,0,2401,2629,389,432
00,172655,003104,0,2288,2430,370,397
00,172655,103704,0,2401,2629,389,432
00,172656,041104,0,2288,2430,370,397
00,172656,041704,0,2401,2629,389,432
00,172657,004104,0,2005,2098,324,341
00,172657,104704,0,2008,2101,325,342
00,172660,003104,0,2233,2375,357,384
00,172660,103704,0,2346,2574,376,419
00,172661,041104,0,2233,2375,357,384
00,172661,041704,0,2346,2574,376,419
00,172662,003104,0,2233,2375,357,384
00,172662,103704,0,2346,2574,376,419
00,172663,041104,0,2233,2375,357,384
00,172663,041704,0,2346,2574,376,419
00,172664,003104,0,2233,2375,357,384
00,172664,103704,0,2346,2574,376,419
00,172665,041104,0,2233,2375,357,384
00,172665,041704,0,2346,2574,376,419
00,172666,003104,0,2233,2375,357,384
00,172666,103704,0,2346,2574,376,419
00,172667,146104,0,2233,2375,357,384
00,172667,046704,0,2346,2574,376,419
00,172670,004104,0,2241,2426,360,395
00,172670,104704,0,2354,2625,379,430
00,172671,041104,0,2241,2426,360,395
00,172671,041704,0,2354,2625,379,430
00,172672,146104,0,2241,2426,360,395
00,172672,046704,0,2354,2625,379,430
00,172673,003104,0,2241,2426,360,395
00,172673,103704,0,2354,2625,379,430
00,172674,004104,0,2241,2426,360,395
00,172674,104704,0,2354,2625,379,430
00,172675,041104,0,2241,2426,360,395
00,172675,041704,0,2354,2625,379,430
00,172676,146104,0,2241,2426,360,395
00,172676,046704,0,2354,2625,379,430
00,172677,004104,0,2241,2426,360,395
00,172677,104704,0,2354,2625,379,430
00,172700,041104,0,1879,1892,289,292
00,172700,041704,0,1925,1938,296,299
00,172701,004104,0,1879,1892,289,292
00,172701,104704,0,1925,1938,296,299
00,172702,003104,0,1879,1892,289,292
00,172702,103704,0,1925,1938,296,299
00,172703,146104,0,1879,1892,289,292
00,172703,046704,0,1925,1938,296,299
00,172704,041104,0,1879,1892,289,292
00,172704,041704,0,1925,1938,296,299
00,172705,004104,0,1879,1892,289,292
00,172705,104704,0,1925,1938,296,299
00,172706,003104,0,1899,1912,299,302
00,172706,103704,0,1902,1915,300,303
00,172707,003104,0,1899,1912,299,302
00,172707,103704,0,1902,1915,300,303
00,172710,003104,0,2146,2245,343,362
00,172710,103704,0,2259,2444,362,397
00,172711,146104,0,2146,2245,343,362
00,172711,046704,0,2259,2444,362,397
00,172712,041104,0,2146,2245,343,362
00,172712,041704,0,2259,2444,362,397
00,172713,004104,0,2146,2245,343,362
00,172713,104704,0,2259,2444,362,397
00,172714,003104,0,2146,2245,343,362
00,172714,103704,0,2259,2444,362,397
00,172715,146104,0,2146,2245,343,362
00,172715,046704,0,2259,2444,362,397
00,172716,041104,0,2146,2245,343,362
00,172716,041704,0,2259,2444,362,397
00,172717,041104,0,2146,2245,343,362
00,172717,041704,0,2259,2444,362,397
00,172720,041104,0,2265,2364,366,385
00,172720,041704,0,2378,2563,385,420
00,172721,004104,0,2265,2364,366,385
00,172721,104704,0,2378,2563,385,420
00,172722,003104,0,2265,2364,366,385
00,172722,103704,0,2378,2563,385,420
00,172723,146104,0,2265,2364,366,385
00,172723,046704,0,2378,2563,385,420
00,172724,041104,0,2265,2364,366,385
00,172724,041704,0,2378,2563,385,420
00,172725,004104,0,2265,2364,366,385
00,172725,104704,0,2378,2563,385,420
00,172726,003104,0,2265,2364,366,385
00,172726,103704,0,2378,2563,385,420
00,172727,003104,0,2206,2262,353,364
00,172727,103704,0,2263,2319,362,373
00,172730,041104,0,2288,2430,370,397
00,172730,041704,0,2401,2629,389,432
00,172731,003104,0,2288,2430,370,397
00,172731,103704,0,2401,2629,389,432
00,172732,041104,0,2288,2430,370,397
00,172732,041704,0,2401,2629,389,432
00,172733,003104,0,2288,2430,370,397
00,172733,103704,0,2401,2629,389,432
00,172734,041104,0,2288,2430,370,397
00,172734,041704,0,2401,2629,389,432
00,172735,003104,0,2288,2430,370,397
00,172735,103704,0,2401,2629,389,432
00,172736,041104,0,2288,2430,370,397
00,172736,041704,0,2401,2629,389,432
00,172737,004104,0,2239,2381,360,387
00,172737,104704,0,2352,2580,379,422
00,172740,003104,0,2265,2364,366,385
00,172740,103704,0,2378,2563,385,420
00,172741,146104,0,2265,2364,366,385
00,172741,046704,0,2378,2563,385,420
00,172742,041104,0,2265,2364,366,385
00,172742,041704,0,2378,2563,385,420
00,172743,004104,0,2265,2364,366,385
00,172743,104704,0,2378,2563,385,420
00,172744,003104,0,2265,2364,366,385
00,172744,103704,0,2378,2563,385,420
00,172745,146104,0,2265,2364,366,385
00,172745,046704,0,2378,2563,385,420
00,172746,041104,0,2265,2364,366,385
00,172746,041704,0,2378,2563,385,420
00,172747,041104,0,2216,2315,356,375
00,172747,041704,0,2329,2514,375,410
00,172750,041104,0,2288,2430,370,397
00,172750,041704,0,2401,2629,389,432
00,172751,003104,0,2288,2430,370,397
00,172751,103704,0,2401,2629,389,432
00,172752,041104,0,2288,2430,370,397
00,172752,041704,0,2401,2629,389,432
00,172753,003104,0,2288,2430,370,397
00,172753,103704,0,2401,2629,389,432
00,172754,041104,0,2288,2430,370,397
00,172754,041704,0,2401,2629,389,432
00,172755,003104,0,2288,2430,370,397
00,172755,103704,0,2401,2629,389,432
00,172756,041104,0,2288,2430,370,397
00,172756,041704,0,2401,2629,389,432
00,172757,004104,0,2005,2098,324,341
00,172757,104704,0,2008,2101,325,342
00,172760,003104,0,2233,2375,357,384
00,172760,103704,0,2346,2574,376,419
00,172761,041104,0,2233,2375,357,384
00,172761,041704,0,2346,2574,376,419
00,172762,003104,0,2233,2375,357,384
00,172762,103704,0,2346,2574,376,419
00,172763,041104,0,2233,2375,357,384
00,172763,041704,0,2346,2574,376,419
00,172764,003104,0,2233,2375,357,384
00,172764,103704,0,2346,2574,376,419
00,172765,041104,0,2233,2375,357,384
00,172765,041704,0,2346,2574,376,419
00,172766,003104,0,2233,2375,357,384
00,172766,103704,0,2346,2574,376,419
00,172767,146104,0,2233,2375,357,384
00,172767,046704,0,2346,2574,376,419
00,172770,004104,0,2241,2426,360,395
00,172770,104704,0,2354,2625,379,430
00,172771,041104,0,2241,2426,360,395
00,172771,041704,0,2354,2625,379,430
00,172772,146104,0,2241,2426,360,395
00,172772,046704,0,2354,2625,379,430
00,172773,003104,0,2241,2426,360,395
00,172773,103704,0,2354,2625,379,430
00,172774,004104,0,2241,2426,360,395
00,172774,104704,0,2354,2625,379,430
00,172775,041104,0,2241,2426,360,395
00,172775,041704,0,2354,2625,379,430
00,172776,146104,0,2241,2426,360,395
00,172776,046704,0,2354,2625,379,430
00,172777,004104,0,2241,2426,360,395
00,172777,104704,0,2354,2625,379,430
00,174000,041104,0,1783,1796,271,274
00,174000,041704,0,1829,1842,278,281
00,174001,004104,0,1783,1796,271,274
00,174001,104704,0,1829,1842,278,281
00,174002,003104,0,1783,1796,271,274
00,174002,103704,0,1829,1842,278,281
00,174003,146104,0,1783,1796,271,274
00,174003,046704,0,1829,1842,278,281
00,174004,041104,0,1783,1796,271,274
00,174004,041704,0,1829,1842,278,281
00,174005,004104,0,1783,1796,271,274
00,174005,104704,0,1829,1842,278,281
00,174006,003104,0,1923,1936,302,305
00,174006,103704,0,1926,1939,303,306
00,174007,003104,0,1923,1936,302,305
00,174007,103704,0,1926,1939,303,306
00,174010,003104,0,1802,1867,283,300
00,174010,103704,0,1895,2012,298,329
00,174011,146104,0,1802,1867,283,300
00,174011,046704,0,1895,2012,298,329
00,174012,041104,0,1802,1867,283,300
00,174012,041704,0,1895,2012,298,329
00,174013,004104,0,1802,1867,283,300
00,174013,104704,0,1895,2012,298,329
00,174014,003104,0,1802,1867,283,300
00,174014,103704,0,1895,2012,298,329
00,174015,146104,0,1802,1867,283,300
00,174015,046704,0,1895,2012,298,329
00,174016,041104,0,1802,1867,283,300
00,174016,041704,0,1895,2012,298,329
00,174017,041104,0,1802,1867,283,300
00,174017,041704,0,1895,2012,298,329
00,174020,041104,0,1921,1986,306,323
00,174020,041704,0,2014,2131,321,352
00,174021,004104,0,1921,1986,306,323
00,174021,104704,0,2014,2131,321,352
00,174022,003104,0,1921,1986,306,323
00,174022,103704,0,2014,2131,321,352
00,174023,146104,0,1921,1986,306,323
00,174023,046704,0,2014,2131,321,352
00,174024,041104,0,1921,1986,306,323
00,174024,041704,0,2014,2131,321,352
00,174025,004104,0,1921,1986,306,323
00,174025,104704,0,2014,2131,321,352
00,174026,003104,0,1921,1986,306,323
00,174026,103704,0,2014,2131,321,352
00,174027,003104,0,1845,1884,291,301
00,174027,103704,0,1848,1887,292,302
00,174030,041104,0,1944,2052,310,335
00,174030,041704,0,2037,2197,325,364
00,174031,003104,0,1944,2052,310,335
00,174031,103704,0,2037,2197,325,364
00,174032,041104,0,1944,2052,310,335
00,174032,041704,0,2037,2197,325,364
00,174033,003104,0,1944,2052,310,335
00,174033,103704,0,2037,2197,325,364
00,174034,041104,0,1944,2052,310,335
00,174034,041704,0,2037,2197,325,364
00,174035,003104,0,1944,2052,310,335
00,174035,103704,0,2037,2197,325,364
00,174036,041104,0,1944,2052,310,335
00,174036,041704,0,2037,2197,325,364
00,174037,004104,0,1895,2003,300,325
00,174037,104704,0,1988,2148,315,354
00,174040,003104,0,1921,1986,306,323
00,174040,103704,0,2014,2131,321,352
00,174041,146104,0,1921,1986,306,323
00,174041,046704,0,2014,2131,321,352
00,174042,041104,0,1921,1986,306,323
00,174042,041704,0,2014,2131,321,352
00,174043,004104,0,1921,1986,306,323
00,174043,104704,0,2014,2131,321,352
00,174044,003104,0,1921,1986,306,323
00,174044,103704,0,2014,2131,321,352
00,174045,146104,0,1921,1986,306,323
00,174045,046704,0,2014,2131,321,352
00,174046,041104,0,1921,1986,306,323
00,174046,041704,0,2014,2131,321,352
00,174047,041104,0,1872,1937,296,313
00,174047,041704,0,1965,2082,311,342
00,174050,041104,0,1944,2052,310,335
00,174050,041704,0,2037,2197,325,364
00,174051,003104,0,1944,2052,310,335
00,174051,103704,0,2037,2197,325,364
00,174052,041104,0,1944,2052,310,335
00,174052,041704,0,2037,2197,325,364
00,174053,003104,0,1944,2052,310,335
00,174053,103704,0,2037,2197,325,364
00,174054,041104,0,1944,2052,310,335
00,174054,041704,0,2037,2197,325,364
00,174055,003104,0,1944,2052,310,335
00,174055,103704,0,2037,2197,325,364
00,174056,041104,0,1944,2052,310,335
00,174056,041704,0,2037,2197,325,364
00,174057,004104,0,1994,2070,317,333
00,174057,104704,0,1997,2073,318,334
00,174060,003104,0,1889,1997,297,322
00,174060,103704,0,1982,2142,312,351
00,174061,041104,0,1889,1997,297,322
00,174061,041704,0,1982,2142,312,351
00,174062,003104,0,1889,1997,297,322
00,174062,103704,0,1982,2142,312,351
00,174063,041104,0,1889,1997,297,322
00,174063,041704,0,1982,2142,312,351
00,174064,003104,0,1889,1997,297,322
00,174064,103704,0,1982,2142,312,351
00,174065,041104,0,1889,1997,297,322
00,174065,041704,0,1982,2142,312,351
00,174066,003104,0,1889,1997,297,322
00,174066,103704,0,1982,2142,312,351
00,174067,146104,0,1889,1997,297,322
00,174067,046704,0,1982,2142,312,351
00,174070,004104,0,1897,2048,300,333
00,174070,104704,0,1990,2193,315,362
00,174071,041104,0,1897,2048,300,333
00,174071,041704,0,1990,2193,315,362
00,174072,146104,0,1897,2048,300,333
00,174072,046704,0,1990,2193,315,362
00,174073,003104,0,1897,2048,300,333
00,174073,103704,0,1990,2193,315,362
00,174074,004104,0,1897,2048,300,333
00,174074,104704,0,1990,2193,315,362
00,174075,041104,0,1897,2048,300,333
00,174075,041704,0,1990,2193,315,362
00,174076,146104,0,1897,2048,300,333
00,174076,046704,0,1990,2193,315,362
00,174077,004104,0,1897,2048,300,333
00,174077,104704,0,1990,2193,315,362
00,174100,041104,0,1783,1796,271,274
00,174100,041704,0,1829,1842,278,281
00,174101,004104,0,1783,1796,271,274
00,174101,104704,0,1829,1842,278,281
00,174102,003104,0,1783,1796,271,274
00,174102,103704,0,1829,1842,278,281
00,174103,146104,0,1783,1796,271,274
00,174103,046704,0,1829,1842,278,281
00,174104,041104,0,1783,1796,271,274
00,174104,041704,0,1829,1842,278,281
00,174105,004104,0,1783,1796,271,274
00,174105,104704,0,1829,1842,278,281
00,174106,003104,0,1923,1936,302,305
00,174106,103704,0,1926,1939,303,306
00,174107,003104,0,1923,1936,302,305
00,174107,103704,0,1926,1939,303,306
00,174110,003104,0,1802,1867,283,300
00,174110,103704,0,1895,2012,298,329
00,174111,146104,0,1802,1867,283,300
00,174111,046704,0,1895,2012,298,329
00,174112,041104,0,1802,1867,283,300
00,174112,041704,0,1895,2012,298,329
00,174113,004104,0,1802,1867,283,300
00,174113,104704,0,1895,2012,298,329
00,174114,003104,0,1802,1867,283,300
00,174114,103704,0,1895,2012,298,329
00,174115,146104,0,1802,1867,283,300
00,174115,046704,0,1895,2012,298,329
00,174116,041104,0,1802,1867,283,300
00,174116,041704,0,1895,2012,298,329
00,174117,041104,0,1802,1867,283,300
00,174117,041704,0,1895,2012,298,329
00,174120,041104,0,1921,1986,306,323
00,174120,041704,0,2014,2131,321,352
00,174121,004104,0,1921,1986,306,323
00,174121,104704,0,2014,2131,321,352
00,174122,003104,0,1921,1986,306,323
00,174122,103704,0,2014,2131,321,352
00,174123,146104,0,1921,1986,306,323
00,174123,046704,0,2014,2131,321,352
00,174124,041104,0,1921,1986,306,323
00,174124,041704,0,2014,2131,321,352
00,174125,004104,0,1921,1986,306,323
00,174125,104704,0,2014,2131,321,352
00,174126,003104,0,1921,1986,306,323
00,174126,103704,0,2014,2131,321,352
00,174127,003104,0,1845,1884,291,301
00,174127,103704,0,1848,1887,292,302
00,174130,041104,0,1944,2052,310,335
00,174130,041704,0,2037,2197,325,364
00,174131,003104,0,1944,2052,310,335
00,174131,103704,0,2037,2197,325,364
00,174132,041104,0,1944,2052,310,335
00,174132,041704,0,2037,2197,325,364
00,174133,003104,0,1944,2052,310,335
00,174133,103704,0,2037,2197,325,364
00,174134,041104,0,1944,2052,310,335
00,174134,041704,0,2037,2197,325,364
00,174135,003104,0,1944,2052,310,335
00,174135,103704,0,2037,2197,325,364
00,174136,041104,0,1944,2052,310,335
00,174136,041704,0,2037,2197,325,364
00,174137,004104,0,1895,2003,300,325
00,174137,104704,0,1988,2148,315,354
00,174140,003104,0,1921,1986,306,323
00,174140,103704,0,2014,2131,321,352
00,174141,146104,0,1921,1986,306,323
00,174141,046704,0,2014,2131,321,352
00,174142,041104,0,1921,1986,306,323
00,174142,041704,0,2014,2131,321,352
00,174143,004104,0,1921,1986,306,323
00,174143,104704,0,2014,2131,321,352
00,174144,003104,0,1921,1986,306,323
00,174144,103704,0,2014,2131,321,352
00,174145,146104,0,1921,1986,306,323
00,174145,046704,0,2014,2131,321,352
00,174146,041104,0,1921,1986,306,323
00,174146,041704,0,2014,2131,321,352
00,174147,041104,0,1872,1937,296,313
00,174147,041704,0,1965,2082,311,342
00,174150,041104,0,1944,2052,310,335
00,174150,041704,0,2037,2197,325,364
00,174151,003104,0,1944,2052,310,335
00,174151,103704,0,2037,2197,325,364
00,174152,041104,0,1944,2052,310,335
00,174152,041704,0,2037,2197,325,364
00,174153,003104,0,1944,2052,310,335
00,174153,103704,0,2037,2197,325,364
00,174154,041104,0,1944,2052,310,335
00,174154,041704,0,2037,2197,325,364
00,174155,003104,0,1944,2052,310,335
00,174155,103704,0,2037,2197,325,364
00,174156,041104,0,1944,2052,310,335
00,174156,041704,0,2037,2197,325,364
00,174157,004104,0,1994,2070,317,333
00,174157,104704,0,1997,2073,318,334
00,174160,003104,0,1889,1997,297,322
00,174160,103704,0,1982,2142,312,351
00,174161,041104,0,1889,1997,297,322
00,174161,041704,0,1982,2142,312,351
00,174162,003104,0,1889,1997,297,322
00,174162,103704,0,1982,2142,312,351
00,174163,041104,0,1889,1997,297,322
00,174163,041704,0,1982,2142,312,351
00,174164,003104,0,1889,1997,297,322
00,174164,103704,0,1982,2142,312,351
00,174165,041104,0,1889,1997,297,322
00,174165,041704,0,1982,2142,312,351
00,174166,003104,0,1889,1997,297,322
00,174166,103704,0,1982,2142,312,351
00,174167,146104,0,1889,1997,297,322
00,174167,046704,0,1982,2142,312,351
00,174170,004104,0,1897,2048,300,333
00,174170,104704,0,1990,2193,315,362
00,174171,041104,0,1897,2048,300,333
00,174171,041704,0,1990,2193,315,362
00,174172,146104,0,1897,2048,300,333
00,174172,046704,0,1990,2193,315,362
00,174173,003104,0,1897,2048,300,333
00,174173,103704,0,1990,2193,315,362
00,174174,004104,0,1897,2048,300,333
00,174174,104704,0,1990,2193,315,362
00,174175,041104,0,1897,2048,300,333
00,174175,041704,0,1990,2193,315,362
00,174176,146104,0,1897,2048,300,333
00,174176,046704,0,1990,2193,315,362
00,174177,004104,0,1897,2048,300,333
00,174177,104704,0,1990,2193,315,362
00,174200,041104,0,1783,1796,271,274
00,174200,041704,0,1829,1842,278,281
00,174201,004104,0,1783,1796,271,274
00,174201,104704,0,1829,1842,278,281
00,174202,003104,0,1783,1796,271,274
00,174202,103704,0,1829,1842,278,281
00,174203,146104,0,1783,1796,271,274
00,174203,046704,0,1829,1842,278,281
00,174204,041104,0,1783,1796,271,274
00,174204,041704,0,1829,1842,278,281
00,174205,004104,0,1783,1796,271,274
00,174205,104704,0,1829,1842,278,281
00,174206,003104,0,1923,1936,302,305
00,174206,103704,0,1926,1939,303,306
00,174207,003104,0,1923,1936,302,305
00,174207,103704,0,1926,1939,303,306
00,174210,003104,0,1802,1867,283,300
00,174210,103704,0,1895,2012,298,329
00,174211,146104,0,1802,1867,283,300
00,174211,046704,0,1895,2012,298,329
00,174212,041104,0,1802,1867,283,300
00,174212,041704,0,1895,2012,298,329
00,174213,004104,0,1802,1867,283,300
00,174213,104704,0,1895,2012,298,329
00,174214,003104,0,1802,1867,283,300
00,174214,103704,0,1895,2012,298,329
00,174215,146104,0,1802,1867,283,300
00,174215,046704,0,1895,2012,298,329
00,174216,041104,0,1802,1867,283,300
00,174216,041704,0,1895,2012,298,329
00,174217,041104,0,1802,1867,283,300
00,174217,041704,0,1895,2012,298,329
00,174220,041104,0,1921,1986,306,323
00,174220,041704,0,2014,2131,321,352
00,174221,004104,0,1921,1986,306,323
00,174221,104704,0,2014,2131,321,352
00,174222,003104,0,1921,1986,306,323
00,174222,103704,0,2014,2131,321,352
00,174223,146104,0,1921,1986,306,323
00,174223,046704,0,2014,2131,321,352
00,174224,041104,0,1921,1986,306,323
00,174224,041704,0,2014,2131,321,352
00,174225,004104,0,1921,1986,306,323
00,174225,104704,0,2014,2131,321,352
00,174226,003104,0,1921,1986,306,323
00,174226,103704,0,2014,2131,321,352
00,174227,003104,0,1845,1884,291,301
00,174227,103704,0,1848,1887,292,302
00,174230,041104,0,1944,2052,310,335
00,174230,041704,0,2037,2197,325,364
00,174231,003104,0,1944,2052,310,335
00,174231,103704,0,2037,2197,325,364
00,174232,041104,0,1944,2052,310,335
00,174232,041704,0,2037,2197,325,364
00,174233,003104,0,1944,2052,310,335
00,174233,103704,0,2037,2197,325,364
00,174234,041104,0,1944,2052,310,335
00,174234,041704,0,2037,2197,325,364
00,174235,003104,0,1944,2052,310,335
00,174235,103704,0,2037,2197,325,364
00,174236,041104,0,1944,2052,310,335
00,174236,041704,0,2037,2197,325,364
00,174237,004104,0,1895,2003,300,325
00,174237,104704,0,1988,2148,315,354
00,174240,003104,0,1921,1986,306,323
00,174240,103704,0,2014,2131,321,352
00,174241,146104,0,1921,1986,306,323
00,174241,046704,0,2014,2131,321,352
00,174242,041104,0,1921,1986,306,323
00,174242,041704,0,2014,2131,321,352
00,174243,004104,0,1921,1986,306,323
00,174243,104704,0,2014,2131,321,352
00,174244,003104,0,1921,1986,306,323
00,174244,103704,0,2014,2131,321,352
00,174245,146104,0,1921,1986,306,323
00,174245,046704,0,2014,2131,321,352
00,174246,041104,0,1921,1986,306,323
00,174246,041704,0,2014,2131,321,352
00,174247,041104,0,1872,1937,296,313
00,174247,041704,0,1965,2082,311,342
00,174250,041104,0,1944,2052,310,335
00,174250,041704,0,2037,2197,325,364
00,174251,003104,0,1944,2052,310,335
00,174251,103704,0,2037,2197,325,364
00,174252,041104,0,1944,2052,310,335
00,174252,041704,0,2037,2197,325,364
00,174253,003104,0,1944,2052,310,335
00,174253,103704,0,2037,2197,325,364
00,174254,041104,0,1944,2052,310,335
00,174254,041704,0,2037,2197,325,364
00,174255,003104,0,1944,2052,310,335
00,174255,103704,0,2037,2197,325,364
00,174256,041104,0,1944,2052,310,335
00,174256,041704,0,2037,2197,325,364
00,174257,004104,0,1994,2070,317,333
00,174257,104704,0,1997,2073,318,334
00,174260,003104,0,1889,1997,297,322
00,174260,103704,0,1982,2142,312,351
00,174261,041104,0,1889,1997,297,322
00,174261,041704,0,1982,2142,312,351
00,174262,003104,0,1889,1997,297,322
00,174262,103704,0,1982,2142,312,351
00,174263,041104,0,1889,1997,297,322
00,174263,041704,0,1982,2142,312,351
00,174264,003104,0,1889,1997,297,322
00,174264,103704,0,1982,2142,312,351
00,174265,041104,0,1889,1997,297,322
00,174265,041704,0,1982,2142,312,351
00,174266,003104,0,1889,1997,297,322
00,174266,103704,0,1982,2142,312,351
00,174267,146104,0,1889,1997,297,322
00,174267,046704,0,1982,2142,312,351
00,174270,004104,0,1897,2048,300,333
00,174270,104704,0,1990,2193,315,362
00,174271,041104,0,1897,2048,300,333
00,174271,041704,0,1990,2193,315,362
00,174272,146104,0,1897,2048,300,333
00,174272,046704,0,1990,2193,315,362
00,174273,003104,0,1897,2048,300,333
00,174273,103704,0,1990,2193,315,362
00,174274,004104,0,1897,2048,300,333
00,174274,104704,0,1990,2193,315,362
00,174275,041104,0,1897,2048,300,333
00,174275,041704,0,1990,2193,315,362
00,174276,146104,0,1897,2048,300,333
00,174276,046704,0,1990,2193,315,362
00,174277,004104,0,1897,2048,300,333
00,174277,104704,0,1990,2193,315,362
00,174300,041104,0,1783,1796,271,274
00,174300,041704,0,1829,1842,278,281
00,174301,004104,0,1783,1796,271,274
00,174301,104704,0,1829,1842,278,281
00,174302,003104,0,1783,1796,271,274
00,174302,103704,0,1829,1842,278,281
00,174303,146104,0,1783,1796,271,274
00,174303,046704,0,1829,1842,278,281
00,174304,041104,0,1783,1796,271,274
00,174304,041704,0,1829,1842,278,281
00,174305,004104,0,1783,1796,271,274
00,174305,104704,0,1829,1842,278,281
00,174306,003104,0,1923,1936,302,305
00,174306,103704,0,1926,1939,303,306
00,174307,003104,0,1923,1936,302,305
00,174307,103704,0,1926,1939,303,306
00,174310,003104,0,1802,1867,283,300
00,174310,103704,0,1895,2012,298,329
00,174311,146104,0,1802,1867,283,300
00,174311,046704,0,1895,2012,298,329
00,174312,041104,0,1802,1867,283,300
00,174312,041704,0,1895,2012,298,329
00,174313,004104,0,1802,1867,283,300
00,174313,104704,0,1895,2012,298,329
00,174314,003104,0,1802,1867,283,300
00,174314,103704,0,1895,2012,298,329
00,174315,146104,0,1802,1867,283,300
00,174315,046704,0,1895,2012,298,329
00,174316,041104,0,1802,1867,283,300
00,174316,041704,0,1895,2012,298,329
00,174317,041104,0,1802,1867,283,300
00,174317,041704,0,1895,2012,298,329
00,174320,041104,0,1921,1986,306,323
00,174320,041704,0,2014,2131,321,352
00,174321,004104,0,1921,1986,306,323
00,174321,104704,0,2014,2131,321,352
00,174322,003104,0,1921,1986,306,323
00,174322,103704,0,2014,2131,321,352
00,174323,146104,0,1921,1986,306,323
00,174323,046704,0,2014,2131,321,352
00,174324,041104,0,1921,1986,306,323
00,174324,041704,0,2014,2131,321,352
00,174325,004104,0,1921,1986,306,323
00,174325,104704,0,2014,2131,321,352
00,174326,003104,0,1921,1986,306,323
00,174326,103704,0,2014,2131,321,352
00,174327,003104,0,1845,1884,291,301
00,174327,103704,0,1848,1887,292,302
00,174330,041104,0,1944,2052,310,335
00,174330,041704,0,2037,2197,325,364
00,174331,003104,0,1944,2052,310,335
00,174331,103704,0,2037,2197,325,364
00,174332,041104,0,1944,2052,310,335
00,174332,041704,0,2037,2197,325,364
00,174333,003104,0,1944,2052,310,335
00,174333,103704,0,2037,2197,325,364
00,174334,041104,0,1944,2052,310,335
00,174334,041704,0,2037,2197,325,364
00,174335,003104,0,1944,2052,310,335
00,174335,103704,0,2037,2197,325,364
00,174336,041104,0,1944,2052,310,335
00,174336,041704,0,2037,2197,325,364
00,174337,004104,0,1895,2003,300,325
00,174337,104704,0,1988,2148,315,354
00,174340,003104,0,1921,1986,306,323
00,174340,103704,0,2014,2131,321,352
00,174341,146104,0,1921,1986,306,323
00,174341,046704,0,2014,2131,321,352
00,174342,041104,0,1921,1986,306,323
00,174342,041704,0,2014,2131,321,352
00,174343,004104,0,1921,1986,306,323
00,174343,104704,0,2014,2131,321,352
00,174344,003104,0,1921,1986,306,323
00,174344,103704,0,2014,2131,321,352
00,174345,146104,0,1921,1986,306,323
00,174345,046704,0,2014,2131,321,352
00,174346,041104,0,1921,1986,306,323
00,174346,041704,0,2014,2131,321,352
00,174347,041104,0,1872,1937,296,313
00,174347,041704,0,1965,2082,311,342
00,174350,041104,0,1944,2052,310,335
00,174350,041704,0,2037,2197,325,364
00,174351,003104,0,1944,2052,310,335
00,174351,103704,0,2037,2197,325,364
00,174352,041104,0,1944,2052,310,335
00,174352,041704,0,2037,2197,325,364
00,174353,003104,0,1944,2052,310,335
00,174353,103704,0,2037,2197,325,364
00,174354,041104,0,1944,2052,310,335
00,174354,041704,0,2037,2197,325,364
00,174355,003104,0,1944,2052,310,335
00,174355,103704,0,2037,2197,325,364
00,174356,041104,0,1944,2052,310,335
00,174356,041704,0,2037,2197,325,364
00,174357,004104,0,1994,2070,317,333
00,174357,104704,0,1997,2073,318,334
00,174360,003104,0,1889,1997,297,322
00,174360,103704,0,1982,2142,312,351
00,174361,041104,0,1889,1997,297,322
00,174361,041704,0,1982,2142,312,351
00,174362,003104,0,1889,1997,297,322
00,174362,103704,0,1982,2142,312,351
00,174363,041104,0,1889,1997,297,322
00,174363,041704,0,1982,2142,312,351
00,174364,003104,0,1889,1997,297,322
00,174364,103704,0,1982,2142,312,351
00,174365,041104,0,1889,1997,297,322
00,174365,041704,0,1982,2142,312,351
00,174366,003104,0,1889,1997,297,322
00,174366,103704,0,1982,2142,312,351
00,174367,146104,0,1889,1997,297,322
00,174367,046704,0,1982,2142,312,351
00,174370,004104,0,1897,2048,300,333
00,174370,104704,0,1990,2193,315,362
00,174371,041104,0,1897,2048,300,333
00,174371,041704,0,1990,2193,315,362
00,174372,146104,0,1897,2048,300,333
00,174372,046704,0,1990,2193,315,362
00,174373,003104,0,1897,2048,300,333
00,174373,103704,0,1990,2193,315,362
00,174374,004104,0,1897,2048,300,333
00,174374,104704,0,1990,2193,315,362
00,174375,041104,0,1897,2048,300,333
00,174375,041704,0,1990,2193,315,362
00,174376,146104,0,1897,2048,300,333
00,174376,046704,0,1990,2193,315,362
00,174377,004104,0,1897,2048,300,333
00,174377,104704,0,1990,2193,315,362
00,173400,041104,0,2475,2488,399,402
00,173400,041704,0,2638,2651,426,429
00,173401,004104,0,2235,2248,359,362
00,173401,104704,0,2381,2394,381,384
00,173402,003104,0,2324,2337,372,375
00,173402,103704,0,2292,2305,368,371
00,173403,146104,0,2235,2248,359,362
00,173403,046704,0,2381,2394,381,384
00,173404,041104,0,2324,2337,372,375
00,173404,041704,0,2292,2305,368,371
00,173405,004104,0,2235,2248,359,362
00,173405,104704,0,2381,2394,381,384
00,173406,003104,0,1875,1888,296,299
00,173406,103704,0,1878,1891,297,300
00,173407,003104,0,1875,1888,296,299
00,173407,103704,0,1878,1891,297,300
00,173410,003104,0,2230,2329,361,380
00,173410,103704,0,2200,2385,359,394
00,173411,146104,0,2141,2240,348,367
00,173411,046704,0,2289,2474,372,407
00,173412,041104,0,2230,2329,361,380
00,173412,041704,0,2200,2385,359,394
00,173413,004104,0,2141,2240,348,367
00,173413,104704,0,2289,2474,372,407
00,173414,003104,0,2230,2329,361,380
00,173414,103704,0,2200,2385,359,394
00,173415,146104,0,2141,2240,348,367
00,173415,046704,0,2289,2474,372,407
00,173416,041104,0,2230,2329,361,380
00,173416,041704,0,2200,2385,359,394
00,173417,041104,0,2230,2329,361,380
00,173417,041704,0,2200,2385,359,394
00,173420,041104,0,2349,2448,384,403
00,173420,041704,0,2319,2504,382,417
00,173421,004104,0,2260,2359,371,390
00,173421,104704,0,2408,2593,395,430
00,173422,003104,0,2349,2448,384,403
00,173422,103704,0,2319,2504,382,417
00,173423,146104,0,2260,2359,371,390
00,173423,046704,0,2408,2593,395,430
00,173424,041104,0,2349,2448,384,403
00,173424,041704,0,2319,2504,382,417
00,173425,004104,0,2260,2359,371,390
00,173425,104704,0,2408,2593,395,430
00,173426,003104,0,2349,2448,384,403
00,173426,103704,0,2319,2504,382,417
00,173427,003104,0,2290,2346,371,382
00,173427,103704,0,2204,2260,359,370
00,173430,041104,0,2372,2514,388,415
00,173430,041704,0,2342,2570,386,429
00,173431,003104,0,2372,2514,388,415
00,173431,103704,0,2342,2570,386,429
00,173432,041104,0,2372,2514,388,415
00,173432,041704,0,2342,2570,386,429
00,173433,003104,0,2372,2514,388,415
00,173433,103704,0,2342,2570,386,429
00,173434,041104,0,2372,2514,388,415
00,173434,041704,0,2342,2570,386,429
00,173435,003104,0,2372,2514,388,415
00,173435,103704,0,2342,2570,386,429
00,173436,041104,0,2372,2514,388,415
00,173436,041704,0,2342,2570,386,429
00,173437,004104,0,2234,2376,365,392
00,173437,104704,0,2382,2610,389,432
00,173440,003104,0,2349,2448,384,403
00,173440,103704,0,2319,2504,382,417
00,173441,146104,0,2260,2359,371,390
00,173441,046704,0,2408,2593,395,430
00,173442,041104,0,2349,2448,384,403
00,173442,041704,0,2319,2504,382,417
00,173443,004104,0,2260,2359,371,390
00,173443,104704,0,2408,2593,395,430
00,173444,003104,0,2349,2448,384,403
00,173444,103704,0,2319,2504,382,417
00,173445,146104,0,2260,2359,371,390
00,173445,046704,0,2408,2593,395,430
00,173446,041104,0,2349,2448,384,403
00,173446,041704,0,2319,2504,382,417
00,173447,041104,0,2300,2399,374,393
00,173447,041704,0,2270,2455,372,407
00,173450,041104,0,2372,2514,388,415
00,173450,041704,0,2342,2570,386,429
00,173451,003104,0,2372,2514,388,415
00,173451,103704,0,2342,2570,386,429
00,173452,041104,0,2372,2514,388,415
00,173452,041704,0,2342,2570,386,429
00,173453,003104,0,2372,2514,388,415
00,173453,103704,0,2342,2570,386,429
00,173454,041104,0,2372,2514,388,415
00,173454,041704,0,2342,2570,386,429
00,173455,003104,0,2372,2514,388,415
00,173455,103704,0,2342,2570,386,429
00,173456,041104,0,2372,2514,388,415
00,173456,041704,0,2342,2570,386,429
00,173457,004104,0,1981,2074,321,338
00,173457,104704,0,1984,2077,322,339
00,173460,003104,0,2317,2459,375,402
00,173460,103704,0,2287,2515,373,416
00,173461,041104,0,2317,2459,375,402
00,173461,041704,0,2287,2515,373,416
00,173462,003104,0,2317,2459,375,402
00,173462,103704,0,2287,2515,373,416
00,173463,041104,0,2317,2459,375,402
00,173463,041704,0,2287,2515,373,416
00,173464,003104,0,2317,2459,375,402
00,173464,103704,0,2287,2515,373,416
00,173465,041104,0,2317,2459,375,402
00,173465,041704,0,2287,2515,373,416
00,173466,003104,0,2317,2459,375,402
00,173466,103704,0,2287,2515,373,416
00,173467,146104,0,2228,2370,362,389
00,173467,046704,0,2376,2604,386,429
00,173470,004104,0,2236,2421,365,400
00,173470,104704,0,2384,2655,389,440
00,173471,041104,0,2325,2510,378,413
00,173471,041704,0,2295,2566,376,427
00,173472,146104,0,2236,2421,365,400
00,173472,046704,0,2384,2655,389,440
00,173473,003104,0,2325,2510,378,413
00,173473,103704,0,2295,2566,376,427
00,173474,004104,0,2236,2421,365,400
00,173474,104704,0,2384,2655,389,440
00,173475,041104,0,2325,2510,378,413
00,173475,041704,0,2295,2566,376,427
00,173476,146104,0,2236,2421,365,400
00,173476,046704,0,2384,2655,389,440
00,173477,004104,0,2236,2421,365,400
00,173477,104704,0,2384,2655,389,440
00,173500,041104,0,2324,2337,372,375
00,173500,041704,0,2381,2394,381,384
00,173501,004104,0,2475,2488,399,402
00,173501,104704,0,2638,2651,426,429
00,173502,003104,0,2235,2248,359,362
00,173502,103704,0,2381,2394,381,384
00,173503,146104,0,2235,2248,359,362
00,173503,046704,0,2381,2394,381,384
00,173504,041104,0,2324,2337,372,375
00,173504,041704,0,2381,2394,381,384
00,173505,004104,0,2324,2337,372,375
00,173505,104704,0,2292,2305,368,371
00,173506,003104,0,1875,1888,296,299
00,173506,103704,0,1878,1891,297,300
00,173507,003104,0,1875,1888,296,299
00,173507,103704,0,1878,1891,297,300
00,173510,003104,0,2141,2240,348,367
00,173510,103704,0,2289,2474,372,407
00,173511,146104,0,2141,2240,348,367
00,173511,046704,0,2289,2474,372,407
00,173512,041104,0,2230,2329,361,380
00,173512,041704,0,2289,2474,372,407
00,173513,004104,0,2230,2329,361,380
00,173513,104704,0,2200,2385,359,394
00,173514,003104,0,2141,2240,348,367
00,173514,103704,0,2289,2474,372,407
00,173515,146104,0,2141,2240,348,367
00,173515,046704,0,2289,2474,372,407
00,173516,041104,0,2230,2329,361,380
00,173516,041704,0,2289,2474,372,407
00,173517,041104,0,2230,2329,361,380
00,173517,041704,0,2289,2474,372,407
00,173520,041104,0,2349,2448,384,403
00,173520,041704,0,2408,2593,395,430
00,173521,004104,0,2349,2448,384,403
00,173521,104704,0,2319,2504,382,417
00,173522,003104,0,2260,2359,371,390
00,173522,103704,0,2408,2593,395,430
00,173523,146104,0,2260,2359,371,390
00,173523,046704,0,2408,2593,395,430
00,173524,041104,0,2349,2448,384,403
00,173524,041704,0,2408,2593,395,430
00,173525,004104,0,2349,2448,384,403
00,173525,104704,0,2319,2504,382,417
00,173526,003104,0,2260,2359,371,390
00,173526,103704,0,2408,2593,395,430
00,173527,003104,0,2201,2257,358,369
00,173527,103704,0,2293,2349,372,383
00,173530,041104,0,2372,2514,388,415
00,173530,041704,0,2431,2659,399,442
00,173531,003104,0,2283,2425,375,402
00,173531,103704,0,2431,2659,399,442
00,173532,041104,0,2372,2514,388,415
00,173532,041704,0,2431,2659,399,442
00,173533,003104,0,2283,2425,375,402
00,173533,103704,0,2431,2659,399,442
00,173534,041104,0,2372,2514,388,415
00,173534,041704,0,2431,2659,399,442
00,173535,003104,0,2283,2425,375,402
00,173535,103704,0,2431,2659,399,442
00,173536,041104,0,2372,2514,388,415
00,173536,041704,0,2431,2659,399,442
00,173537,004104,0,2323,2465,378,405
00,173537,104704,0,2293,2521,376,419
00,173540,003104,0,2260,2359,371,390
00,173540,103704,0,2408,2593,395,430
00,173541,146104,0,2260,2359,371,390
00,173541,046704,0,2408,2593,395,430
00,173542,041104,0,2349,2448,384,403
00,173542,041704,0,2408,2593,395,430
00,173543,004104,0,2349,2448,384,403
00,173543,104704,0,2319,2504,382,417
00,173544,003104,0,2260,2359,371,390
00,173544,103704,0,2408,2593,395,430
00,173545,146104,0,2260,2359,371,390
00,173545,046704,0,2408,2593,395,430
00,173546,041104,0,2349,2448,384,403
00,173546,041704,0,2408,2593,395,430
00,173547,041104,0,2300,2399,374,393
00,173547,041704,0,2359,2544,385,420
00,173550,041104,0,2372,2514,388,415
00,173550,041704,0,2431,2659,399,442
00,173551,003104,0,2283,2425,375,402
00,173551,103704,0,2431,2659,399,442
00,173552,041104,0,2372,2514,388,415
00,173552,041704,0,2431,2659,399,442
00,173553,003104,0,2283,2425,375,402
00,173553,103704,0,2431,2659,399,442
00,173554,041104,0,2372,2514,388,415
00,173554,041704,0,2431,2659,399,442
00,173555,003104,0,2283,2425,375,402
00,173555,103704,0,2431,2659,399,442
00,173556,041104,0,2372,2514,388,415
00,173556,041704,0,2431,2659,399,442
00,173557,004104,0,1981,2074,321,338
00,173557,104704,0,1984,2077,322,339
00,173560,003104,0,2228,2370,362,389
00,173560,103704,0,2376,2604,386,429
00,173561,041104,0,2317,2459,375,402
00,173561,041704,0,2376,2604,386,429
00,173562,003104,0,2228,2370,362,389
00,173562,103704,0,2376,2604,386,429
00,173563,041104,0,2317,2459,375,402
00,173563,041704,0,2376,2604,386,429
00,173564,003104,0,2228,2370,362,389
00,173564,103704,0,2376,2604,386,429
00,173565,041104,0,2317,2459,375,402
00,173565,041704,0,2376,2604,386,429
00,173566,003104,0,2228,2370,362,389
00,173566,103704,0,2376,2604,386,429
00,173567,146104,0,2228,2370,362,389
00,173567,046704,0,2376,2604,386,429
00,173570,004104,0,2325,2510,378,413
00,173570,104704,0,2295,2566,376,427
00,173571,041104,0,2325,2510,378,413
00,173571,041704,0,2384,2655,389,440
00,173572,146104,0,2236,2421,365,400
00,173572,046704,0,2384,2655,389,440
00,173573,003104,0,2236,2421,365,400
00,173573,103704,0,2384,2655,389,440
00,173574,004104,0,2325,2510,378,413
00,173574,104704,0,2295,2566,376,427
00,173575,041104,0,2325,2510,378,413
00,173575,041704,0,2384,2655,389,440
00,173576,146104,0,2236,2421,365,400
00,173576,046704,0,2384,2655,389,440
00,173577,004104,0,2325,2510,378,413
00,173577,104704,0,2295,2566,376,427
00,173600,041104,0,2235,2248,359,362
00,173600,041704,0,2292,2305,368,371
00,173601,004104,0,2235,2248,359,362
00,173601,104704,0,2292,2305,368,371
00,173602,003104,0,2475,2488,399,402
00,173602,103704,0,2638,2651,426,429
00,173603,146104,0,2324,2337,372,375
00,173603,046704,0,2381,2394,381,384
00,173604,041104,0,2235,2248,359,362
00,173604,041704,0,2292,2305,368,371
00,173605,004104,0,2235,2248,359,362
00,173605,104704,0,2292,2305,368,371
00,173606,003104,0,1875,1888,296,299
00,173606,103704,0,1878,1891,297,300
00,173607,003104,0,1875,1888,296,299
00,173607,103704,0,1878,1891,297,300
00,173610,003104,0,2230,2329,361,380
00,173610,103704,0,2200,2385,359,394
00,173611,146104,0,2230,2329,361,380
00,173611,046704,0,2289,2474,372,407
00,173612,041104,0,2141,2240,348,367
00,173612,041704,0,2200,2385,359,394
00,173613,004104,0,2141,2240,348,367
00,173613,104704,0,2200,2385,359,394
00,173614,003104,0,2230,2329,361,380
00,173614,103704,0,2200,2385,359,394
00,173615,146104,0,2230,2329,361,380
00,173615,046704,0,2289,2474,372,407
00,173616,041104,0,2141,2240,348,367
00,173616,041704,0,2200,2385,359,394
00,173617,041104,0,2141,2240,348,367
00,173617,041704,0,2200,2385,359,394
00,173620,041104,0,2260,2359,371,390
00,173620,041704,0,2319,2504,382,417
00,173621,004104,0,2260,2359,371,390
00,173621,104704,0,2319,2504,382,417
00,173622,003104,0,2349,2448,384,403
00,173622,103704,0,2319,2504,382,417
00,173623,146104,0,2349,2448,384,403
00,173623,046704,0,2408,2593,395,430
00,173624,041104,0,2260,2359,371,390
00,173624,041704,0,2319,2504,382,417
00,173625,004104,0,2260,2359,371,390
00,173625,104704,0,2319,2504,382,417
00,173626,003104,0,2349,2448,384,403
00,173626,103704,0,2319,2504,382,417
00,173627,003104,0,2290,2346,371,382
00,173627,103704,0,2204,2260,359,370
00,173630,041104,0,2283,2425,375,402
00,173630,041704,0,2342,2570,386,429
00,173631,003104,0,2372,2514,388,415
00,173631,103704,0,2342,2570,386,429
00,173632,041104,0,2283,2425,375,402
00,173632,041704,0,2342,2570,386,429
00,173633,003104,0,2372,2514,388,415
00,173633,103704,0,2342,2570,386,429
00,173634,041104,0,2283,2425,375,402
00,173634,041704,0,2342,2570,386,429
00,173635,003104,0,2372,2514,388,415
00,173635,103704,0,2342,2570,386,429
00,173636,041104,0,2283,2425,375,402
00,173636,041704,0,2342,2570,386,429
00,173637,004104,0,2234,2376,365,392
00,173637,104704,0,2293,2521,376,419
00,173640,003104,0,2349,2448,384,403
00,173640,103704,0,2319,2504,382,417
00,173641,146104,0,2349,2448,384,403
00,173641,046704,0,2408,2593,395,430
00,173642,041104,0,2260,2359,371,390
00,173642,041704,0,2319,2504,382,417
00,173643,004104,0,2260,2359,371,390
00,173643,104704,0,2319,2504,382,417
00,173644,003104,0,2349,2448,384,403
00,173644,103704,0,2319,2504,382,417
00,173645,146104,0,2349,2448,384,403
00,173645,046704,0,2408,2593,395,430
00,173646,041104,0,2260,2359,371,390
00,173646,041704,0,2319,2504,382,417
00,173647,041104,0,2211,2310,361,380
00,173647,041704,0,2270,2455,372,407
00,173650,041104,0,2283,2425,375,402
00,173650,041704,0,2342,2570,386,429
00,173651,003104,0,2372,2514,388,415
00,173651,103704,0,2342,2570,386,429
00,173652,041104,0,2283,2425,375,402
00,173652,041704,0,2342,2570,386,429
00,173653,003104,0,2372,2514,388,415
00,173653,103704,0,2342,2570,386,429
00,173654,041104,0,2283,2425,375,402
00,173654,041704,0,2342,2570,386,429
00,173655,003104,0,2372,2514,388,415
00,173655,103704,0,2342,2570,386,429
00,173656,041104,0,2283,2425,375,402
00,173656,041704,0,2342,2570,386,429
00,173657,004104,0,1981,2074,321,338
00,173657,104704,0,1984,2077,322,339
00,173660,003104,0,2317,2459,375,402
00,173660,103704,0,2287,2515,373,416
00,173661,041104,0,2228,2370,362,389
00,173661,041704,0,2287,2515,373,416
00,173662,003104,0,2317,2459,375,402
00,173662,103704,0,2287,2515,373,416
00,173663,041104,0,2228,2370,362,389
00,173663,041704,0,2287,2515,373,416
00,173664,003104,0,2317,2459,375,402
00,173664,103704,0,2287,2515,373,416
00,173665,041104,0,2228,2370,362,389
00,173665,041704,0,2287,2515,373,416
00,173666,003104,0,2317,2459,375,402
00,173666,103704,0,2287,2515,373,416
00,173667,146104,0,2317,2459,375,402
00,173667,046704,0,2376,2604,386,429
00,173670,004104,0,2236,2421,365,400
00,173670,104704,0,2295,2566,376,427
00,173671,041104,0,2236,2421,365,400
00,173671,041704,0,2295,2566,376,427
00,173672,146104,0,2325,2510,378,413
00,173672,046704,0,2384,2655,389,440
00,173673,003104,0,2325,2510,378,413
00,173673,103704,0,2295,2566,376,427
00,173674,004104,0,2236,2421,365,400
00,173674,104704,0,2295,2566,376,427
00,173675,041104,0,2236,2421,365,400
00,173675,041704,0,2295,2566,376,427
00,173676,146104,0,2325,2510,378,413
00,173676,046704,0,2384,2655,389,440
00,173677,004104,0,2236,2421,365,400
00,173677,104704,0,2295,2566,376,427
00,173700,041104,0,2235,2248,359,362
00,173700,041704,0,2381,2394,381,384
00,173701,004104,0,2235,2248,359,362
00,173701,104704,0,2292,2305,368,371
00,173702,003104,0,2235,2248,359,362
00,173702,103704,0,2292,2305,368,371
00,173703,146104,0,2475,2488,399,402
00,173703,046704,0,2638,2651,426,429
00,173704,041104,0,2235,2248,359,362
00,173704,041704,0,2381,2394,381,384
00,173705,004104,0,2235,2248,359,362
00,173705,104704,0,2292,2305,368,371
00,173706,003104,0,1875,1888,296,299
00,173706,103704,0,1878,1891,297,300
00,173707,003104,0,1875,1888,296,299
00,173707,103704,0,1878,1891,297,300
00,173710,003104,0,2141,2240,348,367
00,173710,103704,0,2200,2385,359,394
00,173711,146104,0,2230,2329,361,380
00,173711,046704,0,2289,2474,372,407
00,173712,041104,0,2141,2240,348,367
00,173712,041704,0,2289,2474,372,407
00,173713,004104,0,2141,2240,348,367
00,173713,104704,0,2200,2385,359,394
00,173714,003104,0,2141,2240,348,367
00,173714,103704,0,2200,2385,359,394
00,173715,146104,0,2230,2329,361,380
00,173715,046704,0,2289,2474,372,407
00,173716,041104,0,2141,2240,348,367
00,173716,041704,0,2289,2474,372,407
00,173717,041104,0,2141,2240,348,367
00,173717,041704,0,2289,2474,372,407
00,173720,041104,0,2260,2359,371,390
00,173720,041704,0,2408,2593,395,430
00,173721,004104,0,2260,2359,371,390
00,173721,104704,0,2319,2504,382,417
00,173722,003104,0,2260,2359,371,390
00,173722,103704,0,2319,2504,382,417
00,173723,146104,0,2349,2448,384,403
00,173723,046704,0,2408,2593,395,430
00,173724,041104,0,2260,2359,371,390
00,173724,041704,0,2408,2593,395,430
00,173725,004104,0,2260,2359,371,390
00,173725,104704,0,2319,2504,382,417
00,173726,003104,0,2260,2359,371,390
00,173726,103704,0,2319,2504,382,417
00,173727,003104,0,2201,2257,358,369
00,173727,103704,0,2204,2260,359,370
00,173730,041104,0,2283,2425,375,402
00,173730,041704,0,2431,2659,399,442
00,173731,003104,0,2283,2425,375,402
00,173731,103704,0,2342,2570,386,429
00,173732,041104,0,2283,2425,375,402
00,173732,041704,0,2431,2659,399,442
00,173733,003104,0,2283,2425,375,402
00,173733,103704,0,2342,2570,386,429
00,173734,041104,0,2283,2425,375,402
00,173734,041704,0,2431,2659,399,442
00,173735,003104,0,2283,2425,375,402
00,173735,103704,0,2342,2570,386,429
00,173736,041104,0,2283,2425,375,402
00,173736,041704,0,2431,2659,399,442
00,173737,004104,0,2234,2376,365,392
00,173737,104704,0,2293,2521,376,419
00,173740,003104,0,2260,2359,371,390
00,173740,103704,0,2319,2504,382,417
00,173741,146104,0,2349,2448,384,403
00,173741,046704,0,2408,2593,395,430
00,173742,041104,0,2260,2359,371,390
00,173742,041704,0,2408,2593,395,430
00,173743,004104,0,2260,2359,371,390
00,173743,104704,0,2319,2504,382,417
00,173744,003104,0,2260,2359,371,390
00,173744,103704,0,2319,2504,382,417
00,173745,146104,0,2349,2448,384,403
00,173745,046704,0,2408,2593,395,430
00,173746,041104,0,2260,2359,371,390
00,173746,041704,0,2408,2593,395,430
00,173747,041104,0,2211,2310,361,380
00,173747,041704,0,2359,2544,385,420
00,173750,041104,0,2283,2425,375,402
00,173750,041704,0,2431,2659,399,442
00,173751,003104,0,2283,2425,375,402
00,173751,103704,0,2342,2570,386,429
00,173752,041104,0,2283,2425,375,402
00,173752,041704,0,2431,2659,399,442
00,173753,003104,0,2283,2425,375,402
00,173753,103704,0,2342,2570,386,429
00,173754,041104,0,2283,2425,375,402
00,173754,041704,0,2431,2659,399,442
00,173755,003104,0,2283,2425,375,402
00,173755,103704,0,2342,2570,386,429
00,173756,041104,0,2283,2425,375,402
00,173756,041704,0,2431,2659,399,442
00,173757,004104,0,1981,2074,321,338
00,173757,104704,0,1984,2077,322,339
00,173760,003104,0,2228,2370,362,389
00,173760,103704,0,2287,2515,373,416
00,173761,041104,0,2228,2370,362,389
00,173761,041704,0,2376,2604,386,429
00,173762,003104,0,2228,2370,362,389
00,173762,103704,0,2287,2515,373,416
00,173763,041104,0,2228,2370,362,389
00,173763,041704,0,2376,2604,386,429
00,173764,003104,0,2228,2370,362,389
00,173764,103704,0,2287,2515,373,416
00,173765,041104,0,2228,2370,362,389
00,173765,041704,0,2376,2604,386,429
00,173766,003104,0,2228,2370,362,389
00,173766,103704,0,2287,2515,373,416
00,173767,146104,0,2317,2459,375,402
00,173767,046704,0,2376,2604,386,429
00,173770,004104,0,2236,2421,365,400
00,173770,104704,0,2295,2566,376,427
00,173771,041104,0,2236,2421,365,400
00,173771,041704,0,2384,2655,389,440
00,173772,146104,0,2325,2510,378,413
00,173772,046704,0,2384,2655,389,440
00,173773,003104,0,2236,2421,365,400
00,173773,103704,0,2295,2566,376,427
00,173774,004104,0,2236,2421,365,400
00,173774,104704,0,2295,2566,376,427
00,173775,041104,0,2236,2421,365,400
00,173775,041704,0,2384,2655,389,440
00,173776,146104,0,2325,2510,378,413
00,173776,046704,0,2384,2655,389,440
00,173777,004104,0,2236,2421,365,400
00,173777,104704,0,2295,2566,376,427
00,172000,040104,0,3523,3536,570,573
00,172000,040704,0,3722,3735,601,604
00,172001,004104,0,4538,4551,836,839
00,172001,104704,0,4710,4723,862,865
00,172002,000104,0,4511,4524,831,834
00,172002,100704,0,4737,4750,867,870
00,172003,144104,0,4538,4551,836,839
00,172003,044704,0,4710,4723,862,865
00,172004,040104,0,4511,4524,831,834
00,172004,040704,0,4737,4750,867,870
00,172005,004104,0,4538,4551,836,839
00,172005,104704,0,4710,4723,862,865
00,172006,000104,0,1947,1960,305,308
00,172006,100704,0,1950,1963,306,309
00,172007,000104,0,1947,1960,305,308
00,172007,100704,0,1950,1963,306,309
00,172010,000104,0,4417,4516,820,839
00,172010,100704,0,4645,4830,858,893
00,172011,144104,0,4444,4543,825,844
00,172011,044704,0,4618,4803,853,888
00,172012,040104,0,4417,4516,820,839
00,172012,040704,0,4645,4830,858,893
00,172013,004104,0,4444,4543,825,844
00,172013,104704,0,4618,4803,853,888
00,172014,000104,0,4417,4516,820,839
00,172014,100704,0,4645,4830,858,893
00,172015,144104,0,4444,4543,825,844
00,172015,044704,0,4618,4803,853,888
00,172016,040104,0,4417,4516,820,839
00,172016,040704,0,4645,4830,858,893
00,172017,040104,0,4417,4516,820,839
00,172017,040704,0,4645,4830,858,893
00,172020,040104,0,4536,4635,843,862
00,172020,040704,0,4764,4949,881,916
00,172021,004104,0,4563,4662,848,867
00,172021,104704,0,4737,4922,876,911
00,172022,000104,0,4536,4635,843,862
00,172022,100704,0,4764,4949,881,916
00,172023,144104,0,4563,4662,848,867
00,172023,044704,0,4737,4922,876,911
00,172024,040104,0,4536,4635,843,862
00,172024,040704,0,4764,4949,881,916
00,172025,004104,0,4563,4662,848,867
00,172025,104704,0,4737,4922,876,911
00,172026,000104,0,4536,4635,843,862
00,172026,100704,0,4764,4949,881,916
00,172027,000104,0,4477,4533,830,841
00,172027,100704,0,4649,4705,858,869
00,172030,040104,0,4559,4701,847,874
00,172030,040704,0,4787,5015,885,928
00,172031,000104,0,4559,4701,847,874
00,172031,100704,0,4787,5015,885,928
00,172032,040104,0,4559,4701,847,874
00,172032,040704,0,4787,5015,885,928
00,172033,000104,0,4559,4701,847,874
00,172033,100704,0,4787,5015,885,928
00,172034,040104,0,4559,4701,847,874
00,172034,040704,0,4787,5015,885,928
00,172035,000104,0,4559,4701,847,874
00,172035,100704,0,4787,5015,885,928
00,172036,040104,0,4559,4701,847,874
00,172036,040704,0,4787,5015,885,928
00,172037,004104,0,4537,4679,842,869
00,172037,104704,0,4711,4939,870,913
00,172040,000104,0,4536,4635,843,862
00,172040,100704,0,4764,4949,881,916
00,172041,144104,0,4563,4662,848,867
00,172041,044704,0,4737,4922,876,911
00,172042,040104,0,4536,4635,843,862
00,172042,040704,0,4764,4949,881,916
00,172043,004104,0,4563,4662,848,867
00,172043,104704,0,4737,4922,876,911
00,172044,000104,0,4536,4635,843,862
00,172044,100704,0,4764,4949,881,916
00,172045,144104,0,4563,4662,848,867
00,172045,044704,0,4737,4922,876,911
00,172046,040104,0,4536,4635,843,862
00,172046,040704,0,4764,4949,881,916
00,172047,040104,0,4487,4586,833,852
00,172047,040704,0,4715,4900,871,906
00,172050,040104,0,4559,4701,847,874
00,172050,040704,0,4787,5015,885,928
00,172051,000104,0,4559,4701,847,874
00,172051,100704,0,4787,5015,885,928
00,172052,040104,0,4559,4701,847,874
00,172052,040704,0,4787,5015,885,928
00,172053,000104,0,4559,4701,847,874
00,172053,100704,0,4787,5015,885,928
00,172054,040104,0,4559,4701,847,874
00,172054,040704,0,4787,5015,885,928
00,172055,000104,0,4559,4701,847,874
00,172055,100704,0,4787,5015,885,928
00,172056,040104,0,4559,4701,847,874
00,172056,040704,0,4787,5015,885,928
00,172057,004104,0,2053,2146,330,347
00,172057,104704,0,2056,2149,331,348
00,172060,000104,0,4504,4646,834,861
00,172060,100704,0,4732,4960,872,915
00,172061,040104,0,4504,4646,834,861
00,172061,040704,0,4732,4960,872,915
00,172062,000104,0,4504,4646,834,861
00,172062,100704,0,4732,4960,872,915
00,172063,040104,0,4504,4646,834,861
00,172063,040704,0,4732,4960,872,915
00,172064,000104,0,4504,4646,834,861
00,172064,100704,0,4732,4960,872,915
00,172065,040104,0,4504,4646,834,861
00,172065,040704,0,4732,4960,872,915
00,172066,000104,0,4504,4646,834,861
00,172066,100704,0,4732,4960,872,915
00,172067,144104,0,4531,4673,839,866
00,172067,044704,0,4705,4933,867,910
00,172070,004104,0,4539,4724,842,877
00,172070,104704,0,4713,4984,870,921
00,172071,040104,0,4512,4697,837,872
00,172071,040704,0,4740,5011,875,926
00,172072,144104,0,4539,4724,842,877
00,172072,044704,0,4713,4984,870,921
00,172073,000104,0,4512,4697,837,872
00,172073,100704,0,4740,5011,875,926
00,172074,004104,0,4539,4724,842,877
00,172074,104704,0,4713,4984,870,921
00,172075,040104,0,4512,4697,837,872
00,172075,040704,0,4740,5011,875,926
00,172076,144104,0,4539,4724,842,877
00,172076,044704,0,4713,4984,870,921
00,172077,004104,0,4539,4724,842,877
00,172077,104704,0,4713,4984,870,921
00,172100,040104,0,4511,4524,831,834
00,172100,040704,0,4710,4723,862,865
00,172101,004104,0,3523,3536,570,573
00,172101,104704,0,3722,3735,601,604
00,172102,000104,0,4538,4551,836,839
00,172102,100704,0,4710,4723,862,865
00,172103,144104,0,4538,4551,836,839
00,172103,044704,0,4710,4723,862,865
00,172104,040104,0,4511,4524,831,834
00,172104,040704,0,4710,4723,862,865
00,172105,004104,0,4511,4524,831,834
00,172105,104704,0,4737,4750,867,870
00,172106,000104,0,1947,1960,305,308
00,172106,100704,0,1950,1963,306,309
00,172107,000104,0,1947,1960,305,308
00,172107,100704,0,1950,1963,306,309
00,172110,000104,0,4444,4543,825,844
00,172110,100704,0,4618,4803,853,888
00,172111,144104,0,4444,4543,825,844
00,172111,044704,0,4618,4803,853,888
00,172112,040104,0,4417,4516,820,839
00,172112,040704,0,4618,4803,853,888
00,172113,004104,0,4417,4516,820,839
00,172113,104704,0,4645,4830,858,893
00,172114,000104,0,4444,4543,825,844
00,172114,100704,0,4618,4803,853,888
00,172115,144104,0,4444,4543,825,844
00,172115,044704,0,4618,4803,853,888
00,172116,040104,0,4417,4516,820,839
00,172116,040704,0,4618,4803,853,888
00,172117,040104,0,4417,4516,820,839
00,172117,040704,0,4618,4803,853,888
00,172120,040104,0,4536,4635,843,862
00,172120,040704,0,4737,4922,876,911
00,172121,004104,0,4536,4635,843,862
00,172121,104704,0,4764,4949,881,916
00,172122,000104,0,4563,4662,848,867
00,172122,100704,0,4737,4922,876,911
00,172123,144104,0,4563,4662,848,867
00,172123,044704,0,4737,4922,876,911
00,172124,040104,0,4536,4635,843,862
00,172124,040704,0,4737,4922,876,911
00,172125,004104,0,4536,4635,843,862
00,172125,104704,0,4764,4949,881,916
00,172126,000104,0,4563,4662,848,867
00,172126,100704,0,4737,4922,876,911
00,172127,000104,0,4504,4560,835,846
00,172127,100704,0,4622,4678,853,864
00,172130,040104,0,4559,4701,847,874
00,172130,040704,0,4760,4988,880,923
00,172131,000104,0,4586,4728,852,879
00,172131,100704,0,4760,4988,880,923
00,172132,040104,0,4559,4701,847,874
00,172132,040704,0,4760,4988,880,923
00,172133,000104,0,4586,4728,852,879
00,172133,100704,0,4760,4988,880,923
00,172134,040104,0,4559,4701,847,874
00,172134,040704,0,4760,4988,880,923
00,172135,000104,0,4586,4728,852,879
00,172135,100704,0,4760,4988,880,923
00,172136,040104,0,4559,4701,847,874
00,172136,040704,0,4760,4988,880,923
00,172137,004104,0,4510,4652,837,864
00,172137,104704,0,4738,4966,875,918
00,172140,000104,0,4563,4662,848,867
00,172140,100704,0,4737,4922,876,911
00,172141,144104,0,4563,4662,848,867
00,172141,044704,0,4737,4922,876,911
00,172142,040104,0,4536,4635,843,862
00,172142,040704,0,4737,4922,876,911
00,172143,004104,0,4536,4635,843,862
00,172143,104704,0,4764,4949,881,916
00,172144,000104,0,4563,4662,848,867
00,172144,100704,0,4737,4922,876,911
00,172145,144104,0,4563,4662,848,867
00,172145,044704,0,4737,4922,876,911
00,172146,040104,0,4536,4635,843,862
00,172146,040704,0,4737,4922,876,911
00,172147,040104,0,4487,4586,833,852
00,172147,040704,0,4688,4873,866,901
00,172150,040104,0,4559,4701,847,874
00,172150,040704,0,4760,4988,880,923
00,172151,000104,0,4586,4728,852,879
00,172151,100704,0,4760,4988,880,923
00,172152,040104,0,4559,4701,847,874
00,172152,040704,0,4760,4988,880,923
00,172153,000104,0,4586,4728,852,879
00,172153,100704,0,4760,4988,880,923
00,172154,040104,0,4559,4701,847,874
00,172154,040704,0,4760,4988,880,923
00,172155,000104,0,4586,4728,852,879
00,172155,100704,0,4760,4988,880,923
00,172156,040104,0,4559,4701,847,874
00,172156,040704,0,4760,4988,880,923
00,172157,004104,0,2053,2146,330,347
00,172157,104704,0,2056,2149,331,348
00,172160,000104,0,4531,4673,839,866
00,172160,100704,0,4705,4933,867,910
00,172161,040104,0,4504,4646,834,861
00,172161,040704,0,4705,4933,867,910
00,172162,000104,0,4531,4673,839,866
00,172162,100704,0,4705,4933,867,910
00,172163,040104,0,4504,4646,834,861
00,172163,040704,0,4705,4933,867,910
00,172164,000104,0,4531,4673,839,866
00,172164,100704,0,4705,4933,867,910
00,172165,040104,0,4504,4646,834,861
00,172165,040704,0,4705,4933,867,910
00,172166,000104,0,4531,4673,839,866
00,172166,100704,0,4705,4933,867,910
00,172167,144104,0,4531,4673,839,866
00,172167,044704,0,4705,4933,867,910
00,172170,004104,0,4512,4697,837,872
00,172170,104704,0,4740,5011,875,926
00,172171,040104,0,4512,4697,837,872
00,172171,040704,0,4713,4984,870,921
00,172172,144104,0,4539,4724,842,877
00,172172,044704,0,4713,4984,870,921
00,172173,000104,0,4539,4724,842,877
00,172173,100704,0,4713,4984,870,921
00,172174,004104,0,4512,4697,837,872
00,172174,104704,0,4740,5011,875,926
00,172175,040104,0,4512,4697,837,872
00,172175,040704,0,4713,4984,870,921
00,172176,144104,0,4539,4724,842,877
00,172176,044704,0,4713,4984,870,921
00,172177,004104,0,4512,4697,837,872
00,172177,104704,0,4740,5011,875,926
00,172200,040104,0,4538,4551,836,839
00,172200,040704,0,4737,4750,867,870
00,172201,004104,0,4538,4551,836,839
00,172201,104704,0,4737,4750,867,870
00,172202,000104,0,3523,3536,570,573
00,172202,100704,0,3722,3735,601,604
00,172203,144104,0,4511,4524,831,834
00,172203,044704,0,4710,4723,862,865
00,172204,040104,0,4538,4551,836,839
00,172204,040704,0,4737,4750,867,870
00,172205,004104,0,4538,4551,836,839
00,172205,104704,0,4737,4750,867,870
00,172206,000104,0,1947,1960,305,308
00,172206,100704,0,1950,1963,306,309
00,172207,000104,0,1947,1960,305,308
00,172207,100704,0,1950,1963,306,309
00,172210,000104,0,4417,4516,820,839
00,172210,100704,0,4645,4830,858,893
00,172211,144104,0,4417,4516,820,839
00,172211,044704,0,4618,4803,853,888
00,172212,040104,0,4444,4543,825,844
00,172212,040704,0,4645,4830,858,893
00,172213,004104,0,4444,4543,825,844
00,172213,104704,0,4645,4830,858,893
00,172214,000104,0,4417,4516,820,839
00,172214,100704,0,4645,4830,858,893
00,172215,144104,0,4417,4516,820,839
00,172215,044704,0,4618,4803,853,888
00,172216,040104,0,4444,4543,825,844
00,172216,040704,0,4645,4830,858,893
00,172217,040104,0,4444,4543,825,844
00,172217,040704,0,4645,4830,858,893
00,172220,040104,0,4563,4662,848,867
00,172220,040704,0,4764,4949,881,916
00,172221,004104,0,4563,4662,848,867
00,172221,104704,0,4764,4949,881,916
00,172222,000104,0,4536,4635,843,862
00,172222,100704,0,4764,4949,881,916
00,172223,144104,0,4536,4635,843,862
00,172223,044704,0,4737,4922,876,911
00,172224,040104,0,4563,4662,848,867
00,172224,040704,0,4764,4949,881,916
00,172225,004104,0,4563,4662,848,867
00,172225,104704,0,4764,4949,881,916
00,172226,000104,0,4536,4635,843,862
00,172226,100704,0,4764,4949,881,916
00,172227,000104,0,4477,4533,830,841
00,172227,100704,0,4649,4705,858,869
00,172230,040104,0,4586,4728,852,879
00,172230,040704,0,4787,5015,885,928
00,172231,000104,0,4559,4701,847,874
00,172231,100704,0,4787,5015,885,928
00,172232,040104,0,4586,4728,852,879
00,172232,040704,0,4787,5015,885,928
00,172233,000104,0,4559,4701,847,874
00,172233,100704,0,4787,5015,885,928
00,172234,040104,0,4586,4728,852,879
00,172234,040704,0,4787,5015,885,928
00,172235,000104,0,4559,4701,847,874
00,172235,100704,0,4787,5015,885,928
00,172236,040104,0,4586,4728,852,879
00,172236,040704,0,4787,5015,885,928
00,172237,004104,0,4537,4679,842,869
00,172237,104704,0,4738,4966,875,918
00,172240,000104,0,4536,4635,843,862
00,172240,100704,0,4764,4949,881,916
00,172241,144104,0,4536,4635,843,862
00,172241,044704,0,4737,4922,876,911
00,172242,040104,0,4563,4662,848,867
00,172242,040704,0,4764,4949,881,916
00,172243,004104,0,4563,4662,848,867
00,172243,104704,0,4764,4949,881,916
00,172244,000104,0,4536,4635,843,862
00,172244,100704,0,4764,4949,881,916
00,172245,144104,0,4536,4635,843,862
00,172245,044704,0,4737,4922,876,911
00,172246,040104,0,4563,4662,848,867
00,172246,040704,0,4764,4949,881,916
00,172247,040104,0,4514,4613,838,857
00,172247,040704,0,4715,4900,871,906
00,172250,040104,0,4586,4728,852,879
00,172250,040704,0,4787,5015,885,928
00,172251,000104,0,4559,4701,847,874
00,172251,100704,0,4787,5015,885,928
00,172252,040104,0,4586,4728,852,879
00,172252,040704,0,4787,5015,885,928
00,172253,000104,0,4559,4701,847,874
00,172253,100704,0,4787,5015,885,928
00,172254,040104,0,4586,4728,852,879
00,172254,040704,0,4787,5015,885,928
00,172255,000104,0,4559,4701,847,874
00,172255,100704,0,4787,5015,885,928
00,172256,040104,0,4586,4728,852,879
00,172256,040704,0,4787,5015,885,928
00,172257,004104,0,2053,2146,330,347
00,172257,104704,0,2056,2149,331,348
00,172260,000104,0,4504,4646,834,861
00,172260,100704,0,4732,4960,872,915
00,172261,040104,0,4531,4673,839,866
00,172261,040704,0,4732,4960,872,915
00,172262,000104,0,4504,4646,834,861
00,172262,100704,0,4732,4960,872,915
00,172263,040104,0,4531,4673,839,866
00,172263,040704,0,4732,4960,872,915
00,172264,000104,0,4504,4646,834,861
00,172264,100704,0,4732,4960,872,915
00,172265,040104,0,4531,4673,839,866
00,172265,040704,0,4732,4960,872,915
00,172266,000104,0,4504,4646,834,861
00,172266,100704,0,4732,4960,872,915
00,172267,144104,0,4504,4646,834,861
00,172267,044704,0,4705,4933,867,910
00,172270,004104,0,4539,4724,842,877
00,172270,104704,0,4740,5011,875,926
00,172271,040104,0,4539,4724,842,877
00,172271,040704,0,4740,5011,875,926
00,172272,144104,0,4512,4697,837,872
00,172272,044704,0,4713,4984,870,921
00,172273,000104,0,4512,4697,837,872
00,172273,100704,0,4740,5011,875,926
00,172274,004104,0,4539,4724,842,877
00,172274,104704,0,4740,5011,875,926
00,172275,040104,0,4539,4724,842,877
00,172275,040704,0,4740,5011,875,926
00,172276,144104,0,4512,4697,837,872
00,172276,044704,0,4713,4984,870,921
00,172277,004104,0,4539,4724,842,877
00,172277,104704,0,4740,5011,875,926
00,172300,040104,0,4538,4551,836,839
00,172300,040704,0,4710,4723,862,865
00,172301,004104,0,4538,4551,836,839
00,172301,104704,0,4737,4750,867,870
00,172302,000104,0,4538,4551,836,839
00,172302,100704,0,4737,4750,867,870
00,172303,144104,0,3523,3536,570,573
00,172303,044704,0,3722,3735,601,604
00,172304,040104,0,4538,4551,836,839
00,172304,040704,0,4710,4723,862,865
00,172305,004104,0,4538,4551,836,839
00,172305,104704,0,4737,4750,867,870
00,172306,000104,0,1947,1960,305,308
00,172306,100704,0,1950,1963,306,309
00,172307,000104,0,1947,1960,305,308
00,172307,100704,0,1950,1963,306,309
00,172310,000104,0,4444,4543,825,844
00,172310,100704,0,4645,4830,858,893
00,172311,144104,0,4417,4516,820,839
00,172311,044704,0,4618,4803,853,888
00,172312,040104,0,4444,4543,825,844
00,172312,040704,0,4618,4803,853,888
00,172313,004104,0,4444,4543,825,844
00,172313,104704,0,4645,4830,858,893
00,172314,000104,0,4444,4543,825,844
00,172314,100704,0,4645,4830,858,893
00,172315,144104,0,4417,4516,820,839
00,172315,044704,0,4618,4803,853,888
00,172316,040104,0,4444,4543,825,844
00,172316,040704,0,4618,4803,853,888
00,172317,040104,0,4444,4543,825,844
00,172317,040704,0,4618,4803,853,888
00,172320,040104,0,4563,4662,848,867
00,172320,040704,0,4737,4922,876,911
00,172321,004104,0,4563,4662,848,867
00,172321,104704,0,4764,4949,881,916
00,172322,000104,0,4563,4662,848,867
00,172322,100704,0,4764,4949,881,916
00,172323,144104,0,4536,4635,843,862
00,172323,044704,0,4737,4922,876,911
00,172324,040104,0,4563,4662,848,867
00,172324,040704,0,4737,4922,876,911
00,172325,004104,0,4563,4662,848,867
00,172325,104704,0,4764,4949,881,916
00,172326,000104,0,4563,4662,848,867
00,172326,100704,0,4764,4949,881,916
00,172327,000104,0,4504,4560,835,846
00,172327,100704,0,4649,4705,858,869
00,172330,040104,0,4586,4728,852,879
00,172330,040704,0,4760,4988,880,923
00,172331,000104,0,4586,4728,852,879
00,172331,100704,0,4787,5015,885,928
00,172332,040104,0,4586,4728,852,879
00,172332,040704,0,4760,4988,880,923
00,172333,000104,0,4586,4728,852,879
00,172333,100704,0,4787,5015,885,928
00,172334,040104,0,4586,4728,852,879
00,172334,040704,0,4760,4988,880,923
00,172335,000104,0,4586,4728,852,879
00,172335,100704,0,4787,5015,885,928
00,172336,040104,0,4586,4728,852,879
00,172336,040704,0,4760,4988,880,923
00,172337,004104,0,4537,4679,842,869
00,172337,104704,0,4738,4966,875,918
00,172340,000104,0,4563,4662,848,867
00,172340,100704,0,4764,4949,881,916
00,172341,144104,0,4536,4635,843,862
00,172341,044704,0,4737,4922,876,911
00,172342,040104,0,4563,4662,848,867
00,172342,040704,0,4737,4922,876,911
00,172343,004104,0,4563,4662,848,867
00,172343,104704,0,4764,4949,881,916
00,172344,000104,0,4563,4662,848,867
00,172344,100704,0,4764,4949,881,916
00,172345,144104,0,4536,4635,843,862
00,172345,044704,0,4737,4922,876,911
00,172346,040104,0,4563,4662,848,867
00,172346,040704,0,4737,4922,876,911
00,172347,040104,0,4514,4613,838,857
00,172347,040704,0,4688,4873,866,901
00,172350,040104,0,4586,4728,852,879
00,172350,040704,0,4760,4988,880,923
00,172351,000104,0,4586,4728,852,879
00,172351,100704,0,4787,5015,885,928
00,172352,040104,0,4586,4728,852,879
00,172352,040704,0,4760,4988,880,923
00,172353,000104,0,4586,4728,852,879
00,172353,100704,0,4787,5015,885,928
00,172354,040104,0,4586,4728,852,879
00,172354,040704,0,4760,4988,880,923
00,172355,000104,0,4586,4728,852,879
00,172355,100704,0,4787,5015,885,928
00,172356,040104,0,4586,4728,852,879
00,172356,040704,0,4760,4988,880,923
00,172357,004104,0,2053,2146,330,347
00,172357,104704,0,2056,2149,331,348
00,172360,000104,0,4531,4673,839,866
00,172360,100704,0,4732,4960,872,915
00,172361,040104,0,4531,4673,839,866
00,172361,040704,0,4705,4933,867,910
00,172362,000104,0,4531,4673,839,866
00,172362,100704,0,4732,4960,872,915
00,172363,040104,0,4531,4673,839,866
00,172363,040704,0,4705,4933,867,910
00,172364,000104,0,4531,4673,839,866
00,172364,100704,0,4732,4960,872,915
00,172365,040104,0,4531,4673,839,866
00,172365,040704,0,4705,4933,867,910
00,172366,000104,0,4531,4673,839,866
00,172366,100704,0,4732,4960,872,915
00,172367,144104,0,4504,4646,834,861
00,172367,044704,0,4705,4933,867,910
00,172370,004104,0,4539,4724,842,877
00,172370,104704,0,4740,5011,875,926
00,172371,040104,0,4539,4724,842,877
00,172371,040704,0,4713,4984,870,921
00,172372,144104,0,4512,4697,837,872
00,172372,044704,0,4713,4984,870,921
00,172373,000104,0,4539,4724,842,877
00,172373,100704,0,4740,5011,875,926
00,172374,004104,0,4539,4724,842,877
00,172374,104704,0,4740,5011,875,926
00,172375,040104,0,4539,4724,842,877
00,172375,040704,0,4713,4984,870,921
00,172376,144104,0,4512,4697,837,872
00,172376,044704,0,4713,4984,870,921
00,172377,004104,0,4539,4724,842,877
00,172377,104704,0,4740,5011,875,926
00,173000,040104,0,3587,3600,580,583
00,173000,040704,0,3786,3799,611,614
00,173001,004104,0,4602,4615,846,849
00,173001,104704,0,4774,4787,872,875
00,173002,000104,0,4575,4588,841,844
00,173002,100704,0,4801,4814,877,880
00,173003,144104,0,4602,4615,846,849
00,173003,044704,0,4774,4787,872,875
00,173004,040104,0,4575,4588,841,844
00,173004,040704,0,4801,4814,877,880
00,173005,004104,0,4602,4615,846,849
00,173005,104704,0,4774,4787,872,875
00,173006,000104,0,1971,1984,308,311
00,173006,100704,0,1974,1987,309,312
00,173007,000104,0,1971,1984,308,311
00,173007,100704,0,1974,1987,309,312
00,173010,000104,0,4481,4580,830,849
00,173010,100704,0,4709,4894,868,903
00,173011,144104,0,4508,4607,835,854
00,173011,044704,0,4682,4867,863,898
00,173012,040104,0,4481,4580,830,849
00,173012,040704,0,4709,4894,868,903
00,173013,004104,0,4508,4607,835,854
00,173013,104704,0,4682,4867,863,898
00,173014,000104,0,4481,4580,830,849
00,173014,100704,0,4709,4894,868,903
00,173015,144104,0,4508,4607,835,854
00,173015,044704,0,4682,4867,863,898
00,173016,040104,0,4481,4580,830,849
00,173016,040704,0,4709,4894,868,903
00,173017,040104,0,4481,4580,830,849
00,173017,040704,0,4709,4894,868,903
00,173020,040104,0,4600,4699,853,872
00,173020,040704,0,4828,5013,891,926
00,173021,004104,0,4627,4726,858,877
00,173021,104704,0,4801,4986,886,921
00,173022,000104,0,4600,4699,853,872
00,173022,100704,0,4828,5013,891,926
00,173023,144104,0,4627,4726,858,877
00,173023,044704,0,4801,4986,886,921
00,173024,040104,0,4600,4699,853,872
00,173024,040704,0,4828,5013,891,926
00,173025,004104,0,4627,4726,858,877
00,173025,104704,0,4801,4986,886,921
00,173026,000104,0,4600,4699,853,872
00,173026,100704,0,4828,5013,891,926
00,173027,000104,0,4541,4597,840,851
00,173027,100704,0,4713,4769,868,879
00,173030,040104,0,4623,4765,857,884
00,173030,040704,0,4851,5079,895,938
00,173031,000104,0,4623,4765,857,884
00,173031,100704,0,4851,5079,895,938
00,173032,040104,0,4623,4765,857,884
00,173032,040704,0,4851,5079,895,938
00,173033,000104,0,4623,4765,857,884
00,173033,100704,0,4851,5079,895,938
00,173034,040104,0,4623,4765,857,884
00,173034,040704,0,4851,5079,895,938
00,173035,000104,0,4623,4765,857,884
00,173035,100704,0,4851,5079,895,938
00,173036,040104,0,4623,4765,857,884
00,173036,040704,0,4851,5079,895,938
00,173037,004104,0,4601,4743,852,879
00,173037,104704,0,4775,5003,880,923
00,173040,000104,0,4600,4699,853,872
00,173040,100704,0,4828,5013,891,926
00,173041,144104,0,4627,4726,858,877
00,173041,044704,0,4801,4986,886,921
00,173042,040104,0,4600,4699,853,872
00,173042,040704,0,4828,5013,891,926
00,173043,004104,0,4627,4726,858,877
00,173043,104704,0,4801,4986,886,921
00,173044,000104,0,4600,4699,853,872
00,173044,100704,0,4828,5013,891,926
00,173045,144104,0,4627,4726,858,877
00,173045,044704,0,4801,4986,886,921
00,173046,040104,0,4600,4699,853,872
00,173046,040704,0,4828,5013,891,926
00,173047,040104,0,4551,4650,843,862
00,173047,040704,0,4779,4964,881,916
00,173050,040104,0,4623,4765,857,884
00,173050,040704,0,4851,5079,895,938
00,173051,000104,0,4623,4765,857,884
00,173051,100704,0,4851,5079,895,938
00,173052,040104,0,4623,4765,857,884
00,173052,040704,0,4851,5079,895,938
00,173053,000104,0,4623,4765,857,884
00,173053,100704,0,4851,5079,895,938
00,173054,040104,0,4623,4765,857,884
00,173054,040704,0,4851,5079,895,938
00,173055,000104,0,4623,4765,857,884
00,173055,100704,0,4851,5079,895,938
00,173056,040104,0,4623,4765,857,884
00,173056,040704,0,4851,5079,895,938
00,173057,004104,0,2077,2170,333,350
00,173057,104704,0,2080,2173,334,351
00,173060,000104,0,4568,4710,844,871
00,173060,100704,0,4796,5024,882,925
00,173061,040104,0,4568,4710,844,871
00,173061,040704,0,4796,5024,882,925
00,173062,000104,0,4568,4710,844,871
00,173062,100704,0,4796,5024,882,925
00,173063,040104,0,4568,4710,844,871
00,173063,040704,0,4796,5024,882,925
00,173064,000104,0,4568,4710,844,871
00,173064,100704,0,4796,5024,882,925
00,173065,040104,0,4568,4710,844,871
00,173065,040704,0,4796,5024,882,925
00,173066,000104,0,4568,4710,844,871
00,173066,100704,0,4796,5024,882,925
00,173067,144104,0,4595,4737,849,876
00,173067,044704,0,4769,4997,877,920
00,173070,004104,0,4603,4788,852,887
00,173070,104704,0,4777,5048,880,931
00,173071,040104,0,4576,4761,847,882
00,173071,040704,0,4804,5075,885,936
00,173072,144104,0,4603,4788,852,887
00,173072,044704,0,4777,5048,880,931
00,173073,000104,0,4576,4761,847,882
00,173073,100704,0,4804,5075,885,936
00,173074,004104,0,4603,4788,852,887
00,173074,104704,0,4777,5048,880,931
00,173075,040104,0,4576,4761,847,882
00,173075,040704,0,4804,5075,885,936
00,173076,144104,0,4603,4788,852,887
00,173076,044704,0,4777,5048,880,931
00,173077,004104,0,4603,4788,852,887
00,173077,104704,0,4777,5048,880,931
00,173100,040104,0,4575,4588,841,844
00,173100,040704,0,4774,4787,872,875
00,173101,004104,0,3587,3600,580,583
00,173101,104704,0,3786,3799,611,614
00,173102,000104,0,4602,4615,846,849
00,173102,100704,0,4774,4787,872,875
00,173103,144104,0,4602,4615,846,849
00,173103,044704,0,4774,4787,872,875
00,173104,040104,0,4575,4588,841,844
00,173104,040704,0,4774,4787,872,875
00,173105,004104,0,4575,4588,841,844
00,173105,104704,0,4801,4814,877,880
00,173106,000104,0,1971,1984,308,311
00,173106,100704,0,1974,1987,309,312
00,173107,000104,0,1971,1984,308,311
00,173107,100704,0,1974,1987,309,312
00,173110,000104,0,4508,4607,835,854
00,173110,100704,0,4682,4867,863,898
00,173111,144104,0,4508,4607,835,854
00,173111,044704,0,4682,4867,863,898
00,173112,040104,0,4481,4580,830,849
00,173112,040704,0,4682,4867,863,898
00,173113,004104,0,4481,4580,830,849
00,173113,104704,0,4709,4894,868,903
00,173114,000104,0,4508,4607,835,854
00,173114,100704,0,4682,4867,863,898
00,173115,144104,0,4508,4607,835,854
00,173115,044704,0,4682,4867,863,898
00,173116,040104,0,4481,4580,830,849
00,173116,040704,0,4682,4867,863,898
00,173117,040104,0,4481,4580,830,849
00,173117,040704,0,4682,4867,863,898
00,173120,040104,0,4600,4699,853,872
00,173120,040704,0,4801,4986,886,921
00,173121,004104,0,4600,4699,853,872
00,173121,104704,0,4828,5013,891,926
00,173122,000104,0,4627,4726,858,877
00,173122,100704,0,4801,4986,886,921
00,173123,144104,0,4627,4726,858,877
00,173123,044704,0,4801,4986,886,921
00,173124,040104,0,4600,4699,853,872
00,173124,040704,0,4801,4986,886,921
00,173125,004104,0,4600,4699,853,872
00,173125,104704,0,4828,5013,891,926
00,173126,000104,0,4627,4726,858,877
00,173126,100704,0,4801,4986,886,921
00,173127,000104,0,4568,4624,845,856
00,173127,100704,0,4686,4742,863,874
00,173130,040104,0,4623,4765,857,884
00,173130,040704,0,4824,5052,890,933
00,173131,000104,0,4650,4792,862,889
00,173131,100704,0,4824,5052,890,933
00,173132,040104,0,4623,4765,857,884
00,173132,040704,0,4824,5052,890,933
00,173133,000104,0,4650,4792,862,889
00,173133,100704,0,4824,5052,890,933
00,173134,040104,0,4623,4765,857,884
00,173134,040704,0,4824,5052,890,933
00,173135,000104,0,4650,4792,862,889
00,173135,100704,0,4824,5052,890,933
00,173136,040104,0,4623,4765,857,884
00,173136,040704,0,4824,5052,890,933
00,173137,004104,0,4574,4716,847,874
00,173137,104704,0,4802,5030,885,928
00,173140,000104,0,4627,4726,858,877
00,173140,100704,0,4801,4986,886,921
00,173141,144104,0,4627,4726,858,877
00,173141,044704,0,4801,4986,886,921
00,173142,040104,0,4600,4699,853,872
00,173142,040704,0,4801,4986,886,921
00,173143,004104,0,4600,4699,853,872
00,173143,104704,0,4828,5013,891,926
00,173144,000104,0,4627,4726,858,877
00,173144,100704,0,4801,4986,886,921
00,173145,144104,0,4627,4726,858,877
00,173145,044704,0,4801,4986,886,921
00,173146,040104,0,4600,4699,853,872
00,173146,040704,0,4801,4986,886,921
00,173147,040104,0,4551,4650,843,862
00,173147,040704,0,4752,4937,876,911
00,173150,040104,0,4623,4765,857,884
00,173150,040704,0,4824,5052,890,933
00,173151,000104,0,4650,4792,862,889
00,173151,100704,0,4824,5052,890,933
00,173152,040104,0,4623,4765,857,884
00,173152,040704,0,4824,5052,890,933
00,173153,000104,0,4650,4792,862,889
00,173153,100704,0,4824,5052,890,933
00,173154,040104,0,4623,4765,857,884
00,173154,040704,0,4824,5052,890,933
00,173155,000104,0,4650,4792,862,889
00,173155,100704,0,4824,5052,890,933
00,173156,040104,0,4623,4765,857,884
00,173156,040704,0,4824,5052,890,933
00,173157,004104,0,2077,2170,333,350
00,173157,104704,0,2080,2173,334,351
00,173160,000104,0,4595,4737,849,876
00,173160,100704,0,4769,4997,877,920
00,173161,040104,0,4568,4710,844,871
00,173161,040704,0,4769,4997,877,920
00,173162,000104,0,4595,4737,849,876
00,173162,100704,0,4769,4997,877,920
00,173163,040104,0,4568,4710,844,871
00,173163,040704,0,4769,4997,877,920
00,173164,000104,0,4595,4737,849,876
00,173164,100704,0,4769,4997,877,920
00,173165,040104,0,4568,4710,844,871
00,173165,040704,0,4769,4997,877,920
00,173166,000104,0,4595,4737,849,876
00,173166,100704,0,4769,4997,877,920
00,173167,144104,0,4595,4737,849,876
00,173167,044704,0,4769,4997,877,920
00,173170,004104,0,4576,4761,847,882
00,173170,104704,0,4804,5075,885,936
00,173171,040104,0,4576,4761,847,882
00,173171,040704,0,4777,5048,880,931
00,173172,144104,0,4603,4788,852,887
00,173172,044704,0,4777,5048,880,931
00,173173,000104,0,4603,4788,852,887
00,173173,100704,0,4777,5048,880,931
00,173174,004104,0,4576,4761,847,882
00,173174,104704,0,4804,5075,885,936
00,173175,040104,0,4576,4761,847,882
00,173175,040704,0,4777,5048,880,931
00,173176,144104,0,4603,4788,852,887
00,173176,044704,0,4777,5048,880,931
00,173177,004104,0,4576,4761,847,882
00,173177,104704,0,4804,5075,885,936
00,173200,040104,0,4602,4615,846,849
00,173200,040704,0,4801,4814,877,880
00,173201,004104,0,4602,4615,846,849
00,173201,104704,0,4801,4814,877,880
00,173202,000104,0,3587,3600,580,583
00,173202,100704,0,3786,3799,611,614
00,173203,144104,0,4575,4588,841,844
00,173203,044704,0,4774,4787,872,875
00,173204,040104,0,4602,4615,846,849
00,173204,040704,0,4801,4814,877,880
00,173205,004104,0,4602,4615,846,849
00,173205,104704,0,4801,4814,877,880
00,173206,000104,0,1971,1984,308,311
00,173206,100704,0,1974,1987,309,312
00,173207,000104,0,1971,1984,308,311
00,173207,100704,0,1974,1987,309,312
00,173210,000104,0,4481,4580,830,849
00,173210,100704,0,4709,4894,868,903
00,173211,144104,0,4481,4580,830,849
00,173211,044704,0,4682,4867,863,898
00,173212,040104,0,4508,4607,835,854
00,173212,040704,0,4709,4894,868,903
00,173213,004104,0,4508,4607,835,854
00,173213,104704,0,4709,4894,868,903
00,173214,000104,0,4481,4580,830,849
00,173214,100704,0,4709,4894,868,903
00,173215,144104,0,4481,4580,830,849
00,173215,044704,0,4682,4867,863,898
00,173216,040104,0,4508,4607,835,854
00,173216,040704,0,4709,4894,868,903
00,173217,040104,0,4508,4607,835,854
00,173217,040704,0,4709,4894,868,903
00,173220,040104,0,4627,4726,858,877
00,173220,040704,0,4828,5013,891,926
00,173221,004104,0,4627,4726,858,877
00,173221,104704,0,4828,5013,891,926
00,173222,000104,0,4600,4699,853,872
00,173222,100704,0,4828,5013,891,926
00,173223,144104,0,4600,4699,853,872
00,173223,044704,0,4801,4986,886,921
00,173224,040104,0,4627,4726,858,877
00,173224,040704,0,4828,5013,891,926
00,173225,004104,0,4627,4726,858,877
00,173225,104704,0,4828,5013,891,926
00,173226,000104,0,4600,4699,853,872
00,173226,100704,0,4828,5013,891,926
00,173227,000104,0,4541,4597,840,851
00,173227,100704,0,4713,4769,868,879
00,173230,040104,0,4650,4792,862,889
00,173230,040704,0,4851,5079,895,938
00,173231,000104,0,4623,4765,857,884
00,173231,100704,0,4851,5079,895,938
00,173232,040104,0,4650,4792,862,889
00,173232,040704,0,4851,5079,895,938
00,173233,000104,0,4623,4765,857,884
00,173233,100704,0,4851,5079,895,938
00,173234,040104,0,4650,4792,862,889
00,173234,040704,0,4851,5079,895,938
00,173235,000104,0,4623,4765,857,884
00,173235,100704,0,4851,5079,895,938
00,173236,040104,0,4650,4792,862,889
00,173236,040704,0,4851,5079,895,938
00,173237,004104,0,4601,4743,852,879
00,173237,104704,0,4802,5030,885,928
00,173240,000104,0,4600,4699,853,872
00,173240,100704,0,4828,5013,891,926
00,173241,144104,0,4600,4699,853,872
00,173241,044704,0,4801,4986,886,921
00,173242,040104,0,4627,4726,858,877
00,173242,040704,0,4828,5013,891,926
00,173243,004104,0,4627,4726,858,877
00,173243,104704,0,4828,5013,891,926
00,173244,000104,0,4600,4699,853,872
00,173244,100704,0,4828,5013,891,926
00,173245,144104,0,4600,4699,853,872
00,173245,044704,0,4801,4986,886,921
00,173246,040104,0,4627,4726,858,877
00,173246,040704,0,4828,5013,891,926
00,173247,040104,0,4578,4677,848,867
00,173247,040704,0,4779,4964,881,916
00,173250,040104,0,4650,4792,862,889
00,173250,040704,0,4851,5079,895,938
00,173251,000104,0,4623,4765,857,884
00,173251,100704,0,4851,5079,895,938
00,173252,040104,0,4650,4792,862,889
00,173252,040704,0,4851,5079,895,938
00,173253,000104,0,4623,4765,857,884
00,173253,100704,0,4851,5079,895,938
00,173254,040104,0,4650,4792,862,889
00,173254,040704,0,4851,5079,895,938
00,173255,000104,0,4623,4765,857,884
00,173255,100704,0,4851,5079,895,938
00,173256,040104,0,4650,4792,862,889
00,173256,040704,0,4851,5079,895,938
00,173257,004104,0,2077,2170,333,350
00,173257,104704,0,2080,2173,334,351
00,173260,000104,0,4568,4710,844,871
00,173260,100704,0,4796,5024,882,925
00,173261,040104,0,4595,4737,849,876
00,173261,040704,0,4796,5024,882,925
00,173262,000104,0,4568,4710,844,871
00,173262,100704,0,4796,5024,882,925
00,173263,040104,0,4595,4737,849,876
00,173263,040704,0,4796,5024,882,925
00,173264,000104,0,4568,4710,844,871
00,173264,100704,0,4796,5024,882,925
00,173265,040104,0,4595,4737,849,876
00,173265,040704,0,4796,5024,882,925
00,173266,000104,0,4568,4710,844,871
00,173266,100704,0,4796,5024,882,925
00,173267,144104,0,4568,4710,844,871
00,173267,044704,0,4769,4997,877,920
00,173270,004104,0,4603,4788,852,887
00,173270,104704,0,4804,5075,885,936
00,173271,040104,0,4603,4788,852,887
00,173271,040704,0,4804,5075,885,936
00,173272,144104,0,4576,4761,847,882
00,173272,044704,0,4777,5048,880,931
00,173273,000104,0,4576,4761,847,882
00,173273,100704,0,4804,5075,885,936
00,173274,004104,0,4603,4788,852,887
00,173274,104704,0,4804,5075,885,936
00,173275,040104,0,4603,4788,852,887
00,173275,040704,0,4804,5075,885,936
00,173276,144104,0,4576,4761,847,882
00,173276,044704,0,4777,5048,880,931
00,173277,004104,0,4603,4788,852,887
00,173277,104704,0,4804,5075,885,936
00,173300,040104,0,4602,4615,846,849
00,173300,040704,0,4774,4787,872,875
00,173301,004104,0,4602,4615,846,849
00,173301,104704,0,4801,4814,877,880
00,173302,000104,0,4602,4615,846,849
00,173302,100704,0,4801,4814,877,880
00,173303,144104,0,3587,3600,580,583
00,173303,044704,0,3786,3799,611,614
00,173304,040104,0,4602,4615,846,849
00,173304,040704,0,4774,4787,872,875
00,173305,004104,0,4602,4615,846,849
00,173305,104704,0,4801,4814,877,880
00,173306,000104,0,1971,1984,308,311
00,173306,100704,0,1974,1987,309,312
00,173307,000104,0,1971,1984,308,311
00,173307,100704,0,1974,1987,309,312
00,173310,000104,0,4508,4607,835,854
00,173310,100704,0,4709,4894,868,903
00,173311,144104,0,4481,4580,830,849
00,173311,044704,0,4682,4867,863,898
00,173312,040104,0,4508,4607,835,854
00,173312,040704,0,4682,4867,863,898
00,173313,004104,0,4508,4607,835,854
00,173313,104704,0,4709,4894,868,903
00,173314,000104,0,4508,4607,835,854
00,173314,100704,0,4709,4894,868,903
00,173315,144104,0,4481,4580,830,849
00,173315,044704,0,4682,4867,863,898
00,173316,040104,0,4508,4607,835,854
00,173316,040704,0,4682,4867,863,898
00,173317,040104,0,4508,4607,835,854
00,173317,040704,0,4682,4867,863,898
00,173320,040104,0,4627,4726,858,877
00,173320,040704,0,4801,4986,886,921
00,173321,004104,0,4627,4726,858,877
00,173321,104704,0,4828,5013,891,926
00,173322,000104,0,4627,4726,858,877
00,173322,100704,0,4828,5013,891,926
00,173323,144104,0,4600,4699,853,872
00,173323,044704,0,4801,4986,886,921
00,173324,040104,0,4627,4726,858,877
00,173324,040704,0,4801,4986,886,921
00,173325,004104,0,4627,4726,858,877
00,173325,104704,0,4828,5013,891,926
00,173326,000104,0,4627,4726,858,877
00,173326,100704,0,4828,5013,891,926
00,173327,000104,0,4568,4624,845,856
00,173327,100704,0,4713,4769,868,879
00,173330,040104,0,4650,4792,862,889
00,173330,040704,0,4824,5052,890,933
00,173331,000104,0,4650,4792,862,889
00,173331,100704,0,4851,5079,895,938
00,173332,040104,0,4650,4792,862,889
00,173332,040704,0,4824,5052,890,933
00,173333,000104,0,4650,4792,862,889
00,173333,100704,0,4851,5079,895,938
00,173334,040104,0,4650,4792,862,889
00,173334,040704,0,4824,5052,890,933
00,173335,000104,0,4650,4792,862,889
00,173335,100704,0,4851,5079,895,938
00,173336,040104,0,4650,4792,862,889
00,173336,040704,0,4824,5052,890,933
00,173337,004104,0,4601,4743,852,879
00,173337,104704,0,4802,5030,885,928
00,173340,000104,0,4627,4726,858,877
00,173340,100704,0,4828,5013,891,926
00,173341,144104,0,4600,4699,853,872
00,173341,044704,0,4801,4986,886,921
00,173342,040104,0,4627,4726,858,877
00,173342,040704,0,4801,4986,886,921
00,173343,004104,0,4627,4726,858,877
00,173343,104704,0,4828,5013,891,926
00,173344,000104,0,4627,4726,858,877
00,173344,100704,0,4828,5013,891,926
00,173345,144104,0,4600,4699,853,872
00,173345,044704,0,4801,4986,886,921
00,173346,040104,0,4627,4726,858,877
00,173346,040704,0,4801,4986,886,921
00,173347,040104,0,4578,4677,848,867
00,173347,040704,0,4752,4937,876,911
00,173350,040104,0,4650,4792,862,889
00,173350,040704,0,4824,5052,890,933
00,173351,000104,0,4650,4792,862,889
00,173351,100704,0,4851,5079,895,938
00,173352,040104,0,4650,4792,862,889
00,173352,040704,0,4824,5052,890,933
00,173353,000104,0,4650,4792,862,889
00,173353,100704,0,4851,5079,895,938
00,173354,040104,0,4650,4792,862,889
00,173354,040704,0,4824,5052,890,933
00,173355,000104,0,4650,4792,862,889
00,173355,100704,0,4851,5079,895,938
00,173356,040104,0,4650,4792,862,889
00,173356,040704,0,4824,5052,890,933
00,173357,004104,0,2077,2170,333,350
00,173357,104704,0,2080,2173,334,351
00,173360,000104,0,4595,4737,849,876
00,173360,100704,0,4796,5024,882,925
00,173361,040104,0,4595,4737,849,876
00,173361,040704,0,4769,4997,877,920
00,173362,000104,0,4595,4737,849,876
00,173362,100704,0,4796,5024,882,925
00,173363,040104,0,4595,4737,849,876
00,173363,040704,0,4769,4997,877,920
00,173364,000104,0,4595,4737,849,876
00,173364,100704,0,4796,5024,882,925
00,173365,040104,0,4595,4737,849,876
00,173365,040704,0,4769,4997,877,920
00,173366,000104,0,4595,4737,849,876
00,173366,100704,0,4796,5024,882,925
00,173367,144104,0,4568,4710,844,871
00,173367,044704,0,4769,4997,877,920
00,173370,004104,0,4603,4788,852,887
00,173370,104704,0,4804,5075,885,936
00,173371,040104,0,4603,4788,852,887
00,173371,040704,0,4777,5048,880,931
00,173372,144104,0,4576,4761,847,882
00,173372,044704,0,4777,5048,880,931
00,173373,000104,0,4603,4788,852,887
00,173373,100704,0,4804,5075,885,936
00,173374,004104,0,4603,4788,852,887
00,173374,104704,0,4804,5075,885,936
00,173375,040104,0,4603,4788,852,887
00,173375,040704,0,4777,5048,880,931
00,173376,144104,0,4576,4761,847,882
00,173376,044704,0,4777,5048,880,931
00,173377,004104,0,4603,4788,852,887
00,173377,104704,0,4804,5075,885,936
00,171000,040104,0,3457,3470,556,559
00,171000,040704,0,3656,3669,587,590
00,171001,004104,0,3843,3856,662,665
00,171001,104704,0,4042,4055,693,696
00,171002,000104,0,3843,3856,662,665
00,171002,100704,0,4042,4055,693,696
00,171003,144104,0,3843,3856,662,665
00,171003,044704,0,4042,4055,693,696
00,171004,040104,0,3843,3856,662,665
00,171004,040704,0,4042,4055,693,696
00,171005,004104,0,3843,3856,662,665
00,171005,104704,0,4042,4055,693,696
00,171006,000104,0,1995,2008,311,314
00,171006,100704,0,1998,2011,312,315
00,171007,000104,0,1995,2008,311,314
00,171007,100704,0,1998,2011,312,315
00,171010,000104,0,3749,3848,651,670
00,171010,100704,0,3950,4135,684,719
00,171011,144104,0,3749,3848,651,670
00,171011,044704,0,3950,4135,684,719
00,171012,040104,0,3749,3848,651,670
00,171012,040704,0,3950,4135,684,719
00,171013,004104,0,3749,3848,651,670
00,171013,104704,0,3950,4135,684,719
00,171014,000104,0,3749,3848,651,670
00,171014,100704,0,3950,4135,684,719
00,171015,144104,0,3749,3848,651,670
00,171015,044704,0,3950,4135,684,719
00,171016,040104,0,3749,3848,651,670
00,171016,040704,0,3950,4135,684,719
00,171017,040104,0,3749,3848,651,670
00,171017,040704,0,3950,4135,684,719
00,171020,040104,0,3868,3967,674,693
00,171020,040704,0,4069,4254,707,742
00,171021,004104,0,3868,3967,674,693
00,171021,104704,0,4069,4254,707,742
00,171022,000104,0,3868,3967,674,693
00,171022,100704,0,4069,4254,707,742
00,171023,144104,0,3868,3967,674,693
00,171023,044704,0,4069,4254,707,742
00,171024,040104,0,3868,3967,674,693
00,171024,040704,0,4069,4254,707,742
00,171025,004104,0,3868,3967,674,693
00,171025,104704,0,4069,4254,707,742
00,171026,000104,0,3868,3967,674,693
00,171026,100704,0,4069,4254,707,742
00,171027,000104,0,3809,3865,661,672
00,171027,100704,0,3954,4010,684,695
00,171030,040104,0,3891,4033,678,705
00,171030,040704,0,4092,4320,711,754
00,171031,000104,0,3891,4033,678,705
00,171031,100704,0,4092,4320,711,754
00,171032,040104,0,3891,4033,678,705
00,171032,040704,0,4092,4320,711,754
00,171033,000104,0,3891,4033,678,705
00,171033,100704,0,4092,4320,711,754
00,171034,040104,0,3891,4033,678,705
00,171034,040704,0,4092,4320,711,754
00,171035,000104,0,3891,4033,678,705
00,171035,100704,0,4092,4320,711,754
00,171036,040104,0,3891,4033,678,705
00,171036,040704,0,4092,4320,711,754
00,171037,004104,0,3842,3984,668,695
00,171037,104704,0,4043,4271,701,744
00,171040,000104,0,3868,3967,674,693
00,171040,100704,0,4069,4254,707,742
00,171041,144104,0,3868,3967,674,693
00,171041,044704,0,4069,4254,707,742
00,171042,040104,0,3868,3967,674,693
00,171042,040704,0,4069,4254,707,742
00,171043,004104,0,3868,3967,674,693
00,171043,104704,0,4069,4254,707,742
00,171044,000104,0,3868,3967,674,693
00,171044,100704,0,4069,4254,707,742
00,171045,144104,0,3868,3967,674,693
00,171045,044704,0,4069,4254,707,742
00,171046,040104,0,3868,3967,674,693
00,171046,040704,0,4069,4254,707,742
00,171047,040104,0,3819,3918,664,683
00,171047,040704,0,4020,4205,697,732
00,171050,040104,0,3891,4033,678,705
00,171050,040704,0,4092,4320,711,754
00,171051,000104,0,3891,4033,678,705
00,171051,100704,0,4092,4320,711,754
00,171052,040104,0,3891,4033,678,705
00,171052,040704,0,4092,4320,711,754
00,171053,000104,0,3891,4033,678,705
00,171053,100704,0,4092,4320,711,754
00,171054,040104,0,3891,4033,678,705
00,171054,040704,0,4092,4320,711,754
00,171055,000104,0,3891,4033,678,705
00,171055,100704,0,4092,4320,711,754
00,171056,040104,0,3891,4033,678,705
00,171056,040704,0,4092,4320,711,754
00,171057,004104,0,2101,2194,336,353
00,171057,104704,0,2104,2197,337,354
00,171060,000104,0,3836,3978,665,692
00,171060,100704,0,4037,4265,698,741
00,171061,040104,0,3836,3978,665,692
00,171061,040704,0,4037,4265,698,741
00,171062,000104,0,3836,3978,665,692
00,171062,100704,0,4037,4265,698,741
00,171063,040104,0,3836,3978,665,692
00,171063,040704,0,4037,4265,698,741
00,171064,000104,0,3836,3978,665,692
00,171064,100704,0,4037,4265,698,741
00,171065,040104,0,3836,3978,665,692
00,171065,040704,0,4037,4265,698,741
00,171066,000104,0,3836,3978,665,692
00,171066,100704,0,4037,4265,698,741
00,171067,144104,0,3836,3978,665,692
00,171067,044704,0,4037,4265,698,741
00,171070,004104,0,3844,4029,668,703
00,171070,104704,0,4045,4316,701,752
00,171071,040104,0,3844,4029,668,703
00,171071,040704,0,4045,4316,701,752
00,171072,144104,0,3844,4029,668,703
00,171072,044704,0,4045,4316,701,752
00,171073,000104,0,3844,4029,668,703
00,171073,100704,0,4045,4316,701,752
00,171074,004104,0,3844,4029,668,703
00,171074,104704,0,4045,4316,701,752
00,171075,040104,0,3844,4029,668,703
00,171075,040704,0,4045,4316,701,752
00,171076,144104,0,3844,4029,668,703
00,171076,044704,0,4045,4316,701,752
00,171077,004104,0,3844,4029,668,703
00,171077,104704,0,4045,4316,701,752
00,171100,040104,0,3843,3856,662,665
00,171100,040704,0,4042,4055,693,696
00,171101,004104,0,3457,3470,556,559
00,171101,104704,0,3656,3669,587,590
00,171102,000104,0,3843,3856,662,665
00,171102,100704,0,4042,4055,693,696
00,171103,144104,0,3843,3856,662,665
00,171103,044704,0,4042,4055,693,696
00,171104,040104,0,3843,3856,662,665
00,171104,040704,0,4042,4055,693,696
00,171105,004104,0,3843,3856,662,665
00,171105,104704,0,4042,4055,693,696
00,171106,000104,0,1995,2008,311,314
00,171106,100704,0,1998,2011,312,315
00,171107,000104,0,1995,2008,311,314
00,171107,100704,0,1998,2011,312,315
00,171110,000104,0,3749,3848,651,670
00,171110,100704,0,3950,4135,684,719
00,171111,144104,0,3749,3848,651,670
00,171111,044704,0,3950,4135,684,719
00,171112,040104,0,3749,3848,651,670
00,171112,040704,0,3950,4135,684,719
00,171113,004104,0,3749,3848,651,670
00,171113,104704,0,3950,4135,684,719
00,171114,000104,0,3749,3848,651,670
00,171114,100704,0,3950,4135,684,719
00,171115,144104,0,3749,3848,651,670
00,171115,044704,0,3950,4135,684,719
00,171116,040104,0,3749,3848,651,670
00,171116,040704,0,3950,4135,684,719
00,171117,040104,0,3749,3848,651,670
00,171117,040704,0,3950,4135,684,719
00,171120,040104,0,3868,3967,674,693
00,171120,040704,0,4069,4254,707,742
00,171121,004104,0,3868,3967,674,693
00,171121,104704,0,4069,4254,707,742
00,171122,000104,0,3868,3967,674,693
00,171122,100704,0,4069,4254,707,742
00,171123,144104,0,3868,3967,674,693
00,171123,044704,0,4069,4254,707,742
00,171124,040104,0,3868,3967,674,693
00,171124,040704,0,4069,4254,707,742
00,171125,004104,0,3868,3967,674,693
00,171125,104704,0,4069,4254,707,742
00,171126,000104,0,3868,3967,674,693
00,171126,100704,0,4069,4254,707,742
00,171127,000104,0,3809,3865,661,672
00,171127,100704,0,3954,4010,684,695
00,171130,040104,0,3891,4033,678,705
00,171130,040704,0,4092,4320,711,754
00,171131,000104,0,3891,4033,678,705
00,171131,100704,0,4092,4320,711,754
00,171132,040104,0,3891,4033,678,705
00,171132,040704,0,4092,4320,711,754
00,171133,000104,0,3891,4033,678,705
00,171133,100704,0,4092,4320,711,754
00,171134,040104,0,3891,4033,678,705
00,171134,040704,0,4092,4320,711,754
00,171135,000104,0,3891,4033,678,705
00,171135,100704,0,4092,4320,711,754
00,171136,040104,0,3891,4033,678,705
00,171136,040704,0,4092,4320,711,754
00,171137,004104,0,3842,3984,668,695
00,171137,104704,0,4043,4271,701,744
00,171140,000104,0,3868,3967,674,693
00,171140,100704,0,4069,4254,707,742
00,171141,144104,0,3868,3967,674,693
00,171141,044704,0,4069,4254,707,742
00,171142,040104,0,3868,3967,674,693
00,171142,040704,0,4069,4254,707,742
00,171143,004104,0,3868,3967,674,693
00,171143,104704,0,4069,4254,707,742
00,171144,000104,0,3868,3967,674,693
00,171144,100704,0,4069,4254,707,742
00,171145,144104,0,3868,3967,674,693
00,171145,044704,0,4069,4254,707,742
00,171146,040104,0,3868,3967,674,693
00,171146,040704,0,4069,4254,707,742
00,171147,040104,0,3819,3918,664,683
00,171147,040704,0,4020,4205,697,732
00,171150,040104,0,3891,4033,678,705
00,171150,040704,0,4092,4320,711,754
00,171151,000104,0,3891,4033,678,705
00,171151,100704,0,4092,4320,711,754
00,171152,040104,0,3891,4033,678,705
00,171152,040704,0,4092,4320,711,754
00,171153,000104,0,3891,4033,678,705
00,171153,100704,0,4092,4320,711,754
00,171154,040104,0,3891,4033,678,705
00,171154,040704,0,4092,4320,711,754
00,171155,000104,0,3891,4033,678,705
00,171155,100704,0,4092,4320,711,754
00,171156,040104,0,3891,4033,678,705
00,171156,040704,0,4092,4320,711,754
00,171157,004104,0,2101,2194,336,353
00,171157,104704,0,2104,2197,337,354
00,171160,000104,0,3836,3978,665,692
00,171160,100704,0,4037,4265,698,741
00,171161,040104,0,3836,3978,665,692
00,171161,040704,0,4037,4265,698,741
00,171162,000104,0,3836,3978,665,692
00,171162,100704,0,4037,4265,698,741
00,171163,040104,0,3836,3978,665,692
00,171163,040704,0,4037,4265,698,741
00,171164,000104,0,3836,3978,665,692
00,171164,100704,0,4037,4265,698,741
00,171165,040104,0,3836,3978,665,692
00,171165,040704,0,4037,4265,698,741
00,171166,000104,0,3836,3978,665,692
00,171166,100704,0,4037,4265,698,741
00,171167,144104,0,3836,3978,665,692
00,171167,044704,0,4037,4265,698,741
00,171170,004104,0,3844,4029,668,703
00,171170,104704,0,4045,4316,701,752
00,171171,040104,0,3844,4029,668,703
00,171171,040704,0,4045,4316,701,752
00,171172,144104,0,3844,4029,668,703
00,171172,044704,0,4045,4316,701,752
00,171173,000104,0,3844,4029,668,703
00,171173,100704,0,4045,4316,701,752
00,171174,004104,0,3844,4029,668,703
00,171174,104704,0,4045,4316,701,752
00,171175,040104,0,3844,4029,668,703
00,171175,040704,0,4045,4316,701,752
00,171176,144104,0,3844,4029,668,703
00,171176,044704,0,4045,4316,701,752
00,171177,004104,0,3844,4029,668,703
00,171177,104704,0,4045,4316,701,752
00,171200,040104,0,3843,3856,662,665
00,171200,040704,0,4042,4055,693,696
00,171201,004104,0,3843,3856,662,665
00,171201,104704,0,4042,4055,693,696
00,171202,000104,0,3457,3470,556,559
00,171202,100704,0,3656,3669,587,590
00,171203,144104,0,3843,3856,662,665
00,171203,044704,0,4042,4055,693,696
00,171204,040104,0,3843,3856,662,665
00,171204,040704,0,4042,4055,693,696
00,171205,004104,0,3843,3856,662,665
00,171205,104704,0,4042,4055,693,696
00,171206,000104,0,1995,2008,311,314
00,171206,100704,0,1998,2011,312,315
00,171207,000104,0,1995,2008,311,314
00,171207,100704,0,1998,2011,312,315
00,171210,000104,0,3749,3848,651,670
00,171210,100704,0,3950,4135,684,719
00,171211,144104,0,3749,3848,651,670
00,171211,044704,0,3950,4135,684,719
00,171212,040104,0,3749,3848,651,670
00,171212,040704,0,3950,4135,684,719
00,171213,004104,0,3749,3848,651,670
00,171213,104704,0,3950,4135,684,719
00,171214,000104,0,3749,3848,651,670
00,171214,100704,0,3950,4135,684,719
00,171215,144104,0,3749,3848,651,670
00,171215,044704,0,3950,4135,684,719
00,171216,040104,0,3749,3848,651,670
00,171216,040704,0,3950,4135,684,719
00,171217,040104,0,3749,3848,651,670
00,171217,040704,0,3950,4135,684,719
00,171220,040104,0,3868,3967,674,693
00,171220,040704,0,4069,4254,707,742
00,171221,004104,0,3868,3967,674,693
00,171221,104704,0,4069,4254,707,742
00,171222,000104,0,3868,3967,674,693
00,171222,100704,0,4069,4254,707,742
00,171223,144104,0,3868,3967,674,693
00,171223,044704,0,4069,4254,707,742
00,171224,040104,0,3868,3967,674,693
00,171224,040704,0,4069,4254,707,742
00,171225,004104,0,3868,3967,674,693
00,171225,104704,0,4069,4254,707,742
00,171226,000104,0,3868,3967,674,693
00,171226,100704,0,4069,4254,707,742
00,171227,000104,0,3809,3865,661,672
00,171227,100704,0,3954,4010,684,695
00,171230,040104,0,3891,4033,678,705
00,171230,040704,0,4092,4320,711,754
00,171231,000104,0,3891,4033,678,705
00,171231,100704,0,4092,4320,711,754
00,171232,040104,0,3891,4033,678,705
00,171232,040704,0,4092,4320,711,754
00,171233,000104,0,3891,4033,678,705
00,171233,100704,0,4092,4320,711,754
00,171234,040104,0,3891,4033,678,705
00,171234,040704,0,4092,4320,711,754
00,171235,000104,0,3891,4033,678,705
00,171235,100704,0,4092,4320,711,754
00,171236,040104,0,3891,4033,678,705
00,171236,040704,0,4092,4320,711,754
00,171237,004104,0,3842,3984,668,695
00,171237,104704,0,4043,4271,701,744
00,171240,000104,0,3868,3967,674,693
00,171240,100704,0,4069,4254,707,742
00,171241,144104,0,3868,3967,674,693
00,171241,044704,0,4069,4254,707,742
00,171242,040104,0,3868,3967,674,693
00,171242,040704,0,4069,4254,707,742
00,171243,004104,0,3868,3967,674,693
00,171243,104704,0,4069,4254,707,742
00,171244,000104,0,3868,3967,674,693
00,171244,100704,0,4069,4254,707,742
00,171245,144104,0,3868,3967,674,693
00,171245,044704,0,4069,4254,707,742
00,171246,040104,0,3868,3967,674,693
00,171246,040704,0,4069,4254,707,742
00,171247,040104,0,3819,3918,664,683
00,171247,040704,0,4020,4205,697,732
00,171250,040104,0,3891,4033,678,705
00,171250,040704,0,4092,4320,711,754
00,171251,000104,0,3891,4033,678,705
00,171251,100704,0,4092,4320,711,754
00,171252,040104,0,3891,4033,678,705
00,171252,040704,0,4092,4320,711,754
00,171253,000104,0,3891,4033,678,705
00,171253,100704,0,4092,4320,711,754
00,171254,040104,0,3891,4033,678,705
00,171254,040704,0,4092,4320,711,754
00,171255,000104,0,3891,4033,678,705
00,171255,100704,0,4092,4320,711,754
00,171256,040104,0,3891,4033,678,705
00,171256,040704,0,4092,4320,711,754
00,171257,004104,0,2101,2194,336,353
00,171257,104704,0,2104,2197,337,354
00,171260,000104,0,3836,3978,665,692
00,171260,100704,0,4037,4265,698,741
00,171261,040104,0,3836,3978,665,692
00,171261,040704,0,4037,4265,698,741
00,171262,000104,0,3836,3978,665,692
00,171262,100704,0,4037,4265,698,741
00,171263,040104,0,3836,3978,665,692
00,171263,040704,0,4037,4265,698,741
00,171264,000104,0,3836,3978,665,692
00,171264,100704,0,4037,4265,698,741
00,171265,040104,0,3836,3978,665,692
00,171265,040704,0,4037,4265,698,741
00,171266,000104,0,3836,3978,665,692
00,171266,100704,0,4037,4265,698,741
00,171267,144104,0,3836,3978,665,692
00,171267,044704,0,4037,4265,698,741
00,171270,004104,0,3844,4029,668,703
00,171270,104704,0,4045,4316,701,752
00,171271,040104,0,3844,4029,668,703
00,171271,040704,0,4045,4316,701,752
00,171272,144104,0,3844,4029,668,703
00,171272,044704,0,4045,4316,701,752
00,171273,000104,0,3844,4029,668,703
00,171273,100704,0,4045,4316,701,752
00,171274,004104,0,3844,4029,668,703
00,171274,104704,0,4045,4316,701,752
00,171275,040104,0,3844,4029,668,703
00,171275,040704,0,4045,4316,701,752
00,171276,144104,0,3844,4029,668,703
00,171276,044704,0,4045,4316,701,752
00,171277,004104,0,3844,4029,668,703
00,171277,104704,0,4045,4316,701,752
00,171300,040104,0,3843,3856,662,665
00,171300,040704,0,4042,4055,693,696
00,171301,004104,0,3843,3856,662,665
00,171301,104704,0,4042,4055,693,696
00,171302,000104,0,3843,3856,662,665
00,171302,100704,0,4042,4055,693,696
00,171303,144104,0,3457,3470,556,559
00,171303,044704,0,3656,3669,587,590
00,171304,040104,0,3843,3856,662,665
00,171304,040704,0,4042,4055,693,696
01,171304,142110,0,11527,11540,2579,2582
01,171304,042710,0,19643,19656,4647,4650
01,171305,004104,0,3843,3856,662,665
01,171305,104704,0,4042,4055,693,696
01,171306,000104,0,1995,2008,311,314
01,171306,100704,0,1998,2011,312,315
01,171307,000104,0,1995,2008,311,314
01,171307,100704,0,1998,2011,312,315
01,171310,000104,0,3749,3848,651,670
01,171310,100704,0,3950,4135,684,719
01,171311,144104,0,3749,3848,651,670
01,171311,044704,0,3950,4135,684,719
01,171312,040104,0,3749,3848,651,670
01,171312,040704,0,3950,4135,684,719
01,171313,004104,0,3749,3848,651,670
01,171313,104704,0,3950,4135,684,719
01,171314,000104,0,3749,3848,651,670
01,171314,100704,0,3950,4135,684,719
01,171315,144104,0,3749,3848,651,670
01,171315,044704,0,3950,4135,684,719
01,171316,040104,0,3749,3848,651,670
01,171316,040704,0,3950,4135,684,719
01,171317,040104,0,3749,3848,651,670
01,171317,040704,0,3950,4135,684,719
01,171320,040104,0,3868,3967,674,693
01,171320,040704,0,4069,4254,707,742
01,171321,004104,0,3868,3967,674,693
01,171321,104704,0,4069,4254,707,742
01,171322,000104,0,3868,3967,674,693
01,171322,100704,0,4069,4254,707,742
01,171323,144104,0,3868,3967,674,693
01,171323,044704,0,4069,4254,707,742
01,171324,040104,0,3868,3967,674,693
01,171324,040704,0,4069,4254,707,742
01,171325,004104,0,3868,3967,674,693
01,171325,104704,0,4069,4254,707,742
01,171326,000104,0,3868,3967,674,693
01,171326,100704,0,4069,4254,707,742
01,171327,000104,0,3809,3865,661,672
01,171327,100704,0,3954,4010,684,695
01,171330,040104,0,3891,4033,678,705
01,171330,040704,0,4092,4320,711,754
01,171331,000104,0,3891,4033,678,705
01,171331,100704,0,4092,4320,711,754
01,171332,040104,0,3891,4033,678,705
01,171332,040704,0,4092,4320,711,754
01,171333,000104,0,3891,4033,678,705
01,171333,100704,0,4092,4320,711,754
01,171334,040104,0,3891,4033,678,705
01,171334,040704,0,4092,4320,711,754
01,171335,000104,0,3891,4033,678,705
01,171335,100704,0,4092,4320,711,754
01,171336,040104,0,3891,4033,678,705
01,171336,040704,0,4092,4320,711,754
01,171337,004104,0,3842,3984,668,695
01,171337,104704,0,4043,4271,701,744
01,171340,000104,0,3868,3967,674,693
01,171340,100704,0,4069,4254,707,742
01,171341,144104,0,3868,3967,674,693
01,171341,044704,0,4069,4254,707,742
01,171342,040104,0,3868,3967,674,693
01,171342,040704,0,4069,4254,707,742
01,171343,004104,0,3868,3967,674,693
01,171343,104704,0,4069,4254,707,742
01,171344,000104,0,3868,3967,674,693
01,171344,100704,0,4069,4254,707,742
01,171345,144104,0,3868,3967,674,693
01,171345,044704,0,4069,4254,707,742
01,171346,040104,0,3868,3967,674,693
01,171346,040704,0,4069,4254,707,742
01,171347,040104,0,3819,3918,664,683
01,171347,040704,0,4020,4205,697,732
01,171350,040104,0,3891,4033,678,705
01,171350,040704,0,4092,4320,711,754
01,171351,000104,0,3891,4033,678,705
01,171351,100704,0,4092,4320,711,754
01,171352,040104,0,3891,4033,678,705
01,171352,040704,0,4092,4320,711,754
01,171353,000104,0,3891,4033,678,705
01,171353,100704,0,4092,4320,711,754
01,171354,040104,0,3891,4033,678,705
01,171354,040704,0,4092,4320,711,754
01,171355,000104,0,3891,4033,678,705
01,171355,100704,0,4092,4320,711,754
01,171356,040104,0,3891,4033,678,705
01,171356,040704,0,4092,4320,711,754
01,171357,004104,0,2101,2194,336,353
01,171357,104704,0,2104,2197,337,354
01,171360,000104,0,3836,3978,665,692
01,171360,100704,0,4037,4265,698,741
01,171361,040104,0,3836,3978,665,692
01,171361,040704,0,4037,4265,698,741
01,171362,000104,0,3836,3978,665,692
01,171362,100704,0,4037,4265,698,741
01,171363,040104,0,3836,3978,665,692
01,171363,040704,0,4037,4265,698,741
01,171364,000104,0,3836,3978,665,692
01,171364,100704,0,4037,4265,698,741
01,171365,040104,0,3836,3978,665,692
01,171365,040704,0,4037,4265,698,741
01,171366,000104,0,3836,3978,665,692
01,171366,100704,0,4037,4265,698,741
01,171367,144104,0,3836,3978,665,692
01,171367,044704,0,4037,4265,698,741
01,171370,004104,0,3844,4029,668,703
01,171370,104704,0,4045,4316,701,752
01,171371,040104,0,3844,4029,668,703
01,171371,040704,0,4045,4316,701,752
01,171372,144104,0,3844,4029,668,703
01,171372,044704,0,4045,4316,701,752
01,171373,000104,0,3844,4029,668,703
01,171373,100704,0,4045,4316,701,752
01,171374,004104,0,3844,4029,668,703
01,171374,104704,0,4045,4316,701,752
01,171375,040104,0,3844,4029,668,703
01,171375,040704,0,4045,4316,701,752
01,171376,144104,0,3844,4029,668,703
01,171376,044704,0,4045,4316,701,752
01,171377,004104,0,3844,4029,668,703
01,171377,104704,0,4045,4316,701,752
01,174400,040104,0,3254,3267,511,514
01,174400,040704,0,3399,3412,534,537
01,174401,004104,0,3821,3834,649,652
01,174401,104704,0,3966,3979,672,675
01,174402,000104,0,3821,3834,649,652
01,174402,100704,0,3966,3979,672,675
01,174403,144104,0,3624,3637,613,616
01,174403,044704,0,3769,3782,636,639
01,174404,040104,0,3624,3637,613,616
01,174404,040704,0,3769,3782,636,639
01,174405,004104,0,3821,3834,649,652
01,174405,104704,0,3966,3979,672,675
01,174406,000104,0,2019,2032,314,317
01,174406,100704,0,2022,2035,315,318
01,174407,000104,0,2019,2032,314,317
01,174407,100704,0,2022,2035,315,318
01,174410,000104,0,3727,3826,638,657
01,174410,100704,0,3874,4059,663,698
01,174411,144104,0,3530,3629,602,621
01,174411,044704,0,3677,3862,627,662
01,174412,040104,0,3530,3629,602,621
01,174412,040704,0,3677,3862,627,662
01,174413,004104,0,3727,3826,638,657
01,174413,104704,0,3874,4059,663,698
01,174414,000104,0,3727,3826,638,657
01,174414,100704,0,3874,4059,663,698
01,174415,144104,0,3530,3629,602,621
01,174415,044704,0,3677,3862,627,662
01,174416,040104,0,3530,3629,602,621
01,174416,040704,0,3677,3862,627,662
01,174417,040104,0,3530,3629,602,621
01,174417,040704,0,3677,3862,627,662
01,174420,040104,0,3649,3748,625,644
01,174420,040704,0,3796,3981,650,685
01,174421,004104,0,3846,3945,661,680
01,174421,104704,0,3993,4178,686,721
01,174422,000104,0,3846,3945,661,680
01,174422,100704,0,3993,4178,686,721
01,174423,144104,0,3649,3748,625,644
01,174423,044704,0,3796,3981,650,685
01,174424,040104,0,3649,3748,625,644
01,174424,040704,0,3796,3981,650,685
01,174425,004104,0,3846,3945,661,680
01,174425,104704,0,3993,4178,686,721
01,174426,000104,0,3846,3945,661,680
01,174426,100704,0,3993,4178,686,721
01,174427,000104,0,3787,3843,648,659
01,174427,100704,0,3878,3934,663,674
01,174430,040104,0,3672,3814,629,656
01,174430,040704,0,3819,4047,654,697
01,174431,000104,0,3869,4011,665,692
01,174431,100704,0,4016,4244,690,733
01,174432,040104,0,3672,3814,629,656
01,174432,040704,0,3819,4047,654,697
01,174433,000104,0,3869,4011,665,692
01,174433,100704,0,4016,4244,690,733
01,174434,040104,0,3672,3814,629,656
01,174434,040704,0,3819,4047,654,697
01,174435,000104,0,3869,4011,665,692
01,174435,100704,0,4016,4244,690,733
01,174436,040104,0,3672,3814,629,656
01,174436,040704,0,3819,4047,654,697
01,174437,004104,0,3820,3962,655,682
01,174437,104704,0,3967,4195,680,723
01,174440,000104,0,3846,3945,661,680
01,174440,100704,0,3993,4178,686,721
01,174441,144104,0,3649,3748,625,644
01,174441,044704,0,3796,3981,650,685
01,174442,040104,0,3649,3748,625,644
01,174442,040704,0,3796,3981,650,685
01,174443,004104,0,3846,3945,661,680
01,174443,104704,0,3993,4178,686,721
01,174444,000104,0,3846,3945,661,680
01,174444,100704,0,3993,4178,686,721
01,174445,144104,0,3649,3748,625,644
01,174445,044704,0,3796,3981,650,685
01,174446,040104,0,3649,3748,625,644
01,174446,040704,0,3796,3981,650,685
01,174447,040104,0,3600,3699,615,634
01,174447,040704,0,3747,3932,640,675
01,174450,040104,0,3672,3814,629,656
01,174450,040704,0,3819,4047,654,697
01,174451,000104,0,3869,4011,665,692
01,174451,100704,0,4016,4244,690,733
01,174452,040104,0,3672,3814,629,656
01,174452,040704,0,3819,4047,654,697
01,174453,000104,0,3869,4011,665,692
01,174453,100704,0,4016,4244,690,733
01,174454,040104,0,3672,3814,629,656
01,174454,040704,0,3819,4047,654,697
01,174455,000104,0,3869,4011,665,692
01,174455,100704,0,4016,4244,690,733
01,174456,040104,0,3672,3814,629,656
01,174456,040704,0,3819,4047,654,697
01,174457,004104,0,2125,2218,339,356
01,174457,104704,0,2128,2221,340,357
01,174460,000104,0,3814,3956,652,679
01,174460,100704,0,3961,4189,677,720
01,174461,040104,0,3617,3759,616,643
01,174461,040704,0,3764,3992,641,684
01,174462,000104,0,3814,3956,652,679
01,174462,100704,0,3961,4189,677,720
01,174463,040104,0,3617,3759,616,643
01,174463,040704,0,3764,3992,641,684
01,174464,000104,0,3814,3956,652,679
01,174464,100704,0,3961,4189,677,720
01,174465,040104,0,3617,3759,616,643
01,174465,040704,0,3764,3992,641,684
01,174466,000104,0,3814,3956,652,679
01,174466,100704,0,3961,4189,677,720
01,174467,144104,0,3617,3759,616,643
01,174467,044704,0,3764,3992,641,684
01,174470,004104,0,3822,4007,655,690
01,174470,104704,0,3969,4240,680,731
01,174471,040104,0,3625,3810,619,654
01,174471,040704,0,3772,4043,644,695
01,174472,144104,0,3625,3810,619,654
01,174472,044704,0,3772,4043,644,695
01,174473,000104,0,3822,4007,655,690
01,174473,100704,0,3969,4240,680,731
01,174474,004104,0,3822,4007,655,690
01,174474,104704,0,3969,4240,680,731
01,174475,040104,0,3625,3810,619,654
01,174475,040704,0,3772,4043,644,695
01,174476,144104,0,3625,3810,619,654
01,174476,044704,0,3772,4043,644,695
01,174477,004104,0,3822,4007,655,690
01,174477,104704,0,3969,4240,680,731
01,174500,040104,0,3624,3637,613,616
01,174500,040704,0,3769,3782,636,639
01,174501,004104,0,3451,3464,547,550
01,174501,104704,0,3596,3609,570,573
01,174502,000104,0,3821,3834,649,652
01,174502,100704,0,3966,3979,672,675
01,174503,144104,0,3624,3637,613,616
01,174503,044704,0,3769,3782,636,639
01,174504,040104,0,3624,3637,613,616
01,174504,040704,0,3769,3782,636,639
01,174505,004104,0,3821,3834,649,652
01,174505,104704,0,3966,3979,672,675
01,174506,000104,0,2019,2032,314,317
01,174506,100704,0,2022,2035,315,318
01,174507,000104,0,2019,2032,314,317
01,174507,100704,0,2022,2035,315,318
01,174510,000104,0,3727,3826,638,657
01,174510,100704,0,3874,4059,663,698
01,174511,144104,0,3530,3629,602,621
01,174511,044704,0,3677,3862,627,662
01,174512,040104,0,3530,3629,602,621
01,174512,040704,0,3677,3862,627,662
01,174513,004104,0,3727,3826,638,657
01,174513,104704,0,3874,4059,663,698
01,174514,000104,0,3727,3826,638,657
01,174514,100704,0,3874,4059,663,698
01,174515,144104,0,3530,3629,602,621
01,174515,044704,0,3677,3862,627,662
01,174516,040104,0,3530,3629,602,621
01,174516,040704,0,3677,3862,627,662
01,174517,040104,0,3530,3629,602,621
01,174517,040704,0,3677,3862,627,662
01,174520,040104,0,3649,3748,625,644
01,174520,040704,0,3796,3981,650,685
01,174521,004104,0,3846,3945,661,680
01,174521,104704,0,3993,4178,686,721
01,174522,000104,0,3846,3945,661,680
01,174522,100704,0,3993,4178,686,721
01,174523,144104,0,3649,3748,625,644
01,174523,044704,0,3796,3981,650,685
01,174524,040104,0,3649,3748,625,644
01,174524,040704,0,3796,3981,650,685
01,174525,004104,0,3846,3945,661,680
01,174525,104704,0,3993,4178,686,721
01,174526,000104,0,3846,3945,661,680
01,174526,100704,0,3993,4178,686,721
01,174527,000104,0,3787,3843,648,659
01,174527,100704,0,3878,3934,663,674
01,174530,040104,0,3672,3814,629,656
01,174530,040704,0,3819,4047,654,697
01,174531,000104,0,3869,4011,665,692
01,174531,100704,0,4016,4244,690,733
01,174532,040104,0,3672,3814,629,656
01,174532,040704,0,3819,4047,654,697
01,174533,000104,0,3869,4011,665,692
01,174533,100704,0,4016,4244,690,733
01,174534,040104,0,3672,3814,629,656
01,174534,040704,0,3819,4047,654,697
01,174535,000104,0,3869,4011,665,692
01,174535,100704,0,4016,4244,690,733
01,174536,040104,0,3672,3814,629,656
01,174536,040704,0,3819,4047,654,697
01,174537,004104,0,3820,3962,655,682
01,174537,104704,0,3967,4195,680,723
01,174540,000104,0,3846,3945,661,680
01,174540,100704,0,3993,4178,686,721
01,174541,144104,0,3649,3748,625,644
01,174541,044704,0,3796,3981,650,685
01,174542,040104,0,3649,3748,625,644
01,174542,040704,0,3796,3981,650,685
01,174543,004104,0,3846,3945,661,680
01,174543,104704,0,3993,4178,686,721
01,174544,000104,0,3846,3945,661,680
01,174544,100704,0,3993,4178,686,721
01,174545,144104,0,3649,3748,625,644
01,174545,044704,0,3796,3981,650,685
01,174546,040104,0,3649,3748,625,644
01,174546,040704,0,3796,3981,650,685
01,174547,040104,0,3600,3699,615,634
01,174547,040704,0,3747,3932,640,675
01,174550,040104,0,3672,3814,629,656
01,174550,040704,0,3819,4047,654,697
01,174551,000104,0,3869,4011,665,692
01,174551,100704,0,4016,4244,690,733
01,174552,040104,0,3672,3814,629,656
01,174552,040704,0,3819,4047,654,697
01,174553,000104,0,3869,4011,665,692
01,174553,100704,0,4016,4244,690,733
01,174554,040104,0,3672,3814,629,656
01,174554,040704,0,3819,4047,654,697
01,174555,000104,0,3869,4011,665,692
01,174555,100704,0,4016,4244,690,733
01,174556,040104,0,3672,3814,629,656
01,174556,040704,0,3819,4047,654,697
01,174557,004104,0,2125,2218,339,356
01,174557,104704,0,2128,2221,340,357
01,174560,000104,0,3814,3956,652,679
01,174560,100704,0,3961,4189,677,720
01,174561,040104,0,3617,3759,616,643
01,174561,040704,0,3764,3992,641,684
01,174562,000104,0,3814,3956,652,679
01,174562,100704,0,3961,4189,677,720
01,174563,040104,0,3617,3759,616,643
01,174563,040704,0,3764,3992,641,684
01,174564,000104,0,3814,3956,652,679
01,174564,100704,0,3961,4189,677,720
01,174565,040104,0,3617,3759,616,643
01,174565,040704,0,3764,3992,641,684
01,174566,000104,0,3814,3956,652,679
01,174566,100704,0,3961,4189,677,720
01,174567,144104,0,3617,3759,616,643
01,174567,044704,0,3764,3992,641,684
01,174570,004104,0,3822,4007,655,690
01,174570,104704,0,3969,4240,680,731
01,174571,040104,0,3625,3810,619,654
01,174571,040704,0,3772,4043,644,695
01,174572,144104,0,3625,3810,619,654
01,174572,044704,0,3772,4043,644,695
01,174573,000104,0,3822,4007,655,690
01,174573,100704,0,3969,4240,680,731
01,174574,004104,0,3822,4007,655,690
01,174574,104704,0,3969,4240,680,731
01,174575,040104,0,3625,3810,619,654
01,174575,040704,0,3772,4043,644,695
01,174576,144104,0,3625,3810,619,654
01,174576,044704,0,3772,4043,644,695
01,174577,004104,0,3822,4007,655,690
01,174577,104704,0,3969,4240,680,731
01,174600,040104,0,3624,3637,613,616
01,174600,040704,0,3769,3782,636,639
01,174601,004104,0,3821,3834,649,652
01,174601,104704,0,3966,3979,672,675
01,174602,000104,0,3451,3464,547,550
01,174602,100704,0,3596,3609,570,573
01,174603,144104,0,3624,3637,613,616
01,174603,044704,0,3769,3782,636,639
01,174604,040104,0,3624,3637,613,616
01,174604,040704,0,3769,3782,636,639
01,174605,004104,0,3821,3834,649,652
01,174605,104704,0,3966,3979,672,675
01,174606,000104,0,2019,2032,314,317
01,174606,100704,0,2022,2035,315,318
01,174607,000104,0,2019,2032,314,317
01,174607,100704,0,2022,2035,315,318
01,174610,000104,0,3727,3826,638,657
01,174610,100704,0,3874,4059,663,698
01,174611,144104,0,3530,3629,602,621
01,174611,044704,0,3677,3862,627,662
01,174612,040104,0,3530,3629,602,621
01,174612,040704,0,3677,3862,627,662
01,174613,004104,0,3727,3826,638,657
01,174613,104704,0,3874,4059,663,698
01,174614,000104,0,3727,3826,638,657
01,174614,100704,0,3874,4059,663,698
01,174615,144104,0,3530,3629,602,621
01,174615,044704,0,3677,3862,627,662
01,174616,040104,0,3530,3629,602,621
01,174616,040704,0,3677,3862,627,662
01,174617,040104,0,3530,3629,602,621
01,174617,040704,0,3677,3862,627,662
01,174620,040104,0,3649,3748,625,644
01,174620,040704,0,3796,3981,650,685
01,174621,004104,0,3846,3945,661,680
01,174621,104704,0,3993,4178,686,721
01,174622,000104,0,3846,3945,661,680
01,174622,100704,0,3993,4178,686,721
01,174623,144104,0,3649,3748,625,644
01,174623,044704,0,3796,3981,650,685
01,174624,040104,0,3649,3748,625,644
01,174624,040704,0,3796,3981,650,685
01,174625,004104,0,3846,3945,661,680
01,174625,104704,0,3993,4178,686,721
01,174626,000104,0,3846,3945,661,680
01,174626,100704,0,3993,4178,686,721
01,174627,000104,0,3787,3843,648,659
01,174627,100704,0,3878,3934,663,674
01,174630,040104,0,3672,3814,629,656
01,174630,040704,0,3819,4047,654,697
01,174631,000104,0,3869,4011,665,692
01,174631,100704,0,4016,4244,690,733
01,174632,040104,0,3672,3814,629,656
01,174632,040704,0,3819,4047,654,697
01,174633,000104,0,3869,4011,665,692
01,174633,100704,0,4016,4244,690,733
01,174634,040104,0,3672,3814,629,656
01,174634,040704,0,3819,4047,654,697
01,174635,000104,0,3869,4011,665,692
01,174635,100704,0,4016,4244,690,733
01,174636,040104,0,3672,3814,629,656
01,174636,040704,0,3819,4047,654,697
01,174637,004104,0,3820,3962,655,682
01,174637,104704,0,3967,4195,680,723
01,174640,000104,0,3846,3945,661,680
01,174640,100704,0,3993,4178,686,721
01,174641,144104,0,3649,3748,625,644
01,174641,044704,0,3796,3981,650,685
01,174642,040104,0,3649,3748,625,644
01,174642,040704,0,3796,3981,650,685
01,174643,004104,0,3846,3945,661,680
01,174643,104704,0,3993,4178,686,721
01,174644,000104,0,3846,3945,661,680
01,174644,100704,0,3993,4178,686,721
01,174645,144104,0,3649,3748,625,644
01,174645,044704,0,3796,3981,650,685
01,174646,040104,0,3649,3748,625,644
01,174646,040704,0,3796,3981,650,685
01,174647,040104,0,3600,3699,615,634
01,174647,040704,0,3747,3932,640,675
01,174650,040104,0,3672,3814,629,656
01,174650,040704,0,3819,4047,654,697
01,174651,000104,0,3869,4011,665,692
01,174651,100704,0,4016,4244,690,733
01,174652,040104,0,3672,3814,629,656
01,174652,040704,0,3819,4047,654,697
01,174653,000104,0,3869,4011,665,692
01,174653,100704,0,4016,4244,690,733
01,174654,040104,0,3672,3814,629,656
01,174654,040704,0,3819,4047,654,697
01,174655,000104,0,3869,4011,665,692
01,174655,100704,0,4016,4244,690,733
01,174656,040104,0,3672,3814,629,656
01,174656,040704,0,3819,4047,654,697
01,174657,004104,0,2125,2218,339,356
01,174657,104704,0,2128,2221,340,357
01,174660,000104,0,3814,3956,652,679
01,174660,100704,0,3961,4189,677,720
01,174661,040104,0,3617,3759,616,643
01,174661,040704,0,3764,3992,641,684
01,174662,000104,0,3814,3956,652,679
01,174662,100704,0,3961,4189,677,720
01,174663,040104,0,3617,3759,616,643
01,174663,040704,0,3764,3992,641,684
01,174664,000104,0,3814,3956,652,679
01,174664,100704,0,3961,4189,677,720
01,174665,040104,0,3617,3759,616,643
01,174665,040704,0,3764,3992,641,684
01,174666,000104,0,3814,3956,652,679
01,174666,100704,0,3961,4189,677,720
01,174667,144104,0,3617,3759,616,643
01,174667,044704,0,3764,3992,641,684
01,174670,004104,0,3822,4007,655,690
01,174670,104704,0,3969,4240,680,731
01,174671,040104,0,3625,3810,619,654
01,174671,040704,0,3772,4043,644,695
01,174672,144104,0,3625,3810,619,654
01,174672,044704,0,3772,4043,644,695
01,174673,000104,0,3822,4007,655,690
01,174673,100704,0,3969,4240,680,731
01,174674,004104,0,3822,4007,655,690
01,174674,104704,0,3969,4240,680,731
01,174675,040104,0,3625,3810,619,654
01,174675,040704,0,3772,4043,644,695
01,174676,144104,0,3625,3810,619,654
01,174676,044704,0,3772,4043,644,695
01,174677,004104,0,3822,4007,655,690
01,174677,104704,0,3969,4240,680,731
01,174700,040104,0,3624,3637,613,616
01,174700,040704,0,3769,3782,636,639
01,174701,004104,0,3821,3834,649,652
01,174701,104704,0,3966,3979,672,675
01,174702,000104,0,3821,3834,649,652
01,174702,100704,0,3966,3979,672,675
01,174703,144104,0,3254,3267,511,514
01,174703,044704,0,3399,3412,534,537
01,174704,040104,0,3624,3637,613,616
01,174704,040704,0,3769,3782,636,639
01,174705,004104,0,3821,3834,649,652
01,174705,104704,0,3966,3979,672,675
01,174706,000104,0,2019,2032,314,317
01,174706,100704,0,2022,2035,315,318
01,174707,000104,0,2019,2032,314,317
01,174707,100704,0,2022,2035,315,318
01,174710,000104,0,3727,3826,638,657
01,174710,100704,0,3874,4059,663,698
01,174711,144104,0,3530,3629,602,621
01,174711,044704,0,3677,3862,627,662
01,174712,040104,0,3530,3629,602,621
01,174712,040704,0,3677,3862,627,662
01,174713,004104,0,3727,3826,638,657
01,174713,104704,0,3874,4059,663,698
01,174714,000104,0,3727,3826,638,657
01,174714,100704,0,3874,4059,663,698
01,174715,144104,0,3530,3629,602,621
01,174715,044704,0,3677,3862,627,662
01,174716,040104,0,3530,3629,602,621
01,174716,040704,0,3677,3862,627,662
01,174717,040104,0,3530,3629,602,621
01,174717,040704,0,3677,3862,627,662
01,174720,040104,0,3649,3748,625,644
01,174720,040704,0,3796,3981,650,685
01,174721,004104,0,3846,3945,661,680
01,174721,104704,0,3993,4178,686,721
01,174722,000104,0,3846,3945,661,680
01,174722,100704,0,3993,4178,686,721
01,174723,144104,0,3649,3748,625,644
01,174723,044704,0,3796,3981,650,685
01,174724,040104,0,3649,3748,625,644
01,174724,040704,0,3796,3981,650,685
01,174725,004104,0,3846,3945,661,680
01,174725,104704,0,3993,4178,686,721
01,174726,000104,0,3846,3945,661,680
01,174726,100704,0,3993,4178,686,721
01,174727,000104,0,3787,3843,648,659
01,174727,100704,0,3878,3934,663,674
01,174730,040104,0,3672,3814,629,656
01,174730,040704,0,3819,4047,654,697
01,174731,000104,0,3869,4011,665,692
01,174731,100704,0,4016,4244,690,733
01,174732,040104,0,3672,3814,629,656
01,174732,040704,0,3819,4047,654,697
01,174733,000104,0,3869,4011,665,692
01,174733,100704,0,4016,4244,690,733
01,174734,040104,0,3672,3814,629,656
01,174734,040704,0,3819,4047,654,697
01,174735,000104,0,3869,4011,665,692
01,174735,100704,0,4016,4244,690,733
01,174736,040104,0,3672,3814,629,656
01,174736,040704,0,3819,4047,654,697
01,174737,004104,0,3820,3962,655,682
01,174737,104704,0,3967,4195,680,723
01,174740,000104,0,3846,3945,661,680
01,174740,100704,0,3993,4178,686,721
01,174741,144104,0,3649,3748,625,644
01,174741,044704,0,3796,3981,650,685
01,174742,040104,0,3649,3748,625,644
01,174742,040704,0,3796,3981,650,685
01,174743,004104,0,3846,3945,661,680
01,174743,104704,0,3993,4178,686,721
01,174744,000104,0,3846,3945,661,680
01,174744,100704,0,3993,4178,686,721
01,174745,144104,0,3649,3748,625,644
01,174745,044704,0,3796,3981,650,685
01,174746,040104,0,3649,3748,625,644
01,174746,040704,0,3796,3981,650,685
01,174747,040104,0,3600,3699,615,634
01,174747,040704,0,3747,3932,640,675
01,174750,040104,0,3672,3814,629,656
01,174750,040704,0,3819,4047,654,697
01,174751,000104,0,3869,4011,665,692
01,174751,100704,0,4016,4244,690,733
01,174752,040104,0,3672,3814,629,656
01,174752,040704,0,3819,4047,654,697
01,174753,000104,0,3869,4011,665,692
01,174753,100704,0,4016,4244,690,733
01,174754,040104,0,3672,3814,629,656
01,174754,040704,0,3819,4047,654,697
01,174755,000104,0,3869,4011,665,692
01,174755,100704,0,4016,4244,690,733
01,174756,040104,0,3672,3814,629,656
01,174756,040704,0,3819,4047,654,697
01,174757,004104,0,2125,2218,339,356
01,174757,104704,0,2128,2221,340,357
01,174760,000104,0,3814,3956,652,679
01,174760,100704,0,3961,4189,677,720
01,174761,040104,0,3617,3759,616,643
01,174761,040704,0,3764,3992,641,684
01,174762,000104,0,3814,3956,652,679
01,174762,100704,0,3961,4189,677,720
01,174763,040104,0,3617,3759,616,643
01,174763,040704,0,3764,3992,641,684
01,174764,000104,0,3814,3956,652,679
01,174764,100704,0,3961,4189,677,720
01,174765,040104,0,3617,3759,616,643
01,174765,040704,0,3764,3992,641,684
01,174766,000104,0,3814,3956,652,679
01,174766,100704,0,3961,4189,677,720
01,174767,144104,0,3617,3759,616,643
01,174767,044704,0,3764,3992,641,684
01,174770,004104,0,3822,4007,655,690
01,174770,104704,0,3969,4240,680,731
01,174771,040104,0,3625,3810,619,654
01,174771,040704,0,3772,4043,644,695
01,174772,144104,0,3625,3810,619,654
01,174772,044704,0,3772,4043,644,695
01,174773,000104,0,3822,4007,655,690
01,174773,100704,0,3969,4240,680,731
01,174774,004104,0,3822,4007,655,690
01,174774,104704,0,3969,4240,680,731
01,174775,040104,0,3625,3810,619,654
01,174775,040704,0,3772,4043,644,695
01,174776,144104,0,3625,3810,619,654
01,174776,044704,0,3772,4043,644,695
01,174777,004104,0,3822,4007,655,690
01,174777,104704,0,3969,4240,680,731
01,171400,040104,0,3739,3752,599,602
01,171400,040704,0,3970,3983,636,639
01,171401,004104,0,4125,4138,705,708
01,171401,104704,0,4356,4369,742,745
01,171402,000104,0,4125,4138,705,708
01,171402,100704,0,4356,4369,742,745
01,171403,144104,0,4125,4138,705,708
01,171403,044704,0,4356,4369,742,745
01,171404,040104,0,4125,4138,705,708
01,171404,040704,0,4356,4369,742,745
01,171405,004104,0,4125,4138,705,708
01,171405,104704,0,4356,4369,742,745
01,171406,000104,0,2043,2056,317,320
01,171406,100704,0,2046,2059,318,321
01,171407,000104,0,2043,2056,317,320
01,171407,100704,0,2046,2059,318,321
01,171410,000104,0,4031,4130,694,713
01,171410,100704,0,4264,4449,733,768
01,171411,144104,0,4031,4130,694,713
01,171411,044704,0,4264,4449,733,768
01,171412,040104,0,4031,4130,694,713
01,171412,040704,0,4264,4449,733,768
01,171413,004104,0,4031,4130,694,713
01,171413,104704,0,4264,4449,733,768
01,171414,000104,0,4031,4130,694,713
01,171414,100704,0,4264,4449,733,768
01,171415,144104,0,4031,4130,694,713
01,171415,044704,0,4264,4449,733,768
01,171416,040104,0,4031,4130,694,713
01,171416,040704,0,4264,4449,733,768
01,171417,040104,0,4031,4130,694,713
01,171417,040704,0,4264,4449,733,768
01,171420,040104,0,4150,4249,717,736
01,171420,040704,0,4383,4568,756,791
01,171421,004104,0,4150,4249,717,736
01,171421,104704,0,4383,4568,756,791
01,171422,000104,0,4150,4249,717,736
01,171422,100704,0,4383,4568,756,791
01,171423,144104,0,4150,4249,717,736
01,171423,044704,0,4383,4568,756,791
01,171424,040104,0,4150,4249,717,736
01,171424,040704,0,4383,4568,756,791
01,171425,004104,0,4150,4249,717,736
01,171425,104704,0,4383,4568,756,791
01,171426,000104,0,4150,4249,717,736
01,171426,100704,0,4383,4568,756,791
01,171427,000104,0,4091,4147,704,715
01,171427,100704,0,4268,4324,733,744
01,171430,040104,0,4173,4315,721,748
01,171430,040704,0,4406,4634,760,803
01,171431,000104,0,4173,4315,721,748
01,171431,100704,0,4406,4634,760,803
01,171432,040104,0,4173,4315,721,748
01,171432,040704,0,4406,4634,760,803
01,171433,000104,0,4173,4315,721,748
01,171433,100704,0,4406,4634,760,803
01,171434,040104,0,4173,4315,721,748
01,171434,040704,0,4406,4634,760,803
01,171435,000104,0,4173,4315,721,748
01,171435,100704,0,4406,4634,760,803
01,171436,040104,0,4173,4315,721,748
01,171436,040704,0,4406,4634,760,803
01,171437,004104,0,4124,4266,711,738
01,171437,104704,0,4357,4585,750,793
01,171440,000104,0,4150,4249,717,736
01,171440,100704,0,4383,4568,756,791
01,171441,144104,0,4150,4249,717,736
01,171441,044704,0,4383,4568,756,791
01,171442,040104,0,4150,4249,717,736
01,171442,040704,0,4383,4568,756,791
01,171443,004104,0,4150,4249,717,736
01,171443,104704,0,4383,4568,756,791
01,171444,000104,0,4150,4249,717,736
01,171444,100704,0,4383,4568,756,791
01,171445,144104,0,4150,4249,717,736
01,171445,044704,0,4383,4568,756,791
01,171446,040104,0,4150,4249,717,736
01,171446,040704,0,4383,4568,756,791
01,171447,040104,0,4101,4200,707,726
01,171447,040704,0,4334,4519,746,781
01,171450,040104,0,4173,4315,721,748
01,171450,040704,0,4406,4634,760,803
01,171451,000104,0,4173,4315,721,748
01,171451,100704,0,4406,4634,760,803
01,171452,040104,0,4173,4315,721,748
01,171452,040704,0,4406,4634,760,803
01,171453,000104,0,4173,4315,721,748
01,171453,100704,0,4406,4634,760,803
01,171454,040104,0,4173,4315,721,748
01,171454,040704,0,4406,4634,760,803
01,171455,000104,0,4173,4315,721,748
01,171455,100704,0,4406,4634,760,803
01,171456,040104,0,4173,4315,721,748
01,171456,040704,0,4406,4634,760,803
01,171457,004104,0,2149,2242,342,359
01,171457,104704,0,2152,2245,343,360
01,171460,000104,0,4118,4260,708,735
01,171460,100704,0,4351,4579,747,790
01,171461,040104,0,4118,4260,708,735
01,171461,040704,0,4351,4579,747,790
01,171462,000104,0,4118,4260,708,735
01,171462,100704,0,4351,4579,747,790
01,171463,040104,0,4118,4260,708,735
01,171463,040704,0,4351,4579,747,790
01,171464,000104,0,4118,4260,708,735
01,171464,100704,0,4351,4579,747,790
01,171465,040104,0,4118,4260,708,735
01,171465,040704,0,4351,4579,747,790
01,171466,000104,0,4118,4260,708,735
01,171466,100704,0,4351,4579,747,790
01,171467,144104,0,4118,4260,708,735
01,171467,044704,0,4351,4579,747,790
01,171470,004104,0,4126,4311,711,746
01,171470,104704,0,4359,4630,750,801
01,171471,040104,0,4126,4311,711,746
01,171471,040704,0,4359,4630,750,801
01,171472,144104,0,4126,4311,711,746
01,171472,044704,0,4359,4630,750,801
01,171473,000104,0,4126,4311,711,746
01,171473,100704,0,4359,4630,750,801
01,171474,004104,0,4126,4311,711,746
01,171474,104704,0,4359,4630,750,801
01,171475,040104,0,4126,4311,711,746
01,171475,040704,0,4359,4630,750,801
01,171476,144104,0,4126,4311,711,746
01,171476,044704,0,4359,4630,750,801
01,171477,004104,0,4126,4311,711,746
01,171477,104704,0,4359,4630,750,801
01,171500,040104,0,4035,4048,690,693
01,171500,040704,0,4234,4247,721,724
01,171501,004104,0,3649,3662,584,587
01,171501,104704,0,3848,3861,615,618
01,171502,000104,0,4035,4048,690,693
01,171502,100704,0,4234,4247,721,724
01,171503,144104,0,4035,4048,690,693
01,171503,044704,0,4234,4247,721,724
01,171504,040104,0,4035,4048,690,693
01,171504,040704,0,4234,4247,721,724
01,171505,004104,0,4035,4048,690,693
01,171505,104704,0,4234,4247,721,724
01,171506,000104,0,2043,2056,317,320
01,171506,100704,0,2046,2059,318,321
01,171507,000104,0,2043,2056,317,320
01,171507,100704,0,2046,2059,318,321
01,171510,000104,0,3941,4040,679,698
01,171510,100704,0,4142,4327,712,747
01,171511,144104,0,3941,4040,679,698
01,171511,044704,0,4142,4327,712,747
01,171512,040104,0,3941,4040,679,698
01,171512,040704,0,4142,4327,712,747
01,171513,004104,0,3941,4040,679,698
01,171513,104704,0,4142,4327,712,747
01,171514,000104,0,3941,4040,679,698
01,171514,100704,0,4142,4327,712,747
01,171515,144104,0,3941,4040,679,698
01,171515,044704,0,4142,4327,712,747
01,171516,040104,0,3941,4040,679,698
01,171516,040704,0,4142,4327,712,747
01,171517,040104,0,3941,4040,679,698
01,171517,040704,0,4142,4327,712,747
01,171520,040104,0,4060,4159,702,721
01,171520,040704,0,4261,4446,735,770
01,171521,004104,0,4060,4159,702,721
01,171521,104704,0,4261,4446,735,770
01,171522,000104,0,4060,4159,702,721
01,171522,100704,0,4261,4446,735,770
01,171523,144104,0,4060,4159,702,721
01,171523,044704,0,4261,4446,735,770
01,171524,040104,0,4060,4159,702,721
01,171524,040704,0,4261,4446,735,770
01,171525,004104,0,4060,4159,702,721
01,171525,104704,0,4261,4446,735,770
01,171526,000104,0,4060,4159,702,721
01,171526,100704,0,4261,4446,735,770
01,171527,000104,0,4001,4057,689,700
01,171527,100704,0,4146,4202,712,723
01,171530,040104,0,4083,4225,706,733
01,171530,040704,0,4284,4512,739,782
01,171531,000104,0,4083,4225,706,733
01,171531,100704,0,4284,4512,739,782
01,171532,040104,0,4083,4225,706,733
01,171532,040704,0,4284,4512,739,782
01,171533,000104,0,4083,4225,706,733
01,171533,100704,0,4284,4512,739,782
01,171534,040104,0,4083,4225,706,733
01,171534,040704,0,4284,4512,739,782
01,171535,000104,0,4083,4225,706,733
01,171535,100704,0,4284,4512,739,782
01,171536,040104,0,4083,4225,706,733
01,171536,040704,0,4284,4512,739,782
01,171537,004104,0,4034,4176,696,723
01,171537,104704,0,4235,4463,729,772
01,171540,000104,0,4060,4159,702,721
01,171540,100704,0,4261,4446,735,770
01,171541,144104,0,4060,4159,702,721
01,171541,044704,0,4261,4446,735,770
01,171542,040104,0,4060,4159,702,721
01,171542,040704,0,4261,4446,735,770
01,171543,004104,0,4060,4159,702,721
01,171543,104704,0,4261,4446,735,770
01,171544,000104,0,4060,4159,702,721
01,171544,100704,0,4261,4446,735,770
01,171545,144104,0,4060,4159,702,721
01,171545,044704,0,4261,4446,735,770
01,171546,040104,0,4060,4159,702,721
01,171546,040704,0,4261,4446,735,770
01,171547,040104,0,4011,4110,692,711
01,171547,040704,0,4212,4397,725,760
01,171550,040104,0,4083,4225,706,733
01,171550,040704,0,4284,4512,739,782
01,171551,000104,0,4083,4225,706,733
01,171551,100704,0,4284,4512,739,782
01,171552,040104,0,4083,4225,706,733
01,171552,040704,0,4284,4512,739,782
01,171553,000104,0,4083,4225,706,733
01,171553,100704,0,4284,4512,739,782
01,171554,040104,0,4083,4225,706,733
01,171554,040704,0,4284,4512,739,782
01,171555,000104,0,4083,4225,706,733
01,171555,100704,0,4284,4512,739,782
01,171556,040104,0,4083,4225,706,733
01,171556,040704,0,4284,4512,739,782
01,171557,004104,0,2149,2242,342,359
01,171557,104704,0,2152,2245,343,360
01,171560,000104,0,4028,4170,693,720
01,171560,100704,0,4229,4457,726,769
01,171561,040104,0,4028,4170,693,720
01,171561,040704,0,4229,4457,726,769
01,171562,000104,0,4028,4170,693,720
01,171562,100704,0,4229,4457,726,769
01,171563,040104,0,4028,4170,693,720
01,171563,040704,0,4229,4457,726,769
01,171564,000104,0,4028,4170,693,720
01,171564,100704,0,4229,4457,726,769
01,171565,040104,0,4028,4170,693,720
01,171565,040704,0,4229,4457,726,769
01,171566,000104,0,4028,4170,693,720
01,171566,100704,0,4229,4457,726,769
01,171567,144104,0,4028,4170,693,720
01,171567,044704,0,4229,4457,726,769
01,171570,004104,0,4036,4221,696,731
01,171570,104704,0,4237,4508,729,780
01,171571,040104,0,4036,4221,696,731
01,171571,040704,0,4237,4508,729,780
01,171572,144104,0,4036,4221,696,731
01,171572,044704,0,4237,4508,729,780
01,171573,000104,0,4036,4221,696,731
01,171573,100704,0,4237,4508,729,780
01,171574,004104,0,4036,4221,696,731
01,171574,104704,0,4237,4508,729,780
01,171575,040104,0,4036,4221,696,731
01,171575,040704,0,4237,4508,729,780
01,171576,144104,0,4036,4221,696,731
01,171576,044704,0,4237,4508,729,780
01,171577,004104,0,4036,4221,696,731
01,171577,104704,0,4237,4508,729,780
01,171600,040104,0,4125,4138,705,708
01,171600,040704,0,4356,4369,742,745
01,171601,004104,0,4125,4138,705,708
01,171601,104704,0,4356,4369,742,745
01,171602,000104,0,3739,3752,599,602
01,171602,100704,0,3970,3983,636,639
01,171603,144104,0,4125,4138,705,708
01,171603,044704,0,4356,4369,742,745
01,171604,040104,0,4125,4138,705,708
01,171604,040704,0,4356,4369,742,745
01,171605,004104,0,4125,4138,705,708
01,171605,104704,0,4356,4369,742,745
01,171606,000104,0,2043,2056,317,320
01,171606,100704,0,2046,2059,318,321
01,171607,000104,0,2043,2056,317,320
01,171607,100704,0,2046,2059,318,321
01,171610,000104,0,4031,4130,694,713
01,171610,100704,0,4264,4449,733,768
01,171611,144104,0,4031,4130,694,713
01,171611,044704,0,4264,4449,733,768
01,171612,040104,0,4031,4130,694,713
01,171612,040704,0,4264,4449,733,768
01,171613,004104,0,4031,4130,694,713
01,171613,104704,0,4264,4449,733,768
01,171614,000104,0,4031,4130,694,713
01,171614,100704,0,4264,4449,733,768
01,171615,144104,0,4031,4130,694,713
01,171615,044704,0,4264,4449,733,768
01,171616,040104,0,4031,4130,694,713
01,171616,040704,0,4264,4449,733,768
01,171617,040104,0,4031,4130,694,713
01,171617,040704,0,4264,4449,733,768
01,171620,040104,0,4150,4249,717,736
01,171620,040704,0,4383,4568,756,791
01,171621,004104,0,4150,4249,717,736
01,171621,104704,0,4383,4568,756,791
01,171622,000104,0,4150,4249,717,736
01,171622,100704,0,4383,4568,756,791
01,171623,144104,0,4150,4249,717,736
01,171623,044704,0,4383,4568,756,791
01,171624,040104,0,4150,4249,717,736
01,171624,040704,0,4383,4568,756,791
01,171625,004104,0,4150,4249,717,736
01,171625,104704,0,4383,4568,756,791
01,171626,000104,0,4150,4249,717,736
01,171626,100704,0,4383,4568,756,791
01,171627,000104,0,4091,4147,704,715
01,171627,100704,0,4268,4324,733,744
01,171630,040104,0,4173,4315,721,748
01,171630,040704,0,4406,4634,760,803
01,171631,000104,0,4173,4315,721,748
01,171631,100704,0,4406,4634,760,803
01,171632,040104,0,4173,4315,721,748
01,171632,040704,0,4406,4634,760,803
01,171633,000104,0,4173,4315,721,748
01,171633,100704,0,4406,4634,760,803
01,171634,040104,0,4173,4315,721,748
01,171634,040704,0,4406,4634,760,803
01,171635,000104,0,4173,4315,721,748
01,171635,100704,0,4406,4634,760,803
01,171636,040104,0,4173,4315,721,748
01,171636,040704,0,4406,4634,760,803
01,171637,004104,0,4124,4266,711,738
01,171637,104704,0,4357,4585,750,793
01,171640,000104,0,4150,4249,717,736
01,171640,100704,0,4383,4568,756,791
01,171641,144104,0,4150,4249,717,736
01,171641,044704,0,4383,4568,756,791
01,171642,040104,0,4150,4249,717,736
01,171642,040704,0,4383,4568,756,791
01,171643,004104,0,4150,4249,717,736
01,171643,104704,0,4383,4568,756,791
01,171644,000104,0,4150,4249,717,736
01,171644,100704,0,4383,4568,756,791
01,171645,144104,0,4150,4249,717,736
01,171645,044704,0,4383,4568,756,791
01,171646,040104,0,4150,4249,717,736
01,171646,040704,0,4383,4568,756,791
01,171647,040104,0,4101,4200,707,726
01,171647,040704,0,4334,4519,746,781
01,171650,040104,0,4173,4315,721,748
01,171650,040704,0,4406,4634,760,803
01,171651,000104,0,4173,4315,721,748
01,171651,100704,0,4406,4634,760,803
01,171652,040104,0,4173,4315,721,748
01,171652,040704,0,4406,4634,760,803
01,171653,000104,0,4173,4315,721,748
01,171653,100704,0,4406,4634,760,803
01,171654,040104,0,4173,4315,721,748
01,171654,040704,0,4406,4634,760,803
01,171655,000104,0,4173,4315,721,748
01,171655,100704,0,4406,4634,760,803
01,171656,040104,0,4173,4315,721,748
01,171656,040704,0,4406,4634,760,803
01,171657,004104,0,2149,2242,342,359
01,171657,104704,0,2152,2245,343,360
01,171660,000104,0,4118,4260,708,735
01,171660,100704,0,4351,4579,747,790
01,171661,040104,0,4118,4260,708,735
01,171661,040704,0,4351,4579,747,790
01,171662,000104,0,4118,4260,708,735
01,171662,100704,0,4351,4579,747,790
01,171663,040104,0,4118,4260,708,735
01,171663,040704,0,4351,4579,747,790
01,171664,000104,0,4118,4260,708,735
01,171664,100704,0,4351,4579,747,790
01,171665,040104,0,4118,4260,708,735
01,171665,040704,0,4351,4579,747,790
01,171666,000104,0,4118,4260,708,735
01,171666,100704,0,4351,4579,747,790
01,171667,144104,0,4118,4260,708,735
01,171667,044704,0,4351,4579,747,790
01,171670,004104,0,4126,4311,711,746
01,171670,104704,0,4359,4630,750,801
01,171671,040104,0,4126,4311,711,746
01,171671,040704,0,4359,4630,750,801
01,171672,144104,0,4126,4311,711,746
01,171672,044704,0,4359,4630,750,801
01,171673,000104,0,4126,4311,711,746
01,171673,100704,0,4359,4630,750,801
01,171674,004104,0,4126,4311,711,746
01,171674,104704,0,4359,4630,750,801
01,171675,040104,0,4126,4311,711,746
01,171675,040704,0,4359,4630,750,801
01,171676,144104,0,4126,4311,711,746
01,171676,044704,0,4359,4630,750,801
01,171677,004104,0,4126,4311,711,746
01,171677,104704,0,4359,4630,750,801
01,171700,040104,0,4035,4048,690,693
01,171700,040704,0,4234,4247,721,724
01,171701,004104,0,4035,4048,690,693
01,171701,104704,0,4234,4247,721,724
01,171702,000104,0,4035,4048,690,693
01,171702,100704,0,4234,4247,721,724
01,171703,144104,0,3649,3662,584,587
01,171703,044704,0,3848,3861,615,618
01,171704,040104,0,4035,4048,690,693
01,171704,040704,0,4234,4247,721,724
01,171705,004104,0,4035,4048,690,693
01,171705,104704,0,4234,4247,721,724
01,171706,000104,0,2043,2056,317,320
01,171706,100704,0,2046,2059,318,321
01,171707,000104,0,2043,2056,317,320
01,171707,100704,0,2046,2059,318,321
01,171710,000104,0,3941,4040,679,698
01,171710,100704,0,4142,4327,712,747
01,171711,144104,0,3941,4040,679,698
01,171711,044704,0,4142,4327,712,747
01,171712,040104,0,3941,4040,679,698
01,171712,040704,0,4142,4327,712,747
01,171713,004104,0,3941,4040,679,698
01,171713,104704,0,4142,4327,712,747
01,171714,000104,0,3941,4040,679,698
01,171714,100704,0,4142,4327,712,747
01,171715,144104,0,3941,4040,679,698
01,171715,044704,0,4142,4327,712,747
01,171716,040104,0,3941,4040,679,698
01,171716,040704,0,4142,4327,712,747
01,171717,040104,0,3941,4040,679,698
01,171717,040704,0,4142,4327,712,747
01,171720,040104,0,4060,4159,702,721
01,171720,040704,0,4261,4446,735,770
01,171721,004104,0,4060,4159,702,721
01,171721,104704,0,4261,4446,735,770
01,171722,000104,0,4060,4159,702,721
01,171722,100704,0,4261,4446,735,770
01,171723,144104,0,4060,4159,702,721
01,171723,044704,0,4261,4446,735,770
01,171724,040104,0,4060,4159,702,721
01,171724,040704,0,4261,4446,735,770
01,171725,004104,0,4060,4159,702,721
01,171725,104704,0,4261,4446,735,770
01,171726,000104,0,4060,4159,702,721
01,171726,100704,0,4261,4446,735,770
01,171727,000104,0,4001,4057,689,700
01,171727,100704,0,4146,4202,712,723
01,171730,040104,0,4083,4225,706,733
01,171730,040704,0,4284,4512,739,782
01,171731,000104,0,4083,4225,706,733
01,171731,100704,0,4284,4512,739,782
01,171732,040104,0,4083,4225,706,733
01,171732,040704,0,4284,4512,739,782
01,171733,000104,0,4083,4225,706,733
01,171733,100704,0,4284,4512,739,782
01,171734,040104,0,4083,4225,706,733
01,171734,040704,0,4284,4512,739,782
01,171735,000104,0,4083,4225,706,733
01,171735,100704,0,4284,4512,739,782
01,171736,040104,0,4083,4225,706,733
01,171736,040704,0,4284,4512,739,782
01,171737,004104,0,4034,4176,696,723
01,171737,104704,0,4235,4463,729,772
01,171740,000104,0,4060,4159,702,721
01,171740,100704,0,4261,4446,735,770
01,171741,144104,0,4060,4159,702,721
01,171741,044704,0,4261,4446,735,770
01,171742,040104,0,4060,4159,702,721
01,171742,040704,0,4261,4446,735,770
01,171743,004104,0,4060,4159,702,721
01,171743,104704,0,4261,4446,735,770
01,171744,000104,0,4060,4159,702,721
01,171744,100704,0,4261,4446,735,770
01,171745,144104,0,4060,4159,702,721
01,171745,044704,0,4261,4446,735,770
01,171746,040104,0,4060,4159,702,721
01,171746,040704,0,4261,4446,735,770
01,171747,040104,0,4011,4110,692,711
01,171747,040704,0,4212,4397,725,760
01,171750,040104,0,4083,4225,706,733
01,171750,040704,0,4284,4512,739,782
01,171751,000104,0,4083,4225,706,733
01,171751,100704,0,4284,4512,739,782
01,171752,040104,0,4083,4225,706,733
01,171752,040704,0,4284,4512,739,782
01,171753,000104,0,4083,4225,706,733
01,171753,100704,0,4284,4512,739,782
01,171754,040104,0,4083,4225,706,733
01,171754,040704,0,4284,4512,739,782
01,171755,000104,0,4083,4225,706,733
01,171755,100704,0,4284,4512,739,782
01,171756,040104,0,4083,4225,706,733
01,171756,040704,0,4284,4512,739,782
01,171757,004104,0,2149,2242,342,359
01,171757,104704,0,2152,2245,343,360
01,171760,000104,0,4028,4170,693,720
01,171760,100704,0,4229,4457,726,769
01,171761,040104,0,4028,4170,693,720
01,171761,040704,0,4229,4457,726,769
01,171762,000104,0,4028,4170,693,720
01,171762,100704,0,4229,4457,726,769
01,171763,040104,0,4028,4170,693,720
01,171763,040704,0,4229,4457,726,769
01,171764,000104,0,4028,4170,693,720
01,171764,100704,0,4229,4457,726,769
01,171765,040104,0,4028,4170,693,720
01,171765,040704,0,4229,4457,726,769
01,171766,000104,0,4028,4170,693,720
01,171766,100704,0,4229,4457,726,769
01,171767,144104,0,4028,4170,693,720
01,171767,044704,0,4229,4457,726,769
01,171770,004104,0,4036,4221,696,731
01,171770,104704,0,4237,4508,729,780
01,171771,040104,0,4036,4221,696,731
01,171771,040704,0,4237,4508,729,780
01,171772,144104,0,4036,4221,696,731
01,171772,044704,0,4237,4508,729,780
01,171773,000104,0,4036,4221,696,731
01,171773,100704,0,4237,4508,729,780
01,171774,004104,0,4036,4221,696,731
01,171774,104704,0,4237,4508,729,780
01,171775,040104,0,4036,4221,696,731
01,171775,040704,0,4237,4508,729,780
01,171776,144104,0,4036,4221,696,731
01,171776,044704,0,4237,4508,729,780
01,171777,004104,0,4036,4221,696,731
01,171777,104704,0,4237,4508,729,780
01,170400,041104,0,2086,2099,334,337
01,170400,041704,0,2143,2156,343,346
01,170401,004104,0,2086,2099,334,337
01,170401,104704,0,2143,2156,343,346
01,170402,003104,0,2086,2099,334,337
01,170402,103704,0,2143,2156,343,346
01,170403,146104,0,2086,2099,334,337
01,170403,046704,0,2143,2156,343,346
01,170404,041104,0,2086,2099,334,337
01,170404,041704,0,2143,2156,343,346
01,170405,004104,0,2086,2099,334,337
01,170405,104704,0,2143,2156,343,346
01,170406,003104,0,1761,1774,282,285
01,170406,103704,0,1764,1777,283,286
01,170407,003104,0,1761,1774,282,285
01,170407,103704,0,1764,1777,283,286
01,170410,003104,0,2069,2134,335,352
01,170410,103704,0,2162,2279,350,381
01,170411,146104,0,2069,2134,335,352
01,170411,046704,0,2162,2279,350,381
01,170412,041104,0,2069,2134,335,352
01,170412,041704,0,2162,2279,350,381
01,170413,004104,0,2069,2134,335,352
01,170413,104704,0,2162,2279,350,381
01,170414,003104,0,2069,2134,335,352
01,170414,103704,0,2162,2279,350,381
01,170415,146104,0,2069,2134,335,352
01,170415,046704,0,2162,2279,350,381
01,170416,041104,0,2069,2134,335,352
01,170416,041704,0,2162,2279,350,381
01,170417,041104,0,2069,2134,335,352
01,170417,041704,0,2162,2279,350,381
01,170420,041104,0,2188,2253,358,375
01,170420,041704,0,2281,2398,373,404
01,170421,004104,0,2188,2253,358,375
01,170421,104704,0,2281,2398,373,404
01,170422,003104,0,2188,2253,358,375
01,170422,103704,0,2281,2398,373,404
01,170423,146104,0,2188,2253,358,375
01,170423,046704,0,2281,2398,373,404
01,170424,041104,0,2188,2253,358,375
01,170424,041704,0,2281,2398,373,404
01,170425,004104,0,2188,2253,358,375
01,170425,104704,0,2281,2398,373,404
01,170426,003104,0,2188,2253,358,375
01,170426,103704,0,2281,2398,373,404
01,170427,003104,0,2112,2151,343,353
01,170427,103704,0,2115,2154,344,354
01,170430,041104,0,2211,2319,362,387
01,170430,041704,0,2304,2464,377,416
01,170431,003104,0,2211,2319,362,387
01,170431,103704,0,2304,2464,377,416
01,170432,041104,0,2211,2319,362,387
01,170432,041704,0,2304,2464,377,416
01,170433,003104,0,2211,2319,362,387
01,170433,103704,0,2304,2464,377,416
01,170434,041104,0,2211,2319,362,387
01,170434,041704,0,2304,2464,377,416
01,170435,003104,0,2211,2319,362,387
01,170435,103704,0,2304,2464,377,416
01,170436,041104,0,2211,2319,362,387
01,170436,041704,0,2304,2464,377,416
01,170437,004104,0,2162,2270,352,377
01,170437,104704,0,2255,2415,367,406
01,170440,003104,0,2188,2253,358,375
01,170440,103704,0,2281,2398,373,404
01,170441,146104,0,2188,2253,358,375
01,170441,046704,0,2281,2398,373,404
01,170442,041104,0,2188,2253,358,375
01,170442,041704,0,2281,2398,373,404
01,170443,004104,0,2188,2253,358,375
01,170443,104704,0,2281,2398,373,404
01,170444,003104,0,2188,2253,358,375
01,170444,103704,0,2281,2398,373,404
01,170445,146104,0,2188,2253,358,375
01,170445,046704,0,2281,2398,373,404
01,170446,041104,0,2188,2253,358,375
01,170446,041704,0,2281,2398,373,404
01,170447,041104,0,2139,2204,348,365
01,170447,041704,0,2232,2349,363,394
01,170450,041104,0,2211,2319,362,387
01,170450,041704,0,2304,2464,377,416
01,170451,003104,0,2211,2319,362,387
01,170451,103704,0,2304,2464,377,416
01,170452,041104,0,2211,2319,362,387
01,170452,041704,0,2304,2464,377,416
01,170453,003104,0,2211,2319,362,387
01,170453,103704,0,2304,2464,377,416
01,170454,041104,0,2211,2319,362,387
01,170454,041704,0,2304,2464,377,416
01,170455,003104,0,2211,2319,362,387
01,170455,103704,0,2304,2464,377,416
01,170456,041104,0,2211,2319,362,387
01,170456,041704,0,2304,2464,377,416
01,170457,004104,0,2140,2216,346,362
01,170457,104704,0,2143,2219,347,363
01,170460,003104,0,2156,2264,349,374
01,170460,103704,0,2249,2409,364,403
01,170461,041104,0,2156,2264,349,374
01,170461,041704,0,2249,2409,364,403
01,170462,003104,0,2156,2264,349,374
01,170462,103704,0,2249,2409,364,403
01,170463,041104,0,2156,2264,349,374
01,170463,041704,0,2249,2409,364,403
01,170464,003104,0,2156,2264,349,374
01,170464,103704,0,2249,2409,364,403
01,170465,041104,0,2156,2264,349,374
01,170465,041704,0,2249,2409,364,403
01,170466,003104,0,2156,2264,349,374
01,170466,103704,0,2249,2409,364,403
01,170467,146104,0,2156,2264,349,374
01,170467,046704,0,2249,2409,364,403
01,170470,004104,0,2164,2315,352,385
01,170470,104704,0,2257,2460,367,414
01,170471,041104,0,2164,2315,352,385
01,170471,041704,0,2257,2460,367,414
01,170472,146104,0,2164,2315,352,385
01,170472,046704,0,2257,2460,367,414
01,170473,003104,0,2164,2315,352,385
01,170473,103704,0,2257,2460,367,414
01,170474,004104,0,2164,2315,352,385
01,170474,104704,0,2257,2460,367,414
01,170475,041104,0,2164,2315,352,385
01,170475,041704,0,2257,2460,367,414
01,170476,146104,0,2164,2315,352,385
01,170476,046704,0,2257,2460,367,414
01,170477,004104,0,2164,2315,352,385
01,170477,104704,0,2257,2460,367,414
01,170500,041104,0,2035,2048,325,328
01,170500,041704,0,2092,2105,334,337
01,170501,004104,0,2035,2048,325,328
01,170501,104704,0,2092,2105,334,337
01,170502,003104,0,2035,2048,325,328
01,170502,103704,0,2092,2105,334,337
01,170503,146104,0,2035,2048,325,328
01,170503,046704,0,2092,2105,334,337
01,170504,041104,0,2035,2048,325,328
01,170504,041704,0,2092,2105,334,337
01,170505,004104,0,2035,2048,325,328
01,170505,104704,0,2092,2105,334,337
01,170506,003104,0,1785,1798,285,288
01,170506,103704,0,1788,1801,286,289
01,170507,003104,0,1785,1798,285,288
01,170507,103704,0,1788,1801,286,289
01,170510,003104,0,1941,2040,314,333
01,170510,103704,0,2000,2185,325,360
01,170511,146104,0,1941,2040,314,333
01,170511,046704,0,2000,2185,325,360
01,170512,041104,0,1941,2040,314,333
01,170512,041704,0,2000,2185,325,360
01,170513,004104,0,1941,2040,314,333
01,170513,104704,0,2000,2185,325,360
01,170514,003104,0,1941,2040,314,333
01,170514,103704,0,2000,2185,325,360
01,170515,146104,0,1941,2040,314,333
01,170515,046704,0,2000,2185,325,360
01,170516,041104,0,1941,2040,314,333
01,170516,041704,0,2000,2185,325,360
01,170517,041104,0,1941,2040,314,333
01,170517,041704,0,2000,2185,325,360
01,170520,041104,0,2060,2159,337,356
01,170520,041704,0,2119,2304,348,383
01,170521,004104,0,2060,2159,337,356
01,170521,104704,0,2119,2304,348,383
01,170522,003104,0,2060,2159,337,356
01,170522,103704,0,2119,2304,348,383
01,170523,146104,0,2060,2159,337,356
01,170523,046704,0,2119,2304,348,383
01,170524,041104,0,2060,2159,337,356
01,170524,041704,0,2119,2304,348,383
01,170525,004104,0,2060,2159,337,356
01,170525,104704,0,2119,2304,348,383
01,170526,003104,0,2060,2159,337,356
01,170526,103704,0,2119,2304,348,383
01,170527,003104,0,2001,2057,324,335
01,170527,103704,0,2004,2060,325,336
01,170530,041104,0,2083,2225,341,368
01,170530,041704,0,2142,2370,352,395
01,170531,003104,0,2083,2225,341,368
01,170531,103704,0,2142,2370,352,395
01,170532,041104,0,2083,2225,341,368
01,170532,041704,0,2142,2370,352,395
01,170533,003104,0,2083,2225,341,368
01,170533,103704,0,2142,2370,352,395
01,170534,041104,0,2083,2225,341,368
01,170534,041704,0,2142,2370,352,395
01,170535,003104,0,2083,2225,341,368
01,170535,103704,0,2142,2370,352,395
01,170536,041104,0,2083,2225,341,368
01,170536,041704,0,2142,2370,352,395
01,170537,004104,0,2034,2176,331,358
01,170537,104704,0,2093,2321,342,385
01,170540,003104,0,2060,2159,337,356
01,170540,103704,0,2119,2304,348,383
01,170541,146104,0,2060,2159,337,356
01,170541,046704,0,2119,2304,348,383
01,170542,041104,0,2060,2159,337,356
01,170542,041704,0,2119,2304,348,383
01,170543,004104,0,2060,2159,337,356
01,170543,104704,0,2119,2304,348,383
01,170544,003104,0,2060,2159,337,356
01,170544,103704,0,2119,2304,348,383
01,170545,146104,0,2060,2159,337,356
01,170545,046704,0,2119,2304,348,383
01,170546,041104,0,2060,2159,337,356
01,170546,041704,0,2119,2304,348,383
01,170547,041104,0,2011,2110,327,346
01,170547,041704,0,2070,2255,338,373
01,170550,041104,0,2083,2225,341,368
01,170550,041704,0,2142,2370,352,395
01,170551,003104,0,2083,2225,341,368
01,170551,103704,0,2142,2370,352,395
01,170552,041104,0,2083,2225,341,368
01,170552,041704,0,2142,2370,352,395
01,170553,003104,0,2083,2225,341,368
01,170553,103704,0,2142,2370,352,395
01,170554,041104,0,2083,2225,341,368
01,170554,041704,0,2142,2370,352,395
01,170555,003104,0,2083,2225,341,368
01,170555,103704,0,2142,2370,352,395
01,170556,041104,0,2083,2225,341,368
01,170556,041704,0,2142,2370,352,395
01,170557,004104,0,1891,1984,310,327
01,170557,104704,0,1894,1987,311,328
01,170560,003104,0,2028,2170,328,355
01,170560,103704,0,2087,2315,339,382
01,170561,041104,0,2028,2170,328,355
01,170561,041704,0,2087,2315,339,382
01,170562,003104,0,2028,2170,328,355
01,170562,103704,0,2087,2315,339,382
01,170563,041104,0,2028,2170,328,355
01,170563,041704,0,2087,2315,339,382
01,170564,003104,0,2028,2170,328,355
01,170564,103704,0,2087,2315,339,382
01,170565,041104,0,2028,2170,328,355
01,170565,041704,0,2087,2315,339,382
01,170566,003104,0,2028,2170,328,355
01,170566,103704,0,2087,2315,339,382
01,170567,146104,0,2028,2170,328,355
01,170567,046704,0,2087,2315,339,382
01,170570,004104,0,2036,2221,331,366
01,170570,104704,0,2095,2366,342,393
01,170571,041104,0,2036,2221,331,366
01,170571,041704,0,2095,2366,342,393
01,170572,146104,0,2036,2221,331,366
01,170572,046704,0,2095,2366,342,393
01,170573,003104,0,2036,2221,331,366
01,170573,103704,0,2095,2366,342,393
01,170574,004104,0,2036,2221,331,366
01,170574,104704,0,2095,2366,342,393
01,170575,041104,0,2036,2221,331,366
01,170575,041704,0,2095,2366,342,393
01,170576,146104,0,2036,2221,331,366
01,170576,046704,0,2095,2366,342,393
01,170577,004104,0,2036,2221,331,366
01,170577,104704,0,2095,2366,342,393
01,170600,041104,0,2402,2415,386,389
01,170600,041704,0,2513,2526,403,406
01,170601,004104,0,2402,2415,386,389
01,170601,104704,0,2513,2526,403,406
01,170602,003104,0,2402,2415,386,389
01,170602,103704,0,2513,2526,403,406
01,170603,146104,0,2402,2415,386,389
01,170603,046704,0,2513,2526,403,406
01,170604,041104,0,2402,2415,386,389
01,170604,041704,0,2513,2526,403,406
01,170605,004104,0,2402,2415,386,389
01,170605,104704,0,2513,2526,403,406
01,170606,003104,0,1809,1822,288,291
01,170606,103704,0,1812,1825,289,292
01,170607,003104,0,1809,1822,288,291
01,170607,103704,0,1812,1825,289,292
01,170610,003104,0,2384,2535,389,422
01,170610,103704,0,2533,2822,414,477
01,170611,003104,0,2384,2535,389,422
01,170611,103704,0,2533,2822,414,477
01,170612,003104,0,2384,2535,389,422
01,170612,103704,0,2533,2822,414,477
01,170613,003104,0,2384,2535,389,422
01,170613,103704,0,2533,2822,414,477
01,170614,003104,0,2384,2535,389,422
01,170614,103704,0,2533,2822,414,477
01,170615,003104,0,2384,2535,389,422
01,170615,103704,0,2533,2822,414,477
01,170616,003104,0,2384,2535,389,422
01,170616,103704,0,2533,2822,414,477
01,170617,004104,0,2384,2535,389,422
01,170617,104704,0,2533,2822,414,477
01,170620,041104,0,2503,2654,412,445
01,170620,041704,0,2652,2941,437,500
01,170621,041104,0,2503,2654,412,445
01,170621,041704,0,2652,2941,437,500
01,170622,041104,0,2503,2654,412,445
01,170622,041704,0,2652,2941,437,500
01,170623,041104,0,2503,2654,412,445
01,170623,041704,0,2652,2941,437,500
01,170624,041104,0,2503,2654,412,445
01,170624,041704,0,2652,2941,437,500
01,170625,041104,0,2503,2654,412,445
01,170625,041704,0,2652,2941,437,500
01,170626,041104,0,2503,2654,412,445
01,170626,041704,0,2652,2941,437,500
01,170627,146104,0,2399,2481,392,410
01,170627,046704,0,2402,2484,393,411
01,170630,003104,0,2526,2720,416,457
01,170630,103704,0,2675,3007,441,512
01,170631,146104,0,2526,2720,416,457
01,170631,046704,0,2675,3007,441,512
01,170632,041104,0,2526,2720,416,457
01,170632,041704,0,2675,3007,441,512
01,170633,004104,0,2526,2720,416,457
01,170633,104704,0,2675,3007,441,512
01,170634,003104,0,2526,2720,416,457
01,170634,103704,0,2675,3007,441,512
01,170635,146104,0,2526,2720,416,457
01,170635,046704,0,2675,3007,441,512
01,170636,041104,0,2526,2720,416,457
01,170636,041704,0,2675,3007,441,512
01,170637,041104,0,2477,2671,406,447
01,170637,041704,0,2626,2958,431,502
01,170640,041104,0,2503,2654,412,445
01,170640,041704,0,2652,2941,437,500
01,170641,041104,0,2503,2654,412,445
01,170641,041704,0,2652,2941,437,500
01,170642,041104,0,2503,2654,412,445
01,170642,041704,0,2652,2941,437,500
01,170643,041104,0,2503,2654,412,445
01,170643,041704,0,2652,2941,437,500
01,170644,041104,0,2503,2654,412,445
01,170644,041704,0,2652,2941,437,500
01,170645,041104,0,2503,2654,412,445
01,170645,041704,0,2652,2941,437,500
01,170646,041104,0,2503,2654,412,445
01,170646,041704,0,2652,2941,437,500
01,170647,146104,0,2454,2605,402,435
01,170647,046704,0,2603,2892,427,490
01,170650,003104,0,2526,2720,416,457
01,170650,103704,0,2675,3007,441,512
01,170651,146104,0,2526,2720,416,457
01,170651,046704,0,2675,3007,441,512
01,170652,041104,0,2526,2720,416,457
01,170652,041704,0,2675,3007,441,512
01,170653,004104,0,2526,2720,416,457
01,170653,104704,0,2675,3007,441,512
01,170654,003104,0,2526,2720,416,457
01,170654,103704,0,2675,3007,441,512
01,170655,146104,0,2526,2720,416,457
01,170655,046704,0,2675,3007,441,512
01,170656,041104,0,2526,2720,416,457
01,170656,041704,0,2675,3007,441,512
01,170657,041104,0,1915,2008,313,330
01,170657,041704,0,1918,2011,314,331
01,170660,004104,0,2471,2665,403,444
01,170660,104704,0,2620,2952,428,499
01,170661,003104,0,2471,2665,403,444
01,170661,103704,0,2620,2952,428,499
01,170662,146104,0,2471,2665,403,444
01,170662,046704,0,2620,2952,428,499
01,170663,041104,0,2471,2665,403,444
01,170663,041704,0,2620,2952,428,499
01,170664,004104,0,2471,2665,403,444
01,170664,104704,0,2620,2952,428,499
01,170665,003104,0,2471,2665,403,444
01,170665,103704,0,2620,2952,428,499
01,170666,146104,0,2471,2665,403,444
01,170666,046704,0,2620,2952,428,499
01,170667,146104,0,2471,2665,403,444
01,170667,046704,0,2620,2952,428,499
01,170670,041104,0,2479,2716,406,455
01,170670,041704,0,2628,3003,431,510
01,170671,003104,0,2479,2716,406,455
01,170671,103704,0,2628,3003,431,510
01,170672,041104,0,2479,2716,406,455
01,170672,041704,0,2628,3003,431,510
01,170673,003104,0,2479,2716,406,455
01,170673,103704,0,2628,3003,431,510
01,170674,041104,0,2479,2716,406,455
01,170674,041704,0,2628,3003,431,510
01,170675,003104,0,2479,2716,406,455
01,170675,103704,0,2628,3003,431,510
01,170676,041104,0,2479,2716,406,455
01,170676,041704,0,2628,3003,431,510
01,170677,004104,0,2479,2716,406,455
01,170677,104704,0,2628,3003,431,510
01,170700,146104,0,2426,2439,389,392
01,170700,046704,0,2537,2550,406,409
01,170701,041104,0,2426,2439,389,392
01,170701,041704,0,2537,2550,406,409
01,170702,004104,0,2426,2439,389,392
01,170702,104704,0,2537,2550,406,409
01,170703,003104,0,2426,2439,389,392
01,170703,103704,0,2537,2550,406,409
01,170704,146104,0,2426,2439,389,392
01,170704,046704,0,2537,2550,406,409
01,170705,041104,0,2426,2439,389,392
01,170705,041704,0,2537,2550,406,409
01,170706,004104,0,1833,1846,291,294
01,170706,104704,0,1836,1849,292,295
01,170707,004104,0,1833,1846,291,294
01,170707,104704,0,1836,1849,292,295
01,170710,004104,0,2408,2559,392,425
01,170710,104704,0,2557,2846,417,480
01,170711,004104,0,2408,2559,392,425
01,170711,104704,0,2557,2846,417,480
01,170712,004104,0,2408,2559,392,425
01,170712,104704,0,2557,2846,417,480
01,170713,004104,0,2408,2559,392,425
01,170713,104704,0,2557,2846,417,480
01,170714,004104,0,2408,2559,392,425
01,170714,104704,0,2557,2846,417,480
01,170715,004104,0,2408,2559,392,425
01,170715,104704,0,2557,2846,417,480
01,170716,004104,0,2408,2559,392,425
01,170716,104704,0,2557,2846,417,480
01,170717,041104,0,2408,2559,392,425
01,170717,041704,0,2557,2846,417,480
01,170720,146104,0,2527,2678,415,448
01,170720,046704,0,2676,2965,440,503
01,170721,146104,0,2527,2678,415,448
01,170721,046704,0,2676,2965,440,503
01,170722,146104,0,2527,2678,415,448
01,170722,046704,0,2676,2965,440,503
01,170723,146104,0,2527,2678,415,448
01,170723,046704,0,2676,2965,440,503
01,170724,146104,0,2527,2678,415,448
01,170724,046704,0,2676,2965,440,503
01,170725,146104,0,2527,2678,415,448
01,170725,046704,0,2676,2965,440,503
01,170726,146104,0,2527,2678,415,448
01,170726,046704,0,2676,2965,440,503
01,170727,003104,0,2423,2505,395,413
01,170727,103704,0,2426,2508,396,414
01,170730,004104,0,2550,2744,419,460
01,170730,104704,0,2699,3031,444,515
01,170731,003104,0,2550,2744,419,460
01,170731,103704,0,2699,3031,444,515
01,170732,146104,0,2550,2744,419,460
01,170732,046704,0,2699,3031,444,515
01,170733,041104,0,2550,2744,419,460
01,170733,041704,0,2699,3031,444,515
01,170734,004104,0,2550,2744,419,460
01,170734,104704,0,2699,3031,444,515
01,170735,003104,0,2550,2744,419,460
01,170735,103704,0,2699,3031,444,515
01,170736,146104,0,2550,2744,419,460
01,170736,046704,0,2699,3031,444,515
01,170737,146104,0,2501,2695,409,450
01,170737,046704,0,2650,2982,434,505
01,170740,146104,0,2527,2678,415,448
01,170740,046704,0,2676,2965,440,503
01,170741,146104,0,2527,2678,415,448
01,170741,046704,0,2676,2965,440,503
01,170742,146104,0,2527,2678,415,448
01,170742,046704,0,2676,2965,440,503
01,170743,146104,0,2527,2678,415,448
01,170743,046704,0,2676,2965,440,503
01,170744,146104,0,2527,2678,415,448
01,170744,046704,0,2676,2965,440,503
01,170745,146104,0,2527,2678,415,448
01,170745,046704,0,2676,2965,440,503
01,170746,146104,0,2527,2678,415,448
01,170746,046704,0,2676,2965,440,503
01,170747,003104,0,2478,2629,405,438
01,170747,103704,0,2627,2916,430,493
01,170750,004104,0,2550,2744,419,460
01,170750,104704,0,2699,3031,444,515
01,170751,003104,0,2550,2744,419,460
01,170751,103704,0,2699,3031,444,515
01,170752,146104,0,2550,2744,419,460
01,170752,046704,0,2699,3031,444,515
01,170753,041104,0,2550,2744,419,460
01,170753,041704,0,2699,3031,444,515
01,170754,004104,0,2550,2744,419,460
01,170754,104704,0,2699,3031,444,515
01,170755,003104,0,2550,2744,419,460
01,170755,103704,0,2699,3031,444,515
01,170756,146104,0,2550,2744,419,460
01,170756,046704,0,2699,3031,444,515
01,170757,146104,0,1939,2032,316,333
01,170757,046704,0,1942,2035,317,334
01,170760,041104,0,2495,2689,406,447
01,170760,041704,0,2644,2976,431,502
01,170761,004104,0,2495,2689,406,447
01,170761,104704,0,2644,2976,431,502
01,170762,003104,0,2495,2689,406,447
01,170762,103704,0,2644,2976,431,502
01,170763,146104,0,2495,2689,406,447
01,170763,046704,0,2644,2976,431,502
01,170764,041104,0,2495,2689,406,447
01,170764,041704,0,2644,2976,431,502
01,170765,004104,0,2495,2689,406,447
01,170765,104704,0,2644,2976,431,502
01,170766,003104,0,2495,2689,406,447
01,170766,103704,0,2644,2976,431,502
01,170767,003104,0,2495,2689,406,447
01,170767,103704,0,2644,2976,431,502
01,170770,146104,0,2503,2740,409,458
01,170770,046704,0,2652,3027,434,513
01,170771,004104,0,2503,2740,409,458
01,170771,104704,0,2652,3027,434,513
01,170772,146104,0,2503,2740,409,458
01,170772,046704,0,2652,3027,434,513
01,170773,004104,0,2503,2740,409,458
01,170773,104704,0,2652,3027,434,513
01,170774,146104,0,2503,2740,409,458
01,170774,046704,0,2652,3027,434,513
01,170775,004104,0,2503,2740,409,458
01,170775,104704,0,2652,3027,434,513
01,170776,146104,0,2503,2740,409,458
01,170776,046704,0,2652,3027,434,513
01,170777,041104,0,2503,2740,409,458
01,170777,041704,0,2652,3027,434,513
01,173400,103114,0,2475,2488,399,402
01,173400,003714,0,2638,2651,426,429
01,173401,103114,0,2475,2488,399,402
01,173401,003714,0,2638,2651,426,429
01,173402,103114,0,2475,2488,399,402
01,173402,003714,0,2638,2651,426,429
01,173403,103114,0,2475,2488,399,402
01,173403,003714,0,2638,2651,426,429
01,173404,103114,0,2475,2488,399,402
01,173404,003714,0,2638,2651,426,429
01,173405,103114,0,2475,2488,399,402
01,173405,003714,0,2638,2651,426,429
01,173410,103114,0,2381,2480,388,407
01,173410,003714,0,2546,2731,417,452
01,173411,103114,0,2381,2480,388,407
01,173411,003714,0,2546,2731,417,452
01,173412,103114,0,2381,2480,388,407
01,173412,003714,0,2546,2731,417,452
01,173413,103114,0,2381,2480,388,407
01,173413,003714,0,2546,2731,417,452
01,173414,103114,0,2381,2480,388,407
01,173414,003714,0,2546,2731,417,452
01,173415,103114,0,2381,2480,388,407
01,173415,003714,0,2546,2731,417,452
01,173416,103114,0,2381,2480,388,407
01,173416,003714,0,2546,2731,417,452
01,173417,103114,0,2381,2480,388,407
01,173417,003714,0,2546,2731,417,452
01,173420,103114,0,2500,2599,411,430
01,173420,003714,0,2665,2850,440,475
01,173421,103114,0,2500,2599,411,430
01,173421,003714,0,2665,2850,440,475
01,173422,103114,0,2500,2599,411,430
01,173422,003714,0,2665,2850,440,475
01,173423,103114,0,2500,2599,411,430
01,173423,003714,0,2665,2850,440,475
01,173424,103114,0,2500,2599,411,430
01,173424,003714,0,2665,2850,440,475
01,173425,103114,0,2500,2599,411,430
01,173425,003714,0,2665,2850,440,475
01,173426,103114,0,2500,2599,411,430
01,173426,003714,0,2665,2850,440,475
01,173427,103114,0,2441,2497,398,409
01,173427,003714,0,2550,2606,417,428
01,173430,103114,0,2523,2665,415,442
01,173430,003714,0,2688,2916,444,487
01,173431,103114,0,2523,2665,415,442
01,173431,003714,0,2688,2916,444,487
01,173432,103114,0,2523,2665,415,442
01,173432,003714,0,2688,2916,444,487
01,173433,103114,0,2523,2665,415,442
01,173433,003714,0,2688,2916,444,487
01,173434,103114,0,2523,2665,415,442
01,173434,003714,0,2688,2916,444,487
01,173435,103114,0,2523,2665,415,442
01,173435,003714,0,2688,2916,444,487
01,173436,103114,0,2523,2665,415,442
01,173436,003714,0,2688,2916,444,487
01,173437,103114,0,2474,2616,405,432
01,173437,003714,0,2639,2867,434,477
01,173440,103114,0,2500,2599,411,430
01,173440,003714,0,2665,2850,440,475
01,173441,103114,0,2500,2599,411,430
01,173441,003714,0,2665,2850,440,475
01,173442,103114,0,2500,2599,411,430
01,173442,003714,0,2665,2850,440,475
01,173443,103114,0,2500,2599,411,430
01,173443,003714,0,2665,2850,440,475
01,173444,103114,0,2500,2599,411,430
01,173444,003714,0,2665,2850,440,475
01,173445,103114,0,2500,2599,411,430
01,173445,003714,0,2665,2850,440,475
01,173446,103114,0,2500,2599,411,430
01,173446,003714,0,2665,2850,440,475
01,173447,103114,0,2451,2550,401,420
01,173447,003714,0,2616,2801,430,465
01,173450,103114,0,2523,2665,415,442
01,173450,003714,0,2688,2916,444,487
01,173451,103114,0,2523,2665,415,442
01,173451,003714,0,2688,2916,444,487
01,173452,103114,0,2523,2665,415,442
01,173452,003714,0,2688,2916,444,487
01,173453,103114,0,2523,2665,415,442
01,173453,003714,0,2688,2916,444,487
01,173454,103114,0,2523,2665,415,442
01,173454,003714,0,2688,2916,444,487
01,173455,103114,0,2523,2665,415,442
01,173455,003714,0,2688,2916,444,487
01,173456,103114,0,2523,2665,415,442
01,173456,003714,0,2688,2916,444,487
01,173457,103114,0,1981,2074,321,338
01,173457,003714,0,1984,2077,322,339
01,173460,103114,0,2468,2610,402,429
01,173460,003714,0,2633,2861,431,474
01,173461,103114,0,2468,2610,402,429
01,173461,003714,0,2633,2861,431,474
01,173462,103114,0,2468,2610,402,429
01,173462,003714,0,2633,2861,431,474
01,173463,103114,0,2468,2610,402,429
01,173463,003714,0,2633,2861,431,474
01,173464,103114,0,2468,2610,402,429
01,173464,003714,0,2633,2861,431,474
01,173465,103114,0,2468,2610,402,429
01,173465,003714,0,2633,2861,431,474
01,173466,103114,0,2468,2610,402,429
01,173466,003714,0,2633,2861,431,474
01,173467,103114,0,2468,2610,402,429
01,173467,003714,0,2633,2861,431,474
01,173470,103114,0,2476,2661,405,440
01,173470,003714,0,2641,2912,434,485
01,173471,103114,0,2476,2661,405,440
01,173471,003714,0,2641,2912,434,485
01,173472,103114,0,2476,2661,405,440
01,173472,003714,0,2641,2912,434,485
01,173473,103114,0,2476,2661,405,440
01,173473,003714,0,2641,2912,434,485
01,173474,103114,0,2476,2661,405,440
01,173474,003714,0,2641,2912,434,485
01,173475,103114,0,2476,2661,405,440
01,173475,003714,0,2641,2912,434,485
01,173476,103114,0,2476,2661,405,440
01,173476,003714,0,2641,2912,434,485
01,173477,103114,0,2476,2661,405,440
01,173477,003714,0,2641,2912,434,485
01,173500,103114,0,2475,2488,399,402
01,173500,003714,0,2638,2651,426,429
01,173501,103114,0,2475,2488,399,402
01,173501,003714,0,2638,2651,426,429
01,173502,103114,0,2475,2488,399,402
01,173502,003714,0,2638,2651,426,429
01,173503,103114,0,2475,2488,399,402
01,173503,003714,0,2638,2651,426,429
01,173504,103114,0,2475,2488,399,402
01,173504,003714,0,2638,2651,426,429
01,173505,103114,0,2475,2488,399,402
01,173505,003714,0,2638,2651,426,429
01,173510,103114,0,2381,2480,388,407
01,173510,003714,0,2546,2731,417,452
01,173511,103114,0,2381,2480,388,407
01,173511,003714,0,2546,2731,417,452
01,173512,103114,0,2381,2480,388,407
01,173512,003714,0,2546,2731,417,452
01,173513,103114,0,2381,2480,388,407
01,173513,003714,0,2546,2731,417,452
01,173514,103114,0,2381,2480,388,407
01,173514,003714,0,2546,2731,417,452
01,173515,103114,0,2381,2480,388,407
01,173515,003714,0,2546,2731,417,452
01,173516,103114,0,2381,2480,388,407
01,173516,003714,0,2546,2731,417,452
01,173517,103114,0,2381,2480,388,407
01,173517,003714,0,2546,2731,417,452
01,173520,103114,0,2500,2599,411,430
01,173520,003714,0,2665,2850,440,475
01,173521,103114,0,2500,2599,411,430
01,173521,003714,0,2665,2850,440,475
01,173522,103114,0,2500,2599,411,430
01,173522,003714,0,2665,2850,440,475
01,173523,103114,0,2500,2599,411,430
01,173523,003714,0,2665,2850,440,475
01,173524,103114,0,2500,2599,411,430
01,173524,003714,0,2665,2850,440,475
01,173525,103114,0,2500,2599,411,430
01,173525,003714,0,2665,2850,440,475
01,173526,103114,0,2500,2599,411,430
01,173526,003714,0,2665,2850,440,475
01,173527,103114,0,2441,2497,398,409
01,173527,003714,0,2550,2606,417,428
01,173530,103114,0,2523,2665,415,442
01,173530,003714,0,2688,2916,444,487
01,173531,103114,0,2523,2665,415,442
01,173531,003714,0,2688,2916,444,487
01,173532,103114,0,2523,2665,415,442
01,173532,003714,0,2688,2916,444,487
01,173533,103114,0,2523,2665,415,442
01,173533,003714,0,2688,2916,444,487
01,173534,103114,0,2523,2665,415,442
01,173534,003714,0,2688,2916,444,487
01,173535,103114,0,2523,2665,415,442
01,173535,003714,0,2688,2916,444,487
01,173536,103114,0,2523,2665,415,442
01,173536,003714,0,2688,2916,444,487
01,173537,103114,0,2474,2616,405,432
01,173537,003714,0,2639,2867,434,477
01,173540,103114,0,2500,2599,411,430
01,173540,003714,0,2665,2850,440,475
01,173541,103114,0,2500,2599,411,430
01,173541,003714,0,2665,2850,440,475
01,173542,103114,0,2500,2599,411,430
01,173542,003714,0,2665,2850,440,475
01,173543,103114,0,2500,2599,411,430
01,173543,003714,0,2665,2850,440,475
01,173544,103114,0,2500,2599,411,430
01,173544,003714,0,2665,2850,440,475
01,173545,103114,0,2500,2599,411,430
01,173545,003714,0,2665,2850,440,475
01,173546,103114,0,2500,2599,411,430
01,173546,003714,0,2665,2850,440,475
01,173547,103114,0,2451,2550,401,420
01,173547,003714,0,2616,2801,430,465
01,173550,103114,0,2523,2665,415,442
01,173550,003714,0,2688,2916,444,487
01,173551,103114,0,2523,2665,415,442
01,173551,003714,0,2688,2916,444,487
01,173552,103114,0,2523,2665,415,442
01,173552,003714,0,2688,2916,444,487
01,173553,103114,0,2523,2665,415,442
01,173553,003714,0,2688,2916,444,487
01,173554,103114,0,2523,2665,415,442
01,173554,003714,0,2688,2916,444,487
01,173555,103114,0,2523,2665,415,442
01,173555,003714,0,2688,2916,444,487
01,173556,103114,0,2523,2665,415,442
01,173556,003714,0,2688,2916,444,487
01,173557,103114,0,1981,2074,321,338
01,173557,003714,0,1984,2077,322,339
01,173560,103114,0,2468,2610,402,429
01,173560,003714,0,2633,2861,431,474
01,173561,103114,0,2468,2610,402,429
01,173561,003714,0,2633,2861,431,474
01,173562,103114,0,2468,2610,402,429
01,173562,003714,0,2633,2861,431,474
01,173563,103114,0,2468,2610,402,429
01,173563,003714,0,2633,2861,431,474
01,173564,103114,0,2468,2610,402,429
01,173564,003714,0,2633,2861,431,474
01,173565,103114,0,2468,2610,402,429
01,173565,003714,0,2633,2861,431,474
01,173566,103114,0,2468,2610,402,429
01,173566,003714,0,2633,2861,431,474
01,173567,103114,0,2468,2610,402,429
01,173567,003714,0,2633,2861,431,474
01,173570,103114,0,2476,2661,405,440
01,173570,003714,0,2641,2912,434,485
01,173571,103114,0,2476,2661,405,440
01,173571,003714,0,2641,2912,434,485
01,173572,103114,0,2476,2661,405,440
01,173572,003714,0,2641,2912,434,485
01,173573,103114,0,2476,2661,405,440
01,173573,003714,0,2641,2912,434,485
01,173574,103114,0,2476,2661,405,440
01,173574,003714,0,2641,2912,434,485
01,173575,103114,0,2476,2661,405,440
01,173575,003714,0,2641,2912,434,485
01,173576,103114,0,2476,2661,405,440
01,173576,003714,0,2641,2912,434,485
01,173577,103114,0,2476,2661,405,440
01,173577,003714,0,2641,2912,434,485
01,173600,103114,0,2475,2488,399,402
01,173600,003714,0,2638,2651,426,429
01,173601,103114,0,2475,2488,399,402
01,173601,003714,0,2638,2651,426,429
01,173602,103114,0,2475,2488,399,402
01,173602,003714,0,2638,2651,426,429
01,173603,103114,0,2475,2488,399,402
01,173603,003714,0,2638,2651,426,429
01,173604,103114,0,2475,2488,399,402
01,173604,003714,0,2638,2651,426,429
01,173605,103114,0,2475,2488,399,402
01,173605,003714,0,2638,2651,426,429
01,173610,103114,0,2381,2480,388,407
01,173610,003714,0,2546,2731,417,452
01,173611,103114,0,2381,2480,388,407
01,173611,003714,0,2546,2731,417,452
01,173612,103114,0,2381,2480,388,407
01,173612,003714,0,2546,2731,417,452
01,173613,103114,0,2381,2480,388,407
01,173613,003714,0,2546,2731,417,452
01,173614,103114,0,2381,2480,388,407
01,173614,003714,0,2546,2731,417,452
01,173615,103114,0,2381,2480,388,407
01,173615,003714,0,2546,2731,417,452
01,173616,103114,0,2381,2480,388,407
01,173616,003714,0,2546,2731,417,452
01,173617,103114,0,2381,2480,388,407
01,173617,003714,0,2546,2731,417,452
01,173620,103114,0,2500,2599,411,430
01,173620,003714,0,2665,2850,440,475
01,173621,103114,0,2500,2599,411,430
01,173621,003714,0,2665,2850,440,475
01,173622,103114,0,2500,2599,411,430
01,173622,003714,0,2665,2850,440,475
01,173623,103114,0,2500,2599,411,430
01,173623,003714,0,2665,2850,440,475
01,173624,103114,0,2500,2599,411,430
01,173624,003714,0,2665,2850,440,475
01,173625,103114,0,2500,2599,411,430
01,173625,003714,0,2665,2850,440,475
01,173626,103114,0,2500,2599,411,430
01,173626,003714,0,2665,2850,440,475
01,173627,103114,0,2441,2497,398,409
01,173627,003714,0,2550,2606,417,428
01,173630,103114,0,2523,2665,415,442
01,173630,003714,0,2688,2916,444,487
01,173631,103114,0,2523,2665,415,442
01,173631,003714,0,2688,2916,444,487
01,173632,103114,0,2523,2665,415,442
01,173632,003714,0,2688,2916,444,487
01,173633,103114,0,2523,2665,415,442
01,173633,003714,0,2688,2916,444,487
01,173634,103114,0,2523,2665,415,442
01,173634,003714,0,2688,2916,444,487
01,173635,103114,0,2523,2665,415,442
01,173635,003714,0,2688,2916,444,487
01,173636,103114,0,2523,2665,415,442
01,173636,003714,0,2688,2916,444,487
01,173637,103114,0,2474,2616,405,432
01,173637,003714,0,2639,2867,434,477
01,173640,103114,0,2500,2599,411,430
01,173640,003714,0,2665,2850,440,475
01,173641,103114,0,2500,2599,411,430
01,173641,003714,0,2665,2850,440,475
01,173642,103114,0,2500,2599,411,430
01,173642,003714,0,2665,2850,440,475
01,173643,103114,0,2500,2599,411,430
01,173643,003714,0,2665,2850,440,475
01,173644,103114,0,2500,2599,411,430
01,173644,003714,0,2665,2850,440,475
01,173645,103114,0,2500,2599,411,430
01,173645,003714,0,2665,2850,440,475
01,173646,103114,0,2500,2599,411,430
01,173646,003714,0,2665,2850,440,475
01,173647,103114,0,2451,2550,401,420
01,173647,003714,0,2616,2801,430,465
01,173650,103114,0,2523,2665,415,442
01,173650,003714,0,2688,2916,444,487
01,173651,103114,0,2523,2665,415,442
01,173651,003714,0,2688,2916,444,487
01,173652,103114,0,2523,2665,415,442
01,173652,003714,0,2688,2916,444,487
01,173653,103114,0,2523,2665,415,442
01,173653,003714,0,2688,2916,444,487
01,173654,103114,0,2523,2665,415,442
01,173654,003714,0,2688,2916,444,487
01,173655,103114,0,2523,2665,415,442
01,173655,003714,0,2688,2916,444,487
01,173656,103114,0,2523,2665,415,442
01,173656,003714,0,2688,2916,444,487
01,173657,103114,0,1981,2074,321,338
01,173657,003714,0,1984,2077,322,339
01,173660,103114,0,2468,2610,402,429
01,173660,003714,0,2633,2861,431,474
01,173661,103114,0,2468,2610,402,429
01,173661,003714,0,2633,2861,431,474
01,173662,103114,0,2468,2610,402,429
01,173662,003714,0,2633,2861,431,474
01,173663,103114,0,2468,2610,402,429
01,173663,003714,0,2633,2861,431,474
01,173664,103114,0,2468,2610,402,429
01,173664,003714,0,2633,2861,431,474
01,173665,103114,0,2468,2610,402,429
01,173665,003714,0,2633,2861,431,474
01,173666,103114,0,2468,2610,402,429
01,173666,003714,0,2633,2861,431,474
01,173667,103114,0,2468,2610,402,429
01,173667,003714,0,2633,2861,431,474
01,173670,103114,0,2476,2661,405,440
01,173670,003714,0,2641,2912,434,485
01,173671,103114,0,2476,2661,405,440
01,173671,003714,0,2641,2912,434,485
01,173672,103114,0,2476,2661,405,440
01,173672,003714,0,2641,2912,434,485
01,173673,103114,0,2476,2661,405,440
01,173673,003714,0,2641,2912,434,485
01,173674,103114,0,2476,2661,405,440
01,173674,003714,0,2641,2912,434,485
01,173675,103114,0,2476,2661,405,440
01,173675,003714,0,2641,2912,434,485
01,173676,103114,0,2476,2661,405,440
01,173676,003714,0,2641,2912,434,485
01,173677,103114,0,2476,2661,405,440
01,173677,003714,0,2641,2912,434,485
01,173700,103114,0,2475,2488,399,402
01,173700,003714,0,2638,2651,426,429
01,173701,103114,0,2475,2488,399,402
01,173701,003714,0,2638,2651,426,429
01,173702,103114,0,2475,2488,399,402
01,173702,003714,0,2638,2651,426,429
01,173703,103114,0,2475,2488,399,402
01,173703,003714,0,2638,2651,426,429
01,173704,103114,0,2475,2488,399,402
01,173704,003714,0,2638,2651,426,429
01,173705,103114,0,2475,2488,399,402
01,173705,003714,0,2638,2651,426,429
01,173710,103114,0,2381,2480,388,407
01,173710,003714,0,2546,2731,417,452
01,173711,103114,0,2381,2480,388,407
01,173711,003714,0,2546,2731,417,452
01,173712,103114,0,2381,2480,388,407
01,173712,003714,0,2546,2731,417,452
01,173713,103114,0,2381,2480,388,407
01,173713,003714,0,2546,2731,417,452
01,173714,103114,0,2381,2480,388,407
01,173714,003714,0,2546,2731,417,452
01,173715,103114,0,2381,2480,388,407
01,173715,003714,0,2546,2731,417,452
01,173716,103114,0,2381,2480,388,407
01,173716,003714,0,2546,2731,417,452
01,173717,103114,0,2381,2480,388,407
01,173717,003714,0,2546,2731,417,452
01,173720,103114,0,2500,2599,411,430
01,173720,003714,0,2665,2850,440,475
01,173721,103114,0,2500,2599,411,430
01,173721,003714,0,2665,2850,440,475
01,173722,103114,0,2500,2599,411,430
01,173722,003714,0,2665,2850,440,475
01,173723,103114,0,2500,2599,411,430
01,173723,003714,0,2665,2850,440,475
01,173724,103114,0,2500,2599,411,430
01,173724,003714,0,2665,2850,440,475
01,173725,103114,0,2500,2599,411,430
01,173725,003714,0,2665,2850,440,475
01,173726,103114,0,2500,2599,411,430
01,173726,003714,0,2665,2850,440,475
01,173727,103114,0,2441,2497,398,409
01,173727,003714,0,2550,2606,417,428
01,173730,103114,0,2523,2665,415,442
01,173730,003714,0,2688,2916,444,487
01,173731,103114,0,2523,2665,415,442
01,173731,003714,0,2688,2916,444,487
01,173732,103114,0,2523,2665,415,442
01,173732,003714,0,2688,2916,444,487
01,173733,103114,0,2523,2665,415,442
01,173733,003714,0,2688,2916,444,487
01,173734,103114,0,2523,2665,415,442
01,173734,003714,0,2688,2916,444,487
01,173735,103114,0,2523,2665,415,442
01,173735,003714,0,2688,2916,444,487
01,173736,103114,0,2523,2665,415,442
01,173736,003714,0,2688,2916,444,487
01,173737,103114,0,2474,2616,405,432
01,173737,003714,0,2639,2867,434,477
01,173740,103114,0,2500,2599,411,430
01,173740,003714,0,2665,2850,440,475
01,173741,103114,0,2500,2599,411,430
01,173741,003714,0,2665,2850,440,475
01,173742,103114,0,2500,2599,411,430
01,173742,003714,0,2665,2850,440,475
01,173743,103114,0,2500,2599,411,430
01,173743,003714,0,2665,2850,440,475
01,173744,103114,0,2500,2599,411,430
01,173744,003714,0,2665,2850,440,475
01,173745,103114,0,2500,2599,411,430
01,173745,003714,0,2665,2850,440,475
01,173746,103114,0,2500,2599,411,430
01,173746,003714,0,2665,2850,440,475
01,173747,103114,0,2451,2550,401,420
01,173747,003714,0,2616,2801,430,465
01,173750,103114,0,2523,2665,415,442
01,173750,003714,0,2688,2916,444,487
01,173751,103114,0,2523,2665,415,442
01,173751,003714,0,2688,2916,444,487
01,173752,103114,0,2523,2665,415,442
01,173752,003714,0,2688,2916,444,487
01,173753,103114,0,2523,2665,415,442
01,173753,003714,0,2688,2916,444,487
01,173754,103114,0,2523,2665,415,442
01,173754,003714,0,2688,2916,444,487
01,173755,103114,0,2523,2665,415,442
01,173755,003714,0,2688,2916,444,487
01,173756,103114,0,2523,2665,415,442
01,173756,003714,0,2688,2916,444,487
01,173757,103114,0,1981,2074,321,338
01,173757,003714,0,1984,2077,322,339
01,173760,103114,0,2468,2610,402,429
01,173760,003714,0,2633,2861,431,474
01,173761,103114,0,2468,2610,402,429
01,173761,003714,0,2633,2861,431,474
01,173762,103114,0,2468,2610,402,429
01,173762,003714,0,2633,2861,431,474
01,173763,103114,0,2468,2610,402,429
01,173763,003714,0,2633,2861,431,474
01,173764,103114,0,2468,2610,402,429
01,173764,003714,0,2633,2861,431,474
01,173765,103114,0,2468,2610,402,429
01,173765,003714,0,2633,2861,431,474
01,173766,103114,0,2468,2610,402,429
01,173766,003714,0,2633,2861,431,474
01,173767,103114,0,2468,2610,402,429
01,173767,003714,0,2633,2861,431,474
01,173770,103114,0,2476,2661,405,440
01,173770,003714,0,2641,2912,434,485
01,173771,103114,0,2476,2661,405,440
01,173771,003714,0,2641,2912,434,485
01,173772,103114,0,2476,2661,405,440
01,173772,003714,0,2641,2912,434,485
01,173773,103114,0,2476,2661,405,440
01,173773,003714,0,2641,2912,434,485
01,173774,103114,0,2476,2661,405,440
01,173774,003714,0,2641,2912,434,485
01,173775,103114,0,2476,2661,405,440
01,173775,003714,0,2641,2912,434,485
01,173776,103114,0,2476,2661,405,440
01,173776,003714,0,2641,2912,434,485
01,173777,103114,0,2476,2661,405,440
01,173777,003714,0,2641,2912,434,485
01,172205,000406,0,5515,5528,1054,1057
01,172205,100206,0,5714,5727,1085,1088
01,172222,000406,0,5540,5639,1066,1085
01,172222,100206,0,5741,5926,1099,1134
01,173205,000406,0,4707,4720,855,858
01,173205,100206,0,4906,4919,886,889
01,173222,000406,0,4732,4831,867,886
01,173222,100206,0,4933,5118,900,935
01,171205,000406,0,9949,9962,2249,2252
01,171205,100206,0,14822,14835,3574,3577
01,171222,000406,0,9974,10073,2261,2280
01,171222,100206,0,14849,15034,3588,3623
02,170646,141706,0,2703,2992,445,508
02,170647,046106,0,1964,2063,320,339
02,170650,104106,0,2233,2375,370,397
02,170650,141706,0,2726,3058,449,520
02,170651,104706,0,2292,2520,381,424
02,170652,104106,0,2233,2375,370,397
02,170652,141706,0,2726,3058,449,520
02,170653,104706,0,2292,2520,381,424
02,170654,104106,0,2233,2375,370,397
02,170654,141706,0,2726,3058,449,520
02,170655,104706,0,2292,2520,381,424
02,170656,104106,0,2233,2375,370,397
02,170656,141706,0,2726,3058,449,520
02,170657,046106,0,1915,2008,313,330
02,170657,146706,0,1918,2011,314,331
02,170660,146706,0,2040,2268,332,375
02,170661,041106,0,2522,2716,411,452
02,170662,146706,0,2040,2268,332,375
02,170663,041106,0,2522,2716,411,452
02,170664,146706,0,2040,2268,332,375
02,170665,041106,0,2522,2716,411,452
02,170666,146706,0,2040,2268,332,375
02,170667,041106,0,2522,2716,411,452
02,170670,046106,0,1989,2174,324,359
02,170671,104706,0,2245,2516,371,422
02,170671,041106,0,2530,2767,414,463
02,170672,141706,0,2679,3054,439,518
02,170673,104106,0,2186,2371,360,395
02,170674,046106,0,1989,2174,324,359
02,170675,104706,0,2245,2516,371,422
02,170675,041106,0,2530,2767,414,463
02,170676,141706,0,2679,3054,439,518
02,170677,104106,0,2186,2371,360,395
02,170710,046106,0,1918,2017,310,329
02,170711,104106,0,2115,2214,346,365
02,170711,146706,0,1977,2162,321,356
02,170712,104706,0,2174,2359,357,392
02,170713,141706,0,2608,2897,425,488
02,170714,046106,0,1918,2017,310,329
02,170715,104106,0,2115,2214,346,365
02,170715,146706,0,1977,2162,321,356
02,170716,104706,0,2174,2359,357,392
02,170717,141706,0,2608,2897,425,488
02,170720,046106,0,2037,2136,333,352
02,170721,104106,0,2234,2333,369,388
02,170721,146706,0,2096,2281,344,379
02,170722,104706,0,2293,2478,380,415
02,170723,141706,0,2727,3016,448,511
02,170724,046106,0,2037,2136,333,352
02,170725,104106,0,2234,2333,369,388
02,170725,146706,0,2096,2281,344,379
02,170726,104706,0,2293,2478,380,415
02,170727,041106,0,2474,2556,403,421
02,170727,146706,0,1981,2037,321,332
02,170730,146706,0,2119,2347,348,391
02,170731,041106,0,2601,2795,427,468
02,170732,146706,0,2119,2347,348,391
02,170733,041106,0,2601,2795,427,468
02,170734,146706,0,2119,2347,348,391
02,170735,041106,0,2601,2795,427,468
02,170736,146706,0,2119,2347,348,391
02,170737,041106,0,2552,2746,417,458
02,170740,046106,0,2037,2136,333,352
02,170741,104106,0,2234,2333,369,388
02,170741,146706,0,2096,2281,344,379
02,170742,104706,0,2293,2478,380,415
02,170743,141706,0,2727,3016,448,511
02,170744,046106,0,2037,2136,333,352
02,170745,104106,0,2234,2333,369,388
02,170745,146706,0,2096,2281,344,379
02,170746,104706,0,2293,2478,380,415
02,170747,141706,0,2678,2967,438,501
02,170750,146706,0,2119,2347,348,391
02,170751,041106,0,2601,2795,427,468
02,170752,146706,0,2119,2347,348,391
02,170753,041106,0,2601,2795,427,468
02,170754,146706,0,2119,2347,348,391
02,170755,041106,0,2601,2795,427,468
02,170756,146706,0,2119,2347,348,391
02,170757,041106,0,1939,2032,316,333
02,170757,141706,0,1942,2035,317,334
02,170760,104706,0,2261,2489,371,414
02,170761,104106,0,2202,2344,360,387
02,170761,141706,0,2695,3027,439,510
02,170762,104706,0,2261,2489,371,414
02,170763,104106,0,2202,2344,360,387
02,170763,141706,0,2695,3027,439,510
02,170764,104706,0,2261,2489,371,414
02,170765,104106,0,2202,2344,360,387
02,170765,141706,0,2695,3027,439,510
02,170766,104706,0,2261,2489,371,414
02,170767,104106,0,2202,2344,360,387
02,170767,141706,0,2695,3027,439,510
02,170770,104706,0,2269,2540,374,425
02,170770,041106,0,2554,2791,417,466
02,170771,141706,0,2703,3078,442,521
02,170772,104106,0,2210,2395,363,398
02,170773,046106,0,2013,2198,327,362
02,170774,104706,0,2269,2540,374,425
02,170774,041106,0,2554,2791,417,466
02,170775,141706,0,2703,3078,442,521
02,170776,104106,0,2210,2395,363,398
02,170777,046106,0,2013,2198,327,362
02,175000,000044,0,2432,2461,386,393
02,175000,000244,0,2429,2458,385,392
02,175001,000004,0,2405,2434,381,388
02,175001,100204,0,2429,2458,385,392
02,175002,000044,0,2432,2461,386,393
02,175002,000244,0,2429,2458,385,392
02,175003,000004,0,2405,2434,381,388
02,175003,100204,0,2429,2458,385,392
02,175004,000044,0,2432,2461,386,393
02,175004,000244,0,2429,2458,385,392
02,175005,000004,0,2405,2434,381,388
02,175005,100204,0,2429,2458,385,392
02,175006,000044,0,2432,2461,386,393
02,175006,000244,0,2429,2458,385,392
02,175007,000004,0,2405,2434,381,388
02,175007,100204,0,2429,2458,385,392
02,175010,000044,0,2479,2534,395,409
02,175010,000244,0,2476,2531,394,408
02,175011,000004,0,2452,2507,390,404
02,175011,100204,0,2476,2531,394,408
02,175012,000044,0,2479,2534,395,409
02,175012,000244,0,2476,2531,394,408
02,175013,000004,0,2452,2507,390,404
02,175013,100204,0,2476,2531,394,408
02,175014,000044,0,2479,2534,395,409
02,175014,000244,0,2476,2531,394,408
02,175015,000004,0,2452,2507,390,404
02,175015,100204,0,2476,2531,394,408
02,175016,000044,0,2479,2534,395,409
02,175016,000244,0,2476,2531,394,408
02,175017,000044,0,2479,2534,395,409
02,175017,000244,0,2476,2531,394,408
02,175020,000044,0,2598,2653,418,432
02,175020,000244,0,2595,2650,417,431
02,175021,000004,0,2571,2626,413,427
02,175021,100204,0,2595,2650,417,431
02,175022,000044,0,2598,2653,418,432
02,175022,000244,0,2595,2650,417,431
02,175023,000004,0,2571,2626,413,427
02,175023,100204,0,2595,2650,417,431
02,175024,000044,0,2598,2653,418,432
02,175024,000244,0,2595,2650,417,431
02,175025,000004,0,2571,2626,413,427
02,175025,100204,0,2595,2650,417,431
02,175026,000044,0,2598,2653,418,432
02,175026,000244,0,2595,2650,417,431
02,175027,000044,0,2567,2622,410,424
02,175027,000244,0,2564,2619,409,423
02,175030,000044,0,2621,2719,422,444
02,175030,000244,0,2618,2716,421,443
02,175031,000044,0,2621,2719,422,444
02,175031,000244,0,2618,2716,421,443
02,175032,000044,0,2621,2719,422,444
02,175032,000244,0,2618,2716,421,443
02,175033,000044,0,2621,2719,422,444
02,175033,000244,0,2618,2716,421,443
02,175034,000044,0,2621,2719,422,444
02,175034,000244,0,2618,2716,421,443
02,175035,000044,0,2621,2719,422,444
02,175035,000244,0,2618,2716,421,443
02,175036,000044,0,2621,2719,422,444
02,175036,000244,0,2618,2716,421,443
02,175037,000004,0,2545,2643,407,429
02,175037,100204,0,2569,2667,411,433
02,175040,000044,0,2598,2653,418,432
02,175040,000244,0,2595,2650,417,431
02,175041,000004,0,2571,2626,413,427
02,175041,100204,0,2595,2650,417,431
02,175042,000044,0,2598,2653,418,432
02,175042,000244,0,2595,2650,417,431
02,175043,000004,0,2571,2626,413,427
02,175043,100204,0,2595,2650,417,431
02,175044,000044,0,2598,2653,418,432
02,175044,000244,0,2595,2650,417,431
02,175045,000004,0,2571,2626,413,427
02,175045,100204,0,2595,2650,417,431
02,175046,000044,0,2598,2653,418,432
02,175046,000244,0,2595,2650,417,431
02,175047,000044,0,2549,2604,408,422
02,175047,000244,0,2546,2601,407,421
02,175050,000044,0,2621,2719,422,444
02,175050,000244,0,2618,2716,421,443
02,175051,000044,0,2621,2719,422,444
02,175051,000244,0,2618,2716,421,443
02,175052,000044,0,2621,2719,422,444
02,175052,000244,0,2618,2716,421,443
02,175053,000044,0,2621,2719,422,444
02,175053,000244,0,2618,2716,421,443
02,175054,000044,0,2621,2719,422,444
02,175054,000244,0,2618,2716,421,443
02,175055,000044,0,2621,2719,422,444
02,175055,000244,0,2618,2716,421,443
02,175056,000044,0,2621,2719,422,444
02,175056,000244,0,2618,2716,421,443
02,175057,000004,0,2566,2642,407,423
02,175057,100204,0,2590,2666,411,427
02,175060,000044,0,2566,2664,409,431
02,175060,000244,0,2563,2661,408,430
02,175061,000044,0,2566,2664,409,431
02,175061,000244,0,2563,2661,408,430
02,175062,000044,0,2566,2664,409,431
02,175062,000244,0,2563,2661,408,430
02,175063,000044,0,2566,2664,409,431
02,175063,000244,0,2563,2661,408,430
02,175064,000044,0,2566,2664,409,431
02,175064,000244,0,2563,2661,408,430
02,175065,000044,0,2566,2664,409,431
02,175065,000244,0,2563,2661,408,430
02,175066,000044,0,2566,2664,409,431
02,175066,000244,0,2563,2661,408,430
02,175067,000004,0,2539,2637,404,426
02,175067,100204,0,2563,2661,408,430
02,175070,000004,0,2547,2688,407,437
02,175070,100204,0,2571,2712,411,441
02,175071,000044,0,2574,2715,412,442
02,175071,000244,0,2571,2712,411,441
02,175072,000004,0,2547,2688,407,437
02,175072,100204,0,2571,2712,411,441
02,175073,000044,0,2574,2715,412,442
02,175073,000244,0,2571,2712,411,441
02,175074,000004,0,2547,2688,407,437
02,175074,100204,0,2571,2712,411,441
02,175075,000044,0,2574,2715,412,442
02,175075,000244,0,2571,2712,411,441
02,175076,000004,0,2547,2688,407,437
02,175076,100204,0,2571,2712,411,441
02,175077,000004,0,2547,2688,407,437
02,175077,100204,0,2571,2712,411,441
02,175100,000044,0,2405,2434,381,388
02,175100,000244,0,2456,2485,390,397
02,175101,000004,0,2405,2434,381,388
02,175101,100204,0,2429,2458,385,392
02,175102,000044,0,2405,2434,381,388
02,175102,000244,0,2456,2485,390,397
02,175103,000004,0,2405,2434,381,388
02,175103,100204,0,2429,2458,385,392
02,175104,000044,0,2405,2434,381,388
02,175104,000244,0,2456,2485,390,397
02,175105,000004,0,2405,2434,381,388
02,175105,100204,0,2429,2458,385,392
02,175106,000044,0,2405,2434,381,388
02,175106,000244,0,2456,2485,390,397
02,175107,000004,0,2405,2434,381,388
02,175107,100204,0,2429,2458,385,392
02,175110,000044,0,2452,2507,390,404
02,175110,000244,0,2503,2558,399,413
02,175111,000004,0,2452,2507,390,404
02,175111,100204,0,2476,2531,394,408
02,175112,000044,0,2452,2507,390,404
02,175112,000244,0,2503,2558,399,413
02,175113,000004,0,2452,2507,390,404
02,175113,100204,0,2476,2531,394,408
02,175114,000044,0,2452,2507,390,404
02,175114,000244,0,2503,2558,399,413
02,175115,000004,0,2452,2507,390,404
02,175115,100204,0,2476,2531,394,408
02,175116,000044,0,2452,2507,390,404
02,175116,000244,0,2503,2558,399,413
02,175117,000044,0,2452,2507,390,404
02,175117,000244,0,2503,2558,399,413
02,175120,000044,0,2571,2626,413,427
02,175120,000244,0,2622,2677,422,436
02,175121,000004,0,2571,2626,413,427
02,175121,100204,0,2595,2650,417,431
02,175122,000044,0,2571,2626,413,427
02,175122,000244,0,2622,2677,422,436
02,175123,000004,0,2571,2626,413,427
02,175123,100204,0,2595,2650,417,431
02,175124,000044,0,2571,2626,413,427
02,175124,000244,0,2622,2677,422,436
02,175125,000004,0,2571,2626,413,427
02,175125,100204,0,2595,2650,417,431
02,175126,000044,0,2571,2626,413,427
02,175126,000244,0,2622,2677,422,436
02,175127,000044,0,2540,2595,405,419
02,175127,000244,0,2591,2646,414,428
02,175130,000044,0,2594,2692,417,439
02,175130,000244,0,2645,2743,426,448
02,175131,000044,0,2594,2692,417,439
02,175131,000244,0,2645,2743,426,448
02,175132,000044,0,2594,2692,417,439
02,175132,000244,0,2645,2743,426,448
02,175133,000044,0,2594,2692,417,439
02,175133,000244,0,2645,2743,426,448
02,175134,000044,0,2594,2692,417,439
02,175134,000244,0,2645,2743,426,448
02,175135,000044,0,2594,2692,417,439
02,175135,000244,0,2645,2743,426,448
02,175136,000044,0,2594,2692,417,439
02,175136,000244,0,2645,2743,426,448
02,175137,000004,0,2545,2643,407,429
02,175137,100204,0,2569,2667,411,433
02,175140,000044,0,2571,2626,413,427
02,175140,000244,0,2622,2677,422,436
02,175141,000004,0,2571,2626,413,427
02,175141,100204,0,2595,2650,417,431
02,175142,000044,0,2571,2626,413,427
02,175142,000244,0,2622,2677,422,436
02,175143,000004,0,2571,2626,413,427
02,175143,100204,0,2595,2650,417,431
02,175144,000044,0,2571,2626,413,427
02,175144,000244,0,2622,2677,422,436
02,175145,000004,0,2571,2626,413,427
02,175145,100204,0,2595,2650,417,431
02,175146,000044,0,2571,2626,413,427
02,175146,000244,0,2622,2677,422,436
02,175147,000044,0,2522,2577,403,417
02,175147,000244,0,2573,2628,412,426
02,175150,000044,0,2594,2692,417,439
02,175150,000244,0,2645,2743,426,448
02,175151,000044,0,2594,2692,417,439
02,175151,000244,0,2645,2743,426,448
02,175152,000044,0,2594,2692,417,439
02,175152,000244,0,2645,2743,426,448
02,175153,000044,0,2594,2692,417,439
02,175153,000244,0,2645,2743,426,448
02,175154,000044,0,2594,2692,417,439
02,175154,000244,0,2645,2743,426,448
02,175155,000044,0,2594,2692,417,439
02,175155,000244,0,2645,2743,426,448
02,175156,000044,0,2594,2692,417,439
02,175156,000244,0,2645,2743,426,448
02,175157,000004,0,2566,2642,407,423
02,175157,100204,0,2590,2666,411,427
02,175160,000044,0,2539,2637,404,426
02,175160,000244,0,2590,2688,413,435
02,175161,000044,0,2539,2637,404,426
02,175161,000244,0,2590,2688,413,435
02,175162,000044,0,2539,2637,404,426
02,175162,000244,0,2590,2688,413,435
02,175163,000044,0,2539,2637,404,426
02,175163,000244,0,2590,2688,413,435
02,175164,000044,0,2539,2637,404,426
02,175164,000244,0,2590,2688,413,435
02,175165,000044,0,2539,2637,404,426
02,175165,000244,0,2590,2688,413,435
02,175166,000044,0,2539,2637,404,426
02,175166,000244,0,2590,2688,413,435
02,175167,000004,0,2539,2637,404,426
02,175167,100204,0,2563,2661,408,430
02,175170,000004,0,2547,2688,407,437
02,175170,100204,0,2571,2712,411,441
02,175171,000044,0,2547,2688,407,437
02,175171,000244,0,2598,2739,416,446
02,175172,000004,0,2547,2688,407,437
02,175172,100204,0,2571,2712,411,441
02,175173,000044,0,2547,2688,407,437
02,175173,000244,0,2598,2739,416,446
02,175174,000004,0,2547,2688,407,437
02,175174,100204,0,2571,2712,411,441
02,175175,000044,0,2547,2688,407,437
02,175175,000244,0,2598,2739,416,446
02,175176,000004,0,2547,2688,407,437
02,175176,100204,0,2571,2712,411,441
02,175177,000004,0,2547,2688,407,437
02,175177,100204,0,2571,2712,411,441
02,175200,000044,0,2432,2461,386,393
02,175200,000244,0,2456,2485,390,397
02,175201,000004,0,2432,2461,386,393
02,175201,100204,0,2429,2458,385,392
02,175202,000044,0,2432,2461,386,393
02,175202,000244,0,2456,2485,390,397
02,175203,000004,0,2432,2461,386,393
02,175203,100204,0,2429,2458,385,392
02,175204,000044,0,2432,2461,386,393
02,175204,000244,0,2456,2485,390,397
02,175205,000004,0,2432,2461,386,393
02,175205,100204,0,2429,2458,385,392
02,175206,000044,0,2432,2461,386,393
02,175206,000244,0,2456,2485,390,397
02,175207,000004,0,2432,2461,386,393
02,175207,100204,0,2429,2458,385,392
02,175210,000044,0,2479,2534,395,409
02,175210,000244,0,2503,2558,399,413
02,175211,000004,0,2479,2534,395,409
02,175211,100204,0,2476,2531,394,408
02,175212,000044,0,2479,2534,395,409
02,175212,000244,0,2503,2558,399,413
02,175213,000004,0,2479,2534,395,409
02,175213,100204,0,2476,2531,394,408
02,175214,000044,0,2479,2534,395,409
02,175214,000244,0,2503,2558,399,413
02,175215,000004,0,2479,2534,395,409
02,175215,100204,0,2476,2531,394,408
02,175216,000044,0,2479,2534,395,409
02,175216,000244,0,2503,2558,399,413
02,175217,000044,0,2479,2534,395,409
02,175217,000244,0,2503,2558,399,413
02,175220,000044,0,2598,2653,418,432
02,175220,000244,0,2622,2677,422,436
02,175221,000004,0,2598,2653,418,432
02,175221,100204,0,2595,2650,417,431
02,175222,000044,0,2598,2653,418,432
02,175222,000244,0,2622,2677,422,436
02,175223,000004,0,2598,2653,418,432
02,175223,100204,0,2595,2650,417,431
02,175224,000044,0,2598,2653,418,432
02,175224,000244,0,2622,2677,422,436
02,175225,000004,0,2598,2653,418,432
02,175225,100204,0,2595,2650,417,431
02,175226,000044,0,2598,2653,418,432
02,175226,000244,0,2622,2677,422,436
02,175227,000044,0,2567,2622,410,424
02,175227,000244,0,2591,2646,414,428
02,175230,000044,0,2621,2719,422,444
02,175230,000244,0,2645,2743,426,448
02,175231,000044,0,2621,2719,422,444
02,175231,000244,0,2645,2743,426,448
02,175232,000044,0,2621,2719,422,444
02,175232,000244,0,2645,2743,426,448
02,175233,000044,0,2621,2719,422,444
02,175233,000244,0,2645,2743,426,448
02,175234,000044,0,2621,2719,422,444
02,175234,000244,0,2645,2743,426,448
02,175235,000044,0,2621,2719,422,444
02,175235,000244,0,2645,2743,426,448
02,175236,000044,0,2621,2719,422,444
02,175236,000244,0,2645,2743,426,448
02,175237,000004,0,2572,2670,412,434
02,175237,100204,0,2569,2667,411,433
02,175240,000044,0,2598,2653,418,432
02,175240,000244,0,2622,2677,422,436
02,175241,000004,0,2598,2653,418,432
02,175241,100204,0,2595,2650,417,431
02,175242,000044,0,2598,2653,418,432
02,175242,000244,0,2622,2677,422,436
02,175243,000004,0,2598,2653,418,432
02,175243,100204,0,2595,2650,417,431
02,175244,000044,0,2598,2653,418,432
02,175244,000244,0,2622,2677,422,436
02,175245,000004,0,2598,2653,418,432
02,175245,100204,0,2595,2650,417,431
02,175246,000044,0,2598,2653,418,432
02,175246,000244,0,2622,2677,422,436
02,175247,000044,0,2549,2604,408,422
02,175247,000244,0,2573,2628,412,426
02,175250,000044,0,2621,2719,422,444
02,175250,000244,0,2645,2743,426,448
02,175251,000044,0,2621,2719,422,444
02,175251,000244,0,2645,2743,426,448
02,175252,000044,0,2621,2719,422,444
02,175252,000244,0,2645,2743,426,448
02,175253,000044,0,2621,2719,422,444
02,175253,000244,0,2645,2743,426,448
02,175254,000044,0,2621,2719,422,444
02,175254,000244,0,2645,2743,426,448
02,175255,000044,0,2621,2719,422,444
02,175255,000244,0,2645,2743,426,448
02,175256,000044,0,2621,2719,422,444
02,175256,000244,0,2645,2743,426,448
02,175257,000004,0,2593,2669,412,428
02,175257,100204,0,2590,2666,411,427
02,175260,000044,0,2566,2664,409,431
02,175260,000244,0,2590,2688,413,435
02,175261,000044,0,2566,2664,409,431
02,175261,000244,0,2590,2688,413,435
02,175262,000044,0,2566,2664,409,431
02,175262,000244,0,2590,2688,413,435
02,175263,000044,0,2566,2664,409,431
02,175263,000244,0,2590,2688,413,435
02,175264,000044,0,2566,2664,409,431
02,175264,000244,0,2590,2688,413,435
02,175265,000044,0,2566,2664,409,431
02,175265,000244,0,2590,2688,413,435
02,175266,000044,0,2566,2664,409,431
02,175266,000244,0,2590,2688,413,435
02,175267,000004,0,2566,2664,409,431
02,175267,100204,0,2563,2661,408,430
02,175270,000004,0,2574,2715,412,442
02,175270,100204,0,2571,2712,411,441
02,175271,000044,0,2574,2715,412,442
02,175271,000244,0,2598,2739,416,446
02,175272,000004,0,2574,2715,412,442
02,175272,100204,0,2571,2712,411,441
02,175273,000044,0,2574,2715,412,442
02,175273,000244,0,2598,2739,416,446
02,175274,000004,0,2574,2715,412,442
02,175274,100204,0,2571,2712,411,441
02,175275,000044,0,2574,2715,412,442
02,175275,000244,0,2598,2739,416,446
02,175276,000004,0,2574,2715,412,442
02,175276,100204,0,2571,2712,411,441
02,175277,000004,0,2574,2715,412,442
02,175277,100204,0,2571,2712,411,441
02,175300,000044,0,2405,2434,381,388
02,175300,000244,0,2456,2485,390,397
02,175301,000004,0,2432,2461,386,393
02,175301,100204,0,2456,2485,390,397
02,175302,000044,0,2405,2434,381,388
02,175302,000244,0,2456,2485,390,397
02,175303,000004,0,2432,2461,386,393
02,175303,100204,0,2456,2485,390,397
02,175304,000044,0,2405,2434,381,388
02,175304,000244,0,2456,2485,390,397
02,175305,000004,0,2432,2461,386,393
02,175305,100204,0,2456,2485,390,397
02,175306,000044,0,2405,2434,381,388
02,175306,000244,0,2456,2485,390,397
02,175307,000004,0,2432,2461,386,393
02,175307,100204,0,2456,2485,390,397
02,175310,000044,0,2452,2507,390,404
02,175310,000244,0,2503,2558,399,413
02,175311,000004,0,2479,2534,395,409
02,175311,100204,0,2503,2558,399,413
02,175312,000044,0,2452,2507,390,404
02,175312,000244,0,2503,2558,399,413
02,175313,000004,0,2479,2534,395,409
02,175313,100204,0,2503,2558,399,413
02,175314,000044,0,2452,2507,390,404
02,175314,000244,0,2503,2558,399,413
02,175315,000004,0,2479,2534,395,409
02,175315,100204,0,2503,2558,399,413
02,175316,000044,0,2452,2507,390,404
02,175316,000244,0,2503,2558,399,413
02,175317,000044,0,2452,2507,390,404
02,175317,000244,0,2503,2558,399,413
02,175320,000044,0,2571,2626,413,427
02,175320,000244,0,2622,2677,422,436
02,175321,000004,0,2598,2653,418,432
02,175321,100204,0,2622,2677,422,436
02,175322,000044,0,2571,2626,413,427
02,175322,000244,0,2622,2677,422,436
02,175323,000004,0,2598,2653,418,432
02,175323,100204,0,2622,2677,422,436
02,175324,000044,0,2571,2626,413,427
02,175324,000244,0,2622,2677,422,436
02,175325,000004,0,2598,2653,418,432
02,175325,100204,0,2622,2677,422,436
02,175326,000044,0,2571,2626,413,427
02,175326,000244,0,2622,2677,422,436
02,175327,000044,0,2540,2595,405,419
02,175327,000244,0,2591,2646,414,428
02,175330,000044,0,2594,2692,417,439
02,175330,000244,0,2645,2743,426,448
02,175331,000044,0,2594,2692,417,439
02,175331,000244,0,2645,2743,426,448
02,175332,000044,0,2594,2692,417,439
02,175332,000244,0,2645,2743,426,448
02,175333,000044,0,2594,2692,417,439
02,175333,000244,0,2645,2743,426,448
02,175334,000044,0,2594,2692,417,439
02,175334,000244,0,2645,2743,426,448
02,175335,000044,0,2594,2692,417,439
02,175335,000244,0,2645,2743,426,448
02,175336,000044,0,2594,2692,417,439
02,175336,000244,0,2645,2743,426,448
02,175337,000004,0,2572,2670,412,434
02,175337,100204,0,2596,2694,416,438
02,175340,000044,0,2571,2626,413,427
02,175340,000244,0,2622,2677,422,436
02,175341,000004,0,2598,2653,418,432
02,175341,100204,0,2622,2677,422,436
02,175342,000044,0,2571,2626,413,427
02,175342,000244,0,2622,2677,422,436
02,175343,000004,0,2598,2653,418,432
02,175343,100204,0,2622,2677,422,436
02,175344,000044,0,2571,2626,413,427
02,175344,000244,0,2622,2677,422,436
02,175345,000004,0,2598,2653,418,432
02,175345,100204,0,2622,2677,422,436
02,175346,000044,0,2571,2626,413,427
02,175346,000244,0,2622,2677,422,436
02,175347,000044,0,2522,2577,403,417
02,175347,000244,0,2573,2628,412,426
02,175350,000044,0,2594,2692,417,439
02,175350,000244,0,2645,2743,426,448
02,175351,000044,0,2594,2692,417,439
02,175351,000244,0,2645,2743,426,448
02,175352,000044,0,2594,2692,417,439
02,175352,000244,0,2645,2743,426,448
02,175353,000044,0,2594,2692,417,439
02,175353,000244,0,2645,2743,426,448
02,175354,000044,0,2594,2692,417,439
02,175354,000244,0,2645,2743,426,448
02,175355,000044,0,2594,2692,417,439
02,175355,000244,0,2645,2743,426,448
02,175356,000044,0,2594,2692,417,439
02,175356,000244,0,2645,2743,426,448
02,175357,000004,0,2593,2669,412,428
02,175357,100204,0,2617,2693,416,432
02,175360,000044,0,2539,2637,404,426
02,175360,000244,0,2590,2688,413,435
02,175361,000044,0,2539,2637,404,426
02,175361,000244,0,2590,2688,413,435
02,175362,000044,0,2539,2637,404,426
02,175362,000244,0,2590,2688,413,435
02,175363,000044,0,2539,2637,404,426
02,175363,000244,0,2590,2688,413,435
02,175364,000044,0,2539,2637,404,426
02,175364,000244,0,2590,2688,413,435
02,175365,000044,0,2539,2637,404,426
02,175365,000244,0,2590,2688,413,435
02,175366,000044,0,2539,2637,404,426
02,175366,000244,0,2590,2688,413,435
02,175367,000004,0,2566,2664,409,431
02,175367,100204,0,2590,2688,413,435
02,175370,000004,0,2574,2715,412,442
02,175370,100204,0,2598,2739,416,446
02,175371,000044,0,2547,2688,407,437
02,175371,000244,0,2598,2739,416,446
02,175372,000004,0,2574,2715,412,442
02,175372,100204,0,2598,2739,416,446
02,175373,000044,0,2547,2688,407,437
02,175373,000244,0,2598,2739,416,446
02,175374,000004,0,2574,2715,412,442
02,175374,100204,0,2598,2739,416,446
02,175375,000044,0,2547,2688,407,437
02,175375,000244,0,2598,2739,416,446
02,175376,000004,0,2574,2715,412,442
02,175376,100204,0,2598,2739,416,446
02,175377,000004,0,2574,2715,412,442
02,175377,100204,0,2598,2739,416,446
02,175400,000044,0,3192,3221,562,569
02,175400,000244,0,3369,3398,591,598
02,175401,000004,0,8183,8212,1914,1921
02,175401,100204,0,3369,3398,591,598
02,175402,000044,0,3192,3221,562,569
02,175402,000244,0,3369,3398,591,598
02,175403,000004,0,8183,8212,1914,1921
02,175403,100204,0,3369,3398,591,598
02,175404,000044,0,3192,3221,562,569
02,175404,000244,0,3369,3398,591,598
02,175405,000004,0,8183,8212,1914,1921
02,175405,100204,0,3369,3398,591,598
02,175406,040044,0,3192,3221,562,569
02,175406,040244,0,3369,3398,591,598
02,175407,000004,0,8183,8212,1914,1921
02,175407,100204,0,3369,3398,591,598
02,175410,000044,0,3239,3294,571,585
02,175410,000244,0,3416,3471,600,614
02,175411,100144,0,3305,3386,581,602
02,175411,000344,0,3373,3454,592,613
02,175412,000004,0,8230,8285,1923,1937
02,175412,100204,0,3416,3471,600,614
02,175413,000104,0,3305,3386,581,602
02,175413,100304,0,3500,3581,612,633
02,175414,000044,0,3239,3294,571,585
02,175414,000244,0,3416,3471,600,614
02,175415,100144,0,3305,3386,581,602
02,175415,000344,0,3373,3454,592,613
02,175416,000004,0,8230,8285,1923,1937
02,175416,100204,0,3416,3471,600,614
02,175417,100144,0,3305,3386,581,602
02,175417,000344,0,3373,3454,592,613
02,175420,000044,0,3358,3413,594,608
02,175420,000244,0,3535,3590,623,637
02,175421,100144,0,3424,3505,604,625
02,175421,000344,0,3492,3573,615,636
02,175422,000004,0,8349,8404,1946,1960
02,175422,100204,0,3535,3590,623,637
02,175423,000104,0,3424,3505,604,625
02,175423,100304,0,3619,3700,635,656
02,175424,000044,0,3358,3413,594,608
02,175424,000244,0,3535,3590,623,637
02,175425,100144,0,3424,3505,604,625
02,175425,000344,0,3492,3573,615,636
02,175426,000004,0,8349,8404,1946,1960
02,175426,100204,0,3535,3590,623,637
02,175427,100144,0,3348,3403,589,603
02,175427,000344,0,3416,3471,600,614
02,175430,100144,0,3447,3571,608,637
02,175430,000344,0,3515,3639,619,648
02,175431,000044,0,3381,3479,598,620
02,175431,000244,0,3558,3656,627,649
02,175432,000104,0,3447,3571,608,637
02,175432,100304,0,3642,3766,639,668
02,175433,000004,0,8372,8470,1950,1972
02,175433,100204,0,3558,3656,627,649
02,175434,100144,0,3447,3571,608,637
02,175434,000344,0,3515,3639,619,648
02,175435,000044,0,3381,3479,598,620
02,175435,000244,0,3558,3656,627,649
02,175436,000104,0,3447,3571,608,637
02,175436,100304,0,3642,3766,639,668
02,175437,000044,0,3332,3430,588,610
02,175437,000244,0,3509,3607,617,639
02,175440,100144,0,3424,3505,604,625
02,175440,000344,0,3492,3573,615,636
02,175441,000004,0,8349,8404,1946,1960
02,175441,100204,0,3535,3590,623,637
02,175442,000104,0,3424,3505,604,625
02,175442,100304,0,3619,3700,635,656
02,175443,000044,0,3358,3413,594,608
02,175443,000244,0,3535,3590,623,637
02,175444,100144,0,3424,3505,604,625
02,175444,000344,0,3492,3573,615,636
02,175445,000004,0,8349,8404,1946,1960
02,175445,100204,0,3535,3590,623,637
02,175446,000104,0,3424,3505,604,625
02,175446,100304,0,3619,3700,635,656
02,175447,000004,0,8300,8355,1936,1950
02,175447,100204,0,3486,3541,613,627
02,175450,100144,0,3447,3571,608,637
02,175450,000344,0,3515,3639,619,648
02,175451,000044,0,3381,3479,598,620
02,175451,000244,0,3558,3656,627,649
02,175452,000104,0,3447,3571,608,637
02,175452,100304,0,3642,3766,639,668
02,175453,000004,0,8372,8470,1950,1972
02,175453,100204,0,3558,3656,627,649
02,175454,100144,0,3447,3571,608,637
02,175454,000344,0,3515,3639,619,648
02,175455,000044,0,3381,3479,598,620
02,175455,000244,0,3558,3656,627,649
02,175456,000104,0,3447,3571,608,637
02,175456,100304,0,3642,3766,639,668
02,175457,000044,0,3353,3429,588,604
02,175457,000244,0,3530,3606,617,633
02,175460,000004,0,8317,8415,1937,1959
02,175460,100204,0,3503,3601,614,636
02,175461,100144,0,3392,3516,595,624
02,175461,000344,0,3460,3584,606,635
02,175462,000044,0,3326,3424,585,607
02,175462,000244,0,3503,3601,614,636
02,175463,000104,0,3392,3516,595,624
02,175463,100304,0,3587,3711,626,655
02,175464,000004,0,8317,8415,1937,1959
02,175464,100204,0,3503,3601,614,636
02,175465,100144,0,3392,3516,595,624
02,175465,000344,0,3460,3584,606,635
02,175466,000044,0,3326,3424,585,607
02,175466,000244,0,3503,3601,614,636
02,175467,100144,0,3392,3516,595,624
02,175467,000344,0,3460,3584,606,635
02,175470,000044,0,3334,3475,588,618
02,175470,000244,0,3511,3652,617,647
02,175471,100144,0,3400,3567,598,635
02,175471,000344,0,3468,3635,609,646
02,175472,000004,0,8325,8466,1940,1970
02,175472,100204,0,3511,3652,617,647
02,175473,000104,0,3400,3567,598,635
02,175473,100304,0,3595,3762,629,666
02,175474,000044,0,3334,3475,588,618
02,175474,000244,0,3511,3652,617,647
02,175475,100144,0,3400,3567,598,635
02,175475,000344,0,3468,3635,609,646
02,175476,000004,0,8325,8466,1940,1970
02,175476,100204,0,3511,3652,617,647
02,175477,100144,0,3400,3567,598,635
02,175477,000344,0,3468,3635,609,646
02,175500,000004,0,3301,3330,580,587
02,175500,100204,0,3369,3398,591,598
02,175501,000044,0,3301,3330,580,587
02,175501,000244,0,3260,3289,573,580
02,175502,000004,0,3301,3330,580,587
02,175502,100204,0,3369,3398,591,598
02,175503,000044,0,3301,3330,580,587
02,175503,000244,0,3260,3289,573,580
02,175504,000004,0,3301,3330,580,587
02,175504,100204,0,3369,3398,591,598
02,175505,000044,0,3301,3330,580,587
02,175505,000244,0,3260,3289,573,580
02,175506,040004,0,3301,3330,580,587
02,175506,140204,0,3369,3398,591,598
02,175507,000044,0,3301,3330,580,587
02,175507,000244,0,3260,3289,573,580
02,175510,000004,0,3348,3403,589,603
02,175510,100204,0,3416,3471,600,614
02,175511,000104,0,3305,3386,581,602
02,175511,100304,0,7546,7627,1705,1726
02,175512,000044,0,3348,3403,589,603
02,175512,000244,0,3307,3362,582,596
02,175513,100144,0,7646,7727,1740,1761
02,175513,000344,0,3500,3581,612,633
02,175514,000004,0,3348,3403,589,603
02,175514,100204,0,3416,3471,600,614
02,175515,000104,0,3305,3386,581,602
02,175515,100304,0,7546,7627,1705,1726
02,175516,000044,0,3348,3403,589,603
02,175516,000244,0,3307,3362,582,596
02,175517,000104,0,3305,3386,581,602
02,175517,100304,0,7546,7627,1705,1726
02,175520,000004,0,3467,3522,612,626
02,175520,100204,0,3535,3590,623,637
02,175521,000104,0,3424,3505,604,625
02,175521,100304,0,7665,7746,1728,1749
02,175522,000044,0,3467,3522,612,626
02,175522,000244,0,3426,3481,605,619
02,175523,100144,0,7765,7846,1763,1784
02,175523,000344,0,3619,3700,635,656
02,175524,000004,0,3467,3522,612,626
02,175524,100204,0,3535,3590,623,637
02,175525,000104,0,3424,3505,604,625
02,175525,100304,0,7665,7746,1728,1749
02,175526,000044,0,3467,3522,612,626
02,175526,000244,0,3426,3481,605,619
02,175527,000104,0,3348,3403,589,603
02,175527,100304,0,7589,7644,1713,1727
02,175530,000104,0,3447,3571,608,637
02,175530,100304,0,7688,7812,1732,1761
02,175531,000004,0,3490,3588,616,638
02,175531,100204,0,3558,3656,627,649
02,175532,100144,0,7788,7912,1767,1796
02,175532,000344,0,3642,3766,639,668
02,175533,000044,0,3490,3588,616,638
02,175533,000244,0,3449,3547,609,631
02,175534,000104,0,3447,3571,608,637
02,175534,100304,0,7688,7812,1732,1761
02,175535,000004,0,3490,3588,616,638
02,175535,100204,0,3558,3656,627,649
02,175536,100144,0,7788,7912,1767,1796
02,175536,000344,0,3642,3766,639,668
02,175537,000004,0,3441,3539,606,628
02,175537,100204,0,3509,3607,617,639
02,175540,000104,0,3424,3505,604,625
02,175540,100304,0,7665,7746,1728,1749
02,175541,000044,0,3467,3522,612,626
02,175541,000244,0,3426,3481,605,619
02,175542,100144,0,7765,7846,1763,1784
02,175542,000344,0,3619,3700,635,656
02,175543,000004,0,3467,3522,612,626
02,175543,100204,0,3535,3590,623,637
02,175544,000104,0,3424,3505,604,625
02,175544,100304,0,7665,7746,1728,1749
02,175545,000044,0,3467,3522,612,626
02,175545,000244,0,3426,3481,605,619
02,175546,100144,0,7765,7846,1763,1784
02,175546,000344,0,3619,3700,635,656
02,175547,000044,0,3418,3473,602,616
02,175547,000244,0,3377,3432,595,609
02,175550,000104,0,3447,3571,608,637
02,175550,100304,0,7688,7812,1732,1761
02,175551,000004,0,3490,3588,616,638
02,175551,100204,0,3558,3656,627,649
02,175552,100144,0,7788,7912,1767,1796
02,175552,000344,0,3642,3766,639,668
02,175553,000044,0,3490,3588,616,638
02,175553,000244,0,3449,3547,609,631
02,175554,000104,0,3447,3571,608,637
02,175554,100304,0,7688,7812,1732,1761
02,175555,000004,0,3490,3588,616,638
02,175555,100204,0,3558,3656,627,649
02,175556,100144,0,7788,7912,1767,1796
02,175556,000344,0,3642,3766,639,668
02,175557,000004,0,3462,3538,606,622
02,175557,100204,0,3530,3606,617,633
02,175560,000044,0,3435,3533,603,625
02,175560,000244,0,3394,3492,596,618
02,175561,000104,0,3392,3516,595,624
02,175561,100304,0,7633,7757,1719,1748
02,175562,000004,0,3435,3533,603,625
02,175562,100204,0,3503,3601,614,636
02,175563,100144,0,7733,7857,1754,1783
02,175563,000344,0,3587,3711,626,655
02,175564,000044,0,3435,3533,603,625
02,175564,000244,0,3394,3492,596,618
02,175565,000104,0,3392,3516,595,624
02,175565,100304,0,7633,7757,1719,1748
02,175566,000004,0,3435,3533,603,625
02,175566,100204,0,3503,3601,614,636
02,175567,000104,0,3392,3516,595,624
02,175567,100304,0,7633,7757,1719,1748
02,175570,000004,0,3443,3584,606,636
02,175570,100204,0,3511,3652,617,647
02,175571,000104,0,3400,3567,598,635
02,175571,100304,0,7641,7808,1722,1759
02,175572,000044,0,3443,3584,606,636
02,175572,000244,0,3402,3543,599,629
02,175573,100144,0,7741,7908,1757,1794
02,175573,000344,0,3595,3762,629,666
02,175574,000004,0,3443,3584,606,636
02,175574,100204,0,3511,3652,617,647
02,175575,000104,0,3400,3567,598,635
02,175575,100304,0,7641,7808,1722,1759
02,175576,000044,0,3443,3584,606,636
02,175576,000244,0,3402,3543,599,629
02,175577,000104,0,3400,3567,598,635
02,175577,100304,0,7641,7808,1722,1759
02,175600,000044,0,3192,3221,562,569
02,175600,000244,0,3260,3289,573,580
02,175601,000004,0,3192,3221,562,569
02,175601,100204,0,3369,3398,591,598
02,175602,000044,0,3192,3221,562,569
02,175602,000244,0,3260,3289,573,580
02,175603,000004,0,3192,3221,562,569
02,175603,100204,0,3369,3398,591,598
02,175604,000044,0,3192,3221,562,569
02,175604,000244,0,3260,3289,573,580
02,175605,000004,0,3192,3221,562,569
02,175605,100204,0,3369,3398,591,598
02,175606,040044,0,3192,3221,562,569
02,175606,040244,0,3260,3289,573,580
02,175607,000004,0,3192,3221,562,569
02,175607,100204,0,3369,3398,591,598
02,175610,000044,0,3239,3294,571,585
02,175610,000244,0,3307,3362,582,596
02,175611,100144,0,3432,3513,601,622
02,175611,000344,0,3500,3581,612,633
02,175612,000004,0,3239,3294,571,585
02,175612,100204,0,3416,3471,600,614
02,175613,000104,0,3432,3513,601,622
02,175613,100304,0,7714,7795,1751,1772
02,175614,000044,0,3239,3294,571,585
02,175614,000244,0,3307,3362,582,596
02,175615,100144,0,3432,3513,601,622
02,175615,000344,0,3500,3581,612,633
02,175616,000004,0,3239,3294,571,585
02,175616,100204,0,3416,3471,600,614
02,175617,100144,0,3432,3513,601,622
02,175617,000344,0,3500,3581,612,633
02,175620,000044,0,3358,3413,594,608
02,175620,000244,0,3426,3481,605,619
02,175621,100144,0,3551,3632,624,645
02,175621,000344,0,3619,3700,635,656
02,175622,000004,0,3358,3413,594,608
02,175622,100204,0,3535,3590,623,637
02,175623,000104,0,3551,3632,624,645
02,175623,100304,0,7833,7914,1774,1795
02,175624,000044,0,3358,3413,594,608
02,175624,000244,0,3426,3481,605,619
02,175625,100144,0,3551,3632,624,645
02,175625,000344,0,3619,3700,635,656
02,175626,000004,0,3358,3413,594,608
02,175626,100204,0,3535,3590,623,637
02,175627,100144,0,3475,3530,609,623
02,175627,000344,0,3543,3598,620,634
02,175630,100144,0,3574,3698,628,657
02,175630,000344,0,3642,3766,639,668
02,175631,000044,0,3381,3479,598,620
02,175631,000244,0,3449,3547,609,631
02,175632,000104,0,3574,3698,628,657
02,175632,100304,0,7856,7980,1778,1807
02,175633,000004,0,3381,3479,598,620
02,175633,100204,0,3558,3656,627,649
02,175634,100144,0,3574,3698,628,657
02,175634,000344,0,3642,3766,639,668
02,175635,000044,0,3381,3479,598,620
02,175635,000244,0,3449,3547,609,631
02,175636,000104,0,3574,3698,628,657
02,175636,100304,0,7856,7980,1778,1807
02,175637,000044,0,3332,3430,588,610
02,175637,000244,0,3400,3498,599,621
02,175640,100144,0,3551,3632,624,645
02,175640,000344,0,3619,3700,635,656
02,175641,000004,0,3358,3413,594,608
02,175641,100204,0,3535,3590,623,637
02,175642,000104,0,3551,3632,624,645
02,175642,100304,0,7833,7914,1774,1795
02,175643,000044,0,3358,3413,594,608
02,175643,000244,0,3426,3481,605,619
02,175644,100144,0,3551,3632,624,645
02,175644,000344,0,3619,3700,635,656
02,175645,000004,0,3358,3413,594,608
02,175645,100204,0,3535,3590,623,637
02,175646,000104,0,3551,3632,624,645
02,175646,100304,0,7833,7914,1774,1795
02,175647,000004,0,3309,3364,584,598
02,175647,100204,0,3486,3541,613,627
02,175650,100144,0,3574,3698,628,657
02,175650,000344,0,3642,3766,639,668
02,175651,000044,0,3381,3479,598,620
02,175651,000244,0,3449,3547,609,631
02,175652,000104,0,3574,3698,628,657
02,175652,100304,0,7856,7980,1778,1807
02,175653,000004,0,3381,3479,598,620
02,175653,100204,0,3558,3656,627,649
02,175654,100144,0,3574,3698,628,657
02,175654,000344,0,3642,3766,639,668
02,175655,000044,0,3381,3479,598,620
02,175655,000244,0,3449,3547,609,631
02,175656,000104,0,3574,3698,628,657
02,175656,100304,0,7856,7980,1778,1807
02,175657,000044,0,3353,3429,588,604
02,175657,000244,0,3421,3497,599,615
02,175660,000004,0,3326,3424,585,607
02,175660,100204,0,3503,3601,614,636
02,175661,100144,0,3519,3643,615,644
02,175661,000344,0,3587,3711,626,655
02,175662,000044,0,3326,3424,585,607
02,175662,000244,0,3394,3492,596,618
02,175663,000104,0,3519,3643,615,644
02,175663,100304,0,7801,7925,1765,1794
02,175664,000004,0,3326,3424,585,607
02,175664,100204,0,3503,3601,614,636
02,175665,100144,0,3519,3643,615,644
02,175665,000344,0,3587,3711,626,655
02,175666,000044,0,3326,3424,585,607
02,175666,000244,0,3394,3492,596,618
02,175667,100144,0,3519,3643,615,644
02,175667,000344,0,3587,3711,626,655
02,175670,000044,0,3334,3475,588,618
02,175670,000244,0,3402,3543,599,629
02,175671,100144,0,3527,3694,618,655
02,175671,000344,0,3595,3762,629,666
02,175672,000004,0,3334,3475,588,618
02,175672,100204,0,3511,3652,617,647
02,175673,000104,0,3527,3694,618,655
02,175673,100304,0,7809,7976,1768,1805
02,175674,000044,0,3334,3475,588,618
02,175674,000244,0,3402,3543,599,629
02,175675,100144,0,3527,3694,618,655
02,175675,000344,0,3595,3762,629,666
02,175676,000004,0,3334,3475,588,618
02,175676,100204,0,3511,3652,617,647
02,175677,100144,0,3527,3694,618,655
02,175677,000344,0,3595,3762,629,666
02,175700,000004,0,3192,3221,562,569
02,175700,100204,0,3260,3289,573,580
02,175701,000044,0,3301,3330,580,587
02,175701,000244,0,3260,3289,573,580
02,175702,000004,0,3192,3221,562,569
02,175702,100204,0,3260,3289,573,580
02,175703,000044,0,3301,3330,580,587
02,175703,000244,0,3260,3289,573,580
02,175704,000004,0,3192,3221,562,569
02,175704,100204,0,3260,3289,573,580
02,175705,000044,0,3301,3330,580,587
02,175705,000244,0,3260,3289,573,580
02,175706,040004,0,3192,3221,562,569
02,175706,140204,0,3260,3289,573,580
02,175707,000044,0,3301,3330,580,587
02,175707,000244,0,3260,3289,573,580
02,175710,000004,0,3239,3294,571,585
02,175710,100204,0,3307,3362,582,596
02,175711,000104,0,8234,8315,1901,1922
02,175711,100304,0,3500,3581,612,633
02,175712,000044,0,3348,3403,589,603
02,175712,000244,0,3307,3362,582,596
02,175713,100144,0,3305,3386,581,602
02,175713,000344,0,3373,3454,592,613
02,175714,000004,0,3239,3294,571,585
02,175714,100204,0,3307,3362,582,596
02,175715,000104,0,8234,8315,1901,1922
02,175715,100304,0,3500,3581,612,633
02,175716,000044,0,3348,3403,589,603
02,175716,000244,0,3307,3362,582,596
02,175717,000104,0,8234,8315,1901,1922
02,175717,100304,0,3500,3581,612,633
02,175720,000004,0,3358,3413,594,608
02,175720,100204,0,3426,3481,605,619
02,175721,000104,0,8353,8434,1924,1945
02,175721,100304,0,3619,3700,635,656
02,175722,000044,0,3467,3522,612,626
02,175722,000244,0,3426,3481,605,619
02,175723,100144,0,3424,3505,604,625
02,175723,000344,0,3492,3573,615,636
02,175724,000004,0,3358,3413,594,608
02,175724,100204,0,3426,3481,605,619
02,175725,000104,0,8353,8434,1924,1945
02,175725,100304,0,3619,3700,635,656
02,175726,000044,0,3467,3522,612,626
02,175726,000244,0,3426,3481,605,619
02,175727,000104,0,8277,8332,1909,1923
02,175727,100304,0,3543,3598,620,634
02,175730,000104,0,8376,8500,1928,1957
02,175730,100304,0,3642,3766,639,668
02,175731,000004,0,3381,3479,598,620
02,175731,100204,0,3449,3547,609,631
02,175732,100144,0,3447,3571,608,637
02,175732,000344,0,3515,3639,619,648
02,175733,000044,0,3490,3588,616,638
02,175733,000244,0,3449,3547,609,631
02,175734,000104,0,8376,8500,1928,1957
02,175734,100304,0,3642,3766,639,668
02,175735,000004,0,3381,3479,598,620
02,175735,100204,0,3449,3547,609,631
02,175736,100144,0,3447,3571,608,637
02,175736,000344,0,3515,3639,619,648
02,175737,000004,0,3332,3430,588,610
02,175737,100204,0,3400,3498,599,621
02,175740,000104,0,8353,8434,1924,1945
02,175740,100304,0,3619,3700,635,656
02,175741,000044,0,3467,3522,612,626
02,175741,000244,0,3426,3481,605,619
02,175742,100144,0,3424,3505,604,625
02,175742,000344,0,3492,3573,615,636
02,175743,000004,0,3358,3413,594,608
02,175743,100204,0,3426,3481,605,619
02,175744,000104,0,8353,8434,1924,1945
02,175744,100304,0,3619,3700,635,656
02,175745,000044,0,3467,3522,612,626
02,175745,000244,0,3426,3481,605,619
02,175746,100144,0,3424,3505,604,625
02,175746,000344,0,3492,3573,615,636
02,175747,000044,0,3418,3473,602,616
02,175747,000244,0,3377,3432,595,609
02,175750,000104,0,8376,8500,1928,1957
02,175750,100304,0,3642,3766,639,668
02,175751,000004,0,3381,3479,598,620
02,175751,100204,0,3449,3547,609,631
02,175752,100144,0,3447,3571,608,637
02,175752,000344,0,3515,3639,619,648
02,175753,000044,0,3490,3588,616,638
02,175753,000244,0,3449,3547,609,631
02,175754,000104,0,8376,8500,1928,1957
02,175754,100304,0,3642,3766,639,668
02,175755,000004,0,3381,3479,598,620
02,175755,100204,0,3449,3547,609,631
02,175756,100144,0,3447,3571,608,637
02,175756,000344,0,3515,3639,619,648
02,175757,000004,0,3353,3429,588,604
02,175757,100204,0,3421,3497,599,615
02,175760,000044,0,3435,3533,603,625
02,175760,000244,0,3394,3492,596,618
02,175761,000104,0,8321,8445,1915,1944
02,175761,100304,0,3587,3711,626,655
02,175762,000004,0,3326,3424,585,607
02,175762,100204,0,3394,3492,596,618
02,175763,100144,0,3392,3516,595,624
02,175763,000344,0,3460,3584,606,635
02,175764,000044,0,3435,3533,603,625
02,175764,000244,0,3394,3492,596,618
02,175765,000104,0,8321,8445,1915,1944
02,175765,100304,0,3587,3711,626,655
02,175766,000004,0,3326,3424,585,607
02,175766,100204,0,3394,3492,596,618
02,175767,000104,0,8321,8445,1915,1944
02,175767,100304,0,3587,3711,626,655
02,175770,000004,0,3334,3475,588,618
02,175770,100204,0,3402,3543,599,629
02,175771,000104,0,8329,8496,1918,1955
02,175771,100304,0,3595,3762,629,666
02,175772,000044,0,3443,3584,606,636
02,175772,000244,0,3402,3543,599,629
02,175773,100144,0,3400,3567,598,635
02,175773,000344,0,3468,3635,609,646
02,175774,000004,0,3334,3475,588,618
02,175774,100204,0,3402,3543,599,629
02,175775,000104,0,8329,8496,1918,1955
02,175775,100304,0,3595,3762,629,666
02,175776,000044,0,3443,3584,606,636
02,175776,000244,0,3402,3543,599,629
02,175777,000104,0,8329,8496,1918,1955
02,175777,100304,0,3595,3762,629,666
02,176000,000044,0,2788,2801,453,456
02,176000,000244,0,2859,2872,464,467
02,176001,000004,0,2690,2703,431,434
02,176001,100204,0,2892,2905,468,471
02,176002,000044,0,2690,2703,431,434
02,176002,000244,0,2788,2801,447,450
02,176003,000004,0,2690,2703,431,434
02,176003,100204,0,2892,2905,468,471
02,176004,000044,0,2690,2703,431,434
02,176004,000244,0,2788,2801,447,450
02,176005,000004,0,2690,2703,431,434
02,176005,100204,0,2892,2905,468,471
02,176006,000044,0,2216,2229,347,350
02,176006,000244,0,2240,2253,351,354
02,176007,000044,0,2216,2229,347,350
02,176007,000244,0,2240,2253,351,354
02,176010,000044,0,2737,2854,441,472
02,176010,000244,0,2799,2864,451,468
02,176011,000004,0,2737,2854,441,472
02,176011,100204,0,2903,2968,472,489
02,176012,000044,0,2737,2854,441,472
02,176012,000244,0,2799,2864,451,468
02,176013,000004,0,2737,2854,441,472
02,176013,100204,0,2903,2968,472,489
02,176014,000044,0,2737,2854,441,472
02,176014,000244,0,2799,2864,451,468
02,176015,000004,0,2737,2854,441,472
02,176015,100204,0,2903,2968,472,489
02,176016,000044,0,2737,2854,441,472
02,176016,000244,0,2799,2864,451,468
02,176017,000044,0,2737,2854,441,472
02,176017,000244,0,2799,2864,451,468
02,176020,000044,0,2856,2973,464,495
02,176020,000244,0,2918,2983,474,491
02,176021,000004,0,2856,2973,464,495
02,176021,100204,0,3022,3087,495,512
02,176022,000044,0,2856,2973,464,495
02,176022,000244,0,2918,2983,474,491
02,176023,000004,0,2856,2973,464,495
02,176023,100204,0,3022,3087,495,512
02,176024,000044,0,2856,2973,464,495
02,176024,000244,0,2918,2983,474,491
02,176025,000004,0,2856,2973,464,495
02,176025,100204,0,3022,3087,495,512
02,176026,000044,0,2856,2973,464,495
02,176026,000244,0,2918,2983,474,491
02,176027,000044,0,2690,2729,435,445
02,176027,000244,0,2842,2881,459,469
02,176030,000044,0,2879,3039,468,507
02,176030,000244,0,2941,3049,478,503
02,176031,000044,0,2879,3039,468,507
02,176031,000244,0,2941,3049,478,503
02,176032,000044,0,2879,3039,468,507
02,176032,000244,0,2941,3049,478,503
02,176033,000044,0,2879,3039,468,507
02,176033,000244,0,2941,3049,478,503
02,176034,000044,0,2879,3039,468,507
02,176034,000244,0,2941,3049,478,503
02,176035,000044,0,2879,3039,468,507
02,176035,000244,0,2941,3049,478,503
02,176036,000044,0,2879,3039,468,507
02,176036,000244,0,2941,3049,478,503
02,176037,000004,0,2830,2990,458,497
02,176037,100204,0,2996,3104,489,514
02,176040,000044,0,2856,2973,464,495
02,176040,000244,0,2918,2983,474,491
02,176041,000004,0,2856,2973,464,495
02,176041,100204,0,3022,3087,495,512
02,176042,000044,0,2856,2973,464,495
02,176042,000244,0,2918,2983,474,491
02,176043,000004,0,2856,2973,464,495
02,176043,100204,0,3022,3087,495,512
02,176044,000044,0,2856,2973,464,495
02,176044,000244,0,2918,2983,474,491
02,176045,000004,0,2856,2973,464,495
02,176045,100204,0,3022,3087,495,512
02,176046,000044,0,2856,2973,464,495
02,176046,000244,0,2918,2983,474,491
02,176047,000044,0,2807,2924,454,485
02,176047,000244,0,2869,2934,464,481
02,176050,000044,0,2879,3039,468,507
02,176050,000244,0,2941,3049,478,503
02,176051,000044,0,2879,3039,468,507
02,176051,000244,0,2941,3049,478,503
02,176052,000044,0,2879,3039,468,507
02,176052,000244,0,2941,3049,478,503
02,176053,000044,0,2879,3039,468,507
02,176053,000244,0,2941,3049,478,503
02,176054,000044,0,2879,3039,468,507
02,176054,000244,0,2941,3049,478,503
02,176055,000044,0,2879,3039,468,507
02,176055,000244,0,2941,3049,478,503
02,176056,000044,0,2879,3039,468,507
02,176056,000244,0,2941,3049,478,503
02,176057,000004,0,2663,2739,426,442
02,176057,100204,0,2892,2968,466,482
02,176060,000044,0,2824,2984,455,494
02,176060,000244,0,2886,2994,465,490
02,176061,000044,0,2824,2984,455,494
02,176061,000244,0,2886,2994,465,490
02,176062,000044,0,2824,2984,455,494
02,176062,000244,0,2886,2994,465,490
02,176063,000044,0,2824,2984,455,494
02,176063,000244,0,2886,2994,465,490
02,176064,000044,0,2824,2984,455,494
02,176064,000244,0,2886,2994,465,490
02,176065,000044,0,2824,2984,455,494
02,176065,000244,0,2886,2994,465,490
02,176066,000044,0,2824,2984,455,494
02,176066,000244,0,2886,2994,465,490
02,176067,000004,0,2824,2984,455,494
02,176067,100204,0,2990,3098,486,511
02,176070,000004,0,2832,3035,458,505
02,176070,100204,0,2998,3149,489,522
02,176071,000044,0,2832,3035,458,505
02,176071,000244,0,2894,3045,468,501
02,176072,000004,0,2832,3035,458,505
02,176072,100204,0,2998,3149,489,522
02,176073,000044,0,2832,3035,458,505
02,176073,000244,0,2894,3045,468,501
02,176074,000004,0,2832,3035,458,505
02,176074,100204,0,2998,3149,489,522
02,176075,000044,0,2832,3035,458,505
02,176075,000244,0,2894,3045,468,501
02,176076,000004,0,2832,3035,458,505
02,176076,100204,0,2998,3149,489,522
02,176077,000004,0,2832,3035,458,505
02,176077,100204,0,2998,3149,489,522
02,176100,000044,0,2690,2703,431,434
02,176100,000244,0,2761,2774,442,445
02,176101,000004,0,2788,2801,453,456
02,176101,100204,0,2875,2888,468,471
02,176102,000044,0,2690,2703,431,434
02,176102,000244,0,2761,2774,442,445
02,176103,000004,0,2717,2730,436,439
02,176103,100204,0,2777,2790,446,449
02,176104,000044,0,2690,2703,431,434
02,176104,000244,0,2761,2774,442,445
02,176105,000004,0,2717,2730,436,439
02,176105,100204,0,2777,2790,446,449
02,176106,000044,0,2216,2229,347,350
02,176106,000244,0,2240,2253,351,354
02,176107,000044,0,2216,2229,347,350
02,176107,000244,0,2240,2253,351,354
02,176110,000044,0,2737,2854,441,472
02,176110,000244,0,2772,2837,446,463
02,176111,000004,0,2764,2881,446,477
02,176111,100204,0,2788,2853,450,467
02,176112,000044,0,2737,2854,441,472
02,176112,000244,0,2772,2837,446,463
02,176113,000004,0,2764,2881,446,477
02,176113,100204,0,2788,2853,450,467
02,176114,000044,0,2737,2854,441,472
02,176114,000244,0,2772,2837,446,463
02,176115,000004,0,2764,2881,446,477
02,176115,100204,0,2788,2853,450,467
02,176116,000044,0,2737,2854,441,472
02,176116,000244,0,2772,2837,446,463
02,176117,000044,0,2737,2854,441,472
02,176117,000244,0,2772,2837,446,463
02,176120,000044,0,2856,2973,464,495
02,176120,000244,0,2891,2956,469,486
02,176121,000004,0,2883,3000,469,500
02,176121,100204,0,2907,2972,473,490
02,176122,000044,0,2856,2973,464,495
02,176122,000244,0,2891,2956,469,486
02,176123,000004,0,2883,3000,469,500
02,176123,100204,0,2907,2972,473,490
02,176124,000044,0,2856,2973,464,495
02,176124,000244,0,2891,2956,469,486
02,176125,000004,0,2883,3000,469,500
02,176125,100204,0,2907,2972,473,490
02,176126,000044,0,2856,2973,464,495
02,176126,000244,0,2891,2956,469,486
02,176127,000044,0,2690,2729,435,445
02,176127,000244,0,2815,2854,454,464
02,176130,000044,0,2879,3039,468,507
02,176130,000244,0,2914,3022,473,498
02,176131,000044,0,2879,3039,468,507
02,176131,000244,0,2914,3022,473,498
02,176132,000044,0,2879,3039,468,507
02,176132,000244,0,2914,3022,473,498
02,176133,000044,0,2879,3039,468,507
02,176133,000244,0,2914,3022,473,498
02,176134,000044,0,2879,3039,468,507
02,176134,000244,0,2914,3022,473,498
02,176135,000044,0,2879,3039,468,507
02,176135,000244,0,2914,3022,473,498
02,176136,000044,0,2879,3039,468,507
02,176136,000244,0,2914,3022,473,498
02,176137,000004,0,2857,3017,463,502
02,176137,100204,0,2881,2989,467,492
02,176140,000044,0,2856,2973,464,495
02,176140,000244,0,2891,2956,469,486
02,176141,000004,0,2883,3000,469,500
02,176141,100204,0,2907,2972,473,490
02,176142,000044,0,2856,2973,464,495
02,176142,000244,0,2891,2956,469,486
02,176143,000004,0,2883,3000,469,500
02,176143,100204,0,2907,2972,473,490
02,176144,000044,0,2856,2973,464,495
02,176144,000244,0,2891,2956,469,486
02,176145,000004,0,2883,3000,469,500
02,176145,100204,0,2907,2972,473,490
02,176146,000044,0,2856,2973,464,495
02,176146,000244,0,2891,2956,469,486
02,176147,000044,0,2807,2924,454,485
02,176147,000244,0,2842,2907,459,476
02,176150,000044,0,2879,3039,468,507
02,176150,000244,0,2914,3022,473,498
02,176151,000044,0,2879,3039,468,507
02,176151,000244,0,2914,3022,473,498
02,176152,000044,0,2879,3039,468,507
02,176152,000244,0,2914,3022,473,498
02,176153,000044,0,2879,3039,468,507
02,176153,000244,0,2914,3022,473,498
02,176154,000044,0,2879,3039,468,507
02,176154,000244,0,2914,3022,473,498
02,176155,000044,0,2879,3039,468,507
02,176155,000244,0,2914,3022,473,498
02,176156,000044,0,2879,3039,468,507
02,176156,000244,0,2914,3022,473,498
02,176157,000004,0,2663,2739,426,442
02,176157,100204,0,2804,2880,449,465
02,176160,000044,0,2824,2984,455,494
02,176160,000244,0,2859,2967,460,485
02,176161,000044,0,2824,2984,455,494
02,176161,000244,0,2859,2967,460,485
02,176162,000044,0,2824,2984,455,494
02,176162,000244,0,2859,2967,460,485
02,176163,000044,0,2824,2984,455,494
02,176163,000244,0,2859,2967,460,485
02,176164,000044,0,2824,2984,455,494
02,176164,000244,0,2859,2967,460,485
02,176165,000044,0,2824,2984,455,494
02,176165,000244,0,2859,2967,460,485
02,176166,000044,0,2824,2984,455,494
02,176166,000244,0,2859,2967,460,485
02,176167,000004,0,2851,3011,460,499
02,176167,100204,0,2875,2983,464,489
02,176170,000004,0,2859,3062,463,510
02,176170,100204,0,2883,3034,467,500
02,176171,000044,0,2832,3035,458,505
02,176171,000244,0,2867,3018,463,496
02,176172,000004,0,2859,3062,463,510
02,176172,100204,0,2883,3034,467,500
02,176173,000044,0,2832,3035,458,505
02,176173,000244,0,2867,3018,463,496
02,176174,000004,0,2859,3062,463,510
02,176174,100204,0,2883,3034,467,500
02,176175,000044,0,2832,3035,458,505
02,176175,000244,0,2867,3018,463,496
02,176176,000004,0,2859,3062,463,510
02,176176,100204,0,2883,3034,467,500
02,176177,000004,0,2859,3062,463,510
02,176177,100204,0,2883,3034,467,500
02,176200,000044,0,2717,2730,436,439
02,176200,000244,0,2788,2801,447,450
02,176201,000004,0,2690,2703,431,434
02,176201,100204,0,2804,2817,451,454
02,176202,000044,0,2788,2801,453,456
02,176202,000244,0,2859,2872,464,467
02,176203,000004,0,2690,2703,431,434
02,176203,100204,0,2804,2817,451,454
02,176204,000044,0,2717,2730,436,439
02,176204,000244,0,2788,2801,447,450
02,176205,000004,0,2690,2703,431,434
02,176205,100204,0,2804,2817,451,454
02,176206,000044,0,2216,2229,347,350
02,176206,000244,0,2240,2253,351,354
02,176207,000044,0,2216,2229,347,350
02,176207,000244,0,2240,2253,351,354
02,176210,000044,0,2764,2881,446,477
02,176210,000244,0,2799,2864,451,468
02,176211,000004,0,2737,2854,441,472
02,176211,100204,0,2815,2880,455,472
02,176212,000044,0,2764,2881,446,477
02,176212,000244,0,2799,2864,451,468
02,176213,000004,0,2737,2854,441,472
02,176213,100204,0,2815,2880,455,472
02,176214,000044,0,2764,2881,446,477
02,176214,000244,0,2799,2864,451,468
02,176215,000004,0,2737,2854,441,472
02,176215,100204,0,2815,2880,455,472
02,176216,000044,0,2764,2881,446,477
02,176216,000244,0,2799,2864,451,468
02,176217,000044,0,2764,2881,446,477
02,176217,000244,0,2799,2864,451,468
02,176220,000044,0,2883,3000,469,500
02,176220,000244,0,2918,2983,474,491
02,176221,000004,0,2856,2973,464,495
02,176221,100204,0,2934,2999,478,495
02,176222,000044,0,2883,3000,469,500
02,176222,000244,0,2918,2983,474,491
02,176223,000004,0,2856,2973,464,495
02,176223,100204,0,2934,2999,478,495
02,176224,000044,0,2883,3000,469,500
02,176224,000244,0,2918,2983,474,491
02,176225,000004,0,2856,2973,464,495
02,176225,100204,0,2934,2999,478,495
02,176226,000044,0,2883,3000,469,500
02,176226,000244,0,2918,2983,474,491
02,176227,000044,0,2717,2756,440,450
02,176227,000244,0,2842,2881,459,469
02,176230,000044,0,2906,3066,473,512
02,176230,000244,0,2941,3049,478,503
02,176231,000044,0,2906,3066,473,512
02,176231,000244,0,2941,3049,478,503
02,176232,000044,0,2906,3066,473,512
02,176232,000244,0,2941,3049,478,503
02,176233,000044,0,2906,3066,473,512
02,176233,000244,0,2941,3049,478,503
02,176234,000044,0,2906,3066,473,512
02,176234,000244,0,2941,3049,478,503
02,176235,000044,0,2906,3066,473,512
02,176235,000244,0,2941,3049,478,503
02,176236,000044,0,2906,3066,473,512
02,176236,000244,0,2941,3049,478,503
02,176237,000004,0,2830,2990,458,497
02,176237,100204,0,2908,3016,472,497
02,176240,000044,0,2883,3000,469,500
02,176240,000244,0,2918,2983,474,491
02,176241,000004,0,2856,2973,464,495
02,176241,100204,0,2934,2999,478,495
02,176242,000044,0,2883,3000,469,500
02,176242,000244,0,2918,2983,474,491
02,176243,000004,0,2856,2973,464,495
02,176243,100204,0,2934,2999,478,495
02,176244,000044,0,2883,3000,469,500
02,176244,000244,0,2918,2983,474,491
02,176245,000004,0,2856,2973,464,495
02,176245,100204,0,2934,2999,478,495
02,176246,000044,0,2883,3000,469,500
02,176246,000244,0,2918,2983,474,491
02,176247,000044,0,2834,2951,459,490
02,176247,000244,0,2869,2934,464,481
02,176250,000044,0,2906,3066,473,512
02,176250,000244,0,2941,3049,478,503
02,176251,000044,0,2906,3066,473,512
02,176251,000244,0,2941,3049,478,503
02,176252,000044,0,2906,3066,473,512
02,176252,000244,0,2941,3049,478,503
02,176253,000044,0,2906,3066,473,512
02,176253,000244,0,2941,3049,478,503
02,176254,000044,0,2906,3066,473,512
02,176254,000244,0,2941,3049,478,503
02,176255,000044,0,2906,3066,473,512
02,176255,000244,0,2941,3049,478,503
02,176256,000044,0,2906,3066,473,512
02,176256,000244,0,2941,3049,478,503
02,176257,000004,0,2663,2739,426,442
02,176257,100204,0,2804,2880,449,465
02,176260,000044,0,2851,3011,460,499
02,176260,000244,0,2886,2994,465,490
02,176261,000044,0,2851,3011,460,499
02,176261,000244,0,2886,2994,465,490
02,176262,000044,0,2851,3011,460,499
02,176262,000244,0,2886,2994,465,490
02,176263,000044,0,2851,3011,460,499
02,176263,000244,0,2886,2994,465,490
02,176264,000044,0,2851,3011,460,499
02,176264,000244,0,2886,2994,465,490
02,176265,000044,0,2851,3011,460,499
02,176265,000244,0,2886,2994,465,490
02,176266,000044,0,2851,3011,460,499
02,176266,000244,0,2886,2994,465,490
02,176267,000004,0,2824,2984,455,494
02,176267,100204,0,2902,3010,469,494
02,176270,000004,0,2832,3035,458,505
02,176270,100204,0,2910,3061,472,505
02,176271,000044,0,2859,3062,463,510
02,176271,000244,0,2894,3045,468,501
02,176272,000004,0,2832,3035,458,505
02,176272,100204,0,2910,3061,472,505
02,176273,000044,0,2859,3062,463,510
02,176273,000244,0,2894,3045,468,501
02,176274,000004,0,2832,3035,458,505
02,176274,100204,0,2910,3061,472,505
02,176275,000044,0,2859,3062,463,510
02,176275,000244,0,2894,3045,468,501
02,176276,000004,0,2832,3035,458,505
02,176276,100204,0,2910,3061,472,505
02,176277,000004,0,2832,3035,458,505
02,176277,100204,0,2910,3061,472,505
02,176300,000044,0,2717,2730,436,439
02,176300,000244,0,2761,2774,442,445
02,176301,000004,0,2717,2730,436,439
02,176301,100204,0,2804,2817,451,454
02,176302,000044,0,2717,2730,436,439
02,176302,000244,0,2761,2774,442,445
02,176303,000004,0,2788,2801,453,456
02,176303,100204,0,2875,2888,468,471
02,176304,000044,0,2717,2730,436,439
02,176304,000244,0,2761,2774,442,445
02,176305,000004,0,2717,2730,436,439
02,176305,100204,0,2804,2817,451,454
02,176306,000044,0,2216,2229,347,350
02,176306,000244,0,2240,2253,351,354
02,176307,000044,0,2216,2229,347,350
02,176307,000244,0,2240,2253,351,354
02,176310,000044,0,2764,2881,446,477
02,176310,000244,0,2772,2837,446,463
02,176311,000004,0,2764,2881,446,477
02,176311,100204,0,2815,2880,455,472
02,176312,000044,0,2764,2881,446,477
02,176312,000244,0,2772,2837,446,463
02,176313,000004,0,2764,2881,446,477
02,176313,100204,0,2815,2880,455,472
02,176314,000044,0,2764,2881,446,477
02,176314,000244,0,2772,2837,446,463
02,176315,000004,0,2764,2881,446,477
02,176315,100204,0,2815,2880,455,472
02,176316,000044,0,2764,2881,446,477
02,176316,000244,0,2772,2837,446,463
02,176317,000044,0,2764,2881,446,477
02,176317,000244,0,2772,2837,446,463
02,176320,000044,0,2883,3000,469,500
02,176320,000244,0,2891,2956,469,486
02,176321,000004,0,2883,3000,469,500
02,176321,100204,0,2934,2999,478,495
02,176322,000044,0,2883,3000,469,500
02,176322,000244,0,2891,2956,469,486
02,176323,000004,0,2883,3000,469,500
02,176323,100204,0,2934,2999,478,495
02,176324,000044,0,2883,3000,469,500
02,176324,000244,0,2891,2956,469,486
02,176325,000004,0,2883,3000,469,500
02,176325,100204,0,2934,2999,478,495
02,176326,000044,0,2883,3000,469,500
02,176326,000244,0,2891,2956,469,486
02,176327,000044,0,2717,2756,440,450
02,176327,000244,0,2815,2854,454,464
02,176330,000044,0,2906,3066,473,512
02,176330,000244,0,2914,3022,473,498
02,176331,000044,0,2906,3066,473,512
02,176331,000244,0,2914,3022,473,498
02,176332,000044,0,2906,3066,473,512
02,176332,000244,0,2914,3022,473,498
02,176333,000044,0,2906,3066,473,512
02,176333,000244,0,2914,3022,473,498
02,176334,000044,0,2906,3066,473,512
02,176334,000244,0,2914,3022,473,498
02,176335,000044,0,2906,3066,473,512
02,176335,000244,0,2914,3022,473,498
02,176336,000044,0,2906,3066,473,512
02,176336,000244,0,2914,3022,473,498
02,176337,000004,0,2857,3017,463,502
02,176337,100204,0,2908,3016,472,497
02,176340,000044,0,2883,3000,469,500
02,176340,000244,0,2891,2956,469,486
02,176341,000004,0,2883,3000,469,500
02,176341,100204,0,2934,2999,478,495
02,176342,000044,0,2883,3000,469,500
02,176342,000244,0,2891,2956,469,486
02,176343,000004,0,2883,3000,469,500
02,176343,100204,0,2934,2999,478,495
02,176344,000044,0,2883,3000,469,500
02,176344,000244,0,2891,2956,469,486
02,176345,000004,0,2883,3000,469,500
02,176345,100204,0,2934,2999,478,495
02,176346,000044,0,2883,3000,469,500
02,176346,000244,0,2891,2956,469,486
02,176347,000044,0,2834,2951,459,490
02,176347,000244,0,2842,2907,459,476
02,176350,000044,0,2906,3066,473,512
02,176350,000244,0,2914,3022,473,498
02,176351,000044,0,2906,3066,473,512
02,176351,000244,0,2914,3022,473,498
02,176352,000044,0,2906,3066,473,512
02,176352,000244,0,2914,3022,473,498
02,176353,000044,0,2906,3066,473,512
02,176353,000244,0,2914,3022,473,498
02,176354,000044,0,2906,3066,473,512
02,176354,000244,0,2914,3022,473,498
02,176355,000044,0,2906,3066,473,512
02,176355,000244,0,2914,3022,473,498
02,176356,000044,0,2906,3066,473,512
02,176356,000244,0,2914,3022,473,498
02,176357,000004,0,2663,2739,426,442
02,176357,100204,0,2804,2880,449,465
02,176360,000044,0,2851,3011,460,499
02,176360,000244,0,2859,2967,460,485
02,176361,000044,0,2851,3011,460,499
02,176361,000244,0,2859,2967,460,485
02,176362,000044,0,2851,3011,460,499
02,176362,000244,0,2859,2967,460,485
02,176363,000044,0,2851,3011,460,499
02,176363,000244,0,2859,2967,460,485
02,176364,000044,0,2851,3011,460,499
02,176364,000244,0,2859,2967,460,485
02,176365,000044,0,2851,3011,460,499
02,176365,000244,0,2859,2967,460,485
02,176366,000044,0,2851,3011,460,499
02,176366,000244,0,2859,2967,460,485
02,176367,000004,0,2851,3011,460,499
02,176367,100204,0,2902,3010,469,494
02,176370,000004,0,2859,3062,463,510
02,176370,100204,0,2910,3061,472,505
02,176371,000044,0,2859,3062,463,510
02,176371,000244,0,2867,3018,463,496
02,176372,000004,0,2859,3062,463,510
02,176372,100204,0,2910,3061,472,505
02,176373,000044,0,2859,3062,463,510
02,176373,000244,0,2867,3018,463,496
02,176374,000004,0,2859,3062,463,510
02,176374,100204,0,2910,3061,472,505
02,176375,000044,0,2859,3062,463,510
02,176375,000244,0,2867,3018,463,496
02,176376,000004,0,2859,3062,463,510
02,176376,100204,0,2910,3061,472,505
02,176377,000004,0,2859,3062,463,510
02,176377,100204,0,2910,3061,472,505
02,176400,000044,0,2885,2898,460,463
02,176400,000244,0,3042,3055,483,486
02,176401,000004,0,2885,2898,460,463
02,176401,100204,0,3035,3048,482,485
02,176402,000044,0,2885,2898,460,463
02,176402,000244,0,3042,3055,483,486
02,176403,000004,0,2885,2898,460,463
02,176403,100204,0,3035,3048,482,485
02,176404,000044,0,2885,2898,460,463
02,176404,000244,0,3042,3055,483,486
02,176405,000004,0,2885,2898,460,463
02,176405,100204,0,3035,3048,482,485
02,176406,000044,0,2885,2898,460,463
02,176406,000244,0,3035,3048,482,485
02,176407,000004,0,2885,2898,460,463
02,176407,100204,0,3035,3048,482,485
02,176410,000044,0,2920,2976,465,476
02,176410,000244,0,3077,3133,488,499
02,176411,000004,0,2920,2976,465,476
02,176411,100204,0,3070,3126,487,498
02,176412,000044,0,2920,2976,465,476
02,176412,000244,0,3077,3133,488,499
02,176413,000004,0,2920,2976,465,476
02,176413,100204,0,3070,3126,487,498
02,176414,000044,0,2920,2976,465,476
02,176414,000244,0,3077,3133,488,499
02,176415,000004,0,2920,2976,465,476
02,176415,100204,0,3070,3126,487,498
02,176416,000044,0,2920,2976,465,476
02,176416,000244,0,3077,3133,488,499
02,176417,000044,0,2920,2976,465,476
02,176417,000244,0,3077,3133,488,499
02,176420,000044,0,3039,3095,488,499
02,176420,000244,0,3196,3252,511,522
02,176421,000004,0,3039,3095,488,499
02,176421,100204,0,3189,3245,510,521
02,176422,000044,0,3039,3095,488,499
02,176422,000244,0,3196,3252,511,522
02,176423,000004,0,3039,3095,488,499
02,176423,100204,0,3189,3245,510,521
02,176424,000044,0,3039,3095,488,499
02,176424,000244,0,3196,3252,511,522
02,176425,000004,0,3039,3095,488,499
02,176425,100204,0,3189,3245,510,521
02,176426,000044,0,3039,3095,488,499
02,176426,000244,0,3196,3252,511,522
02,176427,000044,0,3008,3064,480,491
02,176427,000244,0,3165,3221,503,514
02,176430,000044,0,3062,3161,492,511
02,176430,000244,0,3219,3318,515,534
02,176431,000044,0,3062,3161,492,511
02,176431,000244,0,3219,3318,515,534
02,176432,000044,0,3062,3161,492,511
02,176432,000244,0,3219,3318,515,534
02,176433,000044,0,3062,3161,492,511
02,176433,000244,0,3219,3318,515,534
02,176434,000044,0,3062,3161,492,511
02,176434,000244,0,3219,3318,515,534
02,176435,000044,0,3062,3161,492,511
02,176435,000244,0,3219,3318,515,534
02,176436,000044,0,3062,3161,492,511
02,176436,000244,0,3219,3318,515,534
02,176437,000004,0,3013,3112,482,501
02,176437,100204,0,3163,3262,504,523
02,176440,000044,0,3039,3095,488,499
02,176440,000244,0,3196,3252,511,522
02,176441,000004,0,3039,3095,488,499
02,176441,100204,0,3189,3245,510,521
02,176442,000044,0,3039,3095,488,499
02,176442,000244,0,3196,3252,511,522
02,176443,000004,0,3039,3095,488,499
02,176443,100204,0,3189,3245,510,521
02,176444,000044,0,3039,3095,488,499
02,176444,000244,0,3196,3252,511,522
02,176445,000004,0,3039,3095,488,499
02,176445,100204,0,3189,3245,510,521
02,176446,000044,0,3039,3095,488,499
02,176446,000244,0,3196,3252,511,522
02,176447,000044,0,2997,3053,479,490
02,176447,000244,0,3147,3203,501,512
02,176450,000044,0,3062,3161,492,511
02,176450,000244,0,3219,3318,515,534
02,176451,000044,0,3062,3161,492,511
02,176451,000244,0,3219,3318,515,534
02,176452,000044,0,3062,3161,492,511
02,176452,000244,0,3219,3318,515,534
02,176453,000044,0,3062,3161,492,511
02,176453,000244,0,3219,3318,515,534
02,176454,000044,0,3062,3161,492,511
02,176454,000244,0,3219,3318,515,534
02,176455,000044,0,3062,3161,492,511
02,176455,000244,0,3219,3318,515,534
02,176456,000044,0,3062,3161,492,511
02,176456,000244,0,3219,3318,515,534
02,176457,000004,0,2330,2423,371,388
02,176457,100204,0,2354,2447,375,392
02,176460,000044,0,3007,3106,479,498
02,176460,000244,0,3164,3263,502,521
02,176461,000044,0,3007,3106,479,498
02,176461,000244,0,3164,3263,502,521
02,176462,000044,0,3007,3106,479,498
02,176462,000244,0,3164,3263,502,521
02,176463,000044,0,3007,3106,479,498
02,176463,000244,0,3164,3263,502,521
02,176464,000044,0,3007,3106,479,498
02,176464,000244,0,3164,3263,502,521
02,176465,000044,0,3007,3106,479,498
02,176465,000244,0,3164,3263,502,521
02,176466,000044,0,3007,3106,479,498
02,176466,000244,0,3164,3263,502,521
02,176467,000004,0,3007,3106,479,498
02,176467,100204,0,3157,3256,501,520
02,176470,000004,0,3015,3157,482,509
02,176470,100204,0,3165,3307,504,531
02,176471,000044,0,3015,3157,482,509
02,176471,000244,0,3172,3314,505,532
02,176472,000004,0,3015,3157,482,509
02,176472,100204,0,3165,3307,504,531
02,176473,000044,0,3015,3157,482,509
02,176473,000244,0,3172,3314,505,532
02,176474,000004,0,3015,3157,482,509
02,176474,100204,0,3165,3307,504,531
02,176475,000044,0,3015,3157,482,509
02,176475,000244,0,3172,3314,505,532
02,176476,000004,0,3015,3157,482,509
02,176476,100204,0,3165,3307,504,531
02,176477,000004,0,3015,3157,482,509
02,176477,100204,0,3165,3307,504,531
02,176500,000044,0,2885,2898,460,463
02,176500,000244,0,3042,3055,483,486
02,176501,000004,0,2885,2898,460,463
02,176501,100204,0,3035,3048,482,485
02,176502,000044,0,2885,2898,460,463
02,176502,000244,0,3042,3055,483,486
02,176503,000004,0,2885,2898,460,463
02,176503,100204,0,3035,3048,482,485
02,176504,000044,0,2885,2898,460,463
02,176504,000244,0,3042,3055,483,486
02,176505,000004,0,2885,2898,460,463
02,176505,100204,0,3035,3048,482,485
02,176506,000044,0,2885,2898,460,463
02,176506,000244,0,3035,3048,482,485
02,176507,000004,0,2885,2898,460,463
02,176507,100204,0,3035,3048,482,485
02,176510,000044,0,2920,2976,465,476
02,176510,000244,0,3077,3133,488,499
02,176511,000004,0,2920,2976,465,476
02,176511,100204,0,3070,3126,487,498
02,176512,000044,0,2920,2976,465,476
02,176512,000244,0,3077,3133,488,499
02,176513,000004,0,2920,2976,465,476
02,176513,100204,0,3070,3126,487,498
02,176514,000044,0,2920,2976,465,476
02,176514,000244,0,3077,3133,488,499
02,176515,000004,0,2920,2976,465,476
02,176515,100204,0,3070,3126,487,498
02,176516,000044,0,2920,2976,465,476
02,176516,000244,0,3077,3133,488,499
02,176517,000044,0,2920,2976,465,476
02,176517,000244,0,3077,3133,488,499
02,176520,000044,0,3039,3095,488,499
02,176520,000244,0,3196,3252,511,522
02,176521,000004,0,3039,3095,488,499
02,176521,100204,0,3189,3245,510,521
02,176522,000044,0,3039,3095,488,499
02,176522,000244,0,3196,3252,511,522
02,176523,000004,0,3039,3095,488,499
02,176523,100204,0,3189,3245,510,521
02,176524,000044,0,3039,3095,488,499
02,176524,000244,0,3196,3252,511,522
02,176525,000004,0,3039,3095,488,499
02,176525,100204,0,3189,3245,510,521
02,176526,000044,0,3039,3095,488,499
02,176526,000244,0,3196,3252,511,522
02,176527,000044,0,3008,3064,480,491
02,176527,000244,0,3165,3221,503,514
02,176530,000044,0,3062,3161,492,511
02,176530,000244,0,3219,3318,515,534
02,176531,000044,0,3062,3161,492,511
02,176531,000244,0,3219,3318,515,534
02,176532,000044,0,3062,3161,492,511
02,176532,000244,0,3219,3318,515,534
02,176533,000044,0,3062,3161,492,511
02,176533,000244,0,3219,3318,515,534
02,176534,000044,0,3062,3161,492,511
02,176534,000244,0,3219,3318,515,534
02,176535,000044,0,3062,3161,492,511
02,176535,000244,0,3219,3318,515,534
02,176536,000044,0,3062,3161,492,511
02,176536,000244,0,3219,3318,515,534
02,176537,000004,0,3013,3112,482,501
02,176537,100204,0,3163,3262,504,523
02,176540,000044,0,3039,3095,488,499
02,176540,000244,0,3196,3252,511,522
02,176541,000004,0,3039,3095,488,499
02,176541,100204,0,3189,3245,510,521
02,176542,000044,0,3039,3095,488,499
02,176542,000244,0,3196,3252,511,522
02,176543,000004,0,3039,3095,488,499
02,176543,100204,0,3189,3245,510,521
02,176544,000044,0,3039,3095,488,499
02,176544,000244,0,3196,3252,511,522
02,176545,000004,0,3039,3095,488,499
02,176545,100204,0,3189,3245,510,521
02,176546,000044,0,3039,3095,488,499
02,176546,000244,0,3196,3252,511,522
02,176547,000044,0,2997,3053,479,490
02,176547,000244,0,3147,3203,501,512
02,176550,000044,0,3062,3161,492,511
02,176550,000244,0,3219,3318,515,534
02,176551,000044,0,3062,3161,492,511
02,176551,000244,0,3219,3318,515,534
02,176552,000044,0,3062,3161,492,511
02,176552,000244,0,3219,3318,515,534
02,176553,000044,0,3062,3161,492,511
02,176553,000244,0,3219,3318,515,534
02,176554,000044,0,3062,3161,492,511
02,176554,000244,0,3219,3318,515,534
02,176555,000044,0,3062,3161,492,511
02,176555,000244,0,3219,3318,515,534
02,176556,000044,0,3062,3161,492,511
02,176556,000244,0,3219,3318,515,534
02,176557,000004,0,2330,2423,371,388
02,176557,100204,0,2354,2447,375,392
02,176560,000044,0,3007,3106,479,498
02,176560,000244,0,3164,3263,502,521
02,176561,000044,0,3007,3106,479,498
02,176561,000244,0,3164,3263,502,521
02,176562,000044,0,3007,3106,479,498
02,176562,000244,0,3164,3263,502,521
02,176563,000044,0,3007,3106,479,498
02,176563,000244,0,3164,3263,502,521
02,176564,000044,0,3007,3106,479,498
02,176564,000244,0,3164,3263,502,521
02,176565,000044,0,3007,3106,479,498
02,176565,000244,0,3164,3263,502,521
02,176566,000044,0,3007,3106,479,498
02,176566,000244,0,3164,3263,502,521
02,176567,000004,0,3007,3106,479,498
02,176567,100204,0,3157,3256,501,520
02,176570,000004,0,3015,3157,482,509
02,176570,100204,0,3165,3307,504,531
02,176571,000044,0,3015,3157,482,509
02,176571,000244,0,3172,3314,505,532
02,176572,000004,0,3015,3157,482,509
02,176572,100204,0,3165,3307,504,531
02,176573,000044,0,3015,3157,482,509
02,176573,000244,0,3172,3314,505,532
02,176574,000004,0,3015,3157,482,509
02,176574,100204,0,3165,3307,504,531
02,176575,000044,0,3015,3157,482,509
02,176575,000244,0,3172,3314,505,532
02,176576,000004,0,3015,3157,482,509
02,176576,100204,0,3165,3307,504,531
02,176577,000004,0,3015,3157,482,509
02,176577,100204,0,3165,3307,504,531
02,176600,000044,0,2885,2898,460,463
02,176600,000244,0,3042,3055,483,486
02,176601,000004,0,2885,2898,460,463
02,176601,100204,0,3035,3048,482,485
02,176602,000044,0,2885,2898,460,463
02,176602,000244,0,3042,3055,483,486
02,176603,000004,0,2885,2898,460,463
02,176603,100204,0,3035,3048,482,485
02,176604,000044,0,2885,2898,460,463
02,176604,000244,0,3042,3055,483,486
02,176605,000004,0,2885,2898,460,463
02,176605,100204,0,3035,3048,482,485
02,176606,000044,0,2885,2898,460,463
02,176606,000244,0,3035,3048,482,485
02,176607,000004,0,2885,2898,460,463
02,176607,100204,0,3035,3048,482,485
02,176610,000044,0,2920,2976,465,476
02,176610,000244,0,3077,3133,488,499
02,176611,000004,0,2920,2976,465,476
02,176611,100204,0,3070,3126,487,498
02,176612,000044,0,2920,2976,465,476
02,176612,000244,0,3077,3133,488,499
02,176613,000004,0,2920,2976,465,476
02,176613,100204,0,3070,3126,487,498
02,176614,000044,0,2920,2976,465,476
02,176614,000244,0,3077,3133,488,499
02,176615,000004,0,2920,2976,465,476
02,176615,100204,0,3070,3126,487,498
02,176616,000044,0,2920,2976,465,476
02,176616,000244,0,3077,3133,488,499
02,176617,000044,0,2920,2976,465,476
02,176617,000244,0,3077,3133,488,499
02,176620,000044,0,3039,3095,488,499
02,176620,000244,0,3196,3252,511,522
02,176621,000004,0,3039,3095,488,499
02,176621,100204,0,3189,3245,510,521
02,176622,000044,0,3039,3095,488,499
02,176622,000244,0,3196,3252,511,522
02,176623,000004,0,3039,3095,488,499
02,176623,100204,0,3189,3245,510,521
02,176624,000044,0,3039,3095,488,499
02,176624,000244,0,3196,3252,511,522
02,176625,000004,0,3039,3095,488,499
02,176625,100204,0,3189,3245,510,521
02,176626,000044,0,3039,3095,488,499
02,176626,000244,0,3196,3252,511,522
02,176627,000044,0,3008,3064,480,491
02,176627,000244,0,3165,3221,503,514
02,176630,000044,0,3062,3161,492,511
02,176630,000244,0,3219,3318,515,534
02,176631,000044,0,3062,3161,492,511
02,176631,000244,0,3219,3318,515,534
02,176632,000044,0,3062,3161,492,511
02,176632,000244,0,3219,3318,515,534
02,176633,000044,0,3062,3161,492,511
02,176633,000244,0,3219,3318,515,534
02,176634,000044,0,3062,3161,492,511
02,176634,000244,0,3219,3318,515,534
02,176635,000044,0,3062,3161,492,511
02,176635,000244,0,3219,3318,515,534
02,176636,000044,0,3062,3161,492,511
02,176636,000244,0,3219,3318,515,534
02,176637,000004,0,3013,3112,482,501
02,176637,100204,0,3163,3262,504,523
02,176640,000044,0,3039,3095,488,499
02,176640,000244,0,3196,3252,511,522
02,176641,000004,0,3039,3095,488,499
02,176641,100204,0,3189,3245,510,521
02,176642,000044,0,3039,3095,488,499
02,176642,000244,0,3196,3252,511,522
02,176643,000004,0,3039,3095,488,499
02,176643,100204,0,3189,3245,510,521
02,176644,000044,0,3039,3095,488,499
02,176644,000244,0,3196,3252,511,522
02,176645,000004,0,3039,3095,488,499
02,176645,100204,0,3189,3245,510,521
02,176646,000044,0,3039,3095,488,499
02,176646,000244,0,3196,3252,511,522
02,176647,000044,0,2997,3053,479,490
02,176647,000244,0,3147,3203,501,512
02,176650,000044,0,3062,3161,492,511
02,176650,000244,0,3219,3318,515,534
02,176651,000044,0,3062,3161,492,511
02,176651,000244,0,3219,3318,515,534
02,176652,000044,0,3062,3161,492,511
02,176652,000244,0,3219,3318,515,534
02,176653,000044,0,3062,3161,492,511
02,176653,000244,0,3219,3318,515,534
02,176654,000044,0,3062,3161,492,511
02,176654,000244,0,3219,3318,515,534
02,176655,000044,0,3062,3161,492,511
02,176655,000244,0,3219,3318,515,534
02,176656,000044,0,3062,3161,492,511
02,176656,000244,0,3219,3318,515,534
02,176657,000004,0,2330,2423,371,388
02,176657,100204,0,2354,2447,375,392
02,176660,000044,0,3007,3106,479,498
02,176660,000244,0,3164,3263,502,521
02,176661,000044,0,3007,3106,479,498
02,176661,000244,0,3164,3263,502,521
02,176662,000044,0,3007,3106,479,498
02,176662,000244,0,3164,3263,502,521
02,176663,000044,0,3007,3106,479,498
02,176663,000244,0,3164,3263,502,521
02,176664,000044,0,3007,3106,479,498
02,176664,000244,0,3164,3263,502,521
02,176665,000044,0,3007,3106,479,498
02,176665,000244,0,3164,3263,502,521
02,176666,000044,0,3007,3106,479,498
02,176666,000244,0,3164,3263,502,521
02,176667,000004,0,3007,3106,479,498
02,176667,100204,0,3157,3256,501,520
02,176670,000004,0,3015,3157,482,509
02,176670,100204,0,3165,3307,504,531
02,176671,000044,0,3015,3157,482,509
02,176671,000244,0,3172,3314,505,532
02,176672,000004,0,3015,3157,482,509
02,176672,100204,0,3165,3307,504,531
02,176673,000044,0,3015,3157,482,509
02,176673,000244,0,3172,3314,505,532
02,176674,000004,0,3015,3157,482,509
02,176674,100204,0,3165,3307,504,531
02,176675,000044,0,3015,3157,482,509
02,176675,000244,0,3172,3314,505,532
02,176676,000004,0,3015,3157,482,509
02,176676,100204,0,3165,3307,504,531
02,176677,000004,0,3015,3157,482,509
02,176677,100204,0,3165,3307,504,531
02,176700,000044,0,2885,2898,460,463
02,176700,000244,0,3042,3055,483,486
02,176701,000004,0,2885,2898,460,463
02,176701,100204,0,3035,3048,482,485
02,176702,000044,0,2885,2898,460,463
02,176702,000244,0,3042,3055,483,486
02,176703,000004,0,2885,2898,460,463
02,176703,100204,0,3035,3048,482,485
02,176704,000044,0,2885,2898,460,463
02,176704,000244,0,3042,3055,483,486
02,176705,000004,0,2885,2898,460,463
02,176705,100204,0,3035,3048,482,485
02,176706,000044,0,2885,2898,460,463
02,176706,000244,0,3035,3048,482,485
02,176707,000004,0,2885,2898,460,463
02,176707,100204,0,3035,3048,482,485
02,176710,000044,0,2920,2976,465,476
02,176710,000244,0,3077,3133,488,499
02,176711,000004,0,2920,2976,465,476
02,176711,100204,0,3070,3126,487,498
02,176712,000044,0,2920,2976,465,476
02,176712,000244,0,3077,3133,488,499
02,176713,000004,0,2920,2976,465,476
02,176713,100204,0,3070,3126,487,498
02,176714,000044,0,2920,2976,465,476
02,176714,000244,0,3077,3133,488,499
02,176715,000004,0,2920,2976,465,476
02,176715,100204,0,3070,3126,487,498
02,176716,000044,0,2920,2976,465,476
02,176716,000244,0,3077,3133,488,499
02,176717,000044,0,2920,2976,465,476
02,176717,000244,0,3077,3133,488,499
02,176720,000044,0,3039,3095,488,499
02,176720,000244,0,3196,3252,511,522
02,176721,000004,0,3039,3095,488,499
02,176721,100204,0,3189,3245,510,521
02,176722,000044,0,3039,3095,488,499
02,176722,000244,0,3196,3252,511,522
02,176723,000004,0,3039,3095,488,499
02,176723,100204,0,3189,3245,510,521
02,176724,000044,0,3039,3095,488,499
02,176724,000244,0,3196,3252,511,522
02,176725,000004,0,3039,3095,488,499
02,176725,100204,0,3189,3245,510,521
02,176726,000044,0,3039,3095,488,499
02,176726,000244,0,3196,3252,511,522
02,176727,000044,0,3008,3064,480,491
02,176727,000244,0,3165,3221,503,514
02,176730,000044,0,3062,3161,492,511
02,176730,000244,0,3219,3318,515,534
02,176731,000044,0,3062,3161,492,511
02,176731,000244,0,3219,3318,515,534
02,176732,000044,0,3062,3161,492,511
02,176732,000244,0,3219,3318,515,534
02,176733,000044,0,3062,3161,492,511
02,176733,000244,0,3219,3318,515,534
02,176734,000044,0,3062,3161,492,511
02,176734,000244,0,3219,3318,515,534
02,176735,000044,0,3062,3161,492,511
02,176735,000244,0,3219,3318,515,534
02,176736,000044,0,3062,3161,492,511
02,176736,000244,0,3219,3318,515,534
02,176737,000004,0,3013,3112,482,501
02,176737,100204,0,3163,3262,504,523
02,176740,000044,0,3039,3095,488,499
02,176740,000244,0,3196,3252,511,522
02,176741,000004,0,3039,3095,488,499
02,176741,100204,0,3189,3245,510,521
02,176742,000044,0,3039,3095,488,499
02,176742,000244,0,3196,3252,511,522
02,176743,000004,0,3039,3095,488,499
02,176743,100204,0,3189,3245,510,521
02,176744,000044,0,3039,3095,488,499
02,176744,000244,0,3196,3252,511,522
02,176745,000004,0,3039,3095,488,499
02,176745,100204,0,3189,3245,510,521
02,176746,000044,0,3039,3095,488,499
02,176746,000244,0,3196,3252,511,522
02,176747,000044,0,2997,3053,479,490
02,176747,000244,0,3147,3203,501,512
02,176750,000044,0,3062,3161,492,511
02,176750,000244,0,3219,3318,515,534
02,176751,000044,0,3062,3161,492,511
02,176751,000244,0,3219,3318,515,534
02,176752,000044,0,3062,3161,492,511
02,176752,000244,0,3219,3318,515,534
02,176753,000044,0,3062,3161,492,511
02,176753,000244,0,3219,3318,515,534
02,176754,000044,0,3062,3161,492,511
02,176754,000244,0,3219,3318,515,534
02,176755,000044,0,3062,3161,492,511
02,176755,000244,0,3219,3318,515,534
02,176756,000044,0,3062,3161,492,511
02,176756,000244,0,3219,3318,515,534
02,176757,000004,0,2330,2423,371,388
02,176757,100204,0,2354,2447,375,392
02,176760,000044,0,3007,3106,479,498
02,176760,000244,0,3164,3263,502,521
02,176761,000044,0,3007,3106,479,498
02,176761,000244,0,3164,3263,502,521
02,176762,000044,0,3007,3106,479,498
02,176762,000244,0,3164,3263,502,521
02,176763,000044,0,3007,3106,479,498
02,176763,000244,0,3164,3263,502,521
02,176764,000044,0,3007,3106,479,498
02,176764,000244,0,3164,3263,502,521
02,176765,000044,0,3007,3106,479,498
02,176765,000244,0,3164,3263,502,521
02,176766,000044,0,3007,3106,479,498
02,176766,000244,0,3164,3263,502,521
02,176767,000004,0,3007,3106,479,498
02,176767,100204,0,3157,3256,501,520
02,176770,000004,0,3015,3157,482,509
02,176770,100204,0,3165,3307,504,531
02,176771,000044,0,3015,3157,482,509
02,176771,000244,0,3172,3314,505,532
02,176772,000004,0,3015,3157,482,509
02,176772,100204,0,3165,3307,504,531
02,176773,000044,0,3015,3157,482,509
02,176773,000244,0,3172,3314,505,532
02,176774,000004,0,3015,3157,482,509
02,176774,100204,0,3165,3307,504,531
02,176775,000044,0,3015,3157,482,509
02,176775,000244,0,3172,3314,505,532
02,176776,000004,0,3015,3157,482,509
02,176776,100204,0,3165,3307,504,531
02,176777,000004,0,3015,3157,482,509
02,176777,100204,0,3165,3307,504,531
02,177000,000044,0,3789,3802,693,696
02,177000,000244,0,3965,3978,727,730
02,177001,000004,0,4053,4066,755,758
02,177001,100204,0,3925,3938,715,718
02,177002,000044,0,3789,3802,693,696
02,177002,000244,0,3965,3978,727,730
02,177003,000004,0,4053,4066,755,758
02,177003,100204,0,3925,3938,715,718
02,177004,000044,0,3789,3802,693,696
02,177004,000244,0,3965,3978,727,730
02,177005,000004,0,4053,4066,755,758
02,177005,100204,0,3925,3938,715,718
02,177006,000044,0,3789,3802,693,696
02,177006,000244,0,3970,3983,731,734
02,177007,000004,0,4362,4375,833,836
02,177007,100204,0,4440,4453,845,848
02,177010,000044,0,3824,3880,698,709
02,177010,000244,0,4000,4056,732,743
02,177011,100144,0,4098,4197,758,777
02,177011,000344,0,4181,4280,774,793
02,177012,000004,0,4088,4144,760,771
02,177012,100204,0,3960,4016,720,731
02,177013,000104,0,4112,4211,755,774
02,177013,100304,0,4543,4642,858,877
02,177014,000044,0,3824,3880,698,709
02,177014,000244,0,4000,4056,732,743
02,177015,100144,0,4098,4197,758,777
02,177015,000344,0,4181,4280,774,793
02,177016,000004,0,4088,4144,760,771
02,177016,100204,0,3960,4016,720,731
02,177017,100144,0,4098,4197,758,777
02,177017,000344,0,4181,4280,774,793
02,177020,000044,0,3943,3999,721,732
02,177020,000244,0,4119,4175,755,766
02,177021,100144,0,4217,4316,781,800
02,177021,000344,0,4300,4399,797,816
02,177022,000004,0,4207,4263,783,794
02,177022,100204,0,4079,4135,743,754
02,177023,000104,0,4231,4330,778,797
02,177023,100304,0,4662,4761,881,900
02,177024,000044,0,3943,3999,721,732
02,177024,000244,0,4119,4175,755,766
02,177025,100144,0,4217,4316,781,800
02,177025,000344,0,4300,4399,797,816
02,177026,000004,0,4207,4263,783,794
02,177026,100204,0,4079,4135,743,754
02,177027,100144,0,4158,4214,768,779
02,177027,000344,0,4241,4297,784,795
02,177030,100144,0,4240,4382,785,812
02,177030,000344,0,4323,4465,801,828
02,177031,000044,0,3966,4065,725,744
02,177031,000244,0,4142,4241,759,778
02,177032,000104,0,4254,4396,782,809
02,177032,100304,0,4685,4827,885,912
02,177033,000004,0,4230,4329,787,806
02,177033,100204,0,4102,4201,747,766
02,177034,100144,0,4240,4382,785,812
02,177034,000344,0,4323,4465,801,828
02,177035,000044,0,3966,4065,725,744
02,177035,000244,0,4142,4241,759,778
02,177036,000104,0,4254,4396,782,809
02,177036,100304,0,4685,4827,885,912
02,177037,000044,0,3917,4016,715,734
02,177037,000244,0,4093,4192,749,768
02,177040,100144,0,4217,4316,781,800
02,177040,000344,0,4300,4399,797,816
02,177041,000004,0,4207,4263,783,794
02,177041,100204,0,4079,4135,743,754
02,177042,000104,0,4231,4330,778,797
02,177042,100304,0,4662,4761,881,900
02,177043,000044,0,3943,3999,721,732
02,177043,000244,0,4119,4175,755,766
02,177044,100144,0,4217,4316,781,800
02,177044,000344,0,4300,4399,797,816
02,177045,000004,0,4207,4263,783,794
02,177045,100204,0,4079,4135,743,754
02,177046,000104,0,4231,4330,778,797
02,177046,100304,0,4662,4761,881,900
02,177047,000004,0,4668,4724,899,910
02,177047,100204,0,4746,4802,911,922
02,177050,100144,0,4240,4382,785,812
02,177050,000344,0,4323,4465,801,828
02,177051,000044,0,3966,4065,725,744
02,177051,000244,0,4142,4241,759,778
02,177052,000104,0,4254,4396,782,809
02,177052,100304,0,4685,4827,885,912
02,177053,000004,0,4230,4329,787,806
02,177053,100204,0,4102,4201,747,766
02,177054,100144,0,4240,4382,785,812
02,177054,000344,0,4323,4465,801,828
02,177055,000044,0,3966,4065,725,744
02,177055,000244,0,4142,4241,759,778
02,177056,000104,0,4254,4396,782,809
02,177056,100304,0,4685,4827,885,912
02,177057,000044,0,2359,2452,376,393
02,177057,000244,0,2383,2476,380,397
02,177060,000004,0,4175,4274,774,793
02,177060,100204,0,4047,4146,734,753
02,177061,100144,0,4185,4327,772,799
02,177061,000344,0,4268,4410,788,815
02,177062,000044,0,3911,4010,712,731
02,177062,000244,0,4087,4186,746,765
02,177063,000104,0,4199,4341,769,796
02,177063,100304,0,4630,4772,872,899
02,177064,000004,0,4175,4274,774,793
02,177064,100204,0,4047,4146,734,753
02,177065,100144,0,4185,4327,772,799
02,177065,000344,0,4268,4410,788,815
02,177066,000044,0,3911,4010,712,731
02,177066,000244,0,4087,4186,746,765
02,177067,100144,0,4185,4327,772,799
02,177067,000344,0,4268,4410,788,815
02,177070,000044,0,3919,4061,715,742
02,177070,000244,0,4095,4237,749,776
02,177071,100144,0,4193,4378,775,810
02,177071,000344,0,4276,4461,791,826
02,177072,000004,0,4183,4325,777,804
02,177072,100204,0,4055,4197,737,764
02,177073,000104,0,4207,4392,772,807
02,177073,100304,0,4638,4823,875,910
02,177074,000044,0,3919,4061,715,742
02,177074,000244,0,4095,4237,749,776
02,177075,100144,0,4193,4378,775,810
02,177075,000344,0,4276,4461,791,826
02,177076,000004,0,4183,4325,777,804
02,177076,100204,0,4055,4197,737,764
02,177077,100144,0,4193,4378,775,810
02,177077,000344,0,4276,4461,791,826
02,177100,000004,0,4053,4066,755,758
02,177100,100204,0,3925,3938,715,718
02,177101,000044,0,3789,3802,693,696
02,177101,000244,0,3965,3978,727,730
02,177102,000004,0,4053,4066,755,758
02,177102,100204,0,3925,3938,715,718
02,177103,000044,0,3789,3802,693,696
02,177103,000244,0,3965,3978,727,730
02,177104,000004,0,4053,4066,755,758
02,177104,100204,0,3925,3938,715,718
02,177105,000044,0,3789,3802,693,696
02,177105,000244,0,3965,3978,727,730
02,177106,000004,0,3950,3963,729,732
02,177106,100204,0,3925,3938,715,718
02,177107,000044,0,4304,4317,823,826
02,177107,000244,0,4382,4395,835,838
02,177110,000004,0,4088,4144,760,771
02,177110,100204,0,3960,4016,720,731
02,177111,000104,0,4112,4211,755,774
02,177111,100304,0,4543,4642,858,877
02,177112,000044,0,3824,3880,698,709
02,177112,000244,0,4000,4056,732,743
02,177113,100144,0,4098,4197,758,777
02,177113,000344,0,4181,4280,774,793
02,177114,000004,0,4088,4144,760,771
02,177114,100204,0,3960,4016,720,731
02,177115,000104,0,4112,4211,755,774
02,177115,100304,0,4543,4642,858,877
02,177116,000044,0,3824,3880,698,709
02,177116,000244,0,4000,4056,732,743
02,177117,000104,0,4112,4211,755,774
02,177117,100304,0,4543,4642,858,877
02,177120,000004,0,4207,4263,783,794
02,177120,100204,0,4079,4135,743,754
02,177121,000104,0,4231,4330,778,797
02,177121,100304,0,4662,4761,881,900
02,177122,000044,0,3943,3999,721,732
02,177122,000244,0,4119,4175,755,766
02,177123,100144,0,4217,4316,781,800
02,177123,000344,0,4300,4399,797,816
02,177124,000004,0,4207,4263,783,794
02,177124,100204,0,4079,4135,743,754
02,177125,000104,0,4231,4330,778,797
02,177125,100304,0,4662,4761,881,900
02,177126,000044,0,3943,3999,721,732
02,177126,000244,0,4119,4175,755,766
02,177127,000104,0,4113,4169,752,763
02,177127,100304,0,4603,4659,868,879
02,177130,000104,0,4254,4396,782,809
02,177130,100304,0,4685,4827,885,912
02,177131,000004,0,4230,4329,787,806
02,177131,100204,0,4102,4201,747,766
02,177132,100144,0,4240,4382,785,812
02,177132,000344,0,4323,4465,801,828
02,177133,000044,0,3966,4065,725,744
02,177133,000244,0,4142,4241,759,778
02,177134,000104,0,4254,4396,782,809
02,177134,100304,0,4685,4827,885,912
02,177135,000004,0,4230,4329,787,806
02,177135,100204,0,4102,4201,747,766
02,177136,100144,0,4240,4382,785,812
02,177136,000344,0,4323,4465,801,828
02,177137,000004,0,4181,4280,777,796
02,177137,100204,0,4053,4152,737,756
02,177140,000104,0,4231,4330,778,797
02,177140,100304,0,4662,4761,881,900
02,177141,000044,0,3943,3999,721,732
02,177141,000244,0,4119,4175,755,766
02,177142,100144,0,4217,4316,781,800
02,177142,000344,0,4300,4399,797,816
02,177143,000004,0,4207,4263,783,794
02,177143,100204,0,4079,4135,743,754
02,177144,000104,0,4231,4330,778,797
02,177144,100304,0,4662,4761,881,900
02,177145,000044,0,3943,3999,721,732
02,177145,000244,0,4119,4175,755,766
02,177146,100144,0,4217,4316,781,800
02,177146,000344,0,4300,4399,797,816
02,177147,000044,0,4610,4666,889,900
02,177147,000244,0,4688,4744,901,912
02,177150,000104,0,4254,4396,782,809
02,177150,100304,0,4685,4827,885,912
02,177151,000004,0,4230,4329,787,806
02,177151,100204,0,4102,4201,747,766
02,177152,100144,0,4240,4382,785,812
02,177152,000344,0,4323,4465,801,828
02,177153,000044,0,3966,4065,725,744
02,177153,000244,0,4142,4241,759,778
02,177154,000104,0,4254,4396,782,809
02,177154,100304,0,4685,4827,885,912
02,177155,000004,0,4230,4329,787,806
02,177155,100204,0,4102,4201,747,766
02,177156,100144,0,4240,4382,785,812
02,177156,000344,0,4323,4465,801,828
02,177157,000004,0,2359,2452,376,393
02,177157,100204,0,2383,2476,380,397
02,177160,000044,0,3911,4010,712,731
02,177160,000244,0,4087,4186,746,765
02,177161,000104,0,4199,4341,769,796
02,177161,100304,0,4630,4772,872,899
02,177162,000004,0,4175,4274,774,793
02,177162,100204,0,4047,4146,734,753
02,177163,100144,0,4185,4327,772,799
02,177163,000344,0,4268,4410,788,815
02,177164,000044,0,3911,4010,712,731
02,177164,000244,0,4087,4186,746,765
02,177165,000104,0,4199,4341,769,796
02,177165,100304,0,4630,4772,872,899
02,177166,000004,0,4175,4274,774,793
02,177166,100204,0,4047,4146,734,753
02,177167,000104,0,4199,4341,769,796
02,177167,100304,0,4630,4772,872,899
02,177170,000004,0,4183,4325,777,804
02,177170,100204,0,4055,4197,737,764
02,177171,000104,0,4207,4392,772,807
02,177171,100304,0,4638,4823,875,910
02,177172,000044,0,3919,4061,715,742
02,177172,000244,0,4095,4237,749,776
02,177173,100144,0,4193,4378,775,810
02,177173,000344,0,4276,4461,791,826
02,177174,000004,0,4183,4325,777,804
02,177174,100204,0,4055,4197,737,764
02,177175,000104,0,4207,4392,772,807
02,177175,100304,0,4638,4823,875,910
02,177176,000044,0,3919,4061,715,742
02,177176,000244,0,4095,4237,749,776
02,177177,000104,0,4207,4392,772,807
02,177177,100304,0,4638,4823,875,910
02,177200,000044,0,3789,3802,693,696
02,177200,000244,0,3965,3978,727,730
02,177201,000004,0,4053,4066,755,758
02,177201,100204,0,3925,3938,715,718
02,177202,000044,0,3789,3802,693,696
02,177202,000244,0,3965,3978,727,730
02,177203,000004,0,4053,4066,755,758
02,177203,100204,0,3925,3938,715,718
02,177204,000044,0,3789,3802,693,696
02,177204,000244,0,3965,3978,727,730
02,177205,000004,0,4053,4066,755,758
02,177205,100204,0,3925,3938,715,718
02,177206,000044,0,3789,3802,693,696
02,177206,000244,0,3970,3983,731,734
02,177207,000004,0,4362,4375,833,836
02,177207,100204,0,4440,4453,845,848
02,177210,000044,0,3824,3880,698,709
02,177210,000244,0,4000,4056,732,743
02,177211,100144,0,4098,4197,758,777
02,177211,000344,0,4181,4280,774,793
02,177212,000004,0,4088,4144,760,771
02,177212,100204,0,3960,4016,720,731
02,177213,000104,0,4112,4211,755,774
02,177213,100304,0,4543,4642,858,877
02,177214,000044,0,3824,3880,698,709
02,177214,000244,0,4000,4056,732,743
02,177215,100144,0,4098,4197,758,777
02,177215,000344,0,4181,4280,774,793
02,177216,000004,0,4088,4144,760,771
02,177216,100204,0,3960,4016,720,731
02,177217,100144,0,4098,4197,758,777
02,177217,000344,0,4181,4280,774,793
02,177220,000044,0,3943,3999,721,732
02,177220,000244,0,4119,4175,755,766
02,177221,100144,0,4217,4316,781,800
02,177221,000344,0,4300,4399,797,816
02,177222,000004,0,4207,4263,783,794
02,177222,100204,0,4079,4135,743,754
02,177223,000104,0,4231,4330,778,797
02,177223,100304,0,4662,4761,881,900
02,177224,000044,0,3943,3999,721,732
02,177224,000244,0,4119,4175,755,766
02,177225,100144,0,4217,4316,781,800
02,177225,000344,0,4300,4399,797,816
02,177226,000004,0,4207,4263,783,794
02,177226,100204,0,4079,4135,743,754
02,177227,100144,0,4158,4214,768,779
02,177227,000344,0,4241,4297,784,795
02,177230,100144,0,4240,4382,785,812
02,177230,000344,0,4323,4465,801,828
02,177231,000044,0,3966,4065,725,744
02,177231,000244,0,4142,4241,759,778
02,177232,000104,0,4254,4396,782,809
02,177232,100304,0,4685,4827,885,912
02,177233,000004,0,4230,4329,787,806
02,177233,100204,0,4102,4201,747,766
02,177234,100144,0,4240,4382,785,812
02,177234,000344,0,4323,4465,801,828
02,177235,000044,0,3966,4065,725,744
02,177235,000244,0,4142,4241,759,778
02,177236,000104,0,4254,4396,782,809
02,177236,100304,0,4685,4827,885,912
02,177237,000044,0,3917,4016,715,734
02,177237,000244,0,4093,4192,749,768
02,177240,100144,0,4217,4316,781,800
02,177240,000344,0,4300,4399,797,816
02,177241,000004,0,4207,4263,783,794
02,177241,100204,0,4079,4135,743,754
02,177242,000104,0,4231,4330,778,797
02,177242,100304,0,4662,4761,881,900
02,177243,000044,0,3943,3999,721,732
02,177243,000244,0,4119,4175,755,766
02,177244,100144,0,4217,4316,781,800
02,177244,000344,0,4300,4399,797,816
02,177245,000004,0,4207,4263,783,794
02,177245,100204,0,4079,4135,743,754
02,177246,000104,0,4231,4330,778,797
02,177246,100304,0,4662,4761,881,900
02,177247,000004,0,4668,4724,899,910
02,177247,100204,0,4746,4802,911,922
02,177250,100144,0,4240,4382,785,812
02,177250,000344,0,4323,4465,801,828
02,177251,000044,0,3966,4065,725,744
02,177251,000244,0,4142,4241,759,778
02,177252,000104,0,4254,4396,782,809
02,177252,100304,0,4685,4827,885,912
02,177253,000004,0,4230,4329,787,806
02,177253,100204,0,4102,4201,747,766
02,177254,100144,0,4240,4382,785,812
02,177254,000344,0,4323,4465,801,828
02,177255,000044,0,3966,4065,725,744
02,177255,000244,0,4142,4241,759,778
02,177256,000104,0,4254,4396,782,809
02,177256,100304,0,4685,4827,885,912
02,177257,000044,0,2359,2452,376,393
02,177257,000244,0,2383,2476,380,397
02,177260,000004,0,4175,4274,774,793
02,177260,100204,0,4047,4146,734,753
02,177261,100144,0,4185,4327,772,799
02,177261,000344,0,4268,4410,788,815
02,177262,000044,0,3911,4010,712,731
02,177262,000244,0,4087,4186,746,765
02,177263,000104,0,4199,4341,769,796
02,177263,100304,0,4630,4772,872,899
02,177264,000004,0,4175,4274,774,793
02,177264,100204,0,4047,4146,734,753
02,177265,100144,0,4185,4327,772,799
02,177265,000344,0,4268,4410,788,815
02,177266,000044,0,3911,4010,712,731
02,177266,000244,0,4087,4186,746,765
02,177267,100144,0,4185,4327,772,799
02,177267,000344,0,4268,4410,788,815
02,177270,000044,0,3919,4061,715,742
02,177270,000244,0,4095,4237,749,776
02,177271,100144,0,4193,4378,775,810
02,177271,000344,0,4276,4461,791,826
02,177272,000004,0,4183,4325,777,804
02,177272,100204,0,4055,4197,737,764
02,177273,000104,0,4207,4392,772,807
02,177273,100304,0,4638,4823,875,910
02,177274,000044,0,3919,4061,715,742
02,177274,000244,0,4095,4237,749,776
02,177275,100144,0,4193,4378,775,810
02,177275,000344,0,4276,4461,791,826
02,177276,000004,0,4183,4325,777,804
02,177276,100204,0,4055,4197,737,764
02,177277,100144,0,4193,4378,775,810
02,177277,000344,0,4276,4461,791,826
02,177300,000004,0,4053,4066,755,758
02,177300,100204,0,3925,3938,715,718
02,177301,000044,0,3789,3802,693,696
02,177301,000244,0,3965,3978,727,730
02,177302,000004,0,4053,4066,755,758
02,177302,100204,0,3925,3938,715,718
02,177303,000044,0,3789,3802,693,696
02,177303,000244,0,3965,3978,727,730
02,177304,000004,0,4053,4066,755,758
02,177304,100204,0,3925,3938,715,718
02,177305,000044,0,3789,3802,693,696
02,177305,000244,0,3965,3978,727,730
02,177306,000004,0,3950,3963,729,732
02,177306,100204,0,3925,3938,715,718
02,177307,000044,0,4304,4317,823,826
02,177307,000244,0,4382,4395,835,838
02,177310,000004,0,4088,4144,760,771
02,177310,100204,0,3960,4016,720,731
02,177311,000104,0,4112,4211,755,774
02,177311,100304,0,4543,4642,858,877
02,177312,000044,0,3824,3880,698,709
02,177312,000244,0,4000,4056,732,743
02,177313,100144,0,4098,4197,758,777
02,177313,000344,0,4181,4280,774,793
02,177314,000004,0,4088,4144,760,771
02,177314,100204,0,3960,4016,720,731
02,177315,000104,0,4112,4211,755,774
02,177315,100304,0,4543,4642,858,877
02,177316,000044,0,3824,3880,698,709
02,177316,000244,0,4000,4056,732,743
02,177317,000104,0,4112,4211,755,774
02,177317,100304,0,4543,4642,858,877
02,177320,000004,0,4207,4263,783,794
02,177320,100204,0,4079,4135,743,754
02,177321,000104,0,4231,4330,778,797
02,177321,100304,0,4662,4761,881,900
02,177322,000044,0,3943,3999,721,732
02,177322,000244,0,4119,4175,755,766
02,177323,100144,0,4217,4316,781,800
02,177323,000344,0,4300,4399,797,816
02,177324,000004,0,4207,4263,783,794
02,177324,100204,0,4079,4135,743,754
02,177325,000104,0,4231,4330,778,797
02,177325,100304,0,4662,4761,881,900
02,177326,000044,0,3943,3999,721,732
02,177326,000244,0,4119,4175,755,766
02,177327,000104,0,4113,4169,752,763
02,177327,100304,0,4603,4659,868,879
02,177330,000104,0,4254,4396,782,809
02,177330,100304,0,4685,4827,885,912
02,177331,000004,0,4230,4329,787,806
02,177331,100204,0,4102,4201,747,766
02,177332,100144,0,4240,4382,785,812
02,177332,000344,0,4323,4465,801,828
02,177333,000044,0,3966,4065,725,744
02,177333,000244,0,4142,4241,759,778
02,177334,000104,0,4254,4396,782,809
02,177334,100304,0,4685,4827,885,912
02,177335,000004,0,4230,4329,787,806
02,177335,100204,0,4102,4201,747,766
02,177336,100144,0,4240,4382,785,812
02,177336,000344,0,4323,4465,801,828
02,177337,000004,0,4181,4280,777,796
02,177337,100204,0,4053,4152,737,756
02,177340,000104,0,4231,4330,778,797
02,177340,100304,0,4662,4761,881,900
02,177341,000044,0,3943,3999,721,732
02,177341,000244,0,4119,4175,755,766
02,177342,100144,0,4217,4316,781,800
02,177342,000344,0,4300,4399,797,816
02,177343,000004,0,4207,4263,783,794
02,177343,100204,0,4079,4135,743,754
02,177344,000104,0,4231,4330,778,797
02,177344,100304,0,4662,4761,881,900
02,177345,000044,0,3943,3999,721,732
02,177345,000244,0,4119,4175,755,766
02,177346,100144,0,4217,4316,781,800
02,177346,000344,0,4300,4399,797,816
02,177347,000044,0,4610,4666,889,900
02,177347,000244,0,4688,4744,901,912
02,177350,000104,0,4254,4396,782,809
02,177350,100304,0,4685,4827,885,912
02,177351,000004,0,4230,4329,787,806
02,177351,100204,0,4102,4201,747,766
02,177352,100144,0,4240,4382,785,812
02,177352,000344,0,4323,4465,801,828
02,177353,000044,0,3966,4065,725,744
02,177353,000244,0,4142,4241,759,778
02,177354,000104,0,4254,4396,782,809
02,177354,100304,0,4685,4827,885,912
02,177355,000004,0,4230,4329,787,806
02,177355,100204,0,4102,4201,747,766
02,177356,100144,0,4240,4382,785,812
02,177356,000344,0,4323,4465,801,828
02,177357,000004,0,2359,2452,376,393
02,177357,100204,0,2383,2476,380,397
02,177360,000044,0,3911,4010,712,731
02,177360,000244,0,4087,4186,746,765
02,177361,000104,0,4199,4341,769,796
02,177361,100304,0,4630,4772,872,899
02,177362,000004,0,4175,4274,774,793
02,177362,100204,0,4047,4146,734,753
02,177363,100144,0,4185,4327,772,799
02,177363,000344,0,4268,4410,788,815
02,177364,000044,0,3911,4010,712,731
02,177364,000244,0,4087,4186,746,765
02,177365,000104,0,4199,4341,769,796
02,177365,100304,0,4630,4772,872,899
02,177366,000004,0,4175,4274,774,793
02,177366,100204,0,4047,4146,734,753
02,177367,000104,0,4199,4341,769,796
02,177367,100304,0,4630,4772,872,899
02,177370,000004,0,4183,4325,777,804
02,177370,100204,0,4055,4197,737,764
02,177371,000104,0,4207,4392,772,807
02,177371,100304,0,4638,4823,875,910
02,177372,000044,0,3919,4061,715,742
02,177372,000244,0,4095,4237,749,776
02,177373,100144,0,4193,4378,775,810
02,177373,000344,0,4276,4461,791,826
02,177374,000004,0,4183,4325,777,804
02,177374,100204,0,4055,4197,737,764
02,177375,000104,0,4207,4392,772,807
02,177375,100304,0,4638,4823,875,910
02,177376,000044,0,3919,4061,715,742
02,177376,000244,0,4095,4237,749,776
02,177377,000104,0,4207,4392,772,807
02,177377,100304,0,4638,4823,875,910
02,177400,000044,0,2804,2817,452,455
02,177400,000244,0,2799,2812,451,454
02,177401,000004,0,2820,2833,456,459
02,177401,100204,0,2799,2812,451,454
02,177402,000044,0,2804,2817,452,455
02,177402,000244,0,2799,2812,451,454
02,177403,000004,0,2820,2833,456,459
02,177403,100204,0,2799,2812,451,454
02,177404,000044,0,2804,2817,452,455
02,177404,000244,0,2799,2812,451,454
02,177405,000004,0,2820,2833,456,459
02,177405,100204,0,2799,2812,451,454
02,177406,000044,0,2241,2254,349,352
02,177406,000244,0,2265,2278,353,356
02,177407,000044,0,2241,2254,349,352
02,177407,000244,0,2265,2278,353,356
02,177410,000044,0,2756,2941,448,483
02,177410,000244,0,2749,2848,445,464
02,177411,000004,0,2772,2957,452,487
02,177411,100204,0,2749,2848,445,464
02,177412,000044,0,2756,2941,448,483
02,177412,000244,0,2749,2848,445,464
02,177413,000004,0,2772,2957,452,487
02,177413,100204,0,2749,2848,445,464
02,177414,000044,0,2756,2941,448,483
02,177414,000244,0,2749,2848,445,464
02,177415,000004,0,2772,2957,452,487
02,177415,100204,0,2749,2848,445,464
02,177416,000044,0,2756,2941,448,483
02,177416,000244,0,2749,2848,445,464
02,177417,000044,0,2756,2941,448,483
02,177417,000244,0,2749,2848,445,464
02,177420,000044,0,2875,3060,471,506
02,177420,000244,0,2868,2967,468,487
02,177421,000004,0,2891,3076,475,510
02,177421,100204,0,2868,2967,468,487
02,177422,000044,0,2875,3060,471,506
02,177422,000244,0,2868,2967,468,487
02,177423,000004,0,2891,3076,475,510
02,177423,100204,0,2868,2967,468,487
02,177424,000044,0,2875,3060,471,506
02,177424,000244,0,2868,2967,468,487
02,177425,000004,0,2891,3076,475,510
02,177425,100204,0,2868,2967,468,487
02,177426,000044,0,2875,3060,471,506
02,177426,000244,0,2868,2967,468,487
02,177427,000044,0,2760,2816,448,459
02,177427,000244,0,2809,2865,455,466
02,177430,000044,0,2898,3126,475,518
02,177430,000244,0,2891,3033,472,499
02,177431,000044,0,2898,3126,475,518
02,177431,000244,0,2891,3033,472,499
02,177432,000044,0,2898,3126,475,518
02,177432,000244,0,2891,3033,472,499
02,177433,000044,0,2898,3126,475,518
02,177433,000244,0,2891,3033,472,499
02,177434,000044,0,2898,3126,475,518
02,177434,000244,0,2891,3033,472,499
02,177435,000044,0,2898,3126,475,518
02,177435,000244,0,2891,3033,472,499
02,177436,000044,0,2898,3126,475,518
02,177436,000244,0,2891,3033,472,499
02,177437,000004,0,2865,3093,469,512
02,177437,100204,0,2842,2984,462,489
02,177440,000044,0,2875,3060,471,506
02,177440,000244,0,2868,2967,468,487
02,177441,000004,0,2891,3076,475,510
02,177441,100204,0,2868,2967,468,487
02,177442,000044,0,2875,3060,471,506
02,177442,000244,0,2868,2967,468,487
02,177443,000004,0,2891,3076,475,510
02,177443,100204,0,2868,2967,468,487
02,177444,000044,0,2875,3060,471,506
02,177444,000244,0,2868,2967,468,487
02,177445,000004,0,2891,3076,475,510
02,177445,100204,0,2868,2967,468,487
02,177446,000044,0,2875,3060,471,506
02,177446,000244,0,2868,2967,468,487
02,177447,000044,0,2826,3011,461,496
02,177447,000244,0,2819,2918,458,477
02,177450,000044,0,2898,3126,475,518
02,177450,000244,0,2891,3033,472,499
02,177451,000044,0,2898,3126,475,518
02,177451,000244,0,2891,3033,472,499
02,177452,000044,0,2898,3126,475,518
02,177452,000244,0,2891,3033,472,499
02,177453,000044,0,2898,3126,475,518
02,177453,000244,0,2891,3033,472,499
02,177454,000044,0,2898,3126,475,518
02,177454,000244,0,2891,3033,472,499
02,177455,000044,0,2898,3126,475,518
02,177455,000244,0,2891,3033,472,499
02,177456,000044,0,2898,3126,475,518
02,177456,000244,0,2891,3033,472,499
02,177457,000004,0,2319,2412,370,387
02,177457,100204,0,2343,2436,374,391
02,177460,000044,0,2843,3071,462,505
02,177460,000244,0,2836,2978,459,486
02,177461,000044,0,2843,3071,462,505
02,177461,000244,0,2836,2978,459,486
02,177462,000044,0,2843,3071,462,505
02,177462,000244,0,2836,2978,459,486
02,177463,000044,0,2843,3071,462,505
02,177463,000244,0,2836,2978,459,486
02,177464,000044,0,2843,3071,462,505
02,177464,000244,0,2836,2978,459,486
02,177465,000044,0,2843,3071,462,505
02,177465,000244,0,2836,2978,459,486
02,177466,000044,0,2843,3071,462,505
02,177466,000244,0,2836,2978,459,486
02,177467,000004,0,2859,3087,466,509
02,177467,100204,0,2836,2978,459,486
02,177470,000004,0,2867,3138,469,520
02,177470,100204,0,2844,3029,462,497
02,177471,000044,0,2851,3122,465,516
02,177471,000244,0,2844,3029,462,497
02,177472,000004,0,2867,3138,469,520
02,177472,100204,0,2844,3029,462,497
02,177473,000044,0,2851,3122,465,516
02,177473,000244,0,2844,3029,462,497
02,177474,000004,0,2867,3138,469,520
02,177474,100204,0,2844,3029,462,497
02,177475,000044,0,2851,3122,465,516
02,177475,000244,0,2844,3029,462,497
02,177476,000004,0,2867,3138,469,520
02,177476,100204,0,2844,3029,462,497
02,177477,000004,0,2867,3138,469,520
02,177477,100204,0,2844,3029,462,497
02,177500,000044,0,2804,2817,452,455
02,177500,000244,0,2799,2812,451,454
02,177501,000004,0,2820,2833,456,459
02,177501,100204,0,2799,2812,451,454
02,177502,000044,0,2804,2817,452,455
02,177502,000244,0,2799,2812,451,454
02,177503,000004,0,2820,2833,456,459
02,177503,100204,0,2799,2812,451,454
02,177504,000044,0,2804,2817,452,455
02,177504,000244,0,2799,2812,451,454
02,177505,000004,0,2820,2833,456,459
02,177505,100204,0,2799,2812,451,454
02,177506,000044,0,2241,2254,349,352
02,177506,000244,0,2265,2278,353,356
02,177507,000044,0,2241,2254,349,352
02,177507,000244,0,2265,2278,353,356
02,177510,000044,0,2756,2941,448,483
02,177510,000244,0,2749,2848,445,464
02,177511,000004,0,2772,2957,452,487
02,177511,100204,0,2749,2848,445,464
02,177512,000044,0,2756,2941,448,483
02,177512,000244,0,2749,2848,445,464
02,177513,000004,0,2772,2957,452,487
02,177513,100204,0,2749,2848,445,464
02,177514,000044,0,2756,2941,448,483
02,177514,000244,0,2749,2848,445,464
02,177515,000004,0,2772,2957,452,487
02,177515,100204,0,2749,2848,445,464
02,177516,000044,0,2756,2941,448,483
02,177516,000244,0,2749,2848,445,464
02,177517,000044,0,2756,2941,448,483
02,177517,000244,0,2749,2848,445,464
02,177520,000044,0,2875,3060,471,506
02,177520,000244,0,2868,2967,468,487
02,177521,000004,0,2891,3076,475,510
02,177521,100204,0,2868,2967,468,487
02,177522,000044,0,2875,3060,471,506
02,177522,000244,0,2868,2967,468,487
02,177523,000004,0,2891,3076,475,510
02,177523,100204,0,2868,2967,468,487
02,177524,000044,0,2875,3060,471,506
02,177524,000244,0,2868,2967,468,487
02,177525,000004,0,2891,3076,475,510
02,177525,100204,0,2868,2967,468,487
02,177526,000044,0,2875,3060,471,506
02,177526,000244,0,2868,2967,468,487
02,177527,000044,0,2760,2816,448,459
02,177527,000244,0,2809,2865,455,466
02,177530,000044,0,2898,3126,475,518
02,177530,000244,0,2891,3033,472,499
02,177531,000044,0,2898,3126,475,518
02,177531,000244,0,2891,3033,472,499
02,177532,000044,0,2898,3126,475,518
02,177532,000244,0,2891,3033,472,499
02,177533,000044,0,2898,3126,475,518
02,177533,000244,0,2891,3033,472,499
02,177534,000044,0,2898,3126,475,518
02,177534,000244,0,2891,3033,472,499
02,177535,000044,0,2898,3126,475,518
02,177535,000244,0,2891,3033,472,499
02,177536,000044,0,2898,3126,475,518
02,177536,000244,0,2891,3033,472,499
02,177537,000004,0,2865,3093,469,512
02,177537,100204,0,2842,2984,462,489
02,177540,000044,0,2875,3060,471,506
02,177540,000244,0,2868,2967,468,487
02,177541,000004,0,2891,3076,475,510
02,177541,100204,0,2868,2967,468,487
02,177542,000044,0,2875,3060,471,506
02,177542,000244,0,2868,2967,468,487
02,177543,000004,0,2891,3076,475,510
02,177543,100204,0,2868,2967,468,487
02,177544,000044,0,2875,3060,471,506
02,177544,000244,0,2868,2967,468,487
02,177545,000004,0,2891,3076,475,510
02,177545,100204,0,2868,2967,468,487
03,177545,100405,0,2891,3076,475,510
03,177545,000605,0,2868,2967,468,487
03,177546,000044,0,2875,3060,471,506
03,177546,000244,0,2868,2967,468,487
03,177547,000044,0,2826,3011,461,496
03,177547,000244,0,2819,2918,458,477
03,177550,000044,0,2898,3126,475,518
03,177550,000244,0,2891,3033,472,499
03,177551,000044,0,2898,3126,475,518
03,177551,000244,0,2891,3033,472,499
03,177552,000044,0,2898,3126,475,518
03,177552,000244,0,2891,3033,472,499
03,177553,000044,0,2898,3126,475,518
03,177553,000244,0,2891,3033,472,499
03,177554,000044,0,2898,3126,475,518
03,177554,000244,0,2891,3033,472,499
03,177555,000044,0,2898,3126,475,518
03,177555,000244,0,2891,3033,472,499
03,177556,000044,0,2898,3126,475,518
03,177556,000244,0,2891,3033,472,499
03,177557,000004,0,2319,2412,370,387
03,177557,100204,0,2343,2436,374,391
03,177560,000044,0,2843,3071,462,505
03,177560,000244,0,2836,2978,459,486
03,177561,000044,0,2843,3071,462,505
03,177561,000244,0,2836,2978,459,486
03,177562,000044,0,2843,3071,462,505
03,177562,000244,0,2836,2978,459,486
03,177563,000044,0,2843,3071,462,505
03,177563,000244,0,2836,2978,459,486
03,177564,000044,0,2843,3071,462,505
03,177564,000244,0,2836,2978,459,486
03,177565,000044,0,2843,3071,462,505
03,177565,000244,0,2836,2978,459,486
03,177566,000044,0,2843,3071,462,505
03,177566,000244,0,2836,2978,459,486
03,177567,000004,0,2859,3087,466,509
03,177567,100204,0,2836,2978,459,486
03,177570,000004,0,2867,3138,469,520
03,177570,100204,0,2844,3029,462,497
03,177571,000044,0,2851,3122,465,516
03,177571,000244,0,2844,3029,462,497
03,177572,000004,0,2867,3138,469,520
03,177572,100204,0,2844,3029,462,497
03,177573,000044,0,2851,3122,465,516
03,177573,000244,0,2844,3029,462,497
03,177574,000004,0,2867,3138,469,520
03,177574,100204,0,2844,3029,462,497
03,177575,000044,0,2851,3122,465,516
03,177575,000244,0,2844,3029,462,497
03,177576,000004,0,2867,3138,469,520
03,177576,100204,0,2844,3029,462,497
03,177577,000004,0,2867,3138,469,520
03,177577,100204,0,2844,3029,462,497
03,177600,000044,0,2804,2817,452,455
03,177600,000244,0,2799,2812,451,454
03,177601,000004,0,2820,2833,456,459
03,177601,100204,0,2799,2812,451,454
03,177602,000044,0,2804,2817,452,455
03,177602,000244,0,2799,2812,451,454
03,177603,000004,0,2820,2833,456,459
03,177603,100204,0,2799,2812,451,454
03,177604,000044,0,2804,2817,452,455
03,177604,000244,0,2799,2812,451,454
03,177605,000004,0,2820,2833,456,459
03,177605,100204,0,2799,2812,451,454
03,177606,000044,0,2241,2254,349,352
03,177606,000244,0,2265,2278,353,356
03,177607,000044,0,2241,2254,349,352
03,177607,000244,0,2265,2278,353,356
03,177610,000044,0,2756,2941,448,483
03,177610,000244,0,2749,2848,445,464
03,177611,000004,0,2772,2957,452,487
03,177611,100204,0,2749,2848,445,464
03,177612,000044,0,2756,2941,448,483
03,177612,000244,0,2749,2848,445,464
03,177613,000004,0,2772,2957,452,487
03,177613,100204,0,2749,2848,445,464
03,177614,000044,0,2756,2941,448,483
03,177614,000244,0,2749,2848,445,464
03,177615,000004,0,2772,2957,452,487
03,177615,100204,0,2749,2848,445,464
03,177616,000044,0,2756,2941,448,483
03,177616,000244,0,2749,2848,445,464
03,177617,000044,0,2756,2941,448,483
03,177617,000244,0,2749,2848,445,464
03,177620,000044,0,2875,3060,471,506
03,177620,000244,0,2868,2967,468,487
03,177621,000004,0,2891,3076,475,510
03,177621,100204,0,2868,2967,468,487
03,177622,000044,0,2875,3060,471,506
03,177622,000244,0,2868,2967,468,487
03,177623,000004,0,2891,3076,475,510
03,177623,100204,0,2868,2967,468,487
03,177624,000044,0,2875,3060,471,506
03,177624,000244,0,2868,2967,468,487
03,177625,000004,0,2891,3076,475,510
03,177625,100204,0,2868,2967,468,487
03,177626,000044,0,2875,3060,471,506
03,177626,000244,0,2868,2967,468,487
03,177627,000044,0,2760,2816,448,459
03,177627,000244,0,2809,2865,455,466
03,177630,000044,0,2898,3126,475,518
03,177630,000244,0,2891,3033,472,499
03,177631,000044,0,2898,3126,475,518
03,177631,000244,0,2891,3033,472,499
03,177632,000044,0,2898,3126,475,518
03,177632,000244,0,2891,3033,472,499
03,177633,000044,0,2898,3126,475,518
03,177633,000244,0,2891,3033,472,499
03,177634,000044,0,2898,3126,475,518
03,177634,000244,0,2891,3033,472,499
03,177635,000044,0,2898,3126,475,518
03,177635,000244,0,2891,3033,472,499
03,177636,000044,0,2898,3126,475,518
03,177636,000244,0,2891,3033,472,499
03,177637,000004,0,2865,3093,469,512
03,177637,100204,0,2842,2984,462,489
03,177640,000044,0,2875,3060,471,506
03,177640,000244,0,2868,2967,468,487
03,177641,000004,0,2891,3076,475,510
03,177641,100204,0,2868,2967,468,487
03,177642,000044,0,2875,3060,471,506
03,177642,000244,0,2868,2967,468,487
03,177643,000004,0,2891,3076,475,510
03,177643,100204,0,2868,2967,468,487
03,177644,000044,0,2875,3060,471,506
03,177644,000244,0,2868,2967,468,487
03,177645,000004,0,2891,3076,475,510
03,177645,100204,0,2868,2967,468,487
03,177646,000044,0,2875,3060,471,506
03,177646,000244,0,2868,2967,468,487
03,177647,000044,0,2826,3011,461,496
03,177647,000244,0,2819,2918,458,477
03,177650,000044,0,2898,3126,475,518
03,177650,000244,0,2891,3033,472,499
03,177651,000044,0,2898,3126,475,518
03,177651,000244,0,2891,3033,472,499
03,177652,000044,0,2898,3126,475,518
03,177652,000244,0,2891,3033,472,499
03,177653,000044,0,2898,3126,475,518
03,177653,000244,0,2891,3033,472,499
03,177654,000044,0,2898,3126,475,518
03,177654,000244,0,2891,3033,472,499
03,177655,000044,0,2898,3126,475,518
03,177655,000244,0,2891,3033,472,499
03,177656,000044,0,2898,3126,475,518
03,177656,000244,0,2891,3033,472,499
03,177657,000004,0,2319,2412,370,387
03,177657,100204,0,2343,2436,374,391
03,177660,000044,0,2843,3071,462,505
03,177660,000244,0,2836,2978,459,486
03,177661,000044,0,2843,3071,462,505
03,177661,000244,0,2836,2978,459,486
03,177662,000044,0,2843,3071,462,505
03,177662,000244,0,2836,2978,459,486
03,177663,000044,0,2843,3071,462,505
03,177663,000244,0,2836,2978,459,486
03,177664,000044,0,2843,3071,462,505
03,177664,000244,0,2836,2978,459,486
03,177665,000044,0,2843,3071,462,505
03,177665,000244,0,2836,2978,459,486
03,177666,000044,0,2843,3071,462,505
03,177666,000244,0,2836,2978,459,486
03,177667,000004,0,2859,3087,466,509
03,177667,100204,0,2836,2978,459,486
03,177670,000004,0,2867,3138,469,520
03,177670,100204,0,2844,3029,462,497
03,177671,000044,0,2851,3122,465,516
03,177671,000244,0,2844,3029,462,497
03,177672,000004,0,2867,3138,469,520
03,177672,100204,0,2844,3029,462,497
03,177673,000044,0,2851,3122,465,516
03,177673,000244,0,2844,3029,462,497
03,177674,000004,0,2867,3138,469,520
03,177674,100204,0,2844,3029,462,497
03,177675,000044,0,2851,3122,465,516
03,177675,000244,0,2844,3029,462,497
03,177676,000004,0,2867,3138,469,520
03,177676,100204,0,2844,3029,462,497
03,177677,000004,0,2867,3138,469,520
03,177677,100204,0,2844,3029,462,497
03,177700,000044,0,2804,2817,452,455
03,177700,000244,0,2799,2812,451,454
03,177701,000004,0,2820,2833,456,459
03,177701,100204,0,2799,2812,451,454
03,177702,000044,0,2804,2817,452,455
03,177702,000244,0,2799,2812,451,454
03,177703,000004,0,2820,2833,456,459
03,177703,100204,0,2799,2812,451,454
03,177704,000044,0,2804,2817,452,455
03,177704,000244,0,2799,2812,451,454
03,177705,000004,0,2820,2833,456,459
03,177705,100204,0,2799,2812,451,454
03,177706,000044,0,2241,2254,349,352
03,177706,000244,0,2265,2278,353,356
03,177707,000044,0,2241,2254,349,352
03,177707,000244,0,2265,2278,353,356
03,177710,000044,0,2756,2941,448,483
03,177710,000244,0,2749,2848,445,464
03,177711,000004,0,2772,2957,452,487
03,177711,100204,0,2749,2848,445,464
03,177712,000044,0,2756,2941,448,483
03,177712,000244,0,2749,2848,445,464
03,177713,000004,0,2772,2957,452,487
03,177713,100204,0,2749,2848,445,464
03,177714,000044,0,2756,2941,448,483
03,177714,000244,0,2749,2848,445,464
03,177715,000004,0,2772,2957,452,487
03,177715,100204,0,2749,2848,445,464
03,177716,000044,0,2756,2941,448,483
03,177716,000244,0,2749,2848,445,464
03,177717,000044,0,2756,2941,448,483
03,177717,000244,0,2749,2848,445,464
03,177720,000044,0,2875,3060,471,506
03,177720,000244,0,2868,2967,468,487
03,177721,000004,0,2891,3076,475,510
03,177721,100204,0,2868,2967,468,487
03,177722,000044,0,2875,3060,471,506
03,177722,000244,0,2868,2967,468,487
03,177723,000004,0,2891,3076,475,510
03,177723,100204,0,2868,2967,468,487
03,177724,000044,0,2875,3060,471,506
03,177724,000244,0,2868,2967,468,487
03,177725,000004,0,2891,3076,475,510
03,177725,100204,0,2868,2967,468,487
03,177726,000044,0,2875,3060,471,506
03,177726,000244,0,2868,2967,468,487
03,177727,000044,0,2760,2816,448,459
03,177727,000244,0,2809,2865,455,466
03,177730,000044,0,2898,3126,475,518
03,177730,000244,0,2891,3033,472,499
03,177731,000044,0,2898,3126,475,518
03,177731,000244,0,2891,3033,472,499
03,177732,000044,0,2898,3126,475,518
03,177732,000244,0,2891,3033,472,499
03,177733,000044,0,2898,3126,475,518
03,177733,000244,0,2891,3033,472,499
03,177734,000044,0,2898,3126,475,518
03,177734,000244,0,2891,3033,472,499
03,177735,000044,0,2898,3126,475,518
03,177735,000244,0,2891,3033,472,499
03,177736,000044,0,2898,3126,475,518
03,177736,000244,0,2891,3033,472,499
03,177737,000004,0,2865,3093,469,512
03,177737,100204,0,2842,2984,462,489
03,177740,000044,0,2875,3060,471,506
03,177740,000244,0,2868,2967,468,487
03,177741,000004,0,2891,3076,475,510
03,177741,100204,0,2868,2967,468,487
03,177742,000044,0,2875,3060,471,506
03,177742,000244,0,2868,2967,468,487
03,177743,000004,0,2891,3076,475,510
03,177743,100204,0,2868,2967,468,487
03,177744,000044,0,2875,3060,471,506
03,177744,000244,0,2868,2967,468,487
03,177745,000004,0,2891,3076,475,510
03,177745,100204,0,2868,2967,468,487
03,177746,000044,0,2875,3060,471,506
03,177746,000244,0,2868,2967,468,487
03,177747,000044,0,2826,3011,461,496
03,177747,000244,0,2819,2918,458,477
03,177750,000044,0,2898,3126,475,518
03,177750,000244,0,2891,3033,472,499
03,177751,000044,0,2898,3126,475,518
03,177751,000244,0,2891,3033,472,499
03,177752,000044,0,2898,3126,475,518
03,177752,000244,0,2891,3033,472,499
03,177753,000044,0,2898,3126,475,518
03,177753,000244,0,2891,3033,472,499
03,177754,000044,0,2898,3126,475,518
03,177754,000244,0,2891,3033,472,499
03,177755,000044,0,2898,3126,475,518
03,177755,000244,0,2891,3033,472,499
03,177756,000044,0,2898,3126,475,518
03,177756,000244,0,2891,3033,472,499
03,177757,000004,0,2319,2412,370,387
03,177757,100204,0,2343,2436,374,391
03,177760,000044,0,2843,3071,462,505
03,177760,000244,0,2836,2978,459,486
03,177761,000044,0,2843,3071,462,505
03,177761,000244,0,2836,2978,459,486
03,177762,000044,0,2843,3071,462,505
03,177762,000244,0,2836,2978,459,486
03,177763,000044,0,2843,3071,462,505
03,177763,000244,0,2836,2978,459,486
03,177764,000044,0,2843,3071,462,505
03,177764,000244,0,2836,2978,459,486
03,177765,000044,0,2843,3071,462,505
03,177765,000244,0,2836,2978,459,486
03,177766,000044,0,2843,3071,462,505
03,177766,000244,0,2836,2978,459,486
03,177767,000004,0,2859,3087,466,509
03,177767,100204,0,2836,2978,459,486
03,177770,000004,0,2867,3138,469,520
03,177770,100204,0,2844,3029,462,497
03,177771,000044,0,2851,3122,465,516
03,177771,000244,0,2844,3029,462,497
03,177772,000004,0,2867,3138,469,520
03,177772,100204,0,2844,3029,462,497
03,177773,000044,0,2851,3122,465,516
03,177773,000244,0,2844,3029,462,497
03,177774,000004,0,2867,3138,469,520
03,177774,100204,0,2844,3029,462,497
03,177775,000044,0,2851,3122,465,516
03,177775,000244,0,2844,3029,462,497
03,177776,000004,0,2867,3138,469,520
03,177776,100204,0,2844,3029,462,497
03,177777,000004,0,2867,3138,469,520
03,177777,100204,0,2844,3029,462,497
03,175205,000046,0,2432,2461,386,393
03,175205,000246,0,2456,2485,390,397
03,175222,000046,0,2598,2653,418,432
03,175222,000246,0,2622,2677,422,436
03,175605,000046,0,2822,2851,460,467
03,175605,000246,0,2890,2919,471,478
03,175622,000046,0,2988,3043,492,506
03,175622,000246,0,3056,3111,503,517
03,176205,000046,0,2788,2801,453,456
03,176205,000246,0,2859,2872,464,467
03,176222,000046,0,2954,3071,486,517
03,176222,000246,0,2989,3054,491,508
03,176605,000046,0,2765,2778,434,437
03,176605,000246,0,2915,2928,456,459
03,176622,000046,0,2919,2975,462,473
03,176622,000246,0,3069,3125,484,495
03,177205,000046,0,2693,2706,440,443
03,177205,000246,0,2771,2784,452,455
03,177222,000046,0,2847,2903,468,479
03,177222,000246,0,2925,2981,480,491
