
Loading design for application trce from file cp20b_impl1.ncd.
Design name: uj11_probe_fram_irq
NCD version: 3.3
Vendor:      LATTICE
Device:      LCMXO2-1200HC
Package:     QFN32
Performance: 4
Loading device for application trce from file 'xo2c1200.nph' in environment: /home/sash/.local/lscc/diamond/3.14/ispfpga.
Package Status:                     Final          Version 1.44.
Performance Hardware Data Status:   Final          Version 36.4.
Setup and Hold Report

--------------------------------------------------------------------------------
Lattice TRACE Report - Setup, Version Diamond (64-bit) 3.14.0.75.2
Wed Sep  9 11:39:49 2026

Copyright (c) 1991-1994 by NeoCAD Inc. All rights reserved.
Copyright (c) 1995 AT&T Corp.   All rights reserved.
Copyright (c) 1995-2001 Lucent Technologies Inc.  All rights reserved.
Copyright (c) 2001 Agere Systems   All rights reserved.
Copyright (c) 2002-2024 Lattice Semiconductor Corporation,  All rights reserved.

Report Information
------------------
Command line:    trce -v 10 -c -u 0 -gt -sethld -sp 4 -sphld m -o cp20b_impl1.twr cp20b_impl1.ncd cp20b_impl1.prf 
Design file:     cp20b_impl1.ncd
Preference file: cp20b_impl1.prf
Device,speed:    LCMXO2-1200HC,4
Report level:    verbose report, limited to 10 items per preference
--------------------------------------------------------------------------------

BLOCK ASYNCPATHS
BLOCK RESETPATHS
--------------------------------------------------------------------------------



================================================================================
Preference: FREQUENCY PORT "clk" 29.560000 MHz ;
            4096 items scored, 0 timing errors detected.
--------------------------------------------------------------------------------


Passed: The following path meets requirements by 1.581ns

 Logical Details:  Cell type  Pin type       Cell/ASIC name  (clock net +/-)

   Source:         DP8KC      Port           system/core/engine/rom/lane_2(ASIC)  (from clk_c +)
   Destination:    DP8KC      Port           system/core/engine/rom/lane_0(ASIC)  (to clk_c +)

   Delay:              32.274ns  (38.4% logic, 61.6% route), 16 logic levels.

 Constraint Details:

     32.274ns physical path delay system/core/engine/rom/lane_2 to system/core/engine/rom/lane_0 meets
     33.829ns delay constraint less
      0.000ns skew and
     -0.026ns ADDR_SET requirement (totaling 33.855ns) by 1.581ns

 Physical Path Details:

      Data path system/core/engine/rom/lane_2 to system/core/engine/rom/lane_0:

   Name    Fanout   Delay (ns)          Site               Resource
C2Q_DEL     ---     4.979  EBR_R6C4.CLKA to  EBR_R6C4.DOA8 system/core/engine/rom/lane_2 (from clk_c)
ROUTE         7     1.687  EBR_R6C4.DOA8 to       R8C8D.D1 uword[26]
CTOF_DEL    ---     0.495       R8C8D.D1 to       R8C8D.F1 system/core/engine/SLICE_320
ROUTE         1     0.436       R8C8D.F1 to       R8C8D.C0 system/core/engine/un6_select_register[0]
CTOF_DEL    ---     0.495       R8C8D.C0 to       R8C8D.F0 system/core/engine/SLICE_320
ROUTE        16     1.430       R8C8D.F0 to       R8C7A.A1 system/core/engine/select_register_5[0]
CTOF_DEL    ---     0.495       R8C7A.A1 to       R8C7A.F1 SLICE_40
ROUTE        12     1.591       R8C7A.F1 to       R5C9B.B0 io_address[13]
CTOF_DEL    ---     0.495       R5C9B.B0 to       R5C9B.F0 system/sequential.memory/SLICE_359
ROUTE        26     1.139       R5C9B.F0 to      R4C11C.C1 system/io_page
CTOF_DEL    ---     0.495      R4C11C.C1 to      R4C11C.F1 system/SLICE_62
ROUTE         4     0.651      R4C11C.F1 to      R4C11B.D0 system/rdata[9]
CTOF_DEL    ---     0.495      R4C11B.D0 to      R4C11B.F0 system/core/SLICE_485
ROUTE        12     0.453      R4C11B.F0 to      R4C11B.C1 system/core/dispatch_ir[9]
CTOF_DEL    ---     0.495      R4C11B.C1 to      R4C11B.F1 system/core/SLICE_485
ROUTE         7     0.994      R4C11B.F1 to      R4C13A.D1 system/core/decode/rr_1
CTOF_DEL    ---     0.495      R4C13A.D1 to      R4C13A.F1 SLICE_625
ROUTE         2     1.705      R4C13A.F1 to      R5C11C.A1 system/core/decode/spl_8
CTOF_DEL    ---     0.495      R5C11C.A1 to      R5C11C.F1 system/core/SLICE_395
ROUTE         8     2.006      R5C11C.F1 to      R7C13C.A0 system/core/spl
CTOF_DEL    ---     0.495      R7C13C.A0 to      R7C13C.F0 SLICE_611
ROUTE         1     1.925      R7C13C.F0 to      R9C12B.A1 system/core/decode/entry_1_6[3]
CTOF_DEL    ---     0.495      R9C12B.A1 to      R9C12B.F1 SLICE_509
ROUTE         1     0.958      R9C12B.F1 to      R9C10D.D1 system/core/decode/entry_1_9[3]
CTOF_DEL    ---     0.495      R9C10D.D1 to      R9C10D.F1 system/core/SLICE_388
ROUTE         1     0.626      R9C10D.F1 to      R9C10D.D0 system/core/dispatch_address[3]
CTOF_DEL    ---     0.495      R9C10D.D0 to      R9C10D.F0 system/core/SLICE_388
ROUTE         1     2.013      R9C10D.F0 to       R5C7B.A0 system/core/engine/seq/next_address_1_iv_2[3]
CTOF_DEL    ---     0.495       R5C7B.A0 to       R5C7B.F0 system/core/engine/seq/SLICE_371
ROUTE         1     0.626       R5C7B.F0 to       R5C7D.D1 system/core/engine/seq/next_address_1_iv_5[3]
CTOF_DEL    ---     0.495       R5C7D.D1 to       R5C7D.F1 system/core/engine/seq/SLICE_255
ROUTE         5     1.630       R5C7D.F1 to  EBR_R6C1.ADA6 system/core/engine/next_address[3] (to clk_c)
                  --------
                   32.274   (38.4% logic, 61.6% route), 16 logic levels.

 Clock Skew Details: 

      Source Clock Path clk to system/core/engine/rom/lane_2:

   Name    Fanout   Delay (ns)          Site               Resource
ROUTE       248     2.351       13.PADDI to  EBR_R6C4.CLKA clk_c
                  --------
                    2.351   (0.0% logic, 100.0% route), 0 logic levels.

      Destination Clock Path clk to system/core/engine/rom/lane_0:

   Name    Fanout   Delay (ns)          Site               Resource
ROUTE       248     2.351       13.PADDI to  EBR_R6C1.CLKA clk_c
                  --------
                    2.351   (0.0% logic, 100.0% route), 0 logic levels.


Passed: The following path meets requirements by 1.585ns

 Logical Details:  Cell type  Pin type       Cell/ASIC name  (clock net +/-)

   Source:         DP8KC      Port           system/core/engine/rom/lane_2(ASIC)  (from clk_c +)
   Destination:    FF         Data in        system/sequential.memory/redirected  (to clk_c +)

   Delay:              31.905ns  (46.0% logic, 54.0% route), 19 logic levels.

 Constraint Details:

     31.905ns physical path delay system/core/engine/rom/lane_2 to system/SLICE_212 meets
     33.829ns delay constraint less
      0.173ns skew and
      0.166ns DIN_SET requirement (totaling 33.490ns) by 1.585ns

 Physical Path Details:

      Data path system/core/engine/rom/lane_2 to system/SLICE_212:

   Name    Fanout   Delay (ns)          Site               Resource
C2Q_DEL     ---     4.979  EBR_R6C4.CLKA to  EBR_R6C4.DOA8 system/core/engine/rom/lane_2 (from clk_c)
ROUTE         7     1.667  EBR_R6C4.DOA8 to       R8C7D.D1 uword[26]
CTOF_DEL    ---     0.495       R8C7D.D1 to       R8C7D.F1 system/core/engine/SLICE_496
ROUTE         1     0.436       R8C7D.F1 to       R8C7D.C0 system/core/engine/un6_select_register[1]
CTOF_DEL    ---     0.495       R8C7D.C0 to       R8C7D.F0 system/core/engine/SLICE_496
ROUTE        18     1.050       R8C7D.F0 to       R8C8C.B0 system/core/engine/un9_d_axb1
CTOF_DEL    ---     0.495       R8C8C.B0 to       R8C8C.F0 system/core/engine/SLICE_494
ROUTE         1     0.436       R8C8C.F0 to       R8C8C.C1 system/core/engine/un7_d
CTOF_DEL    ---     0.495       R8C8C.C1 to       R8C8C.F1 system/core/engine/SLICE_494
ROUTE         4     1.696       R8C8C.F1 to      R3C14C.D0 system/core/engine/d_sn_N_5
CTOOFX_DEL  ---     0.721      R3C14C.D0 to    R3C14C.OFX0 system/core/engine/d[1]/SLICE_288
ROUTE         2     0.965    R3C14C.OFX0 to      R3C16D.D1 system/core/engine/d[1]
CTOF_DEL    ---     0.495      R3C16D.D1 to      R3C16D.F1 system/core/engine/dp/SLICE_451
ROUTE         3     2.272      R3C16D.F1 to      R2C18B.B0 system/core/engine/dp/rhs[1]
C0TOFCO_DE  ---     1.023      R2C18B.B0 to     R2C18B.FCO system/core/engine/dp/alu/SLICE_31
ROUTE         1     0.000     R2C18B.FCO to     R2C18C.FCI system/core/engine/dp/alu/un1_arithmetic_b_cry_2
FCITOFCO_D  ---     0.162     R2C18C.FCI to     R2C18C.FCO system/core/engine/dp/alu/SLICE_30
ROUTE         1     0.000     R2C18C.FCO to     R2C18D.FCI system/core/engine/dp/alu/un1_arithmetic_b_cry_4
FCITOFCO_D  ---     0.162     R2C18D.FCI to     R2C18D.FCO system/core/engine/dp/alu/SLICE_29
ROUTE         1     0.000     R2C18D.FCO to     R2C19A.FCI system/core/engine/dp/alu/un1_arithmetic_b_cry_6
FCITOF0_DE  ---     0.585     R2C19A.FCI to      R2C19A.F0 system/core/engine/dp/alu/SLICE_28
ROUTE         3     0.640      R2C19A.F0 to      R3C19A.D1 system/core/engine/dp/alu/un1_arithmetic_b_cry_7_0_S0
CTOOFX_DEL  ---     0.721      R3C19A.D1 to    R3C19A.OFX0 system/core/engine/dp/alu/result_6_0[7]/SLICE_275
ROUTE         2     1.800    R3C19A.OFX0 to      R8C17C.C1 system/core/engine/dp/N_106
CTOF_DEL    ---     0.495      R8C17C.C1 to      R8C17C.F1 system/core/engine/SLICE_164
ROUTE         7     1.104      R8C17C.F1 to     R10C18C.C0 system/core/engine/result[7]
CTOF_DEL    ---     0.495     R10C18C.C0 to     R10C18C.F0 system/core/engine/dp/SLICE_462
ROUTE         8     0.761     R10C18C.F0 to      R9C18D.C1 system/core/engine/dp/un1_result[0]
CTOF_DEL    ---     0.495      R9C18D.C1 to      R9C18D.F1 system/core/engine/dp/SLICE_461
ROUTE         1     0.436      R9C18D.F1 to      R9C18D.C0 system/core/engine/dp/ordinary_writeback_0[15]
CTOF_DEL    ---     0.495      R9C18D.C0 to      R9C18D.F0 system/core/engine/dp/SLICE_461
ROUTE         1     0.623      R9C18D.F0 to      R8C18A.D1 system/core/engine/dp/un19_writeback[15]
CTOF_DEL    ---     0.495      R8C18A.D1 to      R8C18A.F1 SLICE_84
ROUTE         4     2.253      R8C18A.F1 to       R9C9A.A0 rf_data[15]
CTOF1_DEL   ---     0.889       R9C9A.A0 to       R9C9A.F1 system/sequential.memory/SLICE_6
ROUTE         1     1.079       R9C9A.F1 to       R7C8C.C0 system/sequential.memory/un1_pc_data_0_data_tmp[7]
CTOF_DEL    ---     0.495       R7C8C.C0 to       R7C8C.F0 system/SLICE_212
ROUTE         1     0.000       R7C8C.F0 to      R7C8C.DI0 system/sequential.memory/redirect (to clk_c)
                  --------
                   31.905   (46.0% logic, 54.0% route), 19 logic levels.

 Clock Skew Details: 

      Source Clock Path clk to system/core/engine/rom/lane_2:

   Name    Fanout   Delay (ns)          Site               Resource
ROUTE       248     2.351       13.PADDI to  EBR_R6C4.CLKA clk_c
                  --------
                    2.351   (0.0% logic, 100.0% route), 0 logic levels.

      Destination Clock Path clk to system/SLICE_212:

   Name    Fanout   Delay (ns)          Site               Resource
ROUTE       248     2.178       13.PADDI to      R7C8C.CLK clk_c
                  --------
                    2.178   (0.0% logic, 100.0% route), 0 logic levels.


Passed: The following path meets requirements by 1.649ns

 Logical Details:  Cell type  Pin type       Cell/ASIC name  (clock net +/-)

   Source:         DP8KC      Port           system/core/engine/rom/lane_2(ASIC)  (from clk_c +)
   Destination:    DP8KC      Port           system/core/engine/rom/lane_1(ASIC)  (to clk_c +)

   Delay:              32.206ns  (38.5% logic, 61.5% route), 16 logic levels.

 Constraint Details:

     32.206ns physical path delay system/core/engine/rom/lane_2 to system/core/engine/rom/lane_1 meets
     33.829ns delay constraint less
      0.000ns skew and
     -0.026ns ADDR_SET requirement (totaling 33.855ns) by 1.649ns

 Physical Path Details:

      Data path system/core/engine/rom/lane_2 to system/core/engine/rom/lane_1:

   Name    Fanout   Delay (ns)          Site               Resource
C2Q_DEL     ---     4.979  EBR_R6C4.CLKA to  EBR_R6C4.DOA8 system/core/engine/rom/lane_2 (from clk_c)
ROUTE         7     1.687  EBR_R6C4.DOA8 to       R8C8D.D1 uword[26]
CTOF_DEL    ---     0.495       R8C8D.D1 to       R8C8D.F1 system/core/engine/SLICE_320
ROUTE         1     0.436       R8C8D.F1 to       R8C8D.C0 system/core/engine/un6_select_register[0]
CTOF_DEL    ---     0.495       R8C8D.C0 to       R8C8D.F0 system/core/engine/SLICE_320
ROUTE        16     1.430       R8C8D.F0 to       R8C7A.A1 system/core/engine/select_register_5[0]
CTOF_DEL    ---     0.495       R8C7A.A1 to       R8C7A.F1 SLICE_40
ROUTE        12     1.591       R8C7A.F1 to       R5C9B.B0 io_address[13]
CTOF_DEL    ---     0.495       R5C9B.B0 to       R5C9B.F0 system/sequential.memory/SLICE_359
ROUTE        26     1.139       R5C9B.F0 to      R4C11C.C1 system/io_page
CTOF_DEL    ---     0.495      R4C11C.C1 to      R4C11C.F1 system/SLICE_62
ROUTE         4     0.651      R4C11C.F1 to      R4C11B.D0 system/rdata[9]
CTOF_DEL    ---     0.495      R4C11B.D0 to      R4C11B.F0 system/core/SLICE_485
ROUTE        12     0.453      R4C11B.F0 to      R4C11B.C1 system/core/dispatch_ir[9]
CTOF_DEL    ---     0.495      R4C11B.C1 to      R4C11B.F1 system/core/SLICE_485
ROUTE         7     0.994      R4C11B.F1 to      R4C13A.D1 system/core/decode/rr_1
CTOF_DEL    ---     0.495      R4C13A.D1 to      R4C13A.F1 SLICE_625
ROUTE         2     1.705      R4C13A.F1 to      R5C11C.A1 system/core/decode/spl_8
CTOF_DEL    ---     0.495      R5C11C.A1 to      R5C11C.F1 system/core/SLICE_395
ROUTE         8     2.006      R5C11C.F1 to      R7C13C.A0 system/core/spl
CTOF_DEL    ---     0.495      R7C13C.A0 to      R7C13C.F0 SLICE_611
ROUTE         1     1.925      R7C13C.F0 to      R9C12B.A1 system/core/decode/entry_1_6[3]
CTOF_DEL    ---     0.495      R9C12B.A1 to      R9C12B.F1 SLICE_509
ROUTE         1     0.958      R9C12B.F1 to      R9C10D.D1 system/core/decode/entry_1_9[3]
CTOF_DEL    ---     0.495      R9C10D.D1 to      R9C10D.F1 system/core/SLICE_388
ROUTE         1     0.626      R9C10D.F1 to      R9C10D.D0 system/core/dispatch_address[3]
CTOF_DEL    ---     0.495      R9C10D.D0 to      R9C10D.F0 system/core/SLICE_388
ROUTE         1     2.013      R9C10D.F0 to       R5C7B.A0 system/core/engine/seq/next_address_1_iv_2[3]
CTOF_DEL    ---     0.495       R5C7B.A0 to       R5C7B.F0 system/core/engine/seq/SLICE_371
ROUTE         1     0.626       R5C7B.F0 to       R5C7D.D1 system/core/engine/seq/next_address_1_iv_5[3]
CTOF_DEL    ---     0.495       R5C7D.D1 to       R5C7D.F1 system/core/engine/seq/SLICE_255
ROUTE         5     1.562       R5C7D.F1 to EBR_R6C10.ADA6 system/core/engine/next_address[3] (to clk_c)
                  --------
                   32.206   (38.5% logic, 61.5% route), 16 logic levels.

 Clock Skew Details: 

      Source Clock Path clk to system/core/engine/rom/lane_2:

   Name    Fanout   Delay (ns)          Site               Resource
ROUTE       248     2.351       13.PADDI to  EBR_R6C4.CLKA clk_c
                  --------
                    2.351   (0.0% logic, 100.0% route), 0 logic levels.

      Destination Clock Path clk to system/core/engine/rom/lane_1:

   Name    Fanout   Delay (ns)          Site               Resource
ROUTE       248     2.351       13.PADDI to EBR_R6C10.CLKA clk_c
                  --------
                    2.351   (0.0% logic, 100.0% route), 0 logic levels.


Passed: The following path meets requirements by 1.688ns

 Logical Details:  Cell type  Pin type       Cell/ASIC name  (clock net +/-)

   Source:         DP8KC      Port           system/core/engine/rom/lane_2(ASIC)  (from clk_c +)
   Destination:    DP8KC      Port           system/core/engine/rom/lane_0(ASIC)  (to clk_c +)

   Delay:              32.167ns  (38.6% logic, 61.4% route), 16 logic levels.

 Constraint Details:

     32.167ns physical path delay system/core/engine/rom/lane_2 to system/core/engine/rom/lane_0 meets
     33.829ns delay constraint less
      0.000ns skew and
     -0.026ns ADDR_SET requirement (totaling 33.855ns) by 1.688ns

 Physical Path Details:

      Data path system/core/engine/rom/lane_2 to system/core/engine/rom/lane_0:

   Name    Fanout   Delay (ns)          Site               Resource
C2Q_DEL     ---     4.979  EBR_R6C4.CLKA to  EBR_R6C4.DOA8 system/core/engine/rom/lane_2 (from clk_c)
ROUTE         7     1.530  EBR_R6C4.DOA8 to       R8C8B.C1 uword[26]
CTOF_DEL    ---     0.495       R8C8B.C1 to       R8C8B.F1 system/core/engine/SLICE_495
ROUTE         1     0.436       R8C8B.F1 to       R8C8B.C0 system/core/engine/un6_select_register[2]
CTOF_DEL    ---     0.495       R8C8B.C0 to       R8C8B.F0 system/core/engine/SLICE_495
ROUTE        18     1.236       R8C8B.F0 to       R8C7B.C0 system/core/engine/un9_d_axb2
CTOF_DEL    ---     0.495       R8C7B.C0 to       R8C7B.F0 SLICE_41
ROUTE        12     1.835       R8C7B.F0 to       R5C9B.C0 io_address[14]
CTOF_DEL    ---     0.495       R5C9B.C0 to       R5C9B.F0 system/sequential.memory/SLICE_359
ROUTE        26     1.139       R5C9B.F0 to      R4C11C.C1 system/io_page
CTOF_DEL    ---     0.495      R4C11C.C1 to      R4C11C.F1 system/SLICE_62
ROUTE         4     0.651      R4C11C.F1 to      R4C11B.D0 system/rdata[9]
CTOF_DEL    ---     0.495      R4C11B.D0 to      R4C11B.F0 system/core/SLICE_485
ROUTE        12     0.453      R4C11B.F0 to      R4C11B.C1 system/core/dispatch_ir[9]
CTOF_DEL    ---     0.495      R4C11B.C1 to      R4C11B.F1 system/core/SLICE_485
ROUTE         7     0.994      R4C11B.F1 to      R4C13A.D1 system/core/decode/rr_1
CTOF_DEL    ---     0.495      R4C13A.D1 to      R4C13A.F1 SLICE_625
ROUTE         2     1.705      R4C13A.F1 to      R5C11C.A1 system/core/decode/spl_8
CTOF_DEL    ---     0.495      R5C11C.A1 to      R5C11C.F1 system/core/SLICE_395
ROUTE         8     2.006      R5C11C.F1 to      R7C13C.A0 system/core/spl
CTOF_DEL    ---     0.495      R7C13C.A0 to      R7C13C.F0 SLICE_611
ROUTE         1     1.925      R7C13C.F0 to      R9C12B.A1 system/core/decode/entry_1_6[3]
CTOF_DEL    ---     0.495      R9C12B.A1 to      R9C12B.F1 SLICE_509
ROUTE         1     0.958      R9C12B.F1 to      R9C10D.D1 system/core/decode/entry_1_9[3]
CTOF_DEL    ---     0.495      R9C10D.D1 to      R9C10D.F1 system/core/SLICE_388
ROUTE         1     0.626      R9C10D.F1 to      R9C10D.D0 system/core/dispatch_address[3]
CTOF_DEL    ---     0.495      R9C10D.D0 to      R9C10D.F0 system/core/SLICE_388
ROUTE         1     2.013      R9C10D.F0 to       R5C7B.A0 system/core/engine/seq/next_address_1_iv_2[3]
CTOF_DEL    ---     0.495       R5C7B.A0 to       R5C7B.F0 system/core/engine/seq/SLICE_371
ROUTE         1     0.626       R5C7B.F0 to       R5C7D.D1 system/core/engine/seq/next_address_1_iv_5[3]
CTOF_DEL    ---     0.495       R5C7D.D1 to       R5C7D.F1 system/core/engine/seq/SLICE_255
ROUTE         5     1.630       R5C7D.F1 to  EBR_R6C1.ADA6 system/core/engine/next_address[3] (to clk_c)
                  --------
                   32.167   (38.6% logic, 61.4% route), 16 logic levels.

 Clock Skew Details: 

      Source Clock Path clk to system/core/engine/rom/lane_2:

   Name    Fanout   Delay (ns)          Site               Resource
ROUTE       248     2.351       13.PADDI to  EBR_R6C4.CLKA clk_c
                  --------
                    2.351   (0.0% logic, 100.0% route), 0 logic levels.

      Destination Clock Path clk to system/core/engine/rom/lane_0:

   Name    Fanout   Delay (ns)          Site               Resource
ROUTE       248     2.351       13.PADDI to  EBR_R6C1.CLKA clk_c
                  --------
                    2.351   (0.0% logic, 100.0% route), 0 logic levels.


Passed: The following path meets requirements by 1.691ns

 Logical Details:  Cell type  Pin type       Cell/ASIC name  (clock net +/-)

   Source:         DP8KC      Port           system/core/engine/rom/lane_2(ASIC)  (from clk_c +)
   Destination:    DP8KC      Port           system/core/engine/rom/lane_0(ASIC)  (to clk_c +)

   Delay:              32.164ns  (38.6% logic, 61.4% route), 16 logic levels.

 Constraint Details:

     32.164ns physical path delay system/core/engine/rom/lane_2 to system/core/engine/rom/lane_0 meets
     33.829ns delay constraint less
      0.000ns skew and
     -0.026ns ADDR_SET requirement (totaling 33.855ns) by 1.691ns

 Physical Path Details:

      Data path system/core/engine/rom/lane_2 to system/core/engine/rom/lane_0:

   Name    Fanout   Delay (ns)          Site               Resource
C2Q_DEL     ---     4.979  EBR_R6C4.CLKA to  EBR_R6C4.DOA8 system/core/engine/rom/lane_2 (from clk_c)
ROUTE         7     1.667  EBR_R6C4.DOA8 to       R8C7D.D1 uword[26]
CTOF_DEL    ---     0.495       R8C7D.D1 to       R8C7D.F1 system/core/engine/SLICE_496
ROUTE         1     0.436       R8C7D.F1 to       R8C7D.C0 system/core/engine/un6_select_register[1]
CTOF_DEL    ---     0.495       R8C7D.C0 to       R8C7D.F0 system/core/engine/SLICE_496
ROUTE        18     1.096       R8C7D.F0 to       R8C7B.B0 system/core/engine/un9_d_axb1
CTOF_DEL    ---     0.495       R8C7B.B0 to       R8C7B.F0 SLICE_41
ROUTE        12     1.835       R8C7B.F0 to       R5C9B.C0 io_address[14]
CTOF_DEL    ---     0.495       R5C9B.C0 to       R5C9B.F0 system/sequential.memory/SLICE_359
ROUTE        26     1.139       R5C9B.F0 to      R4C11C.C1 system/io_page
CTOF_DEL    ---     0.495      R4C11C.C1 to      R4C11C.F1 system/SLICE_62
ROUTE         4     0.651      R4C11C.F1 to      R4C11B.D0 system/rdata[9]
CTOF_DEL    ---     0.495      R4C11B.D0 to      R4C11B.F0 system/core/SLICE_485
ROUTE        12     0.453      R4C11B.F0 to      R4C11B.C1 system/core/dispatch_ir[9]
CTOF_DEL    ---     0.495      R4C11B.C1 to      R4C11B.F1 system/core/SLICE_485
ROUTE         7     0.994      R4C11B.F1 to      R4C13A.D1 system/core/decode/rr_1
CTOF_DEL    ---     0.495      R4C13A.D1 to      R4C13A.F1 SLICE_625
ROUTE         2     1.705      R4C13A.F1 to      R5C11C.A1 system/core/decode/spl_8
CTOF_DEL    ---     0.495      R5C11C.A1 to      R5C11C.F1 system/core/SLICE_395
ROUTE         8     2.006      R5C11C.F1 to      R7C13C.A0 system/core/spl
CTOF_DEL    ---     0.495      R7C13C.A0 to      R7C13C.F0 SLICE_611
ROUTE         1     1.925      R7C13C.F0 to      R9C12B.A1 system/core/decode/entry_1_6[3]
CTOF_DEL    ---     0.495      R9C12B.A1 to      R9C12B.F1 SLICE_509
ROUTE         1     0.958      R9C12B.F1 to      R9C10D.D1 system/core/decode/entry_1_9[3]
CTOF_DEL    ---     0.495      R9C10D.D1 to      R9C10D.F1 system/core/SLICE_388
ROUTE         1     0.626      R9C10D.F1 to      R9C10D.D0 system/core/dispatch_address[3]
CTOF_DEL    ---     0.495      R9C10D.D0 to      R9C10D.F0 system/core/SLICE_388
ROUTE         1     2.013      R9C10D.F0 to       R5C7B.A0 system/core/engine/seq/next_address_1_iv_2[3]
CTOF_DEL    ---     0.495       R5C7B.A0 to       R5C7B.F0 system/core/engine/seq/SLICE_371
ROUTE         1     0.626       R5C7B.F0 to       R5C7D.D1 system/core/engine/seq/next_address_1_iv_5[3]
CTOF_DEL    ---     0.495       R5C7D.D1 to       R5C7D.F1 system/core/engine/seq/SLICE_255
ROUTE         5     1.630       R5C7D.F1 to  EBR_R6C1.ADA6 system/core/engine/next_address[3] (to clk_c)
                  --------
                   32.164   (38.6% logic, 61.4% route), 16 logic levels.

 Clock Skew Details: 

      Source Clock Path clk to system/core/engine/rom/lane_2:

   Name    Fanout   Delay (ns)          Site               Resource
ROUTE       248     2.351       13.PADDI to  EBR_R6C4.CLKA clk_c
                  --------
                    2.351   (0.0% logic, 100.0% route), 0 logic levels.

      Destination Clock Path clk to system/core/engine/rom/lane_0:

   Name    Fanout   Delay (ns)          Site               Resource
ROUTE       248     2.351       13.PADDI to  EBR_R6C1.CLKA clk_c
                  --------
                    2.351   (0.0% logic, 100.0% route), 0 logic levels.


Passed: The following path meets requirements by 1.735ns

 Logical Details:  Cell type  Pin type       Cell/ASIC name  (clock net +/-)

   Source:         DP8KC      Port           system/core/engine/rom/lane_2(ASIC)  (from clk_c +)
   Destination:    DP8KC      Port           system/core/engine/rom/lane_0(ASIC)  (to clk_c +)

   Delay:              32.120ns  (38.6% logic, 61.4% route), 16 logic levels.

 Constraint Details:

     32.120ns physical path delay system/core/engine/rom/lane_2 to system/core/engine/rom/lane_0 meets
     33.829ns delay constraint less
      0.000ns skew and
     -0.026ns ADDR_SET requirement (totaling 33.855ns) by 1.735ns

 Physical Path Details:

      Data path system/core/engine/rom/lane_2 to system/core/engine/rom/lane_0:

   Name    Fanout   Delay (ns)          Site               Resource
C2Q_DEL     ---     4.979  EBR_R6C4.CLKA to  EBR_R6C4.DOA8 system/core/engine/rom/lane_2 (from clk_c)
ROUTE         7     1.687  EBR_R6C4.DOA8 to       R8C8D.D1 uword[26]
CTOF_DEL    ---     0.495       R8C8D.D1 to       R8C8D.F1 system/core/engine/SLICE_320
ROUTE         1     0.436       R8C8D.F1 to       R8C8D.C0 system/core/engine/un6_select_register[0]
CTOF_DEL    ---     0.495       R8C8D.C0 to       R8C8D.F0 system/core/engine/SLICE_320
ROUTE        16     1.430       R8C8D.F0 to       R8C7A.A1 system/core/engine/select_register_5[0]
CTOF_DEL    ---     0.495       R8C7A.A1 to       R8C7A.F1 SLICE_40
ROUTE        12     1.591       R8C7A.F1 to       R5C9B.B0 io_address[13]
CTOF_DEL    ---     0.495       R5C9B.B0 to       R5C9B.F0 system/sequential.memory/SLICE_359
ROUTE        26     1.075       R5C9B.F0 to      R5C11A.B1 system/io_page
CTOF_DEL    ---     0.495      R5C11A.B1 to      R5C11A.F1 system/SLICE_64
ROUTE         4     1.110      R5C11A.F1 to      R4C13B.C0 system/rdata[13]
CTOF_DEL    ---     0.495      R4C13B.C0 to      R4C13B.F0 system/core/SLICE_490
ROUTE         5     0.445      R4C13B.F0 to      R4C13B.C1 system/core/dispatch_ir[13]
CTOF_DEL    ---     0.495      R4C13B.C1 to      R4C13B.F1 system/core/SLICE_490
ROUTE        14     0.453      R4C13B.F1 to      R4C13A.C1 system/core/decode/iot_3
CTOF_DEL    ---     0.495      R4C13A.C1 to      R4C13A.F1 SLICE_625
ROUTE         2     1.705      R4C13A.F1 to      R5C11C.A1 system/core/decode/spl_8
CTOF_DEL    ---     0.495      R5C11C.A1 to      R5C11C.F1 system/core/SLICE_395
ROUTE         8     2.006      R5C11C.F1 to      R7C13C.A0 system/core/spl
CTOF_DEL    ---     0.495      R7C13C.A0 to      R7C13C.F0 SLICE_611
ROUTE         1     1.925      R7C13C.F0 to      R9C12B.A1 system/core/decode/entry_1_6[3]
CTOF_DEL    ---     0.495      R9C12B.A1 to      R9C12B.F1 SLICE_509
ROUTE         1     0.958      R9C12B.F1 to      R9C10D.D1 system/core/decode/entry_1_9[3]
CTOF_DEL    ---     0.495      R9C10D.D1 to      R9C10D.F1 system/core/SLICE_388
ROUTE         1     0.626      R9C10D.F1 to      R9C10D.D0 system/core/dispatch_address[3]
CTOF_DEL    ---     0.495      R9C10D.D0 to      R9C10D.F0 system/core/SLICE_388
ROUTE         1     2.013      R9C10D.F0 to       R5C7B.A0 system/core/engine/seq/next_address_1_iv_2[3]
CTOF_DEL    ---     0.495       R5C7B.A0 to       R5C7B.F0 system/core/engine/seq/SLICE_371
ROUTE         1     0.626       R5C7B.F0 to       R5C7D.D1 system/core/engine/seq/next_address_1_iv_5[3]
CTOF_DEL    ---     0.495       R5C7D.D1 to       R5C7D.F1 system/core/engine/seq/SLICE_255
ROUTE         5     1.630       R5C7D.F1 to  EBR_R6C1.ADA6 system/core/engine/next_address[3] (to clk_c)
                  --------
                   32.120   (38.6% logic, 61.4% route), 16 logic levels.

 Clock Skew Details: 

      Source Clock Path clk to system/core/engine/rom/lane_2:

   Name    Fanout   Delay (ns)          Site               Resource
ROUTE       248     2.351       13.PADDI to  EBR_R6C4.CLKA clk_c
                  --------
                    2.351   (0.0% logic, 100.0% route), 0 logic levels.

      Destination Clock Path clk to system/core/engine/rom/lane_0:

   Name    Fanout   Delay (ns)          Site               Resource
ROUTE       248     2.351       13.PADDI to  EBR_R6C1.CLKA clk_c
                  --------
                    2.351   (0.0% logic, 100.0% route), 0 logic levels.


Passed: The following path meets requirements by 1.752ns

 Logical Details:  Cell type  Pin type       Cell/ASIC name  (clock net +/-)

   Source:         DP8KC      Port           system/core/engine/rom/lane_2(ASIC)  (from clk_c +)
   Destination:    FF         Data in        system/sequential.memory/redirected  (to clk_c +)

   Delay:              31.738ns  (46.3% logic, 53.7% route), 19 logic levels.

 Constraint Details:

     31.738ns physical path delay system/core/engine/rom/lane_2 to system/SLICE_212 meets
     33.829ns delay constraint less
      0.173ns skew and
      0.166ns DIN_SET requirement (totaling 33.490ns) by 1.752ns

 Physical Path Details:

      Data path system/core/engine/rom/lane_2 to system/SLICE_212:

   Name    Fanout   Delay (ns)          Site               Resource
C2Q_DEL     ---     4.979  EBR_R6C4.CLKA to  EBR_R6C4.DOA8 system/core/engine/rom/lane_2 (from clk_c)
ROUTE         7     1.667  EBR_R6C4.DOA8 to       R8C7D.D1 uword[26]
CTOF_DEL    ---     0.495       R8C7D.D1 to       R8C7D.F1 system/core/engine/SLICE_496
ROUTE         1     0.436       R8C7D.F1 to       R8C7D.C0 system/core/engine/un6_select_register[1]
CTOF_DEL    ---     0.495       R8C7D.C0 to       R8C7D.F0 system/core/engine/SLICE_496
ROUTE        18     1.050       R8C7D.F0 to       R8C8C.B0 system/core/engine/un9_d_axb1
CTOF_DEL    ---     0.495       R8C8C.B0 to       R8C8C.F0 system/core/engine/SLICE_494
ROUTE         1     0.436       R8C8C.F0 to       R8C8C.C1 system/core/engine/un7_d
CTOF_DEL    ---     0.495       R8C8C.C1 to       R8C8C.F1 system/core/engine/SLICE_494
ROUTE         4     1.696       R8C8C.F1 to      R3C14C.D0 system/core/engine/d_sn_N_5
CTOOFX_DEL  ---     0.721      R3C14C.D0 to    R3C14C.OFX0 system/core/engine/d[1]/SLICE_288
ROUTE         2     0.965    R3C14C.OFX0 to      R3C16D.D1 system/core/engine/d[1]
CTOF_DEL    ---     0.495      R3C16D.D1 to      R3C16D.F1 system/core/engine/dp/SLICE_451
ROUTE         3     2.272      R3C16D.F1 to      R2C18B.B0 system/core/engine/dp/rhs[1]
C0TOFCO_DE  ---     1.023      R2C18B.B0 to     R2C18B.FCO system/core/engine/dp/alu/SLICE_31
ROUTE         1     0.000     R2C18B.FCO to     R2C18C.FCI system/core/engine/dp/alu/un1_arithmetic_b_cry_2
FCITOFCO_D  ---     0.162     R2C18C.FCI to     R2C18C.FCO system/core/engine/dp/alu/SLICE_30
ROUTE         1     0.000     R2C18C.FCO to     R2C18D.FCI system/core/engine/dp/alu/un1_arithmetic_b_cry_4
FCITOFCO_D  ---     0.162     R2C18D.FCI to     R2C18D.FCO system/core/engine/dp/alu/SLICE_29
ROUTE         1     0.000     R2C18D.FCO to     R2C19A.FCI system/core/engine/dp/alu/un1_arithmetic_b_cry_6
FCITOF0_DE  ---     0.585     R2C19A.FCI to      R2C19A.F0 system/core/engine/dp/alu/SLICE_28
ROUTE         3     0.783      R2C19A.F0 to      R2C17A.C0 system/core/engine/dp/alu/un1_arithmetic_b_cry_7_0_S0
CTOOFX_DEL  ---     0.721      R2C17A.C0 to    R2C17A.OFX0 system/core/engine/dp/alu/result_12[7]/SLICE_273
ROUTE         2     1.490    R2C17A.OFX0 to      R8C17C.D1 system/core/engine/dp/N_202
CTOF_DEL    ---     0.495      R8C17C.D1 to      R8C17C.F1 system/core/engine/SLICE_164
ROUTE         7     1.104      R8C17C.F1 to     R10C18C.C0 system/core/engine/result[7]
CTOF_DEL    ---     0.495     R10C18C.C0 to     R10C18C.F0 system/core/engine/dp/SLICE_462
ROUTE         8     0.761     R10C18C.F0 to      R9C18D.C1 system/core/engine/dp/un1_result[0]
CTOF_DEL    ---     0.495      R9C18D.C1 to      R9C18D.F1 system/core/engine/dp/SLICE_461
ROUTE         1     0.436      R9C18D.F1 to      R9C18D.C0 system/core/engine/dp/ordinary_writeback_0[15]
CTOF_DEL    ---     0.495      R9C18D.C0 to      R9C18D.F0 system/core/engine/dp/SLICE_461
ROUTE         1     0.623      R9C18D.F0 to      R8C18A.D1 system/core/engine/dp/un19_writeback[15]
CTOF_DEL    ---     0.495      R8C18A.D1 to      R8C18A.F1 SLICE_84
ROUTE         4     2.253      R8C18A.F1 to       R9C9A.A0 rf_data[15]
CTOF1_DEL   ---     0.889       R9C9A.A0 to       R9C9A.F1 system/sequential.memory/SLICE_6
ROUTE         1     1.079       R9C9A.F1 to       R7C8C.C0 system/sequential.memory/un1_pc_data_0_data_tmp[7]
CTOF_DEL    ---     0.495       R7C8C.C0 to       R7C8C.F0 system/SLICE_212
ROUTE         1     0.000       R7C8C.F0 to      R7C8C.DI0 system/sequential.memory/redirect (to clk_c)
                  --------
                   31.738   (46.3% logic, 53.7% route), 19 logic levels.

 Clock Skew Details: 

      Source Clock Path clk to system/core/engine/rom/lane_2:

   Name    Fanout   Delay (ns)          Site               Resource
ROUTE       248     2.351       13.PADDI to  EBR_R6C4.CLKA clk_c
                  --------
                    2.351   (0.0% logic, 100.0% route), 0 logic levels.

      Destination Clock Path clk to system/SLICE_212:

   Name    Fanout   Delay (ns)          Site               Resource
ROUTE       248     2.178       13.PADDI to      R7C8C.CLK clk_c
                  --------
                    2.178   (0.0% logic, 100.0% route), 0 logic levels.


Passed: The following path meets requirements by 1.756ns

 Logical Details:  Cell type  Pin type       Cell/ASIC name  (clock net +/-)

   Source:         DP8KC      Port           system/core/engine/rom/lane_2(ASIC)  (from clk_c +)
   Destination:    DP8KC      Port           system/core/engine/rom/lane_1(ASIC)  (to clk_c +)

   Delay:              32.099ns  (38.6% logic, 61.4% route), 16 logic levels.

 Constraint Details:

     32.099ns physical path delay system/core/engine/rom/lane_2 to system/core/engine/rom/lane_1 meets
     33.829ns delay constraint less
      0.000ns skew and
     -0.026ns ADDR_SET requirement (totaling 33.855ns) by 1.756ns

 Physical Path Details:

      Data path system/core/engine/rom/lane_2 to system/core/engine/rom/lane_1:

   Name    Fanout   Delay (ns)          Site               Resource
C2Q_DEL     ---     4.979  EBR_R6C4.CLKA to  EBR_R6C4.DOA8 system/core/engine/rom/lane_2 (from clk_c)
ROUTE         7     1.530  EBR_R6C4.DOA8 to       R8C8B.C1 uword[26]
CTOF_DEL    ---     0.495       R8C8B.C1 to       R8C8B.F1 system/core/engine/SLICE_495
ROUTE         1     0.436       R8C8B.F1 to       R8C8B.C0 system/core/engine/un6_select_register[2]
CTOF_DEL    ---     0.495       R8C8B.C0 to       R8C8B.F0 system/core/engine/SLICE_495
ROUTE        18     1.236       R8C8B.F0 to       R8C7B.C0 system/core/engine/un9_d_axb2
CTOF_DEL    ---     0.495       R8C7B.C0 to       R8C7B.F0 SLICE_41
ROUTE        12     1.835       R8C7B.F0 to       R5C9B.C0 io_address[14]
CTOF_DEL    ---     0.495       R5C9B.C0 to       R5C9B.F0 system/sequential.memory/SLICE_359
ROUTE        26     1.139       R5C9B.F0 to      R4C11C.C1 system/io_page
CTOF_DEL    ---     0.495      R4C11C.C1 to      R4C11C.F1 system/SLICE_62
ROUTE         4     0.651      R4C11C.F1 to      R4C11B.D0 system/rdata[9]
CTOF_DEL    ---     0.495      R4C11B.D0 to      R4C11B.F0 system/core/SLICE_485
ROUTE        12     0.453      R4C11B.F0 to      R4C11B.C1 system/core/dispatch_ir[9]
CTOF_DEL    ---     0.495      R4C11B.C1 to      R4C11B.F1 system/core/SLICE_485
ROUTE         7     0.994      R4C11B.F1 to      R4C13A.D1 system/core/decode/rr_1
CTOF_DEL    ---     0.495      R4C13A.D1 to      R4C13A.F1 SLICE_625
ROUTE         2     1.705      R4C13A.F1 to      R5C11C.A1 system/core/decode/spl_8
CTOF_DEL    ---     0.495      R5C11C.A1 to      R5C11C.F1 system/core/SLICE_395
ROUTE         8     2.006      R5C11C.F1 to      R7C13C.A0 system/core/spl
CTOF_DEL    ---     0.495      R7C13C.A0 to      R7C13C.F0 SLICE_611
ROUTE         1     1.925      R7C13C.F0 to      R9C12B.A1 system/core/decode/entry_1_6[3]
CTOF_DEL    ---     0.495      R9C12B.A1 to      R9C12B.F1 SLICE_509
ROUTE         1     0.958      R9C12B.F1 to      R9C10D.D1 system/core/decode/entry_1_9[3]
CTOF_DEL    ---     0.495      R9C10D.D1 to      R9C10D.F1 system/core/SLICE_388
ROUTE         1     0.626      R9C10D.F1 to      R9C10D.D0 system/core/dispatch_address[3]
CTOF_DEL    ---     0.495      R9C10D.D0 to      R9C10D.F0 system/core/SLICE_388
ROUTE         1     2.013      R9C10D.F0 to       R5C7B.A0 system/core/engine/seq/next_address_1_iv_2[3]
CTOF_DEL    ---     0.495       R5C7B.A0 to       R5C7B.F0 system/core/engine/seq/SLICE_371
ROUTE         1     0.626       R5C7B.F0 to       R5C7D.D1 system/core/engine/seq/next_address_1_iv_5[3]
CTOF_DEL    ---     0.495       R5C7D.D1 to       R5C7D.F1 system/core/engine/seq/SLICE_255
ROUTE         5     1.562       R5C7D.F1 to EBR_R6C10.ADA6 system/core/engine/next_address[3] (to clk_c)
                  --------
                   32.099   (38.6% logic, 61.4% route), 16 logic levels.

 Clock Skew Details: 

      Source Clock Path clk to system/core/engine/rom/lane_2:

   Name    Fanout   Delay (ns)          Site               Resource
ROUTE       248     2.351       13.PADDI to  EBR_R6C4.CLKA clk_c
                  --------
                    2.351   (0.0% logic, 100.0% route), 0 logic levels.

      Destination Clock Path clk to system/core/engine/rom/lane_1:

   Name    Fanout   Delay (ns)          Site               Resource
ROUTE       248     2.351       13.PADDI to EBR_R6C10.CLKA clk_c
                  --------
                    2.351   (0.0% logic, 100.0% route), 0 logic levels.


Passed: The following path meets requirements by 1.757ns

 Logical Details:  Cell type  Pin type       Cell/ASIC name  (clock net +/-)

   Source:         DP8KC      Port           system/core/engine/rom/lane_2(ASIC)  (from clk_c +)
   Destination:    FF         Data in        system/sequential.memory/redirected  (to clk_c +)

   Delay:              31.733ns  (44.0% logic, 56.0% route), 18 logic levels.

 Constraint Details:

     31.733ns physical path delay system/core/engine/rom/lane_2 to system/SLICE_212 meets
     33.829ns delay constraint less
      0.173ns skew and
      0.166ns DIN_SET requirement (totaling 33.490ns) by 1.757ns

 Physical Path Details:

      Data path system/core/engine/rom/lane_2 to system/SLICE_212:

   Name    Fanout   Delay (ns)          Site               Resource
C2Q_DEL     ---     4.979  EBR_R6C4.CLKA to  EBR_R6C4.DOA8 system/core/engine/rom/lane_2 (from clk_c)
ROUTE         7     1.687  EBR_R6C4.DOA8 to       R8C8D.D1 uword[26]
CTOF_DEL    ---     0.495       R8C8D.D1 to       R8C8D.F1 system/core/engine/SLICE_320
ROUTE         1     0.436       R8C8D.F1 to       R8C8D.C0 system/core/engine/un6_select_register[0]
CTOF_DEL    ---     0.495       R8C8D.C0 to       R8C8D.F0 system/core/engine/SLICE_320
ROUTE        16     1.357       R8C8D.F0 to       R8C6A.A1 system/core/engine/select_register_5[0]
CTOF_DEL    ---     0.495       R8C6A.A1 to       R8C6A.F1 SLICE_37
ROUTE         8     2.333       R8C6A.F1 to      R5C16B.C0 io_address[1]
CTOF_DEL    ---     0.495      R5C16B.C0 to      R5C16B.F0 system/core/engine/dp/SLICE_476
ROUTE         1     0.986      R5C16B.F0 to      R3C16D.A1 system/core/engine/dp/rhs_0[1]
CTOF_DEL    ---     0.495      R3C16D.A1 to      R3C16D.F1 system/core/engine/dp/SLICE_451
ROUTE         3     2.272      R3C16D.F1 to      R2C18B.B0 system/core/engine/dp/rhs[1]
C0TOFCO_DE  ---     1.023      R2C18B.B0 to     R2C18B.FCO system/core/engine/dp/alu/SLICE_31
ROUTE         1     0.000     R2C18B.FCO to     R2C18C.FCI system/core/engine/dp/alu/un1_arithmetic_b_cry_2
FCITOFCO_D  ---     0.162     R2C18C.FCI to     R2C18C.FCO system/core/engine/dp/alu/SLICE_30
ROUTE         1     0.000     R2C18C.FCO to     R2C18D.FCI system/core/engine/dp/alu/un1_arithmetic_b_cry_4
FCITOFCO_D  ---     0.162     R2C18D.FCI to     R2C18D.FCO system/core/engine/dp/alu/SLICE_29
ROUTE         1     0.000     R2C18D.FCO to     R2C19A.FCI system/core/engine/dp/alu/un1_arithmetic_b_cry_6
FCITOF0_DE  ---     0.585     R2C19A.FCI to      R2C19A.F0 system/core/engine/dp/alu/SLICE_28
ROUTE         3     0.640      R2C19A.F0 to      R3C19A.D1 system/core/engine/dp/alu/un1_arithmetic_b_cry_7_0_S0
CTOOFX_DEL  ---     0.721      R3C19A.D1 to    R3C19A.OFX0 system/core/engine/dp/alu/result_6_0[7]/SLICE_275
ROUTE         2     1.800    R3C19A.OFX0 to      R8C17C.C1 system/core/engine/dp/N_106
CTOF_DEL    ---     0.495      R8C17C.C1 to      R8C17C.F1 system/core/engine/SLICE_164
ROUTE         7     1.104      R8C17C.F1 to     R10C18C.C0 system/core/engine/result[7]
CTOF_DEL    ---     0.495     R10C18C.C0 to     R10C18C.F0 system/core/engine/dp/SLICE_462
ROUTE         8     0.761     R10C18C.F0 to      R9C18D.C1 system/core/engine/dp/un1_result[0]
CTOF_DEL    ---     0.495      R9C18D.C1 to      R9C18D.F1 system/core/engine/dp/SLICE_461
ROUTE         1     0.436      R9C18D.F1 to      R9C18D.C0 system/core/engine/dp/ordinary_writeback_0[15]
CTOF_DEL    ---     0.495      R9C18D.C0 to      R9C18D.F0 system/core/engine/dp/SLICE_461
ROUTE         1     0.623      R9C18D.F0 to      R8C18A.D1 system/core/engine/dp/un19_writeback[15]
CTOF_DEL    ---     0.495      R8C18A.D1 to      R8C18A.F1 SLICE_84
ROUTE         4     2.253      R8C18A.F1 to       R9C9A.A0 rf_data[15]
CTOF1_DEL   ---     0.889       R9C9A.A0 to       R9C9A.F1 system/sequential.memory/SLICE_6
ROUTE         1     1.079       R9C9A.F1 to       R7C8C.C0 system/sequential.memory/un1_pc_data_0_data_tmp[7]
CTOF_DEL    ---     0.495       R7C8C.C0 to       R7C8C.F0 system/SLICE_212
ROUTE         1     0.000       R7C8C.F0 to      R7C8C.DI0 system/sequential.memory/redirect (to clk_c)
                  --------
                   31.733   (44.0% logic, 56.0% route), 18 logic levels.

 Clock Skew Details: 

      Source Clock Path clk to system/core/engine/rom/lane_2:

   Name    Fanout   Delay (ns)          Site               Resource
ROUTE       248     2.351       13.PADDI to  EBR_R6C4.CLKA clk_c
                  --------
                    2.351   (0.0% logic, 100.0% route), 0 logic levels.

      Destination Clock Path clk to system/SLICE_212:

   Name    Fanout   Delay (ns)          Site               Resource
ROUTE       248     2.178       13.PADDI to      R7C8C.CLK clk_c
                  --------
                    2.178   (0.0% logic, 100.0% route), 0 logic levels.


Passed: The following path meets requirements by 1.759ns

 Logical Details:  Cell type  Pin type       Cell/ASIC name  (clock net +/-)

   Source:         DP8KC      Port           system/core/engine/rom/lane_2(ASIC)  (from clk_c +)
   Destination:    DP8KC      Port           system/core/engine/rom/lane_1(ASIC)  (to clk_c +)

   Delay:              32.096ns  (38.6% logic, 61.4% route), 16 logic levels.

 Constraint Details:

     32.096ns physical path delay system/core/engine/rom/lane_2 to system/core/engine/rom/lane_1 meets
     33.829ns delay constraint less
      0.000ns skew and
     -0.026ns ADDR_SET requirement (totaling 33.855ns) by 1.759ns

 Physical Path Details:

      Data path system/core/engine/rom/lane_2 to system/core/engine/rom/lane_1:

   Name    Fanout   Delay (ns)          Site               Resource
C2Q_DEL     ---     4.979  EBR_R6C4.CLKA to  EBR_R6C4.DOA8 system/core/engine/rom/lane_2 (from clk_c)
ROUTE         7     1.667  EBR_R6C4.DOA8 to       R8C7D.D1 uword[26]
CTOF_DEL    ---     0.495       R8C7D.D1 to       R8C7D.F1 system/core/engine/SLICE_496
ROUTE         1     0.436       R8C7D.F1 to       R8C7D.C0 system/core/engine/un6_select_register[1]
CTOF_DEL    ---     0.495       R8C7D.C0 to       R8C7D.F0 system/core/engine/SLICE_496
ROUTE        18     1.096       R8C7D.F0 to       R8C7B.B0 system/core/engine/un9_d_axb1
CTOF_DEL    ---     0.495       R8C7B.B0 to       R8C7B.F0 SLICE_41
ROUTE        12     1.835       R8C7B.F0 to       R5C9B.C0 io_address[14]
CTOF_DEL    ---     0.495       R5C9B.C0 to       R5C9B.F0 system/sequential.memory/SLICE_359
ROUTE        26     1.139       R5C9B.F0 to      R4C11C.C1 system/io_page
CTOF_DEL    ---     0.495      R4C11C.C1 to      R4C11C.F1 system/SLICE_62
ROUTE         4     0.651      R4C11C.F1 to      R4C11B.D0 system/rdata[9]
CTOF_DEL    ---     0.495      R4C11B.D0 to      R4C11B.F0 system/core/SLICE_485
ROUTE        12     0.453      R4C11B.F0 to      R4C11B.C1 system/core/dispatch_ir[9]
CTOF_DEL    ---     0.495      R4C11B.C1 to      R4C11B.F1 system/core/SLICE_485
ROUTE         7     0.994      R4C11B.F1 to      R4C13A.D1 system/core/decode/rr_1
CTOF_DEL    ---     0.495      R4C13A.D1 to      R4C13A.F1 SLICE_625
ROUTE         2     1.705      R4C13A.F1 to      R5C11C.A1 system/core/decode/spl_8
CTOF_DEL    ---     0.495      R5C11C.A1 to      R5C11C.F1 system/core/SLICE_395
ROUTE         8     2.006      R5C11C.F1 to      R7C13C.A0 system/core/spl
CTOF_DEL    ---     0.495      R7C13C.A0 to      R7C13C.F0 SLICE_611
ROUTE         1     1.925      R7C13C.F0 to      R9C12B.A1 system/core/decode/entry_1_6[3]
CTOF_DEL    ---     0.495      R9C12B.A1 to      R9C12B.F1 SLICE_509
ROUTE         1     0.958      R9C12B.F1 to      R9C10D.D1 system/core/decode/entry_1_9[3]
CTOF_DEL    ---     0.495      R9C10D.D1 to      R9C10D.F1 system/core/SLICE_388
ROUTE         1     0.626      R9C10D.F1 to      R9C10D.D0 system/core/dispatch_address[3]
CTOF_DEL    ---     0.495      R9C10D.D0 to      R9C10D.F0 system/core/SLICE_388
ROUTE         1     2.013      R9C10D.F0 to       R5C7B.A0 system/core/engine/seq/next_address_1_iv_2[3]
CTOF_DEL    ---     0.495       R5C7B.A0 to       R5C7B.F0 system/core/engine/seq/SLICE_371
ROUTE         1     0.626       R5C7B.F0 to       R5C7D.D1 system/core/engine/seq/next_address_1_iv_5[3]
CTOF_DEL    ---     0.495       R5C7D.D1 to       R5C7D.F1 system/core/engine/seq/SLICE_255
ROUTE         5     1.562       R5C7D.F1 to EBR_R6C10.ADA6 system/core/engine/next_address[3] (to clk_c)
                  --------
                   32.096   (38.6% logic, 61.4% route), 16 logic levels.

 Clock Skew Details: 

      Source Clock Path clk to system/core/engine/rom/lane_2:

   Name    Fanout   Delay (ns)          Site               Resource
ROUTE       248     2.351       13.PADDI to  EBR_R6C4.CLKA clk_c
                  --------
                    2.351   (0.0% logic, 100.0% route), 0 logic levels.

      Destination Clock Path clk to system/core/engine/rom/lane_1:

   Name    Fanout   Delay (ns)          Site               Resource
ROUTE       248     2.351       13.PADDI to EBR_R6C10.CLKA clk_c
                  --------
                    2.351   (0.0% logic, 100.0% route), 0 logic levels.

Report:   31.010MHz is the maximum frequency for this preference.


================================================================================
Preference: Unconstrained: CLOCK_DOMAIN
            0 unconstrained paths found
--------------------------------------------------------------------------------


================================================================================
Preference: Unconstrained: INPUT_SETUP
            336 unconstrained paths found
--------------------------------------------------------------------------------

Unconstrained Preference:
   INPUT_SETUP PORT "reset" CLKPORT "clk" 

Report:   21.728ns delay reset to system/core/engine/rom/lane_0 (21.754ns delay and -0.026ns setup)

   Name    Fanout   Delay (ns)          Site               Resource
PADI_DEL    ---     1.132          4.PAD to        4.PADDI reset
ROUTE       252     4.752        4.PADDI to       R3C4D.C1 reset_c
CTOF_DEL    ---     0.495       R3C4D.C1 to       R3C4D.F1 system/core/engine/seq/SLICE_410
ROUTE         2     1.019       R3C4D.F1 to       R3C4A.B0 system/core/engine/seq/next_address_7_sqmuxa_5_fc
CTOF_DEL    ---     0.495       R3C4A.B0 to       R3C4A.F0 system/core/engine/SLICE_409
ROUTE         3     2.591       R3C4A.F0 to       R3C9D.B0 system/core/engine/seq/next_address_9_sqmuxa_fc
CTOF_DEL    ---     0.495       R3C9D.B0 to       R3C9D.F0 system/core/engine/seq/SLICE_408
ROUTE         2     0.445       R3C9D.F0 to       R3C9C.C1 system/core/engine/seq/N_51_1_fc
CTOF_DEL    ---     0.495       R3C9C.C1 to       R3C9C.F1 system/core/engine/seq/SLICE_387
ROUTE         7     1.536       R3C9C.F1 to       R5C9A.A0 system/core/engine/seq/N_53
CTOF_DEL    ---     0.495       R5C9A.A0 to       R5C9A.F0 system/core/engine/seq/SLICE_560
ROUTE         1     2.050       R5C9A.F0 to      R9C10D.B0 system/core/engine/seq/next_address_1_iv_0[3]
CTOF_DEL    ---     0.495      R9C10D.B0 to      R9C10D.F0 system/core/SLICE_388
ROUTE         1     2.013      R9C10D.F0 to       R5C7B.A0 system/core/engine/seq/next_address_1_iv_2[3]
CTOF_DEL    ---     0.495       R5C7B.A0 to       R5C7B.F0 system/core/engine/seq/SLICE_371
ROUTE         1     0.626       R5C7B.F0 to       R5C7D.D1 system/core/engine/seq/next_address_1_iv_5[3]
CTOF_DEL    ---     0.495       R5C7D.D1 to       R5C7D.F1 system/core/engine/seq/SLICE_255
ROUTE         5     1.630       R5C7D.F1 to  EBR_R6C1.ADA6 system/core/engine/next_address[3] (to clk_c)
                  --------
                   21.754   (23.4% logic, 76.6% route), 9 logic levels.

Unconstrained Preference:
   INPUT_SETUP PORT "reset" CLKPORT "clk" 

Report:   21.660ns delay reset to system/core/engine/rom/lane_1 (21.686ns delay and -0.026ns setup)

   Name    Fanout   Delay (ns)          Site               Resource
PADI_DEL    ---     1.132          4.PAD to        4.PADDI reset
ROUTE       252     4.752        4.PADDI to       R3C4D.C1 reset_c
CTOF_DEL    ---     0.495       R3C4D.C1 to       R3C4D.F1 system/core/engine/seq/SLICE_410
ROUTE         2     1.019       R3C4D.F1 to       R3C4A.B0 system/core/engine/seq/next_address_7_sqmuxa_5_fc
CTOF_DEL    ---     0.495       R3C4A.B0 to       R3C4A.F0 system/core/engine/SLICE_409
ROUTE         3     2.591       R3C4A.F0 to       R3C9D.B0 system/core/engine/seq/next_address_9_sqmuxa_fc
CTOF_DEL    ---     0.495       R3C9D.B0 to       R3C9D.F0 system/core/engine/seq/SLICE_408
ROUTE         2     0.445       R3C9D.F0 to       R3C9C.C1 system/core/engine/seq/N_51_1_fc
CTOF_DEL    ---     0.495       R3C9C.C1 to       R3C9C.F1 system/core/engine/seq/SLICE_387
ROUTE         7     1.536       R3C9C.F1 to       R5C9A.A0 system/core/engine/seq/N_53
CTOF_DEL    ---     0.495       R5C9A.A0 to       R5C9A.F0 system/core/engine/seq/SLICE_560
ROUTE         1     2.050       R5C9A.F0 to      R9C10D.B0 system/core/engine/seq/next_address_1_iv_0[3]
CTOF_DEL    ---     0.495      R9C10D.B0 to      R9C10D.F0 system/core/SLICE_388
ROUTE         1     2.013      R9C10D.F0 to       R5C7B.A0 system/core/engine/seq/next_address_1_iv_2[3]
CTOF_DEL    ---     0.495       R5C7B.A0 to       R5C7B.F0 system/core/engine/seq/SLICE_371
ROUTE         1     0.626       R5C7B.F0 to       R5C7D.D1 system/core/engine/seq/next_address_1_iv_5[3]
CTOF_DEL    ---     0.495       R5C7D.D1 to       R5C7D.F1 system/core/engine/seq/SLICE_255
ROUTE         5     1.562       R5C7D.F1 to EBR_R6C10.ADA6 system/core/engine/next_address[3] (to clk_c)
                  --------
                   21.686   (23.5% logic, 76.5% route), 9 logic levels.

Unconstrained Preference:
   INPUT_SETUP PORT "reset" CLKPORT "clk" 

Report:   21.391ns delay reset to system/core/engine/rom/lane_2 (21.417ns delay and -0.026ns setup)

   Name    Fanout   Delay (ns)          Site               Resource
PADI_DEL    ---     1.132          4.PAD to        4.PADDI reset
ROUTE       252     4.752        4.PADDI to       R3C4D.C1 reset_c
CTOF_DEL    ---     0.495       R3C4D.C1 to       R3C4D.F1 system/core/engine/seq/SLICE_410
ROUTE         2     1.019       R3C4D.F1 to       R3C4A.B0 system/core/engine/seq/next_address_7_sqmuxa_5_fc
CTOF_DEL    ---     0.495       R3C4A.B0 to       R3C4A.F0 system/core/engine/SLICE_409
ROUTE         3     2.591       R3C4A.F0 to       R3C9D.B0 system/core/engine/seq/next_address_9_sqmuxa_fc
CTOF_DEL    ---     0.495       R3C9D.B0 to       R3C9D.F0 system/core/engine/seq/SLICE_408
ROUTE         2     0.445       R3C9D.F0 to       R3C9C.C1 system/core/engine/seq/N_51_1_fc
CTOF_DEL    ---     0.495       R3C9C.C1 to       R3C9C.F1 system/core/engine/seq/SLICE_387
ROUTE         7     1.536       R3C9C.F1 to       R5C9A.A0 system/core/engine/seq/N_53
CTOF_DEL    ---     0.495       R5C9A.A0 to       R5C9A.F0 system/core/engine/seq/SLICE_560
ROUTE         1     2.050       R5C9A.F0 to      R9C10D.B0 system/core/engine/seq/next_address_1_iv_0[3]
CTOF_DEL    ---     0.495      R9C10D.B0 to      R9C10D.F0 system/core/SLICE_388
ROUTE         1     2.013      R9C10D.F0 to       R5C7B.A0 system/core/engine/seq/next_address_1_iv_2[3]
CTOF_DEL    ---     0.495       R5C7B.A0 to       R5C7B.F0 system/core/engine/seq/SLICE_371
ROUTE         1     0.626       R5C7B.F0 to       R5C7D.D1 system/core/engine/seq/next_address_1_iv_5[3]
CTOF_DEL    ---     0.495       R5C7D.D1 to       R5C7D.F1 system/core/engine/seq/SLICE_255
ROUTE         5     1.293       R5C7D.F1 to  EBR_R6C4.ADA6 system/core/engine/next_address[3] (to clk_c)
                  --------
                   21.417   (23.8% logic, 76.2% route), 9 logic levels.

Unconstrained Preference:
   INPUT_SETUP PORT "reset" CLKPORT "clk" 

Report:   21.233ns delay reset to system/core/engine/rom/lane_3 (21.259ns delay and -0.026ns setup)

   Name    Fanout   Delay (ns)          Site               Resource
PADI_DEL    ---     1.132          4.PAD to        4.PADDI reset
ROUTE       252     4.752        4.PADDI to       R3C4D.C1 reset_c
CTOF_DEL    ---     0.495       R3C4D.C1 to       R3C4D.F1 system/core/engine/seq/SLICE_410
ROUTE         2     1.019       R3C4D.F1 to       R3C4A.B0 system/core/engine/seq/next_address_7_sqmuxa_5_fc
CTOF_DEL    ---     0.495       R3C4A.B0 to       R3C4A.F0 system/core/engine/SLICE_409
ROUTE         3     2.591       R3C4A.F0 to       R3C9D.B0 system/core/engine/seq/next_address_9_sqmuxa_fc
CTOF_DEL    ---     0.495       R3C9D.B0 to       R3C9D.F0 system/core/engine/seq/SLICE_408
ROUTE         2     0.445       R3C9D.F0 to       R3C9C.C1 system/core/engine/seq/N_51_1_fc
CTOF_DEL    ---     0.495       R3C9C.C1 to       R3C9C.F1 system/core/engine/seq/SLICE_387
ROUTE         7     1.536       R3C9C.F1 to       R5C9A.A0 system/core/engine/seq/N_53
CTOF_DEL    ---     0.495       R5C9A.A0 to       R5C9A.F0 system/core/engine/seq/SLICE_560
ROUTE         1     2.050       R5C9A.F0 to      R9C10D.B0 system/core/engine/seq/next_address_1_iv_0[3]
CTOF_DEL    ---     0.495      R9C10D.B0 to      R9C10D.F0 system/core/SLICE_388
ROUTE         1     2.013      R9C10D.F0 to       R5C7B.A0 system/core/engine/seq/next_address_1_iv_2[3]
CTOF_DEL    ---     0.495       R5C7B.A0 to       R5C7B.F0 system/core/engine/seq/SLICE_371
ROUTE         1     0.626       R5C7B.F0 to       R5C7D.D1 system/core/engine/seq/next_address_1_iv_5[3]
CTOF_DEL    ---     0.495       R5C7D.D1 to       R5C7D.F1 system/core/engine/seq/SLICE_255
ROUTE         5     1.135       R5C7D.F1 to  EBR_R6C7.ADA6 system/core/engine/next_address[3] (to clk_c)
                  --------
                   21.259   (24.0% logic, 76.0% route), 9 logic levels.

Unconstrained Preference:
   INPUT_SETUP PORT "reset" CLKPORT "clk" 

Report:   20.857ns delay reset to system/core/engine/rom/lane_1 (20.883ns delay and -0.026ns setup)

   Name    Fanout   Delay (ns)          Site               Resource
PADI_DEL    ---     1.132          4.PAD to        4.PADDI reset
ROUTE       252     4.752        4.PADDI to       R3C4D.C1 reset_c
CTOF_DEL    ---     0.495       R3C4D.C1 to       R3C4D.F1 system/core/engine/seq/SLICE_410
ROUTE         2     1.019       R3C4D.F1 to       R3C4A.B0 system/core/engine/seq/next_address_7_sqmuxa_5_fc
CTOF_DEL    ---     0.495       R3C4A.B0 to       R3C4A.F0 system/core/engine/SLICE_409
ROUTE         3     2.591       R3C4A.F0 to       R3C9D.B0 system/core/engine/seq/next_address_9_sqmuxa_fc
CTOF_DEL    ---     0.495       R3C9D.B0 to       R3C9D.F0 system/core/engine/seq/SLICE_408
ROUTE         2     0.445       R3C9D.F0 to       R3C9C.C1 system/core/engine/seq/N_51_1_fc
CTOF_DEL    ---     0.495       R3C9C.C1 to       R3C9C.F1 system/core/engine/seq/SLICE_387
ROUTE         7     1.536       R3C9C.F1 to       R5C9A.A1 system/core/engine/seq/N_53
CTOF_DEL    ---     0.495       R5C9A.A1 to       R5C9A.F1 system/core/engine/seq/SLICE_560
ROUTE         1     1.485       R5C9A.F1 to       R7C9D.B0 system/core/engine/seq/next_address_1_iv_0[7]
CTOF_DEL    ---     0.495       R7C9D.B0 to       R7C9D.F0 system/core/SLICE_389
ROUTE         1     1.564       R7C9D.F0 to       R3C7C.D0 system/core/engine/seq/next_address_1_iv_2[7]
CTOF_DEL    ---     0.495       R3C7C.D0 to       R3C7C.F0 system/core/engine/seq/SLICE_372
ROUTE         1     0.623       R3C7C.F0 to       R4C7A.D1 system/core/engine/seq/next_address_1_iv_5[7]
CTOF_DEL    ---     0.495       R4C7A.D1 to       R4C7A.F1 system/core/engine/seq/SLICE_257
ROUTE         5     1.776       R4C7A.F1 to *R_R6C10.ADA10 system/core/engine/next_address[7] (to clk_c)
                  --------
                   20.883   (24.4% logic, 75.6% route), 9 logic levels.

Unconstrained Preference:
   INPUT_SETUP PORT "reset" CLKPORT "clk" 

Report:   20.857ns delay reset to system/core/engine/rom/lane_0 (20.883ns delay and -0.026ns setup)

   Name    Fanout   Delay (ns)          Site               Resource
PADI_DEL    ---     1.132          4.PAD to        4.PADDI reset
ROUTE       252     4.752        4.PADDI to       R3C4D.C1 reset_c
CTOF_DEL    ---     0.495       R3C4D.C1 to       R3C4D.F1 system/core/engine/seq/SLICE_410
ROUTE         2     1.019       R3C4D.F1 to       R3C4A.B0 system/core/engine/seq/next_address_7_sqmuxa_5_fc
CTOF_DEL    ---     0.495       R3C4A.B0 to       R3C4A.F0 system/core/engine/SLICE_409
ROUTE         3     2.591       R3C4A.F0 to       R3C9D.B0 system/core/engine/seq/next_address_9_sqmuxa_fc
CTOF_DEL    ---     0.495       R3C9D.B0 to       R3C9D.F0 system/core/engine/seq/SLICE_408
ROUTE         2     0.445       R3C9D.F0 to       R3C9C.C1 system/core/engine/seq/N_51_1_fc
CTOF_DEL    ---     0.495       R3C9C.C1 to       R3C9C.F1 system/core/engine/seq/SLICE_387
ROUTE         7     1.536       R3C9C.F1 to       R5C9A.A1 system/core/engine/seq/N_53
CTOF_DEL    ---     0.495       R5C9A.A1 to       R5C9A.F1 system/core/engine/seq/SLICE_560
ROUTE         1     1.485       R5C9A.F1 to       R7C9D.B0 system/core/engine/seq/next_address_1_iv_0[7]
CTOF_DEL    ---     0.495       R7C9D.B0 to       R7C9D.F0 system/core/SLICE_389
ROUTE         1     1.564       R7C9D.F0 to       R3C7C.D0 system/core/engine/seq/next_address_1_iv_2[7]
CTOF_DEL    ---     0.495       R3C7C.D0 to       R3C7C.F0 system/core/engine/seq/SLICE_372
ROUTE         1     0.623       R3C7C.F0 to       R4C7A.D1 system/core/engine/seq/next_address_1_iv_5[7]
CTOF_DEL    ---     0.495       R4C7A.D1 to       R4C7A.F1 system/core/engine/seq/SLICE_257
ROUTE         5     1.776       R4C7A.F1 to EBR_R6C1.ADA10 system/core/engine/next_address[7] (to clk_c)
                  --------
                   20.883   (24.4% logic, 75.6% route), 9 logic levels.

Unconstrained Preference:
   INPUT_SETUP PORT "reset" CLKPORT "clk" 

Report:   20.622ns delay reset to system/core/engine/rom/lane_2 (20.648ns delay and -0.026ns setup)

   Name    Fanout   Delay (ns)          Site               Resource
PADI_DEL    ---     1.132          4.PAD to        4.PADDI reset
ROUTE       252     4.752        4.PADDI to       R3C4D.C1 reset_c
CTOF_DEL    ---     0.495       R3C4D.C1 to       R3C4D.F1 system/core/engine/seq/SLICE_410
ROUTE         2     1.019       R3C4D.F1 to       R3C4A.B0 system/core/engine/seq/next_address_7_sqmuxa_5_fc
CTOF_DEL    ---     0.495       R3C4A.B0 to       R3C4A.F0 system/core/engine/SLICE_409
ROUTE         3     2.591       R3C4A.F0 to       R3C9D.B0 system/core/engine/seq/next_address_9_sqmuxa_fc
CTOF_DEL    ---     0.495       R3C9D.B0 to       R3C9D.F0 system/core/engine/seq/SLICE_408
ROUTE         2     0.445       R3C9D.F0 to       R3C9C.C1 system/core/engine/seq/N_51_1_fc
CTOF_DEL    ---     0.495       R3C9C.C1 to       R3C9C.F1 system/core/engine/seq/SLICE_387
ROUTE         7     1.536       R3C9C.F1 to       R5C9A.A1 system/core/engine/seq/N_53
CTOF_DEL    ---     0.495       R5C9A.A1 to       R5C9A.F1 system/core/engine/seq/SLICE_560
ROUTE         1     1.485       R5C9A.F1 to       R7C9D.B0 system/core/engine/seq/next_address_1_iv_0[7]
CTOF_DEL    ---     0.495       R7C9D.B0 to       R7C9D.F0 system/core/SLICE_389
ROUTE         1     1.564       R7C9D.F0 to       R3C7C.D0 system/core/engine/seq/next_address_1_iv_2[7]
CTOF_DEL    ---     0.495       R3C7C.D0 to       R3C7C.F0 system/core/engine/seq/SLICE_372
ROUTE         1     0.623       R3C7C.F0 to       R4C7A.D1 system/core/engine/seq/next_address_1_iv_5[7]
CTOF_DEL    ---     0.495       R4C7A.D1 to       R4C7A.F1 system/core/engine/seq/SLICE_257
ROUTE         5     1.541       R4C7A.F1 to EBR_R6C4.ADA10 system/core/engine/next_address[7] (to clk_c)
                  --------
                   20.648   (24.7% logic, 75.3% route), 9 logic levels.

Unconstrained Preference:
   INPUT_SETUP PORT "reset" CLKPORT "clk" 

Report:   20.307ns delay reset to system/core/engine/seq/SLICE_255 (20.141ns delay and 0.166ns setup)

   Name    Fanout   Delay (ns)          Site               Resource
PADI_DEL    ---     1.132          4.PAD to        4.PADDI reset
ROUTE       252     4.752        4.PADDI to       R3C4D.C1 reset_c
CTOF_DEL    ---     0.495       R3C4D.C1 to       R3C4D.F1 system/core/engine/seq/SLICE_410
ROUTE         2     1.019       R3C4D.F1 to       R3C4A.B0 system/core/engine/seq/next_address_7_sqmuxa_5_fc
CTOF_DEL    ---     0.495       R3C4A.B0 to       R3C4A.F0 system/core/engine/SLICE_409
ROUTE         3     2.591       R3C4A.F0 to       R3C9D.B0 system/core/engine/seq/next_address_9_sqmuxa_fc
CTOF_DEL    ---     0.495       R3C9D.B0 to       R3C9D.F0 system/core/engine/seq/SLICE_408
ROUTE         2     0.445       R3C9D.F0 to       R3C9C.C1 system/core/engine/seq/N_51_1_fc
CTOF_DEL    ---     0.495       R3C9C.C1 to       R3C9C.F1 system/core/engine/seq/SLICE_387
ROUTE         7     1.536       R3C9C.F1 to       R5C9A.A0 system/core/engine/seq/N_53
CTOF_DEL    ---     0.495       R5C9A.A0 to       R5C9A.F0 system/core/engine/seq/SLICE_560
ROUTE         1     2.050       R5C9A.F0 to      R9C10D.B0 system/core/engine/seq/next_address_1_iv_0[3]
CTOF_DEL    ---     0.495      R9C10D.B0 to      R9C10D.F0 system/core/SLICE_388
ROUTE         1     2.013      R9C10D.F0 to       R5C7B.A0 system/core/engine/seq/next_address_1_iv_2[3]
CTOF_DEL    ---     0.495       R5C7B.A0 to       R5C7B.F0 system/core/engine/seq/SLICE_371
ROUTE         1     0.626       R5C7B.F0 to       R5C7D.D1 system/core/engine/seq/next_address_1_iv_5[3]
CTOF_DEL    ---     0.495       R5C7D.D1 to       R5C7D.F1 system/core/engine/seq/SLICE_255
ROUTE         5     0.017       R5C7D.F1 to      R5C7D.DI1 system/core/engine/next_address[3] (to clk_c)
                  --------
                   20.141   (25.3% logic, 74.7% route), 9 logic levels.

Unconstrained Preference:
   INPUT_SETUP PORT "reset" CLKPORT "clk" 

Report:   20.286ns delay reset to system/core/engine/rom/lane_3 (20.312ns delay and -0.026ns setup)

   Name    Fanout   Delay (ns)          Site               Resource
PADI_DEL    ---     1.132          4.PAD to        4.PADDI reset
ROUTE       252     4.752        4.PADDI to       R3C4D.C1 reset_c
CTOF_DEL    ---     0.495       R3C4D.C1 to       R3C4D.F1 system/core/engine/seq/SLICE_410
ROUTE         2     1.019       R3C4D.F1 to       R3C4A.B0 system/core/engine/seq/next_address_7_sqmuxa_5_fc
CTOF_DEL    ---     0.495       R3C4A.B0 to       R3C4A.F0 system/core/engine/SLICE_409
ROUTE         3     2.591       R3C4A.F0 to       R3C9D.B0 system/core/engine/seq/next_address_9_sqmuxa_fc
CTOF_DEL    ---     0.495       R3C9D.B0 to       R3C9D.F0 system/core/engine/seq/SLICE_408
ROUTE         2     0.445       R3C9D.F0 to       R3C9C.C1 system/core/engine/seq/N_51_1_fc
CTOF_DEL    ---     0.495       R3C9C.C1 to       R3C9C.F1 system/core/engine/seq/SLICE_387
ROUTE         7     1.536       R3C9C.F1 to       R5C9A.A1 system/core/engine/seq/N_53
CTOF_DEL    ---     0.495       R5C9A.A1 to       R5C9A.F1 system/core/engine/seq/SLICE_560
ROUTE         1     1.485       R5C9A.F1 to       R7C9D.B0 system/core/engine/seq/next_address_1_iv_0[7]
CTOF_DEL    ---     0.495       R7C9D.B0 to       R7C9D.F0 system/core/SLICE_389
ROUTE         1     1.564       R7C9D.F0 to       R3C7C.D0 system/core/engine/seq/next_address_1_iv_2[7]
CTOF_DEL    ---     0.495       R3C7C.D0 to       R3C7C.F0 system/core/engine/seq/SLICE_372
ROUTE         1     0.623       R3C7C.F0 to       R4C7A.D1 system/core/engine/seq/next_address_1_iv_5[7]
CTOF_DEL    ---     0.495       R4C7A.D1 to       R4C7A.F1 system/core/engine/seq/SLICE_257
ROUTE         5     1.205       R4C7A.F1 to EBR_R6C7.ADA10 system/core/engine/next_address[7] (to clk_c)
                  --------
                   20.312   (25.1% logic, 74.9% route), 9 logic levels.

Unconstrained Preference:
   INPUT_SETUP PORT "reset" CLKPORT "clk" 

Report:   19.533ns delay reset to system/core/engine/rom/lane_3 (19.559ns delay and -0.026ns setup)

   Name    Fanout   Delay (ns)          Site               Resource
PADI_DEL    ---     1.132          4.PAD to        4.PADDI reset
ROUTE       252     4.752        4.PADDI to       R3C4D.C1 reset_c
CTOF_DEL    ---     0.495       R3C4D.C1 to       R3C4D.F1 system/core/engine/seq/SLICE_410
ROUTE         2     1.019       R3C4D.F1 to       R3C4D.B0 system/core/engine/seq/next_address_7_sqmuxa_5_fc
CTOF_DEL    ---     0.495       R3C4D.B0 to       R3C4D.F0 system/core/engine/seq/SLICE_410
ROUTE         4     1.982       R3C4D.F0 to      R4C10C.D1 system/core/engine/seq/next_address_7_sqmuxa_fc
CTOF_DEL    ---     0.495      R4C10C.D1 to      R4C10C.F1 system/core/engine/seq/SLICE_313
ROUTE         1     0.436      R4C10C.F1 to      R4C10C.C0 system/core/engine/seq/next_address_9_m[1]
CTOF_DEL    ---     0.495      R4C10C.C0 to      R4C10C.F0 system/core/engine/seq/SLICE_313
ROUTE         1     0.747      R4C10C.F0 to      R4C10A.C0 system/core/engine/seq/next_address_1_iv_1[1]
CTOF_DEL    ---     0.495      R4C10A.C0 to      R4C10A.F0 system/core/engine/seq/SLICE_406
ROUTE         1     1.978      R4C10A.F0 to       R8C9B.B0 system/core/engine/seq/next_address_1_iv_2[1]
CTOF_DEL    ---     0.495       R8C9B.B0 to       R8C9B.F0 system/core/engine/seq/SLICE_390
ROUTE         1     0.744       R8C9B.F0 to       R8C8A.C0 system/core/engine/seq/next_address_1_iv_5[1]
CTOF_DEL    ---     0.495       R8C8A.C0 to       R8C8A.F0 system/core/engine/seq/SLICE_377
ROUTE         1     0.958       R8C8A.F0 to       R7C6D.D1 system/core/engine/seq/next_address_1_iv_8[1]
CTOF_DEL    ---     0.495       R7C6D.D1 to       R7C6D.F1 system/core/engine/seq/SLICE_254
ROUTE         5     1.851       R7C6D.F1 to  EBR_R6C7.ADA4 system/core/engine/next_address[1] (to clk_c)
                  --------
                   19.559   (26.0% logic, 74.0% route), 9 logic levels.

Unconstrained Preference:
   INPUT_SETUP PORT "reset" CLKPORT "clk" 

Report:   19.533ns delay reset to system/core/engine/rom/lane_1 (19.559ns delay and -0.026ns setup)

   Name    Fanout   Delay (ns)          Site               Resource
PADI_DEL    ---     1.132          4.PAD to        4.PADDI reset
ROUTE       252     4.752        4.PADDI to       R3C4D.C1 reset_c
CTOF_DEL    ---     0.495       R3C4D.C1 to       R3C4D.F1 system/core/engine/seq/SLICE_410
ROUTE         2     1.019       R3C4D.F1 to       R3C4D.B0 system/core/engine/seq/next_address_7_sqmuxa_5_fc
CTOF_DEL    ---     0.495       R3C4D.B0 to       R3C4D.F0 system/core/engine/seq/SLICE_410
ROUTE         4     1.982       R3C4D.F0 to      R4C10C.D1 system/core/engine/seq/next_address_7_sqmuxa_fc
CTOF_DEL    ---     0.495      R4C10C.D1 to      R4C10C.F1 system/core/engine/seq/SLICE_313
ROUTE         1     0.436      R4C10C.F1 to      R4C10C.C0 system/core/engine/seq/next_address_9_m[1]
CTOF_DEL    ---     0.495      R4C10C.C0 to      R4C10C.F0 system/core/engine/seq/SLICE_313
ROUTE         1     0.747      R4C10C.F0 to      R4C10A.C0 system/core/engine/seq/next_address_1_iv_1[1]
CTOF_DEL    ---     0.495      R4C10A.C0 to      R4C10A.F0 system/core/engine/seq/SLICE_406
ROUTE         1     1.978      R4C10A.F0 to       R8C9B.B0 system/core/engine/seq/next_address_1_iv_2[1]
CTOF_DEL    ---     0.495       R8C9B.B0 to       R8C9B.F0 system/core/engine/seq/SLICE_390
ROUTE         1     0.744       R8C9B.F0 to       R8C8A.C0 system/core/engine/seq/next_address_1_iv_5[1]
CTOF_DEL    ---     0.495       R8C8A.C0 to       R8C8A.F0 system/core/engine/seq/SLICE_377
ROUTE         1     0.958       R8C8A.F0 to       R7C6D.D1 system/core/engine/seq/next_address_1_iv_8[1]
CTOF_DEL    ---     0.495       R7C6D.D1 to       R7C6D.F1 system/core/engine/seq/SLICE_254
ROUTE         5     1.851       R7C6D.F1 to EBR_R6C10.ADA4 system/core/engine/next_address[1] (to clk_c)
                  --------
                   19.559   (26.0% logic, 74.0% route), 9 logic levels.

Unconstrained Preference:
   INPUT_SETUP PORT "reset" CLKPORT "clk" 

Report:   19.520ns delay reset to system/core/engine/rom/lane_0 (19.546ns delay and -0.026ns setup)

   Name    Fanout   Delay (ns)          Site               Resource
PADI_DEL    ---     1.132          4.PAD to        4.PADDI reset
ROUTE       252     4.752        4.PADDI to       R3C4D.C1 reset_c
CTOF_DEL    ---     0.495       R3C4D.C1 to       R3C4D.F1 system/core/engine/seq/SLICE_410
ROUTE         2     1.019       R3C4D.F1 to       R3C4A.B0 system/core/engine/seq/next_address_7_sqmuxa_5_fc
CTOF_DEL    ---     0.495       R3C4A.B0 to       R3C4A.F0 system/core/engine/SLICE_409
ROUTE         3     2.591       R3C4A.F0 to       R3C9D.B0 system/core/engine/seq/next_address_9_sqmuxa_fc
CTOF_DEL    ---     0.495       R3C9D.B0 to       R3C9D.F0 system/core/engine/seq/SLICE_408
ROUTE         2     0.445       R3C9D.F0 to       R3C9C.C1 system/core/engine/seq/N_51_1_fc
CTOF_DEL    ---     0.495       R3C9C.C1 to       R3C9C.F1 system/core/engine/seq/SLICE_387
ROUTE         7     1.309       R3C9C.F1 to       R2C9C.C1 system/core/engine/seq/N_53
CTOF_DEL    ---     0.495       R2C9C.C1 to       R2C9C.F1 system/core/engine/seq/SLICE_386
ROUTE         1     1.004       R2C9C.F1 to       R2C9C.B0 system/core/engine/seq/next_address_1_iv_1[4]
CTOF_DEL    ---     0.495       R2C9C.B0 to       R2C9C.F0 system/core/engine/seq/SLICE_386
ROUTE         1     0.744       R2C9C.F0 to       R2C8C.C0 system/core/engine/seq/next_address_1_iv_3[4]
CTOF_DEL    ---     0.495       R2C8C.C0 to       R2C8C.F0 system/core/engine/seq/SLICE_380
ROUTE         1     0.958       R2C8C.F0 to       R5C8D.D0 system/core/engine/seq/next_address_1_iv_5[4]
CTOF_DEL    ---     0.495       R5C8D.D0 to       R5C8D.F0 system/core/engine/seq/SLICE_256
ROUTE         5     1.632       R5C8D.F0 to  EBR_R6C1.ADA7 system/core/engine/next_address_1_iv_i[4] (to clk_c)
                  --------
                   19.546   (26.1% logic, 73.9% route), 9 logic levels.

Unconstrained Preference:
   INPUT_SETUP PORT "reset" CLKPORT "clk" 

Report:   19.520ns delay reset to system/core/engine/rom/lane_2 (19.546ns delay and -0.026ns setup)

   Name    Fanout   Delay (ns)          Site               Resource
PADI_DEL    ---     1.132          4.PAD to        4.PADDI reset
ROUTE       252     4.752        4.PADDI to       R3C4D.C1 reset_c
CTOF_DEL    ---     0.495       R3C4D.C1 to       R3C4D.F1 system/core/engine/seq/SLICE_410
ROUTE         2     1.019       R3C4D.F1 to       R3C4A.B0 system/core/engine/seq/next_address_7_sqmuxa_5_fc
CTOF_DEL    ---     0.495       R3C4A.B0 to       R3C4A.F0 system/core/engine/SLICE_409
ROUTE         3     2.591       R3C4A.F0 to       R3C9D.B0 system/core/engine/seq/next_address_9_sqmuxa_fc
CTOF_DEL    ---     0.495       R3C9D.B0 to       R3C9D.F0 system/core/engine/seq/SLICE_408
ROUTE         2     0.445       R3C9D.F0 to       R3C9C.C1 system/core/engine/seq/N_51_1_fc
CTOF_DEL    ---     0.495       R3C9C.C1 to       R3C9C.F1 system/core/engine/seq/SLICE_387
ROUTE         7     1.309       R3C9C.F1 to       R2C9C.C1 system/core/engine/seq/N_53
CTOF_DEL    ---     0.495       R2C9C.C1 to       R2C9C.F1 system/core/engine/seq/SLICE_386
ROUTE         1     1.004       R2C9C.F1 to       R2C9C.B0 system/core/engine/seq/next_address_1_iv_1[4]
CTOF_DEL    ---     0.495       R2C9C.B0 to       R2C9C.F0 system/core/engine/seq/SLICE_386
ROUTE         1     0.744       R2C9C.F0 to       R2C8C.C0 system/core/engine/seq/next_address_1_iv_3[4]
CTOF_DEL    ---     0.495       R2C8C.C0 to       R2C8C.F0 system/core/engine/seq/SLICE_380
ROUTE         1     0.958       R2C8C.F0 to       R5C8D.D0 system/core/engine/seq/next_address_1_iv_5[4]
CTOF_DEL    ---     0.495       R5C8D.D0 to       R5C8D.F0 system/core/engine/seq/SLICE_256
ROUTE         5     1.632       R5C8D.F0 to  EBR_R6C4.ADA7 system/core/engine/next_address_1_iv_i[4] (to clk_c)
                  --------
                   19.546   (26.1% logic, 73.9% route), 9 logic levels.

Unconstrained Preference:
   INPUT_SETUP PORT "reset" CLKPORT "clk" 

Report:   19.501ns delay reset to system/core/engine/rom/lane_1 (19.527ns delay and -0.026ns setup)

   Name    Fanout   Delay (ns)          Site               Resource
PADI_DEL    ---     1.132          4.PAD to        4.PADDI reset
ROUTE       252     4.752        4.PADDI to       R3C4D.C1 reset_c
CTOF_DEL    ---     0.495       R3C4D.C1 to       R3C4D.F1 system/core/engine/seq/SLICE_410
ROUTE         2     1.019       R3C4D.F1 to       R3C4A.B0 system/core/engine/seq/next_address_7_sqmuxa_5_fc
CTOF_DEL    ---     0.495       R3C4A.B0 to       R3C4A.F0 system/core/engine/SLICE_409
ROUTE         3     2.591       R3C4A.F0 to       R3C9D.B0 system/core/engine/seq/next_address_9_sqmuxa_fc
CTOF_DEL    ---     0.495       R3C9D.B0 to       R3C9D.F0 system/core/engine/seq/SLICE_408
ROUTE         2     0.445       R3C9D.F0 to       R3C9C.C1 system/core/engine/seq/N_51_1_fc
CTOF_DEL    ---     0.495       R3C9C.C1 to       R3C9C.F1 system/core/engine/seq/SLICE_387
ROUTE         7     1.309       R3C9C.F1 to       R2C9C.C1 system/core/engine/seq/N_53
CTOF_DEL    ---     0.495       R2C9C.C1 to       R2C9C.F1 system/core/engine/seq/SLICE_386
ROUTE         1     1.004       R2C9C.F1 to       R2C9C.B0 system/core/engine/seq/next_address_1_iv_1[4]
CTOF_DEL    ---     0.495       R2C9C.B0 to       R2C9C.F0 system/core/engine/seq/SLICE_386
ROUTE         1     0.744       R2C9C.F0 to       R2C8C.C0 system/core/engine/seq/next_address_1_iv_3[4]
CTOF_DEL    ---     0.495       R2C8C.C0 to       R2C8C.F0 system/core/engine/seq/SLICE_380
ROUTE         1     0.958       R2C8C.F0 to       R5C8D.D0 system/core/engine/seq/next_address_1_iv_5[4]
CTOF_DEL    ---     0.495       R5C8D.D0 to       R5C8D.F0 system/core/engine/seq/SLICE_256
ROUTE         5     1.613       R5C8D.F0 to EBR_R6C10.ADA7 system/core/engine/next_address_1_iv_i[4] (to clk_c)
                  --------
                   19.527   (26.1% logic, 73.9% route), 9 logic levels.

Unconstrained Preference:
   INPUT_SETUP PORT "reset" CLKPORT "clk" 

Report:   19.463ns delay reset to system/core/engine/rom/lane_2 (19.489ns delay and -0.026ns setup)

   Name    Fanout   Delay (ns)          Site               Resource
PADI_DEL    ---     1.132          4.PAD to        4.PADDI reset
ROUTE       252     3.714        4.PADDI to       R4C7D.A1 reset_c
CTOF_DEL    ---     0.495       R4C7D.A1 to       R4C7D.F1 system/core/engine/SLICE_316
ROUTE        11     1.215       R4C7D.F1 to       R3C5D.C1 system/requestdup
CTOF_DEL    ---     0.495       R3C5D.C1 to       R3C5D.F1 SLICE_157
ROUTE         2     0.654       R3C5D.F1 to       R3C6A.D1 system/ackdup
CTOF_DEL    ---     0.495       R3C6A.D1 to       R3C6A.F1 system/SLICE_351
ROUTE         9     0.340       R3C6A.F1 to       R3C6B.D1 system/core/engine/retirec_1
CTOOFX_DEL  ---     0.721       R3C6B.D1 to     R3C6B.OFX0 system/core/engine/seq/predicates_pmux_6/SLICE_261
ROUTE         1     0.623     R3C6B.OFX0 to       R4C6A.D0 system/core/engine/seq/N_73
CTOF_DEL    ---     0.495       R4C6A.D0 to       R4C6A.F0 system/core/engine/seq/SLICE_383
ROUTE         2     0.635       R4C6A.F0 to       R4C6D.D0 system/core/engine/seq/condition
CTOF_DEL    ---     0.495       R4C6D.D0 to       R4C6D.F0 system/core/engine/seq/SLICE_378
ROUTE         1     0.958       R4C6D.F0 to       R2C6A.D0 system/core/engine/seq/next_address_0_sqmuxa_3
CTOF_DEL    ---     0.495       R2C6A.D0 to       R2C6A.F0 system/core/engine/seq/SLICE_375
ROUTE         1     0.958       R2C6A.F0 to       R4C6C.D1 system/core/engine/seq/next_address_0_sqmuxa_4
CTOF_DEL    ---     0.495       R4C6C.D1 to       R4C6C.F1 system/core/engine/seq/SLICE_370
ROUTE        10     1.016       R4C6C.F1 to       R4C7B.A1 system/core/engine/seq/next_address_1_sqmuxa_5
CTOF_DEL    ---     0.495       R4C7B.A1 to       R4C7B.F1 system/core/engine/seq/SLICE_596
ROUTE         1     1.001       R4C7B.F1 to       R4C8C.B1 system/core/engine/seq/uword_m[20]
CTOF_DEL    ---     0.495       R4C8C.B1 to       R4C8C.F1 system/core/engine/seq/SLICE_258
ROUTE         5     2.067       R4C8C.F1 to EBR_R6C4.ADA12 system/core/engine/next_address[9] (to clk_c)
                  --------
                   19.489   (32.4% logic, 67.6% route), 11 logic levels.

Unconstrained Preference:
   INPUT_SETUP PORT "reset" CLKPORT "clk" 

Report:   19.401ns delay reset to system/core/engine/rom/lane_1 (19.427ns delay and -0.026ns setup)

   Name    Fanout   Delay (ns)          Site               Resource
PADI_DEL    ---     1.132          4.PAD to        4.PADDI reset
ROUTE       252     3.714        4.PADDI to       R4C7D.A1 reset_c
CTOF_DEL    ---     0.495       R4C7D.A1 to       R4C7D.F1 system/core/engine/SLICE_316
ROUTE        11     1.215       R4C7D.F1 to       R3C5D.C1 system/requestdup
CTOF_DEL    ---     0.495       R3C5D.C1 to       R3C5D.F1 SLICE_157
ROUTE         2     0.654       R3C5D.F1 to       R3C6A.D1 system/ackdup
CTOF_DEL    ---     0.495       R3C6A.D1 to       R3C6A.F1 system/SLICE_351
ROUTE         9     1.204       R3C6A.F1 to       R5C9D.D1 system/core/engine/retirec_1
CTOF_DEL    ---     0.495       R5C9D.D1 to       R5C9D.F1 system/core/engine/SLICE_400
ROUTE         2     0.445       R5C9D.F1 to       R5C9D.C0 system/core/engine/fault_redirectdup
CTOF_DEL    ---     0.495       R5C9D.C0 to       R5C9D.F0 system/core/engine/SLICE_400
ROUTE         9     1.123       R5C9D.F0 to      R5C12A.C0 system/core/engine/seq/next_address_5_sqmuxa
CTOF_DEL    ---     0.495      R5C12A.C0 to      R5C12A.F0 system/core/SLICE_399
ROUTE         1     1.460      R5C12A.F0 to       R5C6C.D0 system/core/engine/seq/dispatch_address_i_m[0]
CTOF_DEL    ---     0.495       R5C6C.D0 to       R5C6C.F0 system/core/engine/seq/SLICE_392
ROUTE         1     0.967       R5C6C.F0 to       R5C6C.A1 system/core/engine/seq/next_address_0_iv_6[0]
CTOF_DEL    ---     0.495       R5C6C.A1 to       R5C6C.F1 system/core/engine/seq/SLICE_392
ROUTE         1     1.022       R5C6C.F1 to       R7C6D.D0 system/core/engine/seq/next_address_0_iv_i_1[0]
CTOF_DEL    ---     0.495       R7C6D.D0 to       R7C6D.F0 system/core/engine/seq/SLICE_254
ROUTE         5     2.036       R7C6D.F0 to EBR_R6C10.ADA3 system/core/engine/next_address_0_iv_i[0] (to clk_c)
                  --------
                   19.427   (28.8% logic, 71.2% route), 10 logic levels.

Unconstrained Preference:
   INPUT_SETUP PORT "reset" CLKPORT "clk" 

Report:   19.365ns delay reset to system/core/engine/rom/lane_0 (19.391ns delay and -0.026ns setup)

   Name    Fanout   Delay (ns)          Site               Resource
PADI_DEL    ---     1.132          4.PAD to        4.PADDI reset
ROUTE       252     3.714        4.PADDI to       R4C7D.A1 reset_c
CTOF_DEL    ---     0.495       R4C7D.A1 to       R4C7D.F1 system/core/engine/SLICE_316
ROUTE        11     1.215       R4C7D.F1 to       R3C5D.C1 system/requestdup
CTOF_DEL    ---     0.495       R3C5D.C1 to       R3C5D.F1 SLICE_157
ROUTE         2     0.654       R3C5D.F1 to       R3C6A.D1 system/ackdup
CTOF_DEL    ---     0.495       R3C6A.D1 to       R3C6A.F1 system/SLICE_351
ROUTE         9     0.340       R3C6A.F1 to       R3C6B.D1 system/core/engine/retirec_1
CTOOFX_DEL  ---     0.721       R3C6B.D1 to     R3C6B.OFX0 system/core/engine/seq/predicates_pmux_6/SLICE_261
ROUTE         1     0.623     R3C6B.OFX0 to       R4C6A.D0 system/core/engine/seq/N_73
CTOF_DEL    ---     0.495       R4C6A.D0 to       R4C6A.F0 system/core/engine/seq/SLICE_383
ROUTE         2     0.635       R4C6A.F0 to       R4C6D.D0 system/core/engine/seq/condition
CTOF_DEL    ---     0.495       R4C6D.D0 to       R4C6D.F0 system/core/engine/seq/SLICE_378
ROUTE         1     0.958       R4C6D.F0 to       R2C6A.D0 system/core/engine/seq/next_address_0_sqmuxa_3
CTOF_DEL    ---     0.495       R2C6A.D0 to       R2C6A.F0 system/core/engine/seq/SLICE_375
ROUTE         1     0.958       R2C6A.F0 to       R4C6C.D1 system/core/engine/seq/next_address_0_sqmuxa_4
CTOF_DEL    ---     0.495       R4C6C.D1 to       R4C6C.F1 system/core/engine/seq/SLICE_370
ROUTE        10     1.016       R4C6C.F1 to       R4C7B.A1 system/core/engine/seq/next_address_1_sqmuxa_5
CTOF_DEL    ---     0.495       R4C7B.A1 to       R4C7B.F1 system/core/engine/seq/SLICE_596
ROUTE         1     1.001       R4C7B.F1 to       R4C8C.B1 system/core/engine/seq/uword_m[20]
CTOF_DEL    ---     0.495       R4C8C.B1 to       R4C8C.F1 system/core/engine/seq/SLICE_258
ROUTE         5     1.969       R4C8C.F1 to EBR_R6C1.ADA12 system/core/engine/next_address[9] (to clk_c)
                  --------
                   19.391   (32.5% logic, 67.5% route), 11 logic levels.

Unconstrained Preference:
   INPUT_SETUP PORT "reset" CLKPORT "clk" 

Report:   19.362ns delay reset to system/core/engine/rom/lane_0 (19.388ns delay and -0.026ns setup)

   Name    Fanout   Delay (ns)          Site               Resource
PADI_DEL    ---     1.132          4.PAD to        4.PADDI reset
ROUTE       252     4.161        4.PADDI to       R3C7D.A1 reset_c
CTOF_DEL    ---     0.495       R3C7D.A1 to       R3C7D.F1 system/core/engine/seq/SLICE_598
ROUTE         5     0.999       R3C7D.F1 to       R3C7B.A0 system/core/engine/seq/next_address_5_sqmuxa_2
CTOF_DEL    ---     0.495       R3C7B.A0 to       R3C7B.F0 system/core/engine/seq/SLICE_367
ROUTE         5     1.785       R3C7B.F0 to      R3C10B.C1 system/core/engine/seq/next_address_6_sqmuxa_fc
CTOF_DEL    ---     0.495      R3C10B.C1 to      R3C10B.F1 system/core/engine/seq/SLICE_407
ROUTE         1     0.436      R3C10B.F1 to      R3C10B.C0 system/core/engine/seq/next_address_8_i_m[2]
CTOF_DEL    ---     0.495      R3C10B.C0 to      R3C10B.F0 system/core/engine/seq/SLICE_407
ROUTE         1     0.747      R3C10B.F0 to      R3C10C.C1 system/core/engine/seq/next_address_1_iv_1[2]
CTOF_DEL    ---     0.495      R3C10C.C1 to      R3C10C.F1 system/core/engine/seq/SLICE_311
ROUTE         1     0.626      R3C10C.F1 to      R3C10C.D0 system/core/engine/seq/next_address_1_iv_2[2]
CTOF_DEL    ---     0.495      R3C10C.D0 to      R3C10C.F0 system/core/engine/seq/SLICE_311
ROUTE         1     0.986      R3C10C.F0 to      R3C11A.A0 system/core/engine/seq/next_address_1_iv_3[2]
CTOF_DEL    ---     0.495      R3C11A.A0 to      R3C11A.F0 system/core/engine/seq/SLICE_391
ROUTE         1     0.958      R3C11A.F0 to      R2C10B.D0 system/core/engine/seq/next_address_1_iv_4[2]
CTOF_DEL    ---     0.495      R2C10B.D0 to      R2C10B.F0 system/core/engine/SLICE_379
ROUTE         1     1.460      R2C10B.F0 to       R5C7D.D0 system/core/engine/seq/next_address_1_iv_7[2]
CTOF_DEL    ---     0.495       R5C7D.D0 to       R5C7D.F0 system/core/engine/seq/SLICE_255
ROUTE         5     1.643       R5C7D.F0 to  EBR_R6C1.ADA5 system/core/engine/next_address_1_iv_i[2] (to clk_c)
                  --------
                   19.388   (28.8% logic, 71.2% route), 10 logic levels.

Unconstrained Preference:
   INPUT_SETUP PORT "reset" CLKPORT "clk" 

Report:   19.362ns delay reset to system/core/engine/rom/lane_1 (19.388ns delay and -0.026ns setup)

   Name    Fanout   Delay (ns)          Site               Resource
PADI_DEL    ---     1.132          4.PAD to        4.PADDI reset
ROUTE       252     4.161        4.PADDI to       R3C7D.A1 reset_c
CTOF_DEL    ---     0.495       R3C7D.A1 to       R3C7D.F1 system/core/engine/seq/SLICE_598
ROUTE         5     0.999       R3C7D.F1 to       R3C7B.A0 system/core/engine/seq/next_address_5_sqmuxa_2
CTOF_DEL    ---     0.495       R3C7B.A0 to       R3C7B.F0 system/core/engine/seq/SLICE_367
ROUTE         5     1.785       R3C7B.F0 to      R3C10B.C1 system/core/engine/seq/next_address_6_sqmuxa_fc
CTOF_DEL    ---     0.495      R3C10B.C1 to      R3C10B.F1 system/core/engine/seq/SLICE_407
ROUTE         1     0.436      R3C10B.F1 to      R3C10B.C0 system/core/engine/seq/next_address_8_i_m[2]
CTOF_DEL    ---     0.495      R3C10B.C0 to      R3C10B.F0 system/core/engine/seq/SLICE_407
ROUTE         1     0.747      R3C10B.F0 to      R3C10C.C1 system/core/engine/seq/next_address_1_iv_1[2]
CTOF_DEL    ---     0.495      R3C10C.C1 to      R3C10C.F1 system/core/engine/seq/SLICE_311
ROUTE         1     0.626      R3C10C.F1 to      R3C10C.D0 system/core/engine/seq/next_address_1_iv_2[2]
CTOF_DEL    ---     0.495      R3C10C.D0 to      R3C10C.F0 system/core/engine/seq/SLICE_311
ROUTE         1     0.986      R3C10C.F0 to      R3C11A.A0 system/core/engine/seq/next_address_1_iv_3[2]
CTOF_DEL    ---     0.495      R3C11A.A0 to      R3C11A.F0 system/core/engine/seq/SLICE_391
ROUTE         1     0.958      R3C11A.F0 to      R2C10B.D0 system/core/engine/seq/next_address_1_iv_4[2]
CTOF_DEL    ---     0.495      R2C10B.D0 to      R2C10B.F0 system/core/engine/SLICE_379
ROUTE         1     1.460      R2C10B.F0 to       R5C7D.D0 system/core/engine/seq/next_address_1_iv_7[2]
CTOF_DEL    ---     0.495       R5C7D.D0 to       R5C7D.F0 system/core/engine/seq/SLICE_255
ROUTE         5     1.643       R5C7D.F0 to EBR_R6C10.ADA5 system/core/engine/next_address_1_iv_i[2] (to clk_c)
                  --------
                   19.388   (28.8% logic, 71.2% route), 10 logic levels.

Unconstrained Preference:
   INPUT_SETUP PORT "reset" CLKPORT "clk" 

Report:   19.294ns delay reset to system/core/engine/rom/lane_2 (19.320ns delay and -0.026ns setup)

   Name    Fanout   Delay (ns)          Site               Resource
PADI_DEL    ---     1.132          4.PAD to        4.PADDI reset
ROUTE       252     4.161        4.PADDI to       R3C7D.A1 reset_c
CTOF_DEL    ---     0.495       R3C7D.A1 to       R3C7D.F1 system/core/engine/seq/SLICE_598
ROUTE         5     0.999       R3C7D.F1 to       R3C7B.A0 system/core/engine/seq/next_address_5_sqmuxa_2
CTOF_DEL    ---     0.495       R3C7B.A0 to       R3C7B.F0 system/core/engine/seq/SLICE_367
ROUTE         5     1.785       R3C7B.F0 to      R3C10B.C1 system/core/engine/seq/next_address_6_sqmuxa_fc
CTOF_DEL    ---     0.495      R3C10B.C1 to      R3C10B.F1 system/core/engine/seq/SLICE_407
ROUTE         1     0.436      R3C10B.F1 to      R3C10B.C0 system/core/engine/seq/next_address_8_i_m[2]
CTOF_DEL    ---     0.495      R3C10B.C0 to      R3C10B.F0 system/core/engine/seq/SLICE_407
ROUTE         1     0.747      R3C10B.F0 to      R3C10C.C1 system/core/engine/seq/next_address_1_iv_1[2]
CTOF_DEL    ---     0.495      R3C10C.C1 to      R3C10C.F1 system/core/engine/seq/SLICE_311
ROUTE         1     0.626      R3C10C.F1 to      R3C10C.D0 system/core/engine/seq/next_address_1_iv_2[2]
CTOF_DEL    ---     0.495      R3C10C.D0 to      R3C10C.F0 system/core/engine/seq/SLICE_311
ROUTE         1     0.986      R3C10C.F0 to      R3C11A.A0 system/core/engine/seq/next_address_1_iv_3[2]
CTOF_DEL    ---     0.495      R3C11A.A0 to      R3C11A.F0 system/core/engine/seq/SLICE_391
ROUTE         1     0.958      R3C11A.F0 to      R2C10B.D0 system/core/engine/seq/next_address_1_iv_4[2]
CTOF_DEL    ---     0.495      R2C10B.D0 to      R2C10B.F0 system/core/engine/SLICE_379
ROUTE         1     1.460      R2C10B.F0 to       R5C7D.D0 system/core/engine/seq/next_address_1_iv_7[2]
CTOF_DEL    ---     0.495       R5C7D.D0 to       R5C7D.F0 system/core/engine/seq/SLICE_255
ROUTE         5     1.575       R5C7D.F0 to  EBR_R6C4.ADA5 system/core/engine/next_address_1_iv_i[2] (to clk_c)
                  --------
                   19.320   (28.9% logic, 71.1% route), 10 logic levels.

Unconstrained Preference:
   INPUT_SETUP PORT "reset" CLKPORT "clk" 

Report:   19.294ns delay reset to system/core/engine/rom/lane_0 (19.320ns delay and -0.026ns setup)

   Name    Fanout   Delay (ns)          Site               Resource
PADI_DEL    ---     1.132          4.PAD to        4.PADDI reset
ROUTE       252     4.752        4.PADDI to       R3C4D.C1 reset_c
CTOF_DEL    ---     0.495       R3C4D.C1 to       R3C4D.F1 system/core/engine/seq/SLICE_410
ROUTE         2     1.019       R3C4D.F1 to       R3C4D.B0 system/core/engine/seq/next_address_7_sqmuxa_5_fc
CTOF_DEL    ---     0.495       R3C4D.B0 to       R3C4D.F0 system/core/engine/seq/SLICE_410
ROUTE         4     1.982       R3C4D.F0 to      R4C10C.D1 system/core/engine/seq/next_address_7_sqmuxa_fc
CTOF_DEL    ---     0.495      R4C10C.D1 to      R4C10C.F1 system/core/engine/seq/SLICE_313
ROUTE         1     0.436      R4C10C.F1 to      R4C10C.C0 system/core/engine/seq/next_address_9_m[1]
CTOF_DEL    ---     0.495      R4C10C.C0 to      R4C10C.F0 system/core/engine/seq/SLICE_313
ROUTE         1     0.747      R4C10C.F0 to      R4C10A.C0 system/core/engine/seq/next_address_1_iv_1[1]
CTOF_DEL    ---     0.495      R4C10A.C0 to      R4C10A.F0 system/core/engine/seq/SLICE_406
ROUTE         1     1.978      R4C10A.F0 to       R8C9B.B0 system/core/engine/seq/next_address_1_iv_2[1]
CTOF_DEL    ---     0.495       R8C9B.B0 to       R8C9B.F0 system/core/engine/seq/SLICE_390
ROUTE         1     0.744       R8C9B.F0 to       R8C8A.C0 system/core/engine/seq/next_address_1_iv_5[1]
CTOF_DEL    ---     0.495       R8C8A.C0 to       R8C8A.F0 system/core/engine/seq/SLICE_377
ROUTE         1     0.958       R8C8A.F0 to       R7C6D.D1 system/core/engine/seq/next_address_1_iv_8[1]
CTOF_DEL    ---     0.495       R7C6D.D1 to       R7C6D.F1 system/core/engine/seq/SLICE_254
ROUTE         5     1.612       R7C6D.F1 to  EBR_R6C1.ADA4 system/core/engine/next_address[1] (to clk_c)
                  --------
                   19.320   (26.4% logic, 73.6% route), 9 logic levels.

Unconstrained Preference:
   INPUT_SETUP PORT "reset" CLKPORT "clk" 

Report:   19.294ns delay reset to system/core/engine/rom/lane_2 (19.320ns delay and -0.026ns setup)

   Name    Fanout   Delay (ns)          Site               Resource
PADI_DEL    ---     1.132          4.PAD to        4.PADDI reset
ROUTE       252     4.752        4.PADDI to       R3C4D.C1 reset_c
CTOF_DEL    ---     0.495       R3C4D.C1 to       R3C4D.F1 system/core/engine/seq/SLICE_410
ROUTE         2     1.019       R3C4D.F1 to       R3C4D.B0 system/core/engine/seq/next_address_7_sqmuxa_5_fc
CTOF_DEL    ---     0.495       R3C4D.B0 to       R3C4D.F0 system/core/engine/seq/SLICE_410
ROUTE         4     1.982       R3C4D.F0 to      R4C10C.D1 system/core/engine/seq/next_address_7_sqmuxa_fc
CTOF_DEL    ---     0.495      R4C10C.D1 to      R4C10C.F1 system/core/engine/seq/SLICE_313
ROUTE         1     0.436      R4C10C.F1 to      R4C10C.C0 system/core/engine/seq/next_address_9_m[1]
CTOF_DEL    ---     0.495      R4C10C.C0 to      R4C10C.F0 system/core/engine/seq/SLICE_313
ROUTE         1     0.747      R4C10C.F0 to      R4C10A.C0 system/core/engine/seq/next_address_1_iv_1[1]
CTOF_DEL    ---     0.495      R4C10A.C0 to      R4C10A.F0 system/core/engine/seq/SLICE_406
ROUTE         1     1.978      R4C10A.F0 to       R8C9B.B0 system/core/engine/seq/next_address_1_iv_2[1]
CTOF_DEL    ---     0.495       R8C9B.B0 to       R8C9B.F0 system/core/engine/seq/SLICE_390
ROUTE         1     0.744       R8C9B.F0 to       R8C8A.C0 system/core/engine/seq/next_address_1_iv_5[1]
CTOF_DEL    ---     0.495       R8C8A.C0 to       R8C8A.F0 system/core/engine/seq/SLICE_377
ROUTE         1     0.958       R8C8A.F0 to       R7C6D.D1 system/core/engine/seq/next_address_1_iv_8[1]
CTOF_DEL    ---     0.495       R7C6D.D1 to       R7C6D.F1 system/core/engine/seq/SLICE_254
ROUTE         5     1.612       R7C6D.F1 to  EBR_R6C4.ADA4 system/core/engine/next_address[1] (to clk_c)
                  --------
                   19.320   (26.4% logic, 73.6% route), 9 logic levels.

Unconstrained Preference:
   INPUT_SETUP PORT "reset" CLKPORT "clk" 

Report:   19.290ns delay reset to system/core/engine/seq/SLICE_257 (19.124ns delay and 0.166ns setup)

   Name    Fanout   Delay (ns)          Site               Resource
PADI_DEL    ---     1.132          4.PAD to        4.PADDI reset
ROUTE       252     4.752        4.PADDI to       R3C4D.C1 reset_c
CTOF_DEL    ---     0.495       R3C4D.C1 to       R3C4D.F1 system/core/engine/seq/SLICE_410
ROUTE         2     1.019       R3C4D.F1 to       R3C4A.B0 system/core/engine/seq/next_address_7_sqmuxa_5_fc
CTOF_DEL    ---     0.495       R3C4A.B0 to       R3C4A.F0 system/core/engine/SLICE_409
ROUTE         3     2.591       R3C4A.F0 to       R3C9D.B0 system/core/engine/seq/next_address_9_sqmuxa_fc
CTOF_DEL    ---     0.495       R3C9D.B0 to       R3C9D.F0 system/core/engine/seq/SLICE_408
ROUTE         2     0.445       R3C9D.F0 to       R3C9C.C1 system/core/engine/seq/N_51_1_fc
CTOF_DEL    ---     0.495       R3C9C.C1 to       R3C9C.F1 system/core/engine/seq/SLICE_387
ROUTE         7     1.536       R3C9C.F1 to       R5C9A.A1 system/core/engine/seq/N_53
CTOF_DEL    ---     0.495       R5C9A.A1 to       R5C9A.F1 system/core/engine/seq/SLICE_560
ROUTE         1     1.485       R5C9A.F1 to       R7C9D.B0 system/core/engine/seq/next_address_1_iv_0[7]
CTOF_DEL    ---     0.495       R7C9D.B0 to       R7C9D.F0 system/core/SLICE_389
ROUTE         1     1.564       R7C9D.F0 to       R3C7C.D0 system/core/engine/seq/next_address_1_iv_2[7]
CTOF_DEL    ---     0.495       R3C7C.D0 to       R3C7C.F0 system/core/engine/seq/SLICE_372
ROUTE         1     0.623       R3C7C.F0 to       R4C7A.D1 system/core/engine/seq/next_address_1_iv_5[7]
CTOF_DEL    ---     0.495       R4C7A.D1 to       R4C7A.F1 system/core/engine/seq/SLICE_257
ROUTE         5     0.017       R4C7A.F1 to      R4C7A.DI1 system/core/engine/next_address[7] (to clk_c)
                  --------
                   19.124   (26.6% logic, 73.4% route), 9 logic levels.

Unconstrained Preference:
   INPUT_SETUP PORT "reset" CLKPORT "clk" 

Report:   19.229ns delay reset to system/core/engine/rom/lane_0 (19.255ns delay and -0.026ns setup)

   Name    Fanout   Delay (ns)          Site               Resource
PADI_DEL    ---     1.132          4.PAD to        4.PADDI reset
ROUTE       252     3.714        4.PADDI to       R4C7D.A1 reset_c
CTOF_DEL    ---     0.495       R4C7D.A1 to       R4C7D.F1 system/core/engine/SLICE_316
ROUTE        11     1.215       R4C7D.F1 to       R3C5D.C1 system/requestdup
CTOF_DEL    ---     0.495       R3C5D.C1 to       R3C5D.F1 SLICE_157
ROUTE         2     0.654       R3C5D.F1 to       R3C6A.D1 system/ackdup
CTOF_DEL    ---     0.495       R3C6A.D1 to       R3C6A.F1 system/SLICE_351
ROUTE         9     1.204       R3C6A.F1 to       R5C9D.D1 system/core/engine/retirec_1
CTOF_DEL    ---     0.495       R5C9D.D1 to       R5C9D.F1 system/core/engine/SLICE_400
ROUTE         2     0.445       R5C9D.F1 to       R5C9D.C0 system/core/engine/fault_redirectdup
CTOF_DEL    ---     0.495       R5C9D.C0 to       R5C9D.F0 system/core/engine/SLICE_400
ROUTE         9     1.530       R5C9D.F0 to      R5C11C.D0 system/core/engine/seq/next_address_5_sqmuxa
CTOF_DEL    ---     0.495      R5C11C.D0 to      R5C11C.F0 system/core/SLICE_395
ROUTE         1     1.413      R5C11C.F0 to       R3C9C.A0 system/core/engine/seq/dispatch_address_m[8]
CTOF_DEL    ---     0.495       R3C9C.A0 to       R3C9C.F0 system/core/engine/seq/SLICE_387
ROUTE         1     1.001       R3C9C.F0 to       R3C8C.B0 system/core/engine/seq/next_address_2_iv_1[8]
CTOF_DEL    ---     0.495       R3C8C.B0 to       R3C8C.F0 system/core/engine/seq/SLICE_376
ROUTE         1     0.766       R3C8C.F0 to       R4C8C.C0 system/core/engine/seq/next_address_2_iv_3[8]
CTOF_DEL    ---     0.495       R4C8C.C0 to       R4C8C.F0 system/core/engine/seq/SLICE_258
ROUTE         5     1.726       R4C8C.F0 to EBR_R6C1.ADA11 system/core/engine/next_address[8] (to clk_c)
                  --------
                   19.255   (29.0% logic, 71.0% route), 10 logic levels.

Unconstrained Preference:
   INPUT_SETUP PORT "reset" CLKPORT "clk" 

Report:   19.229ns delay reset to system/core/engine/rom/lane_2 (19.255ns delay and -0.026ns setup)

   Name    Fanout   Delay (ns)          Site               Resource
PADI_DEL    ---     1.132          4.PAD to        4.PADDI reset
ROUTE       252     3.714        4.PADDI to       R4C7D.A1 reset_c
CTOF_DEL    ---     0.495       R4C7D.A1 to       R4C7D.F1 system/core/engine/SLICE_316
ROUTE        11     1.215       R4C7D.F1 to       R3C5D.C1 system/requestdup
CTOF_DEL    ---     0.495       R3C5D.C1 to       R3C5D.F1 SLICE_157
ROUTE         2     0.654       R3C5D.F1 to       R3C6A.D1 system/ackdup
CTOF_DEL    ---     0.495       R3C6A.D1 to       R3C6A.F1 system/SLICE_351
ROUTE         9     1.204       R3C6A.F1 to       R5C9D.D1 system/core/engine/retirec_1
CTOF_DEL    ---     0.495       R5C9D.D1 to       R5C9D.F1 system/core/engine/SLICE_400
ROUTE         2     0.445       R5C9D.F1 to       R5C9D.C0 system/core/engine/fault_redirectdup
CTOF_DEL    ---     0.495       R5C9D.C0 to       R5C9D.F0 system/core/engine/SLICE_400
ROUTE         9     1.530       R5C9D.F0 to      R5C11C.D0 system/core/engine/seq/next_address_5_sqmuxa
CTOF_DEL    ---     0.495      R5C11C.D0 to      R5C11C.F0 system/core/SLICE_395
ROUTE         1     1.413      R5C11C.F0 to       R3C9C.A0 system/core/engine/seq/dispatch_address_m[8]
CTOF_DEL    ---     0.495       R3C9C.A0 to       R3C9C.F0 system/core/engine/seq/SLICE_387
ROUTE         1     1.001       R3C9C.F0 to       R3C8C.B0 system/core/engine/seq/next_address_2_iv_1[8]
CTOF_DEL    ---     0.495       R3C8C.B0 to       R3C8C.F0 system/core/engine/seq/SLICE_376
ROUTE         1     0.766       R3C8C.F0 to       R4C8C.C0 system/core/engine/seq/next_address_2_iv_3[8]
CTOF_DEL    ---     0.495       R4C8C.C0 to       R4C8C.F0 system/core/engine/seq/SLICE_258
ROUTE         5     1.726       R4C8C.F0 to EBR_R6C4.ADA11 system/core/engine/next_address[8] (to clk_c)
                  --------
                   19.255   (29.0% logic, 71.0% route), 10 logic levels.

Unconstrained Preference:
   INPUT_SETUP PORT "reset" CLKPORT "clk" 

Report:   19.052ns delay reset to system/core/engine/rom/lane_1 (19.078ns delay and -0.026ns setup)

   Name    Fanout   Delay (ns)          Site               Resource
PADI_DEL    ---     1.132          4.PAD to        4.PADDI reset
ROUTE       252     3.714        4.PADDI to       R4C7D.A1 reset_c
CTOF_DEL    ---     0.495       R4C7D.A1 to       R4C7D.F1 system/core/engine/SLICE_316
ROUTE        11     1.215       R4C7D.F1 to       R3C5D.C1 system/requestdup
CTOF_DEL    ---     0.495       R3C5D.C1 to       R3C5D.F1 SLICE_157
ROUTE         2     0.654       R3C5D.F1 to       R3C6A.D1 system/ackdup
CTOF_DEL    ---     0.495       R3C6A.D1 to       R3C6A.F1 system/SLICE_351
ROUTE         9     1.204       R3C6A.F1 to       R5C9D.D1 system/core/engine/retirec_1
CTOF_DEL    ---     0.495       R5C9D.D1 to       R5C9D.F1 system/core/engine/SLICE_400
ROUTE         2     0.445       R5C9D.F1 to       R5C9D.C0 system/core/engine/fault_redirectdup
CTOF_DEL    ---     0.495       R5C9D.C0 to       R5C9D.F0 system/core/engine/SLICE_400
ROUTE         9     1.530       R5C9D.F0 to      R5C11C.D0 system/core/engine/seq/next_address_5_sqmuxa
CTOF_DEL    ---     0.495      R5C11C.D0 to      R5C11C.F0 system/core/SLICE_395
ROUTE         1     1.413      R5C11C.F0 to       R3C9C.A0 system/core/engine/seq/dispatch_address_m[8]
CTOF_DEL    ---     0.495       R3C9C.A0 to       R3C9C.F0 system/core/engine/seq/SLICE_387
ROUTE         1     1.001       R3C9C.F0 to       R3C8C.B0 system/core/engine/seq/next_address_2_iv_1[8]
CTOF_DEL    ---     0.495       R3C8C.B0 to       R3C8C.F0 system/core/engine/seq/SLICE_376
ROUTE         1     0.766       R3C8C.F0 to       R4C8C.C0 system/core/engine/seq/next_address_2_iv_3[8]
CTOF_DEL    ---     0.495       R4C8C.C0 to       R4C8C.F0 system/core/engine/seq/SLICE_258
ROUTE         5     1.549       R4C8C.F0 to *R_R6C10.ADA11 system/core/engine/next_address[8] (to clk_c)
                  --------
                   19.078   (29.3% logic, 70.7% route), 10 logic levels.

Unconstrained Preference:
   INPUT_SETUP PORT "reset" CLKPORT "clk" 

Report:   18.974ns delay reset to system/core/engine/rom/lane_3 (19.000ns delay and -0.026ns setup)

   Name    Fanout   Delay (ns)          Site               Resource
PADI_DEL    ---     1.132          4.PAD to        4.PADDI reset
ROUTE       252     3.714        4.PADDI to       R4C7D.A1 reset_c
CTOF_DEL    ---     0.495       R4C7D.A1 to       R4C7D.F1 system/core/engine/SLICE_316
ROUTE        11     1.215       R4C7D.F1 to       R3C5D.C1 system/requestdup
CTOF_DEL    ---     0.495       R3C5D.C1 to       R3C5D.F1 SLICE_157
ROUTE         2     0.654       R3C5D.F1 to       R3C6A.D1 system/ackdup
CTOF_DEL    ---     0.495       R3C6A.D1 to       R3C6A.F1 system/SLICE_351
ROUTE         9     1.204       R3C6A.F1 to       R5C9D.D1 system/core/engine/retirec_1
CTOF_DEL    ---     0.495       R5C9D.D1 to       R5C9D.F1 system/core/engine/SLICE_400
ROUTE         2     0.445       R5C9D.F1 to       R5C9D.C0 system/core/engine/fault_redirectdup
CTOF_DEL    ---     0.495       R5C9D.C0 to       R5C9D.F0 system/core/engine/SLICE_400
ROUTE         9     1.123       R5C9D.F0 to      R5C12A.C0 system/core/engine/seq/next_address_5_sqmuxa
CTOF_DEL    ---     0.495      R5C12A.C0 to      R5C12A.F0 system/core/SLICE_399
ROUTE         1     1.460      R5C12A.F0 to       R5C6C.D0 system/core/engine/seq/dispatch_address_i_m[0]
CTOF_DEL    ---     0.495       R5C6C.D0 to       R5C6C.F0 system/core/engine/seq/SLICE_392
ROUTE         1     0.967       R5C6C.F0 to       R5C6C.A1 system/core/engine/seq/next_address_0_iv_6[0]
CTOF_DEL    ---     0.495       R5C6C.A1 to       R5C6C.F1 system/core/engine/seq/SLICE_392
ROUTE         1     1.022       R5C6C.F1 to       R7C6D.D0 system/core/engine/seq/next_address_0_iv_i_1[0]
CTOF_DEL    ---     0.495       R7C6D.D0 to       R7C6D.F0 system/core/engine/seq/SLICE_254
ROUTE         5     1.609       R7C6D.F0 to  EBR_R6C7.ADA3 system/core/engine/next_address_0_iv_i[0] (to clk_c)
                  --------
                   19.000   (29.4% logic, 70.6% route), 10 logic levels.

Unconstrained Preference:
   INPUT_SETUP PORT "reset" CLKPORT "clk" 

Report:   18.860ns delay reset to system/core/engine/rom/lane_3 (18.886ns delay and -0.026ns setup)

   Name    Fanout   Delay (ns)          Site               Resource
PADI_DEL    ---     1.132          4.PAD to        4.PADDI reset
ROUTE       252     4.161        4.PADDI to       R3C7D.A1 reset_c
CTOF_DEL    ---     0.495       R3C7D.A1 to       R3C7D.F1 system/core/engine/seq/SLICE_598
ROUTE         5     0.999       R3C7D.F1 to       R3C7B.A0 system/core/engine/seq/next_address_5_sqmuxa_2
CTOF_DEL    ---     0.495       R3C7B.A0 to       R3C7B.F0 system/core/engine/seq/SLICE_367
ROUTE         5     1.785       R3C7B.F0 to      R3C10B.C1 system/core/engine/seq/next_address_6_sqmuxa_fc
CTOF_DEL    ---     0.495      R3C10B.C1 to      R3C10B.F1 system/core/engine/seq/SLICE_407
ROUTE         1     0.436      R3C10B.F1 to      R3C10B.C0 system/core/engine/seq/next_address_8_i_m[2]
CTOF_DEL    ---     0.495      R3C10B.C0 to      R3C10B.F0 system/core/engine/seq/SLICE_407
ROUTE         1     0.747      R3C10B.F0 to      R3C10C.C1 system/core/engine/seq/next_address_1_iv_1[2]
CTOF_DEL    ---     0.495      R3C10C.C1 to      R3C10C.F1 system/core/engine/seq/SLICE_311
ROUTE         1     0.626      R3C10C.F1 to      R3C10C.D0 system/core/engine/seq/next_address_1_iv_2[2]
CTOF_DEL    ---     0.495      R3C10C.D0 to      R3C10C.F0 system/core/engine/seq/SLICE_311
ROUTE         1     0.986      R3C10C.F0 to      R3C11A.A0 system/core/engine/seq/next_address_1_iv_3[2]
CTOF_DEL    ---     0.495      R3C11A.A0 to      R3C11A.F0 system/core/engine/seq/SLICE_391
ROUTE         1     0.958      R3C11A.F0 to      R2C10B.D0 system/core/engine/seq/next_address_1_iv_4[2]
CTOF_DEL    ---     0.495      R2C10B.D0 to      R2C10B.F0 system/core/engine/SLICE_379
ROUTE         1     1.460      R2C10B.F0 to       R5C7D.D0 system/core/engine/seq/next_address_1_iv_7[2]
CTOF_DEL    ---     0.495       R5C7D.D0 to       R5C7D.F0 system/core/engine/seq/SLICE_255
ROUTE         5     1.141       R5C7D.F0 to  EBR_R6C7.ADA5 system/core/engine/next_address_1_iv_i[2] (to clk_c)
                  --------
                   18.886   (29.6% logic, 70.4% route), 10 logic levels.

Unconstrained Preference:
   INPUT_SETUP PORT "reset" CLKPORT "clk" 

Report:   18.846ns delay reset to system/core/engine/rom/lane_3 (18.872ns delay and -0.026ns setup)

   Name    Fanout   Delay (ns)          Site               Resource
PADI_DEL    ---     1.132          4.PAD to        4.PADDI reset
ROUTE       252     3.714        4.PADDI to       R4C7D.A1 reset_c
CTOF_DEL    ---     0.495       R4C7D.A1 to       R4C7D.F1 system/core/engine/SLICE_316
ROUTE        11     1.215       R4C7D.F1 to       R3C5D.C1 system/requestdup
CTOF_DEL    ---     0.495       R3C5D.C1 to       R3C5D.F1 SLICE_157
ROUTE         2     0.654       R3C5D.F1 to       R3C6A.D1 system/ackdup
CTOF_DEL    ---     0.495       R3C6A.D1 to       R3C6A.F1 system/SLICE_351
ROUTE         9     1.026       R3C6A.F1 to       R3C5A.B1 system/core/engine/retirec_1
CTOF_DEL    ---     0.495       R3C5A.B1 to       R3C5A.F1 system/core/engine/seq/SLICE_374
ROUTE         5     1.444       R3C5A.F1 to       R3C8C.A1 system/core/engine/seq/next_address_2_sqmuxa_1
CTOF_DEL    ---     0.495       R3C8C.A1 to       R3C8C.F1 system/core/engine/seq/SLICE_376
ROUTE        10     1.031       R3C8C.F1 to       R3C8B.A1 system/core/engine/seq/next_address_4_sqmuxa
CTOF_DEL    ---     0.495       R3C8B.A1 to       R3C8B.F1 system/core/engine/seq/SLICE_559
ROUTE         1     1.336       R3C8B.F1 to       R5C8A.B1 system/core/engine/seq/next_address_1_iv_2[5]
CTOF_DEL    ---     0.495       R5C8A.B1 to       R5C8A.F1 system/core/engine/seq/SLICE_373
ROUTE         1     0.626       R5C8A.F1 to       R5C8A.D0 system/core/engine/seq/next_address_1_iv_4[5]
CTOF_DEL    ---     0.495       R5C8A.D0 to       R5C8A.F0 system/core/engine/seq/SLICE_373
ROUTE         1     0.626       R5C8A.F0 to       R5C8D.D1 system/core/engine/seq/next_address_1_iv_5[5]
CTOF_DEL    ---     0.495       R5C8D.D1 to       R5C8D.F1 system/core/engine/seq/SLICE_256
ROUTE         5     1.613       R5C8D.F1 to  EBR_R6C7.ADA8 system/core/engine/next_address[5] (to clk_c)
                  --------
                   18.872   (29.6% logic, 70.4% route), 10 logic levels.

Unconstrained Preference:
   INPUT_SETUP PORT "reset" CLKPORT "clk" 

Report:   18.811ns delay reset to system/core/engine/rom/lane_0 (18.837ns delay and -0.026ns setup)

   Name    Fanout   Delay (ns)          Site               Resource
PADI_DEL    ---     1.132          4.PAD to        4.PADDI reset
ROUTE       252     3.714        4.PADDI to       R4C7D.A1 reset_c
CTOF_DEL    ---     0.495       R4C7D.A1 to       R4C7D.F1 system/core/engine/SLICE_316
ROUTE        11     1.215       R4C7D.F1 to       R3C5D.C1 system/requestdup
CTOF_DEL    ---     0.495       R3C5D.C1 to       R3C5D.F1 SLICE_157
ROUTE         2     0.654       R3C5D.F1 to       R3C6A.D1 system/ackdup
CTOF_DEL    ---     0.495       R3C6A.D1 to       R3C6A.F1 system/SLICE_351
ROUTE         9     1.204       R3C6A.F1 to       R5C9D.D1 system/core/engine/retirec_1
CTOF_DEL    ---     0.495       R5C9D.D1 to       R5C9D.F1 system/core/engine/SLICE_400
ROUTE         2     0.445       R5C9D.F1 to       R5C9D.C0 system/core/engine/fault_redirectdup
CTOF_DEL    ---     0.495       R5C9D.C0 to       R5C9D.F0 system/core/engine/SLICE_400
ROUTE         9     1.123       R5C9D.F0 to      R5C12A.C0 system/core/engine/seq/next_address_5_sqmuxa
CTOF_DEL    ---     0.495      R5C12A.C0 to      R5C12A.F0 system/core/SLICE_399
ROUTE         1     1.460      R5C12A.F0 to       R5C6C.D0 system/core/engine/seq/dispatch_address_i_m[0]
CTOF_DEL    ---     0.495       R5C6C.D0 to       R5C6C.F0 system/core/engine/seq/SLICE_392
ROUTE         1     0.967       R5C6C.F0 to       R5C6C.A1 system/core/engine/seq/next_address_0_iv_6[0]
CTOF_DEL    ---     0.495       R5C6C.A1 to       R5C6C.F1 system/core/engine/seq/SLICE_392
ROUTE         1     1.022       R5C6C.F1 to       R7C6D.D0 system/core/engine/seq/next_address_0_iv_i_1[0]
CTOF_DEL    ---     0.495       R7C6D.D0 to       R7C6D.F0 system/core/engine/seq/SLICE_254
ROUTE         5     1.446       R7C6D.F0 to  EBR_R6C1.ADA3 system/core/engine/next_address_0_iv_i[0] (to clk_c)
                  --------
                   18.837   (29.7% logic, 70.3% route), 10 logic levels.

Unconstrained Preference:
   INPUT_SETUP PORT "reset" CLKPORT "clk" 

Report:   18.717ns delay reset to system/core/engine/rom/lane_1 (18.743ns delay and -0.026ns setup)

   Name    Fanout   Delay (ns)          Site               Resource
PADI_DEL    ---     1.132          4.PAD to        4.PADDI reset
ROUTE       252     3.714        4.PADDI to       R4C7D.A1 reset_c
CTOF_DEL    ---     0.495       R4C7D.A1 to       R4C7D.F1 system/core/engine/SLICE_316
ROUTE        11     1.215       R4C7D.F1 to       R3C5D.C1 system/requestdup
CTOF_DEL    ---     0.495       R3C5D.C1 to       R3C5D.F1 SLICE_157
ROUTE         2     0.654       R3C5D.F1 to       R3C6A.D1 system/ackdup
CTOF_DEL    ---     0.495       R3C6A.D1 to       R3C6A.F1 system/SLICE_351
ROUTE         9     0.340       R3C6A.F1 to       R3C6B.D1 system/core/engine/retirec_1
CTOOFX_DEL  ---     0.721       R3C6B.D1 to     R3C6B.OFX0 system/core/engine/seq/predicates_pmux_6/SLICE_261
ROUTE         1     0.623     R3C6B.OFX0 to       R4C6A.D0 system/core/engine/seq/N_73
CTOF_DEL    ---     0.495       R4C6A.D0 to       R4C6A.F0 system/core/engine/seq/SLICE_383
ROUTE         2     0.635       R4C6A.F0 to       R4C6D.D0 system/core/engine/seq/condition
CTOF_DEL    ---     0.495       R4C6D.D0 to       R4C6D.F0 system/core/engine/seq/SLICE_378
ROUTE         1     0.958       R4C6D.F0 to       R2C6A.D0 system/core/engine/seq/next_address_0_sqmuxa_3
CTOF_DEL    ---     0.495       R2C6A.D0 to       R2C6A.F0 system/core/engine/seq/SLICE_375
ROUTE         1     0.958       R2C6A.F0 to       R4C6C.D1 system/core/engine/seq/next_address_0_sqmuxa_4
CTOF_DEL    ---     0.495       R4C6C.D1 to       R4C6C.F1 system/core/engine/seq/SLICE_370
ROUTE        10     1.016       R4C6C.F1 to       R4C7B.A1 system/core/engine/seq/next_address_1_sqmuxa_5
CTOF_DEL    ---     0.495       R4C7B.A1 to       R4C7B.F1 system/core/engine/seq/SLICE_596
ROUTE         1     1.001       R4C7B.F1 to       R4C8C.B1 system/core/engine/seq/uword_m[20]
CTOF_DEL    ---     0.495       R4C8C.B1 to       R4C8C.F1 system/core/engine/seq/SLICE_258
ROUTE         5     1.321       R4C8C.F1 to *R_R6C10.ADA12 system/core/engine/next_address[9] (to clk_c)
                  --------
                   18.743   (33.7% logic, 66.3% route), 11 logic levels.

Unconstrained Preference:
   INPUT_SETUP PORT "reset" CLKPORT "clk" 

Report:   18.695ns delay reset to system/core/engine/rom/lane_0 (18.721ns delay and -0.026ns setup)

   Name    Fanout   Delay (ns)          Site               Resource
PADI_DEL    ---     1.132          4.PAD to        4.PADDI reset
ROUTE       252     3.714        4.PADDI to       R4C7D.A1 reset_c
CTOF_DEL    ---     0.495       R4C7D.A1 to       R4C7D.F1 system/core/engine/SLICE_316
ROUTE        11     1.215       R4C7D.F1 to       R3C5D.C1 system/requestdup
CTOF_DEL    ---     0.495       R3C5D.C1 to       R3C5D.F1 SLICE_157
ROUTE         2     0.654       R3C5D.F1 to       R3C6A.D1 system/ackdup
CTOF_DEL    ---     0.495       R3C6A.D1 to       R3C6A.F1 system/SLICE_351
ROUTE         9     1.026       R3C6A.F1 to       R3C5A.B1 system/core/engine/retirec_1
CTOF_DEL    ---     0.495       R3C5A.B1 to       R3C5A.F1 system/core/engine/seq/SLICE_374
ROUTE         5     1.444       R3C5A.F1 to       R3C8C.A1 system/core/engine/seq/next_address_2_sqmuxa_1
CTOF_DEL    ---     0.495       R3C8C.A1 to       R3C8C.F1 system/core/engine/seq/SLICE_376
ROUTE        10     1.031       R3C8C.F1 to       R3C8B.A1 system/core/engine/seq/next_address_4_sqmuxa
CTOF_DEL    ---     0.495       R3C8B.A1 to       R3C8B.F1 system/core/engine/seq/SLICE_559
ROUTE         1     1.336       R3C8B.F1 to       R5C8A.B1 system/core/engine/seq/next_address_1_iv_2[5]
CTOF_DEL    ---     0.495       R5C8A.B1 to       R5C8A.F1 system/core/engine/seq/SLICE_373
ROUTE         1     0.626       R5C8A.F1 to       R5C8A.D0 system/core/engine/seq/next_address_1_iv_4[5]
CTOF_DEL    ---     0.495       R5C8A.D0 to       R5C8A.F0 system/core/engine/seq/SLICE_373
ROUTE         1     0.626       R5C8A.F0 to       R5C8D.D1 system/core/engine/seq/next_address_1_iv_5[5]
CTOF_DEL    ---     0.495       R5C8D.D1 to       R5C8D.F1 system/core/engine/seq/SLICE_256
ROUTE         5     1.462       R5C8D.F1 to  EBR_R6C1.ADA8 system/core/engine/next_address[5] (to clk_c)
                  --------
                   18.721   (29.8% logic, 70.2% route), 10 logic levels.

Unconstrained Preference:
   INPUT_SETUP PORT "reset" CLKPORT "clk" 

Report:   18.695ns delay reset to system/core/engine/rom/lane_2 (18.721ns delay and -0.026ns setup)

   Name    Fanout   Delay (ns)          Site               Resource
PADI_DEL    ---     1.132          4.PAD to        4.PADDI reset
ROUTE       252     3.714        4.PADDI to       R4C7D.A1 reset_c
CTOF_DEL    ---     0.495       R4C7D.A1 to       R4C7D.F1 system/core/engine/SLICE_316
ROUTE        11     1.215       R4C7D.F1 to       R3C5D.C1 system/requestdup
CTOF_DEL    ---     0.495       R3C5D.C1 to       R3C5D.F1 SLICE_157
ROUTE         2     0.654       R3C5D.F1 to       R3C6A.D1 system/ackdup
CTOF_DEL    ---     0.495       R3C6A.D1 to       R3C6A.F1 system/SLICE_351
ROUTE         9     1.026       R3C6A.F1 to       R3C5A.B1 system/core/engine/retirec_1
CTOF_DEL    ---     0.495       R3C5A.B1 to       R3C5A.F1 system/core/engine/seq/SLICE_374
ROUTE         5     1.444       R3C5A.F1 to       R3C8C.A1 system/core/engine/seq/next_address_2_sqmuxa_1
CTOF_DEL    ---     0.495       R3C8C.A1 to       R3C8C.F1 system/core/engine/seq/SLICE_376
ROUTE        10     1.031       R3C8C.F1 to       R3C8B.A1 system/core/engine/seq/next_address_4_sqmuxa
CTOF_DEL    ---     0.495       R3C8B.A1 to       R3C8B.F1 system/core/engine/seq/SLICE_559
ROUTE         1     1.336       R3C8B.F1 to       R5C8A.B1 system/core/engine/seq/next_address_1_iv_2[5]
CTOF_DEL    ---     0.495       R5C8A.B1 to       R5C8A.F1 system/core/engine/seq/SLICE_373
ROUTE         1     0.626       R5C8A.F1 to       R5C8A.D0 system/core/engine/seq/next_address_1_iv_4[5]
CTOF_DEL    ---     0.495       R5C8A.D0 to       R5C8A.F0 system/core/engine/seq/SLICE_373
ROUTE         1     0.626       R5C8A.F0 to       R5C8D.D1 system/core/engine/seq/next_address_1_iv_5[5]
CTOF_DEL    ---     0.495       R5C8D.D1 to       R5C8D.F1 system/core/engine/seq/SLICE_256
ROUTE         5     1.462       R5C8D.F1 to  EBR_R6C4.ADA8 system/core/engine/next_address[5] (to clk_c)
                  --------
                   18.721   (29.8% logic, 70.2% route), 10 logic levels.

Unconstrained Preference:
   INPUT_SETUP PORT "reset" CLKPORT "clk" 

Report:   18.689ns delay reset to system/core/engine/rom/lane_3 (18.715ns delay and -0.026ns setup)

   Name    Fanout   Delay (ns)          Site               Resource
PADI_DEL    ---     1.132          4.PAD to        4.PADDI reset
ROUTE       252     3.714        4.PADDI to       R4C7D.A1 reset_c
CTOF_DEL    ---     0.495       R4C7D.A1 to       R4C7D.F1 system/core/engine/SLICE_316
ROUTE        11     1.215       R4C7D.F1 to       R3C5D.C1 system/requestdup
CTOF_DEL    ---     0.495       R3C5D.C1 to       R3C5D.F1 SLICE_157
ROUTE         2     0.654       R3C5D.F1 to       R3C6A.D1 system/ackdup
CTOF_DEL    ---     0.495       R3C6A.D1 to       R3C6A.F1 system/SLICE_351
ROUTE         9     1.204       R3C6A.F1 to       R5C9D.D1 system/core/engine/retirec_1
CTOF_DEL    ---     0.495       R5C9D.D1 to       R5C9D.F1 system/core/engine/SLICE_400
ROUTE         2     0.445       R5C9D.F1 to       R5C9D.C0 system/core/engine/fault_redirectdup
CTOF_DEL    ---     0.495       R5C9D.C0 to       R5C9D.F0 system/core/engine/SLICE_400
ROUTE         9     1.530       R5C9D.F0 to      R5C11C.D0 system/core/engine/seq/next_address_5_sqmuxa
CTOF_DEL    ---     0.495      R5C11C.D0 to      R5C11C.F0 system/core/SLICE_395
ROUTE         1     1.413      R5C11C.F0 to       R3C9C.A0 system/core/engine/seq/dispatch_address_m[8]
CTOF_DEL    ---     0.495       R3C9C.A0 to       R3C9C.F0 system/core/engine/seq/SLICE_387
ROUTE         1     1.001       R3C9C.F0 to       R3C8C.B0 system/core/engine/seq/next_address_2_iv_1[8]
CTOF_DEL    ---     0.495       R3C8C.B0 to       R3C8C.F0 system/core/engine/seq/SLICE_376
ROUTE         1     0.766       R3C8C.F0 to       R4C8C.C0 system/core/engine/seq/next_address_2_iv_3[8]
CTOF_DEL    ---     0.495       R4C8C.C0 to       R4C8C.F0 system/core/engine/seq/SLICE_258
ROUTE         5     1.186       R4C8C.F0 to EBR_R6C7.ADA11 system/core/engine/next_address[8] (to clk_c)
                  --------
                   18.715   (29.9% logic, 70.1% route), 10 logic levels.

Unconstrained Preference:
   INPUT_SETUP PORT "reset" CLKPORT "clk" 

Report:   18.687ns delay reset to system/core/engine/rom/lane_1 (18.713ns delay and -0.026ns setup)

   Name    Fanout   Delay (ns)          Site               Resource
PADI_DEL    ---     1.132          4.PAD to        4.PADDI reset
ROUTE       252     3.714        4.PADDI to       R4C7D.A1 reset_c
CTOF_DEL    ---     0.495       R4C7D.A1 to       R4C7D.F1 system/core/engine/SLICE_316
ROUTE        11     1.215       R4C7D.F1 to       R3C5D.C1 system/requestdup
CTOF_DEL    ---     0.495       R3C5D.C1 to       R3C5D.F1 SLICE_157
ROUTE         2     0.654       R3C5D.F1 to       R3C6A.D1 system/ackdup
CTOF_DEL    ---     0.495       R3C6A.D1 to       R3C6A.F1 system/SLICE_351
ROUTE         9     1.026       R3C6A.F1 to       R3C5A.B1 system/core/engine/retirec_1
CTOF_DEL    ---     0.495       R3C5A.B1 to       R3C5A.F1 system/core/engine/seq/SLICE_374
ROUTE         5     1.444       R3C5A.F1 to       R3C8C.A1 system/core/engine/seq/next_address_2_sqmuxa_1
CTOF_DEL    ---     0.495       R3C8C.A1 to       R3C8C.F1 system/core/engine/seq/SLICE_376
ROUTE        10     1.031       R3C8C.F1 to       R3C8B.A1 system/core/engine/seq/next_address_4_sqmuxa
CTOF_DEL    ---     0.495       R3C8B.A1 to       R3C8B.F1 system/core/engine/seq/SLICE_559
ROUTE         1     1.336       R3C8B.F1 to       R5C8A.B1 system/core/engine/seq/next_address_1_iv_2[5]
CTOF_DEL    ---     0.495       R5C8A.B1 to       R5C8A.F1 system/core/engine/seq/SLICE_373
ROUTE         1     0.626       R5C8A.F1 to       R5C8A.D0 system/core/engine/seq/next_address_1_iv_4[5]
CTOF_DEL    ---     0.495       R5C8A.D0 to       R5C8A.F0 system/core/engine/seq/SLICE_373
ROUTE         1     0.626       R5C8A.F0 to       R5C8D.D1 system/core/engine/seq/next_address_1_iv_5[5]
CTOF_DEL    ---     0.495       R5C8D.D1 to       R5C8D.F1 system/core/engine/seq/SLICE_256
ROUTE         5     1.454       R5C8D.F1 to EBR_R6C10.ADA8 system/core/engine/next_address[5] (to clk_c)
                  --------
                   18.713   (29.9% logic, 70.1% route), 10 logic levels.

Unconstrained Preference:
   INPUT_SETUP PORT "reset" CLKPORT "clk" 

Report:   18.675ns delay reset to system/core/engine/rom/lane_3 (18.701ns delay and -0.026ns setup)

   Name    Fanout   Delay (ns)          Site               Resource
PADI_DEL    ---     1.132          4.PAD to        4.PADDI reset
ROUTE       252     4.752        4.PADDI to       R3C4D.C1 reset_c
CTOF_DEL    ---     0.495       R3C4D.C1 to       R3C4D.F1 system/core/engine/seq/SLICE_410
ROUTE         2     1.019       R3C4D.F1 to       R3C4A.B0 system/core/engine/seq/next_address_7_sqmuxa_5_fc
CTOF_DEL    ---     0.495       R3C4A.B0 to       R3C4A.F0 system/core/engine/SLICE_409
ROUTE         3     2.591       R3C4A.F0 to       R3C9D.B0 system/core/engine/seq/next_address_9_sqmuxa_fc
CTOF_DEL    ---     0.495       R3C9D.B0 to       R3C9D.F0 system/core/engine/seq/SLICE_408
ROUTE         2     0.445       R3C9D.F0 to       R3C9C.C1 system/core/engine/seq/N_51_1_fc
CTOF_DEL    ---     0.495       R3C9C.C1 to       R3C9C.F1 system/core/engine/seq/SLICE_387
ROUTE         7     1.309       R3C9C.F1 to       R2C9C.C1 system/core/engine/seq/N_53
CTOF_DEL    ---     0.495       R2C9C.C1 to       R2C9C.F1 system/core/engine/seq/SLICE_386
ROUTE         1     1.004       R2C9C.F1 to       R2C9C.B0 system/core/engine/seq/next_address_1_iv_1[4]
CTOF_DEL    ---     0.495       R2C9C.B0 to       R2C9C.F0 system/core/engine/seq/SLICE_386
ROUTE         1     0.744       R2C9C.F0 to       R2C8C.C0 system/core/engine/seq/next_address_1_iv_3[4]
CTOF_DEL    ---     0.495       R2C8C.C0 to       R2C8C.F0 system/core/engine/seq/SLICE_380
ROUTE         1     0.958       R2C8C.F0 to       R5C8D.D0 system/core/engine/seq/next_address_1_iv_5[4]
CTOF_DEL    ---     0.495       R5C8D.D0 to       R5C8D.F0 system/core/engine/seq/SLICE_256
ROUTE         5     0.787       R5C8D.F0 to  EBR_R6C7.ADA7 system/core/engine/next_address_1_iv_i[4] (to clk_c)
                  --------
                   18.701   (27.2% logic, 72.8% route), 9 logic levels.

Unconstrained Preference:
   INPUT_SETUP PORT "reset" CLKPORT "clk" 

Report:   18.570ns delay reset to system/core/engine/rom/lane_2 (18.596ns delay and -0.026ns setup)

   Name    Fanout   Delay (ns)          Site               Resource
PADI_DEL    ---     1.132          4.PAD to        4.PADDI reset
ROUTE       252     3.714        4.PADDI to       R4C7D.A1 reset_c
CTOF_DEL    ---     0.495       R4C7D.A1 to       R4C7D.F1 system/core/engine/SLICE_316
ROUTE        11     1.215       R4C7D.F1 to       R3C5D.C1 system/requestdup
CTOF_DEL    ---     0.495       R3C5D.C1 to       R3C5D.F1 SLICE_157
ROUTE         2     0.654       R3C5D.F1 to       R3C6A.D1 system/ackdup
CTOF_DEL    ---     0.495       R3C6A.D1 to       R3C6A.F1 system/SLICE_351
ROUTE         9     1.204       R3C6A.F1 to       R5C9D.D1 system/core/engine/retirec_1
CTOF_DEL    ---     0.495       R5C9D.D1 to       R5C9D.F1 system/core/engine/SLICE_400
ROUTE         2     0.445       R5C9D.F1 to       R5C9D.C0 system/core/engine/fault_redirectdup
CTOF_DEL    ---     0.495       R5C9D.C0 to       R5C9D.F0 system/core/engine/SLICE_400
ROUTE         9     1.123       R5C9D.F0 to      R5C12A.C0 system/core/engine/seq/next_address_5_sqmuxa
CTOF_DEL    ---     0.495      R5C12A.C0 to      R5C12A.F0 system/core/SLICE_399
ROUTE         1     1.460      R5C12A.F0 to       R5C6C.D0 system/core/engine/seq/dispatch_address_i_m[0]
CTOF_DEL    ---     0.495       R5C6C.D0 to       R5C6C.F0 system/core/engine/seq/SLICE_392
ROUTE         1     0.967       R5C6C.F0 to       R5C6C.A1 system/core/engine/seq/next_address_0_iv_6[0]
CTOF_DEL    ---     0.495       R5C6C.A1 to       R5C6C.F1 system/core/engine/seq/SLICE_392
ROUTE         1     1.022       R5C6C.F1 to       R7C6D.D0 system/core/engine/seq/next_address_0_iv_i_1[0]
CTOF_DEL    ---     0.495       R7C6D.D0 to       R7C6D.F0 system/core/engine/seq/SLICE_254
ROUTE         5     1.205       R7C6D.F0 to  EBR_R6C4.ADA3 system/core/engine/next_address_0_iv_i[0] (to clk_c)
                  --------
                   18.596   (30.0% logic, 70.0% route), 10 logic levels.

Unconstrained Preference:
   INPUT_SETUP PORT "reset" CLKPORT "clk" 

Report:   18.212ns delay reset to system/core/engine/rom/lane_3 (18.238ns delay and -0.026ns setup)

   Name    Fanout   Delay (ns)          Site               Resource
PADI_DEL    ---     1.132          4.PAD to        4.PADDI reset
ROUTE       252     3.714        4.PADDI to       R4C7D.A1 reset_c
CTOF_DEL    ---     0.495       R4C7D.A1 to       R4C7D.F1 system/core/engine/SLICE_316
ROUTE        11     1.215       R4C7D.F1 to       R3C5D.C1 system/requestdup
CTOF_DEL    ---     0.495       R3C5D.C1 to       R3C5D.F1 SLICE_157
ROUTE         2     0.654       R3C5D.F1 to       R3C6A.D1 system/ackdup
CTOF_DEL    ---     0.495       R3C6A.D1 to       R3C6A.F1 system/SLICE_351
ROUTE         9     0.340       R3C6A.F1 to       R3C6B.D1 system/core/engine/retirec_1
CTOOFX_DEL  ---     0.721       R3C6B.D1 to     R3C6B.OFX0 system/core/engine/seq/predicates_pmux_6/SLICE_261
ROUTE         1     0.623     R3C6B.OFX0 to       R4C6A.D0 system/core/engine/seq/N_73
CTOF_DEL    ---     0.495       R4C6A.D0 to       R4C6A.F0 system/core/engine/seq/SLICE_383
ROUTE         2     0.635       R4C6A.F0 to       R4C6D.D0 system/core/engine/seq/condition
CTOF_DEL    ---     0.495       R4C6D.D0 to       R4C6D.F0 system/core/engine/seq/SLICE_378
ROUTE         1     0.958       R4C6D.F0 to       R2C6A.D0 system/core/engine/seq/next_address_0_sqmuxa_3
CTOF_DEL    ---     0.495       R2C6A.D0 to       R2C6A.F0 system/core/engine/seq/SLICE_375
ROUTE         1     0.958       R2C6A.F0 to       R4C6C.D1 system/core/engine/seq/next_address_0_sqmuxa_4
CTOF_DEL    ---     0.495       R4C6C.D1 to       R4C6C.F1 system/core/engine/seq/SLICE_370
ROUTE        10     1.016       R4C6C.F1 to       R4C7B.A1 system/core/engine/seq/next_address_1_sqmuxa_5
CTOF_DEL    ---     0.495       R4C7B.A1 to       R4C7B.F1 system/core/engine/seq/SLICE_596
ROUTE         1     1.001       R4C7B.F1 to       R4C8C.B1 system/core/engine/seq/uword_m[20]
CTOF_DEL    ---     0.495       R4C8C.B1 to       R4C8C.F1 system/core/engine/seq/SLICE_258
ROUTE         5     0.816       R4C8C.F1 to EBR_R6C7.ADA12 system/core/engine/next_address[9] (to clk_c)
                  --------
                   18.238   (34.6% logic, 65.4% route), 11 logic levels.

Unconstrained Preference:
   INPUT_SETUP PORT "reset" CLKPORT "clk" 

Report:   18.160ns delay reset to system/core/engine/rom/lane_0 (18.186ns delay and -0.026ns setup)

   Name    Fanout   Delay (ns)          Site               Resource
PADI_DEL    ---     1.132          4.PAD to        4.PADDI reset
ROUTE       252     3.714        4.PADDI to       R4C7D.A1 reset_c
CTOF_DEL    ---     0.495       R4C7D.A1 to       R4C7D.F1 system/core/engine/SLICE_316
ROUTE        11     1.215       R4C7D.F1 to       R3C5D.C1 system/requestdup
CTOF_DEL    ---     0.495       R3C5D.C1 to       R3C5D.F1 SLICE_157
ROUTE         2     0.654       R3C5D.F1 to       R3C6A.D1 system/ackdup
CTOF_DEL    ---     0.495       R3C6A.D1 to       R3C6A.F1 system/SLICE_351
ROUTE         9     0.340       R3C6A.F1 to       R3C6B.D1 system/core/engine/retirec_1
CTOOFX_DEL  ---     0.721       R3C6B.D1 to     R3C6B.OFX0 system/core/engine/seq/predicates_pmux_6/SLICE_261
ROUTE         1     0.623     R3C6B.OFX0 to       R4C6A.D0 system/core/engine/seq/N_73
CTOF_DEL    ---     0.495       R4C6A.D0 to       R4C6A.F0 system/core/engine/seq/SLICE_383
ROUTE         2     0.635       R4C6A.F0 to       R4C6D.D0 system/core/engine/seq/condition
CTOF_DEL    ---     0.495       R4C6D.D0 to       R4C6D.F0 system/core/engine/seq/SLICE_378
ROUTE         1     0.958       R4C6D.F0 to       R2C6A.D0 system/core/engine/seq/next_address_0_sqmuxa_3
CTOF_DEL    ---     0.495       R2C6A.D0 to       R2C6A.F0 system/core/engine/seq/SLICE_375
ROUTE         1     0.958       R2C6A.F0 to       R4C6C.D1 system/core/engine/seq/next_address_0_sqmuxa_4
CTOF_DEL    ---     0.495       R4C6C.D1 to       R4C6C.F1 system/core/engine/seq/SLICE_370
ROUTE        10     1.016       R4C6C.F1 to       R4C7B.A0 system/core/engine/seq/next_address_1_sqmuxa_5
CTOF_DEL    ---     0.495       R4C7B.A0 to       R4C7B.F0 system/core/engine/seq/SLICE_596
ROUTE         1     0.436       R4C7B.F0 to       R4C7A.C0 system/core/engine/seq/uword_m[17]
CTOF_DEL    ---     0.495       R4C7A.C0 to       R4C7A.F0 system/core/engine/seq/SLICE_257
ROUTE         5     1.329       R4C7A.F0 to  EBR_R6C1.ADA9 system/core/engine/next_address[6] (to clk_c)
                  --------
                   18.186   (34.7% logic, 65.3% route), 11 logic levels.

Unconstrained Preference:
   INPUT_SETUP PORT "reset" CLKPORT "clk" 

Report:   18.160ns delay reset to system/core/engine/rom/lane_2 (18.186ns delay and -0.026ns setup)

   Name    Fanout   Delay (ns)          Site               Resource
PADI_DEL    ---     1.132          4.PAD to        4.PADDI reset
ROUTE       252     3.714        4.PADDI to       R4C7D.A1 reset_c
CTOF_DEL    ---     0.495       R4C7D.A1 to       R4C7D.F1 system/core/engine/SLICE_316
ROUTE        11     1.215       R4C7D.F1 to       R3C5D.C1 system/requestdup
CTOF_DEL    ---     0.495       R3C5D.C1 to       R3C5D.F1 SLICE_157
ROUTE         2     0.654       R3C5D.F1 to       R3C6A.D1 system/ackdup
CTOF_DEL    ---     0.495       R3C6A.D1 to       R3C6A.F1 system/SLICE_351
ROUTE         9     0.340       R3C6A.F1 to       R3C6B.D1 system/core/engine/retirec_1
CTOOFX_DEL  ---     0.721       R3C6B.D1 to     R3C6B.OFX0 system/core/engine/seq/predicates_pmux_6/SLICE_261
ROUTE         1     0.623     R3C6B.OFX0 to       R4C6A.D0 system/core/engine/seq/N_73
CTOF_DEL    ---     0.495       R4C6A.D0 to       R4C6A.F0 system/core/engine/seq/SLICE_383
ROUTE         2     0.635       R4C6A.F0 to       R4C6D.D0 system/core/engine/seq/condition
CTOF_DEL    ---     0.495       R4C6D.D0 to       R4C6D.F0 system/core/engine/seq/SLICE_378
ROUTE         1     0.958       R4C6D.F0 to       R2C6A.D0 system/core/engine/seq/next_address_0_sqmuxa_3
CTOF_DEL    ---     0.495       R2C6A.D0 to       R2C6A.F0 system/core/engine/seq/SLICE_375
ROUTE         1     0.958       R2C6A.F0 to       R4C6C.D1 system/core/engine/seq/next_address_0_sqmuxa_4
CTOF_DEL    ---     0.495       R4C6C.D1 to       R4C6C.F1 system/core/engine/seq/SLICE_370
ROUTE        10     1.016       R4C6C.F1 to       R4C7B.A0 system/core/engine/seq/next_address_1_sqmuxa_5
CTOF_DEL    ---     0.495       R4C7B.A0 to       R4C7B.F0 system/core/engine/seq/SLICE_596
ROUTE         1     0.436       R4C7B.F0 to       R4C7A.C0 system/core/engine/seq/uword_m[17]
CTOF_DEL    ---     0.495       R4C7A.C0 to       R4C7A.F0 system/core/engine/seq/SLICE_257
ROUTE         5     1.329       R4C7A.F0 to  EBR_R6C4.ADA9 system/core/engine/next_address[6] (to clk_c)
                  --------
                   18.186   (34.7% logic, 65.3% route), 11 logic levels.

Unconstrained Preference:
   INPUT_SETUP PORT "reset" CLKPORT "clk" 

Report:   18.152ns delay reset to system/core/engine/rom/lane_1 (18.178ns delay and -0.026ns setup)

   Name    Fanout   Delay (ns)          Site               Resource
PADI_DEL    ---     1.132          4.PAD to        4.PADDI reset
ROUTE       252     3.714        4.PADDI to       R4C7D.A1 reset_c
CTOF_DEL    ---     0.495       R4C7D.A1 to       R4C7D.F1 system/core/engine/SLICE_316
ROUTE        11     1.215       R4C7D.F1 to       R3C5D.C1 system/requestdup
CTOF_DEL    ---     0.495       R3C5D.C1 to       R3C5D.F1 SLICE_157
ROUTE         2     0.654       R3C5D.F1 to       R3C6A.D1 system/ackdup
CTOF_DEL    ---     0.495       R3C6A.D1 to       R3C6A.F1 system/SLICE_351
ROUTE         9     0.340       R3C6A.F1 to       R3C6B.D1 system/core/engine/retirec_1
CTOOFX_DEL  ---     0.721       R3C6B.D1 to     R3C6B.OFX0 system/core/engine/seq/predicates_pmux_6/SLICE_261
ROUTE         1     0.623     R3C6B.OFX0 to       R4C6A.D0 system/core/engine/seq/N_73
CTOF_DEL    ---     0.495       R4C6A.D0 to       R4C6A.F0 system/core/engine/seq/SLICE_383
ROUTE         2     0.635       R4C6A.F0 to       R4C6D.D0 system/core/engine/seq/condition
CTOF_DEL    ---     0.495       R4C6D.D0 to       R4C6D.F0 system/core/engine/seq/SLICE_378
ROUTE         1     0.958       R4C6D.F0 to       R2C6A.D0 system/core/engine/seq/next_address_0_sqmuxa_3
CTOF_DEL    ---     0.495       R2C6A.D0 to       R2C6A.F0 system/core/engine/seq/SLICE_375
ROUTE         1     0.958       R2C6A.F0 to       R4C6C.D1 system/core/engine/seq/next_address_0_sqmuxa_4
CTOF_DEL    ---     0.495       R4C6C.D1 to       R4C6C.F1 system/core/engine/seq/SLICE_370
ROUTE        10     1.016       R4C6C.F1 to       R4C7B.A0 system/core/engine/seq/next_address_1_sqmuxa_5
CTOF_DEL    ---     0.495       R4C7B.A0 to       R4C7B.F0 system/core/engine/seq/SLICE_596
ROUTE         1     0.436       R4C7B.F0 to       R4C7A.C0 system/core/engine/seq/uword_m[17]
CTOF_DEL    ---     0.495       R4C7A.C0 to       R4C7A.F0 system/core/engine/seq/SLICE_257
ROUTE         5     1.321       R4C7A.F0 to EBR_R6C10.ADA9 system/core/engine/next_address[6] (to clk_c)
                  --------
                   18.178   (34.7% logic, 65.3% route), 11 logic levels.

Unconstrained Preference:
   INPUT_SETUP PORT "reset" CLKPORT "clk" 

Report:   18.105ns delay reset to system/core/engine/seq/SLICE_256 (17.939ns delay and 0.166ns setup)

   Name    Fanout   Delay (ns)          Site               Resource
PADI_DEL    ---     1.132          4.PAD to        4.PADDI reset
ROUTE       252     4.752        4.PADDI to       R3C4D.C1 reset_c
CTOF_DEL    ---     0.495       R3C4D.C1 to       R3C4D.F1 system/core/engine/seq/SLICE_410
ROUTE         2     1.019       R3C4D.F1 to       R3C4A.B0 system/core/engine/seq/next_address_7_sqmuxa_5_fc
CTOF_DEL    ---     0.495       R3C4A.B0 to       R3C4A.F0 system/core/engine/SLICE_409
ROUTE         3     2.591       R3C4A.F0 to       R3C9D.B0 system/core/engine/seq/next_address_9_sqmuxa_fc
CTOF_DEL    ---     0.495       R3C9D.B0 to       R3C9D.F0 system/core/engine/seq/SLICE_408
ROUTE         2     0.445       R3C9D.F0 to       R3C9C.C1 system/core/engine/seq/N_51_1_fc
CTOF_DEL    ---     0.495       R3C9C.C1 to       R3C9C.F1 system/core/engine/seq/SLICE_387
ROUTE         7     1.309       R3C9C.F1 to       R2C9C.C1 system/core/engine/seq/N_53
CTOF_DEL    ---     0.495       R2C9C.C1 to       R2C9C.F1 system/core/engine/seq/SLICE_386
ROUTE         1     1.004       R2C9C.F1 to       R2C9C.B0 system/core/engine/seq/next_address_1_iv_1[4]
CTOF_DEL    ---     0.495       R2C9C.B0 to       R2C9C.F0 system/core/engine/seq/SLICE_386
ROUTE         1     0.744       R2C9C.F0 to       R2C8C.C0 system/core/engine/seq/next_address_1_iv_3[4]
CTOF_DEL    ---     0.495       R2C8C.C0 to       R2C8C.F0 system/core/engine/seq/SLICE_380
ROUTE         1     0.958       R2C8C.F0 to       R5C8D.D0 system/core/engine/seq/next_address_1_iv_5[4]
CTOF_DEL    ---     0.495       R5C8D.D0 to       R5C8D.F0 system/core/engine/seq/SLICE_256
ROUTE         5     0.025       R5C8D.F0 to      R5C8D.DI0 system/core/engine/next_address_1_iv_i[4] (to clk_c)
                  --------
                   17.939   (28.4% logic, 71.6% route), 9 logic levels.

Unconstrained Preference:
   INPUT_SETUP PORT "reset" CLKPORT "clk" 

Report:   18.017ns delay reset to system/core/engine/rom/lane_3 (18.043ns delay and -0.026ns setup)

   Name    Fanout   Delay (ns)          Site               Resource
PADI_DEL    ---     1.132          4.PAD to        4.PADDI reset
ROUTE       252     3.714        4.PADDI to       R4C7D.A1 reset_c
CTOF_DEL    ---     0.495       R4C7D.A1 to       R4C7D.F1 system/core/engine/SLICE_316
ROUTE        11     1.215       R4C7D.F1 to       R3C5D.C1 system/requestdup
CTOF_DEL    ---     0.495       R3C5D.C1 to       R3C5D.F1 SLICE_157
ROUTE         2     0.654       R3C5D.F1 to       R3C6A.D1 system/ackdup
CTOF_DEL    ---     0.495       R3C6A.D1 to       R3C6A.F1 system/SLICE_351
ROUTE         9     0.340       R3C6A.F1 to       R3C6B.D1 system/core/engine/retirec_1
CTOOFX_DEL  ---     0.721       R3C6B.D1 to     R3C6B.OFX0 system/core/engine/seq/predicates_pmux_6/SLICE_261
ROUTE         1     0.623     R3C6B.OFX0 to       R4C6A.D0 system/core/engine/seq/N_73
CTOF_DEL    ---     0.495       R4C6A.D0 to       R4C6A.F0 system/core/engine/seq/SLICE_383
ROUTE         2     0.635       R4C6A.F0 to       R4C6D.D0 system/core/engine/seq/condition
CTOF_DEL    ---     0.495       R4C6D.D0 to       R4C6D.F0 system/core/engine/seq/SLICE_378
ROUTE         1     0.958       R4C6D.F0 to       R2C6A.D0 system/core/engine/seq/next_address_0_sqmuxa_3
CTOF_DEL    ---     0.495       R2C6A.D0 to       R2C6A.F0 system/core/engine/seq/SLICE_375
ROUTE         1     0.958       R2C6A.F0 to       R4C6C.D1 system/core/engine/seq/next_address_0_sqmuxa_4
CTOF_DEL    ---     0.495       R4C6C.D1 to       R4C6C.F1 system/core/engine/seq/SLICE_370
ROUTE        10     1.016       R4C6C.F1 to       R4C7B.A0 system/core/engine/seq/next_address_1_sqmuxa_5
CTOF_DEL    ---     0.495       R4C7B.A0 to       R4C7B.F0 system/core/engine/seq/SLICE_596
ROUTE         1     0.436       R4C7B.F0 to       R4C7A.C0 system/core/engine/seq/uword_m[17]
CTOF_DEL    ---     0.495       R4C7A.C0 to       R4C7A.F0 system/core/engine/seq/SLICE_257
ROUTE         5     1.186       R4C7A.F0 to  EBR_R6C7.ADA9 system/core/engine/next_address[6] (to clk_c)
                  --------
                   18.043   (35.0% logic, 65.0% route), 11 logic levels.

Unconstrained Preference:
   INPUT_SETUP PORT "reset" CLKPORT "clk" 

Report:   17.928ns delay reset to system/core/engine/seq/SLICE_255 (17.762ns delay and 0.166ns setup)

   Name    Fanout   Delay (ns)          Site               Resource
PADI_DEL    ---     1.132          4.PAD to        4.PADDI reset
ROUTE       252     4.161        4.PADDI to       R3C7D.A1 reset_c
CTOF_DEL    ---     0.495       R3C7D.A1 to       R3C7D.F1 system/core/engine/seq/SLICE_598
ROUTE         5     0.999       R3C7D.F1 to       R3C7B.A0 system/core/engine/seq/next_address_5_sqmuxa_2
CTOF_DEL    ---     0.495       R3C7B.A0 to       R3C7B.F0 system/core/engine/seq/SLICE_367
ROUTE         5     1.785       R3C7B.F0 to      R3C10B.C1 system/core/engine/seq/next_address_6_sqmuxa_fc
CTOF_DEL    ---     0.495      R3C10B.C1 to      R3C10B.F1 system/core/engine/seq/SLICE_407
ROUTE         1     0.436      R3C10B.F1 to      R3C10B.C0 system/core/engine/seq/next_address_8_i_m[2]
CTOF_DEL    ---     0.495      R3C10B.C0 to      R3C10B.F0 system/core/engine/seq/SLICE_407
ROUTE         1     0.747      R3C10B.F0 to      R3C10C.C1 system/core/engine/seq/next_address_1_iv_1[2]
CTOF_DEL    ---     0.495      R3C10C.C1 to      R3C10C.F1 system/core/engine/seq/SLICE_311
ROUTE         1     0.626      R3C10C.F1 to      R3C10C.D0 system/core/engine/seq/next_address_1_iv_2[2]
CTOF_DEL    ---     0.495      R3C10C.D0 to      R3C10C.F0 system/core/engine/seq/SLICE_311
ROUTE         1     0.986      R3C10C.F0 to      R3C11A.A0 system/core/engine/seq/next_address_1_iv_3[2]
CTOF_DEL    ---     0.495      R3C11A.A0 to      R3C11A.F0 system/core/engine/seq/SLICE_391
ROUTE         1     0.958      R3C11A.F0 to      R2C10B.D0 system/core/engine/seq/next_address_1_iv_4[2]
CTOF_DEL    ---     0.495      R2C10B.D0 to      R2C10B.F0 system/core/engine/SLICE_379
ROUTE         1     1.460      R2C10B.F0 to       R5C7D.D0 system/core/engine/seq/next_address_1_iv_7[2]
CTOF_DEL    ---     0.495       R5C7D.D0 to       R5C7D.F0 system/core/engine/seq/SLICE_255
ROUTE         5     0.017       R5C7D.F0 to      R5C7D.DI0 system/core/engine/next_address_1_iv_i[2] (to clk_c)
                  --------
                   17.762   (31.5% logic, 68.5% route), 10 logic levels.

Unconstrained Preference:
   INPUT_SETUP PORT "reset" CLKPORT "clk" 

Report:   17.917ns delay reset to system/sequential.memory/transport/SLICE_57 (17.751ns delay and 0.166ns setup)

   Name    Fanout   Delay (ns)          Site               Resource
PADI_DEL    ---     1.132          4.PAD to        4.PADDI reset
ROUTE       252     3.714        4.PADDI to       R4C7D.A1 reset_c
CTOF_DEL    ---     0.495       R4C7D.A1 to       R4C7D.F1 system/core/engine/SLICE_316
ROUTE        11     1.215       R4C7D.F1 to       R3C5D.C1 system/requestdup
CTOF_DEL    ---     0.495       R3C5D.C1 to       R3C5D.F1 SLICE_157
ROUTE         2     0.654       R3C5D.F1 to       R3C6A.D1 system/ackdup
CTOF_DEL    ---     0.495       R3C6A.D1 to       R3C6A.F1 system/SLICE_351
ROUTE         9     1.197       R3C6A.F1 to       R4C9A.D0 system/core/engine/retirec_1
CTOF_DEL    ---     0.495       R4C9A.D0 to       R4C9A.F0 system/core/engine/SLICE_301
ROUTE         9     1.327       R4C9A.F0 to       R7C8B.C1 stepdup
CTOF_DEL    ---     0.495       R7C8B.C1 to       R7C8B.F1 SLICE_539
ROUTE        18     1.039       R7C8B.F1 to       R7C6B.B0 system/rf_writedup
CTOF_DEL    ---     0.495       R7C6B.B0 to       R7C6B.F0 system/SLICE_360
ROUTE         3     1.024       R7C6B.F0 to       R7C5C.B0 system/sequential.memory/launch_i_o2dup
CTOF_DEL    ---     0.495       R7C5C.B0 to       R7C5C.F0 system/sequential.memory/transport/SLICE_304
ROUTE         2     0.993       R7C5C.F0 to       R7C3A.A0 system/sequential.memory/transport/N_245
CTOF_DEL    ---     0.495       R7C3A.A0 to       R7C3A.F0 system/sequential.memory/transport/SLICE_339
ROUTE         1     1.001       R7C3A.F0 to       R7C4A.B0 system/sequential.memory/transport/spi_cs_n_8_iv_1
CTOF_DEL    ---     0.495       R7C4A.B0 to       R7C4A.F0 system/sequential.memory/transport/SLICE_57
ROUTE         1     0.000       R7C4A.F0 to      R7C4A.DI0 system/sequential.memory/transport/spi_cs_n_8 (to clk_c)
                  --------
                   17.751   (31.5% logic, 68.5% route), 10 logic levels.

Unconstrained Preference:
   INPUT_SETUP PORT "reset" CLKPORT "clk" 

Report:   17.891ns delay reset to system/core/engine/seq/SLICE_254 (17.725ns delay and 0.166ns setup)

   Name    Fanout   Delay (ns)          Site               Resource
PADI_DEL    ---     1.132          4.PAD to        4.PADDI reset
ROUTE       252     4.752        4.PADDI to       R3C4D.C1 reset_c
CTOF_DEL    ---     0.495       R3C4D.C1 to       R3C4D.F1 system/core/engine/seq/SLICE_410
ROUTE         2     1.019       R3C4D.F1 to       R3C4D.B0 system/core/engine/seq/next_address_7_sqmuxa_5_fc
CTOF_DEL    ---     0.495       R3C4D.B0 to       R3C4D.F0 system/core/engine/seq/SLICE_410
ROUTE         4     1.982       R3C4D.F0 to      R4C10C.D1 system/core/engine/seq/next_address_7_sqmuxa_fc
CTOF_DEL    ---     0.495      R4C10C.D1 to      R4C10C.F1 system/core/engine/seq/SLICE_313
ROUTE         1     0.436      R4C10C.F1 to      R4C10C.C0 system/core/engine/seq/next_address_9_m[1]
CTOF_DEL    ---     0.495      R4C10C.C0 to      R4C10C.F0 system/core/engine/seq/SLICE_313
ROUTE         1     0.747      R4C10C.F0 to      R4C10A.C0 system/core/engine/seq/next_address_1_iv_1[1]
CTOF_DEL    ---     0.495      R4C10A.C0 to      R4C10A.F0 system/core/engine/seq/SLICE_406
ROUTE         1     1.978      R4C10A.F0 to       R8C9B.B0 system/core/engine/seq/next_address_1_iv_2[1]
CTOF_DEL    ---     0.495       R8C9B.B0 to       R8C9B.F0 system/core/engine/seq/SLICE_390
ROUTE         1     0.744       R8C9B.F0 to       R8C8A.C0 system/core/engine/seq/next_address_1_iv_5[1]
CTOF_DEL    ---     0.495       R8C8A.C0 to       R8C8A.F0 system/core/engine/seq/SLICE_377
ROUTE         1     0.958       R8C8A.F0 to       R7C6D.D1 system/core/engine/seq/next_address_1_iv_8[1]
CTOF_DEL    ---     0.495       R7C6D.D1 to       R7C6D.F1 system/core/engine/seq/SLICE_254
ROUTE         5     0.017       R7C6D.F1 to      R7C6D.DI1 system/core/engine/next_address[1] (to clk_c)
                  --------
                   17.725   (28.7% logic, 71.3% route), 9 logic levels.

Unconstrained Preference:
   INPUT_SETUP PORT "reset" CLKPORT "clk" 

Report:   17.720ns delay reset to system/core/engine/seq/SLICE_258 (17.554ns delay and 0.166ns setup)

   Name    Fanout   Delay (ns)          Site               Resource
PADI_DEL    ---     1.132          4.PAD to        4.PADDI reset
ROUTE       252     3.714        4.PADDI to       R4C7D.A1 reset_c
CTOF_DEL    ---     0.495       R4C7D.A1 to       R4C7D.F1 system/core/engine/SLICE_316
ROUTE        11     1.215       R4C7D.F1 to       R3C5D.C1 system/requestdup
CTOF_DEL    ---     0.495       R3C5D.C1 to       R3C5D.F1 SLICE_157
ROUTE         2     0.654       R3C5D.F1 to       R3C6A.D1 system/ackdup
CTOF_DEL    ---     0.495       R3C6A.D1 to       R3C6A.F1 system/SLICE_351
ROUTE         9     1.204       R3C6A.F1 to       R5C9D.D1 system/core/engine/retirec_1
CTOF_DEL    ---     0.495       R5C9D.D1 to       R5C9D.F1 system/core/engine/SLICE_400
ROUTE         2     0.445       R5C9D.F1 to       R5C9D.C0 system/core/engine/fault_redirectdup
CTOF_DEL    ---     0.495       R5C9D.C0 to       R5C9D.F0 system/core/engine/SLICE_400
ROUTE         9     1.530       R5C9D.F0 to      R5C11C.D0 system/core/engine/seq/next_address_5_sqmuxa
CTOF_DEL    ---     0.495      R5C11C.D0 to      R5C11C.F0 system/core/SLICE_395
ROUTE         1     1.413      R5C11C.F0 to       R3C9C.A0 system/core/engine/seq/dispatch_address_m[8]
CTOF_DEL    ---     0.495       R3C9C.A0 to       R3C9C.F0 system/core/engine/seq/SLICE_387
ROUTE         1     1.001       R3C9C.F0 to       R3C8C.B0 system/core/engine/seq/next_address_2_iv_1[8]
CTOF_DEL    ---     0.495       R3C8C.B0 to       R3C8C.F0 system/core/engine/seq/SLICE_376
ROUTE         1     0.766       R3C8C.F0 to       R4C8C.C0 system/core/engine/seq/next_address_2_iv_3[8]
CTOF_DEL    ---     0.495       R4C8C.C0 to       R4C8C.F0 system/core/engine/seq/SLICE_258
ROUTE         5     0.025       R4C8C.F0 to      R4C8C.DI0 system/core/engine/next_address[8] (to clk_c)
                  --------
                   17.554   (31.8% logic, 68.2% route), 10 logic levels.

Unconstrained Preference:
   INPUT_SETUP PORT "reset" CLKPORT "clk" 

Report:   17.613ns delay reset to system/core/engine/seq/SLICE_258 (17.447ns delay and 0.166ns setup)

   Name    Fanout   Delay (ns)          Site               Resource
PADI_DEL    ---     1.132          4.PAD to        4.PADDI reset
ROUTE       252     3.714        4.PADDI to       R4C7D.A1 reset_c
CTOF_DEL    ---     0.495       R4C7D.A1 to       R4C7D.F1 system/core/engine/SLICE_316
ROUTE        11     1.215       R4C7D.F1 to       R3C5D.C1 system/requestdup
CTOF_DEL    ---     0.495       R3C5D.C1 to       R3C5D.F1 SLICE_157
ROUTE         2     0.654       R3C5D.F1 to       R3C6A.D1 system/ackdup
CTOF_DEL    ---     0.495       R3C6A.D1 to       R3C6A.F1 system/SLICE_351
ROUTE         9     0.340       R3C6A.F1 to       R3C6B.D1 system/core/engine/retirec_1
CTOOFX_DEL  ---     0.721       R3C6B.D1 to     R3C6B.OFX0 system/core/engine/seq/predicates_pmux_6/SLICE_261
ROUTE         1     0.623     R3C6B.OFX0 to       R4C6A.D0 system/core/engine/seq/N_73
CTOF_DEL    ---     0.495       R4C6A.D0 to       R4C6A.F0 system/core/engine/seq/SLICE_383
ROUTE         2     0.635       R4C6A.F0 to       R4C6D.D0 system/core/engine/seq/condition
CTOF_DEL    ---     0.495       R4C6D.D0 to       R4C6D.F0 system/core/engine/seq/SLICE_378
ROUTE         1     0.958       R4C6D.F0 to       R2C6A.D0 system/core/engine/seq/next_address_0_sqmuxa_3
CTOF_DEL    ---     0.495       R2C6A.D0 to       R2C6A.F0 system/core/engine/seq/SLICE_375
ROUTE         1     0.958       R2C6A.F0 to       R4C6C.D1 system/core/engine/seq/next_address_0_sqmuxa_4
CTOF_DEL    ---     0.495       R4C6C.D1 to       R4C6C.F1 system/core/engine/seq/SLICE_370
ROUTE        10     1.016       R4C6C.F1 to       R4C7B.A1 system/core/engine/seq/next_address_1_sqmuxa_5
CTOF_DEL    ---     0.495       R4C7B.A1 to       R4C7B.F1 system/core/engine/seq/SLICE_596
ROUTE         1     1.001       R4C7B.F1 to       R4C8C.B1 system/core/engine/seq/uword_m[20]
CTOF_DEL    ---     0.495       R4C8C.B1 to       R4C8C.F1 system/core/engine/seq/SLICE_258
ROUTE         5     0.025       R4C8C.F1 to      R4C8C.DI1 system/core/engine/next_address[9] (to clk_c)
                  --------
                   17.447   (36.2% logic, 63.8% route), 11 logic levels.

Unconstrained Preference:
   INPUT_SETUP PORT "reset" CLKPORT "clk" 

Report:   17.574ns delay reset to system/core/engine/seq/SLICE_254 (17.408ns delay and 0.166ns setup)

   Name    Fanout   Delay (ns)          Site               Resource
PADI_DEL    ---     1.132          4.PAD to        4.PADDI reset
ROUTE       252     3.714        4.PADDI to       R4C7D.A1 reset_c
CTOF_DEL    ---     0.495       R4C7D.A1 to       R4C7D.F1 system/core/engine/SLICE_316
ROUTE        11     1.215       R4C7D.F1 to       R3C5D.C1 system/requestdup
CTOF_DEL    ---     0.495       R3C5D.C1 to       R3C5D.F1 SLICE_157
ROUTE         2     0.654       R3C5D.F1 to       R3C6A.D1 system/ackdup
CTOF_DEL    ---     0.495       R3C6A.D1 to       R3C6A.F1 system/SLICE_351
ROUTE         9     1.204       R3C6A.F1 to       R5C9D.D1 system/core/engine/retirec_1
CTOF_DEL    ---     0.495       R5C9D.D1 to       R5C9D.F1 system/core/engine/SLICE_400
ROUTE         2     0.445       R5C9D.F1 to       R5C9D.C0 system/core/engine/fault_redirectdup
CTOF_DEL    ---     0.495       R5C9D.C0 to       R5C9D.F0 system/core/engine/SLICE_400
ROUTE         9     1.123       R5C9D.F0 to      R5C12A.C0 system/core/engine/seq/next_address_5_sqmuxa
CTOF_DEL    ---     0.495      R5C12A.C0 to      R5C12A.F0 system/core/SLICE_399
ROUTE         1     1.460      R5C12A.F0 to       R5C6C.D0 system/core/engine/seq/dispatch_address_i_m[0]
CTOF_DEL    ---     0.495       R5C6C.D0 to       R5C6C.F0 system/core/engine/seq/SLICE_392
ROUTE         1     0.967       R5C6C.F0 to       R5C6C.A1 system/core/engine/seq/next_address_0_iv_6[0]
CTOF_DEL    ---     0.495       R5C6C.A1 to       R5C6C.F1 system/core/engine/seq/SLICE_392
ROUTE         1     1.022       R5C6C.F1 to       R7C6D.D0 system/core/engine/seq/next_address_0_iv_i_1[0]
CTOF_DEL    ---     0.495       R7C6D.D0 to       R7C6D.F0 system/core/engine/seq/SLICE_254
ROUTE         5     0.017       R7C6D.F0 to      R7C6D.DI0 system/core/engine/next_address_0_iv_i[0] (to clk_c)
                  --------
                   17.408   (32.1% logic, 67.9% route), 10 logic levels.

Unconstrained Preference:
   INPUT_SETUP PORT "reset" CLKPORT "clk" 

Report:   17.450ns delay reset to system/core/engine/seq/SLICE_256 (17.284ns delay and 0.166ns setup)

   Name    Fanout   Delay (ns)          Site               Resource
PADI_DEL    ---     1.132          4.PAD to        4.PADDI reset
ROUTE       252     3.714        4.PADDI to       R4C7D.A1 reset_c
CTOF_DEL    ---     0.495       R4C7D.A1 to       R4C7D.F1 system/core/engine/SLICE_316
ROUTE        11     1.215       R4C7D.F1 to       R3C5D.C1 system/requestdup
CTOF_DEL    ---     0.495       R3C5D.C1 to       R3C5D.F1 SLICE_157
ROUTE         2     0.654       R3C5D.F1 to       R3C6A.D1 system/ackdup
CTOF_DEL    ---     0.495       R3C6A.D1 to       R3C6A.F1 system/SLICE_351
ROUTE         9     1.026       R3C6A.F1 to       R3C5A.B1 system/core/engine/retirec_1
CTOF_DEL    ---     0.495       R3C5A.B1 to       R3C5A.F1 system/core/engine/seq/SLICE_374
ROUTE         5     1.444       R3C5A.F1 to       R3C8C.A1 system/core/engine/seq/next_address_2_sqmuxa_1
CTOF_DEL    ---     0.495       R3C8C.A1 to       R3C8C.F1 system/core/engine/seq/SLICE_376
ROUTE        10     1.031       R3C8C.F1 to       R3C8B.A1 system/core/engine/seq/next_address_4_sqmuxa
CTOF_DEL    ---     0.495       R3C8B.A1 to       R3C8B.F1 system/core/engine/seq/SLICE_559
ROUTE         1     1.336       R3C8B.F1 to       R5C8A.B1 system/core/engine/seq/next_address_1_iv_2[5]
CTOF_DEL    ---     0.495       R5C8A.B1 to       R5C8A.F1 system/core/engine/seq/SLICE_373
ROUTE         1     0.626       R5C8A.F1 to       R5C8A.D0 system/core/engine/seq/next_address_1_iv_4[5]
CTOF_DEL    ---     0.495       R5C8A.D0 to       R5C8A.F0 system/core/engine/seq/SLICE_373
ROUTE         1     0.626       R5C8A.F0 to       R5C8D.D1 system/core/engine/seq/next_address_1_iv_5[5]
CTOF_DEL    ---     0.495       R5C8D.D1 to       R5C8D.F1 system/core/engine/seq/SLICE_256
ROUTE         5     0.025       R5C8D.F1 to      R5C8D.DI1 system/core/engine/next_address[5] (to clk_c)
                  --------
                   17.284   (32.3% logic, 67.7% route), 10 logic levels.

Unconstrained Preference:
   INPUT_SETUP PORT "reset" CLKPORT "clk" 

Report:   17.428ns delay reset to system/sequential.memory/transport/SLICE_57 (17.146ns delay and 0.282ns setup)

   Name    Fanout   Delay (ns)          Site               Resource
PADI_DEL    ---     1.132          4.PAD to        4.PADDI reset
ROUTE       252     3.714        4.PADDI to       R4C7D.A1 reset_c
CTOF_DEL    ---     0.495       R4C7D.A1 to       R4C7D.F1 system/core/engine/SLICE_316
ROUTE        11     1.215       R4C7D.F1 to       R3C5D.C1 system/requestdup
CTOF_DEL    ---     0.495       R3C5D.C1 to       R3C5D.F1 SLICE_157
ROUTE         2     0.654       R3C5D.F1 to       R3C6A.D1 system/ackdup
CTOF_DEL    ---     0.495       R3C6A.D1 to       R3C6A.F1 system/SLICE_351
ROUTE         9     1.197       R3C6A.F1 to       R4C9A.D0 system/core/engine/retirec_1
CTOF_DEL    ---     0.495       R4C9A.D0 to       R4C9A.F0 system/core/engine/SLICE_301
ROUTE         9     1.327       R4C9A.F0 to       R7C8B.C1 stepdup
CTOF_DEL    ---     0.495       R7C8B.C1 to       R7C8B.F1 SLICE_539
ROUTE        18     1.039       R7C8B.F1 to       R7C6B.B0 system/rf_writedup
CTOF_DEL    ---     0.495       R7C6B.B0 to       R7C6B.F0 system/SLICE_360
ROUTE         3     0.324       R7C6B.F0 to       R7C5D.D1 system/sequential.memory/launch_i_o2dup
CTOF_DEL    ---     0.495       R7C5D.D1 to       R7C5D.F1 system/sequential.memory/transport/SLICE_338
ROUTE         4     1.000       R7C5D.F1 to       R7C4D.A1 system/sequential.memory/transport/spi_cs_n_0_sqmuxa_i_o3dup
CTOF_DEL    ---     0.495       R7C4D.A1 to       R7C4D.F1 system/sequential.memory/transport/SLICE_337
ROUTE         1     0.436       R7C4D.F1 to       R7C4D.C0 system/sequential.memory/transport/N_234
CTOF_DEL    ---     0.495       R7C4D.C0 to       R7C4D.F0 system/sequential.memory/transport/SLICE_337
ROUTE         1     0.653       R7C4D.F0 to       R7C4A.CE system/sequential.memory/transport/un1_spi_active_3_0 (to clk_c)
                  --------
                   17.146   (32.6% logic, 67.4% route), 10 logic levels.

Unconstrained Preference:
   INPUT_SETUP PORT "reset" CLKPORT "clk" 

Report:   17.311ns delay reset to system/sequential.memory/transport/SLICE_236 (17.145ns delay and 0.166ns setup)

   Name    Fanout   Delay (ns)          Site               Resource
PADI_DEL    ---     1.132          4.PAD to        4.PADDI reset
ROUTE       252     3.714        4.PADDI to       R4C7D.A1 reset_c
CTOF_DEL    ---     0.495       R4C7D.A1 to       R4C7D.F1 system/core/engine/SLICE_316
ROUTE        11     1.215       R4C7D.F1 to       R3C5D.C1 system/requestdup
CTOF_DEL    ---     0.495       R3C5D.C1 to       R3C5D.F1 SLICE_157
ROUTE         2     0.654       R3C5D.F1 to       R3C6A.D1 system/ackdup
CTOF_DEL    ---     0.495       R3C6A.D1 to       R3C6A.F1 system/SLICE_351
ROUTE         9     1.197       R3C6A.F1 to       R4C9A.D0 system/core/engine/retirec_1
CTOF_DEL    ---     0.495       R4C9A.D0 to       R4C9A.F0 system/core/engine/SLICE_301
ROUTE         9     1.327       R4C9A.F0 to       R7C8B.C1 stepdup
CTOF_DEL    ---     0.495       R7C8B.C1 to       R7C8B.F1 SLICE_539
ROUTE        18     1.039       R7C8B.F1 to       R7C6B.B0 system/rf_writedup
CTOF_DEL    ---     0.495       R7C6B.B0 to       R7C6B.F0 system/SLICE_360
ROUTE         3     0.981       R7C6B.F0 to       R7C4C.D1 system/sequential.memory/launch_i_o2dup
CTOF_DEL    ---     0.495       R7C4C.D1 to       R7C4C.F1 system/sequential.memory/SLICE_349
ROUTE         2     0.445       R7C4C.F1 to       R7C4C.C0 system/sequential.memory/un1_match_word_1
CTOF_DEL    ---     0.495       R7C4C.C0 to       R7C4C.F0 system/sequential.memory/SLICE_349
ROUTE         1     0.986       R7C4C.F0 to       R8C4A.A0 system/sequential.memory/transport/N_165_i_1
CTOF_DEL    ---     0.495       R8C4A.A0 to       R8C4A.F0 system/sequential.memory/transport/SLICE_236
ROUTE         1     0.000       R8C4A.F0 to      R8C4A.DI0 system/sequential.memory/transport/N_165_i (to clk_c)
                  --------
                   17.145   (32.6% logic, 67.4% route), 10 logic levels.

Unconstrained Preference:
   INPUT_SETUP PORT "reset" CLKPORT "clk" 

Report:   17.301ns delay reset to system/sequential.memory/transport/SLICE_238 (17.135ns delay and 0.166ns setup)

   Name    Fanout   Delay (ns)          Site               Resource
PADI_DEL    ---     1.132          4.PAD to        4.PADDI reset
ROUTE       252     3.714        4.PADDI to       R4C7D.A1 reset_c
CTOF_DEL    ---     0.495       R4C7D.A1 to       R4C7D.F1 system/core/engine/SLICE_316
ROUTE        11     1.215       R4C7D.F1 to       R3C5D.C1 system/requestdup
CTOF_DEL    ---     0.495       R3C5D.C1 to       R3C5D.F1 SLICE_157
ROUTE         2     0.654       R3C5D.F1 to       R3C6A.D1 system/ackdup
CTOF_DEL    ---     0.495       R3C6A.D1 to       R3C6A.F1 system/SLICE_351
ROUTE         9     1.197       R3C6A.F1 to       R4C9A.D0 system/core/engine/retirec_1
CTOF_DEL    ---     0.495       R4C9A.D0 to       R4C9A.F0 system/core/engine/SLICE_301
ROUTE         9     1.327       R4C9A.F0 to       R7C8B.C1 stepdup
CTOF_DEL    ---     0.495       R7C8B.C1 to       R7C8B.F1 SLICE_539
ROUTE        18     1.039       R7C8B.F1 to       R7C6B.B0 system/rf_writedup
CTOF_DEL    ---     0.495       R7C6B.B0 to       R7C6B.F0 system/SLICE_360
ROUTE         3     0.981       R7C6B.F0 to       R7C4C.D1 system/sequential.memory/launch_i_o2dup
CTOF_DEL    ---     0.495       R7C4C.D1 to       R7C4C.F1 system/sequential.memory/SLICE_349
ROUTE         2     0.976       R7C4C.F1 to       R7C4A.A1 system/sequential.memory/un1_match_word_1
CTOF_DEL    ---     0.495       R7C4A.A1 to       R7C4A.F1 system/sequential.memory/transport/SLICE_57
ROUTE         2     0.445       R7C4A.F1 to       R7C4B.C0 system/sequential.memory/transport/N_256_2
CTOF_DEL    ---     0.495       R7C4B.C0 to       R7C4B.F0 system/sequential.memory/transport/SLICE_238
ROUTE         1     0.000       R7C4B.F0 to      R7C4B.DI0 system/sequential.memory/transport/N_93s (to clk_c)
                  --------
                   17.135   (32.6% logic, 67.4% route), 10 logic levels.

Unconstrained Preference:
   INPUT_SETUP PORT "reset" CLKPORT "clk" 

Report:   17.175ns delay reset to system/sequential.memory/transport/SLICE_231 (17.009ns delay and 0.166ns setup)

   Name    Fanout   Delay (ns)          Site               Resource
PADI_DEL    ---     1.132          4.PAD to        4.PADDI reset
ROUTE       252     3.714        4.PADDI to       R4C7D.A1 reset_c
CTOF_DEL    ---     0.495       R4C7D.A1 to       R4C7D.F1 system/core/engine/SLICE_316
ROUTE        11     1.215       R4C7D.F1 to       R3C5D.C1 system/requestdup
CTOF_DEL    ---     0.495       R3C5D.C1 to       R3C5D.F1 SLICE_157
ROUTE         2     0.654       R3C5D.F1 to       R3C6A.D1 system/ackdup
CTOF_DEL    ---     0.495       R3C6A.D1 to       R3C6A.F1 system/SLICE_351
ROUTE         9     1.197       R3C6A.F1 to       R4C9A.D0 system/core/engine/retirec_1
CTOF_DEL    ---     0.495       R4C9A.D0 to       R4C9A.F0 system/core/engine/SLICE_301
ROUTE         9     1.327       R4C9A.F0 to       R7C8B.C1 stepdup
CTOF_DEL    ---     0.495       R7C8B.C1 to       R7C8B.F1 SLICE_539
ROUTE        18     1.039       R7C8B.F1 to       R7C6B.B0 system/rf_writedup
CTOF_DEL    ---     0.495       R7C6B.B0 to       R7C6B.F0 system/SLICE_360
ROUTE         3     0.324       R7C6B.F0 to       R7C5D.D1 system/sequential.memory/launch_i_o2dup
CTOF_DEL    ---     0.495       R7C5D.D1 to       R7C5D.F1 system/sequential.memory/transport/SLICE_338
ROUTE         4     0.445       R7C5D.F1 to       R7C5D.C0 system/sequential.memory/transport/spi_cs_n_0_sqmuxa_i_o3dup
CTOF_DEL    ---     0.495       R7C5D.C0 to       R7C5D.F0 system/sequential.memory/transport/SLICE_338
ROUTE         2     1.507       R7C5D.F0 to       R7C3C.A1 system/sequential.memory/transport/N_232
CTOF_DEL    ---     0.495       R7C3C.A1 to       R7C3C.F1 system/sequential.memory/transport/SLICE_231
ROUTE         1     0.000       R7C3C.F1 to      R7C3C.DI1 system/sequential.memory/transport/N_183_i (to clk_c)
                  --------
                   17.009   (32.8% logic, 67.2% route), 10 logic levels.

Unconstrained Preference:
   INPUT_SETUP PORT "reset" CLKPORT "clk" 

Report:   17.048ns delay reset to system/core/engine/seq/SLICE_257 (16.882ns delay and 0.166ns setup)

   Name    Fanout   Delay (ns)          Site               Resource
PADI_DEL    ---     1.132          4.PAD to        4.PADDI reset
ROUTE       252     3.714        4.PADDI to       R4C7D.A1 reset_c
CTOF_DEL    ---     0.495       R4C7D.A1 to       R4C7D.F1 system/core/engine/SLICE_316
ROUTE        11     1.215       R4C7D.F1 to       R3C5D.C1 system/requestdup
CTOF_DEL    ---     0.495       R3C5D.C1 to       R3C5D.F1 SLICE_157
ROUTE         2     0.654       R3C5D.F1 to       R3C6A.D1 system/ackdup
CTOF_DEL    ---     0.495       R3C6A.D1 to       R3C6A.F1 system/SLICE_351
ROUTE         9     0.340       R3C6A.F1 to       R3C6B.D1 system/core/engine/retirec_1
CTOOFX_DEL  ---     0.721       R3C6B.D1 to     R3C6B.OFX0 system/core/engine/seq/predicates_pmux_6/SLICE_261
ROUTE         1     0.623     R3C6B.OFX0 to       R4C6A.D0 system/core/engine/seq/N_73
CTOF_DEL    ---     0.495       R4C6A.D0 to       R4C6A.F0 system/core/engine/seq/SLICE_383
ROUTE         2     0.635       R4C6A.F0 to       R4C6D.D0 system/core/engine/seq/condition
CTOF_DEL    ---     0.495       R4C6D.D0 to       R4C6D.F0 system/core/engine/seq/SLICE_378
ROUTE         1     0.958       R4C6D.F0 to       R2C6A.D0 system/core/engine/seq/next_address_0_sqmuxa_3
CTOF_DEL    ---     0.495       R2C6A.D0 to       R2C6A.F0 system/core/engine/seq/SLICE_375
ROUTE         1     0.958       R2C6A.F0 to       R4C6C.D1 system/core/engine/seq/next_address_0_sqmuxa_4
CTOF_DEL    ---     0.495       R4C6C.D1 to       R4C6C.F1 system/core/engine/seq/SLICE_370
ROUTE        10     1.016       R4C6C.F1 to       R4C7B.A0 system/core/engine/seq/next_address_1_sqmuxa_5
CTOF_DEL    ---     0.495       R4C7B.A0 to       R4C7B.F0 system/core/engine/seq/SLICE_596
ROUTE         1     0.436       R4C7B.F0 to       R4C7A.C0 system/core/engine/seq/uword_m[17]
CTOF_DEL    ---     0.495       R4C7A.C0 to       R4C7A.F0 system/core/engine/seq/SLICE_257
ROUTE         5     0.025       R4C7A.F0 to      R4C7A.DI0 system/core/engine/next_address[6] (to clk_c)
                  --------
                   16.882   (37.4% logic, 62.6% route), 11 logic levels.

Unconstrained Preference:
   INPUT_SETUP PORT "reset" CLKPORT "clk" 

Report:   16.514ns delay reset to system/sequential.memory/SLICE_209 (16.348ns delay and 0.166ns setup)

   Name    Fanout   Delay (ns)          Site               Resource
PADI_DEL    ---     1.132          4.PAD to        4.PADDI reset
ROUTE       252     3.714        4.PADDI to       R4C7D.A1 reset_c
CTOF_DEL    ---     0.495       R4C7D.A1 to       R4C7D.F1 system/core/engine/SLICE_316
ROUTE        11     1.215       R4C7D.F1 to       R3C5D.C1 system/requestdup
CTOF_DEL    ---     0.495       R3C5D.C1 to       R3C5D.F1 SLICE_157
ROUTE         2     0.654       R3C5D.F1 to       R3C6A.D1 system/ackdup
CTOF_DEL    ---     0.495       R3C6A.D1 to       R3C6A.F1 system/SLICE_351
ROUTE         9     1.197       R3C6A.F1 to       R4C9A.D0 system/core/engine/retirec_1
CTOF_DEL    ---     0.495       R4C9A.D0 to       R4C9A.F0 system/core/engine/SLICE_301
ROUTE         9     1.327       R4C9A.F0 to       R7C8B.C1 stepdup
CTOF_DEL    ---     0.495       R7C8B.C1 to       R7C8B.F1 SLICE_539
ROUTE        18     1.634       R7C8B.F1 to       R5C5C.D1 system/rf_writedup
CTOF_DEL    ---     0.495       R5C5C.D1 to       R5C5C.F1 system/SLICE_354
ROUTE         1     0.436       R5C5C.F1 to       R5C5C.C0 system/un1_debug_rf_writedup
CTOF_DEL    ---     0.495       R5C5C.C0 to       R5C5C.F0 system/SLICE_354
ROUTE         1     1.079       R5C5C.F0 to       R4C4A.C1 system/sequential.memory/N_36
CTOF_DEL    ---     0.495       R4C4A.C1 to       R4C4A.F1 system/sequential.memory/SLICE_209
ROUTE         1     0.000       R4C4A.F1 to      R4C4A.DI1 system/sequential.memory/N_33ss (to clk_c)
                  --------
                   16.348   (31.1% logic, 68.9% route), 9 logic levels.

Unconstrained Preference:
   INPUT_SETUP PORT "reset" CLKPORT "clk" 

Report:   16.421ns delay reset to system/sequential.memory/transport/SLICE_231 (16.255ns delay and 0.166ns setup)

   Name    Fanout   Delay (ns)          Site               Resource
PADI_DEL    ---     1.132          4.PAD to        4.PADDI reset
ROUTE       252     3.714        4.PADDI to       R4C7D.A1 reset_c
CTOF_DEL    ---     0.495       R4C7D.A1 to       R4C7D.F1 system/core/engine/SLICE_316
ROUTE        11     1.215       R4C7D.F1 to       R3C5D.C1 system/requestdup
CTOF_DEL    ---     0.495       R3C5D.C1 to       R3C5D.F1 SLICE_157
ROUTE         2     0.654       R3C5D.F1 to       R3C6A.D1 system/ackdup
CTOF_DEL    ---     0.495       R3C6A.D1 to       R3C6A.F1 system/SLICE_351
ROUTE         9     1.197       R3C6A.F1 to       R4C9A.D0 system/core/engine/retirec_1
CTOF_DEL    ---     0.495       R4C9A.D0 to       R4C9A.F0 system/core/engine/SLICE_301
ROUTE         9     1.327       R4C9A.F0 to       R7C8B.C1 stepdup
CTOF_DEL    ---     0.495       R7C8B.C1 to       R7C8B.F1 SLICE_539
ROUTE        18     1.039       R7C8B.F1 to       R7C6B.B0 system/rf_writedup
CTOF_DEL    ---     0.495       R7C6B.B0 to       R7C6B.F0 system/SLICE_360
ROUTE         3     1.024       R7C6B.F0 to       R7C5C.B0 system/sequential.memory/launch_i_o2dup
CTOF_DEL    ---     0.495       R7C5C.B0 to       R7C5C.F0 system/sequential.memory/transport/SLICE_304
ROUTE         2     0.993       R7C5C.F0 to       R7C3C.A0 system/sequential.memory/transport/N_245
CTOF_DEL    ---     0.495       R7C3C.A0 to       R7C3C.F0 system/sequential.memory/transport/SLICE_231
ROUTE         1     0.000       R7C3C.F0 to      R7C3C.DI0 system/sequential.memory/transport/N_51s (to clk_c)
                  --------
                   16.255   (31.3% logic, 68.7% route), 9 logic levels.

Unconstrained Preference:
   INPUT_SETUP PORT "reset" CLKPORT "clk" 

Report:   14.625ns delay reset to system/core/engine/SLICE_316 (14.343ns delay and 0.282ns setup)

   Name    Fanout   Delay (ns)          Site               Resource
PADI_DEL    ---     1.132          4.PAD to        4.PADDI reset
ROUTE       252     3.714        4.PADDI to       R4C7D.A1 reset_c
CTOF_DEL    ---     0.495       R4C7D.A1 to       R4C7D.F1 system/core/engine/SLICE_316
ROUTE        11     1.215       R4C7D.F1 to       R3C5D.C1 system/requestdup
CTOF_DEL    ---     0.495       R3C5D.C1 to       R3C5D.F1 SLICE_157
ROUTE         2     0.654       R3C5D.F1 to       R3C6A.D1 system/ackdup
CTOF_DEL    ---     0.495       R3C6A.D1 to       R3C6A.F1 system/SLICE_351
ROUTE         9     1.197       R3C6A.F1 to       R4C9A.D0 system/core/engine/retirec_1
CTOF_DEL    ---     0.495       R4C9A.D0 to       R4C9A.F0 system/core/engine/SLICE_301
ROUTE         9     1.552       R4C9A.F0 to      R3C11C.C1 stepdup
CTOF_DEL    ---     0.495      R3C11C.C1 to      R3C11C.F1 system/core/engine/SLICE_582
ROUTE         4     2.404      R3C11C.F1 to       R4C7D.CE system/core/engine/mdr_1_sqmuxa_idup (to clk_c)
                  --------
                   14.343   (25.1% logic, 74.9% route), 6 logic levels.

Unconstrained Preference:
   INPUT_SETUP PORT "reset" CLKPORT "clk" 

Report:   14.449ns delay reset to SLICE_46 (14.341ns delay and 0.108ns setup)

   Name    Fanout   Delay (ns)          Site               Resource
PADI_DEL    ---     1.132          4.PAD to        4.PADDI reset
ROUTE       252     3.714        4.PADDI to       R4C7D.A1 reset_c
CTOF_DEL    ---     0.495       R4C7D.A1 to       R4C7D.F1 system/core/engine/SLICE_316
ROUTE        11     1.215       R4C7D.F1 to       R3C5D.C1 system/requestdup
CTOF_DEL    ---     0.495       R3C5D.C1 to       R3C5D.F1 SLICE_157
ROUTE         2     0.654       R3C5D.F1 to       R3C6A.D1 system/ackdup
CTOF_DEL    ---     0.495       R3C6A.D1 to       R3C6A.F1 system/SLICE_351
ROUTE         9     1.197       R3C6A.F1 to       R4C9A.D0 system/core/engine/retirec_1
CTOF_DEL    ---     0.495       R4C9A.D0 to       R4C9A.F0 system/core/engine/SLICE_301
ROUTE         9     1.327       R4C9A.F0 to       R7C8B.C1 stepdup
CTOF_DEL    ---     0.495       R7C8B.C1 to       R7C8B.F1 SLICE_539
ROUTE        18     2.627       R7C8B.F1 to      R7C7A.WRE system/rf_writedup (to clk_c)
                  --------
                   14.341   (25.2% logic, 74.8% route), 6 logic levels.

Unconstrained Preference:
   INPUT_SETUP PORT "reset" CLKPORT "clk" 

Report:   14.449ns delay reset to SLICE_47 (14.341ns delay and 0.108ns setup)

   Name    Fanout   Delay (ns)          Site               Resource
PADI_DEL    ---     1.132          4.PAD to        4.PADDI reset
ROUTE       252     3.714        4.PADDI to       R4C7D.A1 reset_c
CTOF_DEL    ---     0.495       R4C7D.A1 to       R4C7D.F1 system/core/engine/SLICE_316
ROUTE        11     1.215       R4C7D.F1 to       R3C5D.C1 system/requestdup
CTOF_DEL    ---     0.495       R3C5D.C1 to       R3C5D.F1 SLICE_157
ROUTE         2     0.654       R3C5D.F1 to       R3C6A.D1 system/ackdup
CTOF_DEL    ---     0.495       R3C6A.D1 to       R3C6A.F1 system/SLICE_351
ROUTE         9     1.197       R3C6A.F1 to       R4C9A.D0 system/core/engine/retirec_1
CTOF_DEL    ---     0.495       R4C9A.D0 to       R4C9A.F0 system/core/engine/SLICE_301
ROUTE         9     1.327       R4C9A.F0 to       R7C8B.C1 stepdup
CTOF_DEL    ---     0.495       R7C8B.C1 to       R7C8B.F1 SLICE_539
ROUTE        18     2.627       R7C8B.F1 to      R7C7B.WRE system/rf_writedup (to clk_c)
                  --------
                   14.341   (25.2% logic, 74.8% route), 6 logic levels.

Unconstrained Preference:
   INPUT_SETUP PORT "reset" CLKPORT "clk" 

Report:   14.409ns delay reset to system/core/engine/seq/SLICE_254 (14.127ns delay and 0.282ns setup)

   Name    Fanout   Delay (ns)          Site               Resource
PADI_DEL    ---     1.132          4.PAD to        4.PADDI reset
ROUTE       252     3.714        4.PADDI to       R4C7D.A1 reset_c
CTOF_DEL    ---     0.495       R4C7D.A1 to       R4C7D.F1 system/core/engine/SLICE_316
ROUTE        11     1.215       R4C7D.F1 to       R3C5D.C1 system/requestdup
CTOF_DEL    ---     0.495       R3C5D.C1 to       R3C5D.F1 SLICE_157
ROUTE         2     0.654       R3C5D.F1 to       R3C6A.D1 system/ackdup
CTOF_DEL    ---     0.495       R3C6A.D1 to       R3C6A.F1 system/SLICE_351
ROUTE         9     1.197       R3C6A.F1 to       R4C9A.D0 system/core/engine/retirec_1
CTOF_DEL    ---     0.495       R4C9A.D0 to       R4C9A.F0 system/core/engine/SLICE_301
ROUTE         9     1.635       R4C9A.F0 to       R3C9A.C1 stepdup
CTOF_DEL    ---     0.495       R3C9A.C1 to       R3C9A.F1 SLICE_253
ROUTE         5     2.105       R3C9A.F1 to       R7C6D.CE system/core/engine/frame_active_RNIJ9OTE (to clk_c)
                  --------
                   14.127   (25.5% logic, 74.5% route), 6 logic levels.

Unconstrained Preference:
   INPUT_SETUP PORT "reset" CLKPORT "clk" 

Report:   14.309ns delay reset to system/core/engine/SLICE_316 (14.035ns delay and 0.274ns setup)

   Name    Fanout   Delay (ns)          Site               Resource
PADI_DEL    ---     1.132          4.PAD to        4.PADDI reset
ROUTE       252     3.714        4.PADDI to       R4C7D.A1 reset_c
CTOF_DEL    ---     0.495       R4C7D.A1 to       R4C7D.F1 system/core/engine/SLICE_316
ROUTE        11     1.215       R4C7D.F1 to       R3C5D.C1 system/requestdup
CTOF_DEL    ---     0.495       R3C5D.C1 to       R3C5D.F1 SLICE_157
ROUTE         2     0.654       R3C5D.F1 to       R3C6A.D1 system/ackdup
CTOF_DEL    ---     0.495       R3C6A.D1 to       R3C6A.F1 system/SLICE_351
ROUTE         9     1.197       R3C6A.F1 to       R4C9A.D0 system/core/engine/retirec_1
CTOF_DEL    ---     0.495       R4C9A.D0 to       R4C9A.F0 system/core/engine/SLICE_301
ROUTE         9     1.514       R4C9A.F0 to       R2C9D.D0 stepdup
CTOF_DEL    ---     0.495       R2C9D.D0 to       R2C9D.F0 system/core/engine/SLICE_492
ROUTE         4     2.134       R2C9D.F0 to      R4C7D.LSR system/core/engine/irq_ack_1_RNIND72H (to clk_c)
                  --------
                   14.035   (25.7% logic, 74.3% route), 6 logic levels.

Unconstrained Preference:
   INPUT_SETUP PORT "reset" CLKPORT "clk" 

Report:   14.198ns delay reset to system/core/engine/SLICE_300 (13.916ns delay and 0.282ns setup)

   Name    Fanout   Delay (ns)          Site               Resource
PADI_DEL    ---     1.132          4.PAD to        4.PADDI reset
ROUTE       252     3.714        4.PADDI to       R4C7D.A1 reset_c
CTOF_DEL    ---     0.495       R4C7D.A1 to       R4C7D.F1 system/core/engine/SLICE_316
ROUTE        11     1.215       R4C7D.F1 to       R3C5D.C1 system/requestdup
CTOF_DEL    ---     0.495       R3C5D.C1 to       R3C5D.F1 SLICE_157
ROUTE         2     0.654       R3C5D.F1 to       R3C6A.D1 system/ackdup
CTOF_DEL    ---     0.495       R3C6A.D1 to       R3C6A.F1 system/SLICE_351
ROUTE         9     1.197       R3C6A.F1 to       R4C9A.D0 system/core/engine/retirec_1
CTOF_DEL    ---     0.495       R4C9A.D0 to       R4C9A.F0 system/core/engine/SLICE_301
ROUTE         9     1.552       R4C9A.F0 to      R3C11C.C1 stepdup
CTOF_DEL    ---     0.495      R3C11C.C1 to      R3C11C.F1 system/core/engine/SLICE_582
ROUTE         4     1.977      R3C11C.F1 to       R4C6B.CE system/core/engine/mdr_1_sqmuxa_idup (to clk_c)
                  --------
                   13.916   (25.9% logic, 74.1% route), 6 logic levels.

Unconstrained Preference:
   INPUT_SETUP PORT "reset" CLKPORT "clk" 

Report:   14.175ns delay reset to system/SLICE_49 (14.067ns delay and 0.108ns setup)

   Name    Fanout   Delay (ns)          Site               Resource
PADI_DEL    ---     1.132          4.PAD to        4.PADDI reset
ROUTE       252     3.714        4.PADDI to       R4C7D.A1 reset_c
CTOF_DEL    ---     0.495       R4C7D.A1 to       R4C7D.F1 system/core/engine/SLICE_316
ROUTE        11     1.215       R4C7D.F1 to       R3C5D.C1 system/requestdup
CTOF_DEL    ---     0.495       R3C5D.C1 to       R3C5D.F1 SLICE_157
ROUTE         2     0.654       R3C5D.F1 to       R3C6A.D1 system/ackdup
CTOF_DEL    ---     0.495       R3C6A.D1 to       R3C6A.F1 system/SLICE_351
ROUTE         9     1.197       R3C6A.F1 to       R4C9A.D0 system/core/engine/retirec_1
CTOF_DEL    ---     0.495       R4C9A.D0 to       R4C9A.F0 system/core/engine/SLICE_301
ROUTE         9     1.327       R4C9A.F0 to       R7C8B.C1 stepdup
CTOF_DEL    ---     0.495       R7C8B.C1 to       R7C8B.F1 SLICE_539
ROUTE        18     2.353       R7C8B.F1 to    R10C15A.WRE system/rf_writedup (to clk_c)
                  --------
                   14.067   (25.6% logic, 74.4% route), 6 logic levels.

Unconstrained Preference:
   INPUT_SETUP PORT "reset" CLKPORT "clk" 

Report:   14.175ns delay reset to system/SLICE_50 (14.067ns delay and 0.108ns setup)

   Name    Fanout   Delay (ns)          Site               Resource
PADI_DEL    ---     1.132          4.PAD to        4.PADDI reset
ROUTE       252     3.714        4.PADDI to       R4C7D.A1 reset_c
CTOF_DEL    ---     0.495       R4C7D.A1 to       R4C7D.F1 system/core/engine/SLICE_316
ROUTE        11     1.215       R4C7D.F1 to       R3C5D.C1 system/requestdup
CTOF_DEL    ---     0.495       R3C5D.C1 to       R3C5D.F1 SLICE_157
ROUTE         2     0.654       R3C5D.F1 to       R3C6A.D1 system/ackdup
CTOF_DEL    ---     0.495       R3C6A.D1 to       R3C6A.F1 system/SLICE_351
ROUTE         9     1.197       R3C6A.F1 to       R4C9A.D0 system/core/engine/retirec_1
CTOF_DEL    ---     0.495       R4C9A.D0 to       R4C9A.F0 system/core/engine/SLICE_301
ROUTE         9     1.327       R4C9A.F0 to       R7C8B.C1 stepdup
CTOF_DEL    ---     0.495       R7C8B.C1 to       R7C8B.F1 SLICE_539
ROUTE        18     2.353       R7C8B.F1 to    R10C15B.WRE system/rf_writedup (to clk_c)
                  --------
                   14.067   (25.6% logic, 74.4% route), 6 logic levels.

Unconstrained Preference:
   INPUT_SETUP PORT "reset" CLKPORT "clk" 

Report:   14.175ns delay reset to system/SLICE_55 (14.067ns delay and 0.108ns setup)

   Name    Fanout   Delay (ns)          Site               Resource
PADI_DEL    ---     1.132          4.PAD to        4.PADDI reset
ROUTE       252     3.714        4.PADDI to       R4C7D.A1 reset_c
CTOF_DEL    ---     0.495       R4C7D.A1 to       R4C7D.F1 system/core/engine/SLICE_316
ROUTE        11     1.215       R4C7D.F1 to       R3C5D.C1 system/requestdup
CTOF_DEL    ---     0.495       R3C5D.C1 to       R3C5D.F1 SLICE_157
ROUTE         2     0.654       R3C5D.F1 to       R3C6A.D1 system/ackdup
CTOF_DEL    ---     0.495       R3C6A.D1 to       R3C6A.F1 system/SLICE_351
ROUTE         9     1.197       R3C6A.F1 to       R4C9A.D0 system/core/engine/retirec_1
CTOF_DEL    ---     0.495       R4C9A.D0 to       R4C9A.F0 system/core/engine/SLICE_301
ROUTE         9     1.327       R4C9A.F0 to       R7C8B.C1 stepdup
CTOF_DEL    ---     0.495       R7C8B.C1 to       R7C8B.F1 SLICE_539
ROUTE        18     2.353       R7C8B.F1 to    R10C13A.WRE system/rf_writedup (to clk_c)
                  --------
                   14.067   (25.6% logic, 74.4% route), 6 logic levels.

Unconstrained Preference:
   INPUT_SETUP PORT "reset" CLKPORT "clk" 

Report:   14.175ns delay reset to system/SLICE_56 (14.067ns delay and 0.108ns setup)

   Name    Fanout   Delay (ns)          Site               Resource
PADI_DEL    ---     1.132          4.PAD to        4.PADDI reset
ROUTE       252     3.714        4.PADDI to       R4C7D.A1 reset_c
CTOF_DEL    ---     0.495       R4C7D.A1 to       R4C7D.F1 system/core/engine/SLICE_316
ROUTE        11     1.215       R4C7D.F1 to       R3C5D.C1 system/requestdup
CTOF_DEL    ---     0.495       R3C5D.C1 to       R3C5D.F1 SLICE_157
ROUTE         2     0.654       R3C5D.F1 to       R3C6A.D1 system/ackdup
CTOF_DEL    ---     0.495       R3C6A.D1 to       R3C6A.F1 system/SLICE_351
ROUTE         9     1.197       R3C6A.F1 to       R4C9A.D0 system/core/engine/retirec_1
CTOF_DEL    ---     0.495       R4C9A.D0 to       R4C9A.F0 system/core/engine/SLICE_301
ROUTE         9     1.327       R4C9A.F0 to       R7C8B.C1 stepdup
CTOF_DEL    ---     0.495       R7C8B.C1 to       R7C8B.F1 SLICE_539
ROUTE        18     2.353       R7C8B.F1 to    R10C13B.WRE system/rf_writedup (to clk_c)
                  --------
                   14.067   (25.6% logic, 74.4% route), 6 logic levels.

Unconstrained Preference:
   INPUT_SETUP PORT "reset" CLKPORT "clk" 

Report:   13.882ns delay reset to system/core/engine/SLICE_300 (13.608ns delay and 0.274ns setup)

   Name    Fanout   Delay (ns)          Site               Resource
PADI_DEL    ---     1.132          4.PAD to        4.PADDI reset
ROUTE       252     3.714        4.PADDI to       R4C7D.A1 reset_c
CTOF_DEL    ---     0.495       R4C7D.A1 to       R4C7D.F1 system/core/engine/SLICE_316
ROUTE        11     1.215       R4C7D.F1 to       R3C5D.C1 system/requestdup
CTOF_DEL    ---     0.495       R3C5D.C1 to       R3C5D.F1 SLICE_157
ROUTE         2     0.654       R3C5D.F1 to       R3C6A.D1 system/ackdup
CTOF_DEL    ---     0.495       R3C6A.D1 to       R3C6A.F1 system/SLICE_351
ROUTE         9     1.197       R3C6A.F1 to       R4C9A.D0 system/core/engine/retirec_1
CTOF_DEL    ---     0.495       R4C9A.D0 to       R4C9A.F0 system/core/engine/SLICE_301
ROUTE         9     1.514       R4C9A.F0 to       R2C9D.D0 stepdup
CTOF_DEL    ---     0.495       R2C9D.D0 to       R2C9D.F0 system/core/engine/SLICE_492
ROUTE         4     1.707       R2C9D.F0 to      R4C6B.LSR system/core/engine/irq_ack_1_RNIND72H (to clk_c)
                  --------
                   13.608   (26.5% logic, 73.5% route), 6 logic levels.

Unconstrained Preference:
   INPUT_SETUP PORT "reset" CLKPORT "clk" 

Report:   13.858ns delay reset to system/core/engine/seq/SLICE_257 (13.576ns delay and 0.282ns setup)

   Name    Fanout   Delay (ns)          Site               Resource
PADI_DEL    ---     1.132          4.PAD to        4.PADDI reset
ROUTE       252     3.714        4.PADDI to       R4C7D.A1 reset_c
CTOF_DEL    ---     0.495       R4C7D.A1 to       R4C7D.F1 system/core/engine/SLICE_316
ROUTE        11     1.215       R4C7D.F1 to       R3C5D.C1 system/requestdup
CTOF_DEL    ---     0.495       R3C5D.C1 to       R3C5D.F1 SLICE_157
ROUTE         2     0.654       R3C5D.F1 to       R3C6A.D1 system/ackdup
CTOF_DEL    ---     0.495       R3C6A.D1 to       R3C6A.F1 system/SLICE_351
ROUTE         9     1.197       R3C6A.F1 to       R4C9A.D0 system/core/engine/retirec_1
CTOF_DEL    ---     0.495       R4C9A.D0 to       R4C9A.F0 system/core/engine/SLICE_301
ROUTE         9     1.635       R4C9A.F0 to       R3C9A.C1 stepdup
CTOF_DEL    ---     0.495       R3C9A.C1 to       R3C9A.F1 SLICE_253
ROUTE         5     1.554       R3C9A.F1 to       R4C7A.CE system/core/engine/frame_active_RNIJ9OTE (to clk_c)
                  --------
                   13.576   (26.6% logic, 73.4% route), 6 logic levels.

Unconstrained Preference:
   INPUT_SETUP PORT "reset" CLKPORT "clk" 

Report:   13.858ns delay reset to system/core/engine/seq/SLICE_258 (13.576ns delay and 0.282ns setup)

   Name    Fanout   Delay (ns)          Site               Resource
PADI_DEL    ---     1.132          4.PAD to        4.PADDI reset
ROUTE       252     3.714        4.PADDI to       R4C7D.A1 reset_c
CTOF_DEL    ---     0.495       R4C7D.A1 to       R4C7D.F1 system/core/engine/SLICE_316
ROUTE        11     1.215       R4C7D.F1 to       R3C5D.C1 system/requestdup
CTOF_DEL    ---     0.495       R3C5D.C1 to       R3C5D.F1 SLICE_157
ROUTE         2     0.654       R3C5D.F1 to       R3C6A.D1 system/ackdup
CTOF_DEL    ---     0.495       R3C6A.D1 to       R3C6A.F1 system/SLICE_351
ROUTE         9     1.197       R3C6A.F1 to       R4C9A.D0 system/core/engine/retirec_1
CTOF_DEL    ---     0.495       R4C9A.D0 to       R4C9A.F0 system/core/engine/SLICE_301
ROUTE         9     1.635       R4C9A.F0 to       R3C9A.C1 stepdup
CTOF_DEL    ---     0.495       R3C9A.C1 to       R3C9A.F1 SLICE_253
ROUTE         5     1.554       R3C9A.F1 to       R4C8C.CE system/core/engine/frame_active_RNIJ9OTE (to clk_c)
                  --------
                   13.576   (26.6% logic, 73.4% route), 6 logic levels.

Unconstrained Preference:
   INPUT_SETUP PORT "reset" CLKPORT "clk" 

Report:   13.819ns delay reset to system/core/engine/SLICE_497 (13.537ns delay and 0.282ns setup)

   Name    Fanout   Delay (ns)          Site               Resource
PADI_DEL    ---     1.132          4.PAD to        4.PADDI reset
ROUTE       252     3.714        4.PADDI to       R4C7D.A1 reset_c
CTOF_DEL    ---     0.495       R4C7D.A1 to       R4C7D.F1 system/core/engine/SLICE_316
ROUTE        11     1.215       R4C7D.F1 to       R3C5D.C1 system/requestdup
CTOF_DEL    ---     0.495       R3C5D.C1 to       R3C5D.F1 SLICE_157
ROUTE         2     0.654       R3C5D.F1 to       R3C6A.D1 system/ackdup
CTOF_DEL    ---     0.495       R3C6A.D1 to       R3C6A.F1 system/SLICE_351
ROUTE         9     1.197       R3C6A.F1 to       R4C9A.D0 system/core/engine/retirec_1
CTOF_DEL    ---     0.495       R4C9A.D0 to       R4C9A.F0 system/core/engine/SLICE_301
ROUTE         9     1.552       R4C9A.F0 to      R3C11C.C1 stepdup
CTOF_DEL    ---     0.495      R3C11C.C1 to      R3C11C.F1 system/core/engine/SLICE_582
ROUTE         4     1.598      R3C11C.F1 to       R4C9C.CE system/core/engine/mdr_1_sqmuxa_idup (to clk_c)
                  --------
                   13.537   (26.6% logic, 73.4% route), 6 logic levels.

Unconstrained Preference:
   INPUT_SETUP PORT "reset" CLKPORT "clk" 

Report:   13.812ns delay reset to system/core/engine/rom/lane_2 (13.586ns delay and 0.226ns setup)

   Name    Fanout   Delay (ns)          Site               Resource
PADI_DEL    ---     1.132          4.PAD to        4.PADDI reset
ROUTE       252     3.714        4.PADDI to       R4C7D.A1 reset_c
CTOF_DEL    ---     0.495       R4C7D.A1 to       R4C7D.F1 system/core/engine/SLICE_316
ROUTE        11     1.215       R4C7D.F1 to       R3C5D.C1 system/requestdup
CTOF_DEL    ---     0.495       R3C5D.C1 to       R3C5D.F1 SLICE_157
ROUTE         2     0.654       R3C5D.F1 to       R3C6A.D1 system/ackdup
CTOF_DEL    ---     0.495       R3C6A.D1 to       R3C6A.F1 system/SLICE_351
ROUTE         9     1.197       R3C6A.F1 to       R4C9A.D0 system/core/engine/retirec_1
CTOF_DEL    ---     0.495       R4C9A.D0 to       R4C9A.F0 system/core/engine/SLICE_301
ROUTE         9     0.689       R4C9A.F0 to       R4C9A.A1 stepdup
CTOF_DEL    ---     0.495       R4C9A.A1 to       R4C9A.F1 system/core/engine/SLICE_301
ROUTE         8     2.510       R4C9A.F1 to   EBR_R6C4.CEA system/core/engine/fault_redirectdup_RNIEOSLD (to clk_c)
                  --------
                   13.586   (26.5% logic, 73.5% route), 6 logic levels.

Unconstrained Preference:
   INPUT_SETUP PORT "reset" CLKPORT "clk" 

Report:   13.803ns delay reset to system/core/engine/SLICE_582 (13.529ns delay and 0.274ns setup)

   Name    Fanout   Delay (ns)          Site               Resource
PADI_DEL    ---     1.132          4.PAD to        4.PADDI reset
ROUTE       252     3.714        4.PADDI to       R4C7D.A1 reset_c
CTOF_DEL    ---     0.495       R4C7D.A1 to       R4C7D.F1 system/core/engine/SLICE_316
ROUTE        11     1.215       R4C7D.F1 to       R3C5D.C1 system/requestdup
CTOF_DEL    ---     0.495       R3C5D.C1 to       R3C5D.F1 SLICE_157
ROUTE         2     0.654       R3C5D.F1 to       R3C6A.D1 system/ackdup
CTOF_DEL    ---     0.495       R3C6A.D1 to       R3C6A.F1 system/SLICE_351
ROUTE         9     1.197       R3C6A.F1 to       R4C9A.D0 system/core/engine/retirec_1
CTOF_DEL    ---     0.495       R4C9A.D0 to       R4C9A.F0 system/core/engine/SLICE_301
ROUTE         9     1.514       R4C9A.F0 to       R2C9D.D0 stepdup
CTOF_DEL    ---     0.495       R2C9D.D0 to       R2C9D.F0 system/core/engine/SLICE_492
ROUTE         4     1.628       R2C9D.F0 to     R3C11C.LSR system/core/engine/irq_ack_1_RNIND72H (to clk_c)
                  --------
                   13.529   (26.7% logic, 73.3% route), 6 logic levels.

Unconstrained Preference:
   INPUT_SETUP PORT "reset" CLKPORT "clk" 

Report:   13.798ns delay reset to system/core/engine/SLICE_164 (13.516ns delay and 0.282ns setup)

   Name    Fanout   Delay (ns)          Site               Resource
PADI_DEL    ---     1.132          4.PAD to        4.PADDI reset
ROUTE       252     3.714        4.PADDI to       R4C7D.A1 reset_c
CTOF_DEL    ---     0.495       R4C7D.A1 to       R4C7D.F1 system/core/engine/SLICE_316
ROUTE        11     1.215       R4C7D.F1 to       R3C5D.C1 system/requestdup
CTOF_DEL    ---     0.495       R3C5D.C1 to       R3C5D.F1 SLICE_157
ROUTE         2     0.654       R3C5D.F1 to       R3C6A.D1 system/ackdup
CTOF_DEL    ---     0.495       R3C6A.D1 to       R3C6A.F1 system/SLICE_351
ROUTE         9     1.197       R3C6A.F1 to       R4C9A.D0 system/core/engine/retirec_1
CTOF_DEL    ---     0.495       R4C9A.D0 to       R4C9A.F0 system/core/engine/SLICE_301
ROUTE         9     1.493       R4C9A.F0 to      R4C15B.D0 stepdup
CTOF_DEL    ---     0.495      R4C15B.D0 to      R4C15B.F0 system/core/engine/status/SLICE_562
ROUTE         2     1.636      R4C15B.F0 to      R8C17C.CE system/core/engine/status/pswcedup[4] (to clk_c)
                  --------
                   13.516   (26.7% logic, 73.3% route), 6 logic levels.

Unconstrained Preference:
   INPUT_SETUP PORT "reset" CLKPORT "clk" 

Report:   13.752ns delay reset to system/core/engine/SLICE_163 (13.470ns delay and 0.282ns setup)

   Name    Fanout   Delay (ns)          Site               Resource
PADI_DEL    ---     1.132          4.PAD to        4.PADDI reset
ROUTE       252     3.714        4.PADDI to       R4C7D.A1 reset_c
CTOF_DEL    ---     0.495       R4C7D.A1 to       R4C7D.F1 system/core/engine/SLICE_316
ROUTE        11     1.215       R4C7D.F1 to       R3C5D.C1 system/requestdup
CTOF_DEL    ---     0.495       R3C5D.C1 to       R3C5D.F1 SLICE_157
ROUTE         2     0.654       R3C5D.F1 to       R3C6A.D1 system/ackdup
CTOF_DEL    ---     0.495       R3C6A.D1 to       R3C6A.F1 system/SLICE_351
ROUTE         9     1.197       R3C6A.F1 to       R4C9A.D0 system/core/engine/retirec_1
CTOF_DEL    ---     0.495       R4C9A.D0 to       R4C9A.F0 system/core/engine/SLICE_301
ROUTE         9     1.493       R4C9A.F0 to      R4C15B.D0 stepdup
CTOF_DEL    ---     0.495      R4C15B.D0 to      R4C15B.F0 system/core/engine/status/SLICE_562
ROUTE         2     1.590      R4C15B.F0 to      R3C17A.CE system/core/engine/status/pswcedup[4] (to clk_c)
                  --------
                   13.470   (26.8% logic, 73.2% route), 6 logic levels.

Unconstrained Preference:
   INPUT_SETUP PORT "reset" CLKPORT "clk" 

Report:   13.748ns delay reset to system/SLICE_53 (13.640ns delay and 0.108ns setup)

   Name    Fanout   Delay (ns)          Site               Resource
PADI_DEL    ---     1.132          4.PAD to        4.PADDI reset
ROUTE       252     3.714        4.PADDI to       R4C7D.A1 reset_c
CTOF_DEL    ---     0.495       R4C7D.A1 to       R4C7D.F1 system/core/engine/SLICE_316
ROUTE        11     1.215       R4C7D.F1 to       R3C5D.C1 system/requestdup
CTOF_DEL    ---     0.495       R3C5D.C1 to       R3C5D.F1 SLICE_157
ROUTE         2     0.654       R3C5D.F1 to       R3C6A.D1 system/ackdup
CTOF_DEL    ---     0.495       R3C6A.D1 to       R3C6A.F1 system/SLICE_351
ROUTE         9     1.197       R3C6A.F1 to       R4C9A.D0 system/core/engine/retirec_1
CTOF_DEL    ---     0.495       R4C9A.D0 to       R4C9A.F0 system/core/engine/SLICE_301
ROUTE         9     1.327       R4C9A.F0 to       R7C8B.C1 stepdup
CTOF_DEL    ---     0.495       R7C8B.C1 to       R7C8B.F1 SLICE_539
ROUTE        18     1.926       R7C8B.F1 to    R10C14B.WRE system/rf_writedup (to clk_c)
                  --------
                   13.640   (26.4% logic, 73.6% route), 6 logic levels.

Unconstrained Preference:
   INPUT_SETUP PORT "reset" CLKPORT "clk" 

Report:   13.748ns delay reset to system/SLICE_34 (13.640ns delay and 0.108ns setup)

   Name    Fanout   Delay (ns)          Site               Resource
PADI_DEL    ---     1.132          4.PAD to        4.PADDI reset
ROUTE       252     3.714        4.PADDI to       R4C7D.A1 reset_c
CTOF_DEL    ---     0.495       R4C7D.A1 to       R4C7D.F1 system/core/engine/SLICE_316
ROUTE        11     1.215       R4C7D.F1 to       R3C5D.C1 system/requestdup
CTOF_DEL    ---     0.495       R3C5D.C1 to       R3C5D.F1 SLICE_157
ROUTE         2     0.654       R3C5D.F1 to       R3C6A.D1 system/ackdup
CTOF_DEL    ---     0.495       R3C6A.D1 to       R3C6A.F1 system/SLICE_351
ROUTE         9     1.197       R3C6A.F1 to       R4C9A.D0 system/core/engine/retirec_1
CTOF_DEL    ---     0.495       R4C9A.D0 to       R4C9A.F0 system/core/engine/SLICE_301
ROUTE         9     1.327       R4C9A.F0 to       R7C8B.C1 stepdup
CTOF_DEL    ---     0.495       R7C8B.C1 to       R7C8B.F1 SLICE_539
ROUTE        18     1.926       R7C8B.F1 to     R9C14A.WRE system/rf_writedup (to clk_c)
                  --------
                   13.640   (26.4% logic, 73.6% route), 6 logic levels.

Unconstrained Preference:
   INPUT_SETUP PORT "reset" CLKPORT "clk" 

Report:   13.748ns delay reset to system/SLICE_35 (13.640ns delay and 0.108ns setup)

   Name    Fanout   Delay (ns)          Site               Resource
PADI_DEL    ---     1.132          4.PAD to        4.PADDI reset
ROUTE       252     3.714        4.PADDI to       R4C7D.A1 reset_c
CTOF_DEL    ---     0.495       R4C7D.A1 to       R4C7D.F1 system/core/engine/SLICE_316
ROUTE        11     1.215       R4C7D.F1 to       R3C5D.C1 system/requestdup
CTOF_DEL    ---     0.495       R3C5D.C1 to       R3C5D.F1 SLICE_157
ROUTE         2     0.654       R3C5D.F1 to       R3C6A.D1 system/ackdup
CTOF_DEL    ---     0.495       R3C6A.D1 to       R3C6A.F1 system/SLICE_351
ROUTE         9     1.197       R3C6A.F1 to       R4C9A.D0 system/core/engine/retirec_1
CTOF_DEL    ---     0.495       R4C9A.D0 to       R4C9A.F0 system/core/engine/SLICE_301
ROUTE         9     1.327       R4C9A.F0 to       R7C8B.C1 stepdup
CTOF_DEL    ---     0.495       R7C8B.C1 to       R7C8B.F1 SLICE_539
ROUTE        18     1.926       R7C8B.F1 to     R9C14B.WRE system/rf_writedup (to clk_c)
                  --------
                   13.640   (26.4% logic, 73.6% route), 6 logic levels.

Unconstrained Preference:
   INPUT_SETUP PORT "reset" CLKPORT "clk" 

Report:   13.748ns delay reset to system/SLICE_52 (13.640ns delay and 0.108ns setup)

   Name    Fanout   Delay (ns)          Site               Resource
PADI_DEL    ---     1.132          4.PAD to        4.PADDI reset
ROUTE       252     3.714        4.PADDI to       R4C7D.A1 reset_c
CTOF_DEL    ---     0.495       R4C7D.A1 to       R4C7D.F1 system/core/engine/SLICE_316
ROUTE        11     1.215       R4C7D.F1 to       R3C5D.C1 system/requestdup
CTOF_DEL    ---     0.495       R3C5D.C1 to       R3C5D.F1 SLICE_157
ROUTE         2     0.654       R3C5D.F1 to       R3C6A.D1 system/ackdup
CTOF_DEL    ---     0.495       R3C6A.D1 to       R3C6A.F1 system/SLICE_351
ROUTE         9     1.197       R3C6A.F1 to       R4C9A.D0 system/core/engine/retirec_1
CTOF_DEL    ---     0.495       R4C9A.D0 to       R4C9A.F0 system/core/engine/SLICE_301
ROUTE         9     1.327       R4C9A.F0 to       R7C8B.C1 stepdup
CTOF_DEL    ---     0.495       R7C8B.C1 to       R7C8B.F1 SLICE_539
ROUTE        18     1.926       R7C8B.F1 to    R10C14A.WRE system/rf_writedup (to clk_c)
                  --------
                   13.640   (26.4% logic, 73.6% route), 6 logic levels.

Unconstrained Preference:
   INPUT_SETUP PORT "reset" CLKPORT "clk" 

Report:   13.667ns delay reset to SLICE_43 (13.559ns delay and 0.108ns setup)

   Name    Fanout   Delay (ns)          Site               Resource
PADI_DEL    ---     1.132          4.PAD to        4.PADDI reset
ROUTE       252     3.714        4.PADDI to       R4C7D.A1 reset_c
CTOF_DEL    ---     0.495       R4C7D.A1 to       R4C7D.F1 system/core/engine/SLICE_316
ROUTE        11     1.215       R4C7D.F1 to       R3C5D.C1 system/requestdup
CTOF_DEL    ---     0.495       R3C5D.C1 to       R3C5D.F1 SLICE_157
ROUTE         2     0.654       R3C5D.F1 to       R3C6A.D1 system/ackdup
CTOF_DEL    ---     0.495       R3C6A.D1 to       R3C6A.F1 system/SLICE_351
ROUTE         9     1.197       R3C6A.F1 to       R4C9A.D0 system/core/engine/retirec_1
CTOF_DEL    ---     0.495       R4C9A.D0 to       R4C9A.F0 system/core/engine/SLICE_301
ROUTE         9     1.327       R4C9A.F0 to       R7C8B.C1 stepdup
CTOF_DEL    ---     0.495       R7C8B.C1 to       R7C8B.F1 SLICE_539
ROUTE        18     1.845       R7C8B.F1 to     R10C7A.WRE system/rf_writedup (to clk_c)
                  --------
                   13.559   (26.6% logic, 73.4% route), 6 logic levels.

Unconstrained Preference:
   INPUT_SETUP PORT "reset" CLKPORT "clk" 

Report:   13.667ns delay reset to SLICE_44 (13.559ns delay and 0.108ns setup)

   Name    Fanout   Delay (ns)          Site               Resource
PADI_DEL    ---     1.132          4.PAD to        4.PADDI reset
ROUTE       252     3.714        4.PADDI to       R4C7D.A1 reset_c
CTOF_DEL    ---     0.495       R4C7D.A1 to       R4C7D.F1 system/core/engine/SLICE_316
ROUTE        11     1.215       R4C7D.F1 to       R3C5D.C1 system/requestdup
CTOF_DEL    ---     0.495       R3C5D.C1 to       R3C5D.F1 SLICE_157
ROUTE         2     0.654       R3C5D.F1 to       R3C6A.D1 system/ackdup
CTOF_DEL    ---     0.495       R3C6A.D1 to       R3C6A.F1 system/SLICE_351
ROUTE         9     1.197       R3C6A.F1 to       R4C9A.D0 system/core/engine/retirec_1
CTOF_DEL    ---     0.495       R4C9A.D0 to       R4C9A.F0 system/core/engine/SLICE_301
ROUTE         9     1.327       R4C9A.F0 to       R7C8B.C1 stepdup
CTOF_DEL    ---     0.495       R7C8B.C1 to       R7C8B.F1 SLICE_539
ROUTE        18     1.845       R7C8B.F1 to     R10C7B.WRE system/rf_writedup (to clk_c)
                  --------
                   13.559   (26.6% logic, 73.4% route), 6 logic levels.

Unconstrained Preference:
   INPUT_SETUP PORT "reset" CLKPORT "clk" 

Report:   13.568ns delay reset to system/core/engine/rom/lane_1 (13.647ns delay and -0.079ns setup)

   Name    Fanout   Delay (ns)          Site               Resource
PADI_DEL    ---     1.132          4.PAD to        4.PADDI reset
ROUTE       252     3.714        4.PADDI to       R4C7D.A1 reset_c
CTOF_DEL    ---     0.495       R4C7D.A1 to       R4C7D.F1 system/core/engine/SLICE_316
ROUTE        11     1.215       R4C7D.F1 to       R3C5D.C1 system/requestdup
CTOF_DEL    ---     0.495       R3C5D.C1 to       R3C5D.F1 SLICE_157
ROUTE         2     0.654       R3C5D.F1 to       R3C6A.D1 system/ackdup
CTOF_DEL    ---     0.495       R3C6A.D1 to       R3C6A.F1 system/SLICE_351
ROUTE         9     1.197       R3C6A.F1 to       R4C9A.D0 system/core/engine/retirec_1
CTOF_DEL    ---     0.495       R4C9A.D0 to       R4C9A.F0 system/core/engine/SLICE_301
ROUTE         9     0.689       R4C9A.F0 to       R4C9A.A1 stepdup
CTOF_DEL    ---     0.495       R4C9A.A1 to       R4C9A.F1 system/core/engine/SLICE_301
ROUTE         8     2.571       R4C9A.F1 to EBR_R6C10.OCEA system/core/engine/fault_redirectdup_RNIEOSLD (to clk_c)
                  --------
                   13.647   (26.4% logic, 73.6% route), 6 logic levels.

Unconstrained Preference:
   INPUT_SETUP PORT "reset" CLKPORT "clk" 

Report:   13.568ns delay reset to system/core/engine/rom/lane_0 (13.647ns delay and -0.079ns setup)

   Name    Fanout   Delay (ns)          Site               Resource
PADI_DEL    ---     1.132          4.PAD to        4.PADDI reset
ROUTE       252     3.714        4.PADDI to       R4C7D.A1 reset_c
CTOF_DEL    ---     0.495       R4C7D.A1 to       R4C7D.F1 system/core/engine/SLICE_316
ROUTE        11     1.215       R4C7D.F1 to       R3C5D.C1 system/requestdup
CTOF_DEL    ---     0.495       R3C5D.C1 to       R3C5D.F1 SLICE_157
ROUTE         2     0.654       R3C5D.F1 to       R3C6A.D1 system/ackdup
CTOF_DEL    ---     0.495       R3C6A.D1 to       R3C6A.F1 system/SLICE_351
ROUTE         9     1.197       R3C6A.F1 to       R4C9A.D0 system/core/engine/retirec_1
CTOF_DEL    ---     0.495       R4C9A.D0 to       R4C9A.F0 system/core/engine/SLICE_301
ROUTE         9     0.689       R4C9A.F0 to       R4C9A.A1 stepdup
CTOF_DEL    ---     0.495       R4C9A.A1 to       R4C9A.F1 system/core/engine/SLICE_301
ROUTE         8     2.571       R4C9A.F1 to  EBR_R6C1.OCEA system/core/engine/fault_redirectdup_RNIEOSLD (to clk_c)
                  --------
                   13.647   (26.4% logic, 73.6% route), 6 logic levels.

Unconstrained Preference:
   INPUT_SETUP PORT "reset" CLKPORT "clk" 

Report:   13.507ns delay reset to system/core/engine/rom/lane_2 (13.586ns delay and -0.079ns setup)

   Name    Fanout   Delay (ns)          Site               Resource
PADI_DEL    ---     1.132          4.PAD to        4.PADDI reset
ROUTE       252     3.714        4.PADDI to       R4C7D.A1 reset_c
CTOF_DEL    ---     0.495       R4C7D.A1 to       R4C7D.F1 system/core/engine/SLICE_316
ROUTE        11     1.215       R4C7D.F1 to       R3C5D.C1 system/requestdup
CTOF_DEL    ---     0.495       R3C5D.C1 to       R3C5D.F1 SLICE_157
ROUTE         2     0.654       R3C5D.F1 to       R3C6A.D1 system/ackdup
CTOF_DEL    ---     0.495       R3C6A.D1 to       R3C6A.F1 system/SLICE_351
ROUTE         9     1.197       R3C6A.F1 to       R4C9A.D0 system/core/engine/retirec_1
CTOF_DEL    ---     0.495       R4C9A.D0 to       R4C9A.F0 system/core/engine/SLICE_301
ROUTE         9     0.689       R4C9A.F0 to       R4C9A.A1 stepdup
CTOF_DEL    ---     0.495       R4C9A.A1 to       R4C9A.F1 system/core/engine/SLICE_301
ROUTE         8     2.510       R4C9A.F1 to  EBR_R6C4.OCEA system/core/engine/fault_redirectdup_RNIEOSLD (to clk_c)
                  --------
                   13.586   (26.5% logic, 73.5% route), 6 logic levels.

Unconstrained Preference:
   INPUT_SETUP PORT "reset" CLKPORT "clk" 

Report:   13.446ns delay reset to system/core/engine/rom/lane_0 (13.220ns delay and 0.226ns setup)

   Name    Fanout   Delay (ns)          Site               Resource
PADI_DEL    ---     1.132          4.PAD to        4.PADDI reset
ROUTE       252     3.714        4.PADDI to       R4C7D.A1 reset_c
CTOF_DEL    ---     0.495       R4C7D.A1 to       R4C7D.F1 system/core/engine/SLICE_316
ROUTE        11     1.215       R4C7D.F1 to       R3C5D.C1 system/requestdup
CTOF_DEL    ---     0.495       R3C5D.C1 to       R3C5D.F1 SLICE_157
ROUTE         2     0.654       R3C5D.F1 to       R3C6A.D1 system/ackdup
CTOF_DEL    ---     0.495       R3C6A.D1 to       R3C6A.F1 system/SLICE_351
ROUTE         9     1.197       R3C6A.F1 to       R4C9A.D0 system/core/engine/retirec_1
CTOF_DEL    ---     0.495       R4C9A.D0 to       R4C9A.F0 system/core/engine/SLICE_301
ROUTE         9     0.689       R4C9A.F0 to       R4C9A.A1 stepdup
CTOF_DEL    ---     0.495       R4C9A.A1 to       R4C9A.F1 system/core/engine/SLICE_301
ROUTE         8     2.144       R4C9A.F1 to   EBR_R6C1.CEA system/core/engine/fault_redirectdup_RNIEOSLD (to clk_c)
                  --------
                   13.220   (27.3% logic, 72.7% route), 6 logic levels.

Unconstrained Preference:
   INPUT_SETUP PORT "reset" CLKPORT "clk" 

Report:   13.446ns delay reset to system/core/engine/rom/lane_1 (13.220ns delay and 0.226ns setup)

   Name    Fanout   Delay (ns)          Site               Resource
PADI_DEL    ---     1.132          4.PAD to        4.PADDI reset
ROUTE       252     3.714        4.PADDI to       R4C7D.A1 reset_c
CTOF_DEL    ---     0.495       R4C7D.A1 to       R4C7D.F1 system/core/engine/SLICE_316
ROUTE        11     1.215       R4C7D.F1 to       R3C5D.C1 system/requestdup
CTOF_DEL    ---     0.495       R3C5D.C1 to       R3C5D.F1 SLICE_157
ROUTE         2     0.654       R3C5D.F1 to       R3C6A.D1 system/ackdup
CTOF_DEL    ---     0.495       R3C6A.D1 to       R3C6A.F1 system/SLICE_351
ROUTE         9     1.197       R3C6A.F1 to       R4C9A.D0 system/core/engine/retirec_1
CTOF_DEL    ---     0.495       R4C9A.D0 to       R4C9A.F0 system/core/engine/SLICE_301
ROUTE         9     0.689       R4C9A.F0 to       R4C9A.A1 stepdup
CTOF_DEL    ---     0.495       R4C9A.A1 to       R4C9A.F1 system/core/engine/SLICE_301
ROUTE         8     2.144       R4C9A.F1 to  EBR_R6C10.CEA system/core/engine/fault_redirectdup_RNIEOSLD (to clk_c)
                  --------
                   13.220   (27.3% logic, 72.7% route), 6 logic levels.

Unconstrained Preference:
   INPUT_SETUP PORT "reset" CLKPORT "clk" 

Report:   13.443ns delay reset to system/core/engine/SLICE_202 (13.277ns delay and 0.166ns setup)

   Name    Fanout   Delay (ns)          Site               Resource
PADI_DEL    ---     1.132          4.PAD to        4.PADDI reset
ROUTE       252     3.714        4.PADDI to       R4C7D.A1 reset_c
CTOF_DEL    ---     0.495       R4C7D.A1 to       R4C7D.F1 system/core/engine/SLICE_316
ROUTE        11     1.215       R4C7D.F1 to       R3C5D.C1 system/requestdup
CTOF_DEL    ---     0.495       R3C5D.C1 to       R3C5D.F1 SLICE_157
ROUTE         2     0.654       R3C5D.F1 to       R3C6A.D1 system/ackdup
CTOF_DEL    ---     0.495       R3C6A.D1 to       R3C6A.F1 system/SLICE_351
ROUTE         9     1.197       R3C6A.F1 to       R4C9A.D0 system/core/engine/retirec_1
CTOF_DEL    ---     0.495       R4C9A.D0 to       R4C9A.F0 system/core/engine/SLICE_301
ROUTE         9     1.772       R4C9A.F0 to      R2C11A.A0 stepdup
CTOF_DEL    ---     0.495      R2C11A.A0 to      R2C11A.F0 system/core/engine/SLICE_606
ROUTE         1     0.623      R2C11A.F0 to      R2C10D.D0 system/core/engine/N_117
CTOF_DEL    ---     0.495      R2C10D.D0 to      R2C10D.F0 system/core/engine/SLICE_202
ROUTE         1     0.000      R2C10D.F0 to     R2C10D.DI0 system/core/engine/N_117ss (to clk_c)
                  --------
                   13.277   (30.9% logic, 69.1% route), 7 logic levels.

Unconstrained Preference:
   INPUT_SETUP PORT "reset" CLKPORT "clk" 

Report:   13.431ns delay reset to system/core/engine/seq/SLICE_255 (13.149ns delay and 0.282ns setup)

   Name    Fanout   Delay (ns)          Site               Resource
PADI_DEL    ---     1.132          4.PAD to        4.PADDI reset
ROUTE       252     3.714        4.PADDI to       R4C7D.A1 reset_c
CTOF_DEL    ---     0.495       R4C7D.A1 to       R4C7D.F1 system/core/engine/SLICE_316
ROUTE        11     1.215       R4C7D.F1 to       R3C5D.C1 system/requestdup
CTOF_DEL    ---     0.495       R3C5D.C1 to       R3C5D.F1 SLICE_157
ROUTE         2     0.654       R3C5D.F1 to       R3C6A.D1 system/ackdup
CTOF_DEL    ---     0.495       R3C6A.D1 to       R3C6A.F1 system/SLICE_351
ROUTE         9     1.197       R3C6A.F1 to       R4C9A.D0 system/core/engine/retirec_1
CTOF_DEL    ---     0.495       R4C9A.D0 to       R4C9A.F0 system/core/engine/SLICE_301
ROUTE         9     1.635       R4C9A.F0 to       R3C9A.C1 stepdup
CTOF_DEL    ---     0.495       R3C9A.C1 to       R3C9A.F1 SLICE_253
ROUTE         5     1.127       R3C9A.F1 to       R5C7D.CE system/core/engine/frame_active_RNIJ9OTE (to clk_c)
                  --------
                   13.149   (27.4% logic, 72.6% route), 6 logic levels.

Unconstrained Preference:
   INPUT_SETUP PORT "reset" CLKPORT "clk" 

Report:   13.431ns delay reset to system/core/engine/seq/SLICE_256 (13.149ns delay and 0.282ns setup)

   Name    Fanout   Delay (ns)          Site               Resource
PADI_DEL    ---     1.132          4.PAD to        4.PADDI reset
ROUTE       252     3.714        4.PADDI to       R4C7D.A1 reset_c
CTOF_DEL    ---     0.495       R4C7D.A1 to       R4C7D.F1 system/core/engine/SLICE_316
ROUTE        11     1.215       R4C7D.F1 to       R3C5D.C1 system/requestdup
CTOF_DEL    ---     0.495       R3C5D.C1 to       R3C5D.F1 SLICE_157
ROUTE         2     0.654       R3C5D.F1 to       R3C6A.D1 system/ackdup
CTOF_DEL    ---     0.495       R3C6A.D1 to       R3C6A.F1 system/SLICE_351
ROUTE         9     1.197       R3C6A.F1 to       R4C9A.D0 system/core/engine/retirec_1
CTOF_DEL    ---     0.495       R4C9A.D0 to       R4C9A.F0 system/core/engine/SLICE_301
ROUTE         9     1.635       R4C9A.F0 to       R3C9A.C1 stepdup
CTOF_DEL    ---     0.495       R3C9A.C1 to       R3C9A.F1 SLICE_253
ROUTE         5     1.127       R3C9A.F1 to       R5C8D.CE system/core/engine/frame_active_RNIJ9OTE (to clk_c)
                  --------
                   13.149   (27.4% logic, 72.6% route), 6 logic levels.

Unconstrained Preference:
   INPUT_SETUP PORT "reset" CLKPORT "clk" 

Report:   13.261ns delay reset to system/core/engine/SLICE_497 (12.987ns delay and 0.274ns setup)

   Name    Fanout   Delay (ns)          Site               Resource
PADI_DEL    ---     1.132          4.PAD to        4.PADDI reset
ROUTE       252     3.714        4.PADDI to       R4C7D.A1 reset_c
CTOF_DEL    ---     0.495       R4C7D.A1 to       R4C7D.F1 system/core/engine/SLICE_316
ROUTE        11     1.215       R4C7D.F1 to       R3C5D.C1 system/requestdup
CTOF_DEL    ---     0.495       R3C5D.C1 to       R3C5D.F1 SLICE_157
ROUTE         2     0.654       R3C5D.F1 to       R3C6A.D1 system/ackdup
CTOF_DEL    ---     0.495       R3C6A.D1 to       R3C6A.F1 system/SLICE_351
ROUTE         9     1.197       R3C6A.F1 to       R4C9A.D0 system/core/engine/retirec_1
CTOF_DEL    ---     0.495       R4C9A.D0 to       R4C9A.F0 system/core/engine/SLICE_301
ROUTE         9     1.514       R4C9A.F0 to       R2C9D.D0 stepdup
CTOF_DEL    ---     0.495       R2C9D.D0 to       R2C9D.F0 system/core/engine/SLICE_492
ROUTE         4     1.086       R2C9D.F0 to      R4C9C.LSR system/core/engine/irq_ack_1_RNIND72H (to clk_c)
                  --------
                   12.987   (27.8% logic, 72.2% route), 6 logic levels.

Unconstrained Preference:
   INPUT_SETUP PORT "reset" CLKPORT "clk" 

Report:   13.240ns delay reset to SLICE_37 (13.132ns delay and 0.108ns setup)

   Name    Fanout   Delay (ns)          Site               Resource
PADI_DEL    ---     1.132          4.PAD to        4.PADDI reset
ROUTE       252     3.714        4.PADDI to       R4C7D.A1 reset_c
CTOF_DEL    ---     0.495       R4C7D.A1 to       R4C7D.F1 system/core/engine/SLICE_316
ROUTE        11     1.215       R4C7D.F1 to       R3C5D.C1 system/requestdup
CTOF_DEL    ---     0.495       R3C5D.C1 to       R3C5D.F1 SLICE_157
ROUTE         2     0.654       R3C5D.F1 to       R3C6A.D1 system/ackdup
CTOF_DEL    ---     0.495       R3C6A.D1 to       R3C6A.F1 system/SLICE_351
ROUTE         9     1.197       R3C6A.F1 to       R4C9A.D0 system/core/engine/retirec_1
CTOF_DEL    ---     0.495       R4C9A.D0 to       R4C9A.F0 system/core/engine/SLICE_301
ROUTE         9     1.327       R4C9A.F0 to       R7C8B.C1 stepdup
CTOF_DEL    ---     0.495       R7C8B.C1 to       R7C8B.F1 SLICE_539
ROUTE        18     1.418       R7C8B.F1 to      R8C6A.WRE system/rf_writedup (to clk_c)
                  --------
                   13.132   (27.5% logic, 72.5% route), 6 logic levels.

Unconstrained Preference:
   INPUT_SETUP PORT "reset" CLKPORT "clk" 

Report:   13.240ns delay reset to SLICE_38 (13.132ns delay and 0.108ns setup)

   Name    Fanout   Delay (ns)          Site               Resource
PADI_DEL    ---     1.132          4.PAD to        4.PADDI reset
ROUTE       252     3.714        4.PADDI to       R4C7D.A1 reset_c
CTOF_DEL    ---     0.495       R4C7D.A1 to       R4C7D.F1 system/core/engine/SLICE_316
ROUTE        11     1.215       R4C7D.F1 to       R3C5D.C1 system/requestdup
CTOF_DEL    ---     0.495       R3C5D.C1 to       R3C5D.F1 SLICE_157
ROUTE         2     0.654       R3C5D.F1 to       R3C6A.D1 system/ackdup
CTOF_DEL    ---     0.495       R3C6A.D1 to       R3C6A.F1 system/SLICE_351
ROUTE         9     1.197       R3C6A.F1 to       R4C9A.D0 system/core/engine/retirec_1
CTOF_DEL    ---     0.495       R4C9A.D0 to       R4C9A.F0 system/core/engine/SLICE_301
ROUTE         9     1.327       R4C9A.F0 to       R7C8B.C1 stepdup
CTOF_DEL    ---     0.495       R7C8B.C1 to       R7C8B.F1 SLICE_539
ROUTE        18     1.418       R7C8B.F1 to      R8C6B.WRE system/rf_writedup (to clk_c)
                  --------
                   13.132   (27.5% logic, 72.5% route), 6 logic levels.

Unconstrained Preference:
   INPUT_SETUP PORT "reset" CLKPORT "clk" 

Report:   13.240ns delay reset to SLICE_40 (13.132ns delay and 0.108ns setup)

   Name    Fanout   Delay (ns)          Site               Resource
PADI_DEL    ---     1.132          4.PAD to        4.PADDI reset
ROUTE       252     3.714        4.PADDI to       R4C7D.A1 reset_c
CTOF_DEL    ---     0.495       R4C7D.A1 to       R4C7D.F1 system/core/engine/SLICE_316
ROUTE        11     1.215       R4C7D.F1 to       R3C5D.C1 system/requestdup
CTOF_DEL    ---     0.495       R3C5D.C1 to       R3C5D.F1 SLICE_157
ROUTE         2     0.654       R3C5D.F1 to       R3C6A.D1 system/ackdup
CTOF_DEL    ---     0.495       R3C6A.D1 to       R3C6A.F1 system/SLICE_351
ROUTE         9     1.197       R3C6A.F1 to       R4C9A.D0 system/core/engine/retirec_1
CTOF_DEL    ---     0.495       R4C9A.D0 to       R4C9A.F0 system/core/engine/SLICE_301
ROUTE         9     1.327       R4C9A.F0 to       R7C8B.C1 stepdup
CTOF_DEL    ---     0.495       R7C8B.C1 to       R7C8B.F1 SLICE_539
ROUTE        18     1.418       R7C8B.F1 to      R8C7A.WRE system/rf_writedup (to clk_c)
                  --------
                   13.132   (27.5% logic, 72.5% route), 6 logic levels.

Unconstrained Preference:
   INPUT_SETUP PORT "reset" CLKPORT "clk" 

Report:   13.240ns delay reset to SLICE_41 (13.132ns delay and 0.108ns setup)

   Name    Fanout   Delay (ns)          Site               Resource
PADI_DEL    ---     1.132          4.PAD to        4.PADDI reset
ROUTE       252     3.714        4.PADDI to       R4C7D.A1 reset_c
CTOF_DEL    ---     0.495       R4C7D.A1 to       R4C7D.F1 system/core/engine/SLICE_316
ROUTE        11     1.215       R4C7D.F1 to       R3C5D.C1 system/requestdup
CTOF_DEL    ---     0.495       R3C5D.C1 to       R3C5D.F1 SLICE_157
ROUTE         2     0.654       R3C5D.F1 to       R3C6A.D1 system/ackdup
CTOF_DEL    ---     0.495       R3C6A.D1 to       R3C6A.F1 system/SLICE_351
ROUTE         9     1.197       R3C6A.F1 to       R4C9A.D0 system/core/engine/retirec_1
CTOF_DEL    ---     0.495       R4C9A.D0 to       R4C9A.F0 system/core/engine/SLICE_301
ROUTE         9     1.327       R4C9A.F0 to       R7C8B.C1 stepdup
CTOF_DEL    ---     0.495       R7C8B.C1 to       R7C8B.F1 SLICE_539
ROUTE        18     1.418       R7C8B.F1 to      R8C7B.WRE system/rf_writedup (to clk_c)
                  --------
                   13.132   (27.5% logic, 72.5% route), 6 logic levels.

Unconstrained Preference:
   INPUT_SETUP PORT "reset" CLKPORT "clk" 

Report:   13.073ns delay reset to system/core/engine/rom/lane_3 (13.152ns delay and -0.079ns setup)

   Name    Fanout   Delay (ns)          Site               Resource
PADI_DEL    ---     1.132          4.PAD to        4.PADDI reset
ROUTE       252     3.714        4.PADDI to       R4C7D.A1 reset_c
CTOF_DEL    ---     0.495       R4C7D.A1 to       R4C7D.F1 system/core/engine/SLICE_316
ROUTE        11     1.215       R4C7D.F1 to       R3C5D.C1 system/requestdup
CTOF_DEL    ---     0.495       R3C5D.C1 to       R3C5D.F1 SLICE_157
ROUTE         2     0.654       R3C5D.F1 to       R3C6A.D1 system/ackdup
CTOF_DEL    ---     0.495       R3C6A.D1 to       R3C6A.F1 system/SLICE_351
ROUTE         9     1.197       R3C6A.F1 to       R4C9A.D0 system/core/engine/retirec_1
CTOF_DEL    ---     0.495       R4C9A.D0 to       R4C9A.F0 system/core/engine/SLICE_301
ROUTE         9     0.689       R4C9A.F0 to       R4C9A.A1 stepdup
CTOF_DEL    ---     0.495       R4C9A.A1 to       R4C9A.F1 system/core/engine/SLICE_301
ROUTE         8     2.076       R4C9A.F1 to  EBR_R6C7.OCEA system/core/engine/fault_redirectdup_RNIEOSLD (to clk_c)
                  --------
                   13.152   (27.4% logic, 72.6% route), 6 logic levels.

Unconstrained Preference:
   INPUT_SETUP PORT "reset" CLKPORT "clk" 

Report:   12.944ns delay reset to system/core/engine/rom/lane_3 (12.718ns delay and 0.226ns setup)

   Name    Fanout   Delay (ns)          Site               Resource
PADI_DEL    ---     1.132          4.PAD to        4.PADDI reset
ROUTE       252     3.714        4.PADDI to       R4C7D.A1 reset_c
CTOF_DEL    ---     0.495       R4C7D.A1 to       R4C7D.F1 system/core/engine/SLICE_316
ROUTE        11     1.215       R4C7D.F1 to       R3C5D.C1 system/requestdup
CTOF_DEL    ---     0.495       R3C5D.C1 to       R3C5D.F1 SLICE_157
ROUTE         2     0.654       R3C5D.F1 to       R3C6A.D1 system/ackdup
CTOF_DEL    ---     0.495       R3C6A.D1 to       R3C6A.F1 system/SLICE_351
ROUTE         9     1.197       R3C6A.F1 to       R4C9A.D0 system/core/engine/retirec_1
CTOF_DEL    ---     0.495       R4C9A.D0 to       R4C9A.F0 system/core/engine/SLICE_301
ROUTE         9     0.689       R4C9A.F0 to       R4C9A.A1 stepdup
CTOF_DEL    ---     0.495       R4C9A.A1 to       R4C9A.F1 system/core/engine/SLICE_301
ROUTE         8     1.642       R4C9A.F1 to   EBR_R6C7.CEA system/core/engine/fault_redirectdup_RNIEOSLD (to clk_c)
                  --------
                   12.718   (28.4% logic, 71.6% route), 6 logic levels.

Unconstrained Preference:
   INPUT_SETUP PORT "reset" CLKPORT "clk" 

Report:   12.891ns delay reset to system/core/engine/SLICE_582 (12.609ns delay and 0.282ns setup)

   Name    Fanout   Delay (ns)          Site               Resource
PADI_DEL    ---     1.132          4.PAD to        4.PADDI reset
ROUTE       252     3.714        4.PADDI to       R4C7D.A1 reset_c
CTOF_DEL    ---     0.495       R4C7D.A1 to       R4C7D.F1 system/core/engine/SLICE_316
ROUTE        11     1.215       R4C7D.F1 to       R3C5D.C1 system/requestdup
CTOF_DEL    ---     0.495       R3C5D.C1 to       R3C5D.F1 SLICE_157
ROUTE         2     0.654       R3C5D.F1 to       R3C6A.D1 system/ackdup
CTOF_DEL    ---     0.495       R3C6A.D1 to       R3C6A.F1 system/SLICE_351
ROUTE         9     1.197       R3C6A.F1 to       R4C9A.D0 system/core/engine/retirec_1
CTOF_DEL    ---     0.495       R4C9A.D0 to       R4C9A.F0 system/core/engine/SLICE_301
ROUTE         9     1.552       R4C9A.F0 to      R3C11C.C1 stepdup
CTOF_DEL    ---     0.495      R3C11C.C1 to      R3C11C.F1 system/core/engine/SLICE_582
ROUTE         4     0.670      R3C11C.F1 to      R3C11C.CE system/core/engine/mdr_1_sqmuxa_idup (to clk_c)
                  --------
                   12.609   (28.6% logic, 71.4% route), 6 logic levels.

Unconstrained Preference:
   INPUT_SETUP PORT "reset" CLKPORT "clk" 

Report:   12.794ns delay reset to system/core/engine/SLICE_202 (12.628ns delay and 0.166ns setup)

   Name    Fanout   Delay (ns)          Site               Resource
PADI_DEL    ---     1.132          4.PAD to        4.PADDI reset
ROUTE       252     3.714        4.PADDI to       R4C7D.A1 reset_c
CTOF_DEL    ---     0.495       R4C7D.A1 to       R4C7D.F1 system/core/engine/SLICE_316
ROUTE        11     1.215       R4C7D.F1 to       R3C5D.C1 system/requestdup
CTOF_DEL    ---     0.495       R3C5D.C1 to       R3C5D.F1 SLICE_157
ROUTE         2     0.654       R3C5D.F1 to       R3C6A.D1 system/ackdup
CTOF_DEL    ---     0.495       R3C6A.D1 to       R3C6A.F1 system/SLICE_351
ROUTE         9     1.197       R3C6A.F1 to       R4C9A.D0 system/core/engine/retirec_1
CTOF_DEL    ---     0.495       R4C9A.D0 to       R4C9A.F0 system/core/engine/SLICE_301
ROUTE         9     1.431       R4C9A.F0 to      R2C11B.D0 stepdup
CTOF_DEL    ---     0.495      R2C11B.D0 to      R2C11B.F0 system/core/engine/SLICE_319
ROUTE         1     0.315      R2C11B.F0 to      R2C10D.D1 system/core/engine/N_118
CTOF_DEL    ---     0.495      R2C10D.D1 to      R2C10D.F1 system/core/engine/SLICE_202
ROUTE         1     0.000      R2C10D.F1 to     R2C10D.DI1 system/core/engine/N_118ss (to clk_c)
                  --------
                   12.628   (32.5% logic, 67.5% route), 7 logic levels.

Unconstrained Preference:
   INPUT_SETUP PORT "reset" CLKPORT "clk" 

Report:   11.223ns delay reset to SLICE_253 (11.057ns delay and 0.166ns setup)

   Name    Fanout   Delay (ns)          Site               Resource
PADI_DEL    ---     1.132          4.PAD to        4.PADDI reset
ROUTE       252     3.714        4.PADDI to       R4C7D.A1 reset_c
CTOF_DEL    ---     0.495       R4C7D.A1 to       R4C7D.F1 system/core/engine/SLICE_316
ROUTE        11     1.215       R4C7D.F1 to       R3C5D.C1 system/requestdup
CTOF_DEL    ---     0.495       R3C5D.C1 to       R3C5D.F1 SLICE_157
ROUTE         2     0.654       R3C5D.F1 to       R3C6A.D1 system/ackdup
CTOF_DEL    ---     0.495       R3C6A.D1 to       R3C6A.F1 system/SLICE_351
ROUTE         9     1.197       R3C6A.F1 to       R4C9A.D0 system/core/engine/retirec_1
CTOF_DEL    ---     0.495       R4C9A.D0 to       R4C9A.F0 system/core/engine/SLICE_301
ROUTE         9     0.670       R4C9A.F0 to       R3C9A.D0 stepdup
CTOF_DEL    ---     0.495       R3C9A.D0 to       R3C9A.F0 SLICE_253
ROUTE         1     0.000       R3C9A.F0 to      R3C9A.DI0 irq/timer_pending_2 (to clk_c)
                  --------
                   11.057   (32.6% logic, 67.4% route), 6 logic levels.

Unconstrained Preference:
   INPUT_SETUP PORT "reset" CLKPORT "clk" 

Report:   10.876ns delay reset to system/core/engine/SLICE_183 (10.710ns delay and 0.166ns setup)

   Name    Fanout   Delay (ns)          Site               Resource
PADI_DEL    ---     1.132          4.PAD to        4.PADDI reset
ROUTE       252     3.714        4.PADDI to       R4C7D.A1 reset_c
CTOF_DEL    ---     0.495       R4C7D.A1 to       R4C7D.F1 system/core/engine/SLICE_316
ROUTE        11     1.215       R4C7D.F1 to       R3C5D.C1 system/requestdup
CTOF_DEL    ---     0.495       R3C5D.C1 to       R3C5D.F1 SLICE_157
ROUTE         2     0.654       R3C5D.F1 to       R3C6A.D1 system/ackdup
CTOF_DEL    ---     0.495       R3C6A.D1 to       R3C6A.F1 system/SLICE_351
ROUTE         9     2.015       R3C6A.F1 to      R2C10A.B0 system/core/engine/retirec_1
CTOF_DEL    ---     0.495      R2C10A.B0 to      R2C10A.F0 system/core/engine/SLICE_183
ROUTE         1     0.000      R2C10A.F0 to     R2C10A.DI0 system/core/engine/retirec (to clk_c)
                  --------
                   10.710   (29.1% logic, 70.9% route), 5 logic levels.

Unconstrained Preference:
   INPUT_SETUP PORT "reset" CLKPORT "clk" 

Report:    9.597ns delay reset to system/sequential.memory/transport/SLICE_244 (9.431ns delay and 0.166ns setup)

   Name    Fanout   Delay (ns)          Site               Resource
PADI_DEL    ---     1.132          4.PAD to        4.PADDI reset
ROUTE       252     3.238        4.PADDI to       R9C4B.A1 reset_c
CTOF_DEL    ---     0.495       R9C4B.A1 to       R9C4B.F1 system/sequential.memory/transport/SLICE_348
ROUTE         3     0.650       R9C4B.F1 to       R9C4D.D1 system/sequential.memory/transport/N_211
CTOF_DEL    ---     0.495       R9C4D.D1 to       R9C4D.F1 system/sequential.memory/transport/SLICE_247
ROUTE         6     1.095       R9C4D.F1 to       R8C5B.C0 system/sequential.memory/transport/N_203
CTOF_DEL    ---     0.495       R8C5B.C0 to       R8C5B.F0 system/sequential.memory/SLICE_243
ROUTE         1     1.336       R8C5B.F0 to       R9C4A.B0 system/sequential.memory/transport/tx_shift_15_iv_1[0]
CTOF_DEL    ---     0.495       R9C4A.B0 to       R9C4A.F0 system/sequential.memory/transport/SLICE_244
ROUTE         1     0.000       R9C4A.F0 to      R9C4A.DI0 system/sequential.memory/transport/tx_shift_15[0] (to clk_c)
                  --------
                    9.431   (33.0% logic, 67.0% route), 5 logic levels.

Unconstrained Preference:
   INPUT_SETUP PORT "reset" CLKPORT "clk" 

Report:    9.368ns delay reset to system/sequential.memory/SLICE_209 (9.202ns delay and 0.166ns setup)

   Name    Fanout   Delay (ns)          Site               Resource
PADI_DEL    ---     1.132          4.PAD to        4.PADDI reset
ROUTE       252     3.400        4.PADDI to       R4C4B.D0 reset_c
CTOF_DEL    ---     0.495       R4C4B.D0 to       R4C4B.F0 system/SLICE_593
ROUTE         2     0.976       R4C4B.F0 to       R4C4C.A1 system/sequential.memory/owner_srsts_0_0[0]
CTOF_DEL    ---     0.495       R4C4C.A1 to       R4C4C.F1 system/sequential.memory/SLICE_308
ROUTE         1     0.967       R4C4C.F1 to       R4C4C.A0 system/sequential.memory/owner_srsts_0_0_0[0]
CTOF_DEL    ---     0.495       R4C4C.A0 to       R4C4C.F0 system/sequential.memory/SLICE_308
ROUTE         1     0.747       R4C4C.F0 to       R4C4A.C0 system/sequential.memory/owner_srsts_0_1[0]
CTOF_DEL    ---     0.495       R4C4A.C0 to       R4C4A.F0 system/sequential.memory/SLICE_209
ROUTE         1     0.000       R4C4A.F0 to      R4C4A.DI0 system/sequential.memory/N_32ss (to clk_c)
                  --------
                    9.202   (33.8% logic, 66.2% route), 5 logic levels.

Unconstrained Preference:
   INPUT_SETUP PORT "reset" CLKPORT "clk" 

Report:    9.363ns delay reset to system/sequential.memory/transport/SLICE_245 (9.197ns delay and 0.166ns setup)

   Name    Fanout   Delay (ns)          Site               Resource
PADI_DEL    ---     1.132          4.PAD to        4.PADDI reset
ROUTE       252     3.238        4.PADDI to       R9C4B.A1 reset_c
CTOF_DEL    ---     0.495       R9C4B.A1 to       R9C4B.F1 system/sequential.memory/transport/SLICE_348
ROUTE         3     0.650       R9C4B.F1 to       R9C4D.D1 system/sequential.memory/transport/N_211
CTOF_DEL    ---     0.495       R9C4D.D1 to       R9C4D.F1 system/sequential.memory/transport/SLICE_247
ROUTE         6     1.541       R9C4D.F1 to       R9C5A.C0 system/sequential.memory/transport/N_203
CTOF_DEL    ---     0.495       R9C5A.C0 to       R9C5A.F0 system/sequential.memory/transport/SLICE_345
ROUTE         1     0.656       R9C5A.F0 to       R9C5C.A0 system/sequential.memory/transport/tx_shift_15_iv_2[2]
CTOF_DEL    ---     0.495       R9C5C.A0 to       R9C5C.F0 system/sequential.memory/transport/SLICE_245
ROUTE         1     0.000       R9C5C.F0 to      R9C5C.DI0 system/sequential.memory/transport/tx_shift_15[2] (to clk_c)
                  --------
                    9.197   (33.8% logic, 66.2% route), 5 logic levels.

Unconstrained Preference:
   INPUT_SETUP PORT "reset" CLKPORT "clk" 

Report:    9.115ns delay reset to system/sequential.memory/transport/SLICE_247 (8.949ns delay and 0.166ns setup)

   Name    Fanout   Delay (ns)          Site               Resource
PADI_DEL    ---     1.132          4.PAD to        4.PADDI reset
ROUTE       252     3.209        4.PADDI to      R10C5B.A0 reset_c
CTOF_DEL    ---     0.495      R10C5B.A0 to      R10C5B.F0 system/sequential.memory/transport/SLICE_332
ROUTE         7     1.322      R10C5B.F0 to     R10C10B.C0 system/sequential.memory/transport/tx_shift_7_sqmuxa_1
CTOF_DEL    ---     0.495     R10C10B.C0 to     R10C10B.F0 system/sequential.memory/transport/SLICE_556
ROUTE         1     1.801     R10C10B.F0 to       R9C4D.A0 system/sequential.memory/transport/tx_shift_15_iv_1[6]
CTOF_DEL    ---     0.495       R9C4D.A0 to       R9C4D.F0 system/sequential.memory/transport/SLICE_247
ROUTE         1     0.000       R9C4D.F0 to      R9C4D.DI0 system/sequential.memory/transport/tx_shift_15[6] (to clk_c)
                  --------
                    8.949   (29.2% logic, 70.8% route), 4 logic levels.

Unconstrained Preference:
   INPUT_SETUP PORT "reset" CLKPORT "clk" 

Report:    9.019ns delay reset to system/sequential.memory/transport/SLICE_245 (8.853ns delay and 0.166ns setup)

   Name    Fanout   Delay (ns)          Site               Resource
PADI_DEL    ---     1.132          4.PAD to        4.PADDI reset
ROUTE       252     3.209        4.PADDI to      R10C5B.A0 reset_c
CTOF_DEL    ---     0.495      R10C5B.A0 to      R10C5B.F0 system/sequential.memory/transport/SLICE_332
ROUTE         7     1.322      R10C5B.F0 to     R10C10C.C1 system/sequential.memory/transport/tx_shift_7_sqmuxa_1
CTOF_DEL    ---     0.495     R10C10C.C1 to     R10C10C.F1 system/sequential.memory/transport/SLICE_554
ROUTE         1     1.705     R10C10C.F1 to       R9C5C.C1 system/sequential.memory/transport/tx_shift_15_iv_1[3]
CTOF_DEL    ---     0.495       R9C5C.C1 to       R9C5C.F1 system/sequential.memory/transport/SLICE_245
ROUTE         1     0.000       R9C5C.F1 to      R9C5C.DI1 system/sequential.memory/transport/tx_shift_15[3] (to clk_c)
                  --------
                    8.853   (29.6% logic, 70.4% route), 4 logic levels.

Unconstrained Preference:
   INPUT_SETUP PORT "reset" CLKPORT "clk" 

Report:    8.950ns delay reset to system/sequential.memory/transport/SLICE_244 (8.784ns delay and 0.166ns setup)

   Name    Fanout   Delay (ns)          Site               Resource
PADI_DEL    ---     1.132          4.PAD to        4.PADDI reset
ROUTE       252     3.209        4.PADDI to      R10C5B.A0 reset_c
CTOF_DEL    ---     0.495      R10C5B.A0 to      R10C5B.F0 system/sequential.memory/transport/SLICE_332
ROUTE         7     1.026      R10C5B.F0 to      R10C4A.B1 system/sequential.memory/transport/tx_shift_7_sqmuxa_1
CTOF_DEL    ---     0.495      R10C4A.B1 to      R10C4A.F1 system/sequential.memory/transport/SLICE_331
ROUTE         1     1.932      R10C4A.F1 to       R9C4A.B1 system/sequential.memory/transport/tx_shift_15_iv_1[1]
CTOF_DEL    ---     0.495       R9C4A.B1 to       R9C4A.F1 system/sequential.memory/transport/SLICE_244
ROUTE         1     0.000       R9C4A.F1 to      R9C4A.DI1 system/sequential.memory/transport/tx_shift_15[1] (to clk_c)
                  --------
                    8.784   (29.8% logic, 70.2% route), 4 logic levels.

Unconstrained Preference:
   INPUT_SETUP PORT "reset" CLKPORT "clk" 

Report:    8.849ns delay reset to system/sequential.memory/transport/SLICE_246 (8.683ns delay and 0.166ns setup)

   Name    Fanout   Delay (ns)          Site               Resource
PADI_DEL    ---     1.132          4.PAD to        4.PADDI reset
ROUTE       252     3.209        4.PADDI to      R10C5B.A0 reset_c
CTOF_DEL    ---     0.495      R10C5B.A0 to      R10C5B.F0 system/sequential.memory/transport/SLICE_332
ROUTE         7     1.322      R10C5B.F0 to     R10C10B.C1 system/sequential.memory/transport/tx_shift_7_sqmuxa_1
CTOF_DEL    ---     0.495     R10C10B.C1 to     R10C10B.F1 system/sequential.memory/transport/SLICE_556
ROUTE         1     1.535     R10C10B.F1 to      R10C5D.B0 system/sequential.memory/transport/tx_shift_15_iv_1[4]
CTOF_DEL    ---     0.495      R10C5D.B0 to      R10C5D.F0 system/sequential.memory/transport/SLICE_246
ROUTE         1     0.000      R10C5D.F0 to     R10C5D.DI0 system/sequential.memory/transport/tx_shift_15[4] (to clk_c)
                  --------
                    8.683   (30.1% logic, 69.9% route), 4 logic levels.

Unconstrained Preference:
   INPUT_SETUP PORT "reset" CLKPORT "clk" 

Report:    8.820ns delay reset to system/sequential.memory/transport/SLICE_246 (8.654ns delay and 0.166ns setup)

   Name    Fanout   Delay (ns)          Site               Resource
PADI_DEL    ---     1.132          4.PAD to        4.PADDI reset
ROUTE       252     3.209        4.PADDI to      R10C5B.A0 reset_c
CTOF_DEL    ---     0.495      R10C5B.A0 to      R10C5B.F0 system/sequential.memory/transport/SLICE_332
ROUTE         7     1.322      R10C5B.F0 to     R10C10C.C0 system/sequential.memory/transport/tx_shift_7_sqmuxa_1
CTOF_DEL    ---     0.495     R10C10C.C0 to     R10C10C.F0 system/sequential.memory/transport/SLICE_554
ROUTE         1     1.506     R10C10C.F0 to      R10C5D.C1 system/sequential.memory/transport/tx_shift_15_iv_1[5]
CTOF_DEL    ---     0.495      R10C5D.C1 to      R10C5D.F1 system/sequential.memory/transport/SLICE_246
ROUTE         1     0.000      R10C5D.F1 to     R10C5D.DI1 system/sequential.memory/transport/tx_shift_15[5] (to clk_c)
                  --------
                    8.654   (30.2% logic, 69.8% route), 4 logic levels.

Unconstrained Preference:
   INPUT_SETUP PORT "reset" CLKPORT "clk" 

Report:    6.918ns delay reset to SLICE_229 (6.644ns delay and 0.274ns setup)

   Name    Fanout   Delay (ns)          Site               Resource
PADI_DEL    ---     1.132          4.PAD to        4.PADDI reset
ROUTE       252     1.595        4.PADDI to       R9C3A.D1 reset_c
CTOF_DEL    ---     0.495       R9C3A.D1 to       R9C3A.F1 system/sequential.memory/transport/SLICE_230
ROUTE         4     3.422       R9C3A.F1 to     R5C10B.LSR system/sequential.memory/transport/un1_state_15_i_o2_RNI2EKJF (to clk_c)
                  --------
                    6.644   (24.5% logic, 75.5% route), 2 logic levels.

Unconstrained Preference:
   INPUT_SETUP PORT "reset" CLKPORT "clk" 

Report:    6.491ns delay reset to SLICE_228 (6.217ns delay and 0.274ns setup)

   Name    Fanout   Delay (ns)          Site               Resource
PADI_DEL    ---     1.132          4.PAD to        4.PADDI reset
ROUTE       252     1.595        4.PADDI to       R9C3A.D1 reset_c
CTOF_DEL    ---     0.495       R9C3A.D1 to       R9C3A.F1 system/sequential.memory/transport/SLICE_230
ROUTE         4     2.995       R9C3A.F1 to     R7C10C.LSR system/sequential.memory/transport/un1_state_15_i_o2_RNI2EKJF (to clk_c)
                  --------
                    6.217   (26.2% logic, 73.8% route), 2 logic levels.

Unconstrained Preference:
   INPUT_SETUP PORT "reset" CLKPORT "clk" 

Report:    6.338ns delay reset to SLICE_253 (6.064ns delay and 0.274ns setup)

   Name    Fanout   Delay (ns)          Site               Resource
PADI_DEL    ---     1.132          4.PAD to        4.PADDI reset
ROUTE       252     3.765        4.PADDI to       R4C9D.B1 reset_c
CTOF_DEL    ---     0.495       R4C9D.B1 to       R4C9D.F1 SLICE_145
ROUTE         1     0.672       R4C9D.F1 to      R3C9A.LSR un1_reset (to clk_c)
                  --------
                    6.064   (26.8% logic, 73.2% route), 2 logic levels.

Unconstrained Preference:
   INPUT_SETUP PORT "reset" CLKPORT "clk" 

Report:    5.945ns delay reset to SLICE_227 (5.671ns delay and 0.274ns setup)

   Name    Fanout   Delay (ns)          Site               Resource
PADI_DEL    ---     1.132          4.PAD to        4.PADDI reset
ROUTE       252     1.595        4.PADDI to       R9C3A.D1 reset_c
CTOF_DEL    ---     0.495       R9C3A.D1 to       R9C3A.F1 system/sequential.memory/transport/SLICE_230
ROUTE         4     2.449       R9C3A.F1 to     R9C10C.LSR system/sequential.memory/transport/un1_state_15_i_o2_RNI2EKJF (to clk_c)
                  --------
                    5.671   (28.7% logic, 71.3% route), 2 logic levels.

Unconstrained Preference:
   INPUT_SETUP PORT "reset" CLKPORT "clk" 

Report:    5.511ns delay reset to SLICE_226 (5.237ns delay and 0.274ns setup)

   Name    Fanout   Delay (ns)          Site               Resource
PADI_DEL    ---     1.132          4.PAD to        4.PADDI reset
ROUTE       252     1.595        4.PADDI to       R9C3A.D1 reset_c
CTOF_DEL    ---     0.495       R9C3A.D1 to       R9C3A.F1 system/sequential.memory/transport/SLICE_230
ROUTE         4     2.015       R9C3A.F1 to    R10C11B.LSR system/sequential.memory/transport/un1_state_15_i_o2_RNI2EKJF (to clk_c)
                  --------
                    5.237   (31.1% logic, 68.9% route), 2 logic levels.

Unconstrained Preference:
   INPUT_SETUP PORT "reset" CLKPORT "clk" 

Report:    5.357ns delay reset to system/sequential.memory/transport/SLICE_238 (5.191ns delay and 0.166ns setup)

   Name    Fanout   Delay (ns)          Site               Resource
PADI_DEL    ---     1.132          4.PAD to        4.PADDI reset
ROUTE       252     3.564        4.PADDI to       R7C4B.C1 reset_c
CTOF_DEL    ---     0.495       R7C4B.C1 to       R7C4B.F1 system/sequential.memory/transport/SLICE_238
ROUTE         1     0.000       R7C4B.F1 to      R7C4B.DI1 system/sequential.memory/transport/N_156_i (to clk_c)
                  --------
                    5.191   (31.3% logic, 68.7% route), 2 logic levels.

Unconstrained Preference:
   INPUT_SETUP PORT "reset" CLKPORT "clk" 

Report:    5.087ns delay reset to system/sequential.memory/transport/SLICE_246 (4.805ns delay and 0.282ns setup)

   Name    Fanout   Delay (ns)          Site               Resource
PADI_DEL    ---     1.132          4.PAD to        4.PADDI reset
ROUTE       252     1.241        4.PADDI to       R9C2B.D0 reset_c
CTOF_DEL    ---     0.495       R9C2B.D0 to       R9C2B.F0 system/sequential.memory/transport/SLICE_341
ROUTE         4     1.937       R9C2B.F0 to      R10C5D.CE system/sequential.memory/transport/un1_state_10_RNIH4AT5[0] (to clk_c)
                  --------
                    4.805   (33.9% logic, 66.1% route), 2 logic levels.

Unconstrained Preference:
   INPUT_SETUP PORT "reset" CLKPORT "clk" 

Report:    4.673ns delay reset to system/sequential.memory/transport/SLICE_235 (4.507ns delay and 0.166ns setup)

   Name    Fanout   Delay (ns)          Site               Resource
PADI_DEL    ---     1.132          4.PAD to        4.PADDI reset
ROUTE       252     2.880        4.PADDI to      R10C3D.D0 reset_c
CTOF_DEL    ---     0.495      R10C3D.D0 to      R10C3D.F0 system/sequential.memory/transport/SLICE_235
ROUTE         1     0.000      R10C3D.F0 to     R10C3D.DI0 system/sequential.memory/transport/N_169_i (to clk_c)
                  --------
                    4.507   (36.1% logic, 63.9% route), 2 logic levels.

Unconstrained Preference:
   INPUT_SETUP PORT "reset" CLKPORT "clk" 

Report:    4.673ns delay reset to system/sequential.memory/transport/SLICE_235 (4.507ns delay and 0.166ns setup)

   Name    Fanout   Delay (ns)          Site               Resource
PADI_DEL    ---     1.132          4.PAD to        4.PADDI reset
ROUTE       252     2.880        4.PADDI to      R10C3D.D1 reset_c
CTOF_DEL    ---     0.495      R10C3D.D1 to      R10C3D.F1 system/sequential.memory/transport/SLICE_235
ROUTE         1     0.000      R10C3D.F1 to     R10C3D.DI1 system/sequential.memory/transport/N_167_i (to clk_c)
                  --------
                    4.507   (36.1% logic, 63.9% route), 2 logic levels.

Unconstrained Preference:
   INPUT_SETUP PORT "reset" CLKPORT "clk" 

Report:    4.660ns delay reset to system/sequential.memory/transport/SLICE_245 (4.378ns delay and 0.282ns setup)

   Name    Fanout   Delay (ns)          Site               Resource
PADI_DEL    ---     1.132          4.PAD to        4.PADDI reset
ROUTE       252     1.241        4.PADDI to       R9C2B.D0 reset_c
CTOF_DEL    ---     0.495       R9C2B.D0 to       R9C2B.F0 system/sequential.memory/transport/SLICE_341
ROUTE         4     1.510       R9C2B.F0 to       R9C5C.CE system/sequential.memory/transport/un1_state_10_RNIH4AT5[0] (to clk_c)
                  --------
                    4.378   (37.2% logic, 62.8% route), 2 logic levels.

Unconstrained Preference:
   INPUT_SETUP PORT "reset" CLKPORT "clk" 

Report:    4.377ns delay reset to system/sequential.memory/transport/SLICE_237 (4.211ns delay and 0.166ns setup)

   Name    Fanout   Delay (ns)          Site               Resource
PADI_DEL    ---     1.132          4.PAD to        4.PADDI reset
ROUTE       252     2.584        4.PADDI to      R10C4B.C1 reset_c
CTOF_DEL    ---     0.495      R10C4B.C1 to      R10C4B.F1 system/sequential.memory/transport/SLICE_237
ROUTE         1     0.000      R10C4B.F1 to     R10C4B.DI1 system/sequential.memory/transport/N_159_i (to clk_c)
                  --------
                    4.211   (38.6% logic, 61.4% route), 2 logic levels.

Unconstrained Preference:
   INPUT_SETUP PORT "reset" CLKPORT "clk" 

Report:    4.367ns delay reset to system/sequential.memory/transport/SLICE_234 (4.201ns delay and 0.166ns setup)

   Name    Fanout   Delay (ns)          Site               Resource
PADI_DEL    ---     1.132          4.PAD to        4.PADDI reset
ROUTE       252     2.574        4.PADDI to      R10C4D.C1 reset_c
CTOF_DEL    ---     0.495      R10C4D.C1 to      R10C4D.F1 system/sequential.memory/transport/SLICE_234
ROUTE         1     0.000      R10C4D.F1 to     R10C4D.DI1 system/sequential.memory/transport/N_171_i (to clk_c)
                  --------
                    4.201   (38.7% logic, 61.3% route), 2 logic levels.

Unconstrained Preference:
   INPUT_SETUP PORT "reset" CLKPORT "clk" 

Report:    4.261ns delay reset to system/sequential.memory/transport/SLICE_234 (4.095ns delay and 0.166ns setup)

   Name    Fanout   Delay (ns)          Site               Resource
PADI_DEL    ---     1.132          4.PAD to        4.PADDI reset
ROUTE       252     2.468        4.PADDI to      R10C4D.D0 reset_c
CTOF_DEL    ---     0.495      R10C4D.D0 to      R10C4D.F0 system/sequential.memory/transport/SLICE_234
ROUTE         1     0.000      R10C4D.F0 to     R10C4D.DI0 system/sequential.memory/transport/N_173_i (to clk_c)
                  --------
                    4.095   (39.7% logic, 60.3% route), 2 logic levels.

Unconstrained Preference:
   INPUT_SETUP PORT "reset" CLKPORT "clk" 

Report:    4.252ns delay reset to system/sequential.memory/transport/SLICE_233 (4.086ns delay and 0.166ns setup)

   Name    Fanout   Delay (ns)          Site               Resource
PADI_DEL    ---     1.132          4.PAD to        4.PADDI reset
ROUTE       252     2.459        4.PADDI to       R8C3A.D0 reset_c
CTOF_DEL    ---     0.495       R8C3A.D0 to       R8C3A.F0 system/sequential.memory/transport/SLICE_233
ROUTE         1     0.000       R8C3A.F0 to      R8C3A.DI0 system/sequential.memory/transport/N_177_i (to clk_c)
                  --------
                    4.086   (39.8% logic, 60.2% route), 2 logic levels.

Unconstrained Preference:
   INPUT_SETUP PORT "reset" CLKPORT "clk" 

Report:    4.252ns delay reset to system/sequential.memory/transport/SLICE_233 (4.086ns delay and 0.166ns setup)

   Name    Fanout   Delay (ns)          Site               Resource
PADI_DEL    ---     1.132          4.PAD to        4.PADDI reset
ROUTE       252     2.459        4.PADDI to       R8C3A.D1 reset_c
CTOF_DEL    ---     0.495       R8C3A.D1 to       R8C3A.F1 system/sequential.memory/transport/SLICE_233
ROUTE         1     0.000       R8C3A.F1 to      R8C3A.DI1 system/sequential.memory/transport/N_175_i (to clk_c)
                  --------
                    4.086   (39.8% logic, 60.2% route), 2 logic levels.

Unconstrained Preference:
   INPUT_SETUP PORT "reset" CLKPORT "clk" 

Report:    4.241ns delay reset to system/sequential.memory/transport/SLICE_244 (3.959ns delay and 0.282ns setup)

   Name    Fanout   Delay (ns)          Site               Resource
PADI_DEL    ---     1.132          4.PAD to        4.PADDI reset
ROUTE       252     1.241        4.PADDI to       R9C2B.D0 reset_c
CTOF_DEL    ---     0.495       R9C2B.D0 to       R9C2B.F0 system/sequential.memory/transport/SLICE_341
ROUTE         4     1.091       R9C2B.F0 to       R9C4A.CE system/sequential.memory/transport/un1_state_10_RNIH4AT5[0] (to clk_c)
                  --------
                    3.959   (41.1% logic, 58.9% route), 2 logic levels.

Unconstrained Preference:
   INPUT_SETUP PORT "reset" CLKPORT "clk" 

Report:    4.241ns delay reset to system/sequential.memory/transport/SLICE_247 (3.959ns delay and 0.282ns setup)

   Name    Fanout   Delay (ns)          Site               Resource
PADI_DEL    ---     1.132          4.PAD to        4.PADDI reset
ROUTE       252     1.241        4.PADDI to       R9C2B.D0 reset_c
CTOF_DEL    ---     0.495       R9C2B.D0 to       R9C2B.F0 system/sequential.memory/transport/SLICE_341
ROUTE         4     1.091       R9C2B.F0 to       R9C4D.CE system/sequential.memory/transport/un1_state_10_RNIH4AT5[0] (to clk_c)
                  --------
                    3.959   (41.1% logic, 58.9% route), 2 logic levels.

Unconstrained Preference:
   INPUT_SETUP PORT "reset" CLKPORT "clk" 

Report:    4.212ns delay reset to system/sequential.memory/transport/SLICE_236 (4.046ns delay and 0.166ns setup)

   Name    Fanout   Delay (ns)          Site               Resource
PADI_DEL    ---     1.132          4.PAD to        4.PADDI reset
ROUTE       252     2.419        4.PADDI to       R8C4A.B1 reset_c
CTOF_DEL    ---     0.495       R8C4A.B1 to       R8C4A.F1 system/sequential.memory/transport/SLICE_236
ROUTE         1     0.000       R8C4A.F1 to      R8C4A.DI1 system/sequential.memory/transport/N_163_i (to clk_c)
                  --------
                    4.046   (40.2% logic, 59.8% route), 2 logic levels.

Unconstrained Preference:
   INPUT_SETUP PORT "reset" CLKPORT "clk" 

Report:    4.187ns delay reset to system/sequential.memory/transport/SLICE_232 (4.021ns delay and 0.166ns setup)

   Name    Fanout   Delay (ns)          Site               Resource
PADI_DEL    ---     1.132          4.PAD to        4.PADDI reset
ROUTE       252     2.394        4.PADDI to       R7C3D.B0 reset_c
CTOF_DEL    ---     0.495       R7C3D.B0 to       R7C3D.F0 system/sequential.memory/transport/SLICE_232
ROUTE         1     0.000       R7C3D.F0 to      R7C3D.DI0 system/sequential.memory/transport/N_181_i (to clk_c)
                  --------
                    4.021   (40.5% logic, 59.5% route), 2 logic levels.

Unconstrained Preference:
   INPUT_SETUP PORT "reset" CLKPORT "clk" 

Report:    3.961ns delay reset to system/sequential.memory/transport/SLICE_232 (3.795ns delay and 0.166ns setup)

   Name    Fanout   Delay (ns)          Site               Resource
PADI_DEL    ---     1.132          4.PAD to        4.PADDI reset
ROUTE       252     2.168        4.PADDI to       R7C3D.C1 reset_c
CTOF_DEL    ---     0.495       R7C3D.C1 to       R7C3D.F1 system/sequential.memory/transport/SLICE_232
ROUTE         1     0.000       R7C3D.F1 to      R7C3D.DI1 system/sequential.memory/transport/N_179_i (to clk_c)
                  --------
                    3.795   (42.9% logic, 57.1% route), 2 logic levels.

Unconstrained Preference:
   INPUT_SETUP PORT "reset" CLKPORT "clk" 

Report:    3.857ns delay reset to SLICE_143 (3.583ns delay and 0.274ns setup)

   Name    Fanout   Delay (ns)          Site               Resource
PADI_DEL    ---     1.132          4.PAD to        4.PADDI reset
ROUTE       252     2.451        4.PADDI to      R8C9C.LSR reset_c (to clk_c)
                  --------
                    3.583   (31.6% logic, 68.4% route), 1 logic levels.

Unconstrained Preference:
   INPUT_SETUP PORT "reset" CLKPORT "clk" 

Report:    3.857ns delay reset to SLICE_145 (3.583ns delay and 0.274ns setup)

   Name    Fanout   Delay (ns)          Site               Resource
PADI_DEL    ---     1.132          4.PAD to        4.PADDI reset
ROUTE       252     2.451        4.PADDI to      R4C9D.LSR reset_c (to clk_c)
                  --------
                    3.583   (31.6% logic, 68.4% route), 1 logic levels.

Unconstrained Preference:
   INPUT_SETUP PORT "reset" CLKPORT "clk" 

Report:    3.857ns delay reset to SLICE_154 (3.583ns delay and 0.274ns setup)

   Name    Fanout   Delay (ns)          Site               Resource
PADI_DEL    ---     1.132          4.PAD to        4.PADDI reset
ROUTE       252     2.451        4.PADDI to      R5C7C.LSR reset_c (to clk_c)
                  --------
                    3.583   (31.6% logic, 68.4% route), 1 logic levels.

Unconstrained Preference:
   INPUT_SETUP PORT "reset" CLKPORT "clk" 

Report:    3.857ns delay reset to SLICE_157 (3.583ns delay and 0.274ns setup)

   Name    Fanout   Delay (ns)          Site               Resource
PADI_DEL    ---     1.132          4.PAD to        4.PADDI reset
ROUTE       252     2.451        4.PADDI to      R3C5D.LSR reset_c (to clk_c)
                  --------
                    3.583   (31.6% logic, 68.4% route), 1 logic levels.

Unconstrained Preference:
   INPUT_SETUP PORT "reset" CLKPORT "clk" 

Report:    3.857ns delay reset to SLICE_158 (3.583ns delay and 0.274ns setup)

   Name    Fanout   Delay (ns)          Site               Resource
PADI_DEL    ---     1.132          4.PAD to        4.PADDI reset
ROUTE       252     2.451        4.PADDI to      R3C9B.LSR reset_c (to clk_c)
                  --------
                    3.583   (31.6% logic, 68.4% route), 1 logic levels.

Unconstrained Preference:
   INPUT_SETUP PORT "reset" CLKPORT "clk" 

Report:    3.857ns delay reset to SLICE_210 (3.583ns delay and 0.274ns setup)

   Name    Fanout   Delay (ns)          Site               Resource
PADI_DEL    ---     1.132          4.PAD to        4.PADDI reset
ROUTE       252     2.451        4.PADDI to      R9C9C.LSR reset_c (to clk_c)
                  --------
                    3.583   (31.6% logic, 68.4% route), 1 logic levels.

Unconstrained Preference:
   INPUT_SETUP PORT "reset" CLKPORT "clk" 

Report:    3.857ns delay reset to SLICE_302 (3.583ns delay and 0.274ns setup)

   Name    Fanout   Delay (ns)          Site               Resource
PADI_DEL    ---     1.132          4.PAD to        4.PADDI reset
ROUTE       252     2.451        4.PADDI to     R8C11C.LSR reset_c (to clk_c)
                  --------
                    3.583   (31.6% logic, 68.4% route), 1 logic levels.

Unconstrained Preference:
   INPUT_SETUP PORT "reset" CLKPORT "clk" 

Report:    3.857ns delay reset to SLICE_323 (3.583ns delay and 0.274ns setup)

   Name    Fanout   Delay (ns)          Site               Resource
PADI_DEL    ---     1.132          4.PAD to        4.PADDI reset
ROUTE       252     2.451        4.PADDI to     R7C14A.LSR reset_c (to clk_c)
                  --------
                    3.583   (31.6% logic, 68.4% route), 1 logic levels.

Unconstrained Preference:
   INPUT_SETUP PORT "reset" CLKPORT "clk" 

Report:    3.857ns delay reset to SLICE_324 (3.583ns delay and 0.274ns setup)

   Name    Fanout   Delay (ns)          Site               Resource
PADI_DEL    ---     1.132          4.PAD to        4.PADDI reset
ROUTE       252     2.451        4.PADDI to     R7C12C.LSR reset_c (to clk_c)
                  --------
                    3.583   (31.6% logic, 68.4% route), 1 logic levels.

Unconstrained Preference:
   INPUT_SETUP PORT "reset" CLKPORT "clk" 

Report:    3.857ns delay reset to SLICE_325 (3.583ns delay and 0.274ns setup)

   Name    Fanout   Delay (ns)          Site               Resource
PADI_DEL    ---     1.132          4.PAD to        4.PADDI reset
ROUTE       252     2.451        4.PADDI to     R9C13A.LSR reset_c (to clk_c)
                  --------
                    3.583   (31.6% logic, 68.4% route), 1 logic levels.

Unconstrained Preference:
   INPUT_SETUP PORT "reset" CLKPORT "clk" 

Report:    3.857ns delay reset to SLICE_326 (3.583ns delay and 0.274ns setup)

   Name    Fanout   Delay (ns)          Site               Resource
PADI_DEL    ---     1.132          4.PAD to        4.PADDI reset
ROUTE       252     2.451        4.PADDI to     R7C12B.LSR reset_c (to clk_c)
                  --------
                    3.583   (31.6% logic, 68.4% route), 1 logic levels.

Unconstrained Preference:
   INPUT_SETUP PORT "reset" CLKPORT "clk" 

Report:    3.857ns delay reset to SLICE_327 (3.583ns delay and 0.274ns setup)

   Name    Fanout   Delay (ns)          Site               Resource
PADI_DEL    ---     1.132          4.PAD to        4.PADDI reset
ROUTE       252     2.451        4.PADDI to     R8C10C.LSR reset_c (to clk_c)
                  --------
                    3.583   (31.6% logic, 68.4% route), 1 logic levels.

Unconstrained Preference:
   INPUT_SETUP PORT "reset" CLKPORT "clk" 

Report:    3.857ns delay reset to SLICE_328 (3.583ns delay and 0.274ns setup)

   Name    Fanout   Delay (ns)          Site               Resource
PADI_DEL    ---     1.132          4.PAD to        4.PADDI reset
ROUTE       252     2.451        4.PADDI to     R7C13B.LSR reset_c (to clk_c)
                  --------
                    3.583   (31.6% logic, 68.4% route), 1 logic levels.

Unconstrained Preference:
   INPUT_SETUP PORT "reset" CLKPORT "clk" 

Report:    3.857ns delay reset to SLICE_329 (3.583ns delay and 0.274ns setup)

   Name    Fanout   Delay (ns)          Site               Resource
PADI_DEL    ---     1.132          4.PAD to        4.PADDI reset
ROUTE       252     2.451        4.PADDI to    R10C15D.LSR reset_c (to clk_c)
                  --------
                    3.583   (31.6% logic, 68.4% route), 1 logic levels.

Unconstrained Preference:
   INPUT_SETUP PORT "reset" CLKPORT "clk" 

Report:    3.857ns delay reset to SLICE_37 (3.583ns delay and 0.274ns setup)

   Name    Fanout   Delay (ns)          Site               Resource
PADI_DEL    ---     1.132          4.PAD to        4.PADDI reset
ROUTE       252     2.451        4.PADDI to      R8C6A.LSR reset_c (to clk_c)
                  --------
                    3.583   (31.6% logic, 68.4% route), 1 logic levels.

Unconstrained Preference:
   INPUT_SETUP PORT "reset" CLKPORT "clk" 

Report:    3.857ns delay reset to SLICE_38 (3.583ns delay and 0.274ns setup)

   Name    Fanout   Delay (ns)          Site               Resource
PADI_DEL    ---     1.132          4.PAD to        4.PADDI reset
ROUTE       252     2.451        4.PADDI to      R8C6B.LSR reset_c (to clk_c)
                  --------
                    3.583   (31.6% logic, 68.4% route), 1 logic levels.

Unconstrained Preference:
   INPUT_SETUP PORT "reset" CLKPORT "clk" 

Report:    3.857ns delay reset to SLICE_40 (3.583ns delay and 0.274ns setup)

   Name    Fanout   Delay (ns)          Site               Resource
PADI_DEL    ---     1.132          4.PAD to        4.PADDI reset
ROUTE       252     2.451        4.PADDI to      R8C7A.LSR reset_c (to clk_c)
                  --------
                    3.583   (31.6% logic, 68.4% route), 1 logic levels.

Unconstrained Preference:
   INPUT_SETUP PORT "reset" CLKPORT "clk" 

Report:    3.857ns delay reset to SLICE_41 (3.583ns delay and 0.274ns setup)

   Name    Fanout   Delay (ns)          Site               Resource
PADI_DEL    ---     1.132          4.PAD to        4.PADDI reset
ROUTE       252     2.451        4.PADDI to      R8C7B.LSR reset_c (to clk_c)
                  --------
                    3.583   (31.6% logic, 68.4% route), 1 logic levels.

Unconstrained Preference:
   INPUT_SETUP PORT "reset" CLKPORT "clk" 

Report:    3.857ns delay reset to SLICE_424 (3.583ns delay and 0.274ns setup)

   Name    Fanout   Delay (ns)          Site               Resource
PADI_DEL    ---     1.132          4.PAD to        4.PADDI reset
ROUTE       252     2.451        4.PADDI to     R3C15B.LSR reset_c (to clk_c)
                  --------
                    3.583   (31.6% logic, 68.4% route), 1 logic levels.

Unconstrained Preference:
   INPUT_SETUP PORT "reset" CLKPORT "clk" 

Report:    3.857ns delay reset to SLICE_425 (3.583ns delay and 0.274ns setup)

   Name    Fanout   Delay (ns)          Site               Resource
PADI_DEL    ---     1.132          4.PAD to        4.PADDI reset
ROUTE       252     2.451        4.PADDI to     R8C15A.LSR reset_c (to clk_c)
                  --------
                    3.583   (31.6% logic, 68.4% route), 1 logic levels.

Unconstrained Preference:
   INPUT_SETUP PORT "reset" CLKPORT "clk" 

Report:    3.857ns delay reset to SLICE_43 (3.583ns delay and 0.274ns setup)

   Name    Fanout   Delay (ns)          Site               Resource
PADI_DEL    ---     1.132          4.PAD to        4.PADDI reset
ROUTE       252     2.451        4.PADDI to     R10C7A.LSR reset_c (to clk_c)
                  --------
                    3.583   (31.6% logic, 68.4% route), 1 logic levels.

Unconstrained Preference:
   INPUT_SETUP PORT "reset" CLKPORT "clk" 

Report:    3.857ns delay reset to SLICE_44 (3.583ns delay and 0.274ns setup)

   Name    Fanout   Delay (ns)          Site               Resource
PADI_DEL    ---     1.132          4.PAD to        4.PADDI reset
ROUTE       252     2.451        4.PADDI to     R10C7B.LSR reset_c (to clk_c)
                  --------
                    3.583   (31.6% logic, 68.4% route), 1 logic levels.

Unconstrained Preference:
   INPUT_SETUP PORT "reset" CLKPORT "clk" 

Report:    3.857ns delay reset to SLICE_46 (3.583ns delay and 0.274ns setup)

   Name    Fanout   Delay (ns)          Site               Resource
PADI_DEL    ---     1.132          4.PAD to        4.PADDI reset
ROUTE       252     2.451        4.PADDI to      R7C7A.LSR reset_c (to clk_c)
                  --------
                    3.583   (31.6% logic, 68.4% route), 1 logic levels.

Unconstrained Preference:
   INPUT_SETUP PORT "reset" CLKPORT "clk" 

Report:    3.857ns delay reset to SLICE_47 (3.583ns delay and 0.274ns setup)

   Name    Fanout   Delay (ns)          Site               Resource
PADI_DEL    ---     1.132          4.PAD to        4.PADDI reset
ROUTE       252     2.451        4.PADDI to      R7C7B.LSR reset_c (to clk_c)
                  --------
                    3.583   (31.6% logic, 68.4% route), 1 logic levels.

Unconstrained Preference:
   INPUT_SETUP PORT "reset" CLKPORT "clk" 

Report:    3.857ns delay reset to SLICE_493 (3.583ns delay and 0.274ns setup)

   Name    Fanout   Delay (ns)          Site               Resource
PADI_DEL    ---     1.132          4.PAD to        4.PADDI reset
ROUTE       252     2.451        4.PADDI to      R5C7A.LSR reset_c (to clk_c)
                  --------
                    3.583   (31.6% logic, 68.4% route), 1 logic levels.

Unconstrained Preference:
   INPUT_SETUP PORT "reset" CLKPORT "clk" 

Report:    3.857ns delay reset to SLICE_498 (3.583ns delay and 0.274ns setup)

   Name    Fanout   Delay (ns)          Site               Resource
PADI_DEL    ---     1.132          4.PAD to        4.PADDI reset
ROUTE       252     2.451        4.PADDI to     R3C14B.LSR reset_c (to clk_c)
                  --------
                    3.583   (31.6% logic, 68.4% route), 1 logic levels.

Unconstrained Preference:
   INPUT_SETUP PORT "reset" CLKPORT "clk" 

Report:    3.857ns delay reset to SLICE_499 (3.583ns delay and 0.274ns setup)

   Name    Fanout   Delay (ns)          Site               Resource
PADI_DEL    ---     1.132          4.PAD to        4.PADDI reset
ROUTE       252     2.451        4.PADDI to     R9C11B.LSR reset_c (to clk_c)
                  --------
                    3.583   (31.6% logic, 68.4% route), 1 logic levels.

Unconstrained Preference:
   INPUT_SETUP PORT "reset" CLKPORT "clk" 

Report:    3.857ns delay reset to SLICE_500 (3.583ns delay and 0.274ns setup)

   Name    Fanout   Delay (ns)          Site               Resource
PADI_DEL    ---     1.132          4.PAD to        4.PADDI reset
ROUTE       252     2.451        4.PADDI to    R10C12A.LSR reset_c (to clk_c)
                  --------
                    3.583   (31.6% logic, 68.4% route), 1 logic levels.

Unconstrained Preference:
   INPUT_SETUP PORT "reset" CLKPORT "clk" 

Report:    3.857ns delay reset to SLICE_501 (3.583ns delay and 0.274ns setup)

   Name    Fanout   Delay (ns)          Site               Resource
PADI_DEL    ---     1.132          4.PAD to        4.PADDI reset
ROUTE       252     2.451        4.PADDI to     R8C12C.LSR reset_c (to clk_c)
                  --------
                    3.583   (31.6% logic, 68.4% route), 1 logic levels.

Unconstrained Preference:
   INPUT_SETUP PORT "reset" CLKPORT "clk" 

Report:    3.857ns delay reset to SLICE_502 (3.583ns delay and 0.274ns setup)

   Name    Fanout   Delay (ns)          Site               Resource
PADI_DEL    ---     1.132          4.PAD to        4.PADDI reset
ROUTE       252     2.451        4.PADDI to     R7C12D.LSR reset_c (to clk_c)
                  --------
                    3.583   (31.6% logic, 68.4% route), 1 logic levels.

Unconstrained Preference:
   INPUT_SETUP PORT "reset" CLKPORT "clk" 

Report:    3.857ns delay reset to SLICE_503 (3.583ns delay and 0.274ns setup)

   Name    Fanout   Delay (ns)          Site               Resource
PADI_DEL    ---     1.132          4.PAD to        4.PADDI reset
ROUTE       252     2.451        4.PADDI to     R9C10A.LSR reset_c (to clk_c)
                  --------
                    3.583   (31.6% logic, 68.4% route), 1 logic levels.

Unconstrained Preference:
   INPUT_SETUP PORT "reset" CLKPORT "clk" 

Report:    3.857ns delay reset to SLICE_504 (3.583ns delay and 0.274ns setup)

   Name    Fanout   Delay (ns)          Site               Resource
PADI_DEL    ---     1.132          4.PAD to        4.PADDI reset
ROUTE       252     2.451        4.PADDI to     R5C13C.LSR reset_c (to clk_c)
                  --------
                    3.583   (31.6% logic, 68.4% route), 1 logic levels.

Unconstrained Preference:
   INPUT_SETUP PORT "reset" CLKPORT "clk" 

Report:    3.857ns delay reset to SLICE_505 (3.583ns delay and 0.274ns setup)

   Name    Fanout   Delay (ns)          Site               Resource
PADI_DEL    ---     1.132          4.PAD to        4.PADDI reset
ROUTE       252     2.451        4.PADDI to     R9C10B.LSR reset_c (to clk_c)
                  --------
                    3.583   (31.6% logic, 68.4% route), 1 logic levels.

Unconstrained Preference:
   INPUT_SETUP PORT "reset" CLKPORT "clk" 

Report:    3.857ns delay reset to SLICE_506 (3.583ns delay and 0.274ns setup)

   Name    Fanout   Delay (ns)          Site               Resource
PADI_DEL    ---     1.132          4.PAD to        4.PADDI reset
ROUTE       252     2.451        4.PADDI to     R8C13C.LSR reset_c (to clk_c)
                  --------
                    3.583   (31.6% logic, 68.4% route), 1 logic levels.

Unconstrained Preference:
   INPUT_SETUP PORT "reset" CLKPORT "clk" 

Report:    3.857ns delay reset to SLICE_507 (3.583ns delay and 0.274ns setup)

   Name    Fanout   Delay (ns)          Site               Resource
PADI_DEL    ---     1.132          4.PAD to        4.PADDI reset
ROUTE       252     2.451        4.PADDI to     R8C11D.LSR reset_c (to clk_c)
                  --------
                    3.583   (31.6% logic, 68.4% route), 1 logic levels.

Unconstrained Preference:
   INPUT_SETUP PORT "reset" CLKPORT "clk" 

Report:    3.857ns delay reset to SLICE_508 (3.583ns delay and 0.274ns setup)

   Name    Fanout   Delay (ns)          Site               Resource
PADI_DEL    ---     1.132          4.PAD to        4.PADDI reset
ROUTE       252     2.451        4.PADDI to     R4C12C.LSR reset_c (to clk_c)
                  --------
                    3.583   (31.6% logic, 68.4% route), 1 logic levels.

Unconstrained Preference:
   INPUT_SETUP PORT "reset" CLKPORT "clk" 

Report:    3.857ns delay reset to SLICE_509 (3.583ns delay and 0.274ns setup)

   Name    Fanout   Delay (ns)          Site               Resource
PADI_DEL    ---     1.132          4.PAD to        4.PADDI reset
ROUTE       252     2.451        4.PADDI to     R9C12B.LSR reset_c (to clk_c)
                  --------
                    3.583   (31.6% logic, 68.4% route), 1 logic levels.

Unconstrained Preference:
   INPUT_SETUP PORT "reset" CLKPORT "clk" 

Report:    3.857ns delay reset to SLICE_510 (3.583ns delay and 0.274ns setup)

   Name    Fanout   Delay (ns)          Site               Resource
PADI_DEL    ---     1.132          4.PAD to        4.PADDI reset
ROUTE       252     2.451        4.PADDI to     R9C12D.LSR reset_c (to clk_c)
                  --------
                    3.583   (31.6% logic, 68.4% route), 1 logic levels.

Unconstrained Preference:
   INPUT_SETUP PORT "reset" CLKPORT "clk" 

Report:    3.857ns delay reset to SLICE_511 (3.583ns delay and 0.274ns setup)

   Name    Fanout   Delay (ns)          Site               Resource
PADI_DEL    ---     1.132          4.PAD to        4.PADDI reset
ROUTE       252     2.451        4.PADDI to     R9C12A.LSR reset_c (to clk_c)
                  --------
                    3.583   (31.6% logic, 68.4% route), 1 logic levels.

Unconstrained Preference:
   INPUT_SETUP PORT "reset" CLKPORT "clk" 

Report:    3.857ns delay reset to SLICE_512 (3.583ns delay and 0.274ns setup)

   Name    Fanout   Delay (ns)          Site               Resource
PADI_DEL    ---     1.132          4.PAD to        4.PADDI reset
ROUTE       252     2.451        4.PADDI to     R8C10A.LSR reset_c (to clk_c)
                  --------
                    3.583   (31.6% logic, 68.4% route), 1 logic levels.

Unconstrained Preference:
   INPUT_SETUP PORT "reset" CLKPORT "clk" 

Report:    3.857ns delay reset to SLICE_513 (3.583ns delay and 0.274ns setup)

   Name    Fanout   Delay (ns)          Site               Resource
PADI_DEL    ---     1.132          4.PAD to        4.PADDI reset
ROUTE       252     2.451        4.PADDI to     R7C11C.LSR reset_c (to clk_c)
                  --------
                    3.583   (31.6% logic, 68.4% route), 1 logic levels.

Unconstrained Preference:
   INPUT_SETUP PORT "reset" CLKPORT "clk" 

Report:    3.857ns delay reset to SLICE_514 (3.583ns delay and 0.274ns setup)

   Name    Fanout   Delay (ns)          Site               Resource
PADI_DEL    ---     1.132          4.PAD to        4.PADDI reset
ROUTE       252     2.451        4.PADDI to     R8C12D.LSR reset_c (to clk_c)
                  --------
                    3.583   (31.6% logic, 68.4% route), 1 logic levels.

Unconstrained Preference:
   INPUT_SETUP PORT "reset" CLKPORT "clk" 

Report:    3.857ns delay reset to SLICE_515 (3.583ns delay and 0.274ns setup)

   Name    Fanout   Delay (ns)          Site               Resource
PADI_DEL    ---     1.132          4.PAD to        4.PADDI reset
ROUTE       252     2.451        4.PADDI to    R10C12D.LSR reset_c (to clk_c)
                  --------
                    3.583   (31.6% logic, 68.4% route), 1 logic levels.

Unconstrained Preference:
   INPUT_SETUP PORT "reset" CLKPORT "clk" 

Report:    3.857ns delay reset to SLICE_516 (3.583ns delay and 0.274ns setup)

   Name    Fanout   Delay (ns)          Site               Resource
PADI_DEL    ---     1.132          4.PAD to        4.PADDI reset
ROUTE       252     2.451        4.PADDI to     R8C12B.LSR reset_c (to clk_c)
                  --------
                    3.583   (31.6% logic, 68.4% route), 1 logic levels.

Unconstrained Preference:
   INPUT_SETUP PORT "reset" CLKPORT "clk" 

Report:    3.857ns delay reset to SLICE_517 (3.583ns delay and 0.274ns setup)

   Name    Fanout   Delay (ns)          Site               Resource
PADI_DEL    ---     1.132          4.PAD to        4.PADDI reset
ROUTE       252     2.451        4.PADDI to     R9C13B.LSR reset_c (to clk_c)
                  --------
                    3.583   (31.6% logic, 68.4% route), 1 logic levels.

Unconstrained Preference:
   INPUT_SETUP PORT "reset" CLKPORT "clk" 

Report:    3.857ns delay reset to SLICE_518 (3.583ns delay and 0.274ns setup)

   Name    Fanout   Delay (ns)          Site               Resource
PADI_DEL    ---     1.132          4.PAD to        4.PADDI reset
ROUTE       252     2.451        4.PADDI to     R8C12A.LSR reset_c (to clk_c)
                  --------
                    3.583   (31.6% logic, 68.4% route), 1 logic levels.

Unconstrained Preference:
   INPUT_SETUP PORT "reset" CLKPORT "clk" 

Report:    3.857ns delay reset to SLICE_519 (3.583ns delay and 0.274ns setup)

   Name    Fanout   Delay (ns)          Site               Resource
PADI_DEL    ---     1.132          4.PAD to        4.PADDI reset
ROUTE       252     2.451        4.PADDI to     R7C10D.LSR reset_c (to clk_c)
                  --------
                    3.583   (31.6% logic, 68.4% route), 1 logic levels.

Unconstrained Preference:
   INPUT_SETUP PORT "reset" CLKPORT "clk" 

Report:    3.857ns delay reset to SLICE_520 (3.583ns delay and 0.274ns setup)

   Name    Fanout   Delay (ns)          Site               Resource
PADI_DEL    ---     1.132          4.PAD to        4.PADDI reset
ROUTE       252     2.451        4.PADDI to     R7C11A.LSR reset_c (to clk_c)
                  --------
                    3.583   (31.6% logic, 68.4% route), 1 logic levels.

Unconstrained Preference:
   INPUT_SETUP PORT "reset" CLKPORT "clk" 

Report:    3.857ns delay reset to SLICE_521 (3.583ns delay and 0.274ns setup)

   Name    Fanout   Delay (ns)          Site               Resource
PADI_DEL    ---     1.132          4.PAD to        4.PADDI reset
ROUTE       252     2.451        4.PADDI to     R9C15A.LSR reset_c (to clk_c)
                  --------
                    3.583   (31.6% logic, 68.4% route), 1 logic levels.

Unconstrained Preference:
   INPUT_SETUP PORT "reset" CLKPORT "clk" 

Report:    3.857ns delay reset to SLICE_522 (3.583ns delay and 0.274ns setup)

   Name    Fanout   Delay (ns)          Site               Resource
PADI_DEL    ---     1.132          4.PAD to        4.PADDI reset
ROUTE       252     2.451        4.PADDI to     R8C14B.LSR reset_c (to clk_c)
                  --------
                    3.583   (31.6% logic, 68.4% route), 1 logic levels.

Unconstrained Preference:
   INPUT_SETUP PORT "reset" CLKPORT "clk" 

Report:    3.857ns delay reset to SLICE_523 (3.583ns delay and 0.274ns setup)

   Name    Fanout   Delay (ns)          Site               Resource
PADI_DEL    ---     1.132          4.PAD to        4.PADDI reset
ROUTE       252     2.451        4.PADDI to    R10C14D.LSR reset_c (to clk_c)
                  --------
                    3.583   (31.6% logic, 68.4% route), 1 logic levels.

Unconstrained Preference:
   INPUT_SETUP PORT "reset" CLKPORT "clk" 

Report:    3.857ns delay reset to SLICE_524 (3.583ns delay and 0.274ns setup)

   Name    Fanout   Delay (ns)          Site               Resource
PADI_DEL    ---     1.132          4.PAD to        4.PADDI reset
ROUTE       252     2.451        4.PADDI to      R9C9B.LSR reset_c (to clk_c)
                  --------
                    3.583   (31.6% logic, 68.4% route), 1 logic levels.

Unconstrained Preference:
   INPUT_SETUP PORT "reset" CLKPORT "clk" 

Report:    3.857ns delay reset to SLICE_525 (3.583ns delay and 0.274ns setup)

   Name    Fanout   Delay (ns)          Site               Resource
PADI_DEL    ---     1.132          4.PAD to        4.PADDI reset
ROUTE       252     2.451        4.PADDI to     R8C10D.LSR reset_c (to clk_c)
                  --------
                    3.583   (31.6% logic, 68.4% route), 1 logic levels.

Unconstrained Preference:
   INPUT_SETUP PORT "reset" CLKPORT "clk" 

Report:    3.857ns delay reset to SLICE_526 (3.583ns delay and 0.274ns setup)

   Name    Fanout   Delay (ns)          Site               Resource
PADI_DEL    ---     1.132          4.PAD to        4.PADDI reset
ROUTE       252     2.451        4.PADDI to    R10C12B.LSR reset_c (to clk_c)
                  --------
                    3.583   (31.6% logic, 68.4% route), 1 logic levels.

Unconstrained Preference:
   INPUT_SETUP PORT "reset" CLKPORT "clk" 

Report:    3.857ns delay reset to SLICE_527 (3.583ns delay and 0.274ns setup)

   Name    Fanout   Delay (ns)          Site               Resource
PADI_DEL    ---     1.132          4.PAD to        4.PADDI reset
ROUTE       252     2.451        4.PADDI to     R5C11D.LSR reset_c (to clk_c)
                  --------
                    3.583   (31.6% logic, 68.4% route), 1 logic levels.

Unconstrained Preference:
   INPUT_SETUP PORT "reset" CLKPORT "clk" 

Report:    3.857ns delay reset to SLICE_528 (3.583ns delay and 0.274ns setup)

   Name    Fanout   Delay (ns)          Site               Resource
PADI_DEL    ---     1.132          4.PAD to        4.PADDI reset
ROUTE       252     2.451        4.PADDI to     R9C12C.LSR reset_c (to clk_c)
                  --------
                    3.583   (31.6% logic, 68.4% route), 1 logic levels.

Unconstrained Preference:
   INPUT_SETUP PORT "reset" CLKPORT "clk" 

Report:    3.857ns delay reset to SLICE_529 (3.583ns delay and 0.274ns setup)

   Name    Fanout   Delay (ns)          Site               Resource
PADI_DEL    ---     1.132          4.PAD to        4.PADDI reset
ROUTE       252     2.451        4.PADDI to    R10C11D.LSR reset_c (to clk_c)
                  --------
                    3.583   (31.6% logic, 68.4% route), 1 logic levels.

Unconstrained Preference:
   INPUT_SETUP PORT "reset" CLKPORT "clk" 

Report:    3.857ns delay reset to SLICE_530 (3.583ns delay and 0.274ns setup)

   Name    Fanout   Delay (ns)          Site               Resource
PADI_DEL    ---     1.132          4.PAD to        4.PADDI reset
ROUTE       252     2.451        4.PADDI to    R10C11A.LSR reset_c (to clk_c)
                  --------
                    3.583   (31.6% logic, 68.4% route), 1 logic levels.

Unconstrained Preference:
   INPUT_SETUP PORT "reset" CLKPORT "clk" 

Report:    3.857ns delay reset to SLICE_531 (3.583ns delay and 0.274ns setup)

   Name    Fanout   Delay (ns)          Site               Resource
PADI_DEL    ---     1.132          4.PAD to        4.PADDI reset
ROUTE       252     2.451        4.PADDI to    R10C13D.LSR reset_c (to clk_c)
                  --------
                    3.583   (31.6% logic, 68.4% route), 1 logic levels.

Unconstrained Preference:
   INPUT_SETUP PORT "reset" CLKPORT "clk" 

Report:    3.857ns delay reset to SLICE_532 (3.583ns delay and 0.274ns setup)

   Name    Fanout   Delay (ns)          Site               Resource
PADI_DEL    ---     1.132          4.PAD to        4.PADDI reset
ROUTE       252     2.451        4.PADDI to      R9C9D.LSR reset_c (to clk_c)
                  --------
                    3.583   (31.6% logic, 68.4% route), 1 logic levels.

Unconstrained Preference:
   INPUT_SETUP PORT "reset" CLKPORT "clk" 

Report:    3.857ns delay reset to SLICE_538 (3.583ns delay and 0.274ns setup)

   Name    Fanout   Delay (ns)          Site               Resource
PADI_DEL    ---     1.132          4.PAD to        4.PADDI reset
ROUTE       252     2.451        4.PADDI to     R2C14A.LSR reset_c (to clk_c)
                  --------
                    3.583   (31.6% logic, 68.4% route), 1 logic levels.

Unconstrained Preference:
   INPUT_SETUP PORT "reset" CLKPORT "clk" 

Report:    3.857ns delay reset to SLICE_539 (3.583ns delay and 0.274ns setup)

   Name    Fanout   Delay (ns)          Site               Resource
PADI_DEL    ---     1.132          4.PAD to        4.PADDI reset
ROUTE       252     2.451        4.PADDI to      R7C8B.LSR reset_c (to clk_c)
                  --------
                    3.583   (31.6% logic, 68.4% route), 1 logic levels.

Unconstrained Preference:
   INPUT_SETUP PORT "reset" CLKPORT "clk" 

Report:    3.857ns delay reset to SLICE_550 (3.583ns delay and 0.274ns setup)

   Name    Fanout   Delay (ns)          Site               Resource
PADI_DEL    ---     1.132          4.PAD to        4.PADDI reset
ROUTE       252     2.451        4.PADDI to     R4C14B.LSR reset_c (to clk_c)
                  --------
                    3.583   (31.6% logic, 68.4% route), 1 logic levels.

Unconstrained Preference:
   INPUT_SETUP PORT "reset" CLKPORT "clk" 

Report:    3.857ns delay reset to SLICE_551 (3.583ns delay and 0.274ns setup)

   Name    Fanout   Delay (ns)          Site               Resource
PADI_DEL    ---     1.132          4.PAD to        4.PADDI reset
ROUTE       252     2.451        4.PADDI to     R5C14B.LSR reset_c (to clk_c)
                  --------
                    3.583   (31.6% logic, 68.4% route), 1 logic levels.

Unconstrained Preference:
   INPUT_SETUP PORT "reset" CLKPORT "clk" 

Report:    3.857ns delay reset to SLICE_552 (3.583ns delay and 0.274ns setup)

   Name    Fanout   Delay (ns)          Site               Resource
PADI_DEL    ---     1.132          4.PAD to        4.PADDI reset
ROUTE       252     2.451        4.PADDI to     R5C14A.LSR reset_c (to clk_c)
                  --------
                    3.583   (31.6% logic, 68.4% route), 1 logic levels.

Unconstrained Preference:
   INPUT_SETUP PORT "reset" CLKPORT "clk" 

Report:    3.857ns delay reset to SLICE_553 (3.583ns delay and 0.274ns setup)

   Name    Fanout   Delay (ns)          Site               Resource
PADI_DEL    ---     1.132          4.PAD to        4.PADDI reset
ROUTE       252     2.451        4.PADDI to     R5C10A.LSR reset_c (to clk_c)
                  --------
                    3.583   (31.6% logic, 68.4% route), 1 logic levels.

Unconstrained Preference:
   INPUT_SETUP PORT "reset" CLKPORT "clk" 

Report:    3.857ns delay reset to SLICE_563 (3.583ns delay and 0.274ns setup)

   Name    Fanout   Delay (ns)          Site               Resource
PADI_DEL    ---     1.132          4.PAD to        4.PADDI reset
ROUTE       252     2.451        4.PADDI to     R8C16C.LSR reset_c (to clk_c)
                  --------
                    3.583   (31.6% logic, 68.4% route), 1 logic levels.

Unconstrained Preference:
   INPUT_SETUP PORT "reset" CLKPORT "clk" 

Report:    3.857ns delay reset to SLICE_565 (3.583ns delay and 0.274ns setup)

   Name    Fanout   Delay (ns)          Site               Resource
PADI_DEL    ---     1.132          4.PAD to        4.PADDI reset
ROUTE       252     2.451        4.PADDI to     R2C14D.LSR reset_c (to clk_c)
                  --------
                    3.583   (31.6% logic, 68.4% route), 1 logic levels.

Unconstrained Preference:
   INPUT_SETUP PORT "reset" CLKPORT "clk" 

Report:    3.857ns delay reset to SLICE_583 (3.583ns delay and 0.274ns setup)

   Name    Fanout   Delay (ns)          Site               Resource
PADI_DEL    ---     1.132          4.PAD to        4.PADDI reset
ROUTE       252     2.451        4.PADDI to     R5C12D.LSR reset_c (to clk_c)
                  --------
                    3.583   (31.6% logic, 68.4% route), 1 logic levels.

Unconstrained Preference:
   INPUT_SETUP PORT "reset" CLKPORT "clk" 

Report:    3.857ns delay reset to SLICE_584 (3.583ns delay and 0.274ns setup)

   Name    Fanout   Delay (ns)          Site               Resource
PADI_DEL    ---     1.132          4.PAD to        4.PADDI reset
ROUTE       252     2.451        4.PADDI to     R9C11D.LSR reset_c (to clk_c)
                  --------
                    3.583   (31.6% logic, 68.4% route), 1 logic levels.

Unconstrained Preference:
   INPUT_SETUP PORT "reset" CLKPORT "clk" 

Report:    3.857ns delay reset to SLICE_585 (3.583ns delay and 0.274ns setup)

   Name    Fanout   Delay (ns)          Site               Resource
PADI_DEL    ---     1.132          4.PAD to        4.PADDI reset
ROUTE       252     2.451        4.PADDI to     R7C12A.LSR reset_c (to clk_c)
                  --------
                    3.583   (31.6% logic, 68.4% route), 1 logic levels.

Unconstrained Preference:
   INPUT_SETUP PORT "reset" CLKPORT "clk" 

Report:    3.857ns delay reset to SLICE_586 (3.583ns delay and 0.274ns setup)

   Name    Fanout   Delay (ns)          Site               Resource
PADI_DEL    ---     1.132          4.PAD to        4.PADDI reset
ROUTE       252     2.451        4.PADDI to     R5C11B.LSR reset_c (to clk_c)
                  --------
                    3.583   (31.6% logic, 68.4% route), 1 logic levels.

Unconstrained Preference:
   INPUT_SETUP PORT "reset" CLKPORT "clk" 

Report:    3.857ns delay reset to SLICE_587 (3.583ns delay and 0.274ns setup)

   Name    Fanout   Delay (ns)          Site               Resource
PADI_DEL    ---     1.132          4.PAD to        4.PADDI reset
ROUTE       252     2.451        4.PADDI to     R4C13C.LSR reset_c (to clk_c)
                  --------
                    3.583   (31.6% logic, 68.4% route), 1 logic levels.

Unconstrained Preference:
   INPUT_SETUP PORT "reset" CLKPORT "clk" 

Report:    3.857ns delay reset to SLICE_607 (3.583ns delay and 0.274ns setup)

   Name    Fanout   Delay (ns)          Site               Resource
PADI_DEL    ---     1.132          4.PAD to        4.PADDI reset
ROUTE       252     2.451        4.PADDI to     R3C13D.LSR reset_c (to clk_c)
                  --------
                    3.583   (31.6% logic, 68.4% route), 1 logic levels.

Unconstrained Preference:
   INPUT_SETUP PORT "reset" CLKPORT "clk" 

Report:    3.857ns delay reset to SLICE_608 (3.583ns delay and 0.274ns setup)

   Name    Fanout   Delay (ns)          Site               Resource
PADI_DEL    ---     1.132          4.PAD to        4.PADDI reset
ROUTE       252     2.451        4.PADDI to     R7C13D.LSR reset_c (to clk_c)
                  --------
                    3.583   (31.6% logic, 68.4% route), 1 logic levels.

Unconstrained Preference:
   INPUT_SETUP PORT "reset" CLKPORT "clk" 

Report:    3.857ns delay reset to SLICE_609 (3.583ns delay and 0.274ns setup)

   Name    Fanout   Delay (ns)          Site               Resource
PADI_DEL    ---     1.132          4.PAD to        4.PADDI reset
ROUTE       252     2.451        4.PADDI to     R3C13B.LSR reset_c (to clk_c)
                  --------
                    3.583   (31.6% logic, 68.4% route), 1 logic levels.

Unconstrained Preference:
   INPUT_SETUP PORT "reset" CLKPORT "clk" 

Report:    3.857ns delay reset to SLICE_611 (3.583ns delay and 0.274ns setup)

   Name    Fanout   Delay (ns)          Site               Resource
PADI_DEL    ---     1.132          4.PAD to        4.PADDI reset
ROUTE       252     2.451        4.PADDI to     R7C13C.LSR reset_c (to clk_c)
                  --------
                    3.583   (31.6% logic, 68.4% route), 1 logic levels.

Unconstrained Preference:
   INPUT_SETUP PORT "reset" CLKPORT "clk" 

Report:    3.857ns delay reset to SLICE_612 (3.583ns delay and 0.274ns setup)

   Name    Fanout   Delay (ns)          Site               Resource
PADI_DEL    ---     1.132          4.PAD to        4.PADDI reset
ROUTE       252     2.451        4.PADDI to      R9C7C.LSR reset_c (to clk_c)
                  --------
                    3.583   (31.6% logic, 68.4% route), 1 logic levels.

Unconstrained Preference:
   INPUT_SETUP PORT "reset" CLKPORT "clk" 

Report:    3.857ns delay reset to SLICE_613 (3.583ns delay and 0.274ns setup)

   Name    Fanout   Delay (ns)          Site               Resource
PADI_DEL    ---     1.132          4.PAD to        4.PADDI reset
ROUTE       252     2.451        4.PADDI to      R9C7B.LSR reset_c (to clk_c)
                  --------
                    3.583   (31.6% logic, 68.4% route), 1 logic levels.

Unconstrained Preference:
   INPUT_SETUP PORT "reset" CLKPORT "clk" 

Report:    3.857ns delay reset to SLICE_614 (3.583ns delay and 0.274ns setup)

   Name    Fanout   Delay (ns)          Site               Resource
PADI_DEL    ---     1.132          4.PAD to        4.PADDI reset
ROUTE       252     2.451        4.PADDI to     R9C14D.LSR reset_c (to clk_c)
                  --------
                    3.583   (31.6% logic, 68.4% route), 1 logic levels.

Unconstrained Preference:
   INPUT_SETUP PORT "reset" CLKPORT "clk" 

Report:    3.857ns delay reset to SLICE_615 (3.583ns delay and 0.274ns setup)

   Name    Fanout   Delay (ns)          Site               Resource
PADI_DEL    ---     1.132          4.PAD to        4.PADDI reset
ROUTE       252     2.451        4.PADDI to    R10C11C.LSR reset_c (to clk_c)
                  --------
                    3.583   (31.6% logic, 68.4% route), 1 logic levels.

Unconstrained Preference:
   INPUT_SETUP PORT "reset" CLKPORT "clk" 

Report:    3.857ns delay reset to SLICE_616 (3.583ns delay and 0.274ns setup)

   Name    Fanout   Delay (ns)          Site               Resource
PADI_DEL    ---     1.132          4.PAD to        4.PADDI reset
ROUTE       252     2.451        4.PADDI to    R10C10D.LSR reset_c (to clk_c)
                  --------
                    3.583   (31.6% logic, 68.4% route), 1 logic levels.

Unconstrained Preference:
   INPUT_SETUP PORT "reset" CLKPORT "clk" 

Report:    3.857ns delay reset to SLICE_617 (3.583ns delay and 0.274ns setup)

   Name    Fanout   Delay (ns)          Site               Resource
PADI_DEL    ---     1.132          4.PAD to        4.PADDI reset
ROUTE       252     2.451        4.PADDI to     R8C14A.LSR reset_c (to clk_c)
                  --------
                    3.583   (31.6% logic, 68.4% route), 1 logic levels.

Unconstrained Preference:
   INPUT_SETUP PORT "reset" CLKPORT "clk" 

Report:    3.857ns delay reset to SLICE_618 (3.583ns delay and 0.274ns setup)

   Name    Fanout   Delay (ns)          Site               Resource
PADI_DEL    ---     1.132          4.PAD to        4.PADDI reset
ROUTE       252     2.451        4.PADDI to     R8C14C.LSR reset_c (to clk_c)
                  --------
                    3.583   (31.6% logic, 68.4% route), 1 logic levels.

Unconstrained Preference:
   INPUT_SETUP PORT "reset" CLKPORT "clk" 

Report:    3.857ns delay reset to SLICE_619 (3.583ns delay and 0.274ns setup)

   Name    Fanout   Delay (ns)          Site               Resource
PADI_DEL    ---     1.132          4.PAD to        4.PADDI reset
ROUTE       252     2.451        4.PADDI to     R8C14D.LSR reset_c (to clk_c)
                  --------
                    3.583   (31.6% logic, 68.4% route), 1 logic levels.

Unconstrained Preference:
   INPUT_SETUP PORT "reset" CLKPORT "clk" 

Report:    3.857ns delay reset to SLICE_620 (3.583ns delay and 0.274ns setup)

   Name    Fanout   Delay (ns)          Site               Resource
PADI_DEL    ---     1.132          4.PAD to        4.PADDI reset
ROUTE       252     2.451        4.PADDI to     R9C13D.LSR reset_c (to clk_c)
                  --------
                    3.583   (31.6% logic, 68.4% route), 1 logic levels.

Unconstrained Preference:
   INPUT_SETUP PORT "reset" CLKPORT "clk" 

Report:    3.857ns delay reset to SLICE_621 (3.583ns delay and 0.274ns setup)

   Name    Fanout   Delay (ns)          Site               Resource
PADI_DEL    ---     1.132          4.PAD to        4.PADDI reset
ROUTE       252     2.451        4.PADDI to     R5C13B.LSR reset_c (to clk_c)
                  --------
                    3.583   (31.6% logic, 68.4% route), 1 logic levels.

Unconstrained Preference:
   INPUT_SETUP PORT "reset" CLKPORT "clk" 

Report:    3.857ns delay reset to SLICE_622 (3.583ns delay and 0.274ns setup)

   Name    Fanout   Delay (ns)          Site               Resource
PADI_DEL    ---     1.132          4.PAD to        4.PADDI reset
ROUTE       252     2.451        4.PADDI to    R10C12C.LSR reset_c (to clk_c)
                  --------
                    3.583   (31.6% logic, 68.4% route), 1 logic levels.

Unconstrained Preference:
   INPUT_SETUP PORT "reset" CLKPORT "clk" 

Report:    3.857ns delay reset to SLICE_623 (3.583ns delay and 0.274ns setup)

   Name    Fanout   Delay (ns)          Site               Resource
PADI_DEL    ---     1.132          4.PAD to        4.PADDI reset
ROUTE       252     2.451        4.PADDI to     R8C10B.LSR reset_c (to clk_c)
                  --------
                    3.583   (31.6% logic, 68.4% route), 1 logic levels.

Unconstrained Preference:
   INPUT_SETUP PORT "reset" CLKPORT "clk" 

Report:    3.857ns delay reset to SLICE_624 (3.583ns delay and 0.274ns setup)

   Name    Fanout   Delay (ns)          Site               Resource
PADI_DEL    ---     1.132          4.PAD to        4.PADDI reset
ROUTE       252     2.451        4.PADDI to     R9C16A.LSR reset_c (to clk_c)
                  --------
                    3.583   (31.6% logic, 68.4% route), 1 logic levels.

Unconstrained Preference:
   INPUT_SETUP PORT "reset" CLKPORT "clk" 

Report:    3.857ns delay reset to SLICE_625 (3.583ns delay and 0.274ns setup)

   Name    Fanout   Delay (ns)          Site               Resource
PADI_DEL    ---     1.132          4.PAD to        4.PADDI reset
ROUTE       252     2.451        4.PADDI to     R4C13A.LSR reset_c (to clk_c)
                  --------
                    3.583   (31.6% logic, 68.4% route), 1 logic levels.

Unconstrained Preference:
   INPUT_SETUP PORT "reset" CLKPORT "clk" 

Report:    3.857ns delay reset to SLICE_626 (3.583ns delay and 0.274ns setup)

   Name    Fanout   Delay (ns)          Site               Resource
PADI_DEL    ---     1.132          4.PAD to        4.PADDI reset
ROUTE       252     2.451        4.PADDI to     R8C11B.LSR reset_c (to clk_c)
                  --------
                    3.583   (31.6% logic, 68.4% route), 1 logic levels.

Unconstrained Preference:
   INPUT_SETUP PORT "reset" CLKPORT "clk" 

Report:    3.857ns delay reset to SLICE_76 (3.583ns delay and 0.274ns setup)

   Name    Fanout   Delay (ns)          Site               Resource
PADI_DEL    ---     1.132          4.PAD to        4.PADDI reset
ROUTE       252     2.451        4.PADDI to      R5C5A.LSR reset_c (to clk_c)
                  --------
                    3.583   (31.6% logic, 68.4% route), 1 logic levels.

Unconstrained Preference:
   INPUT_SETUP PORT "reset" CLKPORT "clk" 

Report:    3.857ns delay reset to SLICE_77 (3.583ns delay and 0.274ns setup)

   Name    Fanout   Delay (ns)          Site               Resource
PADI_DEL    ---     1.132          4.PAD to        4.PADDI reset
ROUTE       252     2.451        4.PADDI to     R9C15D.LSR reset_c (to clk_c)
                  --------
                    3.583   (31.6% logic, 68.4% route), 1 logic levels.

Unconstrained Preference:
   INPUT_SETUP PORT "reset" CLKPORT "clk" 

Report:    3.857ns delay reset to SLICE_78 (3.583ns delay and 0.274ns setup)

   Name    Fanout   Delay (ns)          Site               Resource
PADI_DEL    ---     1.132          4.PAD to        4.PADDI reset
ROUTE       252     2.451        4.PADDI to     R9C16C.LSR reset_c (to clk_c)
                  --------
                    3.583   (31.6% logic, 68.4% route), 1 logic levels.

Unconstrained Preference:
   INPUT_SETUP PORT "reset" CLKPORT "clk" 

Report:    3.857ns delay reset to SLICE_79 (3.583ns delay and 0.274ns setup)

   Name    Fanout   Delay (ns)          Site               Resource
PADI_DEL    ---     1.132          4.PAD to        4.PADDI reset
ROUTE       252     2.451        4.PADDI to     R9C16B.LSR reset_c (to clk_c)
                  --------
                    3.583   (31.6% logic, 68.4% route), 1 logic levels.

Unconstrained Preference:
   INPUT_SETUP PORT "reset" CLKPORT "clk" 

Report:    3.857ns delay reset to SLICE_80 (3.583ns delay and 0.274ns setup)

   Name    Fanout   Delay (ns)          Site               Resource
PADI_DEL    ---     1.132          4.PAD to        4.PADDI reset
ROUTE       252     2.451        4.PADDI to    R10C16C.LSR reset_c (to clk_c)
                  --------
                    3.583   (31.6% logic, 68.4% route), 1 logic levels.

Unconstrained Preference:
   INPUT_SETUP PORT "reset" CLKPORT "clk" 

Report:    3.857ns delay reset to SLICE_81 (3.583ns delay and 0.274ns setup)

   Name    Fanout   Delay (ns)          Site               Resource
PADI_DEL    ---     1.132          4.PAD to        4.PADDI reset
ROUTE       252     2.451        4.PADDI to    R10C16D.LSR reset_c (to clk_c)
                  --------
                    3.583   (31.6% logic, 68.4% route), 1 logic levels.

Unconstrained Preference:
   INPUT_SETUP PORT "reset" CLKPORT "clk" 

Report:    3.857ns delay reset to SLICE_82 (3.583ns delay and 0.274ns setup)

   Name    Fanout   Delay (ns)          Site               Resource
PADI_DEL    ---     1.132          4.PAD to        4.PADDI reset
ROUTE       252     2.451        4.PADDI to    R10C17A.LSR reset_c (to clk_c)
                  --------
                    3.583   (31.6% logic, 68.4% route), 1 logic levels.

Unconstrained Preference:
   INPUT_SETUP PORT "reset" CLKPORT "clk" 

Report:    3.857ns delay reset to SLICE_83 (3.583ns delay and 0.274ns setup)

   Name    Fanout   Delay (ns)          Site               Resource
PADI_DEL    ---     1.132          4.PAD to        4.PADDI reset
ROUTE       252     2.451        4.PADDI to    R10C17D.LSR reset_c (to clk_c)
                  --------
                    3.583   (31.6% logic, 68.4% route), 1 logic levels.

Unconstrained Preference:
   INPUT_SETUP PORT "reset" CLKPORT "clk" 

Report:    3.857ns delay reset to SLICE_84 (3.583ns delay and 0.274ns setup)

   Name    Fanout   Delay (ns)          Site               Resource
PADI_DEL    ---     1.132          4.PAD to        4.PADDI reset
ROUTE       252     2.451        4.PADDI to     R8C18A.LSR reset_c (to clk_c)
                  --------
                    3.583   (31.6% logic, 68.4% route), 1 logic levels.

Unconstrained Preference:
   INPUT_SETUP PORT "reset" CLKPORT "clk" 

Report:    3.857ns delay reset to SLICE_85 (3.583ns delay and 0.274ns setup)

   Name    Fanout   Delay (ns)          Site               Resource
PADI_DEL    ---     1.132          4.PAD to        4.PADDI reset
ROUTE       252     2.451        4.PADDI to     R7C11D.LSR reset_c (to clk_c)
                  --------
                    3.583   (31.6% logic, 68.4% route), 1 logic levels.

Unconstrained Preference:
   INPUT_SETUP PORT "reset" CLKPORT "clk" 

Report:    3.857ns delay reset to SLICE_86 (3.583ns delay and 0.274ns setup)

   Name    Fanout   Delay (ns)          Site               Resource
PADI_DEL    ---     1.132          4.PAD to        4.PADDI reset
ROUTE       252     2.451        4.PADDI to     R7C14D.LSR reset_c (to clk_c)
                  --------
                    3.583   (31.6% logic, 68.4% route), 1 logic levels.

Unconstrained Preference:
   INPUT_SETUP PORT "reset" CLKPORT "clk" 

Report:    3.857ns delay reset to SLICE_87 (3.583ns delay and 0.274ns setup)

   Name    Fanout   Delay (ns)          Site               Resource
PADI_DEL    ---     1.132          4.PAD to        4.PADDI reset
ROUTE       252     2.451        4.PADDI to      R7C8A.LSR reset_c (to clk_c)
                  --------
                    3.583   (31.6% logic, 68.4% route), 1 logic levels.

Unconstrained Preference:
   INPUT_SETUP PORT "reset" CLKPORT "clk" 

Report:    3.857ns delay reset to system/core/engine/SLICE_70 (3.583ns delay and 0.274ns setup)

   Name    Fanout   Delay (ns)          Site               Resource
PADI_DEL    ---     1.132          4.PAD to        4.PADDI reset
ROUTE       252     2.451        4.PADDI to     R2C13B.LSR reset_c (to clk_c)
                  --------
                    3.583   (31.6% logic, 68.4% route), 1 logic levels.

Unconstrained Preference:
   INPUT_SETUP PORT "reset" CLKPORT "clk" 

Report:    3.857ns delay reset to system/core/engine/dp/SLICE_173 (3.583ns delay and 0.274ns setup)

   Name    Fanout   Delay (ns)          Site               Resource
PADI_DEL    ---     1.132          4.PAD to        4.PADDI reset
ROUTE       252     2.451        4.PADDI to     R7C15A.LSR reset_c (to clk_c)
                  --------
                    3.583   (31.6% logic, 68.4% route), 1 logic levels.

Unconstrained Preference:
   INPUT_SETUP PORT "reset" CLKPORT "clk" 

Report:    3.857ns delay reset to system/SLICE_252 (3.583ns delay and 0.274ns setup)

   Name    Fanout   Delay (ns)          Site               Resource
PADI_DEL    ---     1.132          4.PAD to        4.PADDI reset
ROUTE       252     2.451        4.PADDI to      R4C5D.LSR reset_c (to clk_c)
                  --------
                    3.583   (31.6% logic, 68.4% route), 1 logic levels.

Unconstrained Preference:
   INPUT_SETUP PORT "reset" CLKPORT "clk" 

Report:    3.857ns delay reset to system/core/engine/SLICE_165 (3.583ns delay and 0.274ns setup)

   Name    Fanout   Delay (ns)          Site               Resource
PADI_DEL    ---     1.132          4.PAD to        4.PADDI reset
ROUTE       252     2.451        4.PADDI to     R3C20A.LSR reset_c (to clk_c)
                  --------
                    3.583   (31.6% logic, 68.4% route), 1 logic levels.

Unconstrained Preference:
   INPUT_SETUP PORT "reset" CLKPORT "clk" 

Report:    3.857ns delay reset to system/core/engine/dp/SLICE_181 (3.583ns delay and 0.274ns setup)

   Name    Fanout   Delay (ns)          Site               Resource
PADI_DEL    ---     1.132          4.PAD to        4.PADDI reset
ROUTE       252     2.451        4.PADDI to     R8C18B.LSR reset_c (to clk_c)
                  --------
                    3.583   (31.6% logic, 68.4% route), 1 logic levels.

Unconstrained Preference:
   INPUT_SETUP PORT "reset" CLKPORT "clk" 

Report:    3.857ns delay reset to system/sequential.memory/SLICE_11 (3.583ns delay and 0.274ns setup)

   Name    Fanout   Delay (ns)          Site               Resource
PADI_DEL    ---     1.132          4.PAD to        4.PADDI reset
ROUTE       252     2.451        4.PADDI to     R10C9D.LSR reset_c (to clk_c)
                  --------
                    3.583   (31.6% logic, 68.4% route), 1 logic levels.

Unconstrained Preference:
   INPUT_SETUP PORT "reset" CLKPORT "clk" 

Report:    3.857ns delay reset to system/SLICE_240 (3.583ns delay and 0.274ns setup)

   Name    Fanout   Delay (ns)          Site               Resource
PADI_DEL    ---     1.132          4.PAD to        4.PADDI reset
ROUTE       252     2.451        4.PADDI to     R7C11B.LSR reset_c (to clk_c)
                  --------
                    3.583   (31.6% logic, 68.4% route), 1 logic levels.

Unconstrained Preference:
   INPUT_SETUP PORT "reset" CLKPORT "clk" 

Report:    3.857ns delay reset to system/sequential.memory/SLICE_15 (3.583ns delay and 0.274ns setup)

   Name    Fanout   Delay (ns)          Site               Resource
PADI_DEL    ---     1.132          4.PAD to        4.PADDI reset
ROUTE       252     2.451        4.PADDI to     R10C8D.LSR reset_c (to clk_c)
                  --------
                    3.583   (31.6% logic, 68.4% route), 1 logic levels.

Unconstrained Preference:
   INPUT_SETUP PORT "reset" CLKPORT "clk" 

Report:    3.857ns delay reset to system/SLICE_65 (3.583ns delay and 0.274ns setup)

   Name    Fanout   Delay (ns)          Site               Resource
PADI_DEL    ---     1.132          4.PAD to        4.PADDI reset
ROUTE       252     2.451        4.PADDI to     R5C13A.LSR reset_c (to clk_c)
                  --------
                    3.583   (31.6% logic, 68.4% route), 1 logic levels.

Unconstrained Preference:
   INPUT_SETUP PORT "reset" CLKPORT "clk" 

Report:    3.857ns delay reset to system/core/engine/seq/SLICE_19 (3.583ns delay and 0.274ns setup)

   Name    Fanout   Delay (ns)          Site               Resource
PADI_DEL    ---     1.132          4.PAD to        4.PADDI reset
ROUTE       252     2.451        4.PADDI to      R2C8A.LSR reset_c (to clk_c)
                  --------
                    3.583   (31.6% logic, 68.4% route), 1 logic levels.

Unconstrained Preference:
   INPUT_SETUP PORT "reset" CLKPORT "clk" 

Report:    3.857ns delay reset to system/core/engine/status/SLICE_161 (3.583ns delay and 0.274ns setup)

   Name    Fanout   Delay (ns)          Site               Resource
PADI_DEL    ---     1.132          4.PAD to        4.PADDI reset
ROUTE       252     2.451        4.PADDI to     R8C15D.LSR reset_c (to clk_c)
                  --------
                    3.583   (31.6% logic, 68.4% route), 1 logic levels.

Unconstrained Preference:
   INPUT_SETUP PORT "reset" CLKPORT "clk" 

Report:    3.857ns delay reset to system/SLICE_34 (3.583ns delay and 0.274ns setup)

   Name    Fanout   Delay (ns)          Site               Resource
PADI_DEL    ---     1.132          4.PAD to        4.PADDI reset
ROUTE       252     2.451        4.PADDI to     R9C14A.LSR reset_c (to clk_c)
                  --------
                    3.583   (31.6% logic, 68.4% route), 1 logic levels.

Unconstrained Preference:
   INPUT_SETUP PORT "reset" CLKPORT "clk" 

Report:    3.857ns delay reset to system/core/engine/SLICE_169 (3.583ns delay and 0.274ns setup)

   Name    Fanout   Delay (ns)          Site               Resource
PADI_DEL    ---     1.132          4.PAD to        4.PADDI reset
ROUTE       252     2.451        4.PADDI to     R7C20C.LSR reset_c (to clk_c)
                  --------
                    3.583   (31.6% logic, 68.4% route), 1 logic levels.

Unconstrained Preference:
   INPUT_SETUP PORT "reset" CLKPORT "clk" 

Report:    3.857ns delay reset to system/SLICE_52 (3.583ns delay and 0.274ns setup)

   Name    Fanout   Delay (ns)          Site               Resource
PADI_DEL    ---     1.132          4.PAD to        4.PADDI reset
ROUTE       252     2.451        4.PADDI to    R10C14A.LSR reset_c (to clk_c)
                  --------
                    3.583   (31.6% logic, 68.4% route), 1 logic levels.

Unconstrained Preference:
   INPUT_SETUP PORT "reset" CLKPORT "clk" 

Report:    3.857ns delay reset to system/core/engine/dp/SLICE_177 (3.583ns delay and 0.274ns setup)

   Name    Fanout   Delay (ns)          Site               Resource
PADI_DEL    ---     1.132          4.PAD to        4.PADDI reset
ROUTE       252     2.451        4.PADDI to     R7C17D.LSR reset_c (to clk_c)
                  --------
                    3.583   (31.6% logic, 68.4% route), 1 logic levels.

Unconstrained Preference:
   INPUT_SETUP PORT "reset" CLKPORT "clk" 

Report:    3.857ns delay reset to system/core/engine/SLICE_199 (3.583ns delay and 0.274ns setup)

   Name    Fanout   Delay (ns)          Site               Resource
PADI_DEL    ---     1.132          4.PAD to        4.PADDI reset
ROUTE       252     2.451        4.PADDI to      R4C5A.LSR reset_c (to clk_c)
                  --------
                    3.583   (31.6% logic, 68.4% route), 1 logic levels.

Unconstrained Preference:
   INPUT_SETUP PORT "reset" CLKPORT "clk" 

Report:    3.857ns delay reset to system/sequential.memory/transport/SLICE_211 (3.583ns delay and 0.274ns setup)

   Name    Fanout   Delay (ns)          Site               Resource
PADI_DEL    ---     1.132          4.PAD to        4.PADDI reset
ROUTE       252     2.451        4.PADDI to      R7C3B.LSR reset_c (to clk_c)
                  --------
                    3.583   (31.6% logic, 68.4% route), 1 logic levels.

Unconstrained Preference:
   INPUT_SETUP PORT "reset" CLKPORT "clk" 

Report:    3.857ns delay reset to system/sequential.memory/SLICE_215 (3.583ns delay and 0.274ns setup)

   Name    Fanout   Delay (ns)          Site               Resource
PADI_DEL    ---     1.132          4.PAD to        4.PADDI reset
ROUTE       252     2.451        4.PADDI to      R8C5D.LSR reset_c (to clk_c)
                  --------
                    3.583   (31.6% logic, 68.4% route), 1 logic levels.

Unconstrained Preference:
   INPUT_SETUP PORT "reset" CLKPORT "clk" 

Report:    3.857ns delay reset to system/sequential.memory/SLICE_219 (3.583ns delay and 0.274ns setup)

   Name    Fanout   Delay (ns)          Site               Resource
PADI_DEL    ---     1.132          4.PAD to        4.PADDI reset
ROUTE       252     2.451        4.PADDI to     R10C6D.LSR reset_c (to clk_c)
                  --------
                    3.583   (31.6% logic, 68.4% route), 1 logic levels.

Unconstrained Preference:
   INPUT_SETUP PORT "reset" CLKPORT "clk" 

Report:    3.857ns delay reset to system/sequential.memory/SLICE_223 (3.583ns delay and 0.274ns setup)

   Name    Fanout   Delay (ns)          Site               Resource
PADI_DEL    ---     1.132          4.PAD to        4.PADDI reset
ROUTE       252     2.451        4.PADDI to      R5C5D.LSR reset_c (to clk_c)
                  --------
                    3.583   (31.6% logic, 68.4% route), 1 logic levels.

Unconstrained Preference:
   INPUT_SETUP PORT "reset" CLKPORT "clk" 

Report:    3.857ns delay reset to system/core/engine/seq/SLICE_204 (3.583ns delay and 0.274ns setup)

   Name    Fanout   Delay (ns)          Site               Resource
PADI_DEL    ---     1.132          4.PAD to        4.PADDI reset
ROUTE       252     2.451        4.PADDI to      R2C4A.LSR reset_c (to clk_c)
                  --------
                    3.583   (31.6% logic, 68.4% route), 1 logic levels.

Unconstrained Preference:
   INPUT_SETUP PORT "reset" CLKPORT "clk" 

Report:    3.857ns delay reset to system/sequential.memory/transport/SLICE_248 (3.583ns delay and 0.274ns setup)

   Name    Fanout   Delay (ns)          Site               Resource
PADI_DEL    ---     1.132          4.PAD to        4.PADDI reset
ROUTE       252     2.451        4.PADDI to      R8C9D.LSR reset_c (to clk_c)
                  --------
                    3.583   (31.6% logic, 68.4% route), 1 logic levels.

Unconstrained Preference:
   INPUT_SETUP PORT "reset" CLKPORT "clk" 

Report:    3.857ns delay reset to system/sequential.memory/transport/SLICE_57 (3.583ns delay and 0.274ns setup)

   Name    Fanout   Delay (ns)          Site               Resource
PADI_DEL    ---     1.132          4.PAD to        4.PADDI reset
ROUTE       252     2.451        4.PADDI to      R7C4A.LSR reset_c (to clk_c)
                  --------
                    3.583   (31.6% logic, 68.4% route), 1 logic levels.

Unconstrained Preference:
   INPUT_SETUP PORT "reset" CLKPORT "clk" 

Report:    3.857ns delay reset to system/SLICE_61 (3.583ns delay and 0.274ns setup)

   Name    Fanout   Delay (ns)          Site               Resource
PADI_DEL    ---     1.132          4.PAD to        4.PADDI reset
ROUTE       252     2.451        4.PADDI to     R5C12B.LSR reset_c (to clk_c)
                  --------
                    3.583   (31.6% logic, 68.4% route), 1 logic levels.

Unconstrained Preference:
   INPUT_SETUP PORT "reset" CLKPORT "clk" 

Report:    3.857ns delay reset to system/core/engine/seq/SLICE_257 (3.583ns delay and 0.274ns setup)

   Name    Fanout   Delay (ns)          Site               Resource
PADI_DEL    ---     1.132          4.PAD to        4.PADDI reset
ROUTE       252     2.451        4.PADDI to      R4C7A.LSR reset_c (to clk_c)
                  --------
                    3.583   (31.6% logic, 68.4% route), 1 logic levels.

Unconstrained Preference:
   INPUT_SETUP PORT "reset" CLKPORT "clk" 

Report:    3.857ns delay reset to system/core/engine/seq/SLICE_254 (3.583ns delay and 0.274ns setup)

   Name    Fanout   Delay (ns)          Site               Resource
PADI_DEL    ---     1.132          4.PAD to        4.PADDI reset
ROUTE       252     2.451        4.PADDI to      R7C6D.LSR reset_c (to clk_c)
                  --------
                    3.583   (31.6% logic, 68.4% route), 1 logic levels.

Unconstrained Preference:
   INPUT_SETUP PORT "reset" CLKPORT "clk" 

Report:    3.857ns delay reset to system/SLICE_62 (3.583ns delay and 0.274ns setup)

   Name    Fanout   Delay (ns)          Site               Resource
PADI_DEL    ---     1.132          4.PAD to        4.PADDI reset
ROUTE       252     2.451        4.PADDI to     R4C11C.LSR reset_c (to clk_c)
                  --------
                    3.583   (31.6% logic, 68.4% route), 1 logic levels.

Unconstrained Preference:
   INPUT_SETUP PORT "reset" CLKPORT "clk" 

Report:    3.857ns delay reset to system/core/engine/SLICE_67 (3.583ns delay and 0.274ns setup)

   Name    Fanout   Delay (ns)          Site               Resource
PADI_DEL    ---     1.132          4.PAD to        4.PADDI reset
ROUTE       252     2.451        4.PADDI to     R3C13A.LSR reset_c (to clk_c)
                  --------
                    3.583   (31.6% logic, 68.4% route), 1 logic levels.

Unconstrained Preference:
   INPUT_SETUP PORT "reset" CLKPORT "clk" 

Report:    3.857ns delay reset to system/core/engine/SLICE_162 (3.583ns delay and 0.274ns setup)

   Name    Fanout   Delay (ns)          Site               Resource
PADI_DEL    ---     1.132          4.PAD to        4.PADDI reset
ROUTE       252     2.451        4.PADDI to     R3C15C.LSR reset_c (to clk_c)
                  --------
                    3.583   (31.6% logic, 68.4% route), 1 logic levels.

Unconstrained Preference:
   INPUT_SETUP PORT "reset" CLKPORT "clk" 

Report:    3.857ns delay reset to system/core/engine/SLICE_166 (3.583ns delay and 0.274ns setup)

   Name    Fanout   Delay (ns)          Site               Resource
PADI_DEL    ---     1.132          4.PAD to        4.PADDI reset
ROUTE       252     2.451        4.PADDI to     R4C19C.LSR reset_c (to clk_c)
                  --------
                    3.583   (31.6% logic, 68.4% route), 1 logic levels.

Unconstrained Preference:
   INPUT_SETUP PORT "reset" CLKPORT "clk" 

Report:    3.857ns delay reset to system/core/engine/SLICE_170 (3.583ns delay and 0.274ns setup)

   Name    Fanout   Delay (ns)          Site               Resource
PADI_DEL    ---     1.132          4.PAD to        4.PADDI reset
ROUTE       252     2.451        4.PADDI to     R8C19A.LSR reset_c (to clk_c)
                  --------
                    3.583   (31.6% logic, 68.4% route), 1 logic levels.

Unconstrained Preference:
   INPUT_SETUP PORT "reset" CLKPORT "clk" 

Report:    3.857ns delay reset to system/core/engine/dp/SLICE_174 (3.583ns delay and 0.274ns setup)

   Name    Fanout   Delay (ns)          Site               Resource
PADI_DEL    ---     1.132          4.PAD to        4.PADDI reset
ROUTE       252     2.451        4.PADDI to     R7C16B.LSR reset_c (to clk_c)
                  --------
                    3.583   (31.6% logic, 68.4% route), 1 logic levels.

Unconstrained Preference:
   INPUT_SETUP PORT "reset" CLKPORT "clk" 

Report:    3.857ns delay reset to system/core/engine/dp/SLICE_178 (3.583ns delay and 0.274ns setup)

   Name    Fanout   Delay (ns)          Site               Resource
PADI_DEL    ---     1.132          4.PAD to        4.PADDI reset
ROUTE       252     2.451        4.PADDI to     R7C14C.LSR reset_c (to clk_c)
                  --------
                    3.583   (31.6% logic, 68.4% route), 1 logic levels.

Unconstrained Preference:
   INPUT_SETUP PORT "reset" CLKPORT "clk" 

Report:    3.857ns delay reset to system/sequential.memory/SLICE_16 (3.583ns delay and 0.274ns setup)

   Name    Fanout   Delay (ns)          Site               Resource
PADI_DEL    ---     1.132          4.PAD to        4.PADDI reset
ROUTE       252     2.451        4.PADDI to     R10C8C.LSR reset_c (to clk_c)
                  --------
                    3.583   (31.6% logic, 68.4% route), 1 logic levels.

Unconstrained Preference:
   INPUT_SETUP PORT "reset" CLKPORT "clk" 

Report:    3.857ns delay reset to system/core/engine/SLICE_200 (3.583ns delay and 0.274ns setup)

   Name    Fanout   Delay (ns)          Site               Resource
PADI_DEL    ---     1.132          4.PAD to        4.PADDI reset
ROUTE       252     2.451        4.PADDI to      R3C4B.LSR reset_c (to clk_c)
                  --------
                    3.583   (31.6% logic, 68.4% route), 1 logic levels.

Unconstrained Preference:
   INPUT_SETUP PORT "reset" CLKPORT "clk" 

Report:    3.857ns delay reset to system/core/engine/seq/SLICE_258 (3.583ns delay and 0.274ns setup)

   Name    Fanout   Delay (ns)          Site               Resource
PADI_DEL    ---     1.132          4.PAD to        4.PADDI reset
ROUTE       252     2.451        4.PADDI to      R4C8C.LSR reset_c (to clk_c)
                  --------
                    3.583   (31.6% logic, 68.4% route), 1 logic levels.

Unconstrained Preference:
   INPUT_SETUP PORT "reset" CLKPORT "clk" 

Report:    3.857ns delay reset to system/sequential.memory/SLICE_216 (3.583ns delay and 0.274ns setup)

   Name    Fanout   Delay (ns)          Site               Resource
PADI_DEL    ---     1.132          4.PAD to        4.PADDI reset
ROUTE       252     2.451        4.PADDI to      R9C7D.LSR reset_c (to clk_c)
                  --------
                    3.583   (31.6% logic, 68.4% route), 1 logic levels.

Unconstrained Preference:
   INPUT_SETUP PORT "reset" CLKPORT "clk" 

Report:    3.857ns delay reset to system/core/engine/seq/SLICE_20 (3.583ns delay and 0.274ns setup)

   Name    Fanout   Delay (ns)          Site               Resource
PADI_DEL    ---     1.132          4.PAD to        4.PADDI reset
ROUTE       252     2.451        4.PADDI to      R2C7D.LSR reset_c (to clk_c)
                  --------
                    3.583   (31.6% logic, 68.4% route), 1 logic levels.

Unconstrained Preference:
   INPUT_SETUP PORT "reset" CLKPORT "clk" 

Report:    3.857ns delay reset to system/sequential.memory/SLICE_220 (3.583ns delay and 0.274ns setup)

   Name    Fanout   Delay (ns)          Site               Resource
PADI_DEL    ---     1.132          4.PAD to        4.PADDI reset
ROUTE       252     2.451        4.PADDI to      R8C6D.LSR reset_c (to clk_c)
                  --------
                    3.583   (31.6% logic, 68.4% route), 1 logic levels.

Unconstrained Preference:
   INPUT_SETUP PORT "reset" CLKPORT "clk" 

Report:    3.857ns delay reset to system/SLICE_212 (3.583ns delay and 0.274ns setup)

   Name    Fanout   Delay (ns)          Site               Resource
PADI_DEL    ---     1.132          4.PAD to        4.PADDI reset
ROUTE       252     2.451        4.PADDI to      R7C8C.LSR reset_c (to clk_c)
                  --------
                    3.583   (31.6% logic, 68.4% route), 1 logic levels.

Unconstrained Preference:
   INPUT_SETUP PORT "reset" CLKPORT "clk" 

Report:    3.857ns delay reset to system/SLICE_53 (3.583ns delay and 0.274ns setup)

   Name    Fanout   Delay (ns)          Site               Resource
PADI_DEL    ---     1.132          4.PAD to        4.PADDI reset
ROUTE       252     2.451        4.PADDI to    R10C14B.LSR reset_c (to clk_c)
                  --------
                    3.583   (31.6% logic, 68.4% route), 1 logic levels.

Unconstrained Preference:
   INPUT_SETUP PORT "reset" CLKPORT "clk" 

Report:    3.857ns delay reset to system/sequential.memory/SLICE_224 (3.583ns delay and 0.274ns setup)

   Name    Fanout   Delay (ns)          Site               Resource
PADI_DEL    ---     1.132          4.PAD to        4.PADDI reset
ROUTE       252     2.451        4.PADDI to      R7C5B.LSR reset_c (to clk_c)
                  --------
                    3.583   (31.6% logic, 68.4% route), 1 logic levels.

Unconstrained Preference:
   INPUT_SETUP PORT "reset" CLKPORT "clk" 

Report:    3.857ns delay reset to system/SLICE_241 (3.583ns delay and 0.274ns setup)

   Name    Fanout   Delay (ns)          Site               Resource
PADI_DEL    ---     1.132          4.PAD to        4.PADDI reset
ROUTE       252     2.451        4.PADDI to      R5C9C.LSR reset_c (to clk_c)
                  --------
                    3.583   (31.6% logic, 68.4% route), 1 logic levels.

Unconstrained Preference:
   INPUT_SETUP PORT "reset" CLKPORT "clk" 

Report:    3.857ns delay reset to system/sequential.memory/SLICE_12 (3.583ns delay and 0.274ns setup)

   Name    Fanout   Delay (ns)          Site               Resource
PADI_DEL    ---     1.132          4.PAD to        4.PADDI reset
ROUTE       252     2.451        4.PADDI to     R10C9C.LSR reset_c (to clk_c)
                  --------
                    3.583   (31.6% logic, 68.4% route), 1 logic levels.

Unconstrained Preference:
   INPUT_SETUP PORT "reset" CLKPORT "clk" 

Report:    3.857ns delay reset to system/SLICE_35 (3.583ns delay and 0.274ns setup)

   Name    Fanout   Delay (ns)          Site               Resource
PADI_DEL    ---     1.132          4.PAD to        4.PADDI reset
ROUTE       252     2.451        4.PADDI to     R9C14B.LSR reset_c (to clk_c)
                  --------
                    3.583   (31.6% logic, 68.4% route), 1 logic levels.

Unconstrained Preference:
   INPUT_SETUP PORT "reset" CLKPORT "clk" 

Report:    3.857ns delay reset to system/sequential.memory/transport/SLICE_249 (3.583ns delay and 0.274ns setup)

   Name    Fanout   Delay (ns)          Site               Resource
PADI_DEL    ---     1.132          4.PAD to        4.PADDI reset
ROUTE       252     2.451        4.PADDI to      R7C9C.LSR reset_c (to clk_c)
                  --------
                    3.583   (31.6% logic, 68.4% route), 1 logic levels.

Unconstrained Preference:
   INPUT_SETUP PORT "reset" CLKPORT "clk" 

Report:    3.857ns delay reset to system/core/engine/dp/SLICE_182 (3.583ns delay and 0.274ns setup)

   Name    Fanout   Delay (ns)          Site               Resource
PADI_DEL    ---     1.132          4.PAD to        4.PADDI reset
ROUTE       252     2.451        4.PADDI to     R8C18C.LSR reset_c (to clk_c)
                  --------
                    3.583   (31.6% logic, 68.4% route), 1 logic levels.

Unconstrained Preference:
   INPUT_SETUP PORT "reset" CLKPORT "clk" 

Report:    3.857ns delay reset to system/sequential.memory/transport/SLICE_75 (3.583ns delay and 0.274ns setup)

   Name    Fanout   Delay (ns)          Site               Resource
PADI_DEL    ---     1.132          4.PAD to        4.PADDI reset
ROUTE       252     2.451        4.PADDI to      R9C3C.LSR reset_c (to clk_c)
                  --------
                    3.583   (31.6% logic, 68.4% route), 1 logic levels.

Unconstrained Preference:
   INPUT_SETUP PORT "reset" CLKPORT "clk" 

Report:    3.857ns delay reset to system/core/engine/SLICE_206 (3.583ns delay and 0.274ns setup)

   Name    Fanout   Delay (ns)          Site               Resource
PADI_DEL    ---     1.132          4.PAD to        4.PADDI reset
ROUTE       252     2.451        4.PADDI to     R2C10C.LSR reset_c (to clk_c)
                  --------
                    3.583   (31.6% logic, 68.4% route), 1 logic levels.

Unconstrained Preference:
   INPUT_SETUP PORT "reset" CLKPORT "clk" 

Report:    3.857ns delay reset to system/SLICE_58 (3.583ns delay and 0.274ns setup)

   Name    Fanout   Delay (ns)          Site               Resource
PADI_DEL    ---     1.132          4.PAD to        4.PADDI reset
ROUTE       252     2.451        4.PADDI to     R2C12B.LSR reset_c (to clk_c)
                  --------
                    3.583   (31.6% logic, 68.4% route), 1 logic levels.

Unconstrained Preference:
   INPUT_SETUP PORT "reset" CLKPORT "clk" 

Report:    3.857ns delay reset to system/core/engine/SLICE_68 (3.583ns delay and 0.274ns setup)

   Name    Fanout   Delay (ns)          Site               Resource
PADI_DEL    ---     1.132          4.PAD to        4.PADDI reset
ROUTE       252     2.451        4.PADDI to     R3C12D.LSR reset_c (to clk_c)
                  --------
                    3.583   (31.6% logic, 68.4% route), 1 logic levels.

Unconstrained Preference:
   INPUT_SETUP PORT "reset" CLKPORT "clk" 

Report:    3.857ns delay reset to system/sequential.memory/SLICE_207 (3.583ns delay and 0.274ns setup)

   Name    Fanout   Delay (ns)          Site               Resource
PADI_DEL    ---     1.132          4.PAD to        4.PADDI reset
ROUTE       252     2.451        4.PADDI to      R5C3C.LSR reset_c (to clk_c)
                  --------
                    3.583   (31.6% logic, 68.4% route), 1 logic levels.

Unconstrained Preference:
   INPUT_SETUP PORT "reset" CLKPORT "clk" 

Report:    3.857ns delay reset to system/core/engine/SLICE_163 (3.583ns delay and 0.274ns setup)

   Name    Fanout   Delay (ns)          Site               Resource
PADI_DEL    ---     1.132          4.PAD to        4.PADDI reset
ROUTE       252     2.451        4.PADDI to     R3C17A.LSR reset_c (to clk_c)
                  --------
                    3.583   (31.6% logic, 68.4% route), 1 logic levels.

Unconstrained Preference:
   INPUT_SETUP PORT "reset" CLKPORT "clk" 

Report:    3.857ns delay reset to system/sequential.memory/SLICE_13 (3.583ns delay and 0.274ns setup)

   Name    Fanout   Delay (ns)          Site               Resource
PADI_DEL    ---     1.132          4.PAD to        4.PADDI reset
ROUTE       252     2.451        4.PADDI to     R10C9B.LSR reset_c (to clk_c)
                  --------
                    3.583   (31.6% logic, 68.4% route), 1 logic levels.

Unconstrained Preference:
   INPUT_SETUP PORT "reset" CLKPORT "clk" 

Report:    3.857ns delay reset to system/SLICE_55 (3.583ns delay and 0.274ns setup)

   Name    Fanout   Delay (ns)          Site               Resource
PADI_DEL    ---     1.132          4.PAD to        4.PADDI reset
ROUTE       252     2.451        4.PADDI to    R10C13A.LSR reset_c (to clk_c)
                  --------
                    3.583   (31.6% logic, 68.4% route), 1 logic levels.

Unconstrained Preference:
   INPUT_SETUP PORT "reset" CLKPORT "clk" 

Report:    3.857ns delay reset to system/core/engine/SLICE_167 (3.583ns delay and 0.274ns setup)

   Name    Fanout   Delay (ns)          Site               Resource
PADI_DEL    ---     1.132          4.PAD to        4.PADDI reset
ROUTE       252     2.451        4.PADDI to     R5C20D.LSR reset_c (to clk_c)
                  --------
                    3.583   (31.6% logic, 68.4% route), 1 logic levels.

Unconstrained Preference:
   INPUT_SETUP PORT "reset" CLKPORT "clk" 

Report:    3.857ns delay reset to system/core/engine/SLICE_171 (3.583ns delay and 0.274ns setup)

   Name    Fanout   Delay (ns)          Site               Resource
PADI_DEL    ---     1.132          4.PAD to        4.PADDI reset
ROUTE       252     2.451        4.PADDI to     R7C19A.LSR reset_c (to clk_c)
                  --------
                    3.583   (31.6% logic, 68.4% route), 1 logic levels.

Unconstrained Preference:
   INPUT_SETUP PORT "reset" CLKPORT "clk" 

Report:    3.857ns delay reset to system/core/engine/dp/SLICE_175 (3.583ns delay and 0.274ns setup)

   Name    Fanout   Delay (ns)          Site               Resource
PADI_DEL    ---     1.132          4.PAD to        4.PADDI reset
ROUTE       252     2.451        4.PADDI to     R7C16A.LSR reset_c (to clk_c)
                  --------
                    3.583   (31.6% logic, 68.4% route), 1 logic levels.

Unconstrained Preference:
   INPUT_SETUP PORT "reset" CLKPORT "clk" 

Report:    3.857ns delay reset to system/SLICE_59 (3.583ns delay and 0.274ns setup)

   Name    Fanout   Delay (ns)          Site               Resource
PADI_DEL    ---     1.132          4.PAD to        4.PADDI reset
ROUTE       252     2.451        4.PADDI to     R4C12B.LSR reset_c (to clk_c)
                  --------
                    3.583   (31.6% logic, 68.4% route), 1 logic levels.

Unconstrained Preference:
   INPUT_SETUP PORT "reset" CLKPORT "clk" 

Report:    3.857ns delay reset to system/sequential.memory/transport/SLICE_213 (3.583ns delay and 0.274ns setup)

   Name    Fanout   Delay (ns)          Site               Resource
PADI_DEL    ---     1.132          4.PAD to        4.PADDI reset
ROUTE       252     2.451        4.PADDI to     R10C2B.LSR reset_c (to clk_c)
                  --------
                    3.583   (31.6% logic, 68.4% route), 1 logic levels.

Unconstrained Preference:
   INPUT_SETUP PORT "reset" CLKPORT "clk" 

Report:    3.857ns delay reset to system/core/engine/status/SLICE_159 (3.583ns delay and 0.274ns setup)

   Name    Fanout   Delay (ns)          Site               Resource
PADI_DEL    ---     1.132          4.PAD to        4.PADDI reset
ROUTE       252     2.451        4.PADDI to     R7C15B.LSR reset_c (to clk_c)
                  --------
                    3.583   (31.6% logic, 68.4% route), 1 logic levels.

Unconstrained Preference:
   INPUT_SETUP PORT "reset" CLKPORT "clk" 

Report:    3.857ns delay reset to system/core/engine/SLICE_201 (3.583ns delay and 0.274ns setup)

   Name    Fanout   Delay (ns)          Site               Resource
PADI_DEL    ---     1.132          4.PAD to        4.PADDI reset
ROUTE       252     2.451        4.PADDI to      R2C4C.LSR reset_c (to clk_c)
                  --------
                    3.583   (31.6% logic, 68.4% route), 1 logic levels.

Unconstrained Preference:
   INPUT_SETUP PORT "reset" CLKPORT "clk" 

Report:    3.857ns delay reset to system/core/engine/SLICE_183 (3.583ns delay and 0.274ns setup)

   Name    Fanout   Delay (ns)          Site               Resource
PADI_DEL    ---     1.132          4.PAD to        4.PADDI reset
ROUTE       252     2.451        4.PADDI to     R2C10A.LSR reset_c (to clk_c)
                  --------
                    3.583   (31.6% logic, 68.4% route), 1 logic levels.

Unconstrained Preference:
   INPUT_SETUP PORT "reset" CLKPORT "clk" 

Report:    3.857ns delay reset to system/sequential.memory/SLICE_17 (3.583ns delay and 0.274ns setup)

   Name    Fanout   Delay (ns)          Site               Resource
PADI_DEL    ---     1.132          4.PAD to        4.PADDI reset
ROUTE       252     2.451        4.PADDI to     R10C8B.LSR reset_c (to clk_c)
                  --------
                    3.583   (31.6% logic, 68.4% route), 1 logic levels.

Unconstrained Preference:
   INPUT_SETUP PORT "reset" CLKPORT "clk" 

Report:    3.857ns delay reset to system/core/engine/seq/SLICE_21 (3.583ns delay and 0.274ns setup)

   Name    Fanout   Delay (ns)          Site               Resource
PADI_DEL    ---     1.132          4.PAD to        4.PADDI reset
ROUTE       252     2.451        4.PADDI to      R2C7C.LSR reset_c (to clk_c)
                  --------
                    3.583   (31.6% logic, 68.4% route), 1 logic levels.

Unconstrained Preference:
   INPUT_SETUP PORT "reset" CLKPORT "clk" 

Report:    3.857ns delay reset to system/sequential.memory/SLICE_217 (3.583ns delay and 0.274ns setup)

   Name    Fanout   Delay (ns)          Site               Resource
PADI_DEL    ---     1.132          4.PAD to        4.PADDI reset
ROUTE       252     2.451        4.PADDI to     R10C6C.LSR reset_c (to clk_c)
                  --------
                    3.583   (31.6% logic, 68.4% route), 1 logic levels.

Unconstrained Preference:
   INPUT_SETUP PORT "reset" CLKPORT "clk" 

Report:    3.857ns delay reset to system/sequential.memory/SLICE_221 (3.583ns delay and 0.274ns setup)

   Name    Fanout   Delay (ns)          Site               Resource
PADI_DEL    ---     1.132          4.PAD to        4.PADDI reset
ROUTE       252     2.451        4.PADDI to     R10C6B.LSR reset_c (to clk_c)
                  --------
                    3.583   (31.6% logic, 68.4% route), 1 logic levels.

Unconstrained Preference:
   INPUT_SETUP PORT "reset" CLKPORT "clk" 

Report:    3.857ns delay reset to system/sequential.memory/transport/SLICE_225 (3.583ns delay and 0.274ns setup)

   Name    Fanout   Delay (ns)          Site               Resource
PADI_DEL    ---     1.132          4.PAD to        4.PADDI reset
ROUTE       252     2.451        4.PADDI to     R10C6A.LSR reset_c (to clk_c)
                  --------
                    3.583   (31.6% logic, 68.4% route), 1 logic levels.

Unconstrained Preference:
   INPUT_SETUP PORT "reset" CLKPORT "clk" 

Report:    3.857ns delay reset to system/SLICE_49 (3.583ns delay and 0.274ns setup)

   Name    Fanout   Delay (ns)          Site               Resource
PADI_DEL    ---     1.132          4.PAD to        4.PADDI reset
ROUTE       252     2.451        4.PADDI to    R10C15A.LSR reset_c (to clk_c)
                  --------
                    3.583   (31.6% logic, 68.4% route), 1 logic levels.

Unconstrained Preference:
   INPUT_SETUP PORT "reset" CLKPORT "clk" 

Report:    3.857ns delay reset to system/SLICE_242 (3.583ns delay and 0.274ns setup)

   Name    Fanout   Delay (ns)          Site               Resource
PADI_DEL    ---     1.132          4.PAD to        4.PADDI reset
ROUTE       252     2.451        4.PADDI to     R3C11D.LSR reset_c (to clk_c)
                  --------
                    3.583   (31.6% logic, 68.4% route), 1 logic levels.

Unconstrained Preference:
   INPUT_SETUP PORT "reset" CLKPORT "clk" 

Report:    3.857ns delay reset to system/sequential.memory/transport/SLICE_250 (3.583ns delay and 0.274ns setup)

   Name    Fanout   Delay (ns)          Site               Resource
PADI_DEL    ---     1.132          4.PAD to        4.PADDI reset
ROUTE       252     2.451        4.PADDI to      R7C9A.LSR reset_c (to clk_c)
                  --------
                    3.583   (31.6% logic, 68.4% route), 1 logic levels.

Unconstrained Preference:
   INPUT_SETUP PORT "reset" CLKPORT "clk" 

Report:    3.857ns delay reset to system/core/engine/seq/SLICE_255 (3.583ns delay and 0.274ns setup)

   Name    Fanout   Delay (ns)          Site               Resource
PADI_DEL    ---     1.132          4.PAD to        4.PADDI reset
ROUTE       252     2.451        4.PADDI to      R5C7D.LSR reset_c (to clk_c)
                  --------
                    3.583   (31.6% logic, 68.4% route), 1 logic levels.

Unconstrained Preference:
   INPUT_SETUP PORT "reset" CLKPORT "clk" 

Report:    3.857ns delay reset to system/core/engine/SLICE_321 (3.583ns delay and 0.274ns setup)

   Name    Fanout   Delay (ns)          Site               Resource
PADI_DEL    ---     1.132          4.PAD to        4.PADDI reset
ROUTE       252     2.451        4.PADDI to     R2C12A.LSR reset_c (to clk_c)
                  --------
                    3.583   (31.6% logic, 68.4% route), 1 logic levels.

Unconstrained Preference:
   INPUT_SETUP PORT "reset" CLKPORT "clk" 

Report:    3.857ns delay reset to system/SLICE_63 (3.583ns delay and 0.274ns setup)

   Name    Fanout   Delay (ns)          Site               Resource
PADI_DEL    ---     1.132          4.PAD to        4.PADDI reset
ROUTE       252     2.451        4.PADDI to     R5C10D.LSR reset_c (to clk_c)
                  --------
                    3.583   (31.6% logic, 68.4% route), 1 logic levels.

Unconstrained Preference:
   INPUT_SETUP PORT "reset" CLKPORT "clk" 

Report:    3.857ns delay reset to system/core/engine/dp/SLICE_179 (3.583ns delay and 0.274ns setup)

   Name    Fanout   Delay (ns)          Site               Resource
PADI_DEL    ---     1.132          4.PAD to        4.PADDI reset
ROUTE       252     2.451        4.PADDI to     R8C17B.LSR reset_c (to clk_c)
                  --------
                    3.583   (31.6% logic, 68.4% route), 1 logic levels.

Unconstrained Preference:
   INPUT_SETUP PORT "reset" CLKPORT "clk" 

Report:    3.857ns delay reset to system/SLICE_64 (3.583ns delay and 0.274ns setup)

   Name    Fanout   Delay (ns)          Site               Resource
PADI_DEL    ---     1.132          4.PAD to        4.PADDI reset
ROUTE       252     2.451        4.PADDI to     R5C11A.LSR reset_c (to clk_c)
                  --------
                    3.583   (31.6% logic, 68.4% route), 1 logic levels.

Unconstrained Preference:
   INPUT_SETUP PORT "reset" CLKPORT "clk" 

Report:    3.857ns delay reset to system/SLICE_56 (3.583ns delay and 0.274ns setup)

   Name    Fanout   Delay (ns)          Site               Resource
PADI_DEL    ---     1.132          4.PAD to        4.PADDI reset
ROUTE       252     2.451        4.PADDI to    R10C13B.LSR reset_c (to clk_c)
                  --------
                    3.583   (31.6% logic, 68.4% route), 1 logic levels.

Unconstrained Preference:
   INPUT_SETUP PORT "reset" CLKPORT "clk" 

Report:    3.857ns delay reset to system/core/engine/SLICE_164 (3.583ns delay and 0.274ns setup)

   Name    Fanout   Delay (ns)          Site               Resource
PADI_DEL    ---     1.132          4.PAD to        4.PADDI reset
ROUTE       252     2.451        4.PADDI to     R8C17C.LSR reset_c (to clk_c)
                  --------
                    3.583   (31.6% logic, 68.4% route), 1 logic levels.

Unconstrained Preference:
   INPUT_SETUP PORT "reset" CLKPORT "clk" 

Report:    3.857ns delay reset to system/core/engine/SLICE_168 (3.583ns delay and 0.274ns setup)

   Name    Fanout   Delay (ns)          Site               Resource
PADI_DEL    ---     1.132          4.PAD to        4.PADDI reset
ROUTE       252     2.451        4.PADDI to     R3C20C.LSR reset_c (to clk_c)
                  --------
                    3.583   (31.6% logic, 68.4% route), 1 logic levels.

Unconstrained Preference:
   INPUT_SETUP PORT "reset" CLKPORT "clk" 

Report:    3.857ns delay reset to system/core/engine/SLICE_172 (3.583ns delay and 0.274ns setup)

   Name    Fanout   Delay (ns)          Site               Resource
PADI_DEL    ---     1.132          4.PAD to        4.PADDI reset
ROUTE       252     2.451        4.PADDI to     R8C18D.LSR reset_c (to clk_c)
                  --------
                    3.583   (31.6% logic, 68.4% route), 1 logic levels.

Unconstrained Preference:
   INPUT_SETUP PORT "reset" CLKPORT "clk" 

Report:    3.857ns delay reset to system/sequential.memory/SLICE_218 (3.583ns delay and 0.274ns setup)

   Name    Fanout   Delay (ns)          Site               Resource
PADI_DEL    ---     1.132          4.PAD to        4.PADDI reset
ROUTE       252     2.451        4.PADDI to      R9C5B.LSR reset_c (to clk_c)
                  --------
                    3.583   (31.6% logic, 68.4% route), 1 logic levels.

Unconstrained Preference:
   INPUT_SETUP PORT "reset" CLKPORT "clk" 

Report:    3.857ns delay reset to system/sequential.memory/SLICE_243 (3.583ns delay and 0.274ns setup)

   Name    Fanout   Delay (ns)          Site               Resource
PADI_DEL    ---     1.132          4.PAD to        4.PADDI reset
ROUTE       252     2.451        4.PADDI to      R8C5B.LSR reset_c (to clk_c)
                  --------
                    3.583   (31.6% logic, 68.4% route), 1 logic levels.

Unconstrained Preference:
   INPUT_SETUP PORT "reset" CLKPORT "clk" 

Report:    3.857ns delay reset to system/core/engine/dp/SLICE_180 (3.583ns delay and 0.274ns setup)

   Name    Fanout   Delay (ns)          Site               Resource
PADI_DEL    ---     1.132          4.PAD to        4.PADDI reset
ROUTE       252     2.451        4.PADDI to     R8C17A.LSR reset_c (to clk_c)
                  --------
                    3.583   (31.6% logic, 68.4% route), 1 logic levels.

Unconstrained Preference:
   INPUT_SETUP PORT "reset" CLKPORT "clk" 

Report:    3.857ns delay reset to system/core/engine/seq/SLICE_203 (3.583ns delay and 0.274ns setup)

   Name    Fanout   Delay (ns)          Site               Resource
PADI_DEL    ---     1.132          4.PAD to        4.PADDI reset
ROUTE       252     2.451        4.PADDI to      R2C6B.LSR reset_c (to clk_c)
                  --------
                    3.583   (31.6% logic, 68.4% route), 1 logic levels.

Unconstrained Preference:
   INPUT_SETUP PORT "reset" CLKPORT "clk" 

Report:    3.857ns delay reset to system/SLICE_208 (3.583ns delay and 0.274ns setup)

   Name    Fanout   Delay (ns)          Site               Resource
PADI_DEL    ---     1.132          4.PAD to        4.PADDI reset
ROUTE       252     2.451        4.PADDI to      R7C7D.LSR reset_c (to clk_c)
                  --------
                    3.583   (31.6% logic, 68.4% route), 1 logic levels.

Unconstrained Preference:
   INPUT_SETUP PORT "reset" CLKPORT "clk" 

Report:    3.857ns delay reset to system/core/engine/dp/SLICE_176 (3.583ns delay and 0.274ns setup)

   Name    Fanout   Delay (ns)          Site               Resource
PADI_DEL    ---     1.132          4.PAD to        4.PADDI reset
ROUTE       252     2.451        4.PADDI to     R8C16A.LSR reset_c (to clk_c)
                  --------
                    3.583   (31.6% logic, 68.4% route), 1 logic levels.

Unconstrained Preference:
   INPUT_SETUP PORT "reset" CLKPORT "clk" 

Report:    3.857ns delay reset to system/SLICE_50 (3.583ns delay and 0.274ns setup)

   Name    Fanout   Delay (ns)          Site               Resource
PADI_DEL    ---     1.132          4.PAD to        4.PADDI reset
ROUTE       252     2.451        4.PADDI to    R10C15B.LSR reset_c (to clk_c)
                  --------
                    3.583   (31.6% logic, 68.4% route), 1 logic levels.

Unconstrained Preference:
   INPUT_SETUP PORT "reset" CLKPORT "clk" 

Report:    3.857ns delay reset to system/core/engine/seq/SLICE_18 (3.583ns delay and 0.274ns setup)

   Name    Fanout   Delay (ns)          Site               Resource
PADI_DEL    ---     1.132          4.PAD to        4.PADDI reset
ROUTE       252     2.451        4.PADDI to      R2C8B.LSR reset_c (to clk_c)
                  --------
                    3.583   (31.6% logic, 68.4% route), 1 logic levels.

Unconstrained Preference:
   INPUT_SETUP PORT "reset" CLKPORT "clk" 

Report:    3.857ns delay reset to system/sequential.memory/SLICE_222 (3.583ns delay and 0.274ns setup)

   Name    Fanout   Delay (ns)          Site               Resource
PADI_DEL    ---     1.132          4.PAD to        4.PADDI reset
ROUTE       252     2.451        4.PADDI to     R10C7D.LSR reset_c (to clk_c)
                  --------
                    3.583   (31.6% logic, 68.4% route), 1 logic levels.

Unconstrained Preference:
   INPUT_SETUP PORT "reset" CLKPORT "clk" 

Report:    3.857ns delay reset to system/sequential.memory/transport/SLICE_251 (3.583ns delay and 0.274ns setup)

   Name    Fanout   Delay (ns)          Site               Resource
PADI_DEL    ---     1.132          4.PAD to        4.PADDI reset
ROUTE       252     2.451        4.PADDI to      R7C8D.LSR reset_c (to clk_c)
                  --------
                    3.583   (31.6% logic, 68.4% route), 1 logic levels.

Unconstrained Preference:
   INPUT_SETUP PORT "reset" CLKPORT "clk" 

Report:    3.857ns delay reset to system/core/engine/seq/SLICE_22 (3.583ns delay and 0.274ns setup)

   Name    Fanout   Delay (ns)          Site               Resource
PADI_DEL    ---     1.132          4.PAD to        4.PADDI reset
ROUTE       252     2.451        4.PADDI to      R2C7B.LSR reset_c (to clk_c)
                  --------
                    3.583   (31.6% logic, 68.4% route), 1 logic levels.

Unconstrained Preference:
   INPUT_SETUP PORT "reset" CLKPORT "clk" 

Report:    3.857ns delay reset to system/sequential.memory/transport/SLICE_184 (3.583ns delay and 0.274ns setup)

   Name    Fanout   Delay (ns)          Site               Resource
PADI_DEL    ---     1.132          4.PAD to        4.PADDI reset
ROUTE       252     2.451        4.PADDI to      R9C2C.LSR reset_c (to clk_c)
                  --------
                    3.583   (31.6% logic, 68.4% route), 1 logic levels.

Unconstrained Preference:
   INPUT_SETUP PORT "reset" CLKPORT "clk" 

Report:    3.857ns delay reset to system/sequential.memory/transport/SLICE_214 (3.583ns delay and 0.274ns setup)

   Name    Fanout   Delay (ns)          Site               Resource
PADI_DEL    ---     1.132          4.PAD to        4.PADDI reset
ROUTE       252     2.451        4.PADDI to     R10C2A.LSR reset_c (to clk_c)
                  --------
                    3.583   (31.6% logic, 68.4% route), 1 logic levels.

Unconstrained Preference:
   INPUT_SETUP PORT "reset" CLKPORT "clk" 

Report:    3.857ns delay reset to system/sequential.memory/transport/SLICE_230 (3.583ns delay and 0.274ns setup)

   Name    Fanout   Delay (ns)          Site               Resource
PADI_DEL    ---     1.132          4.PAD to        4.PADDI reset
ROUTE       252     2.451        4.PADDI to      R9C3A.LSR reset_c (to clk_c)
                  --------
                    3.583   (31.6% logic, 68.4% route), 1 logic levels.

Unconstrained Preference:
   INPUT_SETUP PORT "reset" CLKPORT "clk" 

Report:    3.857ns delay reset to system/core/engine/seq/SLICE_256 (3.583ns delay and 0.274ns setup)

   Name    Fanout   Delay (ns)          Site               Resource
PADI_DEL    ---     1.132          4.PAD to        4.PADDI reset
ROUTE       252     2.451        4.PADDI to      R5C8D.LSR reset_c (to clk_c)
                  --------
                    3.583   (31.6% logic, 68.4% route), 1 logic levels.

Unconstrained Preference:
   INPUT_SETUP PORT "reset" CLKPORT "clk" 

Report:    3.857ns delay reset to system/core/engine/SLICE_69 (3.583ns delay and 0.274ns setup)

   Name    Fanout   Delay (ns)          Site               Resource
PADI_DEL    ---     1.132          4.PAD to        4.PADDI reset
ROUTE       252     2.451        4.PADDI to     R2C13A.LSR reset_c (to clk_c)
                  --------
                    3.583   (31.6% logic, 68.4% route), 1 logic levels.

Unconstrained Preference:
   INPUT_SETUP PORT "reset" CLKPORT "clk" 

Report:    3.857ns delay reset to system/core/engine/status/SLICE_160 (3.583ns delay and 0.274ns setup)

   Name    Fanout   Delay (ns)          Site               Resource
PADI_DEL    ---     1.132          4.PAD to        4.PADDI reset
ROUTE       252     2.451        4.PADDI to     R8C16D.LSR reset_c (to clk_c)
                  --------
                    3.583   (31.6% logic, 68.4% route), 1 logic levels.

Unconstrained Preference:
   INPUT_SETUP PORT "reset" CLKPORT "clk" 

Report:    3.857ns delay reset to system/sequential.memory/SLICE_14 (3.583ns delay and 0.274ns setup)

   Name    Fanout   Delay (ns)          Site               Resource
PADI_DEL    ---     1.132          4.PAD to        4.PADDI reset
ROUTE       252     2.451        4.PADDI to     R10C9A.LSR reset_c (to clk_c)
                  --------
                    3.583   (31.6% logic, 68.4% route), 1 logic levels.

Unconstrained Preference:
   INPUT_SETUP PORT "reset" CLKPORT "clk" 

Report:    3.857ns delay reset to system/SLICE_60 (3.583ns delay and 0.274ns setup)

   Name    Fanout   Delay (ns)          Site               Resource
PADI_DEL    ---     1.132          4.PAD to        4.PADDI reset
ROUTE       252     2.451        4.PADDI to     R3C12B.LSR reset_c (to clk_c)
                  --------
                    3.583   (31.6% logic, 68.4% route), 1 logic levels.

Unconstrained Preference:
   INPUT_SETUP PORT "reset" CLKPORT "clk" 

Report:    3.840ns delay reset to system/sequential.memory/transport/SLICE_239 (3.674ns delay and 0.166ns setup)

   Name    Fanout   Delay (ns)          Site               Resource
PADI_DEL    ---     1.132          4.PAD to        4.PADDI reset
ROUTE       252     2.047        4.PADDI to       R8C3C.D0 reset_c
CTOF_DEL    ---     0.495       R8C3C.D0 to       R8C3C.F0 system/sequential.memory/transport/SLICE_239
ROUTE         1     0.000       R8C3C.F0 to      R8C3C.DI0 system/sequential.memory/transport/N_154_i (to clk_c)
                  --------
                    3.674   (44.3% logic, 55.7% route), 2 logic levels.

Unconstrained Preference:
   INPUT_SETUP PORT "reset" CLKPORT "clk" 

Report:    3.840ns delay reset to system/sequential.memory/transport/SLICE_239 (3.674ns delay and 0.166ns setup)

   Name    Fanout   Delay (ns)          Site               Resource
PADI_DEL    ---     1.132          4.PAD to        4.PADDI reset
ROUTE       252     2.047        4.PADDI to       R8C3C.D1 reset_c
CTOF_DEL    ---     0.495       R8C3C.D1 to       R8C3C.F1 system/sequential.memory/transport/SLICE_239
ROUTE         1     0.000       R8C3C.F1 to      R8C3C.DI1 system/sequential.memory/transport/N_152_i (to clk_c)
                  --------
                    3.674   (44.3% logic, 55.7% route), 2 logic levels.

Unconstrained Preference:
   INPUT_SETUP PORT "reset" CLKPORT "clk" 

Report:    3.834ns delay reset to system/sequential.memory/transport/SLICE_237 (3.668ns delay and 0.166ns setup)

   Name    Fanout   Delay (ns)          Site               Resource
PADI_DEL    ---     1.132          4.PAD to        4.PADDI reset
ROUTE       252     2.041        4.PADDI to      R10C4B.D0 reset_c
CTOF_DEL    ---     0.495      R10C4B.D0 to      R10C4B.F0 system/sequential.memory/transport/SLICE_237
ROUTE         1     0.000      R10C4B.F0 to     R10C4B.DI0 system/sequential.memory/transport/N_161_i (to clk_c)
                  --------
                    3.668   (44.4% logic, 55.6% route), 2 logic levels.

Unconstrained Preference:
   INPUT_SETUP PORT "reset" CLKPORT "clk" 

Report:    3.805ns delay reset to serial_in_MGIOL (3.722ns delay and 0.083ns setup)

   Name    Fanout   Delay (ns)          Site               Resource
PADI_DEL    ---     1.132          4.PAD to        4.PADDI reset
ROUTE       252     2.590        4.PADDI to   IOL_T12C.LSR reset_c (to clk_c)
                  --------
                    3.722   (30.4% logic, 69.6% route), 1 logic levels.

Unconstrained Preference:
   INPUT_SETUP PORT "serial_in" CLKPORT "clk" 

Report:    2.292ns delay serial_in to serial_in_MGIOL (1.697ns delay and 0.595ns setup)

   Name    Fanout   Delay (ns)          Site               Resource
PADI_DEL    ---     1.132         28.PAD to       28.PADDI serial_in
ROUTE         1     0.565       28.PADDI to    IOL_T12C.DI serial_in_c (to clk_c)
                  --------
                    1.697   (66.7% logic, 33.3% route), 1 logic levels.


================================================================================
Preference: Unconstrained: CLOCK_TO_OUT
            178 unconstrained paths found
--------------------------------------------------------------------------------

Unconstrained Preference:
   CLOCK_TO_OUT PORT "serial_out" CLKPORT "clk" 

Report:   15.284ns delay SLICE_519 to serial_out

   Name    Fanout   Delay (ns)          Site               Resource
REG_DEL     ---     0.452     R7C10D.CLK to      R7C10D.Q0 SLICE_519 (from clk_c)
ROUTE         1     2.274      R7C10D.Q0 to      R9C10C.B0 observe[54]
CTOF_DEL    ---     0.495      R9C10C.B0 to      R9C10C.F0 SLICE_227
ROUTE         1     2.521      R9C10C.F0 to      R5C11D.A0 serial_out_102
CTOF_DEL    ---     0.495      R5C11D.A0 to      R5C11D.F0 SLICE_527
ROUTE         1     2.500      R5C11D.F0 to      R8C14B.D0 serial_out_159
CTOF_DEL    ---     0.495      R8C14B.D0 to      R8C14B.F0 SLICE_522
ROUTE         1     1.079      R8C14B.F0 to      R9C15A.C0 serial_out_173
CTOF_DEL    ---     0.495      R9C15A.C0 to      R9C15A.F0 SLICE_521
ROUTE         1     1.681      R9C15A.F0 to       14.PADDO serial_out_c
DOPAD_DEL   ---     2.797       14.PADDO to         14.PAD serial_out
                  --------
                   15.284   (34.2% logic, 65.8% route), 6 logic levels.

Unconstrained Preference:
   CLOCK_TO_OUT PORT "serial_out" CLKPORT "clk" 

Report:   14.935ns delay SLICE_499 to serial_out

   Name    Fanout   Delay (ns)          Site               Resource
REG_DEL     ---     0.452     R9C11B.CLK to      R9C11B.Q0 SLICE_499 (from clk_c)
ROUTE         1     1.925      R9C11B.Q0 to      R9C10C.A0 observe[56]
CTOF_DEL    ---     0.495      R9C10C.A0 to      R9C10C.F0 SLICE_227
ROUTE         1     2.521      R9C10C.F0 to      R5C11D.A0 serial_out_102
CTOF_DEL    ---     0.495      R5C11D.A0 to      R5C11D.F0 SLICE_527
ROUTE         1     2.500      R5C11D.F0 to      R8C14B.D0 serial_out_159
CTOF_DEL    ---     0.495      R8C14B.D0 to      R8C14B.F0 SLICE_522
ROUTE         1     1.079      R8C14B.F0 to      R9C15A.C0 serial_out_173
CTOF_DEL    ---     0.495      R9C15A.C0 to      R9C15A.F0 SLICE_521
ROUTE         1     1.681      R9C15A.F0 to       14.PADDO serial_out_c
DOPAD_DEL   ---     2.797       14.PADDO to         14.PAD serial_out
                  --------
                   14.935   (35.0% logic, 65.0% route), 6 logic levels.

Unconstrained Preference:
   CLOCK_TO_OUT PORT "serial_out" CLKPORT "clk" 

Report:   14.286ns delay SLICE_499 to serial_out

   Name    Fanout   Delay (ns)          Site               Resource
REG_DEL     ---     0.452     R9C11B.CLK to      R9C11B.Q1 SLICE_499 (from clk_c)
ROUTE         1     2.412      R9C11B.Q1 to      R5C13B.D1 observe[57]
CTOF_DEL    ---     0.495      R5C13B.D1 to      R5C13B.F1 SLICE_621
ROUTE         1     1.385      R5C13B.F1 to      R5C11D.D0 serial_out_103
CTOF_DEL    ---     0.495      R5C11D.D0 to      R5C11D.F0 SLICE_527
ROUTE         1     2.500      R5C11D.F0 to      R8C14B.D0 serial_out_159
CTOF_DEL    ---     0.495      R8C14B.D0 to      R8C14B.F0 SLICE_522
ROUTE         1     1.079      R8C14B.F0 to      R9C15A.C0 serial_out_173
CTOF_DEL    ---     0.495      R9C15A.C0 to      R9C15A.F0 SLICE_521
ROUTE         1     1.681      R9C15A.F0 to       14.PADDO serial_out_c
DOPAD_DEL   ---     2.797       14.PADDO to         14.PAD serial_out
                  --------
                   14.286   (36.6% logic, 63.4% route), 6 logic levels.

Unconstrained Preference:
   CLOCK_TO_OUT PORT "serial_out" CLKPORT "clk" 

Report:   14.174ns delay SLICE_508 to serial_out

   Name    Fanout   Delay (ns)          Site               Resource
REG_DEL     ---     0.452     R4C12C.CLK to      R4C12C.Q0 SLICE_508 (from clk_c)
ROUTE         1     2.662      R4C12C.Q0 to      R5C13B.B0 observe[62]
CTOF_DEL    ---     0.495      R5C13B.B0 to      R5C13B.F0 SLICE_621
ROUTE         1     1.023      R5C13B.F0 to      R5C11D.B0 serial_out_104
CTOF_DEL    ---     0.495      R5C11D.B0 to      R5C11D.F0 SLICE_527
ROUTE         1     2.500      R5C11D.F0 to      R8C14B.D0 serial_out_159
CTOF_DEL    ---     0.495      R8C14B.D0 to      R8C14B.F0 SLICE_522
ROUTE         1     1.079      R8C14B.F0 to      R9C15A.C0 serial_out_173
CTOF_DEL    ---     0.495      R9C15A.C0 to      R9C15A.F0 SLICE_521
ROUTE         1     1.681      R9C15A.F0 to       14.PADDO serial_out_c
DOPAD_DEL   ---     2.797       14.PADDO to         14.PAD serial_out
                  --------
                   14.174   (36.9% logic, 63.1% route), 6 logic levels.

Unconstrained Preference:
   CLOCK_TO_OUT PORT "serial_out" CLKPORT "clk" 

Report:   14.096ns delay SLICE_84 to serial_out

   Name    Fanout   Delay (ns)          Site               Resource
REG_DEL     ---     0.452     R8C18A.CLK to      R8C18A.Q0 SLICE_84 (from clk_c)
ROUTE         1     2.558      R8C18A.Q0 to      R5C10B.B1 observe[17]
CTOF_DEL    ---     0.495      R5C10B.B1 to      R5C10B.F1 SLICE_229
ROUTE         1     2.912      R5C10B.F1 to     R10C15D.A1 serial_out_93
CTOF_DEL    ---     0.495     R10C15D.A1 to     R10C15D.F1 SLICE_329
ROUTE         1     1.023     R10C15D.F1 to      R9C15A.B1 serial_out_135
CTOF_DEL    ---     0.495      R9C15A.B1 to      R9C15A.F1 SLICE_521
ROUTE         1     0.693      R9C15A.F1 to      R9C15A.B0 serial_out_167
CTOF_DEL    ---     0.495      R9C15A.B0 to      R9C15A.F0 SLICE_521
ROUTE         1     1.681      R9C15A.F0 to       14.PADDO serial_out_c
DOPAD_DEL   ---     2.797       14.PADDO to         14.PAD serial_out
                  --------
                   14.096   (37.1% logic, 62.9% route), 6 logic levels.

Unconstrained Preference:
   CLOCK_TO_OUT PORT "serial_out" CLKPORT "clk" 

Report:   13.978ns delay SLICE_85 to serial_out

   Name    Fanout   Delay (ns)          Site               Resource
REG_DEL     ---     0.452     R7C11D.CLK to      R7C11D.Q0 SLICE_85 (from clk_c)
ROUTE         1     2.440      R7C11D.Q0 to      R5C10B.A1 observe[19]
CTOF_DEL    ---     0.495      R5C10B.A1 to      R5C10B.F1 SLICE_229
ROUTE         1     2.912      R5C10B.F1 to     R10C15D.A1 serial_out_93
CTOF_DEL    ---     0.495     R10C15D.A1 to     R10C15D.F1 SLICE_329
ROUTE         1     1.023     R10C15D.F1 to      R9C15A.B1 serial_out_135
CTOF_DEL    ---     0.495      R9C15A.B1 to      R9C15A.F1 SLICE_521
ROUTE         1     0.693      R9C15A.F1 to      R9C15A.B0 serial_out_167
CTOF_DEL    ---     0.495      R9C15A.B0 to      R9C15A.F0 SLICE_521
ROUTE         1     1.681      R9C15A.F0 to       14.PADDO serial_out_c
DOPAD_DEL   ---     2.797       14.PADDO to         14.PAD serial_out
                  --------
                   13.978   (37.4% logic, 62.6% route), 6 logic levels.

Unconstrained Preference:
   CLOCK_TO_OUT PORT "serial_out" CLKPORT "clk" 

Report:   13.933ns delay SLICE_509 to serial_out

   Name    Fanout   Delay (ns)          Site               Resource
REG_DEL     ---     0.452     R9C12B.CLK to      R9C12B.Q1 SLICE_509 (from clk_c)
ROUTE         1     2.059      R9C12B.Q1 to      R5C13B.B1 observe[59]
CTOF_DEL    ---     0.495      R5C13B.B1 to      R5C13B.F1 SLICE_621
ROUTE         1     1.385      R5C13B.F1 to      R5C11D.D0 serial_out_103
CTOF_DEL    ---     0.495      R5C11D.D0 to      R5C11D.F0 SLICE_527
ROUTE         1     2.500      R5C11D.F0 to      R8C14B.D0 serial_out_159
CTOF_DEL    ---     0.495      R8C14B.D0 to      R8C14B.F0 SLICE_522
ROUTE         1     1.079      R8C14B.F0 to      R9C15A.C0 serial_out_173
CTOF_DEL    ---     0.495      R9C15A.C0 to      R9C15A.F0 SLICE_521
ROUTE         1     1.681      R9C15A.F0 to       14.PADDO serial_out_c
DOPAD_DEL   ---     2.797       14.PADDO to         14.PAD serial_out
                  --------
                   13.933   (37.5% logic, 62.5% route), 6 logic levels.

Unconstrained Preference:
   CLOCK_TO_OUT PORT "serial_out" CLKPORT "clk" 

Report:   13.776ns delay SLICE_511 to serial_out

   Name    Fanout   Delay (ns)          Site               Resource
REG_DEL     ---     0.452     R9C12A.CLK to      R9C12A.Q1 SLICE_511 (from clk_c)
ROUTE         1     0.766      R9C12A.Q1 to      R9C10C.C0 observe[53]
CTOF_DEL    ---     0.495      R9C10C.C0 to      R9C10C.F0 SLICE_227
ROUTE         1     2.521      R9C10C.F0 to      R5C11D.A0 serial_out_102
CTOF_DEL    ---     0.495      R5C11D.A0 to      R5C11D.F0 SLICE_527
ROUTE         1     2.500      R5C11D.F0 to      R8C14B.D0 serial_out_159
CTOF_DEL    ---     0.495      R8C14B.D0 to      R8C14B.F0 SLICE_522
ROUTE         1     1.079      R8C14B.F0 to      R9C15A.C0 serial_out_173
CTOF_DEL    ---     0.495      R9C15A.C0 to      R9C15A.F0 SLICE_521
ROUTE         1     1.681      R9C15A.F0 to       14.PADDO serial_out_c
DOPAD_DEL   ---     2.797       14.PADDO to         14.PAD serial_out
                  --------
                   13.776   (38.0% logic, 62.0% route), 6 logic levels.

Unconstrained Preference:
   CLOCK_TO_OUT PORT "serial_out" CLKPORT "clk" 

Report:   13.729ns delay SLICE_508 to serial_out

   Name    Fanout   Delay (ns)          Site               Resource
REG_DEL     ---     0.452     R4C12C.CLK to      R4C12C.Q1 SLICE_508 (from clk_c)
ROUTE         1     2.217      R4C12C.Q1 to      R5C13B.A0 observe[63]
CTOF_DEL    ---     0.495      R5C13B.A0 to      R5C13B.F0 SLICE_621
ROUTE         1     1.023      R5C13B.F0 to      R5C11D.B0 serial_out_104
CTOF_DEL    ---     0.495      R5C11D.B0 to      R5C11D.F0 SLICE_527
ROUTE         1     2.500      R5C11D.F0 to      R8C14B.D0 serial_out_159
CTOF_DEL    ---     0.495      R8C14B.D0 to      R8C14B.F0 SLICE_522
ROUTE         1     1.079      R8C14B.F0 to      R9C15A.C0 serial_out_173
CTOF_DEL    ---     0.495      R9C15A.C0 to      R9C15A.F0 SLICE_521
ROUTE         1     1.681      R9C15A.F0 to       14.PADDO serial_out_c
DOPAD_DEL   ---     2.797       14.PADDO to         14.PAD serial_out
                  --------
                   13.729   (38.1% logic, 61.9% route), 6 logic levels.

Unconstrained Preference:
   CLOCK_TO_OUT PORT "serial_out" CLKPORT "clk" 

Report:   13.691ns delay SLICE_509 to serial_out

   Name    Fanout   Delay (ns)          Site               Resource
REG_DEL     ---     0.452     R9C12B.CLK to      R9C12B.Q0 SLICE_509 (from clk_c)
ROUTE         1     1.817      R9C12B.Q0 to      R5C13B.A1 observe[58]
CTOF_DEL    ---     0.495      R5C13B.A1 to      R5C13B.F1 SLICE_621
ROUTE         1     1.385      R5C13B.F1 to      R5C11D.D0 serial_out_103
CTOF_DEL    ---     0.495      R5C11D.D0 to      R5C11D.F0 SLICE_527
ROUTE         1     2.500      R5C11D.F0 to      R8C14B.D0 serial_out_159
CTOF_DEL    ---     0.495      R8C14B.D0 to      R8C14B.F0 SLICE_522
ROUTE         1     1.079      R8C14B.F0 to      R9C15A.C0 serial_out_173
CTOF_DEL    ---     0.495      R9C15A.C0 to      R9C15A.F0 SLICE_521
ROUTE         1     1.681      R9C15A.F0 to       14.PADDO serial_out_c
DOPAD_DEL   ---     2.797       14.PADDO to         14.PAD serial_out
                  --------
                   13.691   (38.2% logic, 61.8% route), 6 logic levels.

Unconstrained Preference:
   CLOCK_TO_OUT PORT "serial_out" CLKPORT "clk" 

Report:   13.682ns delay SLICE_85 to serial_out

   Name    Fanout   Delay (ns)          Site               Resource
REG_DEL     ---     0.452     R7C11D.CLK to      R7C11D.Q1 SLICE_85 (from clk_c)
ROUTE         1     2.144      R7C11D.Q1 to      R5C10B.D1 observe[20]
CTOF_DEL    ---     0.495      R5C10B.D1 to      R5C10B.F1 SLICE_229
ROUTE         1     2.912      R5C10B.F1 to     R10C15D.A1 serial_out_93
CTOF_DEL    ---     0.495     R10C15D.A1 to     R10C15D.F1 SLICE_329
ROUTE         1     1.023     R10C15D.F1 to      R9C15A.B1 serial_out_135
CTOF_DEL    ---     0.495      R9C15A.B1 to      R9C15A.F1 SLICE_521
ROUTE         1     0.693      R9C15A.F1 to      R9C15A.B0 serial_out_167
CTOF_DEL    ---     0.495      R9C15A.B0 to      R9C15A.F0 SLICE_521
ROUTE         1     1.681      R9C15A.F0 to       14.PADDO serial_out_c
DOPAD_DEL   ---     2.797       14.PADDO to         14.PAD serial_out
                  --------
                   13.682   (38.2% logic, 61.8% route), 6 logic levels.

Unconstrained Preference:
   CLOCK_TO_OUT PORT "serial_out" CLKPORT "clk" 

Report:   13.656ns delay SLICE_611 to serial_out

   Name    Fanout   Delay (ns)          Site               Resource
REG_DEL     ---     0.452     R7C13C.CLK to      R7C13C.Q0 SLICE_611 (from clk_c)
ROUTE         1     1.810      R7C13C.Q0 to      R7C10C.A1 observe[38]
CTOF_DEL    ---     0.495      R7C10C.A1 to      R7C10C.F1 SLICE_228
ROUTE         1     1.895      R7C10C.F1 to     R10C12B.A0 serial_out_98
CTOF_DEL    ---     0.495     R10C12B.A0 to     R10C12B.F0 SLICE_526
ROUTE         1     1.962     R10C12B.F0 to      R8C14B.B0 serial_out_158
CTOF_DEL    ---     0.495      R8C14B.B0 to      R8C14B.F0 SLICE_522
ROUTE         1     1.079      R8C14B.F0 to      R9C15A.C0 serial_out_173
CTOF_DEL    ---     0.495      R9C15A.C0 to      R9C15A.F0 SLICE_521
ROUTE         1     1.681      R9C15A.F0 to       14.PADDO serial_out_c
DOPAD_DEL   ---     2.797       14.PADDO to         14.PAD serial_out
                  --------
                   13.656   (38.3% logic, 61.7% route), 6 logic levels.

Unconstrained Preference:
   CLOCK_TO_OUT PORT "serial_out" CLKPORT "clk" 

Report:   13.655ns delay SLICE_519 to serial_out

   Name    Fanout   Delay (ns)          Site               Resource
REG_DEL     ---     0.452     R7C10D.CLK to      R7C10D.Q1 SLICE_519 (from clk_c)
ROUTE         1     0.645      R7C10D.Q1 to      R9C10C.D0 observe[55]
CTOF_DEL    ---     0.495      R9C10C.D0 to      R9C10C.F0 SLICE_227
ROUTE         1     2.521      R9C10C.F0 to      R5C11D.A0 serial_out_102
CTOF_DEL    ---     0.495      R5C11D.A0 to      R5C11D.F0 SLICE_527
ROUTE         1     2.500      R5C11D.F0 to      R8C14B.D0 serial_out_159
CTOF_DEL    ---     0.495      R8C14B.D0 to      R8C14B.F0 SLICE_522
ROUTE         1     1.079      R8C14B.F0 to      R9C15A.C0 serial_out_173
CTOF_DEL    ---     0.495      R9C15A.C0 to      R9C15A.F0 SLICE_521
ROUTE         1     1.681      R9C15A.F0 to       14.PADDO serial_out_c
DOPAD_DEL   ---     2.797       14.PADDO to         14.PAD serial_out
                  --------
                   13.655   (38.3% logic, 61.7% route), 6 logic levels.

Unconstrained Preference:
   CLOCK_TO_OUT PORT "serial_out" CLKPORT "clk" 

Report:   13.466ns delay SLICE_520 to serial_out

   Name    Fanout   Delay (ns)          Site               Resource
REG_DEL     ---     0.452     R7C11A.CLK to      R7C11A.Q1 SLICE_520 (from clk_c)
ROUTE         1     2.132      R7C11A.Q1 to      R9C13D.C0 observe[77]
CTOF_DEL    ---     0.495      R9C13D.C0 to      R9C13D.F0 SLICE_620
ROUTE         1     1.420      R9C13D.F0 to      R9C12C.B0 serial_out_108
CTOF_DEL    ---     0.495      R9C12C.B0 to      R9C12C.F0 SLICE_528
ROUTE         1     1.925      R9C12C.F0 to      R8C14B.A0 serial_out_160
CTOF_DEL    ---     0.495      R8C14B.A0 to      R8C14B.F0 SLICE_522
ROUTE         1     1.079      R8C14B.F0 to      R9C15A.C0 serial_out_173
CTOF_DEL    ---     0.495      R9C15A.C0 to      R9C15A.F0 SLICE_521
ROUTE         1     1.681      R9C15A.F0 to       14.PADDO serial_out_c
DOPAD_DEL   ---     2.797       14.PADDO to         14.PAD serial_out
                  --------
                   13.466   (38.8% logic, 61.2% route), 6 logic levels.

Unconstrained Preference:
   CLOCK_TO_OUT PORT "serial_out" CLKPORT "clk" 

Report:   13.445ns delay SLICE_521 to serial_out

   Name    Fanout   Delay (ns)          Site               Resource
REG_DEL     ---     0.452     R9C15A.CLK to      R9C15A.Q1 SLICE_521 (from clk_c)
ROUTE         1     2.204      R9C15A.Q1 to     R10C11B.C0 observe[101]
CTOF_DEL    ---     0.495     R10C11B.C0 to     R10C11B.F0 SLICE_226
ROUTE         1     1.299     R10C11B.F0 to     R10C11D.A0 serial_out_114
CTOF_DEL    ---     0.495     R10C11D.A0 to     R10C11D.F0 SLICE_529
ROUTE         1     1.733     R10C11D.F0 to     R10C14D.B0 serial_out_162
CTOF_DEL    ---     0.495     R10C14D.B0 to     R10C14D.F0 SLICE_523
ROUTE         1     1.299     R10C14D.F0 to      R9C15A.A0 serial_out_174
CTOF_DEL    ---     0.495      R9C15A.A0 to      R9C15A.F0 SLICE_521
ROUTE         1     1.681      R9C15A.F0 to       14.PADDO serial_out_c
DOPAD_DEL   ---     2.797       14.PADDO to         14.PAD serial_out
                  --------
                   13.445   (38.9% logic, 61.1% route), 6 logic levels.

Unconstrained Preference:
   CLOCK_TO_OUT PORT "serial_out" CLKPORT "clk" 

Report:   13.331ns delay SLICE_84 to serial_out

   Name    Fanout   Delay (ns)          Site               Resource
REG_DEL     ---     0.452     R8C18A.CLK to      R8C18A.Q1 SLICE_84 (from clk_c)
ROUTE         1     1.793      R8C18A.Q1 to      R5C10B.C1 observe[18]
CTOF_DEL    ---     0.495      R5C10B.C1 to      R5C10B.F1 SLICE_229
ROUTE         1     2.912      R5C10B.F1 to     R10C15D.A1 serial_out_93
CTOF_DEL    ---     0.495     R10C15D.A1 to     R10C15D.F1 SLICE_329
ROUTE         1     1.023     R10C15D.F1 to      R9C15A.B1 serial_out_135
CTOF_DEL    ---     0.495      R9C15A.B1 to      R9C15A.F1 SLICE_521
ROUTE         1     0.693      R9C15A.F1 to      R9C15A.B0 serial_out_167
CTOF_DEL    ---     0.495      R9C15A.B0 to      R9C15A.F0 SLICE_521
ROUTE         1     1.681      R9C15A.F0 to       14.PADDO serial_out_c
DOPAD_DEL   ---     2.797       14.PADDO to         14.PAD serial_out
                  --------
                   13.331   (39.2% logic, 60.8% route), 6 logic levels.

Unconstrained Preference:
   CLOCK_TO_OUT PORT "serial_out" CLKPORT "clk" 

Report:   13.306ns delay SLICE_611 to serial_out

   Name    Fanout   Delay (ns)          Site               Resource
REG_DEL     ---     0.452     R7C13C.CLK to      R7C13C.Q1 SLICE_611 (from clk_c)
ROUTE         1     1.460      R7C13C.Q1 to      R7C10C.D1 observe[39]
CTOF_DEL    ---     0.495      R7C10C.D1 to      R7C10C.F1 SLICE_228
ROUTE         1     1.895      R7C10C.F1 to     R10C12B.A0 serial_out_98
CTOF_DEL    ---     0.495     R10C12B.A0 to     R10C12B.F0 SLICE_526
ROUTE         1     1.962     R10C12B.F0 to      R8C14B.B0 serial_out_158
CTOF_DEL    ---     0.495      R8C14B.B0 to      R8C14B.F0 SLICE_522
ROUTE         1     1.079      R8C14B.F0 to      R9C15A.C0 serial_out_173
CTOF_DEL    ---     0.495      R9C15A.C0 to      R9C15A.F0 SLICE_521
ROUTE         1     1.681      R9C15A.F0 to       14.PADDO serial_out_c
DOPAD_DEL   ---     2.797       14.PADDO to         14.PAD serial_out
                  --------
                   13.306   (39.3% logic, 60.7% route), 6 logic levels.

Unconstrained Preference:
   CLOCK_TO_OUT PORT "serial_out" CLKPORT "clk" 

Report:   13.287ns delay SLICE_327 to serial_out

   Name    Fanout   Delay (ns)          Site               Resource
REG_DEL     ---     0.452     R8C10C.CLK to      R8C10C.Q0 SLICE_327 (from clk_c)
ROUTE         1     2.362      R8C10C.Q0 to      R5C11D.B1 observe[68]
CTOF_DEL    ---     0.495      R5C11D.B1 to      R5C11D.F1 SLICE_527
ROUTE         1     0.436      R5C11D.F1 to      R5C11D.C0 serial_out_105
CTOF_DEL    ---     0.495      R5C11D.C0 to      R5C11D.F0 SLICE_527
ROUTE         1     2.500      R5C11D.F0 to      R8C14B.D0 serial_out_159
CTOF_DEL    ---     0.495      R8C14B.D0 to      R8C14B.F0 SLICE_522
ROUTE         1     1.079      R8C14B.F0 to      R9C15A.C0 serial_out_173
CTOF_DEL    ---     0.495      R9C15A.C0 to      R9C15A.F0 SLICE_521
ROUTE         1     1.681      R9C15A.F0 to       14.PADDO serial_out_c
DOPAD_DEL   ---     2.797       14.PADDO to         14.PAD serial_out
                  --------
                   13.287   (39.4% logic, 60.6% route), 6 logic levels.

Unconstrained Preference:
   CLOCK_TO_OUT PORT "serial_out" CLKPORT "clk" 

Report:   13.286ns delay SLICE_620 to serial_out

   Name    Fanout   Delay (ns)          Site               Resource
REG_DEL     ---     0.452     R9C13D.CLK to      R9C13D.Q0 SLICE_620 (from clk_c)
ROUTE         1     1.385      R9C13D.Q0 to      R8C14A.D1 observe[106]
CTOF_DEL    ---     0.495      R8C14A.D1 to      R8C14A.F1 SLICE_617
ROUTE         1     1.959      R8C14A.F1 to     R10C11D.D0 serial_out_115
CTOF_DEL    ---     0.495     R10C11D.D0 to     R10C11D.F0 SLICE_529
ROUTE         1     1.733     R10C11D.F0 to     R10C14D.B0 serial_out_162
CTOF_DEL    ---     0.495     R10C14D.B0 to     R10C14D.F0 SLICE_523
ROUTE         1     1.299     R10C14D.F0 to      R9C15A.A0 serial_out_174
CTOF_DEL    ---     0.495      R9C15A.A0 to      R9C15A.F0 SLICE_521
ROUTE         1     1.681      R9C15A.F0 to       14.PADDO serial_out_c
DOPAD_DEL   ---     2.797       14.PADDO to         14.PAD serial_out
                  --------
                   13.286   (39.4% logic, 60.6% route), 6 logic levels.

Unconstrained Preference:
   CLOCK_TO_OUT PORT "serial_out" CLKPORT "clk" 

Report:   13.259ns delay SLICE_621 to serial_out

   Name    Fanout   Delay (ns)          Site               Resource
REG_DEL     ---     0.452     R5C13B.CLK to      R5C13B.Q0 SLICE_621 (from clk_c)
ROUTE         1     2.018      R5C13B.Q0 to     R10C11B.B0 observe[104]
CTOF_DEL    ---     0.495     R10C11B.B0 to     R10C11B.F0 SLICE_226
ROUTE         1     1.299     R10C11B.F0 to     R10C11D.A0 serial_out_114
CTOF_DEL    ---     0.495     R10C11D.A0 to     R10C11D.F0 SLICE_529
ROUTE         1     1.733     R10C11D.F0 to     R10C14D.B0 serial_out_162
CTOF_DEL    ---     0.495     R10C14D.B0 to     R10C14D.F0 SLICE_523
ROUTE         1     1.299     R10C14D.F0 to      R9C15A.A0 serial_out_174
CTOF_DEL    ---     0.495      R9C15A.A0 to      R9C15A.F0 SLICE_521
ROUTE         1     1.681      R9C15A.F0 to       14.PADDO serial_out_c
DOPAD_DEL   ---     2.797       14.PADDO to         14.PAD serial_out
                  --------
                   13.259   (39.4% logic, 60.6% route), 6 logic levels.

Unconstrained Preference:
   CLOCK_TO_OUT PORT "serial_out" CLKPORT "clk" 

Report:   13.200ns delay SLICE_620 to serial_out

   Name    Fanout   Delay (ns)          Site               Resource
REG_DEL     ---     0.452     R9C13D.CLK to      R9C13D.Q1 SLICE_620 (from clk_c)
ROUTE         1     1.299      R9C13D.Q1 to      R8C14A.A1 observe[107]
CTOF_DEL    ---     0.495      R8C14A.A1 to      R8C14A.F1 SLICE_617
ROUTE         1     1.959      R8C14A.F1 to     R10C11D.D0 serial_out_115
CTOF_DEL    ---     0.495     R10C11D.D0 to     R10C11D.F0 SLICE_529
ROUTE         1     1.733     R10C11D.F0 to     R10C14D.B0 serial_out_162
CTOF_DEL    ---     0.495     R10C14D.B0 to     R10C14D.F0 SLICE_523
ROUTE         1     1.299     R10C14D.F0 to      R9C15A.A0 serial_out_174
CTOF_DEL    ---     0.495      R9C15A.A0 to      R9C15A.F0 SLICE_521
ROUTE         1     1.681      R9C15A.F0 to       14.PADDO serial_out_c
DOPAD_DEL   ---     2.797       14.PADDO to         14.PAD serial_out
                  --------
                   13.200   (39.6% logic, 60.4% route), 6 logic levels.

Unconstrained Preference:
   CLOCK_TO_OUT PORT "serial_out" CLKPORT "clk" 

Report:   13.195ns delay SLICE_621 to serial_out

   Name    Fanout   Delay (ns)          Site               Resource
REG_DEL     ---     0.452     R5C13B.CLK to      R5C13B.Q1 SLICE_621 (from clk_c)
ROUTE         1     1.294      R5C13B.Q1 to      R8C14A.C1 observe[105]
CTOF_DEL    ---     0.495      R8C14A.C1 to      R8C14A.F1 SLICE_617
ROUTE         1     1.959      R8C14A.F1 to     R10C11D.D0 serial_out_115
CTOF_DEL    ---     0.495     R10C11D.D0 to     R10C11D.F0 SLICE_529
ROUTE         1     1.733     R10C11D.F0 to     R10C14D.B0 serial_out_162
CTOF_DEL    ---     0.495     R10C14D.B0 to     R10C14D.F0 SLICE_523
ROUTE         1     1.299     R10C14D.F0 to      R9C15A.A0 serial_out_174
CTOF_DEL    ---     0.495      R9C15A.A0 to      R9C15A.F0 SLICE_521
ROUTE         1     1.681      R9C15A.F0 to       14.PADDO serial_out_c
DOPAD_DEL   ---     2.797       14.PADDO to         14.PAD serial_out
                  --------
                   13.195   (39.6% logic, 60.4% route), 6 logic levels.

Unconstrained Preference:
   CLOCK_TO_OUT PORT "serial_out" CLKPORT "clk" 

Report:   13.182ns delay SLICE_507 to serial_out

   Name    Fanout   Delay (ns)          Site               Resource
REG_DEL     ---     0.452     R8C11D.CLK to      R8C11D.Q1 SLICE_507 (from clk_c)
ROUTE         1     1.336      R8C11D.Q1 to      R7C10C.B1 observe[37]
CTOF_DEL    ---     0.495      R7C10C.B1 to      R7C10C.F1 SLICE_228
ROUTE         1     1.895      R7C10C.F1 to     R10C12B.A0 serial_out_98
CTOF_DEL    ---     0.495     R10C12B.A0 to     R10C12B.F0 SLICE_526
ROUTE         1     1.962     R10C12B.F0 to      R8C14B.B0 serial_out_158
CTOF_DEL    ---     0.495      R8C14B.B0 to      R8C14B.F0 SLICE_522
ROUTE         1     1.079      R8C14B.F0 to      R9C15A.C0 serial_out_173
CTOF_DEL    ---     0.495      R9C15A.C0 to      R9C15A.F0 SLICE_521
ROUTE         1     1.681      R9C15A.F0 to       14.PADDO serial_out_c
DOPAD_DEL   ---     2.797       14.PADDO to         14.PAD serial_out
                  --------
                   13.182   (39.7% logic, 60.3% route), 6 logic levels.

Unconstrained Preference:
   CLOCK_TO_OUT PORT "serial_out" CLKPORT "clk" 

Report:   13.174ns delay SLICE_584 to serial_out

   Name    Fanout   Delay (ns)          Site               Resource
REG_DEL     ---     0.452     R9C11D.CLK to      R9C11D.Q0 SLICE_584 (from clk_c)
ROUTE         1     2.274      R9C11D.Q0 to      R9C10C.B1 observe[72]
CTOF_DEL    ---     0.495      R9C10C.B1 to      R9C10C.F1 SLICE_227
ROUTE         1     0.986      R9C10C.F1 to      R9C12C.A0 serial_out_106
CTOF_DEL    ---     0.495      R9C12C.A0 to      R9C12C.F0 SLICE_528
ROUTE         1     1.925      R9C12C.F0 to      R8C14B.A0 serial_out_160
CTOF_DEL    ---     0.495      R8C14B.A0 to      R8C14B.F0 SLICE_522
ROUTE         1     1.079      R8C14B.F0 to      R9C15A.C0 serial_out_173
CTOF_DEL    ---     0.495      R9C15A.C0 to      R9C15A.F0 SLICE_521
ROUTE         1     1.681      R9C15A.F0 to       14.PADDO serial_out_c
DOPAD_DEL   ---     2.797       14.PADDO to         14.PAD serial_out
                  --------
                   13.174   (39.7% logic, 60.3% route), 6 logic levels.

Unconstrained Preference:
   CLOCK_TO_OUT PORT "serial_out" CLKPORT "clk" 

Report:   13.172ns delay SLICE_505 to serial_out

   Name    Fanout   Delay (ns)          Site               Resource
REG_DEL     ---     0.452     R9C10B.CLK to      R9C10B.Q0 SLICE_505 (from clk_c)
ROUTE         1     1.838      R9C10B.Q0 to      R9C13D.B0 observe[80]
CTOF_DEL    ---     0.495      R9C13D.B0 to      R9C13D.F0 SLICE_620
ROUTE         1     1.420      R9C13D.F0 to      R9C12C.B0 serial_out_108
CTOF_DEL    ---     0.495      R9C12C.B0 to      R9C12C.F0 SLICE_528
ROUTE         1     1.925      R9C12C.F0 to      R8C14B.A0 serial_out_160
CTOF_DEL    ---     0.495      R8C14B.A0 to      R8C14B.F0 SLICE_522
ROUTE         1     1.079      R8C14B.F0 to      R9C15A.C0 serial_out_173
CTOF_DEL    ---     0.495      R9C15A.C0 to      R9C15A.F0 SLICE_521
ROUTE         1     1.681      R9C15A.F0 to       14.PADDO serial_out_c
DOPAD_DEL   ---     2.797       14.PADDO to         14.PAD serial_out
                  --------
                   13.172   (39.7% logic, 60.3% route), 6 logic levels.

Unconstrained Preference:
   CLOCK_TO_OUT PORT "serial_out" CLKPORT "clk" 

Report:   12.905ns delay SLICE_619 to serial_out

   Name    Fanout   Delay (ns)          Site               Resource
REG_DEL     ---     0.452     R8C14D.CLK to      R8C14D.Q0 SLICE_619 (from clk_c)
ROUTE         1     1.004      R8C14D.Q0 to      R8C14A.B1 observe[108]
CTOF_DEL    ---     0.495      R8C14A.B1 to      R8C14A.F1 SLICE_617
ROUTE         1     1.959      R8C14A.F1 to     R10C11D.D0 serial_out_115
CTOF_DEL    ---     0.495     R10C11D.D0 to     R10C11D.F0 SLICE_529
ROUTE         1     1.733     R10C11D.F0 to     R10C14D.B0 serial_out_162
CTOF_DEL    ---     0.495     R10C14D.B0 to     R10C14D.F0 SLICE_523
ROUTE         1     1.299     R10C14D.F0 to      R9C15A.A0 serial_out_174
CTOF_DEL    ---     0.495      R9C15A.A0 to      R9C15A.F0 SLICE_521
ROUTE         1     1.681      R9C15A.F0 to       14.PADDO serial_out_c
DOPAD_DEL   ---     2.797       14.PADDO to         14.PAD serial_out
                  --------
                   12.905   (40.5% logic, 59.5% route), 6 logic levels.

Unconstrained Preference:
   CLOCK_TO_OUT PORT "serial_out" CLKPORT "clk" 

Report:   12.897ns delay SLICE_527 to serial_out

   Name    Fanout   Delay (ns)          Site               Resource
REG_DEL     ---     0.452     R5C11D.CLK to      R5C11D.Q0 SLICE_527 (from clk_c)
ROUTE         1     2.582      R5C11D.Q0 to     R10C11A.D1 observe[130]
CTOF_DEL    ---     0.495     R10C11A.D1 to     R10C11A.F1 SLICE_530
ROUTE         1     0.693     R10C11A.F1 to     R10C11A.B0 serial_out_121
CTOF_DEL    ---     0.495     R10C11A.B0 to     R10C11A.F0 SLICE_530
ROUTE         1     1.413     R10C11A.F0 to     R10C14D.A0 serial_out_163
CTOF_DEL    ---     0.495     R10C14D.A0 to     R10C14D.F0 SLICE_523
ROUTE         1     1.299     R10C14D.F0 to      R9C15A.A0 serial_out_174
CTOF_DEL    ---     0.495      R9C15A.A0 to      R9C15A.F0 SLICE_521
ROUTE         1     1.681      R9C15A.F0 to       14.PADDO serial_out_c
DOPAD_DEL   ---     2.797       14.PADDO to         14.PAD serial_out
                  --------
                   12.897   (40.5% logic, 59.5% route), 6 logic levels.

Unconstrained Preference:
   CLOCK_TO_OUT PORT "serial_out" CLKPORT "clk" 

Report:   12.790ns delay SLICE_625 to serial_out

   Name    Fanout   Delay (ns)          Site               Resource
REG_DEL     ---     0.452     R4C13A.CLK to      R4C13A.Q1 SLICE_625 (from clk_c)
ROUTE         1     1.278      R4C13A.Q1 to      R5C13B.C0 observe[61]
CTOF_DEL    ---     0.495      R5C13B.C0 to      R5C13B.F0 SLICE_621
ROUTE         1     1.023      R5C13B.F0 to      R5C11D.B0 serial_out_104
CTOF_DEL    ---     0.495      R5C11D.B0 to      R5C11D.F0 SLICE_527
ROUTE         1     2.500      R5C11D.F0 to      R8C14B.D0 serial_out_159
CTOF_DEL    ---     0.495      R8C14B.D0 to      R8C14B.F0 SLICE_522
ROUTE         1     1.079      R8C14B.F0 to      R9C15A.C0 serial_out_173
CTOF_DEL    ---     0.495      R9C15A.C0 to      R9C15A.F0 SLICE_521
ROUTE         1     1.681      R9C15A.F0 to       14.PADDO serial_out_c
DOPAD_DEL   ---     2.797       14.PADDO to         14.PAD serial_out
                  --------
                   12.790   (40.9% logic, 59.1% route), 6 logic levels.

Unconstrained Preference:
   CLOCK_TO_OUT PORT "serial_out" CLKPORT "clk" 

Report:   12.784ns delay SLICE_618 to serial_out

   Name    Fanout   Delay (ns)          Site               Resource
REG_DEL     ---     0.452     R8C14C.CLK to      R8C14C.Q0 SLICE_618 (from clk_c)
ROUTE         1     1.004      R8C14C.Q0 to      R8C14A.B0 observe[110]
CTOF_DEL    ---     0.495      R8C14A.B0 to      R8C14A.F0 SLICE_617
ROUTE         1     1.838      R8C14A.F0 to     R10C11D.B0 serial_out_116
CTOF_DEL    ---     0.495     R10C11D.B0 to     R10C11D.F0 SLICE_529
ROUTE         1     1.733     R10C11D.F0 to     R10C14D.B0 serial_out_162
CTOF_DEL    ---     0.495     R10C14D.B0 to     R10C14D.F0 SLICE_523
ROUTE         1     1.299     R10C14D.F0 to      R9C15A.A0 serial_out_174
CTOF_DEL    ---     0.495      R9C15A.A0 to      R9C15A.F0 SLICE_521
ROUTE         1     1.681      R9C15A.F0 to       14.PADDO serial_out_c
DOPAD_DEL   ---     2.797       14.PADDO to         14.PAD serial_out
                  --------
                   12.784   (40.9% logic, 59.1% route), 6 logic levels.

Unconstrained Preference:
   CLOCK_TO_OUT PORT "serial_out" CLKPORT "clk" 

Report:   12.767ns delay SLICE_617 to serial_out

   Name    Fanout   Delay (ns)          Site               Resource
REG_DEL     ---     0.452     R8C14A.CLK to      R8C14A.Q1 SLICE_617 (from clk_c)
ROUTE         1     2.389      R8C14A.Q1 to     R10C11D.B1 observe[113]
CTOF_DEL    ---     0.495     R10C11D.B1 to     R10C11D.F1 SLICE_529
ROUTE         1     0.436     R10C11D.F1 to     R10C11D.C0 serial_out_117
CTOF_DEL    ---     0.495     R10C11D.C0 to     R10C11D.F0 SLICE_529
ROUTE         1     1.733     R10C11D.F0 to     R10C14D.B0 serial_out_162
CTOF_DEL    ---     0.495     R10C14D.B0 to     R10C14D.F0 SLICE_523
ROUTE         1     1.299     R10C14D.F0 to      R9C15A.A0 serial_out_174
CTOF_DEL    ---     0.495      R9C15A.A0 to      R9C15A.F0 SLICE_521
ROUTE         1     1.681      R9C15A.F0 to       14.PADDO serial_out_c
DOPAD_DEL   ---     2.797       14.PADDO to         14.PAD serial_out
                  --------
                   12.767   (41.0% logic, 59.0% route), 6 logic levels.

Unconstrained Preference:
   CLOCK_TO_OUT PORT "serial_out" CLKPORT "clk" 

Report:   12.725ns delay SLICE_504 to serial_out

   Name    Fanout   Delay (ns)          Site               Resource
REG_DEL     ---     0.452     R5C13C.CLK to      R5C13C.Q0 SLICE_504 (from clk_c)
ROUTE         1     2.375      R5C13C.Q0 to      R9C12C.B1 observe[82]
CTOF_DEL    ---     0.495      R9C12C.B1 to      R9C12C.F1 SLICE_528
ROUTE         1     0.436      R9C12C.F1 to      R9C12C.C0 serial_out_109
CTOF_DEL    ---     0.495      R9C12C.C0 to      R9C12C.F0 SLICE_528
ROUTE         1     1.925      R9C12C.F0 to      R8C14B.A0 serial_out_160
CTOF_DEL    ---     0.495      R8C14B.A0 to      R8C14B.F0 SLICE_522
ROUTE         1     1.079      R8C14B.F0 to      R9C15A.C0 serial_out_173
CTOF_DEL    ---     0.495      R9C15A.C0 to      R9C15A.F0 SLICE_521
ROUTE         1     1.681      R9C15A.F0 to       14.PADDO serial_out_c
DOPAD_DEL   ---     2.797       14.PADDO to         14.PAD serial_out
                  --------
                   12.725   (41.1% logic, 58.9% route), 6 logic levels.

Unconstrained Preference:
   CLOCK_TO_OUT PORT "serial_out" CLKPORT "clk" 

Report:   12.722ns delay SLICE_587 to serial_out

   Name    Fanout   Delay (ns)          Site               Resource
REG_DEL     ---     0.452     R4C13C.CLK to      R4C13C.Q0 SLICE_587 (from clk_c)
ROUTE         1     2.456      R4C13C.Q0 to     R10C12C.B0 observe[48]
CTOF_DEL    ---     0.495     R10C12C.B0 to     R10C12C.F0 SLICE_622
ROUTE         1     0.315     R10C12C.F0 to     R10C12B.D0 serial_out_100
CTOF_DEL    ---     0.495     R10C12B.D0 to     R10C12B.F0 SLICE_526
ROUTE         1     1.962     R10C12B.F0 to      R8C14B.B0 serial_out_158
CTOF_DEL    ---     0.495      R8C14B.B0 to      R8C14B.F0 SLICE_522
ROUTE         1     1.079      R8C14B.F0 to      R9C15A.C0 serial_out_173
CTOF_DEL    ---     0.495      R9C15A.C0 to      R9C15A.F0 SLICE_521
ROUTE         1     1.681      R9C15A.F0 to       14.PADDO serial_out_c
DOPAD_DEL   ---     2.797       14.PADDO to         14.PAD serial_out
                  --------
                   12.722   (41.1% logic, 58.9% route), 6 logic levels.

Unconstrained Preference:
   CLOCK_TO_OUT PORT "serial_out" CLKPORT "clk" 

Report:   12.719ns delay SLICE_517 to serial_out

   Name    Fanout   Delay (ns)          Site               Resource
REG_DEL     ---     0.452     R9C13B.CLK to      R9C13B.Q0 SLICE_517 (from clk_c)
ROUTE         1     1.385      R9C13B.Q0 to      R9C13D.D0 observe[78]
CTOF_DEL    ---     0.495      R9C13D.D0 to      R9C13D.F0 SLICE_620
ROUTE         1     1.420      R9C13D.F0 to      R9C12C.B0 serial_out_108
CTOF_DEL    ---     0.495      R9C12C.B0 to      R9C12C.F0 SLICE_528
ROUTE         1     1.925      R9C12C.F0 to      R8C14B.A0 serial_out_160
CTOF_DEL    ---     0.495      R8C14B.A0 to      R8C14B.F0 SLICE_522
ROUTE         1     1.079      R8C14B.F0 to      R9C15A.C0 serial_out_173
CTOF_DEL    ---     0.495      R9C15A.C0 to      R9C15A.F0 SLICE_521
ROUTE         1     1.681      R9C15A.F0 to       14.PADDO serial_out_c
DOPAD_DEL   ---     2.797       14.PADDO to         14.PAD serial_out
                  --------
                   12.719   (41.1% logic, 58.9% route), 6 logic levels.

Unconstrained Preference:
   CLOCK_TO_OUT PORT "serial_out" CLKPORT "clk" 

Report:   12.712ns delay SLICE_587 to serial_out

   Name    Fanout   Delay (ns)          Site               Resource
REG_DEL     ---     0.452     R4C13C.CLK to      R4C13C.Q1 SLICE_587 (from clk_c)
ROUTE         1     2.325      R4C13C.Q1 to     R10C12B.A1 observe[49]
CTOF_DEL    ---     0.495     R10C12B.A1 to     R10C12B.F1 SLICE_526
ROUTE         1     0.436     R10C12B.F1 to     R10C12B.C0 serial_out_101
CTOF_DEL    ---     0.495     R10C12B.C0 to     R10C12B.F0 SLICE_526
ROUTE         1     1.962     R10C12B.F0 to      R8C14B.B0 serial_out_158
CTOF_DEL    ---     0.495      R8C14B.B0 to      R8C14B.F0 SLICE_522
ROUTE         1     1.079      R8C14B.F0 to      R9C15A.C0 serial_out_173
CTOF_DEL    ---     0.495      R9C15A.C0 to      R9C15A.F0 SLICE_521
ROUTE         1     1.681      R9C15A.F0 to       14.PADDO serial_out_c
DOPAD_DEL   ---     2.797       14.PADDO to         14.PAD serial_out
                  --------
                   12.712   (41.1% logic, 58.9% route), 6 logic levels.

Unconstrained Preference:
   CLOCK_TO_OUT PORT "serial_out" CLKPORT "clk" 

Report:   12.656ns delay SLICE_514 to serial_out

   Name    Fanout   Delay (ns)          Site               Resource
REG_DEL     ---     0.452     R8C12D.CLK to      R8C12D.Q1 SLICE_514 (from clk_c)
ROUTE         1     2.393      R8C12D.Q1 to      R8C10B.B0 observe[29]
CTOF_DEL    ---     0.495      R8C10B.B0 to      R8C10B.F0 SLICE_623
ROUTE         1     1.004      R8C10B.F0 to      R8C10D.B0 serial_out_96
CTOF_DEL    ---     0.495      R8C10D.B0 to      R8C10D.F0 SLICE_525
ROUTE         1     1.656      R8C10D.F0 to      R9C15A.D1 serial_out_157
CTOF_DEL    ---     0.495      R9C15A.D1 to      R9C15A.F1 SLICE_521
ROUTE         1     0.693      R9C15A.F1 to      R9C15A.B0 serial_out_167
CTOF_DEL    ---     0.495      R9C15A.B0 to      R9C15A.F0 SLICE_521
ROUTE         1     1.681      R9C15A.F0 to       14.PADDO serial_out_c
DOPAD_DEL   ---     2.797       14.PADDO to         14.PAD serial_out
                  --------
                   12.656   (41.3% logic, 58.7% route), 6 logic levels.

Unconstrained Preference:
   CLOCK_TO_OUT PORT "serial_out" CLKPORT "clk" 

Report:   12.641ns delay SLICE_528 to serial_out

   Name    Fanout   Delay (ns)          Site               Resource
REG_DEL     ---     0.452     R9C12C.CLK to      R9C12C.Q1 SLICE_528 (from clk_c)
ROUTE         1     1.847      R9C12C.Q1 to       R9C9C.B1 observe[133]
CTOF_DEL    ---     0.495       R9C9C.B1 to       R9C9C.F1 SLICE_210
ROUTE         1     1.962       R9C9C.F1 to     R10C13D.B0 serial_out_122
CTOF_DEL    ---     0.495     R10C13D.B0 to     R10C13D.F0 SLICE_531
ROUTE         1     0.623     R10C13D.F0 to     R10C14D.D0 serial_out_164
CTOF_DEL    ---     0.495     R10C14D.D0 to     R10C14D.F0 SLICE_523
ROUTE         1     1.299     R10C14D.F0 to      R9C15A.A0 serial_out_174
CTOF_DEL    ---     0.495      R9C15A.A0 to      R9C15A.F0 SLICE_521
ROUTE         1     1.681      R9C15A.F0 to       14.PADDO serial_out_c
DOPAD_DEL   ---     2.797       14.PADDO to         14.PAD serial_out
                  --------
                   12.641   (41.4% logic, 58.6% route), 6 logic levels.

Unconstrained Preference:
   CLOCK_TO_OUT PORT "serial_out" CLKPORT "clk" 

Report:   12.618ns delay SLICE_625 to serial_out

   Name    Fanout   Delay (ns)          Site               Resource
REG_DEL     ---     0.452     R4C13A.CLK to      R4C13A.Q0 SLICE_625 (from clk_c)
ROUTE         1     0.744      R4C13A.Q0 to      R5C13B.C1 observe[60]
CTOF_DEL    ---     0.495      R5C13B.C1 to      R5C13B.F1 SLICE_621
ROUTE         1     1.385      R5C13B.F1 to      R5C11D.D0 serial_out_103
CTOF_DEL    ---     0.495      R5C11D.D0 to      R5C11D.F0 SLICE_527
ROUTE         1     2.500      R5C11D.F0 to      R8C14B.D0 serial_out_159
CTOF_DEL    ---     0.495      R8C14B.D0 to      R8C14B.F0 SLICE_522
ROUTE         1     1.079      R8C14B.F0 to      R9C15A.C0 serial_out_173
CTOF_DEL    ---     0.495      R9C15A.C0 to      R9C15A.F0 SLICE_521
ROUTE         1     1.681      R9C15A.F0 to       14.PADDO serial_out_c
DOPAD_DEL   ---     2.797       14.PADDO to         14.PAD serial_out
                  --------
                   12.618   (41.4% logic, 58.6% route), 6 logic levels.

Unconstrained Preference:
   CLOCK_TO_OUT PORT "serial_out" CLKPORT "clk" 

Report:   12.606ns delay SLICE_626 to serial_out

   Name    Fanout   Delay (ns)          Site               Resource
REG_DEL     ---     0.452     R8C11B.CLK to      R8C11B.Q0 SLICE_626 (from clk_c)
ROUTE         1     1.962      R8C11B.Q0 to     R10C12C.B1 observe[44]
CTOF_DEL    ---     0.495     R10C12C.B1 to     R10C12C.F1 SLICE_622
ROUTE         1     0.693     R10C12C.F1 to     R10C12B.B0 serial_out_99
CTOF_DEL    ---     0.495     R10C12B.B0 to     R10C12B.F0 SLICE_526
ROUTE         1     1.962     R10C12B.F0 to      R8C14B.B0 serial_out_158
CTOF_DEL    ---     0.495      R8C14B.B0 to      R8C14B.F0 SLICE_522
ROUTE         1     1.079      R8C14B.F0 to      R9C15A.C0 serial_out_173
CTOF_DEL    ---     0.495      R9C15A.C0 to      R9C15A.F0 SLICE_521
ROUTE         1     1.681      R9C15A.F0 to       14.PADDO serial_out_c
DOPAD_DEL   ---     2.797       14.PADDO to         14.PAD serial_out
                  --------
                   12.606   (41.5% logic, 58.5% route), 6 logic levels.

Unconstrained Preference:
   CLOCK_TO_OUT PORT "serial_out" CLKPORT "clk" 

Report:   12.595ns delay SLICE_529 to serial_out

   Name    Fanout   Delay (ns)          Site               Resource
REG_DEL     ---     0.452    R10C11D.CLK to     R10C11D.Q0 SLICE_529 (from clk_c)
ROUTE         1     1.801     R10C11D.Q0 to       R9C9C.A1 observe[136]
CTOF_DEL    ---     0.495       R9C9C.A1 to       R9C9C.F1 SLICE_210
ROUTE         1     1.962       R9C9C.F1 to     R10C13D.B0 serial_out_122
CTOF_DEL    ---     0.495     R10C13D.B0 to     R10C13D.F0 SLICE_531
ROUTE         1     0.623     R10C13D.F0 to     R10C14D.D0 serial_out_164
CTOF_DEL    ---     0.495     R10C14D.D0 to     R10C14D.F0 SLICE_523
ROUTE         1     1.299     R10C14D.F0 to      R9C15A.A0 serial_out_174
CTOF_DEL    ---     0.495      R9C15A.A0 to      R9C15A.F0 SLICE_521
ROUTE         1     1.681      R9C15A.F0 to       14.PADDO serial_out_c
DOPAD_DEL   ---     2.797       14.PADDO to         14.PAD serial_out
                  --------
                   12.595   (41.5% logic, 58.5% route), 6 logic levels.

Unconstrained Preference:
   CLOCK_TO_OUT PORT "serial_out" CLKPORT "clk" 

Report:   12.590ns delay SLICE_513 to serial_out

   Name    Fanout   Delay (ns)          Site               Resource
REG_DEL     ---     0.452     R7C11C.CLK to      R7C11C.Q0 SLICE_513 (from clk_c)
ROUTE         1     0.744      R7C11C.Q0 to      R7C10C.C1 observe[40]
CTOF_DEL    ---     0.495      R7C10C.C1 to      R7C10C.F1 SLICE_228
ROUTE         1     1.895      R7C10C.F1 to     R10C12B.A0 serial_out_98
CTOF_DEL    ---     0.495     R10C12B.A0 to     R10C12B.F0 SLICE_526
ROUTE         1     1.962     R10C12B.F0 to      R8C14B.B0 serial_out_158
CTOF_DEL    ---     0.495      R8C14B.B0 to      R8C14B.F0 SLICE_522
ROUTE         1     1.079      R8C14B.F0 to      R9C15A.C0 serial_out_173
CTOF_DEL    ---     0.495      R9C15A.C0 to      R9C15A.F0 SLICE_521
ROUTE         1     1.681      R9C15A.F0 to       14.PADDO serial_out_c
DOPAD_DEL   ---     2.797       14.PADDO to         14.PAD serial_out
                  --------
                   12.590   (41.5% logic, 58.5% route), 6 logic levels.

Unconstrained Preference:
   CLOCK_TO_OUT PORT "serial_out" CLKPORT "clk" 

Report:   12.530ns delay SLICE_504 to serial_out

   Name    Fanout   Delay (ns)          Site               Resource
REG_DEL     ---     0.452     R5C13C.CLK to      R5C13C.Q1 SLICE_504 (from clk_c)
ROUTE         1     2.180      R5C13C.Q1 to      R9C12C.D1 observe[83]
CTOF_DEL    ---     0.495      R9C12C.D1 to      R9C12C.F1 SLICE_528
ROUTE         1     0.436      R9C12C.F1 to      R9C12C.C0 serial_out_109
CTOF_DEL    ---     0.495      R9C12C.C0 to      R9C12C.F0 SLICE_528
ROUTE         1     1.925      R9C12C.F0 to      R8C14B.A0 serial_out_160
CTOF_DEL    ---     0.495      R8C14B.A0 to      R8C14B.F0 SLICE_522
ROUTE         1     1.079      R8C14B.F0 to      R9C15A.C0 serial_out_173
CTOF_DEL    ---     0.495      R9C15A.C0 to      R9C15A.F0 SLICE_521
ROUTE         1     1.681      R9C15A.F0 to       14.PADDO serial_out_c
DOPAD_DEL   ---     2.797       14.PADDO to         14.PAD serial_out
                  --------
                   12.530   (41.7% logic, 58.3% route), 6 logic levels.

Unconstrained Preference:
   CLOCK_TO_OUT PORT "serial_out" CLKPORT "clk" 

Report:   12.527ns delay SLICE_618 to serial_out

   Name    Fanout   Delay (ns)          Site               Resource
REG_DEL     ---     0.452     R8C14C.CLK to      R8C14C.Q1 SLICE_618 (from clk_c)
ROUTE         1     0.747      R8C14C.Q1 to      R8C14A.C0 observe[111]
CTOF_DEL    ---     0.495      R8C14A.C0 to      R8C14A.F0 SLICE_617
ROUTE         1     1.838      R8C14A.F0 to     R10C11D.B0 serial_out_116
CTOF_DEL    ---     0.495     R10C11D.B0 to     R10C11D.F0 SLICE_529
ROUTE         1     1.733     R10C11D.F0 to     R10C14D.B0 serial_out_162
CTOF_DEL    ---     0.495     R10C14D.B0 to     R10C14D.F0 SLICE_523
ROUTE         1     1.299     R10C14D.F0 to      R9C15A.A0 serial_out_174
CTOF_DEL    ---     0.495      R9C15A.A0 to      R9C15A.F0 SLICE_521
ROUTE         1     1.681      R9C15A.F0 to       14.PADDO serial_out_c
DOPAD_DEL   ---     2.797       14.PADDO to         14.PAD serial_out
                  --------
                   12.527   (41.7% logic, 58.3% route), 6 logic levels.

Unconstrained Preference:
   CLOCK_TO_OUT PORT "serial_out" CLKPORT "clk" 

Report:   12.519ns delay SLICE_532 to serial_out

   Name    Fanout   Delay (ns)          Site               Resource
REG_DEL     ---     0.452      R9C9D.CLK to       R9C9D.Q1 SLICE_532 (from clk_c)
ROUTE         1     2.153       R9C9D.Q1 to     R10C10D.A0 observe[125]
CTOF_DEL    ---     0.495     R10C10D.A0 to     R10C10D.F0 SLICE_616
ROUTE         1     0.744     R10C10D.F0 to     R10C11A.C0 serial_out_120
CTOF_DEL    ---     0.495     R10C11A.C0 to     R10C11A.F0 SLICE_530
ROUTE         1     1.413     R10C11A.F0 to     R10C14D.A0 serial_out_163
CTOF_DEL    ---     0.495     R10C14D.A0 to     R10C14D.F0 SLICE_523
ROUTE         1     1.299     R10C14D.F0 to      R9C15A.A0 serial_out_174
CTOF_DEL    ---     0.495      R9C15A.A0 to      R9C15A.F0 SLICE_521
ROUTE         1     1.681      R9C15A.F0 to       14.PADDO serial_out_c
DOPAD_DEL   ---     2.797       14.PADDO to         14.PAD serial_out
                  --------
                   12.519   (41.8% logic, 58.2% route), 6 logic levels.

Unconstrained Preference:
   CLOCK_TO_OUT PORT "serial_out" CLKPORT "clk" 

Report:   12.436ns delay SLICE_617 to serial_out

   Name    Fanout   Delay (ns)          Site               Resource
REG_DEL     ---     0.452     R8C14A.CLK to      R8C14A.Q0 SLICE_617 (from clk_c)
ROUTE         1     0.656      R8C14A.Q0 to      R8C14A.A0 observe[112]
CTOF_DEL    ---     0.495      R8C14A.A0 to      R8C14A.F0 SLICE_617
ROUTE         1     1.838      R8C14A.F0 to     R10C11D.B0 serial_out_116
CTOF_DEL    ---     0.495     R10C11D.B0 to     R10C11D.F0 SLICE_529
ROUTE         1     1.733     R10C11D.F0 to     R10C14D.B0 serial_out_162
CTOF_DEL    ---     0.495     R10C14D.B0 to     R10C14D.F0 SLICE_523
ROUTE         1     1.299     R10C14D.F0 to      R9C15A.A0 serial_out_174
CTOF_DEL    ---     0.495      R9C15A.A0 to      R9C15A.F0 SLICE_521
ROUTE         1     1.681      R9C15A.F0 to       14.PADDO serial_out_c
DOPAD_DEL   ---     2.797       14.PADDO to         14.PAD serial_out
                  --------
                   12.436   (42.0% logic, 58.0% route), 6 logic levels.

Unconstrained Preference:
   CLOCK_TO_OUT PORT "serial_out" CLKPORT "clk" 

Report:   12.406ns delay SLICE_619 to serial_out

   Name    Fanout   Delay (ns)          Site               Resource
REG_DEL     ---     0.452     R8C14D.CLK to      R8C14D.Q1 SLICE_619 (from clk_c)
ROUTE         1     0.626      R8C14D.Q1 to      R8C14A.D0 observe[109]
CTOF_DEL    ---     0.495      R8C14A.D0 to      R8C14A.F0 SLICE_617
ROUTE         1     1.838      R8C14A.F0 to     R10C11D.B0 serial_out_116
CTOF_DEL    ---     0.495     R10C11D.B0 to     R10C11D.F0 SLICE_529
ROUTE         1     1.733     R10C11D.F0 to     R10C14D.B0 serial_out_162
CTOF_DEL    ---     0.495     R10C14D.B0 to     R10C14D.F0 SLICE_523
ROUTE         1     1.299     R10C14D.F0 to      R9C15A.A0 serial_out_174
CTOF_DEL    ---     0.495      R9C15A.A0 to      R9C15A.F0 SLICE_521
ROUTE         1     1.681      R9C15A.F0 to       14.PADDO serial_out_c
DOPAD_DEL   ---     2.797       14.PADDO to         14.PAD serial_out
                  --------
                   12.406   (42.1% logic, 57.9% route), 6 logic levels.

Unconstrained Preference:
   CLOCK_TO_OUT PORT "serial_out" CLKPORT "clk" 

Report:   12.383ns delay SLICE_86 to serial_out

   Name    Fanout   Delay (ns)          Site               Resource
REG_DEL     ---     0.452     R7C14D.CLK to      R7C14D.Q1 SLICE_86 (from clk_c)
ROUTE         1     2.380      R7C14D.Q1 to      R7C10C.B0 observe[22]
CTOF_DEL    ---     0.495      R7C10C.B0 to      R7C10C.F0 SLICE_228
ROUTE         1     0.744      R7C10C.F0 to      R8C10D.C0 serial_out_94
CTOF_DEL    ---     0.495      R8C10D.C0 to      R8C10D.F0 SLICE_525
ROUTE         1     1.656      R8C10D.F0 to      R9C15A.D1 serial_out_157
CTOF_DEL    ---     0.495      R9C15A.D1 to      R9C15A.F1 SLICE_521
ROUTE         1     0.693      R9C15A.F1 to      R9C15A.B0 serial_out_167
CTOF_DEL    ---     0.495      R9C15A.B0 to      R9C15A.F0 SLICE_521
ROUTE         1     1.681      R9C15A.F0 to       14.PADDO serial_out_c
DOPAD_DEL   ---     2.797       14.PADDO to         14.PAD serial_out
                  --------
                   12.383   (42.2% logic, 57.8% route), 6 logic levels.

Unconstrained Preference:
   CLOCK_TO_OUT PORT "serial_out" CLKPORT "clk" 

Report:   12.312ns delay SLICE_612 to serial_out

   Name    Fanout   Delay (ns)          Site               Resource
REG_DEL     ---     0.452      R9C7C.CLK to       R9C7C.Q1 SLICE_612 (from clk_c)
ROUTE         1     2.034       R9C7C.Q1 to     R10C10D.B1 observe[123]
CTOF_DEL    ---     0.495     R10C10D.B1 to     R10C10D.F1 SLICE_616
ROUTE         1     0.656     R10C10D.F1 to     R10C11A.A0 serial_out_119
CTOF_DEL    ---     0.495     R10C11A.A0 to     R10C11A.F0 SLICE_530
ROUTE         1     1.413     R10C11A.F0 to     R10C14D.A0 serial_out_163
CTOF_DEL    ---     0.495     R10C14D.A0 to     R10C14D.F0 SLICE_523
ROUTE         1     1.299     R10C14D.F0 to      R9C15A.A0 serial_out_174
CTOF_DEL    ---     0.495      R9C15A.A0 to      R9C15A.F0 SLICE_521
ROUTE         1     1.681      R9C15A.F0 to       14.PADDO serial_out_c
DOPAD_DEL   ---     2.797       14.PADDO to         14.PAD serial_out
                  --------
                   12.312   (42.5% logic, 57.5% route), 6 logic levels.

Unconstrained Preference:
   CLOCK_TO_OUT PORT "serial_out" CLKPORT "clk" 

Report:   12.301ns delay SLICE_517 to serial_out

   Name    Fanout   Delay (ns)          Site               Resource
REG_DEL     ---     0.452     R9C13B.CLK to      R9C13B.Q1 SLICE_517 (from clk_c)
ROUTE         1     0.967      R9C13B.Q1 to      R9C13D.A0 observe[79]
CTOF_DEL    ---     0.495      R9C13D.A0 to      R9C13D.F0 SLICE_620
ROUTE         1     1.420      R9C13D.F0 to      R9C12C.B0 serial_out_108
CTOF_DEL    ---     0.495      R9C12C.B0 to      R9C12C.F0 SLICE_528
ROUTE         1     1.925      R9C12C.F0 to      R8C14B.A0 serial_out_160
CTOF_DEL    ---     0.495      R8C14B.A0 to      R8C14B.F0 SLICE_522
ROUTE         1     1.079      R8C14B.F0 to      R9C15A.C0 serial_out_173
CTOF_DEL    ---     0.495      R9C15A.C0 to      R9C15A.F0 SLICE_521
ROUTE         1     1.681      R9C15A.F0 to       14.PADDO serial_out_c
DOPAD_DEL   ---     2.797       14.PADDO to         14.PAD serial_out
                  --------
                   12.301   (42.5% logic, 57.5% route), 6 logic levels.

Unconstrained Preference:
   CLOCK_TO_OUT PORT "serial_out" CLKPORT "clk" 

Report:   12.277ns delay SLICE_528 to serial_out

   Name    Fanout   Delay (ns)          Site               Resource
REG_DEL     ---     0.452     R9C12C.CLK to      R9C12C.Q0 SLICE_528 (from clk_c)
ROUTE         1     1.962      R9C12C.Q0 to     R10C11A.B1 observe[132]
CTOF_DEL    ---     0.495     R10C11A.B1 to     R10C11A.F1 SLICE_530
ROUTE         1     0.693     R10C11A.F1 to     R10C11A.B0 serial_out_121
CTOF_DEL    ---     0.495     R10C11A.B0 to     R10C11A.F0 SLICE_530
ROUTE         1     1.413     R10C11A.F0 to     R10C14D.A0 serial_out_163
CTOF_DEL    ---     0.495     R10C14D.A0 to     R10C14D.F0 SLICE_523
ROUTE         1     1.299     R10C14D.F0 to      R9C15A.A0 serial_out_174
CTOF_DEL    ---     0.495      R9C15A.A0 to      R9C15A.F0 SLICE_521
ROUTE         1     1.681      R9C15A.F0 to       14.PADDO serial_out_c
DOPAD_DEL   ---     2.797       14.PADDO to         14.PAD serial_out
                  --------
                   12.277   (42.6% logic, 57.4% route), 6 logic levels.

Unconstrained Preference:
   CLOCK_TO_OUT PORT "serial_out" CLKPORT "clk" 

Report:   12.275ns delay SLICE_613 to serial_out

   Name    Fanout   Delay (ns)          Site               Resource
REG_DEL     ---     0.452      R9C7B.CLK to       R9C7B.Q1 SLICE_613 (from clk_c)
ROUTE         1     1.997       R9C7B.Q1 to     R10C10D.A1 observe[121]
CTOF_DEL    ---     0.495     R10C10D.A1 to     R10C10D.F1 SLICE_616
ROUTE         1     0.656     R10C10D.F1 to     R10C11A.A0 serial_out_119
CTOF_DEL    ---     0.495     R10C11A.A0 to     R10C11A.F0 SLICE_530
ROUTE         1     1.413     R10C11A.F0 to     R10C14D.A0 serial_out_163
CTOF_DEL    ---     0.495     R10C14D.A0 to     R10C14D.F0 SLICE_523
ROUTE         1     1.299     R10C14D.F0 to      R9C15A.A0 serial_out_174
CTOF_DEL    ---     0.495      R9C15A.A0 to      R9C15A.F0 SLICE_521
ROUTE         1     1.681      R9C15A.F0 to       14.PADDO serial_out_c
DOPAD_DEL   ---     2.797       14.PADDO to         14.PAD serial_out
                  --------
                   12.275   (42.6% logic, 57.4% route), 6 logic levels.

Unconstrained Preference:
   CLOCK_TO_OUT PORT "serial_out" CLKPORT "clk" 

Report:   12.227ns delay SLICE_622 to serial_out

   Name    Fanout   Delay (ns)          Site               Resource
REG_DEL     ---     0.452    R10C12C.CLK to     R10C12C.Q0 SLICE_622 (from clk_c)
ROUTE         1     0.986     R10C12C.Q0 to     R10C11B.A0 observe[102]
CTOF_DEL    ---     0.495     R10C11B.A0 to     R10C11B.F0 SLICE_226
ROUTE         1     1.299     R10C11B.F0 to     R10C11D.A0 serial_out_114
CTOF_DEL    ---     0.495     R10C11D.A0 to     R10C11D.F0 SLICE_529
ROUTE         1     1.733     R10C11D.F0 to     R10C14D.B0 serial_out_162
CTOF_DEL    ---     0.495     R10C14D.B0 to     R10C14D.F0 SLICE_523
ROUTE         1     1.299     R10C14D.F0 to      R9C15A.A0 serial_out_174
CTOF_DEL    ---     0.495      R9C15A.A0 to      R9C15A.F0 SLICE_521
ROUTE         1     1.681      R9C15A.F0 to       14.PADDO serial_out_c
DOPAD_DEL   ---     2.797       14.PADDO to         14.PAD serial_out
                  --------
                   12.227   (42.8% logic, 57.2% route), 6 logic levels.

Unconstrained Preference:
   CLOCK_TO_OUT PORT "serial_out" CLKPORT "clk" 

Report:   12.218ns delay SLICE_37 to serial_out

   Name    Fanout   Delay (ns)          Site               Resource
REG_DEL     ---     0.452      R8C6A.CLK to       R8C6A.Q1 SLICE_37 (from clk_c)
ROUTE         1     2.807       R8C6A.Q1 to      R9C14D.B0 observe[155]
CTOF_DEL    ---     0.495      R9C14D.B0 to      R9C14D.F0 SLICE_614
ROUTE         1     0.766      R9C14D.F0 to     R10C14D.C1 serial_out_127
CTOF_DEL    ---     0.495     R10C14D.C1 to     R10C14D.F1 SLICE_523
ROUTE         1     0.436     R10C14D.F1 to     R10C14D.C0 serial_out_165
CTOF_DEL    ---     0.495     R10C14D.C0 to     R10C14D.F0 SLICE_523
ROUTE         1     1.299     R10C14D.F0 to      R9C15A.A0 serial_out_174
CTOF_DEL    ---     0.495      R9C15A.A0 to      R9C15A.F0 SLICE_521
ROUTE         1     1.681      R9C15A.F0 to       14.PADDO serial_out_c
DOPAD_DEL   ---     2.797       14.PADDO to         14.PAD serial_out
                  --------
                   12.218   (42.8% logic, 57.2% route), 6 logic levels.

Unconstrained Preference:
   CLOCK_TO_OUT PORT "serial_out" CLKPORT "clk" 

Report:   12.202ns delay SLICE_614 to serial_out

   Name    Fanout   Delay (ns)          Site               Resource
REG_DEL     ---     0.452     R9C14D.CLK to      R9C14D.Q0 SLICE_614 (from clk_c)
ROUTE         1     2.265      R9C14D.Q0 to     R10C11B.B1 observe[118]
CTOF_DEL    ---     0.495     R10C11B.B1 to     R10C11B.F1 SLICE_226
ROUTE         1     0.315     R10C11B.F1 to     R10C11A.D0 serial_out_118
CTOF_DEL    ---     0.495     R10C11A.D0 to     R10C11A.F0 SLICE_530
ROUTE         1     1.413     R10C11A.F0 to     R10C14D.A0 serial_out_163
CTOF_DEL    ---     0.495     R10C14D.A0 to     R10C14D.F0 SLICE_523
ROUTE         1     1.299     R10C14D.F0 to      R9C15A.A0 serial_out_174
CTOF_DEL    ---     0.495      R9C15A.A0 to      R9C15A.F0 SLICE_521
ROUTE         1     1.681      R9C15A.F0 to       14.PADDO serial_out_c
DOPAD_DEL   ---     2.797       14.PADDO to         14.PAD serial_out
                  --------
                   12.202   (42.9% logic, 57.1% route), 6 logic levels.

Unconstrained Preference:
   CLOCK_TO_OUT PORT "serial_out" CLKPORT "clk" 

Report:   12.165ns delay SLICE_612 to serial_out

   Name    Fanout   Delay (ns)          Site               Resource
REG_DEL     ---     0.452      R9C7C.CLK to       R9C7C.Q0 SLICE_612 (from clk_c)
ROUTE         1     1.887       R9C7C.Q0 to     R10C10D.D1 observe[122]
CTOF_DEL    ---     0.495     R10C10D.D1 to     R10C10D.F1 SLICE_616
ROUTE         1     0.656     R10C10D.F1 to     R10C11A.A0 serial_out_119
CTOF_DEL    ---     0.495     R10C11A.A0 to     R10C11A.F0 SLICE_530
ROUTE         1     1.413     R10C11A.F0 to     R10C14D.A0 serial_out_163
CTOF_DEL    ---     0.495     R10C14D.A0 to     R10C14D.F0 SLICE_523
ROUTE         1     1.299     R10C14D.F0 to      R9C15A.A0 serial_out_174
CTOF_DEL    ---     0.495      R9C15A.A0 to      R9C15A.F0 SLICE_521
ROUTE         1     1.681      R9C15A.F0 to       14.PADDO serial_out_c
DOPAD_DEL   ---     2.797       14.PADDO to         14.PAD serial_out
                  --------
                   12.165   (43.0% logic, 57.0% route), 6 logic levels.

Unconstrained Preference:
   CLOCK_TO_OUT PORT "serial_out" CLKPORT "clk" 

Report:   12.157ns delay SLICE_583 to serial_out

   Name    Fanout   Delay (ns)          Site               Resource
REG_DEL     ---     0.452     R5C12D.CLK to      R5C12D.Q0 SLICE_583 (from clk_c)
ROUTE         1     0.645      R5C12D.Q0 to      R5C13B.D0 observe[64]
CTOF_DEL    ---     0.495      R5C13B.D0 to      R5C13B.F0 SLICE_621
ROUTE         1     1.023      R5C13B.F0 to      R5C11D.B0 serial_out_104
CTOF_DEL    ---     0.495      R5C11D.B0 to      R5C11D.F0 SLICE_527
ROUTE         1     2.500      R5C11D.F0 to      R8C14B.D0 serial_out_159
CTOF_DEL    ---     0.495      R8C14B.D0 to      R8C14B.F0 SLICE_522
ROUTE         1     1.079      R8C14B.F0 to      R9C15A.C0 serial_out_173
CTOF_DEL    ---     0.495      R9C15A.C0 to      R9C15A.F0 SLICE_521
ROUTE         1     1.681      R9C15A.F0 to       14.PADDO serial_out_c
DOPAD_DEL   ---     2.797       14.PADDO to         14.PAD serial_out
                  --------
                   12.157   (43.0% logic, 57.0% route), 6 logic levels.

Unconstrained Preference:
   CLOCK_TO_OUT PORT "serial_out" CLKPORT "clk" 

Report:   12.150ns delay SLICE_513 to serial_out

   Name    Fanout   Delay (ns)          Site               Resource
REG_DEL     ---     0.452     R7C11C.CLK to      R7C11C.Q1 SLICE_513 (from clk_c)
ROUTE         1     1.506      R7C11C.Q1 to     R10C12C.C1 observe[41]
CTOF_DEL    ---     0.495     R10C12C.C1 to     R10C12C.F1 SLICE_622
ROUTE         1     0.693     R10C12C.F1 to     R10C12B.B0 serial_out_99
CTOF_DEL    ---     0.495     R10C12B.B0 to     R10C12B.F0 SLICE_526
ROUTE         1     1.962     R10C12B.F0 to      R8C14B.B0 serial_out_158
CTOF_DEL    ---     0.495      R8C14B.B0 to      R8C14B.F0 SLICE_522
ROUTE         1     1.079      R8C14B.F0 to      R9C15A.C0 serial_out_173
CTOF_DEL    ---     0.495      R9C15A.C0 to      R9C15A.F0 SLICE_521
ROUTE         1     1.681      R9C15A.F0 to       14.PADDO serial_out_c
DOPAD_DEL   ---     2.797       14.PADDO to         14.PAD serial_out
                  --------
                   12.150   (43.0% logic, 57.0% route), 6 logic levels.

Unconstrained Preference:
   CLOCK_TO_OUT PORT "serial_out" CLKPORT "clk" 

Report:   12.140ns delay SLICE_520 to serial_out

   Name    Fanout   Delay (ns)          Site               Resource
REG_DEL     ---     0.452     R7C11A.CLK to      R7C11A.Q0 SLICE_520 (from clk_c)
ROUTE         1     1.581      R7C11A.Q0 to      R9C13D.C1 observe[76]
CTOF_DEL    ---     0.495      R9C13D.C1 to      R9C13D.F1 SLICE_620
ROUTE         1     0.645      R9C13D.F1 to      R9C12C.D0 serial_out_107
CTOF_DEL    ---     0.495      R9C12C.D0 to      R9C12C.F0 SLICE_528
ROUTE         1     1.925      R9C12C.F0 to      R8C14B.A0 serial_out_160
CTOF_DEL    ---     0.495      R8C14B.A0 to      R8C14B.F0 SLICE_522
ROUTE         1     1.079      R8C14B.F0 to      R9C15A.C0 serial_out_173
CTOF_DEL    ---     0.495      R9C15A.C0 to      R9C15A.F0 SLICE_521
ROUTE         1     1.681      R9C15A.F0 to       14.PADDO serial_out_c
DOPAD_DEL   ---     2.797       14.PADDO to         14.PAD serial_out
                  --------
                   12.140   (43.1% logic, 56.9% route), 6 logic levels.

Unconstrained Preference:
   CLOCK_TO_OUT PORT "serial_out" CLKPORT "clk" 

Report:   12.138ns delay SLICE_38 to serial_out

   Name    Fanout   Delay (ns)          Site               Resource
REG_DEL     ---     0.452      R8C6B.CLK to       R8C6B.Q0 SLICE_38 (from clk_c)
ROUTE         1     2.727       R8C6B.Q0 to      R9C14D.A0 observe[156]
CTOF_DEL    ---     0.495      R9C14D.A0 to      R9C14D.F0 SLICE_614
ROUTE         1     0.766      R9C14D.F0 to     R10C14D.C1 serial_out_127
CTOF_DEL    ---     0.495     R10C14D.C1 to     R10C14D.F1 SLICE_523
ROUTE         1     0.436     R10C14D.F1 to     R10C14D.C0 serial_out_165
CTOF_DEL    ---     0.495     R10C14D.C0 to     R10C14D.F0 SLICE_523
ROUTE         1     1.299     R10C14D.F0 to      R9C15A.A0 serial_out_174
CTOF_DEL    ---     0.495      R9C15A.A0 to      R9C15A.F0 SLICE_521
ROUTE         1     1.681      R9C15A.F0 to       14.PADDO serial_out_c
DOPAD_DEL   ---     2.797       14.PADDO to         14.PAD serial_out
                  --------
                   12.138   (43.1% logic, 56.9% route), 6 logic levels.

Unconstrained Preference:
   CLOCK_TO_OUT PORT "serial_out" CLKPORT "clk" 

Report:   12.134ns delay SLICE_329 to serial_out

   Name    Fanout   Delay (ns)          Site               Resource
REG_DEL     ---     0.452    R10C15D.CLK to     R10C15D.Q0 SLICE_329 (from clk_c)
ROUTE         1     1.726     R10C15D.Q0 to      R9C14D.A1 observe[150]
CTOF_DEL    ---     0.495      R9C14D.A1 to      R9C14D.F1 SLICE_614
ROUTE         1     1.763      R9C14D.F1 to     R10C14D.B1 serial_out_126
CTOF_DEL    ---     0.495     R10C14D.B1 to     R10C14D.F1 SLICE_523
ROUTE         1     0.436     R10C14D.F1 to     R10C14D.C0 serial_out_165
CTOF_DEL    ---     0.495     R10C14D.C0 to     R10C14D.F0 SLICE_523
ROUTE         1     1.299     R10C14D.F0 to      R9C15A.A0 serial_out_174
CTOF_DEL    ---     0.495      R9C15A.A0 to      R9C15A.F0 SLICE_521
ROUTE         1     1.681      R9C15A.F0 to       14.PADDO serial_out_c
DOPAD_DEL   ---     2.797       14.PADDO to         14.PAD serial_out
                  --------
                   12.134   (43.1% logic, 56.9% route), 6 logic levels.

Unconstrained Preference:
   CLOCK_TO_OUT PORT "serial_out" CLKPORT "clk" 

Report:   12.120ns delay SLICE_46 to serial_out

   Name    Fanout   Delay (ns)          Site               Resource
REG_DEL     ---     0.452      R7C7A.CLK to       R7C7A.Q0 SLICE_46 (from clk_c)
ROUTE         1     1.674       R7C7A.Q0 to       R9C7B.C1 observe[158]
CTOF_DEL    ---     0.495       R9C7B.C1 to       R9C7B.F1 SLICE_613
ROUTE         1     1.801       R9C7B.F1 to     R10C14D.A1 serial_out_128
CTOF_DEL    ---     0.495     R10C14D.A1 to     R10C14D.F1 SLICE_523
ROUTE         1     0.436     R10C14D.F1 to     R10C14D.C0 serial_out_165
CTOF_DEL    ---     0.495     R10C14D.C0 to     R10C14D.F0 SLICE_523
ROUTE         1     1.299     R10C14D.F0 to      R9C15A.A0 serial_out_174
CTOF_DEL    ---     0.495      R9C15A.A0 to      R9C15A.F0 SLICE_521
ROUTE         1     1.681      R9C15A.F0 to       14.PADDO serial_out_c
DOPAD_DEL   ---     2.797       14.PADDO to         14.PAD serial_out
                  --------
                   12.120   (43.1% logic, 56.9% route), 6 logic levels.

Unconstrained Preference:
   CLOCK_TO_OUT PORT "serial_out" CLKPORT "clk" 

Report:   12.043ns delay SLICE_515 to serial_out

   Name    Fanout   Delay (ns)          Site               Resource
REG_DEL     ---     0.452    R10C12D.CLK to     R10C12D.Q1 SLICE_515 (from clk_c)
ROUTE         1     1.817     R10C12D.Q1 to      R8C10D.A1 observe[33]
CTOF_DEL    ---     0.495      R8C10D.A1 to      R8C10D.F1 SLICE_525
ROUTE         1     0.967      R8C10D.F1 to      R8C10D.A0 serial_out_97
CTOF_DEL    ---     0.495      R8C10D.A0 to      R8C10D.F0 SLICE_525
ROUTE         1     1.656      R8C10D.F0 to      R9C15A.D1 serial_out_157
CTOF_DEL    ---     0.495      R9C15A.D1 to      R9C15A.F1 SLICE_521
ROUTE         1     0.693      R9C15A.F1 to      R9C15A.B0 serial_out_167
CTOF_DEL    ---     0.495      R9C15A.B0 to      R9C15A.F0 SLICE_521
ROUTE         1     1.681      R9C15A.F0 to       14.PADDO serial_out_c
DOPAD_DEL   ---     2.797       14.PADDO to         14.PAD serial_out
                  --------
                   12.043   (43.4% logic, 56.6% route), 6 logic levels.

Unconstrained Preference:
   CLOCK_TO_OUT PORT "serial_out" CLKPORT "clk" 

Report:   11.993ns delay SLICE_76 to serial_out

   Name    Fanout   Delay (ns)          Site               Resource
REG_DEL     ---     0.452      R5C5A.CLK to       R5C5A.Q1 SLICE_76 (from clk_c)
ROUTE         1     2.440       R5C5A.Q1 to       R9C9D.A1 observe[2]
CTOF_DEL    ---     0.495       R9C9D.A1 to       R9C9D.F1 SLICE_532
ROUTE         1     0.436       R9C9D.F1 to       R9C9D.C0 serial_out_89
CTOF_DEL    ---     0.495       R9C9D.C0 to       R9C9D.F0 SLICE_532
ROUTE         1     0.747       R9C9D.F0 to       R9C9B.C0 serial_out_133
CTOF_DEL    ---     0.495       R9C9B.C0 to       R9C9B.F0 SLICE_524
ROUTE         1     1.460       R9C9B.F0 to      R9C15A.D0 serial_out_166
CTOF_DEL    ---     0.495      R9C15A.D0 to      R9C15A.F0 SLICE_521
ROUTE         1     1.681      R9C15A.F0 to       14.PADDO serial_out_c
DOPAD_DEL   ---     2.797       14.PADDO to         14.PAD serial_out
                  --------
                   11.993   (43.6% logic, 56.4% route), 6 logic levels.

Unconstrained Preference:
   CLOCK_TO_OUT PORT "serial_out" CLKPORT "clk" 

Report:   11.984ns delay SLICE_613 to serial_out

   Name    Fanout   Delay (ns)          Site               Resource
REG_DEL     ---     0.452      R9C7B.CLK to       R9C7B.Q0 SLICE_613 (from clk_c)
ROUTE         1     2.047       R9C7B.Q0 to     R10C11B.C1 observe[120]
CTOF_DEL    ---     0.495     R10C11B.C1 to     R10C11B.F1 SLICE_226
ROUTE         1     0.315     R10C11B.F1 to     R10C11A.D0 serial_out_118
CTOF_DEL    ---     0.495     R10C11A.D0 to     R10C11A.F0 SLICE_530
ROUTE         1     1.413     R10C11A.F0 to     R10C14D.A0 serial_out_163
CTOF_DEL    ---     0.495     R10C14D.A0 to     R10C14D.F0 SLICE_523
ROUTE         1     1.299     R10C14D.F0 to      R9C15A.A0 serial_out_174
CTOF_DEL    ---     0.495      R9C15A.A0 to      R9C15A.F0 SLICE_521
ROUTE         1     1.681      R9C15A.F0 to       14.PADDO serial_out_c
DOPAD_DEL   ---     2.797       14.PADDO to         14.PAD serial_out
                  --------
                   11.984   (43.6% logic, 56.4% route), 6 logic levels.

Unconstrained Preference:
   CLOCK_TO_OUT PORT "serial_out" CLKPORT "clk" 

Report:   11.942ns delay SLICE_584 to serial_out

   Name    Fanout   Delay (ns)          Site               Resource
REG_DEL     ---     0.452     R9C11D.CLK to      R9C11D.Q1 SLICE_584 (from clk_c)
ROUTE         1     1.383      R9C11D.Q1 to      R9C13D.A1 observe[73]
CTOF_DEL    ---     0.495      R9C13D.A1 to      R9C13D.F1 SLICE_620
ROUTE         1     0.645      R9C13D.F1 to      R9C12C.D0 serial_out_107
CTOF_DEL    ---     0.495      R9C12C.D0 to      R9C12C.F0 SLICE_528
ROUTE         1     1.925      R9C12C.F0 to      R8C14B.A0 serial_out_160
CTOF_DEL    ---     0.495      R8C14B.A0 to      R8C14B.F0 SLICE_522
ROUTE         1     1.079      R8C14B.F0 to      R9C15A.C0 serial_out_173
CTOF_DEL    ---     0.495      R9C15A.C0 to      R9C15A.F0 SLICE_521
ROUTE         1     1.681      R9C15A.F0 to       14.PADDO serial_out_c
DOPAD_DEL   ---     2.797       14.PADDO to         14.PAD serial_out
                  --------
                   11.942   (43.8% logic, 56.2% route), 6 logic levels.

Unconstrained Preference:
   CLOCK_TO_OUT PORT "serial_out" CLKPORT "clk" 

Report:   11.925ns delay SLICE_76 to serial_out

   Name    Fanout   Delay (ns)          Site               Resource
REG_DEL     ---     0.452      R5C5A.CLK to       R5C5A.Q0 SLICE_76 (from clk_c)
ROUTE         1     2.372       R5C5A.Q0 to       R9C9D.D1 observe[0]
CTOF_DEL    ---     0.495       R9C9D.D1 to       R9C9D.F1 SLICE_532
ROUTE         1     0.436       R9C9D.F1 to       R9C9D.C0 serial_out_89
CTOF_DEL    ---     0.495       R9C9D.C0 to       R9C9D.F0 SLICE_532
ROUTE         1     0.747       R9C9D.F0 to       R9C9B.C0 serial_out_133
CTOF_DEL    ---     0.495       R9C9B.C0 to       R9C9B.F0 SLICE_524
ROUTE         1     1.460       R9C9B.F0 to      R9C15A.D0 serial_out_166
CTOF_DEL    ---     0.495      R9C15A.D0 to      R9C15A.F0 SLICE_521
ROUTE         1     1.681      R9C15A.F0 to       14.PADDO serial_out_c
DOPAD_DEL   ---     2.797       14.PADDO to         14.PAD serial_out
                  --------
                   11.925   (43.8% logic, 56.2% route), 6 logic levels.

Unconstrained Preference:
   CLOCK_TO_OUT PORT "serial_out" CLKPORT "clk" 

Report:   11.889ns delay SLICE_583 to serial_out

   Name    Fanout   Delay (ns)          Site               Resource
REG_DEL     ---     0.452     R5C12D.CLK to      R5C12D.Q1 SLICE_583 (from clk_c)
ROUTE         1     0.964      R5C12D.Q1 to      R5C11D.A1 observe[65]
CTOF_DEL    ---     0.495      R5C11D.A1 to      R5C11D.F1 SLICE_527
ROUTE         1     0.436      R5C11D.F1 to      R5C11D.C0 serial_out_105
CTOF_DEL    ---     0.495      R5C11D.C0 to      R5C11D.F0 SLICE_527
ROUTE         1     2.500      R5C11D.F0 to      R8C14B.D0 serial_out_159
CTOF_DEL    ---     0.495      R8C14B.D0 to      R8C14B.F0 SLICE_522
ROUTE         1     1.079      R8C14B.F0 to      R9C15A.C0 serial_out_173
CTOF_DEL    ---     0.495      R9C15A.C0 to      R9C15A.F0 SLICE_521
ROUTE         1     1.681      R9C15A.F0 to       14.PADDO serial_out_c
DOPAD_DEL   ---     2.797       14.PADDO to         14.PAD serial_out
                  --------
                   11.889   (44.0% logic, 56.0% route), 6 logic levels.

Unconstrained Preference:
   CLOCK_TO_OUT PORT "serial_out" CLKPORT "clk" 

Report:   11.876ns delay SLICE_616 to serial_out

   Name    Fanout   Delay (ns)          Site               Resource
REG_DEL     ---     0.452    R10C10D.CLK to     R10C10D.Q0 SLICE_616 (from clk_c)
ROUTE         1     1.498     R10C10D.Q0 to     R10C11D.A1 observe[114]
CTOF_DEL    ---     0.495     R10C11D.A1 to     R10C11D.F1 SLICE_529
ROUTE         1     0.436     R10C11D.F1 to     R10C11D.C0 serial_out_117
CTOF_DEL    ---     0.495     R10C11D.C0 to     R10C11D.F0 SLICE_529
ROUTE         1     1.733     R10C11D.F0 to     R10C14D.B0 serial_out_162
CTOF_DEL    ---     0.495     R10C14D.B0 to     R10C14D.F0 SLICE_523
ROUTE         1     1.299     R10C14D.F0 to      R9C15A.A0 serial_out_174
CTOF_DEL    ---     0.495      R9C15A.A0 to      R9C15A.F0 SLICE_521
ROUTE         1     1.681      R9C15A.F0 to       14.PADDO serial_out_c
DOPAD_DEL   ---     2.797       14.PADDO to         14.PAD serial_out
                  --------
                   11.876   (44.0% logic, 56.0% route), 6 logic levels.

Unconstrained Preference:
   CLOCK_TO_OUT PORT "serial_out" CLKPORT "clk" 

Report:   11.867ns delay SLICE_503 to serial_out

   Name    Fanout   Delay (ns)          Site               Resource
REG_DEL     ---     0.452     R9C10A.CLK to      R9C10A.Q0 SLICE_503 (from clk_c)
ROUTE         1     0.967      R9C10A.Q0 to      R9C10C.A1 observe[70]
CTOF_DEL    ---     0.495      R9C10C.A1 to      R9C10C.F1 SLICE_227
ROUTE         1     0.986      R9C10C.F1 to      R9C12C.A0 serial_out_106
CTOF_DEL    ---     0.495      R9C12C.A0 to      R9C12C.F0 SLICE_528
ROUTE         1     1.925      R9C12C.F0 to      R8C14B.A0 serial_out_160
CTOF_DEL    ---     0.495      R8C14B.A0 to      R8C14B.F0 SLICE_522
ROUTE         1     1.079      R8C14B.F0 to      R9C15A.C0 serial_out_173
CTOF_DEL    ---     0.495      R9C15A.C0 to      R9C15A.F0 SLICE_521
ROUTE         1     1.681      R9C15A.F0 to       14.PADDO serial_out_c
DOPAD_DEL   ---     2.797       14.PADDO to         14.PAD serial_out
                  --------
                   11.867   (44.1% logic, 55.9% route), 6 logic levels.

Unconstrained Preference:
   CLOCK_TO_OUT PORT "serial_out" CLKPORT "clk" 

Report:   11.864ns delay SLICE_622 to serial_out

   Name    Fanout   Delay (ns)          Site               Resource
REG_DEL     ---     0.452    R10C12C.CLK to     R10C12C.Q1 SLICE_622 (from clk_c)
ROUTE         1     0.623     R10C12C.Q1 to     R10C11B.D0 observe[103]
CTOF_DEL    ---     0.495     R10C11B.D0 to     R10C11B.F0 SLICE_226
ROUTE         1     1.299     R10C11B.F0 to     R10C11D.A0 serial_out_114
CTOF_DEL    ---     0.495     R10C11D.A0 to     R10C11D.F0 SLICE_529
ROUTE         1     1.733     R10C11D.F0 to     R10C14D.B0 serial_out_162
CTOF_DEL    ---     0.495     R10C14D.B0 to     R10C14D.F0 SLICE_523
ROUTE         1     1.299     R10C14D.F0 to      R9C15A.A0 serial_out_174
CTOF_DEL    ---     0.495      R9C15A.A0 to      R9C15A.F0 SLICE_521
ROUTE         1     1.681      R9C15A.F0 to       14.PADDO serial_out_c
DOPAD_DEL   ---     2.797       14.PADDO to         14.PAD serial_out
                  --------
                   11.864   (44.1% logic, 55.9% route), 6 logic levels.

Unconstrained Preference:
   CLOCK_TO_OUT PORT "serial_out" CLKPORT "clk" 

Report:   11.863ns delay SLICE_145 to serial_out

   Name    Fanout   Delay (ns)          Site               Resource
REG_DEL     ---     0.452      R4C9D.CLK to       R4C9D.Q0 SLICE_145 (from clk_c)
ROUTE         1     2.073       R4C9D.Q0 to     R10C11C.C1 observe[137]
CTOF_DEL    ---     0.495     R10C11C.C1 to     R10C11C.F1 SLICE_615
ROUTE         1     0.958     R10C11C.F1 to     R10C13D.D0 serial_out_123
CTOF_DEL    ---     0.495     R10C13D.D0 to     R10C13D.F0 SLICE_531
ROUTE         1     0.623     R10C13D.F0 to     R10C14D.D0 serial_out_164
CTOF_DEL    ---     0.495     R10C14D.D0 to     R10C14D.F0 SLICE_523
ROUTE         1     1.299     R10C14D.F0 to      R9C15A.A0 serial_out_174
CTOF_DEL    ---     0.495      R9C15A.A0 to      R9C15A.F0 SLICE_521
ROUTE         1     1.681      R9C15A.F0 to       14.PADDO serial_out_c
DOPAD_DEL   ---     2.797       14.PADDO to         14.PAD serial_out
                  --------
                   11.863   (44.1% logic, 55.9% route), 6 logic levels.

Unconstrained Preference:
   CLOCK_TO_OUT PORT "serial_out" CLKPORT "clk" 

Report:   11.829ns delay SLICE_527 to serial_out

   Name    Fanout   Delay (ns)          Site               Resource
REG_DEL     ---     0.452     R5C11D.CLK to      R5C11D.Q1 SLICE_527 (from clk_c)
ROUTE         1     1.514      R5C11D.Q1 to     R10C11A.A1 observe[131]
CTOF_DEL    ---     0.495     R10C11A.A1 to     R10C11A.F1 SLICE_530
ROUTE         1     0.693     R10C11A.F1 to     R10C11A.B0 serial_out_121
CTOF_DEL    ---     0.495     R10C11A.B0 to     R10C11A.F0 SLICE_530
ROUTE         1     1.413     R10C11A.F0 to     R10C14D.A0 serial_out_163
CTOF_DEL    ---     0.495     R10C14D.A0 to     R10C14D.F0 SLICE_523
ROUTE         1     1.299     R10C14D.F0 to      R9C15A.A0 serial_out_174
CTOF_DEL    ---     0.495      R9C15A.A0 to      R9C15A.F0 SLICE_521
ROUTE         1     1.681      R9C15A.F0 to       14.PADDO serial_out_c
DOPAD_DEL   ---     2.797       14.PADDO to         14.PAD serial_out
                  --------
                   11.829   (44.2% logic, 55.8% route), 6 logic levels.

Unconstrained Preference:
   CLOCK_TO_OUT PORT "serial_out" CLKPORT "clk" 

Report:   11.821ns delay SLICE_526 to serial_out

   Name    Fanout   Delay (ns)          Site               Resource
REG_DEL     ---     0.452    R10C12B.CLK to     R10C12B.Q1 SLICE_526 (from clk_c)
ROUTE         1     1.506     R10C12B.Q1 to     R10C11A.C1 observe[129]
CTOF_DEL    ---     0.495     R10C11A.C1 to     R10C11A.F1 SLICE_530
ROUTE         1     0.693     R10C11A.F1 to     R10C11A.B0 serial_out_121
CTOF_DEL    ---     0.495     R10C11A.B0 to     R10C11A.F0 SLICE_530
ROUTE         1     1.413     R10C11A.F0 to     R10C14D.A0 serial_out_163
CTOF_DEL    ---     0.495     R10C14D.A0 to     R10C14D.F0 SLICE_523
ROUTE         1     1.299     R10C14D.F0 to      R9C15A.A0 serial_out_174
CTOF_DEL    ---     0.495      R9C15A.A0 to      R9C15A.F0 SLICE_521
ROUTE         1     1.681      R9C15A.F0 to       14.PADDO serial_out_c
DOPAD_DEL   ---     2.797       14.PADDO to         14.PAD serial_out
                  --------
                   11.821   (44.2% logic, 55.8% route), 6 logic levels.

Unconstrained Preference:
   CLOCK_TO_OUT PORT "serial_out" CLKPORT "clk" 

Report:   11.780ns delay SLICE_524 to serial_out

   Name    Fanout   Delay (ns)          Site               Resource
REG_DEL     ---     0.452      R9C9B.CLK to       R9C9B.Q0 SLICE_524 (from clk_c)
ROUTE         1     1.962       R9C9B.Q0 to     R10C11C.B0 observe[144]
CTOF_DEL    ---     0.495     R10C11C.B0 to     R10C11C.F0 SLICE_615
ROUTE         1     0.986     R10C11C.F0 to     R10C13D.A0 serial_out_124
CTOF_DEL    ---     0.495     R10C13D.A0 to     R10C13D.F0 SLICE_531
ROUTE         1     0.623     R10C13D.F0 to     R10C14D.D0 serial_out_164
CTOF_DEL    ---     0.495     R10C14D.D0 to     R10C14D.F0 SLICE_523
ROUTE         1     1.299     R10C14D.F0 to      R9C15A.A0 serial_out_174
CTOF_DEL    ---     0.495      R9C15A.A0 to      R9C15A.F0 SLICE_521
ROUTE         1     1.681      R9C15A.F0 to       14.PADDO serial_out_c
DOPAD_DEL   ---     2.797       14.PADDO to         14.PAD serial_out
                  --------
                   11.780   (44.4% logic, 55.6% route), 6 logic levels.

Unconstrained Preference:
   CLOCK_TO_OUT PORT "serial_out" CLKPORT "clk" 

Report:   11.745ns delay SLICE_47 to serial_out

   Name    Fanout   Delay (ns)          Site               Resource
REG_DEL     ---     0.452      R7C7B.CLK to       R7C7B.Q0 SLICE_47 (from clk_c)
ROUTE         1     1.299       R7C7B.Q0 to       R9C7B.A1 observe[160]
CTOF_DEL    ---     0.495       R9C7B.A1 to       R9C7B.F1 SLICE_613
ROUTE         1     1.801       R9C7B.F1 to     R10C14D.A1 serial_out_128
CTOF_DEL    ---     0.495     R10C14D.A1 to     R10C14D.F1 SLICE_523
ROUTE         1     0.436     R10C14D.F1 to     R10C14D.C0 serial_out_165
CTOF_DEL    ---     0.495     R10C14D.C0 to     R10C14D.F0 SLICE_523
ROUTE         1     1.299     R10C14D.F0 to      R9C15A.A0 serial_out_174
CTOF_DEL    ---     0.495      R9C15A.A0 to      R9C15A.F0 SLICE_521
ROUTE         1     1.681      R9C15A.F0 to       14.PADDO serial_out_c
DOPAD_DEL   ---     2.797       14.PADDO to         14.PAD serial_out
                  --------
                   11.745   (44.5% logic, 55.5% route), 6 logic levels.

Unconstrained Preference:
   CLOCK_TO_OUT PORT "serial_out" CLKPORT "clk" 

Report:   11.744ns delay SLICE_329 to serial_out

   Name    Fanout   Delay (ns)          Site               Resource
REG_DEL     ---     0.452    R10C15D.CLK to     R10C15D.Q1 SLICE_329 (from clk_c)
ROUTE         1     1.336     R10C15D.Q1 to      R9C14D.B1 observe[151]
CTOF_DEL    ---     0.495      R9C14D.B1 to      R9C14D.F1 SLICE_614
ROUTE         1     1.763      R9C14D.F1 to     R10C14D.B1 serial_out_126
CTOF_DEL    ---     0.495     R10C14D.B1 to     R10C14D.F1 SLICE_523
ROUTE         1     0.436     R10C14D.F1 to     R10C14D.C0 serial_out_165
CTOF_DEL    ---     0.495     R10C14D.C0 to     R10C14D.F0 SLICE_523
ROUTE         1     1.299     R10C14D.F0 to      R9C15A.A0 serial_out_174
CTOF_DEL    ---     0.495      R9C15A.A0 to      R9C15A.F0 SLICE_521
ROUTE         1     1.681      R9C15A.F0 to       14.PADDO serial_out_c
DOPAD_DEL   ---     2.797       14.PADDO to         14.PAD serial_out
                  --------
                   11.744   (44.5% logic, 55.5% route), 6 logic levels.

Unconstrained Preference:
   CLOCK_TO_OUT PORT "serial_out" CLKPORT "clk" 

Report:   11.733ns delay SLICE_505 to serial_out

   Name    Fanout   Delay (ns)          Site               Resource
REG_DEL     ---     0.452     R9C10B.CLK to      R9C10B.Q1 SLICE_505 (from clk_c)
ROUTE         1     1.383      R9C10B.Q1 to      R9C12C.A1 observe[81]
CTOF_DEL    ---     0.495      R9C12C.A1 to      R9C12C.F1 SLICE_528
ROUTE         1     0.436      R9C12C.F1 to      R9C12C.C0 serial_out_109
CTOF_DEL    ---     0.495      R9C12C.C0 to      R9C12C.F0 SLICE_528
ROUTE         1     1.925      R9C12C.F0 to      R8C14B.A0 serial_out_160
CTOF_DEL    ---     0.495      R8C14B.A0 to      R8C14B.F0 SLICE_522
ROUTE         1     1.079      R8C14B.F0 to      R9C15A.C0 serial_out_173
CTOF_DEL    ---     0.495      R9C15A.C0 to      R9C15A.F0 SLICE_521
ROUTE         1     1.681      R9C15A.F0 to       14.PADDO serial_out_c
DOPAD_DEL   ---     2.797       14.PADDO to         14.PAD serial_out
                  --------
                   11.733   (44.6% logic, 55.4% route), 6 logic levels.

Unconstrained Preference:
   CLOCK_TO_OUT PORT "serial_out" CLKPORT "clk" 

Report:   11.692ns delay SLICE_512 to serial_out

   Name    Fanout   Delay (ns)          Site               Resource
REG_DEL     ---     0.452     R8C10A.CLK to      R8C10A.Q1 SLICE_512 (from clk_c)
ROUTE         1     2.300      R8C10A.Q1 to      R8C14D.A1 observe[87]
CTOF_DEL    ---     0.495      R8C14D.A1 to      R8C14D.F1 SLICE_619
ROUTE         1     0.967      R8C14D.F1 to      R8C14B.A1 serial_out_110
CTOF_DEL    ---     0.495      R8C14B.A1 to      R8C14B.F1 SLICE_522
ROUTE         1     0.436      R8C14B.F1 to      R8C14B.C0 serial_out_161
CTOF_DEL    ---     0.495      R8C14B.C0 to      R8C14B.F0 SLICE_522
ROUTE         1     1.079      R8C14B.F0 to      R9C15A.C0 serial_out_173
CTOF_DEL    ---     0.495      R9C15A.C0 to      R9C15A.F0 SLICE_521
ROUTE         1     1.681      R9C15A.F0 to       14.PADDO serial_out_c
DOPAD_DEL   ---     2.797       14.PADDO to         14.PAD serial_out
                  --------
                   11.692   (44.7% logic, 55.3% route), 6 logic levels.

Unconstrained Preference:
   CLOCK_TO_OUT PORT "serial_out" CLKPORT "clk" 

Report:   11.676ns delay SLICE_326 to serial_out

   Name    Fanout   Delay (ns)          Site               Resource
REG_DEL     ---     0.452     R7C12B.CLK to      R7C12B.Q0 SLICE_326 (from clk_c)
ROUTE         1     1.450      R7C12B.Q0 to      R8C10D.B1 observe[34]
CTOF_DEL    ---     0.495      R8C10D.B1 to      R8C10D.F1 SLICE_525
ROUTE         1     0.967      R8C10D.F1 to      R8C10D.A0 serial_out_97
CTOF_DEL    ---     0.495      R8C10D.A0 to      R8C10D.F0 SLICE_525
ROUTE         1     1.656      R8C10D.F0 to      R9C15A.D1 serial_out_157
CTOF_DEL    ---     0.495      R9C15A.D1 to      R9C15A.F1 SLICE_521
ROUTE         1     0.693      R9C15A.F1 to      R9C15A.B0 serial_out_167
CTOF_DEL    ---     0.495      R9C15A.B0 to      R9C15A.F0 SLICE_521
ROUTE         1     1.681      R9C15A.F0 to       14.PADDO serial_out_c
DOPAD_DEL   ---     2.797       14.PADDO to         14.PAD serial_out
                  --------
                   11.676   (44.8% logic, 55.2% route), 6 logic levels.

Unconstrained Preference:
   CLOCK_TO_OUT PORT "serial_out" CLKPORT "clk" 

Report:   11.676ns delay SLICE_515 to serial_out

   Name    Fanout   Delay (ns)          Site               Resource
REG_DEL     ---     0.452    R10C12D.CLK to     R10C12D.Q0 SLICE_515 (from clk_c)
ROUTE         1     1.413     R10C12D.Q0 to      R8C10B.A0 observe[32]
CTOF_DEL    ---     0.495      R8C10B.A0 to      R8C10B.F0 SLICE_623
ROUTE         1     1.004      R8C10B.F0 to      R8C10D.B0 serial_out_96
CTOF_DEL    ---     0.495      R8C10D.B0 to      R8C10D.F0 SLICE_525
ROUTE         1     1.656      R8C10D.F0 to      R9C15A.D1 serial_out_157
CTOF_DEL    ---     0.495      R9C15A.D1 to      R9C15A.F1 SLICE_521
ROUTE         1     0.693      R9C15A.F1 to      R9C15A.B0 serial_out_167
CTOF_DEL    ---     0.495      R9C15A.B0 to      R9C15A.F0 SLICE_521
ROUTE         1     1.681      R9C15A.F0 to       14.PADDO serial_out_c
DOPAD_DEL   ---     2.797       14.PADDO to         14.PAD serial_out
                  --------
                   11.676   (44.8% logic, 55.2% route), 6 logic levels.

Unconstrained Preference:
   CLOCK_TO_OUT PORT "serial_out" CLKPORT "clk" 

Report:   11.672ns delay SLICE_586 to serial_out

   Name    Fanout   Delay (ns)          Site               Resource
REG_DEL     ---     0.452     R5C11B.CLK to      R5C11B.Q1 SLICE_586 (from clk_c)
ROUTE         1     0.747      R5C11B.Q1 to      R5C11D.C1 observe[67]
CTOF_DEL    ---     0.495      R5C11D.C1 to      R5C11D.F1 SLICE_527
ROUTE         1     0.436      R5C11D.F1 to      R5C11D.C0 serial_out_105
CTOF_DEL    ---     0.495      R5C11D.C0 to      R5C11D.F0 SLICE_527
ROUTE         1     2.500      R5C11D.F0 to      R8C14B.D0 serial_out_159
CTOF_DEL    ---     0.495      R8C14B.D0 to      R8C14B.F0 SLICE_522
ROUTE         1     1.079      R8C14B.F0 to      R9C15A.C0 serial_out_173
CTOF_DEL    ---     0.495      R9C15A.C0 to      R9C15A.F0 SLICE_521
ROUTE         1     1.681      R9C15A.F0 to       14.PADDO serial_out_c
DOPAD_DEL   ---     2.797       14.PADDO to         14.PAD serial_out
                  --------
                   11.672   (44.8% logic, 55.2% route), 6 logic levels.

Unconstrained Preference:
   CLOCK_TO_OUT PORT "serial_out" CLKPORT "clk" 

Report:   11.647ns delay SLICE_503 to serial_out

   Name    Fanout   Delay (ns)          Site               Resource
REG_DEL     ---     0.452     R9C10A.CLK to      R9C10A.Q1 SLICE_503 (from clk_c)
ROUTE         1     0.747      R9C10A.Q1 to      R9C10C.C1 observe[71]
CTOF_DEL    ---     0.495      R9C10C.C1 to      R9C10C.F1 SLICE_227
ROUTE         1     0.986      R9C10C.F1 to      R9C12C.A0 serial_out_106
CTOF_DEL    ---     0.495      R9C12C.A0 to      R9C12C.F0 SLICE_528
ROUTE         1     1.925      R9C12C.F0 to      R8C14B.A0 serial_out_160
CTOF_DEL    ---     0.495      R8C14B.A0 to      R8C14B.F0 SLICE_522
ROUTE         1     1.079      R8C14B.F0 to      R9C15A.C0 serial_out_173
CTOF_DEL    ---     0.495      R9C15A.C0 to      R9C15A.F0 SLICE_521
ROUTE         1     1.681      R9C15A.F0 to       14.PADDO serial_out_c
DOPAD_DEL   ---     2.797       14.PADDO to         14.PAD serial_out
                  --------
                   11.647   (44.9% logic, 55.1% route), 6 logic levels.

Unconstrained Preference:
   CLOCK_TO_OUT PORT "serial_out" CLKPORT "clk" 

Report:   11.644ns delay SLICE_525 to serial_out

   Name    Fanout   Delay (ns)          Site               Resource
REG_DEL     ---     0.452     R8C10D.CLK to      R8C10D.Q1 SLICE_525 (from clk_c)
ROUTE         1     1.278      R8C10D.Q1 to     R10C10D.C0 observe[127]
CTOF_DEL    ---     0.495     R10C10D.C0 to     R10C10D.F0 SLICE_616
ROUTE         1     0.744     R10C10D.F0 to     R10C11A.C0 serial_out_120
CTOF_DEL    ---     0.495     R10C11A.C0 to     R10C11A.F0 SLICE_530
ROUTE         1     1.413     R10C11A.F0 to     R10C14D.A0 serial_out_163
CTOF_DEL    ---     0.495     R10C14D.A0 to     R10C14D.F0 SLICE_523
ROUTE         1     1.299     R10C14D.F0 to      R9C15A.A0 serial_out_174
CTOF_DEL    ---     0.495      R9C15A.A0 to      R9C15A.F0 SLICE_521
ROUTE         1     1.681      R9C15A.F0 to       14.PADDO serial_out_c
DOPAD_DEL   ---     2.797       14.PADDO to         14.PAD serial_out
                  --------
                   11.644   (44.9% logic, 55.1% route), 6 logic levels.

Unconstrained Preference:
   CLOCK_TO_OUT PORT "serial_out" CLKPORT "clk" 

Report:   11.642ns delay SLICE_44 to serial_out

   Name    Fanout   Delay (ns)          Site               Resource
REG_DEL     ---     0.452     R10C7B.CLK to      R10C7B.Q0 SLICE_44 (from clk_c)
ROUTE         1     1.413      R10C7B.Q0 to       R9C7B.A0 observe[164]
CTOF_DEL    ---     0.495       R9C7B.A0 to       R9C7B.F0 SLICE_613
ROUTE         1     1.584       R9C7B.F0 to     R10C14D.D1 serial_out_129
CTOF_DEL    ---     0.495     R10C14D.D1 to     R10C14D.F1 SLICE_523
ROUTE         1     0.436     R10C14D.F1 to     R10C14D.C0 serial_out_165
CTOF_DEL    ---     0.495     R10C14D.C0 to     R10C14D.F0 SLICE_523
ROUTE         1     1.299     R10C14D.F0 to      R9C15A.A0 serial_out_174
CTOF_DEL    ---     0.495      R9C15A.A0 to      R9C15A.F0 SLICE_521
ROUTE         1     1.681      R9C15A.F0 to       14.PADDO serial_out_c
DOPAD_DEL   ---     2.797       14.PADDO to         14.PAD serial_out
                  --------
                   11.642   (44.9% logic, 55.1% route), 6 logic levels.

Unconstrained Preference:
   CLOCK_TO_OUT PORT "serial_out" CLKPORT "clk" 

Report:   11.628ns delay SLICE_324 to serial_out

   Name    Fanout   Delay (ns)          Site               Resource
REG_DEL     ---     0.452     R7C12C.CLK to      R7C12C.Q0 SLICE_324 (from clk_c)
ROUTE         1     1.278      R7C12C.Q0 to      R9C12C.C1 observe[84]
CTOF_DEL    ---     0.495      R9C12C.C1 to      R9C12C.F1 SLICE_528
ROUTE         1     0.436      R9C12C.F1 to      R9C12C.C0 serial_out_109
CTOF_DEL    ---     0.495      R9C12C.C0 to      R9C12C.F0 SLICE_528
ROUTE         1     1.925      R9C12C.F0 to      R8C14B.A0 serial_out_160
CTOF_DEL    ---     0.495      R8C14B.A0 to      R8C14B.F0 SLICE_522
ROUTE         1     1.079      R8C14B.F0 to      R9C15A.C0 serial_out_173
CTOF_DEL    ---     0.495      R9C15A.C0 to      R9C15A.F0 SLICE_521
ROUTE         1     1.681      R9C15A.F0 to       14.PADDO serial_out_c
DOPAD_DEL   ---     2.797       14.PADDO to         14.PAD serial_out
                  --------
                   11.628   (45.0% logic, 55.0% route), 6 logic levels.

Unconstrained Preference:
   CLOCK_TO_OUT PORT "serial_out" CLKPORT "clk" 

Report:   11.608ns delay SLICE_510 to serial_out

   Name    Fanout   Delay (ns)          Site               Resource
REG_DEL     ---     0.452     R9C12D.CLK to      R9C12D.Q0 SLICE_510 (from clk_c)
ROUTE         1     0.964      R9C12D.Q0 to     R10C12C.A1 observe[42]
CTOF_DEL    ---     0.495     R10C12C.A1 to     R10C12C.F1 SLICE_622
ROUTE         1     0.693     R10C12C.F1 to     R10C12B.B0 serial_out_99
CTOF_DEL    ---     0.495     R10C12B.B0 to     R10C12B.F0 SLICE_526
ROUTE         1     1.962     R10C12B.F0 to      R8C14B.B0 serial_out_158
CTOF_DEL    ---     0.495      R8C14B.B0 to      R8C14B.F0 SLICE_522
ROUTE         1     1.079      R8C14B.F0 to      R9C15A.C0 serial_out_173
CTOF_DEL    ---     0.495      R9C15A.C0 to      R9C15A.F0 SLICE_521
ROUTE         1     1.681      R9C15A.F0 to       14.PADDO serial_out_c
DOPAD_DEL   ---     2.797       14.PADDO to         14.PAD serial_out
                  --------
                   11.608   (45.0% logic, 55.0% route), 6 logic levels.

Unconstrained Preference:
   CLOCK_TO_OUT PORT "serial_out" CLKPORT "clk" 

Report:   11.587ns delay SLICE_77 to serial_out

   Name    Fanout   Delay (ns)          Site               Resource
REG_DEL     ---     0.452     R9C15D.CLK to      R9C15D.Q1 SLICE_77 (from clk_c)
ROUTE         1     2.034      R9C15D.Q1 to       R9C9D.B1 observe[4]
CTOF_DEL    ---     0.495       R9C9D.B1 to       R9C9D.F1 SLICE_532
ROUTE         1     0.436       R9C9D.F1 to       R9C9D.C0 serial_out_89
CTOF_DEL    ---     0.495       R9C9D.C0 to       R9C9D.F0 SLICE_532
ROUTE         1     0.747       R9C9D.F0 to       R9C9B.C0 serial_out_133
CTOF_DEL    ---     0.495       R9C9B.C0 to       R9C9B.F0 SLICE_524
ROUTE         1     1.460       R9C9B.F0 to      R9C15A.D0 serial_out_166
CTOF_DEL    ---     0.495      R9C15A.D0 to      R9C15A.F0 SLICE_521
ROUTE         1     1.681      R9C15A.F0 to       14.PADDO serial_out_c
DOPAD_DEL   ---     2.797       14.PADDO to         14.PAD serial_out
                  --------
                   11.587   (45.1% logic, 54.9% route), 6 logic levels.

Unconstrained Preference:
   CLOCK_TO_OUT PORT "serial_out" CLKPORT "clk" 

Report:   11.565ns delay SLICE_626 to serial_out

   Name    Fanout   Delay (ns)          Site               Resource
REG_DEL     ---     0.452     R8C11B.CLK to      R8C11B.Q1 SLICE_626 (from clk_c)
ROUTE         1     1.299      R8C11B.Q1 to     R10C12C.A0 observe[45]
CTOF_DEL    ---     0.495     R10C12C.A0 to     R10C12C.F0 SLICE_622
ROUTE         1     0.315     R10C12C.F0 to     R10C12B.D0 serial_out_100
CTOF_DEL    ---     0.495     R10C12B.D0 to     R10C12B.F0 SLICE_526
ROUTE         1     1.962     R10C12B.F0 to      R8C14B.B0 serial_out_158
CTOF_DEL    ---     0.495      R8C14B.B0 to      R8C14B.F0 SLICE_522
ROUTE         1     1.079      R8C14B.F0 to      R9C15A.C0 serial_out_173
CTOF_DEL    ---     0.495      R9C15A.C0 to      R9C15A.F0 SLICE_521
ROUTE         1     1.681      R9C15A.F0 to       14.PADDO serial_out_c
DOPAD_DEL   ---     2.797       14.PADDO to         14.PAD serial_out
                  --------
                   11.565   (45.2% logic, 54.8% route), 6 logic levels.

Unconstrained Preference:
   CLOCK_TO_OUT PORT "serial_out" CLKPORT "clk" 

Report:   11.563ns delay SLICE_325 to serial_out

   Name    Fanout   Delay (ns)          Site               Resource
REG_DEL     ---     0.452     R9C13A.CLK to      R9C13A.Q1 SLICE_325 (from clk_c)
ROUTE         1     1.004      R9C13A.Q1 to      R9C13D.B1 observe[75]
CTOF_DEL    ---     0.495      R9C13D.B1 to      R9C13D.F1 SLICE_620
ROUTE         1     0.645      R9C13D.F1 to      R9C12C.D0 serial_out_107
CTOF_DEL    ---     0.495      R9C12C.D0 to      R9C12C.F0 SLICE_528
ROUTE         1     1.925      R9C12C.F0 to      R8C14B.A0 serial_out_160
CTOF_DEL    ---     0.495      R8C14B.A0 to      R8C14B.F0 SLICE_522
ROUTE         1     1.079      R8C14B.F0 to      R9C15A.C0 serial_out_173
CTOF_DEL    ---     0.495      R9C15A.C0 to      R9C15A.F0 SLICE_521
ROUTE         1     1.681      R9C15A.F0 to       14.PADDO serial_out_c
DOPAD_DEL   ---     2.797       14.PADDO to         14.PAD serial_out
                  --------
                   11.563   (45.2% logic, 54.8% route), 6 logic levels.

Unconstrained Preference:
   CLOCK_TO_OUT PORT "serial_out" CLKPORT "clk" 

Report:   11.561ns delay SLICE_77 to serial_out

   Name    Fanout   Delay (ns)          Site               Resource
REG_DEL     ---     0.452     R9C15D.CLK to      R9C15D.Q0 SLICE_77 (from clk_c)
ROUTE         1     2.008      R9C15D.Q0 to       R9C9D.C1 observe[3]
CTOF_DEL    ---     0.495       R9C9D.C1 to       R9C9D.F1 SLICE_532
ROUTE         1     0.436       R9C9D.F1 to       R9C9D.C0 serial_out_89
CTOF_DEL    ---     0.495       R9C9D.C0 to       R9C9D.F0 SLICE_532
ROUTE         1     0.747       R9C9D.F0 to       R9C9B.C0 serial_out_133
CTOF_DEL    ---     0.495       R9C9B.C0 to       R9C9B.F0 SLICE_524
ROUTE         1     1.460       R9C9B.F0 to      R9C15A.D0 serial_out_166
CTOF_DEL    ---     0.495      R9C15A.D0 to      R9C15A.F0 SLICE_521
ROUTE         1     1.681      R9C15A.F0 to       14.PADDO serial_out_c
DOPAD_DEL   ---     2.797       14.PADDO to         14.PAD serial_out
                  --------
                   11.561   (45.2% logic, 54.8% route), 6 logic levels.

Unconstrained Preference:
   CLOCK_TO_OUT PORT "serial_out" CLKPORT "clk" 

Report:   11.560ns delay SLICE_143 to serial_out

   Name    Fanout   Delay (ns)          Site               Resource
REG_DEL     ---     0.452      R8C9C.CLK to       R8C9C.Q0 SLICE_143 (from clk_c)
ROUTE         1     0.766       R8C9C.Q0 to       R9C9C.C1 observe[134]
CTOF_DEL    ---     0.495       R9C9C.C1 to       R9C9C.F1 SLICE_210
ROUTE         1     1.962       R9C9C.F1 to     R10C13D.B0 serial_out_122
CTOF_DEL    ---     0.495     R10C13D.B0 to     R10C13D.F0 SLICE_531
ROUTE         1     0.623     R10C13D.F0 to     R10C14D.D0 serial_out_164
CTOF_DEL    ---     0.495     R10C14D.D0 to     R10C14D.F0 SLICE_523
ROUTE         1     1.299     R10C14D.F0 to      R9C15A.A0 serial_out_174
CTOF_DEL    ---     0.495      R9C15A.A0 to      R9C15A.F0 SLICE_521
ROUTE         1     1.681      R9C15A.F0 to       14.PADDO serial_out_c
DOPAD_DEL   ---     2.797       14.PADDO to         14.PAD serial_out
                  --------
                   11.560   (45.2% logic, 54.8% route), 6 logic levels.

Unconstrained Preference:
   CLOCK_TO_OUT PORT "serial_out" CLKPORT "clk" 

Report:   11.551ns delay SLICE_586 to serial_out

   Name    Fanout   Delay (ns)          Site               Resource
REG_DEL     ---     0.452     R5C11B.CLK to      R5C11B.Q0 SLICE_586 (from clk_c)
ROUTE         1     0.626      R5C11B.Q0 to      R5C11D.D1 observe[66]
CTOF_DEL    ---     0.495      R5C11D.D1 to      R5C11D.F1 SLICE_527
ROUTE         1     0.436      R5C11D.F1 to      R5C11D.C0 serial_out_105
CTOF_DEL    ---     0.495      R5C11D.C0 to      R5C11D.F0 SLICE_527
ROUTE         1     2.500      R5C11D.F0 to      R8C14B.D0 serial_out_159
CTOF_DEL    ---     0.495      R8C14B.D0 to      R8C14B.F0 SLICE_522
ROUTE         1     1.079      R8C14B.F0 to      R9C15A.C0 serial_out_173
CTOF_DEL    ---     0.495      R9C15A.C0 to      R9C15A.F0 SLICE_521
ROUTE         1     1.681      R9C15A.F0 to       14.PADDO serial_out_c
DOPAD_DEL   ---     2.797       14.PADDO to         14.PAD serial_out
                  --------
                   11.551   (45.3% logic, 54.7% route), 6 logic levels.

Unconstrained Preference:
   CLOCK_TO_OUT PORT "serial_out" CLKPORT "clk" 

Report:   11.550ns delay SLICE_511 to serial_out

   Name    Fanout   Delay (ns)          Site               Resource
REG_DEL     ---     0.452     R9C12A.CLK to      R9C12A.Q0 SLICE_511 (from clk_c)
ROUTE         1     1.163      R9C12A.Q0 to     R10C12B.C1 observe[52]
CTOF_DEL    ---     0.495     R10C12B.C1 to     R10C12B.F1 SLICE_526
ROUTE         1     0.436     R10C12B.F1 to     R10C12B.C0 serial_out_101
CTOF_DEL    ---     0.495     R10C12B.C0 to     R10C12B.F0 SLICE_526
ROUTE         1     1.962     R10C12B.F0 to      R8C14B.B0 serial_out_158
CTOF_DEL    ---     0.495      R8C14B.B0 to      R8C14B.F0 SLICE_522
ROUTE         1     1.079      R8C14B.F0 to      R9C15A.C0 serial_out_173
CTOF_DEL    ---     0.495      R9C15A.C0 to      R9C15A.F0 SLICE_521
ROUTE         1     1.681      R9C15A.F0 to       14.PADDO serial_out_c
DOPAD_DEL   ---     2.797       14.PADDO to         14.PAD serial_out
                  --------
                   11.550   (45.3% logic, 54.7% route), 6 logic levels.

Unconstrained Preference:
   CLOCK_TO_OUT PORT "serial_out" CLKPORT "clk" 

Report:   11.536ns delay SLICE_585 to serial_out

   Name    Fanout   Delay (ns)          Site               Resource
REG_DEL     ---     0.452     R7C12A.CLK to      R7C12A.Q0 SLICE_585 (from clk_c)
ROUTE         1     1.962      R7C12A.Q0 to      R8C10B.B1 observe[26]
CTOF_DEL    ---     0.495      R8C10B.B1 to      R8C10B.F1 SLICE_623
ROUTE         1     0.315      R8C10B.F1 to      R8C10D.D0 serial_out_95
CTOF_DEL    ---     0.495      R8C10D.D0 to      R8C10D.F0 SLICE_525
ROUTE         1     1.656      R8C10D.F0 to      R9C15A.D1 serial_out_157
CTOF_DEL    ---     0.495      R9C15A.D1 to      R9C15A.F1 SLICE_521
ROUTE         1     0.693      R9C15A.F1 to      R9C15A.B0 serial_out_167
CTOF_DEL    ---     0.495      R9C15A.B0 to      R9C15A.F0 SLICE_521
ROUTE         1     1.681      R9C15A.F0 to       14.PADDO serial_out_c
DOPAD_DEL   ---     2.797       14.PADDO to         14.PAD serial_out
                  --------
                   11.536   (45.3% logic, 54.7% route), 6 logic levels.

Unconstrained Preference:
   CLOCK_TO_OUT PORT "serial_out" CLKPORT "clk" 

Report:   11.523ns delay SLICE_327 to serial_out

   Name    Fanout   Delay (ns)          Site               Resource
REG_DEL     ---     0.452     R8C10C.CLK to      R8C10C.Q1 SLICE_327 (from clk_c)
ROUTE         1     0.623      R8C10C.Q1 to      R9C10C.D1 observe[69]
CTOF_DEL    ---     0.495      R9C10C.D1 to      R9C10C.F1 SLICE_227
ROUTE         1     0.986      R9C10C.F1 to      R9C12C.A0 serial_out_106
CTOF_DEL    ---     0.495      R9C12C.A0 to      R9C12C.F0 SLICE_528
ROUTE         1     1.925      R9C12C.F0 to      R8C14B.A0 serial_out_160
CTOF_DEL    ---     0.495      R8C14B.A0 to      R8C14B.F0 SLICE_522
ROUTE         1     1.079      R8C14B.F0 to      R9C15A.C0 serial_out_173
CTOF_DEL    ---     0.495      R9C15A.C0 to      R9C15A.F0 SLICE_521
ROUTE         1     1.681      R9C15A.F0 to       14.PADDO serial_out_c
DOPAD_DEL   ---     2.797       14.PADDO to         14.PAD serial_out
                  --------
                   11.523   (45.4% logic, 54.6% route), 6 logic levels.

Unconstrained Preference:
   CLOCK_TO_OUT PORT "serial_out" CLKPORT "clk" 

Report:   11.498ns delay SLICE_37 to serial_out

   Name    Fanout   Delay (ns)          Site               Resource
REG_DEL     ---     0.452      R8C6A.CLK to       R8C6A.Q0 SLICE_37 (from clk_c)
ROUTE         1     2.087       R8C6A.Q0 to      R9C14D.D0 observe[154]
CTOF_DEL    ---     0.495      R9C14D.D0 to      R9C14D.F0 SLICE_614
ROUTE         1     0.766      R9C14D.F0 to     R10C14D.C1 serial_out_127
CTOF_DEL    ---     0.495     R10C14D.C1 to     R10C14D.F1 SLICE_523
ROUTE         1     0.436     R10C14D.F1 to     R10C14D.C0 serial_out_165
CTOF_DEL    ---     0.495     R10C14D.C0 to     R10C14D.F0 SLICE_523
ROUTE         1     1.299     R10C14D.F0 to      R9C15A.A0 serial_out_174
CTOF_DEL    ---     0.495      R9C15A.A0 to      R9C15A.F0 SLICE_521
ROUTE         1     1.681      R9C15A.F0 to       14.PADDO serial_out_c
DOPAD_DEL   ---     2.797       14.PADDO to         14.PAD serial_out
                  --------
                   11.498   (45.5% logic, 54.5% route), 6 logic levels.

Unconstrained Preference:
   CLOCK_TO_OUT PORT "serial_out" CLKPORT "clk" 

Report:   11.489ns delay SLICE_585 to serial_out

   Name    Fanout   Delay (ns)          Site               Resource
REG_DEL     ---     0.452     R7C12A.CLK to      R7C12A.Q1 SLICE_585 (from clk_c)
ROUTE         1     1.915      R7C12A.Q1 to      R8C10B.A1 observe[27]
CTOF_DEL    ---     0.495      R8C10B.A1 to      R8C10B.F1 SLICE_623
ROUTE         1     0.315      R8C10B.F1 to      R8C10D.D0 serial_out_95
CTOF_DEL    ---     0.495      R8C10D.D0 to      R8C10D.F0 SLICE_525
ROUTE         1     1.656      R8C10D.F0 to      R9C15A.D1 serial_out_157
CTOF_DEL    ---     0.495      R9C15A.D1 to      R9C15A.F1 SLICE_521
ROUTE         1     0.693      R9C15A.F1 to      R9C15A.B0 serial_out_167
CTOF_DEL    ---     0.495      R9C15A.B0 to      R9C15A.F0 SLICE_521
ROUTE         1     1.681      R9C15A.F0 to       14.PADDO serial_out_c
DOPAD_DEL   ---     2.797       14.PADDO to         14.PAD serial_out
                  --------
                   11.489   (45.5% logic, 54.5% route), 6 logic levels.

Unconstrained Preference:
   CLOCK_TO_OUT PORT "serial_out" CLKPORT "clk" 

Report:   11.471ns delay SLICE_532 to serial_out

   Name    Fanout   Delay (ns)          Site               Resource
REG_DEL     ---     0.452      R9C9D.CLK to       R9C9D.Q0 SLICE_532 (from clk_c)
ROUTE         1     1.193       R9C9D.Q0 to     R10C10D.C1 observe[124]
CTOF_DEL    ---     0.495     R10C10D.C1 to     R10C10D.F1 SLICE_616
ROUTE         1     0.656     R10C10D.F1 to     R10C11A.A0 serial_out_119
CTOF_DEL    ---     0.495     R10C11A.A0 to     R10C11A.F0 SLICE_530
ROUTE         1     1.413     R10C11A.F0 to     R10C14D.A0 serial_out_163
CTOF_DEL    ---     0.495     R10C14D.A0 to     R10C14D.F0 SLICE_523
ROUTE         1     1.299     R10C14D.F0 to      R9C15A.A0 serial_out_174
CTOF_DEL    ---     0.495      R9C15A.A0 to      R9C15A.F0 SLICE_521
ROUTE         1     1.681      R9C15A.F0 to       14.PADDO serial_out_c
DOPAD_DEL   ---     2.797       14.PADDO to         14.PAD serial_out
                  --------
                   11.471   (45.6% logic, 54.4% route), 6 logic levels.

Unconstrained Preference:
   CLOCK_TO_OUT PORT "serial_out" CLKPORT "clk" 

Report:   11.469ns delay SLICE_46 to serial_out

   Name    Fanout   Delay (ns)          Site               Resource
REG_DEL     ---     0.452      R7C7A.CLK to       R7C7A.Q1 SLICE_46 (from clk_c)
ROUTE         1     1.023       R7C7A.Q1 to       R9C7B.B1 observe[159]
CTOF_DEL    ---     0.495       R9C7B.B1 to       R9C7B.F1 SLICE_613
ROUTE         1     1.801       R9C7B.F1 to     R10C14D.A1 serial_out_128
CTOF_DEL    ---     0.495     R10C14D.A1 to     R10C14D.F1 SLICE_523
ROUTE         1     0.436     R10C14D.F1 to     R10C14D.C0 serial_out_165
CTOF_DEL    ---     0.495     R10C14D.C0 to     R10C14D.F0 SLICE_523
ROUTE         1     1.299     R10C14D.F0 to      R9C15A.A0 serial_out_174
CTOF_DEL    ---     0.495      R9C15A.A0 to      R9C15A.F0 SLICE_521
ROUTE         1     1.681      R9C15A.F0 to       14.PADDO serial_out_c
DOPAD_DEL   ---     2.797       14.PADDO to         14.PAD serial_out
                  --------
                   11.469   (45.6% logic, 54.4% route), 6 logic levels.

Unconstrained Preference:
   CLOCK_TO_OUT PORT "serial_out" CLKPORT "clk" 

Report:   11.463ns delay SLICE_86 to serial_out

   Name    Fanout   Delay (ns)          Site               Resource
REG_DEL     ---     0.452     R7C14D.CLK to      R7C14D.Q0 SLICE_86 (from clk_c)
ROUTE         1     1.460      R7C14D.Q0 to      R7C10C.D0 observe[21]
CTOF_DEL    ---     0.495      R7C10C.D0 to      R7C10C.F0 SLICE_228
ROUTE         1     0.744      R7C10C.F0 to      R8C10D.C0 serial_out_94
CTOF_DEL    ---     0.495      R8C10D.C0 to      R8C10D.F0 SLICE_525
ROUTE         1     1.656      R8C10D.F0 to      R9C15A.D1 serial_out_157
CTOF_DEL    ---     0.495      R9C15A.D1 to      R9C15A.F1 SLICE_521
ROUTE         1     0.693      R9C15A.F1 to      R9C15A.B0 serial_out_167
CTOF_DEL    ---     0.495      R9C15A.B0 to      R9C15A.F0 SLICE_521
ROUTE         1     1.681      R9C15A.F0 to       14.PADDO serial_out_c
DOPAD_DEL   ---     2.797       14.PADDO to         14.PAD serial_out
                  --------
                   11.463   (45.6% logic, 54.4% route), 6 logic levels.

Unconstrained Preference:
   CLOCK_TO_OUT PORT "serial_out" CLKPORT "clk" 

Report:   11.459ns delay SLICE_500 to serial_out

   Name    Fanout   Delay (ns)          Site               Resource
REG_DEL     ---     0.452    R10C12A.CLK to     R10C12A.Q0 SLICE_500 (from clk_c)
ROUTE         1     1.072     R10C12A.Q0 to     R10C12B.D1 observe[50]
CTOF_DEL    ---     0.495     R10C12B.D1 to     R10C12B.F1 SLICE_526
ROUTE         1     0.436     R10C12B.F1 to     R10C12B.C0 serial_out_101
CTOF_DEL    ---     0.495     R10C12B.C0 to     R10C12B.F0 SLICE_526
ROUTE         1     1.962     R10C12B.F0 to      R8C14B.B0 serial_out_158
CTOF_DEL    ---     0.495      R8C14B.B0 to      R8C14B.F0 SLICE_522
ROUTE         1     1.079      R8C14B.F0 to      R9C15A.C0 serial_out_173
CTOF_DEL    ---     0.495      R9C15A.C0 to      R9C15A.F0 SLICE_521
ROUTE         1     1.681      R9C15A.F0 to       14.PADDO serial_out_c
DOPAD_DEL   ---     2.797       14.PADDO to         14.PAD serial_out
                  --------
                   11.459   (45.6% logic, 54.4% route), 6 logic levels.

Unconstrained Preference:
   CLOCK_TO_OUT PORT "serial_out" CLKPORT "clk" 

Report:   11.450ns delay SLICE_624 to serial_out

   Name    Fanout   Delay (ns)          Site               Resource
REG_DEL     ---     0.452     R9C16A.CLK to      R9C16A.Q0 SLICE_624 (from clk_c)
ROUTE         1     1.042      R9C16A.Q0 to      R9C14D.D1 observe[152]
CTOF_DEL    ---     0.495      R9C14D.D1 to      R9C14D.F1 SLICE_614
ROUTE         1     1.763      R9C14D.F1 to     R10C14D.B1 serial_out_126
CTOF_DEL    ---     0.495     R10C14D.B1 to     R10C14D.F1 SLICE_523
ROUTE         1     0.436     R10C14D.F1 to     R10C14D.C0 serial_out_165
CTOF_DEL    ---     0.495     R10C14D.C0 to     R10C14D.F0 SLICE_523
ROUTE         1     1.299     R10C14D.F0 to      R9C15A.A0 serial_out_174
CTOF_DEL    ---     0.495      R9C15A.A0 to      R9C15A.F0 SLICE_521
ROUTE         1     1.681      R9C15A.F0 to       14.PADDO serial_out_c
DOPAD_DEL   ---     2.797       14.PADDO to         14.PAD serial_out
                  --------
                   11.450   (45.7% logic, 54.3% route), 6 logic levels.

Unconstrained Preference:
   CLOCK_TO_OUT PORT "serial_out" CLKPORT "clk" 

Report:   11.426ns delay SLICE_302 to serial_out

   Name    Fanout   Delay (ns)          Site               Resource
REG_DEL     ---     0.452     R8C11C.CLK to      R8C11C.Q0 SLICE_302 (from clk_c)
ROUTE         1     1.163      R8C11C.Q0 to      R8C10B.C0 observe[30]
CTOF_DEL    ---     0.495      R8C10B.C0 to      R8C10B.F0 SLICE_623
ROUTE         1     1.004      R8C10B.F0 to      R8C10D.B0 serial_out_96
CTOF_DEL    ---     0.495      R8C10D.B0 to      R8C10D.F0 SLICE_525
ROUTE         1     1.656      R8C10D.F0 to      R9C15A.D1 serial_out_157
CTOF_DEL    ---     0.495      R9C15A.D1 to      R9C15A.F1 SLICE_521
ROUTE         1     0.693      R9C15A.F1 to      R9C15A.B0 serial_out_167
CTOF_DEL    ---     0.495      R9C15A.B0 to      R9C15A.F0 SLICE_521
ROUTE         1     1.681      R9C15A.F0 to       14.PADDO serial_out_c
DOPAD_DEL   ---     2.797       14.PADDO to         14.PAD serial_out
                  --------
                   11.426   (45.8% logic, 54.2% route), 6 logic levels.

Unconstrained Preference:
   CLOCK_TO_OUT PORT "serial_out" CLKPORT "clk" 

Report:   11.417ns delay SLICE_143 to serial_out

   Name    Fanout   Delay (ns)          Site               Resource
REG_DEL     ---     0.452      R8C9C.CLK to       R8C9C.Q1 SLICE_143 (from clk_c)
ROUTE         1     0.623       R8C9C.Q1 to       R9C9C.D1 observe[135]
CTOF_DEL    ---     0.495       R9C9C.D1 to       R9C9C.F1 SLICE_210
ROUTE         1     1.962       R9C9C.F1 to     R10C13D.B0 serial_out_122
CTOF_DEL    ---     0.495     R10C13D.B0 to     R10C13D.F0 SLICE_531
ROUTE         1     0.623     R10C13D.F0 to     R10C14D.D0 serial_out_164
CTOF_DEL    ---     0.495     R10C14D.D0 to     R10C14D.F0 SLICE_523
ROUTE         1     1.299     R10C14D.F0 to      R9C15A.A0 serial_out_174
CTOF_DEL    ---     0.495      R9C15A.A0 to      R9C15A.F0 SLICE_521
ROUTE         1     1.681      R9C15A.F0 to       14.PADDO serial_out_c
DOPAD_DEL   ---     2.797       14.PADDO to         14.PAD serial_out
                  --------
                   11.417   (45.8% logic, 54.2% route), 6 logic levels.

Unconstrained Preference:
   CLOCK_TO_OUT PORT "serial_out" CLKPORT "clk" 

Report:   11.408ns delay SLICE_525 to serial_out

   Name    Fanout   Delay (ns)          Site               Resource
REG_DEL     ---     0.452     R8C10D.CLK to      R8C10D.Q0 SLICE_525 (from clk_c)
ROUTE         1     1.042      R8C10D.Q0 to     R10C10D.D0 observe[126]
CTOF_DEL    ---     0.495     R10C10D.D0 to     R10C10D.F0 SLICE_616
ROUTE         1     0.744     R10C10D.F0 to     R10C11A.C0 serial_out_120
CTOF_DEL    ---     0.495     R10C11A.C0 to     R10C11A.F0 SLICE_530
ROUTE         1     1.413     R10C11A.F0 to     R10C14D.A0 serial_out_163
CTOF_DEL    ---     0.495     R10C14D.A0 to     R10C14D.F0 SLICE_523
ROUTE         1     1.299     R10C14D.F0 to      R9C15A.A0 serial_out_174
CTOF_DEL    ---     0.495      R9C15A.A0 to      R9C15A.F0 SLICE_521
ROUTE         1     1.681      R9C15A.F0 to       14.PADDO serial_out_c
DOPAD_DEL   ---     2.797       14.PADDO to         14.PAD serial_out
                  --------
                   11.408   (45.8% logic, 54.2% route), 6 logic levels.

Unconstrained Preference:
   CLOCK_TO_OUT PORT "serial_out" CLKPORT "clk" 

Report:   11.404ns delay SLICE_38 to serial_out

   Name    Fanout   Delay (ns)          Site               Resource
REG_DEL     ---     0.452      R8C6B.CLK to       R8C6B.Q1 SLICE_38 (from clk_c)
ROUTE         1     0.958       R8C6B.Q1 to       R9C7B.D1 observe[157]
CTOF_DEL    ---     0.495       R9C7B.D1 to       R9C7B.F1 SLICE_613
ROUTE         1     1.801       R9C7B.F1 to     R10C14D.A1 serial_out_128
CTOF_DEL    ---     0.495     R10C14D.A1 to     R10C14D.F1 SLICE_523
ROUTE         1     0.436     R10C14D.F1 to     R10C14D.C0 serial_out_165
CTOF_DEL    ---     0.495     R10C14D.C0 to     R10C14D.F0 SLICE_523
ROUTE         1     1.299     R10C14D.F0 to      R9C15A.A0 serial_out_174
CTOF_DEL    ---     0.495      R9C15A.A0 to      R9C15A.F0 SLICE_521
ROUTE         1     1.681      R9C15A.F0 to       14.PADDO serial_out_c
DOPAD_DEL   ---     2.797       14.PADDO to         14.PAD serial_out
                  --------
                   11.404   (45.9% logic, 54.1% route), 6 logic levels.

Unconstrained Preference:
   CLOCK_TO_OUT PORT "serial_out" CLKPORT "clk" 

Report:   11.391ns delay SLICE_500 to serial_out

   Name    Fanout   Delay (ns)          Site               Resource
REG_DEL     ---     0.452    R10C12A.CLK to     R10C12A.Q1 SLICE_500 (from clk_c)
ROUTE         1     1.004     R10C12A.Q1 to     R10C12B.B1 observe[51]
CTOF_DEL    ---     0.495     R10C12B.B1 to     R10C12B.F1 SLICE_526
ROUTE         1     0.436     R10C12B.F1 to     R10C12B.C0 serial_out_101
CTOF_DEL    ---     0.495     R10C12B.C0 to     R10C12B.F0 SLICE_526
ROUTE         1     1.962     R10C12B.F0 to      R8C14B.B0 serial_out_158
CTOF_DEL    ---     0.495      R8C14B.B0 to      R8C14B.F0 SLICE_522
ROUTE         1     1.079      R8C14B.F0 to      R9C15A.C0 serial_out_173
CTOF_DEL    ---     0.495      R9C15A.C0 to      R9C15A.F0 SLICE_521
ROUTE         1     1.681      R9C15A.F0 to       14.PADDO serial_out_c
DOPAD_DEL   ---     2.797       14.PADDO to         14.PAD serial_out
                  --------
                   11.391   (45.9% logic, 54.1% route), 6 logic levels.

Unconstrained Preference:
   CLOCK_TO_OUT PORT "serial_out" CLKPORT "clk" 

Report:   11.389ns delay SLICE_526 to serial_out

   Name    Fanout   Delay (ns)          Site               Resource
REG_DEL     ---     0.452    R10C12B.CLK to     R10C12B.Q0 SLICE_526 (from clk_c)
ROUTE         1     1.023     R10C12B.Q0 to     R10C10D.B0 observe[128]
CTOF_DEL    ---     0.495     R10C10D.B0 to     R10C10D.F0 SLICE_616
ROUTE         1     0.744     R10C10D.F0 to     R10C11A.C0 serial_out_120
CTOF_DEL    ---     0.495     R10C11A.C0 to     R10C11A.F0 SLICE_530
ROUTE         1     1.413     R10C11A.F0 to     R10C14D.A0 serial_out_163
CTOF_DEL    ---     0.495     R10C14D.A0 to     R10C14D.F0 SLICE_523
ROUTE         1     1.299     R10C14D.F0 to      R9C15A.A0 serial_out_174
CTOF_DEL    ---     0.495      R9C15A.A0 to      R9C15A.F0 SLICE_521
ROUTE         1     1.681      R9C15A.F0 to       14.PADDO serial_out_c
DOPAD_DEL   ---     2.797       14.PADDO to         14.PAD serial_out
                  --------
                   11.389   (45.9% logic, 54.1% route), 6 logic levels.

Unconstrained Preference:
   CLOCK_TO_OUT PORT "serial_out" CLKPORT "clk" 

Report:   11.351ns delay SLICE_512 to serial_out

   Name    Fanout   Delay (ns)          Site               Resource
REG_DEL     ---     0.452     R8C10A.CLK to      R8C10A.Q0 SLICE_512 (from clk_c)
ROUTE         1     1.959      R8C10A.Q0 to      R8C14D.D1 observe[86]
CTOF_DEL    ---     0.495      R8C14D.D1 to      R8C14D.F1 SLICE_619
ROUTE         1     0.967      R8C14D.F1 to      R8C14B.A1 serial_out_110
CTOF_DEL    ---     0.495      R8C14B.A1 to      R8C14B.F1 SLICE_522
ROUTE         1     0.436      R8C14B.F1 to      R8C14B.C0 serial_out_161
CTOF_DEL    ---     0.495      R8C14B.C0 to      R8C14B.F0 SLICE_522
ROUTE         1     1.079      R8C14B.F0 to      R9C15A.C0 serial_out_173
CTOF_DEL    ---     0.495      R9C15A.C0 to      R9C15A.F0 SLICE_521
ROUTE         1     1.681      R9C15A.F0 to       14.PADDO serial_out_c
DOPAD_DEL   ---     2.797       14.PADDO to         14.PAD serial_out
                  --------
                   11.351   (46.1% logic, 53.9% route), 6 logic levels.

Unconstrained Preference:
   CLOCK_TO_OUT PORT "serial_out" CLKPORT "clk" 

Report:   11.345ns delay SLICE_501 to serial_out

   Name    Fanout   Delay (ns)          Site               Resource
REG_DEL     ---     0.452     R8C12C.CLK to      R8C12C.Q0 SLICE_501 (from clk_c)
ROUTE         1     1.079      R8C12C.Q0 to     R10C12C.C0 observe[46]
CTOF_DEL    ---     0.495     R10C12C.C0 to     R10C12C.F0 SLICE_622
ROUTE         1     0.315     R10C12C.F0 to     R10C12B.D0 serial_out_100
CTOF_DEL    ---     0.495     R10C12B.D0 to     R10C12B.F0 SLICE_526
ROUTE         1     1.962     R10C12B.F0 to      R8C14B.B0 serial_out_158
CTOF_DEL    ---     0.495      R8C14B.B0 to      R8C14B.F0 SLICE_522
ROUTE         1     1.079      R8C14B.F0 to      R9C15A.C0 serial_out_173
CTOF_DEL    ---     0.495      R9C15A.C0 to      R9C15A.F0 SLICE_521
ROUTE         1     1.681      R9C15A.F0 to       14.PADDO serial_out_c
DOPAD_DEL   ---     2.797       14.PADDO to         14.PAD serial_out
                  --------
                   11.345   (46.1% logic, 53.9% route), 6 logic levels.

Unconstrained Preference:
   CLOCK_TO_OUT PORT "serial_out" CLKPORT "clk" 

Report:   11.316ns delay SLICE_531 to serial_out

   Name    Fanout   Delay (ns)          Site               Resource
REG_DEL     ---     0.452    R10C13D.CLK to     R10C13D.Q0 SLICE_531 (from clk_c)
ROUTE         1     1.498     R10C13D.Q0 to     R10C11C.A0 observe[142]
CTOF_DEL    ---     0.495     R10C11C.A0 to     R10C11C.F0 SLICE_615
ROUTE         1     0.986     R10C11C.F0 to     R10C13D.A0 serial_out_124
CTOF_DEL    ---     0.495     R10C13D.A0 to     R10C13D.F0 SLICE_531
ROUTE         1     0.623     R10C13D.F0 to     R10C14D.D0 serial_out_164
CTOF_DEL    ---     0.495     R10C14D.D0 to     R10C14D.F0 SLICE_523
ROUTE         1     1.299     R10C14D.F0 to      R9C15A.A0 serial_out_174
CTOF_DEL    ---     0.495      R9C15A.A0 to      R9C15A.F0 SLICE_521
ROUTE         1     1.681      R9C15A.F0 to       14.PADDO serial_out_c
DOPAD_DEL   ---     2.797       14.PADDO to         14.PAD serial_out
                  --------
                   11.316   (46.2% logic, 53.8% route), 6 logic levels.

Unconstrained Preference:
   CLOCK_TO_OUT PORT "serial_out" CLKPORT "clk" 

Report:   11.308ns delay SLICE_501 to serial_out

   Name    Fanout   Delay (ns)          Site               Resource
REG_DEL     ---     0.452     R8C12C.CLK to      R8C12C.Q1 SLICE_501 (from clk_c)
ROUTE         1     1.042      R8C12C.Q1 to     R10C12C.D0 observe[47]
CTOF_DEL    ---     0.495     R10C12C.D0 to     R10C12C.F0 SLICE_622
ROUTE         1     0.315     R10C12C.F0 to     R10C12B.D0 serial_out_100
CTOF_DEL    ---     0.495     R10C12B.D0 to     R10C12B.F0 SLICE_526
ROUTE         1     1.962     R10C12B.F0 to      R8C14B.B0 serial_out_158
CTOF_DEL    ---     0.495      R8C14B.B0 to      R8C14B.F0 SLICE_522
ROUTE         1     1.079      R8C14B.F0 to      R9C15A.C0 serial_out_173
CTOF_DEL    ---     0.495      R9C15A.C0 to      R9C15A.F0 SLICE_521
ROUTE         1     1.681      R9C15A.F0 to       14.PADDO serial_out_c
DOPAD_DEL   ---     2.797       14.PADDO to         14.PAD serial_out
                  --------
                   11.308   (46.2% logic, 53.8% route), 6 logic levels.

Unconstrained Preference:
   CLOCK_TO_OUT PORT "serial_out" CLKPORT "clk" 

Report:   11.305ns delay SLICE_326 to serial_out

   Name    Fanout   Delay (ns)          Site               Resource
REG_DEL     ---     0.452     R7C12B.CLK to      R7C12B.Q1 SLICE_326 (from clk_c)
ROUTE         1     1.079      R7C12B.Q1 to      R8C10D.C1 observe[35]
CTOF_DEL    ---     0.495      R8C10D.C1 to      R8C10D.F1 SLICE_525
ROUTE         1     0.967      R8C10D.F1 to      R8C10D.A0 serial_out_97
CTOF_DEL    ---     0.495      R8C10D.A0 to      R8C10D.F0 SLICE_525
ROUTE         1     1.656      R8C10D.F0 to      R9C15A.D1 serial_out_157
CTOF_DEL    ---     0.495      R9C15A.D1 to      R9C15A.F1 SLICE_521
ROUTE         1     0.693      R9C15A.F1 to      R9C15A.B0 serial_out_167
CTOF_DEL    ---     0.495      R9C15A.B0 to      R9C15A.F0 SLICE_521
ROUTE         1     1.681      R9C15A.F0 to       14.PADDO serial_out_c
DOPAD_DEL   ---     2.797       14.PADDO to         14.PAD serial_out
                  --------
                   11.305   (46.3% logic, 53.7% route), 6 logic levels.

Unconstrained Preference:
   CLOCK_TO_OUT PORT "serial_out" CLKPORT "clk" 

Report:   11.302ns delay SLICE_87 to serial_out

   Name    Fanout   Delay (ns)          Site               Resource
REG_DEL     ---     0.452      R7C8A.CLK to       R7C8A.Q0 SLICE_87 (from clk_c)
ROUTE         1     1.299       R7C8A.Q0 to      R7C10C.A0 observe[23]
CTOF_DEL    ---     0.495      R7C10C.A0 to      R7C10C.F0 SLICE_228
ROUTE         1     0.744      R7C10C.F0 to      R8C10D.C0 serial_out_94
CTOF_DEL    ---     0.495      R8C10D.C0 to      R8C10D.F0 SLICE_525
ROUTE         1     1.656      R8C10D.F0 to      R9C15A.D1 serial_out_157
CTOF_DEL    ---     0.495      R9C15A.D1 to      R9C15A.F1 SLICE_521
ROUTE         1     0.693      R9C15A.F1 to      R9C15A.B0 serial_out_167
CTOF_DEL    ---     0.495      R9C15A.B0 to      R9C15A.F0 SLICE_521
ROUTE         1     1.681      R9C15A.F0 to       14.PADDO serial_out_c
DOPAD_DEL   ---     2.797       14.PADDO to         14.PAD serial_out
                  --------
                   11.302   (46.3% logic, 53.7% route), 6 logic levels.

Unconstrained Preference:
   CLOCK_TO_OUT PORT "serial_out" CLKPORT "clk" 

Report:   11.271ns delay SLICE_47 to serial_out

   Name    Fanout   Delay (ns)          Site               Resource
REG_DEL     ---     0.452      R7C7B.CLK to       R7C7B.Q1 SLICE_47 (from clk_c)
ROUTE         1     1.042       R7C7B.Q1 to       R9C7B.D0 observe[161]
CTOF_DEL    ---     0.495       R9C7B.D0 to       R9C7B.F0 SLICE_613
ROUTE         1     1.584       R9C7B.F0 to     R10C14D.D1 serial_out_129
CTOF_DEL    ---     0.495     R10C14D.D1 to     R10C14D.F1 SLICE_523
ROUTE         1     0.436     R10C14D.F1 to     R10C14D.C0 serial_out_165
CTOF_DEL    ---     0.495     R10C14D.C0 to     R10C14D.F0 SLICE_523
ROUTE         1     1.299     R10C14D.F0 to      R9C15A.A0 serial_out_174
CTOF_DEL    ---     0.495      R9C15A.A0 to      R9C15A.F0 SLICE_521
ROUTE         1     1.681      R9C15A.F0 to       14.PADDO serial_out_c
DOPAD_DEL   ---     2.797       14.PADDO to         14.PAD serial_out
                  --------
                   11.271   (46.4% logic, 53.6% route), 6 logic levels.

Unconstrained Preference:
   CLOCK_TO_OUT PORT "serial_out" CLKPORT "clk" 

Report:   11.267ns delay SLICE_510 to serial_out

   Name    Fanout   Delay (ns)          Site               Resource
REG_DEL     ---     0.452     R9C12D.CLK to      R9C12D.Q1 SLICE_510 (from clk_c)
ROUTE         1     0.623      R9C12D.Q1 to     R10C12C.D1 observe[43]
CTOF_DEL    ---     0.495     R10C12C.D1 to     R10C12C.F1 SLICE_622
ROUTE         1     0.693     R10C12C.F1 to     R10C12B.B0 serial_out_99
CTOF_DEL    ---     0.495     R10C12B.B0 to     R10C12B.F0 SLICE_526
ROUTE         1     1.962     R10C12B.F0 to      R8C14B.B0 serial_out_158
CTOF_DEL    ---     0.495      R8C14B.B0 to      R8C14B.F0 SLICE_522
ROUTE         1     1.079      R8C14B.F0 to      R9C15A.C0 serial_out_173
CTOF_DEL    ---     0.495      R9C15A.C0 to      R9C15A.F0 SLICE_521
ROUTE         1     1.681      R9C15A.F0 to       14.PADDO serial_out_c
DOPAD_DEL   ---     2.797       14.PADDO to         14.PAD serial_out
                  --------
                   11.267   (46.4% logic, 53.6% route), 6 logic levels.

Unconstrained Preference:
   CLOCK_TO_OUT PORT "serial_out" CLKPORT "clk" 

Report:   11.263ns delay SLICE_493 to serial_out

   Name    Fanout   Delay (ns)          Site               Resource
REG_DEL     ---     0.452      R5C7A.CLK to       R5C7A.Q1 SLICE_493 (from clk_c)
ROUTE         1     2.402       R5C7A.Q1 to      R8C14C.D0 observe[97]
CTOF_DEL    ---     0.495      R8C14C.D0 to      R8C14C.F0 SLICE_618
ROUTE         1     0.436      R8C14C.F0 to      R8C14B.C1 serial_out_113
CTOF_DEL    ---     0.495      R8C14B.C1 to      R8C14B.F1 SLICE_522
ROUTE         1     0.436      R8C14B.F1 to      R8C14B.C0 serial_out_161
CTOF_DEL    ---     0.495      R8C14B.C0 to      R8C14B.F0 SLICE_522
ROUTE         1     1.079      R8C14B.F0 to      R9C15A.C0 serial_out_173
CTOF_DEL    ---     0.495      R9C15A.C0 to      R9C15A.F0 SLICE_521
ROUTE         1     1.681      R9C15A.F0 to       14.PADDO serial_out_c
DOPAD_DEL   ---     2.797       14.PADDO to         14.PAD serial_out
                  --------
                   11.263   (46.4% logic, 53.6% route), 6 logic levels.

Unconstrained Preference:
   CLOCK_TO_OUT PORT "serial_out" CLKPORT "clk" 

Report:   11.252ns delay SLICE_43 to serial_out

   Name    Fanout   Delay (ns)          Site               Resource
REG_DEL     ---     0.452     R10C7A.CLK to      R10C7A.Q0 SLICE_43 (from clk_c)
ROUTE         1     1.023      R10C7A.Q0 to       R9C7B.B0 observe[162]
CTOF_DEL    ---     0.495       R9C7B.B0 to       R9C7B.F0 SLICE_613
ROUTE         1     1.584       R9C7B.F0 to     R10C14D.D1 serial_out_129
CTOF_DEL    ---     0.495     R10C14D.D1 to     R10C14D.F1 SLICE_523
ROUTE         1     0.436     R10C14D.F1 to     R10C14D.C0 serial_out_165
CTOF_DEL    ---     0.495     R10C14D.C0 to     R10C14D.F0 SLICE_523
ROUTE         1     1.299     R10C14D.F0 to      R9C15A.A0 serial_out_174
CTOF_DEL    ---     0.495      R9C15A.A0 to      R9C15A.F0 SLICE_521
ROUTE         1     1.681      R9C15A.F0 to       14.PADDO serial_out_c
DOPAD_DEL   ---     2.797       14.PADDO to         14.PAD serial_out
                  --------
                   11.252   (46.5% logic, 53.5% route), 6 logic levels.

Unconstrained Preference:
   CLOCK_TO_OUT PORT "serial_out" CLKPORT "clk" 

Report:   11.195ns delay SLICE_157 to serial_out

   Name    Fanout   Delay (ns)          Site               Resource
REG_DEL     ---     0.452      R3C5D.CLK to       R3C5D.Q0 SLICE_157 (from clk_c)
ROUTE         1     2.353       R3C5D.Q0 to       R9C9B.B1 observe[176]
CTOF_DEL    ---     0.495       R9C9B.B1 to       R9C9B.F1 SLICE_524
ROUTE         1     0.967       R9C9B.F1 to       R9C9B.A0 serial_out_132
CTOF_DEL    ---     0.495       R9C9B.A0 to       R9C9B.F0 SLICE_524
ROUTE         1     1.460       R9C9B.F0 to      R9C15A.D0 serial_out_166
CTOF_DEL    ---     0.495      R9C15A.D0 to      R9C15A.F0 SLICE_521
ROUTE         1     1.681      R9C15A.F0 to       14.PADDO serial_out_c
DOPAD_DEL   ---     2.797       14.PADDO to         14.PAD serial_out
                  --------
                   11.195   (42.3% logic, 57.7% route), 5 logic levels.

Unconstrained Preference:
   CLOCK_TO_OUT PORT "serial_out" CLKPORT "clk" 

Report:   11.185ns delay SLICE_325 to serial_out

   Name    Fanout   Delay (ns)          Site               Resource
REG_DEL     ---     0.452     R9C13A.CLK to      R9C13A.Q0 SLICE_325 (from clk_c)
ROUTE         1     0.626      R9C13A.Q0 to      R9C13D.D1 observe[74]
CTOF_DEL    ---     0.495      R9C13D.D1 to      R9C13D.F1 SLICE_620
ROUTE         1     0.645      R9C13D.F1 to      R9C12C.D0 serial_out_107
CTOF_DEL    ---     0.495      R9C12C.D0 to      R9C12C.F0 SLICE_528
ROUTE         1     1.925      R9C12C.F0 to      R8C14B.A0 serial_out_160
CTOF_DEL    ---     0.495      R8C14B.A0 to      R8C14B.F0 SLICE_522
ROUTE         1     1.079      R8C14B.F0 to      R9C15A.C0 serial_out_173
CTOF_DEL    ---     0.495      R9C15A.C0 to      R9C15A.F0 SLICE_521
ROUTE         1     1.681      R9C15A.F0 to       14.PADDO serial_out_c
DOPAD_DEL   ---     2.797       14.PADDO to         14.PAD serial_out
                  --------
                   11.185   (46.8% logic, 53.2% route), 6 logic levels.

Unconstrained Preference:
   CLOCK_TO_OUT PORT "serial_out" CLKPORT "clk" 

Report:   11.174ns delay SLICE_523 to serial_out

   Name    Fanout   Delay (ns)          Site               Resource
REG_DEL     ---     0.452    R10C14D.CLK to     R10C14D.Q1 SLICE_523 (from clk_c)
ROUTE         1     0.766     R10C14D.Q1 to      R9C14D.C1 observe[149]
CTOF_DEL    ---     0.495      R9C14D.C1 to      R9C14D.F1 SLICE_614
ROUTE         1     1.763      R9C14D.F1 to     R10C14D.B1 serial_out_126
CTOF_DEL    ---     0.495     R10C14D.B1 to     R10C14D.F1 SLICE_523
ROUTE         1     0.436     R10C14D.F1 to     R10C14D.C0 serial_out_165
CTOF_DEL    ---     0.495     R10C14D.C0 to     R10C14D.F0 SLICE_523
ROUTE         1     1.299     R10C14D.F0 to      R9C15A.A0 serial_out_174
CTOF_DEL    ---     0.495      R9C15A.A0 to      R9C15A.F0 SLICE_521
ROUTE         1     1.681      R9C15A.F0 to       14.PADDO serial_out_c
DOPAD_DEL   ---     2.797       14.PADDO to         14.PAD serial_out
                  --------
                   11.174   (46.8% logic, 53.2% route), 6 logic levels.

Unconstrained Preference:
   CLOCK_TO_OUT PORT "serial_out" CLKPORT "clk" 

Report:   11.125ns delay SLICE_615 to serial_out

   Name    Fanout   Delay (ns)          Site               Resource
REG_DEL     ---     0.452    R10C11C.CLK to     R10C11C.Q0 SLICE_615 (from clk_c)
ROUTE         1     0.747     R10C11C.Q0 to     R10C11D.C1 observe[116]
CTOF_DEL    ---     0.495     R10C11D.C1 to     R10C11D.F1 SLICE_529
ROUTE         1     0.436     R10C11D.F1 to     R10C11D.C0 serial_out_117
CTOF_DEL    ---     0.495     R10C11D.C0 to     R10C11D.F0 SLICE_529
ROUTE         1     1.733     R10C11D.F0 to     R10C14D.B0 serial_out_162
CTOF_DEL    ---     0.495     R10C14D.B0 to     R10C14D.F0 SLICE_523
ROUTE         1     1.299     R10C14D.F0 to      R9C15A.A0 serial_out_174
CTOF_DEL    ---     0.495      R9C15A.A0 to      R9C15A.F0 SLICE_521
ROUTE         1     1.681      R9C15A.F0 to       14.PADDO serial_out_c
DOPAD_DEL   ---     2.797       14.PADDO to         14.PAD serial_out
                  --------
                   11.125   (47.0% logic, 53.0% route), 6 logic levels.

Unconstrained Preference:
   CLOCK_TO_OUT PORT "serial_out" CLKPORT "clk" 

Report:   11.106ns delay SLICE_524 to serial_out

   Name    Fanout   Delay (ns)          Site               Resource
REG_DEL     ---     0.452      R9C9B.CLK to       R9C9B.Q1 SLICE_524 (from clk_c)
ROUTE         1     1.838       R9C9B.Q1 to     R10C13D.B1 observe[145]
CTOF_DEL    ---     0.495     R10C13D.B1 to     R10C13D.F1 SLICE_531
ROUTE         1     0.436     R10C13D.F1 to     R10C13D.C0 serial_out_125
CTOF_DEL    ---     0.495     R10C13D.C0 to     R10C13D.F0 SLICE_531
ROUTE         1     0.623     R10C13D.F0 to     R10C14D.D0 serial_out_164
CTOF_DEL    ---     0.495     R10C14D.D0 to     R10C14D.F0 SLICE_523
ROUTE         1     1.299     R10C14D.F0 to      R9C15A.A0 serial_out_174
CTOF_DEL    ---     0.495      R9C15A.A0 to      R9C15A.F0 SLICE_521
ROUTE         1     1.681      R9C15A.F0 to       14.PADDO serial_out_c
DOPAD_DEL   ---     2.797       14.PADDO to         14.PAD serial_out
                  --------
                   11.106   (47.1% logic, 52.9% route), 6 logic levels.

Unconstrained Preference:
   CLOCK_TO_OUT PORT "serial_out" CLKPORT "clk" 

Report:   11.094ns delay SLICE_614 to serial_out

   Name    Fanout   Delay (ns)          Site               Resource
REG_DEL     ---     0.452     R9C14D.CLK to      R9C14D.Q1 SLICE_614 (from clk_c)
ROUTE         1     1.157      R9C14D.Q1 to     R10C11B.D1 observe[119]
CTOF_DEL    ---     0.495     R10C11B.D1 to     R10C11B.F1 SLICE_226
ROUTE         1     0.315     R10C11B.F1 to     R10C11A.D0 serial_out_118
CTOF_DEL    ---     0.495     R10C11A.D0 to     R10C11A.F0 SLICE_530
ROUTE         1     1.413     R10C11A.F0 to     R10C14D.A0 serial_out_163
CTOF_DEL    ---     0.495     R10C14D.A0 to     R10C14D.F0 SLICE_523
ROUTE         1     1.299     R10C14D.F0 to      R9C15A.A0 serial_out_174
CTOF_DEL    ---     0.495      R9C15A.A0 to      R9C15A.F0 SLICE_521
ROUTE         1     1.681      R9C15A.F0 to       14.PADDO serial_out_c
DOPAD_DEL   ---     2.797       14.PADDO to         14.PAD serial_out
                  --------
                   11.094   (47.1% logic, 52.9% route), 6 logic levels.

Unconstrained Preference:
   CLOCK_TO_OUT PORT "serial_out" CLKPORT "clk" 

Report:   11.001ns delay SLICE_616 to serial_out

   Name    Fanout   Delay (ns)          Site               Resource
REG_DEL     ---     0.452    R10C10D.CLK to     R10C10D.Q1 SLICE_616 (from clk_c)
ROUTE         1     0.623     R10C10D.Q1 to     R10C11D.D1 observe[115]
CTOF_DEL    ---     0.495     R10C11D.D1 to     R10C11D.F1 SLICE_529
ROUTE         1     0.436     R10C11D.F1 to     R10C11D.C0 serial_out_117
CTOF_DEL    ---     0.495     R10C11D.C0 to     R10C11D.F0 SLICE_529
ROUTE         1     1.733     R10C11D.F0 to     R10C14D.B0 serial_out_162
CTOF_DEL    ---     0.495     R10C14D.B0 to     R10C14D.F0 SLICE_523
ROUTE         1     1.299     R10C14D.F0 to      R9C15A.A0 serial_out_174
CTOF_DEL    ---     0.495      R9C15A.A0 to      R9C15A.F0 SLICE_521
ROUTE         1     1.681      R9C15A.F0 to       14.PADDO serial_out_c
DOPAD_DEL   ---     2.797       14.PADDO to         14.PAD serial_out
                  --------
                   11.001   (47.5% logic, 52.5% route), 6 logic levels.

Unconstrained Preference:
   CLOCK_TO_OUT PORT "serial_out" CLKPORT "clk" 

Report:   10.982ns delay SLICE_324 to serial_out

   Name    Fanout   Delay (ns)          Site               Resource
REG_DEL     ---     0.452     R7C12C.CLK to      R7C12C.Q1 SLICE_324 (from clk_c)
ROUTE         1     1.590      R7C12C.Q1 to      R8C14D.C1 observe[85]
CTOF_DEL    ---     0.495      R8C14D.C1 to      R8C14D.F1 SLICE_619
ROUTE         1     0.967      R8C14D.F1 to      R8C14B.A1 serial_out_110
CTOF_DEL    ---     0.495      R8C14B.A1 to      R8C14B.F1 SLICE_522
ROUTE         1     0.436      R8C14B.F1 to      R8C14B.C0 serial_out_161
CTOF_DEL    ---     0.495      R8C14B.C0 to      R8C14B.F0 SLICE_522
ROUTE         1     1.079      R8C14B.F0 to      R9C15A.C0 serial_out_173
CTOF_DEL    ---     0.495      R9C15A.C0 to      R9C15A.F0 SLICE_521
ROUTE         1     1.681      R9C15A.F0 to       14.PADDO serial_out_c
DOPAD_DEL   ---     2.797       14.PADDO to         14.PAD serial_out
                  --------
                   10.982   (47.6% logic, 52.4% route), 6 logic levels.

Unconstrained Preference:
   CLOCK_TO_OUT PORT "serial_out" CLKPORT "clk" 

Report:   10.973ns delay SLICE_43 to serial_out

   Name    Fanout   Delay (ns)          Site               Resource
REG_DEL     ---     0.452     R10C7A.CLK to      R10C7A.Q1 SLICE_43 (from clk_c)
ROUTE         1     0.744      R10C7A.Q1 to       R9C7B.C0 observe[163]
CTOF_DEL    ---     0.495       R9C7B.C0 to       R9C7B.F0 SLICE_613
ROUTE         1     1.584       R9C7B.F0 to     R10C14D.D1 serial_out_129
CTOF_DEL    ---     0.495     R10C14D.D1 to     R10C14D.F1 SLICE_523
ROUTE         1     0.436     R10C14D.F1 to     R10C14D.C0 serial_out_165
CTOF_DEL    ---     0.495     R10C14D.C0 to     R10C14D.F0 SLICE_523
ROUTE         1     1.299     R10C14D.F0 to      R9C15A.A0 serial_out_174
CTOF_DEL    ---     0.495      R9C15A.A0 to      R9C15A.F0 SLICE_521
ROUTE         1     1.681      R9C15A.F0 to       14.PADDO serial_out_c
DOPAD_DEL   ---     2.797       14.PADDO to         14.PAD serial_out
                  --------
                   10.973   (47.7% logic, 52.3% route), 6 logic levels.

Unconstrained Preference:
   CLOCK_TO_OUT PORT "serial_out" CLKPORT "clk" 

Report:   10.964ns delay SLICE_493 to serial_out

   Name    Fanout   Delay (ns)          Site               Resource
REG_DEL     ---     0.452      R5C7A.CLK to       R5C7A.Q0 SLICE_493 (from clk_c)
ROUTE         1     2.224       R5C7A.Q0 to      R8C14C.C1 observe[96]
CTOF_DEL    ---     0.495      R8C14C.C1 to      R8C14C.F1 SLICE_618
ROUTE         1     0.315      R8C14C.F1 to      R8C14B.D1 serial_out_112
CTOF_DEL    ---     0.495      R8C14B.D1 to      R8C14B.F1 SLICE_522
ROUTE         1     0.436      R8C14B.F1 to      R8C14B.C0 serial_out_161
CTOF_DEL    ---     0.495      R8C14B.C0 to      R8C14B.F0 SLICE_522
ROUTE         1     1.079      R8C14B.F0 to      R9C15A.C0 serial_out_173
CTOF_DEL    ---     0.495      R9C15A.C0 to      R9C15A.F0 SLICE_521
ROUTE         1     1.681      R9C15A.F0 to       14.PADDO serial_out_c
DOPAD_DEL   ---     2.797       14.PADDO to         14.PAD serial_out
                  --------
                   10.964   (47.7% logic, 52.3% route), 6 logic levels.

Unconstrained Preference:
   CLOCK_TO_OUT PORT "serial_out" CLKPORT "clk" 

Report:   10.963ns delay SLICE_145 to serial_out

   Name    Fanout   Delay (ns)          Site               Resource
REG_DEL     ---     0.452      R4C9D.CLK to       R4C9D.Q1 SLICE_145 (from clk_c)
ROUTE         1     1.173       R4C9D.Q1 to     R10C11C.D1 observe[138]
CTOF_DEL    ---     0.495     R10C11C.D1 to     R10C11C.F1 SLICE_615
ROUTE         1     0.958     R10C11C.F1 to     R10C13D.D0 serial_out_123
CTOF_DEL    ---     0.495     R10C13D.D0 to     R10C13D.F0 SLICE_531
ROUTE         1     0.623     R10C13D.F0 to     R10C14D.D0 serial_out_164
CTOF_DEL    ---     0.495     R10C14D.D0 to     R10C14D.F0 SLICE_523
ROUTE         1     1.299     R10C14D.F0 to      R9C15A.A0 serial_out_174
CTOF_DEL    ---     0.495      R9C15A.A0 to      R9C15A.F0 SLICE_521
ROUTE         1     1.681      R9C15A.F0 to       14.PADDO serial_out_c
DOPAD_DEL   ---     2.797       14.PADDO to         14.PAD serial_out
                  --------
                   10.963   (47.7% logic, 52.3% route), 6 logic levels.

Unconstrained Preference:
   CLOCK_TO_OUT PORT "serial_out" CLKPORT "clk" 

Report:   10.919ns delay SLICE_158 to serial_out

   Name    Fanout   Delay (ns)          Site               Resource
REG_DEL     ---     0.452      R3C9B.CLK to       R3C9B.Q0 SLICE_158 (from clk_c)
ROUTE         1     2.297       R3C9B.Q0 to       R9C9D.A0 observe[178]
CTOF_DEL    ---     0.495       R9C9D.A0 to       R9C9D.F0 SLICE_532
ROUTE         1     0.747       R9C9D.F0 to       R9C9B.C0 serial_out_133
CTOF_DEL    ---     0.495       R9C9B.C0 to       R9C9B.F0 SLICE_524
ROUTE         1     1.460       R9C9B.F0 to      R9C15A.D0 serial_out_166
CTOF_DEL    ---     0.495      R9C15A.D0 to      R9C15A.F0 SLICE_521
ROUTE         1     1.681      R9C15A.F0 to       14.PADDO serial_out_c
DOPAD_DEL   ---     2.797       14.PADDO to         14.PAD serial_out
                  --------
                   10.919   (43.4% logic, 56.6% route), 5 logic levels.

Unconstrained Preference:
   CLOCK_TO_OUT PORT "serial_out" CLKPORT "clk" 

Report:   10.919ns delay SLICE_328 to serial_out

   Name    Fanout   Delay (ns)          Site               Resource
REG_DEL     ---     0.452     R7C13B.CLK to      R7C13B.Q1 SLICE_328 (from clk_c)
ROUTE         1     1.801      R7C13B.Q1 to      R8C14D.A0 observe[91]
CTOF_DEL    ---     0.495      R8C14D.A0 to      R8C14D.F0 SLICE_619
ROUTE         1     0.693      R8C14D.F0 to      R8C14B.B1 serial_out_111
CTOF_DEL    ---     0.495      R8C14B.B1 to      R8C14B.F1 SLICE_522
ROUTE         1     0.436      R8C14B.F1 to      R8C14B.C0 serial_out_161
CTOF_DEL    ---     0.495      R8C14B.C0 to      R8C14B.F0 SLICE_522
ROUTE         1     1.079      R8C14B.F0 to      R9C15A.C0 serial_out_173
CTOF_DEL    ---     0.495      R9C15A.C0 to      R9C15A.F0 SLICE_521
ROUTE         1     1.681      R9C15A.F0 to       14.PADDO serial_out_c
DOPAD_DEL   ---     2.797       14.PADDO to         14.PAD serial_out
                  --------
                   10.919   (47.9% logic, 52.1% route), 6 logic levels.

Unconstrained Preference:
   CLOCK_TO_OUT PORT "serial_out" CLKPORT "clk" 

Report:   10.904ns delay SLICE_615 to serial_out

   Name    Fanout   Delay (ns)          Site               Resource
REG_DEL     ---     0.452    R10C11C.CLK to     R10C11C.Q1 SLICE_615 (from clk_c)
ROUTE         1     0.967     R10C11C.Q1 to     R10C11B.A1 observe[117]
CTOF_DEL    ---     0.495     R10C11B.A1 to     R10C11B.F1 SLICE_226
ROUTE         1     0.315     R10C11B.F1 to     R10C11A.D0 serial_out_118
CTOF_DEL    ---     0.495     R10C11A.D0 to     R10C11A.F0 SLICE_530
ROUTE         1     1.413     R10C11A.F0 to     R10C14D.A0 serial_out_163
CTOF_DEL    ---     0.495     R10C14D.A0 to     R10C14D.F0 SLICE_523
ROUTE         1     1.299     R10C14D.F0 to      R9C15A.A0 serial_out_174
CTOF_DEL    ---     0.495      R9C15A.A0 to      R9C15A.F0 SLICE_521
ROUTE         1     1.681      R9C15A.F0 to       14.PADDO serial_out_c
DOPAD_DEL   ---     2.797       14.PADDO to         14.PAD serial_out
                  --------
                   10.904   (48.0% logic, 52.0% route), 6 logic levels.

Unconstrained Preference:
   CLOCK_TO_OUT PORT "serial_out" CLKPORT "clk" 

Report:   10.897ns delay SLICE_531 to serial_out

   Name    Fanout   Delay (ns)          Site               Resource
REG_DEL     ---     0.452    R10C13D.CLK to     R10C13D.Q1 SLICE_531 (from clk_c)
ROUTE         1     1.079     R10C13D.Q1 to     R10C11C.C0 observe[143]
CTOF_DEL    ---     0.495     R10C11C.C0 to     R10C11C.F0 SLICE_615
ROUTE         1     0.986     R10C11C.F0 to     R10C13D.A0 serial_out_124
CTOF_DEL    ---     0.495     R10C13D.A0 to     R10C13D.F0 SLICE_531
ROUTE         1     0.623     R10C13D.F0 to     R10C14D.D0 serial_out_164
CTOF_DEL    ---     0.495     R10C14D.D0 to     R10C14D.F0 SLICE_523
ROUTE         1     1.299     R10C14D.F0 to      R9C15A.A0 serial_out_174
CTOF_DEL    ---     0.495      R9C15A.A0 to      R9C15A.F0 SLICE_521
ROUTE         1     1.681      R9C15A.F0 to       14.PADDO serial_out_c
DOPAD_DEL   ---     2.797       14.PADDO to         14.PAD serial_out
                  --------
                   10.897   (48.0% logic, 52.0% route), 6 logic levels.

Unconstrained Preference:
   CLOCK_TO_OUT PORT "serial_out" CLKPORT "clk" 

Report:   10.886ns delay SLICE_302 to serial_out

   Name    Fanout   Delay (ns)          Site               Resource
REG_DEL     ---     0.452     R8C11C.CLK to      R8C11C.Q1 SLICE_302 (from clk_c)
ROUTE         1     0.623      R8C11C.Q1 to      R8C10B.D0 observe[31]
CTOF_DEL    ---     0.495      R8C10B.D0 to      R8C10B.F0 SLICE_623
ROUTE         1     1.004      R8C10B.F0 to      R8C10D.B0 serial_out_96
CTOF_DEL    ---     0.495      R8C10D.B0 to      R8C10D.F0 SLICE_525
ROUTE         1     1.656      R8C10D.F0 to      R9C15A.D1 serial_out_157
CTOF_DEL    ---     0.495      R9C15A.D1 to      R9C15A.F1 SLICE_521
ROUTE         1     0.693      R9C15A.F1 to      R9C15A.B0 serial_out_167
CTOF_DEL    ---     0.495      R9C15A.B0 to      R9C15A.F0 SLICE_521
ROUTE         1     1.681      R9C15A.F0 to       14.PADDO serial_out_c
DOPAD_DEL   ---     2.797       14.PADDO to         14.PAD serial_out
                  --------
                   10.886   (48.0% logic, 52.0% route), 6 logic levels.

Unconstrained Preference:
   CLOCK_TO_OUT PORT "serial_out" CLKPORT "clk" 

Report:   10.876ns delay SLICE_40 to serial_out

   Name    Fanout   Delay (ns)          Site               Resource
REG_DEL     ---     0.452      R8C7A.CLK to       R8C7A.Q0 SLICE_40 (from clk_c)
ROUTE         1     1.581       R8C7A.Q0 to       R9C7C.C1 observe[166]
CTOF_DEL    ---     0.495       R9C7C.C1 to       R9C7C.F1 SLICE_612
ROUTE         1     1.420       R9C7C.F1 to       R9C9B.B0 serial_out_130
CTOF_DEL    ---     0.495       R9C9B.B0 to       R9C9B.F0 SLICE_524
ROUTE         1     1.460       R9C9B.F0 to      R9C15A.D0 serial_out_166
CTOF_DEL    ---     0.495      R9C15A.D0 to      R9C15A.F0 SLICE_521
ROUTE         1     1.681      R9C15A.F0 to       14.PADDO serial_out_c
DOPAD_DEL   ---     2.797       14.PADDO to         14.PAD serial_out
                  --------
                   10.876   (43.5% logic, 56.5% route), 5 logic levels.

Unconstrained Preference:
   CLOCK_TO_OUT PORT "serial_out" CLKPORT "clk" 

Report:   10.871ns delay SLICE_507 to serial_out

   Name    Fanout   Delay (ns)          Site               Resource
REG_DEL     ---     0.452     R8C11D.CLK to      R8C11D.Q0 SLICE_507 (from clk_c)
ROUTE         1     0.645      R8C11D.Q0 to      R8C10D.D1 observe[36]
CTOF_DEL    ---     0.495      R8C10D.D1 to      R8C10D.F1 SLICE_525
ROUTE         1     0.967      R8C10D.F1 to      R8C10D.A0 serial_out_97
CTOF_DEL    ---     0.495      R8C10D.A0 to      R8C10D.F0 SLICE_525
ROUTE         1     1.656      R8C10D.F0 to      R9C15A.D1 serial_out_157
CTOF_DEL    ---     0.495      R9C15A.D1 to      R9C15A.F1 SLICE_521
ROUTE         1     0.693      R9C15A.F1 to      R9C15A.B0 serial_out_167
CTOF_DEL    ---     0.495      R9C15A.B0 to      R9C15A.F0 SLICE_521
ROUTE         1     1.681      R9C15A.F0 to       14.PADDO serial_out_c
DOPAD_DEL   ---     2.797       14.PADDO to         14.PAD serial_out
                  --------
                   10.871   (48.1% logic, 51.9% route), 6 logic levels.

Unconstrained Preference:
   CLOCK_TO_OUT PORT "serial_out" CLKPORT "clk" 

Report:   10.864ns delay SLICE_157 to serial_out

   Name    Fanout   Delay (ns)          Site               Resource
REG_DEL     ---     0.452      R3C5D.CLK to       R3C5D.Q1 SLICE_157 (from clk_c)
ROUTE         1     2.022       R3C5D.Q1 to       R9C9B.A1 observe[177]
CTOF_DEL    ---     0.495       R9C9B.A1 to       R9C9B.F1 SLICE_524
ROUTE         1     0.967       R9C9B.F1 to       R9C9B.A0 serial_out_132
CTOF_DEL    ---     0.495       R9C9B.A0 to       R9C9B.F0 SLICE_524
ROUTE         1     1.460       R9C9B.F0 to      R9C15A.D0 serial_out_166
CTOF_DEL    ---     0.495      R9C15A.D0 to      R9C15A.F0 SLICE_521
ROUTE         1     1.681      R9C15A.F0 to       14.PADDO serial_out_c
DOPAD_DEL   ---     2.797       14.PADDO to         14.PAD serial_out
                  --------
                   10.864   (43.6% logic, 56.4% route), 5 logic levels.

Unconstrained Preference:
   CLOCK_TO_OUT PORT "serial_out" CLKPORT "clk" 

Report:   10.851ns delay SLICE_78 to serial_out

   Name    Fanout   Delay (ns)          Site               Resource
REG_DEL     ---     0.452     R9C16C.CLK to      R9C16C.Q0 SLICE_78 (from clk_c)
ROUTE         1     1.506      R9C16C.Q0 to      R9C16A.C1 observe[5]
CTOF_DEL    ---     0.495      R9C16A.C1 to      R9C16A.F1 SLICE_624
ROUTE         1     2.237      R9C16A.F1 to      R9C15A.A1 serial_out_90
CTOF_DEL    ---     0.495      R9C15A.A1 to      R9C15A.F1 SLICE_521
ROUTE         1     0.693      R9C15A.F1 to      R9C15A.B0 serial_out_167
CTOF_DEL    ---     0.495      R9C15A.B0 to      R9C15A.F0 SLICE_521
ROUTE         1     1.681      R9C15A.F0 to       14.PADDO serial_out_c
DOPAD_DEL   ---     2.797       14.PADDO to         14.PAD serial_out
                  --------
                   10.851   (43.6% logic, 56.4% route), 5 logic levels.

Unconstrained Preference:
   CLOCK_TO_OUT PORT "serial_out" CLKPORT "clk" 

Report:   10.849ns delay SLICE_522 to serial_out

   Name    Fanout   Delay (ns)          Site               Resource
REG_DEL     ---     0.452     R8C14B.CLK to      R8C14B.Q0 SLICE_522 (from clk_c)
ROUTE         1     1.581      R8C14B.Q0 to     R10C13D.C1 observe[146]
CTOF_DEL    ---     0.495     R10C13D.C1 to     R10C13D.F1 SLICE_531
ROUTE         1     0.436     R10C13D.F1 to     R10C13D.C0 serial_out_125
CTOF_DEL    ---     0.495     R10C13D.C0 to     R10C13D.F0 SLICE_531
ROUTE         1     0.623     R10C13D.F0 to     R10C14D.D0 serial_out_164
CTOF_DEL    ---     0.495     R10C14D.D0 to     R10C14D.F0 SLICE_523
ROUTE         1     1.299     R10C14D.F0 to      R9C15A.A0 serial_out_174
CTOF_DEL    ---     0.495      R9C15A.A0 to      R9C15A.F0 SLICE_521
ROUTE         1     1.681      R9C15A.F0 to       14.PADDO serial_out_c
DOPAD_DEL   ---     2.797       14.PADDO to         14.PAD serial_out
                  --------
                   10.849   (48.2% logic, 51.8% route), 6 logic levels.

Unconstrained Preference:
   CLOCK_TO_OUT PORT "serial_out" CLKPORT "clk" 

Report:   10.830ns delay SLICE_623 to serial_out

   Name    Fanout   Delay (ns)          Site               Resource
REG_DEL     ---     0.452     R8C10B.CLK to      R8C10B.Q0 SLICE_623 (from clk_c)
ROUTE         1     1.997      R8C10B.Q0 to       R9C7C.A0 observe[173]
CTOF_DEL    ---     0.495       R9C7C.A0 to       R9C7C.F0 SLICE_612
ROUTE         1     0.958       R9C7C.F0 to       R9C9B.D0 serial_out_131
CTOF_DEL    ---     0.495       R9C9B.D0 to       R9C9B.F0 SLICE_524
ROUTE         1     1.460       R9C9B.F0 to      R9C15A.D0 serial_out_166
CTOF_DEL    ---     0.495      R9C15A.D0 to      R9C15A.F0 SLICE_521
ROUTE         1     1.681      R9C15A.F0 to       14.PADDO serial_out_c
DOPAD_DEL   ---     2.797       14.PADDO to         14.PAD serial_out
                  --------
                   10.830   (43.7% logic, 56.3% route), 5 logic levels.

Unconstrained Preference:
   CLOCK_TO_OUT PORT "serial_out" CLKPORT "clk" 

Report:   10.794ns delay SLICE_530 to serial_out

   Name    Fanout   Delay (ns)          Site               Resource
REG_DEL     ---     0.452    R10C11A.CLK to     R10C11A.Q0 SLICE_530 (from clk_c)
ROUTE         1     1.004     R10C11A.Q0 to     R10C11C.B1 observe[140]
CTOF_DEL    ---     0.495     R10C11C.B1 to     R10C11C.F1 SLICE_615
ROUTE         1     0.958     R10C11C.F1 to     R10C13D.D0 serial_out_123
CTOF_DEL    ---     0.495     R10C13D.D0 to     R10C13D.F0 SLICE_531
ROUTE         1     0.623     R10C13D.F0 to     R10C14D.D0 serial_out_164
CTOF_DEL    ---     0.495     R10C14D.D0 to     R10C14D.F0 SLICE_523
ROUTE         1     1.299     R10C14D.F0 to      R9C15A.A0 serial_out_174
CTOF_DEL    ---     0.495      R9C15A.A0 to      R9C15A.F0 SLICE_521
ROUTE         1     1.681      R9C15A.F0 to       14.PADDO serial_out_c
DOPAD_DEL   ---     2.797       14.PADDO to         14.PAD serial_out
                  --------
                   10.794   (48.4% logic, 51.6% route), 6 logic levels.

Unconstrained Preference:
   CLOCK_TO_OUT PORT "serial_out" CLKPORT "clk" 

Report:   10.769ns delay SLICE_87 to serial_out

   Name    Fanout   Delay (ns)          Site               Resource
REG_DEL     ---     0.452      R7C8A.CLK to       R7C8A.Q1 SLICE_87 (from clk_c)
ROUTE         1     0.766       R7C8A.Q1 to      R7C10C.C0 observe[24]
CTOF_DEL    ---     0.495      R7C10C.C0 to      R7C10C.F0 SLICE_228
ROUTE         1     0.744      R7C10C.F0 to      R8C10D.C0 serial_out_94
CTOF_DEL    ---     0.495      R8C10D.C0 to      R8C10D.F0 SLICE_525
ROUTE         1     1.656      R8C10D.F0 to      R9C15A.D1 serial_out_157
CTOF_DEL    ---     0.495      R9C15A.D1 to      R9C15A.F1 SLICE_521
ROUTE         1     0.693      R9C15A.F1 to      R9C15A.B0 serial_out_167
CTOF_DEL    ---     0.495      R9C15A.B0 to      R9C15A.F0 SLICE_521
ROUTE         1     1.681      R9C15A.F0 to       14.PADDO serial_out_c
DOPAD_DEL   ---     2.797       14.PADDO to         14.PAD serial_out
                  --------
                   10.769   (48.6% logic, 51.4% route), 6 logic levels.

Unconstrained Preference:
   CLOCK_TO_OUT PORT "serial_out" CLKPORT "clk" 

Report:   10.767ns delay SLICE_506 to serial_out

   Name    Fanout   Delay (ns)          Site               Resource
REG_DEL     ---     0.452     R8C13C.CLK to      R8C13C.Q1 SLICE_506 (from clk_c)
ROUTE         1     1.193      R8C13C.Q1 to      R8C10B.C1 observe[25]
CTOF_DEL    ---     0.495      R8C10B.C1 to      R8C10B.F1 SLICE_623
ROUTE         1     0.315      R8C10B.F1 to      R8C10D.D0 serial_out_95
CTOF_DEL    ---     0.495      R8C10D.D0 to      R8C10D.F0 SLICE_525
ROUTE         1     1.656      R8C10D.F0 to      R9C15A.D1 serial_out_157
CTOF_DEL    ---     0.495      R9C15A.D1 to      R9C15A.F1 SLICE_521
ROUTE         1     0.693      R9C15A.F1 to      R9C15A.B0 serial_out_167
CTOF_DEL    ---     0.495      R9C15A.B0 to      R9C15A.F0 SLICE_521
ROUTE         1     1.681      R9C15A.F0 to       14.PADDO serial_out_c
DOPAD_DEL   ---     2.797       14.PADDO to         14.PAD serial_out
                  --------
                   10.767   (48.6% logic, 51.4% route), 6 logic levels.

Unconstrained Preference:
   CLOCK_TO_OUT PORT "serial_out" CLKPORT "clk" 

Report:   10.757ns delay SLICE_529 to serial_out

   Name    Fanout   Delay (ns)          Site               Resource
REG_DEL     ---     0.452    R10C11D.CLK to     R10C11D.Q1 SLICE_529 (from clk_c)
ROUTE         1     0.967     R10C11D.Q1 to     R10C11C.A1 observe[139]
CTOF_DEL    ---     0.495     R10C11C.A1 to     R10C11C.F1 SLICE_615
ROUTE         1     0.958     R10C11C.F1 to     R10C13D.D0 serial_out_123
CTOF_DEL    ---     0.495     R10C13D.D0 to     R10C13D.F0 SLICE_531
ROUTE         1     0.623     R10C13D.F0 to     R10C14D.D0 serial_out_164
CTOF_DEL    ---     0.495     R10C14D.D0 to     R10C14D.F0 SLICE_523
ROUTE         1     1.299     R10C14D.F0 to      R9C15A.A0 serial_out_174
CTOF_DEL    ---     0.495      R9C15A.A0 to      R9C15A.F0 SLICE_521
ROUTE         1     1.681      R9C15A.F0 to       14.PADDO serial_out_c
DOPAD_DEL   ---     2.797       14.PADDO to         14.PAD serial_out
                  --------
                   10.757   (48.6% logic, 51.4% route), 6 logic levels.

Unconstrained Preference:
   CLOCK_TO_OUT PORT "serial_out" CLKPORT "clk" 

Report:   10.745ns delay SLICE_154 to serial_out

   Name    Fanout   Delay (ns)          Site               Resource
REG_DEL     ---     0.452      R5C7C.CLK to       R5C7C.Q0 SLICE_154 (from clk_c)
ROUTE         1     1.912       R5C7C.Q0 to       R9C7C.B0 observe[170]
CTOF_DEL    ---     0.495       R9C7C.B0 to       R9C7C.F0 SLICE_612
ROUTE         1     0.958       R9C7C.F0 to       R9C9B.D0 serial_out_131
CTOF_DEL    ---     0.495       R9C9B.D0 to       R9C9B.F0 SLICE_524
ROUTE         1     1.460       R9C9B.F0 to      R9C15A.D0 serial_out_166
CTOF_DEL    ---     0.495      R9C15A.D0 to      R9C15A.F0 SLICE_521
ROUTE         1     1.681      R9C15A.F0 to       14.PADDO serial_out_c
DOPAD_DEL   ---     2.797       14.PADDO to         14.PAD serial_out
                  --------
                   10.745   (44.1% logic, 55.9% route), 5 logic levels.

Unconstrained Preference:
   CLOCK_TO_OUT PORT "serial_out" CLKPORT "clk" 

Report:   10.728ns delay SLICE_518 to serial_out

   Name    Fanout   Delay (ns)          Site               Resource
REG_DEL     ---     0.452     R8C12A.CLK to      R8C12A.Q0 SLICE_518 (from clk_c)
ROUTE         1     1.336      R8C12A.Q0 to      R8C14D.B1 observe[88]
CTOF_DEL    ---     0.495      R8C14D.B1 to      R8C14D.F1 SLICE_619
ROUTE         1     0.967      R8C14D.F1 to      R8C14B.A1 serial_out_110
CTOF_DEL    ---     0.495      R8C14B.A1 to      R8C14B.F1 SLICE_522
ROUTE         1     0.436      R8C14B.F1 to      R8C14B.C0 serial_out_161
CTOF_DEL    ---     0.495      R8C14B.C0 to      R8C14B.F0 SLICE_522
ROUTE         1     1.079      R8C14B.F0 to      R9C15A.C0 serial_out_173
CTOF_DEL    ---     0.495      R9C15A.C0 to      R9C15A.F0 SLICE_521
ROUTE         1     1.681      R9C15A.F0 to       14.PADDO serial_out_c
DOPAD_DEL   ---     2.797       14.PADDO to         14.PAD serial_out
                  --------
                   10.728   (48.7% logic, 51.3% route), 6 logic levels.

Unconstrained Preference:
   CLOCK_TO_OUT PORT "serial_out" CLKPORT "clk" 

Report:   10.692ns delay SLICE_502 to serial_out

   Name    Fanout   Delay (ns)          Site               Resource
REG_DEL     ---     0.452     R7C12D.CLK to      R7C12D.Q0 SLICE_502 (from clk_c)
ROUTE         1     1.574      R7C12D.Q0 to      R8C14D.D0 observe[92]
CTOF_DEL    ---     0.495      R8C14D.D0 to      R8C14D.F0 SLICE_619
ROUTE         1     0.693      R8C14D.F0 to      R8C14B.B1 serial_out_111
CTOF_DEL    ---     0.495      R8C14B.B1 to      R8C14B.F1 SLICE_522
ROUTE         1     0.436      R8C14B.F1 to      R8C14B.C0 serial_out_161
CTOF_DEL    ---     0.495      R8C14B.C0 to      R8C14B.F0 SLICE_522
ROUTE         1     1.079      R8C14B.F0 to      R9C15A.C0 serial_out_173
CTOF_DEL    ---     0.495      R9C15A.C0 to      R9C15A.F0 SLICE_521
ROUTE         1     1.681      R9C15A.F0 to       14.PADDO serial_out_c
DOPAD_DEL   ---     2.797       14.PADDO to         14.PAD serial_out
                  --------
                   10.692   (48.9% logic, 51.1% route), 6 logic levels.

Unconstrained Preference:
   CLOCK_TO_OUT PORT "serial_out" CLKPORT "clk" 

Report:   10.568ns delay SLICE_328 to serial_out

   Name    Fanout   Delay (ns)          Site               Resource
REG_DEL     ---     0.452     R7C13B.CLK to      R7C13B.Q0 SLICE_328 (from clk_c)
ROUTE         1     1.450      R7C13B.Q0 to      R8C14D.B0 observe[90]
CTOF_DEL    ---     0.495      R8C14D.B0 to      R8C14D.F0 SLICE_619
ROUTE         1     0.693      R8C14D.F0 to      R8C14B.B1 serial_out_111
CTOF_DEL    ---     0.495      R8C14B.B1 to      R8C14B.F1 SLICE_522
ROUTE         1     0.436      R8C14B.F1 to      R8C14B.C0 serial_out_161
CTOF_DEL    ---     0.495      R8C14B.C0 to      R8C14B.F0 SLICE_522
ROUTE         1     1.079      R8C14B.F0 to      R9C15A.C0 serial_out_173
CTOF_DEL    ---     0.495      R9C15A.C0 to      R9C15A.F0 SLICE_521
ROUTE         1     1.681      R9C15A.F0 to       14.PADDO serial_out_c
DOPAD_DEL   ---     2.797       14.PADDO to         14.PAD serial_out
                  --------
                   10.568   (49.5% logic, 50.5% route), 6 logic levels.

Unconstrained Preference:
   CLOCK_TO_OUT PORT "serial_out" CLKPORT "clk" 

Report:   10.567ns delay SLICE_522 to serial_out

   Name    Fanout   Delay (ns)          Site               Resource
REG_DEL     ---     0.452     R8C14B.CLK to      R8C14B.Q1 SLICE_522 (from clk_c)
ROUTE         1     1.299      R8C14B.Q1 to     R10C13D.A1 observe[147]
CTOF_DEL    ---     0.495     R10C13D.A1 to     R10C13D.F1 SLICE_531
ROUTE         1     0.436     R10C13D.F1 to     R10C13D.C0 serial_out_125
CTOF_DEL    ---     0.495     R10C13D.C0 to     R10C13D.F0 SLICE_531
ROUTE         1     0.623     R10C13D.F0 to     R10C14D.D0 serial_out_164
CTOF_DEL    ---     0.495     R10C14D.D0 to     R10C14D.F0 SLICE_523
ROUTE         1     1.299     R10C14D.F0 to      R9C15A.A0 serial_out_174
CTOF_DEL    ---     0.495      R9C15A.A0 to      R9C15A.F0 SLICE_521
ROUTE         1     1.681      R9C15A.F0 to       14.PADDO serial_out_c
DOPAD_DEL   ---     2.797       14.PADDO to         14.PAD serial_out
                  --------
                   10.567   (49.5% logic, 50.5% route), 6 logic levels.

Unconstrained Preference:
   CLOCK_TO_OUT PORT "serial_out" CLKPORT "clk" 

Report:   10.551ns delay SLICE_83 to serial_out

   Name    Fanout   Delay (ns)          Site               Resource
REG_DEL     ---     0.452    R10C17D.CLK to     R10C17D.Q1 SLICE_83 (from clk_c)
ROUTE         1     1.299     R10C17D.Q1 to     R10C15D.A0 observe[16]
CTOF_DEL    ---     0.495     R10C15D.A0 to     R10C15D.F0 SLICE_329
ROUTE         1     0.626     R10C15D.F0 to     R10C15D.D1 serial_out_7
CTOF_DEL    ---     0.495     R10C15D.D1 to     R10C15D.F1 SLICE_329
ROUTE         1     1.023     R10C15D.F1 to      R9C15A.B1 serial_out_135
CTOF_DEL    ---     0.495      R9C15A.B1 to      R9C15A.F1 SLICE_521
ROUTE         1     0.693      R9C15A.F1 to      R9C15A.B0 serial_out_167
CTOF_DEL    ---     0.495      R9C15A.B0 to      R9C15A.F0 SLICE_521
ROUTE         1     1.681      R9C15A.F0 to       14.PADDO serial_out_c
DOPAD_DEL   ---     2.797       14.PADDO to         14.PAD serial_out
                  --------
                   10.551   (49.6% logic, 50.4% route), 6 logic levels.

Unconstrained Preference:
   CLOCK_TO_OUT PORT "serial_out" CLKPORT "clk" 

Report:   10.498ns delay SLICE_506 to serial_out

   Name    Fanout   Delay (ns)          Site               Resource
REG_DEL     ---     0.452     R8C13C.CLK to      R8C13C.Q0 SLICE_506 (from clk_c)
ROUTE         1     1.656      R8C13C.Q0 to       R9C9B.D1 observe[175]
CTOF_DEL    ---     0.495       R9C9B.D1 to       R9C9B.F1 SLICE_524
ROUTE         1     0.967       R9C9B.F1 to       R9C9B.A0 serial_out_132
CTOF_DEL    ---     0.495       R9C9B.A0 to       R9C9B.F0 SLICE_524
ROUTE         1     1.460       R9C9B.F0 to      R9C15A.D0 serial_out_166
CTOF_DEL    ---     0.495      R9C15A.D0 to      R9C15A.F0 SLICE_521
ROUTE         1     1.681      R9C15A.F0 to       14.PADDO serial_out_c
DOPAD_DEL   ---     2.797       14.PADDO to         14.PAD serial_out
                  --------
                   10.498   (45.1% logic, 54.9% route), 5 logic levels.

Unconstrained Preference:
   CLOCK_TO_OUT PORT "serial_out" CLKPORT "clk" 

Report:   10.476ns delay SLICE_158 to serial_out

   Name    Fanout   Delay (ns)          Site               Resource
REG_DEL     ---     0.452      R3C9B.CLK to       R3C9B.Q1 SLICE_158 (from clk_c)
ROUTE         1     1.854       R3C9B.Q1 to       R9C9D.B0 observe[179]
CTOF_DEL    ---     0.495       R9C9D.B0 to       R9C9D.F0 SLICE_532
ROUTE         1     0.747       R9C9D.F0 to       R9C9B.C0 serial_out_133
CTOF_DEL    ---     0.495       R9C9B.C0 to       R9C9B.F0 SLICE_524
ROUTE         1     1.460       R9C9B.F0 to      R9C15A.D0 serial_out_166
CTOF_DEL    ---     0.495      R9C15A.D0 to      R9C15A.F0 SLICE_521
ROUTE         1     1.681      R9C15A.F0 to       14.PADDO serial_out_c
DOPAD_DEL   ---     2.797       14.PADDO to         14.PAD serial_out
                  --------
                   10.476   (45.2% logic, 54.8% route), 5 logic levels.

Unconstrained Preference:
   CLOCK_TO_OUT PORT "serial_out" CLKPORT "clk" 

Report:   10.444ns delay SLICE_530 to serial_out

   Name    Fanout   Delay (ns)          Site               Resource
REG_DEL     ---     0.452    R10C11A.CLK to     R10C11A.Q1 SLICE_530 (from clk_c)
ROUTE         1     0.626     R10C11A.Q1 to     R10C11C.D0 observe[141]
CTOF_DEL    ---     0.495     R10C11C.D0 to     R10C11C.F0 SLICE_615
ROUTE         1     0.986     R10C11C.F0 to     R10C13D.A0 serial_out_124
CTOF_DEL    ---     0.495     R10C13D.A0 to     R10C13D.F0 SLICE_531
ROUTE         1     0.623     R10C13D.F0 to     R10C14D.D0 serial_out_164
CTOF_DEL    ---     0.495     R10C14D.D0 to     R10C14D.F0 SLICE_523
ROUTE         1     1.299     R10C14D.F0 to      R9C15A.A0 serial_out_174
CTOF_DEL    ---     0.495      R9C15A.A0 to      R9C15A.F0 SLICE_521
ROUTE         1     1.681      R9C15A.F0 to       14.PADDO serial_out_c
DOPAD_DEL   ---     2.797       14.PADDO to         14.PAD serial_out
                  --------
                   10.444   (50.1% logic, 49.9% route), 6 logic levels.

Unconstrained Preference:
   CLOCK_TO_OUT PORT "serial_out" CLKPORT "clk" 

Report:   10.349ns delay SLICE_79 to serial_out

   Name    Fanout   Delay (ns)          Site               Resource
REG_DEL     ---     0.452     R9C16B.CLK to      R9C16B.Q1 SLICE_79 (from clk_c)
ROUTE         1     1.004      R9C16B.Q1 to      R9C16A.B1 observe[8]
CTOF_DEL    ---     0.495      R9C16A.B1 to      R9C16A.F1 SLICE_624
ROUTE         1     2.237      R9C16A.F1 to      R9C15A.A1 serial_out_90
CTOF_DEL    ---     0.495      R9C15A.A1 to      R9C15A.F1 SLICE_521
ROUTE         1     0.693      R9C15A.F1 to      R9C15A.B0 serial_out_167
CTOF_DEL    ---     0.495      R9C15A.B0 to      R9C15A.F0 SLICE_521
ROUTE         1     1.681      R9C15A.F0 to       14.PADDO serial_out_c
DOPAD_DEL   ---     2.797       14.PADDO to         14.PAD serial_out
                  --------
                   10.349   (45.7% logic, 54.3% route), 5 logic levels.

Unconstrained Preference:
   CLOCK_TO_OUT PORT "serial_out" CLKPORT "clk" 

Report:   10.324ns delay SLICE_502 to serial_out

   Name    Fanout   Delay (ns)          Site               Resource
REG_DEL     ---     0.452     R7C12D.CLK to      R7C12D.Q1 SLICE_502 (from clk_c)
ROUTE         1     1.584      R7C12D.Q1 to      R8C14C.D1 observe[93]
CTOF_DEL    ---     0.495      R8C14C.D1 to      R8C14C.F1 SLICE_618
ROUTE         1     0.315      R8C14C.F1 to      R8C14B.D1 serial_out_112
CTOF_DEL    ---     0.495      R8C14B.D1 to      R8C14B.F1 SLICE_522
ROUTE         1     0.436      R8C14B.F1 to      R8C14B.C0 serial_out_161
CTOF_DEL    ---     0.495      R8C14B.C0 to      R8C14B.F0 SLICE_522
ROUTE         1     1.079      R8C14B.F0 to      R9C15A.C0 serial_out_173
CTOF_DEL    ---     0.495      R9C15A.C0 to      R9C15A.F0 SLICE_521
ROUTE         1     1.681      R9C15A.F0 to       14.PADDO serial_out_c
DOPAD_DEL   ---     2.797       14.PADDO to         14.PAD serial_out
                  --------
                   10.324   (50.6% logic, 49.4% route), 6 logic levels.

Unconstrained Preference:
   CLOCK_TO_OUT PORT "serial_out" CLKPORT "clk" 

Report:   10.318ns delay SLICE_41 to serial_out

   Name    Fanout   Delay (ns)          Site               Resource
REG_DEL     ---     0.452      R8C7B.CLK to       R8C7B.Q0 SLICE_41 (from clk_c)
ROUTE         1     1.023       R8C7B.Q0 to       R9C7C.B1 observe[168]
CTOF_DEL    ---     0.495       R9C7C.B1 to       R9C7C.F1 SLICE_612
ROUTE         1     1.420       R9C7C.F1 to       R9C9B.B0 serial_out_130
CTOF_DEL    ---     0.495       R9C9B.B0 to       R9C9B.F0 SLICE_524
ROUTE         1     1.460       R9C9B.F0 to      R9C15A.D0 serial_out_166
CTOF_DEL    ---     0.495      R9C15A.D0 to      R9C15A.F0 SLICE_521
ROUTE         1     1.681      R9C15A.F0 to       14.PADDO serial_out_c
DOPAD_DEL   ---     2.797       14.PADDO to         14.PAD serial_out
                  --------
                   10.318   (45.9% logic, 54.1% route), 5 logic levels.

Unconstrained Preference:
   CLOCK_TO_OUT PORT "serial_out" CLKPORT "clk" 

Report:   10.312ns delay SLICE_79 to serial_out

   Name    Fanout   Delay (ns)          Site               Resource
REG_DEL     ---     0.452     R9C16B.CLK to      R9C16B.Q0 SLICE_79 (from clk_c)
ROUTE         1     0.967      R9C16B.Q0 to      R9C16A.A1 observe[7]
CTOF_DEL    ---     0.495      R9C16A.A1 to      R9C16A.F1 SLICE_624
ROUTE         1     2.237      R9C16A.F1 to      R9C15A.A1 serial_out_90
CTOF_DEL    ---     0.495      R9C15A.A1 to      R9C15A.F1 SLICE_521
ROUTE         1     0.693      R9C15A.F1 to      R9C15A.B0 serial_out_167
CTOF_DEL    ---     0.495      R9C15A.B0 to      R9C15A.F0 SLICE_521
ROUTE         1     1.681      R9C15A.F0 to       14.PADDO serial_out_c
DOPAD_DEL   ---     2.797       14.PADDO to         14.PAD serial_out
                  --------
                   10.312   (45.9% logic, 54.1% route), 5 logic levels.

Unconstrained Preference:
   CLOCK_TO_OUT PORT "serial_out" CLKPORT "clk" 

Report:   10.281ns delay SLICE_323 to serial_out

   Name    Fanout   Delay (ns)          Site               Resource
REG_DEL     ---     0.452     R7C14A.CLK to      R7C14A.Q0 SLICE_323 (from clk_c)
ROUTE         1     1.420      R7C14A.Q0 to      R8C14C.B0 observe[98]
CTOF_DEL    ---     0.495      R8C14C.B0 to      R8C14C.F0 SLICE_618
ROUTE         1     0.436      R8C14C.F0 to      R8C14B.C1 serial_out_113
CTOF_DEL    ---     0.495      R8C14B.C1 to      R8C14B.F1 SLICE_522
ROUTE         1     0.436      R8C14B.F1 to      R8C14B.C0 serial_out_161
CTOF_DEL    ---     0.495      R8C14B.C0 to      R8C14B.F0 SLICE_522
ROUTE         1     1.079      R8C14B.F0 to      R9C15A.C0 serial_out_173
CTOF_DEL    ---     0.495      R9C15A.C0 to      R9C15A.F0 SLICE_521
ROUTE         1     1.681      R9C15A.F0 to       14.PADDO serial_out_c
DOPAD_DEL   ---     2.797       14.PADDO to         14.PAD serial_out
                  --------
                   10.281   (50.9% logic, 49.1% route), 6 logic levels.

Unconstrained Preference:
   CLOCK_TO_OUT PORT "serial_out" CLKPORT "clk" 

Report:   10.281ns delay SLICE_40 to serial_out

   Name    Fanout   Delay (ns)          Site               Resource
REG_DEL     ---     0.452      R8C7A.CLK to       R8C7A.Q1 SLICE_40 (from clk_c)
ROUTE         1     0.986       R8C7A.Q1 to       R9C7C.A1 observe[167]
CTOF_DEL    ---     0.495       R9C7C.A1 to       R9C7C.F1 SLICE_612
ROUTE         1     1.420       R9C7C.F1 to       R9C9B.B0 serial_out_130
CTOF_DEL    ---     0.495       R9C9B.B0 to       R9C9B.F0 SLICE_524
ROUTE         1     1.460       R9C9B.F0 to      R9C15A.D0 serial_out_166
CTOF_DEL    ---     0.495      R9C15A.D0 to      R9C15A.F0 SLICE_521
ROUTE         1     1.681      R9C15A.F0 to       14.PADDO serial_out_c
DOPAD_DEL   ---     2.797       14.PADDO to         14.PAD serial_out
                  --------
                   10.281   (46.0% logic, 54.0% route), 5 logic levels.

Unconstrained Preference:
   CLOCK_TO_OUT PORT "serial_out" CLKPORT "clk" 

Report:   10.219ns delay SLICE_514 to serial_out

   Name    Fanout   Delay (ns)          Site               Resource
REG_DEL     ---     0.452     R8C12D.CLK to      R8C12D.Q0 SLICE_514 (from clk_c)
ROUTE         1     0.645      R8C12D.Q0 to      R8C10B.D1 observe[28]
CTOF_DEL    ---     0.495      R8C10B.D1 to      R8C10B.F1 SLICE_623
ROUTE         1     0.315      R8C10B.F1 to      R8C10D.D0 serial_out_95
CTOF_DEL    ---     0.495      R8C10D.D0 to      R8C10D.F0 SLICE_525
ROUTE         1     1.656      R8C10D.F0 to      R9C15A.D1 serial_out_157
CTOF_DEL    ---     0.495      R9C15A.D1 to      R9C15A.F1 SLICE_521
ROUTE         1     0.693      R9C15A.F1 to      R9C15A.B0 serial_out_167
CTOF_DEL    ---     0.495      R9C15A.B0 to      R9C15A.F0 SLICE_521
ROUTE         1     1.681      R9C15A.F0 to       14.PADDO serial_out_c
DOPAD_DEL   ---     2.797       14.PADDO to         14.PAD serial_out
                  --------
                   10.219   (51.2% logic, 48.8% route), 6 logic levels.

Unconstrained Preference:
   CLOCK_TO_OUT PORT "serial_out" CLKPORT "clk" 

Report:   10.177ns delay SLICE_624 to serial_out

   Name    Fanout   Delay (ns)          Site               Resource
REG_DEL     ---     0.452     R9C16A.CLK to      R9C16A.Q1 SLICE_624 (from clk_c)
ROUTE         1     0.766      R9C16A.Q1 to      R9C14D.C0 observe[153]
CTOF_DEL    ---     0.495      R9C14D.C0 to      R9C14D.F0 SLICE_614
ROUTE         1     0.766      R9C14D.F0 to     R10C14D.C1 serial_out_127
CTOF_DEL    ---     0.495     R10C14D.C1 to     R10C14D.F1 SLICE_523
ROUTE         1     0.436     R10C14D.F1 to     R10C14D.C0 serial_out_165
CTOF_DEL    ---     0.495     R10C14D.C0 to     R10C14D.F0 SLICE_523
ROUTE         1     1.299     R10C14D.F0 to      R9C15A.A0 serial_out_174
CTOF_DEL    ---     0.495      R9C15A.A0 to      R9C15A.F0 SLICE_521
ROUTE         1     1.681      R9C15A.F0 to       14.PADDO serial_out_c
DOPAD_DEL   ---     2.797       14.PADDO to         14.PAD serial_out
                  --------
                   10.177   (51.4% logic, 48.6% route), 6 logic levels.

Unconstrained Preference:
   CLOCK_TO_OUT PORT "serial_out" CLKPORT "clk" 

Report:   10.139ns delay SLICE_521 to serial_out

   Name    Fanout   Delay (ns)          Site               Resource
REG_DEL     ---     0.452     R9C15A.CLK to      R9C15A.Q0 SLICE_521 (from clk_c)
ROUTE         1     1.278      R9C15A.Q0 to      R8C14C.C0 observe[100]
CTOF_DEL    ---     0.495      R8C14C.C0 to      R8C14C.F0 SLICE_618
ROUTE         1     0.436      R8C14C.F0 to      R8C14B.C1 serial_out_113
CTOF_DEL    ---     0.495      R8C14B.C1 to      R8C14B.F1 SLICE_522
ROUTE         1     0.436      R8C14B.F1 to      R8C14B.C0 serial_out_161
CTOF_DEL    ---     0.495      R8C14B.C0 to      R8C14B.F0 SLICE_522
ROUTE         1     1.079      R8C14B.F0 to      R9C15A.C0 serial_out_173
CTOF_DEL    ---     0.495      R9C15A.C0 to      R9C15A.F0 SLICE_521
ROUTE         1     1.681      R9C15A.F0 to       14.PADDO serial_out_c
DOPAD_DEL   ---     2.797       14.PADDO to         14.PAD serial_out
                  --------
                   10.139   (51.6% logic, 48.4% route), 6 logic levels.

Unconstrained Preference:
   CLOCK_TO_OUT PORT "serial_out" CLKPORT "clk" 

Report:   10.127ns delay SLICE_154 to serial_out

   Name    Fanout   Delay (ns)          Site               Resource
REG_DEL     ---     0.452      R5C7C.CLK to       R5C7C.Q1 SLICE_154 (from clk_c)
ROUTE         1     1.294       R5C7C.Q1 to       R9C7C.C0 observe[172]
CTOF_DEL    ---     0.495       R9C7C.C0 to       R9C7C.F0 SLICE_612
ROUTE         1     0.958       R9C7C.F0 to       R9C9B.D0 serial_out_131
CTOF_DEL    ---     0.495       R9C9B.D0 to       R9C9B.F0 SLICE_524
ROUTE         1     1.460       R9C9B.F0 to      R9C15A.D0 serial_out_166
CTOF_DEL    ---     0.495      R9C15A.D0 to      R9C15A.F0 SLICE_521
ROUTE         1     1.681      R9C15A.F0 to       14.PADDO serial_out_c
DOPAD_DEL   ---     2.797       14.PADDO to         14.PAD serial_out
                  --------
                   10.127   (46.7% logic, 53.3% route), 5 logic levels.

Unconstrained Preference:
   CLOCK_TO_OUT PORT "serial_out" CLKPORT "clk" 

Report:   10.039ns delay SLICE_516 to serial_out

   Name    Fanout   Delay (ns)          Site               Resource
REG_DEL     ---     0.452     R8C12B.CLK to      R8C12B.Q0 SLICE_516 (from clk_c)
ROUTE         1     1.299      R8C12B.Q0 to      R8C14C.A1 observe[94]
CTOF_DEL    ---     0.495      R8C14C.A1 to      R8C14C.F1 SLICE_618
ROUTE         1     0.315      R8C14C.F1 to      R8C14B.D1 serial_out_112
CTOF_DEL    ---     0.495      R8C14B.D1 to      R8C14B.F1 SLICE_522
ROUTE         1     0.436      R8C14B.F1 to      R8C14B.C0 serial_out_161
CTOF_DEL    ---     0.495      R8C14B.C0 to      R8C14B.F0 SLICE_522
ROUTE         1     1.079      R8C14B.F0 to      R9C15A.C0 serial_out_173
CTOF_DEL    ---     0.495      R9C15A.C0 to      R9C15A.F0 SLICE_521
ROUTE         1     1.681      R9C15A.F0 to       14.PADDO serial_out_c
DOPAD_DEL   ---     2.797       14.PADDO to         14.PAD serial_out
                  --------
                   10.039   (52.1% logic, 47.9% route), 6 logic levels.

Unconstrained Preference:
   CLOCK_TO_OUT PORT "serial_out" CLKPORT "clk" 

Report:    9.971ns delay SLICE_78 to serial_out

   Name    Fanout   Delay (ns)          Site               Resource
REG_DEL     ---     0.452     R9C16C.CLK to      R9C16C.Q1 SLICE_78 (from clk_c)
ROUTE         1     0.626      R9C16C.Q1 to      R9C16A.D1 observe[6]
CTOF_DEL    ---     0.495      R9C16A.D1 to      R9C16A.F1 SLICE_624
ROUTE         1     2.237      R9C16A.F1 to      R9C15A.A1 serial_out_90
CTOF_DEL    ---     0.495      R9C15A.A1 to      R9C15A.F1 SLICE_521
ROUTE         1     0.693      R9C15A.F1 to      R9C15A.B0 serial_out_167
CTOF_DEL    ---     0.495      R9C15A.B0 to      R9C15A.F0 SLICE_521
ROUTE         1     1.681      R9C15A.F0 to       14.PADDO serial_out_c
DOPAD_DEL   ---     2.797       14.PADDO to         14.PAD serial_out
                  --------
                    9.971   (47.5% logic, 52.5% route), 5 logic levels.

Unconstrained Preference:
   CLOCK_TO_OUT PORT "serial_out" CLKPORT "clk" 

Report:    9.921ns delay SLICE_623 to serial_out

   Name    Fanout   Delay (ns)          Site               Resource
REG_DEL     ---     0.452     R8C10B.CLK to      R8C10B.Q1 SLICE_623 (from clk_c)
ROUTE         1     1.079      R8C10B.Q1 to       R9C9B.C1 observe[174]
CTOF_DEL    ---     0.495       R9C9B.C1 to       R9C9B.F1 SLICE_524
ROUTE         1     0.967       R9C9B.F1 to       R9C9B.A0 serial_out_132
CTOF_DEL    ---     0.495       R9C9B.A0 to       R9C9B.F0 SLICE_524
ROUTE         1     1.460       R9C9B.F0 to      R9C15A.D0 serial_out_166
CTOF_DEL    ---     0.495      R9C15A.D0 to      R9C15A.F0 SLICE_521
ROUTE         1     1.681      R9C15A.F0 to       14.PADDO serial_out_c
DOPAD_DEL   ---     2.797       14.PADDO to         14.PAD serial_out
                  --------
                    9.921   (47.7% logic, 52.3% route), 5 logic levels.

Unconstrained Preference:
   CLOCK_TO_OUT PORT "serial_out" CLKPORT "clk" 

Report:    9.918ns delay SLICE_44 to serial_out

   Name    Fanout   Delay (ns)          Site               Resource
REG_DEL     ---     0.452     R10C7B.CLK to      R10C7B.Q1 SLICE_44 (from clk_c)
ROUTE         1     0.623      R10C7B.Q1 to       R9C7C.D1 observe[165]
CTOF_DEL    ---     0.495       R9C7C.D1 to       R9C7C.F1 SLICE_612
ROUTE         1     1.420       R9C7C.F1 to       R9C9B.B0 serial_out_130
CTOF_DEL    ---     0.495       R9C9B.B0 to       R9C9B.F0 SLICE_524
ROUTE         1     1.460       R9C9B.F0 to      R9C15A.D0 serial_out_166
CTOF_DEL    ---     0.495      R9C15A.D0 to      R9C15A.F0 SLICE_521
ROUTE         1     1.681      R9C15A.F0 to       14.PADDO serial_out_c
DOPAD_DEL   ---     2.797       14.PADDO to         14.PAD serial_out
                  --------
                    9.918   (47.7% logic, 52.3% route), 5 logic levels.

Unconstrained Preference:
   CLOCK_TO_OUT PORT "serial_out" CLKPORT "clk" 

Report:    9.897ns delay SLICE_83 to serial_out

   Name    Fanout   Delay (ns)          Site               Resource
REG_DEL     ---     0.452    R10C17D.CLK to     R10C17D.Q0 SLICE_83 (from clk_c)
ROUTE         1     0.645     R10C17D.Q0 to     R10C15D.D0 observe[15]
CTOF_DEL    ---     0.495     R10C15D.D0 to     R10C15D.F0 SLICE_329
ROUTE         1     0.626     R10C15D.F0 to     R10C15D.D1 serial_out_7
CTOF_DEL    ---     0.495     R10C15D.D1 to     R10C15D.F1 SLICE_329
ROUTE         1     1.023     R10C15D.F1 to      R9C15A.B1 serial_out_135
CTOF_DEL    ---     0.495      R9C15A.B1 to      R9C15A.F1 SLICE_521
ROUTE         1     0.693      R9C15A.F1 to      R9C15A.B0 serial_out_167
CTOF_DEL    ---     0.495      R9C15A.B0 to      R9C15A.F0 SLICE_521
ROUTE         1     1.681      R9C15A.F0 to       14.PADDO serial_out_c
DOPAD_DEL   ---     2.797       14.PADDO to         14.PAD serial_out
                  --------
                    9.897   (52.8% logic, 47.2% route), 6 logic levels.

Unconstrained Preference:
   CLOCK_TO_OUT PORT "serial_out" CLKPORT "clk" 

Report:    9.891ns delay SLICE_523 to serial_out

   Name    Fanout   Delay (ns)          Site               Resource
REG_DEL     ---     0.452    R10C14D.CLK to     R10C14D.Q0 SLICE_523 (from clk_c)
ROUTE         1     0.623     R10C14D.Q0 to     R10C13D.D1 observe[148]
CTOF_DEL    ---     0.495     R10C13D.D1 to     R10C13D.F1 SLICE_531
ROUTE         1     0.436     R10C13D.F1 to     R10C13D.C0 serial_out_125
CTOF_DEL    ---     0.495     R10C13D.C0 to     R10C13D.F0 SLICE_531
ROUTE         1     0.623     R10C13D.F0 to     R10C14D.D0 serial_out_164
CTOF_DEL    ---     0.495     R10C14D.D0 to     R10C14D.F0 SLICE_523
ROUTE         1     1.299     R10C14D.F0 to      R9C15A.A0 serial_out_174
CTOF_DEL    ---     0.495      R9C15A.A0 to      R9C15A.F0 SLICE_521
ROUTE         1     1.681      R9C15A.F0 to       14.PADDO serial_out_c
DOPAD_DEL   ---     2.797       14.PADDO to         14.PAD serial_out
                  --------
                    9.891   (52.9% logic, 47.1% route), 6 logic levels.

Unconstrained Preference:
   CLOCK_TO_OUT PORT "serial_out" CLKPORT "clk" 

Report:    9.884ns delay SLICE_518 to serial_out

   Name    Fanout   Delay (ns)          Site               Resource
REG_DEL     ---     0.452     R8C12A.CLK to      R8C12A.Q1 SLICE_518 (from clk_c)
ROUTE         1     0.766      R8C12A.Q1 to      R8C14D.C0 observe[89]
CTOF_DEL    ---     0.495      R8C14D.C0 to      R8C14D.F0 SLICE_619
ROUTE         1     0.693      R8C14D.F0 to      R8C14B.B1 serial_out_111
CTOF_DEL    ---     0.495      R8C14B.B1 to      R8C14B.F1 SLICE_522
ROUTE         1     0.436      R8C14B.F1 to      R8C14B.C0 serial_out_161
CTOF_DEL    ---     0.495      R8C14B.C0 to      R8C14B.F0 SLICE_522
ROUTE         1     1.079      R8C14B.F0 to      R9C15A.C0 serial_out_173
CTOF_DEL    ---     0.495      R9C15A.C0 to      R9C15A.F0 SLICE_521
ROUTE         1     1.681      R9C15A.F0 to       14.PADDO serial_out_c
DOPAD_DEL   ---     2.797       14.PADDO to         14.PAD serial_out
                  --------
                    9.884   (52.9% logic, 47.1% route), 6 logic levels.

Unconstrained Preference:
   CLOCK_TO_OUT PORT "serial_out" CLKPORT "clk" 

Report:    9.847ns delay SLICE_323 to serial_out

   Name    Fanout   Delay (ns)          Site               Resource
REG_DEL     ---     0.452     R7C14A.CLK to      R7C14A.Q1 SLICE_323 (from clk_c)
ROUTE         1     0.986      R7C14A.Q1 to      R8C14C.A0 observe[99]
CTOF_DEL    ---     0.495      R8C14C.A0 to      R8C14C.F0 SLICE_618
ROUTE         1     0.436      R8C14C.F0 to      R8C14B.C1 serial_out_113
CTOF_DEL    ---     0.495      R8C14B.C1 to      R8C14B.F1 SLICE_522
ROUTE         1     0.436      R8C14B.F1 to      R8C14B.C0 serial_out_161
CTOF_DEL    ---     0.495      R8C14B.C0 to      R8C14B.F0 SLICE_522
ROUTE         1     1.079      R8C14B.F0 to      R9C15A.C0 serial_out_173
CTOF_DEL    ---     0.495      R9C15A.C0 to      R9C15A.F0 SLICE_521
ROUTE         1     1.681      R9C15A.F0 to       14.PADDO serial_out_c
DOPAD_DEL   ---     2.797       14.PADDO to         14.PAD serial_out
                  --------
                    9.847   (53.1% logic, 46.9% route), 6 logic levels.

Unconstrained Preference:
   CLOCK_TO_OUT PORT "serial_out" CLKPORT "clk" 

Report:    9.763ns delay SLICE_516 to serial_out

   Name    Fanout   Delay (ns)          Site               Resource
REG_DEL     ---     0.452     R8C12B.CLK to      R8C12B.Q1 SLICE_516 (from clk_c)
ROUTE         1     1.023      R8C12B.Q1 to      R8C14C.B1 observe[95]
CTOF_DEL    ---     0.495      R8C14C.B1 to      R8C14C.F1 SLICE_618
ROUTE         1     0.315      R8C14C.F1 to      R8C14B.D1 serial_out_112
CTOF_DEL    ---     0.495      R8C14B.D1 to      R8C14B.F1 SLICE_522
ROUTE         1     0.436      R8C14B.F1 to      R8C14B.C0 serial_out_161
CTOF_DEL    ---     0.495      R8C14B.C0 to      R8C14B.F0 SLICE_522
ROUTE         1     1.079      R8C14B.F0 to      R9C15A.C0 serial_out_173
CTOF_DEL    ---     0.495      R9C15A.C0 to      R9C15A.F0 SLICE_521
ROUTE         1     1.681      R9C15A.F0 to       14.PADDO serial_out_c
DOPAD_DEL   ---     2.797       14.PADDO to         14.PAD serial_out
                  --------
                    9.763   (53.6% logic, 46.4% route), 6 logic levels.

Unconstrained Preference:
   CLOCK_TO_OUT PORT "serial_out" CLKPORT "clk" 

Report:    9.666ns delay SLICE_82 to serial_out

   Name    Fanout   Delay (ns)          Site               Resource
REG_DEL     ---     0.452    R10C17A.CLK to     R10C17A.Q0 SLICE_82 (from clk_c)
ROUTE         1     1.535     R10C17A.Q0 to     R10C15D.B1 observe[13]
CTOF_DEL    ---     0.495     R10C15D.B1 to     R10C15D.F1 SLICE_329
ROUTE         1     1.023     R10C15D.F1 to      R9C15A.B1 serial_out_135
CTOF_DEL    ---     0.495      R9C15A.B1 to      R9C15A.F1 SLICE_521
ROUTE         1     0.693      R9C15A.F1 to      R9C15A.B0 serial_out_167
CTOF_DEL    ---     0.495      R9C15A.B0 to      R9C15A.F0 SLICE_521
ROUTE         1     1.681      R9C15A.F0 to       14.PADDO serial_out_c
DOPAD_DEL   ---     2.797       14.PADDO to         14.PAD serial_out
                  --------
                    9.666   (49.0% logic, 51.0% route), 5 logic levels.

Unconstrained Preference:
   CLOCK_TO_OUT PORT "serial_out" CLKPORT "clk" 

Report:    9.456ns delay SLICE_41 to serial_out

   Name    Fanout   Delay (ns)          Site               Resource
REG_DEL     ---     0.452      R8C7B.CLK to       R8C7B.Q1 SLICE_41 (from clk_c)
ROUTE         1     0.623       R8C7B.Q1 to       R9C7C.D0 observe[169]
CTOF_DEL    ---     0.495       R9C7C.D0 to       R9C7C.F0 SLICE_612
ROUTE         1     0.958       R9C7C.F0 to       R9C9B.D0 serial_out_131
CTOF_DEL    ---     0.495       R9C9B.D0 to       R9C9B.F0 SLICE_524
ROUTE         1     1.460       R9C9B.F0 to      R9C15A.D0 serial_out_166
CTOF_DEL    ---     0.495      R9C15A.D0 to      R9C15A.F0 SLICE_521
ROUTE         1     1.681      R9C15A.F0 to       14.PADDO serial_out_c
DOPAD_DEL   ---     2.797       14.PADDO to         14.PAD serial_out
                  --------
                    9.456   (50.1% logic, 49.9% route), 5 logic levels.

Unconstrained Preference:
   CLOCK_TO_OUT PORT "serial_out" CLKPORT "clk" 

Report:    9.015ns delay SLICE_80 to serial_out

   Name    Fanout   Delay (ns)          Site               Resource
REG_DEL     ---     0.452    R10C16C.CLK to     R10C16C.Q0 SLICE_80 (from clk_c)
ROUTE         1     1.163     R10C16C.Q0 to      R9C16A.C0 observe[9]
CTOF_DEL    ---     0.495      R9C16A.C0 to      R9C16A.F0 SLICE_624
ROUTE         1     0.744      R9C16A.F0 to      R9C15A.C1 serial_out_91
CTOF_DEL    ---     0.495      R9C15A.C1 to      R9C15A.F1 SLICE_521
ROUTE         1     0.693      R9C15A.F1 to      R9C15A.B0 serial_out_167
CTOF_DEL    ---     0.495      R9C15A.B0 to      R9C15A.F0 SLICE_521
ROUTE         1     1.681      R9C15A.F0 to       14.PADDO serial_out_c
DOPAD_DEL   ---     2.797       14.PADDO to         14.PAD serial_out
                  --------
                    9.015   (52.5% logic, 47.5% route), 5 logic levels.

Unconstrained Preference:
   CLOCK_TO_OUT PORT "serial_out" CLKPORT "clk" 

Report:    8.924ns delay SLICE_81 to serial_out

   Name    Fanout   Delay (ns)          Site               Resource
REG_DEL     ---     0.452    R10C16D.CLK to     R10C16D.Q0 SLICE_81 (from clk_c)
ROUTE         1     1.072     R10C16D.Q0 to      R9C16A.D0 observe[11]
CTOF_DEL    ---     0.495      R9C16A.D0 to      R9C16A.F0 SLICE_624
ROUTE         1     0.744      R9C16A.F0 to      R9C15A.C1 serial_out_91
CTOF_DEL    ---     0.495      R9C15A.C1 to      R9C15A.F1 SLICE_521
ROUTE         1     0.693      R9C15A.F1 to      R9C15A.B0 serial_out_167
CTOF_DEL    ---     0.495      R9C15A.B0 to      R9C15A.F0 SLICE_521
ROUTE         1     1.681      R9C15A.F0 to       14.PADDO serial_out_c
DOPAD_DEL   ---     2.797       14.PADDO to         14.PAD serial_out
                  --------
                    8.924   (53.0% logic, 47.0% route), 5 logic levels.

Unconstrained Preference:
   CLOCK_TO_OUT PORT "serial_out" CLKPORT "clk" 

Report:    8.897ns delay SLICE_82 to serial_out

   Name    Fanout   Delay (ns)          Site               Resource
REG_DEL     ---     0.452    R10C17A.CLK to     R10C17A.Q1 SLICE_82 (from clk_c)
ROUTE         1     0.766     R10C17A.Q1 to     R10C15D.C1 observe[14]
CTOF_DEL    ---     0.495     R10C15D.C1 to     R10C15D.F1 SLICE_329
ROUTE         1     1.023     R10C15D.F1 to      R9C15A.B1 serial_out_135
CTOF_DEL    ---     0.495      R9C15A.B1 to      R9C15A.F1 SLICE_521
ROUTE         1     0.693      R9C15A.F1 to      R9C15A.B0 serial_out_167
CTOF_DEL    ---     0.495      R9C15A.B0 to      R9C15A.F0 SLICE_521
ROUTE         1     1.681      R9C15A.F0 to       14.PADDO serial_out_c
DOPAD_DEL   ---     2.797       14.PADDO to         14.PAD serial_out
                  --------
                    8.897   (53.2% logic, 46.8% route), 5 logic levels.

Unconstrained Preference:
   CLOCK_TO_OUT PORT "serial_out" CLKPORT "clk" 

Report:    8.875ns delay SLICE_81 to serial_out

   Name    Fanout   Delay (ns)          Site               Resource
REG_DEL     ---     0.452    R10C16D.CLK to     R10C16D.Q1 SLICE_81 (from clk_c)
ROUTE         1     1.023     R10C16D.Q1 to      R9C16A.B0 observe[12]
CTOF_DEL    ---     0.495      R9C16A.B0 to      R9C16A.F0 SLICE_624
ROUTE         1     0.744      R9C16A.F0 to      R9C15A.C1 serial_out_91
CTOF_DEL    ---     0.495      R9C15A.C1 to      R9C15A.F1 SLICE_521
ROUTE         1     0.693      R9C15A.F1 to      R9C15A.B0 serial_out_167
CTOF_DEL    ---     0.495      R9C15A.B0 to      R9C15A.F0 SLICE_521
ROUTE         1     1.681      R9C15A.F0 to       14.PADDO serial_out_c
DOPAD_DEL   ---     2.797       14.PADDO to         14.PAD serial_out
                  --------
                    8.875   (53.3% logic, 46.7% route), 5 logic levels.

Unconstrained Preference:
   CLOCK_TO_OUT PORT "serial_out" CLKPORT "clk" 

Report:    8.838ns delay SLICE_80 to serial_out

   Name    Fanout   Delay (ns)          Site               Resource
REG_DEL     ---     0.452    R10C16C.CLK to     R10C16C.Q1 SLICE_80 (from clk_c)
ROUTE         1     0.986     R10C16C.Q1 to      R9C16A.A0 observe[10]
CTOF_DEL    ---     0.495      R9C16A.A0 to      R9C16A.F0 SLICE_624
ROUTE         1     0.744      R9C16A.F0 to      R9C15A.C1 serial_out_91
CTOF_DEL    ---     0.495      R9C15A.C1 to      R9C15A.F1 SLICE_521
ROUTE         1     0.693      R9C15A.F1 to      R9C15A.B0 serial_out_167
CTOF_DEL    ---     0.495      R9C15A.B0 to      R9C15A.F0 SLICE_521
ROUTE         1     1.681      R9C15A.F0 to       14.PADDO serial_out_c
DOPAD_DEL   ---     2.797       14.PADDO to         14.PAD serial_out
                  --------
                    8.838   (53.6% logic, 46.4% route), 5 logic levels.


================================================================================
Preference: Unconstrained: MAXDELAY
            0 unconstrained paths found
--------------------------------------------------------------------------------

Report Summary
--------------
----------------------------------------------------------------------------
Preference                              |   Constraint|       Actual|Levels
----------------------------------------------------------------------------
                                        |             |             |
FREQUENCY PORT "clk" 29.560000 MHz ;    |   29.560 MHz|   31.010 MHz|  16  
                                        |             |             |
----------------------------------------------------------------------------


All preferences were met.


Clock Domains Analysis
------------------------

Found 1 clocks:

Clock Domain: clk_c   Source: clk.PAD   Loads: 248
   Covered under: FREQUENCY PORT "clk" 29.560000 MHz ;


--------------------------------------------------------------------------------
                Connections not covered by the preferences
--------------------------------------------------------------------------------

     Delay                        Element                 Net

    1.681ns         SLICE_521.F0 to     serial_out.PADDO serial_out_c
    2.451ns          reset.PADDI to .memory/SLICE_11.LSR reset_c
    2.451ns          reset.PADDI to .memory/SLICE_12.LSR reset_c
    2.451ns          reset.PADDI to .memory/SLICE_13.LSR reset_c
    2.451ns          reset.PADDI to .memory/SLICE_14.LSR reset_c
    2.451ns          reset.PADDI to .memory/SLICE_15.LSR reset_c
    2.451ns          reset.PADDI to .memory/SLICE_16.LSR reset_c
    2.451ns          reset.PADDI to .memory/SLICE_17.LSR reset_c
    2.451ns          reset.PADDI to ine/seq/SLICE_18.LSR reset_c
    2.451ns          reset.PADDI to ine/seq/SLICE_19.LSR reset_c
    2.451ns          reset.PADDI to ine/seq/SLICE_20.LSR reset_c
    2.451ns          reset.PADDI to ine/seq/SLICE_21.LSR reset_c
    2.451ns          reset.PADDI to ine/seq/SLICE_22.LSR reset_c
    2.451ns          reset.PADDI to  system/SLICE_34.LSR reset_c
    2.451ns          reset.PADDI to  system/SLICE_35.LSR reset_c
    2.451ns          reset.PADDI to         SLICE_37.LSR reset_c
    2.451ns          reset.PADDI to         SLICE_38.LSR reset_c
    2.451ns          reset.PADDI to         SLICE_40.LSR reset_c
    2.451ns          reset.PADDI to         SLICE_41.LSR reset_c
    2.451ns          reset.PADDI to         SLICE_43.LSR reset_c
    2.451ns          reset.PADDI to         SLICE_44.LSR reset_c
    2.451ns          reset.PADDI to         SLICE_46.LSR reset_c
    2.451ns          reset.PADDI to         SLICE_47.LSR reset_c
    2.451ns          reset.PADDI to  system/SLICE_49.LSR reset_c
    2.451ns          reset.PADDI to  system/SLICE_50.LSR reset_c
    2.451ns          reset.PADDI to  system/SLICE_52.LSR reset_c
    2.451ns          reset.PADDI to  system/SLICE_53.LSR reset_c
    2.451ns          reset.PADDI to  system/SLICE_55.LSR reset_c
    2.451ns          reset.PADDI to  system/SLICE_56.LSR reset_c
    2.451ns          reset.PADDI to ansport/SLICE_57.LSR reset_c
    2.451ns          reset.PADDI to  system/SLICE_58.LSR reset_c
    2.451ns          reset.PADDI to  system/SLICE_59.LSR reset_c
    2.451ns          reset.PADDI to  system/SLICE_60.LSR reset_c
    2.451ns          reset.PADDI to  system/SLICE_61.LSR reset_c
    2.451ns          reset.PADDI to  system/SLICE_62.LSR reset_c
    2.451ns          reset.PADDI to  system/SLICE_63.LSR reset_c
    2.451ns          reset.PADDI to  system/SLICE_64.LSR reset_c
    2.451ns          reset.PADDI to  system/SLICE_65.LSR reset_c
    2.451ns          reset.PADDI to /engine/SLICE_67.LSR reset_c
    2.451ns          reset.PADDI to /engine/SLICE_68.LSR reset_c
    2.451ns          reset.PADDI to /engine/SLICE_69.LSR reset_c
    2.451ns          reset.PADDI to /engine/SLICE_70.LSR reset_c
    2.451ns          reset.PADDI to ansport/SLICE_75.LSR reset_c
    2.451ns          reset.PADDI to         SLICE_76.LSR reset_c
    2.451ns          reset.PADDI to         SLICE_77.LSR reset_c
    2.451ns          reset.PADDI to         SLICE_78.LSR reset_c
    2.451ns          reset.PADDI to         SLICE_79.LSR reset_c
    2.451ns          reset.PADDI to         SLICE_80.LSR reset_c
    2.451ns          reset.PADDI to         SLICE_81.LSR reset_c
    2.451ns          reset.PADDI to         SLICE_82.LSR reset_c
    2.451ns          reset.PADDI to         SLICE_83.LSR reset_c
    2.451ns          reset.PADDI to         SLICE_84.LSR reset_c
    2.451ns          reset.PADDI to         SLICE_85.LSR reset_c
    2.451ns          reset.PADDI to         SLICE_86.LSR reset_c
    2.451ns          reset.PADDI to         SLICE_87.LSR reset_c
    2.451ns          reset.PADDI to        SLICE_143.LSR reset_c
    3.765ns          reset.PADDI to         SLICE_145.B1 reset_c
    2.451ns          reset.PADDI to        SLICE_145.LSR reset_c
    2.451ns          reset.PADDI to        SLICE_154.LSR reset_c
    2.451ns          reset.PADDI to        SLICE_157.LSR reset_c
    2.451ns          reset.PADDI to        SLICE_158.LSR reset_c
    2.451ns          reset.PADDI to status/SLICE_159.LSR reset_c
    2.451ns          reset.PADDI to status/SLICE_160.LSR reset_c
    2.451ns          reset.PADDI to status/SLICE_161.LSR reset_c
    2.451ns          reset.PADDI to engine/SLICE_162.LSR reset_c
    2.451ns          reset.PADDI to engine/SLICE_163.LSR reset_c
    2.451ns          reset.PADDI to engine/SLICE_164.LSR reset_c
    2.451ns          reset.PADDI to engine/SLICE_165.LSR reset_c
    2.451ns          reset.PADDI to engine/SLICE_166.LSR reset_c
    2.451ns          reset.PADDI to engine/SLICE_167.LSR reset_c
    2.451ns          reset.PADDI to engine/SLICE_168.LSR reset_c
    2.451ns          reset.PADDI to engine/SLICE_169.LSR reset_c
    2.451ns          reset.PADDI to engine/SLICE_170.LSR reset_c
    2.451ns          reset.PADDI to engine/SLICE_171.LSR reset_c
    2.451ns          reset.PADDI to engine/SLICE_172.LSR reset_c
    2.451ns          reset.PADDI to ine/dp/SLICE_173.LSR reset_c
    2.451ns          reset.PADDI to ine/dp/SLICE_174.LSR reset_c
    2.451ns          reset.PADDI to ine/dp/SLICE_175.LSR reset_c
    2.451ns          reset.PADDI to ine/dp/SLICE_176.LSR reset_c
    2.451ns          reset.PADDI to ine/dp/SLICE_177.LSR reset_c
    2.451ns          reset.PADDI to ine/dp/SLICE_178.LSR reset_c
    2.451ns          reset.PADDI to ine/dp/SLICE_179.LSR reset_c
    2.451ns          reset.PADDI to ine/dp/SLICE_180.LSR reset_c
    2.451ns          reset.PADDI to ine/dp/SLICE_181.LSR reset_c
    2.451ns          reset.PADDI to ine/dp/SLICE_182.LSR reset_c
    2.451ns          reset.PADDI to engine/SLICE_183.LSR reset_c
    2.451ns          reset.PADDI to nsport/SLICE_184.LSR reset_c
    2.451ns          reset.PADDI to engine/SLICE_199.LSR reset_c
    2.451ns          reset.PADDI to engine/SLICE_200.LSR reset_c
    2.451ns          reset.PADDI to engine/SLICE_201.LSR reset_c
    3.734ns          reset.PADDI to /engine/SLICE_202.A0 reset_c
    3.734ns          reset.PADDI to /engine/SLICE_202.A1 reset_c
    2.451ns          reset.PADDI to ne/seq/SLICE_203.LSR reset_c
    2.451ns          reset.PADDI to ne/seq/SLICE_204.LSR reset_c
    2.451ns          reset.PADDI to engine/SLICE_206.LSR reset_c
    2.451ns          reset.PADDI to memory/SLICE_207.LSR reset_c
    2.451ns          reset.PADDI to system/SLICE_208.LSR reset_c
    2.451ns          reset.PADDI to        SLICE_210.LSR reset_c
    2.451ns          reset.PADDI to nsport/SLICE_211.LSR reset_c
    2.451ns          reset.PADDI to system/SLICE_212.LSR reset_c
    2.451ns          reset.PADDI to nsport/SLICE_213.LSR reset_c
    2.451ns          reset.PADDI to nsport/SLICE_214.LSR reset_c
    2.451ns          reset.PADDI to memory/SLICE_215.LSR reset_c
    2.451ns          reset.PADDI to memory/SLICE_216.LSR reset_c
    2.451ns          reset.PADDI to memory/SLICE_217.LSR reset_c
    2.451ns          reset.PADDI to memory/SLICE_218.LSR reset_c
    2.451ns          reset.PADDI to memory/SLICE_219.LSR reset_c
    2.451ns          reset.PADDI to memory/SLICE_220.LSR reset_c
    2.451ns          reset.PADDI to memory/SLICE_221.LSR reset_c
    2.451ns          reset.PADDI to memory/SLICE_222.LSR reset_c
    2.451ns          reset.PADDI to memory/SLICE_223.LSR reset_c
    2.451ns          reset.PADDI to memory/SLICE_224.LSR reset_c
    2.451ns          reset.PADDI to nsport/SLICE_225.LSR reset_c
    1.595ns          reset.PADDI to ansport/SLICE_230.D1 reset_c
    2.451ns          reset.PADDI to nsport/SLICE_230.LSR reset_c
    2.047ns          reset.PADDI to ansport/SLICE_231.D0 reset_c
    2.394ns          reset.PADDI to ansport/SLICE_232.B0 reset_c
    2.168ns          reset.PADDI to ansport/SLICE_232.C1 reset_c
    2.459ns          reset.PADDI to ansport/SLICE_233.D0 reset_c
    2.459ns          reset.PADDI to ansport/SLICE_233.D1 reset_c
    2.468ns          reset.PADDI to ansport/SLICE_234.D0 reset_c
    2.574ns          reset.PADDI to ansport/SLICE_234.C1 reset_c
    2.880ns          reset.PADDI to ansport/SLICE_235.D0 reset_c
    2.880ns          reset.PADDI to ansport/SLICE_235.D1 reset_c
    2.419ns          reset.PADDI to ansport/SLICE_236.B1 reset_c
    2.041ns          reset.PADDI to ansport/SLICE_237.D0 reset_c
    2.584ns          reset.PADDI to ansport/SLICE_237.C1 reset_c
    3.564ns          reset.PADDI to ansport/SLICE_238.C1 reset_c
    2.047ns          reset.PADDI to ansport/SLICE_239.D0 reset_c
    2.047ns          reset.PADDI to ansport/SLICE_239.D1 reset_c
    2.451ns          reset.PADDI to system/SLICE_240.LSR reset_c
    2.451ns          reset.PADDI to system/SLICE_241.LSR reset_c
    2.451ns          reset.PADDI to system/SLICE_242.LSR reset_c
    2.451ns          reset.PADDI to memory/SLICE_243.LSR reset_c
    2.451ns          reset.PADDI to nsport/SLICE_248.LSR reset_c
    2.451ns          reset.PADDI to nsport/SLICE_249.LSR reset_c
    2.451ns          reset.PADDI to nsport/SLICE_250.LSR reset_c
    2.451ns          reset.PADDI to nsport/SLICE_251.LSR reset_c
    2.451ns          reset.PADDI to system/SLICE_252.LSR reset_c
    2.451ns          reset.PADDI to ne/seq/SLICE_254.LSR reset_c
    2.451ns          reset.PADDI to ne/seq/SLICE_255.LSR reset_c
    2.451ns          reset.PADDI to ne/seq/SLICE_256.LSR reset_c
    2.451ns          reset.PADDI to ne/seq/SLICE_257.LSR reset_c
    2.451ns          reset.PADDI to ne/seq/SLICE_258.LSR reset_c
    3.905ns          reset.PADDI to /engine/SLICE_301.C0 reset_c
    3.380ns          reset.PADDI to /engine/SLICE_301.D1 reset_c
    2.451ns          reset.PADDI to        SLICE_302.LSR reset_c
    3.714ns          reset.PADDI to /engine/SLICE_316.A1 reset_c
    2.451ns          reset.PADDI to engine/SLICE_321.LSR reset_c
    2.451ns          reset.PADDI to        SLICE_323.LSR reset_c
    2.451ns          reset.PADDI to        SLICE_324.LSR reset_c
    2.451ns          reset.PADDI to        SLICE_325.LSR reset_c
    2.451ns          reset.PADDI to        SLICE_326.LSR reset_c
    2.451ns          reset.PADDI to        SLICE_327.LSR reset_c
    2.451ns          reset.PADDI to        SLICE_328.LSR reset_c
    2.451ns          reset.PADDI to        SLICE_329.LSR reset_c
    2.453ns          reset.PADDI to ansport/SLICE_330.D0 reset_c
    2.382ns          reset.PADDI to ansport/SLICE_331.A0 reset_c
    3.209ns          reset.PADDI to ansport/SLICE_332.A0 reset_c
    4.248ns          reset.PADDI to ansport/SLICE_338.B0 reset_c
    1.241ns          reset.PADDI to ansport/SLICE_341.D0 reset_c
    2.041ns          reset.PADDI to ansport/SLICE_342.D1 reset_c
    3.031ns          reset.PADDI to .memory/SLICE_343.D0 reset_c
    1.930ns          reset.PADDI to ansport/SLICE_344.A0 reset_c
    3.209ns          reset.PADDI to ansport/SLICE_346.A1 reset_c
    2.382ns          reset.PADDI to ansport/SLICE_347.A0 reset_c
    3.238ns          reset.PADDI to ansport/SLICE_348.A1 reset_c
    3.436ns          reset.PADDI to ine/seq/SLICE_366.B0 reset_c
    3.741ns          reset.PADDI to ine/seq/SLICE_374.A0 reset_c
    4.338ns          reset.PADDI to ine/seq/SLICE_385.C1 reset_c
    3.045ns          reset.PADDI to ine/seq/SLICE_386.D1 reset_c
    4.185ns          reset.PADDI to ine/seq/SLICE_398.B0 reset_c
    3.372ns          reset.PADDI to ine/seq/SLICE_405.A0 reset_c
    3.820ns          reset.PADDI to ine/seq/SLICE_407.D0 reset_c
    4.752ns          reset.PADDI to ine/seq/SLICE_410.C1 reset_c
    2.451ns          reset.PADDI to        SLICE_424.LSR reset_c
    2.451ns          reset.PADDI to        SLICE_425.LSR reset_c
    3.166ns          reset.PADDI to /engine/SLICE_492.C0 reset_c
    2.451ns          reset.PADDI to        SLICE_493.LSR reset_c
    2.451ns          reset.PADDI to        SLICE_498.LSR reset_c
    2.451ns          reset.PADDI to        SLICE_499.LSR reset_c
    2.451ns          reset.PADDI to        SLICE_500.LSR reset_c
    2.451ns          reset.PADDI to        SLICE_501.LSR reset_c
    2.451ns          reset.PADDI to        SLICE_502.LSR reset_c
    2.451ns          reset.PADDI to        SLICE_503.LSR reset_c
    2.451ns          reset.PADDI to        SLICE_504.LSR reset_c
    2.451ns          reset.PADDI to        SLICE_505.LSR reset_c
    2.451ns          reset.PADDI to        SLICE_506.LSR reset_c
    2.451ns          reset.PADDI to        SLICE_507.LSR reset_c
    2.451ns          reset.PADDI to        SLICE_508.LSR reset_c
    2.451ns          reset.PADDI to        SLICE_509.LSR reset_c
    2.451ns          reset.PADDI to        SLICE_510.LSR reset_c
    2.451ns          reset.PADDI to        SLICE_511.LSR reset_c
    2.451ns          reset.PADDI to        SLICE_512.LSR reset_c
    2.451ns          reset.PADDI to        SLICE_513.LSR reset_c
    2.451ns          reset.PADDI to        SLICE_514.LSR reset_c
    2.451ns          reset.PADDI to        SLICE_515.LSR reset_c
    2.451ns          reset.PADDI to        SLICE_516.LSR reset_c
    2.451ns          reset.PADDI to        SLICE_517.LSR reset_c
    2.451ns          reset.PADDI to        SLICE_518.LSR reset_c
    2.451ns          reset.PADDI to        SLICE_519.LSR reset_c
    2.451ns          reset.PADDI to        SLICE_520.LSR reset_c
    2.451ns          reset.PADDI to        SLICE_521.LSR reset_c
    2.451ns          reset.PADDI to        SLICE_522.LSR reset_c
    2.451ns          reset.PADDI to        SLICE_523.LSR reset_c
    2.451ns          reset.PADDI to        SLICE_524.LSR reset_c
    2.451ns          reset.PADDI to        SLICE_525.LSR reset_c
    2.451ns          reset.PADDI to        SLICE_526.LSR reset_c
    2.451ns          reset.PADDI to        SLICE_527.LSR reset_c
    2.451ns          reset.PADDI to        SLICE_528.LSR reset_c
    2.451ns          reset.PADDI to        SLICE_529.LSR reset_c
    2.451ns          reset.PADDI to        SLICE_530.LSR reset_c
    2.451ns          reset.PADDI to        SLICE_531.LSR reset_c
    2.451ns          reset.PADDI to        SLICE_532.LSR reset_c
    2.451ns          reset.PADDI to        SLICE_538.LSR reset_c
    2.451ns          reset.PADDI to        SLICE_539.LSR reset_c
    2.451ns          reset.PADDI to        SLICE_550.LSR reset_c
    2.451ns          reset.PADDI to        SLICE_551.LSR reset_c
    2.451ns          reset.PADDI to        SLICE_552.LSR reset_c
    2.451ns          reset.PADDI to        SLICE_553.LSR reset_c
    4.168ns          reset.PADDI to ine/seq/SLICE_561.A0 reset_c
    2.451ns          reset.PADDI to        SLICE_563.LSR reset_c
    2.451ns          reset.PADDI to        SLICE_565.LSR reset_c
    2.451ns          reset.PADDI to        SLICE_583.LSR reset_c
    2.451ns          reset.PADDI to        SLICE_584.LSR reset_c
    2.451ns          reset.PADDI to        SLICE_585.LSR reset_c
    2.451ns          reset.PADDI to        SLICE_586.LSR reset_c
    2.451ns          reset.PADDI to        SLICE_587.LSR reset_c
    2.162ns          reset.PADDI to ansport/SLICE_590.C1 reset_c
    3.400ns          reset.PADDI to  system/SLICE_593.D0 reset_c
    4.175ns          reset.PADDI to  system/SLICE_593.B1 reset_c
    4.595ns          reset.PADDI to ine/seq/SLICE_598.B0 reset_c
    4.161ns          reset.PADDI to ine/seq/SLICE_598.A1 reset_c
    2.451ns          reset.PADDI to        SLICE_607.LSR reset_c
    2.451ns          reset.PADDI to        SLICE_608.LSR reset_c
    2.451ns          reset.PADDI to        SLICE_609.LSR reset_c
    2.451ns          reset.PADDI to        SLICE_611.LSR reset_c
    2.451ns          reset.PADDI to        SLICE_612.LSR reset_c
    2.451ns          reset.PADDI to        SLICE_613.LSR reset_c
    2.451ns          reset.PADDI to        SLICE_614.LSR reset_c
    2.451ns          reset.PADDI to        SLICE_615.LSR reset_c
    2.451ns          reset.PADDI to        SLICE_616.LSR reset_c
    2.451ns          reset.PADDI to        SLICE_617.LSR reset_c
    2.451ns          reset.PADDI to        SLICE_618.LSR reset_c
    2.451ns          reset.PADDI to        SLICE_619.LSR reset_c
    2.451ns          reset.PADDI to        SLICE_620.LSR reset_c
    2.451ns          reset.PADDI to        SLICE_621.LSR reset_c
    2.451ns          reset.PADDI to        SLICE_622.LSR reset_c
    2.451ns          reset.PADDI to        SLICE_623.LSR reset_c
    2.451ns          reset.PADDI to        SLICE_624.LSR reset_c
    2.451ns          reset.PADDI to        SLICE_625.LSR reset_c
    2.451ns          reset.PADDI to        SLICE_626.LSR reset_c
    2.590ns          reset.PADDI to  serial_in_MGIOL.LSR reset_c
    1.854ns         SLICE_158.Q1 to         SLICE_532.B0 observe[179]
    0.565ns      serial_in.PADDI to   serial_in_MGIOL.DI serial_in_c
    0.645ns          SLICE_83.Q0 to         SLICE_329.D0 observe[15]
    1.299ns          SLICE_83.Q1 to         SLICE_329.A0 observe[16]
    0.626ns         SLICE_329.F0 to         SLICE_329.D1 serial_out_7
    2.372ns          SLICE_76.Q0 to         SLICE_532.D1 observe[0]
    2.440ns          SLICE_76.Q1 to         SLICE_532.A1 observe[2]
    2.008ns          SLICE_77.Q0 to         SLICE_532.C1 observe[3]
    2.034ns          SLICE_77.Q1 to         SLICE_532.B1 observe[4]
    1.506ns          SLICE_78.Q0 to         SLICE_624.C1 observe[5]
    0.626ns          SLICE_78.Q1 to         SLICE_624.D1 observe[6]
    0.967ns          SLICE_79.Q0 to         SLICE_624.A1 observe[7]
    1.004ns          SLICE_79.Q1 to         SLICE_624.B1 observe[8]
    1.163ns          SLICE_80.Q0 to         SLICE_624.C0 observe[9]
    0.986ns          SLICE_80.Q1 to         SLICE_624.A0 observe[10]
    1.072ns          SLICE_81.Q0 to         SLICE_624.D0 observe[11]
    1.023ns          SLICE_81.Q1 to         SLICE_624.B0 observe[12]
    1.535ns          SLICE_82.Q0 to         SLICE_329.B1 observe[13]
    0.766ns          SLICE_82.Q1 to         SLICE_329.C1 observe[14]
    2.558ns          SLICE_84.Q0 to         SLICE_229.B1 observe[17]
    1.793ns          SLICE_84.Q1 to         SLICE_229.C1 observe[18]
    2.440ns          SLICE_85.Q0 to         SLICE_229.A1 observe[19]
    2.144ns          SLICE_85.Q1 to         SLICE_229.D1 observe[20]
    1.460ns          SLICE_86.Q0 to         SLICE_228.D0 observe[21]
    2.380ns          SLICE_86.Q1 to         SLICE_228.B0 observe[22]
    1.299ns          SLICE_87.Q0 to         SLICE_228.A0 observe[23]
    0.766ns          SLICE_87.Q1 to         SLICE_228.C0 observe[24]
    1.193ns         SLICE_506.Q1 to         SLICE_623.C1 observe[25]
    1.962ns         SLICE_585.Q0 to         SLICE_623.B1 observe[26]
    1.915ns         SLICE_585.Q1 to         SLICE_623.A1 observe[27]
    0.645ns         SLICE_514.Q0 to         SLICE_623.D1 observe[28]
    2.393ns         SLICE_514.Q1 to         SLICE_623.B0 observe[29]
    1.163ns         SLICE_302.Q0 to         SLICE_623.C0 observe[30]
    0.623ns         SLICE_302.Q1 to         SLICE_623.D0 observe[31]
    1.413ns         SLICE_515.Q0 to         SLICE_623.A0 observe[32]
    1.817ns         SLICE_515.Q1 to         SLICE_525.A1 observe[33]
    1.450ns         SLICE_326.Q0 to         SLICE_525.B1 observe[34]
    1.079ns         SLICE_326.Q1 to         SLICE_525.C1 observe[35]
    0.645ns         SLICE_507.Q0 to         SLICE_525.D1 observe[36]
    1.336ns         SLICE_507.Q1 to         SLICE_228.B1 observe[37]
    1.810ns         SLICE_611.Q0 to         SLICE_228.A1 observe[38]
    1.460ns         SLICE_611.Q1 to         SLICE_228.D1 observe[39]
    0.744ns         SLICE_513.Q0 to         SLICE_228.C1 observe[40]
    1.506ns         SLICE_513.Q1 to         SLICE_622.C1 observe[41]
    0.964ns         SLICE_510.Q0 to         SLICE_622.A1 observe[42]
    0.623ns         SLICE_510.Q1 to         SLICE_622.D1 observe[43]
    1.962ns         SLICE_626.Q0 to         SLICE_622.B1 observe[44]
    1.299ns         SLICE_626.Q1 to         SLICE_622.A0 observe[45]
    1.079ns         SLICE_501.Q0 to         SLICE_622.C0 observe[46]
    1.042ns         SLICE_501.Q1 to         SLICE_622.D0 observe[47]
    2.456ns         SLICE_587.Q0 to         SLICE_622.B0 observe[48]
    2.325ns         SLICE_587.Q1 to         SLICE_526.A1 observe[49]
    1.072ns         SLICE_500.Q0 to         SLICE_526.D1 observe[50]
    1.004ns         SLICE_500.Q1 to         SLICE_526.B1 observe[51]
    1.163ns         SLICE_511.Q0 to         SLICE_526.C1 observe[52]
    0.766ns         SLICE_511.Q1 to         SLICE_227.C0 observe[53]
    2.274ns         SLICE_519.Q0 to         SLICE_227.B0 observe[54]
    0.645ns         SLICE_519.Q1 to         SLICE_227.D0 observe[55]
    1.925ns         SLICE_499.Q0 to         SLICE_227.A0 observe[56]
    2.412ns         SLICE_499.Q1 to         SLICE_621.D1 observe[57]
    1.817ns         SLICE_509.Q0 to         SLICE_621.A1 observe[58]
    2.059ns         SLICE_509.Q1 to         SLICE_621.B1 observe[59]
    0.744ns         SLICE_625.Q0 to         SLICE_621.C1 observe[60]
    1.278ns         SLICE_625.Q1 to         SLICE_621.C0 observe[61]
    2.662ns         SLICE_508.Q0 to         SLICE_621.B0 observe[62]
    2.217ns         SLICE_508.Q1 to         SLICE_621.A0 observe[63]
    0.645ns         SLICE_583.Q0 to         SLICE_621.D0 observe[64]
    0.964ns         SLICE_583.Q1 to         SLICE_527.A1 observe[65]
    0.626ns         SLICE_586.Q0 to         SLICE_527.D1 observe[66]
    0.747ns         SLICE_586.Q1 to         SLICE_527.C1 observe[67]
    2.362ns         SLICE_327.Q0 to         SLICE_527.B1 observe[68]
    0.623ns         SLICE_327.Q1 to         SLICE_227.D1 observe[69]
    0.967ns         SLICE_503.Q0 to         SLICE_227.A1 observe[70]
    0.747ns         SLICE_503.Q1 to         SLICE_227.C1 observe[71]
    2.274ns         SLICE_584.Q0 to         SLICE_227.B1 observe[72]
    1.383ns         SLICE_584.Q1 to         SLICE_620.A1 observe[73]
    0.626ns         SLICE_325.Q0 to         SLICE_620.D1 observe[74]
    1.004ns         SLICE_325.Q1 to         SLICE_620.B1 observe[75]
    1.581ns         SLICE_520.Q0 to         SLICE_620.C1 observe[76]
    2.132ns         SLICE_520.Q1 to         SLICE_620.C0 observe[77]
    1.385ns         SLICE_517.Q0 to         SLICE_620.D0 observe[78]
    0.967ns         SLICE_517.Q1 to         SLICE_620.A0 observe[79]
    1.838ns         SLICE_505.Q0 to         SLICE_620.B0 observe[80]
    1.383ns         SLICE_505.Q1 to         SLICE_528.A1 observe[81]
    2.375ns         SLICE_504.Q0 to         SLICE_528.B1 observe[82]
    2.180ns         SLICE_504.Q1 to         SLICE_528.D1 observe[83]
    1.278ns         SLICE_324.Q0 to         SLICE_528.C1 observe[84]
    1.590ns         SLICE_324.Q1 to         SLICE_619.C1 observe[85]
    1.959ns         SLICE_512.Q0 to         SLICE_619.D1 observe[86]
    2.300ns         SLICE_512.Q1 to         SLICE_619.A1 observe[87]
    1.336ns         SLICE_518.Q0 to         SLICE_619.B1 observe[88]
    0.766ns         SLICE_518.Q1 to         SLICE_619.C0 observe[89]
    1.450ns         SLICE_328.Q0 to         SLICE_619.B0 observe[90]
    1.801ns         SLICE_328.Q1 to         SLICE_619.A0 observe[91]
    1.574ns         SLICE_502.Q0 to         SLICE_619.D0 observe[92]
    1.584ns         SLICE_502.Q1 to         SLICE_618.D1 observe[93]
    1.299ns         SLICE_516.Q0 to         SLICE_618.A1 observe[94]
    1.023ns         SLICE_516.Q1 to         SLICE_618.B1 observe[95]
    2.224ns         SLICE_493.Q0 to         SLICE_618.C1 observe[96]
    2.402ns         SLICE_493.Q1 to         SLICE_618.D0 observe[97]
    1.420ns         SLICE_323.Q0 to         SLICE_618.B0 observe[98]
    0.986ns         SLICE_323.Q1 to         SLICE_618.A0 observe[99]
    1.278ns         SLICE_521.Q0 to         SLICE_618.C0 observe[100]
    2.204ns         SLICE_521.Q1 to         SLICE_226.C0 observe[101]
    0.986ns         SLICE_622.Q0 to         SLICE_226.A0 observe[102]
    0.623ns         SLICE_622.Q1 to         SLICE_226.D0 observe[103]
    2.018ns         SLICE_621.Q0 to         SLICE_226.B0 observe[104]
    1.294ns         SLICE_621.Q1 to         SLICE_617.C1 observe[105]
    1.385ns         SLICE_620.Q0 to         SLICE_617.D1 observe[106]
    1.299ns         SLICE_620.Q1 to         SLICE_617.A1 observe[107]
    1.004ns         SLICE_619.Q0 to         SLICE_617.B1 observe[108]
    0.626ns         SLICE_619.Q1 to         SLICE_617.D0 observe[109]
    1.004ns         SLICE_618.Q0 to         SLICE_617.B0 observe[110]
    0.747ns         SLICE_618.Q1 to         SLICE_617.C0 observe[111]
    0.656ns         SLICE_617.Q0 to         SLICE_617.A0 observe[112]
    2.389ns         SLICE_617.Q1 to         SLICE_529.B1 observe[113]
    1.498ns         SLICE_616.Q0 to         SLICE_529.A1 observe[114]
    0.623ns         SLICE_616.Q1 to         SLICE_529.D1 observe[115]
    0.747ns         SLICE_615.Q0 to         SLICE_529.C1 observe[116]
    0.967ns         SLICE_615.Q1 to         SLICE_226.A1 observe[117]
    2.265ns         SLICE_614.Q0 to         SLICE_226.B1 observe[118]
    1.157ns         SLICE_614.Q1 to         SLICE_226.D1 observe[119]
    2.047ns         SLICE_613.Q0 to         SLICE_226.C1 observe[120]
    1.997ns         SLICE_613.Q1 to         SLICE_616.A1 observe[121]
    1.887ns         SLICE_612.Q0 to         SLICE_616.D1 observe[122]
    2.034ns         SLICE_612.Q1 to         SLICE_616.B1 observe[123]
    1.193ns         SLICE_532.Q0 to         SLICE_616.C1 observe[124]
    2.153ns         SLICE_532.Q1 to         SLICE_616.A0 observe[125]
    1.042ns         SLICE_525.Q0 to         SLICE_616.D0 observe[126]
    1.278ns         SLICE_525.Q1 to         SLICE_616.C0 observe[127]
    1.023ns         SLICE_526.Q0 to         SLICE_616.B0 observe[128]
    1.506ns         SLICE_526.Q1 to         SLICE_530.C1 observe[129]
    2.582ns         SLICE_527.Q0 to         SLICE_530.D1 observe[130]
    1.514ns         SLICE_527.Q1 to         SLICE_530.A1 observe[131]
    1.962ns         SLICE_528.Q0 to         SLICE_530.B1 observe[132]
    1.847ns         SLICE_528.Q1 to         SLICE_210.B1 observe[133]
    0.766ns         SLICE_143.Q0 to         SLICE_210.C1 observe[134]
    0.623ns         SLICE_143.Q1 to         SLICE_210.D1 observe[135]
    1.801ns         SLICE_529.Q0 to         SLICE_210.A1 observe[136]
    2.073ns         SLICE_145.Q0 to         SLICE_615.C1 observe[137]
    1.173ns         SLICE_145.Q1 to         SLICE_615.D1 observe[138]
    0.967ns         SLICE_529.Q1 to         SLICE_615.A1 observe[139]
    1.004ns         SLICE_530.Q0 to         SLICE_615.B1 observe[140]
    0.626ns         SLICE_530.Q1 to         SLICE_615.D0 observe[141]
    1.498ns         SLICE_531.Q0 to         SLICE_615.A0 observe[142]
    1.079ns         SLICE_531.Q1 to         SLICE_615.C0 observe[143]
    1.962ns         SLICE_524.Q0 to         SLICE_615.B0 observe[144]
    1.838ns         SLICE_524.Q1 to         SLICE_531.B1 observe[145]
    1.581ns         SLICE_522.Q0 to         SLICE_531.C1 observe[146]
    1.299ns         SLICE_522.Q1 to         SLICE_531.A1 observe[147]
    0.623ns         SLICE_523.Q0 to         SLICE_531.D1 observe[148]
    0.766ns         SLICE_523.Q1 to         SLICE_614.C1 observe[149]
    1.726ns         SLICE_329.Q0 to         SLICE_614.A1 observe[150]
    1.336ns         SLICE_329.Q1 to         SLICE_614.B1 observe[151]
    1.042ns         SLICE_624.Q0 to         SLICE_614.D1 observe[152]
    0.766ns         SLICE_624.Q1 to         SLICE_614.C0 observe[153]
    2.087ns          SLICE_37.Q0 to         SLICE_614.D0 observe[154]
    2.807ns          SLICE_37.Q1 to         SLICE_614.B0 observe[155]
    2.727ns          SLICE_38.Q0 to         SLICE_614.A0 observe[156]
    0.958ns          SLICE_38.Q1 to         SLICE_613.D1 observe[157]
    1.674ns          SLICE_46.Q0 to         SLICE_613.C1 observe[158]
    1.023ns          SLICE_46.Q1 to         SLICE_613.B1 observe[159]
    1.299ns          SLICE_47.Q0 to         SLICE_613.A1 observe[160]
    1.042ns          SLICE_47.Q1 to         SLICE_613.D0 observe[161]
    1.023ns          SLICE_43.Q0 to         SLICE_613.B0 observe[162]
    0.744ns          SLICE_43.Q1 to         SLICE_613.C0 observe[163]
    1.413ns          SLICE_44.Q0 to         SLICE_613.A0 observe[164]
    0.623ns          SLICE_44.Q1 to         SLICE_612.D1 observe[165]
    1.581ns          SLICE_40.Q0 to         SLICE_612.C1 observe[166]
    0.986ns          SLICE_40.Q1 to         SLICE_612.A1 observe[167]
    1.023ns          SLICE_41.Q0 to         SLICE_612.B1 observe[168]
    0.623ns          SLICE_41.Q1 to         SLICE_612.D0 observe[169]
    1.912ns         SLICE_154.Q0 to         SLICE_612.B0 observe[170]
    1.294ns         SLICE_154.Q1 to         SLICE_612.C0 observe[172]
    1.997ns         SLICE_623.Q0 to         SLICE_612.A0 observe[173]
    1.079ns         SLICE_623.Q1 to         SLICE_524.C1 observe[174]
    1.656ns         SLICE_506.Q0 to         SLICE_524.D1 observe[175]
    2.353ns         SLICE_157.Q0 to         SLICE_524.B1 observe[176]
    2.022ns         SLICE_157.Q1 to         SLICE_524.A1 observe[177]
    2.297ns         SLICE_158.Q0 to         SLICE_532.A0 observe[178]
    1.460ns         SLICE_524.F0 to         SLICE_521.D0 serial_out_166
    0.693ns         SLICE_521.F1 to         SLICE_521.B0 serial_out_167
    1.079ns         SLICE_522.F0 to         SLICE_521.C0 serial_out_173
    1.299ns         SLICE_523.F0 to         SLICE_521.A0 serial_out_174
    1.962ns         SLICE_526.F0 to         SLICE_522.B0 serial_out_158
    2.500ns         SLICE_527.F0 to         SLICE_522.D0 serial_out_159
    1.925ns         SLICE_528.F0 to         SLICE_522.A0 serial_out_160
    0.436ns         SLICE_522.F1 to         SLICE_522.C0 serial_out_161
    1.733ns         SLICE_529.F0 to         SLICE_523.B0 serial_out_162
    1.413ns         SLICE_530.F0 to         SLICE_523.A0 serial_out_163
    0.623ns         SLICE_531.F0 to         SLICE_523.D0 serial_out_164
    0.436ns         SLICE_523.F1 to         SLICE_523.C0 serial_out_165
    1.420ns         SLICE_612.F1 to         SLICE_524.B0 serial_out_130
    0.958ns         SLICE_612.F0 to         SLICE_524.D0 serial_out_131
    0.967ns         SLICE_524.F1 to         SLICE_524.A0 serial_out_132
    0.747ns         SLICE_532.F0 to         SLICE_524.C0 serial_out_133
    2.237ns         SLICE_624.F1 to         SLICE_521.A1 serial_out_90
    0.744ns         SLICE_624.F0 to         SLICE_521.C1 serial_out_91
    1.023ns         SLICE_329.F1 to         SLICE_521.B1 serial_out_135
    1.656ns         SLICE_525.F0 to         SLICE_521.D1 serial_out_157
    0.744ns         SLICE_228.F0 to         SLICE_525.C0 serial_out_94
    0.315ns         SLICE_623.F1 to         SLICE_525.D0 serial_out_95
    1.004ns         SLICE_623.F0 to         SLICE_525.B0 serial_out_96
    0.967ns         SLICE_525.F1 to         SLICE_525.A0 serial_out_97
    1.895ns         SLICE_228.F1 to         SLICE_526.A0 serial_out_98
    0.693ns         SLICE_622.F1 to         SLICE_526.B0 serial_out_99
    0.315ns         SLICE_622.F0 to         SLICE_526.D0 serial_out_100
    0.436ns         SLICE_526.F1 to         SLICE_526.C0 serial_out_101
    2.521ns         SLICE_227.F0 to         SLICE_527.A0 serial_out_102
    1.385ns         SLICE_621.F1 to         SLICE_527.D0 serial_out_103
    1.023ns         SLICE_621.F0 to         SLICE_527.B0 serial_out_104
    0.436ns         SLICE_527.F1 to         SLICE_527.C0 serial_out_105
    0.986ns         SLICE_227.F1 to         SLICE_528.A0 serial_out_106
    0.645ns         SLICE_620.F1 to         SLICE_528.D0 serial_out_107
    1.420ns         SLICE_620.F0 to         SLICE_528.B0 serial_out_108
    0.436ns         SLICE_528.F1 to         SLICE_528.C0 serial_out_109
    0.967ns         SLICE_619.F1 to         SLICE_522.A1 serial_out_110
    0.693ns         SLICE_619.F0 to         SLICE_522.B1 serial_out_111
    0.315ns         SLICE_618.F1 to         SLICE_522.D1 serial_out_112
    0.436ns         SLICE_618.F0 to         SLICE_522.C1 serial_out_113
    1.299ns         SLICE_226.F0 to         SLICE_529.A0 serial_out_114
    1.959ns         SLICE_617.F1 to         SLICE_529.D0 serial_out_115
    1.838ns         SLICE_617.F0 to         SLICE_529.B0 serial_out_116
    0.436ns         SLICE_529.F1 to         SLICE_529.C0 serial_out_117
    0.315ns         SLICE_226.F1 to         SLICE_530.D0 serial_out_118
    0.656ns         SLICE_616.F1 to         SLICE_530.A0 serial_out_119
    0.744ns         SLICE_616.F0 to         SLICE_530.C0 serial_out_120
    0.693ns         SLICE_530.F1 to         SLICE_530.B0 serial_out_121
    1.962ns         SLICE_210.F1 to         SLICE_531.B0 serial_out_122
    0.958ns         SLICE_615.F1 to         SLICE_531.D0 serial_out_123
    0.986ns         SLICE_615.F0 to         SLICE_531.A0 serial_out_124
    0.436ns         SLICE_531.F1 to         SLICE_531.C0 serial_out_125
    1.763ns         SLICE_614.F1 to         SLICE_523.B1 serial_out_126
    0.766ns         SLICE_614.F0 to         SLICE_523.C1 serial_out_127
    1.801ns         SLICE_613.F1 to         SLICE_523.A1 serial_out_128
    1.584ns         SLICE_613.F0 to         SLICE_523.D1 serial_out_129
    0.436ns         SLICE_532.F1 to         SLICE_532.C0 serial_out_89
    2.912ns         SLICE_229.F1 to         SLICE_329.A1 serial_out_93

--------------------------------------------------------------------------------


Timing summary (Setup):
---------------

Timing errors: 0  Score: 0
Cumulative negative slack: 0

Constraints cover 2107465 paths, 1 nets, and 4572 connections (90.30% coverage)

--------------------------------------------------------------------------------
Lattice TRACE Report - Hold, Version Diamond (64-bit) 3.14.0.75.2
Wed Sep  9 11:39:49 2026

Copyright (c) 1991-1994 by NeoCAD Inc. All rights reserved.
Copyright (c) 1995 AT&T Corp.   All rights reserved.
Copyright (c) 1995-2001 Lucent Technologies Inc.  All rights reserved.
Copyright (c) 2001 Agere Systems   All rights reserved.
Copyright (c) 2002-2024 Lattice Semiconductor Corporation,  All rights reserved.

Report Information
------------------
Command line:    trce -v 10 -c -u 0 -gt -sethld -sp 4 -sphld m -o cp20b_impl1.twr cp20b_impl1.ncd cp20b_impl1.prf 
Design file:     cp20b_impl1.ncd
Preference file: cp20b_impl1.prf
Device,speed:    LCMXO2-1200HC,m
Report level:    verbose report, limited to 10 items per preference
--------------------------------------------------------------------------------

BLOCK ASYNCPATHS
BLOCK RESETPATHS
--------------------------------------------------------------------------------



================================================================================
Preference: FREQUENCY PORT "clk" 29.560000 MHz ;
            4096 items scored, 0 timing errors detected.
--------------------------------------------------------------------------------


Passed: The following path meets requirements by 0.291ns

 Logical Details:  Cell type  Pin type       Cell/ASIC name  (clock net +/-)

   Source:         Sync_RAM   Q              system/core/engine/dp/rf/words_1_ram/RAM0  (from clk_c +)
   Destination:    FF         Data in        system/sequential.memory/transport/latched_wdata[0]  (to clk_c +)

   Delay:               0.278ns  (99.3% logic, 0.7% route), 1 logic levels.

 Constraint Details:

      0.278ns physical path delay system/SLICE_34 to system/SLICE_34 meets
     -0.013ns DIN_HLD and
      0.000ns delay constraint less
      0.000ns skew requirement (totaling -0.013ns) by 0.291ns

 Physical Path Details:

      Data path system/SLICE_34 to system/SLICE_34:

   Name    Fanout   Delay (ns)          Site               Resource
CLKTOF_DEL  ---     0.276     R9C14A.WCK to      R9C14A.F0 system/SLICE_34 (from clk_c)
ROUTE         4     0.002      R9C14A.F0 to     R9C14A.DI0 io_wdata[0] (to clk_c)
                  --------
                    0.278   (99.3% logic, 0.7% route), 1 logic levels.

 Clock Skew Details: 

      Source Clock Path clk to system/SLICE_34:

   Name    Fanout   Delay (ns)          Site               Resource
ROUTE       248     0.765       13.PADDI to     R9C14A.WCK clk_c
                  --------
                    0.765   (0.0% logic, 100.0% route), 0 logic levels.

      Destination Clock Path clk to system/SLICE_34:

   Name    Fanout   Delay (ns)          Site               Resource
ROUTE       248     0.765       13.PADDI to     R9C14A.CLK clk_c
                  --------
                    0.765   (0.0% logic, 100.0% route), 0 logic levels.


Passed: The following path meets requirements by 0.291ns

 Logical Details:  Cell type  Pin type       Cell/ASIC name  (clock net +/-)

   Source:         Sync_RAM   Q              system/core/engine/dp/rf/words_1_ram_0/RAM1  (from clk_c +)
   Destination:    FF         Data in        system/sequential.memory/transport/latched_wdata[6]  (to clk_c +)

   Delay:               0.278ns  (99.3% logic, 0.7% route), 1 logic levels.

 Constraint Details:

      0.278ns physical path delay system/SLICE_56 to system/SLICE_56 meets
     -0.013ns DIN_HLD and
      0.000ns delay constraint less
      0.000ns skew requirement (totaling -0.013ns) by 0.291ns

 Physical Path Details:

      Data path system/SLICE_56 to system/SLICE_56:

   Name    Fanout   Delay (ns)          Site               Resource
CLKTOF_DEL  ---     0.276    R10C13B.WCK to     R10C13B.F0 system/SLICE_56 (from clk_c)
ROUTE         4     0.002     R10C13B.F0 to    R10C13B.DI0 io_wdata[6] (to clk_c)
                  --------
                    0.278   (99.3% logic, 0.7% route), 1 logic levels.

 Clock Skew Details: 

      Source Clock Path clk to system/SLICE_56:

   Name    Fanout   Delay (ns)          Site               Resource
ROUTE       248     0.765       13.PADDI to    R10C13B.WCK clk_c
                  --------
                    0.765   (0.0% logic, 100.0% route), 0 logic levels.

      Destination Clock Path clk to system/SLICE_56:

   Name    Fanout   Delay (ns)          Site               Resource
ROUTE       248     0.765       13.PADDI to    R10C13B.CLK clk_c
                  --------
                    0.765   (0.0% logic, 100.0% route), 0 logic levels.


Passed: The following path meets requirements by 0.291ns

 Logical Details:  Cell type  Pin type       Cell/ASIC name  (clock net +/-)

   Source:         Sync_RAM   Q              system/core/engine/dp/rf/words_1_ram_2/RAM1  (from clk_c +)
   Destination:    FF         Data in        system/sequential.memory/transport/latched_wdata[15]  (to clk_c +)

   Delay:               0.278ns  (99.3% logic, 0.7% route), 1 logic levels.

 Constraint Details:

      0.278ns physical path delay system/SLICE_50 to system/SLICE_50 meets
     -0.013ns DIN_HLD and
      0.000ns delay constraint less
      0.000ns skew requirement (totaling -0.013ns) by 0.291ns

 Physical Path Details:

      Data path system/SLICE_50 to system/SLICE_50:

   Name    Fanout   Delay (ns)          Site               Resource
CLKTOF_DEL  ---     0.276    R10C15B.WCK to     R10C15B.F1 system/SLICE_50 (from clk_c)
ROUTE         6     0.002     R10C15B.F1 to    R10C15B.DI1 io_wdata[15] (to clk_c)
                  --------
                    0.278   (99.3% logic, 0.7% route), 1 logic levels.

 Clock Skew Details: 

      Source Clock Path clk to system/SLICE_50:

   Name    Fanout   Delay (ns)          Site               Resource
ROUTE       248     0.765       13.PADDI to    R10C15B.WCK clk_c
                  --------
                    0.765   (0.0% logic, 100.0% route), 0 logic levels.

      Destination Clock Path clk to system/SLICE_50:

   Name    Fanout   Delay (ns)          Site               Resource
ROUTE       248     0.765       13.PADDI to    R10C15B.CLK clk_c
                  --------
                    0.765   (0.0% logic, 100.0% route), 0 logic levels.


Passed: The following path meets requirements by 0.292ns

 Logical Details:  Cell type  Pin type       Cell/ASIC name  (clock net +/-)

   Source:         Sync_RAM   Q              system/core/engine/dp/rf/words_ram/RAM1  (from clk_c +)
   Destination:    FF         Data in        observe[157]  (to clk_c +)

   Delay:               0.279ns  (98.9% logic, 1.1% route), 1 logic levels.

 Constraint Details:

      0.279ns physical path delay SLICE_38 to SLICE_38 meets
     -0.013ns DIN_HLD and
      0.000ns delay constraint less
      0.000ns skew requirement (totaling -0.013ns) by 0.292ns

 Physical Path Details:

      Data path SLICE_38 to SLICE_38:

   Name    Fanout   Delay (ns)          Site               Resource
CLKTOF_DEL  ---     0.276      R8C6B.WCK to       R8C6B.F1 SLICE_38 (from clk_c)
ROUTE         7     0.003       R8C6B.F1 to      R8C6B.DI1 io_address[3] (to clk_c)
                  --------
                    0.279   (98.9% logic, 1.1% route), 1 logic levels.

 Clock Skew Details: 

      Source Clock Path clk to SLICE_38:

   Name    Fanout   Delay (ns)          Site               Resource
ROUTE       248     0.765       13.PADDI to      R8C6B.WCK clk_c
                  --------
                    0.765   (0.0% logic, 100.0% route), 0 logic levels.

      Destination Clock Path clk to SLICE_38:

   Name    Fanout   Delay (ns)          Site               Resource
ROUTE       248     0.765       13.PADDI to      R8C6B.CLK clk_c
                  --------
                    0.765   (0.0% logic, 100.0% route), 0 logic levels.


Passed: The following path meets requirements by 0.292ns

 Logical Details:  Cell type  Pin type       Cell/ASIC name  (clock net +/-)

   Source:         Sync_RAM   Q              system/core/engine/dp/rf/words_ram_2/RAM1  (from clk_c +)
   Destination:    FF         Data in        observe[169]  (to clk_c +)

   Delay:               0.279ns  (98.9% logic, 1.1% route), 1 logic levels.

 Constraint Details:

      0.279ns physical path delay SLICE_41 to SLICE_41 meets
     -0.013ns DIN_HLD and
      0.000ns delay constraint less
      0.000ns skew requirement (totaling -0.013ns) by 0.292ns

 Physical Path Details:

      Data path SLICE_41 to SLICE_41:

   Name    Fanout   Delay (ns)          Site               Resource
CLKTOF_DEL  ---     0.276      R8C7B.WCK to       R8C7B.F1 SLICE_41 (from clk_c)
ROUTE        12     0.003       R8C7B.F1 to      R8C7B.DI1 io_address[15] (to clk_c)
                  --------
                    0.279   (98.9% logic, 1.1% route), 1 logic levels.

 Clock Skew Details: 

      Source Clock Path clk to SLICE_41:

   Name    Fanout   Delay (ns)          Site               Resource
ROUTE       248     0.765       13.PADDI to      R8C7B.WCK clk_c
                  --------
                    0.765   (0.0% logic, 100.0% route), 0 logic levels.

      Destination Clock Path clk to SLICE_41:

   Name    Fanout   Delay (ns)          Site               Resource
ROUTE       248     0.765       13.PADDI to      R8C7B.CLK clk_c
                  --------
                    0.765   (0.0% logic, 100.0% route), 0 logic levels.


Passed: The following path meets requirements by 0.292ns

 Logical Details:  Cell type  Pin type       Cell/ASIC name  (clock net +/-)

   Source:         Sync_RAM   Q              system/core/engine/dp/rf/words_ram_1/RAM0  (from clk_c +)
   Destination:    FF         Data in        observe[163]  (to clk_c +)

   Delay:               0.279ns  (98.9% logic, 1.1% route), 1 logic levels.

 Constraint Details:

      0.279ns physical path delay SLICE_43 to SLICE_43 meets
     -0.013ns DIN_HLD and
      0.000ns delay constraint less
      0.000ns skew requirement (totaling -0.013ns) by 0.292ns

 Physical Path Details:

      Data path SLICE_43 to SLICE_43:

   Name    Fanout   Delay (ns)          Site               Resource
CLKTOF_DEL  ---     0.276     R10C7A.WCK to      R10C7A.F1 SLICE_43 (from clk_c)
ROUTE         7     0.003      R10C7A.F1 to     R10C7A.DI1 io_address[9] (to clk_c)
                  --------
                    0.279   (98.9% logic, 1.1% route), 1 logic levels.

 Clock Skew Details: 

      Source Clock Path clk to SLICE_43:

   Name    Fanout   Delay (ns)          Site               Resource
ROUTE       248     0.765       13.PADDI to     R10C7A.WCK clk_c
                  --------
                    0.765   (0.0% logic, 100.0% route), 0 logic levels.

      Destination Clock Path clk to SLICE_43:

   Name    Fanout   Delay (ns)          Site               Resource
ROUTE       248     0.765       13.PADDI to     R10C7A.CLK clk_c
                  --------
                    0.765   (0.0% logic, 100.0% route), 0 logic levels.


Passed: The following path meets requirements by 0.292ns

 Logical Details:  Cell type  Pin type       Cell/ASIC name  (clock net +/-)

   Source:         Sync_RAM   Q              system/core/engine/dp/rf/words_ram_1/RAM1  (from clk_c +)
   Destination:    FF         Data in        observe[165]  (to clk_c +)

   Delay:               0.279ns  (98.9% logic, 1.1% route), 1 logic levels.

 Constraint Details:

      0.279ns physical path delay SLICE_44 to SLICE_44 meets
     -0.013ns DIN_HLD and
      0.000ns delay constraint less
      0.000ns skew requirement (totaling -0.013ns) by 0.292ns

 Physical Path Details:

      Data path SLICE_44 to SLICE_44:

   Name    Fanout   Delay (ns)          Site               Resource
CLKTOF_DEL  ---     0.276     R10C7B.WCK to      R10C7B.F1 SLICE_44 (from clk_c)
ROUTE         7     0.003      R10C7B.F1 to     R10C7B.DI1 io_address[11] (to clk_c)
                  --------
                    0.279   (98.9% logic, 1.1% route), 1 logic levels.

 Clock Skew Details: 

      Source Clock Path clk to SLICE_44:

   Name    Fanout   Delay (ns)          Site               Resource
ROUTE       248     0.765       13.PADDI to     R10C7B.WCK clk_c
                  --------
                    0.765   (0.0% logic, 100.0% route), 0 logic levels.

      Destination Clock Path clk to SLICE_44:

   Name    Fanout   Delay (ns)          Site               Resource
ROUTE       248     0.765       13.PADDI to     R10C7B.CLK clk_c
                  --------
                    0.765   (0.0% logic, 100.0% route), 0 logic levels.


Passed: The following path meets requirements by 0.292ns

 Logical Details:  Cell type  Pin type       Cell/ASIC name  (clock net +/-)

   Source:         Sync_RAM   Q              system/core/engine/dp/rf/words_ram_1/RAM1  (from clk_c +)
   Destination:    FF         Data in        observe[164]  (to clk_c +)

   Delay:               0.279ns  (98.9% logic, 1.1% route), 1 logic levels.

 Constraint Details:

      0.279ns physical path delay SLICE_44 to SLICE_44 meets
     -0.013ns DIN_HLD and
      0.000ns delay constraint less
      0.000ns skew requirement (totaling -0.013ns) by 0.292ns

 Physical Path Details:

      Data path SLICE_44 to SLICE_44:

   Name    Fanout   Delay (ns)          Site               Resource
CLKTOF_DEL  ---     0.276     R10C7B.WCK to      R10C7B.F0 SLICE_44 (from clk_c)
ROUTE         7     0.003      R10C7B.F0 to     R10C7B.DI0 io_address[10] (to clk_c)
                  --------
                    0.279   (98.9% logic, 1.1% route), 1 logic levels.

 Clock Skew Details: 

      Source Clock Path clk to SLICE_44:

   Name    Fanout   Delay (ns)          Site               Resource
ROUTE       248     0.765       13.PADDI to     R10C7B.WCK clk_c
                  --------
                    0.765   (0.0% logic, 100.0% route), 0 logic levels.

      Destination Clock Path clk to SLICE_44:

   Name    Fanout   Delay (ns)          Site               Resource
ROUTE       248     0.765       13.PADDI to     R10C7B.CLK clk_c
                  --------
                    0.765   (0.0% logic, 100.0% route), 0 logic levels.


Passed: The following path meets requirements by 0.292ns

 Logical Details:  Cell type  Pin type       Cell/ASIC name  (clock net +/-)

   Source:         Sync_RAM   Q              system/core/engine/dp/rf/words_ram_0/RAM0  (from clk_c +)
   Destination:    FF         Data in        observe[159]  (to clk_c +)

   Delay:               0.279ns  (98.9% logic, 1.1% route), 1 logic levels.

 Constraint Details:

      0.279ns physical path delay SLICE_46 to SLICE_46 meets
     -0.013ns DIN_HLD and
      0.000ns delay constraint less
      0.000ns skew requirement (totaling -0.013ns) by 0.292ns

 Physical Path Details:

      Data path SLICE_46 to SLICE_46:

   Name    Fanout   Delay (ns)          Site               Resource
CLKTOF_DEL  ---     0.276      R7C7A.WCK to       R7C7A.F1 SLICE_46 (from clk_c)
ROUTE         7     0.003       R7C7A.F1 to      R7C7A.DI1 io_address[5] (to clk_c)
                  --------
                    0.279   (98.9% logic, 1.1% route), 1 logic levels.

 Clock Skew Details: 

      Source Clock Path clk to SLICE_46:

   Name    Fanout   Delay (ns)          Site               Resource
ROUTE       248     0.765       13.PADDI to      R7C7A.WCK clk_c
                  --------
                    0.765   (0.0% logic, 100.0% route), 0 logic levels.

      Destination Clock Path clk to SLICE_46:

   Name    Fanout   Delay (ns)          Site               Resource
ROUTE       248     0.765       13.PADDI to      R7C7A.CLK clk_c
                  --------
                    0.765   (0.0% logic, 100.0% route), 0 logic levels.


Passed: The following path meets requirements by 0.292ns

 Logical Details:  Cell type  Pin type       Cell/ASIC name  (clock net +/-)

   Source:         Sync_RAM   Q              system/core/engine/dp/rf/words_ram_0/RAM0  (from clk_c +)
   Destination:    FF         Data in        observe[158]  (to clk_c +)

   Delay:               0.279ns  (98.9% logic, 1.1% route), 1 logic levels.

 Constraint Details:

      0.279ns physical path delay SLICE_46 to SLICE_46 meets
     -0.013ns DIN_HLD and
      0.000ns delay constraint less
      0.000ns skew requirement (totaling -0.013ns) by 0.292ns

 Physical Path Details:

      Data path SLICE_46 to SLICE_46:

   Name    Fanout   Delay (ns)          Site               Resource
CLKTOF_DEL  ---     0.276      R7C7A.WCK to       R7C7A.F0 SLICE_46 (from clk_c)
ROUTE         7     0.003       R7C7A.F0 to      R7C7A.DI0 io_address[4] (to clk_c)
                  --------
                    0.279   (98.9% logic, 1.1% route), 1 logic levels.

 Clock Skew Details: 

      Source Clock Path clk to SLICE_46:

   Name    Fanout   Delay (ns)          Site               Resource
ROUTE       248     0.765       13.PADDI to      R7C7A.WCK clk_c
                  --------
                    0.765   (0.0% logic, 100.0% route), 0 logic levels.

      Destination Clock Path clk to SLICE_46:

   Name    Fanout   Delay (ns)          Site               Resource
ROUTE       248     0.765       13.PADDI to      R7C7A.CLK clk_c
                  --------
                    0.765   (0.0% logic, 100.0% route), 0 logic levels.

Report Summary
--------------
----------------------------------------------------------------------------
Preference(MIN Delays)                  |   Constraint|       Actual|Levels
----------------------------------------------------------------------------
                                        |             |             |
FREQUENCY PORT "clk" 29.560000 MHz ;    |            -|            -|   1  
                                        |             |             |
----------------------------------------------------------------------------


All preferences were met.


Clock Domains Analysis
------------------------

Found 1 clocks:

Clock Domain: clk_c   Source: clk.PAD   Loads: 248
   Covered under: FREQUENCY PORT "clk" 29.560000 MHz ;


--------------------------------------------------------------------------------
                Connections not covered by the preferences
--------------------------------------------------------------------------------

     Delay                        Element                 Net

    0.563ns         SLICE_521.F0 to     serial_out.PADDO serial_out_c
    0.812ns          reset.PADDI to .memory/SLICE_11.LSR reset_c
    0.812ns          reset.PADDI to .memory/SLICE_12.LSR reset_c
    0.812ns          reset.PADDI to .memory/SLICE_13.LSR reset_c
    0.812ns          reset.PADDI to .memory/SLICE_14.LSR reset_c
    0.812ns          reset.PADDI to .memory/SLICE_15.LSR reset_c
    0.812ns          reset.PADDI to .memory/SLICE_16.LSR reset_c
    0.812ns          reset.PADDI to .memory/SLICE_17.LSR reset_c
    0.812ns          reset.PADDI to ine/seq/SLICE_18.LSR reset_c
    0.812ns          reset.PADDI to ine/seq/SLICE_19.LSR reset_c
    0.812ns          reset.PADDI to ine/seq/SLICE_20.LSR reset_c
    0.812ns          reset.PADDI to ine/seq/SLICE_21.LSR reset_c
    0.812ns          reset.PADDI to ine/seq/SLICE_22.LSR reset_c
    0.812ns          reset.PADDI to  system/SLICE_34.LSR reset_c
    0.812ns          reset.PADDI to  system/SLICE_35.LSR reset_c
    0.812ns          reset.PADDI to         SLICE_37.LSR reset_c
    0.812ns          reset.PADDI to         SLICE_38.LSR reset_c
    0.812ns          reset.PADDI to         SLICE_40.LSR reset_c
    0.812ns          reset.PADDI to         SLICE_41.LSR reset_c
    0.812ns          reset.PADDI to         SLICE_43.LSR reset_c
    0.812ns          reset.PADDI to         SLICE_44.LSR reset_c
    0.812ns          reset.PADDI to         SLICE_46.LSR reset_c
    0.812ns          reset.PADDI to         SLICE_47.LSR reset_c
    0.812ns          reset.PADDI to  system/SLICE_49.LSR reset_c
    0.812ns          reset.PADDI to  system/SLICE_50.LSR reset_c
    0.812ns          reset.PADDI to  system/SLICE_52.LSR reset_c
    0.812ns          reset.PADDI to  system/SLICE_53.LSR reset_c
    0.812ns          reset.PADDI to  system/SLICE_55.LSR reset_c
    0.812ns          reset.PADDI to  system/SLICE_56.LSR reset_c
    0.812ns          reset.PADDI to ansport/SLICE_57.LSR reset_c
    0.812ns          reset.PADDI to  system/SLICE_58.LSR reset_c
    0.812ns          reset.PADDI to  system/SLICE_59.LSR reset_c
    0.812ns          reset.PADDI to  system/SLICE_60.LSR reset_c
    0.812ns          reset.PADDI to  system/SLICE_61.LSR reset_c
    0.812ns          reset.PADDI to  system/SLICE_62.LSR reset_c
    0.812ns          reset.PADDI to  system/SLICE_63.LSR reset_c
    0.812ns          reset.PADDI to  system/SLICE_64.LSR reset_c
    0.812ns          reset.PADDI to  system/SLICE_65.LSR reset_c
    0.812ns          reset.PADDI to /engine/SLICE_67.LSR reset_c
    0.812ns          reset.PADDI to /engine/SLICE_68.LSR reset_c
    0.812ns          reset.PADDI to /engine/SLICE_69.LSR reset_c
    0.812ns          reset.PADDI to /engine/SLICE_70.LSR reset_c
    0.812ns          reset.PADDI to ansport/SLICE_75.LSR reset_c
    0.812ns          reset.PADDI to         SLICE_76.LSR reset_c
    0.812ns          reset.PADDI to         SLICE_77.LSR reset_c
    0.812ns          reset.PADDI to         SLICE_78.LSR reset_c
    0.812ns          reset.PADDI to         SLICE_79.LSR reset_c
    0.812ns          reset.PADDI to         SLICE_80.LSR reset_c
    0.812ns          reset.PADDI to         SLICE_81.LSR reset_c
    0.812ns          reset.PADDI to         SLICE_82.LSR reset_c
    0.812ns          reset.PADDI to         SLICE_83.LSR reset_c
    0.812ns          reset.PADDI to         SLICE_84.LSR reset_c
    0.812ns          reset.PADDI to         SLICE_85.LSR reset_c
    0.812ns          reset.PADDI to         SLICE_86.LSR reset_c
    0.812ns          reset.PADDI to         SLICE_87.LSR reset_c
    0.812ns          reset.PADDI to        SLICE_143.LSR reset_c
    1.235ns          reset.PADDI to         SLICE_145.B1 reset_c
    0.812ns          reset.PADDI to        SLICE_145.LSR reset_c
    0.812ns          reset.PADDI to        SLICE_154.LSR reset_c
    0.812ns          reset.PADDI to        SLICE_157.LSR reset_c
    0.812ns          reset.PADDI to        SLICE_158.LSR reset_c
    0.812ns          reset.PADDI to status/SLICE_159.LSR reset_c
    0.812ns          reset.PADDI to status/SLICE_160.LSR reset_c
    0.812ns          reset.PADDI to status/SLICE_161.LSR reset_c
    0.812ns          reset.PADDI to engine/SLICE_162.LSR reset_c
    0.812ns          reset.PADDI to engine/SLICE_163.LSR reset_c
    0.812ns          reset.PADDI to engine/SLICE_164.LSR reset_c
    0.812ns          reset.PADDI to engine/SLICE_165.LSR reset_c
    0.812ns          reset.PADDI to engine/SLICE_166.LSR reset_c
    0.812ns          reset.PADDI to engine/SLICE_167.LSR reset_c
    0.812ns          reset.PADDI to engine/SLICE_168.LSR reset_c
    0.812ns          reset.PADDI to engine/SLICE_169.LSR reset_c
    0.812ns          reset.PADDI to engine/SLICE_170.LSR reset_c
    0.812ns          reset.PADDI to engine/SLICE_171.LSR reset_c
    0.812ns          reset.PADDI to engine/SLICE_172.LSR reset_c
    0.812ns          reset.PADDI to ine/dp/SLICE_173.LSR reset_c
    0.812ns          reset.PADDI to ine/dp/SLICE_174.LSR reset_c
    0.812ns          reset.PADDI to ine/dp/SLICE_175.LSR reset_c
    0.812ns          reset.PADDI to ine/dp/SLICE_176.LSR reset_c
    0.812ns          reset.PADDI to ine/dp/SLICE_177.LSR reset_c
    0.812ns          reset.PADDI to ine/dp/SLICE_178.LSR reset_c
    0.812ns          reset.PADDI to ine/dp/SLICE_179.LSR reset_c
    0.812ns          reset.PADDI to ine/dp/SLICE_180.LSR reset_c
    0.812ns          reset.PADDI to ine/dp/SLICE_181.LSR reset_c
    0.812ns          reset.PADDI to ine/dp/SLICE_182.LSR reset_c
    0.812ns          reset.PADDI to engine/SLICE_183.LSR reset_c
    0.812ns          reset.PADDI to nsport/SLICE_184.LSR reset_c
    0.812ns          reset.PADDI to engine/SLICE_199.LSR reset_c
    0.812ns          reset.PADDI to engine/SLICE_200.LSR reset_c
    0.812ns          reset.PADDI to engine/SLICE_201.LSR reset_c
    1.234ns          reset.PADDI to /engine/SLICE_202.A0 reset_c
    1.234ns          reset.PADDI to /engine/SLICE_202.A1 reset_c
    0.812ns          reset.PADDI to ne/seq/SLICE_203.LSR reset_c
    0.812ns          reset.PADDI to ne/seq/SLICE_204.LSR reset_c
    0.812ns          reset.PADDI to engine/SLICE_206.LSR reset_c
    0.812ns          reset.PADDI to memory/SLICE_207.LSR reset_c
    0.812ns          reset.PADDI to system/SLICE_208.LSR reset_c
    0.812ns          reset.PADDI to        SLICE_210.LSR reset_c
    0.812ns          reset.PADDI to nsport/SLICE_211.LSR reset_c
    0.812ns          reset.PADDI to system/SLICE_212.LSR reset_c
    0.812ns          reset.PADDI to nsport/SLICE_213.LSR reset_c
    0.812ns          reset.PADDI to nsport/SLICE_214.LSR reset_c
    0.812ns          reset.PADDI to memory/SLICE_215.LSR reset_c
    0.812ns          reset.PADDI to memory/SLICE_216.LSR reset_c
    0.812ns          reset.PADDI to memory/SLICE_217.LSR reset_c
    0.812ns          reset.PADDI to memory/SLICE_218.LSR reset_c
    0.812ns          reset.PADDI to memory/SLICE_219.LSR reset_c
    0.812ns          reset.PADDI to memory/SLICE_220.LSR reset_c
    0.812ns          reset.PADDI to memory/SLICE_221.LSR reset_c
    0.812ns          reset.PADDI to memory/SLICE_222.LSR reset_c
    0.812ns          reset.PADDI to memory/SLICE_223.LSR reset_c
    0.812ns          reset.PADDI to memory/SLICE_224.LSR reset_c
    0.812ns          reset.PADDI to nsport/SLICE_225.LSR reset_c
    0.542ns          reset.PADDI to ansport/SLICE_230.D1 reset_c
    0.812ns          reset.PADDI to nsport/SLICE_230.LSR reset_c
    0.710ns          reset.PADDI to ansport/SLICE_231.D0 reset_c
    0.811ns          reset.PADDI to ansport/SLICE_232.B0 reset_c
    0.763ns          reset.PADDI to ansport/SLICE_232.C1 reset_c
    0.876ns          reset.PADDI to ansport/SLICE_233.D0 reset_c
    0.876ns          reset.PADDI to ansport/SLICE_233.D1 reset_c
    0.857ns          reset.PADDI to ansport/SLICE_234.D0 reset_c
    0.925ns          reset.PADDI to ansport/SLICE_234.C1 reset_c
    1.023ns          reset.PADDI to ansport/SLICE_235.D0 reset_c
    1.023ns          reset.PADDI to ansport/SLICE_235.D1 reset_c
    0.829ns          reset.PADDI to ansport/SLICE_236.B1 reset_c
    0.706ns          reset.PADDI to ansport/SLICE_237.D0 reset_c
    0.908ns          reset.PADDI to ansport/SLICE_237.C1 reset_c
    1.275ns          reset.PADDI to ansport/SLICE_238.C1 reset_c
    0.710ns          reset.PADDI to ansport/SLICE_239.D0 reset_c
    0.710ns          reset.PADDI to ansport/SLICE_239.D1 reset_c
    0.812ns          reset.PADDI to system/SLICE_240.LSR reset_c
    0.812ns          reset.PADDI to system/SLICE_241.LSR reset_c
    0.812ns          reset.PADDI to system/SLICE_242.LSR reset_c
    0.812ns          reset.PADDI to memory/SLICE_243.LSR reset_c
    0.812ns          reset.PADDI to nsport/SLICE_248.LSR reset_c
    0.812ns          reset.PADDI to nsport/SLICE_249.LSR reset_c
    0.812ns          reset.PADDI to nsport/SLICE_250.LSR reset_c
    0.812ns          reset.PADDI to nsport/SLICE_251.LSR reset_c
    0.812ns          reset.PADDI to system/SLICE_252.LSR reset_c
    0.812ns          reset.PADDI to ne/seq/SLICE_254.LSR reset_c
    0.812ns          reset.PADDI to ne/seq/SLICE_255.LSR reset_c
    0.812ns          reset.PADDI to ne/seq/SLICE_256.LSR reset_c
    0.812ns          reset.PADDI to ne/seq/SLICE_257.LSR reset_c
    0.812ns          reset.PADDI to ne/seq/SLICE_258.LSR reset_c
    1.320ns          reset.PADDI to /engine/SLICE_301.C0 reset_c
    1.107ns          reset.PADDI to /engine/SLICE_301.D1 reset_c
    0.812ns          reset.PADDI to        SLICE_302.LSR reset_c
    1.213ns          reset.PADDI to /engine/SLICE_316.A1 reset_c
    0.812ns          reset.PADDI to engine/SLICE_321.LSR reset_c
    0.812ns          reset.PADDI to        SLICE_323.LSR reset_c
    0.812ns          reset.PADDI to        SLICE_324.LSR reset_c
    0.812ns          reset.PADDI to        SLICE_325.LSR reset_c
    0.812ns          reset.PADDI to        SLICE_326.LSR reset_c
    0.812ns          reset.PADDI to        SLICE_327.LSR reset_c
    0.812ns          reset.PADDI to        SLICE_328.LSR reset_c
    0.812ns          reset.PADDI to        SLICE_329.LSR reset_c
    0.872ns          reset.PADDI to ansport/SLICE_330.D0 reset_c
    0.824ns          reset.PADDI to ansport/SLICE_331.A0 reset_c
    1.132ns          reset.PADDI to ansport/SLICE_332.A0 reset_c
    1.496ns          reset.PADDI to ansport/SLICE_338.B0 reset_c
    0.423ns          reset.PADDI to ansport/SLICE_341.D0 reset_c
    0.706ns          reset.PADDI to ansport/SLICE_342.D1 reset_c
    0.985ns          reset.PADDI to .memory/SLICE_343.D0 reset_c
    0.655ns          reset.PADDI to ansport/SLICE_344.A0 reset_c
    1.132ns          reset.PADDI to ansport/SLICE_346.A1 reset_c
    0.824ns          reset.PADDI to ansport/SLICE_347.A0 reset_c
    1.128ns          reset.PADDI to ansport/SLICE_348.A1 reset_c
    1.140ns          reset.PADDI to ine/seq/SLICE_366.B0 reset_c
    1.245ns          reset.PADDI to ine/seq/SLICE_374.A0 reset_c
    1.476ns          reset.PADDI to ine/seq/SLICE_385.C1 reset_c
    1.002ns          reset.PADDI to ine/seq/SLICE_386.D1 reset_c
    1.375ns          reset.PADDI to ine/seq/SLICE_398.B0 reset_c
    1.103ns          reset.PADDI to ine/seq/SLICE_405.A0 reset_c
    1.267ns          reset.PADDI to ine/seq/SLICE_407.D0 reset_c
    1.612ns          reset.PADDI to ine/seq/SLICE_410.C1 reset_c
    0.812ns          reset.PADDI to        SLICE_424.LSR reset_c
    0.812ns          reset.PADDI to        SLICE_425.LSR reset_c
    1.055ns          reset.PADDI to /engine/SLICE_492.C0 reset_c
    0.812ns          reset.PADDI to        SLICE_493.LSR reset_c
    0.812ns          reset.PADDI to        SLICE_498.LSR reset_c
    0.812ns          reset.PADDI to        SLICE_499.LSR reset_c
    0.812ns          reset.PADDI to        SLICE_500.LSR reset_c
    0.812ns          reset.PADDI to        SLICE_501.LSR reset_c
    0.812ns          reset.PADDI to        SLICE_502.LSR reset_c
    0.812ns          reset.PADDI to        SLICE_503.LSR reset_c
    0.812ns          reset.PADDI to        SLICE_504.LSR reset_c
    0.812ns          reset.PADDI to        SLICE_505.LSR reset_c
    0.812ns          reset.PADDI to        SLICE_506.LSR reset_c
    0.812ns          reset.PADDI to        SLICE_507.LSR reset_c
    0.812ns          reset.PADDI to        SLICE_508.LSR reset_c
    0.812ns          reset.PADDI to        SLICE_509.LSR reset_c
    0.812ns          reset.PADDI to        SLICE_510.LSR reset_c
    0.812ns          reset.PADDI to        SLICE_511.LSR reset_c
    0.812ns          reset.PADDI to        SLICE_512.LSR reset_c
    0.812ns          reset.PADDI to        SLICE_513.LSR reset_c
    0.812ns          reset.PADDI to        SLICE_514.LSR reset_c
    0.812ns          reset.PADDI to        SLICE_515.LSR reset_c
    0.812ns          reset.PADDI to        SLICE_516.LSR reset_c
    0.812ns          reset.PADDI to        SLICE_517.LSR reset_c
    0.812ns          reset.PADDI to        SLICE_518.LSR reset_c
    0.812ns          reset.PADDI to        SLICE_519.LSR reset_c
    0.812ns          reset.PADDI to        SLICE_520.LSR reset_c
    0.812ns          reset.PADDI to        SLICE_521.LSR reset_c
    0.812ns          reset.PADDI to        SLICE_522.LSR reset_c
    0.812ns          reset.PADDI to        SLICE_523.LSR reset_c
    0.812ns          reset.PADDI to        SLICE_524.LSR reset_c
    0.812ns          reset.PADDI to        SLICE_525.LSR reset_c
    0.812ns          reset.PADDI to        SLICE_526.LSR reset_c
    0.812ns          reset.PADDI to        SLICE_527.LSR reset_c
    0.812ns          reset.PADDI to        SLICE_528.LSR reset_c
    0.812ns          reset.PADDI to        SLICE_529.LSR reset_c
    0.812ns          reset.PADDI to        SLICE_530.LSR reset_c
    0.812ns          reset.PADDI to        SLICE_531.LSR reset_c
    0.812ns          reset.PADDI to        SLICE_532.LSR reset_c
    0.812ns          reset.PADDI to        SLICE_538.LSR reset_c
    0.812ns          reset.PADDI to        SLICE_539.LSR reset_c
    0.812ns          reset.PADDI to        SLICE_550.LSR reset_c
    0.812ns          reset.PADDI to        SLICE_551.LSR reset_c
    0.812ns          reset.PADDI to        SLICE_552.LSR reset_c
    0.812ns          reset.PADDI to        SLICE_553.LSR reset_c
    1.396ns          reset.PADDI to ine/seq/SLICE_561.A0 reset_c
    0.812ns          reset.PADDI to        SLICE_563.LSR reset_c
    0.812ns          reset.PADDI to        SLICE_565.LSR reset_c
    0.812ns          reset.PADDI to        SLICE_583.LSR reset_c
    0.812ns          reset.PADDI to        SLICE_584.LSR reset_c
    0.812ns          reset.PADDI to        SLICE_585.LSR reset_c
    0.812ns          reset.PADDI to        SLICE_586.LSR reset_c
    0.812ns          reset.PADDI to        SLICE_587.LSR reset_c
    0.759ns          reset.PADDI to ansport/SLICE_590.C1 reset_c
    1.127ns          reset.PADDI to  system/SLICE_593.D0 reset_c
    1.405ns          reset.PADDI to  system/SLICE_593.B1 reset_c
    1.545ns          reset.PADDI to ine/seq/SLICE_598.B0 reset_c
    1.385ns          reset.PADDI to ine/seq/SLICE_598.A1 reset_c
    0.812ns          reset.PADDI to        SLICE_607.LSR reset_c
    0.812ns          reset.PADDI to        SLICE_608.LSR reset_c
    0.812ns          reset.PADDI to        SLICE_609.LSR reset_c
    0.812ns          reset.PADDI to        SLICE_611.LSR reset_c
    0.812ns          reset.PADDI to        SLICE_612.LSR reset_c
    0.812ns          reset.PADDI to        SLICE_613.LSR reset_c
    0.812ns          reset.PADDI to        SLICE_614.LSR reset_c
    0.812ns          reset.PADDI to        SLICE_615.LSR reset_c
    0.812ns          reset.PADDI to        SLICE_616.LSR reset_c
    0.812ns          reset.PADDI to        SLICE_617.LSR reset_c
    0.812ns          reset.PADDI to        SLICE_618.LSR reset_c
    0.812ns          reset.PADDI to        SLICE_619.LSR reset_c
    0.812ns          reset.PADDI to        SLICE_620.LSR reset_c
    0.812ns          reset.PADDI to        SLICE_621.LSR reset_c
    0.812ns          reset.PADDI to        SLICE_622.LSR reset_c
    0.812ns          reset.PADDI to        SLICE_623.LSR reset_c
    0.812ns          reset.PADDI to        SLICE_624.LSR reset_c
    0.812ns          reset.PADDI to        SLICE_625.LSR reset_c
    0.812ns          reset.PADDI to        SLICE_626.LSR reset_c
    0.856ns          reset.PADDI to  serial_in_MGIOL.LSR reset_c
    0.592ns         SLICE_158.Q1 to         SLICE_532.B0 observe[179]
    0.177ns      serial_in.PADDI to   serial_in_MGIOL.DI serial_in_c
    0.204ns          SLICE_83.Q0 to         SLICE_329.D0 observe[15]
    0.423ns          SLICE_83.Q1 to         SLICE_329.A0 observe[16]
    0.201ns         SLICE_329.F0 to         SLICE_329.D1 serial_out_7
    0.782ns          SLICE_76.Q0 to         SLICE_532.D1 observe[0]
    0.799ns          SLICE_76.Q1 to         SLICE_532.A1 observe[2]
    0.668ns          SLICE_77.Q0 to         SLICE_532.C1 observe[3]
    0.648ns          SLICE_77.Q1 to         SLICE_532.B1 observe[4]
    0.510ns          SLICE_78.Q0 to         SLICE_624.C1 observe[5]
    0.201ns          SLICE_78.Q1 to         SLICE_624.D1 observe[6]
    0.319ns          SLICE_79.Q0 to         SLICE_624.A1 observe[7]
    0.324ns          SLICE_79.Q1 to         SLICE_624.B1 observe[8]
    0.413ns          SLICE_80.Q0 to         SLICE_624.C0 observe[9]
    0.322ns          SLICE_80.Q1 to         SLICE_624.A0 observe[10]
    0.356ns          SLICE_81.Q0 to         SLICE_624.D0 observe[11]
    0.327ns          SLICE_81.Q1 to         SLICE_624.B0 observe[12]
    0.491ns          SLICE_82.Q0 to         SLICE_329.B1 observe[13]
    0.258ns          SLICE_82.Q1 to         SLICE_329.C1 observe[14]
    0.812ns          SLICE_84.Q0 to         SLICE_229.B1 observe[17]
    0.584ns          SLICE_84.Q1 to         SLICE_229.C1 observe[18]
    0.799ns          SLICE_85.Q0 to         SLICE_229.A1 observe[19]
    0.712ns          SLICE_85.Q1 to         SLICE_229.D1 observe[20]
    0.464ns          SLICE_86.Q0 to         SLICE_228.D0 observe[21]
    0.800ns          SLICE_86.Q1 to         SLICE_228.B0 observe[22]
    0.423ns          SLICE_87.Q0 to         SLICE_228.A0 observe[23]
    0.258ns          SLICE_87.Q1 to         SLICE_228.C0 observe[24]
    0.409ns         SLICE_506.Q1 to         SLICE_623.C1 observe[25]
    0.642ns         SLICE_585.Q0 to         SLICE_623.B1 observe[26]
    0.653ns         SLICE_585.Q1 to         SLICE_623.A1 observe[27]
    0.204ns         SLICE_514.Q0 to         SLICE_623.D1 observe[28]
    0.798ns         SLICE_514.Q1 to         SLICE_623.B0 observe[29]
    0.413ns         SLICE_302.Q0 to         SLICE_623.C0 observe[30]
    0.200ns         SLICE_302.Q1 to         SLICE_623.D0 observe[31]
    0.473ns         SLICE_515.Q0 to         SLICE_623.A0 observe[32]
    0.587ns         SLICE_515.Q1 to         SLICE_525.A1 observe[33]
    0.478ns         SLICE_326.Q0 to         SLICE_525.B1 observe[34]
    0.359ns         SLICE_326.Q1 to         SLICE_525.C1 observe[35]
    0.204ns         SLICE_507.Q0 to         SLICE_525.D1 observe[36]
    0.428ns         SLICE_507.Q1 to         SLICE_228.B1 observe[37]
    0.629ns         SLICE_611.Q0 to         SLICE_228.A1 observe[38]
    0.464ns         SLICE_611.Q1 to         SLICE_228.D1 observe[39]
    0.253ns         SLICE_513.Q0 to         SLICE_228.C1 observe[40]
    0.510ns         SLICE_513.Q1 to         SLICE_622.C1 observe[41]
    0.318ns         SLICE_510.Q0 to         SLICE_622.A1 observe[42]
    0.200ns         SLICE_510.Q1 to         SLICE_622.D1 observe[43]
    0.642ns         SLICE_626.Q0 to         SLICE_622.B1 observe[44]
    0.423ns         SLICE_626.Q1 to         SLICE_622.A0 observe[45]
    0.359ns         SLICE_501.Q0 to         SLICE_622.C0 observe[46]
    0.360ns         SLICE_501.Q1 to         SLICE_622.D0 observe[47]
    0.810ns         SLICE_587.Q0 to         SLICE_622.B0 observe[48]
    0.746ns         SLICE_587.Q1 to         SLICE_526.A1 observe[49]
    0.356ns         SLICE_500.Q0 to         SLICE_526.D1 observe[50]
    0.324ns         SLICE_500.Q1 to         SLICE_526.B1 observe[51]
    0.413ns         SLICE_511.Q0 to         SLICE_526.C1 observe[52]
    0.258ns         SLICE_511.Q1 to         SLICE_227.C0 observe[53]
    0.785ns         SLICE_519.Q0 to         SLICE_227.B0 observe[54]
    0.204ns         SLICE_519.Q1 to         SLICE_227.D0 observe[55]
    0.637ns         SLICE_499.Q0 to         SLICE_227.A0 observe[56]
    0.831ns         SLICE_499.Q1 to         SLICE_621.D1 observe[57]
    0.587ns         SLICE_509.Q0 to         SLICE_621.A1 observe[58]
    0.655ns         SLICE_509.Q1 to         SLICE_621.B1 observe[59]
    0.253ns         SLICE_625.Q0 to         SLICE_621.C1 observe[60]
    0.421ns         SLICE_625.Q1 to         SLICE_621.C0 observe[61]
    0.893ns         SLICE_508.Q0 to         SLICE_621.B0 observe[62]
    0.755ns         SLICE_508.Q1 to         SLICE_621.A0 observe[63]
    0.204ns         SLICE_583.Q0 to         SLICE_621.D0 observe[64]
    0.318ns         SLICE_583.Q1 to         SLICE_527.A1 observe[65]
    0.201ns         SLICE_586.Q0 to         SLICE_527.D1 observe[66]
    0.254ns         SLICE_586.Q1 to         SLICE_527.C1 observe[67]
    0.751ns         SLICE_327.Q0 to         SLICE_527.B1 observe[68]
    0.200ns         SLICE_327.Q1 to         SLICE_227.D1 observe[69]
    0.319ns         SLICE_503.Q0 to         SLICE_227.A1 observe[70]
    0.254ns         SLICE_503.Q1 to         SLICE_227.C1 observe[71]
    0.785ns         SLICE_584.Q0 to         SLICE_227.B1 observe[72]
    0.477ns         SLICE_584.Q1 to         SLICE_620.A1 observe[73]
    0.201ns         SLICE_325.Q0 to         SLICE_620.D1 observe[74]
    0.324ns         SLICE_325.Q1 to         SLICE_620.B1 observe[75]
    0.517ns         SLICE_520.Q0 to         SLICE_620.C1 observe[76]
    0.724ns         SLICE_520.Q1 to         SLICE_620.C0 observe[77]
    0.457ns         SLICE_517.Q0 to         SLICE_620.D0 observe[78]
    0.319ns         SLICE_517.Q1 to         SLICE_620.A0 observe[79]
    0.587ns         SLICE_505.Q0 to         SLICE_620.B0 observe[80]
    0.477ns         SLICE_505.Q1 to         SLICE_528.A1 observe[81]
    0.802ns         SLICE_504.Q0 to         SLICE_528.B1 observe[82]
    0.690ns         SLICE_504.Q1 to         SLICE_528.D1 observe[83]
    0.421ns         SLICE_324.Q0 to         SLICE_528.C1 observe[84]
    0.564ns         SLICE_324.Q1 to         SLICE_619.C1 observe[85]
    0.621ns         SLICE_512.Q0 to         SLICE_619.D1 observe[86]
    0.739ns         SLICE_512.Q1 to         SLICE_619.A1 observe[87]
    0.428ns         SLICE_518.Q0 to         SLICE_619.B1 observe[88]
    0.258ns         SLICE_518.Q1 to         SLICE_619.C0 observe[89]
    0.478ns         SLICE_328.Q0 to         SLICE_619.B0 observe[90]
    0.582ns         SLICE_328.Q1 to         SLICE_619.A0 observe[91]
    0.536ns         SLICE_502.Q0 to         SLICE_619.D0 observe[92]
    0.519ns         SLICE_502.Q1 to         SLICE_618.D1 observe[93]
    0.423ns         SLICE_516.Q0 to         SLICE_618.A1 observe[94]
    0.327ns         SLICE_516.Q1 to         SLICE_618.B1 observe[95]
    0.748ns         SLICE_493.Q0 to         SLICE_618.C1 observe[96]
    0.778ns         SLICE_493.Q1 to         SLICE_618.D0 observe[97]
    0.482ns         SLICE_323.Q0 to         SLICE_618.B0 observe[98]
    0.322ns         SLICE_323.Q1 to         SLICE_618.A0 observe[99]
    0.421ns         SLICE_521.Q0 to         SLICE_618.C0 observe[100]
    0.730ns         SLICE_521.Q1 to         SLICE_226.C0 observe[101]
    0.322ns         SLICE_622.Q0 to         SLICE_226.A0 observe[102]
    0.200ns         SLICE_622.Q1 to         SLICE_226.D0 observe[103]
    0.681ns         SLICE_621.Q0 to         SLICE_226.B0 observe[104]
    0.426ns         SLICE_621.Q1 to         SLICE_617.C1 observe[105]
    0.457ns         SLICE_620.Q0 to         SLICE_617.D1 observe[106]
    0.423ns         SLICE_620.Q1 to         SLICE_617.A1 observe[107]
    0.324ns         SLICE_619.Q0 to         SLICE_617.B1 observe[108]
    0.201ns         SLICE_619.Q1 to         SLICE_617.D0 observe[109]
    0.324ns         SLICE_618.Q0 to         SLICE_617.B0 observe[110]
    0.254ns         SLICE_618.Q1 to         SLICE_617.C0 observe[111]
    0.221ns         SLICE_617.Q0 to         SLICE_617.A0 observe[112]
    0.793ns         SLICE_617.Q1 to         SLICE_529.B1 observe[113]
    0.485ns         SLICE_616.Q0 to         SLICE_529.A1 observe[114]
    0.200ns         SLICE_616.Q1 to         SLICE_529.D1 observe[115]
    0.254ns         SLICE_615.Q0 to         SLICE_529.C1 observe[116]
    0.319ns         SLICE_615.Q1 to         SLICE_226.A1 observe[117]
    0.738ns         SLICE_614.Q0 to         SLICE_226.B1 observe[118]
    0.368ns         SLICE_614.Q1 to         SLICE_226.D1 observe[119]
    0.711ns         SLICE_613.Q0 to         SLICE_226.C1 observe[120]
    0.643ns         SLICE_613.Q1 to         SLICE_616.A1 observe[121]
    0.615ns         SLICE_612.Q0 to         SLICE_616.D1 observe[122]
    0.648ns         SLICE_612.Q1 to         SLICE_616.B1 observe[123]
    0.409ns         SLICE_532.Q0 to         SLICE_616.C1 observe[124]
    0.726ns         SLICE_532.Q1 to         SLICE_616.A0 observe[125]
    0.360ns         SLICE_525.Q0 to         SLICE_616.D0 observe[126]
    0.421ns         SLICE_525.Q1 to         SLICE_616.C0 observe[127]
    0.327ns         SLICE_526.Q0 to         SLICE_616.B0 observe[128]
    0.510ns         SLICE_526.Q1 to         SLICE_530.C1 observe[129]
    0.866ns         SLICE_527.Q0 to         SLICE_530.D1 observe[130]
    0.491ns         SLICE_527.Q1 to         SLICE_530.A1 observe[131]
    0.642ns         SLICE_528.Q0 to         SLICE_530.B1 observe[132]
    0.634ns         SLICE_528.Q1 to         SLICE_210.B1 observe[133]
    0.258ns         SLICE_143.Q0 to         SLICE_210.C1 observe[134]
    0.200ns         SLICE_143.Q1 to         SLICE_210.D1 observe[135]
    0.582ns         SLICE_529.Q0 to         SLICE_210.A1 observe[136]
    0.710ns         SLICE_145.Q0 to         SLICE_615.C1 observe[137]
    0.373ns         SLICE_145.Q1 to         SLICE_615.D1 observe[138]
    0.319ns         SLICE_529.Q1 to         SLICE_615.A1 observe[139]
    0.324ns         SLICE_530.Q0 to         SLICE_615.B1 observe[140]
    0.201ns         SLICE_530.Q1 to         SLICE_615.D0 observe[141]
    0.485ns         SLICE_531.Q0 to         SLICE_615.A0 observe[142]
    0.359ns         SLICE_531.Q1 to         SLICE_615.C0 observe[143]
    0.642ns         SLICE_524.Q0 to         SLICE_615.B0 observe[144]
    0.587ns         SLICE_524.Q1 to         SLICE_531.B1 observe[145]
    0.517ns         SLICE_522.Q0 to         SLICE_531.C1 observe[146]
    0.423ns         SLICE_522.Q1 to         SLICE_531.A1 observe[147]
    0.200ns         SLICE_523.Q0 to         SLICE_531.D1 observe[148]
    0.258ns         SLICE_523.Q1 to         SLICE_614.C1 observe[149]
    0.574ns         SLICE_329.Q0 to         SLICE_614.A1 observe[150]
    0.428ns         SLICE_329.Q1 to         SLICE_614.B1 observe[151]
    0.360ns         SLICE_624.Q0 to         SLICE_614.D1 observe[152]
    0.258ns         SLICE_624.Q1 to         SLICE_614.C0 observe[153]
    0.690ns          SLICE_37.Q0 to         SLICE_614.D0 observe[154]
    0.951ns          SLICE_37.Q1 to         SLICE_614.B0 observe[155]
    0.890ns          SLICE_38.Q0 to         SLICE_614.A0 observe[156]
    0.306ns          SLICE_38.Q1 to         SLICE_613.D1 observe[157]
    0.546ns          SLICE_46.Q0 to         SLICE_613.C1 observe[158]
    0.327ns          SLICE_46.Q1 to         SLICE_613.B1 observe[159]
    0.423ns          SLICE_47.Q0 to         SLICE_613.A1 observe[160]
    0.360ns          SLICE_47.Q1 to         SLICE_613.D0 observe[161]
    0.327ns          SLICE_43.Q0 to         SLICE_613.B0 observe[162]
    0.253ns          SLICE_43.Q1 to         SLICE_613.C0 observe[163]
    0.473ns          SLICE_44.Q0 to         SLICE_613.A0 observe[164]
    0.200ns          SLICE_44.Q1 to         SLICE_612.D1 observe[165]
    0.517ns          SLICE_40.Q0 to         SLICE_612.C1 observe[166]
    0.322ns          SLICE_40.Q1 to         SLICE_612.A1 observe[167]
    0.327ns          SLICE_41.Q0 to         SLICE_612.B1 observe[168]
    0.200ns          SLICE_41.Q1 to         SLICE_612.D0 observe[169]
    0.665ns         SLICE_154.Q0 to         SLICE_612.B0 observe[170]
    0.426ns         SLICE_154.Q1 to         SLICE_612.C0 observe[172]
    0.643ns         SLICE_623.Q0 to         SLICE_612.A0 observe[173]
    0.359ns         SLICE_623.Q1 to         SLICE_524.C1 observe[174]
    0.525ns         SLICE_506.Q0 to         SLICE_524.D1 observe[175]
    0.749ns         SLICE_157.Q0 to         SLICE_524.B1 observe[176]
    0.650ns         SLICE_157.Q1 to         SLICE_524.A1 observe[177]
    0.770ns         SLICE_158.Q0 to         SLICE_532.A0 observe[178]
    0.464ns         SLICE_524.F0 to         SLICE_521.D0 serial_out_166
    0.226ns         SLICE_521.F1 to         SLICE_521.B0 serial_out_167
    0.359ns         SLICE_522.F0 to         SLICE_521.C0 serial_out_173
    0.423ns         SLICE_523.F0 to         SLICE_521.A0 serial_out_174
    0.642ns         SLICE_526.F0 to         SLICE_522.B0 serial_out_158
    0.900ns         SLICE_527.F0 to         SLICE_522.D0 serial_out_159
    0.637ns         SLICE_528.F0 to         SLICE_522.A0 serial_out_160
    0.156ns         SLICE_522.F1 to         SLICE_522.C0 serial_out_161
    0.584ns         SLICE_529.F0 to         SLICE_523.B0 serial_out_162
    0.473ns         SLICE_530.F0 to         SLICE_523.A0 serial_out_163
    0.200ns         SLICE_531.F0 to         SLICE_523.D0 serial_out_164
    0.156ns         SLICE_523.F1 to         SLICE_523.C0 serial_out_165
    0.482ns         SLICE_612.F1 to         SLICE_524.B0 serial_out_130
    0.306ns         SLICE_612.F0 to         SLICE_524.D0 serial_out_131
    0.319ns         SLICE_524.F1 to         SLICE_524.A0 serial_out_132
    0.254ns         SLICE_532.F0 to         SLICE_524.C0 serial_out_133
    0.780ns         SLICE_624.F1 to         SLICE_521.A1 serial_out_90
    0.253ns         SLICE_624.F0 to         SLICE_521.C1 serial_out_91
    0.327ns         SLICE_329.F1 to         SLICE_521.B1 serial_out_135
    0.525ns         SLICE_525.F0 to         SLICE_521.D1 serial_out_157
    0.253ns         SLICE_228.F0 to         SLICE_525.C0 serial_out_94
    0.103ns         SLICE_623.F1 to         SLICE_525.D0 serial_out_95
    0.324ns         SLICE_623.F0 to         SLICE_525.B0 serial_out_96
    0.319ns         SLICE_525.F1 to         SLICE_525.A0 serial_out_97
    0.641ns         SLICE_228.F1 to         SLICE_526.A0 serial_out_98
    0.226ns         SLICE_622.F1 to         SLICE_526.B0 serial_out_99
    0.103ns         SLICE_622.F0 to         SLICE_526.D0 serial_out_100
    0.156ns         SLICE_526.F1 to         SLICE_526.C0 serial_out_101
    0.807ns         SLICE_227.F0 to         SLICE_527.A0 serial_out_102
    0.457ns         SLICE_621.F1 to         SLICE_527.D0 serial_out_103
    0.327ns         SLICE_621.F0 to         SLICE_527.B0 serial_out_104
    0.156ns         SLICE_527.F1 to         SLICE_527.C0 serial_out_105
    0.322ns         SLICE_227.F1 to         SLICE_528.A0 serial_out_106
    0.204ns         SLICE_620.F1 to         SLICE_528.D0 serial_out_107
    0.482ns         SLICE_620.F0 to         SLICE_528.B0 serial_out_108
    0.156ns         SLICE_528.F1 to         SLICE_528.C0 serial_out_109
    0.319ns         SLICE_619.F1 to         SLICE_522.A1 serial_out_110
    0.226ns         SLICE_619.F0 to         SLICE_522.B1 serial_out_111
    0.103ns         SLICE_618.F1 to         SLICE_522.D1 serial_out_112
    0.156ns         SLICE_618.F0 to         SLICE_522.C1 serial_out_113
    0.423ns         SLICE_226.F0 to         SLICE_529.A0 serial_out_114
    0.621ns         SLICE_617.F1 to         SLICE_529.D0 serial_out_115
    0.587ns         SLICE_617.F0 to         SLICE_529.B0 serial_out_116
    0.156ns         SLICE_529.F1 to         SLICE_529.C0 serial_out_117
    0.103ns         SLICE_226.F1 to         SLICE_530.D0 serial_out_118
    0.221ns         SLICE_616.F1 to         SLICE_530.A0 serial_out_119
    0.253ns         SLICE_616.F0 to         SLICE_530.C0 serial_out_120
    0.226ns         SLICE_530.F1 to         SLICE_530.B0 serial_out_121
    0.642ns         SLICE_210.F1 to         SLICE_531.B0 serial_out_122
    0.306ns         SLICE_615.F1 to         SLICE_531.D0 serial_out_123
    0.322ns         SLICE_615.F0 to         SLICE_531.A0 serial_out_124
    0.156ns         SLICE_531.F1 to         SLICE_531.C0 serial_out_125
    0.579ns         SLICE_614.F1 to         SLICE_523.B1 serial_out_126
    0.258ns         SLICE_614.F0 to         SLICE_523.C1 serial_out_127
    0.582ns         SLICE_613.F1 to         SLICE_523.A1 serial_out_128
    0.519ns         SLICE_613.F0 to         SLICE_523.D1 serial_out_129
    0.156ns         SLICE_532.F1 to         SLICE_532.C0 serial_out_89
    0.981ns         SLICE_229.F1 to         SLICE_329.A1 serial_out_93

--------------------------------------------------------------------------------


Timing summary (Hold):
---------------

Timing errors: 0  Score: 0
Cumulative negative slack: 0

Constraints cover 2107465 paths, 1 nets, and 4572 connections (90.30% coverage)



Timing summary (Setup and Hold):
---------------

Timing errors: 0 (setup), 0 (hold)
Score: 0 (setup), 0 (hold)
Cumulative negative slack: 0 (0+0)
--------------------------------------------------------------------------------

--------------------------------------------------------------------------------

