case,opcode,microclocks,memory_beats,spi_clocks,spi_transactions
0,075000,1017,7,352,9
1,075000,1014,7,352,9
2,075000,1014,7,352,9
3,075000,1014,7,352,9
4,075000,1102,7,352,9
5,075000,1102,7,352,9
6,075000,1102,7,352,9
7,075000,1110,7,352,9
8,075000,1094,7,352,9
9,075000,1094,7,352,9
10,075000,1094,7,352,9
11,075000,1094,7,352,9
12,075000,1094,7,352,9
13,075000,1094,7,352,9
14,075000,1094,7,352,9
15,075000,1094,7,352,9
16,075000,1094,7,352,9
17,075000,1094,7,352,9
18,075000,1094,7,352,9
19,075000,1094,7,352,9
20,075000,1102,7,352,9
21,075000,1102,7,352,9
22,075000,1102,7,352,9
23,075000,1102,7,352,9
24,075000,1017,7,352,9
25,075000,1019,7,352,9
26,075000,1017,7,352,9
27,075000,1019,7,352,9
28,075000,1106,7,352,9
29,075000,1106,7,352,9
30,075000,1106,7,352,9
31,075000,1110,7,352,9
32,075000,1097,7,352,9
33,075000,1098,7,352,9
34,075000,1098,7,352,9
35,075000,1098,7,352,9
36,075000,1098,7,352,9
37,075000,1098,7,352,9
38,075000,1098,7,352,9
39,075000,1098,7,352,9
40,075000,1098,7,352,9
41,075000,1098,7,352,9
42,075000,1098,7,352,9
43,075000,1098,7,352,9
44,075000,1107,7,352,9
45,075000,1106,7,352,9
46,075000,1106,7,352,9
47,075000,1106,7,352,9
48,075000,1014,7,352,9
49,075000,1014,7,352,9
50,075000,1014,7,352,9
51,075000,1014,7,352,9
52,075000,1102,7,352,9
53,075000,1102,7,352,9
54,075000,1102,7,352,9
55,075000,1110,7,352,9
56,075000,1094,7,352,9
57,075000,1094,7,352,9
58,075000,1094,7,352,9
59,075000,1094,7,352,9
60,075000,1094,7,352,9
61,075000,1094,7,352,9
62,075000,1094,7,352,9
63,075000,1094,7,352,9
64,075000,1094,7,352,9
65,075000,1094,7,352,9
66,075000,1094,7,352,9
67,075000,1094,7,352,9
68,075000,1102,7,352,9
69,075000,1102,7,352,9
70,075000,1102,7,352,9
71,075000,1102,7,352,9
72,075000,1017,7,352,9
73,075000,1019,7,352,9
74,075000,1017,7,352,9
75,075000,1019,7,352,9
76,075000,1106,7,352,9
77,075000,1106,7,352,9
78,075000,1106,7,352,9
79,075000,1110,7,352,9
80,075000,1097,7,352,9
81,075000,1098,7,352,9
82,075000,1098,7,352,9
83,075000,1098,7,352,9
84,075000,1098,7,352,9
85,075000,1098,7,352,9
86,075000,1098,7,352,9
87,075000,1098,7,352,9
88,075000,1098,7,352,9
89,075000,1098,7,352,9
90,075000,1098,7,352,9
91,075000,1098,7,352,9
92,075000,1107,7,352,9
93,075000,1106,7,352,9
94,075000,1106,7,352,9
95,075000,1106,7,352,9
96,075000,1110,7,352,9
97,075000,1113,7,352,9
98,075000,1111,7,352,9
99,075000,1113,7,352,9
100,075000,1110,7,352,9
101,075000,1110,7,352,9
102,075000,1110,7,352,9
103,075000,1103,7,352,9
104,075000,1094,7,352,9
105,075000,1094,7,352,9
106,075000,1094,7,352,9
107,075000,1094,7,352,9
108,075000,1094,7,352,9
109,075000,1094,7,352,9
110,075000,1094,7,352,9
111,075000,1094,7,352,9
112,075000,1094,7,352,9
113,075000,1094,7,352,9
114,075000,1094,7,352,9
115,075000,1094,7,352,9
116,075000,1102,7,352,9
117,075000,1102,7,352,9
118,075000,1102,7,352,9
119,075000,1102,7,352,9
120,075000,1110,7,352,9
121,075000,1113,7,352,9
122,075000,1111,7,352,9
123,075000,1113,7,352,9
124,075000,1110,7,352,9
125,075000,1110,7,352,9
126,075000,1110,7,352,9
127,075000,1103,7,352,9
128,075000,1094,7,352,9
129,075000,1094,7,352,9
130,075000,1094,7,352,9
131,075000,1094,7,352,9
132,075000,1094,7,352,9
133,075000,1094,7,352,9
134,075000,1094,7,352,9
135,075000,1094,7,352,9
136,075000,1094,7,352,9
137,075000,1094,7,352,9
138,075000,1094,7,352,9
139,075000,1094,7,352,9
140,075000,1102,7,352,9
141,075000,1102,7,352,9
142,075000,1102,7,352,9
143,075000,1102,7,352,9
144,075000,1110,7,352,9
145,075000,1113,7,352,9
146,075000,1111,7,352,9
147,075000,1113,7,352,9
148,075000,1110,7,352,9
149,075000,1110,7,352,9
150,075000,1110,7,352,9
151,075000,1106,7,352,9
152,075000,1095,7,352,9
153,075000,1094,7,352,9
154,075000,1094,7,352,9
155,075000,1094,7,352,9
156,075000,1094,7,352,9
157,075000,1094,7,352,9
158,075000,1094,7,352,9
159,075000,1094,7,352,9
160,075000,1094,7,352,9
161,075000,1094,7,352,9
162,075000,1094,7,352,9
163,075000,1094,7,352,9
164,075000,1102,7,352,9
165,075000,1102,7,352,9
166,075000,1102,7,352,9
167,075000,1102,7,352,9
168,075000,1118,7,352,9
169,075000,1118,7,352,9
170,075000,1118,7,352,9
171,075000,1118,7,352,9
172,075000,1113,7,352,9
173,075000,1114,7,352,9
174,075000,1115,7,352,9
175,075000,1109,7,352,9
176,075000,1095,7,352,9
177,075000,1094,7,352,9
178,075000,1094,7,352,9
179,075000,1094,7,352,9
180,075000,1094,7,352,9
181,075000,1094,7,352,9
182,075000,1094,7,352,9
183,075000,1094,7,352,9
184,075000,1094,7,352,9
185,075000,1094,7,352,9
186,075000,1094,7,352,9
187,075000,1094,7,352,9
188,075000,1102,7,352,9
189,075000,1102,7,352,9
190,075000,1102,7,352,9
191,075000,1102,7,352,9
192,075000,1102,7,352,9
193,075000,1102,7,352,9
194,075000,1102,7,352,9
195,075000,1102,7,352,9
196,075000,1102,7,352,9
197,075000,1102,7,352,9
198,075000,1102,7,352,9
199,075000,1102,7,352,9
200,075000,1109,7,352,9
201,075000,1103,7,352,9
202,075000,1109,7,352,9
203,075000,1238,7,352,9
204,075000,1242,7,352,9
205,075000,1247,7,352,9
206,075000,1246,7,352,9
207,075000,1246,7,352,9
208,075000,1253,7,352,9
209,075000,1095,7,352,9
210,075000,1094,7,352,9
211,075000,1094,7,352,9
212,075000,1250,7,352,9
213,075000,1262,7,352,9
214,075000,1254,7,352,9
215,075000,1102,7,352,9
216,075000,1102,7,352,9
217,075000,1102,7,352,9
218,075000,1102,7,352,9
219,075000,1102,7,352,9
220,075000,1102,7,352,9
221,075000,1102,7,352,9
222,075000,1102,7,352,9
223,075000,1102,7,352,9
224,075000,1113,7,352,9
225,075000,1110,7,352,9
226,075000,1103,7,352,9
227,075000,1230,7,352,9
228,075000,1234,7,352,9
229,075000,1241,7,352,9
230,075000,1242,7,352,9
231,075000,1243,7,352,9
232,075000,1246,7,352,9
233,075000,1094,7,352,9
234,075000,1094,7,352,9
235,075000,1094,7,352,9
236,075000,1242,7,352,9
237,075000,1254,7,352,9
238,075000,1250,7,352,9
239,075000,1102,7,352,9
240,075000,1102,7,352,9
241,075000,1102,7,352,9
242,075000,1102,7,352,9
243,075000,1102,7,352,9
244,075000,1102,7,352,9
245,075000,1102,7,352,9
246,075000,1102,7,352,9
247,075000,1102,7,352,9
248,075000,1118,7,352,9
249,075000,1113,7,352,9
250,075000,1110,7,352,9
251,075000,1226,7,352,9
252,075000,1230,7,352,9
253,075000,1235,7,352,9
254,075000,1234,7,352,9
255,075000,1237,7,352,9
256,075000,1242,7,352,9
257,075000,1095,7,352,9
258,075000,1094,7,352,9
259,075000,1094,7,352,9
260,075000,1238,7,352,9
261,075000,1250,7,352,9
262,075000,1242,7,352,9
263,075000,1102,7,352,9
264,075000,1102,7,352,9
265,075000,1102,7,352,9
266,075000,1102,7,352,9
267,075000,1102,7,352,9
268,075000,1102,7,352,9
269,075000,1102,7,352,9
270,075000,1102,7,352,9
271,075000,1102,7,352,9
272,075000,1246,7,352,9
273,075000,1241,7,352,9
274,075000,1235,7,352,9
275,075000,1109,7,352,9
276,075000,1106,7,352,9
277,075000,1110,7,352,9
278,075000,1110,7,352,9
279,075000,1111,7,352,9
280,075000,1114,7,352,9
281,075000,1094,7,352,9
282,075000,1094,7,352,9
283,075000,1094,7,352,9
284,075000,1114,7,352,9
285,075000,1122,7,352,9
286,075000,1122,7,352,9
287,075000,1102,7,352,9
288,075000,1102,7,352,9
289,075000,1102,7,352,9
290,075000,1102,7,352,9
291,075000,1102,7,352,9
292,075000,1102,7,352,9
293,075000,1102,7,352,9
294,075000,1102,7,352,9
295,075000,1102,7,352,9
296,075000,1250,7,352,9
297,075000,1245,7,352,9
298,075000,1239,7,352,9
299,075000,1114,7,352,9
300,075000,1109,7,352,9
301,075000,1103,7,352,9
302,075000,1102,7,352,9
303,075000,1105,7,352,9
304,075000,1110,7,352,9
305,075000,1095,7,352,9
306,075000,1094,7,352,9
307,075000,1094,7,352,9
308,075000,1122,7,352,9
309,075000,1118,7,352,9
310,075000,1118,7,352,9
311,075000,1102,7,352,9
312,075000,1102,7,352,9
313,075000,1102,7,352,9
314,075000,1102,7,352,9
315,075000,1102,7,352,9
316,075000,1102,7,352,9
317,075000,1102,7,352,9
318,075000,1102,7,352,9
319,075000,1102,7,352,9
320,075000,1257,7,352,9
321,075000,1251,7,352,9
322,075000,1245,7,352,9
323,075000,1119,7,352,9
324,075000,1113,7,352,9
325,075000,1110,7,352,9
326,075000,1110,7,352,9
327,075000,1110,7,352,9
328,075000,1103,7,352,9
329,075000,1094,7,352,9
330,075000,1094,7,352,9
331,075000,1094,7,352,9
332,075000,1126,7,352,9
333,075000,1018,7,352,9
334,075000,1254,7,352,9
335,075000,1102,7,352,9
336,075000,1102,7,352,9
337,075000,1102,7,352,9
338,075000,1102,7,352,9
339,075000,1102,7,352,9
340,075000,1102,7,352,9
341,075000,1102,7,352,9
342,075000,1102,7,352,9
343,075000,1102,7,352,9
344,075000,1257,7,352,9
345,075000,1251,7,352,9
346,075000,1245,7,352,9
347,075000,1119,7,352,9
348,075000,1113,7,352,9
349,075000,1110,7,352,9
350,075000,1110,7,352,9
351,075000,1110,7,352,9
352,075000,1103,7,352,9
353,075000,1094,7,352,9
354,075000,1094,7,352,9
355,075000,1094,7,352,9
356,075000,1126,7,352,9
357,075000,1246,7,352,9
358,075000,1018,7,352,9
359,075000,1102,7,352,9
360,075000,1102,7,352,9
361,075000,1102,7,352,9
362,075000,1102,7,352,9
363,075000,1102,7,352,9
364,075000,1102,7,352,9
365,075000,1102,7,352,9
366,075000,1102,7,352,9
367,075000,1102,7,352,9
368,075000,1257,7,352,9
369,075000,1254,7,352,9
370,075000,1247,7,352,9
371,075000,1121,7,352,9
372,075000,1115,7,352,9
373,075000,1109,7,352,9
374,075000,1110,7,352,9
375,075000,1110,7,352,9
376,075000,1106,7,352,9
377,075000,1095,7,352,9
378,075000,1094,7,352,9
379,075000,1094,7,352,9
380,075000,1122,7,352,9
381,075000,1114,7,352,9
382,075000,1114,7,352,9
383,075000,1102,7,352,9
384,075000,1102,7,352,9
385,075000,1102,7,352,9
386,075000,1102,7,352,9
387,075000,1102,7,352,9
388,075000,1102,7,352,9
389,075000,1102,7,352,9
390,075000,1102,7,352,9
391,075000,1102,7,352,9
392,075000,1262,7,352,9
393,075000,1257,7,352,9
394,075000,1251,7,352,9
395,075000,1125,7,352,9
396,075000,1119,7,352,9
397,075000,1113,7,352,9
398,075000,1114,7,352,9
399,075000,1115,7,352,9
400,075000,1109,7,352,9
401,075000,1095,7,352,9
402,075000,1094,7,352,9
403,075000,1094,7,352,9
404,075000,1134,7,352,9
405,075000,1122,7,352,9
406,075000,1126,7,352,9
407,075000,1102,7,352,9
408,075000,1102,7,352,9
409,075000,1102,7,352,9
410,075000,1102,7,352,9
411,075000,1102,7,352,9
412,075000,1102,7,352,9
413,075000,1102,7,352,9
414,075000,1102,7,352,9
415,075000,1102,7,352,9
416,075000,1102,7,352,9
417,075000,1102,7,352,9
418,075000,1102,7,352,9
419,075000,1102,7,352,9
420,075000,1102,7,352,9
421,075000,1102,7,352,9
422,075000,1102,7,352,9
423,075000,1102,7,352,9
424,075000,1102,7,352,9
425,075000,1109,7,352,9
426,075000,1110,7,352,9
427,075000,1292,9,448,11
428,075000,1109,7,352,9
429,075000,1106,7,352,9
430,075000,1106,7,352,9
431,075000,1110,7,352,9
432,075000,1102,7,352,9
433,075000,1102,7,352,9
434,075000,1102,7,352,9
435,075000,1102,7,352,9
436,075000,1102,7,352,9
437,075000,1102,7,352,9
438,075000,1102,7,352,9
439,075000,1102,7,352,9
440,075000,1102,7,352,9
441,075000,1102,7,352,9
442,075000,1102,7,352,9
443,075000,1102,7,352,9
444,075000,1102,7,352,9
445,075000,1102,7,352,9
446,075000,1102,7,352,9
447,075000,1102,7,352,9
448,075000,1102,7,352,9
449,075000,1109,7,352,9
450,075000,1110,7,352,9
451,075000,1292,9,448,11
452,075000,1109,7,352,9
453,075000,1106,7,352,9
454,075000,1106,7,352,9
455,075000,1118,7,352,9
456,075000,1102,7,352,9
457,075000,1102,7,352,9
458,075000,1102,7,352,9
459,075000,1102,7,352,9
460,075000,1102,7,352,9
461,075000,1102,7,352,9
462,075000,1102,7,352,9
463,075000,1102,7,352,9
464,075000,1102,7,352,9
465,075000,1102,7,352,9
466,075000,1102,7,352,9
467,075000,1102,7,352,9
468,075000,1102,7,352,9
469,075000,1102,7,352,9
470,075000,1102,7,352,9
471,075000,1102,7,352,9
472,075000,1102,7,352,9
473,075000,1303,9,448,11
474,075000,1306,9,448,11
475,075000,1298,9,448,11
476,075000,1109,7,352,9
477,075000,1106,7,352,9
478,075000,1106,7,352,9
479,075000,1018,7,352,9
480,075000,1113,7,352,9
481,075000,1115,7,352,9
482,075000,1113,7,352,9
483,075000,1115,7,352,9
484,075000,1114,7,352,9
485,075000,1114,7,352,9
486,075000,1114,7,352,9
487,075000,1114,7,352,9
488,075000,1261,7,352,9
489,075000,1255,7,352,9
490,075000,1249,7,352,9
491,075000,1118,7,352,9
492,075000,1114,7,352,9
493,075000,1119,7,352,9
494,075000,1118,7,352,9
495,075000,1113,7,352,9
496,075000,1126,7,352,9
497,075000,1099,7,352,9
498,075000,1098,7,352,9
499,075000,1098,7,352,9
500,075000,1122,7,352,9
501,075000,1122,7,352,9
502,075000,1122,7,352,9
503,075000,1106,7,352,9
504,075000,1113,7,352,9
505,075000,1115,7,352,9
506,075000,1113,7,352,9
507,075000,1115,7,352,9
508,075000,1114,7,352,9
509,075000,1114,7,352,9
510,075000,1114,7,352,9
511,075000,1114,7,352,9
512,075000,1274,7,352,9
513,075000,1266,7,352,9
514,075000,1261,7,352,9
515,075000,1135,7,352,9
516,075000,1129,7,352,9
517,075000,1019,7,352,9
518,075000,1249,7,352,9
519,075000,1118,7,352,9
520,075000,1114,7,352,9
521,075000,1099,7,352,9
522,075000,1098,7,352,9
523,075000,1098,7,352,9
524,075000,1130,7,352,9
525,075000,1122,7,352,9
526,075000,1122,7,352,9
527,075000,1106,7,352,9
528,075000,1113,7,352,9
529,075000,1115,7,352,9
530,075000,1113,7,352,9
531,075000,1115,7,352,9
532,075000,1114,7,352,9
533,075000,1114,7,352,9
534,075000,1114,7,352,9
535,075000,1114,7,352,9
536,075000,1266,7,352,9
537,075000,1261,7,352,9
538,075000,1255,7,352,9
539,075000,1134,7,352,9
540,075000,1129,7,352,9
541,075000,1255,7,352,9
542,075000,1018,7,352,9
543,075000,1117,7,352,9
544,075000,1119,7,352,9
545,075000,1098,7,352,9
546,075000,1098,7,352,9
547,075000,1098,7,352,9
548,075000,1130,7,352,9
549,075000,1122,7,352,9
550,075000,1122,7,352,9
551,075000,1106,7,352,9
552,075000,1113,7,352,9
553,075000,1115,7,352,9
554,075000,1113,7,352,9
555,075000,1115,7,352,9
556,075000,1114,7,352,9
557,075000,1114,7,352,9
558,075000,1114,7,352,9
559,075000,1114,7,352,9
560,075000,1114,7,352,9
561,075000,1114,7,352,9
562,075000,1114,7,352,9
563,075000,1114,7,352,9
564,075000,1114,7,352,9
565,075000,1114,7,352,9
566,075000,1114,7,352,9
567,075000,1114,7,352,9
568,075000,1114,7,352,9
569,075000,1122,7,352,9
570,075000,1129,7,352,9
571,075000,1019,7,352,9
572,075000,1117,7,352,9
573,075000,1118,7,352,9
574,075000,1118,7,352,9
575,075000,1308,9,448,11
576,075010,1021,7,352,9
577,075010,1018,7,352,9
578,075010,1018,7,352,9
579,075010,1018,7,352,9
580,075010,1113,7,352,9
581,075010,1114,7,352,9
582,075010,1114,7,352,9
583,075010,1119,7,352,9
584,075010,1102,7,352,9
585,075010,1102,7,352,9
586,075010,1102,7,352,9
587,075010,1102,7,352,9
588,075010,1102,7,352,9
589,075010,1102,7,352,9
590,075010,1102,7,352,9
591,075010,1102,7,352,9
592,075010,1102,7,352,9
593,075010,1102,7,352,9
594,075010,1102,7,352,9
595,075010,1102,7,352,9
596,075010,1097,7,352,9
597,075010,1098,7,352,9
598,075010,1098,7,352,9
599,075010,1098,7,352,9
600,075010,1019,7,352,9
601,075010,1021,7,352,9
602,075010,1019,7,352,9
603,075010,1021,7,352,9
604,075010,1115,7,352,9
605,075010,1114,7,352,9
606,075010,1114,7,352,9
607,075010,1121,7,352,9
608,075010,1107,7,352,9
609,075010,1106,7,352,9
610,075010,1106,7,352,9
611,075010,1106,7,352,9
612,075010,1106,7,352,9
613,075010,1106,7,352,9
614,075010,1106,7,352,9
615,075010,1106,7,352,9
616,075010,1106,7,352,9
617,075010,1106,7,352,9
618,075010,1106,7,352,9
619,075010,1106,7,352,9
620,075010,1098,7,352,9
621,075010,1098,7,352,9
622,075010,1098,7,352,9
623,075010,1098,7,352,9
624,075010,1018,7,352,9
625,075010,1018,7,352,9
626,075010,1018,7,352,9
627,075010,1018,7,352,9
628,075010,1113,7,352,9
629,075010,1114,7,352,9
630,075010,1114,7,352,9
631,075010,1119,7,352,9
632,075010,1102,7,352,9
633,075010,1102,7,352,9
634,075010,1102,7,352,9
635,075010,1102,7,352,9
636,075010,1102,7,352,9
637,075010,1102,7,352,9
638,075010,1102,7,352,9
639,075010,1102,7,352,9
640,075010,1102,7,352,9
641,075010,1102,7,352,9
642,075010,1102,7,352,9
643,075010,1102,7,352,9
644,075010,1097,7,352,9
645,075010,1098,7,352,9
646,075010,1098,7,352,9
647,075010,1098,7,352,9
648,075010,1019,7,352,9
649,075010,1021,7,352,9
650,075010,1019,7,352,9
651,075010,1021,7,352,9
652,075010,1115,7,352,9
653,075010,1114,7,352,9
654,075010,1114,7,352,9
655,075010,1121,7,352,9
656,075010,1107,7,352,9
657,075010,1106,7,352,9
658,075010,1106,7,352,9
659,075010,1106,7,352,9
660,075010,1106,7,352,9
661,075010,1106,7,352,9
662,075010,1106,7,352,9
663,075010,1106,7,352,9
664,075010,1106,7,352,9
665,075010,1106,7,352,9
666,075010,1106,7,352,9
667,075010,1106,7,352,9
668,075010,1098,7,352,9
669,075010,1098,7,352,9
670,075010,1098,7,352,9
671,075010,1098,7,352,9
672,075010,1114,7,352,9
673,075010,1114,7,352,9
674,075010,1114,7,352,9
675,075010,1114,7,352,9
676,075010,1018,7,352,9
677,075010,1198,7,352,9
678,075010,1069,7,352,9
679,075010,1119,7,352,9
680,075010,1102,7,352,9
681,075010,1102,7,352,9
682,075010,1102,7,352,9
683,075010,1102,7,352,9
684,075010,1102,7,352,9
685,075010,1102,7,352,9
686,075010,1102,7,352,9
687,075010,1102,7,352,9
688,075010,1102,7,352,9
689,075010,1102,7,352,9
690,075010,1102,7,352,9
691,075010,1102,7,352,9
692,075010,1094,7,352,9
693,075010,1094,7,352,9
694,075010,1094,7,352,9
695,075010,1094,7,352,9
696,075010,1114,7,352,9
697,075010,1114,7,352,9
698,075010,1114,7,352,9
699,075010,1114,7,352,9
700,075010,1194,7,352,9
701,075010,1018,7,352,9
702,075010,1069,7,352,9
703,075010,1071,7,352,9
704,075010,1102,7,352,9
705,075010,1102,7,352,9
706,075010,1102,7,352,9
707,075010,1102,7,352,9
708,075010,1102,7,352,9
709,075010,1102,7,352,9
710,075010,1102,7,352,9
711,075010,1102,7,352,9
712,075010,1102,7,352,9
713,075010,1102,7,352,9
714,075010,1102,7,352,9
715,075010,1102,7,352,9
716,075010,1094,7,352,9
717,075010,1094,7,352,9
718,075010,1094,7,352,9
719,075010,1094,7,352,9
720,075010,1114,7,352,9
721,075010,1114,7,352,9
722,075010,1114,7,352,9
723,075010,1114,7,352,9
724,075010,1062,7,352,9
725,075010,1062,7,352,9
726,075010,1018,7,352,9
727,075010,1202,7,352,9
728,075010,1102,7,352,9
729,075010,1102,7,352,9
730,075010,1102,7,352,9
731,075010,1102,7,352,9
732,075010,1102,7,352,9
733,075010,1102,7,352,9
734,075010,1102,7,352,9
735,075010,1102,7,352,9
736,075010,1102,7,352,9
737,075010,1102,7,352,9
738,075010,1102,7,352,9
739,075010,1102,7,352,9
740,075010,1094,7,352,9
741,075010,1094,7,352,9
742,075010,1094,7,352,9
743,075010,1094,7,352,9
744,075010,1121,7,352,9
745,075010,1123,7,352,9
746,075010,1121,7,352,9
747,075010,1123,7,352,9
748,075010,1122,7,352,9
749,075010,1074,7,352,9
750,075010,1206,7,352,9
751,075010,1018,7,352,9
752,075010,1102,7,352,9
753,075010,1102,7,352,9
754,075010,1102,7,352,9
755,075010,1102,7,352,9
756,075010,1102,7,352,9
757,075010,1102,7,352,9
758,075010,1102,7,352,9
759,075010,1102,7,352,9
760,075010,1102,7,352,9
761,075010,1102,7,352,9
762,075010,1102,7,352,9
763,075010,1102,7,352,9
764,075010,1094,7,352,9
765,075010,1094,7,352,9
766,075010,1094,7,352,9
767,075010,1094,7,352,9
768,075010,1106,7,352,9
769,075010,1106,7,352,9
770,075010,1106,7,352,9
771,075010,1106,7,352,9
772,075010,1106,7,352,9
773,075010,1106,7,352,9
774,075010,1106,7,352,9
775,075010,1106,7,352,9
776,075010,1018,7,352,9
777,075010,1118,7,352,9
778,075010,1122,7,352,9
779,075010,1242,7,352,9
780,075010,1254,7,352,9
781,075010,1262,7,352,9
782,075010,1254,7,352,9
783,075010,1254,7,352,9
784,075010,1270,7,352,9
785,075010,1102,7,352,9
786,075010,1102,7,352,9
787,075010,1102,7,352,9
788,075010,1237,7,352,9
789,075010,1250,7,352,9
790,075010,1250,7,352,9
791,075010,1095,7,352,9
792,075010,1106,7,352,9
793,075010,1106,7,352,9
794,075010,1106,7,352,9
795,075010,1106,7,352,9
796,075010,1106,7,352,9
797,075010,1106,7,352,9
798,075010,1106,7,352,9
799,075010,1106,7,352,9
800,075010,1122,7,352,9
801,075010,1018,7,352,9
802,075010,1118,7,352,9
803,075010,1238,7,352,9
804,075010,1250,7,352,9
805,075010,1254,7,352,9
806,075010,1250,7,352,9
807,075010,1250,7,352,9
808,075010,1262,7,352,9
809,075010,1102,7,352,9
810,075010,1102,7,352,9
811,075010,1102,7,352,9
812,075010,1230,7,352,9
813,075010,1242,7,352,9
814,075010,1242,7,352,9
815,075010,1094,7,352,9
816,075010,1106,7,352,9
817,075010,1106,7,352,9
818,075010,1106,7,352,9
819,075010,1106,7,352,9
820,075010,1106,7,352,9
821,075010,1106,7,352,9
822,075010,1106,7,352,9
823,075010,1106,7,352,9
824,075010,1126,7,352,9
825,075010,1122,7,352,9
826,075010,1018,7,352,9
827,075010,1230,7,352,9
828,075010,1242,7,352,9
829,075010,1250,7,352,9
830,075010,1242,7,352,9
831,075010,1242,7,352,9
832,075010,1254,7,352,9
833,075010,1102,7,352,9
834,075010,1102,7,352,9
835,075010,1102,7,352,9
836,075010,1225,7,352,9
837,075010,1238,7,352,9
838,075010,1238,7,352,9
839,075010,1095,7,352,9
840,075010,1106,7,352,9
841,075010,1106,7,352,9
842,075010,1106,7,352,9
843,075010,1106,7,352,9
844,075010,1106,7,352,9
845,075010,1106,7,352,9
846,075010,1106,7,352,9
847,075010,1106,7,352,9
848,075010,1246,7,352,9
849,075010,1242,7,352,9
850,075010,1234,7,352,9
851,075010,1018,7,352,9
852,075010,1254,7,352,9
853,075010,1122,7,352,9
854,075010,1122,7,352,9
855,075010,1118,7,352,9
856,075010,1130,7,352,9
857,075010,1102,7,352,9
858,075010,1102,7,352,9
859,075010,1102,7,352,9
860,075010,1110,7,352,9
861,075010,1110,7,352,9
862,075010,1110,7,352,9
863,075010,1094,7,352,9
864,075010,1106,7,352,9
865,075010,1106,7,352,9
866,075010,1106,7,352,9
867,075010,1106,7,352,9
868,075010,1106,7,352,9
869,075010,1106,7,352,9
870,075010,1106,7,352,9
871,075010,1106,7,352,9
872,075010,1258,7,352,9
873,075010,1254,7,352,9
874,075010,1246,7,352,9
875,075010,1258,7,352,9
876,075010,1018,7,352,9
877,075010,1118,7,352,9
878,075010,1118,7,352,9
879,075010,1110,7,352,9
880,075010,1122,7,352,9
881,075010,1102,7,352,9
882,075010,1102,7,352,9
883,075010,1102,7,352,9
884,075010,1114,7,352,9
885,075010,1105,7,352,9
886,075010,1106,7,352,9
887,075010,1095,7,352,9
888,075010,1106,7,352,9
889,075010,1106,7,352,9
890,075010,1106,7,352,9
891,075010,1106,7,352,9
892,075010,1106,7,352,9
893,075010,1106,7,352,9
894,075010,1106,7,352,9
895,075010,1106,7,352,9
896,075010,1266,7,352,9
897,075010,1258,7,352,9
898,075010,1254,7,352,9
899,075010,1126,7,352,9
900,075010,1122,7,352,9
901,075010,1018,7,352,9
902,075010,1254,7,352,9
903,075010,1122,7,352,9
904,075010,1118,7,352,9
905,075010,1102,7,352,9
906,075010,1102,7,352,9
907,075010,1102,7,352,9
908,075010,1121,7,352,9
909,075010,1111,7,352,9
910,075010,1110,7,352,9
911,075010,1094,7,352,9
912,075010,1106,7,352,9
913,075010,1106,7,352,9
914,075010,1106,7,352,9
915,075010,1106,7,352,9
916,075010,1106,7,352,9
917,075010,1106,7,352,9
918,075010,1106,7,352,9
919,075010,1106,7,352,9
920,075010,1258,7,352,9
921,075010,1254,7,352,9
922,075010,1246,7,352,9
923,075010,1126,7,352,9
924,075010,1122,7,352,9
925,075010,1246,7,352,9
926,075010,1018,7,352,9
927,075010,1122,7,352,9
928,075010,1122,7,352,9
929,075010,1102,7,352,9
930,075010,1102,7,352,9
931,075010,1102,7,352,9
932,075010,1121,7,352,9
933,075010,1111,7,352,9
934,075010,1110,7,352,9
935,075010,1094,7,352,9
936,075010,1106,7,352,9
937,075010,1106,7,352,9
938,075010,1106,7,352,9
939,075010,1106,7,352,9
940,075010,1106,7,352,9
941,075010,1106,7,352,9
942,075010,1106,7,352,9
943,075010,1106,7,352,9
944,075010,1258,7,352,9
945,075010,1254,7,352,9
946,075010,1246,7,352,9
947,075010,1122,7,352,9
948,075010,1114,7,352,9
949,075010,1114,7,352,9
950,075010,1114,7,352,9
951,075010,1018,7,352,9
952,075010,1254,7,352,9
953,075010,1102,7,352,9
954,075010,1102,7,352,9
955,075010,1102,7,352,9
956,075010,1122,7,352,9
957,075010,1110,7,352,9
958,075010,1110,7,352,9
959,075010,1094,7,352,9
960,075010,1106,7,352,9
961,075010,1106,7,352,9
962,075010,1106,7,352,9
963,075010,1106,7,352,9
964,075010,1106,7,352,9
965,075010,1106,7,352,9
966,075010,1106,7,352,9
967,075010,1106,7,352,9
968,075010,1274,7,352,9
969,075010,1266,7,352,9
970,075010,1258,7,352,9
971,075010,1134,7,352,9
972,075010,1126,7,352,9
973,075010,1122,7,352,9
974,075010,1126,7,352,9
975,075010,1258,7,352,9
976,075010,1018,7,352,9
977,075010,1102,7,352,9
978,075010,1102,7,352,9
979,075010,1102,7,352,9
980,075010,1126,7,352,9
981,075010,1114,7,352,9
982,075010,1114,7,352,9
983,075010,1094,7,352,9
984,075010,1106,7,352,9
985,075010,1106,7,352,9
986,075010,1106,7,352,9
987,075010,1106,7,352,9
988,075010,1106,7,352,9
989,075010,1106,7,352,9
990,075010,1106,7,352,9
991,075010,1106,7,352,9
992,075010,1106,7,352,9
993,075010,1106,7,352,9
994,075010,1106,7,352,9
995,075010,1106,7,352,9
996,075010,1106,7,352,9
997,075010,1106,7,352,9
998,075010,1106,7,352,9
999,075010,1106,7,352,9
1000,075010,1106,7,352,9
1001,075010,1018,7,352,9
1002,075010,1122,7,352,9
1003,075010,1110,7,352,9
1004,075010,1106,7,352,9
1005,075010,1106,7,352,9
1006,075010,1106,7,352,9
1007,075010,1295,9,448,11
1008,075010,1109,7,352,9
1009,075010,1106,7,352,9
1010,075010,1106,7,352,9
1011,075010,1106,7,352,9
1012,075010,1106,7,352,9
1013,075010,1106,7,352,9
1014,075010,1106,7,352,9
1015,075010,1106,7,352,9
1016,075010,1106,7,352,9
1017,075010,1106,7,352,9
1018,075010,1106,7,352,9
1019,075010,1106,7,352,9
1020,075010,1106,7,352,9
1021,075010,1106,7,352,9
1022,075010,1106,7,352,9
1023,075010,1106,7,352,9
1024,075010,1106,7,352,9
1025,075010,1114,7,352,9
1026,075010,1018,7,352,9
1027,075010,1118,7,352,9
1028,075010,1106,7,352,9
1029,075010,1106,7,352,9
1030,075010,1106,7,352,9
1031,075010,1295,9,448,11
1032,075010,1109,7,352,9
1033,075010,1106,7,352,9
1034,075010,1106,7,352,9
1035,075010,1106,7,352,9
1036,075010,1106,7,352,9
1037,075010,1106,7,352,9
1038,075010,1106,7,352,9
1039,075010,1106,7,352,9
1040,075010,1106,7,352,9
1041,075010,1106,7,352,9
1042,075010,1106,7,352,9
1043,075010,1106,7,352,9
1044,075010,1106,7,352,9
1045,075010,1106,7,352,9
1046,075010,1106,7,352,9
1047,075010,1106,7,352,9
1048,075010,1106,7,352,9
1049,075010,1114,7,352,9
1050,075010,1122,7,352,9
1051,075010,1018,7,352,9
1052,075010,1106,7,352,9
1053,075010,1106,7,352,9
1054,075010,1106,7,352,9
1055,075010,1299,9,448,11
1056,075010,1117,7,352,9
1057,075010,1117,7,352,9
1058,075010,1115,7,352,9
1059,075010,1117,7,352,9
1060,075010,1118,7,352,9
1061,075010,1118,7,352,9
1062,075010,1118,7,352,9
1063,075010,1118,7,352,9
1064,075010,1259,7,352,9
1065,075010,1250,7,352,9
1066,075010,1246,7,352,9
1067,075010,1122,7,352,9
1068,075010,1114,7,352,9
1069,075010,1122,7,352,9
1070,075010,1122,7,352,9
1071,075010,1122,7,352,9
1072,075010,1126,7,352,9
1073,075010,1106,7,352,9
1074,075010,1106,7,352,9
1075,075010,1106,7,352,9
1076,075010,1021,7,352,9
1077,075010,1122,7,352,9
1078,075010,1122,7,352,9
1079,075010,1099,7,352,9
1080,075010,1114,7,352,9
1081,075010,1117,7,352,9
1082,075010,1115,7,352,9
1083,075010,1117,7,352,9
1084,075010,1118,7,352,9
1085,075010,1118,7,352,9
1086,075010,1118,7,352,9
1087,075010,1118,7,352,9
1088,075010,1271,7,352,9
1089,075010,1262,7,352,9
1090,075010,1258,7,352,9
1091,075010,1130,7,352,9
1092,075010,1126,7,352,9
1093,075010,1122,7,352,9
1094,075010,1122,7,352,9
1095,075010,1122,7,352,9
1096,075010,1114,7,352,9
1097,075010,1106,7,352,9
1098,075010,1106,7,352,9
1099,075010,1106,7,352,9
1100,075010,1137,7,352,9
1101,075010,1022,7,352,9
1102,075010,1251,7,352,9
1103,075010,1098,7,352,9
1104,075010,1114,7,352,9
1105,075010,1117,7,352,9
1106,075010,1115,7,352,9
1107,075010,1117,7,352,9
1108,075010,1118,7,352,9
1109,075010,1118,7,352,9
1110,075010,1118,7,352,9
1111,075010,1118,7,352,9
1112,075010,1271,7,352,9
1113,075010,1262,7,352,9
1114,075010,1258,7,352,9
1115,075010,1130,7,352,9
1116,075010,1126,7,352,9
1117,075010,1122,7,352,9
1118,075010,1122,7,352,9
1119,075010,1122,7,352,9
1120,075010,1114,7,352,9
1121,075010,1106,7,352,9
1122,075010,1106,7,352,9
1123,075010,1106,7,352,9
1124,075010,1137,7,352,9
1125,075010,1258,7,352,9
1126,075010,1022,7,352,9
1127,075010,1099,7,352,9
1128,075010,1114,7,352,9
1129,075010,1117,7,352,9
1130,075010,1115,7,352,9
1131,075010,1117,7,352,9
1132,075010,1118,7,352,9
1133,075010,1118,7,352,9
1134,075010,1118,7,352,9
1135,075010,1118,7,352,9
1136,075010,1118,7,352,9
1137,075010,1118,7,352,9
1138,075010,1118,7,352,9
1139,075010,1118,7,352,9
1140,075010,1118,7,352,9
1141,075010,1118,7,352,9
1142,075010,1118,7,352,9
1143,075010,1118,7,352,9
1144,075010,1118,7,352,9
1145,075010,1316,9,448,11
1146,075010,1318,9,448,11
1147,075010,1310,9,448,11
1148,075010,1117,7,352,9
1149,075010,1114,7,352,9
1150,075010,1114,7,352,9
1151,075010,1021,7,352,9
1152,075020,987,7,352,9
1153,075020,986,7,352,9
1154,075020,986,7,352,9
1155,075020,986,7,352,9
1156,075020,986,7,352,9
1157,075020,986,7,352,9
1158,075020,986,7,352,9
1159,075020,986,7,352,9
1160,075020,986,7,352,9
1161,075020,986,7,352,9
1162,075020,986,7,352,9
1163,075020,986,7,352,9
1164,075020,986,7,352,9
1165,075020,986,7,352,9
1166,075020,986,7,352,9
1167,075020,986,7,352,9
1168,075020,986,7,352,9
1169,075020,986,7,352,9
1170,075020,986,7,352,9
1171,075020,986,7,352,9
1172,075020,989,7,352,9
1173,075020,990,7,352,9
1174,075020,990,7,352,9
1175,075020,990,7,352,9
1176,075020,987,7,352,9
1177,075020,989,7,352,9
1178,075020,987,7,352,9
1179,075020,989,7,352,9
1180,075020,990,7,352,9
1181,075020,990,7,352,9
1182,075020,990,7,352,9
1183,075020,990,7,352,9
1184,075020,990,7,352,9
1185,075020,990,7,352,9
1186,075020,990,7,352,9
1187,075020,990,7,352,9
1188,075020,990,7,352,9
1189,075020,990,7,352,9
1190,075020,990,7,352,9
1191,075020,990,7,352,9
1192,075020,990,7,352,9
1193,075020,990,7,352,9
1194,075020,990,7,352,9
1195,075020,990,7,352,9
1196,075020,991,7,352,9
1197,075020,990,7,352,9
1198,075020,990,7,352,9
1199,075020,990,7,352,9
1200,075020,986,7,352,9
1201,075020,986,7,352,9
1202,075020,986,7,352,9
1203,075020,986,7,352,9
1204,075020,986,7,352,9
1205,075020,986,7,352,9
1206,075020,986,7,352,9
1207,075020,986,7,352,9
1208,075020,986,7,352,9
1209,075020,986,7,352,9
1210,075020,986,7,352,9
1211,075020,986,7,352,9
1212,075020,986,7,352,9
1213,075020,986,7,352,9
1214,075020,986,7,352,9
1215,075020,986,7,352,9
1216,075020,986,7,352,9
1217,075020,986,7,352,9
1218,075020,986,7,352,9
1219,075020,986,7,352,9
1220,075020,989,7,352,9
1221,075020,990,7,352,9
1222,075020,990,7,352,9
1223,075020,990,7,352,9
1224,075020,987,7,352,9
1225,075020,989,7,352,9
1226,075020,987,7,352,9
1227,075020,989,7,352,9
1228,075020,990,7,352,9
1229,075020,990,7,352,9
1230,075020,990,7,352,9
1231,075020,990,7,352,9
1232,075020,990,7,352,9
1233,075020,990,7,352,9
1234,075020,990,7,352,9
1235,075020,990,7,352,9
1236,075020,990,7,352,9
1237,075020,990,7,352,9
1238,075020,990,7,352,9
1239,075020,990,7,352,9
1240,075020,990,7,352,9
1241,075020,990,7,352,9
1242,075020,990,7,352,9
1243,075020,990,7,352,9
1244,075020,991,7,352,9
1245,075020,990,7,352,9
1246,075020,990,7,352,9
1247,075020,990,7,352,9
1248,075020,986,7,352,9
1249,075020,986,7,352,9
1250,075020,986,7,352,9
1251,075020,986,7,352,9
1252,075020,1496,9,448,11
1253,075020,1498,9,448,11
1254,075020,1498,9,448,11
1255,075020,1498,9,448,11
1256,075020,1498,9,448,11
1257,075020,1498,9,448,11
1258,075020,1498,9,448,11
1259,075020,1498,9,448,11
1260,075020,1501,9,448,11
1261,075020,1313,7,352,9
1262,075020,1310,7,352,9
1263,075020,1310,7,352,9
1264,075020,1310,7,352,9
1265,075020,1310,7,352,9
1266,075020,1310,7,352,9
1267,075020,1310,7,352,9
1268,075020,1499,9,448,11
1269,075020,1316,7,352,9
1270,075020,1314,7,352,9
1271,075020,1314,7,352,9
1272,075020,987,7,352,9
1273,075020,986,7,352,9
1274,075020,986,7,352,9
1275,075020,986,7,352,9
1276,075020,1499,9,448,11
1277,075020,1502,9,448,11
1278,075020,1495,9,448,11
1279,075020,1501,9,448,11
1280,075020,1502,9,448,11
1281,075020,1502,9,448,11
1282,075020,1502,9,448,11
1283,075020,1498,9,448,11
1284,075020,1502,9,448,11
1285,075020,1313,7,352,9
1286,075020,1310,7,352,9
1287,075020,1306,7,352,9
1288,075020,1310,7,352,9
1289,075020,1310,7,352,9
1290,075020,1306,7,352,9
1291,075020,1306,7,352,9
1292,075020,1500,9,448,11
1293,075020,1316,7,352,9
1294,075020,1314,7,352,9
1295,075020,1309,7,352,9
1296,075020,987,7,352,9
1297,075020,986,7,352,9
1298,075020,986,7,352,9
1299,075020,986,7,352,9
1300,075020,1543,9,448,11
1301,075020,1539,9,448,11
1302,075020,1538,9,448,11
1303,075020,1545,9,448,11
1304,075020,1546,9,448,11
1305,075020,1546,9,448,11
1306,075020,1546,9,448,11
1307,075020,1542,9,448,11
1308,075020,1546,9,448,11
1309,075020,1357,7,352,9
1310,075020,1350,7,352,9
1311,075020,1350,7,352,9
1312,075020,1354,7,352,9
1313,075020,1354,7,352,9
1314,075020,1350,7,352,9
1315,075020,1350,7,352,9
1316,075020,1544,9,448,11
1317,075020,1360,7,352,9
1318,075020,1353,7,352,9
1319,075020,1354,7,352,9
1320,075020,987,7,352,9
1321,075020,986,7,352,9
1322,075020,986,7,352,9
1323,075020,986,7,352,9
1324,075020,1496,9,448,11
1325,075020,1498,9,448,11
1326,075020,1498,9,448,11
1327,075020,1498,9,448,11
1328,075020,1498,9,448,11
1329,075020,1498,9,448,11
1330,075020,1498,9,448,11
1331,075020,1501,9,448,11
1332,075020,1313,7,352,9
1333,075020,1310,7,352,9
1334,075020,1310,7,352,9
1335,075020,1310,7,352,9
1336,075020,1310,7,352,9
1337,075020,1310,7,352,9
1338,075020,1310,7,352,9
1339,075020,1310,7,352,9
1340,075020,1499,9,448,11
1341,075020,1316,7,352,9
1342,075020,1314,7,352,9
1343,075020,1314,7,352,9
1344,075020,987,7,352,9
1345,075020,986,7,352,9
1346,075020,986,7,352,9
1347,075020,986,7,352,9
1348,075020,1496,9,448,11
1349,075020,1498,9,448,11
1350,075020,1498,9,448,11
1351,075020,1498,9,448,11
1352,075020,1312,7,352,9
1353,075020,1310,7,352,9
1354,075020,1310,7,352,9
1355,075020,1310,7,352,9
1356,075020,1310,7,352,9
1357,075020,1310,7,352,9
1358,075020,1310,7,352,9
1359,075020,1310,7,352,9
1360,075020,1310,7,352,9
1361,075020,1310,7,352,9
1362,075020,1310,7,352,9
1363,075020,1310,7,352,9
1364,075020,1313,7,352,9
1365,075020,1314,7,352,9
1366,075020,1314,7,352,9
1367,075020,1314,7,352,9
1368,075020,987,7,352,9
1369,075020,986,7,352,9
1370,075020,986,7,352,9
1371,075020,986,7,352,9
1372,075020,1496,9,448,11
1373,075020,1498,9,448,11
1374,075020,1498,9,448,11
1375,075020,1498,9,448,11
1376,075020,1312,7,352,9
1377,075020,1310,7,352,9
1378,075020,1310,7,352,9
1379,075020,1310,7,352,9
1380,075020,1310,7,352,9
1381,075020,1310,7,352,9
1382,075020,1310,7,352,9
1383,075020,1310,7,352,9
1384,075020,1310,7,352,9
1385,075020,1310,7,352,9
1386,075020,1310,7,352,9
1387,075020,1310,7,352,9
1388,075020,1313,7,352,9
1389,075020,1314,7,352,9
1390,075020,1314,7,352,9
1391,075020,1314,7,352,9
1392,075020,987,7,352,9
1393,075020,986,7,352,9
1394,075020,986,7,352,9
1395,075020,986,7,352,9
1396,075020,1496,9,448,11
1397,075020,1498,9,448,11
1398,075020,1498,9,448,11
1399,075020,1498,9,448,11
1400,075020,1312,7,352,9
1401,075020,1310,7,352,9
1402,075020,1310,7,352,9
1403,075020,1310,7,352,9
1404,075020,1310,7,352,9
1405,075020,1310,7,352,9
1406,075020,1310,7,352,9
1407,075020,1310,7,352,9
1408,075020,1310,7,352,9
1409,075020,1310,7,352,9
1410,075020,1310,7,352,9
1411,075020,1310,7,352,9
1412,075020,1313,7,352,9
1413,075020,1314,7,352,9
1414,075020,1314,7,352,9
1415,075020,1314,7,352,9
1416,075020,987,7,352,9
1417,075020,986,7,352,9
1418,075020,986,7,352,9
1419,075020,986,7,352,9
1420,075020,1543,9,448,11
1421,075020,1542,9,448,11
1422,075020,1542,9,448,11
1423,075020,1546,9,448,11
1424,075020,1357,7,352,9
1425,075020,1354,7,352,9
1426,075020,1354,7,352,9
1427,075020,1350,7,352,9
1428,075020,1354,7,352,9
1429,075020,1354,7,352,9
1430,075020,1350,7,352,9
1431,075020,1350,7,352,9
1432,075020,1354,7,352,9
1433,075020,1354,7,352,9
1434,075020,1350,7,352,9
1435,075020,1350,7,352,9
1436,075020,1358,7,352,9
1437,075020,1358,7,352,9
1438,075020,1353,7,352,9
1439,075020,1354,7,352,9
1440,075020,987,7,352,9
1441,075020,986,7,352,9
1442,075020,986,7,352,9
1443,075020,986,7,352,9
1444,075020,1499,9,448,11
1445,075020,1502,9,448,11
1446,075020,1502,9,448,11
1447,075020,1313,7,352,9
1448,075020,1310,7,352,9
1449,075020,1310,7,352,9
1450,075020,1310,7,352,9
1451,075020,1310,7,352,9
1452,075020,1310,7,352,9
1453,075020,1310,7,352,9
1454,075020,1310,7,352,9
1455,075020,1310,7,352,9
1456,075020,1310,7,352,9
1457,075020,1310,7,352,9
1458,075020,1310,7,352,9
1459,075020,1310,7,352,9
1460,075020,1313,7,352,9
1461,075020,1314,7,352,9
1462,075020,1314,7,352,9
1463,075020,1314,7,352,9
1464,075020,987,7,352,9
1465,075020,986,7,352,9
1466,075020,986,7,352,9
1467,075020,986,7,352,9
1468,075020,1310,7,352,9
1469,075020,1310,7,352,9
1470,075020,1310,7,352,9
1471,075020,1310,7,352,9
1472,075020,1310,7,352,9
1473,075020,1310,7,352,9
1474,075020,1310,7,352,9
1475,075020,1310,7,352,9
1476,075020,1310,7,352,9
1477,075020,1310,7,352,9
1478,075020,1310,7,352,9
1479,075020,1310,7,352,9
1480,075020,1310,7,352,9
1481,075020,1310,7,352,9
1482,075020,1310,7,352,9
1483,075020,1310,7,352,9
1484,075020,1313,7,352,9
1485,075020,1314,7,352,9
1486,075020,1314,7,352,9
1487,075020,1314,7,352,9
1488,075020,987,7,352,9
1489,075020,986,7,352,9
1490,075020,986,7,352,9
1491,075020,986,7,352,9
1492,075020,1310,7,352,9
1493,075020,1310,7,352,9
1494,075020,1306,7,352,9
1495,075020,1310,7,352,9
1496,075020,1310,7,352,9
1497,075020,1310,7,352,9
1498,075020,1310,7,352,9
1499,075020,1306,7,352,9
1500,075020,1310,7,352,9
1501,075020,1310,7,352,9
1502,075020,1310,7,352,9
1503,075020,1306,7,352,9
1504,075020,1310,7,352,9
1505,075020,1310,7,352,9
1506,075020,1306,7,352,9
1507,075020,1492,9,448,11
1508,075020,1316,7,352,9
1509,075020,1314,7,352,9
1510,075020,1314,7,352,9
1511,075020,1495,9,448,11
1512,075020,989,7,352,9
1513,075020,986,7,352,9
1514,075020,986,7,352,9
1515,075020,986,7,352,9
1516,075020,1354,7,352,9
1517,075020,1350,7,352,9
1518,075020,1350,7,352,9
1519,075020,1354,7,352,9
1520,075020,1354,7,352,9
1521,075020,1354,7,352,9
1522,075020,1354,7,352,9
1523,075020,1350,7,352,9
1524,075020,1354,7,352,9
1525,075020,1354,7,352,9
1526,075020,1350,7,352,9
1527,075020,1350,7,352,9
1528,075020,1354,7,352,9
1529,075020,1354,7,352,9
1530,075020,1350,7,352,9
1531,075020,1536,9,448,11
1532,075020,1360,7,352,9
1533,075020,1358,7,352,9
1534,075020,1353,7,352,9
1535,075020,1540,9,448,11
1536,075020,989,7,352,9
1537,075020,986,7,352,9
1538,075020,986,7,352,9
1539,075020,986,7,352,9
1540,075020,1310,7,352,9
1541,075020,1310,7,352,9
1542,075020,1310,7,352,9
1543,075020,1310,7,352,9
1544,075020,1310,7,352,9
1545,075020,1310,7,352,9
1546,075020,1310,7,352,9
1547,075020,1310,7,352,9
1548,075020,1310,7,352,9
1549,075020,1310,7,352,9
1550,075020,1310,7,352,9
1551,075020,1310,7,352,9
1552,075020,1310,7,352,9
1553,075020,1310,7,352,9
1554,075020,1310,7,352,9
1555,075020,1496,9,448,11
1556,075020,1315,7,352,9
1557,075020,1314,7,352,9
1558,075020,1314,7,352,9
1559,075020,1500,9,448,11
1560,075020,989,7,352,9
1561,075020,986,7,352,9
1562,075020,986,7,352,9
1563,075020,986,7,352,9
1564,075020,1310,7,352,9
1565,075020,1310,7,352,9
1566,075020,1310,7,352,9
1567,075020,1310,7,352,9
1568,075020,1310,7,352,9
1569,075020,1310,7,352,9
1570,075020,1310,7,352,9
1571,075020,1310,7,352,9
1572,075020,1310,7,352,9
1573,075020,1310,7,352,9
1574,075020,1310,7,352,9
1575,075020,1310,7,352,9
1576,075020,1310,7,352,9
1577,075020,1496,9,448,11
1578,075020,1498,9,448,11
1579,075020,1498,9,448,11
1580,075020,1315,7,352,9
1581,075020,1314,7,352,9
1582,075020,1314,7,352,9
1583,075020,1500,9,448,11
1584,075020,989,7,352,9
1585,075020,986,7,352,9
1586,075020,986,7,352,9
1587,075020,986,7,352,9
1588,075020,1354,7,352,9
1589,075020,1350,7,352,9
1590,075020,1350,7,352,9
1591,075020,1354,7,352,9
1592,075020,1354,7,352,9
1593,075020,1354,7,352,9
1594,075020,1354,7,352,9
1595,075020,1350,7,352,9
1596,075020,1354,7,352,9
1597,075020,1354,7,352,9
1598,075020,1350,7,352,9
1599,075020,1350,7,352,9
1600,075020,1354,7,352,9
1601,075020,1543,9,448,11
1602,075020,1539,9,448,11
1603,075020,1538,9,448,11
1604,075020,1360,7,352,9
1605,075020,1358,7,352,9
1606,075020,1353,7,352,9
1607,075020,1540,9,448,11
1608,075020,989,7,352,9
1609,075020,986,7,352,9
1610,075020,986,7,352,9
1611,075020,986,7,352,9
1612,075020,1354,7,352,9
1613,075020,1350,7,352,9
1614,075020,1350,7,352,9
1615,075020,1354,7,352,9
1616,075020,1354,7,352,9
1617,075020,1354,7,352,9
1618,075020,1354,7,352,9
1619,075020,1350,7,352,9
1620,075020,1354,7,352,9
1621,075020,1354,7,352,9
1622,075020,1536,9,448,11
1623,075020,1538,9,448,11
1624,075020,1545,9,448,11
1625,075020,1546,9,448,11
1626,075020,1539,9,448,11
1627,075020,1538,9,448,11
1628,075020,1360,7,352,9
1629,075020,1358,7,352,9
1630,075020,1539,9,448,11
1631,075020,1542,9,448,11
1632,075020,992,7,352,9
1633,075020,991,7,352,9
1634,075020,989,7,352,9
1635,075020,991,7,352,9
1636,075020,1499,9,448,11
1637,075020,1502,9,448,11
1638,075020,1502,9,448,11
1639,075020,1502,9,448,11
1640,075020,1316,7,352,9
1641,075020,1314,7,352,9
1642,075020,1314,7,352,9
1643,075020,1314,7,352,9
1644,075020,1314,7,352,9
1645,075020,1314,7,352,9
1646,075020,1314,7,352,9
1647,075020,1314,7,352,9
1648,075020,1314,7,352,9
1649,075020,1314,7,352,9
1650,075020,1314,7,352,9
1651,075020,1314,7,352,9
1652,075020,1315,7,352,9
1653,075020,1314,7,352,9
1654,075020,1314,7,352,9
1655,075020,1314,7,352,9
1656,075020,989,7,352,9
1657,075020,991,7,352,9
1658,075020,989,7,352,9
1659,075020,991,7,352,9
1660,075020,1313,7,352,9
1661,075020,1314,7,352,9
1662,075020,1314,7,352,9
1663,075020,1314,7,352,9
1664,075020,1314,7,352,9
1665,075020,1314,7,352,9
1666,075020,1314,7,352,9
1667,075020,1314,7,352,9
1668,075020,1314,7,352,9
1669,075020,1314,7,352,9
1670,075020,1314,7,352,9
1671,075020,1314,7,352,9
1672,075020,1314,7,352,9
1673,075020,1314,7,352,9
1674,075020,1314,7,352,9
1675,075020,1314,7,352,9
1676,075020,1315,7,352,9
1677,075020,1314,7,352,9
1678,075020,1314,7,352,9
1679,075020,1314,7,352,9
1680,075020,989,7,352,9
1681,075020,991,7,352,9
1682,075020,989,7,352,9
1683,075020,991,7,352,9
1684,075020,1314,7,352,9
1685,075020,1314,7,352,9
1686,075020,1309,7,352,9
1687,075020,1315,7,352,9
1688,075020,1314,7,352,9
1689,075020,1314,7,352,9
1690,075020,1314,7,352,9
1691,075020,1309,7,352,9
1692,075020,1315,7,352,9
1693,075020,1314,7,352,9
1694,075020,1314,7,352,9
1695,075020,1309,7,352,9
1696,075020,1315,7,352,9
1697,075020,1314,7,352,9
1698,075020,1309,7,352,9
1699,075020,1496,9,448,11
1700,075020,1317,7,352,9
1701,075020,1314,7,352,9
1702,075020,1314,7,352,9
1703,075020,1496,9,448,11
1704,075020,991,7,352,9
1705,075020,991,7,352,9
1706,075020,989,7,352,9
1707,075020,991,7,352,9
1708,075020,1358,7,352,9
1709,075020,1353,7,352,9
1710,075020,1354,7,352,9
1711,075020,1359,7,352,9
1712,075020,1358,7,352,9
1713,075020,1358,7,352,9
1714,075020,1358,7,352,9
1715,075020,1353,7,352,9
1716,075020,1359,7,352,9
1717,075020,1358,7,352,9
1718,075020,1539,9,448,11
1719,075020,1542,9,448,11
1720,075020,1547,9,448,11
1721,075020,1546,9,448,11
1722,075020,1541,9,448,11
1723,075020,1542,9,448,11
1724,075020,1361,7,352,9
1725,075020,1358,7,352,9
1726,075020,1540,9,448,11
1727,075020,1542,9,448,11
1728,075030,1225,9,448,11
1729,075030,1227,9,448,11
1730,075030,1225,9,448,11
1731,075030,1227,9,448,11
1732,075030,988,7,352,9
1733,075030,986,7,352,9
1734,075030,986,7,352,9
1735,075030,986,7,352,9
1736,075030,986,7,352,9
1737,075030,986,7,352,9
1738,075030,986,7,352,9
1739,075030,986,7,352,9
1740,075030,986,7,352,9
1741,075030,986,7,352,9
1742,075030,986,7,352,9
1743,075030,986,7,352,9
1744,075030,986,7,352,9
1745,075030,986,7,352,9
1746,075030,986,7,352,9
1747,075030,986,7,352,9
1748,075030,990,7,352,9
1749,075030,990,7,352,9
1750,075030,990,7,352,9
1751,075030,990,7,352,9
1752,075030,1227,9,448,11
1753,075030,1230,9,448,11
1754,075030,1230,9,448,11
1755,075030,1230,9,448,11
1756,075030,993,7,352,9
1757,075030,990,7,352,9
1758,075030,990,7,352,9
1759,075030,990,7,352,9
1760,075030,990,7,352,9
1761,075030,990,7,352,9
1762,075030,990,7,352,9
1763,075030,990,7,352,9
1764,075030,990,7,352,9
1765,075030,990,7,352,9
1766,075030,990,7,352,9
1767,075030,990,7,352,9
1768,075030,990,7,352,9
1769,075030,990,7,352,9
1770,075030,990,7,352,9
1771,075030,990,7,352,9
1772,075030,990,7,352,9
1773,075030,990,7,352,9
1774,075030,990,7,352,9
1775,075030,990,7,352,9
1776,075030,1223,9,448,11
1777,075030,1227,9,448,11
1778,075030,1225,9,448,11
1779,075030,1227,9,448,11
1780,075030,988,7,352,9
1781,075030,986,7,352,9
1782,075030,986,7,352,9
1783,075030,986,7,352,9
1784,075030,986,7,352,9
1785,075030,986,7,352,9
1786,075030,986,7,352,9
1787,075030,986,7,352,9
1788,075030,986,7,352,9
1789,075030,986,7,352,9
1790,075030,986,7,352,9
1791,075030,986,7,352,9
1792,075030,986,7,352,9
1793,075030,986,7,352,9
1794,075030,986,7,352,9
1795,075030,986,7,352,9
1796,075030,990,7,352,9
1797,075030,990,7,352,9
1798,075030,990,7,352,9
1799,075030,990,7,352,9
1800,075030,1227,9,448,11
1801,075030,1230,9,448,11
1802,075030,1230,9,448,11
1803,075030,1230,9,448,11
1804,075030,993,7,352,9
1805,075030,990,7,352,9
1806,075030,990,7,352,9
1807,075030,990,7,352,9
1808,075030,990,7,352,9
1809,075030,990,7,352,9
1810,075030,990,7,352,9
1811,075030,990,7,352,9
1812,075030,990,7,352,9
1813,075030,990,7,352,9
1814,075030,990,7,352,9
1815,075030,990,7,352,9
1816,075030,990,7,352,9
1817,075030,990,7,352,9
1818,075030,990,7,352,9
1819,075030,990,7,352,9
1820,075030,990,7,352,9
1821,075030,990,7,352,9
1822,075030,990,7,352,9
1823,075030,990,7,352,9
1824,075030,1223,9,448,11
1825,075030,1226,9,448,11
1826,075030,1226,9,448,11
1827,075030,1226,9,448,11
1828,075030,1453,7,352,9
1829,075030,1454,7,352,9
1830,075030,1454,7,352,9
1831,075030,1450,7,352,9
1832,075030,1450,7,352,9
1833,075030,1450,7,352,9
1834,075030,1450,7,352,9
1835,075030,1454,7,352,9
1836,075030,1450,7,352,9
1837,075030,1450,7,352,9
1838,075030,1643,9,448,11
1839,075030,1646,9,448,11
1840,075030,1642,9,448,11
1841,075030,1639,9,448,11
1842,075030,1645,9,448,11
1843,075030,1646,9,448,11
1844,075030,1456,7,352,9
1845,075030,1454,7,352,9
1846,075030,1648,9,448,11
1847,075030,1647,9,448,11
1848,075030,1225,9,448,11
1849,075030,1226,9,448,11
1850,075030,1226,9,448,11
1851,075030,1226,9,448,11
1852,075030,1453,7,352,9
1853,075030,1450,7,352,9
1854,075030,1454,7,352,9
1855,075030,1450,7,352,9
1856,075030,1450,7,352,9
1857,075030,1450,7,352,9
1858,075030,1450,7,352,9
1859,075030,1454,7,352,9
1860,075030,1450,7,352,9
1861,075030,1450,7,352,9
1862,075030,1450,7,352,9
1863,075030,1643,9,448,11
1864,075030,1642,9,448,11
1865,075030,1639,9,448,11
1866,075030,1645,9,448,11
1867,075030,1646,9,448,11
1868,075030,1456,7,352,9
1869,075030,1454,7,352,9
1870,075030,1454,7,352,9
1871,075030,1645,9,448,11
1872,075030,1225,9,448,11
1873,075030,1226,9,448,11
1874,075030,1226,9,448,11
1875,075030,1226,9,448,11
1876,075030,1453,7,352,9
1877,075030,1450,7,352,9
1878,075030,1450,7,352,9
1879,075030,1450,7,352,9
1880,075030,1450,7,352,9
1881,075030,1450,7,352,9
1882,075030,1450,7,352,9
1883,075030,1450,7,352,9
1884,075030,1450,7,352,9
1885,075030,1450,7,352,9
1886,075030,1450,7,352,9
1887,075030,1450,7,352,9
1888,075030,1639,9,448,11
1889,075030,1639,9,448,11
1890,075030,1638,9,448,11
1891,075030,1638,9,448,11
1892,075030,1455,7,352,9
1893,075030,1454,7,352,9
1894,075030,1454,7,352,9
1895,075030,1640,9,448,11
1896,075030,1226,9,448,11
1897,075030,1226,9,448,11
1898,075030,1226,9,448,11
1899,075030,1226,9,448,11
1900,075030,1453,7,352,9
1901,075030,1454,7,352,9
1902,075030,1454,7,352,9
1903,075030,1450,7,352,9
1904,075030,1450,7,352,9
1905,075030,1450,7,352,9
1906,075030,1450,7,352,9
1907,075030,1454,7,352,9
1908,075030,1450,7,352,9
1909,075030,1450,7,352,9
1910,075030,1454,7,352,9
1911,075030,1454,7,352,9
1912,075030,1450,7,352,9
1913,075030,1636,9,448,11
1914,075030,1645,9,448,11
1915,075030,1646,9,448,11
1916,075030,1456,7,352,9
1917,075030,1454,7,352,9
1918,075030,1459,7,352,9
1919,075030,1644,9,448,11
1920,075030,1225,9,448,11
1921,075030,1226,9,448,11
1922,075030,1226,9,448,11
1923,075030,1226,9,448,11
1924,075030,1453,7,352,9
1925,075030,1454,7,352,9
1926,075030,1454,7,352,9
1927,075030,1450,7,352,9
1928,075030,1450,7,352,9
1929,075030,1450,7,352,9
1930,075030,1450,7,352,9
1931,075030,1454,7,352,9
1932,075030,1450,7,352,9
1933,075030,1450,7,352,9
1934,075030,1454,7,352,9
1935,075030,1454,7,352,9
1936,075030,1450,7,352,9
1937,075030,1636,9,448,11
1938,075030,1645,9,448,11
1939,075030,1646,9,448,11
1940,075030,1456,7,352,9
1941,075030,1454,7,352,9
1942,075030,1459,7,352,9
1943,075030,1644,9,448,11
1944,075030,1225,9,448,11
1945,075030,1226,9,448,11
1946,075030,1226,9,448,11
1947,075030,1226,9,448,11
1948,075030,1453,7,352,9
1949,075030,1454,7,352,9
1950,075030,1454,7,352,9
1951,075030,1450,7,352,9
1952,075030,1450,7,352,9
1953,075030,1450,7,352,9
1954,075030,1450,7,352,9
1955,075030,1454,7,352,9
1956,075030,1450,7,352,9
1957,075030,1450,7,352,9
1958,075030,1454,7,352,9
1959,075030,1454,7,352,9
1960,075030,1450,7,352,9
1961,075030,1636,9,448,11
1962,075030,1645,9,448,11
1963,075030,1646,9,448,11
1964,075030,1456,7,352,9
1965,075030,1454,7,352,9
1966,075030,1459,7,352,9
1967,075030,1644,9,448,11
1968,075030,1225,9,448,11
1969,075030,1226,9,448,11
1970,075030,1226,9,448,11
1971,075030,1226,9,448,11
1972,075030,1453,7,352,9
1973,075030,1454,7,352,9
1974,075030,1454,7,352,9
1975,075030,1450,7,352,9
1976,075030,1450,7,352,9
1977,075030,1450,7,352,9
1978,075030,1450,7,352,9
1979,075030,1454,7,352,9
1980,075030,1450,7,352,9
1981,075030,1450,7,352,9
1982,075030,1454,7,352,9
1983,075030,1454,7,352,9
1984,075030,1450,7,352,9
1985,075030,1636,9,448,11
1986,075030,1645,9,448,11
1987,075030,1646,9,448,11
1988,075030,1456,7,352,9
1989,075030,1454,7,352,9
1990,075030,1459,7,352,9
1991,075030,1644,9,448,11
1992,075030,1225,9,448,11
1993,075030,1226,9,448,11
1994,075030,1226,9,448,11
1995,075030,1226,9,448,11
1996,075030,1453,7,352,9
1997,075030,1450,7,352,9
1998,075030,1450,7,352,9
1999,075030,1450,7,352,9
2000,075030,1450,7,352,9
2001,075030,1450,7,352,9
2002,075030,1450,7,352,9
2003,075030,1450,7,352,9
2004,075030,1450,7,352,9
2005,075030,1450,7,352,9
2006,075030,1450,7,352,9
2007,075030,1450,7,352,9
2008,075030,1450,7,352,9
2009,075030,1450,7,352,9
2010,075030,1450,7,352,9
2011,075030,1450,7,352,9
2012,075030,1453,7,352,9
2013,075030,1454,7,352,9
2014,075030,1454,7,352,9
2015,075030,1454,7,352,9
2016,075030,1224,9,448,11
2017,075030,1226,9,448,11
2018,075030,1226,9,448,11
2019,075030,1226,9,448,11
2020,075030,1639,9,448,11
2021,075030,1456,7,352,9
2022,075030,1454,7,352,9
2023,075030,1450,7,352,9
2024,075030,1450,7,352,9
2025,075030,1450,7,352,9
2026,075030,1450,7,352,9
2027,075030,1454,7,352,9
2028,075030,1450,7,352,9
2029,075030,1450,7,352,9
2030,075030,1454,7,352,9
2031,075030,1454,7,352,9
2032,075030,1450,7,352,9
2033,075030,1450,7,352,9
2034,075030,1454,7,352,9
2035,075030,1454,7,352,9
2036,075030,1453,7,352,9
2037,075030,1454,7,352,9
2038,075030,1459,7,352,9
2039,075030,1458,7,352,9
2040,075030,1223,9,448,11
2041,075030,1226,9,448,11
2042,075030,1226,9,448,11
2043,075030,1226,9,448,11
2044,075030,1639,9,448,11
2045,075030,1645,9,448,11
2046,075030,1646,9,448,11
2047,075030,1639,9,448,11
2048,075030,1452,7,352,9
2049,075030,1450,7,352,9
2050,075030,1450,7,352,9
2051,075030,1454,7,352,9
2052,075030,1450,7,352,9
2053,075030,1450,7,352,9
2054,075030,1454,7,352,9
2055,075030,1454,7,352,9
2056,075030,1450,7,352,9
2057,075030,1450,7,352,9
2058,075030,1454,7,352,9
2059,075030,1454,7,352,9
2060,075030,1453,7,352,9
2061,075030,1454,7,352,9
2062,075030,1459,7,352,9
2063,075030,1458,7,352,9
2064,075030,1223,9,448,11
2065,075030,1226,9,448,11
2066,075030,1226,9,448,11
2067,075030,1226,9,448,11
2068,075030,1639,9,448,11
2069,075030,1638,9,448,11
2070,075030,1645,9,448,11
2071,075030,1639,9,448,11
2072,075030,1452,7,352,9
2073,075030,1450,7,352,9
2074,075030,1450,7,352,9
2075,075030,1454,7,352,9
2076,075030,1450,7,352,9
2077,075030,1450,7,352,9
2078,075030,1450,7,352,9
2079,075030,1454,7,352,9
2080,075030,1450,7,352,9
2081,075030,1450,7,352,9
2082,075030,1454,7,352,9
2083,075030,1454,7,352,9
2084,075030,1453,7,352,9
2085,075030,1454,7,352,9
2086,075030,1454,7,352,9
2087,075030,1459,7,352,9
2088,075030,1223,9,448,11
2089,075030,1226,9,448,11
2090,075030,1226,9,448,11
2091,075030,1226,9,448,11
2092,075030,1639,9,448,11
2093,075030,1638,9,448,11
2094,075030,1638,9,448,11
2095,075030,1638,9,448,11
2096,075030,1452,7,352,9
2097,075030,1450,7,352,9
2098,075030,1450,7,352,9
2099,075030,1450,7,352,9
2100,075030,1450,7,352,9
2101,075030,1450,7,352,9
2102,075030,1450,7,352,9
2103,075030,1450,7,352,9
2104,075030,1450,7,352,9
2105,075030,1450,7,352,9
2106,075030,1450,7,352,9
2107,075030,1450,7,352,9
2108,075030,1453,7,352,9
2109,075030,1454,7,352,9
2110,075030,1454,7,352,9
2111,075030,1454,7,352,9
2112,075030,1224,9,448,11
2113,075030,1226,9,448,11
2114,075030,1226,9,448,11
2115,075030,1226,9,448,11
2116,075030,1639,9,448,11
2117,075030,1645,9,448,11
2118,075030,1646,9,448,11
2119,075030,1639,9,448,11
2120,075030,1452,7,352,9
2121,075030,1450,7,352,9
2122,075030,1450,7,352,9
2123,075030,1454,7,352,9
2124,075030,1450,7,352,9
2125,075030,1450,7,352,9
2126,075030,1454,7,352,9
2127,075030,1454,7,352,9
2128,075030,1450,7,352,9
2129,075030,1450,7,352,9
2130,075030,1454,7,352,9
2131,075030,1454,7,352,9
2132,075030,1453,7,352,9
2133,075030,1454,7,352,9
2134,075030,1459,7,352,9
2135,075030,1458,7,352,9
2136,075030,1223,9,448,11
2137,075030,1226,9,448,11
2138,075030,1226,9,448,11
2139,075030,1226,9,448,11
2140,075030,1639,9,448,11
2141,075030,1645,9,448,11
2142,075030,1646,9,448,11
2143,075030,1639,9,448,11
2144,075030,1638,9,448,11
2145,075030,1638,9,448,11
2146,075030,1638,9,448,11
2147,075030,1456,7,352,9
2148,075030,1450,7,352,9
2149,075030,1450,7,352,9
2150,075030,1454,7,352,9
2151,075030,1454,7,352,9
2152,075030,1450,7,352,9
2153,075030,1450,7,352,9
2154,075030,1454,7,352,9
2155,075030,1454,7,352,9
2156,075030,1639,9,448,11
2157,075030,1456,7,352,9
2158,075030,1459,7,352,9
2159,075030,1458,7,352,9
2160,075030,1223,9,448,11
2161,075030,1226,9,448,11
2162,075030,1226,9,448,11
2163,075030,1226,9,448,11
2164,075030,1639,9,448,11
2165,075030,1638,9,448,11
2166,075030,1638,9,448,11
2167,075030,1638,9,448,11
2168,075030,1638,9,448,11
2169,075030,1638,9,448,11
2170,075030,1638,9,448,11
2171,075030,1638,9,448,11
2172,075030,1452,7,352,9
2173,075030,1450,7,352,9
2174,075030,1450,7,352,9
2175,075030,1450,7,352,9
2176,075030,1450,7,352,9
2177,075030,1450,7,352,9
2178,075030,1450,7,352,9
2179,075030,1450,7,352,9
2180,075030,1639,9,448,11
2181,075030,1456,7,352,9
2182,075030,1454,7,352,9
2183,075030,1454,7,352,9
2184,075030,1224,9,448,11
2185,075030,1226,9,448,11
2186,075030,1226,9,448,11
2187,075030,1226,9,448,11
2188,075030,1639,9,448,11
2189,075030,1638,9,448,11
2190,075030,1638,9,448,11
2191,075030,1638,9,448,11
2192,075030,1638,9,448,11
2193,075030,1638,9,448,11
2194,075030,1638,9,448,11
2195,075030,1638,9,448,11
2196,075030,1638,9,448,11
2197,075030,1452,7,352,9
2198,075030,1450,7,352,9
2199,075030,1450,7,352,9
2200,075030,1450,7,352,9
2201,075030,1450,7,352,9
2202,075030,1450,7,352,9
2203,075030,1450,7,352,9
2204,075030,1639,9,448,11
2205,075030,1456,7,352,9
2206,075030,1454,7,352,9
2207,075030,1454,7,352,9
2208,075030,1225,9,448,11
2209,075030,1229,9,448,11
2210,075030,1227,9,448,11
2211,075030,1229,9,448,11
2212,075030,1456,7,352,9
2213,075030,1459,7,352,9
2214,075030,1458,7,352,9
2215,075030,1453,7,352,9
2216,075030,1454,7,352,9
2217,075030,1454,7,352,9
2218,075030,1454,7,352,9
2219,075030,1459,7,352,9
2220,075030,1453,7,352,9
2221,075030,1454,7,352,9
2222,075030,1459,7,352,9
2223,075030,1458,7,352,9
2224,075030,1453,7,352,9
2225,075030,1454,7,352,9
2226,075030,1459,7,352,9
2227,075030,1647,9,448,11
2228,075030,1457,7,352,9
2229,075030,1454,7,352,9
2230,075030,1458,7,352,9
2231,075030,1647,9,448,11
2232,075030,1227,9,448,11
2233,075030,1229,9,448,11
2234,075030,1227,9,448,11
2235,075030,1229,9,448,11
2236,075030,1642,9,448,11
2237,075030,1647,9,448,11
2238,075030,1646,9,448,11
2239,075030,1641,9,448,11
2240,075030,1456,7,352,9
2241,075030,1454,7,352,9
2242,075030,1454,7,352,9
2243,075030,1459,7,352,9
2244,075030,1453,7,352,9
2245,075030,1454,7,352,9
2246,075030,1459,7,352,9
2247,075030,1458,7,352,9
2248,075030,1453,7,352,9
2249,075030,1454,7,352,9
2250,075030,1459,7,352,9
2251,075030,1458,7,352,9
2252,075030,1454,7,352,9
2253,075030,1454,7,352,9
2254,075030,1458,7,352,9
2255,075030,1458,7,352,9
2256,075030,1224,9,448,11
2257,075030,1229,9,448,11
2258,075030,1227,9,448,11
2259,075030,1229,9,448,11
2260,075030,1642,9,448,11
2261,075030,1642,9,448,11
2262,075030,1647,9,448,11
2263,075030,1641,9,448,11
2264,075030,1456,7,352,9
2265,075030,1454,7,352,9
2266,075030,1454,7,352,9
2267,075030,1459,7,352,9
2268,075030,1453,7,352,9
2269,075030,1454,7,352,9
2270,075030,1454,7,352,9
2271,075030,1459,7,352,9
2272,075030,1453,7,352,9
2273,075030,1454,7,352,9
2274,075030,1459,7,352,9
2275,075030,1458,7,352,9
2276,075030,1454,7,352,9
2277,075030,1454,7,352,9
2278,075030,1454,7,352,9
2279,075030,1458,7,352,9
2280,075030,1224,9,448,11
2281,075030,1229,9,448,11
2282,075030,1227,9,448,11
2283,075030,1229,9,448,11
2284,075030,1642,9,448,11
2285,075030,1642,9,448,11
2286,075030,1642,9,448,11
2287,075030,1642,9,448,11
2288,075030,1642,9,448,11
2289,075030,1642,9,448,11
2290,075030,1642,9,448,11
2291,075030,1642,9,448,11
2292,075030,1642,9,448,11
2293,075030,1456,7,352,9
2294,075030,1454,7,352,9
2295,075030,1454,7,352,9
2296,075030,1454,7,352,9
2297,075030,1454,7,352,9
2298,075030,1454,7,352,9
2299,075030,1454,7,352,9
2300,075030,1641,9,448,11
2301,075030,1456,7,352,9
2302,075030,1454,7,352,9
2303,075030,1454,7,352,9
2304,075000,1113,7,352,9
2305,075010,1123,7,352,9
2306,075000,1122,7,352,9
2307,075010,1114,7,352,9
2308,075000,1129,7,352,9
2309,075010,1127,7,352,9
2310,075000,1126,7,352,9
2311,075010,1130,7,352,9
2312,075000,1113,7,352,9
2313,075010,1075,7,352,9
2314,075000,1074,7,352,9
2315,075010,1114,7,352,9
2316,075000,1082,7,352,9
2317,075010,1126,7,352,9
2318,075000,1126,7,352,9
2319,075010,1082,7,352,9
2320,075000,1114,7,352,9
2321,075010,1206,7,352,9
2322,075000,1206,7,352,9
2323,075010,1117,7,352,9
2324,075000,1214,7,352,9
2325,075010,1127,7,352,9
2326,075000,1126,7,352,9
2327,075010,1214,7,352,9
2328,075000,1113,7,352,9
2329,075010,1123,7,352,9
2330,075000,1122,7,352,9
2331,075010,1114,7,352,9
2332,075000,1129,7,352,9
2333,075010,1127,7,352,9
2334,075000,1126,7,352,9
2335,075010,1130,7,352,9
2336,075000,1113,7,352,9
2337,075010,1123,7,352,9
2338,075000,1122,7,352,9
2339,075010,1114,7,352,9
2340,075000,1129,7,352,9
2341,075010,1127,7,352,9
2342,075000,1126,7,352,9
2343,075010,1130,7,352,9
2344,075000,1114,7,352,9
2345,075010,1201,7,352,9
2346,075000,1202,7,352,9
2347,075010,1118,7,352,9
2348,075000,1207,7,352,9
2349,075010,1126,7,352,9
2350,075000,1126,7,352,9
2351,075010,1209,7,352,9
2352,075000,1115,7,352,9
2353,075010,1114,7,352,9
2354,075000,1114,7,352,9
2355,075010,1117,7,352,9
2356,075000,1123,7,352,9
2357,075010,1126,7,352,9
2358,075000,1126,7,352,9
2359,075010,1125,7,352,9
2360,075000,1115,7,352,9
2361,075010,1114,7,352,9
2362,075000,1114,7,352,9
2363,075010,1117,7,352,9
2364,075000,1123,7,352,9
2365,075010,1126,7,352,9
2366,075000,1126,7,352,9
2367,075010,1125,7,352,9
2368,075000,1115,7,352,9
2369,075010,1122,7,352,9
2370,075000,1122,7,352,9
2371,075010,1117,7,352,9
2372,075000,1130,7,352,9
2373,075010,1127,7,352,9
2374,075000,1126,7,352,9
2375,075010,1130,7,352,9
2376,075000,1113,7,352,9
2377,075010,1123,7,352,9
2378,075000,1122,7,352,9
2379,075010,1114,7,352,9
2380,075000,1129,7,352,9
2381,075010,1127,7,352,9
2382,075000,1126,7,352,9
2383,075010,1130,7,352,9
2384,075000,1113,7,352,9
2385,075010,1127,7,352,9
2386,075000,1126,7,352,9
2387,075010,1114,7,352,9
2388,075000,1134,7,352,9
2389,075010,1126,7,352,9
2390,075000,1126,7,352,9
2391,075010,1137,7,352,9
2392,075000,1115,7,352,9
2393,075010,1206,7,352,9
2394,075000,1206,7,352,9
2395,075010,1117,7,352,9
2396,075000,1215,7,352,9
2397,075010,1126,7,352,9
2398,075000,1126,7,352,9
2399,075010,1214,7,352,9
2400,075000,1118,7,352,9
2401,075010,1126,7,352,9
2402,075000,1126,7,352,9
2403,075010,1121,7,352,9
2404,075000,1135,7,352,9
2405,075010,1130,7,352,9
2406,075000,1130,7,352,9
2407,075010,1137,7,352,9
2408,075000,1119,7,352,9
2409,075010,1126,7,352,9
2410,075000,1126,7,352,9
2411,075010,1121,7,352,9
2412,075000,1135,7,352,9
2413,075010,1130,7,352,9
2414,075000,1130,7,352,9
2415,075010,1137,7,352,9
2416,075000,1119,7,352,9
2417,075010,1126,7,352,9
2418,075000,1126,7,352,9
2419,075010,1121,7,352,9
2420,075000,1135,7,352,9
2421,075010,1130,7,352,9
2422,075000,1130,7,352,9
2423,075010,1137,7,352,9
2424,075000,1246,7,352,9
2425,075010,1255,7,352,9
2426,075000,1254,7,352,9
2427,075010,1246,7,352,9
2428,075000,1261,7,352,9
2429,075010,1259,7,352,9
2430,075000,1258,7,352,9
2431,075010,1262,7,352,9
2432,075000,1245,7,352,9
2433,075010,1255,7,352,9
2434,075000,1254,7,352,9
2435,075010,1246,7,352,9
2436,075000,1261,7,352,9
2437,075010,1259,7,352,9
2438,075000,1258,7,352,9
2439,075010,1262,7,352,9
2440,075000,1245,7,352,9
2441,075010,1255,7,352,9
2442,075000,1254,7,352,9
2443,075010,1246,7,352,9
2444,075000,1261,7,352,9
2445,075010,1259,7,352,9
2446,075000,1258,7,352,9
2447,075010,1262,7,352,9
2448,075000,1113,7,352,9
2449,075010,1123,7,352,9
2450,075000,1122,7,352,9
2451,075010,1114,7,352,9
2452,075000,1129,7,352,9
2453,075010,1127,7,352,9
2454,075000,1126,7,352,9
2455,075010,1130,7,352,9
2456,075000,1113,7,352,9
2457,075010,1123,7,352,9
2458,075000,1122,7,352,9
2459,075010,1114,7,352,9
2460,075000,1129,7,352,9
2461,075010,1127,7,352,9
2462,075000,1126,7,352,9
2463,075010,1130,7,352,9
2464,075000,1114,7,352,9
2465,075010,1254,7,352,9
2466,075000,1254,7,352,9
2467,075010,1117,7,352,9
2468,075000,1262,7,352,9
2469,075010,1127,7,352,9
2470,075000,1126,7,352,9
2471,075010,1262,7,352,9
2472,075000,1118,7,352,9
2473,075010,1126,7,352,9
2474,075000,1126,7,352,9
2475,075010,1121,7,352,9
2476,075000,1135,7,352,9
2477,075010,1130,7,352,9
2478,075000,1130,7,352,9
2479,075010,1137,7,352,9
2480,075000,1119,7,352,9
2481,075010,1126,7,352,9
2482,075000,1126,7,352,9
2483,075010,1121,7,352,9
2484,075000,1135,7,352,9
2485,075010,1130,7,352,9
2486,075000,1130,7,352,9
2487,075010,1137,7,352,9
2488,075000,1119,7,352,9
2489,075010,1126,7,352,9
2490,075000,1126,7,352,9
2491,075010,1121,7,352,9
2492,075000,1135,7,352,9
2493,075010,1130,7,352,9
2494,075000,1130,7,352,9
2495,075010,1137,7,352,9
2496,075000,1246,7,352,9
2497,075010,1247,7,352,9
2498,075000,1246,7,352,9
2499,075010,1246,7,352,9
2500,075000,1254,7,352,9
2501,075010,1258,7,352,9
2502,075000,1258,7,352,9
2503,075010,1257,7,352,9
2504,075000,1246,7,352,9
2505,075010,1255,7,352,9
2506,075000,1254,7,352,9
2507,075010,1246,7,352,9
2508,075000,1262,7,352,9
2509,075010,1258,7,352,9
2510,075000,1258,7,352,9
2511,075010,1265,7,352,9
2512,075000,1246,7,352,9
2513,075010,1255,7,352,9
2514,075000,1254,7,352,9
2515,075010,1246,7,352,9
2516,075000,1261,7,352,9
2517,075010,1259,7,352,9
2518,075000,1258,7,352,9
2519,075010,1262,7,352,9
2520,075000,1114,7,352,9
2521,075010,1114,7,352,9
2522,075000,1114,7,352,9
2523,075010,1117,7,352,9
2524,075000,1123,7,352,9
2525,075010,1126,7,352,9
2526,075000,1126,7,352,9
2527,075010,1125,7,352,9
2528,075000,1115,7,352,9
2529,075010,1114,7,352,9
2530,075000,1114,7,352,9
2531,075010,1117,7,352,9
2532,075000,1123,7,352,9
2533,075010,1126,7,352,9
2534,075000,1126,7,352,9
2535,075010,1125,7,352,9
2536,075000,1115,7,352,9
2537,075010,1122,7,352,9
2538,075000,1122,7,352,9
2539,075010,1117,7,352,9
2540,075000,1130,7,352,9
2541,075010,1127,7,352,9
2542,075000,1126,7,352,9
2543,075010,1130,7,352,9
2544,075000,1121,7,352,9
2545,075010,1123,7,352,9
2546,075000,1122,7,352,9
2547,075010,1122,7,352,9
2548,075000,1129,7,352,9
2549,075010,1135,7,352,9
2550,075000,1134,7,352,9
2551,075010,1130,7,352,9
2552,075000,1121,7,352,9
2553,075010,1123,7,352,9
2554,075000,1122,7,352,9
2555,075010,1122,7,352,9
2556,075000,1129,7,352,9
2557,075010,1135,7,352,9
2558,075000,1134,7,352,9
2559,075010,1130,7,352,9
2560,075000,1121,7,352,9
2561,075010,1123,7,352,9
2562,075000,1122,7,352,9
2563,075010,1122,7,352,9
2564,075000,1129,7,352,9
2565,075010,1135,7,352,9
2566,075000,1134,7,352,9
2567,075010,1130,7,352,9
2568,075000,1246,7,352,9
2569,075010,1246,7,352,9
2570,075000,1246,7,352,9
2571,075010,1249,7,352,9
2572,075000,1255,7,352,9
2573,075010,1258,7,352,9
2574,075000,1258,7,352,9
2575,075010,1257,7,352,9
2576,075000,1247,7,352,9
2577,075010,1246,7,352,9
2578,075000,1246,7,352,9
2579,075010,1249,7,352,9
2580,075000,1255,7,352,9
2581,075010,1258,7,352,9
2582,075000,1258,7,352,9
2583,075010,1257,7,352,9
2584,075000,1247,7,352,9
2585,075010,1246,7,352,9
2586,075000,1246,7,352,9
2587,075010,1249,7,352,9
2588,075000,1255,7,352,9
2589,075010,1258,7,352,9
2590,075000,1258,7,352,9
2591,075010,1257,7,352,9
2592,075000,1114,7,352,9
2593,075010,1123,7,352,9
2594,075000,1122,7,352,9
2595,075010,1114,7,352,9
2596,075000,1129,7,352,9
2597,075010,1127,7,352,9
2598,075000,1126,7,352,9
2599,075010,1130,7,352,9
2600,075000,1113,7,352,9
2601,075010,1127,7,352,9
2602,075000,1126,7,352,9
2603,075010,1114,7,352,9
2604,075000,1134,7,352,9
2605,075010,1126,7,352,9
2606,075000,1126,7,352,9
2607,075010,1137,7,352,9
2608,075000,1115,7,352,9
2609,075010,1258,7,352,9
2610,075000,1258,7,352,9
2611,075010,1117,7,352,9
2612,075000,1267,7,352,9
2613,075010,1126,7,352,9
2614,075000,1126,7,352,9
2615,075010,1269,7,352,9
2616,075000,1119,7,352,9
2617,075010,1126,7,352,9
2618,075000,1126,7,352,9
2619,075010,1121,7,352,9
2620,075000,1135,7,352,9
2621,075010,1130,7,352,9
2622,075000,1130,7,352,9
2623,075010,1137,7,352,9
2624,075000,1119,7,352,9
2625,075010,1126,7,352,9
2626,075000,1126,7,352,9
2627,075010,1121,7,352,9
2628,075000,1135,7,352,9
2629,075010,1130,7,352,9
2630,075000,1130,7,352,9
2631,075010,1137,7,352,9
2632,075000,1119,7,352,9
2633,075010,1126,7,352,9
2634,075000,1126,7,352,9
2635,075010,1121,7,352,9
2636,075000,1135,7,352,9
2637,075010,1130,7,352,9
2638,075000,1130,7,352,9
2639,075010,1137,7,352,9
2640,075000,1246,7,352,9
2641,075010,1255,7,352,9
2642,075000,1254,7,352,9
2643,075010,1246,7,352,9
2644,075000,1261,7,352,9
2645,075010,1259,7,352,9
2646,075000,1258,7,352,9
2647,075010,1262,7,352,9
2648,075000,1245,7,352,9
2649,075010,1255,7,352,9
2650,075000,1254,7,352,9
2651,075010,1246,7,352,9
2652,075000,1261,7,352,9
2653,075010,1259,7,352,9
2654,075000,1258,7,352,9
2655,075010,1262,7,352,9
2656,075000,1245,7,352,9
2657,075010,1255,7,352,9
2658,075000,1254,7,352,9
2659,075010,1246,7,352,9
2660,075000,1261,7,352,9
2661,075010,1259,7,352,9
2662,075000,1258,7,352,9
2663,075010,1262,7,352,9
2664,075000,1250,7,352,9
2665,075010,1258,7,352,9
2666,075000,1258,7,352,9
2667,075010,1253,7,352,9
2668,075000,1267,7,352,9
2669,075010,1262,7,352,9
2670,075000,1262,7,352,9
2671,075010,1269,7,352,9
2672,075000,1251,7,352,9
2673,075010,1258,7,352,9
2674,075000,1258,7,352,9
2675,075010,1253,7,352,9
2676,075000,1267,7,352,9
2677,075010,1262,7,352,9
2678,075000,1262,7,352,9
2679,075010,1269,7,352,9
2680,075000,1251,7,352,9
2681,075010,1258,7,352,9
2682,075000,1258,7,352,9
2683,075010,1253,7,352,9
2684,075000,1267,7,352,9
2685,075010,1262,7,352,9
2686,075000,1262,7,352,9
2687,075010,1269,7,352,9
2688,075000,1114,7,352,9
2689,075010,1123,7,352,9
2690,075000,1122,7,352,9
2691,075010,1114,7,352,9
2692,075000,1129,7,352,9
2693,075010,1127,7,352,9
2694,075000,1126,7,352,9
2695,075010,1130,7,352,9
2696,075000,1113,7,352,9
2697,075010,1123,7,352,9
2698,075000,1122,7,352,9
2699,075010,1114,7,352,9
2700,075000,1129,7,352,9
2701,075010,1127,7,352,9
2702,075000,1126,7,352,9
2703,075010,1130,7,352,9
2704,075000,1114,7,352,9
2705,075010,1254,7,352,9
2706,075000,1254,7,352,9
2707,075010,1117,7,352,9
2708,075000,1262,7,352,9
2709,075010,1127,7,352,9
2710,075000,1126,7,352,9
2711,075010,1262,7,352,9
2712,075000,1118,7,352,9
2713,075010,1126,7,352,9
2714,075000,1126,7,352,9
2715,075010,1121,7,352,9
2716,075000,1135,7,352,9
2717,075010,1130,7,352,9
2718,075000,1130,7,352,9
2719,075010,1137,7,352,9
2720,075000,1119,7,352,9
2721,075010,1126,7,352,9
2722,075000,1126,7,352,9
2723,075010,1121,7,352,9
2724,075000,1135,7,352,9
2725,075010,1130,7,352,9
2726,075000,1130,7,352,9
2727,075010,1137,7,352,9
2728,075000,1119,7,352,9
2729,075010,1126,7,352,9
2730,075000,1126,7,352,9
2731,075010,1121,7,352,9
2732,075000,1135,7,352,9
2733,075010,1130,7,352,9
2734,075000,1130,7,352,9
2735,075010,1137,7,352,9
2736,075000,1246,7,352,9
2737,075010,1247,7,352,9
2738,075000,1246,7,352,9
2739,075010,1246,7,352,9
2740,075000,1254,7,352,9
2741,075010,1258,7,352,9
2742,075000,1258,7,352,9
2743,075010,1257,7,352,9
2744,075000,1246,7,352,9
2745,075010,1255,7,352,9
2746,075000,1254,7,352,9
2747,075010,1246,7,352,9
2748,075000,1262,7,352,9
2749,075010,1258,7,352,9
2750,075000,1258,7,352,9
2751,075010,1265,7,352,9
2752,075000,1246,7,352,9
2753,075010,1255,7,352,9
2754,075000,1254,7,352,9
2755,075010,1246,7,352,9
2756,075000,1261,7,352,9
2757,075010,1259,7,352,9
2758,075000,1258,7,352,9
2759,075010,1262,7,352,9
2760,075000,1250,7,352,9
2761,075010,1254,7,352,9
2762,075000,1254,7,352,9
2763,075010,1253,7,352,9
2764,075000,1262,7,352,9
2765,075010,1263,7,352,9
2766,075000,1262,7,352,9
2767,075010,1262,7,352,9
2768,075000,1250,7,352,9
2769,075010,1254,7,352,9
2770,075000,1254,7,352,9
2771,075010,1253,7,352,9
2772,075000,1262,7,352,9
2773,075010,1263,7,352,9
2774,075000,1262,7,352,9
2775,075010,1262,7,352,9
2776,075000,1250,7,352,9
2777,075010,1254,7,352,9
2778,075000,1254,7,352,9
2779,075010,1253,7,352,9
2780,075000,1262,7,352,9
2781,075010,1263,7,352,9
2782,075000,1262,7,352,9
2783,075010,1262,7,352,9
2784,075000,1114,7,352,9
2785,075010,1114,7,352,9
2786,075000,1114,7,352,9
2787,075010,1117,7,352,9
2788,075000,1123,7,352,9
2789,075010,1126,7,352,9
2790,075000,1126,7,352,9
2791,075010,1125,7,352,9
2792,075000,1115,7,352,9
2793,075010,1114,7,352,9
2794,075000,1114,7,352,9
2795,075010,1117,7,352,9
2796,075000,1123,7,352,9
2797,075010,1126,7,352,9
2798,075000,1126,7,352,9
2799,075010,1125,7,352,9
2800,075000,1115,7,352,9
2801,075010,1122,7,352,9
2802,075000,1122,7,352,9
2803,075010,1117,7,352,9
2804,075000,1130,7,352,9
2805,075010,1127,7,352,9
2806,075000,1126,7,352,9
2807,075010,1130,7,352,9
2808,075000,1121,7,352,9
2809,075010,1123,7,352,9
2810,075000,1122,7,352,9
2811,075010,1122,7,352,9
2812,075000,1129,7,352,9
2813,075010,1135,7,352,9
2814,075000,1134,7,352,9
2815,075010,1130,7,352,9
2816,075000,1121,7,352,9
2817,075010,1123,7,352,9
2818,075000,1122,7,352,9
2819,075010,1122,7,352,9
2820,075000,1129,7,352,9
2821,075010,1135,7,352,9
2822,075000,1134,7,352,9
2823,075010,1130,7,352,9
2824,075000,1121,7,352,9
2825,075010,1123,7,352,9
2826,075000,1122,7,352,9
2827,075010,1122,7,352,9
2828,075000,1129,7,352,9
2829,075010,1135,7,352,9
2830,075000,1134,7,352,9
2831,075010,1130,7,352,9
2832,075000,1246,7,352,9
2833,075010,1246,7,352,9
2834,075000,1246,7,352,9
2835,075010,1249,7,352,9
2836,075000,1255,7,352,9
2837,075010,1258,7,352,9
2838,075000,1258,7,352,9
2839,075010,1257,7,352,9
2840,075000,1247,7,352,9
2841,075010,1246,7,352,9
2842,075000,1246,7,352,9
2843,075010,1249,7,352,9
2844,075000,1255,7,352,9
2845,075010,1258,7,352,9
2846,075000,1258,7,352,9
2847,075010,1257,7,352,9
2848,075000,1247,7,352,9
2849,075010,1246,7,352,9
2850,075000,1246,7,352,9
2851,075010,1249,7,352,9
2852,075000,1255,7,352,9
2853,075010,1258,7,352,9
2854,075000,1258,7,352,9
2855,075010,1257,7,352,9
2856,075000,1254,7,352,9
2857,075010,1255,7,352,9
2858,075000,1254,7,352,9
2859,075010,1254,7,352,9
2860,075000,1261,7,352,9
2861,075010,1267,7,352,9
2862,075000,1266,7,352,9
2863,075010,1262,7,352,9
2864,075000,1253,7,352,9
2865,075010,1255,7,352,9
2866,075000,1254,7,352,9
2867,075010,1254,7,352,9
2868,075000,1261,7,352,9
2869,075010,1267,7,352,9
2870,075000,1266,7,352,9
2871,075010,1262,7,352,9
2872,075000,1253,7,352,9
2873,075010,1255,7,352,9
2874,075000,1254,7,352,9
2875,075010,1254,7,352,9
2876,075000,1261,7,352,9
2877,075010,1267,7,352,9
2878,075000,1266,7,352,9
2879,075010,1262,7,352,9
2880,075000,1113,7,352,9
2881,075010,1123,7,352,9
2882,075000,1122,7,352,9
2883,075010,1114,7,352,9
2884,075000,1129,7,352,9
2885,075010,1127,7,352,9
2886,075000,1126,7,352,9
2887,075010,1130,7,352,9
2888,075000,1113,7,352,9
2889,075010,1127,7,352,9
2890,075000,1126,7,352,9
2891,075010,1114,7,352,9
2892,075000,1134,7,352,9
2893,075010,1126,7,352,9
2894,075000,1126,7,352,9
2895,075010,1137,7,352,9
2896,075000,1115,7,352,9
2897,075010,1258,7,352,9
2898,075000,1258,7,352,9
2899,075010,1117,7,352,9
2900,075000,1267,7,352,9
2901,075010,1126,7,352,9
2902,075000,1126,7,352,9
2903,075010,1269,7,352,9
2904,075000,1119,7,352,9
2905,075010,1126,7,352,9
2906,075000,1126,7,352,9
2907,075010,1121,7,352,9
2908,075000,1135,7,352,9
2909,075010,1130,7,352,9
2910,075000,1130,7,352,9
2911,075010,1137,7,352,9
2912,075000,1119,7,352,9
2913,075010,1126,7,352,9
2914,075000,1126,7,352,9
2915,075010,1121,7,352,9
2916,075000,1135,7,352,9
2917,075010,1130,7,352,9
2918,075000,1130,7,352,9
2919,075010,1137,7,352,9
2920,075000,1119,7,352,9
2921,075010,1126,7,352,9
2922,075000,1126,7,352,9
2923,075010,1121,7,352,9
2924,075000,1135,7,352,9
2925,075010,1130,7,352,9
2926,075000,1130,7,352,9
2927,075010,1137,7,352,9
2928,075000,1246,7,352,9
2929,075010,1255,7,352,9
2930,075000,1254,7,352,9
2931,075010,1246,7,352,9
2932,075000,1261,7,352,9
2933,075010,1259,7,352,9
2934,075000,1258,7,352,9
2935,075010,1262,7,352,9
2936,075000,1245,7,352,9
2937,075010,1255,7,352,9
2938,075000,1254,7,352,9
2939,075010,1246,7,352,9
2940,075000,1261,7,352,9
2941,075010,1259,7,352,9
2942,075000,1258,7,352,9
2943,075010,1262,7,352,9
2944,075000,1245,7,352,9
2945,075010,1255,7,352,9
2946,075000,1254,7,352,9
2947,075010,1246,7,352,9
2948,075000,1261,7,352,9
2949,075010,1259,7,352,9
2950,075000,1258,7,352,9
2951,075010,1262,7,352,9
2952,075000,1250,7,352,9
2953,075010,1258,7,352,9
2954,075000,1258,7,352,9
2955,075010,1253,7,352,9
2956,075000,1267,7,352,9
2957,075010,1262,7,352,9
2958,075000,1262,7,352,9
2959,075010,1269,7,352,9
2960,075000,1251,7,352,9
2961,075010,1258,7,352,9
2962,075000,1258,7,352,9
2963,075010,1253,7,352,9
2964,075000,1267,7,352,9
2965,075010,1262,7,352,9
2966,075000,1262,7,352,9
2967,075010,1269,7,352,9
2968,075000,1251,7,352,9
2969,075010,1258,7,352,9
2970,075000,1258,7,352,9
2971,075010,1253,7,352,9
2972,075000,1267,7,352,9
2973,075010,1262,7,352,9
2974,075000,1262,7,352,9
2975,075010,1269,7,352,9
2976,075000,1258,7,352,9
2977,075010,1267,7,352,9
2978,075000,1266,7,352,9
2979,075010,1258,7,352,9
2980,075000,1274,7,352,9
2981,075010,1270,7,352,9
2982,075000,1270,7,352,9
2983,075010,1277,7,352,9
2984,075000,1258,7,352,9
2985,075010,1267,7,352,9
2986,075000,1266,7,352,9
2987,075010,1258,7,352,9
2988,075000,1273,7,352,9
2989,075010,1271,7,352,9
2990,075000,1270,7,352,9
2991,075010,1274,7,352,9
2992,075000,1257,7,352,9
2993,075010,1267,7,352,9
2994,075000,1266,7,352,9
2995,075010,1258,7,352,9
2996,075000,1273,7,352,9
2997,075010,1271,7,352,9
2998,075000,1270,7,352,9
2999,075010,1274,7,352,9
3000,075000,1281,7,352,9
3001,075010,1291,7,352,9
3002,075000,1290,7,352,9
3003,075010,1282,7,352,9
3004,075000,1298,7,352,9
3005,075010,1294,7,352,9
3006,075000,1294,7,352,9
3007,075010,1301,7,352,9
3008,075000,1282,7,352,9
3009,075010,1291,7,352,9
3010,075000,1290,7,352,9
3011,075010,1282,7,352,9
3012,075000,1298,7,352,9
3013,075010,1294,7,352,9
3014,075000,1294,7,352,9
3015,075010,1301,7,352,9
3016,075000,1282,7,352,9
3017,075010,1291,7,352,9
3018,075000,1290,7,352,9
3019,075010,1282,7,352,9
3020,075000,1298,7,352,9
3021,075010,1294,7,352,9
3022,075000,1294,7,352,9
3023,075010,1301,7,352,9
3024,075000,1287,7,352,9
3025,075010,1298,7,352,9
3026,075000,1298,7,352,9
3027,075010,1289,7,352,9
3028,075000,1306,7,352,9
3029,075010,1299,7,352,9
3030,075000,1298,7,352,9
3031,075010,1306,7,352,9
3032,075000,1286,7,352,9
3033,075010,1298,7,352,9
3034,075000,1298,7,352,9
3035,075010,1289,7,352,9
3036,075000,1306,7,352,9
3037,075010,1299,7,352,9
3038,075000,1298,7,352,9
3039,075010,1306,7,352,9
3040,075000,1286,7,352,9
3041,075010,1298,7,352,9
3042,075000,1298,7,352,9
3043,075010,1289,7,352,9
3044,075000,1306,7,352,9
3045,075010,1299,7,352,9
3046,075000,1298,7,352,9
3047,075010,1306,7,352,9
3048,075000,1102,7,352,9
3049,075010,1106,7,352,9
3050,075000,1106,7,352,9
3051,075010,1106,7,352,9
3052,075000,1114,7,352,9
3053,075010,1117,7,352,9
3054,075000,1118,7,352,9
3055,075010,1115,7,352,9
3056,075000,1102,7,352,9
3057,075010,1106,7,352,9
3058,075000,1106,7,352,9
3059,075010,1106,7,352,9
3060,075000,1114,7,352,9
3061,075010,1117,7,352,9
3062,075000,1118,7,352,9
3063,075010,1115,7,352,9
3064,075000,1102,7,352,9
3065,075010,1106,7,352,9
3066,075000,1106,7,352,9
3067,075010,1106,7,352,9
3068,075000,1114,7,352,9
3069,075010,1117,7,352,9
3070,075000,1118,7,352,9
3071,075010,1115,7,352,9
3072,075000,1102,7,352,9
3073,075010,1106,7,352,9
3074,075000,1106,7,352,9
3075,075010,1106,7,352,9
3076,075000,1114,7,352,9
3077,075010,1117,7,352,9
3078,075000,1118,7,352,9
3079,075010,1115,7,352,9
3080,075000,1102,7,352,9
3081,075010,1106,7,352,9
3082,075000,1106,7,352,9
3083,075010,1106,7,352,9
3084,075000,1114,7,352,9
3085,075010,1117,7,352,9
3086,075000,1118,7,352,9
3087,075010,1115,7,352,9
3088,075000,1102,7,352,9
3089,075010,1106,7,352,9
3090,075000,1106,7,352,9
3091,075010,1106,7,352,9
3092,075000,1114,7,352,9
3093,075010,1117,7,352,9
3094,075000,1118,7,352,9
3095,075010,1115,7,352,9
3096,075000,1113,7,352,9
3097,075010,1123,7,352,9
3098,075000,1122,7,352,9
3099,075010,1114,7,352,9
3100,075000,1129,7,352,9
3101,075010,1127,7,352,9
3102,075000,1126,7,352,9
3103,075010,1130,7,352,9
3104,075000,1113,7,352,9
3105,075010,1123,7,352,9
3106,075000,1122,7,352,9
3107,075010,1114,7,352,9
3108,075000,1129,7,352,9
3109,075010,1127,7,352,9
3110,075000,1126,7,352,9
3111,075010,1130,7,352,9
3112,075000,1114,7,352,9
3113,075010,1254,7,352,9
3114,075000,1254,7,352,9
3115,075010,1117,7,352,9
3116,075000,1262,7,352,9
3117,075010,1127,7,352,9
3118,075000,1126,7,352,9
3119,075010,1262,7,352,9
3120,075000,1118,7,352,9
3121,075010,1126,7,352,9
3122,075000,1126,7,352,9
3123,075010,1121,7,352,9
3124,075000,1135,7,352,9
3125,075010,1130,7,352,9
3126,075000,1130,7,352,9
3127,075010,1137,7,352,9
3128,075000,1119,7,352,9
3129,075010,1126,7,352,9
3130,075000,1126,7,352,9
3131,075010,1121,7,352,9
3132,075000,1135,7,352,9
3133,075010,1130,7,352,9
3134,075000,1130,7,352,9
3135,075010,1137,7,352,9
3136,075000,1119,7,352,9
3137,075010,1126,7,352,9
3138,075000,1126,7,352,9
3139,075010,1121,7,352,9
3140,075000,1135,7,352,9
3141,075010,1130,7,352,9
3142,075000,1130,7,352,9
3143,075010,1137,7,352,9
3144,075000,1246,7,352,9
3145,075010,1247,7,352,9
3146,075000,1246,7,352,9
3147,075010,1246,7,352,9
3148,075000,1254,7,352,9
3149,075010,1258,7,352,9
3150,075000,1258,7,352,9
3151,075010,1257,7,352,9
3152,075000,1246,7,352,9
3153,075010,1255,7,352,9
3154,075000,1254,7,352,9
3155,075010,1246,7,352,9
3156,075000,1262,7,352,9
3157,075010,1258,7,352,9
3158,075000,1258,7,352,9
3159,075010,1265,7,352,9
3160,075000,1246,7,352,9
3161,075010,1255,7,352,9
3162,075000,1254,7,352,9
3163,075010,1246,7,352,9
3164,075000,1261,7,352,9
3165,075010,1259,7,352,9
3166,075000,1258,7,352,9
3167,075010,1262,7,352,9
3168,075000,1250,7,352,9
3169,075010,1254,7,352,9
3170,075000,1254,7,352,9
3171,075010,1253,7,352,9
3172,075000,1262,7,352,9
3173,075010,1263,7,352,9
3174,075000,1262,7,352,9
3175,075010,1262,7,352,9
3176,075000,1250,7,352,9
3177,075010,1254,7,352,9
3178,075000,1254,7,352,9
3179,075010,1253,7,352,9
3180,075000,1262,7,352,9
3181,075010,1263,7,352,9
3182,075000,1262,7,352,9
3183,075010,1262,7,352,9
3184,075000,1250,7,352,9
3185,075010,1254,7,352,9
3186,075000,1254,7,352,9
3187,075010,1253,7,352,9
3188,075000,1262,7,352,9
3189,075010,1263,7,352,9
3190,075000,1262,7,352,9
3191,075010,1262,7,352,9
3192,075000,1257,7,352,9
3193,075010,1259,7,352,9
3194,075000,1258,7,352,9
3195,075010,1258,7,352,9
3196,075000,1266,7,352,9
3197,075010,1270,7,352,9
3198,075000,1270,7,352,9
3199,075010,1269,7,352,9
3200,075000,1258,7,352,9
3201,075010,1259,7,352,9
3202,075000,1258,7,352,9
3203,075010,1258,7,352,9
3204,075000,1266,7,352,9
3205,075010,1270,7,352,9
3206,075000,1270,7,352,9
3207,075010,1269,7,352,9
3208,075000,1258,7,352,9
3209,075010,1259,7,352,9
3210,075000,1258,7,352,9
3211,075010,1258,7,352,9
3212,075000,1266,7,352,9
3213,075010,1270,7,352,9
3214,075000,1270,7,352,9
3215,075010,1269,7,352,9
3216,075000,1282,7,352,9
3217,075010,1283,7,352,9
3218,075000,1282,7,352,9
3219,075010,1282,7,352,9
3220,075000,1290,7,352,9
3221,075010,1294,7,352,9
3222,075000,1294,7,352,9
3223,075010,1293,7,352,9
3224,075000,1282,7,352,9
3225,075010,1283,7,352,9
3226,075000,1282,7,352,9
3227,075010,1282,7,352,9
3228,075000,1290,7,352,9
3229,075010,1294,7,352,9
3230,075000,1294,7,352,9
3231,075010,1293,7,352,9
3232,075000,1282,7,352,9
3233,075010,1283,7,352,9
3234,075000,1282,7,352,9
3235,075010,1282,7,352,9
3236,075000,1290,7,352,9
3237,075010,1294,7,352,9
3238,075000,1294,7,352,9
3239,075010,1293,7,352,9
3240,075000,1287,7,352,9
3241,075010,1290,7,352,9
3242,075000,1290,7,352,9
3243,075010,1289,7,352,9
3244,075000,1298,7,352,9
3245,075010,1299,7,352,9
3246,075000,1298,7,352,9
3247,075010,1298,7,352,9
3248,075000,1286,7,352,9
3249,075010,1290,7,352,9
3250,075000,1290,7,352,9
3251,075010,1289,7,352,9
3252,075000,1298,7,352,9
3253,075010,1299,7,352,9
3254,075000,1298,7,352,9
3255,075010,1298,7,352,9
3256,075000,1286,7,352,9
3257,075010,1290,7,352,9
3258,075000,1290,7,352,9
3259,075010,1289,7,352,9
3260,075000,1298,7,352,9
3261,075010,1299,7,352,9
3262,075000,1298,7,352,9
3263,075010,1298,7,352,9
3264,075000,1102,7,352,9
3265,075010,1106,7,352,9
3266,075000,1106,7,352,9
3267,075010,1106,7,352,9
3268,075000,1114,7,352,9
3269,075010,1117,7,352,9
3270,075000,1118,7,352,9
3271,075010,1115,7,352,9
3272,075000,1102,7,352,9
3273,075010,1106,7,352,9
3274,075000,1106,7,352,9
3275,075010,1106,7,352,9
3276,075000,1114,7,352,9
3277,075010,1117,7,352,9
3278,075000,1118,7,352,9
3279,075010,1115,7,352,9
3280,075000,1102,7,352,9
3281,075010,1106,7,352,9
3282,075000,1106,7,352,9
3283,075010,1106,7,352,9
3284,075000,1114,7,352,9
3285,075010,1117,7,352,9
3286,075000,1118,7,352,9
3287,075010,1115,7,352,9
3288,075000,1102,7,352,9
3289,075010,1106,7,352,9
3290,075000,1106,7,352,9
3291,075010,1106,7,352,9
3292,075000,1114,7,352,9
3293,075010,1117,7,352,9
3294,075000,1118,7,352,9
3295,075010,1115,7,352,9
3296,075000,1102,7,352,9
3297,075010,1106,7,352,9
3298,075000,1106,7,352,9
3299,075010,1106,7,352,9
3300,075000,1114,7,352,9
3301,075010,1117,7,352,9
3302,075000,1118,7,352,9
3303,075010,1115,7,352,9
3304,075000,1102,7,352,9
3305,075010,1106,7,352,9
3306,075000,1106,7,352,9
3307,075010,1106,7,352,9
3308,075000,1114,7,352,9
3309,075010,1117,7,352,9
3310,075000,1118,7,352,9
3311,075010,1115,7,352,9
3312,075000,1114,7,352,9
3313,075010,1114,7,352,9
3314,075000,1114,7,352,9
3315,075010,1117,7,352,9
3316,075000,1123,7,352,9
3317,075010,1126,7,352,9
3318,075000,1126,7,352,9
3319,075010,1125,7,352,9
3320,075000,1115,7,352,9
3321,075010,1114,7,352,9
3322,075000,1114,7,352,9
3323,075010,1117,7,352,9
3324,075000,1123,7,352,9
3325,075010,1126,7,352,9
3326,075000,1126,7,352,9
3327,075010,1125,7,352,9
3328,075000,1115,7,352,9
3329,075010,1122,7,352,9
3330,075000,1122,7,352,9
3331,075010,1117,7,352,9
3332,075000,1130,7,352,9
3333,075010,1127,7,352,9
3334,075000,1126,7,352,9
3335,075010,1130,7,352,9
3336,075000,1121,7,352,9
3337,075010,1123,7,352,9
3338,075000,1122,7,352,9
3339,075010,1122,7,352,9
3340,075000,1129,7,352,9
3341,075010,1135,7,352,9
3342,075000,1134,7,352,9
3343,075010,1130,7,352,9
3344,075000,1121,7,352,9
3345,075010,1123,7,352,9
3346,075000,1122,7,352,9
3347,075010,1122,7,352,9
3348,075000,1129,7,352,9
3349,075010,1135,7,352,9
3350,075000,1134,7,352,9
3351,075010,1130,7,352,9
3352,075000,1121,7,352,9
3353,075010,1123,7,352,9
3354,075000,1122,7,352,9
3355,075010,1122,7,352,9
3356,075000,1129,7,352,9
3357,075010,1135,7,352,9
3358,075000,1134,7,352,9
3359,075010,1130,7,352,9
3360,075000,1246,7,352,9
3361,075010,1246,7,352,9
3362,075000,1246,7,352,9
3363,075010,1249,7,352,9
3364,075000,1255,7,352,9
3365,075010,1258,7,352,9
3366,075000,1258,7,352,9
3367,075010,1257,7,352,9
3368,075000,1247,7,352,9
3369,075010,1246,7,352,9
3370,075000,1246,7,352,9
3371,075010,1249,7,352,9
3372,075000,1255,7,352,9
3373,075010,1258,7,352,9
3374,075000,1258,7,352,9
3375,075010,1257,7,352,9
3376,075000,1247,7,352,9
3377,075010,1246,7,352,9
3378,075000,1246,7,352,9
3379,075010,1249,7,352,9
3380,075000,1255,7,352,9
3381,075010,1258,7,352,9
3382,075000,1258,7,352,9
3383,075010,1257,7,352,9
3384,075000,1254,7,352,9
3385,075010,1255,7,352,9
3386,075000,1254,7,352,9
3387,075010,1254,7,352,9
3388,075000,1261,7,352,9
3389,075010,1267,7,352,9
3390,075000,1266,7,352,9
3391,075010,1262,7,352,9
3392,075000,1253,7,352,9
3393,075010,1255,7,352,9
3394,075000,1254,7,352,9
3395,075010,1254,7,352,9
3396,075000,1261,7,352,9
3397,075010,1267,7,352,9
3398,075000,1266,7,352,9
3399,075010,1262,7,352,9
3400,075000,1253,7,352,9
3401,075010,1255,7,352,9
3402,075000,1254,7,352,9
3403,075010,1254,7,352,9
3404,075000,1261,7,352,9
3405,075010,1267,7,352,9
3406,075000,1266,7,352,9
3407,075010,1262,7,352,9
3408,075000,1257,7,352,9
3409,075010,1259,7,352,9
3410,075000,1258,7,352,9
3411,075010,1258,7,352,9
3412,075000,1266,7,352,9
3413,075010,1270,7,352,9
3414,075000,1270,7,352,9
3415,075010,1269,7,352,9
3416,075000,1258,7,352,9
3417,075010,1259,7,352,9
3418,075000,1258,7,352,9
3419,075010,1258,7,352,9
3420,075000,1266,7,352,9
3421,075010,1270,7,352,9
3422,075000,1270,7,352,9
3423,075010,1269,7,352,9
3424,075000,1258,7,352,9
3425,075010,1259,7,352,9
3426,075000,1258,7,352,9
3427,075010,1258,7,352,9
3428,075000,1266,7,352,9
3429,075010,1270,7,352,9
3430,075000,1270,7,352,9
3431,075010,1269,7,352,9
3432,075000,1282,7,352,9
3433,075010,1283,7,352,9
3434,075000,1282,7,352,9
3435,075010,1282,7,352,9
3436,075000,1290,7,352,9
3437,075010,1294,7,352,9
3438,075000,1294,7,352,9
3439,075010,1293,7,352,9
3440,075000,1282,7,352,9
3441,075010,1283,7,352,9
3442,075000,1282,7,352,9
3443,075010,1282,7,352,9
3444,075000,1290,7,352,9
3445,075010,1294,7,352,9
3446,075000,1294,7,352,9
3447,075010,1293,7,352,9
3448,075000,1282,7,352,9
3449,075010,1283,7,352,9
3450,075000,1282,7,352,9
3451,075010,1282,7,352,9
3452,075000,1290,7,352,9
3453,075010,1294,7,352,9
3454,075000,1294,7,352,9
3455,075010,1293,7,352,9
3456,075000,1287,7,352,9
3457,075010,1290,7,352,9
3458,075000,1290,7,352,9
3459,075010,1289,7,352,9
3460,075000,1298,7,352,9
3461,075010,1299,7,352,9
3462,075000,1298,7,352,9
3463,075010,1298,7,352,9
3464,075000,1286,7,352,9
3465,075010,1290,7,352,9
3466,075000,1290,7,352,9
3467,075010,1289,7,352,9
3468,075000,1298,7,352,9
3469,075010,1299,7,352,9
3470,075000,1298,7,352,9
3471,075010,1298,7,352,9
3472,075000,1286,7,352,9
3473,075010,1290,7,352,9
3474,075000,1290,7,352,9
3475,075010,1289,7,352,9
3476,075000,1298,7,352,9
3477,075010,1299,7,352,9
3478,075000,1298,7,352,9
3479,075010,1298,7,352,9
3480,075000,1102,7,352,9
3481,075010,1106,7,352,9
3482,075000,1106,7,352,9
3483,075010,1106,7,352,9
3484,075000,1114,7,352,9
3485,075010,1117,7,352,9
3486,075000,1118,7,352,9
3487,075010,1115,7,352,9
3488,075000,1102,7,352,9
3489,075010,1106,7,352,9
3490,075000,1106,7,352,9
3491,075010,1106,7,352,9
3492,075000,1114,7,352,9
3493,075010,1117,7,352,9
3494,075000,1118,7,352,9
3495,075010,1115,7,352,9
3496,075000,1102,7,352,9
3497,075010,1106,7,352,9
3498,075000,1106,7,352,9
3499,075010,1106,7,352,9
3500,075000,1114,7,352,9
3501,075010,1117,7,352,9
3502,075000,1118,7,352,9
3503,075010,1115,7,352,9
3504,075000,1102,7,352,9
3505,075010,1106,7,352,9
3506,075000,1106,7,352,9
3507,075010,1106,7,352,9
3508,075000,1114,7,352,9
3509,075010,1117,7,352,9
3510,075000,1118,7,352,9
3511,075010,1115,7,352,9
3512,075000,1102,7,352,9
3513,075010,1106,7,352,9
3514,075000,1106,7,352,9
3515,075010,1106,7,352,9
3516,075000,1114,7,352,9
3517,075010,1117,7,352,9
3518,075000,1118,7,352,9
3519,075010,1115,7,352,9
3520,075000,1102,7,352,9
3521,075010,1106,7,352,9
3522,075000,1106,7,352,9
3523,075010,1106,7,352,9
3524,075000,1114,7,352,9
3525,075010,1117,7,352,9
3526,075000,1118,7,352,9
3527,075010,1115,7,352,9
3528,075000,1113,7,352,9
3529,075010,1123,7,352,9
3530,075000,1122,7,352,9
3531,075010,1114,7,352,9
3532,075000,1129,7,352,9
3533,075010,1127,7,352,9
3534,075000,1126,7,352,9
3535,075010,1130,7,352,9
3536,075000,1113,7,352,9
3537,075010,1127,7,352,9
3538,075000,1126,7,352,9
3539,075010,1114,7,352,9
3540,075000,1134,7,352,9
3541,075010,1126,7,352,9
3542,075000,1126,7,352,9
3543,075010,1137,7,352,9
3544,075000,1115,7,352,9
3545,075010,1258,7,352,9
3546,075000,1258,7,352,9
3547,075010,1117,7,352,9
3548,075000,1267,7,352,9
3549,075010,1126,7,352,9
3550,075000,1126,7,352,9
3551,075010,1269,7,352,9
3552,075000,1119,7,352,9
3553,075010,1126,7,352,9
3554,075000,1126,7,352,9
3555,075010,1121,7,352,9
3556,075000,1135,7,352,9
3557,075010,1130,7,352,9
3558,075000,1130,7,352,9
3559,075010,1137,7,352,9
3560,075000,1119,7,352,9
3561,075010,1126,7,352,9
3562,075000,1126,7,352,9
3563,075010,1121,7,352,9
3564,075000,1135,7,352,9
3565,075010,1130,7,352,9
3566,075000,1130,7,352,9
3567,075010,1137,7,352,9
3568,075000,1119,7,352,9
3569,075010,1126,7,352,9
3570,075000,1126,7,352,9
3571,075010,1121,7,352,9
3572,075000,1135,7,352,9
3573,075010,1130,7,352,9
3574,075000,1130,7,352,9
3575,075010,1137,7,352,9
3576,075000,1246,7,352,9
3577,075010,1255,7,352,9
3578,075000,1254,7,352,9
3579,075010,1246,7,352,9
3580,075000,1261,7,352,9
3581,075010,1259,7,352,9
3582,075000,1258,7,352,9
3583,075010,1262,7,352,9
3584,075000,1245,7,352,9
3585,075010,1255,7,352,9
3586,075000,1254,7,352,9
3587,075010,1246,7,352,9
3588,075000,1261,7,352,9
3589,075010,1259,7,352,9
3590,075000,1258,7,352,9
3591,075010,1262,7,352,9
3592,075000,1245,7,352,9
3593,075010,1255,7,352,9
3594,075000,1254,7,352,9
3595,075010,1246,7,352,9
3596,075000,1261,7,352,9
3597,075010,1259,7,352,9
3598,075000,1258,7,352,9
3599,075010,1262,7,352,9
3600,075000,1250,7,352,9
3601,075010,1258,7,352,9
3602,075000,1258,7,352,9
3603,075010,1253,7,352,9
3604,075000,1267,7,352,9
3605,075010,1262,7,352,9
3606,075000,1262,7,352,9
3607,075010,1269,7,352,9
3608,075000,1251,7,352,9
3609,075010,1258,7,352,9
3610,075000,1258,7,352,9
3611,075010,1253,7,352,9
3612,075000,1267,7,352,9
3613,075010,1262,7,352,9
3614,075000,1262,7,352,9
3615,075010,1269,7,352,9
3616,075000,1251,7,352,9
3617,075010,1258,7,352,9
3618,075000,1258,7,352,9
3619,075010,1253,7,352,9
3620,075000,1267,7,352,9
3621,075010,1262,7,352,9
3622,075000,1262,7,352,9
3623,075010,1269,7,352,9
3624,075000,1258,7,352,9
3625,075010,1267,7,352,9
3626,075000,1266,7,352,9
3627,075010,1258,7,352,9
3628,075000,1274,7,352,9
3629,075010,1270,7,352,9
3630,075000,1270,7,352,9
3631,075010,1277,7,352,9
3632,075000,1258,7,352,9
3633,075010,1267,7,352,9
3634,075000,1266,7,352,9
3635,075010,1258,7,352,9
3636,075000,1273,7,352,9
3637,075010,1271,7,352,9
3638,075000,1270,7,352,9
3639,075010,1274,7,352,9
3640,075000,1257,7,352,9
3641,075010,1267,7,352,9
3642,075000,1266,7,352,9
3643,075010,1258,7,352,9
3644,075000,1273,7,352,9
3645,075010,1271,7,352,9
3646,075000,1270,7,352,9
3647,075010,1274,7,352,9
3648,075000,1281,7,352,9
3649,075010,1291,7,352,9
3650,075000,1290,7,352,9
3651,075010,1282,7,352,9
3652,075000,1298,7,352,9
3653,075010,1294,7,352,9
3654,075000,1294,7,352,9
3655,075010,1301,7,352,9
3656,075000,1282,7,352,9
3657,075010,1291,7,352,9
3658,075000,1290,7,352,9
3659,075010,1282,7,352,9
3660,075000,1298,7,352,9
3661,075010,1294,7,352,9
3662,075000,1294,7,352,9
3663,075010,1301,7,352,9
3664,075000,1282,7,352,9
3665,075010,1291,7,352,9
3666,075000,1290,7,352,9
3667,075010,1282,7,352,9
3668,075000,1298,7,352,9
3669,075010,1294,7,352,9
3670,075000,1294,7,352,9
3671,075010,1301,7,352,9
3672,075000,1287,7,352,9
3673,075010,1298,7,352,9
3674,075000,1298,7,352,9
3675,075010,1289,7,352,9
3676,075000,1306,7,352,9
3677,075010,1299,7,352,9
3678,075000,1298,7,352,9
3679,075010,1306,7,352,9
3680,075000,1286,7,352,9
3681,075010,1298,7,352,9
3682,075000,1298,7,352,9
3683,075010,1289,7,352,9
3684,075000,1306,7,352,9
3685,075010,1299,7,352,9
3686,075000,1298,7,352,9
3687,075010,1306,7,352,9
3688,075000,1286,7,352,9
3689,075010,1298,7,352,9
3690,075000,1298,7,352,9
3691,075010,1289,7,352,9
3692,075000,1306,7,352,9
3693,075010,1299,7,352,9
3694,075000,1298,7,352,9
3695,075010,1306,7,352,9
3696,075000,1102,7,352,9
3697,075010,1106,7,352,9
3698,075000,1106,7,352,9
3699,075010,1106,7,352,9
3700,075000,1114,7,352,9
3701,075010,1117,7,352,9
3702,075000,1118,7,352,9
3703,075010,1115,7,352,9
3704,075000,1102,7,352,9
3705,075010,1106,7,352,9
3706,075000,1106,7,352,9
3707,075010,1106,7,352,9
3708,075000,1114,7,352,9
3709,075010,1117,7,352,9
3710,075000,1118,7,352,9
3711,075010,1115,7,352,9
3712,075000,1102,7,352,9
3713,075010,1106,7,352,9
3714,075000,1106,7,352,9
3715,075010,1106,7,352,9
3716,075000,1114,7,352,9
3717,075010,1117,7,352,9
3718,075000,1118,7,352,9
3719,075010,1115,7,352,9
3720,075000,1102,7,352,9
3721,075010,1106,7,352,9
3722,075000,1106,7,352,9
3723,075010,1106,7,352,9
3724,075000,1114,7,352,9
3725,075010,1117,7,352,9
3726,075000,1118,7,352,9
3727,075010,1115,7,352,9
3728,075000,1102,7,352,9
3729,075010,1106,7,352,9
3730,075000,1106,7,352,9
3731,075010,1106,7,352,9
3732,075000,1114,7,352,9
3733,075010,1117,7,352,9
3734,075000,1118,7,352,9
3735,075010,1115,7,352,9
3736,075000,1102,7,352,9
3737,075010,1106,7,352,9
3738,075000,1106,7,352,9
3739,075010,1106,7,352,9
3740,075000,1114,7,352,9
3741,075010,1117,7,352,9
3742,075000,1118,7,352,9
3743,075010,1115,7,352,9
3744,075000,1113,7,352,9
3745,075010,1123,7,352,9
3746,075000,1122,7,352,9
3747,075010,1114,7,352,9
3748,075000,1129,7,352,9
3749,075010,1127,7,352,9
3750,075000,1126,7,352,9
3751,075010,1130,7,352,9
3752,075000,1113,7,352,9
3753,075010,1123,7,352,9
3754,075000,1122,7,352,9
3755,075010,1114,7,352,9
3756,075000,1129,7,352,9
3757,075010,1127,7,352,9
3758,075000,1126,7,352,9
3759,075010,1130,7,352,9
3760,075000,1114,7,352,9
3761,075010,1254,7,352,9
3762,075000,1254,7,352,9
3763,075010,1117,7,352,9
3764,075000,1262,7,352,9
3765,075010,1127,7,352,9
3766,075000,1126,7,352,9
3767,075010,1262,7,352,9
3768,075000,1118,7,352,9
3769,075010,1126,7,352,9
3770,075000,1126,7,352,9
3771,075010,1121,7,352,9
3772,075000,1135,7,352,9
3773,075010,1130,7,352,9
3774,075000,1130,7,352,9
3775,075010,1137,7,352,9
3776,075000,1119,7,352,9
3777,075010,1126,7,352,9
3778,075000,1126,7,352,9
3779,075010,1121,7,352,9
3780,075000,1135,7,352,9
3781,075010,1130,7,352,9
3782,075000,1130,7,352,9
3783,075010,1137,7,352,9
3784,075000,1119,7,352,9
3785,075010,1126,7,352,9
3786,075000,1126,7,352,9
3787,075010,1121,7,352,9
3788,075000,1135,7,352,9
3789,075010,1130,7,352,9
3790,075000,1130,7,352,9
3791,075010,1137,7,352,9
3792,075000,1246,7,352,9
3793,075010,1247,7,352,9
3794,075000,1246,7,352,9
3795,075010,1246,7,352,9
3796,075000,1254,7,352,9
3797,075010,1258,7,352,9
3798,075000,1258,7,352,9
3799,075010,1257,7,352,9
3800,075000,1246,7,352,9
3801,075010,1255,7,352,9
3802,075000,1254,7,352,9
3803,075010,1246,7,352,9
3804,075000,1262,7,352,9
3805,075010,1258,7,352,9
3806,075000,1258,7,352,9
3807,075010,1265,7,352,9
3808,075000,1246,7,352,9
3809,075010,1255,7,352,9
3810,075000,1254,7,352,9
3811,075010,1246,7,352,9
3812,075000,1261,7,352,9
3813,075010,1259,7,352,9
3814,075000,1258,7,352,9
3815,075010,1262,7,352,9
3816,075000,1250,7,352,9
3817,075010,1254,7,352,9
3818,075000,1254,7,352,9
3819,075010,1253,7,352,9
3820,075000,1262,7,352,9
3821,075010,1263,7,352,9
3822,075000,1262,7,352,9
3823,075010,1262,7,352,9
3824,075000,1250,7,352,9
3825,075010,1254,7,352,9
3826,075000,1254,7,352,9
3827,075010,1253,7,352,9
3828,075000,1262,7,352,9
3829,075010,1263,7,352,9
3830,075000,1262,7,352,9
3831,075010,1262,7,352,9
3832,075000,1250,7,352,9
3833,075010,1254,7,352,9
3834,075000,1254,7,352,9
3835,075010,1253,7,352,9
3836,075000,1262,7,352,9
3837,075010,1263,7,352,9
3838,075000,1262,7,352,9
3839,075010,1262,7,352,9
3840,075000,1257,7,352,9
3841,075010,1259,7,352,9
3842,075000,1258,7,352,9
3843,075010,1258,7,352,9
3844,075000,1266,7,352,9
3845,075010,1270,7,352,9
3846,075000,1270,7,352,9
3847,075010,1269,7,352,9
3848,075000,1258,7,352,9
3849,075010,1259,7,352,9
3850,075000,1258,7,352,9
3851,075010,1258,7,352,9
3852,075000,1266,7,352,9
3853,075010,1270,7,352,9
3854,075000,1270,7,352,9
3855,075010,1269,7,352,9
3856,075000,1258,7,352,9
3857,075010,1259,7,352,9
3858,075000,1258,7,352,9
3859,075010,1258,7,352,9
3860,075000,1266,7,352,9
3861,075010,1270,7,352,9
3862,075000,1270,7,352,9
3863,075010,1269,7,352,9
3864,075000,1282,7,352,9
3865,075010,1283,7,352,9
3866,075000,1282,7,352,9
3867,075010,1282,7,352,9
3868,075000,1290,7,352,9
3869,075010,1294,7,352,9
3870,075000,1294,7,352,9
3871,075010,1293,7,352,9
3872,075000,1282,7,352,9
3873,075010,1283,7,352,9
3874,075000,1282,7,352,9
3875,075010,1282,7,352,9
3876,075000,1290,7,352,9
3877,075010,1294,7,352,9
3878,075000,1294,7,352,9
3879,075010,1293,7,352,9
3880,075000,1282,7,352,9
3881,075010,1283,7,352,9
3882,075000,1282,7,352,9
3883,075010,1282,7,352,9
3884,075000,1290,7,352,9
3885,075010,1294,7,352,9
3886,075000,1294,7,352,9
3887,075010,1293,7,352,9
3888,075000,1287,7,352,9
3889,075010,1290,7,352,9
3890,075000,1290,7,352,9
3891,075010,1289,7,352,9
3892,075000,1298,7,352,9
3893,075010,1299,7,352,9
3894,075000,1298,7,352,9
3895,075010,1298,7,352,9
3896,075000,1286,7,352,9
3897,075010,1290,7,352,9
3898,075000,1290,7,352,9
3899,075010,1289,7,352,9
3900,075000,1298,7,352,9
3901,075010,1299,7,352,9
3902,075000,1298,7,352,9
3903,075010,1298,7,352,9
3904,075000,1286,7,352,9
3905,075010,1290,7,352,9
3906,075000,1290,7,352,9
3907,075010,1289,7,352,9
3908,075000,1298,7,352,9
3909,075010,1299,7,352,9
3910,075000,1298,7,352,9
3911,075010,1298,7,352,9
3912,075000,1102,7,352,9
3913,075010,1106,7,352,9
3914,075000,1106,7,352,9
3915,075010,1106,7,352,9
3916,075000,1114,7,352,9
3917,075010,1117,7,352,9
3918,075000,1118,7,352,9
3919,075010,1115,7,352,9
3920,075000,1102,7,352,9
3921,075010,1106,7,352,9
3922,075000,1106,7,352,9
3923,075010,1106,7,352,9
3924,075000,1114,7,352,9
3925,075010,1117,7,352,9
3926,075000,1118,7,352,9
3927,075010,1115,7,352,9
3928,075000,1102,7,352,9
3929,075010,1106,7,352,9
3930,075000,1106,7,352,9
3931,075010,1106,7,352,9
3932,075000,1114,7,352,9
3933,075010,1117,7,352,9
3934,075000,1118,7,352,9
3935,075010,1115,7,352,9
3936,075000,1102,7,352,9
3937,075010,1106,7,352,9
3938,075000,1106,7,352,9
3939,075010,1106,7,352,9
3940,075000,1114,7,352,9
3941,075010,1117,7,352,9
3942,075000,1118,7,352,9
3943,075010,1115,7,352,9
3944,075000,1102,7,352,9
3945,075010,1106,7,352,9
3946,075000,1106,7,352,9
3947,075010,1106,7,352,9
3948,075000,1114,7,352,9
3949,075010,1117,7,352,9
3950,075000,1118,7,352,9
3951,075010,1115,7,352,9
3952,075000,1102,7,352,9
3953,075010,1106,7,352,9
3954,075000,1106,7,352,9
3955,075010,1106,7,352,9
3956,075000,1114,7,352,9
3957,075010,1117,7,352,9
3958,075000,1118,7,352,9
3959,075010,1115,7,352,9
3960,075000,1114,7,352,9
3961,075010,1114,7,352,9
3962,075000,1114,7,352,9
3963,075010,1117,7,352,9
3964,075000,1123,7,352,9
3965,075010,1126,7,352,9
3966,075000,1126,7,352,9
3967,075010,1125,7,352,9
3968,075000,1115,7,352,9
3969,075010,1114,7,352,9
3970,075000,1114,7,352,9
3971,075010,1117,7,352,9
3972,075000,1123,7,352,9
3973,075010,1126,7,352,9
3974,075000,1126,7,352,9
3975,075010,1125,7,352,9
3976,075000,1115,7,352,9
3977,075010,1122,7,352,9
3978,075000,1122,7,352,9
3979,075010,1117,7,352,9
3980,075000,1130,7,352,9
3981,075010,1127,7,352,9
3982,075000,1126,7,352,9
3983,075010,1130,7,352,9
3984,075000,1121,7,352,9
3985,075010,1123,7,352,9
3986,075000,1122,7,352,9
3987,075010,1122,7,352,9
3988,075000,1129,7,352,9
3989,075010,1135,7,352,9
3990,075000,1134,7,352,9
3991,075010,1130,7,352,9
3992,075000,1121,7,352,9
3993,075010,1123,7,352,9
3994,075000,1122,7,352,9
3995,075010,1122,7,352,9
3996,075000,1129,7,352,9
3997,075010,1135,7,352,9
3998,075000,1134,7,352,9
3999,075010,1130,7,352,9
4000,075000,1121,7,352,9
4001,075010,1123,7,352,9
4002,075000,1122,7,352,9
4003,075010,1122,7,352,9
4004,075000,1129,7,352,9
4005,075010,1135,7,352,9
4006,075000,1134,7,352,9
4007,075010,1130,7,352,9
4008,075000,1246,7,352,9
4009,075010,1246,7,352,9
4010,075000,1246,7,352,9
4011,075010,1249,7,352,9
4012,075000,1255,7,352,9
4013,075010,1258,7,352,9
4014,075000,1258,7,352,9
4015,075010,1257,7,352,9
4016,075000,1247,7,352,9
4017,075010,1246,7,352,9
4018,075000,1246,7,352,9
4019,075010,1249,7,352,9
4020,075000,1255,7,352,9
4021,075010,1258,7,352,9
4022,075000,1258,7,352,9
4023,075010,1257,7,352,9
4024,075000,1247,7,352,9
4025,075010,1246,7,352,9
4026,075000,1246,7,352,9
4027,075010,1249,7,352,9
4028,075000,1255,7,352,9
4029,075010,1258,7,352,9
4030,075000,1258,7,352,9
4031,075010,1257,7,352,9
4032,075000,1254,7,352,9
4033,075010,1255,7,352,9
4034,075000,1254,7,352,9
4035,075010,1254,7,352,9
4036,075000,1261,7,352,9
4037,075010,1267,7,352,9
4038,075000,1266,7,352,9
4039,075010,1262,7,352,9
4040,075000,1253,7,352,9
4041,075010,1255,7,352,9
4042,075000,1254,7,352,9
4043,075010,1254,7,352,9
4044,075000,1261,7,352,9
4045,075010,1267,7,352,9
4046,075000,1266,7,352,9
4047,075010,1262,7,352,9
4048,075000,1253,7,352,9
4049,075010,1255,7,352,9
4050,075000,1254,7,352,9
4051,075010,1254,7,352,9
4052,075000,1261,7,352,9
4053,075010,1267,7,352,9
4054,075000,1266,7,352,9
4055,075010,1262,7,352,9
4056,075000,1257,7,352,9
4057,075010,1259,7,352,9
4058,075000,1258,7,352,9
4059,075010,1258,7,352,9
4060,075000,1266,7,352,9
4061,075010,1270,7,352,9
4062,075000,1270,7,352,9
4063,075010,1269,7,352,9
4064,075000,1258,7,352,9
4065,075010,1259,7,352,9
4066,075000,1258,7,352,9
4067,075010,1258,7,352,9
4068,075000,1266,7,352,9
4069,075010,1270,7,352,9
4070,075000,1270,7,352,9
4071,075010,1269,7,352,9
4072,075000,1258,7,352,9
4073,075010,1259,7,352,9
4074,075000,1258,7,352,9
4075,075010,1258,7,352,9
4076,075000,1266,7,352,9
4077,075010,1270,7,352,9
4078,075000,1270,7,352,9
4079,075010,1269,7,352,9
4080,075000,1282,7,352,9
4081,075010,1283,7,352,9
4082,075000,1282,7,352,9
4083,075010,1282,7,352,9
4084,075000,1290,7,352,9
4085,075010,1294,7,352,9
4086,075000,1294,7,352,9
4087,075010,1293,7,352,9
4088,075000,1282,7,352,9
4089,075010,1283,7,352,9
4090,075000,1282,7,352,9
4091,075010,1282,7,352,9
4092,075000,1290,7,352,9
4093,075010,1294,7,352,9
4094,075000,1294,7,352,9
4095,075010,1293,7,352,9
4096,075000,1282,7,352,9
4097,075010,1283,7,352,9
4098,075000,1282,7,352,9
4099,075010,1282,7,352,9
4100,075000,1290,7,352,9
4101,075010,1294,7,352,9
4102,075000,1294,7,352,9
4103,075010,1293,7,352,9
4104,075000,1287,7,352,9
4105,075010,1290,7,352,9
4106,075000,1290,7,352,9
4107,075010,1289,7,352,9
4108,075000,1298,7,352,9
4109,075010,1299,7,352,9
4110,075000,1298,7,352,9
4111,075010,1298,7,352,9
4112,075000,1286,7,352,9
4113,075010,1290,7,352,9
4114,075000,1290,7,352,9
4115,075010,1289,7,352,9
4116,075000,1298,7,352,9
4117,075010,1299,7,352,9
4118,075000,1298,7,352,9
4119,075010,1298,7,352,9
4120,075000,1286,7,352,9
4121,075010,1290,7,352,9
4122,075000,1290,7,352,9
4123,075010,1289,7,352,9
4124,075000,1298,7,352,9
4125,075010,1299,7,352,9
4126,075000,1298,7,352,9
4127,075010,1298,7,352,9
4128,075000,1102,7,352,9
4129,075010,1106,7,352,9
4130,075000,1106,7,352,9
4131,075010,1106,7,352,9
4132,075000,1114,7,352,9
4133,075010,1117,7,352,9
4134,075000,1118,7,352,9
4135,075010,1115,7,352,9
4136,075000,1102,7,352,9
4137,075010,1106,7,352,9
4138,075000,1106,7,352,9
4139,075010,1106,7,352,9
4140,075000,1114,7,352,9
4141,075010,1117,7,352,9
4142,075000,1118,7,352,9
4143,075010,1115,7,352,9
4144,075000,1102,7,352,9
4145,075010,1106,7,352,9
4146,075000,1106,7,352,9
4147,075010,1106,7,352,9
4148,075000,1114,7,352,9
4149,075010,1117,7,352,9
4150,075000,1118,7,352,9
4151,075010,1115,7,352,9
4152,075000,1102,7,352,9
4153,075010,1106,7,352,9
4154,075000,1106,7,352,9
4155,075010,1106,7,352,9
4156,075000,1114,7,352,9
4157,075010,1117,7,352,9
4158,075000,1118,7,352,9
4159,075010,1115,7,352,9
4160,075000,1102,7,352,9
4161,075010,1106,7,352,9
4162,075000,1106,7,352,9
4163,075010,1106,7,352,9
4164,075000,1114,7,352,9
4165,075010,1117,7,352,9
4166,075000,1118,7,352,9
4167,075010,1115,7,352,9
4168,075000,1102,7,352,9
4169,075010,1106,7,352,9
4170,075000,1106,7,352,9
4171,075010,1106,7,352,9
4172,075000,1114,7,352,9
4173,075010,1117,7,352,9
4174,075000,1118,7,352,9
4175,075010,1115,7,352,9
4176,075000,1113,7,352,9
4177,075010,1123,7,352,9
4178,075000,1122,7,352,9
4179,075010,1114,7,352,9
4180,075000,1129,7,352,9
4181,075010,1127,7,352,9
4182,075000,1126,7,352,9
4183,075010,1130,7,352,9
4184,075000,1113,7,352,9
4185,075010,1127,7,352,9
4186,075000,1126,7,352,9
4187,075010,1114,7,352,9
4188,075000,1134,7,352,9
4189,075010,1126,7,352,9
4190,075000,1126,7,352,9
4191,075010,1137,7,352,9
4192,075000,1115,7,352,9
4193,075010,1258,7,352,9
4194,075000,1258,7,352,9
4195,075010,1117,7,352,9
4196,075000,1267,7,352,9
4197,075010,1126,7,352,9
4198,075000,1126,7,352,9
4199,075010,1269,7,352,9
4200,075000,1119,7,352,9
4201,075010,1126,7,352,9
4202,075000,1126,7,352,9
4203,075010,1121,7,352,9
4204,075000,1135,7,352,9
4205,075010,1130,7,352,9
4206,075000,1130,7,352,9
4207,075010,1137,7,352,9
4208,075000,1119,7,352,9
4209,075010,1126,7,352,9
4210,075000,1126,7,352,9
4211,075010,1121,7,352,9
4212,075000,1135,7,352,9
4213,075010,1130,7,352,9
4214,075000,1130,7,352,9
4215,075010,1137,7,352,9
4216,075000,1119,7,352,9
4217,075010,1126,7,352,9
4218,075000,1126,7,352,9
4219,075010,1121,7,352,9
4220,075000,1135,7,352,9
4221,075010,1130,7,352,9
4222,075000,1130,7,352,9
4223,075010,1137,7,352,9
4224,075000,1246,7,352,9
4225,075010,1255,7,352,9
4226,075000,1254,7,352,9
4227,075010,1246,7,352,9
4228,075000,1261,7,352,9
4229,075010,1259,7,352,9
4230,075000,1258,7,352,9
4231,075010,1262,7,352,9
4232,075000,1245,7,352,9
4233,075010,1255,7,352,9
4234,075000,1254,7,352,9
4235,075010,1246,7,352,9
4236,075000,1261,7,352,9
4237,075010,1259,7,352,9
4238,075000,1258,7,352,9
4239,075010,1262,7,352,9
4240,075000,1245,7,352,9
4241,075010,1255,7,352,9
4242,075000,1254,7,352,9
4243,075010,1246,7,352,9
4244,075000,1261,7,352,9
4245,075010,1259,7,352,9
4246,075000,1258,7,352,9
4247,075010,1262,7,352,9
4248,075000,1250,7,352,9
4249,075010,1258,7,352,9
4250,075000,1258,7,352,9
4251,075010,1253,7,352,9
4252,075000,1267,7,352,9
4253,075010,1262,7,352,9
4254,075000,1262,7,352,9
4255,075010,1269,7,352,9
4256,075000,1251,7,352,9
4257,075010,1258,7,352,9
4258,075000,1258,7,352,9
4259,075010,1253,7,352,9
4260,075000,1267,7,352,9
4261,075010,1262,7,352,9
4262,075000,1262,7,352,9
4263,075010,1269,7,352,9
4264,075000,1251,7,352,9
4265,075010,1258,7,352,9
4266,075000,1258,7,352,9
4267,075010,1253,7,352,9
4268,075000,1267,7,352,9
4269,075010,1262,7,352,9
4270,075000,1262,7,352,9
4271,075010,1269,7,352,9
4272,075000,1258,7,352,9
4273,075010,1267,7,352,9
4274,075000,1266,7,352,9
4275,075010,1258,7,352,9
4276,075000,1274,7,352,9
4277,075010,1270,7,352,9
4278,075000,1270,7,352,9
4279,075010,1277,7,352,9
4280,075000,1258,7,352,9
4281,075010,1267,7,352,9
4282,075000,1266,7,352,9
4283,075010,1258,7,352,9
4284,075000,1273,7,352,9
4285,075010,1271,7,352,9
4286,075000,1270,7,352,9
4287,075010,1274,7,352,9
4288,075000,1257,7,352,9
4289,075010,1267,7,352,9
4290,075000,1266,7,352,9
4291,075010,1258,7,352,9
4292,075000,1273,7,352,9
4293,075010,1271,7,352,9
4294,075000,1270,7,352,9
4295,075010,1274,7,352,9
4296,075000,1281,7,352,9
4297,075010,1291,7,352,9
4298,075000,1290,7,352,9
4299,075010,1282,7,352,9
4300,075000,1298,7,352,9
4301,075010,1294,7,352,9
4302,075000,1294,7,352,9
4303,075010,1301,7,352,9
4304,075000,1282,7,352,9
4305,075010,1291,7,352,9
4306,075000,1290,7,352,9
4307,075010,1282,7,352,9
4308,075000,1298,7,352,9
4309,075010,1294,7,352,9
4310,075000,1294,7,352,9
4311,075010,1301,7,352,9
4312,075000,1282,7,352,9
4313,075010,1291,7,352,9
4314,075000,1290,7,352,9
4315,075010,1282,7,352,9
4316,075000,1298,7,352,9
4317,075010,1294,7,352,9
4318,075000,1294,7,352,9
4319,075010,1301,7,352,9
4320,075000,1287,7,352,9
4321,075010,1298,7,352,9
4322,075000,1298,7,352,9
4323,075010,1289,7,352,9
4324,075000,1306,7,352,9
4325,075010,1299,7,352,9
4326,075000,1298,7,352,9
4327,075010,1306,7,352,9
4328,075000,1286,7,352,9
4329,075010,1298,7,352,9
4330,075000,1298,7,352,9
4331,075010,1289,7,352,9
4332,075000,1306,7,352,9
4333,075010,1299,7,352,9
4334,075000,1298,7,352,9
4335,075010,1306,7,352,9
4336,075000,1286,7,352,9
4337,075010,1298,7,352,9
4338,075000,1298,7,352,9
4339,075010,1289,7,352,9
4340,075000,1306,7,352,9
4341,075010,1299,7,352,9
4342,075000,1298,7,352,9
4343,075010,1306,7,352,9
4344,075000,1102,7,352,9
4345,075010,1106,7,352,9
4346,075000,1106,7,352,9
4347,075010,1106,7,352,9
4348,075000,1114,7,352,9
4349,075010,1117,7,352,9
4350,075000,1118,7,352,9
4351,075010,1115,7,352,9
4352,075000,1102,7,352,9
4353,075010,1106,7,352,9
4354,075000,1106,7,352,9
4355,075010,1106,7,352,9
4356,075000,1114,7,352,9
4357,075010,1117,7,352,9
4358,075000,1118,7,352,9
4359,075010,1115,7,352,9
4360,075000,1102,7,352,9
4361,075010,1106,7,352,9
4362,075000,1106,7,352,9
4363,075010,1106,7,352,9
4364,075000,1114,7,352,9
4365,075010,1117,7,352,9
4366,075000,1118,7,352,9
4367,075010,1115,7,352,9
4368,075000,1102,7,352,9
4369,075010,1106,7,352,9
4370,075000,1106,7,352,9
4371,075010,1106,7,352,9
4372,075000,1114,7,352,9
4373,075010,1117,7,352,9
4374,075000,1118,7,352,9
4375,075010,1115,7,352,9
4376,075000,1102,7,352,9
4377,075010,1106,7,352,9
4378,075000,1106,7,352,9
4379,075010,1106,7,352,9
4380,075000,1114,7,352,9
4381,075010,1117,7,352,9
4382,075000,1118,7,352,9
4383,075010,1115,7,352,9
4384,075000,1102,7,352,9
4385,075010,1106,7,352,9
4386,075000,1106,7,352,9
4387,075010,1106,7,352,9
4388,075000,1114,7,352,9
4389,075010,1117,7,352,9
4390,075000,1118,7,352,9
4391,075010,1115,7,352,9
4392,075000,1113,7,352,9
4393,075010,1123,7,352,9
4394,075000,1122,7,352,9
4395,075010,1114,7,352,9
4396,075000,1129,7,352,9
4397,075010,1127,7,352,9
4398,075000,1126,7,352,9
4399,075010,1130,7,352,9
4400,075000,1113,7,352,9
4401,075010,1123,7,352,9
4402,075000,1122,7,352,9
4403,075010,1114,7,352,9
4404,075000,1129,7,352,9
4405,075010,1127,7,352,9
4406,075000,1126,7,352,9
4407,075010,1130,7,352,9
4408,075000,1114,7,352,9
4409,075010,1254,7,352,9
4410,075000,1254,7,352,9
4411,075010,1117,7,352,9
4412,075000,1262,7,352,9
4413,075010,1127,7,352,9
4414,075000,1126,7,352,9
4415,075010,1262,7,352,9
4416,075000,1118,7,352,9
4417,075010,1126,7,352,9
4418,075000,1126,7,352,9
4419,075010,1121,7,352,9
4420,075000,1135,7,352,9
4421,075010,1130,7,352,9
4422,075000,1130,7,352,9
4423,075010,1137,7,352,9
4424,075000,1119,7,352,9
4425,075010,1126,7,352,9
4426,075000,1126,7,352,9
4427,075010,1121,7,352,9
4428,075000,1135,7,352,9
4429,075010,1130,7,352,9
4430,075000,1130,7,352,9
4431,075010,1137,7,352,9
4432,075000,1119,7,352,9
4433,075010,1126,7,352,9
4434,075000,1126,7,352,9
4435,075010,1121,7,352,9
4436,075000,1135,7,352,9
4437,075010,1130,7,352,9
4438,075000,1130,7,352,9
4439,075010,1137,7,352,9
4440,075000,1246,7,352,9
4441,075010,1247,7,352,9
4442,075000,1246,7,352,9
4443,075010,1246,7,352,9
4444,075000,1254,7,352,9
4445,075010,1258,7,352,9
4446,075000,1258,7,352,9
4447,075010,1257,7,352,9
4448,075000,1246,7,352,9
4449,075010,1255,7,352,9
4450,075000,1254,7,352,9
4451,075010,1246,7,352,9
4452,075000,1262,7,352,9
4453,075010,1258,7,352,9
4454,075000,1258,7,352,9
4455,075010,1265,7,352,9
4456,075000,1246,7,352,9
4457,075010,1255,7,352,9
4458,075000,1254,7,352,9
4459,075010,1246,7,352,9
4460,075000,1261,7,352,9
4461,075010,1259,7,352,9
4462,075000,1258,7,352,9
4463,075010,1262,7,352,9
4464,075000,1250,7,352,9
4465,075010,1254,7,352,9
4466,075000,1254,7,352,9
4467,075010,1253,7,352,9
4468,075000,1262,7,352,9
4469,075010,1263,7,352,9
4470,075000,1262,7,352,9
4471,075010,1262,7,352,9
4472,075000,1250,7,352,9
4473,075010,1254,7,352,9
4474,075000,1254,7,352,9
4475,075010,1253,7,352,9
4476,075000,1262,7,352,9
4477,075010,1263,7,352,9
4478,075000,1262,7,352,9
4479,075010,1262,7,352,9
4480,075000,1250,7,352,9
4481,075010,1254,7,352,9
4482,075000,1254,7,352,9
4483,075010,1253,7,352,9
4484,075000,1262,7,352,9
4485,075010,1263,7,352,9
4486,075000,1262,7,352,9
4487,075010,1262,7,352,9
4488,075000,1257,7,352,9
4489,075010,1259,7,352,9
4490,075000,1258,7,352,9
4491,075010,1258,7,352,9
4492,075000,1266,7,352,9
4493,075010,1270,7,352,9
4494,075000,1270,7,352,9
4495,075010,1269,7,352,9
4496,075000,1258,7,352,9
4497,075010,1259,7,352,9
4498,075000,1258,7,352,9
4499,075010,1258,7,352,9
4500,075000,1266,7,352,9
4501,075010,1270,7,352,9
4502,075000,1270,7,352,9
4503,075010,1269,7,352,9
4504,075000,1258,7,352,9
4505,075010,1259,7,352,9
4506,075000,1258,7,352,9
4507,075010,1258,7,352,9
4508,075000,1266,7,352,9
4509,075010,1270,7,352,9
4510,075000,1270,7,352,9
4511,075010,1269,7,352,9
4512,075000,1282,7,352,9
4513,075010,1283,7,352,9
4514,075000,1282,7,352,9
4515,075010,1282,7,352,9
4516,075000,1290,7,352,9
4517,075010,1294,7,352,9
4518,075000,1294,7,352,9
4519,075010,1293,7,352,9
4520,075000,1282,7,352,9
4521,075010,1283,7,352,9
4522,075000,1282,7,352,9
4523,075010,1282,7,352,9
4524,075000,1290,7,352,9
4525,075010,1294,7,352,9
4526,075000,1294,7,352,9
4527,075010,1293,7,352,9
4528,075000,1282,7,352,9
4529,075010,1283,7,352,9
4530,075000,1282,7,352,9
4531,075010,1282,7,352,9
4532,075000,1290,7,352,9
4533,075010,1294,7,352,9
4534,075000,1294,7,352,9
4535,075010,1293,7,352,9
4536,075000,1287,7,352,9
4537,075010,1290,7,352,9
4538,075000,1290,7,352,9
4539,075010,1289,7,352,9
4540,075000,1298,7,352,9
4541,075010,1299,7,352,9
4542,075000,1298,7,352,9
4543,075010,1298,7,352,9
4544,075000,1286,7,352,9
4545,075010,1290,7,352,9
4546,075000,1290,7,352,9
4547,075010,1289,7,352,9
4548,075000,1298,7,352,9
4549,075010,1299,7,352,9
4550,075000,1298,7,352,9
4551,075010,1298,7,352,9
4552,075000,1286,7,352,9
4553,075010,1290,7,352,9
4554,075000,1290,7,352,9
4555,075010,1289,7,352,9
4556,075000,1298,7,352,9
4557,075010,1299,7,352,9
4558,075000,1298,7,352,9
4559,075010,1298,7,352,9
4560,075000,1102,7,352,9
4561,075010,1106,7,352,9
4562,075000,1106,7,352,9
4563,075010,1106,7,352,9
4564,075000,1114,7,352,9
4565,075010,1117,7,352,9
4566,075000,1118,7,352,9
4567,075010,1115,7,352,9
4568,075000,1102,7,352,9
4569,075010,1106,7,352,9
4570,075000,1106,7,352,9
4571,075010,1106,7,352,9
4572,075000,1114,7,352,9
4573,075010,1117,7,352,9
4574,075000,1118,7,352,9
4575,075010,1115,7,352,9
4576,075000,1102,7,352,9
4577,075010,1106,7,352,9
4578,075000,1106,7,352,9
4579,075010,1106,7,352,9
4580,075000,1114,7,352,9
4581,075010,1117,7,352,9
4582,075000,1118,7,352,9
4583,075010,1115,7,352,9
4584,075000,1102,7,352,9
4585,075010,1106,7,352,9
4586,075000,1106,7,352,9
4587,075010,1106,7,352,9
4588,075000,1114,7,352,9
4589,075010,1117,7,352,9
4590,075000,1118,7,352,9
4591,075010,1115,7,352,9
4592,075000,1102,7,352,9
4593,075010,1106,7,352,9
4594,075000,1106,7,352,9
4595,075010,1106,7,352,9
4596,075000,1114,7,352,9
4597,075010,1117,7,352,9
4598,075000,1118,7,352,9
4599,075010,1115,7,352,9
4600,075000,1102,7,352,9
4601,075010,1106,7,352,9
4602,075000,1106,7,352,9
4603,075010,1106,7,352,9
4604,075000,1114,7,352,9
4605,075010,1117,7,352,9
4606,075000,1118,7,352,9
4607,075010,1115,7,352,9
4608,075000,1114,7,352,9
4609,075010,1114,7,352,9
4610,075000,1114,7,352,9
4611,075010,1117,7,352,9
4612,075000,1123,7,352,9
4613,075010,1126,7,352,9
4614,075000,1126,7,352,9
4615,075010,1125,7,352,9
4616,075000,1115,7,352,9
4617,075010,1114,7,352,9
4618,075000,1114,7,352,9
4619,075010,1117,7,352,9
4620,075000,1123,7,352,9
4621,075010,1126,7,352,9
4622,075000,1126,7,352,9
4623,075010,1125,7,352,9
4624,075000,1115,7,352,9
4625,075010,1122,7,352,9
4626,075000,1122,7,352,9
4627,075010,1117,7,352,9
4628,075000,1130,7,352,9
4629,075010,1127,7,352,9
4630,075000,1126,7,352,9
4631,075010,1130,7,352,9
4632,075000,1121,7,352,9
4633,075010,1123,7,352,9
4634,075000,1122,7,352,9
4635,075010,1122,7,352,9
4636,075000,1129,7,352,9
4637,075010,1135,7,352,9
4638,075000,1134,7,352,9
4639,075010,1130,7,352,9
4640,075000,1121,7,352,9
4641,075010,1123,7,352,9
4642,075000,1122,7,352,9
4643,075010,1122,7,352,9
4644,075000,1129,7,352,9
4645,075010,1135,7,352,9
4646,075000,1134,7,352,9
4647,075010,1130,7,352,9
4648,075000,1121,7,352,9
4649,075010,1123,7,352,9
4650,075000,1122,7,352,9
4651,075010,1122,7,352,9
4652,075000,1129,7,352,9
4653,075010,1135,7,352,9
4654,075000,1134,7,352,9
4655,075010,1130,7,352,9
4656,075000,1246,7,352,9
4657,075010,1246,7,352,9
4658,075000,1246,7,352,9
4659,075010,1249,7,352,9
4660,075000,1255,7,352,9
4661,075010,1258,7,352,9
4662,075000,1258,7,352,9
4663,075010,1257,7,352,9
4664,075000,1247,7,352,9
4665,075010,1246,7,352,9
4666,075000,1246,7,352,9
4667,075010,1249,7,352,9
4668,075000,1255,7,352,9
4669,075010,1258,7,352,9
4670,075000,1258,7,352,9
4671,075010,1257,7,352,9
4672,075000,1247,7,352,9
4673,075010,1246,7,352,9
4674,075000,1246,7,352,9
4675,075010,1249,7,352,9
4676,075000,1255,7,352,9
4677,075010,1258,7,352,9
4678,075000,1258,7,352,9
4679,075010,1257,7,352,9
4680,075000,1254,7,352,9
4681,075010,1255,7,352,9
4682,075000,1254,7,352,9
4683,075010,1254,7,352,9
4684,075000,1261,7,352,9
4685,075010,1267,7,352,9
4686,075000,1266,7,352,9
4687,075010,1262,7,352,9
4688,075000,1253,7,352,9
4689,075010,1255,7,352,9
4690,075000,1254,7,352,9
4691,075010,1254,7,352,9
4692,075000,1261,7,352,9
4693,075010,1267,7,352,9
4694,075000,1266,7,352,9
4695,075010,1262,7,352,9
4696,075000,1253,7,352,9
4697,075010,1255,7,352,9
4698,075000,1254,7,352,9
4699,075010,1254,7,352,9
4700,075000,1261,7,352,9
4701,075010,1267,7,352,9
4702,075000,1266,7,352,9
4703,075010,1262,7,352,9
4704,075000,1257,7,352,9
4705,075010,1259,7,352,9
4706,075000,1258,7,352,9
4707,075010,1258,7,352,9
4708,075000,1266,7,352,9
4709,075010,1270,7,352,9
4710,075000,1270,7,352,9
4711,075010,1269,7,352,9
4712,075000,1258,7,352,9
4713,075010,1259,7,352,9
4714,075000,1258,7,352,9
4715,075010,1258,7,352,9
4716,075000,1266,7,352,9
4717,075010,1270,7,352,9
4718,075000,1270,7,352,9
4719,075010,1269,7,352,9
4720,075000,1258,7,352,9
4721,075010,1259,7,352,9
4722,075000,1258,7,352,9
4723,075010,1258,7,352,9
4724,075000,1266,7,352,9
4725,075010,1270,7,352,9
4726,075000,1270,7,352,9
4727,075010,1269,7,352,9
4728,075000,1282,7,352,9
4729,075010,1283,7,352,9
4730,075000,1282,7,352,9
4731,075010,1282,7,352,9
4732,075000,1290,7,352,9
4733,075010,1294,7,352,9
4734,075000,1294,7,352,9
4735,075010,1293,7,352,9
4736,075000,1282,7,352,9
4737,075010,1283,7,352,9
4738,075000,1282,7,352,9
4739,075010,1282,7,352,9
4740,075000,1290,7,352,9
4741,075010,1294,7,352,9
4742,075000,1294,7,352,9
4743,075010,1293,7,352,9
4744,075000,1282,7,352,9
4745,075010,1283,7,352,9
4746,075000,1282,7,352,9
4747,075010,1282,7,352,9
4748,075000,1290,7,352,9
4749,075010,1294,7,352,9
4750,075000,1294,7,352,9
4751,075010,1293,7,352,9
4752,075000,1287,7,352,9
4753,075010,1290,7,352,9
4754,075000,1290,7,352,9
4755,075010,1289,7,352,9
4756,075000,1298,7,352,9
4757,075010,1299,7,352,9
4758,075000,1298,7,352,9
4759,075010,1298,7,352,9
4760,075000,1286,7,352,9
4761,075010,1290,7,352,9
4762,075000,1290,7,352,9
4763,075010,1289,7,352,9
4764,075000,1298,7,352,9
4765,075010,1299,7,352,9
4766,075000,1298,7,352,9
4767,075010,1298,7,352,9
4768,075000,1286,7,352,9
4769,075010,1290,7,352,9
4770,075000,1290,7,352,9
4771,075010,1289,7,352,9
4772,075000,1298,7,352,9
4773,075010,1299,7,352,9
4774,075000,1298,7,352,9
4775,075010,1298,7,352,9
4776,075000,1102,7,352,9
4777,075010,1106,7,352,9
4778,075000,1106,7,352,9
4779,075010,1106,7,352,9
4780,075000,1114,7,352,9
4781,075010,1117,7,352,9
4782,075000,1118,7,352,9
4783,075010,1115,7,352,9
4784,075000,1102,7,352,9
4785,075010,1106,7,352,9
4786,075000,1106,7,352,9
4787,075010,1106,7,352,9
4788,075000,1114,7,352,9
4789,075010,1117,7,352,9
4790,075000,1118,7,352,9
4791,075010,1115,7,352,9
4792,075000,1102,7,352,9
4793,075010,1106,7,352,9
4794,075000,1106,7,352,9
4795,075010,1106,7,352,9
4796,075000,1114,7,352,9
4797,075010,1117,7,352,9
4798,075000,1118,7,352,9
4799,075010,1115,7,352,9
4800,075000,1102,7,352,9
4801,075010,1106,7,352,9
4802,075000,1106,7,352,9
4803,075010,1106,7,352,9
4804,075000,1114,7,352,9
4805,075010,1117,7,352,9
4806,075000,1118,7,352,9
4807,075010,1115,7,352,9
4808,075000,1102,7,352,9
4809,075010,1106,7,352,9
4810,075000,1106,7,352,9
4811,075010,1106,7,352,9
4812,075000,1114,7,352,9
4813,075010,1117,7,352,9
4814,075000,1118,7,352,9
4815,075010,1115,7,352,9
4816,075000,1102,7,352,9
4817,075010,1106,7,352,9
4818,075000,1106,7,352,9
4819,075010,1106,7,352,9
4820,075000,1114,7,352,9
4821,075010,1117,7,352,9
4822,075000,1118,7,352,9
4823,075010,1115,7,352,9
4824,075000,1113,7,352,9
4825,075010,1123,7,352,9
4826,075000,1122,7,352,9
4827,075010,1114,7,352,9
4828,075000,1129,7,352,9
4829,075010,1127,7,352,9
4830,075000,1126,7,352,9
4831,075010,1130,7,352,9
4832,075000,1113,7,352,9
4833,075010,1127,7,352,9
4834,075000,1126,7,352,9
4835,075010,1114,7,352,9
4836,075000,1134,7,352,9
4837,075010,1126,7,352,9
4838,075000,1126,7,352,9
4839,075010,1137,7,352,9
4840,075000,1304,9,448,11
4841,075010,1261,7,352,9
4842,075000,1258,7,352,9
4843,075010,1303,9,448,11
4844,075000,1269,7,352,9
4845,075010,1315,9,448,11
4846,075000,1318,9,448,11
4847,075010,1272,7,352,9
4848,075000,1119,7,352,9
4849,075010,1126,7,352,9
4850,075000,1126,7,352,9
4851,075010,1121,7,352,9
4852,075000,1135,7,352,9
4853,075010,1130,7,352,9
4854,075000,1130,7,352,9
4855,075010,1137,7,352,9
4856,075000,1119,7,352,9
4857,075010,1126,7,352,9
4858,075000,1126,7,352,9
4859,075010,1121,7,352,9
4860,075000,1135,7,352,9
4861,075010,1130,7,352,9
4862,075000,1130,7,352,9
4863,075010,1137,7,352,9
4864,075000,1119,7,352,9
4865,075010,1126,7,352,9
4866,075000,1126,7,352,9
4867,075010,1121,7,352,9
4868,075000,1135,7,352,9
4869,075010,1130,7,352,9
4870,075000,1130,7,352,9
4871,075010,1137,7,352,9
4872,075000,1246,7,352,9
4873,075010,1255,7,352,9
4874,075000,1254,7,352,9
4875,075010,1246,7,352,9
4876,075000,1261,7,352,9
4877,075010,1259,7,352,9
4878,075000,1258,7,352,9
4879,075010,1262,7,352,9
4880,075000,1245,7,352,9
4881,075010,1255,7,352,9
4882,075000,1254,7,352,9
4883,075010,1246,7,352,9
4884,075000,1261,7,352,9
4885,075010,1259,7,352,9
4886,075000,1258,7,352,9
4887,075010,1262,7,352,9
4888,075000,1245,7,352,9
4889,075010,1255,7,352,9
4890,075000,1254,7,352,9
4891,075010,1246,7,352,9
4892,075000,1261,7,352,9
4893,075010,1259,7,352,9
4894,075000,1258,7,352,9
4895,075010,1262,7,352,9
4896,075000,1250,7,352,9
4897,075010,1258,7,352,9
4898,075000,1258,7,352,9
4899,075010,1253,7,352,9
4900,075000,1267,7,352,9
4901,075010,1262,7,352,9
4902,075000,1262,7,352,9
4903,075010,1269,7,352,9
4904,075000,1251,7,352,9
4905,075010,1258,7,352,9
4906,075000,1258,7,352,9
4907,075010,1253,7,352,9
4908,075000,1267,7,352,9
4909,075010,1262,7,352,9
4910,075000,1262,7,352,9
4911,075010,1269,7,352,9
4912,075000,1251,7,352,9
4913,075010,1258,7,352,9
4914,075000,1258,7,352,9
4915,075010,1253,7,352,9
4916,075000,1267,7,352,9
4917,075010,1262,7,352,9
4918,075000,1262,7,352,9
4919,075010,1269,7,352,9
4920,075000,1258,7,352,9
4921,075010,1267,7,352,9
4922,075000,1266,7,352,9
4923,075010,1258,7,352,9
4924,075000,1274,7,352,9
4925,075010,1270,7,352,9
4926,075000,1270,7,352,9
4927,075010,1277,7,352,9
4928,075000,1258,7,352,9
4929,075010,1267,7,352,9
4930,075000,1266,7,352,9
4931,075010,1258,7,352,9
4932,075000,1273,7,352,9
4933,075010,1271,7,352,9
4934,075000,1270,7,352,9
4935,075010,1274,7,352,9
4936,075000,1257,7,352,9
4937,075010,1267,7,352,9
4938,075000,1266,7,352,9
4939,075010,1258,7,352,9
4940,075000,1273,7,352,9
4941,075010,1271,7,352,9
4942,075000,1270,7,352,9
4943,075010,1274,7,352,9
4944,075000,1281,7,352,9
4945,075010,1291,7,352,9
4946,075000,1290,7,352,9
4947,075010,1282,7,352,9
4948,075000,1298,7,352,9
4949,075010,1294,7,352,9
4950,075000,1294,7,352,9
4951,075010,1301,7,352,9
4952,075000,1282,7,352,9
4953,075010,1291,7,352,9
4954,075000,1290,7,352,9
4955,075010,1282,7,352,9
4956,075000,1298,7,352,9
4957,075010,1294,7,352,9
4958,075000,1294,7,352,9
4959,075010,1301,7,352,9
4960,075000,1282,7,352,9
4961,075010,1291,7,352,9
4962,075000,1290,7,352,9
4963,075010,1282,7,352,9
4964,075000,1298,7,352,9
4965,075010,1294,7,352,9
4966,075000,1294,7,352,9
4967,075010,1301,7,352,9
4968,075000,1287,7,352,9
4969,075010,1298,7,352,9
4970,075000,1298,7,352,9
4971,075010,1289,7,352,9
4972,075000,1306,7,352,9
4973,075010,1299,7,352,9
4974,075000,1298,7,352,9
4975,075010,1306,7,352,9
4976,075000,1286,7,352,9
4977,075010,1298,7,352,9
4978,075000,1298,7,352,9
4979,075010,1289,7,352,9
4980,075000,1306,7,352,9
4981,075010,1299,7,352,9
4982,075000,1298,7,352,9
4983,075010,1306,7,352,9
4984,075000,1286,7,352,9
4985,075010,1298,7,352,9
4986,075000,1298,7,352,9
4987,075010,1289,7,352,9
4988,075000,1306,7,352,9
4989,075010,1299,7,352,9
4990,075000,1298,7,352,9
4991,075010,1306,7,352,9
4992,075000,1102,7,352,9
4993,075010,1106,7,352,9
4994,075000,1106,7,352,9
4995,075010,1106,7,352,9
4996,075000,1114,7,352,9
4997,075010,1117,7,352,9
4998,075000,1118,7,352,9
4999,075010,1115,7,352,9
5000,075000,1102,7,352,9
5001,075010,1106,7,352,9
5002,075000,1106,7,352,9
5003,075010,1106,7,352,9
5004,075000,1114,7,352,9
5005,075010,1117,7,352,9
5006,075000,1118,7,352,9
5007,075010,1115,7,352,9
5008,075000,1102,7,352,9
5009,075010,1106,7,352,9
5010,075000,1106,7,352,9
5011,075010,1106,7,352,9
5012,075000,1114,7,352,9
5013,075010,1117,7,352,9
5014,075000,1118,7,352,9
5015,075010,1115,7,352,9
5016,075000,1102,7,352,9
5017,075010,1106,7,352,9
5018,075000,1106,7,352,9
5019,075010,1106,7,352,9
5020,075000,1114,7,352,9
5021,075010,1117,7,352,9
5022,075000,1118,7,352,9
5023,075010,1115,7,352,9
5024,075000,1102,7,352,9
5025,075010,1106,7,352,9
5026,075000,1106,7,352,9
5027,075010,1106,7,352,9
5028,075000,1114,7,352,9
5029,075010,1117,7,352,9
5030,075000,1118,7,352,9
5031,075010,1115,7,352,9
5032,075000,1102,7,352,9
5033,075010,1106,7,352,9
5034,075000,1106,7,352,9
5035,075010,1106,7,352,9
5036,075000,1114,7,352,9
5037,075010,1117,7,352,9
5038,075000,1118,7,352,9
5039,075010,1115,7,352,9
5040,075000,1113,7,352,9
5041,075010,1123,7,352,9
5042,075000,1122,7,352,9
5043,075010,1114,7,352,9
5044,075000,1129,7,352,9
5045,075010,1127,7,352,9
5046,075000,1126,7,352,9
5047,075010,1130,7,352,9
5048,075000,1113,7,352,9
5049,075010,1123,7,352,9
5050,075000,1122,7,352,9
5051,075010,1114,7,352,9
5052,075000,1129,7,352,9
5053,075010,1127,7,352,9
5054,075000,1126,7,352,9
5055,075010,1130,7,352,9
5056,075000,1303,9,448,11
5057,075010,1257,7,352,9
5058,075000,1254,7,352,9
5059,075010,1303,9,448,11
5060,075000,1264,7,352,9
5061,075010,1316,9,448,11
5062,075000,1318,9,448,11
5063,075010,1265,7,352,9
5064,075000,1118,7,352,9
5065,075010,1126,7,352,9
5066,075000,1126,7,352,9
5067,075010,1121,7,352,9
5068,075000,1135,7,352,9
5069,075010,1130,7,352,9
5070,075000,1130,7,352,9
5071,075010,1137,7,352,9
5072,075000,1119,7,352,9
5073,075010,1126,7,352,9
5074,075000,1126,7,352,9
5075,075010,1121,7,352,9
5076,075000,1135,7,352,9
5077,075010,1130,7,352,9
5078,075000,1130,7,352,9
5079,075010,1137,7,352,9
5080,075000,1119,7,352,9
5081,075010,1126,7,352,9
5082,075000,1126,7,352,9
5083,075010,1121,7,352,9
5084,075000,1135,7,352,9
5085,075010,1130,7,352,9
5086,075000,1130,7,352,9
5087,075010,1137,7,352,9
5088,075000,1246,7,352,9
5089,075010,1247,7,352,9
5090,075000,1246,7,352,9
5091,075010,1246,7,352,9
5092,075000,1254,7,352,9
5093,075010,1258,7,352,9
5094,075000,1258,7,352,9
5095,075010,1257,7,352,9
5096,075000,1246,7,352,9
5097,075010,1255,7,352,9
5098,075000,1254,7,352,9
5099,075010,1246,7,352,9
5100,075000,1262,7,352,9
5101,075010,1258,7,352,9
5102,075000,1258,7,352,9
5103,075010,1265,7,352,9
5104,075000,1246,7,352,9
5105,075010,1255,7,352,9
5106,075000,1254,7,352,9
5107,075010,1246,7,352,9
5108,075000,1261,7,352,9
5109,075010,1259,7,352,9
5110,075000,1258,7,352,9
5111,075010,1262,7,352,9
5112,075000,1250,7,352,9
5113,075010,1254,7,352,9
5114,075000,1254,7,352,9
5115,075010,1253,7,352,9
5116,075000,1262,7,352,9
5117,075010,1263,7,352,9
5118,075000,1262,7,352,9
5119,075010,1262,7,352,9
5120,075000,1250,7,352,9
5121,075010,1254,7,352,9
5122,075000,1254,7,352,9
5123,075010,1253,7,352,9
5124,075000,1262,7,352,9
5125,075010,1263,7,352,9
5126,075000,1262,7,352,9
5127,075010,1262,7,352,9
5128,075000,1250,7,352,9
5129,075010,1254,7,352,9
5130,075000,1254,7,352,9
5131,075010,1253,7,352,9
5132,075000,1262,7,352,9
5133,075010,1263,7,352,9
5134,075000,1262,7,352,9
5135,075010,1262,7,352,9
5136,075000,1257,7,352,9
5137,075010,1259,7,352,9
5138,075000,1258,7,352,9
5139,075010,1258,7,352,9
5140,075000,1266,7,352,9
5141,075010,1270,7,352,9
5142,075000,1270,7,352,9
5143,075010,1269,7,352,9
5144,075000,1258,7,352,9
5145,075010,1259,7,352,9
5146,075000,1258,7,352,9
5147,075010,1258,7,352,9
5148,075000,1266,7,352,9
5149,075010,1270,7,352,9
5150,075000,1270,7,352,9
5151,075010,1269,7,352,9
5152,075000,1258,7,352,9
5153,075010,1259,7,352,9
5154,075000,1258,7,352,9
5155,075010,1258,7,352,9
5156,075000,1266,7,352,9
5157,075010,1270,7,352,9
5158,075000,1270,7,352,9
5159,075010,1269,7,352,9
5160,075000,1282,7,352,9
5161,075010,1283,7,352,9
5162,075000,1282,7,352,9
5163,075010,1282,7,352,9
5164,075000,1290,7,352,9
5165,075010,1294,7,352,9
5166,075000,1294,7,352,9
5167,075010,1293,7,352,9
5168,075000,1282,7,352,9
5169,075010,1283,7,352,9
5170,075000,1282,7,352,9
5171,075010,1282,7,352,9
5172,075000,1290,7,352,9
5173,075010,1294,7,352,9
5174,075000,1294,7,352,9
5175,075010,1293,7,352,9
5176,075000,1282,7,352,9
5177,075010,1283,7,352,9
5178,075000,1282,7,352,9
5179,075010,1282,7,352,9
5180,075000,1290,7,352,9
5181,075010,1294,7,352,9
5182,075000,1294,7,352,9
5183,075010,1293,7,352,9
5184,075000,1287,7,352,9
5185,075010,1290,7,352,9
5186,075000,1290,7,352,9
5187,075010,1289,7,352,9
5188,075000,1298,7,352,9
5189,075010,1299,7,352,9
5190,075000,1298,7,352,9
5191,075010,1298,7,352,9
5192,075000,1286,7,352,9
5193,075010,1290,7,352,9
5194,075000,1290,7,352,9
5195,075010,1289,7,352,9
5196,075000,1298,7,352,9
5197,075010,1299,7,352,9
5198,075000,1298,7,352,9
5199,075010,1298,7,352,9
5200,075000,1286,7,352,9
5201,075010,1290,7,352,9
5202,075000,1290,7,352,9
5203,075010,1289,7,352,9
5204,075000,1298,7,352,9
5205,075010,1299,7,352,9
5206,075000,1298,7,352,9
5207,075010,1298,7,352,9
5208,075000,1102,7,352,9
5209,075010,1106,7,352,9
5210,075000,1106,7,352,9
5211,075010,1106,7,352,9
5212,075000,1114,7,352,9
5213,075010,1117,7,352,9
5214,075000,1118,7,352,9
5215,075010,1115,7,352,9
5216,075000,1102,7,352,9
5217,075010,1106,7,352,9
5218,075000,1106,7,352,9
5219,075010,1106,7,352,9
5220,075000,1114,7,352,9
5221,075010,1117,7,352,9
5222,075000,1118,7,352,9
5223,075010,1115,7,352,9
5224,075000,1102,7,352,9
5225,075010,1106,7,352,9
5226,075000,1106,7,352,9
5227,075010,1106,7,352,9
5228,075000,1114,7,352,9
5229,075010,1117,7,352,9
5230,075000,1118,7,352,9
5231,075010,1115,7,352,9
5232,075000,1102,7,352,9
5233,075010,1106,7,352,9
5234,075000,1106,7,352,9
5235,075010,1106,7,352,9
5236,075000,1114,7,352,9
5237,075010,1117,7,352,9
5238,075000,1118,7,352,9
5239,075010,1115,7,352,9
5240,075000,1102,7,352,9
5241,075010,1106,7,352,9
5242,075000,1106,7,352,9
5243,075010,1106,7,352,9
5244,075000,1114,7,352,9
5245,075010,1117,7,352,9
5246,075000,1118,7,352,9
5247,075010,1115,7,352,9
5248,075000,1102,7,352,9
5249,075010,1106,7,352,9
5250,075000,1106,7,352,9
5251,075010,1106,7,352,9
5252,075000,1114,7,352,9
5253,075010,1117,7,352,9
5254,075000,1118,7,352,9
5255,075010,1115,7,352,9
5256,075000,1303,9,448,11
5257,075010,1117,7,352,9
5258,075000,1114,7,352,9
5259,075010,1303,9,448,11
5260,075000,1125,7,352,9
5261,075010,1315,9,448,11
5262,075000,1318,9,448,11
5263,075010,1128,7,352,9
5264,075000,1304,9,448,11
5265,075010,1117,7,352,9
5266,075000,1114,7,352,9
5267,075010,1303,9,448,11
5268,075000,1125,7,352,9
5269,075010,1315,9,448,11
5270,075000,1318,9,448,11
5271,075010,1128,7,352,9
5272,075000,1304,9,448,11
5273,075010,1125,7,352,9
5274,075000,1122,7,352,9
5275,075010,1303,9,448,11
5276,075000,1132,7,352,9
5277,075010,1316,9,448,11
5278,075000,1318,9,448,11
5279,075010,1133,7,352,9
5280,075000,1307,9,448,11
5281,075010,1125,7,352,9
5282,075000,1122,7,352,9
5283,075010,1311,9,448,11
5284,075000,1132,7,352,9
5285,075010,1320,9,448,11
5286,075000,1322,9,448,11
5287,075010,1133,7,352,9
5288,075000,1307,9,448,11
5289,075010,1125,7,352,9
5290,075000,1122,7,352,9
5291,075010,1311,9,448,11
5292,075000,1132,7,352,9
5293,075010,1320,9,448,11
5294,075000,1322,9,448,11
5295,075010,1133,7,352,9
5296,075000,1307,9,448,11
5297,075010,1125,7,352,9
5298,075000,1122,7,352,9
5299,075010,1311,9,448,11
5300,075000,1132,7,352,9
5301,075010,1320,9,448,11
5302,075000,1322,9,448,11
5303,075010,1133,7,352,9
5304,075000,1435,9,448,11
5305,075010,1249,7,352,9
5306,075000,1246,7,352,9
5307,075010,1435,9,448,11
5308,075000,1257,7,352,9
5309,075010,1447,9,448,11
5310,075000,1450,9,448,11
5311,075010,1260,7,352,9
5312,075000,1436,9,448,11
5313,075010,1249,7,352,9
5314,075000,1246,7,352,9
5315,075010,1435,9,448,11
5316,075000,1257,7,352,9
5317,075010,1447,9,448,11
5318,075000,1450,9,448,11
5319,075010,1260,7,352,9
5320,075000,1436,9,448,11
5321,075010,1249,7,352,9
5322,075000,1246,7,352,9
5323,075010,1435,9,448,11
5324,075000,1257,7,352,9
5325,075010,1447,9,448,11
5326,075000,1450,9,448,11
5327,075010,1260,7,352,9
5328,075000,1440,9,448,11
5329,075010,1257,7,352,9
5330,075000,1254,7,352,9
5331,075010,1443,9,448,11
5332,075000,1264,7,352,9
5333,075010,1452,9,448,11
5334,075000,1454,9,448,11
5335,075010,1265,7,352,9
5336,075000,1439,9,448,11
5337,075010,1257,7,352,9
5338,075000,1254,7,352,9
5339,075010,1443,9,448,11
5340,075000,1264,7,352,9
5341,075010,1452,9,448,11
5342,075000,1454,9,448,11
5343,075010,1265,7,352,9
5344,075000,1439,9,448,11
5345,075010,1257,7,352,9
5346,075000,1254,7,352,9
5347,075010,1443,9,448,11
5348,075000,1264,7,352,9
5349,075010,1452,9,448,11
5350,075000,1454,9,448,11
5351,075010,1265,7,352,9
5352,075000,1257,7,352,9
5353,075010,1259,7,352,9
5354,075000,1258,7,352,9
5355,075010,1258,7,352,9
5356,075000,1266,7,352,9
5357,075010,1270,7,352,9
5358,075000,1270,7,352,9
5359,075010,1269,7,352,9
5360,075000,1258,7,352,9
5361,075010,1259,7,352,9
5362,075000,1258,7,352,9
5363,075010,1258,7,352,9
5364,075000,1266,7,352,9
5365,075010,1270,7,352,9
5366,075000,1270,7,352,9
5367,075010,1269,7,352,9
5368,075000,1258,7,352,9
5369,075010,1259,7,352,9
5370,075000,1258,7,352,9
5371,075010,1258,7,352,9
5372,075000,1266,7,352,9
5373,075010,1270,7,352,9
5374,075000,1270,7,352,9
5375,075010,1269,7,352,9
5376,075000,1282,7,352,9
5377,075010,1283,7,352,9
5378,075000,1282,7,352,9
5379,075010,1282,7,352,9
5380,075000,1290,7,352,9
5381,075010,1294,7,352,9
5382,075000,1294,7,352,9
5383,075010,1293,7,352,9
5384,075000,1282,7,352,9
5385,075010,1283,7,352,9
5386,075000,1282,7,352,9
5387,075010,1282,7,352,9
5388,075000,1290,7,352,9
5389,075010,1294,7,352,9
5390,075000,1294,7,352,9
5391,075010,1293,7,352,9
5392,075000,1282,7,352,9
5393,075010,1283,7,352,9
5394,075000,1282,7,352,9
5395,075010,1282,7,352,9
5396,075000,1290,7,352,9
5397,075010,1294,7,352,9
5398,075000,1294,7,352,9
5399,075010,1293,7,352,9
5400,075000,1287,7,352,9
5401,075010,1290,7,352,9
5402,075000,1290,7,352,9
5403,075010,1289,7,352,9
5404,075000,1298,7,352,9
5405,075010,1299,7,352,9
5406,075000,1298,7,352,9
5407,075010,1298,7,352,9
5408,075000,1286,7,352,9
5409,075010,1290,7,352,9
5410,075000,1290,7,352,9
5411,075010,1289,7,352,9
5412,075000,1298,7,352,9
5413,075010,1299,7,352,9
5414,075000,1298,7,352,9
5415,075010,1298,7,352,9
5416,075000,1286,7,352,9
5417,075010,1290,7,352,9
5418,075000,1290,7,352,9
5419,075010,1289,7,352,9
5420,075000,1298,7,352,9
5421,075010,1299,7,352,9
5422,075000,1298,7,352,9
5423,075010,1298,7,352,9
5424,075000,1102,7,352,9
5425,075010,1106,7,352,9
5426,075000,1106,7,352,9
5427,075010,1106,7,352,9
5428,075000,1114,7,352,9
5429,075010,1117,7,352,9
5430,075000,1118,7,352,9
5431,075010,1115,7,352,9
5432,075000,1102,7,352,9
5433,075010,1106,7,352,9
5434,075000,1106,7,352,9
5435,075010,1106,7,352,9
5436,075000,1114,7,352,9
5437,075010,1117,7,352,9
5438,075000,1118,7,352,9
5439,075010,1115,7,352,9
5440,075000,1102,7,352,9
5441,075010,1106,7,352,9
5442,075000,1106,7,352,9
5443,075010,1106,7,352,9
5444,075000,1114,7,352,9
5445,075010,1117,7,352,9
5446,075000,1118,7,352,9
5447,075010,1115,7,352,9
5448,075000,1102,7,352,9
5449,075010,1106,7,352,9
5450,075000,1106,7,352,9
5451,075010,1106,7,352,9
5452,075000,1114,7,352,9
5453,075010,1117,7,352,9
5454,075000,1118,7,352,9
5455,075010,1115,7,352,9
5456,075000,1102,7,352,9
5457,075010,1106,7,352,9
5458,075000,1106,7,352,9
5459,075010,1106,7,352,9
5460,075000,1114,7,352,9
5461,075010,1117,7,352,9
5462,075000,1118,7,352,9
5463,075010,1115,7,352,9
5464,075000,1102,7,352,9
5465,075010,1106,7,352,9
5466,075000,1106,7,352,9
5467,075010,1106,7,352,9
5468,075000,1114,7,352,9
5469,075010,1117,7,352,9
5470,075000,1118,7,352,9
5471,075010,1115,7,352,9
5472,075000,1102,7,352,9
5473,075010,1122,7,352,9
5474,075020,1326,7,352,9
5475,075030,1450,7,352,9
5476,075000,1094,7,352,9
5477,075010,1130,7,352,9
5478,075020,1330,7,352,9
5479,075030,1453,7,352,9
5480,075000,1118,7,352,9
5481,075010,1123,7,352,9
5482,075020,1516,9,448,11
5483,075030,1452,7,352,9
5484,075000,1106,7,352,9
5485,075010,1122,7,352,9
5486,075020,1334,7,352,9
5487,075030,1454,7,352,9
5488,075000,1102,7,352,9
5489,075010,1117,7,352,9
5490,075020,1327,7,352,9
5491,075030,1453,7,352,9
5492,075000,1115,7,352,9
5493,075010,1109,7,352,9
5494,075020,1327,7,352,9
5495,075030,1453,7,352,9
5496,075000,1103,7,352,9
5497,075010,1122,7,352,9
5498,075020,1326,7,352,9
5499,075030,1453,7,352,9
5500,075000,1227,7,352,9
5501,075010,1122,7,352,9
5502,075020,1326,7,352,9
5503,075030,1453,7,352,9
5504,075000,1118,7,352,9
5505,075010,1138,7,352,9
5506,075020,1335,7,352,9
5507,075030,1458,7,352,9
5508,075000,1102,7,352,9
5509,075010,1130,7,352,9
5510,075020,1322,7,352,9
5511,075030,1454,7,352,9
5512,075000,1106,7,352,9
5513,075010,1126,7,352,9
5514,075020,1330,7,352,9
5515,075030,1453,7,352,9
5516,075000,1095,7,352,9
5517,075010,1122,7,352,9
5518,075020,1334,7,352,9
5519,075030,1458,7,352,9
5520,075000,1206,7,352,9
5521,075010,1114,7,352,9
5522,075020,1337,7,352,9
5523,075030,1454,7,352,9
5524,075000,1107,7,352,9
5525,075010,1110,7,352,9
5526,075020,1330,7,352,9
5527,075030,1453,7,352,9
5528,075000,1118,7,352,9
5529,075010,1123,7,352,9
5530,075020,1334,7,352,9
5531,075030,1453,7,352,9
5532,075000,1095,7,352,9
5533,075010,1122,7,352,9
5534,075020,1326,7,352,9
5535,075030,1458,7,352,9
5536,075000,1126,7,352,9
5537,075010,1122,7,352,9
5538,075020,1337,7,352,9
5539,075030,1455,7,352,9
5540,075000,1094,7,352,9
5541,075010,1110,7,352,9
5542,075020,1519,9,448,11
5543,075030,1461,7,352,9
5544,075000,1117,7,352,9
5545,075010,1123,7,352,9
5546,075020,1326,7,352,9
5547,075030,1450,7,352,9
5548,075000,1094,7,352,9
5549,075010,1114,7,352,9
5550,075020,1322,7,352,9
5551,075030,1453,7,352,9
5552,075000,1115,7,352,9
5553,075010,1126,7,352,9
5554,075020,1334,7,352,9
5555,075030,1453,7,352,9
5556,075000,1099,7,352,9
5557,075010,1118,7,352,9
5558,075020,1516,9,448,11
5559,075030,1460,7,352,9
5560,075000,1242,7,352,9
5561,075010,1110,7,352,9
5562,075020,1330,7,352,9
5563,075030,1454,7,352,9
5564,075000,1106,7,352,9
5565,075010,1113,7,352,9
5566,075020,1513,9,448,11
5567,075030,1455,7,352,9
5568,075000,1103,7,352,9
5569,075010,1114,7,352,9
5570,075020,1334,7,352,9
5571,075030,1454,7,352,9
5572,075000,1286,7,352,9
5573,075010,1114,7,352,9
5574,075020,1527,9,448,11
5575,075030,1456,7,352,9
5576,075000,1099,7,352,9
5577,075010,1122,7,352,9
5578,075020,1511,9,448,11
5579,075030,1461,7,352,9
5580,075000,1117,7,352,9
5581,075010,1127,7,352,9
5582,075020,1507,9,448,11
5583,075030,1461,7,352,9
5584,075000,1098,7,352,9
5585,075010,1117,7,352,9
5586,075020,1342,7,352,9
5587,075030,1459,7,352,9
5588,075000,1094,7,352,9
5589,075010,1118,7,352,9
5590,075020,1338,7,352,9
5591,075030,1454,7,352,9
5592,075000,1094,7,352,9
5593,075010,1125,7,352,9
5594,075020,1521,9,448,11
5595,075030,1455,7,352,9
5596,075000,1103,7,352,9
5597,075010,1113,7,352,9
5598,075020,1330,7,352,9
5599,075030,1459,7,352,9
5600,075000,1130,7,352,9
5601,075010,1106,7,352,9
5602,075020,1334,7,352,9
5603,075030,1454,7,352,9
5604,075000,1117,7,352,9
5605,075010,1127,7,352,9
5606,075020,1330,7,352,9
5607,075030,1458,7,352,9
5608,075000,1117,7,352,9
5609,075010,1115,7,352,9
5610,075020,1524,9,448,11
5611,075030,1460,7,352,9
5612,075000,1114,7,352,9
5613,075010,1110,7,352,9
5614,075020,1334,7,352,9
5615,075030,1458,7,352,9
5616,075000,1134,7,352,9
5617,075010,1122,7,352,9
5618,075020,1326,7,352,9
5619,075030,1450,7,352,9
5620,075000,1094,7,352,9
5621,075010,1126,7,352,9
5622,075020,1337,7,352,9
5623,075030,1451,7,352,9
5624,075000,1218,7,352,9
5625,075010,1113,7,352,9
5626,075020,1521,9,448,11
5627,075030,1456,7,352,9
5628,075000,1102,7,352,9
5629,075010,1106,7,352,9
5630,075020,1515,9,448,11
5631,075030,1457,7,352,9
5632,075000,1094,7,352,9
5633,075010,1114,7,352,9
5634,075020,1318,7,352,9
5635,075030,1453,7,352,9
5636,075000,1222,7,352,9
5637,075010,1107,7,352,9
5638,075020,1338,7,352,9
5639,075030,1450,7,352,9
5640,075000,1106,7,352,9
5641,075010,1114,7,352,9
5642,075020,1326,7,352,9
5643,075030,1453,7,352,9
5644,075000,1107,7,352,9
5645,075010,1110,7,352,9
5646,075020,1519,9,448,11
5647,075030,1461,7,352,9
5648,075000,1237,7,352,9
5649,075010,1119,7,352,9
5650,075020,1326,7,352,9
5651,075030,1450,7,352,9
5652,075000,1114,7,352,9
5653,075010,1130,7,352,9
5654,075020,1334,7,352,9
5655,075030,1450,7,352,9
5656,075000,1102,7,352,9
5657,075010,1122,7,352,9
5658,075020,1325,7,352,9
5659,075030,1451,7,352,9
5660,075000,1102,7,352,9
5661,075010,1118,7,352,9
5662,075020,1507,9,448,11
5663,075030,1461,7,352,9
5664,075000,1102,7,352,9
5665,075010,1117,7,352,9
5666,075020,1516,9,448,11
5667,075030,1461,7,352,9
5668,075000,1094,7,352,9
5669,075010,1130,7,352,9
5670,075020,1519,9,448,11
5671,075030,1457,7,352,9
5672,075000,1117,7,352,9
5673,075010,1127,7,352,9
5674,075020,1325,7,352,9
5675,075030,1459,7,352,9
5676,075000,1102,7,352,9
5677,075010,1126,7,352,9
5678,075020,1322,7,352,9
5679,075030,1458,7,352,9
5680,075000,1106,7,352,9
5681,075010,1158,7,352,9
5682,075020,1516,9,448,11
5683,075030,1456,7,352,9
5684,075000,1106,7,352,9
5685,075010,1126,7,352,9
5686,075020,1334,7,352,9
5687,075030,1458,7,352,9
5688,075000,1106,7,352,9
5689,075010,1126,7,352,9
5690,075020,1333,7,352,9
5691,075030,1455,7,352,9
5692,075000,1102,7,352,9
5693,075010,1150,7,352,9
5694,075020,1342,7,352,9
5695,075030,1450,7,352,9
5696,075000,1106,7,352,9
5697,075010,1126,7,352,9
5698,075020,1334,7,352,9
5699,075030,1454,7,352,9
5700,075000,1114,7,352,9
5701,075010,1121,7,352,9
5702,075020,1327,7,352,9
5703,075030,1458,7,352,9
5704,075000,1106,7,352,9
5705,075010,1114,7,352,9
5706,075020,1338,7,352,9
5707,075030,1458,7,352,9
5708,075000,1094,7,352,9
5709,075010,1122,7,352,9
5710,075020,1325,7,352,9
5711,075030,1455,7,352,9
5712,075000,1102,7,352,9
5713,075010,1126,7,352,9
5714,075020,1333,7,352,9
5715,075030,1455,7,352,9
5716,075000,1154,7,352,9
5717,075010,1122,7,352,9
5718,075020,1333,7,352,9
5719,075030,1454,7,352,9
5720,075000,1118,7,352,9
5721,075010,1123,7,352,9
5722,075020,1333,7,352,9
5723,075030,1455,7,352,9
5724,075000,1106,7,352,9
5725,075010,1126,7,352,9
5726,075020,1516,9,448,11
5727,075030,1455,7,352,9
5728,075000,1095,7,352,9
5729,075010,1117,7,352,9
5730,075020,1331,7,352,9
5731,075030,1454,7,352,9
5732,075000,1094,7,352,9
5733,075010,1122,7,352,9
5734,075020,1334,7,352,9
5735,075030,1458,7,352,9
5736,075000,1098,7,352,9
5737,075010,1113,7,352,9
5738,075020,1521,9,448,11
5739,075030,1456,7,352,9
5740,075000,1102,7,352,9
5741,075010,1118,7,352,9
5742,075020,1333,7,352,9
5743,075030,1459,7,352,9
5744,075000,1098,7,352,9
5745,075010,1110,7,352,9
5746,075020,1333,7,352,9
5747,075030,1454,7,352,9
5748,075000,1107,7,352,9
5749,075010,1130,7,352,9
5750,075020,1330,7,352,9
5751,075030,1454,7,352,9
5752,075000,1161,7,352,9
5753,075010,1114,7,352,9
5754,075020,1335,7,352,9
5755,075030,1458,7,352,9
5756,075000,1106,7,352,9
5757,075010,1110,7,352,9
5758,075020,1322,7,352,9
5759,075030,1454,7,352,9
5760,075000,1106,7,352,9
5761,075010,1114,7,352,9
5762,075020,1326,7,352,9
5763,075030,1450,7,352,9
5764,075000,1094,7,352,9
5765,075010,1125,7,352,9
5766,075020,1327,7,352,9
5767,075030,1458,7,352,9
5768,075000,1106,7,352,9
5769,075010,1114,7,352,9
5770,075020,1322,7,352,9
5771,075030,1458,7,352,9
5772,075000,1218,7,352,9
5773,075010,1118,7,352,9
5774,075020,1333,7,352,9
5775,075030,1459,7,352,9
5776,075000,1102,7,352,9
5777,075010,1110,7,352,9
5778,075020,1527,9,448,11
5779,075030,1456,7,352,9
5780,075000,1095,7,352,9
5781,075010,1130,7,352,9
5782,075020,1326,7,352,9
5783,075030,1453,7,352,9
5784,075000,1271,7,352,9
5785,075010,1118,7,352,9
5786,075020,1329,7,352,9
5787,075030,1459,7,352,9
5788,075000,1094,7,352,9
5789,075010,1137,7,352,9
5790,075020,1327,7,352,9
5791,075030,1450,7,352,9
5792,075000,1098,7,352,9
5793,075010,1117,7,352,9
5794,075020,1525,9,448,11
5795,075030,1460,7,352,9
5796,075000,1106,7,352,9
5797,075010,1130,7,352,9
5798,075020,1322,7,352,9
5799,075030,1450,7,352,9
5800,075000,1106,7,352,9
5801,075010,1122,7,352,9
5802,075020,1330,7,352,9
5803,075030,1453,7,352,9
5804,075000,1107,7,352,9
5805,075010,1137,7,352,9
5806,075020,1516,9,448,11
5807,075030,1453,7,352,9
5808,075000,1102,7,352,9
5809,075010,1122,7,352,9
5810,075020,1519,9,448,11
5811,075030,1461,7,352,9
5812,075000,1106,7,352,9
5813,075010,1117,7,352,9
5814,075020,1520,9,448,11
5815,075030,1461,7,352,9
5816,075000,1102,7,352,9
5817,075010,1105,7,352,9
5818,075020,1331,7,352,9
5819,075030,1453,7,352,9
5820,075000,1107,7,352,9
5821,075010,1137,7,352,9
5822,075020,1525,9,448,11
5823,075030,1460,7,352,9
5824,075000,1106,7,352,9
5825,075010,1122,7,352,9
5826,075020,1330,7,352,9
5827,075030,1458,7,352,9
5828,075000,1102,7,352,9
5829,075010,1110,7,352,9
5830,075020,1338,7,352,9
5831,075030,1453,7,352,9
5832,075000,1199,7,352,9
5833,075010,1130,7,352,9
5834,075020,1318,7,352,9
5835,075030,1454,7,352,9
5836,075000,1106,7,352,9
5837,075010,1114,7,352,9
5838,075020,1330,7,352,9
5839,075030,1458,7,352,9
5840,075000,1106,7,352,9
5841,075010,1110,7,352,9
5842,075020,1326,7,352,9
5843,075030,1454,7,352,9
5844,075000,1117,7,352,9
5845,075010,1111,7,352,9
5846,075020,1334,7,352,9
5847,075030,1458,7,352,9
5848,075000,1114,7,352,9
5849,075010,1125,7,352,9
5850,075020,1331,7,352,9
5851,075030,1453,7,352,9
5852,075000,1103,7,352,9
5853,075010,1121,7,352,9
5854,075020,1331,7,352,9
5855,075030,1458,7,352,9
5856,075000,1149,7,352,9
5857,075010,1131,7,352,9
5858,075020,1334,7,352,9
5859,075030,1458,7,352,9
5860,075000,1117,7,352,9
5861,075010,1119,7,352,9
5862,075020,1342,7,352,9
5863,075030,1454,7,352,9
5864,075000,1102,7,352,9
5865,075010,1122,7,352,9
5866,075020,1524,9,448,11
5867,075030,1455,7,352,9
5868,075000,1178,7,352,9
5869,075010,1127,7,352,9
5870,075020,1330,7,352,9
5871,075030,1454,7,352,9
5872,075000,1098,7,352,9
5873,075010,1118,7,352,9
5874,075020,1330,7,352,9
5875,075030,1450,7,352,9
5876,075000,1094,7,352,9
5877,075010,1122,7,352,9
5878,075020,1330,7,352,9
5879,075030,1454,7,352,9
5880,075000,1117,7,352,9
5881,075010,1131,7,352,9
5882,075020,1333,7,352,9
5883,075030,1451,7,352,9
5884,075000,1117,7,352,9
5885,075010,1123,7,352,9
5886,075020,1330,7,352,9
5887,075030,1458,7,352,9
5888,075000,1106,7,352,9
5889,075010,1118,7,352,9
5890,075020,1326,7,352,9
5891,075030,1453,7,352,9
5892,075000,1118,7,352,9
5893,075010,1106,7,352,9
5894,075020,1521,9,448,11
5895,075030,1455,7,352,9
5896,075000,1283,7,352,9
5897,075010,1122,7,352,9
5898,075020,1330,7,352,9
5899,075030,1454,7,352,9
5900,075000,1094,7,352,9
5901,075010,1126,7,352,9
5902,075020,1330,7,352,9
5903,075030,1453,7,352,9
5904,075000,1095,7,352,9
5905,075010,1121,7,352,9
5906,075020,1330,7,352,9
5907,075030,1451,7,352,9
5908,075000,1106,7,352,9
5909,075010,1126,7,352,9
5910,075020,1338,7,352,9
5911,075030,1458,7,352,9
5912,075000,1106,7,352,9
5913,075010,1126,7,352,9
5914,075020,1524,9,448,11
5915,075030,1460,7,352,9
5916,075000,1117,7,352,9
5917,075010,1127,7,352,9
5918,075020,1326,7,352,9
5919,075030,1458,7,352,9
5920,075000,1114,7,352,9
5921,075010,1122,7,352,9
5922,075020,1515,9,448,11
5923,075030,1453,7,352,9
5924,075000,1094,7,352,9
5925,075010,1114,7,352,9
5926,075020,1330,7,352,9
5927,075030,1453,7,352,9
5928,075000,1103,7,352,9
5929,075010,1110,7,352,9
5930,075020,1330,7,352,9
5931,075030,1453,7,352,9
5932,075000,1099,7,352,9
5933,075010,1118,7,352,9
5934,075020,1333,7,352,9
5935,075030,1451,7,352,9
5936,075000,1098,7,352,9
5937,075010,1106,7,352,9
5938,075020,1338,7,352,9
5939,075030,1458,7,352,9
5940,075000,1114,7,352,9
5941,075010,1122,7,352,9
5942,075020,1330,7,352,9
5943,075030,1458,7,352,9
5944,075000,1094,7,352,9
5945,075010,1114,7,352,9
5946,075020,1322,7,352,9
5947,075030,1454,7,352,9
5948,075000,1098,7,352,9
5949,075010,1110,7,352,9
5950,075020,1334,7,352,9
5951,075030,1458,7,352,9
5952,075000,1197,7,352,9
5953,075010,1123,7,352,9
5954,075020,1330,7,352,9
5955,075030,1453,7,352,9
5956,075000,1099,7,352,9
5957,075010,1122,7,352,9
5958,075020,1330,7,352,9
5959,075030,1458,7,352,9
5960,075000,1114,7,352,9
5961,075010,1122,7,352,9
5962,075020,1337,7,352,9
5963,075030,1459,7,352,9
5964,075000,1202,7,352,9
5965,075010,1137,7,352,9
5966,075020,1339,7,352,9
5967,075030,990,7,352,9
5968,075000,1146,7,352,9
5969,075010,1114,7,352,9
5970,075020,1512,9,448,11
5971,075030,1456,7,352,9
5972,075000,1094,7,352,9
5973,075010,1105,7,352,9
5974,075020,1525,9,448,11
5975,075030,1452,7,352,9
5976,075000,1114,7,352,9
5977,075010,1114,7,352,9
5978,075020,1330,7,352,9
5979,075030,1454,7,352,9
5980,075000,1098,7,352,9
5981,075010,1114,7,352,9
5982,075020,1322,7,352,9
5983,075030,1458,7,352,9
5984,075000,1094,7,352,9
5985,075010,1121,7,352,9
5986,075020,1339,7,352,9
5987,075030,1458,7,352,9
5988,075000,1114,7,352,9
5989,075010,1133,7,352,9
5990,075020,1327,7,352,9
5991,075030,1454,7,352,9
5992,075000,1098,7,352,9
5993,075010,1122,7,352,9
5994,075020,1515,9,448,11
5995,075030,1461,7,352,9
5996,075000,1117,7,352,9
5997,075010,1127,7,352,9
5998,075020,1524,9,448,11
5999,075030,1456,7,352,9
6000,075000,1102,7,352,9
6001,075010,1126,7,352,9
6002,075020,1515,9,448,11
6003,075030,1461,7,352,9
6004,075000,1094,7,352,9
6005,075010,1118,7,352,9
6006,075020,1523,9,448,11
6007,075030,1456,7,352,9
6008,075000,1243,7,352,9
6009,075010,1122,7,352,9
6010,075020,1338,7,352,9
6011,075030,1458,7,352,9
6012,075000,1117,7,352,9
6013,075010,1127,7,352,9
6014,075020,1326,7,352,9
6015,075030,1458,7,352,9
6016,075000,1117,7,352,9
6017,075010,1122,7,352,9
6018,075020,1342,7,352,9
6019,075030,1459,7,352,9
6020,075000,1265,7,352,9
6021,075010,1127,7,352,9
6022,075020,1330,7,352,9
6023,075030,1458,7,352,9
6024,075000,1202,7,352,9
6025,075010,1122,7,352,9
6026,075020,1334,7,352,9
6027,075030,1458,7,352,9
6028,075000,1102,7,352,9
6029,075010,1122,7,352,9
6030,075020,1325,7,352,9
6031,075030,1454,7,352,9
6032,075000,1103,7,352,9
6033,075010,1106,7,352,9
6034,075020,1333,7,352,9
6035,075030,1454,7,352,9
6036,075000,1118,7,352,9
6037,075010,1138,7,352,9
6038,075020,1505,9,448,11
6039,075030,1460,7,352,9
6040,075000,1094,7,352,9
6041,075010,1122,7,352,9
6042,075020,1334,7,352,9
6043,075030,1458,7,352,9
6044,075000,1102,7,352,9
6045,075010,1118,7,352,9
6046,075020,1326,7,352,9
6047,075030,1458,7,352,9
6048,075000,1117,7,352,9
6049,075010,1123,7,352,9
6050,075020,1334,7,352,9
6051,075030,1450,7,352,9
6052,075000,1102,7,352,9
6053,075010,1130,7,352,9
6054,075020,1519,9,448,11
6055,075030,1461,7,352,9
6056,075000,1114,7,352,9
6057,075010,1118,7,352,9
6058,075020,1330,7,352,9
6059,075030,1453,7,352,9
6060,075000,1211,7,352,9
6061,075010,1110,7,352,9
6062,075020,1337,7,352,9
6063,075030,1455,7,352,9
6064,075000,1102,7,352,9
6065,075010,1134,7,352,9
6066,075020,1516,9,448,11
6067,075030,1460,7,352,9
6068,075000,1117,7,352,9
6069,075010,1122,7,352,9
6070,075020,1331,7,352,9
6071,075030,1453,7,352,9
6072,075000,1103,7,352,9
6073,075010,1125,7,352,9
6074,075020,1339,7,352,9
6075,075030,1454,7,352,9
6076,075000,1134,7,352,9
6077,075010,1118,7,352,9
6078,075020,1330,7,352,9
6079,075030,1453,7,352,9
6080,075000,1103,7,352,9
6081,075010,1106,7,352,9
6082,075020,1334,7,352,9
6083,075030,1458,7,352,9
6084,075000,1106,7,352,9
6085,075010,1110,7,352,9
6086,075020,1515,9,448,11
6087,075030,1461,7,352,9
6088,075000,1114,7,352,9
6089,075010,1110,7,352,9
6090,075020,1330,7,352,9
6091,075030,1453,7,352,9
6092,075000,1115,7,352,9
6093,075010,1110,7,352,9
6094,075020,1322,7,352,9
6095,075030,1458,7,352,9
6096,075000,1098,7,352,9
6097,075010,1126,7,352,9
6098,075020,1520,9,448,11
6099,075030,1460,7,352,9
6100,075000,1106,7,352,9
6101,075010,1118,7,352,9
6102,075020,1334,7,352,9
6103,075030,1458,7,352,9
6104,075000,1102,7,352,9
6105,075010,1130,7,352,9
6106,075020,986,7,352,9
6107,075030,1453,7,352,9
6108,075000,1198,7,352,9
6109,075010,1123,7,352,9
6110,075020,1326,7,352,9
6111,075030,1458,7,352,9
6112,075000,1102,7,352,9
6113,075010,1121,7,352,9
6114,075020,1334,7,352,9
6115,075030,1459,7,352,9
6116,075000,1114,7,352,9
6117,075010,1118,7,352,9
6118,075020,1330,7,352,9
6119,075030,1458,7,352,9
6120,075000,1094,7,352,9
6121,075010,1110,7,352,9
6122,075020,1326,7,352,9
6123,075030,1450,7,352,9
6124,075000,1241,7,352,9
6125,075010,1131,7,352,9
6126,075020,1330,7,352,9
6127,075030,1458,7,352,9
6128,075000,1197,7,352,9
6129,075010,1119,7,352,9
6130,075020,1329,7,352,9
6131,075030,1451,7,352,9
6132,075000,1102,7,352,9
6133,075010,1126,7,352,9
6134,075020,1512,9,448,11
6135,075030,1460,7,352,9
6136,075000,1117,7,352,9
6137,075010,1115,7,352,9
6138,075020,1511,9,448,11
6139,075030,1461,7,352,9
6140,075000,1113,7,352,9
6141,075010,1122,7,352,9
6142,075020,1335,7,352,9
6143,075030,1458,7,352,9
6144,075000,1102,7,352,9
6145,075010,1122,7,352,9
6146,075020,1330,7,352,9
6147,075030,1450,7,352,9
6148,075000,1102,7,352,9
6149,075010,1126,7,352,9
6150,075020,1330,7,352,9
6151,075030,1453,7,352,9
6152,075000,1194,7,352,9
6153,075010,1135,7,352,9
6154,075020,1326,7,352,9
6155,075030,1458,7,352,9
6156,075000,1094,7,352,9
6157,075010,1126,7,352,9
6158,075020,1330,7,352,9
6159,075030,1458,7,352,9
6160,075000,1094,7,352,9
6161,075010,1122,7,352,9
6162,075020,1325,7,352,9
6163,075030,1459,7,352,9
6164,075000,1114,7,352,9
6165,075010,1130,7,352,9
6166,075020,1334,7,352,9
6167,075030,1458,7,352,9
6168,075000,1117,7,352,9
6169,075010,1107,7,352,9
6170,075020,1330,7,352,9
6171,075030,1454,7,352,9
6172,075000,1098,7,352,9
6173,075010,1110,7,352,9
6174,075020,1516,9,448,11
6175,075030,1456,7,352,9
6176,075000,1094,7,352,9
6177,075010,1122,7,352,9
6178,075020,1334,7,352,9
6179,075030,1454,7,352,9
6180,075000,1094,7,352,9
6181,075010,1130,7,352,9
6182,075020,1330,7,352,9
6183,075030,1453,7,352,9
6184,075000,1118,7,352,9
6185,075010,1114,7,352,9
6186,075020,1335,7,352,9
6187,075030,1458,7,352,9
6188,075000,1145,7,352,9
6189,075010,1119,7,352,9
6190,075020,1326,7,352,9
6191,075030,1454,7,352,9
6192,075000,1102,7,352,9
6193,075010,1114,7,352,9
6194,075020,1334,7,352,9
6195,075030,1453,7,352,9
6196,075000,1239,7,352,9
6197,075010,1122,7,352,9
6198,075020,1322,7,352,9
6199,075030,1454,7,352,9
6200,075000,1297,7,352,9
6201,075010,1127,7,352,9
6202,075020,1508,9,448,11
6203,075030,1455,7,352,9
6204,075000,1099,7,352,9
6205,075010,1110,7,352,9
6206,075020,1334,7,352,9
6207,075030,1453,7,352,9
6208,075000,1103,7,352,9
6209,075010,1126,7,352,9
6210,075020,1326,7,352,9
6211,075030,1454,7,352,9
6212,075000,1102,7,352,9
6213,075010,1106,7,352,9
6214,075020,1520,9,448,11
6215,075030,1460,7,352,9
6216,075000,1106,7,352,9
6217,075010,1122,7,352,9
6218,075020,1334,7,352,9
6219,075030,1454,7,352,9
6220,075000,1106,7,352,9
6221,075010,1114,7,352,9
6222,075020,1318,7,352,9
6223,075030,1453,7,352,9
6224,075000,1115,7,352,9
6225,075010,1122,7,352,9
6226,075020,1338,7,352,9
6227,075030,1453,7,352,9
6228,075000,1119,7,352,9
6229,075010,1121,7,352,9
6230,075020,1326,7,352,9
6231,075030,1451,7,352,9
6232,075000,1106,7,352,9
6233,075010,1117,7,352,9
6234,075020,1331,7,352,9
6235,075030,1454,7,352,9
6236,075000,1102,7,352,9
6237,075010,1137,7,352,9
6238,075020,1343,7,352,9
6239,075030,1453,7,352,9
6240,075000,1107,7,352,9
6241,075010,1122,7,352,9
6242,075020,1516,9,448,11
6243,075030,1460,7,352,9
6244,075000,1106,7,352,9
6245,075010,1122,7,352,9
6246,075020,1519,9,448,11
6247,075030,1457,7,352,9
6248,075000,1094,7,352,9
6249,075010,1122,7,352,9
6250,075020,1326,7,352,9
6251,075030,1454,7,352,9
6252,075000,1102,7,352,9
6253,075010,1122,7,352,9
6254,075020,1527,9,448,11
6255,075030,1461,7,352,9
6256,075000,1098,7,352,9
6257,075010,1110,7,352,9
6258,075020,1337,7,352,9
6259,075030,1451,7,352,9
6260,075000,1102,7,352,9
6261,075010,1121,7,352,9
6262,075020,1330,7,352,9
6263,075030,1451,7,352,9
6264,075000,1094,7,352,9
6265,075010,1118,7,352,9
6266,075020,1318,7,352,9
6267,075030,1458,7,352,9
6268,075000,1098,7,352,9
6269,075010,1110,7,352,9
6270,075020,1333,7,352,9
6271,075030,1454,7,352,9
6272,075000,1118,7,352,9
6273,075010,1115,7,352,9
6274,075020,1330,7,352,9
6275,075030,1454,7,352,9
6276,075000,1094,7,352,9
6277,075010,1106,7,352,9
6278,075020,1326,7,352,9
6279,075030,1458,7,352,9
6280,075000,1106,7,352,9
6281,075010,1117,7,352,9
6282,075020,1339,7,352,9
6283,075030,1458,7,352,9
6284,075000,1102,7,352,9
6285,075010,1130,7,352,9
6286,075020,1341,7,352,9
6287,075030,1459,7,352,9
6288,075000,1129,7,352,9
6289,075010,1111,7,352,9
6290,075020,1334,7,352,9
6291,075030,1458,7,352,9
6292,075000,1114,7,352,9
6293,075010,1110,7,352,9
6294,075020,1516,9,448,11
6295,075030,1456,7,352,9
6296,075000,1106,7,352,9
6297,075010,1121,7,352,9
6298,075020,1335,7,352,9
6299,075030,1458,7,352,9
6300,075000,1222,7,352,9
6301,075010,1126,7,352,9
6302,075020,1330,7,352,9
6303,075030,1458,7,352,9
6304,075000,1102,7,352,9
6305,075010,1110,7,352,9
6306,075020,1334,7,352,9
6307,075030,1458,7,352,9
6308,075000,1117,7,352,9
6309,075010,1123,7,352,9
6310,075020,1330,7,352,9
6311,075030,1458,7,352,9
6312,075000,1270,7,352,9
6313,075010,1122,7,352,9
6314,075020,1326,7,352,9
6315,075030,1458,7,352,9
6316,075000,1170,7,352,9
6317,075010,1137,7,352,9
6318,075020,1343,7,352,9
6319,075030,1454,7,352,9
6320,075000,1102,7,352,9
6321,075010,1118,7,352,9
6322,075020,1338,7,352,9
6323,075030,1454,7,352,9
6324,075000,1106,7,352,9
6325,075010,1122,7,352,9
6326,075020,1516,9,448,11
6327,075030,1456,7,352,9
6328,075000,1114,7,352,9
6329,075010,1121,7,352,9
6330,075020,1323,7,352,9
6331,075030,1453,7,352,9
6332,075000,1211,7,352,9
6333,075010,1130,7,352,9
6334,075020,1334,7,352,9
6335,075030,1458,7,352,9
6336,075000,1117,7,352,9
6337,075010,1123,7,352,9
6338,075020,1329,7,352,9
6339,075030,1459,7,352,9
6340,075000,1162,7,352,9
6341,075010,1110,7,352,9
6342,075020,1519,9,448,11
6343,075030,1461,7,352,9
6344,075000,1117,7,352,9
6345,075010,1162,7,352,9
6346,075020,1520,9,448,11
6347,075030,1457,7,352,9
6348,075000,1117,7,352,9
6349,075010,1111,7,352,9
6350,075020,1342,7,352,9
6351,075030,1454,7,352,9
6352,075000,1194,7,352,9
6353,075010,1122,7,352,9
6354,075020,1334,7,352,9
6355,075030,1458,7,352,9
6356,075000,1102,7,352,9
6357,075010,1126,7,352,9
6358,075020,1520,9,448,11
6359,075030,1460,7,352,9
6360,075000,1098,7,352,9
6361,075010,1117,7,352,9
6362,075020,1319,7,352,9
6363,075030,1458,7,352,9
6364,075000,1290,7,352,9
6365,075010,1126,7,352,9
6366,075020,1334,7,352,9
6367,075030,1453,7,352,9
6368,075000,1107,7,352,9
6369,075010,1113,7,352,9
6370,075020,1327,7,352,9
6371,075030,1454,7,352,9
6372,075000,1125,7,352,9
6373,075010,1122,7,352,9
6374,075020,1516,9,448,11
6375,075030,1456,7,352,9
6376,075000,1115,7,352,9
6377,075010,1110,7,352,9
6378,075020,1330,7,352,9
6379,075030,1453,7,352,9
6380,075000,1095,7,352,9
6381,075010,1122,7,352,9
6382,075020,1334,7,352,9
6383,075030,1458,7,352,9
6384,075000,1094,7,352,9
6385,075010,1137,7,352,9
6386,075020,1331,7,352,9
6387,075030,1458,7,352,9
6388,075000,1197,7,352,9
6389,075010,1119,7,352,9
6390,075020,1337,7,352,9
6391,075030,1451,7,352,9
6392,075000,1106,7,352,9
6393,075010,1137,7,352,9
6394,075020,1528,9,448,11
6395,075030,1461,7,352,9
6396,075000,1094,7,352,9
6397,075010,1109,7,352,9
6398,075020,1521,9,448,11
6399,075030,1455,7,352,9
6400,075000,1115,7,352,9
6401,075010,1118,7,352,9
6402,075020,1512,9,448,11
6403,075030,1455,7,352,9
6404,075000,1107,7,352,9
6405,075010,1110,7,352,9
6406,075020,1512,9,448,11
6407,075030,1455,7,352,9
6408,075000,1115,7,352,9
6409,075010,1126,7,352,9
6410,075020,1520,9,448,11
6411,075030,1460,7,352,9
6412,075000,1106,7,352,9
6413,075010,1122,7,352,9
6414,075020,1325,7,352,9
6415,075030,1454,7,352,9
6416,075000,1151,7,352,9
6417,075010,1122,7,352,9
6418,075020,1345,7,352,9
6419,075030,1459,7,352,9
6420,075000,1102,7,352,9
6421,075010,1130,7,352,9
6422,075020,1528,9,448,11
6423,075030,1460,7,352,9
6424,075000,1098,7,352,9
6425,075010,1118,7,352,9
6426,075020,1314,7,352,9
6427,075030,1458,7,352,9
6428,075000,1106,7,352,9
6429,075010,1122,7,352,9
6430,075020,1337,7,352,9
6431,075030,1454,7,352,9
6432,075000,1103,7,352,9
6433,075010,1130,7,352,9
6434,075020,1326,7,352,9
6435,075030,1453,7,352,9
6436,075000,1118,7,352,9
6437,075010,1123,7,352,9
6438,075020,1511,9,448,11
6439,075030,1456,7,352,9
6440,075000,1103,7,352,9
6441,075010,1126,7,352,9
6442,075020,1338,7,352,9
6443,075030,1458,7,352,9
6444,075000,1098,7,352,9
6445,075010,1114,7,352,9
6446,075020,1516,9,448,11
6447,075030,1460,7,352,9
6448,075000,1106,7,352,9
6449,075010,1118,7,352,9
6450,075020,1524,9,448,11
6451,075030,1460,7,352,9
6452,075000,1102,7,352,9
6453,075010,1130,7,352,9
6454,075020,1326,7,352,9
6455,075030,1450,7,352,9
6456,075000,1117,7,352,9
6457,075010,1119,7,352,9
6458,075020,1337,7,352,9
6459,075030,1451,7,352,9
6460,075000,1117,7,352,9
6461,075010,1123,7,352,9
6462,075020,1334,7,352,9
6463,075030,1454,7,352,9
6464,075000,1106,7,352,9
6465,075010,1113,7,352,9
6466,075020,1327,7,352,9
6467,075030,1450,7,352,9
6468,075000,1106,7,352,9
6469,075010,1113,7,352,9
6470,075020,1517,9,448,11
6471,075030,1460,7,352,9
6472,075000,1278,7,352,9
6473,075010,1122,7,352,9
6474,075020,1515,9,448,11
6475,075030,1461,7,352,9
6476,075000,1226,7,352,9
6477,075010,1118,7,352,9
6478,075020,1523,9,448,11
6479,075030,1461,7,352,9
6480,075000,1106,7,352,9
6481,075010,1125,7,352,9
6482,075020,1343,7,352,9
6483,075030,1458,7,352,9
6484,075000,1094,7,352,9
6485,075010,1114,7,352,9
6486,075020,1329,7,352,9
6487,075030,1455,7,352,9
6488,075000,1106,7,352,9
6489,075010,1101,7,352,9
6490,075020,1331,7,352,9
6491,075030,1458,7,352,9
6492,075000,1094,7,352,9
6493,075010,1117,7,352,9
6494,075020,1520,9,448,11
6495,075030,1457,7,352,9
6496,075000,1094,7,352,9
6497,075010,1130,7,352,9
6498,075020,1334,7,352,9
6499,075030,1453,7,352,9
6500,075000,1115,7,352,9
6501,075010,1130,7,352,9
6502,075020,1516,9,448,11
6503,075030,1455,7,352,9
6504,075000,1115,7,352,9
6505,075010,1130,7,352,9
6506,075020,1334,7,352,9
6507,075030,1458,7,352,9
6508,075000,1106,7,352,9
6509,075010,1125,7,352,9
6510,075020,1323,7,352,9
6511,075030,1450,7,352,9
6512,075000,1106,7,352,9
6513,075010,1122,7,352,9
6514,075020,1333,7,352,9
6515,075030,1459,7,352,9
6516,075000,1102,7,352,9
6517,075010,1137,7,352,9
6518,075020,1323,7,352,9
6519,075030,1450,7,352,9
6520,075000,1098,7,352,9
6521,075010,1122,7,352,9
6522,075020,1330,7,352,9
6523,075030,1453,7,352,9
6524,075000,1103,7,352,9
6525,075010,1110,7,352,9
6526,075020,1330,7,352,9
6527,075030,1454,7,352,9
6528,075000,1286,7,352,9
6529,075010,1122,7,352,9
6530,075020,1523,9,448,11
6531,075030,1461,7,352,9
6532,075000,1170,7,352,9
6533,075010,1118,7,352,9
6534,075020,1512,9,448,11
6535,075030,1460,7,352,9
6536,075000,1117,7,352,9
6537,075010,1138,7,352,9
6538,075020,1528,9,448,11
6539,075030,1456,7,352,9
6540,075000,1103,7,352,9
6541,075010,1114,7,352,9
6542,075020,1338,7,352,9
6543,075030,1458,7,352,9
6544,075000,1102,7,352,9
6545,075010,1114,7,352,9
6546,075020,1326,7,352,9
6547,075030,1453,7,352,9
6548,075000,1099,7,352,9
6549,075010,1118,7,352,9
6550,075020,1334,7,352,9
6551,075030,1458,7,352,9
6552,075000,1117,7,352,9
6553,075010,1119,7,352,9
6554,075020,1322,7,352,9
6555,075030,1458,7,352,9
6556,075000,1106,7,352,9
6557,075010,1130,7,352,9
6558,075020,1326,7,352,9
6559,075030,1450,7,352,9
6560,075000,1102,7,352,9
6561,075010,1114,7,352,9
6562,075020,1338,7,352,9
6563,075030,1454,7,352,9
6564,075000,1106,7,352,9
6565,075010,1122,7,352,9
6566,075020,1326,7,352,9
6567,075030,1454,7,352,9
6568,075000,1094,7,352,9
6569,075010,1110,7,352,9
6570,075020,1520,9,448,11
6571,075030,1460,7,352,9
6572,075000,1094,7,352,9
6573,075010,1114,7,352,9
6574,075020,1334,7,352,9
6575,075030,1454,7,352,9
6576,075000,1106,7,352,9
6577,075010,1106,7,352,9
6578,075020,1326,7,352,9
6579,075030,1454,7,352,9
6580,075000,1102,7,352,9
6581,075010,1110,7,352,9
6582,075020,1330,7,352,9
6583,075030,1458,7,352,9
6584,075000,1114,7,352,9
6585,075010,1118,7,352,9
6586,075020,1334,7,352,9
6587,075030,1458,7,352,9
6588,075000,1117,7,352,9
6589,075010,1115,7,352,9
6590,075020,1516,9,448,11
6591,075030,1456,7,352,9
6592,075000,1217,7,352,9
6593,075010,1123,7,352,9
6594,075020,1322,7,352,9
6595,075030,1450,7,352,9
6596,075000,1094,7,352,9
6597,075010,1114,7,352,9
6598,075020,1516,9,448,11
6599,075030,1460,7,352,9
6600,075000,1094,7,352,9
6601,075010,1121,7,352,9
6602,075020,1327,7,352,9
6603,075030,1450,7,352,9
6604,075000,1094,7,352,9
6605,075010,1122,7,352,9
6606,075020,1338,7,352,9
6607,075030,1453,7,352,9
6608,075000,1099,7,352,9
6609,075010,1118,7,352,9
6610,075020,1519,9,448,11
6611,075030,1456,7,352,9
6612,075000,1099,7,352,9
6613,075010,1126,7,352,9
6614,075020,1338,7,352,9
6615,075030,1450,7,352,9
6616,075000,1234,7,352,9
6617,075010,1122,7,352,9
6618,075020,1326,7,352,9
6619,075030,1458,7,352,9
6620,075000,1106,7,352,9
6621,075010,1110,7,352,9
6622,075020,1322,7,352,9
6623,075030,1453,7,352,9
6624,075000,1279,7,352,9
6625,075010,1118,7,352,9
6626,075020,1511,9,448,11
6627,075030,1456,7,352,9
6628,075000,1283,7,352,9
6629,075010,1117,7,352,9
6630,075020,1327,7,352,9
6631,075030,1454,7,352,9
6632,075000,1098,7,352,9
6633,075010,1121,7,352,9
6634,075020,1331,7,352,9
6635,075030,1458,7,352,9
6636,075000,1106,7,352,9
6637,075010,1130,7,352,9
6638,075020,1342,7,352,9
6639,075030,1458,7,352,9
6640,075000,1102,7,352,9
6641,075010,1114,7,352,9
6642,075020,1330,7,352,9
6643,075030,1454,7,352,9
6644,075000,1094,7,352,9
6645,075010,1114,7,352,9
6646,075020,1523,9,448,11
6647,075030,1461,7,352,9
6648,075000,1106,7,352,9
6649,075010,1106,7,352,9
6650,075020,1519,9,448,11
6651,075030,993,7,352,9
6652,075000,1133,7,352,9
6653,075010,1131,7,352,9
6654,075020,1337,7,352,9
6655,075030,1454,7,352,9
6656,075000,1103,7,352,9
6657,075010,1110,7,352,9
6658,075020,1334,7,352,9
6659,075030,1458,7,352,9
6660,075000,1117,7,352,9
6661,075010,1123,7,352,9
6662,075020,1326,7,352,9
6663,075030,1450,7,352,9
6664,075000,1094,7,352,9
6665,075010,1122,7,352,9
6666,075020,1512,9,448,11
6667,075030,1460,7,352,9
6668,075000,1102,7,352,9
6669,075010,1118,7,352,9
6670,075020,1511,9,448,11
6671,075030,1461,7,352,9
6672,075000,1106,7,352,9
6673,075010,1110,7,352,9
6674,075020,1326,7,352,9
6675,075030,1454,7,352,9
6676,075000,1102,7,352,9
6677,075010,1106,7,352,9
6678,075020,1330,7,352,9
6679,075030,1450,7,352,9
6680,075000,1098,7,352,9
6681,075010,1130,7,352,9
6682,075020,1334,7,352,9
6683,075030,1453,7,352,9
6684,075000,1095,7,352,9
6685,075010,1114,7,352,9
6686,075020,1326,7,352,9
6687,075030,1458,7,352,9
6688,075000,1102,7,352,9
6689,075010,1130,7,352,9
6690,075020,1333,7,352,9
6691,075030,1454,7,352,9
6692,075000,1103,7,352,9
6693,075010,1122,7,352,9
6694,075020,1330,7,352,9
6695,075030,1453,7,352,9
6696,075000,1179,7,352,9
6697,075010,1118,7,352,9
6698,075020,1512,9,448,11
6699,075030,1460,7,352,9
6700,075000,1098,7,352,9
6701,075010,1122,7,352,9
6702,075020,1334,7,352,9
6703,075030,1454,7,352,9
6704,075000,1117,7,352,9
6705,075010,1115,7,352,9
6706,075020,1520,9,448,11
6707,075030,1455,7,352,9
6708,075000,1107,7,352,9
6709,075010,1121,7,352,9
6710,075020,1334,7,352,9
6711,075030,1459,7,352,9
6712,075000,1106,7,352,9
6713,075010,1126,7,352,9
6714,075020,1511,9,448,11
6715,075030,1456,7,352,9
6716,075000,1107,7,352,9
6717,075010,1122,7,352,9
6718,075020,1333,7,352,9
6719,075030,1454,7,352,9
6720,075000,1107,7,352,9
6721,075010,1122,7,352,9
6722,075020,1338,7,352,9
6723,075030,1450,7,352,9
6724,075000,1186,7,352,9
6725,075010,1130,7,352,9
6726,075020,1520,9,448,11
6727,075030,1456,7,352,9
6728,075000,1106,7,352,9
6729,075010,1122,7,352,9
6730,075020,1523,9,448,11
6731,075030,1461,7,352,9
6732,075000,1102,7,352,9
6733,075010,1106,7,352,9
6734,075020,1507,9,448,11
6735,075030,1457,7,352,9
6736,075000,1190,7,352,9
6737,075010,1110,7,352,9
6738,075020,1330,7,352,9
6739,075030,1458,7,352,9
6740,075000,1117,7,352,9
6741,075010,1115,7,352,9
6742,075020,1337,7,352,9
6743,075030,1459,7,352,9
6744,075000,1106,7,352,9
6745,075010,1114,7,352,9
6746,075020,1515,9,448,11
6747,075030,1461,7,352,9
6748,075000,1130,7,352,9
6749,075010,1122,7,352,9
6750,075020,1338,7,352,9
6751,075030,1458,7,352,9
6752,075000,1098,7,352,9
6753,075010,1122,7,352,9
6754,075020,1325,7,352,9
6755,075030,1459,7,352,9
6756,075000,1106,7,352,9
6757,075010,1121,7,352,9
6758,075020,1339,7,352,9
6759,075030,1454,7,352,9
6760,075000,1238,7,352,9
6761,075010,1106,7,352,9
6762,075020,1342,7,352,9
6763,075030,1458,7,352,9
6764,075000,1218,7,352,9
6765,075010,1130,7,352,9
6766,075020,1342,7,352,9
6767,075030,1454,7,352,9
6768,075000,1098,7,352,9
6769,075010,1110,7,352,9
6770,075020,1516,9,448,11
6771,075030,1452,7,352,9
6772,075000,1098,7,352,9
6773,075010,1118,7,352,9
6774,075020,1330,7,352,9
6775,075030,1458,7,352,9
6776,075000,1106,7,352,9
6777,075010,1126,7,352,9
6778,075020,1516,9,448,11
6779,075030,1455,7,352,9
6780,075000,1107,7,352,9
6781,075010,1146,7,352,9
6782,075020,1325,7,352,9
6783,075030,1454,7,352,9
6784,075000,1267,7,352,9
6785,075010,1130,7,352,9
6786,075020,1318,7,352,9
6787,075030,1454,7,352,9
6788,075000,1106,7,352,9
6789,075010,1125,7,352,9
6790,075020,1520,9,448,11
6791,075030,1453,7,352,9
6792,075000,1094,7,352,9
6793,075010,1130,7,352,9
6794,075020,1322,7,352,9
6795,075030,1458,7,352,9
6796,075000,1094,7,352,9
6797,075010,1130,7,352,9
6798,075020,1330,7,352,9
6799,075030,1453,7,352,9
6800,075000,1147,7,352,9
6801,075010,1118,7,352,9
6802,075020,1512,9,448,11
6803,075030,1456,7,352,9
6804,075000,1114,7,352,9
6805,075010,1118,7,352,9
6806,075020,1341,7,352,9
6807,075030,1455,7,352,9
6808,075000,1098,7,352,9
6809,075010,1110,7,352,9
6810,075020,1326,7,352,9
6811,075030,1454,7,352,9
6812,075000,1178,7,352,9
6813,075010,1130,7,352,9
6814,075020,1342,7,352,9
6815,075030,1458,7,352,9
6816,075000,1098,7,352,9
6817,075010,1126,7,352,9
6818,075020,1330,7,352,9
6819,075030,1453,7,352,9
6820,075000,1095,7,352,9
6821,075010,1126,7,352,9
6822,075020,1330,7,352,9
6823,075030,1458,7,352,9
6824,075000,1094,7,352,9
6825,075010,1122,7,352,9
6826,075020,1330,7,352,9
6827,075030,1450,7,352,9
6828,075000,1098,7,352,9
6829,075010,1137,7,352,9
6830,075020,1331,7,352,9
6831,075030,1453,7,352,9
6832,075000,1107,7,352,9
6833,075010,1126,7,352,9
6834,075020,1321,7,352,9
6835,075030,1454,7,352,9
6836,075000,1099,7,352,9
6837,075010,1110,7,352,9
6838,075020,1334,7,352,9
6839,075030,1458,7,352,9
6840,075000,1114,7,352,9
6841,075010,1118,7,352,9
6842,075020,1318,7,352,9
6843,075030,1454,7,352,9
6844,075000,1130,7,352,9
6845,075010,1106,7,352,9
6846,075020,1334,7,352,9
6847,075030,1450,7,352,9
6848,075000,1114,7,352,9
6849,075010,1110,7,352,9
6850,075020,1337,7,352,9
6851,075030,1459,7,352,9
6852,075000,1102,7,352,9
6853,075010,1122,7,352,9
6854,075020,1318,7,352,9
6855,075030,1454,7,352,9
6856,075000,1106,7,352,9
6857,075010,1122,7,352,9
6858,075020,1337,7,352,9
6859,075030,1455,7,352,9
6860,075000,1094,7,352,9
6861,075010,1130,7,352,9
6862,075020,1330,7,352,9
6863,075030,1458,7,352,9
6864,075000,1129,7,352,9
6865,075010,1135,7,352,9
6866,075020,1334,7,352,9
6867,075030,1450,7,352,9
6868,075000,1198,7,352,9
6869,075010,1114,7,352,9
6870,075020,1338,7,352,9
6871,075030,1458,7,352,9
6872,075000,1094,7,352,9
6873,075010,1122,7,352,9
6874,075020,1338,7,352,9
6875,075030,1458,7,352,9
6876,075000,1117,7,352,9
6877,075010,1123,7,352,9
6878,075020,1342,7,352,9
6879,075030,1458,7,352,9
6880,075000,1094,7,352,9
6881,075010,1130,7,352,9
6882,075020,1338,7,352,9
6883,075030,1453,7,352,9
6884,075000,1107,7,352,9
6885,075010,1130,7,352,9
6886,075020,1326,7,352,9
6887,075030,1453,7,352,9
6888,075000,1095,7,352,9
6889,075010,1106,7,352,9
6890,075020,1334,7,352,9
6891,075030,1453,7,352,9
6892,075000,1118,7,352,9
6893,075010,1119,7,352,9
6894,075020,1330,7,352,9
6895,075030,1458,7,352,9
6896,075000,1102,7,352,9
6897,075010,1122,7,352,9
6898,075020,1333,7,352,9
6899,075030,1454,7,352,9
6900,075000,1210,7,352,9
6901,075010,1143,7,352,9
6902,075020,1322,7,352,9
6903,075030,1454,7,352,9
6904,075000,1106,7,352,9
6905,075010,1110,7,352,9
6906,075020,1337,7,352,9
6907,075030,1455,7,352,9
6908,075000,1202,7,352,9
6909,075010,1118,7,352,9
6910,075020,1338,7,352,9
6911,075030,1453,7,352,9
6912,075000,1099,7,352,9
6913,075010,1137,7,352,9
6914,075020,1335,7,352,9
6915,075030,1453,7,352,9
6916,075000,1115,7,352,9
6917,075010,1109,7,352,9
6918,075020,1334,7,352,9
6919,075030,1459,7,352,9
6920,075000,1102,7,352,9
6921,075010,1110,7,352,9
6922,075020,1330,7,352,9
6923,075030,1450,7,352,9
6924,075000,1106,7,352,9
6925,075010,1110,7,352,9
6926,075020,1329,7,352,9
6927,075030,1459,7,352,9
6928,075000,1106,7,352,9
6929,075010,1122,7,352,9
6930,075020,1334,7,352,9
6931,075030,1453,7,352,9
6932,075000,1127,7,352,9
6933,075010,1134,7,352,9
6934,075020,1326,7,352,9
6935,075030,1458,7,352,9
6936,075000,1218,7,352,9
6937,075010,1109,7,352,9
6938,075020,1338,7,352,9
6939,075030,1454,7,352,9
6940,075000,1199,7,352,9
6941,075010,1110,7,352,9
6942,075020,1325,7,352,9
6943,075030,1455,7,352,9
6944,075000,1114,7,352,9
6945,075010,1122,7,352,9
6946,075020,1330,7,352,9
6947,075030,1450,7,352,9
6948,075000,1106,7,352,9
6949,075010,1118,7,352,9
6950,075020,1326,7,352,9
6951,075030,1453,7,352,9
6952,075000,1107,7,352,9
6953,075010,1130,7,352,9
6954,075020,1334,7,352,9
6955,075030,1458,7,352,9
6956,075000,1117,7,352,9
6957,075010,1127,7,352,9
6958,075020,1330,7,352,9
6959,075030,1454,7,352,9
6960,075000,1166,7,352,9
6961,075010,1130,7,352,9
6962,075020,1330,7,352,9
6963,075030,1453,7,352,9
6964,075000,1103,7,352,9
6965,075010,1126,7,352,9
6966,075020,1322,7,352,9
6967,075030,1453,7,352,9
6968,075000,1115,7,352,9
6969,075010,1130,7,352,9
6970,075020,1334,7,352,9
6971,075030,1458,7,352,9
6972,075000,1102,7,352,9
6973,075010,1121,7,352,9
6974,075020,1513,9,448,11
6975,075030,1455,7,352,9
6976,075000,1099,7,352,9
6977,075010,1130,7,352,9
6978,075020,1524,9,448,11
6979,075030,1452,7,352,9
6980,075000,1106,7,352,9
6981,075010,1125,7,352,9
6982,075020,1339,7,352,9
6983,075030,1453,7,352,9
6984,075000,1099,7,352,9
6985,075010,1117,7,352,9
6986,075020,1327,7,352,9
6987,075030,1450,7,352,9
6988,075000,1098,7,352,9
6989,075010,1122,7,352,9
6990,075020,1330,7,352,9
6991,075030,1458,7,352,9
6992,075000,1106,7,352,9
6993,075010,1178,7,352,9
6994,075020,1512,9,448,11
6995,075030,1460,7,352,9
6996,075000,1094,7,352,9
6997,075010,1130,7,352,9
6998,075020,1523,9,448,11
6999,075030,1453,7,352,9
7000,075000,1106,7,352,9
7001,075010,1110,7,352,9
7002,075020,1326,7,352,9
7003,075030,1458,7,352,9
7004,075000,1094,7,352,9
7005,075010,1110,7,352,9
7006,075020,1337,7,352,9
7007,075030,1455,7,352,9
7008,075000,1106,7,352,9
7009,075010,1106,7,352,9
7010,075020,1527,9,448,11
7011,075030,1456,7,352,9
7012,075000,1214,7,352,9
7013,075010,1131,7,352,9
7014,075020,1334,7,352,9
7015,075030,1458,7,352,9
7016,075000,1102,7,352,9
7017,075010,1118,7,352,9
7018,075020,1318,7,352,9
7019,075030,1453,7,352,9
7020,075000,1103,7,352,9
7021,075010,1122,7,352,9
7022,075020,1329,7,352,9
7023,075030,1459,7,352,9
7024,075000,1114,7,352,9
7025,075010,1114,7,352,9
7026,075020,1342,7,352,9
7027,075030,1458,7,352,9
7028,075000,1106,7,352,9
7029,075010,1137,7,352,9
7030,075020,1334,7,352,9
7031,075030,1459,7,352,9
7032,075000,1126,7,352,9
7033,075010,1122,7,352,9
7034,075020,1334,7,352,9
7035,075030,1453,7,352,9
7036,075000,1155,7,352,9
7037,075010,1130,7,352,9
7038,075020,1515,9,448,11
7039,075030,1461,7,352,9
7040,075000,1106,7,352,9
7041,075010,1122,7,352,9
7042,075020,1527,9,448,11
7043,075030,1457,7,352,9
7044,075000,1102,7,352,9
7045,075010,1137,7,352,9
7046,075020,1521,9,448,11
7047,075030,1452,7,352,9
7048,075000,1114,7,352,9
7049,075010,1110,7,352,9
7050,075020,1520,9,448,11
7051,075030,1460,7,352,9
7052,075000,1106,7,352,9
7053,075010,1126,7,352,9
7054,075020,1519,9,448,11
7055,075030,1457,7,352,9
7056,075000,1273,7,352,9
7057,075010,1107,7,352,9
7058,075020,1333,7,352,9
7059,075030,1455,7,352,9
7060,075000,1114,7,352,9
7061,075010,1122,7,352,9
7062,075020,1334,7,352,9
7063,075030,1458,7,352,9
7064,075000,1254,7,352,9
7065,075010,1130,7,352,9
7066,075020,1330,7,352,9
7067,075030,1454,7,352,9
7068,075000,1114,7,352,9
7069,075010,1110,7,352,9
7070,075020,1329,7,352,9
7071,075030,1459,7,352,9
7072,075000,1102,7,352,9
7073,075010,1118,7,352,9
7074,075020,1330,7,352,9
7075,075030,1453,7,352,9
7076,075000,1287,7,352,9
7077,075010,1126,7,352,9
7078,075020,1337,7,352,9
7079,075030,1455,7,352,9
7080,075000,1114,7,352,9
7081,075010,1126,7,352,9
7082,075020,1326,7,352,9
7083,075030,1453,7,352,9
7084,075000,1107,7,352,9
7085,075010,1110,7,352,9
7086,075020,1334,7,352,9
7087,075030,1453,7,352,9
7088,075000,1218,7,352,9
7089,075010,1111,7,352,9
7090,075020,1515,9,448,11
7091,075030,1461,7,352,9
7092,075000,1106,7,352,9
7093,075010,1130,7,352,9
7094,075020,1330,7,352,9
7095,075030,1454,7,352,9
7096,075000,1102,7,352,9
7097,075010,1110,7,352,9
7098,075020,1531,9,448,11
7099,075030,1456,7,352,9
7100,075000,1103,7,352,9
7101,075010,1121,7,352,9
7102,075020,1331,7,352,9
7103,075030,1453,7,352,9
7104,075000,1103,7,352,9
7105,075010,1110,7,352,9
7106,075020,1520,9,448,11
7107,075030,1455,7,352,9
7108,075000,1103,7,352,9
7109,075010,1122,7,352,9
7110,075020,1326,7,352,9
7111,075030,1454,7,352,9
7112,075000,1117,7,352,9
7113,075010,1111,7,352,9
7114,075020,1516,9,448,11
7115,075030,1460,7,352,9
7116,075000,1138,7,352,9
7117,075010,1117,7,352,9
7118,075020,1334,7,352,9
7119,075030,1455,7,352,9
7120,075000,1221,7,352,9
7121,075010,1107,7,352,9
7122,075020,1338,7,352,9
7123,075030,1458,7,352,9
7124,075000,1094,7,352,9
7125,075010,1137,7,352,9
7126,075020,1335,7,352,9
7127,075030,1454,7,352,9
7128,075000,1094,7,352,9
7129,075010,1138,7,352,9
7130,075020,1334,7,352,9
7131,075030,1458,7,352,9
7132,075000,1106,7,352,9
7133,075010,1114,7,352,9
7134,075020,1350,7,352,9
7135,075030,1458,7,352,9
7136,075000,1102,7,352,9
7137,075010,1137,7,352,9
7138,075020,1520,9,448,11
7139,075030,1461,7,352,9
7140,075000,1102,7,352,9
7141,075010,1138,7,352,9
7142,075020,1512,9,448,11
7143,075030,1460,7,352,9
7144,075000,1094,7,352,9
7145,075010,1106,7,352,9
7146,075020,1326,7,352,9
7147,075030,1454,7,352,9
7148,075000,1242,7,352,9
7149,075010,1117,7,352,9
7150,075020,1516,9,448,11
7151,075030,1457,7,352,9
7152,075000,1106,7,352,9
7153,075010,1110,7,352,9
7154,075020,1338,7,352,9
7155,075030,1458,7,352,9
7156,075000,1222,7,352,9
7157,075010,1122,7,352,9
7158,075020,1334,7,352,9
7159,075030,1453,7,352,9
7160,075000,1115,7,352,9
7161,075010,1113,7,352,9
7162,075020,1331,7,352,9
7163,075030,1454,7,352,9
7164,075000,1158,7,352,9
7165,075010,1130,7,352,9
7166,075020,1516,9,448,11
7167,075030,1456,7,352,9
7168,075000,1209,7,352,9
7169,075010,1131,7,352,9
7170,075020,1338,7,352,9
7171,075030,1458,7,352,9
7172,075000,1106,7,352,9
7173,075010,1122,7,352,9
7174,075020,1329,7,352,9
7175,075030,1459,7,352,9
7176,075000,1114,7,352,9
7177,075010,1117,7,352,9
7178,075020,1339,7,352,9
7179,075030,1458,7,352,9
7180,075000,1282,7,352,9
7181,075010,1122,7,352,9
7182,075020,1329,7,352,9
7183,075030,1451,7,352,9
7184,075000,1193,7,352,9
7185,075010,1138,7,352,9
7186,075020,1326,7,352,9
7187,075030,1454,7,352,9
7188,075000,1103,7,352,9
7189,075010,1122,7,352,9
7190,075020,1330,7,352,9
7191,075030,1454,7,352,9
7192,075000,1114,7,352,9
7193,075010,1122,7,352,9
7194,075020,1330,7,352,9
7195,075030,1458,7,352,9
7196,075000,1102,7,352,9
7197,075010,1118,7,352,9
7198,075020,1330,7,352,9
7199,075030,1454,7,352,9
7200,075000,1098,7,352,9
7201,075010,1105,7,352,9
7202,075020,1323,7,352,9
7203,075030,1458,7,352,9
7204,075000,1106,7,352,9
7205,075010,1122,7,352,9
7206,075020,1516,9,448,11
7207,075030,1455,7,352,9
7208,075000,1115,7,352,9
7209,075010,1130,7,352,9
7210,075020,1325,7,352,9
7211,075030,1454,7,352,9
7212,075000,1103,7,352,9
7213,075010,1114,7,352,9
7214,075020,1338,7,352,9
7215,075030,1458,7,352,9
7216,075000,1114,7,352,9
7217,075010,1118,7,352,9
7218,075020,1330,7,352,9
7219,075030,1454,7,352,9
7220,075000,1102,7,352,9
7221,075010,1122,7,352,9
7222,075020,1334,7,352,9
7223,075030,1454,7,352,9
7224,075000,1117,7,352,9
7225,075010,1126,7,352,9
7226,075020,1339,7,352,9
7227,075030,1458,7,352,9
7228,075000,1170,7,352,9
7229,075010,1122,7,352,9
7230,075020,1338,7,352,9
7231,075030,1450,7,352,9
7232,075000,1094,7,352,9
7233,075010,1122,7,352,9
7234,075020,1334,7,352,9
7235,075030,1454,7,352,9
7236,075000,1114,7,352,9
7237,075010,1142,7,352,9
7238,075020,1330,7,352,9
7239,075030,1454,7,352,9
7240,075000,1102,7,352,9
7241,075010,1134,7,352,9
7242,075020,1338,7,352,9
7243,075030,1454,7,352,9
7244,075000,1102,7,352,9
7245,075010,1130,7,352,9
7246,075020,1516,9,448,11
7247,075030,1455,7,352,9
7248,075000,1103,7,352,9
7249,075010,1118,7,352,9
7250,075020,1515,9,448,11
7251,075030,1461,7,352,9
7252,075000,1114,7,352,9
7253,075010,1125,7,352,9
7254,075020,1330,7,352,9
7255,075030,1454,7,352,9
7256,075000,1159,7,352,9
7257,075010,1126,7,352,9
7258,075020,1337,7,352,9
7259,075030,1459,7,352,9
7260,075000,1102,7,352,9
7261,075010,1114,7,352,9
7262,075020,1334,7,352,9
7263,075030,1453,7,352,9
7264,075000,1211,7,352,9
7265,075010,1126,7,352,9
7266,075020,1325,7,352,9
7267,075030,1459,7,352,9
7268,075000,1125,7,352,9
7269,075010,1111,7,352,9
7270,075020,1333,7,352,9
7271,075030,1459,7,352,9
7272,075000,1230,7,352,9
7273,075010,1122,7,352,9
7274,075020,1334,7,352,9
7275,075030,1450,7,352,9
7276,075000,1102,7,352,9
7277,075010,1117,7,352,9
7278,075020,1509,9,448,11
7279,075030,1456,7,352,9
7280,075000,1106,7,352,9
7281,075010,1122,7,352,9
7282,075020,1330,7,352,9
7283,075030,1450,7,352,9
7284,075000,1102,7,352,9
7285,075010,1126,7,352,9
7286,075020,1322,7,352,9
7287,075030,1458,7,352,9
7288,075000,1129,7,352,9
7289,075010,1127,7,352,9
7290,075020,1516,9,448,11
7291,075030,1455,7,352,9
7292,075000,1107,7,352,9
7293,075010,1142,7,352,9
7294,075020,1520,9,448,11
7295,075030,1460,7,352,9
7296,075000,1102,7,352,9
7297,075010,1161,7,352,9
7298,075020,1339,7,352,9
7299,075030,1458,7,352,9
7300,075000,1094,7,352,9
7301,075010,1125,7,352,9
7302,075020,1331,7,352,9
7303,075030,1453,7,352,9
7304,075000,1227,7,352,9
7305,075010,1126,7,352,9
7306,075020,1334,7,352,9
7307,075030,1454,7,352,9
7308,075000,1106,7,352,9
7309,075010,1122,7,352,9
7310,075020,1326,7,352,9
7311,075030,1450,7,352,9
7312,075000,1190,7,352,9
7313,075010,1130,7,352,9
7314,075020,1520,9,448,11
7315,075030,1460,7,352,9
7316,075000,1106,7,352,9
7317,075010,1106,7,352,9
7318,075020,1330,7,352,9
7319,075030,1458,7,352,9
7320,075000,1098,7,352,9
7321,075010,1130,7,352,9
7322,075020,1338,7,352,9
7323,075030,1453,7,352,9
7324,075000,1095,7,352,9
7325,075010,1110,7,352,9
7326,075020,1333,7,352,9
7327,075030,1451,7,352,9
7328,075000,1209,7,352,9
7329,075010,1127,7,352,9
7330,075020,1330,7,352,9
7331,075030,1458,7,352,9
7332,075000,1273,7,352,9
7333,075010,1127,7,352,9
7334,075020,1520,9,448,11
7335,075030,1460,7,352,9
7336,075000,1102,7,352,9
7337,075010,1130,7,352,9
7338,075020,1345,7,352,9
7339,075030,1454,7,352,9
7340,075000,1171,7,352,9
7341,075010,1114,7,352,9
7342,075020,1322,7,352,9
7343,075030,1458,7,352,9
7344,075000,1106,7,352,9
7345,075010,1110,7,352,9
7346,075020,1330,7,352,9
7347,075030,1454,7,352,9
7348,075000,1230,7,352,9
7349,075010,1118,7,352,9
7350,075020,1330,7,352,9
7351,075030,1458,7,352,9
7352,075000,1114,7,352,9
7353,075010,1126,7,352,9
7354,075020,1516,9,448,11
7355,075030,1460,7,352,9
7356,075000,1102,7,352,9
7357,075010,1137,7,352,9
7358,075020,1323,7,352,9
7359,075030,1458,7,352,9
7360,075000,1106,7,352,9
7361,075010,1114,7,352,9
7362,075020,1520,9,448,11
7363,075030,1456,7,352,9
7364,075000,1102,7,352,9
7365,075010,1122,7,352,9
7366,075020,1333,7,352,9
7367,075030,1459,7,352,9
7368,075000,1102,7,352,9
7369,075010,1105,7,352,9
7370,075020,1513,9,448,11
7371,075030,1452,7,352,9
7372,075000,1117,7,352,9
7373,075010,1135,7,352,9
7374,075020,1516,9,448,11
7375,075030,1460,7,352,9
7376,075000,1186,7,352,9
7377,075010,1110,7,352,9
7378,075020,1318,7,352,9
7379,075030,1458,7,352,9
7380,075000,1098,7,352,9
7381,075010,1134,7,352,9
7382,075020,1512,9,448,11
7383,075030,1455,7,352,9
7384,075000,1107,7,352,9
7385,075010,1130,7,352,9
7386,075020,1527,9,448,11
7387,075030,1461,7,352,9
7388,075000,1213,7,352,9
7389,075010,1123,7,352,9
7390,075020,1512,9,448,11
7391,075030,1456,7,352,9
7392,075000,1117,7,352,9
7393,075010,1126,7,352,9
7394,075020,1335,7,352,9
7395,075030,1454,7,352,9
7396,075000,1094,7,352,9
7397,075010,1122,7,352,9
7398,075020,1322,7,352,9
7399,075030,1453,7,352,9
7400,075000,1239,7,352,9
7401,075010,1122,7,352,9
7402,075020,1334,7,352,9
7403,075030,1453,7,352,9
7404,075000,1195,7,352,9
7405,075010,1122,7,352,9
7406,075020,1520,9,448,11
7407,075030,1460,7,352,9
7408,075000,1117,7,352,9
7409,075010,1127,7,352,9
7410,075020,1338,7,352,9
7411,075030,1458,7,352,9
7412,075000,1102,7,352,9
7413,075010,1130,7,352,9
7414,075020,1325,7,352,9
7415,075030,1459,7,352,9
7416,075000,1269,7,352,9
7417,075010,1123,7,352,9
7418,075020,1507,9,448,11
7419,075030,1461,7,352,9
7420,075000,1102,7,352,9
7421,075010,1118,7,352,9
7422,075020,1338,7,352,9
7423,075030,1454,7,352,9
7424,075000,1098,7,352,9
7425,075010,1122,7,352,9
7426,075020,1334,7,352,9
7427,075030,1453,7,352,9
7428,075000,1118,7,352,9
7429,075010,1131,7,352,9
7430,075020,1330,7,352,9
7431,075030,1450,7,352,9
7432,075000,1270,7,352,9
7433,075010,1126,7,352,9
7434,075020,1326,7,352,9
7435,075030,1454,7,352,9
7436,075000,1122,7,352,9
7437,075010,1121,7,352,9
7438,075020,1331,7,352,9
7439,075030,1458,7,352,9
7440,075000,1106,7,352,9
7441,075010,1122,7,352,9
7442,075020,1330,7,352,9
7443,075030,1450,7,352,9
7444,075000,1098,7,352,9
7445,075010,1122,7,352,9
7446,075020,1326,7,352,9
7447,075030,1454,7,352,9
7448,075000,1270,7,352,9
7449,075010,1110,7,352,9
7450,075020,1330,7,352,9
7451,075030,1450,7,352,9
7452,075000,1106,7,352,9
7453,075010,1122,7,352,9
7454,075020,1527,9,448,11
7455,075030,1461,7,352,9
7456,075000,1230,7,352,9
7457,075010,1125,7,352,9
7458,075020,1516,9,448,11
7459,075030,1456,7,352,9
7460,075000,1107,7,352,9
7461,075010,1106,7,352,9
7462,075020,1330,7,352,9
7463,075030,1453,7,352,9
7464,075000,1103,7,352,9
7465,075010,1114,7,352,9
7466,075020,1337,7,352,9
7467,075030,1454,7,352,9
7468,075000,1107,7,352,9
7469,075010,1130,7,352,9
7470,075020,989,7,352,9
7471,075030,1459,7,352,9
7472,075000,1170,7,352,9
7473,075010,1121,7,352,9
7474,075020,1330,7,352,9
7475,075030,1459,7,352,9
7476,075000,1114,7,352,9
7477,075010,1122,7,352,9
7478,075020,1330,7,352,9
7479,075030,1454,7,352,9
7480,075000,1102,7,352,9
7481,075010,1122,7,352,9
7482,075020,1519,9,448,11
7483,075030,1453,7,352,9
7484,075000,1106,7,352,9
7485,075010,1106,7,352,9
7486,075020,1334,7,352,9
7487,075030,1454,7,352,9
7488,075000,1102,7,352,9
7489,075010,1118,7,352,9
7490,075020,1322,7,352,9
7491,075030,1458,7,352,9
7492,075000,1149,7,352,9
7493,075010,1123,7,352,9
7494,075020,1337,7,352,9
7495,075030,1455,7,352,9
7496,075000,1102,7,352,9
7497,075010,1118,7,352,9
7498,075020,1508,9,448,11
7499,075030,1456,7,352,9
7500,075000,1110,7,352,9
7501,075010,1134,7,352,9
7502,075020,1334,7,352,9
7503,075030,1458,7,352,9
7504,075000,1106,7,352,9
7505,075010,1110,7,352,9
7506,075020,1341,7,352,9
7507,075030,1459,7,352,9
7508,075000,1262,7,352,9
7509,075010,1126,7,352,9
7510,075020,1341,7,352,9
7511,075030,1455,7,352,9
7512,075000,1094,7,352,9
7513,075010,1122,7,352,9
7514,075020,1342,7,352,9
7515,075030,1453,7,352,9
7516,075000,1115,7,352,9
7517,075010,1137,7,352,9
7518,075020,1335,7,352,9
7519,075030,1458,7,352,9
7520,075000,1102,7,352,9
7521,075010,1102,7,352,9
7522,075020,1520,9,448,11
7523,075030,1456,7,352,9
7524,075000,1117,7,352,9
7525,075010,1139,7,352,9
7526,075020,1326,7,352,9
7527,075030,1450,7,352,9
7528,075000,1109,7,352,9
7529,075010,1127,7,352,9
7530,075020,1338,7,352,9
7531,075030,1458,7,352,9
7532,075000,1102,7,352,9
7533,075010,1106,7,352,9
7534,075020,1334,7,352,9
7535,075030,1454,7,352,9
7536,075000,1106,7,352,9
7537,075010,1122,7,352,9
7538,075020,1330,7,352,9
7539,075030,1450,7,352,9
7540,075000,1102,7,352,9
7541,075010,1122,7,352,9
7542,075020,1333,7,352,9
7543,075030,1451,7,352,9
7544,075000,1230,7,352,9
7545,075010,1114,7,352,9
7546,075020,1330,7,352,9
7547,075030,1453,7,352,9
7548,075000,1115,7,352,9
7549,075010,1122,7,352,9
7550,075020,1519,9,448,11
7551,075030,1456,7,352,9
7552,075000,1103,7,352,9
7553,075010,1114,7,352,9
7554,075020,1337,7,352,9
7555,075030,1455,7,352,9
7556,075000,1254,7,352,9
7557,075010,1122,7,352,9
7558,075020,1334,7,352,9
7559,075030,1453,7,352,9
7560,075000,1107,7,352,9
7561,075010,1106,7,352,9
7562,075020,1342,7,352,9
7563,075030,1458,7,352,9
7564,075000,1102,7,352,9
7565,075010,1118,7,352,9
7566,075020,1330,7,352,9
7567,075030,1458,7,352,9
7568,075000,1106,7,352,9
7569,075010,1118,7,352,9
7570,075020,1322,7,352,9
7571,075030,1453,7,352,9
7572,075000,1115,7,352,9
7573,075010,1114,7,352,9
7574,075020,1330,7,352,9
7575,075030,1450,7,352,9
7576,075000,1102,7,352,9
7577,075010,1110,7,352,9
7578,075020,1330,7,352,9
7579,075030,1453,7,352,9
7580,075000,1107,7,352,9
7581,075010,1110,7,352,9
7582,075020,1516,9,448,11
7583,075030,1460,7,352,9
7584,075000,1266,7,352,9
7585,075010,1130,7,352,9
7586,075020,1520,9,448,11
7587,075030,1456,7,352,9
7588,075000,1134,7,352,9
7589,075010,1121,7,352,9
7590,075020,1330,7,352,9
7591,075030,1451,7,352,9
7592,075000,1114,7,352,9
7593,075010,1137,7,352,9
7594,075020,1334,7,352,9
7595,075030,1459,7,352,9
7596,075000,1102,7,352,9
7597,075010,1122,7,352,9
7598,075020,1334,7,352,9
7599,075030,1458,7,352,9
7600,075000,1106,7,352,9
7601,075010,1114,7,352,9
7602,075020,1326,7,352,9
7603,075030,1458,7,352,9
7604,075000,1094,7,352,9
7605,075010,1130,7,352,9
7606,075020,1322,7,352,9
7607,075030,990,7,352,9
7608,075000,1114,7,352,9
7609,075010,1114,7,352,9
7610,075020,1330,7,352,9
7611,075030,1458,7,352,9
7612,075000,1106,7,352,9
7613,075010,1307,9,448,11
7614,075020,1328,7,352,9
7615,075030,1459,7,352,9
7616,075000,1286,7,352,9
7617,075010,1130,7,352,9
7618,075020,1524,9,448,11
7619,075030,1455,7,352,9
7620,075000,1103,7,352,9
7621,075010,1122,7,352,9
7622,075020,1507,9,448,11
7623,075030,1453,7,352,9
7624,075000,1094,7,352,9
7625,075010,1118,7,352,9
7626,075020,1329,7,352,9
7627,075030,1455,7,352,9
7628,075000,1106,7,352,9
7629,075010,1110,7,352,9
7630,075020,1338,7,352,9
7631,075030,1453,7,352,9
7632,075000,1275,7,352,9
7633,075010,1118,7,352,9
7634,075020,1326,7,352,9
7635,075030,1450,7,352,9
7636,075000,1102,7,352,9
7637,075010,1122,7,352,9
7638,075020,1334,7,352,9
7639,075030,1453,7,352,9
7640,075000,1214,7,352,9
7641,075010,1118,7,352,9
7642,075020,1335,7,352,9
7643,075030,1453,7,352,9
7644,075000,1095,7,352,9
7645,075010,1122,7,352,9
7646,075020,1333,7,352,9
7647,075030,1455,7,352,9
7648,075000,1094,7,352,9
7649,075010,1122,7,352,9
7650,075020,1512,9,448,11
7651,075030,1460,7,352,9
7652,075000,1274,7,352,9
7653,075010,1125,7,352,9
7654,075020,1335,7,352,9
7655,075030,1453,7,352,9
7656,075000,1115,7,352,9
7657,075010,1126,7,352,9
7658,075020,1512,9,448,11
7659,075030,1455,7,352,9
7660,075000,1103,7,352,9
7661,075010,1118,7,352,9
7662,075020,1330,7,352,9
7663,075030,1458,7,352,9
7664,075000,1106,7,352,9
7665,075010,1118,7,352,9
7666,075020,1334,7,352,9
7667,075030,1454,7,352,9
7668,075000,1174,7,352,9
7669,075010,1126,7,352,9
7670,075020,1337,7,352,9
7671,075030,1459,7,352,9
7672,075000,1114,7,352,9
7673,075010,1126,7,352,9
7674,075020,1329,7,352,9
7675,075030,1459,7,352,9
7676,075000,1102,7,352,9
7677,075010,1122,7,352,9
7678,075020,1334,7,352,9
7679,075030,1458,7,352,9
7680,075000,1106,7,352,9
7681,075010,1122,7,352,9
7682,075020,1337,7,352,9
7683,075030,1459,7,352,9
7684,075000,1106,7,352,9
7685,075010,1118,7,352,9
7686,075020,1322,7,352,9
7687,075030,1458,7,352,9
7688,075000,1102,7,352,9
7689,075010,1117,7,352,9
7690,075020,1335,7,352,9
7691,075030,1454,7,352,9
7692,075000,1102,7,352,9
7693,075010,1134,7,352,9
7694,075020,1330,7,352,9
7695,075030,1458,7,352,9
7696,075000,1126,7,352,9
7697,075010,1122,7,352,9
7698,075020,1515,9,448,11
7699,075030,1456,7,352,9
7700,075000,1199,7,352,9
7701,075010,1122,7,352,9
7702,075020,1334,7,352,9
7703,075030,1454,7,352,9
7704,075000,1106,7,352,9
7705,075010,1113,7,352,9
7706,075020,1326,7,352,9
7707,075030,1454,7,352,9
7708,075000,1107,7,352,9
7709,075010,1121,7,352,9
7710,075020,1330,7,352,9
7711,075030,1454,7,352,9
7712,075000,1259,7,352,9
7713,075010,1117,7,352,9
7714,075020,1505,9,448,11
7715,075030,1460,7,352,9
7716,075000,1114,7,352,9
7717,075010,1122,7,352,9
7718,075020,1326,7,352,9
7719,075030,1458,7,352,9
7720,075000,1126,7,352,9
7721,075010,1130,7,352,9
7722,075020,1338,7,352,9
7723,075030,1458,7,352,9
7724,075000,1102,7,352,9
7725,075010,1134,7,352,9
7726,075020,1333,7,352,9
7727,075030,1455,7,352,9
7728,075000,1117,7,352,9
7729,075010,1139,7,352,9
7730,075020,1322,7,352,9
7731,075030,1450,7,352,9
7732,075000,1102,7,352,9
7733,075010,1122,7,352,9
7734,075020,1326,7,352,9
7735,075030,1453,7,352,9
7736,075000,1259,7,352,9
7737,075010,1110,7,352,9
7738,075020,1334,7,352,9
7739,075030,1458,7,352,9
7740,075000,1102,7,352,9
7741,075010,1137,7,352,9
7742,075020,1334,7,352,9
7743,075030,1459,7,352,9
7744,075000,1230,7,352,9
7745,075010,1122,7,352,9
7746,075020,1326,7,352,9
7747,075030,1458,7,352,9
7748,075000,1106,7,352,9
7749,075010,1126,7,352,9
7750,075020,1334,7,352,9
7751,075030,1458,7,352,9
7752,075000,1106,7,352,9
7753,075010,1137,7,352,9
7754,075020,1335,7,352,9
7755,075030,1458,7,352,9
7756,075000,1106,7,352,9
7757,075010,1114,7,352,9
7758,075020,1329,7,352,9
7759,075030,1459,7,352,9
7760,075000,1126,7,352,9
7761,075010,1122,7,352,9
7762,075020,1326,7,352,9
7763,075030,1453,7,352,9
7764,075000,1103,7,352,9
7765,075010,1122,7,352,9
7766,075020,1330,7,352,9
7767,075030,1454,7,352,9
7768,075000,1106,7,352,9
7769,075010,1110,7,352,9
7770,075020,1511,9,448,11
7771,075030,1461,7,352,9
7772,075000,1098,7,352,9
7773,075010,1117,7,352,9
7774,075020,1524,9,448,11
7775,075030,1457,7,352,9
7776,075000,1117,7,352,9
7777,075010,1119,7,352,9
7778,075020,1333,7,352,9
7779,075030,1455,7,352,9
7780,075000,1117,7,352,9
7781,075010,1155,7,352,9
7782,075020,1330,7,352,9
7783,075030,1458,7,352,9
7784,075000,1098,7,352,9
7785,075010,1126,7,352,9
7786,075020,1523,9,448,11
7787,075030,1461,7,352,9
7788,075000,1106,7,352,9
7789,075010,1106,7,352,9
7790,075020,1512,9,448,11
7791,075030,1452,7,352,9
7792,075000,1102,7,352,9
7793,075010,1126,7,352,9
7794,075020,1326,7,352,9
7795,075030,1453,7,352,9
7796,075000,1099,7,352,9
7797,075010,1110,7,352,9
7798,075020,1334,7,352,9
7799,075030,1453,7,352,9
7800,075000,1103,7,352,9
7801,075010,1121,7,352,9
7802,075020,1335,7,352,9
7803,075030,1458,7,352,9
7804,075000,1094,7,352,9
7805,075010,1122,7,352,9
7806,075020,1515,9,448,11
7807,075030,1457,7,352,9
7808,075000,1098,7,352,9
7809,075010,1126,7,352,9
7810,075020,1330,7,352,9
7811,075030,1458,7,352,9
7812,075000,1117,7,352,9
7813,075010,1111,7,352,9
7814,075020,1523,9,448,11
7815,075030,1461,7,352,9
7816,075000,1106,7,352,9
7817,075010,1113,7,352,9
7818,075020,1529,9,448,11
7819,075030,1452,7,352,9
7820,075000,1106,7,352,9
7821,075010,1106,7,352,9
7822,075020,1531,9,448,11
7823,075030,1453,7,352,9
7824,075000,1102,7,352,9
7825,075010,1110,7,352,9
7826,075020,1326,7,352,9
7827,075030,1458,7,352,9
7828,075000,1098,7,352,9
7829,075010,1118,7,352,9
7830,075020,1318,7,352,9
7831,075030,1458,7,352,9
7832,075000,1098,7,352,9
7833,075010,1130,7,352,9
7834,075020,1326,7,352,9
7835,075030,1454,7,352,9
7836,075000,1117,7,352,9
7837,075010,1119,7,352,9
7838,075020,1334,7,352,9
7839,075030,1458,7,352,9
7840,075000,1117,7,352,9
7841,075010,1122,7,352,9
7842,075020,1319,7,352,9
7843,075030,1458,7,352,9
7844,075000,1102,7,352,9
7845,075010,1109,7,352,9
7846,075020,1330,7,352,9
7847,075030,1455,7,352,9
7848,075000,1222,7,352,9
7849,075010,1122,7,352,9
7850,075020,1337,7,352,9
7851,075030,1455,7,352,9
7852,075000,1106,7,352,9
7853,075010,1122,7,352,9
7854,075020,1527,9,448,11
7855,075030,1456,7,352,9
7856,075000,1139,7,352,9
7857,075010,1118,7,352,9
7858,075020,1334,7,352,9
7859,075030,1458,7,352,9
7860,075000,1114,7,352,9
7861,075010,1134,7,352,9
7862,075020,1329,7,352,9
7863,075030,1454,7,352,9
7864,075000,1103,7,352,9
7865,075010,1122,7,352,9
7866,075020,1330,7,352,9
7867,075030,1458,7,352,9
7868,075000,1094,7,352,9
7869,075010,1137,7,352,9
7870,075020,1323,7,352,9
7871,075030,1453,7,352,9
7872,075000,1103,7,352,9
7873,075010,1121,7,352,9
7874,075020,1330,7,352,9
7875,075030,1455,7,352,9
7876,075000,1102,7,352,9
7877,075010,1134,7,352,9
7878,075020,1338,7,352,9
7879,075030,1458,7,352,9
7880,075000,1117,7,352,9
7881,075010,1131,7,352,9
7882,075020,1326,7,352,9
7883,075030,1454,7,352,9
7884,075000,1098,7,352,9
7885,075010,1114,7,352,9
7886,075020,1326,7,352,9
7887,075030,1450,7,352,9
7888,075000,1106,7,352,9
7889,075010,1118,7,352,9
7890,075020,1326,7,352,9
7891,075030,1453,7,352,9
7892,075000,1175,7,352,9
7893,075010,1122,7,352,9
7894,075020,1527,9,448,11
7895,075030,1453,7,352,9
7896,075000,1210,7,352,9
7897,075010,1122,7,352,9
7898,075020,1334,7,352,9
7899,075030,1458,7,352,9
7900,075000,1150,7,352,9
7901,075010,1121,7,352,9
7902,075020,1331,7,352,9
7903,075030,1453,7,352,9
7904,075000,1107,7,352,9
7905,075010,1114,7,352,9
7906,075020,1334,7,352,9
7907,075030,1453,7,352,9
7908,075000,1103,7,352,9
7909,075010,1105,7,352,9
7910,075020,1528,9,448,11
7911,075030,1461,7,352,9
7912,075000,1106,7,352,9
7913,075010,1137,7,352,9
7914,075020,1331,7,352,9
7915,075030,1450,7,352,9
7916,075000,1106,7,352,9
7917,075010,1134,7,352,9
7918,075020,1326,7,352,9
7919,075030,1453,7,352,9
7920,075000,1118,7,352,9
7921,075010,1111,7,352,9
7922,075020,1334,7,352,9
7923,075030,1458,7,352,9
7924,075000,1094,7,352,9
7925,075010,1122,7,352,9
7926,075020,1516,9,448,11
7927,075030,1455,7,352,9
7928,075000,1095,7,352,9
7929,075010,1130,7,352,9
7930,075020,1333,7,352,9
7931,075030,1455,7,352,9
7932,075000,1114,7,352,9
7933,075010,1109,7,352,9
7934,075020,1335,7,352,9
7935,075030,1458,7,352,9
7936,075000,1102,7,352,9
7937,075010,1121,7,352,9
7938,075020,1517,9,448,11
7939,075030,1455,7,352,9
7940,075000,1099,7,352,9
7941,075010,1114,7,352,9
7942,075020,1334,7,352,9
7943,075030,1454,7,352,9
7944,075000,1106,7,352,9
7945,075010,1106,7,352,9
7946,075020,1326,7,352,9
7947,075030,1450,7,352,9
7948,075000,1117,7,352,9
7949,075010,1118,7,352,9
7950,075020,1517,9,448,11
7951,075030,1455,7,352,9
7952,075000,1103,7,352,9
7953,075010,1118,7,352,9
7954,075020,1334,7,352,9
7955,075030,1454,7,352,9
7956,075000,1094,7,352,9
7957,075010,1113,7,352,9
7958,075020,1338,7,352,9
7959,075030,1451,7,352,9
7960,075000,1114,7,352,9
7961,075010,1137,7,352,9
7962,075020,1334,7,352,9
7963,075030,1459,7,352,9
7964,075000,1098,7,352,9
7965,075010,1134,7,352,9
7966,075020,1524,9,448,11
7967,075030,1455,7,352,9
7968,075000,1135,7,352,9
7969,075010,1113,7,352,9
7970,075020,1327,7,352,9
7971,075030,1454,7,352,9
7972,075000,1274,7,352,9
7973,075010,1121,7,352,9
7974,075020,1323,7,352,9
7975,075030,1453,7,352,9
7976,075000,1283,7,352,9
7977,075010,1106,7,352,9
7978,075020,1329,7,352,9
7979,075030,1451,7,352,9
7980,075000,1098,7,352,9
7981,075010,1122,7,352,9
7982,075020,1515,9,448,11
7983,075030,1456,7,352,9
7984,075000,1107,7,352,9
7985,075010,1126,7,352,9
7986,075020,1520,9,448,11
7987,075030,1455,7,352,9
7988,075000,1103,7,352,9
7989,075010,1137,7,352,9
7990,075020,1339,7,352,9
7991,075030,1458,7,352,9
7992,075000,1094,7,352,9
7993,075010,1118,7,352,9
7994,075020,1338,7,352,9
7995,075030,1450,7,352,9
7996,075000,1201,7,352,9
7997,075010,1123,7,352,9
7998,075020,1322,7,352,9
7999,075030,1458,7,352,9
8000,075000,1262,7,352,9
8001,075010,1121,7,352,9
8002,075020,1521,9,448,11
8003,075030,1456,7,352,9
8004,075000,1106,7,352,9
8005,075010,1113,7,352,9
8006,075020,1339,7,352,9
8007,075030,1453,7,352,9
8008,075000,1127,7,352,9
8009,075010,1134,7,352,9
8010,075020,1330,7,352,9
8011,075030,1453,7,352,9
8012,075000,1095,7,352,9
8013,075010,1122,7,352,9
8014,075020,1338,7,352,9
8015,075030,1458,7,352,9
8016,075000,1258,7,352,9
8017,075010,1125,7,352,9
8018,075020,1335,7,352,9
8019,075030,1458,7,352,9
8020,075000,1102,7,352,9
8021,075010,1110,7,352,9
8022,075020,1516,9,448,11
8023,075030,1455,7,352,9
8024,075000,1155,7,352,9
8025,075010,1118,7,352,9
8026,075020,1330,7,352,9
8027,075030,1453,7,352,9
8028,075000,1099,7,352,9
8029,075010,1121,7,352,9
8030,075020,1335,7,352,9
8031,075030,1458,7,352,9
8032,075000,1117,7,352,9
8033,075010,1127,7,352,9
8034,075020,1524,9,448,11
8035,075030,1452,7,352,9
8036,075000,1102,7,352,9
8037,075010,1121,7,352,9
8038,075020,1521,9,448,11
8039,075030,1456,7,352,9
8040,075000,1098,7,352,9
8041,075010,1110,7,352,9
8042,075020,1334,7,352,9
8043,075030,1458,7,352,9
8044,075000,1094,7,352,9
8045,075010,1126,7,352,9
8046,075020,1333,7,352,9
8047,075030,1459,7,352,9
8048,075000,1098,7,352,9
8049,075010,1122,7,352,9
8050,075020,1326,7,352,9
8051,075030,1454,7,352,9
8052,075000,1278,7,352,9
8053,075010,1137,7,352,9
8054,075020,1331,7,352,9
8055,075030,1453,7,352,9
8056,075000,1103,7,352,9
8057,075010,1125,7,352,9
8058,075020,1335,7,352,9
8059,075030,1450,7,352,9
8060,075000,1106,7,352,9
8061,075010,1122,7,352,9
8062,075020,1520,9,448,11
8063,075030,1455,7,352,9
8064,075000,1115,7,352,9
8065,075010,1114,7,352,9
8066,075020,1326,7,352,9
8067,075030,1458,7,352,9
8068,075000,1102,7,352,9
8069,075010,1137,7,352,9
8070,075020,1331,7,352,9
8071,075030,1453,7,352,9
8072,075000,1282,7,352,9
8073,075010,1119,7,352,9
8074,075020,1329,7,352,9
8075,075030,1459,7,352,9
8076,075000,1098,7,352,9
8077,075010,1122,7,352,9
8078,075020,1508,9,448,11
8079,075030,1455,7,352,9
8080,075000,1287,7,352,9
8081,075010,1121,7,352,9
8082,075020,1338,7,352,9
8083,075030,1454,7,352,9
8084,075000,1099,7,352,9
8085,075010,1137,7,352,9
8086,075020,1512,9,448,11
8087,075030,1456,7,352,9
8088,075000,1135,7,352,9
8089,075010,1122,7,352,9
8090,075020,1337,7,352,9
8091,075030,1459,7,352,9
8092,075000,1117,7,352,9
8093,075010,1106,7,352,9
8094,075020,1334,7,352,9
8095,075030,1454,7,352,9
8096,075000,1115,7,352,9
8097,075010,1121,7,352,9
8098,075020,1335,7,352,9
8099,075030,1458,7,352,9
8100,075000,1102,7,352,9
8101,075010,1118,7,352,9
8102,075020,1326,7,352,9
8103,075030,1458,7,352,9
8104,075000,1102,7,352,9
8105,075010,1122,7,352,9
8106,075020,1508,9,448,11
8107,075030,1455,7,352,9
8108,075000,1255,7,352,9
8109,075010,1126,7,352,9
8110,075020,1326,7,352,9
8111,075030,1458,7,352,9
8112,075000,1102,7,352,9
8113,075010,1121,7,352,9
8114,075020,1335,7,352,9
8115,075030,1450,7,352,9
8116,075000,1102,7,352,9
8117,075010,1117,7,352,9
8118,075020,1342,7,352,9
8119,075030,1451,7,352,9
8120,075000,1102,7,352,9
8121,075010,1117,7,352,9
8122,075020,1330,7,352,9
8123,075030,1459,7,352,9
8124,075000,1102,7,352,9
8125,075010,1122,7,352,9
8126,075020,1338,7,352,9
8127,075030,1454,7,352,9
8128,075000,1117,7,352,9
8129,075010,1118,7,352,9
8130,075020,1323,7,352,9
8131,075030,1454,7,352,9
8132,075000,1126,7,352,9
8133,075010,1126,7,352,9
8134,075020,1333,7,352,9
8135,075030,1455,7,352,9
8136,075000,1114,7,352,9
8137,075010,1114,7,352,9
8138,075020,1333,7,352,9
8139,075030,1454,7,352,9
8140,075000,1194,7,352,9
8141,075010,1118,7,352,9
8142,075020,1330,7,352,9
8143,075030,1455,7,352,9
8144,075000,1114,7,352,9
8145,075010,1130,7,352,9
8146,075020,1515,9,448,11
8147,075030,1461,7,352,9
8148,075000,1106,7,352,9
8149,075010,1110,7,352,9
8150,075020,1337,7,352,9
8151,075030,1454,7,352,9
8152,075000,1107,7,352,9
8153,075010,1122,7,352,9
8154,075020,1330,7,352,9
8155,075030,1453,7,352,9
8156,075000,1107,7,352,9
8157,075010,1118,7,352,9
8158,075020,1326,7,352,9
8159,075030,1453,7,352,9
8160,075000,1103,7,352,9
8161,075010,1114,7,352,9
8162,075020,1330,7,352,9
8163,075030,1458,7,352,9
8164,075000,1114,7,352,9
8165,075010,1126,7,352,9
8166,075020,1330,7,352,9
8167,075030,1454,7,352,9
8168,075000,1178,7,352,9
8169,075010,1122,7,352,9
8170,075020,1334,7,352,9
8171,075030,1458,7,352,9
8172,075000,1106,7,352,9
8173,075010,1130,7,352,9
8174,075020,1531,9,448,11
8175,075030,1456,7,352,9
8176,075000,1118,7,352,9
8177,075010,1111,7,352,9
8178,075020,1334,7,352,9
8179,075030,1454,7,352,9
8180,075000,1102,7,352,9
8181,075010,1110,7,352,9
8182,075020,1515,9,448,11
8183,075030,1457,7,352,9
8184,075000,1098,7,352,9
8185,075010,1122,7,352,9
8186,075020,1511,9,448,11
8187,075030,1456,7,352,9
8188,075000,1283,7,352,9
8189,075010,1146,7,352,9
8190,075020,1520,9,448,11
8191,075030,1460,7,352,9
8192,075000,1117,7,352,9
8193,075010,1123,7,352,9
8194,075020,1326,7,352,9
8195,075030,1453,7,352,9
8196,075000,1107,7,352,9
8197,075010,1110,7,352,9
8198,075020,1329,7,352,9
8199,075030,1454,7,352,9
8200,075000,1099,7,352,9
8201,075010,1122,7,352,9
8202,075020,1516,9,448,11
8203,075030,1456,7,352,9
8204,075000,1138,7,352,9
8205,075010,1110,7,352,9
8206,075020,1330,7,352,9
8207,075030,1458,7,352,9
8208,075000,1102,7,352,9
8209,075010,1149,7,352,9
8210,075020,1331,7,352,9
8211,075030,1458,7,352,9
8212,075000,1098,7,352,9
8213,075010,1114,7,352,9
8214,075020,1329,7,352,9
8215,075030,1459,7,352,9
8216,075000,1102,7,352,9
8217,075010,1118,7,352,9
8218,075020,1333,7,352,9
8219,075030,1454,7,352,9
8220,075000,1278,7,352,9
8221,075010,1135,7,352,9
8222,075020,1511,9,448,11
8223,075030,1457,7,352,9
8224,075000,1106,7,352,9
8225,075010,1122,7,352,9
8226,075020,1330,7,352,9
8227,075030,1458,7,352,9
8228,075000,1214,7,352,9
8229,075010,1110,7,352,9
8230,075020,1507,9,448,11
8231,075030,1457,7,352,9
8232,075000,1218,7,352,9
8233,075010,1122,7,352,9
8234,075020,1338,7,352,9
8235,075030,1458,7,352,9
8236,075000,1106,7,352,9
8237,075010,1122,7,352,9
8238,075020,1519,9,448,11
8239,075030,1461,7,352,9
8240,075000,1102,7,352,9
8241,075010,1110,7,352,9
8242,075020,1330,7,352,9
8243,075030,1450,7,352,9
8244,075000,1098,7,352,9
8245,075010,1118,7,352,9
8246,075020,1330,7,352,9
8247,075030,1458,7,352,9
8248,075000,1102,7,352,9
8249,075010,1122,7,352,9
8250,075020,1516,9,448,11
8251,075030,1456,7,352,9
8252,075000,1098,7,352,9
8253,075010,1114,7,352,9
8254,075020,1516,9,448,11
8255,075030,1452,7,352,9
8256,075000,1230,7,352,9
8257,075010,1126,7,352,9
8258,075020,1326,7,352,9
8259,075030,1454,7,352,9
8260,075000,1274,7,352,9
8261,075010,1122,7,352,9
8262,075020,1333,7,352,9
8263,075030,1454,7,352,9
8264,075000,1095,7,352,9
8265,075010,1126,7,352,9
8266,075020,1334,7,352,9
8267,075030,1454,7,352,9
8268,075000,1282,7,352,9
8269,075010,1122,7,352,9
8270,075020,1334,7,352,9
8271,075030,1458,7,352,9
8272,075000,1114,7,352,9
8273,075010,1126,7,352,9
8274,075020,1523,9,448,11
8275,075030,1461,7,352,9
8276,075000,1094,7,352,9
8277,075010,1110,7,352,9
8278,075020,1520,9,448,11
8279,075030,1456,7,352,9
8280,075000,1114,7,352,9
8281,075010,1138,7,352,9
8282,075020,1342,7,352,9
8283,075030,1453,7,352,9
8284,075000,1099,7,352,9
8285,075010,1110,7,352,9
8286,075020,1326,7,352,9
8287,075030,1458,7,352,9
8288,075000,1094,7,352,9
8289,075010,1110,7,352,9
8290,075020,1322,7,352,9
8291,075030,1453,7,352,9
8292,075000,1107,7,352,9
8293,075010,1106,7,352,9
8294,075020,1516,9,448,11
8295,075030,1460,7,352,9
8296,075000,1102,7,352,9
8297,075010,1137,7,352,9
8298,075020,1339,7,352,9
8299,075030,1458,7,352,9
8300,075000,1117,7,352,9
8301,075010,1119,7,352,9
8302,075020,1330,7,352,9
8303,075030,1453,7,352,9
8304,075000,1107,7,352,9
8305,075010,1105,7,352,9
8306,075020,1331,7,352,9
8307,075030,1453,7,352,9
8308,075000,1095,7,352,9
8309,075010,1114,7,352,9
8310,075020,1326,7,352,9
8311,075030,1450,7,352,9
8312,075000,1102,7,352,9
8313,075010,1138,7,352,9
8314,075020,1515,9,448,11
8315,075030,1456,7,352,9
8316,075000,1099,7,352,9
8317,075010,1110,7,352,9
8318,075020,1330,7,352,9
8319,075030,1458,7,352,9
8320,075000,1185,7,352,9
8321,075010,1131,7,352,9
8322,075020,1516,9,448,11
8323,075030,1455,7,352,9
8324,075000,1103,7,352,9
8325,075010,1122,7,352,9
8326,075020,1512,9,448,11
8327,075030,1455,7,352,9
8328,075000,1103,7,352,9
8329,075010,1122,7,352,9
8330,075020,1322,7,352,9
8331,075030,1458,7,352,9
8332,075000,1190,7,352,9
8333,075010,1110,7,352,9
8334,075020,1326,7,352,9
8335,075030,1453,7,352,9
8336,075000,1115,7,352,9
8337,075010,1130,7,352,9
8338,075020,1341,7,352,9
8339,075030,1454,7,352,9
8340,075000,1115,7,352,9
8341,075010,1117,7,352,9
8342,075020,1327,7,352,9
8343,075030,1458,7,352,9
8344,075000,1258,7,352,9
8345,075010,1110,7,352,9
8346,075020,1512,9,448,11
8347,075030,1452,7,352,9
8348,075000,1114,7,352,9
8349,075010,1114,7,352,9
8350,075020,1333,7,352,9
8351,075030,1455,7,352,9
8352,075000,1098,7,352,9
8353,075010,1122,7,352,9
8354,075020,1330,7,352,9
8355,075030,1458,7,352,9
8356,075000,1186,7,352,9
8357,075010,1130,7,352,9
8358,075020,1330,7,352,9
8359,075030,1458,7,352,9
8360,075000,1098,7,352,9
8361,075010,1114,7,352,9
8362,075020,1333,7,352,9
8363,075030,1454,7,352,9
8364,075000,1099,7,352,9
8365,075010,1118,7,352,9
8366,075020,1519,9,448,11
8367,075030,1461,7,352,9
8368,075000,1094,7,352,9
8369,075010,1106,7,352,9
8370,075020,1326,7,352,9
8371,075030,1458,7,352,9
8372,075000,1106,7,352,9
8373,075010,1122,7,352,9
8374,075020,1334,7,352,9
8375,075030,1458,7,352,9
8376,075000,1150,7,352,9
8377,075010,1118,7,352,9
8378,075020,1326,7,352,9
8379,075030,1458,7,352,9
8380,075000,1114,7,352,9
8381,075010,1122,7,352,9
8382,075020,1333,7,352,9
8383,075030,1451,7,352,9
8384,075000,1181,7,352,9
8385,075010,1123,7,352,9
8386,075020,1516,9,448,11
8387,075030,1460,7,352,9
8388,075000,1102,7,352,9
8389,075010,1110,7,352,9
8390,075020,1523,9,448,11
8391,075030,1457,7,352,9
8392,075000,1142,7,352,9
8393,075010,1121,7,352,9
8394,075020,1327,7,352,9
8395,075030,1453,7,352,9
8396,075000,1118,7,352,9
8397,075010,1118,7,352,9
8398,075020,1331,7,352,9
8399,075030,1458,7,352,9
8400,075000,1106,7,352,9
8401,075010,1122,7,352,9
8402,075020,1337,7,352,9
8403,075030,1459,7,352,9
8404,075000,1114,7,352,9
8405,075010,1122,7,352,9
8406,075020,1330,7,352,9
8407,075030,1458,7,352,9
8408,075000,1113,7,352,9
8409,075010,1119,7,352,9
8410,075020,1330,7,352,9
8411,075030,1458,7,352,9
8412,075000,1117,7,352,9
8413,075010,1115,7,352,9
8414,075020,1326,7,352,9
8415,075030,1458,7,352,9
8416,075000,1117,7,352,9
8417,075010,1119,7,352,9
8418,075020,1516,9,448,11
8419,075030,1456,7,352,9
8420,075000,1114,7,352,9
8421,075010,1134,7,352,9
8422,075020,1330,7,352,9
8423,075030,990,7,352,9
8424,075000,1198,7,352,9
8425,075010,1114,7,352,9
8426,075020,1516,9,448,11
8427,075030,1456,7,352,9
8428,075000,1106,7,352,9
8429,075010,1121,7,352,9
8430,075020,1529,9,448,11
8431,075030,1455,7,352,9
8432,075000,1215,7,352,9
8433,075010,1122,7,352,9
8434,075020,1333,7,352,9
8435,075030,1454,7,352,9
8436,075000,1103,7,352,9
8437,075010,1122,7,352,9
8438,075020,1326,7,352,9
8439,075030,1458,7,352,9
8440,075000,1117,7,352,9
8441,075010,1115,7,352,9
8442,075020,1325,7,352,9
8443,075030,1459,7,352,9
8444,075000,1106,7,352,9
8445,075010,1126,7,352,9
8446,075020,1326,7,352,9
8447,075030,1450,7,352,9
8448,075000,1106,7,352,9
8449,075010,1122,7,352,9
8450,075020,1338,7,352,9
8451,075030,1450,7,352,9
8452,075000,1106,7,352,9
8453,075010,1114,7,352,9
8454,075020,1515,9,448,11
8455,075030,1457,7,352,9
8456,075000,1226,7,352,9
8457,075010,1130,7,352,9
8458,075020,1337,7,352,9
8459,075030,1454,7,352,9
8460,075000,1107,7,352,9
8461,075010,1126,7,352,9
8462,075020,1527,9,448,11
8463,075030,1461,7,352,9
8464,075000,1174,7,352,9
8465,075010,1110,7,352,9
8466,075020,1334,7,352,9
8467,075030,1454,7,352,9
8468,075000,1245,7,352,9
8469,075010,1111,7,352,9
8470,075020,1326,7,352,9
8471,075030,1450,7,352,9
8472,075000,1102,7,352,9
8473,075010,1122,7,352,9
8474,075020,1326,7,352,9
8475,075030,1450,7,352,9
8476,075000,1094,7,352,9
8477,075010,1094,7,352,9
8478,075020,1329,7,352,9
8479,075030,1455,7,352,9
8480,075000,1222,7,352,9
8481,075010,1118,7,352,9
8482,075020,1342,7,352,9
8483,075030,1450,7,352,9
8484,075000,1106,7,352,9
8485,075010,1117,7,352,9
8486,075020,1334,7,352,9
8487,075030,1454,7,352,9
8488,075000,1107,7,352,9
8489,075010,1106,7,352,9
8490,075020,1330,7,352,9
8491,075030,1458,7,352,9
8492,075000,1106,7,352,9
8493,075010,1117,7,352,9
8494,075020,1528,9,448,11
8495,075030,1453,7,352,9
8496,075000,1117,7,352,9
8497,075010,1118,7,352,9
8498,075020,1319,7,352,9
8499,075030,1454,7,352,9
8500,075000,1102,7,352,9
8501,075010,1118,7,352,9
8502,075020,1326,7,352,9
8503,075030,1454,7,352,9
8504,075000,1154,7,352,9
8505,075010,1121,7,352,9
8506,075020,1331,7,352,9
8507,075030,1458,7,352,9
8508,075000,1114,7,352,9
8509,075010,1134,7,352,9
8510,075020,1326,7,352,9
8511,075030,1450,7,352,9
8512,075000,1114,7,352,9
8513,075010,1117,7,352,9
8514,075020,1524,9,448,11
8515,075030,1457,7,352,9
8516,075000,1106,7,352,9
8517,075010,1122,7,352,9
8518,075020,1326,7,352,9
8519,075030,1453,7,352,9
8520,075000,1275,7,352,9
8521,075010,1142,7,352,9
8522,075020,1330,7,352,9
8523,075030,1458,7,352,9
8524,075000,1098,7,352,9
8525,075010,1122,7,352,9
8526,075020,1326,7,352,9
8527,075030,1453,7,352,9
8528,075000,1107,7,352,9
8529,075010,1121,7,352,9
8530,075020,1323,7,352,9
8531,075030,1453,7,352,9
8532,075000,1103,7,352,9
8533,075010,1110,7,352,9
8534,075020,1329,7,352,9
8535,075030,1459,7,352,9
8536,075000,1102,7,352,9
8537,075010,1117,7,352,9
8538,075020,1326,7,352,9
8539,075030,1454,7,352,9
8540,075000,1103,7,352,9
8541,075010,1137,7,352,9
8542,075020,1339,7,352,9
8543,075030,1454,7,352,9
8544,075000,1106,7,352,9
8545,075010,1122,7,352,9
8546,075020,1326,7,352,9
8547,075030,1458,7,352,9
8548,075000,1102,7,352,9
8549,075010,1110,7,352,9
8550,075020,1330,7,352,9
8551,075030,1458,7,352,9
8552,075000,1117,7,352,9
8553,075010,1127,7,352,9
8554,075020,1318,7,352,9
8555,075030,1450,7,352,9
8556,075000,1094,7,352,9
8557,075010,1114,7,352,9
8558,075020,1334,7,352,9
8559,075030,1453,7,352,9
8560,075000,1239,7,352,9
8561,075010,1121,7,352,9
8562,075020,1516,9,448,11
8563,075030,1457,7,352,9
8564,075000,1098,7,352,9
8565,075010,1122,7,352,9
8566,075020,1330,7,352,9
8567,075030,1454,7,352,9
8568,075000,1114,7,352,9
8569,075010,1117,7,352,9
8570,075020,1521,9,448,11
8571,075030,1460,7,352,9
8572,075000,1114,7,352,9
8573,075010,1122,7,352,9
8574,075020,1338,7,352,9
8575,075030,990,7,352,9
8576,075000,1094,7,352,9
8577,075010,1118,7,352,9
8578,075020,1516,9,448,11
8579,075030,1455,7,352,9
8580,075000,1099,7,352,9
8581,075010,1122,7,352,9
8582,075020,1334,7,352,9
8583,075030,1454,7,352,9
8584,075000,1102,7,352,9
8585,075010,1130,7,352,9
8586,075020,1334,7,352,9
8587,075030,1450,7,352,9
8588,075000,1117,7,352,9
8589,075010,1179,7,352,9
8590,075020,1515,9,448,11
8591,075030,1461,7,352,9
8592,075000,1117,7,352,9
8593,075010,1119,7,352,9
8594,075020,1326,7,352,9
8595,075030,1454,7,352,9
8596,075000,1102,7,352,9
8597,075010,1130,7,352,9
8598,075020,1334,7,352,9
8599,075030,1458,7,352,9
8600,075000,1206,7,352,9
8601,075010,1110,7,352,9
8602,075020,1342,7,352,9
8603,075030,1450,7,352,9
8604,075000,1094,7,352,9
8605,075010,1137,7,352,9
8606,075020,1516,9,448,11
8607,075030,1461,7,352,9
8608,075000,1102,7,352,9
8609,075010,1122,7,352,9
8610,075020,1330,7,352,9
8611,075030,1453,7,352,9
8612,075000,1095,7,352,9
8613,075010,1134,7,352,9
8614,075020,1334,7,352,9
8615,075030,1453,7,352,9
8616,075000,1198,7,352,9
8617,075010,1127,7,352,9
8618,075020,1338,7,352,9
8619,075030,1453,7,352,9
8620,075000,1107,7,352,9
8621,075010,1117,7,352,9
8622,075020,1327,7,352,9
8623,075030,1458,7,352,9
8624,075000,1114,7,352,9
8625,075010,1114,7,352,9
8626,075020,1345,7,352,9
8627,075030,1451,7,352,9
8628,075000,1102,7,352,9
8629,075010,1130,7,352,9
8630,075020,1330,7,352,9
8631,075030,1458,7,352,9
8632,075000,1282,7,352,9
8633,075010,1130,7,352,9
8634,075020,1330,7,352,9
8635,075030,1453,7,352,9
8636,075000,1247,7,352,9
8637,075010,1121,7,352,9
8638,075020,1525,9,448,11
8639,075030,1460,7,352,9
8640,075000,1106,7,352,9
8641,075010,1118,7,352,9
8642,075020,1337,7,352,9
8643,075030,1459,7,352,9
8644,075000,1106,7,352,9
8645,075010,1126,7,352,9
8646,075020,1338,7,352,9
8647,075030,1450,7,352,9
8648,075000,1114,7,352,9
8649,075010,1121,7,352,9
8650,075020,1513,9,448,11
8651,075030,1456,7,352,9
8652,075000,1102,7,352,9
8653,075010,1118,7,352,9
8654,075020,1334,7,352,9
8655,075030,1453,7,352,9
8656,075000,1103,7,352,9
8657,075010,1122,7,352,9
8658,075020,1516,9,448,11
8659,075030,1456,7,352,9
8660,075000,1102,7,352,9
8661,075010,1114,7,352,9
8662,075020,1334,7,352,9
8663,075030,1453,7,352,9
8664,075000,1099,7,352,9
8665,075010,1137,7,352,9
8666,075020,1521,9,448,11
8667,075030,1455,7,352,9
8668,075000,1115,7,352,9
8669,075010,1126,7,352,9
8670,075020,1334,7,352,9
8671,075030,1450,7,352,9
8672,075000,1098,7,352,9
8673,075010,1122,7,352,9
8674,075020,1342,7,352,9
8675,075030,1458,7,352,9
8676,075000,1117,7,352,9
8677,075010,1131,7,352,9
8678,075020,1334,7,352,9
8679,075030,1454,7,352,9
8680,075000,1102,7,352,9
8681,075010,1118,7,352,9
8682,075020,1511,9,448,11
8683,075030,1456,7,352,9
8684,075000,1099,7,352,9
8685,075010,1126,7,352,9
8686,075020,1318,7,352,9
8687,075030,1454,7,352,9
8688,075000,1094,7,352,9
8689,075010,1106,7,352,9
8690,075020,1333,7,352,9
8691,075030,1454,7,352,9
8692,075000,1103,7,352,9
8693,075010,1122,7,352,9
8694,075020,1322,7,352,9
8695,075030,1458,7,352,9
8696,075000,1102,7,352,9
8697,075010,1117,7,352,9
8698,075020,1334,7,352,9
8699,075030,1454,7,352,9
8700,075000,1103,7,352,9
8701,075010,1110,7,352,9
8702,075020,1507,9,448,11
8703,075030,1461,7,352,9
8704,075000,1114,7,352,9
8705,075010,1118,7,352,9
8706,075020,1318,7,352,9
8707,075030,1454,7,352,9
8708,075000,1106,7,352,9
8709,075010,1114,7,352,9
8710,075020,1334,7,352,9
8711,075030,1458,7,352,9
8712,075000,1106,7,352,9
8713,075010,1137,7,352,9
8714,075020,1524,9,448,11
8715,075030,1456,7,352,9
8716,075000,1103,7,352,9
8717,075010,1114,7,352,9
8718,075020,1338,7,352,9
8719,075030,1453,7,352,9
8720,075000,1099,7,352,9
8721,075010,1121,7,352,9
8722,075020,1331,7,352,9
8723,075030,1454,7,352,9
8724,075000,1258,7,352,9
8725,075010,1122,7,352,9
8726,075020,1330,7,352,9
8727,075030,1458,7,352,9
8728,075000,1117,7,352,9
8729,075010,1123,7,352,9
8730,075020,1341,7,352,9
8731,075030,1454,7,352,9
8732,075000,1103,7,352,9
8733,075010,1110,7,352,9
8734,075020,1326,7,352,9
8735,075030,1454,7,352,9
8736,075000,1186,7,352,9
8737,075010,1126,7,352,9
8738,075020,1338,7,352,9
8739,075030,1458,7,352,9
8740,075000,1117,7,352,9
8741,075010,1115,7,352,9
8742,075020,1524,9,448,11
8743,075030,1460,7,352,9
8744,075000,1098,7,352,9
8745,075010,1126,7,352,9
8746,075020,1520,9,448,11
8747,075030,1452,7,352,9
8748,075000,1114,7,352,9
8749,075010,1122,7,352,9
8750,075020,1516,9,448,11
8751,075030,1460,7,352,9
8752,075000,1162,7,352,9
8753,075010,1134,7,352,9
8754,075020,1322,7,352,9
8755,075030,1458,7,352,9
8756,075000,1106,7,352,9
8757,075010,1126,7,352,9
8758,075020,1519,9,448,11
8759,075030,1456,7,352,9
8760,075000,1107,7,352,9
8761,075010,1118,7,352,9
8762,075020,1330,7,352,9
8763,075030,1458,7,352,9
8764,075000,1102,7,352,9
8765,075010,1110,7,352,9
8766,075020,1341,7,352,9
8767,075030,1451,7,352,9
8768,075000,1209,7,352,9
8769,075010,1127,7,352,9
8770,075020,1330,7,352,9
8771,075030,1458,7,352,9
8772,075000,1106,7,352,9
8773,075010,1142,7,352,9
8774,075020,1330,7,352,9
8775,075030,1458,7,352,9
8776,075000,1117,7,352,9
8777,075010,1115,7,352,9
8778,075020,1338,7,352,9
8779,075030,1453,7,352,9
8780,075000,1107,7,352,9
8781,075010,1110,7,352,9
8782,075020,1508,9,448,11
8783,075030,1455,7,352,9
8784,075000,1122,7,352,9
8785,075010,1111,7,352,9
8786,075020,1338,7,352,9
8787,075030,1458,7,352,9
8788,075000,1102,7,352,9
8789,075010,1130,7,352,9
8790,075020,1515,9,448,11
8791,075030,1457,7,352,9
8792,075000,1102,7,352,9
8793,075010,1118,7,352,9
8794,075020,1334,7,352,9
8795,075030,1453,7,352,9
8796,075000,1107,7,352,9
8797,075010,1122,7,352,9
8798,075020,1337,7,352,9
8799,075030,1459,7,352,9
8800,075000,1102,7,352,9
8801,075010,1118,7,352,9
8802,075020,1326,7,352,9
8803,075030,1458,7,352,9
8804,075000,1102,7,352,9
8805,075010,1118,7,352,9
8806,075020,1318,7,352,9
8807,075030,1453,7,352,9
8808,075000,1095,7,352,9
8809,075010,1137,7,352,9
8810,075020,1334,7,352,9
8811,075030,1459,7,352,9
8812,075000,1106,7,352,9
8813,075010,1121,7,352,9
8814,075020,1338,7,352,9
8815,075030,1459,7,352,9
8816,075000,1102,7,352,9
8817,075010,1125,7,352,9
8818,075020,1327,7,352,9
8819,075030,1458,7,352,9
8820,075000,1114,7,352,9
8821,075010,1110,7,352,9
8822,075020,1330,7,352,9
8823,075030,1450,7,352,9
8824,075000,1098,7,352,9
8825,075010,1121,7,352,9
8826,075020,1335,7,352,9
8827,075030,1454,7,352,9
8828,075000,1102,7,352,9
8829,075010,1138,7,352,9
8830,075020,1524,9,448,11
8831,075030,1460,7,352,9
8832,075000,1137,7,352,9
8833,075010,1127,7,352,9
8834,075020,1329,7,352,9
8835,075030,1451,7,352,9
8836,075000,1094,7,352,9
8837,075010,1118,7,352,9
8838,075020,1326,7,352,9
8839,075030,1458,7,352,9
8840,075000,1226,7,352,9
8841,075010,1118,7,352,9
8842,075020,1519,9,448,11
8843,075030,1453,7,352,9
8844,075000,1094,7,352,9
8845,075010,1118,7,352,9
8846,075020,1326,7,352,9
8847,075030,1453,7,352,9
8848,075000,1107,7,352,9
8849,075010,1122,7,352,9
8850,075020,1326,7,352,9
8851,075030,1454,7,352,9
8852,075000,1114,7,352,9
8853,075010,1118,7,352,9
8854,075020,1334,7,352,9
8855,075030,1453,7,352,9
8856,075000,1107,7,352,9
8857,075010,1126,7,352,9
8858,075020,1329,7,352,9
8859,075030,1454,7,352,9
8860,075000,1215,7,352,9
8861,075010,1121,7,352,9
8862,075020,1327,7,352,9
8863,075030,1458,7,352,9
8864,075000,1230,7,352,9
8865,075010,1126,7,352,9
8866,075020,1338,7,352,9
8867,075030,1458,7,352,9
8868,075000,1154,7,352,9
8869,075010,1110,7,352,9
8870,075020,1346,7,352,9
8871,075030,1450,7,352,9
8872,075000,1102,7,352,9
8873,075010,1137,7,352,9
8874,075020,1319,7,352,9
8875,075030,1454,7,352,9
8876,075000,1246,7,352,9
8877,075010,1118,7,352,9
8878,075020,1338,7,352,9
8879,075030,1454,7,352,9
8880,075000,1102,7,352,9
8881,075010,1110,7,352,9
8882,075020,1333,7,352,9
8883,075030,1459,7,352,9
8884,075000,1106,7,352,9
8885,075010,1126,7,352,9
8886,075020,1334,7,352,9
8887,075030,1458,7,352,9
8888,075000,1098,7,352,9
8889,075010,1134,7,352,9
8890,075020,1322,7,352,9
8891,075030,1453,7,352,9
8892,075000,1207,7,352,9
8893,075010,1137,7,352,9
8894,075020,1338,7,352,9
8895,075030,1459,7,352,9
8896,075000,1214,7,352,9
8897,075010,1130,7,352,9
8898,075020,1338,7,352,9
8899,075030,1458,7,352,9
8900,075000,1290,7,352,9
8901,075010,1130,7,352,9
8902,075020,1330,7,352,9
8903,075030,1453,7,352,9
8904,075000,1187,7,352,9
8905,075010,1114,7,352,9
8906,075020,1334,7,352,9
8907,075030,1458,7,352,9
8908,075000,1130,7,352,9
8909,075010,1122,7,352,9
8910,075020,1329,7,352,9
8911,075030,1455,7,352,9
8912,075000,1106,7,352,9
8913,075010,1117,7,352,9
8914,075020,1521,9,448,11
8915,075030,1460,7,352,9
8916,075000,1117,7,352,9
8917,075010,1131,7,352,9
8918,075020,1326,7,352,9
8919,075030,1454,7,352,9
8920,075000,1094,7,352,9
8921,075010,1130,7,352,9
8922,075020,1334,7,352,9
8923,075030,1454,7,352,9
8924,075000,1102,7,352,9
8925,075010,1122,7,352,9
8926,075020,1322,7,352,9
8927,075030,1458,7,352,9
8928,075000,1106,7,352,9
8929,075010,1110,7,352,9
8930,075020,1330,7,352,9
8931,075030,990,7,352,9
8932,075000,1125,7,352,9
8933,075010,1115,7,352,9
8934,075020,1527,9,448,11
8935,075030,1453,7,352,9
8936,075000,1098,7,352,9
8937,075010,1122,7,352,9
8938,075020,1326,7,352,9
8939,075030,1458,7,352,9
8940,075000,1106,7,352,9
8941,075010,1125,7,352,9
8942,075020,1335,7,352,9
8943,075030,1454,7,352,9
8944,075000,1102,7,352,9
8945,075010,1110,7,352,9
8946,075020,1338,7,352,9
8947,075030,1453,7,352,9
8948,075000,1099,7,352,9
8949,075010,1126,7,352,9
8950,075020,1334,7,352,9
8951,075030,1458,7,352,9
8952,075000,1117,7,352,9
8953,075010,1122,7,352,9
8954,075020,1327,7,352,9
8955,075030,1450,7,352,9
8956,075000,1102,7,352,9
8957,075010,1126,7,352,9
8958,075020,1330,7,352,9
8959,075030,1454,7,352,9
8960,075000,1246,7,352,9
8961,075010,1137,7,352,9
8962,075020,1323,7,352,9
8963,075030,1454,7,352,9
8964,075000,1102,7,352,9
8965,075010,1122,7,352,9
8966,075020,1330,7,352,9
8967,075030,1453,7,352,9
8968,075000,1115,7,352,9
8969,075010,1114,7,352,9
8970,075020,1333,7,352,9
8971,075030,1454,7,352,9
8972,075000,1103,7,352,9
8973,075010,1122,7,352,9
8974,075020,1330,7,352,9
8975,075030,1450,7,352,9
8976,075000,1102,7,352,9
8977,075010,1126,7,352,9
8978,075020,1508,9,448,11
8979,075030,1460,7,352,9
8980,075000,1137,7,352,9
8981,075010,1107,7,352,9
8982,075020,1329,7,352,9
8983,075030,1455,7,352,9
8984,075000,1102,7,352,9
8985,075010,1122,7,352,9
8986,075020,1326,7,352,9
8987,075030,1450,7,352,9
8988,075000,1106,7,352,9
8989,075010,1130,7,352,9
8990,075020,1512,9,448,11
8991,075030,1460,7,352,9
8992,075000,1169,7,352,9
8993,075010,1115,7,352,9
8994,075020,1333,7,352,9
8995,075030,1451,7,352,9
8996,075000,1274,7,352,9
8997,075010,1130,7,352,9
8998,075020,1322,7,352,9
8999,075030,1453,7,352,9
9000,075000,1118,7,352,9
9001,075010,1115,7,352,9
9002,075020,1330,7,352,9
9003,075030,1458,7,352,9
9004,075000,1106,7,352,9
9005,075010,1110,7,352,9
9006,075020,1523,9,448,11
9007,075030,1461,7,352,9
9008,075000,1106,7,352,9
9009,075010,1122,7,352,9
9010,075020,1338,7,352,9
9011,075030,1453,7,352,9
9012,075000,1095,7,352,9
9013,075010,1122,7,352,9
9014,075020,1334,7,352,9
9015,075030,1453,7,352,9
9016,075000,1107,7,352,9
9017,075010,1114,7,352,9
9018,075020,1512,9,448,11
9019,075030,1460,7,352,9
9020,075000,1098,7,352,9
9021,075010,1106,7,352,9
9022,075020,1341,7,352,9
9023,075030,1451,7,352,9
9024,075000,1117,7,352,9
9025,075010,1127,7,352,9
9026,075020,1325,7,352,9
9027,075030,1454,7,352,9
9028,075000,1115,7,352,9
9029,075010,1117,7,352,9
9030,075020,1330,7,352,9
9031,075030,1459,7,352,9
9032,075000,1106,7,352,9
9033,075010,1122,7,352,9
9034,075020,1325,7,352,9
9035,075030,1454,7,352,9
9036,075000,1095,7,352,9
9037,075010,1121,7,352,9
9038,075020,1513,9,448,11
9039,075030,1460,7,352,9
9040,075000,1114,7,352,9
9041,075010,1122,7,352,9
9042,075020,1516,9,448,11
9043,075030,1460,7,352,9
9044,075000,1106,7,352,9
9045,075010,1134,7,352,9
9046,075020,1330,7,352,9
9047,075030,1454,7,352,9
9048,075000,1102,7,352,9
9049,075010,1114,7,352,9
9050,075020,1330,7,352,9
9051,075030,1458,7,352,9
9052,075000,1106,7,352,9
9053,075010,1110,7,352,9
9054,075020,1326,7,352,9
9055,075030,1458,7,352,9
9056,075000,1117,7,352,9
9057,075010,1123,7,352,9
9058,075020,1326,7,352,9
9059,075030,1458,7,352,9
9060,075000,1106,7,352,9
9061,075010,1126,7,352,9
9062,075020,1337,7,352,9
9063,075030,1459,7,352,9
9064,075000,1102,7,352,9
9065,075010,1130,7,352,9
9066,075020,1334,7,352,9
9067,075030,1458,7,352,9
9068,075000,1102,7,352,9
9069,075010,1130,7,352,9
9070,075020,1333,7,352,9
9071,075030,1459,7,352,9
9072,075000,1290,7,352,9
9073,075010,1110,7,352,9
9074,075020,1516,9,448,11
9075,075030,1456,7,352,9
9076,075000,1102,7,352,9
9077,075010,1122,7,352,9
9078,075020,1330,7,352,9
9079,075030,1458,7,352,9
9080,075000,1146,7,352,9
9081,075010,1122,7,352,9
9082,075020,1333,7,352,9
9083,075030,1451,7,352,9
9084,075000,1098,7,352,9
9085,075010,1106,7,352,9
9086,075020,1321,7,352,9
9087,075030,1454,7,352,9
9088,075000,1174,7,352,9
9089,075010,1115,7,352,9
9090,075020,1333,7,352,9
9091,075030,1459,7,352,9
9092,075000,1102,7,352,9
9093,075010,1110,7,352,9
9094,075020,1519,9,448,11
9095,075030,1457,7,352,9
9096,075000,1102,7,352,9
9097,075010,1122,7,352,9
9098,075020,1334,7,352,9
9099,075030,1453,7,352,9
9100,075000,1107,7,352,9
9101,075010,1113,7,352,9
9102,075020,1331,7,352,9
9103,075030,1450,7,352,9
9104,075000,1102,7,352,9
9105,075010,1110,7,352,9
9106,075020,1329,7,352,9
9107,075030,1454,7,352,9
9108,075000,1118,7,352,9
9109,075010,1111,7,352,9
9110,075020,1334,7,352,9
9111,075030,1450,7,352,9
9112,075000,1106,7,352,9
9113,075010,1134,7,352,9
9114,075020,1338,7,352,9
9115,075030,1454,7,352,9
9116,075000,1098,7,352,9
9117,075010,1118,7,352,9
9118,075020,1338,7,352,9
9119,075030,1453,7,352,9
9120,075000,1103,7,352,9
9121,075010,1130,7,352,9
9122,075020,1333,7,352,9
9123,075030,1459,7,352,9
9124,075000,1106,7,352,9
9125,075010,1122,7,352,9
9126,075020,1329,7,352,9
9127,075030,1454,7,352,9
9128,075000,1115,7,352,9
9129,075010,1122,7,352,9
9130,075020,1341,7,352,9
9131,075030,1459,7,352,9
9132,075000,1134,7,352,9
9133,075010,1122,7,352,9
9134,075020,1329,7,352,9
9135,075030,1459,7,352,9
9136,075000,1094,7,352,9
9137,075010,1126,7,352,9
9138,075020,1330,7,352,9
9139,075030,1458,7,352,9
9140,075000,1094,7,352,9
9141,075010,1125,7,352,9
9142,075020,1516,9,448,11
9143,075030,1457,7,352,9
9144,075000,1094,7,352,9
9145,075010,1110,7,352,9
9146,075020,1519,9,448,11
9147,075030,1456,7,352,9
9148,075000,1107,7,352,9
9149,075010,1106,7,352,9
9150,075020,1326,7,352,9
9151,075030,1453,7,352,9
9152,075000,1099,7,352,9
9153,075010,1137,7,352,9
9154,075020,1521,9,448,11
9155,075030,1456,7,352,9
9156,075000,1117,7,352,9
9157,075010,1131,7,352,9
9158,075020,1326,7,352,9
9159,075030,1454,7,352,9
9160,075000,1106,7,352,9
9161,075010,1122,7,352,9
9162,075020,1334,7,352,9
9163,075030,1454,7,352,9
9164,075000,1094,7,352,9
9165,075010,1106,7,352,9
9166,075020,1322,7,352,9
9167,075030,1458,7,352,9
9168,075000,1185,7,352,9
9169,075010,1118,7,352,9
9170,075020,1339,7,352,9
9171,075030,1458,7,352,9
9172,075000,1226,7,352,9
9173,075010,1126,7,352,9
9174,075020,1520,9,448,11
9175,075030,1460,7,352,9
9176,075000,1094,7,352,9
9177,075010,1122,7,352,9
9178,075020,1519,9,448,11
9179,075030,1461,7,352,9
9180,075000,1098,7,352,9
9181,075010,1117,7,352,9
9182,075020,1335,7,352,9
9183,075030,1453,7,352,9
9184,075000,1115,7,352,9
9185,075010,1110,7,352,9
9186,075020,1523,9,448,11
9187,075030,1457,7,352,9
9188,075000,1145,7,352,9
9189,075010,1123,7,352,9
9190,075020,1334,7,352,9
9191,075030,1458,7,352,9
9192,075000,1106,7,352,9
9193,075010,1122,7,352,9
9194,075020,1334,7,352,9
9195,075030,1458,7,352,9
9196,075000,1106,7,352,9
9197,075010,1134,7,352,9
9198,075020,1325,7,352,9
9199,075030,1455,7,352,9
9200,075000,1186,7,352,9
9201,075010,1122,7,352,9
9202,075020,1322,7,352,9
9203,075030,1450,7,352,9
9204,075000,1106,7,352,9
9205,075010,1121,7,352,9
9206,075020,1339,7,352,9
9207,075030,1458,7,352,9
9208,075000,1106,7,352,9
9209,075010,1130,7,352,9
9210,075020,1322,7,352,9
9211,075030,1454,7,352,9
9212,075000,1102,7,352,9
9213,075010,1106,7,352,9
9214,075020,1330,7,352,9
9215,075030,1454,7,352,9
9216,075000,1117,7,352,9
9217,075010,1119,7,352,9
9218,075020,1507,9,448,11
9219,075030,1456,7,352,9
9220,075000,1147,7,352,9
9221,075010,1105,7,352,9
9222,075020,1334,7,352,9
9223,075030,1455,7,352,9
9224,075000,1138,7,352,9
9225,075010,1106,7,352,9
9226,075020,1337,7,352,9
9227,075030,1455,7,352,9
9228,075000,1102,7,352,9
9229,075010,1110,7,352,9
9230,075020,1326,7,352,9
9231,075030,1458,7,352,9
9232,075000,1114,7,352,9
9233,075010,1122,7,352,9
9234,075020,1516,9,448,11
9235,075030,1452,7,352,9
9236,075000,1117,7,352,9
9237,075010,1111,7,352,9
9238,075020,1322,7,352,9
9239,075030,1458,7,352,9
9240,075000,1134,7,352,9
9241,075010,1106,7,352,9
9242,075020,1330,7,352,9
9243,075030,1454,7,352,9
9244,075000,1098,7,352,9
9245,075010,1114,7,352,9
9246,075020,1519,9,448,11
9247,075030,1457,7,352,9
9248,075000,1106,7,352,9
9249,075010,1105,7,352,9
9250,075020,1319,7,352,9
9251,075030,1453,7,352,9
9252,075000,1118,7,352,9
9253,075010,1111,7,352,9
9254,075020,1334,7,352,9
9255,075030,1453,7,352,9
9256,075000,1115,7,352,9
9257,075010,1137,7,352,9
9258,075020,1331,7,352,9
9259,075030,1450,7,352,9
9260,075000,1106,7,352,9
9261,075010,1122,7,352,9
9262,075020,1326,7,352,9
9263,075030,1450,7,352,9
9264,075000,1106,7,352,9
9265,075010,1117,7,352,9
9266,075020,1342,7,352,9
9267,075030,1459,7,352,9
9268,075000,1122,7,352,9
9269,075010,1122,7,352,9
9270,075020,1330,7,352,9
9271,075030,1458,7,352,9
9272,075000,1106,7,352,9
9273,075010,1121,7,352,9
9274,075020,1343,7,352,9
9275,075030,1454,7,352,9
9276,075000,1117,7,352,9
9277,075010,1111,7,352,9
9278,075020,1330,7,352,9
9279,075030,1450,7,352,9
9280,075000,1117,7,352,9
9281,075010,1115,7,352,9
9282,075020,1329,7,352,9
9283,075030,1455,7,352,9
9284,075000,1106,7,352,9
9285,075010,1121,7,352,9
9286,075020,1326,7,352,9
9287,075030,1454,7,352,9
9288,075000,1107,7,352,9
9289,075010,1121,7,352,9
9290,075020,1520,9,448,11
9291,075030,1457,7,352,9
9292,075000,1106,7,352,9
9293,075010,1114,7,352,9
9294,075020,1322,7,352,9
9295,075030,1450,7,352,9
9296,075000,1106,7,352,9
9297,075010,1126,7,352,9
9298,075020,1337,7,352,9
9299,075030,1455,7,352,9
9300,075000,1102,7,352,9
9301,075010,1105,7,352,9
9302,075020,1331,7,352,9
9303,075030,1458,7,352,9
9304,075000,1098,7,352,9
9305,075010,1106,7,352,9
9306,075020,1326,7,352,9
9307,075030,1454,7,352,9
9308,075000,1098,7,352,9
9309,075010,1146,7,352,9
9310,075020,1326,7,352,9
9311,075030,1453,7,352,9
9312,075000,1103,7,352,9
9313,075010,1122,7,352,9
9314,075020,1524,9,448,11
9315,075030,1460,7,352,9
9316,075000,1114,7,352,9
9317,075010,1138,7,352,9
9318,075020,1515,9,448,11
9319,075030,1453,7,352,9
9320,075000,1094,7,352,9
9321,075010,1122,7,352,9
9322,075020,1515,9,448,11
9323,075030,1461,7,352,9
9324,075000,1106,7,352,9
9325,075010,1126,7,352,9
9326,075020,1338,7,352,9
9327,075030,1454,7,352,9
9328,075000,1117,7,352,9
9329,075010,1123,7,352,9
9330,075020,1330,7,352,9
9331,075030,1454,7,352,9
9332,075000,1266,7,352,9
9333,075010,1113,7,352,9
9334,075020,1331,7,352,9
9335,075030,1458,7,352,9
9336,075000,1117,7,352,9
9337,075010,1115,7,352,9
9338,075020,1330,7,352,9
9339,075030,1454,7,352,9
9340,075000,1241,7,352,9
9341,075010,1115,7,352,9
9342,075020,1519,9,448,11
9343,075030,1457,7,352,9
9344,075000,1102,7,352,9
9345,075010,1114,7,352,9
9346,075020,1519,9,448,11
9347,075030,1457,7,352,9
9348,075000,1102,7,352,9
9349,075010,1122,7,352,9
9350,075020,1334,7,352,9
9351,075030,1453,7,352,9
9352,075000,1099,7,352,9
9353,075010,1121,7,352,9
9354,075020,1338,7,352,9
9355,075030,1454,7,352,9
9356,075000,1103,7,352,9
9357,075010,1122,7,352,9
9358,075020,1524,9,448,11
9359,075030,1456,7,352,9
9360,075000,1181,7,352,9
9361,075010,1127,7,352,9
9362,075020,1326,7,352,9
9363,075030,1458,7,352,9
9364,075000,1106,7,352,9
9365,075010,1122,7,352,9
9366,075020,1334,7,352,9
9367,075030,1454,7,352,9
9368,075000,1098,7,352,9
9369,075010,1130,7,352,9
9370,075020,1515,9,448,11
9371,075030,1453,7,352,9
9372,075000,1117,7,352,9
9373,075010,1131,7,352,9
9374,075020,1515,9,448,11
9375,075030,1461,7,352,9
9376,075000,1102,7,352,9
9377,075010,1106,7,352,9
9378,075020,1508,9,448,11
9379,075030,1452,7,352,9
9380,075000,1238,7,352,9
9381,075010,1078,7,352,9
9382,075020,1516,9,448,11
9383,075030,1460,7,352,9
9384,075000,1102,7,352,9
9385,075010,1122,7,352,9
9386,075020,1325,7,352,9
9387,075030,1451,7,352,9
9388,075000,1098,7,352,9
9389,075010,1121,7,352,9
9390,075020,1334,7,352,9
9391,075030,1459,7,352,9
9392,075000,1130,7,352,9
9393,075010,1134,7,352,9
9394,075020,1330,7,352,9
9395,075030,1458,7,352,9
9396,075000,1102,7,352,9
9397,075010,1106,7,352,9
9398,075020,1342,7,352,9
9399,075030,1454,7,352,9
9400,075000,1114,7,352,9
9401,075010,1106,7,352,9
9402,075020,1511,9,448,11
9403,075030,1457,7,352,9
9404,075000,1094,7,352,9
9405,075010,1114,7,352,9
9406,075020,1330,7,352,9
9407,075030,1458,7,352,9
9408,075000,1161,7,352,9
9409,075010,1106,7,352,9
9410,075020,1331,7,352,9
9411,075030,1453,7,352,9
9412,075000,1107,7,352,9
9413,075010,1122,7,352,9
9414,075020,989,7,352,9
9415,075030,1455,7,352,9
9416,075000,1117,7,352,9
9417,075010,1111,7,352,9
9418,075020,1338,7,352,9
9419,075030,1458,7,352,9
9420,075000,1118,7,352,9
9421,075010,1137,7,352,9
9422,075020,1330,7,352,9
9423,075030,1459,7,352,9
9424,075000,1102,7,352,9
9425,075010,1114,7,352,9
9426,075020,1516,9,448,11
9427,075030,1456,7,352,9
9428,075000,1117,7,352,9
9429,075010,1122,7,352,9
9430,075020,1516,9,448,11
9431,075030,1456,7,352,9
9432,075000,1095,7,352,9
9433,075010,1113,7,352,9
9434,075020,1517,9,448,11
9435,075030,1460,7,352,9
9436,075000,1106,7,352,9
9437,075010,1122,7,352,9
9438,075020,1334,7,352,9
9439,075030,1453,7,352,9
9440,075000,1103,7,352,9
9441,075010,1126,7,352,9
9442,075020,1512,9,448,11
9443,075030,1460,7,352,9
9444,075000,1094,7,352,9
9445,075010,1118,7,352,9
9446,075020,1527,9,448,11
9447,075030,1461,7,352,9
9448,075000,1254,7,352,9
9449,075010,1110,7,352,9
9450,075020,1326,7,352,9
9451,075030,1454,7,352,9
9452,075000,1117,7,352,9
9453,075010,1107,7,352,9
9454,075020,1326,7,352,9
9455,075030,1458,7,352,9
9456,075000,1117,7,352,9
9457,075010,1123,7,352,9
9458,075020,1330,7,352,9
9459,075030,1450,7,352,9
9460,075000,1137,7,352,9
9461,075010,1114,7,352,9
9462,075020,1521,9,448,11
9463,075030,1455,7,352,9
9464,075000,1103,7,352,9
9465,075010,1114,7,352,9
9466,075020,1338,7,352,9
9467,075030,1458,7,352,9
9468,075000,1185,7,352,9
9469,075010,1110,7,352,9
9470,075020,1331,7,352,9
9471,075030,1453,7,352,9
9472,075000,1123,7,352,9
9473,075010,1110,7,352,9
9474,075020,1330,7,352,9
9475,075030,1458,7,352,9
9476,075000,1106,7,352,9
9477,075010,1126,7,352,9
9478,075020,1330,7,352,9
9479,075030,1453,7,352,9
9480,075000,1103,7,352,9
9481,075010,1122,7,352,9
9482,075020,1326,7,352,9
9483,075030,1454,7,352,9
9484,075000,1102,7,352,9
9485,075010,1118,7,352,9
9486,075020,1523,9,448,11
9487,075030,1457,7,352,9
9488,075000,1117,7,352,9
9489,075010,1138,7,352,9
9490,075020,1335,7,352,9
9491,075030,1454,7,352,9
9492,075000,1106,7,352,9
9493,075010,1137,7,352,9
9494,075020,1528,9,448,11
9495,075030,1453,7,352,9
9496,075000,1234,7,352,9
9497,075010,1126,7,352,9
9498,075020,1326,7,352,9
9499,075030,1454,7,352,9
9500,075000,1213,7,352,9
9501,075010,1138,7,352,9
9502,075020,1334,7,352,9
9503,075030,1451,7,352,9
9504,075000,1117,7,352,9
9505,075010,1131,7,352,9
9506,075020,1329,7,352,9
9507,075030,1455,7,352,9
9508,075000,1106,7,352,9
9509,075010,1137,7,352,9
9510,075020,1335,7,352,9
9511,075030,990,7,352,9
9512,075000,1117,7,352,9
9513,075010,1111,7,352,9
9514,075020,1334,7,352,9
9515,075030,1458,7,352,9
9516,075000,1094,7,352,9
9517,075010,1134,7,352,9
9518,075020,1503,9,448,11
9519,075030,1461,7,352,9
9520,075000,1102,7,352,9
9521,075010,1114,7,352,9
9522,075020,1512,9,448,11
9523,075030,1460,7,352,9
9524,075000,1210,7,352,9
9525,075010,1122,7,352,9
9526,075020,1520,9,448,11
9527,075030,1456,7,352,9
9528,075000,1198,7,352,9
9529,075010,1110,7,352,9
9530,075020,986,7,352,9
9531,075030,1458,7,352,9
9532,075000,1094,7,352,9
9533,075010,1110,7,352,9
9534,075020,1330,7,352,9
9535,075030,1453,7,352,9
9536,075000,1115,7,352,9
9537,075010,1122,7,352,9
9538,075020,1329,7,352,9
9539,075030,1455,7,352,9
9540,075000,1114,7,352,9
9541,075010,1106,7,352,9
9542,075020,1334,7,352,9
9543,075030,1454,7,352,9
9544,075000,1150,7,352,9
9545,075010,1118,7,352,9
9546,075020,1519,9,448,11
9547,075030,993,7,352,9
9548,075000,1106,7,352,9
9549,075010,1122,7,352,9
9550,075020,1516,9,448,11
9551,075030,1460,7,352,9
9552,075000,1122,7,352,9
9553,075010,1126,7,352,9
9554,075020,1329,7,352,9
9555,075030,1459,7,352,9
9556,075000,1102,7,352,9
9557,075010,1121,7,352,9
9558,075020,1331,7,352,9
9559,075030,1458,7,352,9
9560,075000,1286,7,352,9
9561,075010,1125,7,352,9
9562,075020,1335,7,352,9
9563,075030,1453,7,352,9
9564,075000,1275,7,352,9
9565,075010,1137,7,352,9
9566,075020,1326,7,352,9
9567,075030,1459,7,352,9
9568,075000,1109,7,352,9
9569,075000,1632,11,560,15
9570,075000,1634,11,560,15
9571,075000,1112,7,352,9
9572,075000,1632,11,560,15
9573,075000,1634,11,560,15
9574,075000,1112,7,352,9
9575,075000,1632,11,560,15
9576,075000,1634,11,560,15
9577,075000,1112,7,352,9
9578,075000,1632,11,560,15
9579,075000,1634,11,560,15
9580,075000,1112,7,352,9
9581,075000,1632,11,560,15
9582,075000,1634,11,560,15
9583,075000,1112,7,352,9
9584,075000,1632,11,560,15
9585,075000,1634,11,560,15
9586,075000,1112,7,352,9
9587,075000,1632,11,560,15
9588,075000,1634,11,560,15
9589,075000,1112,7,352,9
9590,075000,1632,11,560,15
9591,075000,1634,11,560,15
9592,075000,1112,7,352,9
9593,075000,1632,11,560,15
9594,075000,1634,11,560,15
9595,075000,1112,7,352,9
9596,075000,1632,11,560,15
9597,075000,1634,11,560,15
9598,075000,1112,7,352,9
9599,075000,1632,11,560,15
9600,075000,1634,11,560,15
9601,075000,1112,7,352,9
9602,075000,1632,11,560,15
9603,075000,1634,11,560,15
9604,075000,1112,7,352,9
9605,075000,1632,11,560,15
9606,075000,1634,11,560,15
9607,075000,1112,7,352,9
9608,075000,1632,11,560,15
9609,075000,1634,11,560,15
9610,075000,1112,7,352,9
9611,075000,1632,11,560,15
9612,075000,1634,11,560,15
9613,075000,1112,7,352,9
9614,075000,1632,11,560,15
9615,075000,1634,11,560,15
9616,075000,1137,7,352,9
9617,075000,1655,11,560,15
9618,075000,1658,11,560,15
9619,075000,1137,7,352,9
9620,075000,1655,11,560,15
9621,075000,1658,11,560,15
9622,075000,1137,7,352,9
9623,075000,1655,11,560,15
9624,075000,1658,11,560,15
9625,075000,1137,7,352,9
9626,075000,1655,11,560,15
9627,075000,1658,11,560,15
9628,075000,1137,7,352,9
9629,075000,1655,11,560,15
9630,075000,1658,11,560,15
9631,075000,1137,7,352,9
9632,075000,1655,11,560,15
9633,075000,1658,11,560,15
9634,075000,1137,7,352,9
9635,075000,1655,11,560,15
9636,075000,1658,11,560,15
9637,075000,1137,7,352,9
9638,075000,1655,11,560,15
9639,075000,1658,11,560,15
9640,075000,1137,7,352,9
9641,075000,1655,11,560,15
9642,075000,1658,11,560,15
9643,075000,1137,7,352,9
9644,075000,1655,11,560,15
9645,075000,1658,11,560,15
9646,075000,1137,7,352,9
9647,075000,1655,11,560,15
9648,075000,1658,11,560,15
9649,075000,1137,7,352,9
9650,075000,1655,11,560,15
9651,075000,1658,11,560,15
9652,075000,1137,7,352,9
9653,075000,1655,11,560,15
9654,075000,1658,11,560,15
9655,075000,1137,7,352,9
9656,075000,1655,11,560,15
9657,075000,1658,11,560,15
9658,075000,1137,7,352,9
9659,075000,1655,11,560,15
9660,075000,1658,11,560,15
9661,075000,1137,7,352,9
9662,075000,1655,11,560,15
9663,075000,1658,11,560,15
9664,075000,1112,7,352,9
9665,075000,1632,11,560,15
9666,075000,1634,11,560,15
9667,075000,1112,7,352,9
9668,075000,1632,11,560,15
9669,075000,1634,11,560,15
9670,075000,1112,7,352,9
9671,075000,1632,11,560,15
9672,075000,1634,11,560,15
9673,075000,1112,7,352,9
9674,075000,1632,11,560,15
9675,075000,1634,11,560,15
9676,075000,1112,7,352,9
9677,075000,1632,11,560,15
9678,075000,1634,11,560,15
9679,075000,1112,7,352,9
9680,075000,1632,11,560,15
9681,075000,1634,11,560,15
9682,075000,1112,7,352,9
9683,075000,1632,11,560,15
9684,075000,1634,11,560,15
9685,075000,1112,7,352,9
9686,075000,1632,11,560,15
9687,075000,1634,11,560,15
9688,075000,1112,7,352,9
9689,075000,1632,11,560,15
9690,075000,1634,11,560,15
9691,075000,1112,7,352,9
9692,075000,1632,11,560,15
9693,075000,1634,11,560,15
9694,075000,1112,7,352,9
9695,075000,1632,11,560,15
9696,075000,1634,11,560,15
9697,075000,1112,7,352,9
9698,075000,1632,11,560,15
9699,075000,1634,11,560,15
9700,075000,1112,7,352,9
9701,075000,1632,11,560,15
9702,075000,1634,11,560,15
9703,075000,1112,7,352,9
9704,075000,1632,11,560,15
9705,075000,1634,11,560,15
9706,075000,1112,7,352,9
9707,075000,1632,11,560,15
9708,075000,1634,11,560,15
9709,075000,1112,7,352,9
9710,075000,1632,11,560,15
9711,075000,1634,11,560,15
9712,075000,1097,7,352,9
9713,075000,1615,11,560,15
9714,075000,1618,11,560,15
9715,075000,1097,7,352,9
9716,075000,1615,11,560,15
9717,075000,1618,11,560,15
9718,075000,1097,7,352,9
9719,075000,1615,11,560,15
9720,075000,1618,11,560,15
9721,075000,1097,7,352,9
9722,075000,1615,11,560,15
9723,075000,1618,11,560,15
9724,075000,1097,7,352,9
9725,075000,1615,11,560,15
9726,075000,1618,11,560,15
9727,075000,1097,7,352,9
9728,075000,1615,11,560,15
9729,075000,1618,11,560,15
9730,075000,1097,7,352,9
9731,075000,1615,11,560,15
9732,075000,1618,11,560,15
9733,075000,1097,7,352,9
9734,075000,1615,11,560,15
9735,075000,1618,11,560,15
9736,075000,1097,7,352,9
9737,075000,1615,11,560,15
9738,075000,1618,11,560,15
9739,075000,1097,7,352,9
9740,075000,1615,11,560,15
9741,075000,1618,11,560,15
9742,075000,1097,7,352,9
9743,075000,1615,11,560,15
9744,075000,1618,11,560,15
9745,075000,1097,7,352,9
9746,075000,1615,11,560,15
9747,075000,1618,11,560,15
9748,075000,1097,7,352,9
9749,075000,1615,11,560,15
9750,075000,1618,11,560,15
9751,075000,1097,7,352,9
9752,075000,1615,11,560,15
9753,075000,1618,11,560,15
9754,075000,1097,7,352,9
9755,075000,1615,11,560,15
9756,075000,1618,11,560,15
9757,075000,1097,7,352,9
9758,075000,1615,11,560,15
9759,075000,1618,11,560,15
9760,075000,1298,9,448,11
9761,075000,1818,13,656,17
9762,075000,1298,9,448,11
9763,075000,1298,9,448,11
9764,075000,1818,13,656,17
9765,075000,1298,9,448,11
9766,075000,1298,9,448,11
9767,075000,1818,13,656,17
9768,075000,1298,9,448,11
9769,075000,1298,9,448,11
9770,075000,1818,13,656,17
9771,075000,1298,9,448,11
9772,075000,1298,9,448,11
9773,075000,1818,13,656,17
9774,075000,1298,9,448,11
9775,075000,1298,9,448,11
9776,075000,1818,13,656,17
9777,075000,1298,9,448,11
9778,075000,1298,9,448,11
9779,075000,1818,13,656,17
9780,075000,1298,9,448,11
9781,075000,1298,9,448,11
9782,075000,1818,13,656,17
9783,075000,1298,9,448,11
9784,075000,1298,9,448,11
9785,075000,1818,13,656,17
9786,075000,1298,9,448,11
9787,075000,1298,9,448,11
9788,075000,1818,13,656,17
9789,075000,1298,9,448,11
9790,075000,1298,9,448,11
9791,075000,1818,13,656,17
9792,075000,1298,9,448,11
9793,075000,1298,9,448,11
9794,075000,1818,13,656,17
9795,075000,1298,9,448,11
9796,075000,1298,9,448,11
9797,075000,1818,13,656,17
9798,075000,1298,9,448,11
9799,075000,1298,9,448,11
9800,075000,1818,13,656,17
9801,075000,1298,9,448,11
9802,075000,1298,9,448,11
9803,075000,1818,13,656,17
9804,075000,1298,9,448,11
9805,075000,1298,9,448,11
9806,075000,1818,13,656,17
9807,075000,1298,9,448,11
9808,075000,1105,7,352,9
9809,075000,1623,11,560,15
9810,075000,1626,11,560,15
9811,075000,1105,7,352,9
9812,075000,1623,11,560,15
9813,075000,1626,11,560,15
9814,075000,1105,7,352,9
9815,075000,1623,11,560,15
9816,075000,1626,11,560,15
9817,075000,1105,7,352,9
9818,075000,1623,11,560,15
9819,075000,1626,11,560,15
9820,075000,1105,7,352,9
9821,075000,1623,11,560,15
9822,075000,1626,11,560,15
9823,075000,1105,7,352,9
9824,075000,1623,11,560,15
9825,075000,1626,11,560,15
9826,075000,1105,7,352,9
9827,075000,1623,11,560,15
9828,075000,1626,11,560,15
9829,075000,1105,7,352,9
9830,075000,1623,11,560,15
9831,075000,1626,11,560,15
9832,075000,1105,7,352,9
9833,075000,1623,11,560,15
9834,075000,1626,11,560,15
9835,075000,1105,7,352,9
9836,075000,1623,11,560,15
9837,075000,1626,11,560,15
9838,075000,1105,7,352,9
9839,075000,1623,11,560,15
9840,075000,1626,11,560,15
9841,075000,1105,7,352,9
9842,075000,1623,11,560,15
9843,075000,1626,11,560,15
9844,075000,1105,7,352,9
9845,075000,1623,11,560,15
9846,075000,1626,11,560,15
9847,075000,1105,7,352,9
9848,075000,1623,11,560,15
9849,075000,1626,11,560,15
9850,075000,1105,7,352,9
9851,075000,1623,11,560,15
9852,075000,1626,11,560,15
9853,075000,1105,7,352,9
9854,075000,1623,11,560,15
9855,075000,1626,11,560,15
9856,075000,1017,7,352,9
9857,075000,1535,11,560,15
9858,075000,1538,11,560,15
9859,075000,1017,7,352,9
9860,075000,1535,11,560,15
9861,075000,1538,11,560,15
9862,075000,1017,7,352,9
9863,075000,1535,11,560,15
9864,075000,1538,11,560,15
9865,075000,1017,7,352,9
9866,075000,1535,11,560,15
9867,075000,1538,11,560,15
9868,075000,1017,7,352,9
9869,075000,1535,11,560,15
9870,075000,1538,11,560,15
9871,075000,1017,7,352,9
9872,075000,1535,11,560,15
9873,075000,1538,11,560,15
9874,075000,1017,7,352,9
9875,075000,1535,11,560,15
9876,075000,1538,11,560,15
9877,075000,1017,7,352,9
9878,075000,1535,11,560,15
9879,075000,1538,11,560,15
9880,075000,1017,7,352,9
9881,075000,1535,11,560,15
9882,075000,1538,11,560,15
9883,075000,1017,7,352,9
9884,075000,1535,11,560,15
9885,075000,1538,11,560,15
9886,075000,1017,7,352,9
9887,075000,1535,11,560,15
9888,075000,1538,11,560,15
9889,075000,1017,7,352,9
9890,075000,1535,11,560,15
9891,075000,1538,11,560,15
9892,075000,1017,7,352,9
9893,075000,1535,11,560,15
9894,075000,1538,11,560,15
9895,075000,1017,7,352,9
9896,075000,1535,11,560,15
9897,075000,1538,11,560,15
9898,075000,1017,7,352,9
9899,075000,1535,11,560,15
9900,075000,1538,11,560,15
9901,075000,1017,7,352,9
9902,075000,1535,11,560,15
9903,075000,1538,11,560,15
9904,075010,1021,7,352,9
9905,075010,1539,11,560,15
9906,075010,1542,11,560,15
9907,075010,1021,7,352,9
9908,075010,1539,11,560,15
9909,075010,1542,11,560,15
9910,075010,1021,7,352,9
9911,075010,1539,11,560,15
9912,075010,1542,11,560,15
9913,075010,1021,7,352,9
9914,075010,1539,11,560,15
9915,075010,1542,11,560,15
9916,075010,1021,7,352,9
9917,075010,1539,11,560,15
9918,075010,1542,11,560,15
9919,075010,1021,7,352,9
9920,075010,1539,11,560,15
9921,075010,1542,11,560,15
9922,075010,1021,7,352,9
9923,075010,1539,11,560,15
9924,075010,1542,11,560,15
9925,075010,1021,7,352,9
9926,075010,1539,11,560,15
9927,075010,1542,11,560,15
9928,075010,1021,7,352,9
9929,075010,1539,11,560,15
9930,075010,1542,11,560,15
9931,075010,1021,7,352,9
9932,075010,1539,11,560,15
9933,075010,1542,11,560,15
9934,075010,1021,7,352,9
9935,075010,1539,11,560,15
9936,075010,1542,11,560,15
9937,075010,1021,7,352,9
9938,075010,1539,11,560,15
9939,075010,1542,11,560,15
9940,075010,1021,7,352,9
9941,075010,1539,11,560,15
9942,075010,1542,11,560,15
9943,075010,1021,7,352,9
9944,075010,1539,11,560,15
9945,075010,1542,11,560,15
9946,075010,1021,7,352,9
9947,075010,1539,11,560,15
9948,075010,1542,11,560,15
9949,075010,1021,7,352,9
9950,075010,1539,11,560,15
9951,075010,1542,11,560,15
9952,075010,1129,7,352,9
9953,075010,1647,11,560,15
9954,075010,1650,11,560,15
9955,075010,1129,7,352,9
9956,075010,1647,11,560,15
9957,075010,1650,11,560,15
9958,075010,1129,7,352,9
9959,075010,1647,11,560,15
9960,075010,1650,11,560,15
9961,075010,1129,7,352,9
9962,075010,1647,11,560,15
9963,075010,1650,11,560,15
9964,075010,1129,7,352,9
9965,075010,1647,11,560,15
9966,075010,1650,11,560,15
9967,075010,1129,7,352,9
9968,075010,1647,11,560,15
9969,075010,1650,11,560,15
9970,075010,1129,7,352,9
9971,075010,1647,11,560,15
9972,075010,1650,11,560,15
9973,075010,1129,7,352,9
9974,075010,1647,11,560,15
9975,075010,1650,11,560,15
9976,075010,1129,7,352,9
9977,075010,1647,11,560,15
9978,075010,1650,11,560,15
9979,075010,1129,7,352,9
9980,075010,1647,11,560,15
9981,075010,1650,11,560,15
9982,075010,1129,7,352,9
9983,075010,1647,11,560,15
9984,075010,1650,11,560,15
9985,075010,1129,7,352,9
9986,075010,1647,11,560,15
9987,075010,1650,11,560,15
9988,075010,1129,7,352,9
9989,075010,1647,11,560,15
9990,075010,1650,11,560,15
9991,075010,1129,7,352,9
9992,075010,1647,11,560,15
9993,075010,1650,11,560,15
9994,075010,1129,7,352,9
9995,075010,1647,11,560,15
9996,075010,1650,11,560,15
9997,075010,1129,7,352,9
9998,075010,1647,11,560,15
9999,075010,1650,11,560,15
10000,075010,1197,7,352,9
10001,075010,1715,11,560,15
10002,075010,1718,11,560,15
10003,075010,1197,7,352,9
10004,075010,1715,11,560,15
10005,075010,1718,11,560,15
10006,075010,1197,7,352,9
10007,075010,1715,11,560,15
10008,075010,1718,11,560,15
10009,075010,1197,7,352,9
10010,075010,1715,11,560,15
10011,075010,1718,11,560,15
10012,075010,1197,7,352,9
10013,075010,1715,11,560,15
10014,075010,1718,11,560,15
10015,075010,1197,7,352,9
10016,075010,1715,11,560,15
10017,075010,1718,11,560,15
10018,075010,1197,7,352,9
10019,075010,1715,11,560,15
10020,075010,1718,11,560,15
10021,075010,1197,7,352,9
10022,075010,1715,11,560,15
10023,075010,1718,11,560,15
10024,075010,1197,7,352,9
10025,075010,1715,11,560,15
10026,075010,1718,11,560,15
10027,075010,1197,7,352,9
10028,075010,1715,11,560,15
10029,075010,1718,11,560,15
10030,075010,1197,7,352,9
10031,075010,1715,11,560,15
10032,075010,1718,11,560,15
10033,075010,1197,7,352,9
10034,075010,1715,11,560,15
10035,075010,1718,11,560,15
10036,075010,1197,7,352,9
10037,075010,1715,11,560,15
10038,075010,1718,11,560,15
10039,075010,1197,7,352,9
10040,075010,1715,11,560,15
10041,075010,1718,11,560,15
10042,075010,1197,7,352,9
10043,075010,1715,11,560,15
10044,075010,1718,11,560,15
10045,075010,1197,7,352,9
10046,075010,1715,11,560,15
10047,075010,1718,11,560,15
10048,075010,1105,7,352,9
10049,075010,1623,11,560,15
10050,075010,1626,11,560,15
10051,075010,1105,7,352,9
10052,075010,1623,11,560,15
10053,075010,1626,11,560,15
10054,075010,1105,7,352,9
10055,075010,1623,11,560,15
10056,075010,1626,11,560,15
10057,075010,1105,7,352,9
10058,075010,1623,11,560,15
10059,075010,1626,11,560,15
10060,075010,1105,7,352,9
10061,075010,1623,11,560,15
10062,075010,1626,11,560,15
10063,075010,1105,7,352,9
10064,075010,1623,11,560,15
10065,075010,1626,11,560,15
10066,075010,1105,7,352,9
10067,075010,1623,11,560,15
10068,075010,1626,11,560,15
10069,075010,1105,7,352,9
10070,075010,1623,11,560,15
10071,075010,1626,11,560,15
10072,075010,1105,7,352,9
10073,075010,1623,11,560,15
10074,075010,1626,11,560,15
10075,075010,1105,7,352,9
10076,075010,1623,11,560,15
10077,075010,1626,11,560,15
10078,075010,1105,7,352,9
10079,075010,1623,11,560,15
10080,075010,1626,11,560,15
10081,075010,1105,7,352,9
10082,075010,1623,11,560,15
10083,075010,1626,11,560,15
10084,075010,1105,7,352,9
10085,075010,1623,11,560,15
10086,075010,1626,11,560,15
10087,075010,1105,7,352,9
10088,075010,1623,11,560,15
10089,075010,1626,11,560,15
10090,075010,1105,7,352,9
10091,075010,1623,11,560,15
10092,075010,1626,11,560,15
10093,075010,1105,7,352,9
10094,075010,1623,11,560,15
10095,075010,1626,11,560,15
10096,075010,1021,7,352,9
10097,075010,1539,11,560,15
10098,075010,1542,11,560,15
10099,075010,1021,7,352,9
10100,075010,1539,11,560,15
10101,075010,1542,11,560,15
10102,075010,1021,7,352,9
10103,075010,1539,11,560,15
10104,075010,1542,11,560,15
10105,075010,1021,7,352,9
10106,075010,1539,11,560,15
10107,075010,1542,11,560,15
10108,075010,1021,7,352,9
10109,075010,1539,11,560,15
10110,075010,1542,11,560,15
10111,075010,1021,7,352,9
10112,075010,1539,11,560,15
10113,075010,1542,11,560,15
10114,075010,1021,7,352,9
10115,075010,1539,11,560,15
10116,075010,1542,11,560,15
10117,075010,1021,7,352,9
10118,075010,1539,11,560,15
10119,075010,1542,11,560,15
10120,075010,1021,7,352,9
10121,075010,1539,11,560,15
10122,075010,1542,11,560,15
10123,075010,1021,7,352,9
10124,075010,1539,11,560,15
10125,075010,1542,11,560,15
10126,075010,1021,7,352,9
10127,075010,1539,11,560,15
10128,075010,1542,11,560,15
10129,075010,1021,7,352,9
10130,075010,1539,11,560,15
10131,075010,1542,11,560,15
10132,075010,1021,7,352,9
10133,075010,1539,11,560,15
10134,075010,1542,11,560,15
10135,075010,1021,7,352,9
10136,075010,1539,11,560,15
10137,075010,1542,11,560,15
10138,075010,1021,7,352,9
10139,075010,1539,11,560,15
10140,075010,1542,11,560,15
10141,075010,1021,7,352,9
10142,075010,1539,11,560,15
10143,075010,1542,11,560,15
10144,075010,1109,7,352,9
10145,075010,1627,11,560,15
10146,075010,1630,11,560,15
10147,075010,1109,7,352,9
10148,075010,1627,11,560,15
10149,075010,1630,11,560,15
10150,075010,1109,7,352,9
10151,075010,1627,11,560,15
10152,075010,1630,11,560,15
10153,075010,1109,7,352,9
10154,075010,1627,11,560,15
10155,075010,1630,11,560,15
10156,075010,1109,7,352,9
10157,075010,1627,11,560,15
10158,075010,1630,11,560,15
10159,075010,1109,7,352,9
10160,075010,1627,11,560,15
10161,075010,1630,11,560,15
10162,075010,1109,7,352,9
10163,075010,1627,11,560,15
10164,075010,1630,11,560,15
10165,075010,1109,7,352,9
10166,075010,1627,11,560,15
10167,075010,1630,11,560,15
10168,075010,1109,7,352,9
10169,075010,1627,11,560,15
10170,075010,1630,11,560,15
10171,075010,1109,7,352,9
10172,075010,1627,11,560,15
10173,075010,1630,11,560,15
10174,075010,1109,7,352,9
10175,075010,1627,11,560,15
10176,075010,1630,11,560,15
10177,075010,1109,7,352,9
10178,075010,1627,11,560,15
10179,075010,1630,11,560,15
10180,075010,1109,7,352,9
10181,075010,1627,11,560,15
10182,075010,1630,11,560,15
10183,075010,1109,7,352,9
10184,075010,1627,11,560,15
10185,075010,1630,11,560,15
10186,075010,1109,7,352,9
10187,075010,1627,11,560,15
10188,075010,1630,11,560,15
10189,075010,1109,7,352,9
10190,075010,1627,11,560,15
10191,075010,1630,11,560,15
10192,075010,1021,7,352,9
10193,075010,1539,11,560,15
10194,075010,1542,11,560,15
10195,075010,1021,7,352,9
10196,075010,1539,11,560,15
10197,075010,1542,11,560,15
10198,075010,1021,7,352,9
10199,075010,1539,11,560,15
10200,075010,1542,11,560,15
10201,075010,1021,7,352,9
10202,075010,1539,11,560,15
10203,075010,1542,11,560,15
10204,075010,1021,7,352,9
10205,075010,1539,11,560,15
10206,075010,1542,11,560,15
10207,075010,1021,7,352,9
10208,075010,1539,11,560,15
10209,075010,1542,11,560,15
10210,075010,1021,7,352,9
10211,075010,1539,11,560,15
10212,075010,1542,11,560,15
10213,075010,1021,7,352,9
10214,075010,1539,11,560,15
10215,075010,1542,11,560,15
10216,075010,1021,7,352,9
10217,075010,1539,11,560,15
10218,075010,1542,11,560,15
10219,075010,1021,7,352,9
10220,075010,1539,11,560,15
10221,075010,1542,11,560,15
10222,075010,1021,7,352,9
10223,075010,1539,11,560,15
10224,075010,1542,11,560,15
10225,075010,1021,7,352,9
10226,075010,1539,11,560,15
10227,075010,1542,11,560,15
10228,075010,1021,7,352,9
10229,075010,1539,11,560,15
10230,075010,1542,11,560,15
10231,075010,1021,7,352,9
10232,075010,1539,11,560,15
10233,075010,1542,11,560,15
10234,075010,1021,7,352,9
10235,075010,1539,11,560,15
10236,075010,1542,11,560,15
10237,075010,1021,7,352,9
10238,075010,1539,11,560,15
10239,075010,1542,11,560,15
10240,075020,1313,7,352,9
10241,075020,1831,11,560,15
10242,075020,1834,11,560,15
10243,075020,1313,7,352,9
10244,075020,1831,11,560,15
10245,075020,1834,11,560,15
10246,075020,1313,7,352,9
10247,075020,1831,11,560,15
10248,075020,1834,11,560,15
10249,075020,1313,7,352,9
10250,075020,1831,11,560,15
10251,075020,1834,11,560,15
10252,075020,1313,7,352,9
10253,075020,1831,11,560,15
10254,075020,1834,11,560,15
10255,075020,1313,7,352,9
10256,075020,1831,11,560,15
10257,075020,1834,11,560,15
10258,075020,1313,7,352,9
10259,075020,1831,11,560,15
10260,075020,1834,11,560,15
10261,075020,1313,7,352,9
10262,075020,1831,11,560,15
10263,075020,1834,11,560,15
10264,075020,1313,7,352,9
10265,075020,1831,11,560,15
10266,075020,1834,11,560,15
10267,075020,1313,7,352,9
10268,075020,1831,11,560,15
10269,075020,1834,11,560,15
10270,075020,1313,7,352,9
10271,075020,1831,11,560,15
10272,075020,1834,11,560,15
10273,075020,1313,7,352,9
10274,075020,1831,11,560,15
10275,075020,1834,11,560,15
10276,075020,1313,7,352,9
10277,075020,1831,11,560,15
10278,075020,1834,11,560,15
10279,075020,1313,7,352,9
10280,075020,1831,11,560,15
10281,075020,1834,11,560,15
10282,075020,1313,7,352,9
10283,075020,1831,11,560,15
10284,075020,1834,11,560,15
10285,075020,1313,7,352,9
10286,075020,1831,11,560,15
10287,075020,1834,11,560,15
10288,075020,1316,7,352,9
10289,075020,1836,11,560,15
10290,075020,1838,11,560,15
10291,075020,1316,7,352,9
10292,075020,1836,11,560,15
10293,075020,1838,11,560,15
10294,075020,1316,7,352,9
10295,075020,1836,11,560,15
10296,075020,1838,11,560,15
10297,075020,1316,7,352,9
10298,075020,1836,11,560,15
10299,075020,1838,11,560,15
10300,075020,1316,7,352,9
10301,075020,1836,11,560,15
10302,075020,1838,11,560,15
10303,075020,1316,7,352,9
10304,075020,1836,11,560,15
10305,075020,1838,11,560,15
10306,075020,1316,7,352,9
10307,075020,1836,11,560,15
10308,075020,1838,11,560,15
10309,075020,1316,7,352,9
10310,075020,1836,11,560,15
10311,075020,1838,11,560,15
10312,075020,1316,7,352,9
10313,075020,1836,11,560,15
10314,075020,1838,11,560,15
10315,075020,1316,7,352,9
10316,075020,1836,11,560,15
10317,075020,1838,11,560,15
10318,075020,1316,7,352,9
10319,075020,1836,11,560,15
10320,075020,1838,11,560,15
10321,075020,1316,7,352,9
10322,075020,1836,11,560,15
10323,075020,1838,11,560,15
10324,075020,1316,7,352,9
10325,075020,1836,11,560,15
10326,075020,1838,11,560,15
10327,075020,1316,7,352,9
10328,075020,1836,11,560,15
10329,075020,1838,11,560,15
10330,075020,1316,7,352,9
10331,075020,1836,11,560,15
10332,075020,1838,11,560,15
10333,075020,1316,7,352,9
10334,075020,1836,11,560,15
10335,075020,1838,11,560,15
10336,075020,1502,9,448,11
10337,075020,2022,13,656,17
10338,075020,1502,9,448,11
10339,075020,1502,9,448,11
10340,075020,2022,13,656,17
10341,075020,1502,9,448,11
10342,075020,1502,9,448,11
10343,075020,2022,13,656,17
10344,075020,1502,9,448,11
10345,075020,1502,9,448,11
10346,075020,2022,13,656,17
10347,075020,1502,9,448,11
10348,075020,1502,9,448,11
10349,075020,2022,13,656,17
10350,075020,1502,9,448,11
10351,075020,1502,9,448,11
10352,075020,2022,13,656,17
10353,075020,1502,9,448,11
10354,075020,1502,9,448,11
10355,075020,2022,13,656,17
10356,075020,1502,9,448,11
10357,075020,1502,9,448,11
10358,075020,2022,13,656,17
10359,075020,1502,9,448,11
10360,075020,1502,9,448,11
10361,075020,2022,13,656,17
10362,075020,1502,9,448,11
10363,075020,1502,9,448,11
10364,075020,2022,13,656,17
10365,075020,1502,9,448,11
10366,075020,1502,9,448,11
10367,075020,2022,13,656,17
10368,075020,1502,9,448,11
10369,075020,1502,9,448,11
10370,075020,2022,13,656,17
10371,075020,1502,9,448,11
10372,075020,1502,9,448,11
10373,075020,2022,13,656,17
10374,075020,1502,9,448,11
10375,075020,1502,9,448,11
10376,075020,2022,13,656,17
10377,075020,1502,9,448,11
10378,075020,1502,9,448,11
10379,075020,2022,13,656,17
10380,075020,1502,9,448,11
10381,075020,1502,9,448,11
10382,075020,2022,13,656,17
10383,075020,1502,9,448,11
10384,075020,1313,7,352,9
10385,075020,1831,11,560,15
10386,075020,1834,11,560,15
10387,075020,1313,7,352,9
10388,075020,1831,11,560,15
10389,075020,1834,11,560,15
10390,075020,1313,7,352,9
10391,075020,1831,11,560,15
10392,075020,1834,11,560,15
10393,075020,1313,7,352,9
10394,075020,1831,11,560,15
10395,075020,1834,11,560,15
10396,075020,1313,7,352,9
10397,075020,1831,11,560,15
10398,075020,1834,11,560,15
10399,075020,1313,7,352,9
10400,075020,1831,11,560,15
10401,075020,1834,11,560,15
10402,075020,1313,7,352,9
10403,075020,1831,11,560,15
10404,075020,1834,11,560,15
10405,075020,1313,7,352,9
10406,075020,1831,11,560,15
10407,075020,1834,11,560,15
10408,075020,1313,7,352,9
10409,075020,1831,11,560,15
10410,075020,1834,11,560,15
10411,075020,1313,7,352,9
10412,075020,1831,11,560,15
10413,075020,1834,11,560,15
10414,075020,1313,7,352,9
10415,075020,1831,11,560,15
10416,075020,1834,11,560,15
10417,075020,1313,7,352,9
10418,075020,1831,11,560,15
10419,075020,1834,11,560,15
10420,075020,1313,7,352,9
10421,075020,1831,11,560,15
10422,075020,1834,11,560,15
10423,075020,1313,7,352,9
10424,075020,1831,11,560,15
10425,075020,1834,11,560,15
10426,075020,1313,7,352,9
10427,075020,1831,11,560,15
10428,075020,1834,11,560,15
10429,075020,1313,7,352,9
10430,075020,1831,11,560,15
10431,075020,1834,11,560,15
10432,075020,1539,9,448,11
10433,075020,2058,13,656,17
10434,075020,1538,9,448,11
10435,075020,1538,9,448,11
10436,075020,2058,13,656,17
10437,075020,1538,9,448,11
10438,075020,1538,9,448,11
10439,075020,2058,13,656,17
10440,075020,1538,9,448,11
10441,075020,1538,9,448,11
10442,075020,2058,13,656,17
10443,075020,1538,9,448,11
10444,075020,1538,9,448,11
10445,075020,2058,13,656,17
10446,075020,1538,9,448,11
10447,075020,1538,9,448,11
10448,075020,2058,13,656,17
10449,075020,1538,9,448,11
10450,075020,1538,9,448,11
10451,075020,2058,13,656,17
10452,075020,1538,9,448,11
10453,075020,1538,9,448,11
10454,075020,2058,13,656,17
10455,075020,1538,9,448,11
10456,075020,1538,9,448,11
10457,075020,2058,13,656,17
10458,075020,1538,9,448,11
10459,075020,1538,9,448,11
10460,075020,2058,13,656,17
10461,075020,1538,9,448,11
10462,075020,1538,9,448,11
10463,075020,2058,13,656,17
10464,075020,1538,9,448,11
10465,075020,1538,9,448,11
10466,075020,2058,13,656,17
10467,075020,1538,9,448,11
10468,075020,1538,9,448,11
10469,075020,2058,13,656,17
10470,075020,1538,9,448,11
10471,075020,1538,9,448,11
10472,075020,2058,13,656,17
10473,075020,1538,9,448,11
10474,075020,1538,9,448,11
10475,075020,2058,13,656,17
10476,075020,1538,9,448,11
10477,075020,1538,9,448,11
10478,075020,2058,13,656,17
10479,075020,1538,9,448,11
10480,075020,988,7,352,9
10481,075020,1507,11,560,15
10482,075020,1510,11,560,15
10483,075020,989,7,352,9
10484,075020,1507,11,560,15
10485,075020,1510,11,560,15
10486,075020,989,7,352,9
10487,075020,1507,11,560,15
10488,075020,1510,11,560,15
10489,075020,989,7,352,9
10490,075020,1507,11,560,15
10491,075020,1510,11,560,15
10492,075020,989,7,352,9
10493,075020,1507,11,560,15
10494,075020,1510,11,560,15
10495,075020,989,7,352,9
10496,075020,1507,11,560,15
10497,075020,1510,11,560,15
10498,075020,989,7,352,9
10499,075020,1507,11,560,15
10500,075020,1510,11,560,15
10501,075020,989,7,352,9
10502,075020,1507,11,560,15
10503,075020,1510,11,560,15
10504,075020,989,7,352,9
10505,075020,1507,11,560,15
10506,075020,1510,11,560,15
10507,075020,989,7,352,9
10508,075020,1507,11,560,15
10509,075020,1510,11,560,15
10510,075020,989,7,352,9
10511,075020,1507,11,560,15
10512,075020,1510,11,560,15
10513,075020,989,7,352,9
10514,075020,1507,11,560,15
10515,075020,1510,11,560,15
10516,075020,989,7,352,9
10517,075020,1507,11,560,15
10518,075020,1510,11,560,15
10519,075020,989,7,352,9
10520,075020,1507,11,560,15
10521,075020,1510,11,560,15
10522,075020,989,7,352,9
10523,075020,1507,11,560,15
10524,075020,1510,11,560,15
10525,075020,989,7,352,9
10526,075020,1507,11,560,15
10527,075020,1510,11,560,15
10528,075020,989,7,352,9
10529,075020,1507,11,560,15
10530,075020,1510,11,560,15
10531,075020,989,7,352,9
10532,075020,1507,11,560,15
10533,075020,1510,11,560,15
10534,075020,989,7,352,9
10535,075020,1507,11,560,15
10536,075020,1510,11,560,15
10537,075020,989,7,352,9
10538,075020,1507,11,560,15
10539,075020,1510,11,560,15
10540,075020,989,7,352,9
10541,075020,1507,11,560,15
10542,075020,1510,11,560,15
10543,075020,989,7,352,9
10544,075020,1507,11,560,15
10545,075020,1510,11,560,15
10546,075020,989,7,352,9
10547,075020,1507,11,560,15
10548,075020,1510,11,560,15
10549,075020,989,7,352,9
10550,075020,1507,11,560,15
10551,075020,1510,11,560,15
10552,075020,989,7,352,9
10553,075020,1507,11,560,15
10554,075020,1510,11,560,15
10555,075020,989,7,352,9
10556,075020,1507,11,560,15
10557,075020,1510,11,560,15
10558,075020,989,7,352,9
10559,075020,1507,11,560,15
10560,075020,1510,11,560,15
10561,075020,989,7,352,9
10562,075020,1507,11,560,15
10563,075020,1510,11,560,15
10564,075020,989,7,352,9
10565,075020,1507,11,560,15
10566,075020,1510,11,560,15
10567,075020,989,7,352,9
10568,075020,1507,11,560,15
10569,075020,1510,11,560,15
10570,075020,989,7,352,9
10571,075020,1507,11,560,15
10572,075020,1510,11,560,15
10573,075020,989,7,352,9
10574,075020,1507,11,560,15
10575,075020,1510,11,560,15
10576,075030,1453,7,352,9
10577,075030,1971,11,560,15
10578,075030,1974,11,560,15
10579,075030,1453,7,352,9
10580,075030,1971,11,560,15
10581,075030,1974,11,560,15
10582,075030,1453,7,352,9
10583,075030,1971,11,560,15
10584,075030,1974,11,560,15
10585,075030,1453,7,352,9
10586,075030,1971,11,560,15
10587,075030,1974,11,560,15
10588,075030,1453,7,352,9
10589,075030,1971,11,560,15
10590,075030,1974,11,560,15
10591,075030,1453,7,352,9
10592,075030,1971,11,560,15
10593,075030,1974,11,560,15
10594,075030,1453,7,352,9
10595,075030,1971,11,560,15
10596,075030,1974,11,560,15
10597,075030,1453,7,352,9
10598,075030,1971,11,560,15
10599,075030,1974,11,560,15
10600,075030,1453,7,352,9
10601,075030,1971,11,560,15
10602,075030,1974,11,560,15
10603,075030,1453,7,352,9
10604,075030,1971,11,560,15
10605,075030,1974,11,560,15
10606,075030,1453,7,352,9
10607,075030,1971,11,560,15
10608,075030,1974,11,560,15
10609,075030,1453,7,352,9
10610,075030,1971,11,560,15
10611,075030,1974,11,560,15
10612,075030,1453,7,352,9
10613,075030,1971,11,560,15
10614,075030,1974,11,560,15
10615,075030,1453,7,352,9
10616,075030,1971,11,560,15
10617,075030,1974,11,560,15
10618,075030,1453,7,352,9
10619,075030,1971,11,560,15
10620,075030,1974,11,560,15
10621,075030,1453,7,352,9
10622,075030,1971,11,560,15
10623,075030,1974,11,560,15
10624,075030,1461,7,352,9
10625,075030,1979,11,560,15
10626,075030,1982,11,560,15
10627,075030,1461,7,352,9
10628,075030,1979,11,560,15
10629,075030,1982,11,560,15
10630,075030,1461,7,352,9
10631,075030,1979,11,560,15
10632,075030,1982,11,560,15
10633,075030,1461,7,352,9
10634,075030,1979,11,560,15
10635,075030,1982,11,560,15
10636,075030,1461,7,352,9
10637,075030,1979,11,560,15
10638,075030,1982,11,560,15
10639,075030,1461,7,352,9
10640,075030,1979,11,560,15
10641,075030,1982,11,560,15
10642,075030,1461,7,352,9
10643,075030,1979,11,560,15
10644,075030,1982,11,560,15
10645,075030,1461,7,352,9
10646,075030,1979,11,560,15
10647,075030,1982,11,560,15
10648,075030,1461,7,352,9
10649,075030,1979,11,560,15
10650,075030,1982,11,560,15
10651,075030,1461,7,352,9
10652,075030,1979,11,560,15
10653,075030,1982,11,560,15
10654,075030,1461,7,352,9
10655,075030,1979,11,560,15
10656,075030,1982,11,560,15
10657,075030,1461,7,352,9
10658,075030,1979,11,560,15
10659,075030,1982,11,560,15
10660,075030,1461,7,352,9
10661,075030,1979,11,560,15
10662,075030,1982,11,560,15
10663,075030,1461,7,352,9
10664,075030,1979,11,560,15
10665,075030,1982,11,560,15
10666,075030,1461,7,352,9
10667,075030,1979,11,560,15
10668,075030,1982,11,560,15
10669,075030,1461,7,352,9
10670,075030,1979,11,560,15
10671,075030,1982,11,560,15
10672,075030,1453,7,352,9
10673,075030,1971,11,560,15
10674,075030,1974,11,560,15
10675,075030,1453,7,352,9
10676,075030,1971,11,560,15
10677,075030,1974,11,560,15
10678,075030,1453,7,352,9
10679,075030,1971,11,560,15
10680,075030,1974,11,560,15
10681,075030,1453,7,352,9
10682,075030,1971,11,560,15
10683,075030,1974,11,560,15
10684,075030,1453,7,352,9
10685,075030,1971,11,560,15
10686,075030,1974,11,560,15
10687,075030,1453,7,352,9
10688,075030,1971,11,560,15
10689,075030,1974,11,560,15
10690,075030,1453,7,352,9
10691,075030,1971,11,560,15
10692,075030,1974,11,560,15
10693,075030,1453,7,352,9
10694,075030,1971,11,560,15
10695,075030,1974,11,560,15
10696,075030,1453,7,352,9
10697,075030,1971,11,560,15
10698,075030,1974,11,560,15
10699,075030,1453,7,352,9
10700,075030,1971,11,560,15
10701,075030,1974,11,560,15
10702,075030,1453,7,352,9
10703,075030,1971,11,560,15
10704,075030,1974,11,560,15
10705,075030,1453,7,352,9
10706,075030,1971,11,560,15
10707,075030,1974,11,560,15
10708,075030,1453,7,352,9
10709,075030,1971,11,560,15
10710,075030,1974,11,560,15
10711,075030,1453,7,352,9
10712,075030,1971,11,560,15
10713,075030,1974,11,560,15
10714,075030,1453,7,352,9
10715,075030,1971,11,560,15
10716,075030,1974,11,560,15
10717,075030,1453,7,352,9
10718,075030,1971,11,560,15
10719,075030,1974,11,560,15
10720,075030,1453,7,352,9
10721,075030,1971,11,560,15
10722,075030,1974,11,560,15
10723,075030,1453,7,352,9
10724,075030,1971,11,560,15
10725,075030,1974,11,560,15
10726,075030,1453,7,352,9
10727,075030,1971,11,560,15
10728,075030,1974,11,560,15
10729,075030,1453,7,352,9
10730,075030,1971,11,560,15
10731,075030,1974,11,560,15
10732,075030,1453,7,352,9
10733,075030,1971,11,560,15
10734,075030,1974,11,560,15
10735,075030,1453,7,352,9
10736,075030,1971,11,560,15
10737,075030,1974,11,560,15
10738,075030,1453,7,352,9
10739,075030,1971,11,560,15
10740,075030,1974,11,560,15
10741,075030,1453,7,352,9
10742,075030,1971,11,560,15
10743,075030,1974,11,560,15
10744,075030,1453,7,352,9
10745,075030,1971,11,560,15
10746,075030,1974,11,560,15
10747,075030,1453,7,352,9
10748,075030,1971,11,560,15
10749,075030,1974,11,560,15
10750,075030,1453,7,352,9
10751,075030,1971,11,560,15
10752,075030,1974,11,560,15
10753,075030,1453,7,352,9
10754,075030,1971,11,560,15
10755,075030,1974,11,560,15
10756,075030,1453,7,352,9
10757,075030,1971,11,560,15
10758,075030,1974,11,560,15
10759,075030,1453,7,352,9
10760,075030,1971,11,560,15
10761,075030,1974,11,560,15
10762,075030,1453,7,352,9
10763,075030,1971,11,560,15
10764,075030,1974,11,560,15
10765,075030,1453,7,352,9
10766,075030,1971,11,560,15
10767,075030,1974,11,560,15
10768,075030,1453,7,352,9
10769,075030,1971,11,560,15
10770,075030,1974,11,560,15
10771,075030,1453,7,352,9
10772,075030,1971,11,560,15
10773,075030,1974,11,560,15
10774,075030,1453,7,352,9
10775,075030,1971,11,560,15
10776,075030,1974,11,560,15
10777,075030,1453,7,352,9
10778,075030,1971,11,560,15
10779,075030,1974,11,560,15
10780,075030,1453,7,352,9
10781,075030,1971,11,560,15
10782,075030,1974,11,560,15
10783,075030,1453,7,352,9
10784,075030,1971,11,560,15
10785,075030,1974,11,560,15
10786,075030,1453,7,352,9
10787,075030,1971,11,560,15
10788,075030,1974,11,560,15
10789,075030,1453,7,352,9
10790,075030,1971,11,560,15
10791,075030,1974,11,560,15
10792,075030,1453,7,352,9
10793,075030,1971,11,560,15
10794,075030,1974,11,560,15
10795,075030,1453,7,352,9
10796,075030,1971,11,560,15
10797,075030,1974,11,560,15
10798,075030,1453,7,352,9
10799,075030,1971,11,560,15
10800,075030,1974,11,560,15
10801,075030,1453,7,352,9
10802,075030,1971,11,560,15
10803,075030,1974,11,560,15
10804,075030,1453,7,352,9
10805,075030,1971,11,560,15
10806,075030,1974,11,560,15
10807,075030,1453,7,352,9
10808,075030,1971,11,560,15
10809,075030,1974,11,560,15
10810,075030,1453,7,352,9
10811,075030,1971,11,560,15
10812,075030,1974,11,560,15
10813,075030,1453,7,352,9
10814,075030,1971,11,560,15
10815,075030,1974,11,560,15
10816,075030,1226,9,448,11
10817,075030,1746,13,656,17
10818,075030,1226,9,448,11
10819,075030,1226,9,448,11
10820,075030,1746,13,656,17
10821,075030,1226,9,448,11
10822,075030,1226,9,448,11
10823,075030,1746,13,656,17
10824,075030,1226,9,448,11
10825,075030,1226,9,448,11
10826,075030,1746,13,656,17
10827,075030,1226,9,448,11
10828,075030,1226,9,448,11
10829,075030,1746,13,656,17
10830,075030,1226,9,448,11
10831,075030,1226,9,448,11
10832,075030,1746,13,656,17
10833,075030,1226,9,448,11
10834,075030,1226,9,448,11
10835,075030,1746,13,656,17
10836,075030,1226,9,448,11
10837,075030,1226,9,448,11
10838,075030,1746,13,656,17
10839,075030,1226,9,448,11
10840,075030,1226,9,448,11
10841,075030,1746,13,656,17
10842,075030,1226,9,448,11
10843,075030,1226,9,448,11
10844,075030,1746,13,656,17
10845,075030,1226,9,448,11
10846,075030,1226,9,448,11
10847,075030,1746,13,656,17
10848,075030,1226,9,448,11
10849,075030,1226,9,448,11
10850,075030,1746,13,656,17
10851,075030,1226,9,448,11
10852,075030,1226,9,448,11
10853,075030,1746,13,656,17
10854,075030,1226,9,448,11
10855,075030,1226,9,448,11
10856,075030,1746,13,656,17
10857,075030,1226,9,448,11
10858,075030,1226,9,448,11
10859,075030,1746,13,656,17
10860,075030,1226,9,448,11
10861,075030,1226,9,448,11
10862,075030,1746,13,656,17
10863,075030,1226,9,448,11
10864,075030,1226,9,448,11
10865,075030,1746,13,656,17
10866,075030,1226,9,448,11
10867,075030,1226,9,448,11
10868,075030,1746,13,656,17
10869,075030,1226,9,448,11
10870,075030,1226,9,448,11
10871,075030,1746,13,656,17
10872,075030,1226,9,448,11
10873,075030,1226,9,448,11
10874,075030,1746,13,656,17
10875,075030,1226,9,448,11
10876,075030,1226,9,448,11
10877,075030,1746,13,656,17
10878,075030,1226,9,448,11
10879,075030,1226,9,448,11
10880,075030,1746,13,656,17
10881,075030,1226,9,448,11
10882,075030,1226,9,448,11
10883,075030,1746,13,656,17
10884,075030,1226,9,448,11
10885,075030,1226,9,448,11
10886,075030,1746,13,656,17
10887,075030,1226,9,448,11
10888,075030,1226,9,448,11
10889,075030,1746,13,656,17
10890,075030,1226,9,448,11
10891,075030,1226,9,448,11
10892,075030,1746,13,656,17
10893,075030,1226,9,448,11
10894,075030,1226,9,448,11
10895,075030,1746,13,656,17
10896,075030,1226,9,448,11
10897,075030,1226,9,448,11
10898,075030,1746,13,656,17
10899,075030,1226,9,448,11
10900,075030,1226,9,448,11
10901,075030,1746,13,656,17
10902,075030,1226,9,448,11
10903,075030,1226,9,448,11
10904,075030,1746,13,656,17
10905,075030,1226,9,448,11
10906,075030,1226,9,448,11
10907,075030,1746,13,656,17
10908,075030,1226,9,448,11
10909,075030,1226,9,448,11
10910,075030,1746,13,656,17
10911,075030,1226,9,448,11
10912,075001,1112,7,352,9
10913,075001,1632,11,560,15
10914,075001,1634,11,560,15
10915,075001,1112,7,352,9
10916,075001,1632,11,560,15
10917,075001,1634,11,560,15
10918,075001,1112,7,352,9
10919,075001,1632,11,560,15
10920,075001,1634,11,560,15
10921,075001,1112,7,352,9
10922,075001,1632,11,560,15
10923,075001,1634,11,560,15
10924,075001,1112,7,352,9
10925,075001,1632,11,560,15
10926,075001,1634,11,560,15
10927,075001,1112,7,352,9
10928,075001,1632,11,560,15
10929,075001,1634,11,560,15
10930,075001,1112,7,352,9
10931,075001,1632,11,560,15
10932,075001,1634,11,560,15
10933,075001,1112,7,352,9
10934,075001,1632,11,560,15
10935,075001,1634,11,560,15
10936,075001,1112,7,352,9
10937,075001,1632,11,560,15
10938,075001,1634,11,560,15
10939,075001,1112,7,352,9
10940,075001,1632,11,560,15
10941,075001,1634,11,560,15
10942,075001,1112,7,352,9
10943,075001,1632,11,560,15
10944,075001,1634,11,560,15
10945,075001,1112,7,352,9
10946,075001,1632,11,560,15
10947,075001,1634,11,560,15
10948,075001,1112,7,352,9
10949,075001,1632,11,560,15
10950,075001,1634,11,560,15
10951,075001,1112,7,352,9
10952,075001,1632,11,560,15
10953,075001,1634,11,560,15
10954,075001,1112,7,352,9
10955,075001,1632,11,560,15
10956,075001,1634,11,560,15
10957,075001,1112,7,352,9
10958,075001,1632,11,560,15
10959,075001,1634,11,560,15
10960,075001,1137,7,352,9
10961,075001,1655,11,560,15
10962,075001,1658,11,560,15
10963,075001,1137,7,352,9
10964,075001,1655,11,560,15
10965,075001,1658,11,560,15
10966,075001,1137,7,352,9
10967,075001,1655,11,560,15
10968,075001,1658,11,560,15
10969,075001,1137,7,352,9
10970,075001,1655,11,560,15
10971,075001,1658,11,560,15
10972,075001,1137,7,352,9
10973,075001,1655,11,560,15
10974,075001,1658,11,560,15
10975,075001,1137,7,352,9
10976,075001,1655,11,560,15
10977,075001,1658,11,560,15
10978,075001,1137,7,352,9
10979,075001,1655,11,560,15
10980,075001,1658,11,560,15
10981,075001,1137,7,352,9
10982,075001,1655,11,560,15
10983,075001,1658,11,560,15
10984,075001,1137,7,352,9
10985,075001,1655,11,560,15
10986,075001,1658,11,560,15
10987,075001,1137,7,352,9
10988,075001,1655,11,560,15
10989,075001,1658,11,560,15
10990,075001,1137,7,352,9
10991,075001,1655,11,560,15
10992,075001,1658,11,560,15
10993,075001,1137,7,352,9
10994,075001,1655,11,560,15
10995,075001,1658,11,560,15
10996,075001,1137,7,352,9
10997,075001,1655,11,560,15
10998,075001,1658,11,560,15
10999,075001,1137,7,352,9
11000,075001,1655,11,560,15
11001,075001,1658,11,560,15
11002,075001,1137,7,352,9
11003,075001,1655,11,560,15
11004,075001,1658,11,560,15
11005,075001,1137,7,352,9
11006,075001,1655,11,560,15
11007,075001,1658,11,560,15
11008,075001,1112,7,352,9
11009,075001,1632,11,560,15
11010,075001,1634,11,560,15
11011,075001,1112,7,352,9
11012,075001,1632,11,560,15
11013,075001,1634,11,560,15
11014,075001,1112,7,352,9
11015,075001,1632,11,560,15
11016,075001,1634,11,560,15
11017,075001,1112,7,352,9
11018,075001,1632,11,560,15
11019,075001,1634,11,560,15
11020,075001,1112,7,352,9
11021,075001,1632,11,560,15
11022,075001,1634,11,560,15
11023,075001,1112,7,352,9
11024,075001,1632,11,560,15
11025,075001,1634,11,560,15
11026,075001,1112,7,352,9
11027,075001,1632,11,560,15
11028,075001,1634,11,560,15
11029,075001,1112,7,352,9
11030,075001,1632,11,560,15
11031,075001,1634,11,560,15
11032,075001,1112,7,352,9
11033,075001,1632,11,560,15
11034,075001,1634,11,560,15
11035,075001,1112,7,352,9
11036,075001,1632,11,560,15
11037,075001,1634,11,560,15
11038,075001,1112,7,352,9
11039,075001,1632,11,560,15
11040,075001,1634,11,560,15
11041,075001,1112,7,352,9
11042,075001,1632,11,560,15
11043,075001,1634,11,560,15
11044,075001,1112,7,352,9
11045,075001,1632,11,560,15
11046,075001,1634,11,560,15
11047,075001,1112,7,352,9
11048,075001,1632,11,560,15
11049,075001,1634,11,560,15
11050,075001,1112,7,352,9
11051,075001,1632,11,560,15
11052,075001,1634,11,560,15
11053,075001,1112,7,352,9
11054,075001,1632,11,560,15
11055,075001,1634,11,560,15
11056,075001,1097,7,352,9
11057,075001,1615,11,560,15
11058,075001,1618,11,560,15
11059,075001,1097,7,352,9
11060,075001,1615,11,560,15
11061,075001,1618,11,560,15
11062,075001,1097,7,352,9
11063,075001,1615,11,560,15
11064,075001,1618,11,560,15
11065,075001,1097,7,352,9
11066,075001,1615,11,560,15
11067,075001,1618,11,560,15
11068,075001,1097,7,352,9
11069,075001,1615,11,560,15
11070,075001,1618,11,560,15
11071,075001,1097,7,352,9
11072,075001,1615,11,560,15
11073,075001,1618,11,560,15
11074,075001,1097,7,352,9
11075,075001,1615,11,560,15
11076,075001,1618,11,560,15
11077,075001,1097,7,352,9
11078,075001,1615,11,560,15
11079,075001,1618,11,560,15
11080,075001,1097,7,352,9
11081,075001,1615,11,560,15
11082,075001,1618,11,560,15
11083,075001,1097,7,352,9
11084,075001,1615,11,560,15
11085,075001,1618,11,560,15
11086,075001,1097,7,352,9
11087,075001,1615,11,560,15
11088,075001,1618,11,560,15
11089,075001,1097,7,352,9
11090,075001,1615,11,560,15
11091,075001,1618,11,560,15
11092,075001,1097,7,352,9
11093,075001,1615,11,560,15
11094,075001,1618,11,560,15
11095,075001,1097,7,352,9
11096,075001,1615,11,560,15
11097,075001,1618,11,560,15
11098,075001,1097,7,352,9
11099,075001,1615,11,560,15
11100,075001,1618,11,560,15
11101,075001,1097,7,352,9
11102,075001,1615,11,560,15
11103,075001,1618,11,560,15
11104,075001,1298,9,448,11
11105,075001,1818,13,656,17
11106,075001,1298,9,448,11
11107,075001,1298,9,448,11
11108,075001,1818,13,656,17
11109,075001,1298,9,448,11
11110,075001,1298,9,448,11
11111,075001,1818,13,656,17
11112,075001,1298,9,448,11
11113,075001,1298,9,448,11
11114,075001,1818,13,656,17
11115,075001,1298,9,448,11
11116,075001,1298,9,448,11
11117,075001,1818,13,656,17
11118,075001,1298,9,448,11
11119,075001,1298,9,448,11
11120,075001,1818,13,656,17
11121,075001,1298,9,448,11
11122,075001,1298,9,448,11
11123,075001,1818,13,656,17
11124,075001,1298,9,448,11
11125,075001,1298,9,448,11
11126,075001,1818,13,656,17
11127,075001,1298,9,448,11
11128,075001,1298,9,448,11
11129,075001,1818,13,656,17
11130,075001,1298,9,448,11
11131,075001,1298,9,448,11
11132,075001,1818,13,656,17
11133,075001,1298,9,448,11
11134,075001,1298,9,448,11
11135,075001,1818,13,656,17
11136,075001,1298,9,448,11
11137,075001,1298,9,448,11
11138,075001,1818,13,656,17
11139,075001,1298,9,448,11
11140,075001,1298,9,448,11
11141,075001,1818,13,656,17
11142,075001,1298,9,448,11
11143,075001,1298,9,448,11
11144,075001,1818,13,656,17
11145,075001,1298,9,448,11
11146,075001,1298,9,448,11
11147,075001,1818,13,656,17
11148,075001,1298,9,448,11
11149,075001,1298,9,448,11
11150,075001,1818,13,656,17
11151,075001,1298,9,448,11
11152,075001,1105,7,352,9
11153,075001,1623,11,560,15
11154,075001,1626,11,560,15
11155,075001,1105,7,352,9
11156,075001,1623,11,560,15
11157,075001,1626,11,560,15
11158,075001,1105,7,352,9
11159,075001,1623,11,560,15
11160,075001,1626,11,560,15
11161,075001,1105,7,352,9
11162,075001,1623,11,560,15
11163,075001,1626,11,560,15
11164,075001,1105,7,352,9
11165,075001,1623,11,560,15
11166,075001,1626,11,560,15
11167,075001,1105,7,352,9
11168,075001,1623,11,560,15
11169,075001,1626,11,560,15
11170,075001,1105,7,352,9
11171,075001,1623,11,560,15
11172,075001,1626,11,560,15
11173,075001,1105,7,352,9
11174,075001,1623,11,560,15
11175,075001,1626,11,560,15
11176,075001,1105,7,352,9
11177,075001,1623,11,560,15
11178,075001,1626,11,560,15
11179,075001,1105,7,352,9
11180,075001,1623,11,560,15
11181,075001,1626,11,560,15
11182,075001,1105,7,352,9
11183,075001,1623,11,560,15
11184,075001,1626,11,560,15
11185,075001,1105,7,352,9
11186,075001,1623,11,560,15
11187,075001,1626,11,560,15
11188,075001,1105,7,352,9
11189,075001,1623,11,560,15
11190,075001,1626,11,560,15
11191,075001,1105,7,352,9
11192,075001,1623,11,560,15
11193,075001,1626,11,560,15
11194,075001,1105,7,352,9
11195,075001,1623,11,560,15
11196,075001,1626,11,560,15
11197,075001,1105,7,352,9
11198,075001,1623,11,560,15
11199,075001,1626,11,560,15
11200,075001,1017,7,352,9
11201,075001,1535,11,560,15
11202,075001,1538,11,560,15
11203,075001,1017,7,352,9
11204,075001,1535,11,560,15
11205,075001,1538,11,560,15
11206,075001,1017,7,352,9
11207,075001,1535,11,560,15
11208,075001,1538,11,560,15
11209,075001,1017,7,352,9
11210,075001,1535,11,560,15
11211,075001,1538,11,560,15
11212,075001,1017,7,352,9
11213,075001,1535,11,560,15
11214,075001,1538,11,560,15
11215,075001,1017,7,352,9
11216,075001,1535,11,560,15
11217,075001,1538,11,560,15
11218,075001,1017,7,352,9
11219,075001,1535,11,560,15
11220,075001,1538,11,560,15
11221,075001,1017,7,352,9
11222,075001,1535,11,560,15
11223,075001,1538,11,560,15
11224,075001,1017,7,352,9
11225,075001,1535,11,560,15
11226,075001,1538,11,560,15
11227,075001,1017,7,352,9
11228,075001,1535,11,560,15
11229,075001,1538,11,560,15
11230,075001,1017,7,352,9
11231,075001,1535,11,560,15
11232,075001,1538,11,560,15
11233,075001,1017,7,352,9
11234,075001,1535,11,560,15
11235,075001,1538,11,560,15
11236,075001,1017,7,352,9
11237,075001,1535,11,560,15
11238,075001,1538,11,560,15
11239,075001,1017,7,352,9
11240,075001,1535,11,560,15
11241,075001,1538,11,560,15
11242,075001,1017,7,352,9
11243,075001,1535,11,560,15
11244,075001,1538,11,560,15
11245,075001,1017,7,352,9
11246,075001,1535,11,560,15
11247,075001,1538,11,560,15
11248,075011,1021,7,352,9
11249,075011,1539,11,560,15
11250,075011,1542,11,560,15
11251,075011,1021,7,352,9
11252,075011,1539,11,560,15
11253,075011,1542,11,560,15
11254,075011,1021,7,352,9
11255,075011,1539,11,560,15
11256,075011,1542,11,560,15
11257,075011,1021,7,352,9
11258,075011,1539,11,560,15
11259,075011,1542,11,560,15
11260,075011,1021,7,352,9
11261,075011,1539,11,560,15
11262,075011,1542,11,560,15
11263,075011,1021,7,352,9
11264,075011,1539,11,560,15
11265,075011,1542,11,560,15
11266,075011,1021,7,352,9
11267,075011,1539,11,560,15
11268,075011,1542,11,560,15
11269,075011,1021,7,352,9
11270,075011,1539,11,560,15
11271,075011,1542,11,560,15
11272,075011,1021,7,352,9
11273,075011,1539,11,560,15
11274,075011,1542,11,560,15
11275,075011,1021,7,352,9
11276,075011,1539,11,560,15
11277,075011,1542,11,560,15
11278,075011,1021,7,352,9
11279,075011,1539,11,560,15
11280,075011,1542,11,560,15
11281,075011,1021,7,352,9
11282,075011,1539,11,560,15
11283,075011,1542,11,560,15
11284,075011,1021,7,352,9
11285,075011,1539,11,560,15
11286,075011,1542,11,560,15
11287,075011,1021,7,352,9
11288,075011,1539,11,560,15
11289,075011,1542,11,560,15
11290,075011,1021,7,352,9
11291,075011,1539,11,560,15
11292,075011,1542,11,560,15
11293,075011,1021,7,352,9
11294,075011,1539,11,560,15
11295,075011,1542,11,560,15
11296,075011,1129,7,352,9
11297,075011,1647,11,560,15
11298,075011,1650,11,560,15
11299,075011,1129,7,352,9
11300,075011,1647,11,560,15
11301,075011,1650,11,560,15
11302,075011,1129,7,352,9
11303,075011,1647,11,560,15
11304,075011,1650,11,560,15
11305,075011,1129,7,352,9
11306,075011,1647,11,560,15
11307,075011,1650,11,560,15
11308,075011,1129,7,352,9
11309,075011,1647,11,560,15
11310,075011,1650,11,560,15
11311,075011,1129,7,352,9
11312,075011,1647,11,560,15
11313,075011,1650,11,560,15
11314,075011,1129,7,352,9
11315,075011,1647,11,560,15
11316,075011,1650,11,560,15
11317,075011,1129,7,352,9
11318,075011,1647,11,560,15
11319,075011,1650,11,560,15
11320,075011,1129,7,352,9
11321,075011,1647,11,560,15
11322,075011,1650,11,560,15
11323,075011,1129,7,352,9
11324,075011,1647,11,560,15
11325,075011,1650,11,560,15
11326,075011,1129,7,352,9
11327,075011,1647,11,560,15
11328,075011,1650,11,560,15
11329,075011,1129,7,352,9
11330,075011,1647,11,560,15
11331,075011,1650,11,560,15
11332,075011,1129,7,352,9
11333,075011,1647,11,560,15
11334,075011,1650,11,560,15
11335,075011,1129,7,352,9
11336,075011,1647,11,560,15
11337,075011,1650,11,560,15
11338,075011,1129,7,352,9
11339,075011,1647,11,560,15
11340,075011,1650,11,560,15
11341,075011,1129,7,352,9
11342,075011,1647,11,560,15
11343,075011,1650,11,560,15
11344,075011,1197,7,352,9
11345,075011,1715,11,560,15
11346,075011,1718,11,560,15
11347,075011,1197,7,352,9
11348,075011,1715,11,560,15
11349,075011,1718,11,560,15
11350,075011,1197,7,352,9
11351,075011,1715,11,560,15
11352,075011,1718,11,560,15
11353,075011,1197,7,352,9
11354,075011,1715,11,560,15
11355,075011,1718,11,560,15
11356,075011,1197,7,352,9
11357,075011,1715,11,560,15
11358,075011,1718,11,560,15
11359,075011,1197,7,352,9
11360,075011,1715,11,560,15
11361,075011,1718,11,560,15
11362,075011,1197,7,352,9
11363,075011,1715,11,560,15
11364,075011,1718,11,560,15
11365,075011,1197,7,352,9
11366,075011,1715,11,560,15
11367,075011,1718,11,560,15
11368,075011,1197,7,352,9
11369,075011,1715,11,560,15
11370,075011,1718,11,560,15
11371,075011,1197,7,352,9
11372,075011,1715,11,560,15
11373,075011,1718,11,560,15
11374,075011,1197,7,352,9
11375,075011,1715,11,560,15
11376,075011,1718,11,560,15
11377,075011,1197,7,352,9
11378,075011,1715,11,560,15
11379,075011,1718,11,560,15
11380,075011,1197,7,352,9
11381,075011,1715,11,560,15
11382,075011,1718,11,560,15
11383,075011,1197,7,352,9
11384,075011,1715,11,560,15
11385,075011,1718,11,560,15
11386,075011,1197,7,352,9
11387,075011,1715,11,560,15
11388,075011,1718,11,560,15
11389,075011,1197,7,352,9
11390,075011,1715,11,560,15
11391,075011,1718,11,560,15
11392,075011,1105,7,352,9
11393,075011,1623,11,560,15
11394,075011,1626,11,560,15
11395,075011,1105,7,352,9
11396,075011,1623,11,560,15
11397,075011,1626,11,560,15
11398,075011,1105,7,352,9
11399,075011,1623,11,560,15
11400,075011,1626,11,560,15
11401,075011,1105,7,352,9
11402,075011,1623,11,560,15
11403,075011,1626,11,560,15
11404,075011,1105,7,352,9
11405,075011,1623,11,560,15
11406,075011,1626,11,560,15
11407,075011,1105,7,352,9
11408,075011,1623,11,560,15
11409,075011,1626,11,560,15
11410,075011,1105,7,352,9
11411,075011,1623,11,560,15
11412,075011,1626,11,560,15
11413,075011,1105,7,352,9
11414,075011,1623,11,560,15
11415,075011,1626,11,560,15
11416,075011,1105,7,352,9
11417,075011,1623,11,560,15
11418,075011,1626,11,560,15
11419,075011,1105,7,352,9
11420,075011,1623,11,560,15
11421,075011,1626,11,560,15
11422,075011,1105,7,352,9
11423,075011,1623,11,560,15
11424,075011,1626,11,560,15
11425,075011,1105,7,352,9
11426,075011,1623,11,560,15
11427,075011,1626,11,560,15
11428,075011,1105,7,352,9
11429,075011,1623,11,560,15
11430,075011,1626,11,560,15
11431,075011,1105,7,352,9
11432,075011,1623,11,560,15
11433,075011,1626,11,560,15
11434,075011,1105,7,352,9
11435,075011,1623,11,560,15
11436,075011,1626,11,560,15
11437,075011,1105,7,352,9
11438,075011,1623,11,560,15
11439,075011,1626,11,560,15
11440,075011,1021,7,352,9
11441,075011,1539,11,560,15
11442,075011,1542,11,560,15
11443,075011,1021,7,352,9
11444,075011,1539,11,560,15
11445,075011,1542,11,560,15
11446,075011,1021,7,352,9
11447,075011,1539,11,560,15
11448,075011,1542,11,560,15
11449,075011,1021,7,352,9
11450,075011,1539,11,560,15
11451,075011,1542,11,560,15
11452,075011,1021,7,352,9
11453,075011,1539,11,560,15
11454,075011,1542,11,560,15
11455,075011,1021,7,352,9
11456,075011,1539,11,560,15
11457,075011,1542,11,560,15
11458,075011,1021,7,352,9
11459,075011,1539,11,560,15
11460,075011,1542,11,560,15
11461,075011,1021,7,352,9
11462,075011,1539,11,560,15
11463,075011,1542,11,560,15
11464,075011,1021,7,352,9
11465,075011,1539,11,560,15
11466,075011,1542,11,560,15
11467,075011,1021,7,352,9
11468,075011,1539,11,560,15
11469,075011,1542,11,560,15
11470,075011,1021,7,352,9
11471,075011,1539,11,560,15
11472,075011,1542,11,560,15
11473,075011,1021,7,352,9
11474,075011,1539,11,560,15
11475,075011,1542,11,560,15
11476,075011,1021,7,352,9
11477,075011,1539,11,560,15
11478,075011,1542,11,560,15
11479,075011,1021,7,352,9
11480,075011,1539,11,560,15
11481,075011,1542,11,560,15
11482,075011,1021,7,352,9
11483,075011,1539,11,560,15
11484,075011,1542,11,560,15
11485,075011,1021,7,352,9
11486,075011,1539,11,560,15
11487,075011,1542,11,560,15
11488,075011,1109,7,352,9
11489,075011,1627,11,560,15
11490,075011,1630,11,560,15
11491,075011,1109,7,352,9
11492,075011,1627,11,560,15
11493,075011,1630,11,560,15
11494,075011,1109,7,352,9
11495,075011,1627,11,560,15
11496,075011,1630,11,560,15
11497,075011,1109,7,352,9
11498,075011,1627,11,560,15
11499,075011,1630,11,560,15
11500,075011,1109,7,352,9
11501,075011,1627,11,560,15
11502,075011,1630,11,560,15
11503,075011,1109,7,352,9
11504,075011,1627,11,560,15
11505,075011,1630,11,560,15
11506,075011,1109,7,352,9
11507,075011,1627,11,560,15
11508,075011,1630,11,560,15
11509,075011,1109,7,352,9
11510,075011,1627,11,560,15
11511,075011,1630,11,560,15
11512,075011,1109,7,352,9
11513,075011,1627,11,560,15
11514,075011,1630,11,560,15
11515,075011,1109,7,352,9
11516,075011,1627,11,560,15
11517,075011,1630,11,560,15
11518,075011,1109,7,352,9
11519,075011,1627,11,560,15
11520,075011,1630,11,560,15
11521,075011,1109,7,352,9
11522,075011,1627,11,560,15
11523,075011,1630,11,560,15
11524,075011,1109,7,352,9
11525,075011,1627,11,560,15
11526,075011,1630,11,560,15
11527,075011,1109,7,352,9
11528,075011,1627,11,560,15
11529,075011,1630,11,560,15
11530,075011,1109,7,352,9
11531,075011,1627,11,560,15
11532,075011,1630,11,560,15
11533,075011,1109,7,352,9
11534,075011,1627,11,560,15
11535,075011,1630,11,560,15
11536,075011,1021,7,352,9
11537,075011,1539,11,560,15
11538,075011,1542,11,560,15
11539,075011,1021,7,352,9
11540,075011,1539,11,560,15
11541,075011,1542,11,560,15
11542,075011,1021,7,352,9
11543,075011,1539,11,560,15
11544,075011,1542,11,560,15
11545,075011,1021,7,352,9
11546,075011,1539,11,560,15
11547,075011,1542,11,560,15
11548,075011,1021,7,352,9
11549,075011,1539,11,560,15
11550,075011,1542,11,560,15
11551,075011,1021,7,352,9
11552,075011,1539,11,560,15
11553,075011,1542,11,560,15
11554,075011,1021,7,352,9
11555,075011,1539,11,560,15
11556,075011,1542,11,560,15
11557,075011,1021,7,352,9
11558,075011,1539,11,560,15
11559,075011,1542,11,560,15
11560,075011,1021,7,352,9
11561,075011,1539,11,560,15
11562,075011,1542,11,560,15
11563,075011,1021,7,352,9
11564,075011,1539,11,560,15
11565,075011,1542,11,560,15
11566,075011,1021,7,352,9
11567,075011,1539,11,560,15
11568,075011,1542,11,560,15
11569,075011,1021,7,352,9
11570,075011,1539,11,560,15
11571,075011,1542,11,560,15
11572,075011,1021,7,352,9
11573,075011,1539,11,560,15
11574,075011,1542,11,560,15
11575,075011,1021,7,352,9
11576,075011,1539,11,560,15
11577,075011,1542,11,560,15
11578,075011,1021,7,352,9
11579,075011,1539,11,560,15
11580,075011,1542,11,560,15
11581,075011,1021,7,352,9
11582,075011,1539,11,560,15
11583,075011,1542,11,560,15
11584,075021,1313,7,352,9
11585,075021,1831,11,560,15
11586,075021,1834,11,560,15
11587,075021,1313,7,352,9
11588,075021,1831,11,560,15
11589,075021,1834,11,560,15
11590,075021,1313,7,352,9
11591,075021,1831,11,560,15
11592,075021,1834,11,560,15
11593,075021,1313,7,352,9
11594,075021,1831,11,560,15
11595,075021,1834,11,560,15
11596,075021,1313,7,352,9
11597,075021,1831,11,560,15
11598,075021,1834,11,560,15
11599,075021,1313,7,352,9
11600,075021,1831,11,560,15
11601,075021,1834,11,560,15
11602,075021,1313,7,352,9
11603,075021,1831,11,560,15
11604,075021,1834,11,560,15
11605,075021,1313,7,352,9
11606,075021,1831,11,560,15
11607,075021,1834,11,560,15
11608,075021,1313,7,352,9
11609,075021,1831,11,560,15
11610,075021,1834,11,560,15
11611,075021,1313,7,352,9
11612,075021,1831,11,560,15
11613,075021,1834,11,560,15
11614,075021,1313,7,352,9
11615,075021,1831,11,560,15
11616,075021,1834,11,560,15
11617,075021,1313,7,352,9
11618,075021,1831,11,560,15
11619,075021,1834,11,560,15
11620,075021,1313,7,352,9
11621,075021,1831,11,560,15
11622,075021,1834,11,560,15
11623,075021,1313,7,352,9
11624,075021,1831,11,560,15
11625,075021,1834,11,560,15
11626,075021,1313,7,352,9
11627,075021,1831,11,560,15
11628,075021,1834,11,560,15
11629,075021,1313,7,352,9
11630,075021,1831,11,560,15
11631,075021,1834,11,560,15
11632,075021,1316,7,352,9
11633,075021,1836,11,560,15
11634,075021,1838,11,560,15
11635,075021,1316,7,352,9
11636,075021,1836,11,560,15
11637,075021,1838,11,560,15
11638,075021,1316,7,352,9
11639,075021,1836,11,560,15
11640,075021,1838,11,560,15
11641,075021,1316,7,352,9
11642,075021,1836,11,560,15
11643,075021,1838,11,560,15
11644,075021,1316,7,352,9
11645,075021,1836,11,560,15
11646,075021,1838,11,560,15
11647,075021,1316,7,352,9
11648,075021,1836,11,560,15
11649,075021,1838,11,560,15
11650,075021,1316,7,352,9
11651,075021,1836,11,560,15
11652,075021,1838,11,560,15
11653,075021,1316,7,352,9
11654,075021,1836,11,560,15
11655,075021,1838,11,560,15
11656,075021,1316,7,352,9
11657,075021,1836,11,560,15
11658,075021,1838,11,560,15
11659,075021,1316,7,352,9
11660,075021,1836,11,560,15
11661,075021,1838,11,560,15
11662,075021,1316,7,352,9
11663,075021,1836,11,560,15
11664,075021,1838,11,560,15
11665,075021,1316,7,352,9
11666,075021,1836,11,560,15
11667,075021,1838,11,560,15
11668,075021,1316,7,352,9
11669,075021,1836,11,560,15
11670,075021,1838,11,560,15
11671,075021,1316,7,352,9
11672,075021,1836,11,560,15
11673,075021,1838,11,560,15
11674,075021,1316,7,352,9
11675,075021,1836,11,560,15
11676,075021,1838,11,560,15
11677,075021,1316,7,352,9
11678,075021,1836,11,560,15
11679,075021,1838,11,560,15
11680,075021,1502,9,448,11
11681,075021,2022,13,656,17
11682,075021,1502,9,448,11
11683,075021,1502,9,448,11
11684,075021,2022,13,656,17
11685,075021,1502,9,448,11
11686,075021,1502,9,448,11
11687,075021,2022,13,656,17
11688,075021,1502,9,448,11
11689,075021,1502,9,448,11
11690,075021,2022,13,656,17
11691,075021,1502,9,448,11
11692,075021,1502,9,448,11
11693,075021,2022,13,656,17
11694,075021,1502,9,448,11
11695,075021,1502,9,448,11
11696,075021,2022,13,656,17
11697,075021,1502,9,448,11
11698,075021,1502,9,448,11
11699,075021,2022,13,656,17
11700,075021,1502,9,448,11
11701,075021,1502,9,448,11
11702,075021,2022,13,656,17
11703,075021,1502,9,448,11
11704,075021,1502,9,448,11
11705,075021,2022,13,656,17
11706,075021,1502,9,448,11
11707,075021,1502,9,448,11
11708,075021,2022,13,656,17
11709,075021,1502,9,448,11
11710,075021,1502,9,448,11
11711,075021,2022,13,656,17
11712,075021,1502,9,448,11
11713,075021,1502,9,448,11
11714,075021,2022,13,656,17
11715,075021,1502,9,448,11
11716,075021,1502,9,448,11
11717,075021,2022,13,656,17
11718,075021,1502,9,448,11
11719,075021,1502,9,448,11
11720,075021,2022,13,656,17
11721,075021,1502,9,448,11
11722,075021,1502,9,448,11
11723,075021,2022,13,656,17
11724,075021,1502,9,448,11
11725,075021,1502,9,448,11
11726,075021,2022,13,656,17
11727,075021,1502,9,448,11
11728,075021,1313,7,352,9
11729,075021,1831,11,560,15
11730,075021,1834,11,560,15
11731,075021,1313,7,352,9
11732,075021,1831,11,560,15
11733,075021,1834,11,560,15
11734,075021,1313,7,352,9
11735,075021,1831,11,560,15
11736,075021,1834,11,560,15
11737,075021,1313,7,352,9
11738,075021,1831,11,560,15
11739,075021,1834,11,560,15
11740,075021,1313,7,352,9
11741,075021,1831,11,560,15
11742,075021,1834,11,560,15
11743,075021,1313,7,352,9
11744,075021,1831,11,560,15
11745,075021,1834,11,560,15
11746,075021,1313,7,352,9
11747,075021,1831,11,560,15
11748,075021,1834,11,560,15
11749,075021,1313,7,352,9
11750,075021,1831,11,560,15
11751,075021,1834,11,560,15
11752,075021,1313,7,352,9
11753,075021,1831,11,560,15
11754,075021,1834,11,560,15
11755,075021,1313,7,352,9
11756,075021,1831,11,560,15
11757,075021,1834,11,560,15
11758,075021,1313,7,352,9
11759,075021,1831,11,560,15
11760,075021,1834,11,560,15
11761,075021,1313,7,352,9
11762,075021,1831,11,560,15
11763,075021,1834,11,560,15
11764,075021,1313,7,352,9
11765,075021,1831,11,560,15
11766,075021,1834,11,560,15
11767,075021,1313,7,352,9
11768,075021,1831,11,560,15
11769,075021,1834,11,560,15
11770,075021,1313,7,352,9
11771,075021,1831,11,560,15
11772,075021,1834,11,560,15
11773,075021,1313,7,352,9
11774,075021,1831,11,560,15
11775,075021,1834,11,560,15
11776,075021,1539,9,448,11
11777,075021,2058,13,656,17
11778,075021,1538,9,448,11
11779,075021,1538,9,448,11
11780,075021,2058,13,656,17
11781,075021,1538,9,448,11
11782,075021,1538,9,448,11
11783,075021,2058,13,656,17
11784,075021,1538,9,448,11
11785,075021,1538,9,448,11
11786,075021,2058,13,656,17
11787,075021,1538,9,448,11
11788,075021,1538,9,448,11
11789,075021,2058,13,656,17
11790,075021,1538,9,448,11
11791,075021,1538,9,448,11
11792,075021,2058,13,656,17
11793,075021,1538,9,448,11
11794,075021,1538,9,448,11
11795,075021,2058,13,656,17
11796,075021,1538,9,448,11
11797,075021,1538,9,448,11
11798,075021,2058,13,656,17
11799,075021,1538,9,448,11
11800,075021,1538,9,448,11
11801,075021,2058,13,656,17
11802,075021,1538,9,448,11
11803,075021,1538,9,448,11
11804,075021,2058,13,656,17
11805,075021,1538,9,448,11
11806,075021,1538,9,448,11
11807,075021,2058,13,656,17
11808,075021,1538,9,448,11
11809,075021,1538,9,448,11
11810,075021,2058,13,656,17
11811,075021,1538,9,448,11
11812,075021,1538,9,448,11
11813,075021,2058,13,656,17
11814,075021,1538,9,448,11
11815,075021,1538,9,448,11
11816,075021,2058,13,656,17
11817,075021,1538,9,448,11
11818,075021,1538,9,448,11
11819,075021,2058,13,656,17
11820,075021,1538,9,448,11
11821,075021,1538,9,448,11
11822,075021,2058,13,656,17
11823,075021,1538,9,448,11
11824,075021,988,7,352,9
11825,075021,1507,11,560,15
11826,075021,1510,11,560,15
11827,075021,989,7,352,9
11828,075021,1507,11,560,15
11829,075021,1510,11,560,15
11830,075021,989,7,352,9
11831,075021,1507,11,560,15
11832,075021,1510,11,560,15
11833,075021,989,7,352,9
11834,075021,1507,11,560,15
11835,075021,1510,11,560,15
11836,075021,989,7,352,9
11837,075021,1507,11,560,15
11838,075021,1510,11,560,15
11839,075021,989,7,352,9
11840,075021,1507,11,560,15
11841,075021,1510,11,560,15
11842,075021,989,7,352,9
11843,075021,1507,11,560,15
11844,075021,1510,11,560,15
11845,075021,989,7,352,9
11846,075021,1507,11,560,15
11847,075021,1510,11,560,15
11848,075021,989,7,352,9
11849,075021,1507,11,560,15
11850,075021,1510,11,560,15
11851,075021,989,7,352,9
11852,075021,1507,11,560,15
11853,075021,1510,11,560,15
11854,075021,989,7,352,9
11855,075021,1507,11,560,15
11856,075021,1510,11,560,15
11857,075021,989,7,352,9
11858,075021,1507,11,560,15
11859,075021,1510,11,560,15
11860,075021,989,7,352,9
11861,075021,1507,11,560,15
11862,075021,1510,11,560,15
11863,075021,989,7,352,9
11864,075021,1507,11,560,15
11865,075021,1510,11,560,15
11866,075021,989,7,352,9
11867,075021,1507,11,560,15
11868,075021,1510,11,560,15
11869,075021,989,7,352,9
11870,075021,1507,11,560,15
11871,075021,1510,11,560,15
11872,075021,989,7,352,9
11873,075021,1507,11,560,15
11874,075021,1510,11,560,15
11875,075021,989,7,352,9
11876,075021,1507,11,560,15
11877,075021,1510,11,560,15
11878,075021,989,7,352,9
11879,075021,1507,11,560,15
11880,075021,1510,11,560,15
11881,075021,989,7,352,9
11882,075021,1507,11,560,15
11883,075021,1510,11,560,15
11884,075021,989,7,352,9
11885,075021,1507,11,560,15
11886,075021,1510,11,560,15
11887,075021,989,7,352,9
11888,075021,1507,11,560,15
11889,075021,1510,11,560,15
11890,075021,989,7,352,9
11891,075021,1507,11,560,15
11892,075021,1510,11,560,15
11893,075021,989,7,352,9
11894,075021,1507,11,560,15
11895,075021,1510,11,560,15
11896,075021,989,7,352,9
11897,075021,1507,11,560,15
11898,075021,1510,11,560,15
11899,075021,989,7,352,9
11900,075021,1507,11,560,15
11901,075021,1510,11,560,15
11902,075021,989,7,352,9
11903,075021,1507,11,560,15
11904,075021,1510,11,560,15
11905,075021,989,7,352,9
11906,075021,1507,11,560,15
11907,075021,1510,11,560,15
11908,075021,989,7,352,9
11909,075021,1507,11,560,15
11910,075021,1510,11,560,15
11911,075021,989,7,352,9
11912,075021,1507,11,560,15
11913,075021,1510,11,560,15
11914,075021,989,7,352,9
11915,075021,1507,11,560,15
11916,075021,1510,11,560,15
11917,075021,989,7,352,9
11918,075021,1507,11,560,15
11919,075021,1510,11,560,15
11920,075031,1453,7,352,9
11921,075031,1971,11,560,15
11922,075031,1974,11,560,15
11923,075031,1453,7,352,9
11924,075031,1971,11,560,15
11925,075031,1974,11,560,15
11926,075031,1453,7,352,9
11927,075031,1971,11,560,15
11928,075031,1974,11,560,15
11929,075031,1453,7,352,9
11930,075031,1971,11,560,15
11931,075031,1974,11,560,15
11932,075031,1453,7,352,9
11933,075031,1971,11,560,15
11934,075031,1974,11,560,15
11935,075031,1453,7,352,9
11936,075031,1971,11,560,15
11937,075031,1974,11,560,15
11938,075031,1453,7,352,9
11939,075031,1971,11,560,15
11940,075031,1974,11,560,15
11941,075031,1453,7,352,9
11942,075031,1971,11,560,15
11943,075031,1974,11,560,15
11944,075031,1453,7,352,9
11945,075031,1971,11,560,15
11946,075031,1974,11,560,15
11947,075031,1453,7,352,9
11948,075031,1971,11,560,15
11949,075031,1974,11,560,15
11950,075031,1453,7,352,9
11951,075031,1971,11,560,15
11952,075031,1974,11,560,15
11953,075031,1453,7,352,9
11954,075031,1971,11,560,15
11955,075031,1974,11,560,15
11956,075031,1453,7,352,9
11957,075031,1971,11,560,15
11958,075031,1974,11,560,15
11959,075031,1453,7,352,9
11960,075031,1971,11,560,15
11961,075031,1974,11,560,15
11962,075031,1453,7,352,9
11963,075031,1971,11,560,15
11964,075031,1974,11,560,15
11965,075031,1453,7,352,9
11966,075031,1971,11,560,15
11967,075031,1974,11,560,15
11968,075031,1461,7,352,9
11969,075031,1979,11,560,15
11970,075031,1982,11,560,15
11971,075031,1461,7,352,9
11972,075031,1979,11,560,15
11973,075031,1982,11,560,15
11974,075031,1461,7,352,9
11975,075031,1979,11,560,15
11976,075031,1982,11,560,15
11977,075031,1461,7,352,9
11978,075031,1979,11,560,15
11979,075031,1982,11,560,15
11980,075031,1461,7,352,9
11981,075031,1979,11,560,15
11982,075031,1982,11,560,15
11983,075031,1461,7,352,9
11984,075031,1979,11,560,15
11985,075031,1982,11,560,15
11986,075031,1461,7,352,9
11987,075031,1979,11,560,15
11988,075031,1982,11,560,15
11989,075031,1461,7,352,9
11990,075031,1979,11,560,15
11991,075031,1982,11,560,15
11992,075031,1461,7,352,9
11993,075031,1979,11,560,15
11994,075031,1982,11,560,15
11995,075031,1461,7,352,9
11996,075031,1979,11,560,15
11997,075031,1982,11,560,15
11998,075031,1461,7,352,9
11999,075031,1979,11,560,15
12000,075031,1982,11,560,15
12001,075031,1461,7,352,9
12002,075031,1979,11,560,15
12003,075031,1982,11,560,15
12004,075031,1461,7,352,9
12005,075031,1979,11,560,15
12006,075031,1982,11,560,15
12007,075031,1461,7,352,9
12008,075031,1979,11,560,15
12009,075031,1982,11,560,15
12010,075031,1461,7,352,9
12011,075031,1979,11,560,15
12012,075031,1982,11,560,15
12013,075031,1461,7,352,9
12014,075031,1979,11,560,15
12015,075031,1982,11,560,15
12016,075031,1453,7,352,9
12017,075031,1971,11,560,15
12018,075031,1974,11,560,15
12019,075031,1453,7,352,9
12020,075031,1971,11,560,15
12021,075031,1974,11,560,15
12022,075031,1453,7,352,9
12023,075031,1971,11,560,15
12024,075031,1974,11,560,15
12025,075031,1453,7,352,9
12026,075031,1971,11,560,15
12027,075031,1974,11,560,15
12028,075031,1453,7,352,9
12029,075031,1971,11,560,15
12030,075031,1974,11,560,15
12031,075031,1453,7,352,9
12032,075031,1971,11,560,15
12033,075031,1974,11,560,15
12034,075031,1453,7,352,9
12035,075031,1971,11,560,15
12036,075031,1974,11,560,15
12037,075031,1453,7,352,9
12038,075031,1971,11,560,15
12039,075031,1974,11,560,15
12040,075031,1453,7,352,9
12041,075031,1971,11,560,15
12042,075031,1974,11,560,15
12043,075031,1453,7,352,9
12044,075031,1971,11,560,15
12045,075031,1974,11,560,15
12046,075031,1453,7,352,9
12047,075031,1971,11,560,15
12048,075031,1974,11,560,15
12049,075031,1453,7,352,9
12050,075031,1971,11,560,15
12051,075031,1974,11,560,15
12052,075031,1453,7,352,9
12053,075031,1971,11,560,15
12054,075031,1974,11,560,15
12055,075031,1453,7,352,9
12056,075031,1971,11,560,15
12057,075031,1974,11,560,15
12058,075031,1453,7,352,9
12059,075031,1971,11,560,15
12060,075031,1974,11,560,15
12061,075031,1453,7,352,9
12062,075031,1971,11,560,15
12063,075031,1974,11,560,15
12064,075031,1453,7,352,9
12065,075031,1971,11,560,15
12066,075031,1974,11,560,15
12067,075031,1453,7,352,9
12068,075031,1971,11,560,15
12069,075031,1974,11,560,15
12070,075031,1453,7,352,9
12071,075031,1971,11,560,15
12072,075031,1974,11,560,15
12073,075031,1453,7,352,9
12074,075031,1971,11,560,15
12075,075031,1974,11,560,15
12076,075031,1453,7,352,9
12077,075031,1971,11,560,15
12078,075031,1974,11,560,15
12079,075031,1453,7,352,9
12080,075031,1971,11,560,15
12081,075031,1974,11,560,15
12082,075031,1453,7,352,9
12083,075031,1971,11,560,15
12084,075031,1974,11,560,15
12085,075031,1453,7,352,9
12086,075031,1971,11,560,15
12087,075031,1974,11,560,15
12088,075031,1453,7,352,9
12089,075031,1971,11,560,15
12090,075031,1974,11,560,15
12091,075031,1453,7,352,9
12092,075031,1971,11,560,15
12093,075031,1974,11,560,15
12094,075031,1453,7,352,9
12095,075031,1971,11,560,15
12096,075031,1974,11,560,15
12097,075031,1453,7,352,9
12098,075031,1971,11,560,15
12099,075031,1974,11,560,15
12100,075031,1453,7,352,9
12101,075031,1971,11,560,15
12102,075031,1974,11,560,15
12103,075031,1453,7,352,9
12104,075031,1971,11,560,15
12105,075031,1974,11,560,15
12106,075031,1453,7,352,9
12107,075031,1971,11,560,15
12108,075031,1974,11,560,15
12109,075031,1453,7,352,9
12110,075031,1971,11,560,15
12111,075031,1974,11,560,15
12112,075031,1453,7,352,9
12113,075031,1971,11,560,15
12114,075031,1974,11,560,15
12115,075031,1453,7,352,9
12116,075031,1971,11,560,15
12117,075031,1974,11,560,15
12118,075031,1453,7,352,9
12119,075031,1971,11,560,15
12120,075031,1974,11,560,15
12121,075031,1453,7,352,9
12122,075031,1971,11,560,15
12123,075031,1974,11,560,15
12124,075031,1453,7,352,9
12125,075031,1971,11,560,15
12126,075031,1974,11,560,15
12127,075031,1453,7,352,9
12128,075031,1971,11,560,15
12129,075031,1974,11,560,15
12130,075031,1453,7,352,9
12131,075031,1971,11,560,15
12132,075031,1974,11,560,15
12133,075031,1453,7,352,9
12134,075031,1971,11,560,15
12135,075031,1974,11,560,15
12136,075031,1453,7,352,9
12137,075031,1971,11,560,15
12138,075031,1974,11,560,15
12139,075031,1453,7,352,9
12140,075031,1971,11,560,15
12141,075031,1974,11,560,15
12142,075031,1453,7,352,9
12143,075031,1971,11,560,15
12144,075031,1974,11,560,15
12145,075031,1453,7,352,9
12146,075031,1971,11,560,15
12147,075031,1974,11,560,15
12148,075031,1453,7,352,9
12149,075031,1971,11,560,15
12150,075031,1974,11,560,15
12151,075031,1453,7,352,9
12152,075031,1971,11,560,15
12153,075031,1974,11,560,15
12154,075031,1453,7,352,9
12155,075031,1971,11,560,15
12156,075031,1974,11,560,15
12157,075031,1453,7,352,9
12158,075031,1971,11,560,15
12159,075031,1974,11,560,15
12160,075031,1226,9,448,11
12161,075031,1746,13,656,17
12162,075031,1226,9,448,11
12163,075031,1226,9,448,11
12164,075031,1746,13,656,17
12165,075031,1226,9,448,11
12166,075031,1226,9,448,11
12167,075031,1746,13,656,17
12168,075031,1226,9,448,11
12169,075031,1226,9,448,11
12170,075031,1746,13,656,17
12171,075031,1226,9,448,11
12172,075031,1226,9,448,11
12173,075031,1746,13,656,17
12174,075031,1226,9,448,11
12175,075031,1226,9,448,11
12176,075031,1746,13,656,17
12177,075031,1226,9,448,11
12178,075031,1226,9,448,11
12179,075031,1746,13,656,17
12180,075031,1226,9,448,11
12181,075031,1226,9,448,11
12182,075031,1746,13,656,17
12183,075031,1226,9,448,11
12184,075031,1226,9,448,11
12185,075031,1746,13,656,17
12186,075031,1226,9,448,11
12187,075031,1226,9,448,11
12188,075031,1746,13,656,17
12189,075031,1226,9,448,11
12190,075031,1226,9,448,11
12191,075031,1746,13,656,17
12192,075031,1226,9,448,11
12193,075031,1226,9,448,11
12194,075031,1746,13,656,17
12195,075031,1226,9,448,11
12196,075031,1226,9,448,11
12197,075031,1746,13,656,17
12198,075031,1226,9,448,11
12199,075031,1226,9,448,11
12200,075031,1746,13,656,17
12201,075031,1226,9,448,11
12202,075031,1226,9,448,11
12203,075031,1746,13,656,17
12204,075031,1226,9,448,11
12205,075031,1226,9,448,11
12206,075031,1746,13,656,17
12207,075031,1226,9,448,11
12208,075031,1226,9,448,11
12209,075031,1746,13,656,17
12210,075031,1226,9,448,11
12211,075031,1226,9,448,11
12212,075031,1746,13,656,17
12213,075031,1226,9,448,11
12214,075031,1226,9,448,11
12215,075031,1746,13,656,17
12216,075031,1226,9,448,11
12217,075031,1226,9,448,11
12218,075031,1746,13,656,17
12219,075031,1226,9,448,11
12220,075031,1226,9,448,11
12221,075031,1746,13,656,17
12222,075031,1226,9,448,11
12223,075031,1226,9,448,11
12224,075031,1746,13,656,17
12225,075031,1226,9,448,11
12226,075031,1226,9,448,11
12227,075031,1746,13,656,17
12228,075031,1226,9,448,11
12229,075031,1226,9,448,11
12230,075031,1746,13,656,17
12231,075031,1226,9,448,11
12232,075031,1226,9,448,11
12233,075031,1746,13,656,17
12234,075031,1226,9,448,11
12235,075031,1226,9,448,11
12236,075031,1746,13,656,17
12237,075031,1226,9,448,11
12238,075031,1226,9,448,11
12239,075031,1746,13,656,17
12240,075031,1226,9,448,11
12241,075031,1226,9,448,11
12242,075031,1746,13,656,17
12243,075031,1226,9,448,11
12244,075031,1226,9,448,11
12245,075031,1746,13,656,17
12246,075031,1226,9,448,11
12247,075031,1226,9,448,11
12248,075031,1746,13,656,17
12249,075031,1226,9,448,11
12250,075031,1226,9,448,11
12251,075031,1746,13,656,17
12252,075031,1226,9,448,11
12253,075031,1226,9,448,11
12254,075031,1746,13,656,17
12255,075031,1226,9,448,11
12256,075002,1112,7,352,9
12257,075002,1632,11,560,15
12258,075002,1634,11,560,15
12259,075002,1112,7,352,9
12260,075002,1632,11,560,15
12261,075002,1634,11,560,15
12262,075002,1112,7,352,9
12263,075002,1632,11,560,15
12264,075002,1634,11,560,15
12265,075002,1112,7,352,9
12266,075002,1632,11,560,15
12267,075002,1634,11,560,15
12268,075002,1112,7,352,9
12269,075002,1632,11,560,15
12270,075002,1634,11,560,15
12271,075002,1112,7,352,9
12272,075002,1632,11,560,15
12273,075002,1634,11,560,15
12274,075002,1112,7,352,9
12275,075002,1632,11,560,15
12276,075002,1634,11,560,15
12277,075002,1112,7,352,9
12278,075002,1632,11,560,15
12279,075002,1634,11,560,15
12280,075002,1112,7,352,9
12281,075002,1632,11,560,15
12282,075002,1634,11,560,15
12283,075002,1112,7,352,9
12284,075002,1632,11,560,15
12285,075002,1634,11,560,15
12286,075002,1112,7,352,9
12287,075002,1632,11,560,15
12288,075002,1634,11,560,15
12289,075002,1112,7,352,9
12290,075002,1632,11,560,15
12291,075002,1634,11,560,15
12292,075002,1112,7,352,9
12293,075002,1632,11,560,15
12294,075002,1634,11,560,15
12295,075002,1112,7,352,9
12296,075002,1632,11,560,15
12297,075002,1634,11,560,15
12298,075002,1112,7,352,9
12299,075002,1632,11,560,15
12300,075002,1634,11,560,15
12301,075002,1112,7,352,9
12302,075002,1632,11,560,15
12303,075002,1634,11,560,15
12304,075002,1137,7,352,9
12305,075002,1655,11,560,15
12306,075002,1658,11,560,15
12307,075002,1137,7,352,9
12308,075002,1655,11,560,15
12309,075002,1658,11,560,15
12310,075002,1137,7,352,9
12311,075002,1655,11,560,15
12312,075002,1658,11,560,15
12313,075002,1137,7,352,9
12314,075002,1655,11,560,15
12315,075002,1658,11,560,15
12316,075002,1137,7,352,9
12317,075002,1655,11,560,15
12318,075002,1658,11,560,15
12319,075002,1137,7,352,9
12320,075002,1655,11,560,15
12321,075002,1658,11,560,15
12322,075002,1137,7,352,9
12323,075002,1655,11,560,15
12324,075002,1658,11,560,15
12325,075002,1137,7,352,9
12326,075002,1655,11,560,15
12327,075002,1658,11,560,15
12328,075002,1137,7,352,9
12329,075002,1655,11,560,15
12330,075002,1658,11,560,15
12331,075002,1137,7,352,9
12332,075002,1655,11,560,15
12333,075002,1658,11,560,15
12334,075002,1137,7,352,9
12335,075002,1655,11,560,15
12336,075002,1658,11,560,15
12337,075002,1137,7,352,9
12338,075002,1655,11,560,15
12339,075002,1658,11,560,15
12340,075002,1137,7,352,9
12341,075002,1655,11,560,15
12342,075002,1658,11,560,15
12343,075002,1137,7,352,9
12344,075002,1655,11,560,15
12345,075002,1658,11,560,15
12346,075002,1137,7,352,9
12347,075002,1655,11,560,15
12348,075002,1658,11,560,15
12349,075002,1137,7,352,9
12350,075002,1655,11,560,15
12351,075002,1658,11,560,15
12352,075002,1112,7,352,9
12353,075002,1632,11,560,15
12354,075002,1634,11,560,15
12355,075002,1112,7,352,9
12356,075002,1632,11,560,15
12357,075002,1634,11,560,15
12358,075002,1112,7,352,9
12359,075002,1632,11,560,15
12360,075002,1634,11,560,15
12361,075002,1112,7,352,9
12362,075002,1632,11,560,15
12363,075002,1634,11,560,15
12364,075002,1112,7,352,9
12365,075002,1632,11,560,15
12366,075002,1634,11,560,15
12367,075002,1112,7,352,9
12368,075002,1632,11,560,15
12369,075002,1634,11,560,15
12370,075002,1112,7,352,9
12371,075002,1632,11,560,15
12372,075002,1634,11,560,15
12373,075002,1112,7,352,9
12374,075002,1632,11,560,15
12375,075002,1634,11,560,15
12376,075002,1112,7,352,9
12377,075002,1632,11,560,15
12378,075002,1634,11,560,15
12379,075002,1112,7,352,9
12380,075002,1632,11,560,15
12381,075002,1634,11,560,15
12382,075002,1112,7,352,9
12383,075002,1632,11,560,15
12384,075002,1634,11,560,15
12385,075002,1112,7,352,9
12386,075002,1632,11,560,15
12387,075002,1634,11,560,15
12388,075002,1112,7,352,9
12389,075002,1632,11,560,15
12390,075002,1634,11,560,15
12391,075002,1112,7,352,9
12392,075002,1632,11,560,15
12393,075002,1634,11,560,15
12394,075002,1112,7,352,9
12395,075002,1632,11,560,15
12396,075002,1634,11,560,15
12397,075002,1112,7,352,9
12398,075002,1632,11,560,15
12399,075002,1634,11,560,15
12400,075002,1097,7,352,9
12401,075002,1615,11,560,15
12402,075002,1618,11,560,15
12403,075002,1097,7,352,9
12404,075002,1615,11,560,15
12405,075002,1618,11,560,15
12406,075002,1097,7,352,9
12407,075002,1615,11,560,15
12408,075002,1618,11,560,15
12409,075002,1097,7,352,9
12410,075002,1615,11,560,15
12411,075002,1618,11,560,15
12412,075002,1097,7,352,9
12413,075002,1615,11,560,15
12414,075002,1618,11,560,15
12415,075002,1097,7,352,9
12416,075002,1615,11,560,15
12417,075002,1618,11,560,15
12418,075002,1097,7,352,9
12419,075002,1615,11,560,15
12420,075002,1618,11,560,15
12421,075002,1097,7,352,9
12422,075002,1615,11,560,15
12423,075002,1618,11,560,15
12424,075002,1097,7,352,9
12425,075002,1615,11,560,15
12426,075002,1618,11,560,15
12427,075002,1097,7,352,9
12428,075002,1615,11,560,15
12429,075002,1618,11,560,15
12430,075002,1097,7,352,9
12431,075002,1615,11,560,15
12432,075002,1618,11,560,15
12433,075002,1097,7,352,9
12434,075002,1615,11,560,15
12435,075002,1618,11,560,15
12436,075002,1097,7,352,9
12437,075002,1615,11,560,15
12438,075002,1618,11,560,15
12439,075002,1097,7,352,9
12440,075002,1615,11,560,15
12441,075002,1618,11,560,15
12442,075002,1097,7,352,9
12443,075002,1615,11,560,15
12444,075002,1618,11,560,15
12445,075002,1097,7,352,9
12446,075002,1615,11,560,15
12447,075002,1618,11,560,15
12448,075002,1298,9,448,11
12449,075002,1818,13,656,17
12450,075002,1298,9,448,11
12451,075002,1298,9,448,11
12452,075002,1818,13,656,17
12453,075002,1298,9,448,11
12454,075002,1298,9,448,11
12455,075002,1818,13,656,17
12456,075002,1298,9,448,11
12457,075002,1298,9,448,11
12458,075002,1818,13,656,17
12459,075002,1298,9,448,11
12460,075002,1298,9,448,11
12461,075002,1818,13,656,17
12462,075002,1298,9,448,11
12463,075002,1298,9,448,11
12464,075002,1818,13,656,17
12465,075002,1298,9,448,11
12466,075002,1298,9,448,11
12467,075002,1818,13,656,17
12468,075002,1298,9,448,11
12469,075002,1298,9,448,11
12470,075002,1818,13,656,17
12471,075002,1298,9,448,11
12472,075002,1298,9,448,11
12473,075002,1818,13,656,17
12474,075002,1298,9,448,11
12475,075002,1298,9,448,11
12476,075002,1818,13,656,17
12477,075002,1298,9,448,11
12478,075002,1298,9,448,11
12479,075002,1818,13,656,17
12480,075002,1298,9,448,11
12481,075002,1298,9,448,11
12482,075002,1818,13,656,17
12483,075002,1298,9,448,11
12484,075002,1298,9,448,11
12485,075002,1818,13,656,17
12486,075002,1298,9,448,11
12487,075002,1298,9,448,11
12488,075002,1818,13,656,17
12489,075002,1298,9,448,11
12490,075002,1298,9,448,11
12491,075002,1818,13,656,17
12492,075002,1298,9,448,11
12493,075002,1298,9,448,11
12494,075002,1818,13,656,17
12495,075002,1298,9,448,11
12496,075002,1105,7,352,9
12497,075002,1623,11,560,15
12498,075002,1626,11,560,15
12499,075002,1105,7,352,9
12500,075002,1623,11,560,15
12501,075002,1626,11,560,15
12502,075002,1105,7,352,9
12503,075002,1623,11,560,15
12504,075002,1626,11,560,15
12505,075002,1105,7,352,9
12506,075002,1623,11,560,15
12507,075002,1626,11,560,15
12508,075002,1105,7,352,9
12509,075002,1623,11,560,15
12510,075002,1626,11,560,15
12511,075002,1105,7,352,9
12512,075002,1623,11,560,15
12513,075002,1626,11,560,15
12514,075002,1105,7,352,9
12515,075002,1623,11,560,15
12516,075002,1626,11,560,15
12517,075002,1105,7,352,9
12518,075002,1623,11,560,15
12519,075002,1626,11,560,15
12520,075002,1105,7,352,9
12521,075002,1623,11,560,15
12522,075002,1626,11,560,15
12523,075002,1105,7,352,9
12524,075002,1623,11,560,15
12525,075002,1626,11,560,15
12526,075002,1105,7,352,9
12527,075002,1623,11,560,15
12528,075002,1626,11,560,15
12529,075002,1105,7,352,9
12530,075002,1623,11,560,15
12531,075002,1626,11,560,15
12532,075002,1105,7,352,9
12533,075002,1623,11,560,15
12534,075002,1626,11,560,15
12535,075002,1105,7,352,9
12536,075002,1623,11,560,15
12537,075002,1626,11,560,15
12538,075002,1105,7,352,9
12539,075002,1623,11,560,15
12540,075002,1626,11,560,15
12541,075002,1105,7,352,9
12542,075002,1623,11,560,15
12543,075002,1626,11,560,15
12544,075002,1017,7,352,9
12545,075002,1535,11,560,15
12546,075002,1538,11,560,15
12547,075002,1017,7,352,9
12548,075002,1535,11,560,15
12549,075002,1538,11,560,15
12550,075002,1017,7,352,9
12551,075002,1535,11,560,15
12552,075002,1538,11,560,15
12553,075002,1017,7,352,9
12554,075002,1535,11,560,15
12555,075002,1538,11,560,15
12556,075002,1017,7,352,9
12557,075002,1535,11,560,15
12558,075002,1538,11,560,15
12559,075002,1017,7,352,9
12560,075002,1535,11,560,15
12561,075002,1538,11,560,15
12562,075002,1017,7,352,9
12563,075002,1535,11,560,15
12564,075002,1538,11,560,15
12565,075002,1017,7,352,9
12566,075002,1535,11,560,15
12567,075002,1538,11,560,15
12568,075002,1017,7,352,9
12569,075002,1535,11,560,15
12570,075002,1538,11,560,15
12571,075002,1017,7,352,9
12572,075002,1535,11,560,15
12573,075002,1538,11,560,15
12574,075002,1017,7,352,9
12575,075002,1535,11,560,15
12576,075002,1538,11,560,15
12577,075002,1017,7,352,9
12578,075002,1535,11,560,15
12579,075002,1538,11,560,15
12580,075002,1017,7,352,9
12581,075002,1535,11,560,15
12582,075002,1538,11,560,15
12583,075002,1017,7,352,9
12584,075002,1535,11,560,15
12585,075002,1538,11,560,15
12586,075002,1017,7,352,9
12587,075002,1535,11,560,15
12588,075002,1538,11,560,15
12589,075002,1017,7,352,9
12590,075002,1535,11,560,15
12591,075002,1538,11,560,15
12592,075012,1021,7,352,9
12593,075012,1539,11,560,15
12594,075012,1542,11,560,15
12595,075012,1021,7,352,9
12596,075012,1539,11,560,15
12597,075012,1542,11,560,15
12598,075012,1021,7,352,9
12599,075012,1539,11,560,15
12600,075012,1542,11,560,15
12601,075012,1021,7,352,9
12602,075012,1539,11,560,15
12603,075012,1542,11,560,15
12604,075012,1021,7,352,9
12605,075012,1539,11,560,15
12606,075012,1542,11,560,15
12607,075012,1021,7,352,9
12608,075012,1539,11,560,15
12609,075012,1542,11,560,15
12610,075012,1021,7,352,9
12611,075012,1539,11,560,15
12612,075012,1542,11,560,15
12613,075012,1021,7,352,9
12614,075012,1539,11,560,15
12615,075012,1542,11,560,15
12616,075012,1021,7,352,9
12617,075012,1539,11,560,15
12618,075012,1542,11,560,15
12619,075012,1021,7,352,9
12620,075012,1539,11,560,15
12621,075012,1542,11,560,15
12622,075012,1021,7,352,9
12623,075012,1539,11,560,15
12624,075012,1542,11,560,15
12625,075012,1021,7,352,9
12626,075012,1539,11,560,15
12627,075012,1542,11,560,15
12628,075012,1021,7,352,9
12629,075012,1539,11,560,15
12630,075012,1542,11,560,15
12631,075012,1021,7,352,9
12632,075012,1539,11,560,15
12633,075012,1542,11,560,15
12634,075012,1021,7,352,9
12635,075012,1539,11,560,15
12636,075012,1542,11,560,15
12637,075012,1021,7,352,9
12638,075012,1539,11,560,15
12639,075012,1542,11,560,15
12640,075012,1129,7,352,9
12641,075012,1647,11,560,15
12642,075012,1650,11,560,15
12643,075012,1129,7,352,9
12644,075012,1647,11,560,15
12645,075012,1650,11,560,15
12646,075012,1129,7,352,9
12647,075012,1647,11,560,15
12648,075012,1650,11,560,15
12649,075012,1129,7,352,9
12650,075012,1647,11,560,15
12651,075012,1650,11,560,15
12652,075012,1129,7,352,9
12653,075012,1647,11,560,15
12654,075012,1650,11,560,15
12655,075012,1129,7,352,9
12656,075012,1647,11,560,15
12657,075012,1650,11,560,15
12658,075012,1129,7,352,9
12659,075012,1647,11,560,15
12660,075012,1650,11,560,15
12661,075012,1129,7,352,9
12662,075012,1647,11,560,15
12663,075012,1650,11,560,15
12664,075012,1129,7,352,9
12665,075012,1647,11,560,15
12666,075012,1650,11,560,15
12667,075012,1129,7,352,9
12668,075012,1647,11,560,15
12669,075012,1650,11,560,15
12670,075012,1129,7,352,9
12671,075012,1647,11,560,15
12672,075012,1650,11,560,15
12673,075012,1129,7,352,9
12674,075012,1647,11,560,15
12675,075012,1650,11,560,15
12676,075012,1129,7,352,9
12677,075012,1647,11,560,15
12678,075012,1650,11,560,15
12679,075012,1129,7,352,9
12680,075012,1647,11,560,15
12681,075012,1650,11,560,15
12682,075012,1129,7,352,9
12683,075012,1647,11,560,15
12684,075012,1650,11,560,15
12685,075012,1129,7,352,9
12686,075012,1647,11,560,15
12687,075012,1650,11,560,15
12688,075012,1197,7,352,9
12689,075012,1715,11,560,15
12690,075012,1718,11,560,15
12691,075012,1197,7,352,9
12692,075012,1715,11,560,15
12693,075012,1718,11,560,15
12694,075012,1197,7,352,9
12695,075012,1715,11,560,15
12696,075012,1718,11,560,15
12697,075012,1197,7,352,9
12698,075012,1715,11,560,15
12699,075012,1718,11,560,15
12700,075012,1197,7,352,9
12701,075012,1715,11,560,15
12702,075012,1718,11,560,15
12703,075012,1197,7,352,9
12704,075012,1715,11,560,15
12705,075012,1718,11,560,15
12706,075012,1197,7,352,9
12707,075012,1715,11,560,15
12708,075012,1718,11,560,15
12709,075012,1197,7,352,9
12710,075012,1715,11,560,15
12711,075012,1718,11,560,15
12712,075012,1197,7,352,9
12713,075012,1715,11,560,15
12714,075012,1718,11,560,15
12715,075012,1197,7,352,9
12716,075012,1715,11,560,15
12717,075012,1718,11,560,15
12718,075012,1197,7,352,9
12719,075012,1715,11,560,15
12720,075012,1718,11,560,15
12721,075012,1197,7,352,9
12722,075012,1715,11,560,15
12723,075012,1718,11,560,15
12724,075012,1197,7,352,9
12725,075012,1715,11,560,15
12726,075012,1718,11,560,15
12727,075012,1197,7,352,9
12728,075012,1715,11,560,15
12729,075012,1718,11,560,15
12730,075012,1197,7,352,9
12731,075012,1715,11,560,15
12732,075012,1718,11,560,15
12733,075012,1197,7,352,9
12734,075012,1715,11,560,15
12735,075012,1718,11,560,15
12736,075012,1105,7,352,9
12737,075012,1623,11,560,15
12738,075012,1626,11,560,15
12739,075012,1105,7,352,9
12740,075012,1623,11,560,15
12741,075012,1626,11,560,15
12742,075012,1105,7,352,9
12743,075012,1623,11,560,15
12744,075012,1626,11,560,15
12745,075012,1105,7,352,9
12746,075012,1623,11,560,15
12747,075012,1626,11,560,15
12748,075012,1105,7,352,9
12749,075012,1623,11,560,15
12750,075012,1626,11,560,15
12751,075012,1105,7,352,9
12752,075012,1623,11,560,15
12753,075012,1626,11,560,15
12754,075012,1105,7,352,9
12755,075012,1623,11,560,15
12756,075012,1626,11,560,15
12757,075012,1105,7,352,9
12758,075012,1623,11,560,15
12759,075012,1626,11,560,15
12760,075012,1105,7,352,9
12761,075012,1623,11,560,15
12762,075012,1626,11,560,15
12763,075012,1105,7,352,9
12764,075012,1623,11,560,15
12765,075012,1626,11,560,15
12766,075012,1105,7,352,9
12767,075012,1623,11,560,15
12768,075012,1626,11,560,15
12769,075012,1105,7,352,9
12770,075012,1623,11,560,15
12771,075012,1626,11,560,15
12772,075012,1105,7,352,9
12773,075012,1623,11,560,15
12774,075012,1626,11,560,15
12775,075012,1105,7,352,9
12776,075012,1623,11,560,15
12777,075012,1626,11,560,15
12778,075012,1105,7,352,9
12779,075012,1623,11,560,15
12780,075012,1626,11,560,15
12781,075012,1105,7,352,9
12782,075012,1623,11,560,15
12783,075012,1626,11,560,15
12784,075012,1021,7,352,9
12785,075012,1539,11,560,15
12786,075012,1542,11,560,15
12787,075012,1021,7,352,9
12788,075012,1539,11,560,15
12789,075012,1542,11,560,15
12790,075012,1021,7,352,9
12791,075012,1539,11,560,15
12792,075012,1542,11,560,15
12793,075012,1021,7,352,9
12794,075012,1539,11,560,15
12795,075012,1542,11,560,15
12796,075012,1021,7,352,9
12797,075012,1539,11,560,15
12798,075012,1542,11,560,15
12799,075012,1021,7,352,9
12800,075012,1539,11,560,15
12801,075012,1542,11,560,15
12802,075012,1021,7,352,9
12803,075012,1539,11,560,15
12804,075012,1542,11,560,15
12805,075012,1021,7,352,9
12806,075012,1539,11,560,15
12807,075012,1542,11,560,15
12808,075012,1021,7,352,9
12809,075012,1539,11,560,15
12810,075012,1542,11,560,15
12811,075012,1021,7,352,9
12812,075012,1539,11,560,15
12813,075012,1542,11,560,15
12814,075012,1021,7,352,9
12815,075012,1539,11,560,15
12816,075012,1542,11,560,15
12817,075012,1021,7,352,9
12818,075012,1539,11,560,15
12819,075012,1542,11,560,15
12820,075012,1021,7,352,9
12821,075012,1539,11,560,15
12822,075012,1542,11,560,15
12823,075012,1021,7,352,9
12824,075012,1539,11,560,15
12825,075012,1542,11,560,15
12826,075012,1021,7,352,9
12827,075012,1539,11,560,15
12828,075012,1542,11,560,15
12829,075012,1021,7,352,9
12830,075012,1539,11,560,15
12831,075012,1542,11,560,15
12832,075012,1109,7,352,9
12833,075012,1627,11,560,15
12834,075012,1630,11,560,15
12835,075012,1109,7,352,9
12836,075012,1627,11,560,15
12837,075012,1630,11,560,15
12838,075012,1109,7,352,9
12839,075012,1627,11,560,15
12840,075012,1630,11,560,15
12841,075012,1109,7,352,9
12842,075012,1627,11,560,15
12843,075012,1630,11,560,15
12844,075012,1109,7,352,9
12845,075012,1627,11,560,15
12846,075012,1630,11,560,15
12847,075012,1109,7,352,9
12848,075012,1627,11,560,15
12849,075012,1630,11,560,15
12850,075012,1109,7,352,9
12851,075012,1627,11,560,15
12852,075012,1630,11,560,15
12853,075012,1109,7,352,9
12854,075012,1627,11,560,15
12855,075012,1630,11,560,15
12856,075012,1109,7,352,9
12857,075012,1627,11,560,15
12858,075012,1630,11,560,15
12859,075012,1109,7,352,9
12860,075012,1627,11,560,15
12861,075012,1630,11,560,15
12862,075012,1109,7,352,9
12863,075012,1627,11,560,15
12864,075012,1630,11,560,15
12865,075012,1109,7,352,9
12866,075012,1627,11,560,15
12867,075012,1630,11,560,15
12868,075012,1109,7,352,9
12869,075012,1627,11,560,15
12870,075012,1630,11,560,15
12871,075012,1109,7,352,9
12872,075012,1627,11,560,15
12873,075012,1630,11,560,15
12874,075012,1109,7,352,9
12875,075012,1627,11,560,15
12876,075012,1630,11,560,15
12877,075012,1109,7,352,9
12878,075012,1627,11,560,15
12879,075012,1630,11,560,15
12880,075012,1021,7,352,9
12881,075012,1539,11,560,15
12882,075012,1542,11,560,15
12883,075012,1021,7,352,9
12884,075012,1539,11,560,15
12885,075012,1542,11,560,15
12886,075012,1021,7,352,9
12887,075012,1539,11,560,15
12888,075012,1542,11,560,15
12889,075012,1021,7,352,9
12890,075012,1539,11,560,15
12891,075012,1542,11,560,15
12892,075012,1021,7,352,9
12893,075012,1539,11,560,15
12894,075012,1542,11,560,15
12895,075012,1021,7,352,9
12896,075012,1539,11,560,15
12897,075012,1542,11,560,15
12898,075012,1021,7,352,9
12899,075012,1539,11,560,15
12900,075012,1542,11,560,15
12901,075012,1021,7,352,9
12902,075012,1539,11,560,15
12903,075012,1542,11,560,15
12904,075012,1021,7,352,9
12905,075012,1539,11,560,15
12906,075012,1542,11,560,15
12907,075012,1021,7,352,9
12908,075012,1539,11,560,15
12909,075012,1542,11,560,15
12910,075012,1021,7,352,9
12911,075012,1539,11,560,15
12912,075012,1542,11,560,15
12913,075012,1021,7,352,9
12914,075012,1539,11,560,15
12915,075012,1542,11,560,15
12916,075012,1021,7,352,9
12917,075012,1539,11,560,15
12918,075012,1542,11,560,15
12919,075012,1021,7,352,9
12920,075012,1539,11,560,15
12921,075012,1542,11,560,15
12922,075012,1021,7,352,9
12923,075012,1539,11,560,15
12924,075012,1542,11,560,15
12925,075012,1021,7,352,9
12926,075012,1539,11,560,15
12927,075012,1542,11,560,15
12928,075022,1313,7,352,9
12929,075022,1831,11,560,15
12930,075022,1834,11,560,15
12931,075022,1313,7,352,9
12932,075022,1831,11,560,15
12933,075022,1834,11,560,15
12934,075022,1313,7,352,9
12935,075022,1831,11,560,15
12936,075022,1834,11,560,15
12937,075022,1313,7,352,9
12938,075022,1831,11,560,15
12939,075022,1834,11,560,15
12940,075022,1313,7,352,9
12941,075022,1831,11,560,15
12942,075022,1834,11,560,15
12943,075022,1313,7,352,9
12944,075022,1831,11,560,15
12945,075022,1834,11,560,15
12946,075022,1313,7,352,9
12947,075022,1831,11,560,15
12948,075022,1834,11,560,15
12949,075022,1313,7,352,9
12950,075022,1831,11,560,15
12951,075022,1834,11,560,15
12952,075022,1313,7,352,9
12953,075022,1831,11,560,15
12954,075022,1834,11,560,15
12955,075022,1313,7,352,9
12956,075022,1831,11,560,15
12957,075022,1834,11,560,15
12958,075022,1313,7,352,9
12959,075022,1831,11,560,15
12960,075022,1834,11,560,15
12961,075022,1313,7,352,9
12962,075022,1831,11,560,15
12963,075022,1834,11,560,15
12964,075022,1313,7,352,9
12965,075022,1831,11,560,15
12966,075022,1834,11,560,15
12967,075022,1313,7,352,9
12968,075022,1831,11,560,15
12969,075022,1834,11,560,15
12970,075022,1313,7,352,9
12971,075022,1831,11,560,15
12972,075022,1834,11,560,15
12973,075022,1313,7,352,9
12974,075022,1831,11,560,15
12975,075022,1834,11,560,15
12976,075022,1316,7,352,9
12977,075022,1836,11,560,15
12978,075022,1838,11,560,15
12979,075022,1316,7,352,9
12980,075022,1836,11,560,15
12981,075022,1838,11,560,15
12982,075022,1316,7,352,9
12983,075022,1836,11,560,15
12984,075022,1838,11,560,15
12985,075022,1316,7,352,9
12986,075022,1836,11,560,15
12987,075022,1838,11,560,15
12988,075022,1316,7,352,9
12989,075022,1836,11,560,15
12990,075022,1838,11,560,15
12991,075022,1316,7,352,9
12992,075022,1836,11,560,15
12993,075022,1838,11,560,15
12994,075022,1316,7,352,9
12995,075022,1836,11,560,15
12996,075022,1838,11,560,15
12997,075022,1316,7,352,9
12998,075022,1836,11,560,15
12999,075022,1838,11,560,15
13000,075022,1316,7,352,9
13001,075022,1836,11,560,15
13002,075022,1838,11,560,15
13003,075022,1316,7,352,9
13004,075022,1836,11,560,15
13005,075022,1838,11,560,15
13006,075022,1316,7,352,9
13007,075022,1836,11,560,15
13008,075022,1838,11,560,15
13009,075022,1316,7,352,9
13010,075022,1836,11,560,15
13011,075022,1838,11,560,15
13012,075022,1316,7,352,9
13013,075022,1836,11,560,15
13014,075022,1838,11,560,15
13015,075022,1316,7,352,9
13016,075022,1836,11,560,15
13017,075022,1838,11,560,15
13018,075022,1316,7,352,9
13019,075022,1836,11,560,15
13020,075022,1838,11,560,15
13021,075022,1316,7,352,9
13022,075022,1836,11,560,15
13023,075022,1838,11,560,15
13024,075022,1502,9,448,11
13025,075022,2022,13,656,17
13026,075022,1502,9,448,11
13027,075022,1502,9,448,11
13028,075022,2022,13,656,17
13029,075022,1502,9,448,11
13030,075022,1502,9,448,11
13031,075022,2022,13,656,17
13032,075022,1502,9,448,11
13033,075022,1502,9,448,11
13034,075022,2022,13,656,17
13035,075022,1502,9,448,11
13036,075022,1502,9,448,11
13037,075022,2022,13,656,17
13038,075022,1502,9,448,11
13039,075022,1502,9,448,11
13040,075022,2022,13,656,17
13041,075022,1502,9,448,11
13042,075022,1502,9,448,11
13043,075022,2022,13,656,17
13044,075022,1502,9,448,11
13045,075022,1502,9,448,11
13046,075022,2022,13,656,17
13047,075022,1502,9,448,11
13048,075022,1502,9,448,11
13049,075022,2022,13,656,17
13050,075022,1502,9,448,11
13051,075022,1502,9,448,11
13052,075022,2022,13,656,17
13053,075022,1502,9,448,11
13054,075022,1502,9,448,11
13055,075022,2022,13,656,17
13056,075022,1502,9,448,11
13057,075022,1502,9,448,11
13058,075022,2022,13,656,17
13059,075022,1502,9,448,11
13060,075022,1502,9,448,11
13061,075022,2022,13,656,17
13062,075022,1502,9,448,11
13063,075022,1502,9,448,11
13064,075022,2022,13,656,17
13065,075022,1502,9,448,11
13066,075022,1502,9,448,11
13067,075022,2022,13,656,17
13068,075022,1502,9,448,11
13069,075022,1502,9,448,11
13070,075022,2022,13,656,17
13071,075022,1502,9,448,11
13072,075022,1313,7,352,9
13073,075022,1831,11,560,15
13074,075022,1834,11,560,15
13075,075022,1313,7,352,9
13076,075022,1831,11,560,15
13077,075022,1834,11,560,15
13078,075022,1313,7,352,9
13079,075022,1831,11,560,15
13080,075022,1834,11,560,15
13081,075022,1313,7,352,9
13082,075022,1831,11,560,15
13083,075022,1834,11,560,15
13084,075022,1313,7,352,9
13085,075022,1831,11,560,15
13086,075022,1834,11,560,15
13087,075022,1313,7,352,9
13088,075022,1831,11,560,15
13089,075022,1834,11,560,15
13090,075022,1313,7,352,9
13091,075022,1831,11,560,15
13092,075022,1834,11,560,15
13093,075022,1313,7,352,9
13094,075022,1831,11,560,15
13095,075022,1834,11,560,15
13096,075022,1313,7,352,9
13097,075022,1831,11,560,15
13098,075022,1834,11,560,15
13099,075022,1313,7,352,9
13100,075022,1831,11,560,15
13101,075022,1834,11,560,15
13102,075022,1313,7,352,9
13103,075022,1831,11,560,15
13104,075022,1834,11,560,15
13105,075022,1313,7,352,9
13106,075022,1831,11,560,15
13107,075022,1834,11,560,15
13108,075022,1313,7,352,9
13109,075022,1831,11,560,15
13110,075022,1834,11,560,15
13111,075022,1313,7,352,9
13112,075022,1831,11,560,15
13113,075022,1834,11,560,15
13114,075022,1313,7,352,9
13115,075022,1831,11,560,15
13116,075022,1834,11,560,15
13117,075022,1313,7,352,9
13118,075022,1831,11,560,15
13119,075022,1834,11,560,15
13120,075022,1539,9,448,11
13121,075022,2058,13,656,17
13122,075022,1538,9,448,11
13123,075022,1538,9,448,11
13124,075022,2058,13,656,17
13125,075022,1538,9,448,11
13126,075022,1538,9,448,11
13127,075022,2058,13,656,17
13128,075022,1538,9,448,11
13129,075022,1538,9,448,11
13130,075022,2058,13,656,17
13131,075022,1538,9,448,11
13132,075022,1538,9,448,11
13133,075022,2058,13,656,17
13134,075022,1538,9,448,11
13135,075022,1538,9,448,11
13136,075022,2058,13,656,17
13137,075022,1538,9,448,11
13138,075022,1538,9,448,11
13139,075022,2058,13,656,17
13140,075022,1538,9,448,11
13141,075022,1538,9,448,11
13142,075022,2058,13,656,17
13143,075022,1538,9,448,11
13144,075022,1538,9,448,11
13145,075022,2058,13,656,17
13146,075022,1538,9,448,11
13147,075022,1538,9,448,11
13148,075022,2058,13,656,17
13149,075022,1538,9,448,11
13150,075022,1538,9,448,11
13151,075022,2058,13,656,17
13152,075022,1538,9,448,11
13153,075022,1538,9,448,11
13154,075022,2058,13,656,17
13155,075022,1538,9,448,11
13156,075022,1538,9,448,11
13157,075022,2058,13,656,17
13158,075022,1538,9,448,11
13159,075022,1538,9,448,11
13160,075022,2058,13,656,17
13161,075022,1538,9,448,11
13162,075022,1538,9,448,11
13163,075022,2058,13,656,17
13164,075022,1538,9,448,11
13165,075022,1538,9,448,11
13166,075022,2058,13,656,17
13167,075022,1538,9,448,11
13168,075022,988,7,352,9
13169,075022,1507,11,560,15
13170,075022,1510,11,560,15
13171,075022,989,7,352,9
13172,075022,1507,11,560,15
13173,075022,1510,11,560,15
13174,075022,989,7,352,9
13175,075022,1507,11,560,15
13176,075022,1510,11,560,15
13177,075022,989,7,352,9
13178,075022,1507,11,560,15
13179,075022,1510,11,560,15
13180,075022,989,7,352,9
13181,075022,1507,11,560,15
13182,075022,1510,11,560,15
13183,075022,989,7,352,9
13184,075022,1507,11,560,15
13185,075022,1510,11,560,15
13186,075022,989,7,352,9
13187,075022,1507,11,560,15
13188,075022,1510,11,560,15
13189,075022,989,7,352,9
13190,075022,1507,11,560,15
13191,075022,1510,11,560,15
13192,075022,989,7,352,9
13193,075022,1507,11,560,15
13194,075022,1510,11,560,15
13195,075022,989,7,352,9
13196,075022,1507,11,560,15
13197,075022,1510,11,560,15
13198,075022,989,7,352,9
13199,075022,1507,11,560,15
13200,075022,1510,11,560,15
13201,075022,989,7,352,9
13202,075022,1507,11,560,15
13203,075022,1510,11,560,15
13204,075022,989,7,352,9
13205,075022,1507,11,560,15
13206,075022,1510,11,560,15
13207,075022,989,7,352,9
13208,075022,1507,11,560,15
13209,075022,1510,11,560,15
13210,075022,989,7,352,9
13211,075022,1507,11,560,15
13212,075022,1510,11,560,15
13213,075022,989,7,352,9
13214,075022,1507,11,560,15
13215,075022,1510,11,560,15
13216,075022,989,7,352,9
13217,075022,1507,11,560,15
13218,075022,1510,11,560,15
13219,075022,989,7,352,9
13220,075022,1507,11,560,15
13221,075022,1510,11,560,15
13222,075022,989,7,352,9
13223,075022,1507,11,560,15
13224,075022,1510,11,560,15
13225,075022,989,7,352,9
13226,075022,1507,11,560,15
13227,075022,1510,11,560,15
13228,075022,989,7,352,9
13229,075022,1507,11,560,15
13230,075022,1510,11,560,15
13231,075022,989,7,352,9
13232,075022,1507,11,560,15
13233,075022,1510,11,560,15
13234,075022,989,7,352,9
13235,075022,1507,11,560,15
13236,075022,1510,11,560,15
13237,075022,989,7,352,9
13238,075022,1507,11,560,15
13239,075022,1510,11,560,15
13240,075022,989,7,352,9
13241,075022,1507,11,560,15
13242,075022,1510,11,560,15
13243,075022,989,7,352,9
13244,075022,1507,11,560,15
13245,075022,1510,11,560,15
13246,075022,989,7,352,9
13247,075022,1507,11,560,15
13248,075022,1510,11,560,15
13249,075022,989,7,352,9
13250,075022,1507,11,560,15
13251,075022,1510,11,560,15
13252,075022,989,7,352,9
13253,075022,1507,11,560,15
13254,075022,1510,11,560,15
13255,075022,989,7,352,9
13256,075022,1507,11,560,15
13257,075022,1510,11,560,15
13258,075022,989,7,352,9
13259,075022,1507,11,560,15
13260,075022,1510,11,560,15
13261,075022,989,7,352,9
13262,075022,1507,11,560,15
13263,075022,1510,11,560,15
13264,075032,1453,7,352,9
13265,075032,1971,11,560,15
13266,075032,1974,11,560,15
13267,075032,1453,7,352,9
13268,075032,1971,11,560,15
13269,075032,1974,11,560,15
13270,075032,1453,7,352,9
13271,075032,1971,11,560,15
13272,075032,1974,11,560,15
13273,075032,1453,7,352,9
13274,075032,1971,11,560,15
13275,075032,1974,11,560,15
13276,075032,1453,7,352,9
13277,075032,1971,11,560,15
13278,075032,1974,11,560,15
13279,075032,1453,7,352,9
13280,075032,1971,11,560,15
13281,075032,1974,11,560,15
13282,075032,1453,7,352,9
13283,075032,1971,11,560,15
13284,075032,1974,11,560,15
13285,075032,1453,7,352,9
13286,075032,1971,11,560,15
13287,075032,1974,11,560,15
13288,075032,1453,7,352,9
13289,075032,1971,11,560,15
13290,075032,1974,11,560,15
13291,075032,1453,7,352,9
13292,075032,1971,11,560,15
13293,075032,1974,11,560,15
13294,075032,1453,7,352,9
13295,075032,1971,11,560,15
13296,075032,1974,11,560,15
13297,075032,1453,7,352,9
13298,075032,1971,11,560,15
13299,075032,1974,11,560,15
13300,075032,1453,7,352,9
13301,075032,1971,11,560,15
13302,075032,1974,11,560,15
13303,075032,1453,7,352,9
13304,075032,1971,11,560,15
13305,075032,1974,11,560,15
13306,075032,1453,7,352,9
13307,075032,1971,11,560,15
13308,075032,1974,11,560,15
13309,075032,1453,7,352,9
13310,075032,1971,11,560,15
13311,075032,1974,11,560,15
13312,075032,1461,7,352,9
13313,075032,1979,11,560,15
13314,075032,1982,11,560,15
13315,075032,1461,7,352,9
13316,075032,1979,11,560,15
13317,075032,1982,11,560,15
13318,075032,1461,7,352,9
13319,075032,1979,11,560,15
13320,075032,1982,11,560,15
13321,075032,1461,7,352,9
13322,075032,1979,11,560,15
13323,075032,1982,11,560,15
13324,075032,1461,7,352,9
13325,075032,1979,11,560,15
13326,075032,1982,11,560,15
13327,075032,1461,7,352,9
13328,075032,1979,11,560,15
13329,075032,1982,11,560,15
13330,075032,1461,7,352,9
13331,075032,1979,11,560,15
13332,075032,1982,11,560,15
13333,075032,1461,7,352,9
13334,075032,1979,11,560,15
13335,075032,1982,11,560,15
13336,075032,1461,7,352,9
13337,075032,1979,11,560,15
13338,075032,1982,11,560,15
13339,075032,1461,7,352,9
13340,075032,1979,11,560,15
13341,075032,1982,11,560,15
13342,075032,1461,7,352,9
13343,075032,1979,11,560,15
13344,075032,1982,11,560,15
13345,075032,1461,7,352,9
13346,075032,1979,11,560,15
13347,075032,1982,11,560,15
13348,075032,1461,7,352,9
13349,075032,1979,11,560,15
13350,075032,1982,11,560,15
13351,075032,1461,7,352,9
13352,075032,1979,11,560,15
13353,075032,1982,11,560,15
13354,075032,1461,7,352,9
13355,075032,1979,11,560,15
13356,075032,1982,11,560,15
13357,075032,1461,7,352,9
13358,075032,1979,11,560,15
13359,075032,1982,11,560,15
13360,075032,1453,7,352,9
13361,075032,1971,11,560,15
13362,075032,1974,11,560,15
13363,075032,1453,7,352,9
13364,075032,1971,11,560,15
13365,075032,1974,11,560,15
13366,075032,1453,7,352,9
13367,075032,1971,11,560,15
13368,075032,1974,11,560,15
13369,075032,1453,7,352,9
13370,075032,1971,11,560,15
13371,075032,1974,11,560,15
13372,075032,1453,7,352,9
13373,075032,1971,11,560,15
13374,075032,1974,11,560,15
13375,075032,1453,7,352,9
13376,075032,1971,11,560,15
13377,075032,1974,11,560,15
13378,075032,1453,7,352,9
13379,075032,1971,11,560,15
13380,075032,1974,11,560,15
13381,075032,1453,7,352,9
13382,075032,1971,11,560,15
13383,075032,1974,11,560,15
13384,075032,1453,7,352,9
13385,075032,1971,11,560,15
13386,075032,1974,11,560,15
13387,075032,1453,7,352,9
13388,075032,1971,11,560,15
13389,075032,1974,11,560,15
13390,075032,1453,7,352,9
13391,075032,1971,11,560,15
13392,075032,1974,11,560,15
13393,075032,1453,7,352,9
13394,075032,1971,11,560,15
13395,075032,1974,11,560,15
13396,075032,1453,7,352,9
13397,075032,1971,11,560,15
13398,075032,1974,11,560,15
13399,075032,1453,7,352,9
13400,075032,1971,11,560,15
13401,075032,1974,11,560,15
13402,075032,1453,7,352,9
13403,075032,1971,11,560,15
13404,075032,1974,11,560,15
13405,075032,1453,7,352,9
13406,075032,1971,11,560,15
13407,075032,1974,11,560,15
13408,075032,1453,7,352,9
13409,075032,1971,11,560,15
13410,075032,1974,11,560,15
13411,075032,1453,7,352,9
13412,075032,1971,11,560,15
13413,075032,1974,11,560,15
13414,075032,1453,7,352,9
13415,075032,1971,11,560,15
13416,075032,1974,11,560,15
13417,075032,1453,7,352,9
13418,075032,1971,11,560,15
13419,075032,1974,11,560,15
13420,075032,1453,7,352,9
13421,075032,1971,11,560,15
13422,075032,1974,11,560,15
13423,075032,1453,7,352,9
13424,075032,1971,11,560,15
13425,075032,1974,11,560,15
13426,075032,1453,7,352,9
13427,075032,1971,11,560,15
13428,075032,1974,11,560,15
13429,075032,1453,7,352,9
13430,075032,1971,11,560,15
13431,075032,1974,11,560,15
13432,075032,1453,7,352,9
13433,075032,1971,11,560,15
13434,075032,1974,11,560,15
13435,075032,1453,7,352,9
13436,075032,1971,11,560,15
13437,075032,1974,11,560,15
13438,075032,1453,7,352,9
13439,075032,1971,11,560,15
13440,075032,1974,11,560,15
13441,075032,1453,7,352,9
13442,075032,1971,11,560,15
13443,075032,1974,11,560,15
13444,075032,1453,7,352,9
13445,075032,1971,11,560,15
13446,075032,1974,11,560,15
13447,075032,1453,7,352,9
13448,075032,1971,11,560,15
13449,075032,1974,11,560,15
13450,075032,1453,7,352,9
13451,075032,1971,11,560,15
13452,075032,1974,11,560,15
13453,075032,1453,7,352,9
13454,075032,1971,11,560,15
13455,075032,1974,11,560,15
13456,075032,1453,7,352,9
13457,075032,1971,11,560,15
13458,075032,1974,11,560,15
13459,075032,1453,7,352,9
13460,075032,1971,11,560,15
13461,075032,1974,11,560,15
13462,075032,1453,7,352,9
13463,075032,1971,11,560,15
13464,075032,1974,11,560,15
13465,075032,1453,7,352,9
13466,075032,1971,11,560,15
13467,075032,1974,11,560,15
13468,075032,1453,7,352,9
13469,075032,1971,11,560,15
13470,075032,1974,11,560,15
13471,075032,1453,7,352,9
13472,075032,1971,11,560,15
13473,075032,1974,11,560,15
13474,075032,1453,7,352,9
13475,075032,1971,11,560,15
13476,075032,1974,11,560,15
13477,075032,1453,7,352,9
13478,075032,1971,11,560,15
13479,075032,1974,11,560,15
13480,075032,1453,7,352,9
13481,075032,1971,11,560,15
13482,075032,1974,11,560,15
13483,075032,1453,7,352,9
13484,075032,1971,11,560,15
13485,075032,1974,11,560,15
13486,075032,1453,7,352,9
13487,075032,1971,11,560,15
13488,075032,1974,11,560,15
13489,075032,1453,7,352,9
13490,075032,1971,11,560,15
13491,075032,1974,11,560,15
13492,075032,1453,7,352,9
13493,075032,1971,11,560,15
13494,075032,1974,11,560,15
13495,075032,1453,7,352,9
13496,075032,1971,11,560,15
13497,075032,1974,11,560,15
13498,075032,1453,7,352,9
13499,075032,1971,11,560,15
13500,075032,1974,11,560,15
13501,075032,1453,7,352,9
13502,075032,1971,11,560,15
13503,075032,1974,11,560,15
13504,075032,1226,9,448,11
13505,075032,1746,13,656,17
13506,075032,1226,9,448,11
13507,075032,1226,9,448,11
13508,075032,1746,13,656,17
13509,075032,1226,9,448,11
13510,075032,1226,9,448,11
13511,075032,1746,13,656,17
13512,075032,1226,9,448,11
13513,075032,1226,9,448,11
13514,075032,1746,13,656,17
13515,075032,1226,9,448,11
13516,075032,1226,9,448,11
13517,075032,1746,13,656,17
13518,075032,1226,9,448,11
13519,075032,1226,9,448,11
13520,075032,1746,13,656,17
13521,075032,1226,9,448,11
13522,075032,1226,9,448,11
13523,075032,1746,13,656,17
13524,075032,1226,9,448,11
13525,075032,1226,9,448,11
13526,075032,1746,13,656,17
13527,075032,1226,9,448,11
13528,075032,1226,9,448,11
13529,075032,1746,13,656,17
13530,075032,1226,9,448,11
13531,075032,1226,9,448,11
13532,075032,1746,13,656,17
13533,075032,1226,9,448,11
13534,075032,1226,9,448,11
13535,075032,1746,13,656,17
13536,075032,1226,9,448,11
13537,075032,1226,9,448,11
13538,075032,1746,13,656,17
13539,075032,1226,9,448,11
13540,075032,1226,9,448,11
13541,075032,1746,13,656,17
13542,075032,1226,9,448,11
13543,075032,1226,9,448,11
13544,075032,1746,13,656,17
13545,075032,1226,9,448,11
13546,075032,1226,9,448,11
13547,075032,1746,13,656,17
13548,075032,1226,9,448,11
13549,075032,1226,9,448,11
13550,075032,1746,13,656,17
13551,075032,1226,9,448,11
13552,075032,1226,9,448,11
13553,075032,1746,13,656,17
13554,075032,1226,9,448,11
13555,075032,1226,9,448,11
13556,075032,1746,13,656,17
13557,075032,1226,9,448,11
13558,075032,1226,9,448,11
13559,075032,1746,13,656,17
13560,075032,1226,9,448,11
13561,075032,1226,9,448,11
13562,075032,1746,13,656,17
13563,075032,1226,9,448,11
13564,075032,1226,9,448,11
13565,075032,1746,13,656,17
13566,075032,1226,9,448,11
13567,075032,1226,9,448,11
13568,075032,1746,13,656,17
13569,075032,1226,9,448,11
13570,075032,1226,9,448,11
13571,075032,1746,13,656,17
13572,075032,1226,9,448,11
13573,075032,1226,9,448,11
13574,075032,1746,13,656,17
13575,075032,1226,9,448,11
13576,075032,1226,9,448,11
13577,075032,1746,13,656,17
13578,075032,1226,9,448,11
13579,075032,1226,9,448,11
13580,075032,1746,13,656,17
13581,075032,1226,9,448,11
13582,075032,1226,9,448,11
13583,075032,1746,13,656,17
13584,075032,1226,9,448,11
13585,075032,1226,9,448,11
13586,075032,1746,13,656,17
13587,075032,1226,9,448,11
13588,075032,1226,9,448,11
13589,075032,1746,13,656,17
13590,075032,1226,9,448,11
13591,075032,1226,9,448,11
13592,075032,1746,13,656,17
13593,075032,1226,9,448,11
13594,075032,1226,9,448,11
13595,075032,1746,13,656,17
13596,075032,1226,9,448,11
13597,075032,1226,9,448,11
13598,075032,1746,13,656,17
13599,075032,1226,9,448,11
13600,075003,1112,7,352,9
13601,075003,1632,11,560,15
13602,075003,1634,11,560,15
13603,075003,1112,7,352,9
13604,075003,1632,11,560,15
13605,075003,1634,11,560,15
13606,075003,1112,7,352,9
13607,075003,1632,11,560,15
13608,075003,1634,11,560,15
13609,075003,1112,7,352,9
13610,075003,1632,11,560,15
13611,075003,1634,11,560,15
13612,075003,1112,7,352,9
13613,075003,1632,11,560,15
13614,075003,1634,11,560,15
13615,075003,1112,7,352,9
13616,075003,1632,11,560,15
13617,075003,1634,11,560,15
13618,075003,1112,7,352,9
13619,075003,1632,11,560,15
13620,075003,1634,11,560,15
13621,075003,1112,7,352,9
13622,075003,1632,11,560,15
13623,075003,1634,11,560,15
13624,075003,1112,7,352,9
13625,075003,1632,11,560,15
13626,075003,1634,11,560,15
13627,075003,1112,7,352,9
13628,075003,1632,11,560,15
13629,075003,1634,11,560,15
13630,075003,1112,7,352,9
13631,075003,1632,11,560,15
13632,075003,1634,11,560,15
13633,075003,1112,7,352,9
13634,075003,1632,11,560,15
13635,075003,1634,11,560,15
13636,075003,1112,7,352,9
13637,075003,1632,11,560,15
13638,075003,1634,11,560,15
13639,075003,1112,7,352,9
13640,075003,1632,11,560,15
13641,075003,1634,11,560,15
13642,075003,1112,7,352,9
13643,075003,1632,11,560,15
13644,075003,1634,11,560,15
13645,075003,1112,7,352,9
13646,075003,1632,11,560,15
13647,075003,1634,11,560,15
13648,075003,1137,7,352,9
13649,075003,1655,11,560,15
13650,075003,1658,11,560,15
13651,075003,1137,7,352,9
13652,075003,1655,11,560,15
13653,075003,1658,11,560,15
13654,075003,1137,7,352,9
13655,075003,1655,11,560,15
13656,075003,1658,11,560,15
13657,075003,1137,7,352,9
13658,075003,1655,11,560,15
13659,075003,1658,11,560,15
13660,075003,1137,7,352,9
13661,075003,1655,11,560,15
13662,075003,1658,11,560,15
13663,075003,1137,7,352,9
13664,075003,1655,11,560,15
13665,075003,1658,11,560,15
13666,075003,1137,7,352,9
13667,075003,1655,11,560,15
13668,075003,1658,11,560,15
13669,075003,1137,7,352,9
13670,075003,1655,11,560,15
13671,075003,1658,11,560,15
13672,075003,1137,7,352,9
13673,075003,1655,11,560,15
13674,075003,1658,11,560,15
13675,075003,1137,7,352,9
13676,075003,1655,11,560,15
13677,075003,1658,11,560,15
13678,075003,1137,7,352,9
13679,075003,1655,11,560,15
13680,075003,1658,11,560,15
13681,075003,1137,7,352,9
13682,075003,1655,11,560,15
13683,075003,1658,11,560,15
13684,075003,1137,7,352,9
13685,075003,1655,11,560,15
13686,075003,1658,11,560,15
13687,075003,1137,7,352,9
13688,075003,1655,11,560,15
13689,075003,1658,11,560,15
13690,075003,1137,7,352,9
13691,075003,1655,11,560,15
13692,075003,1658,11,560,15
13693,075003,1137,7,352,9
13694,075003,1655,11,560,15
13695,075003,1658,11,560,15
13696,075003,1112,7,352,9
13697,075003,1632,11,560,15
13698,075003,1634,11,560,15
13699,075003,1112,7,352,9
13700,075003,1632,11,560,15
13701,075003,1634,11,560,15
13702,075003,1112,7,352,9
13703,075003,1632,11,560,15
13704,075003,1634,11,560,15
13705,075003,1112,7,352,9
13706,075003,1632,11,560,15
13707,075003,1634,11,560,15
13708,075003,1112,7,352,9
13709,075003,1632,11,560,15
13710,075003,1634,11,560,15
13711,075003,1112,7,352,9
13712,075003,1632,11,560,15
13713,075003,1634,11,560,15
13714,075003,1112,7,352,9
13715,075003,1632,11,560,15
13716,075003,1634,11,560,15
13717,075003,1112,7,352,9
13718,075003,1632,11,560,15
13719,075003,1634,11,560,15
13720,075003,1112,7,352,9
13721,075003,1632,11,560,15
13722,075003,1634,11,560,15
13723,075003,1112,7,352,9
13724,075003,1632,11,560,15
13725,075003,1634,11,560,15
13726,075003,1112,7,352,9
13727,075003,1632,11,560,15
13728,075003,1634,11,560,15
13729,075003,1112,7,352,9
13730,075003,1632,11,560,15
13731,075003,1634,11,560,15
13732,075003,1112,7,352,9
13733,075003,1632,11,560,15
13734,075003,1634,11,560,15
13735,075003,1112,7,352,9
13736,075003,1632,11,560,15
13737,075003,1634,11,560,15
13738,075003,1112,7,352,9
13739,075003,1632,11,560,15
13740,075003,1634,11,560,15
13741,075003,1112,7,352,9
13742,075003,1632,11,560,15
13743,075003,1634,11,560,15
13744,075003,1097,7,352,9
13745,075003,1615,11,560,15
13746,075003,1618,11,560,15
13747,075003,1097,7,352,9
13748,075003,1615,11,560,15
13749,075003,1618,11,560,15
13750,075003,1097,7,352,9
13751,075003,1615,11,560,15
13752,075003,1618,11,560,15
13753,075003,1097,7,352,9
13754,075003,1615,11,560,15
13755,075003,1618,11,560,15
13756,075003,1097,7,352,9
13757,075003,1615,11,560,15
13758,075003,1618,11,560,15
13759,075003,1097,7,352,9
13760,075003,1615,11,560,15
13761,075003,1618,11,560,15
13762,075003,1097,7,352,9
13763,075003,1615,11,560,15
13764,075003,1618,11,560,15
13765,075003,1097,7,352,9
13766,075003,1615,11,560,15
13767,075003,1618,11,560,15
13768,075003,1097,7,352,9
13769,075003,1615,11,560,15
13770,075003,1618,11,560,15
13771,075003,1097,7,352,9
13772,075003,1615,11,560,15
13773,075003,1618,11,560,15
13774,075003,1097,7,352,9
13775,075003,1615,11,560,15
13776,075003,1618,11,560,15
13777,075003,1097,7,352,9
13778,075003,1615,11,560,15
13779,075003,1618,11,560,15
13780,075003,1097,7,352,9
13781,075003,1615,11,560,15
13782,075003,1618,11,560,15
13783,075003,1097,7,352,9
13784,075003,1615,11,560,15
13785,075003,1618,11,560,15
13786,075003,1097,7,352,9
13787,075003,1615,11,560,15
13788,075003,1618,11,560,15
13789,075003,1097,7,352,9
13790,075003,1615,11,560,15
13791,075003,1618,11,560,15
13792,075003,1298,9,448,11
13793,075003,1818,13,656,17
13794,075003,1298,9,448,11
13795,075003,1298,9,448,11
13796,075003,1818,13,656,17
13797,075003,1298,9,448,11
13798,075003,1298,9,448,11
13799,075003,1818,13,656,17
13800,075003,1298,9,448,11
13801,075003,1298,9,448,11
13802,075003,1818,13,656,17
13803,075003,1298,9,448,11
13804,075003,1298,9,448,11
13805,075003,1818,13,656,17
13806,075003,1298,9,448,11
13807,075003,1298,9,448,11
13808,075003,1818,13,656,17
13809,075003,1298,9,448,11
13810,075003,1298,9,448,11
13811,075003,1818,13,656,17
13812,075003,1298,9,448,11
13813,075003,1298,9,448,11
13814,075003,1818,13,656,17
13815,075003,1298,9,448,11
13816,075003,1298,9,448,11
13817,075003,1818,13,656,17
13818,075003,1298,9,448,11
13819,075003,1298,9,448,11
13820,075003,1818,13,656,17
13821,075003,1298,9,448,11
13822,075003,1298,9,448,11
13823,075003,1818,13,656,17
13824,075003,1298,9,448,11
13825,075003,1298,9,448,11
13826,075003,1818,13,656,17
13827,075003,1298,9,448,11
13828,075003,1298,9,448,11
13829,075003,1818,13,656,17
13830,075003,1298,9,448,11
13831,075003,1298,9,448,11
13832,075003,1818,13,656,17
13833,075003,1298,9,448,11
13834,075003,1298,9,448,11
13835,075003,1818,13,656,17
13836,075003,1298,9,448,11
13837,075003,1298,9,448,11
13838,075003,1818,13,656,17
13839,075003,1298,9,448,11
13840,075003,1105,7,352,9
13841,075003,1623,11,560,15
13842,075003,1626,11,560,15
13843,075003,1105,7,352,9
13844,075003,1623,11,560,15
13845,075003,1626,11,560,15
13846,075003,1105,7,352,9
13847,075003,1623,11,560,15
13848,075003,1626,11,560,15
13849,075003,1105,7,352,9
13850,075003,1623,11,560,15
13851,075003,1626,11,560,15
13852,075003,1105,7,352,9
13853,075003,1623,11,560,15
13854,075003,1626,11,560,15
13855,075003,1105,7,352,9
13856,075003,1623,11,560,15
13857,075003,1626,11,560,15
13858,075003,1105,7,352,9
13859,075003,1623,11,560,15
13860,075003,1626,11,560,15
13861,075003,1105,7,352,9
13862,075003,1623,11,560,15
13863,075003,1626,11,560,15
13864,075003,1105,7,352,9
13865,075003,1623,11,560,15
13866,075003,1626,11,560,15
13867,075003,1105,7,352,9
13868,075003,1623,11,560,15
13869,075003,1626,11,560,15
13870,075003,1105,7,352,9
13871,075003,1623,11,560,15
13872,075003,1626,11,560,15
13873,075003,1105,7,352,9
13874,075003,1623,11,560,15
13875,075003,1626,11,560,15
13876,075003,1105,7,352,9
13877,075003,1623,11,560,15
13878,075003,1626,11,560,15
13879,075003,1105,7,352,9
13880,075003,1623,11,560,15
13881,075003,1626,11,560,15
13882,075003,1105,7,352,9
13883,075003,1623,11,560,15
13884,075003,1626,11,560,15
13885,075003,1105,7,352,9
13886,075003,1623,11,560,15
13887,075003,1626,11,560,15
13888,075003,1017,7,352,9
13889,075003,1535,11,560,15
13890,075003,1538,11,560,15
13891,075003,1017,7,352,9
13892,075003,1535,11,560,15
13893,075003,1538,11,560,15
13894,075003,1017,7,352,9
13895,075003,1535,11,560,15
13896,075003,1538,11,560,15
13897,075003,1017,7,352,9
13898,075003,1535,11,560,15
13899,075003,1538,11,560,15
13900,075003,1017,7,352,9
13901,075003,1535,11,560,15
13902,075003,1538,11,560,15
13903,075003,1017,7,352,9
13904,075003,1535,11,560,15
13905,075003,1538,11,560,15
13906,075003,1017,7,352,9
13907,075003,1535,11,560,15
13908,075003,1538,11,560,15
13909,075003,1017,7,352,9
13910,075003,1535,11,560,15
13911,075003,1538,11,560,15
13912,075003,1017,7,352,9
13913,075003,1535,11,560,15
13914,075003,1538,11,560,15
13915,075003,1017,7,352,9
13916,075003,1535,11,560,15
13917,075003,1538,11,560,15
13918,075003,1017,7,352,9
13919,075003,1535,11,560,15
13920,075003,1538,11,560,15
13921,075003,1017,7,352,9
13922,075003,1535,11,560,15
13923,075003,1538,11,560,15
13924,075003,1017,7,352,9
13925,075003,1535,11,560,15
13926,075003,1538,11,560,15
13927,075003,1017,7,352,9
13928,075003,1535,11,560,15
13929,075003,1538,11,560,15
13930,075003,1017,7,352,9
13931,075003,1535,11,560,15
13932,075003,1538,11,560,15
13933,075003,1017,7,352,9
13934,075003,1535,11,560,15
13935,075003,1538,11,560,15
13936,075013,1021,7,352,9
13937,075013,1539,11,560,15
13938,075013,1542,11,560,15
13939,075013,1021,7,352,9
13940,075013,1539,11,560,15
13941,075013,1542,11,560,15
13942,075013,1021,7,352,9
13943,075013,1539,11,560,15
13944,075013,1542,11,560,15
13945,075013,1021,7,352,9
13946,075013,1539,11,560,15
13947,075013,1542,11,560,15
13948,075013,1021,7,352,9
13949,075013,1539,11,560,15
13950,075013,1542,11,560,15
13951,075013,1021,7,352,9
13952,075013,1539,11,560,15
13953,075013,1542,11,560,15
13954,075013,1021,7,352,9
13955,075013,1539,11,560,15
13956,075013,1542,11,560,15
13957,075013,1021,7,352,9
13958,075013,1539,11,560,15
13959,075013,1542,11,560,15
13960,075013,1021,7,352,9
13961,075013,1539,11,560,15
13962,075013,1542,11,560,15
13963,075013,1021,7,352,9
13964,075013,1539,11,560,15
13965,075013,1542,11,560,15
13966,075013,1021,7,352,9
13967,075013,1539,11,560,15
13968,075013,1542,11,560,15
13969,075013,1021,7,352,9
13970,075013,1539,11,560,15
13971,075013,1542,11,560,15
13972,075013,1021,7,352,9
13973,075013,1539,11,560,15
13974,075013,1542,11,560,15
13975,075013,1021,7,352,9
13976,075013,1539,11,560,15
13977,075013,1542,11,560,15
13978,075013,1021,7,352,9
13979,075013,1539,11,560,15
13980,075013,1542,11,560,15
13981,075013,1021,7,352,9
13982,075013,1539,11,560,15
13983,075013,1542,11,560,15
13984,075013,1129,7,352,9
13985,075013,1647,11,560,15
13986,075013,1650,11,560,15
13987,075013,1129,7,352,9
13988,075013,1647,11,560,15
13989,075013,1650,11,560,15
13990,075013,1129,7,352,9
13991,075013,1647,11,560,15
13992,075013,1650,11,560,15
13993,075013,1129,7,352,9
13994,075013,1647,11,560,15
13995,075013,1650,11,560,15
13996,075013,1129,7,352,9
13997,075013,1647,11,560,15
13998,075013,1650,11,560,15
13999,075013,1129,7,352,9
14000,075013,1647,11,560,15
14001,075013,1650,11,560,15
14002,075013,1129,7,352,9
14003,075013,1647,11,560,15
14004,075013,1650,11,560,15
14005,075013,1129,7,352,9
14006,075013,1647,11,560,15
14007,075013,1650,11,560,15
14008,075013,1129,7,352,9
14009,075013,1647,11,560,15
14010,075013,1650,11,560,15
14011,075013,1129,7,352,9
14012,075013,1647,11,560,15
14013,075013,1650,11,560,15
14014,075013,1129,7,352,9
14015,075013,1647,11,560,15
14016,075013,1650,11,560,15
14017,075013,1129,7,352,9
14018,075013,1647,11,560,15
14019,075013,1650,11,560,15
14020,075013,1129,7,352,9
14021,075013,1647,11,560,15
14022,075013,1650,11,560,15
14023,075013,1129,7,352,9
14024,075013,1647,11,560,15
14025,075013,1650,11,560,15
14026,075013,1129,7,352,9
14027,075013,1647,11,560,15
14028,075013,1650,11,560,15
14029,075013,1129,7,352,9
14030,075013,1647,11,560,15
14031,075013,1650,11,560,15
14032,075013,1197,7,352,9
14033,075013,1715,11,560,15
14034,075013,1718,11,560,15
14035,075013,1197,7,352,9
14036,075013,1715,11,560,15
14037,075013,1718,11,560,15
14038,075013,1197,7,352,9
14039,075013,1715,11,560,15
14040,075013,1718,11,560,15
14041,075013,1197,7,352,9
14042,075013,1715,11,560,15
14043,075013,1718,11,560,15
14044,075013,1197,7,352,9
14045,075013,1715,11,560,15
14046,075013,1718,11,560,15
14047,075013,1197,7,352,9
14048,075013,1715,11,560,15
14049,075013,1718,11,560,15
14050,075013,1197,7,352,9
14051,075013,1715,11,560,15
14052,075013,1718,11,560,15
14053,075013,1197,7,352,9
14054,075013,1715,11,560,15
14055,075013,1718,11,560,15
14056,075013,1197,7,352,9
14057,075013,1715,11,560,15
14058,075013,1718,11,560,15
14059,075013,1197,7,352,9
14060,075013,1715,11,560,15
14061,075013,1718,11,560,15
14062,075013,1197,7,352,9
14063,075013,1715,11,560,15
14064,075013,1718,11,560,15
14065,075013,1197,7,352,9
14066,075013,1715,11,560,15
14067,075013,1718,11,560,15
14068,075013,1197,7,352,9
14069,075013,1715,11,560,15
14070,075013,1718,11,560,15
14071,075013,1197,7,352,9
14072,075013,1715,11,560,15
14073,075013,1718,11,560,15
14074,075013,1197,7,352,9
14075,075013,1715,11,560,15
14076,075013,1718,11,560,15
14077,075013,1197,7,352,9
14078,075013,1715,11,560,15
14079,075013,1718,11,560,15
14080,075013,1105,7,352,9
14081,075013,1623,11,560,15
14082,075013,1626,11,560,15
14083,075013,1105,7,352,9
14084,075013,1623,11,560,15
14085,075013,1626,11,560,15
14086,075013,1105,7,352,9
14087,075013,1623,11,560,15
14088,075013,1626,11,560,15
14089,075013,1105,7,352,9
14090,075013,1623,11,560,15
14091,075013,1626,11,560,15
14092,075013,1105,7,352,9
14093,075013,1623,11,560,15
14094,075013,1626,11,560,15
14095,075013,1105,7,352,9
14096,075013,1623,11,560,15
14097,075013,1626,11,560,15
14098,075013,1105,7,352,9
14099,075013,1623,11,560,15
14100,075013,1626,11,560,15
14101,075013,1105,7,352,9
14102,075013,1623,11,560,15
14103,075013,1626,11,560,15
14104,075013,1105,7,352,9
14105,075013,1623,11,560,15
14106,075013,1626,11,560,15
14107,075013,1105,7,352,9
14108,075013,1623,11,560,15
14109,075013,1626,11,560,15
14110,075013,1105,7,352,9
14111,075013,1623,11,560,15
14112,075013,1626,11,560,15
14113,075013,1105,7,352,9
14114,075013,1623,11,560,15
14115,075013,1626,11,560,15
14116,075013,1105,7,352,9
14117,075013,1623,11,560,15
14118,075013,1626,11,560,15
14119,075013,1105,7,352,9
14120,075013,1623,11,560,15
14121,075013,1626,11,560,15
14122,075013,1105,7,352,9
14123,075013,1623,11,560,15
14124,075013,1626,11,560,15
14125,075013,1105,7,352,9
14126,075013,1623,11,560,15
14127,075013,1626,11,560,15
14128,075013,1021,7,352,9
14129,075013,1539,11,560,15
14130,075013,1542,11,560,15
14131,075013,1021,7,352,9
14132,075013,1539,11,560,15
14133,075013,1542,11,560,15
14134,075013,1021,7,352,9
14135,075013,1539,11,560,15
14136,075013,1542,11,560,15
14137,075013,1021,7,352,9
14138,075013,1539,11,560,15
14139,075013,1542,11,560,15
14140,075013,1021,7,352,9
14141,075013,1539,11,560,15
14142,075013,1542,11,560,15
14143,075013,1021,7,352,9
14144,075013,1539,11,560,15
14145,075013,1542,11,560,15
14146,075013,1021,7,352,9
14147,075013,1539,11,560,15
14148,075013,1542,11,560,15
14149,075013,1021,7,352,9
14150,075013,1539,11,560,15
14151,075013,1542,11,560,15
14152,075013,1021,7,352,9
14153,075013,1539,11,560,15
14154,075013,1542,11,560,15
14155,075013,1021,7,352,9
14156,075013,1539,11,560,15
14157,075013,1542,11,560,15
14158,075013,1021,7,352,9
14159,075013,1539,11,560,15
14160,075013,1542,11,560,15
14161,075013,1021,7,352,9
14162,075013,1539,11,560,15
14163,075013,1542,11,560,15
14164,075013,1021,7,352,9
14165,075013,1539,11,560,15
14166,075013,1542,11,560,15
14167,075013,1021,7,352,9
14168,075013,1539,11,560,15
14169,075013,1542,11,560,15
14170,075013,1021,7,352,9
14171,075013,1539,11,560,15
14172,075013,1542,11,560,15
14173,075013,1021,7,352,9
14174,075013,1539,11,560,15
14175,075013,1542,11,560,15
14176,075013,1109,7,352,9
14177,075013,1627,11,560,15
14178,075013,1630,11,560,15
14179,075013,1109,7,352,9
14180,075013,1627,11,560,15
14181,075013,1630,11,560,15
14182,075013,1109,7,352,9
14183,075013,1627,11,560,15
14184,075013,1630,11,560,15
14185,075013,1109,7,352,9
14186,075013,1627,11,560,15
14187,075013,1630,11,560,15
14188,075013,1109,7,352,9
14189,075013,1627,11,560,15
14190,075013,1630,11,560,15
14191,075013,1109,7,352,9
14192,075013,1627,11,560,15
14193,075013,1630,11,560,15
14194,075013,1109,7,352,9
14195,075013,1627,11,560,15
14196,075013,1630,11,560,15
14197,075013,1109,7,352,9
14198,075013,1627,11,560,15
14199,075013,1630,11,560,15
14200,075013,1109,7,352,9
14201,075013,1627,11,560,15
14202,075013,1630,11,560,15
14203,075013,1109,7,352,9
14204,075013,1627,11,560,15
14205,075013,1630,11,560,15
14206,075013,1109,7,352,9
14207,075013,1627,11,560,15
14208,075013,1630,11,560,15
14209,075013,1109,7,352,9
14210,075013,1627,11,560,15
14211,075013,1630,11,560,15
14212,075013,1109,7,352,9
14213,075013,1627,11,560,15
14214,075013,1630,11,560,15
14215,075013,1109,7,352,9
14216,075013,1627,11,560,15
14217,075013,1630,11,560,15
14218,075013,1109,7,352,9
14219,075013,1627,11,560,15
14220,075013,1630,11,560,15
14221,075013,1109,7,352,9
14222,075013,1627,11,560,15
14223,075013,1630,11,560,15
14224,075013,1021,7,352,9
14225,075013,1539,11,560,15
14226,075013,1542,11,560,15
14227,075013,1021,7,352,9
14228,075013,1539,11,560,15
14229,075013,1542,11,560,15
14230,075013,1021,7,352,9
14231,075013,1539,11,560,15
14232,075013,1542,11,560,15
14233,075013,1021,7,352,9
14234,075013,1539,11,560,15
14235,075013,1542,11,560,15
14236,075013,1021,7,352,9
14237,075013,1539,11,560,15
14238,075013,1542,11,560,15
14239,075013,1021,7,352,9
14240,075013,1539,11,560,15
14241,075013,1542,11,560,15
14242,075013,1021,7,352,9
14243,075013,1539,11,560,15
14244,075013,1542,11,560,15
14245,075013,1021,7,352,9
14246,075013,1539,11,560,15
14247,075013,1542,11,560,15
14248,075013,1021,7,352,9
14249,075013,1539,11,560,15
14250,075013,1542,11,560,15
14251,075013,1021,7,352,9
14252,075013,1539,11,560,15
14253,075013,1542,11,560,15
14254,075013,1021,7,352,9
14255,075013,1539,11,560,15
14256,075013,1542,11,560,15
14257,075013,1021,7,352,9
14258,075013,1539,11,560,15
14259,075013,1542,11,560,15
14260,075013,1021,7,352,9
14261,075013,1539,11,560,15
14262,075013,1542,11,560,15
14263,075013,1021,7,352,9
14264,075013,1539,11,560,15
14265,075013,1542,11,560,15
14266,075013,1021,7,352,9
14267,075013,1539,11,560,15
14268,075013,1542,11,560,15
14269,075013,1021,7,352,9
14270,075013,1539,11,560,15
14271,075013,1542,11,560,15
14272,075023,1313,7,352,9
14273,075023,1831,11,560,15
14274,075023,1834,11,560,15
14275,075023,1313,7,352,9
14276,075023,1831,11,560,15
14277,075023,1834,11,560,15
14278,075023,1313,7,352,9
14279,075023,1831,11,560,15
14280,075023,1834,11,560,15
14281,075023,1313,7,352,9
14282,075023,1831,11,560,15
14283,075023,1834,11,560,15
14284,075023,1313,7,352,9
14285,075023,1831,11,560,15
14286,075023,1834,11,560,15
14287,075023,1313,7,352,9
14288,075023,1831,11,560,15
14289,075023,1834,11,560,15
14290,075023,1313,7,352,9
14291,075023,1831,11,560,15
14292,075023,1834,11,560,15
14293,075023,1313,7,352,9
14294,075023,1831,11,560,15
14295,075023,1834,11,560,15
14296,075023,1313,7,352,9
14297,075023,1831,11,560,15
14298,075023,1834,11,560,15
14299,075023,1313,7,352,9
14300,075023,1831,11,560,15
14301,075023,1834,11,560,15
14302,075023,1313,7,352,9
14303,075023,1831,11,560,15
14304,075023,1834,11,560,15
14305,075023,1313,7,352,9
14306,075023,1831,11,560,15
14307,075023,1834,11,560,15
14308,075023,1313,7,352,9
14309,075023,1831,11,560,15
14310,075023,1834,11,560,15
14311,075023,1313,7,352,9
14312,075023,1831,11,560,15
14313,075023,1834,11,560,15
14314,075023,1313,7,352,9
14315,075023,1831,11,560,15
14316,075023,1834,11,560,15
14317,075023,1313,7,352,9
14318,075023,1831,11,560,15
14319,075023,1834,11,560,15
14320,075023,1316,7,352,9
14321,075023,1836,11,560,15
14322,075023,1838,11,560,15
14323,075023,1316,7,352,9
14324,075023,1836,11,560,15
14325,075023,1838,11,560,15
14326,075023,1316,7,352,9
14327,075023,1836,11,560,15
14328,075023,1838,11,560,15
14329,075023,1316,7,352,9
14330,075023,1836,11,560,15
14331,075023,1838,11,560,15
14332,075023,1316,7,352,9
14333,075023,1836,11,560,15
14334,075023,1838,11,560,15
14335,075023,1316,7,352,9
14336,075023,1836,11,560,15
14337,075023,1838,11,560,15
14338,075023,1316,7,352,9
14339,075023,1836,11,560,15
14340,075023,1838,11,560,15
14341,075023,1316,7,352,9
14342,075023,1836,11,560,15
14343,075023,1838,11,560,15
14344,075023,1316,7,352,9
14345,075023,1836,11,560,15
14346,075023,1838,11,560,15
14347,075023,1316,7,352,9
14348,075023,1836,11,560,15
14349,075023,1838,11,560,15
14350,075023,1316,7,352,9
14351,075023,1836,11,560,15
14352,075023,1838,11,560,15
14353,075023,1316,7,352,9
14354,075023,1836,11,560,15
14355,075023,1838,11,560,15
14356,075023,1316,7,352,9
14357,075023,1836,11,560,15
14358,075023,1838,11,560,15
14359,075023,1316,7,352,9
14360,075023,1836,11,560,15
14361,075023,1838,11,560,15
14362,075023,1316,7,352,9
14363,075023,1836,11,560,15
14364,075023,1838,11,560,15
14365,075023,1316,7,352,9
14366,075023,1836,11,560,15
14367,075023,1838,11,560,15
14368,075023,1502,9,448,11
14369,075023,2022,13,656,17
14370,075023,1502,9,448,11
14371,075023,1502,9,448,11
14372,075023,2022,13,656,17
14373,075023,1502,9,448,11
14374,075023,1502,9,448,11
14375,075023,2022,13,656,17
14376,075023,1502,9,448,11
14377,075023,1502,9,448,11
14378,075023,2022,13,656,17
14379,075023,1502,9,448,11
14380,075023,1502,9,448,11
14381,075023,2022,13,656,17
14382,075023,1502,9,448,11
14383,075023,1502,9,448,11
14384,075023,2022,13,656,17
14385,075023,1502,9,448,11
14386,075023,1502,9,448,11
14387,075023,2022,13,656,17
14388,075023,1502,9,448,11
14389,075023,1502,9,448,11
14390,075023,2022,13,656,17
14391,075023,1502,9,448,11
14392,075023,1502,9,448,11
14393,075023,2022,13,656,17
14394,075023,1502,9,448,11
14395,075023,1502,9,448,11
14396,075023,2022,13,656,17
14397,075023,1502,9,448,11
14398,075023,1502,9,448,11
14399,075023,2022,13,656,17
14400,075023,1502,9,448,11
14401,075023,1502,9,448,11
14402,075023,2022,13,656,17
14403,075023,1502,9,448,11
14404,075023,1502,9,448,11
14405,075023,2022,13,656,17
14406,075023,1502,9,448,11
14407,075023,1502,9,448,11
14408,075023,2022,13,656,17
14409,075023,1502,9,448,11
14410,075023,1502,9,448,11
14411,075023,2022,13,656,17
14412,075023,1502,9,448,11
14413,075023,1502,9,448,11
14414,075023,2022,13,656,17
14415,075023,1502,9,448,11
14416,075023,1313,7,352,9
14417,075023,1831,11,560,15
14418,075023,1834,11,560,15
14419,075023,1313,7,352,9
14420,075023,1831,11,560,15
14421,075023,1834,11,560,15
14422,075023,1313,7,352,9
14423,075023,1831,11,560,15
14424,075023,1834,11,560,15
14425,075023,1313,7,352,9
14426,075023,1831,11,560,15
14427,075023,1834,11,560,15
14428,075023,1313,7,352,9
14429,075023,1831,11,560,15
14430,075023,1834,11,560,15
14431,075023,1313,7,352,9
14432,075023,1831,11,560,15
14433,075023,1834,11,560,15
14434,075023,1313,7,352,9
14435,075023,1831,11,560,15
14436,075023,1834,11,560,15
14437,075023,1313,7,352,9
14438,075023,1831,11,560,15
14439,075023,1834,11,560,15
14440,075023,1313,7,352,9
14441,075023,1831,11,560,15
14442,075023,1834,11,560,15
14443,075023,1313,7,352,9
14444,075023,1831,11,560,15
14445,075023,1834,11,560,15
14446,075023,1313,7,352,9
14447,075023,1831,11,560,15
14448,075023,1834,11,560,15
14449,075023,1313,7,352,9
14450,075023,1831,11,560,15
14451,075023,1834,11,560,15
14452,075023,1313,7,352,9
14453,075023,1831,11,560,15
14454,075023,1834,11,560,15
14455,075023,1313,7,352,9
14456,075023,1831,11,560,15
14457,075023,1834,11,560,15
14458,075023,1313,7,352,9
14459,075023,1831,11,560,15
14460,075023,1834,11,560,15
14461,075023,1313,7,352,9
14462,075023,1831,11,560,15
14463,075023,1834,11,560,15
14464,075023,1539,9,448,11
14465,075023,2058,13,656,17
14466,075023,1538,9,448,11
14467,075023,1538,9,448,11
14468,075023,2058,13,656,17
14469,075023,1538,9,448,11
14470,075023,1538,9,448,11
14471,075023,2058,13,656,17
14472,075023,1538,9,448,11
14473,075023,1538,9,448,11
14474,075023,2058,13,656,17
14475,075023,1538,9,448,11
14476,075023,1538,9,448,11
14477,075023,2058,13,656,17
14478,075023,1538,9,448,11
14479,075023,1538,9,448,11
14480,075023,2058,13,656,17
14481,075023,1538,9,448,11
14482,075023,1538,9,448,11
14483,075023,2058,13,656,17
14484,075023,1538,9,448,11
14485,075023,1538,9,448,11
14486,075023,2058,13,656,17
14487,075023,1538,9,448,11
14488,075023,1538,9,448,11
14489,075023,2058,13,656,17
14490,075023,1538,9,448,11
14491,075023,1538,9,448,11
14492,075023,2058,13,656,17
14493,075023,1538,9,448,11
14494,075023,1538,9,448,11
14495,075023,2058,13,656,17
14496,075023,1538,9,448,11
14497,075023,1538,9,448,11
14498,075023,2058,13,656,17
14499,075023,1538,9,448,11
14500,075023,1538,9,448,11
14501,075023,2058,13,656,17
14502,075023,1538,9,448,11
14503,075023,1538,9,448,11
14504,075023,2058,13,656,17
14505,075023,1538,9,448,11
14506,075023,1538,9,448,11
14507,075023,2058,13,656,17
14508,075023,1538,9,448,11
14509,075023,1538,9,448,11
14510,075023,2058,13,656,17
14511,075023,1538,9,448,11
14512,075023,988,7,352,9
14513,075023,1507,11,560,15
14514,075023,1510,11,560,15
14515,075023,989,7,352,9
14516,075023,1507,11,560,15
14517,075023,1510,11,560,15
14518,075023,989,7,352,9
14519,075023,1507,11,560,15
14520,075023,1510,11,560,15
14521,075023,989,7,352,9
14522,075023,1507,11,560,15
14523,075023,1510,11,560,15
14524,075023,989,7,352,9
14525,075023,1507,11,560,15
14526,075023,1510,11,560,15
14527,075023,989,7,352,9
14528,075023,1507,11,560,15
14529,075023,1510,11,560,15
14530,075023,989,7,352,9
14531,075023,1507,11,560,15
14532,075023,1510,11,560,15
14533,075023,989,7,352,9
14534,075023,1507,11,560,15
14535,075023,1510,11,560,15
14536,075023,989,7,352,9
14537,075023,1507,11,560,15
14538,075023,1510,11,560,15
14539,075023,989,7,352,9
14540,075023,1507,11,560,15
14541,075023,1510,11,560,15
14542,075023,989,7,352,9
14543,075023,1507,11,560,15
14544,075023,1510,11,560,15
14545,075023,989,7,352,9
14546,075023,1507,11,560,15
14547,075023,1510,11,560,15
14548,075023,989,7,352,9
14549,075023,1507,11,560,15
14550,075023,1510,11,560,15
14551,075023,989,7,352,9
14552,075023,1507,11,560,15
14553,075023,1510,11,560,15
14554,075023,989,7,352,9
14555,075023,1507,11,560,15
14556,075023,1510,11,560,15
14557,075023,989,7,352,9
14558,075023,1507,11,560,15
14559,075023,1510,11,560,15
14560,075023,989,7,352,9
14561,075023,1507,11,560,15
14562,075023,1510,11,560,15
14563,075023,989,7,352,9
14564,075023,1507,11,560,15
14565,075023,1510,11,560,15
14566,075023,989,7,352,9
14567,075023,1507,11,560,15
14568,075023,1510,11,560,15
14569,075023,989,7,352,9
14570,075023,1507,11,560,15
14571,075023,1510,11,560,15
14572,075023,989,7,352,9
14573,075023,1507,11,560,15
14574,075023,1510,11,560,15
14575,075023,989,7,352,9
14576,075023,1507,11,560,15
14577,075023,1510,11,560,15
14578,075023,989,7,352,9
14579,075023,1507,11,560,15
14580,075023,1510,11,560,15
14581,075023,989,7,352,9
14582,075023,1507,11,560,15
14583,075023,1510,11,560,15
14584,075023,989,7,352,9
14585,075023,1507,11,560,15
14586,075023,1510,11,560,15
14587,075023,989,7,352,9
14588,075023,1507,11,560,15
14589,075023,1510,11,560,15
14590,075023,989,7,352,9
14591,075023,1507,11,560,15
14592,075023,1510,11,560,15
14593,075023,989,7,352,9
14594,075023,1507,11,560,15
14595,075023,1510,11,560,15
14596,075023,989,7,352,9
14597,075023,1507,11,560,15
14598,075023,1510,11,560,15
14599,075023,989,7,352,9
14600,075023,1507,11,560,15
14601,075023,1510,11,560,15
14602,075023,989,7,352,9
14603,075023,1507,11,560,15
14604,075023,1510,11,560,15
14605,075023,989,7,352,9
14606,075023,1507,11,560,15
14607,075023,1510,11,560,15
14608,075033,1453,7,352,9
14609,075033,1971,11,560,15
14610,075033,1974,11,560,15
14611,075033,1453,7,352,9
14612,075033,1971,11,560,15
14613,075033,1974,11,560,15
14614,075033,1453,7,352,9
14615,075033,1971,11,560,15
14616,075033,1974,11,560,15
14617,075033,1453,7,352,9
14618,075033,1971,11,560,15
14619,075033,1974,11,560,15
14620,075033,1453,7,352,9
14621,075033,1971,11,560,15
14622,075033,1974,11,560,15
14623,075033,1453,7,352,9
14624,075033,1971,11,560,15
14625,075033,1974,11,560,15
14626,075033,1453,7,352,9
14627,075033,1971,11,560,15
14628,075033,1974,11,560,15
14629,075033,1453,7,352,9
14630,075033,1971,11,560,15
14631,075033,1974,11,560,15
14632,075033,1453,7,352,9
14633,075033,1971,11,560,15
14634,075033,1974,11,560,15
14635,075033,1453,7,352,9
14636,075033,1971,11,560,15
14637,075033,1974,11,560,15
14638,075033,1453,7,352,9
14639,075033,1971,11,560,15
14640,075033,1974,11,560,15
14641,075033,1453,7,352,9
14642,075033,1971,11,560,15
14643,075033,1974,11,560,15
14644,075033,1453,7,352,9
14645,075033,1971,11,560,15
14646,075033,1974,11,560,15
14647,075033,1453,7,352,9
14648,075033,1971,11,560,15
14649,075033,1974,11,560,15
14650,075033,1453,7,352,9
14651,075033,1971,11,560,15
14652,075033,1974,11,560,15
14653,075033,1453,7,352,9
14654,075033,1971,11,560,15
14655,075033,1974,11,560,15
14656,075033,1461,7,352,9
14657,075033,1979,11,560,15
14658,075033,1982,11,560,15
14659,075033,1461,7,352,9
14660,075033,1979,11,560,15
14661,075033,1982,11,560,15
14662,075033,1461,7,352,9
14663,075033,1979,11,560,15
14664,075033,1982,11,560,15
14665,075033,1461,7,352,9
14666,075033,1979,11,560,15
14667,075033,1982,11,560,15
14668,075033,1461,7,352,9
14669,075033,1979,11,560,15
14670,075033,1982,11,560,15
14671,075033,1461,7,352,9
14672,075033,1979,11,560,15
14673,075033,1982,11,560,15
14674,075033,1461,7,352,9
14675,075033,1979,11,560,15
14676,075033,1982,11,560,15
14677,075033,1461,7,352,9
14678,075033,1979,11,560,15
14679,075033,1982,11,560,15
14680,075033,1461,7,352,9
14681,075033,1979,11,560,15
14682,075033,1982,11,560,15
14683,075033,1461,7,352,9
14684,075033,1979,11,560,15
14685,075033,1982,11,560,15
14686,075033,1461,7,352,9
14687,075033,1979,11,560,15
14688,075033,1982,11,560,15
14689,075033,1461,7,352,9
14690,075033,1979,11,560,15
14691,075033,1982,11,560,15
14692,075033,1461,7,352,9
14693,075033,1979,11,560,15
14694,075033,1982,11,560,15
14695,075033,1461,7,352,9
14696,075033,1979,11,560,15
14697,075033,1982,11,560,15
14698,075033,1461,7,352,9
14699,075033,1979,11,560,15
14700,075033,1982,11,560,15
14701,075033,1461,7,352,9
14702,075033,1979,11,560,15
14703,075033,1982,11,560,15
14704,075033,1453,7,352,9
14705,075033,1971,11,560,15
14706,075033,1974,11,560,15
14707,075033,1453,7,352,9
14708,075033,1971,11,560,15
14709,075033,1974,11,560,15
14710,075033,1453,7,352,9
14711,075033,1971,11,560,15
14712,075033,1974,11,560,15
14713,075033,1453,7,352,9
14714,075033,1971,11,560,15
14715,075033,1974,11,560,15
14716,075033,1453,7,352,9
14717,075033,1971,11,560,15
14718,075033,1974,11,560,15
14719,075033,1453,7,352,9
14720,075033,1971,11,560,15
14721,075033,1974,11,560,15
14722,075033,1453,7,352,9
14723,075033,1971,11,560,15
14724,075033,1974,11,560,15
14725,075033,1453,7,352,9
14726,075033,1971,11,560,15
14727,075033,1974,11,560,15
14728,075033,1453,7,352,9
14729,075033,1971,11,560,15
14730,075033,1974,11,560,15
14731,075033,1453,7,352,9
14732,075033,1971,11,560,15
14733,075033,1974,11,560,15
14734,075033,1453,7,352,9
14735,075033,1971,11,560,15
14736,075033,1974,11,560,15
14737,075033,1453,7,352,9
14738,075033,1971,11,560,15
14739,075033,1974,11,560,15
14740,075033,1453,7,352,9
14741,075033,1971,11,560,15
14742,075033,1974,11,560,15
14743,075033,1453,7,352,9
14744,075033,1971,11,560,15
14745,075033,1974,11,560,15
14746,075033,1453,7,352,9
14747,075033,1971,11,560,15
14748,075033,1974,11,560,15
14749,075033,1453,7,352,9
14750,075033,1971,11,560,15
14751,075033,1974,11,560,15
14752,075033,1453,7,352,9
14753,075033,1971,11,560,15
14754,075033,1974,11,560,15
14755,075033,1453,7,352,9
14756,075033,1971,11,560,15
14757,075033,1974,11,560,15
14758,075033,1453,7,352,9
14759,075033,1971,11,560,15
14760,075033,1974,11,560,15
14761,075033,1453,7,352,9
14762,075033,1971,11,560,15
14763,075033,1974,11,560,15
14764,075033,1453,7,352,9
14765,075033,1971,11,560,15
14766,075033,1974,11,560,15
14767,075033,1453,7,352,9
14768,075033,1971,11,560,15
14769,075033,1974,11,560,15
14770,075033,1453,7,352,9
14771,075033,1971,11,560,15
14772,075033,1974,11,560,15
14773,075033,1453,7,352,9
14774,075033,1971,11,560,15
14775,075033,1974,11,560,15
14776,075033,1453,7,352,9
14777,075033,1971,11,560,15
14778,075033,1974,11,560,15
14779,075033,1453,7,352,9
14780,075033,1971,11,560,15
14781,075033,1974,11,560,15
14782,075033,1453,7,352,9
14783,075033,1971,11,560,15
14784,075033,1974,11,560,15
14785,075033,1453,7,352,9
14786,075033,1971,11,560,15
14787,075033,1974,11,560,15
14788,075033,1453,7,352,9
14789,075033,1971,11,560,15
14790,075033,1974,11,560,15
14791,075033,1453,7,352,9
14792,075033,1971,11,560,15
14793,075033,1974,11,560,15
14794,075033,1453,7,352,9
14795,075033,1971,11,560,15
14796,075033,1974,11,560,15
14797,075033,1453,7,352,9
14798,075033,1971,11,560,15
14799,075033,1974,11,560,15
14800,075033,1453,7,352,9
14801,075033,1971,11,560,15
14802,075033,1974,11,560,15
14803,075033,1453,7,352,9
14804,075033,1971,11,560,15
14805,075033,1974,11,560,15
14806,075033,1453,7,352,9
14807,075033,1971,11,560,15
14808,075033,1974,11,560,15
14809,075033,1453,7,352,9
14810,075033,1971,11,560,15
14811,075033,1974,11,560,15
14812,075033,1453,7,352,9
14813,075033,1971,11,560,15
14814,075033,1974,11,560,15
14815,075033,1453,7,352,9
14816,075033,1971,11,560,15
14817,075033,1974,11,560,15
14818,075033,1453,7,352,9
14819,075033,1971,11,560,15
14820,075033,1974,11,560,15
14821,075033,1453,7,352,9
14822,075033,1971,11,560,15
14823,075033,1974,11,560,15
14824,075033,1453,7,352,9
14825,075033,1971,11,560,15
14826,075033,1974,11,560,15
14827,075033,1453,7,352,9
14828,075033,1971,11,560,15
14829,075033,1974,11,560,15
14830,075033,1453,7,352,9
14831,075033,1971,11,560,15
14832,075033,1974,11,560,15
14833,075033,1453,7,352,9
14834,075033,1971,11,560,15
14835,075033,1974,11,560,15
14836,075033,1453,7,352,9
14837,075033,1971,11,560,15
14838,075033,1974,11,560,15
14839,075033,1453,7,352,9
14840,075033,1971,11,560,15
14841,075033,1974,11,560,15
14842,075033,1453,7,352,9
14843,075033,1971,11,560,15
14844,075033,1974,11,560,15
14845,075033,1453,7,352,9
14846,075033,1971,11,560,15
14847,075033,1974,11,560,15
14848,075033,1226,9,448,11
14849,075033,1746,13,656,17
14850,075033,1226,9,448,11
14851,075033,1226,9,448,11
14852,075033,1746,13,656,17
14853,075033,1226,9,448,11
14854,075033,1226,9,448,11
14855,075033,1746,13,656,17
14856,075033,1226,9,448,11
14857,075033,1226,9,448,11
14858,075033,1746,13,656,17
14859,075033,1226,9,448,11
14860,075033,1226,9,448,11
14861,075033,1746,13,656,17
14862,075033,1226,9,448,11
14863,075033,1226,9,448,11
14864,075033,1746,13,656,17
14865,075033,1226,9,448,11
14866,075033,1226,9,448,11
14867,075033,1746,13,656,17
14868,075033,1226,9,448,11
14869,075033,1226,9,448,11
14870,075033,1746,13,656,17
14871,075033,1226,9,448,11
14872,075033,1226,9,448,11
14873,075033,1746,13,656,17
14874,075033,1226,9,448,11
14875,075033,1226,9,448,11
14876,075033,1746,13,656,17
14877,075033,1226,9,448,11
14878,075033,1226,9,448,11
14879,075033,1746,13,656,17
14880,075033,1226,9,448,11
14881,075033,1226,9,448,11
14882,075033,1746,13,656,17
14883,075033,1226,9,448,11
14884,075033,1226,9,448,11
14885,075033,1746,13,656,17
14886,075033,1226,9,448,11
14887,075033,1226,9,448,11
14888,075033,1746,13,656,17
14889,075033,1226,9,448,11
14890,075033,1226,9,448,11
14891,075033,1746,13,656,17
14892,075033,1226,9,448,11
14893,075033,1226,9,448,11
14894,075033,1746,13,656,17
14895,075033,1226,9,448,11
14896,075033,1226,9,448,11
14897,075033,1746,13,656,17
14898,075033,1226,9,448,11
14899,075033,1226,9,448,11
14900,075033,1746,13,656,17
14901,075033,1226,9,448,11
14902,075033,1226,9,448,11
14903,075033,1746,13,656,17
14904,075033,1226,9,448,11
14905,075033,1226,9,448,11
14906,075033,1746,13,656,17
14907,075033,1226,9,448,11
14908,075033,1226,9,448,11
14909,075033,1746,13,656,17
14910,075033,1226,9,448,11
14911,075033,1226,9,448,11
14912,075033,1746,13,656,17
14913,075033,1226,9,448,11
14914,075033,1226,9,448,11
14915,075033,1746,13,656,17
14916,075033,1226,9,448,11
14917,075033,1226,9,448,11
14918,075033,1746,13,656,17
14919,075033,1226,9,448,11
14920,075033,1226,9,448,11
14921,075033,1746,13,656,17
14922,075033,1226,9,448,11
14923,075033,1226,9,448,11
14924,075033,1746,13,656,17
14925,075033,1226,9,448,11
14926,075033,1226,9,448,11
14927,075033,1746,13,656,17
14928,075033,1226,9,448,11
14929,075033,1226,9,448,11
14930,075033,1746,13,656,17
14931,075033,1226,9,448,11
14932,075033,1226,9,448,11
14933,075033,1746,13,656,17
14934,075033,1226,9,448,11
14935,075033,1226,9,448,11
14936,075033,1746,13,656,17
14937,075033,1226,9,448,11
14938,075033,1226,9,448,11
14939,075033,1746,13,656,17
14940,075033,1226,9,448,11
14941,075033,1226,9,448,11
14942,075033,1746,13,656,17
14943,075033,1226,9,448,11
14944,075004,1112,7,352,9
14945,075004,1632,11,560,15
14946,075004,1634,11,560,15
14947,075004,1112,7,352,9
14948,075004,1632,11,560,15
14949,075004,1634,11,560,15
14950,075004,1112,7,352,9
14951,075004,1632,11,560,15
14952,075004,1634,11,560,15
14953,075004,1112,7,352,9
14954,075004,1632,11,560,15
14955,075004,1634,11,560,15
14956,075004,1112,7,352,9
14957,075004,1632,11,560,15
14958,075004,1634,11,560,15
14959,075004,1112,7,352,9
14960,075004,1632,11,560,15
14961,075004,1634,11,560,15
14962,075004,1112,7,352,9
14963,075004,1632,11,560,15
14964,075004,1634,11,560,15
14965,075004,1112,7,352,9
14966,075004,1632,11,560,15
14967,075004,1634,11,560,15
14968,075004,1112,7,352,9
14969,075004,1632,11,560,15
14970,075004,1634,11,560,15
14971,075004,1112,7,352,9
14972,075004,1632,11,560,15
14973,075004,1634,11,560,15
14974,075004,1112,7,352,9
14975,075004,1632,11,560,15
14976,075004,1634,11,560,15
14977,075004,1112,7,352,9
14978,075004,1632,11,560,15
14979,075004,1634,11,560,15
14980,075004,1112,7,352,9
14981,075004,1632,11,560,15
14982,075004,1634,11,560,15
14983,075004,1112,7,352,9
14984,075004,1632,11,560,15
14985,075004,1634,11,560,15
14986,075004,1112,7,352,9
14987,075004,1632,11,560,15
14988,075004,1634,11,560,15
14989,075004,1112,7,352,9
14990,075004,1632,11,560,15
14991,075004,1634,11,560,15
14992,075004,1137,7,352,9
14993,075004,1655,11,560,15
14994,075004,1658,11,560,15
14995,075004,1137,7,352,9
14996,075004,1655,11,560,15
14997,075004,1658,11,560,15
14998,075004,1137,7,352,9
14999,075004,1655,11,560,15
15000,075004,1658,11,560,15
15001,075004,1137,7,352,9
15002,075004,1655,11,560,15
15003,075004,1658,11,560,15
15004,075004,1137,7,352,9
15005,075004,1655,11,560,15
15006,075004,1658,11,560,15
15007,075004,1137,7,352,9
15008,075004,1655,11,560,15
15009,075004,1658,11,560,15
15010,075004,1137,7,352,9
15011,075004,1655,11,560,15
15012,075004,1658,11,560,15
15013,075004,1137,7,352,9
15014,075004,1655,11,560,15
15015,075004,1658,11,560,15
15016,075004,1137,7,352,9
15017,075004,1655,11,560,15
15018,075004,1658,11,560,15
15019,075004,1137,7,352,9
15020,075004,1655,11,560,15
15021,075004,1658,11,560,15
15022,075004,1137,7,352,9
15023,075004,1655,11,560,15
15024,075004,1658,11,560,15
15025,075004,1137,7,352,9
15026,075004,1655,11,560,15
15027,075004,1658,11,560,15
15028,075004,1137,7,352,9
15029,075004,1655,11,560,15
15030,075004,1658,11,560,15
15031,075004,1137,7,352,9
15032,075004,1655,11,560,15
15033,075004,1658,11,560,15
15034,075004,1137,7,352,9
15035,075004,1655,11,560,15
15036,075004,1658,11,560,15
15037,075004,1137,7,352,9
15038,075004,1655,11,560,15
15039,075004,1658,11,560,15
15040,075004,1112,7,352,9
15041,075004,1632,11,560,15
15042,075004,1634,11,560,15
15043,075004,1112,7,352,9
15044,075004,1632,11,560,15
15045,075004,1634,11,560,15
15046,075004,1112,7,352,9
15047,075004,1632,11,560,15
15048,075004,1634,11,560,15
15049,075004,1112,7,352,9
15050,075004,1632,11,560,15
15051,075004,1634,11,560,15
15052,075004,1112,7,352,9
15053,075004,1632,11,560,15
15054,075004,1634,11,560,15
15055,075004,1112,7,352,9
15056,075004,1632,11,560,15
15057,075004,1634,11,560,15
15058,075004,1112,7,352,9
15059,075004,1632,11,560,15
15060,075004,1634,11,560,15
15061,075004,1112,7,352,9
15062,075004,1632,11,560,15
15063,075004,1634,11,560,15
15064,075004,1112,7,352,9
15065,075004,1632,11,560,15
15066,075004,1634,11,560,15
15067,075004,1112,7,352,9
15068,075004,1632,11,560,15
15069,075004,1634,11,560,15
15070,075004,1112,7,352,9
15071,075004,1632,11,560,15
15072,075004,1634,11,560,15
15073,075004,1112,7,352,9
15074,075004,1632,11,560,15
15075,075004,1634,11,560,15
15076,075004,1112,7,352,9
15077,075004,1632,11,560,15
15078,075004,1634,11,560,15
15079,075004,1112,7,352,9
15080,075004,1632,11,560,15
15081,075004,1634,11,560,15
15082,075004,1112,7,352,9
15083,075004,1632,11,560,15
15084,075004,1634,11,560,15
15085,075004,1112,7,352,9
15086,075004,1632,11,560,15
15087,075004,1634,11,560,15
15088,075004,1097,7,352,9
15089,075004,1615,11,560,15
15090,075004,1618,11,560,15
15091,075004,1097,7,352,9
15092,075004,1615,11,560,15
15093,075004,1618,11,560,15
15094,075004,1097,7,352,9
15095,075004,1615,11,560,15
15096,075004,1618,11,560,15
15097,075004,1097,7,352,9
15098,075004,1615,11,560,15
15099,075004,1618,11,560,15
15100,075004,1097,7,352,9
15101,075004,1615,11,560,15
15102,075004,1618,11,560,15
15103,075004,1097,7,352,9
15104,075004,1615,11,560,15
15105,075004,1618,11,560,15
15106,075004,1097,7,352,9
15107,075004,1615,11,560,15
15108,075004,1618,11,560,15
15109,075004,1097,7,352,9
15110,075004,1615,11,560,15
15111,075004,1618,11,560,15
15112,075004,1097,7,352,9
15113,075004,1615,11,560,15
15114,075004,1618,11,560,15
15115,075004,1097,7,352,9
15116,075004,1615,11,560,15
15117,075004,1618,11,560,15
15118,075004,1097,7,352,9
15119,075004,1615,11,560,15
15120,075004,1618,11,560,15
15121,075004,1097,7,352,9
15122,075004,1615,11,560,15
15123,075004,1618,11,560,15
15124,075004,1097,7,352,9
15125,075004,1615,11,560,15
15126,075004,1618,11,560,15
15127,075004,1097,7,352,9
15128,075004,1615,11,560,15
15129,075004,1618,11,560,15
15130,075004,1097,7,352,9
15131,075004,1615,11,560,15
15132,075004,1618,11,560,15
15133,075004,1097,7,352,9
15134,075004,1615,11,560,15
15135,075004,1618,11,560,15
15136,075004,1298,9,448,11
15137,075004,1818,13,656,17
15138,075004,1298,9,448,11
15139,075004,1298,9,448,11
15140,075004,1818,13,656,17
15141,075004,1298,9,448,11
15142,075004,1298,9,448,11
15143,075004,1818,13,656,17
15144,075004,1298,9,448,11
15145,075004,1298,9,448,11
15146,075004,1818,13,656,17
15147,075004,1298,9,448,11
15148,075004,1298,9,448,11
15149,075004,1818,13,656,17
15150,075004,1298,9,448,11
15151,075004,1298,9,448,11
15152,075004,1818,13,656,17
15153,075004,1298,9,448,11
15154,075004,1298,9,448,11
15155,075004,1818,13,656,17
15156,075004,1298,9,448,11
15157,075004,1298,9,448,11
15158,075004,1818,13,656,17
15159,075004,1298,9,448,11
15160,075004,1298,9,448,11
15161,075004,1818,13,656,17
15162,075004,1298,9,448,11
15163,075004,1298,9,448,11
15164,075004,1818,13,656,17
15165,075004,1298,9,448,11
15166,075004,1298,9,448,11
15167,075004,1818,13,656,17
15168,075004,1298,9,448,11
15169,075004,1298,9,448,11
15170,075004,1818,13,656,17
15171,075004,1298,9,448,11
15172,075004,1298,9,448,11
15173,075004,1818,13,656,17
15174,075004,1298,9,448,11
15175,075004,1298,9,448,11
15176,075004,1818,13,656,17
15177,075004,1298,9,448,11
15178,075004,1298,9,448,11
15179,075004,1818,13,656,17
15180,075004,1298,9,448,11
15181,075004,1298,9,448,11
15182,075004,1818,13,656,17
15183,075004,1298,9,448,11
15184,075004,1105,7,352,9
15185,075004,1623,11,560,15
15186,075004,1626,11,560,15
15187,075004,1105,7,352,9
15188,075004,1623,11,560,15
15189,075004,1626,11,560,15
15190,075004,1105,7,352,9
15191,075004,1623,11,560,15
15192,075004,1626,11,560,15
15193,075004,1105,7,352,9
15194,075004,1623,11,560,15
15195,075004,1626,11,560,15
15196,075004,1105,7,352,9
15197,075004,1623,11,560,15
15198,075004,1626,11,560,15
15199,075004,1105,7,352,9
15200,075004,1623,11,560,15
15201,075004,1626,11,560,15
15202,075004,1105,7,352,9
15203,075004,1623,11,560,15
15204,075004,1626,11,560,15
15205,075004,1105,7,352,9
15206,075004,1623,11,560,15
15207,075004,1626,11,560,15
15208,075004,1105,7,352,9
15209,075004,1623,11,560,15
15210,075004,1626,11,560,15
15211,075004,1105,7,352,9
15212,075004,1623,11,560,15
15213,075004,1626,11,560,15
15214,075004,1105,7,352,9
15215,075004,1623,11,560,15
15216,075004,1626,11,560,15
15217,075004,1105,7,352,9
15218,075004,1623,11,560,15
15219,075004,1626,11,560,15
15220,075004,1105,7,352,9
15221,075004,1623,11,560,15
15222,075004,1626,11,560,15
15223,075004,1105,7,352,9
15224,075004,1623,11,560,15
15225,075004,1626,11,560,15
15226,075004,1105,7,352,9
15227,075004,1623,11,560,15
15228,075004,1626,11,560,15
15229,075004,1105,7,352,9
15230,075004,1623,11,560,15
15231,075004,1626,11,560,15
15232,075004,1017,7,352,9
15233,075004,1535,11,560,15
15234,075004,1538,11,560,15
15235,075004,1017,7,352,9
15236,075004,1535,11,560,15
15237,075004,1538,11,560,15
15238,075004,1017,7,352,9
15239,075004,1535,11,560,15
15240,075004,1538,11,560,15
15241,075004,1017,7,352,9
15242,075004,1535,11,560,15
15243,075004,1538,11,560,15
15244,075004,1017,7,352,9
15245,075004,1535,11,560,15
15246,075004,1538,11,560,15
15247,075004,1017,7,352,9
15248,075004,1535,11,560,15
15249,075004,1538,11,560,15
15250,075004,1017,7,352,9
15251,075004,1535,11,560,15
15252,075004,1538,11,560,15
15253,075004,1017,7,352,9
15254,075004,1535,11,560,15
15255,075004,1538,11,560,15
15256,075004,1017,7,352,9
15257,075004,1535,11,560,15
15258,075004,1538,11,560,15
15259,075004,1017,7,352,9
15260,075004,1535,11,560,15
15261,075004,1538,11,560,15
15262,075004,1017,7,352,9
15263,075004,1535,11,560,15
15264,075004,1538,11,560,15
15265,075004,1017,7,352,9
15266,075004,1535,11,560,15
15267,075004,1538,11,560,15
15268,075004,1017,7,352,9
15269,075004,1535,11,560,15
15270,075004,1538,11,560,15
15271,075004,1017,7,352,9
15272,075004,1535,11,560,15
15273,075004,1538,11,560,15
15274,075004,1017,7,352,9
15275,075004,1535,11,560,15
15276,075004,1538,11,560,15
15277,075004,1017,7,352,9
15278,075004,1535,11,560,15
15279,075004,1538,11,560,15
15280,075014,1021,7,352,9
15281,075014,1539,11,560,15
15282,075014,1542,11,560,15
15283,075014,1021,7,352,9
15284,075014,1539,11,560,15
15285,075014,1542,11,560,15
15286,075014,1021,7,352,9
15287,075014,1539,11,560,15
15288,075014,1542,11,560,15
15289,075014,1021,7,352,9
15290,075014,1539,11,560,15
15291,075014,1542,11,560,15
15292,075014,1021,7,352,9
15293,075014,1539,11,560,15
15294,075014,1542,11,560,15
15295,075014,1021,7,352,9
15296,075014,1539,11,560,15
15297,075014,1542,11,560,15
15298,075014,1021,7,352,9
15299,075014,1539,11,560,15
15300,075014,1542,11,560,15
15301,075014,1021,7,352,9
15302,075014,1539,11,560,15
15303,075014,1542,11,560,15
15304,075014,1021,7,352,9
15305,075014,1539,11,560,15
15306,075014,1542,11,560,15
15307,075014,1021,7,352,9
15308,075014,1539,11,560,15
15309,075014,1542,11,560,15
15310,075014,1021,7,352,9
15311,075014,1539,11,560,15
15312,075014,1542,11,560,15
15313,075014,1021,7,352,9
15314,075014,1539,11,560,15
15315,075014,1542,11,560,15
15316,075014,1021,7,352,9
15317,075014,1539,11,560,15
15318,075014,1542,11,560,15
15319,075014,1021,7,352,9
15320,075014,1539,11,560,15
15321,075014,1542,11,560,15
15322,075014,1021,7,352,9
15323,075014,1539,11,560,15
15324,075014,1542,11,560,15
15325,075014,1021,7,352,9
15326,075014,1539,11,560,15
15327,075014,1542,11,560,15
15328,075014,1129,7,352,9
15329,075014,1647,11,560,15
15330,075014,1650,11,560,15
15331,075014,1129,7,352,9
15332,075014,1647,11,560,15
15333,075014,1650,11,560,15
15334,075014,1129,7,352,9
15335,075014,1647,11,560,15
15336,075014,1650,11,560,15
15337,075014,1129,7,352,9
15338,075014,1647,11,560,15
15339,075014,1650,11,560,15
15340,075014,1129,7,352,9
15341,075014,1647,11,560,15
15342,075014,1650,11,560,15
15343,075014,1129,7,352,9
15344,075014,1647,11,560,15
15345,075014,1650,11,560,15
15346,075014,1129,7,352,9
15347,075014,1647,11,560,15
15348,075014,1650,11,560,15
15349,075014,1129,7,352,9
15350,075014,1647,11,560,15
15351,075014,1650,11,560,15
15352,075014,1129,7,352,9
15353,075014,1647,11,560,15
15354,075014,1650,11,560,15
15355,075014,1129,7,352,9
15356,075014,1647,11,560,15
15357,075014,1650,11,560,15
15358,075014,1129,7,352,9
15359,075014,1647,11,560,15
15360,075014,1650,11,560,15
15361,075014,1129,7,352,9
15362,075014,1647,11,560,15
15363,075014,1650,11,560,15
15364,075014,1129,7,352,9
15365,075014,1647,11,560,15
15366,075014,1650,11,560,15
15367,075014,1129,7,352,9
15368,075014,1647,11,560,15
15369,075014,1650,11,560,15
15370,075014,1129,7,352,9
15371,075014,1647,11,560,15
15372,075014,1650,11,560,15
15373,075014,1129,7,352,9
15374,075014,1647,11,560,15
15375,075014,1650,11,560,15
15376,075014,1197,7,352,9
15377,075014,1715,11,560,15
15378,075014,1718,11,560,15
15379,075014,1197,7,352,9
15380,075014,1715,11,560,15
15381,075014,1718,11,560,15
15382,075014,1197,7,352,9
15383,075014,1715,11,560,15
15384,075014,1718,11,560,15
15385,075014,1197,7,352,9
15386,075014,1715,11,560,15
15387,075014,1718,11,560,15
15388,075014,1197,7,352,9
15389,075014,1715,11,560,15
15390,075014,1718,11,560,15
15391,075014,1197,7,352,9
15392,075014,1715,11,560,15
15393,075014,1718,11,560,15
15394,075014,1197,7,352,9
15395,075014,1715,11,560,15
15396,075014,1718,11,560,15
15397,075014,1197,7,352,9
15398,075014,1715,11,560,15
15399,075014,1718,11,560,15
15400,075014,1197,7,352,9
15401,075014,1715,11,560,15
15402,075014,1718,11,560,15
15403,075014,1197,7,352,9
15404,075014,1715,11,560,15
15405,075014,1718,11,560,15
15406,075014,1197,7,352,9
15407,075014,1715,11,560,15
15408,075014,1718,11,560,15
15409,075014,1197,7,352,9
15410,075014,1715,11,560,15
15411,075014,1718,11,560,15
15412,075014,1197,7,352,9
15413,075014,1715,11,560,15
15414,075014,1718,11,560,15
15415,075014,1197,7,352,9
15416,075014,1715,11,560,15
15417,075014,1718,11,560,15
15418,075014,1197,7,352,9
15419,075014,1715,11,560,15
15420,075014,1718,11,560,15
15421,075014,1197,7,352,9
15422,075014,1715,11,560,15
15423,075014,1718,11,560,15
15424,075014,1105,7,352,9
15425,075014,1623,11,560,15
15426,075014,1626,11,560,15
15427,075014,1105,7,352,9
15428,075014,1623,11,560,15
15429,075014,1626,11,560,15
15430,075014,1105,7,352,9
15431,075014,1623,11,560,15
15432,075014,1626,11,560,15
15433,075014,1105,7,352,9
15434,075014,1623,11,560,15
15435,075014,1626,11,560,15
15436,075014,1105,7,352,9
15437,075014,1623,11,560,15
15438,075014,1626,11,560,15
15439,075014,1105,7,352,9
15440,075014,1623,11,560,15
15441,075014,1626,11,560,15
15442,075014,1105,7,352,9
15443,075014,1623,11,560,15
15444,075014,1626,11,560,15
15445,075014,1105,7,352,9
15446,075014,1623,11,560,15
15447,075014,1626,11,560,15
15448,075014,1105,7,352,9
15449,075014,1623,11,560,15
15450,075014,1626,11,560,15
15451,075014,1105,7,352,9
15452,075014,1623,11,560,15
15453,075014,1626,11,560,15
15454,075014,1105,7,352,9
15455,075014,1623,11,560,15
15456,075014,1626,11,560,15
15457,075014,1105,7,352,9
15458,075014,1623,11,560,15
15459,075014,1626,11,560,15
15460,075014,1105,7,352,9
15461,075014,1623,11,560,15
15462,075014,1626,11,560,15
15463,075014,1105,7,352,9
15464,075014,1623,11,560,15
15465,075014,1626,11,560,15
15466,075014,1105,7,352,9
15467,075014,1623,11,560,15
15468,075014,1626,11,560,15
15469,075014,1105,7,352,9
15470,075014,1623,11,560,15
15471,075014,1626,11,560,15
15472,075014,1021,7,352,9
15473,075014,1539,11,560,15
15474,075014,1542,11,560,15
15475,075014,1021,7,352,9
15476,075014,1539,11,560,15
15477,075014,1542,11,560,15
15478,075014,1021,7,352,9
15479,075014,1539,11,560,15
15480,075014,1542,11,560,15
15481,075014,1021,7,352,9
15482,075014,1539,11,560,15
15483,075014,1542,11,560,15
15484,075014,1021,7,352,9
15485,075014,1539,11,560,15
15486,075014,1542,11,560,15
15487,075014,1021,7,352,9
15488,075014,1539,11,560,15
15489,075014,1542,11,560,15
15490,075014,1021,7,352,9
15491,075014,1539,11,560,15
15492,075014,1542,11,560,15
15493,075014,1021,7,352,9
15494,075014,1539,11,560,15
15495,075014,1542,11,560,15
15496,075014,1021,7,352,9
15497,075014,1539,11,560,15
15498,075014,1542,11,560,15
15499,075014,1021,7,352,9
15500,075014,1539,11,560,15
15501,075014,1542,11,560,15
15502,075014,1021,7,352,9
15503,075014,1539,11,560,15
15504,075014,1542,11,560,15
15505,075014,1021,7,352,9
15506,075014,1539,11,560,15
15507,075014,1542,11,560,15
15508,075014,1021,7,352,9
15509,075014,1539,11,560,15
15510,075014,1542,11,560,15
15511,075014,1021,7,352,9
15512,075014,1539,11,560,15
15513,075014,1542,11,560,15
15514,075014,1021,7,352,9
15515,075014,1539,11,560,15
15516,075014,1542,11,560,15
15517,075014,1021,7,352,9
15518,075014,1539,11,560,15
15519,075014,1542,11,560,15
15520,075014,1109,7,352,9
15521,075014,1627,11,560,15
15522,075014,1630,11,560,15
15523,075014,1109,7,352,9
15524,075014,1627,11,560,15
15525,075014,1630,11,560,15
15526,075014,1109,7,352,9
15527,075014,1627,11,560,15
15528,075014,1630,11,560,15
15529,075014,1109,7,352,9
15530,075014,1627,11,560,15
15531,075014,1630,11,560,15
15532,075014,1109,7,352,9
15533,075014,1627,11,560,15
15534,075014,1630,11,560,15
15535,075014,1109,7,352,9
15536,075014,1627,11,560,15
15537,075014,1630,11,560,15
15538,075014,1109,7,352,9
15539,075014,1627,11,560,15
15540,075014,1630,11,560,15
15541,075014,1109,7,352,9
15542,075014,1627,11,560,15
15543,075014,1630,11,560,15
15544,075014,1109,7,352,9
15545,075014,1627,11,560,15
15546,075014,1630,11,560,15
15547,075014,1109,7,352,9
15548,075014,1627,11,560,15
15549,075014,1630,11,560,15
15550,075014,1109,7,352,9
15551,075014,1627,11,560,15
15552,075014,1630,11,560,15
15553,075014,1109,7,352,9
15554,075014,1627,11,560,15
15555,075014,1630,11,560,15
15556,075014,1109,7,352,9
15557,075014,1627,11,560,15
15558,075014,1630,11,560,15
15559,075014,1109,7,352,9
15560,075014,1627,11,560,15
15561,075014,1630,11,560,15
15562,075014,1109,7,352,9
15563,075014,1627,11,560,15
15564,075014,1630,11,560,15
15565,075014,1109,7,352,9
15566,075014,1627,11,560,15
15567,075014,1630,11,560,15
15568,075014,1021,7,352,9
15569,075014,1539,11,560,15
15570,075014,1542,11,560,15
15571,075014,1021,7,352,9
15572,075014,1539,11,560,15
15573,075014,1542,11,560,15
15574,075014,1021,7,352,9
15575,075014,1539,11,560,15
15576,075014,1542,11,560,15
15577,075014,1021,7,352,9
15578,075014,1539,11,560,15
15579,075014,1542,11,560,15
15580,075014,1021,7,352,9
15581,075014,1539,11,560,15
15582,075014,1542,11,560,15
15583,075014,1021,7,352,9
15584,075014,1539,11,560,15
15585,075014,1542,11,560,15
15586,075014,1021,7,352,9
15587,075014,1539,11,560,15
15588,075014,1542,11,560,15
15589,075014,1021,7,352,9
15590,075014,1539,11,560,15
15591,075014,1542,11,560,15
15592,075014,1021,7,352,9
15593,075014,1539,11,560,15
15594,075014,1542,11,560,15
15595,075014,1021,7,352,9
15596,075014,1539,11,560,15
15597,075014,1542,11,560,15
15598,075014,1021,7,352,9
15599,075014,1539,11,560,15
15600,075014,1542,11,560,15
15601,075014,1021,7,352,9
15602,075014,1539,11,560,15
15603,075014,1542,11,560,15
15604,075014,1021,7,352,9
15605,075014,1539,11,560,15
15606,075014,1542,11,560,15
15607,075014,1021,7,352,9
15608,075014,1539,11,560,15
15609,075014,1542,11,560,15
15610,075014,1021,7,352,9
15611,075014,1539,11,560,15
15612,075014,1542,11,560,15
15613,075014,1021,7,352,9
15614,075014,1539,11,560,15
15615,075014,1542,11,560,15
15616,075024,1313,7,352,9
15617,075024,1831,11,560,15
15618,075024,1834,11,560,15
15619,075024,1313,7,352,9
15620,075024,1831,11,560,15
15621,075024,1834,11,560,15
15622,075024,1313,7,352,9
15623,075024,1831,11,560,15
15624,075024,1834,11,560,15
15625,075024,1313,7,352,9
15626,075024,1831,11,560,15
15627,075024,1834,11,560,15
15628,075024,1313,7,352,9
15629,075024,1831,11,560,15
15630,075024,1834,11,560,15
15631,075024,1313,7,352,9
15632,075024,1831,11,560,15
15633,075024,1834,11,560,15
15634,075024,1313,7,352,9
15635,075024,1831,11,560,15
15636,075024,1834,11,560,15
15637,075024,1313,7,352,9
15638,075024,1831,11,560,15
15639,075024,1834,11,560,15
15640,075024,1313,7,352,9
15641,075024,1831,11,560,15
15642,075024,1834,11,560,15
15643,075024,1313,7,352,9
15644,075024,1831,11,560,15
15645,075024,1834,11,560,15
15646,075024,1313,7,352,9
15647,075024,1831,11,560,15
15648,075024,1834,11,560,15
15649,075024,1313,7,352,9
15650,075024,1831,11,560,15
15651,075024,1834,11,560,15
15652,075024,1313,7,352,9
15653,075024,1831,11,560,15
15654,075024,1834,11,560,15
15655,075024,1313,7,352,9
15656,075024,1831,11,560,15
15657,075024,1834,11,560,15
15658,075024,1313,7,352,9
15659,075024,1831,11,560,15
15660,075024,1834,11,560,15
15661,075024,1313,7,352,9
15662,075024,1831,11,560,15
15663,075024,1834,11,560,15
15664,075024,1316,7,352,9
15665,075024,1836,11,560,15
15666,075024,1838,11,560,15
15667,075024,1316,7,352,9
15668,075024,1836,11,560,15
15669,075024,1838,11,560,15
15670,075024,1316,7,352,9
15671,075024,1836,11,560,15
15672,075024,1838,11,560,15
15673,075024,1316,7,352,9
15674,075024,1836,11,560,15
15675,075024,1838,11,560,15
15676,075024,1316,7,352,9
15677,075024,1836,11,560,15
15678,075024,1838,11,560,15
15679,075024,1316,7,352,9
15680,075024,1836,11,560,15
15681,075024,1838,11,560,15
15682,075024,1316,7,352,9
15683,075024,1836,11,560,15
15684,075024,1838,11,560,15
15685,075024,1316,7,352,9
15686,075024,1836,11,560,15
15687,075024,1838,11,560,15
15688,075024,1316,7,352,9
15689,075024,1836,11,560,15
15690,075024,1838,11,560,15
15691,075024,1316,7,352,9
15692,075024,1836,11,560,15
15693,075024,1838,11,560,15
15694,075024,1316,7,352,9
15695,075024,1836,11,560,15
15696,075024,1838,11,560,15
15697,075024,1316,7,352,9
15698,075024,1836,11,560,15
15699,075024,1838,11,560,15
15700,075024,1316,7,352,9
15701,075024,1836,11,560,15
15702,075024,1838,11,560,15
15703,075024,1316,7,352,9
15704,075024,1836,11,560,15
15705,075024,1838,11,560,15
15706,075024,1316,7,352,9
15707,075024,1836,11,560,15
15708,075024,1838,11,560,15
15709,075024,1316,7,352,9
15710,075024,1836,11,560,15
15711,075024,1838,11,560,15
15712,075024,1502,9,448,11
15713,075024,2022,13,656,17
15714,075024,1502,9,448,11
15715,075024,1502,9,448,11
15716,075024,2022,13,656,17
15717,075024,1502,9,448,11
15718,075024,1502,9,448,11
15719,075024,2022,13,656,17
15720,075024,1502,9,448,11
15721,075024,1502,9,448,11
15722,075024,2022,13,656,17
15723,075024,1502,9,448,11
15724,075024,1502,9,448,11
15725,075024,2022,13,656,17
15726,075024,1502,9,448,11
15727,075024,1502,9,448,11
15728,075024,2022,13,656,17
15729,075024,1502,9,448,11
15730,075024,1502,9,448,11
15731,075024,2022,13,656,17
15732,075024,1502,9,448,11
15733,075024,1502,9,448,11
15734,075024,2022,13,656,17
15735,075024,1502,9,448,11
15736,075024,1502,9,448,11
15737,075024,2022,13,656,17
15738,075024,1502,9,448,11
15739,075024,1502,9,448,11
15740,075024,2022,13,656,17
15741,075024,1502,9,448,11
15742,075024,1502,9,448,11
15743,075024,2022,13,656,17
15744,075024,1502,9,448,11
15745,075024,1502,9,448,11
15746,075024,2022,13,656,17
15747,075024,1502,9,448,11
15748,075024,1502,9,448,11
15749,075024,2022,13,656,17
15750,075024,1502,9,448,11
15751,075024,1502,9,448,11
15752,075024,2022,13,656,17
15753,075024,1502,9,448,11
15754,075024,1502,9,448,11
15755,075024,2022,13,656,17
15756,075024,1502,9,448,11
15757,075024,1502,9,448,11
15758,075024,2022,13,656,17
15759,075024,1502,9,448,11
15760,075024,1313,7,352,9
15761,075024,1831,11,560,15
15762,075024,1834,11,560,15
15763,075024,1313,7,352,9
15764,075024,1831,11,560,15
15765,075024,1834,11,560,15
15766,075024,1313,7,352,9
15767,075024,1831,11,560,15
15768,075024,1834,11,560,15
15769,075024,1313,7,352,9
15770,075024,1831,11,560,15
15771,075024,1834,11,560,15
15772,075024,1313,7,352,9
15773,075024,1831,11,560,15
15774,075024,1834,11,560,15
15775,075024,1313,7,352,9
15776,075024,1831,11,560,15
15777,075024,1834,11,560,15
15778,075024,1313,7,352,9
15779,075024,1831,11,560,15
15780,075024,1834,11,560,15
15781,075024,1313,7,352,9
15782,075024,1831,11,560,15
15783,075024,1834,11,560,15
15784,075024,1313,7,352,9
15785,075024,1831,11,560,15
15786,075024,1834,11,560,15
15787,075024,1313,7,352,9
15788,075024,1831,11,560,15
15789,075024,1834,11,560,15
15790,075024,1313,7,352,9
15791,075024,1831,11,560,15
15792,075024,1834,11,560,15
15793,075024,1313,7,352,9
15794,075024,1831,11,560,15
15795,075024,1834,11,560,15
15796,075024,1313,7,352,9
15797,075024,1831,11,560,15
15798,075024,1834,11,560,15
15799,075024,1313,7,352,9
15800,075024,1831,11,560,15
15801,075024,1834,11,560,15
15802,075024,1313,7,352,9
15803,075024,1831,11,560,15
15804,075024,1834,11,560,15
15805,075024,1313,7,352,9
15806,075024,1831,11,560,15
15807,075024,1834,11,560,15
15808,075024,1539,9,448,11
15809,075024,2058,13,656,17
15810,075024,1538,9,448,11
15811,075024,1538,9,448,11
15812,075024,2058,13,656,17
15813,075024,1538,9,448,11
15814,075024,1538,9,448,11
15815,075024,2058,13,656,17
15816,075024,1538,9,448,11
15817,075024,1538,9,448,11
15818,075024,2058,13,656,17
15819,075024,1538,9,448,11
15820,075024,1538,9,448,11
15821,075024,2058,13,656,17
15822,075024,1538,9,448,11
15823,075024,1538,9,448,11
15824,075024,2058,13,656,17
15825,075024,1538,9,448,11
15826,075024,1538,9,448,11
15827,075024,2058,13,656,17
15828,075024,1538,9,448,11
15829,075024,1538,9,448,11
15830,075024,2058,13,656,17
15831,075024,1538,9,448,11
15832,075024,1538,9,448,11
15833,075024,2058,13,656,17
15834,075024,1538,9,448,11
15835,075024,1538,9,448,11
15836,075024,2058,13,656,17
15837,075024,1538,9,448,11
15838,075024,1538,9,448,11
15839,075024,2058,13,656,17
15840,075024,1538,9,448,11
15841,075024,1538,9,448,11
15842,075024,2058,13,656,17
15843,075024,1538,9,448,11
15844,075024,1538,9,448,11
15845,075024,2058,13,656,17
15846,075024,1538,9,448,11
15847,075024,1538,9,448,11
15848,075024,2058,13,656,17
15849,075024,1538,9,448,11
15850,075024,1538,9,448,11
15851,075024,2058,13,656,17
15852,075024,1538,9,448,11
15853,075024,1538,9,448,11
15854,075024,2058,13,656,17
15855,075024,1538,9,448,11
15856,075024,988,7,352,9
15857,075024,1507,11,560,15
15858,075024,1510,11,560,15
15859,075024,989,7,352,9
15860,075024,1507,11,560,15
15861,075024,1510,11,560,15
15862,075024,989,7,352,9
15863,075024,1507,11,560,15
15864,075024,1510,11,560,15
15865,075024,989,7,352,9
15866,075024,1507,11,560,15
15867,075024,1510,11,560,15
15868,075024,989,7,352,9
15869,075024,1507,11,560,15
15870,075024,1510,11,560,15
15871,075024,989,7,352,9
15872,075024,1507,11,560,15
15873,075024,1510,11,560,15
15874,075024,989,7,352,9
15875,075024,1507,11,560,15
15876,075024,1510,11,560,15
15877,075024,989,7,352,9
15878,075024,1507,11,560,15
15879,075024,1510,11,560,15
15880,075024,989,7,352,9
15881,075024,1507,11,560,15
15882,075024,1510,11,560,15
15883,075024,989,7,352,9
15884,075024,1507,11,560,15
15885,075024,1510,11,560,15
15886,075024,989,7,352,9
15887,075024,1507,11,560,15
15888,075024,1510,11,560,15
15889,075024,989,7,352,9
15890,075024,1507,11,560,15
15891,075024,1510,11,560,15
15892,075024,989,7,352,9
15893,075024,1507,11,560,15
15894,075024,1510,11,560,15
15895,075024,989,7,352,9
15896,075024,1507,11,560,15
15897,075024,1510,11,560,15
15898,075024,989,7,352,9
15899,075024,1507,11,560,15
15900,075024,1510,11,560,15
15901,075024,989,7,352,9
15902,075024,1507,11,560,15
15903,075024,1510,11,560,15
15904,075024,989,7,352,9
15905,075024,1507,11,560,15
15906,075024,1510,11,560,15
15907,075024,989,7,352,9
15908,075024,1507,11,560,15
15909,075024,1510,11,560,15
15910,075024,989,7,352,9
15911,075024,1507,11,560,15
15912,075024,1510,11,560,15
15913,075024,989,7,352,9
15914,075024,1507,11,560,15
15915,075024,1510,11,560,15
15916,075024,989,7,352,9
15917,075024,1507,11,560,15
15918,075024,1510,11,560,15
15919,075024,989,7,352,9
15920,075024,1507,11,560,15
15921,075024,1510,11,560,15
15922,075024,989,7,352,9
15923,075024,1507,11,560,15
15924,075024,1510,11,560,15
15925,075024,989,7,352,9
15926,075024,1507,11,560,15
15927,075024,1510,11,560,15
15928,075024,989,7,352,9
15929,075024,1507,11,560,15
15930,075024,1510,11,560,15
15931,075024,989,7,352,9
15932,075024,1507,11,560,15
15933,075024,1510,11,560,15
15934,075024,989,7,352,9
15935,075024,1507,11,560,15
15936,075024,1510,11,560,15
15937,075024,989,7,352,9
15938,075024,1507,11,560,15
15939,075024,1510,11,560,15
15940,075024,989,7,352,9
15941,075024,1507,11,560,15
15942,075024,1510,11,560,15
15943,075024,989,7,352,9
15944,075024,1507,11,560,15
15945,075024,1510,11,560,15
15946,075024,989,7,352,9
15947,075024,1507,11,560,15
15948,075024,1510,11,560,15
15949,075024,989,7,352,9
15950,075024,1507,11,560,15
15951,075024,1510,11,560,15
15952,075034,1453,7,352,9
15953,075034,1971,11,560,15
15954,075034,1974,11,560,15
15955,075034,1453,7,352,9
15956,075034,1971,11,560,15
15957,075034,1974,11,560,15
15958,075034,1453,7,352,9
15959,075034,1971,11,560,15
15960,075034,1974,11,560,15
15961,075034,1453,7,352,9
15962,075034,1971,11,560,15
15963,075034,1974,11,560,15
15964,075034,1453,7,352,9
15965,075034,1971,11,560,15
15966,075034,1974,11,560,15
15967,075034,1453,7,352,9
15968,075034,1971,11,560,15
15969,075034,1974,11,560,15
15970,075034,1453,7,352,9
15971,075034,1971,11,560,15
15972,075034,1974,11,560,15
15973,075034,1453,7,352,9
15974,075034,1971,11,560,15
15975,075034,1974,11,560,15
15976,075034,1453,7,352,9
15977,075034,1971,11,560,15
15978,075034,1974,11,560,15
15979,075034,1453,7,352,9
15980,075034,1971,11,560,15
15981,075034,1974,11,560,15
15982,075034,1453,7,352,9
15983,075034,1971,11,560,15
15984,075034,1974,11,560,15
15985,075034,1453,7,352,9
15986,075034,1971,11,560,15
15987,075034,1974,11,560,15
15988,075034,1453,7,352,9
15989,075034,1971,11,560,15
15990,075034,1974,11,560,15
15991,075034,1453,7,352,9
15992,075034,1971,11,560,15
15993,075034,1974,11,560,15
15994,075034,1453,7,352,9
15995,075034,1971,11,560,15
15996,075034,1974,11,560,15
15997,075034,1453,7,352,9
15998,075034,1971,11,560,15
15999,075034,1974,11,560,15
16000,075034,1461,7,352,9
16001,075034,1979,11,560,15
16002,075034,1982,11,560,15
16003,075034,1461,7,352,9
16004,075034,1979,11,560,15
16005,075034,1982,11,560,15
16006,075034,1461,7,352,9
16007,075034,1979,11,560,15
16008,075034,1982,11,560,15
16009,075034,1461,7,352,9
16010,075034,1979,11,560,15
16011,075034,1982,11,560,15
16012,075034,1461,7,352,9
16013,075034,1979,11,560,15
16014,075034,1982,11,560,15
16015,075034,1461,7,352,9
16016,075034,1979,11,560,15
16017,075034,1982,11,560,15
16018,075034,1461,7,352,9
16019,075034,1979,11,560,15
16020,075034,1982,11,560,15
16021,075034,1461,7,352,9
16022,075034,1979,11,560,15
16023,075034,1982,11,560,15
16024,075034,1461,7,352,9
16025,075034,1979,11,560,15
16026,075034,1982,11,560,15
16027,075034,1461,7,352,9
16028,075034,1979,11,560,15
16029,075034,1982,11,560,15
16030,075034,1461,7,352,9
16031,075034,1979,11,560,15
16032,075034,1982,11,560,15
16033,075034,1461,7,352,9
16034,075034,1979,11,560,15
16035,075034,1982,11,560,15
16036,075034,1461,7,352,9
16037,075034,1979,11,560,15
16038,075034,1982,11,560,15
16039,075034,1461,7,352,9
16040,075034,1979,11,560,15
16041,075034,1982,11,560,15
16042,075034,1461,7,352,9
16043,075034,1979,11,560,15
16044,075034,1982,11,560,15
16045,075034,1461,7,352,9
16046,075034,1979,11,560,15
16047,075034,1982,11,560,15
16048,075034,1453,7,352,9
16049,075034,1971,11,560,15
16050,075034,1974,11,560,15
16051,075034,1453,7,352,9
16052,075034,1971,11,560,15
16053,075034,1974,11,560,15
16054,075034,1453,7,352,9
16055,075034,1971,11,560,15
16056,075034,1974,11,560,15
16057,075034,1453,7,352,9
16058,075034,1971,11,560,15
16059,075034,1974,11,560,15
16060,075034,1453,7,352,9
16061,075034,1971,11,560,15
16062,075034,1974,11,560,15
16063,075034,1453,7,352,9
16064,075034,1971,11,560,15
16065,075034,1974,11,560,15
16066,075034,1453,7,352,9
16067,075034,1971,11,560,15
16068,075034,1974,11,560,15
16069,075034,1453,7,352,9
16070,075034,1971,11,560,15
16071,075034,1974,11,560,15
16072,075034,1453,7,352,9
16073,075034,1971,11,560,15
16074,075034,1974,11,560,15
16075,075034,1453,7,352,9
16076,075034,1971,11,560,15
16077,075034,1974,11,560,15
16078,075034,1453,7,352,9
16079,075034,1971,11,560,15
16080,075034,1974,11,560,15
16081,075034,1453,7,352,9
16082,075034,1971,11,560,15
16083,075034,1974,11,560,15
16084,075034,1453,7,352,9
16085,075034,1971,11,560,15
16086,075034,1974,11,560,15
16087,075034,1453,7,352,9
16088,075034,1971,11,560,15
16089,075034,1974,11,560,15
16090,075034,1453,7,352,9
16091,075034,1971,11,560,15
16092,075034,1974,11,560,15
16093,075034,1453,7,352,9
16094,075034,1971,11,560,15
16095,075034,1974,11,560,15
16096,075034,1453,7,352,9
16097,075034,1971,11,560,15
16098,075034,1974,11,560,15
16099,075034,1453,7,352,9
16100,075034,1971,11,560,15
16101,075034,1974,11,560,15
16102,075034,1453,7,352,9
16103,075034,1971,11,560,15
16104,075034,1974,11,560,15
16105,075034,1453,7,352,9
16106,075034,1971,11,560,15
16107,075034,1974,11,560,15
16108,075034,1453,7,352,9
16109,075034,1971,11,560,15
16110,075034,1974,11,560,15
16111,075034,1453,7,352,9
16112,075034,1971,11,560,15
16113,075034,1974,11,560,15
16114,075034,1453,7,352,9
16115,075034,1971,11,560,15
16116,075034,1974,11,560,15
16117,075034,1453,7,352,9
16118,075034,1971,11,560,15
16119,075034,1974,11,560,15
16120,075034,1453,7,352,9
16121,075034,1971,11,560,15
16122,075034,1974,11,560,15
16123,075034,1453,7,352,9
16124,075034,1971,11,560,15
16125,075034,1974,11,560,15
16126,075034,1453,7,352,9
16127,075034,1971,11,560,15
16128,075034,1974,11,560,15
16129,075034,1453,7,352,9
16130,075034,1971,11,560,15
16131,075034,1974,11,560,15
16132,075034,1453,7,352,9
16133,075034,1971,11,560,15
16134,075034,1974,11,560,15
16135,075034,1453,7,352,9
16136,075034,1971,11,560,15
16137,075034,1974,11,560,15
16138,075034,1453,7,352,9
16139,075034,1971,11,560,15
16140,075034,1974,11,560,15
16141,075034,1453,7,352,9
16142,075034,1971,11,560,15
16143,075034,1974,11,560,15
16144,075034,1453,7,352,9
16145,075034,1971,11,560,15
16146,075034,1974,11,560,15
16147,075034,1453,7,352,9
16148,075034,1971,11,560,15
16149,075034,1974,11,560,15
16150,075034,1453,7,352,9
16151,075034,1971,11,560,15
16152,075034,1974,11,560,15
16153,075034,1453,7,352,9
16154,075034,1971,11,560,15
16155,075034,1974,11,560,15
16156,075034,1453,7,352,9
16157,075034,1971,11,560,15
16158,075034,1974,11,560,15
16159,075034,1453,7,352,9
16160,075034,1971,11,560,15
16161,075034,1974,11,560,15
16162,075034,1453,7,352,9
16163,075034,1971,11,560,15
16164,075034,1974,11,560,15
16165,075034,1453,7,352,9
16166,075034,1971,11,560,15
16167,075034,1974,11,560,15
16168,075034,1453,7,352,9
16169,075034,1971,11,560,15
16170,075034,1974,11,560,15
16171,075034,1453,7,352,9
16172,075034,1971,11,560,15
16173,075034,1974,11,560,15
16174,075034,1453,7,352,9
16175,075034,1971,11,560,15
16176,075034,1974,11,560,15
16177,075034,1453,7,352,9
16178,075034,1971,11,560,15
16179,075034,1974,11,560,15
16180,075034,1453,7,352,9
16181,075034,1971,11,560,15
16182,075034,1974,11,560,15
16183,075034,1453,7,352,9
16184,075034,1971,11,560,15
16185,075034,1974,11,560,15
16186,075034,1453,7,352,9
16187,075034,1971,11,560,15
16188,075034,1974,11,560,15
16189,075034,1453,7,352,9
16190,075034,1971,11,560,15
16191,075034,1974,11,560,15
16192,075034,1226,9,448,11
16193,075034,1746,13,656,17
16194,075034,1226,9,448,11
16195,075034,1226,9,448,11
16196,075034,1746,13,656,17
16197,075034,1226,9,448,11
16198,075034,1226,9,448,11
16199,075034,1746,13,656,17
16200,075034,1226,9,448,11
16201,075034,1226,9,448,11
16202,075034,1746,13,656,17
16203,075034,1226,9,448,11
16204,075034,1226,9,448,11
16205,075034,1746,13,656,17
16206,075034,1226,9,448,11
16207,075034,1226,9,448,11
16208,075034,1746,13,656,17
16209,075034,1226,9,448,11
16210,075034,1226,9,448,11
16211,075034,1746,13,656,17
16212,075034,1226,9,448,11
16213,075034,1226,9,448,11
16214,075034,1746,13,656,17
16215,075034,1226,9,448,11
16216,075034,1226,9,448,11
16217,075034,1746,13,656,17
16218,075034,1226,9,448,11
16219,075034,1226,9,448,11
16220,075034,1746,13,656,17
16221,075034,1226,9,448,11
16222,075034,1226,9,448,11
16223,075034,1746,13,656,17
16224,075034,1226,9,448,11
16225,075034,1226,9,448,11
16226,075034,1746,13,656,17
16227,075034,1226,9,448,11
16228,075034,1226,9,448,11
16229,075034,1746,13,656,17
16230,075034,1226,9,448,11
16231,075034,1226,9,448,11
16232,075034,1746,13,656,17
16233,075034,1226,9,448,11
16234,075034,1226,9,448,11
16235,075034,1746,13,656,17
16236,075034,1226,9,448,11
16237,075034,1226,9,448,11
16238,075034,1746,13,656,17
16239,075034,1226,9,448,11
16240,075034,1226,9,448,11
16241,075034,1746,13,656,17
16242,075034,1226,9,448,11
16243,075034,1226,9,448,11
16244,075034,1746,13,656,17
16245,075034,1226,9,448,11
16246,075034,1226,9,448,11
16247,075034,1746,13,656,17
16248,075034,1226,9,448,11
16249,075034,1226,9,448,11
16250,075034,1746,13,656,17
16251,075034,1226,9,448,11
16252,075034,1226,9,448,11
16253,075034,1746,13,656,17
16254,075034,1226,9,448,11
16255,075034,1226,9,448,11
16256,075034,1746,13,656,17
16257,075034,1226,9,448,11
16258,075034,1226,9,448,11
16259,075034,1746,13,656,17
16260,075034,1226,9,448,11
16261,075034,1226,9,448,11
16262,075034,1746,13,656,17
16263,075034,1226,9,448,11
16264,075034,1226,9,448,11
16265,075034,1746,13,656,17
16266,075034,1226,9,448,11
16267,075034,1226,9,448,11
16268,075034,1746,13,656,17
16269,075034,1226,9,448,11
16270,075034,1226,9,448,11
16271,075034,1746,13,656,17
16272,075034,1226,9,448,11
16273,075034,1226,9,448,11
16274,075034,1746,13,656,17
16275,075034,1226,9,448,11
16276,075034,1226,9,448,11
16277,075034,1746,13,656,17
16278,075034,1226,9,448,11
16279,075034,1226,9,448,11
16280,075034,1746,13,656,17
16281,075034,1226,9,448,11
16282,075034,1226,9,448,11
16283,075034,1746,13,656,17
16284,075034,1226,9,448,11
16285,075034,1226,9,448,11
16286,075034,1746,13,656,17
16287,075034,1226,9,448,11
16288,075005,1112,7,352,9
16289,075005,1632,11,560,15
16290,075005,1634,11,560,15
16291,075005,1112,7,352,9
16292,075005,1632,11,560,15
16293,075005,1634,11,560,15
16294,075005,1112,7,352,9
16295,075005,1632,11,560,15
16296,075005,1634,11,560,15
16297,075005,1112,7,352,9
16298,075005,1632,11,560,15
16299,075005,1634,11,560,15
16300,075005,1112,7,352,9
16301,075005,1632,11,560,15
16302,075005,1634,11,560,15
16303,075005,1112,7,352,9
16304,075005,1632,11,560,15
16305,075005,1634,11,560,15
16306,075005,1112,7,352,9
16307,075005,1632,11,560,15
16308,075005,1634,11,560,15
16309,075005,1112,7,352,9
16310,075005,1632,11,560,15
16311,075005,1634,11,560,15
16312,075005,1112,7,352,9
16313,075005,1632,11,560,15
16314,075005,1634,11,560,15
16315,075005,1112,7,352,9
16316,075005,1632,11,560,15
16317,075005,1634,11,560,15
16318,075005,1112,7,352,9
16319,075005,1632,11,560,15
16320,075005,1634,11,560,15
16321,075005,1112,7,352,9
16322,075005,1632,11,560,15
16323,075005,1634,11,560,15
16324,075005,1112,7,352,9
16325,075005,1632,11,560,15
16326,075005,1634,11,560,15
16327,075005,1112,7,352,9
16328,075005,1632,11,560,15
16329,075005,1634,11,560,15
16330,075005,1112,7,352,9
16331,075005,1632,11,560,15
16332,075005,1634,11,560,15
16333,075005,1112,7,352,9
16334,075005,1632,11,560,15
16335,075005,1634,11,560,15
16336,075005,1137,7,352,9
16337,075005,1655,11,560,15
16338,075005,1658,11,560,15
16339,075005,1137,7,352,9
16340,075005,1655,11,560,15
16341,075005,1658,11,560,15
16342,075005,1137,7,352,9
16343,075005,1655,11,560,15
16344,075005,1658,11,560,15
16345,075005,1137,7,352,9
16346,075005,1655,11,560,15
16347,075005,1658,11,560,15
16348,075005,1137,7,352,9
16349,075005,1655,11,560,15
16350,075005,1658,11,560,15
16351,075005,1137,7,352,9
16352,075005,1655,11,560,15
16353,075005,1658,11,560,15
16354,075005,1137,7,352,9
16355,075005,1655,11,560,15
16356,075005,1658,11,560,15
16357,075005,1137,7,352,9
16358,075005,1655,11,560,15
16359,075005,1658,11,560,15
16360,075005,1137,7,352,9
16361,075005,1655,11,560,15
16362,075005,1658,11,560,15
16363,075005,1137,7,352,9
16364,075005,1655,11,560,15
16365,075005,1658,11,560,15
16366,075005,1137,7,352,9
16367,075005,1655,11,560,15
16368,075005,1658,11,560,15
16369,075005,1137,7,352,9
16370,075005,1655,11,560,15
16371,075005,1658,11,560,15
16372,075005,1137,7,352,9
16373,075005,1655,11,560,15
16374,075005,1658,11,560,15
16375,075005,1137,7,352,9
16376,075005,1655,11,560,15
16377,075005,1658,11,560,15
16378,075005,1137,7,352,9
16379,075005,1655,11,560,15
16380,075005,1658,11,560,15
16381,075005,1137,7,352,9
16382,075005,1655,11,560,15
16383,075005,1658,11,560,15
16384,075005,1112,7,352,9
16385,075005,1632,11,560,15
16386,075005,1634,11,560,15
16387,075005,1112,7,352,9
16388,075005,1632,11,560,15
16389,075005,1634,11,560,15
16390,075005,1112,7,352,9
16391,075005,1632,11,560,15
16392,075005,1634,11,560,15
16393,075005,1112,7,352,9
16394,075005,1632,11,560,15
16395,075005,1634,11,560,15
16396,075005,1112,7,352,9
16397,075005,1632,11,560,15
16398,075005,1634,11,560,15
16399,075005,1112,7,352,9
16400,075005,1632,11,560,15
16401,075005,1634,11,560,15
16402,075005,1112,7,352,9
16403,075005,1632,11,560,15
16404,075005,1634,11,560,15
16405,075005,1112,7,352,9
16406,075005,1632,11,560,15
16407,075005,1634,11,560,15
16408,075005,1112,7,352,9
16409,075005,1632,11,560,15
16410,075005,1634,11,560,15
16411,075005,1112,7,352,9
16412,075005,1632,11,560,15
16413,075005,1634,11,560,15
16414,075005,1112,7,352,9
16415,075005,1632,11,560,15
16416,075005,1634,11,560,15
16417,075005,1112,7,352,9
16418,075005,1632,11,560,15
16419,075005,1634,11,560,15
16420,075005,1112,7,352,9
16421,075005,1632,11,560,15
16422,075005,1634,11,560,15
16423,075005,1112,7,352,9
16424,075005,1632,11,560,15
16425,075005,1634,11,560,15
16426,075005,1112,7,352,9
16427,075005,1632,11,560,15
16428,075005,1634,11,560,15
16429,075005,1112,7,352,9
16430,075005,1632,11,560,15
16431,075005,1634,11,560,15
16432,075005,1097,7,352,9
16433,075005,1615,11,560,15
16434,075005,1618,11,560,15
16435,075005,1097,7,352,9
16436,075005,1615,11,560,15
16437,075005,1618,11,560,15
16438,075005,1097,7,352,9
16439,075005,1615,11,560,15
16440,075005,1618,11,560,15
16441,075005,1097,7,352,9
16442,075005,1615,11,560,15
16443,075005,1618,11,560,15
16444,075005,1097,7,352,9
16445,075005,1615,11,560,15
16446,075005,1618,11,560,15
16447,075005,1097,7,352,9
16448,075005,1615,11,560,15
16449,075005,1618,11,560,15
16450,075005,1097,7,352,9
16451,075005,1615,11,560,15
16452,075005,1618,11,560,15
16453,075005,1097,7,352,9
16454,075005,1615,11,560,15
16455,075005,1618,11,560,15
16456,075005,1097,7,352,9
16457,075005,1615,11,560,15
16458,075005,1618,11,560,15
16459,075005,1097,7,352,9
16460,075005,1615,11,560,15
16461,075005,1618,11,560,15
16462,075005,1097,7,352,9
16463,075005,1615,11,560,15
16464,075005,1618,11,560,15
16465,075005,1097,7,352,9
16466,075005,1615,11,560,15
16467,075005,1618,11,560,15
16468,075005,1097,7,352,9
16469,075005,1615,11,560,15
16470,075005,1618,11,560,15
16471,075005,1097,7,352,9
16472,075005,1615,11,560,15
16473,075005,1618,11,560,15
16474,075005,1097,7,352,9
16475,075005,1615,11,560,15
16476,075005,1618,11,560,15
16477,075005,1097,7,352,9
16478,075005,1615,11,560,15
16479,075005,1618,11,560,15
16480,075005,1298,9,448,11
16481,075005,1818,13,656,17
16482,075005,1298,9,448,11
16483,075005,1298,9,448,11
16484,075005,1818,13,656,17
16485,075005,1298,9,448,11
16486,075005,1298,9,448,11
16487,075005,1818,13,656,17
16488,075005,1298,9,448,11
16489,075005,1298,9,448,11
16490,075005,1818,13,656,17
16491,075005,1298,9,448,11
16492,075005,1298,9,448,11
16493,075005,1818,13,656,17
16494,075005,1298,9,448,11
16495,075005,1298,9,448,11
16496,075005,1818,13,656,17
16497,075005,1298,9,448,11
16498,075005,1298,9,448,11
16499,075005,1818,13,656,17
16500,075005,1298,9,448,11
16501,075005,1298,9,448,11
16502,075005,1818,13,656,17
16503,075005,1298,9,448,11
16504,075005,1298,9,448,11
16505,075005,1818,13,656,17
16506,075005,1298,9,448,11
16507,075005,1298,9,448,11
16508,075005,1818,13,656,17
16509,075005,1298,9,448,11
16510,075005,1298,9,448,11
16511,075005,1818,13,656,17
16512,075005,1298,9,448,11
16513,075005,1298,9,448,11
16514,075005,1818,13,656,17
16515,075005,1298,9,448,11
16516,075005,1298,9,448,11
16517,075005,1818,13,656,17
16518,075005,1298,9,448,11
16519,075005,1298,9,448,11
16520,075005,1818,13,656,17
16521,075005,1298,9,448,11
16522,075005,1298,9,448,11
16523,075005,1818,13,656,17
16524,075005,1298,9,448,11
16525,075005,1298,9,448,11
16526,075005,1818,13,656,17
16527,075005,1298,9,448,11
16528,075005,1105,7,352,9
16529,075005,1623,11,560,15
16530,075005,1626,11,560,15
16531,075005,1105,7,352,9
16532,075005,1623,11,560,15
16533,075005,1626,11,560,15
16534,075005,1105,7,352,9
16535,075005,1623,11,560,15
16536,075005,1626,11,560,15
16537,075005,1105,7,352,9
16538,075005,1623,11,560,15
16539,075005,1626,11,560,15
16540,075005,1105,7,352,9
16541,075005,1623,11,560,15
16542,075005,1626,11,560,15
16543,075005,1105,7,352,9
16544,075005,1623,11,560,15
16545,075005,1626,11,560,15
16546,075005,1105,7,352,9
16547,075005,1623,11,560,15
16548,075005,1626,11,560,15
16549,075005,1105,7,352,9
16550,075005,1623,11,560,15
16551,075005,1626,11,560,15
16552,075005,1105,7,352,9
16553,075005,1623,11,560,15
16554,075005,1626,11,560,15
16555,075005,1105,7,352,9
16556,075005,1623,11,560,15
16557,075005,1626,11,560,15
16558,075005,1105,7,352,9
16559,075005,1623,11,560,15
16560,075005,1626,11,560,15
16561,075005,1105,7,352,9
16562,075005,1623,11,560,15
16563,075005,1626,11,560,15
16564,075005,1105,7,352,9
16565,075005,1623,11,560,15
16566,075005,1626,11,560,15
16567,075005,1105,7,352,9
16568,075005,1623,11,560,15
16569,075005,1626,11,560,15
16570,075005,1105,7,352,9
16571,075005,1623,11,560,15
16572,075005,1626,11,560,15
16573,075005,1105,7,352,9
16574,075005,1623,11,560,15
16575,075005,1626,11,560,15
16576,075005,1017,7,352,9
16577,075005,1535,11,560,15
16578,075005,1538,11,560,15
16579,075005,1017,7,352,9
16580,075005,1535,11,560,15
16581,075005,1538,11,560,15
16582,075005,1017,7,352,9
16583,075005,1535,11,560,15
16584,075005,1538,11,560,15
16585,075005,1017,7,352,9
16586,075005,1535,11,560,15
16587,075005,1538,11,560,15
16588,075005,1017,7,352,9
16589,075005,1535,11,560,15
16590,075005,1538,11,560,15
16591,075005,1017,7,352,9
16592,075005,1535,11,560,15
16593,075005,1538,11,560,15
16594,075005,1017,7,352,9
16595,075005,1535,11,560,15
16596,075005,1538,11,560,15
16597,075005,1017,7,352,9
16598,075005,1535,11,560,15
16599,075005,1538,11,560,15
16600,075005,1017,7,352,9
16601,075005,1535,11,560,15
16602,075005,1538,11,560,15
16603,075005,1017,7,352,9
16604,075005,1535,11,560,15
16605,075005,1538,11,560,15
16606,075005,1017,7,352,9
16607,075005,1535,11,560,15
16608,075005,1538,11,560,15
16609,075005,1017,7,352,9
16610,075005,1535,11,560,15
16611,075005,1538,11,560,15
16612,075005,1017,7,352,9
16613,075005,1535,11,560,15
16614,075005,1538,11,560,15
16615,075005,1017,7,352,9
16616,075005,1535,11,560,15
16617,075005,1538,11,560,15
16618,075005,1017,7,352,9
16619,075005,1535,11,560,15
16620,075005,1538,11,560,15
16621,075005,1017,7,352,9
16622,075005,1535,11,560,15
16623,075005,1538,11,560,15
16624,075015,1021,7,352,9
16625,075015,1539,11,560,15
16626,075015,1542,11,560,15
16627,075015,1021,7,352,9
16628,075015,1539,11,560,15
16629,075015,1542,11,560,15
16630,075015,1021,7,352,9
16631,075015,1539,11,560,15
16632,075015,1542,11,560,15
16633,075015,1021,7,352,9
16634,075015,1539,11,560,15
16635,075015,1542,11,560,15
16636,075015,1021,7,352,9
16637,075015,1539,11,560,15
16638,075015,1542,11,560,15
16639,075015,1021,7,352,9
16640,075015,1539,11,560,15
16641,075015,1542,11,560,15
16642,075015,1021,7,352,9
16643,075015,1539,11,560,15
16644,075015,1542,11,560,15
16645,075015,1021,7,352,9
16646,075015,1539,11,560,15
16647,075015,1542,11,560,15
16648,075015,1021,7,352,9
16649,075015,1539,11,560,15
16650,075015,1542,11,560,15
16651,075015,1021,7,352,9
16652,075015,1539,11,560,15
16653,075015,1542,11,560,15
16654,075015,1021,7,352,9
16655,075015,1539,11,560,15
16656,075015,1542,11,560,15
16657,075015,1021,7,352,9
16658,075015,1539,11,560,15
16659,075015,1542,11,560,15
16660,075015,1021,7,352,9
16661,075015,1539,11,560,15
16662,075015,1542,11,560,15
16663,075015,1021,7,352,9
16664,075015,1539,11,560,15
16665,075015,1542,11,560,15
16666,075015,1021,7,352,9
16667,075015,1539,11,560,15
16668,075015,1542,11,560,15
16669,075015,1021,7,352,9
16670,075015,1539,11,560,15
16671,075015,1542,11,560,15
16672,075015,1129,7,352,9
16673,075015,1647,11,560,15
16674,075015,1650,11,560,15
16675,075015,1129,7,352,9
16676,075015,1647,11,560,15
16677,075015,1650,11,560,15
16678,075015,1129,7,352,9
16679,075015,1647,11,560,15
16680,075015,1650,11,560,15
16681,075015,1129,7,352,9
16682,075015,1647,11,560,15
16683,075015,1650,11,560,15
16684,075015,1129,7,352,9
16685,075015,1647,11,560,15
16686,075015,1650,11,560,15
16687,075015,1129,7,352,9
16688,075015,1647,11,560,15
16689,075015,1650,11,560,15
16690,075015,1129,7,352,9
16691,075015,1647,11,560,15
16692,075015,1650,11,560,15
16693,075015,1129,7,352,9
16694,075015,1647,11,560,15
16695,075015,1650,11,560,15
16696,075015,1129,7,352,9
16697,075015,1647,11,560,15
16698,075015,1650,11,560,15
16699,075015,1129,7,352,9
16700,075015,1647,11,560,15
16701,075015,1650,11,560,15
16702,075015,1129,7,352,9
16703,075015,1647,11,560,15
16704,075015,1650,11,560,15
16705,075015,1129,7,352,9
16706,075015,1647,11,560,15
16707,075015,1650,11,560,15
16708,075015,1129,7,352,9
16709,075015,1647,11,560,15
16710,075015,1650,11,560,15
16711,075015,1129,7,352,9
16712,075015,1647,11,560,15
16713,075015,1650,11,560,15
16714,075015,1129,7,352,9
16715,075015,1647,11,560,15
16716,075015,1650,11,560,15
16717,075015,1129,7,352,9
16718,075015,1647,11,560,15
16719,075015,1650,11,560,15
16720,075015,1197,7,352,9
16721,075015,1715,11,560,15
16722,075015,1718,11,560,15
16723,075015,1197,7,352,9
16724,075015,1715,11,560,15
16725,075015,1718,11,560,15
16726,075015,1197,7,352,9
16727,075015,1715,11,560,15
16728,075015,1718,11,560,15
16729,075015,1197,7,352,9
16730,075015,1715,11,560,15
16731,075015,1718,11,560,15
16732,075015,1197,7,352,9
16733,075015,1715,11,560,15
16734,075015,1718,11,560,15
16735,075015,1197,7,352,9
16736,075015,1715,11,560,15
16737,075015,1718,11,560,15
16738,075015,1197,7,352,9
16739,075015,1715,11,560,15
16740,075015,1718,11,560,15
16741,075015,1197,7,352,9
16742,075015,1715,11,560,15
16743,075015,1718,11,560,15
16744,075015,1197,7,352,9
16745,075015,1715,11,560,15
16746,075015,1718,11,560,15
16747,075015,1197,7,352,9
16748,075015,1715,11,560,15
16749,075015,1718,11,560,15
16750,075015,1197,7,352,9
16751,075015,1715,11,560,15
16752,075015,1718,11,560,15
16753,075015,1197,7,352,9
16754,075015,1715,11,560,15
16755,075015,1718,11,560,15
16756,075015,1197,7,352,9
16757,075015,1715,11,560,15
16758,075015,1718,11,560,15
16759,075015,1197,7,352,9
16760,075015,1715,11,560,15
16761,075015,1718,11,560,15
16762,075015,1197,7,352,9
16763,075015,1715,11,560,15
16764,075015,1718,11,560,15
16765,075015,1197,7,352,9
16766,075015,1715,11,560,15
16767,075015,1718,11,560,15
16768,075015,1105,7,352,9
16769,075015,1623,11,560,15
16770,075015,1626,11,560,15
16771,075015,1105,7,352,9
16772,075015,1623,11,560,15
16773,075015,1626,11,560,15
16774,075015,1105,7,352,9
16775,075015,1623,11,560,15
16776,075015,1626,11,560,15
16777,075015,1105,7,352,9
16778,075015,1623,11,560,15
16779,075015,1626,11,560,15
16780,075015,1105,7,352,9
16781,075015,1623,11,560,15
16782,075015,1626,11,560,15
16783,075015,1105,7,352,9
16784,075015,1623,11,560,15
16785,075015,1626,11,560,15
16786,075015,1105,7,352,9
16787,075015,1623,11,560,15
16788,075015,1626,11,560,15
16789,075015,1105,7,352,9
16790,075015,1623,11,560,15
16791,075015,1626,11,560,15
16792,075015,1105,7,352,9
16793,075015,1623,11,560,15
16794,075015,1626,11,560,15
16795,075015,1105,7,352,9
16796,075015,1623,11,560,15
16797,075015,1626,11,560,15
16798,075015,1105,7,352,9
16799,075015,1623,11,560,15
16800,075015,1626,11,560,15
16801,075015,1105,7,352,9
16802,075015,1623,11,560,15
16803,075015,1626,11,560,15
16804,075015,1105,7,352,9
16805,075015,1623,11,560,15
16806,075015,1626,11,560,15
16807,075015,1105,7,352,9
16808,075015,1623,11,560,15
16809,075015,1626,11,560,15
16810,075015,1105,7,352,9
16811,075015,1623,11,560,15
16812,075015,1626,11,560,15
16813,075015,1105,7,352,9
16814,075015,1623,11,560,15
16815,075015,1626,11,560,15
16816,075015,1021,7,352,9
16817,075015,1539,11,560,15
16818,075015,1542,11,560,15
16819,075015,1021,7,352,9
16820,075015,1539,11,560,15
16821,075015,1542,11,560,15
16822,075015,1021,7,352,9
16823,075015,1539,11,560,15
16824,075015,1542,11,560,15
16825,075015,1021,7,352,9
16826,075015,1539,11,560,15
16827,075015,1542,11,560,15
16828,075015,1021,7,352,9
16829,075015,1539,11,560,15
16830,075015,1542,11,560,15
16831,075015,1021,7,352,9
16832,075015,1539,11,560,15
16833,075015,1542,11,560,15
16834,075015,1021,7,352,9
16835,075015,1539,11,560,15
16836,075015,1542,11,560,15
16837,075015,1021,7,352,9
16838,075015,1539,11,560,15
16839,075015,1542,11,560,15
16840,075015,1021,7,352,9
16841,075015,1539,11,560,15
16842,075015,1542,11,560,15
16843,075015,1021,7,352,9
16844,075015,1539,11,560,15
16845,075015,1542,11,560,15
16846,075015,1021,7,352,9
16847,075015,1539,11,560,15
16848,075015,1542,11,560,15
16849,075015,1021,7,352,9
16850,075015,1539,11,560,15
16851,075015,1542,11,560,15
16852,075015,1021,7,352,9
16853,075015,1539,11,560,15
16854,075015,1542,11,560,15
16855,075015,1021,7,352,9
16856,075015,1539,11,560,15
16857,075015,1542,11,560,15
16858,075015,1021,7,352,9
16859,075015,1539,11,560,15
16860,075015,1542,11,560,15
16861,075015,1021,7,352,9
16862,075015,1539,11,560,15
16863,075015,1542,11,560,15
16864,075015,1109,7,352,9
16865,075015,1627,11,560,15
16866,075015,1630,11,560,15
16867,075015,1109,7,352,9
16868,075015,1627,11,560,15
16869,075015,1630,11,560,15
16870,075015,1109,7,352,9
16871,075015,1627,11,560,15
16872,075015,1630,11,560,15
16873,075015,1109,7,352,9
16874,075015,1627,11,560,15
16875,075015,1630,11,560,15
16876,075015,1109,7,352,9
16877,075015,1627,11,560,15
16878,075015,1630,11,560,15
16879,075015,1109,7,352,9
16880,075015,1627,11,560,15
16881,075015,1630,11,560,15
16882,075015,1109,7,352,9
16883,075015,1627,11,560,15
16884,075015,1630,11,560,15
16885,075015,1109,7,352,9
16886,075015,1627,11,560,15
16887,075015,1630,11,560,15
16888,075015,1109,7,352,9
16889,075015,1627,11,560,15
16890,075015,1630,11,560,15
16891,075015,1109,7,352,9
16892,075015,1627,11,560,15
16893,075015,1630,11,560,15
16894,075015,1109,7,352,9
16895,075015,1627,11,560,15
16896,075015,1630,11,560,15
16897,075015,1109,7,352,9
16898,075015,1627,11,560,15
16899,075015,1630,11,560,15
16900,075015,1109,7,352,9
16901,075015,1627,11,560,15
16902,075015,1630,11,560,15
16903,075015,1109,7,352,9
16904,075015,1627,11,560,15
16905,075015,1630,11,560,15
16906,075015,1109,7,352,9
16907,075015,1627,11,560,15
16908,075015,1630,11,560,15
16909,075015,1109,7,352,9
16910,075015,1627,11,560,15
16911,075015,1630,11,560,15
16912,075015,1021,7,352,9
16913,075015,1539,11,560,15
16914,075015,1542,11,560,15
16915,075015,1021,7,352,9
16916,075015,1539,11,560,15
16917,075015,1542,11,560,15
16918,075015,1021,7,352,9
16919,075015,1539,11,560,15
16920,075015,1542,11,560,15
16921,075015,1021,7,352,9
16922,075015,1539,11,560,15
16923,075015,1542,11,560,15
16924,075015,1021,7,352,9
16925,075015,1539,11,560,15
16926,075015,1542,11,560,15
16927,075015,1021,7,352,9
16928,075015,1539,11,560,15
16929,075015,1542,11,560,15
16930,075015,1021,7,352,9
16931,075015,1539,11,560,15
16932,075015,1542,11,560,15
16933,075015,1021,7,352,9
16934,075015,1539,11,560,15
16935,075015,1542,11,560,15
16936,075015,1021,7,352,9
16937,075015,1539,11,560,15
16938,075015,1542,11,560,15
16939,075015,1021,7,352,9
16940,075015,1539,11,560,15
16941,075015,1542,11,560,15
16942,075015,1021,7,352,9
16943,075015,1539,11,560,15
16944,075015,1542,11,560,15
16945,075015,1021,7,352,9
16946,075015,1539,11,560,15
16947,075015,1542,11,560,15
16948,075015,1021,7,352,9
16949,075015,1539,11,560,15
16950,075015,1542,11,560,15
16951,075015,1021,7,352,9
16952,075015,1539,11,560,15
16953,075015,1542,11,560,15
16954,075015,1021,7,352,9
16955,075015,1539,11,560,15
16956,075015,1542,11,560,15
16957,075015,1021,7,352,9
16958,075015,1539,11,560,15
16959,075015,1542,11,560,15
16960,075025,1313,7,352,9
16961,075025,1831,11,560,15
16962,075025,1834,11,560,15
16963,075025,1313,7,352,9
16964,075025,1831,11,560,15
16965,075025,1834,11,560,15
16966,075025,1313,7,352,9
16967,075025,1831,11,560,15
16968,075025,1834,11,560,15
16969,075025,1313,7,352,9
16970,075025,1831,11,560,15
16971,075025,1834,11,560,15
16972,075025,1313,7,352,9
16973,075025,1831,11,560,15
16974,075025,1834,11,560,15
16975,075025,1313,7,352,9
16976,075025,1831,11,560,15
16977,075025,1834,11,560,15
16978,075025,1313,7,352,9
16979,075025,1831,11,560,15
16980,075025,1834,11,560,15
16981,075025,1313,7,352,9
16982,075025,1831,11,560,15
16983,075025,1834,11,560,15
16984,075025,1313,7,352,9
16985,075025,1831,11,560,15
16986,075025,1834,11,560,15
16987,075025,1313,7,352,9
16988,075025,1831,11,560,15
16989,075025,1834,11,560,15
16990,075025,1313,7,352,9
16991,075025,1831,11,560,15
16992,075025,1834,11,560,15
16993,075025,1313,7,352,9
16994,075025,1831,11,560,15
16995,075025,1834,11,560,15
16996,075025,1313,7,352,9
16997,075025,1831,11,560,15
16998,075025,1834,11,560,15
16999,075025,1313,7,352,9
17000,075025,1831,11,560,15
17001,075025,1834,11,560,15
17002,075025,1313,7,352,9
17003,075025,1831,11,560,15
17004,075025,1834,11,560,15
17005,075025,1313,7,352,9
17006,075025,1831,11,560,15
17007,075025,1834,11,560,15
17008,075025,1316,7,352,9
17009,075025,1836,11,560,15
17010,075025,1838,11,560,15
17011,075025,1316,7,352,9
17012,075025,1836,11,560,15
17013,075025,1838,11,560,15
17014,075025,1316,7,352,9
17015,075025,1836,11,560,15
17016,075025,1838,11,560,15
17017,075025,1316,7,352,9
17018,075025,1836,11,560,15
17019,075025,1838,11,560,15
17020,075025,1316,7,352,9
17021,075025,1836,11,560,15
17022,075025,1838,11,560,15
17023,075025,1316,7,352,9
17024,075025,1836,11,560,15
17025,075025,1838,11,560,15
17026,075025,1316,7,352,9
17027,075025,1836,11,560,15
17028,075025,1838,11,560,15
17029,075025,1316,7,352,9
17030,075025,1836,11,560,15
17031,075025,1838,11,560,15
17032,075025,1316,7,352,9
17033,075025,1836,11,560,15
17034,075025,1838,11,560,15
17035,075025,1316,7,352,9
17036,075025,1836,11,560,15
17037,075025,1838,11,560,15
17038,075025,1316,7,352,9
17039,075025,1836,11,560,15
17040,075025,1838,11,560,15
17041,075025,1316,7,352,9
17042,075025,1836,11,560,15
17043,075025,1838,11,560,15
17044,075025,1316,7,352,9
17045,075025,1836,11,560,15
17046,075025,1838,11,560,15
17047,075025,1316,7,352,9
17048,075025,1836,11,560,15
17049,075025,1838,11,560,15
17050,075025,1316,7,352,9
17051,075025,1836,11,560,15
17052,075025,1838,11,560,15
17053,075025,1316,7,352,9
17054,075025,1836,11,560,15
17055,075025,1838,11,560,15
17056,075025,1502,9,448,11
17057,075025,2022,13,656,17
17058,075025,1502,9,448,11
17059,075025,1502,9,448,11
17060,075025,2022,13,656,17
17061,075025,1502,9,448,11
17062,075025,1502,9,448,11
17063,075025,2022,13,656,17
17064,075025,1502,9,448,11
17065,075025,1502,9,448,11
17066,075025,2022,13,656,17
17067,075025,1502,9,448,11
17068,075025,1502,9,448,11
17069,075025,2022,13,656,17
17070,075025,1502,9,448,11
17071,075025,1502,9,448,11
17072,075025,2022,13,656,17
17073,075025,1502,9,448,11
17074,075025,1502,9,448,11
17075,075025,2022,13,656,17
17076,075025,1502,9,448,11
17077,075025,1502,9,448,11
17078,075025,2022,13,656,17
17079,075025,1502,9,448,11
17080,075025,1502,9,448,11
17081,075025,2022,13,656,17
17082,075025,1502,9,448,11
17083,075025,1502,9,448,11
17084,075025,2022,13,656,17
17085,075025,1502,9,448,11
17086,075025,1502,9,448,11
17087,075025,2022,13,656,17
17088,075025,1502,9,448,11
17089,075025,1502,9,448,11
17090,075025,2022,13,656,17
17091,075025,1502,9,448,11
17092,075025,1502,9,448,11
17093,075025,2022,13,656,17
17094,075025,1502,9,448,11
17095,075025,1502,9,448,11
17096,075025,2022,13,656,17
17097,075025,1502,9,448,11
17098,075025,1502,9,448,11
17099,075025,2022,13,656,17
17100,075025,1502,9,448,11
17101,075025,1502,9,448,11
17102,075025,2022,13,656,17
17103,075025,1502,9,448,11
17104,075025,1313,7,352,9
17105,075025,1831,11,560,15
17106,075025,1834,11,560,15
17107,075025,1313,7,352,9
17108,075025,1831,11,560,15
17109,075025,1834,11,560,15
17110,075025,1313,7,352,9
17111,075025,1831,11,560,15
17112,075025,1834,11,560,15
17113,075025,1313,7,352,9
17114,075025,1831,11,560,15
17115,075025,1834,11,560,15
17116,075025,1313,7,352,9
17117,075025,1831,11,560,15
17118,075025,1834,11,560,15
17119,075025,1313,7,352,9
17120,075025,1831,11,560,15
17121,075025,1834,11,560,15
17122,075025,1313,7,352,9
17123,075025,1831,11,560,15
17124,075025,1834,11,560,15
17125,075025,1313,7,352,9
17126,075025,1831,11,560,15
17127,075025,1834,11,560,15
17128,075025,1313,7,352,9
17129,075025,1831,11,560,15
17130,075025,1834,11,560,15
17131,075025,1313,7,352,9
17132,075025,1831,11,560,15
17133,075025,1834,11,560,15
17134,075025,1313,7,352,9
17135,075025,1831,11,560,15
17136,075025,1834,11,560,15
17137,075025,1313,7,352,9
17138,075025,1831,11,560,15
17139,075025,1834,11,560,15
17140,075025,1313,7,352,9
17141,075025,1831,11,560,15
17142,075025,1834,11,560,15
17143,075025,1313,7,352,9
17144,075025,1831,11,560,15
17145,075025,1834,11,560,15
17146,075025,1313,7,352,9
17147,075025,1831,11,560,15
17148,075025,1834,11,560,15
17149,075025,1313,7,352,9
17150,075025,1831,11,560,15
17151,075025,1834,11,560,15
17152,075025,1539,9,448,11
17153,075025,2058,13,656,17
17154,075025,1538,9,448,11
17155,075025,1538,9,448,11
17156,075025,2058,13,656,17
17157,075025,1538,9,448,11
17158,075025,1538,9,448,11
17159,075025,2058,13,656,17
17160,075025,1538,9,448,11
17161,075025,1538,9,448,11
17162,075025,2058,13,656,17
17163,075025,1538,9,448,11
17164,075025,1538,9,448,11
17165,075025,2058,13,656,17
17166,075025,1538,9,448,11
17167,075025,1538,9,448,11
17168,075025,2058,13,656,17
17169,075025,1538,9,448,11
17170,075025,1538,9,448,11
17171,075025,2058,13,656,17
17172,075025,1538,9,448,11
17173,075025,1538,9,448,11
17174,075025,2058,13,656,17
17175,075025,1538,9,448,11
17176,075025,1538,9,448,11
17177,075025,2058,13,656,17
17178,075025,1538,9,448,11
17179,075025,1538,9,448,11
17180,075025,2058,13,656,17
17181,075025,1538,9,448,11
17182,075025,1538,9,448,11
17183,075025,2058,13,656,17
17184,075025,1538,9,448,11
17185,075025,1538,9,448,11
17186,075025,2058,13,656,17
17187,075025,1538,9,448,11
17188,075025,1538,9,448,11
17189,075025,2058,13,656,17
17190,075025,1538,9,448,11
17191,075025,1538,9,448,11
17192,075025,2058,13,656,17
17193,075025,1538,9,448,11
17194,075025,1538,9,448,11
17195,075025,2058,13,656,17
17196,075025,1538,9,448,11
17197,075025,1538,9,448,11
17198,075025,2058,13,656,17
17199,075025,1538,9,448,11
17200,075025,988,7,352,9
17201,075025,1507,11,560,15
17202,075025,1510,11,560,15
17203,075025,989,7,352,9
17204,075025,1507,11,560,15
17205,075025,1510,11,560,15
17206,075025,989,7,352,9
17207,075025,1507,11,560,15
17208,075025,1510,11,560,15
17209,075025,989,7,352,9
17210,075025,1507,11,560,15
17211,075025,1510,11,560,15
17212,075025,989,7,352,9
17213,075025,1507,11,560,15
17214,075025,1510,11,560,15
17215,075025,989,7,352,9
17216,075025,1507,11,560,15
17217,075025,1510,11,560,15
17218,075025,989,7,352,9
17219,075025,1507,11,560,15
17220,075025,1510,11,560,15
17221,075025,989,7,352,9
17222,075025,1507,11,560,15
17223,075025,1510,11,560,15
17224,075025,989,7,352,9
17225,075025,1507,11,560,15
17226,075025,1510,11,560,15
17227,075025,989,7,352,9
17228,075025,1507,11,560,15
17229,075025,1510,11,560,15
17230,075025,989,7,352,9
17231,075025,1507,11,560,15
17232,075025,1510,11,560,15
17233,075025,989,7,352,9
17234,075025,1507,11,560,15
17235,075025,1510,11,560,15
17236,075025,989,7,352,9
17237,075025,1507,11,560,15
17238,075025,1510,11,560,15
17239,075025,989,7,352,9
17240,075025,1507,11,560,15
17241,075025,1510,11,560,15
17242,075025,989,7,352,9
17243,075025,1507,11,560,15
17244,075025,1510,11,560,15
17245,075025,989,7,352,9
17246,075025,1507,11,560,15
17247,075025,1510,11,560,15
17248,075025,989,7,352,9
17249,075025,1507,11,560,15
17250,075025,1510,11,560,15
17251,075025,989,7,352,9
17252,075025,1507,11,560,15
17253,075025,1510,11,560,15
17254,075025,989,7,352,9
17255,075025,1507,11,560,15
17256,075025,1510,11,560,15
17257,075025,989,7,352,9
17258,075025,1507,11,560,15
17259,075025,1510,11,560,15
17260,075025,989,7,352,9
17261,075025,1507,11,560,15
17262,075025,1510,11,560,15
17263,075025,989,7,352,9
17264,075025,1507,11,560,15
17265,075025,1510,11,560,15
17266,075025,989,7,352,9
17267,075025,1507,11,560,15
17268,075025,1510,11,560,15
17269,075025,989,7,352,9
17270,075025,1507,11,560,15
17271,075025,1510,11,560,15
17272,075025,989,7,352,9
17273,075025,1507,11,560,15
17274,075025,1510,11,560,15
17275,075025,989,7,352,9
17276,075025,1507,11,560,15
17277,075025,1510,11,560,15
17278,075025,989,7,352,9
17279,075025,1507,11,560,15
17280,075025,1510,11,560,15
17281,075025,989,7,352,9
17282,075025,1507,11,560,15
17283,075025,1510,11,560,15
17284,075025,989,7,352,9
17285,075025,1507,11,560,15
17286,075025,1510,11,560,15
17287,075025,989,7,352,9
17288,075025,1507,11,560,15
17289,075025,1510,11,560,15
17290,075025,989,7,352,9
17291,075025,1507,11,560,15
17292,075025,1510,11,560,15
17293,075025,989,7,352,9
17294,075025,1507,11,560,15
17295,075025,1510,11,560,15
17296,075035,1453,7,352,9
17297,075035,1971,11,560,15
17298,075035,1974,11,560,15
17299,075035,1453,7,352,9
17300,075035,1971,11,560,15
17301,075035,1974,11,560,15
17302,075035,1453,7,352,9
17303,075035,1971,11,560,15
17304,075035,1974,11,560,15
17305,075035,1453,7,352,9
17306,075035,1971,11,560,15
17307,075035,1974,11,560,15
17308,075035,1453,7,352,9
17309,075035,1971,11,560,15
17310,075035,1974,11,560,15
17311,075035,1453,7,352,9
17312,075035,1971,11,560,15
17313,075035,1974,11,560,15
17314,075035,1453,7,352,9
17315,075035,1971,11,560,15
17316,075035,1974,11,560,15
17317,075035,1453,7,352,9
17318,075035,1971,11,560,15
17319,075035,1974,11,560,15
17320,075035,1453,7,352,9
17321,075035,1971,11,560,15
17322,075035,1974,11,560,15
17323,075035,1453,7,352,9
17324,075035,1971,11,560,15
17325,075035,1974,11,560,15
17326,075035,1453,7,352,9
17327,075035,1971,11,560,15
17328,075035,1974,11,560,15
17329,075035,1453,7,352,9
17330,075035,1971,11,560,15
17331,075035,1974,11,560,15
17332,075035,1453,7,352,9
17333,075035,1971,11,560,15
17334,075035,1974,11,560,15
17335,075035,1453,7,352,9
17336,075035,1971,11,560,15
17337,075035,1974,11,560,15
17338,075035,1453,7,352,9
17339,075035,1971,11,560,15
17340,075035,1974,11,560,15
17341,075035,1453,7,352,9
17342,075035,1971,11,560,15
17343,075035,1974,11,560,15
17344,075035,1461,7,352,9
17345,075035,1979,11,560,15
17346,075035,1982,11,560,15
17347,075035,1461,7,352,9
17348,075035,1979,11,560,15
17349,075035,1982,11,560,15
17350,075035,1461,7,352,9
17351,075035,1979,11,560,15
17352,075035,1982,11,560,15
17353,075035,1461,7,352,9
17354,075035,1979,11,560,15
17355,075035,1982,11,560,15
17356,075035,1461,7,352,9
17357,075035,1979,11,560,15
17358,075035,1982,11,560,15
17359,075035,1461,7,352,9
17360,075035,1979,11,560,15
17361,075035,1982,11,560,15
17362,075035,1461,7,352,9
17363,075035,1979,11,560,15
17364,075035,1982,11,560,15
17365,075035,1461,7,352,9
17366,075035,1979,11,560,15
17367,075035,1982,11,560,15
17368,075035,1461,7,352,9
17369,075035,1979,11,560,15
17370,075035,1982,11,560,15
17371,075035,1461,7,352,9
17372,075035,1979,11,560,15
17373,075035,1982,11,560,15
17374,075035,1461,7,352,9
17375,075035,1979,11,560,15
17376,075035,1982,11,560,15
17377,075035,1461,7,352,9
17378,075035,1979,11,560,15
17379,075035,1982,11,560,15
17380,075035,1461,7,352,9
17381,075035,1979,11,560,15
17382,075035,1982,11,560,15
17383,075035,1461,7,352,9
17384,075035,1979,11,560,15
17385,075035,1982,11,560,15
17386,075035,1461,7,352,9
17387,075035,1979,11,560,15
17388,075035,1982,11,560,15
17389,075035,1461,7,352,9
17390,075035,1979,11,560,15
17391,075035,1982,11,560,15
17392,075035,1453,7,352,9
17393,075035,1971,11,560,15
17394,075035,1974,11,560,15
17395,075035,1453,7,352,9
17396,075035,1971,11,560,15
17397,075035,1974,11,560,15
17398,075035,1453,7,352,9
17399,075035,1971,11,560,15
17400,075035,1974,11,560,15
17401,075035,1453,7,352,9
17402,075035,1971,11,560,15
17403,075035,1974,11,560,15
17404,075035,1453,7,352,9
17405,075035,1971,11,560,15
17406,075035,1974,11,560,15
17407,075035,1453,7,352,9
17408,075035,1971,11,560,15
17409,075035,1974,11,560,15
17410,075035,1453,7,352,9
17411,075035,1971,11,560,15
17412,075035,1974,11,560,15
17413,075035,1453,7,352,9
17414,075035,1971,11,560,15
17415,075035,1974,11,560,15
17416,075035,1453,7,352,9
17417,075035,1971,11,560,15
17418,075035,1974,11,560,15
17419,075035,1453,7,352,9
17420,075035,1971,11,560,15
17421,075035,1974,11,560,15
17422,075035,1453,7,352,9
17423,075035,1971,11,560,15
17424,075035,1974,11,560,15
17425,075035,1453,7,352,9
17426,075035,1971,11,560,15
17427,075035,1974,11,560,15
17428,075035,1453,7,352,9
17429,075035,1971,11,560,15
17430,075035,1974,11,560,15
17431,075035,1453,7,352,9
17432,075035,1971,11,560,15
17433,075035,1974,11,560,15
17434,075035,1453,7,352,9
17435,075035,1971,11,560,15
17436,075035,1974,11,560,15
17437,075035,1453,7,352,9
17438,075035,1971,11,560,15
17439,075035,1974,11,560,15
17440,075035,1453,7,352,9
17441,075035,1971,11,560,15
17442,075035,1974,11,560,15
17443,075035,1453,7,352,9
17444,075035,1971,11,560,15
17445,075035,1974,11,560,15
17446,075035,1453,7,352,9
17447,075035,1971,11,560,15
17448,075035,1974,11,560,15
17449,075035,1453,7,352,9
17450,075035,1971,11,560,15
17451,075035,1974,11,560,15
17452,075035,1453,7,352,9
17453,075035,1971,11,560,15
17454,075035,1974,11,560,15
17455,075035,1453,7,352,9
17456,075035,1971,11,560,15
17457,075035,1974,11,560,15
17458,075035,1453,7,352,9
17459,075035,1971,11,560,15
17460,075035,1974,11,560,15
17461,075035,1453,7,352,9
17462,075035,1971,11,560,15
17463,075035,1974,11,560,15
17464,075035,1453,7,352,9
17465,075035,1971,11,560,15
17466,075035,1974,11,560,15
17467,075035,1453,7,352,9
17468,075035,1971,11,560,15
17469,075035,1974,11,560,15
17470,075035,1453,7,352,9
17471,075035,1971,11,560,15
17472,075035,1974,11,560,15
17473,075035,1453,7,352,9
17474,075035,1971,11,560,15
17475,075035,1974,11,560,15
17476,075035,1453,7,352,9
17477,075035,1971,11,560,15
17478,075035,1974,11,560,15
17479,075035,1453,7,352,9
17480,075035,1971,11,560,15
17481,075035,1974,11,560,15
17482,075035,1453,7,352,9
17483,075035,1971,11,560,15
17484,075035,1974,11,560,15
17485,075035,1453,7,352,9
17486,075035,1971,11,560,15
17487,075035,1974,11,560,15
17488,075035,1453,7,352,9
17489,075035,1971,11,560,15
17490,075035,1974,11,560,15
17491,075035,1453,7,352,9
17492,075035,1971,11,560,15
17493,075035,1974,11,560,15
17494,075035,1453,7,352,9
17495,075035,1971,11,560,15
17496,075035,1974,11,560,15
17497,075035,1453,7,352,9
17498,075035,1971,11,560,15
17499,075035,1974,11,560,15
17500,075035,1453,7,352,9
17501,075035,1971,11,560,15
17502,075035,1974,11,560,15
17503,075035,1453,7,352,9
17504,075035,1971,11,560,15
17505,075035,1974,11,560,15
17506,075035,1453,7,352,9
17507,075035,1971,11,560,15
17508,075035,1974,11,560,15
17509,075035,1453,7,352,9
17510,075035,1971,11,560,15
17511,075035,1974,11,560,15
17512,075035,1453,7,352,9
17513,075035,1971,11,560,15
17514,075035,1974,11,560,15
17515,075035,1453,7,352,9
17516,075035,1971,11,560,15
17517,075035,1974,11,560,15
17518,075035,1453,7,352,9
17519,075035,1971,11,560,15
17520,075035,1974,11,560,15
17521,075035,1453,7,352,9
17522,075035,1971,11,560,15
17523,075035,1974,11,560,15
17524,075035,1453,7,352,9
17525,075035,1971,11,560,15
17526,075035,1974,11,560,15
17527,075035,1453,7,352,9
17528,075035,1971,11,560,15
17529,075035,1974,11,560,15
17530,075035,1453,7,352,9
17531,075035,1971,11,560,15
17532,075035,1974,11,560,15
17533,075035,1453,7,352,9
17534,075035,1971,11,560,15
17535,075035,1974,11,560,15
17536,075035,1226,9,448,11
17537,075035,1746,13,656,17
17538,075035,1226,9,448,11
17539,075035,1226,9,448,11
17540,075035,1746,13,656,17
17541,075035,1226,9,448,11
17542,075035,1226,9,448,11
17543,075035,1746,13,656,17
17544,075035,1226,9,448,11
17545,075035,1226,9,448,11
17546,075035,1746,13,656,17
17547,075035,1226,9,448,11
17548,075035,1226,9,448,11
17549,075035,1746,13,656,17
17550,075035,1226,9,448,11
17551,075035,1226,9,448,11
17552,075035,1746,13,656,17
17553,075035,1226,9,448,11
17554,075035,1226,9,448,11
17555,075035,1746,13,656,17
17556,075035,1226,9,448,11
17557,075035,1226,9,448,11
17558,075035,1746,13,656,17
17559,075035,1226,9,448,11
17560,075035,1226,9,448,11
17561,075035,1746,13,656,17
17562,075035,1226,9,448,11
17563,075035,1226,9,448,11
17564,075035,1746,13,656,17
17565,075035,1226,9,448,11
17566,075035,1226,9,448,11
17567,075035,1746,13,656,17
17568,075035,1226,9,448,11
17569,075035,1226,9,448,11
17570,075035,1746,13,656,17
17571,075035,1226,9,448,11
17572,075035,1226,9,448,11
17573,075035,1746,13,656,17
17574,075035,1226,9,448,11
17575,075035,1226,9,448,11
17576,075035,1746,13,656,17
17577,075035,1226,9,448,11
17578,075035,1226,9,448,11
17579,075035,1746,13,656,17
17580,075035,1226,9,448,11
17581,075035,1226,9,448,11
17582,075035,1746,13,656,17
17583,075035,1226,9,448,11
17584,075035,1226,9,448,11
17585,075035,1746,13,656,17
17586,075035,1226,9,448,11
17587,075035,1226,9,448,11
17588,075035,1746,13,656,17
17589,075035,1226,9,448,11
17590,075035,1226,9,448,11
17591,075035,1746,13,656,17
17592,075035,1226,9,448,11
17593,075035,1226,9,448,11
17594,075035,1746,13,656,17
17595,075035,1226,9,448,11
17596,075035,1226,9,448,11
17597,075035,1746,13,656,17
17598,075035,1226,9,448,11
17599,075035,1226,9,448,11
17600,075035,1746,13,656,17
17601,075035,1226,9,448,11
17602,075035,1226,9,448,11
17603,075035,1746,13,656,17
17604,075035,1226,9,448,11
17605,075035,1226,9,448,11
17606,075035,1746,13,656,17
17607,075035,1226,9,448,11
17608,075035,1226,9,448,11
17609,075035,1746,13,656,17
17610,075035,1226,9,448,11
17611,075035,1226,9,448,11
17612,075035,1746,13,656,17
17613,075035,1226,9,448,11
17614,075035,1226,9,448,11
17615,075035,1746,13,656,17
17616,075035,1226,9,448,11
17617,075035,1226,9,448,11
17618,075035,1746,13,656,17
17619,075035,1226,9,448,11
17620,075035,1226,9,448,11
17621,075035,1746,13,656,17
17622,075035,1226,9,448,11
17623,075035,1226,9,448,11
17624,075035,1746,13,656,17
17625,075035,1226,9,448,11
17626,075035,1226,9,448,11
17627,075035,1746,13,656,17
17628,075035,1226,9,448,11
17629,075035,1226,9,448,11
17630,075035,1746,13,656,17
17631,075035,1226,9,448,11
17632,075006,1112,7,352,9
17633,075006,1632,11,560,15
17634,075006,1634,11,560,15
17635,075006,1112,7,352,9
17636,075006,1632,11,560,15
17637,075006,1634,11,560,15
17638,075006,1112,7,352,9
17639,075006,1632,11,560,15
17640,075006,1634,11,560,15
17641,075006,1112,7,352,9
17642,075006,1632,11,560,15
17643,075006,1634,11,560,15
17644,075006,1112,7,352,9
17645,075006,1632,11,560,15
17646,075006,1634,11,560,15
17647,075006,1112,7,352,9
17648,075006,1632,11,560,15
17649,075006,1634,11,560,15
17650,075006,1112,7,352,9
17651,075006,1632,11,560,15
17652,075006,1634,11,560,15
17653,075006,1112,7,352,9
17654,075006,1632,11,560,15
17655,075006,1634,11,560,15
17656,075006,1112,7,352,9
17657,075006,1632,11,560,15
17658,075006,1634,11,560,15
17659,075006,1112,7,352,9
17660,075006,1632,11,560,15
17661,075006,1634,11,560,15
17662,075006,1112,7,352,9
17663,075006,1632,11,560,15
17664,075006,1634,11,560,15
17665,075006,1112,7,352,9
17666,075006,1632,11,560,15
17667,075006,1634,11,560,15
17668,075006,1112,7,352,9
17669,075006,1632,11,560,15
17670,075006,1634,11,560,15
17671,075006,1112,7,352,9
17672,075006,1632,11,560,15
17673,075006,1634,11,560,15
17674,075006,1112,7,352,9
17675,075006,1632,11,560,15
17676,075006,1634,11,560,15
17677,075006,1112,7,352,9
17678,075006,1632,11,560,15
17679,075006,1634,11,560,15
17680,075006,1137,7,352,9
17681,075006,1655,11,560,15
17682,075006,1658,11,560,15
17683,075006,1137,7,352,9
17684,075006,1655,11,560,15
17685,075006,1658,11,560,15
17686,075006,1137,7,352,9
17687,075006,1655,11,560,15
17688,075006,1658,11,560,15
17689,075006,1137,7,352,9
17690,075006,1655,11,560,15
17691,075006,1658,11,560,15
17692,075006,1137,7,352,9
17693,075006,1655,11,560,15
17694,075006,1658,11,560,15
17695,075006,1137,7,352,9
17696,075006,1655,11,560,15
17697,075006,1658,11,560,15
17698,075006,1137,7,352,9
17699,075006,1655,11,560,15
17700,075006,1658,11,560,15
17701,075006,1137,7,352,9
17702,075006,1655,11,560,15
17703,075006,1658,11,560,15
17704,075006,1137,7,352,9
17705,075006,1655,11,560,15
17706,075006,1658,11,560,15
17707,075006,1137,7,352,9
17708,075006,1655,11,560,15
17709,075006,1658,11,560,15
17710,075006,1137,7,352,9
17711,075006,1655,11,560,15
17712,075006,1658,11,560,15
17713,075006,1137,7,352,9
17714,075006,1655,11,560,15
17715,075006,1658,11,560,15
17716,075006,1137,7,352,9
17717,075006,1655,11,560,15
17718,075006,1658,11,560,15
17719,075006,1137,7,352,9
17720,075006,1655,11,560,15
17721,075006,1658,11,560,15
17722,075006,1137,7,352,9
17723,075006,1655,11,560,15
17724,075006,1658,11,560,15
17725,075006,1137,7,352,9
17726,075006,1655,11,560,15
17727,075006,1658,11,560,15
17728,075006,1112,7,352,9
17729,075006,1632,11,560,15
17730,075006,1634,11,560,15
17731,075006,1112,7,352,9
17732,075006,1632,11,560,15
17733,075006,1634,11,560,15
17734,075006,1112,7,352,9
17735,075006,1632,11,560,15
17736,075006,1634,11,560,15
17737,075006,1112,7,352,9
17738,075006,1632,11,560,15
17739,075006,1634,11,560,15
17740,075006,1112,7,352,9
17741,075006,1632,11,560,15
17742,075006,1634,11,560,15
17743,075006,1112,7,352,9
17744,075006,1632,11,560,15
17745,075006,1634,11,560,15
17746,075006,1112,7,352,9
17747,075006,1632,11,560,15
17748,075006,1634,11,560,15
17749,075006,1112,7,352,9
17750,075006,1632,11,560,15
17751,075006,1634,11,560,15
17752,075006,1112,7,352,9
17753,075006,1632,11,560,15
17754,075006,1634,11,560,15
17755,075006,1112,7,352,9
17756,075006,1632,11,560,15
17757,075006,1634,11,560,15
17758,075006,1112,7,352,9
17759,075006,1632,11,560,15
17760,075006,1634,11,560,15
17761,075006,1112,7,352,9
17762,075006,1632,11,560,15
17763,075006,1634,11,560,15
17764,075006,1112,7,352,9
17765,075006,1632,11,560,15
17766,075006,1634,11,560,15
17767,075006,1112,7,352,9
17768,075006,1632,11,560,15
17769,075006,1634,11,560,15
17770,075006,1112,7,352,9
17771,075006,1632,11,560,15
17772,075006,1634,11,560,15
17773,075006,1112,7,352,9
17774,075006,1632,11,560,15
17775,075006,1634,11,560,15
17776,075006,1097,7,352,9
17777,075006,1615,11,560,15
17778,075006,1618,11,560,15
17779,075006,1097,7,352,9
17780,075006,1615,11,560,15
17781,075006,1618,11,560,15
17782,075006,1097,7,352,9
17783,075006,1615,11,560,15
17784,075006,1618,11,560,15
17785,075006,1097,7,352,9
17786,075006,1615,11,560,15
17787,075006,1618,11,560,15
17788,075006,1097,7,352,9
17789,075006,1615,11,560,15
17790,075006,1618,11,560,15
17791,075006,1097,7,352,9
17792,075006,1615,11,560,15
17793,075006,1618,11,560,15
17794,075006,1097,7,352,9
17795,075006,1615,11,560,15
17796,075006,1618,11,560,15
17797,075006,1097,7,352,9
17798,075006,1615,11,560,15
17799,075006,1618,11,560,15
17800,075006,1097,7,352,9
17801,075006,1615,11,560,15
17802,075006,1618,11,560,15
17803,075006,1097,7,352,9
17804,075006,1615,11,560,15
17805,075006,1618,11,560,15
17806,075006,1097,7,352,9
17807,075006,1615,11,560,15
17808,075006,1618,11,560,15
17809,075006,1097,7,352,9
17810,075006,1615,11,560,15
17811,075006,1618,11,560,15
17812,075006,1097,7,352,9
17813,075006,1615,11,560,15
17814,075006,1618,11,560,15
17815,075006,1097,7,352,9
17816,075006,1615,11,560,15
17817,075006,1618,11,560,15
17818,075006,1097,7,352,9
17819,075006,1615,11,560,15
17820,075006,1618,11,560,15
17821,075006,1097,7,352,9
17822,075006,1615,11,560,15
17823,075006,1618,11,560,15
17824,075006,1298,9,448,11
17825,075006,1818,13,656,17
17826,075006,1298,9,448,11
17827,075006,1298,9,448,11
17828,075006,1818,13,656,17
17829,075006,1298,9,448,11
17830,075006,1298,9,448,11
17831,075006,1818,13,656,17
17832,075006,1298,9,448,11
17833,075006,1298,9,448,11
17834,075006,1818,13,656,17
17835,075006,1298,9,448,11
17836,075006,1298,9,448,11
17837,075006,1818,13,656,17
17838,075006,1298,9,448,11
17839,075006,1298,9,448,11
17840,075006,1818,13,656,17
17841,075006,1298,9,448,11
17842,075006,1298,9,448,11
17843,075006,1818,13,656,17
17844,075006,1298,9,448,11
17845,075006,1298,9,448,11
17846,075006,1818,13,656,17
17847,075006,1298,9,448,11
17848,075006,1298,9,448,11
17849,075006,1818,13,656,17
17850,075006,1298,9,448,11
17851,075006,1298,9,448,11
17852,075006,1818,13,656,17
17853,075006,1298,9,448,11
17854,075006,1298,9,448,11
17855,075006,1818,13,656,17
17856,075006,1298,9,448,11
17857,075006,1298,9,448,11
17858,075006,1818,13,656,17
17859,075006,1298,9,448,11
17860,075006,1298,9,448,11
17861,075006,1818,13,656,17
17862,075006,1298,9,448,11
17863,075006,1298,9,448,11
17864,075006,1818,13,656,17
17865,075006,1298,9,448,11
17866,075006,1298,9,448,11
17867,075006,1818,13,656,17
17868,075006,1298,9,448,11
17869,075006,1298,9,448,11
17870,075006,1818,13,656,17
17871,075006,1298,9,448,11
17872,075006,1105,7,352,9
17873,075006,1623,11,560,15
17874,075006,1626,11,560,15
17875,075006,1105,7,352,9
17876,075006,1623,11,560,15
17877,075006,1626,11,560,15
17878,075006,1105,7,352,9
17879,075006,1623,11,560,15
17880,075006,1626,11,560,15
17881,075006,1105,7,352,9
17882,075006,1623,11,560,15
17883,075006,1626,11,560,15
17884,075006,1105,7,352,9
17885,075006,1623,11,560,15
17886,075006,1626,11,560,15
17887,075006,1105,7,352,9
17888,075006,1623,11,560,15
17889,075006,1626,11,560,15
17890,075006,1105,7,352,9
17891,075006,1623,11,560,15
17892,075006,1626,11,560,15
17893,075006,1105,7,352,9
17894,075006,1623,11,560,15
17895,075006,1626,11,560,15
17896,075006,1105,7,352,9
17897,075006,1623,11,560,15
17898,075006,1626,11,560,15
17899,075006,1105,7,352,9
17900,075006,1623,11,560,15
17901,075006,1626,11,560,15
17902,075006,1105,7,352,9
17903,075006,1623,11,560,15
17904,075006,1626,11,560,15
17905,075006,1105,7,352,9
17906,075006,1623,11,560,15
17907,075006,1626,11,560,15
17908,075006,1105,7,352,9
17909,075006,1623,11,560,15
17910,075006,1626,11,560,15
17911,075006,1105,7,352,9
17912,075006,1623,11,560,15
17913,075006,1626,11,560,15
17914,075006,1105,7,352,9
17915,075006,1623,11,560,15
17916,075006,1626,11,560,15
17917,075006,1105,7,352,9
17918,075006,1623,11,560,15
17919,075006,1626,11,560,15
17920,075006,1017,7,352,9
17921,075006,1535,11,560,15
17922,075006,1538,11,560,15
17923,075006,1017,7,352,9
17924,075006,1535,11,560,15
17925,075006,1538,11,560,15
17926,075006,1017,7,352,9
17927,075006,1535,11,560,15
17928,075006,1538,11,560,15
17929,075006,1017,7,352,9
17930,075006,1535,11,560,15
17931,075006,1538,11,560,15
17932,075006,1017,7,352,9
17933,075006,1535,11,560,15
17934,075006,1538,11,560,15
17935,075006,1017,7,352,9
17936,075006,1535,11,560,15
17937,075006,1538,11,560,15
17938,075006,1017,7,352,9
17939,075006,1535,11,560,15
17940,075006,1538,11,560,15
17941,075006,1017,7,352,9
17942,075006,1535,11,560,15
17943,075006,1538,11,560,15
17944,075006,1017,7,352,9
17945,075006,1535,11,560,15
17946,075006,1538,11,560,15
17947,075006,1017,7,352,9
17948,075006,1535,11,560,15
17949,075006,1538,11,560,15
17950,075006,1017,7,352,9
17951,075006,1535,11,560,15
17952,075006,1538,11,560,15
17953,075006,1017,7,352,9
17954,075006,1535,11,560,15
17955,075006,1538,11,560,15
17956,075006,1017,7,352,9
17957,075006,1535,11,560,15
17958,075006,1538,11,560,15
17959,075006,1017,7,352,9
17960,075006,1535,11,560,15
17961,075006,1538,11,560,15
17962,075006,1017,7,352,9
17963,075006,1535,11,560,15
17964,075006,1538,11,560,15
17965,075006,1017,7,352,9
17966,075006,1535,11,560,15
17967,075006,1538,11,560,15
17968,075016,1021,7,352,9
17969,075016,1539,11,560,15
17970,075016,1542,11,560,15
17971,075016,1021,7,352,9
17972,075016,1539,11,560,15
17973,075016,1542,11,560,15
17974,075016,1021,7,352,9
17975,075016,1539,11,560,15
17976,075016,1542,11,560,15
17977,075016,1021,7,352,9
17978,075016,1539,11,560,15
17979,075016,1542,11,560,15
17980,075016,1021,7,352,9
17981,075016,1539,11,560,15
17982,075016,1542,11,560,15
17983,075016,1021,7,352,9
17984,075016,1539,11,560,15
17985,075016,1542,11,560,15
17986,075016,1021,7,352,9
17987,075016,1539,11,560,15
17988,075016,1542,11,560,15
17989,075016,1021,7,352,9
17990,075016,1539,11,560,15
17991,075016,1542,11,560,15
17992,075016,1021,7,352,9
17993,075016,1539,11,560,15
17994,075016,1542,11,560,15
17995,075016,1021,7,352,9
17996,075016,1539,11,560,15
17997,075016,1542,11,560,15
17998,075016,1021,7,352,9
17999,075016,1539,11,560,15
18000,075016,1542,11,560,15
18001,075016,1021,7,352,9
18002,075016,1539,11,560,15
18003,075016,1542,11,560,15
18004,075016,1021,7,352,9
18005,075016,1539,11,560,15
18006,075016,1542,11,560,15
18007,075016,1021,7,352,9
18008,075016,1539,11,560,15
18009,075016,1542,11,560,15
18010,075016,1021,7,352,9
18011,075016,1539,11,560,15
18012,075016,1542,11,560,15
18013,075016,1021,7,352,9
18014,075016,1539,11,560,15
18015,075016,1542,11,560,15
18016,075016,1129,7,352,9
18017,075016,1647,11,560,15
18018,075016,1650,11,560,15
18019,075016,1129,7,352,9
18020,075016,1647,11,560,15
18021,075016,1650,11,560,15
18022,075016,1129,7,352,9
18023,075016,1647,11,560,15
18024,075016,1650,11,560,15
18025,075016,1129,7,352,9
18026,075016,1647,11,560,15
18027,075016,1650,11,560,15
18028,075016,1129,7,352,9
18029,075016,1647,11,560,15
18030,075016,1650,11,560,15
18031,075016,1129,7,352,9
18032,075016,1647,11,560,15
18033,075016,1650,11,560,15
18034,075016,1129,7,352,9
18035,075016,1647,11,560,15
18036,075016,1650,11,560,15
18037,075016,1129,7,352,9
18038,075016,1647,11,560,15
18039,075016,1650,11,560,15
18040,075016,1129,7,352,9
18041,075016,1647,11,560,15
18042,075016,1650,11,560,15
18043,075016,1129,7,352,9
18044,075016,1647,11,560,15
18045,075016,1650,11,560,15
18046,075016,1129,7,352,9
18047,075016,1647,11,560,15
18048,075016,1650,11,560,15
18049,075016,1129,7,352,9
18050,075016,1647,11,560,15
18051,075016,1650,11,560,15
18052,075016,1129,7,352,9
18053,075016,1647,11,560,15
18054,075016,1650,11,560,15
18055,075016,1129,7,352,9
18056,075016,1647,11,560,15
18057,075016,1650,11,560,15
18058,075016,1129,7,352,9
18059,075016,1647,11,560,15
18060,075016,1650,11,560,15
18061,075016,1129,7,352,9
18062,075016,1647,11,560,15
18063,075016,1650,11,560,15
18064,075016,1197,7,352,9
18065,075016,1715,11,560,15
18066,075016,1718,11,560,15
18067,075016,1197,7,352,9
18068,075016,1715,11,560,15
18069,075016,1718,11,560,15
18070,075016,1197,7,352,9
18071,075016,1715,11,560,15
18072,075016,1718,11,560,15
18073,075016,1197,7,352,9
18074,075016,1715,11,560,15
18075,075016,1718,11,560,15
18076,075016,1197,7,352,9
18077,075016,1715,11,560,15
18078,075016,1718,11,560,15
18079,075016,1197,7,352,9
18080,075016,1715,11,560,15
18081,075016,1718,11,560,15
18082,075016,1197,7,352,9
18083,075016,1715,11,560,15
18084,075016,1718,11,560,15
18085,075016,1197,7,352,9
18086,075016,1715,11,560,15
18087,075016,1718,11,560,15
18088,075016,1197,7,352,9
18089,075016,1715,11,560,15
18090,075016,1718,11,560,15
18091,075016,1197,7,352,9
18092,075016,1715,11,560,15
18093,075016,1718,11,560,15
18094,075016,1197,7,352,9
18095,075016,1715,11,560,15
18096,075016,1718,11,560,15
18097,075016,1197,7,352,9
18098,075016,1715,11,560,15
18099,075016,1718,11,560,15
18100,075016,1197,7,352,9
18101,075016,1715,11,560,15
18102,075016,1718,11,560,15
18103,075016,1197,7,352,9
18104,075016,1715,11,560,15
18105,075016,1718,11,560,15
18106,075016,1197,7,352,9
18107,075016,1715,11,560,15
18108,075016,1718,11,560,15
18109,075016,1197,7,352,9
18110,075016,1715,11,560,15
18111,075016,1718,11,560,15
18112,075016,1105,7,352,9
18113,075016,1623,11,560,15
18114,075016,1626,11,560,15
18115,075016,1105,7,352,9
18116,075016,1623,11,560,15
18117,075016,1626,11,560,15
18118,075016,1105,7,352,9
18119,075016,1623,11,560,15
18120,075016,1626,11,560,15
18121,075016,1105,7,352,9
18122,075016,1623,11,560,15
18123,075016,1626,11,560,15
18124,075016,1105,7,352,9
18125,075016,1623,11,560,15
18126,075016,1626,11,560,15
18127,075016,1105,7,352,9
18128,075016,1623,11,560,15
18129,075016,1626,11,560,15
18130,075016,1105,7,352,9
18131,075016,1623,11,560,15
18132,075016,1626,11,560,15
18133,075016,1105,7,352,9
18134,075016,1623,11,560,15
18135,075016,1626,11,560,15
18136,075016,1105,7,352,9
18137,075016,1623,11,560,15
18138,075016,1626,11,560,15
18139,075016,1105,7,352,9
18140,075016,1623,11,560,15
18141,075016,1626,11,560,15
18142,075016,1105,7,352,9
18143,075016,1623,11,560,15
18144,075016,1626,11,560,15
18145,075016,1105,7,352,9
18146,075016,1623,11,560,15
18147,075016,1626,11,560,15
18148,075016,1105,7,352,9
18149,075016,1623,11,560,15
18150,075016,1626,11,560,15
18151,075016,1105,7,352,9
18152,075016,1623,11,560,15
18153,075016,1626,11,560,15
18154,075016,1105,7,352,9
18155,075016,1623,11,560,15
18156,075016,1626,11,560,15
18157,075016,1105,7,352,9
18158,075016,1623,11,560,15
18159,075016,1626,11,560,15
18160,075016,1021,7,352,9
18161,075016,1539,11,560,15
18162,075016,1542,11,560,15
18163,075016,1021,7,352,9
18164,075016,1539,11,560,15
18165,075016,1542,11,560,15
18166,075016,1021,7,352,9
18167,075016,1539,11,560,15
18168,075016,1542,11,560,15
18169,075016,1021,7,352,9
18170,075016,1539,11,560,15
18171,075016,1542,11,560,15
18172,075016,1021,7,352,9
18173,075016,1539,11,560,15
18174,075016,1542,11,560,15
18175,075016,1021,7,352,9
18176,075016,1539,11,560,15
18177,075016,1542,11,560,15
18178,075016,1021,7,352,9
18179,075016,1539,11,560,15
18180,075016,1542,11,560,15
18181,075016,1021,7,352,9
18182,075016,1539,11,560,15
18183,075016,1542,11,560,15
18184,075016,1021,7,352,9
18185,075016,1539,11,560,15
18186,075016,1542,11,560,15
18187,075016,1021,7,352,9
18188,075016,1539,11,560,15
18189,075016,1542,11,560,15
18190,075016,1021,7,352,9
18191,075016,1539,11,560,15
18192,075016,1542,11,560,15
18193,075016,1021,7,352,9
18194,075016,1539,11,560,15
18195,075016,1542,11,560,15
18196,075016,1021,7,352,9
18197,075016,1539,11,560,15
18198,075016,1542,11,560,15
18199,075016,1021,7,352,9
18200,075016,1539,11,560,15
18201,075016,1542,11,560,15
18202,075016,1021,7,352,9
18203,075016,1539,11,560,15
18204,075016,1542,11,560,15
18205,075016,1021,7,352,9
18206,075016,1539,11,560,15
18207,075016,1542,11,560,15
18208,075016,1109,7,352,9
18209,075016,1627,11,560,15
18210,075016,1630,11,560,15
18211,075016,1109,7,352,9
18212,075016,1627,11,560,15
18213,075016,1630,11,560,15
18214,075016,1109,7,352,9
18215,075016,1627,11,560,15
18216,075016,1630,11,560,15
18217,075016,1109,7,352,9
18218,075016,1627,11,560,15
18219,075016,1630,11,560,15
18220,075016,1109,7,352,9
18221,075016,1627,11,560,15
18222,075016,1630,11,560,15
18223,075016,1109,7,352,9
18224,075016,1627,11,560,15
18225,075016,1630,11,560,15
18226,075016,1109,7,352,9
18227,075016,1627,11,560,15
18228,075016,1630,11,560,15
18229,075016,1109,7,352,9
18230,075016,1627,11,560,15
18231,075016,1630,11,560,15
18232,075016,1109,7,352,9
18233,075016,1627,11,560,15
18234,075016,1630,11,560,15
18235,075016,1109,7,352,9
18236,075016,1627,11,560,15
18237,075016,1630,11,560,15
18238,075016,1109,7,352,9
18239,075016,1627,11,560,15
18240,075016,1630,11,560,15
18241,075016,1109,7,352,9
18242,075016,1627,11,560,15
18243,075016,1630,11,560,15
18244,075016,1109,7,352,9
18245,075016,1627,11,560,15
18246,075016,1630,11,560,15
18247,075016,1109,7,352,9
18248,075016,1627,11,560,15
18249,075016,1630,11,560,15
18250,075016,1109,7,352,9
18251,075016,1627,11,560,15
18252,075016,1630,11,560,15
18253,075016,1109,7,352,9
18254,075016,1627,11,560,15
18255,075016,1630,11,560,15
18256,075016,1021,7,352,9
18257,075016,1539,11,560,15
18258,075016,1542,11,560,15
18259,075016,1021,7,352,9
18260,075016,1539,11,560,15
18261,075016,1542,11,560,15
18262,075016,1021,7,352,9
18263,075016,1539,11,560,15
18264,075016,1542,11,560,15
18265,075016,1021,7,352,9
18266,075016,1539,11,560,15
18267,075016,1542,11,560,15
18268,075016,1021,7,352,9
18269,075016,1539,11,560,15
18270,075016,1542,11,560,15
18271,075016,1021,7,352,9
18272,075016,1539,11,560,15
18273,075016,1542,11,560,15
18274,075016,1021,7,352,9
18275,075016,1539,11,560,15
18276,075016,1542,11,560,15
18277,075016,1021,7,352,9
18278,075016,1539,11,560,15
18279,075016,1542,11,560,15
18280,075016,1021,7,352,9
18281,075016,1539,11,560,15
18282,075016,1542,11,560,15
18283,075016,1021,7,352,9
18284,075016,1539,11,560,15
18285,075016,1542,11,560,15
18286,075016,1021,7,352,9
18287,075016,1539,11,560,15
18288,075016,1542,11,560,15
18289,075016,1021,7,352,9
18290,075016,1539,11,560,15
18291,075016,1542,11,560,15
18292,075016,1021,7,352,9
18293,075016,1539,11,560,15
18294,075016,1542,11,560,15
18295,075016,1021,7,352,9
18296,075016,1539,11,560,15
18297,075016,1542,11,560,15
18298,075016,1021,7,352,9
18299,075016,1539,11,560,15
18300,075016,1542,11,560,15
18301,075016,1021,7,352,9
18302,075016,1539,11,560,15
18303,075016,1542,11,560,15
18304,075026,1313,7,352,9
18305,075026,1831,11,560,15
18306,075026,1834,11,560,15
18307,075026,1313,7,352,9
18308,075026,1831,11,560,15
18309,075026,1834,11,560,15
18310,075026,1313,7,352,9
18311,075026,1831,11,560,15
18312,075026,1834,11,560,15
18313,075026,1313,7,352,9
18314,075026,1831,11,560,15
18315,075026,1834,11,560,15
18316,075026,1313,7,352,9
18317,075026,1831,11,560,15
18318,075026,1834,11,560,15
18319,075026,1313,7,352,9
18320,075026,1831,11,560,15
18321,075026,1834,11,560,15
18322,075026,1313,7,352,9
18323,075026,1831,11,560,15
18324,075026,1834,11,560,15
18325,075026,1313,7,352,9
18326,075026,1831,11,560,15
18327,075026,1834,11,560,15
18328,075026,1313,7,352,9
18329,075026,1831,11,560,15
18330,075026,1834,11,560,15
18331,075026,1313,7,352,9
18332,075026,1831,11,560,15
18333,075026,1834,11,560,15
18334,075026,1313,7,352,9
18335,075026,1831,11,560,15
18336,075026,1834,11,560,15
18337,075026,1313,7,352,9
18338,075026,1831,11,560,15
18339,075026,1834,11,560,15
18340,075026,1313,7,352,9
18341,075026,1831,11,560,15
18342,075026,1834,11,560,15
18343,075026,1313,7,352,9
18344,075026,1831,11,560,15
18345,075026,1834,11,560,15
18346,075026,1313,7,352,9
18347,075026,1831,11,560,15
18348,075026,1834,11,560,15
18349,075026,1313,7,352,9
18350,075026,1831,11,560,15
18351,075026,1834,11,560,15
18352,075026,1316,7,352,9
18353,075026,1836,11,560,15
18354,075026,1838,11,560,15
18355,075026,1316,7,352,9
18356,075026,1836,11,560,15
18357,075026,1838,11,560,15
18358,075026,1316,7,352,9
18359,075026,1836,11,560,15
18360,075026,1838,11,560,15
18361,075026,1316,7,352,9
18362,075026,1836,11,560,15
18363,075026,1838,11,560,15
18364,075026,1316,7,352,9
18365,075026,1836,11,560,15
18366,075026,1838,11,560,15
18367,075026,1316,7,352,9
18368,075026,1836,11,560,15
18369,075026,1838,11,560,15
18370,075026,1316,7,352,9
18371,075026,1836,11,560,15
18372,075026,1838,11,560,15
18373,075026,1316,7,352,9
18374,075026,1836,11,560,15
18375,075026,1838,11,560,15
18376,075026,1316,7,352,9
18377,075026,1836,11,560,15
18378,075026,1838,11,560,15
18379,075026,1316,7,352,9
18380,075026,1836,11,560,15
18381,075026,1838,11,560,15
18382,075026,1316,7,352,9
18383,075026,1836,11,560,15
18384,075026,1838,11,560,15
18385,075026,1316,7,352,9
18386,075026,1836,11,560,15
18387,075026,1838,11,560,15
18388,075026,1316,7,352,9
18389,075026,1836,11,560,15
18390,075026,1838,11,560,15
18391,075026,1316,7,352,9
18392,075026,1836,11,560,15
18393,075026,1838,11,560,15
18394,075026,1316,7,352,9
18395,075026,1836,11,560,15
18396,075026,1838,11,560,15
18397,075026,1316,7,352,9
18398,075026,1836,11,560,15
18399,075026,1838,11,560,15
18400,075026,1502,9,448,11
18401,075026,2022,13,656,17
18402,075026,1502,9,448,11
18403,075026,1502,9,448,11
18404,075026,2022,13,656,17
18405,075026,1502,9,448,11
18406,075026,1502,9,448,11
18407,075026,2022,13,656,17
18408,075026,1502,9,448,11
18409,075026,1502,9,448,11
18410,075026,2022,13,656,17
18411,075026,1502,9,448,11
18412,075026,1502,9,448,11
18413,075026,2022,13,656,17
18414,075026,1502,9,448,11
18415,075026,1502,9,448,11
18416,075026,2022,13,656,17
18417,075026,1502,9,448,11
18418,075026,1502,9,448,11
18419,075026,2022,13,656,17
18420,075026,1502,9,448,11
18421,075026,1502,9,448,11
18422,075026,2022,13,656,17
18423,075026,1502,9,448,11
18424,075026,1502,9,448,11
18425,075026,2022,13,656,17
18426,075026,1502,9,448,11
18427,075026,1502,9,448,11
18428,075026,2022,13,656,17
18429,075026,1502,9,448,11
18430,075026,1502,9,448,11
18431,075026,2022,13,656,17
18432,075026,1502,9,448,11
18433,075026,1502,9,448,11
18434,075026,2022,13,656,17
18435,075026,1502,9,448,11
18436,075026,1502,9,448,11
18437,075026,2022,13,656,17
18438,075026,1502,9,448,11
18439,075026,1502,9,448,11
18440,075026,2022,13,656,17
18441,075026,1502,9,448,11
18442,075026,1502,9,448,11
18443,075026,2022,13,656,17
18444,075026,1502,9,448,11
18445,075026,1502,9,448,11
18446,075026,2022,13,656,17
18447,075026,1502,9,448,11
18448,075026,1313,7,352,9
18449,075026,1831,11,560,15
18450,075026,1834,11,560,15
18451,075026,1313,7,352,9
18452,075026,1831,11,560,15
18453,075026,1834,11,560,15
18454,075026,1313,7,352,9
18455,075026,1831,11,560,15
18456,075026,1834,11,560,15
18457,075026,1313,7,352,9
18458,075026,1831,11,560,15
18459,075026,1834,11,560,15
18460,075026,1313,7,352,9
18461,075026,1831,11,560,15
18462,075026,1834,11,560,15
18463,075026,1313,7,352,9
18464,075026,1831,11,560,15
18465,075026,1834,11,560,15
18466,075026,1313,7,352,9
18467,075026,1831,11,560,15
18468,075026,1834,11,560,15
18469,075026,1313,7,352,9
18470,075026,1831,11,560,15
18471,075026,1834,11,560,15
18472,075026,1313,7,352,9
18473,075026,1831,11,560,15
18474,075026,1834,11,560,15
18475,075026,1313,7,352,9
18476,075026,1831,11,560,15
18477,075026,1834,11,560,15
18478,075026,1313,7,352,9
18479,075026,1831,11,560,15
18480,075026,1834,11,560,15
18481,075026,1313,7,352,9
18482,075026,1831,11,560,15
18483,075026,1834,11,560,15
18484,075026,1313,7,352,9
18485,075026,1831,11,560,15
18486,075026,1834,11,560,15
18487,075026,1313,7,352,9
18488,075026,1831,11,560,15
18489,075026,1834,11,560,15
18490,075026,1313,7,352,9
18491,075026,1831,11,560,15
18492,075026,1834,11,560,15
18493,075026,1313,7,352,9
18494,075026,1831,11,560,15
18495,075026,1834,11,560,15
18496,075026,1539,9,448,11
18497,075026,2058,13,656,17
18498,075026,1538,9,448,11
18499,075026,1538,9,448,11
18500,075026,2058,13,656,17
18501,075026,1538,9,448,11
18502,075026,1538,9,448,11
18503,075026,2058,13,656,17
18504,075026,1538,9,448,11
18505,075026,1538,9,448,11
18506,075026,2058,13,656,17
18507,075026,1538,9,448,11
18508,075026,1538,9,448,11
18509,075026,2058,13,656,17
18510,075026,1538,9,448,11
18511,075026,1538,9,448,11
18512,075026,2058,13,656,17
18513,075026,1538,9,448,11
18514,075026,1538,9,448,11
18515,075026,2058,13,656,17
18516,075026,1538,9,448,11
18517,075026,1538,9,448,11
18518,075026,2058,13,656,17
18519,075026,1538,9,448,11
18520,075026,1538,9,448,11
18521,075026,2058,13,656,17
18522,075026,1538,9,448,11
18523,075026,1538,9,448,11
18524,075026,2058,13,656,17
18525,075026,1538,9,448,11
18526,075026,1538,9,448,11
18527,075026,2058,13,656,17
18528,075026,1538,9,448,11
18529,075026,1538,9,448,11
18530,075026,2058,13,656,17
18531,075026,1538,9,448,11
18532,075026,1538,9,448,11
18533,075026,2058,13,656,17
18534,075026,1538,9,448,11
18535,075026,1538,9,448,11
18536,075026,2058,13,656,17
18537,075026,1538,9,448,11
18538,075026,1538,9,448,11
18539,075026,2058,13,656,17
18540,075026,1538,9,448,11
18541,075026,1538,9,448,11
18542,075026,2058,13,656,17
18543,075026,1538,9,448,11
18544,075026,988,7,352,9
18545,075026,1507,11,560,15
18546,075026,1510,11,560,15
18547,075026,989,7,352,9
18548,075026,1507,11,560,15
18549,075026,1510,11,560,15
18550,075026,989,7,352,9
18551,075026,1507,11,560,15
18552,075026,1510,11,560,15
18553,075026,989,7,352,9
18554,075026,1507,11,560,15
18555,075026,1510,11,560,15
18556,075026,989,7,352,9
18557,075026,1507,11,560,15
18558,075026,1510,11,560,15
18559,075026,989,7,352,9
18560,075026,1507,11,560,15
18561,075026,1510,11,560,15
18562,075026,989,7,352,9
18563,075026,1507,11,560,15
18564,075026,1510,11,560,15
18565,075026,989,7,352,9
18566,075026,1507,11,560,15
18567,075026,1510,11,560,15
18568,075026,989,7,352,9
18569,075026,1507,11,560,15
18570,075026,1510,11,560,15
18571,075026,989,7,352,9
18572,075026,1507,11,560,15
18573,075026,1510,11,560,15
18574,075026,989,7,352,9
18575,075026,1507,11,560,15
18576,075026,1510,11,560,15
18577,075026,989,7,352,9
18578,075026,1507,11,560,15
18579,075026,1510,11,560,15
18580,075026,989,7,352,9
18581,075026,1507,11,560,15
18582,075026,1510,11,560,15
18583,075026,989,7,352,9
18584,075026,1507,11,560,15
18585,075026,1510,11,560,15
18586,075026,989,7,352,9
18587,075026,1507,11,560,15
18588,075026,1510,11,560,15
18589,075026,989,7,352,9
18590,075026,1507,11,560,15
18591,075026,1510,11,560,15
18592,075026,989,7,352,9
18593,075026,1507,11,560,15
18594,075026,1510,11,560,15
18595,075026,989,7,352,9
18596,075026,1507,11,560,15
18597,075026,1510,11,560,15
18598,075026,989,7,352,9
18599,075026,1507,11,560,15
18600,075026,1510,11,560,15
18601,075026,989,7,352,9
18602,075026,1507,11,560,15
18603,075026,1510,11,560,15
18604,075026,989,7,352,9
18605,075026,1507,11,560,15
18606,075026,1510,11,560,15
18607,075026,989,7,352,9
18608,075026,1507,11,560,15
18609,075026,1510,11,560,15
18610,075026,989,7,352,9
18611,075026,1507,11,560,15
18612,075026,1510,11,560,15
18613,075026,989,7,352,9
18614,075026,1507,11,560,15
18615,075026,1510,11,560,15
18616,075026,989,7,352,9
18617,075026,1507,11,560,15
18618,075026,1510,11,560,15
18619,075026,989,7,352,9
18620,075026,1507,11,560,15
18621,075026,1510,11,560,15
18622,075026,989,7,352,9
18623,075026,1507,11,560,15
18624,075026,1510,11,560,15
18625,075026,989,7,352,9
18626,075026,1507,11,560,15
18627,075026,1510,11,560,15
18628,075026,989,7,352,9
18629,075026,1507,11,560,15
18630,075026,1510,11,560,15
18631,075026,989,7,352,9
18632,075026,1507,11,560,15
18633,075026,1510,11,560,15
18634,075026,989,7,352,9
18635,075026,1507,11,560,15
18636,075026,1510,11,560,15
18637,075026,989,7,352,9
18638,075026,1507,11,560,15
18639,075026,1510,11,560,15
18640,075036,1453,7,352,9
18641,075036,1971,11,560,15
18642,075036,1974,11,560,15
18643,075036,1453,7,352,9
18644,075036,1971,11,560,15
18645,075036,1974,11,560,15
18646,075036,1453,7,352,9
18647,075036,1971,11,560,15
18648,075036,1974,11,560,15
18649,075036,1453,7,352,9
18650,075036,1971,11,560,15
18651,075036,1974,11,560,15
18652,075036,1453,7,352,9
18653,075036,1971,11,560,15
18654,075036,1974,11,560,15
18655,075036,1453,7,352,9
18656,075036,1971,11,560,15
18657,075036,1974,11,560,15
18658,075036,1453,7,352,9
18659,075036,1971,11,560,15
18660,075036,1974,11,560,15
18661,075036,1453,7,352,9
18662,075036,1971,11,560,15
18663,075036,1974,11,560,15
18664,075036,1453,7,352,9
18665,075036,1971,11,560,15
18666,075036,1974,11,560,15
18667,075036,1453,7,352,9
18668,075036,1971,11,560,15
18669,075036,1974,11,560,15
18670,075036,1453,7,352,9
18671,075036,1971,11,560,15
18672,075036,1974,11,560,15
18673,075036,1453,7,352,9
18674,075036,1971,11,560,15
18675,075036,1974,11,560,15
18676,075036,1453,7,352,9
18677,075036,1971,11,560,15
18678,075036,1974,11,560,15
18679,075036,1453,7,352,9
18680,075036,1971,11,560,15
18681,075036,1974,11,560,15
18682,075036,1453,7,352,9
18683,075036,1971,11,560,15
18684,075036,1974,11,560,15
18685,075036,1453,7,352,9
18686,075036,1971,11,560,15
18687,075036,1974,11,560,15
18688,075036,1461,7,352,9
18689,075036,1979,11,560,15
18690,075036,1982,11,560,15
18691,075036,1461,7,352,9
18692,075036,1979,11,560,15
18693,075036,1982,11,560,15
18694,075036,1461,7,352,9
18695,075036,1979,11,560,15
18696,075036,1982,11,560,15
18697,075036,1461,7,352,9
18698,075036,1979,11,560,15
18699,075036,1982,11,560,15
18700,075036,1461,7,352,9
18701,075036,1979,11,560,15
18702,075036,1982,11,560,15
18703,075036,1461,7,352,9
18704,075036,1979,11,560,15
18705,075036,1982,11,560,15
18706,075036,1461,7,352,9
18707,075036,1979,11,560,15
18708,075036,1982,11,560,15
18709,075036,1461,7,352,9
18710,075036,1979,11,560,15
18711,075036,1982,11,560,15
18712,075036,1461,7,352,9
18713,075036,1979,11,560,15
18714,075036,1982,11,560,15
18715,075036,1461,7,352,9
18716,075036,1979,11,560,15
18717,075036,1982,11,560,15
18718,075036,1461,7,352,9
18719,075036,1979,11,560,15
18720,075036,1982,11,560,15
18721,075036,1461,7,352,9
18722,075036,1979,11,560,15
18723,075036,1982,11,560,15
18724,075036,1461,7,352,9
18725,075036,1979,11,560,15
18726,075036,1982,11,560,15
18727,075036,1461,7,352,9
18728,075036,1979,11,560,15
18729,075036,1982,11,560,15
18730,075036,1461,7,352,9
18731,075036,1979,11,560,15
18732,075036,1982,11,560,15
18733,075036,1461,7,352,9
18734,075036,1979,11,560,15
18735,075036,1982,11,560,15
18736,075036,1453,7,352,9
18737,075036,1971,11,560,15
18738,075036,1974,11,560,15
18739,075036,1453,7,352,9
18740,075036,1971,11,560,15
18741,075036,1974,11,560,15
18742,075036,1453,7,352,9
18743,075036,1971,11,560,15
18744,075036,1974,11,560,15
18745,075036,1453,7,352,9
18746,075036,1971,11,560,15
18747,075036,1974,11,560,15
18748,075036,1453,7,352,9
18749,075036,1971,11,560,15
18750,075036,1974,11,560,15
18751,075036,1453,7,352,9
18752,075036,1971,11,560,15
18753,075036,1974,11,560,15
18754,075036,1453,7,352,9
18755,075036,1971,11,560,15
18756,075036,1974,11,560,15
18757,075036,1453,7,352,9
18758,075036,1971,11,560,15
18759,075036,1974,11,560,15
18760,075036,1453,7,352,9
18761,075036,1971,11,560,15
18762,075036,1974,11,560,15
18763,075036,1453,7,352,9
18764,075036,1971,11,560,15
18765,075036,1974,11,560,15
18766,075036,1453,7,352,9
18767,075036,1971,11,560,15
18768,075036,1974,11,560,15
18769,075036,1453,7,352,9
18770,075036,1971,11,560,15
18771,075036,1974,11,560,15
18772,075036,1453,7,352,9
18773,075036,1971,11,560,15
18774,075036,1974,11,560,15
18775,075036,1453,7,352,9
18776,075036,1971,11,560,15
18777,075036,1974,11,560,15
18778,075036,1453,7,352,9
18779,075036,1971,11,560,15
18780,075036,1974,11,560,15
18781,075036,1453,7,352,9
18782,075036,1971,11,560,15
18783,075036,1974,11,560,15
18784,075036,1453,7,352,9
18785,075036,1971,11,560,15
18786,075036,1974,11,560,15
18787,075036,1453,7,352,9
18788,075036,1971,11,560,15
18789,075036,1974,11,560,15
18790,075036,1453,7,352,9
18791,075036,1971,11,560,15
18792,075036,1974,11,560,15
18793,075036,1453,7,352,9
18794,075036,1971,11,560,15
18795,075036,1974,11,560,15
18796,075036,1453,7,352,9
18797,075036,1971,11,560,15
18798,075036,1974,11,560,15
18799,075036,1453,7,352,9
18800,075036,1971,11,560,15
18801,075036,1974,11,560,15
18802,075036,1453,7,352,9
18803,075036,1971,11,560,15
18804,075036,1974,11,560,15
18805,075036,1453,7,352,9
18806,075036,1971,11,560,15
18807,075036,1974,11,560,15
18808,075036,1453,7,352,9
18809,075036,1971,11,560,15
18810,075036,1974,11,560,15
18811,075036,1453,7,352,9
18812,075036,1971,11,560,15
18813,075036,1974,11,560,15
18814,075036,1453,7,352,9
18815,075036,1971,11,560,15
18816,075036,1974,11,560,15
18817,075036,1453,7,352,9
18818,075036,1971,11,560,15
18819,075036,1974,11,560,15
18820,075036,1453,7,352,9
18821,075036,1971,11,560,15
18822,075036,1974,11,560,15
18823,075036,1453,7,352,9
18824,075036,1971,11,560,15
18825,075036,1974,11,560,15
18826,075036,1453,7,352,9
18827,075036,1971,11,560,15
18828,075036,1974,11,560,15
18829,075036,1453,7,352,9
18830,075036,1971,11,560,15
18831,075036,1974,11,560,15
18832,075036,1453,7,352,9
18833,075036,1971,11,560,15
18834,075036,1974,11,560,15
18835,075036,1453,7,352,9
18836,075036,1971,11,560,15
18837,075036,1974,11,560,15
18838,075036,1453,7,352,9
18839,075036,1971,11,560,15
18840,075036,1974,11,560,15
18841,075036,1453,7,352,9
18842,075036,1971,11,560,15
18843,075036,1974,11,560,15
18844,075036,1453,7,352,9
18845,075036,1971,11,560,15
18846,075036,1974,11,560,15
18847,075036,1453,7,352,9
18848,075036,1971,11,560,15
18849,075036,1974,11,560,15
18850,075036,1453,7,352,9
18851,075036,1971,11,560,15
18852,075036,1974,11,560,15
18853,075036,1453,7,352,9
18854,075036,1971,11,560,15
18855,075036,1974,11,560,15
18856,075036,1453,7,352,9
18857,075036,1971,11,560,15
18858,075036,1974,11,560,15
18859,075036,1453,7,352,9
18860,075036,1971,11,560,15
18861,075036,1974,11,560,15
18862,075036,1453,7,352,9
18863,075036,1971,11,560,15
18864,075036,1974,11,560,15
18865,075036,1453,7,352,9
18866,075036,1971,11,560,15
18867,075036,1974,11,560,15
18868,075036,1453,7,352,9
18869,075036,1971,11,560,15
18870,075036,1974,11,560,15
18871,075036,1453,7,352,9
18872,075036,1971,11,560,15
18873,075036,1974,11,560,15
18874,075036,1453,7,352,9
18875,075036,1971,11,560,15
18876,075036,1974,11,560,15
18877,075036,1453,7,352,9
18878,075036,1971,11,560,15
18879,075036,1974,11,560,15
18880,075036,1226,9,448,11
18881,075036,1746,13,656,17
18882,075036,1226,9,448,11
18883,075036,1226,9,448,11
18884,075036,1746,13,656,17
18885,075036,1226,9,448,11
18886,075036,1226,9,448,11
18887,075036,1746,13,656,17
18888,075036,1226,9,448,11
18889,075036,1226,9,448,11
18890,075036,1746,13,656,17
18891,075036,1226,9,448,11
18892,075036,1226,9,448,11
18893,075036,1746,13,656,17
18894,075036,1226,9,448,11
18895,075036,1226,9,448,11
18896,075036,1746,13,656,17
18897,075036,1226,9,448,11
18898,075036,1226,9,448,11
18899,075036,1746,13,656,17
18900,075036,1226,9,448,11
18901,075036,1226,9,448,11
18902,075036,1746,13,656,17
18903,075036,1226,9,448,11
18904,075036,1226,9,448,11
18905,075036,1746,13,656,17
18906,075036,1226,9,448,11
18907,075036,1226,9,448,11
18908,075036,1746,13,656,17
18909,075036,1226,9,448,11
18910,075036,1226,9,448,11
18911,075036,1746,13,656,17
18912,075036,1226,9,448,11
18913,075036,1226,9,448,11
18914,075036,1746,13,656,17
18915,075036,1226,9,448,11
18916,075036,1226,9,448,11
18917,075036,1746,13,656,17
18918,075036,1226,9,448,11
18919,075036,1226,9,448,11
18920,075036,1746,13,656,17
18921,075036,1226,9,448,11
18922,075036,1226,9,448,11
18923,075036,1746,13,656,17
18924,075036,1226,9,448,11
18925,075036,1226,9,448,11
18926,075036,1746,13,656,17
18927,075036,1226,9,448,11
18928,075036,1226,9,448,11
18929,075036,1746,13,656,17
18930,075036,1226,9,448,11
18931,075036,1226,9,448,11
18932,075036,1746,13,656,17
18933,075036,1226,9,448,11
18934,075036,1226,9,448,11
18935,075036,1746,13,656,17
18936,075036,1226,9,448,11
18937,075036,1226,9,448,11
18938,075036,1746,13,656,17
18939,075036,1226,9,448,11
18940,075036,1226,9,448,11
18941,075036,1746,13,656,17
18942,075036,1226,9,448,11
18943,075036,1226,9,448,11
18944,075036,1746,13,656,17
18945,075036,1226,9,448,11
18946,075036,1226,9,448,11
18947,075036,1746,13,656,17
18948,075036,1226,9,448,11
18949,075036,1226,9,448,11
18950,075036,1746,13,656,17
18951,075036,1226,9,448,11
18952,075036,1226,9,448,11
18953,075036,1746,13,656,17
18954,075036,1226,9,448,11
18955,075036,1226,9,448,11
18956,075036,1746,13,656,17
18957,075036,1226,9,448,11
18958,075036,1226,9,448,11
18959,075036,1746,13,656,17
18960,075036,1226,9,448,11
18961,075036,1226,9,448,11
18962,075036,1746,13,656,17
18963,075036,1226,9,448,11
18964,075036,1226,9,448,11
18965,075036,1746,13,656,17
18966,075036,1226,9,448,11
18967,075036,1226,9,448,11
18968,075036,1746,13,656,17
18969,075036,1226,9,448,11
18970,075036,1226,9,448,11
18971,075036,1746,13,656,17
18972,075036,1226,9,448,11
18973,075036,1226,9,448,11
18974,075036,1746,13,656,17
18975,075036,1226,9,448,11
18976,075007,1112,7,352,9
18977,075007,1632,11,560,15
18978,075007,1634,11,560,15
18979,075007,1112,7,352,9
18980,075007,1632,11,560,15
18981,075007,1634,11,560,15
18982,075007,1112,7,352,9
18983,075007,1632,11,560,15
18984,075007,1634,11,560,15
18985,075007,1112,7,352,9
18986,075007,1632,11,560,15
18987,075007,1634,11,560,15
18988,075007,1112,7,352,9
18989,075007,1632,11,560,15
18990,075007,1634,11,560,15
18991,075007,1112,7,352,9
18992,075007,1632,11,560,15
18993,075007,1634,11,560,15
18994,075007,1112,7,352,9
18995,075007,1632,11,560,15
18996,075007,1634,11,560,15
18997,075007,1112,7,352,9
18998,075007,1632,11,560,15
18999,075007,1634,11,560,15
19000,075007,1112,7,352,9
19001,075007,1632,11,560,15
19002,075007,1634,11,560,15
19003,075007,1112,7,352,9
19004,075007,1632,11,560,15
19005,075007,1634,11,560,15
19006,075007,1112,7,352,9
19007,075007,1632,11,560,15
19008,075007,1634,11,560,15
19009,075007,1112,7,352,9
19010,075007,1632,11,560,15
19011,075007,1634,11,560,15
19012,075007,1112,7,352,9
19013,075007,1632,11,560,15
19014,075007,1634,11,560,15
19015,075007,1112,7,352,9
19016,075007,1632,11,560,15
19017,075007,1634,11,560,15
19018,075007,1112,7,352,9
19019,075007,1632,11,560,15
19020,075007,1634,11,560,15
19021,075007,1112,7,352,9
19022,075007,1632,11,560,15
19023,075007,1634,11,560,15
19024,075007,1137,7,352,9
19025,075007,1655,11,560,15
19026,075007,1658,11,560,15
19027,075007,1137,7,352,9
19028,075007,1655,11,560,15
19029,075007,1658,11,560,15
19030,075007,1137,7,352,9
19031,075007,1655,11,560,15
19032,075007,1658,11,560,15
19033,075007,1137,7,352,9
19034,075007,1655,11,560,15
19035,075007,1658,11,560,15
19036,075007,1137,7,352,9
19037,075007,1655,11,560,15
19038,075007,1658,11,560,15
19039,075007,1137,7,352,9
19040,075007,1655,11,560,15
19041,075007,1658,11,560,15
19042,075007,1137,7,352,9
19043,075007,1655,11,560,15
19044,075007,1658,11,560,15
19045,075007,1137,7,352,9
19046,075007,1655,11,560,15
19047,075007,1658,11,560,15
19048,075007,1137,7,352,9
19049,075007,1655,11,560,15
19050,075007,1658,11,560,15
19051,075007,1137,7,352,9
19052,075007,1655,11,560,15
19053,075007,1658,11,560,15
19054,075007,1137,7,352,9
19055,075007,1655,11,560,15
19056,075007,1658,11,560,15
19057,075007,1137,7,352,9
19058,075007,1655,11,560,15
19059,075007,1658,11,560,15
19060,075007,1137,7,352,9
19061,075007,1655,11,560,15
19062,075007,1658,11,560,15
19063,075007,1137,7,352,9
19064,075007,1655,11,560,15
19065,075007,1658,11,560,15
19066,075007,1137,7,352,9
19067,075007,1655,11,560,15
19068,075007,1658,11,560,15
19069,075007,1137,7,352,9
19070,075007,1655,11,560,15
19071,075007,1658,11,560,15
19072,075007,1112,7,352,9
19073,075007,1632,11,560,15
19074,075007,1634,11,560,15
19075,075007,1112,7,352,9
19076,075007,1632,11,560,15
19077,075007,1634,11,560,15
19078,075007,1112,7,352,9
19079,075007,1632,11,560,15
19080,075007,1634,11,560,15
19081,075007,1112,7,352,9
19082,075007,1632,11,560,15
19083,075007,1634,11,560,15
19084,075007,1112,7,352,9
19085,075007,1632,11,560,15
19086,075007,1634,11,560,15
19087,075007,1112,7,352,9
19088,075007,1632,11,560,15
19089,075007,1634,11,560,15
19090,075007,1112,7,352,9
19091,075007,1632,11,560,15
19092,075007,1634,11,560,15
19093,075007,1112,7,352,9
19094,075007,1632,11,560,15
19095,075007,1634,11,560,15
19096,075007,1112,7,352,9
19097,075007,1632,11,560,15
19098,075007,1634,11,560,15
19099,075007,1112,7,352,9
19100,075007,1632,11,560,15
19101,075007,1634,11,560,15
19102,075007,1112,7,352,9
19103,075007,1632,11,560,15
19104,075007,1634,11,560,15
19105,075007,1112,7,352,9
19106,075007,1632,11,560,15
19107,075007,1634,11,560,15
19108,075007,1112,7,352,9
19109,075007,1632,11,560,15
19110,075007,1634,11,560,15
19111,075007,1112,7,352,9
19112,075007,1632,11,560,15
19113,075007,1634,11,560,15
19114,075007,1112,7,352,9
19115,075007,1632,11,560,15
19116,075007,1634,11,560,15
19117,075007,1112,7,352,9
19118,075007,1632,11,560,15
19119,075007,1634,11,560,15
19120,075007,1097,7,352,9
19121,075007,1615,11,560,15
19122,075007,1618,11,560,15
19123,075007,1097,7,352,9
19124,075007,1615,11,560,15
19125,075007,1618,11,560,15
19126,075007,1097,7,352,9
19127,075007,1615,11,560,15
19128,075007,1618,11,560,15
19129,075007,1097,7,352,9
19130,075007,1615,11,560,15
19131,075007,1618,11,560,15
19132,075007,1097,7,352,9
19133,075007,1615,11,560,15
19134,075007,1618,11,560,15
19135,075007,1097,7,352,9
19136,075007,1615,11,560,15
19137,075007,1618,11,560,15
19138,075007,1097,7,352,9
19139,075007,1615,11,560,15
19140,075007,1618,11,560,15
19141,075007,1097,7,352,9
19142,075007,1615,11,560,15
19143,075007,1618,11,560,15
19144,075007,1097,7,352,9
19145,075007,1615,11,560,15
19146,075007,1618,11,560,15
19147,075007,1097,7,352,9
19148,075007,1615,11,560,15
19149,075007,1618,11,560,15
19150,075007,1097,7,352,9
19151,075007,1615,11,560,15
19152,075007,1618,11,560,15
19153,075007,1097,7,352,9
19154,075007,1615,11,560,15
19155,075007,1618,11,560,15
19156,075007,1097,7,352,9
19157,075007,1615,11,560,15
19158,075007,1618,11,560,15
19159,075007,1097,7,352,9
19160,075007,1615,11,560,15
19161,075007,1618,11,560,15
19162,075007,1097,7,352,9
19163,075007,1615,11,560,15
19164,075007,1618,11,560,15
19165,075007,1097,7,352,9
19166,075007,1615,11,560,15
19167,075007,1618,11,560,15
19168,075007,1298,9,448,11
19169,075007,1818,13,656,17
19170,075007,1298,9,448,11
19171,075007,1298,9,448,11
19172,075007,1818,13,656,17
19173,075007,1298,9,448,11
19174,075007,1298,9,448,11
19175,075007,1818,13,656,17
19176,075007,1298,9,448,11
19177,075007,1298,9,448,11
19178,075007,1818,13,656,17
19179,075007,1298,9,448,11
19180,075007,1298,9,448,11
19181,075007,1818,13,656,17
19182,075007,1298,9,448,11
19183,075007,1298,9,448,11
19184,075007,1818,13,656,17
19185,075007,1298,9,448,11
19186,075007,1298,9,448,11
19187,075007,1818,13,656,17
19188,075007,1298,9,448,11
19189,075007,1298,9,448,11
19190,075007,1818,13,656,17
19191,075007,1298,9,448,11
19192,075007,1298,9,448,11
19193,075007,1818,13,656,17
19194,075007,1298,9,448,11
19195,075007,1298,9,448,11
19196,075007,1818,13,656,17
19197,075007,1298,9,448,11
19198,075007,1298,9,448,11
19199,075007,1818,13,656,17
19200,075007,1298,9,448,11
19201,075007,1298,9,448,11
19202,075007,1818,13,656,17
19203,075007,1298,9,448,11
19204,075007,1298,9,448,11
19205,075007,1818,13,656,17
19206,075007,1298,9,448,11
19207,075007,1298,9,448,11
19208,075007,1818,13,656,17
19209,075007,1298,9,448,11
19210,075007,1298,9,448,11
19211,075007,1818,13,656,17
19212,075007,1298,9,448,11
19213,075007,1298,9,448,11
19214,075007,1818,13,656,17
19215,075007,1298,9,448,11
19216,075007,1105,7,352,9
19217,075007,1623,11,560,15
19218,075007,1626,11,560,15
19219,075007,1105,7,352,9
19220,075007,1623,11,560,15
19221,075007,1626,11,560,15
19222,075007,1105,7,352,9
19223,075007,1623,11,560,15
19224,075007,1626,11,560,15
19225,075007,1105,7,352,9
19226,075007,1623,11,560,15
19227,075007,1626,11,560,15
19228,075007,1105,7,352,9
19229,075007,1623,11,560,15
19230,075007,1626,11,560,15
19231,075007,1105,7,352,9
19232,075007,1623,11,560,15
19233,075007,1626,11,560,15
19234,075007,1105,7,352,9
19235,075007,1623,11,560,15
19236,075007,1626,11,560,15
19237,075007,1105,7,352,9
19238,075007,1623,11,560,15
19239,075007,1626,11,560,15
19240,075007,1105,7,352,9
19241,075007,1623,11,560,15
19242,075007,1626,11,560,15
19243,075007,1105,7,352,9
19244,075007,1623,11,560,15
19245,075007,1626,11,560,15
19246,075007,1105,7,352,9
19247,075007,1623,11,560,15
19248,075007,1626,11,560,15
19249,075007,1105,7,352,9
19250,075007,1623,11,560,15
19251,075007,1626,11,560,15
19252,075007,1105,7,352,9
19253,075007,1623,11,560,15
19254,075007,1626,11,560,15
19255,075007,1105,7,352,9
19256,075007,1623,11,560,15
19257,075007,1626,11,560,15
19258,075007,1105,7,352,9
19259,075007,1623,11,560,15
19260,075007,1626,11,560,15
19261,075007,1105,7,352,9
19262,075007,1623,11,560,15
19263,075007,1626,11,560,15
19264,075007,1017,7,352,9
19265,075007,1535,11,560,15
19266,075007,1538,11,560,15
19267,075007,1017,7,352,9
19268,075007,1535,11,560,15
19269,075007,1538,11,560,15
19270,075007,1017,7,352,9
19271,075007,1535,11,560,15
19272,075007,1538,11,560,15
19273,075007,1017,7,352,9
19274,075007,1535,11,560,15
19275,075007,1538,11,560,15
19276,075007,1017,7,352,9
19277,075007,1535,11,560,15
19278,075007,1538,11,560,15
19279,075007,1017,7,352,9
19280,075007,1535,11,560,15
19281,075007,1538,11,560,15
19282,075007,1017,7,352,9
19283,075007,1535,11,560,15
19284,075007,1538,11,560,15
19285,075007,1017,7,352,9
19286,075007,1535,11,560,15
19287,075007,1538,11,560,15
19288,075007,1017,7,352,9
19289,075007,1535,11,560,15
19290,075007,1538,11,560,15
19291,075007,1017,7,352,9
19292,075007,1535,11,560,15
19293,075007,1538,11,560,15
19294,075007,1017,7,352,9
19295,075007,1535,11,560,15
19296,075007,1538,11,560,15
19297,075007,1017,7,352,9
19298,075007,1535,11,560,15
19299,075007,1538,11,560,15
19300,075007,1017,7,352,9
19301,075007,1535,11,560,15
19302,075007,1538,11,560,15
19303,075007,1017,7,352,9
19304,075007,1535,11,560,15
19305,075007,1538,11,560,15
19306,075007,1017,7,352,9
19307,075007,1535,11,560,15
19308,075007,1538,11,560,15
19309,075007,1017,7,352,9
19310,075007,1535,11,560,15
19311,075007,1538,11,560,15
19312,075017,1021,7,352,9
19313,075017,1539,11,560,15
19314,075017,1542,11,560,15
19315,075017,1021,7,352,9
19316,075017,1539,11,560,15
19317,075017,1542,11,560,15
19318,075017,1021,7,352,9
19319,075017,1539,11,560,15
19320,075017,1542,11,560,15
19321,075017,1021,7,352,9
19322,075017,1539,11,560,15
19323,075017,1542,11,560,15
19324,075017,1021,7,352,9
19325,075017,1539,11,560,15
19326,075017,1542,11,560,15
19327,075017,1021,7,352,9
19328,075017,1539,11,560,15
19329,075017,1542,11,560,15
19330,075017,1021,7,352,9
19331,075017,1539,11,560,15
19332,075017,1542,11,560,15
19333,075017,1021,7,352,9
19334,075017,1539,11,560,15
19335,075017,1542,11,560,15
19336,075017,1021,7,352,9
19337,075017,1539,11,560,15
19338,075017,1542,11,560,15
19339,075017,1021,7,352,9
19340,075017,1539,11,560,15
19341,075017,1542,11,560,15
19342,075017,1021,7,352,9
19343,075017,1539,11,560,15
19344,075017,1542,11,560,15
19345,075017,1021,7,352,9
19346,075017,1539,11,560,15
19347,075017,1542,11,560,15
19348,075017,1021,7,352,9
19349,075017,1539,11,560,15
19350,075017,1542,11,560,15
19351,075017,1021,7,352,9
19352,075017,1539,11,560,15
19353,075017,1542,11,560,15
19354,075017,1021,7,352,9
19355,075017,1539,11,560,15
19356,075017,1542,11,560,15
19357,075017,1021,7,352,9
19358,075017,1539,11,560,15
19359,075017,1542,11,560,15
19360,075017,1129,7,352,9
19361,075017,1647,11,560,15
19362,075017,1650,11,560,15
19363,075017,1129,7,352,9
19364,075017,1647,11,560,15
19365,075017,1650,11,560,15
19366,075017,1129,7,352,9
19367,075017,1647,11,560,15
19368,075017,1650,11,560,15
19369,075017,1129,7,352,9
19370,075017,1647,11,560,15
19371,075017,1650,11,560,15
19372,075017,1129,7,352,9
19373,075017,1647,11,560,15
19374,075017,1650,11,560,15
19375,075017,1129,7,352,9
19376,075017,1647,11,560,15
19377,075017,1650,11,560,15
19378,075017,1129,7,352,9
19379,075017,1647,11,560,15
19380,075017,1650,11,560,15
19381,075017,1129,7,352,9
19382,075017,1647,11,560,15
19383,075017,1650,11,560,15
19384,075017,1129,7,352,9
19385,075017,1647,11,560,15
19386,075017,1650,11,560,15
19387,075017,1129,7,352,9
19388,075017,1647,11,560,15
19389,075017,1650,11,560,15
19390,075017,1129,7,352,9
19391,075017,1647,11,560,15
19392,075017,1650,11,560,15
19393,075017,1129,7,352,9
19394,075017,1647,11,560,15
19395,075017,1650,11,560,15
19396,075017,1129,7,352,9
19397,075017,1647,11,560,15
19398,075017,1650,11,560,15
19399,075017,1129,7,352,9
19400,075017,1647,11,560,15
19401,075017,1650,11,560,15
19402,075017,1129,7,352,9
19403,075017,1647,11,560,15
19404,075017,1650,11,560,15
19405,075017,1129,7,352,9
19406,075017,1647,11,560,15
19407,075017,1650,11,560,15
19408,075017,1197,7,352,9
19409,075017,1715,11,560,15
19410,075017,1718,11,560,15
19411,075017,1197,7,352,9
19412,075017,1715,11,560,15
19413,075017,1718,11,560,15
19414,075017,1197,7,352,9
19415,075017,1715,11,560,15
19416,075017,1718,11,560,15
19417,075017,1197,7,352,9
19418,075017,1715,11,560,15
19419,075017,1718,11,560,15
19420,075017,1197,7,352,9
19421,075017,1715,11,560,15
19422,075017,1718,11,560,15
19423,075017,1197,7,352,9
19424,075017,1715,11,560,15
19425,075017,1718,11,560,15
19426,075017,1197,7,352,9
19427,075017,1715,11,560,15
19428,075017,1718,11,560,15
19429,075017,1197,7,352,9
19430,075017,1715,11,560,15
19431,075017,1718,11,560,15
19432,075017,1197,7,352,9
19433,075017,1715,11,560,15
19434,075017,1718,11,560,15
19435,075017,1197,7,352,9
19436,075017,1715,11,560,15
19437,075017,1718,11,560,15
19438,075017,1197,7,352,9
19439,075017,1715,11,560,15
19440,075017,1718,11,560,15
19441,075017,1197,7,352,9
19442,075017,1715,11,560,15
19443,075017,1718,11,560,15
19444,075017,1197,7,352,9
19445,075017,1715,11,560,15
19446,075017,1718,11,560,15
19447,075017,1197,7,352,9
19448,075017,1715,11,560,15
19449,075017,1718,11,560,15
19450,075017,1197,7,352,9
19451,075017,1715,11,560,15
19452,075017,1718,11,560,15
19453,075017,1197,7,352,9
19454,075017,1715,11,560,15
19455,075017,1718,11,560,15
19456,075017,1105,7,352,9
19457,075017,1623,11,560,15
19458,075017,1626,11,560,15
19459,075017,1105,7,352,9
19460,075017,1623,11,560,15
19461,075017,1626,11,560,15
19462,075017,1105,7,352,9
19463,075017,1623,11,560,15
19464,075017,1626,11,560,15
19465,075017,1105,7,352,9
19466,075017,1623,11,560,15
19467,075017,1626,11,560,15
19468,075017,1105,7,352,9
19469,075017,1623,11,560,15
19470,075017,1626,11,560,15
19471,075017,1105,7,352,9
19472,075017,1623,11,560,15
19473,075017,1626,11,560,15
19474,075017,1105,7,352,9
19475,075017,1623,11,560,15
19476,075017,1626,11,560,15
19477,075017,1105,7,352,9
19478,075017,1623,11,560,15
19479,075017,1626,11,560,15
19480,075017,1105,7,352,9
19481,075017,1623,11,560,15
19482,075017,1626,11,560,15
19483,075017,1105,7,352,9
19484,075017,1623,11,560,15
19485,075017,1626,11,560,15
19486,075017,1105,7,352,9
19487,075017,1623,11,560,15
19488,075017,1626,11,560,15
19489,075017,1105,7,352,9
19490,075017,1623,11,560,15
19491,075017,1626,11,560,15
19492,075017,1105,7,352,9
19493,075017,1623,11,560,15
19494,075017,1626,11,560,15
19495,075017,1105,7,352,9
19496,075017,1623,11,560,15
19497,075017,1626,11,560,15
19498,075017,1105,7,352,9
19499,075017,1623,11,560,15
19500,075017,1626,11,560,15
19501,075017,1105,7,352,9
19502,075017,1623,11,560,15
19503,075017,1626,11,560,15
19504,075017,1021,7,352,9
19505,075017,1539,11,560,15
19506,075017,1542,11,560,15
19507,075017,1021,7,352,9
19508,075017,1539,11,560,15
19509,075017,1542,11,560,15
19510,075017,1021,7,352,9
19511,075017,1539,11,560,15
19512,075017,1542,11,560,15
19513,075017,1021,7,352,9
19514,075017,1539,11,560,15
19515,075017,1542,11,560,15
19516,075017,1021,7,352,9
19517,075017,1539,11,560,15
19518,075017,1542,11,560,15
19519,075017,1021,7,352,9
19520,075017,1539,11,560,15
19521,075017,1542,11,560,15
19522,075017,1021,7,352,9
19523,075017,1539,11,560,15
19524,075017,1542,11,560,15
19525,075017,1021,7,352,9
19526,075017,1539,11,560,15
19527,075017,1542,11,560,15
19528,075017,1021,7,352,9
19529,075017,1539,11,560,15
19530,075017,1542,11,560,15
19531,075017,1021,7,352,9
19532,075017,1539,11,560,15
19533,075017,1542,11,560,15
19534,075017,1021,7,352,9
19535,075017,1539,11,560,15
19536,075017,1542,11,560,15
19537,075017,1021,7,352,9
19538,075017,1539,11,560,15
19539,075017,1542,11,560,15
19540,075017,1021,7,352,9
19541,075017,1539,11,560,15
19542,075017,1542,11,560,15
19543,075017,1021,7,352,9
19544,075017,1539,11,560,15
19545,075017,1542,11,560,15
19546,075017,1021,7,352,9
19547,075017,1539,11,560,15
19548,075017,1542,11,560,15
19549,075017,1021,7,352,9
19550,075017,1539,11,560,15
19551,075017,1542,11,560,15
19552,075017,1109,7,352,9
19553,075017,1627,11,560,15
19554,075017,1630,11,560,15
19555,075017,1109,7,352,9
19556,075017,1627,11,560,15
19557,075017,1630,11,560,15
19558,075017,1109,7,352,9
19559,075017,1627,11,560,15
19560,075017,1630,11,560,15
19561,075017,1109,7,352,9
19562,075017,1627,11,560,15
19563,075017,1630,11,560,15
19564,075017,1109,7,352,9
19565,075017,1627,11,560,15
19566,075017,1630,11,560,15
19567,075017,1109,7,352,9
19568,075017,1627,11,560,15
19569,075017,1630,11,560,15
19570,075017,1109,7,352,9
19571,075017,1627,11,560,15
19572,075017,1630,11,560,15
19573,075017,1109,7,352,9
19574,075017,1627,11,560,15
19575,075017,1630,11,560,15
19576,075017,1109,7,352,9
19577,075017,1627,11,560,15
19578,075017,1630,11,560,15
19579,075017,1109,7,352,9
19580,075017,1627,11,560,15
19581,075017,1630,11,560,15
19582,075017,1109,7,352,9
19583,075017,1627,11,560,15
19584,075017,1630,11,560,15
19585,075017,1109,7,352,9
19586,075017,1627,11,560,15
19587,075017,1630,11,560,15
19588,075017,1109,7,352,9
19589,075017,1627,11,560,15
19590,075017,1630,11,560,15
19591,075017,1109,7,352,9
19592,075017,1627,11,560,15
19593,075017,1630,11,560,15
19594,075017,1109,7,352,9
19595,075017,1627,11,560,15
19596,075017,1630,11,560,15
19597,075017,1109,7,352,9
19598,075017,1627,11,560,15
19599,075017,1630,11,560,15
19600,075017,1021,7,352,9
19601,075017,1539,11,560,15
19602,075017,1542,11,560,15
19603,075017,1021,7,352,9
19604,075017,1539,11,560,15
19605,075017,1542,11,560,15
19606,075017,1021,7,352,9
19607,075017,1539,11,560,15
19608,075017,1542,11,560,15
19609,075017,1021,7,352,9
19610,075017,1539,11,560,15
19611,075017,1542,11,560,15
19612,075017,1021,7,352,9
19613,075017,1539,11,560,15
19614,075017,1542,11,560,15
19615,075017,1021,7,352,9
19616,075017,1539,11,560,15
19617,075017,1542,11,560,15
19618,075017,1021,7,352,9
19619,075017,1539,11,560,15
19620,075017,1542,11,560,15
19621,075017,1021,7,352,9
19622,075017,1539,11,560,15
19623,075017,1542,11,560,15
19624,075017,1021,7,352,9
19625,075017,1539,11,560,15
19626,075017,1542,11,560,15
19627,075017,1021,7,352,9
19628,075017,1539,11,560,15
19629,075017,1542,11,560,15
19630,075017,1021,7,352,9
19631,075017,1539,11,560,15
19632,075017,1542,11,560,15
19633,075017,1021,7,352,9
19634,075017,1539,11,560,15
19635,075017,1542,11,560,15
19636,075017,1021,7,352,9
19637,075017,1539,11,560,15
19638,075017,1542,11,560,15
19639,075017,1021,7,352,9
19640,075017,1539,11,560,15
19641,075017,1542,11,560,15
19642,075017,1021,7,352,9
19643,075017,1539,11,560,15
19644,075017,1542,11,560,15
19645,075017,1021,7,352,9
19646,075017,1539,11,560,15
19647,075017,1542,11,560,15
19648,075027,1313,7,352,9
19649,075027,1831,11,560,15
19650,075027,1834,11,560,15
19651,075027,1313,7,352,9
19652,075027,1831,11,560,15
19653,075027,1834,11,560,15
19654,075027,1313,7,352,9
19655,075027,1831,11,560,15
19656,075027,1834,11,560,15
19657,075027,1313,7,352,9
19658,075027,1831,11,560,15
19659,075027,1834,11,560,15
19660,075027,1313,7,352,9
19661,075027,1831,11,560,15
19662,075027,1834,11,560,15
19663,075027,1313,7,352,9
19664,075027,1831,11,560,15
19665,075027,1834,11,560,15
19666,075027,1313,7,352,9
19667,075027,1831,11,560,15
19668,075027,1834,11,560,15
19669,075027,1313,7,352,9
19670,075027,1831,11,560,15
19671,075027,1834,11,560,15
19672,075027,1313,7,352,9
19673,075027,1831,11,560,15
19674,075027,1834,11,560,15
19675,075027,1313,7,352,9
19676,075027,1831,11,560,15
19677,075027,1834,11,560,15
19678,075027,1313,7,352,9
19679,075027,1831,11,560,15
19680,075027,1834,11,560,15
19681,075027,1313,7,352,9
19682,075027,1831,11,560,15
19683,075027,1834,11,560,15
19684,075027,1313,7,352,9
19685,075027,1831,11,560,15
19686,075027,1834,11,560,15
19687,075027,1313,7,352,9
19688,075027,1831,11,560,15
19689,075027,1834,11,560,15
19690,075027,1313,7,352,9
19691,075027,1831,11,560,15
19692,075027,1834,11,560,15
19693,075027,1313,7,352,9
19694,075027,1831,11,560,15
19695,075027,1834,11,560,15
19696,075027,1316,7,352,9
19697,075027,1836,11,560,15
19698,075027,1838,11,560,15
19699,075027,1316,7,352,9
19700,075027,1836,11,560,15
19701,075027,1838,11,560,15
19702,075027,1316,7,352,9
19703,075027,1836,11,560,15
19704,075027,1838,11,560,15
19705,075027,1316,7,352,9
19706,075027,1836,11,560,15
19707,075027,1838,11,560,15
19708,075027,1316,7,352,9
19709,075027,1836,11,560,15
19710,075027,1838,11,560,15
19711,075027,1316,7,352,9
19712,075027,1836,11,560,15
19713,075027,1838,11,560,15
19714,075027,1316,7,352,9
19715,075027,1836,11,560,15
19716,075027,1838,11,560,15
19717,075027,1316,7,352,9
19718,075027,1836,11,560,15
19719,075027,1838,11,560,15
19720,075027,1316,7,352,9
19721,075027,1836,11,560,15
19722,075027,1838,11,560,15
19723,075027,1316,7,352,9
19724,075027,1836,11,560,15
19725,075027,1838,11,560,15
19726,075027,1316,7,352,9
19727,075027,1836,11,560,15
19728,075027,1838,11,560,15
19729,075027,1316,7,352,9
19730,075027,1836,11,560,15
19731,075027,1838,11,560,15
19732,075027,1316,7,352,9
19733,075027,1836,11,560,15
19734,075027,1838,11,560,15
19735,075027,1316,7,352,9
19736,075027,1836,11,560,15
19737,075027,1838,11,560,15
19738,075027,1316,7,352,9
19739,075027,1836,11,560,15
19740,075027,1838,11,560,15
19741,075027,1316,7,352,9
19742,075027,1836,11,560,15
19743,075027,1838,11,560,15
19744,075027,1502,9,448,11
19745,075027,2022,13,656,17
19746,075027,1502,9,448,11
19747,075027,1502,9,448,11
19748,075027,2022,13,656,17
19749,075027,1502,9,448,11
19750,075027,1502,9,448,11
19751,075027,2022,13,656,17
19752,075027,1502,9,448,11
19753,075027,1502,9,448,11
19754,075027,2022,13,656,17
19755,075027,1502,9,448,11
19756,075027,1502,9,448,11
19757,075027,2022,13,656,17
19758,075027,1502,9,448,11
19759,075027,1502,9,448,11
19760,075027,2022,13,656,17
19761,075027,1502,9,448,11
19762,075027,1502,9,448,11
19763,075027,2022,13,656,17
19764,075027,1502,9,448,11
19765,075027,1502,9,448,11
19766,075027,2022,13,656,17
19767,075027,1502,9,448,11
19768,075027,1502,9,448,11
19769,075027,2022,13,656,17
19770,075027,1502,9,448,11
19771,075027,1502,9,448,11
19772,075027,2022,13,656,17
19773,075027,1502,9,448,11
19774,075027,1502,9,448,11
19775,075027,2022,13,656,17
19776,075027,1502,9,448,11
19777,075027,1502,9,448,11
19778,075027,2022,13,656,17
19779,075027,1502,9,448,11
19780,075027,1502,9,448,11
19781,075027,2022,13,656,17
19782,075027,1502,9,448,11
19783,075027,1502,9,448,11
19784,075027,2022,13,656,17
19785,075027,1502,9,448,11
19786,075027,1502,9,448,11
19787,075027,2022,13,656,17
19788,075027,1502,9,448,11
19789,075027,1502,9,448,11
19790,075027,2022,13,656,17
19791,075027,1502,9,448,11
19792,075027,1313,7,352,9
19793,075027,1831,11,560,15
19794,075027,1834,11,560,15
19795,075027,1313,7,352,9
19796,075027,1831,11,560,15
19797,075027,1834,11,560,15
19798,075027,1313,7,352,9
19799,075027,1831,11,560,15
19800,075027,1834,11,560,15
19801,075027,1313,7,352,9
19802,075027,1831,11,560,15
19803,075027,1834,11,560,15
19804,075027,1313,7,352,9
19805,075027,1831,11,560,15
19806,075027,1834,11,560,15
19807,075027,1313,7,352,9
19808,075027,1831,11,560,15
19809,075027,1834,11,560,15
19810,075027,1313,7,352,9
19811,075027,1831,11,560,15
19812,075027,1834,11,560,15
19813,075027,1313,7,352,9
19814,075027,1831,11,560,15
19815,075027,1834,11,560,15
19816,075027,1313,7,352,9
19817,075027,1831,11,560,15
19818,075027,1834,11,560,15
19819,075027,1313,7,352,9
19820,075027,1831,11,560,15
19821,075027,1834,11,560,15
19822,075027,1313,7,352,9
19823,075027,1831,11,560,15
19824,075027,1834,11,560,15
19825,075027,1313,7,352,9
19826,075027,1831,11,560,15
19827,075027,1834,11,560,15
19828,075027,1313,7,352,9
19829,075027,1831,11,560,15
19830,075027,1834,11,560,15
19831,075027,1313,7,352,9
19832,075027,1831,11,560,15
19833,075027,1834,11,560,15
19834,075027,1313,7,352,9
19835,075027,1831,11,560,15
19836,075027,1834,11,560,15
19837,075027,1313,7,352,9
19838,075027,1831,11,560,15
19839,075027,1834,11,560,15
19840,075027,1539,9,448,11
19841,075027,2058,13,656,17
19842,075027,1538,9,448,11
19843,075027,1538,9,448,11
19844,075027,2058,13,656,17
19845,075027,1538,9,448,11
19846,075027,1538,9,448,11
19847,075027,2058,13,656,17
19848,075027,1538,9,448,11
19849,075027,1538,9,448,11
19850,075027,2058,13,656,17
19851,075027,1538,9,448,11
19852,075027,1538,9,448,11
19853,075027,2058,13,656,17
19854,075027,1538,9,448,11
19855,075027,1538,9,448,11
19856,075027,2058,13,656,17
19857,075027,1538,9,448,11
19858,075027,1538,9,448,11
19859,075027,2058,13,656,17
19860,075027,1538,9,448,11
19861,075027,1538,9,448,11
19862,075027,2058,13,656,17
19863,075027,1538,9,448,11
19864,075027,1538,9,448,11
19865,075027,2058,13,656,17
19866,075027,1538,9,448,11
19867,075027,1538,9,448,11
19868,075027,2058,13,656,17
19869,075027,1538,9,448,11
19870,075027,1538,9,448,11
19871,075027,2058,13,656,17
19872,075027,1538,9,448,11
19873,075027,1538,9,448,11
19874,075027,2058,13,656,17
19875,075027,1538,9,448,11
19876,075027,1538,9,448,11
19877,075027,2058,13,656,17
19878,075027,1538,9,448,11
19879,075027,1538,9,448,11
19880,075027,2058,13,656,17
19881,075027,1538,9,448,11
19882,075027,1538,9,448,11
19883,075027,2058,13,656,17
19884,075027,1538,9,448,11
19885,075027,1538,9,448,11
19886,075027,2058,13,656,17
19887,075027,1538,9,448,11
19888,075027,988,7,352,9
19889,075027,1507,11,560,15
19890,075027,1510,11,560,15
19891,075027,989,7,352,9
19892,075027,1507,11,560,15
19893,075027,1510,11,560,15
19894,075027,989,7,352,9
19895,075027,1507,11,560,15
19896,075027,1510,11,560,15
19897,075027,989,7,352,9
19898,075027,1507,11,560,15
19899,075027,1510,11,560,15
19900,075027,989,7,352,9
19901,075027,1507,11,560,15
19902,075027,1510,11,560,15
19903,075027,989,7,352,9
19904,075027,1507,11,560,15
19905,075027,1510,11,560,15
19906,075027,989,7,352,9
19907,075027,1507,11,560,15
19908,075027,1510,11,560,15
19909,075027,989,7,352,9
19910,075027,1507,11,560,15
19911,075027,1510,11,560,15
19912,075027,989,7,352,9
19913,075027,1507,11,560,15
19914,075027,1510,11,560,15
19915,075027,989,7,352,9
19916,075027,1507,11,560,15
19917,075027,1510,11,560,15
19918,075027,989,7,352,9
19919,075027,1507,11,560,15
19920,075027,1510,11,560,15
19921,075027,989,7,352,9
19922,075027,1507,11,560,15
19923,075027,1510,11,560,15
19924,075027,989,7,352,9
19925,075027,1507,11,560,15
19926,075027,1510,11,560,15
19927,075027,989,7,352,9
19928,075027,1507,11,560,15
19929,075027,1510,11,560,15
19930,075027,989,7,352,9
19931,075027,1507,11,560,15
19932,075027,1510,11,560,15
19933,075027,989,7,352,9
19934,075027,1507,11,560,15
19935,075027,1510,11,560,15
19936,075027,989,7,352,9
19937,075027,1507,11,560,15
19938,075027,1510,11,560,15
19939,075027,989,7,352,9
19940,075027,1507,11,560,15
19941,075027,1510,11,560,15
19942,075027,989,7,352,9
19943,075027,1507,11,560,15
19944,075027,1510,11,560,15
19945,075027,989,7,352,9
19946,075027,1507,11,560,15
19947,075027,1510,11,560,15
19948,075027,989,7,352,9
19949,075027,1507,11,560,15
19950,075027,1510,11,560,15
19951,075027,989,7,352,9
19952,075027,1507,11,560,15
19953,075027,1510,11,560,15
19954,075027,989,7,352,9
19955,075027,1507,11,560,15
19956,075027,1510,11,560,15
19957,075027,989,7,352,9
19958,075027,1507,11,560,15
19959,075027,1510,11,560,15
19960,075027,989,7,352,9
19961,075027,1507,11,560,15
19962,075027,1510,11,560,15
19963,075027,989,7,352,9
19964,075027,1507,11,560,15
19965,075027,1510,11,560,15
19966,075027,989,7,352,9
19967,075027,1507,11,560,15
19968,075027,1510,11,560,15
19969,075027,989,7,352,9
19970,075027,1507,11,560,15
19971,075027,1510,11,560,15
19972,075027,989,7,352,9
19973,075027,1507,11,560,15
19974,075027,1510,11,560,15
19975,075027,989,7,352,9
19976,075027,1507,11,560,15
19977,075027,1510,11,560,15
19978,075027,989,7,352,9
19979,075027,1507,11,560,15
19980,075027,1510,11,560,15
19981,075027,989,7,352,9
19982,075027,1507,11,560,15
19983,075027,1510,11,560,15
19984,075037,1453,7,352,9
19985,075037,1971,11,560,15
19986,075037,1974,11,560,15
19987,075037,1453,7,352,9
19988,075037,1971,11,560,15
19989,075037,1974,11,560,15
19990,075037,1453,7,352,9
19991,075037,1971,11,560,15
19992,075037,1974,11,560,15
19993,075037,1453,7,352,9
19994,075037,1971,11,560,15
19995,075037,1974,11,560,15
19996,075037,1453,7,352,9
19997,075037,1971,11,560,15
19998,075037,1974,11,560,15
19999,075037,1453,7,352,9
20000,075037,1971,11,560,15
20001,075037,1974,11,560,15
20002,075037,1453,7,352,9
20003,075037,1971,11,560,15
20004,075037,1974,11,560,15
20005,075037,1453,7,352,9
20006,075037,1971,11,560,15
20007,075037,1974,11,560,15
20008,075037,1453,7,352,9
20009,075037,1971,11,560,15
20010,075037,1974,11,560,15
20011,075037,1453,7,352,9
20012,075037,1971,11,560,15
20013,075037,1974,11,560,15
20014,075037,1453,7,352,9
20015,075037,1971,11,560,15
20016,075037,1974,11,560,15
20017,075037,1453,7,352,9
20018,075037,1971,11,560,15
20019,075037,1974,11,560,15
20020,075037,1453,7,352,9
20021,075037,1971,11,560,15
20022,075037,1974,11,560,15
20023,075037,1453,7,352,9
20024,075037,1971,11,560,15
20025,075037,1974,11,560,15
20026,075037,1453,7,352,9
20027,075037,1971,11,560,15
20028,075037,1974,11,560,15
20029,075037,1453,7,352,9
20030,075037,1971,11,560,15
20031,075037,1974,11,560,15
20032,075037,1461,7,352,9
20033,075037,1979,11,560,15
20034,075037,1982,11,560,15
20035,075037,1461,7,352,9
20036,075037,1979,11,560,15
20037,075037,1982,11,560,15
20038,075037,1461,7,352,9
20039,075037,1979,11,560,15
20040,075037,1982,11,560,15
20041,075037,1461,7,352,9
20042,075037,1979,11,560,15
20043,075037,1982,11,560,15
20044,075037,1461,7,352,9
20045,075037,1979,11,560,15
20046,075037,1982,11,560,15
20047,075037,1461,7,352,9
20048,075037,1979,11,560,15
20049,075037,1982,11,560,15
20050,075037,1461,7,352,9
20051,075037,1979,11,560,15
20052,075037,1982,11,560,15
20053,075037,1461,7,352,9
20054,075037,1979,11,560,15
20055,075037,1982,11,560,15
20056,075037,1461,7,352,9
20057,075037,1979,11,560,15
20058,075037,1982,11,560,15
20059,075037,1461,7,352,9
20060,075037,1979,11,560,15
20061,075037,1982,11,560,15
20062,075037,1461,7,352,9
20063,075037,1979,11,560,15
20064,075037,1982,11,560,15
20065,075037,1461,7,352,9
20066,075037,1979,11,560,15
20067,075037,1982,11,560,15
20068,075037,1461,7,352,9
20069,075037,1979,11,560,15
20070,075037,1982,11,560,15
20071,075037,1461,7,352,9
20072,075037,1979,11,560,15
20073,075037,1982,11,560,15
20074,075037,1461,7,352,9
20075,075037,1979,11,560,15
20076,075037,1982,11,560,15
20077,075037,1461,7,352,9
20078,075037,1979,11,560,15
20079,075037,1982,11,560,15
20080,075037,1453,7,352,9
20081,075037,1971,11,560,15
20082,075037,1974,11,560,15
20083,075037,1453,7,352,9
20084,075037,1971,11,560,15
20085,075037,1974,11,560,15
20086,075037,1453,7,352,9
20087,075037,1971,11,560,15
20088,075037,1974,11,560,15
20089,075037,1453,7,352,9
20090,075037,1971,11,560,15
20091,075037,1974,11,560,15
20092,075037,1453,7,352,9
20093,075037,1971,11,560,15
20094,075037,1974,11,560,15
20095,075037,1453,7,352,9
20096,075037,1971,11,560,15
20097,075037,1974,11,560,15
20098,075037,1453,7,352,9
20099,075037,1971,11,560,15
20100,075037,1974,11,560,15
20101,075037,1453,7,352,9
20102,075037,1971,11,560,15
20103,075037,1974,11,560,15
20104,075037,1453,7,352,9
20105,075037,1971,11,560,15
20106,075037,1974,11,560,15
20107,075037,1453,7,352,9
20108,075037,1971,11,560,15
20109,075037,1974,11,560,15
20110,075037,1453,7,352,9
20111,075037,1971,11,560,15
20112,075037,1974,11,560,15
20113,075037,1453,7,352,9
20114,075037,1971,11,560,15
20115,075037,1974,11,560,15
20116,075037,1453,7,352,9
20117,075037,1971,11,560,15
20118,075037,1974,11,560,15
20119,075037,1453,7,352,9
20120,075037,1971,11,560,15
20121,075037,1974,11,560,15
20122,075037,1453,7,352,9
20123,075037,1971,11,560,15
20124,075037,1974,11,560,15
20125,075037,1453,7,352,9
20126,075037,1971,11,560,15
20127,075037,1974,11,560,15
20128,075037,1453,7,352,9
20129,075037,1971,11,560,15
20130,075037,1974,11,560,15
20131,075037,1453,7,352,9
20132,075037,1971,11,560,15
20133,075037,1974,11,560,15
20134,075037,1453,7,352,9
20135,075037,1971,11,560,15
20136,075037,1974,11,560,15
20137,075037,1453,7,352,9
20138,075037,1971,11,560,15
20139,075037,1974,11,560,15
20140,075037,1453,7,352,9
20141,075037,1971,11,560,15
20142,075037,1974,11,560,15
20143,075037,1453,7,352,9
20144,075037,1971,11,560,15
20145,075037,1974,11,560,15
20146,075037,1453,7,352,9
20147,075037,1971,11,560,15
20148,075037,1974,11,560,15
20149,075037,1453,7,352,9
20150,075037,1971,11,560,15
20151,075037,1974,11,560,15
20152,075037,1453,7,352,9
20153,075037,1971,11,560,15
20154,075037,1974,11,560,15
20155,075037,1453,7,352,9
20156,075037,1971,11,560,15
20157,075037,1974,11,560,15
20158,075037,1453,7,352,9
20159,075037,1971,11,560,15
20160,075037,1974,11,560,15
20161,075037,1453,7,352,9
20162,075037,1971,11,560,15
20163,075037,1974,11,560,15
20164,075037,1453,7,352,9
20165,075037,1971,11,560,15
20166,075037,1974,11,560,15
20167,075037,1453,7,352,9
20168,075037,1971,11,560,15
20169,075037,1974,11,560,15
20170,075037,1453,7,352,9
20171,075037,1971,11,560,15
20172,075037,1974,11,560,15
20173,075037,1453,7,352,9
20174,075037,1971,11,560,15
20175,075037,1974,11,560,15
20176,075037,1453,7,352,9
20177,075037,1971,11,560,15
20178,075037,1974,11,560,15
20179,075037,1453,7,352,9
20180,075037,1971,11,560,15
20181,075037,1974,11,560,15
20182,075037,1453,7,352,9
20183,075037,1971,11,560,15
20184,075037,1974,11,560,15
20185,075037,1453,7,352,9
20186,075037,1971,11,560,15
20187,075037,1974,11,560,15
20188,075037,1453,7,352,9
20189,075037,1971,11,560,15
20190,075037,1974,11,560,15
20191,075037,1453,7,352,9
20192,075037,1971,11,560,15
20193,075037,1974,11,560,15
20194,075037,1453,7,352,9
20195,075037,1971,11,560,15
20196,075037,1974,11,560,15
20197,075037,1453,7,352,9
20198,075037,1971,11,560,15
20199,075037,1974,11,560,15
20200,075037,1453,7,352,9
20201,075037,1971,11,560,15
20202,075037,1974,11,560,15
20203,075037,1453,7,352,9
20204,075037,1971,11,560,15
20205,075037,1974,11,560,15
20206,075037,1453,7,352,9
20207,075037,1971,11,560,15
20208,075037,1974,11,560,15
20209,075037,1453,7,352,9
20210,075037,1971,11,560,15
20211,075037,1974,11,560,15
20212,075037,1453,7,352,9
20213,075037,1971,11,560,15
20214,075037,1974,11,560,15
20215,075037,1453,7,352,9
20216,075037,1971,11,560,15
20217,075037,1974,11,560,15
20218,075037,1453,7,352,9
20219,075037,1971,11,560,15
20220,075037,1974,11,560,15
20221,075037,1453,7,352,9
20222,075037,1971,11,560,15
20223,075037,1974,11,560,15
20224,075037,1226,9,448,11
20225,075037,1746,13,656,17
20226,075037,1226,9,448,11
20227,075037,1226,9,448,11
20228,075037,1746,13,656,17
20229,075037,1226,9,448,11
20230,075037,1226,9,448,11
20231,075037,1746,13,656,17
20232,075037,1226,9,448,11
20233,075037,1226,9,448,11
20234,075037,1746,13,656,17
20235,075037,1226,9,448,11
20236,075037,1226,9,448,11
20237,075037,1746,13,656,17
20238,075037,1226,9,448,11
20239,075037,1226,9,448,11
20240,075037,1746,13,656,17
20241,075037,1226,9,448,11
20242,075037,1226,9,448,11
20243,075037,1746,13,656,17
20244,075037,1226,9,448,11
20245,075037,1226,9,448,11
20246,075037,1746,13,656,17
20247,075037,1226,9,448,11
20248,075037,1226,9,448,11
20249,075037,1746,13,656,17
20250,075037,1226,9,448,11
20251,075037,1226,9,448,11
20252,075037,1746,13,656,17
20253,075037,1226,9,448,11
20254,075037,1226,9,448,11
20255,075037,1746,13,656,17
20256,075037,1226,9,448,11
20257,075037,1226,9,448,11
20258,075037,1746,13,656,17
20259,075037,1226,9,448,11
20260,075037,1226,9,448,11
20261,075037,1746,13,656,17
20262,075037,1226,9,448,11
20263,075037,1226,9,448,11
20264,075037,1746,13,656,17
20265,075037,1226,9,448,11
20266,075037,1226,9,448,11
20267,075037,1746,13,656,17
20268,075037,1226,9,448,11
20269,075037,1226,9,448,11
20270,075037,1746,13,656,17
20271,075037,1226,9,448,11
20272,075037,1226,9,448,11
20273,075037,1746,13,656,17
20274,075037,1226,9,448,11
20275,075037,1226,9,448,11
20276,075037,1746,13,656,17
20277,075037,1226,9,448,11
20278,075037,1226,9,448,11
20279,075037,1746,13,656,17
20280,075037,1226,9,448,11
20281,075037,1226,9,448,11
20282,075037,1746,13,656,17
20283,075037,1226,9,448,11
20284,075037,1226,9,448,11
20285,075037,1746,13,656,17
20286,075037,1226,9,448,11
20287,075037,1226,9,448,11
20288,075037,1746,13,656,17
20289,075037,1226,9,448,11
20290,075037,1226,9,448,11
20291,075037,1746,13,656,17
20292,075037,1226,9,448,11
20293,075037,1226,9,448,11
20294,075037,1746,13,656,17
20295,075037,1226,9,448,11
20296,075037,1226,9,448,11
20297,075037,1746,13,656,17
20298,075037,1226,9,448,11
20299,075037,1226,9,448,11
20300,075037,1746,13,656,17
20301,075037,1226,9,448,11
20302,075037,1226,9,448,11
20303,075037,1746,13,656,17
20304,075037,1226,9,448,11
20305,075037,1226,9,448,11
20306,075037,1746,13,656,17
20307,075037,1226,9,448,11
20308,075037,1226,9,448,11
20309,075037,1746,13,656,17
20310,075037,1226,9,448,11
20311,075037,1226,9,448,11
20312,075037,1746,13,656,17
20313,075037,1226,9,448,11
20314,075037,1226,9,448,11
20315,075037,1746,13,656,17
20316,075037,1226,9,448,11
20317,075037,1226,9,448,11
20318,075037,1746,13,656,17
20319,075037,1226,9,448,11
20320,075000,654,6,256,7
20321,075000,775,7,304,8
20322,075000,897,8,352,9
20323,075000,1018,9,400,10
20324,075000,1374,10,448,11
20325,075000,1511,11,504,13
20326,075000,654,5,256,7
20327,075000,654,6,256,7
20328,075000,777,7,304,8
20329,075000,898,8,352,9
20330,075000,1018,9,400,10
20331,075000,1374,10,448,11
20332,075000,1511,11,504,13
20333,075000,654,5,256,7
20334,075000,654,6,256,7
20335,075000,777,7,304,8
20336,075000,898,8,352,9
20337,075000,1018,9,400,10
20338,075000,1374,10,448,11
20339,075000,1511,11,504,13
20340,075000,654,5,256,7
20341,075000,654,6,256,7
20342,075000,777,7,304,8
20343,075000,898,8,352,9
20344,075000,1018,9,400,10
20345,075000,1374,10,448,11
20346,075000,1511,11,504,13
20347,075000,654,5,256,7
20348,075000,654,6,256,7
20349,075000,777,7,304,8
20350,075000,898,8,352,9
20351,075000,1018,9,400,10
20352,075000,1374,10,448,11
20353,075000,1511,11,504,13
20354,075000,654,5,256,7
20355,075000,654,6,256,7
20356,075000,777,7,304,8
20357,075000,898,8,352,9
20358,075000,1018,9,400,10
20359,075000,1374,10,448,11
20360,075000,1511,11,504,13
20361,075000,654,5,256,7
20362,075000,654,6,256,7
20363,075000,777,7,304,8
20364,075000,898,8,352,9
20365,075000,1018,9,400,10
20366,075000,1374,10,448,11
20367,075000,1511,11,504,13
20368,075000,654,5,256,7
20369,075000,654,6,256,7
20370,075000,777,7,304,8
20371,075000,898,8,352,9
20372,075000,1018,9,400,10
20373,075000,1374,10,448,11
20374,075000,1511,11,504,13
20375,075000,654,5,256,7
20376,075000,654,6,256,7
20377,075000,777,7,304,8
20378,075000,898,8,352,9
20379,075000,1018,9,400,10
20380,075000,1374,10,448,11
20381,075000,1511,11,504,13
20382,075000,654,5,256,7
20383,075000,654,6,256,7
20384,075000,777,7,304,8
20385,075000,898,8,352,9
20386,075000,1018,9,400,10
20387,075000,1374,10,448,11
20388,075000,1511,11,504,13
20389,075000,654,5,256,7
20390,075000,654,6,256,7
20391,075000,777,7,304,8
20392,075000,898,8,352,9
20393,075000,1018,9,400,10
20394,075000,1374,10,448,11
20395,075000,1511,11,504,13
20396,075000,654,5,256,7
20397,075000,654,6,256,7
20398,075000,777,7,304,8
20399,075000,898,8,352,9
20400,075000,1018,9,400,10
20401,075000,1374,10,448,11
20402,075000,1511,11,504,13
20403,075000,654,5,256,7
20404,075000,654,6,256,7
20405,075000,777,7,304,8
20406,075000,898,8,352,9
20407,075000,1018,9,400,10
20408,075000,1374,10,448,11
20409,075000,1511,11,504,13
20410,075000,654,5,256,7
20411,075000,654,6,256,7
20412,075000,777,7,304,8
20413,075000,898,8,352,9
20414,075000,1018,9,400,10
20415,075000,1374,10,448,11
20416,075000,1511,11,504,13
20417,075000,654,5,256,7
20418,075000,654,6,256,7
20419,075000,777,7,304,8
20420,075000,898,8,352,9
20421,075000,1018,9,400,10
20422,075000,1374,10,448,11
20423,075000,1511,11,504,13
20424,075000,654,5,256,7
20425,075000,654,6,256,7
20426,075000,777,7,304,8
20427,075000,898,8,352,9
20428,075000,1018,9,400,10
20429,075000,1374,10,448,11
20430,075000,1511,11,504,13
20431,075000,654,5,256,7
20432,075010,654,6,256,7
20433,075010,777,7,304,8
20434,075010,898,8,352,9
20435,075010,1018,9,400,10
20436,075010,1383,10,448,11
20437,075010,1521,11,504,13
20438,075010,654,5,256,7
20439,075010,654,6,256,7
20440,075010,775,7,304,8
20441,075010,897,8,352,9
20442,075010,1018,9,400,10
20443,075010,1383,10,448,11
20444,075010,1521,11,504,13
20445,075010,654,5,256,7
20446,075010,654,6,256,7
20447,075010,775,7,304,8
20448,075010,897,8,352,9
20449,075010,1018,9,400,10
20450,075010,1383,10,448,11
20451,075010,1521,11,504,13
20452,075010,654,5,256,7
20453,075010,654,6,256,7
20454,075010,775,7,304,8
20455,075010,897,8,352,9
20456,075010,1018,9,400,10
20457,075010,1383,10,448,11
20458,075010,1521,11,504,13
20459,075010,654,5,256,7
20460,075010,654,6,256,7
20461,075010,775,7,304,8
20462,075010,897,8,352,9
20463,075010,1018,9,400,10
20464,075010,1383,10,448,11
20465,075010,1521,11,504,13
20466,075010,654,5,256,7
20467,075010,654,6,256,7
20468,075010,775,7,304,8
20469,075010,897,8,352,9
20470,075010,1018,9,400,10
20471,075010,1383,10,448,11
20472,075010,1521,11,504,13
20473,075010,654,5,256,7
20474,075010,654,6,256,7
20475,075010,775,7,304,8
20476,075010,897,8,352,9
20477,075010,1018,9,400,10
20478,075010,1383,10,448,11
20479,075010,1521,11,504,13
20480,075010,654,5,256,7
20481,075010,654,6,256,7
20482,075010,775,7,304,8
20483,075010,897,8,352,9
20484,075010,1018,9,400,10
20485,075010,1383,10,448,11
20486,075010,1521,11,504,13
20487,075010,654,5,256,7
20488,075010,654,6,256,7
20489,075010,775,7,304,8
20490,075010,897,8,352,9
20491,075010,1018,9,400,10
20492,075010,1383,10,448,11
20493,075010,1521,11,504,13
20494,075010,654,5,256,7
20495,075010,654,6,256,7
20496,075010,775,7,304,8
20497,075010,897,8,352,9
20498,075010,1018,9,400,10
20499,075010,1383,10,448,11
20500,075010,1521,11,504,13
20501,075010,654,5,256,7
20502,075010,654,6,256,7
20503,075010,775,7,304,8
20504,075010,897,8,352,9
20505,075010,1018,9,400,10
20506,075010,1383,10,448,11
20507,075010,1521,11,504,13
20508,075010,654,5,256,7
20509,075010,654,6,256,7
20510,075010,775,7,304,8
20511,075010,897,8,352,9
20512,075010,1018,9,400,10
20513,075010,1383,10,448,11
20514,075010,1521,11,504,13
20515,075010,654,5,256,7
20516,075010,654,6,256,7
20517,075010,775,7,304,8
20518,075010,897,8,352,9
20519,075010,1018,9,400,10
20520,075010,1383,10,448,11
20521,075010,1521,11,504,13
20522,075010,654,5,256,7
20523,075010,654,6,256,7
20524,075010,775,7,304,8
20525,075010,897,8,352,9
20526,075010,1018,9,400,10
20527,075010,1383,10,448,11
20528,075010,1521,11,504,13
20529,075010,654,5,256,7
20530,075010,654,6,256,7
20531,075010,775,7,304,8
20532,075010,897,8,352,9
20533,075010,1018,9,400,10
20534,075010,1383,10,448,11
20535,075010,1521,11,504,13
20536,075010,654,5,256,7
20537,075010,654,6,256,7
20538,075010,775,7,304,8
20539,075010,897,8,352,9
20540,075010,1018,9,400,10
20541,075010,1383,10,448,11
20542,075010,1521,11,504,13
20543,075010,654,5,256,7
20544,075020,654,6,256,7
20545,075020,775,7,304,8
20546,075020,897,8,352,9
20547,075020,1018,9,400,10
20548,075020,1571,10,448,11
20549,075020,1709,11,504,13
20550,075020,654,5,256,7
20551,075020,654,6,256,7
20552,075020,775,7,304,8
20553,075020,897,8,352,9
20554,075020,1018,9,400,10
20555,075020,1571,10,448,11
20556,075020,1709,11,504,13
20557,075020,654,5,256,7
20558,075020,654,6,256,7
20559,075020,775,7,304,8
20560,075020,897,8,352,9
20561,075020,1018,9,400,10
20562,075020,1571,10,448,11
20563,075020,1709,11,504,13
20564,075020,654,5,256,7
20565,075020,654,6,256,7
20566,075020,775,7,304,8
20567,075020,897,8,352,9
20568,075020,1018,9,400,10
20569,075020,1571,10,448,11
20570,075020,1709,11,504,13
20571,075020,654,5,256,7
20572,075020,654,6,256,7
20573,075020,775,7,304,8
20574,075020,897,8,352,9
20575,075020,1018,9,400,10
20576,075020,1571,10,448,11
20577,075020,1709,11,504,13
20578,075020,654,5,256,7
20579,075020,654,6,256,7
20580,075020,775,7,304,8
20581,075020,897,8,352,9
20582,075020,1018,9,400,10
20583,075020,1571,10,448,11
20584,075020,1709,11,504,13
20585,075020,654,5,256,7
20586,075020,654,6,256,7
20587,075020,775,7,304,8
20588,075020,897,8,352,9
20589,075020,1018,9,400,10
20590,075020,1571,10,448,11
20591,075020,1709,11,504,13
20592,075020,654,5,256,7
20593,075020,654,6,256,7
20594,075020,775,7,304,8
20595,075020,897,8,352,9
20596,075020,1018,9,400,10
20597,075020,1571,10,448,11
20598,075020,1709,11,504,13
20599,075020,654,5,256,7
20600,075020,654,6,256,7
20601,075020,775,7,304,8
20602,075020,897,8,352,9
20603,075020,1018,9,400,10
20604,075020,1571,10,448,11
20605,075020,1709,11,504,13
20606,075020,654,5,256,7
20607,075020,654,6,256,7
20608,075020,775,7,304,8
20609,075020,897,8,352,9
20610,075020,1018,9,400,10
20611,075020,1571,10,448,11
20612,075020,1709,11,504,13
20613,075020,654,5,256,7
20614,075020,654,6,256,7
20615,075020,775,7,304,8
20616,075020,897,8,352,9
20617,075020,1018,9,400,10
20618,075020,1571,10,448,11
20619,075020,1709,11,504,13
20620,075020,654,5,256,7
20621,075020,654,6,256,7
20622,075020,775,7,304,8
20623,075020,897,8,352,9
20624,075020,1018,9,400,10
20625,075020,1571,10,448,11
20626,075020,1709,11,504,13
20627,075020,654,5,256,7
20628,075020,654,6,256,7
20629,075020,775,7,304,8
20630,075020,897,8,352,9
20631,075020,1018,9,400,10
20632,075020,1571,10,448,11
20633,075020,1709,11,504,13
20634,075020,654,5,256,7
20635,075020,654,6,256,7
20636,075020,775,7,304,8
20637,075020,897,8,352,9
20638,075020,1018,9,400,10
20639,075020,1571,10,448,11
20640,075020,1709,11,504,13
20641,075020,654,5,256,7
20642,075020,654,6,256,7
20643,075020,775,7,304,8
20644,075020,897,8,352,9
20645,075020,1018,9,400,10
20646,075020,1571,10,448,11
20647,075020,1709,11,504,13
20648,075020,654,5,256,7
20649,075020,654,6,256,7
20650,075020,775,7,304,8
20651,075020,897,8,352,9
20652,075020,1018,9,400,10
20653,075020,1571,10,448,11
20654,075020,1709,11,504,13
20655,075020,654,5,256,7
20656,075030,654,6,256,7
20657,075030,775,7,304,8
20658,075030,897,8,352,9
20659,075030,1018,9,400,10
20660,075030,1711,10,448,11
20661,075030,1849,11,504,13
20662,075030,654,5,256,7
20663,075030,654,6,256,7
20664,075030,775,7,304,8
20665,075030,897,8,352,9
20666,075030,1018,9,400,10
20667,075030,1711,10,448,11
20668,075030,1849,11,504,13
20669,075030,654,5,256,7
20670,075030,654,6,256,7
20671,075030,775,7,304,8
20672,075030,897,8,352,9
20673,075030,1018,9,400,10
20674,075030,1711,10,448,11
20675,075030,1849,11,504,13
20676,075030,654,5,256,7
20677,075030,654,6,256,7
20678,075030,775,7,304,8
20679,075030,897,8,352,9
20680,075030,1018,9,400,10
20681,075030,1711,10,448,11
20682,075030,1849,11,504,13
20683,075030,654,5,256,7
20684,075030,654,6,256,7
20685,075030,775,7,304,8
20686,075030,897,8,352,9
20687,075030,1018,9,400,10
20688,075030,1711,10,448,11
20689,075030,1849,11,504,13
20690,075030,654,5,256,7
20691,075030,654,6,256,7
20692,075030,775,7,304,8
20693,075030,897,8,352,9
20694,075030,1018,9,400,10
20695,075030,1711,10,448,11
20696,075030,1849,11,504,13
20697,075030,654,5,256,7
20698,075030,654,6,256,7
20699,075030,775,7,304,8
20700,075030,897,8,352,9
20701,075030,1018,9,400,10
20702,075030,1711,10,448,11
20703,075030,1849,11,504,13
20704,075030,654,5,256,7
20705,075030,654,6,256,7
20706,075030,775,7,304,8
20707,075030,897,8,352,9
20708,075030,1018,9,400,10
20709,075030,1711,10,448,11
20710,075030,1849,11,504,13
20711,075030,654,5,256,7
20712,075030,654,6,256,7
20713,075030,775,7,304,8
20714,075030,897,8,352,9
20715,075030,1018,9,400,10
20716,075030,1711,10,448,11
20717,075030,1849,11,504,13
20718,075030,654,5,256,7
20719,075030,654,6,256,7
20720,075030,775,7,304,8
20721,075030,897,8,352,9
20722,075030,1018,9,400,10
20723,075030,1711,10,448,11
20724,075030,1849,11,504,13
20725,075030,654,5,256,7
20726,075030,654,6,256,7
20727,075030,775,7,304,8
20728,075030,897,8,352,9
20729,075030,1018,9,400,10
20730,075030,1711,10,448,11
20731,075030,1849,11,504,13
20732,075030,654,5,256,7
20733,075030,654,6,256,7
20734,075030,775,7,304,8
20735,075030,897,8,352,9
20736,075030,1018,9,400,10
20737,075030,1711,10,448,11
20738,075030,1849,11,504,13
20739,075030,654,5,256,7
20740,075030,654,6,256,7
20741,075030,775,7,304,8
20742,075030,897,8,352,9
20743,075030,1018,9,400,10
20744,075030,1711,10,448,11
20745,075030,1849,11,504,13
20746,075030,654,5,256,7
20747,075030,654,6,256,7
20748,075030,775,7,304,8
20749,075030,897,8,352,9
20750,075030,1018,9,400,10
20751,075030,1711,10,448,11
20752,075030,1849,11,504,13
20753,075030,654,5,256,7
20754,075030,654,6,256,7
20755,075030,775,7,304,8
20756,075030,897,8,352,9
20757,075030,1018,9,400,10
20758,075030,1711,10,448,11
20759,075030,1849,11,504,13
20760,075030,654,5,256,7
20761,075030,654,6,256,7
20762,075030,775,7,304,8
20763,075030,897,8,352,9
20764,075030,1018,9,400,10
20765,075030,1711,10,448,11
20766,075030,1849,11,504,13
20767,075030,654,5,256,7
20768,075001,654,6,256,7
20769,075001,775,7,304,8
20770,075001,897,8,352,9
20771,075001,1018,9,400,10
20772,075001,1374,10,448,11
20773,075001,1511,11,504,13
20774,075001,654,5,256,7
20775,075001,654,6,256,7
20776,075001,777,7,304,8
20777,075001,898,8,352,9
20778,075001,1018,9,400,10
20779,075001,1374,10,448,11
20780,075001,1511,11,504,13
20781,075001,654,5,256,7
20782,075001,654,6,256,7
20783,075001,777,7,304,8
20784,075001,898,8,352,9
20785,075001,1018,9,400,10
20786,075001,1374,10,448,11
20787,075001,1511,11,504,13
20788,075001,654,5,256,7
20789,075001,654,6,256,7
20790,075001,777,7,304,8
20791,075001,898,8,352,9
20792,075001,1018,9,400,10
20793,075001,1374,10,448,11
20794,075001,1511,11,504,13
20795,075001,654,5,256,7
20796,075001,654,6,256,7
20797,075001,777,7,304,8
20798,075001,898,8,352,9
20799,075001,1018,9,400,10
20800,075001,1374,10,448,11
20801,075001,1511,11,504,13
20802,075001,654,5,256,7
20803,075001,654,6,256,7
20804,075001,777,7,304,8
20805,075001,898,8,352,9
20806,075001,1018,9,400,10
20807,075001,1374,10,448,11
20808,075001,1511,11,504,13
20809,075001,654,5,256,7
20810,075001,654,6,256,7
20811,075001,777,7,304,8
20812,075001,898,8,352,9
20813,075001,1018,9,400,10
20814,075001,1374,10,448,11
20815,075001,1511,11,504,13
20816,075001,654,5,256,7
20817,075001,654,6,256,7
20818,075001,777,7,304,8
20819,075001,898,8,352,9
20820,075001,1018,9,400,10
20821,075001,1374,10,448,11
20822,075001,1511,11,504,13
20823,075001,654,5,256,7
20824,075001,654,6,256,7
20825,075001,777,7,304,8
20826,075001,898,8,352,9
20827,075001,1018,9,400,10
20828,075001,1374,10,448,11
20829,075001,1511,11,504,13
20830,075001,654,5,256,7
20831,075001,654,6,256,7
20832,075001,777,7,304,8
20833,075001,898,8,352,9
20834,075001,1018,9,400,10
20835,075001,1374,10,448,11
20836,075001,1511,11,504,13
20837,075001,654,5,256,7
20838,075001,654,6,256,7
20839,075001,777,7,304,8
20840,075001,898,8,352,9
20841,075001,1018,9,400,10
20842,075001,1374,10,448,11
20843,075001,1511,11,504,13
20844,075001,654,5,256,7
20845,075001,654,6,256,7
20846,075001,777,7,304,8
20847,075001,898,8,352,9
20848,075001,1018,9,400,10
20849,075001,1374,10,448,11
20850,075001,1511,11,504,13
20851,075001,654,5,256,7
20852,075001,654,6,256,7
20853,075001,777,7,304,8
20854,075001,898,8,352,9
20855,075001,1018,9,400,10
20856,075001,1374,10,448,11
20857,075001,1511,11,504,13
20858,075001,654,5,256,7
20859,075001,654,6,256,7
20860,075001,777,7,304,8
20861,075001,898,8,352,9
20862,075001,1018,9,400,10
20863,075001,1374,10,448,11
20864,075001,1511,11,504,13
20865,075001,654,5,256,7
20866,075001,654,6,256,7
20867,075001,777,7,304,8
20868,075001,898,8,352,9
20869,075001,1018,9,400,10
20870,075001,1374,10,448,11
20871,075001,1511,11,504,13
20872,075001,654,5,256,7
20873,075001,654,6,256,7
20874,075001,777,7,304,8
20875,075001,898,8,352,9
20876,075001,1018,9,400,10
20877,075001,1374,10,448,11
20878,075001,1511,11,504,13
20879,075001,654,5,256,7
20880,075011,654,6,256,7
20881,075011,777,7,304,8
20882,075011,898,8,352,9
20883,075011,1018,9,400,10
20884,075011,1383,10,448,11
20885,075011,1521,11,504,13
20886,075011,654,5,256,7
20887,075011,654,6,256,7
20888,075011,775,7,304,8
20889,075011,897,8,352,9
20890,075011,1018,9,400,10
20891,075011,1383,10,448,11
20892,075011,1521,11,504,13
20893,075011,654,5,256,7
20894,075011,654,6,256,7
20895,075011,775,7,304,8
20896,075011,897,8,352,9
20897,075011,1018,9,400,10
20898,075011,1383,10,448,11
20899,075011,1521,11,504,13
20900,075011,654,5,256,7
20901,075011,654,6,256,7
20902,075011,775,7,304,8
20903,075011,897,8,352,9
20904,075011,1018,9,400,10
20905,075011,1383,10,448,11
20906,075011,1521,11,504,13
20907,075011,654,5,256,7
20908,075011,654,6,256,7
20909,075011,775,7,304,8
20910,075011,897,8,352,9
20911,075011,1018,9,400,10
20912,075011,1383,10,448,11
20913,075011,1521,11,504,13
20914,075011,654,5,256,7
20915,075011,654,6,256,7
20916,075011,775,7,304,8
20917,075011,897,8,352,9
20918,075011,1018,9,400,10
20919,075011,1383,10,448,11
20920,075011,1521,11,504,13
20921,075011,654,5,256,7
20922,075011,654,6,256,7
20923,075011,775,7,304,8
20924,075011,897,8,352,9
20925,075011,1018,9,400,10
20926,075011,1383,10,448,11
20927,075011,1521,11,504,13
20928,075011,654,5,256,7
20929,075011,654,6,256,7
20930,075011,775,7,304,8
20931,075011,897,8,352,9
20932,075011,1018,9,400,10
20933,075011,1383,10,448,11
20934,075011,1521,11,504,13
20935,075011,654,5,256,7
20936,075011,654,6,256,7
20937,075011,775,7,304,8
20938,075011,897,8,352,9
20939,075011,1018,9,400,10
20940,075011,1383,10,448,11
20941,075011,1521,11,504,13
20942,075011,654,5,256,7
20943,075011,654,6,256,7
20944,075011,775,7,304,8
20945,075011,897,8,352,9
20946,075011,1018,9,400,10
20947,075011,1383,10,448,11
20948,075011,1521,11,504,13
20949,075011,654,5,256,7
20950,075011,654,6,256,7
20951,075011,775,7,304,8
20952,075011,897,8,352,9
20953,075011,1018,9,400,10
20954,075011,1383,10,448,11
20955,075011,1521,11,504,13
20956,075011,654,5,256,7
20957,075011,654,6,256,7
20958,075011,775,7,304,8
20959,075011,897,8,352,9
20960,075011,1018,9,400,10
20961,075011,1383,10,448,11
20962,075011,1521,11,504,13
20963,075011,654,5,256,7
20964,075011,654,6,256,7
20965,075011,775,7,304,8
20966,075011,897,8,352,9
20967,075011,1018,9,400,10
20968,075011,1383,10,448,11
20969,075011,1521,11,504,13
20970,075011,654,5,256,7
20971,075011,654,6,256,7
20972,075011,775,7,304,8
20973,075011,897,8,352,9
20974,075011,1018,9,400,10
20975,075011,1383,10,448,11
20976,075011,1521,11,504,13
20977,075011,654,5,256,7
20978,075011,654,6,256,7
20979,075011,775,7,304,8
20980,075011,897,8,352,9
20981,075011,1018,9,400,10
20982,075011,1383,10,448,11
20983,075011,1521,11,504,13
20984,075011,654,5,256,7
20985,075011,654,6,256,7
20986,075011,775,7,304,8
20987,075011,897,8,352,9
20988,075011,1018,9,400,10
20989,075011,1383,10,448,11
20990,075011,1521,11,504,13
20991,075011,654,5,256,7
20992,075021,654,6,256,7
20993,075021,775,7,304,8
20994,075021,897,8,352,9
20995,075021,1018,9,400,10
20996,075021,1571,10,448,11
20997,075021,1709,11,504,13
20998,075021,654,5,256,7
20999,075021,654,6,256,7
21000,075021,775,7,304,8
21001,075021,897,8,352,9
21002,075021,1018,9,400,10
21003,075021,1571,10,448,11
21004,075021,1709,11,504,13
21005,075021,654,5,256,7
21006,075021,654,6,256,7
21007,075021,775,7,304,8
21008,075021,897,8,352,9
21009,075021,1018,9,400,10
21010,075021,1571,10,448,11
21011,075021,1709,11,504,13
21012,075021,654,5,256,7
21013,075021,654,6,256,7
21014,075021,775,7,304,8
21015,075021,897,8,352,9
21016,075021,1018,9,400,10
21017,075021,1571,10,448,11
21018,075021,1709,11,504,13
21019,075021,654,5,256,7
21020,075021,654,6,256,7
21021,075021,775,7,304,8
21022,075021,897,8,352,9
21023,075021,1018,9,400,10
21024,075021,1571,10,448,11
21025,075021,1709,11,504,13
21026,075021,654,5,256,7
21027,075021,654,6,256,7
21028,075021,775,7,304,8
21029,075021,897,8,352,9
21030,075021,1018,9,400,10
21031,075021,1571,10,448,11
21032,075021,1709,11,504,13
21033,075021,654,5,256,7
21034,075021,654,6,256,7
21035,075021,775,7,304,8
21036,075021,897,8,352,9
21037,075021,1018,9,400,10
21038,075021,1571,10,448,11
21039,075021,1709,11,504,13
21040,075021,654,5,256,7
21041,075021,654,6,256,7
21042,075021,775,7,304,8
21043,075021,897,8,352,9
21044,075021,1018,9,400,10
21045,075021,1571,10,448,11
21046,075021,1709,11,504,13
21047,075021,654,5,256,7
21048,075021,654,6,256,7
21049,075021,775,7,304,8
21050,075021,897,8,352,9
21051,075021,1018,9,400,10
21052,075021,1571,10,448,11
21053,075021,1709,11,504,13
21054,075021,654,5,256,7
21055,075021,654,6,256,7
21056,075021,775,7,304,8
21057,075021,897,8,352,9
21058,075021,1018,9,400,10
21059,075021,1571,10,448,11
21060,075021,1709,11,504,13
21061,075021,654,5,256,7
21062,075021,654,6,256,7
21063,075021,775,7,304,8
21064,075021,897,8,352,9
21065,075021,1018,9,400,10
21066,075021,1571,10,448,11
21067,075021,1709,11,504,13
21068,075021,654,5,256,7
21069,075021,654,6,256,7
21070,075021,775,7,304,8
21071,075021,897,8,352,9
21072,075021,1018,9,400,10
21073,075021,1571,10,448,11
21074,075021,1709,11,504,13
21075,075021,654,5,256,7
21076,075021,654,6,256,7
21077,075021,775,7,304,8
21078,075021,897,8,352,9
21079,075021,1018,9,400,10
21080,075021,1571,10,448,11
21081,075021,1709,11,504,13
21082,075021,654,5,256,7
21083,075021,654,6,256,7
21084,075021,775,7,304,8
21085,075021,897,8,352,9
21086,075021,1018,9,400,10
21087,075021,1571,10,448,11
21088,075021,1709,11,504,13
21089,075021,654,5,256,7
21090,075021,654,6,256,7
21091,075021,775,7,304,8
21092,075021,897,8,352,9
21093,075021,1018,9,400,10
21094,075021,1571,10,448,11
21095,075021,1709,11,504,13
21096,075021,654,5,256,7
21097,075021,654,6,256,7
21098,075021,775,7,304,8
21099,075021,897,8,352,9
21100,075021,1018,9,400,10
21101,075021,1571,10,448,11
21102,075021,1709,11,504,13
21103,075021,654,5,256,7
21104,075031,654,6,256,7
21105,075031,775,7,304,8
21106,075031,897,8,352,9
21107,075031,1018,9,400,10
21108,075031,1711,10,448,11
21109,075031,1849,11,504,13
21110,075031,654,5,256,7
21111,075031,654,6,256,7
21112,075031,775,7,304,8
21113,075031,897,8,352,9
21114,075031,1018,9,400,10
21115,075031,1711,10,448,11
21116,075031,1849,11,504,13
21117,075031,654,5,256,7
21118,075031,654,6,256,7
21119,075031,775,7,304,8
21120,075031,897,8,352,9
21121,075031,1018,9,400,10
21122,075031,1711,10,448,11
21123,075031,1849,11,504,13
21124,075031,654,5,256,7
21125,075031,654,6,256,7
21126,075031,775,7,304,8
21127,075031,897,8,352,9
21128,075031,1018,9,400,10
21129,075031,1711,10,448,11
21130,075031,1849,11,504,13
21131,075031,654,5,256,7
21132,075031,654,6,256,7
21133,075031,775,7,304,8
21134,075031,897,8,352,9
21135,075031,1018,9,400,10
21136,075031,1711,10,448,11
21137,075031,1849,11,504,13
21138,075031,654,5,256,7
21139,075031,654,6,256,7
21140,075031,775,7,304,8
21141,075031,897,8,352,9
21142,075031,1018,9,400,10
21143,075031,1711,10,448,11
21144,075031,1849,11,504,13
21145,075031,654,5,256,7
21146,075031,654,6,256,7
21147,075031,775,7,304,8
21148,075031,897,8,352,9
21149,075031,1018,9,400,10
21150,075031,1711,10,448,11
21151,075031,1849,11,504,13
21152,075031,654,5,256,7
21153,075031,654,6,256,7
21154,075031,775,7,304,8
21155,075031,897,8,352,9
21156,075031,1018,9,400,10
21157,075031,1711,10,448,11
21158,075031,1849,11,504,13
21159,075031,654,5,256,7
21160,075031,654,6,256,7
21161,075031,775,7,304,8
21162,075031,897,8,352,9
21163,075031,1018,9,400,10
21164,075031,1711,10,448,11
21165,075031,1849,11,504,13
21166,075031,654,5,256,7
21167,075031,654,6,256,7
21168,075031,775,7,304,8
21169,075031,897,8,352,9
21170,075031,1018,9,400,10
21171,075031,1711,10,448,11
21172,075031,1849,11,504,13
21173,075031,654,5,256,7
21174,075031,654,6,256,7
21175,075031,775,7,304,8
21176,075031,897,8,352,9
21177,075031,1018,9,400,10
21178,075031,1711,10,448,11
21179,075031,1849,11,504,13
21180,075031,654,5,256,7
21181,075031,654,6,256,7
21182,075031,775,7,304,8
21183,075031,897,8,352,9
21184,075031,1018,9,400,10
21185,075031,1711,10,448,11
21186,075031,1849,11,504,13
21187,075031,654,5,256,7
21188,075031,654,6,256,7
21189,075031,775,7,304,8
21190,075031,897,8,352,9
21191,075031,1018,9,400,10
21192,075031,1711,10,448,11
21193,075031,1849,11,504,13
21194,075031,654,5,256,7
21195,075031,654,6,256,7
21196,075031,775,7,304,8
21197,075031,897,8,352,9
21198,075031,1018,9,400,10
21199,075031,1711,10,448,11
21200,075031,1849,11,504,13
21201,075031,654,5,256,7
21202,075031,654,6,256,7
21203,075031,775,7,304,8
21204,075031,897,8,352,9
21205,075031,1018,9,400,10
21206,075031,1711,10,448,11
21207,075031,1849,11,504,13
21208,075031,654,5,256,7
21209,075031,654,6,256,7
21210,075031,775,7,304,8
21211,075031,897,8,352,9
21212,075031,1018,9,400,10
21213,075031,1711,10,448,11
21214,075031,1849,11,504,13
21215,075031,654,5,256,7
21216,075002,654,6,256,7
21217,075002,775,7,304,8
21218,075002,897,8,352,9
21219,075002,1018,9,400,10
21220,075002,1374,10,448,11
21221,075002,1511,11,504,13
21222,075002,654,5,256,7
21223,075002,654,6,256,7
21224,075002,777,7,304,8
21225,075002,898,8,352,9
21226,075002,1018,9,400,10
21227,075002,1374,10,448,11
21228,075002,1511,11,504,13
21229,075002,654,5,256,7
21230,075002,654,6,256,7
21231,075002,777,7,304,8
21232,075002,898,8,352,9
21233,075002,1018,9,400,10
21234,075002,1374,10,448,11
21235,075002,1511,11,504,13
21236,075002,654,5,256,7
21237,075002,654,6,256,7
21238,075002,777,7,304,8
21239,075002,898,8,352,9
21240,075002,1018,9,400,10
21241,075002,1374,10,448,11
21242,075002,1511,11,504,13
21243,075002,654,5,256,7
21244,075002,654,6,256,7
21245,075002,777,7,304,8
21246,075002,898,8,352,9
21247,075002,1018,9,400,10
21248,075002,1374,10,448,11
21249,075002,1511,11,504,13
21250,075002,654,5,256,7
21251,075002,654,6,256,7
21252,075002,777,7,304,8
21253,075002,898,8,352,9
21254,075002,1018,9,400,10
21255,075002,1374,10,448,11
21256,075002,1511,11,504,13
21257,075002,654,5,256,7
21258,075002,654,6,256,7
21259,075002,777,7,304,8
21260,075002,898,8,352,9
21261,075002,1018,9,400,10
21262,075002,1374,10,448,11
21263,075002,1511,11,504,13
21264,075002,654,5,256,7
21265,075002,654,6,256,7
21266,075002,777,7,304,8
21267,075002,898,8,352,9
21268,075002,1018,9,400,10
21269,075002,1374,10,448,11
21270,075002,1511,11,504,13
21271,075002,654,5,256,7
21272,075002,654,6,256,7
21273,075002,777,7,304,8
21274,075002,898,8,352,9
21275,075002,1018,9,400,10
21276,075002,1374,10,448,11
21277,075002,1511,11,504,13
21278,075002,654,5,256,7
21279,075002,654,6,256,7
21280,075002,777,7,304,8
21281,075002,898,8,352,9
21282,075002,1018,9,400,10
21283,075002,1374,10,448,11
21284,075002,1511,11,504,13
21285,075002,654,5,256,7
21286,075002,654,6,256,7
21287,075002,777,7,304,8
21288,075002,898,8,352,9
21289,075002,1018,9,400,10
21290,075002,1374,10,448,11
21291,075002,1511,11,504,13
21292,075002,654,5,256,7
21293,075002,654,6,256,7
21294,075002,777,7,304,8
21295,075002,898,8,352,9
21296,075002,1018,9,400,10
21297,075002,1374,10,448,11
21298,075002,1511,11,504,13
21299,075002,654,5,256,7
21300,075002,654,6,256,7
21301,075002,777,7,304,8
21302,075002,898,8,352,9
21303,075002,1018,9,400,10
21304,075002,1374,10,448,11
21305,075002,1511,11,504,13
21306,075002,654,5,256,7
21307,075002,654,6,256,7
21308,075002,777,7,304,8
21309,075002,898,8,352,9
21310,075002,1018,9,400,10
21311,075002,1374,10,448,11
21312,075002,1511,11,504,13
21313,075002,654,5,256,7
21314,075002,654,6,256,7
21315,075002,777,7,304,8
21316,075002,898,8,352,9
21317,075002,1018,9,400,10
21318,075002,1374,10,448,11
21319,075002,1511,11,504,13
21320,075002,654,5,256,7
21321,075002,654,6,256,7
21322,075002,777,7,304,8
21323,075002,898,8,352,9
21324,075002,1018,9,400,10
21325,075002,1374,10,448,11
21326,075002,1511,11,504,13
21327,075002,654,5,256,7
21328,075012,654,6,256,7
21329,075012,777,7,304,8
21330,075012,898,8,352,9
21331,075012,1018,9,400,10
21332,075012,1383,10,448,11
21333,075012,1521,11,504,13
21334,075012,654,5,256,7
21335,075012,654,6,256,7
21336,075012,775,7,304,8
21337,075012,897,8,352,9
21338,075012,1018,9,400,10
21339,075012,1383,10,448,11
21340,075012,1521,11,504,13
21341,075012,654,5,256,7
21342,075012,654,6,256,7
21343,075012,775,7,304,8
21344,075012,897,8,352,9
21345,075012,1018,9,400,10
21346,075012,1383,10,448,11
21347,075012,1521,11,504,13
21348,075012,654,5,256,7
21349,075012,654,6,256,7
21350,075012,775,7,304,8
21351,075012,897,8,352,9
21352,075012,1018,9,400,10
21353,075012,1383,10,448,11
21354,075012,1521,11,504,13
21355,075012,654,5,256,7
21356,075012,654,6,256,7
21357,075012,775,7,304,8
21358,075012,897,8,352,9
21359,075012,1018,9,400,10
21360,075012,1383,10,448,11
21361,075012,1521,11,504,13
21362,075012,654,5,256,7
21363,075012,654,6,256,7
21364,075012,775,7,304,8
21365,075012,897,8,352,9
21366,075012,1018,9,400,10
21367,075012,1383,10,448,11
21368,075012,1521,11,504,13
21369,075012,654,5,256,7
21370,075012,654,6,256,7
21371,075012,775,7,304,8
21372,075012,897,8,352,9
21373,075012,1018,9,400,10
21374,075012,1383,10,448,11
21375,075012,1521,11,504,13
21376,075012,654,5,256,7
21377,075012,654,6,256,7
21378,075012,775,7,304,8
21379,075012,897,8,352,9
21380,075012,1018,9,400,10
21381,075012,1383,10,448,11
21382,075012,1521,11,504,13
21383,075012,654,5,256,7
21384,075012,654,6,256,7
21385,075012,775,7,304,8
21386,075012,897,8,352,9
21387,075012,1018,9,400,10
21388,075012,1383,10,448,11
21389,075012,1521,11,504,13
21390,075012,654,5,256,7
21391,075012,654,6,256,7
21392,075012,775,7,304,8
21393,075012,897,8,352,9
21394,075012,1018,9,400,10
21395,075012,1383,10,448,11
21396,075012,1521,11,504,13
21397,075012,654,5,256,7
21398,075012,654,6,256,7
21399,075012,775,7,304,8
21400,075012,897,8,352,9
21401,075012,1018,9,400,10
21402,075012,1383,10,448,11
21403,075012,1521,11,504,13
21404,075012,654,5,256,7
21405,075012,654,6,256,7
21406,075012,775,7,304,8
21407,075012,897,8,352,9
21408,075012,1018,9,400,10
21409,075012,1383,10,448,11
21410,075012,1521,11,504,13
21411,075012,654,5,256,7
21412,075012,654,6,256,7
21413,075012,775,7,304,8
21414,075012,897,8,352,9
21415,075012,1018,9,400,10
21416,075012,1383,10,448,11
21417,075012,1521,11,504,13
21418,075012,654,5,256,7
21419,075012,654,6,256,7
21420,075012,775,7,304,8
21421,075012,897,8,352,9
21422,075012,1018,9,400,10
21423,075012,1383,10,448,11
21424,075012,1521,11,504,13
21425,075012,654,5,256,7
21426,075012,654,6,256,7
21427,075012,775,7,304,8
21428,075012,897,8,352,9
21429,075012,1018,9,400,10
21430,075012,1383,10,448,11
21431,075012,1521,11,504,13
21432,075012,654,5,256,7
21433,075012,654,6,256,7
21434,075012,775,7,304,8
21435,075012,897,8,352,9
21436,075012,1018,9,400,10
21437,075012,1383,10,448,11
21438,075012,1521,11,504,13
21439,075012,654,5,256,7
21440,075022,654,6,256,7
21441,075022,775,7,304,8
21442,075022,897,8,352,9
21443,075022,1018,9,400,10
21444,075022,1571,10,448,11
21445,075022,1709,11,504,13
21446,075022,654,5,256,7
21447,075022,654,6,256,7
21448,075022,775,7,304,8
21449,075022,897,8,352,9
21450,075022,1018,9,400,10
21451,075022,1571,10,448,11
21452,075022,1709,11,504,13
21453,075022,654,5,256,7
21454,075022,654,6,256,7
21455,075022,775,7,304,8
21456,075022,897,8,352,9
21457,075022,1018,9,400,10
21458,075022,1571,10,448,11
21459,075022,1709,11,504,13
21460,075022,654,5,256,7
21461,075022,654,6,256,7
21462,075022,775,7,304,8
21463,075022,897,8,352,9
21464,075022,1018,9,400,10
21465,075022,1571,10,448,11
21466,075022,1709,11,504,13
21467,075022,654,5,256,7
21468,075022,654,6,256,7
21469,075022,775,7,304,8
21470,075022,897,8,352,9
21471,075022,1018,9,400,10
21472,075022,1571,10,448,11
21473,075022,1709,11,504,13
21474,075022,654,5,256,7
21475,075022,654,6,256,7
21476,075022,775,7,304,8
21477,075022,897,8,352,9
21478,075022,1018,9,400,10
21479,075022,1571,10,448,11
21480,075022,1709,11,504,13
21481,075022,654,5,256,7
21482,075022,654,6,256,7
21483,075022,775,7,304,8
21484,075022,897,8,352,9
21485,075022,1018,9,400,10
21486,075022,1571,10,448,11
21487,075022,1709,11,504,13
21488,075022,654,5,256,7
21489,075022,654,6,256,7
21490,075022,775,7,304,8
21491,075022,897,8,352,9
21492,075022,1018,9,400,10
21493,075022,1571,10,448,11
21494,075022,1709,11,504,13
21495,075022,654,5,256,7
21496,075022,654,6,256,7
21497,075022,775,7,304,8
21498,075022,897,8,352,9
21499,075022,1018,9,400,10
21500,075022,1571,10,448,11
21501,075022,1709,11,504,13
21502,075022,654,5,256,7
21503,075022,654,6,256,7
21504,075022,775,7,304,8
21505,075022,897,8,352,9
21506,075022,1018,9,400,10
21507,075022,1571,10,448,11
21508,075022,1709,11,504,13
21509,075022,654,5,256,7
21510,075022,654,6,256,7
21511,075022,775,7,304,8
21512,075022,897,8,352,9
21513,075022,1018,9,400,10
21514,075022,1571,10,448,11
21515,075022,1709,11,504,13
21516,075022,654,5,256,7
21517,075022,654,6,256,7
21518,075022,775,7,304,8
21519,075022,897,8,352,9
21520,075022,1018,9,400,10
21521,075022,1571,10,448,11
21522,075022,1709,11,504,13
21523,075022,654,5,256,7
21524,075022,654,6,256,7
21525,075022,775,7,304,8
21526,075022,897,8,352,9
21527,075022,1018,9,400,10
21528,075022,1571,10,448,11
21529,075022,1709,11,504,13
21530,075022,654,5,256,7
21531,075022,654,6,256,7
21532,075022,775,7,304,8
21533,075022,897,8,352,9
21534,075022,1018,9,400,10
21535,075022,1571,10,448,11
21536,075022,1709,11,504,13
21537,075022,654,5,256,7
21538,075022,654,6,256,7
21539,075022,775,7,304,8
21540,075022,897,8,352,9
21541,075022,1018,9,400,10
21542,075022,1571,10,448,11
21543,075022,1709,11,504,13
21544,075022,654,5,256,7
21545,075022,654,6,256,7
21546,075022,775,7,304,8
21547,075022,897,8,352,9
21548,075022,1018,9,400,10
21549,075022,1571,10,448,11
21550,075022,1709,11,504,13
21551,075022,654,5,256,7
21552,075032,654,6,256,7
21553,075032,775,7,304,8
21554,075032,897,8,352,9
21555,075032,1018,9,400,10
21556,075032,1711,10,448,11
21557,075032,1849,11,504,13
21558,075032,654,5,256,7
21559,075032,654,6,256,7
21560,075032,775,7,304,8
21561,075032,897,8,352,9
21562,075032,1018,9,400,10
21563,075032,1711,10,448,11
21564,075032,1849,11,504,13
21565,075032,654,5,256,7
21566,075032,654,6,256,7
21567,075032,775,7,304,8
21568,075032,897,8,352,9
21569,075032,1018,9,400,10
21570,075032,1711,10,448,11
21571,075032,1849,11,504,13
21572,075032,654,5,256,7
21573,075032,654,6,256,7
21574,075032,775,7,304,8
21575,075032,897,8,352,9
21576,075032,1018,9,400,10
21577,075032,1711,10,448,11
21578,075032,1849,11,504,13
21579,075032,654,5,256,7
21580,075032,654,6,256,7
21581,075032,775,7,304,8
21582,075032,897,8,352,9
21583,075032,1018,9,400,10
21584,075032,1711,10,448,11
21585,075032,1849,11,504,13
21586,075032,654,5,256,7
21587,075032,654,6,256,7
21588,075032,775,7,304,8
21589,075032,897,8,352,9
21590,075032,1018,9,400,10
21591,075032,1711,10,448,11
21592,075032,1849,11,504,13
21593,075032,654,5,256,7
21594,075032,654,6,256,7
21595,075032,775,7,304,8
21596,075032,897,8,352,9
21597,075032,1018,9,400,10
21598,075032,1711,10,448,11
21599,075032,1849,11,504,13
21600,075032,654,5,256,7
21601,075032,654,6,256,7
21602,075032,775,7,304,8
21603,075032,897,8,352,9
21604,075032,1018,9,400,10
21605,075032,1711,10,448,11
21606,075032,1849,11,504,13
21607,075032,654,5,256,7
21608,075032,654,6,256,7
21609,075032,775,7,304,8
21610,075032,897,8,352,9
21611,075032,1018,9,400,10
21612,075032,1711,10,448,11
21613,075032,1849,11,504,13
21614,075032,654,5,256,7
21615,075032,654,6,256,7
21616,075032,775,7,304,8
21617,075032,897,8,352,9
21618,075032,1018,9,400,10
21619,075032,1711,10,448,11
21620,075032,1849,11,504,13
21621,075032,654,5,256,7
21622,075032,654,6,256,7
21623,075032,775,7,304,8
21624,075032,897,8,352,9
21625,075032,1018,9,400,10
21626,075032,1711,10,448,11
21627,075032,1849,11,504,13
21628,075032,654,5,256,7
21629,075032,654,6,256,7
21630,075032,775,7,304,8
21631,075032,897,8,352,9
21632,075032,1018,9,400,10
21633,075032,1711,10,448,11
21634,075032,1849,11,504,13
21635,075032,654,5,256,7
21636,075032,654,6,256,7
21637,075032,775,7,304,8
21638,075032,897,8,352,9
21639,075032,1018,9,400,10
21640,075032,1711,10,448,11
21641,075032,1849,11,504,13
21642,075032,654,5,256,7
21643,075032,654,6,256,7
21644,075032,775,7,304,8
21645,075032,897,8,352,9
21646,075032,1018,9,400,10
21647,075032,1711,10,448,11
21648,075032,1849,11,504,13
21649,075032,654,5,256,7
21650,075032,654,6,256,7
21651,075032,775,7,304,8
21652,075032,897,8,352,9
21653,075032,1018,9,400,10
21654,075032,1711,10,448,11
21655,075032,1849,11,504,13
21656,075032,654,5,256,7
21657,075032,654,6,256,7
21658,075032,775,7,304,8
21659,075032,897,8,352,9
21660,075032,1018,9,400,10
21661,075032,1711,10,448,11
21662,075032,1849,11,504,13
21663,075032,654,5,256,7
21664,075003,654,6,256,7
21665,075003,775,7,304,8
21666,075003,897,8,352,9
21667,075003,1018,9,400,10
21668,075003,1374,10,448,11
21669,075003,1511,11,504,13
21670,075003,654,5,256,7
21671,075003,654,6,256,7
21672,075003,777,7,304,8
21673,075003,898,8,352,9
21674,075003,1018,9,400,10
21675,075003,1374,10,448,11
21676,075003,1511,11,504,13
21677,075003,654,5,256,7
21678,075003,654,6,256,7
21679,075003,777,7,304,8
21680,075003,898,8,352,9
21681,075003,1018,9,400,10
21682,075003,1374,10,448,11
21683,075003,1511,11,504,13
21684,075003,654,5,256,7
21685,075003,654,6,256,7
21686,075003,777,7,304,8
21687,075003,898,8,352,9
21688,075003,1018,9,400,10
21689,075003,1374,10,448,11
21690,075003,1511,11,504,13
21691,075003,654,5,256,7
21692,075003,654,6,256,7
21693,075003,777,7,304,8
21694,075003,898,8,352,9
21695,075003,1018,9,400,10
21696,075003,1374,10,448,11
21697,075003,1511,11,504,13
21698,075003,654,5,256,7
21699,075003,654,6,256,7
21700,075003,777,7,304,8
21701,075003,898,8,352,9
21702,075003,1018,9,400,10
21703,075003,1374,10,448,11
21704,075003,1511,11,504,13
21705,075003,654,5,256,7
21706,075003,654,6,256,7
21707,075003,777,7,304,8
21708,075003,898,8,352,9
21709,075003,1018,9,400,10
21710,075003,1374,10,448,11
21711,075003,1511,11,504,13
21712,075003,654,5,256,7
21713,075003,654,6,256,7
21714,075003,777,7,304,8
21715,075003,898,8,352,9
21716,075003,1018,9,400,10
21717,075003,1374,10,448,11
21718,075003,1511,11,504,13
21719,075003,654,5,256,7
21720,075003,654,6,256,7
21721,075003,777,7,304,8
21722,075003,898,8,352,9
21723,075003,1018,9,400,10
21724,075003,1374,10,448,11
21725,075003,1511,11,504,13
21726,075003,654,5,256,7
21727,075003,654,6,256,7
21728,075003,777,7,304,8
21729,075003,898,8,352,9
21730,075003,1018,9,400,10
21731,075003,1374,10,448,11
21732,075003,1511,11,504,13
21733,075003,654,5,256,7
21734,075003,654,6,256,7
21735,075003,777,7,304,8
21736,075003,898,8,352,9
21737,075003,1018,9,400,10
21738,075003,1374,10,448,11
21739,075003,1511,11,504,13
21740,075003,654,5,256,7
21741,075003,654,6,256,7
21742,075003,777,7,304,8
21743,075003,898,8,352,9
21744,075003,1018,9,400,10
21745,075003,1374,10,448,11
21746,075003,1511,11,504,13
21747,075003,654,5,256,7
21748,075003,654,6,256,7
21749,075003,777,7,304,8
21750,075003,898,8,352,9
21751,075003,1018,9,400,10
21752,075003,1374,10,448,11
21753,075003,1511,11,504,13
21754,075003,654,5,256,7
21755,075003,654,6,256,7
21756,075003,777,7,304,8
21757,075003,898,8,352,9
21758,075003,1018,9,400,10
21759,075003,1374,10,448,11
21760,075003,1511,11,504,13
21761,075003,654,5,256,7
21762,075003,654,6,256,7
21763,075003,777,7,304,8
21764,075003,898,8,352,9
21765,075003,1018,9,400,10
21766,075003,1374,10,448,11
21767,075003,1511,11,504,13
21768,075003,654,5,256,7
21769,075003,654,6,256,7
21770,075003,777,7,304,8
21771,075003,898,8,352,9
21772,075003,1018,9,400,10
21773,075003,1374,10,448,11
21774,075003,1511,11,504,13
21775,075003,654,5,256,7
21776,075013,654,6,256,7
21777,075013,777,7,304,8
21778,075013,898,8,352,9
21779,075013,1018,9,400,10
21780,075013,1383,10,448,11
21781,075013,1521,11,504,13
21782,075013,654,5,256,7
21783,075013,654,6,256,7
21784,075013,775,7,304,8
21785,075013,897,8,352,9
21786,075013,1018,9,400,10
21787,075013,1383,10,448,11
21788,075013,1521,11,504,13
21789,075013,654,5,256,7
21790,075013,654,6,256,7
21791,075013,775,7,304,8
21792,075013,897,8,352,9
21793,075013,1018,9,400,10
21794,075013,1383,10,448,11
21795,075013,1521,11,504,13
21796,075013,654,5,256,7
21797,075013,654,6,256,7
21798,075013,775,7,304,8
21799,075013,897,8,352,9
21800,075013,1018,9,400,10
21801,075013,1383,10,448,11
21802,075013,1521,11,504,13
21803,075013,654,5,256,7
21804,075013,654,6,256,7
21805,075013,775,7,304,8
21806,075013,897,8,352,9
21807,075013,1018,9,400,10
21808,075013,1383,10,448,11
21809,075013,1521,11,504,13
21810,075013,654,5,256,7
21811,075013,654,6,256,7
21812,075013,775,7,304,8
21813,075013,897,8,352,9
21814,075013,1018,9,400,10
21815,075013,1383,10,448,11
21816,075013,1521,11,504,13
21817,075013,654,5,256,7
21818,075013,654,6,256,7
21819,075013,775,7,304,8
21820,075013,897,8,352,9
21821,075013,1018,9,400,10
21822,075013,1383,10,448,11
21823,075013,1521,11,504,13
21824,075013,654,5,256,7
21825,075013,654,6,256,7
21826,075013,775,7,304,8
21827,075013,897,8,352,9
21828,075013,1018,9,400,10
21829,075013,1383,10,448,11
21830,075013,1521,11,504,13
21831,075013,654,5,256,7
21832,075013,654,6,256,7
21833,075013,775,7,304,8
21834,075013,897,8,352,9
21835,075013,1018,9,400,10
21836,075013,1383,10,448,11
21837,075013,1521,11,504,13
21838,075013,654,5,256,7
21839,075013,654,6,256,7
21840,075013,775,7,304,8
21841,075013,897,8,352,9
21842,075013,1018,9,400,10
21843,075013,1383,10,448,11
21844,075013,1521,11,504,13
21845,075013,654,5,256,7
21846,075013,654,6,256,7
21847,075013,775,7,304,8
21848,075013,897,8,352,9
21849,075013,1018,9,400,10
21850,075013,1383,10,448,11
21851,075013,1521,11,504,13
21852,075013,654,5,256,7
21853,075013,654,6,256,7
21854,075013,775,7,304,8
21855,075013,897,8,352,9
21856,075013,1018,9,400,10
21857,075013,1383,10,448,11
21858,075013,1521,11,504,13
21859,075013,654,5,256,7
21860,075013,654,6,256,7
21861,075013,775,7,304,8
21862,075013,897,8,352,9
21863,075013,1018,9,400,10
21864,075013,1383,10,448,11
21865,075013,1521,11,504,13
21866,075013,654,5,256,7
21867,075013,654,6,256,7
21868,075013,775,7,304,8
21869,075013,897,8,352,9
21870,075013,1018,9,400,10
21871,075013,1383,10,448,11
21872,075013,1521,11,504,13
21873,075013,654,5,256,7
21874,075013,654,6,256,7
21875,075013,775,7,304,8
21876,075013,897,8,352,9
21877,075013,1018,9,400,10
21878,075013,1383,10,448,11
21879,075013,1521,11,504,13
21880,075013,654,5,256,7
21881,075013,654,6,256,7
21882,075013,775,7,304,8
21883,075013,897,8,352,9
21884,075013,1018,9,400,10
21885,075013,1383,10,448,11
21886,075013,1521,11,504,13
21887,075013,654,5,256,7
21888,075023,654,6,256,7
21889,075023,775,7,304,8
21890,075023,897,8,352,9
21891,075023,1018,9,400,10
21892,075023,1571,10,448,11
21893,075023,1709,11,504,13
21894,075023,654,5,256,7
21895,075023,654,6,256,7
21896,075023,775,7,304,8
21897,075023,897,8,352,9
21898,075023,1018,9,400,10
21899,075023,1571,10,448,11
21900,075023,1709,11,504,13
21901,075023,654,5,256,7
21902,075023,654,6,256,7
21903,075023,775,7,304,8
21904,075023,897,8,352,9
21905,075023,1018,9,400,10
21906,075023,1571,10,448,11
21907,075023,1709,11,504,13
21908,075023,654,5,256,7
21909,075023,654,6,256,7
21910,075023,775,7,304,8
21911,075023,897,8,352,9
21912,075023,1018,9,400,10
21913,075023,1571,10,448,11
21914,075023,1709,11,504,13
21915,075023,654,5,256,7
21916,075023,654,6,256,7
21917,075023,775,7,304,8
21918,075023,897,8,352,9
21919,075023,1018,9,400,10
21920,075023,1571,10,448,11
21921,075023,1709,11,504,13
21922,075023,654,5,256,7
21923,075023,654,6,256,7
21924,075023,775,7,304,8
21925,075023,897,8,352,9
21926,075023,1018,9,400,10
21927,075023,1571,10,448,11
21928,075023,1709,11,504,13
21929,075023,654,5,256,7
21930,075023,654,6,256,7
21931,075023,775,7,304,8
21932,075023,897,8,352,9
21933,075023,1018,9,400,10
21934,075023,1571,10,448,11
21935,075023,1709,11,504,13
21936,075023,654,5,256,7
21937,075023,654,6,256,7
21938,075023,775,7,304,8
21939,075023,897,8,352,9
21940,075023,1018,9,400,10
21941,075023,1571,10,448,11
21942,075023,1709,11,504,13
21943,075023,654,5,256,7
21944,075023,654,6,256,7
21945,075023,775,7,304,8
21946,075023,897,8,352,9
21947,075023,1018,9,400,10
21948,075023,1571,10,448,11
21949,075023,1709,11,504,13
21950,075023,654,5,256,7
21951,075023,654,6,256,7
21952,075023,775,7,304,8
21953,075023,897,8,352,9
21954,075023,1018,9,400,10
21955,075023,1571,10,448,11
21956,075023,1709,11,504,13
21957,075023,654,5,256,7
21958,075023,654,6,256,7
21959,075023,775,7,304,8
21960,075023,897,8,352,9
21961,075023,1018,9,400,10
21962,075023,1571,10,448,11
21963,075023,1709,11,504,13
21964,075023,654,5,256,7
21965,075023,654,6,256,7
21966,075023,775,7,304,8
21967,075023,897,8,352,9
21968,075023,1018,9,400,10
21969,075023,1571,10,448,11
21970,075023,1709,11,504,13
21971,075023,654,5,256,7
21972,075023,654,6,256,7
21973,075023,775,7,304,8
21974,075023,897,8,352,9
21975,075023,1018,9,400,10
21976,075023,1571,10,448,11
21977,075023,1709,11,504,13
21978,075023,654,5,256,7
21979,075023,654,6,256,7
21980,075023,775,7,304,8
21981,075023,897,8,352,9
21982,075023,1018,9,400,10
21983,075023,1571,10,448,11
21984,075023,1709,11,504,13
21985,075023,654,5,256,7
21986,075023,654,6,256,7
21987,075023,775,7,304,8
21988,075023,897,8,352,9
21989,075023,1018,9,400,10
21990,075023,1571,10,448,11
21991,075023,1709,11,504,13
21992,075023,654,5,256,7
21993,075023,654,6,256,7
21994,075023,775,7,304,8
21995,075023,897,8,352,9
21996,075023,1018,9,400,10
21997,075023,1571,10,448,11
21998,075023,1709,11,504,13
21999,075023,654,5,256,7
22000,075033,654,6,256,7
22001,075033,775,7,304,8
22002,075033,897,8,352,9
22003,075033,1018,9,400,10
22004,075033,1711,10,448,11
22005,075033,1849,11,504,13
22006,075033,654,5,256,7
22007,075033,654,6,256,7
22008,075033,775,7,304,8
22009,075033,897,8,352,9
22010,075033,1018,9,400,10
22011,075033,1711,10,448,11
22012,075033,1849,11,504,13
22013,075033,654,5,256,7
22014,075033,654,6,256,7
22015,075033,775,7,304,8
22016,075033,897,8,352,9
22017,075033,1018,9,400,10
22018,075033,1711,10,448,11
22019,075033,1849,11,504,13
22020,075033,654,5,256,7
22021,075033,654,6,256,7
22022,075033,775,7,304,8
22023,075033,897,8,352,9
22024,075033,1018,9,400,10
22025,075033,1711,10,448,11
22026,075033,1849,11,504,13
22027,075033,654,5,256,7
22028,075033,654,6,256,7
22029,075033,775,7,304,8
22030,075033,897,8,352,9
22031,075033,1018,9,400,10
22032,075033,1711,10,448,11
22033,075033,1849,11,504,13
22034,075033,654,5,256,7
22035,075033,654,6,256,7
22036,075033,775,7,304,8
22037,075033,897,8,352,9
22038,075033,1018,9,400,10
22039,075033,1711,10,448,11
22040,075033,1849,11,504,13
22041,075033,654,5,256,7
22042,075033,654,6,256,7
22043,075033,775,7,304,8
22044,075033,897,8,352,9
22045,075033,1018,9,400,10
22046,075033,1711,10,448,11
22047,075033,1849,11,504,13
22048,075033,654,5,256,7
22049,075033,654,6,256,7
22050,075033,775,7,304,8
22051,075033,897,8,352,9
22052,075033,1018,9,400,10
22053,075033,1711,10,448,11
22054,075033,1849,11,504,13
22055,075033,654,5,256,7
22056,075033,654,6,256,7
22057,075033,775,7,304,8
22058,075033,897,8,352,9
22059,075033,1018,9,400,10
22060,075033,1711,10,448,11
22061,075033,1849,11,504,13
22062,075033,654,5,256,7
22063,075033,654,6,256,7
22064,075033,775,7,304,8
22065,075033,897,8,352,9
22066,075033,1018,9,400,10
22067,075033,1711,10,448,11
22068,075033,1849,11,504,13
22069,075033,654,5,256,7
22070,075033,654,6,256,7
22071,075033,775,7,304,8
22072,075033,897,8,352,9
22073,075033,1018,9,400,10
22074,075033,1711,10,448,11
22075,075033,1849,11,504,13
22076,075033,654,5,256,7
22077,075033,654,6,256,7
22078,075033,775,7,304,8
22079,075033,897,8,352,9
22080,075033,1018,9,400,10
22081,075033,1711,10,448,11
22082,075033,1849,11,504,13
22083,075033,654,5,256,7
22084,075033,654,6,256,7
22085,075033,775,7,304,8
22086,075033,897,8,352,9
22087,075033,1018,9,400,10
22088,075033,1711,10,448,11
22089,075033,1849,11,504,13
22090,075033,654,5,256,7
22091,075033,654,6,256,7
22092,075033,775,7,304,8
22093,075033,897,8,352,9
22094,075033,1018,9,400,10
22095,075033,1711,10,448,11
22096,075033,1849,11,504,13
22097,075033,654,5,256,7
22098,075033,654,6,256,7
22099,075033,775,7,304,8
22100,075033,897,8,352,9
22101,075033,1018,9,400,10
22102,075033,1711,10,448,11
22103,075033,1849,11,504,13
22104,075033,654,5,256,7
22105,075033,654,6,256,7
22106,075033,775,7,304,8
22107,075033,897,8,352,9
22108,075033,1018,9,400,10
22109,075033,1711,10,448,11
22110,075033,1849,11,504,13
22111,075033,654,5,256,7
22112,075004,654,6,256,7
22113,075004,775,7,304,8
22114,075004,897,8,352,9
22115,075004,1018,9,400,10
22116,075004,1374,10,448,11
22117,075004,1511,11,504,13
22118,075004,654,5,256,7
22119,075004,654,6,256,7
22120,075004,777,7,304,8
22121,075004,898,8,352,9
22122,075004,1018,9,400,10
22123,075004,1374,10,448,11
22124,075004,1511,11,504,13
22125,075004,654,5,256,7
22126,075004,654,6,256,7
22127,075004,777,7,304,8
22128,075004,898,8,352,9
22129,075004,1018,9,400,10
22130,075004,1374,10,448,11
22131,075004,1511,11,504,13
22132,075004,654,5,256,7
22133,075004,654,6,256,7
22134,075004,777,7,304,8
22135,075004,898,8,352,9
22136,075004,1018,9,400,10
22137,075004,1374,10,448,11
22138,075004,1511,11,504,13
22139,075004,654,5,256,7
22140,075004,654,6,256,7
22141,075004,777,7,304,8
22142,075004,898,8,352,9
22143,075004,1018,9,400,10
22144,075004,1374,10,448,11
22145,075004,1511,11,504,13
22146,075004,654,5,256,7
22147,075004,654,6,256,7
22148,075004,777,7,304,8
22149,075004,898,8,352,9
22150,075004,1018,9,400,10
22151,075004,1374,10,448,11
22152,075004,1511,11,504,13
22153,075004,654,5,256,7
22154,075004,654,6,256,7
22155,075004,777,7,304,8
22156,075004,898,8,352,9
22157,075004,1018,9,400,10
22158,075004,1374,10,448,11
22159,075004,1511,11,504,13
22160,075004,654,5,256,7
22161,075004,654,6,256,7
22162,075004,777,7,304,8
22163,075004,898,8,352,9
22164,075004,1018,9,400,10
22165,075004,1374,10,448,11
22166,075004,1511,11,504,13
22167,075004,654,5,256,7
22168,075004,654,6,256,7
22169,075004,777,7,304,8
22170,075004,898,8,352,9
22171,075004,1018,9,400,10
22172,075004,1374,10,448,11
22173,075004,1511,11,504,13
22174,075004,654,5,256,7
22175,075004,654,6,256,7
22176,075004,777,7,304,8
22177,075004,898,8,352,9
22178,075004,1018,9,400,10
22179,075004,1374,10,448,11
22180,075004,1511,11,504,13
22181,075004,654,5,256,7
22182,075004,654,6,256,7
22183,075004,777,7,304,8
22184,075004,898,8,352,9
22185,075004,1018,9,400,10
22186,075004,1374,10,448,11
22187,075004,1511,11,504,13
22188,075004,654,5,256,7
22189,075004,654,6,256,7
22190,075004,777,7,304,8
22191,075004,898,8,352,9
22192,075004,1018,9,400,10
22193,075004,1374,10,448,11
22194,075004,1511,11,504,13
22195,075004,654,5,256,7
22196,075004,654,6,256,7
22197,075004,777,7,304,8
22198,075004,898,8,352,9
22199,075004,1018,9,400,10
22200,075004,1374,10,448,11
22201,075004,1511,11,504,13
22202,075004,654,5,256,7
22203,075004,654,6,256,7
22204,075004,777,7,304,8
22205,075004,898,8,352,9
22206,075004,1018,9,400,10
22207,075004,1374,10,448,11
22208,075004,1511,11,504,13
22209,075004,654,5,256,7
22210,075004,654,6,256,7
22211,075004,777,7,304,8
22212,075004,898,8,352,9
22213,075004,1018,9,400,10
22214,075004,1374,10,448,11
22215,075004,1511,11,504,13
22216,075004,654,5,256,7
22217,075004,654,6,256,7
22218,075004,777,7,304,8
22219,075004,898,8,352,9
22220,075004,1018,9,400,10
22221,075004,1374,10,448,11
22222,075004,1511,11,504,13
22223,075004,654,5,256,7
22224,075014,654,6,256,7
22225,075014,777,7,304,8
22226,075014,898,8,352,9
22227,075014,1018,9,400,10
22228,075014,1383,10,448,11
22229,075014,1521,11,504,13
22230,075014,654,5,256,7
22231,075014,654,6,256,7
22232,075014,775,7,304,8
22233,075014,897,8,352,9
22234,075014,1018,9,400,10
22235,075014,1383,10,448,11
22236,075014,1521,11,504,13
22237,075014,654,5,256,7
22238,075014,654,6,256,7
22239,075014,775,7,304,8
22240,075014,897,8,352,9
22241,075014,1018,9,400,10
22242,075014,1383,10,448,11
22243,075014,1521,11,504,13
22244,075014,654,5,256,7
22245,075014,654,6,256,7
22246,075014,775,7,304,8
22247,075014,897,8,352,9
22248,075014,1018,9,400,10
22249,075014,1383,10,448,11
22250,075014,1521,11,504,13
22251,075014,654,5,256,7
22252,075014,654,6,256,7
22253,075014,775,7,304,8
22254,075014,897,8,352,9
22255,075014,1018,9,400,10
22256,075014,1383,10,448,11
22257,075014,1521,11,504,13
22258,075014,654,5,256,7
22259,075014,654,6,256,7
22260,075014,775,7,304,8
22261,075014,897,8,352,9
22262,075014,1018,9,400,10
22263,075014,1383,10,448,11
22264,075014,1521,11,504,13
22265,075014,654,5,256,7
22266,075014,654,6,256,7
22267,075014,775,7,304,8
22268,075014,897,8,352,9
22269,075014,1018,9,400,10
22270,075014,1383,10,448,11
22271,075014,1521,11,504,13
22272,075014,654,5,256,7
22273,075014,654,6,256,7
22274,075014,775,7,304,8
22275,075014,897,8,352,9
22276,075014,1018,9,400,10
22277,075014,1383,10,448,11
22278,075014,1521,11,504,13
22279,075014,654,5,256,7
22280,075014,654,6,256,7
22281,075014,775,7,304,8
22282,075014,897,8,352,9
22283,075014,1018,9,400,10
22284,075014,1383,10,448,11
22285,075014,1521,11,504,13
22286,075014,654,5,256,7
22287,075014,654,6,256,7
22288,075014,775,7,304,8
22289,075014,897,8,352,9
22290,075014,1018,9,400,10
22291,075014,1383,10,448,11
22292,075014,1521,11,504,13
22293,075014,654,5,256,7
22294,075014,654,6,256,7
22295,075014,775,7,304,8
22296,075014,897,8,352,9
22297,075014,1018,9,400,10
22298,075014,1383,10,448,11
22299,075014,1521,11,504,13
22300,075014,654,5,256,7
22301,075014,654,6,256,7
22302,075014,775,7,304,8
22303,075014,897,8,352,9
22304,075014,1018,9,400,10
22305,075014,1383,10,448,11
22306,075014,1521,11,504,13
22307,075014,654,5,256,7
22308,075014,654,6,256,7
22309,075014,775,7,304,8
22310,075014,897,8,352,9
22311,075014,1018,9,400,10
22312,075014,1383,10,448,11
22313,075014,1521,11,504,13
22314,075014,654,5,256,7
22315,075014,654,6,256,7
22316,075014,775,7,304,8
22317,075014,897,8,352,9
22318,075014,1018,9,400,10
22319,075014,1383,10,448,11
22320,075014,1521,11,504,13
22321,075014,654,5,256,7
22322,075014,654,6,256,7
22323,075014,775,7,304,8
22324,075014,897,8,352,9
22325,075014,1018,9,400,10
22326,075014,1383,10,448,11
22327,075014,1521,11,504,13
22328,075014,654,5,256,7
22329,075014,654,6,256,7
22330,075014,775,7,304,8
22331,075014,897,8,352,9
22332,075014,1018,9,400,10
22333,075014,1383,10,448,11
22334,075014,1521,11,504,13
22335,075014,654,5,256,7
22336,075024,654,6,256,7
22337,075024,775,7,304,8
22338,075024,897,8,352,9
22339,075024,1018,9,400,10
22340,075024,1571,10,448,11
22341,075024,1709,11,504,13
22342,075024,654,5,256,7
22343,075024,654,6,256,7
22344,075024,775,7,304,8
22345,075024,897,8,352,9
22346,075024,1018,9,400,10
22347,075024,1571,10,448,11
22348,075024,1709,11,504,13
22349,075024,654,5,256,7
22350,075024,654,6,256,7
22351,075024,775,7,304,8
22352,075024,897,8,352,9
22353,075024,1018,9,400,10
22354,075024,1571,10,448,11
22355,075024,1709,11,504,13
22356,075024,654,5,256,7
22357,075024,654,6,256,7
22358,075024,775,7,304,8
22359,075024,897,8,352,9
22360,075024,1018,9,400,10
22361,075024,1571,10,448,11
22362,075024,1709,11,504,13
22363,075024,654,5,256,7
22364,075024,654,6,256,7
22365,075024,775,7,304,8
22366,075024,897,8,352,9
22367,075024,1018,9,400,10
22368,075024,1571,10,448,11
22369,075024,1709,11,504,13
22370,075024,654,5,256,7
22371,075024,654,6,256,7
22372,075024,775,7,304,8
22373,075024,897,8,352,9
22374,075024,1018,9,400,10
22375,075024,1571,10,448,11
22376,075024,1709,11,504,13
22377,075024,654,5,256,7
22378,075024,654,6,256,7
22379,075024,775,7,304,8
22380,075024,897,8,352,9
22381,075024,1018,9,400,10
22382,075024,1571,10,448,11
22383,075024,1709,11,504,13
22384,075024,654,5,256,7
22385,075024,654,6,256,7
22386,075024,775,7,304,8
22387,075024,897,8,352,9
22388,075024,1018,9,400,10
22389,075024,1571,10,448,11
22390,075024,1709,11,504,13
22391,075024,654,5,256,7
22392,075024,654,6,256,7
22393,075024,775,7,304,8
22394,075024,897,8,352,9
22395,075024,1018,9,400,10
22396,075024,1571,10,448,11
22397,075024,1709,11,504,13
22398,075024,654,5,256,7
22399,075024,654,6,256,7
22400,075024,775,7,304,8
22401,075024,897,8,352,9
22402,075024,1018,9,400,10
22403,075024,1571,10,448,11
22404,075024,1709,11,504,13
22405,075024,654,5,256,7
22406,075024,654,6,256,7
22407,075024,775,7,304,8
22408,075024,897,8,352,9
22409,075024,1018,9,400,10
22410,075024,1571,10,448,11
22411,075024,1709,11,504,13
22412,075024,654,5,256,7
22413,075024,654,6,256,7
22414,075024,775,7,304,8
22415,075024,897,8,352,9
22416,075024,1018,9,400,10
22417,075024,1571,10,448,11
22418,075024,1709,11,504,13
22419,075024,654,5,256,7
22420,075024,654,6,256,7
22421,075024,775,7,304,8
22422,075024,897,8,352,9
22423,075024,1018,9,400,10
22424,075024,1571,10,448,11
22425,075024,1709,11,504,13
22426,075024,654,5,256,7
22427,075024,654,6,256,7
22428,075024,775,7,304,8
22429,075024,897,8,352,9
22430,075024,1018,9,400,10
22431,075024,1571,10,448,11
22432,075024,1709,11,504,13
22433,075024,654,5,256,7
22434,075024,654,6,256,7
22435,075024,775,7,304,8
22436,075024,897,8,352,9
22437,075024,1018,9,400,10
22438,075024,1571,10,448,11
22439,075024,1709,11,504,13
22440,075024,654,5,256,7
22441,075024,654,6,256,7
22442,075024,775,7,304,8
22443,075024,897,8,352,9
22444,075024,1018,9,400,10
22445,075024,1571,10,448,11
22446,075024,1709,11,504,13
22447,075024,654,5,256,7
22448,075034,654,6,256,7
22449,075034,775,7,304,8
22450,075034,897,8,352,9
22451,075034,1018,9,400,10
22452,075034,1711,10,448,11
22453,075034,1849,11,504,13
22454,075034,654,5,256,7
22455,075034,654,6,256,7
22456,075034,775,7,304,8
22457,075034,897,8,352,9
22458,075034,1018,9,400,10
22459,075034,1711,10,448,11
22460,075034,1849,11,504,13
22461,075034,654,5,256,7
22462,075034,654,6,256,7
22463,075034,775,7,304,8
22464,075034,897,8,352,9
22465,075034,1018,9,400,10
22466,075034,1711,10,448,11
22467,075034,1849,11,504,13
22468,075034,654,5,256,7
22469,075034,654,6,256,7
22470,075034,775,7,304,8
22471,075034,897,8,352,9
22472,075034,1018,9,400,10
22473,075034,1711,10,448,11
22474,075034,1849,11,504,13
22475,075034,654,5,256,7
22476,075034,654,6,256,7
22477,075034,775,7,304,8
22478,075034,897,8,352,9
22479,075034,1018,9,400,10
22480,075034,1711,10,448,11
22481,075034,1849,11,504,13
22482,075034,654,5,256,7
22483,075034,654,6,256,7
22484,075034,775,7,304,8
22485,075034,897,8,352,9
22486,075034,1018,9,400,10
22487,075034,1711,10,448,11
22488,075034,1849,11,504,13
22489,075034,654,5,256,7
22490,075034,654,6,256,7
22491,075034,775,7,304,8
22492,075034,897,8,352,9
22493,075034,1018,9,400,10
22494,075034,1711,10,448,11
22495,075034,1849,11,504,13
22496,075034,654,5,256,7
22497,075034,654,6,256,7
22498,075034,775,7,304,8
22499,075034,897,8,352,9
22500,075034,1018,9,400,10
22501,075034,1711,10,448,11
22502,075034,1849,11,504,13
22503,075034,654,5,256,7
22504,075034,654,6,256,7
22505,075034,775,7,304,8
22506,075034,897,8,352,9
22507,075034,1018,9,400,10
22508,075034,1711,10,448,11
22509,075034,1849,11,504,13
22510,075034,654,5,256,7
22511,075034,654,6,256,7
22512,075034,775,7,304,8
22513,075034,897,8,352,9
22514,075034,1018,9,400,10
22515,075034,1711,10,448,11
22516,075034,1849,11,504,13
22517,075034,654,5,256,7
22518,075034,654,6,256,7
22519,075034,775,7,304,8
22520,075034,897,8,352,9
22521,075034,1018,9,400,10
22522,075034,1711,10,448,11
22523,075034,1849,11,504,13
22524,075034,654,5,256,7
22525,075034,654,6,256,7
22526,075034,775,7,304,8
22527,075034,897,8,352,9
22528,075034,1018,9,400,10
22529,075034,1711,10,448,11
22530,075034,1849,11,504,13
22531,075034,654,5,256,7
22532,075034,654,6,256,7
22533,075034,775,7,304,8
22534,075034,897,8,352,9
22535,075034,1018,9,400,10
22536,075034,1711,10,448,11
22537,075034,1849,11,504,13
22538,075034,654,5,256,7
22539,075034,654,6,256,7
22540,075034,775,7,304,8
22541,075034,897,8,352,9
22542,075034,1018,9,400,10
22543,075034,1711,10,448,11
22544,075034,1849,11,504,13
22545,075034,654,5,256,7
22546,075034,654,6,256,7
22547,075034,775,7,304,8
22548,075034,897,8,352,9
22549,075034,1018,9,400,10
22550,075034,1711,10,448,11
22551,075034,1849,11,504,13
22552,075034,654,5,256,7
22553,075034,654,6,256,7
22554,075034,775,7,304,8
22555,075034,897,8,352,9
22556,075034,1018,9,400,10
22557,075034,1711,10,448,11
22558,075034,1849,11,504,13
22559,075034,654,5,256,7
22560,075005,654,6,256,7
22561,075005,775,7,304,8
22562,075005,897,8,352,9
22563,075005,1018,9,400,10
22564,075005,1374,10,448,11
22565,075005,1511,11,504,13
22566,075005,654,5,256,7
22567,075005,654,6,256,7
22568,075005,777,7,304,8
22569,075005,898,8,352,9
22570,075005,1018,9,400,10
22571,075005,1374,10,448,11
22572,075005,1511,11,504,13
22573,075005,654,5,256,7
22574,075005,654,6,256,7
22575,075005,777,7,304,8
22576,075005,898,8,352,9
22577,075005,1018,9,400,10
22578,075005,1374,10,448,11
22579,075005,1511,11,504,13
22580,075005,654,5,256,7
22581,075005,654,6,256,7
22582,075005,777,7,304,8
22583,075005,898,8,352,9
22584,075005,1018,9,400,10
22585,075005,1374,10,448,11
22586,075005,1511,11,504,13
22587,075005,654,5,256,7
22588,075005,654,6,256,7
22589,075005,777,7,304,8
22590,075005,898,8,352,9
22591,075005,1018,9,400,10
22592,075005,1374,10,448,11
22593,075005,1511,11,504,13
22594,075005,654,5,256,7
22595,075005,654,6,256,7
22596,075005,777,7,304,8
22597,075005,898,8,352,9
22598,075005,1018,9,400,10
22599,075005,1374,10,448,11
22600,075005,1511,11,504,13
22601,075005,654,5,256,7
22602,075005,654,6,256,7
22603,075005,777,7,304,8
22604,075005,898,8,352,9
22605,075005,1018,9,400,10
22606,075005,1374,10,448,11
22607,075005,1511,11,504,13
22608,075005,654,5,256,7
22609,075005,654,6,256,7
22610,075005,777,7,304,8
22611,075005,898,8,352,9
22612,075005,1018,9,400,10
22613,075005,1374,10,448,11
22614,075005,1511,11,504,13
22615,075005,654,5,256,7
22616,075005,654,6,256,7
22617,075005,777,7,304,8
22618,075005,898,8,352,9
22619,075005,1018,9,400,10
22620,075005,1374,10,448,11
22621,075005,1511,11,504,13
22622,075005,654,5,256,7
22623,075005,654,6,256,7
22624,075005,777,7,304,8
22625,075005,898,8,352,9
22626,075005,1018,9,400,10
22627,075005,1374,10,448,11
22628,075005,1511,11,504,13
22629,075005,654,5,256,7
22630,075005,654,6,256,7
22631,075005,777,7,304,8
22632,075005,898,8,352,9
22633,075005,1018,9,400,10
22634,075005,1374,10,448,11
22635,075005,1511,11,504,13
22636,075005,654,5,256,7
22637,075005,654,6,256,7
22638,075005,777,7,304,8
22639,075005,898,8,352,9
22640,075005,1018,9,400,10
22641,075005,1374,10,448,11
22642,075005,1511,11,504,13
22643,075005,654,5,256,7
22644,075005,654,6,256,7
22645,075005,777,7,304,8
22646,075005,898,8,352,9
22647,075005,1018,9,400,10
22648,075005,1374,10,448,11
22649,075005,1511,11,504,13
22650,075005,654,5,256,7
22651,075005,654,6,256,7
22652,075005,777,7,304,8
22653,075005,898,8,352,9
22654,075005,1018,9,400,10
22655,075005,1374,10,448,11
22656,075005,1511,11,504,13
22657,075005,654,5,256,7
22658,075005,654,6,256,7
22659,075005,777,7,304,8
22660,075005,898,8,352,9
22661,075005,1018,9,400,10
22662,075005,1374,10,448,11
22663,075005,1511,11,504,13
22664,075005,654,5,256,7
22665,075005,654,6,256,7
22666,075005,777,7,304,8
22667,075005,898,8,352,9
22668,075005,1018,9,400,10
22669,075005,1374,10,448,11
22670,075005,1511,11,504,13
22671,075005,654,5,256,7
22672,075015,654,6,256,7
22673,075015,777,7,304,8
22674,075015,898,8,352,9
22675,075015,1018,9,400,10
22676,075015,1383,10,448,11
22677,075015,1521,11,504,13
22678,075015,654,5,256,7
22679,075015,654,6,256,7
22680,075015,775,7,304,8
22681,075015,897,8,352,9
22682,075015,1018,9,400,10
22683,075015,1383,10,448,11
22684,075015,1521,11,504,13
22685,075015,654,5,256,7
22686,075015,654,6,256,7
22687,075015,775,7,304,8
22688,075015,897,8,352,9
22689,075015,1018,9,400,10
22690,075015,1383,10,448,11
22691,075015,1521,11,504,13
22692,075015,654,5,256,7
22693,075015,654,6,256,7
22694,075015,775,7,304,8
22695,075015,897,8,352,9
22696,075015,1018,9,400,10
22697,075015,1383,10,448,11
22698,075015,1521,11,504,13
22699,075015,654,5,256,7
22700,075015,654,6,256,7
22701,075015,775,7,304,8
22702,075015,897,8,352,9
22703,075015,1018,9,400,10
22704,075015,1383,10,448,11
22705,075015,1521,11,504,13
22706,075015,654,5,256,7
22707,075015,654,6,256,7
22708,075015,775,7,304,8
22709,075015,897,8,352,9
22710,075015,1018,9,400,10
22711,075015,1383,10,448,11
22712,075015,1521,11,504,13
22713,075015,654,5,256,7
22714,075015,654,6,256,7
22715,075015,775,7,304,8
22716,075015,897,8,352,9
22717,075015,1018,9,400,10
22718,075015,1383,10,448,11
22719,075015,1521,11,504,13
22720,075015,654,5,256,7
22721,075015,654,6,256,7
22722,075015,775,7,304,8
22723,075015,897,8,352,9
22724,075015,1018,9,400,10
22725,075015,1383,10,448,11
22726,075015,1521,11,504,13
22727,075015,654,5,256,7
22728,075015,654,6,256,7
22729,075015,775,7,304,8
22730,075015,897,8,352,9
22731,075015,1018,9,400,10
22732,075015,1383,10,448,11
22733,075015,1521,11,504,13
22734,075015,654,5,256,7
22735,075015,654,6,256,7
22736,075015,775,7,304,8
22737,075015,897,8,352,9
22738,075015,1018,9,400,10
22739,075015,1383,10,448,11
22740,075015,1521,11,504,13
22741,075015,654,5,256,7
22742,075015,654,6,256,7
22743,075015,775,7,304,8
22744,075015,897,8,352,9
22745,075015,1018,9,400,10
22746,075015,1383,10,448,11
22747,075015,1521,11,504,13
22748,075015,654,5,256,7
22749,075015,654,6,256,7
22750,075015,775,7,304,8
22751,075015,897,8,352,9
22752,075015,1018,9,400,10
22753,075015,1383,10,448,11
22754,075015,1521,11,504,13
22755,075015,654,5,256,7
22756,075015,654,6,256,7
22757,075015,775,7,304,8
22758,075015,897,8,352,9
22759,075015,1018,9,400,10
22760,075015,1383,10,448,11
22761,075015,1521,11,504,13
22762,075015,654,5,256,7
22763,075015,654,6,256,7
22764,075015,775,7,304,8
22765,075015,897,8,352,9
22766,075015,1018,9,400,10
22767,075015,1383,10,448,11
22768,075015,1521,11,504,13
22769,075015,654,5,256,7
22770,075015,654,6,256,7
22771,075015,775,7,304,8
22772,075015,897,8,352,9
22773,075015,1018,9,400,10
22774,075015,1383,10,448,11
22775,075015,1521,11,504,13
22776,075015,654,5,256,7
22777,075015,654,6,256,7
22778,075015,775,7,304,8
22779,075015,897,8,352,9
22780,075015,1018,9,400,10
22781,075015,1383,10,448,11
22782,075015,1521,11,504,13
22783,075015,654,5,256,7
22784,075025,654,6,256,7
22785,075025,775,7,304,8
22786,075025,897,8,352,9
22787,075025,1018,9,400,10
22788,075025,1571,10,448,11
22789,075025,1709,11,504,13
22790,075025,654,5,256,7
22791,075025,654,6,256,7
22792,075025,775,7,304,8
22793,075025,897,8,352,9
22794,075025,1018,9,400,10
22795,075025,1571,10,448,11
22796,075025,1709,11,504,13
22797,075025,654,5,256,7
22798,075025,654,6,256,7
22799,075025,775,7,304,8
22800,075025,897,8,352,9
22801,075025,1018,9,400,10
22802,075025,1571,10,448,11
22803,075025,1709,11,504,13
22804,075025,654,5,256,7
22805,075025,654,6,256,7
22806,075025,775,7,304,8
22807,075025,897,8,352,9
22808,075025,1018,9,400,10
22809,075025,1571,10,448,11
22810,075025,1709,11,504,13
22811,075025,654,5,256,7
22812,075025,654,6,256,7
22813,075025,775,7,304,8
22814,075025,897,8,352,9
22815,075025,1018,9,400,10
22816,075025,1571,10,448,11
22817,075025,1709,11,504,13
22818,075025,654,5,256,7
22819,075025,654,6,256,7
22820,075025,775,7,304,8
22821,075025,897,8,352,9
22822,075025,1018,9,400,10
22823,075025,1571,10,448,11
22824,075025,1709,11,504,13
22825,075025,654,5,256,7
22826,075025,654,6,256,7
22827,075025,775,7,304,8
22828,075025,897,8,352,9
22829,075025,1018,9,400,10
22830,075025,1571,10,448,11
22831,075025,1709,11,504,13
22832,075025,654,5,256,7
22833,075025,654,6,256,7
22834,075025,775,7,304,8
22835,075025,897,8,352,9
22836,075025,1018,9,400,10
22837,075025,1571,10,448,11
22838,075025,1709,11,504,13
22839,075025,654,5,256,7
22840,075025,654,6,256,7
22841,075025,775,7,304,8
22842,075025,897,8,352,9
22843,075025,1018,9,400,10
22844,075025,1571,10,448,11
22845,075025,1709,11,504,13
22846,075025,654,5,256,7
22847,075025,654,6,256,7
22848,075025,775,7,304,8
22849,075025,897,8,352,9
22850,075025,1018,9,400,10
22851,075025,1571,10,448,11
22852,075025,1709,11,504,13
22853,075025,654,5,256,7
22854,075025,654,6,256,7
22855,075025,775,7,304,8
22856,075025,897,8,352,9
22857,075025,1018,9,400,10
22858,075025,1571,10,448,11
22859,075025,1709,11,504,13
22860,075025,654,5,256,7
22861,075025,654,6,256,7
22862,075025,775,7,304,8
22863,075025,897,8,352,9
22864,075025,1018,9,400,10
22865,075025,1571,10,448,11
22866,075025,1709,11,504,13
22867,075025,654,5,256,7
22868,075025,654,6,256,7
22869,075025,775,7,304,8
22870,075025,897,8,352,9
22871,075025,1018,9,400,10
22872,075025,1571,10,448,11
22873,075025,1709,11,504,13
22874,075025,654,5,256,7
22875,075025,654,6,256,7
22876,075025,775,7,304,8
22877,075025,897,8,352,9
22878,075025,1018,9,400,10
22879,075025,1571,10,448,11
22880,075025,1709,11,504,13
22881,075025,654,5,256,7
22882,075025,654,6,256,7
22883,075025,775,7,304,8
22884,075025,897,8,352,9
22885,075025,1018,9,400,10
22886,075025,1571,10,448,11
22887,075025,1709,11,504,13
22888,075025,654,5,256,7
22889,075025,654,6,256,7
22890,075025,775,7,304,8
22891,075025,897,8,352,9
22892,075025,1018,9,400,10
22893,075025,1571,10,448,11
22894,075025,1709,11,504,13
22895,075025,654,5,256,7
22896,075035,654,6,256,7
22897,075035,775,7,304,8
22898,075035,897,8,352,9
22899,075035,1018,9,400,10
22900,075035,1711,10,448,11
22901,075035,1849,11,504,13
22902,075035,654,5,256,7
22903,075035,654,6,256,7
22904,075035,775,7,304,8
22905,075035,897,8,352,9
22906,075035,1018,9,400,10
22907,075035,1711,10,448,11
22908,075035,1849,11,504,13
22909,075035,654,5,256,7
22910,075035,654,6,256,7
22911,075035,775,7,304,8
22912,075035,897,8,352,9
22913,075035,1018,9,400,10
22914,075035,1711,10,448,11
22915,075035,1849,11,504,13
22916,075035,654,5,256,7
22917,075035,654,6,256,7
22918,075035,775,7,304,8
22919,075035,897,8,352,9
22920,075035,1018,9,400,10
22921,075035,1711,10,448,11
22922,075035,1849,11,504,13
22923,075035,654,5,256,7
22924,075035,654,6,256,7
22925,075035,775,7,304,8
22926,075035,897,8,352,9
22927,075035,1018,9,400,10
22928,075035,1711,10,448,11
22929,075035,1849,11,504,13
22930,075035,654,5,256,7
22931,075035,654,6,256,7
22932,075035,775,7,304,8
22933,075035,897,8,352,9
22934,075035,1018,9,400,10
22935,075035,1711,10,448,11
22936,075035,1849,11,504,13
22937,075035,654,5,256,7
22938,075035,654,6,256,7
22939,075035,775,7,304,8
22940,075035,897,8,352,9
22941,075035,1018,9,400,10
22942,075035,1711,10,448,11
22943,075035,1849,11,504,13
22944,075035,654,5,256,7
22945,075035,654,6,256,7
22946,075035,775,7,304,8
22947,075035,897,8,352,9
22948,075035,1018,9,400,10
22949,075035,1711,10,448,11
22950,075035,1849,11,504,13
22951,075035,654,5,256,7
22952,075035,654,6,256,7
22953,075035,775,7,304,8
22954,075035,897,8,352,9
22955,075035,1018,9,400,10
22956,075035,1711,10,448,11
22957,075035,1849,11,504,13
22958,075035,654,5,256,7
22959,075035,654,6,256,7
22960,075035,775,7,304,8
22961,075035,897,8,352,9
22962,075035,1018,9,400,10
22963,075035,1711,10,448,11
22964,075035,1849,11,504,13
22965,075035,654,5,256,7
22966,075035,654,6,256,7
22967,075035,775,7,304,8
22968,075035,897,8,352,9
22969,075035,1018,9,400,10
22970,075035,1711,10,448,11
22971,075035,1849,11,504,13
22972,075035,654,5,256,7
22973,075035,654,6,256,7
22974,075035,775,7,304,8
22975,075035,897,8,352,9
22976,075035,1018,9,400,10
22977,075035,1711,10,448,11
22978,075035,1849,11,504,13
22979,075035,654,5,256,7
22980,075035,654,6,256,7
22981,075035,775,7,304,8
22982,075035,897,8,352,9
22983,075035,1018,9,400,10
22984,075035,1711,10,448,11
22985,075035,1849,11,504,13
22986,075035,654,5,256,7
22987,075035,654,6,256,7
22988,075035,775,7,304,8
22989,075035,897,8,352,9
22990,075035,1018,9,400,10
22991,075035,1711,10,448,11
22992,075035,1849,11,504,13
22993,075035,654,5,256,7
22994,075035,654,6,256,7
22995,075035,775,7,304,8
22996,075035,897,8,352,9
22997,075035,1018,9,400,10
22998,075035,1711,10,448,11
22999,075035,1849,11,504,13
23000,075035,654,5,256,7
23001,075035,654,6,256,7
23002,075035,775,7,304,8
23003,075035,897,8,352,9
23004,075035,1018,9,400,10
23005,075035,1711,10,448,11
23006,075035,1849,11,504,13
23007,075035,654,5,256,7
23008,075006,654,6,256,7
23009,075006,775,7,304,8
23010,075006,897,8,352,9
23011,075006,1018,9,400,10
23012,075006,1374,10,448,11
23013,075006,1511,11,504,13
23014,075006,395,3,144,3
23015,075006,656,6,256,7
23016,075006,775,7,304,8
23017,075006,897,8,352,9
23018,075006,1018,9,400,10
23019,075006,1374,10,448,11
23020,075006,1511,11,504,13
23021,075006,395,3,144,3
23022,075006,656,6,256,7
23023,075006,775,7,304,8
23024,075006,897,8,352,9
23025,075006,1018,9,400,10
23026,075006,1374,10,448,11
23027,075006,1511,11,504,13
23028,075006,395,3,144,3
23029,075006,656,6,256,7
23030,075006,775,7,304,8
23031,075006,897,8,352,9
23032,075006,1018,9,400,10
23033,075006,1374,10,448,11
23034,075006,1511,11,504,13
23035,075006,395,3,144,3
23036,075006,656,6,256,7
23037,075006,775,7,304,8
23038,075006,897,8,352,9
23039,075006,1018,9,400,10
23040,075006,1374,10,448,11
23041,075006,1511,11,504,13
23042,075006,395,3,144,3
23043,075006,656,6,256,7
23044,075006,775,7,304,8
23045,075006,897,8,352,9
23046,075006,1018,9,400,10
23047,075006,1374,10,448,11
23048,075006,1511,11,504,13
23049,075006,395,3,144,3
23050,075006,656,6,256,7
23051,075006,775,7,304,8
23052,075006,897,8,352,9
23053,075006,1018,9,400,10
23054,075006,1374,10,448,11
23055,075006,1511,11,504,13
23056,075006,395,3,144,3
23057,075006,656,6,256,7
23058,075006,775,7,304,8
23059,075006,897,8,352,9
23060,075006,1018,9,400,10
23061,075006,1374,10,448,11
23062,075006,1511,11,504,13
23063,075006,395,3,144,3
23064,075006,656,6,256,7
23065,075006,775,7,304,8
23066,075006,897,8,352,9
23067,075006,1018,9,400,10
23068,075006,1374,10,448,11
23069,075006,1511,11,504,13
23070,075006,395,3,144,3
23071,075006,656,6,256,7
23072,075006,775,7,304,8
23073,075006,897,8,352,9
23074,075006,1018,9,400,10
23075,075006,1374,10,448,11
23076,075006,1511,11,504,13
23077,075006,395,3,144,3
23078,075006,656,6,256,7
23079,075006,775,7,304,8
23080,075006,897,8,352,9
23081,075006,1018,9,400,10
23082,075006,1374,10,448,11
23083,075006,1511,11,504,13
23084,075006,395,3,144,3
23085,075006,656,6,256,7
23086,075006,775,7,304,8
23087,075006,897,8,352,9
23088,075006,1018,9,400,10
23089,075006,1374,10,448,11
23090,075006,1511,11,504,13
23091,075006,395,3,144,3
23092,075006,656,6,256,7
23093,075006,775,7,304,8
23094,075006,897,8,352,9
23095,075006,1018,9,400,10
23096,075006,1374,10,448,11
23097,075006,1511,11,504,13
23098,075006,395,3,144,3
23099,075006,656,6,256,7
23100,075006,775,7,304,8
23101,075006,897,8,352,9
23102,075006,1018,9,400,10
23103,075006,1374,10,448,11
23104,075006,1511,11,504,13
23105,075006,395,3,144,3
23106,075006,656,6,256,7
23107,075006,775,7,304,8
23108,075006,897,8,352,9
23109,075006,1018,9,400,10
23110,075006,1374,10,448,11
23111,075006,1511,11,504,13
23112,075006,395,3,144,3
23113,075006,656,6,256,7
23114,075006,775,7,304,8
23115,075006,897,8,352,9
23116,075006,1018,9,400,10
23117,075006,1374,10,448,11
23118,075006,1511,11,504,13
23119,075006,395,3,144,3
23120,075016,656,6,256,7
23121,075016,775,7,304,8
23122,075016,897,8,352,9
23123,075016,1018,9,400,10
23124,075016,1383,10,448,11
23125,075016,1521,11,504,13
23126,075016,394,3,144,3
23127,075016,654,6,256,7
23128,075016,775,7,304,8
23129,075016,897,8,352,9
23130,075016,1018,9,400,10
23131,075016,1383,10,448,11
23132,075016,1521,11,504,13
23133,075016,394,3,144,3
23134,075016,654,6,256,7
23135,075016,775,7,304,8
23136,075016,897,8,352,9
23137,075016,1018,9,400,10
23138,075016,1383,10,448,11
23139,075016,1521,11,504,13
23140,075016,394,3,144,3
23141,075016,654,6,256,7
23142,075016,775,7,304,8
23143,075016,897,8,352,9
23144,075016,1018,9,400,10
23145,075016,1383,10,448,11
23146,075016,1521,11,504,13
23147,075016,394,3,144,3
23148,075016,654,6,256,7
23149,075016,775,7,304,8
23150,075016,897,8,352,9
23151,075016,1018,9,400,10
23152,075016,1383,10,448,11
23153,075016,1521,11,504,13
23154,075016,394,3,144,3
23155,075016,654,6,256,7
23156,075016,775,7,304,8
23157,075016,897,8,352,9
23158,075016,1018,9,400,10
23159,075016,1383,10,448,11
23160,075016,1521,11,504,13
23161,075016,394,3,144,3
23162,075016,654,6,256,7
23163,075016,775,7,304,8
23164,075016,897,8,352,9
23165,075016,1018,9,400,10
23166,075016,1383,10,448,11
23167,075016,1521,11,504,13
23168,075016,394,3,144,3
23169,075016,654,6,256,7
23170,075016,775,7,304,8
23171,075016,897,8,352,9
23172,075016,1018,9,400,10
23173,075016,1383,10,448,11
23174,075016,1521,11,504,13
23175,075016,394,3,144,3
23176,075016,654,6,256,7
23177,075016,775,7,304,8
23178,075016,897,8,352,9
23179,075016,1018,9,400,10
23180,075016,1383,10,448,11
23181,075016,1521,11,504,13
23182,075016,394,3,144,3
23183,075016,654,6,256,7
23184,075016,775,7,304,8
23185,075016,897,8,352,9
23186,075016,1018,9,400,10
23187,075016,1383,10,448,11
23188,075016,1521,11,504,13
23189,075016,394,3,144,3
23190,075016,654,6,256,7
23191,075016,775,7,304,8
23192,075016,897,8,352,9
23193,075016,1018,9,400,10
23194,075016,1383,10,448,11
23195,075016,1521,11,504,13
23196,075016,394,3,144,3
23197,075016,654,6,256,7
23198,075016,775,7,304,8
23199,075016,897,8,352,9
23200,075016,1018,9,400,10
23201,075016,1383,10,448,11
23202,075016,1521,11,504,13
23203,075016,394,3,144,3
23204,075016,654,6,256,7
23205,075016,775,7,304,8
23206,075016,897,8,352,9
23207,075016,1018,9,400,10
23208,075016,1383,10,448,11
23209,075016,1521,11,504,13
23210,075016,394,3,144,3
23211,075016,654,6,256,7
23212,075016,775,7,304,8
23213,075016,897,8,352,9
23214,075016,1018,9,400,10
23215,075016,1383,10,448,11
23216,075016,1521,11,504,13
23217,075016,394,3,144,3
23218,075016,654,6,256,7
23219,075016,775,7,304,8
23220,075016,897,8,352,9
23221,075016,1018,9,400,10
23222,075016,1383,10,448,11
23223,075016,1521,11,504,13
23224,075016,394,3,144,3
23225,075016,654,6,256,7
23226,075016,775,7,304,8
23227,075016,897,8,352,9
23228,075016,1018,9,400,10
23229,075016,1383,10,448,11
23230,075016,1521,11,504,13
23231,075016,394,3,144,3
23232,075026,654,6,256,7
23233,075026,775,7,304,8
23234,075026,897,8,352,9
23235,075026,1018,9,400,10
23236,075026,1571,10,448,11
23237,075026,1709,11,504,13
23238,075026,394,3,144,3
23239,075026,654,6,256,7
23240,075026,775,7,304,8
23241,075026,897,8,352,9
23242,075026,1018,9,400,10
23243,075026,1571,10,448,11
23244,075026,1709,11,504,13
23245,075026,394,3,144,3
23246,075026,654,6,256,7
23247,075026,775,7,304,8
23248,075026,897,8,352,9
23249,075026,1018,9,400,10
23250,075026,1571,10,448,11
23251,075026,1709,11,504,13
23252,075026,394,3,144,3
23253,075026,654,6,256,7
23254,075026,775,7,304,8
23255,075026,897,8,352,9
23256,075026,1018,9,400,10
23257,075026,1571,10,448,11
23258,075026,1709,11,504,13
23259,075026,394,3,144,3
23260,075026,654,6,256,7
23261,075026,775,7,304,8
23262,075026,897,8,352,9
23263,075026,1018,9,400,10
23264,075026,1571,10,448,11
23265,075026,1709,11,504,13
23266,075026,394,3,144,3
23267,075026,654,6,256,7
23268,075026,775,7,304,8
23269,075026,897,8,352,9
23270,075026,1018,9,400,10
23271,075026,1571,10,448,11
23272,075026,1709,11,504,13
23273,075026,394,3,144,3
23274,075026,654,6,256,7
23275,075026,775,7,304,8
23276,075026,897,8,352,9
23277,075026,1018,9,400,10
23278,075026,1571,10,448,11
23279,075026,1709,11,504,13
23280,075026,394,3,144,3
23281,075026,654,6,256,7
23282,075026,775,7,304,8
23283,075026,897,8,352,9
23284,075026,1018,9,400,10
23285,075026,1571,10,448,11
23286,075026,1709,11,504,13
23287,075026,394,3,144,3
23288,075026,654,6,256,7
23289,075026,775,7,304,8
23290,075026,897,8,352,9
23291,075026,1018,9,400,10
23292,075026,1571,10,448,11
23293,075026,1709,11,504,13
23294,075026,394,3,144,3
23295,075026,654,6,256,7
23296,075026,775,7,304,8
23297,075026,897,8,352,9
23298,075026,1018,9,400,10
23299,075026,1571,10,448,11
23300,075026,1709,11,504,13
23301,075026,394,3,144,3
23302,075026,654,6,256,7
23303,075026,775,7,304,8
23304,075026,897,8,352,9
23305,075026,1018,9,400,10
23306,075026,1571,10,448,11
23307,075026,1709,11,504,13
23308,075026,394,3,144,3
23309,075026,654,6,256,7
23310,075026,775,7,304,8
23311,075026,897,8,352,9
23312,075026,1018,9,400,10
23313,075026,1571,10,448,11
23314,075026,1709,11,504,13
23315,075026,394,3,144,3
23316,075026,654,6,256,7
23317,075026,775,7,304,8
23318,075026,897,8,352,9
23319,075026,1018,9,400,10
23320,075026,1571,10,448,11
23321,075026,1709,11,504,13
23322,075026,394,3,144,3
23323,075026,654,6,256,7
23324,075026,775,7,304,8
23325,075026,897,8,352,9
23326,075026,1018,9,400,10
23327,075026,1571,10,448,11
23328,075026,1709,11,504,13
23329,075026,394,3,144,3
23330,075026,654,6,256,7
23331,075026,775,7,304,8
23332,075026,897,8,352,9
23333,075026,1018,9,400,10
23334,075026,1571,10,448,11
23335,075026,1709,11,504,13
23336,075026,394,3,144,3
23337,075026,654,6,256,7
23338,075026,775,7,304,8
23339,075026,897,8,352,9
23340,075026,1018,9,400,10
23341,075026,1571,10,448,11
23342,075026,1709,11,504,13
23343,075026,394,3,144,3
23344,075036,654,6,256,7
23345,075036,775,7,304,8
23346,075036,897,8,352,9
23347,075036,1018,9,400,10
23348,075036,1711,10,448,11
23349,075036,1849,11,504,13
23350,075036,394,3,144,3
23351,075036,654,6,256,7
23352,075036,775,7,304,8
23353,075036,897,8,352,9
23354,075036,1018,9,400,10
23355,075036,1711,10,448,11
23356,075036,1849,11,504,13
23357,075036,394,3,144,3
23358,075036,654,6,256,7
23359,075036,775,7,304,8
23360,075036,897,8,352,9
23361,075036,1018,9,400,10
23362,075036,1711,10,448,11
23363,075036,1849,11,504,13
23364,075036,394,3,144,3
23365,075036,654,6,256,7
23366,075036,775,7,304,8
23367,075036,897,8,352,9
23368,075036,1018,9,400,10
23369,075036,1711,10,448,11
23370,075036,1849,11,504,13
23371,075036,394,3,144,3
23372,075036,654,6,256,7
23373,075036,775,7,304,8
23374,075036,897,8,352,9
23375,075036,1018,9,400,10
23376,075036,1711,10,448,11
23377,075036,1849,11,504,13
23378,075036,394,3,144,3
23379,075036,654,6,256,7
23380,075036,775,7,304,8
23381,075036,897,8,352,9
23382,075036,1018,9,400,10
23383,075036,1711,10,448,11
23384,075036,1849,11,504,13
23385,075036,394,3,144,3
23386,075036,654,6,256,7
23387,075036,775,7,304,8
23388,075036,897,8,352,9
23389,075036,1018,9,400,10
23390,075036,1711,10,448,11
23391,075036,1849,11,504,13
23392,075036,394,3,144,3
23393,075036,654,6,256,7
23394,075036,775,7,304,8
23395,075036,897,8,352,9
23396,075036,1018,9,400,10
23397,075036,1711,10,448,11
23398,075036,1849,11,504,13
23399,075036,394,3,144,3
23400,075036,654,6,256,7
23401,075036,775,7,304,8
23402,075036,897,8,352,9
23403,075036,1018,9,400,10
23404,075036,1711,10,448,11
23405,075036,1849,11,504,13
23406,075036,394,3,144,3
23407,075036,654,6,256,7
23408,075036,775,7,304,8
23409,075036,897,8,352,9
23410,075036,1018,9,400,10
23411,075036,1711,10,448,11
23412,075036,1849,11,504,13
23413,075036,394,3,144,3
23414,075036,654,6,256,7
23415,075036,775,7,304,8
23416,075036,897,8,352,9
23417,075036,1018,9,400,10
23418,075036,1711,10,448,11
23419,075036,1849,11,504,13
23420,075036,394,3,144,3
23421,075036,654,6,256,7
23422,075036,775,7,304,8
23423,075036,897,8,352,9
23424,075036,1018,9,400,10
23425,075036,1711,10,448,11
23426,075036,1849,11,504,13
23427,075036,394,3,144,3
23428,075036,654,6,256,7
23429,075036,775,7,304,8
23430,075036,897,8,352,9
23431,075036,1018,9,400,10
23432,075036,1711,10,448,11
23433,075036,1849,11,504,13
23434,075036,394,3,144,3
23435,075036,654,6,256,7
23436,075036,775,7,304,8
23437,075036,897,8,352,9
23438,075036,1018,9,400,10
23439,075036,1711,10,448,11
23440,075036,1849,11,504,13
23441,075036,394,3,144,3
23442,075036,654,6,256,7
23443,075036,775,7,304,8
23444,075036,897,8,352,9
23445,075036,1018,9,400,10
23446,075036,1711,10,448,11
23447,075036,1849,11,504,13
23448,075036,394,3,144,3
23449,075036,654,6,256,7
23450,075036,775,7,304,8
23451,075036,897,8,352,9
23452,075036,1018,9,400,10
23453,075036,1711,10,448,11
23454,075036,1849,11,504,13
23455,075036,394,3,144,3
23456,075007,654,6,256,7
23457,075007,775,7,304,8
23458,075007,897,8,352,9
23459,075007,1018,9,400,10
23460,075007,1374,10,448,11
23461,075007,1511,11,504,13
23462,075007,654,6,256,7
23463,075007,777,7,304,8
23464,075007,898,8,352,9
23465,075007,1018,9,400,10
23466,075007,1374,10,448,11
23467,075007,1511,11,504,13
23468,075007,654,6,256,7
23469,075007,777,7,304,8
23470,075007,898,8,352,9
23471,075007,1018,9,400,10
23472,075007,1374,10,448,11
23473,075007,1511,11,504,13
23474,075007,654,6,256,7
23475,075007,777,7,304,8
23476,075007,898,8,352,9
23477,075007,1018,9,400,10
23478,075007,1374,10,448,11
23479,075007,1511,11,504,13
23480,075007,654,6,256,7
23481,075007,777,7,304,8
23482,075007,898,8,352,9
23483,075007,1018,9,400,10
23484,075007,1374,10,448,11
23485,075007,1511,11,504,13
23486,075007,654,6,256,7
23487,075007,777,7,304,8
23488,075007,898,8,352,9
23489,075007,1018,9,400,10
23490,075007,1374,10,448,11
23491,075007,1511,11,504,13
23492,075007,654,6,256,7
23493,075007,777,7,304,8
23494,075007,898,8,352,9
23495,075007,1018,9,400,10
23496,075007,1374,10,448,11
23497,075007,1511,11,504,13
23498,075007,654,6,256,7
23499,075007,777,7,304,8
23500,075007,898,8,352,9
23501,075007,1018,9,400,10
23502,075007,1374,10,448,11
23503,075007,1511,11,504,13
23504,075007,654,6,256,7
23505,075007,777,7,304,8
23506,075007,898,8,352,9
23507,075007,1018,9,400,10
23508,075007,1374,10,448,11
23509,075007,1511,11,504,13
23510,075007,654,6,256,7
23511,075007,777,7,304,8
23512,075007,898,8,352,9
23513,075007,1018,9,400,10
23514,075007,1374,10,448,11
23515,075007,1511,11,504,13
23516,075007,654,6,256,7
23517,075007,777,7,304,8
23518,075007,898,8,352,9
23519,075007,1018,9,400,10
23520,075007,1374,10,448,11
23521,075007,1511,11,504,13
23522,075007,654,6,256,7
23523,075007,777,7,304,8
23524,075007,898,8,352,9
23525,075007,1018,9,400,10
23526,075007,1374,10,448,11
23527,075007,1511,11,504,13
23528,075007,654,6,256,7
23529,075007,777,7,304,8
23530,075007,898,8,352,9
23531,075007,1018,9,400,10
23532,075007,1374,10,448,11
23533,075007,1511,11,504,13
23534,075007,654,6,256,7
23535,075007,777,7,304,8
23536,075007,898,8,352,9
23537,075007,1018,9,400,10
23538,075007,1374,10,448,11
23539,075007,1511,11,504,13
23540,075007,654,6,256,7
23541,075007,777,7,304,8
23542,075007,898,8,352,9
23543,075007,1018,9,400,10
23544,075007,1374,10,448,11
23545,075007,1511,11,504,13
23546,075007,654,6,256,7
23547,075007,777,7,304,8
23548,075007,898,8,352,9
23549,075007,1018,9,400,10
23550,075007,1374,10,448,11
23551,075007,1511,11,504,13
23552,075017,654,6,256,7
23553,075017,777,7,304,8
23554,075017,898,8,352,9
23555,075017,1018,9,400,10
23556,075017,1383,10,448,11
23557,075017,1521,11,504,13
23558,075017,654,6,256,7
23559,075017,775,7,304,8
23560,075017,897,8,352,9
23561,075017,1018,9,400,10
23562,075017,1383,10,448,11
23563,075017,1521,11,504,13
23564,075017,654,6,256,7
23565,075017,775,7,304,8
23566,075017,897,8,352,9
23567,075017,1018,9,400,10
23568,075017,1383,10,448,11
23569,075017,1521,11,504,13
23570,075017,654,6,256,7
23571,075017,775,7,304,8
23572,075017,897,8,352,9
23573,075017,1018,9,400,10
23574,075017,1383,10,448,11
23575,075017,1521,11,504,13
23576,075017,654,6,256,7
23577,075017,775,7,304,8
23578,075017,897,8,352,9
23579,075017,1018,9,400,10
23580,075017,1383,10,448,11
23581,075017,1521,11,504,13
23582,075017,654,6,256,7
23583,075017,775,7,304,8
23584,075017,897,8,352,9
23585,075017,1018,9,400,10
23586,075017,1383,10,448,11
23587,075017,1521,11,504,13
23588,075017,654,6,256,7
23589,075017,775,7,304,8
23590,075017,897,8,352,9
23591,075017,1018,9,400,10
23592,075017,1383,10,448,11
23593,075017,1521,11,504,13
23594,075017,654,6,256,7
23595,075017,775,7,304,8
23596,075017,897,8,352,9
23597,075017,1018,9,400,10
23598,075017,1383,10,448,11
23599,075017,1521,11,504,13
23600,075017,654,6,256,7
23601,075017,775,7,304,8
23602,075017,897,8,352,9
23603,075017,1018,9,400,10
23604,075017,1383,10,448,11
23605,075017,1521,11,504,13
23606,075017,654,6,256,7
23607,075017,775,7,304,8
23608,075017,897,8,352,9
23609,075017,1018,9,400,10
23610,075017,1383,10,448,11
23611,075017,1521,11,504,13
23612,075017,654,6,256,7
23613,075017,775,7,304,8
23614,075017,897,8,352,9
23615,075017,1018,9,400,10
23616,075017,1383,10,448,11
23617,075017,1521,11,504,13
23618,075017,654,6,256,7
23619,075017,775,7,304,8
23620,075017,897,8,352,9
23621,075017,1018,9,400,10
23622,075017,1383,10,448,11
23623,075017,1521,11,504,13
23624,075017,654,6,256,7
23625,075017,775,7,304,8
23626,075017,897,8,352,9
23627,075017,1018,9,400,10
23628,075017,1383,10,448,11
23629,075017,1521,11,504,13
23630,075017,654,6,256,7
23631,075017,775,7,304,8
23632,075017,897,8,352,9
23633,075017,1018,9,400,10
23634,075017,1383,10,448,11
23635,075017,1521,11,504,13
23636,075017,654,6,256,7
23637,075017,775,7,304,8
23638,075017,897,8,352,9
23639,075017,1018,9,400,10
23640,075017,1383,10,448,11
23641,075017,1521,11,504,13
23642,075017,654,6,256,7
23643,075017,775,7,304,8
23644,075017,897,8,352,9
23645,075017,1018,9,400,10
23646,075017,1383,10,448,11
23647,075017,1521,11,504,13
23648,075027,654,6,256,7
23649,075027,775,7,304,8
23650,075027,897,8,352,9
23651,075027,1018,9,400,10
23652,075027,1571,10,448,11
23653,075027,1709,11,504,13
23654,075027,654,6,256,7
23655,075027,775,7,304,8
23656,075027,897,8,352,9
23657,075027,1018,9,400,10
23658,075027,1571,10,448,11
23659,075027,1709,11,504,13
23660,075027,654,6,256,7
23661,075027,775,7,304,8
23662,075027,897,8,352,9
23663,075027,1018,9,400,10
23664,075027,1571,10,448,11
23665,075027,1709,11,504,13
23666,075027,654,6,256,7
23667,075027,775,7,304,8
23668,075027,897,8,352,9
23669,075027,1018,9,400,10
23670,075027,1571,10,448,11
23671,075027,1709,11,504,13
23672,075027,654,6,256,7
23673,075027,775,7,304,8
23674,075027,897,8,352,9
23675,075027,1018,9,400,10
23676,075027,1571,10,448,11
23677,075027,1709,11,504,13
23678,075027,654,6,256,7
23679,075027,775,7,304,8
23680,075027,897,8,352,9
23681,075027,1018,9,400,10
23682,075027,1571,10,448,11
23683,075027,1709,11,504,13
23684,075027,654,6,256,7
23685,075027,775,7,304,8
23686,075027,897,8,352,9
23687,075027,1018,9,400,10
23688,075027,1571,10,448,11
23689,075027,1709,11,504,13
23690,075027,654,6,256,7
23691,075027,775,7,304,8
23692,075027,897,8,352,9
23693,075027,1018,9,400,10
23694,075027,1571,10,448,11
23695,075027,1709,11,504,13
23696,075027,654,6,256,7
23697,075027,775,7,304,8
23698,075027,897,8,352,9
23699,075027,1018,9,400,10
23700,075027,1571,10,448,11
23701,075027,1709,11,504,13
23702,075027,654,6,256,7
23703,075027,775,7,304,8
23704,075027,897,8,352,9
23705,075027,1018,9,400,10
23706,075027,1571,10,448,11
23707,075027,1709,11,504,13
23708,075027,654,6,256,7
23709,075027,775,7,304,8
23710,075027,897,8,352,9
23711,075027,1018,9,400,10
23712,075027,1571,10,448,11
23713,075027,1709,11,504,13
23714,075027,654,6,256,7
23715,075027,775,7,304,8
23716,075027,897,8,352,9
23717,075027,1018,9,400,10
23718,075027,1571,10,448,11
23719,075027,1709,11,504,13
23720,075027,654,6,256,7
23721,075027,775,7,304,8
23722,075027,897,8,352,9
23723,075027,1018,9,400,10
23724,075027,1571,10,448,11
23725,075027,1709,11,504,13
23726,075027,654,6,256,7
23727,075027,775,7,304,8
23728,075027,897,8,352,9
23729,075027,1018,9,400,10
23730,075027,1571,10,448,11
23731,075027,1709,11,504,13
23732,075027,654,6,256,7
23733,075027,775,7,304,8
23734,075027,897,8,352,9
23735,075027,1018,9,400,10
23736,075027,1571,10,448,11
23737,075027,1709,11,504,13
23738,075027,654,6,256,7
23739,075027,775,7,304,8
23740,075027,897,8,352,9
23741,075027,1018,9,400,10
23742,075027,1571,10,448,11
23743,075027,1709,11,504,13
23744,075037,654,6,256,7
23745,075037,775,7,304,8
23746,075037,897,8,352,9
23747,075037,1018,9,400,10
23748,075037,1711,10,448,11
23749,075037,1849,11,504,13
23750,075037,654,6,256,7
23751,075037,775,7,304,8
23752,075037,897,8,352,9
23753,075037,1018,9,400,10
23754,075037,1711,10,448,11
23755,075037,1849,11,504,13
23756,075037,654,6,256,7
23757,075037,775,7,304,8
23758,075037,897,8,352,9
23759,075037,1018,9,400,10
23760,075037,1711,10,448,11
23761,075037,1849,11,504,13
23762,075037,654,6,256,7
23763,075037,775,7,304,8
23764,075037,897,8,352,9
23765,075037,1018,9,400,10
23766,075037,1711,10,448,11
23767,075037,1849,11,504,13
23768,075037,654,6,256,7
23769,075037,775,7,304,8
23770,075037,897,8,352,9
23771,075037,1018,9,400,10
23772,075037,1711,10,448,11
23773,075037,1849,11,504,13
23774,075037,654,6,256,7
23775,075037,775,7,304,8
23776,075037,897,8,352,9
23777,075037,1018,9,400,10
23778,075037,1711,10,448,11
23779,075037,1849,11,504,13
23780,075037,654,6,256,7
23781,075037,775,7,304,8
23782,075037,897,8,352,9
23783,075037,1018,9,400,10
23784,075037,1711,10,448,11
23785,075037,1849,11,504,13
23786,075037,654,6,256,7
23787,075037,775,7,304,8
23788,075037,897,8,352,9
23789,075037,1018,9,400,10
23790,075037,1711,10,448,11
23791,075037,1849,11,504,13
23792,075037,654,6,256,7
23793,075037,775,7,304,8
23794,075037,897,8,352,9
23795,075037,1018,9,400,10
23796,075037,1711,10,448,11
23797,075037,1849,11,504,13
23798,075037,654,6,256,7
23799,075037,775,7,304,8
23800,075037,897,8,352,9
23801,075037,1018,9,400,10
23802,075037,1711,10,448,11
23803,075037,1849,11,504,13
23804,075037,654,6,256,7
23805,075037,775,7,304,8
23806,075037,897,8,352,9
23807,075037,1018,9,400,10
23808,075037,1711,10,448,11
23809,075037,1849,11,504,13
23810,075037,654,6,256,7
23811,075037,775,7,304,8
23812,075037,897,8,352,9
23813,075037,1018,9,400,10
23814,075037,1711,10,448,11
23815,075037,1849,11,504,13
23816,075037,654,6,256,7
23817,075037,775,7,304,8
23818,075037,897,8,352,9
23819,075037,1018,9,400,10
23820,075037,1711,10,448,11
23821,075037,1849,11,504,13
23822,075037,654,6,256,7
23823,075037,775,7,304,8
23824,075037,897,8,352,9
23825,075037,1018,9,400,10
23826,075037,1711,10,448,11
23827,075037,1849,11,504,13
23828,075037,654,6,256,7
23829,075037,775,7,304,8
23830,075037,897,8,352,9
23831,075037,1018,9,400,10
23832,075037,1711,10,448,11
23833,075037,1849,11,504,13
23834,075037,654,6,256,7
23835,075037,775,7,304,8
23836,075037,897,8,352,9
23837,075037,1018,9,400,10
23838,075037,1711,10,448,11
23839,075037,1849,11,504,13
