
Loading design for application trce from file cp24a_impl1.ncd.
Design name: uj11_probe_core
NCD version: 3.3
Vendor:      LATTICE
Device:      LCMXO2-1200HC
Package:     QFN32
Performance: 4
Loading device for application trce from file 'xo2c1200.nph' in environment: /home/sash/.local/lscc/diamond/3.14/ispfpga.
Package Status:                     Final          Version 1.44.
Performance Hardware Data Status:   Final          Version 36.4.
Setup and Hold Report

--------------------------------------------------------------------------------
Lattice TRACE Report - Setup, Version Diamond (64-bit) 3.14.0.75.2
Wed Sep  9 17:07:44 2026

Copyright (c) 1991-1994 by NeoCAD Inc. All rights reserved.
Copyright (c) 1995 AT&T Corp.   All rights reserved.
Copyright (c) 1995-2001 Lucent Technologies Inc.  All rights reserved.
Copyright (c) 2001 Agere Systems   All rights reserved.
Copyright (c) 2002-2024 Lattice Semiconductor Corporation,  All rights reserved.

Report Information
------------------
Command line:    trce -v 10 -c -u 0 -gt -sethld -sp 4 -sphld m -o cp24a_impl1.twr cp24a_impl1.ncd cp24a_impl1.prf 
Design file:     cp24a_impl1.ncd
Preference file: cp24a_impl1.prf
Device,speed:    LCMXO2-1200HC,4
Report level:    verbose report, limited to 10 items per preference
--------------------------------------------------------------------------------

BLOCK ASYNCPATHS
BLOCK RESETPATHS
--------------------------------------------------------------------------------



================================================================================
Preference: FREQUENCY PORT "clk" 35.000000 MHz ;
            4096 items scored, 0 timing errors detected.
--------------------------------------------------------------------------------


Passed: The following path meets requirements by 0.839ns

 Logical Details:  Cell type  Pin type       Cell/ASIC name  (clock net +/-)

   Source:         DP8KC      Port           core/engine/rom/lane_2(ASIC)  (from clk_c +)
   Destination:    FF         Data in        core/engine/status/psw[2]  (to clk_c +)

   Delay:              27.393ns  (50.2% logic, 49.8% route), 20 logic levels.

 Constraint Details:

     27.393ns physical path delay core/engine/rom/lane_2 to core/engine/status/SLICE_137 meets
     28.571ns delay constraint less
      0.173ns skew and
      0.166ns DIN_SET requirement (totaling 28.232ns) by 0.839ns

 Physical Path Details:

      Data path core/engine/rom/lane_2 to core/engine/status/SLICE_137:

   Name    Fanout   Delay (ns)          Site               Resource
C2Q_DEL     ---     4.979  EBR_R6C4.CLKA to  EBR_R6C4.DOA8 core/engine/rom/lane_2 (from clk_c)
ROUTE         5     1.694  EBR_R6C4.DOA8 to      R10C7D.D0 uword[26]
CTOF_DEL    ---     0.495      R10C7D.D0 to      R10C7D.F0 core/engine/SLICE_466
ROUTE         1     0.693      R10C7D.F0 to      R10C7B.B1 core/engine/un6_select_register[1]
CTOF_DEL    ---     0.495      R10C7B.B1 to      R10C7B.F1 core/engine/SLICE_285
ROUTE        18     1.063      R10C7B.F1 to       R8C7C.B1 core/engine/un9_d_axb1
CTOF_DEL    ---     0.495       R8C7C.B1 to       R8C7C.F1 core/engine/SLICE_380
ROUTE         1     0.436       R8C7C.F1 to       R8C7C.C0 core/engine/un7_d
CTOF_DEL    ---     0.495       R8C7C.C0 to       R8C7C.F0 core/engine/SLICE_380
ROUTE         8     0.667       R8C7C.F0 to       R8C7A.D0 core/engine/d_sn_N_5
CTOOFX_DEL  ---     0.721       R8C7A.D0 to     R8C7A.OFX0 core/engine/d[0]/SLICE_211
ROUTE         2     0.673     R8C7A.OFX0 to       R9C7D.D0 core/engine/d[0]
CTOF_DEL    ---     0.495       R9C7D.D0 to       R9C7D.F0 core/engine/dp/SLICE_341
ROUTE         1     0.967       R9C7D.F0 to       R9C7D.A1 core/engine/dp/un1_d[0]
CTOF_DEL    ---     0.495       R9C7D.A1 to       R9C7D.F1 core/engine/dp/SLICE_341
ROUTE         3     1.777       R9C7D.F1 to       R7C6A.B1 core/engine/dp/rhs[0]
C1TOFCO_DE  ---     0.889       R7C6A.B1 to      R7C6A.FCO core/engine/dp/alu/SLICE_14
ROUTE         1     0.000      R7C6A.FCO to      R7C6B.FCI core/engine/dp/alu/un1_arithmetic_b_cry_0
FCITOFCO_D  ---     0.162      R7C6B.FCI to      R7C6B.FCO core/engine/dp/alu/SLICE_13
ROUTE         1     0.000      R7C6B.FCO to      R7C6C.FCI core/engine/dp/alu/un1_arithmetic_b_cry_2
FCITOFCO_D  ---     0.162      R7C6C.FCI to      R7C6C.FCO core/engine/dp/alu/SLICE_12
ROUTE         1     0.000      R7C6C.FCO to      R7C6D.FCI core/engine/dp/alu/un1_arithmetic_b_cry_4
FCITOFCO_D  ---     0.162      R7C6D.FCI to      R7C6D.FCO core/engine/dp/alu/SLICE_11
ROUTE         1     0.000      R7C6D.FCO to      R7C7A.FCI core/engine/dp/alu/un1_arithmetic_b_cry_6
FCITOFCO_D  ---     0.162      R7C7A.FCI to      R7C7A.FCO core/engine/dp/alu/SLICE_10
ROUTE         1     0.000      R7C7A.FCO to      R7C7B.FCI core/engine/dp/alu/un1_arithmetic_b_cry_8
FCITOF0_DE  ---     0.585      R7C7B.FCI to       R7C7B.F0 core/engine/dp/alu/SLICE_9
ROUTE         2     1.471       R7C7B.F0 to       R5C5D.D1 core/engine/dp/alu/un1_arithmetic_b_cry_9_0_S0
CTOF_DEL    ---     0.495       R5C5D.D1 to       R5C5D.F1 core/engine/dp/alu/SLICE_310
ROUTE         1     0.436       R5C5D.F1 to       R5C5D.C0 core/engine/dp/alu/result_8_0[9]
CTOF_DEL    ---     0.495       R5C5D.C0 to       R5C5D.F0 core/engine/dp/alu/SLICE_310
ROUTE         2     0.972       R5C5D.F0 to       R4C4D.D1 core/engine/dp/result_12[9]
CTOF_DEL    ---     0.495       R4C4D.D1 to       R4C4D.F1 core/engine/SLICE_144
ROUTE         5     0.651       R4C4D.F1 to       R4C4A.D0 core/engine/result[9]
CTOF_DEL    ---     0.495       R4C4A.D0 to       R4C4A.F0 core/engine/dp/SLICE_473
ROUTE         1     0.958       R4C4A.F0 to       R2C3B.D0 core/engine/dp/alu/un41_nzvc_4
CTOF_DEL    ---     0.495       R2C3B.D0 to       R2C3B.F0 core/engine/dp/alu/SLICE_298
ROUTE         1     1.173       R2C3B.F0 to      R10C3D.D1 core/engine/un25_nzvc
CTOF_DEL    ---     0.495      R10C3D.D1 to      R10C3D.F1 core/engine/status/SLICE_137
ROUTE         1     0.000      R10C3D.F1 to     R10C3D.DI1 core/engine/status/psw_6[2] (to clk_c)
                  --------
                   27.393   (50.2% logic, 49.8% route), 20 logic levels.

 Clock Skew Details: 

      Source Clock Path clk to core/engine/rom/lane_2:

   Name    Fanout   Delay (ns)          Site               Resource
ROUTE       183     2.351       13.PADDI to  EBR_R6C4.CLKA clk_c
                  --------
                    2.351   (0.0% logic, 100.0% route), 0 logic levels.

      Destination Clock Path clk to core/engine/status/SLICE_137:

   Name    Fanout   Delay (ns)          Site               Resource
ROUTE       183     2.178       13.PADDI to     R10C3D.CLK clk_c
                  --------
                    2.178   (0.0% logic, 100.0% route), 0 logic levels.


Passed: The following path meets requirements by 0.951ns

 Logical Details:  Cell type  Pin type       Cell/ASIC name  (clock net +/-)

   Source:         DP8KC      Port           core/engine/rom/lane_2(ASIC)  (from clk_c +)
   Destination:    FF         Data in        core/engine/status/psw[2]  (to clk_c +)

   Delay:              27.281ns  (50.6% logic, 49.4% route), 21 logic levels.

 Constraint Details:

     27.281ns physical path delay core/engine/rom/lane_2 to core/engine/status/SLICE_137 meets
     28.571ns delay constraint less
      0.173ns skew and
      0.166ns DIN_SET requirement (totaling 28.232ns) by 0.951ns

 Physical Path Details:

      Data path core/engine/rom/lane_2 to core/engine/status/SLICE_137:

   Name    Fanout   Delay (ns)          Site               Resource
C2Q_DEL     ---     4.979  EBR_R6C4.CLKA to  EBR_R6C4.DOA8 core/engine/rom/lane_2 (from clk_c)
ROUTE         5     1.694  EBR_R6C4.DOA8 to      R10C7D.D0 uword[26]
CTOF_DEL    ---     0.495      R10C7D.D0 to      R10C7D.F0 core/engine/SLICE_466
ROUTE         1     0.693      R10C7D.F0 to      R10C7B.B1 core/engine/un6_select_register[1]
CTOF_DEL    ---     0.495      R10C7B.B1 to      R10C7B.F1 core/engine/SLICE_285
ROUTE        18     1.063      R10C7B.F1 to       R8C7C.B1 core/engine/un9_d_axb1
CTOF_DEL    ---     0.495       R8C7C.B1 to       R8C7C.F1 core/engine/SLICE_380
ROUTE         1     0.436       R8C7C.F1 to       R8C7C.C0 core/engine/un7_d
CTOF_DEL    ---     0.495       R8C7C.C0 to       R8C7C.F0 core/engine/SLICE_380
ROUTE         8     0.667       R8C7C.F0 to       R8C7A.D0 core/engine/d_sn_N_5
CTOOFX_DEL  ---     0.721       R8C7A.D0 to     R8C7A.OFX0 core/engine/d[0]/SLICE_211
ROUTE         2     0.673     R8C7A.OFX0 to       R9C7D.D0 core/engine/d[0]
CTOF_DEL    ---     0.495       R9C7D.D0 to       R9C7D.F0 core/engine/dp/SLICE_341
ROUTE         1     0.967       R9C7D.F0 to       R9C7D.A1 core/engine/dp/un1_d[0]
CTOF_DEL    ---     0.495       R9C7D.A1 to       R9C7D.F1 core/engine/dp/SLICE_341
ROUTE         3     1.777       R9C7D.F1 to       R7C6A.B1 core/engine/dp/rhs[0]
C1TOFCO_DE  ---     0.889       R7C6A.B1 to      R7C6A.FCO core/engine/dp/alu/SLICE_14
ROUTE         1     0.000      R7C6A.FCO to      R7C6B.FCI core/engine/dp/alu/un1_arithmetic_b_cry_0
FCITOFCO_D  ---     0.162      R7C6B.FCI to      R7C6B.FCO core/engine/dp/alu/SLICE_13
ROUTE         1     0.000      R7C6B.FCO to      R7C6C.FCI core/engine/dp/alu/un1_arithmetic_b_cry_2
FCITOFCO_D  ---     0.162      R7C6C.FCI to      R7C6C.FCO core/engine/dp/alu/SLICE_12
ROUTE         1     0.000      R7C6C.FCO to      R7C6D.FCI core/engine/dp/alu/un1_arithmetic_b_cry_4
FCITOFCO_D  ---     0.162      R7C6D.FCI to      R7C6D.FCO core/engine/dp/alu/SLICE_11
ROUTE         1     0.000      R7C6D.FCO to      R7C7A.FCI core/engine/dp/alu/un1_arithmetic_b_cry_6
FCITOFCO_D  ---     0.162      R7C7A.FCI to      R7C7A.FCO core/engine/dp/alu/SLICE_10
ROUTE         1     0.000      R7C7A.FCO to      R7C7B.FCI core/engine/dp/alu/un1_arithmetic_b_cry_8
FCITOFCO_D  ---     0.162      R7C7B.FCI to      R7C7B.FCO core/engine/dp/alu/SLICE_9
ROUTE         1     0.000      R7C7B.FCO to      R7C7C.FCI core/engine/dp/alu/un1_arithmetic_b_cry_10
FCITOFCO_D  ---     0.162      R7C7C.FCI to      R7C7C.FCO core/engine/dp/alu/SLICE_8
ROUTE         1     0.000      R7C7C.FCO to      R7C7D.FCI core/engine/dp/alu/un1_arithmetic_b_cry_12
FCITOF0_DE  ---     0.585      R7C7D.FCI to       R7C7D.F0 core/engine/dp/alu/SLICE_7
ROUTE         2     0.632       R7C7D.F0 to       R7C8B.D1 core/engine/dp/alu/un1_arithmetic_b_cry_13_0_S0
CTOF_DEL    ---     0.495       R7C8B.D1 to       R7C8B.F1 core/engine/dp/alu/SLICE_474
ROUTE         1     1.294       R7C8B.F1 to       R4C7B.C0 core/engine/dp/alu/result_5[13]
CTOOFX_DEL  ---     0.721       R4C7B.C0 to     R4C7B.OFX0 core/engine/SLICE_148
ROUTE         6     1.959     R4C7B.OFX0 to       R2C3B.B1 core/engine/result[13]
CTOF_DEL    ---     0.495       R2C3B.B1 to       R2C3B.F1 core/engine/dp/alu/SLICE_298
ROUTE         1     0.436       R2C3B.F1 to       R2C3B.C0 core/engine/dp/alu/un41_nzvc_5
CTOF_DEL    ---     0.495       R2C3B.C0 to       R2C3B.F0 core/engine/dp/alu/SLICE_298
ROUTE         1     1.173       R2C3B.F0 to      R10C3D.D1 core/engine/un25_nzvc
CTOF_DEL    ---     0.495      R10C3D.D1 to      R10C3D.F1 core/engine/status/SLICE_137
ROUTE         1     0.000      R10C3D.F1 to     R10C3D.DI1 core/engine/status/psw_6[2] (to clk_c)
                  --------
                   27.281   (50.6% logic, 49.4% route), 21 logic levels.

 Clock Skew Details: 

      Source Clock Path clk to core/engine/rom/lane_2:

   Name    Fanout   Delay (ns)          Site               Resource
ROUTE       183     2.351       13.PADDI to  EBR_R6C4.CLKA clk_c
                  --------
                    2.351   (0.0% logic, 100.0% route), 0 logic levels.

      Destination Clock Path clk to core/engine/status/SLICE_137:

   Name    Fanout   Delay (ns)          Site               Resource
ROUTE       183     2.178       13.PADDI to     R10C3D.CLK clk_c
                  --------
                    2.178   (0.0% logic, 100.0% route), 0 logic levels.


Passed: The following path meets requirements by 0.981ns

 Logical Details:  Cell type  Pin type       Cell/ASIC name  (clock net +/-)

   Source:         DP8KC      Port           core/engine/rom/lane_2(ASIC)  (from clk_c +)
   Destination:    FF         Data in        core/engine/status/psw[2]  (to clk_c +)

   Delay:              27.251ns  (48.5% logic, 51.5% route), 17 logic levels.

 Constraint Details:

     27.251ns physical path delay core/engine/rom/lane_2 to core/engine/status/SLICE_137 meets
     28.571ns delay constraint less
      0.173ns skew and
      0.166ns DIN_SET requirement (totaling 28.232ns) by 0.981ns

 Physical Path Details:

      Data path core/engine/rom/lane_2 to core/engine/status/SLICE_137:

   Name    Fanout   Delay (ns)          Site               Resource
C2Q_DEL     ---     4.979  EBR_R6C4.CLKA to  EBR_R6C4.DOA8 core/engine/rom/lane_2 (from clk_c)
ROUTE         5     1.694  EBR_R6C4.DOA8 to      R10C7D.D0 uword[26]
CTOF_DEL    ---     0.495      R10C7D.D0 to      R10C7D.F0 core/engine/SLICE_466
ROUTE         1     0.693      R10C7D.F0 to      R10C7B.B1 core/engine/un6_select_register[1]
CTOF_DEL    ---     0.495      R10C7B.B1 to      R10C7B.F1 core/engine/SLICE_285
ROUTE        18     1.063      R10C7B.F1 to       R8C7C.B1 core/engine/un9_d_axb1
CTOF_DEL    ---     0.495       R8C7C.B1 to       R8C7C.F1 core/engine/SLICE_380
ROUTE         1     0.436       R8C7C.F1 to       R8C7C.C0 core/engine/un7_d
CTOF_DEL    ---     0.495       R8C7C.C0 to       R8C7C.F0 core/engine/SLICE_380
ROUTE         8     0.667       R8C7C.F0 to       R8C7A.D0 core/engine/d_sn_N_5
CTOOFX_DEL  ---     0.721       R8C7A.D0 to     R8C7A.OFX0 core/engine/d[0]/SLICE_211
ROUTE         2     0.673     R8C7A.OFX0 to       R9C7D.D0 core/engine/d[0]
CTOF_DEL    ---     0.495       R9C7D.D0 to       R9C7D.F0 core/engine/dp/SLICE_341
ROUTE         1     0.967       R9C7D.F0 to       R9C7D.A1 core/engine/dp/un1_d[0]
CTOF_DEL    ---     0.495       R9C7D.A1 to       R9C7D.F1 core/engine/dp/SLICE_341
ROUTE         3     1.777       R9C7D.F1 to       R7C6A.B1 core/engine/dp/rhs[0]
C1TOFCO_DE  ---     0.889       R7C6A.B1 to      R7C6A.FCO core/engine/dp/alu/SLICE_14
ROUTE         1     0.000      R7C6A.FCO to      R7C6B.FCI core/engine/dp/alu/un1_arithmetic_b_cry_0
FCITOFCO_D  ---     0.162      R7C6B.FCI to      R7C6B.FCO core/engine/dp/alu/SLICE_13
ROUTE         1     0.000      R7C6B.FCO to      R7C6C.FCI core/engine/dp/alu/un1_arithmetic_b_cry_2
FCITOFCO_D  ---     0.162      R7C6C.FCI to      R7C6C.FCO core/engine/dp/alu/SLICE_12
ROUTE         1     0.000      R7C6C.FCO to      R7C6D.FCI core/engine/dp/alu/un1_arithmetic_b_cry_4
FCITOF1_DE  ---     0.643      R7C6D.FCI to       R7C6D.F1 core/engine/dp/alu/SLICE_11
ROUTE         2     1.166       R7C6D.F1 to      R10C5C.D0 core/engine/dp/alu/un1_arithmetic_b_cry_5_0_S1
CTOF_DEL    ---     0.495      R10C5C.D0 to      R10C5C.F0 core/engine/dp/alu/SLICE_309
ROUTE         1     0.623      R10C5C.F0 to       R9C5C.D1 core/engine/dp/alu/result_8_0[6]
CTOOFX_DEL  ---     0.721       R9C5C.D1 to     R9C5C.OFX0 core/engine/SLICE_142
ROUTE         6     1.953     R9C5C.OFX0 to       R7C9D.D0 core/engine/result[6]
CTOF_DEL    ---     0.495       R7C9D.D0 to       R7C9D.F0 SLICE_176
ROUTE         1     1.656       R7C9D.F0 to      R10C4A.D0 core/engine/dp/alu/nzvc_1_5[2]
CTOF_DEL    ---     0.495      R10C4A.D0 to      R10C4A.F0 core/engine/dp/alu/SLICE_297
ROUTE         1     0.656      R10C4A.F0 to      R10C3D.A1 core/engine/nzvc_1_6[2]
CTOF_DEL    ---     0.495      R10C3D.A1 to      R10C3D.F1 core/engine/status/SLICE_137
ROUTE         1     0.000      R10C3D.F1 to     R10C3D.DI1 core/engine/status/psw_6[2] (to clk_c)
                  --------
                   27.251   (48.5% logic, 51.5% route), 17 logic levels.

 Clock Skew Details: 

      Source Clock Path clk to core/engine/rom/lane_2:

   Name    Fanout   Delay (ns)          Site               Resource
ROUTE       183     2.351       13.PADDI to  EBR_R6C4.CLKA clk_c
                  --------
                    2.351   (0.0% logic, 100.0% route), 0 logic levels.

      Destination Clock Path clk to core/engine/status/SLICE_137:

   Name    Fanout   Delay (ns)          Site               Resource
ROUTE       183     2.178       13.PADDI to     R10C3D.CLK clk_c
                  --------
                    2.178   (0.0% logic, 100.0% route), 0 logic levels.


Passed: The following path meets requirements by 0.991ns

 Logical Details:  Cell type  Pin type       Cell/ASIC name  (clock net +/-)

   Source:         DP8KC      Port           core/engine/rom/lane_2(ASIC)  (from clk_c +)
   Destination:    FF         Data in        core/engine/status/psw[2]  (to clk_c +)

   Delay:              27.241ns  (46.0% logic, 54.0% route), 17 logic levels.

 Constraint Details:

     27.241ns physical path delay core/engine/rom/lane_2 to core/engine/status/SLICE_137 meets
     28.571ns delay constraint less
      0.173ns skew and
      0.166ns DIN_SET requirement (totaling 28.232ns) by 0.991ns

 Physical Path Details:

      Data path core/engine/rom/lane_2 to core/engine/status/SLICE_137:

   Name    Fanout   Delay (ns)          Site               Resource
C2Q_DEL     ---     4.979  EBR_R6C4.CLKA to  EBR_R6C4.DOA3 core/engine/rom/lane_2 (from clk_c)
ROUTE         5     1.755  EBR_R6C4.DOA3 to      R10C7D.D1 uword[21]
CTOF_DEL    ---     0.495      R10C7D.D1 to      R10C7D.F1 core/engine/SLICE_466
ROUTE         1     1.514      R10C7D.F1 to       R4C5B.A0 core/engine/un23_select_register[1]
CTOF_DEL    ---     0.495       R4C5B.A0 to       R4C5B.F0 SLICE_75
ROUTE        25     2.036       R4C5B.F0 to       R7C2A.B1 rf_address[1]
CTOF_DEL    ---     0.495       R7C2A.B1 to       R7C2A.F1 SLICE_16
ROUTE         3     1.477       R7C2A.F1 to       R7C8D.D0 data[1]
CTOF_DEL    ---     0.495       R7C8D.D0 to       R7C8D.F0 core/engine/dp/SLICE_328
ROUTE         1     0.967       R7C8D.F0 to       R7C8D.A1 core/engine/dp/un1_read_b_1[1]
CTOF_DEL    ---     0.495       R7C8D.A1 to       R7C8D.F1 core/engine/dp/SLICE_328
ROUTE         3     1.313       R7C8D.F1 to       R7C6B.A0 core/engine/dp/rhs[1]
C0TOFCO_DE  ---     1.023       R7C6B.A0 to      R7C6B.FCO core/engine/dp/alu/SLICE_13
ROUTE         1     0.000      R7C6B.FCO to      R7C6C.FCI core/engine/dp/alu/un1_arithmetic_b_cry_2
FCITOFCO_D  ---     0.162      R7C6C.FCI to      R7C6C.FCO core/engine/dp/alu/SLICE_12
ROUTE         1     0.000      R7C6C.FCO to      R7C6D.FCI core/engine/dp/alu/un1_arithmetic_b_cry_4
FCITOFCO_D  ---     0.162      R7C6D.FCI to      R7C6D.FCO core/engine/dp/alu/SLICE_11
ROUTE         1     0.000      R7C6D.FCO to      R7C7A.FCI core/engine/dp/alu/un1_arithmetic_b_cry_6
FCITOFCO_D  ---     0.162      R7C7A.FCI to      R7C7A.FCO core/engine/dp/alu/SLICE_10
ROUTE         1     0.000      R7C7A.FCO to      R7C7B.FCI core/engine/dp/alu/un1_arithmetic_b_cry_8
FCITOF0_DE  ---     0.585      R7C7B.FCI to       R7C7B.F0 core/engine/dp/alu/SLICE_9
ROUTE         2     1.471       R7C7B.F0 to       R5C5D.D1 core/engine/dp/alu/un1_arithmetic_b_cry_9_0_S0
CTOF_DEL    ---     0.495       R5C5D.D1 to       R5C5D.F1 core/engine/dp/alu/SLICE_310
ROUTE         1     0.436       R5C5D.F1 to       R5C5D.C0 core/engine/dp/alu/result_8_0[9]
CTOF_DEL    ---     0.495       R5C5D.C0 to       R5C5D.F0 core/engine/dp/alu/SLICE_310
ROUTE         2     0.972       R5C5D.F0 to       R4C4D.D1 core/engine/dp/result_12[9]
CTOF_DEL    ---     0.495       R4C4D.D1 to       R4C4D.F1 core/engine/SLICE_144
ROUTE         5     0.651       R4C4D.F1 to       R4C4A.D0 core/engine/result[9]
CTOF_DEL    ---     0.495       R4C4A.D0 to       R4C4A.F0 core/engine/dp/SLICE_473
ROUTE         1     0.958       R4C4A.F0 to       R2C3B.D0 core/engine/dp/alu/un41_nzvc_4
CTOF_DEL    ---     0.495       R2C3B.D0 to       R2C3B.F0 core/engine/dp/alu/SLICE_298
ROUTE         1     1.173       R2C3B.F0 to      R10C3D.D1 core/engine/un25_nzvc
CTOF_DEL    ---     0.495      R10C3D.D1 to      R10C3D.F1 core/engine/status/SLICE_137
ROUTE         1     0.000      R10C3D.F1 to     R10C3D.DI1 core/engine/status/psw_6[2] (to clk_c)
                  --------
                   27.241   (46.0% logic, 54.0% route), 17 logic levels.

 Clock Skew Details: 

      Source Clock Path clk to core/engine/rom/lane_2:

   Name    Fanout   Delay (ns)          Site               Resource
ROUTE       183     2.351       13.PADDI to  EBR_R6C4.CLKA clk_c
                  --------
                    2.351   (0.0% logic, 100.0% route), 0 logic levels.

      Destination Clock Path clk to core/engine/status/SLICE_137:

   Name    Fanout   Delay (ns)          Site               Resource
ROUTE       183     2.178       13.PADDI to     R10C3D.CLK clk_c
                  --------
                    2.178   (0.0% logic, 100.0% route), 0 logic levels.


Passed: The following path meets requirements by 1.031ns

 Logical Details:  Cell type  Pin type       Cell/ASIC name  (clock net +/-)

   Source:         DP8KC      Port           core/engine/rom/lane_2(ASIC)  (from clk_c +)
   Destination:    FF         Data in        core/engine/status/psw[2]  (to clk_c +)

   Delay:              27.201ns  (48.6% logic, 51.4% route), 17 logic levels.

 Constraint Details:

     27.201ns physical path delay core/engine/rom/lane_2 to core/engine/status/SLICE_137 meets
     28.571ns delay constraint less
      0.173ns skew and
      0.166ns DIN_SET requirement (totaling 28.232ns) by 1.031ns

 Physical Path Details:

      Data path core/engine/rom/lane_2 to core/engine/status/SLICE_137:

   Name    Fanout   Delay (ns)          Site               Resource
C2Q_DEL     ---     4.979  EBR_R6C4.CLKA to  EBR_R6C4.DOA8 core/engine/rom/lane_2 (from clk_c)
ROUTE         5     1.694  EBR_R6C4.DOA8 to      R10C7D.D0 uword[26]
CTOF_DEL    ---     0.495      R10C7D.D0 to      R10C7D.F0 core/engine/SLICE_466
ROUTE         1     0.693      R10C7D.F0 to      R10C7B.B1 core/engine/un6_select_register[1]
CTOF_DEL    ---     0.495      R10C7B.B1 to      R10C7B.F1 core/engine/SLICE_285
ROUTE        18     1.063      R10C7B.F1 to       R8C7C.B1 core/engine/un9_d_axb1
CTOF_DEL    ---     0.495       R8C7C.B1 to       R8C7C.F1 core/engine/SLICE_380
ROUTE         1     0.436       R8C7C.F1 to       R8C7C.C0 core/engine/un7_d
CTOF_DEL    ---     0.495       R8C7C.C0 to       R8C7C.F0 core/engine/SLICE_380
ROUTE         8     0.667       R8C7C.F0 to       R8C7A.D0 core/engine/d_sn_N_5
CTOOFX_DEL  ---     0.721       R8C7A.D0 to     R8C7A.OFX0 core/engine/d[0]/SLICE_211
ROUTE         2     0.673     R8C7A.OFX0 to       R9C7D.D0 core/engine/d[0]
CTOF_DEL    ---     0.495       R9C7D.D0 to       R9C7D.F0 core/engine/dp/SLICE_341
ROUTE         1     0.967       R9C7D.F0 to       R9C7D.A1 core/engine/dp/un1_d[0]
CTOF_DEL    ---     0.495       R9C7D.A1 to       R9C7D.F1 core/engine/dp/SLICE_341
ROUTE         3     1.777       R9C7D.F1 to       R7C6A.B1 core/engine/dp/rhs[0]
C1TOFCO_DE  ---     0.889       R7C6A.B1 to      R7C6A.FCO core/engine/dp/alu/SLICE_14
ROUTE         1     0.000      R7C6A.FCO to      R7C6B.FCI core/engine/dp/alu/un1_arithmetic_b_cry_0
FCITOFCO_D  ---     0.162      R7C6B.FCI to      R7C6B.FCO core/engine/dp/alu/SLICE_13
ROUTE         1     0.000      R7C6B.FCO to      R7C6C.FCI core/engine/dp/alu/un1_arithmetic_b_cry_2
FCITOFCO_D  ---     0.162      R7C6C.FCI to      R7C6C.FCO core/engine/dp/alu/SLICE_12
ROUTE         1     0.000      R7C6C.FCO to      R7C6D.FCI core/engine/dp/alu/un1_arithmetic_b_cry_4
FCITOF1_DE  ---     0.643      R7C6D.FCI to       R7C6D.F1 core/engine/dp/alu/SLICE_11
ROUTE         2     0.995       R7C6D.F1 to       R9C6B.A0 core/engine/dp/alu/un1_arithmetic_b_cry_5_0_S1
CTOF_DEL    ---     0.495       R9C6B.A0 to       R9C6B.F0 core/engine/dp/SLICE_295
ROUTE         1     0.744       R9C6B.F0 to       R9C5C.C0 core/engine/dp/alu/result_13_am_RNO[6]
CTOOFX_DEL  ---     0.721       R9C5C.C0 to     R9C5C.OFX0 core/engine/SLICE_142
ROUTE         6     1.953     R9C5C.OFX0 to       R7C9D.D0 core/engine/result[6]
CTOF_DEL    ---     0.495       R7C9D.D0 to       R7C9D.F0 SLICE_176
ROUTE         1     1.656       R7C9D.F0 to      R10C4A.D0 core/engine/dp/alu/nzvc_1_5[2]
CTOF_DEL    ---     0.495      R10C4A.D0 to      R10C4A.F0 core/engine/dp/alu/SLICE_297
ROUTE         1     0.656      R10C4A.F0 to      R10C3D.A1 core/engine/nzvc_1_6[2]
CTOF_DEL    ---     0.495      R10C3D.A1 to      R10C3D.F1 core/engine/status/SLICE_137
ROUTE         1     0.000      R10C3D.F1 to     R10C3D.DI1 core/engine/status/psw_6[2] (to clk_c)
                  --------
                   27.201   (48.6% logic, 51.4% route), 17 logic levels.

 Clock Skew Details: 

      Source Clock Path clk to core/engine/rom/lane_2:

   Name    Fanout   Delay (ns)          Site               Resource
ROUTE       183     2.351       13.PADDI to  EBR_R6C4.CLKA clk_c
                  --------
                    2.351   (0.0% logic, 100.0% route), 0 logic levels.

      Destination Clock Path clk to core/engine/status/SLICE_137:

   Name    Fanout   Delay (ns)          Site               Resource
ROUTE       183     2.178       13.PADDI to     R10C3D.CLK clk_c
                  --------
                    2.178   (0.0% logic, 100.0% route), 0 logic levels.


Passed: The following path meets requirements by 1.050ns

 Logical Details:  Cell type  Pin type       Cell/ASIC name  (clock net +/-)

   Source:         DP8KC      Port           core/engine/rom/lane_2(ASIC)  (from clk_c +)
   Destination:    FF         Data in        core/engine/status/psw[2]  (to clk_c +)

   Delay:              27.182ns  (50.8% logic, 49.2% route), 21 logic levels.

 Constraint Details:

     27.182ns physical path delay core/engine/rom/lane_2 to core/engine/status/SLICE_137 meets
     28.571ns delay constraint less
      0.173ns skew and
      0.166ns DIN_SET requirement (totaling 28.232ns) by 1.050ns

 Physical Path Details:

      Data path core/engine/rom/lane_2 to core/engine/status/SLICE_137:

   Name    Fanout   Delay (ns)          Site               Resource
C2Q_DEL     ---     4.979  EBR_R6C4.CLKA to  EBR_R6C4.DOA8 core/engine/rom/lane_2 (from clk_c)
ROUTE         5     1.694  EBR_R6C4.DOA8 to      R10C7D.D0 uword[26]
CTOF_DEL    ---     0.495      R10C7D.D0 to      R10C7D.F0 core/engine/SLICE_466
ROUTE         1     0.693      R10C7D.F0 to      R10C7B.B1 core/engine/un6_select_register[1]
CTOF_DEL    ---     0.495      R10C7B.B1 to      R10C7B.F1 core/engine/SLICE_285
ROUTE        18     1.063      R10C7B.F1 to       R8C7C.B1 core/engine/un9_d_axb1
CTOF_DEL    ---     0.495       R8C7C.B1 to       R8C7C.F1 core/engine/SLICE_380
ROUTE         1     0.436       R8C7C.F1 to       R8C7C.C0 core/engine/un7_d
CTOF_DEL    ---     0.495       R8C7C.C0 to       R8C7C.F0 core/engine/SLICE_380
ROUTE         8     0.667       R8C7C.F0 to       R8C7A.D0 core/engine/d_sn_N_5
CTOOFX_DEL  ---     0.721       R8C7A.D0 to     R8C7A.OFX0 core/engine/d[0]/SLICE_211
ROUTE         2     0.673     R8C7A.OFX0 to       R9C7D.D0 core/engine/d[0]
CTOF_DEL    ---     0.495       R9C7D.D0 to       R9C7D.F0 core/engine/dp/SLICE_341
ROUTE         1     0.967       R9C7D.F0 to       R9C7D.A1 core/engine/dp/un1_d[0]
CTOF_DEL    ---     0.495       R9C7D.A1 to       R9C7D.F1 core/engine/dp/SLICE_341
ROUTE         3     1.777       R9C7D.F1 to       R7C6A.B1 core/engine/dp/rhs[0]
C1TOFCO_DE  ---     0.889       R7C6A.B1 to      R7C6A.FCO core/engine/dp/alu/SLICE_14
ROUTE         1     0.000      R7C6A.FCO to      R7C6B.FCI core/engine/dp/alu/un1_arithmetic_b_cry_0
FCITOFCO_D  ---     0.162      R7C6B.FCI to      R7C6B.FCO core/engine/dp/alu/SLICE_13
ROUTE         1     0.000      R7C6B.FCO to      R7C6C.FCI core/engine/dp/alu/un1_arithmetic_b_cry_2
FCITOFCO_D  ---     0.162      R7C6C.FCI to      R7C6C.FCO core/engine/dp/alu/SLICE_12
ROUTE         1     0.000      R7C6C.FCO to      R7C6D.FCI core/engine/dp/alu/un1_arithmetic_b_cry_4
FCITOFCO_D  ---     0.162      R7C6D.FCI to      R7C6D.FCO core/engine/dp/alu/SLICE_11
ROUTE         1     0.000      R7C6D.FCO to      R7C7A.FCI core/engine/dp/alu/un1_arithmetic_b_cry_6
FCITOFCO_D  ---     0.162      R7C7A.FCI to      R7C7A.FCO core/engine/dp/alu/SLICE_10
ROUTE         1     0.000      R7C7A.FCO to      R7C7B.FCI core/engine/dp/alu/un1_arithmetic_b_cry_8
FCITOFCO_D  ---     0.162      R7C7B.FCI to      R7C7B.FCO core/engine/dp/alu/SLICE_9
ROUTE         1     0.000      R7C7B.FCO to      R7C7C.FCI core/engine/dp/alu/un1_arithmetic_b_cry_10
FCITOFCO_D  ---     0.162      R7C7C.FCI to      R7C7C.FCO core/engine/dp/alu/SLICE_8
ROUTE         1     0.000      R7C7C.FCO to      R7C7D.FCI core/engine/dp/alu/un1_arithmetic_b_cry_12
FCITOF0_DE  ---     0.585      R7C7D.FCI to       R7C7D.F0 core/engine/dp/alu/SLICE_7
ROUTE         2     1.182       R7C7D.F0 to       R4C8D.D0 core/engine/dp/alu/un1_arithmetic_b_cry_13_0_S0
CTOF_DEL    ---     0.495       R4C8D.D0 to       R4C8D.F0 core/engine/dp/alu/SLICE_323
ROUTE         1     0.645       R4C8D.F0 to       R4C7B.D1 core/engine/dp/alu/result_8_0[13]
CTOOFX_DEL  ---     0.721       R4C7B.D1 to     R4C7B.OFX0 core/engine/SLICE_148
ROUTE         6     1.959     R4C7B.OFX0 to       R2C3B.B1 core/engine/result[13]
CTOF_DEL    ---     0.495       R2C3B.B1 to       R2C3B.F1 core/engine/dp/alu/SLICE_298
ROUTE         1     0.436       R2C3B.F1 to       R2C3B.C0 core/engine/dp/alu/un41_nzvc_5
CTOF_DEL    ---     0.495       R2C3B.C0 to       R2C3B.F0 core/engine/dp/alu/SLICE_298
ROUTE         1     1.173       R2C3B.F0 to      R10C3D.D1 core/engine/un25_nzvc
CTOF_DEL    ---     0.495      R10C3D.D1 to      R10C3D.F1 core/engine/status/SLICE_137
ROUTE         1     0.000      R10C3D.F1 to     R10C3D.DI1 core/engine/status/psw_6[2] (to clk_c)
                  --------
                   27.182   (50.8% logic, 49.2% route), 21 logic levels.

 Clock Skew Details: 

      Source Clock Path clk to core/engine/rom/lane_2:

   Name    Fanout   Delay (ns)          Site               Resource
ROUTE       183     2.351       13.PADDI to  EBR_R6C4.CLKA clk_c
                  --------
                    2.351   (0.0% logic, 100.0% route), 0 logic levels.

      Destination Clock Path clk to core/engine/status/SLICE_137:

   Name    Fanout   Delay (ns)          Site               Resource
ROUTE       183     2.178       13.PADDI to     R10C3D.CLK clk_c
                  --------
                    2.178   (0.0% logic, 100.0% route), 0 logic levels.


Passed: The following path meets requirements by 1.103ns

 Logical Details:  Cell type  Pin type       Cell/ASIC name  (clock net +/-)

   Source:         DP8KC      Port           core/engine/rom/lane_2(ASIC)  (from clk_c +)
   Destination:    FF         Data in        core/engine/status/psw[2]  (to clk_c +)

   Delay:              27.129ns  (46.3% logic, 53.7% route), 18 logic levels.

 Constraint Details:

     27.129ns physical path delay core/engine/rom/lane_2 to core/engine/status/SLICE_137 meets
     28.571ns delay constraint less
      0.173ns skew and
      0.166ns DIN_SET requirement (totaling 28.232ns) by 1.103ns

 Physical Path Details:

      Data path core/engine/rom/lane_2 to core/engine/status/SLICE_137:

   Name    Fanout   Delay (ns)          Site               Resource
C2Q_DEL     ---     4.979  EBR_R6C4.CLKA to  EBR_R6C4.DOA3 core/engine/rom/lane_2 (from clk_c)
ROUTE         5     1.755  EBR_R6C4.DOA3 to      R10C7D.D1 uword[21]
CTOF_DEL    ---     0.495      R10C7D.D1 to      R10C7D.F1 core/engine/SLICE_466
ROUTE         1     1.514      R10C7D.F1 to       R4C5B.A0 core/engine/un23_select_register[1]
CTOF_DEL    ---     0.495       R4C5B.A0 to       R4C5B.F0 SLICE_75
ROUTE        25     2.036       R4C5B.F0 to       R7C2A.B1 rf_address[1]
CTOF_DEL    ---     0.495       R7C2A.B1 to       R7C2A.F1 SLICE_16
ROUTE         3     1.477       R7C2A.F1 to       R7C8D.D0 data[1]
CTOF_DEL    ---     0.495       R7C8D.D0 to       R7C8D.F0 core/engine/dp/SLICE_328
ROUTE         1     0.967       R7C8D.F0 to       R7C8D.A1 core/engine/dp/un1_read_b_1[1]
CTOF_DEL    ---     0.495       R7C8D.A1 to       R7C8D.F1 core/engine/dp/SLICE_328
ROUTE         3     1.313       R7C8D.F1 to       R7C6B.A0 core/engine/dp/rhs[1]
C0TOFCO_DE  ---     1.023       R7C6B.A0 to      R7C6B.FCO core/engine/dp/alu/SLICE_13
ROUTE         1     0.000      R7C6B.FCO to      R7C6C.FCI core/engine/dp/alu/un1_arithmetic_b_cry_2
FCITOFCO_D  ---     0.162      R7C6C.FCI to      R7C6C.FCO core/engine/dp/alu/SLICE_12
ROUTE         1     0.000      R7C6C.FCO to      R7C6D.FCI core/engine/dp/alu/un1_arithmetic_b_cry_4
FCITOFCO_D  ---     0.162      R7C6D.FCI to      R7C6D.FCO core/engine/dp/alu/SLICE_11
ROUTE         1     0.000      R7C6D.FCO to      R7C7A.FCI core/engine/dp/alu/un1_arithmetic_b_cry_6
FCITOFCO_D  ---     0.162      R7C7A.FCI to      R7C7A.FCO core/engine/dp/alu/SLICE_10
ROUTE         1     0.000      R7C7A.FCO to      R7C7B.FCI core/engine/dp/alu/un1_arithmetic_b_cry_8
FCITOFCO_D  ---     0.162      R7C7B.FCI to      R7C7B.FCO core/engine/dp/alu/SLICE_9
ROUTE         1     0.000      R7C7B.FCO to      R7C7C.FCI core/engine/dp/alu/un1_arithmetic_b_cry_10
FCITOFCO_D  ---     0.162      R7C7C.FCI to      R7C7C.FCO core/engine/dp/alu/SLICE_8
ROUTE         1     0.000      R7C7C.FCO to      R7C7D.FCI core/engine/dp/alu/un1_arithmetic_b_cry_12
FCITOF0_DE  ---     0.585      R7C7D.FCI to       R7C7D.F0 core/engine/dp/alu/SLICE_7
ROUTE         2     0.632       R7C7D.F0 to       R7C8B.D1 core/engine/dp/alu/un1_arithmetic_b_cry_13_0_S0
CTOF_DEL    ---     0.495       R7C8B.D1 to       R7C8B.F1 core/engine/dp/alu/SLICE_474
ROUTE         1     1.294       R7C8B.F1 to       R4C7B.C0 core/engine/dp/alu/result_5[13]
CTOOFX_DEL  ---     0.721       R4C7B.C0 to     R4C7B.OFX0 core/engine/SLICE_148
ROUTE         6     1.959     R4C7B.OFX0 to       R2C3B.B1 core/engine/result[13]
CTOF_DEL    ---     0.495       R2C3B.B1 to       R2C3B.F1 core/engine/dp/alu/SLICE_298
ROUTE         1     0.436       R2C3B.F1 to       R2C3B.C0 core/engine/dp/alu/un41_nzvc_5
CTOF_DEL    ---     0.495       R2C3B.C0 to       R2C3B.F0 core/engine/dp/alu/SLICE_298
ROUTE         1     1.173       R2C3B.F0 to      R10C3D.D1 core/engine/un25_nzvc
CTOF_DEL    ---     0.495      R10C3D.D1 to      R10C3D.F1 core/engine/status/SLICE_137
ROUTE         1     0.000      R10C3D.F1 to     R10C3D.DI1 core/engine/status/psw_6[2] (to clk_c)
                  --------
                   27.129   (46.3% logic, 53.7% route), 18 logic levels.

 Clock Skew Details: 

      Source Clock Path clk to core/engine/rom/lane_2:

   Name    Fanout   Delay (ns)          Site               Resource
ROUTE       183     2.351       13.PADDI to  EBR_R6C4.CLKA clk_c
                  --------
                    2.351   (0.0% logic, 100.0% route), 0 logic levels.

      Destination Clock Path clk to core/engine/status/SLICE_137:

   Name    Fanout   Delay (ns)          Site               Resource
ROUTE       183     2.178       13.PADDI to     R10C3D.CLK clk_c
                  --------
                    2.178   (0.0% logic, 100.0% route), 0 logic levels.


Passed: The following path meets requirements by 1.111ns

 Logical Details:  Cell type  Pin type       Cell/ASIC name  (clock net +/-)

   Source:         DP8KC      Port           core/engine/rom/lane_2(ASIC)  (from clk_c +)
   Destination:    FF         Data in        core/engine/status/psw[2]  (to clk_c +)

   Delay:              27.121ns  (50.6% logic, 49.4% route), 20 logic levels.

 Constraint Details:

     27.121ns physical path delay core/engine/rom/lane_2 to core/engine/status/SLICE_137 meets
     28.571ns delay constraint less
      0.173ns skew and
      0.166ns DIN_SET requirement (totaling 28.232ns) by 1.111ns

 Physical Path Details:

      Data path core/engine/rom/lane_2 to core/engine/status/SLICE_137:

   Name    Fanout   Delay (ns)          Site               Resource
C2Q_DEL     ---     4.979  EBR_R6C4.CLKA to  EBR_R6C4.DOA8 core/engine/rom/lane_2 (from clk_c)
ROUTE         5     1.694  EBR_R6C4.DOA8 to      R10C7D.D0 uword[26]
CTOF_DEL    ---     0.495      R10C7D.D0 to      R10C7D.F0 core/engine/SLICE_466
ROUTE         1     0.693      R10C7D.F0 to      R10C7B.B1 core/engine/un6_select_register[1]
CTOF_DEL    ---     0.495      R10C7B.B1 to      R10C7B.F1 core/engine/SLICE_285
ROUTE        18     1.063      R10C7B.F1 to       R8C7C.B1 core/engine/un9_d_axb1
CTOF_DEL    ---     0.495       R8C7C.B1 to       R8C7C.F1 core/engine/SLICE_380
ROUTE         1     0.436       R8C7C.F1 to       R8C7C.C0 core/engine/un7_d
CTOF_DEL    ---     0.495       R8C7C.C0 to       R8C7C.F0 core/engine/SLICE_380
ROUTE         8     0.667       R8C7C.F0 to       R8C7A.D0 core/engine/d_sn_N_5
CTOOFX_DEL  ---     0.721       R8C7A.D0 to     R8C7A.OFX0 core/engine/d[0]/SLICE_211
ROUTE         2     0.673     R8C7A.OFX0 to       R9C7D.D0 core/engine/d[0]
CTOF_DEL    ---     0.495       R9C7D.D0 to       R9C7D.F0 core/engine/dp/SLICE_341
ROUTE         1     0.967       R9C7D.F0 to       R9C7D.A1 core/engine/dp/un1_d[0]
CTOF_DEL    ---     0.495       R9C7D.A1 to       R9C7D.F1 core/engine/dp/SLICE_341
ROUTE         3     1.777       R9C7D.F1 to       R7C6A.B1 core/engine/dp/rhs[0]
C1TOFCO_DE  ---     0.889       R7C6A.B1 to      R7C6A.FCO core/engine/dp/alu/SLICE_14
ROUTE         1     0.000      R7C6A.FCO to      R7C6B.FCI core/engine/dp/alu/un1_arithmetic_b_cry_0
FCITOFCO_D  ---     0.162      R7C6B.FCI to      R7C6B.FCO core/engine/dp/alu/SLICE_13
ROUTE         1     0.000      R7C6B.FCO to      R7C6C.FCI core/engine/dp/alu/un1_arithmetic_b_cry_2
FCITOFCO_D  ---     0.162      R7C6C.FCI to      R7C6C.FCO core/engine/dp/alu/SLICE_12
ROUTE         1     0.000      R7C6C.FCO to      R7C6D.FCI core/engine/dp/alu/un1_arithmetic_b_cry_4
FCITOFCO_D  ---     0.162      R7C6D.FCI to      R7C6D.FCO core/engine/dp/alu/SLICE_11
ROUTE         1     0.000      R7C6D.FCO to      R7C7A.FCI core/engine/dp/alu/un1_arithmetic_b_cry_6
FCITOFCO_D  ---     0.162      R7C7A.FCI to      R7C7A.FCO core/engine/dp/alu/SLICE_10
ROUTE         1     0.000      R7C7A.FCO to      R7C7B.FCI core/engine/dp/alu/un1_arithmetic_b_cry_8
FCITOFCO_D  ---     0.162      R7C7B.FCI to      R7C7B.FCO core/engine/dp/alu/SLICE_9
ROUTE         1     0.000      R7C7B.FCO to      R7C7C.FCI core/engine/dp/alu/un1_arithmetic_b_cry_10
FCITOF1_DE  ---     0.643      R7C7C.FCI to       R7C7C.F1 core/engine/dp/alu/SLICE_8
ROUTE         2     1.265       R7C7C.F1 to       R4C7C.C1 core/engine/dp/alu/un1_arithmetic_b_cry_11_0_S1
CTOF_DEL    ---     0.495       R4C7C.C1 to       R4C7C.F1 core/engine/dp/alu/SLICE_475
ROUTE         1     1.023       R4C7C.F1 to       R2C7D.B0 core/engine/dp/alu/result_5[12]
CTOOFX_DEL  ---     0.721       R2C7D.B0 to     R2C7D.OFX0 core/engine/SLICE_147
ROUTE         6     1.541     R2C7D.OFX0 to       R2C3B.A1 core/engine/result[12]
CTOF_DEL    ---     0.495       R2C3B.A1 to       R2C3B.F1 core/engine/dp/alu/SLICE_298
ROUTE         1     0.436       R2C3B.F1 to       R2C3B.C0 core/engine/dp/alu/un41_nzvc_5
CTOF_DEL    ---     0.495       R2C3B.C0 to       R2C3B.F0 core/engine/dp/alu/SLICE_298
ROUTE         1     1.173       R2C3B.F0 to      R10C3D.D1 core/engine/un25_nzvc
CTOF_DEL    ---     0.495      R10C3D.D1 to      R10C3D.F1 core/engine/status/SLICE_137
ROUTE         1     0.000      R10C3D.F1 to     R10C3D.DI1 core/engine/status/psw_6[2] (to clk_c)
                  --------
                   27.121   (50.6% logic, 49.4% route), 20 logic levels.

 Clock Skew Details: 

      Source Clock Path clk to core/engine/rom/lane_2:

   Name    Fanout   Delay (ns)          Site               Resource
ROUTE       183     2.351       13.PADDI to  EBR_R6C4.CLKA clk_c
                  --------
                    2.351   (0.0% logic, 100.0% route), 0 logic levels.

      Destination Clock Path clk to core/engine/status/SLICE_137:

   Name    Fanout   Delay (ns)          Site               Resource
ROUTE       183     2.178       13.PADDI to     R10C3D.CLK clk_c
                  --------
                    2.178   (0.0% logic, 100.0% route), 0 logic levels.


Passed: The following path meets requirements by 1.133ns

 Logical Details:  Cell type  Pin type       Cell/ASIC name  (clock net +/-)

   Source:         DP8KC      Port           core/engine/rom/lane_2(ASIC)  (from clk_c +)
   Destination:    FF         Data in        core/engine/status/psw[2]  (to clk_c +)

   Delay:              27.099ns  (44.2% logic, 55.8% route), 14 logic levels.

 Constraint Details:

     27.099ns physical path delay core/engine/rom/lane_2 to core/engine/status/SLICE_137 meets
     28.571ns delay constraint less
      0.173ns skew and
      0.166ns DIN_SET requirement (totaling 28.232ns) by 1.133ns

 Physical Path Details:

      Data path core/engine/rom/lane_2 to core/engine/status/SLICE_137:

   Name    Fanout   Delay (ns)          Site               Resource
C2Q_DEL     ---     4.979  EBR_R6C4.CLKA to  EBR_R6C4.DOA3 core/engine/rom/lane_2 (from clk_c)
ROUTE         5     1.755  EBR_R6C4.DOA3 to      R10C7D.D1 uword[21]
CTOF_DEL    ---     0.495      R10C7D.D1 to      R10C7D.F1 core/engine/SLICE_466
ROUTE         1     1.514      R10C7D.F1 to       R4C5B.A0 core/engine/un23_select_register[1]
CTOF_DEL    ---     0.495       R4C5B.A0 to       R4C5B.F0 SLICE_75
ROUTE        25     2.036       R4C5B.F0 to       R7C2A.B1 rf_address[1]
CTOF_DEL    ---     0.495       R7C2A.B1 to       R7C2A.F1 SLICE_16
ROUTE         3     1.477       R7C2A.F1 to       R7C8D.D0 data[1]
CTOF_DEL    ---     0.495       R7C8D.D0 to       R7C8D.F0 core/engine/dp/SLICE_328
ROUTE         1     0.967       R7C8D.F0 to       R7C8D.A1 core/engine/dp/un1_read_b_1[1]
CTOF_DEL    ---     0.495       R7C8D.A1 to       R7C8D.F1 core/engine/dp/SLICE_328
ROUTE         3     1.313       R7C8D.F1 to       R7C6B.A0 core/engine/dp/rhs[1]
C0TOFCO_DE  ---     1.023       R7C6B.A0 to      R7C6B.FCO core/engine/dp/alu/SLICE_13
ROUTE         1     0.000      R7C6B.FCO to      R7C6C.FCI core/engine/dp/alu/un1_arithmetic_b_cry_2
FCITOFCO_D  ---     0.162      R7C6C.FCI to      R7C6C.FCO core/engine/dp/alu/SLICE_12
ROUTE         1     0.000      R7C6C.FCO to      R7C6D.FCI core/engine/dp/alu/un1_arithmetic_b_cry_4
FCITOF1_DE  ---     0.643      R7C6D.FCI to       R7C6D.F1 core/engine/dp/alu/SLICE_11
ROUTE         2     1.166       R7C6D.F1 to      R10C5C.D0 core/engine/dp/alu/un1_arithmetic_b_cry_5_0_S1
CTOF_DEL    ---     0.495      R10C5C.D0 to      R10C5C.F0 core/engine/dp/alu/SLICE_309
ROUTE         1     0.623      R10C5C.F0 to       R9C5C.D1 core/engine/dp/alu/result_8_0[6]
CTOOFX_DEL  ---     0.721       R9C5C.D1 to     R9C5C.OFX0 core/engine/SLICE_142
ROUTE         6     1.953     R9C5C.OFX0 to       R7C9D.D0 core/engine/result[6]
CTOF_DEL    ---     0.495       R7C9D.D0 to       R7C9D.F0 SLICE_176
ROUTE         1     1.656       R7C9D.F0 to      R10C4A.D0 core/engine/dp/alu/nzvc_1_5[2]
CTOF_DEL    ---     0.495      R10C4A.D0 to      R10C4A.F0 core/engine/dp/alu/SLICE_297
ROUTE         1     0.656      R10C4A.F0 to      R10C3D.A1 core/engine/nzvc_1_6[2]
CTOF_DEL    ---     0.495      R10C3D.A1 to      R10C3D.F1 core/engine/status/SLICE_137
ROUTE         1     0.000      R10C3D.F1 to     R10C3D.DI1 core/engine/status/psw_6[2] (to clk_c)
                  --------
                   27.099   (44.2% logic, 55.8% route), 14 logic levels.

 Clock Skew Details: 

      Source Clock Path clk to core/engine/rom/lane_2:

   Name    Fanout   Delay (ns)          Site               Resource
ROUTE       183     2.351       13.PADDI to  EBR_R6C4.CLKA clk_c
                  --------
                    2.351   (0.0% logic, 100.0% route), 0 logic levels.

      Destination Clock Path clk to core/engine/status/SLICE_137:

   Name    Fanout   Delay (ns)          Site               Resource
ROUTE       183     2.178       13.PADDI to     R10C3D.CLK clk_c
                  --------
                    2.178   (0.0% logic, 100.0% route), 0 logic levels.


Passed: The following path meets requirements by 1.134ns

 Logical Details:  Cell type  Pin type       Cell/ASIC name  (clock net +/-)

   Source:         DP8KC      Port           core/engine/rom/lane_2(ASIC)  (from clk_c +)
   Destination:    FF         Data in        core/engine/status/psw[2]  (to clk_c +)

   Delay:              27.098ns  (51.2% logic, 48.8% route), 21 logic levels.

 Constraint Details:

     27.098ns physical path delay core/engine/rom/lane_2 to core/engine/status/SLICE_137 meets
     28.571ns delay constraint less
      0.173ns skew and
      0.166ns DIN_SET requirement (totaling 28.232ns) by 1.134ns

 Physical Path Details:

      Data path core/engine/rom/lane_2 to core/engine/status/SLICE_137:

   Name    Fanout   Delay (ns)          Site               Resource
C2Q_DEL     ---     4.979  EBR_R6C4.CLKA to  EBR_R6C4.DOA8 core/engine/rom/lane_2 (from clk_c)
ROUTE         5     1.694  EBR_R6C4.DOA8 to      R10C7D.D0 uword[26]
CTOF_DEL    ---     0.495      R10C7D.D0 to      R10C7D.F0 core/engine/SLICE_466
ROUTE         1     0.693      R10C7D.F0 to      R10C7B.B1 core/engine/un6_select_register[1]
CTOF_DEL    ---     0.495      R10C7B.B1 to      R10C7B.F1 core/engine/SLICE_285
ROUTE        18     1.063      R10C7B.F1 to       R8C7C.B1 core/engine/un9_d_axb1
CTOF_DEL    ---     0.495       R8C7C.B1 to       R8C7C.F1 core/engine/SLICE_380
ROUTE         1     0.436       R8C7C.F1 to       R8C7C.C0 core/engine/un7_d
CTOF_DEL    ---     0.495       R8C7C.C0 to       R8C7C.F0 core/engine/SLICE_380
ROUTE         8     0.667       R8C7C.F0 to       R8C7A.D0 core/engine/d_sn_N_5
CTOOFX_DEL  ---     0.721       R8C7A.D0 to     R8C7A.OFX0 core/engine/d[0]/SLICE_211
ROUTE         2     0.673     R8C7A.OFX0 to       R9C7D.D0 core/engine/d[0]
CTOF_DEL    ---     0.495       R9C7D.D0 to       R9C7D.F0 core/engine/dp/SLICE_341
ROUTE         1     0.967       R9C7D.F0 to       R9C7D.A1 core/engine/dp/un1_d[0]
CTOF_DEL    ---     0.495       R9C7D.A1 to       R9C7D.F1 core/engine/dp/SLICE_341
ROUTE         3     1.777       R9C7D.F1 to       R7C6A.B1 core/engine/dp/rhs[0]
C1TOFCO_DE  ---     0.889       R7C6A.B1 to      R7C6A.FCO core/engine/dp/alu/SLICE_14
ROUTE         1     0.000      R7C6A.FCO to      R7C6B.FCI core/engine/dp/alu/un1_arithmetic_b_cry_0
FCITOFCO_D  ---     0.162      R7C6B.FCI to      R7C6B.FCO core/engine/dp/alu/SLICE_13
ROUTE         1     0.000      R7C6B.FCO to      R7C6C.FCI core/engine/dp/alu/un1_arithmetic_b_cry_2
FCITOFCO_D  ---     0.162      R7C6C.FCI to      R7C6C.FCO core/engine/dp/alu/SLICE_12
ROUTE         1     0.000      R7C6C.FCO to      R7C6D.FCI core/engine/dp/alu/un1_arithmetic_b_cry_4
FCITOFCO_D  ---     0.162      R7C6D.FCI to      R7C6D.FCO core/engine/dp/alu/SLICE_11
ROUTE         1     0.000      R7C6D.FCO to      R7C7A.FCI core/engine/dp/alu/un1_arithmetic_b_cry_6
FCITOFCO_D  ---     0.162      R7C7A.FCI to      R7C7A.FCO core/engine/dp/alu/SLICE_10
ROUTE         1     0.000      R7C7A.FCO to      R7C7B.FCI core/engine/dp/alu/un1_arithmetic_b_cry_8
FCITOFCO_D  ---     0.162      R7C7B.FCI to      R7C7B.FCO core/engine/dp/alu/SLICE_9
ROUTE         1     0.000      R7C7B.FCO to      R7C7C.FCI core/engine/dp/alu/un1_arithmetic_b_cry_10
FCITOFCO_D  ---     0.162      R7C7C.FCI to      R7C7C.FCO core/engine/dp/alu/SLICE_8
ROUTE         1     0.000      R7C7C.FCO to      R7C7D.FCI core/engine/dp/alu/un1_arithmetic_b_cry_12
FCITOF1_DE  ---     0.643      R7C7D.FCI to       R7C7D.F1 core/engine/dp/alu/SLICE_7
ROUTE         2     1.476       R7C7D.F1 to       R5C6A.D0 core/engine/dp/alu/un1_arithmetic_b_cry_13_0_S1
CTOF_DEL    ---     0.495       R5C6A.D0 to       R5C6A.F0 core/engine/dp/SLICE_292
ROUTE         1     0.626       R5C6A.F0 to       R5C6D.D0 core/engine/dp/alu/result_13_am_RNO[14]
CTOOFX_DEL  ---     0.721       R5C6D.D0 to     R5C6D.OFX0 core/engine/SLICE_149
ROUTE         6     1.542     R5C6D.OFX0 to       R2C3B.D1 core/engine/result[14]
CTOF_DEL    ---     0.495       R2C3B.D1 to       R2C3B.F1 core/engine/dp/alu/SLICE_298
ROUTE         1     0.436       R2C3B.F1 to       R2C3B.C0 core/engine/dp/alu/un41_nzvc_5
CTOF_DEL    ---     0.495       R2C3B.C0 to       R2C3B.F0 core/engine/dp/alu/SLICE_298
ROUTE         1     1.173       R2C3B.F0 to      R10C3D.D1 core/engine/un25_nzvc
CTOF_DEL    ---     0.495      R10C3D.D1 to      R10C3D.F1 core/engine/status/SLICE_137
ROUTE         1     0.000      R10C3D.F1 to     R10C3D.DI1 core/engine/status/psw_6[2] (to clk_c)
                  --------
                   27.098   (51.2% logic, 48.8% route), 21 logic levels.

 Clock Skew Details: 

      Source Clock Path clk to core/engine/rom/lane_2:

   Name    Fanout   Delay (ns)          Site               Resource
ROUTE       183     2.351       13.PADDI to  EBR_R6C4.CLKA clk_c
                  --------
                    2.351   (0.0% logic, 100.0% route), 0 logic levels.

      Destination Clock Path clk to core/engine/status/SLICE_137:

   Name    Fanout   Delay (ns)          Site               Resource
ROUTE       183     2.178       13.PADDI to     R10C3D.CLK clk_c
                  --------
                    2.178   (0.0% logic, 100.0% route), 0 logic levels.

Report:   36.059MHz is the maximum frequency for this preference.


================================================================================
Preference: Unconstrained: CLOCK_DOMAIN
            0 unconstrained paths found
--------------------------------------------------------------------------------


================================================================================
Preference: Unconstrained: INPUT_SETUP
            249 unconstrained paths found
--------------------------------------------------------------------------------

Unconstrained Preference:
   INPUT_SETUP PORT "reset" CLKPORT "clk" 

Report:   19.501ns delay reset to core/engine/rom/lane_0 (19.527ns delay and -0.026ns setup)

   Name    Fanout   Delay (ns)          Site               Resource
PADI_DEL    ---     1.132          4.PAD to        4.PADDI reset
ROUTE       179     4.246        4.PADDI to      R4C11D.B1 reset_c
CTOF_DEL    ---     0.495      R4C11D.B1 to      R4C11D.F1 core/engine/SLICE_358
ROUTE         1     1.004      R4C11D.F1 to      R4C11C.B1 core/engine/un1_memory_op_1dupdup
CTOF_DEL    ---     0.495      R4C11C.B1 to      R4C11C.F1 core/engine/SLICE_377
ROUTE         9     1.205      R4C11C.F1 to      R7C13A.D1 core/engine/retirec_1
CTOF_DEL    ---     0.495      R7C13A.D1 to      R7C13A.F1 core/engine/seq/SLICE_255
ROUTE        10     1.242      R7C13A.F1 to      R9C14B.C1 core/engine/seq/next_address_2_sqmuxa_1
CTOF_DEL    ---     0.495      R9C14B.C1 to      R9C14B.F1 core/engine/seq/SLICE_256
ROUTE         7     2.277      R9C14B.F1 to      R4C16D.A0 core/engine/seq/next_address_4_sqmuxa
CTOF_DEL    ---     0.495      R4C16D.A0 to      R4C16D.F0 core/SLICE_271
ROUTE         1     1.476      R4C16D.F0 to      R8C14D.D0 core/engine/seq/next_address_0_iv_2[7]
CTOF_DEL    ---     0.495      R8C14D.D0 to      R8C14D.F0 core/engine/seq/SLICE_252
ROUTE         1     1.278      R8C14D.F0 to      R7C14D.C1 core/engine/seq/next_address_0_iv_5[7]
CTOF_DEL    ---     0.495      R7C14D.C1 to      R7C14D.F1 core/engine/seq/SLICE_180
ROUTE         5     2.202      R7C14D.F1 to *R_R6C14.ADA10 core/engine/next_address[7] (to clk_c)
                  --------
                   19.527   (23.5% logic, 76.5% route), 8 logic levels.

Unconstrained Preference:
   INPUT_SETUP PORT "reset" CLKPORT "clk" 

Report:   19.501ns delay reset to core/engine/rom/lane_2 (19.527ns delay and -0.026ns setup)

   Name    Fanout   Delay (ns)          Site               Resource
PADI_DEL    ---     1.132          4.PAD to        4.PADDI reset
ROUTE       179     4.246        4.PADDI to      R4C11D.B1 reset_c
CTOF_DEL    ---     0.495      R4C11D.B1 to      R4C11D.F1 core/engine/SLICE_358
ROUTE         1     1.004      R4C11D.F1 to      R4C11C.B1 core/engine/un1_memory_op_1dupdup
CTOF_DEL    ---     0.495      R4C11C.B1 to      R4C11C.F1 core/engine/SLICE_377
ROUTE         9     1.205      R4C11C.F1 to      R7C13A.D1 core/engine/retirec_1
CTOF_DEL    ---     0.495      R7C13A.D1 to      R7C13A.F1 core/engine/seq/SLICE_255
ROUTE        10     1.242      R7C13A.F1 to      R9C14B.C1 core/engine/seq/next_address_2_sqmuxa_1
CTOF_DEL    ---     0.495      R9C14B.C1 to      R9C14B.F1 core/engine/seq/SLICE_256
ROUTE         7     2.080      R9C14B.F1 to      R5C17A.D0 core/engine/seq/next_address_4_sqmuxa
CTOF_DEL    ---     0.495      R5C17A.D0 to      R5C17A.F0 core/engine/seq/SLICE_267
ROUTE         1     1.991      R5C17A.F0 to      R9C15B.D0 core/engine/seq/next_address_0_iv_3[3]
CTOF_DEL    ---     0.495      R9C15B.D0 to      R9C15B.F0 core/engine/seq/SLICE_262
ROUTE         1     1.023      R9C15B.F0 to      R9C13B.B1 core/engine/seq/next_address_0_iv_4[3]
CTOF_DEL    ---     0.495      R9C13B.B1 to      R9C13B.F1 core/engine/seq/SLICE_178
ROUTE         5     2.139      R9C13B.F1 to  EBR_R6C4.ADA6 core/engine/next_address[3] (to clk_c)
                  --------
                   19.527   (23.5% logic, 76.5% route), 8 logic levels.

Unconstrained Preference:
   INPUT_SETUP PORT "reset" CLKPORT "clk" 

Report:   19.436ns delay reset to core/engine/rom/lane_3 (19.462ns delay and -0.026ns setup)

   Name    Fanout   Delay (ns)          Site               Resource
PADI_DEL    ---     1.132          4.PAD to        4.PADDI reset
ROUTE       179     4.246        4.PADDI to      R4C11D.B1 reset_c
CTOF_DEL    ---     0.495      R4C11D.B1 to      R4C11D.F1 core/engine/SLICE_358
ROUTE         1     1.004      R4C11D.F1 to      R4C11C.B1 core/engine/un1_memory_op_1dupdup
CTOF_DEL    ---     0.495      R4C11C.B1 to      R4C11C.F1 core/engine/SLICE_377
ROUTE         9     1.205      R4C11C.F1 to      R7C13A.D1 core/engine/retirec_1
CTOF_DEL    ---     0.495      R7C13A.D1 to      R7C13A.F1 core/engine/seq/SLICE_255
ROUTE        10     1.242      R7C13A.F1 to      R9C14B.C1 core/engine/seq/next_address_2_sqmuxa_1
CTOF_DEL    ---     0.495      R9C14B.C1 to      R9C14B.F1 core/engine/seq/SLICE_256
ROUTE         7     2.080      R9C14B.F1 to      R5C17A.D0 core/engine/seq/next_address_4_sqmuxa
CTOF_DEL    ---     0.495      R5C17A.D0 to      R5C17A.F0 core/engine/seq/SLICE_267
ROUTE         1     1.991      R5C17A.F0 to      R9C15B.D0 core/engine/seq/next_address_0_iv_3[3]
CTOF_DEL    ---     0.495      R9C15B.D0 to      R9C15B.F0 core/engine/seq/SLICE_262
ROUTE         1     1.023      R9C15B.F0 to      R9C13B.B1 core/engine/seq/next_address_0_iv_4[3]
CTOF_DEL    ---     0.495      R9C13B.B1 to      R9C13B.F1 core/engine/seq/SLICE_178
ROUTE         5     2.074      R9C13B.F1 to  EBR_R6C7.ADA6 core/engine/next_address[3] (to clk_c)
                  --------
                   19.462   (23.6% logic, 76.4% route), 8 logic levels.

Unconstrained Preference:
   INPUT_SETUP PORT "reset" CLKPORT "clk" 

Report:   19.435ns delay reset to core/engine/rom/lane_3 (19.461ns delay and -0.026ns setup)

   Name    Fanout   Delay (ns)          Site               Resource
PADI_DEL    ---     1.132          4.PAD to        4.PADDI reset
ROUTE       179     4.246        4.PADDI to      R4C11D.B1 reset_c
CTOF_DEL    ---     0.495      R4C11D.B1 to      R4C11D.F1 core/engine/SLICE_358
ROUTE         1     1.004      R4C11D.F1 to      R4C11C.B1 core/engine/un1_memory_op_1dupdup
CTOF_DEL    ---     0.495      R4C11C.B1 to      R4C11C.F1 core/engine/SLICE_377
ROUTE         9     1.205      R4C11C.F1 to      R7C13A.D1 core/engine/retirec_1
CTOF_DEL    ---     0.495      R7C13A.D1 to      R7C13A.F1 core/engine/seq/SLICE_255
ROUTE        10     1.242      R7C13A.F1 to      R9C14B.C1 core/engine/seq/next_address_2_sqmuxa_1
CTOF_DEL    ---     0.495      R9C14B.C1 to      R9C14B.F1 core/engine/seq/SLICE_256
ROUTE         7     2.277      R9C14B.F1 to      R4C16D.A0 core/engine/seq/next_address_4_sqmuxa
CTOF_DEL    ---     0.495      R4C16D.A0 to      R4C16D.F0 core/SLICE_271
ROUTE         1     1.476      R4C16D.F0 to      R8C14D.D0 core/engine/seq/next_address_0_iv_2[7]
CTOF_DEL    ---     0.495      R8C14D.D0 to      R8C14D.F0 core/engine/seq/SLICE_252
ROUTE         1     1.278      R8C14D.F0 to      R7C14D.C1 core/engine/seq/next_address_0_iv_5[7]
CTOF_DEL    ---     0.495      R7C14D.C1 to      R7C14D.F1 core/engine/seq/SLICE_180
ROUTE         5     2.136      R7C14D.F1 to EBR_R6C7.ADA10 core/engine/next_address[7] (to clk_c)
                  --------
                   19.461   (23.6% logic, 76.4% route), 8 logic levels.

Unconstrained Preference:
   INPUT_SETUP PORT "reset" CLKPORT "clk" 

Report:   19.435ns delay reset to core/engine/rom/lane_2 (19.461ns delay and -0.026ns setup)

   Name    Fanout   Delay (ns)          Site               Resource
PADI_DEL    ---     1.132          4.PAD to        4.PADDI reset
ROUTE       179     4.246        4.PADDI to      R4C11D.B1 reset_c
CTOF_DEL    ---     0.495      R4C11D.B1 to      R4C11D.F1 core/engine/SLICE_358
ROUTE         1     1.004      R4C11D.F1 to      R4C11C.B1 core/engine/un1_memory_op_1dupdup
CTOF_DEL    ---     0.495      R4C11C.B1 to      R4C11C.F1 core/engine/SLICE_377
ROUTE         9     1.205      R4C11C.F1 to      R7C13A.D1 core/engine/retirec_1
CTOF_DEL    ---     0.495      R7C13A.D1 to      R7C13A.F1 core/engine/seq/SLICE_255
ROUTE        10     1.242      R7C13A.F1 to      R9C14B.C1 core/engine/seq/next_address_2_sqmuxa_1
CTOF_DEL    ---     0.495      R9C14B.C1 to      R9C14B.F1 core/engine/seq/SLICE_256
ROUTE         7     2.277      R9C14B.F1 to      R4C16D.A0 core/engine/seq/next_address_4_sqmuxa
CTOF_DEL    ---     0.495      R4C16D.A0 to      R4C16D.F0 core/SLICE_271
ROUTE         1     1.476      R4C16D.F0 to      R8C14D.D0 core/engine/seq/next_address_0_iv_2[7]
CTOF_DEL    ---     0.495      R8C14D.D0 to      R8C14D.F0 core/engine/seq/SLICE_252
ROUTE         1     1.278      R8C14D.F0 to      R7C14D.C1 core/engine/seq/next_address_0_iv_5[7]
CTOF_DEL    ---     0.495      R7C14D.C1 to      R7C14D.F1 core/engine/seq/SLICE_180
ROUTE         5     2.136      R7C14D.F1 to EBR_R6C4.ADA10 core/engine/next_address[7] (to clk_c)
                  --------
                   19.461   (23.6% logic, 76.4% route), 8 logic levels.

Unconstrained Preference:
   INPUT_SETUP PORT "reset" CLKPORT "clk" 

Report:   19.048ns delay reset to core/engine/rom/lane_1 (19.074ns delay and -0.026ns setup)

   Name    Fanout   Delay (ns)          Site               Resource
PADI_DEL    ---     1.132          4.PAD to        4.PADDI reset
ROUTE       179     4.246        4.PADDI to      R4C11D.B1 reset_c
CTOF_DEL    ---     0.495      R4C11D.B1 to      R4C11D.F1 core/engine/SLICE_358
ROUTE         1     1.004      R4C11D.F1 to      R4C11C.B1 core/engine/un1_memory_op_1dupdup
CTOF_DEL    ---     0.495      R4C11C.B1 to      R4C11C.F1 core/engine/SLICE_377
ROUTE         9     1.205      R4C11C.F1 to      R7C13A.D1 core/engine/retirec_1
CTOF_DEL    ---     0.495      R7C13A.D1 to      R7C13A.F1 core/engine/seq/SLICE_255
ROUTE        10     1.242      R7C13A.F1 to      R9C14B.C1 core/engine/seq/next_address_2_sqmuxa_1
CTOF_DEL    ---     0.495      R9C14B.C1 to      R9C14B.F1 core/engine/seq/SLICE_256
ROUTE         7     2.277      R9C14B.F1 to      R4C16D.A0 core/engine/seq/next_address_4_sqmuxa
CTOF_DEL    ---     0.495      R4C16D.A0 to      R4C16D.F0 core/SLICE_271
ROUTE         1     1.476      R4C16D.F0 to      R8C14D.D0 core/engine/seq/next_address_0_iv_2[7]
CTOF_DEL    ---     0.495      R8C14D.D0 to      R8C14D.F0 core/engine/seq/SLICE_252
ROUTE         1     1.278      R8C14D.F0 to      R7C14D.C1 core/engine/seq/next_address_0_iv_5[7]
CTOF_DEL    ---     0.495      R7C14D.C1 to      R7C14D.F1 core/engine/seq/SLICE_180
ROUTE         5     1.749      R7C14D.F1 to *R_R6C10.ADA10 core/engine/next_address[7] (to clk_c)
                  --------
                   19.074   (24.1% logic, 75.9% route), 8 logic levels.

Unconstrained Preference:
   INPUT_SETUP PORT "reset" CLKPORT "clk" 

Report:   19.009ns delay reset to core/engine/rom/lane_1 (19.035ns delay and -0.026ns setup)

   Name    Fanout   Delay (ns)          Site               Resource
PADI_DEL    ---     1.132          4.PAD to        4.PADDI reset
ROUTE       179     4.246        4.PADDI to      R4C11D.B1 reset_c
CTOF_DEL    ---     0.495      R4C11D.B1 to      R4C11D.F1 core/engine/SLICE_358
ROUTE         1     1.004      R4C11D.F1 to      R4C11C.B1 core/engine/un1_memory_op_1dupdup
CTOF_DEL    ---     0.495      R4C11C.B1 to      R4C11C.F1 core/engine/SLICE_377
ROUTE         9     1.205      R4C11C.F1 to      R7C13A.D1 core/engine/retirec_1
CTOF_DEL    ---     0.495      R7C13A.D1 to      R7C13A.F1 core/engine/seq/SLICE_255
ROUTE        10     1.242      R7C13A.F1 to      R9C14B.C1 core/engine/seq/next_address_2_sqmuxa_1
CTOF_DEL    ---     0.495      R9C14B.C1 to      R9C14B.F1 core/engine/seq/SLICE_256
ROUTE         7     2.080      R9C14B.F1 to      R5C17A.D0 core/engine/seq/next_address_4_sqmuxa
CTOF_DEL    ---     0.495      R5C17A.D0 to      R5C17A.F0 core/engine/seq/SLICE_267
ROUTE         1     1.991      R5C17A.F0 to      R9C15B.D0 core/engine/seq/next_address_0_iv_3[3]
CTOF_DEL    ---     0.495      R9C15B.D0 to      R9C15B.F0 core/engine/seq/SLICE_262
ROUTE         1     1.023      R9C15B.F0 to      R9C13B.B1 core/engine/seq/next_address_0_iv_4[3]
CTOF_DEL    ---     0.495      R9C13B.B1 to      R9C13B.F1 core/engine/seq/SLICE_178
ROUTE         5     1.647      R9C13B.F1 to EBR_R6C10.ADA6 core/engine/next_address[3] (to clk_c)
                  --------
                   19.035   (24.2% logic, 75.8% route), 8 logic levels.

Unconstrained Preference:
   INPUT_SETUP PORT "reset" CLKPORT "clk" 

Report:   18.967ns delay reset to core/engine/rom/lane_0 (18.993ns delay and -0.026ns setup)

   Name    Fanout   Delay (ns)          Site               Resource
PADI_DEL    ---     1.132          4.PAD to        4.PADDI reset
ROUTE       179     4.246        4.PADDI to      R4C11D.B1 reset_c
CTOF_DEL    ---     0.495      R4C11D.B1 to      R4C11D.F1 core/engine/SLICE_358
ROUTE         1     1.004      R4C11D.F1 to      R4C11C.B1 core/engine/un1_memory_op_1dupdup
CTOF_DEL    ---     0.495      R4C11C.B1 to      R4C11C.F1 core/engine/SLICE_377
ROUTE         9     1.205      R4C11C.F1 to      R7C13A.D1 core/engine/retirec_1
CTOF_DEL    ---     0.495      R7C13A.D1 to      R7C13A.F1 core/engine/seq/SLICE_255
ROUTE        10     1.242      R7C13A.F1 to      R9C14B.C1 core/engine/seq/next_address_2_sqmuxa_1
CTOF_DEL    ---     0.495      R9C14B.C1 to      R9C14B.F1 core/engine/seq/SLICE_256
ROUTE         7     2.080      R9C14B.F1 to      R5C17A.D0 core/engine/seq/next_address_4_sqmuxa
CTOF_DEL    ---     0.495      R5C17A.D0 to      R5C17A.F0 core/engine/seq/SLICE_267
ROUTE         1     1.991      R5C17A.F0 to      R9C15B.D0 core/engine/seq/next_address_0_iv_3[3]
CTOF_DEL    ---     0.495      R9C15B.D0 to      R9C15B.F0 core/engine/seq/SLICE_262
ROUTE         1     1.023      R9C15B.F0 to      R9C13B.B1 core/engine/seq/next_address_0_iv_4[3]
CTOF_DEL    ---     0.495      R9C13B.B1 to      R9C13B.F1 core/engine/seq/SLICE_178
ROUTE         5     1.605      R9C13B.F1 to EBR_R6C14.ADA6 core/engine/next_address[3] (to clk_c)
                  --------
                   18.993   (24.2% logic, 75.8% route), 8 logic levels.

Unconstrained Preference:
   INPUT_SETUP PORT "reset" CLKPORT "clk" 

Report:   18.913ns delay reset to core/engine/rom/lane_2 (18.939ns delay and -0.026ns setup)

   Name    Fanout   Delay (ns)          Site               Resource
PADI_DEL    ---     1.132          4.PAD to        4.PADDI reset
ROUTE       179     4.246        4.PADDI to      R4C11D.B1 reset_c
CTOF_DEL    ---     0.495      R4C11D.B1 to      R4C11D.F1 core/engine/SLICE_358
ROUTE         1     1.004      R4C11D.F1 to      R4C11C.B1 core/engine/un1_memory_op_1dupdup
CTOF_DEL    ---     0.495      R4C11C.B1 to      R4C11C.F1 core/engine/SLICE_377
ROUTE         9     1.205      R4C11C.F1 to      R7C13B.D1 core/engine/retirec_1
CTOF_DEL    ---     0.495      R7C13B.D1 to      R7C13B.F1 core/engine/SLICE_275
ROUTE         2     0.445      R7C13B.F1 to      R7C13D.C1 core/engine/fault_redirectdup
CTOF_DEL    ---     0.495      R7C13D.C1 to      R7C13D.F1 core/engine/seq/SLICE_224
ROUTE        10     1.319      R7C13D.F1 to      R2C13D.C1 core/engine/seq/next_address_1_sqmuxa_1
CTOF_DEL    ---     0.495      R2C13D.C1 to      R2C13D.F1 core/engine/seq/SLICE_273
ROUTE         1     0.436      R2C13D.F1 to      R2C13D.C0 core/engine/seq/uword_i_m[13]
CTOF_DEL    ---     0.495      R2C13D.C0 to      R2C13D.F0 core/engine/seq/SLICE_273
ROUTE         1     0.626      R2C13D.F0 to      R2C13A.D0 core/engine/seq/next_address_0_iv_1[2]
CTOF_DEL    ---     0.495      R2C13A.D0 to      R2C13A.F0 core/engine/seq/SLICE_268
ROUTE         1     1.173      R2C13A.F0 to      R9C13D.D0 core/engine/seq/next_address_0_iv_2[2]
CTOF_DEL    ---     0.495      R9C13D.D0 to      R9C13D.F0 core/engine/seq/SLICE_259
ROUTE         1     0.626      R9C13D.F0 to      R9C13B.D0 core/engine/seq/next_address_0_iv_5[2]
CTOF_DEL    ---     0.495      R9C13B.D0 to      R9C13B.F0 core/engine/seq/SLICE_178
ROUTE         5     2.272      R9C13B.F0 to  EBR_R6C4.ADA5 core/engine/next_address_0_iv_i[2] (to clk_c)
                  --------
                   18.939   (29.5% logic, 70.5% route), 10 logic levels.

Unconstrained Preference:
   INPUT_SETUP PORT "reset" CLKPORT "clk" 

Report:   18.722ns delay reset to core/engine/rom/lane_2 (18.748ns delay and -0.026ns setup)

   Name    Fanout   Delay (ns)          Site               Resource
PADI_DEL    ---     1.132          4.PAD to        4.PADDI reset
ROUTE       179     4.246        4.PADDI to      R4C11D.B1 reset_c
CTOF_DEL    ---     0.495      R4C11D.B1 to      R4C11D.F1 core/engine/SLICE_358
ROUTE         1     1.004      R4C11D.F1 to      R4C11C.B1 core/engine/un1_memory_op_1dupdup
CTOF_DEL    ---     0.495      R4C11C.B1 to      R4C11C.F1 core/engine/SLICE_377
ROUTE         9     0.997      R4C11C.F1 to      R5C12D.D1 core/engine/retirec_1
CTOOFX_DEL  ---     0.721      R5C12D.D1 to    R5C12D.OFX0 core/engine/seq/predicates_pmux_6/SLICE_185
ROUTE         1     0.623    R5C12D.OFX0 to      R5C11B.D0 core/engine/seq/N_65
CTOF_DEL    ---     0.495      R5C11B.D0 to      R5C11B.F0 core/engine/seq/SLICE_265
ROUTE         2     1.180      R5C11B.F0 to     R10C11A.D1 core/engine/seq/condition
CTOF_DEL    ---     0.495     R10C11A.D1 to     R10C11A.F1 core/engine/seq/SLICE_243
ROUTE         1     0.766     R10C11A.F1 to     R10C13A.C1 core/engine/seq/un1_next_address33
CTOF_DEL    ---     0.495     R10C13A.C1 to     R10C13A.F1 core/engine/seq/SLICE_250
ROUTE        10     1.005     R10C13A.F1 to      R8C13C.D0 core/engine/seq/next_address_3_sqmuxa
CTOF_DEL    ---     0.495      R8C13C.D0 to      R8C13C.F0 core/engine/seq/SLICE_253
ROUTE         1     1.022      R8C13C.F0 to      R7C14C.D1 core/engine/seq/next_address_2_m[1]
CTOF_DEL    ---     0.495      R7C14C.D1 to      R7C14C.F1 core/engine/seq/SLICE_177
ROUTE         5     2.587      R7C14C.F1 to  EBR_R6C4.ADA4 core/engine/next_address[1] (to clk_c)
                  --------
                   18.748   (28.4% logic, 71.6% route), 9 logic levels.

Unconstrained Preference:
   INPUT_SETUP PORT "reset" CLKPORT "clk" 

Report:   18.448ns delay reset to core/engine/rom/lane_3 (18.474ns delay and -0.026ns setup)

   Name    Fanout   Delay (ns)          Site               Resource
PADI_DEL    ---     1.132          4.PAD to        4.PADDI reset
ROUTE       179     4.246        4.PADDI to      R4C11D.B1 reset_c
CTOF_DEL    ---     0.495      R4C11D.B1 to      R4C11D.F1 core/engine/SLICE_358
ROUTE         1     1.004      R4C11D.F1 to      R4C11C.B1 core/engine/un1_memory_op_1dupdup
CTOF_DEL    ---     0.495      R4C11C.B1 to      R4C11C.F1 core/engine/SLICE_377
ROUTE         9     0.997      R4C11C.F1 to      R5C12D.D1 core/engine/retirec_1
CTOOFX_DEL  ---     0.721      R5C12D.D1 to    R5C12D.OFX0 core/engine/seq/predicates_pmux_6/SLICE_185
ROUTE         1     0.623    R5C12D.OFX0 to      R5C11B.D0 core/engine/seq/N_65
CTOF_DEL    ---     0.495      R5C11B.D0 to      R5C11B.F0 core/engine/seq/SLICE_265
ROUTE         2     1.180      R5C11B.F0 to      R9C11A.D1 core/engine/seq/condition
CTOOFX_DEL  ---     0.721      R9C11A.D1 to    R9C11A.OFX0 core/engine/seq/un1_next_address45_1[0]/SLICE_184
ROUTE         4     1.725    R9C11A.OFX0 to      R7C15C.C0 core/engine/seq/un1_next_address45_1[0]
CTOF_DEL    ---     0.495      R7C15C.C0 to      R7C15C.F0 core/engine/seq/SLICE_426
ROUTE         1     0.967      R7C15C.F0 to      R7C15A.A0 core/engine/seq/un1_upc_i_m[4]
CTOF_DEL    ---     0.495      R7C15A.A0 to      R7C15A.F0 core/engine/seq/SLICE_179
ROUTE         5     2.683      R7C15A.F0 to  EBR_R6C7.ADA7 core/engine/next_address_0_iv_i[4] (to clk_c)
                  --------
                   18.474   (27.3% logic, 72.7% route), 8 logic levels.

Unconstrained Preference:
   INPUT_SETUP PORT "reset" CLKPORT "clk" 

Report:   18.410ns delay reset to core/engine/rom/lane_3 (18.436ns delay and -0.026ns setup)

   Name    Fanout   Delay (ns)          Site               Resource
PADI_DEL    ---     1.132          4.PAD to        4.PADDI reset
ROUTE       179     4.246        4.PADDI to      R4C11D.B1 reset_c
CTOF_DEL    ---     0.495      R4C11D.B1 to      R4C11D.F1 core/engine/SLICE_358
ROUTE         1     1.004      R4C11D.F1 to      R4C11C.B1 core/engine/un1_memory_op_1dupdup
CTOF_DEL    ---     0.495      R4C11C.B1 to      R4C11C.F1 core/engine/SLICE_377
ROUTE         9     1.205      R4C11C.F1 to      R7C13B.D1 core/engine/retirec_1
CTOF_DEL    ---     0.495      R7C13B.D1 to      R7C13B.F1 core/engine/SLICE_275
ROUTE         2     0.445      R7C13B.F1 to      R7C13D.C1 core/engine/fault_redirectdup
CTOF_DEL    ---     0.495      R7C13D.C1 to      R7C13D.F1 core/engine/seq/SLICE_224
ROUTE        10     1.319      R7C13D.F1 to      R2C13D.C1 core/engine/seq/next_address_1_sqmuxa_1
CTOF_DEL    ---     0.495      R2C13D.C1 to      R2C13D.F1 core/engine/seq/SLICE_273
ROUTE         1     0.436      R2C13D.F1 to      R2C13D.C0 core/engine/seq/uword_i_m[13]
CTOF_DEL    ---     0.495      R2C13D.C0 to      R2C13D.F0 core/engine/seq/SLICE_273
ROUTE         1     0.626      R2C13D.F0 to      R2C13A.D0 core/engine/seq/next_address_0_iv_1[2]
CTOF_DEL    ---     0.495      R2C13A.D0 to      R2C13A.F0 core/engine/seq/SLICE_268
ROUTE         1     1.173      R2C13A.F0 to      R9C13D.D0 core/engine/seq/next_address_0_iv_2[2]
CTOF_DEL    ---     0.495      R9C13D.D0 to      R9C13D.F0 core/engine/seq/SLICE_259
ROUTE         1     0.626      R9C13D.F0 to      R9C13B.D0 core/engine/seq/next_address_0_iv_5[2]
CTOF_DEL    ---     0.495      R9C13B.D0 to      R9C13B.F0 core/engine/seq/SLICE_178
ROUTE         5     1.769      R9C13B.F0 to  EBR_R6C7.ADA5 core/engine/next_address_0_iv_i[2] (to clk_c)
                  --------
                   18.436   (30.3% logic, 69.7% route), 10 logic levels.

Unconstrained Preference:
   INPUT_SETUP PORT "reset" CLKPORT "clk" 

Report:   18.345ns delay reset to core/engine/rom/lane_2 (18.371ns delay and -0.026ns setup)

   Name    Fanout   Delay (ns)          Site               Resource
PADI_DEL    ---     1.132          4.PAD to        4.PADDI reset
ROUTE       179     4.246        4.PADDI to      R4C11D.B1 reset_c
CTOF_DEL    ---     0.495      R4C11D.B1 to      R4C11D.F1 core/engine/SLICE_358
ROUTE         1     1.004      R4C11D.F1 to      R4C11C.B1 core/engine/un1_memory_op_1dupdup
CTOF_DEL    ---     0.495      R4C11C.B1 to      R4C11C.F1 core/engine/SLICE_377
ROUTE         9     1.205      R4C11C.F1 to      R7C13B.D1 core/engine/retirec_1
CTOF_DEL    ---     0.495      R7C13B.D1 to      R7C13B.F1 core/engine/SLICE_275
ROUTE         2     0.445      R7C13B.F1 to      R7C13D.C1 core/engine/fault_redirectdup
CTOF_DEL    ---     0.495      R7C13D.C1 to      R7C13D.F1 core/engine/seq/SLICE_224
ROUTE        10     1.066      R7C13D.F1 to      R7C14A.B1 core/engine/seq/next_address_1_sqmuxa_1
CTOF_DEL    ---     0.495      R7C14A.B1 to      R7C14A.F1 core/engine/seq/SLICE_274
ROUTE         1     0.693      R7C14A.F1 to      R7C14A.B0 core/engine/seq/uword_i_m[11]
CTOF_DEL    ---     0.495      R7C14A.B0 to      R7C14A.F0 core/engine/seq/SLICE_274
ROUTE         1     1.336      R7C14A.F0 to      R7C16C.B0 core/engine/seq/next_address_0_iv_1[0]
CTOF_DEL    ---     0.495      R7C16C.B0 to      R7C16C.F0 core/engine/seq/SLICE_261
ROUTE         1     0.986      R7C16C.F0 to      R7C14C.A0 core/engine/seq/next_address_0_iv_5[0]
CTOF_DEL    ---     0.495      R7C14C.A0 to      R7C14C.F0 core/engine/seq/SLICE_177
ROUTE         5     2.298      R7C14C.F0 to  EBR_R6C4.ADA3 core/engine/next_address_0_iv_i[0] (to clk_c)
                  --------
                   18.371   (27.7% logic, 72.3% route), 9 logic levels.

Unconstrained Preference:
   INPUT_SETUP PORT "reset" CLKPORT "clk" 

Report:   18.324ns delay reset to core/engine/rom/lane_2 (18.350ns delay and -0.026ns setup)

   Name    Fanout   Delay (ns)          Site               Resource
PADI_DEL    ---     1.132          4.PAD to        4.PADDI reset
ROUTE       179     4.246        4.PADDI to      R4C11D.B1 reset_c
CTOF_DEL    ---     0.495      R4C11D.B1 to      R4C11D.F1 core/engine/SLICE_358
ROUTE         1     1.004      R4C11D.F1 to      R4C11C.B1 core/engine/un1_memory_op_1dupdup
CTOF_DEL    ---     0.495      R4C11C.B1 to      R4C11C.F1 core/engine/SLICE_377
ROUTE         9     0.997      R4C11C.F1 to      R5C12D.D1 core/engine/retirec_1
CTOOFX_DEL  ---     0.721      R5C12D.D1 to    R5C12D.OFX0 core/engine/seq/predicates_pmux_6/SLICE_185
ROUTE         1     0.623    R5C12D.OFX0 to      R5C11B.D0 core/engine/seq/N_65
CTOF_DEL    ---     0.495      R5C11B.D0 to      R5C11B.F0 core/engine/seq/SLICE_265
ROUTE         2     1.180      R5C11B.F0 to      R9C11A.D1 core/engine/seq/condition
CTOOFX_DEL  ---     0.721      R9C11A.D1 to    R9C11A.OFX0 core/engine/seq/un1_next_address45_1[0]/SLICE_184
ROUTE         4     1.718    R9C11A.OFX0 to      R7C13A.C0 core/engine/seq/un1_next_address45_1[0]
CTOF_DEL    ---     0.495      R7C13A.C0 to      R7C13A.F0 core/engine/seq/SLICE_255
ROUTE         7     1.398      R7C13A.F0 to      R7C15A.B1 core/engine/seq/next_address_2_sqmuxa
CTOF_DEL    ---     0.495      R7C15A.B1 to      R7C15A.F1 core/engine/seq/SLICE_179
ROUTE         5     2.135      R7C15A.F1 to  EBR_R6C4.ADA8 core/engine/next_address[5] (to clk_c)
                  --------
                   18.350   (27.5% logic, 72.5% route), 8 logic levels.

Unconstrained Preference:
   INPUT_SETUP PORT "reset" CLKPORT "clk" 

Report:   18.295ns delay reset to core/engine/rom/lane_3 (18.321ns delay and -0.026ns setup)

   Name    Fanout   Delay (ns)          Site               Resource
PADI_DEL    ---     1.132          4.PAD to        4.PADDI reset
ROUTE       179     4.246        4.PADDI to      R4C11D.B1 reset_c
CTOF_DEL    ---     0.495      R4C11D.B1 to      R4C11D.F1 core/engine/SLICE_358
ROUTE         1     1.004      R4C11D.F1 to      R4C11C.B1 core/engine/un1_memory_op_1dupdup
CTOF_DEL    ---     0.495      R4C11C.B1 to      R4C11C.F1 core/engine/SLICE_377
ROUTE         9     0.997      R4C11C.F1 to      R5C12D.D1 core/engine/retirec_1
CTOOFX_DEL  ---     0.721      R5C12D.D1 to    R5C12D.OFX0 core/engine/seq/predicates_pmux_6/SLICE_185
ROUTE         1     0.623    R5C12D.OFX0 to      R5C11B.D0 core/engine/seq/N_65
CTOF_DEL    ---     0.495      R5C11B.D0 to      R5C11B.F0 core/engine/seq/SLICE_265
ROUTE         2     1.180      R5C11B.F0 to     R10C11A.D1 core/engine/seq/condition
CTOF_DEL    ---     0.495     R10C11A.D1 to     R10C11A.F1 core/engine/seq/SLICE_243
ROUTE         1     0.766     R10C11A.F1 to     R10C13A.C1 core/engine/seq/un1_next_address33
CTOF_DEL    ---     0.495     R10C13A.C1 to     R10C13A.F1 core/engine/seq/SLICE_250
ROUTE        10     1.005     R10C13A.F1 to      R8C13C.D0 core/engine/seq/next_address_3_sqmuxa
CTOF_DEL    ---     0.495      R8C13C.D0 to      R8C13C.F0 core/engine/seq/SLICE_253
ROUTE         1     1.022      R8C13C.F0 to      R7C14C.D1 core/engine/seq/next_address_2_m[1]
CTOF_DEL    ---     0.495      R7C14C.D1 to      R7C14C.F1 core/engine/seq/SLICE_177
ROUTE         5     2.160      R7C14C.F1 to  EBR_R6C7.ADA4 core/engine/next_address[1] (to clk_c)
                  --------
                   18.321   (29.0% logic, 71.0% route), 9 logic levels.

Unconstrained Preference:
   INPUT_SETUP PORT "reset" CLKPORT "clk" 

Report:   18.287ns delay reset to core/engine/rom/lane_2 (18.313ns delay and -0.026ns setup)

   Name    Fanout   Delay (ns)          Site               Resource
PADI_DEL    ---     1.132          4.PAD to        4.PADDI reset
ROUTE       179     4.246        4.PADDI to      R4C11D.B1 reset_c
CTOF_DEL    ---     0.495      R4C11D.B1 to      R4C11D.F1 core/engine/SLICE_358
ROUTE         1     1.004      R4C11D.F1 to      R4C11C.B1 core/engine/un1_memory_op_1dupdup
CTOF_DEL    ---     0.495      R4C11C.B1 to      R4C11C.F1 core/engine/SLICE_377
ROUTE         9     1.205      R4C11C.F1 to      R7C13B.D1 core/engine/retirec_1
CTOF_DEL    ---     0.495      R7C13B.D1 to      R7C13B.F1 core/engine/SLICE_275
ROUTE         2     0.445      R7C13B.F1 to      R7C13D.C1 core/engine/fault_redirectdup
CTOF_DEL    ---     0.495      R7C13D.C1 to      R7C13D.F1 core/engine/seq/SLICE_224
ROUTE        10     1.522      R7C13D.F1 to      R2C12A.D0 core/engine/seq/next_address_1_sqmuxa_1
CTOF_DEL    ---     0.495      R2C12A.D0 to      R2C12A.F0 core/engine/seq/SLICE_448
ROUTE         1     0.747      R2C12A.F0 to      R2C12C.C0 core/engine/seq/next_address_0_iv_0[6]
CTOF_DEL    ---     0.495      R2C12C.C0 to      R2C12C.F0 core/SLICE_270
ROUTE         1     1.173      R2C12C.F0 to      R8C14B.D0 core/engine/seq/next_address_0_iv_2[6]
CTOF_DEL    ---     0.495      R8C14B.D0 to      R8C14B.F0 core/engine/seq/SLICE_251
ROUTE         1     0.744      R8C14B.F0 to      R7C14D.C0 core/engine/seq/next_address_0_iv_5[6]
CTOF_DEL    ---     0.495      R7C14D.C0 to      R7C14D.F0 core/engine/seq/SLICE_180
ROUTE         5     2.135      R7C14D.F0 to  EBR_R6C4.ADA9 core/engine/next_address[6] (to clk_c)
                  --------
                   18.313   (27.8% logic, 72.2% route), 9 logic levels.

Unconstrained Preference:
   INPUT_SETUP PORT "reset" CLKPORT "clk" 

Report:   18.277ns delay reset to core/engine/rom/lane_3 (18.303ns delay and -0.026ns setup)

   Name    Fanout   Delay (ns)          Site               Resource
PADI_DEL    ---     1.132          4.PAD to        4.PADDI reset
ROUTE       179     4.246        4.PADDI to      R4C11D.B1 reset_c
CTOF_DEL    ---     0.495      R4C11D.B1 to      R4C11D.F1 core/engine/SLICE_358
ROUTE         1     1.004      R4C11D.F1 to      R4C11C.B1 core/engine/un1_memory_op_1dupdup
CTOF_DEL    ---     0.495      R4C11C.B1 to      R4C11C.F1 core/engine/SLICE_377
ROUTE         9     1.205      R4C11C.F1 to      R7C13B.D1 core/engine/retirec_1
CTOF_DEL    ---     0.495      R7C13B.D1 to      R7C13B.F1 core/engine/SLICE_275
ROUTE         2     0.445      R7C13B.F1 to      R7C13D.C1 core/engine/fault_redirectdup
CTOF_DEL    ---     0.495      R7C13D.C1 to      R7C13D.F1 core/engine/seq/SLICE_224
ROUTE        10     1.066      R7C13D.F1 to      R7C14A.B1 core/engine/seq/next_address_1_sqmuxa_1
CTOF_DEL    ---     0.495      R7C14A.B1 to      R7C14A.F1 core/engine/seq/SLICE_274
ROUTE         1     0.693      R7C14A.F1 to      R7C14A.B0 core/engine/seq/uword_i_m[11]
CTOF_DEL    ---     0.495      R7C14A.B0 to      R7C14A.F0 core/engine/seq/SLICE_274
ROUTE         1     1.336      R7C14A.F0 to      R7C16C.B0 core/engine/seq/next_address_0_iv_1[0]
CTOF_DEL    ---     0.495      R7C16C.B0 to      R7C16C.F0 core/engine/seq/SLICE_261
ROUTE         1     0.986      R7C16C.F0 to      R7C14C.A0 core/engine/seq/next_address_0_iv_5[0]
CTOF_DEL    ---     0.495      R7C14C.A0 to      R7C14C.F0 core/engine/seq/SLICE_177
ROUTE         5     2.230      R7C14C.F0 to  EBR_R6C7.ADA3 core/engine/next_address_0_iv_i[0] (to clk_c)
                  --------
                   18.303   (27.8% logic, 72.2% route), 9 logic levels.

Unconstrained Preference:
   INPUT_SETUP PORT "reset" CLKPORT "clk" 

Report:   18.273ns delay reset to core/engine/rom/lane_0 (18.299ns delay and -0.026ns setup)

   Name    Fanout   Delay (ns)          Site               Resource
PADI_DEL    ---     1.132          4.PAD to        4.PADDI reset
ROUTE       179     4.246        4.PADDI to      R4C11D.B1 reset_c
CTOF_DEL    ---     0.495      R4C11D.B1 to      R4C11D.F1 core/engine/SLICE_358
ROUTE         1     1.004      R4C11D.F1 to      R4C11C.B1 core/engine/un1_memory_op_1dupdup
CTOF_DEL    ---     0.495      R4C11C.B1 to      R4C11C.F1 core/engine/SLICE_377
ROUTE         9     1.205      R4C11C.F1 to      R7C13B.D1 core/engine/retirec_1
CTOF_DEL    ---     0.495      R7C13B.D1 to      R7C13B.F1 core/engine/SLICE_275
ROUTE         2     0.445      R7C13B.F1 to      R7C13D.C1 core/engine/fault_redirectdup
CTOF_DEL    ---     0.495      R7C13D.C1 to      R7C13D.F1 core/engine/seq/SLICE_224
ROUTE        10     1.319      R7C13D.F1 to      R2C13D.C1 core/engine/seq/next_address_1_sqmuxa_1
CTOF_DEL    ---     0.495      R2C13D.C1 to      R2C13D.F1 core/engine/seq/SLICE_273
ROUTE         1     0.436      R2C13D.F1 to      R2C13D.C0 core/engine/seq/uword_i_m[13]
CTOF_DEL    ---     0.495      R2C13D.C0 to      R2C13D.F0 core/engine/seq/SLICE_273
ROUTE         1     0.626      R2C13D.F0 to      R2C13A.D0 core/engine/seq/next_address_0_iv_1[2]
CTOF_DEL    ---     0.495      R2C13A.D0 to      R2C13A.F0 core/engine/seq/SLICE_268
ROUTE         1     1.173      R2C13A.F0 to      R9C13D.D0 core/engine/seq/next_address_0_iv_2[2]
CTOF_DEL    ---     0.495      R9C13D.D0 to      R9C13D.F0 core/engine/seq/SLICE_259
ROUTE         1     0.626      R9C13D.F0 to      R9C13B.D0 core/engine/seq/next_address_0_iv_5[2]
CTOF_DEL    ---     0.495      R9C13B.D0 to      R9C13B.F0 core/engine/seq/SLICE_178
ROUTE         5     1.632      R9C13B.F0 to EBR_R6C14.ADA5 core/engine/next_address_0_iv_i[2] (to clk_c)
                  --------
                   18.299   (30.5% logic, 69.5% route), 10 logic levels.

Unconstrained Preference:
   INPUT_SETUP PORT "reset" CLKPORT "clk" 

Report:   18.257ns delay reset to core/engine/rom/lane_3 (18.283ns delay and -0.026ns setup)

   Name    Fanout   Delay (ns)          Site               Resource
PADI_DEL    ---     1.132          4.PAD to        4.PADDI reset
ROUTE       179     4.246        4.PADDI to      R4C11D.B1 reset_c
CTOF_DEL    ---     0.495      R4C11D.B1 to      R4C11D.F1 core/engine/SLICE_358
ROUTE         1     1.004      R4C11D.F1 to      R4C11C.B1 core/engine/un1_memory_op_1dupdup
CTOF_DEL    ---     0.495      R4C11C.B1 to      R4C11C.F1 core/engine/SLICE_377
ROUTE         9     1.205      R4C11C.F1 to      R7C13B.D1 core/engine/retirec_1
CTOF_DEL    ---     0.495      R7C13B.D1 to      R7C13B.F1 core/engine/SLICE_275
ROUTE         2     0.445      R7C13B.F1 to      R7C13D.C1 core/engine/fault_redirectdup
CTOF_DEL    ---     0.495      R7C13D.C1 to      R7C13D.F1 core/engine/seq/SLICE_224
ROUTE        10     1.522      R7C13D.F1 to      R2C12A.D0 core/engine/seq/next_address_1_sqmuxa_1
CTOF_DEL    ---     0.495      R2C12A.D0 to      R2C12A.F0 core/engine/seq/SLICE_448
ROUTE         1     0.747      R2C12A.F0 to      R2C12C.C0 core/engine/seq/next_address_0_iv_0[6]
CTOF_DEL    ---     0.495      R2C12C.C0 to      R2C12C.F0 core/SLICE_270
ROUTE         1     1.173      R2C12C.F0 to      R8C14B.D0 core/engine/seq/next_address_0_iv_2[6]
CTOF_DEL    ---     0.495      R8C14B.D0 to      R8C14B.F0 core/engine/seq/SLICE_251
ROUTE         1     0.744      R8C14B.F0 to      R7C14D.C0 core/engine/seq/next_address_0_iv_5[6]
CTOF_DEL    ---     0.495      R7C14D.C0 to      R7C14D.F0 core/engine/seq/SLICE_180
ROUTE         5     2.105      R7C14D.F0 to  EBR_R6C7.ADA9 core/engine/next_address[6] (to clk_c)
                  --------
                   18.283   (27.9% logic, 72.1% route), 9 logic levels.

Unconstrained Preference:
   INPUT_SETUP PORT "reset" CLKPORT "clk" 

Report:   17.983ns delay reset to core/engine/rom/lane_1 (18.009ns delay and -0.026ns setup)

   Name    Fanout   Delay (ns)          Site               Resource
PADI_DEL    ---     1.132          4.PAD to        4.PADDI reset
ROUTE       179     4.246        4.PADDI to      R4C11D.B1 reset_c
CTOF_DEL    ---     0.495      R4C11D.B1 to      R4C11D.F1 core/engine/SLICE_358
ROUTE         1     1.004      R4C11D.F1 to      R4C11C.B1 core/engine/un1_memory_op_1dupdup
CTOF_DEL    ---     0.495      R4C11C.B1 to      R4C11C.F1 core/engine/SLICE_377
ROUTE         9     1.205      R4C11C.F1 to      R7C13B.D1 core/engine/retirec_1
CTOF_DEL    ---     0.495      R7C13B.D1 to      R7C13B.F1 core/engine/SLICE_275
ROUTE         2     0.445      R7C13B.F1 to      R7C13D.C1 core/engine/fault_redirectdup
CTOF_DEL    ---     0.495      R7C13D.C1 to      R7C13D.F1 core/engine/seq/SLICE_224
ROUTE        10     1.319      R7C13D.F1 to      R2C13D.C1 core/engine/seq/next_address_1_sqmuxa_1
CTOF_DEL    ---     0.495      R2C13D.C1 to      R2C13D.F1 core/engine/seq/SLICE_273
ROUTE         1     0.436      R2C13D.F1 to      R2C13D.C0 core/engine/seq/uword_i_m[13]
CTOF_DEL    ---     0.495      R2C13D.C0 to      R2C13D.F0 core/engine/seq/SLICE_273
ROUTE         1     0.626      R2C13D.F0 to      R2C13A.D0 core/engine/seq/next_address_0_iv_1[2]
CTOF_DEL    ---     0.495      R2C13A.D0 to      R2C13A.F0 core/engine/seq/SLICE_268
ROUTE         1     1.173      R2C13A.F0 to      R9C13D.D0 core/engine/seq/next_address_0_iv_2[2]
CTOF_DEL    ---     0.495      R9C13D.D0 to      R9C13D.F0 core/engine/seq/SLICE_259
ROUTE         1     0.626      R9C13D.F0 to      R9C13B.D0 core/engine/seq/next_address_0_iv_5[2]
CTOF_DEL    ---     0.495      R9C13B.D0 to      R9C13B.F0 core/engine/seq/SLICE_178
ROUTE         5     1.342      R9C13B.F0 to EBR_R6C10.ADA5 core/engine/next_address_0_iv_i[2] (to clk_c)
                  --------
                   18.009   (31.0% logic, 69.0% route), 10 logic levels.

Unconstrained Preference:
   INPUT_SETUP PORT "reset" CLKPORT "clk" 

Report:   17.964ns delay reset to core/engine/rom/lane_1 (17.990ns delay and -0.026ns setup)

   Name    Fanout   Delay (ns)          Site               Resource
PADI_DEL    ---     1.132          4.PAD to        4.PADDI reset
ROUTE       179     4.246        4.PADDI to      R4C11D.B1 reset_c
CTOF_DEL    ---     0.495      R4C11D.B1 to      R4C11D.F1 core/engine/SLICE_358
ROUTE         1     1.004      R4C11D.F1 to      R4C11C.B1 core/engine/un1_memory_op_1dupdup
CTOF_DEL    ---     0.495      R4C11C.B1 to      R4C11C.F1 core/engine/SLICE_377
ROUTE         9     0.997      R4C11C.F1 to      R5C12D.D1 core/engine/retirec_1
CTOOFX_DEL  ---     0.721      R5C12D.D1 to    R5C12D.OFX0 core/engine/seq/predicates_pmux_6/SLICE_185
ROUTE         1     0.623    R5C12D.OFX0 to      R5C11B.D0 core/engine/seq/N_65
CTOF_DEL    ---     0.495      R5C11B.D0 to      R5C11B.F0 core/engine/seq/SLICE_265
ROUTE         2     1.180      R5C11B.F0 to      R9C11A.D1 core/engine/seq/condition
CTOOFX_DEL  ---     0.721      R9C11A.D1 to    R9C11A.OFX0 core/engine/seq/un1_next_address45_1[0]/SLICE_184
ROUTE         4     1.718    R9C11A.OFX0 to      R7C13A.C0 core/engine/seq/un1_next_address45_1[0]
CTOF_DEL    ---     0.495      R7C13A.C0 to      R7C13A.F0 core/engine/seq/SLICE_255
ROUTE         7     1.398      R7C13A.F0 to      R7C15A.B1 core/engine/seq/next_address_2_sqmuxa
CTOF_DEL    ---     0.495      R7C15A.B1 to      R7C15A.F1 core/engine/seq/SLICE_179
ROUTE         5     1.775      R7C15A.F1 to EBR_R6C10.ADA8 core/engine/next_address[5] (to clk_c)
                  --------
                   17.990   (28.1% logic, 71.9% route), 8 logic levels.

Unconstrained Preference:
   INPUT_SETUP PORT "reset" CLKPORT "clk" 

Report:   17.909ns delay reset to core/engine/rom/lane_1 (17.935ns delay and -0.026ns setup)

   Name    Fanout   Delay (ns)          Site               Resource
PADI_DEL    ---     1.132          4.PAD to        4.PADDI reset
ROUTE       179     4.246        4.PADDI to      R4C11D.B1 reset_c
CTOF_DEL    ---     0.495      R4C11D.B1 to      R4C11D.F1 core/engine/SLICE_358
ROUTE         1     1.004      R4C11D.F1 to      R4C11C.B1 core/engine/un1_memory_op_1dupdup
CTOF_DEL    ---     0.495      R4C11C.B1 to      R4C11C.F1 core/engine/SLICE_377
ROUTE         9     1.205      R4C11C.F1 to      R7C13B.D1 core/engine/retirec_1
CTOF_DEL    ---     0.495      R7C13B.D1 to      R7C13B.F1 core/engine/SLICE_275
ROUTE         2     0.445      R7C13B.F1 to      R7C13D.C1 core/engine/fault_redirectdup
CTOF_DEL    ---     0.495      R7C13D.C1 to      R7C13D.F1 core/engine/seq/SLICE_224
ROUTE        10     1.522      R7C13D.F1 to      R2C12A.D0 core/engine/seq/next_address_1_sqmuxa_1
CTOF_DEL    ---     0.495      R2C12A.D0 to      R2C12A.F0 core/engine/seq/SLICE_448
ROUTE         1     0.747      R2C12A.F0 to      R2C12C.C0 core/engine/seq/next_address_0_iv_0[6]
CTOF_DEL    ---     0.495      R2C12C.C0 to      R2C12C.F0 core/SLICE_270
ROUTE         1     1.173      R2C12C.F0 to      R8C14B.D0 core/engine/seq/next_address_0_iv_2[6]
CTOF_DEL    ---     0.495      R8C14B.D0 to      R8C14B.F0 core/engine/seq/SLICE_251
ROUTE         1     0.744      R8C14B.F0 to      R7C14D.C0 core/engine/seq/next_address_0_iv_5[6]
CTOF_DEL    ---     0.495      R7C14D.C0 to      R7C14D.F0 core/engine/seq/SLICE_180
ROUTE         5     1.757      R7C14D.F0 to EBR_R6C10.ADA9 core/engine/next_address[6] (to clk_c)
                  --------
                   17.935   (28.4% logic, 71.6% route), 9 logic levels.

Unconstrained Preference:
   INPUT_SETUP PORT "reset" CLKPORT "clk" 

Report:   17.900ns delay reset to core/engine/rom/lane_2 (17.926ns delay and -0.026ns setup)

   Name    Fanout   Delay (ns)          Site               Resource
PADI_DEL    ---     1.132          4.PAD to        4.PADDI reset
ROUTE       179     4.246        4.PADDI to      R4C11D.B1 reset_c
CTOF_DEL    ---     0.495      R4C11D.B1 to      R4C11D.F1 core/engine/SLICE_358
ROUTE         1     1.004      R4C11D.F1 to      R4C11C.B1 core/engine/un1_memory_op_1dupdup
CTOF_DEL    ---     0.495      R4C11C.B1 to      R4C11C.F1 core/engine/SLICE_377
ROUTE         9     0.997      R4C11C.F1 to      R5C12D.D1 core/engine/retirec_1
CTOOFX_DEL  ---     0.721      R5C12D.D1 to    R5C12D.OFX0 core/engine/seq/predicates_pmux_6/SLICE_185
ROUTE         1     0.623    R5C12D.OFX0 to      R5C11B.D0 core/engine/seq/N_65
CTOF_DEL    ---     0.495      R5C11B.D0 to      R5C11B.F0 core/engine/seq/SLICE_265
ROUTE         2     1.180      R5C11B.F0 to      R9C11A.D1 core/engine/seq/condition
CTOOFX_DEL  ---     0.721      R9C11A.D1 to    R9C11A.OFX0 core/engine/seq/un1_next_address45_1[0]/SLICE_184
ROUTE         4     1.725    R9C11A.OFX0 to      R7C15C.C0 core/engine/seq/un1_next_address45_1[0]
CTOF_DEL    ---     0.495      R7C15C.C0 to      R7C15C.F0 core/engine/seq/SLICE_426
ROUTE         1     0.967      R7C15C.F0 to      R7C15A.A0 core/engine/seq/un1_upc_i_m[4]
CTOF_DEL    ---     0.495      R7C15A.A0 to      R7C15A.F0 core/engine/seq/SLICE_179
ROUTE         5     2.135      R7C15A.F0 to  EBR_R6C4.ADA7 core/engine/next_address_0_iv_i[4] (to clk_c)
                  --------
                   17.926   (28.2% logic, 71.8% route), 8 logic levels.

Unconstrained Preference:
   INPUT_SETUP PORT "reset" CLKPORT "clk" 

Report:   17.897ns delay reset to core/engine/rom/lane_3 (17.923ns delay and -0.026ns setup)

   Name    Fanout   Delay (ns)          Site               Resource
PADI_DEL    ---     1.132          4.PAD to        4.PADDI reset
ROUTE       179     4.246        4.PADDI to      R4C11D.B1 reset_c
CTOF_DEL    ---     0.495      R4C11D.B1 to      R4C11D.F1 core/engine/SLICE_358
ROUTE         1     1.004      R4C11D.F1 to      R4C11C.B1 core/engine/un1_memory_op_1dupdup
CTOF_DEL    ---     0.495      R4C11C.B1 to      R4C11C.F1 core/engine/SLICE_377
ROUTE         9     0.997      R4C11C.F1 to      R5C12D.D1 core/engine/retirec_1
CTOOFX_DEL  ---     0.721      R5C12D.D1 to    R5C12D.OFX0 core/engine/seq/predicates_pmux_6/SLICE_185
ROUTE         1     0.623    R5C12D.OFX0 to      R5C11B.D0 core/engine/seq/N_65
CTOF_DEL    ---     0.495      R5C11B.D0 to      R5C11B.F0 core/engine/seq/SLICE_265
ROUTE         2     1.180      R5C11B.F0 to      R9C11A.D1 core/engine/seq/condition
CTOOFX_DEL  ---     0.721      R9C11A.D1 to    R9C11A.OFX0 core/engine/seq/un1_next_address45_1[0]/SLICE_184
ROUTE         4     1.718    R9C11A.OFX0 to      R7C13A.C0 core/engine/seq/un1_next_address45_1[0]
CTOF_DEL    ---     0.495      R7C13A.C0 to      R7C13A.F0 core/engine/seq/SLICE_255
ROUTE         7     1.398      R7C13A.F0 to      R7C15A.B1 core/engine/seq/next_address_2_sqmuxa
CTOF_DEL    ---     0.495      R7C15A.B1 to      R7C15A.F1 core/engine/seq/SLICE_179
ROUTE         5     1.708      R7C15A.F1 to  EBR_R6C7.ADA8 core/engine/next_address[5] (to clk_c)
                  --------
                   17.923   (28.2% logic, 71.8% route), 8 logic levels.

Unconstrained Preference:
   INPUT_SETUP PORT "reset" CLKPORT "clk" 

Report:   17.831ns delay reset to core/engine/rom/lane_1 (17.857ns delay and -0.026ns setup)

   Name    Fanout   Delay (ns)          Site               Resource
PADI_DEL    ---     1.132          4.PAD to        4.PADDI reset
ROUTE       179     4.246        4.PADDI to      R4C11D.B1 reset_c
CTOF_DEL    ---     0.495      R4C11D.B1 to      R4C11D.F1 core/engine/SLICE_358
ROUTE         1     1.004      R4C11D.F1 to      R4C11C.B1 core/engine/un1_memory_op_1dupdup
CTOF_DEL    ---     0.495      R4C11C.B1 to      R4C11C.F1 core/engine/SLICE_377
ROUTE         9     0.997      R4C11C.F1 to      R5C12D.D1 core/engine/retirec_1
CTOOFX_DEL  ---     0.721      R5C12D.D1 to    R5C12D.OFX0 core/engine/seq/predicates_pmux_6/SLICE_185
ROUTE         1     0.623    R5C12D.OFX0 to      R5C11B.D0 core/engine/seq/N_65
CTOF_DEL    ---     0.495      R5C11B.D0 to      R5C11B.F0 core/engine/seq/SLICE_265
ROUTE         2     1.180      R5C11B.F0 to     R10C11A.D1 core/engine/seq/condition
CTOF_DEL    ---     0.495     R10C11A.D1 to     R10C11A.F1 core/engine/seq/SLICE_243
ROUTE         1     0.766     R10C11A.F1 to     R10C13A.C1 core/engine/seq/un1_next_address33
CTOF_DEL    ---     0.495     R10C13A.C1 to     R10C13A.F1 core/engine/seq/SLICE_250
ROUTE        10     1.005     R10C13A.F1 to      R8C13C.D0 core/engine/seq/next_address_3_sqmuxa
CTOF_DEL    ---     0.495      R8C13C.D0 to      R8C13C.F0 core/engine/seq/SLICE_253
ROUTE         1     1.022      R8C13C.F0 to      R7C14C.D1 core/engine/seq/next_address_2_m[1]
CTOF_DEL    ---     0.495      R7C14C.D1 to      R7C14C.F1 core/engine/seq/SLICE_177
ROUTE         5     1.696      R7C14C.F1 to EBR_R6C10.ADA4 core/engine/next_address[1] (to clk_c)
                  --------
                   17.857   (29.8% logic, 70.2% route), 9 logic levels.

Unconstrained Preference:
   INPUT_SETUP PORT "reset" CLKPORT "clk" 

Report:   17.824ns delay reset to core/engine/rom/lane_0 (17.850ns delay and -0.026ns setup)

   Name    Fanout   Delay (ns)          Site               Resource
PADI_DEL    ---     1.132          4.PAD to        4.PADDI reset
ROUTE       179     4.246        4.PADDI to      R4C11D.B1 reset_c
CTOF_DEL    ---     0.495      R4C11D.B1 to      R4C11D.F1 core/engine/SLICE_358
ROUTE         1     1.004      R4C11D.F1 to      R4C11C.B1 core/engine/un1_memory_op_1dupdup
CTOF_DEL    ---     0.495      R4C11C.B1 to      R4C11C.F1 core/engine/SLICE_377
ROUTE         9     0.997      R4C11C.F1 to      R5C12D.D1 core/engine/retirec_1
CTOOFX_DEL  ---     0.721      R5C12D.D1 to    R5C12D.OFX0 core/engine/seq/predicates_pmux_6/SLICE_185
ROUTE         1     0.623    R5C12D.OFX0 to      R5C11B.D0 core/engine/seq/N_65
CTOF_DEL    ---     0.495      R5C11B.D0 to      R5C11B.F0 core/engine/seq/SLICE_265
ROUTE         2     1.180      R5C11B.F0 to     R10C11A.D1 core/engine/seq/condition
CTOF_DEL    ---     0.495     R10C11A.D1 to     R10C11A.F1 core/engine/seq/SLICE_243
ROUTE         1     0.766     R10C11A.F1 to     R10C13A.C1 core/engine/seq/un1_next_address33
CTOF_DEL    ---     0.495     R10C13A.C1 to     R10C13A.F1 core/engine/seq/SLICE_250
ROUTE        10     1.005     R10C13A.F1 to      R8C13C.D0 core/engine/seq/next_address_3_sqmuxa
CTOF_DEL    ---     0.495      R8C13C.D0 to      R8C13C.F0 core/engine/seq/SLICE_253
ROUTE         1     1.022      R8C13C.F0 to      R7C14C.D1 core/engine/seq/next_address_2_m[1]
CTOF_DEL    ---     0.495      R7C14C.D1 to      R7C14C.F1 core/engine/seq/SLICE_177
ROUTE         5     1.689      R7C14C.F1 to EBR_R6C14.ADA4 core/engine/next_address[1] (to clk_c)
                  --------
                   17.850   (29.8% logic, 70.2% route), 9 logic levels.

Unconstrained Preference:
   INPUT_SETUP PORT "reset" CLKPORT "clk" 

Report:   17.821ns delay reset to core/engine/rom/lane_1 (17.847ns delay and -0.026ns setup)

   Name    Fanout   Delay (ns)          Site               Resource
PADI_DEL    ---     1.132          4.PAD to        4.PADDI reset
ROUTE       179     4.246        4.PADDI to      R4C11D.B1 reset_c
CTOF_DEL    ---     0.495      R4C11D.B1 to      R4C11D.F1 core/engine/SLICE_358
ROUTE         1     1.004      R4C11D.F1 to      R4C11C.B1 core/engine/un1_memory_op_1dupdup
CTOF_DEL    ---     0.495      R4C11C.B1 to      R4C11C.F1 core/engine/SLICE_377
ROUTE         9     1.205      R4C11C.F1 to      R7C13B.D1 core/engine/retirec_1
CTOF_DEL    ---     0.495      R7C13B.D1 to      R7C13B.F1 core/engine/SLICE_275
ROUTE         2     0.445      R7C13B.F1 to      R7C13D.C1 core/engine/fault_redirectdup
CTOF_DEL    ---     0.495      R7C13D.C1 to      R7C13D.F1 core/engine/seq/SLICE_224
ROUTE        10     1.066      R7C13D.F1 to      R7C14A.B1 core/engine/seq/next_address_1_sqmuxa_1
CTOF_DEL    ---     0.495      R7C14A.B1 to      R7C14A.F1 core/engine/seq/SLICE_274
ROUTE         1     0.693      R7C14A.F1 to      R7C14A.B0 core/engine/seq/uword_i_m[11]
CTOF_DEL    ---     0.495      R7C14A.B0 to      R7C14A.F0 core/engine/seq/SLICE_274
ROUTE         1     1.336      R7C14A.F0 to      R7C16C.B0 core/engine/seq/next_address_0_iv_1[0]
CTOF_DEL    ---     0.495      R7C16C.B0 to      R7C16C.F0 core/engine/seq/SLICE_261
ROUTE         1     0.986      R7C16C.F0 to      R7C14C.A0 core/engine/seq/next_address_0_iv_5[0]
CTOF_DEL    ---     0.495      R7C14C.A0 to      R7C14C.F0 core/engine/seq/SLICE_177
ROUTE         5     1.774      R7C14C.F0 to EBR_R6C10.ADA3 core/engine/next_address_0_iv_i[0] (to clk_c)
                  --------
                   17.847   (28.5% logic, 71.5% route), 9 logic levels.

Unconstrained Preference:
   INPUT_SETUP PORT "reset" CLKPORT "clk" 

Report:   17.812ns delay reset to core/engine/rom/lane_2 (17.838ns delay and -0.026ns setup)

   Name    Fanout   Delay (ns)          Site               Resource
PADI_DEL    ---     1.132          4.PAD to        4.PADDI reset
ROUTE       179     4.246        4.PADDI to      R4C11D.B1 reset_c
CTOF_DEL    ---     0.495      R4C11D.B1 to      R4C11D.F1 core/engine/SLICE_358
ROUTE         1     1.004      R4C11D.F1 to      R4C11C.B1 core/engine/un1_memory_op_1dupdup
CTOF_DEL    ---     0.495      R4C11C.B1 to      R4C11C.F1 core/engine/SLICE_377
ROUTE         9     1.205      R4C11C.F1 to      R7C13B.D1 core/engine/retirec_1
CTOF_DEL    ---     0.495      R7C13B.D1 to      R7C13B.F1 core/engine/SLICE_275
ROUTE         2     0.445      R7C13B.F1 to      R7C13D.C1 core/engine/fault_redirectdup
CTOF_DEL    ---     0.495      R7C13D.C1 to      R7C13D.F1 core/engine/seq/SLICE_224
ROUTE        10     1.515      R7C13D.F1 to      R9C12C.C1 core/engine/seq/next_address_1_sqmuxa_1
CTOF_DEL    ---     0.495      R9C12C.C1 to      R9C12C.F1 core/engine/seq/SLICE_263
ROUTE         1     0.436      R9C12C.F1 to      R9C12C.C0 core/engine/seq/next_address_1_iv_0[8]
CTOF_DEL    ---     0.495      R9C12C.C0 to      R9C12C.F0 core/engine/seq/SLICE_263
ROUTE         1     0.626      R9C12C.F0 to      R9C12A.D0 core/engine/seq/next_address_1_iv_2[8]
CTOF_DEL    ---     0.495      R9C12A.D0 to      R9C12A.F0 core/engine/seq/SLICE_260
ROUTE         1     1.079      R9C12A.F0 to      R8C14C.C0 core/engine/seq/next_address_1_iv_3[8]
CTOF_DEL    ---     0.495      R8C14C.C0 to      R8C14C.F0 core/engine/seq/SLICE_181
ROUTE         5     2.190      R8C14C.F0 to EBR_R6C4.ADA11 core/engine/next_address[8] (to clk_c)
                  --------
                   17.838   (28.5% logic, 71.5% route), 9 logic levels.

Unconstrained Preference:
   INPUT_SETUP PORT "reset" CLKPORT "clk" 

Report:   17.716ns delay reset to core/engine/rom/lane_2 (17.742ns delay and -0.026ns setup)

   Name    Fanout   Delay (ns)          Site               Resource
PADI_DEL    ---     1.132          4.PAD to        4.PADDI reset
ROUTE       179     4.246        4.PADDI to      R4C11D.B1 reset_c
CTOF_DEL    ---     0.495      R4C11D.B1 to      R4C11D.F1 core/engine/SLICE_358
ROUTE         1     1.004      R4C11D.F1 to      R4C11C.B1 core/engine/un1_memory_op_1dupdup
CTOF_DEL    ---     0.495      R4C11C.B1 to      R4C11C.F1 core/engine/SLICE_377
ROUTE         9     0.997      R4C11C.F1 to      R5C12D.D1 core/engine/retirec_1
CTOOFX_DEL  ---     0.721      R5C12D.D1 to    R5C12D.OFX0 core/engine/seq/predicates_pmux_6/SLICE_185
ROUTE         1     0.623    R5C12D.OFX0 to      R5C11B.D0 core/engine/seq/N_65
CTOF_DEL    ---     0.495      R5C11B.D0 to      R5C11B.F0 core/engine/seq/SLICE_265
ROUTE         2     1.180      R5C11B.F0 to      R9C11A.D1 core/engine/seq/condition
CTOOFX_DEL  ---     0.721      R9C11A.D1 to    R9C11A.OFX0 core/engine/seq/un1_next_address45_1[0]/SLICE_184
ROUTE         4     1.725    R9C11A.OFX0 to      R7C15C.C1 core/engine/seq/un1_next_address45_1[0]
CTOF_DEL    ---     0.495      R7C15C.C1 to      R7C15C.F1 core/engine/seq/SLICE_426
ROUTE         1     0.958      R7C15C.F1 to      R8C14C.D1 core/engine/seq/un1_upc_m[9]
CTOF_DEL    ---     0.495      R8C14C.D1 to      R8C14C.F1 core/engine/seq/SLICE_181
ROUTE         5     1.960      R8C14C.F1 to EBR_R6C4.ADA12 core/engine/next_address[9] (to clk_c)
                  --------
                   17.742   (28.5% logic, 71.5% route), 8 logic levels.

Unconstrained Preference:
   INPUT_SETUP PORT "reset" CLKPORT "clk" 

Report:   17.638ns delay reset to core/engine/rom/lane_0 (17.664ns delay and -0.026ns setup)

   Name    Fanout   Delay (ns)          Site               Resource
PADI_DEL    ---     1.132          4.PAD to        4.PADDI reset
ROUTE       179     4.246        4.PADDI to      R4C11D.B1 reset_c
CTOF_DEL    ---     0.495      R4C11D.B1 to      R4C11D.F1 core/engine/SLICE_358
ROUTE         1     1.004      R4C11D.F1 to      R4C11C.B1 core/engine/un1_memory_op_1dupdup
CTOF_DEL    ---     0.495      R4C11C.B1 to      R4C11C.F1 core/engine/SLICE_377
ROUTE         9     1.205      R4C11C.F1 to      R7C13B.D1 core/engine/retirec_1
CTOF_DEL    ---     0.495      R7C13B.D1 to      R7C13B.F1 core/engine/SLICE_275
ROUTE         2     0.445      R7C13B.F1 to      R7C13D.C1 core/engine/fault_redirectdup
CTOF_DEL    ---     0.495      R7C13D.C1 to      R7C13D.F1 core/engine/seq/SLICE_224
ROUTE        10     1.515      R7C13D.F1 to      R9C12C.C1 core/engine/seq/next_address_1_sqmuxa_1
CTOF_DEL    ---     0.495      R9C12C.C1 to      R9C12C.F1 core/engine/seq/SLICE_263
ROUTE         1     0.436      R9C12C.F1 to      R9C12C.C0 core/engine/seq/next_address_1_iv_0[8]
CTOF_DEL    ---     0.495      R9C12C.C0 to      R9C12C.F0 core/engine/seq/SLICE_263
ROUTE         1     0.626      R9C12C.F0 to      R9C12A.D0 core/engine/seq/next_address_1_iv_2[8]
CTOF_DEL    ---     0.495      R9C12A.D0 to      R9C12A.F0 core/engine/seq/SLICE_260
ROUTE         1     1.079      R9C12A.F0 to      R8C14C.C0 core/engine/seq/next_address_1_iv_3[8]
CTOF_DEL    ---     0.495      R8C14C.C0 to      R8C14C.F0 core/engine/seq/SLICE_181
ROUTE         5     2.016      R8C14C.F0 to *R_R6C14.ADA11 core/engine/next_address[8] (to clk_c)
                  --------
                   17.664   (28.8% logic, 71.2% route), 9 logic levels.

Unconstrained Preference:
   INPUT_SETUP PORT "reset" CLKPORT "clk" 

Report:   17.624ns delay reset to core/engine/rom/lane_1 (17.650ns delay and -0.026ns setup)

   Name    Fanout   Delay (ns)          Site               Resource
PADI_DEL    ---     1.132          4.PAD to        4.PADDI reset
ROUTE       179     4.246        4.PADDI to      R4C11D.B1 reset_c
CTOF_DEL    ---     0.495      R4C11D.B1 to      R4C11D.F1 core/engine/SLICE_358
ROUTE         1     1.004      R4C11D.F1 to      R4C11C.B1 core/engine/un1_memory_op_1dupdup
CTOF_DEL    ---     0.495      R4C11C.B1 to      R4C11C.F1 core/engine/SLICE_377
ROUTE         9     0.997      R4C11C.F1 to      R5C12D.D1 core/engine/retirec_1
CTOOFX_DEL  ---     0.721      R5C12D.D1 to    R5C12D.OFX0 core/engine/seq/predicates_pmux_6/SLICE_185
ROUTE         1     0.623    R5C12D.OFX0 to      R5C11B.D0 core/engine/seq/N_65
CTOF_DEL    ---     0.495      R5C11B.D0 to      R5C11B.F0 core/engine/seq/SLICE_265
ROUTE         2     1.180      R5C11B.F0 to      R9C11A.D1 core/engine/seq/condition
CTOOFX_DEL  ---     0.721      R9C11A.D1 to    R9C11A.OFX0 core/engine/seq/un1_next_address45_1[0]/SLICE_184
ROUTE         4     1.725    R9C11A.OFX0 to      R7C15C.C0 core/engine/seq/un1_next_address45_1[0]
CTOF_DEL    ---     0.495      R7C15C.C0 to      R7C15C.F0 core/engine/seq/SLICE_426
ROUTE         1     0.967      R7C15C.F0 to      R7C15A.A0 core/engine/seq/un1_upc_i_m[4]
CTOF_DEL    ---     0.495      R7C15A.A0 to      R7C15A.F0 core/engine/seq/SLICE_179
ROUTE         5     1.859      R7C15A.F0 to EBR_R6C10.ADA7 core/engine/next_address_0_iv_i[4] (to clk_c)
                  --------
                   17.650   (28.6% logic, 71.4% route), 8 logic levels.

Unconstrained Preference:
   INPUT_SETUP PORT "reset" CLKPORT "clk" 

Report:   17.571ns delay reset to core/engine/seq/SLICE_178 (17.405ns delay and 0.166ns setup)

   Name    Fanout   Delay (ns)          Site               Resource
PADI_DEL    ---     1.132          4.PAD to        4.PADDI reset
ROUTE       179     4.246        4.PADDI to      R4C11D.B1 reset_c
CTOF_DEL    ---     0.495      R4C11D.B1 to      R4C11D.F1 core/engine/SLICE_358
ROUTE         1     1.004      R4C11D.F1 to      R4C11C.B1 core/engine/un1_memory_op_1dupdup
CTOF_DEL    ---     0.495      R4C11C.B1 to      R4C11C.F1 core/engine/SLICE_377
ROUTE         9     1.205      R4C11C.F1 to      R7C13A.D1 core/engine/retirec_1
CTOF_DEL    ---     0.495      R7C13A.D1 to      R7C13A.F1 core/engine/seq/SLICE_255
ROUTE        10     1.242      R7C13A.F1 to      R9C14B.C1 core/engine/seq/next_address_2_sqmuxa_1
CTOF_DEL    ---     0.495      R9C14B.C1 to      R9C14B.F1 core/engine/seq/SLICE_256
ROUTE         7     2.080      R9C14B.F1 to      R5C17A.D0 core/engine/seq/next_address_4_sqmuxa
CTOF_DEL    ---     0.495      R5C17A.D0 to      R5C17A.F0 core/engine/seq/SLICE_267
ROUTE         1     1.991      R5C17A.F0 to      R9C15B.D0 core/engine/seq/next_address_0_iv_3[3]
CTOF_DEL    ---     0.495      R9C15B.D0 to      R9C15B.F0 core/engine/seq/SLICE_262
ROUTE         1     1.023      R9C15B.F0 to      R9C13B.B1 core/engine/seq/next_address_0_iv_4[3]
CTOF_DEL    ---     0.495      R9C13B.B1 to      R9C13B.F1 core/engine/seq/SLICE_178
ROUTE         5     0.017      R9C13B.F1 to     R9C13B.DI1 core/engine/next_address[3] (to clk_c)
                  --------
                   17.405   (26.4% logic, 73.6% route), 8 logic levels.

Unconstrained Preference:
   INPUT_SETUP PORT "reset" CLKPORT "clk" 

Report:   17.508ns delay reset to core/engine/seq/SLICE_180 (17.342ns delay and 0.166ns setup)

   Name    Fanout   Delay (ns)          Site               Resource
PADI_DEL    ---     1.132          4.PAD to        4.PADDI reset
ROUTE       179     4.246        4.PADDI to      R4C11D.B1 reset_c
CTOF_DEL    ---     0.495      R4C11D.B1 to      R4C11D.F1 core/engine/SLICE_358
ROUTE         1     1.004      R4C11D.F1 to      R4C11C.B1 core/engine/un1_memory_op_1dupdup
CTOF_DEL    ---     0.495      R4C11C.B1 to      R4C11C.F1 core/engine/SLICE_377
ROUTE         9     1.205      R4C11C.F1 to      R7C13A.D1 core/engine/retirec_1
CTOF_DEL    ---     0.495      R7C13A.D1 to      R7C13A.F1 core/engine/seq/SLICE_255
ROUTE        10     1.242      R7C13A.F1 to      R9C14B.C1 core/engine/seq/next_address_2_sqmuxa_1
CTOF_DEL    ---     0.495      R9C14B.C1 to      R9C14B.F1 core/engine/seq/SLICE_256
ROUTE         7     2.277      R9C14B.F1 to      R4C16D.A0 core/engine/seq/next_address_4_sqmuxa
CTOF_DEL    ---     0.495      R4C16D.A0 to      R4C16D.F0 core/SLICE_271
ROUTE         1     1.476      R4C16D.F0 to      R8C14D.D0 core/engine/seq/next_address_0_iv_2[7]
CTOF_DEL    ---     0.495      R8C14D.D0 to      R8C14D.F0 core/engine/seq/SLICE_252
ROUTE         1     1.278      R8C14D.F0 to      R7C14D.C1 core/engine/seq/next_address_0_iv_5[7]
CTOF_DEL    ---     0.495      R7C14D.C1 to      R7C14D.F1 core/engine/seq/SLICE_180
ROUTE         5     0.017      R7C14D.F1 to     R7C14D.DI1 core/engine/next_address[7] (to clk_c)
                  --------
                   17.342   (26.5% logic, 73.5% route), 8 logic levels.

Unconstrained Preference:
   INPUT_SETUP PORT "reset" CLKPORT "clk" 

Report:   17.460ns delay reset to core/engine/rom/lane_0 (17.486ns delay and -0.026ns setup)

   Name    Fanout   Delay (ns)          Site               Resource
PADI_DEL    ---     1.132          4.PAD to        4.PADDI reset
ROUTE       179     4.246        4.PADDI to      R4C11D.B1 reset_c
CTOF_DEL    ---     0.495      R4C11D.B1 to      R4C11D.F1 core/engine/SLICE_358
ROUTE         1     1.004      R4C11D.F1 to      R4C11C.B1 core/engine/un1_memory_op_1dupdup
CTOF_DEL    ---     0.495      R4C11C.B1 to      R4C11C.F1 core/engine/SLICE_377
ROUTE         9     0.997      R4C11C.F1 to      R5C12D.D1 core/engine/retirec_1
CTOOFX_DEL  ---     0.721      R5C12D.D1 to    R5C12D.OFX0 core/engine/seq/predicates_pmux_6/SLICE_185
ROUTE         1     0.623    R5C12D.OFX0 to      R5C11B.D0 core/engine/seq/N_65
CTOF_DEL    ---     0.495      R5C11B.D0 to      R5C11B.F0 core/engine/seq/SLICE_265
ROUTE         2     1.180      R5C11B.F0 to      R9C11A.D1 core/engine/seq/condition
CTOOFX_DEL  ---     0.721      R9C11A.D1 to    R9C11A.OFX0 core/engine/seq/un1_next_address45_1[0]/SLICE_184
ROUTE         4     1.718    R9C11A.OFX0 to      R7C13A.C0 core/engine/seq/un1_next_address45_1[0]
CTOF_DEL    ---     0.495      R7C13A.C0 to      R7C13A.F0 core/engine/seq/SLICE_255
ROUTE         7     1.398      R7C13A.F0 to      R7C15A.B1 core/engine/seq/next_address_2_sqmuxa
CTOF_DEL    ---     0.495      R7C15A.B1 to      R7C15A.F1 core/engine/seq/SLICE_179
ROUTE         5     1.271      R7C15A.F1 to EBR_R6C14.ADA8 core/engine/next_address[5] (to clk_c)
                  --------
                   17.486   (28.9% logic, 71.1% route), 8 logic levels.

Unconstrained Preference:
   INPUT_SETUP PORT "reset" CLKPORT "clk" 

Report:   17.423ns delay reset to core/engine/rom/lane_0 (17.449ns delay and -0.026ns setup)

   Name    Fanout   Delay (ns)          Site               Resource
PADI_DEL    ---     1.132          4.PAD to        4.PADDI reset
ROUTE       179     4.246        4.PADDI to      R4C11D.B1 reset_c
CTOF_DEL    ---     0.495      R4C11D.B1 to      R4C11D.F1 core/engine/SLICE_358
ROUTE         1     1.004      R4C11D.F1 to      R4C11C.B1 core/engine/un1_memory_op_1dupdup
CTOF_DEL    ---     0.495      R4C11C.B1 to      R4C11C.F1 core/engine/SLICE_377
ROUTE         9     1.205      R4C11C.F1 to      R7C13B.D1 core/engine/retirec_1
CTOF_DEL    ---     0.495      R7C13B.D1 to      R7C13B.F1 core/engine/SLICE_275
ROUTE         2     0.445      R7C13B.F1 to      R7C13D.C1 core/engine/fault_redirectdup
CTOF_DEL    ---     0.495      R7C13D.C1 to      R7C13D.F1 core/engine/seq/SLICE_224
ROUTE        10     1.522      R7C13D.F1 to      R2C12A.D0 core/engine/seq/next_address_1_sqmuxa_1
CTOF_DEL    ---     0.495      R2C12A.D0 to      R2C12A.F0 core/engine/seq/SLICE_448
ROUTE         1     0.747      R2C12A.F0 to      R2C12C.C0 core/engine/seq/next_address_0_iv_0[6]
CTOF_DEL    ---     0.495      R2C12C.C0 to      R2C12C.F0 core/SLICE_270
ROUTE         1     1.173      R2C12C.F0 to      R8C14B.D0 core/engine/seq/next_address_0_iv_2[6]
CTOF_DEL    ---     0.495      R8C14B.D0 to      R8C14B.F0 core/engine/seq/SLICE_251
ROUTE         1     0.744      R8C14B.F0 to      R7C14D.C0 core/engine/seq/next_address_0_iv_5[6]
CTOF_DEL    ---     0.495      R7C14D.C0 to      R7C14D.F0 core/engine/seq/SLICE_180
ROUTE         5     1.271      R7C14D.F0 to EBR_R6C14.ADA9 core/engine/next_address[6] (to clk_c)
                  --------
                   17.449   (29.2% logic, 70.8% route), 9 logic levels.

Unconstrained Preference:
   INPUT_SETUP PORT "reset" CLKPORT "clk" 

Report:   17.385ns delay reset to core/engine/rom/lane_3 (17.411ns delay and -0.026ns setup)

   Name    Fanout   Delay (ns)          Site               Resource
PADI_DEL    ---     1.132          4.PAD to        4.PADDI reset
ROUTE       179     4.246        4.PADDI to      R4C11D.B1 reset_c
CTOF_DEL    ---     0.495      R4C11D.B1 to      R4C11D.F1 core/engine/SLICE_358
ROUTE         1     1.004      R4C11D.F1 to      R4C11C.B1 core/engine/un1_memory_op_1dupdup
CTOF_DEL    ---     0.495      R4C11C.B1 to      R4C11C.F1 core/engine/SLICE_377
ROUTE         9     1.205      R4C11C.F1 to      R7C13B.D1 core/engine/retirec_1
CTOF_DEL    ---     0.495      R7C13B.D1 to      R7C13B.F1 core/engine/SLICE_275
ROUTE         2     0.445      R7C13B.F1 to      R7C13D.C1 core/engine/fault_redirectdup
CTOF_DEL    ---     0.495      R7C13D.C1 to      R7C13D.F1 core/engine/seq/SLICE_224
ROUTE        10     1.515      R7C13D.F1 to      R9C12C.C1 core/engine/seq/next_address_1_sqmuxa_1
CTOF_DEL    ---     0.495      R9C12C.C1 to      R9C12C.F1 core/engine/seq/SLICE_263
ROUTE         1     0.436      R9C12C.F1 to      R9C12C.C0 core/engine/seq/next_address_1_iv_0[8]
CTOF_DEL    ---     0.495      R9C12C.C0 to      R9C12C.F0 core/engine/seq/SLICE_263
ROUTE         1     0.626      R9C12C.F0 to      R9C12A.D0 core/engine/seq/next_address_1_iv_2[8]
CTOF_DEL    ---     0.495      R9C12A.D0 to      R9C12A.F0 core/engine/seq/SLICE_260
ROUTE         1     1.079      R9C12A.F0 to      R8C14C.C0 core/engine/seq/next_address_1_iv_3[8]
CTOF_DEL    ---     0.495      R8C14C.C0 to      R8C14C.F0 core/engine/seq/SLICE_181
ROUTE         5     1.763      R8C14C.F0 to EBR_R6C7.ADA11 core/engine/next_address[8] (to clk_c)
                  --------
                   17.411   (29.2% logic, 70.8% route), 9 logic levels.

Unconstrained Preference:
   INPUT_SETUP PORT "reset" CLKPORT "clk" 

Report:   17.289ns delay reset to core/engine/rom/lane_1 (17.315ns delay and -0.026ns setup)

   Name    Fanout   Delay (ns)          Site               Resource
PADI_DEL    ---     1.132          4.PAD to        4.PADDI reset
ROUTE       179     4.246        4.PADDI to      R4C11D.B1 reset_c
CTOF_DEL    ---     0.495      R4C11D.B1 to      R4C11D.F1 core/engine/SLICE_358
ROUTE         1     1.004      R4C11D.F1 to      R4C11C.B1 core/engine/un1_memory_op_1dupdup
CTOF_DEL    ---     0.495      R4C11C.B1 to      R4C11C.F1 core/engine/SLICE_377
ROUTE         9     1.205      R4C11C.F1 to      R7C13B.D1 core/engine/retirec_1
CTOF_DEL    ---     0.495      R7C13B.D1 to      R7C13B.F1 core/engine/SLICE_275
ROUTE         2     0.445      R7C13B.F1 to      R7C13D.C1 core/engine/fault_redirectdup
CTOF_DEL    ---     0.495      R7C13D.C1 to      R7C13D.F1 core/engine/seq/SLICE_224
ROUTE        10     1.515      R7C13D.F1 to      R9C12C.C1 core/engine/seq/next_address_1_sqmuxa_1
CTOF_DEL    ---     0.495      R9C12C.C1 to      R9C12C.F1 core/engine/seq/SLICE_263
ROUTE         1     0.436      R9C12C.F1 to      R9C12C.C0 core/engine/seq/next_address_1_iv_0[8]
CTOF_DEL    ---     0.495      R9C12C.C0 to      R9C12C.F0 core/engine/seq/SLICE_263
ROUTE         1     0.626      R9C12C.F0 to      R9C12A.D0 core/engine/seq/next_address_1_iv_2[8]
CTOF_DEL    ---     0.495      R9C12A.D0 to      R9C12A.F0 core/engine/seq/SLICE_260
ROUTE         1     1.079      R9C12A.F0 to      R8C14C.C0 core/engine/seq/next_address_1_iv_3[8]
CTOF_DEL    ---     0.495      R8C14C.C0 to      R8C14C.F0 core/engine/seq/SLICE_181
ROUTE         5     1.667      R8C14C.F0 to *R_R6C10.ADA11 core/engine/next_address[8] (to clk_c)
                  --------
                   17.315   (29.4% logic, 70.6% route), 9 logic levels.

Unconstrained Preference:
   INPUT_SETUP PORT "reset" CLKPORT "clk" 

Report:   17.217ns delay reset to core/engine/rom/lane_3 (17.243ns delay and -0.026ns setup)

   Name    Fanout   Delay (ns)          Site               Resource
PADI_DEL    ---     1.132          4.PAD to        4.PADDI reset
ROUTE       179     4.246        4.PADDI to      R4C11D.B1 reset_c
CTOF_DEL    ---     0.495      R4C11D.B1 to      R4C11D.F1 core/engine/SLICE_358
ROUTE         1     1.004      R4C11D.F1 to      R4C11C.B1 core/engine/un1_memory_op_1dupdup
CTOF_DEL    ---     0.495      R4C11C.B1 to      R4C11C.F1 core/engine/SLICE_377
ROUTE         9     0.997      R4C11C.F1 to      R5C12D.D1 core/engine/retirec_1
CTOOFX_DEL  ---     0.721      R5C12D.D1 to    R5C12D.OFX0 core/engine/seq/predicates_pmux_6/SLICE_185
ROUTE         1     0.623    R5C12D.OFX0 to      R5C11B.D0 core/engine/seq/N_65
CTOF_DEL    ---     0.495      R5C11B.D0 to      R5C11B.F0 core/engine/seq/SLICE_265
ROUTE         2     1.180      R5C11B.F0 to      R9C11A.D1 core/engine/seq/condition
CTOOFX_DEL  ---     0.721      R9C11A.D1 to    R9C11A.OFX0 core/engine/seq/un1_next_address45_1[0]/SLICE_184
ROUTE         4     1.725    R9C11A.OFX0 to      R7C15C.C1 core/engine/seq/un1_next_address45_1[0]
CTOF_DEL    ---     0.495      R7C15C.C1 to      R7C15C.F1 core/engine/seq/SLICE_426
ROUTE         1     0.958      R7C15C.F1 to      R8C14C.D1 core/engine/seq/un1_upc_m[9]
CTOF_DEL    ---     0.495      R8C14C.D1 to      R8C14C.F1 core/engine/seq/SLICE_181
ROUTE         5     1.461      R8C14C.F1 to EBR_R6C7.ADA12 core/engine/next_address[9] (to clk_c)
                  --------
                   17.243   (29.3% logic, 70.7% route), 8 logic levels.

Unconstrained Preference:
   INPUT_SETUP PORT "reset" CLKPORT "clk" 

Report:   17.217ns delay reset to core/engine/rom/lane_1 (17.243ns delay and -0.026ns setup)

   Name    Fanout   Delay (ns)          Site               Resource
PADI_DEL    ---     1.132          4.PAD to        4.PADDI reset
ROUTE       179     4.246        4.PADDI to      R4C11D.B1 reset_c
CTOF_DEL    ---     0.495      R4C11D.B1 to      R4C11D.F1 core/engine/SLICE_358
ROUTE         1     1.004      R4C11D.F1 to      R4C11C.B1 core/engine/un1_memory_op_1dupdup
CTOF_DEL    ---     0.495      R4C11C.B1 to      R4C11C.F1 core/engine/SLICE_377
ROUTE         9     0.997      R4C11C.F1 to      R5C12D.D1 core/engine/retirec_1
CTOOFX_DEL  ---     0.721      R5C12D.D1 to    R5C12D.OFX0 core/engine/seq/predicates_pmux_6/SLICE_185
ROUTE         1     0.623    R5C12D.OFX0 to      R5C11B.D0 core/engine/seq/N_65
CTOF_DEL    ---     0.495      R5C11B.D0 to      R5C11B.F0 core/engine/seq/SLICE_265
ROUTE         2     1.180      R5C11B.F0 to      R9C11A.D1 core/engine/seq/condition
CTOOFX_DEL  ---     0.721      R9C11A.D1 to    R9C11A.OFX0 core/engine/seq/un1_next_address45_1[0]/SLICE_184
ROUTE         4     1.725    R9C11A.OFX0 to      R7C15C.C1 core/engine/seq/un1_next_address45_1[0]
CTOF_DEL    ---     0.495      R7C15C.C1 to      R7C15C.F1 core/engine/seq/SLICE_426
ROUTE         1     0.958      R7C15C.F1 to      R8C14C.D1 core/engine/seq/un1_upc_m[9]
CTOF_DEL    ---     0.495      R8C14C.D1 to      R8C14C.F1 core/engine/seq/SLICE_181
ROUTE         5     1.461      R8C14C.F1 to *R_R6C10.ADA12 core/engine/next_address[9] (to clk_c)
                  --------
                   17.243   (29.3% logic, 70.7% route), 8 logic levels.

Unconstrained Preference:
   INPUT_SETUP PORT "reset" CLKPORT "clk" 

Report:   17.096ns delay reset to core/engine/rom/lane_0 (17.122ns delay and -0.026ns setup)

   Name    Fanout   Delay (ns)          Site               Resource
PADI_DEL    ---     1.132          4.PAD to        4.PADDI reset
ROUTE       179     4.246        4.PADDI to      R4C11D.B1 reset_c
CTOF_DEL    ---     0.495      R4C11D.B1 to      R4C11D.F1 core/engine/SLICE_358
ROUTE         1     1.004      R4C11D.F1 to      R4C11C.B1 core/engine/un1_memory_op_1dupdup
CTOF_DEL    ---     0.495      R4C11C.B1 to      R4C11C.F1 core/engine/SLICE_377
ROUTE         9     0.997      R4C11C.F1 to      R5C12D.D1 core/engine/retirec_1
CTOOFX_DEL  ---     0.721      R5C12D.D1 to    R5C12D.OFX0 core/engine/seq/predicates_pmux_6/SLICE_185
ROUTE         1     0.623    R5C12D.OFX0 to      R5C11B.D0 core/engine/seq/N_65
CTOF_DEL    ---     0.495      R5C11B.D0 to      R5C11B.F0 core/engine/seq/SLICE_265
ROUTE         2     1.180      R5C11B.F0 to      R9C11A.D1 core/engine/seq/condition
CTOOFX_DEL  ---     0.721      R9C11A.D1 to    R9C11A.OFX0 core/engine/seq/un1_next_address45_1[0]/SLICE_184
ROUTE         4     1.725    R9C11A.OFX0 to      R7C15C.C1 core/engine/seq/un1_next_address45_1[0]
CTOF_DEL    ---     0.495      R7C15C.C1 to      R7C15C.F1 core/engine/seq/SLICE_426
ROUTE         1     0.958      R7C15C.F1 to      R8C14C.D1 core/engine/seq/un1_upc_m[9]
CTOF_DEL    ---     0.495      R8C14C.D1 to      R8C14C.F1 core/engine/seq/SLICE_181
ROUTE         5     1.340      R8C14C.F1 to *R_R6C14.ADA12 core/engine/next_address[9] (to clk_c)
                  --------
                   17.122   (29.5% logic, 70.5% route), 8 logic levels.

Unconstrained Preference:
   INPUT_SETUP PORT "reset" CLKPORT "clk" 

Report:   16.920ns delay reset to core/engine/rom/lane_0 (16.946ns delay and -0.026ns setup)

   Name    Fanout   Delay (ns)          Site               Resource
PADI_DEL    ---     1.132          4.PAD to        4.PADDI reset
ROUTE       179     4.246        4.PADDI to      R4C11D.B1 reset_c
CTOF_DEL    ---     0.495      R4C11D.B1 to      R4C11D.F1 core/engine/SLICE_358
ROUTE         1     1.004      R4C11D.F1 to      R4C11C.B1 core/engine/un1_memory_op_1dupdup
CTOF_DEL    ---     0.495      R4C11C.B1 to      R4C11C.F1 core/engine/SLICE_377
ROUTE         9     1.205      R4C11C.F1 to      R7C13B.D1 core/engine/retirec_1
CTOF_DEL    ---     0.495      R7C13B.D1 to      R7C13B.F1 core/engine/SLICE_275
ROUTE         2     0.445      R7C13B.F1 to      R7C13D.C1 core/engine/fault_redirectdup
CTOF_DEL    ---     0.495      R7C13D.C1 to      R7C13D.F1 core/engine/seq/SLICE_224
ROUTE        10     1.066      R7C13D.F1 to      R7C14A.B1 core/engine/seq/next_address_1_sqmuxa_1
CTOF_DEL    ---     0.495      R7C14A.B1 to      R7C14A.F1 core/engine/seq/SLICE_274
ROUTE         1     0.693      R7C14A.F1 to      R7C14A.B0 core/engine/seq/uword_i_m[11]
CTOF_DEL    ---     0.495      R7C14A.B0 to      R7C14A.F0 core/engine/seq/SLICE_274
ROUTE         1     1.336      R7C14A.F0 to      R7C16C.B0 core/engine/seq/next_address_0_iv_1[0]
CTOF_DEL    ---     0.495      R7C16C.B0 to      R7C16C.F0 core/engine/seq/SLICE_261
ROUTE         1     0.986      R7C16C.F0 to      R7C14C.A0 core/engine/seq/next_address_0_iv_5[0]
CTOF_DEL    ---     0.495      R7C14C.A0 to      R7C14C.F0 core/engine/seq/SLICE_177
ROUTE         5     0.873      R7C14C.F0 to EBR_R6C14.ADA3 core/engine/next_address_0_iv_i[0] (to clk_c)
                  --------
                   16.946   (30.0% logic, 70.0% route), 9 logic levels.

Unconstrained Preference:
   INPUT_SETUP PORT "reset" CLKPORT "clk" 

Report:   16.850ns delay reset to core/engine/seq/SLICE_178 (16.684ns delay and 0.166ns setup)

   Name    Fanout   Delay (ns)          Site               Resource
PADI_DEL    ---     1.132          4.PAD to        4.PADDI reset
ROUTE       179     4.246        4.PADDI to      R4C11D.B1 reset_c
CTOF_DEL    ---     0.495      R4C11D.B1 to      R4C11D.F1 core/engine/SLICE_358
ROUTE         1     1.004      R4C11D.F1 to      R4C11C.B1 core/engine/un1_memory_op_1dupdup
CTOF_DEL    ---     0.495      R4C11C.B1 to      R4C11C.F1 core/engine/SLICE_377
ROUTE         9     1.205      R4C11C.F1 to      R7C13B.D1 core/engine/retirec_1
CTOF_DEL    ---     0.495      R7C13B.D1 to      R7C13B.F1 core/engine/SLICE_275
ROUTE         2     0.445      R7C13B.F1 to      R7C13D.C1 core/engine/fault_redirectdup
CTOF_DEL    ---     0.495      R7C13D.C1 to      R7C13D.F1 core/engine/seq/SLICE_224
ROUTE        10     1.319      R7C13D.F1 to      R2C13D.C1 core/engine/seq/next_address_1_sqmuxa_1
CTOF_DEL    ---     0.495      R2C13D.C1 to      R2C13D.F1 core/engine/seq/SLICE_273
ROUTE         1     0.436      R2C13D.F1 to      R2C13D.C0 core/engine/seq/uword_i_m[13]
CTOF_DEL    ---     0.495      R2C13D.C0 to      R2C13D.F0 core/engine/seq/SLICE_273
ROUTE         1     0.626      R2C13D.F0 to      R2C13A.D0 core/engine/seq/next_address_0_iv_1[2]
CTOF_DEL    ---     0.495      R2C13A.D0 to      R2C13A.F0 core/engine/seq/SLICE_268
ROUTE         1     1.173      R2C13A.F0 to      R9C13D.D0 core/engine/seq/next_address_0_iv_2[2]
CTOF_DEL    ---     0.495      R9C13D.D0 to      R9C13D.F0 core/engine/seq/SLICE_259
ROUTE         1     0.626      R9C13D.F0 to      R9C13B.D0 core/engine/seq/next_address_0_iv_5[2]
CTOF_DEL    ---     0.495      R9C13B.D0 to      R9C13B.F0 core/engine/seq/SLICE_178
ROUTE         5     0.017      R9C13B.F0 to     R9C13B.DI0 core/engine/next_address_0_iv_i[2] (to clk_c)
                  --------
                   16.684   (33.5% logic, 66.5% route), 10 logic levels.

Unconstrained Preference:
   INPUT_SETUP PORT "reset" CLKPORT "clk" 

Report:   16.635ns delay reset to core/engine/rom/lane_0 (16.661ns delay and -0.026ns setup)

   Name    Fanout   Delay (ns)          Site               Resource
PADI_DEL    ---     1.132          4.PAD to        4.PADDI reset
ROUTE       179     4.246        4.PADDI to      R4C11D.B1 reset_c
CTOF_DEL    ---     0.495      R4C11D.B1 to      R4C11D.F1 core/engine/SLICE_358
ROUTE         1     1.004      R4C11D.F1 to      R4C11C.B1 core/engine/un1_memory_op_1dupdup
CTOF_DEL    ---     0.495      R4C11C.B1 to      R4C11C.F1 core/engine/SLICE_377
ROUTE         9     0.997      R4C11C.F1 to      R5C12D.D1 core/engine/retirec_1
CTOOFX_DEL  ---     0.721      R5C12D.D1 to    R5C12D.OFX0 core/engine/seq/predicates_pmux_6/SLICE_185
ROUTE         1     0.623    R5C12D.OFX0 to      R5C11B.D0 core/engine/seq/N_65
CTOF_DEL    ---     0.495      R5C11B.D0 to      R5C11B.F0 core/engine/seq/SLICE_265
ROUTE         2     1.180      R5C11B.F0 to      R9C11A.D1 core/engine/seq/condition
CTOOFX_DEL  ---     0.721      R9C11A.D1 to    R9C11A.OFX0 core/engine/seq/un1_next_address45_1[0]/SLICE_184
ROUTE         4     1.725    R9C11A.OFX0 to      R7C15C.C0 core/engine/seq/un1_next_address45_1[0]
CTOF_DEL    ---     0.495      R7C15C.C0 to      R7C15C.F0 core/engine/seq/SLICE_426
ROUTE         1     0.967      R7C15C.F0 to      R7C15A.A0 core/engine/seq/un1_upc_i_m[4]
CTOF_DEL    ---     0.495      R7C15A.A0 to      R7C15A.F0 core/engine/seq/SLICE_179
ROUTE         5     0.870      R7C15A.F0 to EBR_R6C14.ADA7 core/engine/next_address_0_iv_i[4] (to clk_c)
                  --------
                   16.661   (30.3% logic, 69.7% route), 8 logic levels.

Unconstrained Preference:
   INPUT_SETUP PORT "reset" CLKPORT "clk" 

Report:   16.406ns delay reset to core/engine/seq/SLICE_179 (16.240ns delay and 0.166ns setup)

   Name    Fanout   Delay (ns)          Site               Resource
PADI_DEL    ---     1.132          4.PAD to        4.PADDI reset
ROUTE       179     4.246        4.PADDI to      R4C11D.B1 reset_c
CTOF_DEL    ---     0.495      R4C11D.B1 to      R4C11D.F1 core/engine/SLICE_358
ROUTE         1     1.004      R4C11D.F1 to      R4C11C.B1 core/engine/un1_memory_op_1dupdup
CTOF_DEL    ---     0.495      R4C11C.B1 to      R4C11C.F1 core/engine/SLICE_377
ROUTE         9     0.997      R4C11C.F1 to      R5C12D.D1 core/engine/retirec_1
CTOOFX_DEL  ---     0.721      R5C12D.D1 to    R5C12D.OFX0 core/engine/seq/predicates_pmux_6/SLICE_185
ROUTE         1     0.623    R5C12D.OFX0 to      R5C11B.D0 core/engine/seq/N_65
CTOF_DEL    ---     0.495      R5C11B.D0 to      R5C11B.F0 core/engine/seq/SLICE_265
ROUTE         2     1.180      R5C11B.F0 to      R9C11A.D1 core/engine/seq/condition
CTOOFX_DEL  ---     0.721      R9C11A.D1 to    R9C11A.OFX0 core/engine/seq/un1_next_address45_1[0]/SLICE_184
ROUTE         4     1.718    R9C11A.OFX0 to      R7C13A.C0 core/engine/seq/un1_next_address45_1[0]
CTOF_DEL    ---     0.495      R7C13A.C0 to      R7C13A.F0 core/engine/seq/SLICE_255
ROUTE         7     1.398      R7C13A.F0 to      R7C15A.B1 core/engine/seq/next_address_2_sqmuxa
CTOF_DEL    ---     0.495      R7C15A.B1 to      R7C15A.F1 core/engine/seq/SLICE_179
ROUTE         5     0.025      R7C15A.F1 to     R7C15A.DI1 core/engine/next_address[5] (to clk_c)
                  --------
                   16.240   (31.1% logic, 68.9% route), 8 logic levels.

Unconstrained Preference:
   INPUT_SETUP PORT "reset" CLKPORT "clk" 

Report:   16.369ns delay reset to core/engine/seq/SLICE_180 (16.203ns delay and 0.166ns setup)

   Name    Fanout   Delay (ns)          Site               Resource
PADI_DEL    ---     1.132          4.PAD to        4.PADDI reset
ROUTE       179     4.246        4.PADDI to      R4C11D.B1 reset_c
CTOF_DEL    ---     0.495      R4C11D.B1 to      R4C11D.F1 core/engine/SLICE_358
ROUTE         1     1.004      R4C11D.F1 to      R4C11C.B1 core/engine/un1_memory_op_1dupdup
CTOF_DEL    ---     0.495      R4C11C.B1 to      R4C11C.F1 core/engine/SLICE_377
ROUTE         9     1.205      R4C11C.F1 to      R7C13B.D1 core/engine/retirec_1
CTOF_DEL    ---     0.495      R7C13B.D1 to      R7C13B.F1 core/engine/SLICE_275
ROUTE         2     0.445      R7C13B.F1 to      R7C13D.C1 core/engine/fault_redirectdup
CTOF_DEL    ---     0.495      R7C13D.C1 to      R7C13D.F1 core/engine/seq/SLICE_224
ROUTE        10     1.522      R7C13D.F1 to      R2C12A.D0 core/engine/seq/next_address_1_sqmuxa_1
CTOF_DEL    ---     0.495      R2C12A.D0 to      R2C12A.F0 core/engine/seq/SLICE_448
ROUTE         1     0.747      R2C12A.F0 to      R2C12C.C0 core/engine/seq/next_address_0_iv_0[6]
CTOF_DEL    ---     0.495      R2C12C.C0 to      R2C12C.F0 core/SLICE_270
ROUTE         1     1.173      R2C12C.F0 to      R8C14B.D0 core/engine/seq/next_address_0_iv_2[6]
CTOF_DEL    ---     0.495      R8C14B.D0 to      R8C14B.F0 core/engine/seq/SLICE_251
ROUTE         1     0.744      R8C14B.F0 to      R7C14D.C0 core/engine/seq/next_address_0_iv_5[6]
CTOF_DEL    ---     0.495      R7C14D.C0 to      R7C14D.F0 core/engine/seq/SLICE_180
ROUTE         5     0.025      R7C14D.F0 to     R7C14D.DI0 core/engine/next_address[6] (to clk_c)
                  --------
                   16.203   (31.4% logic, 68.6% route), 9 logic levels.

Unconstrained Preference:
   INPUT_SETUP PORT "reset" CLKPORT "clk" 

Report:   16.336ns delay reset to core/engine/seq/SLICE_177 (16.170ns delay and 0.166ns setup)

   Name    Fanout   Delay (ns)          Site               Resource
PADI_DEL    ---     1.132          4.PAD to        4.PADDI reset
ROUTE       179     4.246        4.PADDI to      R4C11D.B1 reset_c
CTOF_DEL    ---     0.495      R4C11D.B1 to      R4C11D.F1 core/engine/SLICE_358
ROUTE         1     1.004      R4C11D.F1 to      R4C11C.B1 core/engine/un1_memory_op_1dupdup
CTOF_DEL    ---     0.495      R4C11C.B1 to      R4C11C.F1 core/engine/SLICE_377
ROUTE         9     0.997      R4C11C.F1 to      R5C12D.D1 core/engine/retirec_1
CTOOFX_DEL  ---     0.721      R5C12D.D1 to    R5C12D.OFX0 core/engine/seq/predicates_pmux_6/SLICE_185
ROUTE         1     0.623    R5C12D.OFX0 to      R5C11B.D0 core/engine/seq/N_65
CTOF_DEL    ---     0.495      R5C11B.D0 to      R5C11B.F0 core/engine/seq/SLICE_265
ROUTE         2     1.180      R5C11B.F0 to     R10C11A.D1 core/engine/seq/condition
CTOF_DEL    ---     0.495     R10C11A.D1 to     R10C11A.F1 core/engine/seq/SLICE_243
ROUTE         1     0.766     R10C11A.F1 to     R10C13A.C1 core/engine/seq/un1_next_address33
CTOF_DEL    ---     0.495     R10C13A.C1 to     R10C13A.F1 core/engine/seq/SLICE_250
ROUTE        10     1.005     R10C13A.F1 to      R8C13C.D0 core/engine/seq/next_address_3_sqmuxa
CTOF_DEL    ---     0.495      R8C13C.D0 to      R8C13C.F0 core/engine/seq/SLICE_253
ROUTE         1     1.022      R8C13C.F0 to      R7C14C.D1 core/engine/seq/next_address_2_m[1]
CTOF_DEL    ---     0.495      R7C14C.D1 to      R7C14C.F1 core/engine/seq/SLICE_177
ROUTE         5     0.009      R7C14C.F1 to     R7C14C.DI1 core/engine/next_address[1] (to clk_c)
                  --------
                   16.170   (32.9% logic, 67.1% route), 9 logic levels.

Unconstrained Preference:
   INPUT_SETUP PORT "reset" CLKPORT "clk" 

Report:   16.256ns delay reset to core/engine/seq/SLICE_177 (16.090ns delay and 0.166ns setup)

   Name    Fanout   Delay (ns)          Site               Resource
PADI_DEL    ---     1.132          4.PAD to        4.PADDI reset
ROUTE       179     4.246        4.PADDI to      R4C11D.B1 reset_c
CTOF_DEL    ---     0.495      R4C11D.B1 to      R4C11D.F1 core/engine/SLICE_358
ROUTE         1     1.004      R4C11D.F1 to      R4C11C.B1 core/engine/un1_memory_op_1dupdup
CTOF_DEL    ---     0.495      R4C11C.B1 to      R4C11C.F1 core/engine/SLICE_377
ROUTE         9     1.205      R4C11C.F1 to      R7C13B.D1 core/engine/retirec_1
CTOF_DEL    ---     0.495      R7C13B.D1 to      R7C13B.F1 core/engine/SLICE_275
ROUTE         2     0.445      R7C13B.F1 to      R7C13D.C1 core/engine/fault_redirectdup
CTOF_DEL    ---     0.495      R7C13D.C1 to      R7C13D.F1 core/engine/seq/SLICE_224
ROUTE        10     1.066      R7C13D.F1 to      R7C14A.B1 core/engine/seq/next_address_1_sqmuxa_1
CTOF_DEL    ---     0.495      R7C14A.B1 to      R7C14A.F1 core/engine/seq/SLICE_274
ROUTE         1     0.693      R7C14A.F1 to      R7C14A.B0 core/engine/seq/uword_i_m[11]
CTOF_DEL    ---     0.495      R7C14A.B0 to      R7C14A.F0 core/engine/seq/SLICE_274
ROUTE         1     1.336      R7C14A.F0 to      R7C16C.B0 core/engine/seq/next_address_0_iv_1[0]
CTOF_DEL    ---     0.495      R7C16C.B0 to      R7C16C.F0 core/engine/seq/SLICE_261
ROUTE         1     0.986      R7C16C.F0 to      R7C14C.A0 core/engine/seq/next_address_0_iv_5[0]
CTOF_DEL    ---     0.495      R7C14C.A0 to      R7C14C.F0 core/engine/seq/SLICE_177
ROUTE         5     0.017      R7C14C.F0 to     R7C14C.DI0 core/engine/next_address_0_iv_i[0] (to clk_c)
                  --------
                   16.090   (31.6% logic, 68.4% route), 9 logic levels.

Unconstrained Preference:
   INPUT_SETUP PORT "reset" CLKPORT "clk" 

Report:   15.974ns delay reset to core/engine/seq/SLICE_179 (15.808ns delay and 0.166ns setup)

   Name    Fanout   Delay (ns)          Site               Resource
PADI_DEL    ---     1.132          4.PAD to        4.PADDI reset
ROUTE       179     4.246        4.PADDI to      R4C11D.B1 reset_c
CTOF_DEL    ---     0.495      R4C11D.B1 to      R4C11D.F1 core/engine/SLICE_358
ROUTE         1     1.004      R4C11D.F1 to      R4C11C.B1 core/engine/un1_memory_op_1dupdup
CTOF_DEL    ---     0.495      R4C11C.B1 to      R4C11C.F1 core/engine/SLICE_377
ROUTE         9     0.997      R4C11C.F1 to      R5C12D.D1 core/engine/retirec_1
CTOOFX_DEL  ---     0.721      R5C12D.D1 to    R5C12D.OFX0 core/engine/seq/predicates_pmux_6/SLICE_185
ROUTE         1     0.623    R5C12D.OFX0 to      R5C11B.D0 core/engine/seq/N_65
CTOF_DEL    ---     0.495      R5C11B.D0 to      R5C11B.F0 core/engine/seq/SLICE_265
ROUTE         2     1.180      R5C11B.F0 to      R9C11A.D1 core/engine/seq/condition
CTOOFX_DEL  ---     0.721      R9C11A.D1 to    R9C11A.OFX0 core/engine/seq/un1_next_address45_1[0]/SLICE_184
ROUTE         4     1.725    R9C11A.OFX0 to      R7C15C.C0 core/engine/seq/un1_next_address45_1[0]
CTOF_DEL    ---     0.495      R7C15C.C0 to      R7C15C.F0 core/engine/seq/SLICE_426
ROUTE         1     0.967      R7C15C.F0 to      R7C15A.A0 core/engine/seq/un1_upc_i_m[4]
CTOF_DEL    ---     0.495      R7C15A.A0 to      R7C15A.F0 core/engine/seq/SLICE_179
ROUTE         5     0.017      R7C15A.F0 to     R7C15A.DI0 core/engine/next_address_0_iv_i[4] (to clk_c)
                  --------
                   15.808   (31.9% logic, 68.1% route), 8 logic levels.

Unconstrained Preference:
   INPUT_SETUP PORT "reset" CLKPORT "clk" 

Report:   15.965ns delay reset to core/engine/seq/SLICE_181 (15.799ns delay and 0.166ns setup)

   Name    Fanout   Delay (ns)          Site               Resource
PADI_DEL    ---     1.132          4.PAD to        4.PADDI reset
ROUTE       179     4.246        4.PADDI to      R4C11D.B1 reset_c
CTOF_DEL    ---     0.495      R4C11D.B1 to      R4C11D.F1 core/engine/SLICE_358
ROUTE         1     1.004      R4C11D.F1 to      R4C11C.B1 core/engine/un1_memory_op_1dupdup
CTOF_DEL    ---     0.495      R4C11C.B1 to      R4C11C.F1 core/engine/SLICE_377
ROUTE         9     0.997      R4C11C.F1 to      R5C12D.D1 core/engine/retirec_1
CTOOFX_DEL  ---     0.721      R5C12D.D1 to    R5C12D.OFX0 core/engine/seq/predicates_pmux_6/SLICE_185
ROUTE         1     0.623    R5C12D.OFX0 to      R5C11B.D0 core/engine/seq/N_65
CTOF_DEL    ---     0.495      R5C11B.D0 to      R5C11B.F0 core/engine/seq/SLICE_265
ROUTE         2     1.180      R5C11B.F0 to      R9C11A.D1 core/engine/seq/condition
CTOOFX_DEL  ---     0.721      R9C11A.D1 to    R9C11A.OFX0 core/engine/seq/un1_next_address45_1[0]/SLICE_184
ROUTE         4     1.725    R9C11A.OFX0 to      R7C15C.C1 core/engine/seq/un1_next_address45_1[0]
CTOF_DEL    ---     0.495      R7C15C.C1 to      R7C15C.F1 core/engine/seq/SLICE_426
ROUTE         1     0.958      R7C15C.F1 to      R8C14C.D1 core/engine/seq/un1_upc_m[9]
CTOF_DEL    ---     0.495      R8C14C.D1 to      R8C14C.F1 core/engine/seq/SLICE_181
ROUTE         5     0.017      R8C14C.F1 to     R8C14C.DI1 core/engine/next_address[9] (to clk_c)
                  --------
                   15.799   (32.0% logic, 68.0% route), 8 logic levels.

Unconstrained Preference:
   INPUT_SETUP PORT "reset" CLKPORT "clk" 

Report:   15.831ns delay reset to core/engine/seq/SLICE_181 (15.665ns delay and 0.166ns setup)

   Name    Fanout   Delay (ns)          Site               Resource
PADI_DEL    ---     1.132          4.PAD to        4.PADDI reset
ROUTE       179     4.246        4.PADDI to      R4C11D.B1 reset_c
CTOF_DEL    ---     0.495      R4C11D.B1 to      R4C11D.F1 core/engine/SLICE_358
ROUTE         1     1.004      R4C11D.F1 to      R4C11C.B1 core/engine/un1_memory_op_1dupdup
CTOF_DEL    ---     0.495      R4C11C.B1 to      R4C11C.F1 core/engine/SLICE_377
ROUTE         9     1.205      R4C11C.F1 to      R7C13B.D1 core/engine/retirec_1
CTOF_DEL    ---     0.495      R7C13B.D1 to      R7C13B.F1 core/engine/SLICE_275
ROUTE         2     0.445      R7C13B.F1 to      R7C13D.C1 core/engine/fault_redirectdup
CTOF_DEL    ---     0.495      R7C13D.C1 to      R7C13D.F1 core/engine/seq/SLICE_224
ROUTE        10     1.515      R7C13D.F1 to      R9C12C.C1 core/engine/seq/next_address_1_sqmuxa_1
CTOF_DEL    ---     0.495      R9C12C.C1 to      R9C12C.F1 core/engine/seq/SLICE_263
ROUTE         1     0.436      R9C12C.F1 to      R9C12C.C0 core/engine/seq/next_address_1_iv_0[8]
CTOF_DEL    ---     0.495      R9C12C.C0 to      R9C12C.F0 core/engine/seq/SLICE_263
ROUTE         1     0.626      R9C12C.F0 to      R9C12A.D0 core/engine/seq/next_address_1_iv_2[8]
CTOF_DEL    ---     0.495      R9C12A.D0 to      R9C12A.F0 core/engine/seq/SLICE_260
ROUTE         1     1.079      R9C12A.F0 to      R8C14C.C0 core/engine/seq/next_address_1_iv_3[8]
CTOF_DEL    ---     0.495      R8C14C.C0 to      R8C14C.F0 core/engine/seq/SLICE_181
ROUTE         5     0.017      R8C14C.F0 to     R8C14C.DI0 core/engine/next_address[8] (to clk_c)
                  --------
                   15.665   (32.5% logic, 67.5% route), 9 logic levels.

Unconstrained Preference:
   INPUT_SETUP PORT "reset" CLKPORT "clk" 

Report:   15.104ns delay reset to SLICE_28 (14.996ns delay and 0.108ns setup)

   Name    Fanout   Delay (ns)          Site               Resource
PADI_DEL    ---     1.132          4.PAD to        4.PADDI reset
ROUTE       179     4.246        4.PADDI to      R4C11D.B1 reset_c
CTOF_DEL    ---     0.495      R4C11D.B1 to      R4C11D.F1 core/engine/SLICE_358
ROUTE         1     1.004      R4C11D.F1 to      R4C11C.B1 core/engine/un1_memory_op_1dupdup
CTOF_DEL    ---     0.495      R4C11C.B1 to      R4C11C.F1 core/engine/SLICE_377
ROUTE         9     1.655      R4C11C.F1 to      R7C11C.C0 core/engine/retirec_1
CTOF_DEL    ---     0.495      R7C11C.C0 to      R7C11C.F0 core/engine/SLICE_221
ROUTE         7     1.498      R7C11C.F0 to      R5C10B.D0 core/engine/stepdupdup
CTOF_DEL    ---     0.495      R5C10B.D0 to      R5C10B.F0 core/engine/dp/SLICE_232
ROUTE        16     3.481      R5C10B.F0 to      R8C5A.WRE core/engine/dp/rf_writedup (to clk_c)
                  --------
                   14.996   (20.8% logic, 79.2% route), 5 logic levels.

Unconstrained Preference:
   INPUT_SETUP PORT "reset" CLKPORT "clk" 

Report:   15.104ns delay reset to SLICE_29 (14.996ns delay and 0.108ns setup)

   Name    Fanout   Delay (ns)          Site               Resource
PADI_DEL    ---     1.132          4.PAD to        4.PADDI reset
ROUTE       179     4.246        4.PADDI to      R4C11D.B1 reset_c
CTOF_DEL    ---     0.495      R4C11D.B1 to      R4C11D.F1 core/engine/SLICE_358
ROUTE         1     1.004      R4C11D.F1 to      R4C11C.B1 core/engine/un1_memory_op_1dupdup
CTOF_DEL    ---     0.495      R4C11C.B1 to      R4C11C.F1 core/engine/SLICE_377
ROUTE         9     1.655      R4C11C.F1 to      R7C11C.C0 core/engine/retirec_1
CTOF_DEL    ---     0.495      R7C11C.C0 to      R7C11C.F0 core/engine/SLICE_221
ROUTE         7     1.498      R7C11C.F0 to      R5C10B.D0 core/engine/stepdupdup
CTOF_DEL    ---     0.495      R5C10B.D0 to      R5C10B.F0 core/engine/dp/SLICE_232
ROUTE        16     3.481      R5C10B.F0 to      R8C5B.WRE core/engine/dp/rf_writedup (to clk_c)
                  --------
                   14.996   (20.8% logic, 79.2% route), 5 logic levels.

Unconstrained Preference:
   INPUT_SETUP PORT "reset" CLKPORT "clk" 

Report:   14.677ns delay reset to SLICE_19 (14.569ns delay and 0.108ns setup)

   Name    Fanout   Delay (ns)          Site               Resource
PADI_DEL    ---     1.132          4.PAD to        4.PADDI reset
ROUTE       179     4.246        4.PADDI to      R4C11D.B1 reset_c
CTOF_DEL    ---     0.495      R4C11D.B1 to      R4C11D.F1 core/engine/SLICE_358
ROUTE         1     1.004      R4C11D.F1 to      R4C11C.B1 core/engine/un1_memory_op_1dupdup
CTOF_DEL    ---     0.495      R4C11C.B1 to      R4C11C.F1 core/engine/SLICE_377
ROUTE         9     1.655      R4C11C.F1 to      R7C11C.C0 core/engine/retirec_1
CTOF_DEL    ---     0.495      R7C11C.C0 to      R7C11C.F0 core/engine/SLICE_221
ROUTE         7     1.498      R7C11C.F0 to      R5C10B.D0 core/engine/stepdupdup
CTOF_DEL    ---     0.495      R5C10B.D0 to      R5C10B.F0 core/engine/dp/SLICE_232
ROUTE        16     3.054      R5C10B.F0 to     R10C3A.WRE core/engine/dp/rf_writedup (to clk_c)
                  --------
                   14.569   (21.4% logic, 78.6% route), 5 logic levels.

Unconstrained Preference:
   INPUT_SETUP PORT "reset" CLKPORT "clk" 

Report:   14.677ns delay reset to SLICE_20 (14.569ns delay and 0.108ns setup)

   Name    Fanout   Delay (ns)          Site               Resource
PADI_DEL    ---     1.132          4.PAD to        4.PADDI reset
ROUTE       179     4.246        4.PADDI to      R4C11D.B1 reset_c
CTOF_DEL    ---     0.495      R4C11D.B1 to      R4C11D.F1 core/engine/SLICE_358
ROUTE         1     1.004      R4C11D.F1 to      R4C11C.B1 core/engine/un1_memory_op_1dupdup
CTOF_DEL    ---     0.495      R4C11C.B1 to      R4C11C.F1 core/engine/SLICE_377
ROUTE         9     1.655      R4C11C.F1 to      R7C11C.C0 core/engine/retirec_1
CTOF_DEL    ---     0.495      R7C11C.C0 to      R7C11C.F0 core/engine/SLICE_221
ROUTE         7     1.498      R7C11C.F0 to      R5C10B.D0 core/engine/stepdupdup
CTOF_DEL    ---     0.495      R5C10B.D0 to      R5C10B.F0 core/engine/dp/SLICE_232
ROUTE        16     3.054      R5C10B.F0 to     R10C3B.WRE core/engine/dp/rf_writedup (to clk_c)
                  --------
                   14.569   (21.4% logic, 78.6% route), 5 logic levels.

Unconstrained Preference:
   INPUT_SETUP PORT "reset" CLKPORT "clk" 

Report:   14.567ns delay reset to SLICE_37 (14.459ns delay and 0.108ns setup)

   Name    Fanout   Delay (ns)          Site               Resource
PADI_DEL    ---     1.132          4.PAD to        4.PADDI reset
ROUTE       179     4.246        4.PADDI to      R4C11D.B1 reset_c
CTOF_DEL    ---     0.495      R4C11D.B1 to      R4C11D.F1 core/engine/SLICE_358
ROUTE         1     1.004      R4C11D.F1 to      R4C11C.B1 core/engine/un1_memory_op_1dupdup
CTOF_DEL    ---     0.495      R4C11C.B1 to      R4C11C.F1 core/engine/SLICE_377
ROUTE         9     1.655      R4C11C.F1 to      R7C11C.C0 core/engine/retirec_1
CTOF_DEL    ---     0.495      R7C11C.C0 to      R7C11C.F0 core/engine/SLICE_221
ROUTE         7     1.498      R7C11C.F0 to      R5C10B.D0 core/engine/stepdupdup
CTOF_DEL    ---     0.495      R5C10B.D0 to      R5C10B.F0 core/engine/dp/SLICE_232
ROUTE        16     2.944      R5C10B.F0 to      R7C5A.WRE core/engine/dp/rf_writedup (to clk_c)
                  --------
                   14.459   (21.5% logic, 78.5% route), 5 logic levels.

Unconstrained Preference:
   INPUT_SETUP PORT "reset" CLKPORT "clk" 

Report:   14.567ns delay reset to SLICE_38 (14.459ns delay and 0.108ns setup)

   Name    Fanout   Delay (ns)          Site               Resource
PADI_DEL    ---     1.132          4.PAD to        4.PADDI reset
ROUTE       179     4.246        4.PADDI to      R4C11D.B1 reset_c
CTOF_DEL    ---     0.495      R4C11D.B1 to      R4C11D.F1 core/engine/SLICE_358
ROUTE         1     1.004      R4C11D.F1 to      R4C11C.B1 core/engine/un1_memory_op_1dupdup
CTOF_DEL    ---     0.495      R4C11C.B1 to      R4C11C.F1 core/engine/SLICE_377
ROUTE         9     1.655      R4C11C.F1 to      R7C11C.C0 core/engine/retirec_1
CTOF_DEL    ---     0.495      R7C11C.C0 to      R7C11C.F0 core/engine/SLICE_221
ROUTE         7     1.498      R7C11C.F0 to      R5C10B.D0 core/engine/stepdupdup
CTOF_DEL    ---     0.495      R5C10B.D0 to      R5C10B.F0 core/engine/dp/SLICE_232
ROUTE        16     2.944      R5C10B.F0 to      R7C5B.WRE core/engine/dp/rf_writedup (to clk_c)
                  --------
                   14.459   (21.5% logic, 78.5% route), 5 logic levels.

Unconstrained Preference:
   INPUT_SETUP PORT "reset" CLKPORT "clk" 

Report:   14.462ns delay reset to SLICE_34 (14.354ns delay and 0.108ns setup)

   Name    Fanout   Delay (ns)          Site               Resource
PADI_DEL    ---     1.132          4.PAD to        4.PADDI reset
ROUTE       179     4.246        4.PADDI to      R4C11D.B1 reset_c
CTOF_DEL    ---     0.495      R4C11D.B1 to      R4C11D.F1 core/engine/SLICE_358
ROUTE         1     1.004      R4C11D.F1 to      R4C11C.B1 core/engine/un1_memory_op_1dupdup
CTOF_DEL    ---     0.495      R4C11C.B1 to      R4C11C.F1 core/engine/SLICE_377
ROUTE         9     1.655      R4C11C.F1 to      R7C11C.C0 core/engine/retirec_1
CTOF_DEL    ---     0.495      R7C11C.C0 to      R7C11C.F0 core/engine/SLICE_221
ROUTE         7     1.498      R7C11C.F0 to      R5C10B.D0 core/engine/stepdupdup
CTOF_DEL    ---     0.495      R5C10B.D0 to      R5C10B.F0 core/engine/dp/SLICE_232
ROUTE        16     2.839      R5C10B.F0 to      R2C5A.WRE core/engine/dp/rf_writedup (to clk_c)
                  --------
                   14.354   (21.7% logic, 78.3% route), 5 logic levels.

Unconstrained Preference:
   INPUT_SETUP PORT "reset" CLKPORT "clk" 

Report:   14.462ns delay reset to SLICE_35 (14.354ns delay and 0.108ns setup)

   Name    Fanout   Delay (ns)          Site               Resource
PADI_DEL    ---     1.132          4.PAD to        4.PADDI reset
ROUTE       179     4.246        4.PADDI to      R4C11D.B1 reset_c
CTOF_DEL    ---     0.495      R4C11D.B1 to      R4C11D.F1 core/engine/SLICE_358
ROUTE         1     1.004      R4C11D.F1 to      R4C11C.B1 core/engine/un1_memory_op_1dupdup
CTOF_DEL    ---     0.495      R4C11C.B1 to      R4C11C.F1 core/engine/SLICE_377
ROUTE         9     1.655      R4C11C.F1 to      R7C11C.C0 core/engine/retirec_1
CTOF_DEL    ---     0.495      R7C11C.C0 to      R7C11C.F0 core/engine/SLICE_221
ROUTE         7     1.498      R7C11C.F0 to      R5C10B.D0 core/engine/stepdupdup
CTOF_DEL    ---     0.495      R5C10B.D0 to      R5C10B.F0 core/engine/dp/SLICE_232
ROUTE        16     2.839      R5C10B.F0 to      R2C5B.WRE core/engine/dp/rf_writedup (to clk_c)
                  --------
                   14.354   (21.7% logic, 78.3% route), 5 logic levels.

Unconstrained Preference:
   INPUT_SETUP PORT "reset" CLKPORT "clk" 

Report:   14.366ns delay reset to core/engine/seq/SLICE_179 (14.084ns delay and 0.282ns setup)

   Name    Fanout   Delay (ns)          Site               Resource
PADI_DEL    ---     1.132          4.PAD to        4.PADDI reset
ROUTE       179     4.246        4.PADDI to      R4C11D.B1 reset_c
CTOF_DEL    ---     0.495      R4C11D.B1 to      R4C11D.F1 core/engine/SLICE_358
ROUTE         1     1.004      R4C11D.F1 to      R4C11C.B1 core/engine/un1_memory_op_1dupdup
CTOF_DEL    ---     0.495      R4C11C.B1 to      R4C11C.F1 core/engine/SLICE_377
ROUTE         9     1.655      R4C11C.F1 to      R7C11C.C0 core/engine/retirec_1
CTOF_DEL    ---     0.495      R7C11C.C0 to      R7C11C.F0 core/engine/SLICE_221
ROUTE         7     1.071      R7C11C.F0 to      R4C11C.D0 core/engine/stepdupdup
CTOF_DEL    ---     0.495      R4C11C.D0 to      R4C11C.F0 core/engine/SLICE_377
ROUTE         5     2.996      R4C11C.F0 to      R7C15A.CE core/engine/retirec_1_RNI338B8 (to clk_c)
                  --------
                   14.084   (22.1% logic, 77.9% route), 5 logic levels.

Unconstrained Preference:
   INPUT_SETUP PORT "reset" CLKPORT "clk" 

Report:   14.261ns delay reset to core/engine/seq/SLICE_178 (13.979ns delay and 0.282ns setup)

   Name    Fanout   Delay (ns)          Site               Resource
PADI_DEL    ---     1.132          4.PAD to        4.PADDI reset
ROUTE       179     4.246        4.PADDI to      R4C11D.B1 reset_c
CTOF_DEL    ---     0.495      R4C11D.B1 to      R4C11D.F1 core/engine/SLICE_358
ROUTE         1     1.004      R4C11D.F1 to      R4C11C.B1 core/engine/un1_memory_op_1dupdup
CTOF_DEL    ---     0.495      R4C11C.B1 to      R4C11C.F1 core/engine/SLICE_377
ROUTE         9     1.655      R4C11C.F1 to      R7C11C.C0 core/engine/retirec_1
CTOF_DEL    ---     0.495      R7C11C.C0 to      R7C11C.F0 core/engine/SLICE_221
ROUTE         7     1.071      R7C11C.F0 to      R4C11C.D0 core/engine/stepdupdup
CTOF_DEL    ---     0.495      R4C11C.D0 to      R4C11C.F0 core/engine/SLICE_377
ROUTE         5     2.891      R4C11C.F0 to      R9C13B.CE core/engine/retirec_1_RNI338B8 (to clk_c)
                  --------
                   13.979   (22.3% logic, 77.7% route), 5 logic levels.

Unconstrained Preference:
   INPUT_SETUP PORT "reset" CLKPORT "clk" 

Report:   14.237ns delay reset to core/engine/SLICE_377 (13.955ns delay and 0.282ns setup)

   Name    Fanout   Delay (ns)          Site               Resource
PADI_DEL    ---     1.132          4.PAD to        4.PADDI reset
ROUTE       179     4.246        4.PADDI to      R4C11D.B1 reset_c
CTOF_DEL    ---     0.495      R4C11D.B1 to      R4C11D.F1 core/engine/SLICE_358
ROUTE         1     1.004      R4C11D.F1 to      R4C11C.B1 core/engine/un1_memory_op_1dupdup
CTOF_DEL    ---     0.495      R4C11C.B1 to      R4C11C.F1 core/engine/SLICE_377
ROUTE         9     1.655      R4C11C.F1 to      R7C11C.C0 core/engine/retirec_1
CTOF_DEL    ---     0.495      R7C11C.C0 to      R7C11C.F0 core/engine/SLICE_221
ROUTE         7     2.016      R7C11C.F0 to      R4C12A.C0 core/engine/stepdupdup
CTOF_DEL    ---     0.495      R4C12A.C0 to      R4C12A.F0 core/engine/SLICE_379
ROUTE         4     1.922      R4C12A.F0 to      R4C11C.CE core/engine/stepdupdup_RNI96VC32 (to clk_c)
                  --------
                   13.955   (22.3% logic, 77.7% route), 5 logic levels.

Unconstrained Preference:
   INPUT_SETUP PORT "reset" CLKPORT "clk" 

Report:   14.237ns delay reset to core/engine/SLICE_287 (13.955ns delay and 0.282ns setup)

   Name    Fanout   Delay (ns)          Site               Resource
PADI_DEL    ---     1.132          4.PAD to        4.PADDI reset
ROUTE       179     4.246        4.PADDI to      R4C11D.B1 reset_c
CTOF_DEL    ---     0.495      R4C11D.B1 to      R4C11D.F1 core/engine/SLICE_358
ROUTE         1     1.004      R4C11D.F1 to      R4C11C.B1 core/engine/un1_memory_op_1dupdup
CTOF_DEL    ---     0.495      R4C11C.B1 to      R4C11C.F1 core/engine/SLICE_377
ROUTE         9     1.655      R4C11C.F1 to      R7C11C.C0 core/engine/retirec_1
CTOF_DEL    ---     0.495      R7C11C.C0 to      R7C11C.F0 core/engine/SLICE_221
ROUTE         7     2.016      R7C11C.F0 to      R4C12A.C0 core/engine/stepdupdup
CTOF_DEL    ---     0.495      R4C12A.C0 to      R4C12A.F0 core/engine/SLICE_379
ROUTE         4     1.922      R4C12A.F0 to      R4C11B.CE core/engine/stepdupdup_RNI96VC32 (to clk_c)
                  --------
                   13.955   (22.3% logic, 77.7% route), 5 logic levels.

Unconstrained Preference:
   INPUT_SETUP PORT "reset" CLKPORT "clk" 

Report:   14.170ns delay reset to SLICE_16 (14.062ns delay and 0.108ns setup)

   Name    Fanout   Delay (ns)          Site               Resource
PADI_DEL    ---     1.132          4.PAD to        4.PADDI reset
ROUTE       179     4.246        4.PADDI to      R4C11D.B1 reset_c
CTOF_DEL    ---     0.495      R4C11D.B1 to      R4C11D.F1 core/engine/SLICE_358
ROUTE         1     1.004      R4C11D.F1 to      R4C11C.B1 core/engine/un1_memory_op_1dupdup
CTOF_DEL    ---     0.495      R4C11C.B1 to      R4C11C.F1 core/engine/SLICE_377
ROUTE         9     1.655      R4C11C.F1 to      R7C11C.C0 core/engine/retirec_1
CTOF_DEL    ---     0.495      R7C11C.C0 to      R7C11C.F0 core/engine/SLICE_221
ROUTE         7     1.498      R7C11C.F0 to      R5C10B.D0 core/engine/stepdupdup
CTOF_DEL    ---     0.495      R5C10B.D0 to      R5C10B.F0 core/engine/dp/SLICE_232
ROUTE        16     2.547      R5C10B.F0 to      R7C2A.WRE core/engine/dp/rf_writedup (to clk_c)
                  --------
                   14.062   (22.1% logic, 77.9% route), 5 logic levels.

Unconstrained Preference:
   INPUT_SETUP PORT "reset" CLKPORT "clk" 

Report:   14.170ns delay reset to SLICE_17 (14.062ns delay and 0.108ns setup)

   Name    Fanout   Delay (ns)          Site               Resource
PADI_DEL    ---     1.132          4.PAD to        4.PADDI reset
ROUTE       179     4.246        4.PADDI to      R4C11D.B1 reset_c
CTOF_DEL    ---     0.495      R4C11D.B1 to      R4C11D.F1 core/engine/SLICE_358
ROUTE         1     1.004      R4C11D.F1 to      R4C11C.B1 core/engine/un1_memory_op_1dupdup
CTOF_DEL    ---     0.495      R4C11C.B1 to      R4C11C.F1 core/engine/SLICE_377
ROUTE         9     1.655      R4C11C.F1 to      R7C11C.C0 core/engine/retirec_1
CTOF_DEL    ---     0.495      R7C11C.C0 to      R7C11C.F0 core/engine/SLICE_221
ROUTE         7     1.498      R7C11C.F0 to      R5C10B.D0 core/engine/stepdupdup
CTOF_DEL    ---     0.495      R5C10B.D0 to      R5C10B.F0 core/engine/dp/SLICE_232
ROUTE        16     2.547      R5C10B.F0 to      R7C2B.WRE core/engine/dp/rf_writedup (to clk_c)
                  --------
                   14.062   (22.1% logic, 77.9% route), 5 logic levels.

Unconstrained Preference:
   INPUT_SETUP PORT "reset" CLKPORT "clk" 

Report:   14.035ns delay reset to SLICE_31 (13.927ns delay and 0.108ns setup)

   Name    Fanout   Delay (ns)          Site               Resource
PADI_DEL    ---     1.132          4.PAD to        4.PADDI reset
ROUTE       179     4.246        4.PADDI to      R4C11D.B1 reset_c
CTOF_DEL    ---     0.495      R4C11D.B1 to      R4C11D.F1 core/engine/SLICE_358
ROUTE         1     1.004      R4C11D.F1 to      R4C11C.B1 core/engine/un1_memory_op_1dupdup
CTOF_DEL    ---     0.495      R4C11C.B1 to      R4C11C.F1 core/engine/SLICE_377
ROUTE         9     1.655      R4C11C.F1 to      R7C11C.C0 core/engine/retirec_1
CTOF_DEL    ---     0.495      R7C11C.C0 to      R7C11C.F0 core/engine/SLICE_221
ROUTE         7     1.498      R7C11C.F0 to      R5C10B.D0 core/engine/stepdupdup
CTOF_DEL    ---     0.495      R5C10B.D0 to      R5C10B.F0 core/engine/dp/SLICE_232
ROUTE        16     2.412      R5C10B.F0 to      R2C4A.WRE core/engine/dp/rf_writedup (to clk_c)
                  --------
                   13.927   (22.3% logic, 77.7% route), 5 logic levels.

Unconstrained Preference:
   INPUT_SETUP PORT "reset" CLKPORT "clk" 

Report:   14.035ns delay reset to SLICE_32 (13.927ns delay and 0.108ns setup)

   Name    Fanout   Delay (ns)          Site               Resource
PADI_DEL    ---     1.132          4.PAD to        4.PADDI reset
ROUTE       179     4.246        4.PADDI to      R4C11D.B1 reset_c
CTOF_DEL    ---     0.495      R4C11D.B1 to      R4C11D.F1 core/engine/SLICE_358
ROUTE         1     1.004      R4C11D.F1 to      R4C11C.B1 core/engine/un1_memory_op_1dupdup
CTOF_DEL    ---     0.495      R4C11C.B1 to      R4C11C.F1 core/engine/SLICE_377
ROUTE         9     1.655      R4C11C.F1 to      R7C11C.C0 core/engine/retirec_1
CTOF_DEL    ---     0.495      R7C11C.C0 to      R7C11C.F0 core/engine/SLICE_221
ROUTE         7     1.498      R7C11C.F0 to      R5C10B.D0 core/engine/stepdupdup
CTOF_DEL    ---     0.495      R5C10B.D0 to      R5C10B.F0 core/engine/dp/SLICE_232
ROUTE        16     2.412      R5C10B.F0 to      R2C4B.WRE core/engine/dp/rf_writedup (to clk_c)
                  --------
                   13.927   (22.3% logic, 77.7% route), 5 logic levels.

Unconstrained Preference:
   INPUT_SETUP PORT "reset" CLKPORT "clk" 

Report:   14.028ns delay reset to SLICE_22 (13.920ns delay and 0.108ns setup)

   Name    Fanout   Delay (ns)          Site               Resource
PADI_DEL    ---     1.132          4.PAD to        4.PADDI reset
ROUTE       179     4.246        4.PADDI to      R4C11D.B1 reset_c
CTOF_DEL    ---     0.495      R4C11D.B1 to      R4C11D.F1 core/engine/SLICE_358
ROUTE         1     1.004      R4C11D.F1 to      R4C11C.B1 core/engine/un1_memory_op_1dupdup
CTOF_DEL    ---     0.495      R4C11C.B1 to      R4C11C.F1 core/engine/SLICE_377
ROUTE         9     1.655      R4C11C.F1 to      R7C11C.C0 core/engine/retirec_1
CTOF_DEL    ---     0.495      R7C11C.C0 to      R7C11C.F0 core/engine/SLICE_221
ROUTE         7     1.498      R7C11C.F0 to      R5C10B.D0 core/engine/stepdupdup
CTOF_DEL    ---     0.495      R5C10B.D0 to      R5C10B.F0 core/engine/dp/SLICE_232
ROUTE        16     2.405      R5C10B.F0 to      R3C2A.WRE core/engine/dp/rf_writedup (to clk_c)
                  --------
                   13.920   (22.4% logic, 77.6% route), 5 logic levels.

Unconstrained Preference:
   INPUT_SETUP PORT "reset" CLKPORT "clk" 

Report:   14.028ns delay reset to SLICE_23 (13.920ns delay and 0.108ns setup)

   Name    Fanout   Delay (ns)          Site               Resource
PADI_DEL    ---     1.132          4.PAD to        4.PADDI reset
ROUTE       179     4.246        4.PADDI to      R4C11D.B1 reset_c
CTOF_DEL    ---     0.495      R4C11D.B1 to      R4C11D.F1 core/engine/SLICE_358
ROUTE         1     1.004      R4C11D.F1 to      R4C11C.B1 core/engine/un1_memory_op_1dupdup
CTOF_DEL    ---     0.495      R4C11C.B1 to      R4C11C.F1 core/engine/SLICE_377
ROUTE         9     1.655      R4C11C.F1 to      R7C11C.C0 core/engine/retirec_1
CTOF_DEL    ---     0.495      R7C11C.C0 to      R7C11C.F0 core/engine/SLICE_221
ROUTE         7     1.498      R7C11C.F0 to      R5C10B.D0 core/engine/stepdupdup
CTOF_DEL    ---     0.495      R5C10B.D0 to      R5C10B.F0 core/engine/dp/SLICE_232
ROUTE        16     2.405      R5C10B.F0 to      R3C2B.WRE core/engine/dp/rf_writedup (to clk_c)
                  --------
                   13.920   (22.4% logic, 77.6% route), 5 logic levels.

Unconstrained Preference:
   INPUT_SETUP PORT "reset" CLKPORT "clk" 

Report:   14.028ns delay reset to SLICE_25 (13.920ns delay and 0.108ns setup)

   Name    Fanout   Delay (ns)          Site               Resource
PADI_DEL    ---     1.132          4.PAD to        4.PADDI reset
ROUTE       179     4.246        4.PADDI to      R4C11D.B1 reset_c
CTOF_DEL    ---     0.495      R4C11D.B1 to      R4C11D.F1 core/engine/SLICE_358
ROUTE         1     1.004      R4C11D.F1 to      R4C11C.B1 core/engine/un1_memory_op_1dupdup
CTOF_DEL    ---     0.495      R4C11C.B1 to      R4C11C.F1 core/engine/SLICE_377
ROUTE         9     1.655      R4C11C.F1 to      R7C11C.C0 core/engine/retirec_1
CTOF_DEL    ---     0.495      R7C11C.C0 to      R7C11C.F0 core/engine/SLICE_221
ROUTE         7     1.498      R7C11C.F0 to      R5C10B.D0 core/engine/stepdupdup
CTOF_DEL    ---     0.495      R5C10B.D0 to      R5C10B.F0 core/engine/dp/SLICE_232
ROUTE        16     2.405      R5C10B.F0 to      R3C6A.WRE core/engine/dp/rf_writedup (to clk_c)
                  --------
                   13.920   (22.4% logic, 77.6% route), 5 logic levels.

Unconstrained Preference:
   INPUT_SETUP PORT "reset" CLKPORT "clk" 

Report:   14.028ns delay reset to SLICE_26 (13.920ns delay and 0.108ns setup)

   Name    Fanout   Delay (ns)          Site               Resource
PADI_DEL    ---     1.132          4.PAD to        4.PADDI reset
ROUTE       179     4.246        4.PADDI to      R4C11D.B1 reset_c
CTOF_DEL    ---     0.495      R4C11D.B1 to      R4C11D.F1 core/engine/SLICE_358
ROUTE         1     1.004      R4C11D.F1 to      R4C11C.B1 core/engine/un1_memory_op_1dupdup
CTOF_DEL    ---     0.495      R4C11C.B1 to      R4C11C.F1 core/engine/SLICE_377
ROUTE         9     1.655      R4C11C.F1 to      R7C11C.C0 core/engine/retirec_1
CTOF_DEL    ---     0.495      R7C11C.C0 to      R7C11C.F0 core/engine/SLICE_221
ROUTE         7     1.498      R7C11C.F0 to      R5C10B.D0 core/engine/stepdupdup
CTOF_DEL    ---     0.495      R5C10B.D0 to      R5C10B.F0 core/engine/dp/SLICE_232
ROUTE        16     2.405      R5C10B.F0 to      R3C6B.WRE core/engine/dp/rf_writedup (to clk_c)
                  --------
                   13.920   (22.4% logic, 77.6% route), 5 logic levels.

Unconstrained Preference:
   INPUT_SETUP PORT "reset" CLKPORT "clk" 

Report:   14.009ns delay reset to core/engine/rom/lane_2 (14.088ns delay and -0.079ns setup)

   Name    Fanout   Delay (ns)          Site               Resource
PADI_DEL    ---     1.132          4.PAD to        4.PADDI reset
ROUTE       179     4.246        4.PADDI to      R4C11D.B1 reset_c
CTOF_DEL    ---     0.495      R4C11D.B1 to      R4C11D.F1 core/engine/SLICE_358
ROUTE         1     1.004      R4C11D.F1 to      R4C11C.B1 core/engine/un1_memory_op_1dupdup
CTOF_DEL    ---     0.495      R4C11C.B1 to      R4C11C.F1 core/engine/SLICE_377
ROUTE         9     1.655      R4C11C.F1 to      R7C11C.C0 core/engine/retirec_1
CTOF_DEL    ---     0.495      R7C11C.C0 to      R7C11C.F0 core/engine/SLICE_221
ROUTE         7     1.005      R7C11C.F0 to      R7C11C.A1 core/engine/stepdupdup
CTOF_DEL    ---     0.495      R7C11C.A1 to      R7C11C.F1 core/engine/SLICE_221
ROUTE         8     3.066      R7C11C.F1 to  EBR_R6C4.OCEA core/engine/fault_redirectdup_RNIH6S88 (to clk_c)
                  --------
                   14.088   (22.1% logic, 77.9% route), 5 logic levels.

Unconstrained Preference:
   INPUT_SETUP PORT "reset" CLKPORT "clk" 

Report:   13.887ns delay reset to core/engine/rom/lane_2 (13.661ns delay and 0.226ns setup)

   Name    Fanout   Delay (ns)          Site               Resource
PADI_DEL    ---     1.132          4.PAD to        4.PADDI reset
ROUTE       179     4.246        4.PADDI to      R4C11D.B1 reset_c
CTOF_DEL    ---     0.495      R4C11D.B1 to      R4C11D.F1 core/engine/SLICE_358
ROUTE         1     1.004      R4C11D.F1 to      R4C11C.B1 core/engine/un1_memory_op_1dupdup
CTOF_DEL    ---     0.495      R4C11C.B1 to      R4C11C.F1 core/engine/SLICE_377
ROUTE         9     1.655      R4C11C.F1 to      R7C11C.C0 core/engine/retirec_1
CTOF_DEL    ---     0.495      R7C11C.C0 to      R7C11C.F0 core/engine/SLICE_221
ROUTE         7     1.005      R7C11C.F0 to      R7C11C.A1 core/engine/stepdupdup
CTOF_DEL    ---     0.495      R7C11C.A1 to      R7C11C.F1 core/engine/SLICE_221
ROUTE         8     2.639      R7C11C.F1 to   EBR_R6C4.CEA core/engine/fault_redirectdup_RNIH6S88 (to clk_c)
                  --------
                   13.661   (22.8% logic, 77.2% route), 5 logic levels.

Unconstrained Preference:
   INPUT_SETUP PORT "reset" CLKPORT "clk" 

Report:   13.834ns delay reset to core/engine/seq/SLICE_181 (13.552ns delay and 0.282ns setup)

   Name    Fanout   Delay (ns)          Site               Resource
PADI_DEL    ---     1.132          4.PAD to        4.PADDI reset
ROUTE       179     4.246        4.PADDI to      R4C11D.B1 reset_c
CTOF_DEL    ---     0.495      R4C11D.B1 to      R4C11D.F1 core/engine/SLICE_358
ROUTE         1     1.004      R4C11D.F1 to      R4C11C.B1 core/engine/un1_memory_op_1dupdup
CTOF_DEL    ---     0.495      R4C11C.B1 to      R4C11C.F1 core/engine/SLICE_377
ROUTE         9     1.655      R4C11C.F1 to      R7C11C.C0 core/engine/retirec_1
CTOF_DEL    ---     0.495      R7C11C.C0 to      R7C11C.F0 core/engine/SLICE_221
ROUTE         7     1.071      R7C11C.F0 to      R4C11C.D0 core/engine/stepdupdup
CTOF_DEL    ---     0.495      R4C11C.D0 to      R4C11C.F0 core/engine/SLICE_377
ROUTE         5     2.464      R4C11C.F0 to      R8C14C.CE core/engine/retirec_1_RNI338B8 (to clk_c)
                  --------
                   13.552   (23.0% logic, 77.0% route), 5 logic levels.

Unconstrained Preference:
   INPUT_SETUP PORT "reset" CLKPORT "clk" 

Report:   13.720ns delay reset to core/engine/SLICE_222 (13.438ns delay and 0.282ns setup)

   Name    Fanout   Delay (ns)          Site               Resource
PADI_DEL    ---     1.132          4.PAD to        4.PADDI reset
ROUTE       179     4.246        4.PADDI to      R4C11D.B1 reset_c
CTOF_DEL    ---     0.495      R4C11D.B1 to      R4C11D.F1 core/engine/SLICE_358
ROUTE         1     1.004      R4C11D.F1 to      R4C11C.B1 core/engine/un1_memory_op_1dupdup
CTOF_DEL    ---     0.495      R4C11C.B1 to      R4C11C.F1 core/engine/SLICE_377
ROUTE         9     1.655      R4C11C.F1 to      R7C11C.C0 core/engine/retirec_1
CTOF_DEL    ---     0.495      R7C11C.C0 to      R7C11C.F0 core/engine/SLICE_221
ROUTE         7     2.016      R7C11C.F0 to      R4C12A.C0 core/engine/stepdupdup
CTOF_DEL    ---     0.495      R4C12A.C0 to      R4C12A.F0 core/engine/SLICE_379
ROUTE         4     1.405      R4C12A.F0 to      R5C11C.CE core/engine/stepdupdup_RNI96VC32 (to clk_c)
                  --------
                   13.438   (23.2% logic, 76.8% route), 5 logic levels.

Unconstrained Preference:
   INPUT_SETUP PORT "reset" CLKPORT "clk" 

Report:   13.701ns delay reset to core/engine/SLICE_378 (13.427ns delay and 0.274ns setup)

   Name    Fanout   Delay (ns)          Site               Resource
PADI_DEL    ---     1.132          4.PAD to        4.PADDI reset
ROUTE       179     4.246        4.PADDI to      R4C11D.B1 reset_c
CTOF_DEL    ---     0.495      R4C11D.B1 to      R4C11D.F1 core/engine/SLICE_358
ROUTE         1     1.004      R4C11D.F1 to      R4C11C.B1 core/engine/un1_memory_op_1dupdup
CTOF_DEL    ---     0.495      R4C11C.B1 to      R4C11C.F1 core/engine/SLICE_377
ROUTE         9     1.655      R4C11C.F1 to      R7C11C.C0 core/engine/retirec_1
CTOF_DEL    ---     0.495      R7C11C.C0 to      R7C11C.F0 core/engine/SLICE_221
ROUTE         7     1.901      R7C11C.F0 to      R3C11A.A1 core/engine/stepdupdup
CTOF_DEL    ---     0.495      R3C11A.A1 to      R3C11A.F1 core/engine/SLICE_465
ROUTE         4     1.509      R3C11A.F1 to     R4C12D.LSR core/engine/stepdupdup_RNI7MRD02 (to clk_c)
                  --------
                   13.427   (23.2% logic, 76.8% route), 5 logic levels.

Unconstrained Preference:
   INPUT_SETUP PORT "reset" CLKPORT "clk" 

Report:   13.671ns delay reset to core/engine/rom/lane_1 (13.750ns delay and -0.079ns setup)

   Name    Fanout   Delay (ns)          Site               Resource
PADI_DEL    ---     1.132          4.PAD to        4.PADDI reset
ROUTE       179     4.246        4.PADDI to      R4C11D.B1 reset_c
CTOF_DEL    ---     0.495      R4C11D.B1 to      R4C11D.F1 core/engine/SLICE_358
ROUTE         1     1.004      R4C11D.F1 to      R4C11C.B1 core/engine/un1_memory_op_1dupdup
CTOF_DEL    ---     0.495      R4C11C.B1 to      R4C11C.F1 core/engine/SLICE_377
ROUTE         9     1.655      R4C11C.F1 to      R7C11C.C0 core/engine/retirec_1
CTOF_DEL    ---     0.495      R7C11C.C0 to      R7C11C.F0 core/engine/SLICE_221
ROUTE         7     1.005      R7C11C.F0 to      R7C11C.A1 core/engine/stepdupdup
CTOF_DEL    ---     0.495      R7C11C.A1 to      R7C11C.F1 core/engine/SLICE_221
ROUTE         8     2.728      R7C11C.F1 to EBR_R6C10.OCEA core/engine/fault_redirectdup_RNIH6S88 (to clk_c)
                  --------
                   13.750   (22.6% logic, 77.4% route), 5 logic levels.

Unconstrained Preference:
   INPUT_SETUP PORT "reset" CLKPORT "clk" 

Report:   13.549ns delay reset to core/engine/rom/lane_1 (13.323ns delay and 0.226ns setup)

   Name    Fanout   Delay (ns)          Site               Resource
PADI_DEL    ---     1.132          4.PAD to        4.PADDI reset
ROUTE       179     4.246        4.PADDI to      R4C11D.B1 reset_c
CTOF_DEL    ---     0.495      R4C11D.B1 to      R4C11D.F1 core/engine/SLICE_358
ROUTE         1     1.004      R4C11D.F1 to      R4C11C.B1 core/engine/un1_memory_op_1dupdup
CTOF_DEL    ---     0.495      R4C11C.B1 to      R4C11C.F1 core/engine/SLICE_377
ROUTE         9     1.655      R4C11C.F1 to      R7C11C.C0 core/engine/retirec_1
CTOF_DEL    ---     0.495      R7C11C.C0 to      R7C11C.F0 core/engine/SLICE_221
ROUTE         7     1.005      R7C11C.F0 to      R7C11C.A1 core/engine/stepdupdup
CTOF_DEL    ---     0.495      R7C11C.A1 to      R7C11C.F1 core/engine/SLICE_221
ROUTE         8     2.301      R7C11C.F1 to  EBR_R6C10.CEA core/engine/fault_redirectdup_RNIH6S88 (to clk_c)
                  --------
                   13.323   (23.4% logic, 76.6% route), 5 logic levels.

Unconstrained Preference:
   INPUT_SETUP PORT "reset" CLKPORT "clk" 

Report:   13.549ns delay reset to core/engine/rom/lane_0 (13.323ns delay and 0.226ns setup)

   Name    Fanout   Delay (ns)          Site               Resource
PADI_DEL    ---     1.132          4.PAD to        4.PADDI reset
ROUTE       179     4.246        4.PADDI to      R4C11D.B1 reset_c
CTOF_DEL    ---     0.495      R4C11D.B1 to      R4C11D.F1 core/engine/SLICE_358
ROUTE         1     1.004      R4C11D.F1 to      R4C11C.B1 core/engine/un1_memory_op_1dupdup
CTOF_DEL    ---     0.495      R4C11C.B1 to      R4C11C.F1 core/engine/SLICE_377
ROUTE         9     1.655      R4C11C.F1 to      R7C11C.C0 core/engine/retirec_1
CTOF_DEL    ---     0.495      R7C11C.C0 to      R7C11C.F0 core/engine/SLICE_221
ROUTE         7     1.005      R7C11C.F0 to      R7C11C.A1 core/engine/stepdupdup
CTOF_DEL    ---     0.495      R7C11C.A1 to      R7C11C.F1 core/engine/SLICE_221
ROUTE         8     2.301      R7C11C.F1 to  EBR_R6C14.CEA core/engine/fault_redirectdup_RNIH6S88 (to clk_c)
                  --------
                   13.323   (23.4% logic, 76.6% route), 5 logic levels.

Unconstrained Preference:
   INPUT_SETUP PORT "reset" CLKPORT "clk" 

Report:   13.415ns delay reset to core/engine/seq/SLICE_180 (13.133ns delay and 0.282ns setup)

   Name    Fanout   Delay (ns)          Site               Resource
PADI_DEL    ---     1.132          4.PAD to        4.PADDI reset
ROUTE       179     4.246        4.PADDI to      R4C11D.B1 reset_c
CTOF_DEL    ---     0.495      R4C11D.B1 to      R4C11D.F1 core/engine/SLICE_358
ROUTE         1     1.004      R4C11D.F1 to      R4C11C.B1 core/engine/un1_memory_op_1dupdup
CTOF_DEL    ---     0.495      R4C11C.B1 to      R4C11C.F1 core/engine/SLICE_377
ROUTE         9     1.655      R4C11C.F1 to      R7C11C.C0 core/engine/retirec_1
CTOF_DEL    ---     0.495      R7C11C.C0 to      R7C11C.F0 core/engine/SLICE_221
ROUTE         7     1.071      R7C11C.F0 to      R4C11C.D0 core/engine/stepdupdup
CTOF_DEL    ---     0.495      R4C11C.D0 to      R4C11C.F0 core/engine/SLICE_377
ROUTE         5     2.045      R4C11C.F0 to      R7C14D.CE core/engine/retirec_1_RNI338B8 (to clk_c)
                  --------
                   13.133   (23.7% logic, 76.3% route), 5 logic levels.

Unconstrained Preference:
   INPUT_SETUP PORT "reset" CLKPORT "clk" 

Report:   13.415ns delay reset to core/engine/seq/SLICE_177 (13.133ns delay and 0.282ns setup)

   Name    Fanout   Delay (ns)          Site               Resource
PADI_DEL    ---     1.132          4.PAD to        4.PADDI reset
ROUTE       179     4.246        4.PADDI to      R4C11D.B1 reset_c
CTOF_DEL    ---     0.495      R4C11D.B1 to      R4C11D.F1 core/engine/SLICE_358
ROUTE         1     1.004      R4C11D.F1 to      R4C11C.B1 core/engine/un1_memory_op_1dupdup
CTOF_DEL    ---     0.495      R4C11C.B1 to      R4C11C.F1 core/engine/SLICE_377
ROUTE         9     1.655      R4C11C.F1 to      R7C11C.C0 core/engine/retirec_1
CTOF_DEL    ---     0.495      R7C11C.C0 to      R7C11C.F0 core/engine/SLICE_221
ROUTE         7     1.071      R7C11C.F0 to      R4C11C.D0 core/engine/stepdupdup
CTOF_DEL    ---     0.495      R4C11C.D0 to      R4C11C.F0 core/engine/SLICE_377
ROUTE         5     2.045      R4C11C.F0 to      R7C14C.CE core/engine/retirec_1_RNI338B8 (to clk_c)
                  --------
                   13.133   (23.7% logic, 76.3% route), 5 logic levels.

Unconstrained Preference:
   INPUT_SETUP PORT "reset" CLKPORT "clk" 

Report:   13.289ns delay reset to core/engine/SLICE_377 (13.015ns delay and 0.274ns setup)

   Name    Fanout   Delay (ns)          Site               Resource
PADI_DEL    ---     1.132          4.PAD to        4.PADDI reset
ROUTE       179     4.246        4.PADDI to      R4C11D.B1 reset_c
CTOF_DEL    ---     0.495      R4C11D.B1 to      R4C11D.F1 core/engine/SLICE_358
ROUTE         1     1.004      R4C11D.F1 to      R4C11C.B1 core/engine/un1_memory_op_1dupdup
CTOF_DEL    ---     0.495      R4C11C.B1 to      R4C11C.F1 core/engine/SLICE_377
ROUTE         9     1.655      R4C11C.F1 to      R7C11C.C0 core/engine/retirec_1
CTOF_DEL    ---     0.495      R7C11C.C0 to      R7C11C.F0 core/engine/SLICE_221
ROUTE         7     1.901      R7C11C.F0 to      R3C11A.A1 core/engine/stepdupdup
CTOF_DEL    ---     0.495      R3C11A.A1 to      R3C11A.F1 core/engine/SLICE_465
ROUTE         4     1.097      R3C11A.F1 to     R4C11C.LSR core/engine/stepdupdup_RNI7MRD02 (to clk_c)
                  --------
                   13.015   (23.9% logic, 76.1% route), 5 logic levels.

Unconstrained Preference:
   INPUT_SETUP PORT "reset" CLKPORT "clk" 

Report:   13.289ns delay reset to core/engine/SLICE_287 (13.015ns delay and 0.274ns setup)

   Name    Fanout   Delay (ns)          Site               Resource
PADI_DEL    ---     1.132          4.PAD to        4.PADDI reset
ROUTE       179     4.246        4.PADDI to      R4C11D.B1 reset_c
CTOF_DEL    ---     0.495      R4C11D.B1 to      R4C11D.F1 core/engine/SLICE_358
ROUTE         1     1.004      R4C11D.F1 to      R4C11C.B1 core/engine/un1_memory_op_1dupdup
CTOF_DEL    ---     0.495      R4C11C.B1 to      R4C11C.F1 core/engine/SLICE_377
ROUTE         9     1.655      R4C11C.F1 to      R7C11C.C0 core/engine/retirec_1
CTOF_DEL    ---     0.495      R7C11C.C0 to      R7C11C.F0 core/engine/SLICE_221
ROUTE         7     1.901      R7C11C.F0 to      R3C11A.A1 core/engine/stepdupdup
CTOF_DEL    ---     0.495      R3C11A.A1 to      R3C11A.F1 core/engine/SLICE_465
ROUTE         4     1.097      R3C11A.F1 to     R4C11B.LSR core/engine/stepdupdup_RNI7MRD02 (to clk_c)
                  --------
                   13.015   (23.9% logic, 76.1% route), 5 logic levels.

Unconstrained Preference:
   INPUT_SETUP PORT "reset" CLKPORT "clk" 

Report:   13.274ns delay reset to core/engine/SLICE_222 (13.000ns delay and 0.274ns setup)

   Name    Fanout   Delay (ns)          Site               Resource
PADI_DEL    ---     1.132          4.PAD to        4.PADDI reset
ROUTE       179     4.246        4.PADDI to      R4C11D.B1 reset_c
CTOF_DEL    ---     0.495      R4C11D.B1 to      R4C11D.F1 core/engine/SLICE_358
ROUTE         1     1.004      R4C11D.F1 to      R4C11C.B1 core/engine/un1_memory_op_1dupdup
CTOF_DEL    ---     0.495      R4C11C.B1 to      R4C11C.F1 core/engine/SLICE_377
ROUTE         9     1.655      R4C11C.F1 to      R7C11C.C0 core/engine/retirec_1
CTOF_DEL    ---     0.495      R7C11C.C0 to      R7C11C.F0 core/engine/SLICE_221
ROUTE         7     1.901      R7C11C.F0 to      R3C11A.A1 core/engine/stepdupdup
CTOF_DEL    ---     0.495      R3C11A.A1 to      R3C11A.F1 core/engine/SLICE_465
ROUTE         4     1.082      R3C11A.F1 to     R5C11C.LSR core/engine/stepdupdup_RNI7MRD02 (to clk_c)
                  --------
                   13.000   (23.9% logic, 76.1% route), 5 logic levels.

Unconstrained Preference:
   INPUT_SETUP PORT "reset" CLKPORT "clk" 

Report:   13.244ns delay reset to core/engine/rom/lane_0 (13.323ns delay and -0.079ns setup)

   Name    Fanout   Delay (ns)          Site               Resource
PADI_DEL    ---     1.132          4.PAD to        4.PADDI reset
ROUTE       179     4.246        4.PADDI to      R4C11D.B1 reset_c
CTOF_DEL    ---     0.495      R4C11D.B1 to      R4C11D.F1 core/engine/SLICE_358
ROUTE         1     1.004      R4C11D.F1 to      R4C11C.B1 core/engine/un1_memory_op_1dupdup
CTOF_DEL    ---     0.495      R4C11C.B1 to      R4C11C.F1 core/engine/SLICE_377
ROUTE         9     1.655      R4C11C.F1 to      R7C11C.C0 core/engine/retirec_1
CTOF_DEL    ---     0.495      R7C11C.C0 to      R7C11C.F0 core/engine/SLICE_221
ROUTE         7     1.005      R7C11C.F0 to      R7C11C.A1 core/engine/stepdupdup
CTOF_DEL    ---     0.495      R7C11C.A1 to      R7C11C.F1 core/engine/SLICE_221
ROUTE         8     2.301      R7C11C.F1 to EBR_R6C14.OCEA core/engine/fault_redirectdup_RNIH6S88 (to clk_c)
                  --------
                   13.323   (23.4% logic, 76.6% route), 5 logic levels.

Unconstrained Preference:
   INPUT_SETUP PORT "reset" CLKPORT "clk" 

Report:   13.148ns delay reset to core/engine/rom/lane_3 (13.227ns delay and -0.079ns setup)

   Name    Fanout   Delay (ns)          Site               Resource
PADI_DEL    ---     1.132          4.PAD to        4.PADDI reset
ROUTE       179     4.246        4.PADDI to      R4C11D.B1 reset_c
CTOF_DEL    ---     0.495      R4C11D.B1 to      R4C11D.F1 core/engine/SLICE_358
ROUTE         1     1.004      R4C11D.F1 to      R4C11C.B1 core/engine/un1_memory_op_1dupdup
CTOF_DEL    ---     0.495      R4C11C.B1 to      R4C11C.F1 core/engine/SLICE_377
ROUTE         9     1.655      R4C11C.F1 to      R7C11C.C0 core/engine/retirec_1
CTOF_DEL    ---     0.495      R7C11C.C0 to      R7C11C.F0 core/engine/SLICE_221
ROUTE         7     1.005      R7C11C.F0 to      R7C11C.A1 core/engine/stepdupdup
CTOF_DEL    ---     0.495      R7C11C.A1 to      R7C11C.F1 core/engine/SLICE_221
ROUTE         8     2.205      R7C11C.F1 to  EBR_R6C7.OCEA core/engine/fault_redirectdup_RNIH6S88 (to clk_c)
                  --------
                   13.227   (23.5% logic, 76.5% route), 5 logic levels.

Unconstrained Preference:
   INPUT_SETUP PORT "reset" CLKPORT "clk" 

Report:   13.019ns delay reset to core/engine/rom/lane_3 (12.793ns delay and 0.226ns setup)

   Name    Fanout   Delay (ns)          Site               Resource
PADI_DEL    ---     1.132          4.PAD to        4.PADDI reset
ROUTE       179     4.246        4.PADDI to      R4C11D.B1 reset_c
CTOF_DEL    ---     0.495      R4C11D.B1 to      R4C11D.F1 core/engine/SLICE_358
ROUTE         1     1.004      R4C11D.F1 to      R4C11C.B1 core/engine/un1_memory_op_1dupdup
CTOF_DEL    ---     0.495      R4C11C.B1 to      R4C11C.F1 core/engine/SLICE_377
ROUTE         9     1.655      R4C11C.F1 to      R7C11C.C0 core/engine/retirec_1
CTOF_DEL    ---     0.495      R7C11C.C0 to      R7C11C.F0 core/engine/SLICE_221
ROUTE         7     1.005      R7C11C.F0 to      R7C11C.A1 core/engine/stepdupdup
CTOF_DEL    ---     0.495      R7C11C.A1 to      R7C11C.F1 core/engine/SLICE_221
ROUTE         8     1.771      R7C11C.F1 to   EBR_R6C7.CEA core/engine/fault_redirectdup_RNIH6S88 (to clk_c)
                  --------
                   12.793   (24.3% logic, 75.7% route), 5 logic levels.

Unconstrained Preference:
   INPUT_SETUP PORT "reset" CLKPORT "clk" 

Report:   12.977ns delay reset to core/engine/SLICE_378 (12.695ns delay and 0.282ns setup)

   Name    Fanout   Delay (ns)          Site               Resource
PADI_DEL    ---     1.132          4.PAD to        4.PADDI reset
ROUTE       179     4.246        4.PADDI to      R4C11D.B1 reset_c
CTOF_DEL    ---     0.495      R4C11D.B1 to      R4C11D.F1 core/engine/SLICE_358
ROUTE         1     1.004      R4C11D.F1 to      R4C11C.B1 core/engine/un1_memory_op_1dupdup
CTOF_DEL    ---     0.495      R4C11C.B1 to      R4C11C.F1 core/engine/SLICE_377
ROUTE         9     1.655      R4C11C.F1 to      R7C11C.C0 core/engine/retirec_1
CTOF_DEL    ---     0.495      R7C11C.C0 to      R7C11C.F0 core/engine/SLICE_221
ROUTE         7     2.016      R7C11C.F0 to      R4C12A.C0 core/engine/stepdupdup
CTOF_DEL    ---     0.495      R4C12A.C0 to      R4C12A.F0 core/engine/SLICE_379
ROUTE         4     0.662      R4C12A.F0 to      R4C12D.CE core/engine/stepdupdup_RNI96VC32 (to clk_c)
                  --------
                   12.695   (24.5% logic, 75.5% route), 5 logic levels.

Unconstrained Preference:
   INPUT_SETUP PORT "reset" CLKPORT "clk" 

Report:   12.650ns delay reset to core/engine/SLICE_42 (12.484ns delay and 0.166ns setup)

   Name    Fanout   Delay (ns)          Site               Resource
PADI_DEL    ---     1.132          4.PAD to        4.PADDI reset
ROUTE       179     4.246        4.PADDI to      R4C11D.B1 reset_c
CTOF_DEL    ---     0.495      R4C11D.B1 to      R4C11D.F1 core/engine/SLICE_358
ROUTE         1     1.004      R4C11D.F1 to      R4C11C.B1 core/engine/un1_memory_op_1dupdup
CTOF_DEL    ---     0.495      R4C11C.B1 to      R4C11C.F1 core/engine/SLICE_377
ROUTE         9     1.655      R4C11C.F1 to      R7C11C.C0 core/engine/retirec_1
CTOF_DEL    ---     0.495      R7C11C.C0 to      R7C11C.F0 core/engine/SLICE_221
ROUTE         7     1.005      R7C11C.F0 to      R7C11B.A1 core/engine/stepdupdup
CTOF_DEL    ---     0.495      R7C11B.A1 to      R7C11B.F1 core/engine/SLICE_501
ROUTE         1     0.967      R7C11B.F1 to      R7C11A.A1 core/engine/N_116
CTOF_DEL    ---     0.495      R7C11A.A1 to      R7C11A.F1 core/engine/SLICE_42
ROUTE         1     0.000      R7C11A.F1 to     R7C11A.DI1 core/engine/N_116ss (to clk_c)
                  --------
                   12.484   (28.9% logic, 71.1% route), 6 logic levels.

Unconstrained Preference:
   INPUT_SETUP PORT "reset" CLKPORT "clk" 

Report:   12.650ns delay reset to core/engine/SLICE_42 (12.484ns delay and 0.166ns setup)

   Name    Fanout   Delay (ns)          Site               Resource
PADI_DEL    ---     1.132          4.PAD to        4.PADDI reset
ROUTE       179     4.246        4.PADDI to      R4C11D.B1 reset_c
CTOF_DEL    ---     0.495      R4C11D.B1 to      R4C11D.F1 core/engine/SLICE_358
ROUTE         1     1.004      R4C11D.F1 to      R4C11C.B1 core/engine/un1_memory_op_1dupdup
CTOF_DEL    ---     0.495      R4C11C.B1 to      R4C11C.F1 core/engine/SLICE_377
ROUTE         9     1.655      R4C11C.F1 to      R7C11C.C0 core/engine/retirec_1
CTOF_DEL    ---     0.495      R7C11C.C0 to      R7C11C.F0 core/engine/SLICE_221
ROUTE         7     1.005      R7C11C.F0 to      R7C11D.A0 core/engine/stepdupdup
CTOF_DEL    ---     0.495      R7C11D.A0 to      R7C11D.F0 core/engine/SLICE_478
ROUTE         1     0.967      R7C11D.F0 to      R7C11A.A0 core/engine/N_115
CTOF_DEL    ---     0.495      R7C11A.A0 to      R7C11A.F0 core/engine/SLICE_42
ROUTE         1     0.000      R7C11A.F0 to     R7C11A.DI0 core/engine/N_115ss (to clk_c)
                  --------
                   12.484   (28.9% logic, 71.1% route), 6 logic levels.

Unconstrained Preference:
   INPUT_SETUP PORT "reset" CLKPORT "clk" 

Report:    9.044ns delay reset to core/engine/SLICE_161 (8.878ns delay and 0.166ns setup)

   Name    Fanout   Delay (ns)          Site               Resource
PADI_DEL    ---     1.132          4.PAD to        4.PADDI reset
ROUTE       179     4.246        4.PADDI to      R4C11D.B1 reset_c
CTOF_DEL    ---     0.495      R4C11D.B1 to      R4C11D.F1 core/engine/SLICE_358
ROUTE         1     1.004      R4C11D.F1 to      R4C11C.B1 core/engine/un1_memory_op_1dupdup
CTOF_DEL    ---     0.495      R4C11C.B1 to      R4C11C.F1 core/engine/SLICE_377
ROUTE         9     1.011      R4C11C.F1 to      R5C11A.A0 core/engine/retirec_1
CTOF_DEL    ---     0.495      R5C11A.A0 to      R5C11A.F0 core/engine/SLICE_161
ROUTE         1     0.000      R5C11A.F0 to     R5C11A.DI0 core/engine/retirec (to clk_c)
                  --------
                    8.878   (29.5% logic, 70.5% route), 4 logic levels.

Unconstrained Preference:
   INPUT_SETUP PORT "reset" CLKPORT "clk" 

Report:    3.857ns delay reset to SLICE_132 (3.583ns delay and 0.274ns setup)

   Name    Fanout   Delay (ns)          Site               Resource
PADI_DEL    ---     1.132          4.PAD to        4.PADDI reset
ROUTE       179     2.451        4.PADDI to     R4C10B.LSR reset_c (to clk_c)
                  --------
                    3.583   (31.6% logic, 68.4% route), 1 logic levels.

Unconstrained Preference:
   INPUT_SETUP PORT "reset" CLKPORT "clk" 

Report:    3.857ns delay reset to SLICE_133 (3.583ns delay and 0.274ns setup)

   Name    Fanout   Delay (ns)          Site               Resource
PADI_DEL    ---     1.132          4.PAD to        4.PADDI reset
ROUTE       179     2.451        4.PADDI to     R4C10C.LSR reset_c (to clk_c)
                  --------
                    3.583   (31.6% logic, 68.4% route), 1 logic levels.

Unconstrained Preference:
   INPUT_SETUP PORT "reset" CLKPORT "clk" 

Report:    3.857ns delay reset to SLICE_134 (3.583ns delay and 0.274ns setup)

   Name    Fanout   Delay (ns)          Site               Resource
PADI_DEL    ---     1.132          4.PAD to        4.PADDI reset
ROUTE       179     2.451        4.PADDI to     R5C12B.LSR reset_c (to clk_c)
                  --------
                    3.583   (31.6% logic, 68.4% route), 1 logic levels.

Unconstrained Preference:
   INPUT_SETUP PORT "reset" CLKPORT "clk" 

Report:    3.857ns delay reset to SLICE_16 (3.583ns delay and 0.274ns setup)

   Name    Fanout   Delay (ns)          Site               Resource
PADI_DEL    ---     1.132          4.PAD to        4.PADDI reset
ROUTE       179     2.451        4.PADDI to      R7C2A.LSR reset_c (to clk_c)
                  --------
                    3.583   (31.6% logic, 68.4% route), 1 logic levels.

Unconstrained Preference:
   INPUT_SETUP PORT "reset" CLKPORT "clk" 

Report:    3.857ns delay reset to SLICE_17 (3.583ns delay and 0.274ns setup)

   Name    Fanout   Delay (ns)          Site               Resource
PADI_DEL    ---     1.132          4.PAD to        4.PADDI reset
ROUTE       179     2.451        4.PADDI to      R7C2B.LSR reset_c (to clk_c)
                  --------
                    3.583   (31.6% logic, 68.4% route), 1 logic levels.

Unconstrained Preference:
   INPUT_SETUP PORT "reset" CLKPORT "clk" 

Report:    3.857ns delay reset to SLICE_171 (3.583ns delay and 0.274ns setup)

   Name    Fanout   Delay (ns)          Site               Resource
PADI_DEL    ---     1.132          4.PAD to        4.PADDI reset
ROUTE       179     2.451        4.PADDI to      R5C9C.LSR reset_c (to clk_c)
                  --------
                    3.583   (31.6% logic, 68.4% route), 1 logic levels.

Unconstrained Preference:
   INPUT_SETUP PORT "reset" CLKPORT "clk" 

Report:    3.857ns delay reset to SLICE_172 (3.583ns delay and 0.274ns setup)

   Name    Fanout   Delay (ns)          Site               Resource
PADI_DEL    ---     1.132          4.PAD to        4.PADDI reset
ROUTE       179     2.451        4.PADDI to     R5C13A.LSR reset_c (to clk_c)
                  --------
                    3.583   (31.6% logic, 68.4% route), 1 logic levels.

Unconstrained Preference:
   INPUT_SETUP PORT "reset" CLKPORT "clk" 

Report:    3.857ns delay reset to SLICE_173 (3.583ns delay and 0.274ns setup)

   Name    Fanout   Delay (ns)          Site               Resource
PADI_DEL    ---     1.132          4.PAD to        4.PADDI reset
ROUTE       179     2.451        4.PADDI to     R4C15A.LSR reset_c (to clk_c)
                  --------
                    3.583   (31.6% logic, 68.4% route), 1 logic levels.

Unconstrained Preference:
   INPUT_SETUP PORT "reset" CLKPORT "clk" 

Report:    3.857ns delay reset to SLICE_174 (3.583ns delay and 0.274ns setup)

   Name    Fanout   Delay (ns)          Site               Resource
PADI_DEL    ---     1.132          4.PAD to        4.PADDI reset
ROUTE       179     2.451        4.PADDI to      R3C9D.LSR reset_c (to clk_c)
                  --------
                    3.583   (31.6% logic, 68.4% route), 1 logic levels.

Unconstrained Preference:
   INPUT_SETUP PORT "reset" CLKPORT "clk" 

Report:    3.857ns delay reset to SLICE_175 (3.583ns delay and 0.274ns setup)

   Name    Fanout   Delay (ns)          Site               Resource
PADI_DEL    ---     1.132          4.PAD to        4.PADDI reset
ROUTE       179     2.451        4.PADDI to      R2C9B.LSR reset_c (to clk_c)
                  --------
                    3.583   (31.6% logic, 68.4% route), 1 logic levels.

Unconstrained Preference:
   INPUT_SETUP PORT "reset" CLKPORT "clk" 

Report:    3.857ns delay reset to SLICE_176 (3.583ns delay and 0.274ns setup)

   Name    Fanout   Delay (ns)          Site               Resource
PADI_DEL    ---     1.132          4.PAD to        4.PADDI reset
ROUTE       179     2.451        4.PADDI to      R7C9D.LSR reset_c (to clk_c)
                  --------
                    3.583   (31.6% logic, 68.4% route), 1 logic levels.

Unconstrained Preference:
   INPUT_SETUP PORT "reset" CLKPORT "clk" 

Report:    3.857ns delay reset to SLICE_19 (3.583ns delay and 0.274ns setup)

   Name    Fanout   Delay (ns)          Site               Resource
PADI_DEL    ---     1.132          4.PAD to        4.PADDI reset
ROUTE       179     2.451        4.PADDI to     R10C3A.LSR reset_c (to clk_c)
                  --------
                    3.583   (31.6% logic, 68.4% route), 1 logic levels.

Unconstrained Preference:
   INPUT_SETUP PORT "reset" CLKPORT "clk" 

Report:    3.857ns delay reset to SLICE_20 (3.583ns delay and 0.274ns setup)

   Name    Fanout   Delay (ns)          Site               Resource
PADI_DEL    ---     1.132          4.PAD to        4.PADDI reset
ROUTE       179     2.451        4.PADDI to     R10C3B.LSR reset_c (to clk_c)
                  --------
                    3.583   (31.6% logic, 68.4% route), 1 logic levels.

Unconstrained Preference:
   INPUT_SETUP PORT "reset" CLKPORT "clk" 

Report:    3.857ns delay reset to SLICE_22 (3.583ns delay and 0.274ns setup)

   Name    Fanout   Delay (ns)          Site               Resource
PADI_DEL    ---     1.132          4.PAD to        4.PADDI reset
ROUTE       179     2.451        4.PADDI to      R3C2A.LSR reset_c (to clk_c)
                  --------
                    3.583   (31.6% logic, 68.4% route), 1 logic levels.

Unconstrained Preference:
   INPUT_SETUP PORT "reset" CLKPORT "clk" 

Report:    3.857ns delay reset to SLICE_23 (3.583ns delay and 0.274ns setup)

   Name    Fanout   Delay (ns)          Site               Resource
PADI_DEL    ---     1.132          4.PAD to        4.PADDI reset
ROUTE       179     2.451        4.PADDI to      R3C2B.LSR reset_c (to clk_c)
                  --------
                    3.583   (31.6% logic, 68.4% route), 1 logic levels.

Unconstrained Preference:
   INPUT_SETUP PORT "reset" CLKPORT "clk" 

Report:    3.857ns delay reset to SLICE_236 (3.583ns delay and 0.274ns setup)

   Name    Fanout   Delay (ns)          Site               Resource
PADI_DEL    ---     1.132          4.PAD to        4.PADDI reset
ROUTE       179     2.451        4.PADDI to     R4C14B.LSR reset_c (to clk_c)
                  --------
                    3.583   (31.6% logic, 68.4% route), 1 logic levels.

Unconstrained Preference:
   INPUT_SETUP PORT "reset" CLKPORT "clk" 

Report:    3.857ns delay reset to SLICE_237 (3.583ns delay and 0.274ns setup)

   Name    Fanout   Delay (ns)          Site               Resource
PADI_DEL    ---     1.132          4.PAD to        4.PADDI reset
ROUTE       179     2.451        4.PADDI to     R4C16A.LSR reset_c (to clk_c)
                  --------
                    3.583   (31.6% logic, 68.4% route), 1 logic levels.

Unconstrained Preference:
   INPUT_SETUP PORT "reset" CLKPORT "clk" 

Report:    3.857ns delay reset to SLICE_238 (3.583ns delay and 0.274ns setup)

   Name    Fanout   Delay (ns)          Site               Resource
PADI_DEL    ---     1.132          4.PAD to        4.PADDI reset
ROUTE       179     2.451        4.PADDI to     R3C16B.LSR reset_c (to clk_c)
                  --------
                    3.583   (31.6% logic, 68.4% route), 1 logic levels.

Unconstrained Preference:
   INPUT_SETUP PORT "reset" CLKPORT "clk" 

Report:    3.857ns delay reset to SLICE_239 (3.583ns delay and 0.274ns setup)

   Name    Fanout   Delay (ns)          Site               Resource
PADI_DEL    ---     1.132          4.PAD to        4.PADDI reset
ROUTE       179     2.451        4.PADDI to     R5C17B.LSR reset_c (to clk_c)
                  --------
                    3.583   (31.6% logic, 68.4% route), 1 logic levels.

Unconstrained Preference:
   INPUT_SETUP PORT "reset" CLKPORT "clk" 

Report:    3.857ns delay reset to SLICE_240 (3.583ns delay and 0.274ns setup)

   Name    Fanout   Delay (ns)          Site               Resource
PADI_DEL    ---     1.132          4.PAD to        4.PADDI reset
ROUTE       179     2.451        4.PADDI to      R4C9A.LSR reset_c (to clk_c)
                  --------
                    3.583   (31.6% logic, 68.4% route), 1 logic levels.

Unconstrained Preference:
   INPUT_SETUP PORT "reset" CLKPORT "clk" 

Report:    3.857ns delay reset to SLICE_25 (3.583ns delay and 0.274ns setup)

   Name    Fanout   Delay (ns)          Site               Resource
PADI_DEL    ---     1.132          4.PAD to        4.PADDI reset
ROUTE       179     2.451        4.PADDI to      R3C6A.LSR reset_c (to clk_c)
                  --------
                    3.583   (31.6% logic, 68.4% route), 1 logic levels.

Unconstrained Preference:
   INPUT_SETUP PORT "reset" CLKPORT "clk" 

Report:    3.857ns delay reset to SLICE_26 (3.583ns delay and 0.274ns setup)

   Name    Fanout   Delay (ns)          Site               Resource
PADI_DEL    ---     1.132          4.PAD to        4.PADDI reset
ROUTE       179     2.451        4.PADDI to      R3C6B.LSR reset_c (to clk_c)
                  --------
                    3.583   (31.6% logic, 68.4% route), 1 logic levels.

Unconstrained Preference:
   INPUT_SETUP PORT "reset" CLKPORT "clk" 

Report:    3.857ns delay reset to SLICE_28 (3.583ns delay and 0.274ns setup)

   Name    Fanout   Delay (ns)          Site               Resource
PADI_DEL    ---     1.132          4.PAD to        4.PADDI reset
ROUTE       179     2.451        4.PADDI to      R8C5A.LSR reset_c (to clk_c)
                  --------
                    3.583   (31.6% logic, 68.4% route), 1 logic levels.

Unconstrained Preference:
   INPUT_SETUP PORT "reset" CLKPORT "clk" 

Report:    3.857ns delay reset to SLICE_29 (3.583ns delay and 0.274ns setup)

   Name    Fanout   Delay (ns)          Site               Resource
PADI_DEL    ---     1.132          4.PAD to        4.PADDI reset
ROUTE       179     2.451        4.PADDI to      R8C5B.LSR reset_c (to clk_c)
                  --------
                    3.583   (31.6% logic, 68.4% route), 1 logic levels.

Unconstrained Preference:
   INPUT_SETUP PORT "reset" CLKPORT "clk" 

Report:    3.857ns delay reset to SLICE_31 (3.583ns delay and 0.274ns setup)

   Name    Fanout   Delay (ns)          Site               Resource
PADI_DEL    ---     1.132          4.PAD to        4.PADDI reset
ROUTE       179     2.451        4.PADDI to      R2C4A.LSR reset_c (to clk_c)
                  --------
                    3.583   (31.6% logic, 68.4% route), 1 logic levels.

Unconstrained Preference:
   INPUT_SETUP PORT "reset" CLKPORT "clk" 

Report:    3.857ns delay reset to SLICE_32 (3.583ns delay and 0.274ns setup)

   Name    Fanout   Delay (ns)          Site               Resource
PADI_DEL    ---     1.132          4.PAD to        4.PADDI reset
ROUTE       179     2.451        4.PADDI to      R2C4B.LSR reset_c (to clk_c)
                  --------
                    3.583   (31.6% logic, 68.4% route), 1 logic levels.

Unconstrained Preference:
   INPUT_SETUP PORT "reset" CLKPORT "clk" 

Report:    3.857ns delay reset to SLICE_34 (3.583ns delay and 0.274ns setup)

   Name    Fanout   Delay (ns)          Site               Resource
PADI_DEL    ---     1.132          4.PAD to        4.PADDI reset
ROUTE       179     2.451        4.PADDI to      R2C5A.LSR reset_c (to clk_c)
                  --------
                    3.583   (31.6% logic, 68.4% route), 1 logic levels.

Unconstrained Preference:
   INPUT_SETUP PORT "reset" CLKPORT "clk" 

Report:    3.857ns delay reset to SLICE_35 (3.583ns delay and 0.274ns setup)

   Name    Fanout   Delay (ns)          Site               Resource
PADI_DEL    ---     1.132          4.PAD to        4.PADDI reset
ROUTE       179     2.451        4.PADDI to      R2C5B.LSR reset_c (to clk_c)
                  --------
                    3.583   (31.6% logic, 68.4% route), 1 logic levels.

Unconstrained Preference:
   INPUT_SETUP PORT "reset" CLKPORT "clk" 

Report:    3.857ns delay reset to SLICE_37 (3.583ns delay and 0.274ns setup)

   Name    Fanout   Delay (ns)          Site               Resource
PADI_DEL    ---     1.132          4.PAD to        4.PADDI reset
ROUTE       179     2.451        4.PADDI to      R7C5A.LSR reset_c (to clk_c)
                  --------
                    3.583   (31.6% logic, 68.4% route), 1 logic levels.

Unconstrained Preference:
   INPUT_SETUP PORT "reset" CLKPORT "clk" 

Report:    3.857ns delay reset to SLICE_38 (3.583ns delay and 0.274ns setup)

   Name    Fanout   Delay (ns)          Site               Resource
PADI_DEL    ---     1.132          4.PAD to        4.PADDI reset
ROUTE       179     2.451        4.PADDI to      R7C5B.LSR reset_c (to clk_c)
                  --------
                    3.583   (31.6% logic, 68.4% route), 1 logic levels.

Unconstrained Preference:
   INPUT_SETUP PORT "reset" CLKPORT "clk" 

Report:    3.857ns delay reset to SLICE_383 (3.583ns delay and 0.274ns setup)

   Name    Fanout   Delay (ns)          Site               Resource
PADI_DEL    ---     1.132          4.PAD to        4.PADDI reset
ROUTE       179     2.451        4.PADDI to     R3C17C.LSR reset_c (to clk_c)
                  --------
                    3.583   (31.6% logic, 68.4% route), 1 logic levels.

Unconstrained Preference:
   INPUT_SETUP PORT "reset" CLKPORT "clk" 

Report:    3.857ns delay reset to SLICE_384 (3.583ns delay and 0.274ns setup)

   Name    Fanout   Delay (ns)          Site               Resource
PADI_DEL    ---     1.132          4.PAD to        4.PADDI reset
ROUTE       179     2.451        4.PADDI to     R5C16D.LSR reset_c (to clk_c)
                  --------
                    3.583   (31.6% logic, 68.4% route), 1 logic levels.

Unconstrained Preference:
   INPUT_SETUP PORT "reset" CLKPORT "clk" 

Report:    3.857ns delay reset to SLICE_385 (3.583ns delay and 0.274ns setup)

   Name    Fanout   Delay (ns)          Site               Resource
PADI_DEL    ---     1.132          4.PAD to        4.PADDI reset
ROUTE       179     2.451        4.PADDI to     R3C16A.LSR reset_c (to clk_c)
                  --------
                    3.583   (31.6% logic, 68.4% route), 1 logic levels.

Unconstrained Preference:
   INPUT_SETUP PORT "reset" CLKPORT "clk" 

Report:    3.857ns delay reset to SLICE_386 (3.583ns delay and 0.274ns setup)

   Name    Fanout   Delay (ns)          Site               Resource
PADI_DEL    ---     1.132          4.PAD to        4.PADDI reset
ROUTE       179     2.451        4.PADDI to     R2C13B.LSR reset_c (to clk_c)
                  --------
                    3.583   (31.6% logic, 68.4% route), 1 logic levels.

Unconstrained Preference:
   INPUT_SETUP PORT "reset" CLKPORT "clk" 

Report:    3.857ns delay reset to SLICE_387 (3.583ns delay and 0.274ns setup)

   Name    Fanout   Delay (ns)          Site               Resource
PADI_DEL    ---     1.132          4.PAD to        4.PADDI reset
ROUTE       179     2.451        4.PADDI to     R5C15D.LSR reset_c (to clk_c)
                  --------
                    3.583   (31.6% logic, 68.4% route), 1 logic levels.

Unconstrained Preference:
   INPUT_SETUP PORT "reset" CLKPORT "clk" 

Report:    3.857ns delay reset to SLICE_388 (3.583ns delay and 0.274ns setup)

   Name    Fanout   Delay (ns)          Site               Resource
PADI_DEL    ---     1.132          4.PAD to        4.PADDI reset
ROUTE       179     2.451        4.PADDI to     R3C14B.LSR reset_c (to clk_c)
                  --------
                    3.583   (31.6% logic, 68.4% route), 1 logic levels.

Unconstrained Preference:
   INPUT_SETUP PORT "reset" CLKPORT "clk" 

Report:    3.857ns delay reset to SLICE_389 (3.583ns delay and 0.274ns setup)

   Name    Fanout   Delay (ns)          Site               Resource
PADI_DEL    ---     1.132          4.PAD to        4.PADDI reset
ROUTE       179     2.451        4.PADDI to     R3C15D.LSR reset_c (to clk_c)
                  --------
                    3.583   (31.6% logic, 68.4% route), 1 logic levels.

Unconstrained Preference:
   INPUT_SETUP PORT "reset" CLKPORT "clk" 

Report:    3.857ns delay reset to SLICE_390 (3.583ns delay and 0.274ns setup)

   Name    Fanout   Delay (ns)          Site               Resource
PADI_DEL    ---     1.132          4.PAD to        4.PADDI reset
ROUTE       179     2.451        4.PADDI to     R4C15B.LSR reset_c (to clk_c)
                  --------
                    3.583   (31.6% logic, 68.4% route), 1 logic levels.

Unconstrained Preference:
   INPUT_SETUP PORT "reset" CLKPORT "clk" 

Report:    3.857ns delay reset to SLICE_391 (3.583ns delay and 0.274ns setup)

   Name    Fanout   Delay (ns)          Site               Resource
PADI_DEL    ---     1.132          4.PAD to        4.PADDI reset
ROUTE       179     2.451        4.PADDI to     R3C14A.LSR reset_c (to clk_c)
                  --------
                    3.583   (31.6% logic, 68.4% route), 1 logic levels.

Unconstrained Preference:
   INPUT_SETUP PORT "reset" CLKPORT "clk" 

Report:    3.857ns delay reset to SLICE_392 (3.583ns delay and 0.274ns setup)

   Name    Fanout   Delay (ns)          Site               Resource
PADI_DEL    ---     1.132          4.PAD to        4.PADDI reset
ROUTE       179     2.451        4.PADDI to     R4C14C.LSR reset_c (to clk_c)
                  --------
                    3.583   (31.6% logic, 68.4% route), 1 logic levels.

Unconstrained Preference:
   INPUT_SETUP PORT "reset" CLKPORT "clk" 

Report:    3.857ns delay reset to SLICE_393 (3.583ns delay and 0.274ns setup)

   Name    Fanout   Delay (ns)          Site               Resource
PADI_DEL    ---     1.132          4.PAD to        4.PADDI reset
ROUTE       179     2.451        4.PADDI to     R3C14C.LSR reset_c (to clk_c)
                  --------
                    3.583   (31.6% logic, 68.4% route), 1 logic levels.

Unconstrained Preference:
   INPUT_SETUP PORT "reset" CLKPORT "clk" 

Report:    3.857ns delay reset to SLICE_394 (3.583ns delay and 0.274ns setup)

   Name    Fanout   Delay (ns)          Site               Resource
PADI_DEL    ---     1.132          4.PAD to        4.PADDI reset
ROUTE       179     2.451        4.PADDI to     R4C13C.LSR reset_c (to clk_c)
                  --------
                    3.583   (31.6% logic, 68.4% route), 1 logic levels.

Unconstrained Preference:
   INPUT_SETUP PORT "reset" CLKPORT "clk" 

Report:    3.857ns delay reset to SLICE_395 (3.583ns delay and 0.274ns setup)

   Name    Fanout   Delay (ns)          Site               Resource
PADI_DEL    ---     1.132          4.PAD to        4.PADDI reset
ROUTE       179     2.451        4.PADDI to     R3C13D.LSR reset_c (to clk_c)
                  --------
                    3.583   (31.6% logic, 68.4% route), 1 logic levels.

Unconstrained Preference:
   INPUT_SETUP PORT "reset" CLKPORT "clk" 

Report:    3.857ns delay reset to SLICE_396 (3.583ns delay and 0.274ns setup)

   Name    Fanout   Delay (ns)          Site               Resource
PADI_DEL    ---     1.132          4.PAD to        4.PADDI reset
ROUTE       179     2.451        4.PADDI to     R2C14A.LSR reset_c (to clk_c)
                  --------
                    3.583   (31.6% logic, 68.4% route), 1 logic levels.

Unconstrained Preference:
   INPUT_SETUP PORT "reset" CLKPORT "clk" 

Report:    3.857ns delay reset to SLICE_397 (3.583ns delay and 0.274ns setup)

   Name    Fanout   Delay (ns)          Site               Resource
PADI_DEL    ---     1.132          4.PAD to        4.PADDI reset
ROUTE       179     2.451        4.PADDI to     R2C16D.LSR reset_c (to clk_c)
                  --------
                    3.583   (31.6% logic, 68.4% route), 1 logic levels.

Unconstrained Preference:
   INPUT_SETUP PORT "reset" CLKPORT "clk" 

Report:    3.857ns delay reset to SLICE_398 (3.583ns delay and 0.274ns setup)

   Name    Fanout   Delay (ns)          Site               Resource
PADI_DEL    ---     1.132          4.PAD to        4.PADDI reset
ROUTE       179     2.451        4.PADDI to     R5C13B.LSR reset_c (to clk_c)
                  --------
                    3.583   (31.6% logic, 68.4% route), 1 logic levels.

Unconstrained Preference:
   INPUT_SETUP PORT "reset" CLKPORT "clk" 

Report:    3.857ns delay reset to SLICE_399 (3.583ns delay and 0.274ns setup)

   Name    Fanout   Delay (ns)          Site               Resource
PADI_DEL    ---     1.132          4.PAD to        4.PADDI reset
ROUTE       179     2.451        4.PADDI to     R2C16B.LSR reset_c (to clk_c)
                  --------
                    3.583   (31.6% logic, 68.4% route), 1 logic levels.

Unconstrained Preference:
   INPUT_SETUP PORT "reset" CLKPORT "clk" 

Report:    3.857ns delay reset to SLICE_400 (3.583ns delay and 0.274ns setup)

   Name    Fanout   Delay (ns)          Site               Resource
PADI_DEL    ---     1.132          4.PAD to        4.PADDI reset
ROUTE       179     2.451        4.PADDI to     R5C14A.LSR reset_c (to clk_c)
                  --------
                    3.583   (31.6% logic, 68.4% route), 1 logic levels.

Unconstrained Preference:
   INPUT_SETUP PORT "reset" CLKPORT "clk" 

Report:    3.857ns delay reset to SLICE_401 (3.583ns delay and 0.274ns setup)

   Name    Fanout   Delay (ns)          Site               Resource
PADI_DEL    ---     1.132          4.PAD to        4.PADDI reset
ROUTE       179     2.451        4.PADDI to     R2C15B.LSR reset_c (to clk_c)
                  --------
                    3.583   (31.6% logic, 68.4% route), 1 logic levels.

Unconstrained Preference:
   INPUT_SETUP PORT "reset" CLKPORT "clk" 

Report:    3.857ns delay reset to SLICE_402 (3.583ns delay and 0.274ns setup)

   Name    Fanout   Delay (ns)          Site               Resource
PADI_DEL    ---     1.132          4.PAD to        4.PADDI reset
ROUTE       179     2.451        4.PADDI to     R4C16C.LSR reset_c (to clk_c)
                  --------
                    3.583   (31.6% logic, 68.4% route), 1 logic levels.

Unconstrained Preference:
   INPUT_SETUP PORT "reset" CLKPORT "clk" 

Report:    3.857ns delay reset to SLICE_403 (3.583ns delay and 0.274ns setup)

   Name    Fanout   Delay (ns)          Site               Resource
PADI_DEL    ---     1.132          4.PAD to        4.PADDI reset
ROUTE       179     2.451        4.PADDI to     R2C14C.LSR reset_c (to clk_c)
                  --------
                    3.583   (31.6% logic, 68.4% route), 1 logic levels.

Unconstrained Preference:
   INPUT_SETUP PORT "reset" CLKPORT "clk" 

Report:    3.857ns delay reset to SLICE_404 (3.583ns delay and 0.274ns setup)

   Name    Fanout   Delay (ns)          Site               Resource
PADI_DEL    ---     1.132          4.PAD to        4.PADDI reset
ROUTE       179     2.451        4.PADDI to     R4C17B.LSR reset_c (to clk_c)
                  --------
                    3.583   (31.6% logic, 68.4% route), 1 logic levels.

Unconstrained Preference:
   INPUT_SETUP PORT "reset" CLKPORT "clk" 

Report:    3.857ns delay reset to SLICE_405 (3.583ns delay and 0.274ns setup)

   Name    Fanout   Delay (ns)          Site               Resource
PADI_DEL    ---     1.132          4.PAD to        4.PADDI reset
ROUTE       179     2.451        4.PADDI to     R4C17C.LSR reset_c (to clk_c)
                  --------
                    3.583   (31.6% logic, 68.4% route), 1 logic levels.

Unconstrained Preference:
   INPUT_SETUP PORT "reset" CLKPORT "clk" 

Report:    3.857ns delay reset to SLICE_406 (3.583ns delay and 0.274ns setup)

   Name    Fanout   Delay (ns)          Site               Resource
PADI_DEL    ---     1.132          4.PAD to        4.PADDI reset
ROUTE       179     2.451        4.PADDI to     R3C17D.LSR reset_c (to clk_c)
                  --------
                    3.583   (31.6% logic, 68.4% route), 1 logic levels.

Unconstrained Preference:
   INPUT_SETUP PORT "reset" CLKPORT "clk" 

Report:    3.857ns delay reset to SLICE_407 (3.583ns delay and 0.274ns setup)

   Name    Fanout   Delay (ns)          Site               Resource
PADI_DEL    ---     1.132          4.PAD to        4.PADDI reset
ROUTE       179     2.451        4.PADDI to     R2C13C.LSR reset_c (to clk_c)
                  --------
                    3.583   (31.6% logic, 68.4% route), 1 logic levels.

Unconstrained Preference:
   INPUT_SETUP PORT "reset" CLKPORT "clk" 

Report:    3.857ns delay reset to SLICE_408 (3.583ns delay and 0.274ns setup)

   Name    Fanout   Delay (ns)          Site               Resource
PADI_DEL    ---     1.132          4.PAD to        4.PADDI reset
ROUTE       179     2.451        4.PADDI to     R4C17A.LSR reset_c (to clk_c)
                  --------
                    3.583   (31.6% logic, 68.4% route), 1 logic levels.

Unconstrained Preference:
   INPUT_SETUP PORT "reset" CLKPORT "clk" 

Report:    3.857ns delay reset to SLICE_409 (3.583ns delay and 0.274ns setup)

   Name    Fanout   Delay (ns)          Site               Resource
PADI_DEL    ---     1.132          4.PAD to        4.PADDI reset
ROUTE       179     2.451        4.PADDI to     R3C15B.LSR reset_c (to clk_c)
                  --------
                    3.583   (31.6% logic, 68.4% route), 1 logic levels.

Unconstrained Preference:
   INPUT_SETUP PORT "reset" CLKPORT "clk" 

Report:    3.857ns delay reset to SLICE_410 (3.583ns delay and 0.274ns setup)

   Name    Fanout   Delay (ns)          Site               Resource
PADI_DEL    ---     1.132          4.PAD to        4.PADDI reset
ROUTE       179     2.451        4.PADDI to     R5C17C.LSR reset_c (to clk_c)
                  --------
                    3.583   (31.6% logic, 68.4% route), 1 logic levels.

Unconstrained Preference:
   INPUT_SETUP PORT "reset" CLKPORT "clk" 

Report:    3.857ns delay reset to SLICE_411 (3.583ns delay and 0.274ns setup)

   Name    Fanout   Delay (ns)          Site               Resource
PADI_DEL    ---     1.132          4.PAD to        4.PADDI reset
ROUTE       179     2.451        4.PADDI to     R5C16C.LSR reset_c (to clk_c)
                  --------
                    3.583   (31.6% logic, 68.4% route), 1 logic levels.

Unconstrained Preference:
   INPUT_SETUP PORT "reset" CLKPORT "clk" 

Report:    3.857ns delay reset to SLICE_412 (3.583ns delay and 0.274ns setup)

   Name    Fanout   Delay (ns)          Site               Resource
PADI_DEL    ---     1.132          4.PAD to        4.PADDI reset
ROUTE       179     2.451        4.PADDI to      R5C9B.LSR reset_c (to clk_c)
                  --------
                    3.583   (31.6% logic, 68.4% route), 1 logic levels.

Unconstrained Preference:
   INPUT_SETUP PORT "reset" CLKPORT "clk" 

Report:    3.857ns delay reset to SLICE_413 (3.583ns delay and 0.274ns setup)

   Name    Fanout   Delay (ns)          Site               Resource
PADI_DEL    ---     1.132          4.PAD to        4.PADDI reset
ROUTE       179     2.451        4.PADDI to     R4C12B.LSR reset_c (to clk_c)
                  --------
                    3.583   (31.6% logic, 68.4% route), 1 logic levels.

Unconstrained Preference:
   INPUT_SETUP PORT "reset" CLKPORT "clk" 

Report:    3.857ns delay reset to SLICE_414 (3.583ns delay and 0.274ns setup)

   Name    Fanout   Delay (ns)          Site               Resource
PADI_DEL    ---     1.132          4.PAD to        4.PADDI reset
ROUTE       179     2.451        4.PADDI to      R4C9B.LSR reset_c (to clk_c)
                  --------
                    3.583   (31.6% logic, 68.4% route), 1 logic levels.

Unconstrained Preference:
   INPUT_SETUP PORT "reset" CLKPORT "clk" 

Report:    3.857ns delay reset to SLICE_415 (3.583ns delay and 0.274ns setup)

   Name    Fanout   Delay (ns)          Site               Resource
PADI_DEL    ---     1.132          4.PAD to        4.PADDI reset
ROUTE       179     2.451        4.PADDI to      R4C9D.LSR reset_c (to clk_c)
                  --------
                    3.583   (31.6% logic, 68.4% route), 1 logic levels.

Unconstrained Preference:
   INPUT_SETUP PORT "reset" CLKPORT "clk" 

Report:    3.857ns delay reset to SLICE_416 (3.583ns delay and 0.274ns setup)

   Name    Fanout   Delay (ns)          Site               Resource
PADI_DEL    ---     1.132          4.PAD to        4.PADDI reset
ROUTE       179     2.451        4.PADDI to     R5C12C.LSR reset_c (to clk_c)
                  --------
                    3.583   (31.6% logic, 68.4% route), 1 logic levels.

Unconstrained Preference:
   INPUT_SETUP PORT "reset" CLKPORT "clk" 

Report:    3.857ns delay reset to SLICE_417 (3.583ns delay and 0.274ns setup)

   Name    Fanout   Delay (ns)          Site               Resource
PADI_DEL    ---     1.132          4.PAD to        4.PADDI reset
ROUTE       179     2.451        4.PADDI to     R5C15C.LSR reset_c (to clk_c)
                  --------
                    3.583   (31.6% logic, 68.4% route), 1 logic levels.

Unconstrained Preference:
   INPUT_SETUP PORT "reset" CLKPORT "clk" 

Report:    3.857ns delay reset to SLICE_418 (3.583ns delay and 0.274ns setup)

   Name    Fanout   Delay (ns)          Site               Resource
PADI_DEL    ---     1.132          4.PAD to        4.PADDI reset
ROUTE       179     2.451        4.PADDI to     R4C18D.LSR reset_c (to clk_c)
                  --------
                    3.583   (31.6% logic, 68.4% route), 1 logic levels.

Unconstrained Preference:
   INPUT_SETUP PORT "reset" CLKPORT "clk" 

Report:    3.857ns delay reset to SLICE_419 (3.583ns delay and 0.274ns setup)

   Name    Fanout   Delay (ns)          Site               Resource
PADI_DEL    ---     1.132          4.PAD to        4.PADDI reset
ROUTE       179     2.451        4.PADDI to     R5C13C.LSR reset_c (to clk_c)
                  --------
                    3.583   (31.6% logic, 68.4% route), 1 logic levels.

Unconstrained Preference:
   INPUT_SETUP PORT "reset" CLKPORT "clk" 

Report:    3.857ns delay reset to SLICE_420 (3.583ns delay and 0.274ns setup)

   Name    Fanout   Delay (ns)          Site               Resource
PADI_DEL    ---     1.132          4.PAD to        4.PADDI reset
ROUTE       179     2.451        4.PADDI to      R4C9C.LSR reset_c (to clk_c)
                  --------
                    3.583   (31.6% logic, 68.4% route), 1 logic levels.

Unconstrained Preference:
   INPUT_SETUP PORT "reset" CLKPORT "clk" 

Report:    3.857ns delay reset to SLICE_421 (3.583ns delay and 0.274ns setup)

   Name    Fanout   Delay (ns)          Site               Resource
PADI_DEL    ---     1.132          4.PAD to        4.PADDI reset
ROUTE       179     2.451        4.PADDI to     R4C10A.LSR reset_c (to clk_c)
                  --------
                    3.583   (31.6% logic, 68.4% route), 1 logic levels.

Unconstrained Preference:
   INPUT_SETUP PORT "reset" CLKPORT "clk" 

Report:    3.857ns delay reset to SLICE_422 (3.583ns delay and 0.274ns setup)

   Name    Fanout   Delay (ns)          Site               Resource
PADI_DEL    ---     1.132          4.PAD to        4.PADDI reset
ROUTE       179     2.451        4.PADDI to      R5C9A.LSR reset_c (to clk_c)
                  --------
                    3.583   (31.6% logic, 68.4% route), 1 logic levels.

Unconstrained Preference:
   INPUT_SETUP PORT "reset" CLKPORT "clk" 

Report:    3.857ns delay reset to SLICE_444 (3.583ns delay and 0.274ns setup)

   Name    Fanout   Delay (ns)          Site               Resource
PADI_DEL    ---     1.132          4.PAD to        4.PADDI reset
ROUTE       179     2.451        4.PADDI to     R4C14A.LSR reset_c (to clk_c)
                  --------
                    3.583   (31.6% logic, 68.4% route), 1 logic levels.

Unconstrained Preference:
   INPUT_SETUP PORT "reset" CLKPORT "clk" 

Report:    3.857ns delay reset to SLICE_467 (3.583ns delay and 0.274ns setup)

   Name    Fanout   Delay (ns)          Site               Resource
PADI_DEL    ---     1.132          4.PAD to        4.PADDI reset
ROUTE       179     2.451        4.PADDI to     R3C15C.LSR reset_c (to clk_c)
                  --------
                    3.583   (31.6% logic, 68.4% route), 1 logic levels.

Unconstrained Preference:
   INPUT_SETUP PORT "reset" CLKPORT "clk" 

Report:    3.857ns delay reset to SLICE_468 (3.583ns delay and 0.274ns setup)

   Name    Fanout   Delay (ns)          Site               Resource
PADI_DEL    ---     1.132          4.PAD to        4.PADDI reset
ROUTE       179     2.451        4.PADDI to     R4C15D.LSR reset_c (to clk_c)
                  --------
                    3.583   (31.6% logic, 68.4% route), 1 logic levels.

Unconstrained Preference:
   INPUT_SETUP PORT "reset" CLKPORT "clk" 

Report:    3.857ns delay reset to SLICE_484 (3.583ns delay and 0.274ns setup)

   Name    Fanout   Delay (ns)          Site               Resource
PADI_DEL    ---     1.132          4.PAD to        4.PADDI reset
ROUTE       179     2.451        4.PADDI to     R3C17A.LSR reset_c (to clk_c)
                  --------
                    3.583   (31.6% logic, 68.4% route), 1 logic levels.

Unconstrained Preference:
   INPUT_SETUP PORT "reset" CLKPORT "clk" 

Report:    3.857ns delay reset to SLICE_485 (3.583ns delay and 0.274ns setup)

   Name    Fanout   Delay (ns)          Site               Resource
PADI_DEL    ---     1.132          4.PAD to        4.PADDI reset
ROUTE       179     2.451        4.PADDI to     R3C13C.LSR reset_c (to clk_c)
                  --------
                    3.583   (31.6% logic, 68.4% route), 1 logic levels.

Unconstrained Preference:
   INPUT_SETUP PORT "reset" CLKPORT "clk" 

Report:    3.857ns delay reset to SLICE_486 (3.583ns delay and 0.274ns setup)

   Name    Fanout   Delay (ns)          Site               Resource
PADI_DEL    ---     1.132          4.PAD to        4.PADDI reset
ROUTE       179     2.451        4.PADDI to     R4C16B.LSR reset_c (to clk_c)
                  --------
                    3.583   (31.6% logic, 68.4% route), 1 logic levels.

Unconstrained Preference:
   INPUT_SETUP PORT "reset" CLKPORT "clk" 

Report:    3.857ns delay reset to SLICE_487 (3.583ns delay and 0.274ns setup)

   Name    Fanout   Delay (ns)          Site               Resource
PADI_DEL    ---     1.132          4.PAD to        4.PADDI reset
ROUTE       179     2.451        4.PADDI to      R4C6A.LSR reset_c (to clk_c)
                  --------
                    3.583   (31.6% logic, 68.4% route), 1 logic levels.

Unconstrained Preference:
   INPUT_SETUP PORT "reset" CLKPORT "clk" 

Report:    3.857ns delay reset to SLICE_488 (3.583ns delay and 0.274ns setup)

   Name    Fanout   Delay (ns)          Site               Resource
PADI_DEL    ---     1.132          4.PAD to        4.PADDI reset
ROUTE       179     2.451        4.PADDI to      R3C5B.LSR reset_c (to clk_c)
                  --------
                    3.583   (31.6% logic, 68.4% route), 1 logic levels.

Unconstrained Preference:
   INPUT_SETUP PORT "reset" CLKPORT "clk" 

Report:    3.857ns delay reset to SLICE_489 (3.583ns delay and 0.274ns setup)

   Name    Fanout   Delay (ns)          Site               Resource
PADI_DEL    ---     1.132          4.PAD to        4.PADDI reset
ROUTE       179     2.451        4.PADDI to      R5C5B.LSR reset_c (to clk_c)
                  --------
                    3.583   (31.6% logic, 68.4% route), 1 logic levels.

Unconstrained Preference:
   INPUT_SETUP PORT "reset" CLKPORT "clk" 

Report:    3.857ns delay reset to SLICE_490 (3.583ns delay and 0.274ns setup)

   Name    Fanout   Delay (ns)          Site               Resource
PADI_DEL    ---     1.132          4.PAD to        4.PADDI reset
ROUTE       179     2.451        4.PADDI to     R5C10A.LSR reset_c (to clk_c)
                  --------
                    3.583   (31.6% logic, 68.4% route), 1 logic levels.

Unconstrained Preference:
   INPUT_SETUP PORT "reset" CLKPORT "clk" 

Report:    3.857ns delay reset to SLICE_491 (3.583ns delay and 0.274ns setup)

   Name    Fanout   Delay (ns)          Site               Resource
PADI_DEL    ---     1.132          4.PAD to        4.PADDI reset
ROUTE       179     2.451        4.PADDI to      R5C6C.LSR reset_c (to clk_c)
                  --------
                    3.583   (31.6% logic, 68.4% route), 1 logic levels.

Unconstrained Preference:
   INPUT_SETUP PORT "reset" CLKPORT "clk" 

Report:    3.857ns delay reset to SLICE_492 (3.583ns delay and 0.274ns setup)

   Name    Fanout   Delay (ns)          Site               Resource
PADI_DEL    ---     1.132          4.PAD to        4.PADDI reset
ROUTE       179     2.451        4.PADDI to     R5C13D.LSR reset_c (to clk_c)
                  --------
                    3.583   (31.6% logic, 68.4% route), 1 logic levels.

Unconstrained Preference:
   INPUT_SETUP PORT "reset" CLKPORT "clk" 

Report:    3.857ns delay reset to SLICE_493 (3.583ns delay and 0.274ns setup)

   Name    Fanout   Delay (ns)          Site               Resource
PADI_DEL    ---     1.132          4.PAD to        4.PADDI reset
ROUTE       179     2.451        4.PADDI to     R3C13B.LSR reset_c (to clk_c)
                  --------
                    3.583   (31.6% logic, 68.4% route), 1 logic levels.

Unconstrained Preference:
   INPUT_SETUP PORT "reset" CLKPORT "clk" 

Report:    3.857ns delay reset to SLICE_494 (3.583ns delay and 0.274ns setup)

   Name    Fanout   Delay (ns)          Site               Resource
PADI_DEL    ---     1.132          4.PAD to        4.PADDI reset
ROUTE       179     2.451        4.PADDI to     R4C13D.LSR reset_c (to clk_c)
                  --------
                    3.583   (31.6% logic, 68.4% route), 1 logic levels.

Unconstrained Preference:
   INPUT_SETUP PORT "reset" CLKPORT "clk" 

Report:    3.857ns delay reset to SLICE_495 (3.583ns delay and 0.274ns setup)

   Name    Fanout   Delay (ns)          Site               Resource
PADI_DEL    ---     1.132          4.PAD to        4.PADDI reset
ROUTE       179     2.451        4.PADDI to     R4C18A.LSR reset_c (to clk_c)
                  --------
                    3.583   (31.6% logic, 68.4% route), 1 logic levels.

Unconstrained Preference:
   INPUT_SETUP PORT "reset" CLKPORT "clk" 

Report:    3.857ns delay reset to SLICE_496 (3.583ns delay and 0.274ns setup)

   Name    Fanout   Delay (ns)          Site               Resource
PADI_DEL    ---     1.132          4.PAD to        4.PADDI reset
ROUTE       179     2.451        4.PADDI to     R5C15A.LSR reset_c (to clk_c)
                  --------
                    3.583   (31.6% logic, 68.4% route), 1 logic levels.

Unconstrained Preference:
   INPUT_SETUP PORT "reset" CLKPORT "clk" 

Report:    3.857ns delay reset to SLICE_497 (3.583ns delay and 0.274ns setup)

   Name    Fanout   Delay (ns)          Site               Resource
PADI_DEL    ---     1.132          4.PAD to        4.PADDI reset
ROUTE       179     2.451        4.PADDI to      R5C8C.LSR reset_c (to clk_c)
                  --------
                    3.583   (31.6% logic, 68.4% route), 1 logic levels.

Unconstrained Preference:
   INPUT_SETUP PORT "reset" CLKPORT "clk" 

Report:    3.857ns delay reset to SLICE_498 (3.583ns delay and 0.274ns setup)

   Name    Fanout   Delay (ns)          Site               Resource
PADI_DEL    ---     1.132          4.PAD to        4.PADDI reset
ROUTE       179     2.451        4.PADDI to      R4C5D.LSR reset_c (to clk_c)
                  --------
                    3.583   (31.6% logic, 68.4% route), 1 logic levels.

Unconstrained Preference:
   INPUT_SETUP PORT "reset" CLKPORT "clk" 

Report:    3.857ns delay reset to SLICE_499 (3.583ns delay and 0.274ns setup)

   Name    Fanout   Delay (ns)          Site               Resource
PADI_DEL    ---     1.132          4.PAD to        4.PADDI reset
ROUTE       179     2.451        4.PADDI to      R5C3D.LSR reset_c (to clk_c)
                  --------
                    3.583   (31.6% logic, 68.4% route), 1 logic levels.

Unconstrained Preference:
   INPUT_SETUP PORT "reset" CLKPORT "clk" 

Report:    3.857ns delay reset to SLICE_500 (3.583ns delay and 0.274ns setup)

   Name    Fanout   Delay (ns)          Site               Resource
PADI_DEL    ---     1.132          4.PAD to        4.PADDI reset
ROUTE       179     2.451        4.PADDI to     R3C16D.LSR reset_c (to clk_c)
                  --------
                    3.583   (31.6% logic, 68.4% route), 1 logic levels.

Unconstrained Preference:
   INPUT_SETUP PORT "reset" CLKPORT "clk" 

Report:    3.857ns delay reset to SLICE_65 (3.583ns delay and 0.274ns setup)

   Name    Fanout   Delay (ns)          Site               Resource
PADI_DEL    ---     1.132          4.PAD to        4.PADDI reset
ROUTE       179     2.451        4.PADDI to      R5C9D.LSR reset_c (to clk_c)
                  --------
                    3.583   (31.6% logic, 68.4% route), 1 logic levels.

Unconstrained Preference:
   INPUT_SETUP PORT "reset" CLKPORT "clk" 

Report:    3.857ns delay reset to SLICE_66 (3.583ns delay and 0.274ns setup)

   Name    Fanout   Delay (ns)          Site               Resource
PADI_DEL    ---     1.132          4.PAD to        4.PADDI reset
ROUTE       179     2.451        4.PADDI to      R7C9C.LSR reset_c (to clk_c)
                  --------
                    3.583   (31.6% logic, 68.4% route), 1 logic levels.

Unconstrained Preference:
   INPUT_SETUP PORT "reset" CLKPORT "clk" 

Report:    3.857ns delay reset to SLICE_67 (3.583ns delay and 0.274ns setup)

   Name    Fanout   Delay (ns)          Site               Resource
PADI_DEL    ---     1.132          4.PAD to        4.PADDI reset
ROUTE       179     2.451        4.PADDI to      R9C3B.LSR reset_c (to clk_c)
                  --------
                    3.583   (31.6% logic, 68.4% route), 1 logic levels.

Unconstrained Preference:
   INPUT_SETUP PORT "reset" CLKPORT "clk" 

Report:    3.857ns delay reset to SLICE_68 (3.583ns delay and 0.274ns setup)

   Name    Fanout   Delay (ns)          Site               Resource
PADI_DEL    ---     1.132          4.PAD to        4.PADDI reset
ROUTE       179     2.451        4.PADDI to      R9C3A.LSR reset_c (to clk_c)
                  --------
                    3.583   (31.6% logic, 68.4% route), 1 logic levels.

Unconstrained Preference:
   INPUT_SETUP PORT "reset" CLKPORT "clk" 

Report:    3.857ns delay reset to SLICE_69 (3.583ns delay and 0.274ns setup)

   Name    Fanout   Delay (ns)          Site               Resource
PADI_DEL    ---     1.132          4.PAD to        4.PADDI reset
ROUTE       179     2.451        4.PADDI to      R7C3D.LSR reset_c (to clk_c)
                  --------
                    3.583   (31.6% logic, 68.4% route), 1 logic levels.

Unconstrained Preference:
   INPUT_SETUP PORT "reset" CLKPORT "clk" 

Report:    3.857ns delay reset to SLICE_70 (3.583ns delay and 0.274ns setup)

   Name    Fanout   Delay (ns)          Site               Resource
PADI_DEL    ---     1.132          4.PAD to        4.PADDI reset
ROUTE       179     2.451        4.PADDI to      R3C3C.LSR reset_c (to clk_c)
                  --------
                    3.583   (31.6% logic, 68.4% route), 1 logic levels.

Unconstrained Preference:
   INPUT_SETUP PORT "reset" CLKPORT "clk" 

Report:    3.857ns delay reset to SLICE_71 (3.583ns delay and 0.274ns setup)

   Name    Fanout   Delay (ns)          Site               Resource
PADI_DEL    ---     1.132          4.PAD to        4.PADDI reset
ROUTE       179     2.451        4.PADDI to      R3C5C.LSR reset_c (to clk_c)
                  --------
                    3.583   (31.6% logic, 68.4% route), 1 logic levels.

Unconstrained Preference:
   INPUT_SETUP PORT "reset" CLKPORT "clk" 

Report:    3.857ns delay reset to SLICE_72 (3.583ns delay and 0.274ns setup)

   Name    Fanout   Delay (ns)          Site               Resource
PADI_DEL    ---     1.132          4.PAD to        4.PADDI reset
ROUTE       179     2.451        4.PADDI to      R3C4C.LSR reset_c (to clk_c)
                  --------
                    3.583   (31.6% logic, 68.4% route), 1 logic levels.

Unconstrained Preference:
   INPUT_SETUP PORT "reset" CLKPORT "clk" 

Report:    3.857ns delay reset to SLICE_73 (3.583ns delay and 0.274ns setup)

   Name    Fanout   Delay (ns)          Site               Resource
PADI_DEL    ---     1.132          4.PAD to        4.PADDI reset
ROUTE       179     2.451        4.PADDI to      R4C4C.LSR reset_c (to clk_c)
                  --------
                    3.583   (31.6% logic, 68.4% route), 1 logic levels.

Unconstrained Preference:
   INPUT_SETUP PORT "reset" CLKPORT "clk" 

Report:    3.857ns delay reset to SLICE_74 (3.583ns delay and 0.274ns setup)

   Name    Fanout   Delay (ns)          Site               Resource
PADI_DEL    ---     1.132          4.PAD to        4.PADDI reset
ROUTE       179     2.451        4.PADDI to      R5C3B.LSR reset_c (to clk_c)
                  --------
                    3.583   (31.6% logic, 68.4% route), 1 logic levels.

Unconstrained Preference:
   INPUT_SETUP PORT "reset" CLKPORT "clk" 

Report:    3.857ns delay reset to SLICE_75 (3.583ns delay and 0.274ns setup)

   Name    Fanout   Delay (ns)          Site               Resource
PADI_DEL    ---     1.132          4.PAD to        4.PADDI reset
ROUTE       179     2.451        4.PADDI to      R4C5B.LSR reset_c (to clk_c)
                  --------
                    3.583   (31.6% logic, 68.4% route), 1 logic levels.

Unconstrained Preference:
   INPUT_SETUP PORT "reset" CLKPORT "clk" 

Report:    3.857ns delay reset to SLICE_76 (3.583ns delay and 0.274ns setup)

   Name    Fanout   Delay (ns)          Site               Resource
PADI_DEL    ---     1.132          4.PAD to        4.PADDI reset
ROUTE       179     2.451        4.PADDI to      R5C8A.LSR reset_c (to clk_c)
                  --------
                    3.583   (31.6% logic, 68.4% route), 1 logic levels.

Unconstrained Preference:
   INPUT_SETUP PORT "reset" CLKPORT "clk" 

Report:    3.857ns delay reset to core/engine/SLICE_149 (3.583ns delay and 0.274ns setup)

   Name    Fanout   Delay (ns)          Site               Resource
PADI_DEL    ---     1.132          4.PAD to        4.PADDI reset
ROUTE       179     2.451        4.PADDI to      R5C6D.LSR reset_c (to clk_c)
                  --------
                    3.583   (31.6% logic, 68.4% route), 1 logic levels.

Unconstrained Preference:
   INPUT_SETUP PORT "reset" CLKPORT "clk" 

Report:    3.857ns delay reset to core/engine/seq/SLICE_5 (3.583ns delay and 0.274ns setup)

   Name    Fanout   Delay (ns)          Site               Resource
PADI_DEL    ---     1.132          4.PAD to        4.PADDI reset
ROUTE       179     2.451        4.PADDI to     R8C15B.LSR reset_c (to clk_c)
                  --------
                    3.583   (31.6% logic, 68.4% route), 1 logic levels.

Unconstrained Preference:
   INPUT_SETUP PORT "reset" CLKPORT "clk" 

Report:    3.857ns delay reset to core/SLICE_369 (3.583ns delay and 0.274ns setup)

   Name    Fanout   Delay (ns)          Site               Resource
PADI_DEL    ---     1.132          4.PAD to        4.PADDI reset
ROUTE       179     2.451        4.PADDI to     R2C14B.LSR reset_c (to clk_c)
                  --------
                    3.583   (31.6% logic, 68.4% route), 1 logic levels.

Unconstrained Preference:
   INPUT_SETUP PORT "reset" CLKPORT "clk" 

Report:    3.857ns delay reset to core/engine/dp/SLICE_157 (3.583ns delay and 0.274ns setup)

   Name    Fanout   Delay (ns)          Site               Resource
PADI_DEL    ---     1.132          4.PAD to        4.PADDI reset
ROUTE       179     2.451        4.PADDI to      R5C4B.LSR reset_c (to clk_c)
                  --------
                    3.583   (31.6% logic, 68.4% route), 1 logic levels.

Unconstrained Preference:
   INPUT_SETUP PORT "reset" CLKPORT "clk" 

Report:    3.857ns delay reset to core/engine/SLICE_57 (3.583ns delay and 0.274ns setup)

   Name    Fanout   Delay (ns)          Site               Resource
PADI_DEL    ---     1.132          4.PAD to        4.PADDI reset
ROUTE       179     2.451        4.PADDI to     R3C12C.LSR reset_c (to clk_c)
                  --------
                    3.583   (31.6% logic, 68.4% route), 1 logic levels.

Unconstrained Preference:
   INPUT_SETUP PORT "reset" CLKPORT "clk" 

Report:    3.857ns delay reset to core/engine/SLICE_161 (3.583ns delay and 0.274ns setup)

   Name    Fanout   Delay (ns)          Site               Resource
PADI_DEL    ---     1.132          4.PAD to        4.PADDI reset
ROUTE       179     2.451        4.PADDI to     R5C11A.LSR reset_c (to clk_c)
                  --------
                    3.583   (31.6% logic, 68.4% route), 1 logic levels.

Unconstrained Preference:
   INPUT_SETUP PORT "reset" CLKPORT "clk" 

Report:    3.857ns delay reset to core/engine/status/SLICE_137 (3.583ns delay and 0.274ns setup)

   Name    Fanout   Delay (ns)          Site               Resource
PADI_DEL    ---     1.132          4.PAD to        4.PADDI reset
ROUTE       179     2.451        4.PADDI to     R10C3D.LSR reset_c (to clk_c)
                  --------
                    3.583   (31.6% logic, 68.4% route), 1 logic levels.

Unconstrained Preference:
   INPUT_SETUP PORT "reset" CLKPORT "clk" 

Report:    3.857ns delay reset to core/engine/seq/SLICE_43 (3.583ns delay and 0.274ns setup)

   Name    Fanout   Delay (ns)          Site               Resource
PADI_DEL    ---     1.132          4.PAD to        4.PADDI reset
ROUTE       179     2.451        4.PADDI to     R9C15A.LSR reset_c (to clk_c)
                  --------
                    3.583   (31.6% logic, 68.4% route), 1 logic levels.

Unconstrained Preference:
   INPUT_SETUP PORT "reset" CLKPORT "clk" 

Report:    3.857ns delay reset to core/engine/SLICE_141 (3.583ns delay and 0.274ns setup)

   Name    Fanout   Delay (ns)          Site               Resource
PADI_DEL    ---     1.132          4.PAD to        4.PADDI reset
ROUTE       179     2.451        4.PADDI to      R9C9D.LSR reset_c (to clk_c)
                  --------
                    3.583   (31.6% logic, 68.4% route), 1 logic levels.

Unconstrained Preference:
   INPUT_SETUP PORT "reset" CLKPORT "clk" 

Report:    3.857ns delay reset to core/engine/dp/SLICE_153 (3.583ns delay and 0.274ns setup)

   Name    Fanout   Delay (ns)          Site               Resource
PADI_DEL    ---     1.132          4.PAD to        4.PADDI reset
ROUTE       179     2.451        4.PADDI to     R7C10D.LSR reset_c (to clk_c)
                  --------
                    3.583   (31.6% logic, 68.4% route), 1 logic levels.

Unconstrained Preference:
   INPUT_SETUP PORT "reset" CLKPORT "clk" 

Report:    3.857ns delay reset to core/engine/seq/SLICE_1 (3.583ns delay and 0.274ns setup)

   Name    Fanout   Delay (ns)          Site               Resource
PADI_DEL    ---     1.132          4.PAD to        4.PADDI reset
ROUTE       179     2.451        4.PADDI to     R8C16B.LSR reset_c (to clk_c)
                  --------
                    3.583   (31.6% logic, 68.4% route), 1 logic levels.

Unconstrained Preference:
   INPUT_SETUP PORT "reset" CLKPORT "clk" 

Report:    3.857ns delay reset to core/SLICE_361 (3.583ns delay and 0.274ns setup)

   Name    Fanout   Delay (ns)          Site               Resource
PADI_DEL    ---     1.132          4.PAD to        4.PADDI reset
ROUTE       179     2.451        4.PADDI to     R5C14B.LSR reset_c (to clk_c)
                  --------
                    3.583   (31.6% logic, 68.4% route), 1 logic levels.

Unconstrained Preference:
   INPUT_SETUP PORT "reset" CLKPORT "clk" 

Report:    3.857ns delay reset to core/engine/SLICE_145 (3.583ns delay and 0.274ns setup)

   Name    Fanout   Delay (ns)          Site               Resource
PADI_DEL    ---     1.132          4.PAD to        4.PADDI reset
ROUTE       179     2.451        4.PADDI to      R4C6D.LSR reset_c (to clk_c)
                  --------
                    3.583   (31.6% logic, 68.4% route), 1 logic levels.

Unconstrained Preference:
   INPUT_SETUP PORT "reset" CLKPORT "clk" 

Report:    3.857ns delay reset to core/engine/seq/SLICE_180 (3.583ns delay and 0.274ns setup)

   Name    Fanout   Delay (ns)          Site               Resource
PADI_DEL    ---     1.132          4.PAD to        4.PADDI reset
ROUTE       179     2.451        4.PADDI to     R7C14D.LSR reset_c (to clk_c)
                  --------
                    3.583   (31.6% logic, 68.4% route), 1 logic levels.

Unconstrained Preference:
   INPUT_SETUP PORT "reset" CLKPORT "clk" 

Report:    3.857ns delay reset to core/SLICE_359 (3.583ns delay and 0.274ns setup)

   Name    Fanout   Delay (ns)          Site               Resource
PADI_DEL    ---     1.132          4.PAD to        4.PADDI reset
ROUTE       179     2.451        4.PADDI to     R4C13A.LSR reset_c (to clk_c)
                  --------
                    3.583   (31.6% logic, 68.4% route), 1 logic levels.

Unconstrained Preference:
   INPUT_SETUP PORT "reset" CLKPORT "clk" 

Report:    3.857ns delay reset to core/engine/SLICE_147 (3.583ns delay and 0.274ns setup)

   Name    Fanout   Delay (ns)          Site               Resource
PADI_DEL    ---     1.132          4.PAD to        4.PADDI reset
ROUTE       179     2.451        4.PADDI to      R2C7D.LSR reset_c (to clk_c)
                  --------
                    3.583   (31.6% logic, 68.4% route), 1 logic levels.

Unconstrained Preference:
   INPUT_SETUP PORT "reset" CLKPORT "clk" 

Report:    3.857ns delay reset to core/engine/seq/SLICE_178 (3.583ns delay and 0.274ns setup)

   Name    Fanout   Delay (ns)          Site               Resource
PADI_DEL    ---     1.132          4.PAD to        4.PADDI reset
ROUTE       179     2.451        4.PADDI to     R9C13B.LSR reset_c (to clk_c)
                  --------
                    3.583   (31.6% logic, 68.4% route), 1 logic levels.

Unconstrained Preference:
   INPUT_SETUP PORT "reset" CLKPORT "clk" 

Report:    3.857ns delay reset to core/engine/seq/SLICE_3 (3.583ns delay and 0.274ns setup)

   Name    Fanout   Delay (ns)          Site               Resource
PADI_DEL    ---     1.132          4.PAD to        4.PADDI reset
ROUTE       179     2.451        4.PADDI to     R8C15D.LSR reset_c (to clk_c)
                  --------
                    3.583   (31.6% logic, 68.4% route), 1 logic levels.

Unconstrained Preference:
   INPUT_SETUP PORT "reset" CLKPORT "clk" 

Report:    3.857ns delay reset to core/engine/SLICE_143 (3.583ns delay and 0.274ns setup)

   Name    Fanout   Delay (ns)          Site               Resource
PADI_DEL    ---     1.132          4.PAD to        4.PADDI reset
ROUTE       179     2.451        4.PADDI to      R7C8C.LSR reset_c (to clk_c)
                  --------
                    3.583   (31.6% logic, 68.4% route), 1 logic levels.

Unconstrained Preference:
   INPUT_SETUP PORT "reset" CLKPORT "clk" 

Report:    3.857ns delay reset to core/engine/SLICE_40 (3.583ns delay and 0.274ns setup)

   Name    Fanout   Delay (ns)          Site               Resource
PADI_DEL    ---     1.132          4.PAD to        4.PADDI reset
ROUTE       179     2.451        4.PADDI to     R7C12B.LSR reset_c (to clk_c)
                  --------
                    3.583   (31.6% logic, 68.4% route), 1 logic levels.

Unconstrained Preference:
   INPUT_SETUP PORT "reset" CLKPORT "clk" 

Report:    3.857ns delay reset to core/engine/SLICE_59 (3.583ns delay and 0.274ns setup)

   Name    Fanout   Delay (ns)          Site               Resource
PADI_DEL    ---     1.132          4.PAD to        4.PADDI reset
ROUTE       179     2.451        4.PADDI to     R3C12B.LSR reset_c (to clk_c)
                  --------
                    3.583   (31.6% logic, 68.4% route), 1 logic levels.

Unconstrained Preference:
   INPUT_SETUP PORT "reset" CLKPORT "clk" 

Report:    3.857ns delay reset to core/engine/status/SLICE_139 (3.583ns delay and 0.274ns setup)

   Name    Fanout   Delay (ns)          Site               Resource
PADI_DEL    ---     1.132          4.PAD to        4.PADDI reset
ROUTE       179     2.451        4.PADDI to    R10C10B.LSR reset_c (to clk_c)
                  --------
                    3.583   (31.6% logic, 68.4% route), 1 logic levels.

Unconstrained Preference:
   INPUT_SETUP PORT "reset" CLKPORT "clk" 

Report:    3.857ns delay reset to core/engine/SLICE_381 (3.583ns delay and 0.274ns setup)

   Name    Fanout   Delay (ns)          Site               Resource
PADI_DEL    ---     1.132          4.PAD to        4.PADDI reset
ROUTE       179     2.451        4.PADDI to     R8C12D.LSR reset_c (to clk_c)
                  --------
                    3.583   (31.6% logic, 68.4% route), 1 logic levels.

Unconstrained Preference:
   INPUT_SETUP PORT "reset" CLKPORT "clk" 

Report:    3.857ns delay reset to core/SLICE_367 (3.583ns delay and 0.274ns setup)

   Name    Fanout   Delay (ns)          Site               Resource
PADI_DEL    ---     1.132          4.PAD to        4.PADDI reset
ROUTE       179     2.451        4.PADDI to     R5C16A.LSR reset_c (to clk_c)
                  --------
                    3.583   (31.6% logic, 68.4% route), 1 logic levels.

Unconstrained Preference:
   INPUT_SETUP PORT "reset" CLKPORT "clk" 

Report:    3.857ns delay reset to core/engine/dp/SLICE_151 (3.583ns delay and 0.274ns setup)

   Name    Fanout   Delay (ns)          Site               Resource
PADI_DEL    ---     1.132          4.PAD to        4.PADDI reset
ROUTE       179     2.451        4.PADDI to      R5C3A.LSR reset_c (to clk_c)
                  --------
                    3.583   (31.6% logic, 68.4% route), 1 logic levels.

Unconstrained Preference:
   INPUT_SETUP PORT "reset" CLKPORT "clk" 

Report:    3.857ns delay reset to core/engine/dp/SLICE_159 (3.583ns delay and 0.274ns setup)

   Name    Fanout   Delay (ns)          Site               Resource
PADI_DEL    ---     1.132          4.PAD to        4.PADDI reset
ROUTE       179     2.451        4.PADDI to      R3C8D.LSR reset_c (to clk_c)
                  --------
                    3.583   (31.6% logic, 68.4% route), 1 logic levels.

Unconstrained Preference:
   INPUT_SETUP PORT "reset" CLKPORT "clk" 

Report:    3.857ns delay reset to core/engine/SLICE_46 (3.583ns delay and 0.274ns setup)

   Name    Fanout   Delay (ns)          Site               Resource
PADI_DEL    ---     1.132          4.PAD to        4.PADDI reset
ROUTE       179     2.451        4.PADDI to     R9C10C.LSR reset_c (to clk_c)
                  --------
                    3.583   (31.6% logic, 68.4% route), 1 logic levels.

Unconstrained Preference:
   INPUT_SETUP PORT "reset" CLKPORT "clk" 

Report:    3.857ns delay reset to core/engine/dp/SLICE_155 (3.583ns delay and 0.274ns setup)

   Name    Fanout   Delay (ns)          Site               Resource
PADI_DEL    ---     1.132          4.PAD to        4.PADDI reset
ROUTE       179     2.451        4.PADDI to      R4C3D.LSR reset_c (to clk_c)
                  --------
                    3.583   (31.6% logic, 68.4% route), 1 logic levels.

Unconstrained Preference:
   INPUT_SETUP PORT "reset" CLKPORT "clk" 

Report:    3.857ns delay reset to core/SLICE_372 (3.583ns delay and 0.274ns setup)

   Name    Fanout   Delay (ns)          Site               Resource
PADI_DEL    ---     1.132          4.PAD to        4.PADDI reset
ROUTE       179     2.451        4.PADDI to     R5C15B.LSR reset_c (to clk_c)
                  --------
                    3.583   (31.6% logic, 68.4% route), 1 logic levels.

Unconstrained Preference:
   INPUT_SETUP PORT "reset" CLKPORT "clk" 

Report:    3.857ns delay reset to core/engine/seq/SLICE_177 (3.583ns delay and 0.274ns setup)

   Name    Fanout   Delay (ns)          Site               Resource
PADI_DEL    ---     1.132          4.PAD to        4.PADDI reset
ROUTE       179     2.451        4.PADDI to     R7C14C.LSR reset_c (to clk_c)
                  --------
                    3.583   (31.6% logic, 68.4% route), 1 logic levels.

Unconstrained Preference:
   INPUT_SETUP PORT "reset" CLKPORT "clk" 

Report:    3.857ns delay reset to core/engine/SLICE_136 (3.583ns delay and 0.274ns setup)

   Name    Fanout   Delay (ns)          Site               Resource
PADI_DEL    ---     1.132          4.PAD to        4.PADDI reset
ROUTE       179     2.451        4.PADDI to      R3C9A.LSR reset_c (to clk_c)
                  --------
                    3.583   (31.6% logic, 68.4% route), 1 logic levels.

Unconstrained Preference:
   INPUT_SETUP PORT "reset" CLKPORT "clk" 

Report:    3.857ns delay reset to core/engine/seq/SLICE_4 (3.583ns delay and 0.274ns setup)

   Name    Fanout   Delay (ns)          Site               Resource
PADI_DEL    ---     1.132          4.PAD to        4.PADDI reset
ROUTE       179     2.451        4.PADDI to     R8C15C.LSR reset_c (to clk_c)
                  --------
                    3.583   (31.6% logic, 68.4% route), 1 logic levels.

Unconstrained Preference:
   INPUT_SETUP PORT "reset" CLKPORT "clk" 

Report:    3.857ns delay reset to core/engine/SLICE_160 (3.583ns delay and 0.274ns setup)

   Name    Fanout   Delay (ns)          Site               Resource
PADI_DEL    ---     1.132          4.PAD to        4.PADDI reset
ROUTE       179     2.451        4.PADDI to     R3C10B.LSR reset_c (to clk_c)
                  --------
                    3.583   (31.6% logic, 68.4% route), 1 logic levels.

Unconstrained Preference:
   INPUT_SETUP PORT "reset" CLKPORT "clk" 

Report:    3.857ns delay reset to core/engine/seq/SLICE_179 (3.583ns delay and 0.274ns setup)

   Name    Fanout   Delay (ns)          Site               Resource
PADI_DEL    ---     1.132          4.PAD to        4.PADDI reset
ROUTE       179     2.451        4.PADDI to     R7C15A.LSR reset_c (to clk_c)
                  --------
                    3.583   (31.6% logic, 68.4% route), 1 logic levels.

Unconstrained Preference:
   INPUT_SETUP PORT "reset" CLKPORT "clk" 

Report:    3.857ns delay reset to core/SLICE_360 (3.583ns delay and 0.274ns setup)

   Name    Fanout   Delay (ns)          Site               Resource
PADI_DEL    ---     1.132          4.PAD to        4.PADDI reset
ROUTE       179     2.451        4.PADDI to     R4C13B.LSR reset_c (to clk_c)
                  --------
                    3.583   (31.6% logic, 68.4% route), 1 logic levels.

Unconstrained Preference:
   INPUT_SETUP PORT "reset" CLKPORT "clk" 

Report:    3.857ns delay reset to core/engine/SLICE_140 (3.583ns delay and 0.274ns setup)

   Name    Fanout   Delay (ns)          Site               Resource
PADI_DEL    ---     1.132          4.PAD to        4.PADDI reset
ROUTE       179     2.451        4.PADDI to      R8C8B.LSR reset_c (to clk_c)
                  --------
                    3.583   (31.6% logic, 68.4% route), 1 logic levels.

Unconstrained Preference:
   INPUT_SETUP PORT "reset" CLKPORT "clk" 

Report:    3.857ns delay reset to core/engine/SLICE_144 (3.583ns delay and 0.274ns setup)

   Name    Fanout   Delay (ns)          Site               Resource
PADI_DEL    ---     1.132          4.PAD to        4.PADDI reset
ROUTE       179     2.451        4.PADDI to      R4C4D.LSR reset_c (to clk_c)
                  --------
                    3.583   (31.6% logic, 68.4% route), 1 logic levels.

Unconstrained Preference:
   INPUT_SETUP PORT "reset" CLKPORT "clk" 

Report:    3.857ns delay reset to core/engine/SLICE_148 (3.583ns delay and 0.274ns setup)

   Name    Fanout   Delay (ns)          Site               Resource
PADI_DEL    ---     1.132          4.PAD to        4.PADDI reset
ROUTE       179     2.451        4.PADDI to      R4C7B.LSR reset_c (to clk_c)
                  --------
                    3.583   (31.6% logic, 68.4% route), 1 logic levels.

Unconstrained Preference:
   INPUT_SETUP PORT "reset" CLKPORT "clk" 

Report:    3.857ns delay reset to core/engine/dp/SLICE_152 (3.583ns delay and 0.274ns setup)

   Name    Fanout   Delay (ns)          Site               Resource
PADI_DEL    ---     1.132          4.PAD to        4.PADDI reset
ROUTE       179     2.451        4.PADDI to     R8C10C.LSR reset_c (to clk_c)
                  --------
                    3.583   (31.6% logic, 68.4% route), 1 logic levels.

Unconstrained Preference:
   INPUT_SETUP PORT "reset" CLKPORT "clk" 

Report:    3.857ns delay reset to core/engine/SLICE_142 (3.583ns delay and 0.274ns setup)

   Name    Fanout   Delay (ns)          Site               Resource
PADI_DEL    ---     1.132          4.PAD to        4.PADDI reset
ROUTE       179     2.451        4.PADDI to      R9C5C.LSR reset_c (to clk_c)
                  --------
                    3.583   (31.6% logic, 68.4% route), 1 logic levels.

Unconstrained Preference:
   INPUT_SETUP PORT "reset" CLKPORT "clk" 

Report:    3.857ns delay reset to core/engine/dp/SLICE_154 (3.583ns delay and 0.274ns setup)

   Name    Fanout   Delay (ns)          Site               Resource
PADI_DEL    ---     1.132          4.PAD to        4.PADDI reset
ROUTE       179     2.451        4.PADDI to      R5C8B.LSR reset_c (to clk_c)
                  --------
                    3.583   (31.6% logic, 68.4% route), 1 logic levels.

Unconstrained Preference:
   INPUT_SETUP PORT "reset" CLKPORT "clk" 

Report:    3.857ns delay reset to core/SLICE_362 (3.583ns delay and 0.274ns setup)

   Name    Fanout   Delay (ns)          Site               Resource
PADI_DEL    ---     1.132          4.PAD to        4.PADDI reset
ROUTE       179     2.451        4.PADDI to     R5C14C.LSR reset_c (to clk_c)
                  --------
                    3.583   (31.6% logic, 68.4% route), 1 logic levels.

Unconstrained Preference:
   INPUT_SETUP PORT "reset" CLKPORT "clk" 

Report:    3.857ns delay reset to core/engine/SLICE_39 (3.583ns delay and 0.274ns setup)

   Name    Fanout   Delay (ns)          Site               Resource
PADI_DEL    ---     1.132          4.PAD to        4.PADDI reset
ROUTE       179     2.451        4.PADDI to     R4C11A.LSR reset_c (to clk_c)
                  --------
                    3.583   (31.6% logic, 68.4% route), 1 logic levels.

Unconstrained Preference:
   INPUT_SETUP PORT "reset" CLKPORT "clk" 

Report:    3.857ns delay reset to core/engine/SLICE_146 (3.583ns delay and 0.274ns setup)

   Name    Fanout   Delay (ns)          Site               Resource
PADI_DEL    ---     1.132          4.PAD to        4.PADDI reset
ROUTE       179     2.451        4.PADDI to      R3C6D.LSR reset_c (to clk_c)
                  --------
                    3.583   (31.6% logic, 68.4% route), 1 logic levels.

Unconstrained Preference:
   INPUT_SETUP PORT "reset" CLKPORT "clk" 

Report:    3.857ns delay reset to core/SLICE_368 (3.583ns delay and 0.274ns setup)

   Name    Fanout   Delay (ns)          Site               Resource
PADI_DEL    ---     1.132          4.PAD to        4.PADDI reset
ROUTE       179     2.451        4.PADDI to     R3C14D.LSR reset_c (to clk_c)
                  --------
                    3.583   (31.6% logic, 68.4% route), 1 logic levels.

Unconstrained Preference:
   INPUT_SETUP PORT "reset" CLKPORT "clk" 

Report:    3.857ns delay reset to core/engine/SLICE_150 (3.583ns delay and 0.274ns setup)

   Name    Fanout   Delay (ns)          Site               Resource
PADI_DEL    ---     1.132          4.PAD to        4.PADDI reset
ROUTE       179     2.451        4.PADDI to     R7C10A.LSR reset_c (to clk_c)
                  --------
                    3.583   (31.6% logic, 68.4% route), 1 logic levels.

Unconstrained Preference:
   INPUT_SETUP PORT "reset" CLKPORT "clk" 

Report:    3.857ns delay reset to core/engine/seq/SLICE_2 (3.583ns delay and 0.274ns setup)

   Name    Fanout   Delay (ns)          Site               Resource
PADI_DEL    ---     1.132          4.PAD to        4.PADDI reset
ROUTE       179     2.451        4.PADDI to     R8C16A.LSR reset_c (to clk_c)
                  --------
                    3.583   (31.6% logic, 68.4% route), 1 logic levels.

Unconstrained Preference:
   INPUT_SETUP PORT "reset" CLKPORT "clk" 

Report:    3.857ns delay reset to core/engine/SLICE_58 (3.583ns delay and 0.274ns setup)

   Name    Fanout   Delay (ns)          Site               Resource
PADI_DEL    ---     1.132          4.PAD to        4.PADDI reset
ROUTE       179     2.451        4.PADDI to     R3C12A.LSR reset_c (to clk_c)
                  --------
                    3.583   (31.6% logic, 68.4% route), 1 logic levels.

Unconstrained Preference:
   INPUT_SETUP PORT "reset" CLKPORT "clk" 

Report:    3.857ns delay reset to core/engine/seq/SLICE_44 (3.583ns delay and 0.274ns setup)

   Name    Fanout   Delay (ns)          Site               Resource
PADI_DEL    ---     1.132          4.PAD to        4.PADDI reset
ROUTE       179     2.451        4.PADDI to     R9C11B.LSR reset_c (to clk_c)
                  --------
                    3.583   (31.6% logic, 68.4% route), 1 logic levels.

Unconstrained Preference:
   INPUT_SETUP PORT "reset" CLKPORT "clk" 

Report:    3.857ns delay reset to core/engine/status/SLICE_138 (3.583ns delay and 0.274ns setup)

   Name    Fanout   Delay (ns)          Site               Resource
PADI_DEL    ---     1.132          4.PAD to        4.PADDI reset
ROUTE       179     2.451        4.PADDI to    R10C10A.LSR reset_c (to clk_c)
                  --------
                    3.583   (31.6% logic, 68.4% route), 1 logic levels.

Unconstrained Preference:
   INPUT_SETUP PORT "reset" CLKPORT "clk" 

Report:    3.857ns delay reset to core/engine/dp/SLICE_158 (3.583ns delay and 0.274ns setup)

   Name    Fanout   Delay (ns)          Site               Resource
PADI_DEL    ---     1.132          4.PAD to        4.PADDI reset
ROUTE       179     2.451        4.PADDI to      R3C3D.LSR reset_c (to clk_c)
                  --------
                    3.583   (31.6% logic, 68.4% route), 1 logic levels.

Unconstrained Preference:
   INPUT_SETUP PORT "reset" CLKPORT "clk" 

Report:    3.857ns delay reset to core/engine/seq/SLICE_181 (3.583ns delay and 0.274ns setup)

   Name    Fanout   Delay (ns)          Site               Resource
PADI_DEL    ---     1.132          4.PAD to        4.PADDI reset
ROUTE       179     2.451        4.PADDI to     R8C14C.LSR reset_c (to clk_c)
                  --------
                    3.583   (31.6% logic, 68.4% route), 1 logic levels.

Unconstrained Preference:
   INPUT_SETUP PORT "reset" CLKPORT "clk" 

Report:    3.857ns delay reset to core/engine/SLICE_56 (3.583ns delay and 0.274ns setup)

   Name    Fanout   Delay (ns)          Site               Resource
PADI_DEL    ---     1.132          4.PAD to        4.PADDI reset
ROUTE       179     2.451        4.PADDI to     R3C12D.LSR reset_c (to clk_c)
                  --------
                    3.583   (31.6% logic, 68.4% route), 1 logic levels.

Unconstrained Preference:
   INPUT_SETUP PORT "reset" CLKPORT "clk" 

Report:    3.857ns delay reset to core/engine/SLICE_41 (3.583ns delay and 0.274ns setup)

   Name    Fanout   Delay (ns)          Site               Resource
PADI_DEL    ---     1.132          4.PAD to        4.PADDI reset
ROUTE       179     2.451        4.PADDI to    R10C13B.LSR reset_c (to clk_c)
                  --------
                    3.583   (31.6% logic, 68.4% route), 1 logic levels.

Unconstrained Preference:
   INPUT_SETUP PORT "reset" CLKPORT "clk" 

Report:    3.857ns delay reset to core/engine/dp/SLICE_156 (3.583ns delay and 0.274ns setup)

   Name    Fanout   Delay (ns)          Site               Resource
PADI_DEL    ---     1.132          4.PAD to        4.PADDI reset
ROUTE       179     2.451        4.PADDI to      R5C4C.LSR reset_c (to clk_c)
                  --------
                    3.583   (31.6% logic, 68.4% route), 1 logic levels.

Unconstrained Preference:
   INPUT_SETUP PORT "reset" CLKPORT "clk" 

Report:    3.805ns delay reset to serial_in_MGIOL (3.722ns delay and 0.083ns setup)

   Name    Fanout   Delay (ns)          Site               Resource
PADI_DEL    ---     1.132          4.PAD to        4.PADDI reset
ROUTE       179     2.590        4.PADDI to   IOL_T17D.LSR reset_c (to clk_c)
                  --------
                    3.722   (30.4% logic, 69.6% route), 1 logic levels.

Unconstrained Preference:
   INPUT_SETUP PORT "serial_in" CLKPORT "clk" 

Report:    2.292ns delay serial_in to serial_in_MGIOL (1.697ns delay and 0.595ns setup)

   Name    Fanout   Delay (ns)          Site               Resource
PADI_DEL    ---     1.132         23.PAD to       23.PADDI serial_in
ROUTE         1     0.565       23.PADDI to    IOL_T17D.DI serial_in_c (to clk_c)
                  --------
                    1.697   (66.7% logic, 33.3% route), 1 logic levels.


================================================================================
Preference: Unconstrained: CLOCK_TO_OUT
            174 unconstrained paths found
--------------------------------------------------------------------------------

Unconstrained Preference:
   CLOCK_TO_OUT PORT "serial_out" CLKPORT "clk" 

Report:   13.584ns delay SLICE_484 to serial_out

   Name    Fanout   Delay (ns)          Site               Resource
REG_DEL     ---     0.452     R3C17A.CLK to      R3C17A.Q0 SLICE_484 (from clk_c)
ROUTE         1     2.512      R3C17A.Q0 to       R5C8C.A0 observe[39]
CTOF_DEL    ---     0.495       R5C8C.A0 to       R5C8C.F0 SLICE_497
ROUTE         1     2.155       R5C8C.F0 to      R5C12C.D0 serial_out_96
CTOF_DEL    ---     0.495      R5C12C.D0 to      R5C12C.F0 SLICE_416
ROUTE         1     0.645      R5C12C.F0 to      R4C12B.D0 serial_out_154
CTOF_DEL    ---     0.495      R4C12B.D0 to      R4C12B.F0 SLICE_413
ROUTE         1     1.385      R4C12B.F0 to       R5C9B.D0 serial_out_169
CTOF_DEL    ---     0.495       R5C9B.D0 to       R5C9B.F0 SLICE_412
ROUTE         1     1.658       R5C9B.F0 to       12.PADDO serial_out_c
DOPAD_DEL   ---     2.797       12.PADDO to         12.PAD serial_out
                  --------
                   13.584   (38.5% logic, 61.5% route), 6 logic levels.

Unconstrained Preference:
   CLOCK_TO_OUT PORT "serial_out" CLKPORT "clk" 

Report:   13.502ns delay SLICE_416 to serial_out

   Name    Fanout   Delay (ns)          Site               Resource
REG_DEL     ---     0.452     R5C12C.CLK to      R5C12C.Q0 SLICE_416 (from clk_c)
ROUTE         1     1.838      R5C12C.Q0 to       R5C9C.B0 observe[127]
CTOF_DEL    ---     0.495       R5C9C.B0 to       R5C9C.F0 SLICE_171
ROUTE         1     1.696       R5C9C.F0 to      R4C10A.A0 serial_out_118
CTOF_DEL    ---     0.495      R4C10A.A0 to      R4C10A.F0 SLICE_421
ROUTE         1     2.337      R4C10A.F0 to       R4C9B.B0 serial_out_160
CTOF_DEL    ---     0.495       R4C9B.B0 to       R4C9B.F0 SLICE_414
ROUTE         1     0.744       R4C9B.F0 to       R5C9B.C0 serial_out_170
CTOF_DEL    ---     0.495       R5C9B.C0 to       R5C9B.F0 SLICE_412
ROUTE         1     1.658       R5C9B.F0 to       12.PADDO serial_out_c
DOPAD_DEL   ---     2.797       12.PADDO to         12.PAD serial_out
                  --------
                   13.502   (38.7% logic, 61.3% route), 6 logic levels.

Unconstrained Preference:
   CLOCK_TO_OUT PORT "serial_out" CLKPORT "clk" 

Report:   13.440ns delay SLICE_76 to serial_out

   Name    Fanout   Delay (ns)          Site               Resource
REG_DEL     ---     0.452      R5C8A.CLK to       R5C8A.Q0 SLICE_76 (from clk_c)
ROUTE         1     2.300       R5C8A.Q0 to       R4C5D.A0 observe[23]
CTOF_DEL    ---     0.495       R4C5D.A0 to       R4C5D.F0 SLICE_498
ROUTE         1     2.300       R4C5D.F0 to       R4C9D.A0 serial_out_92
CTOF_DEL    ---     0.495       R4C9D.A0 to       R4C9D.F0 SLICE_415
ROUTE         1     0.986       R4C9D.F0 to       R5C9B.A1 serial_out_153
CTOF_DEL    ---     0.495       R5C9B.A1 to       R5C9B.F1 SLICE_412
ROUTE         1     0.967       R5C9B.F1 to       R5C9B.A0 serial_out_163
CTOF_DEL    ---     0.495       R5C9B.A0 to       R5C9B.F0 SLICE_412
ROUTE         1     1.658       R5C9B.F0 to       12.PADDO serial_out_c
DOPAD_DEL   ---     2.797       12.PADDO to         12.PAD serial_out
                  --------
                   13.440   (38.9% logic, 61.1% route), 6 logic levels.

Unconstrained Preference:
   CLOCK_TO_OUT PORT "serial_out" CLKPORT "clk" 

Report:   13.365ns delay SLICE_417 to serial_out

   Name    Fanout   Delay (ns)          Site               Resource
REG_DEL     ---     0.452     R5C15C.CLK to      R5C15C.Q0 SLICE_417 (from clk_c)
ROUTE         1     2.631      R5C15C.Q0 to      R5C10A.C1 observe[129]
CTOF_DEL    ---     0.495      R5C10A.C1 to      R5C10A.F1 SLICE_490
ROUTE         1     0.766      R5C10A.F1 to      R4C10A.C0 serial_out_119
CTOF_DEL    ---     0.495      R4C10A.C0 to      R4C10A.F0 SLICE_421
ROUTE         1     2.337      R4C10A.F0 to       R4C9B.B0 serial_out_160
CTOF_DEL    ---     0.495       R4C9B.B0 to       R4C9B.F0 SLICE_414
ROUTE         1     0.744       R4C9B.F0 to       R5C9B.C0 serial_out_170
CTOF_DEL    ---     0.495       R5C9B.C0 to       R5C9B.F0 SLICE_412
ROUTE         1     1.658       R5C9B.F0 to       12.PADDO serial_out_c
DOPAD_DEL   ---     2.797       12.PADDO to         12.PAD serial_out
                  --------
                   13.365   (39.1% logic, 60.9% route), 6 logic levels.

Unconstrained Preference:
   CLOCK_TO_OUT PORT "serial_out" CLKPORT "clk" 

Report:   13.337ns delay SLICE_413 to serial_out

   Name    Fanout   Delay (ns)          Site               Resource
REG_DEL     ---     0.452     R4C12B.CLK to      R4C12B.Q0 SLICE_413 (from clk_c)
ROUTE         1     2.155      R4C12B.Q0 to       R3C9D.D1 observe[28]
CTOF_DEL    ---     0.495       R3C9D.D1 to       R3C9D.F1 SLICE_174
ROUTE         1     2.265       R3C9D.F1 to      R5C12C.B0 serial_out_94
CTOF_DEL    ---     0.495      R5C12C.B0 to      R5C12C.F0 SLICE_416
ROUTE         1     0.645      R5C12C.F0 to      R4C12B.D0 serial_out_154
CTOF_DEL    ---     0.495      R4C12B.D0 to      R4C12B.F0 SLICE_413
ROUTE         1     1.385      R4C12B.F0 to       R5C9B.D0 serial_out_169
CTOF_DEL    ---     0.495       R5C9B.D0 to       R5C9B.F0 SLICE_412
ROUTE         1     1.658       R5C9B.F0 to       12.PADDO serial_out_c
DOPAD_DEL   ---     2.797       12.PADDO to         12.PAD serial_out
                  --------
                   13.337   (39.2% logic, 60.8% route), 6 logic levels.

Unconstrained Preference:
   CLOCK_TO_OUT PORT "serial_out" CLKPORT "clk" 

Report:   13.305ns delay SLICE_413 to serial_out

   Name    Fanout   Delay (ns)          Site               Resource
REG_DEL     ---     0.452     R4C12B.CLK to      R4C12B.Q1 SLICE_413 (from clk_c)
ROUTE         1     2.123      R4C12B.Q1 to       R3C9D.A1 observe[29]
CTOF_DEL    ---     0.495       R3C9D.A1 to       R3C9D.F1 SLICE_174
ROUTE         1     2.265       R3C9D.F1 to      R5C12C.B0 serial_out_94
CTOF_DEL    ---     0.495      R5C12C.B0 to      R5C12C.F0 SLICE_416
ROUTE         1     0.645      R5C12C.F0 to      R4C12B.D0 serial_out_154
CTOF_DEL    ---     0.495      R4C12B.D0 to      R4C12B.F0 SLICE_413
ROUTE         1     1.385      R4C12B.F0 to       R5C9B.D0 serial_out_169
CTOF_DEL    ---     0.495       R5C9B.D0 to       R5C9B.F0 SLICE_412
ROUTE         1     1.658       R5C9B.F0 to       12.PADDO serial_out_c
DOPAD_DEL   ---     2.797       12.PADDO to         12.PAD serial_out
                  --------
                   13.305   (39.3% logic, 60.7% route), 6 logic levels.

Unconstrained Preference:
   CLOCK_TO_OUT PORT "serial_out" CLKPORT "clk" 

Report:   13.219ns delay SLICE_410 to serial_out

   Name    Fanout   Delay (ns)          Site               Resource
REG_DEL     ---     0.452     R5C17C.CLK to      R5C17C.Q1 SLICE_410 (from clk_c)
ROUTE         1     1.413      R5C17C.Q1 to      R4C15A.A1 observe[62]
CTOF_DEL    ---     0.495      R4C15A.A1 to      R4C15A.F1 SLICE_173
ROUTE         1     1.733      R4C15A.F1 to      R4C18D.B0 serial_out_102
CTOF_DEL    ---     0.495      R4C18D.B0 to      R4C18D.F0 SLICE_418
ROUTE         1     1.801      R4C18D.F0 to      R4C12B.A0 serial_out_156
CTOF_DEL    ---     0.495      R4C12B.A0 to      R4C12B.F0 SLICE_413
ROUTE         1     1.385      R4C12B.F0 to       R5C9B.D0 serial_out_169
CTOF_DEL    ---     0.495       R5C9B.D0 to       R5C9B.F0 SLICE_412
ROUTE         1     1.658       R5C9B.F0 to       12.PADDO serial_out_c
DOPAD_DEL   ---     2.797       12.PADDO to         12.PAD serial_out
                  --------
                   13.219   (39.6% logic, 60.4% route), 6 logic levels.

Unconstrained Preference:
   CLOCK_TO_OUT PORT "serial_out" CLKPORT "clk" 

Report:   13.205ns delay SLICE_418 to serial_out

   Name    Fanout   Delay (ns)          Site               Resource
REG_DEL     ---     0.452     R4C18D.CLK to      R4C18D.Q1 SLICE_418 (from clk_c)
ROUTE         1     2.080      R4C18D.Q1 to      R5C10A.C0 observe[132]
CTOF_DEL    ---     0.495      R5C10A.C0 to      R5C10A.F0 SLICE_490
ROUTE         1     1.157      R5C10A.F0 to      R4C10A.D0 serial_out_120
CTOF_DEL    ---     0.495      R4C10A.D0 to      R4C10A.F0 SLICE_421
ROUTE         1     2.337      R4C10A.F0 to       R4C9B.B0 serial_out_160
CTOF_DEL    ---     0.495       R4C9B.B0 to       R4C9B.F0 SLICE_414
ROUTE         1     0.744       R4C9B.F0 to       R5C9B.C0 serial_out_170
CTOF_DEL    ---     0.495       R5C9B.C0 to       R5C9B.F0 SLICE_412
ROUTE         1     1.658       R5C9B.F0 to       12.PADDO serial_out_c
DOPAD_DEL   ---     2.797       12.PADDO to         12.PAD serial_out
                  --------
                   13.205   (39.6% logic, 60.4% route), 6 logic levels.

Unconstrained Preference:
   CLOCK_TO_OUT PORT "serial_out" CLKPORT "clk" 

Report:   13.149ns delay SLICE_74 to serial_out

   Name    Fanout   Delay (ns)          Site               Resource
REG_DEL     ---     0.452      R5C3B.CLK to       R5C3B.Q1 SLICE_74 (from clk_c)
ROUTE         1     2.009       R5C3B.Q1 to       R4C5D.C0 observe[20]
CTOF_DEL    ---     0.495       R4C5D.C0 to       R4C5D.F0 SLICE_498
ROUTE         1     2.300       R4C5D.F0 to       R4C9D.A0 serial_out_92
CTOF_DEL    ---     0.495       R4C9D.A0 to       R4C9D.F0 SLICE_415
ROUTE         1     0.986       R4C9D.F0 to       R5C9B.A1 serial_out_153
CTOF_DEL    ---     0.495       R5C9B.A1 to       R5C9B.F1 SLICE_412
ROUTE         1     0.967       R5C9B.F1 to       R5C9B.A0 serial_out_163
CTOF_DEL    ---     0.495       R5C9B.A0 to       R5C9B.F0 SLICE_412
ROUTE         1     1.658       R5C9B.F0 to       12.PADDO serial_out_c
DOPAD_DEL   ---     2.797       12.PADDO to         12.PAD serial_out
                  --------
                   13.149   (39.8% logic, 60.2% route), 6 logic levels.

Unconstrained Preference:
   CLOCK_TO_OUT PORT "serial_out" CLKPORT "clk" 

Report:   13.087ns delay SLICE_391 to serial_out

   Name    Fanout   Delay (ns)          Site               Resource
REG_DEL     ---     0.452     R3C14A.CLK to      R3C14A.Q0 SLICE_391 (from clk_c)
ROUTE         1     2.359      R3C14A.Q0 to      R5C15A.B1 observe[49]
CTOF_DEL    ---     0.495      R5C15A.B1 to      R5C15A.F1 SLICE_496
ROUTE         1     0.693      R5C15A.F1 to      R5C15C.B0 serial_out_99
CTOF_DEL    ---     0.495      R5C15C.B0 to      R5C15C.F0 SLICE_417
ROUTE         1     1.763      R5C15C.F0 to      R4C12B.B0 serial_out_155
CTOF_DEL    ---     0.495      R4C12B.B0 to      R4C12B.F0 SLICE_413
ROUTE         1     1.385      R4C12B.F0 to       R5C9B.D0 serial_out_169
CTOF_DEL    ---     0.495       R5C9B.D0 to       R5C9B.F0 SLICE_412
ROUTE         1     1.658       R5C9B.F0 to       12.PADDO serial_out_c
DOPAD_DEL   ---     2.797       12.PADDO to         12.PAD serial_out
                  --------
                   13.087   (40.0% logic, 60.0% route), 6 logic levels.

Unconstrained Preference:
   CLOCK_TO_OUT PORT "serial_out" CLKPORT "clk" 

Report:   13.079ns delay SLICE_398 to serial_out

   Name    Fanout   Delay (ns)          Site               Resource
REG_DEL     ---     0.452     R5C13B.CLK to      R5C13B.Q1 SLICE_398 (from clk_c)
ROUTE         1     1.584      R5C13B.Q1 to      R4C15A.D0 observe[44]
CTOF_DEL    ---     0.495      R4C15A.D0 to      R4C15A.F0 SLICE_173
ROUTE         1     1.460      R4C15A.F0 to      R5C15C.D0 serial_out_98
CTOF_DEL    ---     0.495      R5C15C.D0 to      R5C15C.F0 SLICE_417
ROUTE         1     1.763      R5C15C.F0 to      R4C12B.B0 serial_out_155
CTOF_DEL    ---     0.495      R4C12B.B0 to      R4C12B.F0 SLICE_413
ROUTE         1     1.385      R4C12B.F0 to       R5C9B.D0 serial_out_169
CTOF_DEL    ---     0.495       R5C9B.D0 to       R5C9B.F0 SLICE_412
ROUTE         1     1.658       R5C9B.F0 to       12.PADDO serial_out_c
DOPAD_DEL   ---     2.797       12.PADDO to         12.PAD serial_out
                  --------
                   13.079   (40.0% logic, 60.0% route), 6 logic levels.

Unconstrained Preference:
   CLOCK_TO_OUT PORT "serial_out" CLKPORT "clk" 

Report:   13.072ns delay SLICE_72 to serial_out

   Name    Fanout   Delay (ns)          Site               Resource
REG_DEL     ---     0.452      R3C4C.CLK to       R3C4C.Q1 SLICE_72 (from clk_c)
ROUTE         1     2.077       R3C4C.Q1 to       R4C5D.C1 observe[16]
CTOF_DEL    ---     0.495       R4C5D.C1 to       R4C5D.F1 SLICE_498
ROUTE         1     2.155       R4C5D.F1 to       R4C9D.D0 serial_out_91
CTOF_DEL    ---     0.495       R4C9D.D0 to       R4C9D.F0 SLICE_415
ROUTE         1     0.986       R4C9D.F0 to       R5C9B.A1 serial_out_153
CTOF_DEL    ---     0.495       R5C9B.A1 to       R5C9B.F1 SLICE_412
ROUTE         1     0.967       R5C9B.F1 to       R5C9B.A0 serial_out_163
CTOF_DEL    ---     0.495       R5C9B.A0 to       R5C9B.F0 SLICE_412
ROUTE         1     1.658       R5C9B.F0 to       12.PADDO serial_out_c
DOPAD_DEL   ---     2.797       12.PADDO to         12.PAD serial_out
                  --------
                   13.072   (40.0% logic, 60.0% route), 6 logic levels.

Unconstrained Preference:
   CLOCK_TO_OUT PORT "serial_out" CLKPORT "clk" 

Report:   13.056ns delay SLICE_397 to serial_out

   Name    Fanout   Delay (ns)          Site               Resource
REG_DEL     ---     0.452     R2C16D.CLK to      R2C16D.Q1 SLICE_397 (from clk_c)
ROUTE         1     2.616      R2C16D.Q1 to      R5C13A.A0 observe[92]
CTOF_DEL    ---     0.495      R5C13A.A0 to      R5C13A.F0 SLICE_172
ROUTE         1     0.656      R5C13A.F0 to      R5C13C.A0 serial_out_110
CTOF_DEL    ---     0.495      R5C13C.A0 to      R5C13C.F0 SLICE_419
ROUTE         1     2.153      R5C13C.F0 to       R4C9B.A0 serial_out_158
CTOF_DEL    ---     0.495       R4C9B.A0 to       R4C9B.F0 SLICE_414
ROUTE         1     0.744       R4C9B.F0 to       R5C9B.C0 serial_out_170
CTOF_DEL    ---     0.495       R5C9B.C0 to       R5C9B.F0 SLICE_412
ROUTE         1     1.658       R5C9B.F0 to       12.PADDO serial_out_c
DOPAD_DEL   ---     2.797       12.PADDO to         12.PAD serial_out
                  --------
                   13.056   (40.1% logic, 59.9% route), 6 logic levels.

Unconstrained Preference:
   CLOCK_TO_OUT PORT "serial_out" CLKPORT "clk" 

Report:   13.030ns delay SLICE_238 to serial_out

   Name    Fanout   Delay (ns)          Site               Resource
REG_DEL     ---     0.452     R3C16B.CLK to      R3C16B.Q0 SLICE_238 (from clk_c)
ROUTE         1     1.535      R3C16B.Q0 to      R4C15A.B0 observe[47]
CTOF_DEL    ---     0.495      R4C15A.B0 to      R4C15A.F0 SLICE_173
ROUTE         1     1.460      R4C15A.F0 to      R5C15C.D0 serial_out_98
CTOF_DEL    ---     0.495      R5C15C.D0 to      R5C15C.F0 SLICE_417
ROUTE         1     1.763      R5C15C.F0 to      R4C12B.B0 serial_out_155
CTOF_DEL    ---     0.495      R4C12B.B0 to      R4C12B.F0 SLICE_413
ROUTE         1     1.385      R4C12B.F0 to       R5C9B.D0 serial_out_169
CTOF_DEL    ---     0.495       R5C9B.D0 to       R5C9B.F0 SLICE_412
ROUTE         1     1.658       R5C9B.F0 to       12.PADDO serial_out_c
DOPAD_DEL   ---     2.797       12.PADDO to         12.PAD serial_out
                  --------
                   13.030   (40.1% logic, 59.9% route), 6 logic levels.

Unconstrained Preference:
   CLOCK_TO_OUT PORT "serial_out" CLKPORT "clk" 

Report:   12.963ns delay SLICE_419 to serial_out

   Name    Fanout   Delay (ns)          Site               Resource
REG_DEL     ---     0.452     R5C13C.CLK to      R5C13C.Q0 SLICE_419 (from clk_c)
ROUTE         1     1.838      R5C13C.Q0 to      R5C10A.B0 observe[133]
CTOF_DEL    ---     0.495      R5C10A.B0 to      R5C10A.F0 SLICE_490
ROUTE         1     1.157      R5C10A.F0 to      R4C10A.D0 serial_out_120
CTOF_DEL    ---     0.495      R4C10A.D0 to      R4C10A.F0 SLICE_421
ROUTE         1     2.337      R4C10A.F0 to       R4C9B.B0 serial_out_160
CTOF_DEL    ---     0.495       R4C9B.B0 to       R4C9B.F0 SLICE_414
ROUTE         1     0.744       R4C9B.F0 to       R5C9B.C0 serial_out_170
CTOF_DEL    ---     0.495       R5C9B.C0 to       R5C9B.F0 SLICE_412
ROUTE         1     1.658       R5C9B.F0 to       12.PADDO serial_out_c
DOPAD_DEL   ---     2.797       12.PADDO to         12.PAD serial_out
                  --------
                   12.963   (40.3% logic, 59.7% route), 6 logic levels.

Unconstrained Preference:
   CLOCK_TO_OUT PORT "serial_out" CLKPORT "clk" 

Report:   12.942ns delay SLICE_415 to serial_out

   Name    Fanout   Delay (ns)          Site               Resource
REG_DEL     ---     0.452      R4C9D.CLK to       R4C9D.Q0 SLICE_415 (from clk_c)
ROUTE         1     1.278       R4C9D.Q0 to       R5C9C.C0 observe[125]
CTOF_DEL    ---     0.495       R5C9C.C0 to       R5C9C.F0 SLICE_171
ROUTE         1     1.696       R5C9C.F0 to      R4C10A.A0 serial_out_118
CTOF_DEL    ---     0.495      R4C10A.A0 to      R4C10A.F0 SLICE_421
ROUTE         1     2.337      R4C10A.F0 to       R4C9B.B0 serial_out_160
CTOF_DEL    ---     0.495       R4C9B.B0 to       R4C9B.F0 SLICE_414
ROUTE         1     0.744       R4C9B.F0 to       R5C9B.C0 serial_out_170
CTOF_DEL    ---     0.495       R5C9B.C0 to       R5C9B.F0 SLICE_412
ROUTE         1     1.658       R5C9B.F0 to       12.PADDO serial_out_c
DOPAD_DEL   ---     2.797       12.PADDO to         12.PAD serial_out
                  --------
                   12.942   (40.4% logic, 59.6% route), 6 logic levels.

Unconstrained Preference:
   CLOCK_TO_OUT PORT "serial_out" CLKPORT "clk" 

Report:   12.885ns delay SLICE_406 to serial_out

   Name    Fanout   Delay (ns)          Site               Resource
REG_DEL     ---     0.452     R3C17D.CLK to      R3C17D.Q1 SLICE_406 (from clk_c)
ROUTE         1     1.079      R3C17D.Q1 to      R4C15A.C1 observe[60]
CTOF_DEL    ---     0.495      R4C15A.C1 to      R4C15A.F1 SLICE_173
ROUTE         1     1.733      R4C15A.F1 to      R4C18D.B0 serial_out_102
CTOF_DEL    ---     0.495      R4C18D.B0 to      R4C18D.F0 SLICE_418
ROUTE         1     1.801      R4C18D.F0 to      R4C12B.A0 serial_out_156
CTOF_DEL    ---     0.495      R4C12B.A0 to      R4C12B.F0 SLICE_413
ROUTE         1     1.385      R4C12B.F0 to       R5C9B.D0 serial_out_169
CTOF_DEL    ---     0.495       R5C9B.D0 to       R5C9B.F0 SLICE_412
ROUTE         1     1.658       R5C9B.F0 to       12.PADDO serial_out_c
DOPAD_DEL   ---     2.797       12.PADDO to         12.PAD serial_out
                  --------
                   12.885   (40.6% logic, 59.4% route), 6 logic levels.

Unconstrained Preference:
   CLOCK_TO_OUT PORT "serial_out" CLKPORT "clk" 

Report:   12.878ns delay SLICE_236 to serial_out

   Name    Fanout   Delay (ns)          Site               Resource
REG_DEL     ---     0.452     R4C14B.CLK to      R4C14B.Q0 SLICE_236 (from clk_c)
ROUTE         1     1.383      R4C14B.Q0 to      R4C15A.A0 observe[45]
CTOF_DEL    ---     0.495      R4C15A.A0 to      R4C15A.F0 SLICE_173
ROUTE         1     1.460      R4C15A.F0 to      R5C15C.D0 serial_out_98
CTOF_DEL    ---     0.495      R5C15C.D0 to      R5C15C.F0 SLICE_417
ROUTE         1     1.763      R5C15C.F0 to      R4C12B.B0 serial_out_155
CTOF_DEL    ---     0.495      R4C12B.B0 to      R4C12B.F0 SLICE_413
ROUTE         1     1.385      R4C12B.F0 to       R5C9B.D0 serial_out_169
CTOF_DEL    ---     0.495       R5C9B.D0 to       R5C9B.F0 SLICE_412
ROUTE         1     1.658       R5C9B.F0 to       12.PADDO serial_out_c
DOPAD_DEL   ---     2.797       12.PADDO to         12.PAD serial_out
                  --------
                   12.878   (40.6% logic, 59.4% route), 6 logic levels.

Unconstrained Preference:
   CLOCK_TO_OUT PORT "serial_out" CLKPORT "clk" 

Report:   12.834ns delay SLICE_495 to serial_out

   Name    Fanout   Delay (ns)          Site               Resource
REG_DEL     ---     0.452     R4C18A.CLK to      R4C18A.Q1 SLICE_495 (from clk_c)
ROUTE         1     2.614      R4C18A.Q1 to      R5C13C.B1 observe[104]
CTOF_DEL    ---     0.495      R5C13C.B1 to      R5C13C.F1 SLICE_419
ROUTE         1     0.436      R5C13C.F1 to      R5C13C.C0 serial_out_113
CTOF_DEL    ---     0.495      R5C13C.C0 to      R5C13C.F0 SLICE_419
ROUTE         1     2.153      R5C13C.F0 to       R4C9B.A0 serial_out_158
CTOF_DEL    ---     0.495       R4C9B.A0 to       R4C9B.F0 SLICE_414
ROUTE         1     0.744       R4C9B.F0 to       R5C9B.C0 serial_out_170
CTOF_DEL    ---     0.495       R5C9B.C0 to       R5C9B.F0 SLICE_412
ROUTE         1     1.658       R5C9B.F0 to       12.PADDO serial_out_c
DOPAD_DEL   ---     2.797       12.PADDO to         12.PAD serial_out
                  --------
                   12.834   (40.7% logic, 59.3% route), 6 logic levels.

Unconstrained Preference:
   CLOCK_TO_OUT PORT "serial_out" CLKPORT "clk" 

Report:   12.829ns delay SLICE_486 to serial_out

   Name    Fanout   Delay (ns)          Site               Resource
REG_DEL     ---     0.452     R4C16B.CLK to      R4C16B.Q0 SLICE_486 (from clk_c)
ROUTE         1     1.023      R4C16B.Q0 to      R4C15A.B1 observe[63]
CTOF_DEL    ---     0.495      R4C15A.B1 to      R4C15A.F1 SLICE_173
ROUTE         1     1.733      R4C15A.F1 to      R4C18D.B0 serial_out_102
CTOF_DEL    ---     0.495      R4C18D.B0 to      R4C18D.F0 SLICE_418
ROUTE         1     1.801      R4C18D.F0 to      R4C12B.A0 serial_out_156
CTOF_DEL    ---     0.495      R4C12B.A0 to      R4C12B.F0 SLICE_413
ROUTE         1     1.385      R4C12B.F0 to       R5C9B.D0 serial_out_169
CTOF_DEL    ---     0.495       R5C9B.D0 to       R5C9B.F0 SLICE_412
ROUTE         1     1.658       R5C9B.F0 to       12.PADDO serial_out_c
DOPAD_DEL   ---     2.797       12.PADDO to         12.PAD serial_out
                  --------
                   12.829   (40.8% logic, 59.2% route), 6 logic levels.

Unconstrained Preference:
   CLOCK_TO_OUT PORT "serial_out" CLKPORT "clk" 

Report:   12.775ns delay SLICE_406 to serial_out

   Name    Fanout   Delay (ns)          Site               Resource
REG_DEL     ---     0.452     R3C17D.CLK to      R3C17D.Q0 SLICE_406 (from clk_c)
ROUTE         1     2.304      R3C17D.Q0 to      R5C15C.B1 observe[59]
CTOF_DEL    ---     0.495      R5C15C.B1 to      R5C15C.F1 SLICE_417
ROUTE         1     0.436      R5C15C.F1 to      R5C15C.C0 serial_out_101
CTOF_DEL    ---     0.495      R5C15C.C0 to      R5C15C.F0 SLICE_417
ROUTE         1     1.763      R5C15C.F0 to      R4C12B.B0 serial_out_155
CTOF_DEL    ---     0.495      R4C12B.B0 to      R4C12B.F0 SLICE_413
ROUTE         1     1.385      R4C12B.F0 to       R5C9B.D0 serial_out_169
CTOF_DEL    ---     0.495       R5C9B.D0 to       R5C9B.F0 SLICE_412
ROUTE         1     1.658       R5C9B.F0 to       12.PADDO serial_out_c
DOPAD_DEL   ---     2.797       12.PADDO to         12.PAD serial_out
                  --------
                   12.775   (40.9% logic, 59.1% route), 6 logic levels.

Unconstrained Preference:
   CLOCK_TO_OUT PORT "serial_out" CLKPORT "clk" 

Report:   12.764ns delay SLICE_410 to serial_out

   Name    Fanout   Delay (ns)          Site               Resource
REG_DEL     ---     0.452     R5C17C.CLK to      R5C17C.Q0 SLICE_410 (from clk_c)
ROUTE         1     0.958      R5C17C.Q0 to      R4C15A.D1 observe[61]
CTOF_DEL    ---     0.495      R4C15A.D1 to      R4C15A.F1 SLICE_173
ROUTE         1     1.733      R4C15A.F1 to      R4C18D.B0 serial_out_102
CTOF_DEL    ---     0.495      R4C18D.B0 to      R4C18D.F0 SLICE_418
ROUTE         1     1.801      R4C18D.F0 to      R4C12B.A0 serial_out_156
CTOF_DEL    ---     0.495      R4C12B.A0 to      R4C12B.F0 SLICE_413
ROUTE         1     1.385      R4C12B.F0 to       R5C9B.D0 serial_out_169
CTOF_DEL    ---     0.495       R5C9B.D0 to       R5C9B.F0 SLICE_412
ROUTE         1     1.658       R5C9B.F0 to       12.PADDO serial_out_c
DOPAD_DEL   ---     2.797       12.PADDO to         12.PAD serial_out
                  --------
                   12.764   (41.0% logic, 59.0% route), 6 logic levels.

Unconstrained Preference:
   CLOCK_TO_OUT PORT "serial_out" CLKPORT "clk" 

Report:   12.696ns delay SLICE_500 to serial_out

   Name    Fanout   Delay (ns)          Site               Resource
REG_DEL     ---     0.452     R3C16D.CLK to      R3C16D.Q1 SLICE_500 (from clk_c)
ROUTE         1     1.997      R3C16D.Q1 to      R4C18A.A0 observe[68]
CTOF_DEL    ---     0.495      R4C18A.A0 to      R4C18A.F0 SLICE_495
ROUTE         1     0.626      R4C18A.F0 to      R4C18D.D0 serial_out_104
CTOF_DEL    ---     0.495      R4C18D.D0 to      R4C18D.F0 SLICE_418
ROUTE         1     1.801      R4C18D.F0 to      R4C12B.A0 serial_out_156
CTOF_DEL    ---     0.495      R4C12B.A0 to      R4C12B.F0 SLICE_413
ROUTE         1     1.385      R4C12B.F0 to       R5C9B.D0 serial_out_169
CTOF_DEL    ---     0.495       R5C9B.D0 to       R5C9B.F0 SLICE_412
ROUTE         1     1.658       R5C9B.F0 to       12.PADDO serial_out_c
DOPAD_DEL   ---     2.797       12.PADDO to         12.PAD serial_out
                  --------
                   12.696   (41.2% logic, 58.8% route), 6 logic levels.

Unconstrained Preference:
   CLOCK_TO_OUT PORT "serial_out" CLKPORT "clk" 

Report:   12.659ns delay SLICE_418 to serial_out

   Name    Fanout   Delay (ns)          Site               Resource
REG_DEL     ---     0.452     R4C18D.CLK to      R4C18D.Q0 SLICE_418 (from clk_c)
ROUTE         1     1.925      R4C18D.Q0 to      R5C10A.A1 observe[131]
CTOF_DEL    ---     0.495      R5C10A.A1 to      R5C10A.F1 SLICE_490
ROUTE         1     0.766      R5C10A.F1 to      R4C10A.C0 serial_out_119
CTOF_DEL    ---     0.495      R4C10A.C0 to      R4C10A.F0 SLICE_421
ROUTE         1     2.337      R4C10A.F0 to       R4C9B.B0 serial_out_160
CTOF_DEL    ---     0.495       R4C9B.B0 to       R4C9B.F0 SLICE_414
ROUTE         1     0.744       R4C9B.F0 to       R5C9B.C0 serial_out_170
CTOF_DEL    ---     0.495       R5C9B.C0 to       R5C9B.F0 SLICE_412
ROUTE         1     1.658       R5C9B.F0 to       12.PADDO serial_out_c
DOPAD_DEL   ---     2.797       12.PADDO to         12.PAD serial_out
                  --------
                   12.659   (41.3% logic, 58.7% route), 6 logic levels.

Unconstrained Preference:
   CLOCK_TO_OUT PORT "serial_out" CLKPORT "clk" 

Report:   12.655ns delay SLICE_176 to serial_out

   Name    Fanout   Delay (ns)          Site               Resource
REG_DEL     ---     0.452      R7C9D.CLK to       R7C9D.Q1 SLICE_176 (from clk_c)
ROUTE         1     1.583       R7C9D.Q1 to       R5C8C.C0 observe[38]
CTOF_DEL    ---     0.495       R5C8C.C0 to       R5C8C.F0 SLICE_497
ROUTE         1     2.155       R5C8C.F0 to      R5C12C.D0 serial_out_96
CTOF_DEL    ---     0.495      R5C12C.D0 to      R5C12C.F0 SLICE_416
ROUTE         1     0.645      R5C12C.F0 to      R4C12B.D0 serial_out_154
CTOF_DEL    ---     0.495      R4C12B.D0 to      R4C12B.F0 SLICE_413
ROUTE         1     1.385      R4C12B.F0 to       R5C9B.D0 serial_out_169
CTOF_DEL    ---     0.495       R5C9B.D0 to       R5C9B.F0 SLICE_412
ROUTE         1     1.658       R5C9B.F0 to       12.PADDO serial_out_c
DOPAD_DEL   ---     2.797       12.PADDO to         12.PAD serial_out
                  --------
                   12.655   (41.3% logic, 58.7% route), 6 logic levels.

Unconstrained Preference:
   CLOCK_TO_OUT PORT "serial_out" CLKPORT "clk" 

Report:   12.631ns delay SLICE_422 to serial_out

   Name    Fanout   Delay (ns)          Site               Resource
REG_DEL     ---     0.452      R5C9A.CLK to       R5C9A.Q1 SLICE_422 (from clk_c)
ROUTE         1     0.967       R5C9A.Q1 to       R5C9C.A0 observe[124]
CTOF_DEL    ---     0.495       R5C9C.A0 to       R5C9C.F0 SLICE_171
ROUTE         1     1.696       R5C9C.F0 to      R4C10A.A0 serial_out_118
CTOF_DEL    ---     0.495      R4C10A.A0 to      R4C10A.F0 SLICE_421
ROUTE         1     2.337      R4C10A.F0 to       R4C9B.B0 serial_out_160
CTOF_DEL    ---     0.495       R4C9B.B0 to       R4C9B.F0 SLICE_414
ROUTE         1     0.744       R4C9B.F0 to       R5C9B.C0 serial_out_170
CTOF_DEL    ---     0.495       R5C9B.C0 to       R5C9B.F0 SLICE_412
ROUTE         1     1.658       R5C9B.F0 to       12.PADDO serial_out_c
DOPAD_DEL   ---     2.797       12.PADDO to         12.PAD serial_out
                  --------
                   12.631   (41.4% logic, 58.6% route), 6 logic levels.

Unconstrained Preference:
   CLOCK_TO_OUT PORT "serial_out" CLKPORT "clk" 

Report:   12.596ns delay SLICE_499 to serial_out

   Name    Fanout   Delay (ns)          Site               Resource
REG_DEL     ---     0.452      R5C3D.CLK to       R5C3D.Q0 SLICE_499 (from clk_c)
ROUTE         1     2.266       R5C3D.Q0 to       R5C8C.B1 observe[32]
CTOF_DEL    ---     0.495       R5C8C.B1 to       R5C8C.F1 SLICE_497
ROUTE         1     1.413       R5C8C.F1 to      R5C12C.A0 serial_out_95
CTOF_DEL    ---     0.495      R5C12C.A0 to      R5C12C.F0 SLICE_416
ROUTE         1     0.645      R5C12C.F0 to      R4C12B.D0 serial_out_154
CTOF_DEL    ---     0.495      R4C12B.D0 to      R4C12B.F0 SLICE_413
ROUTE         1     1.385      R4C12B.F0 to       R5C9B.D0 serial_out_169
CTOF_DEL    ---     0.495       R5C9B.D0 to       R5C9B.F0 SLICE_412
ROUTE         1     1.658       R5C9B.F0 to       12.PADDO serial_out_c
DOPAD_DEL   ---     2.797       12.PADDO to         12.PAD serial_out
                  --------
                   12.596   (41.5% logic, 58.5% route), 6 logic levels.

Unconstrained Preference:
   CLOCK_TO_OUT PORT "serial_out" CLKPORT "clk" 

Report:   12.538ns delay SLICE_419 to serial_out

   Name    Fanout   Delay (ns)          Site               Resource
REG_DEL     ---     0.452     R5C13C.CLK to      R5C13C.Q1 SLICE_419 (from clk_c)
ROUTE         1     1.413      R5C13C.Q1 to      R5C10A.A0 observe[134]
CTOF_DEL    ---     0.495      R5C10A.A0 to      R5C10A.F0 SLICE_490
ROUTE         1     1.157      R5C10A.F0 to      R4C10A.D0 serial_out_120
CTOF_DEL    ---     0.495      R4C10A.D0 to      R4C10A.F0 SLICE_421
ROUTE         1     2.337      R4C10A.F0 to       R4C9B.B0 serial_out_160
CTOF_DEL    ---     0.495       R4C9B.B0 to       R4C9B.F0 SLICE_414
ROUTE         1     0.744       R4C9B.F0 to       R5C9B.C0 serial_out_170
CTOF_DEL    ---     0.495       R5C9B.C0 to       R5C9B.F0 SLICE_412
ROUTE         1     1.658       R5C9B.F0 to       12.PADDO serial_out_c
DOPAD_DEL   ---     2.797       12.PADDO to         12.PAD serial_out
                  --------
                   12.538   (41.7% logic, 58.3% route), 6 logic levels.

Unconstrained Preference:
   CLOCK_TO_OUT PORT "serial_out" CLKPORT "clk" 

Report:   12.463ns delay SLICE_16 to serial_out

   Name    Fanout   Delay (ns)          Site               Resource
REG_DEL     ---     0.452      R7C2A.CLK to       R7C2A.Q0 SLICE_16 (from clk_c)
ROUTE         1     1.802       R7C2A.Q0 to      R4C10A.C1 observe[139]
CTOF_DEL    ---     0.495      R4C10A.C1 to      R4C10A.F1 SLICE_421
ROUTE         1     0.693      R4C10A.F1 to      R4C10A.B0 serial_out_121
CTOF_DEL    ---     0.495      R4C10A.B0 to      R4C10A.F0 SLICE_421
ROUTE         1     2.337      R4C10A.F0 to       R4C9B.B0 serial_out_160
CTOF_DEL    ---     0.495       R4C9B.B0 to       R4C9B.F0 SLICE_414
ROUTE         1     0.744       R4C9B.F0 to       R5C9B.C0 serial_out_170
CTOF_DEL    ---     0.495       R5C9B.C0 to       R5C9B.F0 SLICE_412
ROUTE         1     1.658       R5C9B.F0 to       12.PADDO serial_out_c
DOPAD_DEL   ---     2.797       12.PADDO to         12.PAD serial_out
                  --------
                   12.463   (42.0% logic, 58.0% route), 6 logic levels.

Unconstrained Preference:
   CLOCK_TO_OUT PORT "serial_out" CLKPORT "clk" 

Report:   12.461ns delay SLICE_16 to serial_out

   Name    Fanout   Delay (ns)          Site               Resource
REG_DEL     ---     0.452      R7C2A.CLK to       R7C2A.Q1 SLICE_16 (from clk_c)
ROUTE         1     2.190       R7C2A.Q1 to       R5C5B.C1 observe[140]
CTOF_DEL    ---     0.495       R5C5B.C1 to       R5C5B.F1 SLICE_489
ROUTE         1     2.204       R5C5B.F1 to       R4C9B.C1 serial_out_122
CTOF_DEL    ---     0.495       R4C9B.C1 to       R4C9B.F1 SLICE_414
ROUTE         1     0.436       R4C9B.F1 to       R4C9B.C0 serial_out_161
CTOF_DEL    ---     0.495       R4C9B.C0 to       R4C9B.F0 SLICE_414
ROUTE         1     0.744       R4C9B.F0 to       R5C9B.C0 serial_out_170
CTOF_DEL    ---     0.495       R5C9B.C0 to       R5C9B.F0 SLICE_412
ROUTE         1     1.658       R5C9B.F0 to       12.PADDO serial_out_c
DOPAD_DEL   ---     2.797       12.PADDO to         12.PAD serial_out
                  --------
                   12.461   (42.0% logic, 58.0% route), 6 logic levels.

Unconstrained Preference:
   CLOCK_TO_OUT PORT "serial_out" CLKPORT "clk" 

Report:   12.460ns delay SLICE_408 to serial_out

   Name    Fanout   Delay (ns)          Site               Resource
REG_DEL     ---     0.452     R4C17A.CLK to      R4C17A.Q0 SLICE_408 (from clk_c)
ROUTE         1     1.420      R4C17A.Q0 to      R4C18A.B1 observe[65]
CTOF_DEL    ---     0.495      R4C18A.B1 to      R4C18A.F1 SLICE_495
ROUTE         1     0.967      R4C18A.F1 to      R4C18D.A0 serial_out_103
CTOF_DEL    ---     0.495      R4C18D.A0 to      R4C18D.F0 SLICE_418
ROUTE         1     1.801      R4C18D.F0 to      R4C12B.A0 serial_out_156
CTOF_DEL    ---     0.495      R4C12B.A0 to      R4C12B.F0 SLICE_413
ROUTE         1     1.385      R4C12B.F0 to       R5C9B.D0 serial_out_169
CTOF_DEL    ---     0.495       R5C9B.D0 to       R5C9B.F0 SLICE_412
ROUTE         1     1.658       R5C9B.F0 to       12.PADDO serial_out_c
DOPAD_DEL   ---     2.797       12.PADDO to         12.PAD serial_out
                  --------
                   12.460   (42.0% logic, 58.0% route), 6 logic levels.

Unconstrained Preference:
   CLOCK_TO_OUT PORT "serial_out" CLKPORT "clk" 

Report:   12.445ns delay SLICE_74 to serial_out

   Name    Fanout   Delay (ns)          Site               Resource
REG_DEL     ---     0.452      R5C3B.CLK to       R5C3B.Q0 SLICE_74 (from clk_c)
ROUTE         1     1.450       R5C3B.Q0 to       R4C5D.B1 observe[19]
CTOF_DEL    ---     0.495       R4C5D.B1 to       R4C5D.F1 SLICE_498
ROUTE         1     2.155       R4C5D.F1 to       R4C9D.D0 serial_out_91
CTOF_DEL    ---     0.495       R4C9D.D0 to       R4C9D.F0 SLICE_415
ROUTE         1     0.986       R4C9D.F0 to       R5C9B.A1 serial_out_153
CTOF_DEL    ---     0.495       R5C9B.A1 to       R5C9B.F1 SLICE_412
ROUTE         1     0.967       R5C9B.F1 to       R5C9B.A0 serial_out_163
CTOF_DEL    ---     0.495       R5C9B.A0 to       R5C9B.F0 SLICE_412
ROUTE         1     1.658       R5C9B.F0 to       12.PADDO serial_out_c
DOPAD_DEL   ---     2.797       12.PADDO to         12.PAD serial_out
                  --------
                   12.445   (42.0% logic, 58.0% route), 6 logic levels.

Unconstrained Preference:
   CLOCK_TO_OUT PORT "serial_out" CLKPORT "clk" 

Report:   12.439ns delay SLICE_496 to serial_out

   Name    Fanout   Delay (ns)          Site               Resource
REG_DEL     ---     0.452     R5C15A.CLK to      R5C15A.Q0 SLICE_496 (from clk_c)
ROUTE         1     2.340      R5C15A.Q0 to      R5C13D.B0 observe[101]
CTOF_DEL    ---     0.495      R5C13D.B0 to      R5C13D.F0 SLICE_492
ROUTE         1     0.315      R5C13D.F0 to      R5C13C.D0 serial_out_112
CTOF_DEL    ---     0.495      R5C13C.D0 to      R5C13C.F0 SLICE_419
ROUTE         1     2.153      R5C13C.F0 to       R4C9B.A0 serial_out_158
CTOF_DEL    ---     0.495       R4C9B.A0 to       R4C9B.F0 SLICE_414
ROUTE         1     0.744       R4C9B.F0 to       R5C9B.C0 serial_out_170
CTOF_DEL    ---     0.495       R5C9B.C0 to       R5C9B.F0 SLICE_412
ROUTE         1     1.658       R5C9B.F0 to       12.PADDO serial_out_c
DOPAD_DEL   ---     2.797       12.PADDO to         12.PAD serial_out
                  --------
                   12.439   (42.0% logic, 58.0% route), 6 logic levels.

Unconstrained Preference:
   CLOCK_TO_OUT PORT "serial_out" CLKPORT "clk" 

Report:   12.423ns delay SLICE_486 to serial_out

   Name    Fanout   Delay (ns)          Site               Resource
REG_DEL     ---     0.452     R4C16B.CLK to      R4C16B.Q1 SLICE_486 (from clk_c)
ROUTE         1     1.383      R4C16B.Q1 to      R4C18A.A1 observe[64]
CTOF_DEL    ---     0.495      R4C18A.A1 to      R4C18A.F1 SLICE_495
ROUTE         1     0.967      R4C18A.F1 to      R4C18D.A0 serial_out_103
CTOF_DEL    ---     0.495      R4C18D.A0 to      R4C18D.F0 SLICE_418
ROUTE         1     1.801      R4C18D.F0 to      R4C12B.A0 serial_out_156
CTOF_DEL    ---     0.495      R4C12B.A0 to      R4C12B.F0 SLICE_413
ROUTE         1     1.385      R4C12B.F0 to       R5C9B.D0 serial_out_169
CTOF_DEL    ---     0.495       R5C9B.D0 to       R5C9B.F0 SLICE_412
ROUTE         1     1.658       R5C9B.F0 to       12.PADDO serial_out_c
DOPAD_DEL   ---     2.797       12.PADDO to         12.PAD serial_out
                  --------
                   12.423   (42.1% logic, 57.9% route), 6 logic levels.

Unconstrained Preference:
   CLOCK_TO_OUT PORT "serial_out" CLKPORT "clk" 

Report:   12.328ns delay SLICE_391 to serial_out

   Name    Fanout   Delay (ns)          Site               Resource
REG_DEL     ---     0.452     R3C14A.CLK to      R3C14A.Q1 SLICE_391 (from clk_c)
ROUTE         1     1.600      R3C14A.Q1 to      R5C15A.D1 observe[50]
CTOF_DEL    ---     0.495      R5C15A.D1 to      R5C15A.F1 SLICE_496
ROUTE         1     0.693      R5C15A.F1 to      R5C15C.B0 serial_out_99
CTOF_DEL    ---     0.495      R5C15C.B0 to      R5C15C.F0 SLICE_417
ROUTE         1     1.763      R5C15C.F0 to      R4C12B.B0 serial_out_155
CTOF_DEL    ---     0.495      R4C12B.B0 to      R4C12B.F0 SLICE_413
ROUTE         1     1.385      R4C12B.F0 to       R5C9B.D0 serial_out_169
CTOF_DEL    ---     0.495       R5C9B.D0 to       R5C9B.F0 SLICE_412
ROUTE         1     1.658       R5C9B.F0 to       12.PADDO serial_out_c
DOPAD_DEL   ---     2.797       12.PADDO to         12.PAD serial_out
                  --------
                   12.328   (42.4% logic, 57.6% route), 6 logic levels.

Unconstrained Preference:
   CLOCK_TO_OUT PORT "serial_out" CLKPORT "clk" 

Report:   12.327ns delay SLICE_499 to serial_out

   Name    Fanout   Delay (ns)          Site               Resource
REG_DEL     ---     0.452      R5C3D.CLK to       R5C3D.Q1 SLICE_499 (from clk_c)
ROUTE         1     1.997       R5C3D.Q1 to       R5C8C.A1 observe[33]
CTOF_DEL    ---     0.495       R5C8C.A1 to       R5C8C.F1 SLICE_497
ROUTE         1     1.413       R5C8C.F1 to      R5C12C.A0 serial_out_95
CTOF_DEL    ---     0.495      R5C12C.A0 to      R5C12C.F0 SLICE_416
ROUTE         1     0.645      R5C12C.F0 to      R4C12B.D0 serial_out_154
CTOF_DEL    ---     0.495      R4C12B.D0 to      R4C12B.F0 SLICE_413
ROUTE         1     1.385      R4C12B.F0 to       R5C9B.D0 serial_out_169
CTOF_DEL    ---     0.495       R5C9B.D0 to       R5C9B.F0 SLICE_412
ROUTE         1     1.658       R5C9B.F0 to       12.PADDO serial_out_c
DOPAD_DEL   ---     2.797       12.PADDO to         12.PAD serial_out
                  --------
                   12.327   (42.4% logic, 57.6% route), 6 logic levels.

Unconstrained Preference:
   CLOCK_TO_OUT PORT "serial_out" CLKPORT "clk" 

Report:   12.309ns delay SLICE_415 to serial_out

   Name    Fanout   Delay (ns)          Site               Resource
REG_DEL     ---     0.452      R4C9D.CLK to       R4C9D.Q1 SLICE_415 (from clk_c)
ROUTE         1     0.645       R4C9D.Q1 to       R5C9C.D0 observe[126]
CTOF_DEL    ---     0.495       R5C9C.D0 to       R5C9C.F0 SLICE_171
ROUTE         1     1.696       R5C9C.F0 to      R4C10A.A0 serial_out_118
CTOF_DEL    ---     0.495      R4C10A.A0 to      R4C10A.F0 SLICE_421
ROUTE         1     2.337      R4C10A.F0 to       R4C9B.B0 serial_out_160
CTOF_DEL    ---     0.495       R4C9B.B0 to       R4C9B.F0 SLICE_414
ROUTE         1     0.744       R4C9B.F0 to       R5C9B.C0 serial_out_170
CTOF_DEL    ---     0.495       R5C9B.C0 to       R5C9B.F0 SLICE_412
ROUTE         1     1.658       R5C9B.F0 to       12.PADDO serial_out_c
DOPAD_DEL   ---     2.797       12.PADDO to         12.PAD serial_out
                  --------
                   12.309   (42.5% logic, 57.5% route), 6 logic levels.

Unconstrained Preference:
   CLOCK_TO_OUT PORT "serial_out" CLKPORT "clk" 

Report:   12.303ns delay SLICE_495 to serial_out

   Name    Fanout   Delay (ns)          Site               Resource
REG_DEL     ---     0.452     R4C18A.CLK to      R4C18A.Q0 SLICE_495 (from clk_c)
ROUTE         1     2.204      R4C18A.Q0 to      R5C13D.C0 observe[103]
CTOF_DEL    ---     0.495      R5C13D.C0 to      R5C13D.F0 SLICE_492
ROUTE         1     0.315      R5C13D.F0 to      R5C13C.D0 serial_out_112
CTOF_DEL    ---     0.495      R5C13C.D0 to      R5C13C.F0 SLICE_419
ROUTE         1     2.153      R5C13C.F0 to       R4C9B.A0 serial_out_158
CTOF_DEL    ---     0.495       R4C9B.A0 to       R4C9B.F0 SLICE_414
ROUTE         1     0.744       R4C9B.F0 to       R5C9B.C0 serial_out_170
CTOF_DEL    ---     0.495       R5C9B.C0 to       R5C9B.F0 SLICE_412
ROUTE         1     1.658       R5C9B.F0 to       12.PADDO serial_out_c
DOPAD_DEL   ---     2.797       12.PADDO to         12.PAD serial_out
                  --------
                   12.303   (42.5% logic, 57.5% route), 6 logic levels.

Unconstrained Preference:
   CLOCK_TO_OUT PORT "serial_out" CLKPORT "clk" 

Report:   12.299ns delay SLICE_32 to serial_out

   Name    Fanout   Delay (ns)          Site               Resource
REG_DEL     ---     0.452      R2C4B.CLK to       R2C4B.Q0 SLICE_32 (from clk_c)
ROUTE         1     2.198       R2C4B.Q0 to       R3C5B.A0 observe[153]
CTOF_DEL    ---     0.495       R3C5B.A0 to       R3C5B.F0 SLICE_488
ROUTE         1     2.034       R3C5B.F0 to       R4C9B.B1 serial_out_125
CTOF_DEL    ---     0.495       R4C9B.B1 to       R4C9B.F1 SLICE_414
ROUTE         1     0.436       R4C9B.F1 to       R4C9B.C0 serial_out_161
CTOF_DEL    ---     0.495       R4C9B.C0 to       R4C9B.F0 SLICE_414
ROUTE         1     0.744       R4C9B.F0 to       R5C9B.C0 serial_out_170
CTOF_DEL    ---     0.495       R5C9B.C0 to       R5C9B.F0 SLICE_412
ROUTE         1     1.658       R5C9B.F0 to       12.PADDO serial_out_c
DOPAD_DEL   ---     2.797       12.PADDO to         12.PAD serial_out
                  --------
                   12.299   (42.5% logic, 57.5% route), 6 logic levels.

Unconstrained Preference:
   CLOCK_TO_OUT PORT "serial_out" CLKPORT "clk" 

Report:   12.287ns delay SLICE_384 to serial_out

   Name    Fanout   Delay (ns)          Site               Resource
REG_DEL     ---     0.452     R5C16D.CLK to      R5C16D.Q1 SLICE_384 (from clk_c)
ROUTE         1     1.810      R5C16D.Q1 to      R5C13D.A1 observe[96]
CTOF_DEL    ---     0.495      R5C13D.A1 to      R5C13D.F1 SLICE_492
ROUTE         1     0.693      R5C13D.F1 to      R5C13C.B0 serial_out_111
CTOF_DEL    ---     0.495      R5C13C.B0 to      R5C13C.F0 SLICE_419
ROUTE         1     2.153      R5C13C.F0 to       R4C9B.A0 serial_out_158
CTOF_DEL    ---     0.495       R4C9B.A0 to       R4C9B.F0 SLICE_414
ROUTE         1     0.744       R4C9B.F0 to       R5C9B.C0 serial_out_170
CTOF_DEL    ---     0.495       R5C9B.C0 to       R5C9B.F0 SLICE_412
ROUTE         1     1.658       R5C9B.F0 to       12.PADDO serial_out_c
DOPAD_DEL   ---     2.797       12.PADDO to         12.PAD serial_out
                  --------
                   12.287   (42.6% logic, 57.4% route), 6 logic levels.

Unconstrained Preference:
   CLOCK_TO_OUT PORT "serial_out" CLKPORT "clk" 

Report:   12.270ns delay SLICE_17 to serial_out

   Name    Fanout   Delay (ns)          Site               Resource
REG_DEL     ---     0.452      R7C2B.CLK to       R7C2B.Q0 SLICE_17 (from clk_c)
ROUTE         1     1.999       R7C2B.Q0 to       R5C5B.D1 observe[141]
CTOF_DEL    ---     0.495       R5C5B.D1 to       R5C5B.F1 SLICE_489
ROUTE         1     2.204       R5C5B.F1 to       R4C9B.C1 serial_out_122
CTOF_DEL    ---     0.495       R4C9B.C1 to       R4C9B.F1 SLICE_414
ROUTE         1     0.436       R4C9B.F1 to       R4C9B.C0 serial_out_161
CTOF_DEL    ---     0.495       R4C9B.C0 to       R4C9B.F0 SLICE_414
ROUTE         1     0.744       R4C9B.F0 to       R5C9B.C0 serial_out_170
CTOF_DEL    ---     0.495       R5C9B.C0 to       R5C9B.F0 SLICE_412
ROUTE         1     1.658       R5C9B.F0 to       12.PADDO serial_out_c
DOPAD_DEL   ---     2.797       12.PADDO to         12.PAD serial_out
                  --------
                   12.270   (42.6% logic, 57.4% route), 6 logic levels.

Unconstrained Preference:
   CLOCK_TO_OUT PORT "serial_out" CLKPORT "clk" 

Report:   12.239ns delay SLICE_236 to serial_out

   Name    Fanout   Delay (ns)          Site               Resource
REG_DEL     ---     0.452     R4C14B.CLK to      R4C14B.Q1 SLICE_236 (from clk_c)
ROUTE         1     0.744      R4C14B.Q1 to      R4C15A.C0 observe[46]
CTOF_DEL    ---     0.495      R4C15A.C0 to      R4C15A.F0 SLICE_173
ROUTE         1     1.460      R4C15A.F0 to      R5C15C.D0 serial_out_98
CTOF_DEL    ---     0.495      R5C15C.D0 to      R5C15C.F0 SLICE_417
ROUTE         1     1.763      R5C15C.F0 to      R4C12B.B0 serial_out_155
CTOF_DEL    ---     0.495      R4C12B.B0 to      R4C12B.F0 SLICE_413
ROUTE         1     1.385      R4C12B.F0 to       R5C9B.D0 serial_out_169
CTOF_DEL    ---     0.495       R5C9B.D0 to       R5C9B.F0 SLICE_412
ROUTE         1     1.658       R5C9B.F0 to       12.PADDO serial_out_c
DOPAD_DEL   ---     2.797       12.PADDO to         12.PAD serial_out
                  --------
                   12.239   (42.7% logic, 57.3% route), 6 logic levels.

Unconstrained Preference:
   CLOCK_TO_OUT PORT "serial_out" CLKPORT "clk" 

Report:   12.234ns delay SLICE_238 to serial_out

   Name    Fanout   Delay (ns)          Site               Resource
REG_DEL     ---     0.452     R3C16B.CLK to      R3C16B.Q1 SLICE_238 (from clk_c)
ROUTE         1     1.506      R3C16B.Q1 to      R5C15A.C1 observe[48]
CTOF_DEL    ---     0.495      R5C15A.C1 to      R5C15A.F1 SLICE_496
ROUTE         1     0.693      R5C15A.F1 to      R5C15C.B0 serial_out_99
CTOF_DEL    ---     0.495      R5C15C.B0 to      R5C15C.F0 SLICE_417
ROUTE         1     1.763      R5C15C.F0 to      R4C12B.B0 serial_out_155
CTOF_DEL    ---     0.495      R4C12B.B0 to      R4C12B.F0 SLICE_413
ROUTE         1     1.385      R4C12B.F0 to       R5C9B.D0 serial_out_169
CTOF_DEL    ---     0.495       R5C9B.D0 to       R5C9B.F0 SLICE_412
ROUTE         1     1.658       R5C9B.F0 to       12.PADDO serial_out_c
DOPAD_DEL   ---     2.797       12.PADDO to         12.PAD serial_out
                  --------
                   12.234   (42.7% logic, 57.3% route), 6 logic levels.

Unconstrained Preference:
   CLOCK_TO_OUT PORT "serial_out" CLKPORT "clk" 

Report:   12.226ns delay SLICE_389 to serial_out

   Name    Fanout   Delay (ns)          Site               Resource
REG_DEL     ---     0.452     R3C15D.CLK to      R3C15D.Q0 SLICE_389 (from clk_c)
ROUTE         1     1.498      R3C15D.Q0 to      R5C15A.A1 observe[51]
CTOF_DEL    ---     0.495      R5C15A.A1 to      R5C15A.F1 SLICE_496
ROUTE         1     0.693      R5C15A.F1 to      R5C15C.B0 serial_out_99
CTOF_DEL    ---     0.495      R5C15C.B0 to      R5C15C.F0 SLICE_417
ROUTE         1     1.763      R5C15C.F0 to      R4C12B.B0 serial_out_155
CTOF_DEL    ---     0.495      R4C12B.B0 to      R4C12B.F0 SLICE_413
ROUTE         1     1.385      R4C12B.F0 to       R5C9B.D0 serial_out_169
CTOF_DEL    ---     0.495       R5C9B.D0 to       R5C9B.F0 SLICE_412
ROUTE         1     1.658       R5C9B.F0 to       12.PADDO serial_out_c
DOPAD_DEL   ---     2.797       12.PADDO to         12.PAD serial_out
                  --------
                   12.226   (42.8% logic, 57.2% route), 6 logic levels.

Unconstrained Preference:
   CLOCK_TO_OUT PORT "serial_out" CLKPORT "clk" 

Report:   12.183ns delay SLICE_414 to serial_out

   Name    Fanout   Delay (ns)          Site               Resource
REG_DEL     ---     0.452      R4C9B.CLK to       R4C9B.Q0 SLICE_414 (from clk_c)
ROUTE         1     1.001       R4C9B.Q0 to       R3C9D.B1 observe[30]
CTOF_DEL    ---     0.495       R3C9D.B1 to       R3C9D.F1 SLICE_174
ROUTE         1     2.265       R3C9D.F1 to      R5C12C.B0 serial_out_94
CTOF_DEL    ---     0.495      R5C12C.B0 to      R5C12C.F0 SLICE_416
ROUTE         1     0.645      R5C12C.F0 to      R4C12B.D0 serial_out_154
CTOF_DEL    ---     0.495      R4C12B.D0 to      R4C12B.F0 SLICE_413
ROUTE         1     1.385      R4C12B.F0 to       R5C9B.D0 serial_out_169
CTOF_DEL    ---     0.495       R5C9B.D0 to       R5C9B.F0 SLICE_412
ROUTE         1     1.658       R5C9B.F0 to       12.PADDO serial_out_c
DOPAD_DEL   ---     2.797       12.PADDO to         12.PAD serial_out
                  --------
                   12.183   (42.9% logic, 57.1% route), 6 logic levels.

Unconstrained Preference:
   CLOCK_TO_OUT PORT "serial_out" CLKPORT "clk" 

Report:   12.153ns delay SLICE_494 to serial_out

   Name    Fanout   Delay (ns)          Site               Resource
REG_DEL     ---     0.452     R4C13D.CLK to      R4C13D.Q0 SLICE_494 (from clk_c)
ROUTE         1     1.933      R4C13D.Q0 to      R5C13C.C1 observe[105]
CTOF_DEL    ---     0.495      R5C13C.C1 to      R5C13C.F1 SLICE_419
ROUTE         1     0.436      R5C13C.F1 to      R5C13C.C0 serial_out_113
CTOF_DEL    ---     0.495      R5C13C.C0 to      R5C13C.F0 SLICE_419
ROUTE         1     2.153      R5C13C.F0 to       R4C9B.A0 serial_out_158
CTOF_DEL    ---     0.495       R4C9B.A0 to       R4C9B.F0 SLICE_414
ROUTE         1     0.744       R4C9B.F0 to       R5C9B.C0 serial_out_170
CTOF_DEL    ---     0.495       R5C9B.C0 to       R5C9B.F0 SLICE_412
ROUTE         1     1.658       R5C9B.F0 to       12.PADDO serial_out_c
DOPAD_DEL   ---     2.797       12.PADDO to         12.PAD serial_out
                  --------
                   12.153   (43.0% logic, 57.0% route), 6 logic levels.

Unconstrained Preference:
   CLOCK_TO_OUT PORT "serial_out" CLKPORT "clk" 

Report:   12.152ns delay SLICE_73 to serial_out

   Name    Fanout   Delay (ns)          Site               Resource
REG_DEL     ---     0.452      R4C4C.CLK to       R4C4C.Q1 SLICE_73 (from clk_c)
ROUTE         1     1.157       R4C4C.Q1 to       R4C5D.D1 observe[18]
CTOF_DEL    ---     0.495       R4C5D.D1 to       R4C5D.F1 SLICE_498
ROUTE         1     2.155       R4C5D.F1 to       R4C9D.D0 serial_out_91
CTOF_DEL    ---     0.495       R4C9D.D0 to       R4C9D.F0 SLICE_415
ROUTE         1     0.986       R4C9D.F0 to       R5C9B.A1 serial_out_153
CTOF_DEL    ---     0.495       R5C9B.A1 to       R5C9B.F1 SLICE_412
ROUTE         1     0.967       R5C9B.F1 to       R5C9B.A0 serial_out_163
CTOF_DEL    ---     0.495       R5C9B.A0 to       R5C9B.F0 SLICE_412
ROUTE         1     1.658       R5C9B.F0 to       12.PADDO serial_out_c
DOPAD_DEL   ---     2.797       12.PADDO to         12.PAD serial_out
                  --------
                   12.152   (43.0% logic, 57.0% route), 6 logic levels.

Unconstrained Preference:
   CLOCK_TO_OUT PORT "serial_out" CLKPORT "clk" 

Report:   12.149ns delay SLICE_17 to serial_out

   Name    Fanout   Delay (ns)          Site               Resource
REG_DEL     ---     0.452      R7C2B.CLK to       R7C2B.Q1 SLICE_17 (from clk_c)
ROUTE         1     1.878       R7C2B.Q1 to       R5C5B.A1 observe[142]
CTOF_DEL    ---     0.495       R5C5B.A1 to       R5C5B.F1 SLICE_489
ROUTE         1     2.204       R5C5B.F1 to       R4C9B.C1 serial_out_122
CTOF_DEL    ---     0.495       R4C9B.C1 to       R4C9B.F1 SLICE_414
ROUTE         1     0.436       R4C9B.F1 to       R4C9B.C0 serial_out_161
CTOF_DEL    ---     0.495       R4C9B.C0 to       R4C9B.F0 SLICE_414
ROUTE         1     0.744       R4C9B.F0 to       R5C9B.C0 serial_out_170
CTOF_DEL    ---     0.495       R5C9B.C0 to       R5C9B.F0 SLICE_412
ROUTE         1     1.658       R5C9B.F0 to       12.PADDO serial_out_c
DOPAD_DEL   ---     2.797       12.PADDO to         12.PAD serial_out
                  --------
                   12.149   (43.0% logic, 57.0% route), 6 logic levels.

Unconstrained Preference:
   CLOCK_TO_OUT PORT "serial_out" CLKPORT "clk" 

Report:   12.146ns delay SLICE_409 to serial_out

   Name    Fanout   Delay (ns)          Site               Resource
REG_DEL     ---     0.452     R3C15B.CLK to      R3C15B.Q0 SLICE_409 (from clk_c)
ROUTE         1     1.675      R3C15B.Q0 to      R5C15C.C1 observe[57]
CTOF_DEL    ---     0.495      R5C15C.C1 to      R5C15C.F1 SLICE_417
ROUTE         1     0.436      R5C15C.F1 to      R5C15C.C0 serial_out_101
CTOF_DEL    ---     0.495      R5C15C.C0 to      R5C15C.F0 SLICE_417
ROUTE         1     1.763      R5C15C.F0 to      R4C12B.B0 serial_out_155
CTOF_DEL    ---     0.495      R4C12B.B0 to      R4C12B.F0 SLICE_413
ROUTE         1     1.385      R4C12B.F0 to       R5C9B.D0 serial_out_169
CTOF_DEL    ---     0.495       R5C9B.D0 to       R5C9B.F0 SLICE_412
ROUTE         1     1.658       R5C9B.F0 to       12.PADDO serial_out_c
DOPAD_DEL   ---     2.797       12.PADDO to         12.PAD serial_out
                  --------
                   12.146   (43.1% logic, 56.9% route), 6 logic levels.

Unconstrained Preference:
   CLOCK_TO_OUT PORT "serial_out" CLKPORT "clk" 

Report:   12.144ns delay SLICE_75 to serial_out

   Name    Fanout   Delay (ns)          Site               Resource
REG_DEL     ---     0.452      R4C5B.CLK to       R4C5B.Q1 SLICE_75 (from clk_c)
ROUTE         1     1.004       R4C5B.Q1 to       R4C5D.B0 observe[22]
CTOF_DEL    ---     0.495       R4C5D.B0 to       R4C5D.F0 SLICE_498
ROUTE         1     2.300       R4C5D.F0 to       R4C9D.A0 serial_out_92
CTOF_DEL    ---     0.495       R4C9D.A0 to       R4C9D.F0 SLICE_415
ROUTE         1     0.986       R4C9D.F0 to       R5C9B.A1 serial_out_153
CTOF_DEL    ---     0.495       R5C9B.A1 to       R5C9B.F1 SLICE_412
ROUTE         1     0.967       R5C9B.F1 to       R5C9B.A0 serial_out_163
CTOF_DEL    ---     0.495       R5C9B.A0 to       R5C9B.F0 SLICE_412
ROUTE         1     1.658       R5C9B.F0 to       12.PADDO serial_out_c
DOPAD_DEL   ---     2.797       12.PADDO to         12.PAD serial_out
                  --------
                   12.144   (43.1% logic, 56.9% route), 6 logic levels.

Unconstrained Preference:
   CLOCK_TO_OUT PORT "serial_out" CLKPORT "clk" 

Report:   12.139ns delay SLICE_393 to serial_out

   Name    Fanout   Delay (ns)          Site               Resource
REG_DEL     ---     0.452     R3C14C.CLK to      R3C14C.Q0 SLICE_393 (from clk_c)
ROUTE         1     2.011      R3C14C.Q0 to      R4C13D.D0 observe[81]
CTOF_DEL    ---     0.495      R4C13D.D0 to      R4C13D.F0 SLICE_494
ROUTE         1     1.420      R4C13D.F0 to      R4C12B.B1 serial_out_107
CTOF_DEL    ---     0.495      R4C12B.B1 to      R4C12B.F1 SLICE_413
ROUTE         1     0.436      R4C12B.F1 to      R4C12B.C0 serial_out_157
CTOF_DEL    ---     0.495      R4C12B.C0 to      R4C12B.F0 SLICE_413
ROUTE         1     1.385      R4C12B.F0 to       R5C9B.D0 serial_out_169
CTOF_DEL    ---     0.495       R5C9B.D0 to       R5C9B.F0 SLICE_412
ROUTE         1     1.658       R5C9B.F0 to       12.PADDO serial_out_c
DOPAD_DEL   ---     2.797       12.PADDO to         12.PAD serial_out
                  --------
                   12.139   (43.1% logic, 56.9% route), 6 logic levels.

Unconstrained Preference:
   CLOCK_TO_OUT PORT "serial_out" CLKPORT "clk" 

Report:   12.135ns delay SLICE_498 to serial_out

   Name    Fanout   Delay (ns)          Site               Resource
REG_DEL     ---     0.452      R4C5D.CLK to       R4C5D.Q0 SLICE_498 (from clk_c)
ROUTE         1     1.805       R4C5D.Q0 to       R5C8C.D1 observe[34]
CTOF_DEL    ---     0.495       R5C8C.D1 to       R5C8C.F1 SLICE_497
ROUTE         1     1.413       R5C8C.F1 to      R5C12C.A0 serial_out_95
CTOF_DEL    ---     0.495      R5C12C.A0 to      R5C12C.F0 SLICE_416
ROUTE         1     0.645      R5C12C.F0 to      R4C12B.D0 serial_out_154
CTOF_DEL    ---     0.495      R4C12B.D0 to      R4C12B.F0 SLICE_413
ROUTE         1     1.385      R4C12B.F0 to       R5C9B.D0 serial_out_169
CTOF_DEL    ---     0.495       R5C9B.D0 to       R5C9B.F0 SLICE_412
ROUTE         1     1.658       R5C9B.F0 to       12.PADDO serial_out_c
DOPAD_DEL   ---     2.797       12.PADDO to         12.PAD serial_out
                  --------
                   12.135   (43.1% logic, 56.9% route), 6 logic levels.

Unconstrained Preference:
   CLOCK_TO_OUT PORT "serial_out" CLKPORT "clk" 

Report:   12.133ns delay SLICE_237 to serial_out

   Name    Fanout   Delay (ns)          Site               Resource
REG_DEL     ---     0.452     R4C16A.CLK to      R4C16A.Q0 SLICE_237 (from clk_c)
ROUTE         1     1.656      R4C16A.Q0 to      R5C13D.D1 observe[99]
CTOF_DEL    ---     0.495      R5C13D.D1 to      R5C13D.F1 SLICE_492
ROUTE         1     0.693      R5C13D.F1 to      R5C13C.B0 serial_out_111
CTOF_DEL    ---     0.495      R5C13C.B0 to      R5C13C.F0 SLICE_419
ROUTE         1     2.153      R5C13C.F0 to       R4C9B.A0 serial_out_158
CTOF_DEL    ---     0.495       R4C9B.A0 to       R4C9B.F0 SLICE_414
ROUTE         1     0.744       R4C9B.F0 to       R5C9B.C0 serial_out_170
CTOF_DEL    ---     0.495       R5C9B.C0 to       R5C9B.F0 SLICE_412
ROUTE         1     1.658       R5C9B.F0 to       12.PADDO serial_out_c
DOPAD_DEL   ---     2.797       12.PADDO to         12.PAD serial_out
                  --------
                   12.133   (43.1% logic, 56.9% route), 6 logic levels.

Unconstrained Preference:
   CLOCK_TO_OUT PORT "serial_out" CLKPORT "clk" 

Report:   12.090ns delay SLICE_390 to serial_out

   Name    Fanout   Delay (ns)          Site               Resource
REG_DEL     ---     0.452     R4C15B.CLK to      R4C15B.Q0 SLICE_390 (from clk_c)
ROUTE         1     1.581      R4C15B.Q0 to      R4C18D.C1 observe[75]
CTOF_DEL    ---     0.495      R4C18D.C1 to      R4C18D.F1 SLICE_418
ROUTE         1     0.436      R4C18D.F1 to      R4C18D.C0 serial_out_105
CTOF_DEL    ---     0.495      R4C18D.C0 to      R4C18D.F0 SLICE_418
ROUTE         1     1.801      R4C18D.F0 to      R4C12B.A0 serial_out_156
CTOF_DEL    ---     0.495      R4C12B.A0 to      R4C12B.F0 SLICE_413
ROUTE         1     1.385      R4C12B.F0 to       R5C9B.D0 serial_out_169
CTOF_DEL    ---     0.495       R5C9B.D0 to       R5C9B.F0 SLICE_412
ROUTE         1     1.658       R5C9B.F0 to       12.PADDO serial_out_c
DOPAD_DEL   ---     2.797       12.PADDO to         12.PAD serial_out
                  --------
                   12.090   (43.3% logic, 56.7% route), 6 logic levels.

Unconstrained Preference:
   CLOCK_TO_OUT PORT "serial_out" CLKPORT "clk" 

Report:   12.076ns delay SLICE_497 to serial_out

   Name    Fanout   Delay (ns)          Site               Resource
REG_DEL     ---     0.452      R5C8C.CLK to       R5C8C.Q0 SLICE_497 (from clk_c)
ROUTE         1     1.004       R5C8C.Q0 to       R5C8C.B0 observe[36]
CTOF_DEL    ---     0.495       R5C8C.B0 to       R5C8C.F0 SLICE_497
ROUTE         1     2.155       R5C8C.F0 to      R5C12C.D0 serial_out_96
CTOF_DEL    ---     0.495      R5C12C.D0 to      R5C12C.F0 SLICE_416
ROUTE         1     0.645      R5C12C.F0 to      R4C12B.D0 serial_out_154
CTOF_DEL    ---     0.495      R4C12B.D0 to      R4C12B.F0 SLICE_413
ROUTE         1     1.385      R4C12B.F0 to       R5C9B.D0 serial_out_169
CTOF_DEL    ---     0.495       R5C9B.D0 to       R5C9B.F0 SLICE_412
ROUTE         1     1.658       R5C9B.F0 to       12.PADDO serial_out_c
DOPAD_DEL   ---     2.797       12.PADDO to         12.PAD serial_out
                  --------
                   12.076   (43.3% logic, 56.7% route), 6 logic levels.

Unconstrained Preference:
   CLOCK_TO_OUT PORT "serial_out" CLKPORT "clk" 

Report:   12.070ns delay SLICE_416 to serial_out

   Name    Fanout   Delay (ns)          Site               Resource
REG_DEL     ---     0.452     R5C12C.CLK to      R5C12C.Q1 SLICE_416 (from clk_c)
ROUTE         1     1.336      R5C12C.Q1 to      R5C10A.B1 observe[128]
CTOF_DEL    ---     0.495      R5C10A.B1 to      R5C10A.F1 SLICE_490
ROUTE         1     0.766      R5C10A.F1 to      R4C10A.C0 serial_out_119
CTOF_DEL    ---     0.495      R4C10A.C0 to      R4C10A.F0 SLICE_421
ROUTE         1     2.337      R4C10A.F0 to       R4C9B.B0 serial_out_160
CTOF_DEL    ---     0.495       R4C9B.B0 to       R4C9B.F0 SLICE_414
ROUTE         1     0.744       R4C9B.F0 to       R5C9B.C0 serial_out_170
CTOF_DEL    ---     0.495       R5C9B.C0 to       R5C9B.F0 SLICE_412
ROUTE         1     1.658       R5C9B.F0 to       12.PADDO serial_out_c
DOPAD_DEL   ---     2.797       12.PADDO to         12.PAD serial_out
                  --------
                   12.070   (43.3% logic, 56.7% route), 6 logic levels.

Unconstrained Preference:
   CLOCK_TO_OUT PORT "serial_out" CLKPORT "clk" 

Report:   12.027ns delay SLICE_412 to serial_out

   Name    Fanout   Delay (ns)          Site               Resource
REG_DEL     ---     0.452      R5C9B.CLK to       R5C9B.Q1 SLICE_412 (from clk_c)
ROUTE         1     1.928       R5C9B.Q1 to      R5C13D.A0 observe[100]
CTOF_DEL    ---     0.495      R5C13D.A0 to      R5C13D.F0 SLICE_492
ROUTE         1     0.315      R5C13D.F0 to      R5C13C.D0 serial_out_112
CTOF_DEL    ---     0.495      R5C13C.D0 to      R5C13C.F0 SLICE_419
ROUTE         1     2.153      R5C13C.F0 to       R4C9B.A0 serial_out_158
CTOF_DEL    ---     0.495       R4C9B.A0 to       R4C9B.F0 SLICE_414
ROUTE         1     0.744       R4C9B.F0 to       R5C9B.C0 serial_out_170
CTOF_DEL    ---     0.495       R5C9B.C0 to       R5C9B.F0 SLICE_412
ROUTE         1     1.658       R5C9B.F0 to       12.PADDO serial_out_c
DOPAD_DEL   ---     2.797       12.PADDO to         12.PAD serial_out
                  --------
                   12.027   (43.5% logic, 56.5% route), 6 logic levels.

Unconstrained Preference:
   CLOCK_TO_OUT PORT "serial_out" CLKPORT "clk" 

Report:   12.004ns delay SLICE_19 to serial_out

   Name    Fanout   Delay (ns)          Site               Resource
REG_DEL     ---     0.452     R10C3A.CLK to      R10C3A.Q0 SLICE_19 (from clk_c)
ROUTE         1     1.903      R10C3A.Q0 to       R3C5B.D0 observe[155]
CTOF_DEL    ---     0.495       R3C5B.D0 to       R3C5B.F0 SLICE_488
ROUTE         1     2.034       R3C5B.F0 to       R4C9B.B1 serial_out_125
CTOF_DEL    ---     0.495       R4C9B.B1 to       R4C9B.F1 SLICE_414
ROUTE         1     0.436       R4C9B.F1 to       R4C9B.C0 serial_out_161
CTOF_DEL    ---     0.495       R4C9B.C0 to       R4C9B.F0 SLICE_414
ROUTE         1     0.744       R4C9B.F0 to       R5C9B.C0 serial_out_170
CTOF_DEL    ---     0.495       R5C9B.C0 to       R5C9B.F0 SLICE_412
ROUTE         1     1.658       R5C9B.F0 to       12.PADDO serial_out_c
DOPAD_DEL   ---     2.797       12.PADDO to         12.PAD serial_out
                  --------
                   12.004   (43.6% logic, 56.4% route), 6 logic levels.

Unconstrained Preference:
   CLOCK_TO_OUT PORT "serial_out" CLKPORT "clk" 

Report:   11.998ns delay SLICE_500 to serial_out

   Name    Fanout   Delay (ns)          Site               Resource
REG_DEL     ---     0.452     R3C16D.CLK to      R3C16D.Q0 SLICE_500 (from clk_c)
ROUTE         1     0.958      R3C16D.Q0 to      R4C18A.D1 observe[67]
CTOF_DEL    ---     0.495      R4C18A.D1 to      R4C18A.F1 SLICE_495
ROUTE         1     0.967      R4C18A.F1 to      R4C18D.A0 serial_out_103
CTOF_DEL    ---     0.495      R4C18D.A0 to      R4C18D.F0 SLICE_418
ROUTE         1     1.801      R4C18D.F0 to      R4C12B.A0 serial_out_156
CTOF_DEL    ---     0.495      R4C12B.A0 to      R4C12B.F0 SLICE_413
ROUTE         1     1.385      R4C12B.F0 to       R5C9B.D0 serial_out_169
CTOF_DEL    ---     0.495       R5C9B.D0 to       R5C9B.F0 SLICE_412
ROUTE         1     1.658       R5C9B.F0 to       12.PADDO serial_out_c
DOPAD_DEL   ---     2.797       12.PADDO to         12.PAD serial_out
                  --------
                   11.998   (43.6% logic, 56.4% route), 6 logic levels.

Unconstrained Preference:
   CLOCK_TO_OUT PORT "serial_out" CLKPORT "clk" 

Report:   11.981ns delay SLICE_73 to serial_out

   Name    Fanout   Delay (ns)          Site               Resource
REG_DEL     ---     0.452      R4C4C.CLK to       R4C4C.Q0 SLICE_73 (from clk_c)
ROUTE         1     0.986       R4C4C.Q0 to       R4C5D.A1 observe[17]
CTOF_DEL    ---     0.495       R4C5D.A1 to       R4C5D.F1 SLICE_498
ROUTE         1     2.155       R4C5D.F1 to       R4C9D.D0 serial_out_91
CTOF_DEL    ---     0.495       R4C9D.D0 to       R4C9D.F0 SLICE_415
ROUTE         1     0.986       R4C9D.F0 to       R5C9B.A1 serial_out_153
CTOF_DEL    ---     0.495       R5C9B.A1 to       R5C9B.F1 SLICE_412
ROUTE         1     0.967       R5C9B.F1 to       R5C9B.A0 serial_out_163
CTOF_DEL    ---     0.495       R5C9B.A0 to       R5C9B.F0 SLICE_412
ROUTE         1     1.658       R5C9B.F0 to       12.PADDO serial_out_c
DOPAD_DEL   ---     2.797       12.PADDO to         12.PAD serial_out
                  --------
                   11.981   (43.6% logic, 56.4% route), 6 logic levels.

Unconstrained Preference:
   CLOCK_TO_OUT PORT "serial_out" CLKPORT "clk" 

Report:   11.968ns delay SLICE_485 to serial_out

   Name    Fanout   Delay (ns)          Site               Resource
REG_DEL     ---     0.452     R3C13C.CLK to      R3C13C.Q1 SLICE_485 (from clk_c)
ROUTE         1     1.840      R3C13C.Q1 to      R4C13D.A0 observe[80]
CTOF_DEL    ---     0.495      R4C13D.A0 to      R4C13D.F0 SLICE_494
ROUTE         1     1.420      R4C13D.F0 to      R4C12B.B1 serial_out_107
CTOF_DEL    ---     0.495      R4C12B.B1 to      R4C12B.F1 SLICE_413
ROUTE         1     0.436      R4C12B.F1 to      R4C12B.C0 serial_out_157
CTOF_DEL    ---     0.495      R4C12B.C0 to      R4C12B.F0 SLICE_413
ROUTE         1     1.385      R4C12B.F0 to       R5C9B.D0 serial_out_169
CTOF_DEL    ---     0.495       R5C9B.D0 to       R5C9B.F0 SLICE_412
ROUTE         1     1.658       R5C9B.F0 to       12.PADDO serial_out_c
DOPAD_DEL   ---     2.797       12.PADDO to         12.PAD serial_out
                  --------
                   11.968   (43.7% logic, 56.3% route), 6 logic levels.

Unconstrained Preference:
   CLOCK_TO_OUT PORT "serial_out" CLKPORT "clk" 

Report:   11.926ns delay SLICE_414 to serial_out

   Name    Fanout   Delay (ns)          Site               Resource
REG_DEL     ---     0.452      R4C9B.CLK to       R4C9B.Q1 SLICE_414 (from clk_c)
ROUTE         1     0.744       R4C9B.Q1 to       R3C9D.C1 observe[31]
CTOF_DEL    ---     0.495       R3C9D.C1 to       R3C9D.F1 SLICE_174
ROUTE         1     2.265       R3C9D.F1 to      R5C12C.B0 serial_out_94
CTOF_DEL    ---     0.495      R5C12C.B0 to      R5C12C.F0 SLICE_416
ROUTE         1     0.645      R5C12C.F0 to      R4C12B.D0 serial_out_154
CTOF_DEL    ---     0.495      R4C12B.D0 to      R4C12B.F0 SLICE_413
ROUTE         1     1.385      R4C12B.F0 to       R5C9B.D0 serial_out_169
CTOF_DEL    ---     0.495       R5C9B.D0 to       R5C9B.F0 SLICE_412
ROUTE         1     1.658       R5C9B.F0 to       12.PADDO serial_out_c
DOPAD_DEL   ---     2.797       12.PADDO to         12.PAD serial_out
                  --------
                   11.926   (43.8% logic, 56.2% route), 6 logic levels.

Unconstrained Preference:
   CLOCK_TO_OUT PORT "serial_out" CLKPORT "clk" 

Report:   11.894ns delay SLICE_71 to serial_out

   Name    Fanout   Delay (ns)          Site               Resource
REG_DEL     ---     0.452      R3C5C.CLK to       R3C5C.Q0 SLICE_71 (from clk_c)
ROUTE         1     2.053       R3C5C.Q0 to       R3C9D.D0 observe[13]
CTOF_DEL    ---     0.495       R3C9D.D0 to       R3C9D.F0 SLICE_174
ROUTE         1     1.001       R3C9D.F0 to       R4C9D.B0 serial_out_90
CTOF_DEL    ---     0.495       R4C9D.B0 to       R4C9D.F0 SLICE_415
ROUTE         1     0.986       R4C9D.F0 to       R5C9B.A1 serial_out_153
CTOF_DEL    ---     0.495       R5C9B.A1 to       R5C9B.F1 SLICE_412
ROUTE         1     0.967       R5C9B.F1 to       R5C9B.A0 serial_out_163
CTOF_DEL    ---     0.495       R5C9B.A0 to       R5C9B.F0 SLICE_412
ROUTE         1     1.658       R5C9B.F0 to       12.PADDO serial_out_c
DOPAD_DEL   ---     2.797       12.PADDO to         12.PAD serial_out
                  --------
                   11.894   (44.0% logic, 56.0% route), 6 logic levels.

Unconstrained Preference:
   CLOCK_TO_OUT PORT "serial_out" CLKPORT "clk" 

Report:   11.892ns delay SLICE_484 to serial_out

   Name    Fanout   Delay (ns)          Site               Resource
REG_DEL     ---     0.452     R3C17A.CLK to      R3C17A.Q1 SLICE_484 (from clk_c)
ROUTE         1     2.539      R3C17A.Q1 to      R5C12C.B1 observe[40]
CTOF_DEL    ---     0.495      R5C12C.B1 to      R5C12C.F1 SLICE_416
ROUTE         1     0.436      R5C12C.F1 to      R5C12C.C0 serial_out_97
CTOF_DEL    ---     0.495      R5C12C.C0 to      R5C12C.F0 SLICE_416
ROUTE         1     0.645      R5C12C.F0 to      R4C12B.D0 serial_out_154
CTOF_DEL    ---     0.495      R4C12B.D0 to      R4C12B.F0 SLICE_413
ROUTE         1     1.385      R4C12B.F0 to       R5C9B.D0 serial_out_169
CTOF_DEL    ---     0.495       R5C9B.D0 to       R5C9B.F0 SLICE_412
ROUTE         1     1.658       R5C9B.F0 to       12.PADDO serial_out_c
DOPAD_DEL   ---     2.797       12.PADDO to         12.PAD serial_out
                  --------
                   11.892   (44.0% logic, 56.0% route), 6 logic levels.

Unconstrained Preference:
   CLOCK_TO_OUT PORT "serial_out" CLKPORT "clk" 

Report:   11.891ns delay SLICE_417 to serial_out

   Name    Fanout   Delay (ns)          Site               Resource
REG_DEL     ---     0.452     R5C15C.CLK to      R5C15C.Q1 SLICE_417 (from clk_c)
ROUTE         1     1.157      R5C15C.Q1 to      R5C10A.D1 observe[130]
CTOF_DEL    ---     0.495      R5C10A.D1 to      R5C10A.F1 SLICE_490
ROUTE         1     0.766      R5C10A.F1 to      R4C10A.C0 serial_out_119
CTOF_DEL    ---     0.495      R4C10A.C0 to      R4C10A.F0 SLICE_421
ROUTE         1     2.337      R4C10A.F0 to       R4C9B.B0 serial_out_160
CTOF_DEL    ---     0.495       R4C9B.B0 to       R4C9B.F0 SLICE_414
ROUTE         1     0.744       R4C9B.F0 to       R5C9B.C0 serial_out_170
CTOF_DEL    ---     0.495       R5C9B.C0 to       R5C9B.F0 SLICE_412
ROUTE         1     1.658       R5C9B.F0 to       12.PADDO serial_out_c
DOPAD_DEL   ---     2.797       12.PADDO to         12.PAD serial_out
                  --------
                   11.891   (44.0% logic, 56.0% route), 6 logic levels.

Unconstrained Preference:
   CLOCK_TO_OUT PORT "serial_out" CLKPORT "clk" 

Report:   11.890ns delay SLICE_384 to serial_out

   Name    Fanout   Delay (ns)          Site               Resource
REG_DEL     ---     0.452     R5C16D.CLK to      R5C16D.Q0 SLICE_384 (from clk_c)
ROUTE         1     1.450      R5C16D.Q0 to      R5C13A.B0 observe[95]
CTOF_DEL    ---     0.495      R5C13A.B0 to      R5C13A.F0 SLICE_172
ROUTE         1     0.656      R5C13A.F0 to      R5C13C.A0 serial_out_110
CTOF_DEL    ---     0.495      R5C13C.A0 to      R5C13C.F0 SLICE_419
ROUTE         1     2.153      R5C13C.F0 to       R4C9B.A0 serial_out_158
CTOF_DEL    ---     0.495       R4C9B.A0 to       R4C9B.F0 SLICE_414
ROUTE         1     0.744       R4C9B.F0 to       R5C9B.C0 serial_out_170
CTOF_DEL    ---     0.495       R5C9B.C0 to       R5C9B.F0 SLICE_412
ROUTE         1     1.658       R5C9B.F0 to       12.PADDO serial_out_c
DOPAD_DEL   ---     2.797       12.PADDO to         12.PAD serial_out
                  --------
                   11.890   (44.0% logic, 56.0% route), 6 logic levels.

Unconstrained Preference:
   CLOCK_TO_OUT PORT "serial_out" CLKPORT "clk" 

Report:   11.862ns delay SLICE_404 to serial_out

   Name    Fanout   Delay (ns)          Site               Resource
REG_DEL     ---     0.452     R4C17B.CLK to      R4C17B.Q0 SLICE_404 (from clk_c)
ROUTE         1     1.163      R4C17B.Q0 to      R4C18A.C0 observe[69]
CTOF_DEL    ---     0.495      R4C18A.C0 to      R4C18A.F0 SLICE_495
ROUTE         1     0.626      R4C18A.F0 to      R4C18D.D0 serial_out_104
CTOF_DEL    ---     0.495      R4C18D.D0 to      R4C18D.F0 SLICE_418
ROUTE         1     1.801      R4C18D.F0 to      R4C12B.A0 serial_out_156
CTOF_DEL    ---     0.495      R4C12B.A0 to      R4C12B.F0 SLICE_413
ROUTE         1     1.385      R4C12B.F0 to       R5C9B.D0 serial_out_169
CTOF_DEL    ---     0.495       R5C9B.D0 to       R5C9B.F0 SLICE_412
ROUTE         1     1.658       R5C9B.F0 to       12.PADDO serial_out_c
DOPAD_DEL   ---     2.797       12.PADDO to         12.PAD serial_out
                  --------
                   11.862   (44.1% logic, 55.9% route), 6 logic levels.

Unconstrained Preference:
   CLOCK_TO_OUT PORT "serial_out" CLKPORT "clk" 

Report:   11.854ns delay SLICE_468 to serial_out

   Name    Fanout   Delay (ns)          Site               Resource
REG_DEL     ---     0.452     R4C15D.CLK to      R4C15D.Q1 SLICE_468 (from clk_c)
ROUTE         1     1.163      R4C15D.Q1 to      R5C15A.C0 observe[54]
CTOF_DEL    ---     0.495      R5C15A.C0 to      R5C15A.F0 SLICE_496
ROUTE         1     0.656      R5C15A.F0 to      R5C15C.A0 serial_out_100
CTOF_DEL    ---     0.495      R5C15C.A0 to      R5C15C.F0 SLICE_417
ROUTE         1     1.763      R5C15C.F0 to      R4C12B.B0 serial_out_155
CTOF_DEL    ---     0.495      R4C12B.B0 to      R4C12B.F0 SLICE_413
ROUTE         1     1.385      R4C12B.F0 to       R5C9B.D0 serial_out_169
CTOF_DEL    ---     0.495       R5C9B.D0 to       R5C9B.F0 SLICE_412
ROUTE         1     1.658       R5C9B.F0 to       12.PADDO serial_out_c
DOPAD_DEL   ---     2.797       12.PADDO to         12.PAD serial_out
                  --------
                   11.854   (44.1% logic, 55.9% route), 6 logic levels.

Unconstrained Preference:
   CLOCK_TO_OUT PORT "serial_out" CLKPORT "clk" 

Report:   11.845ns delay SLICE_383 to serial_out

   Name    Fanout   Delay (ns)          Site               Resource
REG_DEL     ---     0.452     R3C17C.CLK to      R3C17C.Q0 SLICE_383 (from clk_c)
ROUTE         1     1.336      R3C17C.Q0 to      R4C18D.B1 observe[73]
CTOF_DEL    ---     0.495      R4C18D.B1 to      R4C18D.F1 SLICE_418
ROUTE         1     0.436      R4C18D.F1 to      R4C18D.C0 serial_out_105
CTOF_DEL    ---     0.495      R4C18D.C0 to      R4C18D.F0 SLICE_418
ROUTE         1     1.801      R4C18D.F0 to      R4C12B.A0 serial_out_156
CTOF_DEL    ---     0.495      R4C12B.A0 to      R4C12B.F0 SLICE_413
ROUTE         1     1.385      R4C12B.F0 to       R5C9B.D0 serial_out_169
CTOF_DEL    ---     0.495       R5C9B.D0 to       R5C9B.F0 SLICE_412
ROUTE         1     1.658       R5C9B.F0 to       12.PADDO serial_out_c
DOPAD_DEL   ---     2.797       12.PADDO to         12.PAD serial_out
                  --------
                   11.845   (44.1% logic, 55.9% route), 6 logic levels.

Unconstrained Preference:
   CLOCK_TO_OUT PORT "serial_out" CLKPORT "clk" 

Report:   11.835ns delay SLICE_35 to serial_out

   Name    Fanout   Delay (ns)          Site               Resource
REG_DEL     ---     0.452      R2C5B.CLK to       R2C5B.Q0 SLICE_35 (from clk_c)
ROUTE         1     1.413       R2C5B.Q0 to       R3C5B.A1 observe[149]
CTOF_DEL    ---     0.495       R3C5B.A1 to       R3C5B.F1 SLICE_488
ROUTE         1     2.355       R3C5B.F1 to       R4C9B.A1 serial_out_124
CTOF_DEL    ---     0.495       R4C9B.A1 to       R4C9B.F1 SLICE_414
ROUTE         1     0.436       R4C9B.F1 to       R4C9B.C0 serial_out_161
CTOF_DEL    ---     0.495       R4C9B.C0 to       R4C9B.F0 SLICE_414
ROUTE         1     0.744       R4C9B.F0 to       R5C9B.C0 serial_out_170
CTOF_DEL    ---     0.495       R5C9B.C0 to       R5C9B.F0 SLICE_412
ROUTE         1     1.658       R5C9B.F0 to       12.PADDO serial_out_c
DOPAD_DEL   ---     2.797       12.PADDO to         12.PAD serial_out
                  --------
                   11.835   (44.2% logic, 55.8% route), 6 logic levels.

Unconstrained Preference:
   CLOCK_TO_OUT PORT "serial_out" CLKPORT "clk" 

Report:   11.834ns delay SLICE_32 to serial_out

   Name    Fanout   Delay (ns)          Site               Resource
REG_DEL     ---     0.452      R2C4B.CLK to       R2C4B.Q1 SLICE_32 (from clk_c)
ROUTE         1     1.733       R2C4B.Q1 to       R3C5B.B0 observe[154]
CTOF_DEL    ---     0.495       R3C5B.B0 to       R3C5B.F0 SLICE_488
ROUTE         1     2.034       R3C5B.F0 to       R4C9B.B1 serial_out_125
CTOF_DEL    ---     0.495       R4C9B.B1 to       R4C9B.F1 SLICE_414
ROUTE         1     0.436       R4C9B.F1 to       R4C9B.C0 serial_out_161
CTOF_DEL    ---     0.495       R4C9B.C0 to       R4C9B.F0 SLICE_414
ROUTE         1     0.744       R4C9B.F0 to       R5C9B.C0 serial_out_170
CTOF_DEL    ---     0.495       R5C9B.C0 to       R5C9B.F0 SLICE_412
ROUTE         1     1.658       R5C9B.F0 to       12.PADDO serial_out_c
DOPAD_DEL   ---     2.797       12.PADDO to         12.PAD serial_out
                  --------
                   11.834   (44.2% logic, 55.8% route), 6 logic levels.

Unconstrained Preference:
   CLOCK_TO_OUT PORT "serial_out" CLKPORT "clk" 

Report:   11.808ns delay SLICE_385 to serial_out

   Name    Fanout   Delay (ns)          Site               Resource
REG_DEL     ---     0.452     R3C16A.CLK to      R3C16A.Q1 SLICE_385 (from clk_c)
ROUTE         1     1.801      R3C16A.Q1 to      R3C13B.A1 observe[86]
CTOF_DEL    ---     0.495      R3C13B.A1 to      R3C13B.F1 SLICE_493
ROUTE         1     1.299      R3C13B.F1 to      R4C12B.A1 serial_out_108
CTOF_DEL    ---     0.495      R4C12B.A1 to      R4C12B.F1 SLICE_413
ROUTE         1     0.436      R4C12B.F1 to      R4C12B.C0 serial_out_157
CTOF_DEL    ---     0.495      R4C12B.C0 to      R4C12B.F0 SLICE_413
ROUTE         1     1.385      R4C12B.F0 to       R5C9B.D0 serial_out_169
CTOF_DEL    ---     0.495       R5C9B.D0 to       R5C9B.F0 SLICE_412
ROUTE         1     1.658       R5C9B.F0 to       12.PADDO serial_out_c
DOPAD_DEL   ---     2.797       12.PADDO to         12.PAD serial_out
                  --------
                   11.808   (44.3% logic, 55.7% route), 6 logic levels.

Unconstrained Preference:
   CLOCK_TO_OUT PORT "serial_out" CLKPORT "clk" 

Report:   11.806ns delay SLICE_408 to serial_out

   Name    Fanout   Delay (ns)          Site               Resource
REG_DEL     ---     0.452     R4C17A.CLK to      R4C17A.Q1 SLICE_408 (from clk_c)
ROUTE         1     0.766      R4C17A.Q1 to      R4C18A.C1 observe[66]
CTOF_DEL    ---     0.495      R4C18A.C1 to      R4C18A.F1 SLICE_495
ROUTE         1     0.967      R4C18A.F1 to      R4C18D.A0 serial_out_103
CTOF_DEL    ---     0.495      R4C18D.A0 to      R4C18D.F0 SLICE_418
ROUTE         1     1.801      R4C18D.F0 to      R4C12B.A0 serial_out_156
CTOF_DEL    ---     0.495      R4C12B.A0 to      R4C12B.F0 SLICE_413
ROUTE         1     1.385      R4C12B.F0 to       R5C9B.D0 serial_out_169
CTOF_DEL    ---     0.495       R5C9B.D0 to       R5C9B.F0 SLICE_412
ROUTE         1     1.658       R5C9B.F0 to       12.PADDO serial_out_c
DOPAD_DEL   ---     2.797       12.PADDO to         12.PAD serial_out
                  --------
                   11.806   (44.3% logic, 55.7% route), 6 logic levels.

Unconstrained Preference:
   CLOCK_TO_OUT PORT "serial_out" CLKPORT "clk" 

Report:   11.797ns delay SLICE_31 to serial_out

   Name    Fanout   Delay (ns)          Site               Resource
REG_DEL     ---     0.452      R2C4A.CLK to       R2C4A.Q1 SLICE_31 (from clk_c)
ROUTE         1     1.696       R2C4A.Q1 to       R3C5B.C0 observe[152]
CTOF_DEL    ---     0.495       R3C5B.C0 to       R3C5B.F0 SLICE_488
ROUTE         1     2.034       R3C5B.F0 to       R4C9B.B1 serial_out_125
CTOF_DEL    ---     0.495       R4C9B.B1 to       R4C9B.F1 SLICE_414
ROUTE         1     0.436       R4C9B.F1 to       R4C9B.C0 serial_out_161
CTOF_DEL    ---     0.495       R4C9B.C0 to       R4C9B.F0 SLICE_414
ROUTE         1     0.744       R4C9B.F0 to       R5C9B.C0 serial_out_170
CTOF_DEL    ---     0.495       R5C9B.C0 to       R5C9B.F0 SLICE_412
ROUTE         1     1.658       R5C9B.F0 to       12.PADDO serial_out_c
DOPAD_DEL   ---     2.797       12.PADDO to         12.PAD serial_out
                  --------
                   11.797   (44.3% logic, 55.7% route), 6 logic levels.

Unconstrained Preference:
   CLOCK_TO_OUT PORT "serial_out" CLKPORT "clk" 

Report:   11.784ns delay SLICE_397 to serial_out

   Name    Fanout   Delay (ns)          Site               Resource
REG_DEL     ---     0.452     R2C16D.CLK to      R2C16D.Q0 SLICE_397 (from clk_c)
ROUTE         1     1.997      R2C16D.Q0 to      R3C13B.A0 observe[91]
CTOF_DEL    ---     0.495      R3C13B.A0 to      R3C13B.F0 SLICE_493
ROUTE         1     1.079      R3C13B.F0 to      R4C12B.C1 serial_out_109
CTOF_DEL    ---     0.495      R4C12B.C1 to      R4C12B.F1 SLICE_413
ROUTE         1     0.436      R4C12B.F1 to      R4C12B.C0 serial_out_157
CTOF_DEL    ---     0.495      R4C12B.C0 to      R4C12B.F0 SLICE_413
ROUTE         1     1.385      R4C12B.F0 to       R5C9B.D0 serial_out_169
CTOF_DEL    ---     0.495       R5C9B.D0 to       R5C9B.F0 SLICE_412
ROUTE         1     1.658       R5C9B.F0 to       12.PADDO serial_out_c
DOPAD_DEL   ---     2.797       12.PADDO to         12.PAD serial_out
                  --------
                   11.784   (44.4% logic, 55.6% route), 6 logic levels.

Unconstrained Preference:
   CLOCK_TO_OUT PORT "serial_out" CLKPORT "clk" 

Report:   11.770ns delay SLICE_132 to serial_out

   Name    Fanout   Delay (ns)          Site               Resource
REG_DEL     ---     0.452     R4C10B.CLK to      R4C10B.Q0 SLICE_132 (from clk_c)
ROUTE         1     0.645      R4C10B.Q0 to      R5C10A.D0 observe[135]
CTOF_DEL    ---     0.495      R5C10A.D0 to      R5C10A.F0 SLICE_490
ROUTE         1     1.157      R5C10A.F0 to      R4C10A.D0 serial_out_120
CTOF_DEL    ---     0.495      R4C10A.D0 to      R4C10A.F0 SLICE_421
ROUTE         1     2.337      R4C10A.F0 to       R4C9B.B0 serial_out_160
CTOF_DEL    ---     0.495       R4C9B.B0 to       R4C9B.F0 SLICE_414
ROUTE         1     0.744       R4C9B.F0 to       R5C9B.C0 serial_out_170
CTOF_DEL    ---     0.495       R5C9B.C0 to       R5C9B.F0 SLICE_412
ROUTE         1     1.658       R5C9B.F0 to       12.PADDO serial_out_c
DOPAD_DEL   ---     2.797       12.PADDO to         12.PAD serial_out
                  --------
                   11.770   (44.4% logic, 55.6% route), 6 logic levels.

Unconstrained Preference:
   CLOCK_TO_OUT PORT "serial_out" CLKPORT "clk" 

Report:   11.770ns delay SLICE_239 to serial_out

   Name    Fanout   Delay (ns)          Site               Resource
REG_DEL     ---     0.452     R5C17B.CLK to      R5C17B.Q1 SLICE_239 (from clk_c)
ROUTE         1     1.299      R5C17B.Q1 to      R5C15C.A1 observe[56]
CTOF_DEL    ---     0.495      R5C15C.A1 to      R5C15C.F1 SLICE_417
ROUTE         1     0.436      R5C15C.F1 to      R5C15C.C0 serial_out_101
CTOF_DEL    ---     0.495      R5C15C.C0 to      R5C15C.F0 SLICE_417
ROUTE         1     1.763      R5C15C.F0 to      R4C12B.B0 serial_out_155
CTOF_DEL    ---     0.495      R4C12B.B0 to      R4C12B.F0 SLICE_413
ROUTE         1     1.385      R4C12B.F0 to       R5C9B.D0 serial_out_169
CTOF_DEL    ---     0.495       R5C9B.D0 to       R5C9B.F0 SLICE_412
ROUTE         1     1.658       R5C9B.F0 to       12.PADDO serial_out_c
DOPAD_DEL   ---     2.797       12.PADDO to         12.PAD serial_out
                  --------
                   11.770   (44.4% logic, 55.6% route), 6 logic levels.

Unconstrained Preference:
   CLOCK_TO_OUT PORT "serial_out" CLKPORT "clk" 

Report:   11.766ns delay SLICE_75 to serial_out

   Name    Fanout   Delay (ns)          Site               Resource
REG_DEL     ---     0.452      R4C5B.CLK to       R4C5B.Q0 SLICE_75 (from clk_c)
ROUTE         1     0.626       R4C5B.Q0 to       R4C5D.D0 observe[21]
CTOF_DEL    ---     0.495       R4C5D.D0 to       R4C5D.F0 SLICE_498
ROUTE         1     2.300       R4C5D.F0 to       R4C9D.A0 serial_out_92
CTOF_DEL    ---     0.495       R4C9D.A0 to       R4C9D.F0 SLICE_415
ROUTE         1     0.986       R4C9D.F0 to       R5C9B.A1 serial_out_153
CTOF_DEL    ---     0.495       R5C9B.A1 to       R5C9B.F1 SLICE_412
ROUTE         1     0.967       R5C9B.F1 to       R5C9B.A0 serial_out_163
CTOF_DEL    ---     0.495       R5C9B.A0 to       R5C9B.F0 SLICE_412
ROUTE         1     1.658       R5C9B.F0 to       12.PADDO serial_out_c
DOPAD_DEL   ---     2.797       12.PADDO to         12.PAD serial_out
                  --------
                   11.766   (44.4% logic, 55.6% route), 6 logic levels.

Unconstrained Preference:
   CLOCK_TO_OUT PORT "serial_out" CLKPORT "clk" 

Report:   11.758ns delay SLICE_31 to serial_out

   Name    Fanout   Delay (ns)          Site               Resource
REG_DEL     ---     0.452      R2C4A.CLK to       R2C4A.Q0 SLICE_31 (from clk_c)
ROUTE         1     1.336       R2C4A.Q0 to       R3C5B.B1 observe[151]
CTOF_DEL    ---     0.495       R3C5B.B1 to       R3C5B.F1 SLICE_488
ROUTE         1     2.355       R3C5B.F1 to       R4C9B.A1 serial_out_124
CTOF_DEL    ---     0.495       R4C9B.A1 to       R4C9B.F1 SLICE_414
ROUTE         1     0.436       R4C9B.F1 to       R4C9B.C0 serial_out_161
CTOF_DEL    ---     0.495       R4C9B.C0 to       R4C9B.F0 SLICE_414
ROUTE         1     0.744       R4C9B.F0 to       R5C9B.C0 serial_out_170
CTOF_DEL    ---     0.495       R5C9B.C0 to       R5C9B.F0 SLICE_412
ROUTE         1     1.658       R5C9B.F0 to       12.PADDO serial_out_c
DOPAD_DEL   ---     2.797       12.PADDO to         12.PAD serial_out
                  --------
                   11.758   (44.5% logic, 55.5% route), 6 logic levels.

Unconstrained Preference:
   CLOCK_TO_OUT PORT "serial_out" CLKPORT "clk" 

Report:   11.755ns delay SLICE_394 to serial_out

   Name    Fanout   Delay (ns)          Site               Resource
REG_DEL     ---     0.452     R4C13C.CLK to      R4C13C.Q0 SLICE_394 (from clk_c)
ROUTE         1     1.278      R4C13C.Q0 to      R5C13D.C1 observe[97]
CTOF_DEL    ---     0.495      R5C13D.C1 to      R5C13D.F1 SLICE_492
ROUTE         1     0.693      R5C13D.F1 to      R5C13C.B0 serial_out_111
CTOF_DEL    ---     0.495      R5C13C.B0 to      R5C13C.F0 SLICE_419
ROUTE         1     2.153      R5C13C.F0 to       R4C9B.A0 serial_out_158
CTOF_DEL    ---     0.495       R4C9B.A0 to       R4C9B.F0 SLICE_414
ROUTE         1     0.744       R4C9B.F0 to       R5C9B.C0 serial_out_170
CTOF_DEL    ---     0.495       R5C9B.C0 to       R5C9B.F0 SLICE_412
ROUTE         1     1.658       R5C9B.F0 to       12.PADDO serial_out_c
DOPAD_DEL   ---     2.797       12.PADDO to         12.PAD serial_out
                  --------
                   11.755   (44.5% logic, 55.5% route), 6 logic levels.

Unconstrained Preference:
   CLOCK_TO_OUT PORT "serial_out" CLKPORT "clk" 

Report:   11.752ns delay SLICE_488 to serial_out

   Name    Fanout   Delay (ns)          Site               Resource
REG_DEL     ---     0.452      R3C5B.CLK to       R3C5B.Q0 SLICE_488 (from clk_c)
ROUTE         1     2.080       R3C5B.Q0 to       R5C6C.C0 observe[117]
CTOF_DEL    ---     0.495       R5C6C.C0 to       R5C6C.F0 SLICE_491
ROUTE         1     1.726       R5C6C.F0 to       R4C9C.A0 serial_out_116
CTOF_DEL    ---     0.495       R4C9C.A0 to       R4C9C.F0 SLICE_420
ROUTE         1     0.315       R4C9C.F0 to       R4C9B.D0 serial_out_159
CTOF_DEL    ---     0.495       R4C9B.D0 to       R4C9B.F0 SLICE_414
ROUTE         1     0.744       R4C9B.F0 to       R5C9B.C0 serial_out_170
CTOF_DEL    ---     0.495       R5C9B.C0 to       R5C9B.F0 SLICE_412
ROUTE         1     1.658       R5C9B.F0 to       12.PADDO serial_out_c
DOPAD_DEL   ---     2.797       12.PADDO to         12.PAD serial_out
                  --------
                   11.752   (44.5% logic, 55.5% route), 6 logic levels.

Unconstrained Preference:
   CLOCK_TO_OUT PORT "serial_out" CLKPORT "clk" 

Report:   11.741ns delay SLICE_404 to serial_out

   Name    Fanout   Delay (ns)          Site               Resource
REG_DEL     ---     0.452     R4C17B.CLK to      R4C17B.Q1 SLICE_404 (from clk_c)
ROUTE         1     1.042      R4C17B.Q1 to      R4C18A.D0 observe[70]
CTOF_DEL    ---     0.495      R4C18A.D0 to      R4C18A.F0 SLICE_495
ROUTE         1     0.626      R4C18A.F0 to      R4C18D.D0 serial_out_104
CTOF_DEL    ---     0.495      R4C18D.D0 to      R4C18D.F0 SLICE_418
ROUTE         1     1.801      R4C18D.F0 to      R4C12B.A0 serial_out_156
CTOF_DEL    ---     0.495      R4C12B.A0 to      R4C12B.F0 SLICE_413
ROUTE         1     1.385      R4C12B.F0 to       R5C9B.D0 serial_out_169
CTOF_DEL    ---     0.495       R5C9B.D0 to       R5C9B.F0 SLICE_412
ROUTE         1     1.658       R5C9B.F0 to       12.PADDO serial_out_c
DOPAD_DEL   ---     2.797       12.PADDO to         12.PAD serial_out
                  --------
                   11.741   (44.5% logic, 55.5% route), 6 logic levels.

Unconstrained Preference:
   CLOCK_TO_OUT PORT "serial_out" CLKPORT "clk" 

Report:   11.725ns delay SLICE_493 to serial_out

   Name    Fanout   Delay (ns)          Site               Resource
REG_DEL     ---     0.452     R3C13B.CLK to      R3C13B.Q1 SLICE_493 (from clk_c)
ROUTE         1     1.420      R3C13B.Q1 to      R5C13A.B1 observe[108]
CTOF_DEL    ---     0.495      R5C13A.B1 to      R5C13A.F1 SLICE_172
ROUTE         1     2.359      R5C13A.F1 to       R4C9C.B0 serial_out_114
CTOF_DEL    ---     0.495       R4C9C.B0 to       R4C9C.F0 SLICE_420
ROUTE         1     0.315       R4C9C.F0 to       R4C9B.D0 serial_out_159
CTOF_DEL    ---     0.495       R4C9B.D0 to       R4C9B.F0 SLICE_414
ROUTE         1     0.744       R4C9B.F0 to       R5C9B.C0 serial_out_170
CTOF_DEL    ---     0.495       R5C9B.C0 to       R5C9B.F0 SLICE_412
ROUTE         1     1.658       R5C9B.F0 to       12.PADDO serial_out_c
DOPAD_DEL   ---     2.797       12.PADDO to         12.PAD serial_out
                  --------
                   11.725   (44.6% logic, 55.4% route), 6 logic levels.

Unconstrained Preference:
   CLOCK_TO_OUT PORT "serial_out" CLKPORT "clk" 

Report:   11.718ns delay SLICE_493 to serial_out

   Name    Fanout   Delay (ns)          Site               Resource
REG_DEL     ---     0.452     R3C13B.CLK to      R3C13B.Q0 SLICE_493 (from clk_c)
ROUTE         1     1.498      R3C13B.Q0 to      R5C13C.A1 observe[107]
CTOF_DEL    ---     0.495      R5C13C.A1 to      R5C13C.F1 SLICE_419
ROUTE         1     0.436      R5C13C.F1 to      R5C13C.C0 serial_out_113
CTOF_DEL    ---     0.495      R5C13C.C0 to      R5C13C.F0 SLICE_419
ROUTE         1     2.153      R5C13C.F0 to       R4C9B.A0 serial_out_158
CTOF_DEL    ---     0.495       R4C9B.A0 to       R4C9B.F0 SLICE_414
ROUTE         1     0.744       R4C9B.F0 to       R5C9B.C0 serial_out_170
CTOF_DEL    ---     0.495       R5C9B.C0 to       R5C9B.F0 SLICE_412
ROUTE         1     1.658       R5C9B.F0 to       12.PADDO serial_out_c
DOPAD_DEL   ---     2.797       12.PADDO to         12.PAD serial_out
                  --------
                   11.718   (44.6% logic, 55.4% route), 6 logic levels.

Unconstrained Preference:
   CLOCK_TO_OUT PORT "serial_out" CLKPORT "clk" 

Report:   11.714ns delay SLICE_239 to serial_out

   Name    Fanout   Delay (ns)          Site               Resource
REG_DEL     ---     0.452     R5C17B.CLK to      R5C17B.Q0 SLICE_239 (from clk_c)
ROUTE         1     1.023      R5C17B.Q0 to      R5C15A.B0 observe[55]
CTOF_DEL    ---     0.495      R5C15A.B0 to      R5C15A.F0 SLICE_496
ROUTE         1     0.656      R5C15A.F0 to      R5C15C.A0 serial_out_100
CTOF_DEL    ---     0.495      R5C15C.A0 to      R5C15C.F0 SLICE_417
ROUTE         1     1.763      R5C15C.F0 to      R4C12B.B0 serial_out_155
CTOF_DEL    ---     0.495      R4C12B.B0 to      R4C12B.F0 SLICE_413
ROUTE         1     1.385      R4C12B.F0 to       R5C9B.D0 serial_out_169
CTOF_DEL    ---     0.495       R5C9B.D0 to       R5C9B.F0 SLICE_412
ROUTE         1     1.658       R5C9B.F0 to       12.PADDO serial_out_c
DOPAD_DEL   ---     2.797       12.PADDO to         12.PAD serial_out
                  --------
                   11.714   (44.6% logic, 55.4% route), 6 logic levels.

Unconstrained Preference:
   CLOCK_TO_OUT PORT "serial_out" CLKPORT "clk" 

Report:   11.700ns delay SLICE_405 to serial_out

   Name    Fanout   Delay (ns)          Site               Resource
REG_DEL     ---     0.452     R4C17C.CLK to      R4C17C.Q0 SLICE_405 (from clk_c)
ROUTE         1     1.001      R4C17C.Q0 to      R4C18A.B0 observe[71]
CTOF_DEL    ---     0.495      R4C18A.B0 to      R4C18A.F0 SLICE_495
ROUTE         1     0.626      R4C18A.F0 to      R4C18D.D0 serial_out_104
CTOF_DEL    ---     0.495      R4C18D.D0 to      R4C18D.F0 SLICE_418
ROUTE         1     1.801      R4C18D.F0 to      R4C12B.A0 serial_out_156
CTOF_DEL    ---     0.495      R4C12B.A0 to      R4C12B.F0 SLICE_413
ROUTE         1     1.385      R4C12B.F0 to       R5C9B.D0 serial_out_169
CTOF_DEL    ---     0.495       R5C9B.D0 to       R5C9B.F0 SLICE_412
ROUTE         1     1.658       R5C9B.F0 to       12.PADDO serial_out_c
DOPAD_DEL   ---     2.797       12.PADDO to         12.PAD serial_out
                  --------
                   11.700   (44.7% logic, 55.3% route), 6 logic levels.

Unconstrained Preference:
   CLOCK_TO_OUT PORT "serial_out" CLKPORT "clk" 

Report:   11.698ns delay SLICE_497 to serial_out

   Name    Fanout   Delay (ns)          Site               Resource
REG_DEL     ---     0.452      R5C8C.CLK to       R5C8C.Q1 SLICE_497 (from clk_c)
ROUTE         1     0.626       R5C8C.Q1 to       R5C8C.D0 observe[37]
CTOF_DEL    ---     0.495       R5C8C.D0 to       R5C8C.F0 SLICE_497
ROUTE         1     2.155       R5C8C.F0 to      R5C12C.D0 serial_out_96
CTOF_DEL    ---     0.495      R5C12C.D0 to      R5C12C.F0 SLICE_416
ROUTE         1     0.645      R5C12C.F0 to      R4C12B.D0 serial_out_154
CTOF_DEL    ---     0.495      R4C12B.D0 to      R4C12B.F0 SLICE_413
ROUTE         1     1.385      R4C12B.F0 to       R5C9B.D0 serial_out_169
CTOF_DEL    ---     0.495       R5C9B.D0 to       R5C9B.F0 SLICE_412
ROUTE         1     1.658       R5C9B.F0 to       12.PADDO serial_out_c
DOPAD_DEL   ---     2.797       12.PADDO to         12.PAD serial_out
                  --------
                   11.698   (44.7% logic, 55.3% route), 6 logic levels.

Unconstrained Preference:
   CLOCK_TO_OUT PORT "serial_out" CLKPORT "clk" 

Report:   11.679ns delay SLICE_70 to serial_out

   Name    Fanout   Delay (ns)          Site               Resource
REG_DEL     ---     0.452      R3C3C.CLK to       R3C3C.Q1 SLICE_70 (from clk_c)
ROUTE         1     1.838       R3C3C.Q1 to       R3C9D.B0 observe[12]
CTOF_DEL    ---     0.495       R3C9D.B0 to       R3C9D.F0 SLICE_174
ROUTE         1     1.001       R3C9D.F0 to       R4C9D.B0 serial_out_90
CTOF_DEL    ---     0.495       R4C9D.B0 to       R4C9D.F0 SLICE_415
ROUTE         1     0.986       R4C9D.F0 to       R5C9B.A1 serial_out_153
CTOF_DEL    ---     0.495       R5C9B.A1 to       R5C9B.F1 SLICE_412
ROUTE         1     0.967       R5C9B.F1 to       R5C9B.A0 serial_out_163
CTOF_DEL    ---     0.495       R5C9B.A0 to       R5C9B.F0 SLICE_412
ROUTE         1     1.658       R5C9B.F0 to       12.PADDO serial_out_c
DOPAD_DEL   ---     2.797       12.PADDO to         12.PAD serial_out
                  --------
                   11.679   (44.8% logic, 55.2% route), 6 logic levels.

Unconstrained Preference:
   CLOCK_TO_OUT PORT "serial_out" CLKPORT "clk" 

Report:   11.665ns delay SLICE_132 to serial_out

   Name    Fanout   Delay (ns)          Site               Resource
REG_DEL     ---     0.452     R4C10B.CLK to      R4C10B.Q1 SLICE_132 (from clk_c)
ROUTE         1     1.004      R4C10B.Q1 to      R4C10A.B1 observe[136]
CTOF_DEL    ---     0.495      R4C10A.B1 to      R4C10A.F1 SLICE_421
ROUTE         1     0.693      R4C10A.F1 to      R4C10A.B0 serial_out_121
CTOF_DEL    ---     0.495      R4C10A.B0 to      R4C10A.F0 SLICE_421
ROUTE         1     2.337      R4C10A.F0 to       R4C9B.B0 serial_out_160
CTOF_DEL    ---     0.495       R4C9B.B0 to       R4C9B.F0 SLICE_414
ROUTE         1     0.744       R4C9B.F0 to       R5C9B.C0 serial_out_170
CTOF_DEL    ---     0.495       R5C9B.C0 to       R5C9B.F0 SLICE_412
ROUTE         1     1.658       R5C9B.F0 to       12.PADDO serial_out_c
DOPAD_DEL   ---     2.797       12.PADDO to         12.PAD serial_out
                  --------
                   11.665   (44.8% logic, 55.2% route), 6 logic levels.

Unconstrained Preference:
   CLOCK_TO_OUT PORT "serial_out" CLKPORT "clk" 

Report:   11.663ns delay SLICE_388 to serial_out

   Name    Fanout   Delay (ns)          Site               Resource
REG_DEL     ---     0.452     R3C14B.CLK to      R3C14B.Q0 SLICE_388 (from clk_c)
ROUTE         1     1.535      R3C14B.Q0 to      R4C13D.B0 observe[83]
CTOF_DEL    ---     0.495      R4C13D.B0 to      R4C13D.F0 SLICE_494
ROUTE         1     1.420      R4C13D.F0 to      R4C12B.B1 serial_out_107
CTOF_DEL    ---     0.495      R4C12B.B1 to      R4C12B.F1 SLICE_413
ROUTE         1     0.436      R4C12B.F1 to      R4C12B.C0 serial_out_157
CTOF_DEL    ---     0.495      R4C12B.C0 to      R4C12B.F0 SLICE_413
ROUTE         1     1.385      R4C12B.F0 to       R5C9B.D0 serial_out_169
CTOF_DEL    ---     0.495       R5C9B.D0 to       R5C9B.F0 SLICE_412
ROUTE         1     1.658       R5C9B.F0 to       12.PADDO serial_out_c
DOPAD_DEL   ---     2.797       12.PADDO to         12.PAD serial_out
                  --------
                   11.663   (44.8% logic, 55.2% route), 6 logic levels.

Unconstrained Preference:
   CLOCK_TO_OUT PORT "serial_out" CLKPORT "clk" 

Report:   11.663ns delay SLICE_496 to serial_out

   Name    Fanout   Delay (ns)          Site               Resource
REG_DEL     ---     0.452     R5C15A.CLK to      R5C15A.Q1 SLICE_496 (from clk_c)
ROUTE         1     1.564      R5C15A.Q1 to      R5C13D.D0 observe[102]
CTOF_DEL    ---     0.495      R5C13D.D0 to      R5C13D.F0 SLICE_492
ROUTE         1     0.315      R5C13D.F0 to      R5C13C.D0 serial_out_112
CTOF_DEL    ---     0.495      R5C13C.D0 to      R5C13C.F0 SLICE_419
ROUTE         1     2.153      R5C13C.F0 to       R4C9B.A0 serial_out_158
CTOF_DEL    ---     0.495       R4C9B.A0 to       R4C9B.F0 SLICE_414
ROUTE         1     0.744       R4C9B.F0 to       R5C9B.C0 serial_out_170
CTOF_DEL    ---     0.495       R5C9B.C0 to       R5C9B.F0 SLICE_412
ROUTE         1     1.658       R5C9B.F0 to       12.PADDO serial_out_c
DOPAD_DEL   ---     2.797       12.PADDO to         12.PAD serial_out
                  --------
                   11.663   (44.8% logic, 55.2% route), 6 logic levels.

Unconstrained Preference:
   CLOCK_TO_OUT PORT "serial_out" CLKPORT "clk" 

Report:   11.655ns delay SLICE_468 to serial_out

   Name    Fanout   Delay (ns)          Site               Resource
REG_DEL     ---     0.452     R4C15D.CLK to      R4C15D.Q0 SLICE_468 (from clk_c)
ROUTE         1     0.964      R4C15D.Q0 to      R5C15A.A0 observe[53]
CTOF_DEL    ---     0.495      R5C15A.A0 to      R5C15A.F0 SLICE_496
ROUTE         1     0.656      R5C15A.F0 to      R5C15C.A0 serial_out_100
CTOF_DEL    ---     0.495      R5C15C.A0 to      R5C15C.F0 SLICE_417
ROUTE         1     1.763      R5C15C.F0 to      R4C12B.B0 serial_out_155
CTOF_DEL    ---     0.495      R4C12B.B0 to      R4C12B.F0 SLICE_413
ROUTE         1     1.385      R4C12B.F0 to       R5C9B.D0 serial_out_169
CTOF_DEL    ---     0.495       R5C9B.D0 to       R5C9B.F0 SLICE_412
ROUTE         1     1.658       R5C9B.F0 to       12.PADDO serial_out_c
DOPAD_DEL   ---     2.797       12.PADDO to         12.PAD serial_out
                  --------
                   11.655   (44.9% logic, 55.1% route), 6 logic levels.

Unconstrained Preference:
   CLOCK_TO_OUT PORT "serial_out" CLKPORT "clk" 

Report:   11.649ns delay SLICE_389 to serial_out

   Name    Fanout   Delay (ns)          Site               Resource
REG_DEL     ---     0.452     R3C15D.CLK to      R3C15D.Q1 SLICE_389 (from clk_c)
ROUTE         1     0.958      R3C15D.Q1 to      R5C15A.D0 observe[52]
CTOF_DEL    ---     0.495      R5C15A.D0 to      R5C15A.F0 SLICE_496
ROUTE         1     0.656      R5C15A.F0 to      R5C15C.A0 serial_out_100
CTOF_DEL    ---     0.495      R5C15C.A0 to      R5C15C.F0 SLICE_417
ROUTE         1     1.763      R5C15C.F0 to      R4C12B.B0 serial_out_155
CTOF_DEL    ---     0.495      R4C12B.B0 to      R4C12B.F0 SLICE_413
ROUTE         1     1.385      R4C12B.F0 to       R5C9B.D0 serial_out_169
CTOF_DEL    ---     0.495       R5C9B.D0 to       R5C9B.F0 SLICE_412
ROUTE         1     1.658       R5C9B.F0 to       12.PADDO serial_out_c
DOPAD_DEL   ---     2.797       12.PADDO to         12.PAD serial_out
                  --------
                   11.649   (44.9% logic, 55.1% route), 6 logic levels.

Unconstrained Preference:
   CLOCK_TO_OUT PORT "serial_out" CLKPORT "clk" 

Report:   11.633ns delay SLICE_411 to serial_out

   Name    Fanout   Delay (ns)          Site               Resource
REG_DEL     ---     0.452     R5C16C.CLK to      R5C16C.Q0 SLICE_411 (from clk_c)
ROUTE         1     1.193      R5C16C.Q0 to      R5C13A.C0 observe[93]
CTOF_DEL    ---     0.495      R5C13A.C0 to      R5C13A.F0 SLICE_172
ROUTE         1     0.656      R5C13A.F0 to      R5C13C.A0 serial_out_110
CTOF_DEL    ---     0.495      R5C13C.A0 to      R5C13C.F0 SLICE_419
ROUTE         1     2.153      R5C13C.F0 to       R4C9B.A0 serial_out_158
CTOF_DEL    ---     0.495       R4C9B.A0 to       R4C9B.F0 SLICE_414
ROUTE         1     0.744       R4C9B.F0 to       R5C9B.C0 serial_out_170
CTOF_DEL    ---     0.495       R5C9B.C0 to       R5C9B.F0 SLICE_412
ROUTE         1     1.658       R5C9B.F0 to       12.PADDO serial_out_c
DOPAD_DEL   ---     2.797       12.PADDO to         12.PAD serial_out
                  --------
                   11.633   (44.9% logic, 55.1% route), 6 logic levels.

Unconstrained Preference:
   CLOCK_TO_OUT PORT "serial_out" CLKPORT "clk" 

Report:   11.628ns delay SLICE_133 to serial_out

   Name    Fanout   Delay (ns)          Site               Resource
REG_DEL     ---     0.452     R4C10C.CLK to      R4C10C.Q0 SLICE_133 (from clk_c)
ROUTE         1     0.967      R4C10C.Q0 to      R4C10A.A1 observe[137]
CTOF_DEL    ---     0.495      R4C10A.A1 to      R4C10A.F1 SLICE_421
ROUTE         1     0.693      R4C10A.F1 to      R4C10A.B0 serial_out_121
CTOF_DEL    ---     0.495      R4C10A.B0 to      R4C10A.F0 SLICE_421
ROUTE         1     2.337      R4C10A.F0 to       R4C9B.B0 serial_out_160
CTOF_DEL    ---     0.495       R4C9B.B0 to       R4C9B.F0 SLICE_414
ROUTE         1     0.744       R4C9B.F0 to       R5C9B.C0 serial_out_170
CTOF_DEL    ---     0.495       R5C9B.C0 to       R5C9B.F0 SLICE_412
ROUTE         1     1.658       R5C9B.F0 to       12.PADDO serial_out_c
DOPAD_DEL   ---     2.797       12.PADDO to         12.PAD serial_out
                  --------
                   11.628   (45.0% logic, 55.0% route), 6 logic levels.

Unconstrained Preference:
   CLOCK_TO_OUT PORT "serial_out" CLKPORT "clk" 

Report:   11.625ns delay SLICE_399 to serial_out

   Name    Fanout   Delay (ns)          Site               Resource
REG_DEL     ---     0.452     R2C16B.CLK to      R2C16B.Q1 SLICE_399 (from clk_c)
ROUTE         1     1.838      R2C16B.Q1 to      R3C13B.B0 observe[88]
CTOF_DEL    ---     0.495      R3C13B.B0 to      R3C13B.F0 SLICE_493
ROUTE         1     1.079      R3C13B.F0 to      R4C12B.C1 serial_out_109
CTOF_DEL    ---     0.495      R4C12B.C1 to      R4C12B.F1 SLICE_413
ROUTE         1     0.436      R4C12B.F1 to      R4C12B.C0 serial_out_157
CTOF_DEL    ---     0.495      R4C12B.C0 to      R4C12B.F0 SLICE_413
ROUTE         1     1.385      R4C12B.F0 to       R5C9B.D0 serial_out_169
CTOF_DEL    ---     0.495       R5C9B.D0 to       R5C9B.F0 SLICE_412
ROUTE         1     1.658       R5C9B.F0 to       12.PADDO serial_out_c
DOPAD_DEL   ---     2.797       12.PADDO to         12.PAD serial_out
                  --------
                   11.625   (45.0% logic, 55.0% route), 6 logic levels.

Unconstrained Preference:
   CLOCK_TO_OUT PORT "serial_out" CLKPORT "clk" 

Report:   11.625ns delay SLICE_67 to serial_out

   Name    Fanout   Delay (ns)          Site               Resource
REG_DEL     ---     0.452      R9C3B.CLK to       R9C3B.Q0 SLICE_67 (from clk_c)
ROUTE         1     2.095       R9C3B.Q0 to       R5C3D.B1 observe[5]
CTOF_DEL    ---     0.495       R5C3D.B1 to       R5C3D.F1 SLICE_499
ROUTE         1     2.171       R5C3D.F1 to       R5C9B.D1 serial_out_88
CTOF_DEL    ---     0.495       R5C9B.D1 to       R5C9B.F1 SLICE_412
ROUTE         1     0.967       R5C9B.F1 to       R5C9B.A0 serial_out_163
CTOF_DEL    ---     0.495       R5C9B.A0 to       R5C9B.F0 SLICE_412
ROUTE         1     1.658       R5C9B.F0 to       12.PADDO serial_out_c
DOPAD_DEL   ---     2.797       12.PADDO to         12.PAD serial_out
                  --------
                   11.625   (40.7% logic, 59.3% route), 5 logic levels.

Unconstrained Preference:
   CLOCK_TO_OUT PORT "serial_out" CLKPORT "clk" 

Report:   11.608ns delay SLICE_498 to serial_out

   Name    Fanout   Delay (ns)          Site               Resource
REG_DEL     ---     0.452      R4C5D.CLK to       R4C5D.Q1 SLICE_498 (from clk_c)
ROUTE         1     1.278       R4C5D.Q1 to       R5C8C.C1 observe[35]
CTOF_DEL    ---     0.495       R5C8C.C1 to       R5C8C.F1 SLICE_497
ROUTE         1     1.413       R5C8C.F1 to      R5C12C.A0 serial_out_95
CTOF_DEL    ---     0.495      R5C12C.A0 to      R5C12C.F0 SLICE_416
ROUTE         1     0.645      R5C12C.F0 to      R4C12B.D0 serial_out_154
CTOF_DEL    ---     0.495      R4C12B.D0 to      R4C12B.F0 SLICE_413
ROUTE         1     1.385      R4C12B.F0 to       R5C9B.D0 serial_out_169
CTOF_DEL    ---     0.495       R5C9B.D0 to       R5C9B.F0 SLICE_412
ROUTE         1     1.658       R5C9B.F0 to       12.PADDO serial_out_c
DOPAD_DEL   ---     2.797       12.PADDO to         12.PAD serial_out
                  --------
                   11.608   (45.0% logic, 55.0% route), 6 logic levels.

Unconstrained Preference:
   CLOCK_TO_OUT PORT "serial_out" CLKPORT "clk" 

Report:   11.588ns delay SLICE_68 to serial_out

   Name    Fanout   Delay (ns)          Site               Resource
REG_DEL     ---     0.452      R9C3A.CLK to       R9C3A.Q0 SLICE_68 (from clk_c)
ROUTE         1     2.058       R9C3A.Q0 to       R5C3D.A1 observe[7]
CTOF_DEL    ---     0.495       R5C3D.A1 to       R5C3D.F1 SLICE_499
ROUTE         1     2.171       R5C3D.F1 to       R5C9B.D1 serial_out_88
CTOF_DEL    ---     0.495       R5C9B.D1 to       R5C9B.F1 SLICE_412
ROUTE         1     0.967       R5C9B.F1 to       R5C9B.A0 serial_out_163
CTOF_DEL    ---     0.495       R5C9B.A0 to       R5C9B.F0 SLICE_412
ROUTE         1     1.658       R5C9B.F0 to       12.PADDO serial_out_c
DOPAD_DEL   ---     2.797       12.PADDO to         12.PAD serial_out
                  --------
                   11.588   (40.9% logic, 59.1% route), 5 logic levels.

Unconstrained Preference:
   CLOCK_TO_OUT PORT "serial_out" CLKPORT "clk" 

Report:   11.513ns delay SLICE_409 to serial_out

   Name    Fanout   Delay (ns)          Site               Resource
REG_DEL     ---     0.452     R3C15B.CLK to      R3C15B.Q1 SLICE_409 (from clk_c)
ROUTE         1     1.042      R3C15B.Q1 to      R5C15C.D1 observe[58]
CTOF_DEL    ---     0.495      R5C15C.D1 to      R5C15C.F1 SLICE_417
ROUTE         1     0.436      R5C15C.F1 to      R5C15C.C0 serial_out_101
CTOF_DEL    ---     0.495      R5C15C.C0 to      R5C15C.F0 SLICE_417
ROUTE         1     1.763      R5C15C.F0 to      R4C12B.B0 serial_out_155
CTOF_DEL    ---     0.495      R4C12B.B0 to      R4C12B.F0 SLICE_413
ROUTE         1     1.385      R4C12B.F0 to       R5C9B.D0 serial_out_169
CTOF_DEL    ---     0.495       R5C9B.D0 to       R5C9B.F0 SLICE_412
ROUTE         1     1.658       R5C9B.F0 to       12.PADDO serial_out_c
DOPAD_DEL   ---     2.797       12.PADDO to         12.PAD serial_out
                  --------
                   11.513   (45.4% logic, 54.6% route), 6 logic levels.

Unconstrained Preference:
   CLOCK_TO_OUT PORT "serial_out" CLKPORT "clk" 

Report:   11.500ns delay SLICE_394 to serial_out

   Name    Fanout   Delay (ns)          Site               Resource
REG_DEL     ---     0.452     R4C13C.CLK to      R4C13C.Q1 SLICE_394 (from clk_c)
ROUTE         1     1.023      R4C13C.Q1 to      R5C13D.B1 observe[98]
CTOF_DEL    ---     0.495      R5C13D.B1 to      R5C13D.F1 SLICE_492
ROUTE         1     0.693      R5C13D.F1 to      R5C13C.B0 serial_out_111
CTOF_DEL    ---     0.495      R5C13C.B0 to      R5C13C.F0 SLICE_419
ROUTE         1     2.153      R5C13C.F0 to       R4C9B.A0 serial_out_158
CTOF_DEL    ---     0.495       R4C9B.A0 to       R4C9B.F0 SLICE_414
ROUTE         1     0.744       R4C9B.F0 to       R5C9B.C0 serial_out_170
CTOF_DEL    ---     0.495       R5C9B.C0 to       R5C9B.F0 SLICE_412
ROUTE         1     1.658       R5C9B.F0 to       12.PADDO serial_out_c
DOPAD_DEL   ---     2.797       12.PADDO to         12.PAD serial_out
                  --------
                   11.500   (45.5% logic, 54.5% route), 6 logic levels.

Unconstrained Preference:
   CLOCK_TO_OUT PORT "serial_out" CLKPORT "clk" 

Report:   11.494ns delay SLICE_34 to serial_out

   Name    Fanout   Delay (ns)          Site               Resource
REG_DEL     ---     0.452      R2C5A.CLK to       R2C5A.Q1 SLICE_34 (from clk_c)
ROUTE         1     1.072       R2C5A.Q1 to       R3C5B.D1 observe[148]
CTOF_DEL    ---     0.495       R3C5B.D1 to       R3C5B.F1 SLICE_488
ROUTE         1     2.355       R3C5B.F1 to       R4C9B.A1 serial_out_124
CTOF_DEL    ---     0.495       R4C9B.A1 to       R4C9B.F1 SLICE_414
ROUTE         1     0.436       R4C9B.F1 to       R4C9B.C0 serial_out_161
CTOF_DEL    ---     0.495       R4C9B.C0 to       R4C9B.F0 SLICE_414
ROUTE         1     0.744       R4C9B.F0 to       R5C9B.C0 serial_out_170
CTOF_DEL    ---     0.495       R5C9B.C0 to       R5C9B.F0 SLICE_412
ROUTE         1     1.658       R5C9B.F0 to       12.PADDO serial_out_c
DOPAD_DEL   ---     2.797       12.PADDO to         12.PAD serial_out
                  --------
                   11.494   (45.5% logic, 54.5% route), 6 logic levels.

Unconstrained Preference:
   CLOCK_TO_OUT PORT "serial_out" CLKPORT "clk" 

Report:   11.492ns delay SLICE_400 to serial_out

   Name    Fanout   Delay (ns)          Site               Resource
REG_DEL     ---     0.452     R5C14A.CLK to      R5C14A.Q0 SLICE_400 (from clk_c)
ROUTE         1     2.139      R5C14A.Q0 to      R5C12C.D1 observe[41]
CTOF_DEL    ---     0.495      R5C12C.D1 to      R5C12C.F1 SLICE_416
ROUTE         1     0.436      R5C12C.F1 to      R5C12C.C0 serial_out_97
CTOF_DEL    ---     0.495      R5C12C.C0 to      R5C12C.F0 SLICE_416
ROUTE         1     0.645      R5C12C.F0 to      R4C12B.D0 serial_out_154
CTOF_DEL    ---     0.495      R4C12B.D0 to      R4C12B.F0 SLICE_413
ROUTE         1     1.385      R4C12B.F0 to       R5C9B.D0 serial_out_169
CTOF_DEL    ---     0.495       R5C9B.D0 to       R5C9B.F0 SLICE_412
ROUTE         1     1.658       R5C9B.F0 to       12.PADDO serial_out_c
DOPAD_DEL   ---     2.797       12.PADDO to         12.PAD serial_out
                  --------
                   11.492   (45.5% logic, 54.5% route), 6 logic levels.

Unconstrained Preference:
   CLOCK_TO_OUT PORT "serial_out" CLKPORT "clk" 

Report:   11.473ns delay SLICE_405 to serial_out

   Name    Fanout   Delay (ns)          Site               Resource
REG_DEL     ---     0.452     R4C17C.CLK to      R4C17C.Q1 SLICE_405 (from clk_c)
ROUTE         1     0.964      R4C17C.Q1 to      R4C18D.A1 observe[72]
CTOF_DEL    ---     0.495      R4C18D.A1 to      R4C18D.F1 SLICE_418
ROUTE         1     0.436      R4C18D.F1 to      R4C18D.C0 serial_out_105
CTOF_DEL    ---     0.495      R4C18D.C0 to      R4C18D.F0 SLICE_418
ROUTE         1     1.801      R4C18D.F0 to      R4C12B.A0 serial_out_156
CTOF_DEL    ---     0.495      R4C12B.A0 to      R4C12B.F0 SLICE_413
ROUTE         1     1.385      R4C12B.F0 to       R5C9B.D0 serial_out_169
CTOF_DEL    ---     0.495       R5C9B.D0 to       R5C9B.F0 SLICE_412
ROUTE         1     1.658       R5C9B.F0 to       12.PADDO serial_out_c
DOPAD_DEL   ---     2.797       12.PADDO to         12.PAD serial_out
                  --------
                   11.473   (45.6% logic, 54.4% route), 6 logic levels.

Unconstrained Preference:
   CLOCK_TO_OUT PORT "serial_out" CLKPORT "clk" 

Report:   11.467ns delay SLICE_383 to serial_out

   Name    Fanout   Delay (ns)          Site               Resource
REG_DEL     ---     0.452     R3C17C.CLK to      R3C17C.Q1 SLICE_383 (from clk_c)
ROUTE         1     0.958      R3C17C.Q1 to      R4C18D.D1 observe[74]
CTOF_DEL    ---     0.495      R4C18D.D1 to      R4C18D.F1 SLICE_418
ROUTE         1     0.436      R4C18D.F1 to      R4C18D.C0 serial_out_105
CTOF_DEL    ---     0.495      R4C18D.C0 to      R4C18D.F0 SLICE_418
ROUTE         1     1.801      R4C18D.F0 to      R4C12B.A0 serial_out_156
CTOF_DEL    ---     0.495      R4C12B.A0 to      R4C12B.F0 SLICE_413
ROUTE         1     1.385      R4C12B.F0 to       R5C9B.D0 serial_out_169
CTOF_DEL    ---     0.495       R5C9B.D0 to       R5C9B.F0 SLICE_412
ROUTE         1     1.658       R5C9B.F0 to       12.PADDO serial_out_c
DOPAD_DEL   ---     2.797       12.PADDO to         12.PAD serial_out
                  --------
                   11.467   (45.6% logic, 54.4% route), 6 logic levels.

Unconstrained Preference:
   CLOCK_TO_OUT PORT "serial_out" CLKPORT "clk" 

Report:   11.467ns delay SLICE_399 to serial_out

   Name    Fanout   Delay (ns)          Site               Resource
REG_DEL     ---     0.452     R2C16B.CLK to      R2C16B.Q0 SLICE_399 (from clk_c)
ROUTE         1     1.460      R2C16B.Q0 to      R3C13B.D1 observe[87]
CTOF_DEL    ---     0.495      R3C13B.D1 to      R3C13B.F1 SLICE_493
ROUTE         1     1.299      R3C13B.F1 to      R4C12B.A1 serial_out_108
CTOF_DEL    ---     0.495      R4C12B.A1 to      R4C12B.F1 SLICE_413
ROUTE         1     0.436      R4C12B.F1 to      R4C12B.C0 serial_out_157
CTOF_DEL    ---     0.495      R4C12B.C0 to      R4C12B.F0 SLICE_413
ROUTE         1     1.385      R4C12B.F0 to       R5C9B.D0 serial_out_169
CTOF_DEL    ---     0.495       R5C9B.D0 to       R5C9B.F0 SLICE_412
ROUTE         1     1.658       R5C9B.F0 to       12.PADDO serial_out_c
DOPAD_DEL   ---     2.797       12.PADDO to         12.PAD serial_out
                  --------
                   11.467   (45.6% logic, 54.4% route), 6 logic levels.

Unconstrained Preference:
   CLOCK_TO_OUT PORT "serial_out" CLKPORT "clk" 

Report:   11.462ns delay SLICE_491 to serial_out

   Name    Fanout   Delay (ns)          Site               Resource
REG_DEL     ---     0.452      R5C6C.CLK to       R5C6C.Q0 SLICE_491 (from clk_c)
ROUTE         1     1.157       R5C6C.Q0 to      R5C13A.D1 observe[111]
CTOF_DEL    ---     0.495      R5C13A.D1 to      R5C13A.F1 SLICE_172
ROUTE         1     2.359      R5C13A.F1 to       R4C9C.B0 serial_out_114
CTOF_DEL    ---     0.495       R4C9C.B0 to       R4C9C.F0 SLICE_420
ROUTE         1     0.315       R4C9C.F0 to       R4C9B.D0 serial_out_159
CTOF_DEL    ---     0.495       R4C9B.D0 to       R4C9B.F0 SLICE_414
ROUTE         1     0.744       R4C9B.F0 to       R5C9B.C0 serial_out_170
CTOF_DEL    ---     0.495       R5C9B.C0 to       R5C9B.F0 SLICE_412
ROUTE         1     1.658       R5C9B.F0 to       12.PADDO serial_out_c
DOPAD_DEL   ---     2.797       12.PADDO to         12.PAD serial_out
                  --------
                   11.462   (45.6% logic, 54.4% route), 6 logic levels.

Unconstrained Preference:
   CLOCK_TO_OUT PORT "serial_out" CLKPORT "clk" 

Report:   11.461ns delay SLICE_22 to serial_out

   Name    Fanout   Delay (ns)          Site               Resource
REG_DEL     ---     0.452      R3C2A.CLK to       R3C2A.Q0 SLICE_22 (from clk_c)
ROUTE         1     1.801       R3C2A.Q0 to       R4C6A.A0 observe[167]
CTOF_DEL    ---     0.495       R4C6A.A0 to       R4C6A.F0 SLICE_487
ROUTE         1     2.267       R4C6A.F0 to       R4C9A.A1 serial_out_128
CTOF_DEL    ---     0.495       R4C9A.A1 to       R4C9A.F1 SLICE_240
ROUTE         1     1.001       R4C9A.F1 to       R5C9B.B0 serial_out_162
CTOF_DEL    ---     0.495       R5C9B.B0 to       R5C9B.F0 SLICE_412
ROUTE         1     1.658       R5C9B.F0 to       12.PADDO serial_out_c
DOPAD_DEL   ---     2.797       12.PADDO to         12.PAD serial_out
                  --------
                   11.461   (41.3% logic, 58.7% route), 5 logic levels.

Unconstrained Preference:
   CLOCK_TO_OUT PORT "serial_out" CLKPORT "clk" 

Report:   11.458ns delay SLICE_387 to serial_out

   Name    Fanout   Delay (ns)          Site               Resource
REG_DEL     ---     0.452     R5C15D.CLK to      R5C15D.Q0 SLICE_387 (from clk_c)
ROUTE         1     2.105      R5C15D.Q0 to      R4C13D.C1 observe[77]
CTOF_DEL    ---     0.495      R4C13D.C1 to      R4C13D.F1 SLICE_494
ROUTE         1     0.645      R4C13D.F1 to      R4C12B.D1 serial_out_106
CTOF_DEL    ---     0.495      R4C12B.D1 to      R4C12B.F1 SLICE_413
ROUTE         1     0.436      R4C12B.F1 to      R4C12B.C0 serial_out_157
CTOF_DEL    ---     0.495      R4C12B.C0 to      R4C12B.F0 SLICE_413
ROUTE         1     1.385      R4C12B.F0 to       R5C9B.D0 serial_out_169
CTOF_DEL    ---     0.495       R5C9B.D0 to       R5C9B.F0 SLICE_412
ROUTE         1     1.658       R5C9B.F0 to       12.PADDO serial_out_c
DOPAD_DEL   ---     2.797       12.PADDO to         12.PAD serial_out
                  --------
                   11.458   (45.6% logic, 54.4% route), 6 logic levels.

Unconstrained Preference:
   CLOCK_TO_OUT PORT "serial_out" CLKPORT "clk" 

Report:   11.440ns delay SLICE_387 to serial_out

   Name    Fanout   Delay (ns)          Site               Resource
REG_DEL     ---     0.452     R5C15D.CLK to      R5C15D.Q1 SLICE_387 (from clk_c)
ROUTE         1     2.087      R5C15D.Q1 to      R4C13D.D1 observe[78]
CTOF_DEL    ---     0.495      R4C13D.D1 to      R4C13D.F1 SLICE_494
ROUTE         1     0.645      R4C13D.F1 to      R4C12B.D1 serial_out_106
CTOF_DEL    ---     0.495      R4C12B.D1 to      R4C12B.F1 SLICE_413
ROUTE         1     0.436      R4C12B.F1 to      R4C12B.C0 serial_out_157
CTOF_DEL    ---     0.495      R4C12B.C0 to      R4C12B.F0 SLICE_413
ROUTE         1     1.385      R4C12B.F0 to       R5C9B.D0 serial_out_169
CTOF_DEL    ---     0.495       R5C9B.D0 to       R5C9B.F0 SLICE_412
ROUTE         1     1.658       R5C9B.F0 to       12.PADDO serial_out_c
DOPAD_DEL   ---     2.797       12.PADDO to         12.PAD serial_out
                  --------
                   11.440   (45.7% logic, 54.3% route), 6 logic levels.

Unconstrained Preference:
   CLOCK_TO_OUT PORT "serial_out" CLKPORT "clk" 

Report:   11.435ns delay SLICE_488 to serial_out

   Name    Fanout   Delay (ns)          Site               Resource
REG_DEL     ---     0.452      R3C5B.CLK to       R3C5B.Q1 SLICE_488 (from clk_c)
ROUTE         1     1.763       R3C5B.Q1 to       R5C6C.B0 observe[118]
CTOF_DEL    ---     0.495       R5C6C.B0 to       R5C6C.F0 SLICE_491
ROUTE         1     1.726       R5C6C.F0 to       R4C9C.A0 serial_out_116
CTOF_DEL    ---     0.495       R4C9C.A0 to       R4C9C.F0 SLICE_420
ROUTE         1     0.315       R4C9C.F0 to       R4C9B.D0 serial_out_159
CTOF_DEL    ---     0.495       R4C9B.D0 to       R4C9B.F0 SLICE_414
ROUTE         1     0.744       R4C9B.F0 to       R5C9B.C0 serial_out_170
CTOF_DEL    ---     0.495       R5C9B.C0 to       R5C9B.F0 SLICE_412
ROUTE         1     1.658       R5C9B.F0 to       12.PADDO serial_out_c
DOPAD_DEL   ---     2.797       12.PADDO to         12.PAD serial_out
                  --------
                   11.435   (45.7% logic, 54.3% route), 6 logic levels.

Unconstrained Preference:
   CLOCK_TO_OUT PORT "serial_out" CLKPORT "clk" 

Report:   11.398ns delay SLICE_411 to serial_out

   Name    Fanout   Delay (ns)          Site               Resource
REG_DEL     ---     0.452     R5C16C.CLK to      R5C16C.Q1 SLICE_411 (from clk_c)
ROUTE         1     0.958      R5C16C.Q1 to      R5C13A.D0 observe[94]
CTOF_DEL    ---     0.495      R5C13A.D0 to      R5C13A.F0 SLICE_172
ROUTE         1     0.656      R5C13A.F0 to      R5C13C.A0 serial_out_110
CTOF_DEL    ---     0.495      R5C13C.A0 to      R5C13C.F0 SLICE_419
ROUTE         1     2.153      R5C13C.F0 to       R4C9B.A0 serial_out_158
CTOF_DEL    ---     0.495       R4C9B.A0 to       R4C9B.F0 SLICE_414
ROUTE         1     0.744       R4C9B.F0 to       R5C9B.C0 serial_out_170
CTOF_DEL    ---     0.495       R5C9B.C0 to       R5C9B.F0 SLICE_412
ROUTE         1     1.658       R5C9B.F0 to       12.PADDO serial_out_c
DOPAD_DEL   ---     2.797       12.PADDO to         12.PAD serial_out
                  --------
                   11.398   (45.9% logic, 54.1% route), 6 logic levels.

Unconstrained Preference:
   CLOCK_TO_OUT PORT "serial_out" CLKPORT "clk" 

Report:   11.359ns delay SLICE_37 to serial_out

   Name    Fanout   Delay (ns)          Site               Resource
REG_DEL     ---     0.452      R7C5A.CLK to       R7C5A.Q0 SLICE_37 (from clk_c)
ROUTE         1     1.088       R7C5A.Q0 to       R5C5B.B1 observe[143]
CTOF_DEL    ---     0.495       R5C5B.B1 to       R5C5B.F1 SLICE_489
ROUTE         1     2.204       R5C5B.F1 to       R4C9B.C1 serial_out_122
CTOF_DEL    ---     0.495       R4C9B.C1 to       R4C9B.F1 SLICE_414
ROUTE         1     0.436       R4C9B.F1 to       R4C9B.C0 serial_out_161
CTOF_DEL    ---     0.495       R4C9B.C0 to       R4C9B.F0 SLICE_414
ROUTE         1     0.744       R4C9B.F0 to       R5C9B.C0 serial_out_170
CTOF_DEL    ---     0.495       R5C9B.C0 to       R5C9B.F0 SLICE_412
ROUTE         1     1.658       R5C9B.F0 to       12.PADDO serial_out_c
DOPAD_DEL   ---     2.797       12.PADDO to         12.PAD serial_out
                  --------
                   11.359   (46.0% logic, 54.0% route), 6 logic levels.

Unconstrained Preference:
   CLOCK_TO_OUT PORT "serial_out" CLKPORT "clk" 

Report:   11.339ns delay SLICE_72 to serial_out

   Name    Fanout   Delay (ns)          Site               Resource
REG_DEL     ---     0.452      R3C4C.CLK to       R3C4C.Q0 SLICE_72 (from clk_c)
ROUTE         1     1.498       R3C4C.Q0 to       R3C9D.A0 observe[15]
CTOF_DEL    ---     0.495       R3C9D.A0 to       R3C9D.F0 SLICE_174
ROUTE         1     1.001       R3C9D.F0 to       R4C9D.B0 serial_out_90
CTOF_DEL    ---     0.495       R4C9D.B0 to       R4C9D.F0 SLICE_415
ROUTE         1     0.986       R4C9D.F0 to       R5C9B.A1 serial_out_153
CTOF_DEL    ---     0.495       R5C9B.A1 to       R5C9B.F1 SLICE_412
ROUTE         1     0.967       R5C9B.F1 to       R5C9B.A0 serial_out_163
CTOF_DEL    ---     0.495       R5C9B.A0 to       R5C9B.F0 SLICE_412
ROUTE         1     1.658       R5C9B.F0 to       12.PADDO serial_out_c
DOPAD_DEL   ---     2.797       12.PADDO to         12.PAD serial_out
                  --------
                   11.339   (46.1% logic, 53.9% route), 6 logic levels.

Unconstrained Preference:
   CLOCK_TO_OUT PORT "serial_out" CLKPORT "clk" 

Report:   11.318ns delay SLICE_490 to serial_out

   Name    Fanout   Delay (ns)          Site               Resource
REG_DEL     ---     0.452     R5C10A.CLK to      R5C10A.Q0 SLICE_490 (from clk_c)
ROUTE         1     1.413      R5C10A.Q0 to       R5C6C.A1 observe[113]
CTOF_DEL    ---     0.495       R5C6C.A1 to       R5C6C.F1 SLICE_491
ROUTE         1     1.959       R5C6C.F1 to       R4C9C.D0 serial_out_115
CTOF_DEL    ---     0.495       R4C9C.D0 to       R4C9C.F0 SLICE_420
ROUTE         1     0.315       R4C9C.F0 to       R4C9B.D0 serial_out_159
CTOF_DEL    ---     0.495       R4C9B.D0 to       R4C9B.F0 SLICE_414
ROUTE         1     0.744       R4C9B.F0 to       R5C9B.C0 serial_out_170
CTOF_DEL    ---     0.495       R5C9B.C0 to       R5C9B.F0 SLICE_412
ROUTE         1     1.658       R5C9B.F0 to       12.PADDO serial_out_c
DOPAD_DEL   ---     2.797       12.PADDO to         12.PAD serial_out
                  --------
                   11.318   (46.2% logic, 53.8% route), 6 logic levels.

Unconstrained Preference:
   CLOCK_TO_OUT PORT "serial_out" CLKPORT "clk" 

Report:   11.287ns delay SLICE_133 to serial_out

   Name    Fanout   Delay (ns)          Site               Resource
REG_DEL     ---     0.452     R4C10C.CLK to      R4C10C.Q1 SLICE_133 (from clk_c)
ROUTE         1     0.626      R4C10C.Q1 to      R4C10A.D1 observe[138]
CTOF_DEL    ---     0.495      R4C10A.D1 to      R4C10A.F1 SLICE_421
ROUTE         1     0.693      R4C10A.F1 to      R4C10A.B0 serial_out_121
CTOF_DEL    ---     0.495      R4C10A.B0 to      R4C10A.F0 SLICE_421
ROUTE         1     2.337      R4C10A.F0 to       R4C9B.B0 serial_out_160
CTOF_DEL    ---     0.495       R4C9B.B0 to       R4C9B.F0 SLICE_414
ROUTE         1     0.744       R4C9B.F0 to       R5C9B.C0 serial_out_170
CTOF_DEL    ---     0.495       R5C9B.C0 to       R5C9B.F0 SLICE_412
ROUTE         1     1.658       R5C9B.F0 to       12.PADDO serial_out_c
DOPAD_DEL   ---     2.797       12.PADDO to         12.PAD serial_out
                  --------
                   11.287   (46.3% logic, 53.7% route), 6 logic levels.

Unconstrained Preference:
   CLOCK_TO_OUT PORT "serial_out" CLKPORT "clk" 

Report:   11.272ns delay SLICE_492 to serial_out

   Name    Fanout   Delay (ns)          Site               Resource
REG_DEL     ---     0.452     R5C13D.CLK to      R5C13D.Q1 SLICE_492 (from clk_c)
ROUTE         1     0.967      R5C13D.Q1 to      R5C13A.A1 observe[110]
CTOF_DEL    ---     0.495      R5C13A.A1 to      R5C13A.F1 SLICE_172
ROUTE         1     2.359      R5C13A.F1 to       R4C9C.B0 serial_out_114
CTOF_DEL    ---     0.495       R4C9C.B0 to       R4C9C.F0 SLICE_420
ROUTE         1     0.315       R4C9C.F0 to       R4C9B.D0 serial_out_159
CTOF_DEL    ---     0.495       R4C9B.D0 to       R4C9B.F0 SLICE_414
ROUTE         1     0.744       R4C9B.F0 to       R5C9B.C0 serial_out_170
CTOF_DEL    ---     0.495       R5C9B.C0 to       R5C9B.F0 SLICE_412
ROUTE         1     1.658       R5C9B.F0 to       12.PADDO serial_out_c
DOPAD_DEL   ---     2.797       12.PADDO to         12.PAD serial_out
                  --------
                   11.272   (46.4% logic, 53.6% route), 6 logic levels.

Unconstrained Preference:
   CLOCK_TO_OUT PORT "serial_out" CLKPORT "clk" 

Report:   11.207ns delay SLICE_38 to serial_out

   Name    Fanout   Delay (ns)          Site               Resource
REG_DEL     ---     0.452      R7C5B.CLK to       R7C5B.Q1 SLICE_38 (from clk_c)
ROUTE         1     1.376       R7C5B.Q1 to       R5C5B.A0 observe[146]
CTOF_DEL    ---     0.495       R5C5B.A0 to       R5C5B.F0 SLICE_489
ROUTE         1     1.764       R5C5B.F0 to       R4C9B.D1 serial_out_123
CTOF_DEL    ---     0.495       R4C9B.D1 to       R4C9B.F1 SLICE_414
ROUTE         1     0.436       R4C9B.F1 to       R4C9B.C0 serial_out_161
CTOF_DEL    ---     0.495       R4C9B.C0 to       R4C9B.F0 SLICE_414
ROUTE         1     0.744       R4C9B.F0 to       R5C9B.C0 serial_out_170
CTOF_DEL    ---     0.495       R5C9B.C0 to       R5C9B.F0 SLICE_412
ROUTE         1     1.658       R5C9B.F0 to       12.PADDO serial_out_c
DOPAD_DEL   ---     2.797       12.PADDO to         12.PAD serial_out
                  --------
                   11.207   (46.7% logic, 53.3% route), 6 logic levels.

Unconstrained Preference:
   CLOCK_TO_OUT PORT "serial_out" CLKPORT "clk" 

Report:   11.207ns delay SLICE_393 to serial_out

   Name    Fanout   Delay (ns)          Site               Resource
REG_DEL     ---     0.452     R3C14C.CLK to      R3C14C.Q1 SLICE_393 (from clk_c)
ROUTE         1     1.079      R3C14C.Q1 to      R4C13D.C0 observe[82]
CTOF_DEL    ---     0.495      R4C13D.C0 to      R4C13D.F0 SLICE_494
ROUTE         1     1.420      R4C13D.F0 to      R4C12B.B1 serial_out_107
CTOF_DEL    ---     0.495      R4C12B.B1 to      R4C12B.F1 SLICE_413
ROUTE         1     0.436      R4C12B.F1 to      R4C12B.C0 serial_out_157
CTOF_DEL    ---     0.495      R4C12B.C0 to      R4C12B.F0 SLICE_413
ROUTE         1     1.385      R4C12B.F0 to       R5C9B.D0 serial_out_169
CTOF_DEL    ---     0.495       R5C9B.D0 to       R5C9B.F0 SLICE_412
ROUTE         1     1.658       R5C9B.F0 to       12.PADDO serial_out_c
DOPAD_DEL   ---     2.797       12.PADDO to         12.PAD serial_out
                  --------
                   11.207   (46.7% logic, 53.3% route), 6 logic levels.

Unconstrained Preference:
   CLOCK_TO_OUT PORT "serial_out" CLKPORT "clk" 

Report:   11.200ns delay SLICE_385 to serial_out

   Name    Fanout   Delay (ns)          Site               Resource
REG_DEL     ---     0.452     R3C16A.CLK to      R3C16A.Q0 SLICE_385 (from clk_c)
ROUTE         1     1.193      R3C16A.Q0 to      R3C13B.C1 observe[85]
CTOF_DEL    ---     0.495      R3C13B.C1 to      R3C13B.F1 SLICE_493
ROUTE         1     1.299      R3C13B.F1 to      R4C12B.A1 serial_out_108
CTOF_DEL    ---     0.495      R4C12B.A1 to      R4C12B.F1 SLICE_413
ROUTE         1     0.436      R4C12B.F1 to      R4C12B.C0 serial_out_157
CTOF_DEL    ---     0.495      R4C12B.C0 to      R4C12B.F0 SLICE_413
ROUTE         1     1.385      R4C12B.F0 to       R5C9B.D0 serial_out_169
CTOF_DEL    ---     0.495       R5C9B.D0 to       R5C9B.F0 SLICE_412
ROUTE         1     1.658       R5C9B.F0 to       12.PADDO serial_out_c
DOPAD_DEL   ---     2.797       12.PADDO to         12.PAD serial_out
                  --------
                   11.200   (46.7% logic, 53.3% route), 6 logic levels.

Unconstrained Preference:
   CLOCK_TO_OUT PORT "serial_out" CLKPORT "clk" 

Report:   11.183ns delay SLICE_490 to serial_out

   Name    Fanout   Delay (ns)          Site               Resource
REG_DEL     ---     0.452     R5C10A.CLK to      R5C10A.Q1 SLICE_490 (from clk_c)
ROUTE         1     1.278      R5C10A.Q1 to       R5C6C.C1 observe[114]
CTOF_DEL    ---     0.495       R5C6C.C1 to       R5C6C.F1 SLICE_491
ROUTE         1     1.959       R5C6C.F1 to       R4C9C.D0 serial_out_115
CTOF_DEL    ---     0.495       R4C9C.D0 to       R4C9C.F0 SLICE_420
ROUTE         1     0.315       R4C9C.F0 to       R4C9B.D0 serial_out_159
CTOF_DEL    ---     0.495       R4C9B.D0 to       R4C9B.F0 SLICE_414
ROUTE         1     0.744       R4C9B.F0 to       R5C9B.C0 serial_out_170
CTOF_DEL    ---     0.495       R5C9B.C0 to       R5C9B.F0 SLICE_412
ROUTE         1     1.658       R5C9B.F0 to       12.PADDO serial_out_c
DOPAD_DEL   ---     2.797       12.PADDO to         12.PAD serial_out
                  --------
                   11.183   (46.8% logic, 53.2% route), 6 logic levels.

Unconstrained Preference:
   CLOCK_TO_OUT PORT "serial_out" CLKPORT "clk" 

Report:   11.166ns delay SLICE_35 to serial_out

   Name    Fanout   Delay (ns)          Site               Resource
REG_DEL     ---     0.452      R2C5B.CLK to       R2C5B.Q1 SLICE_35 (from clk_c)
ROUTE         1     0.744       R2C5B.Q1 to       R3C5B.C1 observe[150]
CTOF_DEL    ---     0.495       R3C5B.C1 to       R3C5B.F1 SLICE_488
ROUTE         1     2.355       R3C5B.F1 to       R4C9B.A1 serial_out_124
CTOF_DEL    ---     0.495       R4C9B.A1 to       R4C9B.F1 SLICE_414
ROUTE         1     0.436       R4C9B.F1 to       R4C9B.C0 serial_out_161
CTOF_DEL    ---     0.495       R4C9B.C0 to       R4C9B.F0 SLICE_414
ROUTE         1     0.744       R4C9B.F0 to       R5C9B.C0 serial_out_170
CTOF_DEL    ---     0.495       R5C9B.C0 to       R5C9B.F0 SLICE_412
ROUTE         1     1.658       R5C9B.F0 to       12.PADDO serial_out_c
DOPAD_DEL   ---     2.797       12.PADDO to         12.PAD serial_out
                  --------
                   11.166   (46.8% logic, 53.2% route), 6 logic levels.

Unconstrained Preference:
   CLOCK_TO_OUT PORT "serial_out" CLKPORT "clk" 

Report:   11.114ns delay SLICE_76 to serial_out

   Name    Fanout   Delay (ns)          Site               Resource
REG_DEL     ---     0.452      R5C8A.CLK to       R5C8A.Q1 SLICE_76 (from clk_c)
ROUTE         1     1.838       R5C8A.Q1 to       R4C9D.B1 observe[24]
CTOF_DEL    ---     0.495       R4C9D.B1 to       R4C9D.F1 SLICE_415
ROUTE         1     0.436       R4C9D.F1 to       R4C9D.C0 serial_out_93
CTOF_DEL    ---     0.495       R4C9D.C0 to       R4C9D.F0 SLICE_415
ROUTE         1     0.986       R4C9D.F0 to       R5C9B.A1 serial_out_153
CTOF_DEL    ---     0.495       R5C9B.A1 to       R5C9B.F1 SLICE_412
ROUTE         1     0.967       R5C9B.F1 to       R5C9B.A0 serial_out_163
CTOF_DEL    ---     0.495       R5C9B.A0 to       R5C9B.F0 SLICE_412
ROUTE         1     1.658       R5C9B.F0 to       12.PADDO serial_out_c
DOPAD_DEL   ---     2.797       12.PADDO to         12.PAD serial_out
                  --------
                   11.114   (47.0% logic, 53.0% route), 6 logic levels.

Unconstrained Preference:
   CLOCK_TO_OUT PORT "serial_out" CLKPORT "clk" 

Report:   11.080ns delay SLICE_26 to serial_out

   Name    Fanout   Delay (ns)          Site               Resource
REG_DEL     ---     0.452      R3C6B.CLK to       R3C6B.Q0 SLICE_26 (from clk_c)
ROUTE         1     1.420       R3C6B.Q0 to       R4C6A.B0 observe[165]
CTOF_DEL    ---     0.495       R4C6A.B0 to       R4C6A.F0 SLICE_487
ROUTE         1     2.267       R4C6A.F0 to       R4C9A.A1 serial_out_128
CTOF_DEL    ---     0.495       R4C9A.A1 to       R4C9A.F1 SLICE_240
ROUTE         1     1.001       R4C9A.F1 to       R5C9B.B0 serial_out_162
CTOF_DEL    ---     0.495       R5C9B.B0 to       R5C9B.F0 SLICE_412
ROUTE         1     1.658       R5C9B.F0 to       12.PADDO serial_out_c
DOPAD_DEL   ---     2.797       12.PADDO to         12.PAD serial_out
                  --------
                   11.080   (42.7% logic, 57.3% route), 5 logic levels.

Unconstrained Preference:
   CLOCK_TO_OUT PORT "serial_out" CLKPORT "clk" 

Report:   11.052ns delay SLICE_492 to serial_out

   Name    Fanout   Delay (ns)          Site               Resource
REG_DEL     ---     0.452     R5C13D.CLK to      R5C13D.Q0 SLICE_492 (from clk_c)
ROUTE         1     0.747      R5C13D.Q0 to      R5C13A.C1 observe[109]
CTOF_DEL    ---     0.495      R5C13A.C1 to      R5C13A.F1 SLICE_172
ROUTE         1     2.359      R5C13A.F1 to       R4C9C.B0 serial_out_114
CTOF_DEL    ---     0.495       R4C9C.B0 to       R4C9C.F0 SLICE_420
ROUTE         1     0.315       R4C9C.F0 to       R4C9B.D0 serial_out_159
CTOF_DEL    ---     0.495       R4C9B.D0 to       R4C9B.F0 SLICE_414
ROUTE         1     0.744       R4C9B.F0 to       R5C9B.C0 serial_out_170
CTOF_DEL    ---     0.495       R5C9B.C0 to       R5C9B.F0 SLICE_412
ROUTE         1     1.658       R5C9B.F0 to       12.PADDO serial_out_c
DOPAD_DEL   ---     2.797       12.PADDO to         12.PAD serial_out
                  --------
                   11.052   (47.3% logic, 52.7% route), 6 logic levels.

Unconstrained Preference:
   CLOCK_TO_OUT PORT "serial_out" CLKPORT "clk" 

Report:   11.034ns delay SLICE_71 to serial_out

   Name    Fanout   Delay (ns)          Site               Resource
REG_DEL     ---     0.452      R3C5C.CLK to       R3C5C.Q1 SLICE_71 (from clk_c)
ROUTE         1     1.193       R3C5C.Q1 to       R3C9D.C0 observe[14]
CTOF_DEL    ---     0.495       R3C9D.C0 to       R3C9D.F0 SLICE_174
ROUTE         1     1.001       R3C9D.F0 to       R4C9D.B0 serial_out_90
CTOF_DEL    ---     0.495       R4C9D.B0 to       R4C9D.F0 SLICE_415
ROUTE         1     0.986       R4C9D.F0 to       R5C9B.A1 serial_out_153
CTOF_DEL    ---     0.495       R5C9B.A1 to       R5C9B.F1 SLICE_412
ROUTE         1     0.967       R5C9B.F1 to       R5C9B.A0 serial_out_163
CTOF_DEL    ---     0.495       R5C9B.A0 to       R5C9B.F0 SLICE_412
ROUTE         1     1.658       R5C9B.F0 to       12.PADDO serial_out_c
DOPAD_DEL   ---     2.797       12.PADDO to         12.PAD serial_out
                  --------
                   11.034   (47.4% logic, 52.6% route), 6 logic levels.

Unconstrained Preference:
   CLOCK_TO_OUT PORT "serial_out" CLKPORT "clk" 

Report:   11.030ns delay SLICE_388 to serial_out

   Name    Fanout   Delay (ns)          Site               Resource
REG_DEL     ---     0.452     R3C14B.CLK to      R3C14B.Q1 SLICE_388 (from clk_c)
ROUTE         1     1.023      R3C14B.Q1 to      R3C13B.B1 observe[84]
CTOF_DEL    ---     0.495      R3C13B.B1 to      R3C13B.F1 SLICE_493
ROUTE         1     1.299      R3C13B.F1 to      R4C12B.A1 serial_out_108
CTOF_DEL    ---     0.495      R4C12B.A1 to      R4C12B.F1 SLICE_413
ROUTE         1     0.436      R4C12B.F1 to      R4C12B.C0 serial_out_157
CTOF_DEL    ---     0.495      R4C12B.C0 to      R4C12B.F0 SLICE_413
ROUTE         1     1.385      R4C12B.F0 to       R5C9B.D0 serial_out_169
CTOF_DEL    ---     0.495       R5C9B.D0 to       R5C9B.F0 SLICE_412
ROUTE         1     1.658       R5C9B.F0 to       12.PADDO serial_out_c
DOPAD_DEL   ---     2.797       12.PADDO to         12.PAD serial_out
                  --------
                   11.030   (47.4% logic, 52.6% route), 6 logic levels.

Unconstrained Preference:
   CLOCK_TO_OUT PORT "serial_out" CLKPORT "clk" 

Report:   10.941ns delay SLICE_66 to serial_out

   Name    Fanout   Delay (ns)          Site               Resource
REG_DEL     ---     0.452      R7C9C.CLK to       R7C9C.Q1 SLICE_66 (from clk_c)
ROUTE         1     1.411       R7C9C.Q1 to       R5C3D.C1 observe[4]
CTOF_DEL    ---     0.495       R5C3D.C1 to       R5C3D.F1 SLICE_499
ROUTE         1     2.171       R5C3D.F1 to       R5C9B.D1 serial_out_88
CTOF_DEL    ---     0.495       R5C9B.D1 to       R5C9B.F1 SLICE_412
ROUTE         1     0.967       R5C9B.F1 to       R5C9B.A0 serial_out_163
CTOF_DEL    ---     0.495       R5C9B.A0 to       R5C9B.F0 SLICE_412
ROUTE         1     1.658       R5C9B.F0 to       12.PADDO serial_out_c
DOPAD_DEL   ---     2.797       12.PADDO to         12.PAD serial_out
                  --------
                   10.941   (43.3% logic, 56.7% route), 5 logic levels.

Unconstrained Preference:
   CLOCK_TO_OUT PORT "serial_out" CLKPORT "clk" 

Report:   10.938ns delay SLICE_38 to serial_out

   Name    Fanout   Delay (ns)          Site               Resource
REG_DEL     ---     0.452      R7C5B.CLK to       R7C5B.Q0 SLICE_38 (from clk_c)
ROUTE         1     1.107       R7C5B.Q0 to       R5C5B.D0 observe[145]
CTOF_DEL    ---     0.495       R5C5B.D0 to       R5C5B.F0 SLICE_489
ROUTE         1     1.764       R5C5B.F0 to       R4C9B.D1 serial_out_123
CTOF_DEL    ---     0.495       R4C9B.D1 to       R4C9B.F1 SLICE_414
ROUTE         1     0.436       R4C9B.F1 to       R4C9B.C0 serial_out_161
CTOF_DEL    ---     0.495       R4C9B.C0 to       R4C9B.F0 SLICE_414
ROUTE         1     0.744       R4C9B.F0 to       R5C9B.C0 serial_out_170
CTOF_DEL    ---     0.495       R5C9B.C0 to       R5C9B.F0 SLICE_412
ROUTE         1     1.658       R5C9B.F0 to       12.PADDO serial_out_c
DOPAD_DEL   ---     2.797       12.PADDO to         12.PAD serial_out
                  --------
                   10.938   (47.8% logic, 52.2% route), 6 logic levels.

Unconstrained Preference:
   CLOCK_TO_OUT PORT "serial_out" CLKPORT "clk" 

Report:   10.919ns delay SLICE_37 to serial_out

   Name    Fanout   Delay (ns)          Site               Resource
REG_DEL     ---     0.452      R7C5A.CLK to       R7C5A.Q1 SLICE_37 (from clk_c)
ROUTE         1     1.088       R7C5A.Q1 to       R5C5B.B0 observe[144]
CTOF_DEL    ---     0.495       R5C5B.B0 to       R5C5B.F0 SLICE_489
ROUTE         1     1.764       R5C5B.F0 to       R4C9B.D1 serial_out_123
CTOF_DEL    ---     0.495       R4C9B.D1 to       R4C9B.F1 SLICE_414
ROUTE         1     0.436       R4C9B.F1 to       R4C9B.C0 serial_out_161
CTOF_DEL    ---     0.495       R4C9B.C0 to       R4C9B.F0 SLICE_414
ROUTE         1     0.744       R4C9B.F0 to       R5C9B.C0 serial_out_170
CTOF_DEL    ---     0.495       R5C9B.C0 to       R5C9B.F0 SLICE_412
ROUTE         1     1.658       R5C9B.F0 to       12.PADDO serial_out_c
DOPAD_DEL   ---     2.797       12.PADDO to         12.PAD serial_out
                  --------
                   10.919   (47.9% logic, 52.1% route), 6 logic levels.

Unconstrained Preference:
   CLOCK_TO_OUT PORT "serial_out" CLKPORT "clk" 

Report:   10.910ns delay SLICE_34 to serial_out

   Name    Fanout   Delay (ns)          Site               Resource
REG_DEL     ---     0.452      R2C5A.CLK to       R2C5A.Q0 SLICE_34 (from clk_c)
ROUTE         1     1.079       R2C5A.Q0 to       R5C5B.C0 observe[147]
CTOF_DEL    ---     0.495       R5C5B.C0 to       R5C5B.F0 SLICE_489
ROUTE         1     1.764       R5C5B.F0 to       R4C9B.D1 serial_out_123
CTOF_DEL    ---     0.495       R4C9B.D1 to       R4C9B.F1 SLICE_414
ROUTE         1     0.436       R4C9B.F1 to       R4C9B.C0 serial_out_161
CTOF_DEL    ---     0.495       R4C9B.C0 to       R4C9B.F0 SLICE_414
ROUTE         1     0.744       R4C9B.F0 to       R5C9B.C0 serial_out_170
CTOF_DEL    ---     0.495       R5C9B.C0 to       R5C9B.F0 SLICE_412
ROUTE         1     1.658       R5C9B.F0 to       12.PADDO serial_out_c
DOPAD_DEL   ---     2.797       12.PADDO to         12.PAD serial_out
                  --------
                   10.910   (47.9% logic, 52.1% route), 6 logic levels.

Unconstrained Preference:
   CLOCK_TO_OUT PORT "serial_out" CLKPORT "clk" 

Report:   10.906ns delay SLICE_489 to serial_out

   Name    Fanout   Delay (ns)          Site               Resource
REG_DEL     ---     0.452      R5C5B.CLK to       R5C5B.Q0 SLICE_489 (from clk_c)
ROUTE         1     1.001       R5C5B.Q0 to       R5C6C.B1 observe[115]
CTOF_DEL    ---     0.495       R5C6C.B1 to       R5C6C.F1 SLICE_491
ROUTE         1     1.959       R5C6C.F1 to       R4C9C.D0 serial_out_115
CTOF_DEL    ---     0.495       R4C9C.D0 to       R4C9C.F0 SLICE_420
ROUTE         1     0.315       R4C9C.F0 to       R4C9B.D0 serial_out_159
CTOF_DEL    ---     0.495       R4C9B.D0 to       R4C9B.F0 SLICE_414
ROUTE         1     0.744       R4C9B.F0 to       R5C9B.C0 serial_out_170
CTOF_DEL    ---     0.495       R5C9B.C0 to       R5C9B.F0 SLICE_412
ROUTE         1     1.658       R5C9B.F0 to       12.PADDO serial_out_c
DOPAD_DEL   ---     2.797       12.PADDO to         12.PAD serial_out
                  --------
                   10.906   (47.9% logic, 52.1% route), 6 logic levels.

Unconstrained Preference:
   CLOCK_TO_OUT PORT "serial_out" CLKPORT "clk" 

Report:   10.877ns delay SLICE_20 to serial_out

   Name    Fanout   Delay (ns)          Site               Resource
REG_DEL     ---     0.452     R10C3B.CLK to      R10C3B.Q1 SLICE_20 (from clk_c)
ROUTE         1     2.861      R10C3B.Q1 to       R5C9C.B1 observe[158]
CTOF_DEL    ---     0.495       R5C9C.B1 to       R5C9C.F1 SLICE_171
ROUTE         1     0.623       R5C9C.F1 to       R4C9A.D1 serial_out_126
CTOF_DEL    ---     0.495       R4C9A.D1 to       R4C9A.F1 SLICE_240
ROUTE         1     1.001       R4C9A.F1 to       R5C9B.B0 serial_out_162
CTOF_DEL    ---     0.495       R5C9B.B0 to       R5C9B.F0 SLICE_412
ROUTE         1     1.658       R5C9B.F0 to       12.PADDO serial_out_c
DOPAD_DEL   ---     2.797       12.PADDO to         12.PAD serial_out
                  --------
                   10.877   (43.5% logic, 56.5% route), 5 logic levels.

Unconstrained Preference:
   CLOCK_TO_OUT PORT "serial_out" CLKPORT "clk" 

Report:   10.865ns delay SLICE_494 to serial_out

   Name    Fanout   Delay (ns)          Site               Resource
REG_DEL     ---     0.452     R4C13D.CLK to      R4C13D.Q1 SLICE_494 (from clk_c)
ROUTE         1     0.645      R4C13D.Q1 to      R5C13C.D1 observe[106]
CTOF_DEL    ---     0.495      R5C13C.D1 to      R5C13C.F1 SLICE_419
ROUTE         1     0.436      R5C13C.F1 to      R5C13C.C0 serial_out_113
CTOF_DEL    ---     0.495      R5C13C.C0 to      R5C13C.F0 SLICE_419
ROUTE         1     2.153      R5C13C.F0 to       R4C9B.A0 serial_out_158
CTOF_DEL    ---     0.495       R4C9B.A0 to       R4C9B.F0 SLICE_414
ROUTE         1     0.744       R4C9B.F0 to       R5C9B.C0 serial_out_170
CTOF_DEL    ---     0.495       R5C9B.C0 to       R5C9B.F0 SLICE_412
ROUTE         1     1.658       R5C9B.F0 to       12.PADDO serial_out_c
DOPAD_DEL   ---     2.797       12.PADDO to         12.PAD serial_out
                  --------
                   10.865   (48.1% logic, 51.9% route), 6 logic levels.

Unconstrained Preference:
   CLOCK_TO_OUT PORT "serial_out" CLKPORT "clk" 

Report:   10.837ns delay SLICE_22 to serial_out

   Name    Fanout   Delay (ns)          Site               Resource
REG_DEL     ---     0.452      R3C2A.CLK to       R3C2A.Q1 SLICE_22 (from clk_c)
ROUTE         1     2.697       R3C2A.Q1 to       R4C9A.A0 observe[168]
CTOF_DEL    ---     0.495       R4C9A.A0 to       R4C9A.F0 SLICE_240
ROUTE         1     0.747       R4C9A.F0 to       R4C9A.C1 serial_out_129
CTOF_DEL    ---     0.495       R4C9A.C1 to       R4C9A.F1 SLICE_240
ROUTE         1     1.001       R4C9A.F1 to       R5C9B.B0 serial_out_162
CTOF_DEL    ---     0.495       R5C9B.B0 to       R5C9B.F0 SLICE_412
ROUTE         1     1.658       R5C9B.F0 to       12.PADDO serial_out_c
DOPAD_DEL   ---     2.797       12.PADDO to         12.PAD serial_out
                  --------
                   10.837   (43.7% logic, 56.3% route), 5 logic levels.

Unconstrained Preference:
   CLOCK_TO_OUT PORT "serial_out" CLKPORT "clk" 

Report:   10.736ns delay SLICE_400 to serial_out

   Name    Fanout   Delay (ns)          Site               Resource
REG_DEL     ---     0.452     R5C14A.CLK to      R5C14A.Q1 SLICE_400 (from clk_c)
ROUTE         1     1.383      R5C14A.Q1 to      R5C12C.A1 observe[42]
CTOF_DEL    ---     0.495      R5C12C.A1 to      R5C12C.F1 SLICE_416
ROUTE         1     0.436      R5C12C.F1 to      R5C12C.C0 serial_out_97
CTOF_DEL    ---     0.495      R5C12C.C0 to      R5C12C.F0 SLICE_416
ROUTE         1     0.645      R5C12C.F0 to      R4C12B.D0 serial_out_154
CTOF_DEL    ---     0.495      R4C12B.D0 to      R4C12B.F0 SLICE_413
ROUTE         1     1.385      R4C12B.F0 to       R5C9B.D0 serial_out_169
CTOF_DEL    ---     0.495       R5C9B.D0 to       R5C9B.F0 SLICE_412
ROUTE         1     1.658       R5C9B.F0 to       12.PADDO serial_out_c
DOPAD_DEL   ---     2.797       12.PADDO to         12.PAD serial_out
                  --------
                   10.736   (48.7% logic, 51.3% route), 6 logic levels.

Unconstrained Preference:
   CLOCK_TO_OUT PORT "serial_out" CLKPORT "clk" 

Report:   10.730ns delay SLICE_68 to serial_out

   Name    Fanout   Delay (ns)          Site               Resource
REG_DEL     ---     0.452      R9C3A.CLK to       R9C3A.Q1 SLICE_68 (from clk_c)
ROUTE         1     1.790       R9C3A.Q1 to       R5C3D.A0 observe[8]
CTOF_DEL    ---     0.495       R5C3D.A0 to       R5C3D.F0 SLICE_499
ROUTE         1     1.581       R5C3D.F0 to       R5C9B.C1 serial_out_89
CTOF_DEL    ---     0.495       R5C9B.C1 to       R5C9B.F1 SLICE_412
ROUTE         1     0.967       R5C9B.F1 to       R5C9B.A0 serial_out_163
CTOF_DEL    ---     0.495       R5C9B.A0 to       R5C9B.F0 SLICE_412
ROUTE         1     1.658       R5C9B.F0 to       12.PADDO serial_out_c
DOPAD_DEL   ---     2.797       12.PADDO to         12.PAD serial_out
                  --------
                   10.730   (44.1% logic, 55.9% route), 5 logic levels.

Unconstrained Preference:
   CLOCK_TO_OUT PORT "serial_out" CLKPORT "clk" 

Report:   10.714ns delay SLICE_489 to serial_out

   Name    Fanout   Delay (ns)          Site               Resource
REG_DEL     ---     0.452      R5C5B.CLK to       R5C5B.Q1 SLICE_489 (from clk_c)
ROUTE         1     1.042       R5C5B.Q1 to       R5C6C.D0 observe[116]
CTOF_DEL    ---     0.495       R5C6C.D0 to       R5C6C.F0 SLICE_491
ROUTE         1     1.726       R5C6C.F0 to       R4C9C.A0 serial_out_116
CTOF_DEL    ---     0.495       R4C9C.A0 to       R4C9C.F0 SLICE_420
ROUTE         1     0.315       R4C9C.F0 to       R4C9B.D0 serial_out_159
CTOF_DEL    ---     0.495       R4C9B.D0 to       R4C9B.F0 SLICE_414
ROUTE         1     0.744       R4C9B.F0 to       R5C9B.C0 serial_out_170
CTOF_DEL    ---     0.495       R5C9B.C0 to       R5C9B.F0 SLICE_412
ROUTE         1     1.658       R5C9B.F0 to       12.PADDO serial_out_c
DOPAD_DEL   ---     2.797       12.PADDO to         12.PAD serial_out
                  --------
                   10.714   (48.8% logic, 51.2% route), 6 logic levels.

Unconstrained Preference:
   CLOCK_TO_OUT PORT "serial_out" CLKPORT "clk" 

Report:   10.703ns delay SLICE_67 to serial_out

   Name    Fanout   Delay (ns)          Site               Resource
REG_DEL     ---     0.452      R9C3B.CLK to       R9C3B.Q1 SLICE_67 (from clk_c)
ROUTE         1     1.173       R9C3B.Q1 to       R5C3D.D1 observe[6]
CTOF_DEL    ---     0.495       R5C3D.D1 to       R5C3D.F1 SLICE_499
ROUTE         1     2.171       R5C3D.F1 to       R5C9B.D1 serial_out_88
CTOF_DEL    ---     0.495       R5C9B.D1 to       R5C9B.F1 SLICE_412
ROUTE         1     0.967       R5C9B.F1 to       R5C9B.A0 serial_out_163
CTOF_DEL    ---     0.495       R5C9B.A0 to       R5C9B.F0 SLICE_412
ROUTE         1     1.658       R5C9B.F0 to       12.PADDO serial_out_c
DOPAD_DEL   ---     2.797       12.PADDO to         12.PAD serial_out
                  --------
                   10.703   (44.2% logic, 55.8% route), 5 logic levels.

Unconstrained Preference:
   CLOCK_TO_OUT PORT "serial_out" CLKPORT "clk" 

Report:   10.673ns delay SLICE_23 to serial_out

   Name    Fanout   Delay (ns)          Site               Resource
REG_DEL     ---     0.452      R3C2B.CLK to       R3C2B.Q0 SLICE_23 (from clk_c)
ROUTE         1     2.533       R3C2B.Q0 to       R4C9A.B0 observe[169]
CTOF_DEL    ---     0.495       R4C9A.B0 to       R4C9A.F0 SLICE_240
ROUTE         1     0.747       R4C9A.F0 to       R4C9A.C1 serial_out_129
CTOF_DEL    ---     0.495       R4C9A.C1 to       R4C9A.F1 SLICE_240
ROUTE         1     1.001       R4C9A.F1 to       R5C9B.B0 serial_out_162
CTOF_DEL    ---     0.495       R5C9B.B0 to       R5C9B.F0 SLICE_412
ROUTE         1     1.658       R5C9B.F0 to       12.PADDO serial_out_c
DOPAD_DEL   ---     2.797       12.PADDO to         12.PAD serial_out
                  --------
                   10.673   (44.4% logic, 55.6% route), 5 logic levels.

Unconstrained Preference:
   CLOCK_TO_OUT PORT "serial_out" CLKPORT "clk" 

Report:   10.671ns delay SLICE_29 to serial_out

   Name    Fanout   Delay (ns)          Site               Resource
REG_DEL     ---     0.452      R8C5B.CLK to       R8C5B.Q1 SLICE_29 (from clk_c)
ROUTE         1     1.942       R8C5B.Q1 to       R4C6A.B1 observe[162]
CTOF_DEL    ---     0.495       R4C6A.B1 to       R4C6A.F1 SLICE_487
ROUTE         1     1.336       R4C6A.F1 to       R4C9A.B1 serial_out_127
CTOF_DEL    ---     0.495       R4C9A.B1 to       R4C9A.F1 SLICE_240
ROUTE         1     1.001       R4C9A.F1 to       R5C9B.B0 serial_out_162
CTOF_DEL    ---     0.495       R5C9B.B0 to       R5C9B.F0 SLICE_412
ROUTE         1     1.658       R5C9B.F0 to       12.PADDO serial_out_c
DOPAD_DEL   ---     2.797       12.PADDO to         12.PAD serial_out
                  --------
                   10.671   (44.4% logic, 55.6% route), 5 logic levels.

Unconstrained Preference:
   CLOCK_TO_OUT PORT "serial_out" CLKPORT "clk" 

Report:   10.658ns delay SLICE_487 to serial_out

   Name    Fanout   Delay (ns)          Site               Resource
REG_DEL     ---     0.452      R4C6A.CLK to       R4C6A.Q0 SLICE_487 (from clk_c)
ROUTE         1     0.986       R4C6A.Q0 to       R5C6C.A0 observe[119]
CTOF_DEL    ---     0.495       R5C6C.A0 to       R5C6C.F0 SLICE_491
ROUTE         1     1.726       R5C6C.F0 to       R4C9C.A0 serial_out_116
CTOF_DEL    ---     0.495       R4C9C.A0 to       R4C9C.F0 SLICE_420
ROUTE         1     0.315       R4C9C.F0 to       R4C9B.D0 serial_out_159
CTOF_DEL    ---     0.495       R4C9B.D0 to       R4C9B.F0 SLICE_414
ROUTE         1     0.744       R4C9B.F0 to       R5C9B.C0 serial_out_170
CTOF_DEL    ---     0.495       R5C9B.C0 to       R5C9B.F0 SLICE_412
ROUTE         1     1.658       R5C9B.F0 to       12.PADDO serial_out_c
DOPAD_DEL   ---     2.797       12.PADDO to         12.PAD serial_out
                  --------
                   10.658   (49.1% logic, 50.9% route), 6 logic levels.

Unconstrained Preference:
   CLOCK_TO_OUT PORT "serial_out" CLKPORT "clk" 

Report:   10.652ns delay SLICE_390 to serial_out

   Name    Fanout   Delay (ns)          Site               Resource
REG_DEL     ---     0.452     R4C15B.CLK to      R4C15B.Q1 SLICE_390 (from clk_c)
ROUTE         1     1.299      R4C15B.Q1 to      R4C13D.A1 observe[76]
CTOF_DEL    ---     0.495      R4C13D.A1 to      R4C13D.F1 SLICE_494
ROUTE         1     0.645      R4C13D.F1 to      R4C12B.D1 serial_out_106
CTOF_DEL    ---     0.495      R4C12B.D1 to      R4C12B.F1 SLICE_413
ROUTE         1     0.436      R4C12B.F1 to      R4C12B.C0 serial_out_157
CTOF_DEL    ---     0.495      R4C12B.C0 to      R4C12B.F0 SLICE_413
ROUTE         1     1.385      R4C12B.F0 to       R5C9B.D0 serial_out_169
CTOF_DEL    ---     0.495       R5C9B.D0 to       R5C9B.F0 SLICE_412
ROUTE         1     1.658       R5C9B.F0 to       12.PADDO serial_out_c
DOPAD_DEL   ---     2.797       12.PADDO to         12.PAD serial_out
                  --------
                   10.652   (49.1% logic, 50.9% route), 6 logic levels.

Unconstrained Preference:
   CLOCK_TO_OUT PORT "serial_out" CLKPORT "clk" 

Report:   10.534ns delay SLICE_395 to serial_out

   Name    Fanout   Delay (ns)          Site               Resource
REG_DEL     ---     0.452     R3C13D.CLK to      R3C13D.Q0 SLICE_395 (from clk_c)
ROUTE         1     0.747      R3C13D.Q0 to      R3C13B.C0 observe[89]
CTOF_DEL    ---     0.495      R3C13B.C0 to      R3C13B.F0 SLICE_493
ROUTE         1     1.079      R3C13B.F0 to      R4C12B.C1 serial_out_109
CTOF_DEL    ---     0.495      R4C12B.C1 to      R4C12B.F1 SLICE_413
ROUTE         1     0.436      R4C12B.F1 to      R4C12B.C0 serial_out_157
CTOF_DEL    ---     0.495      R4C12B.C0 to      R4C12B.F0 SLICE_413
ROUTE         1     1.385      R4C12B.F0 to       R5C9B.D0 serial_out_169
CTOF_DEL    ---     0.495       R5C9B.D0 to       R5C9B.F0 SLICE_412
ROUTE         1     1.658       R5C9B.F0 to       12.PADDO serial_out_c
DOPAD_DEL   ---     2.797       12.PADDO to         12.PAD serial_out
                  --------
                   10.534   (49.6% logic, 50.4% route), 6 logic levels.

Unconstrained Preference:
   CLOCK_TO_OUT PORT "serial_out" CLKPORT "clk" 

Report:   10.531ns delay SLICE_491 to serial_out

   Name    Fanout   Delay (ns)          Site               Resource
REG_DEL     ---     0.452      R5C6C.CLK to       R5C6C.Q1 SLICE_491 (from clk_c)
ROUTE         1     0.626       R5C6C.Q1 to       R5C6C.D1 observe[112]
CTOF_DEL    ---     0.495       R5C6C.D1 to       R5C6C.F1 SLICE_491
ROUTE         1     1.959       R5C6C.F1 to       R4C9C.D0 serial_out_115
CTOF_DEL    ---     0.495       R4C9C.D0 to       R4C9C.F0 SLICE_420
ROUTE         1     0.315       R4C9C.F0 to       R4C9B.D0 serial_out_159
CTOF_DEL    ---     0.495       R4C9B.D0 to       R4C9B.F0 SLICE_414
ROUTE         1     0.744       R4C9B.F0 to       R5C9B.C0 serial_out_170
CTOF_DEL    ---     0.495       R5C9B.C0 to       R5C9B.F0 SLICE_412
ROUTE         1     1.658       R5C9B.F0 to       12.PADDO serial_out_c
DOPAD_DEL   ---     2.797       12.PADDO to         12.PAD serial_out
                  --------
                   10.531   (49.7% logic, 50.3% route), 6 logic levels.

Unconstrained Preference:
   CLOCK_TO_OUT PORT "serial_out" CLKPORT "clk" 

Report:   10.426ns delay SLICE_25 to serial_out

   Name    Fanout   Delay (ns)          Site               Resource
REG_DEL     ---     0.452      R3C6A.CLK to       R3C6A.Q1 SLICE_25 (from clk_c)
ROUTE         1     0.766       R3C6A.Q1 to       R4C6A.C0 observe[164]
CTOF_DEL    ---     0.495       R4C6A.C0 to       R4C6A.F0 SLICE_487
ROUTE         1     2.267       R4C6A.F0 to       R4C9A.A1 serial_out_128
CTOF_DEL    ---     0.495       R4C9A.A1 to       R4C9A.F1 SLICE_240
ROUTE         1     1.001       R4C9A.F1 to       R5C9B.B0 serial_out_162
CTOF_DEL    ---     0.495       R5C9B.B0 to       R5C9B.F0 SLICE_412
ROUTE         1     1.658       R5C9B.F0 to       12.PADDO serial_out_c
DOPAD_DEL   ---     2.797       12.PADDO to         12.PAD serial_out
                  --------
                   10.426   (45.4% logic, 54.6% route), 5 logic levels.

Unconstrained Preference:
   CLOCK_TO_OUT PORT "serial_out" CLKPORT "clk" 

Report:   10.414ns delay SLICE_28 to serial_out

   Name    Fanout   Delay (ns)          Site               Resource
REG_DEL     ---     0.452      R8C5A.CLK to       R8C5A.Q1 SLICE_28 (from clk_c)
ROUTE         1     1.685       R8C5A.Q1 to       R4C6A.C1 observe[160]
CTOF_DEL    ---     0.495       R4C6A.C1 to       R4C6A.F1 SLICE_487
ROUTE         1     1.336       R4C6A.F1 to       R4C9A.B1 serial_out_127
CTOF_DEL    ---     0.495       R4C9A.B1 to       R4C9A.F1 SLICE_240
ROUTE         1     1.001       R4C9A.F1 to       R5C9B.B0 serial_out_162
CTOF_DEL    ---     0.495       R5C9B.B0 to       R5C9B.F0 SLICE_412
ROUTE         1     1.658       R5C9B.F0 to       12.PADDO serial_out_c
DOPAD_DEL   ---     2.797       12.PADDO to         12.PAD serial_out
                  --------
                   10.414   (45.5% logic, 54.5% route), 5 logic levels.

Unconstrained Preference:
   CLOCK_TO_OUT PORT "serial_out" CLKPORT "clk" 

Report:   10.413ns delay SLICE_395 to serial_out

   Name    Fanout   Delay (ns)          Site               Resource
REG_DEL     ---     0.452     R3C13D.CLK to      R3C13D.Q1 SLICE_395 (from clk_c)
ROUTE         1     0.626      R3C13D.Q1 to      R3C13B.D0 observe[90]
CTOF_DEL    ---     0.495      R3C13B.D0 to      R3C13B.F0 SLICE_493
ROUTE         1     1.079      R3C13B.F0 to      R4C12B.C1 serial_out_109
CTOF_DEL    ---     0.495      R4C12B.C1 to      R4C12B.F1 SLICE_413
ROUTE         1     0.436      R4C12B.F1 to      R4C12B.C0 serial_out_157
CTOF_DEL    ---     0.495      R4C12B.C0 to      R4C12B.F0 SLICE_413
ROUTE         1     1.385      R4C12B.F0 to       R5C9B.D0 serial_out_169
CTOF_DEL    ---     0.495       R5C9B.D0 to       R5C9B.F0 SLICE_412
ROUTE         1     1.658       R5C9B.F0 to       12.PADDO serial_out_c
DOPAD_DEL   ---     2.797       12.PADDO to         12.PAD serial_out
                  --------
                   10.413   (50.2% logic, 49.8% route), 6 logic levels.

Unconstrained Preference:
   CLOCK_TO_OUT PORT "serial_out" CLKPORT "clk" 

Report:   10.376ns delay SLICE_485 to serial_out

   Name    Fanout   Delay (ns)          Site               Resource
REG_DEL     ---     0.452     R3C13C.CLK to      R3C13C.Q0 SLICE_485 (from clk_c)
ROUTE         1     1.023      R3C13C.Q0 to      R4C13D.B1 observe[79]
CTOF_DEL    ---     0.495      R4C13D.B1 to      R4C13D.F1 SLICE_494
ROUTE         1     0.645      R4C13D.F1 to      R4C12B.D1 serial_out_106
CTOF_DEL    ---     0.495      R4C12B.D1 to      R4C12B.F1 SLICE_413
ROUTE         1     0.436      R4C12B.F1 to      R4C12B.C0 serial_out_157
CTOF_DEL    ---     0.495      R4C12B.C0 to      R4C12B.F0 SLICE_413
ROUTE         1     1.385      R4C12B.F0 to       R5C9B.D0 serial_out_169
CTOF_DEL    ---     0.495       R5C9B.D0 to       R5C9B.F0 SLICE_412
ROUTE         1     1.658       R5C9B.F0 to       12.PADDO serial_out_c
DOPAD_DEL   ---     2.797       12.PADDO to         12.PAD serial_out
                  --------
                   10.376   (50.4% logic, 49.6% route), 6 logic levels.

Unconstrained Preference:
   CLOCK_TO_OUT PORT "serial_out" CLKPORT "clk" 

Report:   10.323ns delay SLICE_19 to serial_out

   Name    Fanout   Delay (ns)          Site               Resource
REG_DEL     ---     0.452     R10C3A.CLK to      R10C3A.Q1 SLICE_19 (from clk_c)
ROUTE         1     2.307      R10C3A.Q1 to       R5C9C.C1 observe[156]
CTOF_DEL    ---     0.495       R5C9C.C1 to       R5C9C.F1 SLICE_171
ROUTE         1     0.623       R5C9C.F1 to       R4C9A.D1 serial_out_126
CTOF_DEL    ---     0.495       R4C9A.D1 to       R4C9A.F1 SLICE_240
ROUTE         1     1.001       R4C9A.F1 to       R5C9B.B0 serial_out_162
CTOF_DEL    ---     0.495       R5C9B.B0 to       R5C9B.F0 SLICE_412
ROUTE         1     1.658       R5C9B.F0 to       12.PADDO serial_out_c
DOPAD_DEL   ---     2.797       12.PADDO to         12.PAD serial_out
                  --------
                   10.323   (45.9% logic, 54.1% route), 5 logic levels.

Unconstrained Preference:
   CLOCK_TO_OUT PORT "serial_out" CLKPORT "clk" 

Report:   10.319ns delay SLICE_28 to serial_out

   Name    Fanout   Delay (ns)          Site               Resource
REG_DEL     ---     0.452      R8C5A.CLK to       R8C5A.Q0 SLICE_28 (from clk_c)
ROUTE         1     2.303       R8C5A.Q0 to       R5C9C.D1 observe[159]
CTOF_DEL    ---     0.495       R5C9C.D1 to       R5C9C.F1 SLICE_171
ROUTE         1     0.623       R5C9C.F1 to       R4C9A.D1 serial_out_126
CTOF_DEL    ---     0.495       R4C9A.D1 to       R4C9A.F1 SLICE_240
ROUTE         1     1.001       R4C9A.F1 to       R5C9B.B0 serial_out_162
CTOF_DEL    ---     0.495       R5C9B.B0 to       R5C9B.F0 SLICE_412
ROUTE         1     1.658       R5C9B.F0 to       12.PADDO serial_out_c
DOPAD_DEL   ---     2.797       12.PADDO to         12.PAD serial_out
                  --------
                   10.319   (45.9% logic, 54.1% route), 5 logic levels.

Unconstrained Preference:
   CLOCK_TO_OUT PORT "serial_out" CLKPORT "clk" 

Report:   10.305ns delay SLICE_26 to serial_out

   Name    Fanout   Delay (ns)          Site               Resource
REG_DEL     ---     0.452      R3C6B.CLK to       R3C6B.Q1 SLICE_26 (from clk_c)
ROUTE         1     0.645       R3C6B.Q1 to       R4C6A.D0 observe[166]
CTOF_DEL    ---     0.495       R4C6A.D0 to       R4C6A.F0 SLICE_487
ROUTE         1     2.267       R4C6A.F0 to       R4C9A.A1 serial_out_128
CTOF_DEL    ---     0.495       R4C9A.A1 to       R4C9A.F1 SLICE_240
ROUTE         1     1.001       R4C9A.F1 to       R5C9B.B0 serial_out_162
CTOF_DEL    ---     0.495       R5C9B.B0 to       R5C9B.F0 SLICE_412
ROUTE         1     1.658       R5C9B.F0 to       12.PADDO serial_out_c
DOPAD_DEL   ---     2.797       12.PADDO to         12.PAD serial_out
                  --------
                   10.305   (45.9% logic, 54.1% route), 5 logic levels.

Unconstrained Preference:
   CLOCK_TO_OUT PORT "serial_out" CLKPORT "clk" 

Report:   10.291ns delay SLICE_66 to serial_out

   Name    Fanout   Delay (ns)          Site               Resource
REG_DEL     ---     0.452      R7C9C.CLK to       R7C9C.Q0 SLICE_66 (from clk_c)
ROUTE         1     1.051       R7C9C.Q0 to       R5C9A.A1 observe[3]
CTOF_DEL    ---     0.495       R5C9A.A1 to       R5C9A.F1 SLICE_422
ROUTE         1     0.693       R5C9A.F1 to       R5C9A.B0 serial_out_87
CTOF_DEL    ---     0.495       R5C9A.B0 to       R5C9A.F0 SLICE_422
ROUTE         1     0.693       R5C9A.F0 to       R5C9B.B1 serial_out_130
CTOF_DEL    ---     0.495       R5C9B.B1 to       R5C9B.F1 SLICE_412
ROUTE         1     0.967       R5C9B.F1 to       R5C9B.A0 serial_out_163
CTOF_DEL    ---     0.495       R5C9B.A0 to       R5C9B.F0 SLICE_412
ROUTE         1     1.658       R5C9B.F0 to       12.PADDO serial_out_c
DOPAD_DEL   ---     2.797       12.PADDO to         12.PAD serial_out
                  --------
                   10.291   (50.8% logic, 49.2% route), 6 logic levels.

Unconstrained Preference:
   CLOCK_TO_OUT PORT "serial_out" CLKPORT "clk" 

Report:   10.244ns delay SLICE_65 to serial_out

   Name    Fanout   Delay (ns)          Site               Resource
REG_DEL     ---     0.452      R5C9D.CLK to       R5C9D.Q0 SLICE_65 (from clk_c)
ROUTE         1     1.004       R5C9D.Q0 to       R5C9A.B1 observe[1]
CTOF_DEL    ---     0.495       R5C9A.B1 to       R5C9A.F1 SLICE_422
ROUTE         1     0.693       R5C9A.F1 to       R5C9A.B0 serial_out_87
CTOF_DEL    ---     0.495       R5C9A.B0 to       R5C9A.F0 SLICE_422
ROUTE         1     0.693       R5C9A.F0 to       R5C9B.B1 serial_out_130
CTOF_DEL    ---     0.495       R5C9B.B1 to       R5C9B.F1 SLICE_412
ROUTE         1     0.967       R5C9B.F1 to       R5C9B.A0 serial_out_163
CTOF_DEL    ---     0.495       R5C9B.A0 to       R5C9B.F0 SLICE_412
ROUTE         1     1.658       R5C9B.F0 to       12.PADDO serial_out_c
DOPAD_DEL   ---     2.797       12.PADDO to         12.PAD serial_out
                  --------
                   10.244   (51.0% logic, 49.0% route), 6 logic levels.

Unconstrained Preference:
   CLOCK_TO_OUT PORT "serial_out" CLKPORT "clk" 

Report:   10.240ns delay SLICE_421 to serial_out

   Name    Fanout   Delay (ns)          Site               Resource
REG_DEL     ---     0.452     R4C10A.CLK to      R4C10A.Q1 SLICE_421 (from clk_c)
ROUTE         1     0.964      R4C10A.Q1 to       R4C9D.A1 observe[27]
CTOF_DEL    ---     0.495       R4C9D.A1 to       R4C9D.F1 SLICE_415
ROUTE         1     0.436       R4C9D.F1 to       R4C9D.C0 serial_out_93
CTOF_DEL    ---     0.495       R4C9D.C0 to       R4C9D.F0 SLICE_415
ROUTE         1     0.986       R4C9D.F0 to       R5C9B.A1 serial_out_153
CTOF_DEL    ---     0.495       R5C9B.A1 to       R5C9B.F1 SLICE_412
ROUTE         1     0.967       R5C9B.F1 to       R5C9B.A0 serial_out_163
CTOF_DEL    ---     0.495       R5C9B.A0 to       R5C9B.F0 SLICE_412
ROUTE         1     1.658       R5C9B.F0 to       12.PADDO serial_out_c
DOPAD_DEL   ---     2.797       12.PADDO to         12.PAD serial_out
                  --------
                   10.240   (51.1% logic, 48.9% route), 6 logic levels.

Unconstrained Preference:
   CLOCK_TO_OUT PORT "serial_out" CLKPORT "clk" 

Report:   10.205ns delay SLICE_29 to serial_out

   Name    Fanout   Delay (ns)          Site               Resource
REG_DEL     ---     0.452      R8C5B.CLK to       R8C5B.Q0 SLICE_29 (from clk_c)
ROUTE         1     1.476       R8C5B.Q0 to       R4C6A.D1 observe[161]
CTOF_DEL    ---     0.495       R4C6A.D1 to       R4C6A.F1 SLICE_487
ROUTE         1     1.336       R4C6A.F1 to       R4C9A.B1 serial_out_127
CTOF_DEL    ---     0.495       R4C9A.B1 to       R4C9A.F1 SLICE_240
ROUTE         1     1.001       R4C9A.F1 to       R5C9B.B0 serial_out_162
CTOF_DEL    ---     0.495       R5C9B.B0 to       R5C9B.F0 SLICE_412
ROUTE         1     1.658       R5C9B.F0 to       12.PADDO serial_out_c
DOPAD_DEL   ---     2.797       12.PADDO to         12.PAD serial_out
                  --------
                   10.205   (46.4% logic, 53.6% route), 5 logic levels.

Unconstrained Preference:
   CLOCK_TO_OUT PORT "serial_out" CLKPORT "clk" 

Report:   10.146ns delay SLICE_20 to serial_out

   Name    Fanout   Delay (ns)          Site               Resource
REG_DEL     ---     0.452     R10C3B.CLK to      R10C3B.Q0 SLICE_20 (from clk_c)
ROUTE         1     2.130      R10C3B.Q0 to       R5C9C.A1 observe[157]
CTOF_DEL    ---     0.495       R5C9C.A1 to       R5C9C.F1 SLICE_171
ROUTE         1     0.623       R5C9C.F1 to       R4C9A.D1 serial_out_126
CTOF_DEL    ---     0.495       R4C9A.D1 to       R4C9A.F1 SLICE_240
ROUTE         1     1.001       R4C9A.F1 to       R5C9B.B0 serial_out_162
CTOF_DEL    ---     0.495       R5C9B.B0 to       R5C9B.F0 SLICE_412
ROUTE         1     1.658       R5C9B.F0 to       12.PADDO serial_out_c
DOPAD_DEL   ---     2.797       12.PADDO to         12.PAD serial_out
                  --------
                   10.146   (46.7% logic, 53.3% route), 5 logic levels.

Unconstrained Preference:
   CLOCK_TO_OUT PORT "serial_out" CLKPORT "clk" 

Report:   10.115ns delay SLICE_23 to serial_out

   Name    Fanout   Delay (ns)          Site               Resource
REG_DEL     ---     0.452      R3C2B.CLK to       R3C2B.Q1 SLICE_23 (from clk_c)
ROUTE         1     1.975       R3C2B.Q1 to       R4C9A.D0 observe[170]
CTOF_DEL    ---     0.495       R4C9A.D0 to       R4C9A.F0 SLICE_240
ROUTE         1     0.747       R4C9A.F0 to       R4C9A.C1 serial_out_129
CTOF_DEL    ---     0.495       R4C9A.C1 to       R4C9A.F1 SLICE_240
ROUTE         1     1.001       R4C9A.F1 to       R5C9B.B0 serial_out_162
CTOF_DEL    ---     0.495       R5C9B.B0 to       R5C9B.F0 SLICE_412
ROUTE         1     1.658       R5C9B.F0 to       12.PADDO serial_out_c
DOPAD_DEL   ---     2.797       12.PADDO to         12.PAD serial_out
                  --------
                   10.115   (46.8% logic, 53.2% route), 5 logic levels.

Unconstrained Preference:
   CLOCK_TO_OUT PORT "serial_out" CLKPORT "clk" 

Report:   10.097ns delay SLICE_398 to serial_out

   Name    Fanout   Delay (ns)          Site               Resource
REG_DEL     ---     0.452     R5C13B.CLK to      R5C13B.Q0 SLICE_398 (from clk_c)
ROUTE         1     0.744      R5C13B.Q0 to      R5C12C.C1 observe[43]
CTOF_DEL    ---     0.495      R5C12C.C1 to      R5C12C.F1 SLICE_416
ROUTE         1     0.436      R5C12C.F1 to      R5C12C.C0 serial_out_97
CTOF_DEL    ---     0.495      R5C12C.C0 to      R5C12C.F0 SLICE_416
ROUTE         1     0.645      R5C12C.F0 to      R4C12B.D0 serial_out_154
CTOF_DEL    ---     0.495      R4C12B.D0 to      R4C12B.F0 SLICE_413
ROUTE         1     1.385      R4C12B.F0 to       R5C9B.D0 serial_out_169
CTOF_DEL    ---     0.495       R5C9B.D0 to       R5C9B.F0 SLICE_412
ROUTE         1     1.658       R5C9B.F0 to       12.PADDO serial_out_c
DOPAD_DEL   ---     2.797       12.PADDO to         12.PAD serial_out
                  --------
                   10.097   (51.8% logic, 48.2% route), 6 logic levels.

Unconstrained Preference:
   CLOCK_TO_OUT PORT "serial_out" CLKPORT "clk" 

Report:   10.042ns delay SLICE_421 to serial_out

   Name    Fanout   Delay (ns)          Site               Resource
REG_DEL     ---     0.452     R4C10A.CLK to      R4C10A.Q0 SLICE_421 (from clk_c)
ROUTE         1     0.766      R4C10A.Q0 to       R4C9D.C1 observe[26]
CTOF_DEL    ---     0.495       R4C9D.C1 to       R4C9D.F1 SLICE_415
ROUTE         1     0.436       R4C9D.F1 to       R4C9D.C0 serial_out_93
CTOF_DEL    ---     0.495       R4C9D.C0 to       R4C9D.F0 SLICE_415
ROUTE         1     0.986       R4C9D.F0 to       R5C9B.A1 serial_out_153
CTOF_DEL    ---     0.495       R5C9B.A1 to       R5C9B.F1 SLICE_412
ROUTE         1     0.967       R5C9B.F1 to       R5C9B.A0 serial_out_163
CTOF_DEL    ---     0.495       R5C9B.A0 to       R5C9B.F0 SLICE_412
ROUTE         1     1.658       R5C9B.F0 to       12.PADDO serial_out_c
DOPAD_DEL   ---     2.797       12.PADDO to         12.PAD serial_out
                  --------
                   10.042   (52.1% logic, 47.9% route), 6 logic levels.

Unconstrained Preference:
   CLOCK_TO_OUT PORT "serial_out" CLKPORT "clk" 

Report:    9.987ns delay SLICE_65 to serial_out

   Name    Fanout   Delay (ns)          Site               Resource
REG_DEL     ---     0.452      R5C9D.CLK to       R5C9D.Q1 SLICE_65 (from clk_c)
ROUTE         1     0.747       R5C9D.Q1 to       R5C9A.C1 observe[2]
CTOF_DEL    ---     0.495       R5C9A.C1 to       R5C9A.F1 SLICE_422
ROUTE         1     0.693       R5C9A.F1 to       R5C9A.B0 serial_out_87
CTOF_DEL    ---     0.495       R5C9A.B0 to       R5C9A.F0 SLICE_422
ROUTE         1     0.693       R5C9A.F0 to       R5C9B.B1 serial_out_130
CTOF_DEL    ---     0.495       R5C9B.B1 to       R5C9B.F1 SLICE_412
ROUTE         1     0.967       R5C9B.F1 to       R5C9B.A0 serial_out_163
CTOF_DEL    ---     0.495       R5C9B.A0 to       R5C9B.F0 SLICE_412
ROUTE         1     1.658       R5C9B.F0 to       12.PADDO serial_out_c
DOPAD_DEL   ---     2.797       12.PADDO to         12.PAD serial_out
                  --------
                    9.987   (52.4% logic, 47.6% route), 6 logic levels.

Unconstrained Preference:
   CLOCK_TO_OUT PORT "serial_out" CLKPORT "clk" 

Report:    9.975ns delay SLICE_69 to serial_out

   Name    Fanout   Delay (ns)          Site               Resource
REG_DEL     ---     0.452      R7C3D.CLK to       R7C3D.Q0 SLICE_69 (from clk_c)
ROUTE         1     1.035       R7C3D.Q0 to       R5C3D.D0 observe[9]
CTOF_DEL    ---     0.495       R5C3D.D0 to       R5C3D.F0 SLICE_499
ROUTE         1     1.581       R5C3D.F0 to       R5C9B.C1 serial_out_89
CTOF_DEL    ---     0.495       R5C9B.C1 to       R5C9B.F1 SLICE_412
ROUTE         1     0.967       R5C9B.F1 to       R5C9B.A0 serial_out_163
CTOF_DEL    ---     0.495       R5C9B.A0 to       R5C9B.F0 SLICE_412
ROUTE         1     1.658       R5C9B.F0 to       12.PADDO serial_out_c
DOPAD_DEL   ---     2.797       12.PADDO to         12.PAD serial_out
                  --------
                    9.975   (47.5% logic, 52.5% route), 5 logic levels.

Unconstrained Preference:
   CLOCK_TO_OUT PORT "serial_out" CLKPORT "clk" 

Report:    9.963ns delay SLICE_70 to serial_out

   Name    Fanout   Delay (ns)          Site               Resource
REG_DEL     ---     0.452      R3C3C.CLK to       R3C3C.Q0 SLICE_70 (from clk_c)
ROUTE         1     1.023       R3C3C.Q0 to       R5C3D.B0 observe[11]
CTOF_DEL    ---     0.495       R5C3D.B0 to       R5C3D.F0 SLICE_499
ROUTE         1     1.581       R5C3D.F0 to       R5C9B.C1 serial_out_89
CTOF_DEL    ---     0.495       R5C9B.C1 to       R5C9B.F1 SLICE_412
ROUTE         1     0.967       R5C9B.F1 to       R5C9B.A0 serial_out_163
CTOF_DEL    ---     0.495       R5C9B.A0 to       R5C9B.F0 SLICE_412
ROUTE         1     1.658       R5C9B.F0 to       12.PADDO serial_out_c
DOPAD_DEL   ---     2.797       12.PADDO to         12.PAD serial_out
                  --------
                    9.963   (47.5% logic, 52.5% route), 5 logic levels.

Unconstrained Preference:
   CLOCK_TO_OUT PORT "serial_out" CLKPORT "clk" 

Report:    9.917ns delay SLICE_134 to serial_out

   Name    Fanout   Delay (ns)          Site               Resource
REG_DEL     ---     0.452     R5C12B.CLK to      R5C12B.Q0 SLICE_134 (from clk_c)
ROUTE         1     1.777      R5C12B.Q0 to       R4C9A.C0 observe[171]
CTOF_DEL    ---     0.495       R4C9A.C0 to       R4C9A.F0 SLICE_240
ROUTE         1     0.747       R4C9A.F0 to       R4C9A.C1 serial_out_129
CTOF_DEL    ---     0.495       R4C9A.C1 to       R4C9A.F1 SLICE_240
ROUTE         1     1.001       R4C9A.F1 to       R5C9B.B0 serial_out_162
CTOF_DEL    ---     0.495       R5C9B.B0 to       R5C9B.F0 SLICE_412
ROUTE         1     1.658       R5C9B.F0 to       12.PADDO serial_out_c
DOPAD_DEL   ---     2.797       12.PADDO to         12.PAD serial_out
                  --------
                    9.917   (47.7% logic, 52.3% route), 5 logic levels.

Unconstrained Preference:
   CLOCK_TO_OUT PORT "serial_out" CLKPORT "clk" 

Report:    9.902ns delay SLICE_420 to serial_out

   Name    Fanout   Delay (ns)          Site               Resource
REG_DEL     ---     0.452      R4C9C.CLK to       R4C9C.Q1 SLICE_420 (from clk_c)
ROUTE         1     0.626       R4C9C.Q1 to       R4C9D.D1 observe[25]
CTOF_DEL    ---     0.495       R4C9D.D1 to       R4C9D.F1 SLICE_415
ROUTE         1     0.436       R4C9D.F1 to       R4C9D.C0 serial_out_93
CTOF_DEL    ---     0.495       R4C9D.C0 to       R4C9D.F0 SLICE_415
ROUTE         1     0.986       R4C9D.F0 to       R5C9B.A1 serial_out_153
CTOF_DEL    ---     0.495       R5C9B.A1 to       R5C9B.F1 SLICE_412
ROUTE         1     0.967       R5C9B.F1 to       R5C9B.A0 serial_out_163
CTOF_DEL    ---     0.495       R5C9B.A0 to       R5C9B.F0 SLICE_412
ROUTE         1     1.658       R5C9B.F0 to       12.PADDO serial_out_c
DOPAD_DEL   ---     2.797       12.PADDO to         12.PAD serial_out
                  --------
                    9.902   (52.8% logic, 47.2% route), 6 logic levels.

Unconstrained Preference:
   CLOCK_TO_OUT PORT "serial_out" CLKPORT "clk" 

Report:    9.866ns delay SLICE_412 to serial_out

   Name    Fanout   Delay (ns)          Site               Resource
REG_DEL     ---     0.452      R5C9B.CLK to       R5C9B.Q0 SLICE_412 (from clk_c)
ROUTE         1     0.626       R5C9B.Q0 to       R5C9A.D1 observe[0]
CTOF_DEL    ---     0.495       R5C9A.D1 to       R5C9A.F1 SLICE_422
ROUTE         1     0.693       R5C9A.F1 to       R5C9A.B0 serial_out_87
CTOF_DEL    ---     0.495       R5C9A.B0 to       R5C9A.F0 SLICE_422
ROUTE         1     0.693       R5C9A.F0 to       R5C9B.B1 serial_out_130
CTOF_DEL    ---     0.495       R5C9B.B1 to       R5C9B.F1 SLICE_412
ROUTE         1     0.967       R5C9B.F1 to       R5C9B.A0 serial_out_163
CTOF_DEL    ---     0.495       R5C9B.A0 to       R5C9B.F0 SLICE_412
ROUTE         1     1.658       R5C9B.F0 to       12.PADDO serial_out_c
DOPAD_DEL   ---     2.797       12.PADDO to         12.PAD serial_out
                  --------
                    9.866   (53.0% logic, 47.0% route), 6 logic levels.

Unconstrained Preference:
   CLOCK_TO_OUT PORT "serial_out" CLKPORT "clk" 

Report:    9.771ns delay SLICE_69 to serial_out

   Name    Fanout   Delay (ns)          Site               Resource
REG_DEL     ---     0.452      R7C3D.CLK to       R7C3D.Q1 SLICE_69 (from clk_c)
ROUTE         1     0.831       R7C3D.Q1 to       R5C3D.C0 observe[10]
CTOF_DEL    ---     0.495       R5C3D.C0 to       R5C3D.F0 SLICE_499
ROUTE         1     1.581       R5C3D.F0 to       R5C9B.C1 serial_out_89
CTOF_DEL    ---     0.495       R5C9B.C1 to       R5C9B.F1 SLICE_412
ROUTE         1     0.967       R5C9B.F1 to       R5C9B.A0 serial_out_163
CTOF_DEL    ---     0.495       R5C9B.A0 to       R5C9B.F0 SLICE_412
ROUTE         1     1.658       R5C9B.F0 to       12.PADDO serial_out_c
DOPAD_DEL   ---     2.797       12.PADDO to         12.PAD serial_out
                  --------
                    9.771   (48.4% logic, 51.6% route), 5 logic levels.

Unconstrained Preference:
   CLOCK_TO_OUT PORT "serial_out" CLKPORT "clk" 

Report:    9.737ns delay SLICE_487 to serial_out

   Name    Fanout   Delay (ns)          Site               Resource
REG_DEL     ---     0.452      R4C6A.CLK to       R4C6A.Q1 SLICE_487 (from clk_c)
ROUTE         1     1.355       R4C6A.Q1 to       R4C9C.D1 observe[120]
CTOF_DEL    ---     0.495       R4C9C.D1 to       R4C9C.F1 SLICE_420
ROUTE         1     0.436       R4C9C.F1 to       R4C9C.C0 serial_out_117
CTOF_DEL    ---     0.495       R4C9C.C0 to       R4C9C.F0 SLICE_420
ROUTE         1     0.315       R4C9C.F0 to       R4C9B.D0 serial_out_159
CTOF_DEL    ---     0.495       R4C9B.D0 to       R4C9B.F0 SLICE_414
ROUTE         1     0.744       R4C9B.F0 to       R5C9B.C0 serial_out_170
CTOF_DEL    ---     0.495       R5C9B.C0 to       R5C9B.F0 SLICE_412
ROUTE         1     1.658       R5C9B.F0 to       12.PADDO serial_out_c
DOPAD_DEL   ---     2.797       12.PADDO to         12.PAD serial_out
                  --------
                    9.737   (53.7% logic, 46.3% route), 6 logic levels.

Unconstrained Preference:
   CLOCK_TO_OUT PORT "serial_out" CLKPORT "clk" 

Report:    9.693ns delay SLICE_25 to serial_out

   Name    Fanout   Delay (ns)          Site               Resource
REG_DEL     ---     0.452      R3C6A.CLK to       R3C6A.Q0 SLICE_25 (from clk_c)
ROUTE         1     0.964       R3C6A.Q0 to       R4C6A.A1 observe[163]
CTOF_DEL    ---     0.495       R4C6A.A1 to       R4C6A.F1 SLICE_487
ROUTE         1     1.336       R4C6A.F1 to       R4C9A.B1 serial_out_127
CTOF_DEL    ---     0.495       R4C9A.B1 to       R4C9A.F1 SLICE_240
ROUTE         1     1.001       R4C9A.F1 to       R5C9B.B0 serial_out_162
CTOF_DEL    ---     0.495       R5C9B.B0 to       R5C9B.F0 SLICE_412
ROUTE         1     1.658       R5C9B.F0 to       12.PADDO serial_out_c
DOPAD_DEL   ---     2.797       12.PADDO to         12.PAD serial_out
                  --------
                    9.693   (48.8% logic, 51.2% route), 5 logic levels.

Unconstrained Preference:
   CLOCK_TO_OUT PORT "serial_out" CLKPORT "clk" 

Report:    9.512ns delay SLICE_134 to serial_out

   Name    Fanout   Delay (ns)          Site               Resource
REG_DEL     ---     0.452     R5C12B.CLK to      R5C12B.Q1 SLICE_134 (from clk_c)
ROUTE         1     1.460      R5C12B.Q1 to       R5C9A.D0 observe[172]
CTOF_DEL    ---     0.495       R5C9A.D0 to       R5C9A.F0 SLICE_422
ROUTE         1     0.693       R5C9A.F0 to       R5C9B.B1 serial_out_130
CTOF_DEL    ---     0.495       R5C9B.B1 to       R5C9B.F1 SLICE_412
ROUTE         1     0.967       R5C9B.F1 to       R5C9B.A0 serial_out_163
CTOF_DEL    ---     0.495       R5C9B.A0 to       R5C9B.F0 SLICE_412
ROUTE         1     1.658       R5C9B.F0 to       12.PADDO serial_out_c
DOPAD_DEL   ---     2.797       12.PADDO to         12.PAD serial_out
                  --------
                    9.512   (49.8% logic, 50.2% route), 5 logic levels.

Unconstrained Preference:
   CLOCK_TO_OUT PORT "serial_out" CLKPORT "clk" 

Report:    9.386ns delay SLICE_240 to serial_out

   Name    Fanout   Delay (ns)          Site               Resource
REG_DEL     ---     0.452      R4C9A.CLK to       R4C9A.Q1 SLICE_240 (from clk_c)
ROUTE         1     1.004       R4C9A.Q1 to       R4C9C.B1 observe[122]
CTOF_DEL    ---     0.495       R4C9C.B1 to       R4C9C.F1 SLICE_420
ROUTE         1     0.436       R4C9C.F1 to       R4C9C.C0 serial_out_117
CTOF_DEL    ---     0.495       R4C9C.C0 to       R4C9C.F0 SLICE_420
ROUTE         1     0.315       R4C9C.F0 to       R4C9B.D0 serial_out_159
CTOF_DEL    ---     0.495       R4C9B.D0 to       R4C9B.F0 SLICE_414
ROUTE         1     0.744       R4C9B.F0 to       R5C9B.C0 serial_out_170
CTOF_DEL    ---     0.495       R5C9B.C0 to       R5C9B.F0 SLICE_412
ROUTE         1     1.658       R5C9B.F0 to       12.PADDO serial_out_c
DOPAD_DEL   ---     2.797       12.PADDO to         12.PAD serial_out
                  --------
                    9.386   (55.7% logic, 44.3% route), 6 logic levels.

Unconstrained Preference:
   CLOCK_TO_OUT PORT "serial_out" CLKPORT "clk" 

Report:    9.346ns delay SLICE_422 to serial_out

   Name    Fanout   Delay (ns)          Site               Resource
REG_DEL     ---     0.452      R5C9A.CLK to       R5C9A.Q0 SLICE_422 (from clk_c)
ROUTE         1     0.964       R5C9A.Q0 to       R4C9C.A1 observe[123]
CTOF_DEL    ---     0.495       R4C9C.A1 to       R4C9C.F1 SLICE_420
ROUTE         1     0.436       R4C9C.F1 to       R4C9C.C0 serial_out_117
CTOF_DEL    ---     0.495       R4C9C.C0 to       R4C9C.F0 SLICE_420
ROUTE         1     0.315       R4C9C.F0 to       R4C9B.D0 serial_out_159
CTOF_DEL    ---     0.495       R4C9B.D0 to       R4C9B.F0 SLICE_414
ROUTE         1     0.744       R4C9B.F0 to       R5C9B.C0 serial_out_170
CTOF_DEL    ---     0.495       R5C9B.C0 to       R5C9B.F0 SLICE_412
ROUTE         1     1.658       R5C9B.F0 to       12.PADDO serial_out_c
DOPAD_DEL   ---     2.797       12.PADDO to         12.PAD serial_out
                  --------
                    9.346   (55.9% logic, 44.1% route), 6 logic levels.

Unconstrained Preference:
   CLOCK_TO_OUT PORT "serial_out" CLKPORT "clk" 

Report:    9.129ns delay SLICE_240 to serial_out

   Name    Fanout   Delay (ns)          Site               Resource
REG_DEL     ---     0.452      R4C9A.CLK to       R4C9A.Q0 SLICE_240 (from clk_c)
ROUTE         1     0.747       R4C9A.Q0 to       R4C9C.C1 observe[121]
CTOF_DEL    ---     0.495       R4C9C.C1 to       R4C9C.F1 SLICE_420
ROUTE         1     0.436       R4C9C.F1 to       R4C9C.C0 serial_out_117
CTOF_DEL    ---     0.495       R4C9C.C0 to       R4C9C.F0 SLICE_420
ROUTE         1     0.315       R4C9C.F0 to       R4C9B.D0 serial_out_159
CTOF_DEL    ---     0.495       R4C9B.D0 to       R4C9B.F0 SLICE_414
ROUTE         1     0.744       R4C9B.F0 to       R5C9B.C0 serial_out_170
CTOF_DEL    ---     0.495       R5C9B.C0 to       R5C9B.F0 SLICE_412
ROUTE         1     1.658       R5C9B.F0 to       12.PADDO serial_out_c
DOPAD_DEL   ---     2.797       12.PADDO to         12.PAD serial_out
                  --------
                    9.129   (57.3% logic, 42.7% route), 6 logic levels.

Unconstrained Preference:
   CLOCK_TO_OUT PORT "serial_out" CLKPORT "clk" 

Report:    9.038ns delay SLICE_420 to serial_out

   Name    Fanout   Delay (ns)          Site               Resource
REG_DEL     ---     0.452      R4C9C.CLK to       R4C9C.Q0 SLICE_420 (from clk_c)
ROUTE         1     0.986       R4C9C.Q0 to       R5C9A.A0 observe[173]
CTOF_DEL    ---     0.495       R5C9A.A0 to       R5C9A.F0 SLICE_422
ROUTE         1     0.693       R5C9A.F0 to       R5C9B.B1 serial_out_130
CTOF_DEL    ---     0.495       R5C9B.B1 to       R5C9B.F1 SLICE_412
ROUTE         1     0.967       R5C9B.F1 to       R5C9B.A0 serial_out_163
CTOF_DEL    ---     0.495       R5C9B.A0 to       R5C9B.F0 SLICE_412
ROUTE         1     1.658       R5C9B.F0 to       12.PADDO serial_out_c
DOPAD_DEL   ---     2.797       12.PADDO to         12.PAD serial_out
                  --------
                    9.038   (52.4% logic, 47.6% route), 5 logic levels.


================================================================================
Preference: Unconstrained: MAXDELAY
            0 unconstrained paths found
--------------------------------------------------------------------------------

Report Summary
--------------
----------------------------------------------------------------------------
Preference                              |   Constraint|       Actual|Levels
----------------------------------------------------------------------------
                                        |             |             |
FREQUENCY PORT "clk" 35.000000 MHz ;    |   35.000 MHz|   36.059 MHz|  20  
                                        |             |             |
----------------------------------------------------------------------------


All preferences were met.


Clock Domains Analysis
------------------------

Found 1 clocks:

Clock Domain: clk_c   Source: clk.PAD   Loads: 183
   Covered under: FREQUENCY PORT "clk" 35.000000 MHz ;


--------------------------------------------------------------------------------
                Connections not covered by the preferences
--------------------------------------------------------------------------------

     Delay                        Element                 Net

    1.658ns         SLICE_412.F0 to     serial_out.PADDO serial_out_c
    2.451ns          reset.PADDI to gine/seq/SLICE_1.LSR reset_c
    2.451ns          reset.PADDI to gine/seq/SLICE_2.LSR reset_c
    2.451ns          reset.PADDI to gine/seq/SLICE_3.LSR reset_c
    2.451ns          reset.PADDI to gine/seq/SLICE_4.LSR reset_c
    2.451ns          reset.PADDI to gine/seq/SLICE_5.LSR reset_c
    2.451ns          reset.PADDI to         SLICE_16.LSR reset_c
    2.451ns          reset.PADDI to         SLICE_17.LSR reset_c
    2.451ns          reset.PADDI to         SLICE_19.LSR reset_c
    2.451ns          reset.PADDI to         SLICE_20.LSR reset_c
    2.451ns          reset.PADDI to         SLICE_22.LSR reset_c
    2.451ns          reset.PADDI to         SLICE_23.LSR reset_c
    2.451ns          reset.PADDI to         SLICE_25.LSR reset_c
    2.451ns          reset.PADDI to         SLICE_26.LSR reset_c
    2.451ns          reset.PADDI to         SLICE_28.LSR reset_c
    2.451ns          reset.PADDI to         SLICE_29.LSR reset_c
    2.451ns          reset.PADDI to         SLICE_31.LSR reset_c
    2.451ns          reset.PADDI to         SLICE_32.LSR reset_c
    2.451ns          reset.PADDI to         SLICE_34.LSR reset_c
    2.451ns          reset.PADDI to         SLICE_35.LSR reset_c
    2.451ns          reset.PADDI to         SLICE_37.LSR reset_c
    2.451ns          reset.PADDI to         SLICE_38.LSR reset_c
    2.451ns          reset.PADDI to /engine/SLICE_39.LSR reset_c
    2.451ns          reset.PADDI to /engine/SLICE_40.LSR reset_c
    2.451ns          reset.PADDI to /engine/SLICE_41.LSR reset_c
    3.385ns          reset.PADDI to e/engine/SLICE_42.D0 reset_c
    3.385ns          reset.PADDI to e/engine/SLICE_42.D1 reset_c
    2.451ns          reset.PADDI to ine/seq/SLICE_43.LSR reset_c
    2.451ns          reset.PADDI to ine/seq/SLICE_44.LSR reset_c
    2.451ns          reset.PADDI to /engine/SLICE_46.LSR reset_c
    2.451ns          reset.PADDI to /engine/SLICE_56.LSR reset_c
    2.451ns          reset.PADDI to /engine/SLICE_57.LSR reset_c
    2.451ns          reset.PADDI to /engine/SLICE_58.LSR reset_c
    2.451ns          reset.PADDI to /engine/SLICE_59.LSR reset_c
    2.451ns          reset.PADDI to         SLICE_65.LSR reset_c
    2.451ns          reset.PADDI to         SLICE_66.LSR reset_c
    2.451ns          reset.PADDI to         SLICE_67.LSR reset_c
    2.451ns          reset.PADDI to         SLICE_68.LSR reset_c
    2.451ns          reset.PADDI to         SLICE_69.LSR reset_c
    2.451ns          reset.PADDI to         SLICE_70.LSR reset_c
    2.451ns          reset.PADDI to         SLICE_71.LSR reset_c
    2.451ns          reset.PADDI to         SLICE_72.LSR reset_c
    2.451ns          reset.PADDI to         SLICE_73.LSR reset_c
    2.451ns          reset.PADDI to         SLICE_74.LSR reset_c
    2.451ns          reset.PADDI to         SLICE_75.LSR reset_c
    2.451ns          reset.PADDI to         SLICE_76.LSR reset_c
    2.451ns          reset.PADDI to        SLICE_132.LSR reset_c
    2.451ns          reset.PADDI to        SLICE_133.LSR reset_c
    2.451ns          reset.PADDI to        SLICE_134.LSR reset_c
    2.451ns          reset.PADDI to engine/SLICE_136.LSR reset_c
    2.451ns          reset.PADDI to status/SLICE_137.LSR reset_c
    2.451ns          reset.PADDI to status/SLICE_138.LSR reset_c
    2.451ns          reset.PADDI to status/SLICE_139.LSR reset_c
    2.451ns          reset.PADDI to engine/SLICE_140.LSR reset_c
    2.451ns          reset.PADDI to engine/SLICE_141.LSR reset_c
    2.451ns          reset.PADDI to engine/SLICE_142.LSR reset_c
    2.451ns          reset.PADDI to engine/SLICE_143.LSR reset_c
    2.451ns          reset.PADDI to engine/SLICE_144.LSR reset_c
    2.451ns          reset.PADDI to engine/SLICE_145.LSR reset_c
    2.451ns          reset.PADDI to engine/SLICE_146.LSR reset_c
    2.451ns          reset.PADDI to engine/SLICE_147.LSR reset_c
    2.451ns          reset.PADDI to engine/SLICE_148.LSR reset_c
    2.451ns          reset.PADDI to engine/SLICE_149.LSR reset_c
    2.451ns          reset.PADDI to engine/SLICE_150.LSR reset_c
    2.451ns          reset.PADDI to ine/dp/SLICE_151.LSR reset_c
    2.451ns          reset.PADDI to ine/dp/SLICE_152.LSR reset_c
    2.451ns          reset.PADDI to ine/dp/SLICE_153.LSR reset_c
    2.451ns          reset.PADDI to ine/dp/SLICE_154.LSR reset_c
    2.451ns          reset.PADDI to ine/dp/SLICE_155.LSR reset_c
    2.451ns          reset.PADDI to ine/dp/SLICE_156.LSR reset_c
    2.451ns          reset.PADDI to ine/dp/SLICE_157.LSR reset_c
    2.451ns          reset.PADDI to ine/dp/SLICE_158.LSR reset_c
    2.451ns          reset.PADDI to ine/dp/SLICE_159.LSR reset_c
    2.451ns          reset.PADDI to engine/SLICE_160.LSR reset_c
    2.451ns          reset.PADDI to engine/SLICE_161.LSR reset_c
    2.451ns          reset.PADDI to        SLICE_171.LSR reset_c
    2.451ns          reset.PADDI to        SLICE_172.LSR reset_c
    2.451ns          reset.PADDI to        SLICE_173.LSR reset_c
    2.451ns          reset.PADDI to        SLICE_174.LSR reset_c
    2.451ns          reset.PADDI to        SLICE_175.LSR reset_c
    2.451ns          reset.PADDI to        SLICE_176.LSR reset_c
    2.451ns          reset.PADDI to ne/seq/SLICE_177.LSR reset_c
    2.451ns          reset.PADDI to ne/seq/SLICE_178.LSR reset_c
    2.451ns          reset.PADDI to ne/seq/SLICE_179.LSR reset_c
    2.451ns          reset.PADDI to ne/seq/SLICE_180.LSR reset_c
    2.451ns          reset.PADDI to ne/seq/SLICE_181.LSR reset_c
    4.160ns          reset.PADDI to /engine/SLICE_221.B0 reset_c
    3.385ns          reset.PADDI to /engine/SLICE_221.D1 reset_c
    3.732ns          reset.PADDI to ine/seq/SLICE_224.A0 reset_c
    3.732ns          reset.PADDI to ine/seq/SLICE_224.A1 reset_c
    2.451ns          reset.PADDI to        SLICE_236.LSR reset_c
    2.451ns          reset.PADDI to        SLICE_237.LSR reset_c
    2.451ns          reset.PADDI to        SLICE_238.LSR reset_c
    2.451ns          reset.PADDI to        SLICE_239.LSR reset_c
    2.451ns          reset.PADDI to        SLICE_240.LSR reset_c
    3.031ns          reset.PADDI to ine/seq/SLICE_250.D1 reset_c
    3.732ns          reset.PADDI to ine/seq/SLICE_255.A0 reset_c
    3.732ns          reset.PADDI to ine/seq/SLICE_256.A1 reset_c
    4.686ns          reset.PADDI to ine/seq/SLICE_257.D1 reset_c
    4.600ns          reset.PADDI to ine/seq/SLICE_262.B1 reset_c
    4.144ns          reset.PADDI to ine/seq/SLICE_269.A1 reset_c
    3.031ns          reset.PADDI to ine/seq/SLICE_273.D0 reset_c
    3.788ns          reset.PADDI to ine/seq/SLICE_274.D0 reset_c
    4.246ns          reset.PADDI to /engine/SLICE_358.B1 reset_c
    2.451ns          reset.PADDI to   core/SLICE_359.LSR reset_c
    2.451ns          reset.PADDI to   core/SLICE_360.LSR reset_c
    2.451ns          reset.PADDI to   core/SLICE_361.LSR reset_c
    2.451ns          reset.PADDI to   core/SLICE_362.LSR reset_c
    2.451ns          reset.PADDI to   core/SLICE_367.LSR reset_c
    2.451ns          reset.PADDI to   core/SLICE_368.LSR reset_c
    2.451ns          reset.PADDI to   core/SLICE_369.LSR reset_c
    2.451ns          reset.PADDI to   core/SLICE_372.LSR reset_c
    2.451ns          reset.PADDI to engine/SLICE_381.LSR reset_c
    2.451ns          reset.PADDI to        SLICE_383.LSR reset_c
    2.451ns          reset.PADDI to        SLICE_384.LSR reset_c
    2.451ns          reset.PADDI to        SLICE_385.LSR reset_c
    2.451ns          reset.PADDI to        SLICE_386.LSR reset_c
    2.451ns          reset.PADDI to        SLICE_387.LSR reset_c
    2.451ns          reset.PADDI to        SLICE_388.LSR reset_c
    2.451ns          reset.PADDI to        SLICE_389.LSR reset_c
    2.451ns          reset.PADDI to        SLICE_390.LSR reset_c
    2.451ns          reset.PADDI to        SLICE_391.LSR reset_c
    2.451ns          reset.PADDI to        SLICE_392.LSR reset_c
    2.451ns          reset.PADDI to        SLICE_393.LSR reset_c
    2.451ns          reset.PADDI to        SLICE_394.LSR reset_c
    2.451ns          reset.PADDI to        SLICE_395.LSR reset_c
    2.451ns          reset.PADDI to        SLICE_396.LSR reset_c
    2.451ns          reset.PADDI to        SLICE_397.LSR reset_c
    2.451ns          reset.PADDI to        SLICE_398.LSR reset_c
    2.451ns          reset.PADDI to        SLICE_399.LSR reset_c
    2.451ns          reset.PADDI to        SLICE_400.LSR reset_c
    2.451ns          reset.PADDI to        SLICE_401.LSR reset_c
    2.451ns          reset.PADDI to        SLICE_402.LSR reset_c
    2.451ns          reset.PADDI to        SLICE_403.LSR reset_c
    2.451ns          reset.PADDI to        SLICE_404.LSR reset_c
    2.451ns          reset.PADDI to        SLICE_405.LSR reset_c
    2.451ns          reset.PADDI to        SLICE_406.LSR reset_c
    2.451ns          reset.PADDI to        SLICE_407.LSR reset_c
    2.451ns          reset.PADDI to        SLICE_408.LSR reset_c
    2.451ns          reset.PADDI to        SLICE_409.LSR reset_c
    2.451ns          reset.PADDI to        SLICE_410.LSR reset_c
    2.451ns          reset.PADDI to        SLICE_411.LSR reset_c
    2.451ns          reset.PADDI to        SLICE_412.LSR reset_c
    2.451ns          reset.PADDI to        SLICE_413.LSR reset_c
    2.451ns          reset.PADDI to        SLICE_414.LSR reset_c
    2.451ns          reset.PADDI to        SLICE_415.LSR reset_c
    2.451ns          reset.PADDI to        SLICE_416.LSR reset_c
    2.451ns          reset.PADDI to        SLICE_417.LSR reset_c
    2.451ns          reset.PADDI to        SLICE_418.LSR reset_c
    2.451ns          reset.PADDI to        SLICE_419.LSR reset_c
    2.451ns          reset.PADDI to        SLICE_420.LSR reset_c
    2.451ns          reset.PADDI to        SLICE_421.LSR reset_c
    2.451ns          reset.PADDI to        SLICE_422.LSR reset_c
    5.461ns          reset.PADDI to ine/seq/SLICE_426.B0 reset_c
    4.159ns          reset.PADDI to ine/seq/SLICE_426.A1 reset_c
    2.451ns          reset.PADDI to        SLICE_444.LSR reset_c
    3.031ns          reset.PADDI to /engine/SLICE_465.D1 reset_c
    2.451ns          reset.PADDI to        SLICE_467.LSR reset_c
    2.451ns          reset.PADDI to        SLICE_468.LSR reset_c
    3.769ns          reset.PADDI to ine/seq/SLICE_471.B0 reset_c
    3.769ns          reset.PADDI to ine/seq/SLICE_471.B1 reset_c
    2.451ns          reset.PADDI to        SLICE_484.LSR reset_c
    2.451ns          reset.PADDI to        SLICE_485.LSR reset_c
    2.451ns          reset.PADDI to        SLICE_486.LSR reset_c
    2.451ns          reset.PADDI to        SLICE_487.LSR reset_c
    2.451ns          reset.PADDI to        SLICE_488.LSR reset_c
    2.451ns          reset.PADDI to        SLICE_489.LSR reset_c
    2.451ns          reset.PADDI to        SLICE_490.LSR reset_c
    2.451ns          reset.PADDI to        SLICE_491.LSR reset_c
    2.451ns          reset.PADDI to        SLICE_492.LSR reset_c
    2.451ns          reset.PADDI to        SLICE_493.LSR reset_c
    2.451ns          reset.PADDI to        SLICE_494.LSR reset_c
    2.451ns          reset.PADDI to        SLICE_495.LSR reset_c
    2.451ns          reset.PADDI to        SLICE_496.LSR reset_c
    2.451ns          reset.PADDI to        SLICE_497.LSR reset_c
    2.451ns          reset.PADDI to        SLICE_498.LSR reset_c
    2.451ns          reset.PADDI to        SLICE_499.LSR reset_c
    2.451ns          reset.PADDI to        SLICE_500.LSR reset_c
    3.803ns          reset.PADDI to ine/seq/SLICE_503.D1 reset_c
    2.590ns          reset.PADDI to  serial_in_MGIOL.LSR reset_c
    0.986ns         SLICE_420.Q0 to         SLICE_422.A0 observe[173]
    0.565ns      serial_in.PADDI to   serial_in_MGIOL.DI serial_in_c
    2.697ns          SLICE_22.Q1 to         SLICE_240.A0 observe[168]
    2.533ns          SLICE_23.Q0 to         SLICE_240.B0 observe[169]
    1.975ns          SLICE_23.Q1 to         SLICE_240.D0 observe[170]
    1.777ns         SLICE_134.Q0 to         SLICE_240.C0 observe[171]
    0.747ns         SLICE_240.F0 to         SLICE_240.C1 serial_out_129
    0.626ns         SLICE_412.Q0 to         SLICE_422.D1 observe[0]
    1.004ns          SLICE_65.Q0 to         SLICE_422.B1 observe[1]
    0.747ns          SLICE_65.Q1 to         SLICE_422.C1 observe[2]
    1.051ns          SLICE_66.Q0 to         SLICE_422.A1 observe[3]
    1.411ns          SLICE_66.Q1 to         SLICE_499.C1 observe[4]
    2.095ns          SLICE_67.Q0 to         SLICE_499.B1 observe[5]
    1.173ns          SLICE_67.Q1 to         SLICE_499.D1 observe[6]
    2.058ns          SLICE_68.Q0 to         SLICE_499.A1 observe[7]
    1.790ns          SLICE_68.Q1 to         SLICE_499.A0 observe[8]
    1.035ns          SLICE_69.Q0 to         SLICE_499.D0 observe[9]
    0.831ns          SLICE_69.Q1 to         SLICE_499.C0 observe[10]
    1.023ns          SLICE_70.Q0 to         SLICE_499.B0 observe[11]
    1.838ns          SLICE_70.Q1 to         SLICE_174.B0 observe[12]
    2.053ns          SLICE_71.Q0 to         SLICE_174.D0 observe[13]
    1.193ns          SLICE_71.Q1 to         SLICE_174.C0 observe[14]
    1.498ns          SLICE_72.Q0 to         SLICE_174.A0 observe[15]
    2.077ns          SLICE_72.Q1 to         SLICE_498.C1 observe[16]
    0.986ns          SLICE_73.Q0 to         SLICE_498.A1 observe[17]
    1.157ns          SLICE_73.Q1 to         SLICE_498.D1 observe[18]
    1.450ns          SLICE_74.Q0 to         SLICE_498.B1 observe[19]
    2.009ns          SLICE_74.Q1 to         SLICE_498.C0 observe[20]
    0.626ns          SLICE_75.Q0 to         SLICE_498.D0 observe[21]
    1.004ns          SLICE_75.Q1 to         SLICE_498.B0 observe[22]
    2.300ns          SLICE_76.Q0 to         SLICE_498.A0 observe[23]
    1.838ns          SLICE_76.Q1 to         SLICE_415.B1 observe[24]
    0.626ns         SLICE_420.Q1 to         SLICE_415.D1 observe[25]
    0.766ns         SLICE_421.Q0 to         SLICE_415.C1 observe[26]
    0.964ns         SLICE_421.Q1 to         SLICE_415.A1 observe[27]
    2.155ns         SLICE_413.Q0 to         SLICE_174.D1 observe[28]
    2.123ns         SLICE_413.Q1 to         SLICE_174.A1 observe[29]
    1.001ns         SLICE_414.Q0 to         SLICE_174.B1 observe[30]
    0.744ns         SLICE_414.Q1 to         SLICE_174.C1 observe[31]
    2.266ns         SLICE_499.Q0 to         SLICE_497.B1 observe[32]
    1.997ns         SLICE_499.Q1 to         SLICE_497.A1 observe[33]
    1.805ns         SLICE_498.Q0 to         SLICE_497.D1 observe[34]
    1.278ns         SLICE_498.Q1 to         SLICE_497.C1 observe[35]
    1.004ns         SLICE_497.Q0 to         SLICE_497.B0 observe[36]
    0.626ns         SLICE_497.Q1 to         SLICE_497.D0 observe[37]
    1.583ns         SLICE_176.Q1 to         SLICE_497.C0 observe[38]
    2.512ns         SLICE_484.Q0 to         SLICE_497.A0 observe[39]
    2.539ns         SLICE_484.Q1 to         SLICE_416.B1 observe[40]
    2.139ns         SLICE_400.Q0 to         SLICE_416.D1 observe[41]
    1.383ns         SLICE_400.Q1 to         SLICE_416.A1 observe[42]
    0.744ns         SLICE_398.Q0 to         SLICE_416.C1 observe[43]
    1.584ns         SLICE_398.Q1 to         SLICE_173.D0 observe[44]
    1.383ns         SLICE_236.Q0 to         SLICE_173.A0 observe[45]
    0.744ns         SLICE_236.Q1 to         SLICE_173.C0 observe[46]
    1.535ns         SLICE_238.Q0 to         SLICE_173.B0 observe[47]
    1.506ns         SLICE_238.Q1 to         SLICE_496.C1 observe[48]
    2.359ns         SLICE_391.Q0 to         SLICE_496.B1 observe[49]
    1.600ns         SLICE_391.Q1 to         SLICE_496.D1 observe[50]
    1.498ns         SLICE_389.Q0 to         SLICE_496.A1 observe[51]
    0.958ns         SLICE_389.Q1 to         SLICE_496.D0 observe[52]
    0.964ns         SLICE_468.Q0 to         SLICE_496.A0 observe[53]
    1.163ns         SLICE_468.Q1 to         SLICE_496.C0 observe[54]
    1.023ns         SLICE_239.Q0 to         SLICE_496.B0 observe[55]
    1.299ns         SLICE_239.Q1 to         SLICE_417.A1 observe[56]
    1.675ns         SLICE_409.Q0 to         SLICE_417.C1 observe[57]
    1.042ns         SLICE_409.Q1 to         SLICE_417.D1 observe[58]
    2.304ns         SLICE_406.Q0 to         SLICE_417.B1 observe[59]
    1.079ns         SLICE_406.Q1 to         SLICE_173.C1 observe[60]
    0.958ns         SLICE_410.Q0 to         SLICE_173.D1 observe[61]
    1.413ns         SLICE_410.Q1 to         SLICE_173.A1 observe[62]
    1.023ns         SLICE_486.Q0 to         SLICE_173.B1 observe[63]
    1.383ns         SLICE_486.Q1 to         SLICE_495.A1 observe[64]
    1.420ns         SLICE_408.Q0 to         SLICE_495.B1 observe[65]
    0.766ns         SLICE_408.Q1 to         SLICE_495.C1 observe[66]
    0.958ns         SLICE_500.Q0 to         SLICE_495.D1 observe[67]
    1.997ns         SLICE_500.Q1 to         SLICE_495.A0 observe[68]
    1.163ns         SLICE_404.Q0 to         SLICE_495.C0 observe[69]
    1.042ns         SLICE_404.Q1 to         SLICE_495.D0 observe[70]
    1.001ns         SLICE_405.Q0 to         SLICE_495.B0 observe[71]
    0.964ns         SLICE_405.Q1 to         SLICE_418.A1 observe[72]
    1.336ns         SLICE_383.Q0 to         SLICE_418.B1 observe[73]
    0.958ns         SLICE_383.Q1 to         SLICE_418.D1 observe[74]
    1.581ns         SLICE_390.Q0 to         SLICE_418.C1 observe[75]
    1.299ns         SLICE_390.Q1 to         SLICE_494.A1 observe[76]
    2.105ns         SLICE_387.Q0 to         SLICE_494.C1 observe[77]
    2.087ns         SLICE_387.Q1 to         SLICE_494.D1 observe[78]
    1.023ns         SLICE_485.Q0 to         SLICE_494.B1 observe[79]
    1.840ns         SLICE_485.Q1 to         SLICE_494.A0 observe[80]
    2.011ns         SLICE_393.Q0 to         SLICE_494.D0 observe[81]
    1.079ns         SLICE_393.Q1 to         SLICE_494.C0 observe[82]
    1.535ns         SLICE_388.Q0 to         SLICE_494.B0 observe[83]
    1.023ns         SLICE_388.Q1 to         SLICE_493.B1 observe[84]
    1.193ns         SLICE_385.Q0 to         SLICE_493.C1 observe[85]
    1.801ns         SLICE_385.Q1 to         SLICE_493.A1 observe[86]
    1.460ns         SLICE_399.Q0 to         SLICE_493.D1 observe[87]
    1.838ns         SLICE_399.Q1 to         SLICE_493.B0 observe[88]
    0.747ns         SLICE_395.Q0 to         SLICE_493.C0 observe[89]
    0.626ns         SLICE_395.Q1 to         SLICE_493.D0 observe[90]
    1.997ns         SLICE_397.Q0 to         SLICE_493.A0 observe[91]
    2.616ns         SLICE_397.Q1 to         SLICE_172.A0 observe[92]
    1.193ns         SLICE_411.Q0 to         SLICE_172.C0 observe[93]
    0.958ns         SLICE_411.Q1 to         SLICE_172.D0 observe[94]
    1.450ns         SLICE_384.Q0 to         SLICE_172.B0 observe[95]
    1.810ns         SLICE_384.Q1 to         SLICE_492.A1 observe[96]
    1.278ns         SLICE_394.Q0 to         SLICE_492.C1 observe[97]
    1.023ns         SLICE_394.Q1 to         SLICE_492.B1 observe[98]
    1.656ns         SLICE_237.Q0 to         SLICE_492.D1 observe[99]
    1.928ns         SLICE_412.Q1 to         SLICE_492.A0 observe[100]
    2.340ns         SLICE_496.Q0 to         SLICE_492.B0 observe[101]
    1.564ns         SLICE_496.Q1 to         SLICE_492.D0 observe[102]
    2.204ns         SLICE_495.Q0 to         SLICE_492.C0 observe[103]
    2.614ns         SLICE_495.Q1 to         SLICE_419.B1 observe[104]
    1.933ns         SLICE_494.Q0 to         SLICE_419.C1 observe[105]
    0.645ns         SLICE_494.Q1 to         SLICE_419.D1 observe[106]
    1.498ns         SLICE_493.Q0 to         SLICE_419.A1 observe[107]
    1.420ns         SLICE_493.Q1 to         SLICE_172.B1 observe[108]
    0.747ns         SLICE_492.Q0 to         SLICE_172.C1 observe[109]
    0.967ns         SLICE_492.Q1 to         SLICE_172.A1 observe[110]
    1.157ns         SLICE_491.Q0 to         SLICE_172.D1 observe[111]
    0.626ns         SLICE_491.Q1 to         SLICE_491.D1 observe[112]
    1.413ns         SLICE_490.Q0 to         SLICE_491.A1 observe[113]
    1.278ns         SLICE_490.Q1 to         SLICE_491.C1 observe[114]
    1.001ns         SLICE_489.Q0 to         SLICE_491.B1 observe[115]
    1.042ns         SLICE_489.Q1 to         SLICE_491.D0 observe[116]
    2.080ns         SLICE_488.Q0 to         SLICE_491.C0 observe[117]
    1.763ns         SLICE_488.Q1 to         SLICE_491.B0 observe[118]
    0.986ns         SLICE_487.Q0 to         SLICE_491.A0 observe[119]
    1.355ns         SLICE_487.Q1 to         SLICE_420.D1 observe[120]
    0.747ns         SLICE_240.Q0 to         SLICE_420.C1 observe[121]
    1.004ns         SLICE_240.Q1 to         SLICE_420.B1 observe[122]
    0.964ns         SLICE_422.Q0 to         SLICE_420.A1 observe[123]
    0.967ns         SLICE_422.Q1 to         SLICE_171.A0 observe[124]
    1.278ns         SLICE_415.Q0 to         SLICE_171.C0 observe[125]
    0.645ns         SLICE_415.Q1 to         SLICE_171.D0 observe[126]
    1.838ns         SLICE_416.Q0 to         SLICE_171.B0 observe[127]
    1.336ns         SLICE_416.Q1 to         SLICE_490.B1 observe[128]
    2.631ns         SLICE_417.Q0 to         SLICE_490.C1 observe[129]
    1.157ns         SLICE_417.Q1 to         SLICE_490.D1 observe[130]
    1.925ns         SLICE_418.Q0 to         SLICE_490.A1 observe[131]
    2.080ns         SLICE_418.Q1 to         SLICE_490.C0 observe[132]
    1.838ns         SLICE_419.Q0 to         SLICE_490.B0 observe[133]
    1.413ns         SLICE_419.Q1 to         SLICE_490.A0 observe[134]
    0.645ns         SLICE_132.Q0 to         SLICE_490.D0 observe[135]
    1.004ns         SLICE_132.Q1 to         SLICE_421.B1 observe[136]
    0.967ns         SLICE_133.Q0 to         SLICE_421.A1 observe[137]
    0.626ns         SLICE_133.Q1 to         SLICE_421.D1 observe[138]
    1.802ns          SLICE_16.Q0 to         SLICE_421.C1 observe[139]
    2.190ns          SLICE_16.Q1 to         SLICE_489.C1 observe[140]
    1.999ns          SLICE_17.Q0 to         SLICE_489.D1 observe[141]
    1.878ns          SLICE_17.Q1 to         SLICE_489.A1 observe[142]
    1.088ns          SLICE_37.Q0 to         SLICE_489.B1 observe[143]
    1.088ns          SLICE_37.Q1 to         SLICE_489.B0 observe[144]
    1.107ns          SLICE_38.Q0 to         SLICE_489.D0 observe[145]
    1.376ns          SLICE_38.Q1 to         SLICE_489.A0 observe[146]
    1.079ns          SLICE_34.Q0 to         SLICE_489.C0 observe[147]
    1.072ns          SLICE_34.Q1 to         SLICE_488.D1 observe[148]
    1.413ns          SLICE_35.Q0 to         SLICE_488.A1 observe[149]
    0.744ns          SLICE_35.Q1 to         SLICE_488.C1 observe[150]
    1.336ns          SLICE_31.Q0 to         SLICE_488.B1 observe[151]
    1.696ns          SLICE_31.Q1 to         SLICE_488.C0 observe[152]
    2.198ns          SLICE_32.Q0 to         SLICE_488.A0 observe[153]
    1.733ns          SLICE_32.Q1 to         SLICE_488.B0 observe[154]
    1.903ns          SLICE_19.Q0 to         SLICE_488.D0 observe[155]
    2.307ns          SLICE_19.Q1 to         SLICE_171.C1 observe[156]
    2.130ns          SLICE_20.Q0 to         SLICE_171.A1 observe[157]
    2.861ns          SLICE_20.Q1 to         SLICE_171.B1 observe[158]
    2.303ns          SLICE_28.Q0 to         SLICE_171.D1 observe[159]
    1.685ns          SLICE_28.Q1 to         SLICE_487.C1 observe[160]
    1.476ns          SLICE_29.Q0 to         SLICE_487.D1 observe[161]
    1.942ns          SLICE_29.Q1 to         SLICE_487.B1 observe[162]
    0.964ns          SLICE_25.Q0 to         SLICE_487.A1 observe[163]
    0.766ns          SLICE_25.Q1 to         SLICE_487.C0 observe[164]
    1.420ns          SLICE_26.Q0 to         SLICE_487.B0 observe[165]
    0.645ns          SLICE_26.Q1 to         SLICE_487.D0 observe[166]
    1.801ns          SLICE_22.Q0 to         SLICE_487.A0 observe[167]
    1.460ns         SLICE_134.Q1 to         SLICE_422.D0 observe[172]
    1.001ns         SLICE_240.F1 to         SLICE_412.B0 serial_out_162
    0.967ns         SLICE_412.F1 to         SLICE_412.A0 serial_out_163
    1.385ns         SLICE_413.F0 to         SLICE_412.D0 serial_out_169
    0.744ns         SLICE_414.F0 to         SLICE_412.C0 serial_out_170
    0.645ns         SLICE_416.F0 to         SLICE_413.D0 serial_out_154
    1.763ns         SLICE_417.F0 to         SLICE_413.B0 serial_out_155
    1.801ns         SLICE_418.F0 to         SLICE_413.A0 serial_out_156
    0.436ns         SLICE_413.F1 to         SLICE_413.C0 serial_out_157
    2.153ns         SLICE_419.F0 to         SLICE_414.A0 serial_out_158
    0.315ns         SLICE_420.F0 to         SLICE_414.D0 serial_out_159
    2.337ns         SLICE_421.F0 to         SLICE_414.B0 serial_out_160
    0.436ns         SLICE_414.F1 to         SLICE_414.C0 serial_out_161
    2.171ns         SLICE_499.F1 to         SLICE_412.D1 serial_out_88
    1.581ns         SLICE_499.F0 to         SLICE_412.C1 serial_out_89
    0.693ns         SLICE_422.F0 to         SLICE_412.B1 serial_out_130
    0.986ns         SLICE_415.F0 to         SLICE_412.A1 serial_out_153
    1.001ns         SLICE_174.F0 to         SLICE_415.B0 serial_out_90
    2.155ns         SLICE_498.F1 to         SLICE_415.D0 serial_out_91
    2.300ns         SLICE_498.F0 to         SLICE_415.A0 serial_out_92
    0.436ns         SLICE_415.F1 to         SLICE_415.C0 serial_out_93
    2.265ns         SLICE_174.F1 to         SLICE_416.B0 serial_out_94
    1.413ns         SLICE_497.F1 to         SLICE_416.A0 serial_out_95
    2.155ns         SLICE_497.F0 to         SLICE_416.D0 serial_out_96
    0.436ns         SLICE_416.F1 to         SLICE_416.C0 serial_out_97
    1.460ns         SLICE_173.F0 to         SLICE_417.D0 serial_out_98
    0.693ns         SLICE_496.F1 to         SLICE_417.B0 serial_out_99
    0.656ns         SLICE_496.F0 to         SLICE_417.A0 serial_out_100
    0.436ns         SLICE_417.F1 to         SLICE_417.C0 serial_out_101
    1.733ns         SLICE_173.F1 to         SLICE_418.B0 serial_out_102
    0.967ns         SLICE_495.F1 to         SLICE_418.A0 serial_out_103
    0.626ns         SLICE_495.F0 to         SLICE_418.D0 serial_out_104
    0.436ns         SLICE_418.F1 to         SLICE_418.C0 serial_out_105
    0.645ns         SLICE_494.F1 to         SLICE_413.D1 serial_out_106
    1.420ns         SLICE_494.F0 to         SLICE_413.B1 serial_out_107
    1.299ns         SLICE_493.F1 to         SLICE_413.A1 serial_out_108
    1.079ns         SLICE_493.F0 to         SLICE_413.C1 serial_out_109
    0.656ns         SLICE_172.F0 to         SLICE_419.A0 serial_out_110
    0.693ns         SLICE_492.F1 to         SLICE_419.B0 serial_out_111
    0.315ns         SLICE_492.F0 to         SLICE_419.D0 serial_out_112
    0.436ns         SLICE_419.F1 to         SLICE_419.C0 serial_out_113
    2.359ns         SLICE_172.F1 to         SLICE_420.B0 serial_out_114
    1.959ns         SLICE_491.F1 to         SLICE_420.D0 serial_out_115
    1.726ns         SLICE_491.F0 to         SLICE_420.A0 serial_out_116
    0.436ns         SLICE_420.F1 to         SLICE_420.C0 serial_out_117
    1.696ns         SLICE_171.F0 to         SLICE_421.A0 serial_out_118
    0.766ns         SLICE_490.F1 to         SLICE_421.C0 serial_out_119
    1.157ns         SLICE_490.F0 to         SLICE_421.D0 serial_out_120
    0.693ns         SLICE_421.F1 to         SLICE_421.B0 serial_out_121
    2.204ns         SLICE_489.F1 to         SLICE_414.C1 serial_out_122
    1.764ns         SLICE_489.F0 to         SLICE_414.D1 serial_out_123
    2.355ns         SLICE_488.F1 to         SLICE_414.A1 serial_out_124
    2.034ns         SLICE_488.F0 to         SLICE_414.B1 serial_out_125
    0.623ns         SLICE_171.F1 to         SLICE_240.D1 serial_out_126
    1.336ns         SLICE_487.F1 to         SLICE_240.B1 serial_out_127
    2.267ns         SLICE_487.F0 to         SLICE_240.A1 serial_out_128
    0.693ns         SLICE_422.F1 to         SLICE_422.B0 serial_out_87

--------------------------------------------------------------------------------


Timing summary (Setup):
---------------

Timing errors: 0  Score: 0
Cumulative negative slack: 0

Constraints cover 828495 paths, 1 nets, and 3598 connections (89.73% coverage)

--------------------------------------------------------------------------------
Lattice TRACE Report - Hold, Version Diamond (64-bit) 3.14.0.75.2
Wed Sep  9 17:07:44 2026

Copyright (c) 1991-1994 by NeoCAD Inc. All rights reserved.
Copyright (c) 1995 AT&T Corp.   All rights reserved.
Copyright (c) 1995-2001 Lucent Technologies Inc.  All rights reserved.
Copyright (c) 2001 Agere Systems   All rights reserved.
Copyright (c) 2002-2024 Lattice Semiconductor Corporation,  All rights reserved.

Report Information
------------------
Command line:    trce -v 10 -c -u 0 -gt -sethld -sp 4 -sphld m -o cp24a_impl1.twr cp24a_impl1.ncd cp24a_impl1.prf 
Design file:     cp24a_impl1.ncd
Preference file: cp24a_impl1.prf
Device,speed:    LCMXO2-1200HC,m
Report level:    verbose report, limited to 10 items per preference
--------------------------------------------------------------------------------

BLOCK ASYNCPATHS
BLOCK RESETPATHS
--------------------------------------------------------------------------------



================================================================================
Preference: FREQUENCY PORT "clk" 35.000000 MHz ;
            4096 items scored, 0 timing errors detected.
--------------------------------------------------------------------------------


Passed: The following path meets requirements by 0.291ns

 Logical Details:  Cell type  Pin type       Cell/ASIC name  (clock net +/-)

   Source:         Sync_RAM   Q              core/engine/dp/rf/words_1_ram/RAM1  (from clk_c +)
   Destination:    FF         Data in        observe[141]  (to clk_c +)

   Delay:               0.278ns  (99.3% logic, 0.7% route), 1 logic levels.

 Constraint Details:

      0.278ns physical path delay SLICE_17 to SLICE_17 meets
     -0.013ns DIN_HLD and
      0.000ns delay constraint less
      0.000ns skew requirement (totaling -0.013ns) by 0.291ns

 Physical Path Details:

      Data path SLICE_17 to SLICE_17:

   Name    Fanout   Delay (ns)          Site               Resource
CLKTOF_DEL  ---     0.276      R7C2B.WCK to       R7C2B.F0 SLICE_17 (from clk_c)
ROUTE         3     0.002       R7C2B.F0 to      R7C2B.DI0 data[2] (to clk_c)
                  --------
                    0.278   (99.3% logic, 0.7% route), 1 logic levels.

 Clock Skew Details: 

      Source Clock Path clk to SLICE_17:

   Name    Fanout   Delay (ns)          Site               Resource
ROUTE       183     0.765       13.PADDI to      R7C2B.WCK clk_c
                  --------
                    0.765   (0.0% logic, 100.0% route), 0 logic levels.

      Destination Clock Path clk to SLICE_17:

   Name    Fanout   Delay (ns)          Site               Resource
ROUTE       183     0.765       13.PADDI to      R7C2B.CLK clk_c
                  --------
                    0.765   (0.0% logic, 100.0% route), 0 logic levels.


Passed: The following path meets requirements by 0.291ns

 Logical Details:  Cell type  Pin type       Cell/ASIC name  (clock net +/-)

   Source:         Sync_RAM   Q              core/engine/dp/rf/words_1_ram/RAM1  (from clk_c +)
   Destination:    FF         Data in        observe[142]  (to clk_c +)

   Delay:               0.278ns  (99.3% logic, 0.7% route), 1 logic levels.

 Constraint Details:

      0.278ns physical path delay SLICE_17 to SLICE_17 meets
     -0.013ns DIN_HLD and
      0.000ns delay constraint less
      0.000ns skew requirement (totaling -0.013ns) by 0.291ns

 Physical Path Details:

      Data path SLICE_17 to SLICE_17:

   Name    Fanout   Delay (ns)          Site               Resource
CLKTOF_DEL  ---     0.276      R7C2B.WCK to       R7C2B.F1 SLICE_17 (from clk_c)
ROUTE         3     0.002       R7C2B.F1 to      R7C2B.DI1 data[3] (to clk_c)
                  --------
                    0.278   (99.3% logic, 0.7% route), 1 logic levels.

 Clock Skew Details: 

      Source Clock Path clk to SLICE_17:

   Name    Fanout   Delay (ns)          Site               Resource
ROUTE       183     0.765       13.PADDI to      R7C2B.WCK clk_c
                  --------
                    0.765   (0.0% logic, 100.0% route), 0 logic levels.

      Destination Clock Path clk to SLICE_17:

   Name    Fanout   Delay (ns)          Site               Resource
ROUTE       183     0.765       13.PADDI to      R7C2B.CLK clk_c
                  --------
                    0.765   (0.0% logic, 100.0% route), 0 logic levels.


Passed: The following path meets requirements by 0.291ns

 Logical Details:  Cell type  Pin type       Cell/ASIC name  (clock net +/-)

   Source:         Sync_RAM   Q              core/engine/dp/rf/words_ram_2/RAM1  (from clk_c +)
   Destination:    FF         Data in        observe[169]  (to clk_c +)

   Delay:               0.278ns  (99.3% logic, 0.7% route), 1 logic levels.

 Constraint Details:

      0.278ns physical path delay SLICE_23 to SLICE_23 meets
     -0.013ns DIN_HLD and
      0.000ns delay constraint less
      0.000ns skew requirement (totaling -0.013ns) by 0.291ns

 Physical Path Details:

      Data path SLICE_23 to SLICE_23:

   Name    Fanout   Delay (ns)          Site               Resource
CLKTOF_DEL  ---     0.276      R3C2B.WCK to       R3C2B.F0 SLICE_23 (from clk_c)
ROUTE         4     0.002       R3C2B.F0 to      R3C2B.DI0 addr[14] (to clk_c)
                  --------
                    0.278   (99.3% logic, 0.7% route), 1 logic levels.

 Clock Skew Details: 

      Source Clock Path clk to SLICE_23:

   Name    Fanout   Delay (ns)          Site               Resource
ROUTE       183     0.765       13.PADDI to      R3C2B.WCK clk_c
                  --------
                    0.765   (0.0% logic, 100.0% route), 0 logic levels.

      Destination Clock Path clk to SLICE_23:

   Name    Fanout   Delay (ns)          Site               Resource
ROUTE       183     0.765       13.PADDI to      R3C2B.CLK clk_c
                  --------
                    0.765   (0.0% logic, 100.0% route), 0 logic levels.


Passed: The following path meets requirements by 0.291ns

 Logical Details:  Cell type  Pin type       Cell/ASIC name  (clock net +/-)

   Source:         Sync_RAM   Q              core/engine/dp/rf/words_ram_2/RAM1  (from clk_c +)
   Destination:    FF         Data in        observe[170]  (to clk_c +)

   Delay:               0.278ns  (99.3% logic, 0.7% route), 1 logic levels.

 Constraint Details:

      0.278ns physical path delay SLICE_23 to SLICE_23 meets
     -0.013ns DIN_HLD and
      0.000ns delay constraint less
      0.000ns skew requirement (totaling -0.013ns) by 0.291ns

 Physical Path Details:

      Data path SLICE_23 to SLICE_23:

   Name    Fanout   Delay (ns)          Site               Resource
CLKTOF_DEL  ---     0.276      R3C2B.WCK to       R3C2B.F1 SLICE_23 (from clk_c)
ROUTE         4     0.002       R3C2B.F1 to      R3C2B.DI1 addr[15] (to clk_c)
                  --------
                    0.278   (99.3% logic, 0.7% route), 1 logic levels.

 Clock Skew Details: 

      Source Clock Path clk to SLICE_23:

   Name    Fanout   Delay (ns)          Site               Resource
ROUTE       183     0.765       13.PADDI to      R3C2B.WCK clk_c
                  --------
                    0.765   (0.0% logic, 100.0% route), 0 logic levels.

      Destination Clock Path clk to SLICE_23:

   Name    Fanout   Delay (ns)          Site               Resource
ROUTE       183     0.765       13.PADDI to      R3C2B.CLK clk_c
                  --------
                    0.765   (0.0% logic, 100.0% route), 0 logic levels.


Passed: The following path meets requirements by 0.291ns

 Logical Details:  Cell type  Pin type       Cell/ASIC name  (clock net +/-)

   Source:         Sync_RAM   Q              core/engine/dp/rf/words_1_ram_2/RAM0  (from clk_c +)
   Destination:    FF         Data in        observe[152]  (to clk_c +)

   Delay:               0.278ns  (99.3% logic, 0.7% route), 1 logic levels.

 Constraint Details:

      0.278ns physical path delay SLICE_31 to SLICE_31 meets
     -0.013ns DIN_HLD and
      0.000ns delay constraint less
      0.000ns skew requirement (totaling -0.013ns) by 0.291ns

 Physical Path Details:

      Data path SLICE_31 to SLICE_31:

   Name    Fanout   Delay (ns)          Site               Resource
CLKTOF_DEL  ---     0.276      R2C4A.WCK to       R2C4A.F1 SLICE_31 (from clk_c)
ROUTE         4     0.002       R2C4A.F1 to      R2C4A.DI1 data[13] (to clk_c)
                  --------
                    0.278   (99.3% logic, 0.7% route), 1 logic levels.

 Clock Skew Details: 

      Source Clock Path clk to SLICE_31:

   Name    Fanout   Delay (ns)          Site               Resource
ROUTE       183     0.765       13.PADDI to      R2C4A.WCK clk_c
                  --------
                    0.765   (0.0% logic, 100.0% route), 0 logic levels.

      Destination Clock Path clk to SLICE_31:

   Name    Fanout   Delay (ns)          Site               Resource
ROUTE       183     0.765       13.PADDI to      R2C4A.CLK clk_c
                  --------
                    0.765   (0.0% logic, 100.0% route), 0 logic levels.


Passed: The following path meets requirements by 0.291ns

 Logical Details:  Cell type  Pin type       Cell/ASIC name  (clock net +/-)

   Source:         Sync_RAM   Q              core/engine/dp/rf/words_1_ram_1/RAM0  (from clk_c +)
   Destination:    FF         Data in        observe[148]  (to clk_c +)

   Delay:               0.278ns  (99.3% logic, 0.7% route), 1 logic levels.

 Constraint Details:

      0.278ns physical path delay SLICE_34 to SLICE_34 meets
     -0.013ns DIN_HLD and
      0.000ns delay constraint less
      0.000ns skew requirement (totaling -0.013ns) by 0.291ns

 Physical Path Details:

      Data path SLICE_34 to SLICE_34:

   Name    Fanout   Delay (ns)          Site               Resource
CLKTOF_DEL  ---     0.276      R2C5A.WCK to       R2C5A.F1 SLICE_34 (from clk_c)
ROUTE         4     0.002       R2C5A.F1 to      R2C5A.DI1 data[9] (to clk_c)
                  --------
                    0.278   (99.3% logic, 0.7% route), 1 logic levels.

 Clock Skew Details: 

      Source Clock Path clk to SLICE_34:

   Name    Fanout   Delay (ns)          Site               Resource
ROUTE       183     0.765       13.PADDI to      R2C5A.WCK clk_c
                  --------
                    0.765   (0.0% logic, 100.0% route), 0 logic levels.

      Destination Clock Path clk to SLICE_34:

   Name    Fanout   Delay (ns)          Site               Resource
ROUTE       183     0.765       13.PADDI to      R2C5A.CLK clk_c
                  --------
                    0.765   (0.0% logic, 100.0% route), 0 logic levels.


Passed: The following path meets requirements by 0.291ns

 Logical Details:  Cell type  Pin type       Cell/ASIC name  (clock net +/-)

   Source:         Sync_RAM   Q              core/engine/dp/rf/words_1_ram_1/RAM1  (from clk_c +)
   Destination:    FF         Data in        observe[149]  (to clk_c +)

   Delay:               0.278ns  (99.3% logic, 0.7% route), 1 logic levels.

 Constraint Details:

      0.278ns physical path delay SLICE_35 to SLICE_35 meets
     -0.013ns DIN_HLD and
      0.000ns delay constraint less
      0.000ns skew requirement (totaling -0.013ns) by 0.291ns

 Physical Path Details:

      Data path SLICE_35 to SLICE_35:

   Name    Fanout   Delay (ns)          Site               Resource
CLKTOF_DEL  ---     0.276      R2C5B.WCK to       R2C5B.F0 SLICE_35 (from clk_c)
ROUTE         4     0.002       R2C5B.F0 to      R2C5B.DI0 data[10] (to clk_c)
                  --------
                    0.278   (99.3% logic, 0.7% route), 1 logic levels.

 Clock Skew Details: 

      Source Clock Path clk to SLICE_35:

   Name    Fanout   Delay (ns)          Site               Resource
ROUTE       183     0.765       13.PADDI to      R2C5B.WCK clk_c
                  --------
                    0.765   (0.0% logic, 100.0% route), 0 logic levels.

      Destination Clock Path clk to SLICE_35:

   Name    Fanout   Delay (ns)          Site               Resource
ROUTE       183     0.765       13.PADDI to      R2C5B.CLK clk_c
                  --------
                    0.765   (0.0% logic, 100.0% route), 0 logic levels.


Passed: The following path meets requirements by 0.292ns

 Logical Details:  Cell type  Pin type       Cell/ASIC name  (clock net +/-)

   Source:         Sync_RAM   Q              core/engine/dp/rf/words_1_ram/RAM0  (from clk_c +)
   Destination:    FF         Data in        observe[139]  (to clk_c +)

   Delay:               0.279ns  (98.9% logic, 1.1% route), 1 logic levels.

 Constraint Details:

      0.279ns physical path delay SLICE_16 to SLICE_16 meets
     -0.013ns DIN_HLD and
      0.000ns delay constraint less
      0.000ns skew requirement (totaling -0.013ns) by 0.292ns

 Physical Path Details:

      Data path SLICE_16 to SLICE_16:

   Name    Fanout   Delay (ns)          Site               Resource
CLKTOF_DEL  ---     0.276      R7C2A.WCK to       R7C2A.F0 SLICE_16 (from clk_c)
ROUTE         3     0.003       R7C2A.F0 to      R7C2A.DI0 data[0] (to clk_c)
                  --------
                    0.279   (98.9% logic, 1.1% route), 1 logic levels.

 Clock Skew Details: 

      Source Clock Path clk to SLICE_16:

   Name    Fanout   Delay (ns)          Site               Resource
ROUTE       183     0.765       13.PADDI to      R7C2A.WCK clk_c
                  --------
                    0.765   (0.0% logic, 100.0% route), 0 logic levels.

      Destination Clock Path clk to SLICE_16:

   Name    Fanout   Delay (ns)          Site               Resource
ROUTE       183     0.765       13.PADDI to      R7C2A.CLK clk_c
                  --------
                    0.765   (0.0% logic, 100.0% route), 0 logic levels.


Passed: The following path meets requirements by 0.292ns

 Logical Details:  Cell type  Pin type       Cell/ASIC name  (clock net +/-)

   Source:         Sync_RAM   Q              core/engine/dp/rf/words_1_ram/RAM0  (from clk_c +)
   Destination:    FF         Data in        observe[140]  (to clk_c +)

   Delay:               0.279ns  (98.9% logic, 1.1% route), 1 logic levels.

 Constraint Details:

      0.279ns physical path delay SLICE_16 to SLICE_16 meets
     -0.013ns DIN_HLD and
      0.000ns delay constraint less
      0.000ns skew requirement (totaling -0.013ns) by 0.292ns

 Physical Path Details:

      Data path SLICE_16 to SLICE_16:

   Name    Fanout   Delay (ns)          Site               Resource
CLKTOF_DEL  ---     0.276      R7C2A.WCK to       R7C2A.F1 SLICE_16 (from clk_c)
ROUTE         3     0.003       R7C2A.F1 to      R7C2A.DI1 data[1] (to clk_c)
                  --------
                    0.279   (98.9% logic, 1.1% route), 1 logic levels.

 Clock Skew Details: 

      Source Clock Path clk to SLICE_16:

   Name    Fanout   Delay (ns)          Site               Resource
ROUTE       183     0.765       13.PADDI to      R7C2A.WCK clk_c
                  --------
                    0.765   (0.0% logic, 100.0% route), 0 logic levels.

      Destination Clock Path clk to SLICE_16:

   Name    Fanout   Delay (ns)          Site               Resource
ROUTE       183     0.765       13.PADDI to      R7C2A.CLK clk_c
                  --------
                    0.765   (0.0% logic, 100.0% route), 0 logic levels.


Passed: The following path meets requirements by 0.292ns

 Logical Details:  Cell type  Pin type       Cell/ASIC name  (clock net +/-)

   Source:         Sync_RAM   Q              core/engine/dp/rf/words_ram/RAM0  (from clk_c +)
   Destination:    FF         Data in        observe[156]  (to clk_c +)

   Delay:               0.279ns  (98.9% logic, 1.1% route), 1 logic levels.

 Constraint Details:

      0.279ns physical path delay SLICE_19 to SLICE_19 meets
     -0.013ns DIN_HLD and
      0.000ns delay constraint less
      0.000ns skew requirement (totaling -0.013ns) by 0.292ns

 Physical Path Details:

      Data path SLICE_19 to SLICE_19:

   Name    Fanout   Delay (ns)          Site               Resource
CLKTOF_DEL  ---     0.276     R10C3A.WCK to      R10C3A.F1 SLICE_19 (from clk_c)
ROUTE         4     0.003      R10C3A.F1 to     R10C3A.DI1 addr[1] (to clk_c)
                  --------
                    0.279   (98.9% logic, 1.1% route), 1 logic levels.

 Clock Skew Details: 

      Source Clock Path clk to SLICE_19:

   Name    Fanout   Delay (ns)          Site               Resource
ROUTE       183     0.765       13.PADDI to     R10C3A.WCK clk_c
                  --------
                    0.765   (0.0% logic, 100.0% route), 0 logic levels.

      Destination Clock Path clk to SLICE_19:

   Name    Fanout   Delay (ns)          Site               Resource
ROUTE       183     0.765       13.PADDI to     R10C3A.CLK clk_c
                  --------
                    0.765   (0.0% logic, 100.0% route), 0 logic levels.

Report Summary
--------------
----------------------------------------------------------------------------
Preference(MIN Delays)                  |   Constraint|       Actual|Levels
----------------------------------------------------------------------------
                                        |             |             |
FREQUENCY PORT "clk" 35.000000 MHz ;    |            -|            -|   1  
                                        |             |             |
----------------------------------------------------------------------------


All preferences were met.


Clock Domains Analysis
------------------------

Found 1 clocks:

Clock Domain: clk_c   Source: clk.PAD   Loads: 183
   Covered under: FREQUENCY PORT "clk" 35.000000 MHz ;


--------------------------------------------------------------------------------
                Connections not covered by the preferences
--------------------------------------------------------------------------------

     Delay                        Element                 Net

    0.525ns         SLICE_412.F0 to     serial_out.PADDO serial_out_c
    0.812ns          reset.PADDI to gine/seq/SLICE_1.LSR reset_c
    0.812ns          reset.PADDI to gine/seq/SLICE_2.LSR reset_c
    0.812ns          reset.PADDI to gine/seq/SLICE_3.LSR reset_c
    0.812ns          reset.PADDI to gine/seq/SLICE_4.LSR reset_c
    0.812ns          reset.PADDI to gine/seq/SLICE_5.LSR reset_c
    0.812ns          reset.PADDI to         SLICE_16.LSR reset_c
    0.812ns          reset.PADDI to         SLICE_17.LSR reset_c
    0.812ns          reset.PADDI to         SLICE_19.LSR reset_c
    0.812ns          reset.PADDI to         SLICE_20.LSR reset_c
    0.812ns          reset.PADDI to         SLICE_22.LSR reset_c
    0.812ns          reset.PADDI to         SLICE_23.LSR reset_c
    0.812ns          reset.PADDI to         SLICE_25.LSR reset_c
    0.812ns          reset.PADDI to         SLICE_26.LSR reset_c
    0.812ns          reset.PADDI to         SLICE_28.LSR reset_c
    0.812ns          reset.PADDI to         SLICE_29.LSR reset_c
    0.812ns          reset.PADDI to         SLICE_31.LSR reset_c
    0.812ns          reset.PADDI to         SLICE_32.LSR reset_c
    0.812ns          reset.PADDI to         SLICE_34.LSR reset_c
    0.812ns          reset.PADDI to         SLICE_35.LSR reset_c
    0.812ns          reset.PADDI to         SLICE_37.LSR reset_c
    0.812ns          reset.PADDI to         SLICE_38.LSR reset_c
    0.812ns          reset.PADDI to /engine/SLICE_39.LSR reset_c
    0.812ns          reset.PADDI to /engine/SLICE_40.LSR reset_c
    0.812ns          reset.PADDI to /engine/SLICE_41.LSR reset_c
    1.104ns          reset.PADDI to e/engine/SLICE_42.D0 reset_c
    1.104ns          reset.PADDI to e/engine/SLICE_42.D1 reset_c
    0.812ns          reset.PADDI to ine/seq/SLICE_43.LSR reset_c
    0.812ns          reset.PADDI to ine/seq/SLICE_44.LSR reset_c
    0.812ns          reset.PADDI to /engine/SLICE_46.LSR reset_c
    0.812ns          reset.PADDI to /engine/SLICE_56.LSR reset_c
    0.812ns          reset.PADDI to /engine/SLICE_57.LSR reset_c
    0.812ns          reset.PADDI to /engine/SLICE_58.LSR reset_c
    0.812ns          reset.PADDI to /engine/SLICE_59.LSR reset_c
    0.812ns          reset.PADDI to         SLICE_65.LSR reset_c
    0.812ns          reset.PADDI to         SLICE_66.LSR reset_c
    0.812ns          reset.PADDI to         SLICE_67.LSR reset_c
    0.812ns          reset.PADDI to         SLICE_68.LSR reset_c
    0.812ns          reset.PADDI to         SLICE_69.LSR reset_c
    0.812ns          reset.PADDI to         SLICE_70.LSR reset_c
    0.812ns          reset.PADDI to         SLICE_71.LSR reset_c
    0.812ns          reset.PADDI to         SLICE_72.LSR reset_c
    0.812ns          reset.PADDI to         SLICE_73.LSR reset_c
    0.812ns          reset.PADDI to         SLICE_74.LSR reset_c
    0.812ns          reset.PADDI to         SLICE_75.LSR reset_c
    0.812ns          reset.PADDI to         SLICE_76.LSR reset_c
    0.812ns          reset.PADDI to        SLICE_132.LSR reset_c
    0.812ns          reset.PADDI to        SLICE_133.LSR reset_c
    0.812ns          reset.PADDI to        SLICE_134.LSR reset_c
    0.812ns          reset.PADDI to engine/SLICE_136.LSR reset_c
    0.812ns          reset.PADDI to status/SLICE_137.LSR reset_c
    0.812ns          reset.PADDI to status/SLICE_138.LSR reset_c
    0.812ns          reset.PADDI to status/SLICE_139.LSR reset_c
    0.812ns          reset.PADDI to engine/SLICE_140.LSR reset_c
    0.812ns          reset.PADDI to engine/SLICE_141.LSR reset_c
    0.812ns          reset.PADDI to engine/SLICE_142.LSR reset_c
    0.812ns          reset.PADDI to engine/SLICE_143.LSR reset_c
    0.812ns          reset.PADDI to engine/SLICE_144.LSR reset_c
    0.812ns          reset.PADDI to engine/SLICE_145.LSR reset_c
    0.812ns          reset.PADDI to engine/SLICE_146.LSR reset_c
    0.812ns          reset.PADDI to engine/SLICE_147.LSR reset_c
    0.812ns          reset.PADDI to engine/SLICE_148.LSR reset_c
    0.812ns          reset.PADDI to engine/SLICE_149.LSR reset_c
    0.812ns          reset.PADDI to engine/SLICE_150.LSR reset_c
    0.812ns          reset.PADDI to ine/dp/SLICE_151.LSR reset_c
    0.812ns          reset.PADDI to ine/dp/SLICE_152.LSR reset_c
    0.812ns          reset.PADDI to ine/dp/SLICE_153.LSR reset_c
    0.812ns          reset.PADDI to ine/dp/SLICE_154.LSR reset_c
    0.812ns          reset.PADDI to ine/dp/SLICE_155.LSR reset_c
    0.812ns          reset.PADDI to ine/dp/SLICE_156.LSR reset_c
    0.812ns          reset.PADDI to ine/dp/SLICE_157.LSR reset_c
    0.812ns          reset.PADDI to ine/dp/SLICE_158.LSR reset_c
    0.812ns          reset.PADDI to ine/dp/SLICE_159.LSR reset_c
    0.812ns          reset.PADDI to engine/SLICE_160.LSR reset_c
    0.812ns          reset.PADDI to engine/SLICE_161.LSR reset_c
    0.812ns          reset.PADDI to        SLICE_171.LSR reset_c
    0.812ns          reset.PADDI to        SLICE_172.LSR reset_c
    0.812ns          reset.PADDI to        SLICE_173.LSR reset_c
    0.812ns          reset.PADDI to        SLICE_174.LSR reset_c
    0.812ns          reset.PADDI to        SLICE_175.LSR reset_c
    0.812ns          reset.PADDI to        SLICE_176.LSR reset_c
    0.812ns          reset.PADDI to ne/seq/SLICE_177.LSR reset_c
    0.812ns          reset.PADDI to ne/seq/SLICE_178.LSR reset_c
    0.812ns          reset.PADDI to ne/seq/SLICE_179.LSR reset_c
    0.812ns          reset.PADDI to ne/seq/SLICE_180.LSR reset_c
    0.812ns          reset.PADDI to ne/seq/SLICE_181.LSR reset_c
    1.382ns          reset.PADDI to /engine/SLICE_221.B0 reset_c
    1.104ns          reset.PADDI to /engine/SLICE_221.D1 reset_c
    1.225ns          reset.PADDI to ine/seq/SLICE_224.A0 reset_c
    1.225ns          reset.PADDI to ine/seq/SLICE_224.A1 reset_c
    0.812ns          reset.PADDI to        SLICE_236.LSR reset_c
    0.812ns          reset.PADDI to        SLICE_237.LSR reset_c
    0.812ns          reset.PADDI to        SLICE_238.LSR reset_c
    0.812ns          reset.PADDI to        SLICE_239.LSR reset_c
    0.812ns          reset.PADDI to        SLICE_240.LSR reset_c
    0.985ns          reset.PADDI to ine/seq/SLICE_250.D1 reset_c
    1.225ns          reset.PADDI to ine/seq/SLICE_255.A0 reset_c
    1.225ns          reset.PADDI to ine/seq/SLICE_256.A1 reset_c
    1.572ns          reset.PADDI to ine/seq/SLICE_257.D1 reset_c
    1.542ns          reset.PADDI to ine/seq/SLICE_262.B1 reset_c
    1.391ns          reset.PADDI to ine/seq/SLICE_269.A1 reset_c
    0.985ns          reset.PADDI to ine/seq/SLICE_273.D0 reset_c
    1.263ns          reset.PADDI to ine/seq/SLICE_274.D0 reset_c
    1.372ns          reset.PADDI to /engine/SLICE_358.B1 reset_c
    0.812ns          reset.PADDI to   core/SLICE_359.LSR reset_c
    0.812ns          reset.PADDI to   core/SLICE_360.LSR reset_c
    0.812ns          reset.PADDI to   core/SLICE_361.LSR reset_c
    0.812ns          reset.PADDI to   core/SLICE_362.LSR reset_c
    0.812ns          reset.PADDI to   core/SLICE_367.LSR reset_c
    0.812ns          reset.PADDI to   core/SLICE_368.LSR reset_c
    0.812ns          reset.PADDI to   core/SLICE_369.LSR reset_c
    0.812ns          reset.PADDI to   core/SLICE_372.LSR reset_c
    0.812ns          reset.PADDI to engine/SLICE_381.LSR reset_c
    0.812ns          reset.PADDI to        SLICE_383.LSR reset_c
    0.812ns          reset.PADDI to        SLICE_384.LSR reset_c
    0.812ns          reset.PADDI to        SLICE_385.LSR reset_c
    0.812ns          reset.PADDI to        SLICE_386.LSR reset_c
    0.812ns          reset.PADDI to        SLICE_387.LSR reset_c
    0.812ns          reset.PADDI to        SLICE_388.LSR reset_c
    0.812ns          reset.PADDI to        SLICE_389.LSR reset_c
    0.812ns          reset.PADDI to        SLICE_390.LSR reset_c
    0.812ns          reset.PADDI to        SLICE_391.LSR reset_c
    0.812ns          reset.PADDI to        SLICE_392.LSR reset_c
    0.812ns          reset.PADDI to        SLICE_393.LSR reset_c
    0.812ns          reset.PADDI to        SLICE_394.LSR reset_c
    0.812ns          reset.PADDI to        SLICE_395.LSR reset_c
    0.812ns          reset.PADDI to        SLICE_396.LSR reset_c
    0.812ns          reset.PADDI to        SLICE_397.LSR reset_c
    0.812ns          reset.PADDI to        SLICE_398.LSR reset_c
    0.812ns          reset.PADDI to        SLICE_399.LSR reset_c
    0.812ns          reset.PADDI to        SLICE_400.LSR reset_c
    0.812ns          reset.PADDI to        SLICE_401.LSR reset_c
    0.812ns          reset.PADDI to        SLICE_402.LSR reset_c
    0.812ns          reset.PADDI to        SLICE_403.LSR reset_c
    0.812ns          reset.PADDI to        SLICE_404.LSR reset_c
    0.812ns          reset.PADDI to        SLICE_405.LSR reset_c
    0.812ns          reset.PADDI to        SLICE_406.LSR reset_c
    0.812ns          reset.PADDI to        SLICE_407.LSR reset_c
    0.812ns          reset.PADDI to        SLICE_408.LSR reset_c
    0.812ns          reset.PADDI to        SLICE_409.LSR reset_c
    0.812ns          reset.PADDI to        SLICE_410.LSR reset_c
    0.812ns          reset.PADDI to        SLICE_411.LSR reset_c
    0.812ns          reset.PADDI to        SLICE_412.LSR reset_c
    0.812ns          reset.PADDI to        SLICE_413.LSR reset_c
    0.812ns          reset.PADDI to        SLICE_414.LSR reset_c
    0.812ns          reset.PADDI to        SLICE_415.LSR reset_c
    0.812ns          reset.PADDI to        SLICE_416.LSR reset_c
    0.812ns          reset.PADDI to        SLICE_417.LSR reset_c
    0.812ns          reset.PADDI to        SLICE_418.LSR reset_c
    0.812ns          reset.PADDI to        SLICE_419.LSR reset_c
    0.812ns          reset.PADDI to        SLICE_420.LSR reset_c
    0.812ns          reset.PADDI to        SLICE_421.LSR reset_c
    0.812ns          reset.PADDI to        SLICE_422.LSR reset_c
    1.850ns          reset.PADDI to ine/seq/SLICE_426.B0 reset_c
    1.377ns          reset.PADDI to ine/seq/SLICE_426.A1 reset_c
    0.812ns          reset.PADDI to        SLICE_444.LSR reset_c
    0.985ns          reset.PADDI to /engine/SLICE_465.D1 reset_c
    0.812ns          reset.PADDI to        SLICE_467.LSR reset_c
    0.812ns          reset.PADDI to        SLICE_468.LSR reset_c
    1.230ns          reset.PADDI to ine/seq/SLICE_471.B0 reset_c
    1.230ns          reset.PADDI to ine/seq/SLICE_471.B1 reset_c
    0.812ns          reset.PADDI to        SLICE_484.LSR reset_c
    0.812ns          reset.PADDI to        SLICE_485.LSR reset_c
    0.812ns          reset.PADDI to        SLICE_486.LSR reset_c
    0.812ns          reset.PADDI to        SLICE_487.LSR reset_c
    0.812ns          reset.PADDI to        SLICE_488.LSR reset_c
    0.812ns          reset.PADDI to        SLICE_489.LSR reset_c
    0.812ns          reset.PADDI to        SLICE_490.LSR reset_c
    0.812ns          reset.PADDI to        SLICE_491.LSR reset_c
    0.812ns          reset.PADDI to        SLICE_492.LSR reset_c
    0.812ns          reset.PADDI to        SLICE_493.LSR reset_c
    0.812ns          reset.PADDI to        SLICE_494.LSR reset_c
    0.812ns          reset.PADDI to        SLICE_495.LSR reset_c
    0.812ns          reset.PADDI to        SLICE_496.LSR reset_c
    0.812ns          reset.PADDI to        SLICE_497.LSR reset_c
    0.812ns          reset.PADDI to        SLICE_498.LSR reset_c
    0.812ns          reset.PADDI to        SLICE_499.LSR reset_c
    0.812ns          reset.PADDI to        SLICE_500.LSR reset_c
    1.273ns          reset.PADDI to ine/seq/SLICE_503.D1 reset_c
    0.856ns          reset.PADDI to  serial_in_MGIOL.LSR reset_c
    0.322ns         SLICE_420.Q0 to         SLICE_422.A0 observe[173]
    0.177ns      serial_in.PADDI to   serial_in_MGIOL.DI serial_in_c
    0.894ns          SLICE_22.Q1 to         SLICE_240.A0 observe[168]
    0.805ns          SLICE_23.Q0 to         SLICE_240.B0 observe[169]
    0.626ns          SLICE_23.Q1 to         SLICE_240.D0 observe[170]
    0.578ns         SLICE_134.Q0 to         SLICE_240.C0 observe[171]
    0.254ns         SLICE_240.F0 to         SLICE_240.C1 serial_out_129
    0.201ns         SLICE_412.Q0 to         SLICE_422.D1 observe[0]
    0.324ns          SLICE_65.Q0 to         SLICE_422.B1 observe[1]
    0.254ns          SLICE_65.Q1 to         SLICE_422.C1 observe[2]
    0.354ns          SLICE_66.Q0 to         SLICE_422.A1 observe[3]
    0.463ns          SLICE_66.Q1 to         SLICE_499.C1 observe[4]
    0.684ns          SLICE_67.Q0 to         SLICE_499.B1 observe[5]
    0.373ns          SLICE_67.Q1 to         SLICE_499.D1 observe[6]
    0.679ns          SLICE_68.Q0 to         SLICE_499.A1 observe[7]
    0.604ns          SLICE_68.Q1 to         SLICE_499.A0 observe[8]
    0.329ns          SLICE_69.Q0 to         SLICE_499.D0 observe[9]
    0.289ns          SLICE_69.Q1 to         SLICE_499.C0 observe[10]
    0.327ns          SLICE_70.Q0 to         SLICE_499.B0 observe[11]
    0.587ns          SLICE_70.Q1 to         SLICE_174.B0 observe[12]
    0.681ns          SLICE_71.Q0 to         SLICE_174.D0 observe[13]
    0.409ns          SLICE_71.Q1 to         SLICE_174.C0 observe[14]
    0.485ns          SLICE_72.Q0 to         SLICE_174.A0 observe[15]
    0.705ns          SLICE_72.Q1 to         SLICE_498.C1 observe[16]
    0.322ns          SLICE_73.Q0 to         SLICE_498.A1 observe[17]
    0.368ns          SLICE_73.Q1 to         SLICE_498.D1 observe[18]
    0.478ns          SLICE_74.Q0 to         SLICE_498.B1 observe[19]
    0.681ns          SLICE_74.Q1 to         SLICE_498.C0 observe[20]
    0.201ns          SLICE_75.Q0 to         SLICE_498.D0 observe[21]
    0.324ns          SLICE_75.Q1 to         SLICE_498.B0 observe[22]
    0.739ns          SLICE_76.Q0 to         SLICE_498.A0 observe[23]
    0.587ns          SLICE_76.Q1 to         SLICE_415.B1 observe[24]
    0.201ns         SLICE_420.Q1 to         SLICE_415.D1 observe[25]
    0.258ns         SLICE_421.Q0 to         SLICE_415.C1 observe[26]
    0.318ns         SLICE_421.Q1 to         SLICE_415.A1 observe[27]
    0.683ns         SLICE_413.Q0 to         SLICE_174.D1 observe[28]
    0.730ns         SLICE_413.Q1 to         SLICE_174.A1 observe[29]
    0.323ns         SLICE_414.Q0 to         SLICE_174.B1 observe[30]
    0.253ns         SLICE_414.Q1 to         SLICE_174.C1 observe[31]
    0.750ns         SLICE_499.Q0 to         SLICE_497.B1 observe[32]
    0.643ns         SLICE_499.Q1 to         SLICE_497.A1 observe[33]
    0.572ns         SLICE_498.Q0 to         SLICE_497.D1 observe[34]
    0.421ns         SLICE_498.Q1 to         SLICE_497.C1 observe[35]
    0.324ns         SLICE_497.Q0 to         SLICE_497.B0 observe[36]
    0.201ns         SLICE_497.Q1 to         SLICE_497.D0 observe[37]
    0.533ns         SLICE_176.Q1 to         SLICE_497.C0 observe[38]
    0.805ns         SLICE_484.Q0 to         SLICE_497.A0 observe[39]
    0.837ns         SLICE_484.Q1 to         SLICE_416.B1 observe[40]
    0.731ns         SLICE_400.Q0 to         SLICE_416.D1 observe[41]
    0.477ns         SLICE_400.Q1 to         SLICE_416.A1 observe[42]
    0.253ns         SLICE_398.Q0 to         SLICE_416.C1 observe[43]
    0.519ns         SLICE_398.Q1 to         SLICE_173.D0 observe[44]
    0.477ns         SLICE_236.Q0 to         SLICE_173.A0 observe[45]
    0.253ns         SLICE_236.Q1 to         SLICE_173.C0 observe[46]
    0.491ns         SLICE_238.Q0 to         SLICE_173.B0 observe[47]
    0.510ns         SLICE_238.Q1 to         SLICE_496.C1 observe[48]
    0.797ns         SLICE_391.Q0 to         SLICE_496.B1 observe[49]
    0.524ns         SLICE_391.Q1 to         SLICE_496.D1 observe[50]
    0.485ns         SLICE_389.Q0 to         SLICE_496.A1 observe[51]
    0.306ns         SLICE_389.Q1 to         SLICE_496.D0 observe[52]
    0.318ns         SLICE_468.Q0 to         SLICE_496.A0 observe[53]
    0.413ns         SLICE_468.Q1 to         SLICE_496.C0 observe[54]
    0.327ns         SLICE_239.Q0 to         SLICE_496.B0 observe[55]
    0.423ns         SLICE_239.Q1 to         SLICE_417.A1 observe[56]
    0.576ns         SLICE_409.Q0 to         SLICE_417.C1 observe[57]
    0.360ns         SLICE_409.Q1 to         SLICE_417.D1 observe[58]
    0.781ns         SLICE_406.Q0 to         SLICE_417.B1 observe[59]
    0.359ns         SLICE_406.Q1 to         SLICE_173.C1 observe[60]
    0.306ns         SLICE_410.Q0 to         SLICE_173.D1 observe[61]
    0.473ns         SLICE_410.Q1 to         SLICE_173.A1 observe[62]
    0.327ns         SLICE_486.Q0 to         SLICE_173.B1 observe[63]
    0.477ns         SLICE_486.Q1 to         SLICE_495.A1 observe[64]
    0.482ns         SLICE_408.Q0 to         SLICE_495.B1 observe[65]
    0.258ns         SLICE_408.Q1 to         SLICE_495.C1 observe[66]
    0.306ns         SLICE_500.Q0 to         SLICE_495.D1 observe[67]
    0.643ns         SLICE_500.Q1 to         SLICE_495.A0 observe[68]
    0.413ns         SLICE_404.Q0 to         SLICE_495.C0 observe[69]
    0.360ns         SLICE_404.Q1 to         SLICE_495.D0 observe[70]
    0.323ns         SLICE_405.Q0 to         SLICE_495.B0 observe[71]
    0.318ns         SLICE_405.Q1 to         SLICE_418.A1 observe[72]
    0.428ns         SLICE_383.Q0 to         SLICE_418.B1 observe[73]
    0.306ns         SLICE_383.Q1 to         SLICE_418.D1 observe[74]
    0.517ns         SLICE_390.Q0 to         SLICE_418.C1 observe[75]
    0.423ns         SLICE_390.Q1 to         SLICE_494.A1 observe[76]
    0.682ns         SLICE_387.Q0 to         SLICE_494.C1 observe[77]
    0.690ns         SLICE_387.Q1 to         SLICE_494.D1 observe[78]
    0.327ns         SLICE_485.Q0 to         SLICE_494.B1 observe[79]
    0.624ns         SLICE_485.Q1 to         SLICE_494.A0 observe[80]
    0.670ns         SLICE_393.Q0 to         SLICE_494.D0 observe[81]
    0.359ns         SLICE_393.Q1 to         SLICE_494.C0 observe[82]
    0.491ns         SLICE_388.Q0 to         SLICE_494.B0 observe[83]
    0.327ns         SLICE_388.Q1 to         SLICE_493.B1 observe[84]
    0.409ns         SLICE_385.Q0 to         SLICE_493.C1 observe[85]
    0.582ns         SLICE_385.Q1 to         SLICE_493.A1 observe[86]
    0.464ns         SLICE_399.Q0 to         SLICE_493.D1 observe[87]
    0.587ns         SLICE_399.Q1 to         SLICE_493.B0 observe[88]
    0.254ns         SLICE_395.Q0 to         SLICE_493.C0 observe[89]
    0.201ns         SLICE_395.Q1 to         SLICE_493.D0 observe[90]
    0.643ns         SLICE_397.Q0 to         SLICE_493.A0 observe[91]
    0.868ns         SLICE_397.Q1 to         SLICE_172.A0 observe[92]
    0.409ns         SLICE_411.Q0 to         SLICE_172.C0 observe[93]
    0.306ns         SLICE_411.Q1 to         SLICE_172.D0 observe[94]
    0.478ns         SLICE_384.Q0 to         SLICE_172.B0 observe[95]
    0.629ns         SLICE_384.Q1 to         SLICE_492.A1 observe[96]
    0.421ns         SLICE_394.Q0 to         SLICE_492.C1 observe[97]
    0.327ns         SLICE_394.Q1 to         SLICE_492.B1 observe[98]
    0.525ns         SLICE_237.Q0 to         SLICE_492.D1 observe[99]
    0.618ns         SLICE_412.Q1 to         SLICE_492.A0 observe[100]
    0.775ns         SLICE_496.Q0 to         SLICE_492.B0 observe[101]
    0.539ns         SLICE_496.Q1 to         SLICE_492.D0 observe[102]
    0.730ns         SLICE_495.Q0 to         SLICE_492.C0 observe[103]
    0.860ns         SLICE_495.Q1 to         SLICE_419.B1 observe[104]
    0.661ns         SLICE_494.Q0 to         SLICE_419.C1 observe[105]
    0.204ns         SLICE_494.Q1 to         SLICE_419.D1 observe[106]
    0.485ns         SLICE_493.Q0 to         SLICE_419.A1 observe[107]
    0.482ns         SLICE_493.Q1 to         SLICE_172.B1 observe[108]
    0.254ns         SLICE_492.Q0 to         SLICE_172.C1 observe[109]
    0.319ns         SLICE_492.Q1 to         SLICE_172.A1 observe[110]
    0.368ns         SLICE_491.Q0 to         SLICE_172.D1 observe[111]
    0.201ns         SLICE_491.Q1 to         SLICE_491.D1 observe[112]
    0.473ns         SLICE_490.Q0 to         SLICE_491.A1 observe[113]
    0.421ns         SLICE_490.Q1 to         SLICE_491.C1 observe[114]
    0.323ns         SLICE_489.Q0 to         SLICE_491.B1 observe[115]
    0.360ns         SLICE_489.Q1 to         SLICE_491.D0 observe[116]
    0.675ns         SLICE_488.Q0 to         SLICE_491.C0 observe[117]
    0.579ns         SLICE_488.Q1 to         SLICE_491.B0 observe[118]
    0.322ns         SLICE_487.Q0 to         SLICE_491.A0 observe[119]
    0.461ns         SLICE_487.Q1 to         SLICE_420.D1 observe[120]
    0.254ns         SLICE_240.Q0 to         SLICE_420.C1 observe[121]
    0.324ns         SLICE_240.Q1 to         SLICE_420.B1 observe[122]
    0.318ns         SLICE_422.Q0 to         SLICE_420.A1 observe[123]
    0.319ns         SLICE_422.Q1 to         SLICE_171.A0 observe[124]
    0.421ns         SLICE_415.Q0 to         SLICE_171.C0 observe[125]
    0.204ns         SLICE_415.Q1 to         SLICE_171.D0 observe[126]
    0.587ns         SLICE_416.Q0 to         SLICE_171.B0 observe[127]
    0.428ns         SLICE_416.Q1 to         SLICE_490.B1 observe[128]
    0.881ns         SLICE_417.Q0 to         SLICE_490.C1 observe[129]
    0.368ns         SLICE_417.Q1 to         SLICE_490.D1 observe[130]
    0.637ns         SLICE_418.Q0 to         SLICE_490.A1 observe[131]
    0.675ns         SLICE_418.Q1 to         SLICE_490.C0 observe[132]
    0.587ns         SLICE_419.Q0 to         SLICE_490.B0 observe[133]
    0.473ns         SLICE_419.Q1 to         SLICE_490.A0 observe[134]
    0.204ns         SLICE_132.Q0 to         SLICE_490.D0 observe[135]
    0.324ns         SLICE_132.Q1 to         SLICE_421.B1 observe[136]
    0.319ns         SLICE_133.Q0 to         SLICE_421.A1 observe[137]
    0.201ns         SLICE_133.Q1 to         SLICE_421.D1 observe[138]
    0.586ns          SLICE_16.Q0 to         SLICE_421.C1 observe[139]
    0.739ns          SLICE_16.Q1 to         SLICE_489.C1 observe[140]
    0.670ns          SLICE_17.Q0 to         SLICE_489.D1 observe[141]
    0.605ns          SLICE_17.Q1 to         SLICE_489.A1 observe[142]
    0.359ns          SLICE_37.Q0 to         SLICE_489.B1 observe[143]
    0.359ns          SLICE_37.Q1 to         SLICE_489.B0 observe[144]
    0.391ns          SLICE_38.Q0 to         SLICE_489.D0 observe[145]
    0.447ns          SLICE_38.Q1 to         SLICE_489.A0 observe[146]
    0.359ns          SLICE_34.Q0 to         SLICE_489.C0 observe[147]
    0.356ns          SLICE_34.Q1 to         SLICE_488.D1 observe[148]
    0.473ns          SLICE_35.Q0 to         SLICE_488.A1 observe[149]
    0.253ns          SLICE_35.Q1 to         SLICE_488.C1 observe[150]
    0.428ns          SLICE_31.Q0 to         SLICE_488.B1 observe[151]
    0.579ns          SLICE_31.Q1 to         SLICE_488.C0 observe[152]
    0.737ns          SLICE_32.Q0 to         SLICE_488.A0 observe[153]
    0.584ns          SLICE_32.Q1 to         SLICE_488.B0 observe[154]
    0.620ns          SLICE_19.Q0 to         SLICE_488.D0 observe[155]
    0.776ns          SLICE_19.Q1 to         SLICE_171.C1 observe[156]
    0.685ns          SLICE_20.Q0 to         SLICE_171.A1 observe[157]
    0.909ns          SLICE_20.Q1 to         SLICE_171.B1 observe[158]
    0.789ns          SLICE_28.Q0 to         SLICE_171.D1 observe[159]
    0.592ns          SLICE_28.Q1 to         SLICE_487.C1 observe[160]
    0.469ns          SLICE_29.Q0 to         SLICE_487.D1 observe[161]
    0.661ns          SLICE_29.Q1 to         SLICE_487.B1 observe[162]
    0.318ns          SLICE_25.Q0 to         SLICE_487.A1 observe[163]
    0.258ns          SLICE_25.Q1 to         SLICE_487.C0 observe[164]
    0.482ns          SLICE_26.Q0 to         SLICE_487.B0 observe[165]
    0.204ns          SLICE_26.Q1 to         SLICE_487.D0 observe[166]
    0.582ns          SLICE_22.Q0 to         SLICE_487.A0 observe[167]
    0.464ns         SLICE_134.Q1 to         SLICE_422.D0 observe[172]
    0.323ns         SLICE_240.F1 to         SLICE_412.B0 serial_out_162
    0.319ns         SLICE_412.F1 to         SLICE_412.A0 serial_out_163
    0.457ns         SLICE_413.F0 to         SLICE_412.D0 serial_out_169
    0.253ns         SLICE_414.F0 to         SLICE_412.C0 serial_out_170
    0.204ns         SLICE_416.F0 to         SLICE_413.D0 serial_out_154
    0.579ns         SLICE_417.F0 to         SLICE_413.B0 serial_out_155
    0.582ns         SLICE_418.F0 to         SLICE_413.A0 serial_out_156
    0.156ns         SLICE_413.F1 to         SLICE_413.C0 serial_out_157
    0.726ns         SLICE_419.F0 to         SLICE_414.A0 serial_out_158
    0.103ns         SLICE_420.F0 to         SLICE_414.D0 serial_out_159
    0.744ns         SLICE_421.F0 to         SLICE_414.B0 serial_out_160
    0.156ns         SLICE_414.F1 to         SLICE_414.C0 serial_out_161
    0.688ns         SLICE_499.F1 to         SLICE_412.D1 serial_out_88
    0.517ns         SLICE_499.F0 to         SLICE_412.C1 serial_out_89
    0.226ns         SLICE_422.F0 to         SLICE_412.B1 serial_out_130
    0.322ns         SLICE_415.F0 to         SLICE_412.A1 serial_out_153
    0.323ns         SLICE_174.F0 to         SLICE_415.B0 serial_out_90
    0.683ns         SLICE_498.F1 to         SLICE_415.D0 serial_out_91
    0.739ns         SLICE_498.F0 to         SLICE_415.A0 serial_out_92
    0.156ns         SLICE_415.F1 to         SLICE_415.C0 serial_out_93
    0.738ns         SLICE_174.F1 to         SLICE_416.B0 serial_out_94
    0.473ns         SLICE_497.F1 to         SLICE_416.A0 serial_out_95
    0.683ns         SLICE_497.F0 to         SLICE_416.D0 serial_out_96
    0.156ns         SLICE_416.F1 to         SLICE_416.C0 serial_out_97
    0.464ns         SLICE_173.F0 to         SLICE_417.D0 serial_out_98
    0.226ns         SLICE_496.F1 to         SLICE_417.B0 serial_out_99
    0.221ns         SLICE_496.F0 to         SLICE_417.A0 serial_out_100
    0.156ns         SLICE_417.F1 to         SLICE_417.C0 serial_out_101
    0.584ns         SLICE_173.F1 to         SLICE_418.B0 serial_out_102
    0.319ns         SLICE_495.F1 to         SLICE_418.A0 serial_out_103
    0.201ns         SLICE_495.F0 to         SLICE_418.D0 serial_out_104
    0.156ns         SLICE_418.F1 to         SLICE_418.C0 serial_out_105
    0.204ns         SLICE_494.F1 to         SLICE_413.D1 serial_out_106
    0.482ns         SLICE_494.F0 to         SLICE_413.B1 serial_out_107
    0.423ns         SLICE_493.F1 to         SLICE_413.A1 serial_out_108
    0.359ns         SLICE_493.F0 to         SLICE_413.C1 serial_out_109
    0.221ns         SLICE_172.F0 to         SLICE_419.A0 serial_out_110
    0.226ns         SLICE_492.F1 to         SLICE_419.B0 serial_out_111
    0.103ns         SLICE_492.F0 to         SLICE_419.D0 serial_out_112
    0.156ns         SLICE_419.F1 to         SLICE_419.C0 serial_out_113
    0.797ns         SLICE_172.F1 to         SLICE_420.B0 serial_out_114
    0.621ns         SLICE_491.F1 to         SLICE_420.D0 serial_out_115
    0.574ns         SLICE_491.F0 to         SLICE_420.A0 serial_out_116
    0.156ns         SLICE_420.F1 to         SLICE_420.C0 serial_out_117
    0.578ns         SLICE_171.F0 to         SLICE_421.A0 serial_out_118
    0.258ns         SLICE_490.F1 to         SLICE_421.C0 serial_out_119
    0.368ns         SLICE_490.F0 to         SLICE_421.D0 serial_out_120
    0.226ns         SLICE_421.F1 to         SLICE_421.B0 serial_out_121
    0.730ns         SLICE_489.F1 to         SLICE_414.C1 serial_out_122
    0.559ns         SLICE_489.F0 to         SLICE_414.D1 serial_out_123
    0.770ns         SLICE_488.F1 to         SLICE_414.A1 serial_out_124
    0.648ns         SLICE_488.F0 to         SLICE_414.B1 serial_out_125
    0.200ns         SLICE_171.F1 to         SLICE_240.D1 serial_out_126
    0.428ns         SLICE_487.F1 to         SLICE_240.B1 serial_out_127
    0.776ns         SLICE_487.F0 to         SLICE_240.A1 serial_out_128
    0.226ns         SLICE_422.F1 to         SLICE_422.B0 serial_out_87

--------------------------------------------------------------------------------


Timing summary (Hold):
---------------

Timing errors: 0  Score: 0
Cumulative negative slack: 0

Constraints cover 828495 paths, 1 nets, and 3598 connections (89.73% coverage)



Timing summary (Setup and Hold):
---------------

Timing errors: 0 (setup), 0 (hold)
Score: 0 (setup), 0 (hold)
Cumulative negative slack: 0 (0+0)
--------------------------------------------------------------------------------

--------------------------------------------------------------------------------

