
Loading design for application trce from file cp21a_impl1.ncd.
Design name: uj11_probe_core
NCD version: 3.3
Vendor:      LATTICE
Device:      LCMXO2-1200HC
Package:     QFN32
Performance: 4
Loading device for application trce from file 'xo2c1200.nph' in environment: /home/sash/.local/lscc/diamond/3.14/ispfpga.
Package Status:                     Final          Version 1.44.
Performance Hardware Data Status:   Final          Version 36.4.
Setup and Hold Report

--------------------------------------------------------------------------------
Lattice TRACE Report - Setup, Version Diamond (64-bit) 3.14.0.75.2
Wed Sep  9 12:45:08 2026

Copyright (c) 1991-1994 by NeoCAD Inc. All rights reserved.
Copyright (c) 1995 AT&T Corp.   All rights reserved.
Copyright (c) 1995-2001 Lucent Technologies Inc.  All rights reserved.
Copyright (c) 2001 Agere Systems   All rights reserved.
Copyright (c) 2002-2024 Lattice Semiconductor Corporation,  All rights reserved.

Report Information
------------------
Command line:    trce -v 10 -c -u 0 -gt -sethld -sp 4 -sphld m -o cp21a_impl1.twr cp21a_impl1.ncd cp21a_impl1.prf 
Design file:     cp21a_impl1.ncd
Preference file: cp21a_impl1.prf
Device,speed:    LCMXO2-1200HC,4
Report level:    verbose report, limited to 10 items per preference
--------------------------------------------------------------------------------

BLOCK ASYNCPATHS
BLOCK RESETPATHS
--------------------------------------------------------------------------------



================================================================================
Preference: FREQUENCY PORT "clk" 35.000000 MHz ;
            4096 items scored, 0 timing errors detected.
--------------------------------------------------------------------------------


Passed: The following path meets requirements by 1.453ns

 Logical Details:  Cell type  Pin type       Cell/ASIC name  (clock net +/-)

   Source:         DP8KC      Port           core/engine/rom/lane_2(ASIC)  (from clk_c +)
   Destination:    FF         Data in        core/engine/status/psw[2]  (to clk_c +)

   Delay:              26.779ns  (46.4% logic, 53.6% route), 16 logic levels.

 Constraint Details:

     26.779ns physical path delay core/engine/rom/lane_2 to core/engine/status/SLICE_138 meets
     28.571ns delay constraint less
      0.173ns skew and
      0.166ns DIN_SET requirement (totaling 28.232ns) by 1.453ns

 Physical Path Details:

      Data path core/engine/rom/lane_2 to core/engine/status/SLICE_138:

   Name    Fanout   Delay (ns)          Site               Resource
C2Q_DEL     ---     4.979  EBR_R6C4.CLKA to  EBR_R6C4.DOA3 core/engine/rom/lane_2 (from clk_c)
ROUTE         5     1.530  EBR_R6C4.DOA3 to      R7C11D.D1 uword[21]
CTOF_DEL    ---     0.495      R7C11D.D1 to      R7C11D.F1 core/engine/SLICE_477
ROUTE         1     1.476      R7C11D.F1 to       R4C8D.D1 core/engine/un23_select_register[0]
CTOF_DEL    ---     0.495       R4C8D.D1 to       R4C8D.F1 SLICE_74
ROUTE        25     1.403       R4C8D.F1 to      R4C10A.A1 rf_address[0]
CTOF_DEL    ---     0.495      R4C10A.A1 to      R4C10A.F1 SLICE_16
ROUTE         3     1.200      R4C10A.F1 to      R8C10B.D0 data[1]
CTOF_DEL    ---     0.495      R8C10B.D0 to      R8C10B.F0 core/engine/dp/SLICE_448
ROUTE         1     0.744      R8C10B.F0 to      R7C10B.C1 core/engine/dp/lhs_0[1]
CTOF_DEL    ---     0.495      R7C10B.C1 to      R7C10B.F1 core/engine/dp/SLICE_305
ROUTE         8     2.383      R7C10B.F1 to       R8C3B.A0 core/engine/dp/lhs[1]
C0TOFCO_DE  ---     1.023       R8C3B.A0 to      R8C3B.FCO core/engine/dp/alu/SLICE_13
ROUTE         1     0.000      R8C3B.FCO to      R8C3C.FCI core/engine/dp/alu/un1_arithmetic_b_cry_2
FCITOFCO_D  ---     0.162      R8C3C.FCI to      R8C3C.FCO core/engine/dp/alu/SLICE_12
ROUTE         1     0.000      R8C3C.FCO to      R8C3D.FCI core/engine/dp/alu/un1_arithmetic_b_cry_4
FCITOFCO_D  ---     0.162      R8C3D.FCI to      R8C3D.FCO core/engine/dp/alu/SLICE_11
ROUTE         1     0.000      R8C3D.FCO to      R8C4A.FCI core/engine/dp/alu/un1_arithmetic_b_cry_6
FCITOF1_DE  ---     0.643      R8C4A.FCI to       R8C4A.F1 core/engine/dp/alu/SLICE_10
ROUTE         3     1.428       R8C4A.F1 to       R7C7B.C1 core/engine/dp/alu/un1_arithmetic_b_cry_7_0_S1
CTOF_DEL    ---     0.495       R7C7B.C1 to       R7C7B.F1 core/engine/dp/alu/SLICE_304
ROUTE         1     0.436       R7C7B.F1 to       R7C7B.C0 core/engine/dp/alu/result_8_0[8]
CTOF_DEL    ---     0.495       R7C7B.C0 to       R7C7B.F0 core/engine/dp/alu/SLICE_304
ROUTE         2     0.717       R7C7B.F0 to       R5C7A.D0 core/engine/dp/result_12[8]
CTOF_DEL    ---     0.495       R5C7A.D0 to       R5C7A.F0 core/engine/SLICE_142
ROUTE         5     0.673       R5C7A.F0 to       R5C7C.A0 core/engine/result[8]
CTOF_DEL    ---     0.495       R5C7C.A0 to       R5C7C.F0 SLICE_174
ROUTE         1     0.744       R5C7C.F0 to       R5C6C.C0 core/engine/dp/alu/un41_nzvc_4
CTOF_DEL    ---     0.495       R5C6C.C0 to       R5C6C.F0 core/engine/dp/alu/SLICE_298
ROUTE         1     1.631       R5C6C.F0 to      R7C12A.A0 core/engine/un25_nzvc
CTOF_DEL    ---     0.495      R7C12A.A0 to      R7C12A.F0 core/engine/status/SLICE_138
ROUTE         1     0.000      R7C12A.F0 to     R7C12A.DI0 core/engine/status/psw_6[2] (to clk_c)
                  --------
                   26.779   (46.4% logic, 53.6% route), 16 logic levels.

 Clock Skew Details: 

      Source Clock Path clk to core/engine/rom/lane_2:

   Name    Fanout   Delay (ns)          Site               Resource
ROUTE       181     2.351       13.PADDI to  EBR_R6C4.CLKA clk_c
                  --------
                    2.351   (0.0% logic, 100.0% route), 0 logic levels.

      Destination Clock Path clk to core/engine/status/SLICE_138:

   Name    Fanout   Delay (ns)          Site               Resource
ROUTE       181     2.178       13.PADDI to     R7C12A.CLK clk_c
                  --------
                    2.178   (0.0% logic, 100.0% route), 0 logic levels.


Passed: The following path meets requirements by 1.523ns

 Logical Details:  Cell type  Pin type       Cell/ASIC name  (clock net +/-)

   Source:         DP8KC      Port           core/engine/rom/lane_2(ASIC)  (from clk_c +)
   Destination:    FF         Data in        core/engine/status/psw[2]  (to clk_c +)

   Delay:              26.709ns  (51.0% logic, 49.0% route), 18 logic levels.

 Constraint Details:

     26.709ns physical path delay core/engine/rom/lane_2 to core/engine/status/SLICE_138 meets
     28.571ns delay constraint less
      0.173ns skew and
      0.166ns DIN_SET requirement (totaling 28.232ns) by 1.523ns

 Physical Path Details:

      Data path core/engine/rom/lane_2 to core/engine/status/SLICE_138:

   Name    Fanout   Delay (ns)          Site               Resource
C2Q_DEL     ---     4.979  EBR_R6C4.CLKA to  EBR_R6C4.DOA8 core/engine/rom/lane_2 (from clk_c)
ROUTE         5     1.693  EBR_R6C4.DOA8 to      R7C10D.D1 uword[26]
CTOF_DEL    ---     0.495      R7C10D.D1 to      R7C10D.F1 core/engine/SLICE_364
ROUTE         1     0.436      R7C10D.F1 to      R7C10D.C0 core/engine/un6_select_register[2]
CTOF_DEL    ---     0.495      R7C10D.C0 to      R7C10D.F0 core/engine/SLICE_364
ROUTE        18     0.764      R7C10D.F0 to      R7C10A.C1 core/engine/un9_d_axb2
CTOF_DEL    ---     0.495      R7C10A.C1 to      R7C10A.F1 core/engine/SLICE_361
ROUTE         1     0.626      R7C10A.F1 to      R7C10A.D0 core/engine/un7_d
CTOF_DEL    ---     0.495      R7C10A.D0 to      R7C10A.F0 core/engine/SLICE_361
ROUTE         6     0.791      R7C10A.F0 to      R7C11C.C0 core/engine/d_sn_N_5
CTOOFX_DEL  ---     0.721      R7C11C.C0 to    R7C11C.OFX0 core/engine/d[1]/SLICE_212
ROUTE         2     0.972    R7C11C.OFX0 to      R8C10A.D0 core/engine/d[1]
CTOF_DEL    ---     0.495      R8C10A.D0 to      R8C10A.F0 core/engine/dp/SLICE_328
ROUTE         1     0.626      R8C10A.F0 to      R8C10A.D1 core/engine/dp/un1_d[1]
CTOF_DEL    ---     0.495      R8C10A.D1 to      R8C10A.F1 core/engine/dp/SLICE_328
ROUTE         3     1.542      R8C10A.F1 to       R8C3B.B0 core/engine/dp/rhs[1]
C0TOFCO_DE  ---     1.023       R8C3B.B0 to      R8C3B.FCO core/engine/dp/alu/SLICE_13
ROUTE         1     0.000      R8C3B.FCO to      R8C3C.FCI core/engine/dp/alu/un1_arithmetic_b_cry_2
FCITOFCO_D  ---     0.162      R8C3C.FCI to      R8C3C.FCO core/engine/dp/alu/SLICE_12
ROUTE         1     0.000      R8C3C.FCO to      R8C3D.FCI core/engine/dp/alu/un1_arithmetic_b_cry_4
FCITOFCO_D  ---     0.162      R8C3D.FCI to      R8C3D.FCO core/engine/dp/alu/SLICE_11
ROUTE         1     0.000      R8C3D.FCO to      R8C4A.FCI core/engine/dp/alu/un1_arithmetic_b_cry_6
FCITOF1_DE  ---     0.643      R8C4A.FCI to       R8C4A.F1 core/engine/dp/alu/SLICE_10
ROUTE         3     1.428       R8C4A.F1 to       R7C7B.C1 core/engine/dp/alu/un1_arithmetic_b_cry_7_0_S1
CTOF_DEL    ---     0.495       R7C7B.C1 to       R7C7B.F1 core/engine/dp/alu/SLICE_304
ROUTE         1     0.436       R7C7B.F1 to       R7C7B.C0 core/engine/dp/alu/result_8_0[8]
CTOF_DEL    ---     0.495       R7C7B.C0 to       R7C7B.F0 core/engine/dp/alu/SLICE_304
ROUTE         2     0.717       R7C7B.F0 to       R5C7A.D0 core/engine/dp/result_12[8]
CTOF_DEL    ---     0.495       R5C7A.D0 to       R5C7A.F0 core/engine/SLICE_142
ROUTE         5     0.673       R5C7A.F0 to       R5C7C.A0 core/engine/result[8]
CTOF_DEL    ---     0.495       R5C7C.A0 to       R5C7C.F0 SLICE_174
ROUTE         1     0.744       R5C7C.F0 to       R5C6C.C0 core/engine/dp/alu/un41_nzvc_4
CTOF_DEL    ---     0.495       R5C6C.C0 to       R5C6C.F0 core/engine/dp/alu/SLICE_298
ROUTE         1     1.631       R5C6C.F0 to      R7C12A.A0 core/engine/un25_nzvc
CTOF_DEL    ---     0.495      R7C12A.A0 to      R7C12A.F0 core/engine/status/SLICE_138
ROUTE         1     0.000      R7C12A.F0 to     R7C12A.DI0 core/engine/status/psw_6[2] (to clk_c)
                  --------
                   26.709   (51.0% logic, 49.0% route), 18 logic levels.

 Clock Skew Details: 

      Source Clock Path clk to core/engine/rom/lane_2:

   Name    Fanout   Delay (ns)          Site               Resource
ROUTE       181     2.351       13.PADDI to  EBR_R6C4.CLKA clk_c
                  --------
                    2.351   (0.0% logic, 100.0% route), 0 logic levels.

      Destination Clock Path clk to core/engine/status/SLICE_138:

   Name    Fanout   Delay (ns)          Site               Resource
ROUTE       181     2.178       13.PADDI to     R7C12A.CLK clk_c
                  --------
                    2.178   (0.0% logic, 100.0% route), 0 logic levels.


Passed: The following path meets requirements by 1.550ns

 Logical Details:  Cell type  Pin type       Cell/ASIC name  (clock net +/-)

   Source:         DP8KC      Port           core/engine/rom/lane_2(ASIC)  (from clk_c +)
   Destination:    FF         Data in        core/engine/status/psw[2]  (to clk_c +)

   Delay:              26.682ns  (46.1% logic, 53.9% route), 16 logic levels.

 Constraint Details:

     26.682ns physical path delay core/engine/rom/lane_2 to core/engine/status/SLICE_138 meets
     28.571ns delay constraint less
      0.173ns skew and
      0.166ns DIN_SET requirement (totaling 28.232ns) by 1.550ns

 Physical Path Details:

      Data path core/engine/rom/lane_2 to core/engine/status/SLICE_138:

   Name    Fanout   Delay (ns)          Site               Resource
C2Q_DEL     ---     4.979  EBR_R6C4.CLKA to  EBR_R6C4.DOA3 core/engine/rom/lane_2 (from clk_c)
ROUTE         5     1.530  EBR_R6C4.DOA3 to      R7C11D.D1 uword[21]
CTOF_DEL    ---     0.495      R7C11D.D1 to      R7C11D.F1 core/engine/SLICE_477
ROUTE         1     1.476      R7C11D.F1 to       R4C8D.D1 core/engine/un23_select_register[0]
CTOF_DEL    ---     0.495       R4C8D.D1 to       R4C8D.F1 SLICE_74
ROUTE        25     1.403       R4C8D.F1 to      R4C10A.A1 rf_address[0]
CTOF_DEL    ---     0.495      R4C10A.A1 to      R4C10A.F1 SLICE_16
ROUTE         3     1.200      R4C10A.F1 to      R8C10B.D0 data[1]
CTOF_DEL    ---     0.495      R8C10B.D0 to      R8C10B.F0 core/engine/dp/SLICE_448
ROUTE         1     0.744      R8C10B.F0 to      R7C10B.C1 core/engine/dp/lhs_0[1]
CTOF_DEL    ---     0.495      R7C10B.C1 to      R7C10B.F1 core/engine/dp/SLICE_305
ROUTE         8     2.383      R7C10B.F1 to       R8C3B.A0 core/engine/dp/lhs[1]
C0TOFCO_DE  ---     1.023       R8C3B.A0 to      R8C3B.FCO core/engine/dp/alu/SLICE_13
ROUTE         1     0.000      R8C3B.FCO to      R8C3C.FCI core/engine/dp/alu/un1_arithmetic_b_cry_2
FCITOFCO_D  ---     0.162      R8C3C.FCI to      R8C3C.FCO core/engine/dp/alu/SLICE_12
ROUTE         1     0.000      R8C3C.FCO to      R8C3D.FCI core/engine/dp/alu/un1_arithmetic_b_cry_4
FCITOFCO_D  ---     0.162      R8C3D.FCI to      R8C3D.FCO core/engine/dp/alu/SLICE_11
ROUTE         1     0.000      R8C3D.FCO to      R8C4A.FCI core/engine/dp/alu/un1_arithmetic_b_cry_6
FCITOFCO_D  ---     0.162      R8C4A.FCI to      R8C4A.FCO core/engine/dp/alu/SLICE_10
ROUTE         1     0.000      R8C4A.FCO to      R8C4B.FCI core/engine/dp/alu/un1_arithmetic_b_cry_8
FCITOF1_DE  ---     0.643      R8C4B.FCI to       R8C4B.F1 core/engine/dp/alu/SLICE_9
ROUTE         2     1.088       R8C4B.F1 to       R7C5C.C0 core/engine/dp/alu/un1_arithmetic_b_cry_9_0_S1
CTOF_DEL    ---     0.495       R7C5C.C0 to       R7C5C.F0 core/engine/dp/SLICE_317
ROUTE         1     1.035       R7C5C.F0 to       R5C5D.D0 core/engine/dp/alu/result_5[10]
CTOOFX_DEL  ---     0.721       R5C5D.D0 to     R5C5D.OFX0 core/engine/SLICE_144
ROUTE         6     1.141     R5C5D.OFX0 to       R5C7C.C0 core/engine/result[10]
CTOF_DEL    ---     0.495       R5C7C.C0 to       R5C7C.F0 SLICE_174
ROUTE         1     0.744       R5C7C.F0 to       R5C6C.C0 core/engine/dp/alu/un41_nzvc_4
CTOF_DEL    ---     0.495       R5C6C.C0 to       R5C6C.F0 core/engine/dp/alu/SLICE_298
ROUTE         1     1.631       R5C6C.F0 to      R7C12A.A0 core/engine/un25_nzvc
CTOF_DEL    ---     0.495      R7C12A.A0 to      R7C12A.F0 core/engine/status/SLICE_138
ROUTE         1     0.000      R7C12A.F0 to     R7C12A.DI0 core/engine/status/psw_6[2] (to clk_c)
                  --------
                   26.682   (46.1% logic, 53.9% route), 16 logic levels.

 Clock Skew Details: 

      Source Clock Path clk to core/engine/rom/lane_2:

   Name    Fanout   Delay (ns)          Site               Resource
ROUTE       181     2.351       13.PADDI to  EBR_R6C4.CLKA clk_c
                  --------
                    2.351   (0.0% logic, 100.0% route), 0 logic levels.

      Destination Clock Path clk to core/engine/status/SLICE_138:

   Name    Fanout   Delay (ns)          Site               Resource
ROUTE       181     2.178       13.PADDI to     R7C12A.CLK clk_c
                  --------
                    2.178   (0.0% logic, 100.0% route), 0 logic levels.


Passed: The following path meets requirements by 1.559ns

 Logical Details:  Cell type  Pin type       Cell/ASIC name  (clock net +/-)

   Source:         DP8KC      Port           core/engine/rom/lane_2(ASIC)  (from clk_c +)
   Destination:    FF         Data in        core/engine/status/psw[2]  (to clk_c +)

   Delay:              26.673ns  (44.3% logic, 55.7% route), 13 logic levels.

 Constraint Details:

     26.673ns physical path delay core/engine/rom/lane_2 to core/engine/status/SLICE_138 meets
     28.571ns delay constraint less
      0.173ns skew and
      0.166ns DIN_SET requirement (totaling 28.232ns) by 1.559ns

 Physical Path Details:

      Data path core/engine/rom/lane_2 to core/engine/status/SLICE_138:

   Name    Fanout   Delay (ns)          Site               Resource
C2Q_DEL     ---     4.979  EBR_R6C4.CLKA to  EBR_R6C4.DOA3 core/engine/rom/lane_2 (from clk_c)
ROUTE         5     1.530  EBR_R6C4.DOA3 to      R7C11D.D1 uword[21]
CTOF_DEL    ---     0.495      R7C11D.D1 to      R7C11D.F1 core/engine/SLICE_477
ROUTE         1     1.476      R7C11D.F1 to       R4C8D.D1 core/engine/un23_select_register[0]
CTOF_DEL    ---     0.495       R4C8D.D1 to       R4C8D.F1 SLICE_74
ROUTE        25     1.403       R4C8D.F1 to      R4C10A.A1 rf_address[0]
CTOF_DEL    ---     0.495      R4C10A.A1 to      R4C10A.F1 SLICE_16
ROUTE         3     1.200      R4C10A.F1 to      R8C10B.D0 data[1]
CTOF_DEL    ---     0.495      R8C10B.D0 to      R8C10B.F0 core/engine/dp/SLICE_448
ROUTE         1     0.744      R8C10B.F0 to      R7C10B.C1 core/engine/dp/lhs_0[1]
CTOF_DEL    ---     0.495      R7C10B.C1 to      R7C10B.F1 core/engine/dp/SLICE_305
ROUTE         8     2.383      R7C10B.F1 to       R8C3B.A0 core/engine/dp/lhs[1]
C0TOFCO_DE  ---     1.023       R8C3B.A0 to      R8C3B.FCO core/engine/dp/alu/SLICE_13
ROUTE         1     0.000      R8C3B.FCO to      R8C3C.FCI core/engine/dp/alu/un1_arithmetic_b_cry_2
FCITOF1_DE  ---     0.643      R8C3C.FCI to       R8C3C.F1 core/engine/dp/alu/SLICE_12
ROUTE         2     1.088       R8C3C.F1 to       R9C4A.C0 core/engine/dp/alu/un1_arithmetic_b_cry_3_0_S1
CTOOFX_DEL  ---     0.721       R9C4A.C0 to     R9C4A.OFX0 core/engine/dp/alu/result_12[4]/SLICE_191
ROUTE         2     1.164     R9C4A.OFX0 to      R10C7A.D0 core/engine/dp/result_12[4]
CTOF_DEL    ---     0.495      R10C7A.D0 to      R10C7A.F0 core/engine/SLICE_139
ROUTE         5     1.956      R10C7A.F0 to       R7C6D.C0 core/engine/result[4]
CTOF_DEL    ---     0.495       R7C6D.C0 to       R7C6D.F0 core/engine/dp/alu/SLICE_467
ROUTE         1     0.315       R7C6D.F0 to       R7C6C.D0 core/engine/dp/alu/nzvc_1_5[2]
CTOF_DEL    ---     0.495       R7C6C.D0 to       R7C6C.F0 core/engine/dp/alu/SLICE_297
ROUTE         1     1.593       R7C6C.F0 to      R7C12A.D0 core/engine/nzvc_1_6[2]
CTOF_DEL    ---     0.495      R7C12A.D0 to      R7C12A.F0 core/engine/status/SLICE_138
ROUTE         1     0.000      R7C12A.F0 to     R7C12A.DI0 core/engine/status/psw_6[2] (to clk_c)
                  --------
                   26.673   (44.3% logic, 55.7% route), 13 logic levels.

 Clock Skew Details: 

      Source Clock Path clk to core/engine/rom/lane_2:

   Name    Fanout   Delay (ns)          Site               Resource
ROUTE       181     2.351       13.PADDI to  EBR_R6C4.CLKA clk_c
                  --------
                    2.351   (0.0% logic, 100.0% route), 0 logic levels.

      Destination Clock Path clk to core/engine/status/SLICE_138:

   Name    Fanout   Delay (ns)          Site               Resource
ROUTE       181     2.178       13.PADDI to     R7C12A.CLK clk_c
                  --------
                    2.178   (0.0% logic, 100.0% route), 0 logic levels.


Passed: The following path meets requirements by 1.573ns

 Logical Details:  Cell type  Pin type       Cell/ASIC name  (clock net +/-)

   Source:         DP8KC      Port           core/engine/rom/lane_2(ASIC)  (from clk_c +)
   Destination:    FF         Data in        core/engine/status/psw[2]  (to clk_c +)

   Delay:              26.659ns  (49.9% logic, 50.1% route), 16 logic levels.

 Constraint Details:

     26.659ns physical path delay core/engine/rom/lane_2 to core/engine/status/SLICE_138 meets
     28.571ns delay constraint less
      0.173ns skew and
      0.166ns DIN_SET requirement (totaling 28.232ns) by 1.573ns

 Physical Path Details:

      Data path core/engine/rom/lane_2 to core/engine/status/SLICE_138:

   Name    Fanout   Delay (ns)          Site               Resource
C2Q_DEL     ---     4.979  EBR_R6C4.CLKA to  EBR_R6C4.DOA8 core/engine/rom/lane_2 (from clk_c)
ROUTE         5     1.693  EBR_R6C4.DOA8 to      R7C10D.D1 uword[26]
CTOF_DEL    ---     0.495      R7C10D.D1 to      R7C10D.F1 core/engine/SLICE_364
ROUTE         1     0.436      R7C10D.F1 to      R7C10D.C0 core/engine/un6_select_register[2]
CTOF_DEL    ---     0.495      R7C10D.C0 to      R7C10D.F0 core/engine/SLICE_364
ROUTE        18     0.764      R7C10D.F0 to      R7C10A.C1 core/engine/un9_d_axb2
CTOF_DEL    ---     0.495      R7C10A.C1 to      R7C10A.F1 core/engine/SLICE_361
ROUTE         1     0.626      R7C10A.F1 to      R7C10A.D0 core/engine/un7_d
CTOF_DEL    ---     0.495      R7C10A.D0 to      R7C10A.F0 core/engine/SLICE_361
ROUTE         6     0.991      R7C10A.F0 to     R10C10A.D0 core/engine/d_sn_N_5
CTOOFX_DEL  ---     0.721     R10C10A.D0 to   R10C10A.OFX0 core/engine/d[5]/SLICE_215
ROUTE         2     0.773   R10C10A.OFX0 to      R10C8C.C1 core/engine/d[5]
CTOF_DEL    ---     0.495      R10C8C.C1 to      R10C8C.F1 core/engine/dp/SLICE_420
ROUTE         1     0.623      R10C8C.F1 to       R9C8A.D1 core/engine/dp/un1_d[5]
CTOF_DEL    ---     0.495       R9C8A.D1 to       R9C8A.F1 core/engine/dp/SLICE_302
ROUTE         3     1.818       R9C8A.F1 to       R8C3D.A0 core/engine/dp/rhs[5]
C0TOFCO_DE  ---     1.023       R8C3D.A0 to      R8C3D.FCO core/engine/dp/alu/SLICE_11
ROUTE         1     0.000      R8C3D.FCO to      R8C4A.FCI core/engine/dp/alu/un1_arithmetic_b_cry_6
FCITOF1_DE  ---     0.643      R8C4A.FCI to       R8C4A.F1 core/engine/dp/alu/SLICE_10
ROUTE         3     1.428       R8C4A.F1 to       R7C7B.C1 core/engine/dp/alu/un1_arithmetic_b_cry_7_0_S1
CTOF_DEL    ---     0.495       R7C7B.C1 to       R7C7B.F1 core/engine/dp/alu/SLICE_304
ROUTE         1     0.436       R7C7B.F1 to       R7C7B.C0 core/engine/dp/alu/result_8_0[8]
CTOF_DEL    ---     0.495       R7C7B.C0 to       R7C7B.F0 core/engine/dp/alu/SLICE_304
ROUTE         2     0.717       R7C7B.F0 to       R5C7A.D0 core/engine/dp/result_12[8]
CTOF_DEL    ---     0.495       R5C7A.D0 to       R5C7A.F0 core/engine/SLICE_142
ROUTE         5     0.673       R5C7A.F0 to       R5C7C.A0 core/engine/result[8]
CTOF_DEL    ---     0.495       R5C7C.A0 to       R5C7C.F0 SLICE_174
ROUTE         1     0.744       R5C7C.F0 to       R5C6C.C0 core/engine/dp/alu/un41_nzvc_4
CTOF_DEL    ---     0.495       R5C6C.C0 to       R5C6C.F0 core/engine/dp/alu/SLICE_298
ROUTE         1     1.631       R5C6C.F0 to      R7C12A.A0 core/engine/un25_nzvc
CTOF_DEL    ---     0.495      R7C12A.A0 to      R7C12A.F0 core/engine/status/SLICE_138
ROUTE         1     0.000      R7C12A.F0 to     R7C12A.DI0 core/engine/status/psw_6[2] (to clk_c)
                  --------
                   26.659   (49.9% logic, 50.1% route), 16 logic levels.

 Clock Skew Details: 

      Source Clock Path clk to core/engine/rom/lane_2:

   Name    Fanout   Delay (ns)          Site               Resource
ROUTE       181     2.351       13.PADDI to  EBR_R6C4.CLKA clk_c
                  --------
                    2.351   (0.0% logic, 100.0% route), 0 logic levels.

      Destination Clock Path clk to core/engine/status/SLICE_138:

   Name    Fanout   Delay (ns)          Site               Resource
ROUTE       181     2.178       13.PADDI to     R7C12A.CLK clk_c
                  --------
                    2.178   (0.0% logic, 100.0% route), 0 logic levels.


Passed: The following path meets requirements by 1.578ns

 Logical Details:  Cell type  Pin type       Cell/ASIC name  (clock net +/-)

   Source:         DP8KC      Port           core/engine/rom/lane_2(ASIC)  (from clk_c +)
   Destination:    FF         Data in        core/engine/status/psw[2]  (to clk_c +)

   Delay:              26.654ns  (46.1% logic, 53.9% route), 16 logic levels.

 Constraint Details:

     26.654ns physical path delay core/engine/rom/lane_2 to core/engine/status/SLICE_138 meets
     28.571ns delay constraint less
      0.173ns skew and
      0.166ns DIN_SET requirement (totaling 28.232ns) by 1.578ns

 Physical Path Details:

      Data path core/engine/rom/lane_2 to core/engine/status/SLICE_138:

   Name    Fanout   Delay (ns)          Site               Resource
C2Q_DEL     ---     4.979  EBR_R6C4.CLKA to  EBR_R6C4.DOA3 core/engine/rom/lane_2 (from clk_c)
ROUTE         5     1.530  EBR_R6C4.DOA3 to      R7C11D.D1 uword[21]
CTOF_DEL    ---     0.495      R7C11D.D1 to      R7C11D.F1 core/engine/SLICE_477
ROUTE         1     1.476      R7C11D.F1 to       R4C8D.D1 core/engine/un23_select_register[0]
CTOF_DEL    ---     0.495       R4C8D.D1 to       R4C8D.F1 SLICE_74
ROUTE        25     1.403       R4C8D.F1 to      R4C10B.A0 rf_address[0]
CTOF_DEL    ---     0.495      R4C10B.A0 to      R4C10B.F0 SLICE_17
ROUTE         3     1.541      R4C10B.F0 to      R8C10B.A1 data[2]
CTOF_DEL    ---     0.495      R8C10B.A1 to      R8C10B.F1 core/engine/dp/SLICE_448
ROUTE         1     0.744      R8C10B.F1 to      R9C10B.C1 core/engine/dp/lhs_0[2]
CTOF_DEL    ---     0.495      R9C10B.C1 to      R9C10B.F1 core/engine/dp/SLICE_309
ROUTE         8     2.051      R9C10B.F1 to       R8C3B.B1 core/engine/dp/lhs[2]
C1TOFCO_DE  ---     0.889       R8C3B.B1 to      R8C3B.FCO core/engine/dp/alu/SLICE_13
ROUTE         1     0.000      R8C3B.FCO to      R8C3C.FCI core/engine/dp/alu/un1_arithmetic_b_cry_2
FCITOFCO_D  ---     0.162      R8C3C.FCI to      R8C3C.FCO core/engine/dp/alu/SLICE_12
ROUTE         1     0.000      R8C3C.FCO to      R8C3D.FCI core/engine/dp/alu/un1_arithmetic_b_cry_4
FCITOFCO_D  ---     0.162      R8C3D.FCI to      R8C3D.FCO core/engine/dp/alu/SLICE_11
ROUTE         1     0.000      R8C3D.FCO to      R8C4A.FCI core/engine/dp/alu/un1_arithmetic_b_cry_6
FCITOF1_DE  ---     0.643      R8C4A.FCI to       R8C4A.F1 core/engine/dp/alu/SLICE_10
ROUTE         3     1.428       R8C4A.F1 to       R7C7B.C1 core/engine/dp/alu/un1_arithmetic_b_cry_7_0_S1
CTOF_DEL    ---     0.495       R7C7B.C1 to       R7C7B.F1 core/engine/dp/alu/SLICE_304
ROUTE         1     0.436       R7C7B.F1 to       R7C7B.C0 core/engine/dp/alu/result_8_0[8]
CTOF_DEL    ---     0.495       R7C7B.C0 to       R7C7B.F0 core/engine/dp/alu/SLICE_304
ROUTE         2     0.717       R7C7B.F0 to       R5C7A.D0 core/engine/dp/result_12[8]
CTOF_DEL    ---     0.495       R5C7A.D0 to       R5C7A.F0 core/engine/SLICE_142
ROUTE         5     0.673       R5C7A.F0 to       R5C7C.A0 core/engine/result[8]
CTOF_DEL    ---     0.495       R5C7C.A0 to       R5C7C.F0 SLICE_174
ROUTE         1     0.744       R5C7C.F0 to       R5C6C.C0 core/engine/dp/alu/un41_nzvc_4
CTOF_DEL    ---     0.495       R5C6C.C0 to       R5C6C.F0 core/engine/dp/alu/SLICE_298
ROUTE         1     1.631       R5C6C.F0 to      R7C12A.A0 core/engine/un25_nzvc
CTOF_DEL    ---     0.495      R7C12A.A0 to      R7C12A.F0 core/engine/status/SLICE_138
ROUTE         1     0.000      R7C12A.F0 to     R7C12A.DI0 core/engine/status/psw_6[2] (to clk_c)
                  --------
                   26.654   (46.1% logic, 53.9% route), 16 logic levels.

 Clock Skew Details: 

      Source Clock Path clk to core/engine/rom/lane_2:

   Name    Fanout   Delay (ns)          Site               Resource
ROUTE       181     2.351       13.PADDI to  EBR_R6C4.CLKA clk_c
                  --------
                    2.351   (0.0% logic, 100.0% route), 0 logic levels.

      Destination Clock Path clk to core/engine/status/SLICE_138:

   Name    Fanout   Delay (ns)          Site               Resource
ROUTE       181     2.178       13.PADDI to     R7C12A.CLK clk_c
                  --------
                    2.178   (0.0% logic, 100.0% route), 0 logic levels.


Passed: The following path meets requirements by 1.582ns

 Logical Details:  Cell type  Pin type       Cell/ASIC name  (clock net +/-)

   Source:         DP8KC      Port           core/engine/rom/lane_2(ASIC)  (from clk_c +)
   Destination:    FF         Data in        core/engine/status/psw[2]  (to clk_c +)

   Delay:              26.650ns  (46.0% logic, 54.0% route), 15 logic levels.

 Constraint Details:

     26.650ns physical path delay core/engine/rom/lane_2 to core/engine/status/SLICE_138 meets
     28.571ns delay constraint less
      0.173ns skew and
      0.166ns DIN_SET requirement (totaling 28.232ns) by 1.582ns

 Physical Path Details:

      Data path core/engine/rom/lane_2 to core/engine/status/SLICE_138:

   Name    Fanout   Delay (ns)          Site               Resource
C2Q_DEL     ---     4.979  EBR_R6C4.CLKA to  EBR_R6C4.DOA8 core/engine/rom/lane_2 (from clk_c)
ROUTE         5     1.685  EBR_R6C4.DOA8 to      R5C10C.D1 uword[26]
CTOF_DEL    ---     0.495      R5C10C.D1 to      R5C10C.F1 core/engine/SLICE_230
ROUTE         1     1.004      R5C10C.F1 to      R5C10C.B0 core/engine/un6_select_register[0]
CTOF_DEL    ---     0.495      R5C10C.B0 to      R5C10C.F0 core/engine/SLICE_230
ROUTE        16     1.530      R5C10C.F0 to      R3C10B.A1 core/engine/select_register_5[0]
CTOF_DEL    ---     0.495      R3C10B.A1 to      R3C10B.F1 SLICE_20
ROUTE         4     1.614      R3C10B.F1 to     R10C10C.C1 addr[3]
CTOF_DEL    ---     0.495     R10C10C.C1 to     R10C10C.F1 core/engine/dp/SLICE_442
ROUTE         1     1.001     R10C10C.F1 to      R10C9C.B1 core/engine/dp/lhs_0[3]
CTOF_DEL    ---     0.495      R10C9C.B1 to      R10C9C.F1 core/engine/dp/SLICE_310
ROUTE         8     1.935      R10C9C.F1 to       R8C3C.A0 core/engine/dp/lhs[3]
C0TOFCO_DE  ---     1.023       R8C3C.A0 to      R8C3C.FCO core/engine/dp/alu/SLICE_12
ROUTE         1     0.000      R8C3C.FCO to      R8C3D.FCI core/engine/dp/alu/un1_arithmetic_b_cry_4
FCITOFCO_D  ---     0.162      R8C3D.FCI to      R8C3D.FCO core/engine/dp/alu/SLICE_11
ROUTE         1     0.000      R8C3D.FCO to      R8C4A.FCI core/engine/dp/alu/un1_arithmetic_b_cry_6
FCITOF1_DE  ---     0.643      R8C4A.FCI to       R8C4A.F1 core/engine/dp/alu/SLICE_10
ROUTE         3     1.428       R8C4A.F1 to       R7C7B.C1 core/engine/dp/alu/un1_arithmetic_b_cry_7_0_S1
CTOF_DEL    ---     0.495       R7C7B.C1 to       R7C7B.F1 core/engine/dp/alu/SLICE_304
ROUTE         1     0.436       R7C7B.F1 to       R7C7B.C0 core/engine/dp/alu/result_8_0[8]
CTOF_DEL    ---     0.495       R7C7B.C0 to       R7C7B.F0 core/engine/dp/alu/SLICE_304
ROUTE         2     0.717       R7C7B.F0 to       R5C7A.D0 core/engine/dp/result_12[8]
CTOF_DEL    ---     0.495       R5C7A.D0 to       R5C7A.F0 core/engine/SLICE_142
ROUTE         5     0.673       R5C7A.F0 to       R5C7C.A0 core/engine/result[8]
CTOF_DEL    ---     0.495       R5C7C.A0 to       R5C7C.F0 SLICE_174
ROUTE         1     0.744       R5C7C.F0 to       R5C6C.C0 core/engine/dp/alu/un41_nzvc_4
CTOF_DEL    ---     0.495       R5C6C.C0 to       R5C6C.F0 core/engine/dp/alu/SLICE_298
ROUTE         1     1.631       R5C6C.F0 to      R7C12A.A0 core/engine/un25_nzvc
CTOF_DEL    ---     0.495      R7C12A.A0 to      R7C12A.F0 core/engine/status/SLICE_138
ROUTE         1     0.000      R7C12A.F0 to     R7C12A.DI0 core/engine/status/psw_6[2] (to clk_c)
                  --------
                   26.650   (46.0% logic, 54.0% route), 15 logic levels.

 Clock Skew Details: 

      Source Clock Path clk to core/engine/rom/lane_2:

   Name    Fanout   Delay (ns)          Site               Resource
ROUTE       181     2.351       13.PADDI to  EBR_R6C4.CLKA clk_c
                  --------
                    2.351   (0.0% logic, 100.0% route), 0 logic levels.

      Destination Clock Path clk to core/engine/status/SLICE_138:

   Name    Fanout   Delay (ns)          Site               Resource
ROUTE       181     2.178       13.PADDI to     R7C12A.CLK clk_c
                  --------
                    2.178   (0.0% logic, 100.0% route), 0 logic levels.


Passed: The following path meets requirements by 1.591ns

 Logical Details:  Cell type  Pin type       Cell/ASIC name  (clock net +/-)

   Source:         DP8KC      Port           core/engine/rom/lane_2(ASIC)  (from clk_c +)
   Destination:    FF         Data in        core/engine/status/psw[2]  (to clk_c +)

   Delay:              26.641ns  (44.4% logic, 55.6% route), 13 logic levels.

 Constraint Details:

     26.641ns physical path delay core/engine/rom/lane_2 to core/engine/status/SLICE_138 meets
     28.571ns delay constraint less
      0.173ns skew and
      0.166ns DIN_SET requirement (totaling 28.232ns) by 1.591ns

 Physical Path Details:

      Data path core/engine/rom/lane_2 to core/engine/status/SLICE_138:

   Name    Fanout   Delay (ns)          Site               Resource
C2Q_DEL     ---     4.979  EBR_R6C4.CLKA to  EBR_R6C4.DOA3 core/engine/rom/lane_2 (from clk_c)
ROUTE         5     1.530  EBR_R6C4.DOA3 to      R7C11D.D1 uword[21]
CTOF_DEL    ---     0.495      R7C11D.D1 to      R7C11D.F1 core/engine/SLICE_477
ROUTE         1     1.476      R7C11D.F1 to       R4C8D.D1 core/engine/un23_select_register[0]
CTOF_DEL    ---     0.495       R4C8D.D1 to       R4C8D.F1 SLICE_74
ROUTE        25     1.403       R4C8D.F1 to      R4C10A.A1 rf_address[0]
CTOF_DEL    ---     0.495      R4C10A.A1 to      R4C10A.F1 SLICE_16
ROUTE         3     1.200      R4C10A.F1 to      R8C10B.D0 data[1]
CTOF_DEL    ---     0.495      R8C10B.D0 to      R8C10B.F0 core/engine/dp/SLICE_448
ROUTE         1     0.744      R8C10B.F0 to      R7C10B.C1 core/engine/dp/lhs_0[1]
CTOF_DEL    ---     0.495      R7C10B.C1 to      R7C10B.F1 core/engine/dp/SLICE_305
ROUTE         8     2.383      R7C10B.F1 to       R8C3B.A0 core/engine/dp/lhs[1]
C0TOFCO_DE  ---     1.023       R8C3B.A0 to      R8C3B.FCO core/engine/dp/alu/SLICE_13
ROUTE         1     0.000      R8C3B.FCO to      R8C3C.FCI core/engine/dp/alu/un1_arithmetic_b_cry_2
FCITOF1_DE  ---     0.643      R8C3C.FCI to       R8C3C.F1 core/engine/dp/alu/SLICE_12
ROUTE         2     0.632       R8C3C.F1 to       R9C3C.D1 core/engine/dp/alu/un1_arithmetic_b_cry_3_0_S1
CTOOFX_DEL  ---     0.721       R9C3C.D1 to     R9C3C.OFX0 core/engine/dp/alu/result_6_0[4]/SLICE_188
ROUTE         2     1.588     R9C3C.OFX0 to      R10C7A.C0 core/engine/dp/result_6_0[4]
CTOF_DEL    ---     0.495      R10C7A.C0 to      R10C7A.F0 core/engine/SLICE_139
ROUTE         5     1.956      R10C7A.F0 to       R7C6D.C0 core/engine/result[4]
CTOF_DEL    ---     0.495       R7C6D.C0 to       R7C6D.F0 core/engine/dp/alu/SLICE_467
ROUTE         1     0.315       R7C6D.F0 to       R7C6C.D0 core/engine/dp/alu/nzvc_1_5[2]
CTOF_DEL    ---     0.495       R7C6C.D0 to       R7C6C.F0 core/engine/dp/alu/SLICE_297
ROUTE         1     1.593       R7C6C.F0 to      R7C12A.D0 core/engine/nzvc_1_6[2]
CTOF_DEL    ---     0.495      R7C12A.D0 to      R7C12A.F0 core/engine/status/SLICE_138
ROUTE         1     0.000      R7C12A.F0 to     R7C12A.DI0 core/engine/status/psw_6[2] (to clk_c)
                  --------
                   26.641   (44.4% logic, 55.6% route), 13 logic levels.

 Clock Skew Details: 

      Source Clock Path clk to core/engine/rom/lane_2:

   Name    Fanout   Delay (ns)          Site               Resource
ROUTE       181     2.351       13.PADDI to  EBR_R6C4.CLKA clk_c
                  --------
                    2.351   (0.0% logic, 100.0% route), 0 logic levels.

      Destination Clock Path clk to core/engine/status/SLICE_138:

   Name    Fanout   Delay (ns)          Site               Resource
ROUTE       181     2.178       13.PADDI to     R7C12A.CLK clk_c
                  --------
                    2.178   (0.0% logic, 100.0% route), 0 logic levels.


Passed: The following path meets requirements by 1.603ns

 Logical Details:  Cell type  Pin type       Cell/ASIC name  (clock net +/-)

   Source:         DP8KC      Port           core/engine/rom/lane_2(ASIC)  (from clk_c +)
   Destination:    FF         Data in        core/engine/status/psw[2]  (to clk_c +)

   Delay:              26.629ns  (46.1% logic, 53.9% route), 16 logic levels.

 Constraint Details:

     26.629ns physical path delay core/engine/rom/lane_2 to core/engine/status/SLICE_138 meets
     28.571ns delay constraint less
      0.173ns skew and
      0.166ns DIN_SET requirement (totaling 28.232ns) by 1.603ns

 Physical Path Details:

      Data path core/engine/rom/lane_2 to core/engine/status/SLICE_138:

   Name    Fanout   Delay (ns)          Site               Resource
C2Q_DEL     ---     4.979  EBR_R6C4.CLKA to  EBR_R6C4.DOA8 core/engine/rom/lane_2 (from clk_c)
ROUTE         5     1.685  EBR_R6C4.DOA8 to      R5C10C.D1 uword[26]
CTOF_DEL    ---     0.495      R5C10C.D1 to      R5C10C.F1 core/engine/SLICE_230
ROUTE         1     1.004      R5C10C.F1 to      R5C10C.B0 core/engine/un6_select_register[0]
CTOF_DEL    ---     0.495      R5C10C.B0 to      R5C10C.F0 core/engine/SLICE_230
ROUTE        16     1.530      R5C10C.F0 to      R3C10B.A0 core/engine/select_register_5[0]
CTOF_DEL    ---     0.495      R3C10B.A0 to      R3C10B.F0 SLICE_20
ROUTE         4     1.689      R3C10B.F0 to      R9C10A.D1 addr[2]
CTOF_DEL    ---     0.495      R9C10A.D1 to      R9C10A.F1 core/engine/dp/SLICE_452
ROUTE         1     1.004      R9C10A.F1 to      R9C10D.B1 core/engine/dp/rhs_0[2]
CTOF_DEL    ---     0.495      R9C10D.B1 to      R9C10D.F1 core/engine/dp/SLICE_331
ROUTE         3     1.808      R9C10D.F1 to       R8C3B.A1 core/engine/dp/rhs[2]
C1TOFCO_DE  ---     0.889       R8C3B.A1 to      R8C3B.FCO core/engine/dp/alu/SLICE_13
ROUTE         1     0.000      R8C3B.FCO to      R8C3C.FCI core/engine/dp/alu/un1_arithmetic_b_cry_2
FCITOFCO_D  ---     0.162      R8C3C.FCI to      R8C3C.FCO core/engine/dp/alu/SLICE_12
ROUTE         1     0.000      R8C3C.FCO to      R8C3D.FCI core/engine/dp/alu/un1_arithmetic_b_cry_4
FCITOFCO_D  ---     0.162      R8C3D.FCI to      R8C3D.FCO core/engine/dp/alu/SLICE_11
ROUTE         1     0.000      R8C3D.FCO to      R8C4A.FCI core/engine/dp/alu/un1_arithmetic_b_cry_6
FCITOF1_DE  ---     0.643      R8C4A.FCI to       R8C4A.F1 core/engine/dp/alu/SLICE_10
ROUTE         3     1.428       R8C4A.F1 to       R7C7B.C1 core/engine/dp/alu/un1_arithmetic_b_cry_7_0_S1
CTOF_DEL    ---     0.495       R7C7B.C1 to       R7C7B.F1 core/engine/dp/alu/SLICE_304
ROUTE         1     0.436       R7C7B.F1 to       R7C7B.C0 core/engine/dp/alu/result_8_0[8]
CTOF_DEL    ---     0.495       R7C7B.C0 to       R7C7B.F0 core/engine/dp/alu/SLICE_304
ROUTE         2     0.717       R7C7B.F0 to       R5C7A.D0 core/engine/dp/result_12[8]
CTOF_DEL    ---     0.495       R5C7A.D0 to       R5C7A.F0 core/engine/SLICE_142
ROUTE         5     0.673       R5C7A.F0 to       R5C7C.A0 core/engine/result[8]
CTOF_DEL    ---     0.495       R5C7C.A0 to       R5C7C.F0 SLICE_174
ROUTE         1     0.744       R5C7C.F0 to       R5C6C.C0 core/engine/dp/alu/un41_nzvc_4
CTOF_DEL    ---     0.495       R5C6C.C0 to       R5C6C.F0 core/engine/dp/alu/SLICE_298
ROUTE         1     1.631       R5C6C.F0 to      R7C12A.A0 core/engine/un25_nzvc
CTOF_DEL    ---     0.495      R7C12A.A0 to      R7C12A.F0 core/engine/status/SLICE_138
ROUTE         1     0.000      R7C12A.F0 to     R7C12A.DI0 core/engine/status/psw_6[2] (to clk_c)
                  --------
                   26.629   (46.1% logic, 53.9% route), 16 logic levels.

 Clock Skew Details: 

      Source Clock Path clk to core/engine/rom/lane_2:

   Name    Fanout   Delay (ns)          Site               Resource
ROUTE       181     2.351       13.PADDI to  EBR_R6C4.CLKA clk_c
                  --------
                    2.351   (0.0% logic, 100.0% route), 0 logic levels.

      Destination Clock Path clk to core/engine/status/SLICE_138:

   Name    Fanout   Delay (ns)          Site               Resource
ROUTE       181     2.178       13.PADDI to     R7C12A.CLK clk_c
                  --------
                    2.178   (0.0% logic, 100.0% route), 0 logic levels.


Passed: The following path meets requirements by 1.614ns

 Logical Details:  Cell type  Pin type       Cell/ASIC name  (clock net +/-)

   Source:         DP8KC      Port           core/engine/rom/lane_2(ASIC)  (from clk_c +)
   Destination:    FF         Data in        core/engine/status/psw[2]  (to clk_c +)

   Delay:              26.618ns  (45.5% logic, 54.5% route), 15 logic levels.

 Constraint Details:

     26.618ns physical path delay core/engine/rom/lane_2 to core/engine/status/SLICE_138 meets
     28.571ns delay constraint less
      0.173ns skew and
      0.166ns DIN_SET requirement (totaling 28.232ns) by 1.614ns

 Physical Path Details:

      Data path core/engine/rom/lane_2 to core/engine/status/SLICE_138:

   Name    Fanout   Delay (ns)          Site               Resource
C2Q_DEL     ---     4.979  EBR_R6C4.CLKA to  EBR_R6C4.DOA3 core/engine/rom/lane_2 (from clk_c)
ROUTE         5     1.824  EBR_R6C4.DOA3 to      R5C10D.D1 uword[21]
CTOF_DEL    ---     0.495      R5C10D.D1 to      R5C10D.F1 core/engine/SLICE_478
ROUTE         1     0.747      R5C10D.F1 to      R5C10B.C0 core/engine/un23_select_register[1]
CTOF_DEL    ---     0.495      R5C10B.C0 to      R5C10B.F0 SLICE_75
ROUTE        25     2.400      R5C10B.F0 to       R5C8A.B0 rf_address[1]
CTOF_DEL    ---     0.495       R5C8A.B0 to       R5C8A.F0 SLICE_37
ROUTE         3     1.038       R5C8A.F0 to       R7C9B.D1 data[4]
CTOF_DEL    ---     0.495       R7C9B.D1 to       R7C9B.F1 core/engine/dp/SLICE_449
ROUTE         1     0.986       R7C9B.F1 to       R9C9D.A1 core/engine/dp/lhs_0[4]
CTOF_DEL    ---     0.495       R9C9D.A1 to       R9C9D.F1 core/engine/dp/SLICE_311
ROUTE         8     1.876       R9C9D.F1 to       R8C3C.B1 core/engine/dp/lhs[4]
C1TOFCO_DE  ---     0.889       R8C3C.B1 to      R8C3C.FCO core/engine/dp/alu/SLICE_12
ROUTE         1     0.000      R8C3C.FCO to      R8C3D.FCI core/engine/dp/alu/un1_arithmetic_b_cry_4
FCITOFCO_D  ---     0.162      R8C3D.FCI to      R8C3D.FCO core/engine/dp/alu/SLICE_11
ROUTE         1     0.000      R8C3D.FCO to      R8C4A.FCI core/engine/dp/alu/un1_arithmetic_b_cry_6
FCITOF1_DE  ---     0.643      R8C4A.FCI to       R8C4A.F1 core/engine/dp/alu/SLICE_10
ROUTE         3     1.428       R8C4A.F1 to       R7C7B.C1 core/engine/dp/alu/un1_arithmetic_b_cry_7_0_S1
CTOF_DEL    ---     0.495       R7C7B.C1 to       R7C7B.F1 core/engine/dp/alu/SLICE_304
ROUTE         1     0.436       R7C7B.F1 to       R7C7B.C0 core/engine/dp/alu/result_8_0[8]
CTOF_DEL    ---     0.495       R7C7B.C0 to       R7C7B.F0 core/engine/dp/alu/SLICE_304
ROUTE         2     0.717       R7C7B.F0 to       R5C7A.D0 core/engine/dp/result_12[8]
CTOF_DEL    ---     0.495       R5C7A.D0 to       R5C7A.F0 core/engine/SLICE_142
ROUTE         5     0.673       R5C7A.F0 to       R5C7C.A0 core/engine/result[8]
CTOF_DEL    ---     0.495       R5C7C.A0 to       R5C7C.F0 SLICE_174
ROUTE         1     0.744       R5C7C.F0 to       R5C6C.C0 core/engine/dp/alu/un41_nzvc_4
CTOF_DEL    ---     0.495       R5C6C.C0 to       R5C6C.F0 core/engine/dp/alu/SLICE_298
ROUTE         1     1.631       R5C6C.F0 to      R7C12A.A0 core/engine/un25_nzvc
CTOF_DEL    ---     0.495      R7C12A.A0 to      R7C12A.F0 core/engine/status/SLICE_138
ROUTE         1     0.000      R7C12A.F0 to     R7C12A.DI0 core/engine/status/psw_6[2] (to clk_c)
                  --------
                   26.618   (45.5% logic, 54.5% route), 15 logic levels.

 Clock Skew Details: 

      Source Clock Path clk to core/engine/rom/lane_2:

   Name    Fanout   Delay (ns)          Site               Resource
ROUTE       181     2.351       13.PADDI to  EBR_R6C4.CLKA clk_c
                  --------
                    2.351   (0.0% logic, 100.0% route), 0 logic levels.

      Destination Clock Path clk to core/engine/status/SLICE_138:

   Name    Fanout   Delay (ns)          Site               Resource
ROUTE       181     2.178       13.PADDI to     R7C12A.CLK clk_c
                  --------
                    2.178   (0.0% logic, 100.0% route), 0 logic levels.

Report:   36.876MHz is the maximum frequency for this preference.


================================================================================
Preference: Unconstrained: CLOCK_DOMAIN
            0 unconstrained paths found
--------------------------------------------------------------------------------


================================================================================
Preference: Unconstrained: INPUT_SETUP
            247 unconstrained paths found
--------------------------------------------------------------------------------

Unconstrained Preference:
   INPUT_SETUP PORT "reset" CLKPORT "clk" 

Report:   20.344ns delay reset to core/engine/rom/lane_2 (20.370ns delay and -0.026ns setup)

   Name    Fanout   Delay (ns)          Site               Resource
PADI_DEL    ---     1.132          4.PAD to        4.PADDI reset
ROUTE       172     4.277        4.PADDI to      R4C13B.D0 reset_c
CTOF_DEL    ---     0.495      R4C13B.D0 to      R4C13B.F0 core/engine/SLICE_463
ROUTE         4     1.852      R4C13B.F0 to      R5C14C.B1 core/engine/seq/next_address_5_sqmuxa_2
CTOF_DEL    ---     0.495      R5C14C.B1 to      R5C14C.F1 core/engine/seq/SLICE_275
ROUTE         3     1.174      R5C14C.F1 to      R4C14B.D0 core/engine/seq/next_address_8_sqmuxa_fc
CTOF_DEL    ---     0.495      R4C14B.D0 to      R4C14B.F0 core/engine/seq/SLICE_280
ROUTE         2     1.459      R4C14B.F0 to      R5C16B.B1 core/engine/seq/N_51_1_fc
CTOF_DEL    ---     0.495      R5C16B.B1 to      R5C16B.F1 core/engine/seq/SLICE_241
ROUTE         7     0.477      R5C16B.F1 to      R5C16C.C0 core/engine/seq/N_53
CTOF_DEL    ---     0.495      R5C16C.C0 to      R5C16C.F0 core/engine/seq/SLICE_439
ROUTE         1     1.363      R5C16C.F0 to      R7C16B.A0 core/engine/seq/next_address_1_iv_0[6]
CTOF_DEL    ---     0.495      R7C16B.A0 to      R7C16B.F0 core/SLICE_257
ROUTE         1     1.022      R7C16B.F0 to      R5C17C.D0 core/engine/seq/next_address_1_iv_2[6]
CTOF_DEL    ---     0.495      R5C17C.D0 to      R5C17C.F0 core/engine/seq/SLICE_243
ROUTE         1     0.964      R5C17C.F0 to      R5C16D.A0 core/engine/seq/next_address_1_iv_5[6]
CTOF_DEL    ---     0.495      R5C16D.A0 to      R5C16D.F0 core/engine/seq/SLICE_178
ROUTE         5     2.690      R5C16D.F0 to  EBR_R6C4.ADA9 core/engine/next_address[6] (to clk_c)
                  --------
                   20.370   (25.0% logic, 75.0% route), 9 logic levels.

Unconstrained Preference:
   INPUT_SETUP PORT "reset" CLKPORT "clk" 

Report:   20.234ns delay reset to core/engine/rom/lane_1 (20.260ns delay and -0.026ns setup)

   Name    Fanout   Delay (ns)          Site               Resource
PADI_DEL    ---     1.132          4.PAD to        4.PADDI reset
ROUTE       172     4.277        4.PADDI to      R4C13B.D0 reset_c
CTOF_DEL    ---     0.495      R4C13B.D0 to      R4C13B.F0 core/engine/SLICE_463
ROUTE         4     1.852      R4C13B.F0 to      R5C14C.B1 core/engine/seq/next_address_5_sqmuxa_2
CTOF_DEL    ---     0.495      R5C14C.B1 to      R5C14C.F1 core/engine/seq/SLICE_275
ROUTE         3     1.174      R5C14C.F1 to      R4C14B.D0 core/engine/seq/next_address_8_sqmuxa_fc
CTOF_DEL    ---     0.495      R4C14B.D0 to      R4C14B.F0 core/engine/seq/SLICE_280
ROUTE         2     1.459      R4C14B.F0 to      R5C16B.B1 core/engine/seq/N_51_1_fc
CTOF_DEL    ---     0.495      R5C16B.B1 to      R5C16B.F1 core/engine/seq/SLICE_241
ROUTE         7     1.071      R5C16B.F1 to      R5C18B.B1 core/engine/seq/N_53
CTOF_DEL    ---     0.495      R5C18B.B1 to      R5C18B.F1 core/engine/seq/SLICE_500
ROUTE         1     1.051      R5C18B.F1 to      R7C18D.A0 core/engine/seq/next_address_1_iv_0[3]
CTOF_DEL    ---     0.495      R7C18D.A0 to      R7C18D.F0 core/SLICE_258
ROUTE         1     1.400      R7C18D.F0 to      R5C17B.B0 core/engine/seq/next_address_1_iv_2[3]
CTOF_DEL    ---     0.495      R5C17B.B0 to      R5C17B.F0 core/engine/seq/SLICE_244
ROUTE         1     0.693      R5C17B.F0 to      R5C17A.B1 core/engine/seq/next_address_1_iv_5[3]
CTOF_DEL    ---     0.495      R5C17A.B1 to      R5C17A.F1 core/engine/seq/SLICE_176
ROUTE         5     2.191      R5C17A.F1 to EBR_R6C10.ADA6 core/engine/next_address[3] (to clk_c)
                  --------
                   20.260   (25.1% logic, 74.9% route), 9 logic levels.

Unconstrained Preference:
   INPUT_SETUP PORT "reset" CLKPORT "clk" 

Report:   20.166ns delay reset to core/engine/rom/lane_3 (20.192ns delay and -0.026ns setup)

   Name    Fanout   Delay (ns)          Site               Resource
PADI_DEL    ---     1.132          4.PAD to        4.PADDI reset
ROUTE       172     4.277        4.PADDI to      R4C13B.D0 reset_c
CTOF_DEL    ---     0.495      R4C13B.D0 to      R4C13B.F0 core/engine/SLICE_463
ROUTE         4     1.852      R4C13B.F0 to      R5C14C.B1 core/engine/seq/next_address_5_sqmuxa_2
CTOF_DEL    ---     0.495      R5C14C.B1 to      R5C14C.F1 core/engine/seq/SLICE_275
ROUTE         3     1.174      R5C14C.F1 to      R4C14B.D0 core/engine/seq/next_address_8_sqmuxa_fc
CTOF_DEL    ---     0.495      R4C14B.D0 to      R4C14B.F0 core/engine/seq/SLICE_280
ROUTE         2     1.459      R4C14B.F0 to      R5C16B.B1 core/engine/seq/N_51_1_fc
CTOF_DEL    ---     0.495      R5C16B.B1 to      R5C16B.F1 core/engine/seq/SLICE_241
ROUTE         7     1.071      R5C16B.F1 to      R5C18B.B1 core/engine/seq/N_53
CTOF_DEL    ---     0.495      R5C18B.B1 to      R5C18B.F1 core/engine/seq/SLICE_500
ROUTE         1     1.051      R5C18B.F1 to      R7C18D.A0 core/engine/seq/next_address_1_iv_0[3]
CTOF_DEL    ---     0.495      R7C18D.A0 to      R7C18D.F0 core/SLICE_258
ROUTE         1     1.400      R7C18D.F0 to      R5C17B.B0 core/engine/seq/next_address_1_iv_2[3]
CTOF_DEL    ---     0.495      R5C17B.B0 to      R5C17B.F0 core/engine/seq/SLICE_244
ROUTE         1     0.693      R5C17B.F0 to      R5C17A.B1 core/engine/seq/next_address_1_iv_5[3]
CTOF_DEL    ---     0.495      R5C17A.B1 to      R5C17A.F1 core/engine/seq/SLICE_176
ROUTE         5     2.123      R5C17A.F1 to  EBR_R6C7.ADA6 core/engine/next_address[3] (to clk_c)
                  --------
                   20.192   (25.2% logic, 74.8% route), 9 logic levels.

Unconstrained Preference:
   INPUT_SETUP PORT "reset" CLKPORT "clk" 

Report:   20.166ns delay reset to core/engine/rom/lane_2 (20.192ns delay and -0.026ns setup)

   Name    Fanout   Delay (ns)          Site               Resource
PADI_DEL    ---     1.132          4.PAD to        4.PADDI reset
ROUTE       172     4.277        4.PADDI to      R4C13B.D0 reset_c
CTOF_DEL    ---     0.495      R4C13B.D0 to      R4C13B.F0 core/engine/SLICE_463
ROUTE         4     1.852      R4C13B.F0 to      R5C14C.B1 core/engine/seq/next_address_5_sqmuxa_2
CTOF_DEL    ---     0.495      R5C14C.B1 to      R5C14C.F1 core/engine/seq/SLICE_275
ROUTE         3     1.174      R5C14C.F1 to      R4C14B.D0 core/engine/seq/next_address_8_sqmuxa_fc
CTOF_DEL    ---     0.495      R4C14B.D0 to      R4C14B.F0 core/engine/seq/SLICE_280
ROUTE         2     1.459      R4C14B.F0 to      R5C16B.B1 core/engine/seq/N_51_1_fc
CTOF_DEL    ---     0.495      R5C16B.B1 to      R5C16B.F1 core/engine/seq/SLICE_241
ROUTE         7     1.071      R5C16B.F1 to      R5C18B.B1 core/engine/seq/N_53
CTOF_DEL    ---     0.495      R5C18B.B1 to      R5C18B.F1 core/engine/seq/SLICE_500
ROUTE         1     1.051      R5C18B.F1 to      R7C18D.A0 core/engine/seq/next_address_1_iv_0[3]
CTOF_DEL    ---     0.495      R7C18D.A0 to      R7C18D.F0 core/SLICE_258
ROUTE         1     1.400      R7C18D.F0 to      R5C17B.B0 core/engine/seq/next_address_1_iv_2[3]
CTOF_DEL    ---     0.495      R5C17B.B0 to      R5C17B.F0 core/engine/seq/SLICE_244
ROUTE         1     0.693      R5C17B.F0 to      R5C17A.B1 core/engine/seq/next_address_1_iv_5[3]
CTOF_DEL    ---     0.495      R5C17A.B1 to      R5C17A.F1 core/engine/seq/SLICE_176
ROUTE         5     2.123      R5C17A.F1 to  EBR_R6C4.ADA6 core/engine/next_address[3] (to clk_c)
                  --------
                   20.192   (25.2% logic, 74.8% route), 9 logic levels.

Unconstrained Preference:
   INPUT_SETUP PORT "reset" CLKPORT "clk" 

Report:   20.057ns delay reset to core/engine/rom/lane_1 (20.083ns delay and -0.026ns setup)

   Name    Fanout   Delay (ns)          Site               Resource
PADI_DEL    ---     1.132          4.PAD to        4.PADDI reset
ROUTE       172     4.277        4.PADDI to      R4C13B.D0 reset_c
CTOF_DEL    ---     0.495      R4C13B.D0 to      R4C13B.F0 core/engine/SLICE_463
ROUTE         4     1.852      R4C13B.F0 to      R5C14C.B1 core/engine/seq/next_address_5_sqmuxa_2
CTOF_DEL    ---     0.495      R5C14C.B1 to      R5C14C.F1 core/engine/seq/SLICE_275
ROUTE         3     1.174      R5C14C.F1 to      R4C14B.D0 core/engine/seq/next_address_8_sqmuxa_fc
CTOF_DEL    ---     0.495      R4C14B.D0 to      R4C14B.F0 core/engine/seq/SLICE_280
ROUTE         2     1.459      R4C14B.F0 to      R5C16B.B1 core/engine/seq/N_51_1_fc
CTOF_DEL    ---     0.495      R5C16B.B1 to      R5C16B.F1 core/engine/seq/SLICE_241
ROUTE         7     0.356      R5C16B.F1 to      R5C16C.D1 core/engine/seq/N_53
CTOF_DEL    ---     0.495      R5C16C.D1 to      R5C16C.F1 core/engine/seq/SLICE_439
ROUTE         1     1.525      R5C16C.F1 to      R7C17A.A0 core/engine/seq/next_address_1_iv_0[7]
CTOF_DEL    ---     0.495      R7C17A.A0 to      R7C17A.F0 core/SLICE_260
ROUTE         1     1.294      R7C17A.F0 to      R4C18C.C0 core/engine/seq/next_address_1_iv_2[7]
CTOF_DEL    ---     0.495      R4C18C.C0 to      R4C18C.F0 core/engine/seq/SLICE_245
ROUTE         1     1.079      R4C18C.F0 to      R5C16D.C1 core/engine/seq/next_address_1_iv_5[7]
CTOF_DEL    ---     0.495      R5C16D.C1 to      R5C16D.F1 core/engine/seq/SLICE_178
ROUTE         5     1.975      R5C16D.F1 to *R_R6C10.ADA10 core/engine/next_address[7] (to clk_c)
                  --------
                   20.083   (25.4% logic, 74.6% route), 9 logic levels.

Unconstrained Preference:
   INPUT_SETUP PORT "reset" CLKPORT "clk" 

Report:   20.035ns delay reset to core/engine/rom/lane_2 (20.061ns delay and -0.026ns setup)

   Name    Fanout   Delay (ns)          Site               Resource
PADI_DEL    ---     1.132          4.PAD to        4.PADDI reset
ROUTE       172     4.277        4.PADDI to      R4C13B.D0 reset_c
CTOF_DEL    ---     0.495      R4C13B.D0 to      R4C13B.F0 core/engine/SLICE_463
ROUTE         4     1.852      R4C13B.F0 to      R5C14C.B1 core/engine/seq/next_address_5_sqmuxa_2
CTOF_DEL    ---     0.495      R5C14C.B1 to      R5C14C.F1 core/engine/seq/SLICE_275
ROUTE         3     1.174      R5C14C.F1 to      R4C14B.D0 core/engine/seq/next_address_8_sqmuxa_fc
CTOF_DEL    ---     0.495      R4C14B.D0 to      R4C14B.F0 core/engine/seq/SLICE_280
ROUTE         2     1.459      R4C14B.F0 to      R5C16B.B1 core/engine/seq/N_51_1_fc
CTOF_DEL    ---     0.495      R5C16B.B1 to      R5C16B.F1 core/engine/seq/SLICE_241
ROUTE         7     0.356      R5C16B.F1 to      R5C16C.D1 core/engine/seq/N_53
CTOF_DEL    ---     0.495      R5C16C.D1 to      R5C16C.F1 core/engine/seq/SLICE_439
ROUTE         1     1.525      R5C16C.F1 to      R7C17A.A0 core/engine/seq/next_address_1_iv_0[7]
CTOF_DEL    ---     0.495      R7C17A.A0 to      R7C17A.F0 core/SLICE_260
ROUTE         1     1.294      R7C17A.F0 to      R4C18C.C0 core/engine/seq/next_address_1_iv_2[7]
CTOF_DEL    ---     0.495      R4C18C.C0 to      R4C18C.F0 core/engine/seq/SLICE_245
ROUTE         1     1.079      R4C18C.F0 to      R5C16D.C1 core/engine/seq/next_address_1_iv_5[7]
CTOF_DEL    ---     0.495      R5C16D.C1 to      R5C16D.F1 core/engine/seq/SLICE_178
ROUTE         5     1.953      R5C16D.F1 to EBR_R6C4.ADA10 core/engine/next_address[7] (to clk_c)
                  --------
                   20.061   (25.4% logic, 74.6% route), 9 logic levels.

Unconstrained Preference:
   INPUT_SETUP PORT "reset" CLKPORT "clk" 

Report:   20.035ns delay reset to core/engine/rom/lane_3 (20.061ns delay and -0.026ns setup)

   Name    Fanout   Delay (ns)          Site               Resource
PADI_DEL    ---     1.132          4.PAD to        4.PADDI reset
ROUTE       172     4.277        4.PADDI to      R4C13B.D0 reset_c
CTOF_DEL    ---     0.495      R4C13B.D0 to      R4C13B.F0 core/engine/SLICE_463
ROUTE         4     1.852      R4C13B.F0 to      R5C14C.B1 core/engine/seq/next_address_5_sqmuxa_2
CTOF_DEL    ---     0.495      R5C14C.B1 to      R5C14C.F1 core/engine/seq/SLICE_275
ROUTE         3     1.174      R5C14C.F1 to      R4C14B.D0 core/engine/seq/next_address_8_sqmuxa_fc
CTOF_DEL    ---     0.495      R4C14B.D0 to      R4C14B.F0 core/engine/seq/SLICE_280
ROUTE         2     1.459      R4C14B.F0 to      R5C16B.B1 core/engine/seq/N_51_1_fc
CTOF_DEL    ---     0.495      R5C16B.B1 to      R5C16B.F1 core/engine/seq/SLICE_241
ROUTE         7     0.356      R5C16B.F1 to      R5C16C.D1 core/engine/seq/N_53
CTOF_DEL    ---     0.495      R5C16C.D1 to      R5C16C.F1 core/engine/seq/SLICE_439
ROUTE         1     1.525      R5C16C.F1 to      R7C17A.A0 core/engine/seq/next_address_1_iv_0[7]
CTOF_DEL    ---     0.495      R7C17A.A0 to      R7C17A.F0 core/SLICE_260
ROUTE         1     1.294      R7C17A.F0 to      R4C18C.C0 core/engine/seq/next_address_1_iv_2[7]
CTOF_DEL    ---     0.495      R4C18C.C0 to      R4C18C.F0 core/engine/seq/SLICE_245
ROUTE         1     1.079      R4C18C.F0 to      R5C16D.C1 core/engine/seq/next_address_1_iv_5[7]
CTOF_DEL    ---     0.495      R5C16D.C1 to      R5C16D.F1 core/engine/seq/SLICE_178
ROUTE         5     1.953      R5C16D.F1 to EBR_R6C7.ADA10 core/engine/next_address[7] (to clk_c)
                  --------
                   20.061   (25.4% logic, 74.6% route), 9 logic levels.

Unconstrained Preference:
   INPUT_SETUP PORT "reset" CLKPORT "clk" 

Report:   19.997ns delay reset to core/engine/rom/lane_2 (20.023ns delay and -0.026ns setup)

   Name    Fanout   Delay (ns)          Site               Resource
PADI_DEL    ---     1.132          4.PAD to        4.PADDI reset
ROUTE       172     5.052        4.PADDI to      R4C14D.B1 reset_c
CTOF_DEL    ---     0.495      R4C14D.B1 to      R4C14D.F1 core/engine/seq/SLICE_283
ROUTE         2     0.445      R4C14D.F1 to      R4C14D.C0 core/engine/seq/next_address_7_sqmuxa_5_fc
CTOF_DEL    ---     0.495      R4C14D.C0 to      R4C14D.F0 core/engine/seq/SLICE_283
ROUTE         4     1.779      R4C14D.F0 to      R5C15D.B1 core/engine/seq/next_address_7_sqmuxa_fc
CTOF_DEL    ---     0.495      R5C15D.B1 to      R5C15D.F1 core/engine/seq/SLICE_226
ROUTE         1     0.436      R5C15D.F1 to      R5C15D.C0 core/engine/seq/next_address_9_m[1]
CTOF_DEL    ---     0.495      R5C15D.C0 to      R5C15D.F0 core/engine/seq/SLICE_226
ROUTE         1     0.747      R5C15D.F0 to      R5C15A.C0 core/engine/seq/next_address_1_iv_1[1]
CTOF_DEL    ---     0.495      R5C15A.C0 to      R5C15A.F0 core/engine/seq/SLICE_277
ROUTE         1     0.623      R5C15A.F0 to      R4C15C.D1 core/engine/seq/next_address_1_iv_2[1]
CTOF_DEL    ---     0.495      R4C15C.D1 to      R4C15C.F1 core/engine/seq/SLICE_261
ROUTE         1     0.967      R4C15C.F1 to      R4C15C.A0 core/engine/seq/next_address_1_iv_3[1]
CTOF_DEL    ---     0.495      R4C15C.A0 to      R4C15C.F0 core/engine/seq/SLICE_261
ROUTE         1     1.525      R4C15C.F0 to      R7C15C.A0 core/engine/seq/next_address_1_iv_5[1]
CTOF_DEL    ---     0.495      R7C15C.A0 to      R7C15C.F0 core/SLICE_250
ROUTE         1     1.035      R7C15C.F0 to      R4C15A.D1 core/engine/seq/next_address_1_iv_8[1]
CTOF_DEL    ---     0.495      R4C15A.D1 to      R4C15A.F1 core/engine/seq/SLICE_175
ROUTE         5     1.827      R4C15A.F1 to  EBR_R6C4.ADA4 core/engine/next_address[1] (to clk_c)
                  --------
                   20.023   (27.9% logic, 72.1% route), 10 logic levels.

Unconstrained Preference:
   INPUT_SETUP PORT "reset" CLKPORT "clk" 

Report:   19.992ns delay reset to core/engine/rom/lane_3 (20.018ns delay and -0.026ns setup)

   Name    Fanout   Delay (ns)          Site               Resource
PADI_DEL    ---     1.132          4.PAD to        4.PADDI reset
ROUTE       172     4.277        4.PADDI to      R4C13B.D0 reset_c
CTOF_DEL    ---     0.495      R4C13B.D0 to      R4C13B.F0 core/engine/SLICE_463
ROUTE         4     1.852      R4C13B.F0 to      R5C14C.B1 core/engine/seq/next_address_5_sqmuxa_2
CTOF_DEL    ---     0.495      R5C14C.B1 to      R5C14C.F1 core/engine/seq/SLICE_275
ROUTE         3     1.174      R5C14C.F1 to      R4C14B.D0 core/engine/seq/next_address_8_sqmuxa_fc
CTOF_DEL    ---     0.495      R4C14B.D0 to      R4C14B.F0 core/engine/seq/SLICE_280
ROUTE         2     1.459      R4C14B.F0 to      R5C16B.B1 core/engine/seq/N_51_1_fc
CTOF_DEL    ---     0.495      R5C16B.B1 to      R5C16B.F1 core/engine/seq/SLICE_241
ROUTE         7     1.526      R5C16B.F1 to      R7C16D.B0 core/engine/seq/N_53
CTOF_DEL    ---     0.495      R7C16D.B0 to      R7C16D.F0 core/SLICE_266
ROUTE         1     1.137      R7C16D.F0 to      R3C16A.D0 core/engine/seq/next_address_2_iv_0[8]
CTOF_DEL    ---     0.495      R3C16A.D0 to      R3C16A.F0 core/engine/seq/SLICE_254
ROUTE         1     0.626      R3C16A.F0 to      R3C16D.D0 core/engine/seq/next_address_2_iv_2[8]
CTOF_DEL    ---     0.495      R3C16D.D0 to      R3C16D.F0 core/engine/seq/SLICE_249
ROUTE         1     0.744      R3C16D.F0 to      R4C16D.C0 core/engine/seq/next_address_2_iv_3[8]
CTOF_DEL    ---     0.495      R4C16D.C0 to      R4C16D.F0 core/engine/seq/SLICE_179
ROUTE         5     2.131      R4C16D.F0 to EBR_R6C7.ADA11 core/engine/next_address[8] (to clk_c)
                  --------
                   20.018   (25.4% logic, 74.6% route), 9 logic levels.

Unconstrained Preference:
   INPUT_SETUP PORT "reset" CLKPORT "clk" 

Report:   19.992ns delay reset to core/engine/rom/lane_2 (20.018ns delay and -0.026ns setup)

   Name    Fanout   Delay (ns)          Site               Resource
PADI_DEL    ---     1.132          4.PAD to        4.PADDI reset
ROUTE       172     4.277        4.PADDI to      R4C13B.D0 reset_c
CTOF_DEL    ---     0.495      R4C13B.D0 to      R4C13B.F0 core/engine/SLICE_463
ROUTE         4     1.852      R4C13B.F0 to      R5C14C.B1 core/engine/seq/next_address_5_sqmuxa_2
CTOF_DEL    ---     0.495      R5C14C.B1 to      R5C14C.F1 core/engine/seq/SLICE_275
ROUTE         3     1.174      R5C14C.F1 to      R4C14B.D0 core/engine/seq/next_address_8_sqmuxa_fc
CTOF_DEL    ---     0.495      R4C14B.D0 to      R4C14B.F0 core/engine/seq/SLICE_280
ROUTE         2     1.459      R4C14B.F0 to      R5C16B.B1 core/engine/seq/N_51_1_fc
CTOF_DEL    ---     0.495      R5C16B.B1 to      R5C16B.F1 core/engine/seq/SLICE_241
ROUTE         7     1.526      R5C16B.F1 to      R7C16D.B0 core/engine/seq/N_53
CTOF_DEL    ---     0.495      R7C16D.B0 to      R7C16D.F0 core/SLICE_266
ROUTE         1     1.137      R7C16D.F0 to      R3C16A.D0 core/engine/seq/next_address_2_iv_0[8]
CTOF_DEL    ---     0.495      R3C16A.D0 to      R3C16A.F0 core/engine/seq/SLICE_254
ROUTE         1     0.626      R3C16A.F0 to      R3C16D.D0 core/engine/seq/next_address_2_iv_2[8]
CTOF_DEL    ---     0.495      R3C16D.D0 to      R3C16D.F0 core/engine/seq/SLICE_249
ROUTE         1     0.744      R3C16D.F0 to      R4C16D.C0 core/engine/seq/next_address_2_iv_3[8]
CTOF_DEL    ---     0.495      R4C16D.C0 to      R4C16D.F0 core/engine/seq/SLICE_179
ROUTE         5     2.131      R4C16D.F0 to EBR_R6C4.ADA11 core/engine/next_address[8] (to clk_c)
                  --------
                   20.018   (25.4% logic, 74.6% route), 9 logic levels.

Unconstrained Preference:
   INPUT_SETUP PORT "reset" CLKPORT "clk" 

Report:   19.924ns delay reset to core/engine/rom/lane_2 (19.950ns delay and -0.026ns setup)

   Name    Fanout   Delay (ns)          Site               Resource
PADI_DEL    ---     1.132          4.PAD to        4.PADDI reset
ROUTE       172     5.030        4.PADDI to      R4C14A.A0 reset_c
CTOF_DEL    ---     0.495      R4C14A.A0 to      R4C14A.F0 core/engine/seq/SLICE_238
ROUTE         2     1.392      R4C14A.F0 to      R5C14A.A1 core/engine/seq/next_address_6_sqmuxa_5_fc
CTOF_DEL    ---     0.495      R5C14A.A1 to      R5C14A.F1 core/engine/seq/SLICE_281
ROUTE         4     0.788      R5C14A.F1 to      R5C16A.C1 core/engine/seq/next_address_6_sqmuxa_fc
CTOF_DEL    ---     0.495      R5C16A.C1 to      R5C16A.F1 core/engine/seq/SLICE_279
ROUTE         1     0.693      R5C16A.F1 to      R5C16A.B0 core/engine/seq/next_address_8_i_m[2]
CTOF_DEL    ---     0.495      R5C16A.B0 to      R5C16A.F0 core/engine/seq/SLICE_279
ROUTE         1     1.001      R5C16A.F0 to      R4C16B.B1 core/engine/seq/next_address_1_iv_1[2]
CTOF_DEL    ---     0.495      R4C16B.B1 to      R4C16B.F1 core/engine/seq/SLICE_224
ROUTE         1     0.436      R4C16B.F1 to      R4C16B.C0 core/engine/seq/next_address_1_iv_2[2]
CTOF_DEL    ---     0.495      R4C16B.C0 to      R4C16B.F0 core/engine/seq/SLICE_224
ROUTE         1     1.383      R4C16B.F0 to      R3C16B.A0 core/engine/seq/next_address_1_iv_3[2]
CTOF_DEL    ---     0.495      R3C16B.A0 to      R3C16B.F0 core/engine/seq/SLICE_252
ROUTE         1     0.744      R3C16B.F0 to      R3C17A.C0 core/engine/seq/next_address_1_iv_6[2]
CTOF_DEL    ---     0.495      R3C17A.C0 to      R3C17A.F0 core/engine/seq/SLICE_242
ROUTE         1     0.766      R3C17A.F0 to      R5C17A.C0 core/engine/seq/next_address_1_iv_8[2]
CTOF_DEL    ---     0.495      R5C17A.C0 to      R5C17A.F0 core/engine/seq/SLICE_176
ROUTE         5     2.130      R5C17A.F0 to  EBR_R6C4.ADA5 core/engine/next_address_1_iv_i[2] (to clk_c)
                  --------
                   19.950   (28.0% logic, 72.0% route), 10 logic levels.

Unconstrained Preference:
   INPUT_SETUP PORT "reset" CLKPORT "clk" 

Report:   19.845ns delay reset to core/engine/rom/lane_1 (19.871ns delay and -0.026ns setup)

   Name    Fanout   Delay (ns)          Site               Resource
PADI_DEL    ---     1.132          4.PAD to        4.PADDI reset
ROUTE       172     4.277        4.PADDI to      R4C13B.D0 reset_c
CTOF_DEL    ---     0.495      R4C13B.D0 to      R4C13B.F0 core/engine/SLICE_463
ROUTE         4     1.852      R4C13B.F0 to      R5C14C.B1 core/engine/seq/next_address_5_sqmuxa_2
CTOF_DEL    ---     0.495      R5C14C.B1 to      R5C14C.F1 core/engine/seq/SLICE_275
ROUTE         3     1.174      R5C14C.F1 to      R4C14B.D0 core/engine/seq/next_address_8_sqmuxa_fc
CTOF_DEL    ---     0.495      R4C14B.D0 to      R4C14B.F0 core/engine/seq/SLICE_280
ROUTE         2     1.459      R4C14B.F0 to      R5C16B.B1 core/engine/seq/N_51_1_fc
CTOF_DEL    ---     0.495      R5C16B.B1 to      R5C16B.F1 core/engine/seq/SLICE_241
ROUTE         7     0.477      R5C16B.F1 to      R5C16C.C0 core/engine/seq/N_53
CTOF_DEL    ---     0.495      R5C16C.C0 to      R5C16C.F0 core/engine/seq/SLICE_439
ROUTE         1     1.363      R5C16C.F0 to      R7C16B.A0 core/engine/seq/next_address_1_iv_0[6]
CTOF_DEL    ---     0.495      R7C16B.A0 to      R7C16B.F0 core/SLICE_257
ROUTE         1     1.022      R7C16B.F0 to      R5C17C.D0 core/engine/seq/next_address_1_iv_2[6]
CTOF_DEL    ---     0.495      R5C17C.D0 to      R5C17C.F0 core/engine/seq/SLICE_243
ROUTE         1     0.964      R5C17C.F0 to      R5C16D.A0 core/engine/seq/next_address_1_iv_5[6]
CTOF_DEL    ---     0.495      R5C16D.A0 to      R5C16D.F0 core/engine/seq/SLICE_178
ROUTE         5     2.191      R5C16D.F0 to EBR_R6C10.ADA9 core/engine/next_address[6] (to clk_c)
                  --------
                   19.871   (25.6% logic, 74.4% route), 9 logic levels.

Unconstrained Preference:
   INPUT_SETUP PORT "reset" CLKPORT "clk" 

Report:   19.845ns delay reset to core/engine/rom/lane_3 (19.871ns delay and -0.026ns setup)

   Name    Fanout   Delay (ns)          Site               Resource
PADI_DEL    ---     1.132          4.PAD to        4.PADDI reset
ROUTE       172     4.277        4.PADDI to      R4C13B.D0 reset_c
CTOF_DEL    ---     0.495      R4C13B.D0 to      R4C13B.F0 core/engine/SLICE_463
ROUTE         4     1.852      R4C13B.F0 to      R5C14C.B1 core/engine/seq/next_address_5_sqmuxa_2
CTOF_DEL    ---     0.495      R5C14C.B1 to      R5C14C.F1 core/engine/seq/SLICE_275
ROUTE         3     1.174      R5C14C.F1 to      R4C14B.D0 core/engine/seq/next_address_8_sqmuxa_fc
CTOF_DEL    ---     0.495      R4C14B.D0 to      R4C14B.F0 core/engine/seq/SLICE_280
ROUTE         2     1.459      R4C14B.F0 to      R5C16B.B1 core/engine/seq/N_51_1_fc
CTOF_DEL    ---     0.495      R5C16B.B1 to      R5C16B.F1 core/engine/seq/SLICE_241
ROUTE         7     0.477      R5C16B.F1 to      R5C16C.C0 core/engine/seq/N_53
CTOF_DEL    ---     0.495      R5C16C.C0 to      R5C16C.F0 core/engine/seq/SLICE_439
ROUTE         1     1.363      R5C16C.F0 to      R7C16B.A0 core/engine/seq/next_address_1_iv_0[6]
CTOF_DEL    ---     0.495      R7C16B.A0 to      R7C16B.F0 core/SLICE_257
ROUTE         1     1.022      R7C16B.F0 to      R5C17C.D0 core/engine/seq/next_address_1_iv_2[6]
CTOF_DEL    ---     0.495      R5C17C.D0 to      R5C17C.F0 core/engine/seq/SLICE_243
ROUTE         1     0.964      R5C17C.F0 to      R5C16D.A0 core/engine/seq/next_address_1_iv_5[6]
CTOF_DEL    ---     0.495      R5C16D.A0 to      R5C16D.F0 core/engine/seq/SLICE_178
ROUTE         5     2.191      R5C16D.F0 to  EBR_R6C7.ADA9 core/engine/next_address[6] (to clk_c)
                  --------
                   19.871   (25.6% logic, 74.4% route), 9 logic levels.

Unconstrained Preference:
   INPUT_SETUP PORT "reset" CLKPORT "clk" 

Report:   19.662ns delay reset to core/engine/rom/lane_0 (19.688ns delay and -0.026ns setup)

   Name    Fanout   Delay (ns)          Site               Resource
PADI_DEL    ---     1.132          4.PAD to        4.PADDI reset
ROUTE       172     4.277        4.PADDI to      R4C13B.D0 reset_c
CTOF_DEL    ---     0.495      R4C13B.D0 to      R4C13B.F0 core/engine/SLICE_463
ROUTE         4     1.852      R4C13B.F0 to      R5C14C.B1 core/engine/seq/next_address_5_sqmuxa_2
CTOF_DEL    ---     0.495      R5C14C.B1 to      R5C14C.F1 core/engine/seq/SLICE_275
ROUTE         3     1.174      R5C14C.F1 to      R4C14B.D0 core/engine/seq/next_address_8_sqmuxa_fc
CTOF_DEL    ---     0.495      R4C14B.D0 to      R4C14B.F0 core/engine/seq/SLICE_280
ROUTE         2     1.459      R4C14B.F0 to      R5C16B.B1 core/engine/seq/N_51_1_fc
CTOF_DEL    ---     0.495      R5C16B.B1 to      R5C16B.F1 core/engine/seq/SLICE_241
ROUTE         7     1.071      R5C16B.F1 to      R5C18B.B1 core/engine/seq/N_53
CTOF_DEL    ---     0.495      R5C18B.B1 to      R5C18B.F1 core/engine/seq/SLICE_500
ROUTE         1     1.051      R5C18B.F1 to      R7C18D.A0 core/engine/seq/next_address_1_iv_0[3]
CTOF_DEL    ---     0.495      R7C18D.A0 to      R7C18D.F0 core/SLICE_258
ROUTE         1     1.400      R7C18D.F0 to      R5C17B.B0 core/engine/seq/next_address_1_iv_2[3]
CTOF_DEL    ---     0.495      R5C17B.B0 to      R5C17B.F0 core/engine/seq/SLICE_244
ROUTE         1     0.693      R5C17B.F0 to      R5C17A.B1 core/engine/seq/next_address_1_iv_5[3]
CTOF_DEL    ---     0.495      R5C17A.B1 to      R5C17A.F1 core/engine/seq/SLICE_176
ROUTE         5     1.619      R5C17A.F1 to EBR_R6C14.ADA6 core/engine/next_address[3] (to clk_c)
                  --------
                   19.688   (25.9% logic, 74.1% route), 9 logic levels.

Unconstrained Preference:
   INPUT_SETUP PORT "reset" CLKPORT "clk" 

Report:   19.498ns delay reset to core/engine/rom/lane_3 (19.524ns delay and -0.026ns setup)

   Name    Fanout   Delay (ns)          Site               Resource
PADI_DEL    ---     1.132          4.PAD to        4.PADDI reset
ROUTE       172     5.052        4.PADDI to      R4C14D.B1 reset_c
CTOF_DEL    ---     0.495      R4C14D.B1 to      R4C14D.F1 core/engine/seq/SLICE_283
ROUTE         2     0.445      R4C14D.F1 to      R4C14D.C0 core/engine/seq/next_address_7_sqmuxa_5_fc
CTOF_DEL    ---     0.495      R4C14D.C0 to      R4C14D.F0 core/engine/seq/SLICE_283
ROUTE         4     1.779      R4C14D.F0 to      R5C15D.B1 core/engine/seq/next_address_7_sqmuxa_fc
CTOF_DEL    ---     0.495      R5C15D.B1 to      R5C15D.F1 core/engine/seq/SLICE_226
ROUTE         1     0.436      R5C15D.F1 to      R5C15D.C0 core/engine/seq/next_address_9_m[1]
CTOF_DEL    ---     0.495      R5C15D.C0 to      R5C15D.F0 core/engine/seq/SLICE_226
ROUTE         1     0.747      R5C15D.F0 to      R5C15A.C0 core/engine/seq/next_address_1_iv_1[1]
CTOF_DEL    ---     0.495      R5C15A.C0 to      R5C15A.F0 core/engine/seq/SLICE_277
ROUTE         1     0.623      R5C15A.F0 to      R4C15C.D1 core/engine/seq/next_address_1_iv_2[1]
CTOF_DEL    ---     0.495      R4C15C.D1 to      R4C15C.F1 core/engine/seq/SLICE_261
ROUTE         1     0.967      R4C15C.F1 to      R4C15C.A0 core/engine/seq/next_address_1_iv_3[1]
CTOF_DEL    ---     0.495      R4C15C.A0 to      R4C15C.F0 core/engine/seq/SLICE_261
ROUTE         1     1.525      R4C15C.F0 to      R7C15C.A0 core/engine/seq/next_address_1_iv_5[1]
CTOF_DEL    ---     0.495      R7C15C.A0 to      R7C15C.F0 core/SLICE_250
ROUTE         1     1.035      R7C15C.F0 to      R4C15A.D1 core/engine/seq/next_address_1_iv_8[1]
CTOF_DEL    ---     0.495      R4C15A.D1 to      R4C15A.F1 core/engine/seq/SLICE_175
ROUTE         5     1.328      R4C15A.F1 to  EBR_R6C7.ADA4 core/engine/next_address[1] (to clk_c)
                  --------
                   19.524   (28.6% logic, 71.4% route), 10 logic levels.

Unconstrained Preference:
   INPUT_SETUP PORT "reset" CLKPORT "clk" 

Report:   19.498ns delay reset to core/engine/rom/lane_1 (19.524ns delay and -0.026ns setup)

   Name    Fanout   Delay (ns)          Site               Resource
PADI_DEL    ---     1.132          4.PAD to        4.PADDI reset
ROUTE       172     5.052        4.PADDI to      R4C14D.B1 reset_c
CTOF_DEL    ---     0.495      R4C14D.B1 to      R4C14D.F1 core/engine/seq/SLICE_283
ROUTE         2     0.445      R4C14D.F1 to      R4C14D.C0 core/engine/seq/next_address_7_sqmuxa_5_fc
CTOF_DEL    ---     0.495      R4C14D.C0 to      R4C14D.F0 core/engine/seq/SLICE_283
ROUTE         4     1.779      R4C14D.F0 to      R5C15D.B1 core/engine/seq/next_address_7_sqmuxa_fc
CTOF_DEL    ---     0.495      R5C15D.B1 to      R5C15D.F1 core/engine/seq/SLICE_226
ROUTE         1     0.436      R5C15D.F1 to      R5C15D.C0 core/engine/seq/next_address_9_m[1]
CTOF_DEL    ---     0.495      R5C15D.C0 to      R5C15D.F0 core/engine/seq/SLICE_226
ROUTE         1     0.747      R5C15D.F0 to      R5C15A.C0 core/engine/seq/next_address_1_iv_1[1]
CTOF_DEL    ---     0.495      R5C15A.C0 to      R5C15A.F0 core/engine/seq/SLICE_277
ROUTE         1     0.623      R5C15A.F0 to      R4C15C.D1 core/engine/seq/next_address_1_iv_2[1]
CTOF_DEL    ---     0.495      R4C15C.D1 to      R4C15C.F1 core/engine/seq/SLICE_261
ROUTE         1     0.967      R4C15C.F1 to      R4C15C.A0 core/engine/seq/next_address_1_iv_3[1]
CTOF_DEL    ---     0.495      R4C15C.A0 to      R4C15C.F0 core/engine/seq/SLICE_261
ROUTE         1     1.525      R4C15C.F0 to      R7C15C.A0 core/engine/seq/next_address_1_iv_5[1]
CTOF_DEL    ---     0.495      R7C15C.A0 to      R7C15C.F0 core/SLICE_250
ROUTE         1     1.035      R7C15C.F0 to      R4C15A.D1 core/engine/seq/next_address_1_iv_8[1]
CTOF_DEL    ---     0.495      R4C15A.D1 to      R4C15A.F1 core/engine/seq/SLICE_175
ROUTE         5     1.328      R4C15A.F1 to EBR_R6C10.ADA4 core/engine/next_address[1] (to clk_c)
                  --------
                   19.524   (28.6% logic, 71.4% route), 10 logic levels.

Unconstrained Preference:
   INPUT_SETUP PORT "reset" CLKPORT "clk" 

Report:   19.485ns delay reset to core/engine/rom/lane_1 (19.511ns delay and -0.026ns setup)

   Name    Fanout   Delay (ns)          Site               Resource
PADI_DEL    ---     1.132          4.PAD to        4.PADDI reset
ROUTE       172     4.277        4.PADDI to      R4C13B.D0 reset_c
CTOF_DEL    ---     0.495      R4C13B.D0 to      R4C13B.F0 core/engine/SLICE_463
ROUTE         4     1.852      R4C13B.F0 to      R5C14C.B1 core/engine/seq/next_address_5_sqmuxa_2
CTOF_DEL    ---     0.495      R5C14C.B1 to      R5C14C.F1 core/engine/seq/SLICE_275
ROUTE         3     1.174      R5C14C.F1 to      R4C14B.D0 core/engine/seq/next_address_8_sqmuxa_fc
CTOF_DEL    ---     0.495      R4C14B.D0 to      R4C14B.F0 core/engine/seq/SLICE_280
ROUTE         2     1.459      R4C14B.F0 to      R5C16B.B1 core/engine/seq/N_51_1_fc
CTOF_DEL    ---     0.495      R5C16B.B1 to      R5C16B.F1 core/engine/seq/SLICE_241
ROUTE         7     1.526      R5C16B.F1 to      R7C16D.B0 core/engine/seq/N_53
CTOF_DEL    ---     0.495      R7C16D.B0 to      R7C16D.F0 core/SLICE_266
ROUTE         1     1.137      R7C16D.F0 to      R3C16A.D0 core/engine/seq/next_address_2_iv_0[8]
CTOF_DEL    ---     0.495      R3C16A.D0 to      R3C16A.F0 core/engine/seq/SLICE_254
ROUTE         1     0.626      R3C16A.F0 to      R3C16D.D0 core/engine/seq/next_address_2_iv_2[8]
CTOF_DEL    ---     0.495      R3C16D.D0 to      R3C16D.F0 core/engine/seq/SLICE_249
ROUTE         1     0.744      R3C16D.F0 to      R4C16D.C0 core/engine/seq/next_address_2_iv_3[8]
CTOF_DEL    ---     0.495      R4C16D.C0 to      R4C16D.F0 core/engine/seq/SLICE_179
ROUTE         5     1.624      R4C16D.F0 to *R_R6C10.ADA11 core/engine/next_address[8] (to clk_c)
                  --------
                   19.511   (26.1% logic, 73.9% route), 9 logic levels.

Unconstrained Preference:
   INPUT_SETUP PORT "reset" CLKPORT "clk" 

Report:   19.484ns delay reset to core/engine/rom/lane_0 (19.510ns delay and -0.026ns setup)

   Name    Fanout   Delay (ns)          Site               Resource
PADI_DEL    ---     1.132          4.PAD to        4.PADDI reset
ROUTE       172     5.030        4.PADDI to      R4C14A.A0 reset_c
CTOF_DEL    ---     0.495      R4C14A.A0 to      R4C14A.F0 core/engine/seq/SLICE_238
ROUTE         2     1.392      R4C14A.F0 to      R5C14A.A1 core/engine/seq/next_address_6_sqmuxa_5_fc
CTOF_DEL    ---     0.495      R5C14A.A1 to      R5C14A.F1 core/engine/seq/SLICE_281
ROUTE         4     0.788      R5C14A.F1 to      R5C16A.C1 core/engine/seq/next_address_6_sqmuxa_fc
CTOF_DEL    ---     0.495      R5C16A.C1 to      R5C16A.F1 core/engine/seq/SLICE_279
ROUTE         1     0.693      R5C16A.F1 to      R5C16A.B0 core/engine/seq/next_address_8_i_m[2]
CTOF_DEL    ---     0.495      R5C16A.B0 to      R5C16A.F0 core/engine/seq/SLICE_279
ROUTE         1     1.001      R5C16A.F0 to      R4C16B.B1 core/engine/seq/next_address_1_iv_1[2]
CTOF_DEL    ---     0.495      R4C16B.B1 to      R4C16B.F1 core/engine/seq/SLICE_224
ROUTE         1     0.436      R4C16B.F1 to      R4C16B.C0 core/engine/seq/next_address_1_iv_2[2]
CTOF_DEL    ---     0.495      R4C16B.C0 to      R4C16B.F0 core/engine/seq/SLICE_224
ROUTE         1     1.383      R4C16B.F0 to      R3C16B.A0 core/engine/seq/next_address_1_iv_3[2]
CTOF_DEL    ---     0.495      R3C16B.A0 to      R3C16B.F0 core/engine/seq/SLICE_252
ROUTE         1     0.744      R3C16B.F0 to      R3C17A.C0 core/engine/seq/next_address_1_iv_6[2]
CTOF_DEL    ---     0.495      R3C17A.C0 to      R3C17A.F0 core/engine/seq/SLICE_242
ROUTE         1     0.766      R3C17A.F0 to      R5C17A.C0 core/engine/seq/next_address_1_iv_8[2]
CTOF_DEL    ---     0.495      R5C17A.C0 to      R5C17A.F0 core/engine/seq/SLICE_176
ROUTE         5     1.690      R5C17A.F0 to EBR_R6C14.ADA5 core/engine/next_address_1_iv_i[2] (to clk_c)
                  --------
                   19.510   (28.6% logic, 71.4% route), 10 logic levels.

Unconstrained Preference:
   INPUT_SETUP PORT "reset" CLKPORT "clk" 

Report:   19.425ns delay reset to core/engine/rom/lane_3 (19.451ns delay and -0.026ns setup)

   Name    Fanout   Delay (ns)          Site               Resource
PADI_DEL    ---     1.132          4.PAD to        4.PADDI reset
ROUTE       172     5.030        4.PADDI to      R4C14A.A0 reset_c
CTOF_DEL    ---     0.495      R4C14A.A0 to      R4C14A.F0 core/engine/seq/SLICE_238
ROUTE         2     1.392      R4C14A.F0 to      R5C14A.A1 core/engine/seq/next_address_6_sqmuxa_5_fc
CTOF_DEL    ---     0.495      R5C14A.A1 to      R5C14A.F1 core/engine/seq/SLICE_281
ROUTE         4     0.788      R5C14A.F1 to      R5C16A.C1 core/engine/seq/next_address_6_sqmuxa_fc
CTOF_DEL    ---     0.495      R5C16A.C1 to      R5C16A.F1 core/engine/seq/SLICE_279
ROUTE         1     0.693      R5C16A.F1 to      R5C16A.B0 core/engine/seq/next_address_8_i_m[2]
CTOF_DEL    ---     0.495      R5C16A.B0 to      R5C16A.F0 core/engine/seq/SLICE_279
ROUTE         1     1.001      R5C16A.F0 to      R4C16B.B1 core/engine/seq/next_address_1_iv_1[2]
CTOF_DEL    ---     0.495      R4C16B.B1 to      R4C16B.F1 core/engine/seq/SLICE_224
ROUTE         1     0.436      R4C16B.F1 to      R4C16B.C0 core/engine/seq/next_address_1_iv_2[2]
CTOF_DEL    ---     0.495      R4C16B.C0 to      R4C16B.F0 core/engine/seq/SLICE_224
ROUTE         1     1.383      R4C16B.F0 to      R3C16B.A0 core/engine/seq/next_address_1_iv_3[2]
CTOF_DEL    ---     0.495      R3C16B.A0 to      R3C16B.F0 core/engine/seq/SLICE_252
ROUTE         1     0.744      R3C16B.F0 to      R3C17A.C0 core/engine/seq/next_address_1_iv_6[2]
CTOF_DEL    ---     0.495      R3C17A.C0 to      R3C17A.F0 core/engine/seq/SLICE_242
ROUTE         1     0.766      R3C17A.F0 to      R5C17A.C0 core/engine/seq/next_address_1_iv_8[2]
CTOF_DEL    ---     0.495      R5C17A.C0 to      R5C17A.F0 core/engine/seq/SLICE_176
ROUTE         5     1.631      R5C17A.F0 to  EBR_R6C7.ADA5 core/engine/next_address_1_iv_i[2] (to clk_c)
                  --------
                   19.451   (28.7% logic, 71.3% route), 10 logic levels.

Unconstrained Preference:
   INPUT_SETUP PORT "reset" CLKPORT "clk" 

Report:   19.425ns delay reset to core/engine/rom/lane_1 (19.451ns delay and -0.026ns setup)

   Name    Fanout   Delay (ns)          Site               Resource
PADI_DEL    ---     1.132          4.PAD to        4.PADDI reset
ROUTE       172     5.030        4.PADDI to      R4C14A.A0 reset_c
CTOF_DEL    ---     0.495      R4C14A.A0 to      R4C14A.F0 core/engine/seq/SLICE_238
ROUTE         2     1.392      R4C14A.F0 to      R5C14A.A1 core/engine/seq/next_address_6_sqmuxa_5_fc
CTOF_DEL    ---     0.495      R5C14A.A1 to      R5C14A.F1 core/engine/seq/SLICE_281
ROUTE         4     0.788      R5C14A.F1 to      R5C16A.C1 core/engine/seq/next_address_6_sqmuxa_fc
CTOF_DEL    ---     0.495      R5C16A.C1 to      R5C16A.F1 core/engine/seq/SLICE_279
ROUTE         1     0.693      R5C16A.F1 to      R5C16A.B0 core/engine/seq/next_address_8_i_m[2]
CTOF_DEL    ---     0.495      R5C16A.B0 to      R5C16A.F0 core/engine/seq/SLICE_279
ROUTE         1     1.001      R5C16A.F0 to      R4C16B.B1 core/engine/seq/next_address_1_iv_1[2]
CTOF_DEL    ---     0.495      R4C16B.B1 to      R4C16B.F1 core/engine/seq/SLICE_224
ROUTE         1     0.436      R4C16B.F1 to      R4C16B.C0 core/engine/seq/next_address_1_iv_2[2]
CTOF_DEL    ---     0.495      R4C16B.C0 to      R4C16B.F0 core/engine/seq/SLICE_224
ROUTE         1     1.383      R4C16B.F0 to      R3C16B.A0 core/engine/seq/next_address_1_iv_3[2]
CTOF_DEL    ---     0.495      R3C16B.A0 to      R3C16B.F0 core/engine/seq/SLICE_252
ROUTE         1     0.744      R3C16B.F0 to      R3C17A.C0 core/engine/seq/next_address_1_iv_6[2]
CTOF_DEL    ---     0.495      R3C17A.C0 to      R3C17A.F0 core/engine/seq/SLICE_242
ROUTE         1     0.766      R3C17A.F0 to      R5C17A.C0 core/engine/seq/next_address_1_iv_8[2]
CTOF_DEL    ---     0.495      R5C17A.C0 to      R5C17A.F0 core/engine/seq/SLICE_176
ROUTE         5     1.631      R5C17A.F0 to EBR_R6C10.ADA5 core/engine/next_address_1_iv_i[2] (to clk_c)
                  --------
                   19.451   (28.7% logic, 71.3% route), 10 logic levels.

Unconstrained Preference:
   INPUT_SETUP PORT "reset" CLKPORT "clk" 

Report:   19.398ns delay reset to core/engine/rom/lane_0 (19.424ns delay and -0.026ns setup)

   Name    Fanout   Delay (ns)          Site               Resource
PADI_DEL    ---     1.132          4.PAD to        4.PADDI reset
ROUTE       172     5.052        4.PADDI to      R4C14D.B1 reset_c
CTOF_DEL    ---     0.495      R4C14D.B1 to      R4C14D.F1 core/engine/seq/SLICE_283
ROUTE         2     0.445      R4C14D.F1 to      R4C14D.C0 core/engine/seq/next_address_7_sqmuxa_5_fc
CTOF_DEL    ---     0.495      R4C14D.C0 to      R4C14D.F0 core/engine/seq/SLICE_283
ROUTE         4     1.779      R4C14D.F0 to      R5C15D.B1 core/engine/seq/next_address_7_sqmuxa_fc
CTOF_DEL    ---     0.495      R5C15D.B1 to      R5C15D.F1 core/engine/seq/SLICE_226
ROUTE         1     0.436      R5C15D.F1 to      R5C15D.C0 core/engine/seq/next_address_9_m[1]
CTOF_DEL    ---     0.495      R5C15D.C0 to      R5C15D.F0 core/engine/seq/SLICE_226
ROUTE         1     0.747      R5C15D.F0 to      R5C15A.C0 core/engine/seq/next_address_1_iv_1[1]
CTOF_DEL    ---     0.495      R5C15A.C0 to      R5C15A.F0 core/engine/seq/SLICE_277
ROUTE         1     0.623      R5C15A.F0 to      R4C15C.D1 core/engine/seq/next_address_1_iv_2[1]
CTOF_DEL    ---     0.495      R4C15C.D1 to      R4C15C.F1 core/engine/seq/SLICE_261
ROUTE         1     0.967      R4C15C.F1 to      R4C15C.A0 core/engine/seq/next_address_1_iv_3[1]
CTOF_DEL    ---     0.495      R4C15C.A0 to      R4C15C.F0 core/engine/seq/SLICE_261
ROUTE         1     1.525      R4C15C.F0 to      R7C15C.A0 core/engine/seq/next_address_1_iv_5[1]
CTOF_DEL    ---     0.495      R7C15C.A0 to      R7C15C.F0 core/SLICE_250
ROUTE         1     1.035      R7C15C.F0 to      R4C15A.D1 core/engine/seq/next_address_1_iv_8[1]
CTOF_DEL    ---     0.495      R4C15A.D1 to      R4C15A.F1 core/engine/seq/SLICE_175
ROUTE         5     1.228      R4C15A.F1 to EBR_R6C14.ADA4 core/engine/next_address[1] (to clk_c)
                  --------
                   19.424   (28.8% logic, 71.2% route), 10 logic levels.

Unconstrained Preference:
   INPUT_SETUP PORT "reset" CLKPORT "clk" 

Report:   19.372ns delay reset to core/engine/rom/lane_0 (19.398ns delay and -0.026ns setup)

   Name    Fanout   Delay (ns)          Site               Resource
PADI_DEL    ---     1.132          4.PAD to        4.PADDI reset
ROUTE       172     4.277        4.PADDI to      R4C13B.D0 reset_c
CTOF_DEL    ---     0.495      R4C13B.D0 to      R4C13B.F0 core/engine/SLICE_463
ROUTE         4     1.852      R4C13B.F0 to      R5C14C.B1 core/engine/seq/next_address_5_sqmuxa_2
CTOF_DEL    ---     0.495      R5C14C.B1 to      R5C14C.F1 core/engine/seq/SLICE_275
ROUTE         3     1.174      R5C14C.F1 to      R4C14B.D0 core/engine/seq/next_address_8_sqmuxa_fc
CTOF_DEL    ---     0.495      R4C14B.D0 to      R4C14B.F0 core/engine/seq/SLICE_280
ROUTE         2     1.459      R4C14B.F0 to      R5C16B.B1 core/engine/seq/N_51_1_fc
CTOF_DEL    ---     0.495      R5C16B.B1 to      R5C16B.F1 core/engine/seq/SLICE_241
ROUTE         7     1.526      R5C16B.F1 to      R7C16D.B0 core/engine/seq/N_53
CTOF_DEL    ---     0.495      R7C16D.B0 to      R7C16D.F0 core/SLICE_266
ROUTE         1     1.137      R7C16D.F0 to      R3C16A.D0 core/engine/seq/next_address_2_iv_0[8]
CTOF_DEL    ---     0.495      R3C16A.D0 to      R3C16A.F0 core/engine/seq/SLICE_254
ROUTE         1     0.626      R3C16A.F0 to      R3C16D.D0 core/engine/seq/next_address_2_iv_2[8]
CTOF_DEL    ---     0.495      R3C16D.D0 to      R3C16D.F0 core/engine/seq/SLICE_249
ROUTE         1     0.744      R3C16D.F0 to      R4C16D.C0 core/engine/seq/next_address_2_iv_3[8]
CTOF_DEL    ---     0.495      R4C16D.C0 to      R4C16D.F0 core/engine/seq/SLICE_179
ROUTE         5     1.511      R4C16D.F0 to *R_R6C14.ADA11 core/engine/next_address[8] (to clk_c)
                  --------
                   19.398   (26.3% logic, 73.7% route), 9 logic levels.

Unconstrained Preference:
   INPUT_SETUP PORT "reset" CLKPORT "clk" 

Report:   19.306ns delay reset to core/engine/rom/lane_0 (19.332ns delay and -0.026ns setup)

   Name    Fanout   Delay (ns)          Site               Resource
PADI_DEL    ---     1.132          4.PAD to        4.PADDI reset
ROUTE       172     4.277        4.PADDI to      R4C13B.D0 reset_c
CTOF_DEL    ---     0.495      R4C13B.D0 to      R4C13B.F0 core/engine/SLICE_463
ROUTE         4     1.852      R4C13B.F0 to      R5C14C.B1 core/engine/seq/next_address_5_sqmuxa_2
CTOF_DEL    ---     0.495      R5C14C.B1 to      R5C14C.F1 core/engine/seq/SLICE_275
ROUTE         3     1.174      R5C14C.F1 to      R4C14B.D0 core/engine/seq/next_address_8_sqmuxa_fc
CTOF_DEL    ---     0.495      R4C14B.D0 to      R4C14B.F0 core/engine/seq/SLICE_280
ROUTE         2     1.459      R4C14B.F0 to      R5C16B.B1 core/engine/seq/N_51_1_fc
CTOF_DEL    ---     0.495      R5C16B.B1 to      R5C16B.F1 core/engine/seq/SLICE_241
ROUTE         7     0.477      R5C16B.F1 to      R5C16C.C0 core/engine/seq/N_53
CTOF_DEL    ---     0.495      R5C16C.C0 to      R5C16C.F0 core/engine/seq/SLICE_439
ROUTE         1     1.363      R5C16C.F0 to      R7C16B.A0 core/engine/seq/next_address_1_iv_0[6]
CTOF_DEL    ---     0.495      R7C16B.A0 to      R7C16B.F0 core/SLICE_257
ROUTE         1     1.022      R7C16B.F0 to      R5C17C.D0 core/engine/seq/next_address_1_iv_2[6]
CTOF_DEL    ---     0.495      R5C17C.D0 to      R5C17C.F0 core/engine/seq/SLICE_243
ROUTE         1     0.964      R5C17C.F0 to      R5C16D.A0 core/engine/seq/next_address_1_iv_5[6]
CTOF_DEL    ---     0.495      R5C16D.A0 to      R5C16D.F0 core/engine/seq/SLICE_178
ROUTE         5     1.652      R5C16D.F0 to EBR_R6C14.ADA9 core/engine/next_address[6] (to clk_c)
                  --------
                   19.332   (26.3% logic, 73.7% route), 9 logic levels.

Unconstrained Preference:
   INPUT_SETUP PORT "reset" CLKPORT "clk" 

Report:   19.203ns delay reset to core/engine/rom/lane_0 (19.229ns delay and -0.026ns setup)

   Name    Fanout   Delay (ns)          Site               Resource
PADI_DEL    ---     1.132          4.PAD to        4.PADDI reset
ROUTE       172     4.277        4.PADDI to      R4C13B.D0 reset_c
CTOF_DEL    ---     0.495      R4C13B.D0 to      R4C13B.F0 core/engine/SLICE_463
ROUTE         4     1.852      R4C13B.F0 to      R5C14C.B1 core/engine/seq/next_address_5_sqmuxa_2
CTOF_DEL    ---     0.495      R5C14C.B1 to      R5C14C.F1 core/engine/seq/SLICE_275
ROUTE         3     1.174      R5C14C.F1 to      R4C14B.D0 core/engine/seq/next_address_8_sqmuxa_fc
CTOF_DEL    ---     0.495      R4C14B.D0 to      R4C14B.F0 core/engine/seq/SLICE_280
ROUTE         2     1.459      R4C14B.F0 to      R5C16B.B1 core/engine/seq/N_51_1_fc
CTOF_DEL    ---     0.495      R5C16B.B1 to      R5C16B.F1 core/engine/seq/SLICE_241
ROUTE         7     0.356      R5C16B.F1 to      R5C16C.D1 core/engine/seq/N_53
CTOF_DEL    ---     0.495      R5C16C.D1 to      R5C16C.F1 core/engine/seq/SLICE_439
ROUTE         1     1.525      R5C16C.F1 to      R7C17A.A0 core/engine/seq/next_address_1_iv_0[7]
CTOF_DEL    ---     0.495      R7C17A.A0 to      R7C17A.F0 core/SLICE_260
ROUTE         1     1.294      R7C17A.F0 to      R4C18C.C0 core/engine/seq/next_address_1_iv_2[7]
CTOF_DEL    ---     0.495      R4C18C.C0 to      R4C18C.F0 core/engine/seq/SLICE_245
ROUTE         1     1.079      R4C18C.F0 to      R5C16D.C1 core/engine/seq/next_address_1_iv_5[7]
CTOF_DEL    ---     0.495      R5C16D.C1 to      R5C16D.F1 core/engine/seq/SLICE_178
ROUTE         5     1.121      R5C16D.F1 to *R_R6C14.ADA10 core/engine/next_address[7] (to clk_c)
                  --------
                   19.229   (26.5% logic, 73.5% route), 9 logic levels.

Unconstrained Preference:
   INPUT_SETUP PORT "reset" CLKPORT "clk" 

Report:   19.188ns delay reset to core/engine/rom/lane_3 (19.214ns delay and -0.026ns setup)

   Name    Fanout   Delay (ns)          Site               Resource
PADI_DEL    ---     1.132          4.PAD to        4.PADDI reset
ROUTE       172     5.052        4.PADDI to      R4C13B.B1 reset_c
CTOF_DEL    ---     0.495      R4C13B.B1 to      R4C13B.F1 core/engine/SLICE_463
ROUTE         1     0.315      R4C13B.F1 to      R4C13C.D1 core/engine/un1_memory_op_1dupdup
CTOF_DEL    ---     0.495      R4C13C.D1 to      R4C13C.F1 core/engine/SLICE_286
ROUTE        10     0.672      R4C13C.F1 to      R4C12B.D1 core/engine/retirec_1
CTOOFX_DEL  ---     0.721      R4C12B.D1 to    R4C12B.OFX0 core/engine/seq/predicates_pmux_6/SLICE_182
ROUTE         1     0.958    R4C12B.OFX0 to      R5C14B.D0 core/engine/seq/N_73
CTOF_DEL    ---     0.495      R5C14B.D0 to      R5C14B.F0 core/engine/SLICE_255
ROUTE         2     1.595      R5C14B.F0 to      R3C15B.C1 core/engine/seq/condition
CTOOFX_DEL  ---     0.721      R3C15B.C1 to    R3C15B.OFX0 core/engine/seq/un1_next_address78_1[0]/SLICE_181
ROUTE         1     0.958    R3C15B.OFX0 to      R3C17D.D1 core/engine/seq/un1_next_address78_1[0]
CTOF_DEL    ---     0.495      R3C17D.D1 to      R3C17D.F1 core/engine/seq/SLICE_246
ROUTE        10     0.990      R3C17D.F1 to      R4C18D.D1 core/engine/seq/next_address_2_sqmuxa
CTOF_DEL    ---     0.495      R4C18D.D1 to      R4C18D.F1 core/engine/seq/SLICE_43
ROUTE         1     0.645      R4C18D.F1 to      R4C16D.D1 core/engine/seq/un1_upc_m[9]
CTOF_DEL    ---     0.495      R4C16D.D1 to      R4C16D.F1 core/engine/seq/SLICE_179
ROUTE         5     2.485      R4C16D.F1 to EBR_R6C7.ADA12 core/engine/next_address[9] (to clk_c)
                  --------
                   19.214   (28.9% logic, 71.1% route), 9 logic levels.

Unconstrained Preference:
   INPUT_SETUP PORT "reset" CLKPORT "clk" 

Report:   19.183ns delay reset to core/engine/rom/lane_2 (19.209ns delay and -0.026ns setup)

   Name    Fanout   Delay (ns)          Site               Resource
PADI_DEL    ---     1.132          4.PAD to        4.PADDI reset
ROUTE       172     5.052        4.PADDI to      R4C14D.B1 reset_c
CTOF_DEL    ---     0.495      R4C14D.B1 to      R4C14D.F1 core/engine/seq/SLICE_283
ROUTE         2     1.166      R4C14D.F1 to      R4C14B.D1 core/engine/seq/next_address_7_sqmuxa_5_fc
CTOF_DEL    ---     0.495      R4C14B.D1 to      R4C14B.F1 core/engine/seq/SLICE_280
ROUTE         3     1.756      R4C14B.F1 to      R5C15C.B1 core/engine/seq/next_address_9_sqmuxa_fc
CTOF_DEL    ---     0.495      R5C15C.B1 to      R5C15C.F1 core/engine/seq/SLICE_276
ROUTE         1     0.967      R5C15C.F1 to      R5C15C.A0 core/engine/seq/next_address_11_i_m[0]
CTOF_DEL    ---     0.495      R5C15C.A0 to      R5C15C.F0 core/engine/seq/SLICE_276
ROUTE         1     1.001      R5C15C.F0 to      R5C14C.B0 core/engine/seq/next_address_0_iv_1[0]
CTOF_DEL    ---     0.495      R5C14C.B0 to      R5C14C.F0 core/engine/seq/SLICE_275
ROUTE         1     0.964      R5C14C.F0 to      R5C15B.A0 core/engine/seq/next_address_0_iv_4[0]
CTOF_DEL    ---     0.495      R5C15B.A0 to      R5C15B.F0 core/engine/seq/SLICE_265
ROUTE         1     0.436      R5C15B.F0 to      R5C15B.C1 core/engine/seq/next_address_0_iv_6[0]
CTOF_DEL    ---     0.495      R5C15B.C1 to      R5C15B.F1 core/engine/seq/SLICE_265
ROUTE         1     0.645      R5C15B.F1 to      R4C15A.D0 core/engine/seq/next_address_0_iv_i_1[0]
CTOF_DEL    ---     0.495      R4C15A.D0 to      R4C15A.F0 core/engine/seq/SLICE_175
ROUTE         5     2.130      R4C15A.F0 to  EBR_R6C4.ADA3 core/engine/next_address_0_iv_i[0] (to clk_c)
                  --------
                   19.209   (26.5% logic, 73.5% route), 9 logic levels.

Unconstrained Preference:
   INPUT_SETUP PORT "reset" CLKPORT "clk" 

Report:   19.183ns delay reset to core/engine/rom/lane_3 (19.209ns delay and -0.026ns setup)

   Name    Fanout   Delay (ns)          Site               Resource
PADI_DEL    ---     1.132          4.PAD to        4.PADDI reset
ROUTE       172     5.052        4.PADDI to      R4C14D.B1 reset_c
CTOF_DEL    ---     0.495      R4C14D.B1 to      R4C14D.F1 core/engine/seq/SLICE_283
ROUTE         2     1.166      R4C14D.F1 to      R4C14B.D1 core/engine/seq/next_address_7_sqmuxa_5_fc
CTOF_DEL    ---     0.495      R4C14B.D1 to      R4C14B.F1 core/engine/seq/SLICE_280
ROUTE         3     1.756      R4C14B.F1 to      R5C15C.B1 core/engine/seq/next_address_9_sqmuxa_fc
CTOF_DEL    ---     0.495      R5C15C.B1 to      R5C15C.F1 core/engine/seq/SLICE_276
ROUTE         1     0.967      R5C15C.F1 to      R5C15C.A0 core/engine/seq/next_address_11_i_m[0]
CTOF_DEL    ---     0.495      R5C15C.A0 to      R5C15C.F0 core/engine/seq/SLICE_276
ROUTE         1     1.001      R5C15C.F0 to      R5C14C.B0 core/engine/seq/next_address_0_iv_1[0]
CTOF_DEL    ---     0.495      R5C14C.B0 to      R5C14C.F0 core/engine/seq/SLICE_275
ROUTE         1     0.964      R5C14C.F0 to      R5C15B.A0 core/engine/seq/next_address_0_iv_4[0]
CTOF_DEL    ---     0.495      R5C15B.A0 to      R5C15B.F0 core/engine/seq/SLICE_265
ROUTE         1     0.436      R5C15B.F0 to      R5C15B.C1 core/engine/seq/next_address_0_iv_6[0]
CTOF_DEL    ---     0.495      R5C15B.C1 to      R5C15B.F1 core/engine/seq/SLICE_265
ROUTE         1     0.645      R5C15B.F1 to      R4C15A.D0 core/engine/seq/next_address_0_iv_i_1[0]
CTOF_DEL    ---     0.495      R4C15A.D0 to      R4C15A.F0 core/engine/seq/SLICE_175
ROUTE         5     2.130      R4C15A.F0 to  EBR_R6C7.ADA3 core/engine/next_address_0_iv_i[0] (to clk_c)
                  --------
                   19.209   (26.5% logic, 73.5% route), 9 logic levels.

Unconstrained Preference:
   INPUT_SETUP PORT "reset" CLKPORT "clk" 

Report:   19.172ns delay reset to core/engine/rom/lane_2 (19.198ns delay and -0.026ns setup)

   Name    Fanout   Delay (ns)          Site               Resource
PADI_DEL    ---     1.132          4.PAD to        4.PADDI reset
ROUTE       172     5.052        4.PADDI to      R4C13B.B1 reset_c
CTOF_DEL    ---     0.495      R4C13B.B1 to      R4C13B.F1 core/engine/SLICE_463
ROUTE         1     0.315      R4C13B.F1 to      R4C13C.D1 core/engine/un1_memory_op_1dupdup
CTOF_DEL    ---     0.495      R4C13C.D1 to      R4C13C.F1 core/engine/SLICE_286
ROUTE        10     0.672      R4C13C.F1 to      R4C12B.D1 core/engine/retirec_1
CTOOFX_DEL  ---     0.721      R4C12B.D1 to    R4C12B.OFX0 core/engine/seq/predicates_pmux_6/SLICE_182
ROUTE         1     0.958    R4C12B.OFX0 to      R5C14B.D0 core/engine/seq/N_73
CTOF_DEL    ---     0.495      R5C14B.D0 to      R5C14B.F0 core/engine/SLICE_255
ROUTE         2     0.972      R5C14B.F0 to      R3C14D.D0 core/engine/seq/condition
CTOF_DEL    ---     0.495      R3C14D.D0 to      R3C14D.F0 core/engine/seq/SLICE_247
ROUTE         1     0.958      R3C14D.F0 to      R4C15D.D1 core/engine/seq/next_address_0_sqmuxa_4
CTOF_DEL    ---     0.495      R4C15D.D1 to      R4C15D.F1 core/engine/seq/SLICE_240
ROUTE        10     1.190      R4C15D.F1 to      R5C12B.D0 core/engine/seq/next_address_1_sqmuxa_5
CTOF_DEL    ---     0.495      R5C12B.D0 to      R5C12B.F0 core/engine/SLICE_501
ROUTE         1     1.278      R5C12B.F0 to      R5C17D.C0 core/engine/seq/uword_i_m[15]
CTOF_DEL    ---     0.495      R5C17D.C0 to      R5C17D.F0 core/engine/seq/SLICE_177
ROUTE         5     2.485      R5C17D.F0 to  EBR_R6C4.ADA7 core/engine/next_address_1_iv_i[4] (to clk_c)
                  --------
                   19.198   (27.7% logic, 72.3% route), 9 logic levels.

Unconstrained Preference:
   INPUT_SETUP PORT "reset" CLKPORT "clk" 

Report:   19.103ns delay reset to core/engine/rom/lane_0 (19.129ns delay and -0.026ns setup)

   Name    Fanout   Delay (ns)          Site               Resource
PADI_DEL    ---     1.132          4.PAD to        4.PADDI reset
ROUTE       172     5.052        4.PADDI to      R4C14D.B1 reset_c
CTOF_DEL    ---     0.495      R4C14D.B1 to      R4C14D.F1 core/engine/seq/SLICE_283
ROUTE         2     1.166      R4C14D.F1 to      R4C14B.D1 core/engine/seq/next_address_7_sqmuxa_5_fc
CTOF_DEL    ---     0.495      R4C14B.D1 to      R4C14B.F1 core/engine/seq/SLICE_280
ROUTE         3     1.756      R4C14B.F1 to      R5C15C.B1 core/engine/seq/next_address_9_sqmuxa_fc
CTOF_DEL    ---     0.495      R5C15C.B1 to      R5C15C.F1 core/engine/seq/SLICE_276
ROUTE         1     0.967      R5C15C.F1 to      R5C15C.A0 core/engine/seq/next_address_11_i_m[0]
CTOF_DEL    ---     0.495      R5C15C.A0 to      R5C15C.F0 core/engine/seq/SLICE_276
ROUTE         1     1.001      R5C15C.F0 to      R5C14C.B0 core/engine/seq/next_address_0_iv_1[0]
CTOF_DEL    ---     0.495      R5C14C.B0 to      R5C14C.F0 core/engine/seq/SLICE_275
ROUTE         1     0.964      R5C14C.F0 to      R5C15B.A0 core/engine/seq/next_address_0_iv_4[0]
CTOF_DEL    ---     0.495      R5C15B.A0 to      R5C15B.F0 core/engine/seq/SLICE_265
ROUTE         1     0.436      R5C15B.F0 to      R5C15B.C1 core/engine/seq/next_address_0_iv_6[0]
CTOF_DEL    ---     0.495      R5C15B.C1 to      R5C15B.F1 core/engine/seq/SLICE_265
ROUTE         1     0.645      R5C15B.F1 to      R4C15A.D0 core/engine/seq/next_address_0_iv_i_1[0]
CTOF_DEL    ---     0.495      R4C15A.D0 to      R4C15A.F0 core/engine/seq/SLICE_175
ROUTE         5     2.050      R4C15A.F0 to EBR_R6C14.ADA3 core/engine/next_address_0_iv_i[0] (to clk_c)
                  --------
                   19.129   (26.6% logic, 73.4% route), 9 logic levels.

Unconstrained Preference:
   INPUT_SETUP PORT "reset" CLKPORT "clk" 

Report:   19.032ns delay reset to core/engine/rom/lane_3 (19.058ns delay and -0.026ns setup)

   Name    Fanout   Delay (ns)          Site               Resource
PADI_DEL    ---     1.132          4.PAD to        4.PADDI reset
ROUTE       172     5.052        4.PADDI to      R4C13B.B1 reset_c
CTOF_DEL    ---     0.495      R4C13B.B1 to      R4C13B.F1 core/engine/SLICE_463
ROUTE         1     0.315      R4C13B.F1 to      R4C13C.D1 core/engine/un1_memory_op_1dupdup
CTOF_DEL    ---     0.495      R4C13C.D1 to      R4C13C.F1 core/engine/SLICE_286
ROUTE        10     0.672      R4C13C.F1 to      R4C12B.D1 core/engine/retirec_1
CTOOFX_DEL  ---     0.721      R4C12B.D1 to    R4C12B.OFX0 core/engine/seq/predicates_pmux_6/SLICE_182
ROUTE         1     0.958    R4C12B.OFX0 to      R5C14B.D0 core/engine/seq/N_73
CTOF_DEL    ---     0.495      R5C14B.D0 to      R5C14B.F0 core/engine/SLICE_255
ROUTE         2     0.972      R5C14B.F0 to      R3C14D.D0 core/engine/seq/condition
CTOF_DEL    ---     0.495      R3C14D.D0 to      R3C14D.F0 core/engine/seq/SLICE_247
ROUTE         1     0.958      R3C14D.F0 to      R4C15D.D1 core/engine/seq/next_address_0_sqmuxa_4
CTOF_DEL    ---     0.495      R4C15D.D1 to      R4C15D.F1 core/engine/seq/SLICE_240
ROUTE        10     1.130      R4C15D.F1 to      R5C16B.D0 core/engine/seq/next_address_1_sqmuxa_5
CTOF_DEL    ---     0.495      R5C16B.D0 to      R5C16B.F0 core/engine/seq/SLICE_241
ROUTE         1     0.623      R5C16B.F0 to      R5C17D.D1 core/engine/seq/uword_m[16]
CTOF_DEL    ---     0.495      R5C17D.D1 to      R5C17D.F1 core/engine/seq/SLICE_177
ROUTE         5     3.060      R5C17D.F1 to  EBR_R6C7.ADA8 core/engine/next_address[5] (to clk_c)
                  --------
                   19.058   (27.9% logic, 72.1% route), 9 logic levels.

Unconstrained Preference:
   INPUT_SETUP PORT "reset" CLKPORT "clk" 

Report:   18.833ns delay reset to core/engine/rom/lane_2 (18.859ns delay and -0.026ns setup)

   Name    Fanout   Delay (ns)          Site               Resource
PADI_DEL    ---     1.132          4.PAD to        4.PADDI reset
ROUTE       172     5.052        4.PADDI to      R4C13B.B1 reset_c
CTOF_DEL    ---     0.495      R4C13B.B1 to      R4C13B.F1 core/engine/SLICE_463
ROUTE         1     0.315      R4C13B.F1 to      R4C13C.D1 core/engine/un1_memory_op_1dupdup
CTOF_DEL    ---     0.495      R4C13C.D1 to      R4C13C.F1 core/engine/SLICE_286
ROUTE        10     0.672      R4C13C.F1 to      R4C12B.D1 core/engine/retirec_1
CTOOFX_DEL  ---     0.721      R4C12B.D1 to    R4C12B.OFX0 core/engine/seq/predicates_pmux_6/SLICE_182
ROUTE         1     0.958    R4C12B.OFX0 to      R5C14B.D0 core/engine/seq/N_73
CTOF_DEL    ---     0.495      R5C14B.D0 to      R5C14B.F0 core/engine/SLICE_255
ROUTE         2     1.595      R5C14B.F0 to      R3C15B.C1 core/engine/seq/condition
CTOOFX_DEL  ---     0.721      R3C15B.C1 to    R3C15B.OFX0 core/engine/seq/un1_next_address78_1[0]/SLICE_181
ROUTE         1     0.958    R3C15B.OFX0 to      R3C17D.D1 core/engine/seq/un1_next_address78_1[0]
CTOF_DEL    ---     0.495      R3C17D.D1 to      R3C17D.F1 core/engine/seq/SLICE_246
ROUTE        10     0.990      R3C17D.F1 to      R4C18D.D1 core/engine/seq/next_address_2_sqmuxa
CTOF_DEL    ---     0.495      R4C18D.D1 to      R4C18D.F1 core/engine/seq/SLICE_43
ROUTE         1     0.645      R4C18D.F1 to      R4C16D.D1 core/engine/seq/un1_upc_m[9]
CTOF_DEL    ---     0.495      R4C16D.D1 to      R4C16D.F1 core/engine/seq/SLICE_179
ROUTE         5     2.130      R4C16D.F1 to EBR_R6C4.ADA12 core/engine/next_address[9] (to clk_c)
                  --------
                   18.859   (29.4% logic, 70.6% route), 9 logic levels.

Unconstrained Preference:
   INPUT_SETUP PORT "reset" CLKPORT "clk" 

Report:   18.745ns delay reset to core/engine/rom/lane_3 (18.771ns delay and -0.026ns setup)

   Name    Fanout   Delay (ns)          Site               Resource
PADI_DEL    ---     1.132          4.PAD to        4.PADDI reset
ROUTE       172     5.052        4.PADDI to      R4C13B.B1 reset_c
CTOF_DEL    ---     0.495      R4C13B.B1 to      R4C13B.F1 core/engine/SLICE_463
ROUTE         1     0.315      R4C13B.F1 to      R4C13C.D1 core/engine/un1_memory_op_1dupdup
CTOF_DEL    ---     0.495      R4C13C.D1 to      R4C13C.F1 core/engine/SLICE_286
ROUTE        10     0.672      R4C13C.F1 to      R4C12B.D1 core/engine/retirec_1
CTOOFX_DEL  ---     0.721      R4C12B.D1 to    R4C12B.OFX0 core/engine/seq/predicates_pmux_6/SLICE_182
ROUTE         1     0.958    R4C12B.OFX0 to      R5C14B.D0 core/engine/seq/N_73
CTOF_DEL    ---     0.495      R5C14B.D0 to      R5C14B.F0 core/engine/SLICE_255
ROUTE         2     0.972      R5C14B.F0 to      R3C14D.D0 core/engine/seq/condition
CTOF_DEL    ---     0.495      R3C14D.D0 to      R3C14D.F0 core/engine/seq/SLICE_247
ROUTE         1     0.958      R3C14D.F0 to      R4C15D.D1 core/engine/seq/next_address_0_sqmuxa_4
CTOF_DEL    ---     0.495      R4C15D.D1 to      R4C15D.F1 core/engine/seq/SLICE_240
ROUTE        10     1.190      R4C15D.F1 to      R5C12B.D0 core/engine/seq/next_address_1_sqmuxa_5
CTOF_DEL    ---     0.495      R5C12B.D0 to      R5C12B.F0 core/engine/SLICE_501
ROUTE         1     1.278      R5C12B.F0 to      R5C17D.C0 core/engine/seq/uword_i_m[15]
CTOF_DEL    ---     0.495      R5C17D.C0 to      R5C17D.F0 core/engine/seq/SLICE_177
ROUTE         5     2.058      R5C17D.F0 to  EBR_R6C7.ADA7 core/engine/next_address_1_iv_i[4] (to clk_c)
                  --------
                   18.771   (28.3% logic, 71.7% route), 9 logic levels.

Unconstrained Preference:
   INPUT_SETUP PORT "reset" CLKPORT "clk" 

Report:   18.738ns delay reset to core/engine/rom/lane_1 (18.764ns delay and -0.026ns setup)

   Name    Fanout   Delay (ns)          Site               Resource
PADI_DEL    ---     1.132          4.PAD to        4.PADDI reset
ROUTE       172     5.052        4.PADDI to      R4C13B.B1 reset_c
CTOF_DEL    ---     0.495      R4C13B.B1 to      R4C13B.F1 core/engine/SLICE_463
ROUTE         1     0.315      R4C13B.F1 to      R4C13C.D1 core/engine/un1_memory_op_1dupdup
CTOF_DEL    ---     0.495      R4C13C.D1 to      R4C13C.F1 core/engine/SLICE_286
ROUTE        10     0.672      R4C13C.F1 to      R4C12B.D1 core/engine/retirec_1
CTOOFX_DEL  ---     0.721      R4C12B.D1 to    R4C12B.OFX0 core/engine/seq/predicates_pmux_6/SLICE_182
ROUTE         1     0.958    R4C12B.OFX0 to      R5C14B.D0 core/engine/seq/N_73
CTOF_DEL    ---     0.495      R5C14B.D0 to      R5C14B.F0 core/engine/SLICE_255
ROUTE         2     0.972      R5C14B.F0 to      R3C14D.D0 core/engine/seq/condition
CTOF_DEL    ---     0.495      R3C14D.D0 to      R3C14D.F0 core/engine/seq/SLICE_247
ROUTE         1     0.958      R3C14D.F0 to      R4C15D.D1 core/engine/seq/next_address_0_sqmuxa_4
CTOF_DEL    ---     0.495      R4C15D.D1 to      R4C15D.F1 core/engine/seq/SLICE_240
ROUTE        10     1.190      R4C15D.F1 to      R5C12B.D0 core/engine/seq/next_address_1_sqmuxa_5
CTOF_DEL    ---     0.495      R5C12B.D0 to      R5C12B.F0 core/engine/SLICE_501
ROUTE         1     1.278      R5C12B.F0 to      R5C17D.C0 core/engine/seq/uword_i_m[15]
CTOF_DEL    ---     0.495      R5C17D.C0 to      R5C17D.F0 core/engine/seq/SLICE_177
ROUTE         5     2.051      R5C17D.F0 to EBR_R6C10.ADA7 core/engine/next_address_1_iv_i[4] (to clk_c)
                  --------
                   18.764   (28.3% logic, 71.7% route), 9 logic levels.

Unconstrained Preference:
   INPUT_SETUP PORT "reset" CLKPORT "clk" 

Report:   18.676ns delay reset to core/engine/rom/lane_1 (18.702ns delay and -0.026ns setup)

   Name    Fanout   Delay (ns)          Site               Resource
PADI_DEL    ---     1.132          4.PAD to        4.PADDI reset
ROUTE       172     5.052        4.PADDI to      R4C14D.B1 reset_c
CTOF_DEL    ---     0.495      R4C14D.B1 to      R4C14D.F1 core/engine/seq/SLICE_283
ROUTE         2     1.166      R4C14D.F1 to      R4C14B.D1 core/engine/seq/next_address_7_sqmuxa_5_fc
CTOF_DEL    ---     0.495      R4C14B.D1 to      R4C14B.F1 core/engine/seq/SLICE_280
ROUTE         3     1.756      R4C14B.F1 to      R5C15C.B1 core/engine/seq/next_address_9_sqmuxa_fc
CTOF_DEL    ---     0.495      R5C15C.B1 to      R5C15C.F1 core/engine/seq/SLICE_276
ROUTE         1     0.967      R5C15C.F1 to      R5C15C.A0 core/engine/seq/next_address_11_i_m[0]
CTOF_DEL    ---     0.495      R5C15C.A0 to      R5C15C.F0 core/engine/seq/SLICE_276
ROUTE         1     1.001      R5C15C.F0 to      R5C14C.B0 core/engine/seq/next_address_0_iv_1[0]
CTOF_DEL    ---     0.495      R5C14C.B0 to      R5C14C.F0 core/engine/seq/SLICE_275
ROUTE         1     0.964      R5C14C.F0 to      R5C15B.A0 core/engine/seq/next_address_0_iv_4[0]
CTOF_DEL    ---     0.495      R5C15B.A0 to      R5C15B.F0 core/engine/seq/SLICE_265
ROUTE         1     0.436      R5C15B.F0 to      R5C15B.C1 core/engine/seq/next_address_0_iv_6[0]
CTOF_DEL    ---     0.495      R5C15B.C1 to      R5C15B.F1 core/engine/seq/SLICE_265
ROUTE         1     0.645      R5C15B.F1 to      R4C15A.D0 core/engine/seq/next_address_0_iv_i_1[0]
CTOF_DEL    ---     0.495      R4C15A.D0 to      R4C15A.F0 core/engine/seq/SLICE_175
ROUTE         5     1.623      R4C15A.F0 to EBR_R6C10.ADA3 core/engine/next_address_0_iv_i[0] (to clk_c)
                  --------
                   18.702   (27.2% logic, 72.8% route), 9 logic levels.

Unconstrained Preference:
   INPUT_SETUP PORT "reset" CLKPORT "clk" 

Report:   18.635ns delay reset to core/engine/rom/lane_2 (18.661ns delay and -0.026ns setup)

   Name    Fanout   Delay (ns)          Site               Resource
PADI_DEL    ---     1.132          4.PAD to        4.PADDI reset
ROUTE       172     5.052        4.PADDI to      R4C13B.B1 reset_c
CTOF_DEL    ---     0.495      R4C13B.B1 to      R4C13B.F1 core/engine/SLICE_463
ROUTE         1     0.315      R4C13B.F1 to      R4C13C.D1 core/engine/un1_memory_op_1dupdup
CTOF_DEL    ---     0.495      R4C13C.D1 to      R4C13C.F1 core/engine/SLICE_286
ROUTE        10     0.672      R4C13C.F1 to      R4C12B.D1 core/engine/retirec_1
CTOOFX_DEL  ---     0.721      R4C12B.D1 to    R4C12B.OFX0 core/engine/seq/predicates_pmux_6/SLICE_182
ROUTE         1     0.958    R4C12B.OFX0 to      R5C14B.D0 core/engine/seq/N_73
CTOF_DEL    ---     0.495      R5C14B.D0 to      R5C14B.F0 core/engine/SLICE_255
ROUTE         2     0.972      R5C14B.F0 to      R3C14D.D0 core/engine/seq/condition
CTOF_DEL    ---     0.495      R3C14D.D0 to      R3C14D.F0 core/engine/seq/SLICE_247
ROUTE         1     0.958      R3C14D.F0 to      R4C15D.D1 core/engine/seq/next_address_0_sqmuxa_4
CTOF_DEL    ---     0.495      R4C15D.D1 to      R4C15D.F1 core/engine/seq/SLICE_240
ROUTE        10     1.130      R4C15D.F1 to      R5C16B.D0 core/engine/seq/next_address_1_sqmuxa_5
CTOF_DEL    ---     0.495      R5C16B.D0 to      R5C16B.F0 core/engine/seq/SLICE_241
ROUTE         1     0.623      R5C16B.F0 to      R5C17D.D1 core/engine/seq/uword_m[16]
CTOF_DEL    ---     0.495      R5C17D.D1 to      R5C17D.F1 core/engine/seq/SLICE_177
ROUTE         5     2.663      R5C17D.F1 to  EBR_R6C4.ADA8 core/engine/next_address[5] (to clk_c)
                  --------
                   18.661   (28.5% logic, 71.5% route), 9 logic levels.

Unconstrained Preference:
   INPUT_SETUP PORT "reset" CLKPORT "clk" 

Report:   18.521ns delay reset to core/engine/rom/lane_1 (18.547ns delay and -0.026ns setup)

   Name    Fanout   Delay (ns)          Site               Resource
PADI_DEL    ---     1.132          4.PAD to        4.PADDI reset
ROUTE       172     5.052        4.PADDI to      R4C13B.B1 reset_c
CTOF_DEL    ---     0.495      R4C13B.B1 to      R4C13B.F1 core/engine/SLICE_463
ROUTE         1     0.315      R4C13B.F1 to      R4C13C.D1 core/engine/un1_memory_op_1dupdup
CTOF_DEL    ---     0.495      R4C13C.D1 to      R4C13C.F1 core/engine/SLICE_286
ROUTE        10     0.672      R4C13C.F1 to      R4C12B.D1 core/engine/retirec_1
CTOOFX_DEL  ---     0.721      R4C12B.D1 to    R4C12B.OFX0 core/engine/seq/predicates_pmux_6/SLICE_182
ROUTE         1     0.958    R4C12B.OFX0 to      R5C14B.D0 core/engine/seq/N_73
CTOF_DEL    ---     0.495      R5C14B.D0 to      R5C14B.F0 core/engine/SLICE_255
ROUTE         2     0.972      R5C14B.F0 to      R3C14D.D0 core/engine/seq/condition
CTOF_DEL    ---     0.495      R3C14D.D0 to      R3C14D.F0 core/engine/seq/SLICE_247
ROUTE         1     0.958      R3C14D.F0 to      R4C15D.D1 core/engine/seq/next_address_0_sqmuxa_4
CTOF_DEL    ---     0.495      R4C15D.D1 to      R4C15D.F1 core/engine/seq/SLICE_240
ROUTE        10     1.130      R4C15D.F1 to      R5C16B.D0 core/engine/seq/next_address_1_sqmuxa_5
CTOF_DEL    ---     0.495      R5C16B.D0 to      R5C16B.F0 core/engine/seq/SLICE_241
ROUTE         1     0.623      R5C16B.F0 to      R5C17D.D1 core/engine/seq/uword_m[16]
CTOF_DEL    ---     0.495      R5C17D.D1 to      R5C17D.F1 core/engine/seq/SLICE_177
ROUTE         5     2.549      R5C17D.F1 to EBR_R6C10.ADA8 core/engine/next_address[5] (to clk_c)
                  --------
                   18.547   (28.7% logic, 71.3% route), 9 logic levels.

Unconstrained Preference:
   INPUT_SETUP PORT "reset" CLKPORT "clk" 

Report:   18.379ns delay reset to core/engine/seq/SLICE_175 (18.213ns delay and 0.166ns setup)

   Name    Fanout   Delay (ns)          Site               Resource
PADI_DEL    ---     1.132          4.PAD to        4.PADDI reset
ROUTE       172     5.052        4.PADDI to      R4C14D.B1 reset_c
CTOF_DEL    ---     0.495      R4C14D.B1 to      R4C14D.F1 core/engine/seq/SLICE_283
ROUTE         2     0.445      R4C14D.F1 to      R4C14D.C0 core/engine/seq/next_address_7_sqmuxa_5_fc
CTOF_DEL    ---     0.495      R4C14D.C0 to      R4C14D.F0 core/engine/seq/SLICE_283
ROUTE         4     1.779      R4C14D.F0 to      R5C15D.B1 core/engine/seq/next_address_7_sqmuxa_fc
CTOF_DEL    ---     0.495      R5C15D.B1 to      R5C15D.F1 core/engine/seq/SLICE_226
ROUTE         1     0.436      R5C15D.F1 to      R5C15D.C0 core/engine/seq/next_address_9_m[1]
CTOF_DEL    ---     0.495      R5C15D.C0 to      R5C15D.F0 core/engine/seq/SLICE_226
ROUTE         1     0.747      R5C15D.F0 to      R5C15A.C0 core/engine/seq/next_address_1_iv_1[1]
CTOF_DEL    ---     0.495      R5C15A.C0 to      R5C15A.F0 core/engine/seq/SLICE_277
ROUTE         1     0.623      R5C15A.F0 to      R4C15C.D1 core/engine/seq/next_address_1_iv_2[1]
CTOF_DEL    ---     0.495      R4C15C.D1 to      R4C15C.F1 core/engine/seq/SLICE_261
ROUTE         1     0.967      R4C15C.F1 to      R4C15C.A0 core/engine/seq/next_address_1_iv_3[1]
CTOF_DEL    ---     0.495      R4C15C.A0 to      R4C15C.F0 core/engine/seq/SLICE_261
ROUTE         1     1.525      R4C15C.F0 to      R7C15C.A0 core/engine/seq/next_address_1_iv_5[1]
CTOF_DEL    ---     0.495      R7C15C.A0 to      R7C15C.F0 core/SLICE_250
ROUTE         1     1.035      R7C15C.F0 to      R4C15A.D1 core/engine/seq/next_address_1_iv_8[1]
CTOF_DEL    ---     0.495      R4C15A.D1 to      R4C15A.F1 core/engine/seq/SLICE_175
ROUTE         5     0.017      R4C15A.F1 to     R4C15A.DI1 core/engine/next_address[1] (to clk_c)
                  --------
                   18.213   (30.7% logic, 69.3% route), 10 logic levels.

Unconstrained Preference:
   INPUT_SETUP PORT "reset" CLKPORT "clk" 

Report:   18.334ns delay reset to core/engine/rom/lane_1 (18.360ns delay and -0.026ns setup)

   Name    Fanout   Delay (ns)          Site               Resource
PADI_DEL    ---     1.132          4.PAD to        4.PADDI reset
ROUTE       172     5.052        4.PADDI to      R4C13B.B1 reset_c
CTOF_DEL    ---     0.495      R4C13B.B1 to      R4C13B.F1 core/engine/SLICE_463
ROUTE         1     0.315      R4C13B.F1 to      R4C13C.D1 core/engine/un1_memory_op_1dupdup
CTOF_DEL    ---     0.495      R4C13C.D1 to      R4C13C.F1 core/engine/SLICE_286
ROUTE        10     0.672      R4C13C.F1 to      R4C12B.D1 core/engine/retirec_1
CTOOFX_DEL  ---     0.721      R4C12B.D1 to    R4C12B.OFX0 core/engine/seq/predicates_pmux_6/SLICE_182
ROUTE         1     0.958    R4C12B.OFX0 to      R5C14B.D0 core/engine/seq/N_73
CTOF_DEL    ---     0.495      R5C14B.D0 to      R5C14B.F0 core/engine/SLICE_255
ROUTE         2     1.595      R5C14B.F0 to      R3C15B.C1 core/engine/seq/condition
CTOOFX_DEL  ---     0.721      R3C15B.C1 to    R3C15B.OFX0 core/engine/seq/un1_next_address78_1[0]/SLICE_181
ROUTE         1     0.958    R3C15B.OFX0 to      R3C17D.D1 core/engine/seq/un1_next_address78_1[0]
CTOF_DEL    ---     0.495      R3C17D.D1 to      R3C17D.F1 core/engine/seq/SLICE_246
ROUTE        10     0.990      R3C17D.F1 to      R4C18D.D1 core/engine/seq/next_address_2_sqmuxa
CTOF_DEL    ---     0.495      R4C18D.D1 to      R4C18D.F1 core/engine/seq/SLICE_43
ROUTE         1     0.645      R4C18D.F1 to      R4C16D.D1 core/engine/seq/un1_upc_m[9]
CTOF_DEL    ---     0.495      R4C16D.D1 to      R4C16D.F1 core/engine/seq/SLICE_179
ROUTE         5     1.631      R4C16D.F1 to *R_R6C10.ADA12 core/engine/next_address[9] (to clk_c)
                  --------
                   18.360   (30.2% logic, 69.8% route), 9 logic levels.

Unconstrained Preference:
   INPUT_SETUP PORT "reset" CLKPORT "clk" 

Report:   18.291ns delay reset to core/engine/seq/SLICE_178 (18.125ns delay and 0.166ns setup)

   Name    Fanout   Delay (ns)          Site               Resource
PADI_DEL    ---     1.132          4.PAD to        4.PADDI reset
ROUTE       172     4.277        4.PADDI to      R4C13B.D0 reset_c
CTOF_DEL    ---     0.495      R4C13B.D0 to      R4C13B.F0 core/engine/SLICE_463
ROUTE         4     1.852      R4C13B.F0 to      R5C14C.B1 core/engine/seq/next_address_5_sqmuxa_2
CTOF_DEL    ---     0.495      R5C14C.B1 to      R5C14C.F1 core/engine/seq/SLICE_275
ROUTE         3     1.174      R5C14C.F1 to      R4C14B.D0 core/engine/seq/next_address_8_sqmuxa_fc
CTOF_DEL    ---     0.495      R4C14B.D0 to      R4C14B.F0 core/engine/seq/SLICE_280
ROUTE         2     1.459      R4C14B.F0 to      R5C16B.B1 core/engine/seq/N_51_1_fc
CTOF_DEL    ---     0.495      R5C16B.B1 to      R5C16B.F1 core/engine/seq/SLICE_241
ROUTE         7     0.356      R5C16B.F1 to      R5C16C.D1 core/engine/seq/N_53
CTOF_DEL    ---     0.495      R5C16C.D1 to      R5C16C.F1 core/engine/seq/SLICE_439
ROUTE         1     1.525      R5C16C.F1 to      R7C17A.A0 core/engine/seq/next_address_1_iv_0[7]
CTOF_DEL    ---     0.495      R7C17A.A0 to      R7C17A.F0 core/SLICE_260
ROUTE         1     1.294      R7C17A.F0 to      R4C18C.C0 core/engine/seq/next_address_1_iv_2[7]
CTOF_DEL    ---     0.495      R4C18C.C0 to      R4C18C.F0 core/engine/seq/SLICE_245
ROUTE         1     1.079      R4C18C.F0 to      R5C16D.C1 core/engine/seq/next_address_1_iv_5[7]
CTOF_DEL    ---     0.495      R5C16D.C1 to      R5C16D.F1 core/engine/seq/SLICE_178
ROUTE         5     0.017      R5C16D.F1 to     R5C16D.DI1 core/engine/next_address[7] (to clk_c)
                  --------
                   18.125   (28.1% logic, 71.9% route), 9 logic levels.

Unconstrained Preference:
   INPUT_SETUP PORT "reset" CLKPORT "clk" 

Report:   18.252ns delay reset to core/engine/seq/SLICE_176 (18.086ns delay and 0.166ns setup)

   Name    Fanout   Delay (ns)          Site               Resource
PADI_DEL    ---     1.132          4.PAD to        4.PADDI reset
ROUTE       172     4.277        4.PADDI to      R4C13B.D0 reset_c
CTOF_DEL    ---     0.495      R4C13B.D0 to      R4C13B.F0 core/engine/SLICE_463
ROUTE         4     1.852      R4C13B.F0 to      R5C14C.B1 core/engine/seq/next_address_5_sqmuxa_2
CTOF_DEL    ---     0.495      R5C14C.B1 to      R5C14C.F1 core/engine/seq/SLICE_275
ROUTE         3     1.174      R5C14C.F1 to      R4C14B.D0 core/engine/seq/next_address_8_sqmuxa_fc
CTOF_DEL    ---     0.495      R4C14B.D0 to      R4C14B.F0 core/engine/seq/SLICE_280
ROUTE         2     1.459      R4C14B.F0 to      R5C16B.B1 core/engine/seq/N_51_1_fc
CTOF_DEL    ---     0.495      R5C16B.B1 to      R5C16B.F1 core/engine/seq/SLICE_241
ROUTE         7     1.071      R5C16B.F1 to      R5C18B.B1 core/engine/seq/N_53
CTOF_DEL    ---     0.495      R5C18B.B1 to      R5C18B.F1 core/engine/seq/SLICE_500
ROUTE         1     1.051      R5C18B.F1 to      R7C18D.A0 core/engine/seq/next_address_1_iv_0[3]
CTOF_DEL    ---     0.495      R7C18D.A0 to      R7C18D.F0 core/SLICE_258
ROUTE         1     1.400      R7C18D.F0 to      R5C17B.B0 core/engine/seq/next_address_1_iv_2[3]
CTOF_DEL    ---     0.495      R5C17B.B0 to      R5C17B.F0 core/engine/seq/SLICE_244
ROUTE         1     0.693      R5C17B.F0 to      R5C17A.B1 core/engine/seq/next_address_1_iv_5[3]
CTOF_DEL    ---     0.495      R5C17A.B1 to      R5C17A.F1 core/engine/seq/SLICE_176
ROUTE         5     0.017      R5C17A.F1 to     R5C17A.DI1 core/engine/next_address[3] (to clk_c)
                  --------
                   18.086   (28.2% logic, 71.8% route), 9 logic levels.

Unconstrained Preference:
   INPUT_SETUP PORT "reset" CLKPORT "clk" 

Report:   18.070ns delay reset to core/engine/seq/SLICE_179 (17.904ns delay and 0.166ns setup)

   Name    Fanout   Delay (ns)          Site               Resource
PADI_DEL    ---     1.132          4.PAD to        4.PADDI reset
ROUTE       172     4.277        4.PADDI to      R4C13B.D0 reset_c
CTOF_DEL    ---     0.495      R4C13B.D0 to      R4C13B.F0 core/engine/SLICE_463
ROUTE         4     1.852      R4C13B.F0 to      R5C14C.B1 core/engine/seq/next_address_5_sqmuxa_2
CTOF_DEL    ---     0.495      R5C14C.B1 to      R5C14C.F1 core/engine/seq/SLICE_275
ROUTE         3     1.174      R5C14C.F1 to      R4C14B.D0 core/engine/seq/next_address_8_sqmuxa_fc
CTOF_DEL    ---     0.495      R4C14B.D0 to      R4C14B.F0 core/engine/seq/SLICE_280
ROUTE         2     1.459      R4C14B.F0 to      R5C16B.B1 core/engine/seq/N_51_1_fc
CTOF_DEL    ---     0.495      R5C16B.B1 to      R5C16B.F1 core/engine/seq/SLICE_241
ROUTE         7     1.526      R5C16B.F1 to      R7C16D.B0 core/engine/seq/N_53
CTOF_DEL    ---     0.495      R7C16D.B0 to      R7C16D.F0 core/SLICE_266
ROUTE         1     1.137      R7C16D.F0 to      R3C16A.D0 core/engine/seq/next_address_2_iv_0[8]
CTOF_DEL    ---     0.495      R3C16A.D0 to      R3C16A.F0 core/engine/seq/SLICE_254
ROUTE         1     0.626      R3C16A.F0 to      R3C16D.D0 core/engine/seq/next_address_2_iv_2[8]
CTOF_DEL    ---     0.495      R3C16D.D0 to      R3C16D.F0 core/engine/seq/SLICE_249
ROUTE         1     0.744      R3C16D.F0 to      R4C16D.C0 core/engine/seq/next_address_2_iv_3[8]
CTOF_DEL    ---     0.495      R4C16D.C0 to      R4C16D.F0 core/engine/seq/SLICE_179
ROUTE         5     0.017      R4C16D.F0 to     R4C16D.DI0 core/engine/next_address[8] (to clk_c)
                  --------
                   17.904   (28.4% logic, 71.6% route), 9 logic levels.

Unconstrained Preference:
   INPUT_SETUP PORT "reset" CLKPORT "clk" 

Report:   18.003ns delay reset to core/engine/seq/SLICE_176 (17.837ns delay and 0.166ns setup)

   Name    Fanout   Delay (ns)          Site               Resource
PADI_DEL    ---     1.132          4.PAD to        4.PADDI reset
ROUTE       172     5.030        4.PADDI to      R4C14A.A0 reset_c
CTOF_DEL    ---     0.495      R4C14A.A0 to      R4C14A.F0 core/engine/seq/SLICE_238
ROUTE         2     1.392      R4C14A.F0 to      R5C14A.A1 core/engine/seq/next_address_6_sqmuxa_5_fc
CTOF_DEL    ---     0.495      R5C14A.A1 to      R5C14A.F1 core/engine/seq/SLICE_281
ROUTE         4     0.788      R5C14A.F1 to      R5C16A.C1 core/engine/seq/next_address_6_sqmuxa_fc
CTOF_DEL    ---     0.495      R5C16A.C1 to      R5C16A.F1 core/engine/seq/SLICE_279
ROUTE         1     0.693      R5C16A.F1 to      R5C16A.B0 core/engine/seq/next_address_8_i_m[2]
CTOF_DEL    ---     0.495      R5C16A.B0 to      R5C16A.F0 core/engine/seq/SLICE_279
ROUTE         1     1.001      R5C16A.F0 to      R4C16B.B1 core/engine/seq/next_address_1_iv_1[2]
CTOF_DEL    ---     0.495      R4C16B.B1 to      R4C16B.F1 core/engine/seq/SLICE_224
ROUTE         1     0.436      R4C16B.F1 to      R4C16B.C0 core/engine/seq/next_address_1_iv_2[2]
CTOF_DEL    ---     0.495      R4C16B.C0 to      R4C16B.F0 core/engine/seq/SLICE_224
ROUTE         1     1.383      R4C16B.F0 to      R3C16B.A0 core/engine/seq/next_address_1_iv_3[2]
CTOF_DEL    ---     0.495      R3C16B.A0 to      R3C16B.F0 core/engine/seq/SLICE_252
ROUTE         1     0.744      R3C16B.F0 to      R3C17A.C0 core/engine/seq/next_address_1_iv_6[2]
CTOF_DEL    ---     0.495      R3C17A.C0 to      R3C17A.F0 core/engine/seq/SLICE_242
ROUTE         1     0.766      R3C17A.F0 to      R5C17A.C0 core/engine/seq/next_address_1_iv_8[2]
CTOF_DEL    ---     0.495      R5C17A.C0 to      R5C17A.F0 core/engine/seq/SLICE_176
ROUTE         5     0.017      R5C17A.F0 to     R5C17A.DI0 core/engine/next_address_1_iv_i[2] (to clk_c)
                  --------
                   17.837   (31.3% logic, 68.7% route), 10 logic levels.

Unconstrained Preference:
   INPUT_SETUP PORT "reset" CLKPORT "clk" 

Report:   17.931ns delay reset to core/engine/rom/lane_0 (17.957ns delay and -0.026ns setup)

   Name    Fanout   Delay (ns)          Site               Resource
PADI_DEL    ---     1.132          4.PAD to        4.PADDI reset
ROUTE       172     5.052        4.PADDI to      R4C13B.B1 reset_c
CTOF_DEL    ---     0.495      R4C13B.B1 to      R4C13B.F1 core/engine/SLICE_463
ROUTE         1     0.315      R4C13B.F1 to      R4C13C.D1 core/engine/un1_memory_op_1dupdup
CTOF_DEL    ---     0.495      R4C13C.D1 to      R4C13C.F1 core/engine/SLICE_286
ROUTE        10     0.672      R4C13C.F1 to      R4C12B.D1 core/engine/retirec_1
CTOOFX_DEL  ---     0.721      R4C12B.D1 to    R4C12B.OFX0 core/engine/seq/predicates_pmux_6/SLICE_182
ROUTE         1     0.958    R4C12B.OFX0 to      R5C14B.D0 core/engine/seq/N_73
CTOF_DEL    ---     0.495      R5C14B.D0 to      R5C14B.F0 core/engine/SLICE_255
ROUTE         2     1.595      R5C14B.F0 to      R3C15B.C1 core/engine/seq/condition
CTOOFX_DEL  ---     0.721      R3C15B.C1 to    R3C15B.OFX0 core/engine/seq/un1_next_address78_1[0]/SLICE_181
ROUTE         1     0.958    R3C15B.OFX0 to      R3C17D.D1 core/engine/seq/un1_next_address78_1[0]
CTOF_DEL    ---     0.495      R3C17D.D1 to      R3C17D.F1 core/engine/seq/SLICE_246
ROUTE        10     0.990      R3C17D.F1 to      R4C18D.D1 core/engine/seq/next_address_2_sqmuxa
CTOF_DEL    ---     0.495      R4C18D.D1 to      R4C18D.F1 core/engine/seq/SLICE_43
ROUTE         1     0.645      R4C18D.F1 to      R4C16D.D1 core/engine/seq/un1_upc_m[9]
CTOF_DEL    ---     0.495      R4C16D.D1 to      R4C16D.F1 core/engine/seq/SLICE_179
ROUTE         5     1.228      R4C16D.F1 to *R_R6C14.ADA12 core/engine/next_address[9] (to clk_c)
                  --------
                   17.957   (30.9% logic, 69.1% route), 9 logic levels.

Unconstrained Preference:
   INPUT_SETUP PORT "reset" CLKPORT "clk" 

Report:   17.855ns delay reset to core/engine/seq/SLICE_178 (17.689ns delay and 0.166ns setup)

   Name    Fanout   Delay (ns)          Site               Resource
PADI_DEL    ---     1.132          4.PAD to        4.PADDI reset
ROUTE       172     4.277        4.PADDI to      R4C13B.D0 reset_c
CTOF_DEL    ---     0.495      R4C13B.D0 to      R4C13B.F0 core/engine/SLICE_463
ROUTE         4     1.852      R4C13B.F0 to      R5C14C.B1 core/engine/seq/next_address_5_sqmuxa_2
CTOF_DEL    ---     0.495      R5C14C.B1 to      R5C14C.F1 core/engine/seq/SLICE_275
ROUTE         3     1.174      R5C14C.F1 to      R4C14B.D0 core/engine/seq/next_address_8_sqmuxa_fc
CTOF_DEL    ---     0.495      R4C14B.D0 to      R4C14B.F0 core/engine/seq/SLICE_280
ROUTE         2     1.459      R4C14B.F0 to      R5C16B.B1 core/engine/seq/N_51_1_fc
CTOF_DEL    ---     0.495      R5C16B.B1 to      R5C16B.F1 core/engine/seq/SLICE_241
ROUTE         7     0.477      R5C16B.F1 to      R5C16C.C0 core/engine/seq/N_53
CTOF_DEL    ---     0.495      R5C16C.C0 to      R5C16C.F0 core/engine/seq/SLICE_439
ROUTE         1     1.363      R5C16C.F0 to      R7C16B.A0 core/engine/seq/next_address_1_iv_0[6]
CTOF_DEL    ---     0.495      R7C16B.A0 to      R7C16B.F0 core/SLICE_257
ROUTE         1     1.022      R7C16B.F0 to      R5C17C.D0 core/engine/seq/next_address_1_iv_2[6]
CTOF_DEL    ---     0.495      R5C17C.D0 to      R5C17C.F0 core/engine/seq/SLICE_243
ROUTE         1     0.964      R5C17C.F0 to      R5C16D.A0 core/engine/seq/next_address_1_iv_5[6]
CTOF_DEL    ---     0.495      R5C16D.A0 to      R5C16D.F0 core/engine/seq/SLICE_178
ROUTE         5     0.009      R5C16D.F0 to     R5C16D.DI0 core/engine/next_address[6] (to clk_c)
                  --------
                   17.689   (28.8% logic, 71.2% route), 9 logic levels.

Unconstrained Preference:
   INPUT_SETUP PORT "reset" CLKPORT "clk" 

Report:   17.800ns delay reset to core/engine/rom/lane_0 (17.826ns delay and -0.026ns setup)

   Name    Fanout   Delay (ns)          Site               Resource
PADI_DEL    ---     1.132          4.PAD to        4.PADDI reset
ROUTE       172     5.052        4.PADDI to      R4C13B.B1 reset_c
CTOF_DEL    ---     0.495      R4C13B.B1 to      R4C13B.F1 core/engine/SLICE_463
ROUTE         1     0.315      R4C13B.F1 to      R4C13C.D1 core/engine/un1_memory_op_1dupdup
CTOF_DEL    ---     0.495      R4C13C.D1 to      R4C13C.F1 core/engine/SLICE_286
ROUTE        10     0.672      R4C13C.F1 to      R4C12B.D1 core/engine/retirec_1
CTOOFX_DEL  ---     0.721      R4C12B.D1 to    R4C12B.OFX0 core/engine/seq/predicates_pmux_6/SLICE_182
ROUTE         1     0.958    R4C12B.OFX0 to      R5C14B.D0 core/engine/seq/N_73
CTOF_DEL    ---     0.495      R5C14B.D0 to      R5C14B.F0 core/engine/SLICE_255
ROUTE         2     0.972      R5C14B.F0 to      R3C14D.D0 core/engine/seq/condition
CTOF_DEL    ---     0.495      R3C14D.D0 to      R3C14D.F0 core/engine/seq/SLICE_247
ROUTE         1     0.958      R3C14D.F0 to      R4C15D.D1 core/engine/seq/next_address_0_sqmuxa_4
CTOF_DEL    ---     0.495      R4C15D.D1 to      R4C15D.F1 core/engine/seq/SLICE_240
ROUTE        10     1.190      R4C15D.F1 to      R5C12B.D0 core/engine/seq/next_address_1_sqmuxa_5
CTOF_DEL    ---     0.495      R5C12B.D0 to      R5C12B.F0 core/engine/SLICE_501
ROUTE         1     1.278      R5C12B.F0 to      R5C17D.C0 core/engine/seq/uword_i_m[15]
CTOF_DEL    ---     0.495      R5C17D.C0 to      R5C17D.F0 core/engine/seq/SLICE_177
ROUTE         5     1.113      R5C17D.F0 to EBR_R6C14.ADA7 core/engine/next_address_1_iv_i[4] (to clk_c)
                  --------
                   17.826   (29.8% logic, 70.2% route), 9 logic levels.

Unconstrained Preference:
   INPUT_SETUP PORT "reset" CLKPORT "clk" 

Report:   17.667ns delay reset to core/engine/rom/lane_0 (17.693ns delay and -0.026ns setup)

   Name    Fanout   Delay (ns)          Site               Resource
PADI_DEL    ---     1.132          4.PAD to        4.PADDI reset
ROUTE       172     5.052        4.PADDI to      R4C13B.B1 reset_c
CTOF_DEL    ---     0.495      R4C13B.B1 to      R4C13B.F1 core/engine/SLICE_463
ROUTE         1     0.315      R4C13B.F1 to      R4C13C.D1 core/engine/un1_memory_op_1dupdup
CTOF_DEL    ---     0.495      R4C13C.D1 to      R4C13C.F1 core/engine/SLICE_286
ROUTE        10     0.672      R4C13C.F1 to      R4C12B.D1 core/engine/retirec_1
CTOOFX_DEL  ---     0.721      R4C12B.D1 to    R4C12B.OFX0 core/engine/seq/predicates_pmux_6/SLICE_182
ROUTE         1     0.958    R4C12B.OFX0 to      R5C14B.D0 core/engine/seq/N_73
CTOF_DEL    ---     0.495      R5C14B.D0 to      R5C14B.F0 core/engine/SLICE_255
ROUTE         2     0.972      R5C14B.F0 to      R3C14D.D0 core/engine/seq/condition
CTOF_DEL    ---     0.495      R3C14D.D0 to      R3C14D.F0 core/engine/seq/SLICE_247
ROUTE         1     0.958      R3C14D.F0 to      R4C15D.D1 core/engine/seq/next_address_0_sqmuxa_4
CTOF_DEL    ---     0.495      R4C15D.D1 to      R4C15D.F1 core/engine/seq/SLICE_240
ROUTE        10     1.130      R4C15D.F1 to      R5C16B.D0 core/engine/seq/next_address_1_sqmuxa_5
CTOF_DEL    ---     0.495      R5C16B.D0 to      R5C16B.F0 core/engine/seq/SLICE_241
ROUTE         1     0.623      R5C16B.F0 to      R5C17D.D1 core/engine/seq/uword_m[16]
CTOF_DEL    ---     0.495      R5C17D.D1 to      R5C17D.F1 core/engine/seq/SLICE_177
ROUTE         5     1.695      R5C17D.F1 to EBR_R6C14.ADA8 core/engine/next_address[5] (to clk_c)
                  --------
                   17.693   (30.1% logic, 69.9% route), 9 logic levels.

Unconstrained Preference:
   INPUT_SETUP PORT "reset" CLKPORT "clk" 

Report:   17.254ns delay reset to core/engine/seq/SLICE_175 (17.088ns delay and 0.166ns setup)

   Name    Fanout   Delay (ns)          Site               Resource
PADI_DEL    ---     1.132          4.PAD to        4.PADDI reset
ROUTE       172     5.052        4.PADDI to      R4C14D.B1 reset_c
CTOF_DEL    ---     0.495      R4C14D.B1 to      R4C14D.F1 core/engine/seq/SLICE_283
ROUTE         2     1.166      R4C14D.F1 to      R4C14B.D1 core/engine/seq/next_address_7_sqmuxa_5_fc
CTOF_DEL    ---     0.495      R4C14B.D1 to      R4C14B.F1 core/engine/seq/SLICE_280
ROUTE         3     1.756      R4C14B.F1 to      R5C15C.B1 core/engine/seq/next_address_9_sqmuxa_fc
CTOF_DEL    ---     0.495      R5C15C.B1 to      R5C15C.F1 core/engine/seq/SLICE_276
ROUTE         1     0.967      R5C15C.F1 to      R5C15C.A0 core/engine/seq/next_address_11_i_m[0]
CTOF_DEL    ---     0.495      R5C15C.A0 to      R5C15C.F0 core/engine/seq/SLICE_276
ROUTE         1     1.001      R5C15C.F0 to      R5C14C.B0 core/engine/seq/next_address_0_iv_1[0]
CTOF_DEL    ---     0.495      R5C14C.B0 to      R5C14C.F0 core/engine/seq/SLICE_275
ROUTE         1     0.964      R5C14C.F0 to      R5C15B.A0 core/engine/seq/next_address_0_iv_4[0]
CTOF_DEL    ---     0.495      R5C15B.A0 to      R5C15B.F0 core/engine/seq/SLICE_265
ROUTE         1     0.436      R5C15B.F0 to      R5C15B.C1 core/engine/seq/next_address_0_iv_6[0]
CTOF_DEL    ---     0.495      R5C15B.C1 to      R5C15B.F1 core/engine/seq/SLICE_265
ROUTE         1     0.645      R5C15B.F1 to      R4C15A.D0 core/engine/seq/next_address_0_iv_i_1[0]
CTOF_DEL    ---     0.495      R4C15A.D0 to      R4C15A.F0 core/engine/seq/SLICE_175
ROUTE         5     0.009      R4C15A.F0 to     R4C15A.DI0 core/engine/next_address_0_iv_i[0] (to clk_c)
                  --------
                   17.088   (29.8% logic, 70.2% route), 9 logic levels.

Unconstrained Preference:
   INPUT_SETUP PORT "reset" CLKPORT "clk" 

Report:   16.912ns delay reset to core/engine/seq/SLICE_179 (16.746ns delay and 0.166ns setup)

   Name    Fanout   Delay (ns)          Site               Resource
PADI_DEL    ---     1.132          4.PAD to        4.PADDI reset
ROUTE       172     5.052        4.PADDI to      R4C13B.B1 reset_c
CTOF_DEL    ---     0.495      R4C13B.B1 to      R4C13B.F1 core/engine/SLICE_463
ROUTE         1     0.315      R4C13B.F1 to      R4C13C.D1 core/engine/un1_memory_op_1dupdup
CTOF_DEL    ---     0.495      R4C13C.D1 to      R4C13C.F1 core/engine/SLICE_286
ROUTE        10     0.672      R4C13C.F1 to      R4C12B.D1 core/engine/retirec_1
CTOOFX_DEL  ---     0.721      R4C12B.D1 to    R4C12B.OFX0 core/engine/seq/predicates_pmux_6/SLICE_182
ROUTE         1     0.958    R4C12B.OFX0 to      R5C14B.D0 core/engine/seq/N_73
CTOF_DEL    ---     0.495      R5C14B.D0 to      R5C14B.F0 core/engine/SLICE_255
ROUTE         2     1.595      R5C14B.F0 to      R3C15B.C1 core/engine/seq/condition
CTOOFX_DEL  ---     0.721      R3C15B.C1 to    R3C15B.OFX0 core/engine/seq/un1_next_address78_1[0]/SLICE_181
ROUTE         1     0.958    R3C15B.OFX0 to      R3C17D.D1 core/engine/seq/un1_next_address78_1[0]
CTOF_DEL    ---     0.495      R3C17D.D1 to      R3C17D.F1 core/engine/seq/SLICE_246
ROUTE        10     0.990      R3C17D.F1 to      R4C18D.D1 core/engine/seq/next_address_2_sqmuxa
CTOF_DEL    ---     0.495      R4C18D.D1 to      R4C18D.F1 core/engine/seq/SLICE_43
ROUTE         1     0.645      R4C18D.F1 to      R4C16D.D1 core/engine/seq/un1_upc_m[9]
CTOF_DEL    ---     0.495      R4C16D.D1 to      R4C16D.F1 core/engine/seq/SLICE_179
ROUTE         5     0.017      R4C16D.F1 to     R4C16D.DI1 core/engine/next_address[9] (to clk_c)
                  --------
                   16.746   (33.1% logic, 66.9% route), 9 logic levels.

Unconstrained Preference:
   INPUT_SETUP PORT "reset" CLKPORT "clk" 

Report:   16.888ns delay reset to core/engine/seq/SLICE_177 (16.722ns delay and 0.166ns setup)

   Name    Fanout   Delay (ns)          Site               Resource
PADI_DEL    ---     1.132          4.PAD to        4.PADDI reset
ROUTE       172     5.052        4.PADDI to      R4C13B.B1 reset_c
CTOF_DEL    ---     0.495      R4C13B.B1 to      R4C13B.F1 core/engine/SLICE_463
ROUTE         1     0.315      R4C13B.F1 to      R4C13C.D1 core/engine/un1_memory_op_1dupdup
CTOF_DEL    ---     0.495      R4C13C.D1 to      R4C13C.F1 core/engine/SLICE_286
ROUTE        10     0.672      R4C13C.F1 to      R4C12B.D1 core/engine/retirec_1
CTOOFX_DEL  ---     0.721      R4C12B.D1 to    R4C12B.OFX0 core/engine/seq/predicates_pmux_6/SLICE_182
ROUTE         1     0.958    R4C12B.OFX0 to      R5C14B.D0 core/engine/seq/N_73
CTOF_DEL    ---     0.495      R5C14B.D0 to      R5C14B.F0 core/engine/SLICE_255
ROUTE         2     0.972      R5C14B.F0 to      R3C14D.D0 core/engine/seq/condition
CTOF_DEL    ---     0.495      R3C14D.D0 to      R3C14D.F0 core/engine/seq/SLICE_247
ROUTE         1     0.958      R3C14D.F0 to      R4C15D.D1 core/engine/seq/next_address_0_sqmuxa_4
CTOF_DEL    ---     0.495      R4C15D.D1 to      R4C15D.F1 core/engine/seq/SLICE_240
ROUTE        10     1.190      R4C15D.F1 to      R5C12B.D0 core/engine/seq/next_address_1_sqmuxa_5
CTOF_DEL    ---     0.495      R5C12B.D0 to      R5C12B.F0 core/engine/SLICE_501
ROUTE         1     1.278      R5C12B.F0 to      R5C17D.C0 core/engine/seq/uword_i_m[15]
CTOF_DEL    ---     0.495      R5C17D.C0 to      R5C17D.F0 core/engine/seq/SLICE_177
ROUTE         5     0.009      R5C17D.F0 to     R5C17D.DI0 core/engine/next_address_1_iv_i[4] (to clk_c)
                  --------
                   16.722   (31.8% logic, 68.2% route), 9 logic levels.

Unconstrained Preference:
   INPUT_SETUP PORT "reset" CLKPORT "clk" 

Report:   16.173ns delay reset to core/engine/seq/SLICE_177 (16.007ns delay and 0.166ns setup)

   Name    Fanout   Delay (ns)          Site               Resource
PADI_DEL    ---     1.132          4.PAD to        4.PADDI reset
ROUTE       172     5.052        4.PADDI to      R4C13B.B1 reset_c
CTOF_DEL    ---     0.495      R4C13B.B1 to      R4C13B.F1 core/engine/SLICE_463
ROUTE         1     0.315      R4C13B.F1 to      R4C13C.D1 core/engine/un1_memory_op_1dupdup
CTOF_DEL    ---     0.495      R4C13C.D1 to      R4C13C.F1 core/engine/SLICE_286
ROUTE        10     0.672      R4C13C.F1 to      R4C12B.D1 core/engine/retirec_1
CTOOFX_DEL  ---     0.721      R4C12B.D1 to    R4C12B.OFX0 core/engine/seq/predicates_pmux_6/SLICE_182
ROUTE         1     0.958    R4C12B.OFX0 to      R5C14B.D0 core/engine/seq/N_73
CTOF_DEL    ---     0.495      R5C14B.D0 to      R5C14B.F0 core/engine/SLICE_255
ROUTE         2     0.972      R5C14B.F0 to      R3C14D.D0 core/engine/seq/condition
CTOF_DEL    ---     0.495      R3C14D.D0 to      R3C14D.F0 core/engine/seq/SLICE_247
ROUTE         1     0.958      R3C14D.F0 to      R4C15D.D1 core/engine/seq/next_address_0_sqmuxa_4
CTOF_DEL    ---     0.495      R4C15D.D1 to      R4C15D.F1 core/engine/seq/SLICE_240
ROUTE        10     1.130      R4C15D.F1 to      R5C16B.D0 core/engine/seq/next_address_1_sqmuxa_5
CTOF_DEL    ---     0.495      R5C16B.D0 to      R5C16B.F0 core/engine/seq/SLICE_241
ROUTE         1     0.623      R5C16B.F0 to      R5C17D.D1 core/engine/seq/uword_m[16]
CTOF_DEL    ---     0.495      R5C17D.D1 to      R5C17D.F1 core/engine/seq/SLICE_177
ROUTE         5     0.009      R5C17D.F1 to     R5C17D.DI1 core/engine/next_address[5] (to clk_c)
                  --------
                   16.007   (33.2% logic, 66.8% route), 9 logic levels.

Unconstrained Preference:
   INPUT_SETUP PORT "reset" CLKPORT "clk" 

Report:   14.225ns delay reset to core/engine/seq/SLICE_178 (13.943ns delay and 0.282ns setup)

   Name    Fanout   Delay (ns)          Site               Resource
PADI_DEL    ---     1.132          4.PAD to        4.PADDI reset
ROUTE       172     5.052        4.PADDI to      R4C13B.B1 reset_c
CTOF_DEL    ---     0.495      R4C13B.B1 to      R4C13B.F1 core/engine/SLICE_463
ROUTE         1     0.315      R4C13B.F1 to      R4C13C.D1 core/engine/un1_memory_op_1dupdup
CTOF_DEL    ---     0.495      R4C13C.D1 to      R4C13C.F1 core/engine/SLICE_286
ROUTE        10     1.050      R4C13C.F1 to      R4C12C.B0 core/engine/retirec_1
CTOF_DEL    ---     0.495      R4C12C.B0 to      R4C12C.F0 core/engine/SLICE_220
ROUTE         7     2.043      R4C12C.F0 to      R2C15D.D0 core/engine/stepdupdup
CTOF_DEL    ---     0.495      R2C15D.D0 to      R2C15D.F0 core/engine/SLICE_475
ROUTE         5     2.371      R2C15D.F0 to      R5C16D.CE core/engine/frame_active_RNI338B8 (to clk_c)
                  --------
                   13.943   (22.3% logic, 77.7% route), 5 logic levels.

Unconstrained Preference:
   INPUT_SETUP PORT "reset" CLKPORT "clk" 

Report:   13.813ns delay reset to core/engine/seq/SLICE_177 (13.531ns delay and 0.282ns setup)

   Name    Fanout   Delay (ns)          Site               Resource
PADI_DEL    ---     1.132          4.PAD to        4.PADDI reset
ROUTE       172     5.052        4.PADDI to      R4C13B.B1 reset_c
CTOF_DEL    ---     0.495      R4C13B.B1 to      R4C13B.F1 core/engine/SLICE_463
ROUTE         1     0.315      R4C13B.F1 to      R4C13C.D1 core/engine/un1_memory_op_1dupdup
CTOF_DEL    ---     0.495      R4C13C.D1 to      R4C13C.F1 core/engine/SLICE_286
ROUTE        10     1.050      R4C13C.F1 to      R4C12C.B0 core/engine/retirec_1
CTOF_DEL    ---     0.495      R4C12C.B0 to      R4C12C.F0 core/engine/SLICE_220
ROUTE         7     2.043      R4C12C.F0 to      R2C15D.D0 core/engine/stepdupdup
CTOF_DEL    ---     0.495      R2C15D.D0 to      R2C15D.F0 core/engine/SLICE_475
ROUTE         5     1.959      R2C15D.F0 to      R5C17D.CE core/engine/frame_active_RNI338B8 (to clk_c)
                  --------
                   13.531   (23.0% logic, 77.0% route), 5 logic levels.

Unconstrained Preference:
   INPUT_SETUP PORT "reset" CLKPORT "clk" 

Report:   13.813ns delay reset to core/engine/seq/SLICE_176 (13.531ns delay and 0.282ns setup)

   Name    Fanout   Delay (ns)          Site               Resource
PADI_DEL    ---     1.132          4.PAD to        4.PADDI reset
ROUTE       172     5.052        4.PADDI to      R4C13B.B1 reset_c
CTOF_DEL    ---     0.495      R4C13B.B1 to      R4C13B.F1 core/engine/SLICE_463
ROUTE         1     0.315      R4C13B.F1 to      R4C13C.D1 core/engine/un1_memory_op_1dupdup
CTOF_DEL    ---     0.495      R4C13C.D1 to      R4C13C.F1 core/engine/SLICE_286
ROUTE        10     1.050      R4C13C.F1 to      R4C12C.B0 core/engine/retirec_1
CTOF_DEL    ---     0.495      R4C12C.B0 to      R4C12C.F0 core/engine/SLICE_220
ROUTE         7     2.043      R4C12C.F0 to      R2C15D.D0 core/engine/stepdupdup
CTOF_DEL    ---     0.495      R2C15D.D0 to      R2C15D.F0 core/engine/SLICE_475
ROUTE         5     1.959      R2C15D.F0 to      R5C17A.CE core/engine/frame_active_RNI338B8 (to clk_c)
                  --------
                   13.531   (23.0% logic, 77.0% route), 5 logic levels.

Unconstrained Preference:
   INPUT_SETUP PORT "reset" CLKPORT "clk" 

Report:   13.652ns delay reset to core/engine/SLICE_364 (13.370ns delay and 0.282ns setup)

   Name    Fanout   Delay (ns)          Site               Resource
PADI_DEL    ---     1.132          4.PAD to        4.PADDI reset
ROUTE       172     5.052        4.PADDI to      R4C13B.B1 reset_c
CTOF_DEL    ---     0.495      R4C13B.B1 to      R4C13B.F1 core/engine/SLICE_463
ROUTE         1     0.315      R4C13B.F1 to      R4C13C.D1 core/engine/un1_memory_op_1dupdup
CTOF_DEL    ---     0.495      R4C13C.D1 to      R4C13C.F1 core/engine/SLICE_286
ROUTE        10     1.050      R4C13C.F1 to      R4C12C.B0 core/engine/retirec_1
CTOF_DEL    ---     0.495      R4C12C.B0 to      R4C12C.F0 core/engine/SLICE_220
ROUTE         7     1.618      R4C12C.F0 to      R2C13A.C0 core/engine/stepdupdup
CTOF_DEL    ---     0.495      R2C13A.C0 to      R2C13A.F0 core/engine/SLICE_358
ROUTE         4     2.223      R2C13A.F0 to      R7C10D.CE core/engine/un1_uword_7_RNIC5OLA[0] (to clk_c)
                  --------
                   13.370   (23.3% logic, 76.7% route), 5 logic levels.

Unconstrained Preference:
   INPUT_SETUP PORT "reset" CLKPORT "clk" 

Report:   13.652ns delay reset to core/engine/SLICE_363 (13.370ns delay and 0.282ns setup)

   Name    Fanout   Delay (ns)          Site               Resource
PADI_DEL    ---     1.132          4.PAD to        4.PADDI reset
ROUTE       172     5.052        4.PADDI to      R4C13B.B1 reset_c
CTOF_DEL    ---     0.495      R4C13B.B1 to      R4C13B.F1 core/engine/SLICE_463
ROUTE         1     0.315      R4C13B.F1 to      R4C13C.D1 core/engine/un1_memory_op_1dupdup
CTOF_DEL    ---     0.495      R4C13C.D1 to      R4C13C.F1 core/engine/SLICE_286
ROUTE        10     1.050      R4C13C.F1 to      R4C12C.B0 core/engine/retirec_1
CTOF_DEL    ---     0.495      R4C12C.B0 to      R4C12C.F0 core/engine/SLICE_220
ROUTE         7     1.618      R4C12C.F0 to      R2C13A.C0 core/engine/stepdupdup
CTOF_DEL    ---     0.495      R2C13A.C0 to      R2C13A.F0 core/engine/SLICE_358
ROUTE         4     2.223      R2C13A.F0 to      R7C10C.CE core/engine/un1_uword_7_RNIC5OLA[0] (to clk_c)
                  --------
                   13.370   (23.3% logic, 76.7% route), 5 logic levels.

Unconstrained Preference:
   INPUT_SETUP PORT "reset" CLKPORT "clk" 

Report:   13.638ns delay reset to SLICE_37 (13.530ns delay and 0.108ns setup)

   Name    Fanout   Delay (ns)          Site               Resource
PADI_DEL    ---     1.132          4.PAD to        4.PADDI reset
ROUTE       172     5.052        4.PADDI to      R4C13B.B1 reset_c
CTOF_DEL    ---     0.495      R4C13B.B1 to      R4C13B.F1 core/engine/SLICE_463
ROUTE         1     0.315      R4C13B.F1 to      R4C13C.D1 core/engine/un1_memory_op_1dupdup
CTOF_DEL    ---     0.495      R4C13C.D1 to      R4C13C.F1 core/engine/SLICE_286
ROUTE        10     1.050      R4C13C.F1 to      R4C12C.B0 core/engine/retirec_1
CTOF_DEL    ---     0.495      R4C12C.B0 to      R4C12C.F0 core/engine/SLICE_220
ROUTE         7     2.351      R4C12C.F0 to       R3C9D.D1 core/engine/stepdupdup
CTOF_DEL    ---     0.495       R3C9D.D1 to       R3C9D.F1 core/engine/dp/SLICE_429
ROUTE        16     1.650       R3C9D.F1 to      R5C8A.WRE core/engine/dp/rf_writedup (to clk_c)
                  --------
                   13.530   (23.0% logic, 77.0% route), 5 logic levels.

Unconstrained Preference:
   INPUT_SETUP PORT "reset" CLKPORT "clk" 

Report:   13.638ns delay reset to SLICE_38 (13.530ns delay and 0.108ns setup)

   Name    Fanout   Delay (ns)          Site               Resource
PADI_DEL    ---     1.132          4.PAD to        4.PADDI reset
ROUTE       172     5.052        4.PADDI to      R4C13B.B1 reset_c
CTOF_DEL    ---     0.495      R4C13B.B1 to      R4C13B.F1 core/engine/SLICE_463
ROUTE         1     0.315      R4C13B.F1 to      R4C13C.D1 core/engine/un1_memory_op_1dupdup
CTOF_DEL    ---     0.495      R4C13C.D1 to      R4C13C.F1 core/engine/SLICE_286
ROUTE        10     1.050      R4C13C.F1 to      R4C12C.B0 core/engine/retirec_1
CTOF_DEL    ---     0.495      R4C12C.B0 to      R4C12C.F0 core/engine/SLICE_220
ROUTE         7     2.351      R4C12C.F0 to       R3C9D.D1 core/engine/stepdupdup
CTOF_DEL    ---     0.495       R3C9D.D1 to       R3C9D.F1 core/engine/dp/SLICE_429
ROUTE        16     1.650       R3C9D.F1 to      R5C8B.WRE core/engine/dp/rf_writedup (to clk_c)
                  --------
                   13.530   (23.0% logic, 77.0% route), 5 logic levels.

Unconstrained Preference:
   INPUT_SETUP PORT "reset" CLKPORT "clk" 

Report:   13.558ns delay reset to core/engine/rom/lane_2 (13.332ns delay and 0.226ns setup)

   Name    Fanout   Delay (ns)          Site               Resource
PADI_DEL    ---     1.132          4.PAD to        4.PADDI reset
ROUTE       172     5.052        4.PADDI to      R4C13B.B1 reset_c
CTOF_DEL    ---     0.495      R4C13B.B1 to      R4C13B.F1 core/engine/SLICE_463
ROUTE         1     0.315      R4C13B.F1 to      R4C13C.D1 core/engine/un1_memory_op_1dupdup
CTOF_DEL    ---     0.495      R4C13C.D1 to      R4C13C.F1 core/engine/SLICE_286
ROUTE        10     1.050      R4C13C.F1 to      R4C12C.B0 core/engine/retirec_1
CTOF_DEL    ---     0.495      R4C12C.B0 to      R4C12C.F0 core/engine/SLICE_220
ROUTE         7     0.445      R4C12C.F0 to      R4C12C.C1 core/engine/stepdupdup
CTOF_DEL    ---     0.495      R4C12C.C1 to      R4C12C.F1 core/engine/SLICE_220
ROUTE         8     3.358      R4C12C.F1 to   EBR_R6C4.CEA core/engine/stepdupdup_RNIH6S88 (to clk_c)
                  --------
                   13.332   (23.3% logic, 76.7% route), 5 logic levels.

Unconstrained Preference:
   INPUT_SETUP PORT "reset" CLKPORT "clk" 

Report:   13.538ns delay reset to SLICE_22 (13.430ns delay and 0.108ns setup)

   Name    Fanout   Delay (ns)          Site               Resource
PADI_DEL    ---     1.132          4.PAD to        4.PADDI reset
ROUTE       172     5.052        4.PADDI to      R4C13B.B1 reset_c
CTOF_DEL    ---     0.495      R4C13B.B1 to      R4C13B.F1 core/engine/SLICE_463
ROUTE         1     0.315      R4C13B.F1 to      R4C13C.D1 core/engine/un1_memory_op_1dupdup
CTOF_DEL    ---     0.495      R4C13C.D1 to      R4C13C.F1 core/engine/SLICE_286
ROUTE        10     1.050      R4C13C.F1 to      R4C12C.B0 core/engine/retirec_1
CTOF_DEL    ---     0.495      R4C12C.B0 to      R4C12C.F0 core/engine/SLICE_220
ROUTE         7     2.351      R4C12C.F0 to       R3C9D.D1 core/engine/stepdupdup
CTOF_DEL    ---     0.495       R3C9D.D1 to       R3C9D.F1 core/engine/dp/SLICE_429
ROUTE        16     1.550       R3C9D.F1 to      R4C9A.WRE core/engine/dp/rf_writedup (to clk_c)
                  --------
                   13.430   (23.2% logic, 76.8% route), 5 logic levels.

Unconstrained Preference:
   INPUT_SETUP PORT "reset" CLKPORT "clk" 

Report:   13.538ns delay reset to SLICE_23 (13.430ns delay and 0.108ns setup)

   Name    Fanout   Delay (ns)          Site               Resource
PADI_DEL    ---     1.132          4.PAD to        4.PADDI reset
ROUTE       172     5.052        4.PADDI to      R4C13B.B1 reset_c
CTOF_DEL    ---     0.495      R4C13B.B1 to      R4C13B.F1 core/engine/SLICE_463
ROUTE         1     0.315      R4C13B.F1 to      R4C13C.D1 core/engine/un1_memory_op_1dupdup
CTOF_DEL    ---     0.495      R4C13C.D1 to      R4C13C.F1 core/engine/SLICE_286
ROUTE        10     1.050      R4C13C.F1 to      R4C12C.B0 core/engine/retirec_1
CTOF_DEL    ---     0.495      R4C12C.B0 to      R4C12C.F0 core/engine/SLICE_220
ROUTE         7     2.351      R4C12C.F0 to       R3C9D.D1 core/engine/stepdupdup
CTOF_DEL    ---     0.495       R3C9D.D1 to       R3C9D.F1 core/engine/dp/SLICE_429
ROUTE        16     1.550       R3C9D.F1 to      R4C9B.WRE core/engine/dp/rf_writedup (to clk_c)
                  --------
                   13.430   (23.2% logic, 76.8% route), 5 logic levels.

Unconstrained Preference:
   INPUT_SETUP PORT "reset" CLKPORT "clk" 

Report:   13.364ns delay reset to core/engine/seq/SLICE_179 (13.082ns delay and 0.282ns setup)

   Name    Fanout   Delay (ns)          Site               Resource
PADI_DEL    ---     1.132          4.PAD to        4.PADDI reset
ROUTE       172     5.052        4.PADDI to      R4C13B.B1 reset_c
CTOF_DEL    ---     0.495      R4C13B.B1 to      R4C13B.F1 core/engine/SLICE_463
ROUTE         1     0.315      R4C13B.F1 to      R4C13C.D1 core/engine/un1_memory_op_1dupdup
CTOF_DEL    ---     0.495      R4C13C.D1 to      R4C13C.F1 core/engine/SLICE_286
ROUTE        10     1.050      R4C13C.F1 to      R4C12C.B0 core/engine/retirec_1
CTOF_DEL    ---     0.495      R4C12C.B0 to      R4C12C.F0 core/engine/SLICE_220
ROUTE         7     2.043      R4C12C.F0 to      R2C15D.D0 core/engine/stepdupdup
CTOF_DEL    ---     0.495      R2C15D.D0 to      R2C15D.F0 core/engine/SLICE_475
ROUTE         5     1.510      R2C15D.F0 to      R4C16D.CE core/engine/frame_active_RNI338B8 (to clk_c)
                  --------
                   13.082   (23.8% logic, 76.2% route), 5 logic levels.

Unconstrained Preference:
   INPUT_SETUP PORT "reset" CLKPORT "clk" 

Report:   13.254ns delay reset to core/engine/SLICE_437 (12.972ns delay and 0.282ns setup)

   Name    Fanout   Delay (ns)          Site               Resource
PADI_DEL    ---     1.132          4.PAD to        4.PADDI reset
ROUTE       172     5.052        4.PADDI to      R4C13B.B1 reset_c
CTOF_DEL    ---     0.495      R4C13B.B1 to      R4C13B.F1 core/engine/SLICE_463
ROUTE         1     0.315      R4C13B.F1 to      R4C13C.D1 core/engine/un1_memory_op_1dupdup
CTOF_DEL    ---     0.495      R4C13C.D1 to      R4C13C.F1 core/engine/SLICE_286
ROUTE        10     1.050      R4C13C.F1 to      R4C12C.B0 core/engine/retirec_1
CTOF_DEL    ---     0.495      R4C12C.B0 to      R4C12C.F0 core/engine/SLICE_220
ROUTE         7     1.618      R4C12C.F0 to      R2C13A.C0 core/engine/stepdupdup
CTOF_DEL    ---     0.495      R2C13A.C0 to      R2C13A.F0 core/engine/SLICE_358
ROUTE         4     1.825      R2C13A.F0 to      R4C14C.CE core/engine/un1_uword_7_RNIC5OLA[0] (to clk_c)
                  --------
                   12.972   (24.0% logic, 76.0% route), 5 logic levels.

Unconstrained Preference:
   INPUT_SETUP PORT "reset" CLKPORT "clk" 

Report:   13.254ns delay reset to core/engine/SLICE_255 (12.972ns delay and 0.282ns setup)

   Name    Fanout   Delay (ns)          Site               Resource
PADI_DEL    ---     1.132          4.PAD to        4.PADDI reset
ROUTE       172     5.052        4.PADDI to      R4C13B.B1 reset_c
CTOF_DEL    ---     0.495      R4C13B.B1 to      R4C13B.F1 core/engine/SLICE_463
ROUTE         1     0.315      R4C13B.F1 to      R4C13C.D1 core/engine/un1_memory_op_1dupdup
CTOF_DEL    ---     0.495      R4C13C.D1 to      R4C13C.F1 core/engine/SLICE_286
ROUTE        10     1.050      R4C13C.F1 to      R4C12C.B0 core/engine/retirec_1
CTOF_DEL    ---     0.495      R4C12C.B0 to      R4C12C.F0 core/engine/SLICE_220
ROUTE         7     1.618      R4C12C.F0 to      R2C13A.C0 core/engine/stepdupdup
CTOF_DEL    ---     0.495      R2C13A.C0 to      R2C13A.F0 core/engine/SLICE_358
ROUTE         4     1.825      R2C13A.F0 to      R5C14B.CE core/engine/un1_uword_7_RNIC5OLA[0] (to clk_c)
                  --------
                   12.972   (24.0% logic, 76.0% route), 5 logic levels.

Unconstrained Preference:
   INPUT_SETUP PORT "reset" CLKPORT "clk" 

Report:   13.253ns delay reset to core/engine/rom/lane_2 (13.332ns delay and -0.079ns setup)

   Name    Fanout   Delay (ns)          Site               Resource
PADI_DEL    ---     1.132          4.PAD to        4.PADDI reset
ROUTE       172     5.052        4.PADDI to      R4C13B.B1 reset_c
CTOF_DEL    ---     0.495      R4C13B.B1 to      R4C13B.F1 core/engine/SLICE_463
ROUTE         1     0.315      R4C13B.F1 to      R4C13C.D1 core/engine/un1_memory_op_1dupdup
CTOF_DEL    ---     0.495      R4C13C.D1 to      R4C13C.F1 core/engine/SLICE_286
ROUTE        10     1.050      R4C13C.F1 to      R4C12C.B0 core/engine/retirec_1
CTOF_DEL    ---     0.495      R4C12C.B0 to      R4C12C.F0 core/engine/SLICE_220
ROUTE         7     0.445      R4C12C.F0 to      R4C12C.C1 core/engine/stepdupdup
CTOF_DEL    ---     0.495      R4C12C.C1 to      R4C12C.F1 core/engine/SLICE_220
ROUTE         8     3.358      R4C12C.F1 to  EBR_R6C4.OCEA core/engine/stepdupdup_RNIH6S88 (to clk_c)
                  --------
                   13.332   (23.3% logic, 76.7% route), 5 logic levels.

Unconstrained Preference:
   INPUT_SETUP PORT "reset" CLKPORT "clk" 

Report:   13.222ns delay reset to core/engine/rom/lane_1 (12.996ns delay and 0.226ns setup)

   Name    Fanout   Delay (ns)          Site               Resource
PADI_DEL    ---     1.132          4.PAD to        4.PADDI reset
ROUTE       172     5.052        4.PADDI to      R4C13B.B1 reset_c
CTOF_DEL    ---     0.495      R4C13B.B1 to      R4C13B.F1 core/engine/SLICE_463
ROUTE         1     0.315      R4C13B.F1 to      R4C13C.D1 core/engine/un1_memory_op_1dupdup
CTOF_DEL    ---     0.495      R4C13C.D1 to      R4C13C.F1 core/engine/SLICE_286
ROUTE        10     1.050      R4C13C.F1 to      R4C12C.B0 core/engine/retirec_1
CTOF_DEL    ---     0.495      R4C12C.B0 to      R4C12C.F0 core/engine/SLICE_220
ROUTE         7     0.445      R4C12C.F0 to      R4C12C.C1 core/engine/stepdupdup
CTOF_DEL    ---     0.495      R4C12C.C1 to      R4C12C.F1 core/engine/SLICE_220
ROUTE         8     3.022      R4C12C.F1 to  EBR_R6C10.CEA core/engine/stepdupdup_RNIH6S88 (to clk_c)
                  --------
                   12.996   (23.9% logic, 76.1% route), 5 logic levels.

Unconstrained Preference:
   INPUT_SETUP PORT "reset" CLKPORT "clk" 

Report:   13.211ns delay reset to SLICE_25 (13.103ns delay and 0.108ns setup)

   Name    Fanout   Delay (ns)          Site               Resource
PADI_DEL    ---     1.132          4.PAD to        4.PADDI reset
ROUTE       172     5.052        4.PADDI to      R4C13B.B1 reset_c
CTOF_DEL    ---     0.495      R4C13B.B1 to      R4C13B.F1 core/engine/SLICE_463
ROUTE         1     0.315      R4C13B.F1 to      R4C13C.D1 core/engine/un1_memory_op_1dupdup
CTOF_DEL    ---     0.495      R4C13C.D1 to      R4C13C.F1 core/engine/SLICE_286
ROUTE        10     1.050      R4C13C.F1 to      R4C12C.B0 core/engine/retirec_1
CTOF_DEL    ---     0.495      R4C12C.B0 to      R4C12C.F0 core/engine/SLICE_220
ROUTE         7     2.351      R4C12C.F0 to       R3C9D.D1 core/engine/stepdupdup
CTOF_DEL    ---     0.495       R3C9D.D1 to       R3C9D.F1 core/engine/dp/SLICE_429
ROUTE        16     1.223       R3C9D.F1 to      R4C8A.WRE core/engine/dp/rf_writedup (to clk_c)
                  --------
                   13.103   (23.8% logic, 76.2% route), 5 logic levels.

Unconstrained Preference:
   INPUT_SETUP PORT "reset" CLKPORT "clk" 

Report:   13.211ns delay reset to SLICE_26 (13.103ns delay and 0.108ns setup)

   Name    Fanout   Delay (ns)          Site               Resource
PADI_DEL    ---     1.132          4.PAD to        4.PADDI reset
ROUTE       172     5.052        4.PADDI to      R4C13B.B1 reset_c
CTOF_DEL    ---     0.495      R4C13B.B1 to      R4C13B.F1 core/engine/SLICE_463
ROUTE         1     0.315      R4C13B.F1 to      R4C13C.D1 core/engine/un1_memory_op_1dupdup
CTOF_DEL    ---     0.495      R4C13C.D1 to      R4C13C.F1 core/engine/SLICE_286
ROUTE        10     1.050      R4C13C.F1 to      R4C12C.B0 core/engine/retirec_1
CTOF_DEL    ---     0.495      R4C12C.B0 to      R4C12C.F0 core/engine/SLICE_220
ROUTE         7     2.351      R4C12C.F0 to       R3C9D.D1 core/engine/stepdupdup
CTOF_DEL    ---     0.495       R3C9D.D1 to       R3C9D.F1 core/engine/dp/SLICE_429
ROUTE        16     1.223       R3C9D.F1 to      R4C8B.WRE core/engine/dp/rf_writedup (to clk_c)
                  --------
                   13.103   (23.8% logic, 76.2% route), 5 logic levels.

Unconstrained Preference:
   INPUT_SETUP PORT "reset" CLKPORT "clk" 

Report:   13.211ns delay reset to SLICE_28 (13.103ns delay and 0.108ns setup)

   Name    Fanout   Delay (ns)          Site               Resource
PADI_DEL    ---     1.132          4.PAD to        4.PADDI reset
ROUTE       172     5.052        4.PADDI to      R4C13B.B1 reset_c
CTOF_DEL    ---     0.495      R4C13B.B1 to      R4C13B.F1 core/engine/SLICE_463
ROUTE         1     0.315      R4C13B.F1 to      R4C13C.D1 core/engine/un1_memory_op_1dupdup
CTOF_DEL    ---     0.495      R4C13C.D1 to      R4C13C.F1 core/engine/SLICE_286
ROUTE        10     1.050      R4C13C.F1 to      R4C12C.B0 core/engine/retirec_1
CTOF_DEL    ---     0.495      R4C12C.B0 to      R4C12C.F0 core/engine/SLICE_220
ROUTE         7     2.351      R4C12C.F0 to       R3C9D.D1 core/engine/stepdupdup
CTOF_DEL    ---     0.495       R3C9D.D1 to       R3C9D.F1 core/engine/dp/SLICE_429
ROUTE        16     1.223       R3C9D.F1 to      R5C9A.WRE core/engine/dp/rf_writedup (to clk_c)
                  --------
                   13.103   (23.8% logic, 76.2% route), 5 logic levels.

Unconstrained Preference:
   INPUT_SETUP PORT "reset" CLKPORT "clk" 

Report:   13.211ns delay reset to SLICE_29 (13.103ns delay and 0.108ns setup)

   Name    Fanout   Delay (ns)          Site               Resource
PADI_DEL    ---     1.132          4.PAD to        4.PADDI reset
ROUTE       172     5.052        4.PADDI to      R4C13B.B1 reset_c
CTOF_DEL    ---     0.495      R4C13B.B1 to      R4C13B.F1 core/engine/SLICE_463
ROUTE         1     0.315      R4C13B.F1 to      R4C13C.D1 core/engine/un1_memory_op_1dupdup
CTOF_DEL    ---     0.495      R4C13C.D1 to      R4C13C.F1 core/engine/SLICE_286
ROUTE        10     1.050      R4C13C.F1 to      R4C12C.B0 core/engine/retirec_1
CTOF_DEL    ---     0.495      R4C12C.B0 to      R4C12C.F0 core/engine/SLICE_220
ROUTE         7     2.351      R4C12C.F0 to       R3C9D.D1 core/engine/stepdupdup
CTOF_DEL    ---     0.495       R3C9D.D1 to       R3C9D.F1 core/engine/dp/SLICE_429
ROUTE        16     1.223       R3C9D.F1 to      R5C9B.WRE core/engine/dp/rf_writedup (to clk_c)
                  --------
                   13.103   (23.8% logic, 76.2% route), 5 logic levels.

Unconstrained Preference:
   INPUT_SETUP PORT "reset" CLKPORT "clk" 

Report:   13.211ns delay reset to SLICE_34 (13.103ns delay and 0.108ns setup)

   Name    Fanout   Delay (ns)          Site               Resource
PADI_DEL    ---     1.132          4.PAD to        4.PADDI reset
ROUTE       172     5.052        4.PADDI to      R4C13B.B1 reset_c
CTOF_DEL    ---     0.495      R4C13B.B1 to      R4C13B.F1 core/engine/SLICE_463
ROUTE         1     0.315      R4C13B.F1 to      R4C13C.D1 core/engine/un1_memory_op_1dupdup
CTOF_DEL    ---     0.495      R4C13C.D1 to      R4C13C.F1 core/engine/SLICE_286
ROUTE        10     1.050      R4C13C.F1 to      R4C12C.B0 core/engine/retirec_1
CTOF_DEL    ---     0.495      R4C12C.B0 to      R4C12C.F0 core/engine/SLICE_220
ROUTE         7     2.351      R4C12C.F0 to       R3C9D.D1 core/engine/stepdupdup
CTOF_DEL    ---     0.495       R3C9D.D1 to       R3C9D.F1 core/engine/dp/SLICE_429
ROUTE        16     1.223       R3C9D.F1 to      R4C7A.WRE core/engine/dp/rf_writedup (to clk_c)
                  --------
                   13.103   (23.8% logic, 76.2% route), 5 logic levels.

Unconstrained Preference:
   INPUT_SETUP PORT "reset" CLKPORT "clk" 

Report:   13.211ns delay reset to SLICE_35 (13.103ns delay and 0.108ns setup)

   Name    Fanout   Delay (ns)          Site               Resource
PADI_DEL    ---     1.132          4.PAD to        4.PADDI reset
ROUTE       172     5.052        4.PADDI to      R4C13B.B1 reset_c
CTOF_DEL    ---     0.495      R4C13B.B1 to      R4C13B.F1 core/engine/SLICE_463
ROUTE         1     0.315      R4C13B.F1 to      R4C13C.D1 core/engine/un1_memory_op_1dupdup
CTOF_DEL    ---     0.495      R4C13C.D1 to      R4C13C.F1 core/engine/SLICE_286
ROUTE        10     1.050      R4C13C.F1 to      R4C12C.B0 core/engine/retirec_1
CTOF_DEL    ---     0.495      R4C12C.B0 to      R4C12C.F0 core/engine/SLICE_220
ROUTE         7     2.351      R4C12C.F0 to       R3C9D.D1 core/engine/stepdupdup
CTOF_DEL    ---     0.495       R3C9D.D1 to       R3C9D.F1 core/engine/dp/SLICE_429
ROUTE        16     1.223       R3C9D.F1 to      R4C7B.WRE core/engine/dp/rf_writedup (to clk_c)
                  --------
                   13.103   (23.8% logic, 76.2% route), 5 logic levels.

Unconstrained Preference:
   INPUT_SETUP PORT "reset" CLKPORT "clk" 

Report:   13.204ns delay reset to SLICE_16 (13.096ns delay and 0.108ns setup)

   Name    Fanout   Delay (ns)          Site               Resource
PADI_DEL    ---     1.132          4.PAD to        4.PADDI reset
ROUTE       172     5.052        4.PADDI to      R4C13B.B1 reset_c
CTOF_DEL    ---     0.495      R4C13B.B1 to      R4C13B.F1 core/engine/SLICE_463
ROUTE         1     0.315      R4C13B.F1 to      R4C13C.D1 core/engine/un1_memory_op_1dupdup
CTOF_DEL    ---     0.495      R4C13C.D1 to      R4C13C.F1 core/engine/SLICE_286
ROUTE        10     1.050      R4C13C.F1 to      R4C12C.B0 core/engine/retirec_1
CTOF_DEL    ---     0.495      R4C12C.B0 to      R4C12C.F0 core/engine/SLICE_220
ROUTE         7     2.351      R4C12C.F0 to       R3C9D.D1 core/engine/stepdupdup
CTOF_DEL    ---     0.495       R3C9D.D1 to       R3C9D.F1 core/engine/dp/SLICE_429
ROUTE        16     1.216       R3C9D.F1 to     R4C10A.WRE core/engine/dp/rf_writedup (to clk_c)
                  --------
                   13.096   (23.8% logic, 76.2% route), 5 logic levels.

Unconstrained Preference:
   INPUT_SETUP PORT "reset" CLKPORT "clk" 

Report:   13.204ns delay reset to SLICE_17 (13.096ns delay and 0.108ns setup)

   Name    Fanout   Delay (ns)          Site               Resource
PADI_DEL    ---     1.132          4.PAD to        4.PADDI reset
ROUTE       172     5.052        4.PADDI to      R4C13B.B1 reset_c
CTOF_DEL    ---     0.495      R4C13B.B1 to      R4C13B.F1 core/engine/SLICE_463
ROUTE         1     0.315      R4C13B.F1 to      R4C13C.D1 core/engine/un1_memory_op_1dupdup
CTOF_DEL    ---     0.495      R4C13C.D1 to      R4C13C.F1 core/engine/SLICE_286
ROUTE        10     1.050      R4C13C.F1 to      R4C12C.B0 core/engine/retirec_1
CTOF_DEL    ---     0.495      R4C12C.B0 to      R4C12C.F0 core/engine/SLICE_220
ROUTE         7     2.351      R4C12C.F0 to       R3C9D.D1 core/engine/stepdupdup
CTOF_DEL    ---     0.495       R3C9D.D1 to       R3C9D.F1 core/engine/dp/SLICE_429
ROUTE        16     1.216       R3C9D.F1 to     R4C10B.WRE core/engine/dp/rf_writedup (to clk_c)
                  --------
                   13.096   (23.8% logic, 76.2% route), 5 logic levels.

Unconstrained Preference:
   INPUT_SETUP PORT "reset" CLKPORT "clk" 

Report:   13.093ns delay reset to core/engine/SLICE_364 (12.819ns delay and 0.274ns setup)

   Name    Fanout   Delay (ns)          Site               Resource
PADI_DEL    ---     1.132          4.PAD to        4.PADDI reset
ROUTE       172     5.052        4.PADDI to      R4C13B.B1 reset_c
CTOF_DEL    ---     0.495      R4C13B.B1 to      R4C13B.F1 core/engine/SLICE_463
ROUTE         1     0.315      R4C13B.F1 to      R4C13C.D1 core/engine/un1_memory_op_1dupdup
CTOF_DEL    ---     0.495      R4C13C.D1 to      R4C13C.F1 core/engine/SLICE_286
ROUTE        10     1.050      R4C13C.F1 to      R4C12C.B0 core/engine/retirec_1
CTOF_DEL    ---     0.495      R4C12C.B0 to      R4C12C.F0 core/engine/SLICE_220
ROUTE         7     1.100      R4C12C.F0 to      R2C13B.D1 core/engine/stepdupdup
CTOF_DEL    ---     0.495      R2C13B.D1 to      R2C13B.F1 core/engine/SLICE_239
ROUTE         4     2.190      R2C13B.F1 to     R7C10D.LSR core/engine/stepdupdup_RNI276SH1 (to clk_c)
                  --------
                   12.819   (24.3% logic, 75.7% route), 5 logic levels.

Unconstrained Preference:
   INPUT_SETUP PORT "reset" CLKPORT "clk" 

Report:   13.093ns delay reset to core/engine/SLICE_363 (12.819ns delay and 0.274ns setup)

   Name    Fanout   Delay (ns)          Site               Resource
PADI_DEL    ---     1.132          4.PAD to        4.PADDI reset
ROUTE       172     5.052        4.PADDI to      R4C13B.B1 reset_c
CTOF_DEL    ---     0.495      R4C13B.B1 to      R4C13B.F1 core/engine/SLICE_463
ROUTE         1     0.315      R4C13B.F1 to      R4C13C.D1 core/engine/un1_memory_op_1dupdup
CTOF_DEL    ---     0.495      R4C13C.D1 to      R4C13C.F1 core/engine/SLICE_286
ROUTE        10     1.050      R4C13C.F1 to      R4C12C.B0 core/engine/retirec_1
CTOF_DEL    ---     0.495      R4C12C.B0 to      R4C12C.F0 core/engine/SLICE_220
ROUTE         7     1.100      R4C12C.F0 to      R2C13B.D1 core/engine/stepdupdup
CTOF_DEL    ---     0.495      R2C13B.D1 to      R2C13B.F1 core/engine/SLICE_239
ROUTE         4     2.190      R2C13B.F1 to     R7C10C.LSR core/engine/stepdupdup_RNI276SH1 (to clk_c)
                  --------
                   12.819   (24.3% logic, 75.7% route), 5 logic levels.

Unconstrained Preference:
   INPUT_SETUP PORT "reset" CLKPORT "clk" 

Report:   12.930ns delay reset to core/engine/seq/SLICE_175 (12.648ns delay and 0.282ns setup)

   Name    Fanout   Delay (ns)          Site               Resource
PADI_DEL    ---     1.132          4.PAD to        4.PADDI reset
ROUTE       172     5.052        4.PADDI to      R4C13B.B1 reset_c
CTOF_DEL    ---     0.495      R4C13B.B1 to      R4C13B.F1 core/engine/SLICE_463
ROUTE         1     0.315      R4C13B.F1 to      R4C13C.D1 core/engine/un1_memory_op_1dupdup
CTOF_DEL    ---     0.495      R4C13C.D1 to      R4C13C.F1 core/engine/SLICE_286
ROUTE        10     1.050      R4C13C.F1 to      R4C12C.B0 core/engine/retirec_1
CTOF_DEL    ---     0.495      R4C12C.B0 to      R4C12C.F0 core/engine/SLICE_220
ROUTE         7     2.043      R4C12C.F0 to      R2C15D.D0 core/engine/stepdupdup
CTOF_DEL    ---     0.495      R2C15D.D0 to      R2C15D.F0 core/engine/SLICE_475
ROUTE         5     1.076      R2C15D.F0 to      R4C15A.CE core/engine/frame_active_RNI338B8 (to clk_c)
                  --------
                   12.648   (24.6% logic, 75.4% route), 5 logic levels.

Unconstrained Preference:
   INPUT_SETUP PORT "reset" CLKPORT "clk" 

Report:   12.926ns delay reset to core/engine/SLICE_42 (12.760ns delay and 0.166ns setup)

   Name    Fanout   Delay (ns)          Site               Resource
PADI_DEL    ---     1.132          4.PAD to        4.PADDI reset
ROUTE       172     5.052        4.PADDI to      R4C13B.B1 reset_c
CTOF_DEL    ---     0.495      R4C13B.B1 to      R4C13B.F1 core/engine/SLICE_463
ROUTE         1     0.315      R4C13B.F1 to      R4C13C.D1 core/engine/un1_memory_op_1dupdup
CTOF_DEL    ---     0.495      R4C13C.D1 to      R4C13C.F1 core/engine/SLICE_286
ROUTE        10     1.050      R4C13C.F1 to      R4C12C.B0 core/engine/retirec_1
CTOF_DEL    ---     0.495      R4C12C.B0 to      R4C12C.F0 core/engine/SLICE_220
ROUTE         7     2.043      R4C12C.F0 to      R2C15D.D1 core/engine/stepdupdup
CTOF_DEL    ---     0.495      R2C15D.D1 to      R2C15D.F1 core/engine/SLICE_475
ROUTE         1     0.693      R2C15D.F1 to      R2C15C.B0 core/engine/irq_activese
CTOF_DEL    ---     0.495      R2C15C.B0 to      R2C15C.F0 core/engine/SLICE_42
ROUTE         1     0.000      R2C15C.F0 to     R2C15C.DI0 core/engine/N_115ss (to clk_c)
                  --------
                   12.760   (28.3% logic, 71.7% route), 6 logic levels.

Unconstrained Preference:
   INPUT_SETUP PORT "reset" CLKPORT "clk" 

Report:   12.859ns delay reset to core/engine/SLICE_42 (12.693ns delay and 0.166ns setup)

   Name    Fanout   Delay (ns)          Site               Resource
PADI_DEL    ---     1.132          4.PAD to        4.PADDI reset
ROUTE       172     5.052        4.PADDI to      R4C13B.B1 reset_c
CTOF_DEL    ---     0.495      R4C13B.B1 to      R4C13B.F1 core/engine/SLICE_463
ROUTE         1     0.315      R4C13B.F1 to      R4C13C.D1 core/engine/un1_memory_op_1dupdup
CTOF_DEL    ---     0.495      R4C13C.D1 to      R4C13C.F1 core/engine/SLICE_286
ROUTE        10     1.050      R4C13C.F1 to      R4C12C.B0 core/engine/retirec_1
CTOF_DEL    ---     0.495      R4C12C.B0 to      R4C12C.F0 core/engine/SLICE_220
ROUTE         7     2.043      R4C12C.F0 to      R2C15A.D0 core/engine/stepdupdup
CTOF_DEL    ---     0.495      R2C15A.D0 to      R2C15A.F0 core/engine/SLICE_359
ROUTE         1     0.626      R2C15A.F0 to      R2C15C.D1 core/engine/irq_activese_0
CTOF_DEL    ---     0.495      R2C15C.D1 to      R2C15C.F1 core/engine/SLICE_42
ROUTE         1     0.000      R2C15C.F1 to     R2C15C.DI1 core/engine/N_116ss (to clk_c)
                  --------
                   12.693   (28.4% logic, 71.6% route), 6 logic levels.

Unconstrained Preference:
   INPUT_SETUP PORT "reset" CLKPORT "clk" 

Report:   12.819ns delay reset to core/engine/rom/lane_3 (12.898ns delay and -0.079ns setup)

   Name    Fanout   Delay (ns)          Site               Resource
PADI_DEL    ---     1.132          4.PAD to        4.PADDI reset
ROUTE       172     5.052        4.PADDI to      R4C13B.B1 reset_c
CTOF_DEL    ---     0.495      R4C13B.B1 to      R4C13B.F1 core/engine/SLICE_463
ROUTE         1     0.315      R4C13B.F1 to      R4C13C.D1 core/engine/un1_memory_op_1dupdup
CTOF_DEL    ---     0.495      R4C13C.D1 to      R4C13C.F1 core/engine/SLICE_286
ROUTE        10     1.050      R4C13C.F1 to      R4C12C.B0 core/engine/retirec_1
CTOF_DEL    ---     0.495      R4C12C.B0 to      R4C12C.F0 core/engine/SLICE_220
ROUTE         7     0.445      R4C12C.F0 to      R4C12C.C1 core/engine/stepdupdup
CTOF_DEL    ---     0.495      R4C12C.C1 to      R4C12C.F1 core/engine/SLICE_220
ROUTE         8     2.924      R4C12C.F1 to  EBR_R6C7.OCEA core/engine/stepdupdup_RNIH6S88 (to clk_c)
                  --------
                   12.898   (24.1% logic, 75.9% route), 5 logic levels.

Unconstrained Preference:
   INPUT_SETUP PORT "reset" CLKPORT "clk" 

Report:   12.690ns delay reset to core/engine/rom/lane_3 (12.464ns delay and 0.226ns setup)

   Name    Fanout   Delay (ns)          Site               Resource
PADI_DEL    ---     1.132          4.PAD to        4.PADDI reset
ROUTE       172     5.052        4.PADDI to      R4C13B.B1 reset_c
CTOF_DEL    ---     0.495      R4C13B.B1 to      R4C13B.F1 core/engine/SLICE_463
ROUTE         1     0.315      R4C13B.F1 to      R4C13C.D1 core/engine/un1_memory_op_1dupdup
CTOF_DEL    ---     0.495      R4C13C.D1 to      R4C13C.F1 core/engine/SLICE_286
ROUTE        10     1.050      R4C13C.F1 to      R4C12C.B0 core/engine/retirec_1
CTOF_DEL    ---     0.495      R4C12C.B0 to      R4C12C.F0 core/engine/SLICE_220
ROUTE         7     0.445      R4C12C.F0 to      R4C12C.C1 core/engine/stepdupdup
CTOF_DEL    ---     0.495      R4C12C.C1 to      R4C12C.F1 core/engine/SLICE_220
ROUTE         8     2.490      R4C12C.F1 to   EBR_R6C7.CEA core/engine/stepdupdup_RNIH6S88 (to clk_c)
                  --------
                   12.464   (25.0% logic, 75.0% route), 5 logic levels.

Unconstrained Preference:
   INPUT_SETUP PORT "reset" CLKPORT "clk" 

Report:   12.684ns delay reset to SLICE_19 (12.576ns delay and 0.108ns setup)

   Name    Fanout   Delay (ns)          Site               Resource
PADI_DEL    ---     1.132          4.PAD to        4.PADDI reset
ROUTE       172     5.052        4.PADDI to      R4C13B.B1 reset_c
CTOF_DEL    ---     0.495      R4C13B.B1 to      R4C13B.F1 core/engine/SLICE_463
ROUTE         1     0.315      R4C13B.F1 to      R4C13C.D1 core/engine/un1_memory_op_1dupdup
CTOF_DEL    ---     0.495      R4C13C.D1 to      R4C13C.F1 core/engine/SLICE_286
ROUTE        10     1.050      R4C13C.F1 to      R4C12C.B0 core/engine/retirec_1
CTOF_DEL    ---     0.495      R4C12C.B0 to      R4C12C.F0 core/engine/SLICE_220
ROUTE         7     2.351      R4C12C.F0 to       R3C9D.D1 core/engine/stepdupdup
CTOF_DEL    ---     0.495       R3C9D.D1 to       R3C9D.F1 core/engine/dp/SLICE_429
ROUTE        16     0.696       R3C9D.F1 to     R3C10A.WRE core/engine/dp/rf_writedup (to clk_c)
                  --------
                   12.576   (24.7% logic, 75.3% route), 5 logic levels.

Unconstrained Preference:
   INPUT_SETUP PORT "reset" CLKPORT "clk" 

Report:   12.684ns delay reset to SLICE_20 (12.576ns delay and 0.108ns setup)

   Name    Fanout   Delay (ns)          Site               Resource
PADI_DEL    ---     1.132          4.PAD to        4.PADDI reset
ROUTE       172     5.052        4.PADDI to      R4C13B.B1 reset_c
CTOF_DEL    ---     0.495      R4C13B.B1 to      R4C13B.F1 core/engine/SLICE_463
ROUTE         1     0.315      R4C13B.F1 to      R4C13C.D1 core/engine/un1_memory_op_1dupdup
CTOF_DEL    ---     0.495      R4C13C.D1 to      R4C13C.F1 core/engine/SLICE_286
ROUTE        10     1.050      R4C13C.F1 to      R4C12C.B0 core/engine/retirec_1
CTOF_DEL    ---     0.495      R4C12C.B0 to      R4C12C.F0 core/engine/SLICE_220
ROUTE         7     2.351      R4C12C.F0 to       R3C9D.D1 core/engine/stepdupdup
CTOF_DEL    ---     0.495       R3C9D.D1 to       R3C9D.F1 core/engine/dp/SLICE_429
ROUTE        16     0.696       R3C9D.F1 to     R3C10B.WRE core/engine/dp/rf_writedup (to clk_c)
                  --------
                   12.576   (24.7% logic, 75.3% route), 5 logic levels.

Unconstrained Preference:
   INPUT_SETUP PORT "reset" CLKPORT "clk" 

Report:   12.658ns delay reset to SLICE_31 (12.550ns delay and 0.108ns setup)

   Name    Fanout   Delay (ns)          Site               Resource
PADI_DEL    ---     1.132          4.PAD to        4.PADDI reset
ROUTE       172     5.052        4.PADDI to      R4C13B.B1 reset_c
CTOF_DEL    ---     0.495      R4C13B.B1 to      R4C13B.F1 core/engine/SLICE_463
ROUTE         1     0.315      R4C13B.F1 to      R4C13C.D1 core/engine/un1_memory_op_1dupdup
CTOF_DEL    ---     0.495      R4C13C.D1 to      R4C13C.F1 core/engine/SLICE_286
ROUTE        10     1.050      R4C13C.F1 to      R4C12C.B0 core/engine/retirec_1
CTOF_DEL    ---     0.495      R4C12C.B0 to      R4C12C.F0 core/engine/SLICE_220
ROUTE         7     2.351      R4C12C.F0 to       R3C9D.D1 core/engine/stepdupdup
CTOF_DEL    ---     0.495       R3C9D.D1 to       R3C9D.F1 core/engine/dp/SLICE_429
ROUTE        16     0.670       R3C9D.F1 to      R3C9A.WRE core/engine/dp/rf_writedup (to clk_c)
                  --------
                   12.550   (24.8% logic, 75.2% route), 5 logic levels.

Unconstrained Preference:
   INPUT_SETUP PORT "reset" CLKPORT "clk" 

Report:   12.658ns delay reset to SLICE_32 (12.550ns delay and 0.108ns setup)

   Name    Fanout   Delay (ns)          Site               Resource
PADI_DEL    ---     1.132          4.PAD to        4.PADDI reset
ROUTE       172     5.052        4.PADDI to      R4C13B.B1 reset_c
CTOF_DEL    ---     0.495      R4C13B.B1 to      R4C13B.F1 core/engine/SLICE_463
ROUTE         1     0.315      R4C13B.F1 to      R4C13C.D1 core/engine/un1_memory_op_1dupdup
CTOF_DEL    ---     0.495      R4C13C.D1 to      R4C13C.F1 core/engine/SLICE_286
ROUTE        10     1.050      R4C13C.F1 to      R4C12C.B0 core/engine/retirec_1
CTOF_DEL    ---     0.495      R4C12C.B0 to      R4C12C.F0 core/engine/SLICE_220
ROUTE         7     2.351      R4C12C.F0 to       R3C9D.D1 core/engine/stepdupdup
CTOF_DEL    ---     0.495       R3C9D.D1 to       R3C9D.F1 core/engine/dp/SLICE_429
ROUTE        16     0.670       R3C9D.F1 to      R3C9B.WRE core/engine/dp/rf_writedup (to clk_c)
                  --------
                   12.550   (24.8% logic, 75.2% route), 5 logic levels.

Unconstrained Preference:
   INPUT_SETUP PORT "reset" CLKPORT "clk" 

Report:   12.517ns delay reset to core/engine/SLICE_255 (12.243ns delay and 0.274ns setup)

   Name    Fanout   Delay (ns)          Site               Resource
PADI_DEL    ---     1.132          4.PAD to        4.PADDI reset
ROUTE       172     5.052        4.PADDI to      R4C13B.B1 reset_c
CTOF_DEL    ---     0.495      R4C13B.B1 to      R4C13B.F1 core/engine/SLICE_463
ROUTE         1     0.315      R4C13B.F1 to      R4C13C.D1 core/engine/un1_memory_op_1dupdup
CTOF_DEL    ---     0.495      R4C13C.D1 to      R4C13C.F1 core/engine/SLICE_286
ROUTE        10     1.050      R4C13C.F1 to      R4C12C.B0 core/engine/retirec_1
CTOF_DEL    ---     0.495      R4C12C.B0 to      R4C12C.F0 core/engine/SLICE_220
ROUTE         7     1.100      R4C12C.F0 to      R2C13B.D1 core/engine/stepdupdup
CTOF_DEL    ---     0.495      R2C13B.D1 to      R2C13B.F1 core/engine/SLICE_239
ROUTE         4     1.614      R2C13B.F1 to     R5C14B.LSR core/engine/stepdupdup_RNI276SH1 (to clk_c)
                  --------
                   12.243   (25.4% logic, 74.6% route), 5 logic levels.

Unconstrained Preference:
   INPUT_SETUP PORT "reset" CLKPORT "clk" 

Report:   12.490ns delay reset to core/engine/rom/lane_0 (12.569ns delay and -0.079ns setup)

   Name    Fanout   Delay (ns)          Site               Resource
PADI_DEL    ---     1.132          4.PAD to        4.PADDI reset
ROUTE       172     5.052        4.PADDI to      R4C13B.B1 reset_c
CTOF_DEL    ---     0.495      R4C13B.B1 to      R4C13B.F1 core/engine/SLICE_463
ROUTE         1     0.315      R4C13B.F1 to      R4C13C.D1 core/engine/un1_memory_op_1dupdup
CTOF_DEL    ---     0.495      R4C13C.D1 to      R4C13C.F1 core/engine/SLICE_286
ROUTE        10     1.050      R4C13C.F1 to      R4C12C.B0 core/engine/retirec_1
CTOF_DEL    ---     0.495      R4C12C.B0 to      R4C12C.F0 core/engine/SLICE_220
ROUTE         7     0.445      R4C12C.F0 to      R4C12C.C1 core/engine/stepdupdup
CTOF_DEL    ---     0.495      R4C12C.C1 to      R4C12C.F1 core/engine/SLICE_220
ROUTE         8     2.595      R4C12C.F1 to EBR_R6C14.OCEA core/engine/stepdupdup_RNIH6S88 (to clk_c)
                  --------
                   12.569   (24.8% logic, 75.2% route), 5 logic levels.

Unconstrained Preference:
   INPUT_SETUP PORT "reset" CLKPORT "clk" 

Report:   12.408ns delay reset to core/engine/SLICE_437 (12.134ns delay and 0.274ns setup)

   Name    Fanout   Delay (ns)          Site               Resource
PADI_DEL    ---     1.132          4.PAD to        4.PADDI reset
ROUTE       172     5.052        4.PADDI to      R4C13B.B1 reset_c
CTOF_DEL    ---     0.495      R4C13B.B1 to      R4C13B.F1 core/engine/SLICE_463
ROUTE         1     0.315      R4C13B.F1 to      R4C13C.D1 core/engine/un1_memory_op_1dupdup
CTOF_DEL    ---     0.495      R4C13C.D1 to      R4C13C.F1 core/engine/SLICE_286
ROUTE        10     1.050      R4C13C.F1 to      R4C12C.B0 core/engine/retirec_1
CTOF_DEL    ---     0.495      R4C12C.B0 to      R4C12C.F0 core/engine/SLICE_220
ROUTE         7     1.100      R4C12C.F0 to      R2C13B.D1 core/engine/stepdupdup
CTOF_DEL    ---     0.495      R2C13B.D1 to      R2C13B.F1 core/engine/SLICE_239
ROUTE         4     1.505      R2C13B.F1 to     R4C14C.LSR core/engine/stepdupdup_RNI276SH1 (to clk_c)
                  --------
                   12.134   (25.6% logic, 74.4% route), 5 logic levels.

Unconstrained Preference:
   INPUT_SETUP PORT "reset" CLKPORT "clk" 

Report:   12.361ns delay reset to core/engine/rom/lane_0 (12.135ns delay and 0.226ns setup)

   Name    Fanout   Delay (ns)          Site               Resource
PADI_DEL    ---     1.132          4.PAD to        4.PADDI reset
ROUTE       172     5.052        4.PADDI to      R4C13B.B1 reset_c
CTOF_DEL    ---     0.495      R4C13B.B1 to      R4C13B.F1 core/engine/SLICE_463
ROUTE         1     0.315      R4C13B.F1 to      R4C13C.D1 core/engine/un1_memory_op_1dupdup
CTOF_DEL    ---     0.495      R4C13C.D1 to      R4C13C.F1 core/engine/SLICE_286
ROUTE        10     1.050      R4C13C.F1 to      R4C12C.B0 core/engine/retirec_1
CTOF_DEL    ---     0.495      R4C12C.B0 to      R4C12C.F0 core/engine/SLICE_220
ROUTE         7     0.445      R4C12C.F0 to      R4C12C.C1 core/engine/stepdupdup
CTOF_DEL    ---     0.495      R4C12C.C1 to      R4C12C.F1 core/engine/SLICE_220
ROUTE         8     2.161      R4C12C.F1 to  EBR_R6C14.CEA core/engine/stepdupdup_RNIH6S88 (to clk_c)
                  --------
                   12.135   (25.6% logic, 74.4% route), 5 logic levels.

Unconstrained Preference:
   INPUT_SETUP PORT "reset" CLKPORT "clk" 

Report:   11.951ns delay reset to core/engine/rom/lane_1 (12.030ns delay and -0.079ns setup)

   Name    Fanout   Delay (ns)          Site               Resource
PADI_DEL    ---     1.132          4.PAD to        4.PADDI reset
ROUTE       172     5.052        4.PADDI to      R4C13B.B1 reset_c
CTOF_DEL    ---     0.495      R4C13B.B1 to      R4C13B.F1 core/engine/SLICE_463
ROUTE         1     0.315      R4C13B.F1 to      R4C13C.D1 core/engine/un1_memory_op_1dupdup
CTOF_DEL    ---     0.495      R4C13C.D1 to      R4C13C.F1 core/engine/SLICE_286
ROUTE        10     1.050      R4C13C.F1 to      R4C12C.B0 core/engine/retirec_1
CTOF_DEL    ---     0.495      R4C12C.B0 to      R4C12C.F0 core/engine/SLICE_220
ROUTE         7     0.445      R4C12C.F0 to      R4C12C.C1 core/engine/stepdupdup
CTOF_DEL    ---     0.495      R4C12C.C1 to      R4C12C.F1 core/engine/SLICE_220
ROUTE         8     2.056      R4C12C.F1 to EBR_R6C10.OCEA core/engine/stepdupdup_RNIH6S88 (to clk_c)
                  --------
                   12.030   (25.9% logic, 74.1% route), 5 logic levels.

Unconstrained Preference:
   INPUT_SETUP PORT "reset" CLKPORT "clk" 

Report:    9.498ns delay reset to core/engine/SLICE_159 (9.332ns delay and 0.166ns setup)

   Name    Fanout   Delay (ns)          Site               Resource
PADI_DEL    ---     1.132          4.PAD to        4.PADDI reset
ROUTE       172     5.052        4.PADDI to      R4C13B.B1 reset_c
CTOF_DEL    ---     0.495      R4C13B.B1 to      R4C13B.F1 core/engine/SLICE_463
ROUTE         1     0.315      R4C13B.F1 to      R4C13C.D1 core/engine/un1_memory_op_1dupdup
CTOF_DEL    ---     0.495      R4C13C.D1 to      R4C13C.F1 core/engine/SLICE_286
ROUTE        10     1.348      R4C13C.F1 to      R3C12A.A0 core/engine/retirec_1
CTOF_DEL    ---     0.495      R3C12A.A0 to      R3C12A.F0 core/engine/SLICE_159
ROUTE         1     0.000      R3C12A.F0 to     R3C12A.DI0 core/engine/retirec (to clk_c)
                  --------
                    9.332   (28.0% logic, 72.0% route), 4 logic levels.

Unconstrained Preference:
   INPUT_SETUP PORT "reset" CLKPORT "clk" 

Report:    3.857ns delay reset to SLICE_132 (3.583ns delay and 0.274ns setup)

   Name    Fanout   Delay (ns)          Site               Resource
PADI_DEL    ---     1.132          4.PAD to        4.PADDI reset
ROUTE       172     2.451        4.PADDI to     R5C12A.LSR reset_c (to clk_c)
                  --------
                    3.583   (31.6% logic, 68.4% route), 1 logic levels.

Unconstrained Preference:
   INPUT_SETUP PORT "reset" CLKPORT "clk" 

Report:    3.857ns delay reset to SLICE_133 (3.583ns delay and 0.274ns setup)

   Name    Fanout   Delay (ns)          Site               Resource
PADI_DEL    ---     1.132          4.PAD to        4.PADDI reset
ROUTE       172     2.451        4.PADDI to     R4C12D.LSR reset_c (to clk_c)
                  --------
                    3.583   (31.6% logic, 68.4% route), 1 logic levels.

Unconstrained Preference:
   INPUT_SETUP PORT "reset" CLKPORT "clk" 

Report:    3.857ns delay reset to SLICE_134 (3.583ns delay and 0.274ns setup)

   Name    Fanout   Delay (ns)          Site               Resource
PADI_DEL    ---     1.132          4.PAD to        4.PADDI reset
ROUTE       172     2.451        4.PADDI to     R3C13B.LSR reset_c (to clk_c)
                  --------
                    3.583   (31.6% logic, 68.4% route), 1 logic levels.

Unconstrained Preference:
   INPUT_SETUP PORT "reset" CLKPORT "clk" 

Report:    3.857ns delay reset to SLICE_16 (3.583ns delay and 0.274ns setup)

   Name    Fanout   Delay (ns)          Site               Resource
PADI_DEL    ---     1.132          4.PAD to        4.PADDI reset
ROUTE       172     2.451        4.PADDI to     R4C10A.LSR reset_c (to clk_c)
                  --------
                    3.583   (31.6% logic, 68.4% route), 1 logic levels.

Unconstrained Preference:
   INPUT_SETUP PORT "reset" CLKPORT "clk" 

Report:    3.857ns delay reset to SLICE_168 (3.583ns delay and 0.274ns setup)

   Name    Fanout   Delay (ns)          Site               Resource
PADI_DEL    ---     1.132          4.PAD to        4.PADDI reset
ROUTE       172     2.451        4.PADDI to     R3C10D.LSR reset_c (to clk_c)
                  --------
                    3.583   (31.6% logic, 68.4% route), 1 logic levels.

Unconstrained Preference:
   INPUT_SETUP PORT "reset" CLKPORT "clk" 

Report:    3.857ns delay reset to SLICE_169 (3.583ns delay and 0.274ns setup)

   Name    Fanout   Delay (ns)          Site               Resource
PADI_DEL    ---     1.132          4.PAD to        4.PADDI reset
ROUTE       172     2.451        4.PADDI to     R5C11B.LSR reset_c (to clk_c)
                  --------
                    3.583   (31.6% logic, 68.4% route), 1 logic levels.

Unconstrained Preference:
   INPUT_SETUP PORT "reset" CLKPORT "clk" 

Report:    3.857ns delay reset to SLICE_17 (3.583ns delay and 0.274ns setup)

   Name    Fanout   Delay (ns)          Site               Resource
PADI_DEL    ---     1.132          4.PAD to        4.PADDI reset
ROUTE       172     2.451        4.PADDI to     R4C10B.LSR reset_c (to clk_c)
                  --------
                    3.583   (31.6% logic, 68.4% route), 1 logic levels.

Unconstrained Preference:
   INPUT_SETUP PORT "reset" CLKPORT "clk" 

Report:    3.857ns delay reset to SLICE_170 (3.583ns delay and 0.274ns setup)

   Name    Fanout   Delay (ns)          Site               Resource
PADI_DEL    ---     1.132          4.PAD to        4.PADDI reset
ROUTE       172     2.451        4.PADDI to     R9C15A.LSR reset_c (to clk_c)
                  --------
                    3.583   (31.6% logic, 68.4% route), 1 logic levels.

Unconstrained Preference:
   INPUT_SETUP PORT "reset" CLKPORT "clk" 

Report:    3.857ns delay reset to SLICE_171 (3.583ns delay and 0.274ns setup)

   Name    Fanout   Delay (ns)          Site               Resource
PADI_DEL    ---     1.132          4.PAD to        4.PADDI reset
ROUTE       172     2.451        4.PADDI to     R7C13B.LSR reset_c (to clk_c)
                  --------
                    3.583   (31.6% logic, 68.4% route), 1 logic levels.

Unconstrained Preference:
   INPUT_SETUP PORT "reset" CLKPORT "clk" 

Report:    3.857ns delay reset to SLICE_172 (3.583ns delay and 0.274ns setup)

   Name    Fanout   Delay (ns)          Site               Resource
PADI_DEL    ---     1.132          4.PAD to        4.PADDI reset
ROUTE       172     2.451        4.PADDI to     R4C13A.LSR reset_c (to clk_c)
                  --------
                    3.583   (31.6% logic, 68.4% route), 1 logic levels.

Unconstrained Preference:
   INPUT_SETUP PORT "reset" CLKPORT "clk" 

Report:    3.857ns delay reset to SLICE_173 (3.583ns delay and 0.274ns setup)

   Name    Fanout   Delay (ns)          Site               Resource
PADI_DEL    ---     1.132          4.PAD to        4.PADDI reset
ROUTE       172     2.451        4.PADDI to     R5C10A.LSR reset_c (to clk_c)
                  --------
                    3.583   (31.6% logic, 68.4% route), 1 logic levels.

Unconstrained Preference:
   INPUT_SETUP PORT "reset" CLKPORT "clk" 

Report:    3.857ns delay reset to SLICE_174 (3.583ns delay and 0.274ns setup)

   Name    Fanout   Delay (ns)          Site               Resource
PADI_DEL    ---     1.132          4.PAD to        4.PADDI reset
ROUTE       172     2.451        4.PADDI to      R5C7C.LSR reset_c (to clk_c)
                  --------
                    3.583   (31.6% logic, 68.4% route), 1 logic levels.

Unconstrained Preference:
   INPUT_SETUP PORT "reset" CLKPORT "clk" 

Report:    3.857ns delay reset to SLICE_19 (3.583ns delay and 0.274ns setup)

   Name    Fanout   Delay (ns)          Site               Resource
PADI_DEL    ---     1.132          4.PAD to        4.PADDI reset
ROUTE       172     2.451        4.PADDI to     R3C10A.LSR reset_c (to clk_c)
                  --------
                    3.583   (31.6% logic, 68.4% route), 1 logic levels.

Unconstrained Preference:
   INPUT_SETUP PORT "reset" CLKPORT "clk" 

Report:    3.857ns delay reset to SLICE_20 (3.583ns delay and 0.274ns setup)

   Name    Fanout   Delay (ns)          Site               Resource
PADI_DEL    ---     1.132          4.PAD to        4.PADDI reset
ROUTE       172     2.451        4.PADDI to     R3C10B.LSR reset_c (to clk_c)
                  --------
                    3.583   (31.6% logic, 68.4% route), 1 logic levels.

Unconstrained Preference:
   INPUT_SETUP PORT "reset" CLKPORT "clk" 

Report:    3.857ns delay reset to SLICE_22 (3.583ns delay and 0.274ns setup)

   Name    Fanout   Delay (ns)          Site               Resource
PADI_DEL    ---     1.132          4.PAD to        4.PADDI reset
ROUTE       172     2.451        4.PADDI to      R4C9A.LSR reset_c (to clk_c)
                  --------
                    3.583   (31.6% logic, 68.4% route), 1 logic levels.

Unconstrained Preference:
   INPUT_SETUP PORT "reset" CLKPORT "clk" 

Report:    3.857ns delay reset to SLICE_23 (3.583ns delay and 0.274ns setup)

   Name    Fanout   Delay (ns)          Site               Resource
PADI_DEL    ---     1.132          4.PAD to        4.PADDI reset
ROUTE       172     2.451        4.PADDI to      R4C9B.LSR reset_c (to clk_c)
                  --------
                    3.583   (31.6% logic, 68.4% route), 1 logic levels.

Unconstrained Preference:
   INPUT_SETUP PORT "reset" CLKPORT "clk" 

Report:    3.857ns delay reset to SLICE_233 (3.583ns delay and 0.274ns setup)

   Name    Fanout   Delay (ns)          Site               Resource
PADI_DEL    ---     1.132          4.PAD to        4.PADDI reset
ROUTE       172     2.451        4.PADDI to     R8C15B.LSR reset_c (to clk_c)
                  --------
                    3.583   (31.6% logic, 68.4% route), 1 logic levels.

Unconstrained Preference:
   INPUT_SETUP PORT "reset" CLKPORT "clk" 

Report:    3.857ns delay reset to SLICE_234 (3.583ns delay and 0.274ns setup)

   Name    Fanout   Delay (ns)          Site               Resource
PADI_DEL    ---     1.132          4.PAD to        4.PADDI reset
ROUTE       172     2.451        4.PADDI to     R7C16A.LSR reset_c (to clk_c)
                  --------
                    3.583   (31.6% logic, 68.4% route), 1 logic levels.

Unconstrained Preference:
   INPUT_SETUP PORT "reset" CLKPORT "clk" 

Report:    3.857ns delay reset to SLICE_235 (3.583ns delay and 0.274ns setup)

   Name    Fanout   Delay (ns)          Site               Resource
PADI_DEL    ---     1.132          4.PAD to        4.PADDI reset
ROUTE       172     2.451        4.PADDI to     R7C14D.LSR reset_c (to clk_c)
                  --------
                    3.583   (31.6% logic, 68.4% route), 1 logic levels.

Unconstrained Preference:
   INPUT_SETUP PORT "reset" CLKPORT "clk" 

Report:    3.857ns delay reset to SLICE_236 (3.583ns delay and 0.274ns setup)

   Name    Fanout   Delay (ns)          Site               Resource
PADI_DEL    ---     1.132          4.PAD to        4.PADDI reset
ROUTE       172     2.451        4.PADDI to     R4C11D.LSR reset_c (to clk_c)
                  --------
                    3.583   (31.6% logic, 68.4% route), 1 logic levels.

Unconstrained Preference:
   INPUT_SETUP PORT "reset" CLKPORT "clk" 

Report:    3.857ns delay reset to SLICE_25 (3.583ns delay and 0.274ns setup)

   Name    Fanout   Delay (ns)          Site               Resource
PADI_DEL    ---     1.132          4.PAD to        4.PADDI reset
ROUTE       172     2.451        4.PADDI to      R4C8A.LSR reset_c (to clk_c)
                  --------
                    3.583   (31.6% logic, 68.4% route), 1 logic levels.

Unconstrained Preference:
   INPUT_SETUP PORT "reset" CLKPORT "clk" 

Report:    3.857ns delay reset to SLICE_26 (3.583ns delay and 0.274ns setup)

   Name    Fanout   Delay (ns)          Site               Resource
PADI_DEL    ---     1.132          4.PAD to        4.PADDI reset
ROUTE       172     2.451        4.PADDI to      R4C8B.LSR reset_c (to clk_c)
                  --------
                    3.583   (31.6% logic, 68.4% route), 1 logic levels.

Unconstrained Preference:
   INPUT_SETUP PORT "reset" CLKPORT "clk" 

Report:    3.857ns delay reset to SLICE_28 (3.583ns delay and 0.274ns setup)

   Name    Fanout   Delay (ns)          Site               Resource
PADI_DEL    ---     1.132          4.PAD to        4.PADDI reset
ROUTE       172     2.451        4.PADDI to      R5C9A.LSR reset_c (to clk_c)
                  --------
                    3.583   (31.6% logic, 68.4% route), 1 logic levels.

Unconstrained Preference:
   INPUT_SETUP PORT "reset" CLKPORT "clk" 

Report:    3.857ns delay reset to SLICE_29 (3.583ns delay and 0.274ns setup)

   Name    Fanout   Delay (ns)          Site               Resource
PADI_DEL    ---     1.132          4.PAD to        4.PADDI reset
ROUTE       172     2.451        4.PADDI to      R5C9B.LSR reset_c (to clk_c)
                  --------
                    3.583   (31.6% logic, 68.4% route), 1 logic levels.

Unconstrained Preference:
   INPUT_SETUP PORT "reset" CLKPORT "clk" 

Report:    3.857ns delay reset to SLICE_31 (3.583ns delay and 0.274ns setup)

   Name    Fanout   Delay (ns)          Site               Resource
PADI_DEL    ---     1.132          4.PAD to        4.PADDI reset
ROUTE       172     2.451        4.PADDI to      R3C9A.LSR reset_c (to clk_c)
                  --------
                    3.583   (31.6% logic, 68.4% route), 1 logic levels.

Unconstrained Preference:
   INPUT_SETUP PORT "reset" CLKPORT "clk" 

Report:    3.857ns delay reset to SLICE_32 (3.583ns delay and 0.274ns setup)

   Name    Fanout   Delay (ns)          Site               Resource
PADI_DEL    ---     1.132          4.PAD to        4.PADDI reset
ROUTE       172     2.451        4.PADDI to      R3C9B.LSR reset_c (to clk_c)
                  --------
                    3.583   (31.6% logic, 68.4% route), 1 logic levels.

Unconstrained Preference:
   INPUT_SETUP PORT "reset" CLKPORT "clk" 

Report:    3.857ns delay reset to SLICE_34 (3.583ns delay and 0.274ns setup)

   Name    Fanout   Delay (ns)          Site               Resource
PADI_DEL    ---     1.132          4.PAD to        4.PADDI reset
ROUTE       172     2.451        4.PADDI to      R4C7A.LSR reset_c (to clk_c)
                  --------
                    3.583   (31.6% logic, 68.4% route), 1 logic levels.

Unconstrained Preference:
   INPUT_SETUP PORT "reset" CLKPORT "clk" 

Report:    3.857ns delay reset to SLICE_35 (3.583ns delay and 0.274ns setup)

   Name    Fanout   Delay (ns)          Site               Resource
PADI_DEL    ---     1.132          4.PAD to        4.PADDI reset
ROUTE       172     2.451        4.PADDI to      R4C7B.LSR reset_c (to clk_c)
                  --------
                    3.583   (31.6% logic, 68.4% route), 1 logic levels.

Unconstrained Preference:
   INPUT_SETUP PORT "reset" CLKPORT "clk" 

Report:    3.857ns delay reset to SLICE_37 (3.583ns delay and 0.274ns setup)

   Name    Fanout   Delay (ns)          Site               Resource
PADI_DEL    ---     1.132          4.PAD to        4.PADDI reset
ROUTE       172     2.451        4.PADDI to      R5C8A.LSR reset_c (to clk_c)
                  --------
                    3.583   (31.6% logic, 68.4% route), 1 logic levels.

Unconstrained Preference:
   INPUT_SETUP PORT "reset" CLKPORT "clk" 

Report:    3.857ns delay reset to SLICE_379 (3.583ns delay and 0.274ns setup)

   Name    Fanout   Delay (ns)          Site               Resource
PADI_DEL    ---     1.132          4.PAD to        4.PADDI reset
ROUTE       172     2.451        4.PADDI to     R7C15D.LSR reset_c (to clk_c)
                  --------
                    3.583   (31.6% logic, 68.4% route), 1 logic levels.

Unconstrained Preference:
   INPUT_SETUP PORT "reset" CLKPORT "clk" 

Report:    3.857ns delay reset to SLICE_38 (3.583ns delay and 0.274ns setup)

   Name    Fanout   Delay (ns)          Site               Resource
PADI_DEL    ---     1.132          4.PAD to        4.PADDI reset
ROUTE       172     2.451        4.PADDI to      R5C8B.LSR reset_c (to clk_c)
                  --------
                    3.583   (31.6% logic, 68.4% route), 1 logic levels.

Unconstrained Preference:
   INPUT_SETUP PORT "reset" CLKPORT "clk" 

Report:    3.857ns delay reset to SLICE_380 (3.583ns delay and 0.274ns setup)

   Name    Fanout   Delay (ns)          Site               Resource
PADI_DEL    ---     1.132          4.PAD to        4.PADDI reset
ROUTE       172     2.451        4.PADDI to    R10C14C.LSR reset_c (to clk_c)
                  --------
                    3.583   (31.6% logic, 68.4% route), 1 logic levels.

Unconstrained Preference:
   INPUT_SETUP PORT "reset" CLKPORT "clk" 

Report:    3.857ns delay reset to SLICE_381 (3.583ns delay and 0.274ns setup)

   Name    Fanout   Delay (ns)          Site               Resource
PADI_DEL    ---     1.132          4.PAD to        4.PADDI reset
ROUTE       172     2.451        4.PADDI to     R8C15A.LSR reset_c (to clk_c)
                  --------
                    3.583   (31.6% logic, 68.4% route), 1 logic levels.

Unconstrained Preference:
   INPUT_SETUP PORT "reset" CLKPORT "clk" 

Report:    3.857ns delay reset to SLICE_382 (3.583ns delay and 0.274ns setup)

   Name    Fanout   Delay (ns)          Site               Resource
PADI_DEL    ---     1.132          4.PAD to        4.PADDI reset
ROUTE       172     2.451        4.PADDI to     R9C14B.LSR reset_c (to clk_c)
                  --------
                    3.583   (31.6% logic, 68.4% route), 1 logic levels.

Unconstrained Preference:
   INPUT_SETUP PORT "reset" CLKPORT "clk" 

Report:    3.857ns delay reset to SLICE_383 (3.583ns delay and 0.274ns setup)

   Name    Fanout   Delay (ns)          Site               Resource
PADI_DEL    ---     1.132          4.PAD to        4.PADDI reset
ROUTE       172     2.451        4.PADDI to     R8C16B.LSR reset_c (to clk_c)
                  --------
                    3.583   (31.6% logic, 68.4% route), 1 logic levels.

Unconstrained Preference:
   INPUT_SETUP PORT "reset" CLKPORT "clk" 

Report:    3.857ns delay reset to SLICE_384 (3.583ns delay and 0.274ns setup)

   Name    Fanout   Delay (ns)          Site               Resource
PADI_DEL    ---     1.132          4.PAD to        4.PADDI reset
ROUTE       172     2.451        4.PADDI to     R9C17B.LSR reset_c (to clk_c)
                  --------
                    3.583   (31.6% logic, 68.4% route), 1 logic levels.

Unconstrained Preference:
   INPUT_SETUP PORT "reset" CLKPORT "clk" 

Report:    3.857ns delay reset to SLICE_385 (3.583ns delay and 0.274ns setup)

   Name    Fanout   Delay (ns)          Site               Resource
PADI_DEL    ---     1.132          4.PAD to        4.PADDI reset
ROUTE       172     2.451        4.PADDI to     R8C16C.LSR reset_c (to clk_c)
                  --------
                    3.583   (31.6% logic, 68.4% route), 1 logic levels.

Unconstrained Preference:
   INPUT_SETUP PORT "reset" CLKPORT "clk" 

Report:    3.857ns delay reset to SLICE_386 (3.583ns delay and 0.274ns setup)

   Name    Fanout   Delay (ns)          Site               Resource
PADI_DEL    ---     1.132          4.PAD to        4.PADDI reset
ROUTE       172     2.451        4.PADDI to     R9C16D.LSR reset_c (to clk_c)
                  --------
                    3.583   (31.6% logic, 68.4% route), 1 logic levels.

Unconstrained Preference:
   INPUT_SETUP PORT "reset" CLKPORT "clk" 

Report:    3.857ns delay reset to SLICE_387 (3.583ns delay and 0.274ns setup)

   Name    Fanout   Delay (ns)          Site               Resource
PADI_DEL    ---     1.132          4.PAD to        4.PADDI reset
ROUTE       172     2.451        4.PADDI to     R8C17C.LSR reset_c (to clk_c)
                  --------
                    3.583   (31.6% logic, 68.4% route), 1 logic levels.

Unconstrained Preference:
   INPUT_SETUP PORT "reset" CLKPORT "clk" 

Report:    3.857ns delay reset to SLICE_388 (3.583ns delay and 0.274ns setup)

   Name    Fanout   Delay (ns)          Site               Resource
PADI_DEL    ---     1.132          4.PAD to        4.PADDI reset
ROUTE       172     2.451        4.PADDI to     R7C15B.LSR reset_c (to clk_c)
                  --------
                    3.583   (31.6% logic, 68.4% route), 1 logic levels.

Unconstrained Preference:
   INPUT_SETUP PORT "reset" CLKPORT "clk" 

Report:    3.857ns delay reset to SLICE_389 (3.583ns delay and 0.274ns setup)

   Name    Fanout   Delay (ns)          Site               Resource
PADI_DEL    ---     1.132          4.PAD to        4.PADDI reset
ROUTE       172     2.451        4.PADDI to     R7C14B.LSR reset_c (to clk_c)
                  --------
                    3.583   (31.6% logic, 68.4% route), 1 logic levels.

Unconstrained Preference:
   INPUT_SETUP PORT "reset" CLKPORT "clk" 

Report:    3.857ns delay reset to SLICE_390 (3.583ns delay and 0.274ns setup)

   Name    Fanout   Delay (ns)          Site               Resource
PADI_DEL    ---     1.132          4.PAD to        4.PADDI reset
ROUTE       172     2.451        4.PADDI to     R8C14B.LSR reset_c (to clk_c)
                  --------
                    3.583   (31.6% logic, 68.4% route), 1 logic levels.

Unconstrained Preference:
   INPUT_SETUP PORT "reset" CLKPORT "clk" 

Report:    3.857ns delay reset to SLICE_391 (3.583ns delay and 0.274ns setup)

   Name    Fanout   Delay (ns)          Site               Resource
PADI_DEL    ---     1.132          4.PAD to        4.PADDI reset
ROUTE       172     2.451        4.PADDI to     R9C15D.LSR reset_c (to clk_c)
                  --------
                    3.583   (31.6% logic, 68.4% route), 1 logic levels.

Unconstrained Preference:
   INPUT_SETUP PORT "reset" CLKPORT "clk" 

Report:    3.857ns delay reset to SLICE_392 (3.583ns delay and 0.274ns setup)

   Name    Fanout   Delay (ns)          Site               Resource
PADI_DEL    ---     1.132          4.PAD to        4.PADDI reset
ROUTE       172     2.451        4.PADDI to     R8C16D.LSR reset_c (to clk_c)
                  --------
                    3.583   (31.6% logic, 68.4% route), 1 logic levels.

Unconstrained Preference:
   INPUT_SETUP PORT "reset" CLKPORT "clk" 

Report:    3.857ns delay reset to SLICE_393 (3.583ns delay and 0.274ns setup)

   Name    Fanout   Delay (ns)          Site               Resource
PADI_DEL    ---     1.132          4.PAD to        4.PADDI reset
ROUTE       172     2.451        4.PADDI to     R9C17D.LSR reset_c (to clk_c)
                  --------
                    3.583   (31.6% logic, 68.4% route), 1 logic levels.

Unconstrained Preference:
   INPUT_SETUP PORT "reset" CLKPORT "clk" 

Report:    3.857ns delay reset to SLICE_394 (3.583ns delay and 0.274ns setup)

   Name    Fanout   Delay (ns)          Site               Resource
PADI_DEL    ---     1.132          4.PAD to        4.PADDI reset
ROUTE       172     2.451        4.PADDI to     R8C16A.LSR reset_c (to clk_c)
                  --------
                    3.583   (31.6% logic, 68.4% route), 1 logic levels.

Unconstrained Preference:
   INPUT_SETUP PORT "reset" CLKPORT "clk" 

Report:    3.857ns delay reset to SLICE_395 (3.583ns delay and 0.274ns setup)

   Name    Fanout   Delay (ns)          Site               Resource
PADI_DEL    ---     1.132          4.PAD to        4.PADDI reset
ROUTE       172     2.451        4.PADDI to     R8C17A.LSR reset_c (to clk_c)
                  --------
                    3.583   (31.6% logic, 68.4% route), 1 logic levels.

Unconstrained Preference:
   INPUT_SETUP PORT "reset" CLKPORT "clk" 

Report:    3.857ns delay reset to SLICE_396 (3.583ns delay and 0.274ns setup)

   Name    Fanout   Delay (ns)          Site               Resource
PADI_DEL    ---     1.132          4.PAD to        4.PADDI reset
ROUTE       172     2.451        4.PADDI to    R10C16A.LSR reset_c (to clk_c)
                  --------
                    3.583   (31.6% logic, 68.4% route), 1 logic levels.

Unconstrained Preference:
   INPUT_SETUP PORT "reset" CLKPORT "clk" 

Report:    3.857ns delay reset to SLICE_397 (3.583ns delay and 0.274ns setup)

   Name    Fanout   Delay (ns)          Site               Resource
PADI_DEL    ---     1.132          4.PAD to        4.PADDI reset
ROUTE       172     2.451        4.PADDI to     R7C17B.LSR reset_c (to clk_c)
                  --------
                    3.583   (31.6% logic, 68.4% route), 1 logic levels.

Unconstrained Preference:
   INPUT_SETUP PORT "reset" CLKPORT "clk" 

Report:    3.857ns delay reset to SLICE_398 (3.583ns delay and 0.274ns setup)

   Name    Fanout   Delay (ns)          Site               Resource
PADI_DEL    ---     1.132          4.PAD to        4.PADDI reset
ROUTE       172     2.451        4.PADDI to    R10C16B.LSR reset_c (to clk_c)
                  --------
                    3.583   (31.6% logic, 68.4% route), 1 logic levels.

Unconstrained Preference:
   INPUT_SETUP PORT "reset" CLKPORT "clk" 

Report:    3.857ns delay reset to SLICE_399 (3.583ns delay and 0.274ns setup)

   Name    Fanout   Delay (ns)          Site               Resource
PADI_DEL    ---     1.132          4.PAD to        4.PADDI reset
ROUTE       172     2.451        4.PADDI to    R10C15B.LSR reset_c (to clk_c)
                  --------
                    3.583   (31.6% logic, 68.4% route), 1 logic levels.

Unconstrained Preference:
   INPUT_SETUP PORT "reset" CLKPORT "clk" 

Report:    3.857ns delay reset to SLICE_400 (3.583ns delay and 0.274ns setup)

   Name    Fanout   Delay (ns)          Site               Resource
PADI_DEL    ---     1.132          4.PAD to        4.PADDI reset
ROUTE       172     2.451        4.PADDI to     R7C15A.LSR reset_c (to clk_c)
                  --------
                    3.583   (31.6% logic, 68.4% route), 1 logic levels.

Unconstrained Preference:
   INPUT_SETUP PORT "reset" CLKPORT "clk" 

Report:    3.857ns delay reset to SLICE_401 (3.583ns delay and 0.274ns setup)

   Name    Fanout   Delay (ns)          Site               Resource
PADI_DEL    ---     1.132          4.PAD to        4.PADDI reset
ROUTE       172     2.451        4.PADDI to     R7C17C.LSR reset_c (to clk_c)
                  --------
                    3.583   (31.6% logic, 68.4% route), 1 logic levels.

Unconstrained Preference:
   INPUT_SETUP PORT "reset" CLKPORT "clk" 

Report:    3.857ns delay reset to SLICE_402 (3.583ns delay and 0.274ns setup)

   Name    Fanout   Delay (ns)          Site               Resource
PADI_DEL    ---     1.132          4.PAD to        4.PADDI reset
ROUTE       172     2.451        4.PADDI to    R10C14B.LSR reset_c (to clk_c)
                  --------
                    3.583   (31.6% logic, 68.4% route), 1 logic levels.

Unconstrained Preference:
   INPUT_SETUP PORT "reset" CLKPORT "clk" 

Report:    3.857ns delay reset to SLICE_403 (3.583ns delay and 0.274ns setup)

   Name    Fanout   Delay (ns)          Site               Resource
PADI_DEL    ---     1.132          4.PAD to        4.PADDI reset
ROUTE       172     2.451        4.PADDI to     R3C11C.LSR reset_c (to clk_c)
                  --------
                    3.583   (31.6% logic, 68.4% route), 1 logic levels.

Unconstrained Preference:
   INPUT_SETUP PORT "reset" CLKPORT "clk" 

Report:    3.857ns delay reset to SLICE_404 (3.583ns delay and 0.274ns setup)

   Name    Fanout   Delay (ns)          Site               Resource
PADI_DEL    ---     1.132          4.PAD to        4.PADDI reset
ROUTE       172     2.451        4.PADDI to     R7C13D.LSR reset_c (to clk_c)
                  --------
                    3.583   (31.6% logic, 68.4% route), 1 logic levels.

Unconstrained Preference:
   INPUT_SETUP PORT "reset" CLKPORT "clk" 

Report:    3.857ns delay reset to SLICE_405 (3.583ns delay and 0.274ns setup)

   Name    Fanout   Delay (ns)          Site               Resource
PADI_DEL    ---     1.132          4.PAD to        4.PADDI reset
ROUTE       172     2.451        4.PADDI to     R5C11C.LSR reset_c (to clk_c)
                  --------
                    3.583   (31.6% logic, 68.4% route), 1 logic levels.

Unconstrained Preference:
   INPUT_SETUP PORT "reset" CLKPORT "clk" 

Report:    3.857ns delay reset to SLICE_406 (3.583ns delay and 0.274ns setup)

   Name    Fanout   Delay (ns)          Site               Resource
PADI_DEL    ---     1.132          4.PAD to        4.PADDI reset
ROUTE       172     2.451        4.PADDI to     R4C11B.LSR reset_c (to clk_c)
                  --------
                    3.583   (31.6% logic, 68.4% route), 1 logic levels.

Unconstrained Preference:
   INPUT_SETUP PORT "reset" CLKPORT "clk" 

Report:    3.857ns delay reset to SLICE_407 (3.583ns delay and 0.274ns setup)

   Name    Fanout   Delay (ns)          Site               Resource
PADI_DEL    ---     1.132          4.PAD to        4.PADDI reset
ROUTE       172     2.451        4.PADDI to     R5C13D.LSR reset_c (to clk_c)
                  --------
                    3.583   (31.6% logic, 68.4% route), 1 logic levels.

Unconstrained Preference:
   INPUT_SETUP PORT "reset" CLKPORT "clk" 

Report:    3.857ns delay reset to SLICE_408 (3.583ns delay and 0.274ns setup)

   Name    Fanout   Delay (ns)          Site               Resource
PADI_DEL    ---     1.132          4.PAD to        4.PADDI reset
ROUTE       172     2.451        4.PADDI to     R7C14A.LSR reset_c (to clk_c)
                  --------
                    3.583   (31.6% logic, 68.4% route), 1 logic levels.

Unconstrained Preference:
   INPUT_SETUP PORT "reset" CLKPORT "clk" 

Report:    3.857ns delay reset to SLICE_409 (3.583ns delay and 0.274ns setup)

   Name    Fanout   Delay (ns)          Site               Resource
PADI_DEL    ---     1.132          4.PAD to        4.PADDI reset
ROUTE       172     2.451        4.PADDI to     R8C15D.LSR reset_c (to clk_c)
                  --------
                    3.583   (31.6% logic, 68.4% route), 1 logic levels.

Unconstrained Preference:
   INPUT_SETUP PORT "reset" CLKPORT "clk" 

Report:    3.857ns delay reset to SLICE_410 (3.583ns delay and 0.274ns setup)

   Name    Fanout   Delay (ns)          Site               Resource
PADI_DEL    ---     1.132          4.PAD to        4.PADDI reset
ROUTE       172     2.451        4.PADDI to     R7C13C.LSR reset_c (to clk_c)
                  --------
                    3.583   (31.6% logic, 68.4% route), 1 logic levels.

Unconstrained Preference:
   INPUT_SETUP PORT "reset" CLKPORT "clk" 

Report:    3.857ns delay reset to SLICE_411 (3.583ns delay and 0.274ns setup)

   Name    Fanout   Delay (ns)          Site               Resource
PADI_DEL    ---     1.132          4.PAD to        4.PADDI reset
ROUTE       172     2.451        4.PADDI to     R4C11C.LSR reset_c (to clk_c)
                  --------
                    3.583   (31.6% logic, 68.4% route), 1 logic levels.

Unconstrained Preference:
   INPUT_SETUP PORT "reset" CLKPORT "clk" 

Report:    3.857ns delay reset to SLICE_412 (3.583ns delay and 0.274ns setup)

   Name    Fanout   Delay (ns)          Site               Resource
PADI_DEL    ---     1.132          4.PAD to        4.PADDI reset
ROUTE       172     2.451        4.PADDI to     R5C11D.LSR reset_c (to clk_c)
                  --------
                    3.583   (31.6% logic, 68.4% route), 1 logic levels.

Unconstrained Preference:
   INPUT_SETUP PORT "reset" CLKPORT "clk" 

Report:    3.857ns delay reset to SLICE_413 (3.583ns delay and 0.274ns setup)

   Name    Fanout   Delay (ns)          Site               Resource
PADI_DEL    ---     1.132          4.PAD to        4.PADDI reset
ROUTE       172     2.451        4.PADDI to     R3C11B.LSR reset_c (to clk_c)
                  --------
                    3.583   (31.6% logic, 68.4% route), 1 logic levels.

Unconstrained Preference:
   INPUT_SETUP PORT "reset" CLKPORT "clk" 

Report:    3.857ns delay reset to SLICE_414 (3.583ns delay and 0.274ns setup)

   Name    Fanout   Delay (ns)          Site               Resource
PADI_DEL    ---     1.132          4.PAD to        4.PADDI reset
ROUTE       172     2.451        4.PADDI to     R9C15B.LSR reset_c (to clk_c)
                  --------
                    3.583   (31.6% logic, 68.4% route), 1 logic levels.

Unconstrained Preference:
   INPUT_SETUP PORT "reset" CLKPORT "clk" 

Report:    3.857ns delay reset to SLICE_434 (3.583ns delay and 0.274ns setup)

   Name    Fanout   Delay (ns)          Site               Resource
PADI_DEL    ---     1.132          4.PAD to        4.PADDI reset
ROUTE       172     2.451        4.PADDI to    R10C17D.LSR reset_c (to clk_c)
                  --------
                    3.583   (31.6% logic, 68.4% route), 1 logic levels.

Unconstrained Preference:
   INPUT_SETUP PORT "reset" CLKPORT "clk" 

Report:    3.857ns delay reset to SLICE_436 (3.583ns delay and 0.274ns setup)

   Name    Fanout   Delay (ns)          Site               Resource
PADI_DEL    ---     1.132          4.PAD to        4.PADDI reset
ROUTE       172     2.451        4.PADDI to     R7C18C.LSR reset_c (to clk_c)
                  --------
                    3.583   (31.6% logic, 68.4% route), 1 logic levels.

Unconstrained Preference:
   INPUT_SETUP PORT "reset" CLKPORT "clk" 

Report:    3.857ns delay reset to SLICE_457 (3.583ns delay and 0.274ns setup)

   Name    Fanout   Delay (ns)          Site               Resource
PADI_DEL    ---     1.132          4.PAD to        4.PADDI reset
ROUTE       172     2.451        4.PADDI to     R9C15C.LSR reset_c (to clk_c)
                  --------
                    3.583   (31.6% logic, 68.4% route), 1 logic levels.

Unconstrained Preference:
   INPUT_SETUP PORT "reset" CLKPORT "clk" 

Report:    3.857ns delay reset to SLICE_458 (3.583ns delay and 0.274ns setup)

   Name    Fanout   Delay (ns)          Site               Resource
PADI_DEL    ---     1.132          4.PAD to        4.PADDI reset
ROUTE       172     2.451        4.PADDI to     R7C14C.LSR reset_c (to clk_c)
                  --------
                    3.583   (31.6% logic, 68.4% route), 1 logic levels.

Unconstrained Preference:
   INPUT_SETUP PORT "reset" CLKPORT "clk" 

Report:    3.857ns delay reset to SLICE_459 (3.583ns delay and 0.274ns setup)

   Name    Fanout   Delay (ns)          Site               Resource
PADI_DEL    ---     1.132          4.PAD to        4.PADDI reset
ROUTE       172     2.451        4.PADDI to     R9C16B.LSR reset_c (to clk_c)
                  --------
                    3.583   (31.6% logic, 68.4% route), 1 logic levels.

Unconstrained Preference:
   INPUT_SETUP PORT "reset" CLKPORT "clk" 

Report:    3.857ns delay reset to SLICE_460 (3.583ns delay and 0.274ns setup)

   Name    Fanout   Delay (ns)          Site               Resource
PADI_DEL    ---     1.132          4.PAD to        4.PADDI reset
ROUTE       172     2.451        4.PADDI to     R8C14A.LSR reset_c (to clk_c)
                  --------
                    3.583   (31.6% logic, 68.4% route), 1 logic levels.

Unconstrained Preference:
   INPUT_SETUP PORT "reset" CLKPORT "clk" 

Report:    3.857ns delay reset to SLICE_480 (3.583ns delay and 0.274ns setup)

   Name    Fanout   Delay (ns)          Site               Resource
PADI_DEL    ---     1.132          4.PAD to        4.PADDI reset
ROUTE       172     2.451        4.PADDI to     R9C14D.LSR reset_c (to clk_c)
                  --------
                    3.583   (31.6% logic, 68.4% route), 1 logic levels.

Unconstrained Preference:
   INPUT_SETUP PORT "reset" CLKPORT "clk" 

Report:    3.857ns delay reset to SLICE_481 (3.583ns delay and 0.274ns setup)

   Name    Fanout   Delay (ns)          Site               Resource
PADI_DEL    ---     1.132          4.PAD to        4.PADDI reset
ROUTE       172     2.451        4.PADDI to     R9C17A.LSR reset_c (to clk_c)
                  --------
                    3.583   (31.6% logic, 68.4% route), 1 logic levels.

Unconstrained Preference:
   INPUT_SETUP PORT "reset" CLKPORT "clk" 

Report:    3.857ns delay reset to SLICE_482 (3.583ns delay and 0.274ns setup)

   Name    Fanout   Delay (ns)          Site               Resource
PADI_DEL    ---     1.132          4.PAD to        4.PADDI reset
ROUTE       172     2.451        4.PADDI to     R9C18B.LSR reset_c (to clk_c)
                  --------
                    3.583   (31.6% logic, 68.4% route), 1 logic levels.

Unconstrained Preference:
   INPUT_SETUP PORT "reset" CLKPORT "clk" 

Report:    3.857ns delay reset to SLICE_483 (3.583ns delay and 0.274ns setup)

   Name    Fanout   Delay (ns)          Site               Resource
PADI_DEL    ---     1.132          4.PAD to        4.PADDI reset
ROUTE       172     2.451        4.PADDI to      R4C9D.LSR reset_c (to clk_c)
                  --------
                    3.583   (31.6% logic, 68.4% route), 1 logic levels.

Unconstrained Preference:
   INPUT_SETUP PORT "reset" CLKPORT "clk" 

Report:    3.857ns delay reset to SLICE_484 (3.583ns delay and 0.274ns setup)

   Name    Fanout   Delay (ns)          Site               Resource
PADI_DEL    ---     1.132          4.PAD to        4.PADDI reset
ROUTE       172     2.451        4.PADDI to     R4C10D.LSR reset_c (to clk_c)
                  --------
                    3.583   (31.6% logic, 68.4% route), 1 logic levels.

Unconstrained Preference:
   INPUT_SETUP PORT "reset" CLKPORT "clk" 

Report:    3.857ns delay reset to SLICE_485 (3.583ns delay and 0.274ns setup)

   Name    Fanout   Delay (ns)          Site               Resource
PADI_DEL    ---     1.132          4.PAD to        4.PADDI reset
ROUTE       172     2.451        4.PADDI to      R5C9D.LSR reset_c (to clk_c)
                  --------
                    3.583   (31.6% logic, 68.4% route), 1 logic levels.

Unconstrained Preference:
   INPUT_SETUP PORT "reset" CLKPORT "clk" 

Report:    3.857ns delay reset to SLICE_486 (3.583ns delay and 0.274ns setup)

   Name    Fanout   Delay (ns)          Site               Resource
PADI_DEL    ---     1.132          4.PAD to        4.PADDI reset
ROUTE       172     2.451        4.PADDI to     R5C12D.LSR reset_c (to clk_c)
                  --------
                    3.583   (31.6% logic, 68.4% route), 1 logic levels.

Unconstrained Preference:
   INPUT_SETUP PORT "reset" CLKPORT "clk" 

Report:    3.857ns delay reset to SLICE_487 (3.583ns delay and 0.274ns setup)

   Name    Fanout   Delay (ns)          Site               Resource
PADI_DEL    ---     1.132          4.PAD to        4.PADDI reset
ROUTE       172     2.451        4.PADDI to     R5C11A.LSR reset_c (to clk_c)
                  --------
                    3.583   (31.6% logic, 68.4% route), 1 logic levels.

Unconstrained Preference:
   INPUT_SETUP PORT "reset" CLKPORT "clk" 

Report:    3.857ns delay reset to SLICE_488 (3.583ns delay and 0.274ns setup)

   Name    Fanout   Delay (ns)          Site               Resource
PADI_DEL    ---     1.132          4.PAD to        4.PADDI reset
ROUTE       172     2.451        4.PADDI to     R7C13A.LSR reset_c (to clk_c)
                  --------
                    3.583   (31.6% logic, 68.4% route), 1 logic levels.

Unconstrained Preference:
   INPUT_SETUP PORT "reset" CLKPORT "clk" 

Report:    3.857ns delay reset to SLICE_489 (3.583ns delay and 0.274ns setup)

   Name    Fanout   Delay (ns)          Site               Resource
PADI_DEL    ---     1.132          4.PAD to        4.PADDI reset
ROUTE       172     2.451        4.PADDI to     R7C17D.LSR reset_c (to clk_c)
                  --------
                    3.583   (31.6% logic, 68.4% route), 1 logic levels.

Unconstrained Preference:
   INPUT_SETUP PORT "reset" CLKPORT "clk" 

Report:    3.857ns delay reset to SLICE_490 (3.583ns delay and 0.274ns setup)

   Name    Fanout   Delay (ns)          Site               Resource
PADI_DEL    ---     1.132          4.PAD to        4.PADDI reset
ROUTE       172     2.451        4.PADDI to     R9C13D.LSR reset_c (to clk_c)
                  --------
                    3.583   (31.6% logic, 68.4% route), 1 logic levels.

Unconstrained Preference:
   INPUT_SETUP PORT "reset" CLKPORT "clk" 

Report:    3.857ns delay reset to SLICE_491 (3.583ns delay and 0.274ns setup)

   Name    Fanout   Delay (ns)          Site               Resource
PADI_DEL    ---     1.132          4.PAD to        4.PADDI reset
ROUTE       172     2.451        4.PADDI to     R8C15C.LSR reset_c (to clk_c)
                  --------
                    3.583   (31.6% logic, 68.4% route), 1 logic levels.

Unconstrained Preference:
   INPUT_SETUP PORT "reset" CLKPORT "clk" 

Report:    3.857ns delay reset to SLICE_492 (3.583ns delay and 0.274ns setup)

   Name    Fanout   Delay (ns)          Site               Resource
PADI_DEL    ---     1.132          4.PAD to        4.PADDI reset
ROUTE       172     2.451        4.PADDI to     R8C14C.LSR reset_c (to clk_c)
                  --------
                    3.583   (31.6% logic, 68.4% route), 1 logic levels.

Unconstrained Preference:
   INPUT_SETUP PORT "reset" CLKPORT "clk" 

Report:    3.857ns delay reset to SLICE_493 (3.583ns delay and 0.274ns setup)

   Name    Fanout   Delay (ns)          Site               Resource
PADI_DEL    ---     1.132          4.PAD to        4.PADDI reset
ROUTE       172     2.451        4.PADDI to      R3C8B.LSR reset_c (to clk_c)
                  --------
                    3.583   (31.6% logic, 68.4% route), 1 logic levels.

Unconstrained Preference:
   INPUT_SETUP PORT "reset" CLKPORT "clk" 

Report:    3.857ns delay reset to SLICE_494 (3.583ns delay and 0.274ns setup)

   Name    Fanout   Delay (ns)          Site               Resource
PADI_DEL    ---     1.132          4.PAD to        4.PADDI reset
ROUTE       172     2.451        4.PADDI to      R3C8D.LSR reset_c (to clk_c)
                  --------
                    3.583   (31.6% logic, 68.4% route), 1 logic levels.

Unconstrained Preference:
   INPUT_SETUP PORT "reset" CLKPORT "clk" 

Report:    3.857ns delay reset to SLICE_495 (3.583ns delay and 0.274ns setup)

   Name    Fanout   Delay (ns)          Site               Resource
PADI_DEL    ---     1.132          4.PAD to        4.PADDI reset
ROUTE       172     2.451        4.PADDI to      R2C8C.LSR reset_c (to clk_c)
                  --------
                    3.583   (31.6% logic, 68.4% route), 1 logic levels.

Unconstrained Preference:
   INPUT_SETUP PORT "reset" CLKPORT "clk" 

Report:    3.857ns delay reset to SLICE_496 (3.583ns delay and 0.274ns setup)

   Name    Fanout   Delay (ns)          Site               Resource
PADI_DEL    ---     1.132          4.PAD to        4.PADDI reset
ROUTE       172     2.451        4.PADDI to     R9C13B.LSR reset_c (to clk_c)
                  --------
                    3.583   (31.6% logic, 68.4% route), 1 logic levels.

Unconstrained Preference:
   INPUT_SETUP PORT "reset" CLKPORT "clk" 

Report:    3.857ns delay reset to SLICE_499 (3.583ns delay and 0.274ns setup)

   Name    Fanout   Delay (ns)          Site               Resource
PADI_DEL    ---     1.132          4.PAD to        4.PADDI reset
ROUTE       172     2.451        4.PADDI to     R8C14D.LSR reset_c (to clk_c)
                  --------
                    3.583   (31.6% logic, 68.4% route), 1 logic levels.

Unconstrained Preference:
   INPUT_SETUP PORT "reset" CLKPORT "clk" 

Report:    3.857ns delay reset to SLICE_65 (3.583ns delay and 0.274ns setup)

   Name    Fanout   Delay (ns)          Site               Resource
PADI_DEL    ---     1.132          4.PAD to        4.PADDI reset
ROUTE       172     2.451        4.PADDI to     R3C11A.LSR reset_c (to clk_c)
                  --------
                    3.583   (31.6% logic, 68.4% route), 1 logic levels.

Unconstrained Preference:
   INPUT_SETUP PORT "reset" CLKPORT "clk" 

Report:    3.857ns delay reset to SLICE_66 (3.583ns delay and 0.274ns setup)

   Name    Fanout   Delay (ns)          Site               Resource
PADI_DEL    ---     1.132          4.PAD to        4.PADDI reset
ROUTE       172     2.451        4.PADDI to     R3C11D.LSR reset_c (to clk_c)
                  --------
                    3.583   (31.6% logic, 68.4% route), 1 logic levels.

Unconstrained Preference:
   INPUT_SETUP PORT "reset" CLKPORT "clk" 

Report:    3.857ns delay reset to SLICE_67 (3.583ns delay and 0.274ns setup)

   Name    Fanout   Delay (ns)          Site               Resource
PADI_DEL    ---     1.132          4.PAD to        4.PADDI reset
ROUTE       172     2.451        4.PADDI to     R2C10B.LSR reset_c (to clk_c)
                  --------
                    3.583   (31.6% logic, 68.4% route), 1 logic levels.

Unconstrained Preference:
   INPUT_SETUP PORT "reset" CLKPORT "clk" 

Report:    3.857ns delay reset to SLICE_68 (3.583ns delay and 0.274ns setup)

   Name    Fanout   Delay (ns)          Site               Resource
PADI_DEL    ---     1.132          4.PAD to        4.PADDI reset
ROUTE       172     2.451        4.PADDI to      R2C8A.LSR reset_c (to clk_c)
                  --------
                    3.583   (31.6% logic, 68.4% route), 1 logic levels.

Unconstrained Preference:
   INPUT_SETUP PORT "reset" CLKPORT "clk" 

Report:    3.857ns delay reset to SLICE_69 (3.583ns delay and 0.274ns setup)

   Name    Fanout   Delay (ns)          Site               Resource
PADI_DEL    ---     1.132          4.PAD to        4.PADDI reset
ROUTE       172     2.451        4.PADDI to      R3C8A.LSR reset_c (to clk_c)
                  --------
                    3.583   (31.6% logic, 68.4% route), 1 logic levels.

Unconstrained Preference:
   INPUT_SETUP PORT "reset" CLKPORT "clk" 

Report:    3.857ns delay reset to SLICE_70 (3.583ns delay and 0.274ns setup)

   Name    Fanout   Delay (ns)          Site               Resource
PADI_DEL    ---     1.132          4.PAD to        4.PADDI reset
ROUTE       172     2.451        4.PADDI to      R3C7C.LSR reset_c (to clk_c)
                  --------
                    3.583   (31.6% logic, 68.4% route), 1 logic levels.

Unconstrained Preference:
   INPUT_SETUP PORT "reset" CLKPORT "clk" 

Report:    3.857ns delay reset to SLICE_71 (3.583ns delay and 0.274ns setup)

   Name    Fanout   Delay (ns)          Site               Resource
PADI_DEL    ---     1.132          4.PAD to        4.PADDI reset
ROUTE       172     2.451        4.PADDI to      R4C6A.LSR reset_c (to clk_c)
                  --------
                    3.583   (31.6% logic, 68.4% route), 1 logic levels.

Unconstrained Preference:
   INPUT_SETUP PORT "reset" CLKPORT "clk" 

Report:    3.857ns delay reset to SLICE_72 (3.583ns delay and 0.274ns setup)

   Name    Fanout   Delay (ns)          Site               Resource
PADI_DEL    ---     1.132          4.PAD to        4.PADDI reset
ROUTE       172     2.451        4.PADDI to      R4C6D.LSR reset_c (to clk_c)
                  --------
                    3.583   (31.6% logic, 68.4% route), 1 logic levels.

Unconstrained Preference:
   INPUT_SETUP PORT "reset" CLKPORT "clk" 

Report:    3.857ns delay reset to SLICE_73 (3.583ns delay and 0.274ns setup)

   Name    Fanout   Delay (ns)          Site               Resource
PADI_DEL    ---     1.132          4.PAD to        4.PADDI reset
ROUTE       172     2.451        4.PADDI to      R3C7B.LSR reset_c (to clk_c)
                  --------
                    3.583   (31.6% logic, 68.4% route), 1 logic levels.

Unconstrained Preference:
   INPUT_SETUP PORT "reset" CLKPORT "clk" 

Report:    3.857ns delay reset to SLICE_74 (3.583ns delay and 0.274ns setup)

   Name    Fanout   Delay (ns)          Site               Resource
PADI_DEL    ---     1.132          4.PAD to        4.PADDI reset
ROUTE       172     2.451        4.PADDI to      R4C8D.LSR reset_c (to clk_c)
                  --------
                    3.583   (31.6% logic, 68.4% route), 1 logic levels.

Unconstrained Preference:
   INPUT_SETUP PORT "reset" CLKPORT "clk" 

Report:    3.857ns delay reset to SLICE_75 (3.583ns delay and 0.274ns setup)

   Name    Fanout   Delay (ns)          Site               Resource
PADI_DEL    ---     1.132          4.PAD to        4.PADDI reset
ROUTE       172     2.451        4.PADDI to     R5C10B.LSR reset_c (to clk_c)
                  --------
                    3.583   (31.6% logic, 68.4% route), 1 logic levels.

Unconstrained Preference:
   INPUT_SETUP PORT "reset" CLKPORT "clk" 

Report:    3.857ns delay reset to SLICE_76 (3.583ns delay and 0.274ns setup)

   Name    Fanout   Delay (ns)          Site               Resource
PADI_DEL    ---     1.132          4.PAD to        4.PADDI reset
ROUTE       172     2.451        4.PADDI to      R5C8D.LSR reset_c (to clk_c)
                  --------
                    3.583   (31.6% logic, 68.4% route), 1 logic levels.

Unconstrained Preference:
   INPUT_SETUP PORT "reset" CLKPORT "clk" 

Report:    3.857ns delay reset to core/engine/status/SLICE_138 (3.583ns delay and 0.274ns setup)

   Name    Fanout   Delay (ns)          Site               Resource
PADI_DEL    ---     1.132          4.PAD to        4.PADDI reset
ROUTE       172     2.451        4.PADDI to     R7C12A.LSR reset_c (to clk_c)
                  --------
                    3.583   (31.6% logic, 68.4% route), 1 logic levels.

Unconstrained Preference:
   INPUT_SETUP PORT "reset" CLKPORT "clk" 

Report:    3.857ns delay reset to core/engine/dp/SLICE_158 (3.583ns delay and 0.274ns setup)

   Name    Fanout   Delay (ns)          Site               Resource
PADI_DEL    ---     1.132          4.PAD to        4.PADDI reset
ROUTE       172     2.451        4.PADDI to      R3C6A.LSR reset_c (to clk_c)
                  --------
                    3.583   (31.6% logic, 68.4% route), 1 logic levels.

Unconstrained Preference:
   INPUT_SETUP PORT "reset" CLKPORT "clk" 

Report:    3.857ns delay reset to core/engine/dp/SLICE_154 (3.583ns delay and 0.274ns setup)

   Name    Fanout   Delay (ns)          Site               Resource
PADI_DEL    ---     1.132          4.PAD to        4.PADDI reset
ROUTE       172     2.451        4.PADDI to      R5C7B.LSR reset_c (to clk_c)
                  --------
                    3.583   (31.6% logic, 68.4% route), 1 logic levels.

Unconstrained Preference:
   INPUT_SETUP PORT "reset" CLKPORT "clk" 

Report:    3.857ns delay reset to core/engine/SLICE_146 (3.583ns delay and 0.274ns setup)

   Name    Fanout   Delay (ns)          Site               Resource
PADI_DEL    ---     1.132          4.PAD to        4.PADDI reset
ROUTE       172     2.451        4.PADDI to      R9C6C.LSR reset_c (to clk_c)
                  --------
                    3.583   (31.6% logic, 68.4% route), 1 logic levels.

Unconstrained Preference:
   INPUT_SETUP PORT "reset" CLKPORT "clk" 

Report:    3.857ns delay reset to core/engine/seq/SLICE_44 (3.583ns delay and 0.274ns setup)

   Name    Fanout   Delay (ns)          Site               Resource
PADI_DEL    ---     1.132          4.PAD to        4.PADDI reset
ROUTE       172     2.451        4.PADDI to     R3C13A.LSR reset_c (to clk_c)
                  --------
                    3.583   (31.6% logic, 68.4% route), 1 logic levels.

Unconstrained Preference:
   INPUT_SETUP PORT "reset" CLKPORT "clk" 

Report:    3.857ns delay reset to core/engine/SLICE_230 (3.583ns delay and 0.274ns setup)

   Name    Fanout   Delay (ns)          Site               Resource
PADI_DEL    ---     1.132          4.PAD to        4.PADDI reset
ROUTE       172     2.451        4.PADDI to     R5C10C.LSR reset_c (to clk_c)
                  --------
                    3.583   (31.6% logic, 68.4% route), 1 logic levels.

Unconstrained Preference:
   INPUT_SETUP PORT "reset" CLKPORT "clk" 

Report:    3.857ns delay reset to core/engine/dp/SLICE_150 (3.583ns delay and 0.274ns setup)

   Name    Fanout   Delay (ns)          Site               Resource
PADI_DEL    ---     1.132          4.PAD to        4.PADDI reset
ROUTE       172     2.451        4.PADDI to     R9C11C.LSR reset_c (to clk_c)
                  --------
                    3.583   (31.6% logic, 68.4% route), 1 logic levels.

Unconstrained Preference:
   INPUT_SETUP PORT "reset" CLKPORT "clk" 

Report:    3.857ns delay reset to core/engine/seq/SLICE_2 (3.583ns delay and 0.274ns setup)

   Name    Fanout   Delay (ns)          Site               Resource
PADI_DEL    ---     1.132          4.PAD to        4.PADDI reset
ROUTE       172     2.451        4.PADDI to     R4C18A.LSR reset_c (to clk_c)
                  --------
                    3.583   (31.6% logic, 68.4% route), 1 logic levels.

Unconstrained Preference:
   INPUT_SETUP PORT "reset" CLKPORT "clk" 

Report:    3.857ns delay reset to core/engine/seq/SLICE_177 (3.583ns delay and 0.274ns setup)

   Name    Fanout   Delay (ns)          Site               Resource
PADI_DEL    ---     1.132          4.PAD to        4.PADDI reset
ROUTE       172     2.451        4.PADDI to     R5C17D.LSR reset_c (to clk_c)
                  --------
                    3.583   (31.6% logic, 68.4% route), 1 logic levels.

Unconstrained Preference:
   INPUT_SETUP PORT "reset" CLKPORT "clk" 

Report:    3.857ns delay reset to core/engine/SLICE_142 (3.583ns delay and 0.274ns setup)

   Name    Fanout   Delay (ns)          Site               Resource
PADI_DEL    ---     1.132          4.PAD to        4.PADDI reset
ROUTE       172     2.451        4.PADDI to      R5C7A.LSR reset_c (to clk_c)
                  --------
                    3.583   (31.6% logic, 68.4% route), 1 logic levels.

Unconstrained Preference:
   INPUT_SETUP PORT "reset" CLKPORT "clk" 

Report:    3.857ns delay reset to core/SLICE_355 (3.583ns delay and 0.274ns setup)

   Name    Fanout   Delay (ns)          Site               Resource
PADI_DEL    ---     1.132          4.PAD to        4.PADDI reset
ROUTE       172     2.451        4.PADDI to    R10C13D.LSR reset_c (to clk_c)
                  --------
                    3.583   (31.6% logic, 68.4% route), 1 logic levels.

Unconstrained Preference:
   INPUT_SETUP PORT "reset" CLKPORT "clk" 

Report:    3.857ns delay reset to core/engine/SLICE_39 (3.583ns delay and 0.274ns setup)

   Name    Fanout   Delay (ns)          Site               Resource
PADI_DEL    ---     1.132          4.PAD to        4.PADDI reset
ROUTE       172     2.451        4.PADDI to     R3C12D.LSR reset_c (to clk_c)
                  --------
                    3.583   (31.6% logic, 68.4% route), 1 logic levels.

Unconstrained Preference:
   INPUT_SETUP PORT "reset" CLKPORT "clk" 

Report:    3.857ns delay reset to core/engine/SLICE_58 (3.583ns delay and 0.274ns setup)

   Name    Fanout   Delay (ns)          Site               Resource
PADI_DEL    ---     1.132          4.PAD to        4.PADDI reset
ROUTE       172     2.451        4.PADDI to     R8C13D.LSR reset_c (to clk_c)
                  --------
                    3.583   (31.6% logic, 68.4% route), 1 logic levels.

Unconstrained Preference:
   INPUT_SETUP PORT "reset" CLKPORT "clk" 

Report:    3.857ns delay reset to core/engine/SLICE_359 (3.583ns delay and 0.274ns setup)

   Name    Fanout   Delay (ns)          Site               Resource
PADI_DEL    ---     1.132          4.PAD to        4.PADDI reset
ROUTE       172     2.451        4.PADDI to     R2C15A.LSR reset_c (to clk_c)
                  --------
                    3.583   (31.6% logic, 68.4% route), 1 logic levels.

Unconstrained Preference:
   INPUT_SETUP PORT "reset" CLKPORT "clk" 

Report:    3.857ns delay reset to core/engine/SLICE_56 (3.583ns delay and 0.274ns setup)

   Name    Fanout   Delay (ns)          Site               Resource
PADI_DEL    ---     1.132          4.PAD to        4.PADDI reset
ROUTE       172     2.451        4.PADDI to     R8C13C.LSR reset_c (to clk_c)
                  --------
                    3.583   (31.6% logic, 68.4% route), 1 logic levels.

Unconstrained Preference:
   INPUT_SETUP PORT "reset" CLKPORT "clk" 

Report:    3.857ns delay reset to core/engine/seq/SLICE_4 (3.583ns delay and 0.274ns setup)

   Name    Fanout   Delay (ns)          Site               Resource
PADI_DEL    ---     1.132          4.PAD to        4.PADDI reset
ROUTE       172     2.451        4.PADDI to     R4C17C.LSR reset_c (to clk_c)
                  --------
                    3.583   (31.6% logic, 68.4% route), 1 logic levels.

Unconstrained Preference:
   INPUT_SETUP PORT "reset" CLKPORT "clk" 

Report:    3.857ns delay reset to core/engine/dp/SLICE_156 (3.583ns delay and 0.274ns setup)

   Name    Fanout   Delay (ns)          Site               Resource
PADI_DEL    ---     1.132          4.PAD to        4.PADDI reset
ROUTE       172     2.451        4.PADDI to      R5C7D.LSR reset_c (to clk_c)
                  --------
                    3.583   (31.6% logic, 68.4% route), 1 logic levels.

Unconstrained Preference:
   INPUT_SETUP PORT "reset" CLKPORT "clk" 

Report:    3.857ns delay reset to core/engine/seq/SLICE_175 (3.583ns delay and 0.274ns setup)

   Name    Fanout   Delay (ns)          Site               Resource
PADI_DEL    ---     1.132          4.PAD to        4.PADDI reset
ROUTE       172     2.451        4.PADDI to     R4C15A.LSR reset_c (to clk_c)
                  --------
                    3.583   (31.6% logic, 68.4% route), 1 logic levels.

Unconstrained Preference:
   INPUT_SETUP PORT "reset" CLKPORT "clk" 

Report:    3.857ns delay reset to core/engine/SLICE_140 (3.583ns delay and 0.274ns setup)

   Name    Fanout   Delay (ns)          Site               Resource
PADI_DEL    ---     1.132          4.PAD to        4.PADDI reset
ROUTE       172     2.451        4.PADDI to      R8C7A.LSR reset_c (to clk_c)
                  --------
                    3.583   (31.6% logic, 68.4% route), 1 logic levels.

Unconstrained Preference:
   INPUT_SETUP PORT "reset" CLKPORT "clk" 

Report:    3.857ns delay reset to core/engine/SLICE_144 (3.583ns delay and 0.274ns setup)

   Name    Fanout   Delay (ns)          Site               Resource
PADI_DEL    ---     1.132          4.PAD to        4.PADDI reset
ROUTE       172     2.451        4.PADDI to      R5C5D.LSR reset_c (to clk_c)
                  --------
                    3.583   (31.6% logic, 68.4% route), 1 logic levels.

Unconstrained Preference:
   INPUT_SETUP PORT "reset" CLKPORT "clk" 

Report:    3.857ns delay reset to core/engine/SLICE_148 (3.583ns delay and 0.274ns setup)

   Name    Fanout   Delay (ns)          Site               Resource
PADI_DEL    ---     1.132          4.PAD to        4.PADDI reset
ROUTE       172     2.451        4.PADDI to      R8C5C.LSR reset_c (to clk_c)
                  --------
                    3.583   (31.6% logic, 68.4% route), 1 logic levels.

Unconstrained Preference:
   INPUT_SETUP PORT "reset" CLKPORT "clk" 

Report:    3.857ns delay reset to core/engine/SLICE_286 (3.583ns delay and 0.274ns setup)

   Name    Fanout   Delay (ns)          Site               Resource
PADI_DEL    ---     1.132          4.PAD to        4.PADDI reset
ROUTE       172     2.451        4.PADDI to     R4C13C.LSR reset_c (to clk_c)
                  --------
                    3.583   (31.6% logic, 68.4% route), 1 logic levels.

Unconstrained Preference:
   INPUT_SETUP PORT "reset" CLKPORT "clk" 

Report:    3.857ns delay reset to core/engine/seq/SLICE_179 (3.583ns delay and 0.274ns setup)

   Name    Fanout   Delay (ns)          Site               Resource
PADI_DEL    ---     1.132          4.PAD to        4.PADDI reset
ROUTE       172     2.451        4.PADDI to     R4C16D.LSR reset_c (to clk_c)
                  --------
                    3.583   (31.6% logic, 68.4% route), 1 logic levels.

Unconstrained Preference:
   INPUT_SETUP PORT "reset" CLKPORT "clk" 

Report:    3.857ns delay reset to core/engine/SLICE_136 (3.583ns delay and 0.274ns setup)

   Name    Fanout   Delay (ns)          Site               Resource
PADI_DEL    ---     1.132          4.PAD to        4.PADDI reset
ROUTE       172     2.451        4.PADDI to     R4C11A.LSR reset_c (to clk_c)
                  --------
                    3.583   (31.6% logic, 68.4% route), 1 logic levels.

Unconstrained Preference:
   INPUT_SETUP PORT "reset" CLKPORT "clk" 

Report:    3.857ns delay reset to core/engine/SLICE_41 (3.583ns delay and 0.274ns setup)

   Name    Fanout   Delay (ns)          Site               Resource
PADI_DEL    ---     1.132          4.PAD to        4.PADDI reset
ROUTE       172     2.451        4.PADDI to     R2C14A.LSR reset_c (to clk_c)
                  --------
                    3.583   (31.6% logic, 68.4% route), 1 logic levels.

Unconstrained Preference:
   INPUT_SETUP PORT "reset" CLKPORT "clk" 

Report:    3.857ns delay reset to core/engine/dp/SLICE_152 (3.583ns delay and 0.274ns setup)

   Name    Fanout   Delay (ns)          Site               Resource
PADI_DEL    ---     1.132          4.PAD to        4.PADDI reset
ROUTE       172     2.451        4.PADDI to      R2C7B.LSR reset_c (to clk_c)
                  --------
                    3.583   (31.6% logic, 68.4% route), 1 logic levels.

Unconstrained Preference:
   INPUT_SETUP PORT "reset" CLKPORT "clk" 

Report:    3.857ns delay reset to core/engine/SLICE_145 (3.583ns delay and 0.274ns setup)

   Name    Fanout   Delay (ns)          Site               Resource
PADI_DEL    ---     1.132          4.PAD to        4.PADDI reset
ROUTE       172     2.451        4.PADDI to      R7C4C.LSR reset_c (to clk_c)
                  --------
                    3.583   (31.6% logic, 68.4% route), 1 logic levels.

Unconstrained Preference:
   INPUT_SETUP PORT "reset" CLKPORT "clk" 

Report:    3.857ns delay reset to core/engine/SLICE_159 (3.583ns delay and 0.274ns setup)

   Name    Fanout   Delay (ns)          Site               Resource
PADI_DEL    ---     1.132          4.PAD to        4.PADDI reset
ROUTE       172     2.451        4.PADDI to     R3C12A.LSR reset_c (to clk_c)
                  --------
                    3.583   (31.6% logic, 68.4% route), 1 logic levels.

Unconstrained Preference:
   INPUT_SETUP PORT "reset" CLKPORT "clk" 

Report:    3.857ns delay reset to core/engine/seq/SLICE_3 (3.583ns delay and 0.274ns setup)

   Name    Fanout   Delay (ns)          Site               Resource
PADI_DEL    ---     1.132          4.PAD to        4.PADDI reset
ROUTE       172     2.451        4.PADDI to     R4C17D.LSR reset_c (to clk_c)
                  --------
                    3.583   (31.6% logic, 68.4% route), 1 logic levels.

Unconstrained Preference:
   INPUT_SETUP PORT "reset" CLKPORT "clk" 

Report:    3.857ns delay reset to core/engine/SLICE_57 (3.583ns delay and 0.274ns setup)

   Name    Fanout   Delay (ns)          Site               Resource
PADI_DEL    ---     1.132          4.PAD to        4.PADDI reset
ROUTE       172     2.451        4.PADDI to     R8C13B.LSR reset_c (to clk_c)
                  --------
                    3.583   (31.6% logic, 68.4% route), 1 logic levels.

Unconstrained Preference:
   INPUT_SETUP PORT "reset" CLKPORT "clk" 

Report:    3.857ns delay reset to core/engine/dp/SLICE_149 (3.583ns delay and 0.274ns setup)

   Name    Fanout   Delay (ns)          Site               Resource
PADI_DEL    ---     1.132          4.PAD to        4.PADDI reset
ROUTE       172     2.451        4.PADDI to     R7C12D.LSR reset_c (to clk_c)
                  --------
                    3.583   (31.6% logic, 68.4% route), 1 logic levels.

Unconstrained Preference:
   INPUT_SETUP PORT "reset" CLKPORT "clk" 

Report:    3.857ns delay reset to core/engine/SLICE_46 (3.583ns delay and 0.274ns setup)

   Name    Fanout   Delay (ns)          Site               Resource
PADI_DEL    ---     1.132          4.PAD to        4.PADDI reset
ROUTE       172     2.451        4.PADDI to     R2C13D.LSR reset_c (to clk_c)
                  --------
                    3.583   (31.6% logic, 68.4% route), 1 logic levels.

Unconstrained Preference:
   INPUT_SETUP PORT "reset" CLKPORT "clk" 

Report:    3.857ns delay reset to core/engine/SLICE_59 (3.583ns delay and 0.274ns setup)

   Name    Fanout   Delay (ns)          Site               Resource
PADI_DEL    ---     1.132          4.PAD to        4.PADDI reset
ROUTE       172     2.451        4.PADDI to     R8C12C.LSR reset_c (to clk_c)
                  --------
                    3.583   (31.6% logic, 68.4% route), 1 logic levels.

Unconstrained Preference:
   INPUT_SETUP PORT "reset" CLKPORT "clk" 

Report:    3.857ns delay reset to core/engine/seq/SLICE_5 (3.583ns delay and 0.274ns setup)

   Name    Fanout   Delay (ns)          Site               Resource
PADI_DEL    ---     1.132          4.PAD to        4.PADDI reset
ROUTE       172     2.451        4.PADDI to     R4C17B.LSR reset_c (to clk_c)
                  --------
                    3.583   (31.6% logic, 68.4% route), 1 logic levels.

Unconstrained Preference:
   INPUT_SETUP PORT "reset" CLKPORT "clk" 

Report:    3.857ns delay reset to core/engine/seq/SLICE_43 (3.583ns delay and 0.274ns setup)

   Name    Fanout   Delay (ns)          Site               Resource
PADI_DEL    ---     1.132          4.PAD to        4.PADDI reset
ROUTE       172     2.451        4.PADDI to     R4C18D.LSR reset_c (to clk_c)
                  --------
                    3.583   (31.6% logic, 68.4% route), 1 logic levels.

Unconstrained Preference:
   INPUT_SETUP PORT "reset" CLKPORT "clk" 

Report:    3.857ns delay reset to core/engine/status/SLICE_137 (3.583ns delay and 0.274ns setup)

   Name    Fanout   Delay (ns)          Site               Resource
PADI_DEL    ---     1.132          4.PAD to        4.PADDI reset
ROUTE       172     2.451        4.PADDI to     R8C12A.LSR reset_c (to clk_c)
                  --------
                    3.583   (31.6% logic, 68.4% route), 1 logic levels.

Unconstrained Preference:
   INPUT_SETUP PORT "reset" CLKPORT "clk" 

Report:    3.857ns delay reset to core/engine/dp/SLICE_153 (3.583ns delay and 0.274ns setup)

   Name    Fanout   Delay (ns)          Site               Resource
PADI_DEL    ---     1.132          4.PAD to        4.PADDI reset
ROUTE       172     2.451        4.PADDI to     R10C7B.LSR reset_c (to clk_c)
                  --------
                    3.583   (31.6% logic, 68.4% route), 1 logic levels.

Unconstrained Preference:
   INPUT_SETUP PORT "reset" CLKPORT "clk" 

Report:    3.857ns delay reset to core/engine/dp/SLICE_157 (3.583ns delay and 0.274ns setup)

   Name    Fanout   Delay (ns)          Site               Resource
PADI_DEL    ---     1.132          4.PAD to        4.PADDI reset
ROUTE       172     2.451        4.PADDI to      R2C6C.LSR reset_c (to clk_c)
                  --------
                    3.583   (31.6% logic, 68.4% route), 1 logic levels.

Unconstrained Preference:
   INPUT_SETUP PORT "reset" CLKPORT "clk" 

Report:    3.857ns delay reset to core/engine/seq/SLICE_176 (3.583ns delay and 0.274ns setup)

   Name    Fanout   Delay (ns)          Site               Resource
PADI_DEL    ---     1.132          4.PAD to        4.PADDI reset
ROUTE       172     2.451        4.PADDI to     R5C17A.LSR reset_c (to clk_c)
                  --------
                    3.583   (31.6% logic, 68.4% route), 1 logic levels.

Unconstrained Preference:
   INPUT_SETUP PORT "reset" CLKPORT "clk" 

Report:    3.857ns delay reset to core/engine/SLICE_221 (3.583ns delay and 0.274ns setup)

   Name    Fanout   Delay (ns)          Site               Resource
PADI_DEL    ---     1.132          4.PAD to        4.PADDI reset
ROUTE       172     2.451        4.PADDI to     R9C12B.LSR reset_c (to clk_c)
                  --------
                    3.583   (31.6% logic, 68.4% route), 1 logic levels.

Unconstrained Preference:
   INPUT_SETUP PORT "reset" CLKPORT "clk" 

Report:    3.857ns delay reset to core/engine/dp/SLICE_155 (3.583ns delay and 0.274ns setup)

   Name    Fanout   Delay (ns)          Site               Resource
PADI_DEL    ---     1.132          4.PAD to        4.PADDI reset
ROUTE       172     2.451        4.PADDI to      R2C7C.LSR reset_c (to clk_c)
                  --------
                    3.583   (31.6% logic, 68.4% route), 1 logic levels.

Unconstrained Preference:
   INPUT_SETUP PORT "reset" CLKPORT "clk" 

Report:    3.857ns delay reset to core/engine/SLICE_143 (3.583ns delay and 0.274ns setup)

   Name    Fanout   Delay (ns)          Site               Resource
PADI_DEL    ---     1.132          4.PAD to        4.PADDI reset
ROUTE       172     2.451        4.PADDI to      R7C6B.LSR reset_c (to clk_c)
                  --------
                    3.583   (31.6% logic, 68.4% route), 1 logic levels.

Unconstrained Preference:
   INPUT_SETUP PORT "reset" CLKPORT "clk" 

Report:    3.857ns delay reset to core/engine/SLICE_147 (3.583ns delay and 0.274ns setup)

   Name    Fanout   Delay (ns)          Site               Resource
PADI_DEL    ---     1.132          4.PAD to        4.PADDI reset
ROUTE       172     2.451        4.PADDI to     R10C5A.LSR reset_c (to clk_c)
                  --------
                    3.583   (31.6% logic, 68.4% route), 1 logic levels.

Unconstrained Preference:
   INPUT_SETUP PORT "reset" CLKPORT "clk" 

Report:    3.857ns delay reset to core/engine/seq/SLICE_178 (3.583ns delay and 0.274ns setup)

   Name    Fanout   Delay (ns)          Site               Resource
PADI_DEL    ---     1.132          4.PAD to        4.PADDI reset
ROUTE       172     2.451        4.PADDI to     R5C16D.LSR reset_c (to clk_c)
                  --------
                    3.583   (31.6% logic, 68.4% route), 1 logic levels.

Unconstrained Preference:
   INPUT_SETUP PORT "reset" CLKPORT "clk" 

Report:    3.857ns delay reset to core/engine/SLICE_231 (3.583ns delay and 0.274ns setup)

   Name    Fanout   Delay (ns)          Site               Resource
PADI_DEL    ---     1.132          4.PAD to        4.PADDI reset
ROUTE       172     2.451        4.PADDI to     R8C13A.LSR reset_c (to clk_c)
                  --------
                    3.583   (31.6% logic, 68.4% route), 1 logic levels.

Unconstrained Preference:
   INPUT_SETUP PORT "reset" CLKPORT "clk" 

Report:    3.857ns delay reset to core/SLICE_356 (3.583ns delay and 0.274ns setup)

   Name    Fanout   Delay (ns)          Site               Resource
PADI_DEL    ---     1.132          4.PAD to        4.PADDI reset
ROUTE       172     2.451        4.PADDI to    R10C13A.LSR reset_c (to clk_c)
                  --------
                    3.583   (31.6% logic, 68.4% route), 1 logic levels.

Unconstrained Preference:
   INPUT_SETUP PORT "reset" CLKPORT "clk" 

Report:    3.857ns delay reset to core/engine/dp/SLICE_151 (3.583ns delay and 0.274ns setup)

   Name    Fanout   Delay (ns)          Site               Resource
PADI_DEL    ---     1.132          4.PAD to        4.PADDI reset
ROUTE       172     2.451        4.PADDI to     R10C7D.LSR reset_c (to clk_c)
                  --------
                    3.583   (31.6% logic, 68.4% route), 1 logic levels.

Unconstrained Preference:
   INPUT_SETUP PORT "reset" CLKPORT "clk" 

Report:    3.857ns delay reset to core/engine/SLICE_287 (3.583ns delay and 0.274ns setup)

   Name    Fanout   Delay (ns)          Site               Resource
PADI_DEL    ---     1.132          4.PAD to        4.PADDI reset
ROUTE       172     2.451        4.PADDI to     R5C13B.LSR reset_c (to clk_c)
                  --------
                    3.583   (31.6% logic, 68.4% route), 1 logic levels.

Unconstrained Preference:
   INPUT_SETUP PORT "reset" CLKPORT "clk" 

Report:    3.857ns delay reset to core/engine/SLICE_40 (3.583ns delay and 0.274ns setup)

   Name    Fanout   Delay (ns)          Site               Resource
PADI_DEL    ---     1.132          4.PAD to        4.PADDI reset
ROUTE       172     2.451        4.PADDI to     R4C13D.LSR reset_c (to clk_c)
                  --------
                    3.583   (31.6% logic, 68.4% route), 1 logic levels.

Unconstrained Preference:
   INPUT_SETUP PORT "reset" CLKPORT "clk" 

Report:    3.857ns delay reset to core/engine/seq/SLICE_1 (3.583ns delay and 0.274ns setup)

   Name    Fanout   Delay (ns)          Site               Resource
PADI_DEL    ---     1.132          4.PAD to        4.PADDI reset
ROUTE       172     2.451        4.PADDI to     R4C18B.LSR reset_c (to clk_c)
                  --------
                    3.583   (31.6% logic, 68.4% route), 1 logic levels.

Unconstrained Preference:
   INPUT_SETUP PORT "reset" CLKPORT "clk" 

Report:    3.857ns delay reset to core/engine/SLICE_456 (3.583ns delay and 0.274ns setup)

   Name    Fanout   Delay (ns)          Site               Resource
PADI_DEL    ---     1.132          4.PAD to        4.PADDI reset
ROUTE       172     2.451        4.PADDI to     R5C12C.LSR reset_c (to clk_c)
                  --------
                    3.583   (31.6% logic, 68.4% route), 1 logic levels.

Unconstrained Preference:
   INPUT_SETUP PORT "reset" CLKPORT "clk" 

Report:    3.857ns delay reset to core/engine/SLICE_141 (3.583ns delay and 0.274ns setup)

   Name    Fanout   Delay (ns)          Site               Resource
PADI_DEL    ---     1.132          4.PAD to        4.PADDI reset
ROUTE       172     2.451        4.PADDI to      R9C6A.LSR reset_c (to clk_c)
                  --------
                    3.583   (31.6% logic, 68.4% route), 1 logic levels.

Unconstrained Preference:
   INPUT_SETUP PORT "reset" CLKPORT "clk" 

Report:    3.857ns delay reset to core/engine/SLICE_139 (3.583ns delay and 0.274ns setup)

   Name    Fanout   Delay (ns)          Site               Resource
PADI_DEL    ---     1.132          4.PAD to        4.PADDI reset
ROUTE       172     2.451        4.PADDI to     R10C7A.LSR reset_c (to clk_c)
                  --------
                    3.583   (31.6% logic, 68.4% route), 1 logic levels.

Unconstrained Preference:
   INPUT_SETUP PORT "reset" CLKPORT "clk" 

Report:    3.805ns delay reset to serial_in_MGIOL (3.722ns delay and 0.083ns setup)

   Name    Fanout   Delay (ns)          Site               Resource
PADI_DEL    ---     1.132          4.PAD to        4.PADDI reset
ROUTE       172     2.590        4.PADDI to   IOL_B11B.LSR reset_c (to clk_c)
                  --------
                    3.722   (30.4% logic, 69.6% route), 1 logic levels.

Unconstrained Preference:
   INPUT_SETUP PORT "serial_in" CLKPORT "clk" 

Report:    2.111ns delay serial_in to serial_in_MGIOL (1.516ns delay and 0.595ns setup)

   Name    Fanout   Delay (ns)          Site               Resource
PADI_DEL    ---     1.132         14.PAD to       14.PADDI serial_in
ROUTE         1     0.384       14.PADDI to    IOL_B11B.DI serial_in_c (to clk_c)
                  --------
                    1.516   (74.7% logic, 25.3% route), 1 logic levels.


================================================================================
Preference: Unconstrained: CLOCK_TO_OUT
            174 unconstrained paths found
--------------------------------------------------------------------------------

Unconstrained Preference:
   CLOCK_TO_OUT PORT "serial_out" CLKPORT "clk" 

Report:   14.426ns delay SLICE_235 to serial_out

   Name    Fanout   Delay (ns)          Site               Resource
REG_DEL     ---     0.452     R7C14D.CLK to      R7C14D.Q0 SLICE_235 (from clk_c)
ROUTE         1     2.013      R7C14D.Q0 to       R3C8B.A0 observe[39]
CTOF_DEL    ---     0.495       R3C8B.A0 to       R3C8B.F0 SLICE_493
ROUTE         1     1.962       R3C8B.F0 to      R5C13D.B0 serial_out_96
CTOF_DEL    ---     0.495      R5C13D.B0 to      R5C13D.F0 SLICE_407
ROUTE         1     2.187      R5C13D.F0 to      R7C13D.A0 serial_out_154
CTOF_DEL    ---     0.495      R7C13D.A0 to      R7C13D.F0 SLICE_404
ROUTE         1     1.600      R7C13D.F0 to      R3C11C.D0 serial_out_169
CTOF_DEL    ---     0.495      R3C11C.D0 to      R3C11C.F0 SLICE_403
ROUTE         1     1.435      R3C11C.F0 to       28.PADDO serial_out_c
DOPAD_DEL   ---     2.797       28.PADDO to         28.PAD serial_out
                  --------
                   14.426   (36.2% logic, 63.8% route), 6 logic levels.

Unconstrained Preference:
   CLOCK_TO_OUT PORT "serial_out" CLKPORT "clk" 

Report:   14.260ns delay SLICE_174 to serial_out

   Name    Fanout   Delay (ns)          Site               Resource
REG_DEL     ---     0.452      R5C7C.CLK to       R5C7C.Q1 SLICE_174 (from clk_c)
ROUTE         1     1.847       R5C7C.Q1 to       R3C8B.B0 observe[38]
CTOF_DEL    ---     0.495       R3C8B.B0 to       R3C8B.F0 SLICE_493
ROUTE         1     1.962       R3C8B.F0 to      R5C13D.B0 serial_out_96
CTOF_DEL    ---     0.495      R5C13D.B0 to      R5C13D.F0 SLICE_407
ROUTE         1     2.187      R5C13D.F0 to      R7C13D.A0 serial_out_154
CTOF_DEL    ---     0.495      R7C13D.A0 to      R7C13D.F0 SLICE_404
ROUTE         1     1.600      R7C13D.F0 to      R3C11C.D0 serial_out_169
CTOF_DEL    ---     0.495      R3C11C.D0 to      R3C11C.F0 SLICE_403
ROUTE         1     1.435      R3C11C.F0 to       28.PADDO serial_out_c
DOPAD_DEL   ---     2.797       28.PADDO to         28.PAD serial_out
                  --------
                   14.260   (36.7% logic, 63.3% route), 6 logic levels.

Unconstrained Preference:
   CLOCK_TO_OUT PORT "serial_out" CLKPORT "clk" 

Report:   13.666ns delay SLICE_383 to serial_out

   Name    Fanout   Delay (ns)          Site               Resource
REG_DEL     ---     0.452     R8C16B.CLK to      R8C16B.Q0 SLICE_383 (from clk_c)
ROUTE         1     2.228      R8C16B.Q0 to      R8C14C.A0 observe[53]
CTOF_DEL    ---     0.495      R8C14C.A0 to      R8C14C.F0 SLICE_492
ROUTE         1     1.498      R8C14C.F0 to      R7C14A.A0 serial_out_100
CTOF_DEL    ---     0.495      R7C14A.A0 to      R7C14A.F0 SLICE_408
ROUTE         1     1.676      R7C14A.F0 to      R7C13D.D0 serial_out_155
CTOF_DEL    ---     0.495      R7C13D.D0 to      R7C13D.F0 SLICE_404
ROUTE         1     1.600      R7C13D.F0 to      R3C11C.D0 serial_out_169
CTOF_DEL    ---     0.495      R3C11C.D0 to      R3C11C.F0 SLICE_403
ROUTE         1     1.435      R3C11C.F0 to       28.PADDO serial_out_c
DOPAD_DEL   ---     2.797       28.PADDO to         28.PAD serial_out
                  --------
                   13.666   (38.3% logic, 61.7% route), 6 logic levels.

Unconstrained Preference:
   CLOCK_TO_OUT PORT "serial_out" CLKPORT "clk" 

Report:   13.650ns delay SLICE_384 to serial_out

   Name    Fanout   Delay (ns)          Site               Resource
REG_DEL     ---     0.452     R9C17B.CLK to      R9C17B.Q1 SLICE_384 (from clk_c)
ROUTE         1     1.733      R9C17B.Q1 to      R9C15A.B0 observe[62]
CTOF_DEL    ---     0.495      R9C15A.B0 to      R9C15A.F0 SLICE_170
ROUTE         1     0.645      R9C15A.F0 to      R8C15D.D0 serial_out_102
CTOF_DEL    ---     0.495      R8C15D.D0 to      R8C15D.F0 SLICE_409
ROUTE         1     3.008      R8C15D.F0 to      R7C13D.B0 serial_out_156
CTOF_DEL    ---     0.495      R7C13D.B0 to      R7C13D.F0 SLICE_404
ROUTE         1     1.600      R7C13D.F0 to      R3C11C.D0 serial_out_169
CTOF_DEL    ---     0.495      R3C11C.D0 to      R3C11C.F0 SLICE_403
ROUTE         1     1.435      R3C11C.F0 to       28.PADDO serial_out_c
DOPAD_DEL   ---     2.797       28.PADDO to         28.PAD serial_out
                  --------
                   13.650   (38.3% logic, 61.7% route), 6 logic levels.

Unconstrained Preference:
   CLOCK_TO_OUT PORT "serial_out" CLKPORT "clk" 

Report:   13.640ns delay SLICE_233 to serial_out

   Name    Fanout   Delay (ns)          Site               Resource
REG_DEL     ---     0.452     R8C15B.CLK to      R8C15B.Q0 SLICE_233 (from clk_c)
ROUTE         1     1.675      R8C15B.Q0 to      R8C15C.C0 observe[69]
CTOF_DEL    ---     0.495      R8C15C.C0 to      R8C15C.F0 SLICE_491
ROUTE         1     0.693      R8C15C.F0 to      R8C15D.B0 serial_out_104
CTOF_DEL    ---     0.495      R8C15D.B0 to      R8C15D.F0 SLICE_409
ROUTE         1     3.008      R8C15D.F0 to      R7C13D.B0 serial_out_156
CTOF_DEL    ---     0.495      R7C13D.B0 to      R7C13D.F0 SLICE_404
ROUTE         1     1.600      R7C13D.F0 to      R3C11C.D0 serial_out_169
CTOF_DEL    ---     0.495      R3C11C.D0 to      R3C11C.F0 SLICE_403
ROUTE         1     1.435      R3C11C.F0 to       28.PADDO serial_out_c
DOPAD_DEL   ---     2.797       28.PADDO to         28.PAD serial_out
                  --------
                   13.640   (38.3% logic, 61.7% route), 6 logic levels.

Unconstrained Preference:
   CLOCK_TO_OUT PORT "serial_out" CLKPORT "clk" 

Report:   13.449ns delay SLICE_390 to serial_out

   Name    Fanout   Delay (ns)          Site               Resource
REG_DEL     ---     0.452     R8C14B.CLK to      R8C14B.Q0 SLICE_390 (from clk_c)
ROUTE         1     1.922      R8C14B.Q0 to      R7C13B.A1 observe[45]
CTOF_DEL    ---     0.495      R7C13B.A1 to      R7C13B.F1 SLICE_171
ROUTE         1     1.587      R7C13B.F1 to      R7C14A.D0 serial_out_98
CTOF_DEL    ---     0.495      R7C14A.D0 to      R7C14A.F0 SLICE_408
ROUTE         1     1.676      R7C14A.F0 to      R7C13D.D0 serial_out_155
CTOF_DEL    ---     0.495      R7C13D.D0 to      R7C13D.F0 SLICE_404
ROUTE         1     1.600      R7C13D.F0 to      R3C11C.D0 serial_out_169
CTOF_DEL    ---     0.495      R3C11C.D0 to      R3C11C.F0 SLICE_403
ROUTE         1     1.435      R3C11C.F0 to       28.PADDO serial_out_c
DOPAD_DEL   ---     2.797       28.PADDO to         28.PAD serial_out
                  --------
                   13.449   (38.9% logic, 61.1% route), 6 logic levels.

Unconstrained Preference:
   CLOCK_TO_OUT PORT "serial_out" CLKPORT "clk" 

Report:   13.446ns delay SLICE_495 to serial_out

   Name    Fanout   Delay (ns)          Site               Resource
REG_DEL     ---     0.452      R2C8C.CLK to       R2C8C.Q0 SLICE_495 (from clk_c)
ROUTE         1     1.420       R2C8C.Q0 to       R3C8B.B1 observe[32]
CTOF_DEL    ---     0.495       R3C8B.B1 to       R3C8B.F1 SLICE_493
ROUTE         1     1.575       R3C8B.F1 to      R5C13D.D0 serial_out_95
CTOF_DEL    ---     0.495      R5C13D.D0 to      R5C13D.F0 SLICE_407
ROUTE         1     2.187      R5C13D.F0 to      R7C13D.A0 serial_out_154
CTOF_DEL    ---     0.495      R7C13D.A0 to      R7C13D.F0 SLICE_404
ROUTE         1     1.600      R7C13D.F0 to      R3C11C.D0 serial_out_169
CTOF_DEL    ---     0.495      R3C11C.D0 to      R3C11C.F0 SLICE_403
ROUTE         1     1.435      R3C11C.F0 to       28.PADDO serial_out_c
DOPAD_DEL   ---     2.797       28.PADDO to         28.PAD serial_out
                  --------
                   13.446   (38.9% logic, 61.1% route), 6 logic levels.

Unconstrained Preference:
   CLOCK_TO_OUT PORT "serial_out" CLKPORT "clk" 

Report:   13.373ns delay SLICE_235 to serial_out

   Name    Fanout   Delay (ns)          Site               Resource
REG_DEL     ---     0.452     R7C14D.CLK to      R7C14D.Q1 SLICE_235 (from clk_c)
ROUTE         1     2.486      R7C14D.Q1 to      R5C13D.B1 observe[40]
CTOF_DEL    ---     0.495      R5C13D.B1 to      R5C13D.F1 SLICE_407
ROUTE         1     0.436      R5C13D.F1 to      R5C13D.C0 serial_out_97
CTOF_DEL    ---     0.495      R5C13D.C0 to      R5C13D.F0 SLICE_407
ROUTE         1     2.187      R5C13D.F0 to      R7C13D.A0 serial_out_154
CTOF_DEL    ---     0.495      R7C13D.A0 to      R7C13D.F0 SLICE_404
ROUTE         1     1.600      R7C13D.F0 to      R3C11C.D0 serial_out_169
CTOF_DEL    ---     0.495      R3C11C.D0 to      R3C11C.F0 SLICE_403
ROUTE         1     1.435      R3C11C.F0 to       28.PADDO serial_out_c
DOPAD_DEL   ---     2.797       28.PADDO to         28.PAD serial_out
                  --------
                   13.373   (39.1% logic, 60.9% route), 6 logic levels.

Unconstrained Preference:
   CLOCK_TO_OUT PORT "serial_out" CLKPORT "clk" 

Report:   13.340ns delay SLICE_405 to serial_out

   Name    Fanout   Delay (ns)          Site               Resource
REG_DEL     ---     0.452     R5C11C.CLK to      R5C11C.Q1 SLICE_405 (from clk_c)
ROUTE         1     1.838      R5C11C.Q1 to      R7C13B.A0 observe[31]
CTOF_DEL    ---     0.495      R7C13B.A0 to      R7C13B.F0 SLICE_171
ROUTE         1     1.051      R7C13B.F0 to      R5C13D.A0 serial_out_94
CTOF_DEL    ---     0.495      R5C13D.A0 to      R5C13D.F0 SLICE_407
ROUTE         1     2.187      R5C13D.F0 to      R7C13D.A0 serial_out_154
CTOF_DEL    ---     0.495      R7C13D.A0 to      R7C13D.F0 SLICE_404
ROUTE         1     1.600      R7C13D.F0 to      R3C11C.D0 serial_out_169
CTOF_DEL    ---     0.495      R3C11C.D0 to      R3C11C.F0 SLICE_403
ROUTE         1     1.435      R3C11C.F0 to       28.PADDO serial_out_c
DOPAD_DEL   ---     2.797       28.PADDO to         28.PAD serial_out
                  --------
                   13.340   (39.2% logic, 60.8% route), 6 logic levels.

Unconstrained Preference:
   CLOCK_TO_OUT PORT "serial_out" CLKPORT "clk" 

Report:   13.306ns delay SLICE_499 to serial_out

   Name    Fanout   Delay (ns)          Site               Resource
REG_DEL     ---     0.452     R8C14D.CLK to      R8C14D.Q0 SLICE_499 (from clk_c)
ROUTE         1     2.419      R8C14D.Q0 to      R5C13D.A1 observe[41]
CTOF_DEL    ---     0.495      R5C13D.A1 to      R5C13D.F1 SLICE_407
ROUTE         1     0.436      R5C13D.F1 to      R5C13D.C0 serial_out_97
CTOF_DEL    ---     0.495      R5C13D.C0 to      R5C13D.F0 SLICE_407
ROUTE         1     2.187      R5C13D.F0 to      R7C13D.A0 serial_out_154
CTOF_DEL    ---     0.495      R7C13D.A0 to      R7C13D.F0 SLICE_404
ROUTE         1     1.600      R7C13D.F0 to      R3C11C.D0 serial_out_169
CTOF_DEL    ---     0.495      R3C11C.D0 to      R3C11C.F0 SLICE_403
ROUTE         1     1.435      R3C11C.F0 to       28.PADDO serial_out_c
DOPAD_DEL   ---     2.797       28.PADDO to         28.PAD serial_out
                  --------
                   13.306   (39.3% logic, 60.7% route), 6 logic levels.

Unconstrained Preference:
   CLOCK_TO_OUT PORT "serial_out" CLKPORT "clk" 

Report:   13.206ns delay SLICE_399 to serial_out

   Name    Fanout   Delay (ns)          Site               Resource
REG_DEL     ---     0.452    R10C15B.CLK to     R10C15B.Q1 SLICE_399 (from clk_c)
ROUTE         1     1.498     R10C15B.Q1 to      R8C15D.A1 observe[74]
CTOF_DEL    ---     0.495      R8C15D.A1 to      R8C15D.F1 SLICE_409
ROUTE         1     0.436      R8C15D.F1 to      R8C15D.C0 serial_out_105
CTOF_DEL    ---     0.495      R8C15D.C0 to      R8C15D.F0 SLICE_409
ROUTE         1     3.008      R8C15D.F0 to      R7C13D.B0 serial_out_156
CTOF_DEL    ---     0.495      R7C13D.B0 to      R7C13D.F0 SLICE_404
ROUTE         1     1.600      R7C13D.F0 to      R3C11C.D0 serial_out_169
CTOF_DEL    ---     0.495      R3C11C.D0 to      R3C11C.F0 SLICE_403
ROUTE         1     1.435      R3C11C.F0 to       28.PADDO serial_out_c
DOPAD_DEL   ---     2.797       28.PADDO to         28.PAD serial_out
                  --------
                   13.206   (39.6% logic, 60.4% route), 6 logic levels.

Unconstrained Preference:
   CLOCK_TO_OUT PORT "serial_out" CLKPORT "clk" 

Report:   13.160ns delay SLICE_493 to serial_out

   Name    Fanout   Delay (ns)          Site               Resource
REG_DEL     ---     0.452      R3C8B.CLK to       R3C8B.Q1 SLICE_493 (from clk_c)
ROUTE         1     0.747       R3C8B.Q1 to       R3C8B.C0 observe[37]
CTOF_DEL    ---     0.495       R3C8B.C0 to       R3C8B.F0 SLICE_493
ROUTE         1     1.962       R3C8B.F0 to      R5C13D.B0 serial_out_96
CTOF_DEL    ---     0.495      R5C13D.B0 to      R5C13D.F0 SLICE_407
ROUTE         1     2.187      R5C13D.F0 to      R7C13D.A0 serial_out_154
CTOF_DEL    ---     0.495      R7C13D.A0 to      R7C13D.F0 SLICE_404
ROUTE         1     1.600      R7C13D.F0 to      R3C11C.D0 serial_out_169
CTOF_DEL    ---     0.495      R3C11C.D0 to      R3C11C.F0 SLICE_403
ROUTE         1     1.435      R3C11C.F0 to       28.PADDO serial_out_c
DOPAD_DEL   ---     2.797       28.PADDO to         28.PAD serial_out
                  --------
                   13.160   (39.7% logic, 60.3% route), 6 logic levels.

Unconstrained Preference:
   CLOCK_TO_OUT PORT "serial_out" CLKPORT "clk" 

Report:   13.093ns delay SLICE_399 to serial_out

   Name    Fanout   Delay (ns)          Site               Resource
REG_DEL     ---     0.452    R10C15B.CLK to     R10C15B.Q0 SLICE_399 (from clk_c)
ROUTE         1     1.385     R10C15B.Q0 to      R8C15D.D1 observe[73]
CTOF_DEL    ---     0.495      R8C15D.D1 to      R8C15D.F1 SLICE_409
ROUTE         1     0.436      R8C15D.F1 to      R8C15D.C0 serial_out_105
CTOF_DEL    ---     0.495      R8C15D.C0 to      R8C15D.F0 SLICE_409
ROUTE         1     3.008      R8C15D.F0 to      R7C13D.B0 serial_out_156
CTOF_DEL    ---     0.495      R7C13D.B0 to      R7C13D.F0 SLICE_404
ROUTE         1     1.600      R7C13D.F0 to      R3C11C.D0 serial_out_169
CTOF_DEL    ---     0.495      R3C11C.D0 to      R3C11C.F0 SLICE_403
ROUTE         1     1.435      R3C11C.F0 to       28.PADDO serial_out_c
DOPAD_DEL   ---     2.797       28.PADDO to         28.PAD serial_out
                  --------
                   13.093   (39.9% logic, 60.1% route), 6 logic levels.

Unconstrained Preference:
   CLOCK_TO_OUT PORT "serial_out" CLKPORT "clk" 

Report:   13.039ns delay SLICE_493 to serial_out

   Name    Fanout   Delay (ns)          Site               Resource
REG_DEL     ---     0.452      R3C8B.CLK to       R3C8B.Q0 SLICE_493 (from clk_c)
ROUTE         1     0.626       R3C8B.Q0 to       R3C8B.D0 observe[36]
CTOF_DEL    ---     0.495       R3C8B.D0 to       R3C8B.F0 SLICE_493
ROUTE         1     1.962       R3C8B.F0 to      R5C13D.B0 serial_out_96
CTOF_DEL    ---     0.495      R5C13D.B0 to      R5C13D.F0 SLICE_407
ROUTE         1     2.187      R5C13D.F0 to      R7C13D.A0 serial_out_154
CTOF_DEL    ---     0.495      R7C13D.A0 to      R7C13D.F0 SLICE_404
ROUTE         1     1.600      R7C13D.F0 to      R3C11C.D0 serial_out_169
CTOF_DEL    ---     0.495      R3C11C.D0 to      R3C11C.F0 SLICE_403
ROUTE         1     1.435      R3C11C.F0 to       28.PADDO serial_out_c
DOPAD_DEL   ---     2.797       28.PADDO to         28.PAD serial_out
                  --------
                   13.039   (40.1% logic, 59.9% route), 6 logic levels.

Unconstrained Preference:
   CLOCK_TO_OUT PORT "serial_out" CLKPORT "clk" 

Report:   12.996ns delay SLICE_384 to serial_out

   Name    Fanout   Delay (ns)          Site               Resource
REG_DEL     ---     0.452     R9C17B.CLK to      R9C17B.Q0 SLICE_384 (from clk_c)
ROUTE         1     1.079      R9C17B.Q0 to      R9C15A.C0 observe[61]
CTOF_DEL    ---     0.495      R9C15A.C0 to      R9C15A.F0 SLICE_170
ROUTE         1     0.645      R9C15A.F0 to      R8C15D.D0 serial_out_102
CTOF_DEL    ---     0.495      R8C15D.D0 to      R8C15D.F0 SLICE_409
ROUTE         1     3.008      R8C15D.F0 to      R7C13D.B0 serial_out_156
CTOF_DEL    ---     0.495      R7C13D.B0 to      R7C13D.F0 SLICE_404
ROUTE         1     1.600      R7C13D.F0 to      R3C11C.D0 serial_out_169
CTOF_DEL    ---     0.495      R3C11C.D0 to      R3C11C.F0 SLICE_403
ROUTE         1     1.435      R3C11C.F0 to       28.PADDO serial_out_c
DOPAD_DEL   ---     2.797       28.PADDO to         28.PAD serial_out
                  --------
                   12.996   (40.2% logic, 59.8% route), 6 logic levels.

Unconstrained Preference:
   CLOCK_TO_OUT PORT "serial_out" CLKPORT "clk" 

Report:   12.993ns delay SLICE_494 to serial_out

   Name    Fanout   Delay (ns)          Site               Resource
REG_DEL     ---     0.452      R3C8D.CLK to       R3C8D.Q1 SLICE_494 (from clk_c)
ROUTE         1     0.967       R3C8D.Q1 to       R3C8B.A1 observe[35]
CTOF_DEL    ---     0.495       R3C8B.A1 to       R3C8B.F1 SLICE_493
ROUTE         1     1.575       R3C8B.F1 to      R5C13D.D0 serial_out_95
CTOF_DEL    ---     0.495      R5C13D.D0 to      R5C13D.F0 SLICE_407
ROUTE         1     2.187      R5C13D.F0 to      R7C13D.A0 serial_out_154
CTOF_DEL    ---     0.495      R7C13D.A0 to      R7C13D.F0 SLICE_404
ROUTE         1     1.600      R7C13D.F0 to      R3C11C.D0 serial_out_169
CTOF_DEL    ---     0.495      R3C11C.D0 to      R3C11C.F0 SLICE_403
ROUTE         1     1.435      R3C11C.F0 to       28.PADDO serial_out_c
DOPAD_DEL   ---     2.797       28.PADDO to         28.PAD serial_out
                  --------
                   12.993   (40.2% logic, 59.8% route), 6 logic levels.

Unconstrained Preference:
   CLOCK_TO_OUT PORT "serial_out" CLKPORT "clk" 

Report:   12.988ns delay SLICE_414 to serial_out

   Name    Fanout   Delay (ns)          Site               Resource
REG_DEL     ---     0.452     R9C15B.CLK to      R9C15B.Q0 SLICE_414 (from clk_c)
ROUTE         1     1.023      R9C15B.Q0 to      R8C15C.B0 observe[71]
CTOF_DEL    ---     0.495      R8C15C.B0 to      R8C15C.F0 SLICE_491
ROUTE         1     0.693      R8C15C.F0 to      R8C15D.B0 serial_out_104
CTOF_DEL    ---     0.495      R8C15D.B0 to      R8C15D.F0 SLICE_409
ROUTE         1     3.008      R8C15D.F0 to      R7C13D.B0 serial_out_156
CTOF_DEL    ---     0.495      R7C13D.B0 to      R7C13D.F0 SLICE_404
ROUTE         1     1.600      R7C13D.F0 to      R3C11C.D0 serial_out_169
CTOF_DEL    ---     0.495      R3C11C.D0 to      R3C11C.F0 SLICE_403
ROUTE         1     1.435      R3C11C.F0 to       28.PADDO serial_out_c
DOPAD_DEL   ---     2.797       28.PADDO to         28.PAD serial_out
                  --------
                   12.988   (40.3% logic, 59.7% route), 6 logic levels.

Unconstrained Preference:
   CLOCK_TO_OUT PORT "serial_out" CLKPORT "clk" 

Report:   12.964ns delay SLICE_457 to serial_out

   Name    Fanout   Delay (ns)          Site               Resource
REG_DEL     ---     0.452     R9C15C.CLK to      R9C15C.Q0 SLICE_457 (from clk_c)
ROUTE         1     2.331      R9C15C.Q0 to      R7C14A.A1 observe[59]
CTOF_DEL    ---     0.495      R7C14A.A1 to      R7C14A.F1 SLICE_408
ROUTE         1     0.693      R7C14A.F1 to      R7C14A.B0 serial_out_101
CTOF_DEL    ---     0.495      R7C14A.B0 to      R7C14A.F0 SLICE_408
ROUTE         1     1.676      R7C14A.F0 to      R7C13D.D0 serial_out_155
CTOF_DEL    ---     0.495      R7C13D.D0 to      R7C13D.F0 SLICE_404
ROUTE         1     1.600      R7C13D.F0 to      R3C11C.D0 serial_out_169
CTOF_DEL    ---     0.495      R3C11C.D0 to      R3C11C.F0 SLICE_403
ROUTE         1     1.435      R3C11C.F0 to       28.PADDO serial_out_c
DOPAD_DEL   ---     2.797       28.PADDO to         28.PAD serial_out
                  --------
                   12.964   (40.3% logic, 59.7% route), 6 logic levels.

Unconstrained Preference:
   CLOCK_TO_OUT PORT "serial_out" CLKPORT "clk" 

Report:   12.932ns delay SLICE_233 to serial_out

   Name    Fanout   Delay (ns)          Site               Resource
REG_DEL     ---     0.452     R8C15B.CLK to      R8C15B.Q1 SLICE_233 (from clk_c)
ROUTE         1     0.967      R8C15B.Q1 to      R8C15C.A0 observe[70]
CTOF_DEL    ---     0.495      R8C15C.A0 to      R8C15C.F0 SLICE_491
ROUTE         1     0.693      R8C15C.F0 to      R8C15D.B0 serial_out_104
CTOF_DEL    ---     0.495      R8C15D.B0 to      R8C15D.F0 SLICE_409
ROUTE         1     3.008      R8C15D.F0 to      R7C13D.B0 serial_out_156
CTOF_DEL    ---     0.495      R7C13D.B0 to      R7C13D.F0 SLICE_404
ROUTE         1     1.600      R7C13D.F0 to      R3C11C.D0 serial_out_169
CTOF_DEL    ---     0.495      R3C11C.D0 to      R3C11C.F0 SLICE_403
ROUTE         1     1.435      R3C11C.F0 to       28.PADDO serial_out_c
DOPAD_DEL   ---     2.797       28.PADDO to         28.PAD serial_out
                  --------
                   12.932   (40.4% logic, 59.6% route), 6 logic levels.

Unconstrained Preference:
   CLOCK_TO_OUT PORT "serial_out" CLKPORT "clk" 

Report:   12.929ns delay SLICE_385 to serial_out

   Name    Fanout   Delay (ns)          Site               Resource
REG_DEL     ---     0.452     R8C16C.CLK to      R8C16C.Q0 SLICE_385 (from clk_c)
ROUTE         1     1.001      R8C16C.Q0 to      R8C15C.B1 observe[65]
CTOF_DEL    ---     0.495      R8C15C.B1 to      R8C15C.F1 SLICE_491
ROUTE         1     0.656      R8C15C.F1 to      R8C15D.A0 serial_out_103
CTOF_DEL    ---     0.495      R8C15D.A0 to      R8C15D.F0 SLICE_409
ROUTE         1     3.008      R8C15D.F0 to      R7C13D.B0 serial_out_156
CTOF_DEL    ---     0.495      R7C13D.B0 to      R7C13D.F0 SLICE_404
ROUTE         1     1.600      R7C13D.F0 to      R3C11C.D0 serial_out_169
CTOF_DEL    ---     0.495      R3C11C.D0 to      R3C11C.F0 SLICE_403
ROUTE         1     1.435      R3C11C.F0 to       28.PADDO serial_out_c
DOPAD_DEL   ---     2.797       28.PADDO to         28.PAD serial_out
                  --------
                   12.929   (40.4% logic, 59.6% route), 6 logic levels.

Unconstrained Preference:
   CLOCK_TO_OUT PORT "serial_out" CLKPORT "clk" 

Report:   12.901ns delay SLICE_388 to serial_out

   Name    Fanout   Delay (ns)          Site               Resource
REG_DEL     ---     0.452     R7C15B.CLK to      R7C15B.Q1 SLICE_388 (from clk_c)
ROUTE         1     1.733      R7C15B.Q1 to      R8C14C.B1 observe[48]
CTOF_DEL    ---     0.495      R8C14C.B1 to      R8C14C.F1 SLICE_492
ROUTE         1     1.228      R8C14C.F1 to      R7C14A.C0 serial_out_99
CTOF_DEL    ---     0.495      R7C14A.C0 to      R7C14A.F0 SLICE_408
ROUTE         1     1.676      R7C14A.F0 to      R7C13D.D0 serial_out_155
CTOF_DEL    ---     0.495      R7C13D.D0 to      R7C13D.F0 SLICE_404
ROUTE         1     1.600      R7C13D.F0 to      R3C11C.D0 serial_out_169
CTOF_DEL    ---     0.495      R3C11C.D0 to      R3C11C.F0 SLICE_403
ROUTE         1     1.435      R3C11C.F0 to       28.PADDO serial_out_c
DOPAD_DEL   ---     2.797       28.PADDO to         28.PAD serial_out
                  --------
                   12.901   (40.5% logic, 59.5% route), 6 logic levels.

Unconstrained Preference:
   CLOCK_TO_OUT PORT "serial_out" CLKPORT "clk" 

Report:   12.895ns delay SLICE_381 to serial_out

   Name    Fanout   Delay (ns)          Site               Resource
REG_DEL     ---     0.452     R8C15A.CLK to      R8C15A.Q0 SLICE_381 (from clk_c)
ROUTE         1     0.967      R8C15A.Q0 to      R8C15C.A1 observe[67]
CTOF_DEL    ---     0.495      R8C15C.A1 to      R8C15C.F1 SLICE_491
ROUTE         1     0.656      R8C15C.F1 to      R8C15D.A0 serial_out_103
CTOF_DEL    ---     0.495      R8C15D.A0 to      R8C15D.F0 SLICE_409
ROUTE         1     3.008      R8C15D.F0 to      R7C13D.B0 serial_out_156
CTOF_DEL    ---     0.495      R7C13D.B0 to      R7C13D.F0 SLICE_404
ROUTE         1     1.600      R7C13D.F0 to      R3C11C.D0 serial_out_169
CTOF_DEL    ---     0.495      R3C11C.D0 to      R3C11C.F0 SLICE_403
ROUTE         1     1.435      R3C11C.F0 to       28.PADDO serial_out_c
DOPAD_DEL   ---     2.797       28.PADDO to         28.PAD serial_out
                  --------
                   12.895   (40.6% logic, 59.4% route), 6 logic levels.

Unconstrained Preference:
   CLOCK_TO_OUT PORT "serial_out" CLKPORT "clk" 

Report:   12.884ns delay SLICE_457 to serial_out

   Name    Fanout   Delay (ns)          Site               Resource
REG_DEL     ---     0.452     R9C15C.CLK to      R9C15C.Q1 SLICE_457 (from clk_c)
ROUTE         1     0.967      R9C15C.Q1 to      R9C15A.A0 observe[60]
CTOF_DEL    ---     0.495      R9C15A.A0 to      R9C15A.F0 SLICE_170
ROUTE         1     0.645      R9C15A.F0 to      R8C15D.D0 serial_out_102
CTOF_DEL    ---     0.495      R8C15D.D0 to      R8C15D.F0 SLICE_409
ROUTE         1     3.008      R8C15D.F0 to      R7C13D.B0 serial_out_156
CTOF_DEL    ---     0.495      R7C13D.B0 to      R7C13D.F0 SLICE_404
ROUTE         1     1.600      R7C13D.F0 to      R3C11C.D0 serial_out_169
CTOF_DEL    ---     0.495      R3C11C.D0 to      R3C11C.F0 SLICE_403
ROUTE         1     1.435      R3C11C.F0 to       28.PADDO serial_out_c
DOPAD_DEL   ---     2.797       28.PADDO to         28.PAD serial_out
                  --------
                   12.884   (40.6% logic, 59.4% route), 6 logic levels.

Unconstrained Preference:
   CLOCK_TO_OUT PORT "serial_out" CLKPORT "clk" 

Report:   12.832ns delay SLICE_390 to serial_out

   Name    Fanout   Delay (ns)          Site               Resource
REG_DEL     ---     0.452     R8C14B.CLK to      R8C14B.Q1 SLICE_390 (from clk_c)
ROUTE         1     1.305      R8C14B.Q1 to      R7C13B.C1 observe[46]
CTOF_DEL    ---     0.495      R7C13B.C1 to      R7C13B.F1 SLICE_171
ROUTE         1     1.587      R7C13B.F1 to      R7C14A.D0 serial_out_98
CTOF_DEL    ---     0.495      R7C14A.D0 to      R7C14A.F0 SLICE_408
ROUTE         1     1.676      R7C14A.F0 to      R7C13D.D0 serial_out_155
CTOF_DEL    ---     0.495      R7C13D.D0 to      R7C13D.F0 SLICE_404
ROUTE         1     1.600      R7C13D.F0 to      R3C11C.D0 serial_out_169
CTOF_DEL    ---     0.495      R3C11C.D0 to      R3C11C.F0 SLICE_403
ROUTE         1     1.435      R3C11C.F0 to       28.PADDO serial_out_c
DOPAD_DEL   ---     2.797       28.PADDO to         28.PAD serial_out
                  --------
                   12.832   (40.7% logic, 59.3% route), 6 logic levels.

Unconstrained Preference:
   CLOCK_TO_OUT PORT "serial_out" CLKPORT "clk" 

Report:   12.787ns delay SLICE_380 to serial_out

   Name    Fanout   Delay (ns)          Site               Resource
REG_DEL     ---     0.452    R10C14C.CLK to     R10C14C.Q1 SLICE_380 (from clk_c)
ROUTE         1     2.154     R10C14C.Q1 to      R7C14A.B1 observe[56]
CTOF_DEL    ---     0.495      R7C14A.B1 to      R7C14A.F1 SLICE_408
ROUTE         1     0.693      R7C14A.F1 to      R7C14A.B0 serial_out_101
CTOF_DEL    ---     0.495      R7C14A.B0 to      R7C14A.F0 SLICE_408
ROUTE         1     1.676      R7C14A.F0 to      R7C13D.D0 serial_out_155
CTOF_DEL    ---     0.495      R7C13D.D0 to      R7C13D.F0 SLICE_404
ROUTE         1     1.600      R7C13D.F0 to      R3C11C.D0 serial_out_169
CTOF_DEL    ---     0.495      R3C11C.D0 to      R3C11C.F0 SLICE_403
ROUTE         1     1.435      R3C11C.F0 to       28.PADDO serial_out_c
DOPAD_DEL   ---     2.797       28.PADDO to         28.PAD serial_out
                  --------
                   12.787   (40.9% logic, 59.1% route), 6 logic levels.

Unconstrained Preference:
   CLOCK_TO_OUT PORT "serial_out" CLKPORT "clk" 

Report:   12.770ns delay SLICE_495 to serial_out

   Name    Fanout   Delay (ns)          Site               Resource
REG_DEL     ---     0.452      R2C8C.CLK to       R2C8C.Q1 SLICE_495 (from clk_c)
ROUTE         1     0.744       R2C8C.Q1 to       R3C8B.C1 observe[33]
CTOF_DEL    ---     0.495       R3C8B.C1 to       R3C8B.F1 SLICE_493
ROUTE         1     1.575       R3C8B.F1 to      R5C13D.D0 serial_out_95
CTOF_DEL    ---     0.495      R5C13D.D0 to      R5C13D.F0 SLICE_407
ROUTE         1     2.187      R5C13D.F0 to      R7C13D.A0 serial_out_154
CTOF_DEL    ---     0.495      R7C13D.A0 to      R7C13D.F0 SLICE_404
ROUTE         1     1.600      R7C13D.F0 to      R3C11C.D0 serial_out_169
CTOF_DEL    ---     0.495      R3C11C.D0 to      R3C11C.F0 SLICE_403
ROUTE         1     1.435      R3C11C.F0 to       28.PADDO serial_out_c
DOPAD_DEL   ---     2.797       28.PADDO to         28.PAD serial_out
                  --------
                   12.770   (40.9% logic, 59.1% route), 6 logic levels.

Unconstrained Preference:
   CLOCK_TO_OUT PORT "serial_out" CLKPORT "clk" 

Report:   12.709ns delay SLICE_414 to serial_out

   Name    Fanout   Delay (ns)          Site               Resource
REG_DEL     ---     0.452     R9C15B.CLK to      R9C15B.Q1 SLICE_414 (from clk_c)
ROUTE         1     1.001      R9C15B.Q1 to      R8C15D.B1 observe[72]
CTOF_DEL    ---     0.495      R8C15D.B1 to      R8C15D.F1 SLICE_409
ROUTE         1     0.436      R8C15D.F1 to      R8C15D.C0 serial_out_105
CTOF_DEL    ---     0.495      R8C15D.C0 to      R8C15D.F0 SLICE_409
ROUTE         1     3.008      R8C15D.F0 to      R7C13D.B0 serial_out_156
CTOF_DEL    ---     0.495      R7C13D.B0 to      R7C13D.F0 SLICE_404
ROUTE         1     1.600      R7C13D.F0 to      R3C11C.D0 serial_out_169
CTOF_DEL    ---     0.495      R3C11C.D0 to      R3C11C.F0 SLICE_403
ROUTE         1     1.435      R3C11C.F0 to       28.PADDO serial_out_c
DOPAD_DEL   ---     2.797       28.PADDO to         28.PAD serial_out
                  --------
                   12.709   (41.1% logic, 58.9% route), 6 logic levels.

Unconstrained Preference:
   CLOCK_TO_OUT PORT "serial_out" CLKPORT "clk" 

Report:   12.686ns delay SLICE_405 to serial_out

   Name    Fanout   Delay (ns)          Site               Resource
REG_DEL     ---     0.452     R5C11C.CLK to      R5C11C.Q0 SLICE_405 (from clk_c)
ROUTE         1     1.184      R5C11C.Q0 to      R7C13B.D0 observe[30]
CTOF_DEL    ---     0.495      R7C13B.D0 to      R7C13B.F0 SLICE_171
ROUTE         1     1.051      R7C13B.F0 to      R5C13D.A0 serial_out_94
CTOF_DEL    ---     0.495      R5C13D.A0 to      R5C13D.F0 SLICE_407
ROUTE         1     2.187      R5C13D.F0 to      R7C13D.A0 serial_out_154
CTOF_DEL    ---     0.495      R7C13D.A0 to      R7C13D.F0 SLICE_404
ROUTE         1     1.600      R7C13D.F0 to      R3C11C.D0 serial_out_169
CTOF_DEL    ---     0.495      R3C11C.D0 to      R3C11C.F0 SLICE_403
ROUTE         1     1.435      R3C11C.F0 to       28.PADDO serial_out_c
DOPAD_DEL   ---     2.797       28.PADDO to         28.PAD serial_out
                  --------
                   12.686   (41.2% logic, 58.8% route), 6 logic levels.

Unconstrained Preference:
   CLOCK_TO_OUT PORT "serial_out" CLKPORT "clk" 

Report:   12.672ns delay SLICE_385 to serial_out

   Name    Fanout   Delay (ns)          Site               Resource
REG_DEL     ---     0.452     R8C16C.CLK to      R8C16C.Q1 SLICE_385 (from clk_c)
ROUTE         1     0.744      R8C16C.Q1 to      R8C15C.C1 observe[66]
CTOF_DEL    ---     0.495      R8C15C.C1 to      R8C15C.F1 SLICE_491
ROUTE         1     0.656      R8C15C.F1 to      R8C15D.A0 serial_out_103
CTOF_DEL    ---     0.495      R8C15D.A0 to      R8C15D.F0 SLICE_409
ROUTE         1     3.008      R8C15D.F0 to      R7C13D.B0 serial_out_156
CTOF_DEL    ---     0.495      R7C13D.B0 to      R7C13D.F0 SLICE_404
ROUTE         1     1.600      R7C13D.F0 to      R3C11C.D0 serial_out_169
CTOF_DEL    ---     0.495      R3C11C.D0 to      R3C11C.F0 SLICE_403
ROUTE         1     1.435      R3C11C.F0 to       28.PADDO serial_out_c
DOPAD_DEL   ---     2.797       28.PADDO to         28.PAD serial_out
                  --------
                   12.672   (41.3% logic, 58.7% route), 6 logic levels.

Unconstrained Preference:
   CLOCK_TO_OUT PORT "serial_out" CLKPORT "clk" 

Report:   12.669ns delay SLICE_459 to serial_out

   Name    Fanout   Delay (ns)          Site               Resource
REG_DEL     ---     0.452     R9C16B.CLK to      R9C16B.Q0 SLICE_459 (from clk_c)
ROUTE         1     1.383      R9C16B.Q0 to      R9C15A.A1 observe[93]
CTOF_DEL    ---     0.495      R9C15A.A1 to      R9C15A.F1 SLICE_170
ROUTE         1     1.981      R9C15A.F1 to      R7C13C.D0 serial_out_110
CTOF_DEL    ---     0.495      R7C13C.D0 to      R7C13C.F0 SLICE_410
ROUTE         1     1.875      R7C13C.F0 to      R5C11C.B0 serial_out_158
CTOF_DEL    ---     0.495      R5C11C.B0 to      R5C11C.F0 SLICE_405
ROUTE         1     0.766      R5C11C.F0 to      R3C11C.C0 serial_out_170
CTOF_DEL    ---     0.495      R3C11C.C0 to      R3C11C.F0 SLICE_403
ROUTE         1     1.435      R3C11C.F0 to       28.PADDO serial_out_c
DOPAD_DEL   ---     2.797       28.PADDO to         28.PAD serial_out
                  --------
                   12.669   (41.3% logic, 58.7% route), 6 logic levels.

Unconstrained Preference:
   CLOCK_TO_OUT PORT "serial_out" CLKPORT "clk" 

Report:   12.663ns delay SLICE_460 to serial_out

   Name    Fanout   Delay (ns)          Site               Resource
REG_DEL     ---     0.452     R8C14A.CLK to      R8C14A.Q1 SLICE_460 (from clk_c)
ROUTE         1     2.276      R8C14A.Q1 to      R9C13D.C1 observe[76]
CTOF_DEL    ---     0.495      R9C13D.C1 to      R9C13D.F1 SLICE_490
ROUTE         1     1.687      R9C13D.F1 to      R7C13D.D1 serial_out_106
CTOF_DEL    ---     0.495      R7C13D.D1 to      R7C13D.F1 SLICE_404
ROUTE         1     0.436      R7C13D.F1 to      R7C13D.C0 serial_out_157
CTOF_DEL    ---     0.495      R7C13D.C0 to      R7C13D.F0 SLICE_404
ROUTE         1     1.600      R7C13D.F0 to      R3C11C.D0 serial_out_169
CTOF_DEL    ---     0.495      R3C11C.D0 to      R3C11C.F0 SLICE_403
ROUTE         1     1.435      R3C11C.F0 to       28.PADDO serial_out_c
DOPAD_DEL   ---     2.797       28.PADDO to         28.PAD serial_out
                  --------
                   12.663   (41.3% logic, 58.7% route), 6 logic levels.

Unconstrained Preference:
   CLOCK_TO_OUT PORT "serial_out" CLKPORT "clk" 

Report:   12.652ns delay SLICE_494 to serial_out

   Name    Fanout   Delay (ns)          Site               Resource
REG_DEL     ---     0.452      R3C8D.CLK to       R3C8D.Q0 SLICE_494 (from clk_c)
ROUTE         1     0.626       R3C8D.Q0 to       R3C8B.D1 observe[34]
CTOF_DEL    ---     0.495       R3C8B.D1 to       R3C8B.F1 SLICE_493
ROUTE         1     1.575       R3C8B.F1 to      R5C13D.D0 serial_out_95
CTOF_DEL    ---     0.495      R5C13D.D0 to      R5C13D.F0 SLICE_407
ROUTE         1     2.187      R5C13D.F0 to      R7C13D.A0 serial_out_154
CTOF_DEL    ---     0.495      R7C13D.A0 to      R7C13D.F0 SLICE_404
ROUTE         1     1.600      R7C13D.F0 to      R3C11C.D0 serial_out_169
CTOF_DEL    ---     0.495      R3C11C.D0 to      R3C11C.F0 SLICE_403
ROUTE         1     1.435      R3C11C.F0 to       28.PADDO serial_out_c
DOPAD_DEL   ---     2.797       28.PADDO to         28.PAD serial_out
                  --------
                   12.652   (41.3% logic, 58.7% route), 6 logic levels.

Unconstrained Preference:
   CLOCK_TO_OUT PORT "serial_out" CLKPORT "clk" 

Report:   12.591ns delay SLICE_381 to serial_out

   Name    Fanout   Delay (ns)          Site               Resource
REG_DEL     ---     0.452     R8C15A.CLK to      R8C15A.Q1 SLICE_381 (from clk_c)
ROUTE         1     0.626      R8C15A.Q1 to      R8C15C.D0 observe[68]
CTOF_DEL    ---     0.495      R8C15C.D0 to      R8C15C.F0 SLICE_491
ROUTE         1     0.693      R8C15C.F0 to      R8C15D.B0 serial_out_104
CTOF_DEL    ---     0.495      R8C15D.B0 to      R8C15D.F0 SLICE_409
ROUTE         1     3.008      R8C15D.F0 to      R7C13D.B0 serial_out_156
CTOF_DEL    ---     0.495      R7C13D.B0 to      R7C13D.F0 SLICE_404
ROUTE         1     1.600      R7C13D.F0 to      R3C11C.D0 serial_out_169
CTOF_DEL    ---     0.495      R3C11C.D0 to      R3C11C.F0 SLICE_403
ROUTE         1     1.435      R3C11C.F0 to       28.PADDO serial_out_c
DOPAD_DEL   ---     2.797       28.PADDO to         28.PAD serial_out
                  --------
                   12.591   (41.5% logic, 58.5% route), 6 logic levels.

Unconstrained Preference:
   CLOCK_TO_OUT PORT "serial_out" CLKPORT "clk" 

Report:   12.578ns delay SLICE_499 to serial_out

   Name    Fanout   Delay (ns)          Site               Resource
REG_DEL     ---     0.452     R8C14D.CLK to      R8C14D.Q1 SLICE_499 (from clk_c)
ROUTE         1     1.691      R8C14D.Q1 to      R5C13D.C1 observe[42]
CTOF_DEL    ---     0.495      R5C13D.C1 to      R5C13D.F1 SLICE_407
ROUTE         1     0.436      R5C13D.F1 to      R5C13D.C0 serial_out_97
CTOF_DEL    ---     0.495      R5C13D.C0 to      R5C13D.F0 SLICE_407
ROUTE         1     2.187      R5C13D.F0 to      R7C13D.A0 serial_out_154
CTOF_DEL    ---     0.495      R7C13D.A0 to      R7C13D.F0 SLICE_404
ROUTE         1     1.600      R7C13D.F0 to      R3C11C.D0 serial_out_169
CTOF_DEL    ---     0.495      R3C11C.D0 to      R3C11C.F0 SLICE_403
ROUTE         1     1.435      R3C11C.F0 to       28.PADDO serial_out_c
DOPAD_DEL   ---     2.797       28.PADDO to         28.PAD serial_out
                  --------
                   12.578   (41.6% logic, 58.4% route), 6 logic levels.

Unconstrained Preference:
   CLOCK_TO_OUT PORT "serial_out" CLKPORT "clk" 

Report:   12.573ns delay SLICE_391 to serial_out

   Name    Fanout   Delay (ns)          Site               Resource
REG_DEL     ---     0.452     R9C15D.CLK to      R9C15D.Q1 SLICE_391 (from clk_c)
ROUTE         1     0.645      R9C15D.Q1 to      R8C15C.D1 observe[64]
CTOF_DEL    ---     0.495      R8C15C.D1 to      R8C15C.F1 SLICE_491
ROUTE         1     0.656      R8C15C.F1 to      R8C15D.A0 serial_out_103
CTOF_DEL    ---     0.495      R8C15D.A0 to      R8C15D.F0 SLICE_409
ROUTE         1     3.008      R8C15D.F0 to      R7C13D.B0 serial_out_156
CTOF_DEL    ---     0.495      R7C13D.B0 to      R7C13D.F0 SLICE_404
ROUTE         1     1.600      R7C13D.F0 to      R3C11C.D0 serial_out_169
CTOF_DEL    ---     0.495      R3C11C.D0 to      R3C11C.F0 SLICE_403
ROUTE         1     1.435      R3C11C.F0 to       28.PADDO serial_out_c
DOPAD_DEL   ---     2.797       28.PADDO to         28.PAD serial_out
                  --------
                   12.573   (41.6% logic, 58.4% route), 6 logic levels.

Unconstrained Preference:
   CLOCK_TO_OUT PORT "serial_out" CLKPORT "clk" 

Report:   12.550ns delay SLICE_388 to serial_out

   Name    Fanout   Delay (ns)          Site               Resource
REG_DEL     ---     0.452     R7C15B.CLK to      R7C15B.Q0 SLICE_388 (from clk_c)
ROUTE         1     1.023      R7C15B.Q0 to      R7C13B.B1 observe[47]
CTOF_DEL    ---     0.495      R7C13B.B1 to      R7C13B.F1 SLICE_171
ROUTE         1     1.587      R7C13B.F1 to      R7C14A.D0 serial_out_98
CTOF_DEL    ---     0.495      R7C14A.D0 to      R7C14A.F0 SLICE_408
ROUTE         1     1.676      R7C14A.F0 to      R7C13D.D0 serial_out_155
CTOF_DEL    ---     0.495      R7C13D.D0 to      R7C13D.F0 SLICE_404
ROUTE         1     1.600      R7C13D.F0 to      R3C11C.D0 serial_out_169
CTOF_DEL    ---     0.495      R3C11C.D0 to      R3C11C.F0 SLICE_403
ROUTE         1     1.435      R3C11C.F0 to       28.PADDO serial_out_c
DOPAD_DEL   ---     2.797       28.PADDO to         28.PAD serial_out
                  --------
                   12.550   (41.7% logic, 58.3% route), 6 logic levels.

Unconstrained Preference:
   CLOCK_TO_OUT PORT "serial_out" CLKPORT "clk" 

Report:   12.543ns delay SLICE_391 to serial_out

   Name    Fanout   Delay (ns)          Site               Resource
REG_DEL     ---     0.452     R9C15D.CLK to      R9C15D.Q0 SLICE_391 (from clk_c)
ROUTE         1     0.626      R9C15D.Q0 to      R9C15A.D0 observe[63]
CTOF_DEL    ---     0.495      R9C15A.D0 to      R9C15A.F0 SLICE_170
ROUTE         1     0.645      R9C15A.F0 to      R8C15D.D0 serial_out_102
CTOF_DEL    ---     0.495      R8C15D.D0 to      R8C15D.F0 SLICE_409
ROUTE         1     3.008      R8C15D.F0 to      R7C13D.B0 serial_out_156
CTOF_DEL    ---     0.495      R7C13D.B0 to      R7C13D.F0 SLICE_404
ROUTE         1     1.600      R7C13D.F0 to      R3C11C.D0 serial_out_169
CTOF_DEL    ---     0.495      R3C11C.D0 to      R3C11C.F0 SLICE_403
ROUTE         1     1.435      R3C11C.F0 to       28.PADDO serial_out_c
DOPAD_DEL   ---     2.797       28.PADDO to         28.PAD serial_out
                  --------
                   12.543   (41.7% logic, 58.3% route), 6 logic levels.

Unconstrained Preference:
   CLOCK_TO_OUT PORT "serial_out" CLKPORT "clk" 

Report:   12.506ns delay SLICE_404 to serial_out

   Name    Fanout   Delay (ns)          Site               Resource
REG_DEL     ---     0.452     R7C13D.CLK to      R7C13D.Q1 SLICE_404 (from clk_c)
ROUTE         1     1.004      R7C13D.Q1 to      R7C13B.B0 observe[29]
CTOF_DEL    ---     0.495      R7C13B.B0 to      R7C13B.F0 SLICE_171
ROUTE         1     1.051      R7C13B.F0 to      R5C13D.A0 serial_out_94
CTOF_DEL    ---     0.495      R5C13D.A0 to      R5C13D.F0 SLICE_407
ROUTE         1     2.187      R5C13D.F0 to      R7C13D.A0 serial_out_154
CTOF_DEL    ---     0.495      R7C13D.A0 to      R7C13D.F0 SLICE_404
ROUTE         1     1.600      R7C13D.F0 to      R3C11C.D0 serial_out_169
CTOF_DEL    ---     0.495      R3C11C.D0 to      R3C11C.F0 SLICE_403
ROUTE         1     1.435      R3C11C.F0 to       28.PADDO serial_out_c
DOPAD_DEL   ---     2.797       28.PADDO to         28.PAD serial_out
                  --------
                   12.506   (41.8% logic, 58.2% route), 6 logic levels.

Unconstrained Preference:
   CLOCK_TO_OUT PORT "serial_out" CLKPORT "clk" 

Report:   12.480ns delay SLICE_394 to serial_out

   Name    Fanout   Delay (ns)          Site               Resource
REG_DEL     ---     0.452     R8C16A.CLK to      R8C16A.Q1 SLICE_394 (from clk_c)
ROUTE         1     1.042      R8C16A.Q1 to      R8C14C.D0 observe[52]
CTOF_DEL    ---     0.495      R8C14C.D0 to      R8C14C.F0 SLICE_492
ROUTE         1     1.498      R8C14C.F0 to      R7C14A.A0 serial_out_100
CTOF_DEL    ---     0.495      R7C14A.A0 to      R7C14A.F0 SLICE_408
ROUTE         1     1.676      R7C14A.F0 to      R7C13D.D0 serial_out_155
CTOF_DEL    ---     0.495      R7C13D.D0 to      R7C13D.F0 SLICE_404
ROUTE         1     1.600      R7C13D.F0 to      R3C11C.D0 serial_out_169
CTOF_DEL    ---     0.495      R3C11C.D0 to      R3C11C.F0 SLICE_403
ROUTE         1     1.435      R3C11C.F0 to       28.PADDO serial_out_c
DOPAD_DEL   ---     2.797       28.PADDO to         28.PAD serial_out
                  --------
                   12.480   (41.9% logic, 58.1% route), 6 logic levels.

Unconstrained Preference:
   CLOCK_TO_OUT PORT "serial_out" CLKPORT "clk" 

Report:   12.474ns delay SLICE_460 to serial_out

   Name    Fanout   Delay (ns)          Site               Resource
REG_DEL     ---     0.452     R8C14A.CLK to      R8C14A.Q0 SLICE_460 (from clk_c)
ROUTE         1     0.766      R8C14A.Q0 to      R8C15D.C1 observe[75]
CTOF_DEL    ---     0.495      R8C15D.C1 to      R8C15D.F1 SLICE_409
ROUTE         1     0.436      R8C15D.F1 to      R8C15D.C0 serial_out_105
CTOF_DEL    ---     0.495      R8C15D.C0 to      R8C15D.F0 SLICE_409
ROUTE         1     3.008      R8C15D.F0 to      R7C13D.B0 serial_out_156
CTOF_DEL    ---     0.495      R7C13D.B0 to      R7C13D.F0 SLICE_404
ROUTE         1     1.600      R7C13D.F0 to      R3C11C.D0 serial_out_169
CTOF_DEL    ---     0.495      R3C11C.D0 to      R3C11C.F0 SLICE_403
ROUTE         1     1.435      R3C11C.F0 to       28.PADDO serial_out_c
DOPAD_DEL   ---     2.797       28.PADDO to         28.PAD serial_out
                  --------
                   12.474   (41.9% logic, 58.1% route), 6 logic levels.

Unconstrained Preference:
   CLOCK_TO_OUT PORT "serial_out" CLKPORT "clk" 

Report:   12.461ns delay SLICE_383 to serial_out

   Name    Fanout   Delay (ns)          Site               Resource
REG_DEL     ---     0.452     R8C16B.CLK to      R8C16B.Q1 SLICE_383 (from clk_c)
ROUTE         1     1.023      R8C16B.Q1 to      R8C14C.B0 observe[54]
CTOF_DEL    ---     0.495      R8C14C.B0 to      R8C14C.F0 SLICE_492
ROUTE         1     1.498      R8C14C.F0 to      R7C14A.A0 serial_out_100
CTOF_DEL    ---     0.495      R7C14A.A0 to      R7C14A.F0 SLICE_408
ROUTE         1     1.676      R7C14A.F0 to      R7C13D.D0 serial_out_155
CTOF_DEL    ---     0.495      R7C13D.D0 to      R7C13D.F0 SLICE_404
ROUTE         1     1.600      R7C13D.F0 to      R3C11C.D0 serial_out_169
CTOF_DEL    ---     0.495      R3C11C.D0 to      R3C11C.F0 SLICE_403
ROUTE         1     1.435      R3C11C.F0 to       28.PADDO serial_out_c
DOPAD_DEL   ---     2.797       28.PADDO to         28.PAD serial_out
                  --------
                   12.461   (42.0% logic, 58.0% route), 6 logic levels.

Unconstrained Preference:
   CLOCK_TO_OUT PORT "serial_out" CLKPORT "clk" 

Report:   12.461ns delay SLICE_409 to serial_out

   Name    Fanout   Delay (ns)          Site               Resource
REG_DEL     ---     0.452     R8C15D.CLK to      R8C15D.Q1 SLICE_409 (from clk_c)
ROUTE         1     2.220      R8C15D.Q1 to      R5C12D.C0 observe[132]
CTOF_DEL    ---     0.495      R5C12D.C0 to      R5C12D.F0 SLICE_486
ROUTE         1     2.496      R5C12D.F0 to      R5C11D.A0 serial_out_120
CTOF_DEL    ---     0.495      R5C11D.A0 to      R5C11D.F0 SLICE_412
ROUTE         1     0.315      R5C11D.F0 to      R5C11C.D0 serial_out_160
CTOF_DEL    ---     0.495      R5C11C.D0 to      R5C11C.F0 SLICE_405
ROUTE         1     0.766      R5C11C.F0 to      R3C11C.C0 serial_out_170
CTOF_DEL    ---     0.495      R3C11C.C0 to      R3C11C.F0 SLICE_403
ROUTE         1     1.435      R3C11C.F0 to       28.PADDO serial_out_c
DOPAD_DEL   ---     2.797       28.PADDO to         28.PAD serial_out
                  --------
                   12.461   (42.0% logic, 58.0% route), 6 logic levels.

Unconstrained Preference:
   CLOCK_TO_OUT PORT "serial_out" CLKPORT "clk" 

Report:   12.338ns delay SLICE_491 to serial_out

   Name    Fanout   Delay (ns)          Site               Resource
REG_DEL     ---     0.452     R8C15C.CLK to      R8C15C.Q0 SLICE_491 (from clk_c)
ROUTE         1     2.377      R8C15C.Q0 to      R7C13A.B0 observe[103]
CTOF_DEL    ---     0.495      R7C13A.B0 to      R7C13A.F0 SLICE_488
ROUTE         1     0.656      R7C13A.F0 to      R7C13C.A0 serial_out_112
CTOF_DEL    ---     0.495      R7C13C.A0 to      R7C13C.F0 SLICE_410
ROUTE         1     1.875      R7C13C.F0 to      R5C11C.B0 serial_out_158
CTOF_DEL    ---     0.495      R5C11C.B0 to      R5C11C.F0 SLICE_405
ROUTE         1     0.766      R5C11C.F0 to      R3C11C.C0 serial_out_170
CTOF_DEL    ---     0.495      R3C11C.C0 to      R3C11C.F0 SLICE_403
ROUTE         1     1.435      R3C11C.F0 to       28.PADDO serial_out_c
DOPAD_DEL   ---     2.797       28.PADDO to         28.PAD serial_out
                  --------
                   12.338   (42.4% logic, 57.6% route), 6 logic levels.

Unconstrained Preference:
   CLOCK_TO_OUT PORT "serial_out" CLKPORT "clk" 

Report:   12.328ns delay SLICE_481 to serial_out

   Name    Fanout   Delay (ns)          Site               Resource
REG_DEL     ---     0.452     R9C17A.CLK to      R9C17A.Q1 SLICE_481 (from clk_c)
ROUTE         1     1.042      R9C17A.Q1 to      R9C15A.D1 observe[92]
CTOF_DEL    ---     0.495      R9C15A.D1 to      R9C15A.F1 SLICE_170
ROUTE         1     1.981      R9C15A.F1 to      R7C13C.D0 serial_out_110
CTOF_DEL    ---     0.495      R7C13C.D0 to      R7C13C.F0 SLICE_410
ROUTE         1     1.875      R7C13C.F0 to      R5C11C.B0 serial_out_158
CTOF_DEL    ---     0.495      R5C11C.B0 to      R5C11C.F0 SLICE_405
ROUTE         1     0.766      R5C11C.F0 to      R3C11C.C0 serial_out_170
CTOF_DEL    ---     0.495      R3C11C.C0 to      R3C11C.F0 SLICE_403
ROUTE         1     1.435      R3C11C.F0 to       28.PADDO serial_out_c
DOPAD_DEL   ---     2.797       28.PADDO to         28.PAD serial_out
                  --------
                   12.328   (42.4% logic, 57.6% route), 6 logic levels.

Unconstrained Preference:
   CLOCK_TO_OUT PORT "serial_out" CLKPORT "clk" 

Report:   12.313ns delay SLICE_72 to serial_out

   Name    Fanout   Delay (ns)          Site               Resource
REG_DEL     ---     0.452      R4C6D.CLK to       R4C6D.Q1 SLICE_72 (from clk_c)
ROUTE         1     1.705       R4C6D.Q1 to       R3C8D.C1 observe[16]
CTOF_DEL    ---     0.495       R3C8D.C1 to       R3C8D.F1 SLICE_494
ROUTE         1     2.013       R3C8D.F1 to      R4C11B.A0 serial_out_91
CTOF_DEL    ---     0.495      R4C11B.A0 to      R4C11B.F0 SLICE_406
ROUTE         1     0.964      R4C11B.F0 to      R3C11C.A1 serial_out_153
CTOF_DEL    ---     0.495      R3C11C.A1 to      R3C11C.F1 SLICE_403
ROUTE         1     0.967      R3C11C.F1 to      R3C11C.A0 serial_out_163
CTOF_DEL    ---     0.495      R3C11C.A0 to      R3C11C.F0 SLICE_403
ROUTE         1     1.435      R3C11C.F0 to       28.PADDO serial_out_c
DOPAD_DEL   ---     2.797       28.PADDO to         28.PAD serial_out
                  --------
                   12.313   (42.5% logic, 57.5% route), 6 logic levels.

Unconstrained Preference:
   CLOCK_TO_OUT PORT "serial_out" CLKPORT "clk" 

Report:   12.287ns delay SLICE_386 to serial_out

   Name    Fanout   Delay (ns)          Site               Resource
REG_DEL     ---     0.452     R9C16D.CLK to      R9C16D.Q0 SLICE_386 (from clk_c)
ROUTE         1     1.001      R9C16D.Q0 to      R9C15A.B1 observe[95]
CTOF_DEL    ---     0.495      R9C15A.B1 to      R9C15A.F1 SLICE_170
ROUTE         1     1.981      R9C15A.F1 to      R7C13C.D0 serial_out_110
CTOF_DEL    ---     0.495      R7C13C.D0 to      R7C13C.F0 SLICE_410
ROUTE         1     1.875      R7C13C.F0 to      R5C11C.B0 serial_out_158
CTOF_DEL    ---     0.495      R5C11C.B0 to      R5C11C.F0 SLICE_405
ROUTE         1     0.766      R5C11C.F0 to      R3C11C.C0 serial_out_170
CTOF_DEL    ---     0.495      R3C11C.C0 to      R3C11C.F0 SLICE_403
ROUTE         1     1.435      R3C11C.F0 to       28.PADDO serial_out_c
DOPAD_DEL   ---     2.797       28.PADDO to         28.PAD serial_out
                  --------
                   12.287   (42.6% logic, 57.4% route), 6 logic levels.

Unconstrained Preference:
   CLOCK_TO_OUT PORT "serial_out" CLKPORT "clk" 

Report:   12.249ns delay SLICE_404 to serial_out

   Name    Fanout   Delay (ns)          Site               Resource
REG_DEL     ---     0.452     R7C13D.CLK to      R7C13D.Q0 SLICE_404 (from clk_c)
ROUTE         1     0.747      R7C13D.Q0 to      R7C13B.C0 observe[28]
CTOF_DEL    ---     0.495      R7C13B.C0 to      R7C13B.F0 SLICE_171
ROUTE         1     1.051      R7C13B.F0 to      R5C13D.A0 serial_out_94
CTOF_DEL    ---     0.495      R5C13D.A0 to      R5C13D.F0 SLICE_407
ROUTE         1     2.187      R5C13D.F0 to      R7C13D.A0 serial_out_154
CTOF_DEL    ---     0.495      R7C13D.A0 to      R7C13D.F0 SLICE_404
ROUTE         1     1.600      R7C13D.F0 to      R3C11C.D0 serial_out_169
CTOF_DEL    ---     0.495      R3C11C.D0 to      R3C11C.F0 SLICE_403
ROUTE         1     1.435      R3C11C.F0 to       28.PADDO serial_out_c
DOPAD_DEL   ---     2.797       28.PADDO to         28.PAD serial_out
                  --------
                   12.249   (42.7% logic, 57.3% route), 6 logic levels.

Unconstrained Preference:
   CLOCK_TO_OUT PORT "serial_out" CLKPORT "clk" 

Report:   12.227ns delay SLICE_491 to serial_out

   Name    Fanout   Delay (ns)          Site               Resource
REG_DEL     ---     0.452     R8C15C.CLK to      R8C15C.Q1 SLICE_491 (from clk_c)
ROUTE         1     2.486      R8C15C.Q1 to      R7C13C.B1 observe[104]
CTOF_DEL    ---     0.495      R7C13C.B1 to      R7C13C.F1 SLICE_410
ROUTE         1     0.436      R7C13C.F1 to      R7C13C.C0 serial_out_113
CTOF_DEL    ---     0.495      R7C13C.C0 to      R7C13C.F0 SLICE_410
ROUTE         1     1.875      R7C13C.F0 to      R5C11C.B0 serial_out_158
CTOF_DEL    ---     0.495      R5C11C.B0 to      R5C11C.F0 SLICE_405
ROUTE         1     0.766      R5C11C.F0 to      R3C11C.C0 serial_out_170
CTOF_DEL    ---     0.495      R3C11C.C0 to      R3C11C.F0 SLICE_403
ROUTE         1     1.435      R3C11C.F0 to       28.PADDO serial_out_c
DOPAD_DEL   ---     2.797       28.PADDO to         28.PAD serial_out
                  --------
                   12.227   (42.8% logic, 57.2% route), 6 logic levels.

Unconstrained Preference:
   CLOCK_TO_OUT PORT "serial_out" CLKPORT "clk" 

Report:   12.204ns delay SLICE_380 to serial_out

   Name    Fanout   Delay (ns)          Site               Resource
REG_DEL     ---     0.452    R10C14C.CLK to     R10C14C.Q0 SLICE_380 (from clk_c)
ROUTE         1     0.766     R10C14C.Q0 to      R8C14C.C0 observe[55]
CTOF_DEL    ---     0.495      R8C14C.C0 to      R8C14C.F0 SLICE_492
ROUTE         1     1.498      R8C14C.F0 to      R7C14A.A0 serial_out_100
CTOF_DEL    ---     0.495      R7C14A.A0 to      R7C14A.F0 SLICE_408
ROUTE         1     1.676      R7C14A.F0 to      R7C13D.D0 serial_out_155
CTOF_DEL    ---     0.495      R7C13D.D0 to      R7C13D.F0 SLICE_404
ROUTE         1     1.600      R7C13D.F0 to      R3C11C.D0 serial_out_169
CTOF_DEL    ---     0.495      R3C11C.D0 to      R3C11C.F0 SLICE_403
ROUTE         1     1.435      R3C11C.F0 to       28.PADDO serial_out_c
DOPAD_DEL   ---     2.797       28.PADDO to         28.PAD serial_out
                  --------
                   12.204   (42.8% logic, 57.2% route), 6 logic levels.

Unconstrained Preference:
   CLOCK_TO_OUT PORT "serial_out" CLKPORT "clk" 

Report:   12.180ns delay SLICE_75 to serial_out

   Name    Fanout   Delay (ns)          Site               Resource
REG_DEL     ---     0.452     R5C10B.CLK to      R5C10B.Q0 SLICE_75 (from clk_c)
ROUTE         1     2.428      R5C10B.Q0 to       R3C8D.A0 observe[21]
CTOF_DEL    ---     0.495       R3C8D.A0 to       R3C8D.F0 SLICE_494
ROUTE         1     1.157       R3C8D.F0 to      R4C11B.D0 serial_out_92
CTOF_DEL    ---     0.495      R4C11B.D0 to      R4C11B.F0 SLICE_406
ROUTE         1     0.964      R4C11B.F0 to      R3C11C.A1 serial_out_153
CTOF_DEL    ---     0.495      R3C11C.A1 to      R3C11C.F1 SLICE_403
ROUTE         1     0.967      R3C11C.F1 to      R3C11C.A0 serial_out_163
CTOF_DEL    ---     0.495      R3C11C.A0 to      R3C11C.F0 SLICE_403
ROUTE         1     1.435      R3C11C.F0 to       28.PADDO serial_out_c
DOPAD_DEL   ---     2.797       28.PADDO to         28.PAD serial_out
                  --------
                   12.180   (42.9% logic, 57.1% route), 6 logic levels.

Unconstrained Preference:
   CLOCK_TO_OUT PORT "serial_out" CLKPORT "clk" 

Report:   12.169ns delay SLICE_393 to serial_out

   Name    Fanout   Delay (ns)          Site               Resource
REG_DEL     ---     0.452     R9C17D.CLK to      R9C17D.Q1 SLICE_393 (from clk_c)
ROUTE         1     1.668      R9C17D.Q1 to      R7C17D.B1 observe[84]
CTOF_DEL    ---     0.495      R7C17D.B1 to      R7C17D.F1 SLICE_489
ROUTE         1     1.801      R7C17D.F1 to      R7C13D.A1 serial_out_108
CTOF_DEL    ---     0.495      R7C13D.A1 to      R7C13D.F1 SLICE_404
ROUTE         1     0.436      R7C13D.F1 to      R7C13D.C0 serial_out_157
CTOF_DEL    ---     0.495      R7C13D.C0 to      R7C13D.F0 SLICE_404
ROUTE         1     1.600      R7C13D.F0 to      R3C11C.D0 serial_out_169
CTOF_DEL    ---     0.495      R3C11C.D0 to      R3C11C.F0 SLICE_403
ROUTE         1     1.435      R3C11C.F0 to       28.PADDO serial_out_c
DOPAD_DEL   ---     2.797       28.PADDO to         28.PAD serial_out
                  --------
                   12.169   (43.0% logic, 57.0% route), 6 logic levels.

Unconstrained Preference:
   CLOCK_TO_OUT PORT "serial_out" CLKPORT "clk" 

Report:   12.150ns delay SLICE_402 to serial_out

   Name    Fanout   Delay (ns)          Site               Resource
REG_DEL     ---     0.452    R10C14B.CLK to     R10C14B.Q0 SLICE_402 (from clk_c)
ROUTE         1     1.763     R10C14B.Q0 to      R9C13D.B1 observe[79]
CTOF_DEL    ---     0.495      R9C13D.B1 to      R9C13D.F1 SLICE_490
ROUTE         1     1.687      R9C13D.F1 to      R7C13D.D1 serial_out_106
CTOF_DEL    ---     0.495      R7C13D.D1 to      R7C13D.F1 SLICE_404
ROUTE         1     0.436      R7C13D.F1 to      R7C13D.C0 serial_out_157
CTOF_DEL    ---     0.495      R7C13D.C0 to      R7C13D.F0 SLICE_404
ROUTE         1     1.600      R7C13D.F0 to      R3C11C.D0 serial_out_169
CTOF_DEL    ---     0.495      R3C11C.D0 to      R3C11C.F0 SLICE_403
ROUTE         1     1.435      R3C11C.F0 to       28.PADDO serial_out_c
DOPAD_DEL   ---     2.797       28.PADDO to         28.PAD serial_out
                  --------
                   12.150   (43.0% logic, 57.0% route), 6 logic levels.

Unconstrained Preference:
   CLOCK_TO_OUT PORT "serial_out" CLKPORT "clk" 

Report:   12.150ns delay SLICE_458 to serial_out

   Name    Fanout   Delay (ns)          Site               Resource
REG_DEL     ---     0.452     R7C14C.CLK to      R7C14C.Q1 SLICE_458 (from clk_c)
ROUTE         1     0.623      R7C14C.Q1 to      R7C13B.D1 observe[44]
CTOF_DEL    ---     0.495      R7C13B.D1 to      R7C13B.F1 SLICE_171
ROUTE         1     1.587      R7C13B.F1 to      R7C14A.D0 serial_out_98
CTOF_DEL    ---     0.495      R7C14A.D0 to      R7C14A.F0 SLICE_408
ROUTE         1     1.676      R7C14A.F0 to      R7C13D.D0 serial_out_155
CTOF_DEL    ---     0.495      R7C13D.D0 to      R7C13D.F0 SLICE_404
ROUTE         1     1.600      R7C13D.F0 to      R3C11C.D0 serial_out_169
CTOF_DEL    ---     0.495      R3C11C.D0 to      R3C11C.F0 SLICE_403
ROUTE         1     1.435      R3C11C.F0 to       28.PADDO serial_out_c
DOPAD_DEL   ---     2.797       28.PADDO to         28.PAD serial_out
                  --------
                   12.150   (43.0% logic, 57.0% route), 6 logic levels.

Unconstrained Preference:
   CLOCK_TO_OUT PORT "serial_out" CLKPORT "clk" 

Report:   12.132ns delay SLICE_382 to serial_out

   Name    Fanout   Delay (ns)          Site               Resource
REG_DEL     ---     0.452     R9C14B.CLK to      R9C14B.Q0 SLICE_382 (from clk_c)
ROUTE         1     0.964      R9C14B.Q0 to      R8C14C.A1 observe[49]
CTOF_DEL    ---     0.495      R8C14C.A1 to      R8C14C.F1 SLICE_492
ROUTE         1     1.228      R8C14C.F1 to      R7C14A.C0 serial_out_99
CTOF_DEL    ---     0.495      R7C14A.C0 to      R7C14A.F0 SLICE_408
ROUTE         1     1.676      R7C14A.F0 to      R7C13D.D0 serial_out_155
CTOF_DEL    ---     0.495      R7C13D.D0 to      R7C13D.F0 SLICE_404
ROUTE         1     1.600      R7C13D.F0 to      R3C11C.D0 serial_out_169
CTOF_DEL    ---     0.495      R3C11C.D0 to      R3C11C.F0 SLICE_403
ROUTE         1     1.435      R3C11C.F0 to       28.PADDO serial_out_c
DOPAD_DEL   ---     2.797       28.PADDO to         28.PAD serial_out
                  --------
                   12.132   (43.1% logic, 56.9% route), 6 logic levels.

Unconstrained Preference:
   CLOCK_TO_OUT PORT "serial_out" CLKPORT "clk" 

Report:   12.030ns delay SLICE_459 to serial_out

   Name    Fanout   Delay (ns)          Site               Resource
REG_DEL     ---     0.452     R9C16B.CLK to      R9C16B.Q1 SLICE_459 (from clk_c)
ROUTE         1     0.744      R9C16B.Q1 to      R9C15A.C1 observe[94]
CTOF_DEL    ---     0.495      R9C15A.C1 to      R9C15A.F1 SLICE_170
ROUTE         1     1.981      R9C15A.F1 to      R7C13C.D0 serial_out_110
CTOF_DEL    ---     0.495      R7C13C.D0 to      R7C13C.F0 SLICE_410
ROUTE         1     1.875      R7C13C.F0 to      R5C11C.B0 serial_out_158
CTOF_DEL    ---     0.495      R5C11C.B0 to      R5C11C.F0 SLICE_405
ROUTE         1     0.766      R5C11C.F0 to      R3C11C.C0 serial_out_170
CTOF_DEL    ---     0.495      R3C11C.C0 to      R3C11C.F0 SLICE_403
ROUTE         1     1.435      R3C11C.F0 to       28.PADDO serial_out_c
DOPAD_DEL   ---     2.797       28.PADDO to         28.PAD serial_out
                  --------
                   12.030   (43.5% logic, 56.5% route), 6 logic levels.

Unconstrained Preference:
   CLOCK_TO_OUT PORT "serial_out" CLKPORT "clk" 

Report:   12.014ns delay SLICE_403 to serial_out

   Name    Fanout   Delay (ns)          Site               Resource
REG_DEL     ---     0.452     R3C11C.CLK to      R3C11C.Q1 SLICE_403 (from clk_c)
ROUTE         1     2.053      R3C11C.Q1 to      R7C13A.A0 observe[100]
CTOF_DEL    ---     0.495      R7C13A.A0 to      R7C13A.F0 SLICE_488
ROUTE         1     0.656      R7C13A.F0 to      R7C13C.A0 serial_out_112
CTOF_DEL    ---     0.495      R7C13C.A0 to      R7C13C.F0 SLICE_410
ROUTE         1     1.875      R7C13C.F0 to      R5C11C.B0 serial_out_158
CTOF_DEL    ---     0.495      R5C11C.B0 to      R5C11C.F0 SLICE_405
ROUTE         1     0.766      R5C11C.F0 to      R3C11C.C0 serial_out_170
CTOF_DEL    ---     0.495      R3C11C.C0 to      R3C11C.F0 SLICE_403
ROUTE         1     1.435      R3C11C.F0 to       28.PADDO serial_out_c
DOPAD_DEL   ---     2.797       28.PADDO to         28.PAD serial_out
                  --------
                   12.014   (43.5% logic, 56.5% route), 6 logic levels.

Unconstrained Preference:
   CLOCK_TO_OUT PORT "serial_out" CLKPORT "clk" 

Report:   11.934ns delay SLICE_394 to serial_out

   Name    Fanout   Delay (ns)          Site               Resource
REG_DEL     ---     0.452     R8C16A.CLK to      R8C16A.Q0 SLICE_394 (from clk_c)
ROUTE         1     0.766      R8C16A.Q0 to      R8C14C.C1 observe[51]
CTOF_DEL    ---     0.495      R8C14C.C1 to      R8C14C.F1 SLICE_492
ROUTE         1     1.228      R8C14C.F1 to      R7C14A.C0 serial_out_99
CTOF_DEL    ---     0.495      R7C14A.C0 to      R7C14A.F0 SLICE_408
ROUTE         1     1.676      R7C14A.F0 to      R7C13D.D0 serial_out_155
CTOF_DEL    ---     0.495      R7C13D.D0 to      R7C13D.F0 SLICE_404
ROUTE         1     1.600      R7C13D.F0 to      R3C11C.D0 serial_out_169
CTOF_DEL    ---     0.495      R3C11C.D0 to      R3C11C.F0 SLICE_403
ROUTE         1     1.435      R3C11C.F0 to       28.PADDO serial_out_c
DOPAD_DEL   ---     2.797       28.PADDO to         28.PAD serial_out
                  --------
                   11.934   (43.8% logic, 56.2% route), 6 logic levels.

Unconstrained Preference:
   CLOCK_TO_OUT PORT "serial_out" CLKPORT "clk" 

Report:   11.930ns delay SLICE_386 to serial_out

   Name    Fanout   Delay (ns)          Site               Resource
REG_DEL     ---     0.452     R9C16D.CLK to      R9C16D.Q1 SLICE_386 (from clk_c)
ROUTE         1     1.932      R9C16D.Q1 to      R7C13A.B1 observe[96]
CTOF_DEL    ---     0.495      R7C13A.B1 to      R7C13A.F1 SLICE_488
ROUTE         1     0.693      R7C13A.F1 to      R7C13C.B0 serial_out_111
CTOF_DEL    ---     0.495      R7C13C.B0 to      R7C13C.F0 SLICE_410
ROUTE         1     1.875      R7C13C.F0 to      R5C11C.B0 serial_out_158
CTOF_DEL    ---     0.495      R5C11C.B0 to      R5C11C.F0 SLICE_405
ROUTE         1     0.766      R5C11C.F0 to      R3C11C.C0 serial_out_170
CTOF_DEL    ---     0.495      R3C11C.C0 to      R3C11C.F0 SLICE_403
ROUTE         1     1.435      R3C11C.F0 to       28.PADDO serial_out_c
DOPAD_DEL   ---     2.797       28.PADDO to         28.PAD serial_out
                  --------
                   11.930   (43.8% logic, 56.2% route), 6 logic levels.

Unconstrained Preference:
   CLOCK_TO_OUT PORT "serial_out" CLKPORT "clk" 

Report:   11.910ns delay SLICE_402 to serial_out

   Name    Fanout   Delay (ns)          Site               Resource
REG_DEL     ---     0.452    R10C14B.CLK to     R10C14B.Q1 SLICE_402 (from clk_c)
ROUTE         1     1.810     R10C14B.Q1 to      R9C13D.A0 observe[80]
CTOF_DEL    ---     0.495      R9C13D.A0 to      R9C13D.F0 SLICE_490
ROUTE         1     1.400      R9C13D.F0 to      R7C13D.B1 serial_out_107
CTOF_DEL    ---     0.495      R7C13D.B1 to      R7C13D.F1 SLICE_404
ROUTE         1     0.436      R7C13D.F1 to      R7C13D.C0 serial_out_157
CTOF_DEL    ---     0.495      R7C13D.C0 to      R7C13D.F0 SLICE_404
ROUTE         1     1.600      R7C13D.F0 to      R3C11C.D0 serial_out_169
CTOF_DEL    ---     0.495      R3C11C.D0 to      R3C11C.F0 SLICE_403
ROUTE         1     1.435      R3C11C.F0 to       28.PADDO serial_out_c
DOPAD_DEL   ---     2.797       28.PADDO to         28.PAD serial_out
                  --------
                   11.910   (43.9% logic, 56.1% route), 6 logic levels.

Unconstrained Preference:
   CLOCK_TO_OUT PORT "serial_out" CLKPORT "clk" 

Report:   11.909ns delay SLICE_458 to serial_out

   Name    Fanout   Delay (ns)          Site               Resource
REG_DEL     ---     0.452     R7C14C.CLK to      R7C14C.Q0 SLICE_458 (from clk_c)
ROUTE         1     1.022      R7C14C.Q0 to      R5C13D.D1 observe[43]
CTOF_DEL    ---     0.495      R5C13D.D1 to      R5C13D.F1 SLICE_407
ROUTE         1     0.436      R5C13D.F1 to      R5C13D.C0 serial_out_97
CTOF_DEL    ---     0.495      R5C13D.C0 to      R5C13D.F0 SLICE_407
ROUTE         1     2.187      R5C13D.F0 to      R7C13D.A0 serial_out_154
CTOF_DEL    ---     0.495      R7C13D.A0 to      R7C13D.F0 SLICE_404
ROUTE         1     1.600      R7C13D.F0 to      R3C11C.D0 serial_out_169
CTOF_DEL    ---     0.495      R3C11C.D0 to      R3C11C.F0 SLICE_403
ROUTE         1     1.435      R3C11C.F0 to       28.PADDO serial_out_c
DOPAD_DEL   ---     2.797       28.PADDO to         28.PAD serial_out
                  --------
                   11.909   (43.9% logic, 56.1% route), 6 logic levels.

Unconstrained Preference:
   CLOCK_TO_OUT PORT "serial_out" CLKPORT "clk" 

Report:   11.890ns delay SLICE_70 to serial_out

   Name    Fanout   Delay (ns)          Site               Resource
REG_DEL     ---     0.452      R3C7C.CLK to       R3C7C.Q1 SLICE_70 (from clk_c)
ROUTE         1     1.959       R3C7C.Q1 to      R4C13A.D1 observe[12]
CTOF_DEL    ---     0.495      R4C13A.D1 to      R4C13A.F1 SLICE_172
ROUTE         1     1.336      R4C13A.F1 to      R4C11B.B0 serial_out_90
CTOF_DEL    ---     0.495      R4C11B.B0 to      R4C11B.F0 SLICE_406
ROUTE         1     0.964      R4C11B.F0 to      R3C11C.A1 serial_out_153
CTOF_DEL    ---     0.495      R3C11C.A1 to      R3C11C.F1 SLICE_403
ROUTE         1     0.967      R3C11C.F1 to      R3C11C.A0 serial_out_163
CTOF_DEL    ---     0.495      R3C11C.A0 to      R3C11C.F0 SLICE_403
ROUTE         1     1.435      R3C11C.F0 to       28.PADDO serial_out_c
DOPAD_DEL   ---     2.797       28.PADDO to         28.PAD serial_out
                  --------
                   11.890   (44.0% logic, 56.0% route), 6 logic levels.

Unconstrained Preference:
   CLOCK_TO_OUT PORT "serial_out" CLKPORT "clk" 

Report:   11.803ns delay SLICE_410 to serial_out

   Name    Fanout   Delay (ns)          Site               Resource
REG_DEL     ---     0.452     R7C13C.CLK to      R7C13C.Q0 SLICE_410 (from clk_c)
ROUTE         1     1.562      R7C13C.Q0 to      R5C12D.B0 observe[133]
CTOF_DEL    ---     0.495      R5C12D.B0 to      R5C12D.F0 SLICE_486
ROUTE         1     2.496      R5C12D.F0 to      R5C11D.A0 serial_out_120
CTOF_DEL    ---     0.495      R5C11D.A0 to      R5C11D.F0 SLICE_412
ROUTE         1     0.315      R5C11D.F0 to      R5C11C.D0 serial_out_160
CTOF_DEL    ---     0.495      R5C11C.D0 to      R5C11C.F0 SLICE_405
ROUTE         1     0.766      R5C11C.F0 to      R3C11C.C0 serial_out_170
CTOF_DEL    ---     0.495      R3C11C.C0 to      R3C11C.F0 SLICE_403
ROUTE         1     1.435      R3C11C.F0 to       28.PADDO serial_out_c
DOPAD_DEL   ---     2.797       28.PADDO to         28.PAD serial_out
                  --------
                   11.803   (44.3% logic, 55.7% route), 6 logic levels.

Unconstrained Preference:
   CLOCK_TO_OUT PORT "serial_out" CLKPORT "clk" 

Report:   11.791ns delay SLICE_382 to serial_out

   Name    Fanout   Delay (ns)          Site               Resource
REG_DEL     ---     0.452     R9C14B.CLK to      R9C14B.Q1 SLICE_382 (from clk_c)
ROUTE         1     0.623      R9C14B.Q1 to      R8C14C.D1 observe[50]
CTOF_DEL    ---     0.495      R8C14C.D1 to      R8C14C.F1 SLICE_492
ROUTE         1     1.228      R8C14C.F1 to      R7C14A.C0 serial_out_99
CTOF_DEL    ---     0.495      R7C14A.C0 to      R7C14A.F0 SLICE_408
ROUTE         1     1.676      R7C14A.F0 to      R7C13D.D0 serial_out_155
CTOF_DEL    ---     0.495      R7C13D.D0 to      R7C13D.F0 SLICE_404
ROUTE         1     1.600      R7C13D.F0 to      R3C11C.D0 serial_out_169
CTOF_DEL    ---     0.495      R3C11C.D0 to      R3C11C.F0 SLICE_403
ROUTE         1     1.435      R3C11C.F0 to       28.PADDO serial_out_c
DOPAD_DEL   ---     2.797       28.PADDO to         28.PAD serial_out
                  --------
                   11.791   (44.3% logic, 55.7% route), 6 logic levels.

Unconstrained Preference:
   CLOCK_TO_OUT PORT "serial_out" CLKPORT "clk" 

Report:   11.769ns delay SLICE_71 to serial_out

   Name    Fanout   Delay (ns)          Site               Resource
REG_DEL     ---     0.452      R4C6A.CLK to       R4C6A.Q0 SLICE_71 (from clk_c)
ROUTE         1     1.838       R4C6A.Q0 to      R4C13A.B1 observe[13]
CTOF_DEL    ---     0.495      R4C13A.B1 to      R4C13A.F1 SLICE_172
ROUTE         1     1.336      R4C13A.F1 to      R4C11B.B0 serial_out_90
CTOF_DEL    ---     0.495      R4C11B.B0 to      R4C11B.F0 SLICE_406
ROUTE         1     0.964      R4C11B.F0 to      R3C11C.A1 serial_out_153
CTOF_DEL    ---     0.495      R3C11C.A1 to      R3C11C.F1 SLICE_403
ROUTE         1     0.967      R3C11C.F1 to      R3C11C.A0 serial_out_163
CTOF_DEL    ---     0.495      R3C11C.A0 to      R3C11C.F0 SLICE_403
ROUTE         1     1.435      R3C11C.F0 to       28.PADDO serial_out_c
DOPAD_DEL   ---     2.797       28.PADDO to         28.PAD serial_out
                  --------
                   11.769   (44.4% logic, 55.6% route), 6 logic levels.

Unconstrained Preference:
   CLOCK_TO_OUT PORT "serial_out" CLKPORT "clk" 

Report:   11.742ns delay SLICE_488 to serial_out

   Name    Fanout   Delay (ns)          Site               Resource
REG_DEL     ---     0.452     R7C13A.CLK to      R7C13A.Q1 SLICE_488 (from clk_c)
ROUTE         1     2.325      R7C13A.Q1 to      R5C11B.A0 observe[110]
CTOF_DEL    ---     0.495      R5C11B.A0 to      R5C11B.F0 SLICE_169
ROUTE         1     1.023      R5C11B.F0 to      R4C11C.B0 serial_out_114
CTOF_DEL    ---     0.495      R4C11C.B0 to      R4C11C.F0 SLICE_411
ROUTE         1     0.964      R4C11C.F0 to      R5C11C.A0 serial_out_159
CTOF_DEL    ---     0.495      R5C11C.A0 to      R5C11C.F0 SLICE_405
ROUTE         1     0.766      R5C11C.F0 to      R3C11C.C0 serial_out_170
CTOF_DEL    ---     0.495      R3C11C.C0 to      R3C11C.F0 SLICE_403
ROUTE         1     1.435      R3C11C.F0 to       28.PADDO serial_out_c
DOPAD_DEL   ---     2.797       28.PADDO to         28.PAD serial_out
                  --------
                   11.742   (44.5% logic, 55.5% route), 6 logic levels.

Unconstrained Preference:
   CLOCK_TO_OUT PORT "serial_out" CLKPORT "clk" 

Report:   11.719ns delay SLICE_410 to serial_out

   Name    Fanout   Delay (ns)          Site               Resource
REG_DEL     ---     0.452     R7C13C.CLK to      R7C13C.Q1 SLICE_410 (from clk_c)
ROUTE         1     1.478      R7C13C.Q1 to      R5C12D.A0 observe[134]
CTOF_DEL    ---     0.495      R5C12D.A0 to      R5C12D.F0 SLICE_486
ROUTE         1     2.496      R5C12D.F0 to      R5C11D.A0 serial_out_120
CTOF_DEL    ---     0.495      R5C11D.A0 to      R5C11D.F0 SLICE_412
ROUTE         1     0.315      R5C11D.F0 to      R5C11C.D0 serial_out_160
CTOF_DEL    ---     0.495      R5C11C.D0 to      R5C11C.F0 SLICE_405
ROUTE         1     0.766      R5C11C.F0 to      R3C11C.C0 serial_out_170
CTOF_DEL    ---     0.495      R3C11C.C0 to      R3C11C.F0 SLICE_403
ROUTE         1     1.435      R3C11C.F0 to       28.PADDO serial_out_c
DOPAD_DEL   ---     2.797       28.PADDO to         28.PAD serial_out
                  --------
                   11.719   (44.6% logic, 55.4% route), 6 logic levels.

Unconstrained Preference:
   CLOCK_TO_OUT PORT "serial_out" CLKPORT "clk" 

Report:   11.678ns delay SLICE_492 to serial_out

   Name    Fanout   Delay (ns)          Site               Resource
REG_DEL     ---     0.452     R8C14C.CLK to      R8C14C.Q1 SLICE_492 (from clk_c)
ROUTE         1     1.717      R8C14C.Q1 to      R7C13A.D0 observe[102]
CTOF_DEL    ---     0.495      R7C13A.D0 to      R7C13A.F0 SLICE_488
ROUTE         1     0.656      R7C13A.F0 to      R7C13C.A0 serial_out_112
CTOF_DEL    ---     0.495      R7C13C.A0 to      R7C13C.F0 SLICE_410
ROUTE         1     1.875      R7C13C.F0 to      R5C11C.B0 serial_out_158
CTOF_DEL    ---     0.495      R5C11C.B0 to      R5C11C.F0 SLICE_405
ROUTE         1     0.766      R5C11C.F0 to      R3C11C.C0 serial_out_170
CTOF_DEL    ---     0.495      R3C11C.C0 to      R3C11C.F0 SLICE_403
ROUTE         1     1.435      R3C11C.F0 to       28.PADDO serial_out_c
DOPAD_DEL   ---     2.797       28.PADDO to         28.PAD serial_out
                  --------
                   11.678   (44.8% logic, 55.2% route), 6 logic levels.

Unconstrained Preference:
   CLOCK_TO_OUT PORT "serial_out" CLKPORT "clk" 

Report:   11.609ns delay SLICE_74 to serial_out

   Name    Fanout   Delay (ns)          Site               Resource
REG_DEL     ---     0.452      R4C8D.CLK to       R4C8D.Q0 SLICE_74 (from clk_c)
ROUTE         1     1.001       R4C8D.Q0 to       R3C8D.B1 observe[19]
CTOF_DEL    ---     0.495       R3C8D.B1 to       R3C8D.F1 SLICE_494
ROUTE         1     2.013       R3C8D.F1 to      R4C11B.A0 serial_out_91
CTOF_DEL    ---     0.495      R4C11B.A0 to      R4C11B.F0 SLICE_406
ROUTE         1     0.964      R4C11B.F0 to      R3C11C.A1 serial_out_153
CTOF_DEL    ---     0.495      R3C11C.A1 to      R3C11C.F1 SLICE_403
ROUTE         1     0.967      R3C11C.F1 to      R3C11C.A0 serial_out_163
CTOF_DEL    ---     0.495      R3C11C.A0 to      R3C11C.F0 SLICE_403
ROUTE         1     1.435      R3C11C.F0 to       28.PADDO serial_out_c
DOPAD_DEL   ---     2.797       28.PADDO to         28.PAD serial_out
                  --------
                   11.609   (45.0% logic, 55.0% route), 6 logic levels.

Unconstrained Preference:
   CLOCK_TO_OUT PORT "serial_out" CLKPORT "clk" 

Report:   11.606ns delay SLICE_71 to serial_out

   Name    Fanout   Delay (ns)          Site               Resource
REG_DEL     ---     0.452      R4C6A.CLK to       R4C6A.Q1 SLICE_71 (from clk_c)
ROUTE         1     1.675       R4C6A.Q1 to      R4C13A.C1 observe[14]
CTOF_DEL    ---     0.495      R4C13A.C1 to      R4C13A.F1 SLICE_172
ROUTE         1     1.336      R4C13A.F1 to      R4C11B.B0 serial_out_90
CTOF_DEL    ---     0.495      R4C11B.B0 to      R4C11B.F0 SLICE_406
ROUTE         1     0.964      R4C11B.F0 to      R3C11C.A1 serial_out_153
CTOF_DEL    ---     0.495      R3C11C.A1 to      R3C11C.F1 SLICE_403
ROUTE         1     0.967      R3C11C.F1 to      R3C11C.A0 serial_out_163
CTOF_DEL    ---     0.495      R3C11C.A0 to      R3C11C.F0 SLICE_403
ROUTE         1     1.435      R3C11C.F0 to       28.PADDO serial_out_c
DOPAD_DEL   ---     2.797       28.PADDO to         28.PAD serial_out
                  --------
                   11.606   (45.1% logic, 54.9% route), 6 logic levels.

Unconstrained Preference:
   CLOCK_TO_OUT PORT "serial_out" CLKPORT "clk" 

Report:   11.572ns delay SLICE_73 to serial_out

   Name    Fanout   Delay (ns)          Site               Resource
REG_DEL     ---     0.452      R3C7B.CLK to       R3C7B.Q0 SLICE_73 (from clk_c)
ROUTE         1     0.964       R3C7B.Q0 to       R3C8D.A1 observe[17]
CTOF_DEL    ---     0.495       R3C8D.A1 to       R3C8D.F1 SLICE_494
ROUTE         1     2.013       R3C8D.F1 to      R4C11B.A0 serial_out_91
CTOF_DEL    ---     0.495      R4C11B.A0 to      R4C11B.F0 SLICE_406
ROUTE         1     0.964      R4C11B.F0 to      R3C11C.A1 serial_out_153
CTOF_DEL    ---     0.495      R3C11C.A1 to      R3C11C.F1 SLICE_403
ROUTE         1     0.967      R3C11C.F1 to      R3C11C.A0 serial_out_163
CTOF_DEL    ---     0.495      R3C11C.A0 to      R3C11C.F0 SLICE_403
ROUTE         1     1.435      R3C11C.F0 to       28.PADDO serial_out_c
DOPAD_DEL   ---     2.797       28.PADDO to         28.PAD serial_out
                  --------
                   11.572   (45.2% logic, 54.8% route), 6 logic levels.

Unconstrained Preference:
   CLOCK_TO_OUT PORT "serial_out" CLKPORT "clk" 

Report:   11.570ns delay SLICE_490 to serial_out

   Name    Fanout   Delay (ns)          Site               Resource
REG_DEL     ---     0.452     R9C13D.CLK to      R9C13D.Q0 SLICE_490 (from clk_c)
ROUTE         1     1.829      R9C13D.Q0 to      R7C13C.C1 observe[105]
CTOF_DEL    ---     0.495      R7C13C.C1 to      R7C13C.F1 SLICE_410
ROUTE         1     0.436      R7C13C.F1 to      R7C13C.C0 serial_out_113
CTOF_DEL    ---     0.495      R7C13C.C0 to      R7C13C.F0 SLICE_410
ROUTE         1     1.875      R7C13C.F0 to      R5C11C.B0 serial_out_158
CTOF_DEL    ---     0.495      R5C11C.B0 to      R5C11C.F0 SLICE_405
ROUTE         1     0.766      R5C11C.F0 to      R3C11C.C0 serial_out_170
CTOF_DEL    ---     0.495      R3C11C.C0 to      R3C11C.F0 SLICE_403
ROUTE         1     1.435      R3C11C.F0 to       28.PADDO serial_out_c
DOPAD_DEL   ---     2.797       28.PADDO to         28.PAD serial_out
                  --------
                   11.570   (45.2% logic, 54.8% route), 6 logic levels.

Unconstrained Preference:
   CLOCK_TO_OUT PORT "serial_out" CLKPORT "clk" 

Report:   11.522ns delay SLICE_488 to serial_out

   Name    Fanout   Delay (ns)          Site               Resource
REG_DEL     ---     0.452     R7C13A.CLK to      R7C13A.Q0 SLICE_488 (from clk_c)
ROUTE         1     2.105      R7C13A.Q0 to      R5C11B.C0 observe[109]
CTOF_DEL    ---     0.495      R5C11B.C0 to      R5C11B.F0 SLICE_169
ROUTE         1     1.023      R5C11B.F0 to      R4C11C.B0 serial_out_114
CTOF_DEL    ---     0.495      R4C11C.B0 to      R4C11C.F0 SLICE_411
ROUTE         1     0.964      R4C11C.F0 to      R5C11C.A0 serial_out_159
CTOF_DEL    ---     0.495      R5C11C.A0 to      R5C11C.F0 SLICE_405
ROUTE         1     0.766      R5C11C.F0 to      R3C11C.C0 serial_out_170
CTOF_DEL    ---     0.495      R3C11C.C0 to      R3C11C.F0 SLICE_403
ROUTE         1     1.435      R3C11C.F0 to       28.PADDO serial_out_c
DOPAD_DEL   ---     2.797       28.PADDO to         28.PAD serial_out
                  --------
                   11.522   (45.4% logic, 54.6% route), 6 logic levels.

Unconstrained Preference:
   CLOCK_TO_OUT PORT "serial_out" CLKPORT "clk" 

Report:   11.468ns delay SLICE_401 to serial_out

   Name    Fanout   Delay (ns)          Site               Resource
REG_DEL     ---     0.452     R7C17C.CLK to      R7C17C.Q0 SLICE_401 (from clk_c)
ROUTE         1     0.967      R7C17C.Q0 to      R7C17D.A1 observe[85]
CTOF_DEL    ---     0.495      R7C17D.A1 to      R7C17D.F1 SLICE_489
ROUTE         1     1.801      R7C17D.F1 to      R7C13D.A1 serial_out_108
CTOF_DEL    ---     0.495      R7C13D.A1 to      R7C13D.F1 SLICE_404
ROUTE         1     0.436      R7C13D.F1 to      R7C13D.C0 serial_out_157
CTOF_DEL    ---     0.495      R7C13D.C0 to      R7C13D.F0 SLICE_404
ROUTE         1     1.600      R7C13D.F0 to      R3C11C.D0 serial_out_169
CTOF_DEL    ---     0.495      R3C11C.D0 to      R3C11C.F0 SLICE_403
ROUTE         1     1.435      R3C11C.F0 to       28.PADDO serial_out_c
DOPAD_DEL   ---     2.797       28.PADDO to         28.PAD serial_out
                  --------
                   11.468   (45.6% logic, 54.4% route), 6 logic levels.

Unconstrained Preference:
   CLOCK_TO_OUT PORT "serial_out" CLKPORT "clk" 

Report:   11.429ns delay SLICE_72 to serial_out

   Name    Fanout   Delay (ns)          Site               Resource
REG_DEL     ---     0.452      R4C6D.CLK to       R4C6D.Q0 SLICE_72 (from clk_c)
ROUTE         1     1.498       R4C6D.Q0 to      R4C13A.A1 observe[15]
CTOF_DEL    ---     0.495      R4C13A.A1 to      R4C13A.F1 SLICE_172
ROUTE         1     1.336      R4C13A.F1 to      R4C11B.B0 serial_out_90
CTOF_DEL    ---     0.495      R4C11B.B0 to      R4C11B.F0 SLICE_406
ROUTE         1     0.964      R4C11B.F0 to      R3C11C.A1 serial_out_153
CTOF_DEL    ---     0.495      R3C11C.A1 to      R3C11C.F1 SLICE_403
ROUTE         1     0.967      R3C11C.F1 to      R3C11C.A0 serial_out_163
CTOF_DEL    ---     0.495      R3C11C.A0 to      R3C11C.F0 SLICE_403
ROUTE         1     1.435      R3C11C.F0 to       28.PADDO serial_out_c
DOPAD_DEL   ---     2.797       28.PADDO to         28.PAD serial_out
                  --------
                   11.429   (45.8% logic, 54.2% route), 6 logic levels.

Unconstrained Preference:
   CLOCK_TO_OUT PORT "serial_out" CLKPORT "clk" 

Report:   11.380ns delay SLICE_389 to serial_out

   Name    Fanout   Delay (ns)          Site               Resource
REG_DEL     ---     0.452     R7C14B.CLK to      R7C14B.Q0 SLICE_389 (from clk_c)
ROUTE         1     0.747      R7C14B.Q0 to      R7C14A.C1 observe[57]
CTOF_DEL    ---     0.495      R7C14A.C1 to      R7C14A.F1 SLICE_408
ROUTE         1     0.693      R7C14A.F1 to      R7C14A.B0 serial_out_101
CTOF_DEL    ---     0.495      R7C14A.B0 to      R7C14A.F0 SLICE_408
ROUTE         1     1.676      R7C14A.F0 to      R7C13D.D0 serial_out_155
CTOF_DEL    ---     0.495      R7C13D.D0 to      R7C13D.F0 SLICE_404
ROUTE         1     1.600      R7C13D.F0 to      R3C11C.D0 serial_out_169
CTOF_DEL    ---     0.495      R3C11C.D0 to      R3C11C.F0 SLICE_403
ROUTE         1     1.435      R3C11C.F0 to       28.PADDO serial_out_c
DOPAD_DEL   ---     2.797       28.PADDO to         28.PAD serial_out
                  --------
                   11.380   (45.9% logic, 54.1% route), 6 logic levels.

Unconstrained Preference:
   CLOCK_TO_OUT PORT "serial_out" CLKPORT "clk" 

Report:   11.369ns delay SLICE_436 to serial_out

   Name    Fanout   Delay (ns)          Site               Resource
REG_DEL     ---     0.452     R7C18C.CLK to      R7C18C.Q0 SLICE_436 (from clk_c)
ROUTE         1     1.163      R7C18C.Q0 to      R7C17D.C0 observe[89]
CTOF_DEL    ---     0.495      R7C17D.C0 to      R7C17D.F0 SLICE_489
ROUTE         1     1.506      R7C17D.F0 to      R7C13D.C1 serial_out_109
CTOF_DEL    ---     0.495      R7C13D.C1 to      R7C13D.F1 SLICE_404
ROUTE         1     0.436      R7C13D.F1 to      R7C13D.C0 serial_out_157
CTOF_DEL    ---     0.495      R7C13D.C0 to      R7C13D.F0 SLICE_404
ROUTE         1     1.600      R7C13D.F0 to      R3C11C.D0 serial_out_169
CTOF_DEL    ---     0.495      R3C11C.D0 to      R3C11C.F0 SLICE_403
ROUTE         1     1.435      R3C11C.F0 to       28.PADDO serial_out_c
DOPAD_DEL   ---     2.797       28.PADDO to         28.PAD serial_out
                  --------
                   11.369   (46.0% logic, 54.0% route), 6 logic levels.

Unconstrained Preference:
   CLOCK_TO_OUT PORT "serial_out" CLKPORT "clk" 

Report:   11.363ns delay SLICE_35 to serial_out

   Name    Fanout   Delay (ns)          Site               Resource
REG_DEL     ---     0.452      R4C7B.CLK to       R4C7B.Q0 SLICE_35 (from clk_c)
ROUTE         1     2.198       R4C7B.Q0 to      R4C10D.A1 observe[149]
CTOF_DEL    ---     0.495      R4C10D.A1 to      R4C10D.F1 SLICE_484
ROUTE         1     1.299      R4C10D.F1 to      R5C11C.A1 serial_out_124
CTOF_DEL    ---     0.495      R5C11C.A1 to      R5C11C.F1 SLICE_405
ROUTE         1     0.436      R5C11C.F1 to      R5C11C.C0 serial_out_161
CTOF_DEL    ---     0.495      R5C11C.C0 to      R5C11C.F0 SLICE_405
ROUTE         1     0.766      R5C11C.F0 to      R3C11C.C0 serial_out_170
CTOF_DEL    ---     0.495      R3C11C.C0 to      R3C11C.F0 SLICE_403
ROUTE         1     1.435      R3C11C.F0 to       28.PADDO serial_out_c
DOPAD_DEL   ---     2.797       28.PADDO to         28.PAD serial_out
                  --------
                   11.363   (46.0% logic, 54.0% route), 6 logic levels.

Unconstrained Preference:
   CLOCK_TO_OUT PORT "serial_out" CLKPORT "clk" 

Report:   11.351ns delay SLICE_480 to serial_out

   Name    Fanout   Delay (ns)          Site               Resource
REG_DEL     ---     0.452     R9C14D.CLK to      R9C14D.Q1 SLICE_480 (from clk_c)
ROUTE         1     0.964      R9C14D.Q1 to      R9C13D.A1 observe[78]
CTOF_DEL    ---     0.495      R9C13D.A1 to      R9C13D.F1 SLICE_490
ROUTE         1     1.687      R9C13D.F1 to      R7C13D.D1 serial_out_106
CTOF_DEL    ---     0.495      R7C13D.D1 to      R7C13D.F1 SLICE_404
ROUTE         1     0.436      R7C13D.F1 to      R7C13D.C0 serial_out_157
CTOF_DEL    ---     0.495      R7C13D.C0 to      R7C13D.F0 SLICE_404
ROUTE         1     1.600      R7C13D.F0 to      R3C11C.D0 serial_out_169
CTOF_DEL    ---     0.495      R3C11C.D0 to      R3C11C.F0 SLICE_403
ROUTE         1     1.435      R3C11C.F0 to       28.PADDO serial_out_c
DOPAD_DEL   ---     2.797       28.PADDO to         28.PAD serial_out
                  --------
                   11.351   (46.1% logic, 53.9% route), 6 logic levels.

Unconstrained Preference:
   CLOCK_TO_OUT PORT "serial_out" CLKPORT "clk" 

Report:   11.297ns delay SLICE_379 to serial_out

   Name    Fanout   Delay (ns)          Site               Resource
REG_DEL     ---     0.452     R7C15D.CLK to      R7C15D.Q0 SLICE_379 (from clk_c)
ROUTE         1     1.299      R7C15D.Q0 to      R7C13A.A1 observe[97]
CTOF_DEL    ---     0.495      R7C13A.A1 to      R7C13A.F1 SLICE_488
ROUTE         1     0.693      R7C13A.F1 to      R7C13C.B0 serial_out_111
CTOF_DEL    ---     0.495      R7C13C.B0 to      R7C13C.F0 SLICE_410
ROUTE         1     1.875      R7C13C.F0 to      R5C11C.B0 serial_out_158
CTOF_DEL    ---     0.495      R5C11C.B0 to      R5C11C.F0 SLICE_405
ROUTE         1     0.766      R5C11C.F0 to      R3C11C.C0 serial_out_170
CTOF_DEL    ---     0.495      R3C11C.C0 to      R3C11C.F0 SLICE_403
ROUTE         1     1.435      R3C11C.F0 to       28.PADDO serial_out_c
DOPAD_DEL   ---     2.797       28.PADDO to         28.PAD serial_out
                  --------
                   11.297   (46.3% logic, 53.7% route), 6 logic levels.

Unconstrained Preference:
   CLOCK_TO_OUT PORT "serial_out" CLKPORT "clk" 

Report:   11.288ns delay SLICE_31 to serial_out

   Name    Fanout   Delay (ns)          Site               Resource
REG_DEL     ---     0.452      R3C9A.CLK to       R3C9A.Q1 SLICE_31 (from clk_c)
ROUTE         1     2.343       R3C9A.Q1 to      R4C10D.A0 observe[152]
CTOF_DEL    ---     0.495      R4C10D.A0 to      R4C10D.F0 SLICE_484
ROUTE         1     1.079      R4C10D.F0 to      R5C11C.C1 serial_out_125
CTOF_DEL    ---     0.495      R5C11C.C1 to      R5C11C.F1 SLICE_405
ROUTE         1     0.436      R5C11C.F1 to      R5C11C.C0 serial_out_161
CTOF_DEL    ---     0.495      R5C11C.C0 to      R5C11C.F0 SLICE_405
ROUTE         1     0.766      R5C11C.F0 to      R3C11C.C0 serial_out_170
CTOF_DEL    ---     0.495      R3C11C.C0 to      R3C11C.F0 SLICE_403
ROUTE         1     1.435      R3C11C.F0 to       28.PADDO serial_out_c
DOPAD_DEL   ---     2.797       28.PADDO to         28.PAD serial_out
                  --------
                   11.288   (46.3% logic, 53.7% route), 6 logic levels.

Unconstrained Preference:
   CLOCK_TO_OUT PORT "serial_out" CLKPORT "clk" 

Report:   11.270ns delay SLICE_408 to serial_out

   Name    Fanout   Delay (ns)          Site               Resource
REG_DEL     ---     0.452     R7C14A.CLK to      R7C14A.Q0 SLICE_408 (from clk_c)
ROUTE         1     2.105      R7C14A.Q0 to      R5C12D.C1 observe[129]
CTOF_DEL    ---     0.495      R5C12D.C1 to      R5C12D.F1 SLICE_486
ROUTE         1     1.420      R5C12D.F1 to      R5C11D.B0 serial_out_119
CTOF_DEL    ---     0.495      R5C11D.B0 to      R5C11D.F0 SLICE_412
ROUTE         1     0.315      R5C11D.F0 to      R5C11C.D0 serial_out_160
CTOF_DEL    ---     0.495      R5C11C.D0 to      R5C11C.F0 SLICE_405
ROUTE         1     0.766      R5C11C.F0 to      R3C11C.C0 serial_out_170
CTOF_DEL    ---     0.495      R3C11C.C0 to      R3C11C.F0 SLICE_403
ROUTE         1     1.435      R3C11C.F0 to       28.PADDO serial_out_c
DOPAD_DEL   ---     2.797       28.PADDO to         28.PAD serial_out
                  --------
                   11.270   (46.4% logic, 53.6% route), 6 logic levels.

Unconstrained Preference:
   CLOCK_TO_OUT PORT "serial_out" CLKPORT "clk" 

Report:   11.259ns delay SLICE_389 to serial_out

   Name    Fanout   Delay (ns)          Site               Resource
REG_DEL     ---     0.452     R7C14B.CLK to      R7C14B.Q1 SLICE_389 (from clk_c)
ROUTE         1     0.626      R7C14B.Q1 to      R7C14A.D1 observe[58]
CTOF_DEL    ---     0.495      R7C14A.D1 to      R7C14A.F1 SLICE_408
ROUTE         1     0.693      R7C14A.F1 to      R7C14A.B0 serial_out_101
CTOF_DEL    ---     0.495      R7C14A.B0 to      R7C14A.F0 SLICE_408
ROUTE         1     1.676      R7C14A.F0 to      R7C13D.D0 serial_out_155
CTOF_DEL    ---     0.495      R7C13D.D0 to      R7C13D.F0 SLICE_404
ROUTE         1     1.600      R7C13D.F0 to      R3C11C.D0 serial_out_169
CTOF_DEL    ---     0.495      R3C11C.D0 to      R3C11C.F0 SLICE_403
ROUTE         1     1.435      R3C11C.F0 to       28.PADDO serial_out_c
DOPAD_DEL   ---     2.797       28.PADDO to         28.PAD serial_out
                  --------
                   11.259   (46.4% logic, 53.6% route), 6 logic levels.

Unconstrained Preference:
   CLOCK_TO_OUT PORT "serial_out" CLKPORT "clk" 

Report:   11.248ns delay SLICE_401 to serial_out

   Name    Fanout   Delay (ns)          Site               Resource
REG_DEL     ---     0.452     R7C17C.CLK to      R7C17C.Q1 SLICE_401 (from clk_c)
ROUTE         1     0.747      R7C17C.Q1 to      R7C17D.C1 observe[86]
CTOF_DEL    ---     0.495      R7C17D.C1 to      R7C17D.F1 SLICE_489
ROUTE         1     1.801      R7C17D.F1 to      R7C13D.A1 serial_out_108
CTOF_DEL    ---     0.495      R7C13D.A1 to      R7C13D.F1 SLICE_404
ROUTE         1     0.436      R7C13D.F1 to      R7C13D.C0 serial_out_157
CTOF_DEL    ---     0.495      R7C13D.C0 to      R7C13D.F0 SLICE_404
ROUTE         1     1.600      R7C13D.F0 to      R3C11C.D0 serial_out_169
CTOF_DEL    ---     0.495      R3C11C.D0 to      R3C11C.F0 SLICE_403
ROUTE         1     1.435      R3C11C.F0 to       28.PADDO serial_out_c
DOPAD_DEL   ---     2.797       28.PADDO to         28.PAD serial_out
                  --------
                   11.248   (46.5% logic, 53.5% route), 6 logic levels.

Unconstrained Preference:
   CLOCK_TO_OUT PORT "serial_out" CLKPORT "clk" 

Report:   11.231ns delay SLICE_73 to serial_out

   Name    Fanout   Delay (ns)          Site               Resource
REG_DEL     ---     0.452      R3C7B.CLK to       R3C7B.Q1 SLICE_73 (from clk_c)
ROUTE         1     0.623       R3C7B.Q1 to       R3C8D.D1 observe[18]
CTOF_DEL    ---     0.495       R3C8D.D1 to       R3C8D.F1 SLICE_494
ROUTE         1     2.013       R3C8D.F1 to      R4C11B.A0 serial_out_91
CTOF_DEL    ---     0.495      R4C11B.A0 to      R4C11B.F0 SLICE_406
ROUTE         1     0.964      R4C11B.F0 to      R3C11C.A1 serial_out_153
CTOF_DEL    ---     0.495      R3C11C.A1 to      R3C11C.F1 SLICE_403
ROUTE         1     0.967      R3C11C.F1 to      R3C11C.A0 serial_out_163
CTOF_DEL    ---     0.495      R3C11C.A0 to      R3C11C.F0 SLICE_403
ROUTE         1     1.435      R3C11C.F0 to       28.PADDO serial_out_c
DOPAD_DEL   ---     2.797       28.PADDO to         28.PAD serial_out
                  --------
                   11.231   (46.6% logic, 53.4% route), 6 logic levels.

Unconstrained Preference:
   CLOCK_TO_OUT PORT "serial_out" CLKPORT "clk" 

Report:   11.212ns delay SLICE_76 to serial_out

   Name    Fanout   Delay (ns)          Site               Resource
REG_DEL     ---     0.452      R5C8D.CLK to       R5C8D.Q0 SLICE_76 (from clk_c)
ROUTE         1     1.460       R5C8D.Q0 to       R3C8D.D0 observe[23]
CTOF_DEL    ---     0.495       R3C8D.D0 to       R3C8D.F0 SLICE_494
ROUTE         1     1.157       R3C8D.F0 to      R4C11B.D0 serial_out_92
CTOF_DEL    ---     0.495      R4C11B.D0 to      R4C11B.F0 SLICE_406
ROUTE         1     0.964      R4C11B.F0 to      R3C11C.A1 serial_out_153
CTOF_DEL    ---     0.495      R3C11C.A1 to      R3C11C.F1 SLICE_403
ROUTE         1     0.967      R3C11C.F1 to      R3C11C.A0 serial_out_163
CTOF_DEL    ---     0.495      R3C11C.A0 to      R3C11C.F0 SLICE_403
ROUTE         1     1.435      R3C11C.F0 to       28.PADDO serial_out_c
DOPAD_DEL   ---     2.797       28.PADDO to         28.PAD serial_out
                  --------
                   11.212   (46.6% logic, 53.4% route), 6 logic levels.

Unconstrained Preference:
   CLOCK_TO_OUT PORT "serial_out" CLKPORT "clk" 

Report:   11.210ns delay SLICE_397 to serial_out

   Name    Fanout   Delay (ns)          Site               Resource
REG_DEL     ---     0.452     R7C17B.CLK to      R7C17B.Q1 SLICE_397 (from clk_c)
ROUTE         1     1.004      R7C17B.Q1 to      R7C17D.B0 observe[88]
CTOF_DEL    ---     0.495      R7C17D.B0 to      R7C17D.F0 SLICE_489
ROUTE         1     1.506      R7C17D.F0 to      R7C13D.C1 serial_out_109
CTOF_DEL    ---     0.495      R7C13D.C1 to      R7C13D.F1 SLICE_404
ROUTE         1     0.436      R7C13D.F1 to      R7C13D.C0 serial_out_157
CTOF_DEL    ---     0.495      R7C13D.C0 to      R7C13D.F0 SLICE_404
ROUTE         1     1.600      R7C13D.F0 to      R3C11C.D0 serial_out_169
CTOF_DEL    ---     0.495      R3C11C.D0 to      R3C11C.F0 SLICE_403
ROUTE         1     1.435      R3C11C.F0 to       28.PADDO serial_out_c
DOPAD_DEL   ---     2.797       28.PADDO to         28.PAD serial_out
                  --------
                   11.210   (46.6% logic, 53.4% route), 6 logic levels.

Unconstrained Preference:
   CLOCK_TO_OUT PORT "serial_out" CLKPORT "clk" 

Report:   11.202ns delay SLICE_75 to serial_out

   Name    Fanout   Delay (ns)          Site               Resource
REG_DEL     ---     0.452     R5C10B.CLK to      R5C10B.Q1 SLICE_75 (from clk_c)
ROUTE         1     1.450      R5C10B.Q1 to       R3C8D.B0 observe[22]
CTOF_DEL    ---     0.495       R3C8D.B0 to       R3C8D.F0 SLICE_494
ROUTE         1     1.157       R3C8D.F0 to      R4C11B.D0 serial_out_92
CTOF_DEL    ---     0.495      R4C11B.D0 to      R4C11B.F0 SLICE_406
ROUTE         1     0.964      R4C11B.F0 to      R3C11C.A1 serial_out_153
CTOF_DEL    ---     0.495      R3C11C.A1 to      R3C11C.F1 SLICE_403
ROUTE         1     0.967      R3C11C.F1 to      R3C11C.A0 serial_out_163
CTOF_DEL    ---     0.495      R3C11C.A0 to      R3C11C.F0 SLICE_403
ROUTE         1     1.435      R3C11C.F0 to       28.PADDO serial_out_c
DOPAD_DEL   ---     2.797       28.PADDO to         28.PAD serial_out
                  --------
                   11.202   (46.7% logic, 53.3% route), 6 logic levels.

Unconstrained Preference:
   CLOCK_TO_OUT PORT "serial_out" CLKPORT "clk" 

Report:   11.192ns delay SLICE_436 to serial_out

   Name    Fanout   Delay (ns)          Site               Resource
REG_DEL     ---     0.452     R7C18C.CLK to      R7C18C.Q1 SLICE_436 (from clk_c)
ROUTE         1     0.986      R7C18C.Q1 to      R7C17D.A0 observe[90]
CTOF_DEL    ---     0.495      R7C17D.A0 to      R7C17D.F0 SLICE_489
ROUTE         1     1.506      R7C17D.F0 to      R7C13D.C1 serial_out_109
CTOF_DEL    ---     0.495      R7C13D.C1 to      R7C13D.F1 SLICE_404
ROUTE         1     0.436      R7C13D.F1 to      R7C13D.C0 serial_out_157
CTOF_DEL    ---     0.495      R7C13D.C0 to      R7C13D.F0 SLICE_404
ROUTE         1     1.600      R7C13D.F0 to      R3C11C.D0 serial_out_169
CTOF_DEL    ---     0.495      R3C11C.D0 to      R3C11C.F0 SLICE_403
ROUTE         1     1.435      R3C11C.F0 to       28.PADDO serial_out_c
DOPAD_DEL   ---     2.797       28.PADDO to         28.PAD serial_out
                  --------
                   11.192   (46.7% logic, 53.3% route), 6 logic levels.

Unconstrained Preference:
   CLOCK_TO_OUT PORT "serial_out" CLKPORT "clk" 

Report:   11.172ns delay SLICE_393 to serial_out

   Name    Fanout   Delay (ns)          Site               Resource
REG_DEL     ---     0.452     R9C17D.CLK to      R9C17D.Q0 SLICE_393 (from clk_c)
ROUTE         1     1.072      R9C17D.Q0 to      R9C13D.D0 observe[83]
CTOF_DEL    ---     0.495      R9C13D.D0 to      R9C13D.F0 SLICE_490
ROUTE         1     1.400      R9C13D.F0 to      R7C13D.B1 serial_out_107
CTOF_DEL    ---     0.495      R7C13D.B1 to      R7C13D.F1 SLICE_404
ROUTE         1     0.436      R7C13D.F1 to      R7C13D.C0 serial_out_157
CTOF_DEL    ---     0.495      R7C13D.C0 to      R7C13D.F0 SLICE_404
ROUTE         1     1.600      R7C13D.F0 to      R3C11C.D0 serial_out_169
CTOF_DEL    ---     0.495      R3C11C.D0 to      R3C11C.F0 SLICE_403
ROUTE         1     1.435      R3C11C.F0 to       28.PADDO serial_out_c
DOPAD_DEL   ---     2.797       28.PADDO to         28.PAD serial_out
                  --------
                   11.172   (46.8% logic, 53.2% route), 6 logic levels.

Unconstrained Preference:
   CLOCK_TO_OUT PORT "serial_out" CLKPORT "clk" 

Report:   11.144ns delay SLICE_28 to serial_out

   Name    Fanout   Delay (ns)          Site               Resource
REG_DEL     ---     0.452      R5C9A.CLK to       R5C9A.Q0 SLICE_28 (from clk_c)
ROUTE         1     1.801       R5C9A.Q0 to      R3C10D.A0 observe[159]
CTOF_DEL    ---     0.495      R3C10D.A0 to      R3C10D.F0 SLICE_168
ROUTE         1     1.336      R3C10D.F0 to      R4C11D.B1 serial_out_126
CTOF_DEL    ---     0.495      R4C11D.B1 to      R4C11D.F1 SLICE_236
ROUTE         1     1.838      R4C11D.F1 to      R3C11C.B0 serial_out_162
CTOF_DEL    ---     0.495      R3C11C.B0 to      R3C11C.F0 SLICE_403
ROUTE         1     1.435      R3C11C.F0 to       28.PADDO serial_out_c
DOPAD_DEL   ---     2.797       28.PADDO to         28.PAD serial_out
                  --------
                   11.144   (42.5% logic, 57.5% route), 5 logic levels.

Unconstrained Preference:
   CLOCK_TO_OUT PORT "serial_out" CLKPORT "clk" 

Report:   11.127ns delay SLICE_397 to serial_out

   Name    Fanout   Delay (ns)          Site               Resource
REG_DEL     ---     0.452     R7C17B.CLK to      R7C17B.Q0 SLICE_397 (from clk_c)
ROUTE         1     0.626      R7C17B.Q0 to      R7C17D.D1 observe[87]
CTOF_DEL    ---     0.495      R7C17D.D1 to      R7C17D.F1 SLICE_489
ROUTE         1     1.801      R7C17D.F1 to      R7C13D.A1 serial_out_108
CTOF_DEL    ---     0.495      R7C13D.A1 to      R7C13D.F1 SLICE_404
ROUTE         1     0.436      R7C13D.F1 to      R7C13D.C0 serial_out_157
CTOF_DEL    ---     0.495      R7C13D.C0 to      R7C13D.F0 SLICE_404
ROUTE         1     1.600      R7C13D.F0 to      R3C11C.D0 serial_out_169
CTOF_DEL    ---     0.495      R3C11C.D0 to      R3C11C.F0 SLICE_403
ROUTE         1     1.435      R3C11C.F0 to       28.PADDO serial_out_c
DOPAD_DEL   ---     2.797       28.PADDO to         28.PAD serial_out
                  --------
                   11.127   (47.0% logic, 53.0% route), 6 logic levels.

Unconstrained Preference:
   CLOCK_TO_OUT PORT "serial_out" CLKPORT "clk" 

Report:   11.124ns delay SLICE_17 to serial_out

   Name    Fanout   Delay (ns)          Site               Resource
REG_DEL     ---     0.452     R4C10B.CLK to      R4C10B.Q0 SLICE_17 (from clk_c)
ROUTE         1     1.838      R4C10B.Q0 to       R5C9D.B1 observe[141]
CTOF_DEL    ---     0.495       R5C9D.B1 to       R5C9D.F1 SLICE_485
ROUTE         1     1.420       R5C9D.F1 to      R5C11C.B1 serial_out_122
CTOF_DEL    ---     0.495      R5C11C.B1 to      R5C11C.F1 SLICE_405
ROUTE         1     0.436      R5C11C.F1 to      R5C11C.C0 serial_out_161
CTOF_DEL    ---     0.495      R5C11C.C0 to      R5C11C.F0 SLICE_405
ROUTE         1     0.766      R5C11C.F0 to      R3C11C.C0 serial_out_170
CTOF_DEL    ---     0.495      R3C11C.C0 to      R3C11C.F0 SLICE_403
ROUTE         1     1.435      R3C11C.F0 to       28.PADDO serial_out_c
DOPAD_DEL   ---     2.797       28.PADDO to         28.PAD serial_out
                  --------
                   11.124   (47.0% logic, 53.0% route), 6 logic levels.

Unconstrained Preference:
   CLOCK_TO_OUT PORT "serial_out" CLKPORT "clk" 

Report:   11.124ns delay SLICE_34 to serial_out

   Name    Fanout   Delay (ns)          Site               Resource
REG_DEL     ---     0.452      R4C7A.CLK to       R4C7A.Q1 SLICE_34 (from clk_c)
ROUTE         1     1.959       R4C7A.Q1 to      R4C10D.D1 observe[148]
CTOF_DEL    ---     0.495      R4C10D.D1 to      R4C10D.F1 SLICE_484
ROUTE         1     1.299      R4C10D.F1 to      R5C11C.A1 serial_out_124
CTOF_DEL    ---     0.495      R5C11C.A1 to      R5C11C.F1 SLICE_405
ROUTE         1     0.436      R5C11C.F1 to      R5C11C.C0 serial_out_161
CTOF_DEL    ---     0.495      R5C11C.C0 to      R5C11C.F0 SLICE_405
ROUTE         1     0.766      R5C11C.F0 to      R3C11C.C0 serial_out_170
CTOF_DEL    ---     0.495      R3C11C.C0 to      R3C11C.F0 SLICE_403
ROUTE         1     1.435      R3C11C.F0 to       28.PADDO serial_out_c
DOPAD_DEL   ---     2.797       28.PADDO to         28.PAD serial_out
                  --------
                   11.124   (47.0% logic, 53.0% route), 6 logic levels.

Unconstrained Preference:
   CLOCK_TO_OUT PORT "serial_out" CLKPORT "clk" 

Report:   11.104ns delay SLICE_490 to serial_out

   Name    Fanout   Delay (ns)          Site               Resource
REG_DEL     ---     0.452     R9C13D.CLK to      R9C13D.Q1 SLICE_490 (from clk_c)
ROUTE         1     1.363      R9C13D.Q1 to      R7C13C.A1 observe[106]
CTOF_DEL    ---     0.495      R7C13C.A1 to      R7C13C.F1 SLICE_410
ROUTE         1     0.436      R7C13C.F1 to      R7C13C.C0 serial_out_113
CTOF_DEL    ---     0.495      R7C13C.C0 to      R7C13C.F0 SLICE_410
ROUTE         1     1.875      R7C13C.F0 to      R5C11C.B0 serial_out_158
CTOF_DEL    ---     0.495      R5C11C.B0 to      R5C11C.F0 SLICE_405
ROUTE         1     0.766      R5C11C.F0 to      R3C11C.C0 serial_out_170
CTOF_DEL    ---     0.495      R3C11C.C0 to      R3C11C.F0 SLICE_403
ROUTE         1     1.435      R3C11C.F0 to       28.PADDO serial_out_c
DOPAD_DEL   ---     2.797       28.PADDO to         28.PAD serial_out
                  --------
                   11.104   (47.1% logic, 52.9% route), 6 logic levels.

Unconstrained Preference:
   CLOCK_TO_OUT PORT "serial_out" CLKPORT "clk" 

Report:   11.104ns delay SLICE_492 to serial_out

   Name    Fanout   Delay (ns)          Site               Resource
REG_DEL     ---     0.452     R8C14C.CLK to      R8C14C.Q0 SLICE_492 (from clk_c)
ROUTE         1     1.143      R8C14C.Q0 to      R7C13A.C0 observe[101]
CTOF_DEL    ---     0.495      R7C13A.C0 to      R7C13A.F0 SLICE_488
ROUTE         1     0.656      R7C13A.F0 to      R7C13C.A0 serial_out_112
CTOF_DEL    ---     0.495      R7C13C.A0 to      R7C13C.F0 SLICE_410
ROUTE         1     1.875      R7C13C.F0 to      R5C11C.B0 serial_out_158
CTOF_DEL    ---     0.495      R5C11C.B0 to      R5C11C.F0 SLICE_405
ROUTE         1     0.766      R5C11C.F0 to      R3C11C.C0 serial_out_170
CTOF_DEL    ---     0.495      R3C11C.C0 to      R3C11C.F0 SLICE_403
ROUTE         1     1.435      R3C11C.F0 to       28.PADDO serial_out_c
DOPAD_DEL   ---     2.797       28.PADDO to         28.PAD serial_out
                  --------
                   11.104   (47.1% logic, 52.9% route), 6 logic levels.

Unconstrained Preference:
   CLOCK_TO_OUT PORT "serial_out" CLKPORT "clk" 

Report:   11.104ns delay SLICE_496 to serial_out

   Name    Fanout   Delay (ns)          Site               Resource
REG_DEL     ---     0.452     R9C13B.CLK to      R9C13B.Q0 SLICE_496 (from clk_c)
ROUTE         1     1.004      R9C13B.Q0 to      R9C13D.B0 observe[81]
CTOF_DEL    ---     0.495      R9C13D.B0 to      R9C13D.F0 SLICE_490
ROUTE         1     1.400      R9C13D.F0 to      R7C13D.B1 serial_out_107
CTOF_DEL    ---     0.495      R7C13D.B1 to      R7C13D.F1 SLICE_404
ROUTE         1     0.436      R7C13D.F1 to      R7C13D.C0 serial_out_157
CTOF_DEL    ---     0.495      R7C13D.C0 to      R7C13D.F0 SLICE_404
ROUTE         1     1.600      R7C13D.F0 to      R3C11C.D0 serial_out_169
CTOF_DEL    ---     0.495      R3C11C.D0 to      R3C11C.F0 SLICE_403
ROUTE         1     1.435      R3C11C.F0 to       28.PADDO serial_out_c
DOPAD_DEL   ---     2.797       28.PADDO to         28.PAD serial_out
                  --------
                   11.104   (47.1% logic, 52.9% route), 6 logic levels.

Unconstrained Preference:
   CLOCK_TO_OUT PORT "serial_out" CLKPORT "clk" 

Report:   11.070ns delay SLICE_484 to serial_out

   Name    Fanout   Delay (ns)          Site               Resource
REG_DEL     ---     0.452     R4C10D.CLK to      R4C10D.Q1 SLICE_484 (from clk_c)
ROUTE         1     2.053      R4C10D.Q1 to      R5C11A.A0 observe[118]
CTOF_DEL    ---     0.495      R5C11A.A0 to      R5C11A.F0 SLICE_487
ROUTE         1     0.623      R5C11A.F0 to      R4C11C.D0 serial_out_116
CTOF_DEL    ---     0.495      R4C11C.D0 to      R4C11C.F0 SLICE_411
ROUTE         1     0.964      R4C11C.F0 to      R5C11C.A0 serial_out_159
CTOF_DEL    ---     0.495      R5C11C.A0 to      R5C11C.F0 SLICE_405
ROUTE         1     0.766      R5C11C.F0 to      R3C11C.C0 serial_out_170
CTOF_DEL    ---     0.495      R3C11C.C0 to      R3C11C.F0 SLICE_403
ROUTE         1     1.435      R3C11C.F0 to       28.PADDO serial_out_c
DOPAD_DEL   ---     2.797       28.PADDO to         28.PAD serial_out
                  --------
                   11.070   (47.2% logic, 52.8% route), 6 logic levels.

Unconstrained Preference:
   CLOCK_TO_OUT PORT "serial_out" CLKPORT "clk" 

Report:   11.019ns delay SLICE_409 to serial_out

   Name    Fanout   Delay (ns)          Site               Resource
REG_DEL     ---     0.452     R8C15D.CLK to      R8C15D.Q0 SLICE_409 (from clk_c)
ROUTE         1     1.854      R8C15D.Q0 to      R5C12D.B1 observe[131]
CTOF_DEL    ---     0.495      R5C12D.B1 to      R5C12D.F1 SLICE_486
ROUTE         1     1.420      R5C12D.F1 to      R5C11D.B0 serial_out_119
CTOF_DEL    ---     0.495      R5C11D.B0 to      R5C11D.F0 SLICE_412
ROUTE         1     0.315      R5C11D.F0 to      R5C11C.D0 serial_out_160
CTOF_DEL    ---     0.495      R5C11C.D0 to      R5C11C.F0 SLICE_405
ROUTE         1     0.766      R5C11C.F0 to      R3C11C.C0 serial_out_170
CTOF_DEL    ---     0.495      R3C11C.C0 to      R3C11C.F0 SLICE_403
ROUTE         1     1.435      R3C11C.F0 to       28.PADDO serial_out_c
DOPAD_DEL   ---     2.797       28.PADDO to         28.PAD serial_out
                  --------
                   11.019   (47.5% logic, 52.5% route), 6 logic levels.

Unconstrained Preference:
   CLOCK_TO_OUT PORT "serial_out" CLKPORT "clk" 

Report:   11.010ns delay SLICE_480 to serial_out

   Name    Fanout   Delay (ns)          Site               Resource
REG_DEL     ---     0.452     R9C14D.CLK to      R9C14D.Q0 SLICE_480 (from clk_c)
ROUTE         1     0.623      R9C14D.Q0 to      R9C13D.D1 observe[77]
CTOF_DEL    ---     0.495      R9C13D.D1 to      R9C13D.F1 SLICE_490
ROUTE         1     1.687      R9C13D.F1 to      R7C13D.D1 serial_out_106
CTOF_DEL    ---     0.495      R7C13D.D1 to      R7C13D.F1 SLICE_404
ROUTE         1     0.436      R7C13D.F1 to      R7C13D.C0 serial_out_157
CTOF_DEL    ---     0.495      R7C13D.C0 to      R7C13D.F0 SLICE_404
ROUTE         1     1.600      R7C13D.F0 to      R3C11C.D0 serial_out_169
CTOF_DEL    ---     0.495      R3C11C.D0 to      R3C11C.F0 SLICE_403
ROUTE         1     1.435      R3C11C.F0 to       28.PADDO serial_out_c
DOPAD_DEL   ---     2.797       28.PADDO to         28.PAD serial_out
                  --------
                   11.010   (47.5% logic, 52.5% route), 6 logic levels.

Unconstrained Preference:
   CLOCK_TO_OUT PORT "serial_out" CLKPORT "clk" 

Report:   10.968ns delay SLICE_408 to serial_out

   Name    Fanout   Delay (ns)          Site               Resource
REG_DEL     ---     0.452     R7C14A.CLK to      R7C14A.Q1 SLICE_408 (from clk_c)
ROUTE         1     1.803      R7C14A.Q1 to      R5C12D.A1 observe[130]
CTOF_DEL    ---     0.495      R5C12D.A1 to      R5C12D.F1 SLICE_486
ROUTE         1     1.420      R5C12D.F1 to      R5C11D.B0 serial_out_119
CTOF_DEL    ---     0.495      R5C11D.B0 to      R5C11D.F0 SLICE_412
ROUTE         1     0.315      R5C11D.F0 to      R5C11C.D0 serial_out_160
CTOF_DEL    ---     0.495      R5C11C.D0 to      R5C11C.F0 SLICE_405
ROUTE         1     0.766      R5C11C.F0 to      R3C11C.C0 serial_out_170
CTOF_DEL    ---     0.495      R3C11C.C0 to      R3C11C.F0 SLICE_403
ROUTE         1     1.435      R3C11C.F0 to       28.PADDO serial_out_c
DOPAD_DEL   ---     2.797       28.PADDO to         28.PAD serial_out
                  --------
                   10.968   (47.7% logic, 52.3% route), 6 logic levels.

Unconstrained Preference:
   CLOCK_TO_OUT PORT "serial_out" CLKPORT "clk" 

Report:   10.963ns delay SLICE_76 to serial_out

   Name    Fanout   Delay (ns)          Site               Resource
REG_DEL     ---     0.452      R5C8D.CLK to       R5C8D.Q1 SLICE_76 (from clk_c)
ROUTE         1     1.932       R5C8D.Q1 to      R4C11B.B1 observe[24]
CTOF_DEL    ---     0.495      R4C11B.B1 to      R4C11B.F1 SLICE_406
ROUTE         1     0.436      R4C11B.F1 to      R4C11B.C0 serial_out_93
CTOF_DEL    ---     0.495      R4C11B.C0 to      R4C11B.F0 SLICE_406
ROUTE         1     0.964      R4C11B.F0 to      R3C11C.A1 serial_out_153
CTOF_DEL    ---     0.495      R3C11C.A1 to      R3C11C.F1 SLICE_403
ROUTE         1     0.967      R3C11C.F1 to      R3C11C.A0 serial_out_163
CTOF_DEL    ---     0.495      R3C11C.A0 to      R3C11C.F0 SLICE_403
ROUTE         1     1.435      R3C11C.F0 to       28.PADDO serial_out_c
DOPAD_DEL   ---     2.797       28.PADDO to         28.PAD serial_out
                  --------
                   10.963   (47.7% logic, 52.3% route), 6 logic levels.

Unconstrained Preference:
   CLOCK_TO_OUT PORT "serial_out" CLKPORT "clk" 

Report:   10.954ns delay SLICE_489 to serial_out

   Name    Fanout   Delay (ns)          Site               Resource
REG_DEL     ---     0.452     R7C17D.CLK to      R7C17D.Q1 SLICE_489 (from clk_c)
ROUTE         1     1.537      R7C17D.Q1 to      R5C11B.D0 observe[108]
CTOF_DEL    ---     0.495      R5C11B.D0 to      R5C11B.F0 SLICE_169
ROUTE         1     1.023      R5C11B.F0 to      R4C11C.B0 serial_out_114
CTOF_DEL    ---     0.495      R4C11C.B0 to      R4C11C.F0 SLICE_411
ROUTE         1     0.964      R4C11C.F0 to      R5C11C.A0 serial_out_159
CTOF_DEL    ---     0.495      R5C11C.A0 to      R5C11C.F0 SLICE_405
ROUTE         1     0.766      R5C11C.F0 to      R3C11C.C0 serial_out_170
CTOF_DEL    ---     0.495      R3C11C.C0 to      R3C11C.F0 SLICE_403
ROUTE         1     1.435      R3C11C.F0 to       28.PADDO serial_out_c
DOPAD_DEL   ---     2.797       28.PADDO to         28.PAD serial_out
                  --------
                   10.954   (47.7% logic, 52.3% route), 6 logic levels.

Unconstrained Preference:
   CLOCK_TO_OUT PORT "serial_out" CLKPORT "clk" 

Report:   10.867ns delay SLICE_132 to serial_out

   Name    Fanout   Delay (ns)          Site               Resource
REG_DEL     ---     0.452     R5C12A.CLK to      R5C12A.Q0 SLICE_132 (from clk_c)
ROUTE         1     0.626      R5C12A.Q0 to      R5C12D.D0 observe[135]
CTOF_DEL    ---     0.495      R5C12D.D0 to      R5C12D.F0 SLICE_486
ROUTE         1     2.496      R5C12D.F0 to      R5C11D.A0 serial_out_120
CTOF_DEL    ---     0.495      R5C11D.A0 to      R5C11D.F0 SLICE_412
ROUTE         1     0.315      R5C11D.F0 to      R5C11C.D0 serial_out_160
CTOF_DEL    ---     0.495      R5C11C.D0 to      R5C11C.F0 SLICE_405
ROUTE         1     0.766      R5C11C.F0 to      R3C11C.C0 serial_out_170
CTOF_DEL    ---     0.495      R3C11C.C0 to      R3C11C.F0 SLICE_403
ROUTE         1     1.435      R3C11C.F0 to       28.PADDO serial_out_c
DOPAD_DEL   ---     2.797       28.PADDO to         28.PAD serial_out
                  --------
                   10.867   (48.1% logic, 51.9% route), 6 logic levels.

Unconstrained Preference:
   CLOCK_TO_OUT PORT "serial_out" CLKPORT "clk" 

Report:   10.851ns delay SLICE_481 to serial_out

   Name    Fanout   Delay (ns)          Site               Resource
REG_DEL     ---     0.452     R9C17A.CLK to      R9C17A.Q0 SLICE_481 (from clk_c)
ROUTE         1     0.645      R9C17A.Q0 to      R7C17D.D0 observe[91]
CTOF_DEL    ---     0.495      R7C17D.D0 to      R7C17D.F0 SLICE_489
ROUTE         1     1.506      R7C17D.F0 to      R7C13D.C1 serial_out_109
CTOF_DEL    ---     0.495      R7C13D.C1 to      R7C13D.F1 SLICE_404
ROUTE         1     0.436      R7C13D.F1 to      R7C13D.C0 serial_out_157
CTOF_DEL    ---     0.495      R7C13D.C0 to      R7C13D.F0 SLICE_404
ROUTE         1     1.600      R7C13D.F0 to      R3C11C.D0 serial_out_169
CTOF_DEL    ---     0.495      R3C11C.D0 to      R3C11C.F0 SLICE_403
ROUTE         1     1.435      R3C11C.F0 to       28.PADDO serial_out_c
DOPAD_DEL   ---     2.797       28.PADDO to         28.PAD serial_out
                  --------
                   10.851   (48.2% logic, 51.8% route), 6 logic levels.

Unconstrained Preference:
   CLOCK_TO_OUT PORT "serial_out" CLKPORT "clk" 

Report:   10.847ns delay SLICE_496 to serial_out

   Name    Fanout   Delay (ns)          Site               Resource
REG_DEL     ---     0.452     R9C13B.CLK to      R9C13B.Q1 SLICE_496 (from clk_c)
ROUTE         1     0.747      R9C13B.Q1 to      R9C13D.C0 observe[82]
CTOF_DEL    ---     0.495      R9C13D.C0 to      R9C13D.F0 SLICE_490
ROUTE         1     1.400      R9C13D.F0 to      R7C13D.B1 serial_out_107
CTOF_DEL    ---     0.495      R7C13D.B1 to      R7C13D.F1 SLICE_404
ROUTE         1     0.436      R7C13D.F1 to      R7C13D.C0 serial_out_157
CTOF_DEL    ---     0.495      R7C13D.C0 to      R7C13D.F0 SLICE_404
ROUTE         1     1.600      R7C13D.F0 to      R3C11C.D0 serial_out_169
CTOF_DEL    ---     0.495      R3C11C.D0 to      R3C11C.F0 SLICE_403
ROUTE         1     1.435      R3C11C.F0 to       28.PADDO serial_out_c
DOPAD_DEL   ---     2.797       28.PADDO to         28.PAD serial_out
                  --------
                   10.847   (48.2% logic, 51.8% route), 6 logic levels.

Unconstrained Preference:
   CLOCK_TO_OUT PORT "serial_out" CLKPORT "clk" 

Report:   10.813ns delay SLICE_489 to serial_out

   Name    Fanout   Delay (ns)          Site               Resource
REG_DEL     ---     0.452     R7C17D.CLK to      R7C17D.Q0 SLICE_489 (from clk_c)
ROUTE         1     1.072      R7C17D.Q0 to      R7C13C.D1 observe[107]
CTOF_DEL    ---     0.495      R7C13C.D1 to      R7C13C.F1 SLICE_410
ROUTE         1     0.436      R7C13C.F1 to      R7C13C.C0 serial_out_113
CTOF_DEL    ---     0.495      R7C13C.C0 to      R7C13C.F0 SLICE_410
ROUTE         1     1.875      R7C13C.F0 to      R5C11C.B0 serial_out_158
CTOF_DEL    ---     0.495      R5C11C.B0 to      R5C11C.F0 SLICE_405
ROUTE         1     0.766      R5C11C.F0 to      R3C11C.C0 serial_out_170
CTOF_DEL    ---     0.495      R3C11C.C0 to      R3C11C.F0 SLICE_403
ROUTE         1     1.435      R3C11C.F0 to       28.PADDO serial_out_c
DOPAD_DEL   ---     2.797       28.PADDO to         28.PAD serial_out
                  --------
                   10.813   (48.4% logic, 51.6% route), 6 logic levels.

Unconstrained Preference:
   CLOCK_TO_OUT PORT "serial_out" CLKPORT "clk" 

Report:   10.764ns delay SLICE_400 to serial_out

   Name    Fanout   Delay (ns)          Site               Resource
REG_DEL     ---     0.452     R7C15A.CLK to      R7C15A.Q0 SLICE_400 (from clk_c)
ROUTE         1     0.766      R7C15A.Q0 to      R7C13A.C1 observe[99]
CTOF_DEL    ---     0.495      R7C13A.C1 to      R7C13A.F1 SLICE_488
ROUTE         1     0.693      R7C13A.F1 to      R7C13C.B0 serial_out_111
CTOF_DEL    ---     0.495      R7C13C.B0 to      R7C13C.F0 SLICE_410
ROUTE         1     1.875      R7C13C.F0 to      R5C11C.B0 serial_out_158
CTOF_DEL    ---     0.495      R5C11C.B0 to      R5C11C.F0 SLICE_405
ROUTE         1     0.766      R5C11C.F0 to      R3C11C.C0 serial_out_170
CTOF_DEL    ---     0.495      R3C11C.C0 to      R3C11C.F0 SLICE_403
ROUTE         1     1.435      R3C11C.F0 to       28.PADDO serial_out_c
DOPAD_DEL   ---     2.797       28.PADDO to         28.PAD serial_out
                  --------
                   10.764   (48.6% logic, 51.4% route), 6 logic levels.

Unconstrained Preference:
   CLOCK_TO_OUT PORT "serial_out" CLKPORT "clk" 

Report:   10.746ns delay SLICE_17 to serial_out

   Name    Fanout   Delay (ns)          Site               Resource
REG_DEL     ---     0.452     R4C10B.CLK to      R4C10B.Q1 SLICE_17 (from clk_c)
ROUTE         1     1.460      R4C10B.Q1 to       R5C9D.D1 observe[142]
CTOF_DEL    ---     0.495       R5C9D.D1 to       R5C9D.F1 SLICE_485
ROUTE         1     1.420       R5C9D.F1 to      R5C11C.B1 serial_out_122
CTOF_DEL    ---     0.495      R5C11C.B1 to      R5C11C.F1 SLICE_405
ROUTE         1     0.436      R5C11C.F1 to      R5C11C.C0 serial_out_161
CTOF_DEL    ---     0.495      R5C11C.C0 to      R5C11C.F0 SLICE_405
ROUTE         1     0.766      R5C11C.F0 to      R3C11C.C0 serial_out_170
CTOF_DEL    ---     0.495      R3C11C.C0 to      R3C11C.F0 SLICE_403
ROUTE         1     1.435      R3C11C.F0 to       28.PADDO serial_out_c
DOPAD_DEL   ---     2.797       28.PADDO to         28.PAD serial_out
                  --------
                   10.746   (48.7% logic, 51.3% route), 6 logic levels.

Unconstrained Preference:
   CLOCK_TO_OUT PORT "serial_out" CLKPORT "clk" 

Report:   10.669ns delay SLICE_37 to serial_out

   Name    Fanout   Delay (ns)          Site               Resource
REG_DEL     ---     0.452      R5C8A.CLK to       R5C8A.Q0 SLICE_37 (from clk_c)
ROUTE         1     1.383       R5C8A.Q0 to       R5C9D.A1 observe[143]
CTOF_DEL    ---     0.495       R5C9D.A1 to       R5C9D.F1 SLICE_485
ROUTE         1     1.420       R5C9D.F1 to      R5C11C.B1 serial_out_122
CTOF_DEL    ---     0.495      R5C11C.B1 to      R5C11C.F1 SLICE_405
ROUTE         1     0.436      R5C11C.F1 to      R5C11C.C0 serial_out_161
CTOF_DEL    ---     0.495      R5C11C.C0 to      R5C11C.F0 SLICE_405
ROUTE         1     0.766      R5C11C.F0 to      R3C11C.C0 serial_out_170
CTOF_DEL    ---     0.495      R3C11C.C0 to      R3C11C.F0 SLICE_403
ROUTE         1     1.435      R3C11C.F0 to       28.PADDO serial_out_c
DOPAD_DEL   ---     2.797       28.PADDO to         28.PAD serial_out
                  --------
                   10.669   (49.0% logic, 51.0% route), 6 logic levels.

Unconstrained Preference:
   CLOCK_TO_OUT PORT "serial_out" CLKPORT "clk" 

Report:   10.643ns delay SLICE_379 to serial_out

   Name    Fanout   Delay (ns)          Site               Resource
REG_DEL     ---     0.452     R7C15D.CLK to      R7C15D.Q1 SLICE_379 (from clk_c)
ROUTE         1     0.645      R7C15D.Q1 to      R7C13A.D1 observe[98]
CTOF_DEL    ---     0.495      R7C13A.D1 to      R7C13A.F1 SLICE_488
ROUTE         1     0.693      R7C13A.F1 to      R7C13C.B0 serial_out_111
CTOF_DEL    ---     0.495      R7C13C.B0 to      R7C13C.F0 SLICE_410
ROUTE         1     1.875      R7C13C.F0 to      R5C11C.B0 serial_out_158
CTOF_DEL    ---     0.495      R5C11C.B0 to      R5C11C.F0 SLICE_405
ROUTE         1     0.766      R5C11C.F0 to      R3C11C.C0 serial_out_170
CTOF_DEL    ---     0.495      R3C11C.C0 to      R3C11C.F0 SLICE_403
ROUTE         1     1.435      R3C11C.F0 to       28.PADDO serial_out_c
DOPAD_DEL   ---     2.797       28.PADDO to         28.PAD serial_out
                  --------
                   10.643   (49.1% logic, 50.9% route), 6 logic levels.

Unconstrained Preference:
   CLOCK_TO_OUT PORT "serial_out" CLKPORT "clk" 

Report:   10.501ns delay SLICE_35 to serial_out

   Name    Fanout   Delay (ns)          Site               Resource
REG_DEL     ---     0.452      R4C7B.CLK to       R4C7B.Q1 SLICE_35 (from clk_c)
ROUTE         1     1.336       R4C7B.Q1 to      R4C10D.B1 observe[150]
CTOF_DEL    ---     0.495      R4C10D.B1 to      R4C10D.F1 SLICE_484
ROUTE         1     1.299      R4C10D.F1 to      R5C11C.A1 serial_out_124
CTOF_DEL    ---     0.495      R5C11C.A1 to      R5C11C.F1 SLICE_405
ROUTE         1     0.436      R5C11C.F1 to      R5C11C.C0 serial_out_161
CTOF_DEL    ---     0.495      R5C11C.C0 to      R5C11C.F0 SLICE_405
ROUTE         1     0.766      R5C11C.F0 to      R3C11C.C0 serial_out_170
CTOF_DEL    ---     0.495      R3C11C.C0 to      R3C11C.F0 SLICE_403
ROUTE         1     1.435      R3C11C.F0 to       28.PADDO serial_out_c
DOPAD_DEL   ---     2.797       28.PADDO to         28.PAD serial_out
                  --------
                   10.501   (49.8% logic, 50.2% route), 6 logic levels.

Unconstrained Preference:
   CLOCK_TO_OUT PORT "serial_out" CLKPORT "clk" 

Report:   10.500ns delay SLICE_20 to serial_out

   Name    Fanout   Delay (ns)          Site               Resource
REG_DEL     ---     0.452     R3C10B.CLK to      R3C10B.Q1 SLICE_20 (from clk_c)
ROUTE         1     1.157      R3C10B.Q1 to      R3C10D.D0 observe[158]
CTOF_DEL    ---     0.495      R3C10D.D0 to      R3C10D.F0 SLICE_168
ROUTE         1     1.336      R3C10D.F0 to      R4C11D.B1 serial_out_126
CTOF_DEL    ---     0.495      R4C11D.B1 to      R4C11D.F1 SLICE_236
ROUTE         1     1.838      R4C11D.F1 to      R3C11C.B0 serial_out_162
CTOF_DEL    ---     0.495      R3C11C.B0 to      R3C11C.F0 SLICE_403
ROUTE         1     1.435      R3C11C.F0 to       28.PADDO serial_out_c
DOPAD_DEL   ---     2.797       28.PADDO to         28.PAD serial_out
                  --------
                   10.500   (45.1% logic, 54.9% route), 5 logic levels.

Unconstrained Preference:
   CLOCK_TO_OUT PORT "serial_out" CLKPORT "clk" 

Report:   10.496ns delay SLICE_74 to serial_out

   Name    Fanout   Delay (ns)          Site               Resource
REG_DEL     ---     0.452      R4C8D.CLK to       R4C8D.Q1 SLICE_74 (from clk_c)
ROUTE         1     0.744       R4C8D.Q1 to       R3C8D.C0 observe[20]
CTOF_DEL    ---     0.495       R3C8D.C0 to       R3C8D.F0 SLICE_494
ROUTE         1     1.157       R3C8D.F0 to      R4C11B.D0 serial_out_92
CTOF_DEL    ---     0.495      R4C11B.D0 to      R4C11B.F0 SLICE_406
ROUTE         1     0.964      R4C11B.F0 to      R3C11C.A1 serial_out_153
CTOF_DEL    ---     0.495      R3C11C.A1 to      R3C11C.F1 SLICE_403
ROUTE         1     0.967      R3C11C.F1 to      R3C11C.A0 serial_out_163
CTOF_DEL    ---     0.495      R3C11C.A0 to      R3C11C.F0 SLICE_403
ROUTE         1     1.435      R3C11C.F0 to       28.PADDO serial_out_c
DOPAD_DEL   ---     2.797       28.PADDO to         28.PAD serial_out
                  --------
                   10.496   (49.8% logic, 50.2% route), 6 logic levels.

Unconstrained Preference:
   CLOCK_TO_OUT PORT "serial_out" CLKPORT "clk" 

Report:   10.467ns delay SLICE_484 to serial_out

   Name    Fanout   Delay (ns)          Site               Resource
REG_DEL     ---     0.452     R4C10D.CLK to      R4C10D.Q0 SLICE_484 (from clk_c)
ROUTE         1     1.450      R4C10D.Q0 to      R5C11A.B0 observe[117]
CTOF_DEL    ---     0.495      R5C11A.B0 to      R5C11A.F0 SLICE_487
ROUTE         1     0.623      R5C11A.F0 to      R4C11C.D0 serial_out_116
CTOF_DEL    ---     0.495      R4C11C.D0 to      R4C11C.F0 SLICE_411
ROUTE         1     0.964      R4C11C.F0 to      R5C11C.A0 serial_out_159
CTOF_DEL    ---     0.495      R5C11C.A0 to      R5C11C.F0 SLICE_405
ROUTE         1     0.766      R5C11C.F0 to      R3C11C.C0 serial_out_170
CTOF_DEL    ---     0.495      R3C11C.C0 to      R3C11C.F0 SLICE_403
ROUTE         1     1.435      R3C11C.F0 to       28.PADDO serial_out_c
DOPAD_DEL   ---     2.797       28.PADDO to         28.PAD serial_out
                  --------
                   10.467   (50.0% logic, 50.0% route), 6 logic levels.

Unconstrained Preference:
   CLOCK_TO_OUT PORT "serial_out" CLKPORT "clk" 

Report:   10.443ns delay SLICE_31 to serial_out

   Name    Fanout   Delay (ns)          Site               Resource
REG_DEL     ---     0.452      R3C9A.CLK to       R3C9A.Q0 SLICE_31 (from clk_c)
ROUTE         1     1.278       R3C9A.Q0 to      R4C10D.C1 observe[151]
CTOF_DEL    ---     0.495      R4C10D.C1 to      R4C10D.F1 SLICE_484
ROUTE         1     1.299      R4C10D.F1 to      R5C11C.A1 serial_out_124
CTOF_DEL    ---     0.495      R5C11C.A1 to      R5C11C.F1 SLICE_405
ROUTE         1     0.436      R5C11C.F1 to      R5C11C.C0 serial_out_161
CTOF_DEL    ---     0.495      R5C11C.C0 to      R5C11C.F0 SLICE_405
ROUTE         1     0.766      R5C11C.F0 to      R3C11C.C0 serial_out_170
CTOF_DEL    ---     0.495      R3C11C.C0 to      R3C11C.F0 SLICE_403
ROUTE         1     1.435      R3C11C.F0 to       28.PADDO serial_out_c
DOPAD_DEL   ---     2.797       28.PADDO to         28.PAD serial_out
                  --------
                   10.443   (50.1% logic, 49.9% route), 6 logic levels.

Unconstrained Preference:
   CLOCK_TO_OUT PORT "serial_out" CLKPORT "clk" 

Report:   10.431ns delay SLICE_66 to serial_out

   Name    Fanout   Delay (ns)          Site               Resource
REG_DEL     ---     0.452     R3C11D.CLK to      R3C11D.Q1 SLICE_66 (from clk_c)
ROUTE         1     1.278      R3C11D.Q1 to       R2C8C.C1 observe[4]
CTOF_DEL    ---     0.495       R2C8C.C1 to       R2C8C.F1 SLICE_495
ROUTE         1     2.017       R2C8C.F1 to      R3C11C.C1 serial_out_88
CTOF_DEL    ---     0.495      R3C11C.C1 to      R3C11C.F1 SLICE_403
ROUTE         1     0.967      R3C11C.F1 to      R3C11C.A0 serial_out_163
CTOF_DEL    ---     0.495      R3C11C.A0 to      R3C11C.F0 SLICE_403
ROUTE         1     1.435      R3C11C.F0 to       28.PADDO serial_out_c
DOPAD_DEL   ---     2.797       28.PADDO to         28.PAD serial_out
                  --------
                   10.431   (45.4% logic, 54.6% route), 5 logic levels.

Unconstrained Preference:
   CLOCK_TO_OUT PORT "serial_out" CLKPORT "clk" 

Report:   10.421ns delay SLICE_487 to serial_out

   Name    Fanout   Delay (ns)          Site               Resource
REG_DEL     ---     0.452     R5C11A.CLK to      R5C11A.Q0 SLICE_487 (from clk_c)
ROUTE         1     1.004      R5C11A.Q0 to      R5C11B.B0 observe[111]
CTOF_DEL    ---     0.495      R5C11B.B0 to      R5C11B.F0 SLICE_169
ROUTE         1     1.023      R5C11B.F0 to      R4C11C.B0 serial_out_114
CTOF_DEL    ---     0.495      R4C11C.B0 to      R4C11C.F0 SLICE_411
ROUTE         1     0.964      R4C11C.F0 to      R5C11C.A0 serial_out_159
CTOF_DEL    ---     0.495      R5C11C.A0 to      R5C11C.F0 SLICE_405
ROUTE         1     0.766      R5C11C.F0 to      R3C11C.C0 serial_out_170
CTOF_DEL    ---     0.495      R3C11C.C0 to      R3C11C.F0 SLICE_403
ROUTE         1     1.435      R3C11C.F0 to       28.PADDO serial_out_c
DOPAD_DEL   ---     2.797       28.PADDO to         28.PAD serial_out
                  --------
                   10.421   (50.2% logic, 49.8% route), 6 logic levels.

Unconstrained Preference:
   CLOCK_TO_OUT PORT "serial_out" CLKPORT "clk" 

Report:   10.408ns delay SLICE_34 to serial_out

   Name    Fanout   Delay (ns)          Site               Resource
REG_DEL     ---     0.452      R4C7A.CLK to       R4C7A.Q0 SLICE_34 (from clk_c)
ROUTE         1     1.584       R4C7A.Q0 to       R5C9D.D0 observe[147]
CTOF_DEL    ---     0.495       R5C9D.D0 to       R5C9D.F0 SLICE_485
ROUTE         1     0.958       R5C9D.F0 to      R5C11C.D1 serial_out_123
CTOF_DEL    ---     0.495      R5C11C.D1 to      R5C11C.F1 SLICE_405
ROUTE         1     0.436      R5C11C.F1 to      R5C11C.C0 serial_out_161
CTOF_DEL    ---     0.495      R5C11C.C0 to      R5C11C.F0 SLICE_405
ROUTE         1     0.766      R5C11C.F0 to      R3C11C.C0 serial_out_170
CTOF_DEL    ---     0.495      R3C11C.C0 to      R3C11C.F0 SLICE_403
ROUTE         1     1.435      R3C11C.F0 to       28.PADDO serial_out_c
DOPAD_DEL   ---     2.797       28.PADDO to         28.PAD serial_out
                  --------
                   10.408   (50.2% logic, 49.8% route), 6 logic levels.

Unconstrained Preference:
   CLOCK_TO_OUT PORT "serial_out" CLKPORT "clk" 

Report:   10.372ns delay SLICE_483 to serial_out

   Name    Fanout   Delay (ns)          Site               Resource
REG_DEL     ---     0.452      R4C9D.CLK to       R4C9D.Q0 SLICE_483 (from clk_c)
ROUTE         1     1.355       R4C9D.Q0 to      R5C11A.D0 observe[119]
CTOF_DEL    ---     0.495      R5C11A.D0 to      R5C11A.F0 SLICE_487
ROUTE         1     0.623      R5C11A.F0 to      R4C11C.D0 serial_out_116
CTOF_DEL    ---     0.495      R4C11C.D0 to      R4C11C.F0 SLICE_411
ROUTE         1     0.964      R4C11C.F0 to      R5C11C.A0 serial_out_159
CTOF_DEL    ---     0.495      R5C11C.A0 to      R5C11C.F0 SLICE_405
ROUTE         1     0.766      R5C11C.F0 to      R3C11C.C0 serial_out_170
CTOF_DEL    ---     0.495      R3C11C.C0 to      R3C11C.F0 SLICE_403
ROUTE         1     1.435      R3C11C.F0 to       28.PADDO serial_out_c
DOPAD_DEL   ---     2.797       28.PADDO to         28.PAD serial_out
                  --------
                   10.372   (50.4% logic, 49.6% route), 6 logic levels.

Unconstrained Preference:
   CLOCK_TO_OUT PORT "serial_out" CLKPORT "clk" 

Report:   10.365ns delay SLICE_16 to serial_out

   Name    Fanout   Delay (ns)          Site               Resource
REG_DEL     ---     0.452     R4C10A.CLK to      R4C10A.Q1 SLICE_16 (from clk_c)
ROUTE         1     1.079      R4C10A.Q1 to       R5C9D.C1 observe[140]
CTOF_DEL    ---     0.495       R5C9D.C1 to       R5C9D.F1 SLICE_485
ROUTE         1     1.420       R5C9D.F1 to      R5C11C.B1 serial_out_122
CTOF_DEL    ---     0.495      R5C11C.B1 to      R5C11C.F1 SLICE_405
ROUTE         1     0.436      R5C11C.F1 to      R5C11C.C0 serial_out_161
CTOF_DEL    ---     0.495      R5C11C.C0 to      R5C11C.F0 SLICE_405
ROUTE         1     0.766      R5C11C.F0 to      R3C11C.C0 serial_out_170
CTOF_DEL    ---     0.495      R3C11C.C0 to      R3C11C.F0 SLICE_403
ROUTE         1     1.435      R3C11C.F0 to       28.PADDO serial_out_c
DOPAD_DEL   ---     2.797       28.PADDO to         28.PAD serial_out
                  --------
                   10.365   (50.4% logic, 49.6% route), 6 logic levels.

Unconstrained Preference:
   CLOCK_TO_OUT PORT "serial_out" CLKPORT "clk" 

Report:   10.359ns delay SLICE_486 to serial_out

   Name    Fanout   Delay (ns)          Site               Resource
REG_DEL     ---     0.452     R5C12D.CLK to      R5C12D.Q1 SLICE_486 (from clk_c)
ROUTE         1     1.001      R5C12D.Q1 to      R5C11A.B1 observe[114]
CTOF_DEL    ---     0.495      R5C11A.B1 to      R5C11A.F1 SLICE_487
ROUTE         1     0.964      R5C11A.F1 to      R4C11C.A0 serial_out_115
CTOF_DEL    ---     0.495      R4C11C.A0 to      R4C11C.F0 SLICE_411
ROUTE         1     0.964      R4C11C.F0 to      R5C11C.A0 serial_out_159
CTOF_DEL    ---     0.495      R5C11C.A0 to      R5C11C.F0 SLICE_405
ROUTE         1     0.766      R5C11C.F0 to      R3C11C.C0 serial_out_170
CTOF_DEL    ---     0.495      R3C11C.C0 to      R3C11C.F0 SLICE_403
ROUTE         1     1.435      R3C11C.F0 to       28.PADDO serial_out_c
DOPAD_DEL   ---     2.797       28.PADDO to         28.PAD serial_out
                  --------
                   10.359   (50.5% logic, 49.5% route), 6 logic levels.

Unconstrained Preference:
   CLOCK_TO_OUT PORT "serial_out" CLKPORT "clk" 

Report:   10.347ns delay SLICE_19 to serial_out

   Name    Fanout   Delay (ns)          Site               Resource
REG_DEL     ---     0.452     R3C10A.CLK to      R3C10A.Q1 SLICE_19 (from clk_c)
ROUTE         1     1.004      R3C10A.Q1 to      R3C10D.B0 observe[156]
CTOF_DEL    ---     0.495      R3C10D.B0 to      R3C10D.F0 SLICE_168
ROUTE         1     1.336      R3C10D.F0 to      R4C11D.B1 serial_out_126
CTOF_DEL    ---     0.495      R4C11D.B1 to      R4C11D.F1 SLICE_236
ROUTE         1     1.838      R4C11D.F1 to      R3C11C.B0 serial_out_162
CTOF_DEL    ---     0.495      R3C11C.B0 to      R3C11C.F0 SLICE_403
ROUTE         1     1.435      R3C11C.F0 to       28.PADDO serial_out_c
DOPAD_DEL   ---     2.797       28.PADDO to         28.PAD serial_out
                  --------
                   10.347   (45.8% logic, 54.2% route), 5 logic levels.

Unconstrained Preference:
   CLOCK_TO_OUT PORT "serial_out" CLKPORT "clk" 

Report:   10.307ns delay SLICE_29 to serial_out

   Name    Fanout   Delay (ns)          Site               Resource
REG_DEL     ---     0.452      R5C9B.CLK to       R5C9B.Q1 SLICE_29 (from clk_c)
ROUTE         1     1.001       R5C9B.Q1 to       R4C9D.B1 observe[162]
CTOF_DEL    ---     0.495       R4C9D.B1 to       R4C9D.F1 SLICE_483
ROUTE         1     1.299       R4C9D.F1 to      R4C11D.A1 serial_out_127
CTOF_DEL    ---     0.495      R4C11D.A1 to      R4C11D.F1 SLICE_236
ROUTE         1     1.838      R4C11D.F1 to      R3C11C.B0 serial_out_162
CTOF_DEL    ---     0.495      R3C11C.B0 to      R3C11C.F0 SLICE_403
ROUTE         1     1.435      R3C11C.F0 to       28.PADDO serial_out_c
DOPAD_DEL   ---     2.797       28.PADDO to         28.PAD serial_out
                  --------
                   10.307   (45.9% logic, 54.1% route), 5 logic levels.

Unconstrained Preference:
   CLOCK_TO_OUT PORT "serial_out" CLKPORT "clk" 

Report:   10.292ns delay SLICE_29 to serial_out

   Name    Fanout   Delay (ns)          Site               Resource
REG_DEL     ---     0.452      R5C9B.CLK to       R5C9B.Q0 SLICE_29 (from clk_c)
ROUTE         1     0.986       R5C9B.Q0 to       R4C9D.A1 observe[161]
CTOF_DEL    ---     0.495       R4C9D.A1 to       R4C9D.F1 SLICE_483
ROUTE         1     1.299       R4C9D.F1 to      R4C11D.A1 serial_out_127
CTOF_DEL    ---     0.495      R4C11D.A1 to      R4C11D.F1 SLICE_236
ROUTE         1     1.838      R4C11D.F1 to      R3C11C.B0 serial_out_162
CTOF_DEL    ---     0.495      R3C11C.B0 to      R3C11C.F0 SLICE_403
ROUTE         1     1.435      R3C11C.F0 to       28.PADDO serial_out_c
DOPAD_DEL   ---     2.797       28.PADDO to         28.PAD serial_out
                  --------
                   10.292   (46.0% logic, 54.0% route), 5 logic levels.

Unconstrained Preference:
   CLOCK_TO_OUT PORT "serial_out" CLKPORT "clk" 

Report:   10.281ns delay SLICE_32 to serial_out

   Name    Fanout   Delay (ns)          Site               Resource
REG_DEL     ---     0.452      R3C9B.CLK to       R3C9B.Q1 SLICE_32 (from clk_c)
ROUTE         1     1.336       R3C9B.Q1 to      R4C10D.B0 observe[154]
CTOF_DEL    ---     0.495      R4C10D.B0 to      R4C10D.F0 SLICE_484
ROUTE         1     1.079      R4C10D.F0 to      R5C11C.C1 serial_out_125
CTOF_DEL    ---     0.495      R5C11C.C1 to      R5C11C.F1 SLICE_405
ROUTE         1     0.436      R5C11C.F1 to      R5C11C.C0 serial_out_161
CTOF_DEL    ---     0.495      R5C11C.C0 to      R5C11C.F0 SLICE_405
ROUTE         1     0.766      R5C11C.F0 to      R3C11C.C0 serial_out_170
CTOF_DEL    ---     0.495      R3C11C.C0 to      R3C11C.F0 SLICE_403
ROUTE         1     1.435      R3C11C.F0 to       28.PADDO serial_out_c
DOPAD_DEL   ---     2.797       28.PADDO to         28.PAD serial_out
                  --------
                   10.281   (50.9% logic, 49.1% route), 6 logic levels.

Unconstrained Preference:
   CLOCK_TO_OUT PORT "serial_out" CLKPORT "clk" 

Report:   10.258ns delay SLICE_403 to serial_out

   Name    Fanout   Delay (ns)          Site               Resource
REG_DEL     ---     0.452     R3C11C.CLK to      R3C11C.Q0 SLICE_403 (from clk_c)
ROUTE         1     1.498      R3C11C.Q0 to      R3C11B.A1 observe[0]
CTOF_DEL    ---     0.495      R3C11B.A1 to      R3C11B.F1 SLICE_413
ROUTE         1     0.436      R3C11B.F1 to      R3C11B.C0 serial_out_87
CTOF_DEL    ---     0.495      R3C11B.C0 to      R3C11B.F0 SLICE_413
ROUTE         1     0.693      R3C11B.F0 to      R3C11C.B1 serial_out_130
CTOF_DEL    ---     0.495      R3C11C.B1 to      R3C11C.F1 SLICE_403
ROUTE         1     0.967      R3C11C.F1 to      R3C11C.A0 serial_out_163
CTOF_DEL    ---     0.495      R3C11C.A0 to      R3C11C.F0 SLICE_403
ROUTE         1     1.435      R3C11C.F0 to       28.PADDO serial_out_c
DOPAD_DEL   ---     2.797       28.PADDO to         28.PAD serial_out
                  --------
                   10.258   (51.0% logic, 49.0% route), 6 logic levels.

Unconstrained Preference:
   CLOCK_TO_OUT PORT "serial_out" CLKPORT "clk" 

Report:   10.244ns delay SLICE_134 to serial_out

   Name    Fanout   Delay (ns)          Site               Resource
REG_DEL     ---     0.452     R3C13B.CLK to      R3C13B.Q0 SLICE_134 (from clk_c)
ROUTE         1     1.801      R3C13B.Q0 to      R4C11D.A0 observe[171]
CTOF_DEL    ---     0.495      R4C11D.A0 to      R4C11D.F0 SLICE_236
ROUTE         1     0.436      R4C11D.F0 to      R4C11D.C1 serial_out_129
CTOF_DEL    ---     0.495      R4C11D.C1 to      R4C11D.F1 SLICE_236
ROUTE         1     1.838      R4C11D.F1 to      R3C11C.B0 serial_out_162
CTOF_DEL    ---     0.495      R3C11C.B0 to      R3C11C.F0 SLICE_403
ROUTE         1     1.435      R3C11C.F0 to       28.PADDO serial_out_c
DOPAD_DEL   ---     2.797       28.PADDO to         28.PAD serial_out
                  --------
                   10.244   (46.2% logic, 53.8% route), 5 logic levels.

Unconstrained Preference:
   CLOCK_TO_OUT PORT "serial_out" CLKPORT "clk" 

Report:   10.195ns delay SLICE_67 to serial_out

   Name    Fanout   Delay (ns)          Site               Resource
REG_DEL     ---     0.452     R2C10B.CLK to      R2C10B.Q0 SLICE_67 (from clk_c)
ROUTE         1     1.042      R2C10B.Q0 to       R2C8C.D1 observe[5]
CTOF_DEL    ---     0.495       R2C8C.D1 to       R2C8C.F1 SLICE_495
ROUTE         1     2.017       R2C8C.F1 to      R3C11C.C1 serial_out_88
CTOF_DEL    ---     0.495      R3C11C.C1 to      R3C11C.F1 SLICE_403
ROUTE         1     0.967      R3C11C.F1 to      R3C11C.A0 serial_out_163
CTOF_DEL    ---     0.495      R3C11C.A0 to      R3C11C.F0 SLICE_403
ROUTE         1     1.435      R3C11C.F0 to       28.PADDO serial_out_c
DOPAD_DEL   ---     2.797       28.PADDO to         28.PAD serial_out
                  --------
                   10.195   (46.4% logic, 53.6% route), 5 logic levels.

Unconstrained Preference:
   CLOCK_TO_OUT PORT "serial_out" CLKPORT "clk" 

Report:   10.188ns delay SLICE_412 to serial_out

   Name    Fanout   Delay (ns)          Site               Resource
REG_DEL     ---     0.452     R5C11D.CLK to      R5C11D.Q0 SLICE_412 (from clk_c)
ROUTE         1     1.157      R5C11D.Q0 to      R4C11B.D1 observe[26]
CTOF_DEL    ---     0.495      R4C11B.D1 to      R4C11B.F1 SLICE_406
ROUTE         1     0.436      R4C11B.F1 to      R4C11B.C0 serial_out_93
CTOF_DEL    ---     0.495      R4C11B.C0 to      R4C11B.F0 SLICE_406
ROUTE         1     0.964      R4C11B.F0 to      R3C11C.A1 serial_out_153
CTOF_DEL    ---     0.495      R3C11C.A1 to      R3C11C.F1 SLICE_403
ROUTE         1     0.967      R3C11C.F1 to      R3C11C.A0 serial_out_163
CTOF_DEL    ---     0.495      R3C11C.A0 to      R3C11C.F0 SLICE_403
ROUTE         1     1.435      R3C11C.F0 to       28.PADDO serial_out_c
DOPAD_DEL   ---     2.797       28.PADDO to         28.PAD serial_out
                  --------
                   10.188   (51.3% logic, 48.7% route), 6 logic levels.

Unconstrained Preference:
   CLOCK_TO_OUT PORT "serial_out" CLKPORT "clk" 

Report:   10.176ns delay SLICE_67 to serial_out

   Name    Fanout   Delay (ns)          Site               Resource
REG_DEL     ---     0.452     R2C10B.CLK to      R2C10B.Q1 SLICE_67 (from clk_c)
ROUTE         1     1.023      R2C10B.Q1 to       R2C8C.B1 observe[6]
CTOF_DEL    ---     0.495       R2C8C.B1 to       R2C8C.F1 SLICE_495
ROUTE         1     2.017       R2C8C.F1 to      R3C11C.C1 serial_out_88
CTOF_DEL    ---     0.495      R3C11C.C1 to      R3C11C.F1 SLICE_403
ROUTE         1     0.967      R3C11C.F1 to      R3C11C.A0 serial_out_163
CTOF_DEL    ---     0.495      R3C11C.A0 to      R3C11C.F0 SLICE_403
ROUTE         1     1.435      R3C11C.F0 to       28.PADDO serial_out_c
DOPAD_DEL   ---     2.797       28.PADDO to         28.PAD serial_out
                  --------
                   10.176   (46.5% logic, 53.5% route), 5 logic levels.

Unconstrained Preference:
   CLOCK_TO_OUT PORT "serial_out" CLKPORT "clk" 

Report:   10.166ns delay SLICE_483 to serial_out

   Name    Fanout   Delay (ns)          Site               Resource
REG_DEL     ---     0.452      R4C9D.CLK to       R4C9D.Q1 SLICE_483 (from clk_c)
ROUTE         1     1.336       R4C9D.Q1 to      R4C11C.B1 observe[120]
CTOF_DEL    ---     0.495      R4C11C.B1 to      R4C11C.F1 SLICE_411
ROUTE         1     0.436      R4C11C.F1 to      R4C11C.C0 serial_out_117
CTOF_DEL    ---     0.495      R4C11C.C0 to      R4C11C.F0 SLICE_411
ROUTE         1     0.964      R4C11C.F0 to      R5C11C.A0 serial_out_159
CTOF_DEL    ---     0.495      R5C11C.A0 to      R5C11C.F0 SLICE_405
ROUTE         1     0.766      R5C11C.F0 to      R3C11C.C0 serial_out_170
CTOF_DEL    ---     0.495      R3C11C.C0 to      R3C11C.F0 SLICE_403
ROUTE         1     1.435      R3C11C.F0 to       28.PADDO serial_out_c
DOPAD_DEL   ---     2.797       28.PADDO to         28.PAD serial_out
                  --------
                   10.166   (51.4% logic, 48.6% route), 6 logic levels.

Unconstrained Preference:
   CLOCK_TO_OUT PORT "serial_out" CLKPORT "clk" 

Report:   10.151ns delay SLICE_25 to serial_out

   Name    Fanout   Delay (ns)          Site               Resource
REG_DEL     ---     0.452      R4C8A.CLK to       R4C8A.Q1 SLICE_25 (from clk_c)
ROUTE         1     1.499       R4C8A.Q1 to       R4C9D.D0 observe[164]
CTOF_DEL    ---     0.495       R4C9D.D0 to       R4C9D.F0 SLICE_483
ROUTE         1     0.645       R4C9D.F0 to      R4C11D.D1 serial_out_128
CTOF_DEL    ---     0.495      R4C11D.D1 to      R4C11D.F1 SLICE_236
ROUTE         1     1.838      R4C11D.F1 to      R3C11C.B0 serial_out_162
CTOF_DEL    ---     0.495      R3C11C.B0 to      R3C11C.F0 SLICE_403
ROUTE         1     1.435      R3C11C.F0 to       28.PADDO serial_out_c
DOPAD_DEL   ---     2.797       28.PADDO to         28.PAD serial_out
                  --------
                   10.151   (46.6% logic, 53.4% route), 5 logic levels.

Unconstrained Preference:
   CLOCK_TO_OUT PORT "serial_out" CLKPORT "clk" 

Report:   10.143ns delay SLICE_16 to serial_out

   Name    Fanout   Delay (ns)          Site               Resource
REG_DEL     ---     0.452     R4C10A.CLK to      R4C10A.Q0 SLICE_16 (from clk_c)
ROUTE         1     1.962      R4C10A.Q0 to      R5C11D.B1 observe[139]
CTOF_DEL    ---     0.495      R5C11D.B1 to      R5C11D.F1 SLICE_412
ROUTE         1     0.436      R5C11D.F1 to      R5C11D.C0 serial_out_121
CTOF_DEL    ---     0.495      R5C11D.C0 to      R5C11D.F0 SLICE_412
ROUTE         1     0.315      R5C11D.F0 to      R5C11C.D0 serial_out_160
CTOF_DEL    ---     0.495      R5C11C.D0 to      R5C11C.F0 SLICE_405
ROUTE         1     0.766      R5C11C.F0 to      R3C11C.C0 serial_out_170
CTOF_DEL    ---     0.495      R3C11C.C0 to      R3C11C.F0 SLICE_403
ROUTE         1     1.435      R3C11C.F0 to       28.PADDO serial_out_c
DOPAD_DEL   ---     2.797       28.PADDO to         28.PAD serial_out
                  --------
                   10.143   (51.6% logic, 48.4% route), 6 logic levels.

Unconstrained Preference:
   CLOCK_TO_OUT PORT "serial_out" CLKPORT "clk" 

Report:   10.120ns delay SLICE_68 to serial_out

   Name    Fanout   Delay (ns)          Site               Resource
REG_DEL     ---     0.452      R2C8A.CLK to       R2C8A.Q0 SLICE_68 (from clk_c)
ROUTE         1     0.967       R2C8A.Q0 to       R2C8C.A1 observe[7]
CTOF_DEL    ---     0.495       R2C8C.A1 to       R2C8C.F1 SLICE_495
ROUTE         1     2.017       R2C8C.F1 to      R3C11C.C1 serial_out_88
CTOF_DEL    ---     0.495      R3C11C.C1 to      R3C11C.F1 SLICE_403
ROUTE         1     0.967      R3C11C.F1 to      R3C11C.A0 serial_out_163
CTOF_DEL    ---     0.495      R3C11C.A0 to      R3C11C.F0 SLICE_403
ROUTE         1     1.435      R3C11C.F0 to       28.PADDO serial_out_c
DOPAD_DEL   ---     2.797       28.PADDO to         28.PAD serial_out
                  --------
                   10.120   (46.8% logic, 53.2% route), 5 logic levels.

Unconstrained Preference:
   CLOCK_TO_OUT PORT "serial_out" CLKPORT "clk" 

Report:   10.102ns delay SLICE_486 to serial_out

   Name    Fanout   Delay (ns)          Site               Resource
REG_DEL     ---     0.452     R5C12D.CLK to      R5C12D.Q0 SLICE_486 (from clk_c)
ROUTE         1     0.744      R5C12D.Q0 to      R5C11A.C1 observe[113]
CTOF_DEL    ---     0.495      R5C11A.C1 to      R5C11A.F1 SLICE_487
ROUTE         1     0.964      R5C11A.F1 to      R4C11C.A0 serial_out_115
CTOF_DEL    ---     0.495      R4C11C.A0 to      R4C11C.F0 SLICE_411
ROUTE         1     0.964      R4C11C.F0 to      R5C11C.A0 serial_out_159
CTOF_DEL    ---     0.495      R5C11C.A0 to      R5C11C.F0 SLICE_405
ROUTE         1     0.766      R5C11C.F0 to      R3C11C.C0 serial_out_170
CTOF_DEL    ---     0.495      R3C11C.C0 to      R3C11C.F0 SLICE_403
ROUTE         1     1.435      R3C11C.F0 to       28.PADDO serial_out_c
DOPAD_DEL   ---     2.797       28.PADDO to         28.PAD serial_out
                  --------
                   10.102   (51.8% logic, 48.2% route), 6 logic levels.

Unconstrained Preference:
   CLOCK_TO_OUT PORT "serial_out" CLKPORT "clk" 

Report:   10.096ns delay SLICE_485 to serial_out

   Name    Fanout   Delay (ns)          Site               Resource
REG_DEL     ---     0.452      R5C9D.CLK to       R5C9D.Q1 SLICE_485 (from clk_c)
ROUTE         1     1.079       R5C9D.Q1 to      R5C11A.C0 observe[116]
CTOF_DEL    ---     0.495      R5C11A.C0 to      R5C11A.F0 SLICE_487
ROUTE         1     0.623      R5C11A.F0 to      R4C11C.D0 serial_out_116
CTOF_DEL    ---     0.495      R4C11C.D0 to      R4C11C.F0 SLICE_411
ROUTE         1     0.964      R4C11C.F0 to      R5C11C.A0 serial_out_159
CTOF_DEL    ---     0.495      R5C11C.A0 to      R5C11C.F0 SLICE_405
ROUTE         1     0.766      R5C11C.F0 to      R3C11C.C0 serial_out_170
CTOF_DEL    ---     0.495      R3C11C.C0 to      R3C11C.F0 SLICE_403
ROUTE         1     1.435      R3C11C.F0 to       28.PADDO serial_out_c
DOPAD_DEL   ---     2.797       28.PADDO to         28.PAD serial_out
                  --------
                   10.096   (51.8% logic, 48.2% route), 6 logic levels.

Unconstrained Preference:
   CLOCK_TO_OUT PORT "serial_out" CLKPORT "clk" 

Report:   10.090ns delay SLICE_20 to serial_out

   Name    Fanout   Delay (ns)          Site               Resource
REG_DEL     ---     0.452     R3C10B.CLK to      R3C10B.Q0 SLICE_20 (from clk_c)
ROUTE         1     0.747      R3C10B.Q0 to      R3C10D.C0 observe[157]
CTOF_DEL    ---     0.495      R3C10D.C0 to      R3C10D.F0 SLICE_168
ROUTE         1     1.336      R3C10D.F0 to      R4C11D.B1 serial_out_126
CTOF_DEL    ---     0.495      R4C11D.B1 to      R4C11D.F1 SLICE_236
ROUTE         1     1.838      R4C11D.F1 to      R3C11C.B0 serial_out_162
CTOF_DEL    ---     0.495      R3C11C.B0 to      R3C11C.F0 SLICE_403
ROUTE         1     1.435      R3C11C.F0 to       28.PADDO serial_out_c
DOPAD_DEL   ---     2.797       28.PADDO to         28.PAD serial_out
                  --------
                   10.090   (46.9% logic, 53.1% route), 5 logic levels.

Unconstrained Preference:
   CLOCK_TO_OUT PORT "serial_out" CLKPORT "clk" 

Report:   10.072ns delay SLICE_25 to serial_out

   Name    Fanout   Delay (ns)          Site               Resource
REG_DEL     ---     0.452      R4C8A.CLK to       R4C8A.Q0 SLICE_25 (from clk_c)
ROUTE         1     0.766       R4C8A.Q0 to       R4C9D.C1 observe[163]
CTOF_DEL    ---     0.495       R4C9D.C1 to       R4C9D.F1 SLICE_483
ROUTE         1     1.299       R4C9D.F1 to      R4C11D.A1 serial_out_127
CTOF_DEL    ---     0.495      R4C11D.A1 to      R4C11D.F1 SLICE_236
ROUTE         1     1.838      R4C11D.F1 to      R3C11C.B0 serial_out_162
CTOF_DEL    ---     0.495      R3C11C.B0 to      R3C11C.F0 SLICE_403
ROUTE         1     1.435      R3C11C.F0 to       28.PADDO serial_out_c
DOPAD_DEL   ---     2.797       28.PADDO to         28.PAD serial_out
                  --------
                   10.072   (47.0% logic, 53.0% route), 5 logic levels.

Unconstrained Preference:
   CLOCK_TO_OUT PORT "serial_out" CLKPORT "clk" 

Report:   10.017ns delay SLICE_412 to serial_out

   Name    Fanout   Delay (ns)          Site               Resource
REG_DEL     ---     0.452     R5C11D.CLK to      R5C11D.Q1 SLICE_412 (from clk_c)
ROUTE         1     0.986      R5C11D.Q1 to      R4C11B.A1 observe[27]
CTOF_DEL    ---     0.495      R4C11B.A1 to      R4C11B.F1 SLICE_406
ROUTE         1     0.436      R4C11B.F1 to      R4C11B.C0 serial_out_93
CTOF_DEL    ---     0.495      R4C11B.C0 to      R4C11B.F0 SLICE_406
ROUTE         1     0.964      R4C11B.F0 to      R3C11C.A1 serial_out_153
CTOF_DEL    ---     0.495      R3C11C.A1 to      R3C11C.F1 SLICE_403
ROUTE         1     0.967      R3C11C.F1 to      R3C11C.A0 serial_out_163
CTOF_DEL    ---     0.495      R3C11C.A0 to      R3C11C.F0 SLICE_403
ROUTE         1     1.435      R3C11C.F0 to       28.PADDO serial_out_c
DOPAD_DEL   ---     2.797       28.PADDO to         28.PAD serial_out
                  --------
                   10.017   (52.2% logic, 47.8% route), 6 logic levels.

Unconstrained Preference:
   CLOCK_TO_OUT PORT "serial_out" CLKPORT "clk" 

Report:   10.014ns delay SLICE_487 to serial_out

   Name    Fanout   Delay (ns)          Site               Resource
REG_DEL     ---     0.452     R5C11A.CLK to      R5C11A.Q1 SLICE_487 (from clk_c)
ROUTE         1     0.656      R5C11A.Q1 to      R5C11A.A1 observe[112]
CTOF_DEL    ---     0.495      R5C11A.A1 to      R5C11A.F1 SLICE_487
ROUTE         1     0.964      R5C11A.F1 to      R4C11C.A0 serial_out_115
CTOF_DEL    ---     0.495      R4C11C.A0 to      R4C11C.F0 SLICE_411
ROUTE         1     0.964      R4C11C.F0 to      R5C11C.A0 serial_out_159
CTOF_DEL    ---     0.495      R5C11C.A0 to      R5C11C.F0 SLICE_405
ROUTE         1     0.766      R5C11C.F0 to      R3C11C.C0 serial_out_170
CTOF_DEL    ---     0.495      R3C11C.C0 to      R3C11C.F0 SLICE_403
ROUTE         1     1.435      R3C11C.F0 to       28.PADDO serial_out_c
DOPAD_DEL   ---     2.797       28.PADDO to         28.PAD serial_out
                  --------
                   10.014   (52.2% logic, 47.8% route), 6 logic levels.

Unconstrained Preference:
   CLOCK_TO_OUT PORT "serial_out" CLKPORT "clk" 

Report:   10.003ns delay SLICE_485 to serial_out

   Name    Fanout   Delay (ns)          Site               Resource
REG_DEL     ---     0.452      R5C9D.CLK to       R5C9D.Q0 SLICE_485 (from clk_c)
ROUTE         1     0.645       R5C9D.Q0 to      R5C11A.D1 observe[115]
CTOF_DEL    ---     0.495      R5C11A.D1 to      R5C11A.F1 SLICE_487
ROUTE         1     0.964      R5C11A.F1 to      R4C11C.A0 serial_out_115
CTOF_DEL    ---     0.495      R4C11C.A0 to      R4C11C.F0 SLICE_411
ROUTE         1     0.964      R4C11C.F0 to      R5C11C.A0 serial_out_159
CTOF_DEL    ---     0.495      R5C11C.A0 to      R5C11C.F0 SLICE_405
ROUTE         1     0.766      R5C11C.F0 to      R3C11C.C0 serial_out_170
CTOF_DEL    ---     0.495      R3C11C.C0 to      R3C11C.F0 SLICE_403
ROUTE         1     1.435      R3C11C.F0 to       28.PADDO serial_out_c
DOPAD_DEL   ---     2.797       28.PADDO to         28.PAD serial_out
                  --------
                   10.003   (52.3% logic, 47.7% route), 6 logic levels.

Unconstrained Preference:
   CLOCK_TO_OUT PORT "serial_out" CLKPORT "clk" 

Report:    9.951ns delay SLICE_28 to serial_out

   Name    Fanout   Delay (ns)          Site               Resource
REG_DEL     ---     0.452      R5C9A.CLK to       R5C9A.Q1 SLICE_28 (from clk_c)
ROUTE         1     0.645       R5C9A.Q1 to       R4C9D.D1 observe[160]
CTOF_DEL    ---     0.495       R4C9D.D1 to       R4C9D.F1 SLICE_483
ROUTE         1     1.299       R4C9D.F1 to      R4C11D.A1 serial_out_127
CTOF_DEL    ---     0.495      R4C11D.A1 to      R4C11D.F1 SLICE_236
ROUTE         1     1.838      R4C11D.F1 to      R3C11C.B0 serial_out_162
CTOF_DEL    ---     0.495      R3C11C.B0 to      R3C11C.F0 SLICE_403
ROUTE         1     1.435      R3C11C.F0 to       28.PADDO serial_out_c
DOPAD_DEL   ---     2.797       28.PADDO to         28.PAD serial_out
                  --------
                    9.951   (47.6% logic, 52.4% route), 5 logic levels.

Unconstrained Preference:
   CLOCK_TO_OUT PORT "serial_out" CLKPORT "clk" 

Report:    9.903ns delay SLICE_32 to serial_out

   Name    Fanout   Delay (ns)          Site               Resource
REG_DEL     ---     0.452      R3C9B.CLK to       R3C9B.Q0 SLICE_32 (from clk_c)
ROUTE         1     0.958       R3C9B.Q0 to      R4C10D.D0 observe[153]
CTOF_DEL    ---     0.495      R4C10D.D0 to      R4C10D.F0 SLICE_484
ROUTE         1     1.079      R4C10D.F0 to      R5C11C.C1 serial_out_125
CTOF_DEL    ---     0.495      R5C11C.C1 to      R5C11C.F1 SLICE_405
ROUTE         1     0.436      R5C11C.F1 to      R5C11C.C0 serial_out_161
CTOF_DEL    ---     0.495      R5C11C.C0 to      R5C11C.F0 SLICE_405
ROUTE         1     0.766      R5C11C.F0 to      R3C11C.C0 serial_out_170
CTOF_DEL    ---     0.495      R3C11C.C0 to      R3C11C.F0 SLICE_403
ROUTE         1     1.435      R3C11C.F0 to       28.PADDO serial_out_c
DOPAD_DEL   ---     2.797       28.PADDO to         28.PAD serial_out
                  --------
                    9.903   (52.8% logic, 47.2% route), 6 logic levels.

Unconstrained Preference:
   CLOCK_TO_OUT PORT "serial_out" CLKPORT "clk" 

Report:    9.847ns delay SLICE_38 to serial_out

   Name    Fanout   Delay (ns)          Site               Resource
REG_DEL     ---     0.452      R5C8B.CLK to       R5C8B.Q0 SLICE_38 (from clk_c)
ROUTE         1     1.023       R5C8B.Q0 to       R5C9D.B0 observe[145]
CTOF_DEL    ---     0.495       R5C9D.B0 to       R5C9D.F0 SLICE_485
ROUTE         1     0.958       R5C9D.F0 to      R5C11C.D1 serial_out_123
CTOF_DEL    ---     0.495      R5C11C.D1 to      R5C11C.F1 SLICE_405
ROUTE         1     0.436      R5C11C.F1 to      R5C11C.C0 serial_out_161
CTOF_DEL    ---     0.495      R5C11C.C0 to      R5C11C.F0 SLICE_405
ROUTE         1     0.766      R5C11C.F0 to      R3C11C.C0 serial_out_170
CTOF_DEL    ---     0.495      R3C11C.C0 to      R3C11C.F0 SLICE_403
ROUTE         1     1.435      R3C11C.F0 to       28.PADDO serial_out_c
DOPAD_DEL   ---     2.797       28.PADDO to         28.PAD serial_out
                  --------
                    9.847   (53.1% logic, 46.9% route), 6 logic levels.

Unconstrained Preference:
   CLOCK_TO_OUT PORT "serial_out" CLKPORT "clk" 

Report:    9.810ns delay SLICE_407 to serial_out

   Name    Fanout   Delay (ns)          Site               Resource
REG_DEL     ---     0.452     R5C13D.CLK to      R5C13D.Q1 SLICE_407 (from clk_c)
ROUTE         1     0.645      R5C13D.Q1 to      R5C12D.D1 observe[128]
CTOF_DEL    ---     0.495      R5C12D.D1 to      R5C12D.F1 SLICE_486
ROUTE         1     1.420      R5C12D.F1 to      R5C11D.B0 serial_out_119
CTOF_DEL    ---     0.495      R5C11D.B0 to      R5C11D.F0 SLICE_412
ROUTE         1     0.315      R5C11D.F0 to      R5C11C.D0 serial_out_160
CTOF_DEL    ---     0.495      R5C11C.D0 to      R5C11C.F0 SLICE_405
ROUTE         1     0.766      R5C11C.F0 to      R3C11C.C0 serial_out_170
CTOF_DEL    ---     0.495      R3C11C.C0 to      R3C11C.F0 SLICE_403
ROUTE         1     1.435      R3C11C.F0 to       28.PADDO serial_out_c
DOPAD_DEL   ---     2.797       28.PADDO to         28.PAD serial_out
                  --------
                    9.810   (53.3% logic, 46.7% route), 6 logic levels.

Unconstrained Preference:
   CLOCK_TO_OUT PORT "serial_out" CLKPORT "clk" 

Report:    9.801ns delay SLICE_133 to serial_out

   Name    Fanout   Delay (ns)          Site               Resource
REG_DEL     ---     0.452     R4C12D.CLK to      R4C12D.Q0 SLICE_133 (from clk_c)
ROUTE         1     1.620      R4C12D.Q0 to      R5C11D.C1 observe[137]
CTOF_DEL    ---     0.495      R5C11D.C1 to      R5C11D.F1 SLICE_412
ROUTE         1     0.436      R5C11D.F1 to      R5C11D.C0 serial_out_121
CTOF_DEL    ---     0.495      R5C11D.C0 to      R5C11D.F0 SLICE_412
ROUTE         1     0.315      R5C11D.F0 to      R5C11C.D0 serial_out_160
CTOF_DEL    ---     0.495      R5C11C.D0 to      R5C11C.F0 SLICE_405
ROUTE         1     0.766      R5C11C.F0 to      R3C11C.C0 serial_out_170
CTOF_DEL    ---     0.495      R3C11C.C0 to      R3C11C.F0 SLICE_403
ROUTE         1     1.435      R3C11C.F0 to       28.PADDO serial_out_c
DOPAD_DEL   ---     2.797       28.PADDO to         28.PAD serial_out
                  --------
                    9.801   (53.4% logic, 46.6% route), 6 logic levels.

Unconstrained Preference:
   CLOCK_TO_OUT PORT "serial_out" CLKPORT "clk" 

Report:    9.797ns delay SLICE_236 to serial_out

   Name    Fanout   Delay (ns)          Site               Resource
REG_DEL     ---     0.452     R4C11D.CLK to      R4C11D.Q1 SLICE_236 (from clk_c)
ROUTE         1     0.967      R4C11D.Q1 to      R4C11C.A1 observe[122]
CTOF_DEL    ---     0.495      R4C11C.A1 to      R4C11C.F1 SLICE_411
ROUTE         1     0.436      R4C11C.F1 to      R4C11C.C0 serial_out_117
CTOF_DEL    ---     0.495      R4C11C.C0 to      R4C11C.F0 SLICE_411
ROUTE         1     0.964      R4C11C.F0 to      R5C11C.A0 serial_out_159
CTOF_DEL    ---     0.495      R5C11C.A0 to      R5C11C.F0 SLICE_405
ROUTE         1     0.766      R5C11C.F0 to      R3C11C.C0 serial_out_170
CTOF_DEL    ---     0.495      R3C11C.C0 to      R3C11C.F0 SLICE_403
ROUTE         1     1.435      R3C11C.F0 to       28.PADDO serial_out_c
DOPAD_DEL   ---     2.797       28.PADDO to         28.PAD serial_out
                  --------
                    9.797   (53.4% logic, 46.6% route), 6 logic levels.

Unconstrained Preference:
   CLOCK_TO_OUT PORT "serial_out" CLKPORT "clk" 

Report:    9.788ns delay SLICE_38 to serial_out

   Name    Fanout   Delay (ns)          Site               Resource
REG_DEL     ---     0.452      R5C8B.CLK to       R5C8B.Q1 SLICE_38 (from clk_c)
ROUTE         1     0.964       R5C8B.Q1 to       R5C9D.A0 observe[146]
CTOF_DEL    ---     0.495       R5C9D.A0 to       R5C9D.F0 SLICE_485
ROUTE         1     0.958       R5C9D.F0 to      R5C11C.D1 serial_out_123
CTOF_DEL    ---     0.495      R5C11C.D1 to      R5C11C.F1 SLICE_405
ROUTE         1     0.436      R5C11C.F1 to      R5C11C.C0 serial_out_161
CTOF_DEL    ---     0.495      R5C11C.C0 to      R5C11C.F0 SLICE_405
ROUTE         1     0.766      R5C11C.F0 to      R3C11C.C0 serial_out_170
CTOF_DEL    ---     0.495      R3C11C.C0 to      R3C11C.F0 SLICE_403
ROUTE         1     1.435      R3C11C.F0 to       28.PADDO serial_out_c
DOPAD_DEL   ---     2.797       28.PADDO to         28.PAD serial_out
                  --------
                    9.788   (53.4% logic, 46.6% route), 6 logic levels.

Unconstrained Preference:
   CLOCK_TO_OUT PORT "serial_out" CLKPORT "clk" 

Report:    9.786ns delay SLICE_413 to serial_out

   Name    Fanout   Delay (ns)          Site               Resource
REG_DEL     ---     0.452     R3C11B.CLK to      R3C11B.Q1 SLICE_413 (from clk_c)
ROUTE         1     1.726      R3C11B.Q1 to      R5C11B.A1 observe[124]
CTOF_DEL    ---     0.495      R5C11B.A1 to      R5C11B.F1 SLICE_169
ROUTE         1     0.315      R5C11B.F1 to      R5C11D.D0 serial_out_118
CTOF_DEL    ---     0.495      R5C11D.D0 to      R5C11D.F0 SLICE_412
ROUTE         1     0.315      R5C11D.F0 to      R5C11C.D0 serial_out_160
CTOF_DEL    ---     0.495      R5C11C.D0 to      R5C11C.F0 SLICE_405
ROUTE         1     0.766      R5C11C.F0 to      R3C11C.C0 serial_out_170
CTOF_DEL    ---     0.495      R3C11C.C0 to      R3C11C.F0 SLICE_403
ROUTE         1     1.435      R3C11C.F0 to       28.PADDO serial_out_c
DOPAD_DEL   ---     2.797       28.PADDO to         28.PAD serial_out
                  --------
                    9.786   (53.4% logic, 46.6% route), 6 logic levels.

Unconstrained Preference:
   CLOCK_TO_OUT PORT "serial_out" CLKPORT "clk" 

Report:    9.778ns delay SLICE_411 to serial_out

   Name    Fanout   Delay (ns)          Site               Resource
REG_DEL     ---     0.452     R4C11C.CLK to      R4C11C.Q1 SLICE_411 (from clk_c)
ROUTE         1     0.747      R4C11C.Q1 to      R4C11B.C1 observe[25]
CTOF_DEL    ---     0.495      R4C11B.C1 to      R4C11B.F1 SLICE_406
ROUTE         1     0.436      R4C11B.F1 to      R4C11B.C0 serial_out_93
CTOF_DEL    ---     0.495      R4C11B.C0 to      R4C11B.F0 SLICE_406
ROUTE         1     0.964      R4C11B.F0 to      R3C11C.A1 serial_out_153
CTOF_DEL    ---     0.495      R3C11C.A1 to      R3C11C.F1 SLICE_403
ROUTE         1     0.967      R3C11C.F1 to      R3C11C.A0 serial_out_163
CTOF_DEL    ---     0.495      R3C11C.A0 to      R3C11C.F0 SLICE_403
ROUTE         1     1.435      R3C11C.F0 to       28.PADDO serial_out_c
DOPAD_DEL   ---     2.797       28.PADDO to         28.PAD serial_out
                  --------
                    9.778   (53.5% logic, 46.5% route), 6 logic levels.

Unconstrained Preference:
   CLOCK_TO_OUT PORT "serial_out" CLKPORT "clk" 

Report:    9.764ns delay SLICE_65 to serial_out

   Name    Fanout   Delay (ns)          Site               Resource
REG_DEL     ---     0.452     R3C11A.CLK to      R3C11A.Q1 SLICE_65 (from clk_c)
ROUTE         1     1.004      R3C11A.Q1 to      R3C11B.B1 observe[2]
CTOF_DEL    ---     0.495      R3C11B.B1 to      R3C11B.F1 SLICE_413
ROUTE         1     0.436      R3C11B.F1 to      R3C11B.C0 serial_out_87
CTOF_DEL    ---     0.495      R3C11B.C0 to      R3C11B.F0 SLICE_413
ROUTE         1     0.693      R3C11B.F0 to      R3C11C.B1 serial_out_130
CTOF_DEL    ---     0.495      R3C11C.B1 to      R3C11C.F1 SLICE_403
ROUTE         1     0.967      R3C11C.F1 to      R3C11C.A0 serial_out_163
CTOF_DEL    ---     0.495      R3C11C.A0 to      R3C11C.F0 SLICE_403
ROUTE         1     1.435      R3C11C.F0 to       28.PADDO serial_out_c
DOPAD_DEL   ---     2.797       28.PADDO to         28.PAD serial_out
                  --------
                    9.764   (53.6% logic, 46.4% route), 6 logic levels.

Unconstrained Preference:
   CLOCK_TO_OUT PORT "serial_out" CLKPORT "clk" 

Report:    9.753ns delay SLICE_70 to serial_out

   Name    Fanout   Delay (ns)          Site               Resource
REG_DEL     ---     0.452      R3C7C.CLK to       R3C7C.Q0 SLICE_70 (from clk_c)
ROUTE         1     1.460       R3C7C.Q0 to       R2C8C.D0 observe[11]
CTOF_DEL    ---     0.495       R2C8C.D0 to       R2C8C.F0 SLICE_495
ROUTE         1     1.157       R2C8C.F0 to      R3C11C.D1 serial_out_89
CTOF_DEL    ---     0.495      R3C11C.D1 to      R3C11C.F1 SLICE_403
ROUTE         1     0.967      R3C11C.F1 to      R3C11C.A0 serial_out_163
CTOF_DEL    ---     0.495      R3C11C.A0 to      R3C11C.F0 SLICE_403
ROUTE         1     1.435      R3C11C.F0 to       28.PADDO serial_out_c
DOPAD_DEL   ---     2.797       28.PADDO to         28.PAD serial_out
                  --------
                    9.753   (48.5% logic, 51.5% route), 5 logic levels.

Unconstrained Preference:
   CLOCK_TO_OUT PORT "serial_out" CLKPORT "clk" 

Report:    9.713ns delay SLICE_69 to serial_out

   Name    Fanout   Delay (ns)          Site               Resource
REG_DEL     ---     0.452      R3C8A.CLK to       R3C8A.Q0 SLICE_69 (from clk_c)
ROUTE         1     1.420       R3C8A.Q0 to       R2C8C.B0 observe[9]
CTOF_DEL    ---     0.495       R2C8C.B0 to       R2C8C.F0 SLICE_495
ROUTE         1     1.157       R2C8C.F0 to      R3C11C.D1 serial_out_89
CTOF_DEL    ---     0.495      R3C11C.D1 to      R3C11C.F1 SLICE_403
ROUTE         1     0.967      R3C11C.F1 to      R3C11C.A0 serial_out_163
CTOF_DEL    ---     0.495      R3C11C.A0 to      R3C11C.F0 SLICE_403
ROUTE         1     1.435      R3C11C.F0 to       28.PADDO serial_out_c
DOPAD_DEL   ---     2.797       28.PADDO to         28.PAD serial_out
                  --------
                    9.713   (48.7% logic, 51.3% route), 5 logic levels.

Unconstrained Preference:
   CLOCK_TO_OUT PORT "serial_out" CLKPORT "clk" 

Report:    9.689ns delay SLICE_19 to serial_out

   Name    Fanout   Delay (ns)          Site               Resource
REG_DEL     ---     0.452     R3C10A.CLK to      R3C10A.Q0 SLICE_19 (from clk_c)
ROUTE         1     0.744      R3C10A.Q0 to      R4C10D.C0 observe[155]
CTOF_DEL    ---     0.495      R4C10D.C0 to      R4C10D.F0 SLICE_484
ROUTE         1     1.079      R4C10D.F0 to      R5C11C.C1 serial_out_125
CTOF_DEL    ---     0.495      R5C11C.C1 to      R5C11C.F1 SLICE_405
ROUTE         1     0.436      R5C11C.F1 to      R5C11C.C0 serial_out_161
CTOF_DEL    ---     0.495      R5C11C.C0 to      R5C11C.F0 SLICE_405
ROUTE         1     0.766      R5C11C.F0 to      R3C11C.C0 serial_out_170
CTOF_DEL    ---     0.495      R3C11C.C0 to      R3C11C.F0 SLICE_403
ROUTE         1     1.435      R3C11C.F0 to       28.PADDO serial_out_c
DOPAD_DEL   ---     2.797       28.PADDO to         28.PAD serial_out
                  --------
                    9.689   (54.0% logic, 46.0% route), 6 logic levels.

Unconstrained Preference:
   CLOCK_TO_OUT PORT "serial_out" CLKPORT "clk" 

Report:    9.675ns delay SLICE_26 to serial_out

   Name    Fanout   Delay (ns)          Site               Resource
REG_DEL     ---     0.452      R4C8B.CLK to       R4C8B.Q0 SLICE_26 (from clk_c)
ROUTE         1     1.023       R4C8B.Q0 to       R4C9D.B0 observe[165]
CTOF_DEL    ---     0.495       R4C9D.B0 to       R4C9D.F0 SLICE_483
ROUTE         1     0.645       R4C9D.F0 to      R4C11D.D1 serial_out_128
CTOF_DEL    ---     0.495      R4C11D.D1 to      R4C11D.F1 SLICE_236
ROUTE         1     1.838      R4C11D.F1 to      R3C11C.B0 serial_out_162
CTOF_DEL    ---     0.495      R3C11C.B0 to      R3C11C.F0 SLICE_403
ROUTE         1     1.435      R3C11C.F0 to       28.PADDO serial_out_c
DOPAD_DEL   ---     2.797       28.PADDO to         28.PAD serial_out
                  --------
                    9.675   (48.9% logic, 51.1% route), 5 logic levels.

Unconstrained Preference:
   CLOCK_TO_OUT PORT "serial_out" CLKPORT "clk" 

Report:    9.616ns delay SLICE_26 to serial_out

   Name    Fanout   Delay (ns)          Site               Resource
REG_DEL     ---     0.452      R4C8B.CLK to       R4C8B.Q1 SLICE_26 (from clk_c)
ROUTE         1     0.964       R4C8B.Q1 to       R4C9D.A0 observe[166]
CTOF_DEL    ---     0.495       R4C9D.A0 to       R4C9D.F0 SLICE_483
ROUTE         1     0.645       R4C9D.F0 to      R4C11D.D1 serial_out_128
CTOF_DEL    ---     0.495      R4C11D.D1 to      R4C11D.F1 SLICE_236
ROUTE         1     1.838      R4C11D.F1 to      R3C11C.B0 serial_out_162
CTOF_DEL    ---     0.495      R3C11C.B0 to      R3C11C.F0 SLICE_403
ROUTE         1     1.435      R3C11C.F0 to       28.PADDO serial_out_c
DOPAD_DEL   ---     2.797       28.PADDO to         28.PAD serial_out
                  --------
                    9.616   (49.2% logic, 50.8% route), 5 logic levels.

Unconstrained Preference:
   CLOCK_TO_OUT PORT "serial_out" CLKPORT "clk" 

Report:    9.595ns delay SLICE_406 to serial_out

   Name    Fanout   Delay (ns)          Site               Resource
REG_DEL     ---     0.452     R4C11B.CLK to      R4C11B.Q1 SLICE_406 (from clk_c)
ROUTE         1     1.535      R4C11B.Q1 to      R5C11B.B1 observe[126]
CTOF_DEL    ---     0.495      R5C11B.B1 to      R5C11B.F1 SLICE_169
ROUTE         1     0.315      R5C11B.F1 to      R5C11D.D0 serial_out_118
CTOF_DEL    ---     0.495      R5C11D.D0 to      R5C11D.F0 SLICE_412
ROUTE         1     0.315      R5C11D.F0 to      R5C11C.D0 serial_out_160
CTOF_DEL    ---     0.495      R5C11C.D0 to      R5C11C.F0 SLICE_405
ROUTE         1     0.766      R5C11C.F0 to      R3C11C.C0 serial_out_170
CTOF_DEL    ---     0.495      R3C11C.C0 to      R3C11C.F0 SLICE_403
ROUTE         1     1.435      R3C11C.F0 to       28.PADDO serial_out_c
DOPAD_DEL   ---     2.797       28.PADDO to         28.PAD serial_out
                  --------
                    9.595   (54.5% logic, 45.5% route), 6 logic levels.

Unconstrained Preference:
   CLOCK_TO_OUT PORT "serial_out" CLKPORT "clk" 

Report:    9.590ns delay SLICE_37 to serial_out

   Name    Fanout   Delay (ns)          Site               Resource
REG_DEL     ---     0.452      R5C8A.CLK to       R5C8A.Q1 SLICE_37 (from clk_c)
ROUTE         1     0.766       R5C8A.Q1 to       R5C9D.C0 observe[144]
CTOF_DEL    ---     0.495       R5C9D.C0 to       R5C9D.F0 SLICE_485
ROUTE         1     0.958       R5C9D.F0 to      R5C11C.D1 serial_out_123
CTOF_DEL    ---     0.495      R5C11C.D1 to      R5C11C.F1 SLICE_405
ROUTE         1     0.436      R5C11C.F1 to      R5C11C.C0 serial_out_161
CTOF_DEL    ---     0.495      R5C11C.C0 to      R5C11C.F0 SLICE_405
ROUTE         1     0.766      R5C11C.F0 to      R3C11C.C0 serial_out_170
CTOF_DEL    ---     0.495      R3C11C.C0 to      R3C11C.F0 SLICE_403
ROUTE         1     1.435      R3C11C.F0 to       28.PADDO serial_out_c
DOPAD_DEL   ---     2.797       28.PADDO to         28.PAD serial_out
                  --------
                    9.590   (54.5% logic, 45.5% route), 6 logic levels.

Unconstrained Preference:
   CLOCK_TO_OUT PORT "serial_out" CLKPORT "clk" 

Report:    9.577ns delay SLICE_236 to serial_out

   Name    Fanout   Delay (ns)          Site               Resource
REG_DEL     ---     0.452     R4C11D.CLK to      R4C11D.Q0 SLICE_236 (from clk_c)
ROUTE         1     0.747      R4C11D.Q0 to      R4C11C.C1 observe[121]
CTOF_DEL    ---     0.495      R4C11C.C1 to      R4C11C.F1 SLICE_411
ROUTE         1     0.436      R4C11C.F1 to      R4C11C.C0 serial_out_117
CTOF_DEL    ---     0.495      R4C11C.C0 to      R4C11C.F0 SLICE_411
ROUTE         1     0.964      R4C11C.F0 to      R5C11C.A0 serial_out_159
CTOF_DEL    ---     0.495      R5C11C.A0 to      R5C11C.F0 SLICE_405
ROUTE         1     0.766      R5C11C.F0 to      R3C11C.C0 serial_out_170
CTOF_DEL    ---     0.495      R3C11C.C0 to      R3C11C.F0 SLICE_403
ROUTE         1     1.435      R3C11C.F0 to       28.PADDO serial_out_c
DOPAD_DEL   ---     2.797       28.PADDO to         28.PAD serial_out
                  --------
                    9.577   (54.6% logic, 45.4% route), 6 logic levels.

Unconstrained Preference:
   CLOCK_TO_OUT PORT "serial_out" CLKPORT "clk" 

Report:    9.564ns delay SLICE_132 to serial_out

   Name    Fanout   Delay (ns)          Site               Resource
REG_DEL     ---     0.452     R5C12A.CLK to      R5C12A.Q1 SLICE_132 (from clk_c)
ROUTE         1     1.383      R5C12A.Q1 to      R5C11D.A1 observe[136]
CTOF_DEL    ---     0.495      R5C11D.A1 to      R5C11D.F1 SLICE_412
ROUTE         1     0.436      R5C11D.F1 to      R5C11D.C0 serial_out_121
CTOF_DEL    ---     0.495      R5C11D.C0 to      R5C11D.F0 SLICE_412
ROUTE         1     0.315      R5C11D.F0 to      R5C11C.D0 serial_out_160
CTOF_DEL    ---     0.495      R5C11C.D0 to      R5C11C.F0 SLICE_405
ROUTE         1     0.766      R5C11C.F0 to      R3C11C.C0 serial_out_170
CTOF_DEL    ---     0.495      R3C11C.C0 to      R3C11C.F0 SLICE_403
ROUTE         1     1.435      R3C11C.F0 to       28.PADDO serial_out_c
DOPAD_DEL   ---     2.797       28.PADDO to         28.PAD serial_out
                  --------
                    9.564   (54.7% logic, 45.3% route), 6 logic levels.

Unconstrained Preference:
   CLOCK_TO_OUT PORT "serial_out" CLKPORT "clk" 

Report:    9.536ns delay SLICE_133 to serial_out

   Name    Fanout   Delay (ns)          Site               Resource
REG_DEL     ---     0.452     R4C12D.CLK to      R4C12D.Q1 SLICE_133 (from clk_c)
ROUTE         1     1.355      R4C12D.Q1 to      R5C11D.D1 observe[138]
CTOF_DEL    ---     0.495      R5C11D.D1 to      R5C11D.F1 SLICE_412
ROUTE         1     0.436      R5C11D.F1 to      R5C11D.C0 serial_out_121
CTOF_DEL    ---     0.495      R5C11D.C0 to      R5C11D.F0 SLICE_412
ROUTE         1     0.315      R5C11D.F0 to      R5C11C.D0 serial_out_160
CTOF_DEL    ---     0.495      R5C11C.D0 to      R5C11C.F0 SLICE_405
ROUTE         1     0.766      R5C11C.F0 to      R3C11C.C0 serial_out_170
CTOF_DEL    ---     0.495      R3C11C.C0 to      R3C11C.F0 SLICE_403
ROUTE         1     1.435      R3C11C.F0 to       28.PADDO serial_out_c
DOPAD_DEL   ---     2.797       28.PADDO to         28.PAD serial_out
                  --------
                    9.536   (54.8% logic, 45.2% route), 6 logic levels.

Unconstrained Preference:
   CLOCK_TO_OUT PORT "serial_out" CLKPORT "clk" 

Report:    9.507ns delay SLICE_65 to serial_out

   Name    Fanout   Delay (ns)          Site               Resource
REG_DEL     ---     0.452     R3C11A.CLK to      R3C11A.Q0 SLICE_65 (from clk_c)
ROUTE         1     0.747      R3C11A.Q0 to      R3C11B.C1 observe[1]
CTOF_DEL    ---     0.495      R3C11B.C1 to      R3C11B.F1 SLICE_413
ROUTE         1     0.436      R3C11B.F1 to      R3C11B.C0 serial_out_87
CTOF_DEL    ---     0.495      R3C11B.C0 to      R3C11B.F0 SLICE_413
ROUTE         1     0.693      R3C11B.F0 to      R3C11C.B1 serial_out_130
CTOF_DEL    ---     0.495      R3C11C.B1 to      R3C11C.F1 SLICE_403
ROUTE         1     0.967      R3C11C.F1 to      R3C11C.A0 serial_out_163
CTOF_DEL    ---     0.495      R3C11C.A0 to      R3C11C.F0 SLICE_403
ROUTE         1     1.435      R3C11C.F0 to       28.PADDO serial_out_c
DOPAD_DEL   ---     2.797       28.PADDO to         28.PAD serial_out
                  --------
                    9.507   (55.0% logic, 45.0% route), 6 logic levels.

Unconstrained Preference:
   CLOCK_TO_OUT PORT "serial_out" CLKPORT "clk" 

Report:    9.485ns delay SLICE_23 to serial_out

   Name    Fanout   Delay (ns)          Site               Resource
REG_DEL     ---     0.452      R4C9B.CLK to       R4C9B.Q0 SLICE_23 (from clk_c)
ROUTE         1     1.042       R4C9B.Q0 to      R4C11D.D0 observe[169]
CTOF_DEL    ---     0.495      R4C11D.D0 to      R4C11D.F0 SLICE_236
ROUTE         1     0.436      R4C11D.F0 to      R4C11D.C1 serial_out_129
CTOF_DEL    ---     0.495      R4C11D.C1 to      R4C11D.F1 SLICE_236
ROUTE         1     1.838      R4C11D.F1 to      R3C11C.B0 serial_out_162
CTOF_DEL    ---     0.495      R3C11C.B0 to      R3C11C.F0 SLICE_403
ROUTE         1     1.435      R3C11C.F0 to       28.PADDO serial_out_c
DOPAD_DEL   ---     2.797       28.PADDO to         28.PAD serial_out
                  --------
                    9.485   (49.9% logic, 50.1% route), 5 logic levels.

Unconstrained Preference:
   CLOCK_TO_OUT PORT "serial_out" CLKPORT "clk" 

Report:    9.466ns delay SLICE_23 to serial_out

   Name    Fanout   Delay (ns)          Site               Resource
REG_DEL     ---     0.452      R4C9B.CLK to       R4C9B.Q1 SLICE_23 (from clk_c)
ROUTE         1     1.023       R4C9B.Q1 to      R4C11D.B0 observe[170]
CTOF_DEL    ---     0.495      R4C11D.B0 to      R4C11D.F0 SLICE_236
ROUTE         1     0.436      R4C11D.F0 to      R4C11D.C1 serial_out_129
CTOF_DEL    ---     0.495      R4C11D.C1 to      R4C11D.F1 SLICE_236
ROUTE         1     1.838      R4C11D.F1 to      R3C11C.B0 serial_out_162
CTOF_DEL    ---     0.495      R3C11C.B0 to      R3C11C.F0 SLICE_403
ROUTE         1     1.435      R3C11C.F0 to       28.PADDO serial_out_c
DOPAD_DEL   ---     2.797       28.PADDO to         28.PAD serial_out
                  --------
                    9.466   (50.0% logic, 50.0% route), 5 logic levels.

Unconstrained Preference:
   CLOCK_TO_OUT PORT "serial_out" CLKPORT "clk" 

Report:    9.453ns delay SLICE_413 to serial_out

   Name    Fanout   Delay (ns)          Site               Resource
REG_DEL     ---     0.452     R3C11B.CLK to      R3C11B.Q0 SLICE_413 (from clk_c)
ROUTE         1     0.623      R3C11B.Q0 to      R4C11C.D1 observe[123]
CTOF_DEL    ---     0.495      R4C11C.D1 to      R4C11C.F1 SLICE_411
ROUTE         1     0.436      R4C11C.F1 to      R4C11C.C0 serial_out_117
CTOF_DEL    ---     0.495      R4C11C.C0 to      R4C11C.F0 SLICE_411
ROUTE         1     0.964      R4C11C.F0 to      R5C11C.A0 serial_out_159
CTOF_DEL    ---     0.495      R5C11C.A0 to      R5C11C.F0 SLICE_405
ROUTE         1     0.766      R5C11C.F0 to      R3C11C.C0 serial_out_170
CTOF_DEL    ---     0.495      R3C11C.C0 to      R3C11C.F0 SLICE_403
ROUTE         1     1.435      R3C11C.F0 to       28.PADDO serial_out_c
DOPAD_DEL   ---     2.797       28.PADDO to         28.PAD serial_out
                  --------
                    9.453   (55.3% logic, 44.7% route), 6 logic levels.

Unconstrained Preference:
   CLOCK_TO_OUT PORT "serial_out" CLKPORT "clk" 

Report:    9.399ns delay SLICE_22 to serial_out

   Name    Fanout   Delay (ns)          Site               Resource
REG_DEL     ---     0.452      R4C9A.CLK to       R4C9A.Q0 SLICE_22 (from clk_c)
ROUTE         1     0.747       R4C9A.Q0 to       R4C9D.C0 observe[167]
CTOF_DEL    ---     0.495       R4C9D.C0 to       R4C9D.F0 SLICE_483
ROUTE         1     0.645       R4C9D.F0 to      R4C11D.D1 serial_out_128
CTOF_DEL    ---     0.495      R4C11D.D1 to      R4C11D.F1 SLICE_236
ROUTE         1     1.838      R4C11D.F1 to      R3C11C.B0 serial_out_162
CTOF_DEL    ---     0.495      R3C11C.B0 to      R3C11C.F0 SLICE_403
ROUTE         1     1.435      R3C11C.F0 to       28.PADDO serial_out_c
DOPAD_DEL   ---     2.797       28.PADDO to         28.PAD serial_out
                  --------
                    9.399   (50.4% logic, 49.6% route), 5 logic levels.

Unconstrained Preference:
   CLOCK_TO_OUT PORT "serial_out" CLKPORT "clk" 

Report:    9.386ns delay SLICE_66 to serial_out

   Name    Fanout   Delay (ns)          Site               Resource
REG_DEL     ---     0.452     R3C11D.CLK to      R3C11D.Q0 SLICE_66 (from clk_c)
ROUTE         1     0.626      R3C11D.Q0 to      R3C11B.D1 observe[3]
CTOF_DEL    ---     0.495      R3C11B.D1 to      R3C11B.F1 SLICE_413
ROUTE         1     0.436      R3C11B.F1 to      R3C11B.C0 serial_out_87
CTOF_DEL    ---     0.495      R3C11B.C0 to      R3C11B.F0 SLICE_413
ROUTE         1     0.693      R3C11B.F0 to      R3C11C.B1 serial_out_130
CTOF_DEL    ---     0.495      R3C11C.B1 to      R3C11C.F1 SLICE_403
ROUTE         1     0.967      R3C11C.F1 to      R3C11C.A0 serial_out_163
CTOF_DEL    ---     0.495      R3C11C.A0 to      R3C11C.F0 SLICE_403
ROUTE         1     1.435      R3C11C.F0 to       28.PADDO serial_out_c
DOPAD_DEL   ---     2.797       28.PADDO to         28.PAD serial_out
                  --------
                    9.386   (55.7% logic, 44.3% route), 6 logic levels.

Unconstrained Preference:
   CLOCK_TO_OUT PORT "serial_out" CLKPORT "clk" 

Report:    9.257ns delay SLICE_69 to serial_out

   Name    Fanout   Delay (ns)          Site               Resource
REG_DEL     ---     0.452      R3C8A.CLK to       R3C8A.Q1 SLICE_69 (from clk_c)
ROUTE         1     0.964       R3C8A.Q1 to       R2C8C.A0 observe[10]
CTOF_DEL    ---     0.495       R2C8C.A0 to       R2C8C.F0 SLICE_495
ROUTE         1     1.157       R2C8C.F0 to      R3C11C.D1 serial_out_89
CTOF_DEL    ---     0.495      R3C11C.D1 to      R3C11C.F1 SLICE_403
ROUTE         1     0.967      R3C11C.F1 to      R3C11C.A0 serial_out_163
CTOF_DEL    ---     0.495      R3C11C.A0 to      R3C11C.F0 SLICE_403
ROUTE         1     1.435      R3C11C.F0 to       28.PADDO serial_out_c
DOPAD_DEL   ---     2.797       28.PADDO to         28.PAD serial_out
                  --------
                    9.257   (51.1% logic, 48.9% route), 5 logic levels.

Unconstrained Preference:
   CLOCK_TO_OUT PORT "serial_out" CLKPORT "clk" 

Report:    9.209ns delay SLICE_22 to serial_out

   Name    Fanout   Delay (ns)          Site               Resource
REG_DEL     ---     0.452      R4C9A.CLK to       R4C9A.Q1 SLICE_22 (from clk_c)
ROUTE         1     0.766       R4C9A.Q1 to      R4C11D.C0 observe[168]
CTOF_DEL    ---     0.495      R4C11D.C0 to      R4C11D.F0 SLICE_236
ROUTE         1     0.436      R4C11D.F0 to      R4C11D.C1 serial_out_129
CTOF_DEL    ---     0.495      R4C11D.C1 to      R4C11D.F1 SLICE_236
ROUTE         1     1.838      R4C11D.F1 to      R3C11C.B0 serial_out_162
CTOF_DEL    ---     0.495      R3C11C.B0 to      R3C11C.F0 SLICE_403
ROUTE         1     1.435      R3C11C.F0 to       28.PADDO serial_out_c
DOPAD_DEL   ---     2.797       28.PADDO to         28.PAD serial_out
                  --------
                    9.209   (51.4% logic, 48.6% route), 5 logic levels.

Unconstrained Preference:
   CLOCK_TO_OUT PORT "serial_out" CLKPORT "clk" 

Report:    9.040ns delay SLICE_68 to serial_out

   Name    Fanout   Delay (ns)          Site               Resource
REG_DEL     ---     0.452      R2C8A.CLK to       R2C8A.Q1 SLICE_68 (from clk_c)
ROUTE         1     0.747       R2C8A.Q1 to       R2C8C.C0 observe[8]
CTOF_DEL    ---     0.495       R2C8C.C0 to       R2C8C.F0 SLICE_495
ROUTE         1     1.157       R2C8C.F0 to      R3C11C.D1 serial_out_89
CTOF_DEL    ---     0.495      R3C11C.D1 to      R3C11C.F1 SLICE_403
ROUTE         1     0.967      R3C11C.F1 to      R3C11C.A0 serial_out_163
CTOF_DEL    ---     0.495      R3C11C.A0 to      R3C11C.F0 SLICE_403
ROUTE         1     1.435      R3C11C.F0 to       28.PADDO serial_out_c
DOPAD_DEL   ---     2.797       28.PADDO to         28.PAD serial_out
                  --------
                    9.040   (52.4% logic, 47.6% route), 5 logic levels.

Unconstrained Preference:
   CLOCK_TO_OUT PORT "serial_out" CLKPORT "clk" 

Report:    8.852ns delay SLICE_134 to serial_out

   Name    Fanout   Delay (ns)          Site               Resource
REG_DEL     ---     0.452     R3C13B.CLK to      R3C13B.Q1 SLICE_134 (from clk_c)
ROUTE         1     1.023      R3C13B.Q1 to      R3C11B.B0 observe[172]
CTOF_DEL    ---     0.495      R3C11B.B0 to      R3C11B.F0 SLICE_413
ROUTE         1     0.693      R3C11B.F0 to      R3C11C.B1 serial_out_130
CTOF_DEL    ---     0.495      R3C11C.B1 to      R3C11C.F1 SLICE_403
ROUTE         1     0.967      R3C11C.F1 to      R3C11C.A0 serial_out_163
CTOF_DEL    ---     0.495      R3C11C.A0 to      R3C11C.F0 SLICE_403
ROUTE         1     1.435      R3C11C.F0 to       28.PADDO serial_out_c
DOPAD_DEL   ---     2.797       28.PADDO to         28.PAD serial_out
                  --------
                    8.852   (53.5% logic, 46.5% route), 5 logic levels.

Unconstrained Preference:
   CLOCK_TO_OUT PORT "serial_out" CLKPORT "clk" 

Report:    8.826ns delay SLICE_406 to serial_out

   Name    Fanout   Delay (ns)          Site               Resource
REG_DEL     ---     0.452     R4C11B.CLK to      R4C11B.Q0 SLICE_406 (from clk_c)
ROUTE         1     0.766      R4C11B.Q0 to      R5C11B.C1 observe[125]
CTOF_DEL    ---     0.495      R5C11B.C1 to      R5C11B.F1 SLICE_169
ROUTE         1     0.315      R5C11B.F1 to      R5C11D.D0 serial_out_118
CTOF_DEL    ---     0.495      R5C11D.D0 to      R5C11D.F0 SLICE_412
ROUTE         1     0.315      R5C11D.F0 to      R5C11C.D0 serial_out_160
CTOF_DEL    ---     0.495      R5C11C.D0 to      R5C11C.F0 SLICE_405
ROUTE         1     0.766      R5C11C.F0 to      R3C11C.C0 serial_out_170
CTOF_DEL    ---     0.495      R3C11C.C0 to      R3C11C.F0 SLICE_403
ROUTE         1     1.435      R3C11C.F0 to       28.PADDO serial_out_c
DOPAD_DEL   ---     2.797       28.PADDO to         28.PAD serial_out
                  --------
                    8.826   (59.2% logic, 40.8% route), 6 logic levels.

Unconstrained Preference:
   CLOCK_TO_OUT PORT "serial_out" CLKPORT "clk" 

Report:    8.705ns delay SLICE_407 to serial_out

   Name    Fanout   Delay (ns)          Site               Resource
REG_DEL     ---     0.452     R5C13D.CLK to      R5C13D.Q0 SLICE_407 (from clk_c)
ROUTE         1     0.645      R5C13D.Q0 to      R5C11B.D1 observe[127]
CTOF_DEL    ---     0.495      R5C11B.D1 to      R5C11B.F1 SLICE_169
ROUTE         1     0.315      R5C11B.F1 to      R5C11D.D0 serial_out_118
CTOF_DEL    ---     0.495      R5C11D.D0 to      R5C11D.F0 SLICE_412
ROUTE         1     0.315      R5C11D.F0 to      R5C11C.D0 serial_out_160
CTOF_DEL    ---     0.495      R5C11C.D0 to      R5C11C.F0 SLICE_405
ROUTE         1     0.766      R5C11C.F0 to      R3C11C.C0 serial_out_170
CTOF_DEL    ---     0.495      R3C11C.C0 to      R3C11C.F0 SLICE_403
ROUTE         1     1.435      R3C11C.F0 to       28.PADDO serial_out_c
DOPAD_DEL   ---     2.797       28.PADDO to         28.PAD serial_out
                  --------
                    8.705   (60.1% logic, 39.9% route), 6 logic levels.

Unconstrained Preference:
   CLOCK_TO_OUT PORT "serial_out" CLKPORT "clk" 

Report:    8.474ns delay SLICE_411 to serial_out

   Name    Fanout   Delay (ns)          Site               Resource
REG_DEL     ---     0.452     R4C11C.CLK to      R4C11C.Q0 SLICE_411 (from clk_c)
ROUTE         1     0.645      R4C11C.Q0 to      R3C11B.D0 observe[173]
CTOF_DEL    ---     0.495      R3C11B.D0 to      R3C11B.F0 SLICE_413
ROUTE         1     0.693      R3C11B.F0 to      R3C11C.B1 serial_out_130
CTOF_DEL    ---     0.495      R3C11C.B1 to      R3C11C.F1 SLICE_403
ROUTE         1     0.967      R3C11C.F1 to      R3C11C.A0 serial_out_163
CTOF_DEL    ---     0.495      R3C11C.A0 to      R3C11C.F0 SLICE_403
ROUTE         1     1.435      R3C11C.F0 to       28.PADDO serial_out_c
DOPAD_DEL   ---     2.797       28.PADDO to         28.PAD serial_out
                  --------
                    8.474   (55.9% logic, 44.1% route), 5 logic levels.


================================================================================
Preference: Unconstrained: MAXDELAY
            0 unconstrained paths found
--------------------------------------------------------------------------------

Report Summary
--------------
----------------------------------------------------------------------------
Preference                              |   Constraint|       Actual|Levels
----------------------------------------------------------------------------
                                        |             |             |
FREQUENCY PORT "clk" 35.000000 MHz ;    |   35.000 MHz|   36.876 MHz|  16  
                                        |             |             |
----------------------------------------------------------------------------


All preferences were met.


Clock Domains Analysis
------------------------

Found 1 clocks:

Clock Domain: clk_c   Source: clk.PAD   Loads: 181
   Covered under: FREQUENCY PORT "clk" 35.000000 MHz ;


--------------------------------------------------------------------------------
                Connections not covered by the preferences
--------------------------------------------------------------------------------

     Delay                        Element                 Net

    1.435ns         SLICE_403.F0 to     serial_out.PADDO serial_out_c
    2.451ns          reset.PADDI to gine/seq/SLICE_1.LSR reset_c
    2.451ns          reset.PADDI to gine/seq/SLICE_2.LSR reset_c
    2.451ns          reset.PADDI to gine/seq/SLICE_3.LSR reset_c
    2.451ns          reset.PADDI to gine/seq/SLICE_4.LSR reset_c
    2.451ns          reset.PADDI to gine/seq/SLICE_5.LSR reset_c
    2.451ns          reset.PADDI to         SLICE_16.LSR reset_c
    2.451ns          reset.PADDI to         SLICE_17.LSR reset_c
    2.451ns          reset.PADDI to         SLICE_19.LSR reset_c
    2.451ns          reset.PADDI to         SLICE_20.LSR reset_c
    2.451ns          reset.PADDI to         SLICE_22.LSR reset_c
    2.451ns          reset.PADDI to         SLICE_23.LSR reset_c
    2.451ns          reset.PADDI to         SLICE_25.LSR reset_c
    2.451ns          reset.PADDI to         SLICE_26.LSR reset_c
    2.451ns          reset.PADDI to         SLICE_28.LSR reset_c
    2.451ns          reset.PADDI to         SLICE_29.LSR reset_c
    2.451ns          reset.PADDI to         SLICE_31.LSR reset_c
    2.451ns          reset.PADDI to         SLICE_32.LSR reset_c
    2.451ns          reset.PADDI to         SLICE_34.LSR reset_c
    2.451ns          reset.PADDI to         SLICE_35.LSR reset_c
    2.451ns          reset.PADDI to         SLICE_37.LSR reset_c
    2.451ns          reset.PADDI to         SLICE_38.LSR reset_c
    2.451ns          reset.PADDI to /engine/SLICE_39.LSR reset_c
    2.451ns          reset.PADDI to /engine/SLICE_40.LSR reset_c
    2.451ns          reset.PADDI to /engine/SLICE_41.LSR reset_c
    3.391ns          reset.PADDI to e/engine/SLICE_42.D0 reset_c
    4.166ns          reset.PADDI to e/engine/SLICE_42.B1 reset_c
    2.451ns          reset.PADDI to ine/seq/SLICE_43.LSR reset_c
    2.451ns          reset.PADDI to ine/seq/SLICE_44.LSR reset_c
    2.451ns          reset.PADDI to /engine/SLICE_46.LSR reset_c
    2.451ns          reset.PADDI to /engine/SLICE_56.LSR reset_c
    2.451ns          reset.PADDI to /engine/SLICE_57.LSR reset_c
    2.451ns          reset.PADDI to /engine/SLICE_58.LSR reset_c
    2.451ns          reset.PADDI to /engine/SLICE_59.LSR reset_c
    2.451ns          reset.PADDI to         SLICE_65.LSR reset_c
    2.451ns          reset.PADDI to         SLICE_66.LSR reset_c
    2.451ns          reset.PADDI to         SLICE_67.LSR reset_c
    2.451ns          reset.PADDI to         SLICE_68.LSR reset_c
    2.451ns          reset.PADDI to         SLICE_69.LSR reset_c
    2.451ns          reset.PADDI to         SLICE_70.LSR reset_c
    2.451ns          reset.PADDI to         SLICE_71.LSR reset_c
    2.451ns          reset.PADDI to         SLICE_72.LSR reset_c
    2.451ns          reset.PADDI to         SLICE_73.LSR reset_c
    2.451ns          reset.PADDI to         SLICE_74.LSR reset_c
    2.451ns          reset.PADDI to         SLICE_75.LSR reset_c
    2.451ns          reset.PADDI to         SLICE_76.LSR reset_c
    2.451ns          reset.PADDI to        SLICE_132.LSR reset_c
    2.451ns          reset.PADDI to        SLICE_133.LSR reset_c
    2.451ns          reset.PADDI to        SLICE_134.LSR reset_c
    2.451ns          reset.PADDI to engine/SLICE_136.LSR reset_c
    2.451ns          reset.PADDI to status/SLICE_137.LSR reset_c
    2.451ns          reset.PADDI to status/SLICE_138.LSR reset_c
    2.451ns          reset.PADDI to engine/SLICE_139.LSR reset_c
    2.451ns          reset.PADDI to engine/SLICE_140.LSR reset_c
    2.451ns          reset.PADDI to engine/SLICE_141.LSR reset_c
    2.451ns          reset.PADDI to engine/SLICE_142.LSR reset_c
    2.451ns          reset.PADDI to engine/SLICE_143.LSR reset_c
    2.451ns          reset.PADDI to engine/SLICE_144.LSR reset_c
    2.451ns          reset.PADDI to engine/SLICE_145.LSR reset_c
    2.451ns          reset.PADDI to engine/SLICE_146.LSR reset_c
    2.451ns          reset.PADDI to engine/SLICE_147.LSR reset_c
    2.451ns          reset.PADDI to engine/SLICE_148.LSR reset_c
    2.451ns          reset.PADDI to ine/dp/SLICE_149.LSR reset_c
    2.451ns          reset.PADDI to ine/dp/SLICE_150.LSR reset_c
    2.451ns          reset.PADDI to ine/dp/SLICE_151.LSR reset_c
    2.451ns          reset.PADDI to ine/dp/SLICE_152.LSR reset_c
    2.451ns          reset.PADDI to ine/dp/SLICE_153.LSR reset_c
    2.451ns          reset.PADDI to ine/dp/SLICE_154.LSR reset_c
    2.451ns          reset.PADDI to ine/dp/SLICE_155.LSR reset_c
    2.451ns          reset.PADDI to ine/dp/SLICE_156.LSR reset_c
    2.451ns          reset.PADDI to ine/dp/SLICE_157.LSR reset_c
    2.451ns          reset.PADDI to ine/dp/SLICE_158.LSR reset_c
    2.451ns          reset.PADDI to engine/SLICE_159.LSR reset_c
    2.451ns          reset.PADDI to        SLICE_168.LSR reset_c
    2.451ns          reset.PADDI to        SLICE_169.LSR reset_c
    2.451ns          reset.PADDI to        SLICE_170.LSR reset_c
    2.451ns          reset.PADDI to        SLICE_171.LSR reset_c
    2.451ns          reset.PADDI to        SLICE_172.LSR reset_c
    2.451ns          reset.PADDI to        SLICE_173.LSR reset_c
    2.451ns          reset.PADDI to        SLICE_174.LSR reset_c
    2.451ns          reset.PADDI to ne/seq/SLICE_175.LSR reset_c
    2.451ns          reset.PADDI to ne/seq/SLICE_176.LSR reset_c
    2.451ns          reset.PADDI to ne/seq/SLICE_177.LSR reset_c
    2.451ns          reset.PADDI to ne/seq/SLICE_178.LSR reset_c
    2.451ns          reset.PADDI to ne/seq/SLICE_179.LSR reset_c
    3.494ns          reset.PADDI to /engine/SLICE_220.C0 reset_c
    3.770ns          reset.PADDI to /engine/SLICE_220.D1 reset_c
    2.451ns          reset.PADDI to engine/SLICE_221.LSR reset_c
    2.451ns          reset.PADDI to engine/SLICE_230.LSR reset_c
    2.451ns          reset.PADDI to engine/SLICE_231.LSR reset_c
    2.451ns          reset.PADDI to        SLICE_233.LSR reset_c
    2.451ns          reset.PADDI to        SLICE_234.LSR reset_c
    2.451ns          reset.PADDI to        SLICE_235.LSR reset_c
    2.451ns          reset.PADDI to        SLICE_236.LSR reset_c
    5.030ns          reset.PADDI to ine/seq/SLICE_238.A0 reset_c
    5.045ns          reset.PADDI to /engine/SLICE_239.A1 reset_c
    5.027ns          reset.PADDI to ine/seq/SLICE_246.B1 reset_c
    3.031ns          reset.PADDI to ine/seq/SLICE_248.D1 reset_c
    4.380ns          reset.PADDI to ine/seq/SLICE_252.C1 reset_c
    4.649ns          reset.PADDI to ine/seq/SLICE_276.D0 reset_c
    4.686ns          reset.PADDI to ine/seq/SLICE_279.D0 reset_c
    5.052ns          reset.PADDI to ine/seq/SLICE_283.B1 reset_c
    2.451ns          reset.PADDI to engine/SLICE_286.LSR reset_c
    2.451ns          reset.PADDI to engine/SLICE_287.LSR reset_c
    2.451ns          reset.PADDI to   core/SLICE_355.LSR reset_c
    2.451ns          reset.PADDI to   core/SLICE_356.LSR reset_c
    2.451ns          reset.PADDI to engine/SLICE_359.LSR reset_c
    2.451ns          reset.PADDI to        SLICE_379.LSR reset_c
    2.451ns          reset.PADDI to        SLICE_380.LSR reset_c
    2.451ns          reset.PADDI to        SLICE_381.LSR reset_c
    2.451ns          reset.PADDI to        SLICE_382.LSR reset_c
    2.451ns          reset.PADDI to        SLICE_383.LSR reset_c
    2.451ns          reset.PADDI to        SLICE_384.LSR reset_c
    2.451ns          reset.PADDI to        SLICE_385.LSR reset_c
    2.451ns          reset.PADDI to        SLICE_386.LSR reset_c
    2.451ns          reset.PADDI to        SLICE_387.LSR reset_c
    2.451ns          reset.PADDI to        SLICE_388.LSR reset_c
    2.451ns          reset.PADDI to        SLICE_389.LSR reset_c
    2.451ns          reset.PADDI to        SLICE_390.LSR reset_c
    2.451ns          reset.PADDI to        SLICE_391.LSR reset_c
    2.451ns          reset.PADDI to        SLICE_392.LSR reset_c
    2.451ns          reset.PADDI to        SLICE_393.LSR reset_c
    2.451ns          reset.PADDI to        SLICE_394.LSR reset_c
    2.451ns          reset.PADDI to        SLICE_395.LSR reset_c
    2.451ns          reset.PADDI to        SLICE_396.LSR reset_c
    2.451ns          reset.PADDI to        SLICE_397.LSR reset_c
    2.451ns          reset.PADDI to        SLICE_398.LSR reset_c
    2.451ns          reset.PADDI to        SLICE_399.LSR reset_c
    2.451ns          reset.PADDI to        SLICE_400.LSR reset_c
    2.451ns          reset.PADDI to        SLICE_401.LSR reset_c
    2.451ns          reset.PADDI to        SLICE_402.LSR reset_c
    2.451ns          reset.PADDI to        SLICE_403.LSR reset_c
    2.451ns          reset.PADDI to        SLICE_404.LSR reset_c
    2.451ns          reset.PADDI to        SLICE_405.LSR reset_c
    2.451ns          reset.PADDI to        SLICE_406.LSR reset_c
    2.451ns          reset.PADDI to        SLICE_407.LSR reset_c
    2.451ns          reset.PADDI to        SLICE_408.LSR reset_c
    2.451ns          reset.PADDI to        SLICE_409.LSR reset_c
    2.451ns          reset.PADDI to        SLICE_410.LSR reset_c
    2.451ns          reset.PADDI to        SLICE_411.LSR reset_c
    2.451ns          reset.PADDI to        SLICE_412.LSR reset_c
    2.451ns          reset.PADDI to        SLICE_413.LSR reset_c
    2.451ns          reset.PADDI to        SLICE_414.LSR reset_c
    2.451ns          reset.PADDI to        SLICE_434.LSR reset_c
    2.451ns          reset.PADDI to        SLICE_436.LSR reset_c
    5.030ns          reset.PADDI to /engine/SLICE_437.A1 reset_c
    2.451ns          reset.PADDI to engine/SLICE_456.LSR reset_c
    2.451ns          reset.PADDI to        SLICE_457.LSR reset_c
    2.451ns          reset.PADDI to        SLICE_458.LSR reset_c
    2.451ns          reset.PADDI to        SLICE_459.LSR reset_c
    2.451ns          reset.PADDI to        SLICE_460.LSR reset_c
    4.277ns          reset.PADDI to /engine/SLICE_463.D0 reset_c
    5.052ns          reset.PADDI to /engine/SLICE_463.B1 reset_c
    3.391ns          reset.PADDI to /engine/SLICE_465.D0 reset_c
    2.451ns          reset.PADDI to        SLICE_480.LSR reset_c
    2.451ns          reset.PADDI to        SLICE_481.LSR reset_c
    2.451ns          reset.PADDI to        SLICE_482.LSR reset_c
    2.451ns          reset.PADDI to        SLICE_483.LSR reset_c
    2.451ns          reset.PADDI to        SLICE_484.LSR reset_c
    2.451ns          reset.PADDI to        SLICE_485.LSR reset_c
    2.451ns          reset.PADDI to        SLICE_486.LSR reset_c
    2.451ns          reset.PADDI to        SLICE_487.LSR reset_c
    2.451ns          reset.PADDI to        SLICE_488.LSR reset_c
    2.451ns          reset.PADDI to        SLICE_489.LSR reset_c
    2.451ns          reset.PADDI to        SLICE_490.LSR reset_c
    2.451ns          reset.PADDI to        SLICE_491.LSR reset_c
    2.451ns          reset.PADDI to        SLICE_492.LSR reset_c
    2.451ns          reset.PADDI to        SLICE_493.LSR reset_c
    2.451ns          reset.PADDI to        SLICE_494.LSR reset_c
    2.451ns          reset.PADDI to        SLICE_495.LSR reset_c
    2.451ns          reset.PADDI to        SLICE_496.LSR reset_c
    2.451ns          reset.PADDI to        SLICE_499.LSR reset_c
    2.590ns          reset.PADDI to  serial_in_MGIOL.LSR reset_c
    0.645ns         SLICE_411.Q0 to         SLICE_413.D0 observe[173]
    0.384ns      serial_in.PADDI to   serial_in_MGIOL.DI serial_in_c
    0.766ns          SLICE_22.Q1 to         SLICE_236.C0 observe[168]
    1.042ns          SLICE_23.Q0 to         SLICE_236.D0 observe[169]
    1.023ns          SLICE_23.Q1 to         SLICE_236.B0 observe[170]
    1.801ns         SLICE_134.Q0 to         SLICE_236.A0 observe[171]
    0.436ns         SLICE_236.F0 to         SLICE_236.C1 serial_out_129
    1.498ns         SLICE_403.Q0 to         SLICE_413.A1 observe[0]
    0.747ns          SLICE_65.Q0 to         SLICE_413.C1 observe[1]
    1.004ns          SLICE_65.Q1 to         SLICE_413.B1 observe[2]
    0.626ns          SLICE_66.Q0 to         SLICE_413.D1 observe[3]
    1.278ns          SLICE_66.Q1 to         SLICE_495.C1 observe[4]
    1.042ns          SLICE_67.Q0 to         SLICE_495.D1 observe[5]
    1.023ns          SLICE_67.Q1 to         SLICE_495.B1 observe[6]
    0.967ns          SLICE_68.Q0 to         SLICE_495.A1 observe[7]
    0.747ns          SLICE_68.Q1 to         SLICE_495.C0 observe[8]
    1.420ns          SLICE_69.Q0 to         SLICE_495.B0 observe[9]
    0.964ns          SLICE_69.Q1 to         SLICE_495.A0 observe[10]
    1.460ns          SLICE_70.Q0 to         SLICE_495.D0 observe[11]
    1.959ns          SLICE_70.Q1 to         SLICE_172.D1 observe[12]
    1.838ns          SLICE_71.Q0 to         SLICE_172.B1 observe[13]
    1.675ns          SLICE_71.Q1 to         SLICE_172.C1 observe[14]
    1.498ns          SLICE_72.Q0 to         SLICE_172.A1 observe[15]
    1.705ns          SLICE_72.Q1 to         SLICE_494.C1 observe[16]
    0.964ns          SLICE_73.Q0 to         SLICE_494.A1 observe[17]
    0.623ns          SLICE_73.Q1 to         SLICE_494.D1 observe[18]
    1.001ns          SLICE_74.Q0 to         SLICE_494.B1 observe[19]
    0.744ns          SLICE_74.Q1 to         SLICE_494.C0 observe[20]
    2.428ns          SLICE_75.Q0 to         SLICE_494.A0 observe[21]
    1.450ns          SLICE_75.Q1 to         SLICE_494.B0 observe[22]
    1.460ns          SLICE_76.Q0 to         SLICE_494.D0 observe[23]
    1.932ns          SLICE_76.Q1 to         SLICE_406.B1 observe[24]
    0.747ns         SLICE_411.Q1 to         SLICE_406.C1 observe[25]
    1.157ns         SLICE_412.Q0 to         SLICE_406.D1 observe[26]
    0.986ns         SLICE_412.Q1 to         SLICE_406.A1 observe[27]
    0.747ns         SLICE_404.Q0 to         SLICE_171.C0 observe[28]
    1.004ns         SLICE_404.Q1 to         SLICE_171.B0 observe[29]
    1.184ns         SLICE_405.Q0 to         SLICE_171.D0 observe[30]
    1.838ns         SLICE_405.Q1 to         SLICE_171.A0 observe[31]
    1.420ns         SLICE_495.Q0 to         SLICE_493.B1 observe[32]
    0.744ns         SLICE_495.Q1 to         SLICE_493.C1 observe[33]
    0.626ns         SLICE_494.Q0 to         SLICE_493.D1 observe[34]
    0.967ns         SLICE_494.Q1 to         SLICE_493.A1 observe[35]
    0.626ns         SLICE_493.Q0 to         SLICE_493.D0 observe[36]
    0.747ns         SLICE_493.Q1 to         SLICE_493.C0 observe[37]
    1.847ns         SLICE_174.Q1 to         SLICE_493.B0 observe[38]
    2.013ns         SLICE_235.Q0 to         SLICE_493.A0 observe[39]
    2.486ns         SLICE_235.Q1 to         SLICE_407.B1 observe[40]
    2.419ns         SLICE_499.Q0 to         SLICE_407.A1 observe[41]
    1.691ns         SLICE_499.Q1 to         SLICE_407.C1 observe[42]
    1.022ns         SLICE_458.Q0 to         SLICE_407.D1 observe[43]
    0.623ns         SLICE_458.Q1 to         SLICE_171.D1 observe[44]
    1.922ns         SLICE_390.Q0 to         SLICE_171.A1 observe[45]
    1.305ns         SLICE_390.Q1 to         SLICE_171.C1 observe[46]
    1.023ns         SLICE_388.Q0 to         SLICE_171.B1 observe[47]
    1.733ns         SLICE_388.Q1 to         SLICE_492.B1 observe[48]
    0.964ns         SLICE_382.Q0 to         SLICE_492.A1 observe[49]
    0.623ns         SLICE_382.Q1 to         SLICE_492.D1 observe[50]
    0.766ns         SLICE_394.Q0 to         SLICE_492.C1 observe[51]
    1.042ns         SLICE_394.Q1 to         SLICE_492.D0 observe[52]
    2.228ns         SLICE_383.Q0 to         SLICE_492.A0 observe[53]
    1.023ns         SLICE_383.Q1 to         SLICE_492.B0 observe[54]
    0.766ns         SLICE_380.Q0 to         SLICE_492.C0 observe[55]
    2.154ns         SLICE_380.Q1 to         SLICE_408.B1 observe[56]
    0.747ns         SLICE_389.Q0 to         SLICE_408.C1 observe[57]
    0.626ns         SLICE_389.Q1 to         SLICE_408.D1 observe[58]
    2.331ns         SLICE_457.Q0 to         SLICE_408.A1 observe[59]
    0.967ns         SLICE_457.Q1 to         SLICE_170.A0 observe[60]
    1.079ns         SLICE_384.Q0 to         SLICE_170.C0 observe[61]
    1.733ns         SLICE_384.Q1 to         SLICE_170.B0 observe[62]
    0.626ns         SLICE_391.Q0 to         SLICE_170.D0 observe[63]
    0.645ns         SLICE_391.Q1 to         SLICE_491.D1 observe[64]
    1.001ns         SLICE_385.Q0 to         SLICE_491.B1 observe[65]
    0.744ns         SLICE_385.Q1 to         SLICE_491.C1 observe[66]
    0.967ns         SLICE_381.Q0 to         SLICE_491.A1 observe[67]
    0.626ns         SLICE_381.Q1 to         SLICE_491.D0 observe[68]
    1.675ns         SLICE_233.Q0 to         SLICE_491.C0 observe[69]
    0.967ns         SLICE_233.Q1 to         SLICE_491.A0 observe[70]
    1.023ns         SLICE_414.Q0 to         SLICE_491.B0 observe[71]
    1.001ns         SLICE_414.Q1 to         SLICE_409.B1 observe[72]
    1.385ns         SLICE_399.Q0 to         SLICE_409.D1 observe[73]
    1.498ns         SLICE_399.Q1 to         SLICE_409.A1 observe[74]
    0.766ns         SLICE_460.Q0 to         SLICE_409.C1 observe[75]
    2.276ns         SLICE_460.Q1 to         SLICE_490.C1 observe[76]
    0.623ns         SLICE_480.Q0 to         SLICE_490.D1 observe[77]
    0.964ns         SLICE_480.Q1 to         SLICE_490.A1 observe[78]
    1.763ns         SLICE_402.Q0 to         SLICE_490.B1 observe[79]
    1.810ns         SLICE_402.Q1 to         SLICE_490.A0 observe[80]
    1.004ns         SLICE_496.Q0 to         SLICE_490.B0 observe[81]
    0.747ns         SLICE_496.Q1 to         SLICE_490.C0 observe[82]
    1.072ns         SLICE_393.Q0 to         SLICE_490.D0 observe[83]
    1.668ns         SLICE_393.Q1 to         SLICE_489.B1 observe[84]
    0.967ns         SLICE_401.Q0 to         SLICE_489.A1 observe[85]
    0.747ns         SLICE_401.Q1 to         SLICE_489.C1 observe[86]
    0.626ns         SLICE_397.Q0 to         SLICE_489.D1 observe[87]
    1.004ns         SLICE_397.Q1 to         SLICE_489.B0 observe[88]
    1.163ns         SLICE_436.Q0 to         SLICE_489.C0 observe[89]
    0.986ns         SLICE_436.Q1 to         SLICE_489.A0 observe[90]
    0.645ns         SLICE_481.Q0 to         SLICE_489.D0 observe[91]
    1.042ns         SLICE_481.Q1 to         SLICE_170.D1 observe[92]
    1.383ns         SLICE_459.Q0 to         SLICE_170.A1 observe[93]
    0.744ns         SLICE_459.Q1 to         SLICE_170.C1 observe[94]
    1.001ns         SLICE_386.Q0 to         SLICE_170.B1 observe[95]
    1.932ns         SLICE_386.Q1 to         SLICE_488.B1 observe[96]
    1.299ns         SLICE_379.Q0 to         SLICE_488.A1 observe[97]
    0.645ns         SLICE_379.Q1 to         SLICE_488.D1 observe[98]
    0.766ns         SLICE_400.Q0 to         SLICE_488.C1 observe[99]
    2.053ns         SLICE_403.Q1 to         SLICE_488.A0 observe[100]
    1.143ns         SLICE_492.Q0 to         SLICE_488.C0 observe[101]
    1.717ns         SLICE_492.Q1 to         SLICE_488.D0 observe[102]
    2.377ns         SLICE_491.Q0 to         SLICE_488.B0 observe[103]
    2.486ns         SLICE_491.Q1 to         SLICE_410.B1 observe[104]
    1.829ns         SLICE_490.Q0 to         SLICE_410.C1 observe[105]
    1.363ns         SLICE_490.Q1 to         SLICE_410.A1 observe[106]
    1.072ns         SLICE_489.Q0 to         SLICE_410.D1 observe[107]
    1.537ns         SLICE_489.Q1 to         SLICE_169.D0 observe[108]
    2.105ns         SLICE_488.Q0 to         SLICE_169.C0 observe[109]
    2.325ns         SLICE_488.Q1 to         SLICE_169.A0 observe[110]
    1.004ns         SLICE_487.Q0 to         SLICE_169.B0 observe[111]
    0.656ns         SLICE_487.Q1 to         SLICE_487.A1 observe[112]
    0.744ns         SLICE_486.Q0 to         SLICE_487.C1 observe[113]
    1.001ns         SLICE_486.Q1 to         SLICE_487.B1 observe[114]
    0.645ns         SLICE_485.Q0 to         SLICE_487.D1 observe[115]
    1.079ns         SLICE_485.Q1 to         SLICE_487.C0 observe[116]
    1.450ns         SLICE_484.Q0 to         SLICE_487.B0 observe[117]
    2.053ns         SLICE_484.Q1 to         SLICE_487.A0 observe[118]
    1.355ns         SLICE_483.Q0 to         SLICE_487.D0 observe[119]
    1.336ns         SLICE_483.Q1 to         SLICE_411.B1 observe[120]
    0.747ns         SLICE_236.Q0 to         SLICE_411.C1 observe[121]
    0.967ns         SLICE_236.Q1 to         SLICE_411.A1 observe[122]
    0.623ns         SLICE_413.Q0 to         SLICE_411.D1 observe[123]
    1.726ns         SLICE_413.Q1 to         SLICE_169.A1 observe[124]
    0.766ns         SLICE_406.Q0 to         SLICE_169.C1 observe[125]
    1.535ns         SLICE_406.Q1 to         SLICE_169.B1 observe[126]
    0.645ns         SLICE_407.Q0 to         SLICE_169.D1 observe[127]
    0.645ns         SLICE_407.Q1 to         SLICE_486.D1 observe[128]
    2.105ns         SLICE_408.Q0 to         SLICE_486.C1 observe[129]
    1.803ns         SLICE_408.Q1 to         SLICE_486.A1 observe[130]
    1.854ns         SLICE_409.Q0 to         SLICE_486.B1 observe[131]
    2.220ns         SLICE_409.Q1 to         SLICE_486.C0 observe[132]
    1.562ns         SLICE_410.Q0 to         SLICE_486.B0 observe[133]
    1.478ns         SLICE_410.Q1 to         SLICE_486.A0 observe[134]
    0.626ns         SLICE_132.Q0 to         SLICE_486.D0 observe[135]
    1.383ns         SLICE_132.Q1 to         SLICE_412.A1 observe[136]
    1.620ns         SLICE_133.Q0 to         SLICE_412.C1 observe[137]
    1.355ns         SLICE_133.Q1 to         SLICE_412.D1 observe[138]
    1.962ns          SLICE_16.Q0 to         SLICE_412.B1 observe[139]
    1.079ns          SLICE_16.Q1 to         SLICE_485.C1 observe[140]
    1.838ns          SLICE_17.Q0 to         SLICE_485.B1 observe[141]
    1.460ns          SLICE_17.Q1 to         SLICE_485.D1 observe[142]
    1.383ns          SLICE_37.Q0 to         SLICE_485.A1 observe[143]
    0.766ns          SLICE_37.Q1 to         SLICE_485.C0 observe[144]
    1.023ns          SLICE_38.Q0 to         SLICE_485.B0 observe[145]
    0.964ns          SLICE_38.Q1 to         SLICE_485.A0 observe[146]
    1.584ns          SLICE_34.Q0 to         SLICE_485.D0 observe[147]
    1.959ns          SLICE_34.Q1 to         SLICE_484.D1 observe[148]
    2.198ns          SLICE_35.Q0 to         SLICE_484.A1 observe[149]
    1.336ns          SLICE_35.Q1 to         SLICE_484.B1 observe[150]
    1.278ns          SLICE_31.Q0 to         SLICE_484.C1 observe[151]
    2.343ns          SLICE_31.Q1 to         SLICE_484.A0 observe[152]
    0.958ns          SLICE_32.Q0 to         SLICE_484.D0 observe[153]
    1.336ns          SLICE_32.Q1 to         SLICE_484.B0 observe[154]
    0.744ns          SLICE_19.Q0 to         SLICE_484.C0 observe[155]
    1.004ns          SLICE_19.Q1 to         SLICE_168.B0 observe[156]
    0.747ns          SLICE_20.Q0 to         SLICE_168.C0 observe[157]
    1.157ns          SLICE_20.Q1 to         SLICE_168.D0 observe[158]
    1.801ns          SLICE_28.Q0 to         SLICE_168.A0 observe[159]
    0.645ns          SLICE_28.Q1 to         SLICE_483.D1 observe[160]
    0.986ns          SLICE_29.Q0 to         SLICE_483.A1 observe[161]
    1.001ns          SLICE_29.Q1 to         SLICE_483.B1 observe[162]
    0.766ns          SLICE_25.Q0 to         SLICE_483.C1 observe[163]
    1.499ns          SLICE_25.Q1 to         SLICE_483.D0 observe[164]
    1.023ns          SLICE_26.Q0 to         SLICE_483.B0 observe[165]
    0.964ns          SLICE_26.Q1 to         SLICE_483.A0 observe[166]
    0.747ns          SLICE_22.Q0 to         SLICE_483.C0 observe[167]
    1.023ns         SLICE_134.Q1 to         SLICE_413.B0 observe[172]
    1.838ns         SLICE_236.F1 to         SLICE_403.B0 serial_out_162
    0.967ns         SLICE_403.F1 to         SLICE_403.A0 serial_out_163
    1.600ns         SLICE_404.F0 to         SLICE_403.D0 serial_out_169
    0.766ns         SLICE_405.F0 to         SLICE_403.C0 serial_out_170
    2.187ns         SLICE_407.F0 to         SLICE_404.A0 serial_out_154
    1.676ns         SLICE_408.F0 to         SLICE_404.D0 serial_out_155
    3.008ns         SLICE_409.F0 to         SLICE_404.B0 serial_out_156
    0.436ns         SLICE_404.F1 to         SLICE_404.C0 serial_out_157
    1.875ns         SLICE_410.F0 to         SLICE_405.B0 serial_out_158
    0.964ns         SLICE_411.F0 to         SLICE_405.A0 serial_out_159
    0.315ns         SLICE_412.F0 to         SLICE_405.D0 serial_out_160
    0.436ns         SLICE_405.F1 to         SLICE_405.C0 serial_out_161
    2.017ns         SLICE_495.F1 to         SLICE_403.C1 serial_out_88
    1.157ns         SLICE_495.F0 to         SLICE_403.D1 serial_out_89
    0.693ns         SLICE_413.F0 to         SLICE_403.B1 serial_out_130
    0.964ns         SLICE_406.F0 to         SLICE_403.A1 serial_out_153
    1.336ns         SLICE_172.F1 to         SLICE_406.B0 serial_out_90
    2.013ns         SLICE_494.F1 to         SLICE_406.A0 serial_out_91
    1.157ns         SLICE_494.F0 to         SLICE_406.D0 serial_out_92
    0.436ns         SLICE_406.F1 to         SLICE_406.C0 serial_out_93
    1.051ns         SLICE_171.F0 to         SLICE_407.A0 serial_out_94
    1.575ns         SLICE_493.F1 to         SLICE_407.D0 serial_out_95
    1.962ns         SLICE_493.F0 to         SLICE_407.B0 serial_out_96
    0.436ns         SLICE_407.F1 to         SLICE_407.C0 serial_out_97
    1.587ns         SLICE_171.F1 to         SLICE_408.D0 serial_out_98
    1.228ns         SLICE_492.F1 to         SLICE_408.C0 serial_out_99
    1.498ns         SLICE_492.F0 to         SLICE_408.A0 serial_out_100
    0.693ns         SLICE_408.F1 to         SLICE_408.B0 serial_out_101
    0.645ns         SLICE_170.F0 to         SLICE_409.D0 serial_out_102
    0.656ns         SLICE_491.F1 to         SLICE_409.A0 serial_out_103
    0.693ns         SLICE_491.F0 to         SLICE_409.B0 serial_out_104
    0.436ns         SLICE_409.F1 to         SLICE_409.C0 serial_out_105
    1.687ns         SLICE_490.F1 to         SLICE_404.D1 serial_out_106
    1.400ns         SLICE_490.F0 to         SLICE_404.B1 serial_out_107
    1.801ns         SLICE_489.F1 to         SLICE_404.A1 serial_out_108
    1.506ns         SLICE_489.F0 to         SLICE_404.C1 serial_out_109
    1.981ns         SLICE_170.F1 to         SLICE_410.D0 serial_out_110
    0.693ns         SLICE_488.F1 to         SLICE_410.B0 serial_out_111
    0.656ns         SLICE_488.F0 to         SLICE_410.A0 serial_out_112
    0.436ns         SLICE_410.F1 to         SLICE_410.C0 serial_out_113
    1.023ns         SLICE_169.F0 to         SLICE_411.B0 serial_out_114
    0.964ns         SLICE_487.F1 to         SLICE_411.A0 serial_out_115
    0.623ns         SLICE_487.F0 to         SLICE_411.D0 serial_out_116
    0.436ns         SLICE_411.F1 to         SLICE_411.C0 serial_out_117
    0.315ns         SLICE_169.F1 to         SLICE_412.D0 serial_out_118
    1.420ns         SLICE_486.F1 to         SLICE_412.B0 serial_out_119
    2.496ns         SLICE_486.F0 to         SLICE_412.A0 serial_out_120
    0.436ns         SLICE_412.F1 to         SLICE_412.C0 serial_out_121
    1.420ns         SLICE_485.F1 to         SLICE_405.B1 serial_out_122
    0.958ns         SLICE_485.F0 to         SLICE_405.D1 serial_out_123
    1.299ns         SLICE_484.F1 to         SLICE_405.A1 serial_out_124
    1.079ns         SLICE_484.F0 to         SLICE_405.C1 serial_out_125
    1.336ns         SLICE_168.F0 to         SLICE_236.B1 serial_out_126
    1.299ns         SLICE_483.F1 to         SLICE_236.A1 serial_out_127
    0.645ns         SLICE_483.F0 to         SLICE_236.D1 serial_out_128
    0.436ns         SLICE_413.F1 to         SLICE_413.C0 serial_out_87

--------------------------------------------------------------------------------


Timing summary (Setup):
---------------

Timing errors: 0  Score: 0
Cumulative negative slack: 0

Constraints cover 787842 paths, 1 nets, and 3520 connections (89.68% coverage)

--------------------------------------------------------------------------------
Lattice TRACE Report - Hold, Version Diamond (64-bit) 3.14.0.75.2
Wed Sep  9 12:45:08 2026

Copyright (c) 1991-1994 by NeoCAD Inc. All rights reserved.
Copyright (c) 1995 AT&T Corp.   All rights reserved.
Copyright (c) 1995-2001 Lucent Technologies Inc.  All rights reserved.
Copyright (c) 2001 Agere Systems   All rights reserved.
Copyright (c) 2002-2024 Lattice Semiconductor Corporation,  All rights reserved.

Report Information
------------------
Command line:    trce -v 10 -c -u 0 -gt -sethld -sp 4 -sphld m -o cp21a_impl1.twr cp21a_impl1.ncd cp21a_impl1.prf 
Design file:     cp21a_impl1.ncd
Preference file: cp21a_impl1.prf
Device,speed:    LCMXO2-1200HC,m
Report level:    verbose report, limited to 10 items per preference
--------------------------------------------------------------------------------

BLOCK ASYNCPATHS
BLOCK RESETPATHS
--------------------------------------------------------------------------------



================================================================================
Preference: FREQUENCY PORT "clk" 35.000000 MHz ;
            4096 items scored, 0 timing errors detected.
--------------------------------------------------------------------------------


Passed: The following path meets requirements by 0.291ns

 Logical Details:  Cell type  Pin type       Cell/ASIC name  (clock net +/-)

   Source:         Sync_RAM   Q              core/engine/dp/rf/words_1_ram/RAM0  (from clk_c +)
   Destination:    FF         Data in        observe[140]  (to clk_c +)

   Delay:               0.278ns  (99.3% logic, 0.7% route), 1 logic levels.

 Constraint Details:

      0.278ns physical path delay SLICE_16 to SLICE_16 meets
     -0.013ns DIN_HLD and
      0.000ns delay constraint less
      0.000ns skew requirement (totaling -0.013ns) by 0.291ns

 Physical Path Details:

      Data path SLICE_16 to SLICE_16:

   Name    Fanout   Delay (ns)          Site               Resource
CLKTOF_DEL  ---     0.276     R4C10A.WCK to      R4C10A.F1 SLICE_16 (from clk_c)
ROUTE         3     0.002      R4C10A.F1 to     R4C10A.DI1 data[1] (to clk_c)
                  --------
                    0.278   (99.3% logic, 0.7% route), 1 logic levels.

 Clock Skew Details: 

      Source Clock Path clk to SLICE_16:

   Name    Fanout   Delay (ns)          Site               Resource
ROUTE       181     0.765       13.PADDI to     R4C10A.WCK clk_c
                  --------
                    0.765   (0.0% logic, 100.0% route), 0 logic levels.

      Destination Clock Path clk to SLICE_16:

   Name    Fanout   Delay (ns)          Site               Resource
ROUTE       181     0.765       13.PADDI to     R4C10A.CLK clk_c
                  --------
                    0.765   (0.0% logic, 100.0% route), 0 logic levels.


Passed: The following path meets requirements by 0.291ns

 Logical Details:  Cell type  Pin type       Cell/ASIC name  (clock net +/-)

   Source:         Sync_RAM   Q              core/engine/dp/rf/words_1_ram/RAM0  (from clk_c +)
   Destination:    FF         Data in        observe[139]  (to clk_c +)

   Delay:               0.278ns  (99.3% logic, 0.7% route), 1 logic levels.

 Constraint Details:

      0.278ns physical path delay SLICE_16 to SLICE_16 meets
     -0.013ns DIN_HLD and
      0.000ns delay constraint less
      0.000ns skew requirement (totaling -0.013ns) by 0.291ns

 Physical Path Details:

      Data path SLICE_16 to SLICE_16:

   Name    Fanout   Delay (ns)          Site               Resource
CLKTOF_DEL  ---     0.276     R4C10A.WCK to      R4C10A.F0 SLICE_16 (from clk_c)
ROUTE         3     0.002      R4C10A.F0 to     R4C10A.DI0 data[0] (to clk_c)
                  --------
                    0.278   (99.3% logic, 0.7% route), 1 logic levels.

 Clock Skew Details: 

      Source Clock Path clk to SLICE_16:

   Name    Fanout   Delay (ns)          Site               Resource
ROUTE       181     0.765       13.PADDI to     R4C10A.WCK clk_c
                  --------
                    0.765   (0.0% logic, 100.0% route), 0 logic levels.

      Destination Clock Path clk to SLICE_16:

   Name    Fanout   Delay (ns)          Site               Resource
ROUTE       181     0.765       13.PADDI to     R4C10A.CLK clk_c
                  --------
                    0.765   (0.0% logic, 100.0% route), 0 logic levels.


Passed: The following path meets requirements by 0.291ns

 Logical Details:  Cell type  Pin type       Cell/ASIC name  (clock net +/-)

   Source:         Sync_RAM   Q              core/engine/dp/rf/words_1_ram/RAM1  (from clk_c +)
   Destination:    FF         Data in        observe[141]  (to clk_c +)

   Delay:               0.278ns  (99.3% logic, 0.7% route), 1 logic levels.

 Constraint Details:

      0.278ns physical path delay SLICE_17 to SLICE_17 meets
     -0.013ns DIN_HLD and
      0.000ns delay constraint less
      0.000ns skew requirement (totaling -0.013ns) by 0.291ns

 Physical Path Details:

      Data path SLICE_17 to SLICE_17:

   Name    Fanout   Delay (ns)          Site               Resource
CLKTOF_DEL  ---     0.276     R4C10B.WCK to      R4C10B.F0 SLICE_17 (from clk_c)
ROUTE         3     0.002      R4C10B.F0 to     R4C10B.DI0 data[2] (to clk_c)
                  --------
                    0.278   (99.3% logic, 0.7% route), 1 logic levels.

 Clock Skew Details: 

      Source Clock Path clk to SLICE_17:

   Name    Fanout   Delay (ns)          Site               Resource
ROUTE       181     0.765       13.PADDI to     R4C10B.WCK clk_c
                  --------
                    0.765   (0.0% logic, 100.0% route), 0 logic levels.

      Destination Clock Path clk to SLICE_17:

   Name    Fanout   Delay (ns)          Site               Resource
ROUTE       181     0.765       13.PADDI to     R4C10B.CLK clk_c
                  --------
                    0.765   (0.0% logic, 100.0% route), 0 logic levels.


Passed: The following path meets requirements by 0.291ns

 Logical Details:  Cell type  Pin type       Cell/ASIC name  (clock net +/-)

   Source:         Sync_RAM   Q              core/engine/dp/rf/words_1_ram/RAM1  (from clk_c +)
   Destination:    FF         Data in        observe[142]  (to clk_c +)

   Delay:               0.278ns  (99.3% logic, 0.7% route), 1 logic levels.

 Constraint Details:

      0.278ns physical path delay SLICE_17 to SLICE_17 meets
     -0.013ns DIN_HLD and
      0.000ns delay constraint less
      0.000ns skew requirement (totaling -0.013ns) by 0.291ns

 Physical Path Details:

      Data path SLICE_17 to SLICE_17:

   Name    Fanout   Delay (ns)          Site               Resource
CLKTOF_DEL  ---     0.276     R4C10B.WCK to      R4C10B.F1 SLICE_17 (from clk_c)
ROUTE         3     0.002      R4C10B.F1 to     R4C10B.DI1 data[3] (to clk_c)
                  --------
                    0.278   (99.3% logic, 0.7% route), 1 logic levels.

 Clock Skew Details: 

      Source Clock Path clk to SLICE_17:

   Name    Fanout   Delay (ns)          Site               Resource
ROUTE       181     0.765       13.PADDI to     R4C10B.WCK clk_c
                  --------
                    0.765   (0.0% logic, 100.0% route), 0 logic levels.

      Destination Clock Path clk to SLICE_17:

   Name    Fanout   Delay (ns)          Site               Resource
ROUTE       181     0.765       13.PADDI to     R4C10B.CLK clk_c
                  --------
                    0.765   (0.0% logic, 100.0% route), 0 logic levels.


Passed: The following path meets requirements by 0.291ns

 Logical Details:  Cell type  Pin type       Cell/ASIC name  (clock net +/-)

   Source:         Sync_RAM   Q              core/engine/dp/rf/words_ram/RAM0  (from clk_c +)
   Destination:    FF         Data in        observe[156]  (to clk_c +)

   Delay:               0.278ns  (99.3% logic, 0.7% route), 1 logic levels.

 Constraint Details:

      0.278ns physical path delay SLICE_19 to SLICE_19 meets
     -0.013ns DIN_HLD and
      0.000ns delay constraint less
      0.000ns skew requirement (totaling -0.013ns) by 0.291ns

 Physical Path Details:

      Data path SLICE_19 to SLICE_19:

   Name    Fanout   Delay (ns)          Site               Resource
CLKTOF_DEL  ---     0.276     R3C10A.WCK to      R3C10A.F1 SLICE_19 (from clk_c)
ROUTE         4     0.002      R3C10A.F1 to     R3C10A.DI1 addr[1] (to clk_c)
                  --------
                    0.278   (99.3% logic, 0.7% route), 1 logic levels.

 Clock Skew Details: 

      Source Clock Path clk to SLICE_19:

   Name    Fanout   Delay (ns)          Site               Resource
ROUTE       181     0.765       13.PADDI to     R3C10A.WCK clk_c
                  --------
                    0.765   (0.0% logic, 100.0% route), 0 logic levels.

      Destination Clock Path clk to SLICE_19:

   Name    Fanout   Delay (ns)          Site               Resource
ROUTE       181     0.765       13.PADDI to     R3C10A.CLK clk_c
                  --------
                    0.765   (0.0% logic, 100.0% route), 0 logic levels.


Passed: The following path meets requirements by 0.291ns

 Logical Details:  Cell type  Pin type       Cell/ASIC name  (clock net +/-)

   Source:         Sync_RAM   Q              core/engine/dp/rf/words_ram/RAM1  (from clk_c +)
   Destination:    FF         Data in        observe[157]  (to clk_c +)

   Delay:               0.278ns  (99.3% logic, 0.7% route), 1 logic levels.

 Constraint Details:

      0.278ns physical path delay SLICE_20 to SLICE_20 meets
     -0.013ns DIN_HLD and
      0.000ns delay constraint less
      0.000ns skew requirement (totaling -0.013ns) by 0.291ns

 Physical Path Details:

      Data path SLICE_20 to SLICE_20:

   Name    Fanout   Delay (ns)          Site               Resource
CLKTOF_DEL  ---     0.276     R3C10B.WCK to      R3C10B.F0 SLICE_20 (from clk_c)
ROUTE         4     0.002      R3C10B.F0 to     R3C10B.DI0 addr[2] (to clk_c)
                  --------
                    0.278   (99.3% logic, 0.7% route), 1 logic levels.

 Clock Skew Details: 

      Source Clock Path clk to SLICE_20:

   Name    Fanout   Delay (ns)          Site               Resource
ROUTE       181     0.765       13.PADDI to     R3C10B.WCK clk_c
                  --------
                    0.765   (0.0% logic, 100.0% route), 0 logic levels.

      Destination Clock Path clk to SLICE_20:

   Name    Fanout   Delay (ns)          Site               Resource
ROUTE       181     0.765       13.PADDI to     R3C10B.CLK clk_c
                  --------
                    0.765   (0.0% logic, 100.0% route), 0 logic levels.


Passed: The following path meets requirements by 0.291ns

 Logical Details:  Cell type  Pin type       Cell/ASIC name  (clock net +/-)

   Source:         Sync_RAM   Q              core/engine/dp/rf/words_ram/RAM1  (from clk_c +)
   Destination:    FF         Data in        observe[158]  (to clk_c +)

   Delay:               0.278ns  (99.3% logic, 0.7% route), 1 logic levels.

 Constraint Details:

      0.278ns physical path delay SLICE_20 to SLICE_20 meets
     -0.013ns DIN_HLD and
      0.000ns delay constraint less
      0.000ns skew requirement (totaling -0.013ns) by 0.291ns

 Physical Path Details:

      Data path SLICE_20 to SLICE_20:

   Name    Fanout   Delay (ns)          Site               Resource
CLKTOF_DEL  ---     0.276     R3C10B.WCK to      R3C10B.F1 SLICE_20 (from clk_c)
ROUTE         4     0.002      R3C10B.F1 to     R3C10B.DI1 addr[3] (to clk_c)
                  --------
                    0.278   (99.3% logic, 0.7% route), 1 logic levels.

 Clock Skew Details: 

      Source Clock Path clk to SLICE_20:

   Name    Fanout   Delay (ns)          Site               Resource
ROUTE       181     0.765       13.PADDI to     R3C10B.WCK clk_c
                  --------
                    0.765   (0.0% logic, 100.0% route), 0 logic levels.

      Destination Clock Path clk to SLICE_20:

   Name    Fanout   Delay (ns)          Site               Resource
ROUTE       181     0.765       13.PADDI to     R3C10B.CLK clk_c
                  --------
                    0.765   (0.0% logic, 100.0% route), 0 logic levels.


Passed: The following path meets requirements by 0.291ns

 Logical Details:  Cell type  Pin type       Cell/ASIC name  (clock net +/-)

   Source:         Sync_RAM   Q              core/engine/dp/rf/words_ram_2/RAM0  (from clk_c +)
   Destination:    FF         Data in        observe[168]  (to clk_c +)

   Delay:               0.278ns  (99.3% logic, 0.7% route), 1 logic levels.

 Constraint Details:

      0.278ns physical path delay SLICE_22 to SLICE_22 meets
     -0.013ns DIN_HLD and
      0.000ns delay constraint less
      0.000ns skew requirement (totaling -0.013ns) by 0.291ns

 Physical Path Details:

      Data path SLICE_22 to SLICE_22:

   Name    Fanout   Delay (ns)          Site               Resource
CLKTOF_DEL  ---     0.276      R4C9A.WCK to       R4C9A.F1 SLICE_22 (from clk_c)
ROUTE         4     0.002       R4C9A.F1 to      R4C9A.DI1 addr[13] (to clk_c)
                  --------
                    0.278   (99.3% logic, 0.7% route), 1 logic levels.

 Clock Skew Details: 

      Source Clock Path clk to SLICE_22:

   Name    Fanout   Delay (ns)          Site               Resource
ROUTE       181     0.765       13.PADDI to      R4C9A.WCK clk_c
                  --------
                    0.765   (0.0% logic, 100.0% route), 0 logic levels.

      Destination Clock Path clk to SLICE_22:

   Name    Fanout   Delay (ns)          Site               Resource
ROUTE       181     0.765       13.PADDI to      R4C9A.CLK clk_c
                  --------
                    0.765   (0.0% logic, 100.0% route), 0 logic levels.


Passed: The following path meets requirements by 0.291ns

 Logical Details:  Cell type  Pin type       Cell/ASIC name  (clock net +/-)

   Source:         Sync_RAM   Q              core/engine/dp/rf/words_ram_2/RAM0  (from clk_c +)
   Destination:    FF         Data in        observe[167]  (to clk_c +)

   Delay:               0.278ns  (99.3% logic, 0.7% route), 1 logic levels.

 Constraint Details:

      0.278ns physical path delay SLICE_22 to SLICE_22 meets
     -0.013ns DIN_HLD and
      0.000ns delay constraint less
      0.000ns skew requirement (totaling -0.013ns) by 0.291ns

 Physical Path Details:

      Data path SLICE_22 to SLICE_22:

   Name    Fanout   Delay (ns)          Site               Resource
CLKTOF_DEL  ---     0.276      R4C9A.WCK to       R4C9A.F0 SLICE_22 (from clk_c)
ROUTE         4     0.002       R4C9A.F0 to      R4C9A.DI0 addr[12] (to clk_c)
                  --------
                    0.278   (99.3% logic, 0.7% route), 1 logic levels.

 Clock Skew Details: 

      Source Clock Path clk to SLICE_22:

   Name    Fanout   Delay (ns)          Site               Resource
ROUTE       181     0.765       13.PADDI to      R4C9A.WCK clk_c
                  --------
                    0.765   (0.0% logic, 100.0% route), 0 logic levels.

      Destination Clock Path clk to SLICE_22:

   Name    Fanout   Delay (ns)          Site               Resource
ROUTE       181     0.765       13.PADDI to      R4C9A.CLK clk_c
                  --------
                    0.765   (0.0% logic, 100.0% route), 0 logic levels.


Passed: The following path meets requirements by 0.291ns

 Logical Details:  Cell type  Pin type       Cell/ASIC name  (clock net +/-)

   Source:         Sync_RAM   Q              core/engine/dp/rf/words_ram_2/RAM1  (from clk_c +)
   Destination:    FF         Data in        observe[170]  (to clk_c +)

   Delay:               0.278ns  (99.3% logic, 0.7% route), 1 logic levels.

 Constraint Details:

      0.278ns physical path delay SLICE_23 to SLICE_23 meets
     -0.013ns DIN_HLD and
      0.000ns delay constraint less
      0.000ns skew requirement (totaling -0.013ns) by 0.291ns

 Physical Path Details:

      Data path SLICE_23 to SLICE_23:

   Name    Fanout   Delay (ns)          Site               Resource
CLKTOF_DEL  ---     0.276      R4C9B.WCK to       R4C9B.F1 SLICE_23 (from clk_c)
ROUTE         4     0.002       R4C9B.F1 to      R4C9B.DI1 addr[15] (to clk_c)
                  --------
                    0.278   (99.3% logic, 0.7% route), 1 logic levels.

 Clock Skew Details: 

      Source Clock Path clk to SLICE_23:

   Name    Fanout   Delay (ns)          Site               Resource
ROUTE       181     0.765       13.PADDI to      R4C9B.WCK clk_c
                  --------
                    0.765   (0.0% logic, 100.0% route), 0 logic levels.

      Destination Clock Path clk to SLICE_23:

   Name    Fanout   Delay (ns)          Site               Resource
ROUTE       181     0.765       13.PADDI to      R4C9B.CLK clk_c
                  --------
                    0.765   (0.0% logic, 100.0% route), 0 logic levels.

Report Summary
--------------
----------------------------------------------------------------------------
Preference(MIN Delays)                  |   Constraint|       Actual|Levels
----------------------------------------------------------------------------
                                        |             |             |
FREQUENCY PORT "clk" 35.000000 MHz ;    |            -|            -|   1  
                                        |             |             |
----------------------------------------------------------------------------


All preferences were met.


Clock Domains Analysis
------------------------

Found 1 clocks:

Clock Domain: clk_c   Source: clk.PAD   Loads: 181
   Covered under: FREQUENCY PORT "clk" 35.000000 MHz ;


--------------------------------------------------------------------------------
                Connections not covered by the preferences
--------------------------------------------------------------------------------

     Delay                        Element                 Net

    0.462ns         SLICE_403.F0 to     serial_out.PADDO serial_out_c
    0.812ns          reset.PADDI to gine/seq/SLICE_1.LSR reset_c
    0.812ns          reset.PADDI to gine/seq/SLICE_2.LSR reset_c
    0.812ns          reset.PADDI to gine/seq/SLICE_3.LSR reset_c
    0.812ns          reset.PADDI to gine/seq/SLICE_4.LSR reset_c
    0.812ns          reset.PADDI to gine/seq/SLICE_5.LSR reset_c
    0.812ns          reset.PADDI to         SLICE_16.LSR reset_c
    0.812ns          reset.PADDI to         SLICE_17.LSR reset_c
    0.812ns          reset.PADDI to         SLICE_19.LSR reset_c
    0.812ns          reset.PADDI to         SLICE_20.LSR reset_c
    0.812ns          reset.PADDI to         SLICE_22.LSR reset_c
    0.812ns          reset.PADDI to         SLICE_23.LSR reset_c
    0.812ns          reset.PADDI to         SLICE_25.LSR reset_c
    0.812ns          reset.PADDI to         SLICE_26.LSR reset_c
    0.812ns          reset.PADDI to         SLICE_28.LSR reset_c
    0.812ns          reset.PADDI to         SLICE_29.LSR reset_c
    0.812ns          reset.PADDI to         SLICE_31.LSR reset_c
    0.812ns          reset.PADDI to         SLICE_32.LSR reset_c
    0.812ns          reset.PADDI to         SLICE_34.LSR reset_c
    0.812ns          reset.PADDI to         SLICE_35.LSR reset_c
    0.812ns          reset.PADDI to         SLICE_37.LSR reset_c
    0.812ns          reset.PADDI to         SLICE_38.LSR reset_c
    0.812ns          reset.PADDI to /engine/SLICE_39.LSR reset_c
    0.812ns          reset.PADDI to /engine/SLICE_40.LSR reset_c
    0.812ns          reset.PADDI to /engine/SLICE_41.LSR reset_c
    1.108ns          reset.PADDI to e/engine/SLICE_42.D0 reset_c
    1.386ns          reset.PADDI to e/engine/SLICE_42.B1 reset_c
    0.812ns          reset.PADDI to ine/seq/SLICE_43.LSR reset_c
    0.812ns          reset.PADDI to ine/seq/SLICE_44.LSR reset_c
    0.812ns          reset.PADDI to /engine/SLICE_46.LSR reset_c
    0.812ns          reset.PADDI to /engine/SLICE_56.LSR reset_c
    0.812ns          reset.PADDI to /engine/SLICE_57.LSR reset_c
    0.812ns          reset.PADDI to /engine/SLICE_58.LSR reset_c
    0.812ns          reset.PADDI to /engine/SLICE_59.LSR reset_c
    0.812ns          reset.PADDI to         SLICE_65.LSR reset_c
    0.812ns          reset.PADDI to         SLICE_66.LSR reset_c
    0.812ns          reset.PADDI to         SLICE_67.LSR reset_c
    0.812ns          reset.PADDI to         SLICE_68.LSR reset_c
    0.812ns          reset.PADDI to         SLICE_69.LSR reset_c
    0.812ns          reset.PADDI to         SLICE_70.LSR reset_c
    0.812ns          reset.PADDI to         SLICE_71.LSR reset_c
    0.812ns          reset.PADDI to         SLICE_72.LSR reset_c
    0.812ns          reset.PADDI to         SLICE_73.LSR reset_c
    0.812ns          reset.PADDI to         SLICE_74.LSR reset_c
    0.812ns          reset.PADDI to         SLICE_75.LSR reset_c
    0.812ns          reset.PADDI to         SLICE_76.LSR reset_c
    0.812ns          reset.PADDI to        SLICE_132.LSR reset_c
    0.812ns          reset.PADDI to        SLICE_133.LSR reset_c
    0.812ns          reset.PADDI to        SLICE_134.LSR reset_c
    0.812ns          reset.PADDI to engine/SLICE_136.LSR reset_c
    0.812ns          reset.PADDI to status/SLICE_137.LSR reset_c
    0.812ns          reset.PADDI to status/SLICE_138.LSR reset_c
    0.812ns          reset.PADDI to engine/SLICE_139.LSR reset_c
    0.812ns          reset.PADDI to engine/SLICE_140.LSR reset_c
    0.812ns          reset.PADDI to engine/SLICE_141.LSR reset_c
    0.812ns          reset.PADDI to engine/SLICE_142.LSR reset_c
    0.812ns          reset.PADDI to engine/SLICE_143.LSR reset_c
    0.812ns          reset.PADDI to engine/SLICE_144.LSR reset_c
    0.812ns          reset.PADDI to engine/SLICE_145.LSR reset_c
    0.812ns          reset.PADDI to engine/SLICE_146.LSR reset_c
    0.812ns          reset.PADDI to engine/SLICE_147.LSR reset_c
    0.812ns          reset.PADDI to engine/SLICE_148.LSR reset_c
    0.812ns          reset.PADDI to ine/dp/SLICE_149.LSR reset_c
    0.812ns          reset.PADDI to ine/dp/SLICE_150.LSR reset_c
    0.812ns          reset.PADDI to ine/dp/SLICE_151.LSR reset_c
    0.812ns          reset.PADDI to ine/dp/SLICE_152.LSR reset_c
    0.812ns          reset.PADDI to ine/dp/SLICE_153.LSR reset_c
    0.812ns          reset.PADDI to ine/dp/SLICE_154.LSR reset_c
    0.812ns          reset.PADDI to ine/dp/SLICE_155.LSR reset_c
    0.812ns          reset.PADDI to ine/dp/SLICE_156.LSR reset_c
    0.812ns          reset.PADDI to ine/dp/SLICE_157.LSR reset_c
    0.812ns          reset.PADDI to ine/dp/SLICE_158.LSR reset_c
    0.812ns          reset.PADDI to engine/SLICE_159.LSR reset_c
    0.812ns          reset.PADDI to        SLICE_168.LSR reset_c
    0.812ns          reset.PADDI to        SLICE_169.LSR reset_c
    0.812ns          reset.PADDI to        SLICE_170.LSR reset_c
    0.812ns          reset.PADDI to        SLICE_171.LSR reset_c
    0.812ns          reset.PADDI to        SLICE_172.LSR reset_c
    0.812ns          reset.PADDI to        SLICE_173.LSR reset_c
    0.812ns          reset.PADDI to        SLICE_174.LSR reset_c
    0.812ns          reset.PADDI to ne/seq/SLICE_175.LSR reset_c
    0.812ns          reset.PADDI to ne/seq/SLICE_176.LSR reset_c
    0.812ns          reset.PADDI to ne/seq/SLICE_177.LSR reset_c
    0.812ns          reset.PADDI to ne/seq/SLICE_178.LSR reset_c
    0.812ns          reset.PADDI to ne/seq/SLICE_179.LSR reset_c
    1.149ns          reset.PADDI to /engine/SLICE_220.C0 reset_c
    1.251ns          reset.PADDI to /engine/SLICE_220.D1 reset_c
    0.812ns          reset.PADDI to engine/SLICE_221.LSR reset_c
    0.812ns          reset.PADDI to engine/SLICE_230.LSR reset_c
    0.812ns          reset.PADDI to engine/SLICE_231.LSR reset_c
    0.812ns          reset.PADDI to        SLICE_233.LSR reset_c
    0.812ns          reset.PADDI to        SLICE_234.LSR reset_c
    0.812ns          reset.PADDI to        SLICE_235.LSR reset_c
    0.812ns          reset.PADDI to        SLICE_236.LSR reset_c
    1.716ns          reset.PADDI to ine/seq/SLICE_238.A0 reset_c
    1.702ns          reset.PADDI to /engine/SLICE_239.A1 reset_c
    1.693ns          reset.PADDI to ine/seq/SLICE_246.B1 reset_c
    0.985ns          reset.PADDI to ine/seq/SLICE_248.D1 reset_c
    1.474ns          reset.PADDI to ine/seq/SLICE_252.C1 reset_c
    1.571ns          reset.PADDI to ine/seq/SLICE_276.D0 reset_c
    1.572ns          reset.PADDI to ine/seq/SLICE_279.D0 reset_c
    1.711ns          reset.PADDI to ine/seq/SLICE_283.B1 reset_c
    0.812ns          reset.PADDI to engine/SLICE_286.LSR reset_c
    0.812ns          reset.PADDI to engine/SLICE_287.LSR reset_c
    0.812ns          reset.PADDI to   core/SLICE_355.LSR reset_c
    0.812ns          reset.PADDI to   core/SLICE_356.LSR reset_c
    0.812ns          reset.PADDI to engine/SLICE_359.LSR reset_c
    0.812ns          reset.PADDI to        SLICE_379.LSR reset_c
    0.812ns          reset.PADDI to        SLICE_380.LSR reset_c
    0.812ns          reset.PADDI to        SLICE_381.LSR reset_c
    0.812ns          reset.PADDI to        SLICE_382.LSR reset_c
    0.812ns          reset.PADDI to        SLICE_383.LSR reset_c
    0.812ns          reset.PADDI to        SLICE_384.LSR reset_c
    0.812ns          reset.PADDI to        SLICE_385.LSR reset_c
    0.812ns          reset.PADDI to        SLICE_386.LSR reset_c
    0.812ns          reset.PADDI to        SLICE_387.LSR reset_c
    0.812ns          reset.PADDI to        SLICE_388.LSR reset_c
    0.812ns          reset.PADDI to        SLICE_389.LSR reset_c
    0.812ns          reset.PADDI to        SLICE_390.LSR reset_c
    0.812ns          reset.PADDI to        SLICE_391.LSR reset_c
    0.812ns          reset.PADDI to        SLICE_392.LSR reset_c
    0.812ns          reset.PADDI to        SLICE_393.LSR reset_c
    0.812ns          reset.PADDI to        SLICE_394.LSR reset_c
    0.812ns          reset.PADDI to        SLICE_395.LSR reset_c
    0.812ns          reset.PADDI to        SLICE_396.LSR reset_c
    0.812ns          reset.PADDI to        SLICE_397.LSR reset_c
    0.812ns          reset.PADDI to        SLICE_398.LSR reset_c
    0.812ns          reset.PADDI to        SLICE_399.LSR reset_c
    0.812ns          reset.PADDI to        SLICE_400.LSR reset_c
    0.812ns          reset.PADDI to        SLICE_401.LSR reset_c
    0.812ns          reset.PADDI to        SLICE_402.LSR reset_c
    0.812ns          reset.PADDI to        SLICE_403.LSR reset_c
    0.812ns          reset.PADDI to        SLICE_404.LSR reset_c
    0.812ns          reset.PADDI to        SLICE_405.LSR reset_c
    0.812ns          reset.PADDI to        SLICE_406.LSR reset_c
    0.812ns          reset.PADDI to        SLICE_407.LSR reset_c
    0.812ns          reset.PADDI to        SLICE_408.LSR reset_c
    0.812ns          reset.PADDI to        SLICE_409.LSR reset_c
    0.812ns          reset.PADDI to        SLICE_410.LSR reset_c
    0.812ns          reset.PADDI to        SLICE_411.LSR reset_c
    0.812ns          reset.PADDI to        SLICE_412.LSR reset_c
    0.812ns          reset.PADDI to        SLICE_413.LSR reset_c
    0.812ns          reset.PADDI to        SLICE_414.LSR reset_c
    0.812ns          reset.PADDI to        SLICE_434.LSR reset_c
    0.812ns          reset.PADDI to        SLICE_436.LSR reset_c
    1.716ns          reset.PADDI to /engine/SLICE_437.A1 reset_c
    0.812ns          reset.PADDI to engine/SLICE_456.LSR reset_c
    0.812ns          reset.PADDI to        SLICE_457.LSR reset_c
    0.812ns          reset.PADDI to        SLICE_458.LSR reset_c
    0.812ns          reset.PADDI to        SLICE_459.LSR reset_c
    0.812ns          reset.PADDI to        SLICE_460.LSR reset_c
    1.433ns          reset.PADDI to /engine/SLICE_463.D0 reset_c
    1.711ns          reset.PADDI to /engine/SLICE_463.B1 reset_c
    1.108ns          reset.PADDI to /engine/SLICE_465.D0 reset_c
    0.812ns          reset.PADDI to        SLICE_480.LSR reset_c
    0.812ns          reset.PADDI to        SLICE_481.LSR reset_c
    0.812ns          reset.PADDI to        SLICE_482.LSR reset_c
    0.812ns          reset.PADDI to        SLICE_483.LSR reset_c
    0.812ns          reset.PADDI to        SLICE_484.LSR reset_c
    0.812ns          reset.PADDI to        SLICE_485.LSR reset_c
    0.812ns          reset.PADDI to        SLICE_486.LSR reset_c
    0.812ns          reset.PADDI to        SLICE_487.LSR reset_c
    0.812ns          reset.PADDI to        SLICE_488.LSR reset_c
    0.812ns          reset.PADDI to        SLICE_489.LSR reset_c
    0.812ns          reset.PADDI to        SLICE_490.LSR reset_c
    0.812ns          reset.PADDI to        SLICE_491.LSR reset_c
    0.812ns          reset.PADDI to        SLICE_492.LSR reset_c
    0.812ns          reset.PADDI to        SLICE_493.LSR reset_c
    0.812ns          reset.PADDI to        SLICE_494.LSR reset_c
    0.812ns          reset.PADDI to        SLICE_495.LSR reset_c
    0.812ns          reset.PADDI to        SLICE_496.LSR reset_c
    0.812ns          reset.PADDI to        SLICE_499.LSR reset_c
    0.856ns          reset.PADDI to  serial_in_MGIOL.LSR reset_c
    0.204ns         SLICE_411.Q0 to         SLICE_413.D0 observe[173]
    0.127ns      serial_in.PADDI to   serial_in_MGIOL.DI serial_in_c
    0.258ns          SLICE_22.Q1 to         SLICE_236.C0 observe[168]
    0.360ns          SLICE_23.Q0 to         SLICE_236.D0 observe[169]
    0.327ns          SLICE_23.Q1 to         SLICE_236.B0 observe[170]
    0.582ns         SLICE_134.Q0 to         SLICE_236.A0 observe[171]
    0.156ns         SLICE_236.F0 to         SLICE_236.C1 serial_out_129
    0.485ns         SLICE_403.Q0 to         SLICE_413.A1 observe[0]
    0.254ns          SLICE_65.Q0 to         SLICE_413.C1 observe[1]
    0.324ns          SLICE_65.Q1 to         SLICE_413.B1 observe[2]
    0.201ns          SLICE_66.Q0 to         SLICE_413.D1 observe[3]
    0.421ns          SLICE_66.Q1 to         SLICE_495.C1 observe[4]
    0.360ns          SLICE_67.Q0 to         SLICE_495.D1 observe[5]
    0.327ns          SLICE_67.Q1 to         SLICE_495.B1 observe[6]
    0.319ns          SLICE_68.Q0 to         SLICE_495.A1 observe[7]
    0.254ns          SLICE_68.Q1 to         SLICE_495.C0 observe[8]
    0.482ns          SLICE_69.Q0 to         SLICE_495.B0 observe[9]
    0.318ns          SLICE_69.Q1 to         SLICE_495.A0 observe[10]
    0.464ns          SLICE_70.Q0 to         SLICE_495.D0 observe[11]
    0.621ns          SLICE_70.Q1 to         SLICE_172.D1 observe[12]
    0.587ns          SLICE_71.Q0 to         SLICE_172.B1 observe[13]
    0.576ns          SLICE_71.Q1 to         SLICE_172.C1 observe[14]
    0.485ns          SLICE_72.Q0 to         SLICE_172.A1 observe[15]
    0.572ns          SLICE_72.Q1 to         SLICE_494.C1 observe[16]
    0.318ns          SLICE_73.Q0 to         SLICE_494.A1 observe[17]
    0.200ns          SLICE_73.Q1 to         SLICE_494.D1 observe[18]
    0.323ns          SLICE_74.Q0 to         SLICE_494.B1 observe[19]
    0.253ns          SLICE_74.Q1 to         SLICE_494.C0 observe[20]
    0.807ns          SLICE_75.Q0 to         SLICE_494.A0 observe[21]
    0.478ns          SLICE_75.Q1 to         SLICE_494.B0 observe[22]
    0.464ns          SLICE_76.Q0 to         SLICE_494.D0 observe[23]
    0.646ns          SLICE_76.Q1 to         SLICE_406.B1 observe[24]
    0.254ns         SLICE_411.Q1 to         SLICE_406.C1 observe[25]
    0.368ns         SLICE_412.Q0 to         SLICE_406.D1 observe[26]
    0.322ns         SLICE_412.Q1 to         SLICE_406.A1 observe[27]
    0.254ns         SLICE_404.Q0 to         SLICE_171.C0 observe[28]
    0.324ns         SLICE_404.Q1 to         SLICE_171.B0 observe[29]
    0.411ns         SLICE_405.Q0 to         SLICE_171.D0 observe[30]
    0.630ns         SLICE_405.Q1 to         SLICE_171.A0 observe[31]
    0.482ns         SLICE_495.Q0 to         SLICE_493.B1 observe[32]
    0.253ns         SLICE_495.Q1 to         SLICE_493.C1 observe[33]
    0.201ns         SLICE_494.Q0 to         SLICE_493.D1 observe[34]
    0.319ns         SLICE_494.Q1 to         SLICE_493.A1 observe[35]
    0.201ns         SLICE_493.Q0 to         SLICE_493.D0 observe[36]
    0.254ns         SLICE_493.Q1 to         SLICE_493.C0 observe[37]
    0.634ns         SLICE_174.Q1 to         SLICE_493.B0 observe[38]
    0.648ns         SLICE_235.Q0 to         SLICE_493.A0 observe[39]
    0.806ns         SLICE_235.Q1 to         SLICE_407.B1 observe[40]
    0.805ns         SLICE_499.Q0 to         SLICE_407.A1 observe[41]
    0.582ns         SLICE_499.Q1 to         SLICE_407.C1 observe[42]
    0.335ns         SLICE_458.Q0 to         SLICE_407.D1 observe[43]
    0.200ns         SLICE_458.Q1 to         SLICE_171.D1 observe[44]
    0.684ns         SLICE_390.Q0 to         SLICE_171.A1 observe[45]
    0.464ns         SLICE_390.Q1 to         SLICE_171.C1 observe[46]
    0.327ns         SLICE_388.Q0 to         SLICE_171.B1 observe[47]
    0.584ns         SLICE_388.Q1 to         SLICE_492.B1 observe[48]
    0.318ns         SLICE_382.Q0 to         SLICE_492.A1 observe[49]
    0.200ns         SLICE_382.Q1 to         SLICE_492.D1 observe[50]
    0.258ns         SLICE_394.Q0 to         SLICE_492.C1 observe[51]
    0.360ns         SLICE_394.Q1 to         SLICE_492.D0 observe[52]
    0.733ns         SLICE_383.Q0 to         SLICE_492.A0 observe[53]
    0.327ns         SLICE_383.Q1 to         SLICE_492.B0 observe[54]
    0.258ns         SLICE_380.Q0 to         SLICE_492.C0 observe[55]
    0.715ns         SLICE_380.Q1 to         SLICE_408.B1 observe[56]
    0.254ns         SLICE_389.Q0 to         SLICE_408.C1 observe[57]
    0.201ns         SLICE_389.Q1 to         SLICE_408.D1 observe[58]
    0.779ns         SLICE_457.Q0 to         SLICE_408.A1 observe[59]
    0.319ns         SLICE_457.Q1 to         SLICE_170.A0 observe[60]
    0.359ns         SLICE_384.Q0 to         SLICE_170.C0 observe[61]
    0.584ns         SLICE_384.Q1 to         SLICE_170.B0 observe[62]
    0.201ns         SLICE_391.Q0 to         SLICE_170.D0 observe[63]
    0.204ns         SLICE_391.Q1 to         SLICE_491.D1 observe[64]
    0.323ns         SLICE_385.Q0 to         SLICE_491.B1 observe[65]
    0.253ns         SLICE_385.Q1 to         SLICE_491.C1 observe[66]
    0.319ns         SLICE_381.Q0 to         SLICE_491.A1 observe[67]
    0.201ns         SLICE_381.Q1 to         SLICE_491.D0 observe[68]
    0.576ns         SLICE_233.Q0 to         SLICE_491.C0 observe[69]
    0.319ns         SLICE_233.Q1 to         SLICE_491.A0 observe[70]
    0.327ns         SLICE_414.Q0 to         SLICE_491.B0 observe[71]
    0.323ns         SLICE_414.Q1 to         SLICE_409.B1 observe[72]
    0.457ns         SLICE_399.Q0 to         SLICE_409.D1 observe[73]
    0.485ns         SLICE_399.Q1 to         SLICE_409.A1 observe[74]
    0.258ns         SLICE_460.Q0 to         SLICE_409.C1 observe[75]
    0.736ns         SLICE_460.Q1 to         SLICE_490.C1 observe[76]
    0.200ns         SLICE_480.Q0 to         SLICE_490.D1 observe[77]
    0.318ns         SLICE_480.Q1 to         SLICE_490.A1 observe[78]
    0.579ns         SLICE_402.Q0 to         SLICE_490.B1 observe[79]
    0.629ns         SLICE_402.Q1 to         SLICE_490.A0 observe[80]
    0.324ns         SLICE_496.Q0 to         SLICE_490.B0 observe[81]
    0.254ns         SLICE_496.Q1 to         SLICE_490.C0 observe[82]
    0.356ns         SLICE_393.Q0 to         SLICE_490.D0 observe[83]
    0.532ns         SLICE_393.Q1 to         SLICE_489.B1 observe[84]
    0.319ns         SLICE_401.Q0 to         SLICE_489.A1 observe[85]
    0.254ns         SLICE_401.Q1 to         SLICE_489.C1 observe[86]
    0.201ns         SLICE_397.Q0 to         SLICE_489.D1 observe[87]
    0.324ns         SLICE_397.Q1 to         SLICE_489.B0 observe[88]
    0.413ns         SLICE_436.Q0 to         SLICE_489.C0 observe[89]
    0.322ns         SLICE_436.Q1 to         SLICE_489.A0 observe[90]
    0.204ns         SLICE_481.Q0 to         SLICE_489.D0 observe[91]
    0.360ns         SLICE_481.Q1 to         SLICE_170.D1 observe[92]
    0.477ns         SLICE_459.Q0 to         SLICE_170.A1 observe[93]
    0.253ns         SLICE_459.Q1 to         SLICE_170.C1 observe[94]
    0.323ns         SLICE_386.Q0 to         SLICE_170.B1 observe[95]
    0.646ns         SLICE_386.Q1 to         SLICE_488.B1 observe[96]
    0.423ns         SLICE_379.Q0 to         SLICE_488.A1 observe[97]
    0.204ns         SLICE_379.Q1 to         SLICE_488.D1 observe[98]
    0.258ns         SLICE_400.Q0 to         SLICE_488.C1 observe[99]
    0.697ns         SLICE_403.Q1 to         SLICE_488.A0 observe[100]
    0.388ns         SLICE_492.Q0 to         SLICE_488.C0 observe[101]
    0.561ns         SLICE_492.Q1 to         SLICE_488.D0 observe[102]
    0.793ns         SLICE_491.Q0 to         SLICE_488.B0 observe[103]
    0.791ns         SLICE_491.Q1 to         SLICE_410.B1 observe[104]
    0.621ns         SLICE_490.Q0 to         SLICE_410.C1 observe[105]
    0.453ns         SLICE_490.Q1 to         SLICE_410.A1 observe[106]
    0.356ns         SLICE_489.Q0 to         SLICE_410.D1 observe[107]
    0.487ns         SLICE_489.Q1 to         SLICE_169.D0 observe[108]
    0.682ns         SLICE_488.Q0 to         SLICE_169.C0 observe[109]
    0.746ns         SLICE_488.Q1 to         SLICE_169.A0 observe[110]
    0.324ns         SLICE_487.Q0 to         SLICE_169.B0 observe[111]
    0.221ns         SLICE_487.Q1 to         SLICE_487.A1 observe[112]
    0.253ns         SLICE_486.Q0 to         SLICE_487.C1 observe[113]
    0.323ns         SLICE_486.Q1 to         SLICE_487.B1 observe[114]
    0.204ns         SLICE_485.Q0 to         SLICE_487.D1 observe[115]
    0.359ns         SLICE_485.Q1 to         SLICE_487.C0 observe[116]
    0.478ns         SLICE_484.Q0 to         SLICE_487.B0 observe[117]
    0.697ns         SLICE_484.Q1 to         SLICE_487.A0 observe[118]
    0.461ns         SLICE_483.Q0 to         SLICE_487.D0 observe[119]
    0.428ns         SLICE_483.Q1 to         SLICE_411.B1 observe[120]
    0.254ns         SLICE_236.Q0 to         SLICE_411.C1 observe[121]
    0.319ns         SLICE_236.Q1 to         SLICE_411.A1 observe[122]
    0.200ns         SLICE_413.Q0 to         SLICE_411.D1 observe[123]
    0.574ns         SLICE_413.Q1 to         SLICE_169.A1 observe[124]
    0.258ns         SLICE_406.Q0 to         SLICE_169.C1 observe[125]
    0.491ns         SLICE_406.Q1 to         SLICE_169.B1 observe[126]
    0.204ns         SLICE_407.Q0 to         SLICE_169.D1 observe[127]
    0.204ns         SLICE_407.Q1 to         SLICE_486.D1 observe[128]
    0.682ns         SLICE_408.Q0 to         SLICE_486.C1 observe[129]
    0.598ns         SLICE_408.Q1 to         SLICE_486.A1 observe[130]
    0.592ns         SLICE_409.Q0 to         SLICE_486.B1 observe[131]
    0.735ns         SLICE_409.Q1 to         SLICE_486.C0 observe[132]
    0.533ns         SLICE_410.Q0 to         SLICE_486.B0 observe[133]
    0.505ns         SLICE_410.Q1 to         SLICE_486.A0 observe[134]
    0.201ns         SLICE_132.Q0 to         SLICE_486.D0 observe[135]
    0.477ns         SLICE_132.Q1 to         SLICE_412.A1 observe[136]
    0.560ns         SLICE_133.Q0 to         SLICE_412.C1 observe[137]
    0.461ns         SLICE_133.Q1 to         SLICE_412.D1 observe[138]
    0.642ns          SLICE_16.Q0 to         SLICE_412.B1 observe[139]
    0.359ns          SLICE_16.Q1 to         SLICE_485.C1 observe[140]
    0.587ns          SLICE_17.Q0 to         SLICE_485.B1 observe[141]
    0.464ns          SLICE_17.Q1 to         SLICE_485.D1 observe[142]
    0.477ns          SLICE_37.Q0 to         SLICE_485.A1 observe[143]
    0.258ns          SLICE_37.Q1 to         SLICE_485.C0 observe[144]
    0.327ns          SLICE_38.Q0 to         SLICE_485.B0 observe[145]
    0.318ns          SLICE_38.Q1 to         SLICE_485.A0 observe[146]
    0.519ns          SLICE_34.Q0 to         SLICE_485.D0 observe[147]
    0.621ns          SLICE_34.Q1 to         SLICE_484.D1 observe[148]
    0.737ns          SLICE_35.Q0 to         SLICE_484.A1 observe[149]
    0.428ns          SLICE_35.Q1 to         SLICE_484.B1 observe[150]
    0.421ns          SLICE_31.Q0 to         SLICE_484.C1 observe[151]
    0.795ns          SLICE_31.Q1 to         SLICE_484.A0 observe[152]
    0.306ns          SLICE_32.Q0 to         SLICE_484.D0 observe[153]
    0.428ns          SLICE_32.Q1 to         SLICE_484.B0 observe[154]
    0.253ns          SLICE_19.Q0 to         SLICE_484.C0 observe[155]
    0.324ns          SLICE_19.Q1 to         SLICE_168.B0 observe[156]
    0.254ns          SLICE_20.Q0 to         SLICE_168.C0 observe[157]
    0.368ns          SLICE_20.Q1 to         SLICE_168.D0 observe[158]
    0.582ns          SLICE_28.Q0 to         SLICE_168.A0 observe[159]
    0.204ns          SLICE_28.Q1 to         SLICE_483.D1 observe[160]
    0.322ns          SLICE_29.Q0 to         SLICE_483.A1 observe[161]
    0.323ns          SLICE_29.Q1 to         SLICE_483.B1 observe[162]
    0.258ns          SLICE_25.Q0 to         SLICE_483.C1 observe[163]
    0.507ns          SLICE_25.Q1 to         SLICE_483.D0 observe[164]
    0.327ns          SLICE_26.Q0 to         SLICE_483.B0 observe[165]
    0.318ns          SLICE_26.Q1 to         SLICE_483.A0 observe[166]
    0.254ns          SLICE_22.Q0 to         SLICE_483.C0 observe[167]
    0.327ns         SLICE_134.Q1 to         SLICE_413.B0 observe[172]
    0.587ns         SLICE_236.F1 to         SLICE_403.B0 serial_out_162
    0.319ns         SLICE_403.F1 to         SLICE_403.A0 serial_out_163
    0.524ns         SLICE_404.F0 to         SLICE_403.D0 serial_out_169
    0.258ns         SLICE_405.F0 to         SLICE_403.C0 serial_out_170
    0.759ns         SLICE_407.F0 to         SLICE_404.A0 serial_out_154
    0.594ns         SLICE_408.F0 to         SLICE_404.D0 serial_out_155
    1.018ns         SLICE_409.F0 to         SLICE_404.B0 serial_out_156
    0.156ns         SLICE_404.F1 to         SLICE_404.C0 serial_out_157
    0.635ns         SLICE_410.F0 to         SLICE_405.B0 serial_out_158
    0.318ns         SLICE_411.F0 to         SLICE_405.A0 serial_out_159
    0.103ns         SLICE_412.F0 to         SLICE_405.D0 serial_out_160
    0.156ns         SLICE_405.F1 to         SLICE_405.C0 serial_out_161
    0.715ns         SLICE_495.F1 to         SLICE_403.C1 serial_out_88
    0.368ns         SLICE_495.F0 to         SLICE_403.D1 serial_out_89
    0.226ns         SLICE_413.F0 to         SLICE_403.B1 serial_out_130
    0.318ns         SLICE_406.F0 to         SLICE_403.A1 serial_out_153
    0.428ns         SLICE_172.F1 to         SLICE_406.B0 serial_out_90
    0.648ns         SLICE_494.F1 to         SLICE_406.A0 serial_out_91
    0.368ns         SLICE_494.F0 to         SLICE_406.D0 serial_out_92
    0.156ns         SLICE_406.F1 to         SLICE_406.C0 serial_out_93
    0.354ns         SLICE_171.F0 to         SLICE_407.A0 serial_out_94
    0.526ns         SLICE_493.F1 to         SLICE_407.D0 serial_out_95
    0.642ns         SLICE_493.F0 to         SLICE_407.B0 serial_out_96
    0.156ns         SLICE_407.F1 to         SLICE_407.C0 serial_out_97
    0.501ns         SLICE_171.F1 to         SLICE_408.D0 serial_out_98
    0.445ns         SLICE_492.F1 to         SLICE_408.C0 serial_out_99
    0.485ns         SLICE_492.F0 to         SLICE_408.A0 serial_out_100
    0.226ns         SLICE_408.F1 to         SLICE_408.B0 serial_out_101
    0.204ns         SLICE_170.F0 to         SLICE_409.D0 serial_out_102
    0.221ns         SLICE_491.F1 to         SLICE_409.A0 serial_out_103
    0.226ns         SLICE_491.F0 to         SLICE_409.B0 serial_out_104
    0.156ns         SLICE_409.F1 to         SLICE_409.C0 serial_out_105
    0.565ns         SLICE_490.F1 to         SLICE_404.D1 serial_out_106
    0.458ns         SLICE_490.F0 to         SLICE_404.B1 serial_out_107
    0.582ns         SLICE_489.F1 to         SLICE_404.A1 serial_out_108
    0.510ns         SLICE_489.F0 to         SLICE_404.C1 serial_out_109
    0.675ns         SLICE_170.F1 to         SLICE_410.D0 serial_out_110
    0.226ns         SLICE_488.F1 to         SLICE_410.B0 serial_out_111
    0.221ns         SLICE_488.F0 to         SLICE_410.A0 serial_out_112
    0.156ns         SLICE_410.F1 to         SLICE_410.C0 serial_out_113
    0.327ns         SLICE_169.F0 to         SLICE_411.B0 serial_out_114
    0.318ns         SLICE_487.F1 to         SLICE_411.A0 serial_out_115
    0.200ns         SLICE_487.F0 to         SLICE_411.D0 serial_out_116
    0.156ns         SLICE_411.F1 to         SLICE_411.C0 serial_out_117
    0.103ns         SLICE_169.F1 to         SLICE_412.D0 serial_out_118
    0.482ns         SLICE_486.F1 to         SLICE_412.B0 serial_out_119
    0.800ns         SLICE_486.F0 to         SLICE_412.A0 serial_out_120
    0.156ns         SLICE_412.F1 to         SLICE_412.C0 serial_out_121
    0.482ns         SLICE_485.F1 to         SLICE_405.B1 serial_out_122
    0.306ns         SLICE_485.F0 to         SLICE_405.D1 serial_out_123
    0.423ns         SLICE_484.F1 to         SLICE_405.A1 serial_out_124
    0.359ns         SLICE_484.F0 to         SLICE_405.C1 serial_out_125
    0.428ns         SLICE_168.F0 to         SLICE_236.B1 serial_out_126
    0.423ns         SLICE_483.F1 to         SLICE_236.A1 serial_out_127
    0.204ns         SLICE_483.F0 to         SLICE_236.D1 serial_out_128
    0.156ns         SLICE_413.F1 to         SLICE_413.C0 serial_out_87

--------------------------------------------------------------------------------


Timing summary (Hold):
---------------

Timing errors: 0  Score: 0
Cumulative negative slack: 0

Constraints cover 787842 paths, 1 nets, and 3520 connections (89.68% coverage)



Timing summary (Setup and Hold):
---------------

Timing errors: 0 (setup), 0 (hold)
Score: 0 (setup), 0 (hold)
Cumulative negative slack: 0 (0+0)
--------------------------------------------------------------------------------

--------------------------------------------------------------------------------

