
Loading design for application trce from file cp6b_impl1.ncd.
Design name: uj11_probe_fram_seq
NCD version: 3.3
Vendor:      LATTICE
Device:      LCMXO2-1200HC
Package:     QFN32
Performance: 4
Loading device for application trce from file 'xo2c1200.nph' in environment: /home/sash/.local/lscc/diamond/3.14/ispfpga.
Package Status:                     Final          Version 1.44.
Performance Hardware Data Status:   Final          Version 36.4.
Setup and Hold Report

--------------------------------------------------------------------------------
Lattice TRACE Report - Setup, Version Diamond (64-bit) 3.14.0.75.2
Tue Sep  8 19:27:31 2026

Copyright (c) 1991-1994 by NeoCAD Inc. All rights reserved.
Copyright (c) 1995 AT&T Corp.   All rights reserved.
Copyright (c) 1995-2001 Lucent Technologies Inc.  All rights reserved.
Copyright (c) 2001 Agere Systems   All rights reserved.
Copyright (c) 2002-2024 Lattice Semiconductor Corporation,  All rights reserved.

Report Information
------------------
Command line:    trce -v 10 -c -u 0 -gt -sethld -sp 4 -sphld m -o cp6b_impl1.twr cp6b_impl1.ncd cp6b_impl1.prf 
Design file:     cp6b_impl1.ncd
Preference file: cp6b_impl1.prf
Device,speed:    LCMXO2-1200HC,4
Report level:    verbose report, limited to 10 items per preference
--------------------------------------------------------------------------------

BLOCK ASYNCPATHS
BLOCK RESETPATHS
--------------------------------------------------------------------------------



================================================================================
Preference: FREQUENCY PORT "clk" 29.560000 MHz ;
            4096 items scored, 0 timing errors detected.
--------------------------------------------------------------------------------


Passed: The following path meets requirements by 2.026ns

 Logical Details:  Cell type  Pin type       Cell/ASIC name  (clock net +/-)

   Source:         DP8KC      Port           probe/system/core/engine/rom/lane_2(ASIC)  (from clk_c +)
   Destination:    FF         Data in        probe/system/sequential.memory/transport/spi_cs_n  (to clk_c +)

   Delay:              31.348ns  (47.5% logic, 52.5% route), 20 logic levels.

 Constraint Details:

     31.348ns physical path delay probe/system/core/engine/rom/lane_2 to probe/system/sequential.memory/transport/SLICE_57 meets
     33.829ns delay constraint less
      0.173ns skew and
      0.282ns CE_SET requirement (totaling 33.374ns) by 2.026ns

 Physical Path Details:

      Data path probe/system/core/engine/rom/lane_2 to probe/system/sequential.memory/transport/SLICE_57:

   Name    Fanout   Delay (ns)          Site               Resource
C2Q_DEL     ---     4.979 EBR_R6C10.CLKA to EBR_R6C10.DOA3 probe/system/core/engine/rom/lane_2 (from clk_c)
ROUTE         5     1.361 EBR_R6C10.DOA3 to      R7C10B.C0 probe/uword[21]
CTOF_DEL    ---     0.495      R7C10B.C0 to      R7C10B.F0 probe/system/SLICE_212
ROUTE         1     0.958      R7C10B.F0 to      R8C12C.D0 probe/system/core/engine/un23_select_register[2]
CTOF_DEL    ---     0.495      R8C12C.D0 to      R8C12C.F0 probe/SLICE_85
ROUTE        26     1.583      R8C12C.F0 to     R10C11B.C0 probe/rf_address[2]
CTOF_DEL    ---     0.495     R10C11B.C0 to     R10C11B.F0 probe/system/SLICE_35
ROUTE         3     1.920     R10C11B.F0 to       R5C8C.D1 probe/io_wdata[2]
CTOF_DEL    ---     0.495       R5C8C.D1 to       R5C8C.F1 probe/system/core/engine/dp/SLICE_380
ROUTE         1     0.436       R5C8C.F1 to       R5C8C.C0 probe/system/core/engine/dp/un1_read_b[2]
CTOF_DEL    ---     0.495       R5C8C.C0 to       R5C8C.F0 probe/system/core/engine/dp/SLICE_380
ROUTE         3     1.815       R5C8C.F0 to      R2C14B.A1 probe/system/core/engine/dp/rhs[2]
C1TOFCO_DE  ---     0.889      R2C14B.A1 to     R2C14B.FCO probe/system/core/engine/dp/alu/SLICE_31
ROUTE         1     0.000     R2C14B.FCO to     R2C14C.FCI probe/system/core/engine/dp/alu/un1_arithmetic_b_cry_2
FCITOF0_DE  ---     0.585     R2C14C.FCI to      R2C14C.F0 probe/system/core/engine/dp/alu/SLICE_30
ROUTE         2     1.166      R2C14C.F0 to      R3C11B.D1 probe/system/core/engine/dp/alu/un1_arithmetic_b_cry_3_0_S0
CTOF_DEL    ---     0.495      R3C11B.D1 to      R3C11B.F1 probe/SLICE_350
ROUTE         1     0.436      R3C11B.F1 to      R3C11B.C0 probe/system/core/engine/dp/alu/N_143
CTOF_DEL    ---     0.495      R3C11B.C0 to      R3C11B.F0 probe/SLICE_350
ROUTE         1     0.747      R3C11B.F0 to      R3C11C.C0 probe/system/core/engine/dp/alu/N_207
CTOF_DEL    ---     0.495      R3C11C.C0 to      R3C11C.F0 probe/SLICE_347
ROUTE         6     0.643      R3C11C.F0 to      R3C11D.D0 probe/system/core/engine/result[3]
CTOF_DEL    ---     0.495      R3C11D.D0 to      R3C11D.F0 probe/system/core/engine/dp/SLICE_432
ROUTE         1     0.964      R3C11D.F0 to      R3C12B.A1 probe/system/core/engine/dp/writeback_0[3]
CTOF_DEL    ---     0.495      R3C12B.A1 to      R3C12B.F1 probe/SLICE_77
ROUTE         4     1.466      R3C12B.F1 to      R5C14B.B0 probe/rf_data[3]
C0TOFCO_DE  ---     1.023      R5C14B.B0 to     R5C14B.FCO probe/system/sequential.memory/SLICE_9
ROUTE         1     0.000     R5C14B.FCO to     R5C14C.FCI probe/system/sequential.memory/un1_pc_data_0_data_tmp[2]
FCITOFCO_D  ---     0.162     R5C14C.FCI to     R5C14C.FCO probe/system/sequential.memory/SLICE_8
ROUTE         1     0.000     R5C14C.FCO to     R5C14D.FCI probe/system/sequential.memory/un1_pc_data_0_data_tmp[4]
FCITOFCO_D  ---     0.162     R5C14D.FCI to     R5C14D.FCO probe/system/sequential.memory/SLICE_7
ROUTE         1     0.000     R5C14D.FCO to     R5C15A.FCI probe/system/sequential.memory/un1_pc_data_0_data_tmp[6]
FCITOF1_DE  ---     0.643     R5C15A.FCI to      R5C15A.F1 probe/system/sequential.memory/SLICE_6
ROUTE         2     1.146      R5C15A.F1 to      R9C15D.D1 probe/system/sequential.memory/un1_pc_data_0_data_tmp[7]
CTOF_DEL    ---     0.495      R9C15D.D1 to      R9C15D.F1 probe/system/sequential.memory/SLICE_332
ROUTE         1     0.315      R9C15D.F1 to      R9C15C.D1 probe/system/sequential.memory/redirectdup
CTOF_DEL    ---     0.495      R9C15C.D1 to      R9C15C.F1 probe/system/sequential.memory/SLICE_314
ROUTE         2     0.445      R9C15C.F1 to      R9C15C.C0 probe/system/sequential.memory/un1_next_word5
CTOF_DEL    ---     0.495      R9C15C.C0 to      R9C15C.F0 probe/system/sequential.memory/SLICE_314
ROUTE         1     1.069      R9C15C.F0 to     R10C15A.CE probe/system/sequential.memory/transport/un1_spi_active_3_0 (to clk_c)
                  --------
                   31.348   (47.5% logic, 52.5% route), 20 logic levels.

 Clock Skew Details: 

      Source Clock Path clk to probe/system/core/engine/rom/lane_2:

   Name    Fanout   Delay (ns)          Site               Resource
ROUTE       235     2.351       13.PADDI to EBR_R6C10.CLKA clk_c
                  --------
                    2.351   (0.0% logic, 100.0% route), 0 logic levels.

      Destination Clock Path clk to probe/system/sequential.memory/transport/SLICE_57:

   Name    Fanout   Delay (ns)          Site               Resource
ROUTE       235     2.178       13.PADDI to    R10C15A.CLK clk_c
                  --------
                    2.178   (0.0% logic, 100.0% route), 0 logic levels.


Passed: The following path meets requirements by 2.026ns

 Logical Details:  Cell type  Pin type       Cell/ASIC name  (clock net +/-)

   Source:         DP8KC      Port           probe/system/core/engine/rom/lane_2(ASIC)  (from clk_c +)
   Destination:    FF         Data in        probe/system/sequential.memory/transport/spi_cs_n  (to clk_c +)

   Delay:              31.348ns  (47.1% logic, 52.9% route), 20 logic levels.

 Constraint Details:

     31.348ns physical path delay probe/system/core/engine/rom/lane_2 to probe/system/sequential.memory/transport/SLICE_57 meets
     33.829ns delay constraint less
      0.173ns skew and
      0.282ns CE_SET requirement (totaling 33.374ns) by 2.026ns

 Physical Path Details:

      Data path probe/system/core/engine/rom/lane_2 to probe/system/sequential.memory/transport/SLICE_57:

   Name    Fanout   Delay (ns)          Site               Resource
C2Q_DEL     ---     4.979 EBR_R6C10.CLKA to EBR_R6C10.DOA3 probe/system/core/engine/rom/lane_2 (from clk_c)
ROUTE         5     1.361 EBR_R6C10.DOA3 to      R7C10B.C0 probe/uword[21]
CTOF_DEL    ---     0.495      R7C10B.C0 to      R7C10B.F0 probe/system/SLICE_212
ROUTE         1     0.958      R7C10B.F0 to      R8C12C.D0 probe/system/core/engine/un23_select_register[2]
CTOF_DEL    ---     0.495      R8C12C.D0 to      R8C12C.F0 probe/SLICE_85
ROUTE        26     1.583      R8C12C.F0 to     R10C11B.C0 probe/rf_address[2]
CTOF_DEL    ---     0.495     R10C11B.C0 to     R10C11B.F0 probe/system/SLICE_35
ROUTE         3     1.920     R10C11B.F0 to       R5C8C.D1 probe/io_wdata[2]
CTOF_DEL    ---     0.495       R5C8C.D1 to       R5C8C.F1 probe/system/core/engine/dp/SLICE_380
ROUTE         1     0.436       R5C8C.F1 to       R5C8C.C0 probe/system/core/engine/dp/un1_read_b[2]
CTOF_DEL    ---     0.495       R5C8C.C0 to       R5C8C.F0 probe/system/core/engine/dp/SLICE_380
ROUTE         3     1.815       R5C8C.F0 to      R2C14B.A1 probe/system/core/engine/dp/rhs[2]
C1TOFCO_DE  ---     0.889      R2C14B.A1 to     R2C14B.FCO probe/system/core/engine/dp/alu/SLICE_31
ROUTE         1     0.000     R2C14B.FCO to     R2C14C.FCI probe/system/core/engine/dp/alu/un1_arithmetic_b_cry_2
FCITOFCO_D  ---     0.162     R2C14C.FCI to     R2C14C.FCO probe/system/core/engine/dp/alu/SLICE_30
ROUTE         1     0.000     R2C14C.FCO to     R2C14D.FCI probe/system/core/engine/dp/alu/un1_arithmetic_b_cry_4
FCITOFCO_D  ---     0.162     R2C14D.FCI to     R2C14D.FCO probe/system/core/engine/dp/alu/SLICE_29
ROUTE         1     0.000     R2C14D.FCO to     R2C15A.FCI probe/system/core/engine/dp/alu/un1_arithmetic_b_cry_6
FCITOFCO_D  ---     0.162     R2C15A.FCI to     R2C15A.FCO probe/system/core/engine/dp/alu/SLICE_28
ROUTE         1     0.000     R2C15A.FCO to     R2C15B.FCI probe/system/core/engine/dp/alu/un1_arithmetic_b_cry_8
FCITOF0_DE  ---     0.585     R2C15B.FCI to      R2C15B.F0 probe/system/core/engine/dp/alu/SLICE_27
ROUTE         2     1.030      R2C15B.F0 to      R3C15C.B0 probe/system/core/engine/dp/alu/un1_arithmetic_b_cry_9_0_S0
CTOF_DEL    ---     0.495      R3C15C.B0 to      R3C15C.F0 probe/system/core/engine/dp/alu/SLICE_363
ROUTE         1     1.450      R3C15C.F0 to      R4C13D.B1 probe/system/core/engine/dp/alu/N_149
CTOOFX_DEL  ---     0.721      R4C13D.B1 to    R4C13D.OFX0 probe/system/core/engine/SLICE_170
ROUTE         6     1.046    R4C13D.OFX0 to      R4C14D.A1 probe/system/core/engine/result[9]
CTOF_DEL    ---     0.495      R4C14D.A1 to      R4C14D.F1 probe/system/core/engine/dp/SLICE_435
ROUTE         1     0.964      R4C14D.F1 to      R3C14C.A0 probe/system/core/engine/dp/writeback_0[10]
CTOF_DEL    ---     0.495      R3C14C.A0 to      R3C14C.F0 probe/SLICE_81
ROUTE         4     1.039      R3C14C.F0 to      R5C14D.B0 probe/rf_data[10]
C0TOFCO_DE  ---     1.023      R5C14D.B0 to     R5C14D.FCO probe/system/sequential.memory/SLICE_7
ROUTE         1     0.000     R5C14D.FCO to     R5C15A.FCI probe/system/sequential.memory/un1_pc_data_0_data_tmp[6]
FCITOF1_DE  ---     0.643     R5C15A.FCI to      R5C15A.F1 probe/system/sequential.memory/SLICE_6
ROUTE         2     1.146      R5C15A.F1 to      R9C15D.D1 probe/system/sequential.memory/un1_pc_data_0_data_tmp[7]
CTOF_DEL    ---     0.495      R9C15D.D1 to      R9C15D.F1 probe/system/sequential.memory/SLICE_332
ROUTE         1     0.315      R9C15D.F1 to      R9C15C.D1 probe/system/sequential.memory/redirectdup
CTOF_DEL    ---     0.495      R9C15C.D1 to      R9C15C.F1 probe/system/sequential.memory/SLICE_314
ROUTE         2     0.445      R9C15C.F1 to      R9C15C.C0 probe/system/sequential.memory/un1_next_word5
CTOF_DEL    ---     0.495      R9C15C.C0 to      R9C15C.F0 probe/system/sequential.memory/SLICE_314
ROUTE         1     1.069      R9C15C.F0 to     R10C15A.CE probe/system/sequential.memory/transport/un1_spi_active_3_0 (to clk_c)
                  --------
                   31.348   (47.1% logic, 52.9% route), 20 logic levels.

 Clock Skew Details: 

      Source Clock Path clk to probe/system/core/engine/rom/lane_2:

   Name    Fanout   Delay (ns)          Site               Resource
ROUTE       235     2.351       13.PADDI to EBR_R6C10.CLKA clk_c
                  --------
                    2.351   (0.0% logic, 100.0% route), 0 logic levels.

      Destination Clock Path clk to probe/system/sequential.memory/transport/SLICE_57:

   Name    Fanout   Delay (ns)          Site               Resource
ROUTE       235     2.178       13.PADDI to    R10C15A.CLK clk_c
                  --------
                    2.178   (0.0% logic, 100.0% route), 0 logic levels.


Passed: The following path meets requirements by 2.043ns

 Logical Details:  Cell type  Pin type       Cell/ASIC name  (clock net +/-)

   Source:         DP8KC      Port           probe/system/core/engine/rom/lane_2(ASIC)  (from clk_c +)
   Destination:    FF         Data in        probe/system/sequential.memory/transport/spi_cs_n  (to clk_c +)

   Delay:              31.331ns  (44.5% logic, 55.5% route), 20 logic levels.

 Constraint Details:

     31.331ns physical path delay probe/system/core/engine/rom/lane_2 to probe/system/sequential.memory/transport/SLICE_57 meets
     33.829ns delay constraint less
      0.173ns skew and
      0.282ns CE_SET requirement (totaling 33.374ns) by 2.043ns

 Physical Path Details:

      Data path probe/system/core/engine/rom/lane_2 to probe/system/sequential.memory/transport/SLICE_57:

   Name    Fanout   Delay (ns)          Site               Resource
C2Q_DEL     ---     4.979 EBR_R6C10.CLKA to EBR_R6C10.DOA3 probe/system/core/engine/rom/lane_2 (from clk_c)
ROUTE         5     1.361 EBR_R6C10.DOA3 to      R7C10B.C0 probe/uword[21]
CTOF_DEL    ---     0.495      R7C10B.C0 to      R7C10B.F0 probe/system/SLICE_212
ROUTE         1     0.958      R7C10B.F0 to      R8C12C.D0 probe/system/core/engine/un23_select_register[2]
CTOF_DEL    ---     0.495      R8C12C.D0 to      R8C12C.F0 probe/SLICE_85
ROUTE        26     1.583      R8C12C.F0 to     R10C11A.C0 probe/rf_address[2]
CTOF_DEL    ---     0.495     R10C11A.C0 to     R10C11A.F0 probe/system/SLICE_34
ROUTE         3     0.761     R10C11A.F0 to      R9C11D.C1 probe/io_wdata[0]
CTOF_DEL    ---     0.495      R9C11D.C1 to      R9C11D.F1 probe/system/core/engine/dp/SLICE_430
ROUTE         1     0.766      R9C11D.F1 to      R7C11D.C0 probe/system/core/engine/dp/un1_read_b[0]
CTOF_DEL    ---     0.495      R7C11D.C0 to      R7C11D.F0 probe/system/core/engine/dp/SLICE_378
ROUTE         3     2.021      R7C11D.F0 to      R2C14A.A1 probe/system/core/engine/dp/rhs[0]
CTOF_DEL    ---     0.495      R2C14A.A1 to      R2C14A.F1 probe/system/core/engine/dp/alu/SLICE_32
ROUTE         2     1.912      R2C14A.F1 to      R7C11C.D0 probe/system/core/engine/dp/alu/un1_arithmetic_b_cry_0_0_S1
CTOF_DEL    ---     0.495      R7C11C.D0 to      R7C11C.F0 probe/SLICE_358
ROUTE         1     0.958      R7C11C.F0 to       R7C9C.D1 probe/system/core/engine/dp/alu/N_140
CTOF_DEL    ---     0.495       R7C9C.D1 to       R7C9C.F1 probe/SLICE_343
ROUTE         2     0.840       R7C9C.F1 to       R5C9C.C0 probe/system/core/engine/dp/alu/N_204
CTOF_DEL    ---     0.495       R5C9C.C0 to       R5C9C.F0 probe/SLICE_346
ROUTE         5     0.988       R5C9C.F0 to       R3C9D.D1 probe/system/core/engine/result[0]
CTOF_DEL    ---     0.495       R3C9D.D1 to       R3C9D.F1 probe/system/core/engine/dp/SLICE_464
ROUTE         1     0.766       R3C9D.F1 to       R5C9D.C0 probe/system/core/engine/dp/writeback_0[0]
CTOF_DEL    ---     0.495       R5C9D.C0 to       R5C9D.F0 probe/SLICE_76
ROUTE         4     1.515       R5C9D.F0 to      R5C14A.A1 probe/rf_data[0]
C1TOFCO_DE  ---     0.889      R5C14A.A1 to     R5C14A.FCO probe/system/sequential.memory/SLICE_10
ROUTE         1     0.000     R5C14A.FCO to     R5C14B.FCI probe/system/sequential.memory/un1_pc_data_0_data_tmp[0]
FCITOFCO_D  ---     0.162     R5C14B.FCI to     R5C14B.FCO probe/system/sequential.memory/SLICE_9
ROUTE         1     0.000     R5C14B.FCO to     R5C14C.FCI probe/system/sequential.memory/un1_pc_data_0_data_tmp[2]
FCITOFCO_D  ---     0.162     R5C14C.FCI to     R5C14C.FCO probe/system/sequential.memory/SLICE_8
ROUTE         1     0.000     R5C14C.FCO to     R5C14D.FCI probe/system/sequential.memory/un1_pc_data_0_data_tmp[4]
FCITOFCO_D  ---     0.162     R5C14D.FCI to     R5C14D.FCO probe/system/sequential.memory/SLICE_7
ROUTE         1     0.000     R5C14D.FCO to     R5C15A.FCI probe/system/sequential.memory/un1_pc_data_0_data_tmp[6]
FCITOF1_DE  ---     0.643     R5C15A.FCI to      R5C15A.F1 probe/system/sequential.memory/SLICE_6
ROUTE         2     1.146      R5C15A.F1 to      R9C15D.D1 probe/system/sequential.memory/un1_pc_data_0_data_tmp[7]
CTOF_DEL    ---     0.495      R9C15D.D1 to      R9C15D.F1 probe/system/sequential.memory/SLICE_332
ROUTE         1     0.315      R9C15D.F1 to      R9C15C.D1 probe/system/sequential.memory/redirectdup
CTOF_DEL    ---     0.495      R9C15C.D1 to      R9C15C.F1 probe/system/sequential.memory/SLICE_314
ROUTE         2     0.445      R9C15C.F1 to      R9C15C.C0 probe/system/sequential.memory/un1_next_word5
CTOF_DEL    ---     0.495      R9C15C.C0 to      R9C15C.F0 probe/system/sequential.memory/SLICE_314
ROUTE         1     1.069      R9C15C.F0 to     R10C15A.CE probe/system/sequential.memory/transport/un1_spi_active_3_0 (to clk_c)
                  --------
                   31.331   (44.5% logic, 55.5% route), 20 logic levels.

 Clock Skew Details: 

      Source Clock Path clk to probe/system/core/engine/rom/lane_2:

   Name    Fanout   Delay (ns)          Site               Resource
ROUTE       235     2.351       13.PADDI to EBR_R6C10.CLKA clk_c
                  --------
                    2.351   (0.0% logic, 100.0% route), 0 logic levels.

      Destination Clock Path clk to probe/system/sequential.memory/transport/SLICE_57:

   Name    Fanout   Delay (ns)          Site               Resource
ROUTE       235     2.178       13.PADDI to    R10C15A.CLK clk_c
                  --------
                    2.178   (0.0% logic, 100.0% route), 0 logic levels.


Passed: The following path meets requirements by 2.111ns

 Logical Details:  Cell type  Pin type       Cell/ASIC name  (clock net +/-)

   Source:         DP8KC      Port           probe/system/core/engine/rom/lane_2(ASIC)  (from clk_c +)
   Destination:    FF         Data in        probe/system/sequential.memory/transport/spi_cs_n  (to clk_c +)

   Delay:              31.263ns  (47.2% logic, 52.8% route), 20 logic levels.

 Constraint Details:

     31.263ns physical path delay probe/system/core/engine/rom/lane_2 to probe/system/sequential.memory/transport/SLICE_57 meets
     33.829ns delay constraint less
      0.173ns skew and
      0.282ns CE_SET requirement (totaling 33.374ns) by 2.111ns

 Physical Path Details:

      Data path probe/system/core/engine/rom/lane_2 to probe/system/sequential.memory/transport/SLICE_57:

   Name    Fanout   Delay (ns)          Site               Resource
C2Q_DEL     ---     4.979 EBR_R6C10.CLKA to EBR_R6C10.DOA3 probe/system/core/engine/rom/lane_2 (from clk_c)
ROUTE         5     1.056 EBR_R6C10.DOA3 to      R8C11A.C1 probe/uword[21]
CTOF_DEL    ---     0.495      R8C11A.C1 to      R8C11A.F1 probe/system/core/engine/SLICE_469
ROUTE         1     0.964      R8C11A.F1 to      R8C12B.A0 probe/system/core/engine/un23_select_register[0]
CTOF_DEL    ---     0.495      R8C12B.A0 to      R8C12B.F0 probe/SLICE_84
ROUTE        26     1.797      R8C12B.F0 to     R10C11B.A0 probe/rf_address[0]
CTOF_DEL    ---     0.495     R10C11B.A0 to     R10C11B.F0 probe/system/SLICE_35
ROUTE         3     1.920     R10C11B.F0 to       R5C8C.D1 probe/io_wdata[2]
CTOF_DEL    ---     0.495       R5C8C.D1 to       R5C8C.F1 probe/system/core/engine/dp/SLICE_380
ROUTE         1     0.436       R5C8C.F1 to       R5C8C.C0 probe/system/core/engine/dp/un1_read_b[2]
CTOF_DEL    ---     0.495       R5C8C.C0 to       R5C8C.F0 probe/system/core/engine/dp/SLICE_380
ROUTE         3     1.815       R5C8C.F0 to      R2C14B.A1 probe/system/core/engine/dp/rhs[2]
C1TOFCO_DE  ---     0.889      R2C14B.A1 to     R2C14B.FCO probe/system/core/engine/dp/alu/SLICE_31
ROUTE         1     0.000     R2C14B.FCO to     R2C14C.FCI probe/system/core/engine/dp/alu/un1_arithmetic_b_cry_2
FCITOFCO_D  ---     0.162     R2C14C.FCI to     R2C14C.FCO probe/system/core/engine/dp/alu/SLICE_30
ROUTE         1     0.000     R2C14C.FCO to     R2C14D.FCI probe/system/core/engine/dp/alu/un1_arithmetic_b_cry_4
FCITOFCO_D  ---     0.162     R2C14D.FCI to     R2C14D.FCO probe/system/core/engine/dp/alu/SLICE_29
ROUTE         1     0.000     R2C14D.FCO to     R2C15A.FCI probe/system/core/engine/dp/alu/un1_arithmetic_b_cry_6
FCITOFCO_D  ---     0.162     R2C15A.FCI to     R2C15A.FCO probe/system/core/engine/dp/alu/SLICE_28
ROUTE         1     0.000     R2C15A.FCO to     R2C15B.FCI probe/system/core/engine/dp/alu/un1_arithmetic_b_cry_8
FCITOF0_DE  ---     0.585     R2C15B.FCI to      R2C15B.F0 probe/system/core/engine/dp/alu/SLICE_27
ROUTE         2     1.030      R2C15B.F0 to      R3C15C.B0 probe/system/core/engine/dp/alu/un1_arithmetic_b_cry_9_0_S0
CTOF_DEL    ---     0.495      R3C15C.B0 to      R3C15C.F0 probe/system/core/engine/dp/alu/SLICE_363
ROUTE         1     1.450      R3C15C.F0 to      R4C13D.B1 probe/system/core/engine/dp/alu/N_149
CTOOFX_DEL  ---     0.721      R4C13D.B1 to    R4C13D.OFX0 probe/system/core/engine/SLICE_170
ROUTE         6     1.046    R4C13D.OFX0 to      R4C14D.A1 probe/system/core/engine/result[9]
CTOF_DEL    ---     0.495      R4C14D.A1 to      R4C14D.F1 probe/system/core/engine/dp/SLICE_435
ROUTE         1     0.964      R4C14D.F1 to      R3C14C.A0 probe/system/core/engine/dp/writeback_0[10]
CTOF_DEL    ---     0.495      R3C14C.A0 to      R3C14C.F0 probe/SLICE_81
ROUTE         4     1.039      R3C14C.F0 to      R5C14D.B0 probe/rf_data[10]
C0TOFCO_DE  ---     1.023      R5C14D.B0 to     R5C14D.FCO probe/system/sequential.memory/SLICE_7
ROUTE         1     0.000     R5C14D.FCO to     R5C15A.FCI probe/system/sequential.memory/un1_pc_data_0_data_tmp[6]
FCITOF1_DE  ---     0.643     R5C15A.FCI to      R5C15A.F1 probe/system/sequential.memory/SLICE_6
ROUTE         2     1.146      R5C15A.F1 to      R9C15D.D1 probe/system/sequential.memory/un1_pc_data_0_data_tmp[7]
CTOF_DEL    ---     0.495      R9C15D.D1 to      R9C15D.F1 probe/system/sequential.memory/SLICE_332
ROUTE         1     0.315      R9C15D.F1 to      R9C15C.D1 probe/system/sequential.memory/redirectdup
CTOF_DEL    ---     0.495      R9C15C.D1 to      R9C15C.F1 probe/system/sequential.memory/SLICE_314
ROUTE         2     0.445      R9C15C.F1 to      R9C15C.C0 probe/system/sequential.memory/un1_next_word5
CTOF_DEL    ---     0.495      R9C15C.C0 to      R9C15C.F0 probe/system/sequential.memory/SLICE_314
ROUTE         1     1.069      R9C15C.F0 to     R10C15A.CE probe/system/sequential.memory/transport/un1_spi_active_3_0 (to clk_c)
                  --------
                   31.263   (47.2% logic, 52.8% route), 20 logic levels.

 Clock Skew Details: 

      Source Clock Path clk to probe/system/core/engine/rom/lane_2:

   Name    Fanout   Delay (ns)          Site               Resource
ROUTE       235     2.351       13.PADDI to EBR_R6C10.CLKA clk_c
                  --------
                    2.351   (0.0% logic, 100.0% route), 0 logic levels.

      Destination Clock Path clk to probe/system/sequential.memory/transport/SLICE_57:

   Name    Fanout   Delay (ns)          Site               Resource
ROUTE       235     2.178       13.PADDI to    R10C15A.CLK clk_c
                  --------
                    2.178   (0.0% logic, 100.0% route), 0 logic levels.


Passed: The following path meets requirements by 2.111ns

 Logical Details:  Cell type  Pin type       Cell/ASIC name  (clock net +/-)

   Source:         DP8KC      Port           probe/system/core/engine/rom/lane_2(ASIC)  (from clk_c +)
   Destination:    FF         Data in        probe/system/sequential.memory/transport/spi_cs_n  (to clk_c +)

   Delay:              31.263ns  (47.6% logic, 52.4% route), 20 logic levels.

 Constraint Details:

     31.263ns physical path delay probe/system/core/engine/rom/lane_2 to probe/system/sequential.memory/transport/SLICE_57 meets
     33.829ns delay constraint less
      0.173ns skew and
      0.282ns CE_SET requirement (totaling 33.374ns) by 2.111ns

 Physical Path Details:

      Data path probe/system/core/engine/rom/lane_2 to probe/system/sequential.memory/transport/SLICE_57:

   Name    Fanout   Delay (ns)          Site               Resource
C2Q_DEL     ---     4.979 EBR_R6C10.CLKA to EBR_R6C10.DOA3 probe/system/core/engine/rom/lane_2 (from clk_c)
ROUTE         5     1.056 EBR_R6C10.DOA3 to      R8C11A.C1 probe/uword[21]
CTOF_DEL    ---     0.495      R8C11A.C1 to      R8C11A.F1 probe/system/core/engine/SLICE_469
ROUTE         1     0.964      R8C11A.F1 to      R8C12B.A0 probe/system/core/engine/un23_select_register[0]
CTOF_DEL    ---     0.495      R8C12B.A0 to      R8C12B.F0 probe/SLICE_84
ROUTE        26     1.797      R8C12B.F0 to     R10C11B.A0 probe/rf_address[0]
CTOF_DEL    ---     0.495     R10C11B.A0 to     R10C11B.F0 probe/system/SLICE_35
ROUTE         3     1.920     R10C11B.F0 to       R5C8C.D1 probe/io_wdata[2]
CTOF_DEL    ---     0.495       R5C8C.D1 to       R5C8C.F1 probe/system/core/engine/dp/SLICE_380
ROUTE         1     0.436       R5C8C.F1 to       R5C8C.C0 probe/system/core/engine/dp/un1_read_b[2]
CTOF_DEL    ---     0.495       R5C8C.C0 to       R5C8C.F0 probe/system/core/engine/dp/SLICE_380
ROUTE         3     1.815       R5C8C.F0 to      R2C14B.A1 probe/system/core/engine/dp/rhs[2]
C1TOFCO_DE  ---     0.889      R2C14B.A1 to     R2C14B.FCO probe/system/core/engine/dp/alu/SLICE_31
ROUTE         1     0.000     R2C14B.FCO to     R2C14C.FCI probe/system/core/engine/dp/alu/un1_arithmetic_b_cry_2
FCITOF0_DE  ---     0.585     R2C14C.FCI to      R2C14C.F0 probe/system/core/engine/dp/alu/SLICE_30
ROUTE         2     1.166      R2C14C.F0 to      R3C11B.D1 probe/system/core/engine/dp/alu/un1_arithmetic_b_cry_3_0_S0
CTOF_DEL    ---     0.495      R3C11B.D1 to      R3C11B.F1 probe/SLICE_350
ROUTE         1     0.436      R3C11B.F1 to      R3C11B.C0 probe/system/core/engine/dp/alu/N_143
CTOF_DEL    ---     0.495      R3C11B.C0 to      R3C11B.F0 probe/SLICE_350
ROUTE         1     0.747      R3C11B.F0 to      R3C11C.C0 probe/system/core/engine/dp/alu/N_207
CTOF_DEL    ---     0.495      R3C11C.C0 to      R3C11C.F0 probe/SLICE_347
ROUTE         6     0.643      R3C11C.F0 to      R3C11D.D0 probe/system/core/engine/result[3]
CTOF_DEL    ---     0.495      R3C11D.D0 to      R3C11D.F0 probe/system/core/engine/dp/SLICE_432
ROUTE         1     0.964      R3C11D.F0 to      R3C12B.A1 probe/system/core/engine/dp/writeback_0[3]
CTOF_DEL    ---     0.495      R3C12B.A1 to      R3C12B.F1 probe/SLICE_77
ROUTE         4     1.466      R3C12B.F1 to      R5C14B.B0 probe/rf_data[3]
C0TOFCO_DE  ---     1.023      R5C14B.B0 to     R5C14B.FCO probe/system/sequential.memory/SLICE_9
ROUTE         1     0.000     R5C14B.FCO to     R5C14C.FCI probe/system/sequential.memory/un1_pc_data_0_data_tmp[2]
FCITOFCO_D  ---     0.162     R5C14C.FCI to     R5C14C.FCO probe/system/sequential.memory/SLICE_8
ROUTE         1     0.000     R5C14C.FCO to     R5C14D.FCI probe/system/sequential.memory/un1_pc_data_0_data_tmp[4]
FCITOFCO_D  ---     0.162     R5C14D.FCI to     R5C14D.FCO probe/system/sequential.memory/SLICE_7
ROUTE         1     0.000     R5C14D.FCO to     R5C15A.FCI probe/system/sequential.memory/un1_pc_data_0_data_tmp[6]
FCITOF1_DE  ---     0.643     R5C15A.FCI to      R5C15A.F1 probe/system/sequential.memory/SLICE_6
ROUTE         2     1.146      R5C15A.F1 to      R9C15D.D1 probe/system/sequential.memory/un1_pc_data_0_data_tmp[7]
CTOF_DEL    ---     0.495      R9C15D.D1 to      R9C15D.F1 probe/system/sequential.memory/SLICE_332
ROUTE         1     0.315      R9C15D.F1 to      R9C15C.D1 probe/system/sequential.memory/redirectdup
CTOF_DEL    ---     0.495      R9C15C.D1 to      R9C15C.F1 probe/system/sequential.memory/SLICE_314
ROUTE         2     0.445      R9C15C.F1 to      R9C15C.C0 probe/system/sequential.memory/un1_next_word5
CTOF_DEL    ---     0.495      R9C15C.C0 to      R9C15C.F0 probe/system/sequential.memory/SLICE_314
ROUTE         1     1.069      R9C15C.F0 to     R10C15A.CE probe/system/sequential.memory/transport/un1_spi_active_3_0 (to clk_c)
                  --------
                   31.263   (47.6% logic, 52.4% route), 20 logic levels.

 Clock Skew Details: 

      Source Clock Path clk to probe/system/core/engine/rom/lane_2:

   Name    Fanout   Delay (ns)          Site               Resource
ROUTE       235     2.351       13.PADDI to EBR_R6C10.CLKA clk_c
                  --------
                    2.351   (0.0% logic, 100.0% route), 0 logic levels.

      Destination Clock Path clk to probe/system/sequential.memory/transport/SLICE_57:

   Name    Fanout   Delay (ns)          Site               Resource
ROUTE       235     2.178       13.PADDI to    R10C15A.CLK clk_c
                  --------
                    2.178   (0.0% logic, 100.0% route), 0 logic levels.


Passed: The following path meets requirements by 2.128ns

 Logical Details:  Cell type  Pin type       Cell/ASIC name  (clock net +/-)

   Source:         DP8KC      Port           probe/system/core/engine/rom/lane_2(ASIC)  (from clk_c +)
   Destination:    FF         Data in        probe/system/sequential.memory/transport/spi_cs_n  (to clk_c +)

   Delay:              31.246ns  (44.6% logic, 55.4% route), 20 logic levels.

 Constraint Details:

     31.246ns physical path delay probe/system/core/engine/rom/lane_2 to probe/system/sequential.memory/transport/SLICE_57 meets
     33.829ns delay constraint less
      0.173ns skew and
      0.282ns CE_SET requirement (totaling 33.374ns) by 2.128ns

 Physical Path Details:

      Data path probe/system/core/engine/rom/lane_2 to probe/system/sequential.memory/transport/SLICE_57:

   Name    Fanout   Delay (ns)          Site               Resource
C2Q_DEL     ---     4.979 EBR_R6C10.CLKA to EBR_R6C10.DOA3 probe/system/core/engine/rom/lane_2 (from clk_c)
ROUTE         5     1.056 EBR_R6C10.DOA3 to      R8C11A.C1 probe/uword[21]
CTOF_DEL    ---     0.495      R8C11A.C1 to      R8C11A.F1 probe/system/core/engine/SLICE_469
ROUTE         1     0.964      R8C11A.F1 to      R8C12B.A0 probe/system/core/engine/un23_select_register[0]
CTOF_DEL    ---     0.495      R8C12B.A0 to      R8C12B.F0 probe/SLICE_84
ROUTE        26     1.797      R8C12B.F0 to     R10C11A.A0 probe/rf_address[0]
CTOF_DEL    ---     0.495     R10C11A.A0 to     R10C11A.F0 probe/system/SLICE_34
ROUTE         3     0.761     R10C11A.F0 to      R9C11D.C1 probe/io_wdata[0]
CTOF_DEL    ---     0.495      R9C11D.C1 to      R9C11D.F1 probe/system/core/engine/dp/SLICE_430
ROUTE         1     0.766      R9C11D.F1 to      R7C11D.C0 probe/system/core/engine/dp/un1_read_b[0]
CTOF_DEL    ---     0.495      R7C11D.C0 to      R7C11D.F0 probe/system/core/engine/dp/SLICE_378
ROUTE         3     2.021      R7C11D.F0 to      R2C14A.A1 probe/system/core/engine/dp/rhs[0]
CTOF_DEL    ---     0.495      R2C14A.A1 to      R2C14A.F1 probe/system/core/engine/dp/alu/SLICE_32
ROUTE         2     1.912      R2C14A.F1 to      R7C11C.D0 probe/system/core/engine/dp/alu/un1_arithmetic_b_cry_0_0_S1
CTOF_DEL    ---     0.495      R7C11C.D0 to      R7C11C.F0 probe/SLICE_358
ROUTE         1     0.958      R7C11C.F0 to       R7C9C.D1 probe/system/core/engine/dp/alu/N_140
CTOF_DEL    ---     0.495       R7C9C.D1 to       R7C9C.F1 probe/SLICE_343
ROUTE         2     0.840       R7C9C.F1 to       R5C9C.C0 probe/system/core/engine/dp/alu/N_204
CTOF_DEL    ---     0.495       R5C9C.C0 to       R5C9C.F0 probe/SLICE_346
ROUTE         5     0.988       R5C9C.F0 to       R3C9D.D1 probe/system/core/engine/result[0]
CTOF_DEL    ---     0.495       R3C9D.D1 to       R3C9D.F1 probe/system/core/engine/dp/SLICE_464
ROUTE         1     0.766       R3C9D.F1 to       R5C9D.C0 probe/system/core/engine/dp/writeback_0[0]
CTOF_DEL    ---     0.495       R5C9D.C0 to       R5C9D.F0 probe/SLICE_76
ROUTE         4     1.515       R5C9D.F0 to      R5C14A.A1 probe/rf_data[0]
C1TOFCO_DE  ---     0.889      R5C14A.A1 to     R5C14A.FCO probe/system/sequential.memory/SLICE_10
ROUTE         1     0.000     R5C14A.FCO to     R5C14B.FCI probe/system/sequential.memory/un1_pc_data_0_data_tmp[0]
FCITOFCO_D  ---     0.162     R5C14B.FCI to     R5C14B.FCO probe/system/sequential.memory/SLICE_9
ROUTE         1     0.000     R5C14B.FCO to     R5C14C.FCI probe/system/sequential.memory/un1_pc_data_0_data_tmp[2]
FCITOFCO_D  ---     0.162     R5C14C.FCI to     R5C14C.FCO probe/system/sequential.memory/SLICE_8
ROUTE         1     0.000     R5C14C.FCO to     R5C14D.FCI probe/system/sequential.memory/un1_pc_data_0_data_tmp[4]
FCITOFCO_D  ---     0.162     R5C14D.FCI to     R5C14D.FCO probe/system/sequential.memory/SLICE_7
ROUTE         1     0.000     R5C14D.FCO to     R5C15A.FCI probe/system/sequential.memory/un1_pc_data_0_data_tmp[6]
FCITOF1_DE  ---     0.643     R5C15A.FCI to      R5C15A.F1 probe/system/sequential.memory/SLICE_6
ROUTE         2     1.146      R5C15A.F1 to      R9C15D.D1 probe/system/sequential.memory/un1_pc_data_0_data_tmp[7]
CTOF_DEL    ---     0.495      R9C15D.D1 to      R9C15D.F1 probe/system/sequential.memory/SLICE_332
ROUTE         1     0.315      R9C15D.F1 to      R9C15C.D1 probe/system/sequential.memory/redirectdup
CTOF_DEL    ---     0.495      R9C15C.D1 to      R9C15C.F1 probe/system/sequential.memory/SLICE_314
ROUTE         2     0.445      R9C15C.F1 to      R9C15C.C0 probe/system/sequential.memory/un1_next_word5
CTOF_DEL    ---     0.495      R9C15C.C0 to      R9C15C.F0 probe/system/sequential.memory/SLICE_314
ROUTE         1     1.069      R9C15C.F0 to     R10C15A.CE probe/system/sequential.memory/transport/un1_spi_active_3_0 (to clk_c)
                  --------
                   31.246   (44.6% logic, 55.4% route), 20 logic levels.

 Clock Skew Details: 

      Source Clock Path clk to probe/system/core/engine/rom/lane_2:

   Name    Fanout   Delay (ns)          Site               Resource
ROUTE       235     2.351       13.PADDI to EBR_R6C10.CLKA clk_c
                  --------
                    2.351   (0.0% logic, 100.0% route), 0 logic levels.

      Destination Clock Path clk to probe/system/sequential.memory/transport/SLICE_57:

   Name    Fanout   Delay (ns)          Site               Resource
ROUTE       235     2.178       13.PADDI to    R10C15A.CLK clk_c
                  --------
                    2.178   (0.0% logic, 100.0% route), 0 logic levels.


Passed: The following path meets requirements by 2.186ns

 Logical Details:  Cell type  Pin type       Cell/ASIC name  (clock net +/-)

   Source:         DP8KC      Port           probe/system/core/engine/rom/lane_0(ASIC)  (from clk_c +)
   Destination:    FF         Data in        probe/system/sequential.memory/transport/spi_cs_n  (to clk_c +)

   Delay:              31.188ns  (44.7% logic, 55.3% route), 20 logic levels.

 Constraint Details:

     31.188ns physical path delay probe/system/core/engine/rom/lane_0 to probe/system/sequential.memory/transport/SLICE_57 meets
     33.829ns delay constraint less
      0.173ns skew and
      0.282ns CE_SET requirement (totaling 33.374ns) by 2.186ns

 Physical Path Details:

      Data path probe/system/core/engine/rom/lane_0 to probe/system/sequential.memory/transport/SLICE_57:

   Name    Fanout   Delay (ns)          Site               Resource
C2Q_DEL     ---     4.979  EBR_R6C1.CLKA to  EBR_R6C1.DOA0 probe/system/core/engine/rom/lane_0 (from clk_c)
ROUTE         3     2.183  EBR_R6C1.DOA0 to      R7C10B.D1 probe/uword[0]
CTOF_DEL    ---     0.495      R7C10B.D1 to      R7C10B.F1 probe/system/SLICE_212
ROUTE         1     0.744      R7C10B.F1 to      R7C11A.C1 probe/system/core/engine/N_52
CTOF_DEL    ---     0.495      R7C11A.C1 to      R7C11A.F1 probe/SLICE_292
ROUTE         1     0.626      R7C11A.F1 to      R7C11A.D0 probe/system/core/engine/N_68
CTOF_DEL    ---     0.495      R7C11A.D0 to      R7C11A.F0 probe/SLICE_292
ROUTE         2     0.775      R7C11A.F0 to      R7C13C.C0 probe/system/core/engine/d[0]
CTOF_DEL    ---     0.495      R7C13C.C0 to      R7C13C.F0 probe/system/core/engine/dp/SLICE_395
ROUTE         1     0.958      R7C13C.F0 to      R7C11D.D0 probe/system/core/engine/dp/rhs_0[0]
CTOF_DEL    ---     0.495      R7C11D.D0 to      R7C11D.F0 probe/system/core/engine/dp/SLICE_378
ROUTE         3     2.021      R7C11D.F0 to      R2C14A.A1 probe/system/core/engine/dp/rhs[0]
CTOF_DEL    ---     0.495      R2C14A.A1 to      R2C14A.F1 probe/system/core/engine/dp/alu/SLICE_32
ROUTE         2     1.912      R2C14A.F1 to      R7C11C.D0 probe/system/core/engine/dp/alu/un1_arithmetic_b_cry_0_0_S1
CTOF_DEL    ---     0.495      R7C11C.D0 to      R7C11C.F0 probe/SLICE_358
ROUTE         1     0.958      R7C11C.F0 to       R7C9C.D1 probe/system/core/engine/dp/alu/N_140
CTOF_DEL    ---     0.495       R7C9C.D1 to       R7C9C.F1 probe/SLICE_343
ROUTE         2     0.840       R7C9C.F1 to       R5C9C.C0 probe/system/core/engine/dp/alu/N_204
CTOF_DEL    ---     0.495       R5C9C.C0 to       R5C9C.F0 probe/SLICE_346
ROUTE         5     0.988       R5C9C.F0 to       R3C9D.D1 probe/system/core/engine/result[0]
CTOF_DEL    ---     0.495       R3C9D.D1 to       R3C9D.F1 probe/system/core/engine/dp/SLICE_464
ROUTE         1     0.766       R3C9D.F1 to       R5C9D.C0 probe/system/core/engine/dp/writeback_0[0]
CTOF_DEL    ---     0.495       R5C9D.C0 to       R5C9D.F0 probe/SLICE_76
ROUTE         4     1.515       R5C9D.F0 to      R5C14A.A1 probe/rf_data[0]
C1TOFCO_DE  ---     0.889      R5C14A.A1 to     R5C14A.FCO probe/system/sequential.memory/SLICE_10
ROUTE         1     0.000     R5C14A.FCO to     R5C14B.FCI probe/system/sequential.memory/un1_pc_data_0_data_tmp[0]
FCITOFCO_D  ---     0.162     R5C14B.FCI to     R5C14B.FCO probe/system/sequential.memory/SLICE_9
ROUTE         1     0.000     R5C14B.FCO to     R5C14C.FCI probe/system/sequential.memory/un1_pc_data_0_data_tmp[2]
FCITOFCO_D  ---     0.162     R5C14C.FCI to     R5C14C.FCO probe/system/sequential.memory/SLICE_8
ROUTE         1     0.000     R5C14C.FCO to     R5C14D.FCI probe/system/sequential.memory/un1_pc_data_0_data_tmp[4]
FCITOFCO_D  ---     0.162     R5C14D.FCI to     R5C14D.FCO probe/system/sequential.memory/SLICE_7
ROUTE         1     0.000     R5C14D.FCO to     R5C15A.FCI probe/system/sequential.memory/un1_pc_data_0_data_tmp[6]
FCITOF1_DE  ---     0.643     R5C15A.FCI to      R5C15A.F1 probe/system/sequential.memory/SLICE_6
ROUTE         2     1.146      R5C15A.F1 to      R9C15D.D1 probe/system/sequential.memory/un1_pc_data_0_data_tmp[7]
CTOF_DEL    ---     0.495      R9C15D.D1 to      R9C15D.F1 probe/system/sequential.memory/SLICE_332
ROUTE         1     0.315      R9C15D.F1 to      R9C15C.D1 probe/system/sequential.memory/redirectdup
CTOF_DEL    ---     0.495      R9C15C.D1 to      R9C15C.F1 probe/system/sequential.memory/SLICE_314
ROUTE         2     0.445      R9C15C.F1 to      R9C15C.C0 probe/system/sequential.memory/un1_next_word5
CTOF_DEL    ---     0.495      R9C15C.C0 to      R9C15C.F0 probe/system/sequential.memory/SLICE_314
ROUTE         1     1.069      R9C15C.F0 to     R10C15A.CE probe/system/sequential.memory/transport/un1_spi_active_3_0 (to clk_c)
                  --------
                   31.188   (44.7% logic, 55.3% route), 20 logic levels.

 Clock Skew Details: 

      Source Clock Path clk to probe/system/core/engine/rom/lane_0:

   Name    Fanout   Delay (ns)          Site               Resource
ROUTE       235     2.351       13.PADDI to  EBR_R6C1.CLKA clk_c
                  --------
                    2.351   (0.0% logic, 100.0% route), 0 logic levels.

      Destination Clock Path clk to probe/system/sequential.memory/transport/SLICE_57:

   Name    Fanout   Delay (ns)          Site               Resource
ROUTE       235     2.178       13.PADDI to    R10C15A.CLK clk_c
                  --------
                    2.178   (0.0% logic, 100.0% route), 0 logic levels.


Passed: The following path meets requirements by 2.259ns

 Logical Details:  Cell type  Pin type       Cell/ASIC name  (clock net +/-)

   Source:         DP8KC      Port           probe/system/core/engine/rom/lane_2(ASIC)  (from clk_c +)
   Destination:    FF         Data in        probe/system/sequential.memory/transport/spi_cs_n  (to clk_c +)

   Delay:              31.115ns  (43.2% logic, 56.8% route), 19 logic levels.

 Constraint Details:

     31.115ns physical path delay probe/system/core/engine/rom/lane_2 to probe/system/sequential.memory/transport/SLICE_57 meets
     33.829ns delay constraint less
      0.173ns skew and
      0.282ns CE_SET requirement (totaling 33.374ns) by 2.259ns

 Physical Path Details:

      Data path probe/system/core/engine/rom/lane_2 to probe/system/sequential.memory/transport/SLICE_57:

   Name    Fanout   Delay (ns)          Site               Resource
C2Q_DEL     ---     4.979 EBR_R6C10.CLKA to EBR_R6C10.DOA8 probe/system/core/engine/rom/lane_2 (from clk_c)
ROUTE         5     1.688 EBR_R6C10.DOA8 to      R7C10A.D1 probe/uword[26]
CTOF_DEL    ---     0.495      R7C10A.D1 to      R7C10A.F1 probe/system/core/engine/SLICE_300
ROUTE         1     0.693      R7C10A.F1 to      R7C10A.B0 probe/system/core/engine/un6_select_register[0]
CTOF_DEL    ---     0.495      R7C10A.B0 to      R7C10A.F0 probe/system/core/engine/SLICE_300
ROUTE        16     1.870      R7C10A.F0 to       R8C9A.A0 probe/system/core/engine/select_register_5[0]
CTOF_DEL    ---     0.495       R8C9A.A0 to       R8C9A.F0 probe/system/SLICE_37
ROUTE        11     1.403       R8C9A.F0 to      R7C11C.D1 probe/io_address[0]
CTOF_DEL    ---     0.495      R7C11C.D1 to      R7C11C.F1 probe/SLICE_358
ROUTE         9     2.075      R7C11C.F1 to      R2C14A.B1 probe/system/core/engine/dp/lhs[0]
CTOF_DEL    ---     0.495      R2C14A.B1 to      R2C14A.F1 probe/system/core/engine/dp/alu/SLICE_32
ROUTE         2     1.912      R2C14A.F1 to      R7C11C.D0 probe/system/core/engine/dp/alu/un1_arithmetic_b_cry_0_0_S1
CTOF_DEL    ---     0.495      R7C11C.D0 to      R7C11C.F0 probe/SLICE_358
ROUTE         1     0.958      R7C11C.F0 to       R7C9C.D1 probe/system/core/engine/dp/alu/N_140
CTOF_DEL    ---     0.495       R7C9C.D1 to       R7C9C.F1 probe/SLICE_343
ROUTE         2     0.840       R7C9C.F1 to       R5C9C.C0 probe/system/core/engine/dp/alu/N_204
CTOF_DEL    ---     0.495       R5C9C.C0 to       R5C9C.F0 probe/SLICE_346
ROUTE         5     0.988       R5C9C.F0 to       R3C9D.D1 probe/system/core/engine/result[0]
CTOF_DEL    ---     0.495       R3C9D.D1 to       R3C9D.F1 probe/system/core/engine/dp/SLICE_464
ROUTE         1     0.766       R3C9D.F1 to       R5C9D.C0 probe/system/core/engine/dp/writeback_0[0]
CTOF_DEL    ---     0.495       R5C9D.C0 to       R5C9D.F0 probe/SLICE_76
ROUTE         4     1.515       R5C9D.F0 to      R5C14A.A1 probe/rf_data[0]
C1TOFCO_DE  ---     0.889      R5C14A.A1 to     R5C14A.FCO probe/system/sequential.memory/SLICE_10
ROUTE         1     0.000     R5C14A.FCO to     R5C14B.FCI probe/system/sequential.memory/un1_pc_data_0_data_tmp[0]
FCITOFCO_D  ---     0.162     R5C14B.FCI to     R5C14B.FCO probe/system/sequential.memory/SLICE_9
ROUTE         1     0.000     R5C14B.FCO to     R5C14C.FCI probe/system/sequential.memory/un1_pc_data_0_data_tmp[2]
FCITOFCO_D  ---     0.162     R5C14C.FCI to     R5C14C.FCO probe/system/sequential.memory/SLICE_8
ROUTE         1     0.000     R5C14C.FCO to     R5C14D.FCI probe/system/sequential.memory/un1_pc_data_0_data_tmp[4]
FCITOFCO_D  ---     0.162     R5C14D.FCI to     R5C14D.FCO probe/system/sequential.memory/SLICE_7
ROUTE         1     0.000     R5C14D.FCO to     R5C15A.FCI probe/system/sequential.memory/un1_pc_data_0_data_tmp[6]
FCITOF1_DE  ---     0.643     R5C15A.FCI to      R5C15A.F1 probe/system/sequential.memory/SLICE_6
ROUTE         2     1.146      R5C15A.F1 to      R9C15D.D1 probe/system/sequential.memory/un1_pc_data_0_data_tmp[7]
CTOF_DEL    ---     0.495      R9C15D.D1 to      R9C15D.F1 probe/system/sequential.memory/SLICE_332
ROUTE         1     0.315      R9C15D.F1 to      R9C15C.D1 probe/system/sequential.memory/redirectdup
CTOF_DEL    ---     0.495      R9C15C.D1 to      R9C15C.F1 probe/system/sequential.memory/SLICE_314
ROUTE         2     0.445      R9C15C.F1 to      R9C15C.C0 probe/system/sequential.memory/un1_next_word5
CTOF_DEL    ---     0.495      R9C15C.C0 to      R9C15C.F0 probe/system/sequential.memory/SLICE_314
ROUTE         1     1.069      R9C15C.F0 to     R10C15A.CE probe/system/sequential.memory/transport/un1_spi_active_3_0 (to clk_c)
                  --------
                   31.115   (43.2% logic, 56.8% route), 19 logic levels.

 Clock Skew Details: 

      Source Clock Path clk to probe/system/core/engine/rom/lane_2:

   Name    Fanout   Delay (ns)          Site               Resource
ROUTE       235     2.351       13.PADDI to EBR_R6C10.CLKA clk_c
                  --------
                    2.351   (0.0% logic, 100.0% route), 0 logic levels.

      Destination Clock Path clk to probe/system/sequential.memory/transport/SLICE_57:

   Name    Fanout   Delay (ns)          Site               Resource
ROUTE       235     2.178       13.PADDI to    R10C15A.CLK clk_c
                  --------
                    2.178   (0.0% logic, 100.0% route), 0 logic levels.


Passed: The following path meets requirements by 2.280ns

 Logical Details:  Cell type  Pin type       Cell/ASIC name  (clock net +/-)

   Source:         DP8KC      Port           probe/system/core/engine/rom/lane_2(ASIC)  (from clk_c +)
   Destination:    FF         Data in        probe/system/sequential.memory/transport/spi_cs_n  (to clk_c +)

   Delay:              31.094ns  (48.3% logic, 51.7% route), 20 logic levels.

 Constraint Details:

     31.094ns physical path delay probe/system/core/engine/rom/lane_2 to probe/system/sequential.memory/transport/SLICE_57 meets
     33.829ns delay constraint less
      0.173ns skew and
      0.282ns CE_SET requirement (totaling 33.374ns) by 2.280ns

 Physical Path Details:

      Data path probe/system/core/engine/rom/lane_2 to probe/system/sequential.memory/transport/SLICE_57:

   Name    Fanout   Delay (ns)          Site               Resource
C2Q_DEL     ---     4.979 EBR_R6C10.CLKA to EBR_R6C10.DOA3 probe/system/core/engine/rom/lane_2 (from clk_c)
ROUTE         5     1.361 EBR_R6C10.DOA3 to      R7C10B.C0 probe/uword[21]
CTOF_DEL    ---     0.495      R7C10B.C0 to      R7C10B.F0 probe/system/SLICE_212
ROUTE         1     0.958      R7C10B.F0 to      R8C12C.D0 probe/system/core/engine/un23_select_register[2]
CTOF_DEL    ---     0.495      R8C12C.D0 to      R8C12C.F0 probe/SLICE_85
ROUTE        26     1.583      R8C12C.F0 to     R10C11A.C1 probe/rf_address[2]
CTOF_DEL    ---     0.495     R10C11A.C1 to     R10C11A.F1 probe/system/SLICE_34
ROUTE         3     1.058     R10C11A.F1 to      R8C11D.D1 probe/io_wdata[1]
CTOF_DEL    ---     0.495      R8C11D.D1 to      R8C11D.F1 probe/system/core/engine/dp/SLICE_379
ROUTE         1     0.436      R8C11D.F1 to      R8C11D.C0 probe/system/core/engine/dp/un1_read_b[1]
CTOF_DEL    ---     0.495      R8C11D.C0 to      R8C11D.F0 probe/system/core/engine/dp/SLICE_379
ROUTE         3     2.289      R8C11D.F0 to      R2C14B.B0 probe/system/core/engine/dp/rhs[1]
C0TOFCO_DE  ---     1.023      R2C14B.B0 to     R2C14B.FCO probe/system/core/engine/dp/alu/SLICE_31
ROUTE         1     0.000     R2C14B.FCO to     R2C14C.FCI probe/system/core/engine/dp/alu/un1_arithmetic_b_cry_2
FCITOF0_DE  ---     0.585     R2C14C.FCI to      R2C14C.F0 probe/system/core/engine/dp/alu/SLICE_30
ROUTE         2     1.166      R2C14C.F0 to      R3C11B.D1 probe/system/core/engine/dp/alu/un1_arithmetic_b_cry_3_0_S0
CTOF_DEL    ---     0.495      R3C11B.D1 to      R3C11B.F1 probe/SLICE_350
ROUTE         1     0.436      R3C11B.F1 to      R3C11B.C0 probe/system/core/engine/dp/alu/N_143
CTOF_DEL    ---     0.495      R3C11B.C0 to      R3C11B.F0 probe/SLICE_350
ROUTE         1     0.747      R3C11B.F0 to      R3C11C.C0 probe/system/core/engine/dp/alu/N_207
CTOF_DEL    ---     0.495      R3C11C.C0 to      R3C11C.F0 probe/SLICE_347
ROUTE         6     0.643      R3C11C.F0 to      R3C11D.D0 probe/system/core/engine/result[3]
CTOF_DEL    ---     0.495      R3C11D.D0 to      R3C11D.F0 probe/system/core/engine/dp/SLICE_432
ROUTE         1     0.964      R3C11D.F0 to      R3C12B.A1 probe/system/core/engine/dp/writeback_0[3]
CTOF_DEL    ---     0.495      R3C12B.A1 to      R3C12B.F1 probe/SLICE_77
ROUTE         4     1.466      R3C12B.F1 to      R5C14B.B0 probe/rf_data[3]
C0TOFCO_DE  ---     1.023      R5C14B.B0 to     R5C14B.FCO probe/system/sequential.memory/SLICE_9
ROUTE         1     0.000     R5C14B.FCO to     R5C14C.FCI probe/system/sequential.memory/un1_pc_data_0_data_tmp[2]
FCITOFCO_D  ---     0.162     R5C14C.FCI to     R5C14C.FCO probe/system/sequential.memory/SLICE_8
ROUTE         1     0.000     R5C14C.FCO to     R5C14D.FCI probe/system/sequential.memory/un1_pc_data_0_data_tmp[4]
FCITOFCO_D  ---     0.162     R5C14D.FCI to     R5C14D.FCO probe/system/sequential.memory/SLICE_7
ROUTE         1     0.000     R5C14D.FCO to     R5C15A.FCI probe/system/sequential.memory/un1_pc_data_0_data_tmp[6]
FCITOF1_DE  ---     0.643     R5C15A.FCI to      R5C15A.F1 probe/system/sequential.memory/SLICE_6
ROUTE         2     1.146      R5C15A.F1 to      R9C15D.D1 probe/system/sequential.memory/un1_pc_data_0_data_tmp[7]
CTOF_DEL    ---     0.495      R9C15D.D1 to      R9C15D.F1 probe/system/sequential.memory/SLICE_332
ROUTE         1     0.315      R9C15D.F1 to      R9C15C.D1 probe/system/sequential.memory/redirectdup
CTOF_DEL    ---     0.495      R9C15C.D1 to      R9C15C.F1 probe/system/sequential.memory/SLICE_314
ROUTE         2     0.445      R9C15C.F1 to      R9C15C.C0 probe/system/sequential.memory/un1_next_word5
CTOF_DEL    ---     0.495      R9C15C.C0 to      R9C15C.F0 probe/system/sequential.memory/SLICE_314
ROUTE         1     1.069      R9C15C.F0 to     R10C15A.CE probe/system/sequential.memory/transport/un1_spi_active_3_0 (to clk_c)
                  --------
                   31.094   (48.3% logic, 51.7% route), 20 logic levels.

 Clock Skew Details: 

      Source Clock Path clk to probe/system/core/engine/rom/lane_2:

   Name    Fanout   Delay (ns)          Site               Resource
ROUTE       235     2.351       13.PADDI to EBR_R6C10.CLKA clk_c
                  --------
                    2.351   (0.0% logic, 100.0% route), 0 logic levels.

      Destination Clock Path clk to probe/system/sequential.memory/transport/SLICE_57:

   Name    Fanout   Delay (ns)          Site               Resource
ROUTE       235     2.178       13.PADDI to    R10C15A.CLK clk_c
                  --------
                    2.178   (0.0% logic, 100.0% route), 0 logic levels.


Passed: The following path meets requirements by 2.280ns

 Logical Details:  Cell type  Pin type       Cell/ASIC name  (clock net +/-)

   Source:         DP8KC      Port           probe/system/core/engine/rom/lane_2(ASIC)  (from clk_c +)
   Destination:    FF         Data in        probe/system/sequential.memory/transport/spi_cs_n  (to clk_c +)

   Delay:              31.094ns  (47.9% logic, 52.1% route), 20 logic levels.

 Constraint Details:

     31.094ns physical path delay probe/system/core/engine/rom/lane_2 to probe/system/sequential.memory/transport/SLICE_57 meets
     33.829ns delay constraint less
      0.173ns skew and
      0.282ns CE_SET requirement (totaling 33.374ns) by 2.280ns

 Physical Path Details:

      Data path probe/system/core/engine/rom/lane_2 to probe/system/sequential.memory/transport/SLICE_57:

   Name    Fanout   Delay (ns)          Site               Resource
C2Q_DEL     ---     4.979 EBR_R6C10.CLKA to EBR_R6C10.DOA3 probe/system/core/engine/rom/lane_2 (from clk_c)
ROUTE         5     1.361 EBR_R6C10.DOA3 to      R7C10B.C0 probe/uword[21]
CTOF_DEL    ---     0.495      R7C10B.C0 to      R7C10B.F0 probe/system/SLICE_212
ROUTE         1     0.958      R7C10B.F0 to      R8C12C.D0 probe/system/core/engine/un23_select_register[2]
CTOF_DEL    ---     0.495      R8C12C.D0 to      R8C12C.F0 probe/SLICE_85
ROUTE        26     1.583      R8C12C.F0 to     R10C11A.C1 probe/rf_address[2]
CTOF_DEL    ---     0.495     R10C11A.C1 to     R10C11A.F1 probe/system/SLICE_34
ROUTE         3     1.058     R10C11A.F1 to      R8C11D.D1 probe/io_wdata[1]
CTOF_DEL    ---     0.495      R8C11D.D1 to      R8C11D.F1 probe/system/core/engine/dp/SLICE_379
ROUTE         1     0.436      R8C11D.F1 to      R8C11D.C0 probe/system/core/engine/dp/un1_read_b[1]
CTOF_DEL    ---     0.495      R8C11D.C0 to      R8C11D.F0 probe/system/core/engine/dp/SLICE_379
ROUTE         3     2.289      R8C11D.F0 to      R2C14B.B0 probe/system/core/engine/dp/rhs[1]
C0TOFCO_DE  ---     1.023      R2C14B.B0 to     R2C14B.FCO probe/system/core/engine/dp/alu/SLICE_31
ROUTE         1     0.000     R2C14B.FCO to     R2C14C.FCI probe/system/core/engine/dp/alu/un1_arithmetic_b_cry_2
FCITOFCO_D  ---     0.162     R2C14C.FCI to     R2C14C.FCO probe/system/core/engine/dp/alu/SLICE_30
ROUTE         1     0.000     R2C14C.FCO to     R2C14D.FCI probe/system/core/engine/dp/alu/un1_arithmetic_b_cry_4
FCITOFCO_D  ---     0.162     R2C14D.FCI to     R2C14D.FCO probe/system/core/engine/dp/alu/SLICE_29
ROUTE         1     0.000     R2C14D.FCO to     R2C15A.FCI probe/system/core/engine/dp/alu/un1_arithmetic_b_cry_6
FCITOFCO_D  ---     0.162     R2C15A.FCI to     R2C15A.FCO probe/system/core/engine/dp/alu/SLICE_28
ROUTE         1     0.000     R2C15A.FCO to     R2C15B.FCI probe/system/core/engine/dp/alu/un1_arithmetic_b_cry_8
FCITOF0_DE  ---     0.585     R2C15B.FCI to      R2C15B.F0 probe/system/core/engine/dp/alu/SLICE_27
ROUTE         2     1.030      R2C15B.F0 to      R3C15C.B0 probe/system/core/engine/dp/alu/un1_arithmetic_b_cry_9_0_S0
CTOF_DEL    ---     0.495      R3C15C.B0 to      R3C15C.F0 probe/system/core/engine/dp/alu/SLICE_363
ROUTE         1     1.450      R3C15C.F0 to      R4C13D.B1 probe/system/core/engine/dp/alu/N_149
CTOOFX_DEL  ---     0.721      R4C13D.B1 to    R4C13D.OFX0 probe/system/core/engine/SLICE_170
ROUTE         6     1.046    R4C13D.OFX0 to      R4C14D.A1 probe/system/core/engine/result[9]
CTOF_DEL    ---     0.495      R4C14D.A1 to      R4C14D.F1 probe/system/core/engine/dp/SLICE_435
ROUTE         1     0.964      R4C14D.F1 to      R3C14C.A0 probe/system/core/engine/dp/writeback_0[10]
CTOF_DEL    ---     0.495      R3C14C.A0 to      R3C14C.F0 probe/SLICE_81
ROUTE         4     1.039      R3C14C.F0 to      R5C14D.B0 probe/rf_data[10]
C0TOFCO_DE  ---     1.023      R5C14D.B0 to     R5C14D.FCO probe/system/sequential.memory/SLICE_7
ROUTE         1     0.000     R5C14D.FCO to     R5C15A.FCI probe/system/sequential.memory/un1_pc_data_0_data_tmp[6]
FCITOF1_DE  ---     0.643     R5C15A.FCI to      R5C15A.F1 probe/system/sequential.memory/SLICE_6
ROUTE         2     1.146      R5C15A.F1 to      R9C15D.D1 probe/system/sequential.memory/un1_pc_data_0_data_tmp[7]
CTOF_DEL    ---     0.495      R9C15D.D1 to      R9C15D.F1 probe/system/sequential.memory/SLICE_332
ROUTE         1     0.315      R9C15D.F1 to      R9C15C.D1 probe/system/sequential.memory/redirectdup
CTOF_DEL    ---     0.495      R9C15C.D1 to      R9C15C.F1 probe/system/sequential.memory/SLICE_314
ROUTE         2     0.445      R9C15C.F1 to      R9C15C.C0 probe/system/sequential.memory/un1_next_word5
CTOF_DEL    ---     0.495      R9C15C.C0 to      R9C15C.F0 probe/system/sequential.memory/SLICE_314
ROUTE         1     1.069      R9C15C.F0 to     R10C15A.CE probe/system/sequential.memory/transport/un1_spi_active_3_0 (to clk_c)
                  --------
                   31.094   (47.9% logic, 52.1% route), 20 logic levels.

 Clock Skew Details: 

      Source Clock Path clk to probe/system/core/engine/rom/lane_2:

   Name    Fanout   Delay (ns)          Site               Resource
ROUTE       235     2.351       13.PADDI to EBR_R6C10.CLKA clk_c
                  --------
                    2.351   (0.0% logic, 100.0% route), 0 logic levels.

      Destination Clock Path clk to probe/system/sequential.memory/transport/SLICE_57:

   Name    Fanout   Delay (ns)          Site               Resource
ROUTE       235     2.178       13.PADDI to    R10C15A.CLK clk_c
                  --------
                    2.178   (0.0% logic, 100.0% route), 0 logic levels.

Report:   31.444MHz is the maximum frequency for this preference.


================================================================================
Preference: Unconstrained: CLOCK_DOMAIN
            0 unconstrained paths found
--------------------------------------------------------------------------------


================================================================================
Preference: Unconstrained: INPUT_SETUP
            318 unconstrained paths found
--------------------------------------------------------------------------------

Unconstrained Preference:
   INPUT_SETUP PORT "reset" CLKPORT "clk" 

Report:   22.141ns delay reset to probe/system/core/engine/rom/lane_2 (22.167ns delay and -0.026ns setup)

   Name    Fanout   Delay (ns)          Site               Resource
PADI_DEL    ---     1.132          4.PAD to        4.PADDI reset
ROUTE       233     4.751        4.PADDI to     R10C14B.D1 reset_c
CTOF_DEL    ---     0.495     R10C14B.D1 to     R10C14B.F1 probe/system/SLICE_295
ROUTE         4     1.032     R10C14B.F1 to     R10C13C.B0 probe/system/requestdup
CTOF_DEL    ---     0.495     R10C13C.B0 to     R10C13C.F0 probe/system/SLICE_331
ROUTE         3     0.445     R10C13C.F0 to     R10C13C.C1 probe/system/ackdup
CTOF_DEL    ---     0.495     R10C13C.C1 to     R10C13C.F1 probe/system/SLICE_331
ROUTE         3     2.083     R10C13C.F1 to       R7C7A.B1 probe/system/core/engine/un1_bus_fault_2dup
CTOOFX_DEL  ---     0.721       R7C7A.B1 to     R7C7A.OFX0 probe/system/core/engine/seq/predicates_pmux_6/SLICE_246
ROUTE         1     1.962     R7C7A.OFX0 to       R8C6C.B1 probe/system/core/engine/seq/N_164
CTOF_DEL    ---     0.495       R8C6C.B1 to       R8C6C.F1 probe/system/core/engine/SLICE_335
ROUTE         1     0.436       R8C6C.F1 to       R8C6C.C0 probe/system/core/engine/seq/condition
CTOF_DEL    ---     0.495       R8C6C.C0 to       R8C6C.F0 probe/system/core/engine/SLICE_335
ROUTE         1     0.693       R8C6C.F0 to       R8C6D.B0 probe/system/core/engine/seq/next_address_sn_N_35_mux
CTOF_DEL    ---     0.495       R8C6D.B0 to       R8C6D.F0 probe/system/core/engine/SLICE_336
ROUTE        10     2.403       R8C6D.F0 to       R4C4A.A0 probe/system/core/engine/seq/next_address_sn_N_37_mux
CTOOFX_DEL  ---     0.721       R4C4A.A0 to     R4C4A.OFX0 probe/system/core/engine/seq/SLICE_244
ROUTE         5     2.818     R4C4A.OFX0 to *R_R6C10.ADA12 probe/system/core/engine/next_address[9] (to clk_c)
                  --------
                   22.167   (25.0% logic, 75.0% route), 9 logic levels.

Unconstrained Preference:
   INPUT_SETUP PORT "reset" CLKPORT "clk" 

Report:   21.562ns delay reset to probe/system/core/engine/rom/lane_2 (21.588ns delay and -0.026ns setup)

   Name    Fanout   Delay (ns)          Site               Resource
PADI_DEL    ---     1.132          4.PAD to        4.PADDI reset
ROUTE       233     4.751        4.PADDI to     R10C14B.D1 reset_c
CTOF_DEL    ---     0.495     R10C14B.D1 to     R10C14B.F1 probe/system/SLICE_295
ROUTE         4     1.032     R10C14B.F1 to     R10C13C.B0 probe/system/requestdup
CTOF_DEL    ---     0.495     R10C13C.B0 to     R10C13C.F0 probe/system/SLICE_331
ROUTE         3     0.445     R10C13C.F0 to     R10C13C.C1 probe/system/ackdup
CTOF_DEL    ---     0.495     R10C13C.C1 to     R10C13C.F1 probe/system/SLICE_331
ROUTE         3     2.083     R10C13C.F1 to       R7C7A.B1 probe/system/core/engine/un1_bus_fault_2dup
CTOOFX_DEL  ---     0.721       R7C7A.B1 to     R7C7A.OFX0 probe/system/core/engine/seq/predicates_pmux_6/SLICE_246
ROUTE         1     1.962     R7C7A.OFX0 to       R8C6C.B1 probe/system/core/engine/seq/N_164
CTOF_DEL    ---     0.495       R8C6C.B1 to       R8C6C.F1 probe/system/core/engine/SLICE_335
ROUTE         1     0.436       R8C6C.F1 to       R8C6C.C0 probe/system/core/engine/seq/condition
CTOF_DEL    ---     0.495       R8C6C.C0 to       R8C6C.F0 probe/system/core/engine/SLICE_335
ROUTE         1     0.693       R8C6C.F0 to       R8C6D.B0 probe/system/core/engine/seq/next_address_sn_N_35_mux
CTOF_DEL    ---     0.495       R8C6D.B0 to       R8C6D.F0 probe/system/core/engine/SLICE_336
ROUTE        10     1.976       R8C6D.F0 to       R4C5A.A0 probe/system/core/engine/seq/next_address_sn_N_37_mux
CTOOFX_DEL  ---     0.721       R4C5A.A0 to     R4C5A.OFX0 probe/system/core/engine/seq/SLICE_242
ROUTE         5     2.666     R4C5A.OFX0 to *R_R6C10.ADA10 probe/system/core/engine/next_address[7] (to clk_c)
                  --------
                   21.588   (25.7% logic, 74.3% route), 9 logic levels.

Unconstrained Preference:
   INPUT_SETUP PORT "reset" CLKPORT "clk" 

Report:   21.168ns delay reset to probe/system/core/engine/rom/lane_3 (21.194ns delay and -0.026ns setup)

   Name    Fanout   Delay (ns)          Site               Resource
PADI_DEL    ---     1.132          4.PAD to        4.PADDI reset
ROUTE       233     4.751        4.PADDI to     R10C14B.D1 reset_c
CTOF_DEL    ---     0.495     R10C14B.D1 to     R10C14B.F1 probe/system/SLICE_295
ROUTE         4     1.032     R10C14B.F1 to     R10C13C.B0 probe/system/requestdup
CTOF_DEL    ---     0.495     R10C13C.B0 to     R10C13C.F0 probe/system/SLICE_331
ROUTE         3     0.445     R10C13C.F0 to     R10C13C.C1 probe/system/ackdup
CTOF_DEL    ---     0.495     R10C13C.C1 to     R10C13C.F1 probe/system/SLICE_331
ROUTE         3     2.083     R10C13C.F1 to       R7C7A.B1 probe/system/core/engine/un1_bus_fault_2dup
CTOOFX_DEL  ---     0.721       R7C7A.B1 to     R7C7A.OFX0 probe/system/core/engine/seq/predicates_pmux_6/SLICE_246
ROUTE         1     1.962     R7C7A.OFX0 to       R8C6C.B1 probe/system/core/engine/seq/N_164
CTOF_DEL    ---     0.495       R8C6C.B1 to       R8C6C.F1 probe/system/core/engine/SLICE_335
ROUTE         1     0.436       R8C6C.F1 to       R8C6C.C0 probe/system/core/engine/seq/condition
CTOF_DEL    ---     0.495       R8C6C.C0 to       R8C6C.F0 probe/system/core/engine/SLICE_335
ROUTE         1     0.693       R8C6C.F0 to       R8C6D.B0 probe/system/core/engine/seq/next_address_sn_N_35_mux
CTOF_DEL    ---     0.495       R8C6D.B0 to       R8C6D.F0 probe/system/core/engine/SLICE_336
ROUTE        10     1.976       R8C6D.F0 to       R4C5A.A0 probe/system/core/engine/seq/next_address_sn_N_37_mux
CTOOFX_DEL  ---     0.721       R4C5A.A0 to     R4C5A.OFX0 probe/system/core/engine/seq/SLICE_242
ROUTE         5     2.272     R4C5A.OFX0 to EBR_R6C7.ADA10 probe/system/core/engine/next_address[7] (to clk_c)
                  --------
                   21.194   (26.2% logic, 73.8% route), 9 logic levels.

Unconstrained Preference:
   INPUT_SETUP PORT "reset" CLKPORT "clk" 

Report:   21.168ns delay reset to probe/system/core/engine/rom/lane_1 (21.194ns delay and -0.026ns setup)

   Name    Fanout   Delay (ns)          Site               Resource
PADI_DEL    ---     1.132          4.PAD to        4.PADDI reset
ROUTE       233     4.751        4.PADDI to     R10C14B.D1 reset_c
CTOF_DEL    ---     0.495     R10C14B.D1 to     R10C14B.F1 probe/system/SLICE_295
ROUTE         4     1.032     R10C14B.F1 to     R10C13C.B0 probe/system/requestdup
CTOF_DEL    ---     0.495     R10C13C.B0 to     R10C13C.F0 probe/system/SLICE_331
ROUTE         3     0.445     R10C13C.F0 to     R10C13C.C1 probe/system/ackdup
CTOF_DEL    ---     0.495     R10C13C.C1 to     R10C13C.F1 probe/system/SLICE_331
ROUTE         3     2.083     R10C13C.F1 to       R7C7A.B1 probe/system/core/engine/un1_bus_fault_2dup
CTOOFX_DEL  ---     0.721       R7C7A.B1 to     R7C7A.OFX0 probe/system/core/engine/seq/predicates_pmux_6/SLICE_246
ROUTE         1     1.962     R7C7A.OFX0 to       R8C6C.B1 probe/system/core/engine/seq/N_164
CTOF_DEL    ---     0.495       R8C6C.B1 to       R8C6C.F1 probe/system/core/engine/SLICE_335
ROUTE         1     0.436       R8C6C.F1 to       R8C6C.C0 probe/system/core/engine/seq/condition
CTOF_DEL    ---     0.495       R8C6C.C0 to       R8C6C.F0 probe/system/core/engine/SLICE_335
ROUTE         1     0.693       R8C6C.F0 to       R8C6D.B0 probe/system/core/engine/seq/next_address_sn_N_35_mux
CTOF_DEL    ---     0.495       R8C6D.B0 to       R8C6D.F0 probe/system/core/engine/SLICE_336
ROUTE        10     1.976       R8C6D.F0 to       R4C5A.A0 probe/system/core/engine/seq/next_address_sn_N_37_mux
CTOOFX_DEL  ---     0.721       R4C5A.A0 to     R4C5A.OFX0 probe/system/core/engine/seq/SLICE_242
ROUTE         5     2.272     R4C5A.OFX0 to EBR_R6C4.ADA10 probe/system/core/engine/next_address[7] (to clk_c)
                  --------
                   21.194   (26.2% logic, 73.8% route), 9 logic levels.

Unconstrained Preference:
   INPUT_SETUP PORT "reset" CLKPORT "clk" 

Report:   20.985ns delay reset to probe/system/core/engine/rom/lane_3 (21.011ns delay and -0.026ns setup)

   Name    Fanout   Delay (ns)          Site               Resource
PADI_DEL    ---     1.132          4.PAD to        4.PADDI reset
ROUTE       233     4.751        4.PADDI to     R10C14B.D1 reset_c
CTOF_DEL    ---     0.495     R10C14B.D1 to     R10C14B.F1 probe/system/SLICE_295
ROUTE         4     1.032     R10C14B.F1 to     R10C13C.B0 probe/system/requestdup
CTOF_DEL    ---     0.495     R10C13C.B0 to     R10C13C.F0 probe/system/SLICE_331
ROUTE         3     0.445     R10C13C.F0 to     R10C13C.C1 probe/system/ackdup
CTOF_DEL    ---     0.495     R10C13C.C1 to     R10C13C.F1 probe/system/SLICE_331
ROUTE         3     2.083     R10C13C.F1 to       R7C7A.B1 probe/system/core/engine/un1_bus_fault_2dup
CTOOFX_DEL  ---     0.721       R7C7A.B1 to     R7C7A.OFX0 probe/system/core/engine/seq/predicates_pmux_6/SLICE_246
ROUTE         1     1.962     R7C7A.OFX0 to       R8C6C.B1 probe/system/core/engine/seq/N_164
CTOF_DEL    ---     0.495       R8C6C.B1 to       R8C6C.F1 probe/system/core/engine/SLICE_335
ROUTE         1     0.436       R8C6C.F1 to       R8C6C.C0 probe/system/core/engine/seq/condition
CTOF_DEL    ---     0.495       R8C6C.C0 to       R8C6C.F0 probe/system/core/engine/SLICE_335
ROUTE         1     0.693       R8C6C.F0 to       R8C6D.B0 probe/system/core/engine/seq/next_address_sn_N_35_mux
CTOF_DEL    ---     0.495       R8C6D.B0 to       R8C6D.F0 probe/system/core/engine/SLICE_336
ROUTE        10     2.403       R8C6D.F0 to       R4C4A.A0 probe/system/core/engine/seq/next_address_sn_N_37_mux
CTOOFX_DEL  ---     0.721       R4C4A.A0 to     R4C4A.OFX0 probe/system/core/engine/seq/SLICE_244
ROUTE         5     1.662     R4C4A.OFX0 to EBR_R6C7.ADA12 probe/system/core/engine/next_address[9] (to clk_c)
                  --------
                   21.011   (26.4% logic, 73.6% route), 9 logic levels.

Unconstrained Preference:
   INPUT_SETUP PORT "reset" CLKPORT "clk" 

Report:   20.977ns delay reset to probe/system/core/engine/rom/lane_0 (21.003ns delay and -0.026ns setup)

   Name    Fanout   Delay (ns)          Site               Resource
PADI_DEL    ---     1.132          4.PAD to        4.PADDI reset
ROUTE       233     4.751        4.PADDI to     R10C14B.D1 reset_c
CTOF_DEL    ---     0.495     R10C14B.D1 to     R10C14B.F1 probe/system/SLICE_295
ROUTE         4     1.032     R10C14B.F1 to     R10C13C.B0 probe/system/requestdup
CTOF_DEL    ---     0.495     R10C13C.B0 to     R10C13C.F0 probe/system/SLICE_331
ROUTE         3     0.445     R10C13C.F0 to     R10C13C.C1 probe/system/ackdup
CTOF_DEL    ---     0.495     R10C13C.C1 to     R10C13C.F1 probe/system/SLICE_331
ROUTE         3     2.083     R10C13C.F1 to       R7C7A.B1 probe/system/core/engine/un1_bus_fault_2dup
CTOOFX_DEL  ---     0.721       R7C7A.B1 to     R7C7A.OFX0 probe/system/core/engine/seq/predicates_pmux_6/SLICE_246
ROUTE         1     1.962     R7C7A.OFX0 to       R8C6C.B1 probe/system/core/engine/seq/N_164
CTOF_DEL    ---     0.495       R8C6C.B1 to       R8C6C.F1 probe/system/core/engine/SLICE_335
ROUTE         1     0.436       R8C6C.F1 to       R8C6C.C0 probe/system/core/engine/seq/condition
CTOF_DEL    ---     0.495       R8C6C.C0 to       R8C6C.F0 probe/system/core/engine/SLICE_335
ROUTE         1     0.693       R8C6C.F0 to       R8C6D.B0 probe/system/core/engine/seq/next_address_sn_N_35_mux
CTOF_DEL    ---     0.495       R8C6D.B0 to       R8C6D.F0 probe/system/core/engine/SLICE_336
ROUTE        10     2.403       R8C6D.F0 to       R4C4A.A0 probe/system/core/engine/seq/next_address_sn_N_37_mux
CTOOFX_DEL  ---     0.721       R4C4A.A0 to     R4C4A.OFX0 probe/system/core/engine/seq/SLICE_244
ROUTE         5     1.654     R4C4A.OFX0 to EBR_R6C1.ADA12 probe/system/core/engine/next_address[9] (to clk_c)
                  --------
                   21.003   (26.4% logic, 73.6% route), 9 logic levels.

Unconstrained Preference:
   INPUT_SETUP PORT "reset" CLKPORT "clk" 

Report:   20.759ns delay reset to probe/system/core/engine/rom/lane_0 (20.785ns delay and -0.026ns setup)

   Name    Fanout   Delay (ns)          Site               Resource
PADI_DEL    ---     1.132          4.PAD to        4.PADDI reset
ROUTE       233     4.751        4.PADDI to     R10C14B.D1 reset_c
CTOF_DEL    ---     0.495     R10C14B.D1 to     R10C14B.F1 probe/system/SLICE_295
ROUTE         4     1.032     R10C14B.F1 to     R10C13C.B0 probe/system/requestdup
CTOF_DEL    ---     0.495     R10C13C.B0 to     R10C13C.F0 probe/system/SLICE_331
ROUTE         3     0.445     R10C13C.F0 to     R10C13C.C1 probe/system/ackdup
CTOF_DEL    ---     0.495     R10C13C.C1 to     R10C13C.F1 probe/system/SLICE_331
ROUTE         3     2.083     R10C13C.F1 to       R7C7A.B1 probe/system/core/engine/un1_bus_fault_2dup
CTOOFX_DEL  ---     0.721       R7C7A.B1 to     R7C7A.OFX0 probe/system/core/engine/seq/predicates_pmux_6/SLICE_246
ROUTE         1     1.962     R7C7A.OFX0 to       R8C6C.B1 probe/system/core/engine/seq/N_164
CTOF_DEL    ---     0.495       R8C6C.B1 to       R8C6C.F1 probe/system/core/engine/SLICE_335
ROUTE         1     0.436       R8C6C.F1 to       R8C6C.C0 probe/system/core/engine/seq/condition
CTOF_DEL    ---     0.495       R8C6C.C0 to       R8C6C.F0 probe/system/core/engine/SLICE_335
ROUTE         1     0.693       R8C6C.F0 to       R8C6D.B0 probe/system/core/engine/seq/next_address_sn_N_35_mux
CTOF_DEL    ---     0.495       R8C6D.B0 to       R8C6D.F0 probe/system/core/engine/SLICE_336
ROUTE        10     0.780       R8C6D.F0 to       R7C6B.C0 probe/system/core/engine/seq/next_address_sn_N_37_mux
CTOOFX_DEL  ---     0.721       R7C6B.C0 to     R7C6B.OFX0 probe/system/core/engine/seq/SLICE_235
ROUTE         5     3.059     R7C6B.OFX0 to  EBR_R6C1.ADA3 probe/system/core/engine/next_address[0] (to clk_c)
                  --------
                   20.785   (26.7% logic, 73.3% route), 9 logic levels.

Unconstrained Preference:
   INPUT_SETUP PORT "reset" CLKPORT "clk" 

Report:   20.662ns delay reset to probe/system/core/engine/rom/lane_0 (20.688ns delay and -0.026ns setup)

   Name    Fanout   Delay (ns)          Site               Resource
PADI_DEL    ---     1.132          4.PAD to        4.PADDI reset
ROUTE       233     4.751        4.PADDI to     R10C14B.D1 reset_c
CTOF_DEL    ---     0.495     R10C14B.D1 to     R10C14B.F1 probe/system/SLICE_295
ROUTE         4     1.032     R10C14B.F1 to     R10C13C.B0 probe/system/requestdup
CTOF_DEL    ---     0.495     R10C13C.B0 to     R10C13C.F0 probe/system/SLICE_331
ROUTE         3     0.445     R10C13C.F0 to     R10C13C.C1 probe/system/ackdup
CTOF_DEL    ---     0.495     R10C13C.C1 to     R10C13C.F1 probe/system/SLICE_331
ROUTE         3     2.083     R10C13C.F1 to       R7C7A.B1 probe/system/core/engine/un1_bus_fault_2dup
CTOOFX_DEL  ---     0.721       R7C7A.B1 to     R7C7A.OFX0 probe/system/core/engine/seq/predicates_pmux_6/SLICE_246
ROUTE         1     1.962     R7C7A.OFX0 to       R8C6C.B1 probe/system/core/engine/seq/N_164
CTOF_DEL    ---     0.495       R8C6C.B1 to       R8C6C.F1 probe/system/core/engine/SLICE_335
ROUTE         1     0.436       R8C6C.F1 to       R8C6C.C0 probe/system/core/engine/seq/condition
CTOF_DEL    ---     0.495       R8C6C.C0 to       R8C6C.F0 probe/system/core/engine/SLICE_335
ROUTE         1     0.693       R8C6C.F0 to       R8C6D.B0 probe/system/core/engine/seq/next_address_sn_N_35_mux
CTOF_DEL    ---     0.495       R8C6D.B0 to       R8C6D.F0 probe/system/core/engine/SLICE_336
ROUTE        10     1.976       R8C6D.F0 to       R4C5A.A0 probe/system/core/engine/seq/next_address_sn_N_37_mux
CTOOFX_DEL  ---     0.721       R4C5A.A0 to     R4C5A.OFX0 probe/system/core/engine/seq/SLICE_242
ROUTE         5     1.766     R4C5A.OFX0 to EBR_R6C1.ADA10 probe/system/core/engine/next_address[7] (to clk_c)
                  --------
                   20.688   (26.8% logic, 73.2% route), 9 logic levels.

Unconstrained Preference:
   INPUT_SETUP PORT "reset" CLKPORT "clk" 

Report:   20.579ns delay reset to probe/system/core/engine/rom/lane_2 (20.605ns delay and -0.026ns setup)

   Name    Fanout   Delay (ns)          Site               Resource
PADI_DEL    ---     1.132          4.PAD to        4.PADDI reset
ROUTE       233     4.751        4.PADDI to     R10C14B.D1 reset_c
CTOF_DEL    ---     0.495     R10C14B.D1 to     R10C14B.F1 probe/system/SLICE_295
ROUTE         4     1.032     R10C14B.F1 to     R10C13C.B0 probe/system/requestdup
CTOF_DEL    ---     0.495     R10C13C.B0 to     R10C13C.F0 probe/system/SLICE_331
ROUTE         3     0.445     R10C13C.F0 to     R10C13C.C1 probe/system/ackdup
CTOF_DEL    ---     0.495     R10C13C.C1 to     R10C13C.F1 probe/system/SLICE_331
ROUTE         3     2.083     R10C13C.F1 to       R7C7A.B1 probe/system/core/engine/un1_bus_fault_2dup
CTOOFX_DEL  ---     0.721       R7C7A.B1 to     R7C7A.OFX0 probe/system/core/engine/seq/predicates_pmux_6/SLICE_246
ROUTE         1     1.962     R7C7A.OFX0 to       R8C6C.B1 probe/system/core/engine/seq/N_164
CTOF_DEL    ---     0.495       R8C6C.B1 to       R8C6C.F1 probe/system/core/engine/SLICE_335
ROUTE         1     0.436       R8C6C.F1 to       R8C6C.C0 probe/system/core/engine/seq/condition
CTOF_DEL    ---     0.495       R8C6C.C0 to       R8C6C.F0 probe/system/core/engine/SLICE_335
ROUTE         1     0.693       R8C6C.F0 to       R8C6D.B0 probe/system/core/engine/seq/next_address_sn_N_35_mux
CTOF_DEL    ---     0.495       R8C6D.B0 to       R8C6D.F0 probe/system/core/engine/SLICE_336
ROUTE        10     1.007       R8C6D.F0 to       R7C4D.D0 probe/system/core/engine/seq/next_address_sn_N_37_mux
CTOOFX_DEL  ---     0.721       R7C4D.D0 to     R7C4D.OFX0 probe/system/core/engine/seq/SLICE_236
ROUTE         5     2.652     R7C4D.OFX0 to EBR_R6C10.ADA4 probe/system/core/engine/next_address[1] (to clk_c)
                  --------
                   20.605   (26.9% logic, 73.1% route), 9 logic levels.

Unconstrained Preference:
   INPUT_SETUP PORT "reset" CLKPORT "clk" 

Report:   20.526ns delay reset to probe/system/core/engine/rom/lane_0 (20.552ns delay and -0.026ns setup)

   Name    Fanout   Delay (ns)          Site               Resource
PADI_DEL    ---     1.132          4.PAD to        4.PADDI reset
ROUTE       233     4.751        4.PADDI to     R10C14B.D1 reset_c
CTOF_DEL    ---     0.495     R10C14B.D1 to     R10C14B.F1 probe/system/SLICE_295
ROUTE         4     1.032     R10C14B.F1 to     R10C13C.B0 probe/system/requestdup
CTOF_DEL    ---     0.495     R10C13C.B0 to     R10C13C.F0 probe/system/SLICE_331
ROUTE         3     0.445     R10C13C.F0 to     R10C13C.C1 probe/system/ackdup
CTOF_DEL    ---     0.495     R10C13C.C1 to     R10C13C.F1 probe/system/SLICE_331
ROUTE         3     2.083     R10C13C.F1 to       R7C7A.B1 probe/system/core/engine/un1_bus_fault_2dup
CTOOFX_DEL  ---     0.721       R7C7A.B1 to     R7C7A.OFX0 probe/system/core/engine/seq/predicates_pmux_6/SLICE_246
ROUTE         1     1.962     R7C7A.OFX0 to       R8C6C.B1 probe/system/core/engine/seq/N_164
CTOF_DEL    ---     0.495       R8C6C.B1 to       R8C6C.F1 probe/system/core/engine/SLICE_335
ROUTE         1     0.436       R8C6C.F1 to       R8C6C.C0 probe/system/core/engine/seq/condition
CTOF_DEL    ---     0.495       R8C6C.C0 to       R8C6C.F0 probe/system/core/engine/SLICE_335
ROUTE         1     0.693       R8C6C.F0 to       R8C6D.B0 probe/system/core/engine/seq/next_address_sn_N_35_mux
CTOF_DEL    ---     0.495       R8C6D.B0 to       R8C6D.F0 probe/system/core/engine/SLICE_336
ROUTE        10     1.399       R8C6D.F0 to       R5C6A.A0 probe/system/core/engine/seq/next_address_sn_N_37_mux
CTOOFX_DEL  ---     0.721       R5C6A.A0 to     R5C6A.OFX0 probe/system/core/engine/seq/SLICE_238
ROUTE         5     2.207     R5C6A.OFX0 to  EBR_R6C1.ADA6 probe/system/core/engine/next_address[3] (to clk_c)
                  --------
                   20.552   (27.0% logic, 73.0% route), 9 logic levels.

Unconstrained Preference:
   INPUT_SETUP PORT "reset" CLKPORT "clk" 

Report:   20.489ns delay reset to probe/system/core/engine/rom/lane_2 (20.515ns delay and -0.026ns setup)

   Name    Fanout   Delay (ns)          Site               Resource
PADI_DEL    ---     1.132          4.PAD to        4.PADDI reset
ROUTE       233     4.751        4.PADDI to     R10C14B.D1 reset_c
CTOF_DEL    ---     0.495     R10C14B.D1 to     R10C14B.F1 probe/system/SLICE_295
ROUTE         4     1.032     R10C14B.F1 to     R10C13C.B0 probe/system/requestdup
CTOF_DEL    ---     0.495     R10C13C.B0 to     R10C13C.F0 probe/system/SLICE_331
ROUTE         3     0.445     R10C13C.F0 to     R10C13C.C1 probe/system/ackdup
CTOF_DEL    ---     0.495     R10C13C.C1 to     R10C13C.F1 probe/system/SLICE_331
ROUTE         3     2.083     R10C13C.F1 to       R7C7A.B1 probe/system/core/engine/un1_bus_fault_2dup
CTOOFX_DEL  ---     0.721       R7C7A.B1 to     R7C7A.OFX0 probe/system/core/engine/seq/predicates_pmux_6/SLICE_246
ROUTE         1     1.962     R7C7A.OFX0 to       R8C6C.B1 probe/system/core/engine/seq/N_164
CTOF_DEL    ---     0.495       R8C6C.B1 to       R8C6C.F1 probe/system/core/engine/SLICE_335
ROUTE         1     0.436       R8C6C.F1 to       R8C6C.C0 probe/system/core/engine/seq/condition
CTOF_DEL    ---     0.495       R8C6C.C0 to       R8C6C.F0 probe/system/core/engine/SLICE_335
ROUTE         1     0.693       R8C6C.F0 to       R8C6D.B0 probe/system/core/engine/seq/next_address_sn_N_35_mux
CTOF_DEL    ---     0.495       R8C6D.B0 to       R8C6D.F0 probe/system/core/engine/SLICE_336
ROUTE        10     1.536       R8C6D.F0 to       R5C5C.A0 probe/system/core/engine/seq/next_address_sn_N_37_mux
CTOOFX_DEL  ---     0.721       R5C5C.A0 to     R5C5C.OFX0 probe/system/core/engine/seq/SLICE_243
ROUTE         5     2.033     R5C5C.OFX0 to *R_R6C10.ADA11 probe/system/core/engine/next_address[8] (to clk_c)
                  --------
                   20.515   (27.0% logic, 73.0% route), 9 logic levels.

Unconstrained Preference:
   INPUT_SETUP PORT "reset" CLKPORT "clk" 

Report:   20.475ns delay reset to probe/system/core/engine/rom/lane_1 (20.501ns delay and -0.026ns setup)

   Name    Fanout   Delay (ns)          Site               Resource
PADI_DEL    ---     1.132          4.PAD to        4.PADDI reset
ROUTE       233     4.751        4.PADDI to     R10C14B.D1 reset_c
CTOF_DEL    ---     0.495     R10C14B.D1 to     R10C14B.F1 probe/system/SLICE_295
ROUTE         4     1.032     R10C14B.F1 to     R10C13C.B0 probe/system/requestdup
CTOF_DEL    ---     0.495     R10C13C.B0 to     R10C13C.F0 probe/system/SLICE_331
ROUTE         3     0.445     R10C13C.F0 to     R10C13C.C1 probe/system/ackdup
CTOF_DEL    ---     0.495     R10C13C.C1 to     R10C13C.F1 probe/system/SLICE_331
ROUTE         3     2.083     R10C13C.F1 to       R7C7A.B1 probe/system/core/engine/un1_bus_fault_2dup
CTOOFX_DEL  ---     0.721       R7C7A.B1 to     R7C7A.OFX0 probe/system/core/engine/seq/predicates_pmux_6/SLICE_246
ROUTE         1     1.962     R7C7A.OFX0 to       R8C6C.B1 probe/system/core/engine/seq/N_164
CTOF_DEL    ---     0.495       R8C6C.B1 to       R8C6C.F1 probe/system/core/engine/SLICE_335
ROUTE         1     0.436       R8C6C.F1 to       R8C6C.C0 probe/system/core/engine/seq/condition
CTOF_DEL    ---     0.495       R8C6C.C0 to       R8C6C.F0 probe/system/core/engine/SLICE_335
ROUTE         1     0.693       R8C6C.F0 to       R8C6D.B0 probe/system/core/engine/seq/next_address_sn_N_35_mux
CTOF_DEL    ---     0.495       R8C6D.B0 to       R8C6D.F0 probe/system/core/engine/SLICE_336
ROUTE        10     2.403       R8C6D.F0 to       R4C4A.A0 probe/system/core/engine/seq/next_address_sn_N_37_mux
CTOOFX_DEL  ---     0.721       R4C4A.A0 to     R4C4A.OFX0 probe/system/core/engine/seq/SLICE_244
ROUTE         5     1.152     R4C4A.OFX0 to EBR_R6C4.ADA12 probe/system/core/engine/next_address[9] (to clk_c)
                  --------
                   20.501   (27.0% logic, 73.0% route), 9 logic levels.

Unconstrained Preference:
   INPUT_SETUP PORT "reset" CLKPORT "clk" 

Report:   20.459ns delay reset to probe/system/core/engine/rom/lane_0 (20.485ns delay and -0.026ns setup)

   Name    Fanout   Delay (ns)          Site               Resource
PADI_DEL    ---     1.132          4.PAD to        4.PADDI reset
ROUTE       233     4.751        4.PADDI to     R10C14B.D1 reset_c
CTOF_DEL    ---     0.495     R10C14B.D1 to     R10C14B.F1 probe/system/SLICE_295
ROUTE         4     1.032     R10C14B.F1 to     R10C13C.B0 probe/system/requestdup
CTOF_DEL    ---     0.495     R10C13C.B0 to     R10C13C.F0 probe/system/SLICE_331
ROUTE         3     0.445     R10C13C.F0 to     R10C13C.C1 probe/system/ackdup
CTOF_DEL    ---     0.495     R10C13C.C1 to     R10C13C.F1 probe/system/SLICE_331
ROUTE         3     2.083     R10C13C.F1 to       R7C7A.B1 probe/system/core/engine/un1_bus_fault_2dup
CTOOFX_DEL  ---     0.721       R7C7A.B1 to     R7C7A.OFX0 probe/system/core/engine/seq/predicates_pmux_6/SLICE_246
ROUTE         1     1.962     R7C7A.OFX0 to       R8C6C.B1 probe/system/core/engine/seq/N_164
CTOF_DEL    ---     0.495       R8C6C.B1 to       R8C6C.F1 probe/system/core/engine/SLICE_335
ROUTE         1     0.436       R8C6C.F1 to       R8C6C.C0 probe/system/core/engine/seq/condition
CTOF_DEL    ---     0.495       R8C6C.C0 to       R8C6C.F0 probe/system/core/engine/SLICE_335
ROUTE         1     0.693       R8C6C.F0 to       R8C6D.B0 probe/system/core/engine/seq/next_address_sn_N_35_mux
CTOF_DEL    ---     0.495       R8C6D.B0 to       R8C6D.F0 probe/system/core/engine/SLICE_336
ROUTE        10     1.536       R8C6D.F0 to       R5C5C.A0 probe/system/core/engine/seq/next_address_sn_N_37_mux
CTOOFX_DEL  ---     0.721       R5C5C.A0 to     R5C5C.OFX0 probe/system/core/engine/seq/SLICE_243
ROUTE         5     2.003     R5C5C.OFX0 to EBR_R6C1.ADA11 probe/system/core/engine/next_address[8] (to clk_c)
                  --------
                   20.485   (27.1% logic, 72.9% route), 9 logic levels.

Unconstrained Preference:
   INPUT_SETUP PORT "reset" CLKPORT "clk" 

Report:   20.458ns delay reset to probe/system/core/engine/rom/lane_2 (20.484ns delay and -0.026ns setup)

   Name    Fanout   Delay (ns)          Site               Resource
PADI_DEL    ---     1.132          4.PAD to        4.PADDI reset
ROUTE       233     4.751        4.PADDI to     R10C14B.D1 reset_c
CTOF_DEL    ---     0.495     R10C14B.D1 to     R10C14B.F1 probe/system/SLICE_295
ROUTE         4     1.032     R10C14B.F1 to     R10C13C.B0 probe/system/requestdup
CTOF_DEL    ---     0.495     R10C13C.B0 to     R10C13C.F0 probe/system/SLICE_331
ROUTE         3     0.445     R10C13C.F0 to     R10C13C.C1 probe/system/ackdup
CTOF_DEL    ---     0.495     R10C13C.C1 to     R10C13C.F1 probe/system/SLICE_331
ROUTE         3     2.083     R10C13C.F1 to       R7C7A.B1 probe/system/core/engine/un1_bus_fault_2dup
CTOOFX_DEL  ---     0.721       R7C7A.B1 to     R7C7A.OFX0 probe/system/core/engine/seq/predicates_pmux_6/SLICE_246
ROUTE         1     1.962     R7C7A.OFX0 to       R8C6C.B1 probe/system/core/engine/seq/N_164
CTOF_DEL    ---     0.495       R8C6C.B1 to       R8C6C.F1 probe/system/core/engine/SLICE_335
ROUTE         1     0.436       R8C6C.F1 to       R8C6C.C0 probe/system/core/engine/seq/condition
CTOF_DEL    ---     0.495       R8C6C.C0 to       R8C6C.F0 probe/system/core/engine/SLICE_335
ROUTE         1     0.693       R8C6C.F0 to       R8C6D.B0 probe/system/core/engine/seq/next_address_sn_N_35_mux
CTOF_DEL    ---     0.495       R8C6D.B0 to       R8C6D.F0 probe/system/core/engine/SLICE_336
ROUTE        10     1.399       R8C6D.F0 to       R5C6A.A0 probe/system/core/engine/seq/next_address_sn_N_37_mux
CTOOFX_DEL  ---     0.721       R5C6A.A0 to     R5C6A.OFX0 probe/system/core/engine/seq/SLICE_238
ROUTE         5     2.139     R5C6A.OFX0 to EBR_R6C10.ADA6 probe/system/core/engine/next_address[3] (to clk_c)
                  --------
                   20.484   (27.1% logic, 72.9% route), 9 logic levels.

Unconstrained Preference:
   INPUT_SETUP PORT "reset" CLKPORT "clk" 

Report:   20.351ns delay reset to probe/system/core/engine/rom/lane_0 (20.377ns delay and -0.026ns setup)

   Name    Fanout   Delay (ns)          Site               Resource
PADI_DEL    ---     1.132          4.PAD to        4.PADDI reset
ROUTE       233     4.751        4.PADDI to     R10C14B.D1 reset_c
CTOF_DEL    ---     0.495     R10C14B.D1 to     R10C14B.F1 probe/system/SLICE_295
ROUTE         4     1.032     R10C14B.F1 to     R10C13C.B0 probe/system/requestdup
CTOF_DEL    ---     0.495     R10C13C.B0 to     R10C13C.F0 probe/system/SLICE_331
ROUTE         3     0.445     R10C13C.F0 to     R10C13C.C1 probe/system/ackdup
CTOF_DEL    ---     0.495     R10C13C.C1 to     R10C13C.F1 probe/system/SLICE_331
ROUTE         3     2.083     R10C13C.F1 to       R7C7A.B1 probe/system/core/engine/un1_bus_fault_2dup
CTOOFX_DEL  ---     0.721       R7C7A.B1 to     R7C7A.OFX0 probe/system/core/engine/seq/predicates_pmux_6/SLICE_246
ROUTE         1     1.962     R7C7A.OFX0 to       R8C6C.B1 probe/system/core/engine/seq/N_164
CTOF_DEL    ---     0.495       R8C6C.B1 to       R8C6C.F1 probe/system/core/engine/SLICE_335
ROUTE         1     0.436       R8C6C.F1 to       R8C6C.C0 probe/system/core/engine/seq/condition
CTOF_DEL    ---     0.495       R8C6C.C0 to       R8C6C.F0 probe/system/core/engine/SLICE_335
ROUTE         1     0.693       R8C6C.F0 to       R8C6D.B0 probe/system/core/engine/seq/next_address_sn_N_35_mux
CTOF_DEL    ---     0.495       R8C6D.B0 to       R8C6D.F0 probe/system/core/engine/SLICE_336
ROUTE        10     1.713       R8C6D.F0 to       R5C5B.C0 probe/system/core/engine/seq/next_address_sn_N_37_mux
CTOOFX_DEL  ---     0.721       R5C5B.C0 to     R5C5B.OFX0 probe/system/core/engine/seq/SLICE_240
ROUTE         5     1.718     R5C5B.OFX0 to  EBR_R6C1.ADA8 probe/system/core/engine/next_address[5] (to clk_c)
                  --------
                   20.377   (27.2% logic, 72.8% route), 9 logic levels.

Unconstrained Preference:
   INPUT_SETUP PORT "reset" CLKPORT "clk" 

Report:   20.338ns delay reset to probe/system/core/engine/rom/lane_3 (20.364ns delay and -0.026ns setup)

   Name    Fanout   Delay (ns)          Site               Resource
PADI_DEL    ---     1.132          4.PAD to        4.PADDI reset
ROUTE       233     4.751        4.PADDI to     R10C14B.D1 reset_c
CTOF_DEL    ---     0.495     R10C14B.D1 to     R10C14B.F1 probe/system/SLICE_295
ROUTE         4     1.032     R10C14B.F1 to     R10C13C.B0 probe/system/requestdup
CTOF_DEL    ---     0.495     R10C13C.B0 to     R10C13C.F0 probe/system/SLICE_331
ROUTE         3     0.445     R10C13C.F0 to     R10C13C.C1 probe/system/ackdup
CTOF_DEL    ---     0.495     R10C13C.C1 to     R10C13C.F1 probe/system/SLICE_331
ROUTE         3     2.083     R10C13C.F1 to       R7C7A.B1 probe/system/core/engine/un1_bus_fault_2dup
CTOOFX_DEL  ---     0.721       R7C7A.B1 to     R7C7A.OFX0 probe/system/core/engine/seq/predicates_pmux_6/SLICE_246
ROUTE         1     1.962     R7C7A.OFX0 to       R8C6C.B1 probe/system/core/engine/seq/N_164
CTOF_DEL    ---     0.495       R8C6C.B1 to       R8C6C.F1 probe/system/core/engine/SLICE_335
ROUTE         1     0.436       R8C6C.F1 to       R8C6C.C0 probe/system/core/engine/seq/condition
CTOF_DEL    ---     0.495       R8C6C.C0 to       R8C6C.F0 probe/system/core/engine/SLICE_335
ROUTE         1     0.693       R8C6C.F0 to       R8C6D.B0 probe/system/core/engine/seq/next_address_sn_N_35_mux
CTOF_DEL    ---     0.495       R8C6D.B0 to       R8C6D.F0 probe/system/core/engine/SLICE_336
ROUTE        10     1.756       R8C6D.F0 to       R4C5C.C0 probe/system/core/engine/seq/next_address_sn_N_37_mux
CTOOFX_DEL  ---     0.721       R4C5C.C0 to     R4C5C.OFX0 probe/system/core/engine/seq/SLICE_241
ROUTE         5     1.662     R4C5C.OFX0 to  EBR_R6C7.ADA9 probe/system/core/engine/next_address[6] (to clk_c)
                  --------
                   20.364   (27.2% logic, 72.8% route), 9 logic levels.

Unconstrained Preference:
   INPUT_SETUP PORT "reset" CLKPORT "clk" 

Report:   20.338ns delay reset to probe/system/core/engine/rom/lane_2 (20.364ns delay and -0.026ns setup)

   Name    Fanout   Delay (ns)          Site               Resource
PADI_DEL    ---     1.132          4.PAD to        4.PADDI reset
ROUTE       233     4.751        4.PADDI to     R10C14B.D1 reset_c
CTOF_DEL    ---     0.495     R10C14B.D1 to     R10C14B.F1 probe/system/SLICE_295
ROUTE         4     1.032     R10C14B.F1 to     R10C13C.B0 probe/system/requestdup
CTOF_DEL    ---     0.495     R10C13C.B0 to     R10C13C.F0 probe/system/SLICE_331
ROUTE         3     0.445     R10C13C.F0 to     R10C13C.C1 probe/system/ackdup
CTOF_DEL    ---     0.495     R10C13C.C1 to     R10C13C.F1 probe/system/SLICE_331
ROUTE         3     2.083     R10C13C.F1 to       R7C7A.B1 probe/system/core/engine/un1_bus_fault_2dup
CTOOFX_DEL  ---     0.721       R7C7A.B1 to     R7C7A.OFX0 probe/system/core/engine/seq/predicates_pmux_6/SLICE_246
ROUTE         1     1.962     R7C7A.OFX0 to       R8C6C.B1 probe/system/core/engine/seq/N_164
CTOF_DEL    ---     0.495       R8C6C.B1 to       R8C6C.F1 probe/system/core/engine/SLICE_335
ROUTE         1     0.436       R8C6C.F1 to       R8C6C.C0 probe/system/core/engine/seq/condition
CTOF_DEL    ---     0.495       R8C6C.C0 to       R8C6C.F0 probe/system/core/engine/SLICE_335
ROUTE         1     0.693       R8C6C.F0 to       R8C6D.B0 probe/system/core/engine/seq/next_address_sn_N_35_mux
CTOF_DEL    ---     0.495       R8C6D.B0 to       R8C6D.F0 probe/system/core/engine/SLICE_336
ROUTE        10     1.756       R8C6D.F0 to       R4C5C.C0 probe/system/core/engine/seq/next_address_sn_N_37_mux
CTOOFX_DEL  ---     0.721       R4C5C.C0 to     R4C5C.OFX0 probe/system/core/engine/seq/SLICE_241
ROUTE         5     1.662     R4C5C.OFX0 to EBR_R6C10.ADA9 probe/system/core/engine/next_address[6] (to clk_c)
                  --------
                   20.364   (27.2% logic, 72.8% route), 9 logic levels.

Unconstrained Preference:
   INPUT_SETUP PORT "reset" CLKPORT "clk" 

Report:   20.330ns delay reset to probe/system/core/engine/rom/lane_0 (20.356ns delay and -0.026ns setup)

   Name    Fanout   Delay (ns)          Site               Resource
PADI_DEL    ---     1.132          4.PAD to        4.PADDI reset
ROUTE       233     4.751        4.PADDI to     R10C14B.D1 reset_c
CTOF_DEL    ---     0.495     R10C14B.D1 to     R10C14B.F1 probe/system/SLICE_295
ROUTE         4     1.032     R10C14B.F1 to     R10C13C.B0 probe/system/requestdup
CTOF_DEL    ---     0.495     R10C13C.B0 to     R10C13C.F0 probe/system/SLICE_331
ROUTE         3     0.445     R10C13C.F0 to     R10C13C.C1 probe/system/ackdup
CTOF_DEL    ---     0.495     R10C13C.C1 to     R10C13C.F1 probe/system/SLICE_331
ROUTE         3     2.083     R10C13C.F1 to       R7C7A.B1 probe/system/core/engine/un1_bus_fault_2dup
CTOOFX_DEL  ---     0.721       R7C7A.B1 to     R7C7A.OFX0 probe/system/core/engine/seq/predicates_pmux_6/SLICE_246
ROUTE         1     1.962     R7C7A.OFX0 to       R8C6C.B1 probe/system/core/engine/seq/N_164
CTOF_DEL    ---     0.495       R8C6C.B1 to       R8C6C.F1 probe/system/core/engine/SLICE_335
ROUTE         1     0.436       R8C6C.F1 to       R8C6C.C0 probe/system/core/engine/seq/condition
CTOF_DEL    ---     0.495       R8C6C.C0 to       R8C6C.F0 probe/system/core/engine/SLICE_335
ROUTE         1     0.693       R8C6C.F0 to       R8C6D.B0 probe/system/core/engine/seq/next_address_sn_N_35_mux
CTOF_DEL    ---     0.495       R8C6D.B0 to       R8C6D.F0 probe/system/core/engine/SLICE_336
ROUTE        10     1.756       R8C6D.F0 to       R4C5C.C0 probe/system/core/engine/seq/next_address_sn_N_37_mux
CTOOFX_DEL  ---     0.721       R4C5C.C0 to     R4C5C.OFX0 probe/system/core/engine/seq/SLICE_241
ROUTE         5     1.654     R4C5C.OFX0 to  EBR_R6C1.ADA9 probe/system/core/engine/next_address[6] (to clk_c)
                  --------
                   20.356   (27.2% logic, 72.8% route), 9 logic levels.

Unconstrained Preference:
   INPUT_SETUP PORT "reset" CLKPORT "clk" 

Report:   20.322ns delay reset to probe/system/core/engine/rom/lane_3 (20.348ns delay and -0.026ns setup)

   Name    Fanout   Delay (ns)          Site               Resource
PADI_DEL    ---     1.132          4.PAD to        4.PADDI reset
ROUTE       233     4.751        4.PADDI to     R10C14B.D1 reset_c
CTOF_DEL    ---     0.495     R10C14B.D1 to     R10C14B.F1 probe/system/SLICE_295
ROUTE         4     1.032     R10C14B.F1 to     R10C13C.B0 probe/system/requestdup
CTOF_DEL    ---     0.495     R10C13C.B0 to     R10C13C.F0 probe/system/SLICE_331
ROUTE         3     0.445     R10C13C.F0 to     R10C13C.C1 probe/system/ackdup
CTOF_DEL    ---     0.495     R10C13C.C1 to     R10C13C.F1 probe/system/SLICE_331
ROUTE         3     2.083     R10C13C.F1 to       R7C7A.B1 probe/system/core/engine/un1_bus_fault_2dup
CTOOFX_DEL  ---     0.721       R7C7A.B1 to     R7C7A.OFX0 probe/system/core/engine/seq/predicates_pmux_6/SLICE_246
ROUTE         1     1.962     R7C7A.OFX0 to       R8C6C.B1 probe/system/core/engine/seq/N_164
CTOF_DEL    ---     0.495       R8C6C.B1 to       R8C6C.F1 probe/system/core/engine/SLICE_335
ROUTE         1     0.436       R8C6C.F1 to       R8C6C.C0 probe/system/core/engine/seq/condition
CTOF_DEL    ---     0.495       R8C6C.C0 to       R8C6C.F0 probe/system/core/engine/SLICE_335
ROUTE         1     0.693       R8C6C.F0 to       R8C6D.B0 probe/system/core/engine/seq/next_address_sn_N_35_mux
CTOF_DEL    ---     0.495       R8C6D.B0 to       R8C6D.F0 probe/system/core/engine/SLICE_336
ROUTE        10     1.713       R8C6D.F0 to       R5C5B.C0 probe/system/core/engine/seq/next_address_sn_N_37_mux
CTOOFX_DEL  ---     0.721       R5C5B.C0 to     R5C5B.OFX0 probe/system/core/engine/seq/SLICE_240
ROUTE         5     1.689     R5C5B.OFX0 to  EBR_R6C7.ADA8 probe/system/core/engine/next_address[5] (to clk_c)
                  --------
                   20.348   (27.2% logic, 72.8% route), 9 logic levels.

Unconstrained Preference:
   INPUT_SETUP PORT "reset" CLKPORT "clk" 

Report:   20.322ns delay reset to probe/system/core/engine/rom/lane_2 (20.348ns delay and -0.026ns setup)

   Name    Fanout   Delay (ns)          Site               Resource
PADI_DEL    ---     1.132          4.PAD to        4.PADDI reset
ROUTE       233     4.751        4.PADDI to     R10C14B.D1 reset_c
CTOF_DEL    ---     0.495     R10C14B.D1 to     R10C14B.F1 probe/system/SLICE_295
ROUTE         4     1.032     R10C14B.F1 to     R10C13C.B0 probe/system/requestdup
CTOF_DEL    ---     0.495     R10C13C.B0 to     R10C13C.F0 probe/system/SLICE_331
ROUTE         3     0.445     R10C13C.F0 to     R10C13C.C1 probe/system/ackdup
CTOF_DEL    ---     0.495     R10C13C.C1 to     R10C13C.F1 probe/system/SLICE_331
ROUTE         3     2.083     R10C13C.F1 to       R7C7A.B1 probe/system/core/engine/un1_bus_fault_2dup
CTOOFX_DEL  ---     0.721       R7C7A.B1 to     R7C7A.OFX0 probe/system/core/engine/seq/predicates_pmux_6/SLICE_246
ROUTE         1     1.962     R7C7A.OFX0 to       R8C6C.B1 probe/system/core/engine/seq/N_164
CTOF_DEL    ---     0.495       R8C6C.B1 to       R8C6C.F1 probe/system/core/engine/SLICE_335
ROUTE         1     0.436       R8C6C.F1 to       R8C6C.C0 probe/system/core/engine/seq/condition
CTOF_DEL    ---     0.495       R8C6C.C0 to       R8C6C.F0 probe/system/core/engine/SLICE_335
ROUTE         1     0.693       R8C6C.F0 to       R8C6D.B0 probe/system/core/engine/seq/next_address_sn_N_35_mux
CTOF_DEL    ---     0.495       R8C6D.B0 to       R8C6D.F0 probe/system/core/engine/SLICE_336
ROUTE        10     1.713       R8C6D.F0 to       R5C5B.C0 probe/system/core/engine/seq/next_address_sn_N_37_mux
CTOOFX_DEL  ---     0.721       R5C5B.C0 to     R5C5B.OFX0 probe/system/core/engine/seq/SLICE_240
ROUTE         5     1.689     R5C5B.OFX0 to EBR_R6C10.ADA8 probe/system/core/engine/next_address[5] (to clk_c)
                  --------
                   20.348   (27.2% logic, 72.8% route), 9 logic levels.

Unconstrained Preference:
   INPUT_SETUP PORT "reset" CLKPORT "clk" 

Report:   20.257ns delay reset to probe/system/core/engine/rom/lane_2 (20.283ns delay and -0.026ns setup)

   Name    Fanout   Delay (ns)          Site               Resource
PADI_DEL    ---     1.132          4.PAD to        4.PADDI reset
ROUTE       233     4.751        4.PADDI to     R10C14B.D1 reset_c
CTOF_DEL    ---     0.495     R10C14B.D1 to     R10C14B.F1 probe/system/SLICE_295
ROUTE         4     1.032     R10C14B.F1 to     R10C13C.B0 probe/system/requestdup
CTOF_DEL    ---     0.495     R10C13C.B0 to     R10C13C.F0 probe/system/SLICE_331
ROUTE         3     0.445     R10C13C.F0 to     R10C13C.C1 probe/system/ackdup
CTOF_DEL    ---     0.495     R10C13C.C1 to     R10C13C.F1 probe/system/SLICE_331
ROUTE         3     2.083     R10C13C.F1 to       R7C7A.B1 probe/system/core/engine/un1_bus_fault_2dup
CTOOFX_DEL  ---     0.721       R7C7A.B1 to     R7C7A.OFX0 probe/system/core/engine/seq/predicates_pmux_6/SLICE_246
ROUTE         1     1.962     R7C7A.OFX0 to       R8C6C.B1 probe/system/core/engine/seq/N_164
CTOF_DEL    ---     0.495       R8C6C.B1 to       R8C6C.F1 probe/system/core/engine/SLICE_335
ROUTE         1     0.436       R8C6C.F1 to       R8C6C.C0 probe/system/core/engine/seq/condition
CTOF_DEL    ---     0.495       R8C6C.C0 to       R8C6C.F0 probe/system/core/engine/SLICE_335
ROUTE         1     0.693       R8C6C.F0 to       R8C6D.B0 probe/system/core/engine/seq/next_address_sn_N_35_mux
CTOF_DEL    ---     0.495       R8C6D.B0 to       R8C6D.F0 probe/system/core/engine/SLICE_336
ROUTE        10     0.780       R8C6D.F0 to       R7C6B.C0 probe/system/core/engine/seq/next_address_sn_N_37_mux
CTOOFX_DEL  ---     0.721       R7C6B.C0 to     R7C6B.OFX0 probe/system/core/engine/seq/SLICE_235
ROUTE         5     2.557     R7C6B.OFX0 to EBR_R6C10.ADA3 probe/system/core/engine/next_address[0] (to clk_c)
                  --------
                   20.283   (27.3% logic, 72.7% route), 9 logic levels.

Unconstrained Preference:
   INPUT_SETUP PORT "reset" CLKPORT "clk" 

Report:   20.243ns delay reset to probe/system/core/engine/rom/lane_1 (20.269ns delay and -0.026ns setup)

   Name    Fanout   Delay (ns)          Site               Resource
PADI_DEL    ---     1.132          4.PAD to        4.PADDI reset
ROUTE       233     4.751        4.PADDI to     R10C14B.D1 reset_c
CTOF_DEL    ---     0.495     R10C14B.D1 to     R10C14B.F1 probe/system/SLICE_295
ROUTE         4     1.032     R10C14B.F1 to     R10C13C.B0 probe/system/requestdup
CTOF_DEL    ---     0.495     R10C13C.B0 to     R10C13C.F0 probe/system/SLICE_331
ROUTE         3     0.445     R10C13C.F0 to     R10C13C.C1 probe/system/ackdup
CTOF_DEL    ---     0.495     R10C13C.C1 to     R10C13C.F1 probe/system/SLICE_331
ROUTE         3     2.083     R10C13C.F1 to       R7C7A.B1 probe/system/core/engine/un1_bus_fault_2dup
CTOOFX_DEL  ---     0.721       R7C7A.B1 to     R7C7A.OFX0 probe/system/core/engine/seq/predicates_pmux_6/SLICE_246
ROUTE         1     1.962     R7C7A.OFX0 to       R8C6C.B1 probe/system/core/engine/seq/N_164
CTOF_DEL    ---     0.495       R8C6C.B1 to       R8C6C.F1 probe/system/core/engine/SLICE_335
ROUTE         1     0.436       R8C6C.F1 to       R8C6C.C0 probe/system/core/engine/seq/condition
CTOF_DEL    ---     0.495       R8C6C.C0 to       R8C6C.F0 probe/system/core/engine/SLICE_335
ROUTE         1     0.693       R8C6C.F0 to       R8C6D.B0 probe/system/core/engine/seq/next_address_sn_N_35_mux
CTOF_DEL    ---     0.495       R8C6D.B0 to       R8C6D.F0 probe/system/core/engine/SLICE_336
ROUTE        10     0.780       R8C6D.F0 to       R7C6B.C0 probe/system/core/engine/seq/next_address_sn_N_37_mux
CTOOFX_DEL  ---     0.721       R7C6B.C0 to     R7C6B.OFX0 probe/system/core/engine/seq/SLICE_235
ROUTE         5     2.543     R7C6B.OFX0 to  EBR_R6C4.ADA3 probe/system/core/engine/next_address[0] (to clk_c)
                  --------
                   20.269   (27.4% logic, 72.6% route), 9 logic levels.

Unconstrained Preference:
   INPUT_SETUP PORT "reset" CLKPORT "clk" 

Report:   20.147ns delay reset to probe/system/core/engine/rom/lane_3 (20.173ns delay and -0.026ns setup)

   Name    Fanout   Delay (ns)          Site               Resource
PADI_DEL    ---     1.132          4.PAD to        4.PADDI reset
ROUTE       233     4.751        4.PADDI to     R10C14B.D1 reset_c
CTOF_DEL    ---     0.495     R10C14B.D1 to     R10C14B.F1 probe/system/SLICE_295
ROUTE         4     1.032     R10C14B.F1 to     R10C13C.B0 probe/system/requestdup
CTOF_DEL    ---     0.495     R10C13C.B0 to     R10C13C.F0 probe/system/SLICE_331
ROUTE         3     0.445     R10C13C.F0 to     R10C13C.C1 probe/system/ackdup
CTOF_DEL    ---     0.495     R10C13C.C1 to     R10C13C.F1 probe/system/SLICE_331
ROUTE         3     2.083     R10C13C.F1 to       R7C7A.B1 probe/system/core/engine/un1_bus_fault_2dup
CTOOFX_DEL  ---     0.721       R7C7A.B1 to     R7C7A.OFX0 probe/system/core/engine/seq/predicates_pmux_6/SLICE_246
ROUTE         1     1.962     R7C7A.OFX0 to       R8C6C.B1 probe/system/core/engine/seq/N_164
CTOF_DEL    ---     0.495       R8C6C.B1 to       R8C6C.F1 probe/system/core/engine/SLICE_335
ROUTE         1     0.436       R8C6C.F1 to       R8C6C.C0 probe/system/core/engine/seq/condition
CTOF_DEL    ---     0.495       R8C6C.C0 to       R8C6C.F0 probe/system/core/engine/SLICE_335
ROUTE         1     0.693       R8C6C.F0 to       R8C6D.B0 probe/system/core/engine/seq/next_address_sn_N_35_mux
CTOF_DEL    ---     0.495       R8C6D.B0 to       R8C6D.F0 probe/system/core/engine/SLICE_336
ROUTE        10     1.536       R8C6D.F0 to       R5C5C.A0 probe/system/core/engine/seq/next_address_sn_N_37_mux
CTOOFX_DEL  ---     0.721       R5C5C.A0 to     R5C5C.OFX0 probe/system/core/engine/seq/SLICE_243
ROUTE         5     1.691     R5C5C.OFX0 to EBR_R6C7.ADA11 probe/system/core/engine/next_address[8] (to clk_c)
                  --------
                   20.173   (27.5% logic, 72.5% route), 9 logic levels.

Unconstrained Preference:
   INPUT_SETUP PORT "reset" CLKPORT "clk" 

Report:   20.031ns delay reset to probe/system/core/engine/rom/lane_3 (20.057ns delay and -0.026ns setup)

   Name    Fanout   Delay (ns)          Site               Resource
PADI_DEL    ---     1.132          4.PAD to        4.PADDI reset
ROUTE       233     4.751        4.PADDI to     R10C14B.D1 reset_c
CTOF_DEL    ---     0.495     R10C14B.D1 to     R10C14B.F1 probe/system/SLICE_295
ROUTE         4     1.032     R10C14B.F1 to     R10C13C.B0 probe/system/requestdup
CTOF_DEL    ---     0.495     R10C13C.B0 to     R10C13C.F0 probe/system/SLICE_331
ROUTE         3     0.445     R10C13C.F0 to     R10C13C.C1 probe/system/ackdup
CTOF_DEL    ---     0.495     R10C13C.C1 to     R10C13C.F1 probe/system/SLICE_331
ROUTE         3     2.083     R10C13C.F1 to       R7C7A.B1 probe/system/core/engine/un1_bus_fault_2dup
CTOOFX_DEL  ---     0.721       R7C7A.B1 to     R7C7A.OFX0 probe/system/core/engine/seq/predicates_pmux_6/SLICE_246
ROUTE         1     1.962     R7C7A.OFX0 to       R8C6C.B1 probe/system/core/engine/seq/N_164
CTOF_DEL    ---     0.495       R8C6C.B1 to       R8C6C.F1 probe/system/core/engine/SLICE_335
ROUTE         1     0.436       R8C6C.F1 to       R8C6C.C0 probe/system/core/engine/seq/condition
CTOF_DEL    ---     0.495       R8C6C.C0 to       R8C6C.F0 probe/system/core/engine/SLICE_335
ROUTE         1     0.693       R8C6C.F0 to       R8C6D.B0 probe/system/core/engine/seq/next_address_sn_N_35_mux
CTOF_DEL    ---     0.495       R8C6D.B0 to       R8C6D.F0 probe/system/core/engine/SLICE_336
ROUTE        10     1.399       R8C6D.F0 to       R5C6A.A0 probe/system/core/engine/seq/next_address_sn_N_37_mux
CTOOFX_DEL  ---     0.721       R5C6A.A0 to     R5C6A.OFX0 probe/system/core/engine/seq/SLICE_238
ROUTE         5     1.712     R5C6A.OFX0 to  EBR_R6C7.ADA6 probe/system/core/engine/next_address[3] (to clk_c)
                  --------
                   20.057   (27.6% logic, 72.4% route), 9 logic levels.

Unconstrained Preference:
   INPUT_SETUP PORT "reset" CLKPORT "clk" 

Report:   20.017ns delay reset to probe/system/core/engine/rom/lane_2 (20.043ns delay and -0.026ns setup)

   Name    Fanout   Delay (ns)          Site               Resource
PADI_DEL    ---     1.132          4.PAD to        4.PADDI reset
ROUTE       233     4.751        4.PADDI to     R10C14B.D1 reset_c
CTOF_DEL    ---     0.495     R10C14B.D1 to     R10C14B.F1 probe/system/SLICE_295
ROUTE         4     1.032     R10C14B.F1 to     R10C13C.B0 probe/system/requestdup
CTOF_DEL    ---     0.495     R10C13C.B0 to     R10C13C.F0 probe/system/SLICE_331
ROUTE         3     0.445     R10C13C.F0 to     R10C13C.C1 probe/system/ackdup
CTOF_DEL    ---     0.495     R10C13C.C1 to     R10C13C.F1 probe/system/SLICE_331
ROUTE         3     2.083     R10C13C.F1 to       R7C7A.B1 probe/system/core/engine/un1_bus_fault_2dup
CTOOFX_DEL  ---     0.721       R7C7A.B1 to     R7C7A.OFX0 probe/system/core/engine/seq/predicates_pmux_6/SLICE_246
ROUTE         1     1.962     R7C7A.OFX0 to       R8C6C.B1 probe/system/core/engine/seq/N_164
CTOF_DEL    ---     0.495       R8C6C.B1 to       R8C6C.F1 probe/system/core/engine/SLICE_335
ROUTE         1     0.436       R8C6C.F1 to       R8C6C.C0 probe/system/core/engine/seq/condition
CTOF_DEL    ---     0.495       R8C6C.C0 to       R8C6C.F0 probe/system/core/engine/SLICE_335
ROUTE         1     0.693       R8C6C.F0 to       R8C6D.B0 probe/system/core/engine/seq/next_address_sn_N_35_mux
CTOF_DEL    ---     0.495       R8C6D.B0 to       R8C6D.F0 probe/system/core/engine/SLICE_336
ROUTE        10     1.007       R8C6D.F0 to       R7C5D.D0 probe/system/core/engine/seq/next_address_sn_N_37_mux
CTOOFX_DEL  ---     0.721       R7C5D.D0 to     R7C5D.OFX0 probe/system/core/engine/seq/SLICE_239
ROUTE         5     2.090     R7C5D.OFX0 to EBR_R6C10.ADA7 probe/system/core/engine/next_address[4] (to clk_c)
                  --------
                   20.043   (27.7% logic, 72.3% route), 9 logic levels.

Unconstrained Preference:
   INPUT_SETUP PORT "reset" CLKPORT "clk" 

Report:   20.004ns delay reset to probe/system/core/engine/rom/lane_3 (20.030ns delay and -0.026ns setup)

   Name    Fanout   Delay (ns)          Site               Resource
PADI_DEL    ---     1.132          4.PAD to        4.PADDI reset
ROUTE       233     4.751        4.PADDI to     R10C14B.D1 reset_c
CTOF_DEL    ---     0.495     R10C14B.D1 to     R10C14B.F1 probe/system/SLICE_295
ROUTE         4     1.032     R10C14B.F1 to     R10C13C.B0 probe/system/requestdup
CTOF_DEL    ---     0.495     R10C13C.B0 to     R10C13C.F0 probe/system/SLICE_331
ROUTE         3     0.445     R10C13C.F0 to     R10C13C.C1 probe/system/ackdup
CTOF_DEL    ---     0.495     R10C13C.C1 to     R10C13C.F1 probe/system/SLICE_331
ROUTE         3     2.083     R10C13C.F1 to       R7C7A.B1 probe/system/core/engine/un1_bus_fault_2dup
CTOOFX_DEL  ---     0.721       R7C7A.B1 to     R7C7A.OFX0 probe/system/core/engine/seq/predicates_pmux_6/SLICE_246
ROUTE         1     1.962     R7C7A.OFX0 to       R8C6C.B1 probe/system/core/engine/seq/N_164
CTOF_DEL    ---     0.495       R8C6C.B1 to       R8C6C.F1 probe/system/core/engine/SLICE_335
ROUTE         1     0.436       R8C6C.F1 to       R8C6C.C0 probe/system/core/engine/seq/condition
CTOF_DEL    ---     0.495       R8C6C.C0 to       R8C6C.F0 probe/system/core/engine/SLICE_335
ROUTE         1     0.693       R8C6C.F0 to       R8C6D.B0 probe/system/core/engine/seq/next_address_sn_N_35_mux
CTOF_DEL    ---     0.495       R8C6D.B0 to       R8C6D.F0 probe/system/core/engine/SLICE_336
ROUTE        10     1.007       R8C6D.F0 to       R7C4D.D0 probe/system/core/engine/seq/next_address_sn_N_37_mux
CTOOFX_DEL  ---     0.721       R7C4D.D0 to     R7C4D.OFX0 probe/system/core/engine/seq/SLICE_236
ROUTE         5     2.077     R7C4D.OFX0 to  EBR_R6C7.ADA4 probe/system/core/engine/next_address[1] (to clk_c)
                  --------
                   20.030   (27.7% logic, 72.3% route), 9 logic levels.

Unconstrained Preference:
   INPUT_SETUP PORT "reset" CLKPORT "clk" 

Report:   19.980ns delay reset to probe/system/core/engine/rom/lane_0 (20.006ns delay and -0.026ns setup)

   Name    Fanout   Delay (ns)          Site               Resource
PADI_DEL    ---     1.132          4.PAD to        4.PADDI reset
ROUTE       233     4.751        4.PADDI to     R10C14B.D1 reset_c
CTOF_DEL    ---     0.495     R10C14B.D1 to     R10C14B.F1 probe/system/SLICE_295
ROUTE         4     1.032     R10C14B.F1 to     R10C13C.B0 probe/system/requestdup
CTOF_DEL    ---     0.495     R10C13C.B0 to     R10C13C.F0 probe/system/SLICE_331
ROUTE         3     0.445     R10C13C.F0 to     R10C13C.C1 probe/system/ackdup
CTOF_DEL    ---     0.495     R10C13C.C1 to     R10C13C.F1 probe/system/SLICE_331
ROUTE         3     2.083     R10C13C.F1 to       R7C7A.B1 probe/system/core/engine/un1_bus_fault_2dup
CTOOFX_DEL  ---     0.721       R7C7A.B1 to     R7C7A.OFX0 probe/system/core/engine/seq/predicates_pmux_6/SLICE_246
ROUTE         1     1.962     R7C7A.OFX0 to       R8C6C.B1 probe/system/core/engine/seq/N_164
CTOF_DEL    ---     0.495       R8C6C.B1 to       R8C6C.F1 probe/system/core/engine/SLICE_335
ROUTE         1     0.436       R8C6C.F1 to       R8C6C.C0 probe/system/core/engine/seq/condition
CTOF_DEL    ---     0.495       R8C6C.C0 to       R8C6C.F0 probe/system/core/engine/SLICE_335
ROUTE         1     0.693       R8C6C.F0 to       R8C6D.B0 probe/system/core/engine/seq/next_address_sn_N_35_mux
CTOF_DEL    ---     0.495       R8C6D.B0 to       R8C6D.F0 probe/system/core/engine/SLICE_336
ROUTE        10     1.007       R8C6D.F0 to       R7C5D.D0 probe/system/core/engine/seq/next_address_sn_N_37_mux
CTOOFX_DEL  ---     0.721       R7C5D.D0 to     R7C5D.OFX0 probe/system/core/engine/seq/SLICE_239
ROUTE         5     2.053     R7C5D.OFX0 to  EBR_R6C1.ADA7 probe/system/core/engine/next_address[4] (to clk_c)
                  --------
                   20.006   (27.7% logic, 72.3% route), 9 logic levels.

Unconstrained Preference:
   INPUT_SETUP PORT "reset" CLKPORT "clk" 

Report:   19.961ns delay reset to probe/system/core/engine/rom/lane_1 (19.987ns delay and -0.026ns setup)

   Name    Fanout   Delay (ns)          Site               Resource
PADI_DEL    ---     1.132          4.PAD to        4.PADDI reset
ROUTE       233     4.751        4.PADDI to     R10C14B.D1 reset_c
CTOF_DEL    ---     0.495     R10C14B.D1 to     R10C14B.F1 probe/system/SLICE_295
ROUTE         4     1.032     R10C14B.F1 to     R10C13C.B0 probe/system/requestdup
CTOF_DEL    ---     0.495     R10C13C.B0 to     R10C13C.F0 probe/system/SLICE_331
ROUTE         3     0.445     R10C13C.F0 to     R10C13C.C1 probe/system/ackdup
CTOF_DEL    ---     0.495     R10C13C.C1 to     R10C13C.F1 probe/system/SLICE_331
ROUTE         3     2.083     R10C13C.F1 to       R7C7A.B1 probe/system/core/engine/un1_bus_fault_2dup
CTOOFX_DEL  ---     0.721       R7C7A.B1 to     R7C7A.OFX0 probe/system/core/engine/seq/predicates_pmux_6/SLICE_246
ROUTE         1     1.962     R7C7A.OFX0 to       R8C6C.B1 probe/system/core/engine/seq/N_164
CTOF_DEL    ---     0.495       R8C6C.B1 to       R8C6C.F1 probe/system/core/engine/SLICE_335
ROUTE         1     0.436       R8C6C.F1 to       R8C6C.C0 probe/system/core/engine/seq/condition
CTOF_DEL    ---     0.495       R8C6C.C0 to       R8C6C.F0 probe/system/core/engine/SLICE_335
ROUTE         1     0.693       R8C6C.F0 to       R8C6D.B0 probe/system/core/engine/seq/next_address_sn_N_35_mux
CTOF_DEL    ---     0.495       R8C6D.B0 to       R8C6D.F0 probe/system/core/engine/SLICE_336
ROUTE        10     1.713       R8C6D.F0 to       R5C5B.C0 probe/system/core/engine/seq/next_address_sn_N_37_mux
CTOOFX_DEL  ---     0.721       R5C5B.C0 to     R5C5B.OFX0 probe/system/core/engine/seq/SLICE_240
ROUTE         5     1.328     R5C5B.OFX0 to  EBR_R6C4.ADA8 probe/system/core/engine/next_address[5] (to clk_c)
                  --------
                   19.987   (27.7% logic, 72.3% route), 9 logic levels.

Unconstrained Preference:
   INPUT_SETUP PORT "reset" CLKPORT "clk" 

Report:   19.864ns delay reset to probe/system/core/engine/rom/lane_3 (19.890ns delay and -0.026ns setup)

   Name    Fanout   Delay (ns)          Site               Resource
PADI_DEL    ---     1.132          4.PAD to        4.PADDI reset
ROUTE       233     4.751        4.PADDI to     R10C14B.D1 reset_c
CTOF_DEL    ---     0.495     R10C14B.D1 to     R10C14B.F1 probe/system/SLICE_295
ROUTE         4     1.032     R10C14B.F1 to     R10C13C.B0 probe/system/requestdup
CTOF_DEL    ---     0.495     R10C13C.B0 to     R10C13C.F0 probe/system/SLICE_331
ROUTE         3     0.445     R10C13C.F0 to     R10C13C.C1 probe/system/ackdup
CTOF_DEL    ---     0.495     R10C13C.C1 to     R10C13C.F1 probe/system/SLICE_331
ROUTE         3     2.083     R10C13C.F1 to       R7C7A.B1 probe/system/core/engine/un1_bus_fault_2dup
CTOOFX_DEL  ---     0.721       R7C7A.B1 to     R7C7A.OFX0 probe/system/core/engine/seq/predicates_pmux_6/SLICE_246
ROUTE         1     1.962     R7C7A.OFX0 to       R8C6C.B1 probe/system/core/engine/seq/N_164
CTOF_DEL    ---     0.495       R8C6C.B1 to       R8C6C.F1 probe/system/core/engine/SLICE_335
ROUTE         1     0.436       R8C6C.F1 to       R8C6C.C0 probe/system/core/engine/seq/condition
CTOF_DEL    ---     0.495       R8C6C.C0 to       R8C6C.F0 probe/system/core/engine/SLICE_335
ROUTE         1     0.693       R8C6C.F0 to       R8C6D.B0 probe/system/core/engine/seq/next_address_sn_N_35_mux
CTOF_DEL    ---     0.495       R8C6D.B0 to       R8C6D.F0 probe/system/core/engine/SLICE_336
ROUTE        10     1.007       R8C6D.F0 to       R7C4B.D0 probe/system/core/engine/seq/next_address_sn_N_37_mux
CTOOFX_DEL  ---     0.721       R7C4B.D0 to     R7C4B.OFX0 probe/system/core/engine/seq/SLICE_237
ROUTE         5     1.937     R7C4B.OFX0 to  EBR_R6C7.ADA5 probe/system/core/engine/next_address[2] (to clk_c)
                  --------
                   19.890   (27.9% logic, 72.1% route), 9 logic levels.

Unconstrained Preference:
   INPUT_SETUP PORT "reset" CLKPORT "clk" 

Report:   19.864ns delay reset to probe/system/core/engine/rom/lane_2 (19.890ns delay and -0.026ns setup)

   Name    Fanout   Delay (ns)          Site               Resource
PADI_DEL    ---     1.132          4.PAD to        4.PADDI reset
ROUTE       233     4.751        4.PADDI to     R10C14B.D1 reset_c
CTOF_DEL    ---     0.495     R10C14B.D1 to     R10C14B.F1 probe/system/SLICE_295
ROUTE         4     1.032     R10C14B.F1 to     R10C13C.B0 probe/system/requestdup
CTOF_DEL    ---     0.495     R10C13C.B0 to     R10C13C.F0 probe/system/SLICE_331
ROUTE         3     0.445     R10C13C.F0 to     R10C13C.C1 probe/system/ackdup
CTOF_DEL    ---     0.495     R10C13C.C1 to     R10C13C.F1 probe/system/SLICE_331
ROUTE         3     2.083     R10C13C.F1 to       R7C7A.B1 probe/system/core/engine/un1_bus_fault_2dup
CTOOFX_DEL  ---     0.721       R7C7A.B1 to     R7C7A.OFX0 probe/system/core/engine/seq/predicates_pmux_6/SLICE_246
ROUTE         1     1.962     R7C7A.OFX0 to       R8C6C.B1 probe/system/core/engine/seq/N_164
CTOF_DEL    ---     0.495       R8C6C.B1 to       R8C6C.F1 probe/system/core/engine/SLICE_335
ROUTE         1     0.436       R8C6C.F1 to       R8C6C.C0 probe/system/core/engine/seq/condition
CTOF_DEL    ---     0.495       R8C6C.C0 to       R8C6C.F0 probe/system/core/engine/SLICE_335
ROUTE         1     0.693       R8C6C.F0 to       R8C6D.B0 probe/system/core/engine/seq/next_address_sn_N_35_mux
CTOF_DEL    ---     0.495       R8C6D.B0 to       R8C6D.F0 probe/system/core/engine/SLICE_336
ROUTE        10     1.007       R8C6D.F0 to       R7C4B.D0 probe/system/core/engine/seq/next_address_sn_N_37_mux
CTOOFX_DEL  ---     0.721       R7C4B.D0 to     R7C4B.OFX0 probe/system/core/engine/seq/SLICE_237
ROUTE         5     1.937     R7C4B.OFX0 to EBR_R6C10.ADA5 probe/system/core/engine/next_address[2] (to clk_c)
                  --------
                   19.890   (27.9% logic, 72.1% route), 9 logic levels.

Unconstrained Preference:
   INPUT_SETUP PORT "reset" CLKPORT "clk" 

Report:   19.828ns delay reset to probe/system/core/engine/rom/lane_1 (19.854ns delay and -0.026ns setup)

   Name    Fanout   Delay (ns)          Site               Resource
PADI_DEL    ---     1.132          4.PAD to        4.PADDI reset
ROUTE       233     4.751        4.PADDI to     R10C14B.D1 reset_c
CTOF_DEL    ---     0.495     R10C14B.D1 to     R10C14B.F1 probe/system/SLICE_295
ROUTE         4     1.032     R10C14B.F1 to     R10C13C.B0 probe/system/requestdup
CTOF_DEL    ---     0.495     R10C13C.B0 to     R10C13C.F0 probe/system/SLICE_331
ROUTE         3     0.445     R10C13C.F0 to     R10C13C.C1 probe/system/ackdup
CTOF_DEL    ---     0.495     R10C13C.C1 to     R10C13C.F1 probe/system/SLICE_331
ROUTE         3     2.083     R10C13C.F1 to       R7C7A.B1 probe/system/core/engine/un1_bus_fault_2dup
CTOOFX_DEL  ---     0.721       R7C7A.B1 to     R7C7A.OFX0 probe/system/core/engine/seq/predicates_pmux_6/SLICE_246
ROUTE         1     1.962     R7C7A.OFX0 to       R8C6C.B1 probe/system/core/engine/seq/N_164
CTOF_DEL    ---     0.495       R8C6C.B1 to       R8C6C.F1 probe/system/core/engine/SLICE_335
ROUTE         1     0.436       R8C6C.F1 to       R8C6C.C0 probe/system/core/engine/seq/condition
CTOF_DEL    ---     0.495       R8C6C.C0 to       R8C6C.F0 probe/system/core/engine/SLICE_335
ROUTE         1     0.693       R8C6C.F0 to       R8C6D.B0 probe/system/core/engine/seq/next_address_sn_N_35_mux
CTOF_DEL    ---     0.495       R8C6D.B0 to       R8C6D.F0 probe/system/core/engine/SLICE_336
ROUTE        10     1.756       R8C6D.F0 to       R4C5C.C0 probe/system/core/engine/seq/next_address_sn_N_37_mux
CTOOFX_DEL  ---     0.721       R4C5C.C0 to     R4C5C.OFX0 probe/system/core/engine/seq/SLICE_241
ROUTE         5     1.152     R4C5C.OFX0 to  EBR_R6C4.ADA9 probe/system/core/engine/next_address[6] (to clk_c)
                  --------
                   19.854   (27.9% logic, 72.1% route), 9 logic levels.

Unconstrained Preference:
   INPUT_SETUP PORT "reset" CLKPORT "clk" 

Report:   19.590ns delay reset to probe/system/core/engine/rom/lane_3 (19.616ns delay and -0.026ns setup)

   Name    Fanout   Delay (ns)          Site               Resource
PADI_DEL    ---     1.132          4.PAD to        4.PADDI reset
ROUTE       233     4.751        4.PADDI to     R10C14B.D1 reset_c
CTOF_DEL    ---     0.495     R10C14B.D1 to     R10C14B.F1 probe/system/SLICE_295
ROUTE         4     1.032     R10C14B.F1 to     R10C13C.B0 probe/system/requestdup
CTOF_DEL    ---     0.495     R10C13C.B0 to     R10C13C.F0 probe/system/SLICE_331
ROUTE         3     0.445     R10C13C.F0 to     R10C13C.C1 probe/system/ackdup
CTOF_DEL    ---     0.495     R10C13C.C1 to     R10C13C.F1 probe/system/SLICE_331
ROUTE         3     2.083     R10C13C.F1 to       R7C7A.B1 probe/system/core/engine/un1_bus_fault_2dup
CTOOFX_DEL  ---     0.721       R7C7A.B1 to     R7C7A.OFX0 probe/system/core/engine/seq/predicates_pmux_6/SLICE_246
ROUTE         1     1.962     R7C7A.OFX0 to       R8C6C.B1 probe/system/core/engine/seq/N_164
CTOF_DEL    ---     0.495       R8C6C.B1 to       R8C6C.F1 probe/system/core/engine/SLICE_335
ROUTE         1     0.436       R8C6C.F1 to       R8C6C.C0 probe/system/core/engine/seq/condition
CTOF_DEL    ---     0.495       R8C6C.C0 to       R8C6C.F0 probe/system/core/engine/SLICE_335
ROUTE         1     0.693       R8C6C.F0 to       R8C6D.B0 probe/system/core/engine/seq/next_address_sn_N_35_mux
CTOF_DEL    ---     0.495       R8C6D.B0 to       R8C6D.F0 probe/system/core/engine/SLICE_336
ROUTE        10     1.007       R8C6D.F0 to       R7C5D.D0 probe/system/core/engine/seq/next_address_sn_N_37_mux
CTOOFX_DEL  ---     0.721       R7C5D.D0 to     R7C5D.OFX0 probe/system/core/engine/seq/SLICE_239
ROUTE         5     1.663     R7C5D.OFX0 to  EBR_R6C7.ADA7 probe/system/core/engine/next_address[4] (to clk_c)
                  --------
                   19.616   (28.3% logic, 71.7% route), 9 logic levels.

Unconstrained Preference:
   INPUT_SETUP PORT "reset" CLKPORT "clk" 

Report:   19.547ns delay reset to probe/system/core/engine/rom/lane_0 (19.573ns delay and -0.026ns setup)

   Name    Fanout   Delay (ns)          Site               Resource
PADI_DEL    ---     1.132          4.PAD to        4.PADDI reset
ROUTE       233     4.751        4.PADDI to     R10C14B.D1 reset_c
CTOF_DEL    ---     0.495     R10C14B.D1 to     R10C14B.F1 probe/system/SLICE_295
ROUTE         4     1.032     R10C14B.F1 to     R10C13C.B0 probe/system/requestdup
CTOF_DEL    ---     0.495     R10C13C.B0 to     R10C13C.F0 probe/system/SLICE_331
ROUTE         3     0.445     R10C13C.F0 to     R10C13C.C1 probe/system/ackdup
CTOF_DEL    ---     0.495     R10C13C.C1 to     R10C13C.F1 probe/system/SLICE_331
ROUTE         3     2.083     R10C13C.F1 to       R7C7A.B1 probe/system/core/engine/un1_bus_fault_2dup
CTOOFX_DEL  ---     0.721       R7C7A.B1 to     R7C7A.OFX0 probe/system/core/engine/seq/predicates_pmux_6/SLICE_246
ROUTE         1     1.962     R7C7A.OFX0 to       R8C6C.B1 probe/system/core/engine/seq/N_164
CTOF_DEL    ---     0.495       R8C6C.B1 to       R8C6C.F1 probe/system/core/engine/SLICE_335
ROUTE         1     0.436       R8C6C.F1 to       R8C6C.C0 probe/system/core/engine/seq/condition
CTOF_DEL    ---     0.495       R8C6C.C0 to       R8C6C.F0 probe/system/core/engine/SLICE_335
ROUTE         1     0.693       R8C6C.F0 to       R8C6D.B0 probe/system/core/engine/seq/next_address_sn_N_35_mux
CTOF_DEL    ---     0.495       R8C6D.B0 to       R8C6D.F0 probe/system/core/engine/SLICE_336
ROUTE        10     1.007       R8C6D.F0 to       R7C4D.D0 probe/system/core/engine/seq/next_address_sn_N_37_mux
CTOOFX_DEL  ---     0.721       R7C4D.D0 to     R7C4D.OFX0 probe/system/core/engine/seq/SLICE_236
ROUTE         5     1.620     R7C4D.OFX0 to  EBR_R6C1.ADA4 probe/system/core/engine/next_address[1] (to clk_c)
                  --------
                   19.573   (28.3% logic, 71.7% route), 9 logic levels.

Unconstrained Preference:
   INPUT_SETUP PORT "reset" CLKPORT "clk" 

Report:   19.543ns delay reset to probe/system/core/engine/seq/SLICE_244 (19.377ns delay and 0.166ns setup)

   Name    Fanout   Delay (ns)          Site               Resource
PADI_DEL    ---     1.132          4.PAD to        4.PADDI reset
ROUTE       233     4.751        4.PADDI to     R10C14B.D1 reset_c
CTOF_DEL    ---     0.495     R10C14B.D1 to     R10C14B.F1 probe/system/SLICE_295
ROUTE         4     1.032     R10C14B.F1 to     R10C13C.B0 probe/system/requestdup
CTOF_DEL    ---     0.495     R10C13C.B0 to     R10C13C.F0 probe/system/SLICE_331
ROUTE         3     0.445     R10C13C.F0 to     R10C13C.C1 probe/system/ackdup
CTOF_DEL    ---     0.495     R10C13C.C1 to     R10C13C.F1 probe/system/SLICE_331
ROUTE         3     2.083     R10C13C.F1 to       R7C7A.B1 probe/system/core/engine/un1_bus_fault_2dup
CTOOFX_DEL  ---     0.721       R7C7A.B1 to     R7C7A.OFX0 probe/system/core/engine/seq/predicates_pmux_6/SLICE_246
ROUTE         1     1.962     R7C7A.OFX0 to       R8C6C.B1 probe/system/core/engine/seq/N_164
CTOF_DEL    ---     0.495       R8C6C.B1 to       R8C6C.F1 probe/system/core/engine/SLICE_335
ROUTE         1     0.436       R8C6C.F1 to       R8C6C.C0 probe/system/core/engine/seq/condition
CTOF_DEL    ---     0.495       R8C6C.C0 to       R8C6C.F0 probe/system/core/engine/SLICE_335
ROUTE         1     0.693       R8C6C.F0 to       R8C6D.B0 probe/system/core/engine/seq/next_address_sn_N_35_mux
CTOF_DEL    ---     0.495       R8C6D.B0 to       R8C6D.F0 probe/system/core/engine/SLICE_336
ROUTE        10     2.403       R8C6D.F0 to       R4C4A.A0 probe/system/core/engine/seq/next_address_sn_N_37_mux
CTOOFX_DEL  ---     0.721       R4C4A.A0 to     R4C4A.OFX0 probe/system/core/engine/seq/SLICE_244
ROUTE         5     0.028     R4C4A.OFX0 to      R4C4A.DI0 probe/system/core/engine/next_address[9] (to clk_c)
                  --------
                   19.377   (28.6% logic, 71.4% route), 9 logic levels.

Unconstrained Preference:
   INPUT_SETUP PORT "reset" CLKPORT "clk" 

Report:   19.535ns delay reset to probe/system/core/engine/rom/lane_1 (19.561ns delay and -0.026ns setup)

   Name    Fanout   Delay (ns)          Site               Resource
PADI_DEL    ---     1.132          4.PAD to        4.PADDI reset
ROUTE       233     4.751        4.PADDI to     R10C14B.D1 reset_c
CTOF_DEL    ---     0.495     R10C14B.D1 to     R10C14B.F1 probe/system/SLICE_295
ROUTE         4     1.032     R10C14B.F1 to     R10C13C.B0 probe/system/requestdup
CTOF_DEL    ---     0.495     R10C13C.B0 to     R10C13C.F0 probe/system/SLICE_331
ROUTE         3     0.445     R10C13C.F0 to     R10C13C.C1 probe/system/ackdup
CTOF_DEL    ---     0.495     R10C13C.C1 to     R10C13C.F1 probe/system/SLICE_331
ROUTE         3     2.083     R10C13C.F1 to       R7C7A.B1 probe/system/core/engine/un1_bus_fault_2dup
CTOOFX_DEL  ---     0.721       R7C7A.B1 to     R7C7A.OFX0 probe/system/core/engine/seq/predicates_pmux_6/SLICE_246
ROUTE         1     1.962     R7C7A.OFX0 to       R8C6C.B1 probe/system/core/engine/seq/N_164
CTOF_DEL    ---     0.495       R8C6C.B1 to       R8C6C.F1 probe/system/core/engine/SLICE_335
ROUTE         1     0.436       R8C6C.F1 to       R8C6C.C0 probe/system/core/engine/seq/condition
CTOF_DEL    ---     0.495       R8C6C.C0 to       R8C6C.F0 probe/system/core/engine/SLICE_335
ROUTE         1     0.693       R8C6C.F0 to       R8C6D.B0 probe/system/core/engine/seq/next_address_sn_N_35_mux
CTOF_DEL    ---     0.495       R8C6D.B0 to       R8C6D.F0 probe/system/core/engine/SLICE_336
ROUTE        10     1.399       R8C6D.F0 to       R5C6A.A0 probe/system/core/engine/seq/next_address_sn_N_37_mux
CTOOFX_DEL  ---     0.721       R5C6A.A0 to     R5C6A.OFX0 probe/system/core/engine/seq/SLICE_238
ROUTE         5     1.216     R5C6A.OFX0 to  EBR_R6C4.ADA6 probe/system/core/engine/next_address[3] (to clk_c)
                  --------
                   19.561   (28.3% logic, 71.7% route), 9 logic levels.

Unconstrained Preference:
   INPUT_SETUP PORT "reset" CLKPORT "clk" 

Report:   19.301ns delay reset to probe/system/core/engine/rom/lane_3 (19.327ns delay and -0.026ns setup)

   Name    Fanout   Delay (ns)          Site               Resource
PADI_DEL    ---     1.132          4.PAD to        4.PADDI reset
ROUTE       233     4.751        4.PADDI to     R10C14B.D1 reset_c
CTOF_DEL    ---     0.495     R10C14B.D1 to     R10C14B.F1 probe/system/SLICE_295
ROUTE         4     1.032     R10C14B.F1 to     R10C13C.B0 probe/system/requestdup
CTOF_DEL    ---     0.495     R10C13C.B0 to     R10C13C.F0 probe/system/SLICE_331
ROUTE         3     0.445     R10C13C.F0 to     R10C13C.C1 probe/system/ackdup
CTOF_DEL    ---     0.495     R10C13C.C1 to     R10C13C.F1 probe/system/SLICE_331
ROUTE         3     2.083     R10C13C.F1 to       R7C7A.B1 probe/system/core/engine/un1_bus_fault_2dup
CTOOFX_DEL  ---     0.721       R7C7A.B1 to     R7C7A.OFX0 probe/system/core/engine/seq/predicates_pmux_6/SLICE_246
ROUTE         1     1.962     R7C7A.OFX0 to       R8C6C.B1 probe/system/core/engine/seq/N_164
CTOF_DEL    ---     0.495       R8C6C.B1 to       R8C6C.F1 probe/system/core/engine/SLICE_335
ROUTE         1     0.436       R8C6C.F1 to       R8C6C.C0 probe/system/core/engine/seq/condition
CTOF_DEL    ---     0.495       R8C6C.C0 to       R8C6C.F0 probe/system/core/engine/SLICE_335
ROUTE         1     0.693       R8C6C.F0 to       R8C6D.B0 probe/system/core/engine/seq/next_address_sn_N_35_mux
CTOF_DEL    ---     0.495       R8C6D.B0 to       R8C6D.F0 probe/system/core/engine/SLICE_336
ROUTE        10     0.780       R8C6D.F0 to       R7C6B.C0 probe/system/core/engine/seq/next_address_sn_N_37_mux
CTOOFX_DEL  ---     0.721       R7C6B.C0 to     R7C6B.OFX0 probe/system/core/engine/seq/SLICE_235
ROUTE         5     1.601     R7C6B.OFX0 to  EBR_R6C7.ADA3 probe/system/core/engine/next_address[0] (to clk_c)
                  --------
                   19.327   (28.7% logic, 71.3% route), 9 logic levels.

Unconstrained Preference:
   INPUT_SETUP PORT "reset" CLKPORT "clk" 

Report:   19.300ns delay reset to probe/system/core/engine/rom/lane_1 (19.326ns delay and -0.026ns setup)

   Name    Fanout   Delay (ns)          Site               Resource
PADI_DEL    ---     1.132          4.PAD to        4.PADDI reset
ROUTE       233     4.751        4.PADDI to     R10C14B.D1 reset_c
CTOF_DEL    ---     0.495     R10C14B.D1 to     R10C14B.F1 probe/system/SLICE_295
ROUTE         4     1.032     R10C14B.F1 to     R10C13C.B0 probe/system/requestdup
CTOF_DEL    ---     0.495     R10C13C.B0 to     R10C13C.F0 probe/system/SLICE_331
ROUTE         3     0.445     R10C13C.F0 to     R10C13C.C1 probe/system/ackdup
CTOF_DEL    ---     0.495     R10C13C.C1 to     R10C13C.F1 probe/system/SLICE_331
ROUTE         3     2.083     R10C13C.F1 to       R7C7A.B1 probe/system/core/engine/un1_bus_fault_2dup
CTOOFX_DEL  ---     0.721       R7C7A.B1 to     R7C7A.OFX0 probe/system/core/engine/seq/predicates_pmux_6/SLICE_246
ROUTE         1     1.962     R7C7A.OFX0 to       R8C6C.B1 probe/system/core/engine/seq/N_164
CTOF_DEL    ---     0.495       R8C6C.B1 to       R8C6C.F1 probe/system/core/engine/SLICE_335
ROUTE         1     0.436       R8C6C.F1 to       R8C6C.C0 probe/system/core/engine/seq/condition
CTOF_DEL    ---     0.495       R8C6C.C0 to       R8C6C.F0 probe/system/core/engine/SLICE_335
ROUTE         1     0.693       R8C6C.F0 to       R8C6D.B0 probe/system/core/engine/seq/next_address_sn_N_35_mux
CTOF_DEL    ---     0.495       R8C6D.B0 to       R8C6D.F0 probe/system/core/engine/SLICE_336
ROUTE        10     1.536       R8C6D.F0 to       R5C5C.A0 probe/system/core/engine/seq/next_address_sn_N_37_mux
CTOOFX_DEL  ---     0.721       R5C5C.A0 to     R5C5C.OFX0 probe/system/core/engine/seq/SLICE_243
ROUTE         5     0.844     R5C5C.OFX0 to EBR_R6C4.ADA11 probe/system/core/engine/next_address[8] (to clk_c)
                  --------
                   19.326   (28.7% logic, 71.3% route), 9 logic levels.

Unconstrained Preference:
   INPUT_SETUP PORT "reset" CLKPORT "clk" 

Report:   19.285ns delay reset to probe/system/core/engine/rom/lane_1 (19.311ns delay and -0.026ns setup)

   Name    Fanout   Delay (ns)          Site               Resource
PADI_DEL    ---     1.132          4.PAD to        4.PADDI reset
ROUTE       233     4.751        4.PADDI to     R10C14B.D1 reset_c
CTOF_DEL    ---     0.495     R10C14B.D1 to     R10C14B.F1 probe/system/SLICE_295
ROUTE         4     1.032     R10C14B.F1 to     R10C13C.B0 probe/system/requestdup
CTOF_DEL    ---     0.495     R10C13C.B0 to     R10C13C.F0 probe/system/SLICE_331
ROUTE         3     0.445     R10C13C.F0 to     R10C13C.C1 probe/system/ackdup
CTOF_DEL    ---     0.495     R10C13C.C1 to     R10C13C.F1 probe/system/SLICE_331
ROUTE         3     2.083     R10C13C.F1 to       R7C7A.B1 probe/system/core/engine/un1_bus_fault_2dup
CTOOFX_DEL  ---     0.721       R7C7A.B1 to     R7C7A.OFX0 probe/system/core/engine/seq/predicates_pmux_6/SLICE_246
ROUTE         1     1.962     R7C7A.OFX0 to       R8C6C.B1 probe/system/core/engine/seq/N_164
CTOF_DEL    ---     0.495       R8C6C.B1 to       R8C6C.F1 probe/system/core/engine/SLICE_335
ROUTE         1     0.436       R8C6C.F1 to       R8C6C.C0 probe/system/core/engine/seq/condition
CTOF_DEL    ---     0.495       R8C6C.C0 to       R8C6C.F0 probe/system/core/engine/SLICE_335
ROUTE         1     0.693       R8C6C.F0 to       R8C6D.B0 probe/system/core/engine/seq/next_address_sn_N_35_mux
CTOF_DEL    ---     0.495       R8C6D.B0 to       R8C6D.F0 probe/system/core/engine/SLICE_336
ROUTE        10     1.007       R8C6D.F0 to       R7C4B.D0 probe/system/core/engine/seq/next_address_sn_N_37_mux
CTOOFX_DEL  ---     0.721       R7C4B.D0 to     R7C4B.OFX0 probe/system/core/engine/seq/SLICE_237
ROUTE         5     1.358     R7C4B.OFX0 to  EBR_R6C4.ADA5 probe/system/core/engine/next_address[2] (to clk_c)
                  --------
                   19.311   (28.7% logic, 71.3% route), 9 logic levels.

Unconstrained Preference:
   INPUT_SETUP PORT "reset" CLKPORT "clk" 

Report:   19.170ns delay reset to probe/system/core/engine/rom/lane_0 (19.196ns delay and -0.026ns setup)

   Name    Fanout   Delay (ns)          Site               Resource
PADI_DEL    ---     1.132          4.PAD to        4.PADDI reset
ROUTE       233     4.751        4.PADDI to     R10C14B.D1 reset_c
CTOF_DEL    ---     0.495     R10C14B.D1 to     R10C14B.F1 probe/system/SLICE_295
ROUTE         4     1.032     R10C14B.F1 to     R10C13C.B0 probe/system/requestdup
CTOF_DEL    ---     0.495     R10C13C.B0 to     R10C13C.F0 probe/system/SLICE_331
ROUTE         3     0.445     R10C13C.F0 to     R10C13C.C1 probe/system/ackdup
CTOF_DEL    ---     0.495     R10C13C.C1 to     R10C13C.F1 probe/system/SLICE_331
ROUTE         3     2.083     R10C13C.F1 to       R7C7A.B1 probe/system/core/engine/un1_bus_fault_2dup
CTOOFX_DEL  ---     0.721       R7C7A.B1 to     R7C7A.OFX0 probe/system/core/engine/seq/predicates_pmux_6/SLICE_246
ROUTE         1     1.962     R7C7A.OFX0 to       R8C6C.B1 probe/system/core/engine/seq/N_164
CTOF_DEL    ---     0.495       R8C6C.B1 to       R8C6C.F1 probe/system/core/engine/SLICE_335
ROUTE         1     0.436       R8C6C.F1 to       R8C6C.C0 probe/system/core/engine/seq/condition
CTOF_DEL    ---     0.495       R8C6C.C0 to       R8C6C.F0 probe/system/core/engine/SLICE_335
ROUTE         1     0.693       R8C6C.F0 to       R8C6D.B0 probe/system/core/engine/seq/next_address_sn_N_35_mux
CTOF_DEL    ---     0.495       R8C6D.B0 to       R8C6D.F0 probe/system/core/engine/SLICE_336
ROUTE        10     1.007       R8C6D.F0 to       R7C4B.D0 probe/system/core/engine/seq/next_address_sn_N_37_mux
CTOOFX_DEL  ---     0.721       R7C4B.D0 to     R7C4B.OFX0 probe/system/core/engine/seq/SLICE_237
ROUTE         5     1.243     R7C4B.OFX0 to  EBR_R6C1.ADA5 probe/system/core/engine/next_address[2] (to clk_c)
                  --------
                   19.196   (28.9% logic, 71.1% route), 9 logic levels.

Unconstrained Preference:
   INPUT_SETUP PORT "reset" CLKPORT "clk" 

Report:   19.150ns delay reset to probe/system/core/engine/rom/lane_1 (19.176ns delay and -0.026ns setup)

   Name    Fanout   Delay (ns)          Site               Resource
PADI_DEL    ---     1.132          4.PAD to        4.PADDI reset
ROUTE       233     4.751        4.PADDI to     R10C14B.D1 reset_c
CTOF_DEL    ---     0.495     R10C14B.D1 to     R10C14B.F1 probe/system/SLICE_295
ROUTE         4     1.032     R10C14B.F1 to     R10C13C.B0 probe/system/requestdup
CTOF_DEL    ---     0.495     R10C13C.B0 to     R10C13C.F0 probe/system/SLICE_331
ROUTE         3     0.445     R10C13C.F0 to     R10C13C.C1 probe/system/ackdup
CTOF_DEL    ---     0.495     R10C13C.C1 to     R10C13C.F1 probe/system/SLICE_331
ROUTE         3     2.083     R10C13C.F1 to       R7C7A.B1 probe/system/core/engine/un1_bus_fault_2dup
CTOOFX_DEL  ---     0.721       R7C7A.B1 to     R7C7A.OFX0 probe/system/core/engine/seq/predicates_pmux_6/SLICE_246
ROUTE         1     1.962     R7C7A.OFX0 to       R8C6C.B1 probe/system/core/engine/seq/N_164
CTOF_DEL    ---     0.495       R8C6C.B1 to       R8C6C.F1 probe/system/core/engine/SLICE_335
ROUTE         1     0.436       R8C6C.F1 to       R8C6C.C0 probe/system/core/engine/seq/condition
CTOF_DEL    ---     0.495       R8C6C.C0 to       R8C6C.F0 probe/system/core/engine/SLICE_335
ROUTE         1     0.693       R8C6C.F0 to       R8C6D.B0 probe/system/core/engine/seq/next_address_sn_N_35_mux
CTOF_DEL    ---     0.495       R8C6D.B0 to       R8C6D.F0 probe/system/core/engine/SLICE_336
ROUTE        10     1.007       R8C6D.F0 to       R7C4D.D0 probe/system/core/engine/seq/next_address_sn_N_37_mux
CTOOFX_DEL  ---     0.721       R7C4D.D0 to     R7C4D.OFX0 probe/system/core/engine/seq/SLICE_236
ROUTE         5     1.223     R7C4D.OFX0 to  EBR_R6C4.ADA4 probe/system/core/engine/next_address[1] (to clk_c)
                  --------
                   19.176   (28.9% logic, 71.1% route), 9 logic levels.

Unconstrained Preference:
   INPUT_SETUP PORT "reset" CLKPORT "clk" 

Report:   19.116ns delay reset to probe/system/core/engine/seq/SLICE_242 (18.950ns delay and 0.166ns setup)

   Name    Fanout   Delay (ns)          Site               Resource
PADI_DEL    ---     1.132          4.PAD to        4.PADDI reset
ROUTE       233     4.751        4.PADDI to     R10C14B.D1 reset_c
CTOF_DEL    ---     0.495     R10C14B.D1 to     R10C14B.F1 probe/system/SLICE_295
ROUTE         4     1.032     R10C14B.F1 to     R10C13C.B0 probe/system/requestdup
CTOF_DEL    ---     0.495     R10C13C.B0 to     R10C13C.F0 probe/system/SLICE_331
ROUTE         3     0.445     R10C13C.F0 to     R10C13C.C1 probe/system/ackdup
CTOF_DEL    ---     0.495     R10C13C.C1 to     R10C13C.F1 probe/system/SLICE_331
ROUTE         3     2.083     R10C13C.F1 to       R7C7A.B1 probe/system/core/engine/un1_bus_fault_2dup
CTOOFX_DEL  ---     0.721       R7C7A.B1 to     R7C7A.OFX0 probe/system/core/engine/seq/predicates_pmux_6/SLICE_246
ROUTE         1     1.962     R7C7A.OFX0 to       R8C6C.B1 probe/system/core/engine/seq/N_164
CTOF_DEL    ---     0.495       R8C6C.B1 to       R8C6C.F1 probe/system/core/engine/SLICE_335
ROUTE         1     0.436       R8C6C.F1 to       R8C6C.C0 probe/system/core/engine/seq/condition
CTOF_DEL    ---     0.495       R8C6C.C0 to       R8C6C.F0 probe/system/core/engine/SLICE_335
ROUTE         1     0.693       R8C6C.F0 to       R8C6D.B0 probe/system/core/engine/seq/next_address_sn_N_35_mux
CTOF_DEL    ---     0.495       R8C6D.B0 to       R8C6D.F0 probe/system/core/engine/SLICE_336
ROUTE        10     1.976       R8C6D.F0 to       R4C5A.A0 probe/system/core/engine/seq/next_address_sn_N_37_mux
CTOOFX_DEL  ---     0.721       R4C5A.A0 to     R4C5A.OFX0 probe/system/core/engine/seq/SLICE_242
ROUTE         5     0.028     R4C5A.OFX0 to      R4C5A.DI0 probe/system/core/engine/next_address[7] (to clk_c)
                  --------
                   18.950   (29.3% logic, 70.7% route), 9 logic levels.

Unconstrained Preference:
   INPUT_SETUP PORT "reset" CLKPORT "clk" 

Report:   18.907ns delay reset to probe/system/core/engine/seq/SLICE_240 (18.741ns delay and 0.166ns setup)

   Name    Fanout   Delay (ns)          Site               Resource
PADI_DEL    ---     1.132          4.PAD to        4.PADDI reset
ROUTE       233     4.751        4.PADDI to     R10C14B.D1 reset_c
CTOF_DEL    ---     0.495     R10C14B.D1 to     R10C14B.F1 probe/system/SLICE_295
ROUTE         4     1.032     R10C14B.F1 to     R10C13C.B0 probe/system/requestdup
CTOF_DEL    ---     0.495     R10C13C.B0 to     R10C13C.F0 probe/system/SLICE_331
ROUTE         3     0.445     R10C13C.F0 to     R10C13C.C1 probe/system/ackdup
CTOF_DEL    ---     0.495     R10C13C.C1 to     R10C13C.F1 probe/system/SLICE_331
ROUTE         3     2.083     R10C13C.F1 to       R7C7A.B1 probe/system/core/engine/un1_bus_fault_2dup
CTOOFX_DEL  ---     0.721       R7C7A.B1 to     R7C7A.OFX0 probe/system/core/engine/seq/predicates_pmux_6/SLICE_246
ROUTE         1     1.962     R7C7A.OFX0 to       R8C6C.B1 probe/system/core/engine/seq/N_164
CTOF_DEL    ---     0.495       R8C6C.B1 to       R8C6C.F1 probe/system/core/engine/SLICE_335
ROUTE         1     0.436       R8C6C.F1 to       R8C6C.C0 probe/system/core/engine/seq/condition
CTOF_DEL    ---     0.495       R8C6C.C0 to       R8C6C.F0 probe/system/core/engine/SLICE_335
ROUTE         1     0.693       R8C6C.F0 to       R8C6D.B0 probe/system/core/engine/seq/next_address_sn_N_35_mux
CTOF_DEL    ---     0.495       R8C6D.B0 to       R8C6D.F0 probe/system/core/engine/SLICE_336
ROUTE        10     1.713       R8C6D.F0 to       R5C5B.C0 probe/system/core/engine/seq/next_address_sn_N_37_mux
CTOOFX_DEL  ---     0.721       R5C5B.C0 to     R5C5B.OFX0 probe/system/core/engine/seq/SLICE_240
ROUTE         5     0.082     R5C5B.OFX0 to      R5C5B.DI0 probe/system/core/engine/next_address[5] (to clk_c)
                  --------
                   18.741   (29.6% logic, 70.4% route), 9 logic levels.

Unconstrained Preference:
   INPUT_SETUP PORT "reset" CLKPORT "clk" 

Report:   18.896ns delay reset to probe/system/core/engine/seq/SLICE_241 (18.730ns delay and 0.166ns setup)

   Name    Fanout   Delay (ns)          Site               Resource
PADI_DEL    ---     1.132          4.PAD to        4.PADDI reset
ROUTE       233     4.751        4.PADDI to     R10C14B.D1 reset_c
CTOF_DEL    ---     0.495     R10C14B.D1 to     R10C14B.F1 probe/system/SLICE_295
ROUTE         4     1.032     R10C14B.F1 to     R10C13C.B0 probe/system/requestdup
CTOF_DEL    ---     0.495     R10C13C.B0 to     R10C13C.F0 probe/system/SLICE_331
ROUTE         3     0.445     R10C13C.F0 to     R10C13C.C1 probe/system/ackdup
CTOF_DEL    ---     0.495     R10C13C.C1 to     R10C13C.F1 probe/system/SLICE_331
ROUTE         3     2.083     R10C13C.F1 to       R7C7A.B1 probe/system/core/engine/un1_bus_fault_2dup
CTOOFX_DEL  ---     0.721       R7C7A.B1 to     R7C7A.OFX0 probe/system/core/engine/seq/predicates_pmux_6/SLICE_246
ROUTE         1     1.962     R7C7A.OFX0 to       R8C6C.B1 probe/system/core/engine/seq/N_164
CTOF_DEL    ---     0.495       R8C6C.B1 to       R8C6C.F1 probe/system/core/engine/SLICE_335
ROUTE         1     0.436       R8C6C.F1 to       R8C6C.C0 probe/system/core/engine/seq/condition
CTOF_DEL    ---     0.495       R8C6C.C0 to       R8C6C.F0 probe/system/core/engine/SLICE_335
ROUTE         1     0.693       R8C6C.F0 to       R8C6D.B0 probe/system/core/engine/seq/next_address_sn_N_35_mux
CTOF_DEL    ---     0.495       R8C6D.B0 to       R8C6D.F0 probe/system/core/engine/SLICE_336
ROUTE        10     1.756       R8C6D.F0 to       R4C5C.C0 probe/system/core/engine/seq/next_address_sn_N_37_mux
CTOOFX_DEL  ---     0.721       R4C5C.C0 to     R4C5C.OFX0 probe/system/core/engine/seq/SLICE_241
ROUTE         5     0.028     R4C5C.OFX0 to      R4C5C.DI0 probe/system/core/engine/next_address[6] (to clk_c)
                  --------
                   18.730   (29.6% logic, 70.4% route), 9 logic levels.

Unconstrained Preference:
   INPUT_SETUP PORT "reset" CLKPORT "clk" 

Report:   18.821ns delay reset to probe/system/core/engine/rom/lane_1 (18.847ns delay and -0.026ns setup)

   Name    Fanout   Delay (ns)          Site               Resource
PADI_DEL    ---     1.132          4.PAD to        4.PADDI reset
ROUTE       233     4.751        4.PADDI to     R10C14B.D1 reset_c
CTOF_DEL    ---     0.495     R10C14B.D1 to     R10C14B.F1 probe/system/SLICE_295
ROUTE         4     1.032     R10C14B.F1 to     R10C13C.B0 probe/system/requestdup
CTOF_DEL    ---     0.495     R10C13C.B0 to     R10C13C.F0 probe/system/SLICE_331
ROUTE         3     0.445     R10C13C.F0 to     R10C13C.C1 probe/system/ackdup
CTOF_DEL    ---     0.495     R10C13C.C1 to     R10C13C.F1 probe/system/SLICE_331
ROUTE         3     2.083     R10C13C.F1 to       R7C7A.B1 probe/system/core/engine/un1_bus_fault_2dup
CTOOFX_DEL  ---     0.721       R7C7A.B1 to     R7C7A.OFX0 probe/system/core/engine/seq/predicates_pmux_6/SLICE_246
ROUTE         1     1.962     R7C7A.OFX0 to       R8C6C.B1 probe/system/core/engine/seq/N_164
CTOF_DEL    ---     0.495       R8C6C.B1 to       R8C6C.F1 probe/system/core/engine/SLICE_335
ROUTE         1     0.436       R8C6C.F1 to       R8C6C.C0 probe/system/core/engine/seq/condition
CTOF_DEL    ---     0.495       R8C6C.C0 to       R8C6C.F0 probe/system/core/engine/SLICE_335
ROUTE         1     0.693       R8C6C.F0 to       R8C6D.B0 probe/system/core/engine/seq/next_address_sn_N_35_mux
CTOF_DEL    ---     0.495       R8C6D.B0 to       R8C6D.F0 probe/system/core/engine/SLICE_336
ROUTE        10     1.007       R8C6D.F0 to       R7C5D.D0 probe/system/core/engine/seq/next_address_sn_N_37_mux
CTOOFX_DEL  ---     0.721       R7C5D.D0 to     R7C5D.OFX0 probe/system/core/engine/seq/SLICE_239
ROUTE         5     0.894     R7C5D.OFX0 to  EBR_R6C4.ADA7 probe/system/core/engine/next_address[4] (to clk_c)
                  --------
                   18.847   (29.4% logic, 70.6% route), 9 logic levels.

Unconstrained Preference:
   INPUT_SETUP PORT "reset" CLKPORT "clk" 

Report:   18.703ns delay reset to probe/system/core/engine/seq/SLICE_243 (18.537ns delay and 0.166ns setup)

   Name    Fanout   Delay (ns)          Site               Resource
PADI_DEL    ---     1.132          4.PAD to        4.PADDI reset
ROUTE       233     4.751        4.PADDI to     R10C14B.D1 reset_c
CTOF_DEL    ---     0.495     R10C14B.D1 to     R10C14B.F1 probe/system/SLICE_295
ROUTE         4     1.032     R10C14B.F1 to     R10C13C.B0 probe/system/requestdup
CTOF_DEL    ---     0.495     R10C13C.B0 to     R10C13C.F0 probe/system/SLICE_331
ROUTE         3     0.445     R10C13C.F0 to     R10C13C.C1 probe/system/ackdup
CTOF_DEL    ---     0.495     R10C13C.C1 to     R10C13C.F1 probe/system/SLICE_331
ROUTE         3     2.083     R10C13C.F1 to       R7C7A.B1 probe/system/core/engine/un1_bus_fault_2dup
CTOOFX_DEL  ---     0.721       R7C7A.B1 to     R7C7A.OFX0 probe/system/core/engine/seq/predicates_pmux_6/SLICE_246
ROUTE         1     1.962     R7C7A.OFX0 to       R8C6C.B1 probe/system/core/engine/seq/N_164
CTOF_DEL    ---     0.495       R8C6C.B1 to       R8C6C.F1 probe/system/core/engine/SLICE_335
ROUTE         1     0.436       R8C6C.F1 to       R8C6C.C0 probe/system/core/engine/seq/condition
CTOF_DEL    ---     0.495       R8C6C.C0 to       R8C6C.F0 probe/system/core/engine/SLICE_335
ROUTE         1     0.693       R8C6C.F0 to       R8C6D.B0 probe/system/core/engine/seq/next_address_sn_N_35_mux
CTOF_DEL    ---     0.495       R8C6D.B0 to       R8C6D.F0 probe/system/core/engine/SLICE_336
ROUTE        10     1.536       R8C6D.F0 to       R5C5C.A0 probe/system/core/engine/seq/next_address_sn_N_37_mux
CTOOFX_DEL  ---     0.721       R5C5C.A0 to     R5C5C.OFX0 probe/system/core/engine/seq/SLICE_243
ROUTE         5     0.055     R5C5C.OFX0 to      R5C5C.DI0 probe/system/core/engine/next_address[8] (to clk_c)
                  --------
                   18.537   (29.9% logic, 70.1% route), 9 logic levels.

Unconstrained Preference:
   INPUT_SETUP PORT "reset" CLKPORT "clk" 

Report:   18.566ns delay reset to probe/system/core/engine/seq/SLICE_238 (18.400ns delay and 0.166ns setup)

   Name    Fanout   Delay (ns)          Site               Resource
PADI_DEL    ---     1.132          4.PAD to        4.PADDI reset
ROUTE       233     4.751        4.PADDI to     R10C14B.D1 reset_c
CTOF_DEL    ---     0.495     R10C14B.D1 to     R10C14B.F1 probe/system/SLICE_295
ROUTE         4     1.032     R10C14B.F1 to     R10C13C.B0 probe/system/requestdup
CTOF_DEL    ---     0.495     R10C13C.B0 to     R10C13C.F0 probe/system/SLICE_331
ROUTE         3     0.445     R10C13C.F0 to     R10C13C.C1 probe/system/ackdup
CTOF_DEL    ---     0.495     R10C13C.C1 to     R10C13C.F1 probe/system/SLICE_331
ROUTE         3     2.083     R10C13C.F1 to       R7C7A.B1 probe/system/core/engine/un1_bus_fault_2dup
CTOOFX_DEL  ---     0.721       R7C7A.B1 to     R7C7A.OFX0 probe/system/core/engine/seq/predicates_pmux_6/SLICE_246
ROUTE         1     1.962     R7C7A.OFX0 to       R8C6C.B1 probe/system/core/engine/seq/N_164
CTOF_DEL    ---     0.495       R8C6C.B1 to       R8C6C.F1 probe/system/core/engine/SLICE_335
ROUTE         1     0.436       R8C6C.F1 to       R8C6C.C0 probe/system/core/engine/seq/condition
CTOF_DEL    ---     0.495       R8C6C.C0 to       R8C6C.F0 probe/system/core/engine/SLICE_335
ROUTE         1     0.693       R8C6C.F0 to       R8C6D.B0 probe/system/core/engine/seq/next_address_sn_N_35_mux
CTOF_DEL    ---     0.495       R8C6D.B0 to       R8C6D.F0 probe/system/core/engine/SLICE_336
ROUTE        10     1.399       R8C6D.F0 to       R5C6A.A0 probe/system/core/engine/seq/next_address_sn_N_37_mux
CTOOFX_DEL  ---     0.721       R5C6A.A0 to     R5C6A.OFX0 probe/system/core/engine/seq/SLICE_238
ROUTE         5     0.055     R5C6A.OFX0 to      R5C6A.DI0 probe/system/core/engine/next_address[3] (to clk_c)
                  --------
                   18.400   (30.1% logic, 69.9% route), 9 logic levels.

Unconstrained Preference:
   INPUT_SETUP PORT "reset" CLKPORT "clk" 

Report:   18.201ns delay reset to probe/system/core/engine/seq/SLICE_237 (18.035ns delay and 0.166ns setup)

   Name    Fanout   Delay (ns)          Site               Resource
PADI_DEL    ---     1.132          4.PAD to        4.PADDI reset
ROUTE       233     4.751        4.PADDI to     R10C14B.D1 reset_c
CTOF_DEL    ---     0.495     R10C14B.D1 to     R10C14B.F1 probe/system/SLICE_295
ROUTE         4     1.032     R10C14B.F1 to     R10C13C.B0 probe/system/requestdup
CTOF_DEL    ---     0.495     R10C13C.B0 to     R10C13C.F0 probe/system/SLICE_331
ROUTE         3     0.445     R10C13C.F0 to     R10C13C.C1 probe/system/ackdup
CTOF_DEL    ---     0.495     R10C13C.C1 to     R10C13C.F1 probe/system/SLICE_331
ROUTE         3     2.083     R10C13C.F1 to       R7C7A.B1 probe/system/core/engine/un1_bus_fault_2dup
CTOOFX_DEL  ---     0.721       R7C7A.B1 to     R7C7A.OFX0 probe/system/core/engine/seq/predicates_pmux_6/SLICE_246
ROUTE         1     1.962     R7C7A.OFX0 to       R8C6C.B1 probe/system/core/engine/seq/N_164
CTOF_DEL    ---     0.495       R8C6C.B1 to       R8C6C.F1 probe/system/core/engine/SLICE_335
ROUTE         1     0.436       R8C6C.F1 to       R8C6C.C0 probe/system/core/engine/seq/condition
CTOF_DEL    ---     0.495       R8C6C.C0 to       R8C6C.F0 probe/system/core/engine/SLICE_335
ROUTE         1     0.693       R8C6C.F0 to       R8C6D.B0 probe/system/core/engine/seq/next_address_sn_N_35_mux
CTOF_DEL    ---     0.495       R8C6D.B0 to       R8C6D.F0 probe/system/core/engine/SLICE_336
ROUTE        10     1.007       R8C6D.F0 to       R7C4B.D0 probe/system/core/engine/seq/next_address_sn_N_37_mux
CTOOFX_DEL  ---     0.721       R7C4B.D0 to     R7C4B.OFX0 probe/system/core/engine/seq/SLICE_237
ROUTE         5     0.082     R7C4B.OFX0 to      R7C4B.DI0 probe/system/core/engine/next_address[2] (to clk_c)
                  --------
                   18.035   (30.7% logic, 69.3% route), 9 logic levels.

Unconstrained Preference:
   INPUT_SETUP PORT "reset" CLKPORT "clk" 

Report:   18.147ns delay reset to probe/system/core/engine/seq/SLICE_236 (17.981ns delay and 0.166ns setup)

   Name    Fanout   Delay (ns)          Site               Resource
PADI_DEL    ---     1.132          4.PAD to        4.PADDI reset
ROUTE       233     4.751        4.PADDI to     R10C14B.D1 reset_c
CTOF_DEL    ---     0.495     R10C14B.D1 to     R10C14B.F1 probe/system/SLICE_295
ROUTE         4     1.032     R10C14B.F1 to     R10C13C.B0 probe/system/requestdup
CTOF_DEL    ---     0.495     R10C13C.B0 to     R10C13C.F0 probe/system/SLICE_331
ROUTE         3     0.445     R10C13C.F0 to     R10C13C.C1 probe/system/ackdup
CTOF_DEL    ---     0.495     R10C13C.C1 to     R10C13C.F1 probe/system/SLICE_331
ROUTE         3     2.083     R10C13C.F1 to       R7C7A.B1 probe/system/core/engine/un1_bus_fault_2dup
CTOOFX_DEL  ---     0.721       R7C7A.B1 to     R7C7A.OFX0 probe/system/core/engine/seq/predicates_pmux_6/SLICE_246
ROUTE         1     1.962     R7C7A.OFX0 to       R8C6C.B1 probe/system/core/engine/seq/N_164
CTOF_DEL    ---     0.495       R8C6C.B1 to       R8C6C.F1 probe/system/core/engine/SLICE_335
ROUTE         1     0.436       R8C6C.F1 to       R8C6C.C0 probe/system/core/engine/seq/condition
CTOF_DEL    ---     0.495       R8C6C.C0 to       R8C6C.F0 probe/system/core/engine/SLICE_335
ROUTE         1     0.693       R8C6C.F0 to       R8C6D.B0 probe/system/core/engine/seq/next_address_sn_N_35_mux
CTOF_DEL    ---     0.495       R8C6D.B0 to       R8C6D.F0 probe/system/core/engine/SLICE_336
ROUTE        10     1.007       R8C6D.F0 to       R7C4D.D0 probe/system/core/engine/seq/next_address_sn_N_37_mux
CTOOFX_DEL  ---     0.721       R7C4D.D0 to     R7C4D.OFX0 probe/system/core/engine/seq/SLICE_236
ROUTE         5     0.028     R7C4D.OFX0 to      R7C4D.DI0 probe/system/core/engine/next_address[1] (to clk_c)
                  --------
                   17.981   (30.8% logic, 69.2% route), 9 logic levels.

Unconstrained Preference:
   INPUT_SETUP PORT "reset" CLKPORT "clk" 

Report:   18.147ns delay reset to probe/system/core/engine/seq/SLICE_239 (17.981ns delay and 0.166ns setup)

   Name    Fanout   Delay (ns)          Site               Resource
PADI_DEL    ---     1.132          4.PAD to        4.PADDI reset
ROUTE       233     4.751        4.PADDI to     R10C14B.D1 reset_c
CTOF_DEL    ---     0.495     R10C14B.D1 to     R10C14B.F1 probe/system/SLICE_295
ROUTE         4     1.032     R10C14B.F1 to     R10C13C.B0 probe/system/requestdup
CTOF_DEL    ---     0.495     R10C13C.B0 to     R10C13C.F0 probe/system/SLICE_331
ROUTE         3     0.445     R10C13C.F0 to     R10C13C.C1 probe/system/ackdup
CTOF_DEL    ---     0.495     R10C13C.C1 to     R10C13C.F1 probe/system/SLICE_331
ROUTE         3     2.083     R10C13C.F1 to       R7C7A.B1 probe/system/core/engine/un1_bus_fault_2dup
CTOOFX_DEL  ---     0.721       R7C7A.B1 to     R7C7A.OFX0 probe/system/core/engine/seq/predicates_pmux_6/SLICE_246
ROUTE         1     1.962     R7C7A.OFX0 to       R8C6C.B1 probe/system/core/engine/seq/N_164
CTOF_DEL    ---     0.495       R8C6C.B1 to       R8C6C.F1 probe/system/core/engine/SLICE_335
ROUTE         1     0.436       R8C6C.F1 to       R8C6C.C0 probe/system/core/engine/seq/condition
CTOF_DEL    ---     0.495       R8C6C.C0 to       R8C6C.F0 probe/system/core/engine/SLICE_335
ROUTE         1     0.693       R8C6C.F0 to       R8C6D.B0 probe/system/core/engine/seq/next_address_sn_N_35_mux
CTOF_DEL    ---     0.495       R8C6D.B0 to       R8C6D.F0 probe/system/core/engine/SLICE_336
ROUTE        10     1.007       R8C6D.F0 to       R7C5D.D0 probe/system/core/engine/seq/next_address_sn_N_37_mux
CTOOFX_DEL  ---     0.721       R7C5D.D0 to     R7C5D.OFX0 probe/system/core/engine/seq/SLICE_239
ROUTE         5     0.028     R7C5D.OFX0 to      R7C5D.DI0 probe/system/core/engine/next_address[4] (to clk_c)
                  --------
                   17.981   (30.8% logic, 69.2% route), 9 logic levels.

Unconstrained Preference:
   INPUT_SETUP PORT "reset" CLKPORT "clk" 

Report:   17.920ns delay reset to probe/system/core/engine/seq/SLICE_235 (17.754ns delay and 0.166ns setup)

   Name    Fanout   Delay (ns)          Site               Resource
PADI_DEL    ---     1.132          4.PAD to        4.PADDI reset
ROUTE       233     4.751        4.PADDI to     R10C14B.D1 reset_c
CTOF_DEL    ---     0.495     R10C14B.D1 to     R10C14B.F1 probe/system/SLICE_295
ROUTE         4     1.032     R10C14B.F1 to     R10C13C.B0 probe/system/requestdup
CTOF_DEL    ---     0.495     R10C13C.B0 to     R10C13C.F0 probe/system/SLICE_331
ROUTE         3     0.445     R10C13C.F0 to     R10C13C.C1 probe/system/ackdup
CTOF_DEL    ---     0.495     R10C13C.C1 to     R10C13C.F1 probe/system/SLICE_331
ROUTE         3     2.083     R10C13C.F1 to       R7C7A.B1 probe/system/core/engine/un1_bus_fault_2dup
CTOOFX_DEL  ---     0.721       R7C7A.B1 to     R7C7A.OFX0 probe/system/core/engine/seq/predicates_pmux_6/SLICE_246
ROUTE         1     1.962     R7C7A.OFX0 to       R8C6C.B1 probe/system/core/engine/seq/N_164
CTOF_DEL    ---     0.495       R8C6C.B1 to       R8C6C.F1 probe/system/core/engine/SLICE_335
ROUTE         1     0.436       R8C6C.F1 to       R8C6C.C0 probe/system/core/engine/seq/condition
CTOF_DEL    ---     0.495       R8C6C.C0 to       R8C6C.F0 probe/system/core/engine/SLICE_335
ROUTE         1     0.693       R8C6C.F0 to       R8C6D.B0 probe/system/core/engine/seq/next_address_sn_N_35_mux
CTOF_DEL    ---     0.495       R8C6D.B0 to       R8C6D.F0 probe/system/core/engine/SLICE_336
ROUTE        10     0.780       R8C6D.F0 to       R7C6B.C0 probe/system/core/engine/seq/next_address_sn_N_37_mux
CTOOFX_DEL  ---     0.721       R7C6B.C0 to     R7C6B.OFX0 probe/system/core/engine/seq/SLICE_235
ROUTE         5     0.028     R7C6B.OFX0 to      R7C6B.DI0 probe/system/core/engine/next_address[0] (to clk_c)
                  --------
                   17.754   (31.2% logic, 68.8% route), 9 logic levels.

Unconstrained Preference:
   INPUT_SETUP PORT "reset" CLKPORT "clk" 

Report:   17.811ns delay reset to probe/system/sequential.memory/transport/SLICE_57 (17.529ns delay and 0.282ns setup)

   Name    Fanout   Delay (ns)          Site               Resource
PADI_DEL    ---     1.132          4.PAD to        4.PADDI reset
ROUTE       233     4.751        4.PADDI to     R10C14B.D1 reset_c
CTOF_DEL    ---     0.495     R10C14B.D1 to     R10C14B.F1 probe/system/SLICE_295
ROUTE         4     1.032     R10C14B.F1 to     R10C13C.B0 probe/system/requestdup
CTOF_DEL    ---     0.495     R10C13C.B0 to     R10C13C.F0 probe/system/SLICE_331
ROUTE         3     1.530     R10C13C.F0 to      R7C14B.A1 probe/system/ackdup
CTOF_DEL    ---     0.495      R7C14B.A1 to      R7C14B.F1 probe/system/core/engine/SLICE_297
ROUTE         2     1.013      R7C14B.F1 to      R7C14D.B0 probe/system/core/engine/un1_completedup
CTOF_DEL    ---     0.495      R7C14D.B0 to      R7C14D.F0 probe/system/core/engine/SLICE_453
ROUTE        11     1.081      R7C14D.F0 to      R9C13D.D0 probe/system/core/engine/stepdup
CTOF_DEL    ---     0.495      R9C13D.D0 to      R9C13D.F0 probe/system/core/engine/SLICE_377
ROUTE        17     1.201      R9C13D.F0 to      R9C15D.C1 probe/system/rf_writedup
CTOF_DEL    ---     0.495      R9C15D.C1 to      R9C15D.F1 probe/system/sequential.memory/SLICE_332
ROUTE         1     0.315      R9C15D.F1 to      R9C15C.D1 probe/system/sequential.memory/redirectdup
CTOF_DEL    ---     0.495      R9C15C.D1 to      R9C15C.F1 probe/system/sequential.memory/SLICE_314
ROUTE         2     0.445      R9C15C.F1 to      R9C15C.C0 probe/system/sequential.memory/un1_next_word5
CTOF_DEL    ---     0.495      R9C15C.C0 to      R9C15C.F0 probe/system/sequential.memory/SLICE_314
ROUTE         1     1.069      R9C15C.F0 to     R10C15A.CE probe/system/sequential.memory/transport/un1_spi_active_3_0 (to clk_c)
                  --------
                   17.529   (29.0% logic, 71.0% route), 9 logic levels.

Unconstrained Preference:
   INPUT_SETUP PORT "reset" CLKPORT "clk" 

Report:   17.148ns delay reset to probe/system/sequential.memory/transport/SLICE_219 (16.982ns delay and 0.166ns setup)

   Name    Fanout   Delay (ns)          Site               Resource
PADI_DEL    ---     1.132          4.PAD to        4.PADDI reset
ROUTE       233     4.751        4.PADDI to     R10C14B.D1 reset_c
CTOF_DEL    ---     0.495     R10C14B.D1 to     R10C14B.F1 probe/system/SLICE_295
ROUTE         4     1.032     R10C14B.F1 to     R10C13C.B0 probe/system/requestdup
CTOF_DEL    ---     0.495     R10C13C.B0 to     R10C13C.F0 probe/system/SLICE_331
ROUTE         3     1.530     R10C13C.F0 to      R7C14B.A1 probe/system/ackdup
CTOF_DEL    ---     0.495      R7C14B.A1 to      R7C14B.F1 probe/system/core/engine/SLICE_297
ROUTE         2     1.013      R7C14B.F1 to      R7C14D.B0 probe/system/core/engine/un1_completedup
CTOF_DEL    ---     0.495      R7C14D.B0 to      R7C14D.F0 probe/system/core/engine/SLICE_453
ROUTE        11     1.081      R7C14D.F0 to      R9C13D.D0 probe/system/core/engine/stepdup
CTOF_DEL    ---     0.495      R9C13D.D0 to      R9C13D.F0 probe/system/core/engine/SLICE_377
ROUTE        17     1.201      R9C13D.F0 to      R9C15D.C1 probe/system/rf_writedup
CTOF_DEL    ---     0.495      R9C15D.C1 to      R9C15D.F1 probe/system/sequential.memory/SLICE_332
ROUTE         1     0.315      R9C15D.F1 to      R9C15C.D1 probe/system/sequential.memory/redirectdup
CTOF_DEL    ---     0.495      R9C15C.D1 to      R9C15C.F1 probe/system/sequential.memory/SLICE_314
ROUTE         2     0.967      R9C15C.F1 to     R10C16C.D0 probe/system/sequential.memory/un1_next_word5
CTOF_DEL    ---     0.495     R10C16C.D0 to     R10C16C.F0 probe/system/sequential.memory/transport/SLICE_219
ROUTE         1     0.000     R10C16C.F0 to    R10C16C.DI0 probe/system/sequential.memory/transport/N_165_i (to clk_c)
                  --------
                   16.982   (30.0% logic, 70.0% route), 9 logic levels.

Unconstrained Preference:
   INPUT_SETUP PORT "reset" CLKPORT "clk" 

Report:   15.320ns delay reset to probe/system/SLICE_37 (15.212ns delay and 0.108ns setup)

   Name    Fanout   Delay (ns)          Site               Resource
PADI_DEL    ---     1.132          4.PAD to        4.PADDI reset
ROUTE       233     4.751        4.PADDI to     R10C14B.D1 reset_c
CTOF_DEL    ---     0.495     R10C14B.D1 to     R10C14B.F1 probe/system/SLICE_295
ROUTE         4     1.032     R10C14B.F1 to     R10C13C.B0 probe/system/requestdup
CTOF_DEL    ---     0.495     R10C13C.B0 to     R10C13C.F0 probe/system/SLICE_331
ROUTE         3     1.530     R10C13C.F0 to      R7C14B.A1 probe/system/ackdup
CTOF_DEL    ---     0.495      R7C14B.A1 to      R7C14B.F1 probe/system/core/engine/SLICE_297
ROUTE         2     1.013      R7C14B.F1 to      R7C14D.B0 probe/system/core/engine/un1_completedup
CTOF_DEL    ---     0.495      R7C14D.B0 to      R7C14D.F0 probe/system/core/engine/SLICE_453
ROUTE        11     1.081      R7C14D.F0 to      R9C13D.D0 probe/system/core/engine/stepdup
CTOF_DEL    ---     0.495      R9C13D.D0 to      R9C13D.F0 probe/system/core/engine/SLICE_377
ROUTE        17     2.198      R9C13D.F0 to      R8C9A.WRE probe/system/rf_writedup (to clk_c)
                  --------
                   15.212   (23.7% logic, 76.3% route), 6 logic levels.

Unconstrained Preference:
   INPUT_SETUP PORT "reset" CLKPORT "clk" 

Report:   15.320ns delay reset to probe/system/SLICE_38 (15.212ns delay and 0.108ns setup)

   Name    Fanout   Delay (ns)          Site               Resource
PADI_DEL    ---     1.132          4.PAD to        4.PADDI reset
ROUTE       233     4.751        4.PADDI to     R10C14B.D1 reset_c
CTOF_DEL    ---     0.495     R10C14B.D1 to     R10C14B.F1 probe/system/SLICE_295
ROUTE         4     1.032     R10C14B.F1 to     R10C13C.B0 probe/system/requestdup
CTOF_DEL    ---     0.495     R10C13C.B0 to     R10C13C.F0 probe/system/SLICE_331
ROUTE         3     1.530     R10C13C.F0 to      R7C14B.A1 probe/system/ackdup
CTOF_DEL    ---     0.495      R7C14B.A1 to      R7C14B.F1 probe/system/core/engine/SLICE_297
ROUTE         2     1.013      R7C14B.F1 to      R7C14D.B0 probe/system/core/engine/un1_completedup
CTOF_DEL    ---     0.495      R7C14D.B0 to      R7C14D.F0 probe/system/core/engine/SLICE_453
ROUTE        11     1.081      R7C14D.F0 to      R9C13D.D0 probe/system/core/engine/stepdup
CTOF_DEL    ---     0.495      R9C13D.D0 to      R9C13D.F0 probe/system/core/engine/SLICE_377
ROUTE        17     2.198      R9C13D.F0 to      R8C9B.WRE probe/system/rf_writedup (to clk_c)
                  --------
                   15.212   (23.7% logic, 76.3% route), 6 logic levels.

Unconstrained Preference:
   INPUT_SETUP PORT "reset" CLKPORT "clk" 

Report:   14.893ns delay reset to probe/system/SLICE_55 (14.785ns delay and 0.108ns setup)

   Name    Fanout   Delay (ns)          Site               Resource
PADI_DEL    ---     1.132          4.PAD to        4.PADDI reset
ROUTE       233     4.751        4.PADDI to     R10C14B.D1 reset_c
CTOF_DEL    ---     0.495     R10C14B.D1 to     R10C14B.F1 probe/system/SLICE_295
ROUTE         4     1.032     R10C14B.F1 to     R10C13C.B0 probe/system/requestdup
CTOF_DEL    ---     0.495     R10C13C.B0 to     R10C13C.F0 probe/system/SLICE_331
ROUTE         3     1.530     R10C13C.F0 to      R7C14B.A1 probe/system/ackdup
CTOF_DEL    ---     0.495      R7C14B.A1 to      R7C14B.F1 probe/system/core/engine/SLICE_297
ROUTE         2     1.013      R7C14B.F1 to      R7C14D.B0 probe/system/core/engine/un1_completedup
CTOF_DEL    ---     0.495      R7C14D.B0 to      R7C14D.F0 probe/system/core/engine/SLICE_453
ROUTE        11     1.081      R7C14D.F0 to      R9C13D.D0 probe/system/core/engine/stepdup
CTOF_DEL    ---     0.495      R9C13D.D0 to      R9C13D.F0 probe/system/core/engine/SLICE_377
ROUTE        17     1.771      R9C13D.F0 to     R7C12A.WRE probe/system/rf_writedup (to clk_c)
                  --------
                   14.785   (24.4% logic, 75.6% route), 6 logic levels.

Unconstrained Preference:
   INPUT_SETUP PORT "reset" CLKPORT "clk" 

Report:   14.893ns delay reset to probe/system/SLICE_56 (14.785ns delay and 0.108ns setup)

   Name    Fanout   Delay (ns)          Site               Resource
PADI_DEL    ---     1.132          4.PAD to        4.PADDI reset
ROUTE       233     4.751        4.PADDI to     R10C14B.D1 reset_c
CTOF_DEL    ---     0.495     R10C14B.D1 to     R10C14B.F1 probe/system/SLICE_295
ROUTE         4     1.032     R10C14B.F1 to     R10C13C.B0 probe/system/requestdup
CTOF_DEL    ---     0.495     R10C13C.B0 to     R10C13C.F0 probe/system/SLICE_331
ROUTE         3     1.530     R10C13C.F0 to      R7C14B.A1 probe/system/ackdup
CTOF_DEL    ---     0.495      R7C14B.A1 to      R7C14B.F1 probe/system/core/engine/SLICE_297
ROUTE         2     1.013      R7C14B.F1 to      R7C14D.B0 probe/system/core/engine/un1_completedup
CTOF_DEL    ---     0.495      R7C14D.B0 to      R7C14D.F0 probe/system/core/engine/SLICE_453
ROUTE        11     1.081      R7C14D.F0 to      R9C13D.D0 probe/system/core/engine/stepdup
CTOF_DEL    ---     0.495      R9C13D.D0 to      R9C13D.F0 probe/system/core/engine/SLICE_377
ROUTE        17     1.771      R9C13D.F0 to     R7C12B.WRE probe/system/rf_writedup (to clk_c)
                  --------
                   14.785   (24.4% logic, 75.6% route), 6 logic levels.

Unconstrained Preference:
   INPUT_SETUP PORT "reset" CLKPORT "clk" 

Report:   14.772ns delay reset to probe/system/SLICE_49 (14.664ns delay and 0.108ns setup)

   Name    Fanout   Delay (ns)          Site               Resource
PADI_DEL    ---     1.132          4.PAD to        4.PADDI reset
ROUTE       233     4.751        4.PADDI to     R10C14B.D1 reset_c
CTOF_DEL    ---     0.495     R10C14B.D1 to     R10C14B.F1 probe/system/SLICE_295
ROUTE         4     1.032     R10C14B.F1 to     R10C13C.B0 probe/system/requestdup
CTOF_DEL    ---     0.495     R10C13C.B0 to     R10C13C.F0 probe/system/SLICE_331
ROUTE         3     1.530     R10C13C.F0 to      R7C14B.A1 probe/system/ackdup
CTOF_DEL    ---     0.495      R7C14B.A1 to      R7C14B.F1 probe/system/core/engine/SLICE_297
ROUTE         2     1.013      R7C14B.F1 to      R7C14D.B0 probe/system/core/engine/un1_completedup
CTOF_DEL    ---     0.495      R7C14D.B0 to      R7C14D.F0 probe/system/core/engine/SLICE_453
ROUTE        11     1.081      R7C14D.F0 to      R9C13D.D0 probe/system/core/engine/stepdup
CTOF_DEL    ---     0.495      R9C13D.D0 to      R9C13D.F0 probe/system/core/engine/SLICE_377
ROUTE        17     1.650      R9C13D.F0 to     R8C14A.WRE probe/system/rf_writedup (to clk_c)
                  --------
                   14.664   (24.6% logic, 75.4% route), 6 logic levels.

Unconstrained Preference:
   INPUT_SETUP PORT "reset" CLKPORT "clk" 

Report:   14.772ns delay reset to probe/system/SLICE_50 (14.664ns delay and 0.108ns setup)

   Name    Fanout   Delay (ns)          Site               Resource
PADI_DEL    ---     1.132          4.PAD to        4.PADDI reset
ROUTE       233     4.751        4.PADDI to     R10C14B.D1 reset_c
CTOF_DEL    ---     0.495     R10C14B.D1 to     R10C14B.F1 probe/system/SLICE_295
ROUTE         4     1.032     R10C14B.F1 to     R10C13C.B0 probe/system/requestdup
CTOF_DEL    ---     0.495     R10C13C.B0 to     R10C13C.F0 probe/system/SLICE_331
ROUTE         3     1.530     R10C13C.F0 to      R7C14B.A1 probe/system/ackdup
CTOF_DEL    ---     0.495      R7C14B.A1 to      R7C14B.F1 probe/system/core/engine/SLICE_297
ROUTE         2     1.013      R7C14B.F1 to      R7C14D.B0 probe/system/core/engine/un1_completedup
CTOF_DEL    ---     0.495      R7C14D.B0 to      R7C14D.F0 probe/system/core/engine/SLICE_453
ROUTE        11     1.081      R7C14D.F0 to      R9C13D.D0 probe/system/core/engine/stepdup
CTOF_DEL    ---     0.495      R9C13D.D0 to      R9C13D.F0 probe/system/core/engine/SLICE_377
ROUTE        17     1.650      R9C13D.F0 to     R8C14B.WRE probe/system/rf_writedup (to clk_c)
                  --------
                   14.664   (24.6% logic, 75.4% route), 6 logic levels.

Unconstrained Preference:
   INPUT_SETUP PORT "reset" CLKPORT "clk" 

Report:   14.772ns delay reset to probe/system/SLICE_43 (14.664ns delay and 0.108ns setup)

   Name    Fanout   Delay (ns)          Site               Resource
PADI_DEL    ---     1.132          4.PAD to        4.PADDI reset
ROUTE       233     4.751        4.PADDI to     R10C14B.D1 reset_c
CTOF_DEL    ---     0.495     R10C14B.D1 to     R10C14B.F1 probe/system/SLICE_295
ROUTE         4     1.032     R10C14B.F1 to     R10C13C.B0 probe/system/requestdup
CTOF_DEL    ---     0.495     R10C13C.B0 to     R10C13C.F0 probe/system/SLICE_331
ROUTE         3     1.530     R10C13C.F0 to      R7C14B.A1 probe/system/ackdup
CTOF_DEL    ---     0.495      R7C14B.A1 to      R7C14B.F1 probe/system/core/engine/SLICE_297
ROUTE         2     1.013      R7C14B.F1 to      R7C14D.B0 probe/system/core/engine/un1_completedup
CTOF_DEL    ---     0.495      R7C14D.B0 to      R7C14D.F0 probe/system/core/engine/SLICE_453
ROUTE        11     1.081      R7C14D.F0 to      R9C13D.D0 probe/system/core/engine/stepdup
CTOF_DEL    ---     0.495      R9C13D.D0 to      R9C13D.F0 probe/system/core/engine/SLICE_377
ROUTE        17     1.650      R9C13D.F0 to     R8C15A.WRE probe/system/rf_writedup (to clk_c)
                  --------
                   14.664   (24.6% logic, 75.4% route), 6 logic levels.

Unconstrained Preference:
   INPUT_SETUP PORT "reset" CLKPORT "clk" 

Report:   14.772ns delay reset to probe/system/SLICE_44 (14.664ns delay and 0.108ns setup)

   Name    Fanout   Delay (ns)          Site               Resource
PADI_DEL    ---     1.132          4.PAD to        4.PADDI reset
ROUTE       233     4.751        4.PADDI to     R10C14B.D1 reset_c
CTOF_DEL    ---     0.495     R10C14B.D1 to     R10C14B.F1 probe/system/SLICE_295
ROUTE         4     1.032     R10C14B.F1 to     R10C13C.B0 probe/system/requestdup
CTOF_DEL    ---     0.495     R10C13C.B0 to     R10C13C.F0 probe/system/SLICE_331
ROUTE         3     1.530     R10C13C.F0 to      R7C14B.A1 probe/system/ackdup
CTOF_DEL    ---     0.495      R7C14B.A1 to      R7C14B.F1 probe/system/core/engine/SLICE_297
ROUTE         2     1.013      R7C14B.F1 to      R7C14D.B0 probe/system/core/engine/un1_completedup
CTOF_DEL    ---     0.495      R7C14D.B0 to      R7C14D.F0 probe/system/core/engine/SLICE_453
ROUTE        11     1.081      R7C14D.F0 to      R9C13D.D0 probe/system/core/engine/stepdup
CTOF_DEL    ---     0.495      R9C13D.D0 to      R9C13D.F0 probe/system/core/engine/SLICE_377
ROUTE        17     1.650      R9C13D.F0 to     R8C15B.WRE probe/system/rf_writedup (to clk_c)
                  --------
                   14.664   (24.6% logic, 75.4% route), 6 logic levels.

Unconstrained Preference:
   INPUT_SETUP PORT "reset" CLKPORT "clk" 

Report:   14.656ns delay reset to probe/system/SLICE_46 (14.548ns delay and 0.108ns setup)

   Name    Fanout   Delay (ns)          Site               Resource
PADI_DEL    ---     1.132          4.PAD to        4.PADDI reset
ROUTE       233     4.751        4.PADDI to     R10C14B.D1 reset_c
CTOF_DEL    ---     0.495     R10C14B.D1 to     R10C14B.F1 probe/system/SLICE_295
ROUTE         4     1.032     R10C14B.F1 to     R10C13C.B0 probe/system/requestdup
CTOF_DEL    ---     0.495     R10C13C.B0 to     R10C13C.F0 probe/system/SLICE_331
ROUTE         3     1.530     R10C13C.F0 to      R7C14B.A1 probe/system/ackdup
CTOF_DEL    ---     0.495      R7C14B.A1 to      R7C14B.F1 probe/system/core/engine/SLICE_297
ROUTE         2     1.013      R7C14B.F1 to      R7C14D.B0 probe/system/core/engine/un1_completedup
CTOF_DEL    ---     0.495      R7C14D.B0 to      R7C14D.F0 probe/system/core/engine/SLICE_453
ROUTE        11     1.081      R7C14D.F0 to      R9C13D.D0 probe/system/core/engine/stepdup
CTOF_DEL    ---     0.495      R9C13D.D0 to      R9C13D.F0 probe/system/core/engine/SLICE_377
ROUTE        17     1.534      R9C13D.F0 to     R7C15A.WRE probe/system/rf_writedup (to clk_c)
                  --------
                   14.548   (24.8% logic, 75.2% route), 6 logic levels.

Unconstrained Preference:
   INPUT_SETUP PORT "reset" CLKPORT "clk" 

Report:   14.656ns delay reset to probe/system/SLICE_47 (14.548ns delay and 0.108ns setup)

   Name    Fanout   Delay (ns)          Site               Resource
PADI_DEL    ---     1.132          4.PAD to        4.PADDI reset
ROUTE       233     4.751        4.PADDI to     R10C14B.D1 reset_c
CTOF_DEL    ---     0.495     R10C14B.D1 to     R10C14B.F1 probe/system/SLICE_295
ROUTE         4     1.032     R10C14B.F1 to     R10C13C.B0 probe/system/requestdup
CTOF_DEL    ---     0.495     R10C13C.B0 to     R10C13C.F0 probe/system/SLICE_331
ROUTE         3     1.530     R10C13C.F0 to      R7C14B.A1 probe/system/ackdup
CTOF_DEL    ---     0.495      R7C14B.A1 to      R7C14B.F1 probe/system/core/engine/SLICE_297
ROUTE         2     1.013      R7C14B.F1 to      R7C14D.B0 probe/system/core/engine/un1_completedup
CTOF_DEL    ---     0.495      R7C14D.B0 to      R7C14D.F0 probe/system/core/engine/SLICE_453
ROUTE        11     1.081      R7C14D.F0 to      R9C13D.D0 probe/system/core/engine/stepdup
CTOF_DEL    ---     0.495      R9C13D.D0 to      R9C13D.F0 probe/system/core/engine/SLICE_377
ROUTE        17     1.534      R9C13D.F0 to     R7C15B.WRE probe/system/rf_writedup (to clk_c)
                  --------
                   14.548   (24.8% logic, 75.2% route), 6 logic levels.

Unconstrained Preference:
   INPUT_SETUP PORT "reset" CLKPORT "clk" 

Report:   14.643ns delay reset to probe/system/SLICE_34 (14.535ns delay and 0.108ns setup)

   Name    Fanout   Delay (ns)          Site               Resource
PADI_DEL    ---     1.132          4.PAD to        4.PADDI reset
ROUTE       233     4.751        4.PADDI to     R10C14B.D1 reset_c
CTOF_DEL    ---     0.495     R10C14B.D1 to     R10C14B.F1 probe/system/SLICE_295
ROUTE         4     1.032     R10C14B.F1 to     R10C13C.B0 probe/system/requestdup
CTOF_DEL    ---     0.495     R10C13C.B0 to     R10C13C.F0 probe/system/SLICE_331
ROUTE         3     1.530     R10C13C.F0 to      R7C14B.A1 probe/system/ackdup
CTOF_DEL    ---     0.495      R7C14B.A1 to      R7C14B.F1 probe/system/core/engine/SLICE_297
ROUTE         2     1.013      R7C14B.F1 to      R7C14D.B0 probe/system/core/engine/un1_completedup
CTOF_DEL    ---     0.495      R7C14D.B0 to      R7C14D.F0 probe/system/core/engine/SLICE_453
ROUTE        11     1.081      R7C14D.F0 to      R9C13D.D0 probe/system/core/engine/stepdup
CTOF_DEL    ---     0.495      R9C13D.D0 to      R9C13D.F0 probe/system/core/engine/SLICE_377
ROUTE        17     1.521      R9C13D.F0 to    R10C11A.WRE probe/system/rf_writedup (to clk_c)
                  --------
                   14.535   (24.8% logic, 75.2% route), 6 logic levels.

Unconstrained Preference:
   INPUT_SETUP PORT "reset" CLKPORT "clk" 

Report:   14.643ns delay reset to probe/system/SLICE_35 (14.535ns delay and 0.108ns setup)

   Name    Fanout   Delay (ns)          Site               Resource
PADI_DEL    ---     1.132          4.PAD to        4.PADDI reset
ROUTE       233     4.751        4.PADDI to     R10C14B.D1 reset_c
CTOF_DEL    ---     0.495     R10C14B.D1 to     R10C14B.F1 probe/system/SLICE_295
ROUTE         4     1.032     R10C14B.F1 to     R10C13C.B0 probe/system/requestdup
CTOF_DEL    ---     0.495     R10C13C.B0 to     R10C13C.F0 probe/system/SLICE_331
ROUTE         3     1.530     R10C13C.F0 to      R7C14B.A1 probe/system/ackdup
CTOF_DEL    ---     0.495      R7C14B.A1 to      R7C14B.F1 probe/system/core/engine/SLICE_297
ROUTE         2     1.013      R7C14B.F1 to      R7C14D.B0 probe/system/core/engine/un1_completedup
CTOF_DEL    ---     0.495      R7C14D.B0 to      R7C14D.F0 probe/system/core/engine/SLICE_453
ROUTE        11     1.081      R7C14D.F0 to      R9C13D.D0 probe/system/core/engine/stepdup
CTOF_DEL    ---     0.495      R9C13D.D0 to      R9C13D.F0 probe/system/core/engine/SLICE_377
ROUTE        17     1.521      R9C13D.F0 to    R10C11B.WRE probe/system/rf_writedup (to clk_c)
                  --------
                   14.535   (24.8% logic, 75.2% route), 6 logic levels.

Unconstrained Preference:
   INPUT_SETUP PORT "reset" CLKPORT "clk" 

Report:   14.610ns delay reset to probe/system/core/engine/seq/SLICE_239 (14.328ns delay and 0.282ns setup)

   Name    Fanout   Delay (ns)          Site               Resource
PADI_DEL    ---     1.132          4.PAD to        4.PADDI reset
ROUTE       233     4.751        4.PADDI to     R10C14B.D1 reset_c
CTOF_DEL    ---     0.495     R10C14B.D1 to     R10C14B.F1 probe/system/SLICE_295
ROUTE         4     1.032     R10C14B.F1 to     R10C13C.B0 probe/system/requestdup
CTOF_DEL    ---     0.495     R10C13C.B0 to     R10C13C.F0 probe/system/SLICE_331
ROUTE         3     1.530     R10C13C.F0 to      R7C14B.A1 probe/system/ackdup
CTOF_DEL    ---     0.495      R7C14B.A1 to      R7C14B.F1 probe/system/core/engine/SLICE_297
ROUTE         2     1.013      R7C14B.F1 to      R7C14D.B0 probe/system/core/engine/un1_completedup
CTOF_DEL    ---     0.495      R7C14D.B0 to      R7C14D.F0 probe/system/core/engine/SLICE_453
ROUTE        11     2.890      R7C14D.F0 to       R7C5D.CE probe/system/core/engine/stepdup (to clk_c)
                  --------
                   14.328   (21.7% logic, 78.3% route), 5 logic levels.

Unconstrained Preference:
   INPUT_SETUP PORT "reset" CLKPORT "clk" 

Report:   14.610ns delay reset to probe/system/core/engine/seq/SLICE_235 (14.328ns delay and 0.282ns setup)

   Name    Fanout   Delay (ns)          Site               Resource
PADI_DEL    ---     1.132          4.PAD to        4.PADDI reset
ROUTE       233     4.751        4.PADDI to     R10C14B.D1 reset_c
CTOF_DEL    ---     0.495     R10C14B.D1 to     R10C14B.F1 probe/system/SLICE_295
ROUTE         4     1.032     R10C14B.F1 to     R10C13C.B0 probe/system/requestdup
CTOF_DEL    ---     0.495     R10C13C.B0 to     R10C13C.F0 probe/system/SLICE_331
ROUTE         3     1.530     R10C13C.F0 to      R7C14B.A1 probe/system/ackdup
CTOF_DEL    ---     0.495      R7C14B.A1 to      R7C14B.F1 probe/system/core/engine/SLICE_297
ROUTE         2     1.013      R7C14B.F1 to      R7C14D.B0 probe/system/core/engine/un1_completedup
CTOF_DEL    ---     0.495      R7C14D.B0 to      R7C14D.F0 probe/system/core/engine/SLICE_453
ROUTE        11     2.890      R7C14D.F0 to       R7C6B.CE probe/system/core/engine/stepdup (to clk_c)
                  --------
                   14.328   (21.7% logic, 78.3% route), 5 logic levels.

Unconstrained Preference:
   INPUT_SETUP PORT "reset" CLKPORT "clk" 

Report:   14.610ns delay reset to probe/system/core/engine/seq/SLICE_243 (14.328ns delay and 0.282ns setup)

   Name    Fanout   Delay (ns)          Site               Resource
PADI_DEL    ---     1.132          4.PAD to        4.PADDI reset
ROUTE       233     4.751        4.PADDI to     R10C14B.D1 reset_c
CTOF_DEL    ---     0.495     R10C14B.D1 to     R10C14B.F1 probe/system/SLICE_295
ROUTE         4     1.032     R10C14B.F1 to     R10C13C.B0 probe/system/requestdup
CTOF_DEL    ---     0.495     R10C13C.B0 to     R10C13C.F0 probe/system/SLICE_331
ROUTE         3     1.530     R10C13C.F0 to      R7C14B.A1 probe/system/ackdup
CTOF_DEL    ---     0.495      R7C14B.A1 to      R7C14B.F1 probe/system/core/engine/SLICE_297
ROUTE         2     1.013      R7C14B.F1 to      R7C14D.B0 probe/system/core/engine/un1_completedup
CTOF_DEL    ---     0.495      R7C14D.B0 to      R7C14D.F0 probe/system/core/engine/SLICE_453
ROUTE        11     2.890      R7C14D.F0 to       R5C5C.CE probe/system/core/engine/stepdup (to clk_c)
                  --------
                   14.328   (21.7% logic, 78.3% route), 5 logic levels.

Unconstrained Preference:
   INPUT_SETUP PORT "reset" CLKPORT "clk" 

Report:   14.610ns delay reset to probe/system/core/engine/seq/SLICE_244 (14.328ns delay and 0.282ns setup)

   Name    Fanout   Delay (ns)          Site               Resource
PADI_DEL    ---     1.132          4.PAD to        4.PADDI reset
ROUTE       233     4.751        4.PADDI to     R10C14B.D1 reset_c
CTOF_DEL    ---     0.495     R10C14B.D1 to     R10C14B.F1 probe/system/SLICE_295
ROUTE         4     1.032     R10C14B.F1 to     R10C13C.B0 probe/system/requestdup
CTOF_DEL    ---     0.495     R10C13C.B0 to     R10C13C.F0 probe/system/SLICE_331
ROUTE         3     1.530     R10C13C.F0 to      R7C14B.A1 probe/system/ackdup
CTOF_DEL    ---     0.495      R7C14B.A1 to      R7C14B.F1 probe/system/core/engine/SLICE_297
ROUTE         2     1.013      R7C14B.F1 to      R7C14D.B0 probe/system/core/engine/un1_completedup
CTOF_DEL    ---     0.495      R7C14D.B0 to      R7C14D.F0 probe/system/core/engine/SLICE_453
ROUTE        11     2.890      R7C14D.F0 to       R4C4A.CE probe/system/core/engine/stepdup (to clk_c)
                  --------
                   14.328   (21.7% logic, 78.3% route), 5 logic levels.

Unconstrained Preference:
   INPUT_SETUP PORT "reset" CLKPORT "clk" 

Report:   14.610ns delay reset to probe/system/core/engine/seq/SLICE_236 (14.328ns delay and 0.282ns setup)

   Name    Fanout   Delay (ns)          Site               Resource
PADI_DEL    ---     1.132          4.PAD to        4.PADDI reset
ROUTE       233     4.751        4.PADDI to     R10C14B.D1 reset_c
CTOF_DEL    ---     0.495     R10C14B.D1 to     R10C14B.F1 probe/system/SLICE_295
ROUTE         4     1.032     R10C14B.F1 to     R10C13C.B0 probe/system/requestdup
CTOF_DEL    ---     0.495     R10C13C.B0 to     R10C13C.F0 probe/system/SLICE_331
ROUTE         3     1.530     R10C13C.F0 to      R7C14B.A1 probe/system/ackdup
CTOF_DEL    ---     0.495      R7C14B.A1 to      R7C14B.F1 probe/system/core/engine/SLICE_297
ROUTE         2     1.013      R7C14B.F1 to      R7C14D.B0 probe/system/core/engine/un1_completedup
CTOF_DEL    ---     0.495      R7C14D.B0 to      R7C14D.F0 probe/system/core/engine/SLICE_453
ROUTE        11     2.890      R7C14D.F0 to       R7C4D.CE probe/system/core/engine/stepdup (to clk_c)
                  --------
                   14.328   (21.7% logic, 78.3% route), 5 logic levels.

Unconstrained Preference:
   INPUT_SETUP PORT "reset" CLKPORT "clk" 

Report:   14.610ns delay reset to probe/system/core/engine/seq/SLICE_240 (14.328ns delay and 0.282ns setup)

   Name    Fanout   Delay (ns)          Site               Resource
PADI_DEL    ---     1.132          4.PAD to        4.PADDI reset
ROUTE       233     4.751        4.PADDI to     R10C14B.D1 reset_c
CTOF_DEL    ---     0.495     R10C14B.D1 to     R10C14B.F1 probe/system/SLICE_295
ROUTE         4     1.032     R10C14B.F1 to     R10C13C.B0 probe/system/requestdup
CTOF_DEL    ---     0.495     R10C13C.B0 to     R10C13C.F0 probe/system/SLICE_331
ROUTE         3     1.530     R10C13C.F0 to      R7C14B.A1 probe/system/ackdup
CTOF_DEL    ---     0.495      R7C14B.A1 to      R7C14B.F1 probe/system/core/engine/SLICE_297
ROUTE         2     1.013      R7C14B.F1 to      R7C14D.B0 probe/system/core/engine/un1_completedup
CTOF_DEL    ---     0.495      R7C14D.B0 to      R7C14D.F0 probe/system/core/engine/SLICE_453
ROUTE        11     2.890      R7C14D.F0 to       R5C5B.CE probe/system/core/engine/stepdup (to clk_c)
                  --------
                   14.328   (21.7% logic, 78.3% route), 5 logic levels.

Unconstrained Preference:
   INPUT_SETUP PORT "reset" CLKPORT "clk" 

Report:   14.610ns delay reset to probe/system/core/engine/seq/SLICE_237 (14.328ns delay and 0.282ns setup)

   Name    Fanout   Delay (ns)          Site               Resource
PADI_DEL    ---     1.132          4.PAD to        4.PADDI reset
ROUTE       233     4.751        4.PADDI to     R10C14B.D1 reset_c
CTOF_DEL    ---     0.495     R10C14B.D1 to     R10C14B.F1 probe/system/SLICE_295
ROUTE         4     1.032     R10C14B.F1 to     R10C13C.B0 probe/system/requestdup
CTOF_DEL    ---     0.495     R10C13C.B0 to     R10C13C.F0 probe/system/SLICE_331
ROUTE         3     1.530     R10C13C.F0 to      R7C14B.A1 probe/system/ackdup
CTOF_DEL    ---     0.495      R7C14B.A1 to      R7C14B.F1 probe/system/core/engine/SLICE_297
ROUTE         2     1.013      R7C14B.F1 to      R7C14D.B0 probe/system/core/engine/un1_completedup
CTOF_DEL    ---     0.495      R7C14D.B0 to      R7C14D.F0 probe/system/core/engine/SLICE_453
ROUTE        11     2.890      R7C14D.F0 to       R7C4B.CE probe/system/core/engine/stepdup (to clk_c)
                  --------
                   14.328   (21.7% logic, 78.3% route), 5 logic levels.

Unconstrained Preference:
   INPUT_SETUP PORT "reset" CLKPORT "clk" 

Report:   14.610ns delay reset to probe/system/core/engine/seq/SLICE_241 (14.328ns delay and 0.282ns setup)

   Name    Fanout   Delay (ns)          Site               Resource
PADI_DEL    ---     1.132          4.PAD to        4.PADDI reset
ROUTE       233     4.751        4.PADDI to     R10C14B.D1 reset_c
CTOF_DEL    ---     0.495     R10C14B.D1 to     R10C14B.F1 probe/system/SLICE_295
ROUTE         4     1.032     R10C14B.F1 to     R10C13C.B0 probe/system/requestdup
CTOF_DEL    ---     0.495     R10C13C.B0 to     R10C13C.F0 probe/system/SLICE_331
ROUTE         3     1.530     R10C13C.F0 to      R7C14B.A1 probe/system/ackdup
CTOF_DEL    ---     0.495      R7C14B.A1 to      R7C14B.F1 probe/system/core/engine/SLICE_297
ROUTE         2     1.013      R7C14B.F1 to      R7C14D.B0 probe/system/core/engine/un1_completedup
CTOF_DEL    ---     0.495      R7C14D.B0 to      R7C14D.F0 probe/system/core/engine/SLICE_453
ROUTE        11     2.890      R7C14D.F0 to       R4C5C.CE probe/system/core/engine/stepdup (to clk_c)
                  --------
                   14.328   (21.7% logic, 78.3% route), 5 logic levels.

Unconstrained Preference:
   INPUT_SETUP PORT "reset" CLKPORT "clk" 

Report:   14.610ns delay reset to probe/system/core/engine/seq/SLICE_242 (14.328ns delay and 0.282ns setup)

   Name    Fanout   Delay (ns)          Site               Resource
PADI_DEL    ---     1.132          4.PAD to        4.PADDI reset
ROUTE       233     4.751        4.PADDI to     R10C14B.D1 reset_c
CTOF_DEL    ---     0.495     R10C14B.D1 to     R10C14B.F1 probe/system/SLICE_295
ROUTE         4     1.032     R10C14B.F1 to     R10C13C.B0 probe/system/requestdup
CTOF_DEL    ---     0.495     R10C13C.B0 to     R10C13C.F0 probe/system/SLICE_331
ROUTE         3     1.530     R10C13C.F0 to      R7C14B.A1 probe/system/ackdup
CTOF_DEL    ---     0.495      R7C14B.A1 to      R7C14B.F1 probe/system/core/engine/SLICE_297
ROUTE         2     1.013      R7C14B.F1 to      R7C14D.B0 probe/system/core/engine/un1_completedup
CTOF_DEL    ---     0.495      R7C14D.B0 to      R7C14D.F0 probe/system/core/engine/SLICE_453
ROUTE        11     2.890      R7C14D.F0 to       R4C5A.CE probe/system/core/engine/stepdup (to clk_c)
                  --------
                   14.328   (21.7% logic, 78.3% route), 5 logic levels.

Unconstrained Preference:
   INPUT_SETUP PORT "reset" CLKPORT "clk" 

Report:   14.610ns delay reset to probe/system/core/engine/seq/SLICE_238 (14.328ns delay and 0.282ns setup)

   Name    Fanout   Delay (ns)          Site               Resource
PADI_DEL    ---     1.132          4.PAD to        4.PADDI reset
ROUTE       233     4.751        4.PADDI to     R10C14B.D1 reset_c
CTOF_DEL    ---     0.495     R10C14B.D1 to     R10C14B.F1 probe/system/SLICE_295
ROUTE         4     1.032     R10C14B.F1 to     R10C13C.B0 probe/system/requestdup
CTOF_DEL    ---     0.495     R10C13C.B0 to     R10C13C.F0 probe/system/SLICE_331
ROUTE         3     1.530     R10C13C.F0 to      R7C14B.A1 probe/system/ackdup
CTOF_DEL    ---     0.495      R7C14B.A1 to      R7C14B.F1 probe/system/core/engine/SLICE_297
ROUTE         2     1.013      R7C14B.F1 to      R7C14D.B0 probe/system/core/engine/un1_completedup
CTOF_DEL    ---     0.495      R7C14D.B0 to      R7C14D.F0 probe/system/core/engine/SLICE_453
ROUTE        11     2.890      R7C14D.F0 to       R5C6A.CE probe/system/core/engine/stepdup (to clk_c)
                  --------
                   14.328   (21.7% logic, 78.3% route), 5 logic levels.

Unconstrained Preference:
   INPUT_SETUP PORT "reset" CLKPORT "clk" 

Report:   14.488ns delay reset to probe/system/core/engine/rom/lane_2 (14.262ns delay and 0.226ns setup)

   Name    Fanout   Delay (ns)          Site               Resource
PADI_DEL    ---     1.132          4.PAD to        4.PADDI reset
ROUTE       233     4.751        4.PADDI to     R10C14B.D1 reset_c
CTOF_DEL    ---     0.495     R10C14B.D1 to     R10C14B.F1 probe/system/SLICE_295
ROUTE         4     1.032     R10C14B.F1 to     R10C13C.B0 probe/system/requestdup
CTOF_DEL    ---     0.495     R10C13C.B0 to     R10C13C.F0 probe/system/SLICE_331
ROUTE         3     1.530     R10C13C.F0 to      R7C14B.A1 probe/system/ackdup
CTOF_DEL    ---     0.495      R7C14B.A1 to      R7C14B.F1 probe/system/core/engine/SLICE_297
ROUTE         2     0.445      R7C14B.F1 to      R7C14B.C0 probe/system/core/engine/un1_completedup
CTOF_DEL    ---     0.495      R7C14B.C0 to      R7C14B.F0 probe/system/core/engine/SLICE_297
ROUTE         8     3.392      R7C14B.F0 to  EBR_R6C10.CEA probe/system/core/engine/un1_completedup_RNIP0FVG (to clk_c)
                  --------
                   14.262   (21.8% logic, 78.2% route), 5 logic levels.

Unconstrained Preference:
   INPUT_SETUP PORT "reset" CLKPORT "clk" 

Report:   14.448ns delay reset to probe/system/core/engine/rom/lane_1 (14.222ns delay and 0.226ns setup)

   Name    Fanout   Delay (ns)          Site               Resource
PADI_DEL    ---     1.132          4.PAD to        4.PADDI reset
ROUTE       233     4.751        4.PADDI to     R10C14B.D1 reset_c
CTOF_DEL    ---     0.495     R10C14B.D1 to     R10C14B.F1 probe/system/SLICE_295
ROUTE         4     1.032     R10C14B.F1 to     R10C13C.B0 probe/system/requestdup
CTOF_DEL    ---     0.495     R10C13C.B0 to     R10C13C.F0 probe/system/SLICE_331
ROUTE         3     1.530     R10C13C.F0 to      R7C14B.A1 probe/system/ackdup
CTOF_DEL    ---     0.495      R7C14B.A1 to      R7C14B.F1 probe/system/core/engine/SLICE_297
ROUTE         2     0.445      R7C14B.F1 to      R7C14B.C0 probe/system/core/engine/un1_completedup
CTOF_DEL    ---     0.495      R7C14B.C0 to      R7C14B.F0 probe/system/core/engine/SLICE_297
ROUTE         8     3.352      R7C14B.F0 to   EBR_R6C4.CEA probe/system/core/engine/un1_completedup_RNIP0FVG (to clk_c)
                  --------
                   14.222   (21.9% logic, 78.1% route), 5 logic levels.

Unconstrained Preference:
   INPUT_SETUP PORT "reset" CLKPORT "clk" 

Report:   14.338ns delay reset to probe/system/SLICE_40 (14.230ns delay and 0.108ns setup)

   Name    Fanout   Delay (ns)          Site               Resource
PADI_DEL    ---     1.132          4.PAD to        4.PADDI reset
ROUTE       233     4.751        4.PADDI to     R10C14B.D1 reset_c
CTOF_DEL    ---     0.495     R10C14B.D1 to     R10C14B.F1 probe/system/SLICE_295
ROUTE         4     1.032     R10C14B.F1 to     R10C13C.B0 probe/system/requestdup
CTOF_DEL    ---     0.495     R10C13C.B0 to     R10C13C.F0 probe/system/SLICE_331
ROUTE         3     1.530     R10C13C.F0 to      R7C14B.A1 probe/system/ackdup
CTOF_DEL    ---     0.495      R7C14B.A1 to      R7C14B.F1 probe/system/core/engine/SLICE_297
ROUTE         2     1.013      R7C14B.F1 to      R7C14D.B0 probe/system/core/engine/un1_completedup
CTOF_DEL    ---     0.495      R7C14D.B0 to      R7C14D.F0 probe/system/core/engine/SLICE_453
ROUTE        11     1.081      R7C14D.F0 to      R9C13D.D0 probe/system/core/engine/stepdup
CTOF_DEL    ---     0.495      R9C13D.D0 to      R9C13D.F0 probe/system/core/engine/SLICE_377
ROUTE        17     1.216      R9C13D.F0 to     R8C16A.WRE probe/system/rf_writedup (to clk_c)
                  --------
                   14.230   (25.3% logic, 74.7% route), 6 logic levels.

Unconstrained Preference:
   INPUT_SETUP PORT "reset" CLKPORT "clk" 

Report:   14.338ns delay reset to probe/system/SLICE_41 (14.230ns delay and 0.108ns setup)

   Name    Fanout   Delay (ns)          Site               Resource
PADI_DEL    ---     1.132          4.PAD to        4.PADDI reset
ROUTE       233     4.751        4.PADDI to     R10C14B.D1 reset_c
CTOF_DEL    ---     0.495     R10C14B.D1 to     R10C14B.F1 probe/system/SLICE_295
ROUTE         4     1.032     R10C14B.F1 to     R10C13C.B0 probe/system/requestdup
CTOF_DEL    ---     0.495     R10C13C.B0 to     R10C13C.F0 probe/system/SLICE_331
ROUTE         3     1.530     R10C13C.F0 to      R7C14B.A1 probe/system/ackdup
CTOF_DEL    ---     0.495      R7C14B.A1 to      R7C14B.F1 probe/system/core/engine/SLICE_297
ROUTE         2     1.013      R7C14B.F1 to      R7C14D.B0 probe/system/core/engine/un1_completedup
CTOF_DEL    ---     0.495      R7C14D.B0 to      R7C14D.F0 probe/system/core/engine/SLICE_453
ROUTE        11     1.081      R7C14D.F0 to      R9C13D.D0 probe/system/core/engine/stepdup
CTOF_DEL    ---     0.495      R9C13D.D0 to      R9C13D.F0 probe/system/core/engine/SLICE_377
ROUTE        17     1.216      R9C13D.F0 to     R8C16B.WRE probe/system/rf_writedup (to clk_c)
                  --------
                   14.230   (25.3% logic, 74.7% route), 6 logic levels.

Unconstrained Preference:
   INPUT_SETUP PORT "reset" CLKPORT "clk" 

Report:   14.229ns delay reset to probe/system/SLICE_52 (14.121ns delay and 0.108ns setup)

   Name    Fanout   Delay (ns)          Site               Resource
PADI_DEL    ---     1.132          4.PAD to        4.PADDI reset
ROUTE       233     4.751        4.PADDI to     R10C14B.D1 reset_c
CTOF_DEL    ---     0.495     R10C14B.D1 to     R10C14B.F1 probe/system/SLICE_295
ROUTE         4     1.032     R10C14B.F1 to     R10C13C.B0 probe/system/requestdup
CTOF_DEL    ---     0.495     R10C13C.B0 to     R10C13C.F0 probe/system/SLICE_331
ROUTE         3     1.530     R10C13C.F0 to      R7C14B.A1 probe/system/ackdup
CTOF_DEL    ---     0.495      R7C14B.A1 to      R7C14B.F1 probe/system/core/engine/SLICE_297
ROUTE         2     1.013      R7C14B.F1 to      R7C14D.B0 probe/system/core/engine/un1_completedup
CTOF_DEL    ---     0.495      R7C14D.B0 to      R7C14D.F0 probe/system/core/engine/SLICE_453
ROUTE        11     1.081      R7C14D.F0 to      R9C13D.D0 probe/system/core/engine/stepdup
CTOF_DEL    ---     0.495      R9C13D.D0 to      R9C13D.F0 probe/system/core/engine/SLICE_377
ROUTE        17     1.107      R9C13D.F0 to     R9C14A.WRE probe/system/rf_writedup (to clk_c)
                  --------
                   14.121   (25.5% logic, 74.5% route), 6 logic levels.

Unconstrained Preference:
   INPUT_SETUP PORT "reset" CLKPORT "clk" 

Report:   14.229ns delay reset to probe/system/SLICE_53 (14.121ns delay and 0.108ns setup)

   Name    Fanout   Delay (ns)          Site               Resource
PADI_DEL    ---     1.132          4.PAD to        4.PADDI reset
ROUTE       233     4.751        4.PADDI to     R10C14B.D1 reset_c
CTOF_DEL    ---     0.495     R10C14B.D1 to     R10C14B.F1 probe/system/SLICE_295
ROUTE         4     1.032     R10C14B.F1 to     R10C13C.B0 probe/system/requestdup
CTOF_DEL    ---     0.495     R10C13C.B0 to     R10C13C.F0 probe/system/SLICE_331
ROUTE         3     1.530     R10C13C.F0 to      R7C14B.A1 probe/system/ackdup
CTOF_DEL    ---     0.495      R7C14B.A1 to      R7C14B.F1 probe/system/core/engine/SLICE_297
ROUTE         2     1.013      R7C14B.F1 to      R7C14D.B0 probe/system/core/engine/un1_completedup
CTOF_DEL    ---     0.495      R7C14D.B0 to      R7C14D.F0 probe/system/core/engine/SLICE_453
ROUTE        11     1.081      R7C14D.F0 to      R9C13D.D0 probe/system/core/engine/stepdup
CTOF_DEL    ---     0.495      R9C13D.D0 to      R9C13D.F0 probe/system/core/engine/SLICE_377
ROUTE        17     1.107      R9C13D.F0 to     R9C14B.WRE probe/system/rf_writedup (to clk_c)
                  --------
                   14.121   (25.5% logic, 74.5% route), 6 logic levels.

Unconstrained Preference:
   INPUT_SETUP PORT "reset" CLKPORT "clk" 

Report:   14.183ns delay reset to probe/system/core/engine/rom/lane_2 (14.262ns delay and -0.079ns setup)

   Name    Fanout   Delay (ns)          Site               Resource
PADI_DEL    ---     1.132          4.PAD to        4.PADDI reset
ROUTE       233     4.751        4.PADDI to     R10C14B.D1 reset_c
CTOF_DEL    ---     0.495     R10C14B.D1 to     R10C14B.F1 probe/system/SLICE_295
ROUTE         4     1.032     R10C14B.F1 to     R10C13C.B0 probe/system/requestdup
CTOF_DEL    ---     0.495     R10C13C.B0 to     R10C13C.F0 probe/system/SLICE_331
ROUTE         3     1.530     R10C13C.F0 to      R7C14B.A1 probe/system/ackdup
CTOF_DEL    ---     0.495      R7C14B.A1 to      R7C14B.F1 probe/system/core/engine/SLICE_297
ROUTE         2     0.445      R7C14B.F1 to      R7C14B.C0 probe/system/core/engine/un1_completedup
CTOF_DEL    ---     0.495      R7C14B.C0 to      R7C14B.F0 probe/system/core/engine/SLICE_297
ROUTE         8     3.392      R7C14B.F0 to EBR_R6C10.OCEA probe/system/core/engine/un1_completedup_RNIP0FVG (to clk_c)
                  --------
                   14.262   (21.8% logic, 78.2% route), 5 logic levels.

Unconstrained Preference:
   INPUT_SETUP PORT "reset" CLKPORT "clk" 

Report:   14.143ns delay reset to probe/system/core/engine/rom/lane_1 (14.222ns delay and -0.079ns setup)

   Name    Fanout   Delay (ns)          Site               Resource
PADI_DEL    ---     1.132          4.PAD to        4.PADDI reset
ROUTE       233     4.751        4.PADDI to     R10C14B.D1 reset_c
CTOF_DEL    ---     0.495     R10C14B.D1 to     R10C14B.F1 probe/system/SLICE_295
ROUTE         4     1.032     R10C14B.F1 to     R10C13C.B0 probe/system/requestdup
CTOF_DEL    ---     0.495     R10C13C.B0 to     R10C13C.F0 probe/system/SLICE_331
ROUTE         3     1.530     R10C13C.F0 to      R7C14B.A1 probe/system/ackdup
CTOF_DEL    ---     0.495      R7C14B.A1 to      R7C14B.F1 probe/system/core/engine/SLICE_297
ROUTE         2     0.445      R7C14B.F1 to      R7C14B.C0 probe/system/core/engine/un1_completedup
CTOF_DEL    ---     0.495      R7C14B.C0 to      R7C14B.F0 probe/system/core/engine/SLICE_297
ROUTE         8     3.352      R7C14B.F0 to  EBR_R6C4.OCEA probe/system/core/engine/un1_completedup_RNIP0FVG (to clk_c)
                  --------
                   14.222   (21.9% logic, 78.1% route), 5 logic levels.

Unconstrained Preference:
   INPUT_SETUP PORT "reset" CLKPORT "clk" 

Report:   13.322ns delay reset to probe/system/core/engine/rom/lane_3 (13.401ns delay and -0.079ns setup)

   Name    Fanout   Delay (ns)          Site               Resource
PADI_DEL    ---     1.132          4.PAD to        4.PADDI reset
ROUTE       233     4.751        4.PADDI to     R10C14B.D1 reset_c
CTOF_DEL    ---     0.495     R10C14B.D1 to     R10C14B.F1 probe/system/SLICE_295
ROUTE         4     1.032     R10C14B.F1 to     R10C13C.B0 probe/system/requestdup
CTOF_DEL    ---     0.495     R10C13C.B0 to     R10C13C.F0 probe/system/SLICE_331
ROUTE         3     1.530     R10C13C.F0 to      R7C14B.A1 probe/system/ackdup
CTOF_DEL    ---     0.495      R7C14B.A1 to      R7C14B.F1 probe/system/core/engine/SLICE_297
ROUTE         2     0.445      R7C14B.F1 to      R7C14B.C0 probe/system/core/engine/un1_completedup
CTOF_DEL    ---     0.495      R7C14B.C0 to      R7C14B.F0 probe/system/core/engine/SLICE_297
ROUTE         8     2.531      R7C14B.F0 to  EBR_R6C7.OCEA probe/system/core/engine/un1_completedup_RNIP0FVG (to clk_c)
                  --------
                   13.401   (23.2% logic, 76.8% route), 5 logic levels.

Unconstrained Preference:
   INPUT_SETUP PORT "reset" CLKPORT "clk" 

Report:   13.282ns delay reset to probe/system/core/engine/rom/lane_0 (13.361ns delay and -0.079ns setup)

   Name    Fanout   Delay (ns)          Site               Resource
PADI_DEL    ---     1.132          4.PAD to        4.PADDI reset
ROUTE       233     4.751        4.PADDI to     R10C14B.D1 reset_c
CTOF_DEL    ---     0.495     R10C14B.D1 to     R10C14B.F1 probe/system/SLICE_295
ROUTE         4     1.032     R10C14B.F1 to     R10C13C.B0 probe/system/requestdup
CTOF_DEL    ---     0.495     R10C13C.B0 to     R10C13C.F0 probe/system/SLICE_331
ROUTE         3     1.530     R10C13C.F0 to      R7C14B.A1 probe/system/ackdup
CTOF_DEL    ---     0.495      R7C14B.A1 to      R7C14B.F1 probe/system/core/engine/SLICE_297
ROUTE         2     0.445      R7C14B.F1 to      R7C14B.C0 probe/system/core/engine/un1_completedup
CTOF_DEL    ---     0.495      R7C14B.C0 to      R7C14B.F0 probe/system/core/engine/SLICE_297
ROUTE         8     2.491      R7C14B.F0 to  EBR_R6C1.OCEA probe/system/core/engine/un1_completedup_RNIP0FVG (to clk_c)
                  --------
                   13.361   (23.3% logic, 76.7% route), 5 logic levels.

Unconstrained Preference:
   INPUT_SETUP PORT "reset" CLKPORT "clk" 

Report:   13.153ns delay reset to probe/system/core/engine/rom/lane_0 (12.927ns delay and 0.226ns setup)

   Name    Fanout   Delay (ns)          Site               Resource
PADI_DEL    ---     1.132          4.PAD to        4.PADDI reset
ROUTE       233     4.751        4.PADDI to     R10C14B.D1 reset_c
CTOF_DEL    ---     0.495     R10C14B.D1 to     R10C14B.F1 probe/system/SLICE_295
ROUTE         4     1.032     R10C14B.F1 to     R10C13C.B0 probe/system/requestdup
CTOF_DEL    ---     0.495     R10C13C.B0 to     R10C13C.F0 probe/system/SLICE_331
ROUTE         3     1.530     R10C13C.F0 to      R7C14B.A1 probe/system/ackdup
CTOF_DEL    ---     0.495      R7C14B.A1 to      R7C14B.F1 probe/system/core/engine/SLICE_297
ROUTE         2     0.445      R7C14B.F1 to      R7C14B.C0 probe/system/core/engine/un1_completedup
CTOF_DEL    ---     0.495      R7C14B.C0 to      R7C14B.F0 probe/system/core/engine/SLICE_297
ROUTE         8     2.057      R7C14B.F0 to   EBR_R6C1.CEA probe/system/core/engine/un1_completedup_RNIP0FVG (to clk_c)
                  --------
                   12.927   (24.1% logic, 75.9% route), 5 logic levels.

Unconstrained Preference:
   INPUT_SETUP PORT "reset" CLKPORT "clk" 

Report:   12.654ns delay reset to probe/system/core/engine/rom/lane_3 (12.428ns delay and 0.226ns setup)

   Name    Fanout   Delay (ns)          Site               Resource
PADI_DEL    ---     1.132          4.PAD to        4.PADDI reset
ROUTE       233     4.751        4.PADDI to     R10C14B.D1 reset_c
CTOF_DEL    ---     0.495     R10C14B.D1 to     R10C14B.F1 probe/system/SLICE_295
ROUTE         4     1.032     R10C14B.F1 to     R10C13C.B0 probe/system/requestdup
CTOF_DEL    ---     0.495     R10C13C.B0 to     R10C13C.F0 probe/system/SLICE_331
ROUTE         3     1.530     R10C13C.F0 to      R7C14B.A1 probe/system/ackdup
CTOF_DEL    ---     0.495      R7C14B.A1 to      R7C14B.F1 probe/system/core/engine/SLICE_297
ROUTE         2     0.445      R7C14B.F1 to      R7C14B.C0 probe/system/core/engine/un1_completedup
CTOF_DEL    ---     0.495      R7C14B.C0 to      R7C14B.F0 probe/system/core/engine/SLICE_297
ROUTE         8     1.558      R7C14B.F0 to   EBR_R6C7.CEA probe/system/core/engine/un1_completedup_RNIP0FVG (to clk_c)
                  --------
                   12.428   (25.0% logic, 75.0% route), 5 logic levels.

Unconstrained Preference:
   INPUT_SETUP PORT "reset" CLKPORT "clk" 

Report:   11.388ns delay reset to probe/system/sequential.memory/transport/SLICE_232 (11.222ns delay and 0.166ns setup)

   Name    Fanout   Delay (ns)          Site               Resource
PADI_DEL    ---     1.132          4.PAD to        4.PADDI reset
ROUTE       233     5.185        4.PADDI to      R8C17C.D1 reset_c
CTOF_DEL    ---     0.495      R8C17C.D1 to      R8C17C.F1 probe/system/sequential.memory/transport/SLICE_322
ROUTE         7     1.003      R8C17C.F1 to      R8C16D.A1 probe/system/sequential.memory/transport/N_201
CTOF_DEL    ---     0.495      R8C16D.A1 to      R8C16D.F1 probe/system/sequential.memory/transport/SLICE_441
ROUTE         1     0.958      R8C16D.F1 to      R9C15A.D0 probe/system/sequential.memory/transport/tx_shift_15_iv_0[2]
CTOF_DEL    ---     0.495      R9C15A.D0 to      R9C15A.F0 probe/system/sequential.memory/transport/SLICE_319
ROUTE         1     0.964      R9C15A.F0 to      R9C16B.A0 probe/system/sequential.memory/transport/tx_shift_15_iv_3[2]
CTOF_DEL    ---     0.495      R9C16B.A0 to      R9C16B.F0 probe/system/sequential.memory/transport/SLICE_232
ROUTE         1     0.000      R9C16B.F0 to     R9C16B.DI0 probe/system/sequential.memory/transport/tx_shift_15[2] (to clk_c)
                  --------
                   11.222   (27.7% logic, 72.3% route), 5 logic levels.

Unconstrained Preference:
   INPUT_SETUP PORT "reset" CLKPORT "clk" 

Report:   11.341ns delay reset to probe/system/sequential.memory/transport/SLICE_231 (11.175ns delay and 0.166ns setup)

   Name    Fanout   Delay (ns)          Site               Resource
PADI_DEL    ---     1.132          4.PAD to        4.PADDI reset
ROUTE       233     5.185        4.PADDI to      R8C17A.D1 reset_c
CTOF_DEL    ---     0.495      R8C17A.D1 to      R8C17A.F1 probe/system/sequential.memory/transport/SLICE_324
ROUTE         7     1.232      R8C17A.F1 to      R9C16C.C1 probe/system/sequential.memory/transport/tx_shift_1_sqmuxa
CTOF_DEL    ---     0.495      R9C16C.C1 to      R9C16C.F1 probe/system/sequential.memory/transport/SLICE_440
ROUTE         1     0.623      R9C16C.F1 to      R9C15B.D0 probe/system/sequential.memory/transport/tx_shift_15_iv_0[1]
CTOF_DEL    ---     0.495      R9C15B.D0 to      R9C15B.F0 probe/system/sequential.memory/transport/SLICE_320
ROUTE         1     1.023      R9C15B.F0 to      R9C17A.B1 probe/system/sequential.memory/transport/tx_shift_15_iv_3[1]
CTOF_DEL    ---     0.495      R9C17A.B1 to      R9C17A.F1 probe/system/sequential.memory/transport/SLICE_231
ROUTE         1     0.000      R9C17A.F1 to     R9C17A.DI1 probe/system/sequential.memory/transport/tx_shift_15[1] (to clk_c)
                  --------
                   11.175   (27.8% logic, 72.2% route), 5 logic levels.

Unconstrained Preference:
   INPUT_SETUP PORT "reset" CLKPORT "clk" 

Report:   10.905ns delay reset to probe/system/sequential.memory/transport/SLICE_233 (10.739ns delay and 0.166ns setup)

   Name    Fanout   Delay (ns)          Site               Resource
PADI_DEL    ---     1.132          4.PAD to        4.PADDI reset
ROUTE       233     4.872        4.PADDI to      R9C16D.C1 reset_c
CTOF_DEL    ---     0.495      R9C16D.C1 to      R9C16D.F1 probe/system/sequential.memory/transport/SLICE_321
ROUTE         7     1.449      R9C16D.F1 to      R8C14D.D1 probe/system/sequential.memory/transport/tx_shift_7_sqmuxa_1
CTOF_DEL    ---     0.495      R8C14D.D1 to      R8C14D.F1 probe/system/sequential.memory/transport/SLICE_439
ROUTE         1     1.801      R8C14D.F1 to      R8C17B.A0 probe/system/sequential.memory/transport/tx_shift_15_iv_1[4]
CTOF_DEL    ---     0.495      R8C17B.A0 to      R8C17B.F0 probe/system/sequential.memory/transport/SLICE_233
ROUTE         1     0.000      R8C17B.F0 to     R8C17B.DI0 probe/system/sequential.memory/transport/tx_shift_15[4] (to clk_c)
                  --------
                   10.739   (24.4% logic, 75.6% route), 4 logic levels.

Unconstrained Preference:
   INPUT_SETUP PORT "reset" CLKPORT "clk" 

Report:   10.656ns delay reset to probe/system/sequential.memory/transport/SLICE_221 (10.490ns delay and 0.166ns setup)

   Name    Fanout   Delay (ns)          Site               Resource
PADI_DEL    ---     1.132          4.PAD to        4.PADDI reset
ROUTE       233     4.751        4.PADDI to     R10C14B.D1 reset_c
CTOF_DEL    ---     0.495     R10C14B.D1 to     R10C14B.F1 probe/system/SLICE_295
ROUTE         4     0.332     R10C14B.F1 to     R10C14C.D1 probe/system/requestdup
CTOF_DEL    ---     0.495     R10C14C.D1 to     R10C14C.F1 probe/system/sequential.memory/transport/SLICE_316
ROUTE         4     0.453     R10C14C.F1 to     R10C14C.C0 probe/system/sequential.memory/transport/request_seen15dup
CTOF_DEL    ---     0.495     R10C14C.C0 to     R10C14C.F0 probe/system/sequential.memory/transport/SLICE_316
ROUTE         2     0.702     R10C14C.F0 to     R10C14D.B0 probe/system/sequential.memory/transport/spi_cs_n_0_sqmuxa_i_o3dup
CTOF_DEL    ---     0.495     R10C14D.B0 to     R10C14D.F0 probe/system/SLICE_310
ROUTE         1     0.645     R10C14D.F0 to     R10C16D.D0 probe/system/sequential.memory/transport/state_srsts_0_a3_1_2[14]
CTOF_DEL    ---     0.495     R10C16D.D0 to     R10C16D.F0 probe/system/sequential.memory/transport/SLICE_221
ROUTE         1     0.000     R10C16D.F0 to    R10C16D.DI0 probe/system/sequential.memory/transport/N_93s (to clk_c)
                  --------
                   10.490   (34.4% logic, 65.6% route), 6 logic levels.

Unconstrained Preference:
   INPUT_SETUP PORT "reset" CLKPORT "clk" 

Report:   10.554ns delay reset to probe/system/sequential.memory/transport/SLICE_233 (10.388ns delay and 0.166ns setup)

   Name    Fanout   Delay (ns)          Site               Resource
PADI_DEL    ---     1.132          4.PAD to        4.PADDI reset
ROUTE       233     4.872        4.PADDI to      R9C16D.C1 reset_c
CTOF_DEL    ---     0.495      R9C16D.C1 to      R9C16D.F1 probe/system/sequential.memory/transport/SLICE_321
ROUTE         7     1.449      R9C16D.F1 to      R8C14D.D0 probe/system/sequential.memory/transport/tx_shift_7_sqmuxa_1
CTOF_DEL    ---     0.495      R8C14D.D0 to      R8C14D.F0 probe/system/sequential.memory/transport/SLICE_439
ROUTE         1     1.450      R8C14D.F0 to      R8C17B.B1 probe/system/sequential.memory/transport/tx_shift_15_iv_1[5]
CTOF_DEL    ---     0.495      R8C17B.B1 to      R8C17B.F1 probe/system/sequential.memory/transport/SLICE_233
ROUTE         1     0.000      R8C17B.F1 to     R8C17B.DI1 probe/system/sequential.memory/transport/tx_shift_15[5] (to clk_c)
                  --------
                   10.388   (25.2% logic, 74.8% route), 4 logic levels.

Unconstrained Preference:
   INPUT_SETUP PORT "reset" CLKPORT "clk" 

Report:   10.384ns delay reset to probe/system/sequential.memory/transport/SLICE_231 (10.218ns delay and 0.166ns setup)

   Name    Fanout   Delay (ns)          Site               Resource
PADI_DEL    ---     1.132          4.PAD to        4.PADDI reset
ROUTE       233     5.185        4.PADDI to      R8C17C.D1 reset_c
CTOF_DEL    ---     0.495      R8C17C.D1 to      R8C17C.F1 probe/system/sequential.memory/transport/SLICE_322
ROUTE         7     1.374      R8C17C.F1 to      R9C16A.B1 probe/system/sequential.memory/transport/N_201
CTOF_DEL    ---     0.495      R9C16A.B1 to      R9C16A.F1 probe/system/sequential.memory/transport/SLICE_455
ROUTE         1     1.042      R9C16A.F1 to      R9C17A.D0 probe/system/sequential.memory/transport/tx_shift_15_iv_0[0]
CTOF_DEL    ---     0.495      R9C17A.D0 to      R9C17A.F0 probe/system/sequential.memory/transport/SLICE_231
ROUTE         1     0.000      R9C17A.F0 to     R9C17A.DI0 probe/system/sequential.memory/transport/tx_shift_15[0] (to clk_c)
                  --------
                   10.218   (25.6% logic, 74.4% route), 4 logic levels.

Unconstrained Preference:
   INPUT_SETUP PORT "reset" CLKPORT "clk" 

Report:   10.069ns delay reset to probe/system/sequential.memory/transport/SLICE_234 (9.903ns delay and 0.166ns setup)

   Name    Fanout   Delay (ns)          Site               Resource
PADI_DEL    ---     1.132          4.PAD to        4.PADDI reset
ROUTE       233     5.185        4.PADDI to      R8C17A.D1 reset_c
CTOF_DEL    ---     0.495      R8C17A.D1 to      R8C17A.F1 probe/system/sequential.memory/transport/SLICE_324
ROUTE         7     0.718      R8C17A.F1 to      R8C17C.B0 probe/system/sequential.memory/transport/tx_shift_1_sqmuxa
CTOF_DEL    ---     0.495      R8C17C.B0 to      R8C17C.F0 probe/system/sequential.memory/transport/SLICE_322
ROUTE         1     1.383      R8C17C.F0 to      R9C17C.A0 probe/system/sequential.memory/transport/tx_shift_15_iv_0[6]
CTOF_DEL    ---     0.495      R9C17C.A0 to      R9C17C.F0 probe/system/sequential.memory/transport/SLICE_234
ROUTE         1     0.000      R9C17C.F0 to     R9C17C.DI0 probe/system/sequential.memory/transport/tx_shift_15[6] (to clk_c)
                  --------
                    9.903   (26.4% logic, 73.6% route), 4 logic levels.

Unconstrained Preference:
   INPUT_SETUP PORT "reset" CLKPORT "clk" 

Report:    9.680ns delay reset to probe/system/sequential.memory/transport/SLICE_214 (9.514ns delay and 0.166ns setup)

   Name    Fanout   Delay (ns)          Site               Resource
PADI_DEL    ---     1.132          4.PAD to        4.PADDI reset
ROUTE       233     4.751        4.PADDI to     R10C14B.D1 reset_c
CTOF_DEL    ---     0.495     R10C14B.D1 to     R10C14B.F1 probe/system/SLICE_295
ROUTE         4     0.332     R10C14B.F1 to     R10C14C.D1 probe/system/requestdup
CTOF_DEL    ---     0.495     R10C14C.D1 to     R10C14C.F1 probe/system/sequential.memory/transport/SLICE_316
ROUTE         4     0.995     R10C14C.F1 to     R10C15B.A1 probe/system/sequential.memory/transport/request_seen15dup
CTOF_DEL    ---     0.495     R10C15B.A1 to     R10C15B.F1 probe/system/sequential.memory/transport/SLICE_293
ROUTE         2     0.324     R10C15B.F1 to     R10C15C.D1 probe/system/sequential.memory/transport/N_232
CTOF_DEL    ---     0.495     R10C15C.D1 to     R10C15C.F1 probe/system/sequential.memory/transport/SLICE_214
ROUTE         1     0.000     R10C15C.F1 to    R10C15C.DI1 probe/system/sequential.memory/transport/N_183_i (to clk_c)
                  --------
                    9.514   (32.7% logic, 67.3% route), 5 logic levels.

Unconstrained Preference:
   INPUT_SETUP PORT "reset" CLKPORT "clk" 

Report:    9.636ns delay reset to probe/system/sequential.memory/transport/SLICE_232 (9.470ns delay and 0.166ns setup)

   Name    Fanout   Delay (ns)          Site               Resource
PADI_DEL    ---     1.132          4.PAD to        4.PADDI reset
ROUTE       233     5.185        4.PADDI to      R8C17A.D1 reset_c
CTOF_DEL    ---     0.495      R8C17A.D1 to      R8C17A.F1 probe/system/sequential.memory/transport/SLICE_324
ROUTE         7     1.232      R8C17A.F1 to      R9C16C.C0 probe/system/sequential.memory/transport/tx_shift_1_sqmuxa
CTOF_DEL    ---     0.495      R9C16C.C0 to      R9C16C.F0 probe/system/sequential.memory/transport/SLICE_440
ROUTE         1     0.436      R9C16C.F0 to      R9C16B.C1 probe/system/sequential.memory/transport/tx_shift_15_iv_0[3]
CTOF_DEL    ---     0.495      R9C16B.C1 to      R9C16B.F1 probe/system/sequential.memory/transport/SLICE_232
ROUTE         1     0.000      R9C16B.F1 to     R9C16B.DI1 probe/system/sequential.memory/transport/tx_shift_15[3] (to clk_c)
                  --------
                    9.470   (27.6% logic, 72.4% route), 4 logic levels.

Unconstrained Preference:
   INPUT_SETUP PORT "reset" CLKPORT "clk" 

Report:    8.641ns delay reset to probe/system/sequential.memory/transport/SLICE_214 (8.475ns delay and 0.166ns setup)

   Name    Fanout   Delay (ns)          Site               Resource
PADI_DEL    ---     1.132          4.PAD to        4.PADDI reset
ROUTE       233     4.751        4.PADDI to     R10C14B.D1 reset_c
CTOF_DEL    ---     0.495     R10C14B.D1 to     R10C14B.F1 probe/system/SLICE_295
ROUTE         4     0.332     R10C14B.F1 to     R10C14C.D1 probe/system/requestdup
CTOF_DEL    ---     0.495     R10C14C.D1 to     R10C14C.F1 probe/system/sequential.memory/transport/SLICE_316
ROUTE         4     0.775     R10C14C.F1 to     R10C15C.C0 probe/system/sequential.memory/transport/request_seen15dup
CTOF_DEL    ---     0.495     R10C15C.C0 to     R10C15C.F0 probe/system/sequential.memory/transport/SLICE_214
ROUTE         1     0.000     R10C15C.F0 to    R10C15C.DI0 probe/system/sequential.memory/transport/N_51s (to clk_c)
                  --------
                    8.475   (30.9% logic, 69.1% route), 4 logic levels.

Unconstrained Preference:
   INPUT_SETUP PORT "reset" CLKPORT "clk" 

Report:    8.624ns delay reset to probe/system/sequential.memory/SLICE_201 (8.458ns delay and 0.166ns setup)

   Name    Fanout   Delay (ns)          Site               Resource
PADI_DEL    ---     1.132          4.PAD to        4.PADDI reset
ROUTE       233     4.751        4.PADDI to     R10C14B.D1 reset_c
CTOF_DEL    ---     0.495     R10C14B.D1 to     R10C14B.F1 probe/system/SLICE_295
ROUTE         4     0.654     R10C14B.F1 to     R10C13B.D1 probe/system/requestdup
CTOF_DEL    ---     0.495     R10C13B.D1 to     R10C13B.F1 probe/system/sequential.memory/SLICE_201
ROUTE         1     0.436     R10C13B.F1 to     R10C13B.C0 probe/system/sequential.memory/N_16
CTOF_DEL    ---     0.495     R10C13B.C0 to     R10C13B.F0 probe/system/sequential.memory/SLICE_201
ROUTE         1     0.000     R10C13B.F0 to    R10C13B.DI0 probe/system/sequential.memory/N_16ss (to clk_c)
                  --------
                    8.458   (30.9% logic, 69.1% route), 4 logic levels.

Unconstrained Preference:
   INPUT_SETUP PORT "reset" CLKPORT "clk" 

Report:    8.198ns delay reset to probe/system/sequential.memory/transport/SLICE_57 (8.032ns delay and 0.166ns setup)

   Name    Fanout   Delay (ns)          Site               Resource
PADI_DEL    ---     1.132          4.PAD to        4.PADDI reset
ROUTE       233     4.751        4.PADDI to     R10C14B.D1 reset_c
CTOF_DEL    ---     0.495     R10C14B.D1 to     R10C14B.F1 probe/system/SLICE_295
ROUTE         4     0.332     R10C14B.F1 to     R10C14C.D1 probe/system/requestdup
CTOF_DEL    ---     0.495     R10C14C.D1 to     R10C14C.F1 probe/system/sequential.memory/transport/SLICE_316
ROUTE         4     0.332     R10C14C.F1 to     R10C15A.D0 probe/system/sequential.memory/transport/request_seen15dup
CTOF_DEL    ---     0.495     R10C15A.D0 to     R10C15A.F0 probe/system/sequential.memory/transport/SLICE_57
ROUTE         1     0.000     R10C15A.F0 to    R10C15A.DI0 probe/system/sequential.memory/transport/spi_cs_n_8 (to clk_c)
                  --------
                    8.032   (32.6% logic, 67.4% route), 4 logic levels.

Unconstrained Preference:
   INPUT_SETUP PORT "reset" CLKPORT "clk" 

Report:    8.082ns delay reset to probe/system/SLICE_211 (7.808ns delay and 0.274ns setup)

   Name    Fanout   Delay (ns)          Site               Resource
PADI_DEL    ---     1.132          4.PAD to        4.PADDI reset
ROUTE       233     3.564        4.PADDI to      R7C18B.C1 reset_c
CTOF_DEL    ---     0.495      R7C18B.C1 to      R7C18B.F1 probe/system/sequential.memory/transport/SLICE_213
ROUTE         4     2.617      R7C18B.F1 to     R10C9A.LSR probe/system/sequential.memory/transport/un1_state_15_i_o2_RNIKMD9E (to clk_c)
                  --------
                    7.808   (20.8% logic, 79.2% route), 2 logic levels.

Unconstrained Preference:
   INPUT_SETUP PORT "reset" CLKPORT "clk" 

Report:    7.590ns delay reset to probe/system/SLICE_212 (7.316ns delay and 0.274ns setup)

   Name    Fanout   Delay (ns)          Site               Resource
PADI_DEL    ---     1.132          4.PAD to        4.PADDI reset
ROUTE       233     3.564        4.PADDI to      R7C18B.C1 reset_c
CTOF_DEL    ---     0.495      R7C18B.C1 to      R7C18B.F1 probe/system/sequential.memory/transport/SLICE_213
ROUTE         4     2.125      R7C18B.F1 to     R7C10B.LSR probe/system/sequential.memory/transport/un1_state_15_i_o2_RNIKMD9E (to clk_c)
                  --------
                    7.316   (22.2% logic, 77.8% route), 2 logic levels.

Unconstrained Preference:
   INPUT_SETUP PORT "reset" CLKPORT "clk" 

Report:    7.575ns delay reset to probe/SLICE_209 (7.301ns delay and 0.274ns setup)

   Name    Fanout   Delay (ns)          Site               Resource
PADI_DEL    ---     1.132          4.PAD to        4.PADDI reset
ROUTE       233     3.564        4.PADDI to      R7C18B.C1 reset_c
CTOF_DEL    ---     0.495      R7C18B.C1 to      R7C18B.F1 probe/system/sequential.memory/transport/SLICE_213
ROUTE         4     2.110      R7C18B.F1 to      R7C8C.LSR probe/system/sequential.memory/transport/un1_state_15_i_o2_RNIKMD9E (to clk_c)
                  --------
                    7.301   (22.3% logic, 77.7% route), 2 logic levels.

Unconstrained Preference:
   INPUT_SETUP PORT "reset" CLKPORT "clk" 

Report:    7.575ns delay reset to probe/SLICE_210 (7.301ns delay and 0.274ns setup)

   Name    Fanout   Delay (ns)          Site               Resource
PADI_DEL    ---     1.132          4.PAD to        4.PADDI reset
ROUTE       233     3.564        4.PADDI to      R7C18B.C1 reset_c
CTOF_DEL    ---     0.495      R7C18B.C1 to      R7C18B.F1 probe/system/sequential.memory/transport/SLICE_213
ROUTE         4     2.110      R7C18B.F1 to      R7C8A.LSR probe/system/sequential.memory/transport/un1_state_15_i_o2_RNIKMD9E (to clk_c)
                  --------
                    7.301   (22.3% logic, 77.7% route), 2 logic levels.

Unconstrained Preference:
   INPUT_SETUP PORT "reset" CLKPORT "clk" 

Report:    7.174ns delay reset to probe/system/sequential.memory/transport/SLICE_232 (6.892ns delay and 0.282ns setup)

   Name    Fanout   Delay (ns)          Site               Resource
PADI_DEL    ---     1.132          4.PAD to        4.PADDI reset
ROUTE       233     3.443        4.PADDI to      R7C18A.D0 reset_c
CTOF_DEL    ---     0.495      R7C18A.D0 to      R7C18A.F0 probe/system/sequential.memory/transport/SLICE_317
ROUTE         4     1.822      R7C18A.F0 to      R9C16B.CE probe/system/sequential.memory/transport/un1_state_10_RNINGOFB[0] (to clk_c)
                  --------
                    6.892   (23.6% logic, 76.4% route), 2 logic levels.

Unconstrained Preference:
   INPUT_SETUP PORT "reset" CLKPORT "clk" 

Report:    6.762ns delay reset to probe/system/sequential.memory/transport/SLICE_234 (6.480ns delay and 0.282ns setup)

   Name    Fanout   Delay (ns)          Site               Resource
PADI_DEL    ---     1.132          4.PAD to        4.PADDI reset
ROUTE       233     3.443        4.PADDI to      R7C18A.D0 reset_c
CTOF_DEL    ---     0.495      R7C18A.D0 to      R7C18A.F0 probe/system/sequential.memory/transport/SLICE_317
ROUTE         4     1.410      R7C18A.F0 to      R9C17C.CE probe/system/sequential.memory/transport/un1_state_10_RNINGOFB[0] (to clk_c)
                  --------
                    6.480   (25.1% logic, 74.9% route), 2 logic levels.

Unconstrained Preference:
   INPUT_SETUP PORT "reset" CLKPORT "clk" 

Report:    6.762ns delay reset to probe/system/sequential.memory/transport/SLICE_231 (6.480ns delay and 0.282ns setup)

   Name    Fanout   Delay (ns)          Site               Resource
PADI_DEL    ---     1.132          4.PAD to        4.PADDI reset
ROUTE       233     3.443        4.PADDI to      R7C18A.D0 reset_c
CTOF_DEL    ---     0.495      R7C18A.D0 to      R7C18A.F0 probe/system/sequential.memory/transport/SLICE_317
ROUTE         4     1.410      R7C18A.F0 to      R9C17A.CE probe/system/sequential.memory/transport/un1_state_10_RNINGOFB[0] (to clk_c)
                  --------
                    6.480   (25.1% logic, 74.9% route), 2 logic levels.

Unconstrained Preference:
   INPUT_SETUP PORT "reset" CLKPORT "clk" 

Report:    6.747ns delay reset to probe/system/sequential.memory/transport/SLICE_233 (6.465ns delay and 0.282ns setup)

   Name    Fanout   Delay (ns)          Site               Resource
PADI_DEL    ---     1.132          4.PAD to        4.PADDI reset
ROUTE       233     3.443        4.PADDI to      R7C18A.D0 reset_c
CTOF_DEL    ---     0.495      R7C18A.D0 to      R7C18A.F0 probe/system/sequential.memory/transport/SLICE_317
ROUTE         4     1.395      R7C18A.F0 to      R8C17B.CE probe/system/sequential.memory/transport/un1_state_10_RNINGOFB[0] (to clk_c)
                  --------
                    6.465   (25.2% logic, 74.8% route), 2 logic levels.

Unconstrained Preference:
   INPUT_SETUP PORT "reset" CLKPORT "clk" 

Report:    6.054ns delay reset to probe/system/sequential.memory/transport/SLICE_222 (5.888ns delay and 0.166ns setup)

   Name    Fanout   Delay (ns)          Site               Resource
PADI_DEL    ---     1.132          4.PAD to        4.PADDI reset
ROUTE       233     4.261        4.PADDI to      R9C18A.B0 reset_c
CTOF_DEL    ---     0.495      R9C18A.B0 to      R9C18A.F0 probe/system/sequential.memory/transport/SLICE_222
ROUTE         1     0.000      R9C18A.F0 to     R9C18A.DI0 probe/system/sequential.memory/transport/N_154_i (to clk_c)
                  --------
                    5.888   (27.6% logic, 72.4% route), 2 logic levels.

Unconstrained Preference:
   INPUT_SETUP PORT "reset" CLKPORT "clk" 

Report:    6.054ns delay reset to probe/system/sequential.memory/transport/SLICE_222 (5.888ns delay and 0.166ns setup)

   Name    Fanout   Delay (ns)          Site               Resource
PADI_DEL    ---     1.132          4.PAD to        4.PADDI reset
ROUTE       233     4.261        4.PADDI to      R9C18A.B1 reset_c
CTOF_DEL    ---     0.495      R9C18A.B1 to      R9C18A.F1 probe/system/sequential.memory/transport/SLICE_222
ROUTE         1     0.000      R9C18A.F1 to     R9C18A.DI1 probe/system/sequential.memory/transport/N_152_i (to clk_c)
                  --------
                    5.888   (27.6% logic, 72.4% route), 2 logic levels.

Unconstrained Preference:
   INPUT_SETUP PORT "reset" CLKPORT "clk" 

Report:    6.048ns delay reset to probe/system/sequential.memory/transport/SLICE_217 (5.882ns delay and 0.166ns setup)

   Name    Fanout   Delay (ns)          Site               Resource
PADI_DEL    ---     1.132          4.PAD to        4.PADDI reset
ROUTE       233     4.255        4.PADDI to      R9C18B.D1 reset_c
CTOF_DEL    ---     0.495      R9C18B.D1 to      R9C18B.F1 probe/system/sequential.memory/transport/SLICE_217
ROUTE         1     0.000      R9C18B.F1 to     R9C18B.DI1 probe/system/sequential.memory/transport/N_171_i (to clk_c)
                  --------
                    5.882   (27.7% logic, 72.3% route), 2 logic levels.

Unconstrained Preference:
   INPUT_SETUP PORT "reset" CLKPORT "clk" 

Report:    6.029ns delay reset to probe/system/sequential.memory/transport/SLICE_217 (5.863ns delay and 0.166ns setup)

   Name    Fanout   Delay (ns)          Site               Resource
PADI_DEL    ---     1.132          4.PAD to        4.PADDI reset
ROUTE       233     4.236        4.PADDI to      R9C18B.B0 reset_c
CTOF_DEL    ---     0.495      R9C18B.B0 to      R9C18B.F0 probe/system/sequential.memory/transport/SLICE_217
ROUTE         1     0.000      R9C18B.F0 to     R9C18B.DI0 probe/system/sequential.memory/transport/N_173_i (to clk_c)
                  --------
                    5.863   (27.8% logic, 72.2% route), 2 logic levels.

Unconstrained Preference:
   INPUT_SETUP PORT "reset" CLKPORT "clk" 

Report:    5.614ns delay reset to probe/system/sequential.memory/transport/SLICE_218 (5.448ns delay and 0.166ns setup)

   Name    Fanout   Delay (ns)          Site               Resource
PADI_DEL    ---     1.132          4.PAD to        4.PADDI reset
ROUTE       233     3.821        4.PADDI to     R10C18C.D0 reset_c
CTOF_DEL    ---     0.495     R10C18C.D0 to     R10C18C.F0 probe/system/sequential.memory/transport/SLICE_218
ROUTE         1     0.000     R10C18C.F0 to    R10C18C.DI0 probe/system/sequential.memory/transport/N_169_i (to clk_c)
                  --------
                    5.448   (29.9% logic, 70.1% route), 2 logic levels.

Unconstrained Preference:
   INPUT_SETUP PORT "reset" CLKPORT "clk" 

Report:    5.338ns delay reset to probe/system/sequential.memory/transport/SLICE_216 (5.172ns delay and 0.166ns setup)

   Name    Fanout   Delay (ns)          Site               Resource
PADI_DEL    ---     1.132          4.PAD to        4.PADDI reset
ROUTE       233     3.545        4.PADDI to     R10C17C.C1 reset_c
CTOF_DEL    ---     0.495     R10C17C.C1 to     R10C17C.F1 probe/system/sequential.memory/transport/SLICE_216
ROUTE         1     0.000     R10C17C.F1 to    R10C17C.DI1 probe/system/sequential.memory/transport/N_175_i (to clk_c)
                  --------
                    5.172   (31.5% logic, 68.5% route), 2 logic levels.

Unconstrained Preference:
   INPUT_SETUP PORT "reset" CLKPORT "clk" 

Report:    5.338ns delay reset to probe/system/sequential.memory/transport/SLICE_220 (5.172ns delay and 0.166ns setup)

   Name    Fanout   Delay (ns)          Site               Resource
PADI_DEL    ---     1.132          4.PAD to        4.PADDI reset
ROUTE       233     3.545        4.PADDI to     R10C17A.C0 reset_c
CTOF_DEL    ---     0.495     R10C17A.C0 to     R10C17A.F0 probe/system/sequential.memory/transport/SLICE_220
ROUTE         1     0.000     R10C17A.F0 to    R10C17A.DI0 probe/system/sequential.memory/transport/N_161_i (to clk_c)
                  --------
                    5.172   (31.5% logic, 68.5% route), 2 logic levels.

Unconstrained Preference:
   INPUT_SETUP PORT "reset" CLKPORT "clk" 

Report:    5.338ns delay reset to probe/system/sequential.memory/transport/SLICE_218 (5.172ns delay and 0.166ns setup)

   Name    Fanout   Delay (ns)          Site               Resource
PADI_DEL    ---     1.132          4.PAD to        4.PADDI reset
ROUTE       233     3.545        4.PADDI to     R10C18C.C1 reset_c
CTOF_DEL    ---     0.495     R10C18C.C1 to     R10C18C.F1 probe/system/sequential.memory/transport/SLICE_218
ROUTE         1     0.000     R10C18C.F1 to    R10C18C.DI1 probe/system/sequential.memory/transport/N_167_i (to clk_c)
                  --------
                    5.172   (31.5% logic, 68.5% route), 2 logic levels.

Unconstrained Preference:
   INPUT_SETUP PORT "reset" CLKPORT "clk" 

Report:    5.314ns delay reset to probe/system/sequential.memory/transport/SLICE_219 (5.148ns delay and 0.166ns setup)

   Name    Fanout   Delay (ns)          Site               Resource
PADI_DEL    ---     1.132          4.PAD to        4.PADDI reset
ROUTE       233     3.521        4.PADDI to     R10C16C.C1 reset_c
CTOF_DEL    ---     0.495     R10C16C.C1 to     R10C16C.F1 probe/system/sequential.memory/transport/SLICE_219
ROUTE         1     0.000     R10C16C.F1 to    R10C16C.DI1 probe/system/sequential.memory/transport/N_163_i (to clk_c)
                  --------
                    5.148   (31.6% logic, 68.4% route), 2 logic levels.

Unconstrained Preference:
   INPUT_SETUP PORT "reset" CLKPORT "clk" 

Report:    5.314ns delay reset to probe/system/sequential.memory/transport/SLICE_221 (5.148ns delay and 0.166ns setup)

   Name    Fanout   Delay (ns)          Site               Resource
PADI_DEL    ---     1.132          4.PAD to        4.PADDI reset
ROUTE       233     3.521        4.PADDI to     R10C16D.C1 reset_c
CTOF_DEL    ---     0.495     R10C16D.C1 to     R10C16D.F1 probe/system/sequential.memory/transport/SLICE_221
ROUTE         1     0.000     R10C16D.F1 to    R10C16D.DI1 probe/system/sequential.memory/transport/N_156_i (to clk_c)
                  --------
                    5.148   (31.6% logic, 68.4% route), 2 logic levels.

Unconstrained Preference:
   INPUT_SETUP PORT "reset" CLKPORT "clk" 

Report:    4.851ns delay reset to probe/system/sequential.memory/transport/SLICE_216 (4.685ns delay and 0.166ns setup)

   Name    Fanout   Delay (ns)          Site               Resource
PADI_DEL    ---     1.132          4.PAD to        4.PADDI reset
ROUTE       233     3.058        4.PADDI to     R10C17C.D0 reset_c
CTOF_DEL    ---     0.495     R10C17C.D0 to     R10C17C.F0 probe/system/sequential.memory/transport/SLICE_216
ROUTE         1     0.000     R10C17C.F0 to    R10C17C.DI0 probe/system/sequential.memory/transport/N_177_i (to clk_c)
                  --------
                    4.685   (34.7% logic, 65.3% route), 2 logic levels.

Unconstrained Preference:
   INPUT_SETUP PORT "reset" CLKPORT "clk" 

Report:    4.851ns delay reset to probe/system/sequential.memory/transport/SLICE_215 (4.685ns delay and 0.166ns setup)

   Name    Fanout   Delay (ns)          Site               Resource
PADI_DEL    ---     1.132          4.PAD to        4.PADDI reset
ROUTE       233     3.058        4.PADDI to     R10C16A.D0 reset_c
CTOF_DEL    ---     0.495     R10C16A.D0 to     R10C16A.F0 probe/system/sequential.memory/transport/SLICE_215
ROUTE         1     0.000     R10C16A.F0 to    R10C16A.DI0 probe/system/sequential.memory/transport/N_181_i (to clk_c)
                  --------
                    4.685   (34.7% logic, 65.3% route), 2 logic levels.

Unconstrained Preference:
   INPUT_SETUP PORT "reset" CLKPORT "clk" 

Report:    4.851ns delay reset to probe/system/sequential.memory/transport/SLICE_220 (4.685ns delay and 0.166ns setup)

   Name    Fanout   Delay (ns)          Site               Resource
PADI_DEL    ---     1.132          4.PAD to        4.PADDI reset
ROUTE       233     3.058        4.PADDI to     R10C17A.D1 reset_c
CTOF_DEL    ---     0.495     R10C17A.D1 to     R10C17A.F1 probe/system/sequential.memory/transport/SLICE_220
ROUTE         1     0.000     R10C17A.F1 to    R10C17A.DI1 probe/system/sequential.memory/transport/N_159_i (to clk_c)
                  --------
                    4.685   (34.7% logic, 65.3% route), 2 logic levels.

Unconstrained Preference:
   INPUT_SETUP PORT "reset" CLKPORT "clk" 

Report:    4.851ns delay reset to probe/system/sequential.memory/transport/SLICE_215 (4.685ns delay and 0.166ns setup)

   Name    Fanout   Delay (ns)          Site               Resource
PADI_DEL    ---     1.132          4.PAD to        4.PADDI reset
ROUTE       233     3.058        4.PADDI to     R10C16A.D1 reset_c
CTOF_DEL    ---     0.495     R10C16A.D1 to     R10C16A.F1 probe/system/sequential.memory/transport/SLICE_215
ROUTE         1     0.000     R10C16A.F1 to    R10C16A.DI1 probe/system/sequential.memory/transport/N_179_i (to clk_c)
                  --------
                    4.685   (34.7% logic, 65.3% route), 2 logic levels.

Unconstrained Preference:
   INPUT_SETUP PORT "reset" CLKPORT "clk" 

Report:    3.857ns delay reset to probe/system/core/engine/dp/SLICE_177 (3.583ns delay and 0.274ns setup)

   Name    Fanout   Delay (ns)          Site               Resource
PADI_DEL    ---     1.132          4.PAD to        4.PADDI reset
ROUTE       233     2.451        4.PADDI to      R3C7C.LSR reset_c (to clk_c)
                  --------
                    3.583   (31.6% logic, 68.4% route), 1 logic levels.

Unconstrained Preference:
   INPUT_SETUP PORT "reset" CLKPORT "clk" 

Report:    3.857ns delay reset to probe/system/core/engine/dp/SLICE_185 (3.583ns delay and 0.274ns setup)

   Name    Fanout   Delay (ns)          Site               Resource
PADI_DEL    ---     1.132          4.PAD to        4.PADDI reset
ROUTE       233     2.451        4.PADDI to      R3C9C.LSR reset_c (to clk_c)
                  --------
                    3.583   (31.6% logic, 68.4% route), 1 logic levels.

Unconstrained Preference:
   INPUT_SETUP PORT "reset" CLKPORT "clk" 

Report:    3.857ns delay reset to probe/SLICE_200 (3.583ns delay and 0.274ns setup)

   Name    Fanout   Delay (ns)          Site               Resource
PADI_DEL    ---     1.132          4.PAD to        4.PADDI reset
ROUTE       233     2.451        4.PADDI to     R5C17C.LSR reset_c (to clk_c)
                  --------
                    3.583   (31.6% logic, 68.4% route), 1 logic levels.

Unconstrained Preference:
   INPUT_SETUP PORT "reset" CLKPORT "clk" 

Report:    3.857ns delay reset to probe/system/sequential.memory/transport/SLICE_213 (3.583ns delay and 0.274ns setup)

   Name    Fanout   Delay (ns)          Site               Resource
PADI_DEL    ---     1.132          4.PAD to        4.PADDI reset
ROUTE       233     2.451        4.PADDI to     R7C18B.LSR reset_c (to clk_c)
                  --------
                    3.583   (31.6% logic, 68.4% route), 1 logic levels.

Unconstrained Preference:
   INPUT_SETUP PORT "reset" CLKPORT "clk" 

Report:    3.857ns delay reset to probe/system/sequential.memory/transport/SLICE_230 (3.583ns delay and 0.274ns setup)

   Name    Fanout   Delay (ns)          Site               Resource
PADI_DEL    ---     1.132          4.PAD to        4.PADDI reset
ROUTE       233     2.451        4.PADDI to      R9C9B.LSR reset_c (to clk_c)
                  --------
                    3.583   (31.6% logic, 68.4% route), 1 logic levels.

Unconstrained Preference:
   INPUT_SETUP PORT "reset" CLKPORT "clk" 

Report:    3.857ns delay reset to probe/system/core/engine/seq/SLICE_242 (3.583ns delay and 0.274ns setup)

   Name    Fanout   Delay (ns)          Site               Resource
PADI_DEL    ---     1.132          4.PAD to        4.PADDI reset
ROUTE       233     2.451        4.PADDI to      R4C5A.LSR reset_c (to clk_c)
                  --------
                    3.583   (31.6% logic, 68.4% route), 1 logic levels.

Unconstrained Preference:
   INPUT_SETUP PORT "reset" CLKPORT "clk" 

Report:    3.857ns delay reset to probe/system/core/engine/SLICE_173 (3.583ns delay and 0.274ns setup)

   Name    Fanout   Delay (ns)          Site               Resource
PADI_DEL    ---     1.132          4.PAD to        4.PADDI reset
ROUTE       233     2.451        4.PADDI to     R3C13B.LSR reset_c (to clk_c)
                  --------
                    3.583   (31.6% logic, 68.4% route), 1 logic levels.

Unconstrained Preference:
   INPUT_SETUP PORT "reset" CLKPORT "clk" 

Report:    3.857ns delay reset to probe/system/core/engine/dp/SLICE_181 (3.583ns delay and 0.274ns setup)

   Name    Fanout   Delay (ns)          Site               Resource
PADI_DEL    ---     1.132          4.PAD to        4.PADDI reset
ROUTE       233     2.451        4.PADDI to     R3C17D.LSR reset_c (to clk_c)
                  --------
                    3.583   (31.6% logic, 68.4% route), 1 logic levels.

Unconstrained Preference:
   INPUT_SETUP PORT "reset" CLKPORT "clk" 

Report:    3.857ns delay reset to probe/SLICE_83 (3.583ns delay and 0.274ns setup)

   Name    Fanout   Delay (ns)          Site               Resource
PADI_DEL    ---     1.132          4.PAD to        4.PADDI reset
ROUTE       233     2.451        4.PADDI to     R5C15B.LSR reset_c (to clk_c)
                  --------
                    3.583   (31.6% logic, 68.4% route), 1 logic levels.

Unconstrained Preference:
   INPUT_SETUP PORT "reset" CLKPORT "clk" 

Report:    3.857ns delay reset to probe/SLICE_481 (3.583ns delay and 0.274ns setup)

   Name    Fanout   Delay (ns)          Site               Resource
PADI_DEL    ---     1.132          4.PAD to        4.PADDI reset
ROUTE       233     2.451        4.PADDI to     R8C12D.LSR reset_c (to clk_c)
                  --------
                    3.583   (31.6% logic, 68.4% route), 1 logic levels.

Unconstrained Preference:
   INPUT_SETUP PORT "reset" CLKPORT "clk" 

Report:    3.857ns delay reset to probe/system/sequential.memory/SLICE_17 (3.583ns delay and 0.274ns setup)

   Name    Fanout   Delay (ns)          Site               Resource
PADI_DEL    ---     1.132          4.PAD to        4.PADDI reset
ROUTE       233     2.451        4.PADDI to     R7C16B.LSR reset_c (to clk_c)
                  --------
                    3.583   (31.6% logic, 68.4% route), 1 logic levels.

Unconstrained Preference:
   INPUT_SETUP PORT "reset" CLKPORT "clk" 

Report:    3.857ns delay reset to probe/SLICE_79 (3.583ns delay and 0.274ns setup)

   Name    Fanout   Delay (ns)          Site               Resource
PADI_DEL    ---     1.132          4.PAD to        4.PADDI reset
ROUTE       233     2.451        4.PADDI to     R4C14A.LSR reset_c (to clk_c)
                  --------
                    3.583   (31.6% logic, 68.4% route), 1 logic levels.

Unconstrained Preference:
   INPUT_SETUP PORT "reset" CLKPORT "clk" 

Report:    3.857ns delay reset to probe/SLICE_142 (3.583ns delay and 0.274ns setup)

   Name    Fanout   Delay (ns)          Site               Resource
PADI_DEL    ---     1.132          4.PAD to        4.PADDI reset
ROUTE       233     2.451        4.PADDI to     R10C9D.LSR reset_c (to clk_c)
                  --------
                    3.583   (31.6% logic, 68.4% route), 1 logic levels.

Unconstrained Preference:
   INPUT_SETUP PORT "reset" CLKPORT "clk" 

Report:    3.857ns delay reset to probe/system/core/engine/SLICE_169 (3.583ns delay and 0.274ns setup)

   Name    Fanout   Delay (ns)          Site               Resource
PADI_DEL    ---     1.132          4.PAD to        4.PADDI reset
ROUTE       233     2.451        4.PADDI to     R4C16D.LSR reset_c (to clk_c)
                  --------
                    3.583   (31.6% logic, 68.4% route), 1 logic levels.

Unconstrained Preference:
   INPUT_SETUP PORT "reset" CLKPORT "clk" 

Report:    3.857ns delay reset to probe/SLICE_75 (3.583ns delay and 0.274ns setup)

   Name    Fanout   Delay (ns)          Site               Resource
PADI_DEL    ---     1.132          4.PAD to        4.PADDI reset
ROUTE       233     2.451        4.PADDI to    R10C12D.LSR reset_c (to clk_c)
                  --------
                    3.583   (31.6% logic, 68.4% route), 1 logic levels.

Unconstrained Preference:
   INPUT_SETUP PORT "reset" CLKPORT "clk" 

Report:    3.857ns delay reset to probe/system/core/engine/status/SLICE_165 (3.583ns delay and 0.274ns setup)

   Name    Fanout   Delay (ns)          Site               Resource
PADI_DEL    ---     1.132          4.PAD to        4.PADDI reset
ROUTE       233     2.451        4.PADDI to      R5C7B.LSR reset_c (to clk_c)
                  --------
                    3.583   (31.6% logic, 68.4% route), 1 logic levels.

Unconstrained Preference:
   INPUT_SETUP PORT "reset" CLKPORT "clk" 

Report:    3.857ns delay reset to probe/system/SLICE_55 (3.583ns delay and 0.274ns setup)

   Name    Fanout   Delay (ns)          Site               Resource
PADI_DEL    ---     1.132          4.PAD to        4.PADDI reset
ROUTE       233     2.451        4.PADDI to     R7C12A.LSR reset_c (to clk_c)
                  --------
                    3.583   (31.6% logic, 68.4% route), 1 logic levels.

Unconstrained Preference:
   INPUT_SETUP PORT "reset" CLKPORT "clk" 

Report:    3.857ns delay reset to probe/SLICE_196 (3.583ns delay and 0.274ns setup)

   Name    Fanout   Delay (ns)          Site               Resource
PADI_DEL    ---     1.132          4.PAD to        4.PADDI reset
ROUTE       233     2.451        4.PADDI to     R8C10B.LSR reset_c (to clk_c)
                  --------
                    3.583   (31.6% logic, 68.4% route), 1 logic levels.

Unconstrained Preference:
   INPUT_SETUP PORT "reset" CLKPORT "clk" 

Report:    3.857ns delay reset to probe/system/core/engine/seq/SLICE_21 (3.583ns delay and 0.274ns setup)

   Name    Fanout   Delay (ns)          Site               Resource
PADI_DEL    ---     1.132          4.PAD to        4.PADDI reset
ROUTE       233     2.451        4.PADDI to      R5C3C.LSR reset_c (to clk_c)
                  --------
                    3.583   (31.6% logic, 68.4% route), 1 logic levels.

Unconstrained Preference:
   INPUT_SETUP PORT "reset" CLKPORT "clk" 

Report:    3.857ns delay reset to probe/system/sequential.memory/transport/SLICE_205 (3.583ns delay and 0.274ns setup)

   Name    Fanout   Delay (ns)          Site               Resource
PADI_DEL    ---     1.132          4.PAD to        4.PADDI reset
ROUTE       233     2.451        4.PADDI to     R7C19C.LSR reset_c (to clk_c)
                  --------
                    3.583   (31.6% logic, 68.4% route), 1 logic levels.

Unconstrained Preference:
   INPUT_SETUP PORT "reset" CLKPORT "clk" 

Report:    3.857ns delay reset to probe/system/SLICE_37 (3.583ns delay and 0.274ns setup)

   Name    Fanout   Delay (ns)          Site               Resource
PADI_DEL    ---     1.132          4.PAD to        4.PADDI reset
ROUTE       233     2.451        4.PADDI to      R8C9A.LSR reset_c (to clk_c)
                  --------
                    3.583   (31.6% logic, 68.4% route), 1 logic levels.

Unconstrained Preference:
   INPUT_SETUP PORT "reset" CLKPORT "clk" 

Report:    3.857ns delay reset to probe/system/sequential.memory/SLICE_226 (3.583ns delay and 0.274ns setup)

   Name    Fanout   Delay (ns)          Site               Resource
PADI_DEL    ---     1.132          4.PAD to        4.PADDI reset
ROUTE       233     2.451        4.PADDI to     R9C14D.LSR reset_c (to clk_c)
                  --------
                    3.583   (31.6% logic, 68.4% route), 1 logic levels.

Unconstrained Preference:
   INPUT_SETUP PORT "reset" CLKPORT "clk" 

Report:    3.857ns delay reset to probe/system/SLICE_43 (3.583ns delay and 0.274ns setup)

   Name    Fanout   Delay (ns)          Site               Resource
PADI_DEL    ---     1.132          4.PAD to        4.PADDI reset
ROUTE       233     2.451        4.PADDI to     R8C15A.LSR reset_c (to clk_c)
                  --------
                    3.583   (31.6% logic, 68.4% route), 1 logic levels.

Unconstrained Preference:
   INPUT_SETUP PORT "reset" CLKPORT "clk" 

Report:    3.857ns delay reset to probe/system/core/engine/seq/SLICE_238 (3.583ns delay and 0.274ns setup)

   Name    Fanout   Delay (ns)          Site               Resource
PADI_DEL    ---     1.132          4.PAD to        4.PADDI reset
ROUTE       233     2.451        4.PADDI to      R5C6A.LSR reset_c (to clk_c)
                  --------
                    3.583   (31.6% logic, 68.4% route), 1 logic levels.

Unconstrained Preference:
   INPUT_SETUP PORT "reset" CLKPORT "clk" 

Report:    3.857ns delay reset to probe/system/SLICE_49 (3.583ns delay and 0.274ns setup)

   Name    Fanout   Delay (ns)          Site               Resource
PADI_DEL    ---     1.132          4.PAD to        4.PADDI reset
ROUTE       233     2.451        4.PADDI to     R8C14A.LSR reset_c (to clk_c)
                  --------
                    3.583   (31.6% logic, 68.4% route), 1 logic levels.

Unconstrained Preference:
   INPUT_SETUP PORT "reset" CLKPORT "clk" 

Report:    3.857ns delay reset to probe/system/core/engine/SLICE_296 (3.583ns delay and 0.274ns setup)

   Name    Fanout   Delay (ns)          Site               Resource
PADI_DEL    ---     1.132          4.PAD to        4.PADDI reset
ROUTE       233     2.451        4.PADDI to      R9C9C.LSR reset_c (to clk_c)
                  --------
                    3.583   (31.6% logic, 68.4% route), 1 logic levels.

Unconstrained Preference:
   INPUT_SETUP PORT "reset" CLKPORT "clk" 

Report:    3.857ns delay reset to probe/SLICE_301 (3.583ns delay and 0.274ns setup)

   Name    Fanout   Delay (ns)          Site               Resource
PADI_DEL    ---     1.132          4.PAD to        4.PADDI reset
ROUTE       233     2.451        4.PADDI to     R9C12C.LSR reset_c (to clk_c)
                  --------
                    3.583   (31.6% logic, 68.4% route), 1 logic levels.

Unconstrained Preference:
   INPUT_SETUP PORT "reset" CLKPORT "clk" 

Report:    3.857ns delay reset to probe/system/SLICE_63 (3.583ns delay and 0.274ns setup)

   Name    Fanout   Delay (ns)          Site               Resource
PADI_DEL    ---     1.132          4.PAD to        4.PADDI reset
ROUTE       233     2.451        4.PADDI to      R9C8A.LSR reset_c (to clk_c)
                  --------
                    3.583   (31.6% logic, 68.4% route), 1 logic levels.

Unconstrained Preference:
   INPUT_SETUP PORT "reset" CLKPORT "clk" 

Report:    3.857ns delay reset to probe/SLICE_305 (3.583ns delay and 0.274ns setup)

   Name    Fanout   Delay (ns)          Site               Resource
PADI_DEL    ---     1.132          4.PAD to        4.PADDI reset
ROUTE       233     2.451        4.PADDI to     R5C12A.LSR reset_c (to clk_c)
                  --------
                    3.583   (31.6% logic, 68.4% route), 1 logic levels.

Unconstrained Preference:
   INPUT_SETUP PORT "reset" CLKPORT "clk" 

Report:    3.857ns delay reset to probe/SLICE_309 (3.583ns delay and 0.274ns setup)

   Name    Fanout   Delay (ns)          Site               Resource
PADI_DEL    ---     1.132          4.PAD to        4.PADDI reset
ROUTE       233     2.451        4.PADDI to     R9C12D.LSR reset_c (to clk_c)
                  --------
                    3.583   (31.6% logic, 68.4% route), 1 logic levels.

Unconstrained Preference:
   INPUT_SETUP PORT "reset" CLKPORT "clk" 

Report:    3.857ns delay reset to probe/SLICE_344 (3.583ns delay and 0.274ns setup)

   Name    Fanout   Delay (ns)          Site               Resource
PADI_DEL    ---     1.132          4.PAD to        4.PADDI reset
ROUTE       233     2.451        4.PADDI to      R4C9C.LSR reset_c (to clk_c)
                  --------
                    3.583   (31.6% logic, 68.4% route), 1 logic levels.

Unconstrained Preference:
   INPUT_SETUP PORT "reset" CLKPORT "clk" 

Report:    3.857ns delay reset to probe/SLICE_348 (3.583ns delay and 0.274ns setup)

   Name    Fanout   Delay (ns)          Site               Resource
PADI_DEL    ---     1.132          4.PAD to        4.PADDI reset
ROUTE       233     2.451        4.PADDI to     R2C13C.LSR reset_c (to clk_c)
                  --------
                    3.583   (31.6% logic, 68.4% route), 1 logic levels.

Unconstrained Preference:
   INPUT_SETUP PORT "reset" CLKPORT "clk" 

Report:    3.857ns delay reset to probe/SLICE_352 (3.583ns delay and 0.274ns setup)

   Name    Fanout   Delay (ns)          Site               Resource
PADI_DEL    ---     1.132          4.PAD to        4.PADDI reset
ROUTE       233     2.451        4.PADDI to     R5C12B.LSR reset_c (to clk_c)
                  --------
                    3.583   (31.6% logic, 68.4% route), 1 logic levels.

Unconstrained Preference:
   INPUT_SETUP PORT "reset" CLKPORT "clk" 

Report:    3.857ns delay reset to probe/SLICE_356 (3.583ns delay and 0.274ns setup)

   Name    Fanout   Delay (ns)          Site               Resource
PADI_DEL    ---     1.132          4.PAD to        4.PADDI reset
ROUTE       233     2.451        4.PADDI to     R4C12A.LSR reset_c (to clk_c)
                  --------
                    3.583   (31.6% logic, 68.4% route), 1 logic levels.

Unconstrained Preference:
   INPUT_SETUP PORT "reset" CLKPORT "clk" 

Report:    3.857ns delay reset to probe/SLICE_360 (3.583ns delay and 0.274ns setup)

   Name    Fanout   Delay (ns)          Site               Resource
PADI_DEL    ---     1.132          4.PAD to        4.PADDI reset
ROUTE       233     2.451        4.PADDI to     R3C10B.LSR reset_c (to clk_c)
                  --------
                    3.583   (31.6% logic, 68.4% route), 1 logic levels.

Unconstrained Preference:
   INPUT_SETUP PORT "reset" CLKPORT "clk" 

Report:    3.857ns delay reset to probe/SLICE_366 (3.583ns delay and 0.274ns setup)

   Name    Fanout   Delay (ns)          Site               Resource
PADI_DEL    ---     1.132          4.PAD to        4.PADDI reset
ROUTE       233     2.451        4.PADDI to     R2C11D.LSR reset_c (to clk_c)
                  --------
                    3.583   (31.6% logic, 68.4% route), 1 logic levels.

Unconstrained Preference:
   INPUT_SETUP PORT "reset" CLKPORT "clk" 

Report:    3.857ns delay reset to probe/SLICE_370 (3.583ns delay and 0.274ns setup)

   Name    Fanout   Delay (ns)          Site               Resource
PADI_DEL    ---     1.132          4.PAD to        4.PADDI reset
ROUTE       233     2.451        4.PADDI to     R4C13B.LSR reset_c (to clk_c)
                  --------
                    3.583   (31.6% logic, 68.4% route), 1 logic levels.

Unconstrained Preference:
   INPUT_SETUP PORT "reset" CLKPORT "clk" 

Report:    3.857ns delay reset to probe/SLICE_404 (3.583ns delay and 0.274ns setup)

   Name    Fanout   Delay (ns)          Site               Resource
PADI_DEL    ---     1.132          4.PAD to        4.PADDI reset
ROUTE       233     2.451        4.PADDI to      R7C7B.LSR reset_c (to clk_c)
                  --------
                    3.583   (31.6% logic, 68.4% route), 1 logic levels.

Unconstrained Preference:
   INPUT_SETUP PORT "reset" CLKPORT "clk" 

Report:    3.857ns delay reset to probe/system/core/engine/SLICE_408 (3.583ns delay and 0.274ns setup)

   Name    Fanout   Delay (ns)          Site               Resource
PADI_DEL    ---     1.132          4.PAD to        4.PADDI reset
ROUTE       233     2.451        4.PADDI to      R8C9D.LSR reset_c (to clk_c)
                  --------
                    3.583   (31.6% logic, 68.4% route), 1 logic levels.

Unconstrained Preference:
   INPUT_SETUP PORT "reset" CLKPORT "clk" 

Report:    3.857ns delay reset to probe/SLICE_412 (3.583ns delay and 0.274ns setup)

   Name    Fanout   Delay (ns)          Site               Resource
PADI_DEL    ---     1.132          4.PAD to        4.PADDI reset
ROUTE       233     2.451        4.PADDI to     R9C10D.LSR reset_c (to clk_c)
                  --------
                    3.583   (31.6% logic, 68.4% route), 1 logic levels.

Unconstrained Preference:
   INPUT_SETUP PORT "reset" CLKPORT "clk" 

Report:    3.857ns delay reset to probe/SLICE_416 (3.583ns delay and 0.274ns setup)

   Name    Fanout   Delay (ns)          Site               Resource
PADI_DEL    ---     1.132          4.PAD to        4.PADDI reset
ROUTE       233     2.451        4.PADDI to     R5C11C.LSR reset_c (to clk_c)
                  --------
                    3.583   (31.6% logic, 68.4% route), 1 logic levels.

Unconstrained Preference:
   INPUT_SETUP PORT "reset" CLKPORT "clk" 

Report:    3.857ns delay reset to probe/SLICE_420 (3.583ns delay and 0.274ns setup)

   Name    Fanout   Delay (ns)          Site               Resource
PADI_DEL    ---     1.132          4.PAD to        4.PADDI reset
ROUTE       233     2.451        4.PADDI to     R8C10A.LSR reset_c (to clk_c)
                  --------
                    3.583   (31.6% logic, 68.4% route), 1 logic levels.

Unconstrained Preference:
   INPUT_SETUP PORT "reset" CLKPORT "clk" 

Report:    3.857ns delay reset to probe/SLICE_447 (3.583ns delay and 0.274ns setup)

   Name    Fanout   Delay (ns)          Site               Resource
PADI_DEL    ---     1.132          4.PAD to        4.PADDI reset
ROUTE       233     2.451        4.PADDI to     R3C12C.LSR reset_c (to clk_c)
                  --------
                    3.583   (31.6% logic, 68.4% route), 1 logic levels.

Unconstrained Preference:
   INPUT_SETUP PORT "reset" CLKPORT "clk" 

Report:    3.857ns delay reset to probe/SLICE_461 (3.583ns delay and 0.274ns setup)

   Name    Fanout   Delay (ns)          Site               Resource
PADI_DEL    ---     1.132          4.PAD to        4.PADDI reset
ROUTE       233     2.451        4.PADDI to     R4C10A.LSR reset_c (to clk_c)
                  --------
                    3.583   (31.6% logic, 68.4% route), 1 logic levels.

Unconstrained Preference:
   INPUT_SETUP PORT "reset" CLKPORT "clk" 

Report:    3.857ns delay reset to probe/SLICE_473 (3.583ns delay and 0.274ns setup)

   Name    Fanout   Delay (ns)          Site               Resource
PADI_DEL    ---     1.132          4.PAD to        4.PADDI reset
ROUTE       233     2.451        4.PADDI to     R9C10C.LSR reset_c (to clk_c)
                  --------
                    3.583   (31.6% logic, 68.4% route), 1 logic levels.

Unconstrained Preference:
   INPUT_SETUP PORT "reset" CLKPORT "clk" 

Report:    3.857ns delay reset to probe/SLICE_477 (3.583ns delay and 0.274ns setup)

   Name    Fanout   Delay (ns)          Site               Resource
PADI_DEL    ---     1.132          4.PAD to        4.PADDI reset
ROUTE       233     2.451        4.PADDI to     R4C10D.LSR reset_c (to clk_c)
                  --------
                    3.583   (31.6% logic, 68.4% route), 1 logic levels.

Unconstrained Preference:
   INPUT_SETUP PORT "reset" CLKPORT "clk" 

Report:    3.857ns delay reset to probe/system/core/engine/SLICE_469 (3.583ns delay and 0.274ns setup)

   Name    Fanout   Delay (ns)          Site               Resource
PADI_DEL    ---     1.132          4.PAD to        4.PADDI reset
ROUTE       233     2.451        4.PADDI to     R8C11A.LSR reset_c (to clk_c)
                  --------
                    3.583   (31.6% logic, 68.4% route), 1 logic levels.

Unconstrained Preference:
   INPUT_SETUP PORT "reset" CLKPORT "clk" 

Report:    3.857ns delay reset to probe/system/SLICE_59 (3.583ns delay and 0.274ns setup)

   Name    Fanout   Delay (ns)          Site               Resource
PADI_DEL    ---     1.132          4.PAD to        4.PADDI reset
ROUTE       233     2.451        4.PADDI to      R7C9A.LSR reset_c (to clk_c)
                  --------
                    3.583   (31.6% logic, 68.4% route), 1 logic levels.

Unconstrained Preference:
   INPUT_SETUP PORT "reset" CLKPORT "clk" 

Report:    3.857ns delay reset to probe/system/sequential.memory/SLICE_13 (3.583ns delay and 0.274ns setup)

   Name    Fanout   Delay (ns)          Site               Resource
PADI_DEL    ---     1.132          4.PAD to        4.PADDI reset
ROUTE       233     2.451        4.PADDI to     R7C17B.LSR reset_c (to clk_c)
                  --------
                    3.583   (31.6% logic, 68.4% route), 1 logic levels.

Unconstrained Preference:
   INPUT_SETUP PORT "reset" CLKPORT "clk" 

Report:    3.857ns delay reset to probe/system/core/engine/seq/SLICE_244 (3.583ns delay and 0.274ns setup)

   Name    Fanout   Delay (ns)          Site               Resource
PADI_DEL    ---     1.132          4.PAD to        4.PADDI reset
ROUTE       233     2.451        4.PADDI to      R4C4A.LSR reset_c (to clk_c)
                  --------
                    3.583   (31.6% logic, 68.4% route), 1 logic levels.

Unconstrained Preference:
   INPUT_SETUP PORT "reset" CLKPORT "clk" 

Report:    3.857ns delay reset to probe/system/SLICE_61 (3.583ns delay and 0.274ns setup)

   Name    Fanout   Delay (ns)          Site               Resource
PADI_DEL    ---     1.132          4.PAD to        4.PADDI reset
ROUTE       233     2.451        4.PADDI to     R8C10D.LSR reset_c (to clk_c)
                  --------
                    3.583   (31.6% logic, 68.4% route), 1 logic levels.

Unconstrained Preference:
   INPUT_SETUP PORT "reset" CLKPORT "clk" 

Report:    3.857ns delay reset to probe/system/SLICE_65 (3.583ns delay and 0.274ns setup)

   Name    Fanout   Delay (ns)          Site               Resource
PADI_DEL    ---     1.132          4.PAD to        4.PADDI reset
ROUTE       233     2.451        4.PADDI to      R7C9B.LSR reset_c (to clk_c)
                  --------
                    3.583   (31.6% logic, 68.4% route), 1 logic levels.

Unconstrained Preference:
   INPUT_SETUP PORT "reset" CLKPORT "clk" 

Report:    3.857ns delay reset to probe/system/core/engine/SLICE_171 (3.583ns delay and 0.274ns setup)

   Name    Fanout   Delay (ns)          Site               Resource
PADI_DEL    ---     1.132          4.PAD to        4.PADDI reset
ROUTE       233     2.451        4.PADDI to     R4C15B.LSR reset_c (to clk_c)
                  --------
                    3.583   (31.6% logic, 68.4% route), 1 logic levels.

Unconstrained Preference:
   INPUT_SETUP PORT "reset" CLKPORT "clk" 

Report:    3.857ns delay reset to probe/system/core/engine/SLICE_175 (3.583ns delay and 0.274ns setup)

   Name    Fanout   Delay (ns)          Site               Resource
PADI_DEL    ---     1.132          4.PAD to        4.PADDI reset
ROUTE       233     2.451        4.PADDI to     R2C10A.LSR reset_c (to clk_c)
                  --------
                    3.583   (31.6% logic, 68.4% route), 1 logic levels.

Unconstrained Preference:
   INPUT_SETUP PORT "reset" CLKPORT "clk" 

Report:    3.857ns delay reset to probe/SLICE_81 (3.583ns delay and 0.274ns setup)

   Name    Fanout   Delay (ns)          Site               Resource
PADI_DEL    ---     1.132          4.PAD to        4.PADDI reset
ROUTE       233     2.451        4.PADDI to     R3C14C.LSR reset_c (to clk_c)
                  --------
                    3.583   (31.6% logic, 68.4% route), 1 logic levels.

Unconstrained Preference:
   INPUT_SETUP PORT "reset" CLKPORT "clk" 

Report:    3.857ns delay reset to probe/SLICE_85 (3.583ns delay and 0.274ns setup)

   Name    Fanout   Delay (ns)          Site               Resource
PADI_DEL    ---     1.132          4.PAD to        4.PADDI reset
ROUTE       233     2.451        4.PADDI to     R8C12C.LSR reset_c (to clk_c)
                  --------
                    3.583   (31.6% logic, 68.4% route), 1 logic levels.

Unconstrained Preference:
   INPUT_SETUP PORT "reset" CLKPORT "clk" 

Report:    3.857ns delay reset to probe/SLICE_161 (3.583ns delay and 0.274ns setup)

   Name    Fanout   Delay (ns)          Site               Resource
PADI_DEL    ---     1.132          4.PAD to        4.PADDI reset
ROUTE       233     2.451        4.PADDI to    R10C12A.LSR reset_c (to clk_c)
                  --------
                    3.583   (31.6% logic, 68.4% route), 1 logic levels.

Unconstrained Preference:
   INPUT_SETUP PORT "reset" CLKPORT "clk" 

Report:    3.857ns delay reset to probe/system/core/engine/SLICE_167 (3.583ns delay and 0.274ns setup)

   Name    Fanout   Delay (ns)          Site               Resource
PADI_DEL    ---     1.132          4.PAD to        4.PADDI reset
ROUTE       233     2.451        4.PADDI to     R3C16B.LSR reset_c (to clk_c)
                  --------
                    3.583   (31.6% logic, 68.4% route), 1 logic levels.

Unconstrained Preference:
   INPUT_SETUP PORT "reset" CLKPORT "clk" 

Report:    3.857ns delay reset to probe/system/core/engine/dp/SLICE_179 (3.583ns delay and 0.274ns setup)

   Name    Fanout   Delay (ns)          Site               Resource
PADI_DEL    ---     1.132          4.PAD to        4.PADDI reset
ROUTE       233     2.451        4.PADDI to     R3C11A.LSR reset_c (to clk_c)
                  --------
                    3.583   (31.6% logic, 68.4% route), 1 logic levels.

Unconstrained Preference:
   INPUT_SETUP PORT "reset" CLKPORT "clk" 

Report:    3.857ns delay reset to probe/system/sequential.memory/SLICE_14 (3.583ns delay and 0.274ns setup)

   Name    Fanout   Delay (ns)          Site               Resource
PADI_DEL    ---     1.132          4.PAD to        4.PADDI reset
ROUTE       233     2.451        4.PADDI to     R7C17A.LSR reset_c (to clk_c)
                  --------
                    3.583   (31.6% logic, 68.4% route), 1 logic levels.

Unconstrained Preference:
   INPUT_SETUP PORT "reset" CLKPORT "clk" 

Report:    3.857ns delay reset to probe/system/core/engine/dp/SLICE_178 (3.583ns delay and 0.274ns setup)

   Name    Fanout   Delay (ns)          Site               Resource
PADI_DEL    ---     1.132          4.PAD to        4.PADDI reset
ROUTE       233     2.451        4.PADDI to      R3C8C.LSR reset_c (to clk_c)
                  --------
                    3.583   (31.6% logic, 68.4% route), 1 logic levels.

Unconstrained Preference:
   INPUT_SETUP PORT "reset" CLKPORT "clk" 

Report:    3.857ns delay reset to probe/system/core/engine/dp/SLICE_182 (3.583ns delay and 0.274ns setup)

   Name    Fanout   Delay (ns)          Site               Resource
PADI_DEL    ---     1.132          4.PAD to        4.PADDI reset
ROUTE       233     2.451        4.PADDI to      R3C9B.LSR reset_c (to clk_c)
                  --------
                    3.583   (31.6% logic, 68.4% route), 1 logic levels.

Unconstrained Preference:
   INPUT_SETUP PORT "reset" CLKPORT "clk" 

Report:    3.857ns delay reset to probe/system/sequential.memory/SLICE_202 (3.583ns delay and 0.274ns setup)

   Name    Fanout   Delay (ns)          Site               Resource
PADI_DEL    ---     1.132          4.PAD to        4.PADDI reset
ROUTE       233     2.451        4.PADDI to     R9C13A.LSR reset_c (to clk_c)
                  --------
                    3.583   (31.6% logic, 68.4% route), 1 logic levels.

Unconstrained Preference:
   INPUT_SETUP PORT "reset" CLKPORT "clk" 

Report:    3.857ns delay reset to probe/system/sequential.memory/SLICE_206 (3.583ns delay and 0.274ns setup)

   Name    Fanout   Delay (ns)          Site               Resource
PADI_DEL    ---     1.132          4.PAD to        4.PADDI reset
ROUTE       233     2.451        4.PADDI to    R10C12C.LSR reset_c (to clk_c)
                  --------
                    3.583   (31.6% logic, 68.4% route), 1 logic levels.

Unconstrained Preference:
   INPUT_SETUP PORT "reset" CLKPORT "clk" 

Report:    3.857ns delay reset to probe/SLICE_198 (3.583ns delay and 0.274ns setup)

   Name    Fanout   Delay (ns)          Site               Resource
PADI_DEL    ---     1.132          4.PAD to        4.PADDI reset
ROUTE       233     2.451        4.PADDI to      R4C7C.LSR reset_c (to clk_c)
                  --------
                    3.583   (31.6% logic, 68.4% route), 1 logic levels.

Unconstrained Preference:
   INPUT_SETUP PORT "reset" CLKPORT "clk" 

Report:    3.857ns delay reset to probe/system/sequential.memory/transport/SLICE_203 (3.583ns delay and 0.274ns setup)

   Name    Fanout   Delay (ns)          Site               Resource
PADI_DEL    ---     1.132          4.PAD to        4.PADDI reset
ROUTE       233     2.451        4.PADDI to    R10C15D.LSR reset_c (to clk_c)
                  --------
                    3.583   (31.6% logic, 68.4% route), 1 logic levels.

Unconstrained Preference:
   INPUT_SETUP PORT "reset" CLKPORT "clk" 

Report:    3.857ns delay reset to probe/system/sequential.memory/SLICE_207 (3.583ns delay and 0.274ns setup)

   Name    Fanout   Delay (ns)          Site               Resource
PADI_DEL    ---     1.132          4.PAD to        4.PADDI reset
ROUTE       233     2.451        4.PADDI to    R10C13D.LSR reset_c (to clk_c)
                  --------
                    3.583   (31.6% logic, 68.4% route), 1 logic levels.

Unconstrained Preference:
   INPUT_SETUP PORT "reset" CLKPORT "clk" 

Report:    3.857ns delay reset to probe/system/SLICE_224 (3.583ns delay and 0.274ns setup)

   Name    Fanout   Delay (ns)          Site               Resource
PADI_DEL    ---     1.132          4.PAD to        4.PADDI reset
ROUTE       233     2.451        4.PADDI to      R4C9A.LSR reset_c (to clk_c)
                  --------
                    3.583   (31.6% logic, 68.4% route), 1 logic levels.

Unconstrained Preference:
   INPUT_SETUP PORT "reset" CLKPORT "clk" 

Report:    3.857ns delay reset to probe/system/SLICE_223 (3.583ns delay and 0.274ns setup)

   Name    Fanout   Delay (ns)          Site               Resource
PADI_DEL    ---     1.132          4.PAD to        4.PADDI reset
ROUTE       233     2.451        4.PADDI to      R9C9D.LSR reset_c (to clk_c)
                  --------
                    3.583   (31.6% logic, 68.4% route), 1 logic levels.

Unconstrained Preference:
   INPUT_SETUP PORT "reset" CLKPORT "clk" 

Report:    3.857ns delay reset to probe/system/sequential.memory/transport/SLICE_227 (3.583ns delay and 0.274ns setup)

   Name    Fanout   Delay (ns)          Site               Resource
PADI_DEL    ---     1.132          4.PAD to        4.PADDI reset
ROUTE       233     2.451        4.PADDI to      R9C8C.LSR reset_c (to clk_c)
                  --------
                    3.583   (31.6% logic, 68.4% route), 1 logic levels.

Unconstrained Preference:
   INPUT_SETUP PORT "reset" CLKPORT "clk" 

Report:    3.857ns delay reset to probe/system/core/engine/seq/SLICE_235 (3.583ns delay and 0.274ns setup)

   Name    Fanout   Delay (ns)          Site               Resource
PADI_DEL    ---     1.132          4.PAD to        4.PADDI reset
ROUTE       233     2.451        4.PADDI to      R7C6B.LSR reset_c (to clk_c)
                  --------
                    3.583   (31.6% logic, 68.4% route), 1 logic levels.

Unconstrained Preference:
   INPUT_SETUP PORT "reset" CLKPORT "clk" 

Report:    3.857ns delay reset to probe/system/sequential.memory/transport/SLICE_228 (3.583ns delay and 0.274ns setup)

   Name    Fanout   Delay (ns)          Site               Resource
PADI_DEL    ---     1.132          4.PAD to        4.PADDI reset
ROUTE       233     2.451        4.PADDI to     R10C8D.LSR reset_c (to clk_c)
                  --------
                    3.583   (31.6% logic, 68.4% route), 1 logic levels.

Unconstrained Preference:
   INPUT_SETUP PORT "reset" CLKPORT "clk" 

Report:    3.857ns delay reset to probe/system/core/engine/seq/SLICE_236 (3.583ns delay and 0.274ns setup)

   Name    Fanout   Delay (ns)          Site               Resource
PADI_DEL    ---     1.132          4.PAD to        4.PADDI reset
ROUTE       233     2.451        4.PADDI to      R7C4D.LSR reset_c (to clk_c)
                  --------
                    3.583   (31.6% logic, 68.4% route), 1 logic levels.

Unconstrained Preference:
   INPUT_SETUP PORT "reset" CLKPORT "clk" 

Report:    3.857ns delay reset to probe/system/core/engine/seq/SLICE_239 (3.583ns delay and 0.274ns setup)

   Name    Fanout   Delay (ns)          Site               Resource
PADI_DEL    ---     1.132          4.PAD to        4.PADDI reset
ROUTE       233     2.451        4.PADDI to      R7C5D.LSR reset_c (to clk_c)
                  --------
                    3.583   (31.6% logic, 68.4% route), 1 logic levels.

Unconstrained Preference:
   INPUT_SETUP PORT "reset" CLKPORT "clk" 

Report:    3.857ns delay reset to probe/SLICE_298 (3.583ns delay and 0.274ns setup)

   Name    Fanout   Delay (ns)          Site               Resource
PADI_DEL    ---     1.132          4.PAD to        4.PADDI reset
ROUTE       233     2.451        4.PADDI to      R8C7A.LSR reset_c (to clk_c)
                  --------
                    3.583   (31.6% logic, 68.4% route), 1 logic levels.

Unconstrained Preference:
   INPUT_SETUP PORT "reset" CLKPORT "clk" 

Report:    3.857ns delay reset to probe/SLICE_299 (3.583ns delay and 0.274ns setup)

   Name    Fanout   Delay (ns)          Site               Resource
PADI_DEL    ---     1.132          4.PAD to        4.PADDI reset
ROUTE       233     2.451        4.PADDI to      R8C8A.LSR reset_c (to clk_c)
                  --------
                    3.583   (31.6% logic, 68.4% route), 1 logic levels.

Unconstrained Preference:
   INPUT_SETUP PORT "reset" CLKPORT "clk" 

Report:    3.857ns delay reset to probe/SLICE_302 (3.583ns delay and 0.274ns setup)

   Name    Fanout   Delay (ns)          Site               Resource
PADI_DEL    ---     1.132          4.PAD to        4.PADDI reset
ROUTE       233     2.451        4.PADDI to     R9C12B.LSR reset_c (to clk_c)
                  --------
                    3.583   (31.6% logic, 68.4% route), 1 logic levels.

Unconstrained Preference:
   INPUT_SETUP PORT "reset" CLKPORT "clk" 

Report:    3.857ns delay reset to probe/system/core/engine/seq/SLICE_240 (3.583ns delay and 0.274ns setup)

   Name    Fanout   Delay (ns)          Site               Resource
PADI_DEL    ---     1.132          4.PAD to        4.PADDI reset
ROUTE       233     2.451        4.PADDI to      R5C5B.LSR reset_c (to clk_c)
                  --------
                    3.583   (31.6% logic, 68.4% route), 1 logic levels.

Unconstrained Preference:
   INPUT_SETUP PORT "reset" CLKPORT "clk" 

Report:    3.857ns delay reset to probe/SLICE_303 (3.583ns delay and 0.274ns setup)

   Name    Fanout   Delay (ns)          Site               Resource
PADI_DEL    ---     1.132          4.PAD to        4.PADDI reset
ROUTE       233     2.451        4.PADDI to     R8C13D.LSR reset_c (to clk_c)
                  --------
                    3.583   (31.6% logic, 68.4% route), 1 logic levels.

Unconstrained Preference:
   INPUT_SETUP PORT "reset" CLKPORT "clk" 

Report:    3.857ns delay reset to probe/SLICE_306 (3.583ns delay and 0.274ns setup)

   Name    Fanout   Delay (ns)          Site               Resource
PADI_DEL    ---     1.132          4.PAD to        4.PADDI reset
ROUTE       233     2.451        4.PADDI to     R7C13D.LSR reset_c (to clk_c)
                  --------
                    3.583   (31.6% logic, 68.4% route), 1 logic levels.

Unconstrained Preference:
   INPUT_SETUP PORT "reset" CLKPORT "clk" 

Report:    3.857ns delay reset to probe/SLICE_307 (3.583ns delay and 0.274ns setup)

   Name    Fanout   Delay (ns)          Site               Resource
PADI_DEL    ---     1.132          4.PAD to        4.PADDI reset
ROUTE       233     2.451        4.PADDI to     R9C13C.LSR reset_c (to clk_c)
                  --------
                    3.583   (31.6% logic, 68.4% route), 1 logic levels.

Unconstrained Preference:
   INPUT_SETUP PORT "reset" CLKPORT "clk" 

Report:    3.857ns delay reset to probe/SLICE_345 (3.583ns delay and 0.274ns setup)

   Name    Fanout   Delay (ns)          Site               Resource
PADI_DEL    ---     1.132          4.PAD to        4.PADDI reset
ROUTE       233     2.451        4.PADDI to      R3C8A.LSR reset_c (to clk_c)
                  --------
                    3.583   (31.6% logic, 68.4% route), 1 logic levels.

Unconstrained Preference:
   INPUT_SETUP PORT "reset" CLKPORT "clk" 

Report:    3.857ns delay reset to probe/SLICE_349 (3.583ns delay and 0.274ns setup)

   Name    Fanout   Delay (ns)          Site               Resource
PADI_DEL    ---     1.132          4.PAD to        4.PADDI reset
ROUTE       233     2.451        4.PADDI to     R3C14A.LSR reset_c (to clk_c)
                  --------
                    3.583   (31.6% logic, 68.4% route), 1 logic levels.

Unconstrained Preference:
   INPUT_SETUP PORT "reset" CLKPORT "clk" 

Report:    3.857ns delay reset to probe/SLICE_353 (3.583ns delay and 0.274ns setup)

   Name    Fanout   Delay (ns)          Site               Resource
PADI_DEL    ---     1.132          4.PAD to        4.PADDI reset
ROUTE       233     2.451        4.PADDI to     R5C15D.LSR reset_c (to clk_c)
                  --------
                    3.583   (31.6% logic, 68.4% route), 1 logic levels.

Unconstrained Preference:
   INPUT_SETUP PORT "reset" CLKPORT "clk" 

Report:    3.857ns delay reset to probe/SLICE_357 (3.583ns delay and 0.274ns setup)

   Name    Fanout   Delay (ns)          Site               Resource
PADI_DEL    ---     1.132          4.PAD to        4.PADDI reset
ROUTE       233     2.451        4.PADDI to     R4C11A.LSR reset_c (to clk_c)
                  --------
                    3.583   (31.6% logic, 68.4% route), 1 logic levels.

Unconstrained Preference:
   INPUT_SETUP PORT "reset" CLKPORT "clk" 

Report:    3.857ns delay reset to probe/system/core/engine/dp/SLICE_183 (3.583ns delay and 0.274ns setup)

   Name    Fanout   Delay (ns)          Site               Resource
PADI_DEL    ---     1.132          4.PAD to        4.PADDI reset
ROUTE       233     2.451        4.PADDI to     R3C13D.LSR reset_c (to clk_c)
                  --------
                    3.583   (31.6% logic, 68.4% route), 1 logic levels.

Unconstrained Preference:
   INPUT_SETUP PORT "reset" CLKPORT "clk" 

Report:    3.857ns delay reset to probe/SLICE_346 (3.583ns delay and 0.274ns setup)

   Name    Fanout   Delay (ns)          Site               Resource
PADI_DEL    ---     1.132          4.PAD to        4.PADDI reset
ROUTE       233     2.451        4.PADDI to      R5C9C.LSR reset_c (to clk_c)
                  --------
                    3.583   (31.6% logic, 68.4% route), 1 logic levels.

Unconstrained Preference:
   INPUT_SETUP PORT "reset" CLKPORT "clk" 

Report:    3.857ns delay reset to probe/SLICE_350 (3.583ns delay and 0.274ns setup)

   Name    Fanout   Delay (ns)          Site               Resource
PADI_DEL    ---     1.132          4.PAD to        4.PADDI reset
ROUTE       233     2.451        4.PADDI to     R3C11B.LSR reset_c (to clk_c)
                  --------
                    3.583   (31.6% logic, 68.4% route), 1 logic levels.

Unconstrained Preference:
   INPUT_SETUP PORT "reset" CLKPORT "clk" 

Report:    3.857ns delay reset to probe/SLICE_354 (3.583ns delay and 0.274ns setup)

   Name    Fanout   Delay (ns)          Site               Resource
PADI_DEL    ---     1.132          4.PAD to        4.PADDI reset
ROUTE       233     2.451        4.PADDI to     R5C11D.LSR reset_c (to clk_c)
                  --------
                    3.583   (31.6% logic, 68.4% route), 1 logic levels.

Unconstrained Preference:
   INPUT_SETUP PORT "reset" CLKPORT "clk" 

Report:    3.857ns delay reset to probe/SLICE_358 (3.583ns delay and 0.274ns setup)

   Name    Fanout   Delay (ns)          Site               Resource
PADI_DEL    ---     1.132          4.PAD to        4.PADDI reset
ROUTE       233     2.451        4.PADDI to     R7C11C.LSR reset_c (to clk_c)
                  --------
                    3.583   (31.6% logic, 68.4% route), 1 logic levels.

Unconstrained Preference:
   INPUT_SETUP PORT "reset" CLKPORT "clk" 

Report:    3.857ns delay reset to probe/SLICE_361 (3.583ns delay and 0.274ns setup)

   Name    Fanout   Delay (ns)          Site               Resource
PADI_DEL    ---     1.132          4.PAD to        4.PADDI reset
ROUTE       233     2.451        4.PADDI to     R5C15C.LSR reset_c (to clk_c)
                  --------
                    3.583   (31.6% logic, 68.4% route), 1 logic levels.

Unconstrained Preference:
   INPUT_SETUP PORT "reset" CLKPORT "clk" 

Report:    3.857ns delay reset to probe/SLICE_362 (3.583ns delay and 0.274ns setup)

   Name    Fanout   Delay (ns)          Site               Resource
PADI_DEL    ---     1.132          4.PAD to        4.PADDI reset
ROUTE       233     2.451        4.PADDI to     R4C15D.LSR reset_c (to clk_c)
                  --------
                    3.583   (31.6% logic, 68.4% route), 1 logic levels.

Unconstrained Preference:
   INPUT_SETUP PORT "reset" CLKPORT "clk" 

Report:    3.857ns delay reset to probe/SLICE_367 (3.583ns delay and 0.274ns setup)

   Name    Fanout   Delay (ns)          Site               Resource
PADI_DEL    ---     1.132          4.PAD to        4.PADDI reset
ROUTE       233     2.451        4.PADDI to      R5C8B.LSR reset_c (to clk_c)
                  --------
                    3.583   (31.6% logic, 68.4% route), 1 logic levels.

Unconstrained Preference:
   INPUT_SETUP PORT "reset" CLKPORT "clk" 

Report:    3.857ns delay reset to probe/system/core/engine/seq/SLICE_22 (3.583ns delay and 0.274ns setup)

   Name    Fanout   Delay (ns)          Site               Resource
PADI_DEL    ---     1.132          4.PAD to        4.PADDI reset
ROUTE       233     2.451        4.PADDI to      R5C3B.LSR reset_c (to clk_c)
                  --------
                    3.583   (31.6% logic, 68.4% route), 1 logic levels.

Unconstrained Preference:
   INPUT_SETUP PORT "reset" CLKPORT "clk" 

Report:    3.857ns delay reset to probe/SLICE_371 (3.583ns delay and 0.274ns setup)

   Name    Fanout   Delay (ns)          Site               Resource
PADI_DEL    ---     1.132          4.PAD to        4.PADDI reset
ROUTE       233     2.451        4.PADDI to      R4C8A.LSR reset_c (to clk_c)
                  --------
                    3.583   (31.6% logic, 68.4% route), 1 logic levels.

Unconstrained Preference:
   INPUT_SETUP PORT "reset" CLKPORT "clk" 

Report:    3.857ns delay reset to probe/SLICE_368 (3.583ns delay and 0.274ns setup)

   Name    Fanout   Delay (ns)          Site               Resource
PADI_DEL    ---     1.132          4.PAD to        4.PADDI reset
ROUTE       233     2.451        4.PADDI to      R4C8B.LSR reset_c (to clk_c)
                  --------
                    3.583   (31.6% logic, 68.4% route), 1 logic levels.

Unconstrained Preference:
   INPUT_SETUP PORT "reset" CLKPORT "clk" 

Report:    3.857ns delay reset to probe/system/core/engine/SLICE_336 (3.583ns delay and 0.274ns setup)

   Name    Fanout   Delay (ns)          Site               Resource
PADI_DEL    ---     1.132          4.PAD to        4.PADDI reset
ROUTE       233     2.451        4.PADDI to      R8C6D.LSR reset_c (to clk_c)
                  --------
                    3.583   (31.6% logic, 68.4% route), 1 logic levels.

Unconstrained Preference:
   INPUT_SETUP PORT "reset" CLKPORT "clk" 

Report:    3.857ns delay reset to probe/system/sequential.memory/transport/SLICE_57 (3.583ns delay and 0.274ns setup)

   Name    Fanout   Delay (ns)          Site               Resource
PADI_DEL    ---     1.132          4.PAD to        4.PADDI reset
ROUTE       233     2.451        4.PADDI to    R10C15A.LSR reset_c (to clk_c)
                  --------
                    3.583   (31.6% logic, 68.4% route), 1 logic levels.

Unconstrained Preference:
   INPUT_SETUP PORT "reset" CLKPORT "clk" 

Report:    3.857ns delay reset to probe/system/core/engine/seq/SLICE_18 (3.583ns delay and 0.274ns setup)

   Name    Fanout   Delay (ns)          Site               Resource
PADI_DEL    ---     1.132          4.PAD to        4.PADDI reset
ROUTE       233     2.451        4.PADDI to      R5C4B.LSR reset_c (to clk_c)
                  --------
                    3.583   (31.6% logic, 68.4% route), 1 logic levels.

Unconstrained Preference:
   INPUT_SETUP PORT "reset" CLKPORT "clk" 

Report:    3.857ns delay reset to probe/system/sequential.memory/SLICE_11 (3.583ns delay and 0.274ns setup)

   Name    Fanout   Delay (ns)          Site               Resource
PADI_DEL    ---     1.132          4.PAD to        4.PADDI reset
ROUTE       233     2.451        4.PADDI to     R7C17D.LSR reset_c (to clk_c)
                  --------
                    3.583   (31.6% logic, 68.4% route), 1 logic levels.

Unconstrained Preference:
   INPUT_SETUP PORT "reset" CLKPORT "clk" 

Report:    3.857ns delay reset to probe/system/sequential.memory/SLICE_15 (3.583ns delay and 0.274ns setup)

   Name    Fanout   Delay (ns)          Site               Resource
PADI_DEL    ---     1.132          4.PAD to        4.PADDI reset
ROUTE       233     2.451        4.PADDI to     R7C16D.LSR reset_c (to clk_c)
                  --------
                    3.583   (31.6% logic, 68.4% route), 1 logic levels.

Unconstrained Preference:
   INPUT_SETUP PORT "reset" CLKPORT "clk" 

Report:    3.857ns delay reset to probe/system/core/engine/seq/SLICE_19 (3.583ns delay and 0.274ns setup)

   Name    Fanout   Delay (ns)          Site               Resource
PADI_DEL    ---     1.132          4.PAD to        4.PADDI reset
ROUTE       233     2.451        4.PADDI to      R5C4A.LSR reset_c (to clk_c)
                  --------
                    3.583   (31.6% logic, 68.4% route), 1 logic levels.

Unconstrained Preference:
   INPUT_SETUP PORT "reset" CLKPORT "clk" 

Report:    3.857ns delay reset to probe/system/SLICE_34 (3.583ns delay and 0.274ns setup)

   Name    Fanout   Delay (ns)          Site               Resource
PADI_DEL    ---     1.132          4.PAD to        4.PADDI reset
ROUTE       233     2.451        4.PADDI to    R10C11A.LSR reset_c (to clk_c)
                  --------
                    3.583   (31.6% logic, 68.4% route), 1 logic levels.

Unconstrained Preference:
   INPUT_SETUP PORT "reset" CLKPORT "clk" 

Report:    3.857ns delay reset to probe/system/SLICE_40 (3.583ns delay and 0.274ns setup)

   Name    Fanout   Delay (ns)          Site               Resource
PADI_DEL    ---     1.132          4.PAD to        4.PADDI reset
ROUTE       233     2.451        4.PADDI to     R8C16A.LSR reset_c (to clk_c)
                  --------
                    3.583   (31.6% logic, 68.4% route), 1 logic levels.

Unconstrained Preference:
   INPUT_SETUP PORT "reset" CLKPORT "clk" 

Report:    3.857ns delay reset to probe/system/SLICE_56 (3.583ns delay and 0.274ns setup)

   Name    Fanout   Delay (ns)          Site               Resource
PADI_DEL    ---     1.132          4.PAD to        4.PADDI reset
ROUTE       233     2.451        4.PADDI to     R7C12B.LSR reset_c (to clk_c)
                  --------
                    3.583   (31.6% logic, 68.4% route), 1 logic levels.

Unconstrained Preference:
   INPUT_SETUP PORT "reset" CLKPORT "clk" 

Report:    3.857ns delay reset to probe/system/SLICE_60 (3.583ns delay and 0.274ns setup)

   Name    Fanout   Delay (ns)          Site               Resource
PADI_DEL    ---     1.132          4.PAD to        4.PADDI reset
ROUTE       233     2.451        4.PADDI to      R8C8C.LSR reset_c (to clk_c)
                  --------
                    3.583   (31.6% logic, 68.4% route), 1 logic levels.

Unconstrained Preference:
   INPUT_SETUP PORT "reset" CLKPORT "clk" 

Report:    3.857ns delay reset to probe/system/SLICE_64 (3.583ns delay and 0.274ns setup)

   Name    Fanout   Delay (ns)          Site               Resource
PADI_DEL    ---     1.132          4.PAD to        4.PADDI reset
ROUTE       233     2.451        4.PADDI to     R7C10D.LSR reset_c (to clk_c)
                  --------
                    3.583   (31.6% logic, 68.4% route), 1 logic levels.

Unconstrained Preference:
   INPUT_SETUP PORT "reset" CLKPORT "clk" 

Report:    3.857ns delay reset to probe/SLICE_76 (3.583ns delay and 0.274ns setup)

   Name    Fanout   Delay (ns)          Site               Resource
PADI_DEL    ---     1.132          4.PAD to        4.PADDI reset
ROUTE       233     2.451        4.PADDI to      R5C9D.LSR reset_c (to clk_c)
                  --------
                    3.583   (31.6% logic, 68.4% route), 1 logic levels.

Unconstrained Preference:
   INPUT_SETUP PORT "reset" CLKPORT "clk" 

Report:    3.857ns delay reset to probe/SLICE_77 (3.583ns delay and 0.274ns setup)

   Name    Fanout   Delay (ns)          Site               Resource
PADI_DEL    ---     1.132          4.PAD to        4.PADDI reset
ROUTE       233     2.451        4.PADDI to     R3C12B.LSR reset_c (to clk_c)
                  --------
                    3.583   (31.6% logic, 68.4% route), 1 logic levels.

Unconstrained Preference:
   INPUT_SETUP PORT "reset" CLKPORT "clk" 

Report:    3.857ns delay reset to probe/system/SLICE_46 (3.583ns delay and 0.274ns setup)

   Name    Fanout   Delay (ns)          Site               Resource
PADI_DEL    ---     1.132          4.PAD to        4.PADDI reset
ROUTE       233     2.451        4.PADDI to     R7C15A.LSR reset_c (to clk_c)
                  --------
                    3.583   (31.6% logic, 68.4% route), 1 logic levels.

Unconstrained Preference:
   INPUT_SETUP PORT "reset" CLKPORT "clk" 

Report:    3.857ns delay reset to probe/SLICE_80 (3.583ns delay and 0.274ns setup)

   Name    Fanout   Delay (ns)          Site               Resource
PADI_DEL    ---     1.132          4.PAD to        4.PADDI reset
ROUTE       233     2.451        4.PADDI to     R4C14C.LSR reset_c (to clk_c)
                  --------
                    3.583   (31.6% logic, 68.4% route), 1 logic levels.

Unconstrained Preference:
   INPUT_SETUP PORT "reset" CLKPORT "clk" 

Report:    3.857ns delay reset to probe/SLICE_144 (3.583ns delay and 0.274ns setup)

   Name    Fanout   Delay (ns)          Site               Resource
PADI_DEL    ---     1.132          4.PAD to        4.PADDI reset
ROUTE       233     2.451        4.PADDI to    R10C10D.LSR reset_c (to clk_c)
                  --------
                    3.583   (31.6% logic, 68.4% route), 1 logic levels.

Unconstrained Preference:
   INPUT_SETUP PORT "reset" CLKPORT "clk" 

Report:    3.857ns delay reset to probe/system/core/engine/SLICE_166 (3.583ns delay and 0.274ns setup)

   Name    Fanout   Delay (ns)          Site               Resource
PADI_DEL    ---     1.132          4.PAD to        4.PADDI reset
ROUTE       233     2.451        4.PADDI to     R2C11C.LSR reset_c (to clk_c)
                  --------
                    3.583   (31.6% logic, 68.4% route), 1 logic levels.

Unconstrained Preference:
   INPUT_SETUP PORT "reset" CLKPORT "clk" 

Report:    3.857ns delay reset to probe/SLICE_405 (3.583ns delay and 0.274ns setup)

   Name    Fanout   Delay (ns)          Site               Resource
PADI_DEL    ---     1.132          4.PAD to        4.PADDI reset
ROUTE       233     2.451        4.PADDI to      R7C7C.LSR reset_c (to clk_c)
                  --------
                    3.583   (31.6% logic, 68.4% route), 1 logic levels.

Unconstrained Preference:
   INPUT_SETUP PORT "reset" CLKPORT "clk" 

Report:    3.857ns delay reset to probe/SLICE_413 (3.583ns delay and 0.274ns setup)

   Name    Fanout   Delay (ns)          Site               Resource
PADI_DEL    ---     1.132          4.PAD to        4.PADDI reset
ROUTE       233     2.451        4.PADDI to      R8C7C.LSR reset_c (to clk_c)
                  --------
                    3.583   (31.6% logic, 68.4% route), 1 logic levels.

Unconstrained Preference:
   INPUT_SETUP PORT "reset" CLKPORT "clk" 

Report:    3.857ns delay reset to probe/SLICE_406 (3.583ns delay and 0.274ns setup)

   Name    Fanout   Delay (ns)          Site               Resource
PADI_DEL    ---     1.132          4.PAD to        4.PADDI reset
ROUTE       233     2.451        4.PADDI to      R8C7D.LSR reset_c (to clk_c)
                  --------
                    3.583   (31.6% logic, 68.4% route), 1 logic levels.

Unconstrained Preference:
   INPUT_SETUP PORT "reset" CLKPORT "clk" 

Report:    3.857ns delay reset to probe/SLICE_410 (3.583ns delay and 0.274ns setup)

   Name    Fanout   Delay (ns)          Site               Resource
PADI_DEL    ---     1.132          4.PAD to        4.PADDI reset
ROUTE       233     2.451        4.PADDI to     R8C10C.LSR reset_c (to clk_c)
                  --------
                    3.583   (31.6% logic, 68.4% route), 1 logic levels.

Unconstrained Preference:
   INPUT_SETUP PORT "reset" CLKPORT "clk" 

Report:    3.857ns delay reset to probe/SLICE_414 (3.583ns delay and 0.274ns setup)

   Name    Fanout   Delay (ns)          Site               Resource
PADI_DEL    ---     1.132          4.PAD to        4.PADDI reset
ROUTE       233     2.451        4.PADDI to      R7C8B.LSR reset_c (to clk_c)
                  --------
                    3.583   (31.6% logic, 68.4% route), 1 logic levels.

Unconstrained Preference:
   INPUT_SETUP PORT "reset" CLKPORT "clk" 

Report:    3.857ns delay reset to probe/SLICE_418 (3.583ns delay and 0.274ns setup)

   Name    Fanout   Delay (ns)          Site               Resource
PADI_DEL    ---     1.132          4.PAD to        4.PADDI reset
ROUTE       233     2.451        4.PADDI to     R9C11B.LSR reset_c (to clk_c)
                  --------
                    3.583   (31.6% logic, 68.4% route), 1 logic levels.

Unconstrained Preference:
   INPUT_SETUP PORT "reset" CLKPORT "clk" 

Report:    3.857ns delay reset to probe/SLICE_425 (3.583ns delay and 0.274ns setup)

   Name    Fanout   Delay (ns)          Site               Resource
PADI_DEL    ---     1.132          4.PAD to        4.PADDI reset
ROUTE       233     2.451        4.PADDI to      R7C8D.LSR reset_c (to clk_c)
                  --------
                    3.583   (31.6% logic, 68.4% route), 1 logic levels.

Unconstrained Preference:
   INPUT_SETUP PORT "reset" CLKPORT "clk" 

Report:    3.857ns delay reset to probe/SLICE_417 (3.583ns delay and 0.274ns setup)

   Name    Fanout   Delay (ns)          Site               Resource
PADI_DEL    ---     1.132          4.PAD to        4.PADDI reset
ROUTE       233     2.451        4.PADDI to     R5C10D.LSR reset_c (to clk_c)
                  --------
                    3.583   (31.6% logic, 68.4% route), 1 logic levels.

Unconstrained Preference:
   INPUT_SETUP PORT "reset" CLKPORT "clk" 

Report:    3.857ns delay reset to probe/SLICE_448 (3.583ns delay and 0.274ns setup)

   Name    Fanout   Delay (ns)          Site               Resource
PADI_DEL    ---     1.132          4.PAD to        4.PADDI reset
ROUTE       233     2.451        4.PADDI to      R8C8D.LSR reset_c (to clk_c)
                  --------
                    3.583   (31.6% logic, 68.4% route), 1 logic levels.

Unconstrained Preference:
   INPUT_SETUP PORT "reset" CLKPORT "clk" 

Report:    3.857ns delay reset to probe/SLICE_449 (3.583ns delay and 0.274ns setup)

   Name    Fanout   Delay (ns)          Site               Resource
PADI_DEL    ---     1.132          4.PAD to        4.PADDI reset
ROUTE       233     2.451        4.PADDI to      R2C9D.LSR reset_c (to clk_c)
                  --------
                    3.583   (31.6% logic, 68.4% route), 1 logic levels.

Unconstrained Preference:
   INPUT_SETUP PORT "reset" CLKPORT "clk" 

Report:    3.857ns delay reset to probe/system/SLICE_50 (3.583ns delay and 0.274ns setup)

   Name    Fanout   Delay (ns)          Site               Resource
PADI_DEL    ---     1.132          4.PAD to        4.PADDI reset
ROUTE       233     2.451        4.PADDI to     R8C14B.LSR reset_c (to clk_c)
                  --------
                    3.583   (31.6% logic, 68.4% route), 1 logic levels.

Unconstrained Preference:
   INPUT_SETUP PORT "reset" CLKPORT "clk" 

Report:    3.857ns delay reset to probe/system/SLICE_38 (3.583ns delay and 0.274ns setup)

   Name    Fanout   Delay (ns)          Site               Resource
PADI_DEL    ---     1.132          4.PAD to        4.PADDI reset
ROUTE       233     2.451        4.PADDI to      R8C9B.LSR reset_c (to clk_c)
                  --------
                    3.583   (31.6% logic, 68.4% route), 1 logic levels.

Unconstrained Preference:
   INPUT_SETUP PORT "reset" CLKPORT "clk" 

Report:    3.857ns delay reset to probe/system/SLICE_44 (3.583ns delay and 0.274ns setup)

   Name    Fanout   Delay (ns)          Site               Resource
PADI_DEL    ---     1.132          4.PAD to        4.PADDI reset
ROUTE       233     2.451        4.PADDI to     R8C15B.LSR reset_c (to clk_c)
                  --------
                    3.583   (31.6% logic, 68.4% route), 1 logic levels.

Unconstrained Preference:
   INPUT_SETUP PORT "reset" CLKPORT "clk" 

Report:    3.857ns delay reset to probe/SLICE_462 (3.583ns delay and 0.274ns setup)

   Name    Fanout   Delay (ns)          Site               Resource
PADI_DEL    ---     1.132          4.PAD to        4.PADDI reset
ROUTE       233     2.451        4.PADDI to     R4C15C.LSR reset_c (to clk_c)
                  --------
                    3.583   (31.6% logic, 68.4% route), 1 logic levels.

Unconstrained Preference:
   INPUT_SETUP PORT "reset" CLKPORT "clk" 

Report:    3.857ns delay reset to probe/SLICE_463 (3.583ns delay and 0.274ns setup)

   Name    Fanout   Delay (ns)          Site               Resource
PADI_DEL    ---     1.132          4.PAD to        4.PADDI reset
ROUTE       233     2.451        4.PADDI to     R4C13C.LSR reset_c (to clk_c)
                  --------
                    3.583   (31.6% logic, 68.4% route), 1 logic levels.

Unconstrained Preference:
   INPUT_SETUP PORT "reset" CLKPORT "clk" 

Report:    3.857ns delay reset to probe/SLICE_471 (3.583ns delay and 0.274ns setup)

   Name    Fanout   Delay (ns)          Site               Resource
PADI_DEL    ---     1.132          4.PAD to        4.PADDI reset
ROUTE       233     2.451        4.PADDI to     R9C11A.LSR reset_c (to clk_c)
                  --------
                    3.583   (31.6% logic, 68.4% route), 1 logic levels.

Unconstrained Preference:
   INPUT_SETUP PORT "reset" CLKPORT "clk" 

Report:    3.857ns delay reset to probe/SLICE_84 (3.583ns delay and 0.274ns setup)

   Name    Fanout   Delay (ns)          Site               Resource
PADI_DEL    ---     1.132          4.PAD to        4.PADDI reset
ROUTE       233     2.451        4.PADDI to     R8C12B.LSR reset_c (to clk_c)
                  --------
                    3.583   (31.6% logic, 68.4% route), 1 logic levels.

Unconstrained Preference:
   INPUT_SETUP PORT "reset" CLKPORT "clk" 

Report:    3.857ns delay reset to probe/system/core/engine/SLICE_197 (3.583ns delay and 0.274ns setup)

   Name    Fanout   Delay (ns)          Site               Resource
PADI_DEL    ---     1.132          4.PAD to        4.PADDI reset
ROUTE       233     2.451        4.PADDI to     R10C9C.LSR reset_c (to clk_c)
                  --------
                    3.583   (31.6% logic, 68.4% route), 1 logic levels.

Unconstrained Preference:
   INPUT_SETUP PORT "reset" CLKPORT "clk" 

Report:    3.857ns delay reset to probe/SLICE_470 (3.583ns delay and 0.274ns setup)

   Name    Fanout   Delay (ns)          Site               Resource
PADI_DEL    ---     1.132          4.PAD to        4.PADDI reset
ROUTE       233     2.451        4.PADDI to     R9C12A.LSR reset_c (to clk_c)
                  --------
                    3.583   (31.6% logic, 68.4% route), 1 logic levels.

Unconstrained Preference:
   INPUT_SETUP PORT "reset" CLKPORT "clk" 

Report:    3.857ns delay reset to probe/SLICE_474 (3.583ns delay and 0.274ns setup)

   Name    Fanout   Delay (ns)          Site               Resource
PADI_DEL    ---     1.132          4.PAD to        4.PADDI reset
ROUTE       233     2.451        4.PADDI to     R9C11C.LSR reset_c (to clk_c)
                  --------
                    3.583   (31.6% logic, 68.4% route), 1 logic levels.

Unconstrained Preference:
   INPUT_SETUP PORT "reset" CLKPORT "clk" 

Report:    3.857ns delay reset to probe/system/core/engine/SLICE_170 (3.583ns delay and 0.274ns setup)

   Name    Fanout   Delay (ns)          Site               Resource
PADI_DEL    ---     1.132          4.PAD to        4.PADDI reset
ROUTE       233     2.451        4.PADDI to     R4C13D.LSR reset_c (to clk_c)
                  --------
                    3.583   (31.6% logic, 68.4% route), 1 logic levels.

Unconstrained Preference:
   INPUT_SETUP PORT "reset" CLKPORT "clk" 

Report:    3.857ns delay reset to probe/SLICE_478 (3.583ns delay and 0.274ns setup)

   Name    Fanout   Delay (ns)          Site               Resource
PADI_DEL    ---     1.132          4.PAD to        4.PADDI reset
ROUTE       233     2.451        4.PADDI to     R5C11A.LSR reset_c (to clk_c)
                  --------
                    3.583   (31.6% logic, 68.4% route), 1 logic levels.

Unconstrained Preference:
   INPUT_SETUP PORT "reset" CLKPORT "clk" 

Report:    3.857ns delay reset to probe/SLICE_475 (3.583ns delay and 0.274ns setup)

   Name    Fanout   Delay (ns)          Site               Resource
PADI_DEL    ---     1.132          4.PAD to        4.PADDI reset
ROUTE       233     2.451        4.PADDI to     R5C10A.LSR reset_c (to clk_c)
                  --------
                    3.583   (31.6% logic, 68.4% route), 1 logic levels.

Unconstrained Preference:
   INPUT_SETUP PORT "reset" CLKPORT "clk" 

Report:    3.857ns delay reset to probe/SLICE_479 (3.583ns delay and 0.274ns setup)

   Name    Fanout   Delay (ns)          Site               Resource
PADI_DEL    ---     1.132          4.PAD to        4.PADDI reset
ROUTE       233     2.451        4.PADDI to     R3C10C.LSR reset_c (to clk_c)
                  --------
                    3.583   (31.6% logic, 68.4% route), 1 logic levels.

Unconstrained Preference:
   INPUT_SETUP PORT "reset" CLKPORT "clk" 

Report:    3.857ns delay reset to probe/system/core/engine/SLICE_174 (3.583ns delay and 0.274ns setup)

   Name    Fanout   Delay (ns)          Site               Resource
PADI_DEL    ---     1.132          4.PAD to        4.PADDI reset
ROUTE       233     2.451        4.PADDI to     R3C10A.LSR reset_c (to clk_c)
                  --------
                    3.583   (31.6% logic, 68.4% route), 1 logic levels.

Unconstrained Preference:
   INPUT_SETUP PORT "reset" CLKPORT "clk" 

Report:    3.857ns delay reset to probe/system/SLICE_52 (3.583ns delay and 0.274ns setup)

   Name    Fanout   Delay (ns)          Site               Resource
PADI_DEL    ---     1.132          4.PAD to        4.PADDI reset
ROUTE       233     2.451        4.PADDI to     R9C14A.LSR reset_c (to clk_c)
                  --------
                    3.583   (31.6% logic, 68.4% route), 1 logic levels.

Unconstrained Preference:
   INPUT_SETUP PORT "reset" CLKPORT "clk" 

Report:    3.857ns delay reset to probe/system/core/engine/SLICE_186 (3.583ns delay and 0.274ns setup)

   Name    Fanout   Delay (ns)          Site               Resource
PADI_DEL    ---     1.132          4.PAD to        4.PADDI reset
ROUTE       233     2.451        4.PADDI to      R8C6B.LSR reset_c (to clk_c)
                  --------
                    3.583   (31.6% logic, 68.4% route), 1 logic levels.

Unconstrained Preference:
   INPUT_SETUP PORT "reset" CLKPORT "clk" 

Report:    3.857ns delay reset to probe/system/core/engine/seq/SLICE_243 (3.583ns delay and 0.274ns setup)

   Name    Fanout   Delay (ns)          Site               Resource
PADI_DEL    ---     1.132          4.PAD to        4.PADDI reset
ROUTE       233     2.451        4.PADDI to      R5C5C.LSR reset_c (to clk_c)
                  --------
                    3.583   (31.6% logic, 68.4% route), 1 logic levels.

Unconstrained Preference:
   INPUT_SETUP PORT "reset" CLKPORT "clk" 

Report:    3.857ns delay reset to probe/system/core/engine/SLICE_335 (3.583ns delay and 0.274ns setup)

   Name    Fanout   Delay (ns)          Site               Resource
PADI_DEL    ---     1.132          4.PAD to        4.PADDI reset
ROUTE       233     2.451        4.PADDI to      R8C6C.LSR reset_c (to clk_c)
                  --------
                    3.583   (31.6% logic, 68.4% route), 1 logic levels.

Unconstrained Preference:
   INPUT_SETUP PORT "reset" CLKPORT "clk" 

Report:    3.857ns delay reset to probe/system/core/engine/SLICE_409 (3.583ns delay and 0.274ns setup)

   Name    Fanout   Delay (ns)          Site               Resource
PADI_DEL    ---     1.132          4.PAD to        4.PADDI reset
ROUTE       233     2.451        4.PADDI to     R7C10C.LSR reset_c (to clk_c)
                  --------
                    3.583   (31.6% logic, 68.4% route), 1 logic levels.

Unconstrained Preference:
   INPUT_SETUP PORT "reset" CLKPORT "clk" 

Report:    3.857ns delay reset to probe/system/core/engine/SLICE_423 (3.583ns delay and 0.274ns setup)

   Name    Fanout   Delay (ns)          Site               Resource
PADI_DEL    ---     1.132          4.PAD to        4.PADDI reset
ROUTE       233     2.451        4.PADDI to      R9C7D.LSR reset_c (to clk_c)
                  --------
                    3.583   (31.6% logic, 68.4% route), 1 logic levels.

Unconstrained Preference:
   INPUT_SETUP PORT "reset" CLKPORT "clk" 

Report:    3.857ns delay reset to probe/SLICE_482 (3.583ns delay and 0.274ns setup)

   Name    Fanout   Delay (ns)          Site               Resource
PADI_DEL    ---     1.132          4.PAD to        4.PADDI reset
ROUTE       233     2.451        4.PADDI to     R7C14A.LSR reset_c (to clk_c)
                  --------
                    3.583   (31.6% logic, 68.4% route), 1 logic levels.

Unconstrained Preference:
   INPUT_SETUP PORT "reset" CLKPORT "clk" 

Report:    3.857ns delay reset to probe/system/sequential.memory/transport/SLICE_187 (3.583ns delay and 0.274ns setup)

   Name    Fanout   Delay (ns)          Site               Resource
PADI_DEL    ---     1.132          4.PAD to        4.PADDI reset
ROUTE       233     2.451        4.PADDI to     R7C19B.LSR reset_c (to clk_c)
                  --------
                    3.583   (31.6% logic, 68.4% route), 1 logic levels.

Unconstrained Preference:
   INPUT_SETUP PORT "reset" CLKPORT "clk" 

Report:    3.857ns delay reset to probe/SLICE_372 (3.583ns delay and 0.274ns setup)

   Name    Fanout   Delay (ns)          Site               Resource
PADI_DEL    ---     1.132          4.PAD to        4.PADDI reset
ROUTE       233     2.451        4.PADDI to      R4C8C.LSR reset_c (to clk_c)
                  --------
                    3.583   (31.6% logic, 68.4% route), 1 logic levels.

Unconstrained Preference:
   INPUT_SETUP PORT "reset" CLKPORT "clk" 

Report:    3.857ns delay reset to probe/system/core/engine/dp/SLICE_184 (3.583ns delay and 0.274ns setup)

   Name    Fanout   Delay (ns)          Site               Resource
PADI_DEL    ---     1.132          4.PAD to        4.PADDI reset
ROUTE       233     2.451        4.PADDI to     R3C12A.LSR reset_c (to clk_c)
                  --------
                    3.583   (31.6% logic, 68.4% route), 1 logic levels.

Unconstrained Preference:
   INPUT_SETUP PORT "reset" CLKPORT "clk" 

Report:    3.857ns delay reset to probe/SLICE_415 (3.583ns delay and 0.274ns setup)

   Name    Fanout   Delay (ns)          Site               Resource
PADI_DEL    ---     1.132          4.PAD to        4.PADDI reset
ROUTE       233     2.451        4.PADDI to      R4C9D.LSR reset_c (to clk_c)
                  --------
                    3.583   (31.6% logic, 68.4% route), 1 logic levels.

Unconstrained Preference:
   INPUT_SETUP PORT "reset" CLKPORT "clk" 

Report:    3.857ns delay reset to probe/SLICE_419 (3.583ns delay and 0.274ns setup)

   Name    Fanout   Delay (ns)          Site               Resource
PADI_DEL    ---     1.132          4.PAD to        4.PADDI reset
ROUTE       233     2.451        4.PADDI to     R9C10B.LSR reset_c (to clk_c)
                  --------
                    3.583   (31.6% logic, 68.4% route), 1 logic levels.

Unconstrained Preference:
   INPUT_SETUP PORT "reset" CLKPORT "clk" 

Report:    3.857ns delay reset to probe/SLICE_359 (3.583ns delay and 0.274ns setup)

   Name    Fanout   Delay (ns)          Site               Resource
PADI_DEL    ---     1.132          4.PAD to        4.PADDI reset
ROUTE       233     2.451        4.PADDI to      R5C8A.LSR reset_c (to clk_c)
                  --------
                    3.583   (31.6% logic, 68.4% route), 1 logic levels.

Unconstrained Preference:
   INPUT_SETUP PORT "reset" CLKPORT "clk" 

Report:    3.857ns delay reset to probe/SLICE_365 (3.583ns delay and 0.274ns setup)

   Name    Fanout   Delay (ns)          Site               Resource
PADI_DEL    ---     1.132          4.PAD to        4.PADDI reset
ROUTE       233     2.451        4.PADDI to     R2C12C.LSR reset_c (to clk_c)
                  --------
                    3.583   (31.6% logic, 68.4% route), 1 logic levels.

Unconstrained Preference:
   INPUT_SETUP PORT "reset" CLKPORT "clk" 

Report:    3.857ns delay reset to probe/SLICE_369 (3.583ns delay and 0.274ns setup)

   Name    Fanout   Delay (ns)          Site               Resource
PADI_DEL    ---     1.132          4.PAD to        4.PADDI reset
ROUTE       233     2.451        4.PADDI to     R4C10C.LSR reset_c (to clk_c)
                  --------
                    3.583   (31.6% logic, 68.4% route), 1 logic levels.

Unconstrained Preference:
   INPUT_SETUP PORT "reset" CLKPORT "clk" 

Report:    3.857ns delay reset to probe/system/SLICE_225 (3.583ns delay and 0.274ns setup)

   Name    Fanout   Delay (ns)          Site               Resource
PADI_DEL    ---     1.132          4.PAD to        4.PADDI reset
ROUTE       233     2.451        4.PADDI to      R9C8D.LSR reset_c (to clk_c)
                  --------
                    3.583   (31.6% logic, 68.4% route), 1 logic levels.

Unconstrained Preference:
   INPUT_SETUP PORT "reset" CLKPORT "clk" 

Report:    3.857ns delay reset to probe/system/sequential.memory/transport/SLICE_229 (3.583ns delay and 0.274ns setup)

   Name    Fanout   Delay (ns)          Site               Resource
PADI_DEL    ---     1.132          4.PAD to        4.PADDI reset
ROUTE       233     2.451        4.PADDI to    R10C10C.LSR reset_c (to clk_c)
                  --------
                    3.583   (31.6% logic, 68.4% route), 1 logic levels.

Unconstrained Preference:
   INPUT_SETUP PORT "reset" CLKPORT "clk" 

Report:    3.857ns delay reset to probe/SLICE_407 (3.583ns delay and 0.274ns setup)

   Name    Fanout   Delay (ns)          Site               Resource
PADI_DEL    ---     1.132          4.PAD to        4.PADDI reset
ROUTE       233     2.451        4.PADDI to      R8C7B.LSR reset_c (to clk_c)
                  --------
                    3.583   (31.6% logic, 68.4% route), 1 logic levels.

Unconstrained Preference:
   INPUT_SETUP PORT "reset" CLKPORT "clk" 

Report:    3.857ns delay reset to probe/SLICE_446 (3.583ns delay and 0.274ns setup)

   Name    Fanout   Delay (ns)          Site               Resource
PADI_DEL    ---     1.132          4.PAD to        4.PADDI reset
ROUTE       233     2.451        4.PADDI to     R2C10C.LSR reset_c (to clk_c)
                  --------
                    3.583   (31.6% logic, 68.4% route), 1 logic levels.

Unconstrained Preference:
   INPUT_SETUP PORT "reset" CLKPORT "clk" 

Report:    3.857ns delay reset to probe/SLICE_292 (3.583ns delay and 0.274ns setup)

   Name    Fanout   Delay (ns)          Site               Resource
PADI_DEL    ---     1.132          4.PAD to        4.PADDI reset
ROUTE       233     2.451        4.PADDI to     R7C11A.LSR reset_c (to clk_c)
                  --------
                    3.583   (31.6% logic, 68.4% route), 1 logic levels.

Unconstrained Preference:
   INPUT_SETUP PORT "reset" CLKPORT "clk" 

Report:    3.857ns delay reset to probe/SLICE_304 (3.583ns delay and 0.274ns setup)

   Name    Fanout   Delay (ns)          Site               Resource
PADI_DEL    ---     1.132          4.PAD to        4.PADDI reset
ROUTE       233     2.451        4.PADDI to     R4C13A.LSR reset_c (to clk_c)
                  --------
                    3.583   (31.6% logic, 68.4% route), 1 logic levels.

Unconstrained Preference:
   INPUT_SETUP PORT "reset" CLKPORT "clk" 

Report:    3.857ns delay reset to probe/SLICE_373 (3.583ns delay and 0.274ns setup)

   Name    Fanout   Delay (ns)          Site               Resource
PADI_DEL    ---     1.132          4.PAD to        4.PADDI reset
ROUTE       233     2.451        4.PADDI to     R4C12C.LSR reset_c (to clk_c)
                  --------
                    3.583   (31.6% logic, 68.4% route), 1 logic levels.

Unconstrained Preference:
   INPUT_SETUP PORT "reset" CLKPORT "clk" 

Report:    3.857ns delay reset to probe/SLICE_460 (3.583ns delay and 0.274ns setup)

   Name    Fanout   Delay (ns)          Site               Resource
PADI_DEL    ---     1.132          4.PAD to        4.PADDI reset
ROUTE       233     2.451        4.PADDI to     R3C10D.LSR reset_c (to clk_c)
                  --------
                    3.583   (31.6% logic, 68.4% route), 1 logic levels.

Unconstrained Preference:
   INPUT_SETUP PORT "reset" CLKPORT "clk" 

Report:    3.857ns delay reset to probe/system/SLICE_47 (3.583ns delay and 0.274ns setup)

   Name    Fanout   Delay (ns)          Site               Resource
PADI_DEL    ---     1.132          4.PAD to        4.PADDI reset
ROUTE       233     2.451        4.PADDI to     R7C15B.LSR reset_c (to clk_c)
                  --------
                    3.583   (31.6% logic, 68.4% route), 1 logic levels.

Unconstrained Preference:
   INPUT_SETUP PORT "reset" CLKPORT "clk" 

Report:    3.857ns delay reset to probe/SLICE_308 (3.583ns delay and 0.274ns setup)

   Name    Fanout   Delay (ns)          Site               Resource
PADI_DEL    ---     1.132          4.PAD to        4.PADDI reset
ROUTE       233     2.451        4.PADDI to     R8C12A.LSR reset_c (to clk_c)
                  --------
                    3.583   (31.6% logic, 68.4% route), 1 logic levels.

Unconstrained Preference:
   INPUT_SETUP PORT "reset" CLKPORT "clk" 

Report:    3.857ns delay reset to probe/system/sequential.memory/SLICE_16 (3.583ns delay and 0.274ns setup)

   Name    Fanout   Delay (ns)          Site               Resource
PADI_DEL    ---     1.132          4.PAD to        4.PADDI reset
ROUTE       233     2.451        4.PADDI to     R7C16C.LSR reset_c (to clk_c)
                  --------
                    3.583   (31.6% logic, 68.4% route), 1 logic levels.

Unconstrained Preference:
   INPUT_SETUP PORT "reset" CLKPORT "clk" 

Report:    3.857ns delay reset to probe/system/core/engine/seq/SLICE_20 (3.583ns delay and 0.274ns setup)

   Name    Fanout   Delay (ns)          Site               Resource
PADI_DEL    ---     1.132          4.PAD to        4.PADDI reset
ROUTE       233     2.451        4.PADDI to      R5C3D.LSR reset_c (to clk_c)
                  --------
                    3.583   (31.6% logic, 68.4% route), 1 logic levels.

Unconstrained Preference:
   INPUT_SETUP PORT "reset" CLKPORT "clk" 

Report:    3.857ns delay reset to probe/system/SLICE_62 (3.583ns delay and 0.274ns setup)

   Name    Fanout   Delay (ns)          Site               Resource
PADI_DEL    ---     1.132          4.PAD to        4.PADDI reset
ROUTE       233     2.451        4.PADDI to      R9C8B.LSR reset_c (to clk_c)
                  --------
                    3.583   (31.6% logic, 68.4% route), 1 logic levels.

Unconstrained Preference:
   INPUT_SETUP PORT "reset" CLKPORT "clk" 

Report:    3.857ns delay reset to probe/SLICE_347 (3.583ns delay and 0.274ns setup)

   Name    Fanout   Delay (ns)          Site               Resource
PADI_DEL    ---     1.132          4.PAD to        4.PADDI reset
ROUTE       233     2.451        4.PADDI to     R3C11C.LSR reset_c (to clk_c)
                  --------
                    3.583   (31.6% logic, 68.4% route), 1 logic levels.

Unconstrained Preference:
   INPUT_SETUP PORT "reset" CLKPORT "clk" 

Report:    3.857ns delay reset to probe/system/SLICE_35 (3.583ns delay and 0.274ns setup)

   Name    Fanout   Delay (ns)          Site               Resource
PADI_DEL    ---     1.132          4.PAD to        4.PADDI reset
ROUTE       233     2.451        4.PADDI to    R10C11B.LSR reset_c (to clk_c)
                  --------
                    3.583   (31.6% logic, 68.4% route), 1 logic levels.

Unconstrained Preference:
   INPUT_SETUP PORT "reset" CLKPORT "clk" 

Report:    3.857ns delay reset to probe/system/SLICE_53 (3.583ns delay and 0.274ns setup)

   Name    Fanout   Delay (ns)          Site               Resource
PADI_DEL    ---     1.132          4.PAD to        4.PADDI reset
ROUTE       233     2.451        4.PADDI to     R9C14B.LSR reset_c (to clk_c)
                  --------
                    3.583   (31.6% logic, 68.4% route), 1 logic levels.

Unconstrained Preference:
   INPUT_SETUP PORT "reset" CLKPORT "clk" 

Report:    3.857ns delay reset to probe/system/sequential.memory/transport/SLICE_74 (3.583ns delay and 0.274ns setup)

   Name    Fanout   Delay (ns)          Site               Resource
PADI_DEL    ---     1.132          4.PAD to        4.PADDI reset
ROUTE       233     2.451        4.PADDI to     R8C18B.LSR reset_c (to clk_c)
                  --------
                    3.583   (31.6% logic, 68.4% route), 1 logic levels.

Unconstrained Preference:
   INPUT_SETUP PORT "reset" CLKPORT "clk" 

Report:    3.857ns delay reset to probe/SLICE_411 (3.583ns delay and 0.274ns setup)

   Name    Fanout   Delay (ns)          Site               Resource
PADI_DEL    ---     1.132          4.PAD to        4.PADDI reset
ROUTE       233     2.451        4.PADDI to     R5C10B.LSR reset_c (to clk_c)
                  --------
                    3.583   (31.6% logic, 68.4% route), 1 logic levels.

Unconstrained Preference:
   INPUT_SETUP PORT "reset" CLKPORT "clk" 

Report:    3.857ns delay reset to probe/system/core/engine/dp/SLICE_180 (3.583ns delay and 0.274ns setup)

   Name    Fanout   Delay (ns)          Site               Resource
PADI_DEL    ---     1.132          4.PAD to        4.PADDI reset
ROUTE       233     2.451        4.PADDI to      R4C7D.LSR reset_c (to clk_c)
                  --------
                    3.583   (31.6% logic, 68.4% route), 1 logic levels.

Unconstrained Preference:
   INPUT_SETUP PORT "reset" CLKPORT "clk" 

Report:    3.857ns delay reset to probe/SLICE_343 (3.583ns delay and 0.274ns setup)

   Name    Fanout   Delay (ns)          Site               Resource
PADI_DEL    ---     1.132          4.PAD to        4.PADDI reset
ROUTE       233     2.451        4.PADDI to      R7C9C.LSR reset_c (to clk_c)
                  --------
                    3.583   (31.6% logic, 68.4% route), 1 logic levels.

Unconstrained Preference:
   INPUT_SETUP PORT "reset" CLKPORT "clk" 

Report:    3.857ns delay reset to probe/SLICE_351 (3.583ns delay and 0.274ns setup)

   Name    Fanout   Delay (ns)          Site               Resource
PADI_DEL    ---     1.132          4.PAD to        4.PADDI reset
ROUTE       233     2.451        4.PADDI to     R5C11B.LSR reset_c (to clk_c)
                  --------
                    3.583   (31.6% logic, 68.4% route), 1 logic levels.

Unconstrained Preference:
   INPUT_SETUP PORT "reset" CLKPORT "clk" 

Report:    3.857ns delay reset to probe/SLICE_355 (3.583ns delay and 0.274ns setup)

   Name    Fanout   Delay (ns)          Site               Resource
PADI_DEL    ---     1.132          4.PAD to        4.PADDI reset
ROUTE       233     2.451        4.PADDI to     R5C13D.LSR reset_c (to clk_c)
                  --------
                    3.583   (31.6% logic, 68.4% route), 1 logic levels.

Unconstrained Preference:
   INPUT_SETUP PORT "reset" CLKPORT "clk" 

Report:    3.857ns delay reset to probe/SLICE_86 (3.583ns delay and 0.274ns setup)

   Name    Fanout   Delay (ns)          Site               Resource
PADI_DEL    ---     1.132          4.PAD to        4.PADDI reset
ROUTE       233     2.451        4.PADDI to     R9C13B.LSR reset_c (to clk_c)
                  --------
                    3.583   (31.6% logic, 68.4% route), 1 logic levels.

Unconstrained Preference:
   INPUT_SETUP PORT "reset" CLKPORT "clk" 

Report:    3.857ns delay reset to probe/system/core/engine/seq/SLICE_199 (3.583ns delay and 0.274ns setup)

   Name    Fanout   Delay (ns)          Site               Resource
PADI_DEL    ---     1.132          4.PAD to        4.PADDI reset
ROUTE       233     2.451        4.PADDI to      R9C7A.LSR reset_c (to clk_c)
                  --------
                    3.583   (31.6% logic, 68.4% route), 1 logic levels.

Unconstrained Preference:
   INPUT_SETUP PORT "reset" CLKPORT "clk" 

Report:    3.857ns delay reset to probe/system/core/engine/SLICE_300 (3.583ns delay and 0.274ns setup)

   Name    Fanout   Delay (ns)          Site               Resource
PADI_DEL    ---     1.132          4.PAD to        4.PADDI reset
ROUTE       233     2.451        4.PADDI to     R7C10A.LSR reset_c (to clk_c)
                  --------
                    3.583   (31.6% logic, 68.4% route), 1 logic levels.

Unconstrained Preference:
   INPUT_SETUP PORT "reset" CLKPORT "clk" 

Report:    3.857ns delay reset to probe/SLICE_468 (3.583ns delay and 0.274ns setup)

   Name    Fanout   Delay (ns)          Site               Resource
PADI_DEL    ---     1.132          4.PAD to        4.PADDI reset
ROUTE       233     2.451        4.PADDI to      R7C7D.LSR reset_c (to clk_c)
                  --------
                    3.583   (31.6% logic, 68.4% route), 1 logic levels.

Unconstrained Preference:
   INPUT_SETUP PORT "reset" CLKPORT "clk" 

Report:    3.857ns delay reset to probe/SLICE_476 (3.583ns delay and 0.274ns setup)

   Name    Fanout   Delay (ns)          Site               Resource
PADI_DEL    ---     1.132          4.PAD to        4.PADDI reset
ROUTE       233     2.451        4.PADDI to     R5C10C.LSR reset_c (to clk_c)
                  --------
                    3.583   (31.6% logic, 68.4% route), 1 logic levels.

Unconstrained Preference:
   INPUT_SETUP PORT "reset" CLKPORT "clk" 

Report:    3.857ns delay reset to probe/system/core/engine/SLICE_172 (3.583ns delay and 0.274ns setup)

   Name    Fanout   Delay (ns)          Site               Resource
PADI_DEL    ---     1.132          4.PAD to        4.PADDI reset
ROUTE       233     2.451        4.PADDI to     R4C16A.LSR reset_c (to clk_c)
                  --------
                    3.583   (31.6% logic, 68.4% route), 1 logic levels.

Unconstrained Preference:
   INPUT_SETUP PORT "reset" CLKPORT "clk" 

Report:    3.857ns delay reset to probe/system/sequential.memory/SLICE_12 (3.583ns delay and 0.274ns setup)

   Name    Fanout   Delay (ns)          Site               Resource
PADI_DEL    ---     1.132          4.PAD to        4.PADDI reset
ROUTE       233     2.451        4.PADDI to     R7C17C.LSR reset_c (to clk_c)
                  --------
                    3.583   (31.6% logic, 68.4% route), 1 logic levels.

Unconstrained Preference:
   INPUT_SETUP PORT "reset" CLKPORT "clk" 

Report:    3.857ns delay reset to probe/system/core/engine/dp/SLICE_176 (3.583ns delay and 0.274ns setup)

   Name    Fanout   Delay (ns)          Site               Resource
PADI_DEL    ---     1.132          4.PAD to        4.PADDI reset
ROUTE       233     2.451        4.PADDI to      R3C7D.LSR reset_c (to clk_c)
                  --------
                    3.583   (31.6% logic, 68.4% route), 1 logic levels.

Unconstrained Preference:
   INPUT_SETUP PORT "reset" CLKPORT "clk" 

Report:    3.857ns delay reset to probe/system/core/engine/seq/SLICE_237 (3.583ns delay and 0.274ns setup)

   Name    Fanout   Delay (ns)          Site               Resource
PADI_DEL    ---     1.132          4.PAD to        4.PADDI reset
ROUTE       233     2.451        4.PADDI to      R7C4B.LSR reset_c (to clk_c)
                  --------
                    3.583   (31.6% logic, 68.4% route), 1 logic levels.

Unconstrained Preference:
   INPUT_SETUP PORT "reset" CLKPORT "clk" 

Report:    3.857ns delay reset to probe/SLICE_480 (3.583ns delay and 0.274ns setup)

   Name    Fanout   Delay (ns)          Site               Resource
PADI_DEL    ---     1.132          4.PAD to        4.PADDI reset
ROUTE       233     2.451        4.PADDI to      R8C8B.LSR reset_c (to clk_c)
                  --------
                    3.583   (31.6% logic, 68.4% route), 1 logic levels.

Unconstrained Preference:
   INPUT_SETUP PORT "reset" CLKPORT "clk" 

Report:    3.857ns delay reset to probe/SLICE_78 (3.583ns delay and 0.274ns setup)

   Name    Fanout   Delay (ns)          Site               Resource
PADI_DEL    ---     1.132          4.PAD to        4.PADDI reset
ROUTE       233     2.451        4.PADDI to     R3C14B.LSR reset_c (to clk_c)
                  --------
                    3.583   (31.6% logic, 68.4% route), 1 logic levels.

Unconstrained Preference:
   INPUT_SETUP PORT "reset" CLKPORT "clk" 

Report:    3.857ns delay reset to probe/SLICE_82 (3.583ns delay and 0.274ns setup)

   Name    Fanout   Delay (ns)          Site               Resource
PADI_DEL    ---     1.132          4.PAD to        4.PADDI reset
ROUTE       233     2.451        4.PADDI to     R3C15D.LSR reset_c (to clk_c)
                  --------
                    3.583   (31.6% logic, 68.4% route), 1 logic levels.

Unconstrained Preference:
   INPUT_SETUP PORT "reset" CLKPORT "clk" 

Report:    3.857ns delay reset to probe/system/core/engine/seq/SLICE_241 (3.583ns delay and 0.274ns setup)

   Name    Fanout   Delay (ns)          Site               Resource
PADI_DEL    ---     1.132          4.PAD to        4.PADDI reset
ROUTE       233     2.451        4.PADDI to      R4C5C.LSR reset_c (to clk_c)
                  --------
                    3.583   (31.6% logic, 68.4% route), 1 logic levels.

Unconstrained Preference:
   INPUT_SETUP PORT "reset" CLKPORT "clk" 

Report:    3.857ns delay reset to probe/system/core/engine/status/SLICE_164 (3.583ns delay and 0.274ns setup)

   Name    Fanout   Delay (ns)          Site               Resource
PADI_DEL    ---     1.132          4.PAD to        4.PADDI reset
ROUTE       233     2.451        4.PADDI to      R5C7D.LSR reset_c (to clk_c)
                  --------
                    3.583   (31.6% logic, 68.4% route), 1 logic levels.

Unconstrained Preference:
   INPUT_SETUP PORT "reset" CLKPORT "clk" 

Report:    3.857ns delay reset to probe/SLICE_195 (3.583ns delay and 0.274ns setup)

   Name    Fanout   Delay (ns)          Site               Resource
PADI_DEL    ---     1.132          4.PAD to        4.PADDI reset
ROUTE       233     2.451        4.PADDI to     R7C12D.LSR reset_c (to clk_c)
                  --------
                    3.583   (31.6% logic, 68.4% route), 1 logic levels.

Unconstrained Preference:
   INPUT_SETUP PORT "reset" CLKPORT "clk" 

Report:    3.857ns delay reset to probe/system/sequential.memory/transport/SLICE_204 (3.583ns delay and 0.274ns setup)

   Name    Fanout   Delay (ns)          Site               Resource
PADI_DEL    ---     1.132          4.PAD to        4.PADDI reset
ROUTE       233     2.451        4.PADDI to     R7C19D.LSR reset_c (to clk_c)
                  --------
                    3.583   (31.6% logic, 68.4% route), 1 logic levels.

Unconstrained Preference:
   INPUT_SETUP PORT "reset" CLKPORT "clk" 

Report:    3.857ns delay reset to probe/system/core/engine/SLICE_168 (3.583ns delay and 0.274ns setup)

   Name    Fanout   Delay (ns)          Site               Resource
PADI_DEL    ---     1.132          4.PAD to        4.PADDI reset
ROUTE       233     2.451        4.PADDI to     R3C14D.LSR reset_c (to clk_c)
                  --------
                    3.583   (31.6% logic, 68.4% route), 1 logic levels.

Unconstrained Preference:
   INPUT_SETUP PORT "reset" CLKPORT "clk" 

Report:    3.857ns delay reset to probe/system/SLICE_41 (3.583ns delay and 0.274ns setup)

   Name    Fanout   Delay (ns)          Site               Resource
PADI_DEL    ---     1.132          4.PAD to        4.PADDI reset
ROUTE       233     2.451        4.PADDI to     R8C16B.LSR reset_c (to clk_c)
                  --------
                    3.583   (31.6% logic, 68.4% route), 1 logic levels.

Unconstrained Preference:
   INPUT_SETUP PORT "reset" CLKPORT "clk" 

Report:    3.857ns delay reset to probe/system/sequential.memory/transport/SLICE_208 (3.583ns delay and 0.274ns setup)

   Name    Fanout   Delay (ns)          Site               Resource
PADI_DEL    ---     1.132          4.PAD to        4.PADDI reset
ROUTE       233     2.451        4.PADDI to     R7C14C.LSR reset_c (to clk_c)
                  --------
                    3.583   (31.6% logic, 68.4% route), 1 logic levels.

Unconstrained Preference:
   INPUT_SETUP PORT "reset" CLKPORT "clk" 

Report:    3.857ns delay reset to probe/SLICE_472 (3.583ns delay and 0.274ns setup)

   Name    Fanout   Delay (ns)          Site               Resource
PADI_DEL    ---     1.132          4.PAD to        4.PADDI reset
ROUTE       233     2.451        4.PADDI to     R9C10A.LSR reset_c (to clk_c)
                  --------
                    3.583   (31.6% logic, 68.4% route), 1 logic levels.

Unconstrained Preference:
   INPUT_SETUP PORT "reset" CLKPORT "clk" 

Report:    3.857ns delay reset to probe/system/SLICE_58 (3.583ns delay and 0.274ns setup)

   Name    Fanout   Delay (ns)          Site               Resource
PADI_DEL    ---     1.132          4.PAD to        4.PADDI reset
ROUTE       233     2.451        4.PADDI to      R7C9D.LSR reset_c (to clk_c)
                  --------
                    3.583   (31.6% logic, 68.4% route), 1 logic levels.

Unconstrained Preference:
   INPUT_SETUP PORT "reset" CLKPORT "clk" 

Report:    3.805ns delay reset to serial_in_MGIOL (3.722ns delay and 0.083ns setup)

   Name    Fanout   Delay (ns)          Site               Resource
PADI_DEL    ---     1.132          4.PAD to        4.PADDI reset
ROUTE       233     2.590        4.PADDI to   IOL_T12C.LSR reset_c (to clk_c)
                  --------
                    3.722   (30.4% logic, 69.6% route), 1 logic levels.

Unconstrained Preference:
   INPUT_SETUP PORT "serial_in" CLKPORT "clk" 

Report:    2.292ns delay serial_in to serial_in_MGIOL (1.697ns delay and 0.595ns setup)

   Name    Fanout   Delay (ns)          Site               Resource
PADI_DEL    ---     1.132         28.PAD to       28.PADDI serial_in
ROUTE         1     0.565       28.PADDI to    IOL_T12C.DI serial_in_c (to clk_c)
                  --------
                    1.697   (66.7% logic, 33.3% route), 1 logic levels.


================================================================================
Preference: Unconstrained: CLOCK_TO_OUT
            174 unconstrained paths found
--------------------------------------------------------------------------------

Unconstrained Preference:
   CLOCK_TO_OUT PORT "serial_out" CLKPORT "clk" 

Report:   15.521ns delay probe/SLICE_83 to serial_out

   Name    Fanout   Delay (ns)          Site               Resource
REG_DEL     ---     0.452     R5C15B.CLK to      R5C15B.Q0 probe/SLICE_83 (from clk_c)
ROUTE         1     2.654      R5C15B.Q0 to      R8C12D.A1 probe/observe[17]
CTOF_DEL    ---     0.495      R8C12D.A1 to      R8C12D.F1 probe/SLICE_481
ROUTE         1     2.971      R8C12D.F1 to       R8C7C.B0 probe/serial_out_91
CTOF_DEL    ---     0.495       R8C7C.B0 to       R8C7C.F0 probe/SLICE_413
ROUTE         1     2.892       R8C7C.F0 to      R8C10C.B1 probe/serial_out_153
CTOF_DEL    ---     0.495      R8C10C.B1 to      R8C10C.F1 probe/SLICE_410
ROUTE         1     0.436      R8C10C.F1 to      R8C10C.C0 probe/serial_out_163
CTOF_DEL    ---     0.495      R8C10C.C0 to      R8C10C.F0 probe/SLICE_410
ROUTE         1     1.339      R8C10C.F0 to       11.PADDO serial_out_c
DOPAD_DEL   ---     2.797       11.PADDO to         11.PAD serial_out
                  --------
                   15.521   (33.7% logic, 66.3% route), 6 logic levels.

Unconstrained Preference:
   CLOCK_TO_OUT PORT "serial_out" CLKPORT "clk" 

Report:   14.581ns delay probe/SLICE_83 to serial_out

   Name    Fanout   Delay (ns)          Site               Resource
REG_DEL     ---     0.452     R5C15B.CLK to      R5C15B.Q1 probe/SLICE_83 (from clk_c)
ROUTE         1     1.714      R5C15B.Q1 to      R8C12D.C1 probe/observe[18]
CTOF_DEL    ---     0.495      R8C12D.C1 to      R8C12D.F1 probe/SLICE_481
ROUTE         1     2.971      R8C12D.F1 to       R8C7C.B0 probe/serial_out_91
CTOF_DEL    ---     0.495       R8C7C.B0 to       R8C7C.F0 probe/SLICE_413
ROUTE         1     2.892       R8C7C.F0 to      R8C10C.B1 probe/serial_out_153
CTOF_DEL    ---     0.495      R8C10C.B1 to      R8C10C.F1 probe/SLICE_410
ROUTE         1     0.436      R8C10C.F1 to      R8C10C.C0 probe/serial_out_163
CTOF_DEL    ---     0.495      R8C10C.C0 to      R8C10C.F0 probe/SLICE_410
ROUTE         1     1.339      R8C10C.F0 to       11.PADDO serial_out_c
DOPAD_DEL   ---     2.797       11.PADDO to         11.PAD serial_out
                  --------
                   14.581   (35.9% logic, 64.1% route), 6 logic levels.

Unconstrained Preference:
   CLOCK_TO_OUT PORT "serial_out" CLKPORT "clk" 

Report:   14.398ns delay probe/SLICE_81 to serial_out

   Name    Fanout   Delay (ns)          Site               Resource
REG_DEL     ---     0.452     R3C14C.CLK to      R3C14C.Q0 probe/SLICE_81 (from clk_c)
ROUTE         1     2.701      R3C14C.Q0 to       R7C8A.D1 probe/observe[13]
CTOF_DEL    ---     0.495       R7C8A.D1 to       R7C8A.F1 probe/SLICE_210
ROUTE         1     1.801       R7C8A.F1 to       R8C7C.A0 probe/serial_out_90
CTOF_DEL    ---     0.495       R8C7C.A0 to       R8C7C.F0 probe/SLICE_413
ROUTE         1     2.892       R8C7C.F0 to      R8C10C.B1 probe/serial_out_153
CTOF_DEL    ---     0.495      R8C10C.B1 to      R8C10C.F1 probe/SLICE_410
ROUTE         1     0.436      R8C10C.F1 to      R8C10C.C0 probe/serial_out_163
CTOF_DEL    ---     0.495      R8C10C.C0 to      R8C10C.F0 probe/SLICE_410
ROUTE         1     1.339      R8C10C.F0 to       11.PADDO serial_out_c
DOPAD_DEL   ---     2.797       11.PADDO to         11.PAD serial_out
                  --------
                   14.398   (36.3% logic, 63.7% route), 6 logic levels.

Unconstrained Preference:
   CLOCK_TO_OUT PORT "serial_out" CLKPORT "clk" 

Report:   14.295ns delay probe/SLICE_82 to serial_out

   Name    Fanout   Delay (ns)          Site               Resource
REG_DEL     ---     0.452     R3C15D.CLK to      R3C15D.Q0 probe/SLICE_82 (from clk_c)
ROUTE         1     2.598      R3C15D.Q0 to       R7C8A.B1 probe/observe[15]
CTOF_DEL    ---     0.495       R7C8A.B1 to       R7C8A.F1 probe/SLICE_210
ROUTE         1     1.801       R7C8A.F1 to       R8C7C.A0 probe/serial_out_90
CTOF_DEL    ---     0.495       R8C7C.A0 to       R8C7C.F0 probe/SLICE_413
ROUTE         1     2.892       R8C7C.F0 to      R8C10C.B1 probe/serial_out_153
CTOF_DEL    ---     0.495      R8C10C.B1 to      R8C10C.F1 probe/SLICE_410
ROUTE         1     0.436      R8C10C.F1 to      R8C10C.C0 probe/serial_out_163
CTOF_DEL    ---     0.495      R8C10C.C0 to      R8C10C.F0 probe/SLICE_410
ROUTE         1     1.339      R8C10C.F0 to       11.PADDO serial_out_c
DOPAD_DEL   ---     2.797       11.PADDO to         11.PAD serial_out
                  --------
                   14.295   (36.6% logic, 63.4% route), 6 logic levels.

Unconstrained Preference:
   CLOCK_TO_OUT PORT "serial_out" CLKPORT "clk" 

Report:   14.249ns delay probe/SLICE_82 to serial_out

   Name    Fanout   Delay (ns)          Site               Resource
REG_DEL     ---     0.452     R3C15D.CLK to      R3C15D.Q1 probe/SLICE_82 (from clk_c)
ROUTE         1     2.552      R3C15D.Q1 to       R7C8A.A1 probe/observe[16]
CTOF_DEL    ---     0.495       R7C8A.A1 to       R7C8A.F1 probe/SLICE_210
ROUTE         1     1.801       R7C8A.F1 to       R8C7C.A0 probe/serial_out_90
CTOF_DEL    ---     0.495       R8C7C.A0 to       R8C7C.F0 probe/SLICE_413
ROUTE         1     2.892       R8C7C.F0 to      R8C10C.B1 probe/serial_out_153
CTOF_DEL    ---     0.495      R8C10C.B1 to      R8C10C.F1 probe/SLICE_410
ROUTE         1     0.436      R8C10C.F1 to      R8C10C.C0 probe/serial_out_163
CTOF_DEL    ---     0.495      R8C10C.C0 to      R8C10C.F0 probe/SLICE_410
ROUTE         1     1.339      R8C10C.F0 to       11.PADDO serial_out_c
DOPAD_DEL   ---     2.797       11.PADDO to         11.PAD serial_out
                  --------
                   14.249   (36.7% logic, 63.3% route), 6 logic levels.

Unconstrained Preference:
   CLOCK_TO_OUT PORT "serial_out" CLKPORT "clk" 

Report:   13.935ns delay probe/SLICE_81 to serial_out

   Name    Fanout   Delay (ns)          Site               Resource
REG_DEL     ---     0.452     R3C14C.CLK to      R3C14C.Q1 probe/SLICE_81 (from clk_c)
ROUTE         1     2.238      R3C14C.Q1 to       R7C8A.C1 probe/observe[14]
CTOF_DEL    ---     0.495       R7C8A.C1 to       R7C8A.F1 probe/SLICE_210
ROUTE         1     1.801       R7C8A.F1 to       R8C7C.A0 probe/serial_out_90
CTOF_DEL    ---     0.495       R8C7C.A0 to       R8C7C.F0 probe/SLICE_413
ROUTE         1     2.892       R8C7C.F0 to      R8C10C.B1 probe/serial_out_153
CTOF_DEL    ---     0.495      R8C10C.B1 to      R8C10C.F1 probe/SLICE_410
ROUTE         1     0.436      R8C10C.F1 to      R8C10C.C0 probe/serial_out_163
CTOF_DEL    ---     0.495      R8C10C.C0 to      R8C10C.F0 probe/SLICE_410
ROUTE         1     1.339      R8C10C.F0 to       11.PADDO serial_out_c
DOPAD_DEL   ---     2.797       11.PADDO to         11.PAD serial_out
                  --------
                   13.935   (37.5% logic, 62.5% route), 6 logic levels.

Unconstrained Preference:
   CLOCK_TO_OUT PORT "serial_out" CLKPORT "clk" 

Report:   13.871ns delay probe/SLICE_84 to serial_out

   Name    Fanout   Delay (ns)          Site               Resource
REG_DEL     ---     0.452     R8C12B.CLK to      R8C12B.Q1 probe/SLICE_84 (from clk_c)
ROUTE         1     1.004      R8C12B.Q1 to      R8C12D.B1 probe/observe[20]
CTOF_DEL    ---     0.495      R8C12D.B1 to      R8C12D.F1 probe/SLICE_481
ROUTE         1     2.971      R8C12D.F1 to       R8C7C.B0 probe/serial_out_91
CTOF_DEL    ---     0.495       R8C7C.B0 to       R8C7C.F0 probe/SLICE_413
ROUTE         1     2.892       R8C7C.F0 to      R8C10C.B1 probe/serial_out_153
CTOF_DEL    ---     0.495      R8C10C.B1 to      R8C10C.F1 probe/SLICE_410
ROUTE         1     0.436      R8C10C.F1 to      R8C10C.C0 probe/serial_out_163
CTOF_DEL    ---     0.495      R8C10C.C0 to      R8C10C.F0 probe/SLICE_410
ROUTE         1     1.339      R8C10C.F0 to       11.PADDO serial_out_c
DOPAD_DEL   ---     2.797       11.PADDO to         11.PAD serial_out
                  --------
                   13.871   (37.7% logic, 62.3% route), 6 logic levels.

Unconstrained Preference:
   CLOCK_TO_OUT PORT "serial_out" CLKPORT "clk" 

Report:   13.493ns delay probe/SLICE_84 to serial_out

   Name    Fanout   Delay (ns)          Site               Resource
REG_DEL     ---     0.452     R8C12B.CLK to      R8C12B.Q0 probe/SLICE_84 (from clk_c)
ROUTE         1     0.626      R8C12B.Q0 to      R8C12D.D1 probe/observe[19]
CTOF_DEL    ---     0.495      R8C12D.D1 to      R8C12D.F1 probe/SLICE_481
ROUTE         1     2.971      R8C12D.F1 to       R8C7C.B0 probe/serial_out_91
CTOF_DEL    ---     0.495       R8C7C.B0 to       R8C7C.F0 probe/SLICE_413
ROUTE         1     2.892       R8C7C.F0 to      R8C10C.B1 probe/serial_out_153
CTOF_DEL    ---     0.495      R8C10C.B1 to      R8C10C.F1 probe/SLICE_410
ROUTE         1     0.436      R8C10C.F1 to      R8C10C.C0 probe/serial_out_163
CTOF_DEL    ---     0.495      R8C10C.C0 to      R8C10C.F0 probe/SLICE_410
ROUTE         1     1.339      R8C10C.F0 to       11.PADDO serial_out_c
DOPAD_DEL   ---     2.797       11.PADDO to         11.PAD serial_out
                  --------
                   13.493   (38.8% logic, 61.2% route), 6 logic levels.

Unconstrained Preference:
   CLOCK_TO_OUT PORT "serial_out" CLKPORT "clk" 

Report:   13.419ns delay probe/SLICE_348 to serial_out

   Name    Fanout   Delay (ns)          Site               Resource
REG_DEL     ---     0.452     R2C13C.CLK to      R2C13C.Q0 probe/SLICE_348 (from clk_c)
ROUTE         1     2.671      R2C13C.Q0 to       R7C8C.C1 probe/observe[48]
CTOF_DEL    ---     0.495       R7C8C.C1 to       R7C8C.F1 probe/SLICE_209
ROUTE         1     1.462       R7C8C.F1 to       R4C9D.D0 probe/serial_out_98
CTOF_DEL    ---     0.495       R4C9D.D0 to       R4C9D.F0 probe/SLICE_415
ROUTE         1     1.696       R4C9D.F0 to      R5C10B.A0 probe/serial_out_155
CTOF_DEL    ---     0.495      R5C10B.A0 to      R5C10B.F0 probe/SLICE_411
ROUTE         1     1.022      R5C10B.F0 to      R8C10C.D0 probe/serial_out_169
CTOF_DEL    ---     0.495      R8C10C.D0 to      R8C10C.F0 probe/SLICE_410
ROUTE         1     1.339      R8C10C.F0 to       11.PADDO serial_out_c
DOPAD_DEL   ---     2.797       11.PADDO to         11.PAD serial_out
                  --------
                   13.419   (39.0% logic, 61.0% route), 6 logic levels.

Unconstrained Preference:
   CLOCK_TO_OUT PORT "serial_out" CLKPORT "clk" 

Report:   13.406ns delay probe/SLICE_373 to serial_out

   Name    Fanout   Delay (ns)          Site               Resource
REG_DEL     ---     0.452     R4C12C.CLK to      R4C12C.Q1 probe/SLICE_373 (from clk_c)
ROUTE         1     2.424      R4C12C.Q1 to      R3C10C.C0 probe/observe[55]
CTOF_DEL    ---     0.495      R3C10C.C0 to      R3C10C.F0 probe/SLICE_479
ROUTE         1     1.696      R3C10C.F0 to       R4C9D.A0 probe/serial_out_100
CTOF_DEL    ---     0.495       R4C9D.A0 to       R4C9D.F0 probe/SLICE_415
ROUTE         1     1.696       R4C9D.F0 to      R5C10B.A0 probe/serial_out_155
CTOF_DEL    ---     0.495      R5C10B.A0 to      R5C10B.F0 probe/SLICE_411
ROUTE         1     1.022      R5C10B.F0 to      R8C10C.D0 probe/serial_out_169
CTOF_DEL    ---     0.495      R8C10C.D0 to      R8C10C.F0 probe/SLICE_410
ROUTE         1     1.339      R8C10C.F0 to       11.PADDO serial_out_c
DOPAD_DEL   ---     2.797       11.PADDO to         11.PAD serial_out
                  --------
                   13.406   (39.0% logic, 61.0% route), 6 logic levels.

Unconstrained Preference:
   CLOCK_TO_OUT PORT "serial_out" CLKPORT "clk" 

Report:   13.406ns delay probe/SLICE_475 to serial_out

   Name    Fanout   Delay (ns)          Site               Resource
REG_DEL     ---     0.452     R5C10A.CLK to      R5C10A.Q0 probe/SLICE_475 (from clk_c)
ROUTE         1     2.626      R5C10A.Q0 to      R8C10B.C0 probe/observe[110]
CTOF_DEL    ---     0.495      R8C10B.C0 to      R8C10B.F0 probe/SLICE_196
ROUTE         1     2.625      R8C10B.F0 to      R9C11B.A0 probe/serial_out_114
CTOF_DEL    ---     0.495      R9C11B.A0 to      R9C11B.F0 probe/SLICE_418
ROUTE         1     0.623      R9C11B.F0 to      R9C10D.D0 probe/serial_out_159
CTOF_DEL    ---     0.495      R9C10D.D0 to      R9C10D.F0 probe/SLICE_412
ROUTE         1     0.964      R9C10D.F0 to      R8C10C.A0 probe/serial_out_170
CTOF_DEL    ---     0.495      R8C10C.A0 to      R8C10C.F0 probe/SLICE_410
ROUTE         1     1.339      R8C10C.F0 to       11.PADDO serial_out_c
DOPAD_DEL   ---     2.797       11.PADDO to         11.PAD serial_out
                  --------
                   13.406   (39.0% logic, 61.0% route), 6 logic levels.

Unconstrained Preference:
   CLOCK_TO_OUT PORT "serial_out" CLKPORT "clk" 

Report:   13.304ns delay probe/SLICE_373 to serial_out

   Name    Fanout   Delay (ns)          Site               Resource
REG_DEL     ---     0.452     R4C12C.CLK to      R4C12C.Q0 probe/SLICE_373 (from clk_c)
ROUTE         1     2.322      R4C12C.Q0 to      R3C10C.A0 probe/observe[54]
CTOF_DEL    ---     0.495      R3C10C.A0 to      R3C10C.F0 probe/SLICE_479
ROUTE         1     1.696      R3C10C.F0 to       R4C9D.A0 probe/serial_out_100
CTOF_DEL    ---     0.495       R4C9D.A0 to       R4C9D.F0 probe/SLICE_415
ROUTE         1     1.696       R4C9D.F0 to      R5C10B.A0 probe/serial_out_155
CTOF_DEL    ---     0.495      R5C10B.A0 to      R5C10B.F0 probe/SLICE_411
ROUTE         1     1.022      R5C10B.F0 to      R8C10C.D0 probe/serial_out_169
CTOF_DEL    ---     0.495      R8C10C.D0 to      R8C10C.F0 probe/SLICE_410
ROUTE         1     1.339      R8C10C.F0 to       11.PADDO serial_out_c
DOPAD_DEL   ---     2.797       11.PADDO to         11.PAD serial_out
                  --------
                   13.304   (39.3% logic, 60.7% route), 6 logic levels.

Unconstrained Preference:
   CLOCK_TO_OUT PORT "serial_out" CLKPORT "clk" 

Report:   13.109ns delay probe/SLICE_344 to serial_out

   Name    Fanout   Delay (ns)          Site               Resource
REG_DEL     ---     0.452      R4C9C.CLK to       R4C9C.Q0 probe/SLICE_344 (from clk_c)
ROUTE         1     2.361       R4C9C.Q0 to       R7C8C.A1 probe/observe[46]
CTOF_DEL    ---     0.495       R7C8C.A1 to       R7C8C.F1 probe/SLICE_209
ROUTE         1     1.462       R7C8C.F1 to       R4C9D.D0 probe/serial_out_98
CTOF_DEL    ---     0.495       R4C9D.D0 to       R4C9D.F0 probe/SLICE_415
ROUTE         1     1.696       R4C9D.F0 to      R5C10B.A0 probe/serial_out_155
CTOF_DEL    ---     0.495      R5C10B.A0 to      R5C10B.F0 probe/SLICE_411
ROUTE         1     1.022      R5C10B.F0 to      R8C10C.D0 probe/serial_out_169
CTOF_DEL    ---     0.495      R8C10C.D0 to      R8C10C.F0 probe/SLICE_410
ROUTE         1     1.339      R8C10C.F0 to       11.PADDO serial_out_c
DOPAD_DEL   ---     2.797       11.PADDO to         11.PAD serial_out
                  --------
                   13.109   (39.9% logic, 60.1% route), 6 logic levels.

Unconstrained Preference:
   CLOCK_TO_OUT PORT "serial_out" CLKPORT "clk" 

Report:   13.105ns delay probe/SLICE_476 to serial_out

   Name    Fanout   Delay (ns)          Site               Resource
REG_DEL     ---     0.452     R5C10C.CLK to      R5C10C.Q1 probe/SLICE_476 (from clk_c)
ROUTE         1     2.325      R5C10C.Q1 to      R8C10B.A0 probe/observe[109]
CTOF_DEL    ---     0.495      R8C10B.A0 to      R8C10B.F0 probe/SLICE_196
ROUTE         1     2.625      R8C10B.F0 to      R9C11B.A0 probe/serial_out_114
CTOF_DEL    ---     0.495      R9C11B.A0 to      R9C11B.F0 probe/SLICE_418
ROUTE         1     0.623      R9C11B.F0 to      R9C10D.D0 probe/serial_out_159
CTOF_DEL    ---     0.495      R9C10D.D0 to      R9C10D.F0 probe/SLICE_412
ROUTE         1     0.964      R9C10D.F0 to      R8C10C.A0 probe/serial_out_170
CTOF_DEL    ---     0.495      R8C10C.A0 to      R8C10C.F0 probe/SLICE_410
ROUTE         1     1.339      R8C10C.F0 to       11.PADDO serial_out_c
DOPAD_DEL   ---     2.797       11.PADDO to         11.PAD serial_out
                  --------
                   13.105   (39.9% logic, 60.1% route), 6 logic levels.

Unconstrained Preference:
   CLOCK_TO_OUT PORT "serial_out" CLKPORT "clk" 

Report:   12.936ns delay probe/SLICE_348 to serial_out

   Name    Fanout   Delay (ns)          Site               Resource
REG_DEL     ---     0.452     R2C13C.CLK to      R2C13C.Q1 probe/SLICE_348 (from clk_c)
ROUTE         1     1.812      R2C13C.Q1 to      R3C10C.D1 probe/observe[49]
CTOF_DEL    ---     0.495      R3C10C.D1 to      R3C10C.F1 probe/SLICE_479
ROUTE         1     1.838      R3C10C.F1 to       R4C9D.B0 probe/serial_out_99
CTOF_DEL    ---     0.495       R4C9D.B0 to       R4C9D.F0 probe/SLICE_415
ROUTE         1     1.696       R4C9D.F0 to      R5C10B.A0 probe/serial_out_155
CTOF_DEL    ---     0.495      R5C10B.A0 to      R5C10B.F0 probe/SLICE_411
ROUTE         1     1.022      R5C10B.F0 to      R8C10C.D0 probe/serial_out_169
CTOF_DEL    ---     0.495      R8C10C.D0 to      R8C10C.F0 probe/SLICE_410
ROUTE         1     1.339      R8C10C.F0 to       11.PADDO serial_out_c
DOPAD_DEL   ---     2.797       11.PADDO to         11.PAD serial_out
                  --------
                   12.936   (40.4% logic, 59.6% route), 6 logic levels.

Unconstrained Preference:
   CLOCK_TO_OUT PORT "serial_out" CLKPORT "clk" 

Report:   12.878ns delay probe/SLICE_479 to serial_out

   Name    Fanout   Delay (ns)          Site               Resource
REG_DEL     ---     0.452     R3C10C.CLK to      R3C10C.Q0 probe/SLICE_479 (from clk_c)
ROUTE         1     2.864      R3C10C.Q0 to      R5C10A.B0 probe/observe[102]
CTOF_DEL    ---     0.495      R5C10A.B0 to      R5C10A.F0 probe/SLICE_475
ROUTE         1     1.004      R5C10A.F0 to      R5C10D.B0 probe/serial_out_112
CTOF_DEL    ---     0.495      R5C10D.B0 to      R5C10D.F0 probe/SLICE_417
ROUTE         1     1.478      R5C10D.F0 to      R9C10D.A0 probe/serial_out_158
CTOF_DEL    ---     0.495      R9C10D.A0 to      R9C10D.F0 probe/SLICE_412
ROUTE         1     0.964      R9C10D.F0 to      R8C10C.A0 probe/serial_out_170
CTOF_DEL    ---     0.495      R8C10C.A0 to      R8C10C.F0 probe/SLICE_410
ROUTE         1     1.339      R8C10C.F0 to       11.PADDO serial_out_c
DOPAD_DEL   ---     2.797       11.PADDO to         11.PAD serial_out
                  --------
                   12.878   (40.6% logic, 59.4% route), 6 logic levels.

Unconstrained Preference:
   CLOCK_TO_OUT PORT "serial_out" CLKPORT "clk" 

Report:   12.850ns delay probe/SLICE_349 to serial_out

   Name    Fanout   Delay (ns)          Site               Resource
REG_DEL     ---     0.452     R3C14A.CLK to      R3C14A.Q0 probe/SLICE_349 (from clk_c)
ROUTE         1     1.726      R3C14A.Q0 to      R3C10C.A1 probe/observe[52]
CTOF_DEL    ---     0.495      R3C10C.A1 to      R3C10C.F1 probe/SLICE_479
ROUTE         1     1.838      R3C10C.F1 to       R4C9D.B0 probe/serial_out_99
CTOF_DEL    ---     0.495       R4C9D.B0 to       R4C9D.F0 probe/SLICE_415
ROUTE         1     1.696       R4C9D.F0 to      R5C10B.A0 probe/serial_out_155
CTOF_DEL    ---     0.495      R5C10B.A0 to      R5C10B.F0 probe/SLICE_411
ROUTE         1     1.022      R5C10B.F0 to      R8C10C.D0 probe/serial_out_169
CTOF_DEL    ---     0.495      R8C10C.D0 to      R8C10C.F0 probe/SLICE_410
ROUTE         1     1.339      R8C10C.F0 to       11.PADDO serial_out_c
DOPAD_DEL   ---     2.797       11.PADDO to         11.PAD serial_out
                  --------
                   12.850   (40.7% logic, 59.3% route), 6 logic levels.

Unconstrained Preference:
   CLOCK_TO_OUT PORT "serial_out" CLKPORT "clk" 

Report:   12.752ns delay probe/SLICE_347 to serial_out

   Name    Fanout   Delay (ns)          Site               Resource
REG_DEL     ---     0.452     R3C11C.CLK to      R3C11C.Q1 probe/SLICE_347 (from clk_c)
ROUTE         1     2.431      R3C11C.Q1 to      R5C17C.B1 probe/observe[61]
CTOF_DEL    ---     0.495      R5C17C.B1 to      R5C17C.F1 probe/SLICE_200
ROUTE         1     2.108      R5C17C.F1 to      R5C11C.D0 probe/serial_out_102
CTOF_DEL    ---     0.495      R5C11C.D0 to      R5C11C.F0 probe/SLICE_416
ROUTE         1     0.623      R5C11C.F0 to      R5C10B.D0 probe/serial_out_156
CTOF_DEL    ---     0.495      R5C10B.D0 to      R5C10B.F0 probe/SLICE_411
ROUTE         1     1.022      R5C10B.F0 to      R8C10C.D0 probe/serial_out_169
CTOF_DEL    ---     0.495      R8C10C.D0 to      R8C10C.F0 probe/SLICE_410
ROUTE         1     1.339      R8C10C.F0 to       11.PADDO serial_out_c
DOPAD_DEL   ---     2.797       11.PADDO to         11.PAD serial_out
                  --------
                   12.752   (41.0% logic, 59.0% route), 6 logic levels.

Unconstrained Preference:
   CLOCK_TO_OUT PORT "serial_out" CLKPORT "clk" 

Report:   12.719ns delay probe/SLICE_345 to serial_out

   Name    Fanout   Delay (ns)          Site               Resource
REG_DEL     ---     0.452      R3C8A.CLK to       R3C8A.Q1 probe/SLICE_345 (from clk_c)
ROUTE         1     1.971       R3C8A.Q1 to       R7C8C.B1 probe/observe[45]
CTOF_DEL    ---     0.495       R7C8C.B1 to       R7C8C.F1 probe/SLICE_209
ROUTE         1     1.462       R7C8C.F1 to       R4C9D.D0 probe/serial_out_98
CTOF_DEL    ---     0.495       R4C9D.D0 to       R4C9D.F0 probe/SLICE_415
ROUTE         1     1.696       R4C9D.F0 to      R5C10B.A0 probe/serial_out_155
CTOF_DEL    ---     0.495      R5C10B.A0 to      R5C10B.F0 probe/SLICE_411
ROUTE         1     1.022      R5C10B.F0 to      R8C10C.D0 probe/serial_out_169
CTOF_DEL    ---     0.495      R8C10C.D0 to      R8C10C.F0 probe/SLICE_410
ROUTE         1     1.339      R8C10C.F0 to       11.PADDO serial_out_c
DOPAD_DEL   ---     2.797       11.PADDO to         11.PAD serial_out
                  --------
                   12.719   (41.1% logic, 58.9% route), 6 logic levels.

Unconstrained Preference:
   CLOCK_TO_OUT PORT "serial_out" CLKPORT "clk" 

Report:   12.678ns delay probe/SLICE_370 to serial_out

   Name    Fanout   Delay (ns)          Site               Resource
REG_DEL     ---     0.452     R4C13B.CLK to      R4C13B.Q0 probe/SLICE_370 (from clk_c)
ROUTE         1     2.701      R4C13B.Q0 to      R5C10A.B1 probe/observe[98]
CTOF_DEL    ---     0.495      R5C10A.B1 to      R5C10A.F1 probe/SLICE_475
ROUTE         1     0.967      R5C10A.F1 to      R5C10D.A0 probe/serial_out_111
CTOF_DEL    ---     0.495      R5C10D.A0 to      R5C10D.F0 probe/SLICE_417
ROUTE         1     1.478      R5C10D.F0 to      R9C10D.A0 probe/serial_out_158
CTOF_DEL    ---     0.495      R9C10D.A0 to      R9C10D.F0 probe/SLICE_412
ROUTE         1     0.964      R9C10D.F0 to      R8C10C.A0 probe/serial_out_170
CTOF_DEL    ---     0.495      R8C10C.A0 to      R8C10C.F0 probe/SLICE_410
ROUTE         1     1.339      R8C10C.F0 to       11.PADDO serial_out_c
DOPAD_DEL   ---     2.797       11.PADDO to         11.PAD serial_out
                  --------
                   12.678   (41.2% logic, 58.8% route), 6 logic levels.

Unconstrained Preference:
   CLOCK_TO_OUT PORT "serial_out" CLKPORT "clk" 

Report:   12.642ns delay probe/SLICE_407 to serial_out

   Name    Fanout   Delay (ns)          Site               Resource
REG_DEL     ---     0.452      R8C7B.CLK to       R8C7B.Q1 probe/SLICE_407 (from clk_c)
ROUTE         1     1.777       R8C7B.Q1 to       R8C8B.C0 probe/observe[37]
CTOF_DEL    ---     0.495       R8C8B.C0 to       R8C8B.F0 probe/SLICE_480
ROUTE         1     1.448       R8C8B.F0 to       R7C8B.A0 probe/serial_out_96
CTOF_DEL    ---     0.495       R7C8B.A0 to       R7C8B.F0 probe/SLICE_414
ROUTE         1     1.827       R7C8B.F0 to      R5C10B.B0 probe/serial_out_154
CTOF_DEL    ---     0.495      R5C10B.B0 to      R5C10B.F0 probe/SLICE_411
ROUTE         1     1.022      R5C10B.F0 to      R8C10C.D0 probe/serial_out_169
CTOF_DEL    ---     0.495      R8C10C.D0 to      R8C10C.F0 probe/SLICE_410
ROUTE         1     1.339      R8C10C.F0 to       11.PADDO serial_out_c
DOPAD_DEL   ---     2.797       11.PADDO to         11.PAD serial_out
                  --------
                   12.642   (41.4% logic, 58.6% route), 6 logic levels.

Unconstrained Preference:
   CLOCK_TO_OUT PORT "serial_out" CLKPORT "clk" 

Report:   12.634ns delay probe/SLICE_475 to serial_out

   Name    Fanout   Delay (ns)          Site               Resource
REG_DEL     ---     0.452     R5C10A.CLK to      R5C10A.Q1 probe/SLICE_475 (from clk_c)
ROUTE         1     1.854      R5C10A.Q1 to      R8C10B.B0 probe/observe[111]
CTOF_DEL    ---     0.495      R8C10B.B0 to      R8C10B.F0 probe/SLICE_196
ROUTE         1     2.625      R8C10B.F0 to      R9C11B.A0 probe/serial_out_114
CTOF_DEL    ---     0.495      R9C11B.A0 to      R9C11B.F0 probe/SLICE_418
ROUTE         1     0.623      R9C11B.F0 to      R9C10D.D0 probe/serial_out_159
CTOF_DEL    ---     0.495      R9C10D.D0 to      R9C10D.F0 probe/SLICE_412
ROUTE         1     0.964      R9C10D.F0 to      R8C10C.A0 probe/serial_out_170
CTOF_DEL    ---     0.495      R8C10C.A0 to      R8C10C.F0 probe/SLICE_410
ROUTE         1     1.339      R8C10C.F0 to       11.PADDO serial_out_c
DOPAD_DEL   ---     2.797       11.PADDO to         11.PAD serial_out
                  --------
                   12.634   (41.4% logic, 58.6% route), 6 logic levels.

Unconstrained Preference:
   CLOCK_TO_OUT PORT "serial_out" CLKPORT "clk" 

Report:   12.588ns delay probe/SLICE_86 to serial_out

   Name    Fanout   Delay (ns)          Site               Resource
REG_DEL     ---     0.452     R9C13B.CLK to      R9C13B.Q0 probe/SLICE_86 (from clk_c)
ROUTE         1     1.535      R9C13B.Q0 to      R8C12D.B0 probe/observe[23]
CTOF_DEL    ---     0.495      R8C12D.B0 to      R8C12D.F0 probe/SLICE_481
ROUTE         1     1.157      R8C12D.F0 to       R8C7C.D0 probe/serial_out_92
CTOF_DEL    ---     0.495       R8C7C.D0 to       R8C7C.F0 probe/SLICE_413
ROUTE         1     2.892       R8C7C.F0 to      R8C10C.B1 probe/serial_out_153
CTOF_DEL    ---     0.495      R8C10C.B1 to      R8C10C.F1 probe/SLICE_410
ROUTE         1     0.436      R8C10C.F1 to      R8C10C.C0 probe/serial_out_163
CTOF_DEL    ---     0.495      R8C10C.C0 to      R8C10C.F0 probe/SLICE_410
ROUTE         1     1.339      R8C10C.F0 to       11.PADDO serial_out_c
DOPAD_DEL   ---     2.797       11.PADDO to         11.PAD serial_out
                  --------
                   12.588   (41.5% logic, 58.5% route), 6 logic levels.

Unconstrained Preference:
   CLOCK_TO_OUT PORT "serial_out" CLKPORT "clk" 

Report:   12.517ns delay probe/SLICE_349 to serial_out

   Name    Fanout   Delay (ns)          Site               Resource
REG_DEL     ---     0.452     R3C14A.CLK to      R3C14A.Q1 probe/SLICE_349 (from clk_c)
ROUTE         1     1.535      R3C14A.Q1 to      R3C10C.B0 probe/observe[53]
CTOF_DEL    ---     0.495      R3C10C.B0 to      R3C10C.F0 probe/SLICE_479
ROUTE         1     1.696      R3C10C.F0 to       R4C9D.A0 probe/serial_out_100
CTOF_DEL    ---     0.495       R4C9D.A0 to       R4C9D.F0 probe/SLICE_415
ROUTE         1     1.696       R4C9D.F0 to      R5C10B.A0 probe/serial_out_155
CTOF_DEL    ---     0.495      R5C10B.A0 to      R5C10B.F0 probe/SLICE_411
ROUTE         1     1.022      R5C10B.F0 to      R8C10C.D0 probe/serial_out_169
CTOF_DEL    ---     0.495      R8C10C.D0 to      R8C10C.F0 probe/SLICE_410
ROUTE         1     1.339      R8C10C.F0 to       11.PADDO serial_out_c
DOPAD_DEL   ---     2.797       11.PADDO to         11.PAD serial_out
                  --------
                   12.517   (41.8% logic, 58.2% route), 6 logic levels.

Unconstrained Preference:
   CLOCK_TO_OUT PORT "serial_out" CLKPORT "clk" 

Report:   12.429ns delay probe/SLICE_344 to serial_out

   Name    Fanout   Delay (ns)          Site               Resource
REG_DEL     ---     0.452      R4C9C.CLK to       R4C9C.Q1 probe/SLICE_344 (from clk_c)
ROUTE         1     1.681       R4C9C.Q1 to       R7C8C.D1 probe/observe[47]
CTOF_DEL    ---     0.495       R7C8C.D1 to       R7C8C.F1 probe/SLICE_209
ROUTE         1     1.462       R7C8C.F1 to       R4C9D.D0 probe/serial_out_98
CTOF_DEL    ---     0.495       R4C9D.D0 to       R4C9D.F0 probe/SLICE_415
ROUTE         1     1.696       R4C9D.F0 to      R5C10B.A0 probe/serial_out_155
CTOF_DEL    ---     0.495      R5C10B.A0 to      R5C10B.F0 probe/SLICE_411
ROUTE         1     1.022      R5C10B.F0 to      R8C10C.D0 probe/serial_out_169
CTOF_DEL    ---     0.495      R8C10C.D0 to      R8C10C.F0 probe/SLICE_410
ROUTE         1     1.339      R8C10C.F0 to       11.PADDO serial_out_c
DOPAD_DEL   ---     2.797       11.PADDO to         11.PAD serial_out
                  --------
                   12.429   (42.1% logic, 57.9% route), 6 logic levels.

Unconstrained Preference:
   CLOCK_TO_OUT PORT "serial_out" CLKPORT "clk" 

Report:   12.331ns delay probe/SLICE_85 to serial_out

   Name    Fanout   Delay (ns)          Site               Resource
REG_DEL     ---     0.452     R8C12C.CLK to      R8C12C.Q0 probe/SLICE_85 (from clk_c)
ROUTE         1     1.278      R8C12C.Q0 to      R8C12D.C0 probe/observe[21]
CTOF_DEL    ---     0.495      R8C12D.C0 to      R8C12D.F0 probe/SLICE_481
ROUTE         1     1.157      R8C12D.F0 to       R8C7C.D0 probe/serial_out_92
CTOF_DEL    ---     0.495       R8C7C.D0 to       R8C7C.F0 probe/SLICE_413
ROUTE         1     2.892       R8C7C.F0 to      R8C10C.B1 probe/serial_out_153
CTOF_DEL    ---     0.495      R8C10C.B1 to      R8C10C.F1 probe/SLICE_410
ROUTE         1     0.436      R8C10C.F1 to      R8C10C.C0 probe/serial_out_163
CTOF_DEL    ---     0.495      R8C10C.C0 to      R8C10C.F0 probe/SLICE_410
ROUTE         1     1.339      R8C10C.F0 to       11.PADDO serial_out_c
DOPAD_DEL   ---     2.797       11.PADDO to         11.PAD serial_out
                  --------
                   12.331   (42.4% logic, 57.6% route), 6 logic levels.

Unconstrained Preference:
   CLOCK_TO_OUT PORT "serial_out" CLKPORT "clk" 

Report:   12.228ns delay probe/SLICE_404 to serial_out

   Name    Fanout   Delay (ns)          Site               Resource
REG_DEL     ---     0.452      R7C7B.CLK to       R7C7B.Q1 probe/SLICE_404 (from clk_c)
ROUTE         1     1.810       R7C7B.Q1 to       R8C8B.A1 probe/observe[33]
CTOF_DEL    ---     0.495       R8C8B.A1 to       R8C8B.F1 probe/SLICE_480
ROUTE         1     1.001       R8C8B.F1 to       R7C8B.B0 probe/serial_out_95
CTOF_DEL    ---     0.495       R7C8B.B0 to       R7C8B.F0 probe/SLICE_414
ROUTE         1     1.827       R7C8B.F0 to      R5C10B.B0 probe/serial_out_154
CTOF_DEL    ---     0.495      R5C10B.B0 to      R5C10B.F0 probe/SLICE_411
ROUTE         1     1.022      R5C10B.F0 to      R8C10C.D0 probe/serial_out_169
CTOF_DEL    ---     0.495      R8C10C.D0 to      R8C10C.F0 probe/SLICE_410
ROUTE         1     1.339      R8C10C.F0 to       11.PADDO serial_out_c
DOPAD_DEL   ---     2.797       11.PADDO to         11.PAD serial_out
                  --------
                   12.228   (42.8% logic, 57.2% route), 6 logic levels.

Unconstrained Preference:
   CLOCK_TO_OUT PORT "serial_out" CLKPORT "clk" 

Report:   12.125ns delay probe/SLICE_350 to serial_out

   Name    Fanout   Delay (ns)          Site               Resource
REG_DEL     ---     0.452     R3C11B.CLK to      R3C11B.Q1 probe/SLICE_350 (from clk_c)
ROUTE         1     1.001      R3C11B.Q1 to      R3C10C.B1 probe/observe[51]
CTOF_DEL    ---     0.495      R3C10C.B1 to      R3C10C.F1 probe/SLICE_479
ROUTE         1     1.838      R3C10C.F1 to       R4C9D.B0 probe/serial_out_99
CTOF_DEL    ---     0.495       R4C9D.B0 to       R4C9D.F0 probe/SLICE_415
ROUTE         1     1.696       R4C9D.F0 to      R5C10B.A0 probe/serial_out_155
CTOF_DEL    ---     0.495      R5C10B.A0 to      R5C10B.F0 probe/SLICE_411
ROUTE         1     1.022      R5C10B.F0 to      R8C10C.D0 probe/serial_out_169
CTOF_DEL    ---     0.495      R8C10C.D0 to      R8C10C.F0 probe/SLICE_410
ROUTE         1     1.339      R8C10C.F0 to       11.PADDO serial_out_c
DOPAD_DEL   ---     2.797       11.PADDO to         11.PAD serial_out
                  --------
                   12.125   (43.1% logic, 56.9% route), 6 logic levels.

Unconstrained Preference:
   CLOCK_TO_OUT PORT "serial_out" CLKPORT "clk" 

Report:   12.054ns delay probe/SLICE_449 to serial_out

   Name    Fanout   Delay (ns)          Site               Resource
REG_DEL     ---     0.452      R2C9D.CLK to       R2C9D.Q0 probe/SLICE_449 (from clk_c)
ROUTE         1     1.072       R2C9D.Q0 to      R3C10C.D0 probe/observe[56]
CTOF_DEL    ---     0.495      R3C10C.D0 to      R3C10C.F0 probe/SLICE_479
ROUTE         1     1.696      R3C10C.F0 to       R4C9D.A0 probe/serial_out_100
CTOF_DEL    ---     0.495       R4C9D.A0 to       R4C9D.F0 probe/SLICE_415
ROUTE         1     1.696       R4C9D.F0 to      R5C10B.A0 probe/serial_out_155
CTOF_DEL    ---     0.495      R5C10B.A0 to      R5C10B.F0 probe/SLICE_411
ROUTE         1     1.022      R5C10B.F0 to      R8C10C.D0 probe/serial_out_169
CTOF_DEL    ---     0.495      R8C10C.D0 to      R8C10C.F0 probe/SLICE_410
ROUTE         1     1.339      R8C10C.F0 to       11.PADDO serial_out_c
DOPAD_DEL   ---     2.797       11.PADDO to         11.PAD serial_out
                  --------
                   12.054   (43.4% logic, 56.6% route), 6 logic levels.

Unconstrained Preference:
   CLOCK_TO_OUT PORT "serial_out" CLKPORT "clk" 

Report:   12.026ns delay probe/SLICE_410 to serial_out

   Name    Fanout   Delay (ns)          Site               Resource
REG_DEL     ---     0.452     R8C10C.CLK to      R8C10C.Q0 probe/SLICE_410 (from clk_c)
ROUTE         1     2.049      R8C10C.Q0 to      R5C10A.A1 probe/observe[100]
CTOF_DEL    ---     0.495      R5C10A.A1 to      R5C10A.F1 probe/SLICE_475
ROUTE         1     0.967      R5C10A.F1 to      R5C10D.A0 probe/serial_out_111
CTOF_DEL    ---     0.495      R5C10D.A0 to      R5C10D.F0 probe/SLICE_417
ROUTE         1     1.478      R5C10D.F0 to      R9C10D.A0 probe/serial_out_158
CTOF_DEL    ---     0.495      R9C10D.A0 to      R9C10D.F0 probe/SLICE_412
ROUTE         1     0.964      R9C10D.F0 to      R8C10C.A0 probe/serial_out_170
CTOF_DEL    ---     0.495      R8C10C.A0 to      R8C10C.F0 probe/SLICE_410
ROUTE         1     1.339      R8C10C.F0 to       11.PADDO serial_out_c
DOPAD_DEL   ---     2.797       11.PADDO to         11.PAD serial_out
                  --------
                   12.026   (43.5% logic, 56.5% route), 6 logic levels.

Unconstrained Preference:
   CLOCK_TO_OUT PORT "serial_out" CLKPORT "clk" 

Report:   12.022ns delay probe/SLICE_448 to serial_out

   Name    Fanout   Delay (ns)          Site               Resource
REG_DEL     ---     0.452      R8C8D.CLK to       R8C8D.Q1 probe/SLICE_448 (from clk_c)
ROUTE         1     1.157       R8C8D.Q1 to       R8C8B.D0 probe/observe[39]
CTOF_DEL    ---     0.495       R8C8B.D0 to       R8C8B.F0 probe/SLICE_480
ROUTE         1     1.448       R8C8B.F0 to       R7C8B.A0 probe/serial_out_96
CTOF_DEL    ---     0.495       R7C8B.A0 to       R7C8B.F0 probe/SLICE_414
ROUTE         1     1.827       R7C8B.F0 to      R5C10B.B0 probe/serial_out_154
CTOF_DEL    ---     0.495      R5C10B.B0 to      R5C10B.F0 probe/SLICE_411
ROUTE         1     1.022      R5C10B.F0 to      R8C10C.D0 probe/serial_out_169
CTOF_DEL    ---     0.495      R8C10C.D0 to      R8C10C.F0 probe/SLICE_410
ROUTE         1     1.339      R8C10C.F0 to       11.PADDO serial_out_c
DOPAD_DEL   ---     2.797       11.PADDO to         11.PAD serial_out
                  --------
                   12.022   (43.5% logic, 56.5% route), 6 logic levels.

Unconstrained Preference:
   CLOCK_TO_OUT PORT "serial_out" CLKPORT "clk" 

Report:   12.020ns delay probe/SLICE_85 to serial_out

   Name    Fanout   Delay (ns)          Site               Resource
REG_DEL     ---     0.452     R8C12C.CLK to      R8C12C.Q1 probe/SLICE_85 (from clk_c)
ROUTE         1     0.967      R8C12C.Q1 to      R8C12D.A0 probe/observe[22]
CTOF_DEL    ---     0.495      R8C12D.A0 to      R8C12D.F0 probe/SLICE_481
ROUTE         1     1.157      R8C12D.F0 to       R8C7C.D0 probe/serial_out_92
CTOF_DEL    ---     0.495       R8C7C.D0 to       R8C7C.F0 probe/SLICE_413
ROUTE         1     2.892       R8C7C.F0 to      R8C10C.B1 probe/serial_out_153
CTOF_DEL    ---     0.495      R8C10C.B1 to      R8C10C.F1 probe/SLICE_410
ROUTE         1     0.436      R8C10C.F1 to      R8C10C.C0 probe/serial_out_163
CTOF_DEL    ---     0.495      R8C10C.C0 to      R8C10C.F0 probe/SLICE_410
ROUTE         1     1.339      R8C10C.F0 to       11.PADDO serial_out_c
DOPAD_DEL   ---     2.797       11.PADDO to         11.PAD serial_out
                  --------
                   12.020   (43.5% logic, 56.5% route), 6 logic levels.

Unconstrained Preference:
   CLOCK_TO_OUT PORT "serial_out" CLKPORT "clk" 

Report:   12.011ns delay probe/SLICE_86 to serial_out

   Name    Fanout   Delay (ns)          Site               Resource
REG_DEL     ---     0.452     R9C13B.CLK to      R9C13B.Q1 probe/SLICE_86 (from clk_c)
ROUTE         1     0.958      R9C13B.Q1 to      R8C12D.D0 probe/observe[24]
CTOF_DEL    ---     0.495      R8C12D.D0 to      R8C12D.F0 probe/SLICE_481
ROUTE         1     1.157      R8C12D.F0 to       R8C7C.D0 probe/serial_out_92
CTOF_DEL    ---     0.495       R8C7C.D0 to       R8C7C.F0 probe/SLICE_413
ROUTE         1     2.892       R8C7C.F0 to      R8C10C.B1 probe/serial_out_153
CTOF_DEL    ---     0.495      R8C10C.B1 to      R8C10C.F1 probe/SLICE_410
ROUTE         1     0.436      R8C10C.F1 to      R8C10C.C0 probe/serial_out_163
CTOF_DEL    ---     0.495      R8C10C.C0 to      R8C10C.F0 probe/SLICE_410
ROUTE         1     1.339      R8C10C.F0 to       11.PADDO serial_out_c
DOPAD_DEL   ---     2.797       11.PADDO to         11.PAD serial_out
                  --------
                   12.011   (43.5% logic, 56.5% route), 6 logic levels.

Unconstrained Preference:
   CLOCK_TO_OUT PORT "serial_out" CLKPORT "clk" 

Report:   11.950ns delay probe/SLICE_346 to serial_out

   Name    Fanout   Delay (ns)          Site               Resource
REG_DEL     ---     0.452      R5C9C.CLK to       R5C9C.Q0 probe/SLICE_346 (from clk_c)
ROUTE         1     2.228       R5C9C.Q0 to       R4C9D.A1 probe/observe[58]
CTOF_DEL    ---     0.495       R4C9D.A1 to       R4C9D.F1 probe/SLICE_415
ROUTE         1     0.436       R4C9D.F1 to       R4C9D.C0 probe/serial_out_101
CTOF_DEL    ---     0.495       R4C9D.C0 to       R4C9D.F0 probe/SLICE_415
ROUTE         1     1.696       R4C9D.F0 to      R5C10B.A0 probe/serial_out_155
CTOF_DEL    ---     0.495      R5C10B.A0 to      R5C10B.F0 probe/SLICE_411
ROUTE         1     1.022      R5C10B.F0 to      R8C10C.D0 probe/serial_out_169
CTOF_DEL    ---     0.495      R8C10C.D0 to      R8C10C.F0 probe/SLICE_410
ROUTE         1     1.339      R8C10C.F0 to       11.PADDO serial_out_c
DOPAD_DEL   ---     2.797       11.PADDO to         11.PAD serial_out
                  --------
                   11.950   (43.8% logic, 56.2% route), 6 logic levels.

Unconstrained Preference:
   CLOCK_TO_OUT PORT "serial_out" CLKPORT "clk" 

Report:   11.869ns delay probe/SLICE_448 to serial_out

   Name    Fanout   Delay (ns)          Site               Resource
REG_DEL     ---     0.452      R8C8D.CLK to       R8C8D.Q0 probe/SLICE_448 (from clk_c)
ROUTE         1     1.004       R8C8D.Q0 to       R8C8B.B0 probe/observe[38]
CTOF_DEL    ---     0.495       R8C8B.B0 to       R8C8B.F0 probe/SLICE_480
ROUTE         1     1.448       R8C8B.F0 to       R7C8B.A0 probe/serial_out_96
CTOF_DEL    ---     0.495       R7C8B.A0 to       R7C8B.F0 probe/SLICE_414
ROUTE         1     1.827       R7C8B.F0 to      R5C10B.B0 probe/serial_out_154
CTOF_DEL    ---     0.495      R5C10B.B0 to      R5C10B.F0 probe/SLICE_411
ROUTE         1     1.022      R5C10B.F0 to      R8C10C.D0 probe/serial_out_169
CTOF_DEL    ---     0.495      R8C10C.D0 to      R8C10C.F0 probe/SLICE_410
ROUTE         1     1.339      R8C10C.F0 to       11.PADDO serial_out_c
DOPAD_DEL   ---     2.797       11.PADDO to         11.PAD serial_out
                  --------
                   11.869   (44.1% logic, 55.9% route), 6 logic levels.

Unconstrained Preference:
   CLOCK_TO_OUT PORT "serial_out" CLKPORT "clk" 

Report:   11.868ns delay probe/SLICE_350 to serial_out

   Name    Fanout   Delay (ns)          Site               Resource
REG_DEL     ---     0.452     R3C11B.CLK to      R3C11B.Q0 probe/SLICE_350 (from clk_c)
ROUTE         1     0.744      R3C11B.Q0 to      R3C10C.C1 probe/observe[50]
CTOF_DEL    ---     0.495      R3C10C.C1 to      R3C10C.F1 probe/SLICE_479
ROUTE         1     1.838      R3C10C.F1 to       R4C9D.B0 probe/serial_out_99
CTOF_DEL    ---     0.495       R4C9D.B0 to       R4C9D.F0 probe/SLICE_415
ROUTE         1     1.696       R4C9D.F0 to      R5C10B.A0 probe/serial_out_155
CTOF_DEL    ---     0.495      R5C10B.A0 to      R5C10B.F0 probe/SLICE_411
ROUTE         1     1.022      R5C10B.F0 to      R8C10C.D0 probe/serial_out_169
CTOF_DEL    ---     0.495      R8C10C.D0 to      R8C10C.F0 probe/SLICE_410
ROUTE         1     1.339      R8C10C.F0 to       11.PADDO serial_out_c
DOPAD_DEL   ---     2.797       11.PADDO to         11.PAD serial_out
                  --------
                   11.868   (44.1% logic, 55.9% route), 6 logic levels.

Unconstrained Preference:
   CLOCK_TO_OUT PORT "serial_out" CLKPORT "clk" 

Report:   11.851ns delay probe/SLICE_425 to serial_out

   Name    Fanout   Delay (ns)          Site               Resource
REG_DEL     ---     0.452      R7C8D.CLK to       R7C8D.Q0 probe/SLICE_425 (from clk_c)
ROUTE         1     0.986       R7C8D.Q0 to       R8C8B.A0 probe/observe[40]
CTOF_DEL    ---     0.495       R8C8B.A0 to       R8C8B.F0 probe/SLICE_480
ROUTE         1     1.448       R8C8B.F0 to       R7C8B.A0 probe/serial_out_96
CTOF_DEL    ---     0.495       R7C8B.A0 to       R7C8B.F0 probe/SLICE_414
ROUTE         1     1.827       R7C8B.F0 to      R5C10B.B0 probe/serial_out_154
CTOF_DEL    ---     0.495      R5C10B.B0 to      R5C10B.F0 probe/SLICE_411
ROUTE         1     1.022      R5C10B.F0 to      R8C10C.D0 probe/serial_out_169
CTOF_DEL    ---     0.495      R8C10C.D0 to      R8C10C.F0 probe/SLICE_410
ROUTE         1     1.339      R8C10C.F0 to       11.PADDO serial_out_c
DOPAD_DEL   ---     2.797       11.PADDO to         11.PAD serial_out
                  --------
                   11.851   (44.1% logic, 55.9% route), 6 logic levels.

Unconstrained Preference:
   CLOCK_TO_OUT PORT "serial_out" CLKPORT "clk" 

Report:   11.787ns delay probe/SLICE_345 to serial_out

   Name    Fanout   Delay (ns)          Site               Resource
REG_DEL     ---     0.452      R3C8A.CLK to       R3C8A.Q0 probe/SLICE_345 (from clk_c)
ROUTE         1     1.934       R3C8A.Q0 to       R7C8B.A1 probe/observe[44]
CTOF_DEL    ---     0.495       R7C8B.A1 to       R7C8B.F1 probe/SLICE_414
ROUTE         1     0.436       R7C8B.F1 to       R7C8B.C0 probe/serial_out_97
CTOF_DEL    ---     0.495       R7C8B.C0 to       R7C8B.F0 probe/SLICE_414
ROUTE         1     1.827       R7C8B.F0 to      R5C10B.B0 probe/serial_out_154
CTOF_DEL    ---     0.495      R5C10B.B0 to      R5C10B.F0 probe/SLICE_411
ROUTE         1     1.022      R5C10B.F0 to      R8C10C.D0 probe/serial_out_169
CTOF_DEL    ---     0.495      R8C10C.D0 to      R8C10C.F0 probe/SLICE_410
ROUTE         1     1.339      R8C10C.F0 to       11.PADDO serial_out_c
DOPAD_DEL   ---     2.797       11.PADDO to         11.PAD serial_out
                  --------
                   11.787   (44.4% logic, 55.6% route), 6 logic levels.

Unconstrained Preference:
   CLOCK_TO_OUT PORT "serial_out" CLKPORT "clk" 

Report:   11.738ns delay probe/SLICE_474 to serial_out

   Name    Fanout   Delay (ns)          Site               Resource
REG_DEL     ---     0.452     R9C11C.CLK to      R9C11C.Q0 probe/SLICE_474 (from clk_c)
ROUTE         1     0.958      R9C11C.Q0 to      R8C10B.D0 probe/observe[112]
CTOF_DEL    ---     0.495      R8C10B.D0 to      R8C10B.F0 probe/SLICE_196
ROUTE         1     2.625      R8C10B.F0 to      R9C11B.A0 probe/serial_out_114
CTOF_DEL    ---     0.495      R9C11B.A0 to      R9C11B.F0 probe/SLICE_418
ROUTE         1     0.623      R9C11B.F0 to      R9C10D.D0 probe/serial_out_159
CTOF_DEL    ---     0.495      R9C10D.D0 to      R9C10D.F0 probe/SLICE_412
ROUTE         1     0.964      R9C10D.F0 to      R8C10C.A0 probe/serial_out_170
CTOF_DEL    ---     0.495      R8C10C.A0 to      R8C10C.F0 probe/SLICE_410
ROUTE         1     1.339      R8C10C.F0 to       11.PADDO serial_out_c
DOPAD_DEL   ---     2.797       11.PADDO to         11.PAD serial_out
                  --------
                   11.738   (44.5% logic, 55.5% route), 6 logic levels.

Unconstrained Preference:
   CLOCK_TO_OUT PORT "serial_out" CLKPORT "clk" 

Report:   11.633ns delay probe/SLICE_370 to serial_out

   Name    Fanout   Delay (ns)          Site               Resource
REG_DEL     ---     0.452     R4C13B.CLK to      R4C13B.Q1 probe/SLICE_370 (from clk_c)
ROUTE         1     1.656      R4C13B.Q1 to      R5C10A.D1 probe/observe[99]
CTOF_DEL    ---     0.495      R5C10A.D1 to      R5C10A.F1 probe/SLICE_475
ROUTE         1     0.967      R5C10A.F1 to      R5C10D.A0 probe/serial_out_111
CTOF_DEL    ---     0.495      R5C10D.A0 to      R5C10D.F0 probe/SLICE_417
ROUTE         1     1.478      R5C10D.F0 to      R9C10D.A0 probe/serial_out_158
CTOF_DEL    ---     0.495      R9C10D.A0 to      R9C10D.F0 probe/SLICE_412
ROUTE         1     0.964      R9C10D.F0 to      R8C10C.A0 probe/serial_out_170
CTOF_DEL    ---     0.495      R8C10C.A0 to      R8C10C.F0 probe/SLICE_410
ROUTE         1     1.339      R8C10C.F0 to       11.PADDO serial_out_c
DOPAD_DEL   ---     2.797       11.PADDO to         11.PAD serial_out
                  --------
                   11.633   (44.9% logic, 55.1% route), 6 logic levels.

Unconstrained Preference:
   CLOCK_TO_OUT PORT "serial_out" CLKPORT "clk" 

Report:   11.620ns delay probe/SLICE_353 to serial_out

   Name    Fanout   Delay (ns)          Site               Resource
REG_DEL     ---     0.452     R5C15D.CLK to      R5C15D.Q1 probe/SLICE_353 (from clk_c)
ROUTE         1     1.299      R5C15D.Q1 to      R5C17C.A1 probe/observe[63]
CTOF_DEL    ---     0.495      R5C17C.A1 to      R5C17C.F1 probe/SLICE_200
ROUTE         1     2.108      R5C17C.F1 to      R5C11C.D0 probe/serial_out_102
CTOF_DEL    ---     0.495      R5C11C.D0 to      R5C11C.F0 probe/SLICE_416
ROUTE         1     0.623      R5C11C.F0 to      R5C10B.D0 probe/serial_out_156
CTOF_DEL    ---     0.495      R5C10B.D0 to      R5C10B.F0 probe/SLICE_411
ROUTE         1     1.022      R5C10B.F0 to      R8C10C.D0 probe/serial_out_169
CTOF_DEL    ---     0.495      R8C10C.D0 to      R8C10C.F0 probe/SLICE_410
ROUTE         1     1.339      R8C10C.F0 to       11.PADDO serial_out_c
DOPAD_DEL   ---     2.797       11.PADDO to         11.PAD serial_out
                  --------
                   11.620   (45.0% logic, 55.0% route), 6 logic levels.

Unconstrained Preference:
   CLOCK_TO_OUT PORT "serial_out" CLKPORT "clk" 

Report:   11.599ns delay probe/SLICE_352 to serial_out

   Name    Fanout   Delay (ns)          Site               Resource
REG_DEL     ---     0.452     R5C12B.CLK to      R5C12B.Q0 probe/SLICE_352 (from clk_c)
ROUTE         1     1.278      R5C12B.Q0 to      R5C17C.C1 probe/observe[64]
CTOF_DEL    ---     0.495      R5C17C.C1 to      R5C17C.F1 probe/SLICE_200
ROUTE         1     2.108      R5C17C.F1 to      R5C11C.D0 probe/serial_out_102
CTOF_DEL    ---     0.495      R5C11C.D0 to      R5C11C.F0 probe/SLICE_416
ROUTE         1     0.623      R5C11C.F0 to      R5C10B.D0 probe/serial_out_156
CTOF_DEL    ---     0.495      R5C10B.D0 to      R5C10B.F0 probe/SLICE_411
ROUTE         1     1.022      R5C10B.F0 to      R8C10C.D0 probe/serial_out_169
CTOF_DEL    ---     0.495      R8C10C.D0 to      R8C10C.F0 probe/SLICE_410
ROUTE         1     1.339      R8C10C.F0 to       11.PADDO serial_out_c
DOPAD_DEL   ---     2.797       11.PADDO to         11.PAD serial_out
                  --------
                   11.599   (45.1% logic, 54.9% route), 6 logic levels.

Unconstrained Preference:
   CLOCK_TO_OUT PORT "serial_out" CLKPORT "clk" 

Report:   11.529ns delay probe/SLICE_480 to serial_out

   Name    Fanout   Delay (ns)          Site               Resource
REG_DEL     ---     0.452      R8C8B.CLK to       R8C8B.Q0 probe/SLICE_480 (from clk_c)
ROUTE         1     2.300       R8C8B.Q0 to      R9C11A.A1 probe/observe[152]
CTOF_DEL    ---     0.495      R9C11A.A1 to      R9C11A.F1 probe/SLICE_471
ROUTE         1     0.693      R9C11A.F1 to      R9C10D.B1 probe/serial_out_124
CTOF_DEL    ---     0.495      R9C10D.B1 to      R9C10D.F1 probe/SLICE_412
ROUTE         1     1.004      R9C10D.F1 to      R9C10D.B0 probe/serial_out_161
CTOF_DEL    ---     0.495      R9C10D.B0 to      R9C10D.F0 probe/SLICE_412
ROUTE         1     0.964      R9C10D.F0 to      R8C10C.A0 probe/serial_out_170
CTOF_DEL    ---     0.495      R8C10C.A0 to      R8C10C.F0 probe/SLICE_410
ROUTE         1     1.339      R8C10C.F0 to       11.PADDO serial_out_c
DOPAD_DEL   ---     2.797       11.PADDO to         11.PAD serial_out
                  --------
                   11.529   (45.4% logic, 54.6% route), 6 logic levels.

Unconstrained Preference:
   CLOCK_TO_OUT PORT "serial_out" CLKPORT "clk" 

Report:   11.512ns delay probe/SLICE_368 to serial_out

   Name    Fanout   Delay (ns)          Site               Resource
REG_DEL     ---     0.452      R4C8B.CLK to       R4C8B.Q1 probe/SLICE_368 (from clk_c)
ROUTE         1     1.042       R4C8B.Q1 to       R4C7C.D1 probe/observe[93]
CTOF_DEL    ---     0.495       R4C7C.D1 to       R4C7C.F1 probe/SLICE_198
ROUTE         1     1.460       R4C7C.F1 to      R5C10D.D0 probe/serial_out_110
CTOF_DEL    ---     0.495      R5C10D.D0 to      R5C10D.F0 probe/SLICE_417
ROUTE         1     1.478      R5C10D.F0 to      R9C10D.A0 probe/serial_out_158
CTOF_DEL    ---     0.495      R9C10D.A0 to      R9C10D.F0 probe/SLICE_412
ROUTE         1     0.964      R9C10D.F0 to      R8C10C.A0 probe/serial_out_170
CTOF_DEL    ---     0.495      R8C10C.A0 to      R8C10C.F0 probe/SLICE_410
ROUTE         1     1.339      R8C10C.F0 to       11.PADDO serial_out_c
DOPAD_DEL   ---     2.797       11.PADDO to         11.PAD serial_out
                  --------
                   11.512   (45.4% logic, 54.6% route), 6 logic levels.

Unconstrained Preference:
   CLOCK_TO_OUT PORT "serial_out" CLKPORT "clk" 

Report:   11.480ns delay probe/SLICE_463 to serial_out

   Name    Fanout   Delay (ns)          Site               Resource
REG_DEL     ---     0.452     R4C13C.CLK to      R4C13C.Q1 probe/SLICE_463 (from clk_c)
ROUTE         1     2.034      R4C13C.Q1 to      R4C10D.B1 probe/observe[77]
CTOF_DEL    ---     0.495      R4C10D.B1 to      R4C10D.F1 probe/SLICE_477
ROUTE         1     1.420      R4C10D.F1 to      R5C10B.B1 probe/serial_out_106
CTOF_DEL    ---     0.495      R5C10B.B1 to      R5C10B.F1 probe/SLICE_411
ROUTE         1     0.436      R5C10B.F1 to      R5C10B.C0 probe/serial_out_157
CTOF_DEL    ---     0.495      R5C10B.C0 to      R5C10B.F0 probe/SLICE_411
ROUTE         1     1.022      R5C10B.F0 to      R8C10C.D0 probe/serial_out_169
CTOF_DEL    ---     0.495      R8C10C.D0 to      R8C10C.F0 probe/SLICE_410
ROUTE         1     1.339      R8C10C.F0 to       11.PADDO serial_out_c
DOPAD_DEL   ---     2.797       11.PADDO to         11.PAD serial_out
                  --------
                   11.480   (45.5% logic, 54.5% route), 6 logic levels.

Unconstrained Preference:
   CLOCK_TO_OUT PORT "serial_out" CLKPORT "clk" 

Report:   11.471ns delay probe/SLICE_372 to serial_out

   Name    Fanout   Delay (ns)          Site               Resource
REG_DEL     ---     0.452      R4C8C.CLK to       R4C8C.Q1 probe/SLICE_372 (from clk_c)
ROUTE         1     1.001       R4C8C.Q1 to       R4C7C.B1 probe/observe[95]
CTOF_DEL    ---     0.495       R4C7C.B1 to       R4C7C.F1 probe/SLICE_198
ROUTE         1     1.460       R4C7C.F1 to      R5C10D.D0 probe/serial_out_110
CTOF_DEL    ---     0.495      R5C10D.D0 to      R5C10D.F0 probe/SLICE_417
ROUTE         1     1.478      R5C10D.F0 to      R9C10D.A0 probe/serial_out_158
CTOF_DEL    ---     0.495      R9C10D.A0 to      R9C10D.F0 probe/SLICE_412
ROUTE         1     0.964      R9C10D.F0 to      R8C10C.A0 probe/serial_out_170
CTOF_DEL    ---     0.495      R8C10C.A0 to      R8C10C.F0 probe/SLICE_410
ROUTE         1     1.339      R8C10C.F0 to       11.PADDO serial_out_c
DOPAD_DEL   ---     2.797       11.PADDO to         11.PAD serial_out
                  --------
                   11.471   (45.6% logic, 54.4% route), 6 logic levels.

Unconstrained Preference:
   CLOCK_TO_OUT PORT "serial_out" CLKPORT "clk" 

Report:   11.456ns delay probe/SLICE_372 to serial_out

   Name    Fanout   Delay (ns)          Site               Resource
REG_DEL     ---     0.452      R4C8C.CLK to       R4C8C.Q0 probe/SLICE_372 (from clk_c)
ROUTE         1     0.986       R4C8C.Q0 to       R4C7C.A1 probe/observe[94]
CTOF_DEL    ---     0.495       R4C7C.A1 to       R4C7C.F1 probe/SLICE_198
ROUTE         1     1.460       R4C7C.F1 to      R5C10D.D0 probe/serial_out_110
CTOF_DEL    ---     0.495      R5C10D.D0 to      R5C10D.F0 probe/SLICE_417
ROUTE         1     1.478      R5C10D.F0 to      R9C10D.A0 probe/serial_out_158
CTOF_DEL    ---     0.495      R9C10D.A0 to      R9C10D.F0 probe/SLICE_412
ROUTE         1     0.964      R9C10D.F0 to      R8C10C.A0 probe/serial_out_170
CTOF_DEL    ---     0.495      R8C10C.A0 to      R8C10C.F0 probe/SLICE_410
ROUTE         1     1.339      R8C10C.F0 to       11.PADDO serial_out_c
DOPAD_DEL   ---     2.797       11.PADDO to         11.PAD serial_out
                  --------
                   11.456   (45.6% logic, 54.4% route), 6 logic levels.

Unconstrained Preference:
   CLOCK_TO_OUT PORT "serial_out" CLKPORT "clk" 

Report:   11.433ns delay probe/SLICE_482 to serial_out

   Name    Fanout   Delay (ns)          Site               Resource
REG_DEL     ---     0.452     R7C14A.CLK to      R7C14A.Q1 probe/SLICE_482 (from clk_c)
ROUTE         1     2.204      R7C14A.Q1 to      R9C11A.C1 probe/observe[149]
CTOF_DEL    ---     0.495      R9C11A.C1 to      R9C11A.F1 probe/SLICE_471
ROUTE         1     0.693      R9C11A.F1 to      R9C10D.B1 probe/serial_out_124
CTOF_DEL    ---     0.495      R9C10D.B1 to      R9C10D.F1 probe/SLICE_412
ROUTE         1     1.004      R9C10D.F1 to      R9C10D.B0 probe/serial_out_161
CTOF_DEL    ---     0.495      R9C10D.B0 to      R9C10D.F0 probe/SLICE_412
ROUTE         1     0.964      R9C10D.F0 to      R8C10C.A0 probe/serial_out_170
CTOF_DEL    ---     0.495      R8C10C.A0 to      R8C10C.F0 probe/SLICE_410
ROUTE         1     1.339      R8C10C.F0 to       11.PADDO serial_out_c
DOPAD_DEL   ---     2.797       11.PADDO to         11.PAD serial_out
                  --------
                   11.433   (45.7% logic, 54.3% route), 6 logic levels.

Unconstrained Preference:
   CLOCK_TO_OUT PORT "serial_out" CLKPORT "clk" 

Report:   11.427ns delay probe/SLICE_482 to serial_out

   Name    Fanout   Delay (ns)          Site               Resource
REG_DEL     ---     0.452     R7C14A.CLK to      R7C14A.Q0 probe/SLICE_482 (from clk_c)
ROUTE         1     2.265      R7C14A.Q0 to      R9C10A.B0 probe/observe[148]
CTOF_DEL    ---     0.495      R9C10A.B0 to      R9C10A.F0 probe/SLICE_472
ROUTE         1     0.626      R9C10A.F0 to      R9C10D.D1 probe/serial_out_123
CTOF_DEL    ---     0.495      R9C10D.D1 to      R9C10D.F1 probe/SLICE_412
ROUTE         1     1.004      R9C10D.F1 to      R9C10D.B0 probe/serial_out_161
CTOF_DEL    ---     0.495      R9C10D.B0 to      R9C10D.F0 probe/SLICE_412
ROUTE         1     0.964      R9C10D.F0 to      R8C10C.A0 probe/serial_out_170
CTOF_DEL    ---     0.495      R8C10C.A0 to      R8C10C.F0 probe/SLICE_410
ROUTE         1     1.339      R8C10C.F0 to       11.PADDO serial_out_c
DOPAD_DEL   ---     2.797       11.PADDO to         11.PAD serial_out
                  --------
                   11.427   (45.8% logic, 54.2% route), 6 logic levels.

Unconstrained Preference:
   CLOCK_TO_OUT PORT "serial_out" CLKPORT "clk" 

Report:   11.422ns delay probe/SLICE_299 to serial_out

   Name    Fanout   Delay (ns)          Site               Resource
REG_DEL     ---     0.452      R8C8A.CLK to       R8C8A.Q1 probe/SLICE_299 (from clk_c)
ROUTE         1     1.004       R8C8A.Q1 to       R8C8B.B1 probe/observe[35]
CTOF_DEL    ---     0.495       R8C8B.B1 to       R8C8B.F1 probe/SLICE_480
ROUTE         1     1.001       R8C8B.F1 to       R7C8B.B0 probe/serial_out_95
CTOF_DEL    ---     0.495       R7C8B.B0 to       R7C8B.F0 probe/SLICE_414
ROUTE         1     1.827       R7C8B.F0 to      R5C10B.B0 probe/serial_out_154
CTOF_DEL    ---     0.495      R5C10B.B0 to      R5C10B.F0 probe/SLICE_411
ROUTE         1     1.022      R5C10B.F0 to      R8C10C.D0 probe/serial_out_169
CTOF_DEL    ---     0.495      R8C10C.D0 to      R8C10C.F0 probe/SLICE_410
ROUTE         1     1.339      R8C10C.F0 to       11.PADDO serial_out_c
DOPAD_DEL   ---     2.797       11.PADDO to         11.PAD serial_out
                  --------
                   11.422   (45.8% logic, 54.2% route), 6 logic levels.

Unconstrained Preference:
   CLOCK_TO_OUT PORT "serial_out" CLKPORT "clk" 

Report:   11.390ns delay probe/SLICE_480 to serial_out

   Name    Fanout   Delay (ns)          Site               Resource
REG_DEL     ---     0.452      R8C8B.CLK to       R8C8B.Q1 probe/SLICE_480 (from clk_c)
ROUTE         1     2.198       R8C8B.Q1 to      R9C11A.A0 probe/observe[153]
CTOF_DEL    ---     0.495      R9C11A.A0 to      R9C11A.F0 probe/SLICE_471
ROUTE         1     0.656      R9C11A.F0 to      R9C10D.A1 probe/serial_out_125
CTOF_DEL    ---     0.495      R9C10D.A1 to      R9C10D.F1 probe/SLICE_412
ROUTE         1     1.004      R9C10D.F1 to      R9C10D.B0 probe/serial_out_161
CTOF_DEL    ---     0.495      R9C10D.B0 to      R9C10D.F0 probe/SLICE_412
ROUTE         1     0.964      R9C10D.F0 to      R8C10C.A0 probe/serial_out_170
CTOF_DEL    ---     0.495      R8C10C.A0 to      R8C10C.F0 probe/SLICE_410
ROUTE         1     1.339      R8C10C.F0 to       11.PADDO serial_out_c
DOPAD_DEL   ---     2.797       11.PADDO to         11.PAD serial_out
                  --------
                   11.390   (45.9% logic, 54.1% route), 6 logic levels.

Unconstrained Preference:
   CLOCK_TO_OUT PORT "serial_out" CLKPORT "clk" 

Report:   11.336ns delay probe/SLICE_298 to serial_out

   Name    Fanout   Delay (ns)          Site               Resource
REG_DEL     ---     0.452      R8C7A.CLK to       R8C7A.Q1 probe/SLICE_298 (from clk_c)
ROUTE         1     1.004       R8C7A.Q1 to       R8C7C.B1 probe/observe[25]
CTOF_DEL    ---     0.495       R8C7C.B1 to       R8C7C.F1 probe/SLICE_413
ROUTE         1     0.436       R8C7C.F1 to       R8C7C.C0 probe/serial_out_93
CTOF_DEL    ---     0.495       R8C7C.C0 to       R8C7C.F0 probe/SLICE_413
ROUTE         1     2.892       R8C7C.F0 to      R8C10C.B1 probe/serial_out_153
CTOF_DEL    ---     0.495      R8C10C.B1 to      R8C10C.F1 probe/SLICE_410
ROUTE         1     0.436      R8C10C.F1 to      R8C10C.C0 probe/serial_out_163
CTOF_DEL    ---     0.495      R8C10C.C0 to      R8C10C.F0 probe/SLICE_410
ROUTE         1     1.339      R8C10C.F0 to       11.PADDO serial_out_c
DOPAD_DEL   ---     2.797       11.PADDO to         11.PAD serial_out
                  --------
                   11.336   (46.1% logic, 53.9% route), 6 logic levels.

Unconstrained Preference:
   CLOCK_TO_OUT PORT "serial_out" CLKPORT "clk" 

Report:   11.299ns delay probe/SLICE_406 to serial_out

   Name    Fanout   Delay (ns)          Site               Resource
REG_DEL     ---     0.452      R8C7D.CLK to       R8C7D.Q0 probe/SLICE_406 (from clk_c)
ROUTE         1     0.967       R8C7D.Q0 to       R8C7C.A1 probe/observe[26]
CTOF_DEL    ---     0.495       R8C7C.A1 to       R8C7C.F1 probe/SLICE_413
ROUTE         1     0.436       R8C7C.F1 to       R8C7C.C0 probe/serial_out_93
CTOF_DEL    ---     0.495       R8C7C.C0 to       R8C7C.F0 probe/SLICE_413
ROUTE         1     2.892       R8C7C.F0 to      R8C10C.B1 probe/serial_out_153
CTOF_DEL    ---     0.495      R8C10C.B1 to      R8C10C.F1 probe/SLICE_410
ROUTE         1     0.436      R8C10C.F1 to      R8C10C.C0 probe/serial_out_163
CTOF_DEL    ---     0.495      R8C10C.C0 to      R8C10C.F0 probe/SLICE_410
ROUTE         1     1.339      R8C10C.F0 to       11.PADDO serial_out_c
DOPAD_DEL   ---     2.797       11.PADDO to         11.PAD serial_out
                  --------
                   11.299   (46.3% logic, 53.7% route), 6 logic levels.

Unconstrained Preference:
   CLOCK_TO_OUT PORT "serial_out" CLKPORT "clk" 

Report:   11.286ns delay probe/SLICE_462 to serial_out

   Name    Fanout   Delay (ns)          Site               Resource
REG_DEL     ---     0.452     R4C15C.CLK to      R4C15C.Q0 probe/SLICE_462 (from clk_c)
ROUTE         1     1.840      R4C15C.Q0 to      R4C10D.A1 probe/observe[78]
CTOF_DEL    ---     0.495      R4C10D.A1 to      R4C10D.F1 probe/SLICE_477
ROUTE         1     1.420      R4C10D.F1 to      R5C10B.B1 probe/serial_out_106
CTOF_DEL    ---     0.495      R5C10B.B1 to      R5C10B.F1 probe/SLICE_411
ROUTE         1     0.436      R5C10B.F1 to      R5C10B.C0 probe/serial_out_157
CTOF_DEL    ---     0.495      R5C10B.C0 to      R5C10B.F0 probe/SLICE_411
ROUTE         1     1.022      R5C10B.F0 to      R8C10C.D0 probe/serial_out_169
CTOF_DEL    ---     0.495      R8C10C.D0 to      R8C10C.F0 probe/SLICE_410
ROUTE         1     1.339      R8C10C.F0 to       11.PADDO serial_out_c
DOPAD_DEL   ---     2.797       11.PADDO to         11.PAD serial_out
                  --------
                   11.286   (46.3% logic, 53.7% route), 6 logic levels.

Unconstrained Preference:
   CLOCK_TO_OUT PORT "serial_out" CLKPORT "clk" 

Report:   11.236ns delay probe/SLICE_371 to serial_out

   Name    Fanout   Delay (ns)          Site               Resource
REG_DEL     ---     0.452      R4C8A.CLK to       R4C8A.Q0 probe/SLICE_371 (from clk_c)
ROUTE         1     0.766       R4C8A.Q0 to       R4C7C.C1 probe/observe[96]
CTOF_DEL    ---     0.495       R4C7C.C1 to       R4C7C.F1 probe/SLICE_198
ROUTE         1     1.460       R4C7C.F1 to      R5C10D.D0 probe/serial_out_110
CTOF_DEL    ---     0.495      R5C10D.D0 to      R5C10D.F0 probe/SLICE_417
ROUTE         1     1.478      R5C10D.F0 to      R9C10D.A0 probe/serial_out_158
CTOF_DEL    ---     0.495      R9C10D.A0 to      R9C10D.F0 probe/SLICE_412
ROUTE         1     0.964      R9C10D.F0 to      R8C10C.A0 probe/serial_out_170
CTOF_DEL    ---     0.495      R8C10C.A0 to      R8C10C.F0 probe/SLICE_410
ROUTE         1     1.339      R8C10C.F0 to       11.PADDO serial_out_c
DOPAD_DEL   ---     2.797       11.PADDO to         11.PAD serial_out
                  --------
                   11.236   (46.5% logic, 53.5% route), 6 logic levels.

Unconstrained Preference:
   CLOCK_TO_OUT PORT "serial_out" CLKPORT "clk" 

Report:   11.178ns delay probe/SLICE_304 to serial_out

   Name    Fanout   Delay (ns)          Site               Resource
REG_DEL     ---     0.452     R4C13A.CLK to      R4C13A.Q0 probe/SLICE_304 (from clk_c)
ROUTE         1     1.875      R4C13A.Q0 to      R7C12D.B0 probe/observe[160]
CTOF_DEL    ---     0.495      R7C12D.B0 to      R7C12D.F0 probe/SLICE_195
ROUTE         1     1.894      R7C12D.F0 to      R9C12D.A1 probe/serial_out_126
CTOF_DEL    ---     0.495      R9C12D.A1 to      R9C12D.F1 probe/SLICE_309
ROUTE         1     1.336      R9C12D.F1 to      R8C10C.B0 probe/serial_out_162
CTOF_DEL    ---     0.495      R8C10C.B0 to      R8C10C.F0 probe/SLICE_410
ROUTE         1     1.339      R8C10C.F0 to       11.PADDO serial_out_c
DOPAD_DEL   ---     2.797       11.PADDO to         11.PAD serial_out
                  --------
                   11.178   (42.4% logic, 57.6% route), 5 logic levels.

Unconstrained Preference:
   CLOCK_TO_OUT PORT "serial_out" CLKPORT "clk" 

Report:   11.170ns delay probe/SLICE_371 to serial_out

   Name    Fanout   Delay (ns)          Site               Resource
REG_DEL     ---     0.452      R4C8A.CLK to       R4C8A.Q1 probe/SLICE_371 (from clk_c)
ROUTE         1     1.193       R4C8A.Q1 to      R5C10A.C1 probe/observe[97]
CTOF_DEL    ---     0.495      R5C10A.C1 to      R5C10A.F1 probe/SLICE_475
ROUTE         1     0.967      R5C10A.F1 to      R5C10D.A0 probe/serial_out_111
CTOF_DEL    ---     0.495      R5C10D.A0 to      R5C10D.F0 probe/SLICE_417
ROUTE         1     1.478      R5C10D.F0 to      R9C10D.A0 probe/serial_out_158
CTOF_DEL    ---     0.495      R9C10D.A0 to      R9C10D.F0 probe/SLICE_412
ROUTE         1     0.964      R9C10D.F0 to      R8C10C.A0 probe/serial_out_170
CTOF_DEL    ---     0.495      R8C10C.A0 to      R8C10C.F0 probe/SLICE_410
ROUTE         1     1.339      R8C10C.F0 to       11.PADDO serial_out_c
DOPAD_DEL   ---     2.797       11.PADDO to         11.PAD serial_out
                  --------
                   11.170   (46.8% logic, 53.2% route), 6 logic levels.

Unconstrained Preference:
   CLOCK_TO_OUT PORT "serial_out" CLKPORT "clk" 

Report:   11.165ns delay probe/SLICE_299 to serial_out

   Name    Fanout   Delay (ns)          Site               Resource
REG_DEL     ---     0.452      R8C8A.CLK to       R8C8A.Q0 probe/SLICE_299 (from clk_c)
ROUTE         1     0.747       R8C8A.Q0 to       R8C8B.C1 probe/observe[34]
CTOF_DEL    ---     0.495       R8C8B.C1 to       R8C8B.F1 probe/SLICE_480
ROUTE         1     1.001       R8C8B.F1 to       R7C8B.B0 probe/serial_out_95
CTOF_DEL    ---     0.495       R7C8B.B0 to       R7C8B.F0 probe/SLICE_414
ROUTE         1     1.827       R7C8B.F0 to      R5C10B.B0 probe/serial_out_154
CTOF_DEL    ---     0.495      R5C10B.B0 to      R5C10B.F0 probe/SLICE_411
ROUTE         1     1.022      R5C10B.F0 to      R8C10C.D0 probe/serial_out_169
CTOF_DEL    ---     0.495      R8C10C.D0 to      R8C10C.F0 probe/SLICE_410
ROUTE         1     1.339      R8C10C.F0 to       11.PADDO serial_out_c
DOPAD_DEL   ---     2.797       11.PADDO to         11.PAD serial_out
                  --------
                   11.165   (46.8% logic, 53.2% route), 6 logic levels.

Unconstrained Preference:
   CLOCK_TO_OUT PORT "serial_out" CLKPORT "clk" 

Report:   11.079ns delay probe/SLICE_306 to serial_out

   Name    Fanout   Delay (ns)          Site               Resource
REG_DEL     ---     0.452     R7C13D.CLK to      R7C13D.Q0 probe/SLICE_306 (from clk_c)
ROUTE         1     1.887      R7C13D.Q0 to      R9C11A.D0 probe/observe[156]
CTOF_DEL    ---     0.495      R9C11A.D0 to      R9C11A.F0 probe/SLICE_471
ROUTE         1     0.656      R9C11A.F0 to      R9C10D.A1 probe/serial_out_125
CTOF_DEL    ---     0.495      R9C10D.A1 to      R9C10D.F1 probe/SLICE_412
ROUTE         1     1.004      R9C10D.F1 to      R9C10D.B0 probe/serial_out_161
CTOF_DEL    ---     0.495      R9C10D.B0 to      R9C10D.F0 probe/SLICE_412
ROUTE         1     0.964      R9C10D.F0 to      R8C10C.A0 probe/serial_out_170
CTOF_DEL    ---     0.495      R8C10C.A0 to      R8C10C.F0 probe/SLICE_410
ROUTE         1     1.339      R8C10C.F0 to       11.PADDO serial_out_c
DOPAD_DEL   ---     2.797       11.PADDO to         11.PAD serial_out
                  --------
                   11.079   (47.2% logic, 52.8% route), 6 logic levels.

Unconstrained Preference:
   CLOCK_TO_OUT PORT "serial_out" CLKPORT "clk" 

Report:   11.079ns delay probe/SLICE_406 to serial_out

   Name    Fanout   Delay (ns)          Site               Resource
REG_DEL     ---     0.452      R8C7D.CLK to       R8C7D.Q1 probe/SLICE_406 (from clk_c)
ROUTE         1     0.747       R8C7D.Q1 to       R8C7C.C1 probe/observe[27]
CTOF_DEL    ---     0.495       R8C7C.C1 to       R8C7C.F1 probe/SLICE_413
ROUTE         1     0.436       R8C7C.F1 to       R8C7C.C0 probe/serial_out_93
CTOF_DEL    ---     0.495       R8C7C.C0 to       R8C7C.F0 probe/SLICE_413
ROUTE         1     2.892       R8C7C.F0 to      R8C10C.B1 probe/serial_out_153
CTOF_DEL    ---     0.495      R8C10C.B1 to      R8C10C.F1 probe/SLICE_410
ROUTE         1     0.436      R8C10C.F1 to      R8C10C.C0 probe/serial_out_163
CTOF_DEL    ---     0.495      R8C10C.C0 to      R8C10C.F0 probe/SLICE_410
ROUTE         1     1.339      R8C10C.F0 to       11.PADDO serial_out_c
DOPAD_DEL   ---     2.797       11.PADDO to         11.PAD serial_out
                  --------
                   11.079   (47.2% logic, 52.8% route), 6 logic levels.

Unconstrained Preference:
   CLOCK_TO_OUT PORT "serial_out" CLKPORT "clk" 

Report:   11.077ns delay probe/SLICE_415 to serial_out

   Name    Fanout   Delay (ns)          Site               Resource
REG_DEL     ---     0.452      R4C9D.CLK to       R4C9D.Q0 probe/SLICE_415 (from clk_c)
ROUTE         1     2.416       R4C9D.Q0 to      R9C10C.B1 probe/observe[130]
CTOF_DEL    ---     0.495      R9C10C.B1 to      R9C10C.F1 probe/SLICE_473
ROUTE         1     0.693      R9C10C.F1 to      R9C10B.B0 probe/serial_out_119
CTOF_DEL    ---     0.495      R9C10B.B0 to      R9C10B.F0 probe/SLICE_419
ROUTE         1     0.436      R9C10B.F0 to      R9C10D.C0 probe/serial_out_160
CTOF_DEL    ---     0.495      R9C10D.C0 to      R9C10D.F0 probe/SLICE_412
ROUTE         1     0.964      R9C10D.F0 to      R8C10C.A0 probe/serial_out_170
CTOF_DEL    ---     0.495      R8C10C.A0 to      R8C10C.F0 probe/SLICE_410
ROUTE         1     1.339      R8C10C.F0 to       11.PADDO serial_out_c
DOPAD_DEL   ---     2.797       11.PADDO to         11.PAD serial_out
                  --------
                   11.077   (47.2% logic, 52.8% route), 6 logic levels.

Unconstrained Preference:
   CLOCK_TO_OUT PORT "serial_out" CLKPORT "clk" 

Report:   11.069ns delay probe/SLICE_417 to serial_out

   Name    Fanout   Delay (ns)          Site               Resource
REG_DEL     ---     0.452     R5C10D.CLK to      R5C10D.Q1 probe/SLICE_417 (from clk_c)
ROUTE         1     1.173      R5C10D.Q1 to      R9C10B.D1 probe/observe[139]
CTOF_DEL    ---     0.495      R9C10B.D1 to      R9C10B.F1 probe/SLICE_419
ROUTE         1     1.928      R9C10B.F1 to      R9C10B.A0 probe/serial_out_121
CTOF_DEL    ---     0.495      R9C10B.A0 to      R9C10B.F0 probe/SLICE_419
ROUTE         1     0.436      R9C10B.F0 to      R9C10D.C0 probe/serial_out_160
CTOF_DEL    ---     0.495      R9C10D.C0 to      R9C10D.F0 probe/SLICE_412
ROUTE         1     0.964      R9C10D.F0 to      R8C10C.A0 probe/serial_out_170
CTOF_DEL    ---     0.495      R8C10C.A0 to      R8C10C.F0 probe/SLICE_410
ROUTE         1     1.339      R8C10C.F0 to       11.PADDO serial_out_c
DOPAD_DEL   ---     2.797       11.PADDO to         11.PAD serial_out
                  --------
                   11.069   (47.2% logic, 52.8% route), 6 logic levels.

Unconstrained Preference:
   CLOCK_TO_OUT PORT "serial_out" CLKPORT "clk" 

Report:   11.041ns delay probe/SLICE_407 to serial_out

   Name    Fanout   Delay (ns)          Site               Resource
REG_DEL     ---     0.452      R8C7B.CLK to       R8C7B.Q0 probe/SLICE_407 (from clk_c)
ROUTE         1     0.623       R8C7B.Q0 to       R8C8B.D1 probe/observe[36]
CTOF_DEL    ---     0.495       R8C8B.D1 to       R8C8B.F1 probe/SLICE_480
ROUTE         1     1.001       R8C8B.F1 to       R7C8B.B0 probe/serial_out_95
CTOF_DEL    ---     0.495       R7C8B.B0 to       R7C8B.F0 probe/SLICE_414
ROUTE         1     1.827       R7C8B.F0 to      R5C10B.B0 probe/serial_out_154
CTOF_DEL    ---     0.495      R5C10B.B0 to      R5C10B.F0 probe/SLICE_411
ROUTE         1     1.022      R5C10B.F0 to      R8C10C.D0 probe/serial_out_169
CTOF_DEL    ---     0.495      R8C10C.D0 to      R8C10C.F0 probe/SLICE_410
ROUTE         1     1.339      R8C10C.F0 to       11.PADDO serial_out_c
DOPAD_DEL   ---     2.797       11.PADDO to         11.PAD serial_out
                  --------
                   11.041   (47.4% logic, 52.6% route), 6 logic levels.

Unconstrained Preference:
   CLOCK_TO_OUT PORT "serial_out" CLKPORT "clk" 

Report:   11.036ns delay probe/SLICE_410 to serial_out

   Name    Fanout   Delay (ns)          Site               Resource
REG_DEL     ---     0.452     R8C10C.CLK to      R8C10C.Q1 probe/SLICE_410 (from clk_c)
ROUTE         1     1.022      R8C10C.Q1 to      R5C10A.D0 probe/observe[101]
CTOF_DEL    ---     0.495      R5C10A.D0 to      R5C10A.F0 probe/SLICE_475
ROUTE         1     1.004      R5C10A.F0 to      R5C10D.B0 probe/serial_out_112
CTOF_DEL    ---     0.495      R5C10D.B0 to      R5C10D.F0 probe/SLICE_417
ROUTE         1     1.478      R5C10D.F0 to      R9C10D.A0 probe/serial_out_158
CTOF_DEL    ---     0.495      R9C10D.A0 to      R9C10D.F0 probe/SLICE_412
ROUTE         1     0.964      R9C10D.F0 to      R8C10C.A0 probe/serial_out_170
CTOF_DEL    ---     0.495      R8C10C.A0 to      R8C10C.F0 probe/SLICE_410
ROUTE         1     1.339      R8C10C.F0 to       11.PADDO serial_out_c
DOPAD_DEL   ---     2.797       11.PADDO to         11.PAD serial_out
                  --------
                   11.036   (47.4% logic, 52.6% route), 6 logic levels.

Unconstrained Preference:
   CLOCK_TO_OUT PORT "serial_out" CLKPORT "clk" 

Report:   11.016ns delay probe/SLICE_343 to serial_out

   Name    Fanout   Delay (ns)          Site               Resource
REG_DEL     ---     0.452      R7C9C.CLK to       R7C9C.Q0 probe/SLICE_343 (from clk_c)
ROUTE         1     1.163       R7C9C.Q0 to       R7C8B.C1 probe/observe[42]
CTOF_DEL    ---     0.495       R7C8B.C1 to       R7C8B.F1 probe/SLICE_414
ROUTE         1     0.436       R7C8B.F1 to       R7C8B.C0 probe/serial_out_97
CTOF_DEL    ---     0.495       R7C8B.C0 to       R7C8B.F0 probe/SLICE_414
ROUTE         1     1.827       R7C8B.F0 to      R5C10B.B0 probe/serial_out_154
CTOF_DEL    ---     0.495      R5C10B.B0 to      R5C10B.F0 probe/SLICE_411
ROUTE         1     1.022      R5C10B.F0 to      R8C10C.D0 probe/serial_out_169
CTOF_DEL    ---     0.495      R8C10C.D0 to      R8C10C.F0 probe/SLICE_410
ROUTE         1     1.339      R8C10C.F0 to       11.PADDO serial_out_c
DOPAD_DEL   ---     2.797       11.PADDO to         11.PAD serial_out
                  --------
                   11.016   (47.5% logic, 52.5% route), 6 logic levels.

Unconstrained Preference:
   CLOCK_TO_OUT PORT "serial_out" CLKPORT "clk" 

Report:   11.000ns delay probe/SLICE_479 to serial_out

   Name    Fanout   Delay (ns)          Site               Resource
REG_DEL     ---     0.452     R3C10C.CLK to      R3C10C.Q1 probe/SLICE_479 (from clk_c)
ROUTE         1     0.986      R3C10C.Q1 to      R5C10A.A0 probe/observe[103]
CTOF_DEL    ---     0.495      R5C10A.A0 to      R5C10A.F0 probe/SLICE_475
ROUTE         1     1.004      R5C10A.F0 to      R5C10D.B0 probe/serial_out_112
CTOF_DEL    ---     0.495      R5C10D.B0 to      R5C10D.F0 probe/SLICE_417
ROUTE         1     1.478      R5C10D.F0 to      R9C10D.A0 probe/serial_out_158
CTOF_DEL    ---     0.495      R9C10D.A0 to      R9C10D.F0 probe/SLICE_412
ROUTE         1     0.964      R9C10D.F0 to      R8C10C.A0 probe/serial_out_170
CTOF_DEL    ---     0.495      R8C10C.A0 to      R8C10C.F0 probe/SLICE_410
ROUTE         1     1.339      R8C10C.F0 to       11.PADDO serial_out_c
DOPAD_DEL   ---     2.797       11.PADDO to         11.PAD serial_out
                  --------
                   11.000   (47.5% logic, 52.5% route), 6 logic levels.

Unconstrained Preference:
   CLOCK_TO_OUT PORT "serial_out" CLKPORT "clk" 

Report:   10.979ns delay probe/SLICE_411 to serial_out

   Name    Fanout   Delay (ns)          Site               Resource
REG_DEL     ---     0.452     R5C10B.CLK to      R5C10B.Q1 probe/SLICE_411 (from clk_c)
ROUTE         1     1.817      R5C10B.Q1 to      R9C10A.A0 probe/observe[145]
CTOF_DEL    ---     0.495      R9C10A.A0 to      R9C10A.F0 probe/SLICE_472
ROUTE         1     0.626      R9C10A.F0 to      R9C10D.D1 probe/serial_out_123
CTOF_DEL    ---     0.495      R9C10D.D1 to      R9C10D.F1 probe/SLICE_412
ROUTE         1     1.004      R9C10D.F1 to      R9C10D.B0 probe/serial_out_161
CTOF_DEL    ---     0.495      R9C10D.B0 to      R9C10D.F0 probe/SLICE_412
ROUTE         1     0.964      R9C10D.F0 to      R8C10C.A0 probe/serial_out_170
CTOF_DEL    ---     0.495      R8C10C.A0 to      R8C10C.F0 probe/SLICE_410
ROUTE         1     1.339      R8C10C.F0 to       11.PADDO serial_out_c
DOPAD_DEL   ---     2.797       11.PADDO to         11.PAD serial_out
                  --------
                   10.979   (47.6% logic, 52.4% route), 6 logic levels.

Unconstrained Preference:
   CLOCK_TO_OUT PORT "serial_out" CLKPORT "clk" 

Report:   10.977ns delay probe/SLICE_468 to serial_out

   Name    Fanout   Delay (ns)          Site               Resource
REG_DEL     ---     0.452      R7C7D.CLK to       R7C7D.Q0 probe/SLICE_468 (from clk_c)
ROUTE         1     0.645       R7C7D.Q0 to       R8C7C.D1 probe/observe[28]
CTOF_DEL    ---     0.495       R8C7C.D1 to       R8C7C.F1 probe/SLICE_413
ROUTE         1     0.436       R8C7C.F1 to       R8C7C.C0 probe/serial_out_93
CTOF_DEL    ---     0.495       R8C7C.C0 to       R8C7C.F0 probe/SLICE_413
ROUTE         1     2.892       R8C7C.F0 to      R8C10C.B1 probe/serial_out_153
CTOF_DEL    ---     0.495      R8C10C.B1 to      R8C10C.F1 probe/SLICE_410
ROUTE         1     0.436      R8C10C.F1 to      R8C10C.C0 probe/serial_out_163
CTOF_DEL    ---     0.495      R8C10C.C0 to      R8C10C.F0 probe/SLICE_410
ROUTE         1     1.339      R8C10C.F0 to       11.PADDO serial_out_c
DOPAD_DEL   ---     2.797       11.PADDO to         11.PAD serial_out
                  --------
                   10.977   (47.6% logic, 52.4% route), 6 logic levels.

Unconstrained Preference:
   CLOCK_TO_OUT PORT "serial_out" CLKPORT "clk" 

Report:   10.966ns delay probe/SLICE_353 to serial_out

   Name    Fanout   Delay (ns)          Site               Resource
REG_DEL     ---     0.452     R5C15D.CLK to      R5C15D.Q0 probe/SLICE_353 (from clk_c)
ROUTE         1     0.645      R5C15D.Q0 to      R5C17C.D1 probe/observe[62]
CTOF_DEL    ---     0.495      R5C17C.D1 to      R5C17C.F1 probe/SLICE_200
ROUTE         1     2.108      R5C17C.F1 to      R5C11C.D0 probe/serial_out_102
CTOF_DEL    ---     0.495      R5C11C.D0 to      R5C11C.F0 probe/SLICE_416
ROUTE         1     0.623      R5C11C.F0 to      R5C10B.D0 probe/serial_out_156
CTOF_DEL    ---     0.495      R5C10B.D0 to      R5C10B.F0 probe/SLICE_411
ROUTE         1     1.022      R5C10B.F0 to      R8C10C.D0 probe/serial_out_169
CTOF_DEL    ---     0.495      R8C10C.D0 to      R8C10C.F0 probe/SLICE_410
ROUTE         1     1.339      R8C10C.F0 to       11.PADDO serial_out_c
DOPAD_DEL   ---     2.797       11.PADDO to         11.PAD serial_out
                  --------
                   10.966   (47.7% logic, 52.3% route), 6 logic levels.

Unconstrained Preference:
   CLOCK_TO_OUT PORT "serial_out" CLKPORT "clk" 

Report:   10.897ns delay probe/SLICE_144 to serial_out

   Name    Fanout   Delay (ns)          Site               Resource
REG_DEL     ---     0.452    R10C10D.CLK to     R10C10D.Q1 probe/SLICE_144 (from clk_c)
ROUTE         1     1.001     R10C10D.Q1 to      R9C10B.B1 probe/observe[138]
CTOF_DEL    ---     0.495      R9C10B.B1 to      R9C10B.F1 probe/SLICE_419
ROUTE         1     1.928      R9C10B.F1 to      R9C10B.A0 probe/serial_out_121
CTOF_DEL    ---     0.495      R9C10B.A0 to      R9C10B.F0 probe/SLICE_419
ROUTE         1     0.436      R9C10B.F0 to      R9C10D.C0 probe/serial_out_160
CTOF_DEL    ---     0.495      R9C10D.C0 to      R9C10D.F0 probe/SLICE_412
ROUTE         1     0.964      R9C10D.F0 to      R8C10C.A0 probe/serial_out_170
CTOF_DEL    ---     0.495      R8C10C.A0 to      R8C10C.F0 probe/SLICE_410
ROUTE         1     1.339      R8C10C.F0 to       11.PADDO serial_out_c
DOPAD_DEL   ---     2.797       11.PADDO to         11.PAD serial_out
                  --------
                   10.897   (48.0% logic, 52.0% route), 6 logic levels.

Unconstrained Preference:
   CLOCK_TO_OUT PORT "serial_out" CLKPORT "clk" 

Report:   10.860ns delay probe/SLICE_418 to serial_out

   Name    Fanout   Delay (ns)          Site               Resource
REG_DEL     ---     0.452     R9C11B.CLK to      R9C11B.Q0 probe/SLICE_418 (from clk_c)
ROUTE         1     0.964      R9C11B.Q0 to      R9C10B.A1 probe/observe[140]
CTOF_DEL    ---     0.495      R9C10B.A1 to      R9C10B.F1 probe/SLICE_419
ROUTE         1     1.928      R9C10B.F1 to      R9C10B.A0 probe/serial_out_121
CTOF_DEL    ---     0.495      R9C10B.A0 to      R9C10B.F0 probe/SLICE_419
ROUTE         1     0.436      R9C10B.F0 to      R9C10D.C0 probe/serial_out_160
CTOF_DEL    ---     0.495      R9C10D.C0 to      R9C10D.F0 probe/SLICE_412
ROUTE         1     0.964      R9C10D.F0 to      R8C10C.A0 probe/serial_out_170
CTOF_DEL    ---     0.495      R8C10C.A0 to      R8C10C.F0 probe/SLICE_410
ROUTE         1     1.339      R8C10C.F0 to       11.PADDO serial_out_c
DOPAD_DEL   ---     2.797       11.PADDO to         11.PAD serial_out
                  --------
                   10.860   (48.1% logic, 51.9% route), 6 logic levels.

Unconstrained Preference:
   CLOCK_TO_OUT PORT "serial_out" CLKPORT "clk" 

Report:   10.857ns delay probe/SLICE_425 to serial_out

   Name    Fanout   Delay (ns)          Site               Resource
REG_DEL     ---     0.452      R7C8D.CLK to       R7C8D.Q1 probe/SLICE_425 (from clk_c)
ROUTE         1     1.004       R7C8D.Q1 to       R7C8B.B1 probe/observe[41]
CTOF_DEL    ---     0.495       R7C8B.B1 to       R7C8B.F1 probe/SLICE_414
ROUTE         1     0.436       R7C8B.F1 to       R7C8B.C0 probe/serial_out_97
CTOF_DEL    ---     0.495       R7C8B.C0 to       R7C8B.F0 probe/SLICE_414
ROUTE         1     1.827       R7C8B.F0 to      R5C10B.B0 probe/serial_out_154
CTOF_DEL    ---     0.495      R5C10B.B0 to      R5C10B.F0 probe/SLICE_411
ROUTE         1     1.022      R5C10B.F0 to      R8C10C.D0 probe/serial_out_169
CTOF_DEL    ---     0.495      R8C10C.D0 to      R8C10C.F0 probe/SLICE_410
ROUTE         1     1.339      R8C10C.F0 to       11.PADDO serial_out_c
DOPAD_DEL   ---     2.797       11.PADDO to         11.PAD serial_out
                  --------
                   10.857   (48.2% logic, 51.8% route), 6 logic levels.

Unconstrained Preference:
   CLOCK_TO_OUT PORT "serial_out" CLKPORT "clk" 

Report:   10.801ns delay probe/SLICE_347 to serial_out

   Name    Fanout   Delay (ns)          Site               Resource
REG_DEL     ---     0.452     R3C11C.CLK to      R3C11C.Q0 probe/SLICE_347 (from clk_c)
ROUTE         1     1.079      R3C11C.Q0 to       R4C9D.C1 probe/observe[60]
CTOF_DEL    ---     0.495       R4C9D.C1 to       R4C9D.F1 probe/SLICE_415
ROUTE         1     0.436       R4C9D.F1 to       R4C9D.C0 probe/serial_out_101
CTOF_DEL    ---     0.495       R4C9D.C0 to       R4C9D.F0 probe/SLICE_415
ROUTE         1     1.696       R4C9D.F0 to      R5C10B.A0 probe/serial_out_155
CTOF_DEL    ---     0.495      R5C10B.A0 to      R5C10B.F0 probe/SLICE_411
ROUTE         1     1.022      R5C10B.F0 to      R8C10C.D0 probe/serial_out_169
CTOF_DEL    ---     0.495      R8C10C.D0 to      R8C10C.F0 probe/SLICE_410
ROUTE         1     1.339      R8C10C.F0 to       11.PADDO serial_out_c
DOPAD_DEL   ---     2.797       11.PADDO to         11.PAD serial_out
                  --------
                   10.801   (48.4% logic, 51.6% route), 6 logic levels.

Unconstrained Preference:
   CLOCK_TO_OUT PORT "serial_out" CLKPORT "clk" 

Report:   10.769ns delay probe/SLICE_416 to serial_out

   Name    Fanout   Delay (ns)          Site               Resource
REG_DEL     ---     0.452     R5C11C.CLK to      R5C11C.Q0 probe/SLICE_416 (from clk_c)
ROUTE         1     2.108      R5C11C.Q0 to      R9C10C.D1 probe/observe[132]
CTOF_DEL    ---     0.495      R9C10C.D1 to      R9C10C.F1 probe/SLICE_473
ROUTE         1     0.693      R9C10C.F1 to      R9C10B.B0 probe/serial_out_119
CTOF_DEL    ---     0.495      R9C10B.B0 to      R9C10B.F0 probe/SLICE_419
ROUTE         1     0.436      R9C10B.F0 to      R9C10D.C0 probe/serial_out_160
CTOF_DEL    ---     0.495      R9C10D.C0 to      R9C10D.F0 probe/SLICE_412
ROUTE         1     0.964      R9C10D.F0 to      R8C10C.A0 probe/serial_out_170
CTOF_DEL    ---     0.495      R8C10C.A0 to      R8C10C.F0 probe/SLICE_410
ROUTE         1     1.339      R8C10C.F0 to       11.PADDO serial_out_c
DOPAD_DEL   ---     2.797       11.PADDO to         11.PAD serial_out
                  --------
                   10.769   (48.6% logic, 51.4% route), 6 logic levels.

Unconstrained Preference:
   CLOCK_TO_OUT PORT "serial_out" CLKPORT "clk" 

Report:   10.758ns delay probe/SLICE_478 to serial_out

   Name    Fanout   Delay (ns)          Site               Resource
REG_DEL     ---     0.452     R5C11A.CLK to      R5C11A.Q0 probe/SLICE_478 (from clk_c)
ROUTE         1     0.744      R5C11A.Q0 to      R5C10A.C0 probe/observe[104]
CTOF_DEL    ---     0.495      R5C10A.C0 to      R5C10A.F0 probe/SLICE_475
ROUTE         1     1.004      R5C10A.F0 to      R5C10D.B0 probe/serial_out_112
CTOF_DEL    ---     0.495      R5C10D.B0 to      R5C10D.F0 probe/SLICE_417
ROUTE         1     1.478      R5C10D.F0 to      R9C10D.A0 probe/serial_out_158
CTOF_DEL    ---     0.495      R9C10D.A0 to      R9C10D.F0 probe/SLICE_412
ROUTE         1     0.964      R9C10D.F0 to      R8C10C.A0 probe/serial_out_170
CTOF_DEL    ---     0.495      R8C10C.A0 to      R8C10C.F0 probe/SLICE_410
ROUTE         1     1.339      R8C10C.F0 to       11.PADDO serial_out_c
DOPAD_DEL   ---     2.797       11.PADDO to         11.PAD serial_out
                  --------
                   10.758   (48.6% logic, 51.4% route), 6 logic levels.

Unconstrained Preference:
   CLOCK_TO_OUT PORT "serial_out" CLKPORT "clk" 

Report:   10.751ns delay probe/SLICE_305 to serial_out

   Name    Fanout   Delay (ns)          Site               Resource
REG_DEL     ---     0.452     R5C12A.CLK to      R5C12A.Q0 probe/SLICE_305 (from clk_c)
ROUTE         1     1.448      R5C12A.Q0 to      R7C12D.A0 probe/observe[158]
CTOF_DEL    ---     0.495      R7C12D.A0 to      R7C12D.F0 probe/SLICE_195
ROUTE         1     1.894      R7C12D.F0 to      R9C12D.A1 probe/serial_out_126
CTOF_DEL    ---     0.495      R9C12D.A1 to      R9C12D.F1 probe/SLICE_309
ROUTE         1     1.336      R9C12D.F1 to      R8C10C.B0 probe/serial_out_162
CTOF_DEL    ---     0.495      R8C10C.B0 to      R8C10C.F0 probe/SLICE_410
ROUTE         1     1.339      R8C10C.F0 to       11.PADDO serial_out_c
DOPAD_DEL   ---     2.797       11.PADDO to         11.PAD serial_out
                  --------
                   10.751   (44.0% logic, 56.0% route), 5 logic levels.

Unconstrained Preference:
   CLOCK_TO_OUT PORT "serial_out" CLKPORT "clk" 

Report:   10.745ns delay probe/SLICE_447 to serial_out

   Name    Fanout   Delay (ns)          Site               Resource
REG_DEL     ---     0.452     R3C12C.CLK to      R3C12C.Q0 probe/SLICE_447 (from clk_c)
ROUTE         1     1.733      R3C12C.Q0 to      R4C10D.B0 probe/observe[82]
CTOF_DEL    ---     0.495      R4C10D.B0 to      R4C10D.F0 probe/SLICE_477
ROUTE         1     0.986      R4C10D.F0 to      R5C10B.A1 probe/serial_out_107
CTOF_DEL    ---     0.495      R5C10B.A1 to      R5C10B.F1 probe/SLICE_411
ROUTE         1     0.436      R5C10B.F1 to      R5C10B.C0 probe/serial_out_157
CTOF_DEL    ---     0.495      R5C10B.C0 to      R5C10B.F0 probe/SLICE_411
ROUTE         1     1.022      R5C10B.F0 to      R8C10C.D0 probe/serial_out_169
CTOF_DEL    ---     0.495      R8C10C.D0 to      R8C10C.F0 probe/SLICE_410
ROUTE         1     1.339      R8C10C.F0 to       11.PADDO serial_out_c
DOPAD_DEL   ---     2.797       11.PADDO to         11.PAD serial_out
                  --------
                   10.745   (48.7% logic, 51.3% route), 6 logic levels.

Unconstrained Preference:
   CLOCK_TO_OUT PORT "serial_out" CLKPORT "clk" 

Report:   10.745ns delay probe/SLICE_346 to serial_out

   Name    Fanout   Delay (ns)          Site               Resource
REG_DEL     ---     0.452      R5C9C.CLK to       R5C9C.Q1 probe/SLICE_346 (from clk_c)
ROUTE         1     1.023       R5C9C.Q1 to       R4C9D.B1 probe/observe[59]
CTOF_DEL    ---     0.495       R4C9D.B1 to       R4C9D.F1 probe/SLICE_415
ROUTE         1     0.436       R4C9D.F1 to       R4C9D.C0 probe/serial_out_101
CTOF_DEL    ---     0.495       R4C9D.C0 to       R4C9D.F0 probe/SLICE_415
ROUTE         1     1.696       R4C9D.F0 to      R5C10B.A0 probe/serial_out_155
CTOF_DEL    ---     0.495      R5C10B.A0 to      R5C10B.F0 probe/SLICE_411
ROUTE         1     1.022      R5C10B.F0 to      R8C10C.D0 probe/serial_out_169
CTOF_DEL    ---     0.495      R8C10C.D0 to      R8C10C.F0 probe/SLICE_410
ROUTE         1     1.339      R8C10C.F0 to       11.PADDO serial_out_c
DOPAD_DEL   ---     2.797       11.PADDO to         11.PAD serial_out
                  --------
                   10.745   (48.7% logic, 51.3% route), 6 logic levels.

Unconstrained Preference:
   CLOCK_TO_OUT PORT "serial_out" CLKPORT "clk" 

Report:   10.733ns delay probe/SLICE_404 to serial_out

   Name    Fanout   Delay (ns)          Site               Resource
REG_DEL     ---     0.452      R7C7B.CLK to       R7C7B.Q0 probe/SLICE_404 (from clk_c)
ROUTE         1     1.001       R7C7B.Q0 to       R7C8C.B0 probe/observe[32]
CTOF_DEL    ---     0.495       R7C8C.B0 to       R7C8C.F0 probe/SLICE_209
ROUTE         1     0.315       R7C8C.F0 to       R7C8B.D0 probe/serial_out_94
CTOF_DEL    ---     0.495       R7C8B.D0 to       R7C8B.F0 probe/SLICE_414
ROUTE         1     1.827       R7C8B.F0 to      R5C10B.B0 probe/serial_out_154
CTOF_DEL    ---     0.495      R5C10B.B0 to      R5C10B.F0 probe/SLICE_411
ROUTE         1     1.022      R5C10B.F0 to      R8C10C.D0 probe/serial_out_169
CTOF_DEL    ---     0.495      R8C10C.D0 to      R8C10C.F0 probe/SLICE_410
ROUTE         1     1.339      R8C10C.F0 to       11.PADDO serial_out_c
DOPAD_DEL   ---     2.797       11.PADDO to         11.PAD serial_out
                  --------
                   10.733   (48.7% logic, 51.3% route), 6 logic levels.

Unconstrained Preference:
   CLOCK_TO_OUT PORT "serial_out" CLKPORT "clk" 

Report:   10.718ns delay probe/SLICE_405 to serial_out

   Name    Fanout   Delay (ns)          Site               Resource
REG_DEL     ---     0.452      R7C7C.CLK to       R7C7C.Q1 probe/SLICE_405 (from clk_c)
ROUTE         1     0.986       R7C7C.Q1 to       R7C8C.A0 probe/observe[31]
CTOF_DEL    ---     0.495       R7C8C.A0 to       R7C8C.F0 probe/SLICE_209
ROUTE         1     0.315       R7C8C.F0 to       R7C8B.D0 probe/serial_out_94
CTOF_DEL    ---     0.495       R7C8B.D0 to       R7C8B.F0 probe/SLICE_414
ROUTE         1     1.827       R7C8B.F0 to      R5C10B.B0 probe/serial_out_154
CTOF_DEL    ---     0.495      R5C10B.B0 to      R5C10B.F0 probe/SLICE_411
ROUTE         1     1.022      R5C10B.F0 to      R8C10C.D0 probe/serial_out_169
CTOF_DEL    ---     0.495      R8C10C.D0 to      R8C10C.F0 probe/SLICE_410
ROUTE         1     1.339      R8C10C.F0 to       11.PADDO serial_out_c
DOPAD_DEL   ---     2.797       11.PADDO to         11.PAD serial_out
                  --------
                   10.718   (48.8% logic, 51.2% route), 6 logic levels.

Unconstrained Preference:
   CLOCK_TO_OUT PORT "serial_out" CLKPORT "clk" 

Report:   10.680ns delay probe/SLICE_449 to serial_out

   Name    Fanout   Delay (ns)          Site               Resource
REG_DEL     ---     0.452      R2C9D.CLK to       R2C9D.Q1 probe/SLICE_449 (from clk_c)
ROUTE         1     0.958       R2C9D.Q1 to       R4C9D.D1 probe/observe[57]
CTOF_DEL    ---     0.495       R4C9D.D1 to       R4C9D.F1 probe/SLICE_415
ROUTE         1     0.436       R4C9D.F1 to       R4C9D.C0 probe/serial_out_101
CTOF_DEL    ---     0.495       R4C9D.C0 to       R4C9D.F0 probe/SLICE_415
ROUTE         1     1.696       R4C9D.F0 to      R5C10B.A0 probe/serial_out_155
CTOF_DEL    ---     0.495      R5C10B.A0 to      R5C10B.F0 probe/SLICE_411
ROUTE         1     1.022      R5C10B.F0 to      R8C10C.D0 probe/serial_out_169
CTOF_DEL    ---     0.495      R8C10C.D0 to      R8C10C.F0 probe/SLICE_410
ROUTE         1     1.339      R8C10C.F0 to       11.PADDO serial_out_c
DOPAD_DEL   ---     2.797       11.PADDO to         11.PAD serial_out
                  --------
                   10.680   (49.0% logic, 51.0% route), 6 logic levels.

Unconstrained Preference:
   CLOCK_TO_OUT PORT "serial_out" CLKPORT "clk" 

Report:   10.679ns delay probe/SLICE_481 to serial_out

   Name    Fanout   Delay (ns)          Site               Resource
REG_DEL     ---     0.452     R8C12D.CLK to      R8C12D.Q0 probe/SLICE_481 (from clk_c)
ROUTE         1     1.450      R8C12D.Q0 to      R9C11A.B1 probe/observe[150]
CTOF_DEL    ---     0.495      R9C11A.B1 to      R9C11A.F1 probe/SLICE_471
ROUTE         1     0.693      R9C11A.F1 to      R9C10D.B1 probe/serial_out_124
CTOF_DEL    ---     0.495      R9C10D.B1 to      R9C10D.F1 probe/SLICE_412
ROUTE         1     1.004      R9C10D.F1 to      R9C10D.B0 probe/serial_out_161
CTOF_DEL    ---     0.495      R9C10D.B0 to      R9C10D.F0 probe/SLICE_412
ROUTE         1     0.964      R9C10D.F0 to      R8C10C.A0 probe/serial_out_170
CTOF_DEL    ---     0.495      R8C10C.A0 to      R8C10C.F0 probe/SLICE_410
ROUTE         1     1.339      R8C10C.F0 to       11.PADDO serial_out_c
DOPAD_DEL   ---     2.797       11.PADDO to         11.PAD serial_out
                  --------
                   10.679   (49.0% logic, 51.0% route), 6 logic levels.

Unconstrained Preference:
   CLOCK_TO_OUT PORT "serial_out" CLKPORT "clk" 

Report:   10.664ns delay probe/SLICE_76 to serial_out

   Name    Fanout   Delay (ns)          Site               Resource
REG_DEL     ---     0.452      R5C9D.CLK to       R5C9D.Q1 probe/SLICE_76 (from clk_c)
ROUTE         1     2.000       R5C9D.Q1 to      R8C10A.D1 probe/observe[4]
CTOF_DEL    ---     0.495      R8C10A.D1 to      R8C10A.F1 probe/SLICE_420
ROUTE         1     0.693      R8C10A.F1 to      R8C10A.B0 probe/serial_out_87
CTOF_DEL    ---     0.495      R8C10A.B0 to      R8C10A.F0 probe/SLICE_420
ROUTE         1     0.967      R8C10A.F0 to      R8C10C.A1 probe/serial_out_130
CTOF_DEL    ---     0.495      R8C10C.A1 to      R8C10C.F1 probe/SLICE_410
ROUTE         1     0.436      R8C10C.F1 to      R8C10C.C0 probe/serial_out_163
CTOF_DEL    ---     0.495      R8C10C.C0 to      R8C10C.F0 probe/SLICE_410
ROUTE         1     1.339      R8C10C.F0 to       11.PADDO serial_out_c
DOPAD_DEL   ---     2.797       11.PADDO to         11.PAD serial_out
                  --------
                   10.664   (49.0% logic, 51.0% route), 6 logic levels.

Unconstrained Preference:
   CLOCK_TO_OUT PORT "serial_out" CLKPORT "clk" 

Report:   10.655ns delay probe/SLICE_415 to serial_out

   Name    Fanout   Delay (ns)          Site               Resource
REG_DEL     ---     0.452      R4C9D.CLK to       R4C9D.Q1 probe/SLICE_415 (from clk_c)
ROUTE         1     1.994       R4C9D.Q1 to      R9C10C.C1 probe/observe[131]
CTOF_DEL    ---     0.495      R9C10C.C1 to      R9C10C.F1 probe/SLICE_473
ROUTE         1     0.693      R9C10C.F1 to      R9C10B.B0 probe/serial_out_119
CTOF_DEL    ---     0.495      R9C10B.B0 to      R9C10B.F0 probe/SLICE_419
ROUTE         1     0.436      R9C10B.F0 to      R9C10D.C0 probe/serial_out_160
CTOF_DEL    ---     0.495      R9C10D.C0 to      R9C10D.F0 probe/SLICE_412
ROUTE         1     0.964      R9C10D.F0 to      R8C10C.A0 probe/serial_out_170
CTOF_DEL    ---     0.495      R8C10C.A0 to      R8C10C.F0 probe/SLICE_410
ROUTE         1     1.339      R8C10C.F0 to       11.PADDO serial_out_c
DOPAD_DEL   ---     2.797       11.PADDO to         11.PAD serial_out
                  --------
                   10.655   (49.1% logic, 50.9% route), 6 logic levels.

Unconstrained Preference:
   CLOCK_TO_OUT PORT "serial_out" CLKPORT "clk" 

Report:   10.640ns delay probe/SLICE_144 to serial_out

   Name    Fanout   Delay (ns)          Site               Resource
REG_DEL     ---     0.452    R10C10D.CLK to     R10C10D.Q0 probe/SLICE_144 (from clk_c)
ROUTE         1     0.744     R10C10D.Q0 to      R9C10B.C1 probe/observe[137]
CTOF_DEL    ---     0.495      R9C10B.C1 to      R9C10B.F1 probe/SLICE_419
ROUTE         1     1.928      R9C10B.F1 to      R9C10B.A0 probe/serial_out_121
CTOF_DEL    ---     0.495      R9C10B.A0 to      R9C10B.F0 probe/SLICE_419
ROUTE         1     0.436      R9C10B.F0 to      R9C10D.C0 probe/serial_out_160
CTOF_DEL    ---     0.495      R9C10D.C0 to      R9C10D.F0 probe/SLICE_412
ROUTE         1     0.964      R9C10D.F0 to      R8C10C.A0 probe/serial_out_170
CTOF_DEL    ---     0.495      R8C10C.A0 to      R8C10C.F0 probe/SLICE_410
ROUTE         1     1.339      R8C10C.F0 to       11.PADDO serial_out_c
DOPAD_DEL   ---     2.797       11.PADDO to         11.PAD serial_out
                  --------
                   10.640   (49.1% logic, 50.9% route), 6 logic levels.

Unconstrained Preference:
   CLOCK_TO_OUT PORT "serial_out" CLKPORT "clk" 

Report:   10.607ns delay probe/SLICE_78 to serial_out

   Name    Fanout   Delay (ns)          Site               Resource
REG_DEL     ---     0.452     R3C14B.CLK to      R3C14B.Q0 probe/SLICE_78 (from clk_c)
ROUTE         1     2.316      R3C14B.Q0 to      R7C14A.A1 probe/observe[7]
CTOF_DEL    ---     0.495      R7C14A.A1 to      R7C14A.F1 probe/SLICE_482
ROUTE         1     1.782      R7C14A.F1 to      R8C10C.D1 probe/serial_out_88
CTOF_DEL    ---     0.495      R8C10C.D1 to      R8C10C.F1 probe/SLICE_410
ROUTE         1     0.436      R8C10C.F1 to      R8C10C.C0 probe/serial_out_163
CTOF_DEL    ---     0.495      R8C10C.C0 to      R8C10C.F0 probe/SLICE_410
ROUTE         1     1.339      R8C10C.F0 to       11.PADDO serial_out_c
DOPAD_DEL   ---     2.797       11.PADDO to         11.PAD serial_out
                  --------
                   10.607   (44.6% logic, 55.4% route), 5 logic levels.

Unconstrained Preference:
   CLOCK_TO_OUT PORT "serial_out" CLKPORT "clk" 

Report:   10.603ns delay probe/SLICE_462 to serial_out

   Name    Fanout   Delay (ns)          Site               Resource
REG_DEL     ---     0.452     R4C15C.CLK to      R4C15C.Q1 probe/SLICE_462 (from clk_c)
ROUTE         1     1.157      R4C15C.Q1 to      R4C10D.D1 probe/observe[79]
CTOF_DEL    ---     0.495      R4C10D.D1 to      R4C10D.F1 probe/SLICE_477
ROUTE         1     1.420      R4C10D.F1 to      R5C10B.B1 probe/serial_out_106
CTOF_DEL    ---     0.495      R5C10B.B1 to      R5C10B.F1 probe/SLICE_411
ROUTE         1     0.436      R5C10B.F1 to      R5C10B.C0 probe/serial_out_157
CTOF_DEL    ---     0.495      R5C10B.C0 to      R5C10B.F0 probe/SLICE_411
ROUTE         1     1.022      R5C10B.F0 to      R8C10C.D0 probe/serial_out_169
CTOF_DEL    ---     0.495      R8C10C.D0 to      R8C10C.F0 probe/SLICE_410
ROUTE         1     1.339      R8C10C.F0 to       11.PADDO serial_out_c
DOPAD_DEL   ---     2.797       11.PADDO to         11.PAD serial_out
                  --------
                   10.603   (49.3% logic, 50.7% route), 6 logic levels.

Unconstrained Preference:
   CLOCK_TO_OUT PORT "serial_out" CLKPORT "clk" 

Report:   10.584ns delay probe/SLICE_481 to serial_out

   Name    Fanout   Delay (ns)          Site               Resource
REG_DEL     ---     0.452     R8C12D.CLK to      R8C12D.Q1 probe/SLICE_481 (from clk_c)
ROUTE         1     1.355      R8C12D.Q1 to      R9C11A.D1 probe/observe[151]
CTOF_DEL    ---     0.495      R9C11A.D1 to      R9C11A.F1 probe/SLICE_471
ROUTE         1     0.693      R9C11A.F1 to      R9C10D.B1 probe/serial_out_124
CTOF_DEL    ---     0.495      R9C10D.B1 to      R9C10D.F1 probe/SLICE_412
ROUTE         1     1.004      R9C10D.F1 to      R9C10D.B0 probe/serial_out_161
CTOF_DEL    ---     0.495      R9C10D.B0 to      R9C10D.F0 probe/SLICE_412
ROUTE         1     0.964      R9C10D.F0 to      R8C10C.A0 probe/serial_out_170
CTOF_DEL    ---     0.495      R8C10C.A0 to      R8C10C.F0 probe/SLICE_410
ROUTE         1     1.339      R8C10C.F0 to       11.PADDO serial_out_c
DOPAD_DEL   ---     2.797       11.PADDO to         11.PAD serial_out
                  --------
                   10.584   (49.4% logic, 50.6% route), 6 logic levels.

Unconstrained Preference:
   CLOCK_TO_OUT PORT "serial_out" CLKPORT "clk" 

Report:   10.577ns delay probe/SLICE_411 to serial_out

   Name    Fanout   Delay (ns)          Site               Resource
REG_DEL     ---     0.452     R5C10B.CLK to      R5C10B.Q0 probe/SLICE_411 (from clk_c)
ROUTE         1     1.294      R5C10B.Q0 to      R9C10A.C1 probe/observe[144]
CTOF_DEL    ---     0.495      R9C10A.C1 to      R9C10A.F1 probe/SLICE_472
ROUTE         1     0.747      R9C10A.F1 to      R9C10D.C1 probe/serial_out_122
CTOF_DEL    ---     0.495      R9C10D.C1 to      R9C10D.F1 probe/SLICE_412
ROUTE         1     1.004      R9C10D.F1 to      R9C10D.B0 probe/serial_out_161
CTOF_DEL    ---     0.495      R9C10D.B0 to      R9C10D.F0 probe/SLICE_412
ROUTE         1     0.964      R9C10D.F0 to      R8C10C.A0 probe/serial_out_170
CTOF_DEL    ---     0.495      R8C10C.A0 to      R8C10C.F0 probe/SLICE_410
ROUTE         1     1.339      R8C10C.F0 to       11.PADDO serial_out_c
DOPAD_DEL   ---     2.797       11.PADDO to         11.PAD serial_out
                  --------
                   10.577   (49.4% logic, 50.6% route), 6 logic levels.

Unconstrained Preference:
   CLOCK_TO_OUT PORT "serial_out" CLKPORT "clk" 

Report:   10.566ns delay probe/SLICE_447 to serial_out

   Name    Fanout   Delay (ns)          Site               Resource
REG_DEL     ---     0.452     R3C12C.CLK to      R3C12C.Q1 probe/SLICE_447 (from clk_c)
ROUTE         1     1.554      R3C12C.Q1 to      R4C10D.D0 probe/observe[83]
CTOF_DEL    ---     0.495      R4C10D.D0 to      R4C10D.F0 probe/SLICE_477
ROUTE         1     0.986      R4C10D.F0 to      R5C10B.A1 probe/serial_out_107
CTOF_DEL    ---     0.495      R5C10B.A1 to      R5C10B.F1 probe/SLICE_411
ROUTE         1     0.436      R5C10B.F1 to      R5C10B.C0 probe/serial_out_157
CTOF_DEL    ---     0.495      R5C10B.C0 to      R5C10B.F0 probe/SLICE_411
ROUTE         1     1.022      R5C10B.F0 to      R8C10C.D0 probe/serial_out_169
CTOF_DEL    ---     0.495      R8C10C.D0 to      R8C10C.F0 probe/SLICE_410
ROUTE         1     1.339      R8C10C.F0 to       11.PADDO serial_out_c
DOPAD_DEL   ---     2.797       11.PADDO to         11.PAD serial_out
                  --------
                   10.566   (49.5% logic, 50.5% route), 6 logic levels.

Unconstrained Preference:
   CLOCK_TO_OUT PORT "serial_out" CLKPORT "clk" 

Report:   10.564ns delay probe/SLICE_416 to serial_out

   Name    Fanout   Delay (ns)          Site               Resource
REG_DEL     ---     0.452     R5C11C.CLK to      R5C11C.Q1 probe/SLICE_416 (from clk_c)
ROUTE         1     2.281      R5C11C.Q1 to      R9C10C.B0 probe/observe[133]
CTOF_DEL    ---     0.495      R9C10C.B0 to      R9C10C.F0 probe/SLICE_473
ROUTE         1     0.315      R9C10C.F0 to      R9C10B.D0 probe/serial_out_120
CTOF_DEL    ---     0.495      R9C10B.D0 to      R9C10B.F0 probe/SLICE_419
ROUTE         1     0.436      R9C10B.F0 to      R9C10D.C0 probe/serial_out_160
CTOF_DEL    ---     0.495      R9C10D.C0 to      R9C10D.F0 probe/SLICE_412
ROUTE         1     0.964      R9C10D.F0 to      R8C10C.A0 probe/serial_out_170
CTOF_DEL    ---     0.495      R8C10C.A0 to      R8C10C.F0 probe/SLICE_410
ROUTE         1     1.339      R8C10C.F0 to       11.PADDO serial_out_c
DOPAD_DEL   ---     2.797       11.PADDO to         11.PAD serial_out
                  --------
                   10.564   (49.5% logic, 50.5% route), 6 logic levels.

Unconstrained Preference:
   CLOCK_TO_OUT PORT "serial_out" CLKPORT "clk" 

Report:   10.528ns delay probe/SLICE_292 to serial_out

   Name    Fanout   Delay (ns)          Site               Resource
REG_DEL     ---     0.452     R7C11A.CLK to      R7C11A.Q0 probe/SLICE_292 (from clk_c)
ROUTE         1     1.336      R7C11A.Q0 to      R9C11A.B0 probe/observe[154]
CTOF_DEL    ---     0.495      R9C11A.B0 to      R9C11A.F0 probe/SLICE_471
ROUTE         1     0.656      R9C11A.F0 to      R9C10D.A1 probe/serial_out_125
CTOF_DEL    ---     0.495      R9C10D.A1 to      R9C10D.F1 probe/SLICE_412
ROUTE         1     1.004      R9C10D.F1 to      R9C10D.B0 probe/serial_out_161
CTOF_DEL    ---     0.495      R9C10D.B0 to      R9C10D.F0 probe/SLICE_412
ROUTE         1     0.964      R9C10D.F0 to      R8C10C.A0 probe/serial_out_170
CTOF_DEL    ---     0.495      R8C10C.A0 to      R8C10C.F0 probe/SLICE_410
ROUTE         1     1.339      R8C10C.F0 to       11.PADDO serial_out_c
DOPAD_DEL   ---     2.797       11.PADDO to         11.PAD serial_out
                  --------
                   10.528   (49.7% logic, 50.3% route), 6 logic levels.

Unconstrained Preference:
   CLOCK_TO_OUT PORT "serial_out" CLKPORT "clk" 

Report:   10.511ns delay probe/SLICE_77 to serial_out

   Name    Fanout   Delay (ns)          Site               Resource
REG_DEL     ---     0.452     R3C12B.CLK to      R3C12B.Q1 probe/SLICE_77 (from clk_c)
ROUTE         1     2.220      R3C12B.Q1 to      R7C14A.D1 probe/observe[6]
CTOF_DEL    ---     0.495      R7C14A.D1 to      R7C14A.F1 probe/SLICE_482
ROUTE         1     1.782      R7C14A.F1 to      R8C10C.D1 probe/serial_out_88
CTOF_DEL    ---     0.495      R8C10C.D1 to      R8C10C.F1 probe/SLICE_410
ROUTE         1     0.436      R8C10C.F1 to      R8C10C.C0 probe/serial_out_163
CTOF_DEL    ---     0.495      R8C10C.C0 to      R8C10C.F0 probe/SLICE_410
ROUTE         1     1.339      R8C10C.F0 to       11.PADDO serial_out_c
DOPAD_DEL   ---     2.797       11.PADDO to         11.PAD serial_out
                  --------
                   10.511   (45.0% logic, 55.0% route), 5 logic levels.

Unconstrained Preference:
   CLOCK_TO_OUT PORT "serial_out" CLKPORT "clk" 

Report:   10.488ns delay probe/SLICE_478 to serial_out

   Name    Fanout   Delay (ns)          Site               Resource
REG_DEL     ---     0.452     R5C11A.CLK to      R5C11A.Q1 probe/SLICE_478 (from clk_c)
ROUTE         1     1.042      R5C11A.Q1 to      R5C10D.D1 probe/observe[105]
CTOF_DEL    ---     0.495      R5C10D.D1 to      R5C10D.F1 probe/SLICE_417
ROUTE         1     0.436      R5C10D.F1 to      R5C10D.C0 probe/serial_out_113
CTOF_DEL    ---     0.495      R5C10D.C0 to      R5C10D.F0 probe/SLICE_417
ROUTE         1     1.478      R5C10D.F0 to      R9C10D.A0 probe/serial_out_158
CTOF_DEL    ---     0.495      R9C10D.A0 to      R9C10D.F0 probe/SLICE_412
ROUTE         1     0.964      R9C10D.F0 to      R8C10C.A0 probe/serial_out_170
CTOF_DEL    ---     0.495      R8C10C.A0 to      R8C10C.F0 probe/SLICE_410
ROUTE         1     1.339      R8C10C.F0 to       11.PADDO serial_out_c
DOPAD_DEL   ---     2.797       11.PADDO to         11.PAD serial_out
                  --------
                   10.488   (49.9% logic, 50.1% route), 6 logic levels.

Unconstrained Preference:
   CLOCK_TO_OUT PORT "serial_out" CLKPORT "clk" 

Report:   10.482ns delay probe/SLICE_463 to serial_out

   Name    Fanout   Delay (ns)          Site               Resource
REG_DEL     ---     0.452     R4C13C.CLK to      R4C13C.Q0 probe/SLICE_463 (from clk_c)
ROUTE         1     1.833      R4C13C.Q0 to      R5C11C.C1 probe/observe[76]
CTOF_DEL    ---     0.495      R5C11C.C1 to      R5C11C.F1 probe/SLICE_416
ROUTE         1     0.436      R5C11C.F1 to      R5C11C.C0 probe/serial_out_105
CTOF_DEL    ---     0.495      R5C11C.C0 to      R5C11C.F0 probe/SLICE_416
ROUTE         1     0.623      R5C11C.F0 to      R5C10B.D0 probe/serial_out_156
CTOF_DEL    ---     0.495      R5C10B.D0 to      R5C10B.F0 probe/SLICE_411
ROUTE         1     1.022      R5C10B.F0 to      R8C10C.D0 probe/serial_out_169
CTOF_DEL    ---     0.495      R8C10C.D0 to      R8C10C.F0 probe/SLICE_410
ROUTE         1     1.339      R8C10C.F0 to       11.PADDO serial_out_c
DOPAD_DEL   ---     2.797       11.PADDO to         11.PAD serial_out
                  --------
                   10.482   (49.9% logic, 50.1% route), 6 logic levels.

Unconstrained Preference:
   CLOCK_TO_OUT PORT "serial_out" CLKPORT "clk" 

Report:   10.476ns delay probe/SLICE_405 to serial_out

   Name    Fanout   Delay (ns)          Site               Resource
REG_DEL     ---     0.452      R7C7C.CLK to       R7C7C.Q0 probe/SLICE_405 (from clk_c)
ROUTE         1     0.744       R7C7C.Q0 to       R7C8C.C0 probe/observe[30]
CTOF_DEL    ---     0.495       R7C8C.C0 to       R7C8C.F0 probe/SLICE_209
ROUTE         1     0.315       R7C8C.F0 to       R7C8B.D0 probe/serial_out_94
CTOF_DEL    ---     0.495       R7C8B.D0 to       R7C8B.F0 probe/SLICE_414
ROUTE         1     1.827       R7C8B.F0 to      R5C10B.B0 probe/serial_out_154
CTOF_DEL    ---     0.495      R5C10B.B0 to      R5C10B.F0 probe/SLICE_411
ROUTE         1     1.022      R5C10B.F0 to      R8C10C.D0 probe/serial_out_169
CTOF_DEL    ---     0.495      R8C10C.D0 to      R8C10C.F0 probe/SLICE_410
ROUTE         1     1.339      R8C10C.F0 to       11.PADDO serial_out_c
DOPAD_DEL   ---     2.797       11.PADDO to         11.PAD serial_out
                  --------
                   10.476   (49.9% logic, 50.1% route), 6 logic levels.

Unconstrained Preference:
   CLOCK_TO_OUT PORT "serial_out" CLKPORT "clk" 

Report:   10.476ns delay probe/SLICE_343 to serial_out

   Name    Fanout   Delay (ns)          Site               Resource
REG_DEL     ---     0.452      R7C9C.CLK to       R7C9C.Q1 probe/SLICE_343 (from clk_c)
ROUTE         1     0.623       R7C9C.Q1 to       R7C8B.D1 probe/observe[43]
CTOF_DEL    ---     0.495       R7C8B.D1 to       R7C8B.F1 probe/SLICE_414
ROUTE         1     0.436       R7C8B.F1 to       R7C8B.C0 probe/serial_out_97
CTOF_DEL    ---     0.495       R7C8B.C0 to       R7C8B.F0 probe/SLICE_414
ROUTE         1     1.827       R7C8B.F0 to      R5C10B.B0 probe/serial_out_154
CTOF_DEL    ---     0.495      R5C10B.B0 to      R5C10B.F0 probe/SLICE_411
ROUTE         1     1.022      R5C10B.F0 to      R8C10C.D0 probe/serial_out_169
CTOF_DEL    ---     0.495      R8C10C.D0 to      R8C10C.F0 probe/SLICE_410
ROUTE         1     1.339      R8C10C.F0 to       11.PADDO serial_out_c
DOPAD_DEL   ---     2.797       11.PADDO to         11.PAD serial_out
                  --------
                   10.476   (49.9% logic, 50.1% route), 6 logic levels.

Unconstrained Preference:
   CLOCK_TO_OUT PORT "serial_out" CLKPORT "clk" 

Report:   10.471ns delay probe/SLICE_414 to serial_out

   Name    Fanout   Delay (ns)          Site               Resource
REG_DEL     ---     0.452      R7C8B.CLK to       R7C8B.Q1 probe/SLICE_414 (from clk_c)
ROUTE         1     1.810       R7C8B.Q1 to      R9C10C.A1 probe/observe[129]
CTOF_DEL    ---     0.495      R9C10C.A1 to      R9C10C.F1 probe/SLICE_473
ROUTE         1     0.693      R9C10C.F1 to      R9C10B.B0 probe/serial_out_119
CTOF_DEL    ---     0.495      R9C10B.B0 to      R9C10B.F0 probe/SLICE_419
ROUTE         1     0.436      R9C10B.F0 to      R9C10D.C0 probe/serial_out_160
CTOF_DEL    ---     0.495      R9C10D.C0 to      R9C10D.F0 probe/SLICE_412
ROUTE         1     0.964      R9C10D.F0 to      R8C10C.A0 probe/serial_out_170
CTOF_DEL    ---     0.495      R8C10C.A0 to      R8C10C.F0 probe/SLICE_410
ROUTE         1     1.339      R8C10C.F0 to       11.PADDO serial_out_c
DOPAD_DEL   ---     2.797       11.PADDO to         11.PAD serial_out
                  --------
                   10.471   (49.9% logic, 50.1% route), 6 logic levels.

Unconstrained Preference:
   CLOCK_TO_OUT PORT "serial_out" CLKPORT "clk" 

Report:   10.466ns delay probe/SLICE_306 to serial_out

   Name    Fanout   Delay (ns)          Site               Resource
REG_DEL     ---     0.452     R7C13D.CLK to      R7C13D.Q1 probe/SLICE_306 (from clk_c)
ROUTE         1     1.163      R7C13D.Q1 to      R7C12D.C0 probe/observe[157]
CTOF_DEL    ---     0.495      R7C12D.C0 to      R7C12D.F0 probe/SLICE_195
ROUTE         1     1.894      R7C12D.F0 to      R9C12D.A1 probe/serial_out_126
CTOF_DEL    ---     0.495      R9C12D.A1 to      R9C12D.F1 probe/SLICE_309
ROUTE         1     1.336      R9C12D.F1 to      R8C10C.B0 probe/serial_out_162
CTOF_DEL    ---     0.495      R8C10C.B0 to      R8C10C.F0 probe/SLICE_410
ROUTE         1     1.339      R8C10C.F0 to       11.PADDO serial_out_c
DOPAD_DEL   ---     2.797       11.PADDO to         11.PAD serial_out
                  --------
                   10.466   (45.2% logic, 54.8% route), 5 logic levels.

Unconstrained Preference:
   CLOCK_TO_OUT PORT "serial_out" CLKPORT "clk" 

Report:   10.447ns delay probe/SLICE_477 to serial_out

   Name    Fanout   Delay (ns)          Site               Resource
REG_DEL     ---     0.452     R4C10D.CLK to      R4C10D.Q0 probe/SLICE_477 (from clk_c)
ROUTE         1     1.001      R4C10D.Q0 to      R5C10D.B1 probe/observe[106]
CTOF_DEL    ---     0.495      R5C10D.B1 to      R5C10D.F1 probe/SLICE_417
ROUTE         1     0.436      R5C10D.F1 to      R5C10D.C0 probe/serial_out_113
CTOF_DEL    ---     0.495      R5C10D.C0 to      R5C10D.F0 probe/SLICE_417
ROUTE         1     1.478      R5C10D.F0 to      R9C10D.A0 probe/serial_out_158
CTOF_DEL    ---     0.495      R9C10D.A0 to      R9C10D.F0 probe/SLICE_412
ROUTE         1     0.964      R9C10D.F0 to      R8C10C.A0 probe/serial_out_170
CTOF_DEL    ---     0.495      R8C10C.A0 to      R8C10C.F0 probe/SLICE_410
ROUTE         1     1.339      R8C10C.F0 to       11.PADDO serial_out_c
DOPAD_DEL   ---     2.797       11.PADDO to         11.PAD serial_out
                  --------
                   10.447   (50.1% logic, 49.9% route), 6 logic levels.

Unconstrained Preference:
   CLOCK_TO_OUT PORT "serial_out" CLKPORT "clk" 

Report:   10.430ns delay probe/SLICE_413 to serial_out

   Name    Fanout   Delay (ns)          Site               Resource
REG_DEL     ---     0.452      R8C7C.CLK to       R8C7C.Q1 probe/SLICE_413 (from clk_c)
ROUTE         1     1.696       R8C7C.Q1 to      R8C10B.A1 probe/observe[127]
CTOF_DEL    ---     0.495      R8C10B.A1 to      R8C10B.F1 probe/SLICE_196
ROUTE         1     0.766      R8C10B.F1 to      R9C10B.C0 probe/serial_out_118
CTOF_DEL    ---     0.495      R9C10B.C0 to      R9C10B.F0 probe/SLICE_419
ROUTE         1     0.436      R9C10B.F0 to      R9C10D.C0 probe/serial_out_160
CTOF_DEL    ---     0.495      R9C10D.C0 to      R9C10D.F0 probe/SLICE_412
ROUTE         1     0.964      R9C10D.F0 to      R8C10C.A0 probe/serial_out_170
CTOF_DEL    ---     0.495      R8C10C.A0 to      R8C10C.F0 probe/SLICE_410
ROUTE         1     1.339      R8C10C.F0 to       11.PADDO serial_out_c
DOPAD_DEL   ---     2.797       11.PADDO to         11.PAD serial_out
                  --------
                   10.430   (50.1% logic, 49.9% route), 6 logic levels.

Unconstrained Preference:
   CLOCK_TO_OUT PORT "serial_out" CLKPORT "clk" 

Report:   10.413ns delay probe/SLICE_476 to serial_out

   Name    Fanout   Delay (ns)          Site               Resource
REG_DEL     ---     0.452     R5C10C.CLK to      R5C10C.Q0 probe/SLICE_476 (from clk_c)
ROUTE         1     0.967      R5C10C.Q0 to      R5C10D.A1 probe/observe[108]
CTOF_DEL    ---     0.495      R5C10D.A1 to      R5C10D.F1 probe/SLICE_417
ROUTE         1     0.436      R5C10D.F1 to      R5C10D.C0 probe/serial_out_113
CTOF_DEL    ---     0.495      R5C10D.C0 to      R5C10D.F0 probe/SLICE_417
ROUTE         1     1.478      R5C10D.F0 to      R9C10D.A0 probe/serial_out_158
CTOF_DEL    ---     0.495      R9C10D.A0 to      R9C10D.F0 probe/SLICE_412
ROUTE         1     0.964      R9C10D.F0 to      R8C10C.A0 probe/serial_out_170
CTOF_DEL    ---     0.495      R8C10C.A0 to      R8C10C.F0 probe/SLICE_410
ROUTE         1     1.339      R8C10C.F0 to       11.PADDO serial_out_c
DOPAD_DEL   ---     2.797       11.PADDO to         11.PAD serial_out
                  --------
                   10.413   (50.2% logic, 49.8% route), 6 logic levels.

Unconstrained Preference:
   CLOCK_TO_OUT PORT "serial_out" CLKPORT "clk" 

Report:   10.377ns delay probe/SLICE_468 to serial_out

   Name    Fanout   Delay (ns)          Site               Resource
REG_DEL     ---     0.452      R7C7D.CLK to       R7C7D.Q1 probe/SLICE_468 (from clk_c)
ROUTE         1     0.645       R7C7D.Q1 to       R7C8C.D0 probe/observe[29]
CTOF_DEL    ---     0.495       R7C8C.D0 to       R7C8C.F0 probe/SLICE_209
ROUTE         1     0.315       R7C8C.F0 to       R7C8B.D0 probe/serial_out_94
CTOF_DEL    ---     0.495       R7C8B.D0 to       R7C8B.F0 probe/SLICE_414
ROUTE         1     1.827       R7C8B.F0 to      R5C10B.B0 probe/serial_out_154
CTOF_DEL    ---     0.495      R5C10B.B0 to      R5C10B.F0 probe/SLICE_411
ROUTE         1     1.022      R5C10B.F0 to      R8C10C.D0 probe/serial_out_169
CTOF_DEL    ---     0.495      R8C10C.D0 to      R8C10C.F0 probe/SLICE_410
ROUTE         1     1.339      R8C10C.F0 to       11.PADDO serial_out_c
DOPAD_DEL   ---     2.797       11.PADDO to         11.PAD serial_out
                  --------
                   10.377   (50.4% logic, 49.6% route), 6 logic levels.

Unconstrained Preference:
   CLOCK_TO_OUT PORT "serial_out" CLKPORT "clk" 

Report:   10.365ns delay probe/SLICE_78 to serial_out

   Name    Fanout   Delay (ns)          Site               Resource
REG_DEL     ---     0.452     R3C14B.CLK to      R3C14B.Q1 probe/SLICE_78 (from clk_c)
ROUTE         1     2.074      R3C14B.Q1 to      R7C14A.B1 probe/observe[8]
CTOF_DEL    ---     0.495      R7C14A.B1 to      R7C14A.F1 probe/SLICE_482
ROUTE         1     1.782      R7C14A.F1 to      R8C10C.D1 probe/serial_out_88
CTOF_DEL    ---     0.495      R8C10C.D1 to      R8C10C.F1 probe/SLICE_410
ROUTE         1     0.436      R8C10C.F1 to      R8C10C.C0 probe/serial_out_163
CTOF_DEL    ---     0.495      R8C10C.C0 to      R8C10C.F0 probe/SLICE_410
ROUTE         1     1.339      R8C10C.F0 to       11.PADDO serial_out_c
DOPAD_DEL   ---     2.797       11.PADDO to         11.PAD serial_out
                  --------
                   10.365   (45.7% logic, 54.3% route), 5 logic levels.

Unconstrained Preference:
   CLOCK_TO_OUT PORT "serial_out" CLKPORT "clk" 

Report:   10.339ns delay probe/SLICE_368 to serial_out

   Name    Fanout   Delay (ns)          Site               Resource
REG_DEL     ---     0.452      R4C8B.CLK to       R4C8B.Q0 probe/SLICE_368 (from clk_c)
ROUTE         1     1.877       R4C8B.Q0 to      R5C10C.B0 probe/observe[92]
CTOF_DEL    ---     0.495      R5C10C.B0 to      R5C10C.F0 probe/SLICE_476
ROUTE         1     0.436      R5C10C.F0 to      R5C10B.C1 probe/serial_out_109
CTOF_DEL    ---     0.495      R5C10B.C1 to      R5C10B.F1 probe/SLICE_411
ROUTE         1     0.436      R5C10B.F1 to      R5C10B.C0 probe/serial_out_157
CTOF_DEL    ---     0.495      R5C10B.C0 to      R5C10B.F0 probe/SLICE_411
ROUTE         1     1.022      R5C10B.F0 to      R8C10C.D0 probe/serial_out_169
CTOF_DEL    ---     0.495      R8C10C.D0 to      R8C10C.F0 probe/SLICE_410
ROUTE         1     1.339      R8C10C.F0 to       11.PADDO serial_out_c
DOPAD_DEL   ---     2.797       11.PADDO to         11.PAD serial_out
                  --------
                   10.339   (50.6% logic, 49.4% route), 6 logic levels.

Unconstrained Preference:
   CLOCK_TO_OUT PORT "serial_out" CLKPORT "clk" 

Report:   10.306ns delay probe/SLICE_418 to serial_out

   Name    Fanout   Delay (ns)          Site               Resource
REG_DEL     ---     0.452     R9C11B.CLK to      R9C11B.Q1 probe/SLICE_418 (from clk_c)
ROUTE         1     1.023      R9C11B.Q1 to      R9C10A.B1 probe/observe[141]
CTOF_DEL    ---     0.495      R9C10A.B1 to      R9C10A.F1 probe/SLICE_472
ROUTE         1     0.747      R9C10A.F1 to      R9C10D.C1 probe/serial_out_122
CTOF_DEL    ---     0.495      R9C10D.C1 to      R9C10D.F1 probe/SLICE_412
ROUTE         1     1.004      R9C10D.F1 to      R9C10D.B0 probe/serial_out_161
CTOF_DEL    ---     0.495      R9C10D.B0 to      R9C10D.F0 probe/SLICE_412
ROUTE         1     0.964      R9C10D.F0 to      R8C10C.A0 probe/serial_out_170
CTOF_DEL    ---     0.495      R8C10C.A0 to      R8C10C.F0 probe/SLICE_410
ROUTE         1     1.339      R8C10C.F0 to       11.PADDO serial_out_c
DOPAD_DEL   ---     2.797       11.PADDO to         11.PAD serial_out
                  --------
                   10.306   (50.7% logic, 49.3% route), 6 logic levels.

Unconstrained Preference:
   CLOCK_TO_OUT PORT "serial_out" CLKPORT "clk" 

Report:   10.290ns delay probe/SLICE_307 to serial_out

   Name    Fanout   Delay (ns)          Site               Resource
REG_DEL     ---     0.452     R9C13C.CLK to      R9C13C.Q1 probe/SLICE_307 (from clk_c)
ROUTE         1     1.877      R9C13C.Q1 to      R9C12D.B0 probe/observe[169]
CTOF_DEL    ---     0.495      R9C12D.B0 to      R9C12D.F0 probe/SLICE_309
ROUTE         1     1.004      R9C12D.F0 to      R9C12D.B1 probe/serial_out_129
CTOF_DEL    ---     0.495      R9C12D.B1 to      R9C12D.F1 probe/SLICE_309
ROUTE         1     1.336      R9C12D.F1 to      R8C10C.B0 probe/serial_out_162
CTOF_DEL    ---     0.495      R8C10C.B0 to      R8C10C.F0 probe/SLICE_410
ROUTE         1     1.339      R8C10C.F0 to       11.PADDO serial_out_c
DOPAD_DEL   ---     2.797       11.PADDO to         11.PAD serial_out
                  --------
                   10.290   (46.0% logic, 54.0% route), 5 logic levels.

Unconstrained Preference:
   CLOCK_TO_OUT PORT "serial_out" CLKPORT "clk" 

Report:   10.282ns delay probe/SLICE_472 to serial_out

   Name    Fanout   Delay (ns)          Site               Resource
REG_DEL     ---     0.452     R9C10A.CLK to      R9C10A.Q1 probe/SLICE_472 (from clk_c)
ROUTE         1     1.812      R9C10A.Q1 to      R9C11C.D0 probe/observe[117]
CTOF_DEL    ---     0.495      R9C11C.D0 to      R9C11C.F0 probe/SLICE_474
ROUTE         1     0.315      R9C11C.F0 to      R9C11B.D0 probe/serial_out_116
CTOF_DEL    ---     0.495      R9C11B.D0 to      R9C11B.F0 probe/SLICE_418
ROUTE         1     0.623      R9C11B.F0 to      R9C10D.D0 probe/serial_out_159
CTOF_DEL    ---     0.495      R9C10D.D0 to      R9C10D.F0 probe/SLICE_412
ROUTE         1     0.964      R9C10D.F0 to      R8C10C.A0 probe/serial_out_170
CTOF_DEL    ---     0.495      R8C10C.A0 to      R8C10C.F0 probe/SLICE_410
ROUTE         1     1.339      R8C10C.F0 to       11.PADDO serial_out_c
DOPAD_DEL   ---     2.797       11.PADDO to         11.PAD serial_out
                  --------
                   10.282   (50.9% logic, 49.1% route), 6 logic levels.

Unconstrained Preference:
   CLOCK_TO_OUT PORT "serial_out" CLKPORT "clk" 

Report:   10.271ns delay probe/SLICE_292 to serial_out

   Name    Fanout   Delay (ns)          Site               Resource
REG_DEL     ---     0.452     R7C11A.CLK to      R7C11A.Q1 probe/SLICE_292 (from clk_c)
ROUTE         1     1.079      R7C11A.Q1 to      R9C11A.C0 probe/observe[155]
CTOF_DEL    ---     0.495      R9C11A.C0 to      R9C11A.F0 probe/SLICE_471
ROUTE         1     0.656      R9C11A.F0 to      R9C10D.A1 probe/serial_out_125
CTOF_DEL    ---     0.495      R9C10D.A1 to      R9C10D.F1 probe/SLICE_412
ROUTE         1     1.004      R9C10D.F1 to      R9C10D.B0 probe/serial_out_161
CTOF_DEL    ---     0.495      R9C10D.B0 to      R9C10D.F0 probe/SLICE_412
ROUTE         1     0.964      R9C10D.F0 to      R8C10C.A0 probe/serial_out_170
CTOF_DEL    ---     0.495      R8C10C.A0 to      R8C10C.F0 probe/SLICE_410
ROUTE         1     1.339      R8C10C.F0 to       11.PADDO serial_out_c
DOPAD_DEL   ---     2.797       11.PADDO to         11.PAD serial_out
                  --------
                   10.271   (50.9% logic, 49.1% route), 6 logic levels.

Unconstrained Preference:
   CLOCK_TO_OUT PORT "serial_out" CLKPORT "clk" 

Report:   10.261ns delay probe/SLICE_75 to serial_out

   Name    Fanout   Delay (ns)          Site               Resource
REG_DEL     ---     0.452    R10C12D.CLK to     R10C12D.Q1 probe/SLICE_75 (from clk_c)
ROUTE         1     1.597     R10C12D.Q1 to      R8C10A.C1 probe/observe[2]
CTOF_DEL    ---     0.495      R8C10A.C1 to      R8C10A.F1 probe/SLICE_420
ROUTE         1     0.693      R8C10A.F1 to      R8C10A.B0 probe/serial_out_87
CTOF_DEL    ---     0.495      R8C10A.B0 to      R8C10A.F0 probe/SLICE_420
ROUTE         1     0.967      R8C10A.F0 to      R8C10C.A1 probe/serial_out_130
CTOF_DEL    ---     0.495      R8C10C.A1 to      R8C10C.F1 probe/SLICE_410
ROUTE         1     0.436      R8C10C.F1 to      R8C10C.C0 probe/serial_out_163
CTOF_DEL    ---     0.495      R8C10C.C0 to      R8C10C.F0 probe/SLICE_410
ROUTE         1     1.339      R8C10C.F0 to       11.PADDO serial_out_c
DOPAD_DEL   ---     2.797       11.PADDO to         11.PAD serial_out
                  --------
                   10.261   (51.0% logic, 49.0% route), 6 logic levels.

Unconstrained Preference:
   CLOCK_TO_OUT PORT "serial_out" CLKPORT "clk" 

Report:   10.250ns delay probe/SLICE_419 to serial_out

   Name    Fanout   Delay (ns)          Site               Resource
REG_DEL     ---     0.452     R9C10B.CLK to      R9C10B.Q0 probe/SLICE_419 (from clk_c)
ROUTE         1     0.967      R9C10B.Q0 to      R9C10A.A1 probe/observe[142]
CTOF_DEL    ---     0.495      R9C10A.A1 to      R9C10A.F1 probe/SLICE_472
ROUTE         1     0.747      R9C10A.F1 to      R9C10D.C1 probe/serial_out_122
CTOF_DEL    ---     0.495      R9C10D.C1 to      R9C10D.F1 probe/SLICE_412
ROUTE         1     1.004      R9C10D.F1 to      R9C10D.B0 probe/serial_out_161
CTOF_DEL    ---     0.495      R9C10D.B0 to      R9C10D.F0 probe/SLICE_412
ROUTE         1     0.964      R9C10D.F0 to      R8C10C.A0 probe/serial_out_170
CTOF_DEL    ---     0.495      R8C10C.A0 to      R8C10C.F0 probe/SLICE_410
ROUTE         1     1.339      R8C10C.F0 to       11.PADDO serial_out_c
DOPAD_DEL   ---     2.797       11.PADDO to         11.PAD serial_out
                  --------
                   10.250   (51.0% logic, 49.0% route), 6 logic levels.

Unconstrained Preference:
   CLOCK_TO_OUT PORT "serial_out" CLKPORT "clk" 

Report:   10.206ns delay probe/SLICE_367 to serial_out

   Name    Fanout   Delay (ns)          Site               Resource
REG_DEL     ---     0.452      R5C8B.CLK to       R5C8B.Q1 probe/SLICE_367 (from clk_c)
ROUTE         1     1.744       R5C8B.Q1 to      R5C10C.D0 probe/observe[91]
CTOF_DEL    ---     0.495      R5C10C.D0 to      R5C10C.F0 probe/SLICE_476
ROUTE         1     0.436      R5C10C.F0 to      R5C10B.C1 probe/serial_out_109
CTOF_DEL    ---     0.495      R5C10B.C1 to      R5C10B.F1 probe/SLICE_411
ROUTE         1     0.436      R5C10B.F1 to      R5C10B.C0 probe/serial_out_157
CTOF_DEL    ---     0.495      R5C10B.C0 to      R5C10B.F0 probe/SLICE_411
ROUTE         1     1.022      R5C10B.F0 to      R8C10C.D0 probe/serial_out_169
CTOF_DEL    ---     0.495      R8C10C.D0 to      R8C10C.F0 probe/SLICE_410
ROUTE         1     1.339      R8C10C.F0 to       11.PADDO serial_out_c
DOPAD_DEL   ---     2.797       11.PADDO to         11.PAD serial_out
                  --------
                   10.206   (51.2% logic, 48.8% route), 6 logic levels.

Unconstrained Preference:
   CLOCK_TO_OUT PORT "serial_out" CLKPORT "clk" 

Report:   10.205ns delay probe/SLICE_356 to serial_out

   Name    Fanout   Delay (ns)          Site               Resource
REG_DEL     ---     0.452     R4C12A.CLK to      R4C12A.Q1 probe/SLICE_356 (from clk_c)
ROUTE         1     1.336      R4C12A.Q1 to      R5C11A.B0 probe/observe[71]
CTOF_DEL    ---     0.495      R5C11A.B0 to      R5C11A.F0 probe/SLICE_478
ROUTE         1     0.656      R5C11A.F0 to      R5C11C.A0 probe/serial_out_104
CTOF_DEL    ---     0.495      R5C11C.A0 to      R5C11C.F0 probe/SLICE_416
ROUTE         1     0.623      R5C11C.F0 to      R5C10B.D0 probe/serial_out_156
CTOF_DEL    ---     0.495      R5C10B.D0 to      R5C10B.F0 probe/SLICE_411
ROUTE         1     1.022      R5C10B.F0 to      R8C10C.D0 probe/serial_out_169
CTOF_DEL    ---     0.495      R8C10C.D0 to      R8C10C.F0 probe/SLICE_410
ROUTE         1     1.339      R8C10C.F0 to       11.PADDO serial_out_c
DOPAD_DEL   ---     2.797       11.PADDO to         11.PAD serial_out
                  --------
                   10.205   (51.2% logic, 48.8% route), 6 logic levels.

Unconstrained Preference:
   CLOCK_TO_OUT PORT "serial_out" CLKPORT "clk" 

Report:   10.195ns delay probe/SLICE_446 to serial_out

   Name    Fanout   Delay (ns)          Site               Resource
REG_DEL     ---     0.452     R2C10C.CLK to      R2C10C.Q0 probe/SLICE_446 (from clk_c)
ROUTE         1     1.854      R2C10C.Q0 to      R5C10C.B1 probe/observe[88]
CTOF_DEL    ---     0.495      R5C10C.B1 to      R5C10C.F1 probe/SLICE_476
ROUTE         1     0.315      R5C10C.F1 to      R5C10B.D1 probe/serial_out_108
CTOF_DEL    ---     0.495      R5C10B.D1 to      R5C10B.F1 probe/SLICE_411
ROUTE         1     0.436      R5C10B.F1 to      R5C10B.C0 probe/serial_out_157
CTOF_DEL    ---     0.495      R5C10B.C0 to      R5C10B.F0 probe/SLICE_411
ROUTE         1     1.022      R5C10B.F0 to      R8C10C.D0 probe/serial_out_169
CTOF_DEL    ---     0.495      R8C10C.D0 to      R8C10C.F0 probe/SLICE_410
ROUTE         1     1.339      R8C10C.F0 to       11.PADDO serial_out_c
DOPAD_DEL   ---     2.797       11.PADDO to         11.PAD serial_out
                  --------
                   10.195   (51.3% logic, 48.7% route), 6 logic levels.

Unconstrained Preference:
   CLOCK_TO_OUT PORT "serial_out" CLKPORT "clk" 

Report:   10.190ns delay probe/SLICE_460 to serial_out

   Name    Fanout   Delay (ns)          Site               Resource
REG_DEL     ---     0.452     R3C10D.CLK to      R3C10D.Q0 probe/SLICE_460 (from clk_c)
ROUTE         1     0.744      R3C10D.Q0 to      R4C10D.C1 probe/observe[80]
CTOF_DEL    ---     0.495      R4C10D.C1 to      R4C10D.F1 probe/SLICE_477
ROUTE         1     1.420      R4C10D.F1 to      R5C10B.B1 probe/serial_out_106
CTOF_DEL    ---     0.495      R5C10B.B1 to      R5C10B.F1 probe/SLICE_411
ROUTE         1     0.436      R5C10B.F1 to      R5C10B.C0 probe/serial_out_157
CTOF_DEL    ---     0.495      R5C10B.C0 to      R5C10B.F0 probe/SLICE_411
ROUTE         1     1.022      R5C10B.F0 to      R8C10C.D0 probe/serial_out_169
CTOF_DEL    ---     0.495      R8C10C.D0 to      R8C10C.F0 probe/SLICE_410
ROUTE         1     1.339      R8C10C.F0 to       11.PADDO serial_out_c
DOPAD_DEL   ---     2.797       11.PADDO to         11.PAD serial_out
                  --------
                   10.190   (51.3% logic, 48.7% route), 6 logic levels.

Unconstrained Preference:
   CLOCK_TO_OUT PORT "serial_out" CLKPORT "clk" 

Report:   10.190ns delay probe/SLICE_477 to serial_out

   Name    Fanout   Delay (ns)          Site               Resource
REG_DEL     ---     0.452     R4C10D.CLK to      R4C10D.Q1 probe/SLICE_477 (from clk_c)
ROUTE         1     0.744      R4C10D.Q1 to      R5C10D.C1 probe/observe[107]
CTOF_DEL    ---     0.495      R5C10D.C1 to      R5C10D.F1 probe/SLICE_417
ROUTE         1     0.436      R5C10D.F1 to      R5C10D.C0 probe/serial_out_113
CTOF_DEL    ---     0.495      R5C10D.C0 to      R5C10D.F0 probe/SLICE_417
ROUTE         1     1.478      R5C10D.F0 to      R9C10D.A0 probe/serial_out_158
CTOF_DEL    ---     0.495      R9C10D.A0 to      R9C10D.F0 probe/SLICE_412
ROUTE         1     0.964      R9C10D.F0 to      R8C10C.A0 probe/serial_out_170
CTOF_DEL    ---     0.495      R8C10C.A0 to      R8C10C.F0 probe/SLICE_410
ROUTE         1     1.339      R8C10C.F0 to       11.PADDO serial_out_c
DOPAD_DEL   ---     2.797       11.PADDO to         11.PAD serial_out
                  --------
                   10.190   (51.3% logic, 48.7% route), 6 logic levels.

Unconstrained Preference:
   CLOCK_TO_OUT PORT "serial_out" CLKPORT "clk" 

Report:   10.184ns delay probe/SLICE_414 to serial_out

   Name    Fanout   Delay (ns)          Site               Resource
REG_DEL     ---     0.452      R7C8B.CLK to       R7C8B.Q0 probe/SLICE_414 (from clk_c)
ROUTE         1     1.450       R7C8B.Q0 to      R8C10B.B1 probe/observe[128]
CTOF_DEL    ---     0.495      R8C10B.B1 to      R8C10B.F1 probe/SLICE_196
ROUTE         1     0.766      R8C10B.F1 to      R9C10B.C0 probe/serial_out_118
CTOF_DEL    ---     0.495      R9C10B.C0 to      R9C10B.F0 probe/SLICE_419
ROUTE         1     0.436      R9C10B.F0 to      R9C10D.C0 probe/serial_out_160
CTOF_DEL    ---     0.495      R9C10D.C0 to      R9C10D.F0 probe/SLICE_412
ROUTE         1     0.964      R9C10D.F0 to      R8C10C.A0 probe/serial_out_170
CTOF_DEL    ---     0.495      R8C10C.A0 to      R8C10C.F0 probe/SLICE_410
ROUTE         1     1.339      R8C10C.F0 to       11.PADDO serial_out_c
DOPAD_DEL   ---     2.797       11.PADDO to         11.PAD serial_out
                  --------
                   10.184   (51.3% logic, 48.7% route), 6 logic levels.

Unconstrained Preference:
   CLOCK_TO_OUT PORT "serial_out" CLKPORT "clk" 

Report:   10.178ns delay probe/SLICE_76 to serial_out

   Name    Fanout   Delay (ns)          Site               Resource
REG_DEL     ---     0.452      R5C9D.CLK to       R5C9D.Q0 probe/SLICE_76 (from clk_c)
ROUTE         1     1.514       R5C9D.Q0 to      R8C10A.A1 probe/observe[3]
CTOF_DEL    ---     0.495      R8C10A.A1 to      R8C10A.F1 probe/SLICE_420
ROUTE         1     0.693      R8C10A.F1 to      R8C10A.B0 probe/serial_out_87
CTOF_DEL    ---     0.495      R8C10A.B0 to      R8C10A.F0 probe/SLICE_420
ROUTE         1     0.967      R8C10A.F0 to      R8C10C.A1 probe/serial_out_130
CTOF_DEL    ---     0.495      R8C10C.A1 to      R8C10C.F1 probe/SLICE_410
ROUTE         1     0.436      R8C10C.F1 to      R8C10C.C0 probe/serial_out_163
CTOF_DEL    ---     0.495      R8C10C.C0 to      R8C10C.F0 probe/SLICE_410
ROUTE         1     1.339      R8C10C.F0 to       11.PADDO serial_out_c
DOPAD_DEL   ---     2.797       11.PADDO to         11.PAD serial_out
                  --------
                   10.178   (51.4% logic, 48.6% route), 6 logic levels.

Unconstrained Preference:
   CLOCK_TO_OUT PORT "serial_out" CLKPORT "clk" 

Report:   10.150ns delay probe/SLICE_304 to serial_out

   Name    Fanout   Delay (ns)          Site               Resource
REG_DEL     ---     0.452     R4C13A.CLK to      R4C13A.Q1 probe/SLICE_304 (from clk_c)
ROUTE         1     1.994      R4C13A.Q1 to      R9C12A.C1 probe/observe[161]
CTOF_DEL    ---     0.495      R9C12A.C1 to      R9C12A.F1 probe/SLICE_470
ROUTE         1     0.747      R9C12A.F1 to      R9C12D.C1 probe/serial_out_127
CTOF_DEL    ---     0.495      R9C12D.C1 to      R9C12D.F1 probe/SLICE_309
ROUTE         1     1.336      R9C12D.F1 to      R8C10C.B0 probe/serial_out_162
CTOF_DEL    ---     0.495      R8C10C.B0 to      R8C10C.F0 probe/SLICE_410
ROUTE         1     1.339      R8C10C.F0 to       11.PADDO serial_out_c
DOPAD_DEL   ---     2.797       11.PADDO to         11.PAD serial_out
                  --------
                   10.150   (46.6% logic, 53.4% route), 5 logic levels.

Unconstrained Preference:
   CLOCK_TO_OUT PORT "serial_out" CLKPORT "clk" 

Report:   10.114ns delay probe/SLICE_75 to serial_out

   Name    Fanout   Delay (ns)          Site               Resource
REG_DEL     ---     0.452    R10C12D.CLK to     R10C12D.Q0 probe/SLICE_75 (from clk_c)
ROUTE         1     1.450     R10C12D.Q0 to      R8C10A.B1 probe/observe[0]
CTOF_DEL    ---     0.495      R8C10A.B1 to      R8C10A.F1 probe/SLICE_420
ROUTE         1     0.693      R8C10A.F1 to      R8C10A.B0 probe/serial_out_87
CTOF_DEL    ---     0.495      R8C10A.B0 to      R8C10A.F0 probe/SLICE_420
ROUTE         1     0.967      R8C10A.F0 to      R8C10C.A1 probe/serial_out_130
CTOF_DEL    ---     0.495      R8C10C.A1 to      R8C10C.F1 probe/SLICE_410
ROUTE         1     0.436      R8C10C.F1 to      R8C10C.C0 probe/serial_out_163
CTOF_DEL    ---     0.495      R8C10C.C0 to      R8C10C.F0 probe/SLICE_410
ROUTE         1     1.339      R8C10C.F0 to       11.PADDO serial_out_c
DOPAD_DEL   ---     2.797       11.PADDO to         11.PAD serial_out
                  --------
                   10.114   (51.7% logic, 48.3% route), 6 logic levels.

Unconstrained Preference:
   CLOCK_TO_OUT PORT "serial_out" CLKPORT "clk" 

Report:   10.093ns delay probe/SLICE_77 to serial_out

   Name    Fanout   Delay (ns)          Site               Resource
REG_DEL     ---     0.452     R3C12B.CLK to      R3C12B.Q0 probe/SLICE_77 (from clk_c)
ROUTE         1     1.802      R3C12B.Q0 to      R7C14A.C1 probe/observe[5]
CTOF_DEL    ---     0.495      R7C14A.C1 to      R7C14A.F1 probe/SLICE_482
ROUTE         1     1.782      R7C14A.F1 to      R8C10C.D1 probe/serial_out_88
CTOF_DEL    ---     0.495      R8C10C.D1 to      R8C10C.F1 probe/SLICE_410
ROUTE         1     0.436      R8C10C.F1 to      R8C10C.C0 probe/serial_out_163
CTOF_DEL    ---     0.495      R8C10C.C0 to      R8C10C.F0 probe/SLICE_410
ROUTE         1     1.339      R8C10C.F0 to       11.PADDO serial_out_c
DOPAD_DEL   ---     2.797       11.PADDO to         11.PAD serial_out
                  --------
                   10.093   (46.9% logic, 53.1% route), 5 logic levels.

Unconstrained Preference:
   CLOCK_TO_OUT PORT "serial_out" CLKPORT "clk" 

Report:   10.073ns delay probe/SLICE_417 to serial_out

   Name    Fanout   Delay (ns)          Site               Resource
REG_DEL     ---     0.452     R5C10D.CLK to      R5C10D.Q0 probe/SLICE_417 (from clk_c)
ROUTE         1     1.790      R5C10D.Q0 to      R9C10C.A0 probe/observe[136]
CTOF_DEL    ---     0.495      R9C10C.A0 to      R9C10C.F0 probe/SLICE_473
ROUTE         1     0.315      R9C10C.F0 to      R9C10B.D0 probe/serial_out_120
CTOF_DEL    ---     0.495      R9C10B.D0 to      R9C10B.F0 probe/SLICE_419
ROUTE         1     0.436      R9C10B.F0 to      R9C10D.C0 probe/serial_out_160
CTOF_DEL    ---     0.495      R9C10D.C0 to      R9C10D.F0 probe/SLICE_412
ROUTE         1     0.964      R9C10D.F0 to      R8C10C.A0 probe/serial_out_170
CTOF_DEL    ---     0.495      R8C10C.A0 to      R8C10C.F0 probe/SLICE_410
ROUTE         1     1.339      R8C10C.F0 to       11.PADDO serial_out_c
DOPAD_DEL   ---     2.797       11.PADDO to         11.PAD serial_out
                  --------
                   10.073   (51.9% logic, 48.1% route), 6 logic levels.

Unconstrained Preference:
   CLOCK_TO_OUT PORT "serial_out" CLKPORT "clk" 

Report:   10.041ns delay probe/SLICE_420 to serial_out

   Name    Fanout   Delay (ns)          Site               Resource
REG_DEL     ---     0.452     R8C10A.CLK to      R8C10A.Q0 probe/SLICE_420 (from clk_c)
ROUTE         1     1.450      R8C10A.Q0 to      R9C11B.B1 probe/observe[124]
CTOF_DEL    ---     0.495      R9C11B.B1 to      R9C11B.F1 probe/SLICE_418
ROUTE         1     0.436      R9C11B.F1 to      R9C11B.C0 probe/serial_out_117
CTOF_DEL    ---     0.495      R9C11B.C0 to      R9C11B.F0 probe/SLICE_418
ROUTE         1     0.623      R9C11B.F0 to      R9C10D.D0 probe/serial_out_159
CTOF_DEL    ---     0.495      R9C10D.D0 to      R9C10D.F0 probe/SLICE_412
ROUTE         1     0.964      R9C10D.F0 to      R8C10C.A0 probe/serial_out_170
CTOF_DEL    ---     0.495      R8C10C.A0 to      R8C10C.F0 probe/SLICE_410
ROUTE         1     1.339      R8C10C.F0 to       11.PADDO serial_out_c
DOPAD_DEL   ---     2.797       11.PADDO to         11.PAD serial_out
                  --------
                   10.041   (52.1% logic, 47.9% route), 6 logic levels.

Unconstrained Preference:
   CLOCK_TO_OUT PORT "serial_out" CLKPORT "clk" 

Report:   10.013ns delay probe/SLICE_305 to serial_out

   Name    Fanout   Delay (ns)          Site               Resource
REG_DEL     ---     0.452     R5C12A.CLK to      R5C12A.Q1 probe/SLICE_305 (from clk_c)
ROUTE         1     0.710      R5C12A.Q1 to      R7C12D.D0 probe/observe[159]
CTOF_DEL    ---     0.495      R7C12D.D0 to      R7C12D.F0 probe/SLICE_195
ROUTE         1     1.894      R7C12D.F0 to      R9C12D.A1 probe/serial_out_126
CTOF_DEL    ---     0.495      R9C12D.A1 to      R9C12D.F1 probe/SLICE_309
ROUTE         1     1.336      R9C12D.F1 to      R8C10C.B0 probe/serial_out_162
CTOF_DEL    ---     0.495      R8C10C.B0 to      R8C10C.F0 probe/SLICE_410
ROUTE         1     1.339      R8C10C.F0 to       11.PADDO serial_out_c
DOPAD_DEL   ---     2.797       11.PADDO to         11.PAD serial_out
                  --------
                   10.013   (47.3% logic, 52.7% route), 5 logic levels.

Unconstrained Preference:
   CLOCK_TO_OUT PORT "serial_out" CLKPORT "clk" 

Report:    9.979ns delay probe/SLICE_461 to serial_out

   Name    Fanout   Delay (ns)          Site               Resource
REG_DEL     ---     0.452     R4C10A.CLK to      R4C10A.Q0 probe/SLICE_461 (from clk_c)
ROUTE         1     0.967      R4C10A.Q0 to      R4C10D.A0 probe/observe[84]
CTOF_DEL    ---     0.495      R4C10D.A0 to      R4C10D.F0 probe/SLICE_477
ROUTE         1     0.986      R4C10D.F0 to      R5C10B.A1 probe/serial_out_107
CTOF_DEL    ---     0.495      R5C10B.A1 to      R5C10B.F1 probe/SLICE_411
ROUTE         1     0.436      R5C10B.F1 to      R5C10B.C0 probe/serial_out_157
CTOF_DEL    ---     0.495      R5C10B.C0 to      R5C10B.F0 probe/SLICE_411
ROUTE         1     1.022      R5C10B.F0 to      R8C10C.D0 probe/serial_out_169
CTOF_DEL    ---     0.495      R8C10C.D0 to      R8C10C.F0 probe/SLICE_410
ROUTE         1     1.339      R8C10C.F0 to       11.PADDO serial_out_c
DOPAD_DEL   ---     2.797       11.PADDO to         11.PAD serial_out
                  --------
                    9.979   (52.4% logic, 47.6% route), 6 logic levels.

Unconstrained Preference:
   CLOCK_TO_OUT PORT "serial_out" CLKPORT "clk" 

Report:    9.962ns delay probe/SLICE_79 to serial_out

   Name    Fanout   Delay (ns)          Site               Resource
REG_DEL     ---     0.452     R4C14A.CLK to      R4C14A.Q1 probe/SLICE_79 (from clk_c)
ROUTE         1     1.833      R4C14A.Q1 to      R7C14A.C0 probe/observe[10]
CTOF_DEL    ---     0.495      R7C14A.C0 to      R7C14A.F0 probe/SLICE_482
ROUTE         1     1.620      R7C14A.F0 to      R8C10C.C1 probe/serial_out_89
CTOF_DEL    ---     0.495      R8C10C.C1 to      R8C10C.F1 probe/SLICE_410
ROUTE         1     0.436      R8C10C.F1 to      R8C10C.C0 probe/serial_out_163
CTOF_DEL    ---     0.495      R8C10C.C0 to      R8C10C.F0 probe/SLICE_410
ROUTE         1     1.339      R8C10C.F0 to       11.PADDO serial_out_c
DOPAD_DEL   ---     2.797       11.PADDO to         11.PAD serial_out
                  --------
                    9.962   (47.5% logic, 52.5% route), 5 logic levels.

Unconstrained Preference:
   CLOCK_TO_OUT PORT "serial_out" CLKPORT "clk" 

Report:    9.948ns delay probe/SLICE_352 to serial_out

   Name    Fanout   Delay (ns)          Site               Resource
REG_DEL     ---     0.452     R5C12B.CLK to      R5C12B.Q1 probe/SLICE_352 (from clk_c)
ROUTE         1     1.042      R5C12B.Q1 to      R5C11A.D1 probe/observe[65]
CTOF_DEL    ---     0.495      R5C11A.D1 to      R5C11A.F1 probe/SLICE_478
ROUTE         1     0.693      R5C11A.F1 to      R5C11C.B0 probe/serial_out_103
CTOF_DEL    ---     0.495      R5C11C.B0 to      R5C11C.F0 probe/SLICE_416
ROUTE         1     0.623      R5C11C.F0 to      R5C10B.D0 probe/serial_out_156
CTOF_DEL    ---     0.495      R5C10B.D0 to      R5C10B.F0 probe/SLICE_411
ROUTE         1     1.022      R5C10B.F0 to      R8C10C.D0 probe/serial_out_169
CTOF_DEL    ---     0.495      R8C10C.D0 to      R8C10C.F0 probe/SLICE_410
ROUTE         1     1.339      R8C10C.F0 to       11.PADDO serial_out_c
DOPAD_DEL   ---     2.797       11.PADDO to         11.PAD serial_out
                  --------
                    9.948   (52.6% logic, 47.4% route), 6 logic levels.

Unconstrained Preference:
   CLOCK_TO_OUT PORT "serial_out" CLKPORT "clk" 

Report:    9.948ns delay probe/SLICE_356 to serial_out

   Name    Fanout   Delay (ns)          Site               Resource
REG_DEL     ---     0.452     R4C12A.CLK to      R4C12A.Q0 probe/SLICE_356 (from clk_c)
ROUTE         1     1.079      R4C12A.Q0 to      R5C11A.C0 probe/observe[70]
CTOF_DEL    ---     0.495      R5C11A.C0 to      R5C11A.F0 probe/SLICE_478
ROUTE         1     0.656      R5C11A.F0 to      R5C11C.A0 probe/serial_out_104
CTOF_DEL    ---     0.495      R5C11C.A0 to      R5C11C.F0 probe/SLICE_416
ROUTE         1     0.623      R5C11C.F0 to      R5C10B.D0 probe/serial_out_156
CTOF_DEL    ---     0.495      R5C10B.D0 to      R5C10B.F0 probe/SLICE_411
ROUTE         1     1.022      R5C10B.F0 to      R8C10C.D0 probe/serial_out_169
CTOF_DEL    ---     0.495      R8C10C.D0 to      R8C10C.F0 probe/SLICE_410
ROUTE         1     1.339      R8C10C.F0 to       11.PADDO serial_out_c
DOPAD_DEL   ---     2.797       11.PADDO to         11.PAD serial_out
                  --------
                    9.948   (52.6% logic, 47.4% route), 6 logic levels.

Unconstrained Preference:
   CLOCK_TO_OUT PORT "serial_out" CLKPORT "clk" 

Report:    9.927ns delay probe/SLICE_413 to serial_out

   Name    Fanout   Delay (ns)          Site               Resource
REG_DEL     ---     0.452      R8C7C.CLK to       R8C7C.Q0 probe/SLICE_413 (from clk_c)
ROUTE         1     1.193       R8C7C.Q0 to      R8C10B.C1 probe/observe[126]
CTOF_DEL    ---     0.495      R8C10B.C1 to      R8C10B.F1 probe/SLICE_196
ROUTE         1     0.766      R8C10B.F1 to      R9C10B.C0 probe/serial_out_118
CTOF_DEL    ---     0.495      R9C10B.C0 to      R9C10B.F0 probe/SLICE_419
ROUTE         1     0.436      R9C10B.F0 to      R9C10D.C0 probe/serial_out_160
CTOF_DEL    ---     0.495      R9C10D.C0 to      R9C10D.F0 probe/SLICE_412
ROUTE         1     0.964      R9C10D.F0 to      R8C10C.A0 probe/serial_out_170
CTOF_DEL    ---     0.495      R8C10C.A0 to      R8C10C.F0 probe/SLICE_410
ROUTE         1     1.339      R8C10C.F0 to       11.PADDO serial_out_c
DOPAD_DEL   ---     2.797       11.PADDO to         11.PAD serial_out
                  --------
                    9.927   (52.7% logic, 47.3% route), 6 logic levels.

Unconstrained Preference:
   CLOCK_TO_OUT PORT "serial_out" CLKPORT "clk" 

Report:    9.911ns delay probe/SLICE_161 to serial_out

   Name    Fanout   Delay (ns)          Site               Resource
REG_DEL     ---     0.452    R10C12A.CLK to     R10C12A.Q0 probe/SLICE_161 (from clk_c)
ROUTE         1     1.498     R10C12A.Q0 to      R9C12D.A0 probe/observe[170]
CTOF_DEL    ---     0.495      R9C12D.A0 to      R9C12D.F0 probe/SLICE_309
ROUTE         1     1.004      R9C12D.F0 to      R9C12D.B1 probe/serial_out_129
CTOF_DEL    ---     0.495      R9C12D.B1 to      R9C12D.F1 probe/SLICE_309
ROUTE         1     1.336      R9C12D.F1 to      R8C10C.B0 probe/serial_out_162
CTOF_DEL    ---     0.495      R8C10C.B0 to      R8C10C.F0 probe/SLICE_410
ROUTE         1     1.339      R8C10C.F0 to       11.PADDO serial_out_c
DOPAD_DEL   ---     2.797       11.PADDO to         11.PAD serial_out
                  --------
                    9.911   (47.8% logic, 52.2% route), 5 logic levels.

Unconstrained Preference:
   CLOCK_TO_OUT PORT "serial_out" CLKPORT "clk" 

Report:    9.910ns delay probe/SLICE_351 to serial_out

   Name    Fanout   Delay (ns)          Site               Resource
REG_DEL     ---     0.452     R5C11B.CLK to      R5C11B.Q1 probe/SLICE_351 (from clk_c)
ROUTE         1     1.004      R5C11B.Q1 to      R5C11A.B1 probe/observe[67]
CTOF_DEL    ---     0.495      R5C11A.B1 to      R5C11A.F1 probe/SLICE_478
ROUTE         1     0.693      R5C11A.F1 to      R5C11C.B0 probe/serial_out_103
CTOF_DEL    ---     0.495      R5C11C.B0 to      R5C11C.F0 probe/SLICE_416
ROUTE         1     0.623      R5C11C.F0 to      R5C10B.D0 probe/serial_out_156
CTOF_DEL    ---     0.495      R5C10B.D0 to      R5C10B.F0 probe/SLICE_411
ROUTE         1     1.022      R5C10B.F0 to      R8C10C.D0 probe/serial_out_169
CTOF_DEL    ---     0.495      R8C10C.D0 to      R8C10C.F0 probe/SLICE_410
ROUTE         1     1.339      R8C10C.F0 to       11.PADDO serial_out_c
DOPAD_DEL   ---     2.797       11.PADDO to         11.PAD serial_out
                  --------
                    9.910   (52.8% logic, 47.2% route), 6 logic levels.

Unconstrained Preference:
   CLOCK_TO_OUT PORT "serial_out" CLKPORT "clk" 

Report:    9.909ns delay probe/SLICE_419 to serial_out

   Name    Fanout   Delay (ns)          Site               Resource
REG_DEL     ---     0.452     R9C10B.CLK to      R9C10B.Q1 probe/SLICE_419 (from clk_c)
ROUTE         1     0.626      R9C10B.Q1 to      R9C10A.D1 probe/observe[143]
CTOF_DEL    ---     0.495      R9C10A.D1 to      R9C10A.F1 probe/SLICE_472
ROUTE         1     0.747      R9C10A.F1 to      R9C10D.C1 probe/serial_out_122
CTOF_DEL    ---     0.495      R9C10D.C1 to      R9C10D.F1 probe/SLICE_412
ROUTE         1     1.004      R9C10D.F1 to      R9C10D.B0 probe/serial_out_161
CTOF_DEL    ---     0.495      R9C10D.B0 to      R9C10D.F0 probe/SLICE_412
ROUTE         1     0.964      R9C10D.F0 to      R8C10C.A0 probe/serial_out_170
CTOF_DEL    ---     0.495      R8C10C.A0 to      R8C10C.F0 probe/SLICE_410
ROUTE         1     1.339      R8C10C.F0 to       11.PADDO serial_out_c
DOPAD_DEL   ---     2.797       11.PADDO to         11.PAD serial_out
                  --------
                    9.909   (52.8% logic, 47.2% route), 6 logic levels.

Unconstrained Preference:
   CLOCK_TO_OUT PORT "serial_out" CLKPORT "clk" 

Report:    9.909ns delay probe/SLICE_412 to serial_out

   Name    Fanout   Delay (ns)          Site               Resource
REG_DEL     ---     0.452     R9C10D.CLK to      R9C10D.Q0 probe/SLICE_412 (from clk_c)
ROUTE         1     0.747      R9C10D.Q0 to      R9C10A.C0 probe/observe[146]
CTOF_DEL    ---     0.495      R9C10A.C0 to      R9C10A.F0 probe/SLICE_472
ROUTE         1     0.626      R9C10A.F0 to      R9C10D.D1 probe/serial_out_123
CTOF_DEL    ---     0.495      R9C10D.D1 to      R9C10D.F1 probe/SLICE_412
ROUTE         1     1.004      R9C10D.F1 to      R9C10D.B0 probe/serial_out_161
CTOF_DEL    ---     0.495      R9C10D.B0 to      R9C10D.F0 probe/SLICE_412
ROUTE         1     0.964      R9C10D.F0 to      R8C10C.A0 probe/serial_out_170
CTOF_DEL    ---     0.495      R8C10C.A0 to      R8C10C.F0 probe/SLICE_410
ROUTE         1     1.339      R8C10C.F0 to       11.PADDO serial_out_c
DOPAD_DEL   ---     2.797       11.PADDO to         11.PAD serial_out
                  --------
                    9.909   (52.8% logic, 47.2% route), 6 logic levels.

Unconstrained Preference:
   CLOCK_TO_OUT PORT "serial_out" CLKPORT "clk" 

Report:    9.873ns delay probe/SLICE_351 to serial_out

   Name    Fanout   Delay (ns)          Site               Resource
REG_DEL     ---     0.452     R5C11B.CLK to      R5C11B.Q0 probe/SLICE_351 (from clk_c)
ROUTE         1     0.967      R5C11B.Q0 to      R5C11A.A1 probe/observe[66]
CTOF_DEL    ---     0.495      R5C11A.A1 to      R5C11A.F1 probe/SLICE_478
ROUTE         1     0.693      R5C11A.F1 to      R5C11C.B0 probe/serial_out_103
CTOF_DEL    ---     0.495      R5C11C.B0 to      R5C11C.F0 probe/SLICE_416
ROUTE         1     0.623      R5C11C.F0 to      R5C10B.D0 probe/serial_out_156
CTOF_DEL    ---     0.495      R5C10B.D0 to      R5C10B.F0 probe/SLICE_411
ROUTE         1     1.022      R5C10B.F0 to      R8C10C.D0 probe/serial_out_169
CTOF_DEL    ---     0.495      R8C10C.D0 to      R8C10C.F0 probe/SLICE_410
ROUTE         1     1.339      R8C10C.F0 to       11.PADDO serial_out_c
DOPAD_DEL   ---     2.797       11.PADDO to         11.PAD serial_out
                  --------
                    9.873   (53.0% logic, 47.0% route), 6 logic levels.

Unconstrained Preference:
   CLOCK_TO_OUT PORT "serial_out" CLKPORT "clk" 

Report:    9.864ns delay probe/SLICE_142 to serial_out

   Name    Fanout   Delay (ns)          Site               Resource
REG_DEL     ---     0.452     R10C9D.CLK to      R10C9D.Q1 probe/SLICE_142 (from clk_c)
ROUTE         1     1.581      R10C9D.Q1 to      R9C10C.C0 probe/observe[135]
CTOF_DEL    ---     0.495      R9C10C.C0 to      R9C10C.F0 probe/SLICE_473
ROUTE         1     0.315      R9C10C.F0 to      R9C10B.D0 probe/serial_out_120
CTOF_DEL    ---     0.495      R9C10B.D0 to      R9C10B.F0 probe/SLICE_419
ROUTE         1     0.436      R9C10B.F0 to      R9C10D.C0 probe/serial_out_160
CTOF_DEL    ---     0.495      R9C10D.C0 to      R9C10D.F0 probe/SLICE_412
ROUTE         1     0.964      R9C10D.F0 to      R8C10C.A0 probe/serial_out_170
CTOF_DEL    ---     0.495      R8C10C.A0 to      R8C10C.F0 probe/SLICE_410
ROUTE         1     1.339      R8C10C.F0 to       11.PADDO serial_out_c
DOPAD_DEL   ---     2.797       11.PADDO to         11.PAD serial_out
                  --------
                    9.864   (53.0% logic, 47.0% route), 6 logic levels.

Unconstrained Preference:
   CLOCK_TO_OUT PORT "serial_out" CLKPORT "clk" 

Report:    9.849ns delay probe/SLICE_472 to serial_out

   Name    Fanout   Delay (ns)          Site               Resource
REG_DEL     ---     0.452     R9C10A.CLK to      R9C10A.Q0 probe/SLICE_472 (from clk_c)
ROUTE         1     1.001      R9C10A.Q0 to      R9C11C.B1 probe/observe[116]
CTOF_DEL    ---     0.495      R9C11C.B1 to      R9C11C.F1 probe/SLICE_474
ROUTE         1     0.693      R9C11C.F1 to      R9C11B.B0 probe/serial_out_115
CTOF_DEL    ---     0.495      R9C11B.B0 to      R9C11B.F0 probe/SLICE_418
ROUTE         1     0.623      R9C11B.F0 to      R9C10D.D0 probe/serial_out_159
CTOF_DEL    ---     0.495      R9C10D.D0 to      R9C10D.F0 probe/SLICE_412
ROUTE         1     0.964      R9C10D.F0 to      R8C10C.A0 probe/serial_out_170
CTOF_DEL    ---     0.495      R8C10C.A0 to      R8C10C.F0 probe/SLICE_410
ROUTE         1     1.339      R8C10C.F0 to       11.PADDO serial_out_c
DOPAD_DEL   ---     2.797       11.PADDO to         11.PAD serial_out
                  --------
                    9.849   (53.1% logic, 46.9% route), 6 logic levels.

Unconstrained Preference:
   CLOCK_TO_OUT PORT "serial_out" CLKPORT "clk" 

Report:    9.834ns delay probe/SLICE_473 to serial_out

   Name    Fanout   Delay (ns)          Site               Resource
REG_DEL     ---     0.452     R9C10C.CLK to      R9C10C.Q0 probe/SLICE_473 (from clk_c)
ROUTE         1     0.986      R9C10C.Q0 to      R9C11C.A1 probe/observe[114]
CTOF_DEL    ---     0.495      R9C11C.A1 to      R9C11C.F1 probe/SLICE_474
ROUTE         1     0.693      R9C11C.F1 to      R9C11B.B0 probe/serial_out_115
CTOF_DEL    ---     0.495      R9C11B.B0 to      R9C11B.F0 probe/SLICE_418
ROUTE         1     0.623      R9C11B.F0 to      R9C10D.D0 probe/serial_out_159
CTOF_DEL    ---     0.495      R9C10D.D0 to      R9C10D.F0 probe/SLICE_412
ROUTE         1     0.964      R9C10D.F0 to      R8C10C.A0 probe/serial_out_170
CTOF_DEL    ---     0.495      R8C10C.A0 to      R8C10C.F0 probe/SLICE_410
ROUTE         1     1.339      R8C10C.F0 to       11.PADDO serial_out_c
DOPAD_DEL   ---     2.797       11.PADDO to         11.PAD serial_out
                  --------
                    9.834   (53.2% logic, 46.8% route), 6 logic levels.

Unconstrained Preference:
   CLOCK_TO_OUT PORT "serial_out" CLKPORT "clk" 

Report:    9.833ns delay probe/SLICE_357 to serial_out

   Name    Fanout   Delay (ns)          Site               Resource
REG_DEL     ---     0.452     R4C11A.CLK to      R4C11A.Q1 probe/SLICE_357 (from clk_c)
ROUTE         1     0.964      R4C11A.Q1 to      R5C11A.A0 probe/observe[69]
CTOF_DEL    ---     0.495      R5C11A.A0 to      R5C11A.F0 probe/SLICE_478
ROUTE         1     0.656      R5C11A.F0 to      R5C11C.A0 probe/serial_out_104
CTOF_DEL    ---     0.495      R5C11C.A0 to      R5C11C.F0 probe/SLICE_416
ROUTE         1     0.623      R5C11C.F0 to      R5C10B.D0 probe/serial_out_156
CTOF_DEL    ---     0.495      R5C10B.D0 to      R5C10B.F0 probe/SLICE_411
ROUTE         1     1.022      R5C10B.F0 to      R8C10C.D0 probe/serial_out_169
CTOF_DEL    ---     0.495      R8C10C.D0 to      R8C10C.F0 probe/SLICE_410
ROUTE         1     1.339      R8C10C.F0 to       11.PADDO serial_out_c
DOPAD_DEL   ---     2.797       11.PADDO to         11.PAD serial_out
                  --------
                    9.833   (53.2% logic, 46.8% route), 6 logic levels.

Unconstrained Preference:
   CLOCK_TO_OUT PORT "serial_out" CLKPORT "clk" 

Report:    9.810ns delay probe/SLICE_79 to serial_out

   Name    Fanout   Delay (ns)          Site               Resource
REG_DEL     ---     0.452     R4C14A.CLK to      R4C14A.Q0 probe/SLICE_79 (from clk_c)
ROUTE         1     1.681      R4C14A.Q0 to      R7C14A.D0 probe/observe[9]
CTOF_DEL    ---     0.495      R7C14A.D0 to      R7C14A.F0 probe/SLICE_482
ROUTE         1     1.620      R7C14A.F0 to      R8C10C.C1 probe/serial_out_89
CTOF_DEL    ---     0.495      R8C10C.C1 to      R8C10C.F1 probe/SLICE_410
ROUTE         1     0.436      R8C10C.F1 to      R8C10C.C0 probe/serial_out_163
CTOF_DEL    ---     0.495      R8C10C.C0 to      R8C10C.F0 probe/SLICE_410
ROUTE         1     1.339      R8C10C.F0 to       11.PADDO serial_out_c
DOPAD_DEL   ---     2.797       11.PADDO to         11.PAD serial_out
                  --------
                    9.810   (48.3% logic, 51.7% route), 5 logic levels.

Unconstrained Preference:
   CLOCK_TO_OUT PORT "serial_out" CLKPORT "clk" 

Report:    9.788ns delay probe/SLICE_412 to serial_out

   Name    Fanout   Delay (ns)          Site               Resource
REG_DEL     ---     0.452     R9C10D.CLK to      R9C10D.Q1 probe/SLICE_412 (from clk_c)
ROUTE         1     0.626      R9C10D.Q1 to      R9C10A.D0 probe/observe[147]
CTOF_DEL    ---     0.495      R9C10A.D0 to      R9C10A.F0 probe/SLICE_472
ROUTE         1     0.626      R9C10A.F0 to      R9C10D.D1 probe/serial_out_123
CTOF_DEL    ---     0.495      R9C10D.D1 to      R9C10D.F1 probe/SLICE_412
ROUTE         1     1.004      R9C10D.F1 to      R9C10D.B0 probe/serial_out_161
CTOF_DEL    ---     0.495      R9C10D.B0 to      R9C10D.F0 probe/SLICE_412
ROUTE         1     0.964      R9C10D.F0 to      R8C10C.A0 probe/serial_out_170
CTOF_DEL    ---     0.495      R8C10C.A0 to      R8C10C.F0 probe/SLICE_410
ROUTE         1     1.339      R8C10C.F0 to       11.PADDO serial_out_c
DOPAD_DEL   ---     2.797       11.PADDO to         11.PAD serial_out
                  --------
                    9.788   (53.4% logic, 46.6% route), 6 logic levels.

Unconstrained Preference:
   CLOCK_TO_OUT PORT "serial_out" CLKPORT "clk" 

Report:    9.782ns delay probe/SLICE_142 to serial_out

   Name    Fanout   Delay (ns)          Site               Resource
REG_DEL     ---     0.452     R10C9D.CLK to      R10C9D.Q0 probe/SLICE_142 (from clk_c)
ROUTE         1     1.499      R10C9D.Q0 to      R9C10C.D0 probe/observe[134]
CTOF_DEL    ---     0.495      R9C10C.D0 to      R9C10C.F0 probe/SLICE_473
ROUTE         1     0.315      R9C10C.F0 to      R9C10B.D0 probe/serial_out_120
CTOF_DEL    ---     0.495      R9C10B.D0 to      R9C10B.F0 probe/SLICE_419
ROUTE         1     0.436      R9C10B.F0 to      R9C10D.C0 probe/serial_out_160
CTOF_DEL    ---     0.495      R9C10D.C0 to      R9C10D.F0 probe/SLICE_412
ROUTE         1     0.964      R9C10D.F0 to      R8C10C.A0 probe/serial_out_170
CTOF_DEL    ---     0.495      R8C10C.A0 to      R8C10C.F0 probe/SLICE_410
ROUTE         1     1.339      R8C10C.F0 to       11.PADDO serial_out_c
DOPAD_DEL   ---     2.797       11.PADDO to         11.PAD serial_out
                  --------
                    9.782   (53.5% logic, 46.5% route), 6 logic levels.

Unconstrained Preference:
   CLOCK_TO_OUT PORT "serial_out" CLKPORT "clk" 

Report:    9.778ns delay probe/SLICE_460 to serial_out

   Name    Fanout   Delay (ns)          Site               Resource
REG_DEL     ---     0.452     R3C10D.CLK to      R3C10D.Q1 probe/SLICE_460 (from clk_c)
ROUTE         1     0.766      R3C10D.Q1 to      R4C10D.C0 probe/observe[81]
CTOF_DEL    ---     0.495      R4C10D.C0 to      R4C10D.F0 probe/SLICE_477
ROUTE         1     0.986      R4C10D.F0 to      R5C10B.A1 probe/serial_out_107
CTOF_DEL    ---     0.495      R5C10B.A1 to      R5C10B.F1 probe/SLICE_411
ROUTE         1     0.436      R5C10B.F1 to      R5C10B.C0 probe/serial_out_157
CTOF_DEL    ---     0.495      R5C10B.C0 to      R5C10B.F0 probe/SLICE_411
ROUTE         1     1.022      R5C10B.F0 to      R8C10C.D0 probe/serial_out_169
CTOF_DEL    ---     0.495      R8C10C.D0 to      R8C10C.F0 probe/SLICE_410
ROUTE         1     1.339      R8C10C.F0 to       11.PADDO serial_out_c
DOPAD_DEL   ---     2.797       11.PADDO to         11.PAD serial_out
                  --------
                    9.778   (53.5% logic, 46.5% route), 6 logic levels.

Unconstrained Preference:
   CLOCK_TO_OUT PORT "serial_out" CLKPORT "clk" 

Report:    9.761ns delay probe/SLICE_446 to serial_out

   Name    Fanout   Delay (ns)          Site               Resource
REG_DEL     ---     0.452     R2C10C.CLK to      R2C10C.Q1 probe/SLICE_446 (from clk_c)
ROUTE         1     1.299      R2C10C.Q1 to      R5C10C.A0 probe/observe[89]
CTOF_DEL    ---     0.495      R5C10C.A0 to      R5C10C.F0 probe/SLICE_476
ROUTE         1     0.436      R5C10C.F0 to      R5C10B.C1 probe/serial_out_109
CTOF_DEL    ---     0.495      R5C10B.C1 to      R5C10B.F1 probe/SLICE_411
ROUTE         1     0.436      R5C10B.F1 to      R5C10B.C0 probe/serial_out_157
CTOF_DEL    ---     0.495      R5C10B.C0 to      R5C10B.F0 probe/SLICE_411
ROUTE         1     1.022      R5C10B.F0 to      R8C10C.D0 probe/serial_out_169
CTOF_DEL    ---     0.495      R8C10C.D0 to      R8C10C.F0 probe/SLICE_410
ROUTE         1     1.339      R8C10C.F0 to       11.PADDO serial_out_c
DOPAD_DEL   ---     2.797       11.PADDO to         11.PAD serial_out
                  --------
                    9.761   (53.6% logic, 46.4% route), 6 logic levels.

Unconstrained Preference:
   CLOCK_TO_OUT PORT "serial_out" CLKPORT "clk" 

Report:    9.672ns delay probe/SLICE_357 to serial_out

   Name    Fanout   Delay (ns)          Site               Resource
REG_DEL     ---     0.452     R4C11A.CLK to      R4C11A.Q0 probe/SLICE_357 (from clk_c)
ROUTE         1     0.766      R4C11A.Q0 to      R5C11A.C1 probe/observe[68]
CTOF_DEL    ---     0.495      R5C11A.C1 to      R5C11A.F1 probe/SLICE_478
ROUTE         1     0.693      R5C11A.F1 to      R5C11C.B0 probe/serial_out_103
CTOF_DEL    ---     0.495      R5C11C.B0 to      R5C11C.F0 probe/SLICE_416
ROUTE         1     0.623      R5C11C.F0 to      R5C10B.D0 probe/serial_out_156
CTOF_DEL    ---     0.495      R5C10B.D0 to      R5C10B.F0 probe/SLICE_411
ROUTE         1     1.022      R5C10B.F0 to      R8C10C.D0 probe/serial_out_169
CTOF_DEL    ---     0.495      R8C10C.D0 to      R8C10C.F0 probe/SLICE_410
ROUTE         1     1.339      R8C10C.F0 to       11.PADDO serial_out_c
DOPAD_DEL   ---     2.797       11.PADDO to         11.PAD serial_out
                  --------
                    9.672   (54.1% logic, 45.9% route), 6 logic levels.

Unconstrained Preference:
   CLOCK_TO_OUT PORT "serial_out" CLKPORT "clk" 

Report:    9.654ns delay probe/SLICE_303 to serial_out

   Name    Fanout   Delay (ns)          Site               Resource
REG_DEL     ---     0.452     R8C13D.CLK to      R8C13D.Q1 probe/SLICE_303 (from clk_c)
ROUTE         1     1.498      R8C13D.Q1 to      R9C12A.A1 probe/observe[163]
CTOF_DEL    ---     0.495      R9C12A.A1 to      R9C12A.F1 probe/SLICE_470
ROUTE         1     0.747      R9C12A.F1 to      R9C12D.C1 probe/serial_out_127
CTOF_DEL    ---     0.495      R9C12D.C1 to      R9C12D.F1 probe/SLICE_309
ROUTE         1     1.336      R9C12D.F1 to      R8C10C.B0 probe/serial_out_162
CTOF_DEL    ---     0.495      R8C10C.B0 to      R8C10C.F0 probe/SLICE_410
ROUTE         1     1.339      R8C10C.F0 to       11.PADDO serial_out_c
DOPAD_DEL   ---     2.797       11.PADDO to         11.PAD serial_out
                  --------
                    9.654   (49.0% logic, 51.0% route), 5 logic levels.

Unconstrained Preference:
   CLOCK_TO_OUT PORT "serial_out" CLKPORT "clk" 

Report:    9.654ns delay probe/SLICE_80 to serial_out

   Name    Fanout   Delay (ns)          Site               Resource
REG_DEL     ---     0.452     R4C14C.CLK to      R4C14C.Q0 probe/SLICE_80 (from clk_c)
ROUTE         1     1.525      R4C14C.Q0 to      R7C14A.A0 probe/observe[11]
CTOF_DEL    ---     0.495      R7C14A.A0 to      R7C14A.F0 probe/SLICE_482
ROUTE         1     1.620      R7C14A.F0 to      R8C10C.C1 probe/serial_out_89
CTOF_DEL    ---     0.495      R8C10C.C1 to      R8C10C.F1 probe/SLICE_410
ROUTE         1     0.436      R8C10C.F1 to      R8C10C.C0 probe/serial_out_163
CTOF_DEL    ---     0.495      R8C10C.C0 to      R8C10C.F0 probe/SLICE_410
ROUTE         1     1.339      R8C10C.F0 to       11.PADDO serial_out_c
DOPAD_DEL   ---     2.797       11.PADDO to         11.PAD serial_out
                  --------
                    9.654   (49.0% logic, 51.0% route), 5 logic levels.

Unconstrained Preference:
   CLOCK_TO_OUT PORT "serial_out" CLKPORT "clk" 

Report:    9.653ns delay probe/SLICE_354 to serial_out

   Name    Fanout   Delay (ns)          Site               Resource
REG_DEL     ---     0.452     R5C11D.CLK to      R5C11D.Q1 probe/SLICE_354 (from clk_c)
ROUTE         1     1.004      R5C11D.Q1 to      R5C11C.B1 probe/observe[75]
CTOF_DEL    ---     0.495      R5C11C.B1 to      R5C11C.F1 probe/SLICE_416
ROUTE         1     0.436      R5C11C.F1 to      R5C11C.C0 probe/serial_out_105
CTOF_DEL    ---     0.495      R5C11C.C0 to      R5C11C.F0 probe/SLICE_416
ROUTE         1     0.623      R5C11C.F0 to      R5C10B.D0 probe/serial_out_156
CTOF_DEL    ---     0.495      R5C10B.D0 to      R5C10B.F0 probe/SLICE_411
ROUTE         1     1.022      R5C10B.F0 to      R8C10C.D0 probe/serial_out_169
CTOF_DEL    ---     0.495      R8C10C.D0 to      R8C10C.F0 probe/SLICE_410
ROUTE         1     1.339      R8C10C.F0 to       11.PADDO serial_out_c
DOPAD_DEL   ---     2.797       11.PADDO to         11.PAD serial_out
                  --------
                    9.653   (54.2% logic, 45.8% route), 6 logic levels.

Unconstrained Preference:
   CLOCK_TO_OUT PORT "serial_out" CLKPORT "clk" 

Report:    9.625ns delay probe/SLICE_367 to serial_out

   Name    Fanout   Delay (ns)          Site               Resource
REG_DEL     ---     0.452      R5C8B.CLK to       R5C8B.Q0 probe/SLICE_367 (from clk_c)
ROUTE         1     1.163       R5C8B.Q0 to      R5C10C.C0 probe/observe[90]
CTOF_DEL    ---     0.495      R5C10C.C0 to      R5C10C.F0 probe/SLICE_476
ROUTE         1     0.436      R5C10C.F0 to      R5C10B.C1 probe/serial_out_109
CTOF_DEL    ---     0.495      R5C10B.C1 to      R5C10B.F1 probe/SLICE_411
ROUTE         1     0.436      R5C10B.F1 to      R5C10B.C0 probe/serial_out_157
CTOF_DEL    ---     0.495      R5C10B.C0 to      R5C10B.F0 probe/SLICE_411
ROUTE         1     1.022      R5C10B.F0 to      R8C10C.D0 probe/serial_out_169
CTOF_DEL    ---     0.495      R8C10C.D0 to      R8C10C.F0 probe/SLICE_410
ROUTE         1     1.339      R8C10C.F0 to       11.PADDO serial_out_c
DOPAD_DEL   ---     2.797       11.PADDO to         11.PAD serial_out
                  --------
                    9.625   (54.3% logic, 45.7% route), 6 logic levels.

Unconstrained Preference:
   CLOCK_TO_OUT PORT "serial_out" CLKPORT "clk" 

Report:    9.616ns delay probe/SLICE_354 to serial_out

   Name    Fanout   Delay (ns)          Site               Resource
REG_DEL     ---     0.452     R5C11D.CLK to      R5C11D.Q0 probe/SLICE_354 (from clk_c)
ROUTE         1     0.967      R5C11D.Q0 to      R5C11C.A1 probe/observe[74]
CTOF_DEL    ---     0.495      R5C11C.A1 to      R5C11C.F1 probe/SLICE_416
ROUTE         1     0.436      R5C11C.F1 to      R5C11C.C0 probe/serial_out_105
CTOF_DEL    ---     0.495      R5C11C.C0 to      R5C11C.F0 probe/SLICE_416
ROUTE         1     0.623      R5C11C.F0 to      R5C10B.D0 probe/serial_out_156
CTOF_DEL    ---     0.495      R5C10B.D0 to      R5C10B.F0 probe/SLICE_411
ROUTE         1     1.022      R5C10B.F0 to      R8C10C.D0 probe/serial_out_169
CTOF_DEL    ---     0.495      R8C10C.D0 to      R8C10C.F0 probe/SLICE_410
ROUTE         1     1.339      R8C10C.F0 to       11.PADDO serial_out_c
DOPAD_DEL   ---     2.797       11.PADDO to         11.PAD serial_out
                  --------
                    9.616   (54.4% logic, 45.6% route), 6 logic levels.

Unconstrained Preference:
   CLOCK_TO_OUT PORT "serial_out" CLKPORT "clk" 

Report:    9.592ns delay probe/SLICE_473 to serial_out

   Name    Fanout   Delay (ns)          Site               Resource
REG_DEL     ---     0.452     R9C10C.CLK to      R9C10C.Q1 probe/SLICE_473 (from clk_c)
ROUTE         1     0.744      R9C10C.Q1 to      R9C11C.C1 probe/observe[115]
CTOF_DEL    ---     0.495      R9C11C.C1 to      R9C11C.F1 probe/SLICE_474
ROUTE         1     0.693      R9C11C.F1 to      R9C11B.B0 probe/serial_out_115
CTOF_DEL    ---     0.495      R9C11B.B0 to      R9C11B.F0 probe/SLICE_418
ROUTE         1     0.623      R9C11B.F0 to      R9C10D.D0 probe/serial_out_159
CTOF_DEL    ---     0.495      R9C10D.D0 to      R9C10D.F0 probe/SLICE_412
ROUTE         1     0.964      R9C10D.F0 to      R8C10C.A0 probe/serial_out_170
CTOF_DEL    ---     0.495      R8C10C.A0 to      R8C10C.F0 probe/SLICE_410
ROUTE         1     1.339      R8C10C.F0 to       11.PADDO serial_out_c
DOPAD_DEL   ---     2.797       11.PADDO to         11.PAD serial_out
                  --------
                    9.592   (54.5% logic, 45.5% route), 6 logic levels.

Unconstrained Preference:
   CLOCK_TO_OUT PORT "serial_out" CLKPORT "clk" 

Report:    9.555ns delay probe/SLICE_309 to serial_out

   Name    Fanout   Delay (ns)          Site               Resource
REG_DEL     ---     0.452     R9C12D.CLK to      R9C12D.Q1 probe/SLICE_309 (from clk_c)
ROUTE         1     0.964      R9C12D.Q1 to      R9C11B.A1 probe/observe[123]
CTOF_DEL    ---     0.495      R9C11B.A1 to      R9C11B.F1 probe/SLICE_418
ROUTE         1     0.436      R9C11B.F1 to      R9C11B.C0 probe/serial_out_117
CTOF_DEL    ---     0.495      R9C11B.C0 to      R9C11B.F0 probe/SLICE_418
ROUTE         1     0.623      R9C11B.F0 to      R9C10D.D0 probe/serial_out_159
CTOF_DEL    ---     0.495      R9C10D.D0 to      R9C10D.F0 probe/SLICE_412
ROUTE         1     0.964      R9C10D.F0 to      R8C10C.A0 probe/serial_out_170
CTOF_DEL    ---     0.495      R8C10C.A0 to      R8C10C.F0 probe/SLICE_410
ROUTE         1     1.339      R8C10C.F0 to       11.PADDO serial_out_c
DOPAD_DEL   ---     2.797       11.PADDO to         11.PAD serial_out
                  --------
                    9.555   (54.7% logic, 45.3% route), 6 logic levels.

Unconstrained Preference:
   CLOCK_TO_OUT PORT "serial_out" CLKPORT "clk" 

Report:    9.529ns delay probe/SLICE_80 to serial_out

   Name    Fanout   Delay (ns)          Site               Resource
REG_DEL     ---     0.452     R4C14C.CLK to      R4C14C.Q1 probe/SLICE_80 (from clk_c)
ROUTE         1     1.400      R4C14C.Q1 to      R7C14A.B0 probe/observe[12]
CTOF_DEL    ---     0.495      R7C14A.B0 to      R7C14A.F0 probe/SLICE_482
ROUTE         1     1.620      R7C14A.F0 to      R8C10C.C1 probe/serial_out_89
CTOF_DEL    ---     0.495      R8C10C.C1 to      R8C10C.F1 probe/SLICE_410
ROUTE         1     0.436      R8C10C.F1 to      R8C10C.C0 probe/serial_out_163
CTOF_DEL    ---     0.495      R8C10C.C0 to      R8C10C.F0 probe/SLICE_410
ROUTE         1     1.339      R8C10C.F0 to       11.PADDO serial_out_c
DOPAD_DEL   ---     2.797       11.PADDO to         11.PAD serial_out
                  --------
                    9.529   (49.7% logic, 50.3% route), 5 logic levels.

Unconstrained Preference:
   CLOCK_TO_OUT PORT "serial_out" CLKPORT "clk" 

Report:    9.514ns delay probe/SLICE_355 to serial_out

   Name    Fanout   Delay (ns)          Site               Resource
REG_DEL     ---     0.452     R5C13D.CLK to      R5C13D.Q0 probe/SLICE_355 (from clk_c)
ROUTE         1     0.645      R5C13D.Q0 to      R5C11A.D0 probe/observe[72]
CTOF_DEL    ---     0.495      R5C11A.D0 to      R5C11A.F0 probe/SLICE_478
ROUTE         1     0.656      R5C11A.F0 to      R5C11C.A0 probe/serial_out_104
CTOF_DEL    ---     0.495      R5C11C.A0 to      R5C11C.F0 probe/SLICE_416
ROUTE         1     0.623      R5C11C.F0 to      R5C10B.D0 probe/serial_out_156
CTOF_DEL    ---     0.495      R5C10B.D0 to      R5C10B.F0 probe/SLICE_411
ROUTE         1     1.022      R5C10B.F0 to      R8C10C.D0 probe/serial_out_169
CTOF_DEL    ---     0.495      R8C10C.D0 to      R8C10C.F0 probe/SLICE_410
ROUTE         1     1.339      R8C10C.F0 to       11.PADDO serial_out_c
DOPAD_DEL   ---     2.797       11.PADDO to         11.PAD serial_out
                  --------
                    9.514   (55.0% logic, 45.0% route), 6 logic levels.

Unconstrained Preference:
   CLOCK_TO_OUT PORT "serial_out" CLKPORT "clk" 

Report:    9.498ns delay probe/SLICE_369 to serial_out

   Name    Fanout   Delay (ns)          Site               Resource
REG_DEL     ---     0.452     R4C10C.CLK to      R4C10C.Q0 probe/SLICE_369 (from clk_c)
ROUTE         1     1.157      R4C10C.Q0 to      R5C10C.D1 probe/observe[86]
CTOF_DEL    ---     0.495      R5C10C.D1 to      R5C10C.F1 probe/SLICE_476
ROUTE         1     0.315      R5C10C.F1 to      R5C10B.D1 probe/serial_out_108
CTOF_DEL    ---     0.495      R5C10B.D1 to      R5C10B.F1 probe/SLICE_411
ROUTE         1     0.436      R5C10B.F1 to      R5C10B.C0 probe/serial_out_157
CTOF_DEL    ---     0.495      R5C10B.C0 to      R5C10B.F0 probe/SLICE_411
ROUTE         1     1.022      R5C10B.F0 to      R8C10C.D0 probe/serial_out_169
CTOF_DEL    ---     0.495      R8C10C.D0 to      R8C10C.F0 probe/SLICE_410
ROUTE         1     1.339      R8C10C.F0 to       11.PADDO serial_out_c
DOPAD_DEL   ---     2.797       11.PADDO to         11.PAD serial_out
                  --------
                    9.498   (55.1% logic, 44.9% route), 6 logic levels.

Unconstrained Preference:
   CLOCK_TO_OUT PORT "serial_out" CLKPORT "clk" 

Report:    9.474ns delay probe/SLICE_471 to serial_out

   Name    Fanout   Delay (ns)          Site               Resource
REG_DEL     ---     0.452     R9C11A.CLK to      R9C11A.Q0 probe/SLICE_471 (from clk_c)
ROUTE         1     1.004      R9C11A.Q0 to      R9C11C.B0 probe/observe[118]
CTOF_DEL    ---     0.495      R9C11C.B0 to      R9C11C.F0 probe/SLICE_474
ROUTE         1     0.315      R9C11C.F0 to      R9C11B.D0 probe/serial_out_116
CTOF_DEL    ---     0.495      R9C11B.D0 to      R9C11B.F0 probe/SLICE_418
ROUTE         1     0.623      R9C11B.F0 to      R9C10D.D0 probe/serial_out_159
CTOF_DEL    ---     0.495      R9C10D.D0 to      R9C10D.F0 probe/SLICE_412
ROUTE         1     0.964      R9C10D.F0 to      R8C10C.A0 probe/serial_out_170
CTOF_DEL    ---     0.495      R8C10C.A0 to      R8C10C.F0 probe/SLICE_410
ROUTE         1     1.339      R8C10C.F0 to       11.PADDO serial_out_c
DOPAD_DEL   ---     2.797       11.PADDO to         11.PAD serial_out
                  --------
                    9.474   (55.2% logic, 44.8% route), 6 logic levels.

Unconstrained Preference:
   CLOCK_TO_OUT PORT "serial_out" CLKPORT "clk" 

Report:    9.474ns delay probe/SLICE_474 to serial_out

   Name    Fanout   Delay (ns)          Site               Resource
REG_DEL     ---     0.452     R9C11C.CLK to      R9C11C.Q1 probe/SLICE_474 (from clk_c)
ROUTE         1     0.626      R9C11C.Q1 to      R9C11C.D1 probe/observe[113]
CTOF_DEL    ---     0.495      R9C11C.D1 to      R9C11C.F1 probe/SLICE_474
ROUTE         1     0.693      R9C11C.F1 to      R9C11B.B0 probe/serial_out_115
CTOF_DEL    ---     0.495      R9C11B.B0 to      R9C11B.F0 probe/SLICE_418
ROUTE         1     0.623      R9C11B.F0 to      R9C10D.D0 probe/serial_out_159
CTOF_DEL    ---     0.495      R9C10D.D0 to      R9C10D.F0 probe/SLICE_412
ROUTE         1     0.964      R9C10D.F0 to      R8C10C.A0 probe/serial_out_170
CTOF_DEL    ---     0.495      R8C10C.A0 to      R8C10C.F0 probe/SLICE_410
ROUTE         1     1.339      R8C10C.F0 to       11.PADDO serial_out_c
DOPAD_DEL   ---     2.797       11.PADDO to         11.PAD serial_out
                  --------
                    9.474   (55.2% logic, 44.8% route), 6 logic levels.

Unconstrained Preference:
   CLOCK_TO_OUT PORT "serial_out" CLKPORT "clk" 

Report:    9.437ns delay probe/SLICE_471 to serial_out

   Name    Fanout   Delay (ns)          Site               Resource
REG_DEL     ---     0.452     R9C11A.CLK to      R9C11A.Q1 probe/SLICE_471 (from clk_c)
ROUTE         1     0.967      R9C11A.Q1 to      R9C11C.A0 probe/observe[119]
CTOF_DEL    ---     0.495      R9C11C.A0 to      R9C11C.F0 probe/SLICE_474
ROUTE         1     0.315      R9C11C.F0 to      R9C11B.D0 probe/serial_out_116
CTOF_DEL    ---     0.495      R9C11B.D0 to      R9C11B.F0 probe/SLICE_418
ROUTE         1     0.623      R9C11B.F0 to      R9C10D.D0 probe/serial_out_159
CTOF_DEL    ---     0.495      R9C10D.D0 to      R9C10D.F0 probe/SLICE_412
ROUTE         1     0.964      R9C10D.F0 to      R8C10C.A0 probe/serial_out_170
CTOF_DEL    ---     0.495      R8C10C.A0 to      R8C10C.F0 probe/SLICE_410
ROUTE         1     1.339      R8C10C.F0 to       11.PADDO serial_out_c
DOPAD_DEL   ---     2.797       11.PADDO to         11.PAD serial_out
                  --------
                    9.437   (55.4% logic, 44.6% route), 6 logic levels.

Unconstrained Preference:
   CLOCK_TO_OUT PORT "serial_out" CLKPORT "clk" 

Report:    9.360ns delay probe/SLICE_420 to serial_out

   Name    Fanout   Delay (ns)          Site               Resource
REG_DEL     ---     0.452     R8C10A.CLK to      R8C10A.Q1 probe/SLICE_420 (from clk_c)
ROUTE         1     0.626      R8C10A.Q1 to      R8C10B.D1 probe/observe[125]
CTOF_DEL    ---     0.495      R8C10B.D1 to      R8C10B.F1 probe/SLICE_196
ROUTE         1     0.766      R8C10B.F1 to      R9C10B.C0 probe/serial_out_118
CTOF_DEL    ---     0.495      R9C10B.C0 to      R9C10B.F0 probe/SLICE_419
ROUTE         1     0.436      R9C10B.F0 to      R9C10D.C0 probe/serial_out_160
CTOF_DEL    ---     0.495      R9C10D.C0 to      R9C10D.F0 probe/SLICE_412
ROUTE         1     0.964      R9C10D.F0 to      R8C10C.A0 probe/serial_out_170
CTOF_DEL    ---     0.495      R8C10C.A0 to      R8C10C.F0 probe/SLICE_410
ROUTE         1     1.339      R8C10C.F0 to       11.PADDO serial_out_c
DOPAD_DEL   ---     2.797       11.PADDO to         11.PAD serial_out
                  --------
                    9.360   (55.9% logic, 44.1% route), 6 logic levels.

Unconstrained Preference:
   CLOCK_TO_OUT PORT "serial_out" CLKPORT "clk" 

Report:    9.357ns delay probe/SLICE_470 to serial_out

   Name    Fanout   Delay (ns)          Site               Resource
REG_DEL     ---     0.452     R9C12A.CLK to      R9C12A.Q1 probe/SLICE_470 (from clk_c)
ROUTE         1     0.766      R9C12A.Q1 to      R9C11B.C1 probe/observe[121]
CTOF_DEL    ---     0.495      R9C11B.C1 to      R9C11B.F1 probe/SLICE_418
ROUTE         1     0.436      R9C11B.F1 to      R9C11B.C0 probe/serial_out_117
CTOF_DEL    ---     0.495      R9C11B.C0 to      R9C11B.F0 probe/SLICE_418
ROUTE         1     0.623      R9C11B.F0 to      R9C10D.D0 probe/serial_out_159
CTOF_DEL    ---     0.495      R9C10D.D0 to      R9C10D.F0 probe/SLICE_412
ROUTE         1     0.964      R9C10D.F0 to      R8C10C.A0 probe/serial_out_170
CTOF_DEL    ---     0.495      R8C10C.A0 to      R8C10C.F0 probe/SLICE_410
ROUTE         1     1.339      R8C10C.F0 to       11.PADDO serial_out_c
DOPAD_DEL   ---     2.797       11.PADDO to         11.PAD serial_out
                  --------
                    9.357   (55.9% logic, 44.1% route), 6 logic levels.

Unconstrained Preference:
   CLOCK_TO_OUT PORT "serial_out" CLKPORT "clk" 

Report:    9.327ns delay probe/SLICE_461 to serial_out

   Name    Fanout   Delay (ns)          Site               Resource
REG_DEL     ---     0.452     R4C10A.CLK to      R4C10A.Q1 probe/SLICE_461 (from clk_c)
ROUTE         1     0.986      R4C10A.Q1 to      R5C10C.A1 probe/observe[85]
CTOF_DEL    ---     0.495      R5C10C.A1 to      R5C10C.F1 probe/SLICE_476
ROUTE         1     0.315      R5C10C.F1 to      R5C10B.D1 probe/serial_out_108
CTOF_DEL    ---     0.495      R5C10B.D1 to      R5C10B.F1 probe/SLICE_411
ROUTE         1     0.436      R5C10B.F1 to      R5C10B.C0 probe/serial_out_157
CTOF_DEL    ---     0.495      R5C10B.C0 to      R5C10B.F0 probe/SLICE_411
ROUTE         1     1.022      R5C10B.F0 to      R8C10C.D0 probe/serial_out_169
CTOF_DEL    ---     0.495      R8C10C.D0 to      R8C10C.F0 probe/SLICE_410
ROUTE         1     1.339      R8C10C.F0 to       11.PADDO serial_out_c
DOPAD_DEL   ---     2.797       11.PADDO to         11.PAD serial_out
                  --------
                    9.327   (56.1% logic, 43.9% route), 6 logic levels.

Unconstrained Preference:
   CLOCK_TO_OUT PORT "serial_out" CLKPORT "clk" 

Report:    9.294ns delay probe/SLICE_355 to serial_out

   Name    Fanout   Delay (ns)          Site               Resource
REG_DEL     ---     0.452     R5C13D.CLK to      R5C13D.Q1 probe/SLICE_355 (from clk_c)
ROUTE         1     0.645      R5C13D.Q1 to      R5C11C.D1 probe/observe[73]
CTOF_DEL    ---     0.495      R5C11C.D1 to      R5C11C.F1 probe/SLICE_416
ROUTE         1     0.436      R5C11C.F1 to      R5C11C.C0 probe/serial_out_105
CTOF_DEL    ---     0.495      R5C11C.C0 to      R5C11C.F0 probe/SLICE_416
ROUTE         1     0.623      R5C11C.F0 to      R5C10B.D0 probe/serial_out_156
CTOF_DEL    ---     0.495      R5C10B.D0 to      R5C10B.F0 probe/SLICE_411
ROUTE         1     1.022      R5C10B.F0 to      R8C10C.D0 probe/serial_out_169
CTOF_DEL    ---     0.495      R8C10C.D0 to      R8C10C.F0 probe/SLICE_410
ROUTE         1     1.339      R8C10C.F0 to       11.PADDO serial_out_c
DOPAD_DEL   ---     2.797       11.PADDO to         11.PAD serial_out
                  --------
                    9.294   (56.3% logic, 43.7% route), 6 logic levels.

Unconstrained Preference:
   CLOCK_TO_OUT PORT "serial_out" CLKPORT "clk" 

Report:    9.236ns delay probe/SLICE_470 to serial_out

   Name    Fanout   Delay (ns)          Site               Resource
REG_DEL     ---     0.452     R9C12A.CLK to      R9C12A.Q0 probe/SLICE_470 (from clk_c)
ROUTE         1     0.766      R9C12A.Q0 to      R9C11C.C0 probe/observe[120]
CTOF_DEL    ---     0.495      R9C11C.C0 to      R9C11C.F0 probe/SLICE_474
ROUTE         1     0.315      R9C11C.F0 to      R9C11B.D0 probe/serial_out_116
CTOF_DEL    ---     0.495      R9C11B.D0 to      R9C11B.F0 probe/SLICE_418
ROUTE         1     0.623      R9C11B.F0 to      R9C10D.D0 probe/serial_out_159
CTOF_DEL    ---     0.495      R9C10D.D0 to      R9C10D.F0 probe/SLICE_412
ROUTE         1     0.964      R9C10D.F0 to      R8C10C.A0 probe/serial_out_170
CTOF_DEL    ---     0.495      R8C10C.A0 to      R8C10C.F0 probe/SLICE_410
ROUTE         1     1.339      R8C10C.F0 to       11.PADDO serial_out_c
DOPAD_DEL   ---     2.797       11.PADDO to         11.PAD serial_out
                  --------
                    9.236   (56.6% logic, 43.4% route), 6 logic levels.

Unconstrained Preference:
   CLOCK_TO_OUT PORT "serial_out" CLKPORT "clk" 

Report:    9.228ns delay probe/SLICE_303 to serial_out

   Name    Fanout   Delay (ns)          Site               Resource
REG_DEL     ---     0.452     R8C13D.CLK to      R8C13D.Q0 probe/SLICE_303 (from clk_c)
ROUTE         1     1.072      R8C13D.Q0 to      R9C12A.D1 probe/observe[162]
CTOF_DEL    ---     0.495      R9C12A.D1 to      R9C12A.F1 probe/SLICE_470
ROUTE         1     0.747      R9C12A.F1 to      R9C12D.C1 probe/serial_out_127
CTOF_DEL    ---     0.495      R9C12D.C1 to      R9C12D.F1 probe/SLICE_309
ROUTE         1     1.336      R9C12D.F1 to      R8C10C.B0 probe/serial_out_162
CTOF_DEL    ---     0.495      R8C10C.B0 to      R8C10C.F0 probe/SLICE_410
ROUTE         1     1.339      R8C10C.F0 to       11.PADDO serial_out_c
DOPAD_DEL   ---     2.797       11.PADDO to         11.PAD serial_out
                  --------
                    9.228   (51.3% logic, 48.7% route), 5 logic levels.

Unconstrained Preference:
   CLOCK_TO_OUT PORT "serial_out" CLKPORT "clk" 

Report:    9.214ns delay probe/SLICE_309 to serial_out

   Name    Fanout   Delay (ns)          Site               Resource
REG_DEL     ---     0.452     R9C12D.CLK to      R9C12D.Q0 probe/SLICE_309 (from clk_c)
ROUTE         1     0.623      R9C12D.Q0 to      R9C11B.D1 probe/observe[122]
CTOF_DEL    ---     0.495      R9C11B.D1 to      R9C11B.F1 probe/SLICE_418
ROUTE         1     0.436      R9C11B.F1 to      R9C11B.C0 probe/serial_out_117
CTOF_DEL    ---     0.495      R9C11B.C0 to      R9C11B.F0 probe/SLICE_418
ROUTE         1     0.623      R9C11B.F0 to      R9C10D.D0 probe/serial_out_159
CTOF_DEL    ---     0.495      R9C10D.D0 to      R9C10D.F0 probe/SLICE_412
ROUTE         1     0.964      R9C10D.F0 to      R8C10C.A0 probe/serial_out_170
CTOF_DEL    ---     0.495      R8C10C.A0 to      R8C10C.F0 probe/SLICE_410
ROUTE         1     1.339      R8C10C.F0 to       11.PADDO serial_out_c
DOPAD_DEL   ---     2.797       11.PADDO to         11.PAD serial_out
                  --------
                    9.214   (56.8% logic, 43.2% route), 6 logic levels.

Unconstrained Preference:
   CLOCK_TO_OUT PORT "serial_out" CLKPORT "clk" 

Report:    9.160ns delay probe/SLICE_302 to serial_out

   Name    Fanout   Delay (ns)          Site               Resource
REG_DEL     ---     0.452     R9C12B.CLK to      R9C12B.Q0 probe/SLICE_302 (from clk_c)
ROUTE         1     1.004      R9C12B.Q0 to      R9C12A.B1 probe/observe[164]
CTOF_DEL    ---     0.495      R9C12A.B1 to      R9C12A.F1 probe/SLICE_470
ROUTE         1     0.747      R9C12A.F1 to      R9C12D.C1 probe/serial_out_127
CTOF_DEL    ---     0.495      R9C12D.C1 to      R9C12D.F1 probe/SLICE_309
ROUTE         1     1.336      R9C12D.F1 to      R8C10C.B0 probe/serial_out_162
CTOF_DEL    ---     0.495      R8C10C.B0 to      R8C10C.F0 probe/SLICE_410
ROUTE         1     1.339      R8C10C.F0 to       11.PADDO serial_out_c
DOPAD_DEL   ---     2.797       11.PADDO to         11.PAD serial_out
                  --------
                    9.160   (51.7% logic, 48.3% route), 5 logic levels.

Unconstrained Preference:
   CLOCK_TO_OUT PORT "serial_out" CLKPORT "clk" 

Report:    9.157ns delay probe/SLICE_161 to serial_out

   Name    Fanout   Delay (ns)          Site               Resource
REG_DEL     ---     0.452    R10C12A.CLK to     R10C12A.Q1 probe/SLICE_161 (from clk_c)
ROUTE         1     0.744     R10C12A.Q1 to      R9C12D.C0 probe/observe[172]
CTOF_DEL    ---     0.495      R9C12D.C0 to      R9C12D.F0 probe/SLICE_309
ROUTE         1     1.004      R9C12D.F0 to      R9C12D.B1 probe/serial_out_129
CTOF_DEL    ---     0.495      R9C12D.B1 to      R9C12D.F1 probe/SLICE_309
ROUTE         1     1.336      R9C12D.F1 to      R8C10C.B0 probe/serial_out_162
CTOF_DEL    ---     0.495      R8C10C.B0 to      R8C10C.F0 probe/SLICE_410
ROUTE         1     1.339      R8C10C.F0 to       11.PADDO serial_out_c
DOPAD_DEL   ---     2.797       11.PADDO to         11.PAD serial_out
                  --------
                    9.157   (51.7% logic, 48.3% route), 5 logic levels.

Unconstrained Preference:
   CLOCK_TO_OUT PORT "serial_out" CLKPORT "clk" 

Report:    9.107ns delay probe/SLICE_369 to serial_out

   Name    Fanout   Delay (ns)          Site               Resource
REG_DEL     ---     0.452     R4C10C.CLK to      R4C10C.Q1 probe/SLICE_369 (from clk_c)
ROUTE         1     0.766      R4C10C.Q1 to      R5C10C.C1 probe/observe[87]
CTOF_DEL    ---     0.495      R5C10C.C1 to      R5C10C.F1 probe/SLICE_476
ROUTE         1     0.315      R5C10C.F1 to      R5C10B.D1 probe/serial_out_108
CTOF_DEL    ---     0.495      R5C10B.D1 to      R5C10B.F1 probe/SLICE_411
ROUTE         1     0.436      R5C10B.F1 to      R5C10B.C0 probe/serial_out_157
CTOF_DEL    ---     0.495      R5C10B.C0 to      R5C10B.F0 probe/SLICE_411
ROUTE         1     1.022      R5C10B.F0 to      R8C10C.D0 probe/serial_out_169
CTOF_DEL    ---     0.495      R8C10C.D0 to      R8C10C.F0 probe/SLICE_410
ROUTE         1     1.339      R8C10C.F0 to       11.PADDO serial_out_c
DOPAD_DEL   ---     2.797       11.PADDO to         11.PAD serial_out
                  --------
                    9.107   (57.4% logic, 42.6% route), 6 logic levels.

Unconstrained Preference:
   CLOCK_TO_OUT PORT "serial_out" CLKPORT "clk" 

Report:    9.058ns delay probe/SLICE_308 to serial_out

   Name    Fanout   Delay (ns)          Site               Resource
REG_DEL     ---     0.452     R8C12A.CLK to      R8C12A.Q0 probe/SLICE_308 (from clk_c)
ROUTE         1     0.645      R8C12A.Q0 to      R9C12D.D0 probe/observe[173]
CTOF_DEL    ---     0.495      R9C12D.D0 to      R9C12D.F0 probe/SLICE_309
ROUTE         1     1.004      R9C12D.F0 to      R9C12D.B1 probe/serial_out_129
CTOF_DEL    ---     0.495      R9C12D.B1 to      R9C12D.F1 probe/SLICE_309
ROUTE         1     1.336      R9C12D.F1 to      R8C10C.B0 probe/serial_out_162
CTOF_DEL    ---     0.495      R8C10C.B0 to      R8C10C.F0 probe/SLICE_410
ROUTE         1     1.339      R8C10C.F0 to       11.PADDO serial_out_c
DOPAD_DEL   ---     2.797       11.PADDO to         11.PAD serial_out
                  --------
                    9.058   (52.3% logic, 47.7% route), 5 logic levels.

Unconstrained Preference:
   CLOCK_TO_OUT PORT "serial_out" CLKPORT "clk" 

Report:    9.036ns delay probe/SLICE_307 to serial_out

   Name    Fanout   Delay (ns)          Site               Resource
REG_DEL     ---     0.452     R9C13C.CLK to      R9C13C.Q0 probe/SLICE_307 (from clk_c)
ROUTE         1     1.001      R9C13C.Q0 to      R9C12A.B0 probe/observe[168]
CTOF_DEL    ---     0.495      R9C12A.B0 to      R9C12A.F0 probe/SLICE_470
ROUTE         1     0.626      R9C12A.F0 to      R9C12D.D1 probe/serial_out_128
CTOF_DEL    ---     0.495      R9C12D.D1 to      R9C12D.F1 probe/SLICE_309
ROUTE         1     1.336      R9C12D.F1 to      R8C10C.B0 probe/serial_out_162
CTOF_DEL    ---     0.495      R8C10C.B0 to      R8C10C.F0 probe/SLICE_410
ROUTE         1     1.339      R8C10C.F0 to       11.PADDO serial_out_c
DOPAD_DEL   ---     2.797       11.PADDO to         11.PAD serial_out
                  --------
                    9.036   (52.4% logic, 47.6% route), 5 logic levels.

Unconstrained Preference:
   CLOCK_TO_OUT PORT "serial_out" CLKPORT "clk" 

Report:    9.002ns delay probe/SLICE_301 to serial_out

   Name    Fanout   Delay (ns)          Site               Resource
REG_DEL     ---     0.452     R9C12C.CLK to      R9C12C.Q0 probe/SLICE_301 (from clk_c)
ROUTE         1     0.967      R9C12C.Q0 to      R9C12A.A0 probe/observe[166]
CTOF_DEL    ---     0.495      R9C12A.A0 to      R9C12A.F0 probe/SLICE_470
ROUTE         1     0.626      R9C12A.F0 to      R9C12D.D1 probe/serial_out_128
CTOF_DEL    ---     0.495      R9C12D.D1 to      R9C12D.F1 probe/SLICE_309
ROUTE         1     1.336      R9C12D.F1 to      R8C10C.B0 probe/serial_out_162
CTOF_DEL    ---     0.495      R8C10C.B0 to      R8C10C.F0 probe/SLICE_410
ROUTE         1     1.339      R8C10C.F0 to       11.PADDO serial_out_c
DOPAD_DEL   ---     2.797       11.PADDO to         11.PAD serial_out
                  --------
                    9.002   (52.6% logic, 47.4% route), 5 logic levels.

Unconstrained Preference:
   CLOCK_TO_OUT PORT "serial_out" CLKPORT "clk" 

Report:    8.889ns delay probe/SLICE_298 to serial_out

   Name    Fanout   Delay (ns)          Site               Resource
REG_DEL     ---     0.452      R8C7A.CLK to       R8C7A.Q0 probe/SLICE_298 (from clk_c)
ROUTE         1     1.413       R8C7A.Q0 to      R8C10A.A0 probe/observe[175]
CTOF_DEL    ---     0.495      R8C10A.A0 to      R8C10A.F0 probe/SLICE_420
ROUTE         1     0.967      R8C10A.F0 to      R8C10C.A1 probe/serial_out_130
CTOF_DEL    ---     0.495      R8C10C.A1 to      R8C10C.F1 probe/SLICE_410
ROUTE         1     0.436      R8C10C.F1 to      R8C10C.C0 probe/serial_out_163
CTOF_DEL    ---     0.495      R8C10C.C0 to      R8C10C.F0 probe/SLICE_410
ROUTE         1     1.339      R8C10C.F0 to       11.PADDO serial_out_c
DOPAD_DEL   ---     2.797       11.PADDO to         11.PAD serial_out
                  --------
                    8.889   (53.3% logic, 46.7% route), 5 logic levels.

Unconstrained Preference:
   CLOCK_TO_OUT PORT "serial_out" CLKPORT "clk" 

Report:    8.782ns delay probe/SLICE_302 to serial_out

   Name    Fanout   Delay (ns)          Site               Resource
REG_DEL     ---     0.452     R9C12B.CLK to      R9C12B.Q1 probe/SLICE_302 (from clk_c)
ROUTE         1     0.747      R9C12B.Q1 to      R9C12A.C0 probe/observe[165]
CTOF_DEL    ---     0.495      R9C12A.C0 to      R9C12A.F0 probe/SLICE_470
ROUTE         1     0.626      R9C12A.F0 to      R9C12D.D1 probe/serial_out_128
CTOF_DEL    ---     0.495      R9C12D.D1 to      R9C12D.F1 probe/SLICE_309
ROUTE         1     1.336      R9C12D.F1 to      R8C10C.B0 probe/serial_out_162
CTOF_DEL    ---     0.495      R8C10C.B0 to      R8C10C.F0 probe/SLICE_410
ROUTE         1     1.339      R8C10C.F0 to       11.PADDO serial_out_c
DOPAD_DEL   ---     2.797       11.PADDO to         11.PAD serial_out
                  --------
                    8.782   (53.9% logic, 46.1% route), 5 logic levels.

Unconstrained Preference:
   CLOCK_TO_OUT PORT "serial_out" CLKPORT "clk" 

Report:    8.661ns delay probe/SLICE_301 to serial_out

   Name    Fanout   Delay (ns)          Site               Resource
REG_DEL     ---     0.452     R9C12C.CLK to      R9C12C.Q1 probe/SLICE_301 (from clk_c)
ROUTE         1     0.626      R9C12C.Q1 to      R9C12A.D0 probe/observe[167]
CTOF_DEL    ---     0.495      R9C12A.D0 to      R9C12A.F0 probe/SLICE_470
ROUTE         1     0.626      R9C12A.F0 to      R9C12D.D1 probe/serial_out_128
CTOF_DEL    ---     0.495      R9C12D.D1 to      R9C12D.F1 probe/SLICE_309
ROUTE         1     1.336      R9C12D.F1 to      R8C10C.B0 probe/serial_out_162
CTOF_DEL    ---     0.495      R8C10C.B0 to      R8C10C.F0 probe/SLICE_410
ROUTE         1     1.339      R8C10C.F0 to       11.PADDO serial_out_c
DOPAD_DEL   ---     2.797       11.PADDO to         11.PAD serial_out
                  --------
                    8.661   (54.7% logic, 45.3% route), 5 logic levels.

Unconstrained Preference:
   CLOCK_TO_OUT PORT "serial_out" CLKPORT "clk" 

Report:    8.242ns delay probe/SLICE_308 to serial_out

   Name    Fanout   Delay (ns)          Site               Resource
REG_DEL     ---     0.452     R8C12A.CLK to      R8C12A.Q1 probe/SLICE_308 (from clk_c)
ROUTE         1     0.766      R8C12A.Q1 to      R8C10A.C0 probe/observe[174]
CTOF_DEL    ---     0.495      R8C10A.C0 to      R8C10A.F0 probe/SLICE_420
ROUTE         1     0.967      R8C10A.F0 to      R8C10C.A1 probe/serial_out_130
CTOF_DEL    ---     0.495      R8C10C.A1 to      R8C10C.F1 probe/SLICE_410
ROUTE         1     0.436      R8C10C.F1 to      R8C10C.C0 probe/serial_out_163
CTOF_DEL    ---     0.495      R8C10C.C0 to      R8C10C.F0 probe/SLICE_410
ROUTE         1     1.339      R8C10C.F0 to       11.PADDO serial_out_c
DOPAD_DEL   ---     2.797       11.PADDO to         11.PAD serial_out
                  --------
                    8.242   (57.4% logic, 42.6% route), 5 logic levels.


================================================================================
Preference: Unconstrained: MAXDELAY
            0 unconstrained paths found
--------------------------------------------------------------------------------

Report Summary
--------------
----------------------------------------------------------------------------
Preference                              |   Constraint|       Actual|Levels
----------------------------------------------------------------------------
                                        |             |             |
FREQUENCY PORT "clk" 29.560000 MHz ;    |   29.560 MHz|   31.444 MHz|  20  
                                        |             |             |
----------------------------------------------------------------------------


All preferences were met.


Clock Domains Analysis
------------------------

Found 1 clocks:

Clock Domain: clk_c   Source: clk.PAD   Loads: 235
   Covered under: FREQUENCY PORT "clk" 29.560000 MHz ;


--------------------------------------------------------------------------------
                Connections not covered by the preferences
--------------------------------------------------------------------------------

     Delay                        Element                 Net

    1.339ns   probe/SLICE_410.F0 to     serial_out.PADDO serial_out_c
    0.565ns      serial_in.PADDI to   serial_in_MGIOL.DI serial_in_c
    2.451ns          reset.PADDI to .memory/SLICE_11.LSR reset_c
    2.451ns          reset.PADDI to .memory/SLICE_12.LSR reset_c
    2.451ns          reset.PADDI to .memory/SLICE_13.LSR reset_c
    2.451ns          reset.PADDI to .memory/SLICE_14.LSR reset_c
    2.451ns          reset.PADDI to .memory/SLICE_15.LSR reset_c
    2.451ns          reset.PADDI to .memory/SLICE_16.LSR reset_c
    2.451ns          reset.PADDI to .memory/SLICE_17.LSR reset_c
    2.451ns          reset.PADDI to ine/seq/SLICE_18.LSR reset_c
    2.451ns          reset.PADDI to ine/seq/SLICE_19.LSR reset_c
    2.451ns          reset.PADDI to ine/seq/SLICE_20.LSR reset_c
    2.451ns          reset.PADDI to ine/seq/SLICE_21.LSR reset_c
    2.451ns          reset.PADDI to ine/seq/SLICE_22.LSR reset_c
    2.451ns          reset.PADDI to /system/SLICE_34.LSR reset_c
    2.451ns          reset.PADDI to /system/SLICE_35.LSR reset_c
    2.451ns          reset.PADDI to /system/SLICE_37.LSR reset_c
    2.451ns          reset.PADDI to /system/SLICE_38.LSR reset_c
    2.451ns          reset.PADDI to /system/SLICE_40.LSR reset_c
    2.451ns          reset.PADDI to /system/SLICE_41.LSR reset_c
    2.451ns          reset.PADDI to /system/SLICE_43.LSR reset_c
    2.451ns          reset.PADDI to /system/SLICE_44.LSR reset_c
    2.451ns          reset.PADDI to /system/SLICE_46.LSR reset_c
    2.451ns          reset.PADDI to /system/SLICE_47.LSR reset_c
    2.451ns          reset.PADDI to /system/SLICE_49.LSR reset_c
    2.451ns          reset.PADDI to /system/SLICE_50.LSR reset_c
    2.451ns          reset.PADDI to /system/SLICE_52.LSR reset_c
    2.451ns          reset.PADDI to /system/SLICE_53.LSR reset_c
    2.451ns          reset.PADDI to /system/SLICE_55.LSR reset_c
    2.451ns          reset.PADDI to /system/SLICE_56.LSR reset_c
    2.451ns          reset.PADDI to ansport/SLICE_57.LSR reset_c
    2.451ns          reset.PADDI to /system/SLICE_58.LSR reset_c
    2.451ns          reset.PADDI to /system/SLICE_59.LSR reset_c
    2.451ns          reset.PADDI to /system/SLICE_60.LSR reset_c
    2.451ns          reset.PADDI to /system/SLICE_61.LSR reset_c
    2.451ns          reset.PADDI to /system/SLICE_62.LSR reset_c
    2.451ns          reset.PADDI to /system/SLICE_63.LSR reset_c
    2.451ns          reset.PADDI to /system/SLICE_64.LSR reset_c
    2.451ns          reset.PADDI to /system/SLICE_65.LSR reset_c
    2.451ns          reset.PADDI to ansport/SLICE_74.LSR reset_c
    2.451ns          reset.PADDI to   probe/SLICE_75.LSR reset_c
    2.451ns          reset.PADDI to   probe/SLICE_76.LSR reset_c
    2.451ns          reset.PADDI to   probe/SLICE_77.LSR reset_c
    2.451ns          reset.PADDI to   probe/SLICE_78.LSR reset_c
    2.451ns          reset.PADDI to   probe/SLICE_79.LSR reset_c
    2.451ns          reset.PADDI to   probe/SLICE_80.LSR reset_c
    2.451ns          reset.PADDI to   probe/SLICE_81.LSR reset_c
    2.451ns          reset.PADDI to   probe/SLICE_82.LSR reset_c
    2.451ns          reset.PADDI to   probe/SLICE_83.LSR reset_c
    2.451ns          reset.PADDI to   probe/SLICE_84.LSR reset_c
    2.451ns          reset.PADDI to   probe/SLICE_85.LSR reset_c
    2.451ns          reset.PADDI to   probe/SLICE_86.LSR reset_c
    2.451ns          reset.PADDI to  probe/SLICE_142.LSR reset_c
    2.451ns          reset.PADDI to  probe/SLICE_144.LSR reset_c
    2.451ns          reset.PADDI to  probe/SLICE_161.LSR reset_c
    2.451ns          reset.PADDI to status/SLICE_164.LSR reset_c
    2.451ns          reset.PADDI to status/SLICE_165.LSR reset_c
    2.451ns          reset.PADDI to engine/SLICE_166.LSR reset_c
    2.451ns          reset.PADDI to engine/SLICE_167.LSR reset_c
    2.451ns          reset.PADDI to engine/SLICE_168.LSR reset_c
    2.451ns          reset.PADDI to engine/SLICE_169.LSR reset_c
    2.451ns          reset.PADDI to engine/SLICE_170.LSR reset_c
    2.451ns          reset.PADDI to engine/SLICE_171.LSR reset_c
    2.451ns          reset.PADDI to engine/SLICE_172.LSR reset_c
    2.451ns          reset.PADDI to engine/SLICE_173.LSR reset_c
    2.451ns          reset.PADDI to engine/SLICE_174.LSR reset_c
    2.451ns          reset.PADDI to engine/SLICE_175.LSR reset_c
    2.451ns          reset.PADDI to ine/dp/SLICE_176.LSR reset_c
    2.451ns          reset.PADDI to ine/dp/SLICE_177.LSR reset_c
    2.451ns          reset.PADDI to ine/dp/SLICE_178.LSR reset_c
    2.451ns          reset.PADDI to ine/dp/SLICE_179.LSR reset_c
    2.451ns          reset.PADDI to ine/dp/SLICE_180.LSR reset_c
    2.451ns          reset.PADDI to ine/dp/SLICE_181.LSR reset_c
    2.451ns          reset.PADDI to ine/dp/SLICE_182.LSR reset_c
    2.451ns          reset.PADDI to ine/dp/SLICE_183.LSR reset_c
    2.451ns          reset.PADDI to ine/dp/SLICE_184.LSR reset_c
    2.451ns          reset.PADDI to ine/dp/SLICE_185.LSR reset_c
    3.744ns          reset.PADDI to /engine/SLICE_186.B1 reset_c
    2.451ns          reset.PADDI to engine/SLICE_186.LSR reset_c
    2.451ns          reset.PADDI to nsport/SLICE_187.LSR reset_c
    2.451ns          reset.PADDI to  probe/SLICE_195.LSR reset_c
    2.451ns          reset.PADDI to  probe/SLICE_196.LSR reset_c
    2.451ns          reset.PADDI to engine/SLICE_197.LSR reset_c
    2.451ns          reset.PADDI to  probe/SLICE_198.LSR reset_c
    2.451ns          reset.PADDI to ne/seq/SLICE_199.LSR reset_c
    2.451ns          reset.PADDI to  probe/SLICE_200.LSR reset_c
    3.409ns          reset.PADDI to .memory/SLICE_201.B0 reset_c
    2.451ns          reset.PADDI to memory/SLICE_202.LSR reset_c
    2.451ns          reset.PADDI to nsport/SLICE_203.LSR reset_c
    2.451ns          reset.PADDI to nsport/SLICE_204.LSR reset_c
    2.451ns          reset.PADDI to nsport/SLICE_205.LSR reset_c
    2.451ns          reset.PADDI to memory/SLICE_206.LSR reset_c
    2.451ns          reset.PADDI to memory/SLICE_207.LSR reset_c
    2.451ns          reset.PADDI to nsport/SLICE_208.LSR reset_c
    3.564ns          reset.PADDI to ansport/SLICE_213.C1 reset_c
    2.451ns          reset.PADDI to nsport/SLICE_213.LSR reset_c
    3.058ns          reset.PADDI to ansport/SLICE_214.D0 reset_c
    3.058ns          reset.PADDI to ansport/SLICE_215.D0 reset_c
    3.058ns          reset.PADDI to ansport/SLICE_215.D1 reset_c
    3.058ns          reset.PADDI to ansport/SLICE_216.D0 reset_c
    3.545ns          reset.PADDI to ansport/SLICE_216.C1 reset_c
    4.236ns          reset.PADDI to ansport/SLICE_217.B0 reset_c
    4.255ns          reset.PADDI to ansport/SLICE_217.D1 reset_c
    3.821ns          reset.PADDI to ansport/SLICE_218.D0 reset_c
    3.545ns          reset.PADDI to ansport/SLICE_218.C1 reset_c
    3.521ns          reset.PADDI to ansport/SLICE_219.C1 reset_c
    3.545ns          reset.PADDI to ansport/SLICE_220.C0 reset_c
    3.058ns          reset.PADDI to ansport/SLICE_220.D1 reset_c
    3.521ns          reset.PADDI to ansport/SLICE_221.C1 reset_c
    4.261ns          reset.PADDI to ansport/SLICE_222.B0 reset_c
    4.261ns          reset.PADDI to ansport/SLICE_222.B1 reset_c
    2.451ns          reset.PADDI to system/SLICE_223.LSR reset_c
    2.451ns          reset.PADDI to system/SLICE_224.LSR reset_c
    2.451ns          reset.PADDI to system/SLICE_225.LSR reset_c
    2.451ns          reset.PADDI to memory/SLICE_226.LSR reset_c
    2.451ns          reset.PADDI to nsport/SLICE_227.LSR reset_c
    2.451ns          reset.PADDI to nsport/SLICE_228.LSR reset_c
    2.451ns          reset.PADDI to nsport/SLICE_229.LSR reset_c
    2.451ns          reset.PADDI to nsport/SLICE_230.LSR reset_c
    2.451ns          reset.PADDI to ne/seq/SLICE_235.LSR reset_c
    2.451ns          reset.PADDI to ne/seq/SLICE_236.LSR reset_c
    2.451ns          reset.PADDI to ne/seq/SLICE_237.LSR reset_c
    2.451ns          reset.PADDI to ne/seq/SLICE_238.LSR reset_c
    2.451ns          reset.PADDI to ne/seq/SLICE_239.LSR reset_c
    2.451ns          reset.PADDI to ne/seq/SLICE_240.LSR reset_c
    2.451ns          reset.PADDI to ne/seq/SLICE_241.LSR reset_c
    2.451ns          reset.PADDI to ne/seq/SLICE_242.LSR reset_c
    2.451ns          reset.PADDI to ne/seq/SLICE_243.LSR reset_c
    2.451ns          reset.PADDI to ne/seq/SLICE_244.LSR reset_c
    2.451ns          reset.PADDI to  probe/SLICE_292.LSR reset_c
    4.751ns          reset.PADDI to ansport/SLICE_293.D1 reset_c
    4.751ns          reset.PADDI to /system/SLICE_295.D1 reset_c
    2.451ns          reset.PADDI to engine/SLICE_296.LSR reset_c
    4.294ns          reset.PADDI to /engine/SLICE_297.B0 reset_c
    4.434ns          reset.PADDI to /engine/SLICE_297.C1 reset_c
    2.451ns          reset.PADDI to  probe/SLICE_298.LSR reset_c
    2.451ns          reset.PADDI to  probe/SLICE_299.LSR reset_c
    2.451ns          reset.PADDI to engine/SLICE_300.LSR reset_c
    2.451ns          reset.PADDI to  probe/SLICE_301.LSR reset_c
    2.451ns          reset.PADDI to  probe/SLICE_302.LSR reset_c
    2.451ns          reset.PADDI to  probe/SLICE_303.LSR reset_c
    2.451ns          reset.PADDI to  probe/SLICE_304.LSR reset_c
    2.451ns          reset.PADDI to  probe/SLICE_305.LSR reset_c
    2.451ns          reset.PADDI to  probe/SLICE_306.LSR reset_c
    2.451ns          reset.PADDI to  probe/SLICE_307.LSR reset_c
    2.451ns          reset.PADDI to  probe/SLICE_308.LSR reset_c
    2.451ns          reset.PADDI to  probe/SLICE_309.LSR reset_c
    3.443ns          reset.PADDI to ansport/SLICE_317.D0 reset_c
    3.778ns          reset.PADDI to ansport/SLICE_318.B0 reset_c
    4.872ns          reset.PADDI to ansport/SLICE_321.C1 reset_c
    5.185ns          reset.PADDI to ansport/SLICE_322.D1 reset_c
    4.244ns          reset.PADDI to ansport/SLICE_323.A1 reset_c
    5.185ns          reset.PADDI to ansport/SLICE_324.D1 reset_c
    3.545ns          reset.PADDI to ansport/SLICE_327.C1 reset_c
    3.400ns          reset.PADDI to ansport/SLICE_328.D1 reset_c
    3.714ns          reset.PADDI to ine/seq/SLICE_334.A0 reset_c
    2.451ns          reset.PADDI to engine/SLICE_335.LSR reset_c
    2.451ns          reset.PADDI to engine/SLICE_336.LSR reset_c
    3.714ns          reset.PADDI to ine/seq/SLICE_337.A1 reset_c
    3.031ns          reset.PADDI to ine/seq/SLICE_338.D1 reset_c
    2.451ns          reset.PADDI to  probe/SLICE_343.LSR reset_c
    2.451ns          reset.PADDI to  probe/SLICE_344.LSR reset_c
    2.451ns          reset.PADDI to  probe/SLICE_345.LSR reset_c
    2.451ns          reset.PADDI to  probe/SLICE_346.LSR reset_c
    2.451ns          reset.PADDI to  probe/SLICE_347.LSR reset_c
    2.451ns          reset.PADDI to  probe/SLICE_348.LSR reset_c
    2.451ns          reset.PADDI to  probe/SLICE_349.LSR reset_c
    2.451ns          reset.PADDI to  probe/SLICE_350.LSR reset_c
    2.451ns          reset.PADDI to  probe/SLICE_351.LSR reset_c
    2.451ns          reset.PADDI to  probe/SLICE_352.LSR reset_c
    2.451ns          reset.PADDI to  probe/SLICE_353.LSR reset_c
    2.451ns          reset.PADDI to  probe/SLICE_354.LSR reset_c
    2.451ns          reset.PADDI to  probe/SLICE_355.LSR reset_c
    2.451ns          reset.PADDI to  probe/SLICE_356.LSR reset_c
    2.451ns          reset.PADDI to  probe/SLICE_357.LSR reset_c
    2.451ns          reset.PADDI to  probe/SLICE_358.LSR reset_c
    2.451ns          reset.PADDI to  probe/SLICE_359.LSR reset_c
    2.451ns          reset.PADDI to  probe/SLICE_360.LSR reset_c
    2.451ns          reset.PADDI to  probe/SLICE_361.LSR reset_c
    2.451ns          reset.PADDI to  probe/SLICE_362.LSR reset_c
    2.451ns          reset.PADDI to  probe/SLICE_365.LSR reset_c
    2.451ns          reset.PADDI to  probe/SLICE_366.LSR reset_c
    2.451ns          reset.PADDI to  probe/SLICE_367.LSR reset_c
    2.451ns          reset.PADDI to  probe/SLICE_368.LSR reset_c
    2.451ns          reset.PADDI to  probe/SLICE_369.LSR reset_c
    2.451ns          reset.PADDI to  probe/SLICE_370.LSR reset_c
    2.451ns          reset.PADDI to  probe/SLICE_371.LSR reset_c
    2.451ns          reset.PADDI to  probe/SLICE_372.LSR reset_c
    2.451ns          reset.PADDI to  probe/SLICE_373.LSR reset_c
    2.451ns          reset.PADDI to  probe/SLICE_404.LSR reset_c
    2.451ns          reset.PADDI to  probe/SLICE_405.LSR reset_c
    2.451ns          reset.PADDI to  probe/SLICE_406.LSR reset_c
    2.451ns          reset.PADDI to  probe/SLICE_407.LSR reset_c
    2.451ns          reset.PADDI to engine/SLICE_408.LSR reset_c
    2.451ns          reset.PADDI to engine/SLICE_409.LSR reset_c
    2.451ns          reset.PADDI to  probe/SLICE_410.LSR reset_c
    2.451ns          reset.PADDI to  probe/SLICE_411.LSR reset_c
    2.451ns          reset.PADDI to  probe/SLICE_412.LSR reset_c
    2.451ns          reset.PADDI to  probe/SLICE_413.LSR reset_c
    2.451ns          reset.PADDI to  probe/SLICE_414.LSR reset_c
    2.451ns          reset.PADDI to  probe/SLICE_415.LSR reset_c
    2.451ns          reset.PADDI to  probe/SLICE_416.LSR reset_c
    2.451ns          reset.PADDI to  probe/SLICE_417.LSR reset_c
    2.451ns          reset.PADDI to  probe/SLICE_418.LSR reset_c
    2.451ns          reset.PADDI to  probe/SLICE_419.LSR reset_c
    2.451ns          reset.PADDI to  probe/SLICE_420.LSR reset_c
    2.451ns          reset.PADDI to engine/SLICE_423.LSR reset_c
    2.451ns          reset.PADDI to  probe/SLICE_425.LSR reset_c
    2.451ns          reset.PADDI to  probe/SLICE_446.LSR reset_c
    2.451ns          reset.PADDI to  probe/SLICE_447.LSR reset_c
    2.451ns          reset.PADDI to  probe/SLICE_448.LSR reset_c
    2.451ns          reset.PADDI to  probe/SLICE_449.LSR reset_c
    4.669ns          reset.PADDI to /engine/SLICE_453.A0 reset_c
    4.669ns          reset.PADDI to /engine/SLICE_453.A1 reset_c
    3.031ns          reset.PADDI to /engine/SLICE_459.D0 reset_c
    2.451ns          reset.PADDI to  probe/SLICE_460.LSR reset_c
    2.451ns          reset.PADDI to  probe/SLICE_461.LSR reset_c
    2.451ns          reset.PADDI to  probe/SLICE_462.LSR reset_c
    2.451ns          reset.PADDI to  probe/SLICE_463.LSR reset_c
    2.451ns          reset.PADDI to  probe/SLICE_468.LSR reset_c
    2.451ns          reset.PADDI to engine/SLICE_469.LSR reset_c
    2.451ns          reset.PADDI to  probe/SLICE_470.LSR reset_c
    2.451ns          reset.PADDI to  probe/SLICE_471.LSR reset_c
    2.451ns          reset.PADDI to  probe/SLICE_472.LSR reset_c
    2.451ns          reset.PADDI to  probe/SLICE_473.LSR reset_c
    2.451ns          reset.PADDI to  probe/SLICE_474.LSR reset_c
    2.451ns          reset.PADDI to  probe/SLICE_475.LSR reset_c
    2.451ns          reset.PADDI to  probe/SLICE_476.LSR reset_c
    2.451ns          reset.PADDI to  probe/SLICE_477.LSR reset_c
    2.451ns          reset.PADDI to  probe/SLICE_478.LSR reset_c
    2.451ns          reset.PADDI to  probe/SLICE_479.LSR reset_c
    2.451ns          reset.PADDI to  probe/SLICE_480.LSR reset_c
    2.451ns          reset.PADDI to  probe/SLICE_481.LSR reset_c
    2.451ns          reset.PADDI to  probe/SLICE_482.LSR reset_c
    2.590ns          reset.PADDI to  serial_in_MGIOL.LSR reset_c
    1.413ns   probe/SLICE_298.Q0 to   probe/SLICE_420.A0 probe/observe[175]
    1.877ns   probe/SLICE_307.Q1 to   probe/SLICE_309.B0 probe/observe[169]
    1.498ns   probe/SLICE_161.Q0 to   probe/SLICE_309.A0 probe/observe[170]
    0.744ns   probe/SLICE_161.Q1 to   probe/SLICE_309.C0 probe/observe[172]
    0.645ns   probe/SLICE_308.Q0 to   probe/SLICE_309.D0 probe/observe[173]
    1.004ns   probe/SLICE_309.F0 to   probe/SLICE_309.B1 probe/serial_out_129
    1.450ns    probe/SLICE_75.Q0 to   probe/SLICE_420.B1 probe/observe[0]
    1.597ns    probe/SLICE_75.Q1 to   probe/SLICE_420.C1 probe/observe[2]
    1.514ns    probe/SLICE_76.Q0 to   probe/SLICE_420.A1 probe/observe[3]
    2.000ns    probe/SLICE_76.Q1 to   probe/SLICE_420.D1 probe/observe[4]
    1.802ns    probe/SLICE_77.Q0 to   probe/SLICE_482.C1 probe/observe[5]
    2.220ns    probe/SLICE_77.Q1 to   probe/SLICE_482.D1 probe/observe[6]
    2.316ns    probe/SLICE_78.Q0 to   probe/SLICE_482.A1 probe/observe[7]
    2.074ns    probe/SLICE_78.Q1 to   probe/SLICE_482.B1 probe/observe[8]
    1.681ns    probe/SLICE_79.Q0 to   probe/SLICE_482.D0 probe/observe[9]
    1.833ns    probe/SLICE_79.Q1 to   probe/SLICE_482.C0 probe/observe[10]
    1.525ns    probe/SLICE_80.Q0 to   probe/SLICE_482.A0 probe/observe[11]
    1.400ns    probe/SLICE_80.Q1 to   probe/SLICE_482.B0 probe/observe[12]
    2.701ns    probe/SLICE_81.Q0 to   probe/SLICE_210.D1 probe/observe[13]
    2.238ns    probe/SLICE_81.Q1 to   probe/SLICE_210.C1 probe/observe[14]
    2.598ns    probe/SLICE_82.Q0 to   probe/SLICE_210.B1 probe/observe[15]
    2.552ns    probe/SLICE_82.Q1 to   probe/SLICE_210.A1 probe/observe[16]
    2.654ns    probe/SLICE_83.Q0 to   probe/SLICE_481.A1 probe/observe[17]
    1.714ns    probe/SLICE_83.Q1 to   probe/SLICE_481.C1 probe/observe[18]
    0.626ns    probe/SLICE_84.Q0 to   probe/SLICE_481.D1 probe/observe[19]
    1.004ns    probe/SLICE_84.Q1 to   probe/SLICE_481.B1 probe/observe[20]
    1.278ns    probe/SLICE_85.Q0 to   probe/SLICE_481.C0 probe/observe[21]
    0.967ns    probe/SLICE_85.Q1 to   probe/SLICE_481.A0 probe/observe[22]
    1.535ns    probe/SLICE_86.Q0 to   probe/SLICE_481.B0 probe/observe[23]
    0.958ns    probe/SLICE_86.Q1 to   probe/SLICE_481.D0 probe/observe[24]
    1.004ns   probe/SLICE_298.Q1 to   probe/SLICE_413.B1 probe/observe[25]
    0.967ns   probe/SLICE_406.Q0 to   probe/SLICE_413.A1 probe/observe[26]
    0.747ns   probe/SLICE_406.Q1 to   probe/SLICE_413.C1 probe/observe[27]
    0.645ns   probe/SLICE_468.Q0 to   probe/SLICE_413.D1 probe/observe[28]
    0.645ns   probe/SLICE_468.Q1 to   probe/SLICE_209.D0 probe/observe[29]
    0.744ns   probe/SLICE_405.Q0 to   probe/SLICE_209.C0 probe/observe[30]
    0.986ns   probe/SLICE_405.Q1 to   probe/SLICE_209.A0 probe/observe[31]
    1.001ns   probe/SLICE_404.Q0 to   probe/SLICE_209.B0 probe/observe[32]
    1.810ns   probe/SLICE_404.Q1 to   probe/SLICE_480.A1 probe/observe[33]
    0.747ns   probe/SLICE_299.Q0 to   probe/SLICE_480.C1 probe/observe[34]
    1.004ns   probe/SLICE_299.Q1 to   probe/SLICE_480.B1 probe/observe[35]
    0.623ns   probe/SLICE_407.Q0 to   probe/SLICE_480.D1 probe/observe[36]
    1.777ns   probe/SLICE_407.Q1 to   probe/SLICE_480.C0 probe/observe[37]
    1.004ns   probe/SLICE_448.Q0 to   probe/SLICE_480.B0 probe/observe[38]
    1.157ns   probe/SLICE_448.Q1 to   probe/SLICE_480.D0 probe/observe[39]
    0.986ns   probe/SLICE_425.Q0 to   probe/SLICE_480.A0 probe/observe[40]
    1.004ns   probe/SLICE_425.Q1 to   probe/SLICE_414.B1 probe/observe[41]
    1.163ns   probe/SLICE_343.Q0 to   probe/SLICE_414.C1 probe/observe[42]
    0.623ns   probe/SLICE_343.Q1 to   probe/SLICE_414.D1 probe/observe[43]
    1.934ns   probe/SLICE_345.Q0 to   probe/SLICE_414.A1 probe/observe[44]
    1.971ns   probe/SLICE_345.Q1 to   probe/SLICE_209.B1 probe/observe[45]
    2.361ns   probe/SLICE_344.Q0 to   probe/SLICE_209.A1 probe/observe[46]
    1.681ns   probe/SLICE_344.Q1 to   probe/SLICE_209.D1 probe/observe[47]
    2.671ns   probe/SLICE_348.Q0 to   probe/SLICE_209.C1 probe/observe[48]
    1.812ns   probe/SLICE_348.Q1 to   probe/SLICE_479.D1 probe/observe[49]
    0.744ns   probe/SLICE_350.Q0 to   probe/SLICE_479.C1 probe/observe[50]
    1.001ns   probe/SLICE_350.Q1 to   probe/SLICE_479.B1 probe/observe[51]
    1.726ns   probe/SLICE_349.Q0 to   probe/SLICE_479.A1 probe/observe[52]
    1.535ns   probe/SLICE_349.Q1 to   probe/SLICE_479.B0 probe/observe[53]
    2.322ns   probe/SLICE_373.Q0 to   probe/SLICE_479.A0 probe/observe[54]
    2.424ns   probe/SLICE_373.Q1 to   probe/SLICE_479.C0 probe/observe[55]
    1.072ns   probe/SLICE_449.Q0 to   probe/SLICE_479.D0 probe/observe[56]
    0.958ns   probe/SLICE_449.Q1 to   probe/SLICE_415.D1 probe/observe[57]
    2.228ns   probe/SLICE_346.Q0 to   probe/SLICE_415.A1 probe/observe[58]
    1.023ns   probe/SLICE_346.Q1 to   probe/SLICE_415.B1 probe/observe[59]
    1.079ns   probe/SLICE_347.Q0 to   probe/SLICE_415.C1 probe/observe[60]
    2.431ns   probe/SLICE_347.Q1 to   probe/SLICE_200.B1 probe/observe[61]
    0.645ns   probe/SLICE_353.Q0 to   probe/SLICE_200.D1 probe/observe[62]
    1.299ns   probe/SLICE_353.Q1 to   probe/SLICE_200.A1 probe/observe[63]
    1.278ns   probe/SLICE_352.Q0 to   probe/SLICE_200.C1 probe/observe[64]
    1.042ns   probe/SLICE_352.Q1 to   probe/SLICE_478.D1 probe/observe[65]
    0.967ns   probe/SLICE_351.Q0 to   probe/SLICE_478.A1 probe/observe[66]
    1.004ns   probe/SLICE_351.Q1 to   probe/SLICE_478.B1 probe/observe[67]
    0.766ns   probe/SLICE_357.Q0 to   probe/SLICE_478.C1 probe/observe[68]
    0.964ns   probe/SLICE_357.Q1 to   probe/SLICE_478.A0 probe/observe[69]
    1.079ns   probe/SLICE_356.Q0 to   probe/SLICE_478.C0 probe/observe[70]
    1.336ns   probe/SLICE_356.Q1 to   probe/SLICE_478.B0 probe/observe[71]
    0.645ns   probe/SLICE_355.Q0 to   probe/SLICE_478.D0 probe/observe[72]
    0.645ns   probe/SLICE_355.Q1 to   probe/SLICE_416.D1 probe/observe[73]
    0.967ns   probe/SLICE_354.Q0 to   probe/SLICE_416.A1 probe/observe[74]
    1.004ns   probe/SLICE_354.Q1 to   probe/SLICE_416.B1 probe/observe[75]
    1.833ns   probe/SLICE_463.Q0 to   probe/SLICE_416.C1 probe/observe[76]
    2.034ns   probe/SLICE_463.Q1 to   probe/SLICE_477.B1 probe/observe[77]
    1.840ns   probe/SLICE_462.Q0 to   probe/SLICE_477.A1 probe/observe[78]
    1.157ns   probe/SLICE_462.Q1 to   probe/SLICE_477.D1 probe/observe[79]
    0.744ns   probe/SLICE_460.Q0 to   probe/SLICE_477.C1 probe/observe[80]
    0.766ns   probe/SLICE_460.Q1 to   probe/SLICE_477.C0 probe/observe[81]
    1.733ns   probe/SLICE_447.Q0 to   probe/SLICE_477.B0 probe/observe[82]
    1.554ns   probe/SLICE_447.Q1 to   probe/SLICE_477.D0 probe/observe[83]
    0.967ns   probe/SLICE_461.Q0 to   probe/SLICE_477.A0 probe/observe[84]
    0.986ns   probe/SLICE_461.Q1 to   probe/SLICE_476.A1 probe/observe[85]
    1.157ns   probe/SLICE_369.Q0 to   probe/SLICE_476.D1 probe/observe[86]
    0.766ns   probe/SLICE_369.Q1 to   probe/SLICE_476.C1 probe/observe[87]
    1.854ns   probe/SLICE_446.Q0 to   probe/SLICE_476.B1 probe/observe[88]
    1.299ns   probe/SLICE_446.Q1 to   probe/SLICE_476.A0 probe/observe[89]
    1.163ns   probe/SLICE_367.Q0 to   probe/SLICE_476.C0 probe/observe[90]
    1.744ns   probe/SLICE_367.Q1 to   probe/SLICE_476.D0 probe/observe[91]
    1.877ns   probe/SLICE_368.Q0 to   probe/SLICE_476.B0 probe/observe[92]
    1.042ns   probe/SLICE_368.Q1 to   probe/SLICE_198.D1 probe/observe[93]
    0.986ns   probe/SLICE_372.Q0 to   probe/SLICE_198.A1 probe/observe[94]
    1.001ns   probe/SLICE_372.Q1 to   probe/SLICE_198.B1 probe/observe[95]
    0.766ns   probe/SLICE_371.Q0 to   probe/SLICE_198.C1 probe/observe[96]
    1.193ns   probe/SLICE_371.Q1 to   probe/SLICE_475.C1 probe/observe[97]
    2.701ns   probe/SLICE_370.Q0 to   probe/SLICE_475.B1 probe/observe[98]
    1.656ns   probe/SLICE_370.Q1 to   probe/SLICE_475.D1 probe/observe[99]
    2.049ns   probe/SLICE_410.Q0 to   probe/SLICE_475.A1 probe/observe[100]
    1.022ns   probe/SLICE_410.Q1 to   probe/SLICE_475.D0 probe/observe[101]
    2.864ns   probe/SLICE_479.Q0 to   probe/SLICE_475.B0 probe/observe[102]
    0.986ns   probe/SLICE_479.Q1 to   probe/SLICE_475.A0 probe/observe[103]
    0.744ns   probe/SLICE_478.Q0 to   probe/SLICE_475.C0 probe/observe[104]
    1.042ns   probe/SLICE_478.Q1 to   probe/SLICE_417.D1 probe/observe[105]
    1.001ns   probe/SLICE_477.Q0 to   probe/SLICE_417.B1 probe/observe[106]
    0.744ns   probe/SLICE_477.Q1 to   probe/SLICE_417.C1 probe/observe[107]
    0.967ns   probe/SLICE_476.Q0 to   probe/SLICE_417.A1 probe/observe[108]
    2.325ns   probe/SLICE_476.Q1 to   probe/SLICE_196.A0 probe/observe[109]
    2.626ns   probe/SLICE_475.Q0 to   probe/SLICE_196.C0 probe/observe[110]
    1.854ns   probe/SLICE_475.Q1 to   probe/SLICE_196.B0 probe/observe[111]
    0.958ns   probe/SLICE_474.Q0 to   probe/SLICE_196.D0 probe/observe[112]
    0.626ns   probe/SLICE_474.Q1 to   probe/SLICE_474.D1 probe/observe[113]
    0.986ns   probe/SLICE_473.Q0 to   probe/SLICE_474.A1 probe/observe[114]
    0.744ns   probe/SLICE_473.Q1 to   probe/SLICE_474.C1 probe/observe[115]
    1.001ns   probe/SLICE_472.Q0 to   probe/SLICE_474.B1 probe/observe[116]
    1.812ns   probe/SLICE_472.Q1 to   probe/SLICE_474.D0 probe/observe[117]
    1.004ns   probe/SLICE_471.Q0 to   probe/SLICE_474.B0 probe/observe[118]
    0.967ns   probe/SLICE_471.Q1 to   probe/SLICE_474.A0 probe/observe[119]
    0.766ns   probe/SLICE_470.Q0 to   probe/SLICE_474.C0 probe/observe[120]
    0.766ns   probe/SLICE_470.Q1 to   probe/SLICE_418.C1 probe/observe[121]
    0.623ns   probe/SLICE_309.Q0 to   probe/SLICE_418.D1 probe/observe[122]
    0.964ns   probe/SLICE_309.Q1 to   probe/SLICE_418.A1 probe/observe[123]
    1.450ns   probe/SLICE_420.Q0 to   probe/SLICE_418.B1 probe/observe[124]
    0.626ns   probe/SLICE_420.Q1 to   probe/SLICE_196.D1 probe/observe[125]
    1.193ns   probe/SLICE_413.Q0 to   probe/SLICE_196.C1 probe/observe[126]
    1.696ns   probe/SLICE_413.Q1 to   probe/SLICE_196.A1 probe/observe[127]
    1.450ns   probe/SLICE_414.Q0 to   probe/SLICE_196.B1 probe/observe[128]
    1.810ns   probe/SLICE_414.Q1 to   probe/SLICE_473.A1 probe/observe[129]
    2.416ns   probe/SLICE_415.Q0 to   probe/SLICE_473.B1 probe/observe[130]
    1.994ns   probe/SLICE_415.Q1 to   probe/SLICE_473.C1 probe/observe[131]
    2.108ns   probe/SLICE_416.Q0 to   probe/SLICE_473.D1 probe/observe[132]
    2.281ns   probe/SLICE_416.Q1 to   probe/SLICE_473.B0 probe/observe[133]
    1.499ns   probe/SLICE_142.Q0 to   probe/SLICE_473.D0 probe/observe[134]
    1.581ns   probe/SLICE_142.Q1 to   probe/SLICE_473.C0 probe/observe[135]
    1.790ns   probe/SLICE_417.Q0 to   probe/SLICE_473.A0 probe/observe[136]
    0.744ns   probe/SLICE_144.Q0 to   probe/SLICE_419.C1 probe/observe[137]
    1.001ns   probe/SLICE_144.Q1 to   probe/SLICE_419.B1 probe/observe[138]
    1.173ns   probe/SLICE_417.Q1 to   probe/SLICE_419.D1 probe/observe[139]
    0.964ns   probe/SLICE_418.Q0 to   probe/SLICE_419.A1 probe/observe[140]
    1.023ns   probe/SLICE_418.Q1 to   probe/SLICE_472.B1 probe/observe[141]
    0.967ns   probe/SLICE_419.Q0 to   probe/SLICE_472.A1 probe/observe[142]
    0.626ns   probe/SLICE_419.Q1 to   probe/SLICE_472.D1 probe/observe[143]
    1.294ns   probe/SLICE_411.Q0 to   probe/SLICE_472.C1 probe/observe[144]
    1.817ns   probe/SLICE_411.Q1 to   probe/SLICE_472.A0 probe/observe[145]
    0.747ns   probe/SLICE_412.Q0 to   probe/SLICE_472.C0 probe/observe[146]
    0.626ns   probe/SLICE_412.Q1 to   probe/SLICE_472.D0 probe/observe[147]
    2.265ns   probe/SLICE_482.Q0 to   probe/SLICE_472.B0 probe/observe[148]
    2.204ns   probe/SLICE_482.Q1 to   probe/SLICE_471.C1 probe/observe[149]
    1.450ns   probe/SLICE_481.Q0 to   probe/SLICE_471.B1 probe/observe[150]
    1.355ns   probe/SLICE_481.Q1 to   probe/SLICE_471.D1 probe/observe[151]
    2.300ns   probe/SLICE_480.Q0 to   probe/SLICE_471.A1 probe/observe[152]
    2.198ns   probe/SLICE_480.Q1 to   probe/SLICE_471.A0 probe/observe[153]
    1.336ns   probe/SLICE_292.Q0 to   probe/SLICE_471.B0 probe/observe[154]
    1.079ns   probe/SLICE_292.Q1 to   probe/SLICE_471.C0 probe/observe[155]
    1.887ns   probe/SLICE_306.Q0 to   probe/SLICE_471.D0 probe/observe[156]
    1.163ns   probe/SLICE_306.Q1 to   probe/SLICE_195.C0 probe/observe[157]
    1.448ns   probe/SLICE_305.Q0 to   probe/SLICE_195.A0 probe/observe[158]
    0.710ns   probe/SLICE_305.Q1 to   probe/SLICE_195.D0 probe/observe[159]
    1.875ns   probe/SLICE_304.Q0 to   probe/SLICE_195.B0 probe/observe[160]
    1.994ns   probe/SLICE_304.Q1 to   probe/SLICE_470.C1 probe/observe[161]
    1.072ns   probe/SLICE_303.Q0 to   probe/SLICE_470.D1 probe/observe[162]
    1.498ns   probe/SLICE_303.Q1 to   probe/SLICE_470.A1 probe/observe[163]
    1.004ns   probe/SLICE_302.Q0 to   probe/SLICE_470.B1 probe/observe[164]
    0.747ns   probe/SLICE_302.Q1 to   probe/SLICE_470.C0 probe/observe[165]
    0.967ns   probe/SLICE_301.Q0 to   probe/SLICE_470.A0 probe/observe[166]
    0.626ns   probe/SLICE_301.Q1 to   probe/SLICE_470.D0 probe/observe[167]
    1.001ns   probe/SLICE_307.Q0 to   probe/SLICE_470.B0 probe/observe[168]
    0.766ns   probe/SLICE_308.Q1 to   probe/SLICE_420.C0 probe/observe[174]
    1.336ns   probe/SLICE_309.F1 to   probe/SLICE_410.B0 probe/serial_out_162
    0.436ns   probe/SLICE_410.F1 to   probe/SLICE_410.C0 probe/serial_out_163
    1.022ns   probe/SLICE_411.F0 to   probe/SLICE_410.D0 probe/serial_out_169
    0.964ns   probe/SLICE_412.F0 to   probe/SLICE_410.A0 probe/serial_out_170
    1.827ns   probe/SLICE_414.F0 to   probe/SLICE_411.B0 probe/serial_out_154
    1.696ns   probe/SLICE_415.F0 to   probe/SLICE_411.A0 probe/serial_out_155
    0.623ns   probe/SLICE_416.F0 to   probe/SLICE_411.D0 probe/serial_out_156
    0.436ns   probe/SLICE_411.F1 to   probe/SLICE_411.C0 probe/serial_out_157
    1.478ns   probe/SLICE_417.F0 to   probe/SLICE_412.A0 probe/serial_out_158
    0.623ns   probe/SLICE_418.F0 to   probe/SLICE_412.D0 probe/serial_out_159
    0.436ns   probe/SLICE_419.F0 to   probe/SLICE_412.C0 probe/serial_out_160
    1.004ns   probe/SLICE_412.F1 to   probe/SLICE_412.B0 probe/serial_out_161
    1.782ns   probe/SLICE_482.F1 to   probe/SLICE_410.D1 probe/serial_out_88
    1.620ns   probe/SLICE_482.F0 to   probe/SLICE_410.C1 probe/serial_out_89
    0.967ns   probe/SLICE_420.F0 to   probe/SLICE_410.A1 probe/serial_out_130
    2.892ns   probe/SLICE_413.F0 to   probe/SLICE_410.B1 probe/serial_out_153
    1.801ns   probe/SLICE_210.F1 to   probe/SLICE_413.A0 probe/serial_out_90
    2.971ns   probe/SLICE_481.F1 to   probe/SLICE_413.B0 probe/serial_out_91
    1.157ns   probe/SLICE_481.F0 to   probe/SLICE_413.D0 probe/serial_out_92
    0.436ns   probe/SLICE_413.F1 to   probe/SLICE_413.C0 probe/serial_out_93
    0.315ns   probe/SLICE_209.F0 to   probe/SLICE_414.D0 probe/serial_out_94
    1.001ns   probe/SLICE_480.F1 to   probe/SLICE_414.B0 probe/serial_out_95
    1.448ns   probe/SLICE_480.F0 to   probe/SLICE_414.A0 probe/serial_out_96
    0.436ns   probe/SLICE_414.F1 to   probe/SLICE_414.C0 probe/serial_out_97
    1.462ns   probe/SLICE_209.F1 to   probe/SLICE_415.D0 probe/serial_out_98
    1.838ns   probe/SLICE_479.F1 to   probe/SLICE_415.B0 probe/serial_out_99
    1.696ns   probe/SLICE_479.F0 to   probe/SLICE_415.A0 probe/serial_out_100
    0.436ns   probe/SLICE_415.F1 to   probe/SLICE_415.C0 probe/serial_out_101
    2.108ns   probe/SLICE_200.F1 to   probe/SLICE_416.D0 probe/serial_out_102
    0.693ns   probe/SLICE_478.F1 to   probe/SLICE_416.B0 probe/serial_out_103
    0.656ns   probe/SLICE_478.F0 to   probe/SLICE_416.A0 probe/serial_out_104
    0.436ns   probe/SLICE_416.F1 to   probe/SLICE_416.C0 probe/serial_out_105
    1.420ns   probe/SLICE_477.F1 to   probe/SLICE_411.B1 probe/serial_out_106
    0.986ns   probe/SLICE_477.F0 to   probe/SLICE_411.A1 probe/serial_out_107
    0.315ns   probe/SLICE_476.F1 to   probe/SLICE_411.D1 probe/serial_out_108
    0.436ns   probe/SLICE_476.F0 to   probe/SLICE_411.C1 probe/serial_out_109
    1.460ns   probe/SLICE_198.F1 to   probe/SLICE_417.D0 probe/serial_out_110
    0.967ns   probe/SLICE_475.F1 to   probe/SLICE_417.A0 probe/serial_out_111
    1.004ns   probe/SLICE_475.F0 to   probe/SLICE_417.B0 probe/serial_out_112
    0.436ns   probe/SLICE_417.F1 to   probe/SLICE_417.C0 probe/serial_out_113
    2.625ns   probe/SLICE_196.F0 to   probe/SLICE_418.A0 probe/serial_out_114
    0.693ns   probe/SLICE_474.F1 to   probe/SLICE_418.B0 probe/serial_out_115
    0.315ns   probe/SLICE_474.F0 to   probe/SLICE_418.D0 probe/serial_out_116
    0.436ns   probe/SLICE_418.F1 to   probe/SLICE_418.C0 probe/serial_out_117
    0.766ns   probe/SLICE_196.F1 to   probe/SLICE_419.C0 probe/serial_out_118
    0.693ns   probe/SLICE_473.F1 to   probe/SLICE_419.B0 probe/serial_out_119
    0.315ns   probe/SLICE_473.F0 to   probe/SLICE_419.D0 probe/serial_out_120
    1.928ns   probe/SLICE_419.F1 to   probe/SLICE_419.A0 probe/serial_out_121
    0.747ns   probe/SLICE_472.F1 to   probe/SLICE_412.C1 probe/serial_out_122
    0.626ns   probe/SLICE_472.F0 to   probe/SLICE_412.D1 probe/serial_out_123
    0.693ns   probe/SLICE_471.F1 to   probe/SLICE_412.B1 probe/serial_out_124
    0.656ns   probe/SLICE_471.F0 to   probe/SLICE_412.A1 probe/serial_out_125
    1.894ns   probe/SLICE_195.F0 to   probe/SLICE_309.A1 probe/serial_out_126
    0.747ns   probe/SLICE_470.F1 to   probe/SLICE_309.C1 probe/serial_out_127
    0.626ns   probe/SLICE_470.F0 to   probe/SLICE_309.D1 probe/serial_out_128
    0.693ns   probe/SLICE_420.F1 to   probe/SLICE_420.B0 probe/serial_out_87

--------------------------------------------------------------------------------


Timing summary (Setup):
---------------

Timing errors: 0  Score: 0
Cumulative negative slack: 0

Constraints cover 744160 paths, 1 nets, and 3433 connections (88.05% coverage)

--------------------------------------------------------------------------------
Lattice TRACE Report - Hold, Version Diamond (64-bit) 3.14.0.75.2
Tue Sep  8 19:27:31 2026

Copyright (c) 1991-1994 by NeoCAD Inc. All rights reserved.
Copyright (c) 1995 AT&T Corp.   All rights reserved.
Copyright (c) 1995-2001 Lucent Technologies Inc.  All rights reserved.
Copyright (c) 2001 Agere Systems   All rights reserved.
Copyright (c) 2002-2024 Lattice Semiconductor Corporation,  All rights reserved.

Report Information
------------------
Command line:    trce -v 10 -c -u 0 -gt -sethld -sp 4 -sphld m -o cp6b_impl1.twr cp6b_impl1.ncd cp6b_impl1.prf 
Design file:     cp6b_impl1.ncd
Preference file: cp6b_impl1.prf
Device,speed:    LCMXO2-1200HC,m
Report level:    verbose report, limited to 10 items per preference
--------------------------------------------------------------------------------

BLOCK ASYNCPATHS
BLOCK RESETPATHS
--------------------------------------------------------------------------------



================================================================================
Preference: FREQUENCY PORT "clk" 29.560000 MHz ;
            4096 items scored, 0 timing errors detected.
--------------------------------------------------------------------------------


Passed: The following path meets requirements by 0.291ns

 Logical Details:  Cell type  Pin type       Cell/ASIC name  (clock net +/-)

   Source:         Sync_RAM   Q              probe/system/core/engine/dp/rf/words_1_ram_2/RAM0  (from clk_c +)
   Destination:    FF         Data in        probe/system/sequential.memory/transport/latched_wdata[13]  (to clk_c +)

   Delay:               0.278ns  (99.3% logic, 0.7% route), 1 logic levels.

 Constraint Details:

      0.278ns physical path delay probe/system/SLICE_49 to probe/system/SLICE_49 meets
     -0.013ns DIN_HLD and
      0.000ns delay constraint less
      0.000ns skew requirement (totaling -0.013ns) by 0.291ns

 Physical Path Details:

      Data path probe/system/SLICE_49 to probe/system/SLICE_49:

   Name    Fanout   Delay (ns)          Site               Resource
CLKTOF_DEL  ---     0.276     R8C14A.WCK to      R8C14A.F1 probe/system/SLICE_49 (from clk_c)
ROUTE         3     0.002      R8C14A.F1 to     R8C14A.DI1 probe/io_wdata[13] (to clk_c)
                  --------
                    0.278   (99.3% logic, 0.7% route), 1 logic levels.

 Clock Skew Details: 

      Source Clock Path clk to probe/system/SLICE_49:

   Name    Fanout   Delay (ns)          Site               Resource
ROUTE       235     0.765       13.PADDI to     R8C14A.WCK clk_c
                  --------
                    0.765   (0.0% logic, 100.0% route), 0 logic levels.

      Destination Clock Path clk to probe/system/SLICE_49:

   Name    Fanout   Delay (ns)          Site               Resource
ROUTE       235     0.765       13.PADDI to     R8C14A.CLK clk_c
                  --------
                    0.765   (0.0% logic, 100.0% route), 0 logic levels.


Passed: The following path meets requirements by 0.291ns

 Logical Details:  Cell type  Pin type       Cell/ASIC name  (clock net +/-)

   Source:         Sync_RAM   Q              probe/system/core/engine/dp/rf/words_1_ram_1/RAM0  (from clk_c +)
   Destination:    FF         Data in        probe/system/sequential.memory/transport/latched_wdata[8]  (to clk_c +)

   Delay:               0.278ns  (99.3% logic, 0.7% route), 1 logic levels.

 Constraint Details:

      0.278ns physical path delay probe/system/SLICE_52 to probe/system/SLICE_52 meets
     -0.013ns DIN_HLD and
      0.000ns delay constraint less
      0.000ns skew requirement (totaling -0.013ns) by 0.291ns

 Physical Path Details:

      Data path probe/system/SLICE_52 to probe/system/SLICE_52:

   Name    Fanout   Delay (ns)          Site               Resource
CLKTOF_DEL  ---     0.276     R9C14A.WCK to      R9C14A.F0 probe/system/SLICE_52 (from clk_c)
ROUTE         3     0.002      R9C14A.F0 to     R9C14A.DI0 probe/io_wdata[8] (to clk_c)
                  --------
                    0.278   (99.3% logic, 0.7% route), 1 logic levels.

 Clock Skew Details: 

      Source Clock Path clk to probe/system/SLICE_52:

   Name    Fanout   Delay (ns)          Site               Resource
ROUTE       235     0.765       13.PADDI to     R9C14A.WCK clk_c
                  --------
                    0.765   (0.0% logic, 100.0% route), 0 logic levels.

      Destination Clock Path clk to probe/system/SLICE_52:

   Name    Fanout   Delay (ns)          Site               Resource
ROUTE       235     0.765       13.PADDI to     R9C14A.CLK clk_c
                  --------
                    0.765   (0.0% logic, 100.0% route), 0 logic levels.


Passed: The following path meets requirements by 0.291ns

 Logical Details:  Cell type  Pin type       Cell/ASIC name  (clock net +/-)

   Source:         Sync_RAM   Q              probe/system/core/engine/dp/rf/words_1_ram_2/RAM1  (from clk_c +)
   Destination:    FF         Data in        probe/system/sequential.memory/transport/latched_wdata[14]  (to clk_c +)

   Delay:               0.278ns  (99.3% logic, 0.7% route), 1 logic levels.

 Constraint Details:

      0.278ns physical path delay probe/system/SLICE_50 to probe/system/SLICE_50 meets
     -0.013ns DIN_HLD and
      0.000ns delay constraint less
      0.000ns skew requirement (totaling -0.013ns) by 0.291ns

 Physical Path Details:

      Data path probe/system/SLICE_50 to probe/system/SLICE_50:

   Name    Fanout   Delay (ns)          Site               Resource
CLKTOF_DEL  ---     0.276     R8C14B.WCK to      R8C14B.F0 probe/system/SLICE_50 (from clk_c)
ROUTE         3     0.002      R8C14B.F0 to     R8C14B.DI0 probe/io_wdata[14] (to clk_c)
                  --------
                    0.278   (99.3% logic, 0.7% route), 1 logic levels.

 Clock Skew Details: 

      Source Clock Path clk to probe/system/SLICE_50:

   Name    Fanout   Delay (ns)          Site               Resource
ROUTE       235     0.765       13.PADDI to     R8C14B.WCK clk_c
                  --------
                    0.765   (0.0% logic, 100.0% route), 0 logic levels.

      Destination Clock Path clk to probe/system/SLICE_50:

   Name    Fanout   Delay (ns)          Site               Resource
ROUTE       235     0.765       13.PADDI to     R8C14B.CLK clk_c
                  --------
                    0.765   (0.0% logic, 100.0% route), 0 logic levels.


Passed: The following path meets requirements by 0.291ns

 Logical Details:  Cell type  Pin type       Cell/ASIC name  (clock net +/-)

   Source:         Sync_RAM   Q              probe/system/core/engine/dp/rf/words_1_ram_1/RAM1  (from clk_c +)
   Destination:    FF         Data in        probe/system/sequential.memory/transport/latched_wdata[10]  (to clk_c +)

   Delay:               0.278ns  (99.3% logic, 0.7% route), 1 logic levels.

 Constraint Details:

      0.278ns physical path delay probe/system/SLICE_53 to probe/system/SLICE_53 meets
     -0.013ns DIN_HLD and
      0.000ns delay constraint less
      0.000ns skew requirement (totaling -0.013ns) by 0.291ns

 Physical Path Details:

      Data path probe/system/SLICE_53 to probe/system/SLICE_53:

   Name    Fanout   Delay (ns)          Site               Resource
CLKTOF_DEL  ---     0.276     R9C14B.WCK to      R9C14B.F0 probe/system/SLICE_53 (from clk_c)
ROUTE         3     0.002      R9C14B.F0 to     R9C14B.DI0 probe/io_wdata[10] (to clk_c)
                  --------
                    0.278   (99.3% logic, 0.7% route), 1 logic levels.

 Clock Skew Details: 

      Source Clock Path clk to probe/system/SLICE_53:

   Name    Fanout   Delay (ns)          Site               Resource
ROUTE       235     0.765       13.PADDI to     R9C14B.WCK clk_c
                  --------
                    0.765   (0.0% logic, 100.0% route), 0 logic levels.

      Destination Clock Path clk to probe/system/SLICE_53:

   Name    Fanout   Delay (ns)          Site               Resource
ROUTE       235     0.765       13.PADDI to     R9C14B.CLK clk_c
                  --------
                    0.765   (0.0% logic, 100.0% route), 0 logic levels.


Passed: The following path meets requirements by 0.291ns

 Logical Details:  Cell type  Pin type       Cell/ASIC name  (clock net +/-)

   Source:         Sync_RAM   Q              probe/system/core/engine/dp/rf/words_1_ram_1/RAM0  (from clk_c +)
   Destination:    FF         Data in        probe/system/sequential.memory/transport/latched_wdata[9]  (to clk_c +)

   Delay:               0.278ns  (99.3% logic, 0.7% route), 1 logic levels.

 Constraint Details:

      0.278ns physical path delay probe/system/SLICE_52 to probe/system/SLICE_52 meets
     -0.013ns DIN_HLD and
      0.000ns delay constraint less
      0.000ns skew requirement (totaling -0.013ns) by 0.291ns

 Physical Path Details:

      Data path probe/system/SLICE_52 to probe/system/SLICE_52:

   Name    Fanout   Delay (ns)          Site               Resource
CLKTOF_DEL  ---     0.276     R9C14A.WCK to      R9C14A.F1 probe/system/SLICE_52 (from clk_c)
ROUTE         3     0.002      R9C14A.F1 to     R9C14A.DI1 probe/io_wdata[9] (to clk_c)
                  --------
                    0.278   (99.3% logic, 0.7% route), 1 logic levels.

 Clock Skew Details: 

      Source Clock Path clk to probe/system/SLICE_52:

   Name    Fanout   Delay (ns)          Site               Resource
ROUTE       235     0.765       13.PADDI to     R9C14A.WCK clk_c
                  --------
                    0.765   (0.0% logic, 100.0% route), 0 logic levels.

      Destination Clock Path clk to probe/system/SLICE_52:

   Name    Fanout   Delay (ns)          Site               Resource
ROUTE       235     0.765       13.PADDI to     R9C14A.CLK clk_c
                  --------
                    0.765   (0.0% logic, 100.0% route), 0 logic levels.


Passed: The following path meets requirements by 0.291ns

 Logical Details:  Cell type  Pin type       Cell/ASIC name  (clock net +/-)

   Source:         Sync_RAM   Q              probe/system/core/engine/dp/rf/words_1_ram/RAM1  (from clk_c +)
   Destination:    FF         Data in        probe/system/sequential.memory/transport/latched_wdata[3]  (to clk_c +)

   Delay:               0.278ns  (99.3% logic, 0.7% route), 1 logic levels.

 Constraint Details:

      0.278ns physical path delay probe/system/SLICE_35 to probe/system/SLICE_35 meets
     -0.013ns DIN_HLD and
      0.000ns delay constraint less
      0.000ns skew requirement (totaling -0.013ns) by 0.291ns

 Physical Path Details:

      Data path probe/system/SLICE_35 to probe/system/SLICE_35:

   Name    Fanout   Delay (ns)          Site               Resource
CLKTOF_DEL  ---     0.276    R10C11B.WCK to     R10C11B.F1 probe/system/SLICE_35 (from clk_c)
ROUTE         3     0.002     R10C11B.F1 to    R10C11B.DI1 probe/io_wdata[3] (to clk_c)
                  --------
                    0.278   (99.3% logic, 0.7% route), 1 logic levels.

 Clock Skew Details: 

      Source Clock Path clk to probe/system/SLICE_35:

   Name    Fanout   Delay (ns)          Site               Resource
ROUTE       235     0.765       13.PADDI to    R10C11B.WCK clk_c
                  --------
                    0.765   (0.0% logic, 100.0% route), 0 logic levels.

      Destination Clock Path clk to probe/system/SLICE_35:

   Name    Fanout   Delay (ns)          Site               Resource
ROUTE       235     0.765       13.PADDI to    R10C11B.CLK clk_c
                  --------
                    0.765   (0.0% logic, 100.0% route), 0 logic levels.


Passed: The following path meets requirements by 0.291ns

 Logical Details:  Cell type  Pin type       Cell/ASIC name  (clock net +/-)

   Source:         Sync_RAM   Q              probe/system/core/engine/dp/rf/words_ram_0/RAM0  (from clk_c +)
   Destination:    FF         Data in        probe/system/sequential.memory/transport/latched_address[5]  (to clk_c +)

   Delay:               0.278ns  (99.3% logic, 0.7% route), 1 logic levels.

 Constraint Details:

      0.278ns physical path delay probe/system/SLICE_46 to probe/system/SLICE_46 meets
     -0.013ns DIN_HLD and
      0.000ns delay constraint less
      0.000ns skew requirement (totaling -0.013ns) by 0.291ns

 Physical Path Details:

      Data path probe/system/SLICE_46 to probe/system/SLICE_46:

   Name    Fanout   Delay (ns)          Site               Resource
CLKTOF_DEL  ---     0.276     R7C15A.WCK to      R7C15A.F1 probe/system/SLICE_46 (from clk_c)
ROUTE         6     0.002      R7C15A.F1 to     R7C15A.DI1 probe/io_address[5] (to clk_c)
                  --------
                    0.278   (99.3% logic, 0.7% route), 1 logic levels.

 Clock Skew Details: 

      Source Clock Path clk to probe/system/SLICE_46:

   Name    Fanout   Delay (ns)          Site               Resource
ROUTE       235     0.765       13.PADDI to     R7C15A.WCK clk_c
                  --------
                    0.765   (0.0% logic, 100.0% route), 0 logic levels.

      Destination Clock Path clk to probe/system/SLICE_46:

   Name    Fanout   Delay (ns)          Site               Resource
ROUTE       235     0.765       13.PADDI to     R7C15A.CLK clk_c
                  --------
                    0.765   (0.0% logic, 100.0% route), 0 logic levels.


Passed: The following path meets requirements by 0.291ns

 Logical Details:  Cell type  Pin type       Cell/ASIC name  (clock net +/-)

   Source:         Sync_RAM   Q              probe/system/core/engine/dp/rf/words_ram_0/RAM1  (from clk_c +)
   Destination:    FF         Data in        probe/system/sequential.memory/transport/latched_address[6]  (to clk_c +)

   Delay:               0.278ns  (99.3% logic, 0.7% route), 1 logic levels.

 Constraint Details:

      0.278ns physical path delay probe/system/SLICE_47 to probe/system/SLICE_47 meets
     -0.013ns DIN_HLD and
      0.000ns delay constraint less
      0.000ns skew requirement (totaling -0.013ns) by 0.291ns

 Physical Path Details:

      Data path probe/system/SLICE_47 to probe/system/SLICE_47:

   Name    Fanout   Delay (ns)          Site               Resource
CLKTOF_DEL  ---     0.276     R7C15B.WCK to      R7C15B.F0 probe/system/SLICE_47 (from clk_c)
ROUTE         6     0.002      R7C15B.F0 to     R7C15B.DI0 probe/io_address[6] (to clk_c)
                  --------
                    0.278   (99.3% logic, 0.7% route), 1 logic levels.

 Clock Skew Details: 

      Source Clock Path clk to probe/system/SLICE_47:

   Name    Fanout   Delay (ns)          Site               Resource
ROUTE       235     0.765       13.PADDI to     R7C15B.WCK clk_c
                  --------
                    0.765   (0.0% logic, 100.0% route), 0 logic levels.

      Destination Clock Path clk to probe/system/SLICE_47:

   Name    Fanout   Delay (ns)          Site               Resource
ROUTE       235     0.765       13.PADDI to     R7C15B.CLK clk_c
                  --------
                    0.765   (0.0% logic, 100.0% route), 0 logic levels.


Passed: The following path meets requirements by 0.291ns

 Logical Details:  Cell type  Pin type       Cell/ASIC name  (clock net +/-)

   Source:         Sync_RAM   Q              probe/system/core/engine/dp/rf/words_1_ram_0/RAM1  (from clk_c +)
   Destination:    FF         Data in        probe/system/sequential.memory/transport/latched_wdata[6]  (to clk_c +)

   Delay:               0.278ns  (99.3% logic, 0.7% route), 1 logic levels.

 Constraint Details:

      0.278ns physical path delay probe/system/SLICE_56 to probe/system/SLICE_56 meets
     -0.013ns DIN_HLD and
      0.000ns delay constraint less
      0.000ns skew requirement (totaling -0.013ns) by 0.291ns

 Physical Path Details:

      Data path probe/system/SLICE_56 to probe/system/SLICE_56:

   Name    Fanout   Delay (ns)          Site               Resource
CLKTOF_DEL  ---     0.276     R7C12B.WCK to      R7C12B.F0 probe/system/SLICE_56 (from clk_c)
ROUTE         3     0.002      R7C12B.F0 to     R7C12B.DI0 probe/io_wdata[6] (to clk_c)
                  --------
                    0.278   (99.3% logic, 0.7% route), 1 logic levels.

 Clock Skew Details: 

      Source Clock Path clk to probe/system/SLICE_56:

   Name    Fanout   Delay (ns)          Site               Resource
ROUTE       235     0.765       13.PADDI to     R7C12B.WCK clk_c
                  --------
                    0.765   (0.0% logic, 100.0% route), 0 logic levels.

      Destination Clock Path clk to probe/system/SLICE_56:

   Name    Fanout   Delay (ns)          Site               Resource
ROUTE       235     0.765       13.PADDI to     R7C12B.CLK clk_c
                  --------
                    0.765   (0.0% logic, 100.0% route), 0 logic levels.


Passed: The following path meets requirements by 0.291ns

 Logical Details:  Cell type  Pin type       Cell/ASIC name  (clock net +/-)

   Source:         Sync_RAM   Q              probe/system/core/engine/dp/rf/words_1_ram_2/RAM1  (from clk_c +)
   Destination:    FF         Data in        probe/system/sequential.memory/transport/latched_wdata[15]  (to clk_c +)

   Delay:               0.278ns  (99.3% logic, 0.7% route), 1 logic levels.

 Constraint Details:

      0.278ns physical path delay probe/system/SLICE_50 to probe/system/SLICE_50 meets
     -0.013ns DIN_HLD and
      0.000ns delay constraint less
      0.000ns skew requirement (totaling -0.013ns) by 0.291ns

 Physical Path Details:

      Data path probe/system/SLICE_50 to probe/system/SLICE_50:

   Name    Fanout   Delay (ns)          Site               Resource
CLKTOF_DEL  ---     0.276     R8C14B.WCK to      R8C14B.F1 probe/system/SLICE_50 (from clk_c)
ROUTE         3     0.002      R8C14B.F1 to     R8C14B.DI1 probe/io_wdata[15] (to clk_c)
                  --------
                    0.278   (99.3% logic, 0.7% route), 1 logic levels.

 Clock Skew Details: 

      Source Clock Path clk to probe/system/SLICE_50:

   Name    Fanout   Delay (ns)          Site               Resource
ROUTE       235     0.765       13.PADDI to     R8C14B.WCK clk_c
                  --------
                    0.765   (0.0% logic, 100.0% route), 0 logic levels.

      Destination Clock Path clk to probe/system/SLICE_50:

   Name    Fanout   Delay (ns)          Site               Resource
ROUTE       235     0.765       13.PADDI to     R8C14B.CLK clk_c
                  --------
                    0.765   (0.0% logic, 100.0% route), 0 logic levels.

Report Summary
--------------
----------------------------------------------------------------------------
Preference(MIN Delays)                  |   Constraint|       Actual|Levels
----------------------------------------------------------------------------
                                        |             |             |
FREQUENCY PORT "clk" 29.560000 MHz ;    |            -|            -|   1  
                                        |             |             |
----------------------------------------------------------------------------


All preferences were met.


Clock Domains Analysis
------------------------

Found 1 clocks:

Clock Domain: clk_c   Source: clk.PAD   Loads: 235
   Covered under: FREQUENCY PORT "clk" 29.560000 MHz ;


--------------------------------------------------------------------------------
                Connections not covered by the preferences
--------------------------------------------------------------------------------

     Delay                        Element                 Net

    0.424ns   probe/SLICE_410.F0 to     serial_out.PADDO serial_out_c
    0.177ns      serial_in.PADDI to   serial_in_MGIOL.DI serial_in_c
    0.812ns          reset.PADDI to .memory/SLICE_11.LSR reset_c
    0.812ns          reset.PADDI to .memory/SLICE_12.LSR reset_c
    0.812ns          reset.PADDI to .memory/SLICE_13.LSR reset_c
    0.812ns          reset.PADDI to .memory/SLICE_14.LSR reset_c
    0.812ns          reset.PADDI to .memory/SLICE_15.LSR reset_c
    0.812ns          reset.PADDI to .memory/SLICE_16.LSR reset_c
    0.812ns          reset.PADDI to .memory/SLICE_17.LSR reset_c
    0.812ns          reset.PADDI to ine/seq/SLICE_18.LSR reset_c
    0.812ns          reset.PADDI to ine/seq/SLICE_19.LSR reset_c
    0.812ns          reset.PADDI to ine/seq/SLICE_20.LSR reset_c
    0.812ns          reset.PADDI to ine/seq/SLICE_21.LSR reset_c
    0.812ns          reset.PADDI to ine/seq/SLICE_22.LSR reset_c
    0.812ns          reset.PADDI to /system/SLICE_34.LSR reset_c
    0.812ns          reset.PADDI to /system/SLICE_35.LSR reset_c
    0.812ns          reset.PADDI to /system/SLICE_37.LSR reset_c
    0.812ns          reset.PADDI to /system/SLICE_38.LSR reset_c
    0.812ns          reset.PADDI to /system/SLICE_40.LSR reset_c
    0.812ns          reset.PADDI to /system/SLICE_41.LSR reset_c
    0.812ns          reset.PADDI to /system/SLICE_43.LSR reset_c
    0.812ns          reset.PADDI to /system/SLICE_44.LSR reset_c
    0.812ns          reset.PADDI to /system/SLICE_46.LSR reset_c
    0.812ns          reset.PADDI to /system/SLICE_47.LSR reset_c
    0.812ns          reset.PADDI to /system/SLICE_49.LSR reset_c
    0.812ns          reset.PADDI to /system/SLICE_50.LSR reset_c
    0.812ns          reset.PADDI to /system/SLICE_52.LSR reset_c
    0.812ns          reset.PADDI to /system/SLICE_53.LSR reset_c
    0.812ns          reset.PADDI to /system/SLICE_55.LSR reset_c
    0.812ns          reset.PADDI to /system/SLICE_56.LSR reset_c
    0.812ns          reset.PADDI to ansport/SLICE_57.LSR reset_c
    0.812ns          reset.PADDI to /system/SLICE_58.LSR reset_c
    0.812ns          reset.PADDI to /system/SLICE_59.LSR reset_c
    0.812ns          reset.PADDI to /system/SLICE_60.LSR reset_c
    0.812ns          reset.PADDI to /system/SLICE_61.LSR reset_c
    0.812ns          reset.PADDI to /system/SLICE_62.LSR reset_c
    0.812ns          reset.PADDI to /system/SLICE_63.LSR reset_c
    0.812ns          reset.PADDI to /system/SLICE_64.LSR reset_c
    0.812ns          reset.PADDI to /system/SLICE_65.LSR reset_c
    0.812ns          reset.PADDI to ansport/SLICE_74.LSR reset_c
    0.812ns          reset.PADDI to   probe/SLICE_75.LSR reset_c
    0.812ns          reset.PADDI to   probe/SLICE_76.LSR reset_c
    0.812ns          reset.PADDI to   probe/SLICE_77.LSR reset_c
    0.812ns          reset.PADDI to   probe/SLICE_78.LSR reset_c
    0.812ns          reset.PADDI to   probe/SLICE_79.LSR reset_c
    0.812ns          reset.PADDI to   probe/SLICE_80.LSR reset_c
    0.812ns          reset.PADDI to   probe/SLICE_81.LSR reset_c
    0.812ns          reset.PADDI to   probe/SLICE_82.LSR reset_c
    0.812ns          reset.PADDI to   probe/SLICE_83.LSR reset_c
    0.812ns          reset.PADDI to   probe/SLICE_84.LSR reset_c
    0.812ns          reset.PADDI to   probe/SLICE_85.LSR reset_c
    0.812ns          reset.PADDI to   probe/SLICE_86.LSR reset_c
    0.812ns          reset.PADDI to  probe/SLICE_142.LSR reset_c
    0.812ns          reset.PADDI to  probe/SLICE_144.LSR reset_c
    0.812ns          reset.PADDI to  probe/SLICE_161.LSR reset_c
    0.812ns          reset.PADDI to status/SLICE_164.LSR reset_c
    0.812ns          reset.PADDI to status/SLICE_165.LSR reset_c
    0.812ns          reset.PADDI to engine/SLICE_166.LSR reset_c
    0.812ns          reset.PADDI to engine/SLICE_167.LSR reset_c
    0.812ns          reset.PADDI to engine/SLICE_168.LSR reset_c
    0.812ns          reset.PADDI to engine/SLICE_169.LSR reset_c
    0.812ns          reset.PADDI to engine/SLICE_170.LSR reset_c
    0.812ns          reset.PADDI to engine/SLICE_171.LSR reset_c
    0.812ns          reset.PADDI to engine/SLICE_172.LSR reset_c
    0.812ns          reset.PADDI to engine/SLICE_173.LSR reset_c
    0.812ns          reset.PADDI to engine/SLICE_174.LSR reset_c
    0.812ns          reset.PADDI to engine/SLICE_175.LSR reset_c
    0.812ns          reset.PADDI to ine/dp/SLICE_176.LSR reset_c
    0.812ns          reset.PADDI to ine/dp/SLICE_177.LSR reset_c
    0.812ns          reset.PADDI to ine/dp/SLICE_178.LSR reset_c
    0.812ns          reset.PADDI to ine/dp/SLICE_179.LSR reset_c
    0.812ns          reset.PADDI to ine/dp/SLICE_180.LSR reset_c
    0.812ns          reset.PADDI to ine/dp/SLICE_181.LSR reset_c
    0.812ns          reset.PADDI to ine/dp/SLICE_182.LSR reset_c
    0.812ns          reset.PADDI to ine/dp/SLICE_183.LSR reset_c
    0.812ns          reset.PADDI to ine/dp/SLICE_184.LSR reset_c
    0.812ns          reset.PADDI to ine/dp/SLICE_185.LSR reset_c
    1.213ns          reset.PADDI to /engine/SLICE_186.B1 reset_c
    0.812ns          reset.PADDI to engine/SLICE_186.LSR reset_c
    0.812ns          reset.PADDI to nsport/SLICE_187.LSR reset_c
    0.812ns          reset.PADDI to  probe/SLICE_195.LSR reset_c
    0.812ns          reset.PADDI to  probe/SLICE_196.LSR reset_c
    0.812ns          reset.PADDI to engine/SLICE_197.LSR reset_c
    0.812ns          reset.PADDI to  probe/SLICE_198.LSR reset_c
    0.812ns          reset.PADDI to ne/seq/SLICE_199.LSR reset_c
    0.812ns          reset.PADDI to  probe/SLICE_200.LSR reset_c
    1.108ns          reset.PADDI to .memory/SLICE_201.B0 reset_c
    0.812ns          reset.PADDI to memory/SLICE_202.LSR reset_c
    0.812ns          reset.PADDI to nsport/SLICE_203.LSR reset_c
    0.812ns          reset.PADDI to nsport/SLICE_204.LSR reset_c
    0.812ns          reset.PADDI to nsport/SLICE_205.LSR reset_c
    0.812ns          reset.PADDI to memory/SLICE_206.LSR reset_c
    0.812ns          reset.PADDI to memory/SLICE_207.LSR reset_c
    0.812ns          reset.PADDI to nsport/SLICE_208.LSR reset_c
    1.182ns          reset.PADDI to ansport/SLICE_213.C1 reset_c
    0.812ns          reset.PADDI to nsport/SLICE_213.LSR reset_c
    1.017ns          reset.PADDI to ansport/SLICE_214.D0 reset_c
    1.017ns          reset.PADDI to ansport/SLICE_215.D0 reset_c
    1.017ns          reset.PADDI to ansport/SLICE_215.D1 reset_c
    1.017ns          reset.PADDI to ansport/SLICE_216.D0 reset_c
    1.197ns          reset.PADDI to ansport/SLICE_216.C1 reset_c
    1.423ns          reset.PADDI to ansport/SLICE_217.B0 reset_c
    1.455ns          reset.PADDI to ansport/SLICE_217.D1 reset_c
    1.299ns          reset.PADDI to ansport/SLICE_218.D0 reset_c
    1.197ns          reset.PADDI to ansport/SLICE_218.C1 reset_c
    1.180ns          reset.PADDI to ansport/SLICE_219.C1 reset_c
    1.197ns          reset.PADDI to ansport/SLICE_220.C0 reset_c
    1.017ns          reset.PADDI to ansport/SLICE_220.D1 reset_c
    1.180ns          reset.PADDI to ansport/SLICE_221.C1 reset_c
    1.412ns          reset.PADDI to ansport/SLICE_222.B0 reset_c
    1.412ns          reset.PADDI to ansport/SLICE_222.B1 reset_c
    0.812ns          reset.PADDI to system/SLICE_223.LSR reset_c
    0.812ns          reset.PADDI to system/SLICE_224.LSR reset_c
    0.812ns          reset.PADDI to system/SLICE_225.LSR reset_c
    0.812ns          reset.PADDI to memory/SLICE_226.LSR reset_c
    0.812ns          reset.PADDI to nsport/SLICE_227.LSR reset_c
    0.812ns          reset.PADDI to nsport/SLICE_228.LSR reset_c
    0.812ns          reset.PADDI to nsport/SLICE_229.LSR reset_c
    0.812ns          reset.PADDI to nsport/SLICE_230.LSR reset_c
    0.812ns          reset.PADDI to ne/seq/SLICE_235.LSR reset_c
    0.812ns          reset.PADDI to ne/seq/SLICE_236.LSR reset_c
    0.812ns          reset.PADDI to ne/seq/SLICE_237.LSR reset_c
    0.812ns          reset.PADDI to ne/seq/SLICE_238.LSR reset_c
    0.812ns          reset.PADDI to ne/seq/SLICE_239.LSR reset_c
    0.812ns          reset.PADDI to ne/seq/SLICE_240.LSR reset_c
    0.812ns          reset.PADDI to ne/seq/SLICE_241.LSR reset_c
    0.812ns          reset.PADDI to ne/seq/SLICE_242.LSR reset_c
    0.812ns          reset.PADDI to ne/seq/SLICE_243.LSR reset_c
    0.812ns          reset.PADDI to ne/seq/SLICE_244.LSR reset_c
    0.812ns          reset.PADDI to  probe/SLICE_292.LSR reset_c
    1.602ns          reset.PADDI to ansport/SLICE_293.D1 reset_c
    1.602ns          reset.PADDI to /system/SLICE_295.D1 reset_c
    0.812ns          reset.PADDI to engine/SLICE_296.LSR reset_c
    1.419ns          reset.PADDI to /engine/SLICE_297.B0 reset_c
    1.504ns          reset.PADDI to /engine/SLICE_297.C1 reset_c
    0.812ns          reset.PADDI to  probe/SLICE_298.LSR reset_c
    0.812ns          reset.PADDI to  probe/SLICE_299.LSR reset_c
    0.812ns          reset.PADDI to engine/SLICE_300.LSR reset_c
    0.812ns          reset.PADDI to  probe/SLICE_301.LSR reset_c
    0.812ns          reset.PADDI to  probe/SLICE_302.LSR reset_c
    0.812ns          reset.PADDI to  probe/SLICE_303.LSR reset_c
    0.812ns          reset.PADDI to  probe/SLICE_304.LSR reset_c
    0.812ns          reset.PADDI to  probe/SLICE_305.LSR reset_c
    0.812ns          reset.PADDI to  probe/SLICE_306.LSR reset_c
    0.812ns          reset.PADDI to  probe/SLICE_307.LSR reset_c
    0.812ns          reset.PADDI to  probe/SLICE_308.LSR reset_c
    0.812ns          reset.PADDI to  probe/SLICE_309.LSR reset_c
    1.129ns          reset.PADDI to ansport/SLICE_317.D0 reset_c
    1.250ns          reset.PADDI to ansport/SLICE_318.B0 reset_c
    1.656ns          reset.PADDI to ansport/SLICE_321.C1 reset_c
    1.759ns          reset.PADDI to ansport/SLICE_322.D1 reset_c
    1.404ns          reset.PADDI to ansport/SLICE_323.A1 reset_c
    1.759ns          reset.PADDI to ansport/SLICE_324.D1 reset_c
    1.197ns          reset.PADDI to ansport/SLICE_327.C1 reset_c
    1.127ns          reset.PADDI to ansport/SLICE_328.D1 reset_c
    1.213ns          reset.PADDI to ine/seq/SLICE_334.A0 reset_c
    0.812ns          reset.PADDI to engine/SLICE_335.LSR reset_c
    0.812ns          reset.PADDI to engine/SLICE_336.LSR reset_c
    1.213ns          reset.PADDI to ine/seq/SLICE_337.A1 reset_c
    0.985ns          reset.PADDI to ine/seq/SLICE_338.D1 reset_c
    0.812ns          reset.PADDI to  probe/SLICE_343.LSR reset_c
    0.812ns          reset.PADDI to  probe/SLICE_344.LSR reset_c
    0.812ns          reset.PADDI to  probe/SLICE_345.LSR reset_c
    0.812ns          reset.PADDI to  probe/SLICE_346.LSR reset_c
    0.812ns          reset.PADDI to  probe/SLICE_347.LSR reset_c
    0.812ns          reset.PADDI to  probe/SLICE_348.LSR reset_c
    0.812ns          reset.PADDI to  probe/SLICE_349.LSR reset_c
    0.812ns          reset.PADDI to  probe/SLICE_350.LSR reset_c
    0.812ns          reset.PADDI to  probe/SLICE_351.LSR reset_c
    0.812ns          reset.PADDI to  probe/SLICE_352.LSR reset_c
    0.812ns          reset.PADDI to  probe/SLICE_353.LSR reset_c
    0.812ns          reset.PADDI to  probe/SLICE_354.LSR reset_c
    0.812ns          reset.PADDI to  probe/SLICE_355.LSR reset_c
    0.812ns          reset.PADDI to  probe/SLICE_356.LSR reset_c
    0.812ns          reset.PADDI to  probe/SLICE_357.LSR reset_c
    0.812ns          reset.PADDI to  probe/SLICE_358.LSR reset_c
    0.812ns          reset.PADDI to  probe/SLICE_359.LSR reset_c
    0.812ns          reset.PADDI to  probe/SLICE_360.LSR reset_c
    0.812ns          reset.PADDI to  probe/SLICE_361.LSR reset_c
    0.812ns          reset.PADDI to  probe/SLICE_362.LSR reset_c
    0.812ns          reset.PADDI to  probe/SLICE_365.LSR reset_c
    0.812ns          reset.PADDI to  probe/SLICE_366.LSR reset_c
    0.812ns          reset.PADDI to  probe/SLICE_367.LSR reset_c
    0.812ns          reset.PADDI to  probe/SLICE_368.LSR reset_c
    0.812ns          reset.PADDI to  probe/SLICE_369.LSR reset_c
    0.812ns          reset.PADDI to  probe/SLICE_370.LSR reset_c
    0.812ns          reset.PADDI to  probe/SLICE_371.LSR reset_c
    0.812ns          reset.PADDI to  probe/SLICE_372.LSR reset_c
    0.812ns          reset.PADDI to  probe/SLICE_373.LSR reset_c
    0.812ns          reset.PADDI to  probe/SLICE_404.LSR reset_c
    0.812ns          reset.PADDI to  probe/SLICE_405.LSR reset_c
    0.812ns          reset.PADDI to  probe/SLICE_406.LSR reset_c
    0.812ns          reset.PADDI to  probe/SLICE_407.LSR reset_c
    0.812ns          reset.PADDI to engine/SLICE_408.LSR reset_c
    0.812ns          reset.PADDI to engine/SLICE_409.LSR reset_c
    0.812ns          reset.PADDI to  probe/SLICE_410.LSR reset_c
    0.812ns          reset.PADDI to  probe/SLICE_411.LSR reset_c
    0.812ns          reset.PADDI to  probe/SLICE_412.LSR reset_c
    0.812ns          reset.PADDI to  probe/SLICE_413.LSR reset_c
    0.812ns          reset.PADDI to  probe/SLICE_414.LSR reset_c
    0.812ns          reset.PADDI to  probe/SLICE_415.LSR reset_c
    0.812ns          reset.PADDI to  probe/SLICE_416.LSR reset_c
    0.812ns          reset.PADDI to  probe/SLICE_417.LSR reset_c
    0.812ns          reset.PADDI to  probe/SLICE_418.LSR reset_c
    0.812ns          reset.PADDI to  probe/SLICE_419.LSR reset_c
    0.812ns          reset.PADDI to  probe/SLICE_420.LSR reset_c
    0.812ns          reset.PADDI to engine/SLICE_423.LSR reset_c
    0.812ns          reset.PADDI to  probe/SLICE_425.LSR reset_c
    0.812ns          reset.PADDI to  probe/SLICE_446.LSR reset_c
    0.812ns          reset.PADDI to  probe/SLICE_447.LSR reset_c
    0.812ns          reset.PADDI to  probe/SLICE_448.LSR reset_c
    0.812ns          reset.PADDI to  probe/SLICE_449.LSR reset_c
    1.579ns          reset.PADDI to /engine/SLICE_453.A0 reset_c
    1.579ns          reset.PADDI to /engine/SLICE_453.A1 reset_c
    0.985ns          reset.PADDI to /engine/SLICE_459.D0 reset_c
    0.812ns          reset.PADDI to  probe/SLICE_460.LSR reset_c
    0.812ns          reset.PADDI to  probe/SLICE_461.LSR reset_c
    0.812ns          reset.PADDI to  probe/SLICE_462.LSR reset_c
    0.812ns          reset.PADDI to  probe/SLICE_463.LSR reset_c
    0.812ns          reset.PADDI to  probe/SLICE_468.LSR reset_c
    0.812ns          reset.PADDI to engine/SLICE_469.LSR reset_c
    0.812ns          reset.PADDI to  probe/SLICE_470.LSR reset_c
    0.812ns          reset.PADDI to  probe/SLICE_471.LSR reset_c
    0.812ns          reset.PADDI to  probe/SLICE_472.LSR reset_c
    0.812ns          reset.PADDI to  probe/SLICE_473.LSR reset_c
    0.812ns          reset.PADDI to  probe/SLICE_474.LSR reset_c
    0.812ns          reset.PADDI to  probe/SLICE_475.LSR reset_c
    0.812ns          reset.PADDI to  probe/SLICE_476.LSR reset_c
    0.812ns          reset.PADDI to  probe/SLICE_477.LSR reset_c
    0.812ns          reset.PADDI to  probe/SLICE_478.LSR reset_c
    0.812ns          reset.PADDI to  probe/SLICE_479.LSR reset_c
    0.812ns          reset.PADDI to  probe/SLICE_480.LSR reset_c
    0.812ns          reset.PADDI to  probe/SLICE_481.LSR reset_c
    0.812ns          reset.PADDI to  probe/SLICE_482.LSR reset_c
    0.856ns          reset.PADDI to  serial_in_MGIOL.LSR reset_c
    0.473ns   probe/SLICE_298.Q0 to   probe/SLICE_420.A0 probe/observe[175]
    0.630ns   probe/SLICE_307.Q1 to   probe/SLICE_309.B0 probe/observe[169]
    0.485ns   probe/SLICE_161.Q0 to   probe/SLICE_309.A0 probe/observe[170]
    0.253ns   probe/SLICE_161.Q1 to   probe/SLICE_309.C0 probe/observe[172]
    0.204ns   probe/SLICE_308.Q0 to   probe/SLICE_309.D0 probe/observe[173]
    0.324ns   probe/SLICE_309.F0 to   probe/SLICE_309.B1 probe/serial_out_129
    0.478ns    probe/SLICE_75.Q0 to   probe/SLICE_420.B1 probe/observe[0]
    0.522ns    probe/SLICE_75.Q1 to   probe/SLICE_420.C1 probe/observe[2]
    0.491ns    probe/SLICE_76.Q0 to   probe/SLICE_420.A1 probe/observe[3]
    0.634ns    probe/SLICE_76.Q1 to   probe/SLICE_420.D1 probe/observe[4]
    0.586ns    probe/SLICE_77.Q0 to   probe/SLICE_482.C1 probe/observe[5]
    0.739ns    probe/SLICE_77.Q1 to   probe/SLICE_482.D1 probe/observe[6]
    0.744ns    probe/SLICE_78.Q0 to   probe/SLICE_482.A1 probe/observe[7]
    0.697ns    probe/SLICE_78.Q1 to   probe/SLICE_482.B1 probe/observe[8]
    0.532ns    probe/SLICE_79.Q0 to   probe/SLICE_482.D0 probe/observe[9]
    0.633ns    probe/SLICE_79.Q1 to   probe/SLICE_482.C0 probe/observe[10]
    0.528ns    probe/SLICE_80.Q0 to   probe/SLICE_482.A0 probe/observe[11]
    0.458ns    probe/SLICE_80.Q1 to   probe/SLICE_482.B0 probe/observe[12]
    0.885ns    probe/SLICE_81.Q0 to   probe/SLICE_210.D1 probe/observe[13]
    0.724ns    probe/SLICE_81.Q1 to   probe/SLICE_210.C1 probe/observe[14]
    0.862ns    probe/SLICE_82.Q0 to   probe/SLICE_210.B1 probe/observe[15]
    0.854ns    probe/SLICE_82.Q1 to   probe/SLICE_210.A1 probe/observe[16]
    0.849ns    probe/SLICE_83.Q0 to   probe/SLICE_481.A1 probe/observe[17]
    0.559ns    probe/SLICE_83.Q1 to   probe/SLICE_481.C1 probe/observe[18]
    0.201ns    probe/SLICE_84.Q0 to   probe/SLICE_481.D1 probe/observe[19]
    0.324ns    probe/SLICE_84.Q1 to   probe/SLICE_481.B1 probe/observe[20]
    0.421ns    probe/SLICE_85.Q0 to   probe/SLICE_481.C0 probe/observe[21]
    0.319ns    probe/SLICE_85.Q1 to   probe/SLICE_481.A0 probe/observe[22]
    0.491ns    probe/SLICE_86.Q0 to   probe/SLICE_481.B0 probe/observe[23]
    0.306ns    probe/SLICE_86.Q1 to   probe/SLICE_481.D0 probe/observe[24]
    0.324ns   probe/SLICE_298.Q1 to   probe/SLICE_413.B1 probe/observe[25]
    0.319ns   probe/SLICE_406.Q0 to   probe/SLICE_413.A1 probe/observe[26]
    0.254ns   probe/SLICE_406.Q1 to   probe/SLICE_413.C1 probe/observe[27]
    0.204ns   probe/SLICE_468.Q0 to   probe/SLICE_413.D1 probe/observe[28]
    0.204ns   probe/SLICE_468.Q1 to   probe/SLICE_209.D0 probe/observe[29]
    0.253ns   probe/SLICE_405.Q0 to   probe/SLICE_209.C0 probe/observe[30]
    0.322ns   probe/SLICE_405.Q1 to   probe/SLICE_209.A0 probe/observe[31]
    0.323ns   probe/SLICE_404.Q0 to   probe/SLICE_209.B0 probe/observe[32]
    0.629ns   probe/SLICE_404.Q1 to   probe/SLICE_480.A1 probe/observe[33]
    0.254ns   probe/SLICE_299.Q0 to   probe/SLICE_480.C1 probe/observe[34]
    0.324ns   probe/SLICE_299.Q1 to   probe/SLICE_480.B1 probe/observe[35]
    0.200ns   probe/SLICE_407.Q0 to   probe/SLICE_480.D1 probe/observe[36]
    0.578ns   probe/SLICE_407.Q1 to   probe/SLICE_480.C0 probe/observe[37]
    0.324ns   probe/SLICE_448.Q0 to   probe/SLICE_480.B0 probe/observe[38]
    0.368ns   probe/SLICE_448.Q1 to   probe/SLICE_480.D0 probe/observe[39]
    0.322ns   probe/SLICE_425.Q0 to   probe/SLICE_480.A0 probe/observe[40]
    0.324ns   probe/SLICE_425.Q1 to   probe/SLICE_414.B1 probe/observe[41]
    0.413ns   probe/SLICE_343.Q0 to   probe/SLICE_414.C1 probe/observe[42]
    0.200ns   probe/SLICE_343.Q1 to   probe/SLICE_414.D1 probe/observe[43]
    0.623ns   probe/SLICE_345.Q0 to   probe/SLICE_414.A1 probe/observe[44]
    0.629ns   probe/SLICE_345.Q1 to   probe/SLICE_209.B1 probe/observe[45]
    0.775ns   probe/SLICE_344.Q0 to   probe/SLICE_209.A1 probe/observe[46]
    0.532ns   probe/SLICE_344.Q1 to   probe/SLICE_209.D1 probe/observe[47]
    0.930ns   probe/SLICE_348.Q0 to   probe/SLICE_209.C1 probe/observe[48]
    0.608ns   probe/SLICE_348.Q1 to   probe/SLICE_479.D1 probe/observe[49]
    0.253ns   probe/SLICE_350.Q0 to   probe/SLICE_479.C1 probe/observe[50]
    0.323ns   probe/SLICE_350.Q1 to   probe/SLICE_479.B1 probe/observe[51]
    0.574ns   probe/SLICE_349.Q0 to   probe/SLICE_479.A1 probe/observe[52]
    0.491ns   probe/SLICE_349.Q1 to   probe/SLICE_479.B0 probe/observe[53]
    0.792ns   probe/SLICE_373.Q0 to   probe/SLICE_479.A0 probe/observe[54]
    0.842ns   probe/SLICE_373.Q1 to   probe/SLICE_479.C0 probe/observe[55]
    0.356ns   probe/SLICE_449.Q0 to   probe/SLICE_479.D0 probe/observe[56]
    0.306ns   probe/SLICE_449.Q1 to   probe/SLICE_415.D1 probe/observe[57]
    0.733ns   probe/SLICE_346.Q0 to   probe/SLICE_415.A1 probe/observe[58]
    0.327ns   probe/SLICE_346.Q1 to   probe/SLICE_415.B1 probe/observe[59]
    0.359ns   probe/SLICE_347.Q0 to   probe/SLICE_415.C1 probe/observe[60]
    0.803ns   probe/SLICE_347.Q1 to   probe/SLICE_200.B1 probe/observe[61]
    0.204ns   probe/SLICE_353.Q0 to   probe/SLICE_200.D1 probe/observe[62]
    0.423ns   probe/SLICE_353.Q1 to   probe/SLICE_200.A1 probe/observe[63]
    0.421ns   probe/SLICE_352.Q0 to   probe/SLICE_200.C1 probe/observe[64]
    0.360ns   probe/SLICE_352.Q1 to   probe/SLICE_478.D1 probe/observe[65]
    0.319ns   probe/SLICE_351.Q0 to   probe/SLICE_478.A1 probe/observe[66]
    0.324ns   probe/SLICE_351.Q1 to   probe/SLICE_478.B1 probe/observe[67]
    0.258ns   probe/SLICE_357.Q0 to   probe/SLICE_478.C1 probe/observe[68]
    0.318ns   probe/SLICE_357.Q1 to   probe/SLICE_478.A0 probe/observe[69]
    0.359ns   probe/SLICE_356.Q0 to   probe/SLICE_478.C0 probe/observe[70]
    0.428ns   probe/SLICE_356.Q1 to   probe/SLICE_478.B0 probe/observe[71]
    0.204ns   probe/SLICE_355.Q0 to   probe/SLICE_478.D0 probe/observe[72]
    0.204ns   probe/SLICE_355.Q1 to   probe/SLICE_416.D1 probe/observe[73]
    0.319ns   probe/SLICE_354.Q0 to   probe/SLICE_416.A1 probe/observe[74]
    0.324ns   probe/SLICE_354.Q1 to   probe/SLICE_416.B1 probe/observe[75]
    0.633ns   probe/SLICE_463.Q0 to   probe/SLICE_416.C1 probe/observe[76]
    0.648ns   probe/SLICE_463.Q1 to   probe/SLICE_477.B1 probe/observe[77]
    0.624ns   probe/SLICE_462.Q0 to   probe/SLICE_477.A1 probe/observe[78]
    0.368ns   probe/SLICE_462.Q1 to   probe/SLICE_477.D1 probe/observe[79]
    0.253ns   probe/SLICE_460.Q0 to   probe/SLICE_477.C1 probe/observe[80]
    0.258ns   probe/SLICE_460.Q1 to   probe/SLICE_477.C0 probe/observe[81]
    0.584ns   probe/SLICE_447.Q0 to   probe/SLICE_477.B0 probe/observe[82]
    0.523ns   probe/SLICE_447.Q1 to   probe/SLICE_477.D0 probe/observe[83]
    0.319ns   probe/SLICE_461.Q0 to   probe/SLICE_477.A0 probe/observe[84]
    0.322ns   probe/SLICE_461.Q1 to   probe/SLICE_476.A1 probe/observe[85]
    0.368ns   probe/SLICE_369.Q0 to   probe/SLICE_476.D1 probe/observe[86]
    0.258ns   probe/SLICE_369.Q1 to   probe/SLICE_476.C1 probe/observe[87]
    0.592ns   probe/SLICE_446.Q0 to   probe/SLICE_476.B1 probe/observe[88]
    0.423ns   probe/SLICE_446.Q1 to   probe/SLICE_476.A0 probe/observe[89]
    0.413ns   probe/SLICE_367.Q0 to   probe/SLICE_476.C0 probe/observe[90]
    0.578ns   probe/SLICE_367.Q1 to   probe/SLICE_476.D0 probe/observe[91]
    0.630ns   probe/SLICE_368.Q0 to   probe/SLICE_476.B0 probe/observe[92]
    0.360ns   probe/SLICE_368.Q1 to   probe/SLICE_198.D1 probe/observe[93]
    0.322ns   probe/SLICE_372.Q0 to   probe/SLICE_198.A1 probe/observe[94]
    0.323ns   probe/SLICE_372.Q1 to   probe/SLICE_198.B1 probe/observe[95]
    0.258ns   probe/SLICE_371.Q0 to   probe/SLICE_198.C1 probe/observe[96]
    0.409ns   probe/SLICE_371.Q1 to   probe/SLICE_475.C1 probe/observe[97]
    0.936ns   probe/SLICE_370.Q0 to   probe/SLICE_475.B1 probe/observe[98]
    0.525ns   probe/SLICE_370.Q1 to   probe/SLICE_475.D1 probe/observe[99]
    0.686ns   probe/SLICE_410.Q0 to   probe/SLICE_475.A1 probe/observe[100]
    0.335ns   probe/SLICE_410.Q1 to   probe/SLICE_475.D0 probe/observe[101]
    0.972ns   probe/SLICE_479.Q0 to   probe/SLICE_475.B0 probe/observe[102]
    0.322ns   probe/SLICE_479.Q1 to   probe/SLICE_475.A0 probe/observe[103]
    0.253ns   probe/SLICE_478.Q0 to   probe/SLICE_475.C0 probe/observe[104]
    0.360ns   probe/SLICE_478.Q1 to   probe/SLICE_417.D1 probe/observe[105]
    0.323ns   probe/SLICE_477.Q0 to   probe/SLICE_417.B1 probe/observe[106]
    0.253ns   probe/SLICE_477.Q1 to   probe/SLICE_417.C1 probe/observe[107]
    0.319ns   probe/SLICE_476.Q0 to   probe/SLICE_417.A1 probe/observe[108]
    0.746ns   probe/SLICE_476.Q1 to   probe/SLICE_196.A0 probe/observe[109]
    0.892ns   probe/SLICE_475.Q0 to   probe/SLICE_196.C0 probe/observe[110]
    0.592ns   probe/SLICE_475.Q1 to   probe/SLICE_196.B0 probe/observe[111]
    0.306ns   probe/SLICE_474.Q0 to   probe/SLICE_196.D0 probe/observe[112]
    0.201ns   probe/SLICE_474.Q1 to   probe/SLICE_474.D1 probe/observe[113]
    0.322ns   probe/SLICE_473.Q0 to   probe/SLICE_474.A1 probe/observe[114]
    0.253ns   probe/SLICE_473.Q1 to   probe/SLICE_474.C1 probe/observe[115]
    0.323ns   probe/SLICE_472.Q0 to   probe/SLICE_474.B1 probe/observe[116]
    0.608ns   probe/SLICE_472.Q1 to   probe/SLICE_474.D0 probe/observe[117]
    0.324ns   probe/SLICE_471.Q0 to   probe/SLICE_474.B0 probe/observe[118]
    0.319ns   probe/SLICE_471.Q1 to   probe/SLICE_474.A0 probe/observe[119]
    0.258ns   probe/SLICE_470.Q0 to   probe/SLICE_474.C0 probe/observe[120]
    0.258ns   probe/SLICE_470.Q1 to   probe/SLICE_418.C1 probe/observe[121]
    0.200ns   probe/SLICE_309.Q0 to   probe/SLICE_418.D1 probe/observe[122]
    0.318ns   probe/SLICE_309.Q1 to   probe/SLICE_418.A1 probe/observe[123]
    0.478ns   probe/SLICE_420.Q0 to   probe/SLICE_418.B1 probe/observe[124]
    0.201ns   probe/SLICE_420.Q1 to   probe/SLICE_196.D1 probe/observe[125]
    0.409ns   probe/SLICE_413.Q0 to   probe/SLICE_196.C1 probe/observe[126]
    0.578ns   probe/SLICE_413.Q1 to   probe/SLICE_196.A1 probe/observe[127]
    0.478ns   probe/SLICE_414.Q0 to   probe/SLICE_196.B1 probe/observe[128]
    0.629ns   probe/SLICE_414.Q1 to   probe/SLICE_473.A1 probe/observe[129]
    0.836ns   probe/SLICE_415.Q0 to   probe/SLICE_473.B1 probe/observe[130]
    0.678ns   probe/SLICE_415.Q1 to   probe/SLICE_473.C1 probe/observe[131]
    0.684ns   probe/SLICE_416.Q0 to   probe/SLICE_473.D1 probe/observe[132]
    0.743ns   probe/SLICE_416.Q1 to   probe/SLICE_473.B0 probe/observe[133]
    0.507ns   probe/SLICE_142.Q0 to   probe/SLICE_473.D0 probe/observe[134]
    0.517ns   probe/SLICE_142.Q1 to   probe/SLICE_473.C0 probe/observe[135]
    0.604ns   probe/SLICE_417.Q0 to   probe/SLICE_473.A0 probe/observe[136]
    0.253ns   probe/SLICE_144.Q0 to   probe/SLICE_419.C1 probe/observe[137]
    0.323ns   probe/SLICE_144.Q1 to   probe/SLICE_419.B1 probe/observe[138]
    0.373ns   probe/SLICE_417.Q1 to   probe/SLICE_419.D1 probe/observe[139]
    0.318ns   probe/SLICE_418.Q0 to   probe/SLICE_419.A1 probe/observe[140]
    0.327ns   probe/SLICE_418.Q1 to   probe/SLICE_472.B1 probe/observe[141]
    0.319ns   probe/SLICE_419.Q0 to   probe/SLICE_472.A1 probe/observe[142]
    0.201ns   probe/SLICE_419.Q1 to   probe/SLICE_472.D1 probe/observe[143]
    0.426ns   probe/SLICE_411.Q0 to   probe/SLICE_472.C1 probe/observe[144]
    0.587ns   probe/SLICE_411.Q1 to   probe/SLICE_472.A0 probe/observe[145]
    0.254ns   probe/SLICE_412.Q0 to   probe/SLICE_472.C0 probe/observe[146]
    0.201ns   probe/SLICE_412.Q1 to   probe/SLICE_472.D0 probe/observe[147]
    0.738ns   probe/SLICE_482.Q0 to   probe/SLICE_472.B0 probe/observe[148]
    0.730ns   probe/SLICE_482.Q1 to   probe/SLICE_471.C1 probe/observe[149]
    0.478ns   probe/SLICE_481.Q0 to   probe/SLICE_471.B1 probe/observe[150]
    0.461ns   probe/SLICE_481.Q1 to   probe/SLICE_471.D1 probe/observe[151]
    0.739ns   probe/SLICE_480.Q0 to   probe/SLICE_471.A1 probe/observe[152]
    0.737ns   probe/SLICE_480.Q1 to   probe/SLICE_471.A0 probe/observe[153]
    0.428ns   probe/SLICE_292.Q0 to   probe/SLICE_471.B0 probe/observe[154]
    0.359ns   probe/SLICE_292.Q1 to   probe/SLICE_471.C0 probe/observe[155]
    0.615ns   probe/SLICE_306.Q0 to   probe/SLICE_471.D0 probe/observe[156]
    0.413ns   probe/SLICE_306.Q1 to   probe/SLICE_195.C0 probe/observe[157]
    0.509ns   probe/SLICE_305.Q0 to   probe/SLICE_195.A0 probe/observe[158]
    0.236ns   probe/SLICE_305.Q1 to   probe/SLICE_195.D0 probe/observe[159]
    0.635ns   probe/SLICE_304.Q0 to   probe/SLICE_195.B0 probe/observe[160]
    0.678ns   probe/SLICE_304.Q1 to   probe/SLICE_470.C1 probe/observe[161]
    0.356ns   probe/SLICE_303.Q0 to   probe/SLICE_470.D1 probe/observe[162]
    0.485ns   probe/SLICE_303.Q1 to   probe/SLICE_470.A1 probe/observe[163]
    0.324ns   probe/SLICE_302.Q0 to   probe/SLICE_470.B1 probe/observe[164]
    0.254ns   probe/SLICE_302.Q1 to   probe/SLICE_470.C0 probe/observe[165]
    0.319ns   probe/SLICE_301.Q0 to   probe/SLICE_470.A0 probe/observe[166]
    0.201ns   probe/SLICE_301.Q1 to   probe/SLICE_470.D0 probe/observe[167]
    0.323ns   probe/SLICE_307.Q0 to   probe/SLICE_470.B0 probe/observe[168]
    0.258ns   probe/SLICE_308.Q1 to   probe/SLICE_420.C0 probe/observe[174]
    0.428ns   probe/SLICE_309.F1 to   probe/SLICE_410.B0 probe/serial_out_162
    0.156ns   probe/SLICE_410.F1 to   probe/SLICE_410.C0 probe/serial_out_163
    0.335ns   probe/SLICE_411.F0 to   probe/SLICE_410.D0 probe/serial_out_169
    0.318ns   probe/SLICE_412.F0 to   probe/SLICE_410.A0 probe/serial_out_170
    0.609ns   probe/SLICE_414.F0 to   probe/SLICE_411.B0 probe/serial_out_154
    0.578ns   probe/SLICE_415.F0 to   probe/SLICE_411.A0 probe/serial_out_155
    0.200ns   probe/SLICE_416.F0 to   probe/SLICE_411.D0 probe/serial_out_156
    0.156ns   probe/SLICE_411.F1 to   probe/SLICE_411.C0 probe/serial_out_157
    0.505ns   probe/SLICE_417.F0 to   probe/SLICE_412.A0 probe/serial_out_158
    0.200ns   probe/SLICE_418.F0 to   probe/SLICE_412.D0 probe/serial_out_159
    0.156ns   probe/SLICE_419.F0 to   probe/SLICE_412.C0 probe/serial_out_160
    0.324ns   probe/SLICE_412.F1 to   probe/SLICE_412.B0 probe/serial_out_161
    0.612ns   probe/SLICE_482.F1 to   probe/SLICE_410.D1 probe/serial_out_88
    0.560ns   probe/SLICE_482.F0 to   probe/SLICE_410.C1 probe/serial_out_89
    0.319ns   probe/SLICE_420.F0 to   probe/SLICE_410.A1 probe/serial_out_130
    0.964ns   probe/SLICE_413.F0 to   probe/SLICE_410.B1 probe/serial_out_153
    0.582ns   probe/SLICE_210.F1 to   probe/SLICE_413.A0 probe/serial_out_90
    0.973ns   probe/SLICE_481.F1 to   probe/SLICE_413.B0 probe/serial_out_91
    0.368ns   probe/SLICE_481.F0 to   probe/SLICE_413.D0 probe/serial_out_92
    0.156ns   probe/SLICE_413.F1 to   probe/SLICE_413.C0 probe/serial_out_93
    0.103ns   probe/SLICE_209.F0 to   probe/SLICE_414.D0 probe/serial_out_94
    0.323ns   probe/SLICE_480.F1 to   probe/SLICE_414.B0 probe/serial_out_95
    0.509ns   probe/SLICE_480.F0 to   probe/SLICE_414.A0 probe/serial_out_96
    0.156ns   probe/SLICE_414.F1 to   probe/SLICE_414.C0 probe/serial_out_97
    0.480ns   probe/SLICE_209.F1 to   probe/SLICE_415.D0 probe/serial_out_98
    0.587ns   probe/SLICE_479.F1 to   probe/SLICE_415.B0 probe/serial_out_99
    0.578ns   probe/SLICE_479.F0 to   probe/SLICE_415.A0 probe/serial_out_100
    0.156ns   probe/SLICE_415.F1 to   probe/SLICE_415.C0 probe/serial_out_101
    0.668ns   probe/SLICE_200.F1 to   probe/SLICE_416.D0 probe/serial_out_102
    0.226ns   probe/SLICE_478.F1 to   probe/SLICE_416.B0 probe/serial_out_103
    0.221ns   probe/SLICE_478.F0 to   probe/SLICE_416.A0 probe/serial_out_104
    0.156ns   probe/SLICE_416.F1 to   probe/SLICE_416.C0 probe/serial_out_105
    0.482ns   probe/SLICE_477.F1 to   probe/SLICE_411.B1 probe/serial_out_106
    0.322ns   probe/SLICE_477.F0 to   probe/SLICE_411.A1 probe/serial_out_107
    0.103ns   probe/SLICE_476.F1 to   probe/SLICE_411.D1 probe/serial_out_108
    0.156ns   probe/SLICE_476.F0 to   probe/SLICE_411.C1 probe/serial_out_109
    0.464ns   probe/SLICE_198.F1 to   probe/SLICE_417.D0 probe/serial_out_110
    0.319ns   probe/SLICE_475.F1 to   probe/SLICE_417.A0 probe/serial_out_111
    0.324ns   probe/SLICE_475.F0 to   probe/SLICE_417.B0 probe/serial_out_112
    0.156ns   probe/SLICE_417.F1 to   probe/SLICE_417.C0 probe/serial_out_113
    0.888ns   probe/SLICE_196.F0 to   probe/SLICE_418.A0 probe/serial_out_114
    0.226ns   probe/SLICE_474.F1 to   probe/SLICE_418.B0 probe/serial_out_115
    0.103ns   probe/SLICE_474.F0 to   probe/SLICE_418.D0 probe/serial_out_116
    0.156ns   probe/SLICE_418.F1 to   probe/SLICE_418.C0 probe/serial_out_117
    0.258ns   probe/SLICE_196.F1 to   probe/SLICE_419.C0 probe/serial_out_118
    0.226ns   probe/SLICE_473.F1 to   probe/SLICE_419.B0 probe/serial_out_119
    0.103ns   probe/SLICE_473.F0 to   probe/SLICE_419.D0 probe/serial_out_120
    0.618ns   probe/SLICE_419.F1 to   probe/SLICE_419.A0 probe/serial_out_121
    0.254ns   probe/SLICE_472.F1 to   probe/SLICE_412.C1 probe/serial_out_122
    0.201ns   probe/SLICE_472.F0 to   probe/SLICE_412.D1 probe/serial_out_123
    0.226ns   probe/SLICE_471.F1 to   probe/SLICE_412.B1 probe/serial_out_124
    0.221ns   probe/SLICE_471.F0 to   probe/SLICE_412.A1 probe/serial_out_125
    0.610ns   probe/SLICE_195.F0 to   probe/SLICE_309.A1 probe/serial_out_126
    0.254ns   probe/SLICE_470.F1 to   probe/SLICE_309.C1 probe/serial_out_127
    0.201ns   probe/SLICE_470.F0 to   probe/SLICE_309.D1 probe/serial_out_128
    0.226ns   probe/SLICE_420.F1 to   probe/SLICE_420.B0 probe/serial_out_87

--------------------------------------------------------------------------------


Timing summary (Hold):
---------------

Timing errors: 0  Score: 0
Cumulative negative slack: 0

Constraints cover 744160 paths, 1 nets, and 3433 connections (88.05% coverage)



Timing summary (Setup and Hold):
---------------

Timing errors: 0 (setup), 0 (hold)
Score: 0 (setup), 0 (hold)
Cumulative negative slack: 0 (0+0)
--------------------------------------------------------------------------------

--------------------------------------------------------------------------------

