opcode,initial_fps,ack_wait_clocks,core_clocks,memory_beats
170100,043304,0,1119,191
170101,043304,0,1119,191
170102,043304,0,1119,191
170103,043304,0,1119,191
170104,043304,0,1119,191
170105,043304,0,1119,191
170106,043304,0,1119,191
170107,043304,0,1119,191
170110,043304,0,1154,202
170111,106304,0,1154,202
170112,045304,0,1154,202
170113,044304,0,1154,202
170114,043304,0,1154,202
170115,106304,0,1154,202
170116,045304,0,1154,202
170117,140704,0,1154,202
170120,044304,0,1263,225
170121,043304,0,1263,225
170122,106304,0,1263,225
170123,045304,0,1263,225
170124,044304,0,1263,225
170125,043304,0,1263,225
170126,106304,0,1263,225
170127,001704,0,1216,215
170130,045304,0,1284,229
170131,147704,0,1284,229
170132,106304,0,1284,229
170133,140704,0,1284,229
170134,043304,0,1284,229
170135,001704,0,1284,229
170136,044304,0,1284,229
170137,043304,0,1237,219
170140,106304,0,1263,225
170141,045304,0,1263,225
170142,044304,0,1263,225
170143,043304,0,1263,225
170144,106304,0,1263,225
170145,045304,0,1263,225
170146,044304,0,1263,225
170147,147704,0,1216,215
170150,043304,0,1284,229
170151,001704,0,1284,229
170152,044304,0,1284,229
170153,043304,0,1284,229
170154,045304,0,1284,229
170155,147704,0,1284,229
170156,106304,0,1284,229
170157,045304,0,1361,241
170160,045304,0,1234,216
170161,147704,0,1234,216
170162,106304,0,1234,216
170163,140704,0,1234,216
170164,043304,0,1234,216
170165,001704,0,1234,216
170166,044304,0,1234,216
170167,043304,0,1234,216
170170,001704,0,1240,219
170171,147704,0,1240,219
170172,001704,0,1240,219
170173,147704,0,1240,219
170174,001704,0,1240,219
170175,147704,0,1240,219
170176,001704,0,1240,219
170177,044304,0,1240,219
170200,106304,0,1151,193
170201,106304,0,1151,193
170202,106304,0,1151,193
170203,106304,0,1151,193
170204,106304,0,1151,193
170205,106304,0,1151,193
170206,106304,0,1151,193
170207,106304,0,1151,193
170210,106304,0,1208,207
170211,045304,0,1208,207
170212,044304,0,1208,207
170213,043304,0,1208,207
170214,106304,0,1208,207
170215,045304,0,1208,207
170216,044304,0,1208,207
170217,147704,0,1208,207
170220,043304,0,1317,230
170221,106304,0,1317,230
170222,045304,0,1317,230
170223,044304,0,1317,230
170224,043304,0,1317,230
170225,106304,0,1317,230
170226,045304,0,1317,230
170227,140704,0,1270,220
170230,044304,0,1338,234
170231,043304,0,1338,234
170232,045304,0,1338,234
170233,147704,0,1338,234
170234,106304,0,1338,234
170235,140704,0,1338,234
170236,043304,0,1338,234
170237,106304,0,1291,224
170240,045304,0,1317,230
170241,044304,0,1317,230
170242,043304,0,1317,230
170243,106304,0,1317,230
170244,045304,0,1317,230
170245,044304,0,1317,230
170246,043304,0,1317,230
170247,043304,0,1270,220
170250,106304,0,1338,234
170251,140704,0,1338,234
170252,043304,0,1338,234
170253,001704,0,1338,234
170254,044304,0,1338,234
170255,043304,0,1338,234
170256,045304,0,1338,234
170257,044304,0,1440,252
170260,044304,0,1288,221
170261,043304,0,1288,221
170262,045304,0,1288,221
170263,147704,0,1288,221
170264,106304,0,1288,221
170265,140704,0,1288,221
170266,043304,0,1288,221
170267,106304,0,1288,221
170270,140704,0,1294,224
170271,043304,0,1294,224
170272,140704,0,1294,224
170273,043304,0,1294,224
170274,140704,0,1294,224
170275,043304,0,1294,224
170276,140704,0,1294,224
170277,043304,0,1294,224
170300,045304,0,1267,210
170301,045304,0,1267,210
170302,045304,0,1267,210
170303,045304,0,1267,210
170304,045304,0,1267,210
170305,045304,0,1267,210
170306,045304,0,1267,210
170307,045304,0,1267,210
170310,045304,0,1363,231
170311,147704,0,1363,231
170312,106304,0,1363,231
170313,140704,0,1363,231
170314,043304,0,1363,231
170315,001704,0,1363,231
170316,044304,0,1363,231
170317,043304,0,1363,231
170320,106304,0,1472,254
170321,140704,0,1472,254
170322,043304,0,1472,254
170323,001704,0,1472,254
170324,044304,0,1472,254
170325,043304,0,1472,254
170326,045304,0,1472,254
170327,044304,0,1403,239
170330,147704,0,1493,258
170331,001704,0,1493,258
170332,147704,0,1493,258
170333,001704,0,1493,258
170334,147704,0,1493,258
170335,001704,0,1493,258
170336,147704,0,1493,258
170337,106304,0,1446,248
170340,140704,0,1472,254
170341,043304,0,1472,254
170342,001704,0,1472,254
170343,044304,0,1472,254
170344,043304,0,1472,254
170345,045304,0,1472,254
170346,147704,0,1472,254
170347,043304,0,1425,244
170350,001704,0,1493,258
170351,147704,0,1493,258
170352,001704,0,1493,258
170353,147704,0,1493,258
170354,001704,0,1493,258
170355,147704,0,1493,258
170356,001704,0,1493,258
170357,044304,0,1556,269
170360,044304,0,1443,245
170361,106304,0,1443,245
170362,044304,0,1443,245
170363,106304,0,1443,245
170364,044304,0,1443,245
170365,106304,0,1443,245
170366,044304,0,1443,245
170367,043304,0,1443,245
170370,140704,0,1449,248
170371,106304,0,1449,248
170372,147704,0,1449,248
170373,045304,0,1449,248
170374,043304,0,1449,248
170375,044304,0,1449,248
170376,001704,0,1449,248
170377,147704,0,1449,248
170000,045304,0,750,135
170001,043304,0,715,129
170002,045304,0,737,132
170011,043304,0,759,135
170012,045304,0,781,138
172400,003104,0,1751,289
172400,103704,0,1794,296
172401,041104,0,1751,289
172401,041704,0,1794,296
172402,003104,0,1751,289
172402,103704,0,1794,296
172403,041104,0,1751,289
172403,041704,0,1794,296
172404,003104,0,1751,289
172404,103704,0,1794,296
172405,041104,0,1751,289
172405,041704,0,1794,296
172406,003104,0,1774,299
172406,103704,0,1776,300
172407,003104,0,1774,299
172407,103704,0,1776,300
172410,003104,0,2014,346
172410,103704,0,2116,365
172411,041104,0,2014,346
172411,041704,0,2116,365
172412,003104,0,2014,346
172412,103704,0,2116,365
172413,041104,0,2014,346
172413,041704,0,2116,365
172414,003104,0,2014,346
172414,103704,0,2116,365
172415,041104,0,2014,346
172415,041704,0,2116,365
172416,003104,0,2014,346
172416,103704,0,2116,365
172417,146104,0,2014,346
172417,046704,0,2116,365
172420,041104,0,2123,369
172420,041704,0,2225,388
172421,003104,0,2123,369
172421,103704,0,2225,388
172422,041104,0,2123,369
172422,041704,0,2225,388
172423,003104,0,2123,369
172423,103704,0,2225,388
172424,041104,0,2123,369
172424,041704,0,2225,388
172425,003104,0,2123,369
172425,103704,0,2225,388
172426,041104,0,2123,369
172426,041704,0,2225,388
172427,004104,0,2068,356
172427,104704,0,2120,365
172430,041104,0,2144,373
172430,041704,0,2246,392
172431,146104,0,2144,373
172431,046704,0,2246,392
172432,003104,0,2144,373
172432,103704,0,2246,392
172433,004104,0,2144,373
172433,104704,0,2246,392
172434,041104,0,2144,373
172434,041704,0,2246,392
172435,146104,0,2144,373
172435,046704,0,2246,392
172436,003104,0,2144,373
172436,103704,0,2246,392
172437,041104,0,2097,363
172437,041704,0,2199,382
172440,003104,0,2123,369
172440,103704,0,2225,388
172441,041104,0,2123,369
172441,041704,0,2225,388
172442,003104,0,2123,369
172442,103704,0,2225,388
172443,041104,0,2123,369
172443,041704,0,2225,388
172444,003104,0,2123,369
172444,103704,0,2225,388
172445,041104,0,2123,369
172445,041704,0,2225,388
172446,003104,0,2123,369
172446,103704,0,2225,388
172447,146104,0,2076,359
172447,046704,0,2178,378
172450,041104,0,2144,373
172450,041704,0,2246,392
172451,146104,0,2144,373
172451,046704,0,2246,392
172452,003104,0,2144,373
172452,103704,0,2246,392
172453,004104,0,2144,373
172453,104704,0,2246,392
172454,041104,0,2144,373
172454,041704,0,2246,392
172455,146104,0,2144,373
172455,046704,0,2246,392
172456,003104,0,2144,373
172456,103704,0,2246,392
172457,041104,0,1865,324
172457,041704,0,1867,325
172460,003104,0,2094,360
172460,103704,0,2196,379
172461,004104,0,2094,360
172461,104704,0,2196,379
172462,041104,0,2094,360
172462,041704,0,2196,379
172463,146104,0,2094,360
172463,046704,0,2196,379
172464,003104,0,2094,360
172464,103704,0,2196,379
172465,004104,0,2094,360
172465,104704,0,2196,379
172466,041104,0,2094,360
172466,041704,0,2196,379
172467,003104,0,2094,360
172467,103704,0,2196,379
172470,004104,0,2100,363
172470,104704,0,2202,382
172471,004104,0,2100,363
172471,104704,0,2202,382
172472,004104,0,2100,363
172472,104704,0,2202,382
172473,004104,0,2100,363
172473,104704,0,2202,382
172474,004104,0,2100,363
172474,104704,0,2202,382
172475,004104,0,2100,363
172475,104704,0,2202,382
172476,004104,0,2100,363
172476,104704,0,2202,382
172477,041104,0,2100,363
172477,041704,0,2202,382
172500,041104,0,1751,289
172500,041704,0,1794,296
172501,003104,0,1751,289
172501,103704,0,1794,296
172502,041104,0,1751,289
172502,041704,0,1794,296
172503,003104,0,1751,289
172503,103704,0,1794,296
172504,041104,0,1751,289
172504,041704,0,1794,296
172505,003104,0,1751,289
172505,103704,0,1794,296
172506,041104,0,1590,263
172506,041704,0,1592,264
172507,041104,0,1590,263
172507,041704,0,1592,264
172510,041104,0,2014,346
172510,041704,0,2116,365
172511,003104,0,2014,346
172511,103704,0,2116,365
172512,041104,0,2014,346
172512,041704,0,2116,365
172513,003104,0,2014,346
172513,103704,0,2116,365
172514,041104,0,2014,346
172514,041704,0,2116,365
172515,003104,0,2014,346
172515,103704,0,2116,365
172516,041104,0,2014,346
172516,041704,0,2116,365
172517,004104,0,2014,346
172517,104704,0,2116,365
172520,003104,0,2123,369
172520,103704,0,2225,388
172521,041104,0,2123,369
172521,041704,0,2225,388
172522,003104,0,2123,369
172522,103704,0,2225,388
172523,041104,0,2123,369
172523,041704,0,2225,388
172524,003104,0,2123,369
172524,103704,0,2225,388
172525,041104,0,2123,369
172525,041704,0,2225,388
172526,003104,0,2123,369
172526,103704,0,2225,388
172527,146104,0,2068,356
172527,046704,0,2120,365
172530,003104,0,2144,373
172530,103704,0,2246,392
172531,004104,0,2144,373
172531,104704,0,2246,392
172532,041104,0,2144,373
172532,041704,0,2246,392
172533,146104,0,2144,373
172533,046704,0,2246,392
172534,003104,0,2144,373
172534,103704,0,2246,392
172535,004104,0,2144,373
172535,104704,0,2246,392
172536,041104,0,2144,373
172536,041704,0,2246,392
172537,003104,0,2097,363
172537,103704,0,2199,382
172540,041104,0,2123,369
172540,041704,0,2225,388
172541,003104,0,2123,369
172541,103704,0,2225,388
172542,041104,0,2123,369
172542,041704,0,2225,388
172543,003104,0,2123,369
172543,103704,0,2225,388
172544,041104,0,2123,369
172544,041704,0,2225,388
172545,003104,0,2123,369
172545,103704,0,2225,388
172546,041104,0,2123,369
172546,041704,0,2225,388
172547,004104,0,2076,359
172547,104704,0,2178,378
172550,003104,0,2144,373
172550,103704,0,2246,392
172551,004104,0,2144,373
172551,104704,0,2246,392
172552,041104,0,2144,373
172552,041704,0,2246,392
172553,146104,0,2144,373
172553,046704,0,2246,392
172554,003104,0,2144,373
172554,103704,0,2246,392
172555,004104,0,2144,373
172555,104704,0,2246,392
172556,041104,0,2144,373
172556,041704,0,2246,392
172557,003104,0,1865,324
172557,103704,0,1867,325
172560,041104,0,2094,360
172560,041704,0,2196,379
172561,146104,0,2094,360
172561,046704,0,2196,379
172562,003104,0,2094,360
172562,103704,0,2196,379
172563,004104,0,2094,360
172563,104704,0,2196,379
172564,041104,0,2094,360
172564,041704,0,2196,379
172565,146104,0,2094,360
172565,046704,0,2196,379
172566,003104,0,2094,360
172566,103704,0,2196,379
172567,041104,0,2094,360
172567,041704,0,2196,379
172570,146104,0,2100,363
172570,046704,0,2202,382
172571,146104,0,2100,363
172571,046704,0,2202,382
172572,146104,0,2100,363
172572,046704,0,2202,382
172573,146104,0,2100,363
172573,046704,0,2202,382
172574,146104,0,2100,363
172574,046704,0,2202,382
172575,146104,0,2100,363
172575,046704,0,2202,382
172576,146104,0,2100,363
172576,046704,0,2202,382
172577,003104,0,2100,363
172577,103704,0,2202,382
172600,003104,0,1751,289
172600,103704,0,1794,296
172601,041104,0,1751,289
172601,041704,0,1794,296
172602,003104,0,1751,289
172602,103704,0,1794,296
172603,041104,0,1751,289
172603,041704,0,1794,296
172604,003104,0,1751,289
172604,103704,0,1794,296
172605,041104,0,1751,289
172605,041704,0,1794,296
172606,003104,0,1774,299
172606,103704,0,1776,300
172607,003104,0,1774,299
172607,103704,0,1776,300
172610,003104,0,2014,346
172610,103704,0,2116,365
172611,041104,0,2014,346
172611,041704,0,2116,365
172612,003104,0,2014,346
172612,103704,0,2116,365
172613,041104,0,2014,346
172613,041704,0,2116,365
172614,003104,0,2014,346
172614,103704,0,2116,365
172615,041104,0,2014,346
172615,041704,0,2116,365
172616,003104,0,2014,346
172616,103704,0,2116,365
172617,146104,0,2014,346
172617,046704,0,2116,365
172620,041104,0,2123,369
172620,041704,0,2225,388
172621,003104,0,2123,369
172621,103704,0,2225,388
172622,041104,0,2123,369
172622,041704,0,2225,388
172623,003104,0,2123,369
172623,103704,0,2225,388
172624,041104,0,2123,369
172624,041704,0,2225,388
172625,003104,0,2123,369
172625,103704,0,2225,388
172626,041104,0,2123,369
172626,041704,0,2225,388
172627,004104,0,2068,356
172627,104704,0,2120,365
172630,041104,0,2144,373
172630,041704,0,2246,392
172631,146104,0,2144,373
172631,046704,0,2246,392
172632,003104,0,2144,373
172632,103704,0,2246,392
172633,004104,0,2144,373
172633,104704,0,2246,392
172634,041104,0,2144,373
172634,041704,0,2246,392
172635,146104,0,2144,373
172635,046704,0,2246,392
172636,003104,0,2144,373
172636,103704,0,2246,392
172637,041104,0,2097,363
172637,041704,0,2199,382
172640,003104,0,2123,369
172640,103704,0,2225,388
172641,041104,0,2123,369
172641,041704,0,2225,388
172642,003104,0,2123,369
172642,103704,0,2225,388
172643,041104,0,2123,369
172643,041704,0,2225,388
172644,003104,0,2123,369
172644,103704,0,2225,388
172645,041104,0,2123,369
172645,041704,0,2225,388
172646,003104,0,2123,369
172646,103704,0,2225,388
172647,146104,0,2076,359
172647,046704,0,2178,378
172650,041104,0,2144,373
172650,041704,0,2246,392
172651,146104,0,2144,373
172651,046704,0,2246,392
172652,003104,0,2144,373
172652,103704,0,2246,392
172653,004104,0,2144,373
172653,104704,0,2246,392
172654,041104,0,2144,373
172654,041704,0,2246,392
172655,146104,0,2144,373
172655,046704,0,2246,392
172656,003104,0,2144,373
172656,103704,0,2246,392
172657,041104,0,1865,324
172657,041704,0,1867,325
172660,003104,0,2094,360
172660,103704,0,2196,379
172661,004104,0,2094,360
172661,104704,0,2196,379
172662,041104,0,2094,360
172662,041704,0,2196,379
172663,146104,0,2094,360
172663,046704,0,2196,379
172664,003104,0,2094,360
172664,103704,0,2196,379
172665,004104,0,2094,360
172665,104704,0,2196,379
172666,041104,0,2094,360
172666,041704,0,2196,379
172667,003104,0,2094,360
172667,103704,0,2196,379
172670,004104,0,2100,363
172670,104704,0,2202,382
172671,004104,0,2100,363
172671,104704,0,2202,382
172672,004104,0,2100,363
172672,104704,0,2202,382
172673,004104,0,2100,363
172673,104704,0,2202,382
172674,004104,0,2100,363
172674,104704,0,2202,382
172675,004104,0,2100,363
172675,104704,0,2202,382
172676,004104,0,2100,363
172676,104704,0,2202,382
172677,041104,0,2100,363
172677,041704,0,2202,382
172700,041104,0,1751,289
172700,041704,0,1794,296
172701,003104,0,1751,289
172701,103704,0,1794,296
172702,041104,0,1751,289
172702,041704,0,1794,296
172703,003104,0,1751,289
172703,103704,0,1794,296
172704,041104,0,1751,289
172704,041704,0,1794,296
172705,003104,0,1751,289
172705,103704,0,1794,296
172706,041104,0,1590,263
172706,041704,0,1592,264
172707,041104,0,1590,263
172707,041704,0,1592,264
172710,041104,0,2014,346
172710,041704,0,2116,365
172711,003104,0,2014,346
172711,103704,0,2116,365
172712,041104,0,2014,346
172712,041704,0,2116,365
172713,003104,0,2014,346
172713,103704,0,2116,365
172714,041104,0,2014,346
172714,041704,0,2116,365
172715,003104,0,2014,346
172715,103704,0,2116,365
172716,041104,0,2014,346
172716,041704,0,2116,365
172717,004104,0,2014,346
172717,104704,0,2116,365
172720,003104,0,2123,369
172720,103704,0,2225,388
172721,041104,0,2123,369
172721,041704,0,2225,388
172722,003104,0,2123,369
172722,103704,0,2225,388
172723,041104,0,2123,369
172723,041704,0,2225,388
172724,003104,0,2123,369
172724,103704,0,2225,388
172725,041104,0,2123,369
172725,041704,0,2225,388
172726,003104,0,2123,369
172726,103704,0,2225,388
172727,146104,0,2068,356
172727,046704,0,2120,365
172730,003104,0,2144,373
172730,103704,0,2246,392
172731,004104,0,2144,373
172731,104704,0,2246,392
172732,041104,0,2144,373
172732,041704,0,2246,392
172733,146104,0,2144,373
172733,046704,0,2246,392
172734,003104,0,2144,373
172734,103704,0,2246,392
172735,004104,0,2144,373
172735,104704,0,2246,392
172736,041104,0,2144,373
172736,041704,0,2246,392
172737,003104,0,2097,363
172737,103704,0,2199,382
172740,041104,0,2123,369
172740,041704,0,2225,388
172741,003104,0,2123,369
172741,103704,0,2225,388
172742,041104,0,2123,369
172742,041704,0,2225,388
172743,003104,0,2123,369
172743,103704,0,2225,388
172744,041104,0,2123,369
172744,041704,0,2225,388
172745,003104,0,2123,369
172745,103704,0,2225,388
172746,041104,0,2123,369
172746,041704,0,2225,388
172747,004104,0,2076,359
172747,104704,0,2178,378
172750,003104,0,2144,373
172750,103704,0,2246,392
172751,004104,0,2144,373
172751,104704,0,2246,392
172752,041104,0,2144,373
172752,041704,0,2246,392
172753,146104,0,2144,373
172753,046704,0,2246,392
172754,003104,0,2144,373
172754,103704,0,2246,392
172755,004104,0,2144,373
172755,104704,0,2246,392
172756,041104,0,2144,373
172756,041704,0,2246,392
172757,003104,0,1865,324
172757,103704,0,1867,325
172760,041104,0,2094,360
172760,041704,0,2196,379
172761,146104,0,2094,360
172761,046704,0,2196,379
172762,003104,0,2094,360
172762,103704,0,2196,379
172763,004104,0,2094,360
172763,104704,0,2196,379
172764,041104,0,2094,360
172764,041704,0,2196,379
172765,146104,0,2094,360
172765,046704,0,2196,379
172766,003104,0,2094,360
172766,103704,0,2196,379
172767,041104,0,2094,360
172767,041704,0,2196,379
172770,146104,0,2100,363
172770,046704,0,2202,382
172771,146104,0,2100,363
172771,046704,0,2202,382
172772,146104,0,2100,363
172772,046704,0,2202,382
172773,146104,0,2100,363
172773,046704,0,2202,382
172774,146104,0,2100,363
172774,046704,0,2202,382
172775,146104,0,2100,363
172775,046704,0,2202,382
172776,146104,0,2100,363
172776,046704,0,2202,382
172777,003104,0,2100,363
172777,103704,0,2202,382
174000,003104,0,1661,271
174000,103704,0,1704,278
174001,041104,0,1661,271
174001,041704,0,1704,278
174002,003104,0,1661,271
174002,103704,0,1704,278
174003,041104,0,1661,271
174003,041704,0,1704,278
174004,003104,0,1661,271
174004,103704,0,1704,278
174005,041104,0,1661,271
174005,041704,0,1704,278
174006,003104,0,1796,302
174006,103704,0,1798,303
174007,003104,0,1796,302
174007,103704,0,1798,303
174010,003104,0,1676,283
174010,103704,0,1760,298
174011,041104,0,1676,283
174011,041704,0,1760,298
174012,003104,0,1676,283
174012,103704,0,1760,298
174013,041104,0,1676,283
174013,041704,0,1760,298
174014,003104,0,1676,283
174014,103704,0,1760,298
174015,041104,0,1676,283
174015,041704,0,1760,298
174016,003104,0,1676,283
174016,103704,0,1760,298
174017,146104,0,1676,283
174017,046704,0,1760,298
174020,041104,0,1785,306
174020,041704,0,1869,321
174021,003104,0,1785,306
174021,103704,0,1869,321
174022,041104,0,1785,306
174022,041704,0,1869,321
174023,003104,0,1785,306
174023,103704,0,1869,321
174024,041104,0,1785,306
174024,041704,0,1869,321
174025,003104,0,1785,306
174025,103704,0,1869,321
174026,041104,0,1785,306
174026,041704,0,1869,321
174027,004104,0,1714,291
174027,104704,0,1716,292
174030,041104,0,1806,310
174030,041704,0,1890,325
174031,146104,0,1806,310
174031,046704,0,1890,325
174032,003104,0,1806,310
174032,103704,0,1890,325
174033,004104,0,1806,310
174033,104704,0,1890,325
174034,041104,0,1806,310
174034,041704,0,1890,325
174035,146104,0,1806,310
174035,046704,0,1890,325
174036,003104,0,1806,310
174036,103704,0,1890,325
174037,041104,0,1759,300
174037,041704,0,1843,315
174040,003104,0,1785,306
174040,103704,0,1869,321
174041,041104,0,1785,306
174041,041704,0,1869,321
174042,003104,0,1785,306
174042,103704,0,1869,321
174043,041104,0,1785,306
174043,041704,0,1869,321
174044,003104,0,1785,306
174044,103704,0,1869,321
174045,041104,0,1785,306
174045,041704,0,1869,321
174046,003104,0,1785,306
174046,103704,0,1869,321
174047,146104,0,1738,296
174047,046704,0,1822,311
174050,041104,0,1806,310
174050,041704,0,1890,325
174051,146104,0,1806,310
174051,046704,0,1890,325
174052,003104,0,1806,310
174052,103704,0,1890,325
174053,004104,0,1806,310
174053,104704,0,1890,325
174054,041104,0,1806,310
174054,041704,0,1890,325
174055,146104,0,1806,310
174055,046704,0,1890,325
174056,003104,0,1806,310
174056,103704,0,1890,325
174057,041104,0,1856,317
174057,041704,0,1858,318
174060,003104,0,1756,297
174060,103704,0,1840,312
174061,004104,0,1756,297
174061,104704,0,1840,312
174062,041104,0,1756,297
174062,041704,0,1840,312
174063,146104,0,1756,297
174063,046704,0,1840,312
174064,003104,0,1756,297
174064,103704,0,1840,312
174065,004104,0,1756,297
174065,104704,0,1840,312
174066,041104,0,1756,297
174066,041704,0,1840,312
174067,003104,0,1756,297
174067,103704,0,1840,312
174070,004104,0,1762,300
174070,104704,0,1846,315
174071,004104,0,1762,300
174071,104704,0,1846,315
174072,004104,0,1762,300
174072,104704,0,1846,315
174073,004104,0,1762,300
174073,104704,0,1846,315
174074,004104,0,1762,300
174074,104704,0,1846,315
174075,004104,0,1762,300
174075,104704,0,1846,315
174076,004104,0,1762,300
174076,104704,0,1846,315
174077,041104,0,1762,300
174077,041704,0,1846,315
174100,041104,0,1661,271
174100,041704,0,1704,278
174101,003104,0,1661,271
174101,103704,0,1704,278
174102,041104,0,1661,271
174102,041704,0,1704,278
174103,003104,0,1661,271
174103,103704,0,1704,278
174104,041104,0,1661,271
174104,041704,0,1704,278
174105,003104,0,1661,271
174105,103704,0,1704,278
174106,041104,0,1612,266
174106,041704,0,1614,267
174107,041104,0,1612,266
174107,041704,0,1614,267
174110,041104,0,1676,283
174110,041704,0,1760,298
174111,003104,0,1676,283
174111,103704,0,1760,298
174112,041104,0,1676,283
174112,041704,0,1760,298
174113,003104,0,1676,283
174113,103704,0,1760,298
174114,041104,0,1676,283
174114,041704,0,1760,298
174115,003104,0,1676,283
174115,103704,0,1760,298
174116,041104,0,1676,283
174116,041704,0,1760,298
174117,004104,0,1676,283
174117,104704,0,1760,298
174120,003104,0,1785,306
174120,103704,0,1869,321
174121,041104,0,1785,306
174121,041704,0,1869,321
174122,003104,0,1785,306
174122,103704,0,1869,321
174123,041104,0,1785,306
174123,041704,0,1869,321
174124,003104,0,1785,306
174124,103704,0,1869,321
174125,041104,0,1785,306
174125,041704,0,1869,321
174126,003104,0,1785,306
174126,103704,0,1869,321
174127,146104,0,1714,291
174127,046704,0,1716,292
174130,003104,0,1806,310
174130,103704,0,1890,325
174131,004104,0,1806,310
174131,104704,0,1890,325
174132,041104,0,1806,310
174132,041704,0,1890,325
174133,146104,0,1806,310
174133,046704,0,1890,325
174134,003104,0,1806,310
174134,103704,0,1890,325
174135,004104,0,1806,310
174135,104704,0,1890,325
174136,041104,0,1806,310
174136,041704,0,1890,325
174137,003104,0,1759,300
174137,103704,0,1843,315
174140,041104,0,1785,306
174140,041704,0,1869,321
174141,003104,0,1785,306
174141,103704,0,1869,321
174142,041104,0,1785,306
174142,041704,0,1869,321
174143,003104,0,1785,306
174143,103704,0,1869,321
174144,041104,0,1785,306
174144,041704,0,1869,321
174145,003104,0,1785,306
174145,103704,0,1869,321
174146,041104,0,1785,306
174146,041704,0,1869,321
174147,004104,0,1738,296
174147,104704,0,1822,311
174150,003104,0,1806,310
174150,103704,0,1890,325
174151,004104,0,1806,310
174151,104704,0,1890,325
174152,041104,0,1806,310
174152,041704,0,1890,325
174153,146104,0,1806,310
174153,046704,0,1890,325
174154,003104,0,1806,310
174154,103704,0,1890,325
174155,004104,0,1806,310
174155,104704,0,1890,325
174156,041104,0,1806,310
174156,041704,0,1890,325
174157,003104,0,1856,317
174157,103704,0,1858,318
174160,041104,0,1756,297
174160,041704,0,1840,312
174161,146104,0,1756,297
174161,046704,0,1840,312
174162,003104,0,1756,297
174162,103704,0,1840,312
174163,004104,0,1756,297
174163,104704,0,1840,312
174164,041104,0,1756,297
174164,041704,0,1840,312
174165,146104,0,1756,297
174165,046704,0,1840,312
174166,003104,0,1756,297
174166,103704,0,1840,312
174167,041104,0,1756,297
174167,041704,0,1840,312
174170,146104,0,1762,300
174170,046704,0,1846,315
174171,146104,0,1762,300
174171,046704,0,1846,315
174172,146104,0,1762,300
174172,046704,0,1846,315
174173,146104,0,1762,300
174173,046704,0,1846,315
174174,146104,0,1762,300
174174,046704,0,1846,315
174175,146104,0,1762,300
174175,046704,0,1846,315
174176,146104,0,1762,300
174176,046704,0,1846,315
174177,003104,0,1762,300
174177,103704,0,1846,315
174200,003104,0,1661,271
174200,103704,0,1704,278
174201,041104,0,1661,271
174201,041704,0,1704,278
174202,003104,0,1661,271
174202,103704,0,1704,278
174203,041104,0,1661,271
174203,041704,0,1704,278
174204,003104,0,1661,271
174204,103704,0,1704,278
174205,041104,0,1661,271
174205,041704,0,1704,278
174206,003104,0,1796,302
174206,103704,0,1798,303
174207,003104,0,1796,302
174207,103704,0,1798,303
174210,003104,0,1676,283
174210,103704,0,1760,298
174211,041104,0,1676,283
174211,041704,0,1760,298
174212,003104,0,1676,283
174212,103704,0,1760,298
174213,041104,0,1676,283
174213,041704,0,1760,298
174214,003104,0,1676,283
174214,103704,0,1760,298
174215,041104,0,1676,283
174215,041704,0,1760,298
174216,003104,0,1676,283
174216,103704,0,1760,298
174217,146104,0,1676,283
174217,046704,0,1760,298
174220,041104,0,1785,306
174220,041704,0,1869,321
174221,003104,0,1785,306
174221,103704,0,1869,321
174222,041104,0,1785,306
174222,041704,0,1869,321
174223,003104,0,1785,306
174223,103704,0,1869,321
174224,041104,0,1785,306
174224,041704,0,1869,321
174225,003104,0,1785,306
174225,103704,0,1869,321
174226,041104,0,1785,306
174226,041704,0,1869,321
174227,004104,0,1714,291
174227,104704,0,1716,292
174230,041104,0,1806,310
174230,041704,0,1890,325
174231,146104,0,1806,310
174231,046704,0,1890,325
174232,003104,0,1806,310
174232,103704,0,1890,325
174233,004104,0,1806,310
174233,104704,0,1890,325
174234,041104,0,1806,310
174234,041704,0,1890,325
174235,146104,0,1806,310
174235,046704,0,1890,325
174236,003104,0,1806,310
174236,103704,0,1890,325
174237,041104,0,1759,300
174237,041704,0,1843,315
174240,003104,0,1785,306
174240,103704,0,1869,321
174241,041104,0,1785,306
174241,041704,0,1869,321
174242,003104,0,1785,306
174242,103704,0,1869,321
174243,041104,0,1785,306
174243,041704,0,1869,321
174244,003104,0,1785,306
174244,103704,0,1869,321
174245,041104,0,1785,306
174245,041704,0,1869,321
174246,003104,0,1785,306
174246,103704,0,1869,321
174247,146104,0,1738,296
174247,046704,0,1822,311
174250,041104,0,1806,310
174250,041704,0,1890,325
174251,146104,0,1806,310
174251,046704,0,1890,325
174252,003104,0,1806,310
174252,103704,0,1890,325
174253,004104,0,1806,310
174253,104704,0,1890,325
174254,041104,0,1806,310
174254,041704,0,1890,325
174255,146104,0,1806,310
174255,046704,0,1890,325
174256,003104,0,1806,310
174256,103704,0,1890,325
174257,041104,0,1856,317
174257,041704,0,1858,318
174260,003104,0,1756,297
174260,103704,0,1840,312
174261,004104,0,1756,297
174261,104704,0,1840,312
174262,041104,0,1756,297
174262,041704,0,1840,312
174263,146104,0,1756,297
174263,046704,0,1840,312
174264,003104,0,1756,297
174264,103704,0,1840,312
174265,004104,0,1756,297
174265,104704,0,1840,312
174266,041104,0,1756,297
174266,041704,0,1840,312
174267,003104,0,1756,297
174267,103704,0,1840,312
174270,004104,0,1762,300
174270,104704,0,1846,315
174271,004104,0,1762,300
174271,104704,0,1846,315
174272,004104,0,1762,300
174272,104704,0,1846,315
174273,004104,0,1762,300
174273,104704,0,1846,315
174274,004104,0,1762,300
174274,104704,0,1846,315
174275,004104,0,1762,300
174275,104704,0,1846,315
174276,004104,0,1762,300
174276,104704,0,1846,315
174277,041104,0,1762,300
174277,041704,0,1846,315
174300,041104,0,1661,271
174300,041704,0,1704,278
174301,003104,0,1661,271
174301,103704,0,1704,278
174302,041104,0,1661,271
174302,041704,0,1704,278
174303,003104,0,1661,271
174303,103704,0,1704,278
174304,041104,0,1661,271
174304,041704,0,1704,278
174305,003104,0,1661,271
174305,103704,0,1704,278
174306,041104,0,1612,266
174306,041704,0,1614,267
174307,041104,0,1612,266
174307,041704,0,1614,267
174310,041104,0,1676,283
174310,041704,0,1760,298
174311,003104,0,1676,283
174311,103704,0,1760,298
174312,041104,0,1676,283
174312,041704,0,1760,298
174313,003104,0,1676,283
174313,103704,0,1760,298
174314,041104,0,1676,283
174314,041704,0,1760,298
174315,003104,0,1676,283
174315,103704,0,1760,298
174316,041104,0,1676,283
174316,041704,0,1760,298
174317,004104,0,1676,283
174317,104704,0,1760,298
174320,003104,0,1785,306
174320,103704,0,1869,321
174321,041104,0,1785,306
174321,041704,0,1869,321
174322,003104,0,1785,306
174322,103704,0,1869,321
174323,041104,0,1785,306
174323,041704,0,1869,321
174324,003104,0,1785,306
174324,103704,0,1869,321
174325,041104,0,1785,306
174325,041704,0,1869,321
174326,003104,0,1785,306
174326,103704,0,1869,321
174327,146104,0,1714,291
174327,046704,0,1716,292
174330,003104,0,1806,310
174330,103704,0,1890,325
174331,004104,0,1806,310
174331,104704,0,1890,325
174332,041104,0,1806,310
174332,041704,0,1890,325
174333,146104,0,1806,310
174333,046704,0,1890,325
174334,003104,0,1806,310
174334,103704,0,1890,325
174335,004104,0,1806,310
174335,104704,0,1890,325
174336,041104,0,1806,310
174336,041704,0,1890,325
174337,003104,0,1759,300
174337,103704,0,1843,315
174340,041104,0,1785,306
174340,041704,0,1869,321
174341,003104,0,1785,306
174341,103704,0,1869,321
174342,041104,0,1785,306
174342,041704,0,1869,321
174343,003104,0,1785,306
174343,103704,0,1869,321
174344,041104,0,1785,306
174344,041704,0,1869,321
174345,003104,0,1785,306
174345,103704,0,1869,321
174346,041104,0,1785,306
174346,041704,0,1869,321
174347,004104,0,1738,296
174347,104704,0,1822,311
174350,003104,0,1806,310
174350,103704,0,1890,325
174351,004104,0,1806,310
174351,104704,0,1890,325
174352,041104,0,1806,310
174352,041704,0,1890,325
174353,146104,0,1806,310
174353,046704,0,1890,325
174354,003104,0,1806,310
174354,103704,0,1890,325
174355,004104,0,1806,310
174355,104704,0,1890,325
174356,041104,0,1806,310
174356,041704,0,1890,325
174357,003104,0,1856,317
174357,103704,0,1858,318
174360,041104,0,1756,297
174360,041704,0,1840,312
174361,146104,0,1756,297
174361,046704,0,1840,312
174362,003104,0,1756,297
174362,103704,0,1840,312
174363,004104,0,1756,297
174363,104704,0,1840,312
174364,041104,0,1756,297
174364,041704,0,1840,312
174365,146104,0,1756,297
174365,046704,0,1840,312
174366,003104,0,1756,297
174366,103704,0,1840,312
174367,041104,0,1756,297
174367,041704,0,1840,312
174370,146104,0,1762,300
174370,046704,0,1846,315
174371,146104,0,1762,300
174371,046704,0,1846,315
174372,146104,0,1762,300
174372,046704,0,1846,315
174373,146104,0,1762,300
174373,046704,0,1846,315
174374,146104,0,1762,300
174374,046704,0,1846,315
174375,146104,0,1762,300
174375,046704,0,1846,315
174376,146104,0,1762,300
174376,046704,0,1846,315
174377,003104,0,1762,300
174377,103704,0,1846,315
173400,003104,0,2292,399
173400,103704,0,2438,426
173401,041104,0,2157,372
173401,041704,0,2127,368
173402,003104,0,2157,372
173402,103704,0,2127,368
173403,041104,0,2157,372
173403,041704,0,2127,368
173404,003104,0,2157,372
173404,103704,0,2127,368
173405,041104,0,2157,372
173405,041704,0,2127,368
173406,003104,0,1752,296
173406,103704,0,1754,297
173407,003104,0,1752,296
173407,103704,0,1754,297
173410,003104,0,2069,361
173410,103704,0,2039,359
173411,041104,0,2069,361
173411,041704,0,2039,359
173412,003104,0,2069,361
173412,103704,0,2039,359
173413,041104,0,2069,361
173413,041704,0,2039,359
173414,003104,0,2069,361
173414,103704,0,2039,359
173415,041104,0,2069,361
173415,041704,0,2039,359
173416,003104,0,2069,361
173416,103704,0,2039,359
173417,146104,0,1987,348
173417,046704,0,2121,372
173420,041104,0,2178,384
173420,041704,0,2148,382
173421,003104,0,2178,384
173421,103704,0,2148,382
173422,041104,0,2178,384
173422,041704,0,2148,382
173423,003104,0,2178,384
173423,103704,0,2148,382
173424,041104,0,2178,384
173424,041704,0,2148,382
173425,003104,0,2178,384
173425,103704,0,2148,382
173426,041104,0,2178,384
173426,041704,0,2148,382
173427,004104,0,2041,358
173427,104704,0,2125,372
173430,041104,0,2199,388
173430,041704,0,2169,386
173431,146104,0,2117,375
173431,046704,0,2251,399
173432,003104,0,2199,388
173432,103704,0,2169,386
173433,004104,0,2117,375
173433,104704,0,2251,399
173434,041104,0,2199,388
173434,041704,0,2169,386
173435,146104,0,2117,375
173435,046704,0,2251,399
173436,003104,0,2199,388
173436,103704,0,2169,386
173437,041104,0,2152,378
173437,041704,0,2122,376
173440,003104,0,2178,384
173440,103704,0,2148,382
173441,041104,0,2178,384
173441,041704,0,2148,382
173442,003104,0,2178,384
173442,103704,0,2148,382
173443,041104,0,2178,384
173443,041704,0,2148,382
173444,003104,0,2178,384
173444,103704,0,2148,382
173445,041104,0,2178,384
173445,041704,0,2148,382
173446,003104,0,2178,384
173446,103704,0,2148,382
173447,146104,0,2049,361
173447,046704,0,2183,385
173450,041104,0,2199,388
173450,041704,0,2169,386
173451,146104,0,2117,375
173451,046704,0,2251,399
173452,003104,0,2199,388
173452,103704,0,2169,386
173453,004104,0,2117,375
173453,104704,0,2251,399
173454,041104,0,2199,388
173454,041704,0,2169,386
173455,146104,0,2117,375
173455,046704,0,2251,399
173456,003104,0,2199,388
173456,103704,0,2169,386
173457,041104,0,1843,321
173457,041704,0,1845,322
173460,003104,0,2149,375
173460,103704,0,2119,373
173461,004104,0,2067,362
173461,104704,0,2201,386
173462,041104,0,2149,375
173462,041704,0,2119,373
173463,146104,0,2067,362
173463,046704,0,2201,386
173464,003104,0,2149,375
173464,103704,0,2119,373
173465,004104,0,2067,362
173465,104704,0,2201,386
173466,041104,0,2149,375
173466,041704,0,2119,373
173467,003104,0,2149,375
173467,103704,0,2119,373
173470,004104,0,2073,365
173470,104704,0,2207,389
173471,004104,0,2073,365
173471,104704,0,2207,389
173472,004104,0,2073,365
173472,104704,0,2207,389
173473,004104,0,2073,365
173473,104704,0,2207,389
173474,004104,0,2073,365
173474,104704,0,2207,389
173475,004104,0,2073,365
173475,104704,0,2207,389
173476,004104,0,2073,365
173476,104704,0,2207,389
173477,041104,0,2155,378
173477,041704,0,2125,376
173500,041104,0,2157,372
173500,041704,0,2209,381
173501,003104,0,2292,399
173501,103704,0,2438,426
173502,041104,0,2157,372
173502,041704,0,2209,381
173503,003104,0,2075,359
173503,103704,0,2209,381
173504,041104,0,2157,372
173504,041704,0,2209,381
173505,003104,0,2075,359
173505,103704,0,2209,381
173506,041104,0,1568,260
173506,041704,0,1570,261
173507,041104,0,1568,260
173507,041704,0,1570,261
173510,041104,0,2069,361
173510,041704,0,2121,372
173511,003104,0,1987,348
173511,103704,0,2121,372
173512,041104,0,2069,361
173512,041704,0,2121,372
173513,003104,0,1987,348
173513,103704,0,2121,372
173514,041104,0,2069,361
173514,041704,0,2121,372
173515,003104,0,1987,348
173515,103704,0,2121,372
173516,041104,0,2069,361
173516,041704,0,2121,372
173517,004104,0,2069,361
173517,104704,0,2039,359
173520,003104,0,2096,371
173520,103704,0,2230,395
173521,041104,0,2178,384
173521,041704,0,2230,395
173522,003104,0,2096,371
173522,103704,0,2230,395
173523,041104,0,2178,384
173523,041704,0,2230,395
173524,003104,0,2096,371
173524,103704,0,2230,395
173525,041104,0,2178,384
173525,041704,0,2230,395
173526,003104,0,2096,371
173526,103704,0,2230,395
173527,146104,0,2041,358
173527,046704,0,2125,372
173530,003104,0,2117,375
173530,103704,0,2251,399
173531,004104,0,2199,388
173531,104704,0,2169,386
173532,041104,0,2199,388
173532,041704,0,2251,399
173533,146104,0,2117,375
173533,046704,0,2251,399
173534,003104,0,2117,375
173534,103704,0,2251,399
173535,004104,0,2199,388
173535,104704,0,2169,386
173536,041104,0,2199,388
173536,041704,0,2251,399
173537,003104,0,2070,365
173537,103704,0,2204,389
173540,041104,0,2178,384
173540,041704,0,2230,395
173541,003104,0,2096,371
173541,103704,0,2230,395
173542,041104,0,2178,384
173542,041704,0,2230,395
173543,003104,0,2096,371
173543,103704,0,2230,395
173544,041104,0,2178,384
173544,041704,0,2230,395
173545,003104,0,2096,371
173545,103704,0,2230,395
173546,041104,0,2178,384
173546,041704,0,2230,395
173547,004104,0,2131,374
173547,104704,0,2101,372
173550,003104,0,2117,375
173550,103704,0,2251,399
173551,004104,0,2199,388
173551,104704,0,2169,386
173552,041104,0,2199,388
173552,041704,0,2251,399
173553,146104,0,2117,375
173553,046704,0,2251,399
173554,003104,0,2117,375
173554,103704,0,2251,399
173555,004104,0,2199,388
173555,104704,0,2169,386
173556,041104,0,2199,388
173556,041704,0,2251,399
173557,003104,0,1843,321
173557,103704,0,1845,322
173560,041104,0,2149,375
173560,041704,0,2201,386
173561,146104,0,2067,362
173561,046704,0,2201,386
173562,003104,0,2067,362
173562,103704,0,2201,386
173563,004104,0,2149,375
173563,104704,0,2119,373
173564,041104,0,2149,375
173564,041704,0,2201,386
173565,146104,0,2067,362
173565,046704,0,2201,386
173566,003104,0,2067,362
173566,103704,0,2201,386
173567,041104,0,2149,375
173567,041704,0,2201,386
173570,146104,0,2073,365
173570,046704,0,2207,389
173571,146104,0,2073,365
173571,046704,0,2207,389
173572,146104,0,2073,365
173572,046704,0,2207,389
173573,146104,0,2073,365
173573,046704,0,2207,389
173574,146104,0,2073,365
173574,046704,0,2207,389
173575,146104,0,2073,365
173575,046704,0,2207,389
173576,146104,0,2073,365
173576,046704,0,2207,389
173577,003104,0,2073,365
173577,103704,0,2207,389
173600,003104,0,2157,372
173600,103704,0,2127,368
173601,041104,0,2075,359
173601,041704,0,2127,368
173602,003104,0,2292,399
173602,103704,0,2438,426
173603,041104,0,2075,359
173603,041704,0,2127,368
173604,003104,0,2157,372
173604,103704,0,2127,368
173605,041104,0,2075,359
173605,041704,0,2127,368
173606,003104,0,1752,296
173606,103704,0,1754,297
173607,003104,0,1752,296
173607,103704,0,1754,297
173610,003104,0,2069,361
173610,103704,0,2039,359
173611,041104,0,1987,348
173611,041704,0,2039,359
173612,003104,0,2069,361
173612,103704,0,2039,359
173613,041104,0,1987,348
173613,041704,0,2039,359
173614,003104,0,2069,361
173614,103704,0,2039,359
173615,041104,0,1987,348
173615,041704,0,2039,359
173616,003104,0,2069,361
173616,103704,0,2039,359
173617,146104,0,2069,361
173617,046704,0,2121,372
173620,041104,0,2096,371
173620,041704,0,2148,382
173621,003104,0,2178,384
173621,103704,0,2148,382
173622,041104,0,2096,371
173622,041704,0,2148,382
173623,003104,0,2178,384
173623,103704,0,2148,382
173624,041104,0,2096,371
173624,041704,0,2148,382
173625,003104,0,2178,384
173625,103704,0,2148,382
173626,041104,0,2096,371
173626,041704,0,2148,382
173627,004104,0,2041,358
173627,104704,0,2043,359
173630,041104,0,2117,375
173630,041704,0,2169,386
173631,146104,0,2199,388
173631,046704,0,2251,399
173632,003104,0,2199,388
173632,103704,0,2169,386
173633,004104,0,2117,375
173633,104704,0,2169,386
173634,041104,0,2117,375
173634,041704,0,2169,386
173635,146104,0,2199,388
173635,046704,0,2251,399
173636,003104,0,2199,388
173636,103704,0,2169,386
173637,041104,0,2070,365
173637,041704,0,2122,376
173640,003104,0,2178,384
173640,103704,0,2148,382
173641,041104,0,2096,371
173641,041704,0,2148,382
173642,003104,0,2178,384
173642,103704,0,2148,382
173643,041104,0,2096,371
173643,041704,0,2148,382
173644,003104,0,2178,384
173644,103704,0,2148,382
173645,041104,0,2096,371
173645,041704,0,2148,382
173646,003104,0,2178,384
173646,103704,0,2148,382
173647,146104,0,2131,374
173647,046704,0,2183,385
173650,041104,0,2117,375
173650,041704,0,2169,386
173651,146104,0,2199,388
173651,046704,0,2251,399
173652,003104,0,2199,388
173652,103704,0,2169,386
173653,004104,0,2117,375
173653,104704,0,2169,386
173654,041104,0,2117,375
173654,041704,0,2169,386
173655,146104,0,2199,388
173655,046704,0,2251,399
173656,003104,0,2199,388
173656,103704,0,2169,386
173657,041104,0,1843,321
173657,041704,0,1845,322
173660,003104,0,2149,375
173660,103704,0,2119,373
173661,004104,0,2067,362
173661,104704,0,2119,373
173662,041104,0,2067,362
173662,041704,0,2119,373
173663,146104,0,2149,375
173663,046704,0,2201,386
173664,003104,0,2149,375
173664,103704,0,2119,373
173665,004104,0,2067,362
173665,104704,0,2119,373
173666,041104,0,2067,362
173666,041704,0,2119,373
173667,003104,0,2149,375
173667,103704,0,2119,373
173670,004104,0,2073,365
173670,104704,0,2125,376
173671,004104,0,2073,365
173671,104704,0,2125,376
173672,004104,0,2073,365
173672,104704,0,2125,376
173673,004104,0,2073,365
173673,104704,0,2125,376
173674,004104,0,2073,365
173674,104704,0,2125,376
173675,004104,0,2073,365
173675,104704,0,2125,376
173676,004104,0,2073,365
173676,104704,0,2125,376
173677,041104,0,2073,365
173677,041704,0,2125,376
173700,041104,0,2075,359
173700,041704,0,2209,381
173701,003104,0,2075,359
173701,103704,0,2127,368
173702,041104,0,2075,359
173702,041704,0,2209,381
173703,003104,0,2292,399
173703,103704,0,2438,426
173704,041104,0,2075,359
173704,041704,0,2209,381
173705,003104,0,2075,359
173705,103704,0,2127,368
173706,041104,0,1568,260
173706,041704,0,1570,261
173707,041104,0,1568,260
173707,041704,0,1570,261
173710,041104,0,1987,348
173710,041704,0,2121,372
173711,003104,0,1987,348
173711,103704,0,2039,359
173712,041104,0,1987,348
173712,041704,0,2121,372
173713,003104,0,1987,348
173713,103704,0,2039,359
173714,041104,0,1987,348
173714,041704,0,2121,372
173715,003104,0,1987,348
173715,103704,0,2039,359
173716,041104,0,1987,348
173716,041704,0,2121,372
173717,004104,0,1987,348
173717,104704,0,2039,359
173720,003104,0,2096,371
173720,103704,0,2148,382
173721,041104,0,2096,371
173721,041704,0,2230,395
173722,003104,0,2096,371
173722,103704,0,2148,382
173723,041104,0,2096,371
173723,041704,0,2230,395
173724,003104,0,2096,371
173724,103704,0,2148,382
173725,041104,0,2096,371
173725,041704,0,2230,395
173726,003104,0,2096,371
173726,103704,0,2148,382
173727,146104,0,2123,371
173727,046704,0,2125,372
173730,003104,0,2117,375
173730,103704,0,2169,386
173731,004104,0,2117,375
173731,104704,0,2169,386
173732,041104,0,2117,375
173732,041704,0,2251,399
173733,146104,0,2199,388
173733,046704,0,2251,399
173734,003104,0,2117,375
173734,103704,0,2169,386
173735,004104,0,2117,375
173735,104704,0,2169,386
173736,041104,0,2117,375
173736,041704,0,2251,399
173737,003104,0,2070,365
173737,103704,0,2122,376
173740,041104,0,2096,371
173740,041704,0,2230,395
173741,003104,0,2096,371
173741,103704,0,2148,382
173742,041104,0,2096,371
173742,041704,0,2230,395
173743,003104,0,2096,371
173743,103704,0,2148,382
173744,041104,0,2096,371
173744,041704,0,2230,395
173745,003104,0,2096,371
173745,103704,0,2148,382
173746,041104,0,2096,371
173746,041704,0,2230,395
173747,004104,0,2049,361
173747,104704,0,2101,372
173750,003104,0,2117,375
173750,103704,0,2169,386
173751,004104,0,2117,375
173751,104704,0,2169,386
173752,041104,0,2117,375
173752,041704,0,2251,399
173753,146104,0,2199,388
173753,046704,0,2251,399
173754,003104,0,2117,375
173754,103704,0,2169,386
173755,004104,0,2117,375
173755,104704,0,2169,386
173756,041104,0,2117,375
173756,041704,0,2251,399
173757,003104,0,1843,321
173757,103704,0,1845,322
173760,041104,0,2067,362
173760,041704,0,2201,386
173761,146104,0,2149,375
173761,046704,0,2201,386
173762,003104,0,2067,362
173762,103704,0,2119,373
173763,004104,0,2067,362
173763,104704,0,2119,373
173764,041104,0,2067,362
173764,041704,0,2201,386
173765,146104,0,2149,375
173765,046704,0,2201,386
173766,003104,0,2067,362
173766,103704,0,2119,373
173767,041104,0,2067,362
173767,041704,0,2201,386
173770,146104,0,2155,378
173770,046704,0,2207,389
173771,146104,0,2155,378
173771,046704,0,2207,389
173772,146104,0,2155,378
173772,046704,0,2207,389
173773,146104,0,2155,378
173773,046704,0,2207,389
173774,146104,0,2155,378
173774,046704,0,2207,389
173775,146104,0,2155,378
173775,046704,0,2207,389
173776,146104,0,2155,378
173776,046704,0,2207,389
173777,003104,0,2073,365
173777,103704,0,2125,376
172000,000104,0,3269,570
172000,100704,0,3455,601
172001,040104,0,4180,831
172001,040704,0,4392,867
172002,000104,0,4180,831
172002,100704,0,4392,867
172003,040104,0,4180,831
172003,040704,0,4392,867
172004,000104,0,4180,831
172004,100704,0,4392,867
172005,040104,0,4180,831
172005,040704,0,4392,867
172006,000104,0,1818,305
172006,100704,0,1820,306
172007,000104,0,1818,305
172007,100704,0,1820,306
172010,000104,0,4092,820
172010,100704,0,4304,858
172011,040104,0,4092,820
172011,040704,0,4304,858
172012,000104,0,4092,820
172012,100704,0,4304,858
172013,040104,0,4092,820
172013,040704,0,4304,858
172014,000104,0,4092,820
172014,100704,0,4304,858
172015,040104,0,4092,820
172015,040704,0,4304,858
172016,000104,0,4092,820
172016,100704,0,4304,858
172017,144104,0,4118,825
172017,044704,0,4278,853
172020,040104,0,4201,843
172020,040704,0,4413,881
172021,000104,0,4201,843
172021,100704,0,4413,881
172022,040104,0,4201,843
172022,040704,0,4413,881
172023,000104,0,4201,843
172023,100704,0,4413,881
172024,040104,0,4201,843
172024,040704,0,4413,881
172025,000104,0,4201,843
172025,100704,0,4413,881
172026,040104,0,4201,843
172026,040704,0,4413,881
172027,004104,0,4172,835
172027,104704,0,4282,853
172030,040104,0,4222,847
172030,040704,0,4434,885
172031,144104,0,4248,852
172031,044704,0,4408,880
172032,000104,0,4222,847
172032,100704,0,4434,885
172033,004104,0,4248,852
172033,104704,0,4408,880
172034,040104,0,4222,847
172034,040704,0,4434,885
172035,144104,0,4248,852
172035,044704,0,4408,880
172036,000104,0,4222,847
172036,100704,0,4434,885
172037,040104,0,4175,837
172037,040704,0,4387,875
172040,000104,0,4201,843
172040,100704,0,4413,881
172041,040104,0,4201,843
172041,040704,0,4413,881
172042,000104,0,4201,843
172042,100704,0,4413,881
172043,040104,0,4201,843
172043,040704,0,4413,881
172044,000104,0,4201,843
172044,100704,0,4413,881
172045,040104,0,4201,843
172045,040704,0,4413,881
172046,000104,0,4201,843
172046,100704,0,4413,881
172047,144104,0,4180,838
172047,044704,0,4340,866
172050,040104,0,4222,847
172050,040704,0,4434,885
172051,144104,0,4248,852
172051,044704,0,4408,880
172052,000104,0,4222,847
172052,100704,0,4434,885
172053,004104,0,4248,852
172053,104704,0,4408,880
172054,040104,0,4222,847
172054,040704,0,4434,885
172055,144104,0,4248,852
172055,044704,0,4408,880
172056,000104,0,4222,847
172056,100704,0,4434,885
172057,040104,0,1909,330
172057,040704,0,1911,331
172060,000104,0,4172,834
172060,100704,0,4384,872
172061,004104,0,4198,839
172061,104704,0,4358,867
172062,040104,0,4172,834
172062,040704,0,4384,872
172063,144104,0,4198,839
172063,044704,0,4358,867
172064,000104,0,4172,834
172064,100704,0,4384,872
172065,004104,0,4198,839
172065,104704,0,4358,867
172066,040104,0,4172,834
172066,040704,0,4384,872
172067,000104,0,4172,834
172067,100704,0,4384,872
172070,004104,0,4204,842
172070,104704,0,4364,870
172071,004104,0,4204,842
172071,104704,0,4364,870
172072,004104,0,4204,842
172072,104704,0,4364,870
172073,004104,0,4204,842
172073,104704,0,4364,870
172074,004104,0,4204,842
172074,104704,0,4364,870
172075,004104,0,4204,842
172075,104704,0,4364,870
172076,004104,0,4204,842
172076,104704,0,4364,870
172077,040104,0,4178,837
172077,040704,0,4390,875
172100,040104,0,4180,831
172100,040704,0,4366,862
172101,000104,0,3269,570
172101,100704,0,3455,601
172102,040104,0,4180,831
172102,040704,0,4366,862
172103,000104,0,4206,836
172103,100704,0,4366,862
172104,040104,0,4180,831
172104,040704,0,4366,862
172105,000104,0,4206,836
172105,100704,0,4366,862
172106,040104,0,1634,269
172106,040704,0,1636,270
172107,040104,0,1634,269
172107,040704,0,1636,270
172110,040104,0,4092,820
172110,040704,0,4278,853
172111,000104,0,4118,825
172111,100704,0,4278,853
172112,040104,0,4092,820
172112,040704,0,4278,853
172113,000104,0,4118,825
172113,100704,0,4278,853
172114,040104,0,4092,820
172114,040704,0,4278,853
172115,000104,0,4118,825
172115,100704,0,4278,853
172116,040104,0,4092,820
172116,040704,0,4278,853
172117,004104,0,4092,820
172117,104704,0,4304,858
172120,000104,0,4227,848
172120,100704,0,4387,876
172121,040104,0,4201,843
172121,040704,0,4387,876
172122,000104,0,4227,848
172122,100704,0,4387,876
172123,040104,0,4201,843
172123,040704,0,4387,876
172124,000104,0,4227,848
172124,100704,0,4387,876
172125,040104,0,4201,843
172125,040704,0,4387,876
172126,000104,0,4227,848
172126,100704,0,4387,876
172127,144104,0,4172,835
172127,044704,0,4282,853
172130,000104,0,4248,852
172130,100704,0,4408,880
172131,004104,0,4222,847
172131,104704,0,4434,885
172132,040104,0,4222,847
172132,040704,0,4408,880
172133,144104,0,4248,852
172133,044704,0,4408,880
172134,000104,0,4248,852
172134,100704,0,4408,880
172135,004104,0,4222,847
172135,104704,0,4434,885
172136,040104,0,4222,847
172136,040704,0,4408,880
172137,000104,0,4201,842
172137,100704,0,4361,870
172140,040104,0,4201,843
172140,040704,0,4387,876
172141,000104,0,4227,848
172141,100704,0,4387,876
172142,040104,0,4201,843
172142,040704,0,4387,876
172143,000104,0,4227,848
172143,100704,0,4387,876
172144,040104,0,4201,843
172144,040704,0,4387,876
172145,000104,0,4227,848
172145,100704,0,4387,876
172146,040104,0,4201,843
172146,040704,0,4387,876
172147,004104,0,4154,833
172147,104704,0,4366,871
172150,000104,0,4248,852
172150,100704,0,4408,880
172151,004104,0,4222,847
172151,104704,0,4434,885
172152,040104,0,4222,847
172152,040704,0,4408,880
172153,144104,0,4248,852
172153,044704,0,4408,880
172154,000104,0,4248,852
172154,100704,0,4408,880
172155,004104,0,4222,847
172155,104704,0,4434,885
172156,040104,0,4222,847
172156,040704,0,4408,880
172157,000104,0,1909,330
172157,100704,0,1911,331
172160,040104,0,4172,834
172160,040704,0,4358,867
172161,144104,0,4198,839
172161,044704,0,4358,867
172162,000104,0,4198,839
172162,100704,0,4358,867
172163,004104,0,4172,834
172163,104704,0,4384,872
172164,040104,0,4172,834
172164,040704,0,4358,867
172165,144104,0,4198,839
172165,044704,0,4358,867
172166,000104,0,4198,839
172166,100704,0,4358,867
172167,040104,0,4172,834
172167,040704,0,4358,867
172170,144104,0,4204,842
172170,044704,0,4364,870
172171,144104,0,4204,842
172171,044704,0,4364,870
172172,144104,0,4204,842
172172,044704,0,4364,870
172173,144104,0,4204,842
172173,044704,0,4364,870
172174,144104,0,4204,842
172174,044704,0,4364,870
172175,144104,0,4204,842
172175,044704,0,4364,870
172176,144104,0,4204,842
172176,044704,0,4364,870
172177,000104,0,4204,842
172177,100704,0,4364,870
172200,000104,0,4180,831
172200,100704,0,4392,867
172201,040104,0,4206,836
172201,040704,0,4392,867
172202,000104,0,3269,570
172202,100704,0,3455,601
172203,040104,0,4206,836
172203,040704,0,4392,867
172204,000104,0,4180,831
172204,100704,0,4392,867
172205,040104,0,4206,836
172205,040704,0,4392,867
172206,000104,0,1818,305
172206,100704,0,1820,306
172207,000104,0,1818,305
172207,100704,0,1820,306
172210,000104,0,4092,820
172210,100704,0,4304,858
172211,040104,0,4118,825
172211,040704,0,4304,858
172212,000104,0,4092,820
172212,100704,0,4304,858
172213,040104,0,4118,825
172213,040704,0,4304,858
172214,000104,0,4092,820
172214,100704,0,4304,858
172215,040104,0,4118,825
172215,040704,0,4304,858
172216,000104,0,4092,820
172216,100704,0,4304,858
172217,144104,0,4092,820
172217,044704,0,4278,853
172220,040104,0,4227,848
172220,040704,0,4413,881
172221,000104,0,4201,843
172221,100704,0,4413,881
172222,040104,0,4227,848
172222,040704,0,4413,881
172223,000104,0,4201,843
172223,100704,0,4413,881
172224,040104,0,4227,848
172224,040704,0,4413,881
172225,000104,0,4201,843
172225,100704,0,4413,881
172226,040104,0,4227,848
172226,040704,0,4413,881
172227,004104,0,4172,835
172227,104704,0,4308,858
172230,040104,0,4248,852
172230,040704,0,4434,885
172231,144104,0,4222,847
172231,044704,0,4408,880
172232,000104,0,4222,847
172232,100704,0,4434,885
172233,004104,0,4248,852
172233,104704,0,4434,885
172234,040104,0,4248,852
172234,040704,0,4434,885
172235,144104,0,4222,847
172235,044704,0,4408,880
172236,000104,0,4222,847
172236,100704,0,4434,885
172237,040104,0,4201,842
172237,040704,0,4387,875
172240,000104,0,4201,843
172240,100704,0,4413,881
172241,040104,0,4227,848
172241,040704,0,4413,881
172242,000104,0,4201,843
172242,100704,0,4413,881
172243,040104,0,4227,848
172243,040704,0,4413,881
172244,000104,0,4201,843
172244,100704,0,4413,881
172245,040104,0,4227,848
172245,040704,0,4413,881
172246,000104,0,4201,843
172246,100704,0,4413,881
172247,144104,0,4154,833
172247,044704,0,4340,866
172250,040104,0,4248,852
172250,040704,0,4434,885
172251,144104,0,4222,847
172251,044704,0,4408,880
172252,000104,0,4222,847
172252,100704,0,4434,885
172253,004104,0,4248,852
172253,104704,0,4434,885
172254,040104,0,4248,852
172254,040704,0,4434,885
172255,144104,0,4222,847
172255,044704,0,4408,880
172256,000104,0,4222,847
172256,100704,0,4434,885
172257,040104,0,1909,330
172257,040704,0,1911,331
172260,000104,0,4172,834
172260,100704,0,4384,872
172261,004104,0,4198,839
172261,104704,0,4384,872
172262,040104,0,4198,839
172262,040704,0,4384,872
172263,144104,0,4172,834
172263,044704,0,4358,867
172264,000104,0,4172,834
172264,100704,0,4384,872
172265,004104,0,4198,839
172265,104704,0,4384,872
172266,040104,0,4198,839
172266,040704,0,4384,872
172267,000104,0,4172,834
172267,100704,0,4384,872
172270,004104,0,4204,842
172270,104704,0,4390,875
172271,004104,0,4204,842
172271,104704,0,4390,875
172272,004104,0,4204,842
172272,104704,0,4390,875
172273,004104,0,4204,842
172273,104704,0,4390,875
172274,004104,0,4204,842
172274,104704,0,4390,875
172275,004104,0,4204,842
172275,104704,0,4390,875
172276,004104,0,4204,842
172276,104704,0,4390,875
172277,040104,0,4204,842
172277,040704,0,4390,875
172300,040104,0,4206,836
172300,040704,0,4366,862
172301,000104,0,4206,836
172301,100704,0,4392,867
172302,040104,0,4206,836
172302,040704,0,4366,862
172303,000104,0,3269,570
172303,100704,0,3455,601
172304,040104,0,4206,836
172304,040704,0,4366,862
172305,000104,0,4206,836
172305,100704,0,4392,867
172306,040104,0,1634,269
172306,040704,0,1636,270
172307,040104,0,1634,269
172307,040704,0,1636,270
172310,040104,0,4118,825
172310,040704,0,4278,853
172311,000104,0,4118,825
172311,100704,0,4304,858
172312,040104,0,4118,825
172312,040704,0,4278,853
172313,000104,0,4118,825
172313,100704,0,4304,858
172314,040104,0,4118,825
172314,040704,0,4278,853
172315,000104,0,4118,825
172315,100704,0,4304,858
172316,040104,0,4118,825
172316,040704,0,4278,853
172317,004104,0,4118,825
172317,104704,0,4304,858
172320,000104,0,4227,848
172320,100704,0,4413,881
172321,040104,0,4227,848
172321,040704,0,4387,876
172322,000104,0,4227,848
172322,100704,0,4413,881
172323,040104,0,4227,848
172323,040704,0,4387,876
172324,000104,0,4227,848
172324,100704,0,4413,881
172325,040104,0,4227,848
172325,040704,0,4387,876
172326,000104,0,4227,848
172326,100704,0,4413,881
172327,144104,0,4146,830
172327,044704,0,4282,853
172330,000104,0,4248,852
172330,100704,0,4434,885
172331,004104,0,4248,852
172331,104704,0,4434,885
172332,040104,0,4248,852
172332,040704,0,4408,880
172333,144104,0,4222,847
172333,044704,0,4408,880
172334,000104,0,4248,852
172334,100704,0,4434,885
172335,004104,0,4248,852
172335,104704,0,4434,885
172336,040104,0,4248,852
172336,040704,0,4408,880
172337,000104,0,4201,842
172337,100704,0,4387,875
172340,040104,0,4227,848
172340,040704,0,4387,876
172341,000104,0,4227,848
172341,100704,0,4413,881
172342,040104,0,4227,848
172342,040704,0,4387,876
172343,000104,0,4227,848
172343,100704,0,4413,881
172344,040104,0,4227,848
172344,040704,0,4387,876
172345,000104,0,4227,848
172345,100704,0,4413,881
172346,040104,0,4227,848
172346,040704,0,4387,876
172347,004104,0,4180,838
172347,104704,0,4366,871
172350,000104,0,4248,852
172350,100704,0,4434,885
172351,004104,0,4248,852
172351,104704,0,4434,885
172352,040104,0,4248,852
172352,040704,0,4408,880
172353,144104,0,4222,847
172353,044704,0,4408,880
172354,000104,0,4248,852
172354,100704,0,4434,885
172355,004104,0,4248,852
172355,104704,0,4434,885
172356,040104,0,4248,852
172356,040704,0,4408,880
172357,000104,0,1909,330
172357,100704,0,1911,331
172360,040104,0,4198,839
172360,040704,0,4358,867
172361,144104,0,4172,834
172361,044704,0,4358,867
172362,000104,0,4198,839
172362,100704,0,4384,872
172363,004104,0,4198,839
172363,104704,0,4384,872
172364,040104,0,4198,839
172364,040704,0,4358,867
172365,144104,0,4172,834
172365,044704,0,4358,867
172366,000104,0,4198,839
172366,100704,0,4384,872
172367,040104,0,4198,839
172367,040704,0,4358,867
172370,144104,0,4178,837
172370,044704,0,4364,870
172371,144104,0,4178,837
172371,044704,0,4364,870
172372,144104,0,4178,837
172372,044704,0,4364,870
172373,144104,0,4178,837
172373,044704,0,4364,870
172374,144104,0,4178,837
172374,044704,0,4364,870
172375,144104,0,4178,837
172375,044704,0,4364,870
172376,144104,0,4178,837
172376,044704,0,4364,870
172377,000104,0,4204,842
172377,100704,0,4390,875
173000,000104,0,3327,580
173000,100704,0,3513,611
173001,040104,0,4238,841
173001,040704,0,4450,877
173002,000104,0,4238,841
173002,100704,0,4450,877
173003,040104,0,4238,841
173003,040704,0,4450,877
173004,000104,0,4238,841
173004,100704,0,4450,877
173005,040104,0,4238,841
173005,040704,0,4450,877
173006,000104,0,1840,308
173006,100704,0,1842,309
173007,000104,0,1840,308
173007,100704,0,1842,309
173010,000104,0,4150,830
173010,100704,0,4362,868
173011,040104,0,4150,830
173011,040704,0,4362,868
173012,000104,0,4150,830
173012,100704,0,4362,868
173013,040104,0,4150,830
173013,040704,0,4362,868
173014,000104,0,4150,830
173014,100704,0,4362,868
173015,040104,0,4150,830
173015,040704,0,4362,868
173016,000104,0,4150,830
173016,100704,0,4362,868
173017,144104,0,4176,835
173017,044704,0,4336,863
173020,040104,0,4259,853
173020,040704,0,4471,891
173021,000104,0,4259,853
173021,100704,0,4471,891
173022,040104,0,4259,853
173022,040704,0,4471,891
173023,000104,0,4259,853
173023,100704,0,4471,891
173024,040104,0,4259,853
173024,040704,0,4471,891
173025,000104,0,4259,853
173025,100704,0,4471,891
173026,040104,0,4259,853
173026,040704,0,4471,891
173027,004104,0,4230,845
173027,104704,0,4340,863
173030,040104,0,4280,857
173030,040704,0,4492,895
173031,144104,0,4306,862
173031,044704,0,4466,890
173032,000104,0,4280,857
173032,100704,0,4492,895
173033,004104,0,4306,862
173033,104704,0,4466,890
173034,040104,0,4280,857
173034,040704,0,4492,895
173035,144104,0,4306,862
173035,044704,0,4466,890
173036,000104,0,4280,857
173036,100704,0,4492,895
173037,040104,0,4233,847
173037,040704,0,4445,885
173040,000104,0,4259,853
173040,100704,0,4471,891
173041,040104,0,4259,853
173041,040704,0,4471,891
173042,000104,0,4259,853
173042,100704,0,4471,891
173043,040104,0,4259,853
173043,040704,0,4471,891
173044,000104,0,4259,853
173044,100704,0,4471,891
173045,040104,0,4259,853
173045,040704,0,4471,891
173046,000104,0,4259,853
173046,100704,0,4471,891
173047,144104,0,4238,848
173047,044704,0,4398,876
173050,040104,0,4280,857
173050,040704,0,4492,895
173051,144104,0,4306,862
173051,044704,0,4466,890
173052,000104,0,4280,857
173052,100704,0,4492,895
173053,004104,0,4306,862
173053,104704,0,4466,890
173054,040104,0,4280,857
173054,040704,0,4492,895
173055,144104,0,4306,862
173055,044704,0,4466,890
173056,000104,0,4280,857
173056,100704,0,4492,895
173057,040104,0,1931,333
173057,040704,0,1933,334
173060,000104,0,4230,844
173060,100704,0,4442,882
173061,004104,0,4256,849
173061,104704,0,4416,877
173062,040104,0,4230,844
173062,040704,0,4442,882
173063,144104,0,4256,849
173063,044704,0,4416,877
173064,000104,0,4230,844
173064,100704,0,4442,882
173065,004104,0,4256,849
173065,104704,0,4416,877
173066,040104,0,4230,844
173066,040704,0,4442,882
173067,000104,0,4230,844
173067,100704,0,4442,882
173070,004104,0,4262,852
173070,104704,0,4422,880
173071,004104,0,4262,852
173071,104704,0,4422,880
173072,004104,0,4262,852
173072,104704,0,4422,880
173073,004104,0,4262,852
173073,104704,0,4422,880
173074,004104,0,4262,852
173074,104704,0,4422,880
173075,004104,0,4262,852
173075,104704,0,4422,880
173076,004104,0,4262,852
173076,104704,0,4422,880
173077,040104,0,4236,847
173077,040704,0,4448,885
173100,040104,0,4238,841
173100,040704,0,4424,872
173101,000104,0,3327,580
173101,100704,0,3513,611
173102,040104,0,4238,841
173102,040704,0,4424,872
173103,000104,0,4264,846
173103,100704,0,4424,872
173104,040104,0,4238,841
173104,040704,0,4424,872
173105,000104,0,4264,846
173105,100704,0,4424,872
173106,040104,0,1656,272
173106,040704,0,1658,273
173107,040104,0,1656,272
173107,040704,0,1658,273
173110,040104,0,4150,830
173110,040704,0,4336,863
173111,000104,0,4176,835
173111,100704,0,4336,863
173112,040104,0,4150,830
173112,040704,0,4336,863
173113,000104,0,4176,835
173113,100704,0,4336,863
173114,040104,0,4150,830
173114,040704,0,4336,863
173115,000104,0,4176,835
173115,100704,0,4336,863
173116,040104,0,4150,830
173116,040704,0,4336,863
173117,004104,0,4150,830
173117,104704,0,4362,868
173120,000104,0,4285,858
173120,100704,0,4445,886
173121,040104,0,4259,853
173121,040704,0,4445,886
173122,000104,0,4285,858
173122,100704,0,4445,886
173123,040104,0,4259,853
173123,040704,0,4445,886
173124,000104,0,4285,858
173124,100704,0,4445,886
173125,040104,0,4259,853
173125,040704,0,4445,886
173126,000104,0,4285,858
173126,100704,0,4445,886
173127,144104,0,4230,845
173127,044704,0,4340,863
173130,000104,0,4306,862
173130,100704,0,4466,890
173131,004104,0,4280,857
173131,104704,0,4492,895
173132,040104,0,4280,857
173132,040704,0,4466,890
173133,144104,0,4306,862
173133,044704,0,4466,890
173134,000104,0,4306,862
173134,100704,0,4466,890
173135,004104,0,4280,857
173135,104704,0,4492,895
173136,040104,0,4280,857
173136,040704,0,4466,890
173137,000104,0,4259,852
173137,100704,0,4419,880
173140,040104,0,4259,853
173140,040704,0,4445,886
173141,000104,0,4285,858
173141,100704,0,4445,886
173142,040104,0,4259,853
173142,040704,0,4445,886
173143,000104,0,4285,858
173143,100704,0,4445,886
173144,040104,0,4259,853
173144,040704,0,4445,886
173145,000104,0,4285,858
173145,100704,0,4445,886
173146,040104,0,4259,853
173146,040704,0,4445,886
173147,004104,0,4212,843
173147,104704,0,4424,881
173150,000104,0,4306,862
173150,100704,0,4466,890
173151,004104,0,4280,857
173151,104704,0,4492,895
173152,040104,0,4280,857
173152,040704,0,4466,890
173153,144104,0,4306,862
173153,044704,0,4466,890
173154,000104,0,4306,862
173154,100704,0,4466,890
173155,004104,0,4280,857
173155,104704,0,4492,895
173156,040104,0,4280,857
173156,040704,0,4466,890
173157,000104,0,1931,333
173157,100704,0,1933,334
173160,040104,0,4230,844
173160,040704,0,4416,877
173161,144104,0,4256,849
173161,044704,0,4416,877
173162,000104,0,4256,849
173162,100704,0,4416,877
173163,004104,0,4230,844
173163,104704,0,4442,882
173164,040104,0,4230,844
173164,040704,0,4416,877
173165,144104,0,4256,849
173165,044704,0,4416,877
173166,000104,0,4256,849
173166,100704,0,4416,877
173167,040104,0,4230,844
173167,040704,0,4416,877
173170,144104,0,4262,852
173170,044704,0,4422,880
173171,144104,0,4262,852
173171,044704,0,4422,880
173172,144104,0,4262,852
173172,044704,0,4422,880
173173,144104,0,4262,852
173173,044704,0,4422,880
173174,144104,0,4262,852
173174,044704,0,4422,880
173175,144104,0,4262,852
173175,044704,0,4422,880
173176,144104,0,4262,852
173176,044704,0,4422,880
173177,000104,0,4262,852
173177,100704,0,4422,880
173200,000104,0,4238,841
173200,100704,0,4450,877
173201,040104,0,4264,846
173201,040704,0,4450,877
173202,000104,0,3327,580
173202,100704,0,3513,611
173203,040104,0,4264,846
173203,040704,0,4450,877
173204,000104,0,4238,841
173204,100704,0,4450,877
173205,040104,0,4264,846
173205,040704,0,4450,877
173206,000104,0,1840,308
173206,100704,0,1842,309
173207,000104,0,1840,308
173207,100704,0,1842,309
173210,000104,0,4150,830
173210,100704,0,4362,868
173211,040104,0,4176,835
173211,040704,0,4362,868
173212,000104,0,4150,830
173212,100704,0,4362,868
173213,040104,0,4176,835
173213,040704,0,4362,868
173214,000104,0,4150,830
173214,100704,0,4362,868
173215,040104,0,4176,835
173215,040704,0,4362,868
173216,000104,0,4150,830
173216,100704,0,4362,868
173217,144104,0,4150,830
173217,044704,0,4336,863
173220,040104,0,4285,858
173220,040704,0,4471,891
173221,000104,0,4259,853
173221,100704,0,4471,891
173222,040104,0,4285,858
173222,040704,0,4471,891
173223,000104,0,4259,853
173223,100704,0,4471,891
173224,040104,0,4285,858
173224,040704,0,4471,891
173225,000104,0,4259,853
173225,100704,0,4471,891
173226,040104,0,4285,858
173226,040704,0,4471,891
173227,004104,0,4230,845
173227,104704,0,4366,868
173230,040104,0,4306,862
173230,040704,0,4492,895
173231,144104,0,4280,857
173231,044704,0,4466,890
173232,000104,0,4280,857
173232,100704,0,4492,895
173233,004104,0,4306,862
173233,104704,0,4492,895
173234,040104,0,4306,862
173234,040704,0,4492,895
173235,144104,0,4280,857
173235,044704,0,4466,890
173236,000104,0,4280,857
173236,100704,0,4492,895
173237,040104,0,4259,852
173237,040704,0,4445,885
173240,000104,0,4259,853
173240,100704,0,4471,891
173241,040104,0,4285,858
173241,040704,0,4471,891
173242,000104,0,4259,853
173242,100704,0,4471,891
173243,040104,0,4285,858
173243,040704,0,4471,891
173244,000104,0,4259,853
173244,100704,0,4471,891
173245,040104,0,4285,858
173245,040704,0,4471,891
173246,000104,0,4259,853
173246,100704,0,4471,891
173247,144104,0,4212,843
173247,044704,0,4398,876
173250,040104,0,4306,862
173250,040704,0,4492,895
173251,144104,0,4280,857
173251,044704,0,4466,890
173252,000104,0,4280,857
173252,100704,0,4492,895
173253,004104,0,4306,862
173253,104704,0,4492,895
173254,040104,0,4306,862
173254,040704,0,4492,895
173255,144104,0,4280,857
173255,044704,0,4466,890
173256,000104,0,4280,857
173256,100704,0,4492,895
173257,040104,0,1931,333
173257,040704,0,1933,334
173260,000104,0,4230,844
173260,100704,0,4442,882
173261,004104,0,4256,849
173261,104704,0,4442,882
173262,040104,0,4256,849
173262,040704,0,4442,882
173263,144104,0,4230,844
173263,044704,0,4416,877
173264,000104,0,4230,844
173264,100704,0,4442,882
173265,004104,0,4256,849
173265,104704,0,4442,882
173266,040104,0,4256,849
173266,040704,0,4442,882
173267,000104,0,4230,844
173267,100704,0,4442,882
173270,004104,0,4262,852
173270,104704,0,4448,885
173271,004104,0,4262,852
173271,104704,0,4448,885
173272,004104,0,4262,852
173272,104704,0,4448,885
173273,004104,0,4262,852
173273,104704,0,4448,885
173274,004104,0,4262,852
173274,104704,0,4448,885
173275,004104,0,4262,852
173275,104704,0,4448,885
173276,004104,0,4262,852
173276,104704,0,4448,885
173277,040104,0,4262,852
173277,040704,0,4448,885
173300,040104,0,4264,846
173300,040704,0,4424,872
173301,000104,0,4264,846
173301,100704,0,4450,877
173302,040104,0,4264,846
173302,040704,0,4424,872
173303,000104,0,3327,580
173303,100704,0,3513,611
173304,040104,0,4264,846
173304,040704,0,4424,872
173305,000104,0,4264,846
173305,100704,0,4450,877
173306,040104,0,1656,272
173306,040704,0,1658,273
173307,040104,0,1656,272
173307,040704,0,1658,273
173310,040104,0,4176,835
173310,040704,0,4336,863
173311,000104,0,4176,835
173311,100704,0,4362,868
173312,040104,0,4176,835
173312,040704,0,4336,863
173313,000104,0,4176,835
173313,100704,0,4362,868
173314,040104,0,4176,835
173314,040704,0,4336,863
173315,000104,0,4176,835
173315,100704,0,4362,868
173316,040104,0,4176,835
173316,040704,0,4336,863
173317,004104,0,4176,835
173317,104704,0,4362,868
173320,000104,0,4285,858
173320,100704,0,4471,891
173321,040104,0,4285,858
173321,040704,0,4445,886
173322,000104,0,4285,858
173322,100704,0,4471,891
173323,040104,0,4285,858
173323,040704,0,4445,886
173324,000104,0,4285,858
173324,100704,0,4471,891
173325,040104,0,4285,858
173325,040704,0,4445,886
173326,000104,0,4285,858
173326,100704,0,4471,891
173327,144104,0,4204,840
173327,044704,0,4340,863
173330,000104,0,4306,862
173330,100704,0,4492,895
173331,004104,0,4306,862
173331,104704,0,4492,895
173332,040104,0,4306,862
173332,040704,0,4466,890
173333,144104,0,4280,857
173333,044704,0,4466,890
173334,000104,0,4306,862
173334,100704,0,4492,895
173335,004104,0,4306,862
173335,104704,0,4492,895
173336,040104,0,4306,862
173336,040704,0,4466,890
173337,000104,0,4259,852
173337,100704,0,4445,885
173340,040104,0,4285,858
173340,040704,0,4445,886
173341,000104,0,4285,858
173341,100704,0,4471,891
173342,040104,0,4285,858
173342,040704,0,4445,886
173343,000104,0,4285,858
173343,100704,0,4471,891
173344,040104,0,4285,858
173344,040704,0,4445,886
173345,000104,0,4285,858
173345,100704,0,4471,891
173346,040104,0,4285,858
173346,040704,0,4445,886
173347,004104,0,4238,848
173347,104704,0,4424,881
173350,000104,0,4306,862
173350,100704,0,4492,895
173351,004104,0,4306,862
173351,104704,0,4492,895
173352,040104,0,4306,862
173352,040704,0,4466,890
173353,144104,0,4280,857
173353,044704,0,4466,890
173354,000104,0,4306,862
173354,100704,0,4492,895
173355,004104,0,4306,862
173355,104704,0,4492,895
173356,040104,0,4306,862
173356,040704,0,4466,890
173357,000104,0,1931,333
173357,100704,0,1933,334
173360,040104,0,4256,849
173360,040704,0,4416,877
173361,144104,0,4230,844
173361,044704,0,4416,877
173362,000104,0,4256,849
173362,100704,0,4442,882
173363,004104,0,4256,849
173363,104704,0,4442,882
173364,040104,0,4256,849
173364,040704,0,4416,877
173365,144104,0,4230,844
173365,044704,0,4416,877
173366,000104,0,4256,849
173366,100704,0,4442,882
173367,040104,0,4256,849
173367,040704,0,4416,877
173370,144104,0,4236,847
173370,044704,0,4422,880
173371,144104,0,4236,847
173371,044704,0,4422,880
173372,144104,0,4236,847
173372,044704,0,4422,880
173373,144104,0,4236,847
173373,044704,0,4422,880
173374,144104,0,4236,847
173374,044704,0,4422,880
173375,144104,0,4236,847
173375,044704,0,4422,880
173376,144104,0,4236,847
173376,044704,0,4422,880
173377,000104,0,4262,852
173377,100704,0,4448,885
171000,000104,0,3212,556
171000,100704,0,3398,587
171001,040104,0,3565,662
171001,040704,0,3751,693
171002,000104,0,3565,662
171002,100704,0,3751,693
171003,040104,0,3565,662
171003,040704,0,3751,693
171004,000104,0,3565,662
171004,100704,0,3751,693
171005,040104,0,3565,662
171005,040704,0,3751,693
171006,000104,0,1862,311
171006,100704,0,1864,312
171007,000104,0,1862,311
171007,100704,0,1864,312
171010,000104,0,3477,651
171010,100704,0,3663,684
171011,040104,0,3477,651
171011,040704,0,3663,684
171012,000104,0,3477,651
171012,100704,0,3663,684
171013,040104,0,3477,651
171013,040704,0,3663,684
171014,000104,0,3477,651
171014,100704,0,3663,684
171015,040104,0,3477,651
171015,040704,0,3663,684
171016,000104,0,3477,651
171016,100704,0,3663,684
171017,144104,0,3477,651
171017,044704,0,3663,684
171020,040104,0,3586,674
171020,040704,0,3772,707
171021,000104,0,3586,674
171021,100704,0,3772,707
171022,040104,0,3586,674
171022,040704,0,3772,707
171023,000104,0,3586,674
171023,100704,0,3772,707
171024,040104,0,3586,674
171024,040704,0,3772,707
171025,000104,0,3586,674
171025,100704,0,3772,707
171026,040104,0,3586,674
171026,040704,0,3772,707
171027,004104,0,3531,661
171027,104704,0,3667,684
171030,040104,0,3607,678
171030,040704,0,3793,711
171031,144104,0,3607,678
171031,044704,0,3793,711
171032,000104,0,3607,678
171032,100704,0,3793,711
171033,004104,0,3607,678
171033,104704,0,3793,711
171034,040104,0,3607,678
171034,040704,0,3793,711
171035,144104,0,3607,678
171035,044704,0,3793,711
171036,000104,0,3607,678
171036,100704,0,3793,711
171037,040104,0,3560,668
171037,040704,0,3746,701
171040,000104,0,3586,674
171040,100704,0,3772,707
171041,040104,0,3586,674
171041,040704,0,3772,707
171042,000104,0,3586,674
171042,100704,0,3772,707
171043,040104,0,3586,674
171043,040704,0,3772,707
171044,000104,0,3586,674
171044,100704,0,3772,707
171045,040104,0,3586,674
171045,040704,0,3772,707
171046,000104,0,3586,674
171046,100704,0,3772,707
171047,144104,0,3539,664
171047,044704,0,3725,697
171050,040104,0,3607,678
171050,040704,0,3793,711
171051,144104,0,3607,678
171051,044704,0,3793,711
171052,000104,0,3607,678
171052,100704,0,3793,711
171053,004104,0,3607,678
171053,104704,0,3793,711
171054,040104,0,3607,678
171054,040704,0,3793,711
171055,144104,0,3607,678
171055,044704,0,3793,711
171056,000104,0,3607,678
171056,100704,0,3793,711
171057,040104,0,1953,336
171057,040704,0,1955,337
171060,000104,0,3557,665
171060,100704,0,3743,698
171061,004104,0,3557,665
171061,104704,0,3743,698
171062,040104,0,3557,665
171062,040704,0,3743,698
171063,144104,0,3557,665
171063,044704,0,3743,698
171064,000104,0,3557,665
171064,100704,0,3743,698
171065,004104,0,3557,665
171065,104704,0,3743,698
171066,040104,0,3557,665
171066,040704,0,3743,698
171067,000104,0,3557,665
171067,100704,0,3743,698
171070,004104,0,3563,668
171070,104704,0,3749,701
171071,004104,0,3563,668
171071,104704,0,3749,701
171072,004104,0,3563,668
171072,104704,0,3749,701
171073,004104,0,3563,668
171073,104704,0,3749,701
171074,004104,0,3563,668
171074,104704,0,3749,701
171075,004104,0,3563,668
171075,104704,0,3749,701
171076,004104,0,3563,668
171076,104704,0,3749,701
171077,040104,0,3563,668
171077,040704,0,3749,701
171100,040104,0,3565,662
171100,040704,0,3751,693
171101,000104,0,3212,556
171101,100704,0,3398,587
171102,040104,0,3565,662
171102,040704,0,3751,693
171103,000104,0,3565,662
171103,100704,0,3751,693
171104,040104,0,3565,662
171104,040704,0,3751,693
171105,000104,0,3565,662
171105,100704,0,3751,693
171106,040104,0,1678,275
171106,040704,0,1680,276
171107,040104,0,1678,275
171107,040704,0,1680,276
171110,040104,0,3477,651
171110,040704,0,3663,684
171111,000104,0,3477,651
171111,100704,0,3663,684
171112,040104,0,3477,651
171112,040704,0,3663,684
171113,000104,0,3477,651
171113,100704,0,3663,684
171114,040104,0,3477,651
171114,040704,0,3663,684
171115,000104,0,3477,651
171115,100704,0,3663,684
171116,040104,0,3477,651
171116,040704,0,3663,684
171117,004104,0,3477,651
171117,104704,0,3663,684
171120,000104,0,3586,674
171120,100704,0,3772,707
171121,040104,0,3586,674
171121,040704,0,3772,707
171122,000104,0,3586,674
171122,100704,0,3772,707
171123,040104,0,3586,674
171123,040704,0,3772,707
171124,000104,0,3586,674
171124,100704,0,3772,707
171125,040104,0,3586,674
171125,040704,0,3772,707
171126,000104,0,3586,674
171126,100704,0,3772,707
171127,144104,0,3531,661
171127,044704,0,3667,684
171130,000104,0,3607,678
171130,100704,0,3793,711
171131,004104,0,3607,678
171131,104704,0,3793,711
171132,040104,0,3607,678
171132,040704,0,3793,711
171133,144104,0,3607,678
171133,044704,0,3793,711
171134,000104,0,3607,678
171134,100704,0,3793,711
171135,004104,0,3607,678
171135,104704,0,3793,711
171136,040104,0,3607,678
171136,040704,0,3793,711
171137,000104,0,3560,668
171137,100704,0,3746,701
171140,040104,0,3586,674
171140,040704,0,3772,707
171141,000104,0,3586,674
171141,100704,0,3772,707
171142,040104,0,3586,674
171142,040704,0,3772,707
171143,000104,0,3586,674
171143,100704,0,3772,707
171144,040104,0,3586,674
171144,040704,0,3772,707
171145,000104,0,3586,674
171145,100704,0,3772,707
171146,040104,0,3586,674
171146,040704,0,3772,707
171147,004104,0,3539,664
171147,104704,0,3725,697
171150,000104,0,3607,678
171150,100704,0,3793,711
171151,004104,0,3607,678
171151,104704,0,3793,711
171152,040104,0,3607,678
171152,040704,0,3793,711
171153,144104,0,3607,678
171153,044704,0,3793,711
171154,000104,0,3607,678
171154,100704,0,3793,711
171155,004104,0,3607,678
171155,104704,0,3793,711
171156,040104,0,3607,678
171156,040704,0,3793,711
171157,000104,0,1953,336
171157,100704,0,1955,337
171160,040104,0,3557,665
171160,040704,0,3743,698
171161,144104,0,3557,665
171161,044704,0,3743,698
171162,000104,0,3557,665
171162,100704,0,3743,698
171163,004104,0,3557,665
171163,104704,0,3743,698
171164,040104,0,3557,665
171164,040704,0,3743,698
171165,144104,0,3557,665
171165,044704,0,3743,698
171166,000104,0,3557,665
171166,100704,0,3743,698
171167,040104,0,3557,665
171167,040704,0,3743,698
171170,144104,0,3563,668
171170,044704,0,3749,701
171171,144104,0,3563,668
171171,044704,0,3749,701
171172,144104,0,3563,668
171172,044704,0,3749,701
171173,144104,0,3563,668
171173,044704,0,3749,701
171174,144104,0,3563,668
171174,044704,0,3749,701
171175,144104,0,3563,668
171175,044704,0,3749,701
171176,144104,0,3563,668
171176,044704,0,3749,701
171177,000104,0,3563,668
171177,100704,0,3749,701
171200,000104,0,3565,662
171200,100704,0,3751,693
171201,040104,0,3565,662
171201,040704,0,3751,693
171202,000104,0,3212,556
171202,100704,0,3398,587
171203,040104,0,3565,662
171203,040704,0,3751,693
171204,000104,0,3565,662
171204,100704,0,3751,693
171205,040104,0,3565,662
171205,040704,0,3751,693
171206,000104,0,1862,311
171206,100704,0,1864,312
171207,000104,0,1862,311
171207,100704,0,1864,312
171210,000104,0,3477,651
171210,100704,0,3663,684
171211,040104,0,3477,651
171211,040704,0,3663,684
171212,000104,0,3477,651
171212,100704,0,3663,684
171213,040104,0,3477,651
171213,040704,0,3663,684
171214,000104,0,3477,651
171214,100704,0,3663,684
171215,040104,0,3477,651
171215,040704,0,3663,684
171216,000104,0,3477,651
171216,100704,0,3663,684
171217,144104,0,3477,651
171217,044704,0,3663,684
171220,040104,0,3586,674
171220,040704,0,3772,707
171221,000104,0,3586,674
171221,100704,0,3772,707
171222,040104,0,3586,674
171222,040704,0,3772,707
171223,000104,0,3586,674
171223,100704,0,3772,707
171224,040104,0,3586,674
171224,040704,0,3772,707
171225,000104,0,3586,674
171225,100704,0,3772,707
171226,040104,0,3586,674
171226,040704,0,3772,707
171227,004104,0,3531,661
171227,104704,0,3667,684
171230,040104,0,3607,678
171230,040704,0,3793,711
171231,144104,0,3607,678
171231,044704,0,3793,711
171232,000104,0,3607,678
171232,100704,0,3793,711
171233,004104,0,3607,678
171233,104704,0,3793,711
171234,040104,0,3607,678
171234,040704,0,3793,711
171235,144104,0,3607,678
171235,044704,0,3793,711
171236,000104,0,3607,678
171236,100704,0,3793,711
171237,040104,0,3560,668
171237,040704,0,3746,701
171240,000104,0,3586,674
171240,100704,0,3772,707
171241,040104,0,3586,674
171241,040704,0,3772,707
171242,000104,0,3586,674
171242,100704,0,3772,707
171243,040104,0,3586,674
171243,040704,0,3772,707
171244,000104,0,3586,674
171244,100704,0,3772,707
171245,040104,0,3586,674
171245,040704,0,3772,707
171246,000104,0,3586,674
171246,100704,0,3772,707
171247,144104,0,3539,664
171247,044704,0,3725,697
171250,040104,0,3607,678
171250,040704,0,3793,711
171251,144104,0,3607,678
171251,044704,0,3793,711
171252,000104,0,3607,678
171252,100704,0,3793,711
171253,004104,0,3607,678
171253,104704,0,3793,711
171254,040104,0,3607,678
171254,040704,0,3793,711
171255,144104,0,3607,678
171255,044704,0,3793,711
171256,000104,0,3607,678
171256,100704,0,3793,711
171257,040104,0,1953,336
171257,040704,0,1955,337
171260,000104,0,3557,665
171260,100704,0,3743,698
171261,004104,0,3557,665
171261,104704,0,3743,698
171262,040104,0,3557,665
171262,040704,0,3743,698
171263,144104,0,3557,665
171263,044704,0,3743,698
171264,000104,0,3557,665
171264,100704,0,3743,698
171265,004104,0,3557,665
171265,104704,0,3743,698
171266,040104,0,3557,665
171266,040704,0,3743,698
171267,000104,0,3557,665
171267,100704,0,3743,698
171270,004104,0,3563,668
171270,104704,0,3749,701
171271,004104,0,3563,668
171271,104704,0,3749,701
171272,004104,0,3563,668
171272,104704,0,3749,701
171273,004104,0,3563,668
171273,104704,0,3749,701
171274,004104,0,3563,668
171274,104704,0,3749,701
171275,004104,0,3563,668
171275,104704,0,3749,701
171276,004104,0,3563,668
171276,104704,0,3749,701
171277,040104,0,3563,668
171277,040704,0,3749,701
171300,040104,0,3565,662
171300,040704,0,3751,693
171301,000104,0,3565,662
171301,100704,0,3751,693
171302,040104,0,3565,662
171302,040704,0,3751,693
171303,000104,0,3212,556
171303,100704,0,3398,587
171304,040104,0,3565,662
171304,040704,0,3751,693
171305,000104,0,3565,662
171305,100704,0,3751,693
171306,040104,0,1678,275
171306,040704,0,1680,276
171307,040104,0,1678,275
171307,040704,0,1680,276
171310,040104,0,3477,651
171310,040704,0,3663,684
171311,000104,0,3477,651
171311,100704,0,3663,684
171312,040104,0,3477,651
171312,040704,0,3663,684
171313,000104,0,3477,651
171313,100704,0,3663,684
171314,040104,0,3477,651
171314,040704,0,3663,684
171315,000104,0,3477,651
171315,100704,0,3663,684
171316,040104,0,3477,651
171316,040704,0,3663,684
171317,004104,0,3477,651
171317,104704,0,3663,684
171320,000104,0,3586,674
171320,100704,0,3772,707
171321,040104,0,3586,674
171321,040704,0,3772,707
171322,000104,0,3586,674
171322,100704,0,3772,707
171323,040104,0,3586,674
171323,040704,0,3772,707
171324,000104,0,3586,674
171324,100704,0,3772,707
171325,040104,0,3586,674
171325,040704,0,3772,707
171326,000104,0,3586,674
171326,100704,0,3772,707
171327,144104,0,3531,661
171327,044704,0,3667,684
171330,000104,0,3607,678
171330,100704,0,3793,711
171331,004104,0,3607,678
171331,104704,0,3793,711
171332,040104,0,3607,678
171332,040704,0,3793,711
171333,144104,0,3607,678
171333,044704,0,3793,711
171334,000104,0,3607,678
171334,100704,0,3793,711
171335,004104,0,3607,678
171335,104704,0,3793,711
171336,040104,0,3607,678
171336,040704,0,3793,711
171337,000104,0,3560,668
171337,100704,0,3746,701
171340,040104,0,3586,674
171340,040704,0,3772,707
171341,000104,0,3586,674
171341,100704,0,3772,707
171342,040104,0,3586,674
171342,040704,0,3772,707
171343,000104,0,3586,674
171343,100704,0,3772,707
171344,040104,0,3586,674
171344,040704,0,3772,707
171345,000104,0,3586,674
171345,100704,0,3772,707
171346,040104,0,3586,674
171346,040704,0,3772,707
171347,004104,0,3539,664
171347,104704,0,3725,697
171350,000104,0,3607,678
171350,100704,0,3793,711
171351,004104,0,3607,678
171351,104704,0,3793,711
171352,040104,0,3607,678
171352,040704,0,3793,711
171353,144104,0,3607,678
171353,044704,0,3793,711
171354,000104,0,3607,678
171354,100704,0,3793,711
171355,004104,0,3607,678
171355,104704,0,3793,711
171356,040104,0,3607,678
171356,040704,0,3793,711
171357,000104,0,1953,336
171357,100704,0,1955,337
171360,040104,0,3557,665
171360,040704,0,3743,698
171361,144104,0,3557,665
171361,044704,0,3743,698
171362,000104,0,3557,665
171362,100704,0,3743,698
171363,004104,0,3557,665
171363,104704,0,3743,698
171364,040104,0,3557,665
171364,040704,0,3743,698
171365,144104,0,3557,665
171365,044704,0,3743,698
171366,000104,0,3557,665
171366,100704,0,3743,698
171367,040104,0,3557,665
171367,040704,0,3743,698
171370,144104,0,3563,668
171370,044704,0,3749,701
171371,144104,0,3563,668
171371,044704,0,3749,701
171372,144104,0,3563,668
171372,044704,0,3749,701
171373,144104,0,3563,668
171373,044704,0,3749,701
171374,144104,0,3563,668
171374,044704,0,3749,701
171375,144104,0,3563,668
171375,044704,0,3749,701
171376,144104,0,3563,668
171376,044704,0,3749,701
171377,000104,0,3563,668
171377,100704,0,3749,701
174400,000104,0,3210,547
174400,100704,0,3346,570
174401,040104,0,3365,613
174401,040704,0,3501,636
174402,000104,0,3549,649
174402,100704,0,3685,672
174403,040104,0,3365,613
174403,040704,0,3501,636
174404,000104,0,3549,649
174404,100704,0,3685,672
174405,040104,0,3365,613
174405,040704,0,3501,636
174406,000104,0,1884,314
174406,100704,0,1886,315
174407,000104,0,1884,314
174407,100704,0,1886,315
174410,000104,0,3461,638
174410,100704,0,3597,663
174411,040104,0,3277,602
174411,040704,0,3413,627
174412,000104,0,3461,638
174412,100704,0,3597,663
174413,040104,0,3277,602
174413,040704,0,3413,627
174414,000104,0,3461,638
174414,100704,0,3597,663
174415,040104,0,3277,602
174415,040704,0,3413,627
174416,000104,0,3461,638
174416,100704,0,3597,663
174417,144104,0,3277,602
174417,044704,0,3413,627
174420,040104,0,3386,625
174420,040704,0,3522,650
174421,000104,0,3570,661
174421,100704,0,3706,686
174422,040104,0,3386,625
174422,040704,0,3522,650
174423,000104,0,3570,661
174423,100704,0,3706,686
174424,040104,0,3386,625
174424,040704,0,3522,650
174425,000104,0,3570,661
174425,100704,0,3706,686
174426,040104,0,3386,625
174426,040704,0,3522,650
174427,004104,0,3515,648
174427,104704,0,3601,663
174430,040104,0,3407,629
174430,040704,0,3543,654
174431,144104,0,3407,629
174431,044704,0,3543,654
174432,000104,0,3591,665
174432,100704,0,3727,690
174433,004104,0,3591,665
174433,104704,0,3727,690
174434,040104,0,3407,629
174434,040704,0,3543,654
174435,144104,0,3407,629
174435,044704,0,3543,654
174436,000104,0,3591,665
174436,100704,0,3727,690
174437,040104,0,3360,619
174437,040704,0,3496,644
174440,000104,0,3570,661
174440,100704,0,3706,686
174441,040104,0,3386,625
174441,040704,0,3522,650
174442,000104,0,3570,661
174442,100704,0,3706,686
174443,040104,0,3386,625
174443,040704,0,3522,650
174444,000104,0,3570,661
174444,100704,0,3706,686
174445,040104,0,3386,625
174445,040704,0,3522,650
174446,000104,0,3570,661
174446,100704,0,3706,686
174447,144104,0,3339,615
174447,044704,0,3475,640
174450,040104,0,3407,629
174450,040704,0,3543,654
174451,144104,0,3407,629
174451,044704,0,3543,654
174452,000104,0,3591,665
174452,100704,0,3727,690
174453,004104,0,3591,665
174453,104704,0,3727,690
174454,040104,0,3407,629
174454,040704,0,3543,654
174455,144104,0,3407,629
174455,044704,0,3543,654
174456,000104,0,3591,665
174456,100704,0,3727,690
174457,040104,0,1975,339
174457,040704,0,1977,340
174460,000104,0,3541,652
174460,100704,0,3677,677
174461,004104,0,3541,652
174461,104704,0,3677,677
174462,040104,0,3357,616
174462,040704,0,3493,641
174463,144104,0,3357,616
174463,044704,0,3493,641
174464,000104,0,3541,652
174464,100704,0,3677,677
174465,004104,0,3541,652
174465,104704,0,3677,677
174466,040104,0,3357,616
174466,040704,0,3493,641
174467,000104,0,3541,652
174467,100704,0,3677,677
174470,004104,0,3547,655
174470,104704,0,3683,680
174471,004104,0,3547,655
174471,104704,0,3683,680
174472,004104,0,3547,655
174472,104704,0,3683,680
174473,004104,0,3547,655
174473,104704,0,3683,680
174474,004104,0,3547,655
174474,104704,0,3683,680
174475,004104,0,3547,655
174475,104704,0,3683,680
174476,004104,0,3547,655
174476,104704,0,3683,680
174477,040104,0,3363,619
174477,040704,0,3499,644
174500,040104,0,3365,613
174500,040704,0,3501,636
174501,000104,0,3210,547
174501,100704,0,3346,570
174502,040104,0,3365,613
174502,040704,0,3501,636
174503,000104,0,3549,649
174503,100704,0,3685,672
174504,040104,0,3365,613
174504,040704,0,3501,636
174505,000104,0,3549,649
174505,100704,0,3685,672
174506,040104,0,1700,278
174506,040704,0,1702,279
174507,040104,0,1700,278
174507,040704,0,1702,279
174510,040104,0,3277,602
174510,040704,0,3413,627
174511,000104,0,3461,638
174511,100704,0,3597,663
174512,040104,0,3277,602
174512,040704,0,3413,627
174513,000104,0,3461,638
174513,100704,0,3597,663
174514,040104,0,3277,602
174514,040704,0,3413,627
174515,000104,0,3461,638
174515,100704,0,3597,663
174516,040104,0,3277,602
174516,040704,0,3413,627
174517,004104,0,3461,638
174517,104704,0,3597,663
174520,000104,0,3570,661
174520,100704,0,3706,686
174521,040104,0,3386,625
174521,040704,0,3522,650
174522,000104,0,3570,661
174522,100704,0,3706,686
174523,040104,0,3386,625
174523,040704,0,3522,650
174524,000104,0,3570,661
174524,100704,0,3706,686
174525,040104,0,3386,625
174525,040704,0,3522,650
174526,000104,0,3570,661
174526,100704,0,3706,686
174527,144104,0,3331,612
174527,044704,0,3417,627
174530,000104,0,3591,665
174530,100704,0,3727,690
174531,004104,0,3591,665
174531,104704,0,3727,690
174532,040104,0,3407,629
174532,040704,0,3543,654
174533,144104,0,3407,629
174533,044704,0,3543,654
174534,000104,0,3591,665
174534,100704,0,3727,690
174535,004104,0,3591,665
174535,104704,0,3727,690
174536,040104,0,3407,629
174536,040704,0,3543,654
174537,000104,0,3544,655
174537,100704,0,3680,680
174540,040104,0,3386,625
174540,040704,0,3522,650
174541,000104,0,3570,661
174541,100704,0,3706,686
174542,040104,0,3386,625
174542,040704,0,3522,650
174543,000104,0,3570,661
174543,100704,0,3706,686
174544,040104,0,3386,625
174544,040704,0,3522,650
174545,000104,0,3570,661
174545,100704,0,3706,686
174546,040104,0,3386,625
174546,040704,0,3522,650
174547,004104,0,3523,651
174547,104704,0,3659,676
174550,000104,0,3591,665
174550,100704,0,3727,690
174551,004104,0,3591,665
174551,104704,0,3727,690
174552,040104,0,3407,629
174552,040704,0,3543,654
174553,144104,0,3407,629
174553,044704,0,3543,654
174554,000104,0,3591,665
174554,100704,0,3727,690
174555,004104,0,3591,665
174555,104704,0,3727,690
174556,040104,0,3407,629
174556,040704,0,3543,654
174557,000104,0,1975,339
174557,100704,0,1977,340
174560,040104,0,3357,616
174560,040704,0,3493,641
174561,144104,0,3357,616
174561,044704,0,3493,641
174562,000104,0,3541,652
174562,100704,0,3677,677
174563,004104,0,3541,652
174563,104704,0,3677,677
174564,040104,0,3357,616
174564,040704,0,3493,641
174565,144104,0,3357,616
174565,044704,0,3493,641
174566,000104,0,3541,652
174566,100704,0,3677,677
174567,040104,0,3357,616
174567,040704,0,3493,641
174570,144104,0,3363,619
174570,044704,0,3499,644
174571,144104,0,3363,619
174571,044704,0,3499,644
174572,144104,0,3363,619
174572,044704,0,3499,644
174573,144104,0,3363,619
174573,044704,0,3499,644
174574,144104,0,3363,619
174574,044704,0,3499,644
174575,144104,0,3363,619
174575,044704,0,3499,644
174576,144104,0,3363,619
174576,044704,0,3499,644
174577,000104,0,3547,655
174577,100704,0,3683,680
174600,000104,0,3549,649
174600,100704,0,3685,672
174601,040104,0,3365,613
174601,040704,0,3501,636
174602,000104,0,3210,547
174602,100704,0,3346,570
174603,040104,0,3365,613
174603,040704,0,3501,636
174604,000104,0,3549,649
174604,100704,0,3685,672
174605,040104,0,3365,613
174605,040704,0,3501,636
174606,000104,0,1884,314
174606,100704,0,1886,315
174607,000104,0,1884,314
174607,100704,0,1886,315
174610,000104,0,3461,638
174610,100704,0,3597,663
174611,040104,0,3277,602
174611,040704,0,3413,627
174612,000104,0,3461,638
174612,100704,0,3597,663
174613,040104,0,3277,602
174613,040704,0,3413,627
174614,000104,0,3461,638
174614,100704,0,3597,663
174615,040104,0,3277,602
174615,040704,0,3413,627
174616,000104,0,3461,638
174616,100704,0,3597,663
174617,144104,0,3277,602
174617,044704,0,3413,627
174620,040104,0,3386,625
174620,040704,0,3522,650
174621,000104,0,3570,661
174621,100704,0,3706,686
174622,040104,0,3386,625
174622,040704,0,3522,650
174623,000104,0,3570,661
174623,100704,0,3706,686
174624,040104,0,3386,625
174624,040704,0,3522,650
174625,000104,0,3570,661
174625,100704,0,3706,686
174626,040104,0,3386,625
174626,040704,0,3522,650
174627,004104,0,3515,648
174627,104704,0,3601,663
174630,040104,0,3407,629
174630,040704,0,3543,654
174631,144104,0,3407,629
174631,044704,0,3543,654
174632,000104,0,3591,665
174632,100704,0,3727,690
174633,004104,0,3591,665
174633,104704,0,3727,690
174634,040104,0,3407,629
174634,040704,0,3543,654
174635,144104,0,3407,629
174635,044704,0,3543,654
174636,000104,0,3591,665
174636,100704,0,3727,690
174637,040104,0,3360,619
174637,040704,0,3496,644
174640,000104,0,3570,661
174640,100704,0,3706,686
174641,040104,0,3386,625
174641,040704,0,3522,650
174642,000104,0,3570,661
174642,100704,0,3706,686
174643,040104,0,3386,625
174643,040704,0,3522,650
174644,000104,0,3570,661
174644,100704,0,3706,686
174645,040104,0,3386,625
174645,040704,0,3522,650
174646,000104,0,3570,661
174646,100704,0,3706,686
174647,144104,0,3339,615
174647,044704,0,3475,640
174650,040104,0,3407,629
174650,040704,0,3543,654
174651,144104,0,3407,629
174651,044704,0,3543,654
174652,000104,0,3591,665
174652,100704,0,3727,690
174653,004104,0,3591,665
174653,104704,0,3727,690
174654,040104,0,3407,629
174654,040704,0,3543,654
174655,144104,0,3407,629
174655,044704,0,3543,654
174656,000104,0,3591,665
174656,100704,0,3727,690
174657,040104,0,1975,339
174657,040704,0,1977,340
174660,000104,0,3541,652
174660,100704,0,3677,677
174661,004104,0,3541,652
174661,104704,0,3677,677
174662,040104,0,3357,616
174662,040704,0,3493,641
174663,144104,0,3357,616
174663,044704,0,3493,641
174664,000104,0,3541,652
174664,100704,0,3677,677
174665,004104,0,3541,652
174665,104704,0,3677,677
174666,040104,0,3357,616
174666,040704,0,3493,641
174667,000104,0,3541,652
174667,100704,0,3677,677
174670,004104,0,3547,655
174670,104704,0,3683,680
174671,004104,0,3547,655
174671,104704,0,3683,680
174672,004104,0,3547,655
174672,104704,0,3683,680
174673,004104,0,3547,655
174673,104704,0,3683,680
174674,004104,0,3547,655
174674,104704,0,3683,680
174675,004104,0,3547,655
174675,104704,0,3683,680
174676,004104,0,3547,655
174676,104704,0,3683,680
174677,040104,0,3363,619
174677,040704,0,3499,644
174700,040104,0,3365,613
174700,040704,0,3501,636
174701,000104,0,3549,649
174701,100704,0,3685,672
174702,040104,0,3365,613
174702,040704,0,3501,636
174703,000104,0,3210,547
174703,100704,0,3346,570
174704,040104,0,3365,613
174704,040704,0,3501,636
174705,000104,0,3549,649
174705,100704,0,3685,672
174706,040104,0,1700,278
174706,040704,0,1702,279
174707,040104,0,1700,278
174707,040704,0,1702,279
174710,040104,0,3277,602
174710,040704,0,3413,627
174711,000104,0,3461,638
174711,100704,0,3597,663
174712,040104,0,3277,602
174712,040704,0,3413,627
174713,000104,0,3461,638
174713,100704,0,3597,663
174714,040104,0,3277,602
174714,040704,0,3413,627
174715,000104,0,3461,638
174715,100704,0,3597,663
174716,040104,0,3277,602
174716,040704,0,3413,627
174717,004104,0,3461,638
174717,104704,0,3597,663
174720,000104,0,3570,661
174720,100704,0,3706,686
174721,040104,0,3386,625
174721,040704,0,3522,650
174722,000104,0,3570,661
174722,100704,0,3706,686
174723,040104,0,3386,625
174723,040704,0,3522,650
174724,000104,0,3570,661
174724,100704,0,3706,686
174725,040104,0,3386,625
174725,040704,0,3522,650
174726,000104,0,3570,661
174726,100704,0,3706,686
174727,144104,0,3331,612
174727,044704,0,3417,627
174730,000104,0,3591,665
174730,100704,0,3727,690
174731,004104,0,3591,665
174731,104704,0,3727,690
174732,040104,0,3407,629
174732,040704,0,3543,654
174733,144104,0,3407,629
174733,044704,0,3543,654
174734,000104,0,3591,665
174734,100704,0,3727,690
174735,004104,0,3591,665
174735,104704,0,3727,690
174736,040104,0,3407,629
174736,040704,0,3543,654
174737,000104,0,3544,655
174737,100704,0,3680,680
174740,040104,0,3386,625
174740,040704,0,3522,650
174741,000104,0,3570,661
174741,100704,0,3706,686
174742,040104,0,3386,625
174742,040704,0,3522,650
174743,000104,0,3570,661
174743,100704,0,3706,686
174744,040104,0,3386,625
174744,040704,0,3522,650
174745,000104,0,3570,661
174745,100704,0,3706,686
174746,040104,0,3386,625
174746,040704,0,3522,650
174747,004104,0,3523,651
174747,104704,0,3659,676
174750,000104,0,3591,665
174750,100704,0,3727,690
174751,004104,0,3591,665
174751,104704,0,3727,690
174752,040104,0,3407,629
174752,040704,0,3543,654
174753,144104,0,3407,629
174753,044704,0,3543,654
174754,000104,0,3591,665
174754,100704,0,3727,690
174755,004104,0,3591,665
174755,104704,0,3727,690
174756,040104,0,3407,629
174756,040704,0,3543,654
174757,000104,0,1975,339
174757,100704,0,1977,340
174760,040104,0,3357,616
174760,040704,0,3493,641
174761,144104,0,3357,616
174761,044704,0,3493,641
174762,000104,0,3541,652
174762,100704,0,3677,677
174763,004104,0,3541,652
174763,104704,0,3677,677
174764,040104,0,3357,616
174764,040704,0,3493,641
174765,144104,0,3357,616
174765,044704,0,3493,641
174766,000104,0,3541,652
174766,100704,0,3677,677
174767,040104,0,3357,616
174767,040704,0,3493,641
174770,144104,0,3363,619
174770,044704,0,3499,644
174771,144104,0,3363,619
174771,044704,0,3499,644
174772,144104,0,3363,619
174772,044704,0,3499,644
174773,144104,0,3363,619
174773,044704,0,3499,644
174774,144104,0,3363,619
174774,044704,0,3499,644
174775,144104,0,3363,619
174775,044704,0,3499,644
174776,144104,0,3363,619
174776,044704,0,3499,644
174777,000104,0,3547,655
174777,100704,0,3683,680
171400,000104,0,3470,599
171400,100704,0,3684,636
171401,040104,0,3823,705
171401,040704,0,4037,742
171402,000104,0,3823,705
171402,100704,0,4037,742
171403,040104,0,3823,705
171403,040704,0,4037,742
171404,000104,0,3823,705
171404,100704,0,4037,742
171405,040104,0,3823,705
171405,040704,0,4037,742
171406,000104,0,1906,317
171406,100704,0,1908,318
171407,000104,0,1906,317
171407,100704,0,1908,318
171410,000104,0,3735,694
171410,100704,0,3949,733
171411,040104,0,3735,694
171411,040704,0,3949,733
171412,000104,0,3735,694
171412,100704,0,3949,733
171413,040104,0,3735,694
171413,040704,0,3949,733
171414,000104,0,3735,694
171414,100704,0,3949,733
171415,040104,0,3735,694
171415,040704,0,3949,733
171416,000104,0,3735,694
171416,100704,0,3949,733
171417,144104,0,3735,694
171417,044704,0,3949,733
171420,040104,0,3844,717
171420,040704,0,4058,756
171421,000104,0,3844,717
171421,100704,0,4058,756
171422,040104,0,3844,717
171422,040704,0,4058,756
171423,000104,0,3844,717
171423,100704,0,4058,756
171424,040104,0,3844,717
171424,040704,0,4058,756
171425,000104,0,3844,717
171425,100704,0,4058,756
171426,040104,0,3844,717
171426,040704,0,4058,756
171427,004104,0,3789,704
171427,104704,0,3953,733
171430,040104,0,3865,721
171430,040704,0,4079,760
171431,144104,0,3865,721
171431,044704,0,4079,760
171432,000104,0,3865,721
171432,100704,0,4079,760
171433,004104,0,3865,721
171433,104704,0,4079,760
171434,040104,0,3865,721
171434,040704,0,4079,760
171435,144104,0,3865,721
171435,044704,0,4079,760
171436,000104,0,3865,721
171436,100704,0,4079,760
171437,040104,0,3818,711
171437,040704,0,4032,750
171440,000104,0,3844,717
171440,100704,0,4058,756
171441,040104,0,3844,717
171441,040704,0,4058,756
171442,000104,0,3844,717
171442,100704,0,4058,756
171443,040104,0,3844,717
171443,040704,0,4058,756
171444,000104,0,3844,717
171444,100704,0,4058,756
171445,040104,0,3844,717
171445,040704,0,4058,756
171446,000104,0,3844,717
171446,100704,0,4058,756
171447,144104,0,3797,707
171447,044704,0,4011,746
171450,040104,0,3865,721
171450,040704,0,4079,760
171451,144104,0,3865,721
171451,044704,0,4079,760
171452,000104,0,3865,721
171452,100704,0,4079,760
171453,004104,0,3865,721
171453,104704,0,4079,760
171454,040104,0,3865,721
171454,040704,0,4079,760
171455,144104,0,3865,721
171455,044704,0,4079,760
171456,000104,0,3865,721
171456,100704,0,4079,760
171457,040104,0,1997,342
171457,040704,0,1999,343
171460,000104,0,3815,708
171460,100704,0,4029,747
171461,004104,0,3815,708
171461,104704,0,4029,747
171462,040104,0,3815,708
171462,040704,0,4029,747
171463,144104,0,3815,708
171463,044704,0,4029,747
171464,000104,0,3815,708
171464,100704,0,4029,747
171465,004104,0,3815,708
171465,104704,0,4029,747
171466,040104,0,3815,708
171466,040704,0,4029,747
171467,000104,0,3815,708
171467,100704,0,4029,747
171470,004104,0,3821,711
171470,104704,0,4035,750
171471,004104,0,3821,711
171471,104704,0,4035,750
171472,004104,0,3821,711
171472,104704,0,4035,750
171473,004104,0,3821,711
171473,104704,0,4035,750
171474,004104,0,3821,711
171474,104704,0,4035,750
171475,004104,0,3821,711
171475,104704,0,4035,750
171476,004104,0,3821,711
171476,104704,0,4035,750
171477,040104,0,3821,711
171477,040704,0,4035,750
171500,040104,0,3741,690
171500,040704,0,3927,721
171501,000104,0,3388,584
171501,100704,0,3574,615
171502,040104,0,3741,690
171502,040704,0,3927,721
171503,000104,0,3741,690
171503,100704,0,3927,721
171504,040104,0,3741,690
171504,040704,0,3927,721
171505,000104,0,3741,690
171505,100704,0,3927,721
171506,040104,0,1722,281
171506,040704,0,1724,282
171507,040104,0,1722,281
171507,040704,0,1724,282
171510,040104,0,3653,679
171510,040704,0,3839,712
171511,000104,0,3653,679
171511,100704,0,3839,712
171512,040104,0,3653,679
171512,040704,0,3839,712
171513,000104,0,3653,679
171513,100704,0,3839,712
171514,040104,0,3653,679
171514,040704,0,3839,712
171515,000104,0,3653,679
171515,100704,0,3839,712
171516,040104,0,3653,679
171516,040704,0,3839,712
171517,004104,0,3653,679
171517,104704,0,3839,712
171520,000104,0,3762,702
171520,100704,0,3948,735
171521,040104,0,3762,702
171521,040704,0,3948,735
171522,000104,0,3762,702
171522,100704,0,3948,735
171523,040104,0,3762,702
171523,040704,0,3948,735
171524,000104,0,3762,702
171524,100704,0,3948,735
171525,040104,0,3762,702
171525,040704,0,3948,735
171526,000104,0,3762,702
171526,100704,0,3948,735
171527,144104,0,3707,689
171527,044704,0,3843,712
171530,000104,0,3783,706
171530,100704,0,3969,739
171531,004104,0,3783,706
171531,104704,0,3969,739
171532,040104,0,3783,706
171532,040704,0,3969,739
171533,144104,0,3783,706
171533,044704,0,3969,739
171534,000104,0,3783,706
171534,100704,0,3969,739
171535,004104,0,3783,706
171535,104704,0,3969,739
171536,040104,0,3783,706
171536,040704,0,3969,739
171537,000104,0,3736,696
171537,100704,0,3922,729
171540,040104,0,3762,702
171540,040704,0,3948,735
171541,000104,0,3762,702
171541,100704,0,3948,735
171542,040104,0,3762,702
171542,040704,0,3948,735
171543,000104,0,3762,702
171543,100704,0,3948,735
171544,040104,0,3762,702
171544,040704,0,3948,735
171545,000104,0,3762,702
171545,100704,0,3948,735
171546,040104,0,3762,702
171546,040704,0,3948,735
171547,004104,0,3715,692
171547,104704,0,3901,725
171550,000104,0,3783,706
171550,100704,0,3969,739
171551,004104,0,3783,706
171551,104704,0,3969,739
171552,040104,0,3783,706
171552,040704,0,3969,739
171553,144104,0,3783,706
171553,044704,0,3969,739
171554,000104,0,3783,706
171554,100704,0,3969,739
171555,004104,0,3783,706
171555,104704,0,3969,739
171556,040104,0,3783,706
171556,040704,0,3969,739
171557,000104,0,1997,342
171557,100704,0,1999,343
171560,040104,0,3733,693
171560,040704,0,3919,726
171561,144104,0,3733,693
171561,044704,0,3919,726
171562,000104,0,3733,693
171562,100704,0,3919,726
171563,004104,0,3733,693
171563,104704,0,3919,726
171564,040104,0,3733,693
171564,040704,0,3919,726
171565,144104,0,3733,693
171565,044704,0,3919,726
171566,000104,0,3733,693
171566,100704,0,3919,726
171567,040104,0,3733,693
171567,040704,0,3919,726
171570,144104,0,3739,696
171570,044704,0,3925,729
171571,144104,0,3739,696
171571,044704,0,3925,729
171572,144104,0,3739,696
171572,044704,0,3925,729
171573,144104,0,3739,696
171573,044704,0,3925,729
171574,144104,0,3739,696
171574,044704,0,3925,729
171575,144104,0,3739,696
171575,044704,0,3925,729
171576,144104,0,3739,696
171576,044704,0,3925,729
171577,000104,0,3739,696
171577,100704,0,3925,729
171600,000104,0,3823,705
171600,100704,0,4037,742
171601,040104,0,3823,705
171601,040704,0,4037,742
171602,000104,0,3470,599
171602,100704,0,3684,636
171603,040104,0,3823,705
171603,040704,0,4037,742
171604,000104,0,3823,705
171604,100704,0,4037,742
171605,040104,0,3823,705
171605,040704,0,4037,742
171606,000104,0,1906,317
171606,100704,0,1908,318
171607,000104,0,1906,317
171607,100704,0,1908,318
171610,000104,0,3735,694
171610,100704,0,3949,733
171611,040104,0,3735,694
171611,040704,0,3949,733
171612,000104,0,3735,694
171612,100704,0,3949,733
171613,040104,0,3735,694
171613,040704,0,3949,733
171614,000104,0,3735,694
171614,100704,0,3949,733
171615,040104,0,3735,694
171615,040704,0,3949,733
171616,000104,0,3735,694
171616,100704,0,3949,733
171617,144104,0,3735,694
171617,044704,0,3949,733
171620,040104,0,3844,717
171620,040704,0,4058,756
171621,000104,0,3844,717
171621,100704,0,4058,756
171622,040104,0,3844,717
171622,040704,0,4058,756
171623,000104,0,3844,717
171623,100704,0,4058,756
171624,040104,0,3844,717
171624,040704,0,4058,756
171625,000104,0,3844,717
171625,100704,0,4058,756
171626,040104,0,3844,717
171626,040704,0,4058,756
171627,004104,0,3789,704
171627,104704,0,3953,733
171630,040104,0,3865,721
171630,040704,0,4079,760
171631,144104,0,3865,721
171631,044704,0,4079,760
171632,000104,0,3865,721
171632,100704,0,4079,760
171633,004104,0,3865,721
171633,104704,0,4079,760
171634,040104,0,3865,721
171634,040704,0,4079,760
171635,144104,0,3865,721
171635,044704,0,4079,760
171636,000104,0,3865,721
171636,100704,0,4079,760
171637,040104,0,3818,711
171637,040704,0,4032,750
171640,000104,0,3844,717
171640,100704,0,4058,756
171641,040104,0,3844,717
171641,040704,0,4058,756
171642,000104,0,3844,717
171642,100704,0,4058,756
171643,040104,0,3844,717
171643,040704,0,4058,756
171644,000104,0,3844,717
171644,100704,0,4058,756
171645,040104,0,3844,717
171645,040704,0,4058,756
171646,000104,0,3844,717
171646,100704,0,4058,756
171647,144104,0,3797,707
171647,044704,0,4011,746
171650,040104,0,3865,721
171650,040704,0,4079,760
171651,144104,0,3865,721
171651,044704,0,4079,760
171652,000104,0,3865,721
171652,100704,0,4079,760
171653,004104,0,3865,721
171653,104704,0,4079,760
171654,040104,0,3865,721
171654,040704,0,4079,760
171655,144104,0,3865,721
171655,044704,0,4079,760
171656,000104,0,3865,721
171656,100704,0,4079,760
171657,040104,0,1997,342
171657,040704,0,1999,343
171660,000104,0,3815,708
171660,100704,0,4029,747
171661,004104,0,3815,708
171661,104704,0,4029,747
171662,040104,0,3815,708
171662,040704,0,4029,747
171663,144104,0,3815,708
171663,044704,0,4029,747
171664,000104,0,3815,708
171664,100704,0,4029,747
171665,004104,0,3815,708
171665,104704,0,4029,747
171666,040104,0,3815,708
171666,040704,0,4029,747
171667,000104,0,3815,708
171667,100704,0,4029,747
171670,004104,0,3821,711
171670,104704,0,4035,750
171671,004104,0,3821,711
171671,104704,0,4035,750
171672,004104,0,3821,711
171672,104704,0,4035,750
171673,004104,0,3821,711
171673,104704,0,4035,750
171674,004104,0,3821,711
171674,104704,0,4035,750
171675,004104,0,3821,711
171675,104704,0,4035,750
171676,004104,0,3821,711
171676,104704,0,4035,750
171677,040104,0,3821,711
171677,040704,0,4035,750
171700,040104,0,3741,690
171700,040704,0,3927,721
171701,000104,0,3741,690
171701,100704,0,3927,721
171702,040104,0,3741,690
171702,040704,0,3927,721
171703,000104,0,3388,584
171703,100704,0,3574,615
171704,040104,0,3741,690
171704,040704,0,3927,721
171705,000104,0,3741,690
171705,100704,0,3927,721
171706,040104,0,1722,281
171706,040704,0,1724,282
171707,040104,0,1722,281
171707,040704,0,1724,282
171710,040104,0,3653,679
171710,040704,0,3839,712
171711,000104,0,3653,679
171711,100704,0,3839,712
171712,040104,0,3653,679
171712,040704,0,3839,712
171713,000104,0,3653,679
171713,100704,0,3839,712
171714,040104,0,3653,679
171714,040704,0,3839,712
171715,000104,0,3653,679
171715,100704,0,3839,712
171716,040104,0,3653,679
171716,040704,0,3839,712
171717,004104,0,3653,679
171717,104704,0,3839,712
171720,000104,0,3762,702
171720,100704,0,3948,735
171721,040104,0,3762,702
171721,040704,0,3948,735
171722,000104,0,3762,702
171722,100704,0,3948,735
171723,040104,0,3762,702
171723,040704,0,3948,735
171724,000104,0,3762,702
171724,100704,0,3948,735
171725,040104,0,3762,702
171725,040704,0,3948,735
171726,000104,0,3762,702
171726,100704,0,3948,735
171727,144104,0,3707,689
171727,044704,0,3843,712
171730,000104,0,3783,706
171730,100704,0,3969,739
171731,004104,0,3783,706
171731,104704,0,3969,739
171732,040104,0,3783,706
171732,040704,0,3969,739
171733,144104,0,3783,706
171733,044704,0,3969,739
171734,000104,0,3783,706
171734,100704,0,3969,739
171735,004104,0,3783,706
171735,104704,0,3969,739
171736,040104,0,3783,706
171736,040704,0,3969,739
171737,000104,0,3736,696
171737,100704,0,3922,729
171740,040104,0,3762,702
171740,040704,0,3948,735
171741,000104,0,3762,702
171741,100704,0,3948,735
171742,040104,0,3762,702
171742,040704,0,3948,735
171743,000104,0,3762,702
171743,100704,0,3948,735
171744,040104,0,3762,702
171744,040704,0,3948,735
171745,000104,0,3762,702
171745,100704,0,3948,735
171746,040104,0,3762,702
171746,040704,0,3948,735
171747,004104,0,3715,692
171747,104704,0,3901,725
171750,000104,0,3783,706
171750,100704,0,3969,739
171751,004104,0,3783,706
171751,104704,0,3969,739
171752,040104,0,3783,706
171752,040704,0,3969,739
171753,144104,0,3783,706
171753,044704,0,3969,739
171754,000104,0,3783,706
171754,100704,0,3969,739
171755,004104,0,3783,706
171755,104704,0,3969,739
171756,040104,0,3783,706
171756,040704,0,3969,739
171757,000104,0,1997,342
171757,100704,0,1999,343
171760,040104,0,3733,693
171760,040704,0,3919,726
171761,144104,0,3733,693
171761,044704,0,3919,726
171762,000104,0,3733,693
171762,100704,0,3919,726
171763,004104,0,3733,693
171763,104704,0,3919,726
171764,040104,0,3733,693
171764,040704,0,3919,726
171765,144104,0,3733,693
171765,044704,0,3919,726
171766,000104,0,3733,693
171766,100704,0,3919,726
171767,040104,0,3733,693
171767,040704,0,3919,726
171770,144104,0,3739,696
171770,044704,0,3925,729
171771,144104,0,3739,696
171771,044704,0,3925,729
171772,144104,0,3739,696
171772,044704,0,3925,729
171773,144104,0,3739,696
171773,044704,0,3925,729
171774,144104,0,3739,696
171774,044704,0,3925,729
171775,144104,0,3739,696
171775,044704,0,3925,729
171776,144104,0,3739,696
171776,044704,0,3925,729
171777,000104,0,3739,696
171777,100704,0,3925,729
170400,003104,0,1960,337
170400,103704,0,2012,346
170401,041104,0,1960,337
170401,041704,0,2012,346
170402,003104,0,1960,337
170402,103704,0,2012,346
170403,041104,0,1960,337
170403,041704,0,2012,346
170404,003104,0,1960,337
170404,103704,0,2012,346
170405,041104,0,1960,337
170405,041704,0,2012,346
170406,003104,0,1647,282
170406,103704,0,1649,283
170407,003104,0,1647,282
170407,103704,0,1649,283
170410,003104,0,1944,338
170410,103704,0,2028,353
170411,041104,0,1944,338
170411,041704,0,2028,353
170412,003104,0,1944,338
170412,103704,0,2028,353
170413,041104,0,1944,338
170413,041704,0,2028,353
170414,003104,0,1944,338
170414,103704,0,2028,353
170415,041104,0,1944,338
170415,041704,0,2028,353
170416,003104,0,1944,338
170416,103704,0,2028,353
170417,146104,0,1944,338
170417,046704,0,2028,353
170420,041104,0,2053,361
170420,041704,0,2137,376
170421,003104,0,2053,361
170421,103704,0,2137,376
170422,041104,0,2053,361
170422,041704,0,2137,376
170423,003104,0,2053,361
170423,103704,0,2137,376
170424,041104,0,2053,361
170424,041704,0,2137,376
170425,003104,0,2053,361
170425,103704,0,2137,376
170426,041104,0,2053,361
170426,041704,0,2137,376
170427,004104,0,1982,346
170427,104704,0,1984,347
170430,041104,0,2074,365
170430,041704,0,2158,380
170431,146104,0,2074,365
170431,046704,0,2158,380
170432,003104,0,2074,365
170432,103704,0,2158,380
170433,004104,0,2074,365
170433,104704,0,2158,380
170434,041104,0,2074,365
170434,041704,0,2158,380
170435,146104,0,2074,365
170435,046704,0,2158,380
170436,003104,0,2074,365
170436,103704,0,2158,380
170437,041104,0,2027,355
170437,041704,0,2111,370
170440,003104,0,2053,361
170440,103704,0,2137,376
170441,041104,0,2053,361
170441,041704,0,2137,376
170442,003104,0,2053,361
170442,103704,0,2137,376
170443,041104,0,2053,361
170443,041704,0,2137,376
170444,003104,0,2053,361
170444,103704,0,2137,376
170445,041104,0,2053,361
170445,041704,0,2137,376
170446,003104,0,2053,361
170446,103704,0,2137,376
170447,146104,0,2006,351
170447,046704,0,2090,366
170450,041104,0,2074,365
170450,041704,0,2158,380
170451,146104,0,2074,365
170451,046704,0,2158,380
170452,003104,0,2074,365
170452,103704,0,2158,380
170453,004104,0,2074,365
170453,104704,0,2158,380
170454,041104,0,2074,365
170454,041704,0,2158,380
170455,146104,0,2074,365
170455,046704,0,2158,380
170456,003104,0,2074,365
170456,103704,0,2158,380
170457,041104,0,1990,346
170457,041704,0,1992,347
170460,003104,0,2024,352
170460,103704,0,2108,367
170461,004104,0,2024,352
170461,104704,0,2108,367
170462,041104,0,2024,352
170462,041704,0,2108,367
170463,146104,0,2024,352
170463,046704,0,2108,367
170464,003104,0,2024,352
170464,103704,0,2108,367
170465,004104,0,2024,352
170465,104704,0,2108,367
170466,041104,0,2024,352
170466,041704,0,2108,367
170467,003104,0,2024,352
170467,103704,0,2108,367
170470,004104,0,2030,355
170470,104704,0,2114,370
170471,004104,0,2030,355
170471,104704,0,2114,370
170472,004104,0,2030,355
170472,104704,0,2114,370
170473,004104,0,2030,355
170473,104704,0,2114,370
170474,004104,0,2030,355
170474,104704,0,2114,370
170475,004104,0,2030,355
170475,104704,0,2114,370
170476,004104,0,2030,355
170476,104704,0,2114,370
170477,041104,0,2030,355
170477,041704,0,2114,370
170500,041104,0,1913,328
170500,041704,0,1965,337
170501,003104,0,1913,328
170501,103704,0,1965,337
170502,041104,0,1913,328
170502,041704,0,1965,337
170503,003104,0,1913,328
170503,103704,0,1965,337
170504,041104,0,1913,328
170504,041704,0,1965,337
170505,003104,0,1913,328
170505,103704,0,1965,337
170506,041104,0,1485,249
170506,041704,0,1487,250
170507,041104,0,1485,249
170507,041704,0,1487,250
170510,041104,0,1825,317
170510,041704,0,1877,328
170511,003104,0,1825,317
170511,103704,0,1877,328
170512,041104,0,1825,317
170512,041704,0,1877,328
170513,003104,0,1825,317
170513,103704,0,1877,328
170514,041104,0,1825,317
170514,041704,0,1877,328
170515,003104,0,1825,317
170515,103704,0,1877,328
170516,041104,0,1825,317
170516,041704,0,1877,328
170517,004104,0,1825,317
170517,104704,0,1877,328
170520,003104,0,1934,340
170520,103704,0,1986,351
170521,041104,0,1934,340
170521,041704,0,1986,351
170522,003104,0,1934,340
170522,103704,0,1986,351
170523,041104,0,1934,340
170523,041704,0,1986,351
170524,003104,0,1934,340
170524,103704,0,1986,351
170525,041104,0,1934,340
170525,041704,0,1986,351
170526,003104,0,1934,340
170526,103704,0,1986,351
170527,146104,0,1879,327
170527,046704,0,1881,328
170530,003104,0,1955,344
170530,103704,0,2007,355
170531,004104,0,1955,344
170531,104704,0,2007,355
170532,041104,0,1955,344
170532,041704,0,2007,355
170533,146104,0,1955,344
170533,046704,0,2007,355
170534,003104,0,1955,344
170534,103704,0,2007,355
170535,004104,0,1955,344
170535,104704,0,2007,355
170536,041104,0,1955,344
170536,041704,0,2007,355
170537,003104,0,1908,334
170537,103704,0,1960,345
170540,041104,0,1934,340
170540,041704,0,1986,351
170541,003104,0,1934,340
170541,103704,0,1986,351
170542,041104,0,1934,340
170542,041704,0,1986,351
170543,003104,0,1934,340
170543,103704,0,1986,351
170544,041104,0,1934,340
170544,041704,0,1986,351
170545,003104,0,1934,340
170545,103704,0,1986,351
170546,041104,0,1934,340
170546,041704,0,1986,351
170547,004104,0,1887,330
170547,104704,0,1939,341
170550,003104,0,1955,344
170550,103704,0,2007,355
170551,004104,0,1955,344
170551,104704,0,2007,355
170552,041104,0,1955,344
170552,041704,0,2007,355
170553,146104,0,1955,344
170553,046704,0,2007,355
170554,003104,0,1955,344
170554,103704,0,2007,355
170555,004104,0,1955,344
170555,104704,0,2007,355
170556,041104,0,1955,344
170556,041704,0,2007,355
170557,003104,0,1760,310
170557,103704,0,1762,311
170560,041104,0,1905,331
170560,041704,0,1957,342
170561,146104,0,1905,331
170561,046704,0,1957,342
170562,003104,0,1905,331
170562,103704,0,1957,342
170563,004104,0,1905,331
170563,104704,0,1957,342
170564,041104,0,1905,331
170564,041704,0,1957,342
170565,146104,0,1905,331
170565,046704,0,1957,342
170566,003104,0,1905,331
170566,103704,0,1957,342
170567,041104,0,1905,331
170567,041704,0,1957,342
170570,146104,0,1911,334
170570,046704,0,1963,345
170571,146104,0,1911,334
170571,046704,0,1963,345
170572,146104,0,1911,334
170572,046704,0,1963,345
170573,146104,0,1911,334
170573,046704,0,1963,345
170574,146104,0,1911,334
170574,046704,0,1963,345
170575,146104,0,1911,334
170575,046704,0,1963,345
170576,146104,0,1911,334
170576,046704,0,1963,345
170577,003104,0,1911,334
170577,103704,0,1963,345
170600,003104,0,2250,389
170600,103704,0,2352,406
170601,041104,0,2250,389
170601,041704,0,2352,406
170602,003104,0,2250,389
170602,103704,0,2352,406
170603,041104,0,2250,389
170603,041704,0,2352,406
170604,003104,0,2250,389
170604,103704,0,2352,406
170605,041104,0,2250,389
170605,041704,0,2352,406
170606,003104,0,1691,288
170606,103704,0,1693,289
170607,003104,0,1691,288
170607,103704,0,1693,289
170610,003104,0,2230,392
170610,103704,0,2364,417
170611,146104,0,2230,392
170611,046704,0,2364,417
170612,041104,0,2230,392
170612,041704,0,2364,417
170613,004104,0,2230,392
170613,104704,0,2364,417
170614,003104,0,2230,392
170614,103704,0,2364,417
170615,146104,0,2230,392
170615,046704,0,2364,417
170616,041104,0,2230,392
170616,041704,0,2364,417
170617,041104,0,2230,392
170617,041704,0,2364,417
170620,041104,0,2339,415
170620,041704,0,2473,440
170621,004104,0,2339,415
170621,104704,0,2473,440
170622,003104,0,2339,415
170622,103704,0,2473,440
170623,146104,0,2339,415
170623,046704,0,2473,440
170624,041104,0,2339,415
170624,041704,0,2473,440
170625,004104,0,2339,415
170625,104704,0,2473,440
170626,003104,0,2339,415
170626,103704,0,2473,440
170627,003104,0,2243,395
170627,103704,0,2245,396
170630,003104,0,2360,419
170630,103704,0,2494,444
170631,041104,0,2360,419
170631,041704,0,2494,444
170632,003104,0,2360,419
170632,103704,0,2494,444
170633,041104,0,2360,419
170633,041704,0,2494,444
170634,003104,0,2360,419
170634,103704,0,2494,444
170635,041104,0,2360,419
170635,041704,0,2494,444
170636,003104,0,2360,419
170636,103704,0,2494,444
170637,146104,0,2313,409
170637,046704,0,2447,434
170640,041104,0,2339,415
170640,041704,0,2473,440
170641,004104,0,2339,415
170641,104704,0,2473,440
170642,003104,0,2339,415
170642,103704,0,2473,440
170643,146104,0,2339,415
170643,046704,0,2473,440
170644,041104,0,2339,415
170644,041704,0,2473,440
170645,004104,0,2339,415
170645,104704,0,2473,440
170646,003104,0,2339,415
170646,103704,0,2473,440
170647,003104,0,2292,405
170647,103704,0,2426,430
170650,003104,0,2360,419
170650,103704,0,2494,444
170651,041104,0,2360,419
170651,041704,0,2494,444
170652,003104,0,2360,419
170652,103704,0,2494,444
170653,041104,0,2360,419
170653,041704,0,2494,444
170654,003104,0,2360,419
170654,103704,0,2494,444
170655,041104,0,2360,419
170655,041704,0,2494,444
170656,003104,0,2360,419
170656,103704,0,2494,444
170657,146104,0,1782,313
170657,046704,0,1784,314
170660,004104,0,2310,406
170660,104704,0,2444,431
170661,146104,0,2310,406
170661,046704,0,2444,431
170662,004104,0,2310,406
170662,104704,0,2444,431
170663,146104,0,2310,406
170663,046704,0,2444,431
170664,004104,0,2310,406
170664,104704,0,2444,431
170665,146104,0,2310,406
170665,046704,0,2444,431
170666,004104,0,2310,406
170666,104704,0,2444,431
170667,003104,0,2310,406
170667,103704,0,2444,431
170670,041104,0,2316,409
170670,041704,0,2450,434
170671,146104,0,2316,409
170671,046704,0,2450,434
170672,003104,0,2316,409
170672,103704,0,2450,434
170673,004104,0,2316,409
170673,104704,0,2450,434
170674,041104,0,2316,409
170674,041704,0,2450,434
170675,146104,0,2316,409
170675,046704,0,2450,434
170676,003104,0,2316,409
170676,103704,0,2450,434
170677,041104,0,2316,409
170677,041704,0,2450,434
170700,146104,0,2272,392
170700,046704,0,2374,409
170701,004104,0,2272,392
170701,104704,0,2374,409
170702,146104,0,2272,392
170702,046704,0,2374,409
170703,004104,0,2272,392
170703,104704,0,2374,409
170704,146104,0,2272,392
170704,046704,0,2374,409
170705,004104,0,2272,392
170705,104704,0,2374,409
170706,146104,0,1529,255
170706,046704,0,1531,256
170707,146104,0,1529,255
170707,046704,0,1531,256
170710,146104,0,2252,395
170710,046704,0,2386,420
170711,041104,0,2252,395
170711,041704,0,2386,420
170712,004104,0,2252,395
170712,104704,0,2386,420
170713,003104,0,2252,395
170713,103704,0,2386,420
170714,146104,0,2252,395
170714,046704,0,2386,420
170715,041104,0,2252,395
170715,041704,0,2386,420
170716,004104,0,2252,395
170716,104704,0,2386,420
170717,004104,0,2252,395
170717,104704,0,2386,420
170720,004104,0,2361,418
170720,104704,0,2495,443
170721,003104,0,2361,418
170721,103704,0,2495,443
170722,146104,0,2361,418
170722,046704,0,2495,443
170723,041104,0,2361,418
170723,041704,0,2495,443
170724,004104,0,2361,418
170724,104704,0,2495,443
170725,003104,0,2361,418
170725,103704,0,2495,443
170726,146104,0,2361,418
170726,046704,0,2495,443
170727,146104,0,2265,398
170727,046704,0,2267,399
170730,146104,0,2382,422
170730,046704,0,2516,447
170731,004104,0,2382,422
170731,104704,0,2516,447
170732,146104,0,2382,422
170732,046704,0,2516,447
170733,004104,0,2382,422
170733,104704,0,2516,447
170734,146104,0,2382,422
170734,046704,0,2516,447
170735,004104,0,2382,422
170735,104704,0,2516,447
170736,146104,0,2382,422
170736,046704,0,2516,447
170737,041104,0,2335,412
170737,041704,0,2469,437
170740,004104,0,2361,418
170740,104704,0,2495,443
170741,003104,0,2361,418
170741,103704,0,2495,443
170742,146104,0,2361,418
170742,046704,0,2495,443
170743,041104,0,2361,418
170743,041704,0,2495,443
170744,004104,0,2361,418
170744,104704,0,2495,443
170745,003104,0,2361,418
170745,103704,0,2495,443
170746,146104,0,2361,418
170746,046704,0,2495,443
170747,146104,0,2314,408
170747,046704,0,2448,433
170750,146104,0,2382,422
170750,046704,0,2516,447
170751,004104,0,2382,422
170751,104704,0,2516,447
170752,146104,0,2382,422
170752,046704,0,2516,447
170753,004104,0,2382,422
170753,104704,0,2516,447
170754,146104,0,2382,422
170754,046704,0,2516,447
170755,004104,0,2382,422
170755,104704,0,2516,447
170756,146104,0,2382,422
170756,046704,0,2516,447
170757,041104,0,1804,316
170757,041704,0,1806,317
170760,003104,0,2332,409
170760,103704,0,2466,434
170761,041104,0,2332,409
170761,041704,0,2466,434
170762,003104,0,2332,409
170762,103704,0,2466,434
170763,041104,0,2332,409
170763,041704,0,2466,434
170764,003104,0,2332,409
170764,103704,0,2466,434
170765,041104,0,2332,409
170765,041704,0,2466,434
170766,003104,0,2332,409
170766,103704,0,2466,434
170767,146104,0,2332,409
170767,046704,0,2466,434
170770,004104,0,2338,412
170770,104704,0,2472,437
170771,041104,0,2338,412
170771,041704,0,2472,437
170772,146104,0,2338,412
170772,046704,0,2472,437
170773,003104,0,2338,412
170773,103704,0,2472,437
170774,004104,0,2338,412
170774,104704,0,2472,437
170775,041104,0,2338,412
170775,041704,0,2472,437
170776,146104,0,2338,412
170776,046704,0,2472,437
170777,004104,0,2338,412
170777,104704,0,2472,437
175000,000004,0,2241,381
175000,100204,0,2264,385
175001,000044,0,2267,386
175001,000244,0,2264,385
175002,000004,0,2241,381
175002,100204,0,2264,385
175003,000044,0,2267,386
175003,000244,0,2264,385
175004,000004,0,2241,381
175004,100204,0,2264,385
175005,000044,0,2267,386
175005,000244,0,2264,385
175006,000004,0,2241,381
175006,100204,0,2264,385
175007,000044,0,2267,386
175007,000244,0,2264,385
175010,000004,0,2284,390
175010,100204,0,2307,394
175011,000044,0,2310,395
175011,000244,0,2307,394
175012,000004,0,2284,390
175012,100204,0,2307,394
175013,000044,0,2310,395
175013,000244,0,2307,394
175014,000004,0,2284,390
175014,100204,0,2307,394
175015,000044,0,2310,395
175015,000244,0,2307,394
175016,000004,0,2284,390
175016,100204,0,2307,394
175017,000004,0,2284,390
175017,100204,0,2307,394
175020,000004,0,2393,413
175020,100204,0,2416,417
175021,000044,0,2419,418
175021,000244,0,2416,417
175022,000004,0,2393,413
175022,100204,0,2416,417
175023,000044,0,2419,418
175023,000244,0,2416,417
175024,000004,0,2393,413
175024,100204,0,2416,417
175025,000044,0,2419,418
175025,000244,0,2416,417
175026,000004,0,2393,413
175026,100204,0,2416,417
175027,000004,0,2363,405
175027,100204,0,2386,409
175030,000004,0,2414,417
175030,100204,0,2437,421
175031,000004,0,2414,417
175031,100204,0,2437,421
175032,000004,0,2414,417
175032,100204,0,2437,421
175033,000004,0,2414,417
175033,100204,0,2437,421
175034,000004,0,2414,417
175034,100204,0,2437,421
175035,000004,0,2414,417
175035,100204,0,2437,421
175036,000004,0,2414,417
175036,100204,0,2437,421
175037,000044,0,2393,412
175037,000244,0,2390,411
175040,000004,0,2393,413
175040,100204,0,2416,417
175041,000044,0,2419,418
175041,000244,0,2416,417
175042,000004,0,2393,413
175042,100204,0,2416,417
175043,000044,0,2419,418
175043,000244,0,2416,417
175044,000004,0,2393,413
175044,100204,0,2416,417
175045,000044,0,2419,418
175045,000244,0,2416,417
175046,000004,0,2393,413
175046,100204,0,2416,417
175047,000004,0,2346,403
175047,100204,0,2369,407
175050,000004,0,2414,417
175050,100204,0,2437,421
175051,000004,0,2414,417
175051,100204,0,2437,421
175052,000004,0,2414,417
175052,100204,0,2437,421
175053,000004,0,2414,417
175053,100204,0,2437,421
175054,000004,0,2414,417
175054,100204,0,2437,421
175055,000004,0,2414,417
175055,100204,0,2437,421
175056,000004,0,2414,417
175056,100204,0,2437,421
175057,000044,0,2413,412
175057,000244,0,2410,411
175060,000004,0,2364,404
175060,100204,0,2387,408
175061,000004,0,2364,404
175061,100204,0,2387,408
175062,000004,0,2364,404
175062,100204,0,2387,408
175063,000004,0,2364,404
175063,100204,0,2387,408
175064,000004,0,2364,404
175064,100204,0,2387,408
175065,000004,0,2364,404
175065,100204,0,2387,408
175066,000004,0,2364,404
175066,100204,0,2387,408
175067,000044,0,2390,409
175067,000244,0,2387,408
175070,000044,0,2396,412
175070,000244,0,2393,411
175071,000004,0,2370,407
175071,100204,0,2393,411
175072,000044,0,2396,412
175072,000244,0,2393,411
175073,000004,0,2370,407
175073,100204,0,2393,411
175074,000044,0,2396,412
175074,000244,0,2393,411
175075,000004,0,2370,407
175075,100204,0,2393,411
175076,000044,0,2396,412
175076,000244,0,2393,411
175077,000044,0,2396,412
175077,000244,0,2393,411
175100,000004,0,2241,381
175100,100204,0,2264,385
175101,000044,0,2241,381
175101,000244,0,2290,390
175102,000004,0,2241,381
175102,100204,0,2264,385
175103,000044,0,2241,381
175103,000244,0,2290,390
175104,000004,0,2241,381
175104,100204,0,2264,385
175105,000044,0,2241,381
175105,000244,0,2290,390
175106,000004,0,2241,381
175106,100204,0,2264,385
175107,000044,0,2241,381
175107,000244,0,2290,390
175110,000004,0,2284,390
175110,100204,0,2307,394
175111,000044,0,2284,390
175111,000244,0,2333,399
175112,000004,0,2284,390
175112,100204,0,2307,394
175113,000044,0,2284,390
175113,000244,0,2333,399
175114,000004,0,2284,390
175114,100204,0,2307,394
175115,000044,0,2284,390
175115,000244,0,2333,399
175116,000004,0,2284,390
175116,100204,0,2307,394
175117,000004,0,2284,390
175117,100204,0,2307,394
175120,000004,0,2393,413
175120,100204,0,2416,417
175121,000044,0,2393,413
175121,000244,0,2442,422
175122,000004,0,2393,413
175122,100204,0,2416,417
175123,000044,0,2393,413
175123,000244,0,2442,422
175124,000004,0,2393,413
175124,100204,0,2416,417
175125,000044,0,2393,413
175125,000244,0,2442,422
175126,000004,0,2393,413
175126,100204,0,2416,417
175127,000004,0,2363,405
175127,100204,0,2386,409
175130,000004,0,2414,417
175130,100204,0,2437,421
175131,000004,0,2414,417
175131,100204,0,2437,421
175132,000004,0,2414,417
175132,100204,0,2437,421
175133,000004,0,2414,417
175133,100204,0,2437,421
175134,000004,0,2414,417
175134,100204,0,2437,421
175135,000004,0,2414,417
175135,100204,0,2437,421
175136,000004,0,2414,417
175136,100204,0,2437,421
175137,000044,0,2367,407
175137,000244,0,2416,416
175140,000004,0,2393,413
175140,100204,0,2416,417
175141,000044,0,2393,413
175141,000244,0,2442,422
175142,000004,0,2393,413
175142,100204,0,2416,417
175143,000044,0,2393,413
175143,000244,0,2442,422
175144,000004,0,2393,413
175144,100204,0,2416,417
175145,000044,0,2393,413
175145,000244,0,2442,422
175146,000004,0,2393,413
175146,100204,0,2416,417
175147,000004,0,2346,403
175147,100204,0,2369,407
175150,000004,0,2414,417
175150,100204,0,2437,421
175151,000004,0,2414,417
175151,100204,0,2437,421
175152,000004,0,2414,417
175152,100204,0,2437,421
175153,000004,0,2414,417
175153,100204,0,2437,421
175154,000004,0,2414,417
175154,100204,0,2437,421
175155,000004,0,2414,417
175155,100204,0,2437,421
175156,000004,0,2414,417
175156,100204,0,2437,421
175157,000044,0,2387,407
175157,000244,0,2436,416
175160,000004,0,2364,404
175160,100204,0,2387,408
175161,000004,0,2364,404
175161,100204,0,2387,408
175162,000004,0,2364,404
175162,100204,0,2387,408
175163,000004,0,2364,404
175163,100204,0,2387,408
175164,000004,0,2364,404
175164,100204,0,2387,408
175165,000004,0,2364,404
175165,100204,0,2387,408
175166,000004,0,2364,404
175166,100204,0,2387,408
175167,000044,0,2364,404
175167,000244,0,2413,413
175170,000044,0,2370,407
175170,000244,0,2419,416
175171,000004,0,2370,407
175171,100204,0,2393,411
175172,000044,0,2370,407
175172,000244,0,2419,416
175173,000004,0,2370,407
175173,100204,0,2393,411
175174,000044,0,2370,407
175174,000244,0,2419,416
175175,000004,0,2370,407
175175,100204,0,2393,411
175176,000044,0,2370,407
175176,000244,0,2419,416
175177,000044,0,2370,407
175177,000244,0,2419,416
175200,000004,0,2267,386
175200,100204,0,2264,385
175201,000044,0,2267,386
175201,000244,0,2290,390
175202,000004,0,2267,386
175202,100204,0,2264,385
175203,000044,0,2267,386
175203,000244,0,2290,390
175204,000004,0,2267,386
175204,100204,0,2264,385
175205,000044,0,2267,386
175205,000244,0,2290,390
175206,000004,0,2267,386
175206,100204,0,2264,385
175207,000044,0,2267,386
175207,000244,0,2290,390
175210,000004,0,2310,395
175210,100204,0,2307,394
175211,000044,0,2310,395
175211,000244,0,2333,399
175212,000004,0,2310,395
175212,100204,0,2307,394
175213,000044,0,2310,395
175213,000244,0,2333,399
175214,000004,0,2310,395
175214,100204,0,2307,394
175215,000044,0,2310,395
175215,000244,0,2333,399
175216,000004,0,2310,395
175216,100204,0,2307,394
175217,000004,0,2310,395
175217,100204,0,2307,394
175220,000004,0,2419,418
175220,100204,0,2416,417
175221,000044,0,2419,418
175221,000244,0,2442,422
175222,000004,0,2419,418
175222,100204,0,2416,417
175223,000044,0,2419,418
175223,000244,0,2442,422
175224,000004,0,2419,418
175224,100204,0,2416,417
175225,000044,0,2419,418
175225,000244,0,2442,422
175226,000004,0,2419,418
175226,100204,0,2416,417
175227,000004,0,2389,410
175227,100204,0,2386,409
175230,000004,0,2440,422
175230,100204,0,2437,421
175231,000004,0,2440,422
175231,100204,0,2437,421
175232,000004,0,2440,422
175232,100204,0,2437,421
175233,000004,0,2440,422
175233,100204,0,2437,421
175234,000004,0,2440,422
175234,100204,0,2437,421
175235,000004,0,2440,422
175235,100204,0,2437,421
175236,000004,0,2440,422
175236,100204,0,2437,421
175237,000044,0,2393,412
175237,000244,0,2416,416
175240,000004,0,2419,418
175240,100204,0,2416,417
175241,000044,0,2419,418
175241,000244,0,2442,422
175242,000004,0,2419,418
175242,100204,0,2416,417
175243,000044,0,2419,418
175243,000244,0,2442,422
175244,000004,0,2419,418
175244,100204,0,2416,417
175245,000044,0,2419,418
175245,000244,0,2442,422
175246,000004,0,2419,418
175246,100204,0,2416,417
175247,000004,0,2372,408
175247,100204,0,2369,407
175250,000004,0,2440,422
175250,100204,0,2437,421
175251,000004,0,2440,422
175251,100204,0,2437,421
175252,000004,0,2440,422
175252,100204,0,2437,421
175253,000004,0,2440,422
175253,100204,0,2437,421
175254,000004,0,2440,422
175254,100204,0,2437,421
175255,000004,0,2440,422
175255,100204,0,2437,421
175256,000004,0,2440,422
175256,100204,0,2437,421
175257,000044,0,2413,412
175257,000244,0,2436,416
175260,000004,0,2390,409
175260,100204,0,2387,408
175261,000004,0,2390,409
175261,100204,0,2387,408
175262,000004,0,2390,409
175262,100204,0,2387,408
175263,000004,0,2390,409
175263,100204,0,2387,408
175264,000004,0,2390,409
175264,100204,0,2387,408
175265,000004,0,2390,409
175265,100204,0,2387,408
175266,000004,0,2390,409
175266,100204,0,2387,408
175267,000044,0,2390,409
175267,000244,0,2413,413
175270,000044,0,2396,412
175270,000244,0,2419,416
175271,000004,0,2396,412
175271,100204,0,2393,411
175272,000044,0,2396,412
175272,000244,0,2419,416
175273,000004,0,2396,412
175273,100204,0,2393,411
175274,000044,0,2396,412
175274,000244,0,2419,416
175275,000004,0,2396,412
175275,100204,0,2393,411
175276,000044,0,2396,412
175276,000244,0,2419,416
175277,000044,0,2396,412
175277,000244,0,2419,416
175300,000004,0,2267,386
175300,100204,0,2290,390
175301,000044,0,2241,381
175301,000244,0,2290,390
175302,000004,0,2267,386
175302,100204,0,2290,390
175303,000044,0,2241,381
175303,000244,0,2290,390
175304,000004,0,2267,386
175304,100204,0,2290,390
175305,000044,0,2241,381
175305,000244,0,2290,390
175306,000004,0,2267,386
175306,100204,0,2290,390
175307,000044,0,2241,381
175307,000244,0,2290,390
175310,000004,0,2310,395
175310,100204,0,2333,399
175311,000044,0,2284,390
175311,000244,0,2333,399
175312,000004,0,2310,395
175312,100204,0,2333,399
175313,000044,0,2284,390
175313,000244,0,2333,399
175314,000004,0,2310,395
175314,100204,0,2333,399
175315,000044,0,2284,390
175315,000244,0,2333,399
175316,000004,0,2310,395
175316,100204,0,2333,399
175317,000004,0,2310,395
175317,100204,0,2333,399
175320,000004,0,2419,418
175320,100204,0,2442,422
175321,000044,0,2393,413
175321,000244,0,2442,422
175322,000004,0,2419,418
175322,100204,0,2442,422
175323,000044,0,2393,413
175323,000244,0,2442,422
175324,000004,0,2419,418
175324,100204,0,2442,422
175325,000044,0,2393,413
175325,000244,0,2442,422
175326,000004,0,2419,418
175326,100204,0,2442,422
175327,000004,0,2389,410
175327,100204,0,2412,414
175330,000004,0,2440,422
175330,100204,0,2463,426
175331,000004,0,2440,422
175331,100204,0,2463,426
175332,000004,0,2440,422
175332,100204,0,2463,426
175333,000004,0,2440,422
175333,100204,0,2463,426
175334,000004,0,2440,422
175334,100204,0,2463,426
175335,000004,0,2440,422
175335,100204,0,2463,426
175336,000004,0,2440,422
175336,100204,0,2463,426
175337,000044,0,2367,407
175337,000244,0,2416,416
175340,000004,0,2419,418
175340,100204,0,2442,422
175341,000044,0,2393,413
175341,000244,0,2442,422
175342,000004,0,2419,418
175342,100204,0,2442,422
175343,000044,0,2393,413
175343,000244,0,2442,422
175344,000004,0,2419,418
175344,100204,0,2442,422
175345,000044,0,2393,413
175345,000244,0,2442,422
175346,000004,0,2419,418
175346,100204,0,2442,422
175347,000004,0,2372,408
175347,100204,0,2395,412
175350,000004,0,2440,422
175350,100204,0,2463,426
175351,000004,0,2440,422
175351,100204,0,2463,426
175352,000004,0,2440,422
175352,100204,0,2463,426
175353,000004,0,2440,422
175353,100204,0,2463,426
175354,000004,0,2440,422
175354,100204,0,2463,426
175355,000004,0,2440,422
175355,100204,0,2463,426
175356,000004,0,2440,422
175356,100204,0,2463,426
175357,000044,0,2387,407
175357,000244,0,2436,416
175360,000004,0,2390,409
175360,100204,0,2413,413
175361,000004,0,2390,409
175361,100204,0,2413,413
175362,000004,0,2390,409
175362,100204,0,2413,413
175363,000004,0,2390,409
175363,100204,0,2413,413
175364,000004,0,2390,409
175364,100204,0,2413,413
175365,000004,0,2390,409
175365,100204,0,2413,413
175366,000004,0,2390,409
175366,100204,0,2413,413
175367,000044,0,2364,404
175367,000244,0,2413,413
175370,000044,0,2370,407
175370,000244,0,2419,416
175371,000004,0,2396,412
175371,100204,0,2419,416
175372,000044,0,2370,407
175372,000244,0,2419,416
175373,000004,0,2396,412
175373,100204,0,2419,416
175374,000044,0,2370,407
175374,000244,0,2419,416
175375,000004,0,2396,412
175375,100204,0,2419,416
175376,000044,0,2370,407
175376,000244,0,2419,416
175377,000044,0,2370,407
175377,000244,0,2419,416
175400,000004,0,7482,1914
175400,100204,0,3133,591
175401,000044,0,2967,562
175401,000244,0,3133,591
175402,000004,0,7482,1914
175402,100204,0,3133,591
175403,000044,0,2967,562
175403,000244,0,3133,591
175404,000004,0,7482,1914
175404,100204,0,3133,591
175405,000044,0,2967,562
175405,000244,0,3133,591
175406,040004,0,7482,1914
175406,140204,0,3133,591
175407,000044,0,2967,562
175407,000244,0,3133,591
175410,000004,0,7525,1923
175410,100204,0,3176,600
175411,000104,0,3070,581
175411,100304,0,3253,612
175412,000044,0,3010,571
175412,000244,0,3176,600
175413,100144,0,3070,581
175413,000344,0,3135,592
175414,000004,0,7525,1923
175414,100204,0,3176,600
175415,000104,0,3070,581
175415,100304,0,3253,612
175416,000044,0,3010,571
175416,000244,0,3176,600
175417,000104,0,3070,581
175417,100304,0,3253,612
175420,000004,0,7634,1946
175420,100204,0,3285,623
175421,000104,0,3179,604
175421,100304,0,3362,635
175422,000044,0,3119,594
175422,000244,0,3285,623
175423,100144,0,3179,604
175423,000344,0,3244,615
175424,000004,0,7634,1946
175424,100204,0,3285,623
175425,000104,0,3179,604
175425,100304,0,3362,635
175426,000044,0,3119,594
175426,000244,0,3285,623
175427,000104,0,3108,589
175427,100304,0,3291,620
175430,000104,0,3200,608
175430,100304,0,3383,639
175431,000004,0,7655,1950
175431,100204,0,3306,627
175432,100144,0,3200,608
175432,000344,0,3265,619
175433,000044,0,3140,598
175433,000244,0,3306,627
175434,000104,0,3200,608
175434,100304,0,3383,639
175435,000004,0,7655,1950
175435,100204,0,3306,627
175436,100144,0,3200,608
175436,000344,0,3265,619
175437,000004,0,7608,1940
175437,100204,0,3259,617
175440,000104,0,3179,604
175440,100304,0,3362,635
175441,000044,0,3119,594
175441,000244,0,3285,623
175442,100144,0,3179,604
175442,000344,0,3244,615
175443,000004,0,7634,1946
175443,100204,0,3285,623
175444,000104,0,3179,604
175444,100304,0,3362,635
175445,000044,0,3119,594
175445,000244,0,3285,623
175446,100144,0,3179,604
175446,000344,0,3244,615
175447,000044,0,3072,584
175447,000244,0,3238,613
175450,000104,0,3200,608
175450,100304,0,3383,639
175451,000004,0,7655,1950
175451,100204,0,3306,627
175452,100144,0,3200,608
175452,000344,0,3265,619
175453,000044,0,3140,598
175453,000244,0,3306,627
175454,000104,0,3200,608
175454,100304,0,3383,639
175455,000004,0,7655,1950
175455,100204,0,3306,627
175456,100144,0,3200,608
175456,000344,0,3265,619
175457,000004,0,7628,1940
175457,100204,0,3279,617
175460,000044,0,3090,585
175460,000244,0,3256,614
175461,000104,0,3150,595
175461,100304,0,3333,626
175462,000004,0,7605,1937
175462,100204,0,3256,614
175463,100144,0,3150,595
175463,000344,0,3215,606
175464,000044,0,3090,585
175464,000244,0,3256,614
175465,000104,0,3150,595
175465,100304,0,3333,626
175466,000004,0,7605,1937
175466,100204,0,3256,614
175467,000104,0,3150,595
175467,100304,0,3333,626
175470,000004,0,7611,1940
175470,100204,0,3262,617
175471,000104,0,3156,598
175471,100304,0,3339,629
175472,000044,0,3096,588
175472,000244,0,3262,617
175473,100144,0,3156,598
175473,000344,0,3221,609
175474,000004,0,7611,1940
175474,100204,0,3262,617
175475,000104,0,3156,598
175475,100304,0,3339,629
175476,000044,0,3096,588
175476,000244,0,3262,617
175477,000104,0,3156,598
175477,100304,0,3339,629
175500,000044,0,3068,580
175500,000244,0,3032,573
175501,000004,0,3068,580
175501,100204,0,3133,591
175502,000044,0,3068,580
175502,000244,0,3032,573
175503,000004,0,3068,580
175503,100204,0,3133,591
175504,000044,0,3068,580
175504,000244,0,3032,573
175505,000004,0,3068,580
175505,100204,0,3133,591
175506,040044,0,3068,580
175506,040244,0,3032,573
175507,000004,0,3068,580
175507,100204,0,3133,591
175510,000044,0,3111,589
175510,000244,0,3075,582
175511,100144,0,7005,1740
175511,000344,0,3253,612
175512,000004,0,3111,589
175512,100204,0,3176,600
175513,000104,0,3070,581
175513,100304,0,6918,1705
175514,000044,0,3111,589
175514,000244,0,3075,582
175515,100144,0,7005,1740
175515,000344,0,3253,612
175516,000004,0,3111,589
175516,100204,0,3176,600
175517,100144,0,7005,1740
175517,000344,0,3253,612
175520,000044,0,3220,612
175520,000244,0,3184,605
175521,100144,0,7114,1763
175521,000344,0,3362,635
175522,000004,0,3220,612
175522,100204,0,3285,623
175523,000104,0,3179,604
175523,100304,0,7027,1728
175524,000044,0,3220,612
175524,000244,0,3184,605
175525,100144,0,7114,1763
175525,000344,0,3362,635
175526,000004,0,3220,612
175526,100204,0,3285,623
175527,100144,0,7043,1748
175527,000344,0,3291,620
175530,100144,0,7135,1767
175530,000344,0,3383,639
175531,000044,0,3241,616
175531,000244,0,3205,609
175532,000104,0,3200,608
175532,100304,0,7048,1732
175533,000004,0,3241,616
175533,100204,0,3306,627
175534,100144,0,7135,1767
175534,000344,0,3383,639
175535,000044,0,3241,616
175535,000244,0,3205,609
175536,000104,0,3200,608
175536,100304,0,7048,1732
175537,000044,0,3194,606
175537,000244,0,3158,599
175540,100144,0,7114,1763
175540,000344,0,3362,635
175541,000004,0,3220,612
175541,100204,0,3285,623
175542,000104,0,3179,604
175542,100304,0,7027,1728
175543,000044,0,3220,612
175543,000244,0,3184,605
175544,100144,0,7114,1763
175544,000344,0,3362,635
175545,000004,0,3220,612
175545,100204,0,3285,623
175546,000104,0,3179,604
175546,100304,0,7027,1728
175547,000004,0,3173,602
175547,100204,0,3238,613
175550,100144,0,7135,1767
175550,000344,0,3383,639
175551,000044,0,3241,616
175551,000244,0,3205,609
175552,000104,0,3200,608
175552,100304,0,7048,1732
175553,000004,0,3241,616
175553,100204,0,3306,627
175554,100144,0,7135,1767
175554,000344,0,3383,639
175555,000044,0,3241,616
175555,000244,0,3205,609
175556,000104,0,3200,608
175556,100304,0,7048,1732
175557,000044,0,3214,606
175557,000244,0,3178,599
175560,000004,0,3191,603
175560,100204,0,3256,614
175561,100144,0,7085,1754
175561,000344,0,3333,626
175562,000044,0,3191,603
175562,000244,0,3155,596
175563,000104,0,3150,595
175563,100304,0,6998,1719
175564,000004,0,3191,603
175564,100204,0,3256,614
175565,100144,0,7085,1754
175565,000344,0,3333,626
175566,000044,0,3191,603
175566,000244,0,3155,596
175567,100144,0,7085,1754
175567,000344,0,3333,626
175570,000044,0,3197,606
175570,000244,0,3161,599
175571,100144,0,7091,1757
175571,000344,0,3339,629
175572,000004,0,3197,606
175572,100204,0,3262,617
175573,000104,0,3156,598
175573,100304,0,7004,1722
175574,000044,0,3197,606
175574,000244,0,3161,599
175575,100144,0,7091,1757
175575,000344,0,3339,629
175576,000004,0,3197,606
175576,100204,0,3262,617
175577,100144,0,7091,1757
175577,000344,0,3339,629
175600,000004,0,2967,562
175600,100204,0,3133,591
175601,000044,0,2967,562
175601,000244,0,3032,573
175602,000004,0,2967,562
175602,100204,0,3133,591
175603,000044,0,2967,562
175603,000244,0,3032,573
175604,000004,0,2967,562
175604,100204,0,3133,591
175605,000044,0,2967,562
175605,000244,0,3032,573
175606,040004,0,2967,562
175606,140204,0,3133,591
175607,000044,0,2967,562
175607,000244,0,3032,573
175610,000004,0,3010,571
175610,100204,0,3176,600
175611,000104,0,3188,601
175611,100304,0,7070,1751
175612,000044,0,3010,571
175612,000244,0,3075,582
175613,100144,0,3188,601
175613,000344,0,3253,612
175614,000004,0,3010,571
175614,100204,0,3176,600
175615,000104,0,3188,601
175615,100304,0,7070,1751
175616,000044,0,3010,571
175616,000244,0,3075,582
175617,000104,0,3188,601
175617,100304,0,7070,1751
175620,000004,0,3119,594
175620,100204,0,3285,623
175621,000104,0,3297,624
175621,100304,0,7179,1774
175622,000044,0,3119,594
175622,000244,0,3184,605
175623,100144,0,3297,624
175623,000344,0,3362,635
175624,000004,0,3119,594
175624,100204,0,3285,623
175625,000104,0,3297,624
175625,100304,0,7179,1774
175626,000044,0,3119,594
175626,000244,0,3184,605
175627,000104,0,3226,609
175627,100304,0,7108,1759
175630,000104,0,3318,628
175630,100304,0,7200,1778
175631,000004,0,3140,598
175631,100204,0,3306,627
175632,100144,0,3318,628
175632,000344,0,3383,639
175633,000044,0,3140,598
175633,000244,0,3205,609
175634,000104,0,3318,628
175634,100304,0,7200,1778
175635,000004,0,3140,598
175635,100204,0,3306,627
175636,100144,0,3318,628
175636,000344,0,3383,639
175637,000004,0,3093,588
175637,100204,0,3259,617
175640,000104,0,3297,624
175640,100304,0,7179,1774
175641,000044,0,3119,594
175641,000244,0,3184,605
175642,100144,0,3297,624
175642,000344,0,3362,635
175643,000004,0,3119,594
175643,100204,0,3285,623
175644,000104,0,3297,624
175644,100304,0,7179,1774
175645,000044,0,3119,594
175645,000244,0,3184,605
175646,100144,0,3297,624
175646,000344,0,3362,635
175647,000044,0,3072,584
175647,000244,0,3137,595
175650,000104,0,3318,628
175650,100304,0,7200,1778
175651,000004,0,3140,598
175651,100204,0,3306,627
175652,100144,0,3318,628
175652,000344,0,3383,639
175653,000044,0,3140,598
175653,000244,0,3205,609
175654,000104,0,3318,628
175654,100304,0,7200,1778
175655,000004,0,3140,598
175655,100204,0,3306,627
175656,100144,0,3318,628
175656,000344,0,3383,639
175657,000004,0,3113,588
175657,100204,0,3279,617
175660,000044,0,3090,585
175660,000244,0,3155,596
175661,000104,0,3268,615
175661,100304,0,7150,1765
175662,000004,0,3090,585
175662,100204,0,3256,614
175663,100144,0,3268,615
175663,000344,0,3333,626
175664,000044,0,3090,585
175664,000244,0,3155,596
175665,000104,0,3268,615
175665,100304,0,7150,1765
175666,000004,0,3090,585
175666,100204,0,3256,614
175667,000104,0,3268,615
175667,100304,0,7150,1765
175670,000004,0,3096,588
175670,100204,0,3262,617
175671,000104,0,3274,618
175671,100304,0,7156,1768
175672,000044,0,3096,588
175672,000244,0,3161,599
175673,100144,0,3274,618
175673,000344,0,3339,629
175674,000004,0,3096,588
175674,100204,0,3262,617
175675,000104,0,3274,618
175675,100304,0,7156,1768
175676,000044,0,3096,588
175676,000244,0,3161,599
175677,000104,0,3274,618
175677,100304,0,7156,1768
175700,000044,0,3068,580
175700,000244,0,3032,573
175701,000004,0,2967,562
175701,100204,0,3032,573
175702,000044,0,3068,580
175702,000244,0,3032,573
175703,000004,0,2967,562
175703,100204,0,3032,573
175704,000044,0,3068,580
175704,000244,0,3032,573
175705,000004,0,2967,562
175705,100204,0,3032,573
175706,040044,0,3068,580
175706,040244,0,3032,573
175707,000004,0,2967,562
175707,100204,0,3032,573
175710,000044,0,3111,589
175710,000244,0,3075,582
175711,100144,0,3070,581
175711,000344,0,3135,592
175712,000004,0,3010,571
175712,100204,0,3075,582
175713,000104,0,7537,1901
175713,100304,0,3253,612
175714,000044,0,3111,589
175714,000244,0,3075,582
175715,100144,0,3070,581
175715,000344,0,3135,592
175716,000004,0,3010,571
175716,100204,0,3075,582
175717,100144,0,3070,581
175717,000344,0,3135,592
175720,000044,0,3220,612
175720,000244,0,3184,605
175721,100144,0,3179,604
175721,000344,0,3244,615
175722,000004,0,3119,594
175722,100204,0,3184,605
175723,000104,0,7646,1924
175723,100304,0,3362,635
175724,000044,0,3220,612
175724,000244,0,3184,605
175725,100144,0,3179,604
175725,000344,0,3244,615
175726,000004,0,3119,594
175726,100204,0,3184,605
175727,100144,0,3108,589
175727,000344,0,3173,600
175730,100144,0,3200,608
175730,000344,0,3265,619
175731,000044,0,3241,616
175731,000244,0,3205,609
175732,000104,0,7667,1928
175732,100304,0,3383,639
175733,000004,0,3140,598
175733,100204,0,3205,609
175734,100144,0,3200,608
175734,000344,0,3265,619
175735,000044,0,3241,616
175735,000244,0,3205,609
175736,000104,0,7667,1928
175736,100304,0,3383,639
175737,000044,0,3194,606
175737,000244,0,3158,599
175740,100144,0,3179,604
175740,000344,0,3244,615
175741,000004,0,3119,594
175741,100204,0,3184,605
175742,000104,0,7646,1924
175742,100304,0,3362,635
175743,000044,0,3220,612
175743,000244,0,3184,605
175744,100144,0,3179,604
175744,000344,0,3244,615
175745,000004,0,3119,594
175745,100204,0,3184,605
175746,000104,0,7646,1924
175746,100304,0,3362,635
175747,000004,0,3072,584
175747,100204,0,3137,595
175750,100144,0,3200,608
175750,000344,0,3265,619
175751,000044,0,3241,616
175751,000244,0,3205,609
175752,000104,0,7667,1928
175752,100304,0,3383,639
175753,000004,0,3140,598
175753,100204,0,3205,609
175754,100144,0,3200,608
175754,000344,0,3265,619
175755,000044,0,3241,616
175755,000244,0,3205,609
175756,000104,0,7667,1928
175756,100304,0,3383,639
175757,000044,0,3214,606
175757,000244,0,3178,599
175760,000004,0,3090,585
175760,100204,0,3155,596
175761,100144,0,3150,595
175761,000344,0,3215,606
175762,000044,0,3191,603
175762,000244,0,3155,596
175763,000104,0,7617,1915
175763,100304,0,3333,626
175764,000004,0,3090,585
175764,100204,0,3155,596
175765,100144,0,3150,595
175765,000344,0,3215,606
175766,000044,0,3191,603
175766,000244,0,3155,596
175767,100144,0,3150,595
175767,000344,0,3215,606
175770,000044,0,3197,606
175770,000244,0,3161,599
175771,100144,0,3156,598
175771,000344,0,3221,609
175772,000004,0,3096,588
175772,100204,0,3161,599
175773,000104,0,7623,1918
175773,100304,0,3339,629
175774,000044,0,3197,606
175774,000244,0,3161,599
175775,100144,0,3156,598
175775,000344,0,3221,609
175776,000004,0,3096,588
175776,100204,0,3161,599
175777,100144,0,3156,598
175777,000344,0,3221,609
176000,000004,0,2591,453
176000,100204,0,2672,468
176001,000044,0,2500,431
176001,000244,0,2593,447
176002,000004,0,2500,431
176002,100204,0,2689,468
176003,000044,0,2500,431
176003,000244,0,2593,447
176004,000004,0,2500,431
176004,100204,0,2689,468
176005,000044,0,2500,431
176005,000244,0,2593,447
176006,000004,0,2067,347
176006,100204,0,2090,351
176007,000004,0,2067,347
176007,100204,0,2090,351
176010,000004,0,2541,441
176010,100204,0,2698,472
176011,000044,0,2541,441
176011,000244,0,2602,451
176012,000004,0,2541,441
176012,100204,0,2698,472
176013,000044,0,2541,441
176013,000244,0,2602,451
176014,000004,0,2541,441
176014,100204,0,2698,472
176015,000044,0,2541,441
176015,000244,0,2602,451
176016,000004,0,2541,441
176016,100204,0,2698,472
176017,000004,0,2541,441
176017,100204,0,2698,472
176020,000004,0,2650,464
176020,100204,0,2807,495
176021,000044,0,2650,464
176021,000244,0,2711,474
176022,000004,0,2650,464
176022,100204,0,2807,495
176023,000044,0,2650,464
176023,000244,0,2711,474
176024,000004,0,2650,464
176024,100204,0,2807,495
176025,000044,0,2650,464
176025,000244,0,2711,474
176026,000004,0,2650,464
176026,100204,0,2807,495
176027,000004,0,2497,435
176027,100204,0,2736,480
176030,000004,0,2671,468
176030,100204,0,2828,499
176031,000004,0,2671,468
176031,100204,0,2828,499
176032,000004,0,2671,468
176032,100204,0,2828,499
176033,000004,0,2671,468
176033,100204,0,2828,499
176034,000004,0,2671,468
176034,100204,0,2828,499
176035,000004,0,2671,468
176035,100204,0,2828,499
176036,000004,0,2671,468
176036,100204,0,2828,499
176037,000044,0,2624,458
176037,000244,0,2685,468
176040,000004,0,2650,464
176040,100204,0,2807,495
176041,000044,0,2650,464
176041,000244,0,2711,474
176042,000004,0,2650,464
176042,100204,0,2807,495
176043,000044,0,2650,464
176043,000244,0,2711,474
176044,000004,0,2650,464
176044,100204,0,2807,495
176045,000044,0,2650,464
176045,000244,0,2711,474
176046,000004,0,2650,464
176046,100204,0,2807,495
176047,000004,0,2603,454
176047,100204,0,2760,485
176050,000004,0,2671,468
176050,100204,0,2828,499
176051,000004,0,2671,468
176051,100204,0,2828,499
176052,000004,0,2671,468
176052,100204,0,2828,499
176053,000004,0,2671,468
176053,100204,0,2828,499
176054,000004,0,2671,468
176054,100204,0,2828,499
176055,000004,0,2671,468
176055,100204,0,2828,499
176056,000004,0,2671,468
176056,100204,0,2828,499
176057,000044,0,2476,426
176057,000244,0,2593,445
176060,000004,0,2621,455
176060,100204,0,2778,486
176061,000004,0,2621,455
176061,100204,0,2778,486
176062,000004,0,2621,455
176062,100204,0,2778,486
176063,000004,0,2621,455
176063,100204,0,2778,486
176064,000004,0,2621,455
176064,100204,0,2778,486
176065,000004,0,2621,455
176065,100204,0,2778,486
176066,000004,0,2621,455
176066,100204,0,2778,486
176067,000044,0,2621,455
176067,000244,0,2682,465
176070,000044,0,2627,458
176070,000244,0,2688,468
176071,000004,0,2627,458
176071,100204,0,2784,489
176072,000044,0,2627,458
176072,000244,0,2688,468
176073,000004,0,2627,458
176073,100204,0,2784,489
176074,000044,0,2627,458
176074,000244,0,2688,468
176075,000004,0,2627,458
176075,100204,0,2784,489
176076,000044,0,2627,458
176076,000244,0,2688,468
176077,000044,0,2627,458
176077,000244,0,2688,468
176100,000004,0,2526,436
176100,100204,0,2581,446
176101,000044,0,2591,453
176101,000244,0,2658,464
176102,000004,0,2526,436
176102,100204,0,2581,446
176103,000044,0,2500,431
176103,000244,0,2567,442
176104,000004,0,2526,436
176104,100204,0,2581,446
176105,000044,0,2500,431
176105,000244,0,2567,442
176106,000004,0,2067,347
176106,100204,0,2090,351
176107,000004,0,2067,347
176107,100204,0,2090,351
176110,000004,0,2567,446
176110,100204,0,2590,450
176111,000044,0,2541,441
176111,000244,0,2576,446
176112,000004,0,2567,446
176112,100204,0,2590,450
176113,000044,0,2541,441
176113,000244,0,2576,446
176114,000004,0,2567,446
176114,100204,0,2590,450
176115,000044,0,2541,441
176115,000244,0,2576,446
176116,000004,0,2567,446
176116,100204,0,2590,450
176117,000004,0,2567,446
176117,100204,0,2590,450
176120,000004,0,2676,469
176120,100204,0,2699,473
176121,000044,0,2650,464
176121,000244,0,2685,469
176122,000004,0,2676,469
176122,100204,0,2699,473
176123,000044,0,2650,464
176123,000244,0,2685,469
176124,000004,0,2676,469
176124,100204,0,2699,473
176125,000044,0,2650,464
176125,000244,0,2685,469
176126,000004,0,2676,469
176126,100204,0,2699,473
176127,000004,0,2523,440
176127,100204,0,2628,458
176130,000004,0,2697,473
176130,100204,0,2720,477
176131,000004,0,2697,473
176131,100204,0,2720,477
176132,000004,0,2697,473
176132,100204,0,2720,477
176133,000004,0,2697,473
176133,100204,0,2720,477
176134,000004,0,2697,473
176134,100204,0,2720,477
176135,000004,0,2697,473
176135,100204,0,2720,477
176136,000004,0,2697,473
176136,100204,0,2720,477
176137,000044,0,2624,458
176137,000244,0,2659,463
176140,000004,0,2676,469
176140,100204,0,2699,473
176141,000044,0,2650,464
176141,000244,0,2685,469
176142,000004,0,2676,469
176142,100204,0,2699,473
176143,000044,0,2650,464
176143,000244,0,2685,469
176144,000004,0,2676,469
176144,100204,0,2699,473
176145,000044,0,2650,464
176145,000244,0,2685,469
176146,000004,0,2676,469
176146,100204,0,2699,473
176147,000004,0,2629,459
176147,100204,0,2652,463
176150,000004,0,2697,473
176150,100204,0,2720,477
176151,000004,0,2697,473
176151,100204,0,2720,477
176152,000004,0,2697,473
176152,100204,0,2720,477
176153,000004,0,2697,473
176153,100204,0,2720,477
176154,000004,0,2697,473
176154,100204,0,2720,477
176155,000004,0,2697,473
176155,100204,0,2720,477
176156,000004,0,2697,473
176156,100204,0,2720,477
176157,000044,0,2476,426
176157,000244,0,2593,445
176160,000004,0,2647,460
176160,100204,0,2670,464
176161,000004,0,2647,460
176161,100204,0,2670,464
176162,000004,0,2647,460
176162,100204,0,2670,464
176163,000004,0,2647,460
176163,100204,0,2670,464
176164,000004,0,2647,460
176164,100204,0,2670,464
176165,000004,0,2647,460
176165,100204,0,2670,464
176166,000004,0,2647,460
176166,100204,0,2670,464
176167,000044,0,2621,455
176167,000244,0,2656,460
176170,000044,0,2627,458
176170,000244,0,2662,463
176171,000004,0,2653,463
176171,100204,0,2676,467
176172,000044,0,2627,458
176172,000244,0,2662,463
176173,000004,0,2653,463
176173,100204,0,2676,467
176174,000044,0,2627,458
176174,000244,0,2662,463
176175,000004,0,2653,463
176175,100204,0,2676,467
176176,000044,0,2627,458
176176,000244,0,2662,463
176177,000044,0,2627,458
176177,000244,0,2662,463
176200,000004,0,2500,431
176200,100204,0,2607,451
176201,000044,0,2526,436
176201,000244,0,2593,447
176202,000004,0,2591,453
176202,100204,0,2672,468
176203,000044,0,2526,436
176203,000244,0,2593,447
176204,000004,0,2500,431
176204,100204,0,2607,451
176205,000044,0,2526,436
176205,000244,0,2593,447
176206,000004,0,2067,347
176206,100204,0,2090,351
176207,000004,0,2067,347
176207,100204,0,2090,351
176210,000004,0,2541,441
176210,100204,0,2616,455
176211,000044,0,2567,446
176211,000244,0,2602,451
176212,000004,0,2541,441
176212,100204,0,2616,455
176213,000044,0,2567,446
176213,000244,0,2602,451
176214,000004,0,2541,441
176214,100204,0,2616,455
176215,000044,0,2567,446
176215,000244,0,2602,451
176216,000004,0,2541,441
176216,100204,0,2616,455
176217,000004,0,2541,441
176217,100204,0,2616,455
176220,000004,0,2650,464
176220,100204,0,2725,478
176221,000044,0,2676,469
176221,000244,0,2711,474
176222,000004,0,2650,464
176222,100204,0,2725,478
176223,000044,0,2676,469
176223,000244,0,2711,474
176224,000004,0,2650,464
176224,100204,0,2725,478
176225,000044,0,2676,469
176225,000244,0,2711,474
176226,000004,0,2650,464
176226,100204,0,2725,478
176227,000004,0,2497,435
176227,100204,0,2654,463
176230,000004,0,2671,468
176230,100204,0,2746,482
176231,000004,0,2671,468
176231,100204,0,2746,482
176232,000004,0,2671,468
176232,100204,0,2746,482
176233,000004,0,2671,468
176233,100204,0,2746,482
176234,000004,0,2671,468
176234,100204,0,2746,482
176235,000004,0,2671,468
176235,100204,0,2746,482
176236,000004,0,2671,468
176236,100204,0,2746,482
176237,000044,0,2650,463
176237,000244,0,2685,468
176240,000004,0,2650,464
176240,100204,0,2725,478
176241,000044,0,2676,469
176241,000244,0,2711,474
176242,000004,0,2650,464
176242,100204,0,2725,478
176243,000044,0,2676,469
176243,000244,0,2711,474
176244,000004,0,2650,464
176244,100204,0,2725,478
176245,000044,0,2676,469
176245,000244,0,2711,474
176246,000004,0,2650,464
176246,100204,0,2725,478
176247,000004,0,2603,454
176247,100204,0,2678,468
176250,000004,0,2671,468
176250,100204,0,2746,482
176251,000004,0,2671,468
176251,100204,0,2746,482
176252,000004,0,2671,468
176252,100204,0,2746,482
176253,000004,0,2671,468
176253,100204,0,2746,482
176254,000004,0,2671,468
176254,100204,0,2746,482
176255,000004,0,2671,468
176255,100204,0,2746,482
176256,000004,0,2671,468
176256,100204,0,2746,482
176257,000044,0,2476,426
176257,000244,0,2593,445
176260,000004,0,2621,455
176260,100204,0,2696,469
176261,000004,0,2621,455
176261,100204,0,2696,469
176262,000004,0,2621,455
176262,100204,0,2696,469
176263,000004,0,2621,455
176263,100204,0,2696,469
176264,000004,0,2621,455
176264,100204,0,2696,469
176265,000004,0,2621,455
176265,100204,0,2696,469
176266,000004,0,2621,455
176266,100204,0,2696,469
176267,000044,0,2647,460
176267,000244,0,2682,465
176270,000044,0,2653,463
176270,000244,0,2688,468
176271,000004,0,2627,458
176271,100204,0,2702,472
176272,000044,0,2653,463
176272,000244,0,2688,468
176273,000004,0,2627,458
176273,100204,0,2702,472
176274,000044,0,2653,463
176274,000244,0,2688,468
176275,000004,0,2627,458
176275,100204,0,2702,472
176276,000044,0,2653,463
176276,000244,0,2688,468
176277,000044,0,2653,463
176277,000244,0,2688,468
176300,000004,0,2526,436
176300,100204,0,2607,451
176301,000044,0,2526,436
176301,000244,0,2567,442
176302,000004,0,2526,436
176302,100204,0,2607,451
176303,000044,0,2591,453
176303,000244,0,2658,464
176304,000004,0,2526,436
176304,100204,0,2607,451
176305,000044,0,2526,436
176305,000244,0,2567,442
176306,000004,0,2067,347
176306,100204,0,2090,351
176307,000004,0,2067,347
176307,100204,0,2090,351
176310,000004,0,2567,446
176310,100204,0,2616,455
176311,000044,0,2567,446
176311,000244,0,2576,446
176312,000004,0,2567,446
176312,100204,0,2616,455
176313,000044,0,2567,446
176313,000244,0,2576,446
176314,000004,0,2567,446
176314,100204,0,2616,455
176315,000044,0,2567,446
176315,000244,0,2576,446
176316,000004,0,2567,446
176316,100204,0,2616,455
176317,000004,0,2567,446
176317,100204,0,2616,455
176320,000004,0,2676,469
176320,100204,0,2725,478
176321,000044,0,2676,469
176321,000244,0,2685,469
176322,000004,0,2676,469
176322,100204,0,2725,478
176323,000044,0,2676,469
176323,000244,0,2685,469
176324,000004,0,2676,469
176324,100204,0,2725,478
176325,000044,0,2676,469
176325,000244,0,2685,469
176326,000004,0,2676,469
176326,100204,0,2725,478
176327,000004,0,2523,440
176327,100204,0,2654,463
176330,000004,0,2697,473
176330,100204,0,2746,482
176331,000004,0,2697,473
176331,100204,0,2746,482
176332,000004,0,2697,473
176332,100204,0,2746,482
176333,000004,0,2697,473
176333,100204,0,2746,482
176334,000004,0,2697,473
176334,100204,0,2746,482
176335,000004,0,2697,473
176335,100204,0,2746,482
176336,000004,0,2697,473
176336,100204,0,2746,482
176337,000044,0,2650,463
176337,000244,0,2659,463
176340,000004,0,2676,469
176340,100204,0,2725,478
176341,000044,0,2676,469
176341,000244,0,2685,469
176342,000004,0,2676,469
176342,100204,0,2725,478
176343,000044,0,2676,469
176343,000244,0,2685,469
176344,000004,0,2676,469
176344,100204,0,2725,478
176345,000044,0,2676,469
176345,000244,0,2685,469
176346,000004,0,2676,469
176346,100204,0,2725,478
176347,000004,0,2629,459
176347,100204,0,2678,468
176350,000004,0,2697,473
176350,100204,0,2746,482
176351,000004,0,2697,473
176351,100204,0,2746,482
176352,000004,0,2697,473
176352,100204,0,2746,482
176353,000004,0,2697,473
176353,100204,0,2746,482
176354,000004,0,2697,473
176354,100204,0,2746,482
176355,000004,0,2697,473
176355,100204,0,2746,482
176356,000004,0,2697,473
176356,100204,0,2746,482
176357,000044,0,2476,426
176357,000244,0,2593,445
176360,000004,0,2647,460
176360,100204,0,2696,469
176361,000004,0,2647,460
176361,100204,0,2696,469
176362,000004,0,2647,460
176362,100204,0,2696,469
176363,000004,0,2647,460
176363,100204,0,2696,469
176364,000004,0,2647,460
176364,100204,0,2696,469
176365,000004,0,2647,460
176365,100204,0,2696,469
176366,000004,0,2647,460
176366,100204,0,2696,469
176367,000044,0,2647,460
176367,000244,0,2656,460
176370,000044,0,2653,463
176370,000244,0,2662,463
176371,000004,0,2653,463
176371,100204,0,2702,472
176372,000044,0,2653,463
176372,000244,0,2662,463
176373,000004,0,2653,463
176373,100204,0,2702,472
176374,000044,0,2653,463
176374,000244,0,2662,463
176375,000004,0,2653,463
176375,100204,0,2702,472
176376,000044,0,2653,463
176376,000244,0,2662,463
176377,000044,0,2653,463
176377,000244,0,2662,463
176400,000004,0,2687,460
176400,100204,0,2827,482
176401,000044,0,2687,460
176401,000244,0,2833,483
176402,000004,0,2687,460
176402,100204,0,2827,482
176403,000044,0,2687,460
176403,000244,0,2833,483
176404,000004,0,2687,460
176404,100204,0,2827,482
176405,000044,0,2687,460
176405,000244,0,2833,483
176406,000004,0,2687,460
176406,100204,0,2827,482
176407,000044,0,2687,460
176407,000244,0,2827,482
176410,000004,0,2718,465
176410,100204,0,2858,487
176411,000044,0,2718,465
176411,000244,0,2864,488
176412,000004,0,2718,465
176412,100204,0,2858,487
176413,000044,0,2718,465
176413,000244,0,2864,488
176414,000004,0,2718,465
176414,100204,0,2858,487
176415,000044,0,2718,465
176415,000244,0,2864,488
176416,000004,0,2718,465
176416,100204,0,2858,487
176417,000004,0,2718,465
176417,100204,0,2858,487
176420,000004,0,2827,488
176420,100204,0,2967,510
176421,000044,0,2827,488
176421,000244,0,2973,511
176422,000004,0,2827,488
176422,100204,0,2967,510
176423,000044,0,2827,488
176423,000244,0,2973,511
176424,000004,0,2827,488
176424,100204,0,2967,510
176425,000044,0,2827,488
176425,000244,0,2973,511
176426,000004,0,2827,488
176426,100204,0,2967,510
176427,000004,0,2797,480
176427,100204,0,2937,502
176430,000004,0,2848,492
176430,100204,0,2988,514
176431,000004,0,2848,492
176431,100204,0,2988,514
176432,000004,0,2848,492
176432,100204,0,2988,514
176433,000004,0,2848,492
176433,100204,0,2988,514
176434,000004,0,2848,492
176434,100204,0,2988,514
176435,000004,0,2848,492
176435,100204,0,2988,514
176436,000004,0,2848,492
176436,100204,0,2988,514
176437,000044,0,2801,482
176437,000244,0,2947,505
176440,000004,0,2827,488
176440,100204,0,2967,510
176441,000044,0,2827,488
176441,000244,0,2973,511
176442,000004,0,2827,488
176442,100204,0,2967,510
176443,000044,0,2827,488
176443,000244,0,2973,511
176444,000004,0,2827,488
176444,100204,0,2967,510
176445,000044,0,2827,488
176445,000244,0,2973,511
176446,000004,0,2827,488
176446,100204,0,2967,510
176447,000004,0,2786,479
176447,100204,0,2926,501
176450,000004,0,2848,492
176450,100204,0,2988,514
176451,000004,0,2848,492
176451,100204,0,2988,514
176452,000004,0,2848,492
176452,100204,0,2988,514
176453,000004,0,2848,492
176453,100204,0,2988,514
176454,000004,0,2848,492
176454,100204,0,2988,514
176455,000004,0,2848,492
176455,100204,0,2988,514
176456,000004,0,2848,492
176456,100204,0,2988,514
176457,000044,0,2165,371
176457,000244,0,2188,375
176460,000004,0,2798,479
176460,100204,0,2938,501
176461,000004,0,2798,479
176461,100204,0,2938,501
176462,000004,0,2798,479
176462,100204,0,2938,501
176463,000004,0,2798,479
176463,100204,0,2938,501
176464,000004,0,2798,479
176464,100204,0,2938,501
176465,000004,0,2798,479
176465,100204,0,2938,501
176466,000004,0,2798,479
176466,100204,0,2938,501
176467,000044,0,2798,479
176467,000244,0,2944,502
176470,000044,0,2804,482
176470,000244,0,2950,505
176471,000004,0,2804,482
176471,100204,0,2944,504
176472,000044,0,2804,482
176472,000244,0,2950,505
176473,000004,0,2804,482
176473,100204,0,2944,504
176474,000044,0,2804,482
176474,000244,0,2950,505
176475,000004,0,2804,482
176475,100204,0,2944,504
176476,000044,0,2804,482
176476,000244,0,2950,505
176477,000044,0,2804,482
176477,000244,0,2950,505
176500,000004,0,2687,460
176500,100204,0,2827,482
176501,000044,0,2687,460
176501,000244,0,2833,483
176502,000004,0,2687,460
176502,100204,0,2827,482
176503,000044,0,2687,460
176503,000244,0,2833,483
176504,000004,0,2687,460
176504,100204,0,2827,482
176505,000044,0,2687,460
176505,000244,0,2833,483
176506,000004,0,2687,460
176506,100204,0,2827,482
176507,000044,0,2687,460
176507,000244,0,2827,482
176510,000004,0,2718,465
176510,100204,0,2858,487
176511,000044,0,2718,465
176511,000244,0,2864,488
176512,000004,0,2718,465
176512,100204,0,2858,487
176513,000044,0,2718,465
176513,000244,0,2864,488
176514,000004,0,2718,465
176514,100204,0,2858,487
176515,000044,0,2718,465
176515,000244,0,2864,488
176516,000004,0,2718,465
176516,100204,0,2858,487
176517,000004,0,2718,465
176517,100204,0,2858,487
176520,000004,0,2827,488
176520,100204,0,2967,510
176521,000044,0,2827,488
176521,000244,0,2973,511
176522,000004,0,2827,488
176522,100204,0,2967,510
176523,000044,0,2827,488
176523,000244,0,2973,511
176524,000004,0,2827,488
176524,100204,0,2967,510
176525,000044,0,2827,488
176525,000244,0,2973,511
176526,000004,0,2827,488
176526,100204,0,2967,510
176527,000004,0,2797,480
176527,100204,0,2937,502
176530,000004,0,2848,492
176530,100204,0,2988,514
176531,000004,0,2848,492
176531,100204,0,2988,514
176532,000004,0,2848,492
176532,100204,0,2988,514
176533,000004,0,2848,492
176533,100204,0,2988,514
176534,000004,0,2848,492
176534,100204,0,2988,514
176535,000004,0,2848,492
176535,100204,0,2988,514
176536,000004,0,2848,492
176536,100204,0,2988,514
176537,000044,0,2801,482
176537,000244,0,2947,505
176540,000004,0,2827,488
176540,100204,0,2967,510
176541,000044,0,2827,488
176541,000244,0,2973,511
176542,000004,0,2827,488
176542,100204,0,2967,510
176543,000044,0,2827,488
176543,000244,0,2973,511
176544,000004,0,2827,488
176544,100204,0,2967,510
176545,000044,0,2827,488
176545,000244,0,2973,511
176546,000004,0,2827,488
176546,100204,0,2967,510
176547,000004,0,2786,479
176547,100204,0,2926,501
176550,000004,0,2848,492
176550,100204,0,2988,514
176551,000004,0,2848,492
176551,100204,0,2988,514
176552,000004,0,2848,492
176552,100204,0,2988,514
176553,000004,0,2848,492
176553,100204,0,2988,514
176554,000004,0,2848,492
176554,100204,0,2988,514
176555,000004,0,2848,492
176555,100204,0,2988,514
176556,000004,0,2848,492
176556,100204,0,2988,514
176557,000044,0,2165,371
176557,000244,0,2188,375
176560,000004,0,2798,479
176560,100204,0,2938,501
176561,000004,0,2798,479
176561,100204,0,2938,501
176562,000004,0,2798,479
176562,100204,0,2938,501
176563,000004,0,2798,479
176563,100204,0,2938,501
176564,000004,0,2798,479
176564,100204,0,2938,501
176565,000004,0,2798,479
176565,100204,0,2938,501
176566,000004,0,2798,479
176566,100204,0,2938,501
176567,000044,0,2798,479
176567,000244,0,2944,502
176570,000044,0,2804,482
176570,000244,0,2950,505
176571,000004,0,2804,482
176571,100204,0,2944,504
176572,000044,0,2804,482
176572,000244,0,2950,505
176573,000004,0,2804,482
176573,100204,0,2944,504
176574,000044,0,2804,482
176574,000244,0,2950,505
176575,000004,0,2804,482
176575,100204,0,2944,504
176576,000044,0,2804,482
176576,000244,0,2950,505
176577,000044,0,2804,482
176577,000244,0,2950,505
176600,000004,0,2687,460
176600,100204,0,2827,482
176601,000044,0,2687,460
176601,000244,0,2833,483
176602,000004,0,2687,460
176602,100204,0,2827,482
176603,000044,0,2687,460
176603,000244,0,2833,483
176604,000004,0,2687,460
176604,100204,0,2827,482
176605,000044,0,2687,460
176605,000244,0,2833,483
176606,000004,0,2687,460
176606,100204,0,2827,482
176607,000044,0,2687,460
176607,000244,0,2827,482
176610,000004,0,2718,465
176610,100204,0,2858,487
176611,000044,0,2718,465
176611,000244,0,2864,488
176612,000004,0,2718,465
176612,100204,0,2858,487
176613,000044,0,2718,465
176613,000244,0,2864,488
176614,000004,0,2718,465
176614,100204,0,2858,487
176615,000044,0,2718,465
176615,000244,0,2864,488
176616,000004,0,2718,465
176616,100204,0,2858,487
176617,000004,0,2718,465
176617,100204,0,2858,487
176620,000004,0,2827,488
176620,100204,0,2967,510
176621,000044,0,2827,488
176621,000244,0,2973,511
176622,000004,0,2827,488
176622,100204,0,2967,510
176623,000044,0,2827,488
176623,000244,0,2973,511
176624,000004,0,2827,488
176624,100204,0,2967,510
176625,000044,0,2827,488
176625,000244,0,2973,511
176626,000004,0,2827,488
176626,100204,0,2967,510
176627,000004,0,2797,480
176627,100204,0,2937,502
176630,000004,0,2848,492
176630,100204,0,2988,514
176631,000004,0,2848,492
176631,100204,0,2988,514
176632,000004,0,2848,492
176632,100204,0,2988,514
176633,000004,0,2848,492
176633,100204,0,2988,514
176634,000004,0,2848,492
176634,100204,0,2988,514
176635,000004,0,2848,492
176635,100204,0,2988,514
176636,000004,0,2848,492
176636,100204,0,2988,514
176637,000044,0,2801,482
176637,000244,0,2947,505
176640,000004,0,2827,488
176640,100204,0,2967,510
176641,000044,0,2827,488
176641,000244,0,2973,511
176642,000004,0,2827,488
176642,100204,0,2967,510
176643,000044,0,2827,488
176643,000244,0,2973,511
176644,000004,0,2827,488
176644,100204,0,2967,510
176645,000044,0,2827,488
176645,000244,0,2973,511
176646,000004,0,2827,488
176646,100204,0,2967,510
176647,000004,0,2786,479
176647,100204,0,2926,501
176650,000004,0,2848,492
176650,100204,0,2988,514
176651,000004,0,2848,492
176651,100204,0,2988,514
176652,000004,0,2848,492
176652,100204,0,2988,514
176653,000004,0,2848,492
176653,100204,0,2988,514
176654,000004,0,2848,492
176654,100204,0,2988,514
176655,000004,0,2848,492
176655,100204,0,2988,514
176656,000004,0,2848,492
176656,100204,0,2988,514
176657,000044,0,2165,371
176657,000244,0,2188,375
176660,000004,0,2798,479
176660,100204,0,2938,501
176661,000004,0,2798,479
176661,100204,0,2938,501
176662,000004,0,2798,479
176662,100204,0,2938,501
176663,000004,0,2798,479
176663,100204,0,2938,501
176664,000004,0,2798,479
176664,100204,0,2938,501
176665,000004,0,2798,479
176665,100204,0,2938,501
176666,000004,0,2798,479
176666,100204,0,2938,501
176667,000044,0,2798,479
176667,000244,0,2944,502
176670,000044,0,2804,482
176670,000244,0,2950,505
176671,000004,0,2804,482
176671,100204,0,2944,504
176672,000044,0,2804,482
176672,000244,0,2950,505
176673,000004,0,2804,482
176673,100204,0,2944,504
176674,000044,0,2804,482
176674,000244,0,2950,505
176675,000004,0,2804,482
176675,100204,0,2944,504
176676,000044,0,2804,482
176676,000244,0,2950,505
176677,000044,0,2804,482
176677,000244,0,2950,505
176700,000004,0,2687,460
176700,100204,0,2827,482
176701,000044,0,2687,460
176701,000244,0,2833,483
176702,000004,0,2687,460
176702,100204,0,2827,482
176703,000044,0,2687,460
176703,000244,0,2833,483
176704,000004,0,2687,460
176704,100204,0,2827,482
176705,000044,0,2687,460
176705,000244,0,2833,483
176706,000004,0,2687,460
176706,100204,0,2827,482
176707,000044,0,2687,460
176707,000244,0,2827,482
176710,000004,0,2718,465
176710,100204,0,2858,487
176711,000044,0,2718,465
176711,000244,0,2864,488
176712,000004,0,2718,465
176712,100204,0,2858,487
176713,000044,0,2718,465
176713,000244,0,2864,488
176714,000004,0,2718,465
176714,100204,0,2858,487
176715,000044,0,2718,465
176715,000244,0,2864,488
176716,000004,0,2718,465
176716,100204,0,2858,487
176717,000004,0,2718,465
176717,100204,0,2858,487
176720,000004,0,2827,488
176720,100204,0,2967,510
176721,000044,0,2827,488
176721,000244,0,2973,511
176722,000004,0,2827,488
176722,100204,0,2967,510
176723,000044,0,2827,488
176723,000244,0,2973,511
176724,000004,0,2827,488
176724,100204,0,2967,510
176725,000044,0,2827,488
176725,000244,0,2973,511
176726,000004,0,2827,488
176726,100204,0,2967,510
176727,000004,0,2797,480
176727,100204,0,2937,502
176730,000004,0,2848,492
176730,100204,0,2988,514
176731,000004,0,2848,492
176731,100204,0,2988,514
176732,000004,0,2848,492
176732,100204,0,2988,514
176733,000004,0,2848,492
176733,100204,0,2988,514
176734,000004,0,2848,492
176734,100204,0,2988,514
176735,000004,0,2848,492
176735,100204,0,2988,514
176736,000004,0,2848,492
176736,100204,0,2988,514
176737,000044,0,2801,482
176737,000244,0,2947,505
176740,000004,0,2827,488
176740,100204,0,2967,510
176741,000044,0,2827,488
176741,000244,0,2973,511
176742,000004,0,2827,488
176742,100204,0,2967,510
176743,000044,0,2827,488
176743,000244,0,2973,511
176744,000004,0,2827,488
176744,100204,0,2967,510
176745,000044,0,2827,488
176745,000244,0,2973,511
176746,000004,0,2827,488
176746,100204,0,2967,510
176747,000004,0,2786,479
176747,100204,0,2926,501
176750,000004,0,2848,492
176750,100204,0,2988,514
176751,000004,0,2848,492
176751,100204,0,2988,514
176752,000004,0,2848,492
176752,100204,0,2988,514
176753,000004,0,2848,492
176753,100204,0,2988,514
176754,000004,0,2848,492
176754,100204,0,2988,514
176755,000004,0,2848,492
176755,100204,0,2988,514
176756,000004,0,2848,492
176756,100204,0,2988,514
176757,000044,0,2165,371
176757,000244,0,2188,375
176760,000004,0,2798,479
176760,100204,0,2938,501
176761,000004,0,2798,479
176761,100204,0,2938,501
176762,000004,0,2798,479
176762,100204,0,2938,501
176763,000004,0,2798,479
176763,100204,0,2938,501
176764,000004,0,2798,479
176764,100204,0,2938,501
176765,000004,0,2798,479
176765,100204,0,2938,501
176766,000004,0,2798,479
176766,100204,0,2938,501
176767,000044,0,2798,479
176767,000244,0,2944,502
176770,000044,0,2804,482
176770,000244,0,2950,505
176771,000004,0,2804,482
176771,100204,0,2944,504
176772,000044,0,2804,482
176772,000244,0,2950,505
176773,000004,0,2804,482
176773,100204,0,2944,504
176774,000044,0,2804,482
176774,000244,0,2950,505
176775,000004,0,2804,482
176775,100204,0,2944,504
176776,000044,0,2804,482
176776,000244,0,2950,505
176777,000044,0,2804,482
176777,000244,0,2950,505
177000,000004,0,3758,755
177000,100204,0,3641,715
177001,000044,0,3514,693
177001,000244,0,3680,727
177002,000004,0,3758,755
177002,100204,0,3641,715
177003,000044,0,3514,693
177003,000244,0,3680,727
177004,000004,0,3758,755
177004,100204,0,3641,715
177005,000044,0,3514,693
177005,000244,0,3680,727
177006,000004,0,3663,729
177006,100204,0,3641,715
177007,000044,0,3989,823
177007,000244,0,4062,835
177010,000004,0,3789,760
177010,100204,0,3672,720
177011,000104,0,3814,755
177011,100304,0,4212,858
177012,000044,0,3545,698
177012,000244,0,3711,732
177013,100144,0,3800,758
177013,000344,0,3875,774
177014,000004,0,3789,760
177014,100204,0,3672,720
177015,000104,0,3814,755
177015,100304,0,4212,858
177016,000044,0,3545,698
177016,000244,0,3711,732
177017,000104,0,3814,755
177017,100304,0,4212,858
177020,000004,0,3898,783
177020,100204,0,3781,743
177021,000104,0,3923,778
177021,100304,0,4321,881
177022,000044,0,3654,721
177022,000244,0,3820,755
177023,100144,0,3909,781
177023,000344,0,3984,797
177024,000004,0,3898,783
177024,100204,0,3781,743
177025,000104,0,3923,778
177025,100304,0,4321,881
177026,000044,0,3654,721
177026,000244,0,3820,755
177027,000104,0,3813,752
177027,100304,0,4266,868
177030,000104,0,3944,782
177030,100304,0,4342,885
177031,000004,0,3919,787
177031,100204,0,3802,747
177032,100144,0,3930,785
177032,000344,0,4005,801
177033,000044,0,3675,725
177033,000244,0,3841,759
177034,000104,0,3944,782
177034,100304,0,4342,885
177035,000004,0,3919,787
177035,100204,0,3802,747
177036,100144,0,3930,785
177036,000344,0,4005,801
177037,000004,0,3872,777
177037,100204,0,3755,737
177040,000104,0,3923,778
177040,100304,0,4321,881
177041,000044,0,3654,721
177041,000244,0,3820,755
177042,100144,0,3909,781
177042,000344,0,3984,797
177043,000004,0,3898,783
177043,100204,0,3781,743
177044,000104,0,3923,778
177044,100304,0,4321,881
177045,000044,0,3654,721
177045,000244,0,3820,755
177046,100144,0,3909,781
177046,000344,0,3984,797
177047,000044,0,4270,889
177047,000244,0,4343,901
177050,000104,0,3944,782
177050,100304,0,4342,885
177051,000004,0,3919,787
177051,100204,0,3802,747
177052,100144,0,3930,785
177052,000344,0,4005,801
177053,000044,0,3675,725
177053,000244,0,3841,759
177054,000104,0,3944,782
177054,100304,0,4342,885
177055,000004,0,3919,787
177055,100204,0,3802,747
177056,100144,0,3930,785
177056,000344,0,4005,801
177057,000004,0,2192,376
177057,100204,0,2215,380
177060,000044,0,3625,712
177060,000244,0,3791,746
177061,000104,0,3894,769
177061,100304,0,4292,872
177062,000004,0,3869,774
177062,100204,0,3752,734
177063,100144,0,3880,772
177063,000344,0,3955,788
177064,000044,0,3625,712
177064,000244,0,3791,746
177065,000104,0,3894,769
177065,100304,0,4292,872
177066,000004,0,3869,774
177066,100204,0,3752,734
177067,000104,0,3894,769
177067,100304,0,4292,872
177070,000004,0,3875,777
177070,100204,0,3758,737
177071,000104,0,3900,772
177071,100304,0,4298,875
177072,000044,0,3631,715
177072,000244,0,3797,749
177073,100144,0,3886,775
177073,000344,0,3961,791
177074,000004,0,3875,777
177074,100204,0,3758,737
177075,000104,0,3900,772
177075,100304,0,4298,875
177076,000044,0,3631,715
177076,000244,0,3797,749
177077,000104,0,3900,772
177077,100304,0,4298,875
177100,000044,0,3514,693
177100,000244,0,3680,727
177101,000004,0,3758,755
177101,100204,0,3641,715
177102,000044,0,3514,693
177102,000244,0,3680,727
177103,000004,0,3758,755
177103,100204,0,3641,715
177104,000044,0,3514,693
177104,000244,0,3680,727
177105,000004,0,3758,755
177105,100204,0,3641,715
177106,000044,0,3514,693
177106,000244,0,3682,731
177107,000004,0,4043,833
177107,100204,0,4116,845
177110,000044,0,3545,698
177110,000244,0,3711,732
177111,100144,0,3800,758
177111,000344,0,3875,774
177112,000004,0,3789,760
177112,100204,0,3672,720
177113,000104,0,3814,755
177113,100304,0,4212,858
177114,000044,0,3545,698
177114,000244,0,3711,732
177115,100144,0,3800,758
177115,000344,0,3875,774
177116,000004,0,3789,760
177116,100204,0,3672,720
177117,100144,0,3800,758
177117,000344,0,3875,774
177120,000044,0,3654,721
177120,000244,0,3820,755
177121,100144,0,3909,781
177121,000344,0,3984,797
177122,000004,0,3898,783
177122,100204,0,3781,743
177123,000104,0,3923,778
177123,100304,0,4321,881
177124,000044,0,3654,721
177124,000244,0,3820,755
177125,100144,0,3909,781
177125,000344,0,3984,797
177126,000004,0,3898,783
177126,100204,0,3781,743
177127,100144,0,3854,768
177127,000344,0,3929,784
177130,100144,0,3930,785
177130,000344,0,4005,801
177131,000044,0,3675,725
177131,000244,0,3841,759
177132,000104,0,3944,782
177132,100304,0,4342,885
177133,000004,0,3919,787
177133,100204,0,3802,747
177134,100144,0,3930,785
177134,000344,0,4005,801
177135,000044,0,3675,725
177135,000244,0,3841,759
177136,000104,0,3944,782
177136,100304,0,4342,885
177137,000044,0,3628,715
177137,000244,0,3794,749
177140,100144,0,3909,781
177140,000344,0,3984,797
177141,000004,0,3898,783
177141,100204,0,3781,743
177142,000104,0,3923,778
177142,100304,0,4321,881
177143,000044,0,3654,721
177143,000244,0,3820,755
177144,100144,0,3909,781
177144,000344,0,3984,797
177145,000004,0,3898,783
177145,100204,0,3781,743
177146,000104,0,3923,778
177146,100304,0,4321,881
177147,000004,0,4324,899
177147,100204,0,4397,911
177150,100144,0,3930,785
177150,000344,0,4005,801
177151,000044,0,3675,725
177151,000244,0,3841,759
177152,000104,0,3944,782
177152,100304,0,4342,885
177153,000004,0,3919,787
177153,100204,0,3802,747
177154,100144,0,3930,785
177154,000344,0,4005,801
177155,000044,0,3675,725
177155,000244,0,3841,759
177156,000104,0,3944,782
177156,100304,0,4342,885
177157,000044,0,2192,376
177157,000244,0,2215,380
177160,000004,0,3869,774
177160,100204,0,3752,734
177161,100144,0,3880,772
177161,000344,0,3955,788
177162,000044,0,3625,712
177162,000244,0,3791,746
177163,000104,0,3894,769
177163,100304,0,4292,872
177164,000004,0,3869,774
177164,100204,0,3752,734
177165,100144,0,3880,772
177165,000344,0,3955,788
177166,000044,0,3625,712
177166,000244,0,3791,746
177167,100144,0,3880,772
177167,000344,0,3955,788
177170,000044,0,3631,715
177170,000244,0,3797,749
177171,100144,0,3886,775
177171,000344,0,3961,791
177172,000004,0,3875,777
177172,100204,0,3758,737
177173,000104,0,3900,772
177173,100304,0,4298,875
177174,000044,0,3631,715
177174,000244,0,3797,749
177175,100144,0,3886,775
177175,000344,0,3961,791
177176,000004,0,3875,777
177176,100204,0,3758,737
177177,100144,0,3886,775
177177,000344,0,3961,791
177200,000004,0,3758,755
177200,100204,0,3641,715
177201,000044,0,3514,693
177201,000244,0,3680,727
177202,000004,0,3758,755
177202,100204,0,3641,715
177203,000044,0,3514,693
177203,000244,0,3680,727
177204,000004,0,3758,755
177204,100204,0,3641,715
177205,000044,0,3514,693
177205,000244,0,3680,727
177206,000004,0,3663,729
177206,100204,0,3641,715
177207,000044,0,3989,823
177207,000244,0,4062,835
177210,000004,0,3789,760
177210,100204,0,3672,720
177211,000104,0,3814,755
177211,100304,0,4212,858
177212,000044,0,3545,698
177212,000244,0,3711,732
177213,100144,0,3800,758
177213,000344,0,3875,774
177214,000004,0,3789,760
177214,100204,0,3672,720
177215,000104,0,3814,755
177215,100304,0,4212,858
177216,000044,0,3545,698
177216,000244,0,3711,732
177217,000104,0,3814,755
177217,100304,0,4212,858
177220,000004,0,3898,783
177220,100204,0,3781,743
177221,000104,0,3923,778
177221,100304,0,4321,881
177222,000044,0,3654,721
177222,000244,0,3820,755
177223,100144,0,3909,781
177223,000344,0,3984,797
177224,000004,0,3898,783
177224,100204,0,3781,743
177225,000104,0,3923,778
177225,100304,0,4321,881
177226,000044,0,3654,721
177226,000244,0,3820,755
177227,000104,0,3813,752
177227,100304,0,4266,868
177230,000104,0,3944,782
177230,100304,0,4342,885
177231,000004,0,3919,787
177231,100204,0,3802,747
177232,100144,0,3930,785
177232,000344,0,4005,801
177233,000044,0,3675,725
177233,000244,0,3841,759
177234,000104,0,3944,782
177234,100304,0,4342,885
177235,000004,0,3919,787
177235,100204,0,3802,747
177236,100144,0,3930,785
177236,000344,0,4005,801
177237,000004,0,3872,777
177237,100204,0,3755,737
177240,000104,0,3923,778
177240,100304,0,4321,881
177241,000044,0,3654,721
177241,000244,0,3820,755
177242,100144,0,3909,781
177242,000344,0,3984,797
177243,000004,0,3898,783
177243,100204,0,3781,743
177244,000104,0,3923,778
177244,100304,0,4321,881
177245,000044,0,3654,721
177245,000244,0,3820,755
177246,100144,0,3909,781
177246,000344,0,3984,797
177247,000044,0,4270,889
177247,000244,0,4343,901
177250,000104,0,3944,782
177250,100304,0,4342,885
177251,000004,0,3919,787
177251,100204,0,3802,747
177252,100144,0,3930,785
177252,000344,0,4005,801
177253,000044,0,3675,725
177253,000244,0,3841,759
177254,000104,0,3944,782
177254,100304,0,4342,885
177255,000004,0,3919,787
177255,100204,0,3802,747
177256,100144,0,3930,785
177256,000344,0,4005,801
177257,000004,0,2192,376
177257,100204,0,2215,380
177260,000044,0,3625,712
177260,000244,0,3791,746
177261,000104,0,3894,769
177261,100304,0,4292,872
177262,000004,0,3869,774
177262,100204,0,3752,734
177263,100144,0,3880,772
177263,000344,0,3955,788
177264,000044,0,3625,712
177264,000244,0,3791,746
177265,000104,0,3894,769
177265,100304,0,4292,872
177266,000004,0,3869,774
177266,100204,0,3752,734
177267,000104,0,3894,769
177267,100304,0,4292,872
177270,000004,0,3875,777
177270,100204,0,3758,737
177271,000104,0,3900,772
177271,100304,0,4298,875
177272,000044,0,3631,715
177272,000244,0,3797,749
177273,100144,0,3886,775
177273,000344,0,3961,791
177274,000004,0,3875,777
177274,100204,0,3758,737
177275,000104,0,3900,772
177275,100304,0,4298,875
177276,000044,0,3631,715
177276,000244,0,3797,749
177277,000104,0,3900,772
177277,100304,0,4298,875
177300,000044,0,3514,693
177300,000244,0,3680,727
177301,000004,0,3758,755
177301,100204,0,3641,715
177302,000044,0,3514,693
177302,000244,0,3680,727
177303,000004,0,3758,755
177303,100204,0,3641,715
177304,000044,0,3514,693
177304,000244,0,3680,727
177305,000004,0,3758,755
177305,100204,0,3641,715
177306,000044,0,3514,693
177306,000244,0,3682,731
177307,000004,0,4043,833
177307,100204,0,4116,845
177310,000044,0,3545,698
177310,000244,0,3711,732
177311,100144,0,3800,758
177311,000344,0,3875,774
177312,000004,0,3789,760
177312,100204,0,3672,720
177313,000104,0,3814,755
177313,100304,0,4212,858
177314,000044,0,3545,698
177314,000244,0,3711,732
177315,100144,0,3800,758
177315,000344,0,3875,774
177316,000004,0,3789,760
177316,100204,0,3672,720
177317,100144,0,3800,758
177317,000344,0,3875,774
177320,000044,0,3654,721
177320,000244,0,3820,755
177321,100144,0,3909,781
177321,000344,0,3984,797
177322,000004,0,3898,783
177322,100204,0,3781,743
177323,000104,0,3923,778
177323,100304,0,4321,881
177324,000044,0,3654,721
177324,000244,0,3820,755
177325,100144,0,3909,781
177325,000344,0,3984,797
177326,000004,0,3898,783
177326,100204,0,3781,743
177327,100144,0,3854,768
177327,000344,0,3929,784
177330,100144,0,3930,785
177330,000344,0,4005,801
177331,000044,0,3675,725
177331,000244,0,3841,759
177332,000104,0,3944,782
177332,100304,0,4342,885
177333,000004,0,3919,787
177333,100204,0,3802,747
177334,100144,0,3930,785
177334,000344,0,4005,801
177335,000044,0,3675,725
177335,000244,0,3841,759
177336,000104,0,3944,782
177336,100304,0,4342,885
177337,000044,0,3628,715
177337,000244,0,3794,749
177340,100144,0,3909,781
177340,000344,0,3984,797
177341,000004,0,3898,783
177341,100204,0,3781,743
177342,000104,0,3923,778
177342,100304,0,4321,881
177343,000044,0,3654,721
177343,000244,0,3820,755
177344,100144,0,3909,781
177344,000344,0,3984,797
177345,000004,0,3898,783
177345,100204,0,3781,743
177346,000104,0,3923,778
177346,100304,0,4321,881
177347,000004,0,4324,899
177347,100204,0,4397,911
177350,100144,0,3930,785
177350,000344,0,4005,801
177351,000044,0,3675,725
177351,000244,0,3841,759
177352,000104,0,3944,782
177352,100304,0,4342,885
177353,000004,0,3919,787
177353,100204,0,3802,747
177354,100144,0,3930,785
177354,000344,0,4005,801
177355,000044,0,3675,725
177355,000244,0,3841,759
177356,000104,0,3944,782
177356,100304,0,4342,885
177357,000044,0,2192,376
177357,000244,0,2215,380
177360,000004,0,3869,774
177360,100204,0,3752,734
177361,100144,0,3880,772
177361,000344,0,3955,788
177362,000044,0,3625,712
177362,000244,0,3791,746
177363,000104,0,3894,769
177363,100304,0,4292,872
177364,000004,0,3869,774
177364,100204,0,3752,734
177365,100144,0,3880,772
177365,000344,0,3955,788
177366,000044,0,3625,712
177366,000244,0,3791,746
177367,100144,0,3880,772
177367,000344,0,3955,788
177370,000044,0,3631,715
177370,000244,0,3797,749
177371,100144,0,3886,775
177371,000344,0,3961,791
177372,000004,0,3875,777
177372,100204,0,3758,737
177373,000104,0,3900,772
177373,100304,0,4298,875
177374,000044,0,3631,715
177374,000244,0,3797,749
177375,100144,0,3886,775
177375,000344,0,3961,791
177376,000004,0,3875,777
177376,100204,0,3758,737
177377,100144,0,3886,775
177377,000344,0,3961,791
177400,000004,0,2631,460
177400,100204,0,2613,455
177401,000044,0,2617,456
177401,000244,0,2613,455
177402,000004,0,2631,460
177402,100204,0,2613,455
177403,000044,0,2617,456
177403,000244,0,2613,455
177404,000004,0,2631,460
177404,100204,0,2613,455
177405,000044,0,2617,456
177405,000244,0,2613,455
177406,000004,0,2090,349
177406,100204,0,2113,353
177407,000004,0,2090,349
177407,100204,0,2113,353
177410,000004,0,2584,456
177410,100204,0,2566,449
177411,000044,0,2570,452
177411,000244,0,2566,449
177412,000004,0,2584,456
177412,100204,0,2566,449
177413,000044,0,2570,452
177413,000244,0,2566,449
177414,000004,0,2584,456
177414,100204,0,2566,449
177415,000044,0,2570,452
177415,000244,0,2566,449
177416,000004,0,2584,456
177416,100204,0,2566,449
177417,000004,0,2584,456
177417,100204,0,2566,449
177420,000004,0,2693,479
177420,100204,0,2675,472
177421,000044,0,2679,475
177421,000244,0,2675,472
177422,000004,0,2693,479
177422,100204,0,2675,472
177423,000044,0,2679,475
177423,000244,0,2675,472
177424,000004,0,2693,479
177424,100204,0,2675,472
177425,000044,0,2679,475
177425,000244,0,2675,472
177426,000004,0,2693,479
177426,100204,0,2675,472
177427,000004,0,2588,456
177427,100204,0,2620,459
177430,000004,0,2714,483
177430,100204,0,2696,476
177431,000004,0,2714,483
177431,100204,0,2696,476
177432,000004,0,2714,483
177432,100204,0,2696,476
177433,000004,0,2714,483
177433,100204,0,2696,476
177434,000004,0,2714,483
177434,100204,0,2696,476
177435,000004,0,2714,483
177435,100204,0,2696,476
177436,000004,0,2714,483
177436,100204,0,2696,476
177437,000044,0,2653,469
177437,000244,0,2649,466
177440,000004,0,2693,479
177440,100204,0,2675,472
177441,000044,0,2679,475
177441,000244,0,2675,472
177442,000004,0,2693,479
177442,100204,0,2675,472
177443,000044,0,2679,475
177443,000244,0,2675,472
177444,000004,0,2693,479
177444,100204,0,2675,472
177445,000044,0,2679,475
177445,000244,0,2675,472
177446,000004,0,2693,479
177446,100204,0,2675,472
177447,000004,0,2646,469
177447,100204,0,2628,462
177450,000004,0,2714,483
177450,100204,0,2696,476
177451,000004,0,2714,483
177451,100204,0,2696,476
177452,000004,0,2714,483
177452,100204,0,2696,476
177453,000004,0,2714,483
177453,100204,0,2696,476
177454,000004,0,2714,483
177454,100204,0,2696,476
177455,000004,0,2714,483
177455,100204,0,2696,476
177456,000004,0,2714,483
177456,100204,0,2696,476
177457,000044,0,2156,370
177457,000244,0,2179,374
177460,000004,0,2664,470
177460,100204,0,2646,463
177461,000004,0,2664,470
177461,100204,0,2646,463
177462,000004,0,2664,470
177462,100204,0,2646,463
177463,000004,0,2664,470
177463,100204,0,2646,463
177464,000004,0,2664,470
177464,100204,0,2646,463
177465,000004,0,2664,470
177465,100204,0,2646,463
177466,000004,0,2664,470
177466,100204,0,2646,463
177467,000044,0,2650,466
177467,000244,0,2646,463
177470,000044,0,2656,469
177470,000244,0,2652,466
177471,000004,0,2670,473
177471,100204,0,2652,466
177472,000044,0,2656,469
177472,000244,0,2652,466
177473,000004,0,2670,473
177473,100204,0,2652,466
177474,000044,0,2656,469
177474,000244,0,2652,466
177475,000004,0,2670,473
177475,100204,0,2652,466
177476,000044,0,2656,469
177476,000244,0,2652,466
177477,000044,0,2656,469
177477,000244,0,2652,466
177500,000004,0,2631,460
177500,100204,0,2613,455
177501,000044,0,2617,456
177501,000244,0,2613,455
177502,000004,0,2631,460
177502,100204,0,2613,455
177503,000044,0,2617,456
177503,000244,0,2613,455
177504,000004,0,2631,460
177504,100204,0,2613,455
177505,000044,0,2617,456
177505,000244,0,2613,455
177506,000004,0,2090,349
177506,100204,0,2113,353
177507,000004,0,2090,349
177507,100204,0,2113,353
177510,000004,0,2584,456
177510,100204,0,2566,449
177511,000044,0,2570,452
177511,000244,0,2566,449
177512,000004,0,2584,456
177512,100204,0,2566,449
177513,000044,0,2570,452
177513,000244,0,2566,449
177514,000004,0,2584,456
177514,100204,0,2566,449
177515,000044,0,2570,452
177515,000244,0,2566,449
177516,000004,0,2584,456
177516,100204,0,2566,449
177517,000004,0,2584,456
177517,100204,0,2566,449
177520,000004,0,2693,479
177520,100204,0,2675,472
177521,000044,0,2679,475
177521,000244,0,2675,472
177522,000004,0,2693,479
177522,100204,0,2675,472
177523,000044,0,2679,475
177523,000244,0,2675,472
177524,000004,0,2693,479
177524,100204,0,2675,472
177525,000044,0,2679,475
177525,000244,0,2675,472
177526,000004,0,2693,479
177526,100204,0,2675,472
177527,000004,0,2588,456
177527,100204,0,2620,459
177530,000004,0,2714,483
177530,100204,0,2696,476
177531,000004,0,2714,483
177531,100204,0,2696,476
177532,000004,0,2714,483
177532,100204,0,2696,476
177533,000004,0,2714,483
177533,100204,0,2696,476
177534,000004,0,2714,483
177534,100204,0,2696,476
177535,000004,0,2714,483
177535,100204,0,2696,476
177536,000004,0,2714,483
177536,100204,0,2696,476
177537,000044,0,2653,469
177537,000244,0,2649,466
177540,000004,0,2693,479
177540,100204,0,2675,472
177541,000044,0,2679,475
177541,000244,0,2675,472
177542,000004,0,2693,479
177542,100204,0,2675,472
177543,000044,0,2679,475
177543,000244,0,2675,472
177544,000004,0,2693,479
177544,100204,0,2675,472
177545,000044,0,2679,475
177545,000244,0,2675,472
177546,000004,0,2693,479
177546,100204,0,2675,472
177547,000004,0,2646,469
177547,100204,0,2628,462
177550,000004,0,2714,483
177550,100204,0,2696,476
177551,000004,0,2714,483
177551,100204,0,2696,476
177552,000004,0,2714,483
177552,100204,0,2696,476
177553,000004,0,2714,483
177553,100204,0,2696,476
177554,000004,0,2714,483
177554,100204,0,2696,476
177555,000004,0,2714,483
177555,100204,0,2696,476
177556,000004,0,2714,483
177556,100204,0,2696,476
177557,000044,0,2156,370
177557,000244,0,2179,374
177560,000004,0,2664,470
177560,100204,0,2646,463
177561,000004,0,2664,470
177561,100204,0,2646,463
177562,000004,0,2664,470
177562,100204,0,2646,463
177563,000004,0,2664,470
177563,100204,0,2646,463
177564,000004,0,2664,470
177564,100204,0,2646,463
177565,000004,0,2664,470
177565,100204,0,2646,463
177566,000004,0,2664,470
177566,100204,0,2646,463
177567,000044,0,2650,466
177567,000244,0,2646,463
177570,000044,0,2656,469
177570,000244,0,2652,466
177571,000004,0,2670,473
177571,100204,0,2652,466
177572,000044,0,2656,469
177572,000244,0,2652,466
177573,000004,0,2670,473
177573,100204,0,2652,466
177574,000044,0,2656,469
177574,000244,0,2652,466
177575,000004,0,2670,473
177575,100204,0,2652,466
177576,000044,0,2656,469
177576,000244,0,2652,466
177577,000044,0,2656,469
177577,000244,0,2652,466
177600,000004,0,2631,460
177600,100204,0,2613,455
177601,000044,0,2617,456
177601,000244,0,2613,455
177602,000004,0,2631,460
177602,100204,0,2613,455
177603,000044,0,2617,456
177603,000244,0,2613,455
177604,000004,0,2631,460
177604,100204,0,2613,455
177605,000044,0,2617,456
177605,000244,0,2613,455
177606,000004,0,2090,349
177606,100204,0,2113,353
177607,000004,0,2090,349
177607,100204,0,2113,353
177610,000004,0,2584,456
177610,100204,0,2566,449
177611,000044,0,2570,452
177611,000244,0,2566,449
177612,000004,0,2584,456
177612,100204,0,2566,449
177613,000044,0,2570,452
177613,000244,0,2566,449
177614,000004,0,2584,456
177614,100204,0,2566,449
177615,000044,0,2570,452
177615,000244,0,2566,449
177616,000004,0,2584,456
177616,100204,0,2566,449
177617,000004,0,2584,456
177617,100204,0,2566,449
177620,000004,0,2693,479
177620,100204,0,2675,472
177621,000044,0,2679,475
177621,000244,0,2675,472
177622,000004,0,2693,479
177622,100204,0,2675,472
177623,000044,0,2679,475
177623,000244,0,2675,472
177624,000004,0,2693,479
177624,100204,0,2675,472
177625,000044,0,2679,475
177625,000244,0,2675,472
177626,000004,0,2693,479
177626,100204,0,2675,472
177627,000004,0,2588,456
177627,100204,0,2620,459
177630,000004,0,2714,483
177630,100204,0,2696,476
177631,000004,0,2714,483
177631,100204,0,2696,476
177632,000004,0,2714,483
177632,100204,0,2696,476
177633,000004,0,2714,483
177633,100204,0,2696,476
177634,000004,0,2714,483
177634,100204,0,2696,476
177635,000004,0,2714,483
177635,100204,0,2696,476
177636,000004,0,2714,483
177636,100204,0,2696,476
177637,000044,0,2653,469
177637,000244,0,2649,466
177640,000004,0,2693,479
177640,100204,0,2675,472
177641,000044,0,2679,475
177641,000244,0,2675,472
177642,000004,0,2693,479
177642,100204,0,2675,472
177643,000044,0,2679,475
177643,000244,0,2675,472
177644,000004,0,2693,479
177644,100204,0,2675,472
177645,000044,0,2679,475
177645,000244,0,2675,472
177646,000004,0,2693,479
177646,100204,0,2675,472
177647,000004,0,2646,469
177647,100204,0,2628,462
177650,000004,0,2714,483
177650,100204,0,2696,476
177651,000004,0,2714,483
177651,100204,0,2696,476
177652,000004,0,2714,483
177652,100204,0,2696,476
177653,000004,0,2714,483
177653,100204,0,2696,476
177654,000004,0,2714,483
177654,100204,0,2696,476
177655,000004,0,2714,483
177655,100204,0,2696,476
177656,000004,0,2714,483
177656,100204,0,2696,476
177657,000044,0,2156,370
177657,000244,0,2179,374
177660,000004,0,2664,470
177660,100204,0,2646,463
177661,000004,0,2664,470
177661,100204,0,2646,463
177662,000004,0,2664,470
177662,100204,0,2646,463
177663,000004,0,2664,470
177663,100204,0,2646,463
177664,000004,0,2664,470
177664,100204,0,2646,463
177665,000004,0,2664,470
177665,100204,0,2646,463
177666,000004,0,2664,470
177666,100204,0,2646,463
177667,000044,0,2650,466
177667,000244,0,2646,463
177670,000044,0,2656,469
177670,000244,0,2652,466
177671,000004,0,2670,473
177671,100204,0,2652,466
177672,000044,0,2656,469
177672,000244,0,2652,466
177673,000004,0,2670,473
177673,100204,0,2652,466
177674,000044,0,2656,469
177674,000244,0,2652,466
177675,000004,0,2670,473
177675,100204,0,2652,466
177676,000044,0,2656,469
177676,000244,0,2652,466
177677,000044,0,2656,469
177677,000244,0,2652,466
177700,000004,0,2631,460
177700,100204,0,2613,455
177701,000044,0,2617,456
177701,000244,0,2613,455
177702,000004,0,2631,460
177702,100204,0,2613,455
177703,000044,0,2617,456
177703,000244,0,2613,455
177704,000004,0,2631,460
177704,100204,0,2613,455
177705,000044,0,2617,456
177705,000244,0,2613,455
177706,000004,0,2090,349
177706,100204,0,2113,353
177707,000004,0,2090,349
177707,100204,0,2113,353
177710,000004,0,2584,456
177710,100204,0,2566,449
177711,000044,0,2570,452
177711,000244,0,2566,449
177712,000004,0,2584,456
177712,100204,0,2566,449
177713,000044,0,2570,452
177713,000244,0,2566,449
177714,000004,0,2584,456
177714,100204,0,2566,449
177715,000044,0,2570,452
177715,000244,0,2566,449
177716,000004,0,2584,456
177716,100204,0,2566,449
177717,000004,0,2584,456
177717,100204,0,2566,449
177720,000004,0,2693,479
177720,100204,0,2675,472
177721,000044,0,2679,475
177721,000244,0,2675,472
177722,000004,0,2693,479
177722,100204,0,2675,472
177723,000044,0,2679,475
177723,000244,0,2675,472
177724,000004,0,2693,479
177724,100204,0,2675,472
177725,000044,0,2679,475
177725,000244,0,2675,472
177726,000004,0,2693,479
177726,100204,0,2675,472
177727,000004,0,2588,456
177727,100204,0,2620,459
177730,000004,0,2714,483
177730,100204,0,2696,476
177731,000004,0,2714,483
177731,100204,0,2696,476
177732,000004,0,2714,483
177732,100204,0,2696,476
177733,000004,0,2714,483
177733,100204,0,2696,476
177734,000004,0,2714,483
177734,100204,0,2696,476
177735,000004,0,2714,483
177735,100204,0,2696,476
177736,000004,0,2714,483
177736,100204,0,2696,476
177737,000044,0,2653,469
177737,000244,0,2649,466
177740,000004,0,2693,479
177740,100204,0,2675,472
177741,000044,0,2679,475
177741,000244,0,2675,472
177742,000004,0,2693,479
177742,100204,0,2675,472
177743,000044,0,2679,475
177743,000244,0,2675,472
177744,000004,0,2693,479
177744,100204,0,2675,472
177745,000044,0,2679,475
177745,000244,0,2675,472
177746,000004,0,2693,479
177746,100204,0,2675,472
177747,000004,0,2646,469
177747,100204,0,2628,462
177750,000004,0,2714,483
177750,100204,0,2696,476
177751,000004,0,2714,483
177751,100204,0,2696,476
177752,000004,0,2714,483
177752,100204,0,2696,476
177753,000004,0,2714,483
177753,100204,0,2696,476
177754,000004,0,2714,483
177754,100204,0,2696,476
177755,000004,0,2714,483
177755,100204,0,2696,476
177756,000004,0,2714,483
177756,100204,0,2696,476
177757,000044,0,2156,370
177757,000244,0,2179,374
177760,000004,0,2664,470
177760,100204,0,2646,463
177761,000004,0,2664,470
177761,100204,0,2646,463
177762,000004,0,2664,470
177762,100204,0,2646,463
177763,000004,0,2664,470
177763,100204,0,2646,463
177764,000004,0,2664,470
177764,100204,0,2646,463
177765,000004,0,2664,470
177765,100204,0,2646,463
177766,000004,0,2664,470
177766,100204,0,2646,463
177767,000044,0,2650,466
177767,000244,0,2646,463
177770,000044,0,2656,469
177770,000244,0,2652,466
177771,000004,0,2670,473
177771,100204,0,2652,466
177772,000044,0,2656,469
177772,000244,0,2652,466
177773,000004,0,2670,473
177773,100204,0,2652,466
177774,000044,0,2656,469
177774,000244,0,2652,466
177775,000004,0,2670,473
177775,100204,0,2652,466
177776,000044,0,2656,469
177776,000244,0,2652,466
177777,000044,0,2656,469
177777,000244,0,2652,466
