opcode,initial_fps,ack_wait_clocks,core_clocks,memory_beats
170100,043304,0,1145,185
170101,043304,0,1145,185
170102,106304,0,1145,185
170103,001704,0,1145,185
170104,045304,0,1145,185
170105,140704,0,1145,185
170106,044304,0,1145,185
170107,147704,0,1145,185
170110,043304,0,1186,196
170111,001704,0,1186,196
170112,044304,0,1186,196
170113,043304,0,1186,196
170114,045304,0,1186,196
170115,147704,0,1186,196
170116,106304,0,1186,196
170117,045304,0,1186,196
170120,044304,0,1305,219
170121,043304,0,1305,219
170122,045304,0,1305,219
170123,147704,0,1305,219
170124,106304,0,1305,219
170125,140704,0,1305,219
170126,043304,0,1305,219
170127,106304,0,1256,209
170130,045304,0,1328,223
170131,043304,0,1328,223
170132,045304,0,1328,223
170133,043304,0,1328,223
170134,045304,0,1328,223
170135,043304,0,1328,223
170136,045304,0,1328,223
170137,147704,0,1279,213
170140,106304,0,1305,219
170141,140704,0,1305,219
170142,043304,0,1305,219
170143,001704,0,1305,219
170144,044304,0,1305,219
170145,043304,0,1305,219
170146,045304,0,1305,219
170147,044304,0,1256,209
170150,043304,0,1328,223
170151,045304,0,1328,223
170152,043304,0,1328,223
170153,045304,0,1328,223
170154,043304,0,1328,223
170155,045304,0,1328,223
170156,043304,0,1328,223
170157,001704,0,1410,235
170160,045304,0,1273,210
170161,043304,0,1273,210
170162,045304,0,1273,210
170163,043304,0,1273,210
170164,045304,0,1273,210
170165,043304,0,1273,210
170166,045304,0,1273,210
170167,147704,0,1273,210
170170,001704,0,1281,213
170171,043304,0,1281,213
170172,140704,0,1281,213
170173,106304,0,1281,213
170174,147704,0,1281,213
170175,045304,0,1281,213
170176,043304,0,1281,213
170177,140704,0,1281,213
170200,106304,0,1181,187
170201,001704,0,1181,187
170202,045304,0,1181,187
170203,140704,0,1181,187
170204,044304,0,1181,187
170205,147704,0,1181,187
170206,043304,0,1181,187
170207,043304,0,1181,187
170210,106304,0,1245,201
170211,140704,0,1245,201
170212,043304,0,1245,201
170213,001704,0,1245,201
170214,044304,0,1245,201
170215,043304,0,1245,201
170216,045304,0,1245,201
170217,044304,0,1245,201
170220,043304,0,1364,224
170221,001704,0,1364,224
170222,044304,0,1364,224
170223,043304,0,1364,224
170224,045304,0,1364,224
170225,147704,0,1364,224
170226,106304,0,1364,224
170227,045304,0,1315,214
170230,044304,0,1387,228
170231,106304,0,1387,228
170232,044304,0,1387,228
170233,106304,0,1387,228
170234,044304,0,1387,228
170235,106304,0,1387,228
170236,044304,0,1387,228
170237,043304,0,1338,218
170240,045304,0,1364,224
170241,147704,0,1364,224
170242,106304,0,1364,224
170243,140704,0,1364,224
170244,043304,0,1364,224
170245,001704,0,1364,224
170246,044304,0,1364,224
170247,043304,0,1315,214
170250,106304,0,1387,228
170251,044304,0,1387,228
170252,106304,0,1387,228
170253,044304,0,1387,228
170254,106304,0,1387,228
170255,044304,0,1387,228
170256,106304,0,1387,228
170257,140704,0,1495,246
170260,044304,0,1332,215
170261,106304,0,1332,215
170262,044304,0,1332,215
170263,106304,0,1332,215
170264,044304,0,1332,215
170265,106304,0,1332,215
170266,044304,0,1332,215
170267,043304,0,1332,215
170270,140704,0,1340,218
170271,106304,0,1340,218
170272,147704,0,1340,218
170273,045304,0,1340,218
170274,043304,0,1340,218
170275,044304,0,1340,218
170276,001704,0,1340,218
170277,147704,0,1340,218
170300,045304,0,1306,204
170301,140704,0,1306,204
170302,044304,0,1306,204
170303,147704,0,1306,204
170304,043304,0,1306,204
170305,043304,0,1306,204
170306,106304,0,1306,204
170307,001704,0,1306,204
170310,045304,0,1412,225
170311,043304,0,1412,225
170312,045304,0,1412,225
170313,043304,0,1412,225
170314,045304,0,1412,225
170315,043304,0,1412,225
170316,045304,0,1412,225
170317,147704,0,1412,225
170320,106304,0,1531,248
170321,044304,0,1531,248
170322,106304,0,1531,248
170323,044304,0,1531,248
170324,106304,0,1531,248
170325,044304,0,1531,248
170326,106304,0,1531,248
170327,140704,0,1458,233
170330,147704,0,1554,252
170331,045304,0,1554,252
170332,043304,0,1554,252
170333,044304,0,1554,252
170334,001704,0,1554,252
170335,043304,0,1554,252
170336,140704,0,1554,252
170337,043304,0,1505,242
170340,140704,0,1531,248
170341,043304,0,1531,248
170342,140704,0,1531,248
170343,043304,0,1531,248
170344,140704,0,1531,248
170345,043304,0,1531,248
170346,140704,0,1531,248
170347,043304,0,1482,238
170350,001704,0,1554,252
170351,043304,0,1554,252
170352,140704,0,1554,252
170353,106304,0,1554,252
170354,147704,0,1554,252
170355,045304,0,1554,252
170356,043304,0,1554,252
170357,140704,0,1620,263
170360,044304,0,1499,239
170361,001704,0,1499,239
170362,043304,0,1499,239
170363,140704,0,1499,239
170364,106304,0,1499,239
170365,147704,0,1499,239
170366,045304,0,1499,239
170367,043304,0,1499,239
170370,140704,0,1507,242
170371,001704,0,1507,242
170372,043304,0,1507,242
170373,147704,0,1507,242
170374,140704,0,1507,242
170375,001704,0,1507,242
170376,043304,0,1507,242
170377,044304,0,1507,242
170000,045304,0,790,135
170001,045304,0,754,129
170002,045304,0,778,132
170011,045304,0,802,135
170012,045304,0,826,138
172400,041104,0,1831,283
172400,041704,0,1877,290
172401,004104,0,1831,283
172401,104704,0,1877,290
172402,003104,0,1831,283
172402,103704,0,1877,290
172403,146104,0,1831,283
172403,046704,0,1877,290
172404,041104,0,1831,283
172404,041704,0,1877,290
172405,004104,0,1831,283
172405,104704,0,1877,290
172406,003104,0,1851,293
172406,103704,0,1854,294
172407,003104,0,1851,293
172407,103704,0,1854,294
172410,003104,0,2122,340
172410,103704,0,2235,359
172411,146104,0,2122,340
172411,046704,0,2235,359
172412,041104,0,2122,340
172412,041704,0,2235,359
172413,004104,0,2122,340
172413,104704,0,2235,359
172414,003104,0,2122,340
172414,103704,0,2235,359
172415,146104,0,2122,340
172415,046704,0,2235,359
172416,041104,0,2122,340
172416,041704,0,2235,359
172417,041104,0,2122,340
172417,041704,0,2235,359
172420,041104,0,2241,363
172420,041704,0,2354,382
172421,004104,0,2241,363
172421,104704,0,2354,382
172422,003104,0,2241,363
172422,103704,0,2354,382
172423,146104,0,2241,363
172423,046704,0,2354,382
172424,041104,0,2241,363
172424,041704,0,2354,382
172425,004104,0,2241,363
172425,104704,0,2354,382
172426,003104,0,2241,363
172426,103704,0,2354,382
172427,003104,0,2182,350
172427,103704,0,2239,359
172430,041104,0,2264,367
172430,041704,0,2377,386
172431,003104,0,2264,367
172431,103704,0,2377,386
172432,041104,0,2264,367
172432,041704,0,2377,386
172433,003104,0,2264,367
172433,103704,0,2377,386
172434,041104,0,2264,367
172434,041704,0,2377,386
172435,003104,0,2264,367
172435,103704,0,2377,386
172436,041104,0,2264,367
172436,041704,0,2377,386
172437,004104,0,2215,357
172437,104704,0,2328,376
172440,003104,0,2241,363
172440,103704,0,2354,382
172441,146104,0,2241,363
172441,046704,0,2354,382
172442,041104,0,2241,363
172442,041704,0,2354,382
172443,004104,0,2241,363
172443,104704,0,2354,382
172444,003104,0,2241,363
172444,103704,0,2354,382
172445,146104,0,2241,363
172445,046704,0,2354,382
172446,041104,0,2241,363
172446,041704,0,2354,382
172447,041104,0,2192,353
172447,041704,0,2305,372
172450,041104,0,2264,367
172450,041704,0,2377,386
172451,003104,0,2264,367
172451,103704,0,2377,386
172452,041104,0,2264,367
172452,041704,0,2377,386
172453,003104,0,2264,367
172453,103704,0,2377,386
172454,041104,0,2264,367
172454,041704,0,2377,386
172455,003104,0,2264,367
172455,103704,0,2377,386
172456,041104,0,2264,367
172456,041704,0,2377,386
172457,004104,0,1957,318
172457,104704,0,1960,319
172460,003104,0,2209,354
172460,103704,0,2322,373
172461,041104,0,2209,354
172461,041704,0,2322,373
172462,003104,0,2209,354
172462,103704,0,2322,373
172463,041104,0,2209,354
172463,041704,0,2322,373
172464,003104,0,2209,354
172464,103704,0,2322,373
172465,041104,0,2209,354
172465,041704,0,2322,373
172466,003104,0,2209,354
172466,103704,0,2322,373
172467,146104,0,2209,354
172467,046704,0,2322,373
172470,004104,0,2217,357
172470,104704,0,2330,376
172471,041104,0,2217,357
172471,041704,0,2330,376
172472,146104,0,2217,357
172472,046704,0,2330,376
172473,003104,0,2217,357
172473,103704,0,2330,376
172474,004104,0,2217,357
172474,104704,0,2330,376
172475,041104,0,2217,357
172475,041704,0,2330,376
172476,146104,0,2217,357
172476,046704,0,2330,376
172477,004104,0,2217,357
172477,104704,0,2330,376
172500,041104,0,1831,283
172500,041704,0,1877,290
172501,004104,0,1831,283
172501,104704,0,1877,290
172502,003104,0,1831,283
172502,103704,0,1877,290
172503,146104,0,1831,283
172503,046704,0,1877,290
172504,041104,0,1831,283
172504,041704,0,1877,290
172505,004104,0,1831,283
172505,104704,0,1877,290
172506,003104,0,1851,293
172506,103704,0,1854,294
172507,003104,0,1851,293
172507,103704,0,1854,294
172510,003104,0,2122,340
172510,103704,0,2235,359
172511,146104,0,2122,340
172511,046704,0,2235,359
172512,041104,0,2122,340
172512,041704,0,2235,359
172513,004104,0,2122,340
172513,104704,0,2235,359
172514,003104,0,2122,340
172514,103704,0,2235,359
172515,146104,0,2122,340
172515,046704,0,2235,359
172516,041104,0,2122,340
172516,041704,0,2235,359
172517,041104,0,2122,340
172517,041704,0,2235,359
172520,041104,0,2241,363
172520,041704,0,2354,382
172521,004104,0,2241,363
172521,104704,0,2354,382
172522,003104,0,2241,363
172522,103704,0,2354,382
172523,146104,0,2241,363
172523,046704,0,2354,382
172524,041104,0,2241,363
172524,041704,0,2354,382
172525,004104,0,2241,363
172525,104704,0,2354,382
172526,003104,0,2241,363
172526,103704,0,2354,382
172527,003104,0,2182,350
172527,103704,0,2239,359
172530,041104,0,2264,367
172530,041704,0,2377,386
172531,003104,0,2264,367
172531,103704,0,2377,386
172532,041104,0,2264,367
172532,041704,0,2377,386
172533,003104,0,2264,367
172533,103704,0,2377,386
172534,041104,0,2264,367
172534,041704,0,2377,386
172535,003104,0,2264,367
172535,103704,0,2377,386
172536,041104,0,2264,367
172536,041704,0,2377,386
172537,004104,0,2215,357
172537,104704,0,2328,376
172540,003104,0,2241,363
172540,103704,0,2354,382
172541,146104,0,2241,363
172541,046704,0,2354,382
172542,041104,0,2241,363
172542,041704,0,2354,382
172543,004104,0,2241,363
172543,104704,0,2354,382
172544,003104,0,2241,363
172544,103704,0,2354,382
172545,146104,0,2241,363
172545,046704,0,2354,382
172546,041104,0,2241,363
172546,041704,0,2354,382
172547,041104,0,2192,353
172547,041704,0,2305,372
172550,041104,0,2264,367
172550,041704,0,2377,386
172551,003104,0,2264,367
172551,103704,0,2377,386
172552,041104,0,2264,367
172552,041704,0,2377,386
172553,003104,0,2264,367
172553,103704,0,2377,386
172554,041104,0,2264,367
172554,041704,0,2377,386
172555,003104,0,2264,367
172555,103704,0,2377,386
172556,041104,0,2264,367
172556,041704,0,2377,386
172557,004104,0,1957,318
172557,104704,0,1960,319
172560,003104,0,2209,354
172560,103704,0,2322,373
172561,041104,0,2209,354
172561,041704,0,2322,373
172562,003104,0,2209,354
172562,103704,0,2322,373
172563,041104,0,2209,354
172563,041704,0,2322,373
172564,003104,0,2209,354
172564,103704,0,2322,373
172565,041104,0,2209,354
172565,041704,0,2322,373
172566,003104,0,2209,354
172566,103704,0,2322,373
172567,146104,0,2209,354
172567,046704,0,2322,373
172570,004104,0,2217,357
172570,104704,0,2330,376
172571,041104,0,2217,357
172571,041704,0,2330,376
172572,146104,0,2217,357
172572,046704,0,2330,376
172573,003104,0,2217,357
172573,103704,0,2330,376
172574,004104,0,2217,357
172574,104704,0,2330,376
172575,041104,0,2217,357
172575,041704,0,2330,376
172576,146104,0,2217,357
172576,046704,0,2330,376
172577,004104,0,2217,357
172577,104704,0,2330,376
172600,041104,0,1831,283
172600,041704,0,1877,290
172601,004104,0,1831,283
172601,104704,0,1877,290
172602,003104,0,1831,283
172602,103704,0,1877,290
172603,146104,0,1831,283
172603,046704,0,1877,290
172604,041104,0,1831,283
172604,041704,0,1877,290
172605,004104,0,1831,283
172605,104704,0,1877,290
172606,003104,0,1851,293
172606,103704,0,1854,294
172607,003104,0,1851,293
172607,103704,0,1854,294
172610,003104,0,2122,340
172610,103704,0,2235,359
172611,146104,0,2122,340
172611,046704,0,2235,359
172612,041104,0,2122,340
172612,041704,0,2235,359
172613,004104,0,2122,340
172613,104704,0,2235,359
172614,003104,0,2122,340
172614,103704,0,2235,359
172615,146104,0,2122,340
172615,046704,0,2235,359
172616,041104,0,2122,340
172616,041704,0,2235,359
172617,041104,0,2122,340
172617,041704,0,2235,359
172620,041104,0,2241,363
172620,041704,0,2354,382
172621,004104,0,2241,363
172621,104704,0,2354,382
172622,003104,0,2241,363
172622,103704,0,2354,382
172623,146104,0,2241,363
172623,046704,0,2354,382
172624,041104,0,2241,363
172624,041704,0,2354,382
172625,004104,0,2241,363
172625,104704,0,2354,382
172626,003104,0,2241,363
172626,103704,0,2354,382
172627,003104,0,2182,350
172627,103704,0,2239,359
172630,041104,0,2264,367
172630,041704,0,2377,386
172631,003104,0,2264,367
172631,103704,0,2377,386
172632,041104,0,2264,367
172632,041704,0,2377,386
172633,003104,0,2264,367
172633,103704,0,2377,386
172634,041104,0,2264,367
172634,041704,0,2377,386
172635,003104,0,2264,367
172635,103704,0,2377,386
172636,041104,0,2264,367
172636,041704,0,2377,386
172637,004104,0,2215,357
172637,104704,0,2328,376
172640,003104,0,2241,363
172640,103704,0,2354,382
172641,146104,0,2241,363
172641,046704,0,2354,382
172642,041104,0,2241,363
172642,041704,0,2354,382
172643,004104,0,2241,363
172643,104704,0,2354,382
172644,003104,0,2241,363
172644,103704,0,2354,382
172645,146104,0,2241,363
172645,046704,0,2354,382
172646,041104,0,2241,363
172646,041704,0,2354,382
172647,041104,0,2192,353
172647,041704,0,2305,372
172650,041104,0,2264,367
172650,041704,0,2377,386
172651,003104,0,2264,367
172651,103704,0,2377,386
172652,041104,0,2264,367
172652,041704,0,2377,386
172653,003104,0,2264,367
172653,103704,0,2377,386
172654,041104,0,2264,367
172654,041704,0,2377,386
172655,003104,0,2264,367
172655,103704,0,2377,386
172656,041104,0,2264,367
172656,041704,0,2377,386
172657,004104,0,1957,318
172657,104704,0,1960,319
172660,003104,0,2209,354
172660,103704,0,2322,373
172661,041104,0,2209,354
172661,041704,0,2322,373
172662,003104,0,2209,354
172662,103704,0,2322,373
172663,041104,0,2209,354
172663,041704,0,2322,373
172664,003104,0,2209,354
172664,103704,0,2322,373
172665,041104,0,2209,354
172665,041704,0,2322,373
172666,003104,0,2209,354
172666,103704,0,2322,373
172667,146104,0,2209,354
172667,046704,0,2322,373
172670,004104,0,2217,357
172670,104704,0,2330,376
172671,041104,0,2217,357
172671,041704,0,2330,376
172672,146104,0,2217,357
172672,046704,0,2330,376
172673,003104,0,2217,357
172673,103704,0,2330,376
172674,004104,0,2217,357
172674,104704,0,2330,376
172675,041104,0,2217,357
172675,041704,0,2330,376
172676,146104,0,2217,357
172676,046704,0,2330,376
172677,004104,0,2217,357
172677,104704,0,2330,376
172700,041104,0,1831,283
172700,041704,0,1877,290
172701,004104,0,1831,283
172701,104704,0,1877,290
172702,003104,0,1831,283
172702,103704,0,1877,290
172703,146104,0,1831,283
172703,046704,0,1877,290
172704,041104,0,1831,283
172704,041704,0,1877,290
172705,004104,0,1831,283
172705,104704,0,1877,290
172706,003104,0,1851,293
172706,103704,0,1854,294
172707,003104,0,1851,293
172707,103704,0,1854,294
172710,003104,0,2122,340
172710,103704,0,2235,359
172711,146104,0,2122,340
172711,046704,0,2235,359
172712,041104,0,2122,340
172712,041704,0,2235,359
172713,004104,0,2122,340
172713,104704,0,2235,359
172714,003104,0,2122,340
172714,103704,0,2235,359
172715,146104,0,2122,340
172715,046704,0,2235,359
172716,041104,0,2122,340
172716,041704,0,2235,359
172717,041104,0,2122,340
172717,041704,0,2235,359
172720,041104,0,2241,363
172720,041704,0,2354,382
172721,004104,0,2241,363
172721,104704,0,2354,382
172722,003104,0,2241,363
172722,103704,0,2354,382
172723,146104,0,2241,363
172723,046704,0,2354,382
172724,041104,0,2241,363
172724,041704,0,2354,382
172725,004104,0,2241,363
172725,104704,0,2354,382
172726,003104,0,2241,363
172726,103704,0,2354,382
172727,003104,0,2182,350
172727,103704,0,2239,359
172730,041104,0,2264,367
172730,041704,0,2377,386
172731,003104,0,2264,367
172731,103704,0,2377,386
172732,041104,0,2264,367
172732,041704,0,2377,386
172733,003104,0,2264,367
172733,103704,0,2377,386
172734,041104,0,2264,367
172734,041704,0,2377,386
172735,003104,0,2264,367
172735,103704,0,2377,386
172736,041104,0,2264,367
172736,041704,0,2377,386
172737,004104,0,2215,357
172737,104704,0,2328,376
172740,003104,0,2241,363
172740,103704,0,2354,382
172741,146104,0,2241,363
172741,046704,0,2354,382
172742,041104,0,2241,363
172742,041704,0,2354,382
172743,004104,0,2241,363
172743,104704,0,2354,382
172744,003104,0,2241,363
172744,103704,0,2354,382
172745,146104,0,2241,363
172745,046704,0,2354,382
172746,041104,0,2241,363
172746,041704,0,2354,382
172747,041104,0,2192,353
172747,041704,0,2305,372
172750,041104,0,2264,367
172750,041704,0,2377,386
172751,003104,0,2264,367
172751,103704,0,2377,386
172752,041104,0,2264,367
172752,041704,0,2377,386
172753,003104,0,2264,367
172753,103704,0,2377,386
172754,041104,0,2264,367
172754,041704,0,2377,386
172755,003104,0,2264,367
172755,103704,0,2377,386
172756,041104,0,2264,367
172756,041704,0,2377,386
172757,004104,0,1957,318
172757,104704,0,1960,319
172760,003104,0,2209,354
172760,103704,0,2322,373
172761,041104,0,2209,354
172761,041704,0,2322,373
172762,003104,0,2209,354
172762,103704,0,2322,373
172763,041104,0,2209,354
172763,041704,0,2322,373
172764,003104,0,2209,354
172764,103704,0,2322,373
172765,041104,0,2209,354
172765,041704,0,2322,373
172766,003104,0,2209,354
172766,103704,0,2322,373
172767,146104,0,2209,354
172767,046704,0,2322,373
172770,004104,0,2217,357
172770,104704,0,2330,376
172771,041104,0,2217,357
172771,041704,0,2330,376
172772,146104,0,2217,357
172772,046704,0,2330,376
172773,003104,0,2217,357
172773,103704,0,2330,376
172774,004104,0,2217,357
172774,104704,0,2330,376
172775,041104,0,2217,357
172775,041704,0,2330,376
172776,146104,0,2217,357
172776,046704,0,2330,376
172777,004104,0,2217,357
172777,104704,0,2330,376
174000,041104,0,1735,265
174000,041704,0,1781,272
174001,004104,0,1735,265
174001,104704,0,1781,272
174002,003104,0,1735,265
174002,103704,0,1781,272
174003,146104,0,1735,265
174003,046704,0,1781,272
174004,041104,0,1735,265
174004,041704,0,1781,272
174005,004104,0,1735,265
174005,104704,0,1781,272
174006,003104,0,1875,296
174006,103704,0,1878,297
174007,003104,0,1875,296
174007,103704,0,1878,297
174010,003104,0,1754,277
174010,103704,0,1847,292
174011,146104,0,1754,277
174011,046704,0,1847,292
174012,041104,0,1754,277
174012,041704,0,1847,292
174013,004104,0,1754,277
174013,104704,0,1847,292
174014,003104,0,1754,277
174014,103704,0,1847,292
174015,146104,0,1754,277
174015,046704,0,1847,292
174016,041104,0,1754,277
174016,041704,0,1847,292
174017,041104,0,1754,277
174017,041704,0,1847,292
174020,041104,0,1873,300
174020,041704,0,1966,315
174021,004104,0,1873,300
174021,104704,0,1966,315
174022,003104,0,1873,300
174022,103704,0,1966,315
174023,146104,0,1873,300
174023,046704,0,1966,315
174024,041104,0,1873,300
174024,041704,0,1966,315
174025,004104,0,1873,300
174025,104704,0,1966,315
174026,003104,0,1873,300
174026,103704,0,1966,315
174027,003104,0,1797,285
174027,103704,0,1800,286
174030,041104,0,1896,304
174030,041704,0,1989,319
174031,003104,0,1896,304
174031,103704,0,1989,319
174032,041104,0,1896,304
174032,041704,0,1989,319
174033,003104,0,1896,304
174033,103704,0,1989,319
174034,041104,0,1896,304
174034,041704,0,1989,319
174035,003104,0,1896,304
174035,103704,0,1989,319
174036,041104,0,1896,304
174036,041704,0,1989,319
174037,004104,0,1847,294
174037,104704,0,1940,309
174040,003104,0,1873,300
174040,103704,0,1966,315
174041,146104,0,1873,300
174041,046704,0,1966,315
174042,041104,0,1873,300
174042,041704,0,1966,315
174043,004104,0,1873,300
174043,104704,0,1966,315
174044,003104,0,1873,300
174044,103704,0,1966,315
174045,146104,0,1873,300
174045,046704,0,1966,315
174046,041104,0,1873,300
174046,041704,0,1966,315
174047,041104,0,1824,290
174047,041704,0,1917,305
174050,041104,0,1896,304
174050,041704,0,1989,319
174051,003104,0,1896,304
174051,103704,0,1989,319
174052,041104,0,1896,304
174052,041704,0,1989,319
174053,003104,0,1896,304
174053,103704,0,1989,319
174054,041104,0,1896,304
174054,041704,0,1989,319
174055,003104,0,1896,304
174055,103704,0,1989,319
174056,041104,0,1896,304
174056,041704,0,1989,319
174057,004104,0,1946,311
174057,104704,0,1949,312
174060,003104,0,1841,291
174060,103704,0,1934,306
174061,041104,0,1841,291
174061,041704,0,1934,306
174062,003104,0,1841,291
174062,103704,0,1934,306
174063,041104,0,1841,291
174063,041704,0,1934,306
174064,003104,0,1841,291
174064,103704,0,1934,306
174065,041104,0,1841,291
174065,041704,0,1934,306
174066,003104,0,1841,291
174066,103704,0,1934,306
174067,146104,0,1841,291
174067,046704,0,1934,306
174070,004104,0,1849,294
174070,104704,0,1942,309
174071,041104,0,1849,294
174071,041704,0,1942,309
174072,146104,0,1849,294
174072,046704,0,1942,309
174073,003104,0,1849,294
174073,103704,0,1942,309
174074,004104,0,1849,294
174074,104704,0,1942,309
174075,041104,0,1849,294
174075,041704,0,1942,309
174076,146104,0,1849,294
174076,046704,0,1942,309
174077,004104,0,1849,294
174077,104704,0,1942,309
174100,041104,0,1735,265
174100,041704,0,1781,272
174101,004104,0,1735,265
174101,104704,0,1781,272
174102,003104,0,1735,265
174102,103704,0,1781,272
174103,146104,0,1735,265
174103,046704,0,1781,272
174104,041104,0,1735,265
174104,041704,0,1781,272
174105,004104,0,1735,265
174105,104704,0,1781,272
174106,003104,0,1875,296
174106,103704,0,1878,297
174107,003104,0,1875,296
174107,103704,0,1878,297
174110,003104,0,1754,277
174110,103704,0,1847,292
174111,146104,0,1754,277
174111,046704,0,1847,292
174112,041104,0,1754,277
174112,041704,0,1847,292
174113,004104,0,1754,277
174113,104704,0,1847,292
174114,003104,0,1754,277
174114,103704,0,1847,292
174115,146104,0,1754,277
174115,046704,0,1847,292
174116,041104,0,1754,277
174116,041704,0,1847,292
174117,041104,0,1754,277
174117,041704,0,1847,292
174120,041104,0,1873,300
174120,041704,0,1966,315
174121,004104,0,1873,300
174121,104704,0,1966,315
174122,003104,0,1873,300
174122,103704,0,1966,315
174123,146104,0,1873,300
174123,046704,0,1966,315
174124,041104,0,1873,300
174124,041704,0,1966,315
174125,004104,0,1873,300
174125,104704,0,1966,315
174126,003104,0,1873,300
174126,103704,0,1966,315
174127,003104,0,1797,285
174127,103704,0,1800,286
174130,041104,0,1896,304
174130,041704,0,1989,319
174131,003104,0,1896,304
174131,103704,0,1989,319
174132,041104,0,1896,304
174132,041704,0,1989,319
174133,003104,0,1896,304
174133,103704,0,1989,319
174134,041104,0,1896,304
174134,041704,0,1989,319
174135,003104,0,1896,304
174135,103704,0,1989,319
174136,041104,0,1896,304
174136,041704,0,1989,319
174137,004104,0,1847,294
174137,104704,0,1940,309
174140,003104,0,1873,300
174140,103704,0,1966,315
174141,146104,0,1873,300
174141,046704,0,1966,315
174142,041104,0,1873,300
174142,041704,0,1966,315
174143,004104,0,1873,300
174143,104704,0,1966,315
174144,003104,0,1873,300
174144,103704,0,1966,315
174145,146104,0,1873,300
174145,046704,0,1966,315
174146,041104,0,1873,300
174146,041704,0,1966,315
174147,041104,0,1824,290
174147,041704,0,1917,305
174150,041104,0,1896,304
174150,041704,0,1989,319
174151,003104,0,1896,304
174151,103704,0,1989,319
174152,041104,0,1896,304
174152,041704,0,1989,319
174153,003104,0,1896,304
174153,103704,0,1989,319
174154,041104,0,1896,304
174154,041704,0,1989,319
174155,003104,0,1896,304
174155,103704,0,1989,319
174156,041104,0,1896,304
174156,041704,0,1989,319
174157,004104,0,1946,311
174157,104704,0,1949,312
174160,003104,0,1841,291
174160,103704,0,1934,306
174161,041104,0,1841,291
174161,041704,0,1934,306
174162,003104,0,1841,291
174162,103704,0,1934,306
174163,041104,0,1841,291
174163,041704,0,1934,306
174164,003104,0,1841,291
174164,103704,0,1934,306
174165,041104,0,1841,291
174165,041704,0,1934,306
174166,003104,0,1841,291
174166,103704,0,1934,306
174167,146104,0,1841,291
174167,046704,0,1934,306
174170,004104,0,1849,294
174170,104704,0,1942,309
174171,041104,0,1849,294
174171,041704,0,1942,309
174172,146104,0,1849,294
174172,046704,0,1942,309
174173,003104,0,1849,294
174173,103704,0,1942,309
174174,004104,0,1849,294
174174,104704,0,1942,309
174175,041104,0,1849,294
174175,041704,0,1942,309
174176,146104,0,1849,294
174176,046704,0,1942,309
174177,004104,0,1849,294
174177,104704,0,1942,309
174200,041104,0,1735,265
174200,041704,0,1781,272
174201,004104,0,1735,265
174201,104704,0,1781,272
174202,003104,0,1735,265
174202,103704,0,1781,272
174203,146104,0,1735,265
174203,046704,0,1781,272
174204,041104,0,1735,265
174204,041704,0,1781,272
174205,004104,0,1735,265
174205,104704,0,1781,272
174206,003104,0,1875,296
174206,103704,0,1878,297
174207,003104,0,1875,296
174207,103704,0,1878,297
174210,003104,0,1754,277
174210,103704,0,1847,292
174211,146104,0,1754,277
174211,046704,0,1847,292
174212,041104,0,1754,277
174212,041704,0,1847,292
174213,004104,0,1754,277
174213,104704,0,1847,292
174214,003104,0,1754,277
174214,103704,0,1847,292
174215,146104,0,1754,277
174215,046704,0,1847,292
174216,041104,0,1754,277
174216,041704,0,1847,292
174217,041104,0,1754,277
174217,041704,0,1847,292
174220,041104,0,1873,300
174220,041704,0,1966,315
174221,004104,0,1873,300
174221,104704,0,1966,315
174222,003104,0,1873,300
174222,103704,0,1966,315
174223,146104,0,1873,300
174223,046704,0,1966,315
174224,041104,0,1873,300
174224,041704,0,1966,315
174225,004104,0,1873,300
174225,104704,0,1966,315
174226,003104,0,1873,300
174226,103704,0,1966,315
174227,003104,0,1797,285
174227,103704,0,1800,286
174230,041104,0,1896,304
174230,041704,0,1989,319
174231,003104,0,1896,304
174231,103704,0,1989,319
174232,041104,0,1896,304
174232,041704,0,1989,319
174233,003104,0,1896,304
174233,103704,0,1989,319
174234,041104,0,1896,304
174234,041704,0,1989,319
174235,003104,0,1896,304
174235,103704,0,1989,319
174236,041104,0,1896,304
174236,041704,0,1989,319
174237,004104,0,1847,294
174237,104704,0,1940,309
174240,003104,0,1873,300
174240,103704,0,1966,315
174241,146104,0,1873,300
174241,046704,0,1966,315
174242,041104,0,1873,300
174242,041704,0,1966,315
174243,004104,0,1873,300
174243,104704,0,1966,315
174244,003104,0,1873,300
174244,103704,0,1966,315
174245,146104,0,1873,300
174245,046704,0,1966,315
174246,041104,0,1873,300
174246,041704,0,1966,315
174247,041104,0,1824,290
174247,041704,0,1917,305
174250,041104,0,1896,304
174250,041704,0,1989,319
174251,003104,0,1896,304
174251,103704,0,1989,319
174252,041104,0,1896,304
174252,041704,0,1989,319
174253,003104,0,1896,304
174253,103704,0,1989,319
174254,041104,0,1896,304
174254,041704,0,1989,319
174255,003104,0,1896,304
174255,103704,0,1989,319
174256,041104,0,1896,304
174256,041704,0,1989,319
174257,004104,0,1946,311
174257,104704,0,1949,312
174260,003104,0,1841,291
174260,103704,0,1934,306
174261,041104,0,1841,291
174261,041704,0,1934,306
174262,003104,0,1841,291
174262,103704,0,1934,306
174263,041104,0,1841,291
174263,041704,0,1934,306
174264,003104,0,1841,291
174264,103704,0,1934,306
174265,041104,0,1841,291
174265,041704,0,1934,306
174266,003104,0,1841,291
174266,103704,0,1934,306
174267,146104,0,1841,291
174267,046704,0,1934,306
174270,004104,0,1849,294
174270,104704,0,1942,309
174271,041104,0,1849,294
174271,041704,0,1942,309
174272,146104,0,1849,294
174272,046704,0,1942,309
174273,003104,0,1849,294
174273,103704,0,1942,309
174274,004104,0,1849,294
174274,104704,0,1942,309
174275,041104,0,1849,294
174275,041704,0,1942,309
174276,146104,0,1849,294
174276,046704,0,1942,309
174277,004104,0,1849,294
174277,104704,0,1942,309
174300,041104,0,1735,265
174300,041704,0,1781,272
174301,004104,0,1735,265
174301,104704,0,1781,272
174302,003104,0,1735,265
174302,103704,0,1781,272
174303,146104,0,1735,265
174303,046704,0,1781,272
174304,041104,0,1735,265
174304,041704,0,1781,272
174305,004104,0,1735,265
174305,104704,0,1781,272
174306,003104,0,1875,296
174306,103704,0,1878,297
174307,003104,0,1875,296
174307,103704,0,1878,297
174310,003104,0,1754,277
174310,103704,0,1847,292
174311,146104,0,1754,277
174311,046704,0,1847,292
174312,041104,0,1754,277
174312,041704,0,1847,292
174313,004104,0,1754,277
174313,104704,0,1847,292
174314,003104,0,1754,277
174314,103704,0,1847,292
174315,146104,0,1754,277
174315,046704,0,1847,292
174316,041104,0,1754,277
174316,041704,0,1847,292
174317,041104,0,1754,277
174317,041704,0,1847,292
174320,041104,0,1873,300
174320,041704,0,1966,315
174321,004104,0,1873,300
174321,104704,0,1966,315
174322,003104,0,1873,300
174322,103704,0,1966,315
174323,146104,0,1873,300
174323,046704,0,1966,315
174324,041104,0,1873,300
174324,041704,0,1966,315
174325,004104,0,1873,300
174325,104704,0,1966,315
174326,003104,0,1873,300
174326,103704,0,1966,315
174327,003104,0,1797,285
174327,103704,0,1800,286
174330,041104,0,1896,304
174330,041704,0,1989,319
174331,003104,0,1896,304
174331,103704,0,1989,319
174332,041104,0,1896,304
174332,041704,0,1989,319
174333,003104,0,1896,304
174333,103704,0,1989,319
174334,041104,0,1896,304
174334,041704,0,1989,319
174335,003104,0,1896,304
174335,103704,0,1989,319
174336,041104,0,1896,304
174336,041704,0,1989,319
174337,004104,0,1847,294
174337,104704,0,1940,309
174340,003104,0,1873,300
174340,103704,0,1966,315
174341,146104,0,1873,300
174341,046704,0,1966,315
174342,041104,0,1873,300
174342,041704,0,1966,315
174343,004104,0,1873,300
174343,104704,0,1966,315
174344,003104,0,1873,300
174344,103704,0,1966,315
174345,146104,0,1873,300
174345,046704,0,1966,315
174346,041104,0,1873,300
174346,041704,0,1966,315
174347,041104,0,1824,290
174347,041704,0,1917,305
174350,041104,0,1896,304
174350,041704,0,1989,319
174351,003104,0,1896,304
174351,103704,0,1989,319
174352,041104,0,1896,304
174352,041704,0,1989,319
174353,003104,0,1896,304
174353,103704,0,1989,319
174354,041104,0,1896,304
174354,041704,0,1989,319
174355,003104,0,1896,304
174355,103704,0,1989,319
174356,041104,0,1896,304
174356,041704,0,1989,319
174357,004104,0,1946,311
174357,104704,0,1949,312
174360,003104,0,1841,291
174360,103704,0,1934,306
174361,041104,0,1841,291
174361,041704,0,1934,306
174362,003104,0,1841,291
174362,103704,0,1934,306
174363,041104,0,1841,291
174363,041704,0,1934,306
174364,003104,0,1841,291
174364,103704,0,1934,306
174365,041104,0,1841,291
174365,041704,0,1934,306
174366,003104,0,1841,291
174366,103704,0,1934,306
174367,146104,0,1841,291
174367,046704,0,1934,306
174370,004104,0,1849,294
174370,104704,0,1942,309
174371,041104,0,1849,294
174371,041704,0,1942,309
174372,146104,0,1849,294
174372,046704,0,1942,309
174373,003104,0,1849,294
174373,103704,0,1942,309
174374,004104,0,1849,294
174374,104704,0,1942,309
174375,041104,0,1849,294
174375,041704,0,1942,309
174376,146104,0,1849,294
174376,046704,0,1942,309
174377,004104,0,1849,294
174377,104704,0,1942,309
173400,041104,0,2427,393
173400,041704,0,2590,420
173401,004104,0,2187,353
173401,104704,0,2333,375
173402,003104,0,2276,366
173402,103704,0,2244,362
173403,146104,0,2187,353
173403,046704,0,2333,375
173404,041104,0,2276,366
173404,041704,0,2244,362
173405,004104,0,2187,353
173405,104704,0,2333,375
173406,003104,0,1827,290
173406,103704,0,1830,291
173407,003104,0,1827,290
173407,103704,0,1830,291
173410,003104,0,2182,355
173410,103704,0,2152,353
173411,146104,0,2093,342
173411,046704,0,2241,366
173412,041104,0,2182,355
173412,041704,0,2152,353
173413,004104,0,2093,342
173413,104704,0,2241,366
173414,003104,0,2182,355
173414,103704,0,2152,353
173415,146104,0,2093,342
173415,046704,0,2241,366
173416,041104,0,2182,355
173416,041704,0,2152,353
173417,041104,0,2182,355
173417,041704,0,2152,353
173420,041104,0,2301,378
173420,041704,0,2271,376
173421,004104,0,2212,365
173421,104704,0,2360,389
173422,003104,0,2301,378
173422,103704,0,2271,376
173423,146104,0,2212,365
173423,046704,0,2360,389
173424,041104,0,2301,378
173424,041704,0,2271,376
173425,004104,0,2212,365
173425,104704,0,2360,389
173426,003104,0,2301,378
173426,103704,0,2271,376
173427,003104,0,2242,365
173427,103704,0,2156,353
173430,041104,0,2324,382
173430,041704,0,2294,380
173431,003104,0,2324,382
173431,103704,0,2294,380
173432,041104,0,2324,382
173432,041704,0,2294,380
173433,003104,0,2324,382
173433,103704,0,2294,380
173434,041104,0,2324,382
173434,041704,0,2294,380
173435,003104,0,2324,382
173435,103704,0,2294,380
173436,041104,0,2324,382
173436,041704,0,2294,380
173437,004104,0,2186,359
173437,104704,0,2334,383
173440,003104,0,2301,378
173440,103704,0,2271,376
173441,146104,0,2212,365
173441,046704,0,2360,389
173442,041104,0,2301,378
173442,041704,0,2271,376
173443,004104,0,2212,365
173443,104704,0,2360,389
173444,003104,0,2301,378
173444,103704,0,2271,376
173445,146104,0,2212,365
173445,046704,0,2360,389
173446,041104,0,2301,378
173446,041704,0,2271,376
173447,041104,0,2252,368
173447,041704,0,2222,366
173450,041104,0,2324,382
173450,041704,0,2294,380
173451,003104,0,2324,382
173451,103704,0,2294,380
173452,041104,0,2324,382
173452,041704,0,2294,380
173453,003104,0,2324,382
173453,103704,0,2294,380
173454,041104,0,2324,382
173454,041704,0,2294,380
173455,003104,0,2324,382
173455,103704,0,2294,380
173456,041104,0,2324,382
173456,041704,0,2294,380
173457,004104,0,1933,315
173457,104704,0,1936,316
173460,003104,0,2269,369
173460,103704,0,2239,367
173461,041104,0,2269,369
173461,041704,0,2239,367
173462,003104,0,2269,369
173462,103704,0,2239,367
173463,041104,0,2269,369
173463,041704,0,2239,367
173464,003104,0,2269,369
173464,103704,0,2239,367
173465,041104,0,2269,369
173465,041704,0,2239,367
173466,003104,0,2269,369
173466,103704,0,2239,367
173467,146104,0,2180,356
173467,046704,0,2328,380
173470,004104,0,2188,359
173470,104704,0,2336,383
173471,041104,0,2277,372
173471,041704,0,2247,370
173472,146104,0,2188,359
173472,046704,0,2336,383
173473,003104,0,2277,372
173473,103704,0,2247,370
173474,004104,0,2188,359
173474,104704,0,2336,383
173475,041104,0,2277,372
173475,041704,0,2247,370
173476,146104,0,2188,359
173476,046704,0,2336,383
173477,004104,0,2188,359
173477,104704,0,2336,383
173500,041104,0,2276,366
173500,041704,0,2333,375
173501,004104,0,2427,393
173501,104704,0,2590,420
173502,003104,0,2187,353
173502,103704,0,2333,375
173503,146104,0,2187,353
173503,046704,0,2333,375
173504,041104,0,2276,366
173504,041704,0,2333,375
173505,004104,0,2276,366
173505,104704,0,2244,362
173506,003104,0,1827,290
173506,103704,0,1830,291
173507,003104,0,1827,290
173507,103704,0,1830,291
173510,003104,0,2093,342
173510,103704,0,2241,366
173511,146104,0,2093,342
173511,046704,0,2241,366
173512,041104,0,2182,355
173512,041704,0,2241,366
173513,004104,0,2182,355
173513,104704,0,2152,353
173514,003104,0,2093,342
173514,103704,0,2241,366
173515,146104,0,2093,342
173515,046704,0,2241,366
173516,041104,0,2182,355
173516,041704,0,2241,366
173517,041104,0,2182,355
173517,041704,0,2241,366
173520,041104,0,2301,378
173520,041704,0,2360,389
173521,004104,0,2301,378
173521,104704,0,2271,376
173522,003104,0,2212,365
173522,103704,0,2360,389
173523,146104,0,2212,365
173523,046704,0,2360,389
173524,041104,0,2301,378
173524,041704,0,2360,389
173525,004104,0,2301,378
173525,104704,0,2271,376
173526,003104,0,2212,365
173526,103704,0,2360,389
173527,003104,0,2153,352
173527,103704,0,2245,366
173530,041104,0,2324,382
173530,041704,0,2383,393
173531,003104,0,2235,369
173531,103704,0,2383,393
173532,041104,0,2324,382
173532,041704,0,2383,393
173533,003104,0,2235,369
173533,103704,0,2383,393
173534,041104,0,2324,382
173534,041704,0,2383,393
173535,003104,0,2235,369
173535,103704,0,2383,393
173536,041104,0,2324,382
173536,041704,0,2383,393
173537,004104,0,2275,372
173537,104704,0,2245,370
173540,003104,0,2212,365
173540,103704,0,2360,389
173541,146104,0,2212,365
173541,046704,0,2360,389
173542,041104,0,2301,378
173542,041704,0,2360,389
173543,004104,0,2301,378
173543,104704,0,2271,376
173544,003104,0,2212,365
173544,103704,0,2360,389
173545,146104,0,2212,365
173545,046704,0,2360,389
173546,041104,0,2301,378
173546,041704,0,2360,389
173547,041104,0,2252,368
173547,041704,0,2311,379
173550,041104,0,2324,382
173550,041704,0,2383,393
173551,003104,0,2235,369
173551,103704,0,2383,393
173552,041104,0,2324,382
173552,041704,0,2383,393
173553,003104,0,2235,369
173553,103704,0,2383,393
173554,041104,0,2324,382
173554,041704,0,2383,393
173555,003104,0,2235,369
173555,103704,0,2383,393
173556,041104,0,2324,382
173556,041704,0,2383,393
173557,004104,0,1933,315
173557,104704,0,1936,316
173560,003104,0,2180,356
173560,103704,0,2328,380
173561,041104,0,2269,369
173561,041704,0,2328,380
173562,003104,0,2180,356
173562,103704,0,2328,380
173563,041104,0,2269,369
173563,041704,0,2328,380
173564,003104,0,2180,356
173564,103704,0,2328,380
173565,041104,0,2269,369
173565,041704,0,2328,380
173566,003104,0,2180,356
173566,103704,0,2328,380
173567,146104,0,2180,356
173567,046704,0,2328,380
173570,004104,0,2277,372
173570,104704,0,2247,370
173571,041104,0,2277,372
173571,041704,0,2336,383
173572,146104,0,2188,359
173572,046704,0,2336,383
173573,003104,0,2188,359
173573,103704,0,2336,383
173574,004104,0,2277,372
173574,104704,0,2247,370
173575,041104,0,2277,372
173575,041704,0,2336,383
173576,146104,0,2188,359
173576,046704,0,2336,383
173577,004104,0,2277,372
173577,104704,0,2247,370
173600,041104,0,2187,353
173600,041704,0,2244,362
173601,004104,0,2187,353
173601,104704,0,2244,362
173602,003104,0,2427,393
173602,103704,0,2590,420
173603,146104,0,2276,366
173603,046704,0,2333,375
173604,041104,0,2187,353
173604,041704,0,2244,362
173605,004104,0,2187,353
173605,104704,0,2244,362
173606,003104,0,1827,290
173606,103704,0,1830,291
173607,003104,0,1827,290
173607,103704,0,1830,291
173610,003104,0,2182,355
173610,103704,0,2152,353
173611,146104,0,2182,355
173611,046704,0,2241,366
173612,041104,0,2093,342
173612,041704,0,2152,353
173613,004104,0,2093,342
173613,104704,0,2152,353
173614,003104,0,2182,355
173614,103704,0,2152,353
173615,146104,0,2182,355
173615,046704,0,2241,366
173616,041104,0,2093,342
173616,041704,0,2152,353
173617,041104,0,2093,342
173617,041704,0,2152,353
173620,041104,0,2212,365
173620,041704,0,2271,376
173621,004104,0,2212,365
173621,104704,0,2271,376
173622,003104,0,2301,378
173622,103704,0,2271,376
173623,146104,0,2301,378
173623,046704,0,2360,389
173624,041104,0,2212,365
173624,041704,0,2271,376
173625,004104,0,2212,365
173625,104704,0,2271,376
173626,003104,0,2301,378
173626,103704,0,2271,376
173627,003104,0,2242,365
173627,103704,0,2156,353
173630,041104,0,2235,369
173630,041704,0,2294,380
173631,003104,0,2324,382
173631,103704,0,2294,380
173632,041104,0,2235,369
173632,041704,0,2294,380
173633,003104,0,2324,382
173633,103704,0,2294,380
173634,041104,0,2235,369
173634,041704,0,2294,380
173635,003104,0,2324,382
173635,103704,0,2294,380
173636,041104,0,2235,369
173636,041704,0,2294,380
173637,004104,0,2186,359
173637,104704,0,2245,370
173640,003104,0,2301,378
173640,103704,0,2271,376
173641,146104,0,2301,378
173641,046704,0,2360,389
173642,041104,0,2212,365
173642,041704,0,2271,376
173643,004104,0,2212,365
173643,104704,0,2271,376
173644,003104,0,2301,378
173644,103704,0,2271,376
173645,146104,0,2301,378
173645,046704,0,2360,389
173646,041104,0,2212,365
173646,041704,0,2271,376
173647,041104,0,2163,355
173647,041704,0,2222,366
173650,041104,0,2235,369
173650,041704,0,2294,380
173651,003104,0,2324,382
173651,103704,0,2294,380
173652,041104,0,2235,369
173652,041704,0,2294,380
173653,003104,0,2324,382
173653,103704,0,2294,380
173654,041104,0,2235,369
173654,041704,0,2294,380
173655,003104,0,2324,382
173655,103704,0,2294,380
173656,041104,0,2235,369
173656,041704,0,2294,380
173657,004104,0,1933,315
173657,104704,0,1936,316
173660,003104,0,2269,369
173660,103704,0,2239,367
173661,041104,0,2180,356
173661,041704,0,2239,367
173662,003104,0,2269,369
173662,103704,0,2239,367
173663,041104,0,2180,356
173663,041704,0,2239,367
173664,003104,0,2269,369
173664,103704,0,2239,367
173665,041104,0,2180,356
173665,041704,0,2239,367
173666,003104,0,2269,369
173666,103704,0,2239,367
173667,146104,0,2269,369
173667,046704,0,2328,380
173670,004104,0,2188,359
173670,104704,0,2247,370
173671,041104,0,2188,359
173671,041704,0,2247,370
173672,146104,0,2277,372
173672,046704,0,2336,383
173673,003104,0,2277,372
173673,103704,0,2247,370
173674,004104,0,2188,359
173674,104704,0,2247,370
173675,041104,0,2188,359
173675,041704,0,2247,370
173676,146104,0,2277,372
173676,046704,0,2336,383
173677,004104,0,2188,359
173677,104704,0,2247,370
173700,041104,0,2187,353
173700,041704,0,2333,375
173701,004104,0,2187,353
173701,104704,0,2244,362
173702,003104,0,2187,353
173702,103704,0,2244,362
173703,146104,0,2427,393
173703,046704,0,2590,420
173704,041104,0,2187,353
173704,041704,0,2333,375
173705,004104,0,2187,353
173705,104704,0,2244,362
173706,003104,0,1827,290
173706,103704,0,1830,291
173707,003104,0,1827,290
173707,103704,0,1830,291
173710,003104,0,2093,342
173710,103704,0,2152,353
173711,146104,0,2182,355
173711,046704,0,2241,366
173712,041104,0,2093,342
173712,041704,0,2241,366
173713,004104,0,2093,342
173713,104704,0,2152,353
173714,003104,0,2093,342
173714,103704,0,2152,353
173715,146104,0,2182,355
173715,046704,0,2241,366
173716,041104,0,2093,342
173716,041704,0,2241,366
173717,041104,0,2093,342
173717,041704,0,2241,366
173720,041104,0,2212,365
173720,041704,0,2360,389
173721,004104,0,2212,365
173721,104704,0,2271,376
173722,003104,0,2212,365
173722,103704,0,2271,376
173723,146104,0,2301,378
173723,046704,0,2360,389
173724,041104,0,2212,365
173724,041704,0,2360,389
173725,004104,0,2212,365
173725,104704,0,2271,376
173726,003104,0,2212,365
173726,103704,0,2271,376
173727,003104,0,2153,352
173727,103704,0,2156,353
173730,041104,0,2235,369
173730,041704,0,2383,393
173731,003104,0,2235,369
173731,103704,0,2294,380
173732,041104,0,2235,369
173732,041704,0,2383,393
173733,003104,0,2235,369
173733,103704,0,2294,380
173734,041104,0,2235,369
173734,041704,0,2383,393
173735,003104,0,2235,369
173735,103704,0,2294,380
173736,041104,0,2235,369
173736,041704,0,2383,393
173737,004104,0,2186,359
173737,104704,0,2245,370
173740,003104,0,2212,365
173740,103704,0,2271,376
173741,146104,0,2301,378
173741,046704,0,2360,389
173742,041104,0,2212,365
173742,041704,0,2360,389
173743,004104,0,2212,365
173743,104704,0,2271,376
173744,003104,0,2212,365
173744,103704,0,2271,376
173745,146104,0,2301,378
173745,046704,0,2360,389
173746,041104,0,2212,365
173746,041704,0,2360,389
173747,041104,0,2163,355
173747,041704,0,2311,379
173750,041104,0,2235,369
173750,041704,0,2383,393
173751,003104,0,2235,369
173751,103704,0,2294,380
173752,041104,0,2235,369
173752,041704,0,2383,393
173753,003104,0,2235,369
173753,103704,0,2294,380
173754,041104,0,2235,369
173754,041704,0,2383,393
173755,003104,0,2235,369
173755,103704,0,2294,380
173756,041104,0,2235,369
173756,041704,0,2383,393
173757,004104,0,1933,315
173757,104704,0,1936,316
173760,003104,0,2180,356
173760,103704,0,2239,367
173761,041104,0,2180,356
173761,041704,0,2328,380
173762,003104,0,2180,356
173762,103704,0,2239,367
173763,041104,0,2180,356
173763,041704,0,2328,380
173764,003104,0,2180,356
173764,103704,0,2239,367
173765,041104,0,2180,356
173765,041704,0,2328,380
173766,003104,0,2180,356
173766,103704,0,2239,367
173767,146104,0,2269,369
173767,046704,0,2328,380
173770,004104,0,2188,359
173770,104704,0,2247,370
173771,041104,0,2188,359
173771,041704,0,2336,383
173772,146104,0,2277,372
173772,046704,0,2336,383
173773,003104,0,2188,359
173773,103704,0,2247,370
173774,004104,0,2188,359
173774,104704,0,2247,370
173775,041104,0,2188,359
173775,041704,0,2336,383
173776,146104,0,2277,372
173776,046704,0,2336,383
173777,004104,0,2188,359
173777,104704,0,2247,370
172000,040104,0,3451,561
172000,040704,0,3650,592
172001,004104,0,4466,827
172001,104704,0,4638,853
172002,000104,0,4439,822
172002,100704,0,4665,858
172003,144104,0,4466,827
172003,044704,0,4638,853
172004,040104,0,4439,822
172004,040704,0,4665,858
172005,004104,0,4466,827
172005,104704,0,4638,853
172006,000104,0,1899,299
172006,100704,0,1902,300
172007,000104,0,1899,299
172007,100704,0,1902,300
172010,000104,0,4345,811
172010,100704,0,4573,849
172011,144104,0,4372,816
172011,044704,0,4546,844
172012,040104,0,4345,811
172012,040704,0,4573,849
172013,004104,0,4372,816
172013,104704,0,4546,844
172014,000104,0,4345,811
172014,100704,0,4573,849
172015,144104,0,4372,816
172015,044704,0,4546,844
172016,040104,0,4345,811
172016,040704,0,4573,849
172017,040104,0,4345,811
172017,040704,0,4573,849
172020,040104,0,4464,834
172020,040704,0,4692,872
172021,004104,0,4491,839
172021,104704,0,4665,867
172022,000104,0,4464,834
172022,100704,0,4692,872
172023,144104,0,4491,839
172023,044704,0,4665,867
172024,040104,0,4464,834
172024,040704,0,4692,872
172025,004104,0,4491,839
172025,104704,0,4665,867
172026,000104,0,4464,834
172026,100704,0,4692,872
172027,000104,0,4405,821
172027,100704,0,4577,849
172030,040104,0,4487,838
172030,040704,0,4715,876
172031,000104,0,4487,838
172031,100704,0,4715,876
172032,040104,0,4487,838
172032,040704,0,4715,876
172033,000104,0,4487,838
172033,100704,0,4715,876
172034,040104,0,4487,838
172034,040704,0,4715,876
172035,000104,0,4487,838
172035,100704,0,4715,876
172036,040104,0,4487,838
172036,040704,0,4715,876
172037,004104,0,4465,833
172037,104704,0,4639,861
172040,000104,0,4464,834
172040,100704,0,4692,872
172041,144104,0,4491,839
172041,044704,0,4665,867
172042,040104,0,4464,834
172042,040704,0,4692,872
172043,004104,0,4491,839
172043,104704,0,4665,867
172044,000104,0,4464,834
172044,100704,0,4692,872
172045,144104,0,4491,839
172045,044704,0,4665,867
172046,040104,0,4464,834
172046,040704,0,4692,872
172047,040104,0,4415,824
172047,040704,0,4643,862
172050,040104,0,4487,838
172050,040704,0,4715,876
172051,000104,0,4487,838
172051,100704,0,4715,876
172052,040104,0,4487,838
172052,040704,0,4715,876
172053,000104,0,4487,838
172053,100704,0,4715,876
172054,040104,0,4487,838
172054,040704,0,4715,876
172055,000104,0,4487,838
172055,100704,0,4715,876
172056,040104,0,4487,838
172056,040704,0,4715,876
172057,004104,0,2005,324
172057,104704,0,2008,325
172060,000104,0,4432,825
172060,100704,0,4660,863
172061,040104,0,4432,825
172061,040704,0,4660,863
172062,000104,0,4432,825
172062,100704,0,4660,863
172063,040104,0,4432,825
172063,040704,0,4660,863
172064,000104,0,4432,825
172064,100704,0,4660,863
172065,040104,0,4432,825
172065,040704,0,4660,863
172066,000104,0,4432,825
172066,100704,0,4660,863
172067,144104,0,4459,830
172067,044704,0,4633,858
172070,004104,0,4467,833
172070,104704,0,4641,861
172071,040104,0,4440,828
172071,040704,0,4668,866
172072,144104,0,4467,833
172072,044704,0,4641,861
172073,000104,0,4440,828
172073,100704,0,4668,866
172074,004104,0,4467,833
172074,104704,0,4641,861
172075,040104,0,4440,828
172075,040704,0,4668,866
172076,144104,0,4467,833
172076,044704,0,4641,861
172077,004104,0,4467,833
172077,104704,0,4641,861
172100,040104,0,4439,822
172100,040704,0,4638,853
172101,004104,0,3451,561
172101,104704,0,3650,592
172102,000104,0,4466,827
172102,100704,0,4638,853
172103,144104,0,4466,827
172103,044704,0,4638,853
172104,040104,0,4439,822
172104,040704,0,4638,853
172105,004104,0,4439,822
172105,104704,0,4665,858
172106,000104,0,1899,299
172106,100704,0,1902,300
172107,000104,0,1899,299
172107,100704,0,1902,300
172110,000104,0,4372,816
172110,100704,0,4546,844
172111,144104,0,4372,816
172111,044704,0,4546,844
172112,040104,0,4345,811
172112,040704,0,4546,844
172113,004104,0,4345,811
172113,104704,0,4573,849
172114,000104,0,4372,816
172114,100704,0,4546,844
172115,144104,0,4372,816
172115,044704,0,4546,844
172116,040104,0,4345,811
172116,040704,0,4546,844
172117,040104,0,4345,811
172117,040704,0,4546,844
172120,040104,0,4464,834
172120,040704,0,4665,867
172121,004104,0,4464,834
172121,104704,0,4692,872
172122,000104,0,4491,839
172122,100704,0,4665,867
172123,144104,0,4491,839
172123,044704,0,4665,867
172124,040104,0,4464,834
172124,040704,0,4665,867
172125,004104,0,4464,834
172125,104704,0,4692,872
172126,000104,0,4491,839
172126,100704,0,4665,867
172127,000104,0,4432,826
172127,100704,0,4550,844
172130,040104,0,4487,838
172130,040704,0,4688,871
172131,000104,0,4514,843
172131,100704,0,4688,871
172132,040104,0,4487,838
172132,040704,0,4688,871
172133,000104,0,4514,843
172133,100704,0,4688,871
172134,040104,0,4487,838
172134,040704,0,4688,871
172135,000104,0,4514,843
172135,100704,0,4688,871
172136,040104,0,4487,838
172136,040704,0,4688,871
172137,004104,0,4438,828
172137,104704,0,4666,866
172140,000104,0,4491,839
172140,100704,0,4665,867
172141,144104,0,4491,839
172141,044704,0,4665,867
172142,040104,0,4464,834
172142,040704,0,4665,867
172143,004104,0,4464,834
172143,104704,0,4692,872
172144,000104,0,4491,839
172144,100704,0,4665,867
172145,144104,0,4491,839
172145,044704,0,4665,867
172146,040104,0,4464,834
172146,040704,0,4665,867
172147,040104,0,4415,824
172147,040704,0,4616,857
172150,040104,0,4487,838
172150,040704,0,4688,871
172151,000104,0,4514,843
172151,100704,0,4688,871
172152,040104,0,4487,838
172152,040704,0,4688,871
172153,000104,0,4514,843
172153,100704,0,4688,871
172154,040104,0,4487,838
172154,040704,0,4688,871
172155,000104,0,4514,843
172155,100704,0,4688,871
172156,040104,0,4487,838
172156,040704,0,4688,871
172157,004104,0,2005,324
172157,104704,0,2008,325
172160,000104,0,4459,830
172160,100704,0,4633,858
172161,040104,0,4432,825
172161,040704,0,4633,858
172162,000104,0,4459,830
172162,100704,0,4633,858
172163,040104,0,4432,825
172163,040704,0,4633,858
172164,000104,0,4459,830
172164,100704,0,4633,858
172165,040104,0,4432,825
172165,040704,0,4633,858
172166,000104,0,4459,830
172166,100704,0,4633,858
172167,144104,0,4459,830
172167,044704,0,4633,858
172170,004104,0,4440,828
172170,104704,0,4668,866
172171,040104,0,4440,828
172171,040704,0,4641,861
172172,144104,0,4467,833
172172,044704,0,4641,861
172173,000104,0,4467,833
172173,100704,0,4641,861
172174,004104,0,4440,828
172174,104704,0,4668,866
172175,040104,0,4440,828
172175,040704,0,4641,861
172176,144104,0,4467,833
172176,044704,0,4641,861
172177,004104,0,4440,828
172177,104704,0,4668,866
172200,040104,0,4466,827
172200,040704,0,4665,858
172201,004104,0,4466,827
172201,104704,0,4665,858
172202,000104,0,3451,561
172202,100704,0,3650,592
172203,144104,0,4439,822
172203,044704,0,4638,853
172204,040104,0,4466,827
172204,040704,0,4665,858
172205,004104,0,4466,827
172205,104704,0,4665,858
172206,000104,0,1899,299
172206,100704,0,1902,300
172207,000104,0,1899,299
172207,100704,0,1902,300
172210,000104,0,4345,811
172210,100704,0,4573,849
172211,144104,0,4345,811
172211,044704,0,4546,844
172212,040104,0,4372,816
172212,040704,0,4573,849
172213,004104,0,4372,816
172213,104704,0,4573,849
172214,000104,0,4345,811
172214,100704,0,4573,849
172215,144104,0,4345,811
172215,044704,0,4546,844
172216,040104,0,4372,816
172216,040704,0,4573,849
172217,040104,0,4372,816
172217,040704,0,4573,849
172220,040104,0,4491,839
172220,040704,0,4692,872
172221,004104,0,4491,839
172221,104704,0,4692,872
172222,000104,0,4464,834
172222,100704,0,4692,872
172223,144104,0,4464,834
172223,044704,0,4665,867
172224,040104,0,4491,839
172224,040704,0,4692,872
172225,004104,0,4491,839
172225,104704,0,4692,872
172226,000104,0,4464,834
172226,100704,0,4692,872
172227,000104,0,4405,821
172227,100704,0,4577,849
172230,040104,0,4514,843
172230,040704,0,4715,876
172231,000104,0,4487,838
172231,100704,0,4715,876
172232,040104,0,4514,843
172232,040704,0,4715,876
172233,000104,0,4487,838
172233,100704,0,4715,876
172234,040104,0,4514,843
172234,040704,0,4715,876
172235,000104,0,4487,838
172235,100704,0,4715,876
172236,040104,0,4514,843
172236,040704,0,4715,876
172237,004104,0,4465,833
172237,104704,0,4666,866
172240,000104,0,4464,834
172240,100704,0,4692,872
172241,144104,0,4464,834
172241,044704,0,4665,867
172242,040104,0,4491,839
172242,040704,0,4692,872
172243,004104,0,4491,839
172243,104704,0,4692,872
172244,000104,0,4464,834
172244,100704,0,4692,872
172245,144104,0,4464,834
172245,044704,0,4665,867
172246,040104,0,4491,839
172246,040704,0,4692,872
172247,040104,0,4442,829
172247,040704,0,4643,862
172250,040104,0,4514,843
172250,040704,0,4715,876
172251,000104,0,4487,838
172251,100704,0,4715,876
172252,040104,0,4514,843
172252,040704,0,4715,876
172253,000104,0,4487,838
172253,100704,0,4715,876
172254,040104,0,4514,843
172254,040704,0,4715,876
172255,000104,0,4487,838
172255,100704,0,4715,876
172256,040104,0,4514,843
172256,040704,0,4715,876
172257,004104,0,2005,324
172257,104704,0,2008,325
172260,000104,0,4432,825
172260,100704,0,4660,863
172261,040104,0,4459,830
172261,040704,0,4660,863
172262,000104,0,4432,825
172262,100704,0,4660,863
172263,040104,0,4459,830
172263,040704,0,4660,863
172264,000104,0,4432,825
172264,100704,0,4660,863
172265,040104,0,4459,830
172265,040704,0,4660,863
172266,000104,0,4432,825
172266,100704,0,4660,863
172267,144104,0,4432,825
172267,044704,0,4633,858
172270,004104,0,4467,833
172270,104704,0,4668,866
172271,040104,0,4467,833
172271,040704,0,4668,866
172272,144104,0,4440,828
172272,044704,0,4641,861
172273,000104,0,4440,828
172273,100704,0,4668,866
172274,004104,0,4467,833
172274,104704,0,4668,866
172275,040104,0,4467,833
172275,040704,0,4668,866
172276,144104,0,4440,828
172276,044704,0,4641,861
172277,004104,0,4467,833
172277,104704,0,4668,866
172300,040104,0,4466,827
172300,040704,0,4638,853
172301,004104,0,4466,827
172301,104704,0,4665,858
172302,000104,0,4466,827
172302,100704,0,4665,858
172303,144104,0,3451,561
172303,044704,0,3650,592
172304,040104,0,4466,827
172304,040704,0,4638,853
172305,004104,0,4466,827
172305,104704,0,4665,858
172306,000104,0,1899,299
172306,100704,0,1902,300
172307,000104,0,1899,299
172307,100704,0,1902,300
172310,000104,0,4372,816
172310,100704,0,4573,849
172311,144104,0,4345,811
172311,044704,0,4546,844
172312,040104,0,4372,816
172312,040704,0,4546,844
172313,004104,0,4372,816
172313,104704,0,4573,849
172314,000104,0,4372,816
172314,100704,0,4573,849
172315,144104,0,4345,811
172315,044704,0,4546,844
172316,040104,0,4372,816
172316,040704,0,4546,844
172317,040104,0,4372,816
172317,040704,0,4546,844
172320,040104,0,4491,839
172320,040704,0,4665,867
172321,004104,0,4491,839
172321,104704,0,4692,872
172322,000104,0,4491,839
172322,100704,0,4692,872
172323,144104,0,4464,834
172323,044704,0,4665,867
172324,040104,0,4491,839
172324,040704,0,4665,867
172325,004104,0,4491,839
172325,104704,0,4692,872
172326,000104,0,4491,839
172326,100704,0,4692,872
172327,000104,0,4432,826
172327,100704,0,4577,849
172330,040104,0,4514,843
172330,040704,0,4688,871
172331,000104,0,4514,843
172331,100704,0,4715,876
172332,040104,0,4514,843
172332,040704,0,4688,871
172333,000104,0,4514,843
172333,100704,0,4715,876
172334,040104,0,4514,843
172334,040704,0,4688,871
172335,000104,0,4514,843
172335,100704,0,4715,876
172336,040104,0,4514,843
172336,040704,0,4688,871
172337,004104,0,4465,833
172337,104704,0,4666,866
172340,000104,0,4491,839
172340,100704,0,4692,872
172341,144104,0,4464,834
172341,044704,0,4665,867
172342,040104,0,4491,839
172342,040704,0,4665,867
172343,004104,0,4491,839
172343,104704,0,4692,872
172344,000104,0,4491,839
172344,100704,0,4692,872
172345,144104,0,4464,834
172345,044704,0,4665,867
172346,040104,0,4491,839
172346,040704,0,4665,867
172347,040104,0,4442,829
172347,040704,0,4616,857
172350,040104,0,4514,843
172350,040704,0,4688,871
172351,000104,0,4514,843
172351,100704,0,4715,876
172352,040104,0,4514,843
172352,040704,0,4688,871
172353,000104,0,4514,843
172353,100704,0,4715,876
172354,040104,0,4514,843
172354,040704,0,4688,871
172355,000104,0,4514,843
172355,100704,0,4715,876
172356,040104,0,4514,843
172356,040704,0,4688,871
172357,004104,0,2005,324
172357,104704,0,2008,325
172360,000104,0,4459,830
172360,100704,0,4660,863
172361,040104,0,4459,830
172361,040704,0,4633,858
172362,000104,0,4459,830
172362,100704,0,4660,863
172363,040104,0,4459,830
172363,040704,0,4633,858
172364,000104,0,4459,830
172364,100704,0,4660,863
172365,040104,0,4459,830
172365,040704,0,4633,858
172366,000104,0,4459,830
172366,100704,0,4660,863
172367,144104,0,4432,825
172367,044704,0,4633,858
172370,004104,0,4467,833
172370,104704,0,4668,866
172371,040104,0,4467,833
172371,040704,0,4641,861
172372,144104,0,4440,828
172372,044704,0,4641,861
172373,000104,0,4467,833
172373,100704,0,4668,866
172374,004104,0,4467,833
172374,104704,0,4668,866
172375,040104,0,4467,833
172375,040704,0,4641,861
172376,144104,0,4440,828
172376,044704,0,4641,861
172377,004104,0,4467,833
172377,104704,0,4668,866
173000,040104,0,3515,571
173000,040704,0,3714,602
173001,004104,0,4530,837
173001,104704,0,4702,863
173002,000104,0,4503,832
173002,100704,0,4729,868
173003,144104,0,4530,837
173003,044704,0,4702,863
173004,040104,0,4503,832
173004,040704,0,4729,868
173005,004104,0,4530,837
173005,104704,0,4702,863
173006,000104,0,1923,302
173006,100704,0,1926,303
173007,000104,0,1923,302
173007,100704,0,1926,303
173010,000104,0,4409,821
173010,100704,0,4637,859
173011,144104,0,4436,826
173011,044704,0,4610,854
173012,040104,0,4409,821
173012,040704,0,4637,859
173013,004104,0,4436,826
173013,104704,0,4610,854
173014,000104,0,4409,821
173014,100704,0,4637,859
173015,144104,0,4436,826
173015,044704,0,4610,854
173016,040104,0,4409,821
173016,040704,0,4637,859
173017,040104,0,4409,821
173017,040704,0,4637,859
173020,040104,0,4528,844
173020,040704,0,4756,882
173021,004104,0,4555,849
173021,104704,0,4729,877
173022,000104,0,4528,844
173022,100704,0,4756,882
173023,144104,0,4555,849
173023,044704,0,4729,877
173024,040104,0,4528,844
173024,040704,0,4756,882
173025,004104,0,4555,849
173025,104704,0,4729,877
173026,000104,0,4528,844
173026,100704,0,4756,882
173027,000104,0,4469,831
173027,100704,0,4641,859
173030,040104,0,4551,848
173030,040704,0,4779,886
173031,000104,0,4551,848
173031,100704,0,4779,886
173032,040104,0,4551,848
173032,040704,0,4779,886
173033,000104,0,4551,848
173033,100704,0,4779,886
173034,040104,0,4551,848
173034,040704,0,4779,886
173035,000104,0,4551,848
173035,100704,0,4779,886
173036,040104,0,4551,848
173036,040704,0,4779,886
173037,004104,0,4529,843
173037,104704,0,4703,871
173040,000104,0,4528,844
173040,100704,0,4756,882
173041,144104,0,4555,849
173041,044704,0,4729,877
173042,040104,0,4528,844
173042,040704,0,4756,882
173043,004104,0,4555,849
173043,104704,0,4729,877
173044,000104,0,4528,844
173044,100704,0,4756,882
173045,144104,0,4555,849
173045,044704,0,4729,877
173046,040104,0,4528,844
173046,040704,0,4756,882
173047,040104,0,4479,834
173047,040704,0,4707,872
173050,040104,0,4551,848
173050,040704,0,4779,886
173051,000104,0,4551,848
173051,100704,0,4779,886
173052,040104,0,4551,848
173052,040704,0,4779,886
173053,000104,0,4551,848
173053,100704,0,4779,886
173054,040104,0,4551,848
173054,040704,0,4779,886
173055,000104,0,4551,848
173055,100704,0,4779,886
173056,040104,0,4551,848
173056,040704,0,4779,886
173057,004104,0,2029,327
173057,104704,0,2032,328
173060,000104,0,4496,835
173060,100704,0,4724,873
173061,040104,0,4496,835
173061,040704,0,4724,873
173062,000104,0,4496,835
173062,100704,0,4724,873
173063,040104,0,4496,835
173063,040704,0,4724,873
173064,000104,0,4496,835
173064,100704,0,4724,873
173065,040104,0,4496,835
173065,040704,0,4724,873
173066,000104,0,4496,835
173066,100704,0,4724,873
173067,144104,0,4523,840
173067,044704,0,4697,868
173070,004104,0,4531,843
173070,104704,0,4705,871
173071,040104,0,4504,838
173071,040704,0,4732,876
173072,144104,0,4531,843
173072,044704,0,4705,871
173073,000104,0,4504,838
173073,100704,0,4732,876
173074,004104,0,4531,843
173074,104704,0,4705,871
173075,040104,0,4504,838
173075,040704,0,4732,876
173076,144104,0,4531,843
173076,044704,0,4705,871
173077,004104,0,4531,843
173077,104704,0,4705,871
173100,040104,0,4503,832
173100,040704,0,4702,863
173101,004104,0,3515,571
173101,104704,0,3714,602
173102,000104,0,4530,837
173102,100704,0,4702,863
173103,144104,0,4530,837
173103,044704,0,4702,863
173104,040104,0,4503,832
173104,040704,0,4702,863
173105,004104,0,4503,832
173105,104704,0,4729,868
173106,000104,0,1923,302
173106,100704,0,1926,303
173107,000104,0,1923,302
173107,100704,0,1926,303
173110,000104,0,4436,826
173110,100704,0,4610,854
173111,144104,0,4436,826
173111,044704,0,4610,854
173112,040104,0,4409,821
173112,040704,0,4610,854
173113,004104,0,4409,821
173113,104704,0,4637,859
173114,000104,0,4436,826
173114,100704,0,4610,854
173115,144104,0,4436,826
173115,044704,0,4610,854
173116,040104,0,4409,821
173116,040704,0,4610,854
173117,040104,0,4409,821
173117,040704,0,4610,854
173120,040104,0,4528,844
173120,040704,0,4729,877
173121,004104,0,4528,844
173121,104704,0,4756,882
173122,000104,0,4555,849
173122,100704,0,4729,877
173123,144104,0,4555,849
173123,044704,0,4729,877
173124,040104,0,4528,844
173124,040704,0,4729,877
173125,004104,0,4528,844
173125,104704,0,4756,882
173126,000104,0,4555,849
173126,100704,0,4729,877
173127,000104,0,4496,836
173127,100704,0,4614,854
173130,040104,0,4551,848
173130,040704,0,4752,881
173131,000104,0,4578,853
173131,100704,0,4752,881
173132,040104,0,4551,848
173132,040704,0,4752,881
173133,000104,0,4578,853
173133,100704,0,4752,881
173134,040104,0,4551,848
173134,040704,0,4752,881
173135,000104,0,4578,853
173135,100704,0,4752,881
173136,040104,0,4551,848
173136,040704,0,4752,881
173137,004104,0,4502,838
173137,104704,0,4730,876
173140,000104,0,4555,849
173140,100704,0,4729,877
173141,144104,0,4555,849
173141,044704,0,4729,877
173142,040104,0,4528,844
173142,040704,0,4729,877
173143,004104,0,4528,844
173143,104704,0,4756,882
173144,000104,0,4555,849
173144,100704,0,4729,877
173145,144104,0,4555,849
173145,044704,0,4729,877
173146,040104,0,4528,844
173146,040704,0,4729,877
173147,040104,0,4479,834
173147,040704,0,4680,867
173150,040104,0,4551,848
173150,040704,0,4752,881
173151,000104,0,4578,853
173151,100704,0,4752,881
173152,040104,0,4551,848
173152,040704,0,4752,881
173153,000104,0,4578,853
173153,100704,0,4752,881
173154,040104,0,4551,848
173154,040704,0,4752,881
173155,000104,0,4578,853
173155,100704,0,4752,881
173156,040104,0,4551,848
173156,040704,0,4752,881
173157,004104,0,2029,327
173157,104704,0,2032,328
173160,000104,0,4523,840
173160,100704,0,4697,868
173161,040104,0,4496,835
173161,040704,0,4697,868
173162,000104,0,4523,840
173162,100704,0,4697,868
173163,040104,0,4496,835
173163,040704,0,4697,868
173164,000104,0,4523,840
173164,100704,0,4697,868
173165,040104,0,4496,835
173165,040704,0,4697,868
173166,000104,0,4523,840
173166,100704,0,4697,868
173167,144104,0,4523,840
173167,044704,0,4697,868
173170,004104,0,4504,838
173170,104704,0,4732,876
173171,040104,0,4504,838
173171,040704,0,4705,871
173172,144104,0,4531,843
173172,044704,0,4705,871
173173,000104,0,4531,843
173173,100704,0,4705,871
173174,004104,0,4504,838
173174,104704,0,4732,876
173175,040104,0,4504,838
173175,040704,0,4705,871
173176,144104,0,4531,843
173176,044704,0,4705,871
173177,004104,0,4504,838
173177,104704,0,4732,876
173200,040104,0,4530,837
173200,040704,0,4729,868
173201,004104,0,4530,837
173201,104704,0,4729,868
173202,000104,0,3515,571
173202,100704,0,3714,602
173203,144104,0,4503,832
173203,044704,0,4702,863
173204,040104,0,4530,837
173204,040704,0,4729,868
173205,004104,0,4530,837
173205,104704,0,4729,868
173206,000104,0,1923,302
173206,100704,0,1926,303
173207,000104,0,1923,302
173207,100704,0,1926,303
173210,000104,0,4409,821
173210,100704,0,4637,859
173211,144104,0,4409,821
173211,044704,0,4610,854
173212,040104,0,4436,826
173212,040704,0,4637,859
173213,004104,0,4436,826
173213,104704,0,4637,859
173214,000104,0,4409,821
173214,100704,0,4637,859
173215,144104,0,4409,821
173215,044704,0,4610,854
173216,040104,0,4436,826
173216,040704,0,4637,859
173217,040104,0,4436,826
173217,040704,0,4637,859
173220,040104,0,4555,849
173220,040704,0,4756,882
173221,004104,0,4555,849
173221,104704,0,4756,882
173222,000104,0,4528,844
173222,100704,0,4756,882
173223,144104,0,4528,844
173223,044704,0,4729,877
173224,040104,0,4555,849
173224,040704,0,4756,882
173225,004104,0,4555,849
173225,104704,0,4756,882
173226,000104,0,4528,844
173226,100704,0,4756,882
173227,000104,0,4469,831
173227,100704,0,4641,859
173230,040104,0,4578,853
173230,040704,0,4779,886
173231,000104,0,4551,848
173231,100704,0,4779,886
173232,040104,0,4578,853
173232,040704,0,4779,886
173233,000104,0,4551,848
173233,100704,0,4779,886
173234,040104,0,4578,853
173234,040704,0,4779,886
173235,000104,0,4551,848
173235,100704,0,4779,886
173236,040104,0,4578,853
173236,040704,0,4779,886
173237,004104,0,4529,843
173237,104704,0,4730,876
173240,000104,0,4528,844
173240,100704,0,4756,882
173241,144104,0,4528,844
173241,044704,0,4729,877
173242,040104,0,4555,849
173242,040704,0,4756,882
173243,004104,0,4555,849
173243,104704,0,4756,882
173244,000104,0,4528,844
173244,100704,0,4756,882
173245,144104,0,4528,844
173245,044704,0,4729,877
173246,040104,0,4555,849
173246,040704,0,4756,882
173247,040104,0,4506,839
173247,040704,0,4707,872
173250,040104,0,4578,853
173250,040704,0,4779,886
173251,000104,0,4551,848
173251,100704,0,4779,886
173252,040104,0,4578,853
173252,040704,0,4779,886
173253,000104,0,4551,848
173253,100704,0,4779,886
173254,040104,0,4578,853
173254,040704,0,4779,886
173255,000104,0,4551,848
173255,100704,0,4779,886
173256,040104,0,4578,853
173256,040704,0,4779,886
173257,004104,0,2029,327
173257,104704,0,2032,328
173260,000104,0,4496,835
173260,100704,0,4724,873
173261,040104,0,4523,840
173261,040704,0,4724,873
173262,000104,0,4496,835
173262,100704,0,4724,873
173263,040104,0,4523,840
173263,040704,0,4724,873
173264,000104,0,4496,835
173264,100704,0,4724,873
173265,040104,0,4523,840
173265,040704,0,4724,873
173266,000104,0,4496,835
173266,100704,0,4724,873
173267,144104,0,4496,835
173267,044704,0,4697,868
173270,004104,0,4531,843
173270,104704,0,4732,876
173271,040104,0,4531,843
173271,040704,0,4732,876
173272,144104,0,4504,838
173272,044704,0,4705,871
173273,000104,0,4504,838
173273,100704,0,4732,876
173274,004104,0,4531,843
173274,104704,0,4732,876
173275,040104,0,4531,843
173275,040704,0,4732,876
173276,144104,0,4504,838
173276,044704,0,4705,871
173277,004104,0,4531,843
173277,104704,0,4732,876
173300,040104,0,4530,837
173300,040704,0,4702,863
173301,004104,0,4530,837
173301,104704,0,4729,868
173302,000104,0,4530,837
173302,100704,0,4729,868
173303,144104,0,3515,571
173303,044704,0,3714,602
173304,040104,0,4530,837
173304,040704,0,4702,863
173305,004104,0,4530,837
173305,104704,0,4729,868
173306,000104,0,1923,302
173306,100704,0,1926,303
173307,000104,0,1923,302
173307,100704,0,1926,303
173310,000104,0,4436,826
173310,100704,0,4637,859
173311,144104,0,4409,821
173311,044704,0,4610,854
173312,040104,0,4436,826
173312,040704,0,4610,854
173313,004104,0,4436,826
173313,104704,0,4637,859
173314,000104,0,4436,826
173314,100704,0,4637,859
173315,144104,0,4409,821
173315,044704,0,4610,854
173316,040104,0,4436,826
173316,040704,0,4610,854
173317,040104,0,4436,826
173317,040704,0,4610,854
173320,040104,0,4555,849
173320,040704,0,4729,877
173321,004104,0,4555,849
173321,104704,0,4756,882
173322,000104,0,4555,849
173322,100704,0,4756,882
173323,144104,0,4528,844
173323,044704,0,4729,877
173324,040104,0,4555,849
173324,040704,0,4729,877
173325,004104,0,4555,849
173325,104704,0,4756,882
173326,000104,0,4555,849
173326,100704,0,4756,882
173327,000104,0,4496,836
173327,100704,0,4641,859
173330,040104,0,4578,853
173330,040704,0,4752,881
173331,000104,0,4578,853
173331,100704,0,4779,886
173332,040104,0,4578,853
173332,040704,0,4752,881
173333,000104,0,4578,853
173333,100704,0,4779,886
173334,040104,0,4578,853
173334,040704,0,4752,881
173335,000104,0,4578,853
173335,100704,0,4779,886
173336,040104,0,4578,853
173336,040704,0,4752,881
173337,004104,0,4529,843
173337,104704,0,4730,876
173340,000104,0,4555,849
173340,100704,0,4756,882
173341,144104,0,4528,844
173341,044704,0,4729,877
173342,040104,0,4555,849
173342,040704,0,4729,877
173343,004104,0,4555,849
173343,104704,0,4756,882
173344,000104,0,4555,849
173344,100704,0,4756,882
173345,144104,0,4528,844
173345,044704,0,4729,877
173346,040104,0,4555,849
173346,040704,0,4729,877
173347,040104,0,4506,839
173347,040704,0,4680,867
173350,040104,0,4578,853
173350,040704,0,4752,881
173351,000104,0,4578,853
173351,100704,0,4779,886
173352,040104,0,4578,853
173352,040704,0,4752,881
173353,000104,0,4578,853
173353,100704,0,4779,886
173354,040104,0,4578,853
173354,040704,0,4752,881
173355,000104,0,4578,853
173355,100704,0,4779,886
173356,040104,0,4578,853
173356,040704,0,4752,881
173357,004104,0,2029,327
173357,104704,0,2032,328
173360,000104,0,4523,840
173360,100704,0,4724,873
173361,040104,0,4523,840
173361,040704,0,4697,868
173362,000104,0,4523,840
173362,100704,0,4724,873
173363,040104,0,4523,840
173363,040704,0,4697,868
173364,000104,0,4523,840
173364,100704,0,4724,873
173365,040104,0,4523,840
173365,040704,0,4697,868
173366,000104,0,4523,840
173366,100704,0,4724,873
173367,144104,0,4496,835
173367,044704,0,4697,868
173370,004104,0,4531,843
173370,104704,0,4732,876
173371,040104,0,4531,843
173371,040704,0,4705,871
173372,144104,0,4504,838
173372,044704,0,4705,871
173373,000104,0,4531,843
173373,100704,0,4732,876
173374,004104,0,4531,843
173374,104704,0,4732,876
173375,040104,0,4531,843
173375,040704,0,4705,871
173376,144104,0,4504,838
173376,044704,0,4705,871
173377,004104,0,4531,843
173377,104704,0,4732,876
171000,040104,0,3370,543
171000,040704,0,3569,574
171001,004104,0,3756,649
171001,104704,0,3955,680
171002,000104,0,3756,649
171002,100704,0,3955,680
171003,144104,0,3756,649
171003,044704,0,3955,680
171004,040104,0,3756,649
171004,040704,0,3955,680
171005,004104,0,3756,649
171005,104704,0,3955,680
171006,000104,0,1947,305
171006,100704,0,1950,306
171007,000104,0,1947,305
171007,100704,0,1950,306
171010,000104,0,3662,638
171010,100704,0,3863,671
171011,144104,0,3662,638
171011,044704,0,3863,671
171012,040104,0,3662,638
171012,040704,0,3863,671
171013,004104,0,3662,638
171013,104704,0,3863,671
171014,000104,0,3662,638
171014,100704,0,3863,671
171015,144104,0,3662,638
171015,044704,0,3863,671
171016,040104,0,3662,638
171016,040704,0,3863,671
171017,040104,0,3662,638
171017,040704,0,3863,671
171020,040104,0,3781,661
171020,040704,0,3982,694
171021,004104,0,3781,661
171021,104704,0,3982,694
171022,000104,0,3781,661
171022,100704,0,3982,694
171023,144104,0,3781,661
171023,044704,0,3982,694
171024,040104,0,3781,661
171024,040704,0,3982,694
171025,004104,0,3781,661
171025,104704,0,3982,694
171026,000104,0,3781,661
171026,100704,0,3982,694
171027,000104,0,3722,648
171027,100704,0,3867,671
171030,040104,0,3804,665
171030,040704,0,4005,698
171031,000104,0,3804,665
171031,100704,0,4005,698
171032,040104,0,3804,665
171032,040704,0,4005,698
171033,000104,0,3804,665
171033,100704,0,4005,698
171034,040104,0,3804,665
171034,040704,0,4005,698
171035,000104,0,3804,665
171035,100704,0,4005,698
171036,040104,0,3804,665
171036,040704,0,4005,698
171037,004104,0,3755,655
171037,104704,0,3956,688
171040,000104,0,3781,661
171040,100704,0,3982,694
171041,144104,0,3781,661
171041,044704,0,3982,694
171042,040104,0,3781,661
171042,040704,0,3982,694
171043,004104,0,3781,661
171043,104704,0,3982,694
171044,000104,0,3781,661
171044,100704,0,3982,694
171045,144104,0,3781,661
171045,044704,0,3982,694
171046,040104,0,3781,661
171046,040704,0,3982,694
171047,040104,0,3732,651
171047,040704,0,3933,684
171050,040104,0,3804,665
171050,040704,0,4005,698
171051,000104,0,3804,665
171051,100704,0,4005,698
171052,040104,0,3804,665
171052,040704,0,4005,698
171053,000104,0,3804,665
171053,100704,0,4005,698
171054,040104,0,3804,665
171054,040704,0,4005,698
171055,000104,0,3804,665
171055,100704,0,4005,698
171056,040104,0,3804,665
171056,040704,0,4005,698
171057,004104,0,2053,330
171057,104704,0,2056,331
171060,000104,0,3749,652
171060,100704,0,3950,685
171061,040104,0,3749,652
171061,040704,0,3950,685
171062,000104,0,3749,652
171062,100704,0,3950,685
171063,040104,0,3749,652
171063,040704,0,3950,685
171064,000104,0,3749,652
171064,100704,0,3950,685
171065,040104,0,3749,652
171065,040704,0,3950,685
171066,000104,0,3749,652
171066,100704,0,3950,685
171067,144104,0,3749,652
171067,044704,0,3950,685
171070,004104,0,3757,655
171070,104704,0,3958,688
171071,040104,0,3757,655
171071,040704,0,3958,688
171072,144104,0,3757,655
171072,044704,0,3958,688
171073,000104,0,3757,655
171073,100704,0,3958,688
171074,004104,0,3757,655
171074,104704,0,3958,688
171075,040104,0,3757,655
171075,040704,0,3958,688
171076,144104,0,3757,655
171076,044704,0,3958,688
171077,004104,0,3757,655
171077,104704,0,3958,688
171100,040104,0,3756,649
171100,040704,0,3955,680
171101,004104,0,3370,543
171101,104704,0,3569,574
171102,000104,0,3756,649
171102,100704,0,3955,680
171103,144104,0,3756,649
171103,044704,0,3955,680
171104,040104,0,3756,649
171104,040704,0,3955,680
171105,004104,0,3756,649
171105,104704,0,3955,680
171106,000104,0,1947,305
171106,100704,0,1950,306
171107,000104,0,1947,305
171107,100704,0,1950,306
171110,000104,0,3662,638
171110,100704,0,3863,671
171111,144104,0,3662,638
171111,044704,0,3863,671
171112,040104,0,3662,638
171112,040704,0,3863,671
171113,004104,0,3662,638
171113,104704,0,3863,671
171114,000104,0,3662,638
171114,100704,0,3863,671
171115,144104,0,3662,638
171115,044704,0,3863,671
171116,040104,0,3662,638
171116,040704,0,3863,671
171117,040104,0,3662,638
171117,040704,0,3863,671
171120,040104,0,3781,661
171120,040704,0,3982,694
171121,004104,0,3781,661
171121,104704,0,3982,694
171122,000104,0,3781,661
171122,100704,0,3982,694
171123,144104,0,3781,661
171123,044704,0,3982,694
171124,040104,0,3781,661
171124,040704,0,3982,694
171125,004104,0,3781,661
171125,104704,0,3982,694
171126,000104,0,3781,661
171126,100704,0,3982,694
171127,000104,0,3722,648
171127,100704,0,3867,671
171130,040104,0,3804,665
171130,040704,0,4005,698
171131,000104,0,3804,665
171131,100704,0,4005,698
171132,040104,0,3804,665
171132,040704,0,4005,698
171133,000104,0,3804,665
171133,100704,0,4005,698
171134,040104,0,3804,665
171134,040704,0,4005,698
171135,000104,0,3804,665
171135,100704,0,4005,698
171136,040104,0,3804,665
171136,040704,0,4005,698
171137,004104,0,3755,655
171137,104704,0,3956,688
171140,000104,0,3781,661
171140,100704,0,3982,694
171141,144104,0,3781,661
171141,044704,0,3982,694
171142,040104,0,3781,661
171142,040704,0,3982,694
171143,004104,0,3781,661
171143,104704,0,3982,694
171144,000104,0,3781,661
171144,100704,0,3982,694
171145,144104,0,3781,661
171145,044704,0,3982,694
171146,040104,0,3781,661
171146,040704,0,3982,694
171147,040104,0,3732,651
171147,040704,0,3933,684
171150,040104,0,3804,665
171150,040704,0,4005,698
171151,000104,0,3804,665
171151,100704,0,4005,698
171152,040104,0,3804,665
171152,040704,0,4005,698
171153,000104,0,3804,665
171153,100704,0,4005,698
171154,040104,0,3804,665
171154,040704,0,4005,698
171155,000104,0,3804,665
171155,100704,0,4005,698
171156,040104,0,3804,665
171156,040704,0,4005,698
171157,004104,0,2053,330
171157,104704,0,2056,331
171160,000104,0,3749,652
171160,100704,0,3950,685
171161,040104,0,3749,652
171161,040704,0,3950,685
171162,000104,0,3749,652
171162,100704,0,3950,685
171163,040104,0,3749,652
171163,040704,0,3950,685
171164,000104,0,3749,652
171164,100704,0,3950,685
171165,040104,0,3749,652
171165,040704,0,3950,685
171166,000104,0,3749,652
171166,100704,0,3950,685
171167,144104,0,3749,652
171167,044704,0,3950,685
171170,004104,0,3757,655
171170,104704,0,3958,688
171171,040104,0,3757,655
171171,040704,0,3958,688
171172,144104,0,3757,655
171172,044704,0,3958,688
171173,000104,0,3757,655
171173,100704,0,3958,688
171174,004104,0,3757,655
171174,104704,0,3958,688
171175,040104,0,3757,655
171175,040704,0,3958,688
171176,144104,0,3757,655
171176,044704,0,3958,688
171177,004104,0,3757,655
171177,104704,0,3958,688
171200,040104,0,3756,649
171200,040704,0,3955,680
171201,004104,0,3756,649
171201,104704,0,3955,680
171202,000104,0,3370,543
171202,100704,0,3569,574
171203,144104,0,3756,649
171203,044704,0,3955,680
171204,040104,0,3756,649
171204,040704,0,3955,680
171205,004104,0,3756,649
171205,104704,0,3955,680
171206,000104,0,1947,305
171206,100704,0,1950,306
171207,000104,0,1947,305
171207,100704,0,1950,306
171210,000104,0,3662,638
171210,100704,0,3863,671
171211,144104,0,3662,638
171211,044704,0,3863,671
171212,040104,0,3662,638
171212,040704,0,3863,671
171213,004104,0,3662,638
171213,104704,0,3863,671
171214,000104,0,3662,638
171214,100704,0,3863,671
171215,144104,0,3662,638
171215,044704,0,3863,671
171216,040104,0,3662,638
171216,040704,0,3863,671
171217,040104,0,3662,638
171217,040704,0,3863,671
171220,040104,0,3781,661
171220,040704,0,3982,694
171221,004104,0,3781,661
171221,104704,0,3982,694
171222,000104,0,3781,661
171222,100704,0,3982,694
171223,144104,0,3781,661
171223,044704,0,3982,694
171224,040104,0,3781,661
171224,040704,0,3982,694
171225,004104,0,3781,661
171225,104704,0,3982,694
171226,000104,0,3781,661
171226,100704,0,3982,694
171227,000104,0,3722,648
171227,100704,0,3867,671
171230,040104,0,3804,665
171230,040704,0,4005,698
171231,000104,0,3804,665
171231,100704,0,4005,698
171232,040104,0,3804,665
171232,040704,0,4005,698
171233,000104,0,3804,665
171233,100704,0,4005,698
171234,040104,0,3804,665
171234,040704,0,4005,698
171235,000104,0,3804,665
171235,100704,0,4005,698
171236,040104,0,3804,665
171236,040704,0,4005,698
171237,004104,0,3755,655
171237,104704,0,3956,688
171240,000104,0,3781,661
171240,100704,0,3982,694
171241,144104,0,3781,661
171241,044704,0,3982,694
171242,040104,0,3781,661
171242,040704,0,3982,694
171243,004104,0,3781,661
171243,104704,0,3982,694
171244,000104,0,3781,661
171244,100704,0,3982,694
171245,144104,0,3781,661
171245,044704,0,3982,694
171246,040104,0,3781,661
171246,040704,0,3982,694
171247,040104,0,3732,651
171247,040704,0,3933,684
171250,040104,0,3804,665
171250,040704,0,4005,698
171251,000104,0,3804,665
171251,100704,0,4005,698
171252,040104,0,3804,665
171252,040704,0,4005,698
171253,000104,0,3804,665
171253,100704,0,4005,698
171254,040104,0,3804,665
171254,040704,0,4005,698
171255,000104,0,3804,665
171255,100704,0,4005,698
171256,040104,0,3804,665
171256,040704,0,4005,698
171257,004104,0,2053,330
171257,104704,0,2056,331
171260,000104,0,3749,652
171260,100704,0,3950,685
171261,040104,0,3749,652
171261,040704,0,3950,685
171262,000104,0,3749,652
171262,100704,0,3950,685
171263,040104,0,3749,652
171263,040704,0,3950,685
171264,000104,0,3749,652
171264,100704,0,3950,685
171265,040104,0,3749,652
171265,040704,0,3950,685
171266,000104,0,3749,652
171266,100704,0,3950,685
171267,144104,0,3749,652
171267,044704,0,3950,685
171270,004104,0,3757,655
171270,104704,0,3958,688
171271,040104,0,3757,655
171271,040704,0,3958,688
171272,144104,0,3757,655
171272,044704,0,3958,688
171273,000104,0,3757,655
171273,100704,0,3958,688
171274,004104,0,3757,655
171274,104704,0,3958,688
171275,040104,0,3757,655
171275,040704,0,3958,688
171276,144104,0,3757,655
171276,044704,0,3958,688
171277,004104,0,3757,655
171277,104704,0,3958,688
171300,040104,0,3756,649
171300,040704,0,3955,680
171301,004104,0,3756,649
171301,104704,0,3955,680
171302,000104,0,3756,649
171302,100704,0,3955,680
171303,144104,0,3370,543
171303,044704,0,3569,574
171304,040104,0,3756,649
171304,040704,0,3955,680
171305,004104,0,3756,649
171305,104704,0,3955,680
171306,000104,0,1947,305
171306,100704,0,1950,306
171307,000104,0,1947,305
171307,100704,0,1950,306
171310,000104,0,3662,638
171310,100704,0,3863,671
171311,144104,0,3662,638
171311,044704,0,3863,671
171312,040104,0,3662,638
171312,040704,0,3863,671
171313,004104,0,3662,638
171313,104704,0,3863,671
171314,000104,0,3662,638
171314,100704,0,3863,671
171315,144104,0,3662,638
171315,044704,0,3863,671
171316,040104,0,3662,638
171316,040704,0,3863,671
171317,040104,0,3662,638
171317,040704,0,3863,671
171320,040104,0,3781,661
171320,040704,0,3982,694
171321,004104,0,3781,661
171321,104704,0,3982,694
171322,000104,0,3781,661
171322,100704,0,3982,694
171323,144104,0,3781,661
171323,044704,0,3982,694
171324,040104,0,3781,661
171324,040704,0,3982,694
171325,004104,0,3781,661
171325,104704,0,3982,694
171326,000104,0,3781,661
171326,100704,0,3982,694
171327,000104,0,3722,648
171327,100704,0,3867,671
171330,040104,0,3804,665
171330,040704,0,4005,698
171331,000104,0,3804,665
171331,100704,0,4005,698
171332,040104,0,3804,665
171332,040704,0,4005,698
171333,000104,0,3804,665
171333,100704,0,4005,698
171334,040104,0,3804,665
171334,040704,0,4005,698
171335,000104,0,3804,665
171335,100704,0,4005,698
171336,040104,0,3804,665
171336,040704,0,4005,698
171337,004104,0,3755,655
171337,104704,0,3956,688
171340,000104,0,3781,661
171340,100704,0,3982,694
171341,144104,0,3781,661
171341,044704,0,3982,694
171342,040104,0,3781,661
171342,040704,0,3982,694
171343,004104,0,3781,661
171343,104704,0,3982,694
171344,000104,0,3781,661
171344,100704,0,3982,694
171345,144104,0,3781,661
171345,044704,0,3982,694
171346,040104,0,3781,661
171346,040704,0,3982,694
171347,040104,0,3732,651
171347,040704,0,3933,684
171350,040104,0,3804,665
171350,040704,0,4005,698
171351,000104,0,3804,665
171351,100704,0,4005,698
171352,040104,0,3804,665
171352,040704,0,4005,698
171353,000104,0,3804,665
171353,100704,0,4005,698
171354,040104,0,3804,665
171354,040704,0,4005,698
171355,000104,0,3804,665
171355,100704,0,4005,698
171356,040104,0,3804,665
171356,040704,0,4005,698
171357,004104,0,2053,330
171357,104704,0,2056,331
171360,000104,0,3749,652
171360,100704,0,3950,685
171361,040104,0,3749,652
171361,040704,0,3950,685
171362,000104,0,3749,652
171362,100704,0,3950,685
171363,040104,0,3749,652
171363,040704,0,3950,685
171364,000104,0,3749,652
171364,100704,0,3950,685
171365,040104,0,3749,652
171365,040704,0,3950,685
171366,000104,0,3749,652
171366,100704,0,3950,685
171367,144104,0,3749,652
171367,044704,0,3950,685
171370,004104,0,3757,655
171370,104704,0,3958,688
171371,040104,0,3757,655
171371,040704,0,3958,688
171372,144104,0,3757,655
171372,044704,0,3958,688
171373,000104,0,3757,655
171373,100704,0,3958,688
171374,004104,0,3757,655
171374,104704,0,3958,688
171375,040104,0,3757,655
171375,040704,0,3958,688
171376,144104,0,3757,655
171376,044704,0,3958,688
171377,004104,0,3757,655
171377,104704,0,3958,688
174400,040104,0,3206,505
174400,040704,0,3351,528
174401,004104,0,3773,643
174401,104704,0,3918,666
174402,000104,0,3773,643
174402,100704,0,3918,666
174403,144104,0,3576,607
174403,044704,0,3721,630
174404,040104,0,3576,607
174404,040704,0,3721,630
174405,004104,0,3773,643
174405,104704,0,3918,666
174406,000104,0,1971,308
174406,100704,0,1974,309
174407,000104,0,1971,308
174407,100704,0,1974,309
174410,000104,0,3679,632
174410,100704,0,3826,657
174411,144104,0,3482,596
174411,044704,0,3629,621
174412,040104,0,3482,596
174412,040704,0,3629,621
174413,004104,0,3679,632
174413,104704,0,3826,657
174414,000104,0,3679,632
174414,100704,0,3826,657
174415,144104,0,3482,596
174415,044704,0,3629,621
174416,040104,0,3482,596
174416,040704,0,3629,621
174417,040104,0,3482,596
174417,040704,0,3629,621
174420,040104,0,3601,619
174420,040704,0,3748,644
174421,004104,0,3798,655
174421,104704,0,3945,680
174422,000104,0,3798,655
174422,100704,0,3945,680
174423,144104,0,3601,619
174423,044704,0,3748,644
174424,040104,0,3601,619
174424,040704,0,3748,644
174425,004104,0,3798,655
174425,104704,0,3945,680
174426,000104,0,3798,655
174426,100704,0,3945,680
174427,000104,0,3739,642
174427,100704,0,3830,657
174430,040104,0,3624,623
174430,040704,0,3771,648
174431,000104,0,3821,659
174431,100704,0,3968,684
174432,040104,0,3624,623
174432,040704,0,3771,648
174433,000104,0,3821,659
174433,100704,0,3968,684
174434,040104,0,3624,623
174434,040704,0,3771,648
174435,000104,0,3821,659
174435,100704,0,3968,684
174436,040104,0,3624,623
174436,040704,0,3771,648
174437,004104,0,3772,649
174437,104704,0,3919,674
174440,000104,0,3798,655
174440,100704,0,3945,680
174441,144104,0,3601,619
174441,044704,0,3748,644
174442,040104,0,3601,619
174442,040704,0,3748,644
174443,004104,0,3798,655
174443,104704,0,3945,680
174444,000104,0,3798,655
174444,100704,0,3945,680
174445,144104,0,3601,619
174445,044704,0,3748,644
174446,040104,0,3601,619
174446,040704,0,3748,644
174447,040104,0,3552,609
174447,040704,0,3699,634
174450,040104,0,3624,623
174450,040704,0,3771,648
174451,000104,0,3821,659
174451,100704,0,3968,684
174452,040104,0,3624,623
174452,040704,0,3771,648
174453,000104,0,3821,659
174453,100704,0,3968,684
174454,040104,0,3624,623
174454,040704,0,3771,648
174455,000104,0,3821,659
174455,100704,0,3968,684
174456,040104,0,3624,623
174456,040704,0,3771,648
174457,004104,0,2077,333
174457,104704,0,2080,334
174460,000104,0,3766,646
174460,100704,0,3913,671
174461,040104,0,3569,610
174461,040704,0,3716,635
174462,000104,0,3766,646
174462,100704,0,3913,671
174463,040104,0,3569,610
174463,040704,0,3716,635
174464,000104,0,3766,646
174464,100704,0,3913,671
174465,040104,0,3569,610
174465,040704,0,3716,635
174466,000104,0,3766,646
174466,100704,0,3913,671
174467,144104,0,3569,610
174467,044704,0,3716,635
174470,004104,0,3774,649
174470,104704,0,3921,674
174471,040104,0,3577,613
174471,040704,0,3724,638
174472,144104,0,3577,613
174472,044704,0,3724,638
174473,000104,0,3774,649
174473,100704,0,3921,674
174474,004104,0,3774,649
174474,104704,0,3921,674
174475,040104,0,3577,613
174475,040704,0,3724,638
174476,144104,0,3577,613
174476,044704,0,3724,638
174477,004104,0,3774,649
174477,104704,0,3921,674
174500,040104,0,3576,607
174500,040704,0,3721,630
174501,004104,0,3403,541
174501,104704,0,3548,564
174502,000104,0,3773,643
174502,100704,0,3918,666
174503,144104,0,3576,607
174503,044704,0,3721,630
174504,040104,0,3576,607
174504,040704,0,3721,630
174505,004104,0,3773,643
174505,104704,0,3918,666
174506,000104,0,1971,308
174506,100704,0,1974,309
174507,000104,0,1971,308
174507,100704,0,1974,309
174510,000104,0,3679,632
174510,100704,0,3826,657
174511,144104,0,3482,596
174511,044704,0,3629,621
174512,040104,0,3482,596
174512,040704,0,3629,621
174513,004104,0,3679,632
174513,104704,0,3826,657
174514,000104,0,3679,632
174514,100704,0,3826,657
174515,144104,0,3482,596
174515,044704,0,3629,621
174516,040104,0,3482,596
174516,040704,0,3629,621
174517,040104,0,3482,596
174517,040704,0,3629,621
174520,040104,0,3601,619
174520,040704,0,3748,644
174521,004104,0,3798,655
174521,104704,0,3945,680
174522,000104,0,3798,655
174522,100704,0,3945,680
174523,144104,0,3601,619
174523,044704,0,3748,644
174524,040104,0,3601,619
174524,040704,0,3748,644
174525,004104,0,3798,655
174525,104704,0,3945,680
174526,000104,0,3798,655
174526,100704,0,3945,680
174527,000104,0,3739,642
174527,100704,0,3830,657
174530,040104,0,3624,623
174530,040704,0,3771,648
174531,000104,0,3821,659
174531,100704,0,3968,684
174532,040104,0,3624,623
174532,040704,0,3771,648
174533,000104,0,3821,659
174533,100704,0,3968,684
174534,040104,0,3624,623
174534,040704,0,3771,648
174535,000104,0,3821,659
174535,100704,0,3968,684
174536,040104,0,3624,623
174536,040704,0,3771,648
174537,004104,0,3772,649
174537,104704,0,3919,674
174540,000104,0,3798,655
174540,100704,0,3945,680
174541,144104,0,3601,619
174541,044704,0,3748,644
174542,040104,0,3601,619
174542,040704,0,3748,644
174543,004104,0,3798,655
174543,104704,0,3945,680
174544,000104,0,3798,655
174544,100704,0,3945,680
174545,144104,0,3601,619
174545,044704,0,3748,644
174546,040104,0,3601,619
174546,040704,0,3748,644
174547,040104,0,3552,609
174547,040704,0,3699,634
174550,040104,0,3624,623
174550,040704,0,3771,648
174551,000104,0,3821,659
174551,100704,0,3968,684
174552,040104,0,3624,623
174552,040704,0,3771,648
174553,000104,0,3821,659
174553,100704,0,3968,684
174554,040104,0,3624,623
174554,040704,0,3771,648
174555,000104,0,3821,659
174555,100704,0,3968,684
174556,040104,0,3624,623
174556,040704,0,3771,648
174557,004104,0,2077,333
174557,104704,0,2080,334
174560,000104,0,3766,646
174560,100704,0,3913,671
174561,040104,0,3569,610
174561,040704,0,3716,635
174562,000104,0,3766,646
174562,100704,0,3913,671
174563,040104,0,3569,610
174563,040704,0,3716,635
174564,000104,0,3766,646
174564,100704,0,3913,671
174565,040104,0,3569,610
174565,040704,0,3716,635
174566,000104,0,3766,646
174566,100704,0,3913,671
174567,144104,0,3569,610
174567,044704,0,3716,635
174570,004104,0,3774,649
174570,104704,0,3921,674
174571,040104,0,3577,613
174571,040704,0,3724,638
174572,144104,0,3577,613
174572,044704,0,3724,638
174573,000104,0,3774,649
174573,100704,0,3921,674
174574,004104,0,3774,649
174574,104704,0,3921,674
174575,040104,0,3577,613
174575,040704,0,3724,638
174576,144104,0,3577,613
174576,044704,0,3724,638
174577,004104,0,3774,649
174577,104704,0,3921,674
174600,040104,0,3576,607
174600,040704,0,3721,630
174601,004104,0,3773,643
174601,104704,0,3918,666
174602,000104,0,3403,541
174602,100704,0,3548,564
174603,144104,0,3576,607
174603,044704,0,3721,630
174604,040104,0,3576,607
174604,040704,0,3721,630
174605,004104,0,3773,643
174605,104704,0,3918,666
174606,000104,0,1971,308
174606,100704,0,1974,309
174607,000104,0,1971,308
174607,100704,0,1974,309
174610,000104,0,3679,632
174610,100704,0,3826,657
174611,144104,0,3482,596
174611,044704,0,3629,621
174612,040104,0,3482,596
174612,040704,0,3629,621
174613,004104,0,3679,632
174613,104704,0,3826,657
174614,000104,0,3679,632
174614,100704,0,3826,657
174615,144104,0,3482,596
174615,044704,0,3629,621
174616,040104,0,3482,596
174616,040704,0,3629,621
174617,040104,0,3482,596
174617,040704,0,3629,621
174620,040104,0,3601,619
174620,040704,0,3748,644
174621,004104,0,3798,655
174621,104704,0,3945,680
174622,000104,0,3798,655
174622,100704,0,3945,680
174623,144104,0,3601,619
174623,044704,0,3748,644
174624,040104,0,3601,619
174624,040704,0,3748,644
174625,004104,0,3798,655
174625,104704,0,3945,680
174626,000104,0,3798,655
174626,100704,0,3945,680
174627,000104,0,3739,642
174627,100704,0,3830,657
174630,040104,0,3624,623
174630,040704,0,3771,648
174631,000104,0,3821,659
174631,100704,0,3968,684
174632,040104,0,3624,623
174632,040704,0,3771,648
174633,000104,0,3821,659
174633,100704,0,3968,684
174634,040104,0,3624,623
174634,040704,0,3771,648
174635,000104,0,3821,659
174635,100704,0,3968,684
174636,040104,0,3624,623
174636,040704,0,3771,648
174637,004104,0,3772,649
174637,104704,0,3919,674
174640,000104,0,3798,655
174640,100704,0,3945,680
174641,144104,0,3601,619
174641,044704,0,3748,644
174642,040104,0,3601,619
174642,040704,0,3748,644
174643,004104,0,3798,655
174643,104704,0,3945,680
174644,000104,0,3798,655
174644,100704,0,3945,680
174645,144104,0,3601,619
174645,044704,0,3748,644
174646,040104,0,3601,619
174646,040704,0,3748,644
174647,040104,0,3552,609
174647,040704,0,3699,634
174650,040104,0,3624,623
174650,040704,0,3771,648
174651,000104,0,3821,659
174651,100704,0,3968,684
174652,040104,0,3624,623
174652,040704,0,3771,648
174653,000104,0,3821,659
174653,100704,0,3968,684
174654,040104,0,3624,623
174654,040704,0,3771,648
174655,000104,0,3821,659
174655,100704,0,3968,684
174656,040104,0,3624,623
174656,040704,0,3771,648
174657,004104,0,2077,333
174657,104704,0,2080,334
174660,000104,0,3766,646
174660,100704,0,3913,671
174661,040104,0,3569,610
174661,040704,0,3716,635
174662,000104,0,3766,646
174662,100704,0,3913,671
174663,040104,0,3569,610
174663,040704,0,3716,635
174664,000104,0,3766,646
174664,100704,0,3913,671
174665,040104,0,3569,610
174665,040704,0,3716,635
174666,000104,0,3766,646
174666,100704,0,3913,671
174667,144104,0,3569,610
174667,044704,0,3716,635
174670,004104,0,3774,649
174670,104704,0,3921,674
174671,040104,0,3577,613
174671,040704,0,3724,638
174672,144104,0,3577,613
174672,044704,0,3724,638
174673,000104,0,3774,649
174673,100704,0,3921,674
174674,004104,0,3774,649
174674,104704,0,3921,674
174675,040104,0,3577,613
174675,040704,0,3724,638
174676,144104,0,3577,613
174676,044704,0,3724,638
174677,004104,0,3774,649
174677,104704,0,3921,674
174700,040104,0,3576,607
174700,040704,0,3721,630
174701,004104,0,3773,643
174701,104704,0,3918,666
174702,000104,0,3773,643
174702,100704,0,3918,666
174703,144104,0,3206,505
174703,044704,0,3351,528
174704,040104,0,3576,607
174704,040704,0,3721,630
174705,004104,0,3773,643
174705,104704,0,3918,666
174706,000104,0,1971,308
174706,100704,0,1974,309
174707,000104,0,1971,308
174707,100704,0,1974,309
174710,000104,0,3679,632
174710,100704,0,3826,657
174711,144104,0,3482,596
174711,044704,0,3629,621
174712,040104,0,3482,596
174712,040704,0,3629,621
174713,004104,0,3679,632
174713,104704,0,3826,657
174714,000104,0,3679,632
174714,100704,0,3826,657
174715,144104,0,3482,596
174715,044704,0,3629,621
174716,040104,0,3482,596
174716,040704,0,3629,621
174717,040104,0,3482,596
174717,040704,0,3629,621
174720,040104,0,3601,619
174720,040704,0,3748,644
174721,004104,0,3798,655
174721,104704,0,3945,680
174722,000104,0,3798,655
174722,100704,0,3945,680
174723,144104,0,3601,619
174723,044704,0,3748,644
174724,040104,0,3601,619
174724,040704,0,3748,644
174725,004104,0,3798,655
174725,104704,0,3945,680
174726,000104,0,3798,655
174726,100704,0,3945,680
174727,000104,0,3739,642
174727,100704,0,3830,657
174730,040104,0,3624,623
174730,040704,0,3771,648
174731,000104,0,3821,659
174731,100704,0,3968,684
174732,040104,0,3624,623
174732,040704,0,3771,648
174733,000104,0,3821,659
174733,100704,0,3968,684
174734,040104,0,3624,623
174734,040704,0,3771,648
174735,000104,0,3821,659
174735,100704,0,3968,684
174736,040104,0,3624,623
174736,040704,0,3771,648
174737,004104,0,3772,649
174737,104704,0,3919,674
174740,000104,0,3798,655
174740,100704,0,3945,680
174741,144104,0,3601,619
174741,044704,0,3748,644
174742,040104,0,3601,619
174742,040704,0,3748,644
174743,004104,0,3798,655
174743,104704,0,3945,680
174744,000104,0,3798,655
174744,100704,0,3945,680
174745,144104,0,3601,619
174745,044704,0,3748,644
174746,040104,0,3601,619
174746,040704,0,3748,644
174747,040104,0,3552,609
174747,040704,0,3699,634
174750,040104,0,3624,623
174750,040704,0,3771,648
174751,000104,0,3821,659
174751,100704,0,3968,684
174752,040104,0,3624,623
174752,040704,0,3771,648
174753,000104,0,3821,659
174753,100704,0,3968,684
174754,040104,0,3624,623
174754,040704,0,3771,648
174755,000104,0,3821,659
174755,100704,0,3968,684
174756,040104,0,3624,623
174756,040704,0,3771,648
174757,004104,0,2077,333
174757,104704,0,2080,334
174760,000104,0,3766,646
174760,100704,0,3913,671
174761,040104,0,3569,610
174761,040704,0,3716,635
174762,000104,0,3766,646
174762,100704,0,3913,671
174763,040104,0,3569,610
174763,040704,0,3716,635
174764,000104,0,3766,646
174764,100704,0,3913,671
174765,040104,0,3569,610
174765,040704,0,3716,635
174766,000104,0,3766,646
174766,100704,0,3913,671
174767,144104,0,3569,610
174767,044704,0,3716,635
174770,004104,0,3774,649
174770,104704,0,3921,674
174771,040104,0,3577,613
174771,040704,0,3724,638
174772,144104,0,3577,613
174772,044704,0,3724,638
174773,000104,0,3774,649
174773,100704,0,3921,674
174774,004104,0,3774,649
174774,104704,0,3921,674
174775,040104,0,3577,613
174775,040704,0,3724,638
174776,144104,0,3577,613
174776,044704,0,3724,638
174777,004104,0,3774,649
174777,104704,0,3921,674
170400,041104,0,2062,331
170400,041704,0,2119,340
170401,004104,0,2062,331
170401,104704,0,2119,340
170402,003104,0,2062,331
170402,103704,0,2119,340
170403,146104,0,2062,331
170403,046704,0,2119,340
170404,041104,0,2062,331
170404,041704,0,2119,340
170405,004104,0,2062,331
170405,104704,0,2119,340
170406,003104,0,1713,276
170406,103704,0,1716,277
170407,003104,0,1713,276
170407,103704,0,1716,277
170410,003104,0,2045,332
170410,103704,0,2138,347
170411,146104,0,2045,332
170411,046704,0,2138,347
170412,041104,0,2045,332
170412,041704,0,2138,347
170413,004104,0,2045,332
170413,104704,0,2138,347
170414,003104,0,2045,332
170414,103704,0,2138,347
170415,146104,0,2045,332
170415,046704,0,2138,347
170416,041104,0,2045,332
170416,041704,0,2138,347
170417,041104,0,2045,332
170417,041704,0,2138,347
170420,041104,0,2164,355
170420,041704,0,2257,370
170421,004104,0,2164,355
170421,104704,0,2257,370
170422,003104,0,2164,355
170422,103704,0,2257,370
170423,146104,0,2164,355
170423,046704,0,2257,370
170424,041104,0,2164,355
170424,041704,0,2257,370
170425,004104,0,2164,355
170425,104704,0,2257,370
170426,003104,0,2164,355
170426,103704,0,2257,370
170427,003104,0,2088,340
170427,103704,0,2091,341
170430,041104,0,2187,359
170430,041704,0,2280,374
170431,003104,0,2187,359
170431,103704,0,2280,374
170432,041104,0,2187,359
170432,041704,0,2280,374
170433,003104,0,2187,359
170433,103704,0,2280,374
170434,041104,0,2187,359
170434,041704,0,2280,374
170435,003104,0,2187,359
170435,103704,0,2280,374
170436,041104,0,2187,359
170436,041704,0,2280,374
170437,004104,0,2138,349
170437,104704,0,2231,364
170440,003104,0,2164,355
170440,103704,0,2257,370
170441,146104,0,2164,355
170441,046704,0,2257,370
170442,041104,0,2164,355
170442,041704,0,2257,370
170443,004104,0,2164,355
170443,104704,0,2257,370
170444,003104,0,2164,355
170444,103704,0,2257,370
170445,146104,0,2164,355
170445,046704,0,2257,370
170446,041104,0,2164,355
170446,041704,0,2257,370
170447,041104,0,2115,345
170447,041704,0,2208,360
170450,041104,0,2187,359
170450,041704,0,2280,374
170451,003104,0,2187,359
170451,103704,0,2280,374
170452,041104,0,2187,359
170452,041704,0,2280,374
170453,003104,0,2187,359
170453,103704,0,2280,374
170454,041104,0,2187,359
170454,041704,0,2280,374
170455,003104,0,2187,359
170455,103704,0,2280,374
170456,041104,0,2187,359
170456,041704,0,2280,374
170457,004104,0,2092,340
170457,104704,0,2095,341
170460,003104,0,2132,346
170460,103704,0,2225,361
170461,041104,0,2132,346
170461,041704,0,2225,361
170462,003104,0,2132,346
170462,103704,0,2225,361
170463,041104,0,2132,346
170463,041704,0,2225,361
170464,003104,0,2132,346
170464,103704,0,2225,361
170465,041104,0,2132,346
170465,041704,0,2225,361
170466,003104,0,2132,346
170466,103704,0,2225,361
170467,146104,0,2132,346
170467,046704,0,2225,361
170470,004104,0,2140,349
170470,104704,0,2233,364
170471,041104,0,2140,349
170471,041704,0,2233,364
170472,146104,0,2140,349
170472,046704,0,2233,364
170473,003104,0,2140,349
170473,103704,0,2233,364
170474,004104,0,2140,349
170474,104704,0,2233,364
170475,041104,0,2140,349
170475,041704,0,2233,364
170476,146104,0,2140,349
170476,046704,0,2233,364
170477,004104,0,2140,349
170477,104704,0,2233,364
170500,041104,0,2011,322
170500,041704,0,2068,331
170501,004104,0,2011,322
170501,104704,0,2068,331
170502,003104,0,2011,322
170502,103704,0,2068,331
170503,146104,0,2011,322
170503,046704,0,2068,331
170504,041104,0,2011,322
170504,041704,0,2068,331
170505,004104,0,2011,322
170505,104704,0,2068,331
170506,003104,0,1737,279
170506,103704,0,1740,280
170507,003104,0,1737,279
170507,103704,0,1740,280
170510,003104,0,1917,311
170510,103704,0,1976,322
170511,146104,0,1917,311
170511,046704,0,1976,322
170512,041104,0,1917,311
170512,041704,0,1976,322
170513,004104,0,1917,311
170513,104704,0,1976,322
170514,003104,0,1917,311
170514,103704,0,1976,322
170515,146104,0,1917,311
170515,046704,0,1976,322
170516,041104,0,1917,311
170516,041704,0,1976,322
170517,041104,0,1917,311
170517,041704,0,1976,322
170520,041104,0,2036,334
170520,041704,0,2095,345
170521,004104,0,2036,334
170521,104704,0,2095,345
170522,003104,0,2036,334
170522,103704,0,2095,345
170523,146104,0,2036,334
170523,046704,0,2095,345
170524,041104,0,2036,334
170524,041704,0,2095,345
170525,004104,0,2036,334
170525,104704,0,2095,345
170526,003104,0,2036,334
170526,103704,0,2095,345
170527,003104,0,1977,321
170527,103704,0,1980,322
170530,041104,0,2059,338
170530,041704,0,2118,349
170531,003104,0,2059,338
170531,103704,0,2118,349
170532,041104,0,2059,338
170532,041704,0,2118,349
170533,003104,0,2059,338
170533,103704,0,2118,349
170534,041104,0,2059,338
170534,041704,0,2118,349
170535,003104,0,2059,338
170535,103704,0,2118,349
170536,041104,0,2059,338
170536,041704,0,2118,349
170537,004104,0,2010,328
170537,104704,0,2069,339
170540,003104,0,2036,334
170540,103704,0,2095,345
170541,146104,0,2036,334
170541,046704,0,2095,345
170542,041104,0,2036,334
170542,041704,0,2095,345
170543,004104,0,2036,334
170543,104704,0,2095,345
170544,003104,0,2036,334
170544,103704,0,2095,345
170545,146104,0,2036,334
170545,046704,0,2095,345
170546,041104,0,2036,334
170546,041704,0,2095,345
170547,041104,0,1987,324
170547,041704,0,2046,335
170550,041104,0,2059,338
170550,041704,0,2118,349
170551,003104,0,2059,338
170551,103704,0,2118,349
170552,041104,0,2059,338
170552,041704,0,2118,349
170553,003104,0,2059,338
170553,103704,0,2118,349
170554,041104,0,2059,338
170554,041704,0,2118,349
170555,003104,0,2059,338
170555,103704,0,2118,349
170556,041104,0,2059,338
170556,041704,0,2118,349
170557,004104,0,1843,304
170557,104704,0,1846,305
170560,003104,0,2004,325
170560,103704,0,2063,336
170561,041104,0,2004,325
170561,041704,0,2063,336
170562,003104,0,2004,325
170562,103704,0,2063,336
170563,041104,0,2004,325
170563,041704,0,2063,336
170564,003104,0,2004,325
170564,103704,0,2063,336
170565,041104,0,2004,325
170565,041704,0,2063,336
170566,003104,0,2004,325
170566,103704,0,2063,336
170567,146104,0,2004,325
170567,046704,0,2063,336
170570,004104,0,2012,328
170570,104704,0,2071,339
170571,041104,0,2012,328
170571,041704,0,2071,339
170572,146104,0,2012,328
170572,046704,0,2071,339
170573,003104,0,2012,328
170573,103704,0,2071,339
170574,004104,0,2012,328
170574,104704,0,2071,339
170575,041104,0,2012,328
170575,041704,0,2071,339
170576,146104,0,2012,328
170576,046704,0,2071,339
170577,004104,0,2012,328
170577,104704,0,2071,339
170600,041104,0,2354,380
170600,041704,0,2465,397
170601,004104,0,2354,380
170601,104704,0,2465,397
170602,003104,0,2354,380
170602,103704,0,2465,397
170603,146104,0,2354,380
170603,046704,0,2465,397
170604,041104,0,2354,380
170604,041704,0,2465,397
170605,004104,0,2354,380
170605,104704,0,2465,397
170606,003104,0,1761,282
170606,103704,0,1764,283
170607,003104,0,1761,282
170607,103704,0,1764,283
170610,003104,0,2336,383
170610,103704,0,2485,408
170611,003104,0,2336,383
170611,103704,0,2485,408
170612,003104,0,2336,383
170612,103704,0,2485,408
170613,003104,0,2336,383
170613,103704,0,2485,408
170614,003104,0,2336,383
170614,103704,0,2485,408
170615,003104,0,2336,383
170615,103704,0,2485,408
170616,003104,0,2336,383
170616,103704,0,2485,408
170617,004104,0,2336,383
170617,104704,0,2485,408
170620,041104,0,2455,406
170620,041704,0,2604,431
170621,041104,0,2455,406
170621,041704,0,2604,431
170622,041104,0,2455,406
170622,041704,0,2604,431
170623,041104,0,2455,406
170623,041704,0,2604,431
170624,041104,0,2455,406
170624,041704,0,2604,431
170625,041104,0,2455,406
170625,041704,0,2604,431
170626,041104,0,2455,406
170626,041704,0,2604,431
170627,146104,0,2351,386
170627,046704,0,2354,387
170630,003104,0,2478,410
170630,103704,0,2627,435
170631,146104,0,2478,410
170631,046704,0,2627,435
170632,041104,0,2478,410
170632,041704,0,2627,435
170633,004104,0,2478,410
170633,104704,0,2627,435
170634,003104,0,2478,410
170634,103704,0,2627,435
170635,146104,0,2478,410
170635,046704,0,2627,435
170636,041104,0,2478,410
170636,041704,0,2627,435
170637,041104,0,2429,400
170637,041704,0,2578,425
170640,041104,0,2455,406
170640,041704,0,2604,431
170641,041104,0,2455,406
170641,041704,0,2604,431
170642,041104,0,2455,406
170642,041704,0,2604,431
170643,041104,0,2455,406
170643,041704,0,2604,431
170644,041104,0,2455,406
170644,041704,0,2604,431
170645,041104,0,2455,406
170645,041704,0,2604,431
170646,041104,0,2455,406
170646,041704,0,2604,431
170647,146104,0,2406,396
170647,046704,0,2555,421
170650,003104,0,2478,410
170650,103704,0,2627,435
170651,146104,0,2478,410
170651,046704,0,2627,435
170652,041104,0,2478,410
170652,041704,0,2627,435
170653,004104,0,2478,410
170653,104704,0,2627,435
170654,003104,0,2478,410
170654,103704,0,2627,435
170655,146104,0,2478,410
170655,046704,0,2627,435
170656,041104,0,2478,410
170656,041704,0,2627,435
170657,041104,0,1867,307
170657,041704,0,1870,308
170660,004104,0,2423,397
170660,104704,0,2572,422
170661,003104,0,2423,397
170661,103704,0,2572,422
170662,146104,0,2423,397
170662,046704,0,2572,422
170663,041104,0,2423,397
170663,041704,0,2572,422
170664,004104,0,2423,397
170664,104704,0,2572,422
170665,003104,0,2423,397
170665,103704,0,2572,422
170666,146104,0,2423,397
170666,046704,0,2572,422
170667,146104,0,2423,397
170667,046704,0,2572,422
170670,041104,0,2431,400
170670,041704,0,2580,425
170671,003104,0,2431,400
170671,103704,0,2580,425
170672,041104,0,2431,400
170672,041704,0,2580,425
170673,003104,0,2431,400
170673,103704,0,2580,425
170674,041104,0,2431,400
170674,041704,0,2580,425
170675,003104,0,2431,400
170675,103704,0,2580,425
170676,041104,0,2431,400
170676,041704,0,2580,425
170677,004104,0,2431,400
170677,104704,0,2580,425
170700,146104,0,2378,383
170700,046704,0,2489,400
170701,041104,0,2378,383
170701,041704,0,2489,400
170702,004104,0,2378,383
170702,104704,0,2489,400
170703,003104,0,2378,383
170703,103704,0,2489,400
170704,146104,0,2378,383
170704,046704,0,2489,400
170705,041104,0,2378,383
170705,041704,0,2489,400
170706,004104,0,1785,285
170706,104704,0,1788,286
170707,004104,0,1785,285
170707,104704,0,1788,286
170710,004104,0,2360,386
170710,104704,0,2509,411
170711,004104,0,2360,386
170711,104704,0,2509,411
170712,004104,0,2360,386
170712,104704,0,2509,411
170713,004104,0,2360,386
170713,104704,0,2509,411
170714,004104,0,2360,386
170714,104704,0,2509,411
170715,004104,0,2360,386
170715,104704,0,2509,411
170716,004104,0,2360,386
170716,104704,0,2509,411
170717,041104,0,2360,386
170717,041704,0,2509,411
170720,146104,0,2479,409
170720,046704,0,2628,434
170721,146104,0,2479,409
170721,046704,0,2628,434
170722,146104,0,2479,409
170722,046704,0,2628,434
170723,146104,0,2479,409
170723,046704,0,2628,434
170724,146104,0,2479,409
170724,046704,0,2628,434
170725,146104,0,2479,409
170725,046704,0,2628,434
170726,146104,0,2479,409
170726,046704,0,2628,434
170727,003104,0,2375,389
170727,103704,0,2378,390
170730,004104,0,2502,413
170730,104704,0,2651,438
170731,003104,0,2502,413
170731,103704,0,2651,438
170732,146104,0,2502,413
170732,046704,0,2651,438
170733,041104,0,2502,413
170733,041704,0,2651,438
170734,004104,0,2502,413
170734,104704,0,2651,438
170735,003104,0,2502,413
170735,103704,0,2651,438
170736,146104,0,2502,413
170736,046704,0,2651,438
170737,146104,0,2453,403
170737,046704,0,2602,428
170740,146104,0,2479,409
170740,046704,0,2628,434
170741,146104,0,2479,409
170741,046704,0,2628,434
170742,146104,0,2479,409
170742,046704,0,2628,434
170743,146104,0,2479,409
170743,046704,0,2628,434
170744,146104,0,2479,409
170744,046704,0,2628,434
170745,146104,0,2479,409
170745,046704,0,2628,434
170746,146104,0,2479,409
170746,046704,0,2628,434
170747,003104,0,2430,399
170747,103704,0,2579,424
170750,004104,0,2502,413
170750,104704,0,2651,438
170751,003104,0,2502,413
170751,103704,0,2651,438
170752,146104,0,2502,413
170752,046704,0,2651,438
170753,041104,0,2502,413
170753,041704,0,2651,438
170754,004104,0,2502,413
170754,104704,0,2651,438
170755,003104,0,2502,413
170755,103704,0,2651,438
170756,146104,0,2502,413
170756,046704,0,2651,438
170757,146104,0,1891,310
170757,046704,0,1894,311
170760,041104,0,2447,400
170760,041704,0,2596,425
170761,004104,0,2447,400
170761,104704,0,2596,425
170762,003104,0,2447,400
170762,103704,0,2596,425
170763,146104,0,2447,400
170763,046704,0,2596,425
170764,041104,0,2447,400
170764,041704,0,2596,425
170765,004104,0,2447,400
170765,104704,0,2596,425
170766,003104,0,2447,400
170766,103704,0,2596,425
170767,003104,0,2447,400
170767,103704,0,2596,425
170770,146104,0,2455,403
170770,046704,0,2604,428
170771,004104,0,2455,403
170771,104704,0,2604,428
170772,146104,0,2455,403
170772,046704,0,2604,428
170773,004104,0,2455,403
170773,104704,0,2604,428
170774,146104,0,2455,403
170774,046704,0,2604,428
170775,004104,0,2455,403
170775,104704,0,2604,428
170776,146104,0,2455,403
170776,046704,0,2604,428
170777,041104,0,2455,403
170777,041704,0,2604,428
