
Loading design for application trce from file cp11c_impl1.ncd.
Design name: uj11_probe_core
NCD version: 3.3
Vendor:      LATTICE
Device:      LCMXO2-1200HC
Package:     QFN32
Performance: 4
Loading device for application trce from file 'xo2c1200.nph' in environment: /home/sash/.local/lscc/diamond/3.14/ispfpga.
Package Status:                     Final          Version 1.44.
Performance Hardware Data Status:   Final          Version 36.4.
Setup and Hold Report

--------------------------------------------------------------------------------
Lattice TRACE Report - Setup, Version Diamond (64-bit) 3.14.0.75.2
Wed Sep  9 01:37:13 2026

Copyright (c) 1991-1994 by NeoCAD Inc. All rights reserved.
Copyright (c) 1995 AT&T Corp.   All rights reserved.
Copyright (c) 1995-2001 Lucent Technologies Inc.  All rights reserved.
Copyright (c) 2001 Agere Systems   All rights reserved.
Copyright (c) 2002-2024 Lattice Semiconductor Corporation,  All rights reserved.

Report Information
------------------
Command line:    trce -v 10 -c -u 0 -gt -sethld -sp 4 -sphld m -o cp11c_impl1.twr cp11c_impl1.ncd cp11c_impl1.prf 
Design file:     cp11c_impl1.ncd
Preference file: cp11c_impl1.prf
Device,speed:    LCMXO2-1200HC,4
Report level:    verbose report, limited to 10 items per preference
--------------------------------------------------------------------------------

BLOCK ASYNCPATHS
BLOCK RESETPATHS
--------------------------------------------------------------------------------



================================================================================
Preference: FREQUENCY PORT "clk" 35.000000 MHz ;
            4096 items scored, 4096 timing errors detected.
--------------------------------------------------------------------------------


Error: The following path exceeds requirements by 0.902ns

 Logical Details:  Cell type  Pin type       Cell/ASIC name  (clock net +/-)

   Source:         DP8KC      Port           core/engine/rom/lane_2(ASIC)  (from clk_c +)
   Destination:    DP8KC      Port           core/engine/rom/lane_3(ASIC)  (to clk_c +)

   Delay:              29.499ns  (48.5% logic, 51.5% route), 21 logic levels.

 Constraint Details:

     29.499ns physical path delay core/engine/rom/lane_2 to core/engine/rom/lane_3 exceeds
     28.571ns delay constraint less
      0.000ns skew and
     -0.026ns ADDR_SET requirement (totaling 28.597ns) by 0.902ns

 Physical Path Details:

      Data path core/engine/rom/lane_2 to core/engine/rom/lane_3:

   Name    Fanout   Delay (ns)          Site               Resource
C2Q_DEL     ---     4.979 EBR_R6C10.CLKA to EBR_R6C10.DOA8 core/engine/rom/lane_2 (from clk_c)
ROUTE         5     0.855 EBR_R6C10.DOA8 to      R5C12A.D1 uword[26]
CTOF_DEL    ---     0.495      R5C12A.D1 to      R5C12A.F1 core/engine/SLICE_321
ROUTE         1     0.693      R5C12A.F1 to      R5C12A.B0 core/engine/un6_select_register[1]
CTOF_DEL    ---     0.495      R5C12A.B0 to      R5C12A.F0 core/engine/SLICE_321
ROUTE        18     1.327      R5C12A.F0 to     R10C12A.C1 core/engine/un8_d_axb1
CTOF_DEL    ---     0.495     R10C12A.C1 to     R10C12A.F1 core/engine/SLICE_312
ROUTE         1     0.626     R10C12A.F1 to     R10C12A.D0 core/engine/un6_d
CTOF_DEL    ---     0.495     R10C12A.D0 to     R10C12A.F0 core/engine/SLICE_312
ROUTE         8     0.798     R10C12A.F0 to      R8C12A.C0 core/engine/d_sn_N_5
CTOOFX_DEL  ---     0.721      R8C12A.C0 to    R8C12A.OFX0 core/engine/d[1]/SLICE_207
ROUTE         2     0.772    R8C12A.OFX0 to      R9C12B.C0 core/engine/d[1]
CTOF_DEL    ---     0.495      R9C12B.C0 to      R9C12B.F0 core/engine/dp/SLICE_296
ROUTE         1     0.436      R9C12B.F0 to      R9C12B.C1 core/engine/dp/un1_d[1]
CTOF_DEL    ---     0.495      R9C12B.C1 to      R9C12B.F1 core/engine/dp/SLICE_296
ROUTE         3     1.459      R9C12B.F1 to      R7C10B.B0 core/engine/dp/rhs[1]
C0TOFCO_DE  ---     1.023      R7C10B.B0 to     R7C10B.FCO core/engine/dp/alu/SLICE_13
ROUTE         1     0.000     R7C10B.FCO to     R7C10C.FCI core/engine/dp/alu/un1_arithmetic_b_cry_2
FCITOFCO_D  ---     0.162     R7C10C.FCI to     R7C10C.FCO core/engine/dp/alu/SLICE_12
ROUTE         1     0.000     R7C10C.FCO to     R7C10D.FCI core/engine/dp/alu/un1_arithmetic_b_cry_4
FCITOFCO_D  ---     0.162     R7C10D.FCI to     R7C10D.FCO core/engine/dp/alu/SLICE_11
ROUTE         1     0.000     R7C10D.FCO to     R7C11A.FCI core/engine/dp/alu/un1_arithmetic_b_cry_6
FCITOFCO_D  ---     0.162     R7C11A.FCI to     R7C11A.FCO core/engine/dp/alu/SLICE_10
ROUTE         1     0.000     R7C11A.FCO to     R7C11B.FCI core/engine/dp/alu/un1_arithmetic_b_cry_8
FCITOFCO_D  ---     0.162     R7C11B.FCI to     R7C11B.FCO core/engine/dp/alu/SLICE_9
ROUTE         1     0.000     R7C11B.FCO to     R7C11C.FCI core/engine/dp/alu/un1_arithmetic_b_cry_10
FCITOF1_DE  ---     0.643     R7C11C.FCI to      R7C11C.F1 core/engine/dp/alu/SLICE_8
ROUTE         2     1.044      R7C11C.F1 to      R5C11A.D0 core/engine/dp/alu/un1_arithmetic_b_cry_11_0_S1
CTOOFX_DEL  ---     0.721      R5C11A.D0 to    R5C11A.OFX0 core/engine/SLICE_138
ROUTE         1     0.000    R5C11A.OFX0 to     R5C11A.FXB core/engine/dp/alu/result_12[12]
FXTOOFX_DE  ---     0.241     R5C11A.FXB to    R5C11A.OFX1 core/engine/SLICE_138
ROUTE         6     1.570    R5C11A.OFX1 to      R9C11B.B1 core/engine/result[12]
CTOF_DEL    ---     0.495      R9C11B.B1 to      R9C11B.F1 core/engine/dp/alu/SLICE_260
ROUTE         1     0.436      R9C11B.F1 to      R9C11B.C0 core/engine/dp/alu/un41_nzvc_5
CTOF_DEL    ---     0.495      R9C11B.C0 to      R9C11B.F0 core/engine/dp/alu/SLICE_260
ROUTE         3     0.967      R9C11B.F0 to      R9C13C.D1 core/engine/un25_nzvc_fc
CTOF_DEL    ---     0.495      R9C13C.D1 to      R9C13C.F1 core/engine/SLICE_150
ROUTE         2     0.753      R9C13C.F1 to      R8C13D.C0 core/engine/un4_retire
CTOF_DEL    ---     0.495      R8C13D.C0 to      R8C13D.F0 core/engine/SLICE_382
ROUTE        10     1.451      R8C13D.F0 to       R8C7A.M0 core/engine/seq/next_address_sn_N_34
MTOOFX_DEL  ---     0.376       R8C7A.M0 to     R8C7A.OFX0 core/engine/seq/SLICE_162
ROUTE         5     2.010     R8C7A.OFX0 to EBR_R6C14.ADA5 core/engine/next_address[2] (to clk_c)
                  --------
                   29.499   (48.5% logic, 51.5% route), 21 logic levels.

 Clock Skew Details: 

      Source Clock Path clk to core/engine/rom/lane_2:

   Name    Fanout   Delay (ns)          Site               Resource
ROUTE       172     2.351       13.PADDI to EBR_R6C10.CLKA clk_c
                  --------
                    2.351   (0.0% logic, 100.0% route), 0 logic levels.

      Destination Clock Path clk to core/engine/rom/lane_3:

   Name    Fanout   Delay (ns)          Site               Resource
ROUTE       172     2.351       13.PADDI to EBR_R6C14.CLKA clk_c
                  --------
                    2.351   (0.0% logic, 100.0% route), 0 logic levels.


Error: The following path exceeds requirements by 0.850ns

 Logical Details:  Cell type  Pin type       Cell/ASIC name  (clock net +/-)

   Source:         DP8KC      Port           core/engine/rom/lane_2(ASIC)  (from clk_c +)
   Destination:    DP8KC      Port           core/engine/rom/lane_3(ASIC)  (to clk_c +)

   Delay:              29.447ns  (48.6% logic, 51.4% route), 21 logic levels.

 Constraint Details:

     29.447ns physical path delay core/engine/rom/lane_2 to core/engine/rom/lane_3 exceeds
     28.571ns delay constraint less
      0.000ns skew and
     -0.026ns ADDR_SET requirement (totaling 28.597ns) by 0.850ns

 Physical Path Details:

      Data path core/engine/rom/lane_2 to core/engine/rom/lane_3:

   Name    Fanout   Delay (ns)          Site               Resource
C2Q_DEL     ---     4.979 EBR_R6C10.CLKA to EBR_R6C10.DOA8 core/engine/rom/lane_2 (from clk_c)
ROUTE         5     1.039 EBR_R6C10.DOA8 to      R7C12B.C0 uword[26]
CTOF_DEL    ---     0.495      R7C12B.C0 to      R7C12B.F0 core/engine/SLICE_381
ROUTE         1     0.744      R7C12B.F0 to      R8C12D.C1 core/engine/un6_select_register[2]
CTOF_DEL    ---     0.495      R8C12D.C1 to      R8C12D.F1 core/engine/SLICE_249
ROUTE        18     1.040      R8C12D.F1 to     R10C12A.B1 core/engine/un8_d_axb2
CTOF_DEL    ---     0.495     R10C12A.B1 to     R10C12A.F1 core/engine/SLICE_312
ROUTE         1     0.626     R10C12A.F1 to     R10C12A.D0 core/engine/un6_d
CTOF_DEL    ---     0.495     R10C12A.D0 to     R10C12A.F0 core/engine/SLICE_312
ROUTE         8     0.798     R10C12A.F0 to      R8C12A.C0 core/engine/d_sn_N_5
CTOOFX_DEL  ---     0.721      R8C12A.C0 to    R8C12A.OFX0 core/engine/d[1]/SLICE_207
ROUTE         2     0.772    R8C12A.OFX0 to      R9C12B.C0 core/engine/d[1]
CTOF_DEL    ---     0.495      R9C12B.C0 to      R9C12B.F0 core/engine/dp/SLICE_296
ROUTE         1     0.436      R9C12B.F0 to      R9C12B.C1 core/engine/dp/un1_d[1]
CTOF_DEL    ---     0.495      R9C12B.C1 to      R9C12B.F1 core/engine/dp/SLICE_296
ROUTE         3     1.459      R9C12B.F1 to      R7C10B.B0 core/engine/dp/rhs[1]
C0TOFCO_DE  ---     1.023      R7C10B.B0 to     R7C10B.FCO core/engine/dp/alu/SLICE_13
ROUTE         1     0.000     R7C10B.FCO to     R7C10C.FCI core/engine/dp/alu/un1_arithmetic_b_cry_2
FCITOFCO_D  ---     0.162     R7C10C.FCI to     R7C10C.FCO core/engine/dp/alu/SLICE_12
ROUTE         1     0.000     R7C10C.FCO to     R7C10D.FCI core/engine/dp/alu/un1_arithmetic_b_cry_4
FCITOFCO_D  ---     0.162     R7C10D.FCI to     R7C10D.FCO core/engine/dp/alu/SLICE_11
ROUTE         1     0.000     R7C10D.FCO to     R7C11A.FCI core/engine/dp/alu/un1_arithmetic_b_cry_6
FCITOFCO_D  ---     0.162     R7C11A.FCI to     R7C11A.FCO core/engine/dp/alu/SLICE_10
ROUTE         1     0.000     R7C11A.FCO to     R7C11B.FCI core/engine/dp/alu/un1_arithmetic_b_cry_8
FCITOFCO_D  ---     0.162     R7C11B.FCI to     R7C11B.FCO core/engine/dp/alu/SLICE_9
ROUTE         1     0.000     R7C11B.FCO to     R7C11C.FCI core/engine/dp/alu/un1_arithmetic_b_cry_10
FCITOF1_DE  ---     0.643     R7C11C.FCI to      R7C11C.F1 core/engine/dp/alu/SLICE_8
ROUTE         2     1.044      R7C11C.F1 to      R5C11A.D0 core/engine/dp/alu/un1_arithmetic_b_cry_11_0_S1
CTOOFX_DEL  ---     0.721      R5C11A.D0 to    R5C11A.OFX0 core/engine/SLICE_138
ROUTE         1     0.000    R5C11A.OFX0 to     R5C11A.FXB core/engine/dp/alu/result_12[12]
FXTOOFX_DE  ---     0.241     R5C11A.FXB to    R5C11A.OFX1 core/engine/SLICE_138
ROUTE         6     1.570    R5C11A.OFX1 to      R9C11B.B1 core/engine/result[12]
CTOF_DEL    ---     0.495      R9C11B.B1 to      R9C11B.F1 core/engine/dp/alu/SLICE_260
ROUTE         1     0.436      R9C11B.F1 to      R9C11B.C0 core/engine/dp/alu/un41_nzvc_5
CTOF_DEL    ---     0.495      R9C11B.C0 to      R9C11B.F0 core/engine/dp/alu/SLICE_260
ROUTE         3     0.967      R9C11B.F0 to      R9C13C.D1 core/engine/un25_nzvc_fc
CTOF_DEL    ---     0.495      R9C13C.D1 to      R9C13C.F1 core/engine/SLICE_150
ROUTE         2     0.753      R9C13C.F1 to      R8C13D.C0 core/engine/un4_retire
CTOF_DEL    ---     0.495      R8C13D.C0 to      R8C13D.F0 core/engine/SLICE_382
ROUTE        10     1.451      R8C13D.F0 to       R8C7A.M0 core/engine/seq/next_address_sn_N_34
MTOOFX_DEL  ---     0.376       R8C7A.M0 to     R8C7A.OFX0 core/engine/seq/SLICE_162
ROUTE         5     2.010     R8C7A.OFX0 to EBR_R6C14.ADA5 core/engine/next_address[2] (to clk_c)
                  --------
                   29.447   (48.6% logic, 51.4% route), 21 logic levels.

 Clock Skew Details: 

      Source Clock Path clk to core/engine/rom/lane_2:

   Name    Fanout   Delay (ns)          Site               Resource
ROUTE       172     2.351       13.PADDI to EBR_R6C10.CLKA clk_c
                  --------
                    2.351   (0.0% logic, 100.0% route), 0 logic levels.

      Destination Clock Path clk to core/engine/rom/lane_3:

   Name    Fanout   Delay (ns)          Site               Resource
ROUTE       172     2.351       13.PADDI to EBR_R6C14.CLKA clk_c
                  --------
                    2.351   (0.0% logic, 100.0% route), 0 logic levels.


Error: The following path exceeds requirements by 0.837ns

 Logical Details:  Cell type  Pin type       Cell/ASIC name  (clock net +/-)

   Source:         DP8KC      Port           core/engine/rom/lane_2(ASIC)  (from clk_c +)
   Destination:    DP8KC      Port           core/engine/rom/lane_3(ASIC)  (to clk_c +)

   Delay:              29.434ns  (46.4% logic, 53.6% route), 17 logic levels.

 Constraint Details:

     29.434ns physical path delay core/engine/rom/lane_2 to core/engine/rom/lane_3 exceeds
     28.571ns delay constraint less
      0.000ns skew and
     -0.026ns ADDR_SET requirement (totaling 28.597ns) by 0.837ns

 Physical Path Details:

      Data path core/engine/rom/lane_2 to core/engine/rom/lane_3:

   Name    Fanout   Delay (ns)          Site               Resource
C2Q_DEL     ---     4.979 EBR_R6C10.CLKA to EBR_R6C10.DOA8 core/engine/rom/lane_2 (from clk_c)
ROUTE         5     0.855 EBR_R6C10.DOA8 to      R5C12A.D1 uword[26]
CTOF_DEL    ---     0.495      R5C12A.D1 to      R5C12A.F1 core/engine/SLICE_321
ROUTE         1     0.693      R5C12A.F1 to      R5C12A.B0 core/engine/un6_select_register[1]
CTOF_DEL    ---     0.495      R5C12A.B0 to      R5C12A.F0 core/engine/SLICE_321
ROUTE        18     1.327      R5C12A.F0 to     R10C12A.C1 core/engine/un8_d_axb1
CTOF_DEL    ---     0.495     R10C12A.C1 to     R10C12A.F1 core/engine/SLICE_312
ROUTE         1     0.626     R10C12A.F1 to     R10C12A.D0 core/engine/un6_d
CTOF_DEL    ---     0.495     R10C12A.D0 to     R10C12A.F0 core/engine/SLICE_312
ROUTE         8     0.798     R10C12A.F0 to      R8C12A.C0 core/engine/d_sn_N_5
CTOOFX_DEL  ---     0.721      R8C12A.C0 to    R8C12A.OFX0 core/engine/d[1]/SLICE_207
ROUTE         2     0.772    R8C12A.OFX0 to      R9C12B.C0 core/engine/d[1]
CTOF_DEL    ---     0.495      R9C12B.C0 to      R9C12B.F0 core/engine/dp/SLICE_296
ROUTE         1     0.436      R9C12B.F0 to      R9C12B.C1 core/engine/dp/un1_d[1]
CTOF_DEL    ---     0.495      R9C12B.C1 to      R9C12B.F1 core/engine/dp/SLICE_296
ROUTE         3     1.459      R9C12B.F1 to      R7C10B.B0 core/engine/dp/rhs[1]
C0TOFCO_DE  ---     1.023      R7C10B.B0 to     R7C10B.FCO core/engine/dp/alu/SLICE_13
ROUTE         1     0.000     R7C10B.FCO to     R7C10C.FCI core/engine/dp/alu/un1_arithmetic_b_cry_2
FCITOF1_DE  ---     0.643     R7C10C.FCI to      R7C10C.F1 core/engine/dp/alu/SLICE_12
ROUTE         2     1.164      R7C10C.F1 to      R7C18D.D1 core/engine/dp/alu/un1_arithmetic_b_cry_3_0_S1
CTOOFX_DEL  ---     0.721      R7C18D.D1 to    R7C18D.OFX0 core/engine/dp/alu/result_6_0[4]/SLICE_194
ROUTE         1     0.000    R7C18D.OFX0 to     R7C18C.FXA core/engine/dp/alu/N_103
FXTOOFX_DE  ---     0.241     R7C18C.FXA to    R7C18C.OFX1 core/engine/SLICE_130
ROUTE         6     1.418    R7C18C.OFX1 to      R7C15B.B0 core/engine/result[4]
CTOF_DEL    ---     0.495      R7C15B.B0 to      R7C15B.F0 core/engine/dp/SLICE_364
ROUTE         1     1.023      R7C15B.F0 to      R9C15C.B0 core/engine/dp/alu/nzvc_1_fc_5[2]
CTOF_DEL    ---     0.495      R9C15C.B0 to      R9C15C.F0 core/engine/dp/alu/SLICE_259
ROUTE         3     0.995      R9C15C.F0 to      R9C13C.A1 core/engine/nzvc_1_fc_6[2]
CTOF_DEL    ---     0.495      R9C13C.A1 to      R9C13C.F1 core/engine/SLICE_150
ROUTE         2     0.753      R9C13C.F1 to      R8C13D.C0 core/engine/un4_retire
CTOF_DEL    ---     0.495      R8C13D.C0 to      R8C13D.F0 core/engine/SLICE_382
ROUTE        10     1.451      R8C13D.F0 to       R8C7A.M0 core/engine/seq/next_address_sn_N_34
MTOOFX_DEL  ---     0.376       R8C7A.M0 to     R8C7A.OFX0 core/engine/seq/SLICE_162
ROUTE         5     2.010     R8C7A.OFX0 to EBR_R6C14.ADA5 core/engine/next_address[2] (to clk_c)
                  --------
                   29.434   (46.4% logic, 53.6% route), 17 logic levels.

 Clock Skew Details: 

      Source Clock Path clk to core/engine/rom/lane_2:

   Name    Fanout   Delay (ns)          Site               Resource
ROUTE       172     2.351       13.PADDI to EBR_R6C10.CLKA clk_c
                  --------
                    2.351   (0.0% logic, 100.0% route), 0 logic levels.

      Destination Clock Path clk to core/engine/rom/lane_3:

   Name    Fanout   Delay (ns)          Site               Resource
ROUTE       172     2.351       13.PADDI to EBR_R6C14.CLKA clk_c
                  --------
                    2.351   (0.0% logic, 100.0% route), 0 logic levels.


Error: The following path exceeds requirements by 0.837ns

 Logical Details:  Cell type  Pin type       Cell/ASIC name  (clock net +/-)

   Source:         DP8KC      Port           core/engine/rom/lane_2(ASIC)  (from clk_c +)
   Destination:    DP8KC      Port           core/engine/rom/lane_3(ASIC)  (to clk_c +)

   Delay:              29.434ns  (46.4% logic, 53.6% route), 17 logic levels.

 Constraint Details:

     29.434ns physical path delay core/engine/rom/lane_2 to core/engine/rom/lane_3 exceeds
     28.571ns delay constraint less
      0.000ns skew and
     -0.026ns ADDR_SET requirement (totaling 28.597ns) by 0.837ns

 Physical Path Details:

      Data path core/engine/rom/lane_2 to core/engine/rom/lane_3:

   Name    Fanout   Delay (ns)          Site               Resource
C2Q_DEL     ---     4.979 EBR_R6C10.CLKA to EBR_R6C10.DOA8 core/engine/rom/lane_2 (from clk_c)
ROUTE         5     0.855 EBR_R6C10.DOA8 to      R5C12A.D1 uword[26]
CTOF_DEL    ---     0.495      R5C12A.D1 to      R5C12A.F1 core/engine/SLICE_321
ROUTE         1     0.693      R5C12A.F1 to      R5C12A.B0 core/engine/un6_select_register[1]
CTOF_DEL    ---     0.495      R5C12A.B0 to      R5C12A.F0 core/engine/SLICE_321
ROUTE        18     1.327      R5C12A.F0 to     R10C12A.C1 core/engine/un8_d_axb1
CTOF_DEL    ---     0.495     R10C12A.C1 to     R10C12A.F1 core/engine/SLICE_312
ROUTE         1     0.626     R10C12A.F1 to     R10C12A.D0 core/engine/un6_d
CTOF_DEL    ---     0.495     R10C12A.D0 to     R10C12A.F0 core/engine/SLICE_312
ROUTE         8     0.798     R10C12A.F0 to      R8C12A.C0 core/engine/d_sn_N_5
CTOOFX_DEL  ---     0.721      R8C12A.C0 to    R8C12A.OFX0 core/engine/d[1]/SLICE_207
ROUTE         2     0.772    R8C12A.OFX0 to      R9C12B.C0 core/engine/d[1]
CTOF_DEL    ---     0.495      R9C12B.C0 to      R9C12B.F0 core/engine/dp/SLICE_296
ROUTE         1     0.436      R9C12B.F0 to      R9C12B.C1 core/engine/dp/un1_d[1]
CTOF_DEL    ---     0.495      R9C12B.C1 to      R9C12B.F1 core/engine/dp/SLICE_296
ROUTE         3     1.459      R9C12B.F1 to      R7C10B.B0 core/engine/dp/rhs[1]
C0TOFCO_DE  ---     1.023      R7C10B.B0 to     R7C10B.FCO core/engine/dp/alu/SLICE_13
ROUTE         1     0.000     R7C10B.FCO to     R7C10C.FCI core/engine/dp/alu/un1_arithmetic_b_cry_2
FCITOF1_DE  ---     0.643     R7C10C.FCI to      R7C10C.F1 core/engine/dp/alu/SLICE_12
ROUTE         2     1.164      R7C10C.F1 to      R7C18C.D0 core/engine/dp/alu/un1_arithmetic_b_cry_3_0_S1
CTOOFX_DEL  ---     0.721      R7C18C.D0 to    R7C18C.OFX0 core/engine/SLICE_130
ROUTE         1     0.000    R7C18C.OFX0 to     R7C18C.FXB core/engine/dp/alu/N_199
FXTOOFX_DE  ---     0.241     R7C18C.FXB to    R7C18C.OFX1 core/engine/SLICE_130
ROUTE         6     1.418    R7C18C.OFX1 to      R7C15B.B0 core/engine/result[4]
CTOF_DEL    ---     0.495      R7C15B.B0 to      R7C15B.F0 core/engine/dp/SLICE_364
ROUTE         1     1.023      R7C15B.F0 to      R9C15C.B0 core/engine/dp/alu/nzvc_1_fc_5[2]
CTOF_DEL    ---     0.495      R9C15C.B0 to      R9C15C.F0 core/engine/dp/alu/SLICE_259
ROUTE         3     0.995      R9C15C.F0 to      R9C13C.A1 core/engine/nzvc_1_fc_6[2]
CTOF_DEL    ---     0.495      R9C13C.A1 to      R9C13C.F1 core/engine/SLICE_150
ROUTE         2     0.753      R9C13C.F1 to      R8C13D.C0 core/engine/un4_retire
CTOF_DEL    ---     0.495      R8C13D.C0 to      R8C13D.F0 core/engine/SLICE_382
ROUTE        10     1.451      R8C13D.F0 to       R8C7A.M0 core/engine/seq/next_address_sn_N_34
MTOOFX_DEL  ---     0.376       R8C7A.M0 to     R8C7A.OFX0 core/engine/seq/SLICE_162
ROUTE         5     2.010     R8C7A.OFX0 to EBR_R6C14.ADA5 core/engine/next_address[2] (to clk_c)
                  --------
                   29.434   (46.4% logic, 53.6% route), 17 logic levels.

 Clock Skew Details: 

      Source Clock Path clk to core/engine/rom/lane_2:

   Name    Fanout   Delay (ns)          Site               Resource
ROUTE       172     2.351       13.PADDI to EBR_R6C10.CLKA clk_c
                  --------
                    2.351   (0.0% logic, 100.0% route), 0 logic levels.

      Destination Clock Path clk to core/engine/rom/lane_3:

   Name    Fanout   Delay (ns)          Site               Resource
ROUTE       172     2.351       13.PADDI to EBR_R6C14.CLKA clk_c
                  --------
                    2.351   (0.0% logic, 100.0% route), 0 logic levels.


Error: The following path exceeds requirements by 0.830ns

 Logical Details:  Cell type  Pin type       Cell/ASIC name  (clock net +/-)

   Source:         DP8KC      Port           core/engine/rom/lane_2(ASIC)  (from clk_c +)
   Destination:    DP8KC      Port           core/engine/rom/lane_3(ASIC)  (to clk_c +)

   Delay:              29.427ns  (48.7% logic, 51.3% route), 22 logic levels.

 Constraint Details:

     29.427ns physical path delay core/engine/rom/lane_2 to core/engine/rom/lane_3 exceeds
     28.571ns delay constraint less
      0.000ns skew and
     -0.026ns ADDR_SET requirement (totaling 28.597ns) by 0.830ns

 Physical Path Details:

      Data path core/engine/rom/lane_2 to core/engine/rom/lane_3:

   Name    Fanout   Delay (ns)          Site               Resource
C2Q_DEL     ---     4.979 EBR_R6C10.CLKA to EBR_R6C10.DOA8 core/engine/rom/lane_2 (from clk_c)
ROUTE         5     0.855 EBR_R6C10.DOA8 to      R5C12A.D1 uword[26]
CTOF_DEL    ---     0.495      R5C12A.D1 to      R5C12A.F1 core/engine/SLICE_321
ROUTE         1     0.693      R5C12A.F1 to      R5C12A.B0 core/engine/un6_select_register[1]
CTOF_DEL    ---     0.495      R5C12A.B0 to      R5C12A.F0 core/engine/SLICE_321
ROUTE        18     1.327      R5C12A.F0 to     R10C12A.C1 core/engine/un8_d_axb1
CTOF_DEL    ---     0.495     R10C12A.C1 to     R10C12A.F1 core/engine/SLICE_312
ROUTE         1     0.626     R10C12A.F1 to     R10C12A.D0 core/engine/un6_d
CTOF_DEL    ---     0.495     R10C12A.D0 to     R10C12A.F0 core/engine/SLICE_312
ROUTE         8     0.651     R10C12A.F0 to     R10C12C.D0 core/engine/d_sn_N_5
CTOOFX_DEL  ---     0.721     R10C12C.D0 to   R10C12C.OFX0 core/engine/d[0]/SLICE_206
ROUTE         2     0.986   R10C12C.OFX0 to     R10C10A.D0 core/engine/d[0]
CTOF_DEL    ---     0.495     R10C10A.D0 to     R10C10A.F0 core/engine/dp/SLICE_297
ROUTE         1     0.626     R10C10A.F0 to     R10C10A.D1 core/engine/dp/un1_d[0]
CTOF_DEL    ---     0.495     R10C10A.D1 to     R10C10A.F1 core/engine/dp/SLICE_297
ROUTE         3     1.102     R10C10A.F1 to      R7C10A.C1 core/engine/dp/rhs[0]
C1TOFCO_DE  ---     0.889      R7C10A.C1 to     R7C10A.FCO core/engine/dp/alu/SLICE_14
ROUTE         1     0.000     R7C10A.FCO to     R7C10B.FCI core/engine/dp/alu/un1_arithmetic_b_cry_0
FCITOFCO_D  ---     0.162     R7C10B.FCI to     R7C10B.FCO core/engine/dp/alu/SLICE_13
ROUTE         1     0.000     R7C10B.FCO to     R7C10C.FCI core/engine/dp/alu/un1_arithmetic_b_cry_2
FCITOFCO_D  ---     0.162     R7C10C.FCI to     R7C10C.FCO core/engine/dp/alu/SLICE_12
ROUTE         1     0.000     R7C10C.FCO to     R7C10D.FCI core/engine/dp/alu/un1_arithmetic_b_cry_4
FCITOFCO_D  ---     0.162     R7C10D.FCI to     R7C10D.FCO core/engine/dp/alu/SLICE_11
ROUTE         1     0.000     R7C10D.FCO to     R7C11A.FCI core/engine/dp/alu/un1_arithmetic_b_cry_6
FCITOFCO_D  ---     0.162     R7C11A.FCI to     R7C11A.FCO core/engine/dp/alu/SLICE_10
ROUTE         1     0.000     R7C11A.FCO to     R7C11B.FCI core/engine/dp/alu/un1_arithmetic_b_cry_8
FCITOFCO_D  ---     0.162     R7C11B.FCI to     R7C11B.FCO core/engine/dp/alu/SLICE_9
ROUTE         1     0.000     R7C11B.FCO to     R7C11C.FCI core/engine/dp/alu/un1_arithmetic_b_cry_10
FCITOF1_DE  ---     0.643     R7C11C.FCI to      R7C11C.F1 core/engine/dp/alu/SLICE_8
ROUTE         2     1.044      R7C11C.F1 to      R5C11A.D0 core/engine/dp/alu/un1_arithmetic_b_cry_11_0_S1
CTOOFX_DEL  ---     0.721      R5C11A.D0 to    R5C11A.OFX0 core/engine/SLICE_138
ROUTE         1     0.000    R5C11A.OFX0 to     R5C11A.FXB core/engine/dp/alu/result_12[12]
FXTOOFX_DE  ---     0.241     R5C11A.FXB to    R5C11A.OFX1 core/engine/SLICE_138
ROUTE         6     1.570    R5C11A.OFX1 to      R9C11B.B1 core/engine/result[12]
CTOF_DEL    ---     0.495      R9C11B.B1 to      R9C11B.F1 core/engine/dp/alu/SLICE_260
ROUTE         1     0.436      R9C11B.F1 to      R9C11B.C0 core/engine/dp/alu/un41_nzvc_5
CTOF_DEL    ---     0.495      R9C11B.C0 to      R9C11B.F0 core/engine/dp/alu/SLICE_260
ROUTE         3     0.967      R9C11B.F0 to      R9C13C.D1 core/engine/un25_nzvc_fc
CTOF_DEL    ---     0.495      R9C13C.D1 to      R9C13C.F1 core/engine/SLICE_150
ROUTE         2     0.753      R9C13C.F1 to      R8C13D.C0 core/engine/un4_retire
CTOF_DEL    ---     0.495      R8C13D.C0 to      R8C13D.F0 core/engine/SLICE_382
ROUTE        10     1.451      R8C13D.F0 to       R8C7A.M0 core/engine/seq/next_address_sn_N_34
MTOOFX_DEL  ---     0.376       R8C7A.M0 to     R8C7A.OFX0 core/engine/seq/SLICE_162
ROUTE         5     2.010     R8C7A.OFX0 to EBR_R6C14.ADA5 core/engine/next_address[2] (to clk_c)
                  --------
                   29.427   (48.7% logic, 51.3% route), 22 logic levels.

 Clock Skew Details: 

      Source Clock Path clk to core/engine/rom/lane_2:

   Name    Fanout   Delay (ns)          Site               Resource
ROUTE       172     2.351       13.PADDI to EBR_R6C10.CLKA clk_c
                  --------
                    2.351   (0.0% logic, 100.0% route), 0 logic levels.

      Destination Clock Path clk to core/engine/rom/lane_3:

   Name    Fanout   Delay (ns)          Site               Resource
ROUTE       172     2.351       13.PADDI to EBR_R6C14.CLKA clk_c
                  --------
                    2.351   (0.0% logic, 100.0% route), 0 logic levels.


Error: The following path exceeds requirements by 0.827ns

 Logical Details:  Cell type  Pin type       Cell/ASIC name  (clock net +/-)

   Source:         DP8KC      Port           core/engine/rom/lane_2(ASIC)  (from clk_c +)
   Destination:    DP8KC      Port           core/engine/rom/lane_3(ASIC)  (to clk_c +)

   Delay:              29.424ns  (48.6% logic, 51.4% route), 21 logic levels.

 Constraint Details:

     29.424ns physical path delay core/engine/rom/lane_2 to core/engine/rom/lane_3 exceeds
     28.571ns delay constraint less
      0.000ns skew and
     -0.026ns ADDR_SET requirement (totaling 28.597ns) by 0.827ns

 Physical Path Details:

      Data path core/engine/rom/lane_2 to core/engine/rom/lane_3:

   Name    Fanout   Delay (ns)          Site               Resource
C2Q_DEL     ---     4.979 EBR_R6C10.CLKA to EBR_R6C10.DOA8 core/engine/rom/lane_2 (from clk_c)
ROUTE         5     0.855 EBR_R6C10.DOA8 to      R5C12A.D1 uword[26]
CTOF_DEL    ---     0.495      R5C12A.D1 to      R5C12A.F1 core/engine/SLICE_321
ROUTE         1     0.693      R5C12A.F1 to      R5C12A.B0 core/engine/un6_select_register[1]
CTOF_DEL    ---     0.495      R5C12A.B0 to      R5C12A.F0 core/engine/SLICE_321
ROUTE        18     1.327      R5C12A.F0 to     R10C12A.C1 core/engine/un8_d_axb1
CTOF_DEL    ---     0.495     R10C12A.C1 to     R10C12A.F1 core/engine/SLICE_312
ROUTE         1     0.626     R10C12A.F1 to     R10C12A.D0 core/engine/un6_d
CTOF_DEL    ---     0.495     R10C12A.D0 to     R10C12A.F0 core/engine/SLICE_312
ROUTE         8     0.798     R10C12A.F0 to      R8C12A.C0 core/engine/d_sn_N_5
CTOOFX_DEL  ---     0.721      R8C12A.C0 to    R8C12A.OFX0 core/engine/d[1]/SLICE_207
ROUTE         2     0.772    R8C12A.OFX0 to      R9C12B.C0 core/engine/d[1]
CTOF_DEL    ---     0.495      R9C12B.C0 to      R9C12B.F0 core/engine/dp/SLICE_296
ROUTE         1     0.436      R9C12B.F0 to      R9C12B.C1 core/engine/dp/un1_d[1]
CTOF_DEL    ---     0.495      R9C12B.C1 to      R9C12B.F1 core/engine/dp/SLICE_296
ROUTE         3     1.459      R9C12B.F1 to      R7C10B.B0 core/engine/dp/rhs[1]
C0TOFCO_DE  ---     1.023      R7C10B.B0 to     R7C10B.FCO core/engine/dp/alu/SLICE_13
ROUTE         1     0.000     R7C10B.FCO to     R7C10C.FCI core/engine/dp/alu/un1_arithmetic_b_cry_2
FCITOFCO_D  ---     0.162     R7C10C.FCI to     R7C10C.FCO core/engine/dp/alu/SLICE_12
ROUTE         1     0.000     R7C10C.FCO to     R7C10D.FCI core/engine/dp/alu/un1_arithmetic_b_cry_4
FCITOFCO_D  ---     0.162     R7C10D.FCI to     R7C10D.FCO core/engine/dp/alu/SLICE_11
ROUTE         1     0.000     R7C10D.FCO to     R7C11A.FCI core/engine/dp/alu/un1_arithmetic_b_cry_6
FCITOFCO_D  ---     0.162     R7C11A.FCI to     R7C11A.FCO core/engine/dp/alu/SLICE_10
ROUTE         1     0.000     R7C11A.FCO to     R7C11B.FCI core/engine/dp/alu/un1_arithmetic_b_cry_8
FCITOFCO_D  ---     0.162     R7C11B.FCI to     R7C11B.FCO core/engine/dp/alu/SLICE_9
ROUTE         1     0.000     R7C11B.FCO to     R7C11C.FCI core/engine/dp/alu/un1_arithmetic_b_cry_10
FCITOF1_DE  ---     0.643     R7C11C.FCI to      R7C11C.F1 core/engine/dp/alu/SLICE_8
ROUTE         2     1.044      R7C11C.F1 to      R5C11A.D0 core/engine/dp/alu/un1_arithmetic_b_cry_11_0_S1
CTOOFX_DEL  ---     0.721      R5C11A.D0 to    R5C11A.OFX0 core/engine/SLICE_138
ROUTE         1     0.000    R5C11A.OFX0 to     R5C11A.FXB core/engine/dp/alu/result_12[12]
FXTOOFX_DE  ---     0.241     R5C11A.FXB to    R5C11A.OFX1 core/engine/SLICE_138
ROUTE         6     1.570    R5C11A.OFX1 to      R9C11B.B1 core/engine/result[12]
CTOF_DEL    ---     0.495      R9C11B.B1 to      R9C11B.F1 core/engine/dp/alu/SLICE_260
ROUTE         1     0.436      R9C11B.F1 to      R9C11B.C0 core/engine/dp/alu/un41_nzvc_5
CTOF_DEL    ---     0.495      R9C11B.C0 to      R9C11B.F0 core/engine/dp/alu/SLICE_260
ROUTE         3     0.967      R9C11B.F0 to      R9C13C.D1 core/engine/un25_nzvc_fc
CTOF_DEL    ---     0.495      R9C13C.D1 to      R9C13C.F1 core/engine/SLICE_150
ROUTE         2     0.753      R9C13C.F1 to      R8C13D.C0 core/engine/un4_retire
CTOF_DEL    ---     0.495      R8C13D.C0 to      R8C13D.F0 core/engine/SLICE_382
ROUTE        10     1.545      R8C13D.F0 to       R8C8C.M0 core/engine/seq/next_address_sn_N_34
MTOOFX_DEL  ---     0.376       R8C8C.M0 to     R8C8C.OFX0 core/engine/seq/SLICE_169
ROUTE         5     1.841     R8C8C.OFX0 to *R_R6C14.ADA12 core/engine/next_address[9] (to clk_c)
                  --------
                   29.424   (48.6% logic, 51.4% route), 21 logic levels.

 Clock Skew Details: 

      Source Clock Path clk to core/engine/rom/lane_2:

   Name    Fanout   Delay (ns)          Site               Resource
ROUTE       172     2.351       13.PADDI to EBR_R6C10.CLKA clk_c
                  --------
                    2.351   (0.0% logic, 100.0% route), 0 logic levels.

      Destination Clock Path clk to core/engine/rom/lane_3:

   Name    Fanout   Delay (ns)          Site               Resource
ROUTE       172     2.351       13.PADDI to EBR_R6C14.CLKA clk_c
                  --------
                    2.351   (0.0% logic, 100.0% route), 0 logic levels.


Error: The following path exceeds requirements by 0.787ns

 Logical Details:  Cell type  Pin type       Cell/ASIC name  (clock net +/-)

   Source:         DP8KC      Port           core/engine/rom/lane_2(ASIC)  (from clk_c +)
   Destination:    DP8KC      Port           core/engine/rom/lane_3(ASIC)  (to clk_c +)

   Delay:              29.384ns  (46.0% logic, 54.0% route), 19 logic levels.

 Constraint Details:

     29.384ns physical path delay core/engine/rom/lane_2 to core/engine/rom/lane_3 exceeds
     28.571ns delay constraint less
      0.000ns skew and
     -0.026ns ADDR_SET requirement (totaling 28.597ns) by 0.787ns

 Physical Path Details:

      Data path core/engine/rom/lane_2 to core/engine/rom/lane_3:

   Name    Fanout   Delay (ns)          Site               Resource
C2Q_DEL     ---     4.979 EBR_R6C10.CLKA to EBR_R6C10.DOA8 core/engine/rom/lane_2 (from clk_c)
ROUTE         5     0.855 EBR_R6C10.DOA8 to      R5C12A.D1 uword[26]
CTOF_DEL    ---     0.495      R5C12A.D1 to      R5C12A.F1 core/engine/SLICE_321
ROUTE         1     0.693      R5C12A.F1 to      R5C12A.B0 core/engine/un6_select_register[1]
CTOF_DEL    ---     0.495      R5C12A.B0 to      R5C12A.F0 core/engine/SLICE_321
ROUTE        18     1.327      R5C12A.F0 to     R10C12A.C1 core/engine/un8_d_axb1
CTOF_DEL    ---     0.495     R10C12A.C1 to     R10C12A.F1 core/engine/SLICE_312
ROUTE         1     0.626     R10C12A.F1 to     R10C12A.D0 core/engine/un6_d
CTOF_DEL    ---     0.495     R10C12A.D0 to     R10C12A.F0 core/engine/SLICE_312
ROUTE         8     1.303     R10C12A.F0 to      R7C14C.C0 core/engine/d_sn_N_5
CTOOFX_DEL  ---     0.721      R7C14C.C0 to    R7C14C.OFX0 core/engine/d[4]/SLICE_210
ROUTE         2     0.993    R7C14C.OFX0 to      R7C16C.A1 core/engine/d[4]
CTOF_DEL    ---     0.495      R7C16C.A1 to      R7C16C.F1 core/engine/dp/SLICE_265
ROUTE         8     1.845      R7C16C.F1 to      R7C10C.A1 core/engine/dp/lhs[4]
C1TOFCO_DE  ---     0.889      R7C10C.A1 to     R7C10C.FCO core/engine/dp/alu/SLICE_12
ROUTE         1     0.000     R7C10C.FCO to     R7C10D.FCI core/engine/dp/alu/un1_arithmetic_b_cry_4
FCITOFCO_D  ---     0.162     R7C10D.FCI to     R7C10D.FCO core/engine/dp/alu/SLICE_11
ROUTE         1     0.000     R7C10D.FCO to     R7C11A.FCI core/engine/dp/alu/un1_arithmetic_b_cry_6
FCITOFCO_D  ---     0.162     R7C11A.FCI to     R7C11A.FCO core/engine/dp/alu/SLICE_10
ROUTE         1     0.000     R7C11A.FCO to     R7C11B.FCI core/engine/dp/alu/un1_arithmetic_b_cry_8
FCITOFCO_D  ---     0.162     R7C11B.FCI to     R7C11B.FCO core/engine/dp/alu/SLICE_9
ROUTE         1     0.000     R7C11B.FCO to     R7C11C.FCI core/engine/dp/alu/un1_arithmetic_b_cry_10
FCITOF1_DE  ---     0.643     R7C11C.FCI to      R7C11C.F1 core/engine/dp/alu/SLICE_8
ROUTE         2     1.044      R7C11C.F1 to      R5C11A.D0 core/engine/dp/alu/un1_arithmetic_b_cry_11_0_S1
CTOOFX_DEL  ---     0.721      R5C11A.D0 to    R5C11A.OFX0 core/engine/SLICE_138
ROUTE         1     0.000    R5C11A.OFX0 to     R5C11A.FXB core/engine/dp/alu/result_12[12]
FXTOOFX_DE  ---     0.241     R5C11A.FXB to    R5C11A.OFX1 core/engine/SLICE_138
ROUTE         6     1.570    R5C11A.OFX1 to      R9C11B.B1 core/engine/result[12]
CTOF_DEL    ---     0.495      R9C11B.B1 to      R9C11B.F1 core/engine/dp/alu/SLICE_260
ROUTE         1     0.436      R9C11B.F1 to      R9C11B.C0 core/engine/dp/alu/un41_nzvc_5
CTOF_DEL    ---     0.495      R9C11B.C0 to      R9C11B.F0 core/engine/dp/alu/SLICE_260
ROUTE         3     0.967      R9C11B.F0 to      R9C13C.D1 core/engine/un25_nzvc_fc
CTOF_DEL    ---     0.495      R9C13C.D1 to      R9C13C.F1 core/engine/SLICE_150
ROUTE         2     0.753      R9C13C.F1 to      R8C13D.C0 core/engine/un4_retire
CTOF_DEL    ---     0.495      R8C13D.C0 to      R8C13D.F0 core/engine/SLICE_382
ROUTE        10     1.451      R8C13D.F0 to       R8C7A.M0 core/engine/seq/next_address_sn_N_34
MTOOFX_DEL  ---     0.376       R8C7A.M0 to     R8C7A.OFX0 core/engine/seq/SLICE_162
ROUTE         5     2.010     R8C7A.OFX0 to EBR_R6C14.ADA5 core/engine/next_address[2] (to clk_c)
                  --------
                   29.384   (46.0% logic, 54.0% route), 19 logic levels.

 Clock Skew Details: 

      Source Clock Path clk to core/engine/rom/lane_2:

   Name    Fanout   Delay (ns)          Site               Resource
ROUTE       172     2.351       13.PADDI to EBR_R6C10.CLKA clk_c
                  --------
                    2.351   (0.0% logic, 100.0% route), 0 logic levels.

      Destination Clock Path clk to core/engine/rom/lane_3:

   Name    Fanout   Delay (ns)          Site               Resource
ROUTE       172     2.351       13.PADDI to EBR_R6C14.CLKA clk_c
                  --------
                    2.351   (0.0% logic, 100.0% route), 0 logic levels.


Error: The following path exceeds requirements by 0.785ns

 Logical Details:  Cell type  Pin type       Cell/ASIC name  (clock net +/-)

   Source:         DP8KC      Port           core/engine/rom/lane_2(ASIC)  (from clk_c +)
   Destination:    DP8KC      Port           core/engine/rom/lane_3(ASIC)  (to clk_c +)

   Delay:              29.382ns  (46.5% logic, 53.5% route), 17 logic levels.

 Constraint Details:

     29.382ns physical path delay core/engine/rom/lane_2 to core/engine/rom/lane_3 exceeds
     28.571ns delay constraint less
      0.000ns skew and
     -0.026ns ADDR_SET requirement (totaling 28.597ns) by 0.785ns

 Physical Path Details:

      Data path core/engine/rom/lane_2 to core/engine/rom/lane_3:

   Name    Fanout   Delay (ns)          Site               Resource
C2Q_DEL     ---     4.979 EBR_R6C10.CLKA to EBR_R6C10.DOA8 core/engine/rom/lane_2 (from clk_c)
ROUTE         5     1.039 EBR_R6C10.DOA8 to      R7C12B.C0 uword[26]
CTOF_DEL    ---     0.495      R7C12B.C0 to      R7C12B.F0 core/engine/SLICE_381
ROUTE         1     0.744      R7C12B.F0 to      R8C12D.C1 core/engine/un6_select_register[2]
CTOF_DEL    ---     0.495      R8C12D.C1 to      R8C12D.F1 core/engine/SLICE_249
ROUTE        18     1.040      R8C12D.F1 to     R10C12A.B1 core/engine/un8_d_axb2
CTOF_DEL    ---     0.495     R10C12A.B1 to     R10C12A.F1 core/engine/SLICE_312
ROUTE         1     0.626     R10C12A.F1 to     R10C12A.D0 core/engine/un6_d
CTOF_DEL    ---     0.495     R10C12A.D0 to     R10C12A.F0 core/engine/SLICE_312
ROUTE         8     0.798     R10C12A.F0 to      R8C12A.C0 core/engine/d_sn_N_5
CTOOFX_DEL  ---     0.721      R8C12A.C0 to    R8C12A.OFX0 core/engine/d[1]/SLICE_207
ROUTE         2     0.772    R8C12A.OFX0 to      R9C12B.C0 core/engine/d[1]
CTOF_DEL    ---     0.495      R9C12B.C0 to      R9C12B.F0 core/engine/dp/SLICE_296
ROUTE         1     0.436      R9C12B.F0 to      R9C12B.C1 core/engine/dp/un1_d[1]
CTOF_DEL    ---     0.495      R9C12B.C1 to      R9C12B.F1 core/engine/dp/SLICE_296
ROUTE         3     1.459      R9C12B.F1 to      R7C10B.B0 core/engine/dp/rhs[1]
C0TOFCO_DE  ---     1.023      R7C10B.B0 to     R7C10B.FCO core/engine/dp/alu/SLICE_13
ROUTE         1     0.000     R7C10B.FCO to     R7C10C.FCI core/engine/dp/alu/un1_arithmetic_b_cry_2
FCITOF1_DE  ---     0.643     R7C10C.FCI to      R7C10C.F1 core/engine/dp/alu/SLICE_12
ROUTE         2     1.164      R7C10C.F1 to      R7C18D.D1 core/engine/dp/alu/un1_arithmetic_b_cry_3_0_S1
CTOOFX_DEL  ---     0.721      R7C18D.D1 to    R7C18D.OFX0 core/engine/dp/alu/result_6_0[4]/SLICE_194
ROUTE         1     0.000    R7C18D.OFX0 to     R7C18C.FXA core/engine/dp/alu/N_103
FXTOOFX_DE  ---     0.241     R7C18C.FXA to    R7C18C.OFX1 core/engine/SLICE_130
ROUTE         6     1.418    R7C18C.OFX1 to      R7C15B.B0 core/engine/result[4]
CTOF_DEL    ---     0.495      R7C15B.B0 to      R7C15B.F0 core/engine/dp/SLICE_364
ROUTE         1     1.023      R7C15B.F0 to      R9C15C.B0 core/engine/dp/alu/nzvc_1_fc_5[2]
CTOF_DEL    ---     0.495      R9C15C.B0 to      R9C15C.F0 core/engine/dp/alu/SLICE_259
ROUTE         3     0.995      R9C15C.F0 to      R9C13C.A1 core/engine/nzvc_1_fc_6[2]
CTOF_DEL    ---     0.495      R9C13C.A1 to      R9C13C.F1 core/engine/SLICE_150
ROUTE         2     0.753      R9C13C.F1 to      R8C13D.C0 core/engine/un4_retire
CTOF_DEL    ---     0.495      R8C13D.C0 to      R8C13D.F0 core/engine/SLICE_382
ROUTE        10     1.451      R8C13D.F0 to       R8C7A.M0 core/engine/seq/next_address_sn_N_34
MTOOFX_DEL  ---     0.376       R8C7A.M0 to     R8C7A.OFX0 core/engine/seq/SLICE_162
ROUTE         5     2.010     R8C7A.OFX0 to EBR_R6C14.ADA5 core/engine/next_address[2] (to clk_c)
                  --------
                   29.382   (46.5% logic, 53.5% route), 17 logic levels.

 Clock Skew Details: 

      Source Clock Path clk to core/engine/rom/lane_2:

   Name    Fanout   Delay (ns)          Site               Resource
ROUTE       172     2.351       13.PADDI to EBR_R6C10.CLKA clk_c
                  --------
                    2.351   (0.0% logic, 100.0% route), 0 logic levels.

      Destination Clock Path clk to core/engine/rom/lane_3:

   Name    Fanout   Delay (ns)          Site               Resource
ROUTE       172     2.351       13.PADDI to EBR_R6C14.CLKA clk_c
                  --------
                    2.351   (0.0% logic, 100.0% route), 0 logic levels.


Error: The following path exceeds requirements by 0.785ns

 Logical Details:  Cell type  Pin type       Cell/ASIC name  (clock net +/-)

   Source:         DP8KC      Port           core/engine/rom/lane_2(ASIC)  (from clk_c +)
   Destination:    DP8KC      Port           core/engine/rom/lane_3(ASIC)  (to clk_c +)

   Delay:              29.382ns  (46.5% logic, 53.5% route), 17 logic levels.

 Constraint Details:

     29.382ns physical path delay core/engine/rom/lane_2 to core/engine/rom/lane_3 exceeds
     28.571ns delay constraint less
      0.000ns skew and
     -0.026ns ADDR_SET requirement (totaling 28.597ns) by 0.785ns

 Physical Path Details:

      Data path core/engine/rom/lane_2 to core/engine/rom/lane_3:

   Name    Fanout   Delay (ns)          Site               Resource
C2Q_DEL     ---     4.979 EBR_R6C10.CLKA to EBR_R6C10.DOA8 core/engine/rom/lane_2 (from clk_c)
ROUTE         5     1.039 EBR_R6C10.DOA8 to      R7C12B.C0 uword[26]
CTOF_DEL    ---     0.495      R7C12B.C0 to      R7C12B.F0 core/engine/SLICE_381
ROUTE         1     0.744      R7C12B.F0 to      R8C12D.C1 core/engine/un6_select_register[2]
CTOF_DEL    ---     0.495      R8C12D.C1 to      R8C12D.F1 core/engine/SLICE_249
ROUTE        18     1.040      R8C12D.F1 to     R10C12A.B1 core/engine/un8_d_axb2
CTOF_DEL    ---     0.495     R10C12A.B1 to     R10C12A.F1 core/engine/SLICE_312
ROUTE         1     0.626     R10C12A.F1 to     R10C12A.D0 core/engine/un6_d
CTOF_DEL    ---     0.495     R10C12A.D0 to     R10C12A.F0 core/engine/SLICE_312
ROUTE         8     0.798     R10C12A.F0 to      R8C12A.C0 core/engine/d_sn_N_5
CTOOFX_DEL  ---     0.721      R8C12A.C0 to    R8C12A.OFX0 core/engine/d[1]/SLICE_207
ROUTE         2     0.772    R8C12A.OFX0 to      R9C12B.C0 core/engine/d[1]
CTOF_DEL    ---     0.495      R9C12B.C0 to      R9C12B.F0 core/engine/dp/SLICE_296
ROUTE         1     0.436      R9C12B.F0 to      R9C12B.C1 core/engine/dp/un1_d[1]
CTOF_DEL    ---     0.495      R9C12B.C1 to      R9C12B.F1 core/engine/dp/SLICE_296
ROUTE         3     1.459      R9C12B.F1 to      R7C10B.B0 core/engine/dp/rhs[1]
C0TOFCO_DE  ---     1.023      R7C10B.B0 to     R7C10B.FCO core/engine/dp/alu/SLICE_13
ROUTE         1     0.000     R7C10B.FCO to     R7C10C.FCI core/engine/dp/alu/un1_arithmetic_b_cry_2
FCITOF1_DE  ---     0.643     R7C10C.FCI to      R7C10C.F1 core/engine/dp/alu/SLICE_12
ROUTE         2     1.164      R7C10C.F1 to      R7C18C.D0 core/engine/dp/alu/un1_arithmetic_b_cry_3_0_S1
CTOOFX_DEL  ---     0.721      R7C18C.D0 to    R7C18C.OFX0 core/engine/SLICE_130
ROUTE         1     0.000    R7C18C.OFX0 to     R7C18C.FXB core/engine/dp/alu/N_199
FXTOOFX_DE  ---     0.241     R7C18C.FXB to    R7C18C.OFX1 core/engine/SLICE_130
ROUTE         6     1.418    R7C18C.OFX1 to      R7C15B.B0 core/engine/result[4]
CTOF_DEL    ---     0.495      R7C15B.B0 to      R7C15B.F0 core/engine/dp/SLICE_364
ROUTE         1     1.023      R7C15B.F0 to      R9C15C.B0 core/engine/dp/alu/nzvc_1_fc_5[2]
CTOF_DEL    ---     0.495      R9C15C.B0 to      R9C15C.F0 core/engine/dp/alu/SLICE_259
ROUTE         3     0.995      R9C15C.F0 to      R9C13C.A1 core/engine/nzvc_1_fc_6[2]
CTOF_DEL    ---     0.495      R9C13C.A1 to      R9C13C.F1 core/engine/SLICE_150
ROUTE         2     0.753      R9C13C.F1 to      R8C13D.C0 core/engine/un4_retire
CTOF_DEL    ---     0.495      R8C13D.C0 to      R8C13D.F0 core/engine/SLICE_382
ROUTE        10     1.451      R8C13D.F0 to       R8C7A.M0 core/engine/seq/next_address_sn_N_34
MTOOFX_DEL  ---     0.376       R8C7A.M0 to     R8C7A.OFX0 core/engine/seq/SLICE_162
ROUTE         5     2.010     R8C7A.OFX0 to EBR_R6C14.ADA5 core/engine/next_address[2] (to clk_c)
                  --------
                   29.382   (46.5% logic, 53.5% route), 17 logic levels.

 Clock Skew Details: 

      Source Clock Path clk to core/engine/rom/lane_2:

   Name    Fanout   Delay (ns)          Site               Resource
ROUTE       172     2.351       13.PADDI to EBR_R6C10.CLKA clk_c
                  --------
                    2.351   (0.0% logic, 100.0% route), 0 logic levels.

      Destination Clock Path clk to core/engine/rom/lane_3:

   Name    Fanout   Delay (ns)          Site               Resource
ROUTE       172     2.351       13.PADDI to EBR_R6C14.CLKA clk_c
                  --------
                    2.351   (0.0% logic, 100.0% route), 0 logic levels.


Error: The following path exceeds requirements by 0.785ns

 Logical Details:  Cell type  Pin type       Cell/ASIC name  (clock net +/-)

   Source:         DP8KC      Port           core/engine/rom/lane_2(ASIC)  (from clk_c +)
   Destination:    DP8KC      Port           core/engine/rom/lane_3(ASIC)  (to clk_c +)

   Delay:              29.382ns  (44.5% logic, 55.5% route), 19 logic levels.

 Constraint Details:

     29.382ns physical path delay core/engine/rom/lane_2 to core/engine/rom/lane_3 exceeds
     28.571ns delay constraint less
      0.000ns skew and
     -0.026ns ADDR_SET requirement (totaling 28.597ns) by 0.785ns

 Physical Path Details:

      Data path core/engine/rom/lane_2 to core/engine/rom/lane_3:

   Name    Fanout   Delay (ns)          Site               Resource
C2Q_DEL     ---     4.979 EBR_R6C10.CLKA to EBR_R6C10.DOA3 core/engine/rom/lane_2 (from clk_c)
ROUTE         5     1.418 EBR_R6C10.DOA3 to       R4C9C.C1 uword[21]
CTOF_DEL    ---     0.495       R4C9C.C1 to       R4C9C.F1 SLICE_390
ROUTE         1     0.986       R4C9C.F1 to      R4C11D.A1 core/engine/un23_select_register[0]
CTOF_DEL    ---     0.495      R4C11D.A1 to      R4C11D.F1 SLICE_68
ROUTE        25     1.452      R4C11D.F1 to      R4C12A.A1 rf_address[0]
CTOF_DEL    ---     0.495      R4C12A.A1 to      R4C12A.F1 SLICE_16
ROUTE         3     1.466      R4C12A.F1 to      R7C14D.D0 data[1]
CTOF_DEL    ---     0.495      R7C14D.D0 to      R7C14D.F0 core/engine/dp/SLICE_371
ROUTE         1     1.072      R7C14D.F0 to      R8C16C.D1 core/engine/dp/lhs_0[1]
CTOF_DEL    ---     0.495      R8C16C.D1 to      R8C16C.F1 core/engine/dp/SLICE_262
ROUTE         8     1.671      R8C16C.F1 to      R7C10B.A0 core/engine/dp/lhs[1]
C0TOFCO_DE  ---     1.023      R7C10B.A0 to     R7C10B.FCO core/engine/dp/alu/SLICE_13
ROUTE         1     0.000     R7C10B.FCO to     R7C10C.FCI core/engine/dp/alu/un1_arithmetic_b_cry_2
FCITOFCO_D  ---     0.162     R7C10C.FCI to     R7C10C.FCO core/engine/dp/alu/SLICE_12
ROUTE         1     0.000     R7C10C.FCO to     R7C10D.FCI core/engine/dp/alu/un1_arithmetic_b_cry_4
FCITOFCO_D  ---     0.162     R7C10D.FCI to     R7C10D.FCO core/engine/dp/alu/SLICE_11
ROUTE         1     0.000     R7C10D.FCO to     R7C11A.FCI core/engine/dp/alu/un1_arithmetic_b_cry_6
FCITOFCO_D  ---     0.162     R7C11A.FCI to     R7C11A.FCO core/engine/dp/alu/SLICE_10
ROUTE         1     0.000     R7C11A.FCO to     R7C11B.FCI core/engine/dp/alu/un1_arithmetic_b_cry_8
FCITOFCO_D  ---     0.162     R7C11B.FCI to     R7C11B.FCO core/engine/dp/alu/SLICE_9
ROUTE         1     0.000     R7C11B.FCO to     R7C11C.FCI core/engine/dp/alu/un1_arithmetic_b_cry_10
FCITOF1_DE  ---     0.643     R7C11C.FCI to      R7C11C.F1 core/engine/dp/alu/SLICE_8
ROUTE         2     1.044      R7C11C.F1 to      R5C11A.D0 core/engine/dp/alu/un1_arithmetic_b_cry_11_0_S1
CTOOFX_DEL  ---     0.721      R5C11A.D0 to    R5C11A.OFX0 core/engine/SLICE_138
ROUTE         1     0.000    R5C11A.OFX0 to     R5C11A.FXB core/engine/dp/alu/result_12[12]
FXTOOFX_DE  ---     0.241     R5C11A.FXB to    R5C11A.OFX1 core/engine/SLICE_138
ROUTE         6     1.570    R5C11A.OFX1 to      R9C11B.B1 core/engine/result[12]
CTOF_DEL    ---     0.495      R9C11B.B1 to      R9C11B.F1 core/engine/dp/alu/SLICE_260
ROUTE         1     0.436      R9C11B.F1 to      R9C11B.C0 core/engine/dp/alu/un41_nzvc_5
CTOF_DEL    ---     0.495      R9C11B.C0 to      R9C11B.F0 core/engine/dp/alu/SLICE_260
ROUTE         3     0.967      R9C11B.F0 to      R9C13C.D1 core/engine/un25_nzvc_fc
CTOF_DEL    ---     0.495      R9C13C.D1 to      R9C13C.F1 core/engine/SLICE_150
ROUTE         2     0.753      R9C13C.F1 to      R8C13D.C0 core/engine/un4_retire
CTOF_DEL    ---     0.495      R8C13D.C0 to      R8C13D.F0 core/engine/SLICE_382
ROUTE        10     1.451      R8C13D.F0 to       R8C7A.M0 core/engine/seq/next_address_sn_N_34
MTOOFX_DEL  ---     0.376       R8C7A.M0 to     R8C7A.OFX0 core/engine/seq/SLICE_162
ROUTE         5     2.010     R8C7A.OFX0 to EBR_R6C14.ADA5 core/engine/next_address[2] (to clk_c)
                  --------
                   29.382   (44.5% logic, 55.5% route), 19 logic levels.

 Clock Skew Details: 

      Source Clock Path clk to core/engine/rom/lane_2:

   Name    Fanout   Delay (ns)          Site               Resource
ROUTE       172     2.351       13.PADDI to EBR_R6C10.CLKA clk_c
                  --------
                    2.351   (0.0% logic, 100.0% route), 0 logic levels.

      Destination Clock Path clk to core/engine/rom/lane_3:

   Name    Fanout   Delay (ns)          Site               Resource
ROUTE       172     2.351       13.PADDI to EBR_R6C14.CLKA clk_c
                  --------
                    2.351   (0.0% logic, 100.0% route), 0 logic levels.

Warning:  33.929MHz is the maximum frequency for this preference.


================================================================================
Preference: Unconstrained: CLOCK_DOMAIN
            0 unconstrained paths found
--------------------------------------------------------------------------------


================================================================================
Preference: Unconstrained: INPUT_SETUP
            237 unconstrained paths found
--------------------------------------------------------------------------------

Unconstrained Preference:
   INPUT_SETUP PORT "reset" CLKPORT "clk" 

Report:   16.634ns delay reset to core/engine/rom/lane_3 (16.660ns delay and -0.026ns setup)

   Name    Fanout   Delay (ns)          Site               Resource
PADI_DEL    ---     1.132          4.PAD to        4.PADDI reset
ROUTE       158     3.386        4.PADDI to      R10C6D.A1 reset_c
CTOF_DEL    ---     0.495      R10C6D.A1 to      R10C6D.F1 core/engine/SLICE_379
ROUTE         1     1.173      R10C6D.F1 to       R4C7A.D1 core/engine/un1_memory_op_1dup
CTOF_DEL    ---     0.495       R4C7A.D1 to       R4C7A.F1 core/engine/SLICE_252
ROUTE         3     1.309       R4C7A.F1 to       R7C6B.C1 core/engine/un1_bus_fault_2dup
CTOOFX_DEL  ---     0.721       R7C6B.C1 to     R7C6B.OFX0 core/engine/seq/predicates_pmux_6/SLICE_179
ROUTE         1     0.958     R7C6B.OFX0 to       R7C8D.D0 core/engine/seq/N_170
CTOF_DEL    ---     0.495       R7C8D.D0 to       R7C8D.F0 core/engine/SLICE_248
ROUTE         1     1.460       R7C8D.F0 to      R8C13C.D1 core/engine/seq/condition
CTOOFX_DEL  ---     0.721      R8C13C.D1 to    R8C13C.OFX0 core/engine/seq/condition_RNI6AT755/SLICE_183
ROUTE        10     1.753    R8C13C.OFX0 to       R8C7C.D1 core/engine/seq/next_address_sn_N_25
CTOOFX_DEL  ---     0.721       R8C7C.D1 to     R8C7C.OFX0 core/engine/seq/SLICE_160
ROUTE         5     1.841     R8C7C.OFX0 to EBR_R6C14.ADA3 core/engine/next_address[0] (to clk_c)
                  --------
                   16.660   (28.7% logic, 71.3% route), 7 logic levels.

Unconstrained Preference:
   INPUT_SETUP PORT "reset" CLKPORT "clk" 

Report:   16.592ns delay reset to core/engine/rom/lane_3 (16.618ns delay and -0.026ns setup)

   Name    Fanout   Delay (ns)          Site               Resource
PADI_DEL    ---     1.132          4.PAD to        4.PADDI reset
ROUTE       158     3.386        4.PADDI to      R10C6D.A1 reset_c
CTOF_DEL    ---     0.495      R10C6D.A1 to      R10C6D.F1 core/engine/SLICE_379
ROUTE         1     1.173      R10C6D.F1 to       R4C7A.D1 core/engine/un1_memory_op_1dup
CTOF_DEL    ---     0.495       R4C7A.D1 to       R4C7A.F1 core/engine/SLICE_252
ROUTE         3     1.309       R4C7A.F1 to       R7C6B.C1 core/engine/un1_bus_fault_2dup
CTOOFX_DEL  ---     0.721       R7C6B.C1 to     R7C6B.OFX0 core/engine/seq/predicates_pmux_6/SLICE_179
ROUTE         1     0.958     R7C6B.OFX0 to       R7C8D.D0 core/engine/seq/N_170
CTOF_DEL    ---     0.495       R7C8D.D0 to       R7C8D.F0 core/engine/SLICE_248
ROUTE         1     1.460       R7C8D.F0 to      R8C13C.D1 core/engine/seq/condition
CTOOFX_DEL  ---     0.721      R8C13C.D1 to    R8C13C.OFX0 core/engine/seq/condition_RNI6AT755/SLICE_183
ROUTE        10     1.542    R8C13C.OFX0 to       R8C7A.D1 core/engine/seq/next_address_sn_N_25
CTOOFX_DEL  ---     0.721       R8C7A.D1 to     R8C7A.OFX0 core/engine/seq/SLICE_162
ROUTE         5     2.010     R8C7A.OFX0 to EBR_R6C14.ADA5 core/engine/next_address[2] (to clk_c)
                  --------
                   16.618   (28.8% logic, 71.2% route), 7 logic levels.

Unconstrained Preference:
   INPUT_SETUP PORT "reset" CLKPORT "clk" 

Report:   16.439ns delay reset to core/engine/rom/lane_0 (16.465ns delay and -0.026ns setup)

   Name    Fanout   Delay (ns)          Site               Resource
PADI_DEL    ---     1.132          4.PAD to        4.PADDI reset
ROUTE       158     3.386        4.PADDI to      R10C6D.A1 reset_c
CTOF_DEL    ---     0.495      R10C6D.A1 to      R10C6D.F1 core/engine/SLICE_379
ROUTE         1     1.173      R10C6D.F1 to       R4C7A.D1 core/engine/un1_memory_op_1dup
CTOF_DEL    ---     0.495       R4C7A.D1 to       R4C7A.F1 core/engine/SLICE_252
ROUTE         3     1.309       R4C7A.F1 to       R7C6B.C1 core/engine/un1_bus_fault_2dup
CTOOFX_DEL  ---     0.721       R7C6B.C1 to     R7C6B.OFX0 core/engine/seq/predicates_pmux_6/SLICE_179
ROUTE         1     0.958     R7C6B.OFX0 to       R7C8D.D0 core/engine/seq/N_170
CTOF_DEL    ---     0.495       R7C8D.D0 to       R7C8D.F0 core/engine/SLICE_248
ROUTE         1     1.460       R7C8D.F0 to      R8C13C.D1 core/engine/seq/condition
CTOOFX_DEL  ---     0.721      R8C13C.D1 to    R8C13C.OFX0 core/engine/seq/condition_RNI6AT755/SLICE_183
ROUTE        10     1.267    R8C13C.OFX0 to       R8C9D.D1 core/engine/seq/next_address_sn_N_25
CTOOFX_DEL  ---     0.721       R8C9D.D1 to     R8C9D.OFX0 core/engine/seq/SLICE_166
ROUTE         5     2.132     R8C9D.OFX0 to  EBR_R6C4.ADA9 core/engine/next_address[6] (to clk_c)
                  --------
                   16.465   (29.0% logic, 71.0% route), 7 logic levels.

Unconstrained Preference:
   INPUT_SETUP PORT "reset" CLKPORT "clk" 

Report:   16.410ns delay reset to core/engine/rom/lane_2 (16.436ns delay and -0.026ns setup)

   Name    Fanout   Delay (ns)          Site               Resource
PADI_DEL    ---     1.132          4.PAD to        4.PADDI reset
ROUTE       158     3.386        4.PADDI to      R10C6D.A1 reset_c
CTOF_DEL    ---     0.495      R10C6D.A1 to      R10C6D.F1 core/engine/SLICE_379
ROUTE         1     1.173      R10C6D.F1 to       R4C7A.D1 core/engine/un1_memory_op_1dup
CTOF_DEL    ---     0.495       R4C7A.D1 to       R4C7A.F1 core/engine/SLICE_252
ROUTE         3     1.309       R4C7A.F1 to       R7C6B.C1 core/engine/un1_bus_fault_2dup
CTOOFX_DEL  ---     0.721       R7C6B.C1 to     R7C6B.OFX0 core/engine/seq/predicates_pmux_6/SLICE_179
ROUTE         1     0.958     R7C6B.OFX0 to       R7C8D.D0 core/engine/seq/N_170
CTOF_DEL    ---     0.495       R7C8D.D0 to       R7C8D.F0 core/engine/SLICE_248
ROUTE         1     1.460       R7C8D.F0 to      R8C13C.D1 core/engine/seq/condition
CTOOFX_DEL  ---     0.721      R8C13C.D1 to    R8C13C.OFX0 core/engine/seq/condition_RNI6AT755/SLICE_183
ROUTE        10     1.542    R8C13C.OFX0 to       R8C7A.D1 core/engine/seq/next_address_sn_N_25
CTOOFX_DEL  ---     0.721       R8C7A.D1 to     R8C7A.OFX0 core/engine/seq/SLICE_162
ROUTE         5     1.828     R8C7A.OFX0 to EBR_R6C10.ADA5 core/engine/next_address[2] (to clk_c)
                  --------
                   16.436   (29.1% logic, 70.9% route), 7 logic levels.

Unconstrained Preference:
   INPUT_SETUP PORT "reset" CLKPORT "clk" 

Report:   16.331ns delay reset to core/engine/rom/lane_0 (16.357ns delay and -0.026ns setup)

   Name    Fanout   Delay (ns)          Site               Resource
PADI_DEL    ---     1.132          4.PAD to        4.PADDI reset
ROUTE       158     3.386        4.PADDI to      R10C6D.A1 reset_c
CTOF_DEL    ---     0.495      R10C6D.A1 to      R10C6D.F1 core/engine/SLICE_379
ROUTE         1     1.173      R10C6D.F1 to       R4C7A.D1 core/engine/un1_memory_op_1dup
CTOF_DEL    ---     0.495       R4C7A.D1 to       R4C7A.F1 core/engine/SLICE_252
ROUTE         3     1.309       R4C7A.F1 to       R7C6B.C1 core/engine/un1_bus_fault_2dup
CTOOFX_DEL  ---     0.721       R7C6B.C1 to     R7C6B.OFX0 core/engine/seq/predicates_pmux_6/SLICE_179
ROUTE         1     0.958     R7C6B.OFX0 to       R7C8D.D0 core/engine/seq/N_170
CTOF_DEL    ---     0.495       R7C8D.D0 to       R7C8D.F0 core/engine/SLICE_248
ROUTE         1     1.460       R7C8D.F0 to      R8C13C.D1 core/engine/seq/condition
CTOOFX_DEL  ---     0.721      R8C13C.D1 to    R8C13C.OFX0 core/engine/seq/condition_RNI6AT755/SLICE_183
ROUTE        10     1.753    R8C13C.OFX0 to       R8C7C.D1 core/engine/seq/next_address_sn_N_25
CTOOFX_DEL  ---     0.721       R8C7C.D1 to     R8C7C.OFX0 core/engine/seq/SLICE_160
ROUTE         5     1.538     R8C7C.OFX0 to  EBR_R6C4.ADA3 core/engine/next_address[0] (to clk_c)
                  --------
                   16.357   (29.2% logic, 70.8% route), 7 logic levels.

Unconstrained Preference:
   INPUT_SETUP PORT "reset" CLKPORT "clk" 

Report:   16.331ns delay reset to core/engine/rom/lane_2 (16.357ns delay and -0.026ns setup)

   Name    Fanout   Delay (ns)          Site               Resource
PADI_DEL    ---     1.132          4.PAD to        4.PADDI reset
ROUTE       158     3.386        4.PADDI to      R10C6D.A1 reset_c
CTOF_DEL    ---     0.495      R10C6D.A1 to      R10C6D.F1 core/engine/SLICE_379
ROUTE         1     1.173      R10C6D.F1 to       R4C7A.D1 core/engine/un1_memory_op_1dup
CTOF_DEL    ---     0.495       R4C7A.D1 to       R4C7A.F1 core/engine/SLICE_252
ROUTE         3     1.309       R4C7A.F1 to       R7C6B.C1 core/engine/un1_bus_fault_2dup
CTOOFX_DEL  ---     0.721       R7C6B.C1 to     R7C6B.OFX0 core/engine/seq/predicates_pmux_6/SLICE_179
ROUTE         1     0.958     R7C6B.OFX0 to       R7C8D.D0 core/engine/seq/N_170
CTOF_DEL    ---     0.495       R7C8D.D0 to       R7C8D.F0 core/engine/SLICE_248
ROUTE         1     1.460       R7C8D.F0 to      R8C13C.D1 core/engine/seq/condition
CTOOFX_DEL  ---     0.721      R8C13C.D1 to    R8C13C.OFX0 core/engine/seq/condition_RNI6AT755/SLICE_183
ROUTE        10     1.753    R8C13C.OFX0 to       R8C7C.D1 core/engine/seq/next_address_sn_N_25
CTOOFX_DEL  ---     0.721       R8C7C.D1 to     R8C7C.OFX0 core/engine/seq/SLICE_160
ROUTE         5     1.538     R8C7C.OFX0 to EBR_R6C10.ADA3 core/engine/next_address[0] (to clk_c)
                  --------
                   16.357   (29.2% logic, 70.8% route), 7 logic levels.

Unconstrained Preference:
   INPUT_SETUP PORT "reset" CLKPORT "clk" 

Report:   16.172ns delay reset to core/engine/rom/lane_3 (16.198ns delay and -0.026ns setup)

   Name    Fanout   Delay (ns)          Site               Resource
PADI_DEL    ---     1.132          4.PAD to        4.PADDI reset
ROUTE       158     3.386        4.PADDI to      R10C6D.A1 reset_c
CTOF_DEL    ---     0.495      R10C6D.A1 to      R10C6D.F1 core/engine/SLICE_379
ROUTE         1     1.173      R10C6D.F1 to       R4C7A.D1 core/engine/un1_memory_op_1dup
CTOF_DEL    ---     0.495       R4C7A.D1 to       R4C7A.F1 core/engine/SLICE_252
ROUTE         3     1.309       R4C7A.F1 to       R7C6B.C1 core/engine/un1_bus_fault_2dup
CTOOFX_DEL  ---     0.721       R7C6B.C1 to     R7C6B.OFX0 core/engine/seq/predicates_pmux_6/SLICE_179
ROUTE         1     0.958     R7C6B.OFX0 to       R7C8D.D0 core/engine/seq/N_170
CTOF_DEL    ---     0.495       R7C8D.D0 to       R7C8D.F0 core/engine/SLICE_248
ROUTE         1     1.460       R7C8D.F0 to      R8C13C.D1 core/engine/seq/condition
CTOOFX_DEL  ---     0.721      R8C13C.D1 to    R8C13C.OFX0 core/engine/seq/condition_RNI6AT755/SLICE_183
ROUTE        10     1.387    R8C13C.OFX0 to       R7C7C.D1 core/engine/seq/next_address_sn_N_25
CTOOFX_DEL  ---     0.721       R7C7C.D1 to     R7C7C.OFX0 core/engine/seq/SLICE_164
ROUTE         5     1.745     R7C7C.OFX0 to EBR_R6C14.ADA7 core/engine/next_address[4] (to clk_c)
                  --------
                   16.198   (29.5% logic, 70.5% route), 7 logic levels.

Unconstrained Preference:
   INPUT_SETUP PORT "reset" CLKPORT "clk" 

Report:   16.148ns delay reset to core/engine/rom/lane_3 (16.174ns delay and -0.026ns setup)

   Name    Fanout   Delay (ns)          Site               Resource
PADI_DEL    ---     1.132          4.PAD to        4.PADDI reset
ROUTE       158     3.386        4.PADDI to      R10C6D.A1 reset_c
CTOF_DEL    ---     0.495      R10C6D.A1 to      R10C6D.F1 core/engine/SLICE_379
ROUTE         1     1.173      R10C6D.F1 to       R4C7A.D1 core/engine/un1_memory_op_1dup
CTOF_DEL    ---     0.495       R4C7A.D1 to       R4C7A.F1 core/engine/SLICE_252
ROUTE         3     1.309       R4C7A.F1 to       R7C6B.C1 core/engine/un1_bus_fault_2dup
CTOOFX_DEL  ---     0.721       R7C6B.C1 to     R7C6B.OFX0 core/engine/seq/predicates_pmux_6/SLICE_179
ROUTE         1     0.958     R7C6B.OFX0 to       R7C8D.D0 core/engine/seq/N_170
CTOF_DEL    ---     0.495       R7C8D.D0 to       R7C8D.F0 core/engine/SLICE_248
ROUTE         1     1.460       R7C8D.F0 to      R8C13C.D1 core/engine/seq/condition
CTOOFX_DEL  ---     0.721      R8C13C.D1 to    R8C13C.OFX0 core/engine/seq/condition_RNI6AT755/SLICE_183
ROUTE        10     1.267    R8C13C.OFX0 to       R8C8C.D1 core/engine/seq/next_address_sn_N_25
CTOOFX_DEL  ---     0.721       R8C8C.D1 to     R8C8C.OFX0 core/engine/seq/SLICE_169
ROUTE         5     1.841     R8C8C.OFX0 to *R_R6C14.ADA12 core/engine/next_address[9] (to clk_c)
                  --------
                   16.174   (29.6% logic, 70.4% route), 7 logic levels.

Unconstrained Preference:
   INPUT_SETUP PORT "reset" CLKPORT "clk" 

Report:   16.148ns delay reset to core/engine/rom/lane_3 (16.174ns delay and -0.026ns setup)

   Name    Fanout   Delay (ns)          Site               Resource
PADI_DEL    ---     1.132          4.PAD to        4.PADDI reset
ROUTE       158     3.386        4.PADDI to      R10C6D.A1 reset_c
CTOF_DEL    ---     0.495      R10C6D.A1 to      R10C6D.F1 core/engine/SLICE_379
ROUTE         1     1.173      R10C6D.F1 to       R4C7A.D1 core/engine/un1_memory_op_1dup
CTOF_DEL    ---     0.495       R4C7A.D1 to       R4C7A.F1 core/engine/SLICE_252
ROUTE         3     1.309       R4C7A.F1 to       R7C6B.C1 core/engine/un1_bus_fault_2dup
CTOOFX_DEL  ---     0.721       R7C6B.C1 to     R7C6B.OFX0 core/engine/seq/predicates_pmux_6/SLICE_179
ROUTE         1     0.958     R7C6B.OFX0 to       R7C8D.D0 core/engine/seq/N_170
CTOF_DEL    ---     0.495       R7C8D.D0 to       R7C8D.F0 core/engine/SLICE_248
ROUTE         1     1.460       R7C8D.F0 to      R8C13C.D1 core/engine/seq/condition
CTOOFX_DEL  ---     0.721      R8C13C.D1 to    R8C13C.OFX0 core/engine/seq/condition_RNI6AT755/SLICE_183
ROUTE        10     1.267    R8C13C.OFX0 to       R8C9A.D1 core/engine/seq/next_address_sn_N_25
CTOOFX_DEL  ---     0.721       R8C9A.D1 to     R8C9A.OFX0 core/engine/seq/SLICE_161
ROUTE         5     1.841     R8C9A.OFX0 to EBR_R6C14.ADA4 core/engine/next_address[1] (to clk_c)
                  --------
                   16.174   (29.6% logic, 70.4% route), 7 logic levels.

Unconstrained Preference:
   INPUT_SETUP PORT "reset" CLKPORT "clk" 

Report:   16.115ns delay reset to core/engine/rom/lane_0 (16.141ns delay and -0.026ns setup)

   Name    Fanout   Delay (ns)          Site               Resource
PADI_DEL    ---     1.132          4.PAD to        4.PADDI reset
ROUTE       158     3.386        4.PADDI to      R10C6D.A1 reset_c
CTOF_DEL    ---     0.495      R10C6D.A1 to      R10C6D.F1 core/engine/SLICE_379
ROUTE         1     1.173      R10C6D.F1 to       R4C7A.D1 core/engine/un1_memory_op_1dup
CTOF_DEL    ---     0.495       R4C7A.D1 to       R4C7A.F1 core/engine/SLICE_252
ROUTE         3     1.309       R4C7A.F1 to       R7C6B.C1 core/engine/un1_bus_fault_2dup
CTOOFX_DEL  ---     0.721       R7C6B.C1 to     R7C6B.OFX0 core/engine/seq/predicates_pmux_6/SLICE_179
ROUTE         1     0.958     R7C6B.OFX0 to       R7C8D.D0 core/engine/seq/N_170
CTOF_DEL    ---     0.495       R7C8D.D0 to       R7C8D.F0 core/engine/SLICE_248
ROUTE         1     1.460       R7C8D.F0 to      R8C13C.D1 core/engine/seq/condition
CTOOFX_DEL  ---     0.721      R8C13C.D1 to    R8C13C.OFX0 core/engine/seq/condition_RNI6AT755/SLICE_183
ROUTE        10     0.723    R8C13C.OFX0 to      R8C13B.D1 core/engine/seq/next_address_sn_N_25
CTOOFX_DEL  ---     0.721      R8C13B.D1 to    R8C13B.OFX0 core/engine/seq/SLICE_167
ROUTE         5     2.352    R8C13B.OFX0 to EBR_R6C4.ADA10 core/engine/next_address[7] (to clk_c)
                  --------
                   16.141   (29.6% logic, 70.4% route), 7 logic levels.

Unconstrained Preference:
   INPUT_SETUP PORT "reset" CLKPORT "clk" 

Report:   16.108ns delay reset to core/engine/rom/lane_3 (16.134ns delay and -0.026ns setup)

   Name    Fanout   Delay (ns)          Site               Resource
PADI_DEL    ---     1.132          4.PAD to        4.PADDI reset
ROUTE       158     3.386        4.PADDI to      R10C6D.A1 reset_c
CTOF_DEL    ---     0.495      R10C6D.A1 to      R10C6D.F1 core/engine/SLICE_379
ROUTE         1     1.173      R10C6D.F1 to       R4C7A.D1 core/engine/un1_memory_op_1dup
CTOF_DEL    ---     0.495       R4C7A.D1 to       R4C7A.F1 core/engine/SLICE_252
ROUTE         3     1.309       R4C7A.F1 to       R7C6B.C1 core/engine/un1_bus_fault_2dup
CTOOFX_DEL  ---     0.721       R7C6B.C1 to     R7C6B.OFX0 core/engine/seq/predicates_pmux_6/SLICE_179
ROUTE         1     0.958     R7C6B.OFX0 to       R7C8D.D0 core/engine/seq/N_170
CTOF_DEL    ---     0.495       R7C8D.D0 to       R7C8D.F0 core/engine/SLICE_248
ROUTE         1     1.460       R7C8D.F0 to      R8C13C.D1 core/engine/seq/condition
CTOOFX_DEL  ---     0.721      R8C13C.D1 to    R8C13C.OFX0 core/engine/seq/condition_RNI6AT755/SLICE_183
ROUTE        10     1.267    R8C13C.OFX0 to       R8C9D.D1 core/engine/seq/next_address_sn_N_25
CTOOFX_DEL  ---     0.721       R8C9D.D1 to     R8C9D.OFX0 core/engine/seq/SLICE_166
ROUTE         5     1.801     R8C9D.OFX0 to EBR_R6C14.ADA9 core/engine/next_address[6] (to clk_c)
                  --------
                   16.134   (29.6% logic, 70.4% route), 7 logic levels.

Unconstrained Preference:
   INPUT_SETUP PORT "reset" CLKPORT "clk" 

Report:   16.104ns delay reset to core/engine/rom/lane_2 (16.130ns delay and -0.026ns setup)

   Name    Fanout   Delay (ns)          Site               Resource
PADI_DEL    ---     1.132          4.PAD to        4.PADDI reset
ROUTE       158     3.386        4.PADDI to      R10C6D.A1 reset_c
CTOF_DEL    ---     0.495      R10C6D.A1 to      R10C6D.F1 core/engine/SLICE_379
ROUTE         1     1.173      R10C6D.F1 to       R4C7A.D1 core/engine/un1_memory_op_1dup
CTOF_DEL    ---     0.495       R4C7A.D1 to       R4C7A.F1 core/engine/SLICE_252
ROUTE         3     1.309       R4C7A.F1 to       R7C6B.C1 core/engine/un1_bus_fault_2dup
CTOOFX_DEL  ---     0.721       R7C6B.C1 to     R7C6B.OFX0 core/engine/seq/predicates_pmux_6/SLICE_179
ROUTE         1     0.958     R7C6B.OFX0 to       R7C8D.D0 core/engine/seq/N_170
CTOF_DEL    ---     0.495       R7C8D.D0 to       R7C8D.F0 core/engine/SLICE_248
ROUTE         1     1.460       R7C8D.F0 to      R8C13C.D1 core/engine/seq/condition
CTOOFX_DEL  ---     0.721      R8C13C.D1 to    R8C13C.OFX0 core/engine/seq/condition_RNI6AT755/SLICE_183
ROUTE        10     1.387    R8C13C.OFX0 to       R7C7C.D1 core/engine/seq/next_address_sn_N_25
CTOOFX_DEL  ---     0.721       R7C7C.D1 to     R7C7C.OFX0 core/engine/seq/SLICE_164
ROUTE         5     1.677     R7C7C.OFX0 to EBR_R6C10.ADA7 core/engine/next_address[4] (to clk_c)
                  --------
                   16.130   (29.6% logic, 70.4% route), 7 logic levels.

Unconstrained Preference:
   INPUT_SETUP PORT "reset" CLKPORT "clk" 

Report:   15.987ns delay reset to core/engine/rom/lane_1 (16.013ns delay and -0.026ns setup)

   Name    Fanout   Delay (ns)          Site               Resource
PADI_DEL    ---     1.132          4.PAD to        4.PADDI reset
ROUTE       158     3.386        4.PADDI to      R10C6D.A1 reset_c
CTOF_DEL    ---     0.495      R10C6D.A1 to      R10C6D.F1 core/engine/SLICE_379
ROUTE         1     1.173      R10C6D.F1 to       R4C7A.D1 core/engine/un1_memory_op_1dup
CTOF_DEL    ---     0.495       R4C7A.D1 to       R4C7A.F1 core/engine/SLICE_252
ROUTE         3     1.309       R4C7A.F1 to       R7C6B.C1 core/engine/un1_bus_fault_2dup
CTOOFX_DEL  ---     0.721       R7C6B.C1 to     R7C6B.OFX0 core/engine/seq/predicates_pmux_6/SLICE_179
ROUTE         1     0.958     R7C6B.OFX0 to       R7C8D.D0 core/engine/seq/N_170
CTOF_DEL    ---     0.495       R7C8D.D0 to       R7C8D.F0 core/engine/SLICE_248
ROUTE         1     1.460       R7C8D.F0 to      R8C13C.D1 core/engine/seq/condition
CTOOFX_DEL  ---     0.721      R8C13C.D1 to    R8C13C.OFX0 core/engine/seq/condition_RNI6AT755/SLICE_183
ROUTE        10     1.542    R8C13C.OFX0 to       R8C7A.D1 core/engine/seq/next_address_sn_N_25
CTOOFX_DEL  ---     0.721       R8C7A.D1 to     R8C7A.OFX0 core/engine/seq/SLICE_162
ROUTE         5     1.405     R8C7A.OFX0 to  EBR_R6C7.ADA5 core/engine/next_address[2] (to clk_c)
                  --------
                   16.013   (29.9% logic, 70.1% route), 7 logic levels.

Unconstrained Preference:
   INPUT_SETUP PORT "reset" CLKPORT "clk" 

Report:   15.985ns delay reset to core/engine/rom/lane_2 (16.011ns delay and -0.026ns setup)

   Name    Fanout   Delay (ns)          Site               Resource
PADI_DEL    ---     1.132          4.PAD to        4.PADDI reset
ROUTE       158     3.386        4.PADDI to      R10C6D.A1 reset_c
CTOF_DEL    ---     0.495      R10C6D.A1 to      R10C6D.F1 core/engine/SLICE_379
ROUTE         1     1.173      R10C6D.F1 to       R4C7A.D1 core/engine/un1_memory_op_1dup
CTOF_DEL    ---     0.495       R4C7A.D1 to       R4C7A.F1 core/engine/SLICE_252
ROUTE         3     1.309       R4C7A.F1 to       R7C6B.C1 core/engine/un1_bus_fault_2dup
CTOOFX_DEL  ---     0.721       R7C6B.C1 to     R7C6B.OFX0 core/engine/seq/predicates_pmux_6/SLICE_179
ROUTE         1     0.958     R7C6B.OFX0 to       R7C8D.D0 core/engine/seq/N_170
CTOF_DEL    ---     0.495       R7C8D.D0 to       R7C8D.F0 core/engine/SLICE_248
ROUTE         1     1.460       R7C8D.F0 to      R8C13C.D1 core/engine/seq/condition
CTOOFX_DEL  ---     0.721      R8C13C.D1 to    R8C13C.OFX0 core/engine/seq/condition_RNI6AT755/SLICE_183
ROUTE        10     1.267    R8C13C.OFX0 to       R8C9D.D1 core/engine/seq/next_address_sn_N_25
CTOOFX_DEL  ---     0.721       R8C9D.D1 to     R8C9D.OFX0 core/engine/seq/SLICE_166
ROUTE         5     1.678     R8C9D.OFX0 to EBR_R6C10.ADA9 core/engine/next_address[6] (to clk_c)
                  --------
                   16.011   (29.9% logic, 70.1% route), 7 logic levels.

Unconstrained Preference:
   INPUT_SETUP PORT "reset" CLKPORT "clk" 

Report:   15.985ns delay reset to core/engine/rom/lane_1 (16.011ns delay and -0.026ns setup)

   Name    Fanout   Delay (ns)          Site               Resource
PADI_DEL    ---     1.132          4.PAD to        4.PADDI reset
ROUTE       158     3.386        4.PADDI to      R10C6D.A1 reset_c
CTOF_DEL    ---     0.495      R10C6D.A1 to      R10C6D.F1 core/engine/SLICE_379
ROUTE         1     1.173      R10C6D.F1 to       R4C7A.D1 core/engine/un1_memory_op_1dup
CTOF_DEL    ---     0.495       R4C7A.D1 to       R4C7A.F1 core/engine/SLICE_252
ROUTE         3     1.309       R4C7A.F1 to       R7C6B.C1 core/engine/un1_bus_fault_2dup
CTOOFX_DEL  ---     0.721       R7C6B.C1 to     R7C6B.OFX0 core/engine/seq/predicates_pmux_6/SLICE_179
ROUTE         1     0.958     R7C6B.OFX0 to       R7C8D.D0 core/engine/seq/N_170
CTOF_DEL    ---     0.495       R7C8D.D0 to       R7C8D.F0 core/engine/SLICE_248
ROUTE         1     1.460       R7C8D.F0 to      R8C13C.D1 core/engine/seq/condition
CTOOFX_DEL  ---     0.721      R8C13C.D1 to    R8C13C.OFX0 core/engine/seq/condition_RNI6AT755/SLICE_183
ROUTE        10     1.267    R8C13C.OFX0 to       R8C9D.D1 core/engine/seq/next_address_sn_N_25
CTOOFX_DEL  ---     0.721       R8C9D.D1 to     R8C9D.OFX0 core/engine/seq/SLICE_166
ROUTE         5     1.678     R8C9D.OFX0 to  EBR_R6C7.ADA9 core/engine/next_address[6] (to clk_c)
                  --------
                   16.011   (29.9% logic, 70.1% route), 7 logic levels.

Unconstrained Preference:
   INPUT_SETUP PORT "reset" CLKPORT "clk" 

Report:   15.959ns delay reset to core/engine/rom/lane_1 (15.985ns delay and -0.026ns setup)

   Name    Fanout   Delay (ns)          Site               Resource
PADI_DEL    ---     1.132          4.PAD to        4.PADDI reset
ROUTE       158     3.386        4.PADDI to      R10C6D.A1 reset_c
CTOF_DEL    ---     0.495      R10C6D.A1 to      R10C6D.F1 core/engine/SLICE_379
ROUTE         1     1.173      R10C6D.F1 to       R4C7A.D1 core/engine/un1_memory_op_1dup
CTOF_DEL    ---     0.495       R4C7A.D1 to       R4C7A.F1 core/engine/SLICE_252
ROUTE         3     1.309       R4C7A.F1 to       R7C6B.C1 core/engine/un1_bus_fault_2dup
CTOOFX_DEL  ---     0.721       R7C6B.C1 to     R7C6B.OFX0 core/engine/seq/predicates_pmux_6/SLICE_179
ROUTE         1     0.958     R7C6B.OFX0 to       R7C8D.D0 core/engine/seq/N_170
CTOF_DEL    ---     0.495       R7C8D.D0 to       R7C8D.F0 core/engine/SLICE_248
ROUTE         1     1.460       R7C8D.F0 to      R8C13C.D1 core/engine/seq/condition
CTOOFX_DEL  ---     0.721      R8C13C.D1 to    R8C13C.OFX0 core/engine/seq/condition_RNI6AT755/SLICE_183
ROUTE        10     1.097    R8C13C.OFX0 to      R8C12C.B1 core/engine/seq/next_address_sn_N_25
CTOOFX_DEL  ---     0.721      R8C12C.B1 to    R8C12C.OFX0 core/engine/seq/SLICE_163
ROUTE         5     1.822    R8C12C.OFX0 to  EBR_R6C7.ADA6 core/engine/next_address[3] (to clk_c)
                  --------
                   15.985   (29.9% logic, 70.1% route), 7 logic levels.

Unconstrained Preference:
   INPUT_SETUP PORT "reset" CLKPORT "clk" 

Report:   15.959ns delay reset to core/engine/rom/lane_0 (15.985ns delay and -0.026ns setup)

   Name    Fanout   Delay (ns)          Site               Resource
PADI_DEL    ---     1.132          4.PAD to        4.PADDI reset
ROUTE       158     3.386        4.PADDI to      R10C6D.A1 reset_c
CTOF_DEL    ---     0.495      R10C6D.A1 to      R10C6D.F1 core/engine/SLICE_379
ROUTE         1     1.173      R10C6D.F1 to       R4C7A.D1 core/engine/un1_memory_op_1dup
CTOF_DEL    ---     0.495       R4C7A.D1 to       R4C7A.F1 core/engine/SLICE_252
ROUTE         3     1.309       R4C7A.F1 to       R7C6B.C1 core/engine/un1_bus_fault_2dup
CTOOFX_DEL  ---     0.721       R7C6B.C1 to     R7C6B.OFX0 core/engine/seq/predicates_pmux_6/SLICE_179
ROUTE         1     0.958     R7C6B.OFX0 to       R7C8D.D0 core/engine/seq/N_170
CTOF_DEL    ---     0.495       R7C8D.D0 to       R7C8D.F0 core/engine/SLICE_248
ROUTE         1     1.460       R7C8D.F0 to      R8C13C.D1 core/engine/seq/condition
CTOOFX_DEL  ---     0.721      R8C13C.D1 to    R8C13C.OFX0 core/engine/seq/condition_RNI6AT755/SLICE_183
ROUTE        10     1.097    R8C13C.OFX0 to      R8C12C.B1 core/engine/seq/next_address_sn_N_25
CTOOFX_DEL  ---     0.721      R8C12C.B1 to    R8C12C.OFX0 core/engine/seq/SLICE_163
ROUTE         5     1.822    R8C12C.OFX0 to  EBR_R6C4.ADA6 core/engine/next_address[3] (to clk_c)
                  --------
                   15.985   (29.9% logic, 70.1% route), 7 logic levels.

Unconstrained Preference:
   INPUT_SETUP PORT "reset" CLKPORT "clk" 

Report:   15.845ns delay reset to core/engine/rom/lane_2 (15.871ns delay and -0.026ns setup)

   Name    Fanout   Delay (ns)          Site               Resource
PADI_DEL    ---     1.132          4.PAD to        4.PADDI reset
ROUTE       158     3.386        4.PADDI to      R10C6D.A1 reset_c
CTOF_DEL    ---     0.495      R10C6D.A1 to      R10C6D.F1 core/engine/SLICE_379
ROUTE         1     1.173      R10C6D.F1 to       R4C7A.D1 core/engine/un1_memory_op_1dup
CTOF_DEL    ---     0.495       R4C7A.D1 to       R4C7A.F1 core/engine/SLICE_252
ROUTE         3     1.309       R4C7A.F1 to       R7C6B.C1 core/engine/un1_bus_fault_2dup
CTOOFX_DEL  ---     0.721       R7C6B.C1 to     R7C6B.OFX0 core/engine/seq/predicates_pmux_6/SLICE_179
ROUTE         1     0.958     R7C6B.OFX0 to       R7C8D.D0 core/engine/seq/N_170
CTOF_DEL    ---     0.495       R7C8D.D0 to       R7C8D.F0 core/engine/SLICE_248
ROUTE         1     1.460       R7C8D.F0 to      R8C13C.D1 core/engine/seq/condition
CTOOFX_DEL  ---     0.721      R8C13C.D1 to    R8C13C.OFX0 core/engine/seq/condition_RNI6AT755/SLICE_183
ROUTE        10     1.267    R8C13C.OFX0 to       R8C8C.D1 core/engine/seq/next_address_sn_N_25
CTOOFX_DEL  ---     0.721       R8C8C.D1 to     R8C8C.OFX0 core/engine/seq/SLICE_169
ROUTE         5     1.538     R8C8C.OFX0 to *R_R6C10.ADA12 core/engine/next_address[9] (to clk_c)
                  --------
                   15.871   (30.1% logic, 69.9% route), 7 logic levels.

Unconstrained Preference:
   INPUT_SETUP PORT "reset" CLKPORT "clk" 

Report:   15.845ns delay reset to core/engine/rom/lane_2 (15.871ns delay and -0.026ns setup)

   Name    Fanout   Delay (ns)          Site               Resource
PADI_DEL    ---     1.132          4.PAD to        4.PADDI reset
ROUTE       158     3.386        4.PADDI to      R10C6D.A1 reset_c
CTOF_DEL    ---     0.495      R10C6D.A1 to      R10C6D.F1 core/engine/SLICE_379
ROUTE         1     1.173      R10C6D.F1 to       R4C7A.D1 core/engine/un1_memory_op_1dup
CTOF_DEL    ---     0.495       R4C7A.D1 to       R4C7A.F1 core/engine/SLICE_252
ROUTE         3     1.309       R4C7A.F1 to       R7C6B.C1 core/engine/un1_bus_fault_2dup
CTOOFX_DEL  ---     0.721       R7C6B.C1 to     R7C6B.OFX0 core/engine/seq/predicates_pmux_6/SLICE_179
ROUTE         1     0.958     R7C6B.OFX0 to       R7C8D.D0 core/engine/seq/N_170
CTOF_DEL    ---     0.495       R7C8D.D0 to       R7C8D.F0 core/engine/SLICE_248
ROUTE         1     1.460       R7C8D.F0 to      R8C13C.D1 core/engine/seq/condition
CTOOFX_DEL  ---     0.721      R8C13C.D1 to    R8C13C.OFX0 core/engine/seq/condition_RNI6AT755/SLICE_183
ROUTE        10     1.267    R8C13C.OFX0 to       R8C9A.D1 core/engine/seq/next_address_sn_N_25
CTOOFX_DEL  ---     0.721       R8C9A.D1 to     R8C9A.OFX0 core/engine/seq/SLICE_161
ROUTE         5     1.538     R8C9A.OFX0 to EBR_R6C10.ADA4 core/engine/next_address[1] (to clk_c)
                  --------
                   15.871   (30.1% logic, 69.9% route), 7 logic levels.

Unconstrained Preference:
   INPUT_SETUP PORT "reset" CLKPORT "clk" 

Report:   15.845ns delay reset to core/engine/rom/lane_0 (15.871ns delay and -0.026ns setup)

   Name    Fanout   Delay (ns)          Site               Resource
PADI_DEL    ---     1.132          4.PAD to        4.PADDI reset
ROUTE       158     3.386        4.PADDI to      R10C6D.A1 reset_c
CTOF_DEL    ---     0.495      R10C6D.A1 to      R10C6D.F1 core/engine/SLICE_379
ROUTE         1     1.173      R10C6D.F1 to       R4C7A.D1 core/engine/un1_memory_op_1dup
CTOF_DEL    ---     0.495       R4C7A.D1 to       R4C7A.F1 core/engine/SLICE_252
ROUTE         3     1.309       R4C7A.F1 to       R7C6B.C1 core/engine/un1_bus_fault_2dup
CTOOFX_DEL  ---     0.721       R7C6B.C1 to     R7C6B.OFX0 core/engine/seq/predicates_pmux_6/SLICE_179
ROUTE         1     0.958     R7C6B.OFX0 to       R7C8D.D0 core/engine/seq/N_170
CTOF_DEL    ---     0.495       R7C8D.D0 to       R7C8D.F0 core/engine/SLICE_248
ROUTE         1     1.460       R7C8D.F0 to      R8C13C.D1 core/engine/seq/condition
CTOOFX_DEL  ---     0.721      R8C13C.D1 to    R8C13C.OFX0 core/engine/seq/condition_RNI6AT755/SLICE_183
ROUTE        10     1.267    R8C13C.OFX0 to       R8C9A.D1 core/engine/seq/next_address_sn_N_25
CTOOFX_DEL  ---     0.721       R8C9A.D1 to     R8C9A.OFX0 core/engine/seq/SLICE_161
ROUTE         5     1.538     R8C9A.OFX0 to  EBR_R6C4.ADA4 core/engine/next_address[1] (to clk_c)
                  --------
                   15.871   (30.1% logic, 69.9% route), 7 logic levels.

Unconstrained Preference:
   INPUT_SETUP PORT "reset" CLKPORT "clk" 

Report:   15.845ns delay reset to core/engine/rom/lane_0 (15.871ns delay and -0.026ns setup)

   Name    Fanout   Delay (ns)          Site               Resource
PADI_DEL    ---     1.132          4.PAD to        4.PADDI reset
ROUTE       158     3.386        4.PADDI to      R10C6D.A1 reset_c
CTOF_DEL    ---     0.495      R10C6D.A1 to      R10C6D.F1 core/engine/SLICE_379
ROUTE         1     1.173      R10C6D.F1 to       R4C7A.D1 core/engine/un1_memory_op_1dup
CTOF_DEL    ---     0.495       R4C7A.D1 to       R4C7A.F1 core/engine/SLICE_252
ROUTE         3     1.309       R4C7A.F1 to       R7C6B.C1 core/engine/un1_bus_fault_2dup
CTOOFX_DEL  ---     0.721       R7C6B.C1 to     R7C6B.OFX0 core/engine/seq/predicates_pmux_6/SLICE_179
ROUTE         1     0.958     R7C6B.OFX0 to       R7C8D.D0 core/engine/seq/N_170
CTOF_DEL    ---     0.495       R7C8D.D0 to       R7C8D.F0 core/engine/SLICE_248
ROUTE         1     1.460       R7C8D.F0 to      R8C13C.D1 core/engine/seq/condition
CTOOFX_DEL  ---     0.721      R8C13C.D1 to    R8C13C.OFX0 core/engine/seq/condition_RNI6AT755/SLICE_183
ROUTE        10     1.267    R8C13C.OFX0 to       R8C8C.D1 core/engine/seq/next_address_sn_N_25
CTOOFX_DEL  ---     0.721       R8C8C.D1 to     R8C8C.OFX0 core/engine/seq/SLICE_169
ROUTE         5     1.538     R8C8C.OFX0 to EBR_R6C4.ADA12 core/engine/next_address[9] (to clk_c)
                  --------
                   15.871   (30.1% logic, 69.9% route), 7 logic levels.

Unconstrained Preference:
   INPUT_SETUP PORT "reset" CLKPORT "clk" 

Report:   15.839ns delay reset to core/engine/rom/lane_0 (15.865ns delay and -0.026ns setup)

   Name    Fanout   Delay (ns)          Site               Resource
PADI_DEL    ---     1.132          4.PAD to        4.PADDI reset
ROUTE       158     3.386        4.PADDI to      R10C6D.A1 reset_c
CTOF_DEL    ---     0.495      R10C6D.A1 to      R10C6D.F1 core/engine/SLICE_379
ROUTE         1     1.173      R10C6D.F1 to       R4C7A.D1 core/engine/un1_memory_op_1dup
CTOF_DEL    ---     0.495       R4C7A.D1 to       R4C7A.F1 core/engine/SLICE_252
ROUTE         3     1.309       R4C7A.F1 to       R7C6B.C1 core/engine/un1_bus_fault_2dup
CTOOFX_DEL  ---     0.721       R7C6B.C1 to     R7C6B.OFX0 core/engine/seq/predicates_pmux_6/SLICE_179
ROUTE         1     0.958     R7C6B.OFX0 to       R7C8D.D0 core/engine/seq/N_170
CTOF_DEL    ---     0.495       R7C8D.D0 to       R7C8D.F0 core/engine/SLICE_248
ROUTE         1     1.460       R7C8D.F0 to      R8C13C.D1 core/engine/seq/condition
CTOOFX_DEL  ---     0.721      R8C13C.D1 to    R8C13C.OFX0 core/engine/seq/condition_RNI6AT755/SLICE_183
ROUTE        10     1.542    R8C13C.OFX0 to       R8C7A.D1 core/engine/seq/next_address_sn_N_25
CTOOFX_DEL  ---     0.721       R8C7A.D1 to     R8C7A.OFX0 core/engine/seq/SLICE_162
ROUTE         5     1.257     R8C7A.OFX0 to  EBR_R6C4.ADA5 core/engine/next_address[2] (to clk_c)
                  --------
                   15.865   (30.1% logic, 69.9% route), 7 logic levels.

Unconstrained Preference:
   INPUT_SETUP PORT "reset" CLKPORT "clk" 

Report:   15.807ns delay reset to core/engine/rom/lane_2 (15.833ns delay and -0.026ns setup)

   Name    Fanout   Delay (ns)          Site               Resource
PADI_DEL    ---     1.132          4.PAD to        4.PADDI reset
ROUTE       158     3.386        4.PADDI to      R10C6D.A1 reset_c
CTOF_DEL    ---     0.495      R10C6D.A1 to      R10C6D.F1 core/engine/SLICE_379
ROUTE         1     1.173      R10C6D.F1 to       R4C7A.D1 core/engine/un1_memory_op_1dup
CTOF_DEL    ---     0.495       R4C7A.D1 to       R4C7A.F1 core/engine/SLICE_252
ROUTE         3     1.309       R4C7A.F1 to       R7C6B.C1 core/engine/un1_bus_fault_2dup
CTOOFX_DEL  ---     0.721       R7C6B.C1 to     R7C6B.OFX0 core/engine/seq/predicates_pmux_6/SLICE_179
ROUTE         1     0.958     R7C6B.OFX0 to       R7C8D.D0 core/engine/seq/N_170
CTOF_DEL    ---     0.495       R7C8D.D0 to       R7C8D.F0 core/engine/SLICE_248
ROUTE         1     1.460       R7C8D.F0 to      R8C13C.D1 core/engine/seq/condition
CTOOFX_DEL  ---     0.721      R8C13C.D1 to    R8C13C.OFX0 core/engine/seq/condition_RNI6AT755/SLICE_183
ROUTE        10     1.097    R8C13C.OFX0 to      R8C12C.B1 core/engine/seq/next_address_sn_N_25
CTOOFX_DEL  ---     0.721      R8C12C.B1 to    R8C12C.OFX0 core/engine/seq/SLICE_163
ROUTE         5     1.670    R8C12C.OFX0 to EBR_R6C10.ADA6 core/engine/next_address[3] (to clk_c)
                  --------
                   15.833   (30.2% logic, 69.8% route), 7 logic levels.

Unconstrained Preference:
   INPUT_SETUP PORT "reset" CLKPORT "clk" 

Report:   15.758ns delay reset to core/engine/rom/lane_0 (15.784ns delay and -0.026ns setup)

   Name    Fanout   Delay (ns)          Site               Resource
PADI_DEL    ---     1.132          4.PAD to        4.PADDI reset
ROUTE       158     3.386        4.PADDI to      R10C6D.A1 reset_c
CTOF_DEL    ---     0.495      R10C6D.A1 to      R10C6D.F1 core/engine/SLICE_379
ROUTE         1     1.173      R10C6D.F1 to       R4C7A.D1 core/engine/un1_memory_op_1dup
CTOF_DEL    ---     0.495       R4C7A.D1 to       R4C7A.F1 core/engine/SLICE_252
ROUTE         3     1.309       R4C7A.F1 to       R7C6B.C1 core/engine/un1_bus_fault_2dup
CTOOFX_DEL  ---     0.721       R7C6B.C1 to     R7C6B.OFX0 core/engine/seq/predicates_pmux_6/SLICE_179
ROUTE         1     0.958     R7C6B.OFX0 to       R7C8D.D0 core/engine/seq/N_170
CTOF_DEL    ---     0.495       R7C8D.D0 to       R7C8D.F0 core/engine/SLICE_248
ROUTE         1     1.460       R7C8D.F0 to      R8C13C.D1 core/engine/seq/condition
CTOOFX_DEL  ---     0.721      R8C13C.D1 to    R8C13C.OFX0 core/engine/seq/condition_RNI6AT755/SLICE_183
ROUTE        10     1.387    R8C13C.OFX0 to       R7C7C.D1 core/engine/seq/next_address_sn_N_25
CTOOFX_DEL  ---     0.721       R7C7C.D1 to     R7C7C.OFX0 core/engine/seq/SLICE_164
ROUTE         5     1.331     R7C7C.OFX0 to  EBR_R6C4.ADA7 core/engine/next_address[4] (to clk_c)
                  --------
                   15.784   (30.3% logic, 69.7% route), 7 logic levels.

Unconstrained Preference:
   INPUT_SETUP PORT "reset" CLKPORT "clk" 

Report:   15.751ns delay reset to core/engine/rom/lane_1 (15.777ns delay and -0.026ns setup)

   Name    Fanout   Delay (ns)          Site               Resource
PADI_DEL    ---     1.132          4.PAD to        4.PADDI reset
ROUTE       158     3.386        4.PADDI to      R10C6D.A1 reset_c
CTOF_DEL    ---     0.495      R10C6D.A1 to      R10C6D.F1 core/engine/SLICE_379
ROUTE         1     1.173      R10C6D.F1 to       R4C7A.D1 core/engine/un1_memory_op_1dup
CTOF_DEL    ---     0.495       R4C7A.D1 to       R4C7A.F1 core/engine/SLICE_252
ROUTE         3     1.309       R4C7A.F1 to       R7C6B.C1 core/engine/un1_bus_fault_2dup
CTOOFX_DEL  ---     0.721       R7C6B.C1 to     R7C6B.OFX0 core/engine/seq/predicates_pmux_6/SLICE_179
ROUTE         1     0.958     R7C6B.OFX0 to       R7C8D.D0 core/engine/seq/N_170
CTOF_DEL    ---     0.495       R7C8D.D0 to       R7C8D.F0 core/engine/SLICE_248
ROUTE         1     1.460       R7C8D.F0 to      R8C13C.D1 core/engine/seq/condition
CTOOFX_DEL  ---     0.721      R8C13C.D1 to    R8C13C.OFX0 core/engine/seq/condition_RNI6AT755/SLICE_183
ROUTE        10     1.753    R8C13C.OFX0 to       R8C7C.D1 core/engine/seq/next_address_sn_N_25
CTOOFX_DEL  ---     0.721       R8C7C.D1 to     R8C7C.OFX0 core/engine/seq/SLICE_160
ROUTE         5     0.958     R8C7C.OFX0 to  EBR_R6C7.ADA3 core/engine/next_address[0] (to clk_c)
                  --------
                   15.777   (30.3% logic, 69.7% route), 7 logic levels.

Unconstrained Preference:
   INPUT_SETUP PORT "reset" CLKPORT "clk" 

Report:   15.701ns delay reset to core/engine/rom/lane_0 (15.727ns delay and -0.026ns setup)

   Name    Fanout   Delay (ns)          Site               Resource
PADI_DEL    ---     1.132          4.PAD to        4.PADDI reset
ROUTE       158     3.386        4.PADDI to      R10C6D.A1 reset_c
CTOF_DEL    ---     0.495      R10C6D.A1 to      R10C6D.F1 core/engine/SLICE_379
ROUTE         1     1.173      R10C6D.F1 to       R4C7A.D1 core/engine/un1_memory_op_1dup
CTOF_DEL    ---     0.495       R4C7A.D1 to       R4C7A.F1 core/engine/SLICE_252
ROUTE         3     1.309       R4C7A.F1 to       R7C6B.C1 core/engine/un1_bus_fault_2dup
CTOOFX_DEL  ---     0.721       R7C6B.C1 to     R7C6B.OFX0 core/engine/seq/predicates_pmux_6/SLICE_179
ROUTE         1     0.958     R7C6B.OFX0 to       R7C8D.D0 core/engine/seq/N_170
CTOF_DEL    ---     0.495       R7C8D.D0 to       R7C8D.F0 core/engine/SLICE_248
ROUTE         1     1.460       R7C8D.F0 to      R8C13C.D1 core/engine/seq/condition
CTOOFX_DEL  ---     0.721      R8C13C.D1 to    R8C13C.OFX0 core/engine/seq/condition_RNI6AT755/SLICE_183
ROUTE        10     0.723    R8C13C.OFX0 to      R8C13A.D1 core/engine/seq/next_address_sn_N_25
CTOOFX_DEL  ---     0.721      R8C13A.D1 to    R8C13A.OFX0 core/engine/seq/SLICE_165
ROUTE         5     1.938    R8C13A.OFX0 to  EBR_R6C4.ADA8 core/engine/next_address[5] (to clk_c)
                  --------
                   15.727   (30.4% logic, 69.6% route), 7 logic levels.

Unconstrained Preference:
   INPUT_SETUP PORT "reset" CLKPORT "clk" 

Report:   15.679ns delay reset to core/engine/rom/lane_1 (15.705ns delay and -0.026ns setup)

   Name    Fanout   Delay (ns)          Site               Resource
PADI_DEL    ---     1.132          4.PAD to        4.PADDI reset
ROUTE       158     3.386        4.PADDI to      R10C6D.A1 reset_c
CTOF_DEL    ---     0.495      R10C6D.A1 to      R10C6D.F1 core/engine/SLICE_379
ROUTE         1     1.173      R10C6D.F1 to       R4C7A.D1 core/engine/un1_memory_op_1dup
CTOF_DEL    ---     0.495       R4C7A.D1 to       R4C7A.F1 core/engine/SLICE_252
ROUTE         3     1.309       R4C7A.F1 to       R7C6B.C1 core/engine/un1_bus_fault_2dup
CTOOFX_DEL  ---     0.721       R7C6B.C1 to     R7C6B.OFX0 core/engine/seq/predicates_pmux_6/SLICE_179
ROUTE         1     0.958     R7C6B.OFX0 to       R7C8D.D0 core/engine/seq/N_170
CTOF_DEL    ---     0.495       R7C8D.D0 to       R7C8D.F0 core/engine/SLICE_248
ROUTE         1     1.460       R7C8D.F0 to      R8C13C.D1 core/engine/seq/condition
CTOOFX_DEL  ---     0.721      R8C13C.D1 to    R8C13C.OFX0 core/engine/seq/condition_RNI6AT755/SLICE_183
ROUTE        10     0.723    R8C13C.OFX0 to      R8C13B.D1 core/engine/seq/next_address_sn_N_25
CTOOFX_DEL  ---     0.721      R8C13B.D1 to    R8C13B.OFX0 core/engine/seq/SLICE_167
ROUTE         5     1.916    R8C13B.OFX0 to EBR_R6C7.ADA10 core/engine/next_address[7] (to clk_c)
                  --------
                   15.705   (30.4% logic, 69.6% route), 7 logic levels.

Unconstrained Preference:
   INPUT_SETUP PORT "reset" CLKPORT "clk" 

Report:   15.677ns delay reset to core/engine/rom/lane_1 (15.703ns delay and -0.026ns setup)

   Name    Fanout   Delay (ns)          Site               Resource
PADI_DEL    ---     1.132          4.PAD to        4.PADDI reset
ROUTE       158     3.386        4.PADDI to      R10C6D.A1 reset_c
CTOF_DEL    ---     0.495      R10C6D.A1 to      R10C6D.F1 core/engine/SLICE_379
ROUTE         1     1.173      R10C6D.F1 to       R4C7A.D1 core/engine/un1_memory_op_1dup
CTOF_DEL    ---     0.495       R4C7A.D1 to       R4C7A.F1 core/engine/SLICE_252
ROUTE         3     1.309       R4C7A.F1 to       R7C6B.C1 core/engine/un1_bus_fault_2dup
CTOOFX_DEL  ---     0.721       R7C6B.C1 to     R7C6B.OFX0 core/engine/seq/predicates_pmux_6/SLICE_179
ROUTE         1     0.958     R7C6B.OFX0 to       R7C8D.D0 core/engine/seq/N_170
CTOF_DEL    ---     0.495       R7C8D.D0 to       R7C8D.F0 core/engine/SLICE_248
ROUTE         1     1.460       R7C8D.F0 to      R8C13C.D1 core/engine/seq/condition
CTOOFX_DEL  ---     0.721      R8C13C.D1 to    R8C13C.OFX0 core/engine/seq/condition_RNI6AT755/SLICE_183
ROUTE        10     1.387    R8C13C.OFX0 to       R7C7C.D1 core/engine/seq/next_address_sn_N_25
CTOOFX_DEL  ---     0.721       R7C7C.D1 to     R7C7C.OFX0 core/engine/seq/SLICE_164
ROUTE         5     1.250     R7C7C.OFX0 to  EBR_R6C7.ADA7 core/engine/next_address[4] (to clk_c)
                  --------
                   15.703   (30.4% logic, 69.6% route), 7 logic levels.

Unconstrained Preference:
   INPUT_SETUP PORT "reset" CLKPORT "clk" 

Report:   15.648ns delay reset to core/engine/rom/lane_3 (15.674ns delay and -0.026ns setup)

   Name    Fanout   Delay (ns)          Site               Resource
PADI_DEL    ---     1.132          4.PAD to        4.PADDI reset
ROUTE       158     3.386        4.PADDI to      R10C6D.A1 reset_c
CTOF_DEL    ---     0.495      R10C6D.A1 to      R10C6D.F1 core/engine/SLICE_379
ROUTE         1     1.173      R10C6D.F1 to       R4C7A.D1 core/engine/un1_memory_op_1dup
CTOF_DEL    ---     0.495       R4C7A.D1 to       R4C7A.F1 core/engine/SLICE_252
ROUTE         3     1.309       R4C7A.F1 to       R7C6B.C1 core/engine/un1_bus_fault_2dup
CTOOFX_DEL  ---     0.721       R7C6B.C1 to     R7C6B.OFX0 core/engine/seq/predicates_pmux_6/SLICE_179
ROUTE         1     0.958     R7C6B.OFX0 to       R7C8D.D0 core/engine/seq/N_170
CTOF_DEL    ---     0.495       R7C8D.D0 to       R7C8D.F0 core/engine/SLICE_248
ROUTE         1     1.460       R7C8D.F0 to      R8C13C.D1 core/engine/seq/condition
CTOOFX_DEL  ---     0.721      R8C13C.D1 to    R8C13C.OFX0 core/engine/seq/condition_RNI6AT755/SLICE_183
ROUTE        10     1.097    R8C13C.OFX0 to      R8C12C.B1 core/engine/seq/next_address_sn_N_25
CTOOFX_DEL  ---     0.721      R8C12C.B1 to    R8C12C.OFX0 core/engine/seq/SLICE_163
ROUTE         5     1.511    R8C12C.OFX0 to EBR_R6C14.ADA6 core/engine/next_address[3] (to clk_c)
                  --------
                   15.674   (30.5% logic, 69.5% route), 7 logic levels.

Unconstrained Preference:
   INPUT_SETUP PORT "reset" CLKPORT "clk" 

Report:   15.577ns delay reset to core/engine/rom/lane_1 (15.603ns delay and -0.026ns setup)

   Name    Fanout   Delay (ns)          Site               Resource
PADI_DEL    ---     1.132          4.PAD to        4.PADDI reset
ROUTE       158     3.386        4.PADDI to      R10C6D.A1 reset_c
CTOF_DEL    ---     0.495      R10C6D.A1 to      R10C6D.F1 core/engine/SLICE_379
ROUTE         1     1.173      R10C6D.F1 to       R4C7A.D1 core/engine/un1_memory_op_1dup
CTOF_DEL    ---     0.495       R4C7A.D1 to       R4C7A.F1 core/engine/SLICE_252
ROUTE         3     1.309       R4C7A.F1 to       R7C6B.C1 core/engine/un1_bus_fault_2dup
CTOOFX_DEL  ---     0.721       R7C6B.C1 to     R7C6B.OFX0 core/engine/seq/predicates_pmux_6/SLICE_179
ROUTE         1     0.958     R7C6B.OFX0 to       R7C8D.D0 core/engine/seq/N_170
CTOF_DEL    ---     0.495       R7C8D.D0 to       R7C8D.F0 core/engine/SLICE_248
ROUTE         1     1.460       R7C8D.F0 to      R8C13C.D1 core/engine/seq/condition
CTOOFX_DEL  ---     0.721      R8C13C.D1 to    R8C13C.OFX0 core/engine/seq/condition_RNI6AT755/SLICE_183
ROUTE        10     0.723    R8C13C.OFX0 to      R8C13A.D1 core/engine/seq/next_address_sn_N_25
CTOOFX_DEL  ---     0.721      R8C13A.D1 to    R8C13A.OFX0 core/engine/seq/SLICE_165
ROUTE         5     1.814    R8C13A.OFX0 to  EBR_R6C7.ADA8 core/engine/next_address[5] (to clk_c)
                  --------
                   15.603   (30.6% logic, 69.4% route), 7 logic levels.

Unconstrained Preference:
   INPUT_SETUP PORT "reset" CLKPORT "clk" 

Report:   15.577ns delay reset to core/engine/rom/lane_1 (15.603ns delay and -0.026ns setup)

   Name    Fanout   Delay (ns)          Site               Resource
PADI_DEL    ---     1.132          4.PAD to        4.PADDI reset
ROUTE       158     3.386        4.PADDI to      R10C6D.A1 reset_c
CTOF_DEL    ---     0.495      R10C6D.A1 to      R10C6D.F1 core/engine/SLICE_379
ROUTE         1     1.173      R10C6D.F1 to       R4C7A.D1 core/engine/un1_memory_op_1dup
CTOF_DEL    ---     0.495       R4C7A.D1 to       R4C7A.F1 core/engine/SLICE_252
ROUTE         3     1.309       R4C7A.F1 to       R7C6B.C1 core/engine/un1_bus_fault_2dup
CTOOFX_DEL  ---     0.721       R7C6B.C1 to     R7C6B.OFX0 core/engine/seq/predicates_pmux_6/SLICE_179
ROUTE         1     0.958     R7C6B.OFX0 to       R7C8D.D0 core/engine/seq/N_170
CTOF_DEL    ---     0.495       R7C8D.D0 to       R7C8D.F0 core/engine/SLICE_248
ROUTE         1     1.460       R7C8D.F0 to      R8C13C.D1 core/engine/seq/condition
CTOOFX_DEL  ---     0.721      R8C13C.D1 to    R8C13C.OFX0 core/engine/seq/condition_RNI6AT755/SLICE_183
ROUTE        10     1.267    R8C13C.OFX0 to       R8C9A.D1 core/engine/seq/next_address_sn_N_25
CTOOFX_DEL  ---     0.721       R8C9A.D1 to     R8C9A.OFX0 core/engine/seq/SLICE_161
ROUTE         5     1.270     R8C9A.OFX0 to  EBR_R6C7.ADA4 core/engine/next_address[1] (to clk_c)
                  --------
                   15.603   (30.6% logic, 69.4% route), 7 logic levels.

Unconstrained Preference:
   INPUT_SETUP PORT "reset" CLKPORT "clk" 

Report:   15.568ns delay reset to core/engine/rom/lane_1 (15.594ns delay and -0.026ns setup)

   Name    Fanout   Delay (ns)          Site               Resource
PADI_DEL    ---     1.132          4.PAD to        4.PADDI reset
ROUTE       158     3.386        4.PADDI to      R10C6D.A1 reset_c
CTOF_DEL    ---     0.495      R10C6D.A1 to      R10C6D.F1 core/engine/SLICE_379
ROUTE         1     1.173      R10C6D.F1 to       R4C7A.D1 core/engine/un1_memory_op_1dup
CTOF_DEL    ---     0.495       R4C7A.D1 to       R4C7A.F1 core/engine/SLICE_252
ROUTE         3     1.309       R4C7A.F1 to       R7C6B.C1 core/engine/un1_bus_fault_2dup
CTOOFX_DEL  ---     0.721       R7C6B.C1 to     R7C6B.OFX0 core/engine/seq/predicates_pmux_6/SLICE_179
ROUTE         1     0.958     R7C6B.OFX0 to       R7C8D.D0 core/engine/seq/N_170
CTOF_DEL    ---     0.495       R7C8D.D0 to       R7C8D.F0 core/engine/SLICE_248
ROUTE         1     1.460       R7C8D.F0 to      R8C13C.D1 core/engine/seq/condition
CTOOFX_DEL  ---     0.721      R8C13C.D1 to    R8C13C.OFX0 core/engine/seq/condition_RNI6AT755/SLICE_183
ROUTE        10     0.719    R8C13C.OFX0 to      R8C12B.D1 core/engine/seq/next_address_sn_N_25
CTOOFX_DEL  ---     0.721      R8C12B.D1 to    R8C12B.OFX0 core/engine/seq/SLICE_168
ROUTE         5     1.809    R8C12B.OFX0 to EBR_R6C7.ADA11 core/engine/next_address[8] (to clk_c)
                  --------
                   15.594   (30.7% logic, 69.3% route), 7 logic levels.

Unconstrained Preference:
   INPUT_SETUP PORT "reset" CLKPORT "clk" 

Report:   15.568ns delay reset to core/engine/rom/lane_0 (15.594ns delay and -0.026ns setup)

   Name    Fanout   Delay (ns)          Site               Resource
PADI_DEL    ---     1.132          4.PAD to        4.PADDI reset
ROUTE       158     3.386        4.PADDI to      R10C6D.A1 reset_c
CTOF_DEL    ---     0.495      R10C6D.A1 to      R10C6D.F1 core/engine/SLICE_379
ROUTE         1     1.173      R10C6D.F1 to       R4C7A.D1 core/engine/un1_memory_op_1dup
CTOF_DEL    ---     0.495       R4C7A.D1 to       R4C7A.F1 core/engine/SLICE_252
ROUTE         3     1.309       R4C7A.F1 to       R7C6B.C1 core/engine/un1_bus_fault_2dup
CTOOFX_DEL  ---     0.721       R7C6B.C1 to     R7C6B.OFX0 core/engine/seq/predicates_pmux_6/SLICE_179
ROUTE         1     0.958     R7C6B.OFX0 to       R7C8D.D0 core/engine/seq/N_170
CTOF_DEL    ---     0.495       R7C8D.D0 to       R7C8D.F0 core/engine/SLICE_248
ROUTE         1     1.460       R7C8D.F0 to      R8C13C.D1 core/engine/seq/condition
CTOOFX_DEL  ---     0.721      R8C13C.D1 to    R8C13C.OFX0 core/engine/seq/condition_RNI6AT755/SLICE_183
ROUTE        10     0.719    R8C13C.OFX0 to      R8C12B.D1 core/engine/seq/next_address_sn_N_25
CTOOFX_DEL  ---     0.721      R8C12B.D1 to    R8C12B.OFX0 core/engine/seq/SLICE_168
ROUTE         5     1.809    R8C12B.OFX0 to EBR_R6C4.ADA11 core/engine/next_address[8] (to clk_c)
                  --------
                   15.594   (30.7% logic, 69.3% route), 7 logic levels.

Unconstrained Preference:
   INPUT_SETUP PORT "reset" CLKPORT "clk" 

Report:   15.433ns delay reset to core/engine/rom/lane_2 (15.459ns delay and -0.026ns setup)

   Name    Fanout   Delay (ns)          Site               Resource
PADI_DEL    ---     1.132          4.PAD to        4.PADDI reset
ROUTE       158     3.386        4.PADDI to      R10C6D.A1 reset_c
CTOF_DEL    ---     0.495      R10C6D.A1 to      R10C6D.F1 core/engine/SLICE_379
ROUTE         1     1.173      R10C6D.F1 to       R4C7A.D1 core/engine/un1_memory_op_1dup
CTOF_DEL    ---     0.495       R4C7A.D1 to       R4C7A.F1 core/engine/SLICE_252
ROUTE         3     1.309       R4C7A.F1 to       R7C6B.C1 core/engine/un1_bus_fault_2dup
CTOOFX_DEL  ---     0.721       R7C6B.C1 to     R7C6B.OFX0 core/engine/seq/predicates_pmux_6/SLICE_179
ROUTE         1     0.958     R7C6B.OFX0 to       R7C8D.D0 core/engine/seq/N_170
CTOF_DEL    ---     0.495       R7C8D.D0 to       R7C8D.F0 core/engine/SLICE_248
ROUTE         1     1.460       R7C8D.F0 to      R8C13C.D1 core/engine/seq/condition
CTOOFX_DEL  ---     0.721      R8C13C.D1 to    R8C13C.OFX0 core/engine/seq/condition_RNI6AT755/SLICE_183
ROUTE        10     0.723    R8C13C.OFX0 to      R8C13B.D1 core/engine/seq/next_address_sn_N_25
CTOOFX_DEL  ---     0.721      R8C13B.D1 to    R8C13B.OFX0 core/engine/seq/SLICE_167
ROUTE         5     1.670    R8C13B.OFX0 to *R_R6C10.ADA10 core/engine/next_address[7] (to clk_c)
                  --------
                   15.459   (30.9% logic, 69.1% route), 7 logic levels.

Unconstrained Preference:
   INPUT_SETUP PORT "reset" CLKPORT "clk" 

Report:   15.403ns delay reset to core/engine/rom/lane_3 (15.429ns delay and -0.026ns setup)

   Name    Fanout   Delay (ns)          Site               Resource
PADI_DEL    ---     1.132          4.PAD to        4.PADDI reset
ROUTE       158     3.386        4.PADDI to      R10C6D.A1 reset_c
CTOF_DEL    ---     0.495      R10C6D.A1 to      R10C6D.F1 core/engine/SLICE_379
ROUTE         1     1.173      R10C6D.F1 to       R4C7A.D1 core/engine/un1_memory_op_1dup
CTOF_DEL    ---     0.495       R4C7A.D1 to       R4C7A.F1 core/engine/SLICE_252
ROUTE         3     1.309       R4C7A.F1 to       R7C6B.C1 core/engine/un1_bus_fault_2dup
CTOOFX_DEL  ---     0.721       R7C6B.C1 to     R7C6B.OFX0 core/engine/seq/predicates_pmux_6/SLICE_179
ROUTE         1     0.958     R7C6B.OFX0 to       R7C8D.D0 core/engine/seq/N_170
CTOF_DEL    ---     0.495       R7C8D.D0 to       R7C8D.F0 core/engine/SLICE_248
ROUTE         1     1.460       R7C8D.F0 to      R8C13C.D1 core/engine/seq/condition
CTOOFX_DEL  ---     0.721      R8C13C.D1 to    R8C13C.OFX0 core/engine/seq/condition_RNI6AT755/SLICE_183
ROUTE        10     0.723    R8C13C.OFX0 to      R8C13B.D1 core/engine/seq/next_address_sn_N_25
CTOOFX_DEL  ---     0.721      R8C13B.D1 to    R8C13B.OFX0 core/engine/seq/SLICE_167
ROUTE         5     1.640    R8C13B.OFX0 to *R_R6C14.ADA10 core/engine/next_address[7] (to clk_c)
                  --------
                   15.429   (31.0% logic, 69.0% route), 7 logic levels.

Unconstrained Preference:
   INPUT_SETUP PORT "reset" CLKPORT "clk" 

Report:   15.265ns delay reset to core/engine/rom/lane_1 (15.291ns delay and -0.026ns setup)

   Name    Fanout   Delay (ns)          Site               Resource
PADI_DEL    ---     1.132          4.PAD to        4.PADDI reset
ROUTE       158     3.386        4.PADDI to      R10C6D.A1 reset_c
CTOF_DEL    ---     0.495      R10C6D.A1 to      R10C6D.F1 core/engine/SLICE_379
ROUTE         1     1.173      R10C6D.F1 to       R4C7A.D1 core/engine/un1_memory_op_1dup
CTOF_DEL    ---     0.495       R4C7A.D1 to       R4C7A.F1 core/engine/SLICE_252
ROUTE         3     1.309       R4C7A.F1 to       R7C6B.C1 core/engine/un1_bus_fault_2dup
CTOOFX_DEL  ---     0.721       R7C6B.C1 to     R7C6B.OFX0 core/engine/seq/predicates_pmux_6/SLICE_179
ROUTE         1     0.958     R7C6B.OFX0 to       R7C8D.D0 core/engine/seq/N_170
CTOF_DEL    ---     0.495       R7C8D.D0 to       R7C8D.F0 core/engine/SLICE_248
ROUTE         1     1.460       R7C8D.F0 to      R8C13C.D1 core/engine/seq/condition
CTOOFX_DEL  ---     0.721      R8C13C.D1 to    R8C13C.OFX0 core/engine/seq/condition_RNI6AT755/SLICE_183
ROUTE        10     1.267    R8C13C.OFX0 to       R8C8C.D1 core/engine/seq/next_address_sn_N_25
CTOOFX_DEL  ---     0.721       R8C8C.D1 to     R8C8C.OFX0 core/engine/seq/SLICE_169
ROUTE         5     0.958     R8C8C.OFX0 to EBR_R6C7.ADA12 core/engine/next_address[9] (to clk_c)
                  --------
                   15.291   (31.3% logic, 68.7% route), 7 logic levels.

Unconstrained Preference:
   INPUT_SETUP PORT "reset" CLKPORT "clk" 

Report:   15.243ns delay reset to core/engine/rom/lane_3 (15.269ns delay and -0.026ns setup)

   Name    Fanout   Delay (ns)          Site               Resource
PADI_DEL    ---     1.132          4.PAD to        4.PADDI reset
ROUTE       158     3.386        4.PADDI to      R10C6D.A1 reset_c
CTOF_DEL    ---     0.495      R10C6D.A1 to      R10C6D.F1 core/engine/SLICE_379
ROUTE         1     1.173      R10C6D.F1 to       R4C7A.D1 core/engine/un1_memory_op_1dup
CTOF_DEL    ---     0.495       R4C7A.D1 to       R4C7A.F1 core/engine/SLICE_252
ROUTE         3     1.309       R4C7A.F1 to       R7C6B.C1 core/engine/un1_bus_fault_2dup
CTOOFX_DEL  ---     0.721       R7C6B.C1 to     R7C6B.OFX0 core/engine/seq/predicates_pmux_6/SLICE_179
ROUTE         1     0.958     R7C6B.OFX0 to       R7C8D.D0 core/engine/seq/N_170
CTOF_DEL    ---     0.495       R7C8D.D0 to       R7C8D.F0 core/engine/SLICE_248
ROUTE         1     1.460       R7C8D.F0 to      R8C13C.D1 core/engine/seq/condition
CTOOFX_DEL  ---     0.721      R8C13C.D1 to    R8C13C.OFX0 core/engine/seq/condition_RNI6AT755/SLICE_183
ROUTE        10     0.719    R8C13C.OFX0 to      R8C12B.D1 core/engine/seq/next_address_sn_N_25
CTOOFX_DEL  ---     0.721      R8C12B.D1 to    R8C12B.OFX0 core/engine/seq/SLICE_168
ROUTE         5     1.484    R8C12B.OFX0 to *R_R6C14.ADA11 core/engine/next_address[8] (to clk_c)
                  --------
                   15.269   (31.3% logic, 68.7% route), 7 logic levels.

Unconstrained Preference:
   INPUT_SETUP PORT "reset" CLKPORT "clk" 

Report:   15.128ns delay reset to core/engine/rom/lane_3 (15.154ns delay and -0.026ns setup)

   Name    Fanout   Delay (ns)          Site               Resource
PADI_DEL    ---     1.132          4.PAD to        4.PADDI reset
ROUTE       158     3.386        4.PADDI to      R10C6D.A1 reset_c
CTOF_DEL    ---     0.495      R10C6D.A1 to      R10C6D.F1 core/engine/SLICE_379
ROUTE         1     1.173      R10C6D.F1 to       R4C7A.D1 core/engine/un1_memory_op_1dup
CTOF_DEL    ---     0.495       R4C7A.D1 to       R4C7A.F1 core/engine/SLICE_252
ROUTE         3     1.309       R4C7A.F1 to       R7C6B.C1 core/engine/un1_bus_fault_2dup
CTOOFX_DEL  ---     0.721       R7C6B.C1 to     R7C6B.OFX0 core/engine/seq/predicates_pmux_6/SLICE_179
ROUTE         1     0.958     R7C6B.OFX0 to       R7C8D.D0 core/engine/seq/N_170
CTOF_DEL    ---     0.495       R7C8D.D0 to       R7C8D.F0 core/engine/SLICE_248
ROUTE         1     1.460       R7C8D.F0 to      R8C13C.D1 core/engine/seq/condition
CTOOFX_DEL  ---     0.721      R8C13C.D1 to    R8C13C.OFX0 core/engine/seq/condition_RNI6AT755/SLICE_183
ROUTE        10     0.723    R8C13C.OFX0 to      R8C13A.D1 core/engine/seq/next_address_sn_N_25
CTOOFX_DEL  ---     0.721      R8C13A.D1 to    R8C13A.OFX0 core/engine/seq/SLICE_165
ROUTE         5     1.365    R8C13A.OFX0 to EBR_R6C14.ADA8 core/engine/next_address[5] (to clk_c)
                  --------
                   15.154   (31.5% logic, 68.5% route), 7 logic levels.

Unconstrained Preference:
   INPUT_SETUP PORT "reset" CLKPORT "clk" 

Report:   15.128ns delay reset to core/engine/rom/lane_2 (15.154ns delay and -0.026ns setup)

   Name    Fanout   Delay (ns)          Site               Resource
PADI_DEL    ---     1.132          4.PAD to        4.PADDI reset
ROUTE       158     3.386        4.PADDI to      R10C6D.A1 reset_c
CTOF_DEL    ---     0.495      R10C6D.A1 to      R10C6D.F1 core/engine/SLICE_379
ROUTE         1     1.173      R10C6D.F1 to       R4C7A.D1 core/engine/un1_memory_op_1dup
CTOF_DEL    ---     0.495       R4C7A.D1 to       R4C7A.F1 core/engine/SLICE_252
ROUTE         3     1.309       R4C7A.F1 to       R7C6B.C1 core/engine/un1_bus_fault_2dup
CTOOFX_DEL  ---     0.721       R7C6B.C1 to     R7C6B.OFX0 core/engine/seq/predicates_pmux_6/SLICE_179
ROUTE         1     0.958     R7C6B.OFX0 to       R7C8D.D0 core/engine/seq/N_170
CTOF_DEL    ---     0.495       R7C8D.D0 to       R7C8D.F0 core/engine/SLICE_248
ROUTE         1     1.460       R7C8D.F0 to      R8C13C.D1 core/engine/seq/condition
CTOOFX_DEL  ---     0.721      R8C13C.D1 to    R8C13C.OFX0 core/engine/seq/condition_RNI6AT755/SLICE_183
ROUTE        10     0.723    R8C13C.OFX0 to      R8C13A.D1 core/engine/seq/next_address_sn_N_25
CTOOFX_DEL  ---     0.721      R8C13A.D1 to    R8C13A.OFX0 core/engine/seq/SLICE_165
ROUTE         5     1.365    R8C13A.OFX0 to EBR_R6C10.ADA8 core/engine/next_address[5] (to clk_c)
                  --------
                   15.154   (31.5% logic, 68.5% route), 7 logic levels.

Unconstrained Preference:
   INPUT_SETUP PORT "reset" CLKPORT "clk" 

Report:   15.094ns delay reset to core/engine/seq/SLICE_160 (14.928ns delay and 0.166ns setup)

   Name    Fanout   Delay (ns)          Site               Resource
PADI_DEL    ---     1.132          4.PAD to        4.PADDI reset
ROUTE       158     3.386        4.PADDI to      R10C6D.A1 reset_c
CTOF_DEL    ---     0.495      R10C6D.A1 to      R10C6D.F1 core/engine/SLICE_379
ROUTE         1     1.173      R10C6D.F1 to       R4C7A.D1 core/engine/un1_memory_op_1dup
CTOF_DEL    ---     0.495       R4C7A.D1 to       R4C7A.F1 core/engine/SLICE_252
ROUTE         3     1.309       R4C7A.F1 to       R7C6B.C1 core/engine/un1_bus_fault_2dup
CTOOFX_DEL  ---     0.721       R7C6B.C1 to     R7C6B.OFX0 core/engine/seq/predicates_pmux_6/SLICE_179
ROUTE         1     0.958     R7C6B.OFX0 to       R7C8D.D0 core/engine/seq/N_170
CTOF_DEL    ---     0.495       R7C8D.D0 to       R7C8D.F0 core/engine/SLICE_248
ROUTE         1     1.460       R7C8D.F0 to      R8C13C.D1 core/engine/seq/condition
CTOOFX_DEL  ---     0.721      R8C13C.D1 to    R8C13C.OFX0 core/engine/seq/condition_RNI6AT755/SLICE_183
ROUTE        10     1.753    R8C13C.OFX0 to       R8C7C.D1 core/engine/seq/next_address_sn_N_25
CTOOFX_DEL  ---     0.721       R8C7C.D1 to     R8C7C.OFX0 core/engine/seq/SLICE_160
ROUTE         5     0.109     R8C7C.OFX0 to      R8C7C.DI0 core/engine/next_address[0] (to clk_c)
                  --------
                   14.928   (32.0% logic, 68.0% route), 7 logic levels.

Unconstrained Preference:
   INPUT_SETUP PORT "reset" CLKPORT "clk" 

Report:   14.989ns delay reset to core/engine/rom/lane_2 (15.015ns delay and -0.026ns setup)

   Name    Fanout   Delay (ns)          Site               Resource
PADI_DEL    ---     1.132          4.PAD to        4.PADDI reset
ROUTE       158     3.386        4.PADDI to      R10C6D.A1 reset_c
CTOF_DEL    ---     0.495      R10C6D.A1 to      R10C6D.F1 core/engine/SLICE_379
ROUTE         1     1.173      R10C6D.F1 to       R4C7A.D1 core/engine/un1_memory_op_1dup
CTOF_DEL    ---     0.495       R4C7A.D1 to       R4C7A.F1 core/engine/SLICE_252
ROUTE         3     1.309       R4C7A.F1 to       R7C6B.C1 core/engine/un1_bus_fault_2dup
CTOOFX_DEL  ---     0.721       R7C6B.C1 to     R7C6B.OFX0 core/engine/seq/predicates_pmux_6/SLICE_179
ROUTE         1     0.958     R7C6B.OFX0 to       R7C8D.D0 core/engine/seq/N_170
CTOF_DEL    ---     0.495       R7C8D.D0 to       R7C8D.F0 core/engine/SLICE_248
ROUTE         1     1.460       R7C8D.F0 to      R8C13C.D1 core/engine/seq/condition
CTOOFX_DEL  ---     0.721      R8C13C.D1 to    R8C13C.OFX0 core/engine/seq/condition_RNI6AT755/SLICE_183
ROUTE        10     0.719    R8C13C.OFX0 to      R8C12B.D1 core/engine/seq/next_address_sn_N_25
CTOOFX_DEL  ---     0.721      R8C12B.D1 to    R8C12B.OFX0 core/engine/seq/SLICE_168
ROUTE         5     1.230    R8C12B.OFX0 to *R_R6C10.ADA11 core/engine/next_address[8] (to clk_c)
                  --------
                   15.015   (31.8% logic, 68.2% route), 7 logic levels.

Unconstrained Preference:
   INPUT_SETUP PORT "reset" CLKPORT "clk" 

Report:   14.856ns delay reset to core/engine/seq/SLICE_162 (14.690ns delay and 0.166ns setup)

   Name    Fanout   Delay (ns)          Site               Resource
PADI_DEL    ---     1.132          4.PAD to        4.PADDI reset
ROUTE       158     3.386        4.PADDI to      R10C6D.A1 reset_c
CTOF_DEL    ---     0.495      R10C6D.A1 to      R10C6D.F1 core/engine/SLICE_379
ROUTE         1     1.173      R10C6D.F1 to       R4C7A.D1 core/engine/un1_memory_op_1dup
CTOF_DEL    ---     0.495       R4C7A.D1 to       R4C7A.F1 core/engine/SLICE_252
ROUTE         3     1.309       R4C7A.F1 to       R7C6B.C1 core/engine/un1_bus_fault_2dup
CTOOFX_DEL  ---     0.721       R7C6B.C1 to     R7C6B.OFX0 core/engine/seq/predicates_pmux_6/SLICE_179
ROUTE         1     0.958     R7C6B.OFX0 to       R7C8D.D0 core/engine/seq/N_170
CTOF_DEL    ---     0.495       R7C8D.D0 to       R7C8D.F0 core/engine/SLICE_248
ROUTE         1     1.460       R7C8D.F0 to      R8C13C.D1 core/engine/seq/condition
CTOOFX_DEL  ---     0.721      R8C13C.D1 to    R8C13C.OFX0 core/engine/seq/condition_RNI6AT755/SLICE_183
ROUTE        10     1.542    R8C13C.OFX0 to       R8C7A.D1 core/engine/seq/next_address_sn_N_25
CTOOFX_DEL  ---     0.721       R8C7A.D1 to     R8C7A.OFX0 core/engine/seq/SLICE_162
ROUTE         5     0.082     R8C7A.OFX0 to      R8C7A.DI0 core/engine/next_address[2] (to clk_c)
                  --------
                   14.690   (32.5% logic, 67.5% route), 7 logic levels.

Unconstrained Preference:
   INPUT_SETUP PORT "reset" CLKPORT "clk" 

Report:   14.674ns delay reset to core/engine/seq/SLICE_164 (14.508ns delay and 0.166ns setup)

   Name    Fanout   Delay (ns)          Site               Resource
PADI_DEL    ---     1.132          4.PAD to        4.PADDI reset
ROUTE       158     3.386        4.PADDI to      R10C6D.A1 reset_c
CTOF_DEL    ---     0.495      R10C6D.A1 to      R10C6D.F1 core/engine/SLICE_379
ROUTE         1     1.173      R10C6D.F1 to       R4C7A.D1 core/engine/un1_memory_op_1dup
CTOF_DEL    ---     0.495       R4C7A.D1 to       R4C7A.F1 core/engine/SLICE_252
ROUTE         3     1.309       R4C7A.F1 to       R7C6B.C1 core/engine/un1_bus_fault_2dup
CTOOFX_DEL  ---     0.721       R7C6B.C1 to     R7C6B.OFX0 core/engine/seq/predicates_pmux_6/SLICE_179
ROUTE         1     0.958     R7C6B.OFX0 to       R7C8D.D0 core/engine/seq/N_170
CTOF_DEL    ---     0.495       R7C8D.D0 to       R7C8D.F0 core/engine/SLICE_248
ROUTE         1     1.460       R7C8D.F0 to      R8C13C.D1 core/engine/seq/condition
CTOOFX_DEL  ---     0.721      R8C13C.D1 to    R8C13C.OFX0 core/engine/seq/condition_RNI6AT755/SLICE_183
ROUTE        10     1.387    R8C13C.OFX0 to       R7C7C.D1 core/engine/seq/next_address_sn_N_25
CTOOFX_DEL  ---     0.721       R7C7C.D1 to     R7C7C.OFX0 core/engine/seq/SLICE_164
ROUTE         5     0.055     R7C7C.OFX0 to      R7C7C.DI0 core/engine/next_address[4] (to clk_c)
                  --------
                   14.508   (32.9% logic, 67.1% route), 7 logic levels.

Unconstrained Preference:
   INPUT_SETUP PORT "reset" CLKPORT "clk" 

Report:   14.608ns delay reset to core/engine/seq/SLICE_169 (14.442ns delay and 0.166ns setup)

   Name    Fanout   Delay (ns)          Site               Resource
PADI_DEL    ---     1.132          4.PAD to        4.PADDI reset
ROUTE       158     3.386        4.PADDI to      R10C6D.A1 reset_c
CTOF_DEL    ---     0.495      R10C6D.A1 to      R10C6D.F1 core/engine/SLICE_379
ROUTE         1     1.173      R10C6D.F1 to       R4C7A.D1 core/engine/un1_memory_op_1dup
CTOF_DEL    ---     0.495       R4C7A.D1 to       R4C7A.F1 core/engine/SLICE_252
ROUTE         3     1.309       R4C7A.F1 to       R7C6B.C1 core/engine/un1_bus_fault_2dup
CTOOFX_DEL  ---     0.721       R7C6B.C1 to     R7C6B.OFX0 core/engine/seq/predicates_pmux_6/SLICE_179
ROUTE         1     0.958     R7C6B.OFX0 to       R7C8D.D0 core/engine/seq/N_170
CTOF_DEL    ---     0.495       R7C8D.D0 to       R7C8D.F0 core/engine/SLICE_248
ROUTE         1     1.460       R7C8D.F0 to      R8C13C.D1 core/engine/seq/condition
CTOOFX_DEL  ---     0.721      R8C13C.D1 to    R8C13C.OFX0 core/engine/seq/condition_RNI6AT755/SLICE_183
ROUTE        10     1.267    R8C13C.OFX0 to       R8C8C.D1 core/engine/seq/next_address_sn_N_25
CTOOFX_DEL  ---     0.721       R8C8C.D1 to     R8C8C.OFX0 core/engine/seq/SLICE_169
ROUTE         5     0.109     R8C8C.OFX0 to      R8C8C.DI0 core/engine/next_address[9] (to clk_c)
                  --------
                   14.442   (33.1% logic, 66.9% route), 7 logic levels.

Unconstrained Preference:
   INPUT_SETUP PORT "reset" CLKPORT "clk" 

Report:   14.608ns delay reset to core/engine/seq/SLICE_161 (14.442ns delay and 0.166ns setup)

   Name    Fanout   Delay (ns)          Site               Resource
PADI_DEL    ---     1.132          4.PAD to        4.PADDI reset
ROUTE       158     3.386        4.PADDI to      R10C6D.A1 reset_c
CTOF_DEL    ---     0.495      R10C6D.A1 to      R10C6D.F1 core/engine/SLICE_379
ROUTE         1     1.173      R10C6D.F1 to       R4C7A.D1 core/engine/un1_memory_op_1dup
CTOF_DEL    ---     0.495       R4C7A.D1 to       R4C7A.F1 core/engine/SLICE_252
ROUTE         3     1.309       R4C7A.F1 to       R7C6B.C1 core/engine/un1_bus_fault_2dup
CTOOFX_DEL  ---     0.721       R7C6B.C1 to     R7C6B.OFX0 core/engine/seq/predicates_pmux_6/SLICE_179
ROUTE         1     0.958     R7C6B.OFX0 to       R7C8D.D0 core/engine/seq/N_170
CTOF_DEL    ---     0.495       R7C8D.D0 to       R7C8D.F0 core/engine/SLICE_248
ROUTE         1     1.460       R7C8D.F0 to      R8C13C.D1 core/engine/seq/condition
CTOOFX_DEL  ---     0.721      R8C13C.D1 to    R8C13C.OFX0 core/engine/seq/condition_RNI6AT755/SLICE_183
ROUTE        10     1.267    R8C13C.OFX0 to       R8C9A.D1 core/engine/seq/next_address_sn_N_25
CTOOFX_DEL  ---     0.721       R8C9A.D1 to     R8C9A.OFX0 core/engine/seq/SLICE_161
ROUTE         5     0.109     R8C9A.OFX0 to      R8C9A.DI0 core/engine/next_address[1] (to clk_c)
                  --------
                   14.442   (33.1% logic, 66.9% route), 7 logic levels.

Unconstrained Preference:
   INPUT_SETUP PORT "reset" CLKPORT "clk" 

Report:   14.554ns delay reset to core/engine/seq/SLICE_166 (14.388ns delay and 0.166ns setup)

   Name    Fanout   Delay (ns)          Site               Resource
PADI_DEL    ---     1.132          4.PAD to        4.PADDI reset
ROUTE       158     3.386        4.PADDI to      R10C6D.A1 reset_c
CTOF_DEL    ---     0.495      R10C6D.A1 to      R10C6D.F1 core/engine/SLICE_379
ROUTE         1     1.173      R10C6D.F1 to       R4C7A.D1 core/engine/un1_memory_op_1dup
CTOF_DEL    ---     0.495       R4C7A.D1 to       R4C7A.F1 core/engine/SLICE_252
ROUTE         3     1.309       R4C7A.F1 to       R7C6B.C1 core/engine/un1_bus_fault_2dup
CTOOFX_DEL  ---     0.721       R7C6B.C1 to     R7C6B.OFX0 core/engine/seq/predicates_pmux_6/SLICE_179
ROUTE         1     0.958     R7C6B.OFX0 to       R7C8D.D0 core/engine/seq/N_170
CTOF_DEL    ---     0.495       R7C8D.D0 to       R7C8D.F0 core/engine/SLICE_248
ROUTE         1     1.460       R7C8D.F0 to      R8C13C.D1 core/engine/seq/condition
CTOOFX_DEL  ---     0.721      R8C13C.D1 to    R8C13C.OFX0 core/engine/seq/condition_RNI6AT755/SLICE_183
ROUTE        10     1.267    R8C13C.OFX0 to       R8C9D.D1 core/engine/seq/next_address_sn_N_25
CTOOFX_DEL  ---     0.721       R8C9D.D1 to     R8C9D.OFX0 core/engine/seq/SLICE_166
ROUTE         5     0.055     R8C9D.OFX0 to      R8C9D.DI0 core/engine/next_address[6] (to clk_c)
                  --------
                   14.388   (33.2% logic, 66.8% route), 7 logic levels.

Unconstrained Preference:
   INPUT_SETUP PORT "reset" CLKPORT "clk" 

Report:   14.411ns delay reset to core/engine/seq/SLICE_163 (14.245ns delay and 0.166ns setup)

   Name    Fanout   Delay (ns)          Site               Resource
PADI_DEL    ---     1.132          4.PAD to        4.PADDI reset
ROUTE       158     3.386        4.PADDI to      R10C6D.A1 reset_c
CTOF_DEL    ---     0.495      R10C6D.A1 to      R10C6D.F1 core/engine/SLICE_379
ROUTE         1     1.173      R10C6D.F1 to       R4C7A.D1 core/engine/un1_memory_op_1dup
CTOF_DEL    ---     0.495       R4C7A.D1 to       R4C7A.F1 core/engine/SLICE_252
ROUTE         3     1.309       R4C7A.F1 to       R7C6B.C1 core/engine/un1_bus_fault_2dup
CTOOFX_DEL  ---     0.721       R7C6B.C1 to     R7C6B.OFX0 core/engine/seq/predicates_pmux_6/SLICE_179
ROUTE         1     0.958     R7C6B.OFX0 to       R7C8D.D0 core/engine/seq/N_170
CTOF_DEL    ---     0.495       R7C8D.D0 to       R7C8D.F0 core/engine/SLICE_248
ROUTE         1     1.460       R7C8D.F0 to      R8C13C.D1 core/engine/seq/condition
CTOOFX_DEL  ---     0.721      R8C13C.D1 to    R8C13C.OFX0 core/engine/seq/condition_RNI6AT755/SLICE_183
ROUTE        10     1.097    R8C13C.OFX0 to      R8C12C.B1 core/engine/seq/next_address_sn_N_25
CTOOFX_DEL  ---     0.721      R8C12C.B1 to    R8C12C.OFX0 core/engine/seq/SLICE_163
ROUTE         5     0.082    R8C12C.OFX0 to     R8C12C.DI0 core/engine/next_address[3] (to clk_c)
                  --------
                   14.245   (33.6% logic, 66.4% route), 7 logic levels.

Unconstrained Preference:
   INPUT_SETUP PORT "reset" CLKPORT "clk" 

Report:   14.037ns delay reset to core/engine/seq/SLICE_167 (13.871ns delay and 0.166ns setup)

   Name    Fanout   Delay (ns)          Site               Resource
PADI_DEL    ---     1.132          4.PAD to        4.PADDI reset
ROUTE       158     3.386        4.PADDI to      R10C6D.A1 reset_c
CTOF_DEL    ---     0.495      R10C6D.A1 to      R10C6D.F1 core/engine/SLICE_379
ROUTE         1     1.173      R10C6D.F1 to       R4C7A.D1 core/engine/un1_memory_op_1dup
CTOF_DEL    ---     0.495       R4C7A.D1 to       R4C7A.F1 core/engine/SLICE_252
ROUTE         3     1.309       R4C7A.F1 to       R7C6B.C1 core/engine/un1_bus_fault_2dup
CTOOFX_DEL  ---     0.721       R7C6B.C1 to     R7C6B.OFX0 core/engine/seq/predicates_pmux_6/SLICE_179
ROUTE         1     0.958     R7C6B.OFX0 to       R7C8D.D0 core/engine/seq/N_170
CTOF_DEL    ---     0.495       R7C8D.D0 to       R7C8D.F0 core/engine/SLICE_248
ROUTE         1     1.460       R7C8D.F0 to      R8C13C.D1 core/engine/seq/condition
CTOOFX_DEL  ---     0.721      R8C13C.D1 to    R8C13C.OFX0 core/engine/seq/condition_RNI6AT755/SLICE_183
ROUTE        10     0.723    R8C13C.OFX0 to      R8C13B.D1 core/engine/seq/next_address_sn_N_25
CTOOFX_DEL  ---     0.721      R8C13B.D1 to    R8C13B.OFX0 core/engine/seq/SLICE_167
ROUTE         5     0.082    R8C13B.OFX0 to     R8C13B.DI0 core/engine/next_address[7] (to clk_c)
                  --------
                   13.871   (34.5% logic, 65.5% route), 7 logic levels.

Unconstrained Preference:
   INPUT_SETUP PORT "reset" CLKPORT "clk" 

Report:   14.037ns delay reset to core/engine/seq/SLICE_165 (13.871ns delay and 0.166ns setup)

   Name    Fanout   Delay (ns)          Site               Resource
PADI_DEL    ---     1.132          4.PAD to        4.PADDI reset
ROUTE       158     3.386        4.PADDI to      R10C6D.A1 reset_c
CTOF_DEL    ---     0.495      R10C6D.A1 to      R10C6D.F1 core/engine/SLICE_379
ROUTE         1     1.173      R10C6D.F1 to       R4C7A.D1 core/engine/un1_memory_op_1dup
CTOF_DEL    ---     0.495       R4C7A.D1 to       R4C7A.F1 core/engine/SLICE_252
ROUTE         3     1.309       R4C7A.F1 to       R7C6B.C1 core/engine/un1_bus_fault_2dup
CTOOFX_DEL  ---     0.721       R7C6B.C1 to     R7C6B.OFX0 core/engine/seq/predicates_pmux_6/SLICE_179
ROUTE         1     0.958     R7C6B.OFX0 to       R7C8D.D0 core/engine/seq/N_170
CTOF_DEL    ---     0.495       R7C8D.D0 to       R7C8D.F0 core/engine/SLICE_248
ROUTE         1     1.460       R7C8D.F0 to      R8C13C.D1 core/engine/seq/condition
CTOOFX_DEL  ---     0.721      R8C13C.D1 to    R8C13C.OFX0 core/engine/seq/condition_RNI6AT755/SLICE_183
ROUTE        10     0.723    R8C13C.OFX0 to      R8C13A.D1 core/engine/seq/next_address_sn_N_25
CTOOFX_DEL  ---     0.721      R8C13A.D1 to    R8C13A.OFX0 core/engine/seq/SLICE_165
ROUTE         5     0.082    R8C13A.OFX0 to     R8C13A.DI0 core/engine/next_address[5] (to clk_c)
                  --------
                   13.871   (34.5% logic, 65.5% route), 7 logic levels.

Unconstrained Preference:
   INPUT_SETUP PORT "reset" CLKPORT "clk" 

Report:   14.006ns delay reset to core/engine/seq/SLICE_168 (13.840ns delay and 0.166ns setup)

   Name    Fanout   Delay (ns)          Site               Resource
PADI_DEL    ---     1.132          4.PAD to        4.PADDI reset
ROUTE       158     3.386        4.PADDI to      R10C6D.A1 reset_c
CTOF_DEL    ---     0.495      R10C6D.A1 to      R10C6D.F1 core/engine/SLICE_379
ROUTE         1     1.173      R10C6D.F1 to       R4C7A.D1 core/engine/un1_memory_op_1dup
CTOF_DEL    ---     0.495       R4C7A.D1 to       R4C7A.F1 core/engine/SLICE_252
ROUTE         3     1.309       R4C7A.F1 to       R7C6B.C1 core/engine/un1_bus_fault_2dup
CTOOFX_DEL  ---     0.721       R7C6B.C1 to     R7C6B.OFX0 core/engine/seq/predicates_pmux_6/SLICE_179
ROUTE         1     0.958     R7C6B.OFX0 to       R7C8D.D0 core/engine/seq/N_170
CTOF_DEL    ---     0.495       R7C8D.D0 to       R7C8D.F0 core/engine/SLICE_248
ROUTE         1     1.460       R7C8D.F0 to      R8C13C.D1 core/engine/seq/condition
CTOOFX_DEL  ---     0.721      R8C13C.D1 to    R8C13C.OFX0 core/engine/seq/condition_RNI6AT755/SLICE_183
ROUTE        10     0.719    R8C13C.OFX0 to      R8C12B.D1 core/engine/seq/next_address_sn_N_25
CTOOFX_DEL  ---     0.721      R8C12B.D1 to    R8C12B.OFX0 core/engine/seq/SLICE_168
ROUTE         5     0.055    R8C12B.OFX0 to     R8C12B.DI0 core/engine/next_address[8] (to clk_c)
                  --------
                   13.840   (34.5% logic, 65.5% route), 7 logic levels.

Unconstrained Preference:
   INPUT_SETUP PORT "reset" CLKPORT "clk" 

Report:   13.771ns delay reset to SLICE_16 (13.663ns delay and 0.108ns setup)

   Name    Fanout   Delay (ns)          Site               Resource
PADI_DEL    ---     1.132          4.PAD to        4.PADDI reset
ROUTE       158     3.386        4.PADDI to      R10C6D.A1 reset_c
CTOF_DEL    ---     0.495      R10C6D.A1 to      R10C6D.F1 core/engine/SLICE_379
ROUTE         1     1.173      R10C6D.F1 to       R4C7A.D1 core/engine/un1_memory_op_1dup
CTOF_DEL    ---     0.495       R4C7A.D1 to       R4C7A.F1 core/engine/SLICE_252
ROUTE         3     1.302       R4C7A.F1 to      R10C6D.C0 core/engine/un1_bus_fault_2dup
CTOF_DEL    ---     0.495      R10C6D.C0 to      R10C6D.F0 core/engine/SLICE_379
ROUTE        12     2.659      R10C6D.F0 to      R5C14B.C1 core/engine/stepdup
CTOF_DEL    ---     0.495      R5C14B.C1 to      R5C14B.F1 core/engine/dp/SLICE_290
ROUTE        16     2.031      R5C14B.F1 to     R4C12A.WRE core/engine/dp/rf_writedup (to clk_c)
                  --------
                   13.663   (22.8% logic, 77.2% route), 5 logic levels.

Unconstrained Preference:
   INPUT_SETUP PORT "reset" CLKPORT "clk" 

Report:   13.771ns delay reset to SLICE_17 (13.663ns delay and 0.108ns setup)

   Name    Fanout   Delay (ns)          Site               Resource
PADI_DEL    ---     1.132          4.PAD to        4.PADDI reset
ROUTE       158     3.386        4.PADDI to      R10C6D.A1 reset_c
CTOF_DEL    ---     0.495      R10C6D.A1 to      R10C6D.F1 core/engine/SLICE_379
ROUTE         1     1.173      R10C6D.F1 to       R4C7A.D1 core/engine/un1_memory_op_1dup
CTOF_DEL    ---     0.495       R4C7A.D1 to       R4C7A.F1 core/engine/SLICE_252
ROUTE         3     1.302       R4C7A.F1 to      R10C6D.C0 core/engine/un1_bus_fault_2dup
CTOF_DEL    ---     0.495      R10C6D.C0 to      R10C6D.F0 core/engine/SLICE_379
ROUTE        12     2.659      R10C6D.F0 to      R5C14B.C1 core/engine/stepdup
CTOF_DEL    ---     0.495      R5C14B.C1 to      R5C14B.F1 core/engine/dp/SLICE_290
ROUTE        16     2.031      R5C14B.F1 to     R4C12B.WRE core/engine/dp/rf_writedup (to clk_c)
                  --------
                   13.663   (22.8% logic, 77.2% route), 5 logic levels.

Unconstrained Preference:
   INPUT_SETUP PORT "reset" CLKPORT "clk" 

Report:   13.771ns delay reset to SLICE_19 (13.663ns delay and 0.108ns setup)

   Name    Fanout   Delay (ns)          Site               Resource
PADI_DEL    ---     1.132          4.PAD to        4.PADDI reset
ROUTE       158     3.386        4.PADDI to      R10C6D.A1 reset_c
CTOF_DEL    ---     0.495      R10C6D.A1 to      R10C6D.F1 core/engine/SLICE_379
ROUTE         1     1.173      R10C6D.F1 to       R4C7A.D1 core/engine/un1_memory_op_1dup
CTOF_DEL    ---     0.495       R4C7A.D1 to       R4C7A.F1 core/engine/SLICE_252
ROUTE         3     1.302       R4C7A.F1 to      R10C6D.C0 core/engine/un1_bus_fault_2dup
CTOF_DEL    ---     0.495      R10C6D.C0 to      R10C6D.F0 core/engine/SLICE_379
ROUTE        12     2.659      R10C6D.F0 to      R5C14B.C1 core/engine/stepdup
CTOF_DEL    ---     0.495      R5C14B.C1 to      R5C14B.F1 core/engine/dp/SLICE_290
ROUTE        16     2.031      R5C14B.F1 to     R4C13A.WRE core/engine/dp/rf_writedup (to clk_c)
                  --------
                   13.663   (22.8% logic, 77.2% route), 5 logic levels.

Unconstrained Preference:
   INPUT_SETUP PORT "reset" CLKPORT "clk" 

Report:   13.771ns delay reset to SLICE_20 (13.663ns delay and 0.108ns setup)

   Name    Fanout   Delay (ns)          Site               Resource
PADI_DEL    ---     1.132          4.PAD to        4.PADDI reset
ROUTE       158     3.386        4.PADDI to      R10C6D.A1 reset_c
CTOF_DEL    ---     0.495      R10C6D.A1 to      R10C6D.F1 core/engine/SLICE_379
ROUTE         1     1.173      R10C6D.F1 to       R4C7A.D1 core/engine/un1_memory_op_1dup
CTOF_DEL    ---     0.495       R4C7A.D1 to       R4C7A.F1 core/engine/SLICE_252
ROUTE         3     1.302       R4C7A.F1 to      R10C6D.C0 core/engine/un1_bus_fault_2dup
CTOF_DEL    ---     0.495      R10C6D.C0 to      R10C6D.F0 core/engine/SLICE_379
ROUTE        12     2.659      R10C6D.F0 to      R5C14B.C1 core/engine/stepdup
CTOF_DEL    ---     0.495      R5C14B.C1 to      R5C14B.F1 core/engine/dp/SLICE_290
ROUTE        16     2.031      R5C14B.F1 to     R4C13B.WRE core/engine/dp/rf_writedup (to clk_c)
                  --------
                   13.663   (22.8% logic, 77.2% route), 5 logic levels.

Unconstrained Preference:
   INPUT_SETUP PORT "reset" CLKPORT "clk" 

Report:   13.337ns delay reset to SLICE_34 (13.229ns delay and 0.108ns setup)

   Name    Fanout   Delay (ns)          Site               Resource
PADI_DEL    ---     1.132          4.PAD to        4.PADDI reset
ROUTE       158     3.386        4.PADDI to      R10C6D.A1 reset_c
CTOF_DEL    ---     0.495      R10C6D.A1 to      R10C6D.F1 core/engine/SLICE_379
ROUTE         1     1.173      R10C6D.F1 to       R4C7A.D1 core/engine/un1_memory_op_1dup
CTOF_DEL    ---     0.495       R4C7A.D1 to       R4C7A.F1 core/engine/SLICE_252
ROUTE         3     1.302       R4C7A.F1 to      R10C6D.C0 core/engine/un1_bus_fault_2dup
CTOF_DEL    ---     0.495      R10C6D.C0 to      R10C6D.F0 core/engine/SLICE_379
ROUTE        12     2.659      R10C6D.F0 to      R5C14B.C1 core/engine/stepdup
CTOF_DEL    ---     0.495      R5C14B.C1 to      R5C14B.F1 core/engine/dp/SLICE_290
ROUTE        16     1.597      R5C14B.F1 to     R3C14A.WRE core/engine/dp/rf_writedup (to clk_c)
                  --------
                   13.229   (23.5% logic, 76.5% route), 5 logic levels.

Unconstrained Preference:
   INPUT_SETUP PORT "reset" CLKPORT "clk" 

Report:   13.337ns delay reset to SLICE_35 (13.229ns delay and 0.108ns setup)

   Name    Fanout   Delay (ns)          Site               Resource
PADI_DEL    ---     1.132          4.PAD to        4.PADDI reset
ROUTE       158     3.386        4.PADDI to      R10C6D.A1 reset_c
CTOF_DEL    ---     0.495      R10C6D.A1 to      R10C6D.F1 core/engine/SLICE_379
ROUTE         1     1.173      R10C6D.F1 to       R4C7A.D1 core/engine/un1_memory_op_1dup
CTOF_DEL    ---     0.495       R4C7A.D1 to       R4C7A.F1 core/engine/SLICE_252
ROUTE         3     1.302       R4C7A.F1 to      R10C6D.C0 core/engine/un1_bus_fault_2dup
CTOF_DEL    ---     0.495      R10C6D.C0 to      R10C6D.F0 core/engine/SLICE_379
ROUTE        12     2.659      R10C6D.F0 to      R5C14B.C1 core/engine/stepdup
CTOF_DEL    ---     0.495      R5C14B.C1 to      R5C14B.F1 core/engine/dp/SLICE_290
ROUTE        16     1.597      R5C14B.F1 to     R3C14B.WRE core/engine/dp/rf_writedup (to clk_c)
                  --------
                   13.229   (23.5% logic, 76.5% route), 5 logic levels.

Unconstrained Preference:
   INPUT_SETUP PORT "reset" CLKPORT "clk" 

Report:   13.302ns delay reset to SLICE_22 (13.194ns delay and 0.108ns setup)

   Name    Fanout   Delay (ns)          Site               Resource
PADI_DEL    ---     1.132          4.PAD to        4.PADDI reset
ROUTE       158     3.386        4.PADDI to      R10C6D.A1 reset_c
CTOF_DEL    ---     0.495      R10C6D.A1 to      R10C6D.F1 core/engine/SLICE_379
ROUTE         1     1.173      R10C6D.F1 to       R4C7A.D1 core/engine/un1_memory_op_1dup
CTOF_DEL    ---     0.495       R4C7A.D1 to       R4C7A.F1 core/engine/SLICE_252
ROUTE         3     1.302       R4C7A.F1 to      R10C6D.C0 core/engine/un1_bus_fault_2dup
CTOF_DEL    ---     0.495      R10C6D.C0 to      R10C6D.F0 core/engine/SLICE_379
ROUTE        12     2.659      R10C6D.F0 to      R5C14B.C1 core/engine/stepdup
CTOF_DEL    ---     0.495      R5C14B.C1 to      R5C14B.F1 core/engine/dp/SLICE_290
ROUTE        16     1.562      R5C14B.F1 to     R2C12A.WRE core/engine/dp/rf_writedup (to clk_c)
                  --------
                   13.194   (23.6% logic, 76.4% route), 5 logic levels.

Unconstrained Preference:
   INPUT_SETUP PORT "reset" CLKPORT "clk" 

Report:   13.302ns delay reset to SLICE_23 (13.194ns delay and 0.108ns setup)

   Name    Fanout   Delay (ns)          Site               Resource
PADI_DEL    ---     1.132          4.PAD to        4.PADDI reset
ROUTE       158     3.386        4.PADDI to      R10C6D.A1 reset_c
CTOF_DEL    ---     0.495      R10C6D.A1 to      R10C6D.F1 core/engine/SLICE_379
ROUTE         1     1.173      R10C6D.F1 to       R4C7A.D1 core/engine/un1_memory_op_1dup
CTOF_DEL    ---     0.495       R4C7A.D1 to       R4C7A.F1 core/engine/SLICE_252
ROUTE         3     1.302       R4C7A.F1 to      R10C6D.C0 core/engine/un1_bus_fault_2dup
CTOF_DEL    ---     0.495      R10C6D.C0 to      R10C6D.F0 core/engine/SLICE_379
ROUTE        12     2.659      R10C6D.F0 to      R5C14B.C1 core/engine/stepdup
CTOF_DEL    ---     0.495      R5C14B.C1 to      R5C14B.F1 core/engine/dp/SLICE_290
ROUTE        16     1.562      R5C14B.F1 to     R2C12B.WRE core/engine/dp/rf_writedup (to clk_c)
                  --------
                   13.194   (23.6% logic, 76.4% route), 5 logic levels.

Unconstrained Preference:
   INPUT_SETUP PORT "reset" CLKPORT "clk" 

Report:   13.302ns delay reset to SLICE_31 (13.194ns delay and 0.108ns setup)

   Name    Fanout   Delay (ns)          Site               Resource
PADI_DEL    ---     1.132          4.PAD to        4.PADDI reset
ROUTE       158     3.386        4.PADDI to      R10C6D.A1 reset_c
CTOF_DEL    ---     0.495      R10C6D.A1 to      R10C6D.F1 core/engine/SLICE_379
ROUTE         1     1.173      R10C6D.F1 to       R4C7A.D1 core/engine/un1_memory_op_1dup
CTOF_DEL    ---     0.495       R4C7A.D1 to       R4C7A.F1 core/engine/SLICE_252
ROUTE         3     1.302       R4C7A.F1 to      R10C6D.C0 core/engine/un1_bus_fault_2dup
CTOF_DEL    ---     0.495      R10C6D.C0 to      R10C6D.F0 core/engine/SLICE_379
ROUTE        12     2.659      R10C6D.F0 to      R5C14B.C1 core/engine/stepdup
CTOF_DEL    ---     0.495      R5C14B.C1 to      R5C14B.F1 core/engine/dp/SLICE_290
ROUTE        16     1.562      R5C14B.F1 to     R2C13A.WRE core/engine/dp/rf_writedup (to clk_c)
                  --------
                   13.194   (23.6% logic, 76.4% route), 5 logic levels.

Unconstrained Preference:
   INPUT_SETUP PORT "reset" CLKPORT "clk" 

Report:   13.302ns delay reset to SLICE_32 (13.194ns delay and 0.108ns setup)

   Name    Fanout   Delay (ns)          Site               Resource
PADI_DEL    ---     1.132          4.PAD to        4.PADDI reset
ROUTE       158     3.386        4.PADDI to      R10C6D.A1 reset_c
CTOF_DEL    ---     0.495      R10C6D.A1 to      R10C6D.F1 core/engine/SLICE_379
ROUTE         1     1.173      R10C6D.F1 to       R4C7A.D1 core/engine/un1_memory_op_1dup
CTOF_DEL    ---     0.495       R4C7A.D1 to       R4C7A.F1 core/engine/SLICE_252
ROUTE         3     1.302       R4C7A.F1 to      R10C6D.C0 core/engine/un1_bus_fault_2dup
CTOF_DEL    ---     0.495      R10C6D.C0 to      R10C6D.F0 core/engine/SLICE_379
ROUTE        12     2.659      R10C6D.F0 to      R5C14B.C1 core/engine/stepdup
CTOF_DEL    ---     0.495      R5C14B.C1 to      R5C14B.F1 core/engine/dp/SLICE_290
ROUTE        16     1.562      R5C14B.F1 to     R2C13B.WRE core/engine/dp/rf_writedup (to clk_c)
                  --------
                   13.194   (23.6% logic, 76.4% route), 5 logic levels.

Unconstrained Preference:
   INPUT_SETUP PORT "reset" CLKPORT "clk" 

Report:   13.258ns delay reset to SLICE_25 (13.150ns delay and 0.108ns setup)

   Name    Fanout   Delay (ns)          Site               Resource
PADI_DEL    ---     1.132          4.PAD to        4.PADDI reset
ROUTE       158     3.386        4.PADDI to      R10C6D.A1 reset_c
CTOF_DEL    ---     0.495      R10C6D.A1 to      R10C6D.F1 core/engine/SLICE_379
ROUTE         1     1.173      R10C6D.F1 to       R4C7A.D1 core/engine/un1_memory_op_1dup
CTOF_DEL    ---     0.495       R4C7A.D1 to       R4C7A.F1 core/engine/SLICE_252
ROUTE         3     1.302       R4C7A.F1 to      R10C6D.C0 core/engine/un1_bus_fault_2dup
CTOF_DEL    ---     0.495      R10C6D.C0 to      R10C6D.F0 core/engine/SLICE_379
ROUTE        12     2.659      R10C6D.F0 to      R5C14B.C1 core/engine/stepdup
CTOF_DEL    ---     0.495      R5C14B.C1 to      R5C14B.F1 core/engine/dp/SLICE_290
ROUTE        16     1.518      R5C14B.F1 to     R3C13A.WRE core/engine/dp/rf_writedup (to clk_c)
                  --------
                   13.150   (23.7% logic, 76.3% route), 5 logic levels.

Unconstrained Preference:
   INPUT_SETUP PORT "reset" CLKPORT "clk" 

Report:   13.258ns delay reset to SLICE_26 (13.150ns delay and 0.108ns setup)

   Name    Fanout   Delay (ns)          Site               Resource
PADI_DEL    ---     1.132          4.PAD to        4.PADDI reset
ROUTE       158     3.386        4.PADDI to      R10C6D.A1 reset_c
CTOF_DEL    ---     0.495      R10C6D.A1 to      R10C6D.F1 core/engine/SLICE_379
ROUTE         1     1.173      R10C6D.F1 to       R4C7A.D1 core/engine/un1_memory_op_1dup
CTOF_DEL    ---     0.495       R4C7A.D1 to       R4C7A.F1 core/engine/SLICE_252
ROUTE         3     1.302       R4C7A.F1 to      R10C6D.C0 core/engine/un1_bus_fault_2dup
CTOF_DEL    ---     0.495      R10C6D.C0 to      R10C6D.F0 core/engine/SLICE_379
ROUTE        12     2.659      R10C6D.F0 to      R5C14B.C1 core/engine/stepdup
CTOF_DEL    ---     0.495      R5C14B.C1 to      R5C14B.F1 core/engine/dp/SLICE_290
ROUTE        16     1.518      R5C14B.F1 to     R3C13B.WRE core/engine/dp/rf_writedup (to clk_c)
                  --------
                   13.150   (23.7% logic, 76.3% route), 5 logic levels.

Unconstrained Preference:
   INPUT_SETUP PORT "reset" CLKPORT "clk" 

Report:   12.868ns delay reset to SLICE_28 (12.760ns delay and 0.108ns setup)

   Name    Fanout   Delay (ns)          Site               Resource
PADI_DEL    ---     1.132          4.PAD to        4.PADDI reset
ROUTE       158     3.386        4.PADDI to      R10C6D.A1 reset_c
CTOF_DEL    ---     0.495      R10C6D.A1 to      R10C6D.F1 core/engine/SLICE_379
ROUTE         1     1.173      R10C6D.F1 to       R4C7A.D1 core/engine/un1_memory_op_1dup
CTOF_DEL    ---     0.495       R4C7A.D1 to       R4C7A.F1 core/engine/SLICE_252
ROUTE         3     1.302       R4C7A.F1 to      R10C6D.C0 core/engine/un1_bus_fault_2dup
CTOF_DEL    ---     0.495      R10C6D.C0 to      R10C6D.F0 core/engine/SLICE_379
ROUTE        12     2.659      R10C6D.F0 to      R5C14B.C1 core/engine/stepdup
CTOF_DEL    ---     0.495      R5C14B.C1 to      R5C14B.F1 core/engine/dp/SLICE_290
ROUTE        16     1.128      R5C14B.F1 to     R2C14A.WRE core/engine/dp/rf_writedup (to clk_c)
                  --------
                   12.760   (24.4% logic, 75.6% route), 5 logic levels.

Unconstrained Preference:
   INPUT_SETUP PORT "reset" CLKPORT "clk" 

Report:   12.868ns delay reset to SLICE_29 (12.760ns delay and 0.108ns setup)

   Name    Fanout   Delay (ns)          Site               Resource
PADI_DEL    ---     1.132          4.PAD to        4.PADDI reset
ROUTE       158     3.386        4.PADDI to      R10C6D.A1 reset_c
CTOF_DEL    ---     0.495      R10C6D.A1 to      R10C6D.F1 core/engine/SLICE_379
ROUTE         1     1.173      R10C6D.F1 to       R4C7A.D1 core/engine/un1_memory_op_1dup
CTOF_DEL    ---     0.495       R4C7A.D1 to       R4C7A.F1 core/engine/SLICE_252
ROUTE         3     1.302       R4C7A.F1 to      R10C6D.C0 core/engine/un1_bus_fault_2dup
CTOF_DEL    ---     0.495      R10C6D.C0 to      R10C6D.F0 core/engine/SLICE_379
ROUTE        12     2.659      R10C6D.F0 to      R5C14B.C1 core/engine/stepdup
CTOF_DEL    ---     0.495      R5C14B.C1 to      R5C14B.F1 core/engine/dp/SLICE_290
ROUTE        16     1.128      R5C14B.F1 to     R2C14B.WRE core/engine/dp/rf_writedup (to clk_c)
                  --------
                   12.760   (24.4% logic, 75.6% route), 5 logic levels.

Unconstrained Preference:
   INPUT_SETUP PORT "reset" CLKPORT "clk" 

Report:   12.831ns delay reset to SLICE_37 (12.723ns delay and 0.108ns setup)

   Name    Fanout   Delay (ns)          Site               Resource
PADI_DEL    ---     1.132          4.PAD to        4.PADDI reset
ROUTE       158     3.386        4.PADDI to      R10C6D.A1 reset_c
CTOF_DEL    ---     0.495      R10C6D.A1 to      R10C6D.F1 core/engine/SLICE_379
ROUTE         1     1.173      R10C6D.F1 to       R4C7A.D1 core/engine/un1_memory_op_1dup
CTOF_DEL    ---     0.495       R4C7A.D1 to       R4C7A.F1 core/engine/SLICE_252
ROUTE         3     1.302       R4C7A.F1 to      R10C6D.C0 core/engine/un1_bus_fault_2dup
CTOF_DEL    ---     0.495      R10C6D.C0 to      R10C6D.F0 core/engine/SLICE_379
ROUTE        12     2.659      R10C6D.F0 to      R5C14B.C1 core/engine/stepdup
CTOF_DEL    ---     0.495      R5C14B.C1 to      R5C14B.F1 core/engine/dp/SLICE_290
ROUTE        16     1.091      R5C14B.F1 to     R4C14A.WRE core/engine/dp/rf_writedup (to clk_c)
                  --------
                   12.723   (24.5% logic, 75.5% route), 5 logic levels.

Unconstrained Preference:
   INPUT_SETUP PORT "reset" CLKPORT "clk" 

Report:   12.831ns delay reset to SLICE_38 (12.723ns delay and 0.108ns setup)

   Name    Fanout   Delay (ns)          Site               Resource
PADI_DEL    ---     1.132          4.PAD to        4.PADDI reset
ROUTE       158     3.386        4.PADDI to      R10C6D.A1 reset_c
CTOF_DEL    ---     0.495      R10C6D.A1 to      R10C6D.F1 core/engine/SLICE_379
ROUTE         1     1.173      R10C6D.F1 to       R4C7A.D1 core/engine/un1_memory_op_1dup
CTOF_DEL    ---     0.495       R4C7A.D1 to       R4C7A.F1 core/engine/SLICE_252
ROUTE         3     1.302       R4C7A.F1 to      R10C6D.C0 core/engine/un1_bus_fault_2dup
CTOF_DEL    ---     0.495      R10C6D.C0 to      R10C6D.F0 core/engine/SLICE_379
ROUTE        12     2.659      R10C6D.F0 to      R5C14B.C1 core/engine/stepdup
CTOF_DEL    ---     0.495      R5C14B.C1 to      R5C14B.F1 core/engine/dp/SLICE_290
ROUTE        16     1.091      R5C14B.F1 to     R4C14B.WRE core/engine/dp/rf_writedup (to clk_c)
                  --------
                   12.723   (24.5% logic, 75.5% route), 5 logic levels.

Unconstrained Preference:
   INPUT_SETUP PORT "reset" CLKPORT "clk" 

Report:   12.009ns delay reset to core/engine/seq/SLICE_166 (11.727ns delay and 0.282ns setup)

   Name    Fanout   Delay (ns)          Site               Resource
PADI_DEL    ---     1.132          4.PAD to        4.PADDI reset
ROUTE       158     3.386        4.PADDI to      R10C6D.A1 reset_c
CTOF_DEL    ---     0.495      R10C6D.A1 to      R10C6D.F1 core/engine/SLICE_379
ROUTE         1     1.173      R10C6D.F1 to       R4C7A.D1 core/engine/un1_memory_op_1dup
CTOF_DEL    ---     0.495       R4C7A.D1 to       R4C7A.F1 core/engine/SLICE_252
ROUTE         3     1.302       R4C7A.F1 to      R10C6D.C0 core/engine/un1_bus_fault_2dup
CTOF_DEL    ---     0.495      R10C6D.C0 to      R10C6D.F0 core/engine/SLICE_379
ROUTE        12     3.249      R10C6D.F0 to       R8C9D.CE core/engine/stepdup (to clk_c)
                  --------
                   11.727   (22.3% logic, 77.7% route), 4 logic levels.

Unconstrained Preference:
   INPUT_SETUP PORT "reset" CLKPORT "clk" 

Report:   12.009ns delay reset to core/engine/seq/SLICE_162 (11.727ns delay and 0.282ns setup)

   Name    Fanout   Delay (ns)          Site               Resource
PADI_DEL    ---     1.132          4.PAD to        4.PADDI reset
ROUTE       158     3.386        4.PADDI to      R10C6D.A1 reset_c
CTOF_DEL    ---     0.495      R10C6D.A1 to      R10C6D.F1 core/engine/SLICE_379
ROUTE         1     1.173      R10C6D.F1 to       R4C7A.D1 core/engine/un1_memory_op_1dup
CTOF_DEL    ---     0.495       R4C7A.D1 to       R4C7A.F1 core/engine/SLICE_252
ROUTE         3     1.302       R4C7A.F1 to      R10C6D.C0 core/engine/un1_bus_fault_2dup
CTOF_DEL    ---     0.495      R10C6D.C0 to      R10C6D.F0 core/engine/SLICE_379
ROUTE        12     3.249      R10C6D.F0 to       R8C7A.CE core/engine/stepdup (to clk_c)
                  --------
                   11.727   (22.3% logic, 77.7% route), 4 logic levels.

Unconstrained Preference:
   INPUT_SETUP PORT "reset" CLKPORT "clk" 

Report:   12.009ns delay reset to core/engine/seq/SLICE_164 (11.727ns delay and 0.282ns setup)

   Name    Fanout   Delay (ns)          Site               Resource
PADI_DEL    ---     1.132          4.PAD to        4.PADDI reset
ROUTE       158     3.386        4.PADDI to      R10C6D.A1 reset_c
CTOF_DEL    ---     0.495      R10C6D.A1 to      R10C6D.F1 core/engine/SLICE_379
ROUTE         1     1.173      R10C6D.F1 to       R4C7A.D1 core/engine/un1_memory_op_1dup
CTOF_DEL    ---     0.495       R4C7A.D1 to       R4C7A.F1 core/engine/SLICE_252
ROUTE         3     1.302       R4C7A.F1 to      R10C6D.C0 core/engine/un1_bus_fault_2dup
CTOF_DEL    ---     0.495      R10C6D.C0 to      R10C6D.F0 core/engine/SLICE_379
ROUTE        12     3.249      R10C6D.F0 to       R7C7C.CE core/engine/stepdup (to clk_c)
                  --------
                   11.727   (22.3% logic, 77.7% route), 4 logic levels.

Unconstrained Preference:
   INPUT_SETUP PORT "reset" CLKPORT "clk" 

Report:   12.009ns delay reset to core/engine/seq/SLICE_168 (11.727ns delay and 0.282ns setup)

   Name    Fanout   Delay (ns)          Site               Resource
PADI_DEL    ---     1.132          4.PAD to        4.PADDI reset
ROUTE       158     3.386        4.PADDI to      R10C6D.A1 reset_c
CTOF_DEL    ---     0.495      R10C6D.A1 to      R10C6D.F1 core/engine/SLICE_379
ROUTE         1     1.173      R10C6D.F1 to       R4C7A.D1 core/engine/un1_memory_op_1dup
CTOF_DEL    ---     0.495       R4C7A.D1 to       R4C7A.F1 core/engine/SLICE_252
ROUTE         3     1.302       R4C7A.F1 to      R10C6D.C0 core/engine/un1_bus_fault_2dup
CTOF_DEL    ---     0.495      R10C6D.C0 to      R10C6D.F0 core/engine/SLICE_379
ROUTE        12     3.249      R10C6D.F0 to      R8C12B.CE core/engine/stepdup (to clk_c)
                  --------
                   11.727   (22.3% logic, 77.7% route), 4 logic levels.

Unconstrained Preference:
   INPUT_SETUP PORT "reset" CLKPORT "clk" 

Report:   12.009ns delay reset to core/engine/seq/SLICE_160 (11.727ns delay and 0.282ns setup)

   Name    Fanout   Delay (ns)          Site               Resource
PADI_DEL    ---     1.132          4.PAD to        4.PADDI reset
ROUTE       158     3.386        4.PADDI to      R10C6D.A1 reset_c
CTOF_DEL    ---     0.495      R10C6D.A1 to      R10C6D.F1 core/engine/SLICE_379
ROUTE         1     1.173      R10C6D.F1 to       R4C7A.D1 core/engine/un1_memory_op_1dup
CTOF_DEL    ---     0.495       R4C7A.D1 to       R4C7A.F1 core/engine/SLICE_252
ROUTE         3     1.302       R4C7A.F1 to      R10C6D.C0 core/engine/un1_bus_fault_2dup
CTOF_DEL    ---     0.495      R10C6D.C0 to      R10C6D.F0 core/engine/SLICE_379
ROUTE        12     3.249      R10C6D.F0 to       R8C7C.CE core/engine/stepdup (to clk_c)
                  --------
                   11.727   (22.3% logic, 77.7% route), 4 logic levels.

Unconstrained Preference:
   INPUT_SETUP PORT "reset" CLKPORT "clk" 

Report:   12.009ns delay reset to core/engine/seq/SLICE_163 (11.727ns delay and 0.282ns setup)

   Name    Fanout   Delay (ns)          Site               Resource
PADI_DEL    ---     1.132          4.PAD to        4.PADDI reset
ROUTE       158     3.386        4.PADDI to      R10C6D.A1 reset_c
CTOF_DEL    ---     0.495      R10C6D.A1 to      R10C6D.F1 core/engine/SLICE_379
ROUTE         1     1.173      R10C6D.F1 to       R4C7A.D1 core/engine/un1_memory_op_1dup
CTOF_DEL    ---     0.495       R4C7A.D1 to       R4C7A.F1 core/engine/SLICE_252
ROUTE         3     1.302       R4C7A.F1 to      R10C6D.C0 core/engine/un1_bus_fault_2dup
CTOF_DEL    ---     0.495      R10C6D.C0 to      R10C6D.F0 core/engine/SLICE_379
ROUTE        12     3.249      R10C6D.F0 to      R8C12C.CE core/engine/stepdup (to clk_c)
                  --------
                   11.727   (22.3% logic, 77.7% route), 4 logic levels.

Unconstrained Preference:
   INPUT_SETUP PORT "reset" CLKPORT "clk" 

Report:   12.009ns delay reset to core/engine/seq/SLICE_167 (11.727ns delay and 0.282ns setup)

   Name    Fanout   Delay (ns)          Site               Resource
PADI_DEL    ---     1.132          4.PAD to        4.PADDI reset
ROUTE       158     3.386        4.PADDI to      R10C6D.A1 reset_c
CTOF_DEL    ---     0.495      R10C6D.A1 to      R10C6D.F1 core/engine/SLICE_379
ROUTE         1     1.173      R10C6D.F1 to       R4C7A.D1 core/engine/un1_memory_op_1dup
CTOF_DEL    ---     0.495       R4C7A.D1 to       R4C7A.F1 core/engine/SLICE_252
ROUTE         3     1.302       R4C7A.F1 to      R10C6D.C0 core/engine/un1_bus_fault_2dup
CTOF_DEL    ---     0.495      R10C6D.C0 to      R10C6D.F0 core/engine/SLICE_379
ROUTE        12     3.249      R10C6D.F0 to      R8C13B.CE core/engine/stepdup (to clk_c)
                  --------
                   11.727   (22.3% logic, 77.7% route), 4 logic levels.

Unconstrained Preference:
   INPUT_SETUP PORT "reset" CLKPORT "clk" 

Report:   12.009ns delay reset to core/engine/seq/SLICE_169 (11.727ns delay and 0.282ns setup)

   Name    Fanout   Delay (ns)          Site               Resource
PADI_DEL    ---     1.132          4.PAD to        4.PADDI reset
ROUTE       158     3.386        4.PADDI to      R10C6D.A1 reset_c
CTOF_DEL    ---     0.495      R10C6D.A1 to      R10C6D.F1 core/engine/SLICE_379
ROUTE         1     1.173      R10C6D.F1 to       R4C7A.D1 core/engine/un1_memory_op_1dup
CTOF_DEL    ---     0.495       R4C7A.D1 to       R4C7A.F1 core/engine/SLICE_252
ROUTE         3     1.302       R4C7A.F1 to      R10C6D.C0 core/engine/un1_bus_fault_2dup
CTOF_DEL    ---     0.495      R10C6D.C0 to      R10C6D.F0 core/engine/SLICE_379
ROUTE        12     3.249      R10C6D.F0 to       R8C8C.CE core/engine/stepdup (to clk_c)
                  --------
                   11.727   (22.3% logic, 77.7% route), 4 logic levels.

Unconstrained Preference:
   INPUT_SETUP PORT "reset" CLKPORT "clk" 

Report:   12.009ns delay reset to core/engine/seq/SLICE_165 (11.727ns delay and 0.282ns setup)

   Name    Fanout   Delay (ns)          Site               Resource
PADI_DEL    ---     1.132          4.PAD to        4.PADDI reset
ROUTE       158     3.386        4.PADDI to      R10C6D.A1 reset_c
CTOF_DEL    ---     0.495      R10C6D.A1 to      R10C6D.F1 core/engine/SLICE_379
ROUTE         1     1.173      R10C6D.F1 to       R4C7A.D1 core/engine/un1_memory_op_1dup
CTOF_DEL    ---     0.495       R4C7A.D1 to       R4C7A.F1 core/engine/SLICE_252
ROUTE         3     1.302       R4C7A.F1 to      R10C6D.C0 core/engine/un1_bus_fault_2dup
CTOF_DEL    ---     0.495      R10C6D.C0 to      R10C6D.F0 core/engine/SLICE_379
ROUTE        12     3.249      R10C6D.F0 to      R8C13A.CE core/engine/stepdup (to clk_c)
                  --------
                   11.727   (22.3% logic, 77.7% route), 4 logic levels.

Unconstrained Preference:
   INPUT_SETUP PORT "reset" CLKPORT "clk" 

Report:   12.009ns delay reset to core/engine/seq/SLICE_161 (11.727ns delay and 0.282ns setup)

   Name    Fanout   Delay (ns)          Site               Resource
PADI_DEL    ---     1.132          4.PAD to        4.PADDI reset
ROUTE       158     3.386        4.PADDI to      R10C6D.A1 reset_c
CTOF_DEL    ---     0.495      R10C6D.A1 to      R10C6D.F1 core/engine/SLICE_379
ROUTE         1     1.173      R10C6D.F1 to       R4C7A.D1 core/engine/un1_memory_op_1dup
CTOF_DEL    ---     0.495       R4C7A.D1 to       R4C7A.F1 core/engine/SLICE_252
ROUTE         3     1.302       R4C7A.F1 to      R10C6D.C0 core/engine/un1_bus_fault_2dup
CTOF_DEL    ---     0.495      R10C6D.C0 to      R10C6D.F0 core/engine/SLICE_379
ROUTE        12     3.249      R10C6D.F0 to       R8C9A.CE core/engine/stepdup (to clk_c)
                  --------
                   11.727   (22.3% logic, 77.7% route), 4 logic levels.

Unconstrained Preference:
   INPUT_SETUP PORT "reset" CLKPORT "clk" 

Report:   11.469ns delay reset to core/engine/rom/lane_3 (11.243ns delay and 0.226ns setup)

   Name    Fanout   Delay (ns)          Site               Resource
PADI_DEL    ---     1.132          4.PAD to        4.PADDI reset
ROUTE       158     3.386        4.PADDI to      R10C6D.A1 reset_c
CTOF_DEL    ---     0.495      R10C6D.A1 to      R10C6D.F1 core/engine/SLICE_379
ROUTE         1     1.173      R10C6D.F1 to       R4C7A.D1 core/engine/un1_memory_op_1dup
CTOF_DEL    ---     0.495       R4C7A.D1 to       R4C7A.F1 core/engine/SLICE_252
ROUTE         3     1.309       R4C7A.F1 to       R7C6C.C0 core/engine/un1_bus_fault_2dup
CTOF_DEL    ---     0.495       R7C6C.C0 to       R7C6C.F0 core/engine/SLICE_223
ROUTE         8     2.758       R7C6C.F0 to  EBR_R6C14.CEA core/engine/un1_completedup_RNIE899J (to clk_c)
                  --------
                   11.243   (23.3% logic, 76.7% route), 4 logic levels.

Unconstrained Preference:
   INPUT_SETUP PORT "reset" CLKPORT "clk" 

Report:   11.419ns delay reset to core/engine/SLICE_150 (11.253ns delay and 0.166ns setup)

   Name    Fanout   Delay (ns)          Site               Resource
PADI_DEL    ---     1.132          4.PAD to        4.PADDI reset
ROUTE       158     3.386        4.PADDI to      R10C6D.A1 reset_c
CTOF_DEL    ---     0.495      R10C6D.A1 to      R10C6D.F1 core/engine/SLICE_379
ROUTE         1     1.173      R10C6D.F1 to       R4C7A.D1 core/engine/un1_memory_op_1dup
CTOF_DEL    ---     0.495       R4C7A.D1 to       R4C7A.F1 core/engine/SLICE_252
ROUTE         3     1.302       R4C7A.F1 to      R10C6D.C0 core/engine/un1_bus_fault_2dup
CTOF_DEL    ---     0.495      R10C6D.C0 to      R10C6D.F0 core/engine/SLICE_379
ROUTE        12     2.280      R10C6D.F0 to      R9C13C.B0 core/engine/stepdup
CTOF_DEL    ---     0.495      R9C13C.B0 to      R9C13C.F0 core/engine/SLICE_150
ROUTE         1     0.000      R9C13C.F0 to     R9C13C.DI0 core/engine/retire_2 (to clk_c)
                  --------
                   11.253   (27.7% logic, 72.3% route), 5 logic levels.

Unconstrained Preference:
   INPUT_SETUP PORT "reset" CLKPORT "clk" 

Report:   11.164ns delay reset to core/engine/rom/lane_3 (11.243ns delay and -0.079ns setup)

   Name    Fanout   Delay (ns)          Site               Resource
PADI_DEL    ---     1.132          4.PAD to        4.PADDI reset
ROUTE       158     3.386        4.PADDI to      R10C6D.A1 reset_c
CTOF_DEL    ---     0.495      R10C6D.A1 to      R10C6D.F1 core/engine/SLICE_379
ROUTE         1     1.173      R10C6D.F1 to       R4C7A.D1 core/engine/un1_memory_op_1dup
CTOF_DEL    ---     0.495       R4C7A.D1 to       R4C7A.F1 core/engine/SLICE_252
ROUTE         3     1.309       R4C7A.F1 to       R7C6C.C0 core/engine/un1_bus_fault_2dup
CTOF_DEL    ---     0.495       R7C6C.C0 to       R7C6C.F0 core/engine/SLICE_223
ROUTE         8     2.758       R7C6C.F0 to EBR_R6C14.OCEA core/engine/un1_completedup_RNIE899J (to clk_c)
                  --------
                   11.243   (23.3% logic, 76.7% route), 4 logic levels.

Unconstrained Preference:
   INPUT_SETUP PORT "reset" CLKPORT "clk" 

Report:   10.940ns delay reset to core/engine/rom/lane_2 (10.714ns delay and 0.226ns setup)

   Name    Fanout   Delay (ns)          Site               Resource
PADI_DEL    ---     1.132          4.PAD to        4.PADDI reset
ROUTE       158     3.386        4.PADDI to      R10C6D.A1 reset_c
CTOF_DEL    ---     0.495      R10C6D.A1 to      R10C6D.F1 core/engine/SLICE_379
ROUTE         1     1.173      R10C6D.F1 to       R4C7A.D1 core/engine/un1_memory_op_1dup
CTOF_DEL    ---     0.495       R4C7A.D1 to       R4C7A.F1 core/engine/SLICE_252
ROUTE         3     1.309       R4C7A.F1 to       R7C6C.C0 core/engine/un1_bus_fault_2dup
CTOF_DEL    ---     0.495       R7C6C.C0 to       R7C6C.F0 core/engine/SLICE_223
ROUTE         8     2.229       R7C6C.F0 to  EBR_R6C10.CEA core/engine/un1_completedup_RNIE899J (to clk_c)
                  --------
                   10.714   (24.4% logic, 75.6% route), 4 logic levels.

Unconstrained Preference:
   INPUT_SETUP PORT "reset" CLKPORT "clk" 

Report:   10.635ns delay reset to core/engine/rom/lane_2 (10.714ns delay and -0.079ns setup)

   Name    Fanout   Delay (ns)          Site               Resource
PADI_DEL    ---     1.132          4.PAD to        4.PADDI reset
ROUTE       158     3.386        4.PADDI to      R10C6D.A1 reset_c
CTOF_DEL    ---     0.495      R10C6D.A1 to      R10C6D.F1 core/engine/SLICE_379
ROUTE         1     1.173      R10C6D.F1 to       R4C7A.D1 core/engine/un1_memory_op_1dup
CTOF_DEL    ---     0.495       R4C7A.D1 to       R4C7A.F1 core/engine/SLICE_252
ROUTE         3     1.309       R4C7A.F1 to       R7C6C.C0 core/engine/un1_bus_fault_2dup
CTOF_DEL    ---     0.495       R7C6C.C0 to       R7C6C.F0 core/engine/SLICE_223
ROUTE         8     2.229       R7C6C.F0 to EBR_R6C10.OCEA core/engine/un1_completedup_RNIE899J (to clk_c)
                  --------
                   10.714   (24.4% logic, 75.6% route), 4 logic levels.

Unconstrained Preference:
   INPUT_SETUP PORT "reset" CLKPORT "clk" 

Report:   10.430ns delay reset to core/engine/rom/lane_1 (10.204ns delay and 0.226ns setup)

   Name    Fanout   Delay (ns)          Site               Resource
PADI_DEL    ---     1.132          4.PAD to        4.PADDI reset
ROUTE       158     3.386        4.PADDI to      R10C6D.A1 reset_c
CTOF_DEL    ---     0.495      R10C6D.A1 to      R10C6D.F1 core/engine/SLICE_379
ROUTE         1     1.173      R10C6D.F1 to       R4C7A.D1 core/engine/un1_memory_op_1dup
CTOF_DEL    ---     0.495       R4C7A.D1 to       R4C7A.F1 core/engine/SLICE_252
ROUTE         3     1.309       R4C7A.F1 to       R7C6C.C0 core/engine/un1_bus_fault_2dup
CTOF_DEL    ---     0.495       R7C6C.C0 to       R7C6C.F0 core/engine/SLICE_223
ROUTE         8     1.719       R7C6C.F0 to   EBR_R6C7.CEA core/engine/un1_completedup_RNIE899J (to clk_c)
                  --------
                   10.204   (25.6% logic, 74.4% route), 4 logic levels.

Unconstrained Preference:
   INPUT_SETUP PORT "reset" CLKPORT "clk" 

Report:   10.430ns delay reset to core/engine/rom/lane_0 (10.204ns delay and 0.226ns setup)

   Name    Fanout   Delay (ns)          Site               Resource
PADI_DEL    ---     1.132          4.PAD to        4.PADDI reset
ROUTE       158     3.386        4.PADDI to      R10C6D.A1 reset_c
CTOF_DEL    ---     0.495      R10C6D.A1 to      R10C6D.F1 core/engine/SLICE_379
ROUTE         1     1.173      R10C6D.F1 to       R4C7A.D1 core/engine/un1_memory_op_1dup
CTOF_DEL    ---     0.495       R4C7A.D1 to       R4C7A.F1 core/engine/SLICE_252
ROUTE         3     1.309       R4C7A.F1 to       R7C6C.C0 core/engine/un1_bus_fault_2dup
CTOF_DEL    ---     0.495       R7C6C.C0 to       R7C6C.F0 core/engine/SLICE_223
ROUTE         8     1.719       R7C6C.F0 to   EBR_R6C4.CEA core/engine/un1_completedup_RNIE899J (to clk_c)
                  --------
                   10.204   (25.6% logic, 74.4% route), 4 logic levels.

Unconstrained Preference:
   INPUT_SETUP PORT "reset" CLKPORT "clk" 

Report:   10.125ns delay reset to core/engine/rom/lane_1 (10.204ns delay and -0.079ns setup)

   Name    Fanout   Delay (ns)          Site               Resource
PADI_DEL    ---     1.132          4.PAD to        4.PADDI reset
ROUTE       158     3.386        4.PADDI to      R10C6D.A1 reset_c
CTOF_DEL    ---     0.495      R10C6D.A1 to      R10C6D.F1 core/engine/SLICE_379
ROUTE         1     1.173      R10C6D.F1 to       R4C7A.D1 core/engine/un1_memory_op_1dup
CTOF_DEL    ---     0.495       R4C7A.D1 to       R4C7A.F1 core/engine/SLICE_252
ROUTE         3     1.309       R4C7A.F1 to       R7C6C.C0 core/engine/un1_bus_fault_2dup
CTOF_DEL    ---     0.495       R7C6C.C0 to       R7C6C.F0 core/engine/SLICE_223
ROUTE         8     1.719       R7C6C.F0 to  EBR_R6C7.OCEA core/engine/un1_completedup_RNIE899J (to clk_c)
                  --------
                   10.204   (25.6% logic, 74.4% route), 4 logic levels.

Unconstrained Preference:
   INPUT_SETUP PORT "reset" CLKPORT "clk" 

Report:   10.125ns delay reset to core/engine/rom/lane_0 (10.204ns delay and -0.079ns setup)

   Name    Fanout   Delay (ns)          Site               Resource
PADI_DEL    ---     1.132          4.PAD to        4.PADDI reset
ROUTE       158     3.386        4.PADDI to      R10C6D.A1 reset_c
CTOF_DEL    ---     0.495      R10C6D.A1 to      R10C6D.F1 core/engine/SLICE_379
ROUTE         1     1.173      R10C6D.F1 to       R4C7A.D1 core/engine/un1_memory_op_1dup
CTOF_DEL    ---     0.495       R4C7A.D1 to       R4C7A.F1 core/engine/SLICE_252
ROUTE         3     1.309       R4C7A.F1 to       R7C6C.C0 core/engine/un1_bus_fault_2dup
CTOF_DEL    ---     0.495       R7C6C.C0 to       R7C6C.F0 core/engine/SLICE_223
ROUTE         8     1.719       R7C6C.F0 to  EBR_R6C4.OCEA core/engine/un1_completedup_RNIE899J (to clk_c)
                  --------
                   10.204   (25.6% logic, 74.4% route), 4 logic levels.

Unconstrained Preference:
   INPUT_SETUP PORT "reset" CLKPORT "clk" 

Report:    3.857ns delay reset to SLICE_126 (3.583ns delay and 0.274ns setup)

   Name    Fanout   Delay (ns)          Site               Resource
PADI_DEL    ---     1.132          4.PAD to        4.PADDI reset
ROUTE       158     2.451        4.PADDI to      R3C9A.LSR reset_c (to clk_c)
                  --------
                    3.583   (31.6% logic, 68.4% route), 1 logic levels.

Unconstrained Preference:
   INPUT_SETUP PORT "reset" CLKPORT "clk" 

Report:    3.857ns delay reset to SLICE_127 (3.583ns delay and 0.274ns setup)

   Name    Fanout   Delay (ns)          Site               Resource
PADI_DEL    ---     1.132          4.PAD to        4.PADDI reset
ROUTE       158     2.451        4.PADDI to      R3C9B.LSR reset_c (to clk_c)
                  --------
                    3.583   (31.6% logic, 68.4% route), 1 logic levels.

Unconstrained Preference:
   INPUT_SETUP PORT "reset" CLKPORT "clk" 

Report:    3.857ns delay reset to SLICE_154 (3.583ns delay and 0.274ns setup)

   Name    Fanout   Delay (ns)          Site               Resource
PADI_DEL    ---     1.132          4.PAD to        4.PADDI reset
ROUTE       158     2.451        4.PADDI to     R3C12C.LSR reset_c (to clk_c)
                  --------
                    3.583   (31.6% logic, 68.4% route), 1 logic levels.

Unconstrained Preference:
   INPUT_SETUP PORT "reset" CLKPORT "clk" 

Report:    3.857ns delay reset to SLICE_155 (3.583ns delay and 0.274ns setup)

   Name    Fanout   Delay (ns)          Site               Resource
PADI_DEL    ---     1.132          4.PAD to        4.PADDI reset
ROUTE       158     2.451        4.PADDI to      R3C7B.LSR reset_c (to clk_c)
                  --------
                    3.583   (31.6% logic, 68.4% route), 1 logic levels.

Unconstrained Preference:
   INPUT_SETUP PORT "reset" CLKPORT "clk" 

Report:    3.857ns delay reset to SLICE_156 (3.583ns delay and 0.274ns setup)

   Name    Fanout   Delay (ns)          Site               Resource
PADI_DEL    ---     1.132          4.PAD to        4.PADDI reset
ROUTE       158     2.451        4.PADDI to      R4C5B.LSR reset_c (to clk_c)
                  --------
                    3.583   (31.6% logic, 68.4% route), 1 logic levels.

Unconstrained Preference:
   INPUT_SETUP PORT "reset" CLKPORT "clk" 

Report:    3.857ns delay reset to SLICE_157 (3.583ns delay and 0.274ns setup)

   Name    Fanout   Delay (ns)          Site               Resource
PADI_DEL    ---     1.132          4.PAD to        4.PADDI reset
ROUTE       158     2.451        4.PADDI to     R3C12A.LSR reset_c (to clk_c)
                  --------
                    3.583   (31.6% logic, 68.4% route), 1 logic levels.

Unconstrained Preference:
   INPUT_SETUP PORT "reset" CLKPORT "clk" 

Report:    3.857ns delay reset to SLICE_158 (3.583ns delay and 0.274ns setup)

   Name    Fanout   Delay (ns)          Site               Resource
PADI_DEL    ---     1.132          4.PAD to        4.PADDI reset
ROUTE       158     2.451        4.PADDI to     R4C13D.LSR reset_c (to clk_c)
                  --------
                    3.583   (31.6% logic, 68.4% route), 1 logic levels.

Unconstrained Preference:
   INPUT_SETUP PORT "reset" CLKPORT "clk" 

Report:    3.857ns delay reset to SLICE_159 (3.583ns delay and 0.274ns setup)

   Name    Fanout   Delay (ns)          Site               Resource
PADI_DEL    ---     1.132          4.PAD to        4.PADDI reset
ROUTE       158     2.451        4.PADDI to      R3C8B.LSR reset_c (to clk_c)
                  --------
                    3.583   (31.6% logic, 68.4% route), 1 logic levels.

Unconstrained Preference:
   INPUT_SETUP PORT "reset" CLKPORT "clk" 

Report:    3.857ns delay reset to SLICE_16 (3.583ns delay and 0.274ns setup)

   Name    Fanout   Delay (ns)          Site               Resource
PADI_DEL    ---     1.132          4.PAD to        4.PADDI reset
ROUTE       158     2.451        4.PADDI to     R4C12A.LSR reset_c (to clk_c)
                  --------
                    3.583   (31.6% logic, 68.4% route), 1 logic levels.

Unconstrained Preference:
   INPUT_SETUP PORT "reset" CLKPORT "clk" 

Report:    3.857ns delay reset to SLICE_17 (3.583ns delay and 0.274ns setup)

   Name    Fanout   Delay (ns)          Site               Resource
PADI_DEL    ---     1.132          4.PAD to        4.PADDI reset
ROUTE       158     2.451        4.PADDI to     R4C12B.LSR reset_c (to clk_c)
                  --------
                    3.583   (31.6% logic, 68.4% route), 1 logic levels.

Unconstrained Preference:
   INPUT_SETUP PORT "reset" CLKPORT "clk" 

Report:    3.857ns delay reset to SLICE_19 (3.583ns delay and 0.274ns setup)

   Name    Fanout   Delay (ns)          Site               Resource
PADI_DEL    ---     1.132          4.PAD to        4.PADDI reset
ROUTE       158     2.451        4.PADDI to     R4C13A.LSR reset_c (to clk_c)
                  --------
                    3.583   (31.6% logic, 68.4% route), 1 logic levels.

Unconstrained Preference:
   INPUT_SETUP PORT "reset" CLKPORT "clk" 

Report:    3.857ns delay reset to SLICE_20 (3.583ns delay and 0.274ns setup)

   Name    Fanout   Delay (ns)          Site               Resource
PADI_DEL    ---     1.132          4.PAD to        4.PADDI reset
ROUTE       158     2.451        4.PADDI to     R4C13B.LSR reset_c (to clk_c)
                  --------
                    3.583   (31.6% logic, 68.4% route), 1 logic levels.

Unconstrained Preference:
   INPUT_SETUP PORT "reset" CLKPORT "clk" 

Report:    3.857ns delay reset to SLICE_22 (3.583ns delay and 0.274ns setup)

   Name    Fanout   Delay (ns)          Site               Resource
PADI_DEL    ---     1.132          4.PAD to        4.PADDI reset
ROUTE       158     2.451        4.PADDI to     R2C12A.LSR reset_c (to clk_c)
                  --------
                    3.583   (31.6% logic, 68.4% route), 1 logic levels.

Unconstrained Preference:
   INPUT_SETUP PORT "reset" CLKPORT "clk" 

Report:    3.857ns delay reset to SLICE_225 (3.583ns delay and 0.274ns setup)

   Name    Fanout   Delay (ns)          Site               Resource
PADI_DEL    ---     1.132          4.PAD to        4.PADDI reset
ROUTE       158     2.451        4.PADDI to      R3C7D.LSR reset_c (to clk_c)
                  --------
                    3.583   (31.6% logic, 68.4% route), 1 logic levels.

Unconstrained Preference:
   INPUT_SETUP PORT "reset" CLKPORT "clk" 

Report:    3.857ns delay reset to SLICE_226 (3.583ns delay and 0.274ns setup)

   Name    Fanout   Delay (ns)          Site               Resource
PADI_DEL    ---     1.132          4.PAD to        4.PADDI reset
ROUTE       158     2.451        4.PADDI to      R5C7A.LSR reset_c (to clk_c)
                  --------
                    3.583   (31.6% logic, 68.4% route), 1 logic levels.

Unconstrained Preference:
   INPUT_SETUP PORT "reset" CLKPORT "clk" 

Report:    3.857ns delay reset to SLICE_227 (3.583ns delay and 0.274ns setup)

   Name    Fanout   Delay (ns)          Site               Resource
PADI_DEL    ---     1.132          4.PAD to        4.PADDI reset
ROUTE       158     2.451        4.PADDI to      R3C6D.LSR reset_c (to clk_c)
                  --------
                    3.583   (31.6% logic, 68.4% route), 1 logic levels.

Unconstrained Preference:
   INPUT_SETUP PORT "reset" CLKPORT "clk" 

Report:    3.857ns delay reset to SLICE_228 (3.583ns delay and 0.274ns setup)

   Name    Fanout   Delay (ns)          Site               Resource
PADI_DEL    ---     1.132          4.PAD to        4.PADDI reset
ROUTE       158     2.451        4.PADDI to      R4C6B.LSR reset_c (to clk_c)
                  --------
                    3.583   (31.6% logic, 68.4% route), 1 logic levels.

Unconstrained Preference:
   INPUT_SETUP PORT "reset" CLKPORT "clk" 

Report:    3.857ns delay reset to SLICE_23 (3.583ns delay and 0.274ns setup)

   Name    Fanout   Delay (ns)          Site               Resource
PADI_DEL    ---     1.132          4.PAD to        4.PADDI reset
ROUTE       158     2.451        4.PADDI to     R2C12B.LSR reset_c (to clk_c)
                  --------
                    3.583   (31.6% logic, 68.4% route), 1 logic levels.

Unconstrained Preference:
   INPUT_SETUP PORT "reset" CLKPORT "clk" 

Report:    3.857ns delay reset to SLICE_230 (3.583ns delay and 0.274ns setup)

   Name    Fanout   Delay (ns)          Site               Resource
PADI_DEL    ---     1.132          4.PAD to        4.PADDI reset
ROUTE       158     2.451        4.PADDI to      R4C8D.LSR reset_c (to clk_c)
                  --------
                    3.583   (31.6% logic, 68.4% route), 1 logic levels.

Unconstrained Preference:
   INPUT_SETUP PORT "reset" CLKPORT "clk" 

Report:    3.857ns delay reset to SLICE_231 (3.583ns delay and 0.274ns setup)

   Name    Fanout   Delay (ns)          Site               Resource
PADI_DEL    ---     1.132          4.PAD to        4.PADDI reset
ROUTE       158     2.451        4.PADDI to      R5C6C.LSR reset_c (to clk_c)
                  --------
                    3.583   (31.6% logic, 68.4% route), 1 logic levels.

Unconstrained Preference:
   INPUT_SETUP PORT "reset" CLKPORT "clk" 

Report:    3.857ns delay reset to SLICE_232 (3.583ns delay and 0.274ns setup)

   Name    Fanout   Delay (ns)          Site               Resource
PADI_DEL    ---     1.132          4.PAD to        4.PADDI reset
ROUTE       158     2.451        4.PADDI to      R5C6B.LSR reset_c (to clk_c)
                  --------
                    3.583   (31.6% logic, 68.4% route), 1 logic levels.

Unconstrained Preference:
   INPUT_SETUP PORT "reset" CLKPORT "clk" 

Report:    3.857ns delay reset to SLICE_233 (3.583ns delay and 0.274ns setup)

   Name    Fanout   Delay (ns)          Site               Resource
PADI_DEL    ---     1.132          4.PAD to        4.PADDI reset
ROUTE       158     2.451        4.PADDI to      R5C5B.LSR reset_c (to clk_c)
                  --------
                    3.583   (31.6% logic, 68.4% route), 1 logic levels.

Unconstrained Preference:
   INPUT_SETUP PORT "reset" CLKPORT "clk" 

Report:    3.857ns delay reset to SLICE_234 (3.583ns delay and 0.274ns setup)

   Name    Fanout   Delay (ns)          Site               Resource
PADI_DEL    ---     1.132          4.PAD to        4.PADDI reset
ROUTE       158     2.451        4.PADDI to      R5C6D.LSR reset_c (to clk_c)
                  --------
                    3.583   (31.6% logic, 68.4% route), 1 logic levels.

Unconstrained Preference:
   INPUT_SETUP PORT "reset" CLKPORT "clk" 

Report:    3.857ns delay reset to SLICE_235 (3.583ns delay and 0.274ns setup)

   Name    Fanout   Delay (ns)          Site               Resource
PADI_DEL    ---     1.132          4.PAD to        4.PADDI reset
ROUTE       158     2.451        4.PADDI to     R3C12B.LSR reset_c (to clk_c)
                  --------
                    3.583   (31.6% logic, 68.4% route), 1 logic levels.

Unconstrained Preference:
   INPUT_SETUP PORT "reset" CLKPORT "clk" 

Report:    3.857ns delay reset to SLICE_25 (3.583ns delay and 0.274ns setup)

   Name    Fanout   Delay (ns)          Site               Resource
PADI_DEL    ---     1.132          4.PAD to        4.PADDI reset
ROUTE       158     2.451        4.PADDI to     R3C13A.LSR reset_c (to clk_c)
                  --------
                    3.583   (31.6% logic, 68.4% route), 1 logic levels.

Unconstrained Preference:
   INPUT_SETUP PORT "reset" CLKPORT "clk" 

Report:    3.857ns delay reset to SLICE_258 (3.583ns delay and 0.274ns setup)

   Name    Fanout   Delay (ns)          Site               Resource
PADI_DEL    ---     1.132          4.PAD to        4.PADDI reset
ROUTE       158     2.451        4.PADDI to     R8C15A.LSR reset_c (to clk_c)
                  --------
                    3.583   (31.6% logic, 68.4% route), 1 logic levels.

Unconstrained Preference:
   INPUT_SETUP PORT "reset" CLKPORT "clk" 

Report:    3.857ns delay reset to SLICE_26 (3.583ns delay and 0.274ns setup)

   Name    Fanout   Delay (ns)          Site               Resource
PADI_DEL    ---     1.132          4.PAD to        4.PADDI reset
ROUTE       158     2.451        4.PADDI to     R3C13B.LSR reset_c (to clk_c)
                  --------
                    3.583   (31.6% logic, 68.4% route), 1 logic levels.

Unconstrained Preference:
   INPUT_SETUP PORT "reset" CLKPORT "clk" 

Report:    3.857ns delay reset to SLICE_28 (3.583ns delay and 0.274ns setup)

   Name    Fanout   Delay (ns)          Site               Resource
PADI_DEL    ---     1.132          4.PAD to        4.PADDI reset
ROUTE       158     2.451        4.PADDI to     R2C14A.LSR reset_c (to clk_c)
                  --------
                    3.583   (31.6% logic, 68.4% route), 1 logic levels.

Unconstrained Preference:
   INPUT_SETUP PORT "reset" CLKPORT "clk" 

Report:    3.857ns delay reset to SLICE_29 (3.583ns delay and 0.274ns setup)

   Name    Fanout   Delay (ns)          Site               Resource
PADI_DEL    ---     1.132          4.PAD to        4.PADDI reset
ROUTE       158     2.451        4.PADDI to     R2C14B.LSR reset_c (to clk_c)
                  --------
                    3.583   (31.6% logic, 68.4% route), 1 logic levels.

Unconstrained Preference:
   INPUT_SETUP PORT "reset" CLKPORT "clk" 

Report:    3.857ns delay reset to SLICE_31 (3.583ns delay and 0.274ns setup)

   Name    Fanout   Delay (ns)          Site               Resource
PADI_DEL    ---     1.132          4.PAD to        4.PADDI reset
ROUTE       158     2.451        4.PADDI to     R2C13A.LSR reset_c (to clk_c)
                  --------
                    3.583   (31.6% logic, 68.4% route), 1 logic levels.

Unconstrained Preference:
   INPUT_SETUP PORT "reset" CLKPORT "clk" 

Report:    3.857ns delay reset to SLICE_313 (3.583ns delay and 0.274ns setup)

   Name    Fanout   Delay (ns)          Site               Resource
PADI_DEL    ---     1.132          4.PAD to        4.PADDI reset
ROUTE       158     2.451        4.PADDI to      R3C6C.LSR reset_c (to clk_c)
                  --------
                    3.583   (31.6% logic, 68.4% route), 1 logic levels.

Unconstrained Preference:
   INPUT_SETUP PORT "reset" CLKPORT "clk" 

Report:    3.857ns delay reset to SLICE_314 (3.583ns delay and 0.274ns setup)

   Name    Fanout   Delay (ns)          Site               Resource
PADI_DEL    ---     1.132          4.PAD to        4.PADDI reset
ROUTE       158     2.451        4.PADDI to      R3C6A.LSR reset_c (to clk_c)
                  --------
                    3.583   (31.6% logic, 68.4% route), 1 logic levels.

Unconstrained Preference:
   INPUT_SETUP PORT "reset" CLKPORT "clk" 

Report:    3.857ns delay reset to SLICE_315 (3.583ns delay and 0.274ns setup)

   Name    Fanout   Delay (ns)          Site               Resource
PADI_DEL    ---     1.132          4.PAD to        4.PADDI reset
ROUTE       158     2.451        4.PADDI to      R5C7D.LSR reset_c (to clk_c)
                  --------
                    3.583   (31.6% logic, 68.4% route), 1 logic levels.

Unconstrained Preference:
   INPUT_SETUP PORT "reset" CLKPORT "clk" 

Report:    3.857ns delay reset to SLICE_316 (3.583ns delay and 0.274ns setup)

   Name    Fanout   Delay (ns)          Site               Resource
PADI_DEL    ---     1.132          4.PAD to        4.PADDI reset
ROUTE       158     2.451        4.PADDI to      R4C7C.LSR reset_c (to clk_c)
                  --------
                    3.583   (31.6% logic, 68.4% route), 1 logic levels.

Unconstrained Preference:
   INPUT_SETUP PORT "reset" CLKPORT "clk" 

Report:    3.857ns delay reset to SLICE_317 (3.583ns delay and 0.274ns setup)

   Name    Fanout   Delay (ns)          Site               Resource
PADI_DEL    ---     1.132          4.PAD to        4.PADDI reset
ROUTE       158     2.451        4.PADDI to      R4C6A.LSR reset_c (to clk_c)
                  --------
                    3.583   (31.6% logic, 68.4% route), 1 logic levels.

Unconstrained Preference:
   INPUT_SETUP PORT "reset" CLKPORT "clk" 

Report:    3.857ns delay reset to SLICE_318 (3.583ns delay and 0.274ns setup)

   Name    Fanout   Delay (ns)          Site               Resource
PADI_DEL    ---     1.132          4.PAD to        4.PADDI reset
ROUTE       158     2.451        4.PADDI to      R4C7B.LSR reset_c (to clk_c)
                  --------
                    3.583   (31.6% logic, 68.4% route), 1 logic levels.

Unconstrained Preference:
   INPUT_SETUP PORT "reset" CLKPORT "clk" 

Report:    3.857ns delay reset to SLICE_319 (3.583ns delay and 0.274ns setup)

   Name    Fanout   Delay (ns)          Site               Resource
PADI_DEL    ---     1.132          4.PAD to        4.PADDI reset
ROUTE       158     2.451        4.PADDI to      R4C7D.LSR reset_c (to clk_c)
                  --------
                    3.583   (31.6% logic, 68.4% route), 1 logic levels.

Unconstrained Preference:
   INPUT_SETUP PORT "reset" CLKPORT "clk" 

Report:    3.857ns delay reset to SLICE_32 (3.583ns delay and 0.274ns setup)

   Name    Fanout   Delay (ns)          Site               Resource
PADI_DEL    ---     1.132          4.PAD to        4.PADDI reset
ROUTE       158     2.451        4.PADDI to     R2C13B.LSR reset_c (to clk_c)
                  --------
                    3.583   (31.6% logic, 68.4% route), 1 logic levels.

Unconstrained Preference:
   INPUT_SETUP PORT "reset" CLKPORT "clk" 

Report:    3.857ns delay reset to SLICE_320 (3.583ns delay and 0.274ns setup)

   Name    Fanout   Delay (ns)          Site               Resource
PADI_DEL    ---     1.132          4.PAD to        4.PADDI reset
ROUTE       158     2.451        4.PADDI to      R3C6B.LSR reset_c (to clk_c)
                  --------
                    3.583   (31.6% logic, 68.4% route), 1 logic levels.

Unconstrained Preference:
   INPUT_SETUP PORT "reset" CLKPORT "clk" 

Report:    3.857ns delay reset to SLICE_322 (3.583ns delay and 0.274ns setup)

   Name    Fanout   Delay (ns)          Site               Resource
PADI_DEL    ---     1.132          4.PAD to        4.PADDI reset
ROUTE       158     2.451        4.PADDI to      R4C6D.LSR reset_c (to clk_c)
                  --------
                    3.583   (31.6% logic, 68.4% route), 1 logic levels.

Unconstrained Preference:
   INPUT_SETUP PORT "reset" CLKPORT "clk" 

Report:    3.857ns delay reset to SLICE_323 (3.583ns delay and 0.274ns setup)

   Name    Fanout   Delay (ns)          Site               Resource
PADI_DEL    ---     1.132          4.PAD to        4.PADDI reset
ROUTE       158     2.451        4.PADDI to      R5C5A.LSR reset_c (to clk_c)
                  --------
                    3.583   (31.6% logic, 68.4% route), 1 logic levels.

Unconstrained Preference:
   INPUT_SETUP PORT "reset" CLKPORT "clk" 

Report:    3.857ns delay reset to SLICE_324 (3.583ns delay and 0.274ns setup)

   Name    Fanout   Delay (ns)          Site               Resource
PADI_DEL    ---     1.132          4.PAD to        4.PADDI reset
ROUTE       158     2.451        4.PADDI to      R3C5D.LSR reset_c (to clk_c)
                  --------
                    3.583   (31.6% logic, 68.4% route), 1 logic levels.

Unconstrained Preference:
   INPUT_SETUP PORT "reset" CLKPORT "clk" 

Report:    3.857ns delay reset to SLICE_325 (3.583ns delay and 0.274ns setup)

   Name    Fanout   Delay (ns)          Site               Resource
PADI_DEL    ---     1.132          4.PAD to        4.PADDI reset
ROUTE       158     2.451        4.PADDI to      R5C5C.LSR reset_c (to clk_c)
                  --------
                    3.583   (31.6% logic, 68.4% route), 1 logic levels.

Unconstrained Preference:
   INPUT_SETUP PORT "reset" CLKPORT "clk" 

Report:    3.857ns delay reset to SLICE_326 (3.583ns delay and 0.274ns setup)

   Name    Fanout   Delay (ns)          Site               Resource
PADI_DEL    ---     1.132          4.PAD to        4.PADDI reset
ROUTE       158     2.451        4.PADDI to     R2C12D.LSR reset_c (to clk_c)
                  --------
                    3.583   (31.6% logic, 68.4% route), 1 logic levels.

Unconstrained Preference:
   INPUT_SETUP PORT "reset" CLKPORT "clk" 

Report:    3.857ns delay reset to SLICE_327 (3.583ns delay and 0.274ns setup)

   Name    Fanout   Delay (ns)          Site               Resource
PADI_DEL    ---     1.132          4.PAD to        4.PADDI reset
ROUTE       158     2.451        4.PADDI to      R3C9C.LSR reset_c (to clk_c)
                  --------
                    3.583   (31.6% logic, 68.4% route), 1 logic levels.

Unconstrained Preference:
   INPUT_SETUP PORT "reset" CLKPORT "clk" 

Report:    3.857ns delay reset to SLICE_328 (3.583ns delay and 0.274ns setup)

   Name    Fanout   Delay (ns)          Site               Resource
PADI_DEL    ---     1.132          4.PAD to        4.PADDI reset
ROUTE       158     2.451        4.PADDI to     R2C11D.LSR reset_c (to clk_c)
                  --------
                    3.583   (31.6% logic, 68.4% route), 1 logic levels.

Unconstrained Preference:
   INPUT_SETUP PORT "reset" CLKPORT "clk" 

Report:    3.857ns delay reset to SLICE_329 (3.583ns delay and 0.274ns setup)

   Name    Fanout   Delay (ns)          Site               Resource
PADI_DEL    ---     1.132          4.PAD to        4.PADDI reset
ROUTE       158     2.451        4.PADDI to     R3C12D.LSR reset_c (to clk_c)
                  --------
                    3.583   (31.6% logic, 68.4% route), 1 logic levels.

Unconstrained Preference:
   INPUT_SETUP PORT "reset" CLKPORT "clk" 

Report:    3.857ns delay reset to SLICE_330 (3.583ns delay and 0.274ns setup)

   Name    Fanout   Delay (ns)          Site               Resource
PADI_DEL    ---     1.132          4.PAD to        4.PADDI reset
ROUTE       158     2.451        4.PADDI to     R2C10D.LSR reset_c (to clk_c)
                  --------
                    3.583   (31.6% logic, 68.4% route), 1 logic levels.

Unconstrained Preference:
   INPUT_SETUP PORT "reset" CLKPORT "clk" 

Report:    3.857ns delay reset to SLICE_331 (3.583ns delay and 0.274ns setup)

   Name    Fanout   Delay (ns)          Site               Resource
PADI_DEL    ---     1.132          4.PAD to        4.PADDI reset
ROUTE       158     2.451        4.PADDI to      R3C5B.LSR reset_c (to clk_c)
                  --------
                    3.583   (31.6% logic, 68.4% route), 1 logic levels.

Unconstrained Preference:
   INPUT_SETUP PORT "reset" CLKPORT "clk" 

Report:    3.857ns delay reset to SLICE_332 (3.583ns delay and 0.274ns setup)

   Name    Fanout   Delay (ns)          Site               Resource
PADI_DEL    ---     1.132          4.PAD to        4.PADDI reset
ROUTE       158     2.451        4.PADDI to      R4C8A.LSR reset_c (to clk_c)
                  --------
                    3.583   (31.6% logic, 68.4% route), 1 logic levels.

Unconstrained Preference:
   INPUT_SETUP PORT "reset" CLKPORT "clk" 

Report:    3.857ns delay reset to SLICE_333 (3.583ns delay and 0.274ns setup)

   Name    Fanout   Delay (ns)          Site               Resource
PADI_DEL    ---     1.132          4.PAD to        4.PADDI reset
ROUTE       158     2.451        4.PADDI to      R2C8C.LSR reset_c (to clk_c)
                  --------
                    3.583   (31.6% logic, 68.4% route), 1 logic levels.

Unconstrained Preference:
   INPUT_SETUP PORT "reset" CLKPORT "clk" 

Report:    3.857ns delay reset to SLICE_334 (3.583ns delay and 0.274ns setup)

   Name    Fanout   Delay (ns)          Site               Resource
PADI_DEL    ---     1.132          4.PAD to        4.PADDI reset
ROUTE       158     2.451        4.PADDI to     R2C11C.LSR reset_c (to clk_c)
                  --------
                    3.583   (31.6% logic, 68.4% route), 1 logic levels.

Unconstrained Preference:
   INPUT_SETUP PORT "reset" CLKPORT "clk" 

Report:    3.857ns delay reset to SLICE_335 (3.583ns delay and 0.274ns setup)

   Name    Fanout   Delay (ns)          Site               Resource
PADI_DEL    ---     1.132          4.PAD to        4.PADDI reset
ROUTE       158     2.451        4.PADDI to     R2C11B.LSR reset_c (to clk_c)
                  --------
                    3.583   (31.6% logic, 68.4% route), 1 logic levels.

Unconstrained Preference:
   INPUT_SETUP PORT "reset" CLKPORT "clk" 

Report:    3.857ns delay reset to SLICE_34 (3.583ns delay and 0.274ns setup)

   Name    Fanout   Delay (ns)          Site               Resource
PADI_DEL    ---     1.132          4.PAD to        4.PADDI reset
ROUTE       158     2.451        4.PADDI to     R3C14A.LSR reset_c (to clk_c)
                  --------
                    3.583   (31.6% logic, 68.4% route), 1 logic levels.

Unconstrained Preference:
   INPUT_SETUP PORT "reset" CLKPORT "clk" 

Report:    3.857ns delay reset to SLICE_35 (3.583ns delay and 0.274ns setup)

   Name    Fanout   Delay (ns)          Site               Resource
PADI_DEL    ---     1.132          4.PAD to        4.PADDI reset
ROUTE       158     2.451        4.PADDI to     R3C14B.LSR reset_c (to clk_c)
                  --------
                    3.583   (31.6% logic, 68.4% route), 1 logic levels.

Unconstrained Preference:
   INPUT_SETUP PORT "reset" CLKPORT "clk" 

Report:    3.857ns delay reset to SLICE_356 (3.583ns delay and 0.274ns setup)

   Name    Fanout   Delay (ns)          Site               Resource
PADI_DEL    ---     1.132          4.PAD to        4.PADDI reset
ROUTE       158     2.451        4.PADDI to      R4C9D.LSR reset_c (to clk_c)
                  --------
                    3.583   (31.6% logic, 68.4% route), 1 logic levels.

Unconstrained Preference:
   INPUT_SETUP PORT "reset" CLKPORT "clk" 

Report:    3.857ns delay reset to SLICE_357 (3.583ns delay and 0.274ns setup)

   Name    Fanout   Delay (ns)          Site               Resource
PADI_DEL    ---     1.132          4.PAD to        4.PADDI reset
ROUTE       158     2.451        4.PADDI to      R4C9A.LSR reset_c (to clk_c)
                  --------
                    3.583   (31.6% logic, 68.4% route), 1 logic levels.

Unconstrained Preference:
   INPUT_SETUP PORT "reset" CLKPORT "clk" 

Report:    3.857ns delay reset to SLICE_358 (3.583ns delay and 0.274ns setup)

   Name    Fanout   Delay (ns)          Site               Resource
PADI_DEL    ---     1.132          4.PAD to        4.PADDI reset
ROUTE       158     2.451        4.PADDI to      R5C9A.LSR reset_c (to clk_c)
                  --------
                    3.583   (31.6% logic, 68.4% route), 1 logic levels.

Unconstrained Preference:
   INPUT_SETUP PORT "reset" CLKPORT "clk" 

Report:    3.857ns delay reset to SLICE_359 (3.583ns delay and 0.274ns setup)

   Name    Fanout   Delay (ns)          Site               Resource
PADI_DEL    ---     1.132          4.PAD to        4.PADDI reset
ROUTE       158     2.451        4.PADDI to     R4C10C.LSR reset_c (to clk_c)
                  --------
                    3.583   (31.6% logic, 68.4% route), 1 logic levels.

Unconstrained Preference:
   INPUT_SETUP PORT "reset" CLKPORT "clk" 

Report:    3.857ns delay reset to SLICE_366 (3.583ns delay and 0.274ns setup)

   Name    Fanout   Delay (ns)          Site               Resource
PADI_DEL    ---     1.132          4.PAD to        4.PADDI reset
ROUTE       158     2.451        4.PADDI to      R8C8B.LSR reset_c (to clk_c)
                  --------
                    3.583   (31.6% logic, 68.4% route), 1 logic levels.

Unconstrained Preference:
   INPUT_SETUP PORT "reset" CLKPORT "clk" 

Report:    3.857ns delay reset to SLICE_37 (3.583ns delay and 0.274ns setup)

   Name    Fanout   Delay (ns)          Site               Resource
PADI_DEL    ---     1.132          4.PAD to        4.PADDI reset
ROUTE       158     2.451        4.PADDI to     R4C14A.LSR reset_c (to clk_c)
                  --------
                    3.583   (31.6% logic, 68.4% route), 1 logic levels.

Unconstrained Preference:
   INPUT_SETUP PORT "reset" CLKPORT "clk" 

Report:    3.857ns delay reset to SLICE_38 (3.583ns delay and 0.274ns setup)

   Name    Fanout   Delay (ns)          Site               Resource
PADI_DEL    ---     1.132          4.PAD to        4.PADDI reset
ROUTE       158     2.451        4.PADDI to     R4C14B.LSR reset_c (to clk_c)
                  --------
                    3.583   (31.6% logic, 68.4% route), 1 logic levels.

Unconstrained Preference:
   INPUT_SETUP PORT "reset" CLKPORT "clk" 

Report:    3.857ns delay reset to SLICE_390 (3.583ns delay and 0.274ns setup)

   Name    Fanout   Delay (ns)          Site               Resource
PADI_DEL    ---     1.132          4.PAD to        4.PADDI reset
ROUTE       158     2.451        4.PADDI to      R4C9C.LSR reset_c (to clk_c)
                  --------
                    3.583   (31.6% logic, 68.4% route), 1 logic levels.

Unconstrained Preference:
   INPUT_SETUP PORT "reset" CLKPORT "clk" 

Report:    3.857ns delay reset to SLICE_391 (3.583ns delay and 0.274ns setup)

   Name    Fanout   Delay (ns)          Site               Resource
PADI_DEL    ---     1.132          4.PAD to        4.PADDI reset
ROUTE       158     2.451        4.PADDI to      R5C8C.LSR reset_c (to clk_c)
                  --------
                    3.583   (31.6% logic, 68.4% route), 1 logic levels.

Unconstrained Preference:
   INPUT_SETUP PORT "reset" CLKPORT "clk" 

Report:    3.857ns delay reset to SLICE_392 (3.583ns delay and 0.274ns setup)

   Name    Fanout   Delay (ns)          Site               Resource
PADI_DEL    ---     1.132          4.PAD to        4.PADDI reset
ROUTE       158     2.451        4.PADDI to     R4C10A.LSR reset_c (to clk_c)
                  --------
                    3.583   (31.6% logic, 68.4% route), 1 logic levels.

Unconstrained Preference:
   INPUT_SETUP PORT "reset" CLKPORT "clk" 

Report:    3.857ns delay reset to SLICE_393 (3.583ns delay and 0.274ns setup)

   Name    Fanout   Delay (ns)          Site               Resource
PADI_DEL    ---     1.132          4.PAD to        4.PADDI reset
ROUTE       158     2.451        4.PADDI to      R5C9B.LSR reset_c (to clk_c)
                  --------
                    3.583   (31.6% logic, 68.4% route), 1 logic levels.

Unconstrained Preference:
   INPUT_SETUP PORT "reset" CLKPORT "clk" 

Report:    3.857ns delay reset to SLICE_394 (3.583ns delay and 0.274ns setup)

   Name    Fanout   Delay (ns)          Site               Resource
PADI_DEL    ---     1.132          4.PAD to        4.PADDI reset
ROUTE       158     2.451        4.PADDI to      R4C6C.LSR reset_c (to clk_c)
                  --------
                    3.583   (31.6% logic, 68.4% route), 1 logic levels.

Unconstrained Preference:
   INPUT_SETUP PORT "reset" CLKPORT "clk" 

Report:    3.857ns delay reset to SLICE_395 (3.583ns delay and 0.274ns setup)

   Name    Fanout   Delay (ns)          Site               Resource
PADI_DEL    ---     1.132          4.PAD to        4.PADDI reset
ROUTE       158     2.451        4.PADDI to     R3C13D.LSR reset_c (to clk_c)
                  --------
                    3.583   (31.6% logic, 68.4% route), 1 logic levels.

Unconstrained Preference:
   INPUT_SETUP PORT "reset" CLKPORT "clk" 

Report:    3.857ns delay reset to SLICE_396 (3.583ns delay and 0.274ns setup)

   Name    Fanout   Delay (ns)          Site               Resource
PADI_DEL    ---     1.132          4.PAD to        4.PADDI reset
ROUTE       158     2.451        4.PADDI to     R2C13D.LSR reset_c (to clk_c)
                  --------
                    3.583   (31.6% logic, 68.4% route), 1 logic levels.

Unconstrained Preference:
   INPUT_SETUP PORT "reset" CLKPORT "clk" 

Report:    3.857ns delay reset to SLICE_397 (3.583ns delay and 0.274ns setup)

   Name    Fanout   Delay (ns)          Site               Resource
PADI_DEL    ---     1.132          4.PAD to        4.PADDI reset
ROUTE       158     2.451        4.PADDI to     R3C14D.LSR reset_c (to clk_c)
                  --------
                    3.583   (31.6% logic, 68.4% route), 1 logic levels.

Unconstrained Preference:
   INPUT_SETUP PORT "reset" CLKPORT "clk" 

Report:    3.857ns delay reset to SLICE_398 (3.583ns delay and 0.274ns setup)

   Name    Fanout   Delay (ns)          Site               Resource
PADI_DEL    ---     1.132          4.PAD to        4.PADDI reset
ROUTE       158     2.451        4.PADDI to     R3C11B.LSR reset_c (to clk_c)
                  --------
                    3.583   (31.6% logic, 68.4% route), 1 logic levels.

Unconstrained Preference:
   INPUT_SETUP PORT "reset" CLKPORT "clk" 

Report:    3.857ns delay reset to SLICE_399 (3.583ns delay and 0.274ns setup)

   Name    Fanout   Delay (ns)          Site               Resource
PADI_DEL    ---     1.132          4.PAD to        4.PADDI reset
ROUTE       158     2.451        4.PADDI to     R2C10B.LSR reset_c (to clk_c)
                  --------
                    3.583   (31.6% logic, 68.4% route), 1 logic levels.

Unconstrained Preference:
   INPUT_SETUP PORT "reset" CLKPORT "clk" 

Report:    3.857ns delay reset to SLICE_400 (3.583ns delay and 0.274ns setup)

   Name    Fanout   Delay (ns)          Site               Resource
PADI_DEL    ---     1.132          4.PAD to        4.PADDI reset
ROUTE       158     2.451        4.PADDI to     R2C10C.LSR reset_c (to clk_c)
                  --------
                    3.583   (31.6% logic, 68.4% route), 1 logic levels.

Unconstrained Preference:
   INPUT_SETUP PORT "reset" CLKPORT "clk" 

Report:    3.857ns delay reset to SLICE_401 (3.583ns delay and 0.274ns setup)

   Name    Fanout   Delay (ns)          Site               Resource
PADI_DEL    ---     1.132          4.PAD to        4.PADDI reset
ROUTE       158     2.451        4.PADDI to      R3C7C.LSR reset_c (to clk_c)
                  --------
                    3.583   (31.6% logic, 68.4% route), 1 logic levels.

Unconstrained Preference:
   INPUT_SETUP PORT "reset" CLKPORT "clk" 

Report:    3.857ns delay reset to SLICE_402 (3.583ns delay and 0.274ns setup)

   Name    Fanout   Delay (ns)          Site               Resource
PADI_DEL    ---     1.132          4.PAD to        4.PADDI reset
ROUTE       158     2.451        4.PADDI to      R3C7A.LSR reset_c (to clk_c)
                  --------
                    3.583   (31.6% logic, 68.4% route), 1 logic levels.

Unconstrained Preference:
   INPUT_SETUP PORT "reset" CLKPORT "clk" 

Report:    3.857ns delay reset to SLICE_403 (3.583ns delay and 0.274ns setup)

   Name    Fanout   Delay (ns)          Site               Resource
PADI_DEL    ---     1.132          4.PAD to        4.PADDI reset
ROUTE       158     2.451        4.PADDI to      R4C9B.LSR reset_c (to clk_c)
                  --------
                    3.583   (31.6% logic, 68.4% route), 1 logic levels.

Unconstrained Preference:
   INPUT_SETUP PORT "reset" CLKPORT "clk" 

Report:    3.857ns delay reset to SLICE_404 (3.583ns delay and 0.274ns setup)

   Name    Fanout   Delay (ns)          Site               Resource
PADI_DEL    ---     1.132          4.PAD to        4.PADDI reset
ROUTE       158     2.451        4.PADDI to      R4C8B.LSR reset_c (to clk_c)
                  --------
                    3.583   (31.6% logic, 68.4% route), 1 logic levels.

Unconstrained Preference:
   INPUT_SETUP PORT "reset" CLKPORT "clk" 

Report:    3.857ns delay reset to SLICE_405 (3.583ns delay and 0.274ns setup)

   Name    Fanout   Delay (ns)          Site               Resource
PADI_DEL    ---     1.132          4.PAD to        4.PADDI reset
ROUTE       158     2.451        4.PADDI to      R4C5A.LSR reset_c (to clk_c)
                  --------
                    3.583   (31.6% logic, 68.4% route), 1 logic levels.

Unconstrained Preference:
   INPUT_SETUP PORT "reset" CLKPORT "clk" 

Report:    3.857ns delay reset to SLICE_406 (3.583ns delay and 0.274ns setup)

   Name    Fanout   Delay (ns)          Site               Resource
PADI_DEL    ---     1.132          4.PAD to        4.PADDI reset
ROUTE       158     2.451        4.PADDI to     R2C11A.LSR reset_c (to clk_c)
                  --------
                    3.583   (31.6% logic, 68.4% route), 1 logic levels.

Unconstrained Preference:
   INPUT_SETUP PORT "reset" CLKPORT "clk" 

Report:    3.857ns delay reset to SLICE_407 (3.583ns delay and 0.274ns setup)

   Name    Fanout   Delay (ns)          Site               Resource
PADI_DEL    ---     1.132          4.PAD to        4.PADDI reset
ROUTE       158     2.451        4.PADDI to     R3C15C.LSR reset_c (to clk_c)
                  --------
                    3.583   (31.6% logic, 68.4% route), 1 logic levels.

Unconstrained Preference:
   INPUT_SETUP PORT "reset" CLKPORT "clk" 

Report:    3.857ns delay reset to SLICE_408 (3.583ns delay and 0.274ns setup)

   Name    Fanout   Delay (ns)          Site               Resource
PADI_DEL    ---     1.132          4.PAD to        4.PADDI reset
ROUTE       158     2.451        4.PADDI to     R3C11D.LSR reset_c (to clk_c)
                  --------
                    3.583   (31.6% logic, 68.4% route), 1 logic levels.

Unconstrained Preference:
   INPUT_SETUP PORT "reset" CLKPORT "clk" 

Report:    3.857ns delay reset to SLICE_409 (3.583ns delay and 0.274ns setup)

   Name    Fanout   Delay (ns)          Site               Resource
PADI_DEL    ---     1.132          4.PAD to        4.PADDI reset
ROUTE       158     2.451        4.PADDI to      R5C6A.LSR reset_c (to clk_c)
                  --------
                    3.583   (31.6% logic, 68.4% route), 1 logic levels.

Unconstrained Preference:
   INPUT_SETUP PORT "reset" CLKPORT "clk" 

Report:    3.857ns delay reset to SLICE_59 (3.583ns delay and 0.274ns setup)

   Name    Fanout   Delay (ns)          Site               Resource
PADI_DEL    ---     1.132          4.PAD to        4.PADDI reset
ROUTE       158     2.451        4.PADDI to      R2C8A.LSR reset_c (to clk_c)
                  --------
                    3.583   (31.6% logic, 68.4% route), 1 logic levels.

Unconstrained Preference:
   INPUT_SETUP PORT "reset" CLKPORT "clk" 

Report:    3.857ns delay reset to SLICE_60 (3.583ns delay and 0.274ns setup)

   Name    Fanout   Delay (ns)          Site               Resource
PADI_DEL    ---     1.132          4.PAD to        4.PADDI reset
ROUTE       158     2.451        4.PADDI to     R3C11C.LSR reset_c (to clk_c)
                  --------
                    3.583   (31.6% logic, 68.4% route), 1 logic levels.

Unconstrained Preference:
   INPUT_SETUP PORT "reset" CLKPORT "clk" 

Report:    3.857ns delay reset to SLICE_61 (3.583ns delay and 0.274ns setup)

   Name    Fanout   Delay (ns)          Site               Resource
PADI_DEL    ---     1.132          4.PAD to        4.PADDI reset
ROUTE       158     2.451        4.PADDI to     R4C16B.LSR reset_c (to clk_c)
                  --------
                    3.583   (31.6% logic, 68.4% route), 1 logic levels.

Unconstrained Preference:
   INPUT_SETUP PORT "reset" CLKPORT "clk" 

Report:    3.857ns delay reset to SLICE_62 (3.583ns delay and 0.274ns setup)

   Name    Fanout   Delay (ns)          Site               Resource
PADI_DEL    ---     1.132          4.PAD to        4.PADDI reset
ROUTE       158     2.451        4.PADDI to     R4C15D.LSR reset_c (to clk_c)
                  --------
                    3.583   (31.6% logic, 68.4% route), 1 logic levels.

Unconstrained Preference:
   INPUT_SETUP PORT "reset" CLKPORT "clk" 

Report:    3.857ns delay reset to SLICE_63 (3.583ns delay and 0.274ns setup)

   Name    Fanout   Delay (ns)          Site               Resource
PADI_DEL    ---     1.132          4.PAD to        4.PADDI reset
ROUTE       158     2.451        4.PADDI to     R4C15C.LSR reset_c (to clk_c)
                  --------
                    3.583   (31.6% logic, 68.4% route), 1 logic levels.

Unconstrained Preference:
   INPUT_SETUP PORT "reset" CLKPORT "clk" 

Report:    3.857ns delay reset to SLICE_64 (3.583ns delay and 0.274ns setup)

   Name    Fanout   Delay (ns)          Site               Resource
PADI_DEL    ---     1.132          4.PAD to        4.PADDI reset
ROUTE       158     2.451        4.PADDI to     R3C15A.LSR reset_c (to clk_c)
                  --------
                    3.583   (31.6% logic, 68.4% route), 1 logic levels.

Unconstrained Preference:
   INPUT_SETUP PORT "reset" CLKPORT "clk" 

Report:    3.857ns delay reset to SLICE_65 (3.583ns delay and 0.274ns setup)

   Name    Fanout   Delay (ns)          Site               Resource
PADI_DEL    ---     1.132          4.PAD to        4.PADDI reset
ROUTE       158     2.451        4.PADDI to     R3C15B.LSR reset_c (to clk_c)
                  --------
                    3.583   (31.6% logic, 68.4% route), 1 logic levels.

Unconstrained Preference:
   INPUT_SETUP PORT "reset" CLKPORT "clk" 

Report:    3.857ns delay reset to SLICE_66 (3.583ns delay and 0.274ns setup)

   Name    Fanout   Delay (ns)          Site               Resource
PADI_DEL    ---     1.132          4.PAD to        4.PADDI reset
ROUTE       158     2.451        4.PADDI to     R2C15C.LSR reset_c (to clk_c)
                  --------
                    3.583   (31.6% logic, 68.4% route), 1 logic levels.

Unconstrained Preference:
   INPUT_SETUP PORT "reset" CLKPORT "clk" 

Report:    3.857ns delay reset to SLICE_67 (3.583ns delay and 0.274ns setup)

   Name    Fanout   Delay (ns)          Site               Resource
PADI_DEL    ---     1.132          4.PAD to        4.PADDI reset
ROUTE       158     2.451        4.PADDI to     R3C15D.LSR reset_c (to clk_c)
                  --------
                    3.583   (31.6% logic, 68.4% route), 1 logic levels.

Unconstrained Preference:
   INPUT_SETUP PORT "reset" CLKPORT "clk" 

Report:    3.857ns delay reset to SLICE_68 (3.583ns delay and 0.274ns setup)

   Name    Fanout   Delay (ns)          Site               Resource
PADI_DEL    ---     1.132          4.PAD to        4.PADDI reset
ROUTE       158     2.451        4.PADDI to     R4C11D.LSR reset_c (to clk_c)
                  --------
                    3.583   (31.6% logic, 68.4% route), 1 logic levels.

Unconstrained Preference:
   INPUT_SETUP PORT "reset" CLKPORT "clk" 

Report:    3.857ns delay reset to SLICE_69 (3.583ns delay and 0.274ns setup)

   Name    Fanout   Delay (ns)          Site               Resource
PADI_DEL    ---     1.132          4.PAD to        4.PADDI reset
ROUTE       158     2.451        4.PADDI to     R4C12D.LSR reset_c (to clk_c)
                  --------
                    3.583   (31.6% logic, 68.4% route), 1 logic levels.

Unconstrained Preference:
   INPUT_SETUP PORT "reset" CLKPORT "clk" 

Report:    3.857ns delay reset to SLICE_70 (3.583ns delay and 0.274ns setup)

   Name    Fanout   Delay (ns)          Site               Resource
PADI_DEL    ---     1.132          4.PAD to        4.PADDI reset
ROUTE       158     2.451        4.PADDI to     R4C14D.LSR reset_c (to clk_c)
                  --------
                    3.583   (31.6% logic, 68.4% route), 1 logic levels.

Unconstrained Preference:
   INPUT_SETUP PORT "reset" CLKPORT "clk" 

Report:    3.857ns delay reset to core/engine/SLICE_248 (3.583ns delay and 0.274ns setup)

   Name    Fanout   Delay (ns)          Site               Resource
PADI_DEL    ---     1.132          4.PAD to        4.PADDI reset
ROUTE       158     2.451        4.PADDI to      R7C8D.LSR reset_c (to clk_c)
                  --------
                    3.583   (31.6% logic, 68.4% route), 1 logic levels.

Unconstrained Preference:
   INPUT_SETUP PORT "reset" CLKPORT "clk" 

Report:    3.857ns delay reset to core/engine/SLICE_139 (3.583ns delay and 0.274ns setup)

   Name    Fanout   Delay (ns)          Site               Resource
PADI_DEL    ---     1.132          4.PAD to        4.PADDI reset
ROUTE       158     2.451        4.PADDI to      R7C9A.LSR reset_c (to clk_c)
                  --------
                    3.583   (31.6% logic, 68.4% route), 1 logic levels.

Unconstrained Preference:
   INPUT_SETUP PORT "reset" CLKPORT "clk" 

Report:    3.857ns delay reset to core/engine/SLICE_131 (3.583ns delay and 0.274ns setup)

   Name    Fanout   Delay (ns)          Site               Resource
PADI_DEL    ---     1.132          4.PAD to        4.PADDI reset
ROUTE       158     2.451        4.PADDI to     R7C18A.LSR reset_c (to clk_c)
                  --------
                    3.583   (31.6% logic, 68.4% route), 1 logic levels.

Unconstrained Preference:
   INPUT_SETUP PORT "reset" CLKPORT "clk" 

Report:    3.857ns delay reset to core/engine/seq/SLICE_165 (3.583ns delay and 0.274ns setup)

   Name    Fanout   Delay (ns)          Site               Resource
PADI_DEL    ---     1.132          4.PAD to        4.PADDI reset
ROUTE       158     2.451        4.PADDI to     R8C13A.LSR reset_c (to clk_c)
                  --------
                    3.583   (31.6% logic, 68.4% route), 1 logic levels.

Unconstrained Preference:
   INPUT_SETUP PORT "reset" CLKPORT "clk" 

Report:    3.857ns delay reset to core/engine/seq/SLICE_41 (3.583ns delay and 0.274ns setup)

   Name    Fanout   Delay (ns)          Site               Resource
PADI_DEL    ---     1.132          4.PAD to        4.PADDI reset
ROUTE       158     2.451        4.PADDI to      R7C8C.LSR reset_c (to clk_c)
                  --------
                    3.583   (31.6% logic, 68.4% route), 1 logic levels.

Unconstrained Preference:
   INPUT_SETUP PORT "reset" CLKPORT "clk" 

Report:    3.857ns delay reset to core/engine/SLICE_389 (3.583ns delay and 0.274ns setup)

   Name    Fanout   Delay (ns)          Site               Resource
PADI_DEL    ---     1.132          4.PAD to        4.PADDI reset
ROUTE       158     2.451        4.PADDI to      R5C8B.LSR reset_c (to clk_c)
                  --------
                    3.583   (31.6% logic, 68.4% route), 1 logic levels.

Unconstrained Preference:
   INPUT_SETUP PORT "reset" CLKPORT "clk" 

Report:    3.857ns delay reset to core/engine/SLICE_135 (3.583ns delay and 0.274ns setup)

   Name    Fanout   Delay (ns)          Site               Resource
PADI_DEL    ---     1.132          4.PAD to        4.PADDI reset
ROUTE       158     2.451        4.PADDI to     R8C11A.LSR reset_c (to clk_c)
                  --------
                    3.583   (31.6% logic, 68.4% route), 1 logic levels.

Unconstrained Preference:
   INPUT_SETUP PORT "reset" CLKPORT "clk" 

Report:    3.857ns delay reset to core/engine/SLICE_224 (3.583ns delay and 0.274ns setup)

   Name    Fanout   Delay (ns)          Site               Resource
PADI_DEL    ---     1.132          4.PAD to        4.PADDI reset
ROUTE       158     2.451        4.PADDI to      R5C8D.LSR reset_c (to clk_c)
                  --------
                    3.583   (31.6% logic, 68.4% route), 1 logic levels.

Unconstrained Preference:
   INPUT_SETUP PORT "reset" CLKPORT "clk" 

Report:    3.857ns delay reset to core/engine/dp/SLICE_143 (3.583ns delay and 0.274ns setup)

   Name    Fanout   Delay (ns)          Site               Resource
PADI_DEL    ---     1.132          4.PAD to        4.PADDI reset
ROUTE       158     2.451        4.PADDI to     R5C16B.LSR reset_c (to clk_c)
                  --------
                    3.583   (31.6% logic, 68.4% route), 1 logic levels.

Unconstrained Preference:
   INPUT_SETUP PORT "reset" CLKPORT "clk" 

Report:    3.857ns delay reset to core/engine/seq/SLICE_169 (3.583ns delay and 0.274ns setup)

   Name    Fanout   Delay (ns)          Site               Resource
PADI_DEL    ---     1.132          4.PAD to        4.PADDI reset
ROUTE       158     2.451        4.PADDI to      R8C8C.LSR reset_c (to clk_c)
                  --------
                    3.583   (31.6% logic, 68.4% route), 1 logic levels.

Unconstrained Preference:
   INPUT_SETUP PORT "reset" CLKPORT "clk" 

Report:    3.857ns delay reset to core/engine/dp/SLICE_147 (3.583ns delay and 0.274ns setup)

   Name    Fanout   Delay (ns)          Site               Resource
PADI_DEL    ---     1.132          4.PAD to        4.PADDI reset
ROUTE       158     2.451        4.PADDI to     R3C17C.LSR reset_c (to clk_c)
                  --------
                    3.583   (31.6% logic, 68.4% route), 1 logic levels.

Unconstrained Preference:
   INPUT_SETUP PORT "reset" CLKPORT "clk" 

Report:    3.857ns delay reset to core/engine/SLICE_360 (3.583ns delay and 0.274ns setup)

   Name    Fanout   Delay (ns)          Site               Resource
PADI_DEL    ---     1.132          4.PAD to        4.PADDI reset
ROUTE       158     2.451        4.PADDI to      R7C8B.LSR reset_c (to clk_c)
                  --------
                    3.583   (31.6% logic, 68.4% route), 1 logic levels.

Unconstrained Preference:
   INPUT_SETUP PORT "reset" CLKPORT "clk" 

Report:    3.857ns delay reset to core/engine/seq/SLICE_4 (3.583ns delay and 0.274ns setup)

   Name    Fanout   Delay (ns)          Site               Resource
PADI_DEL    ---     1.132          4.PAD to        4.PADDI reset
ROUTE       158     2.451        4.PADDI to      R9C7C.LSR reset_c (to clk_c)
                  --------
                    3.583   (31.6% logic, 68.4% route), 1 logic levels.

Unconstrained Preference:
   INPUT_SETUP PORT "reset" CLKPORT "clk" 

Report:    3.857ns delay reset to core/engine/seq/SLICE_161 (3.583ns delay and 0.274ns setup)

   Name    Fanout   Delay (ns)          Site               Resource
PADI_DEL    ---     1.132          4.PAD to        4.PADDI reset
ROUTE       158     2.451        4.PADDI to      R8C9A.LSR reset_c (to clk_c)
                  --------
                    3.583   (31.6% logic, 68.4% route), 1 logic levels.

Unconstrained Preference:
   INPUT_SETUP PORT "reset" CLKPORT "clk" 

Report:    3.857ns delay reset to core/engine/SLICE_382 (3.583ns delay and 0.274ns setup)

   Name    Fanout   Delay (ns)          Site               Resource
PADI_DEL    ---     1.132          4.PAD to        4.PADDI reset
ROUTE       158     2.451        4.PADDI to     R8C13D.LSR reset_c (to clk_c)
                  --------
                    3.583   (31.6% logic, 68.4% route), 1 logic levels.

Unconstrained Preference:
   INPUT_SETUP PORT "reset" CLKPORT "clk" 

Report:    3.857ns delay reset to core/engine/SLICE_141 (3.583ns delay and 0.274ns setup)

   Name    Fanout   Delay (ns)          Site               Resource
PADI_DEL    ---     1.132          4.PAD to        4.PADDI reset
ROUTE       158     2.451        4.PADDI to     R9C12C.LSR reset_c (to clk_c)
                  --------
                    3.583   (31.6% logic, 68.4% route), 1 logic levels.

Unconstrained Preference:
   INPUT_SETUP PORT "reset" CLKPORT "clk" 

Report:    3.857ns delay reset to core/engine/dp/SLICE_149 (3.583ns delay and 0.274ns setup)

   Name    Fanout   Delay (ns)          Site               Resource
PADI_DEL    ---     1.132          4.PAD to        4.PADDI reset
ROUTE       158     2.451        4.PADDI to     R5C17C.LSR reset_c (to clk_c)
                  --------
                    3.583   (31.6% logic, 68.4% route), 1 logic levels.

Unconstrained Preference:
   INPUT_SETUP PORT "reset" CLKPORT "clk" 

Report:    3.857ns delay reset to core/engine/seq/SLICE_163 (3.583ns delay and 0.274ns setup)

   Name    Fanout   Delay (ns)          Site               Resource
PADI_DEL    ---     1.132          4.PAD to        4.PADDI reset
ROUTE       158     2.451        4.PADDI to     R8C12C.LSR reset_c (to clk_c)
                  --------
                    3.583   (31.6% logic, 68.4% route), 1 logic levels.

Unconstrained Preference:
   INPUT_SETUP PORT "reset" CLKPORT "clk" 

Report:    3.857ns delay reset to core/engine/status/SLICE_129 (3.583ns delay and 0.274ns setup)

   Name    Fanout   Delay (ns)          Site               Resource
PADI_DEL    ---     1.132          4.PAD to        4.PADDI reset
ROUTE       158     2.451        4.PADDI to     R8C15B.LSR reset_c (to clk_c)
                  --------
                    3.583   (31.6% logic, 68.4% route), 1 logic levels.

Unconstrained Preference:
   INPUT_SETUP PORT "reset" CLKPORT "clk" 

Report:    3.857ns delay reset to core/engine/seq/SLICE_167 (3.583ns delay and 0.274ns setup)

   Name    Fanout   Delay (ns)          Site               Resource
PADI_DEL    ---     1.132          4.PAD to        4.PADDI reset
ROUTE       158     2.451        4.PADDI to     R8C13B.LSR reset_c (to clk_c)
                  --------
                    3.583   (31.6% logic, 68.4% route), 1 logic levels.

Unconstrained Preference:
   INPUT_SETUP PORT "reset" CLKPORT "clk" 

Report:    3.857ns delay reset to core/engine/seq/SLICE_2 (3.583ns delay and 0.274ns setup)

   Name    Fanout   Delay (ns)          Site               Resource
PADI_DEL    ---     1.132          4.PAD to        4.PADDI reset
ROUTE       158     2.451        4.PADDI to      R9C8A.LSR reset_c (to clk_c)
                  --------
                    3.583   (31.6% logic, 68.4% route), 1 logic levels.

Unconstrained Preference:
   INPUT_SETUP PORT "reset" CLKPORT "clk" 

Report:    3.857ns delay reset to core/engine/SLICE_236 (3.583ns delay and 0.274ns setup)

   Name    Fanout   Delay (ns)          Site               Resource
PADI_DEL    ---     1.132          4.PAD to        4.PADDI reset
ROUTE       158     2.451        4.PADDI to      R5C7C.LSR reset_c (to clk_c)
                  --------
                    3.583   (31.6% logic, 68.4% route), 1 logic levels.

Unconstrained Preference:
   INPUT_SETUP PORT "reset" CLKPORT "clk" 

Report:    3.857ns delay reset to core/engine/SLICE_321 (3.583ns delay and 0.274ns setup)

   Name    Fanout   Delay (ns)          Site               Resource
PADI_DEL    ---     1.132          4.PAD to        4.PADDI reset
ROUTE       158     2.451        4.PADDI to     R5C12A.LSR reset_c (to clk_c)
                  --------
                    3.583   (31.6% logic, 68.4% route), 1 logic levels.

Unconstrained Preference:
   INPUT_SETUP PORT "reset" CLKPORT "clk" 

Report:    3.857ns delay reset to core/engine/SLICE_39 (3.583ns delay and 0.274ns setup)

   Name    Fanout   Delay (ns)          Site               Resource
PADI_DEL    ---     1.132          4.PAD to        4.PADDI reset
ROUTE       158     2.451        4.PADDI to      R3C8A.LSR reset_c (to clk_c)
                  --------
                    3.583   (31.6% logic, 68.4% route), 1 logic levels.

Unconstrained Preference:
   INPUT_SETUP PORT "reset" CLKPORT "clk" 

Report:    3.857ns delay reset to core/engine/SLICE_133 (3.583ns delay and 0.274ns setup)

   Name    Fanout   Delay (ns)          Site               Resource
PADI_DEL    ---     1.132          4.PAD to        4.PADDI reset
ROUTE       158     2.451        4.PADDI to     R7C16A.LSR reset_c (to clk_c)
                  --------
                    3.583   (31.6% logic, 68.4% route), 1 logic levels.

Unconstrained Preference:
   INPUT_SETUP PORT "reset" CLKPORT "clk" 

Report:    3.857ns delay reset to core/engine/dp/SLICE_145 (3.583ns delay and 0.274ns setup)

   Name    Fanout   Delay (ns)          Site               Resource
PADI_DEL    ---     1.132          4.PAD to        4.PADDI reset
ROUTE       158     2.451        4.PADDI to     R4C17B.LSR reset_c (to clk_c)
                  --------
                    3.583   (31.6% logic, 68.4% route), 1 logic levels.

Unconstrained Preference:
   INPUT_SETUP PORT "reset" CLKPORT "clk" 

Report:    3.857ns delay reset to core/engine/SLICE_137 (3.583ns delay and 0.274ns setup)

   Name    Fanout   Delay (ns)          Site               Resource
PADI_DEL    ---     1.132          4.PAD to        4.PADDI reset
ROUTE       158     2.451        4.PADDI to     R9C13A.LSR reset_c (to clk_c)
                  --------
                    3.583   (31.6% logic, 68.4% route), 1 logic levels.

Unconstrained Preference:
   INPUT_SETUP PORT "reset" CLKPORT "clk" 

Report:    3.857ns delay reset to core/engine/SLICE_219 (3.583ns delay and 0.274ns setup)

   Name    Fanout   Delay (ns)          Site               Resource
PADI_DEL    ---     1.132          4.PAD to        4.PADDI reset
ROUTE       158     2.451        4.PADDI to     R4C10B.LSR reset_c (to clk_c)
                  --------
                    3.583   (31.6% logic, 68.4% route), 1 logic levels.

Unconstrained Preference:
   INPUT_SETUP PORT "reset" CLKPORT "clk" 

Report:    3.857ns delay reset to core/engine/dp/SLICE_144 (3.583ns delay and 0.274ns setup)

   Name    Fanout   Delay (ns)          Site               Resource
PADI_DEL    ---     1.132          4.PAD to        4.PADDI reset
ROUTE       158     2.451        4.PADDI to     R5C18A.LSR reset_c (to clk_c)
                  --------
                    3.583   (31.6% logic, 68.4% route), 1 logic levels.

Unconstrained Preference:
   INPUT_SETUP PORT "reset" CLKPORT "clk" 

Report:    3.857ns delay reset to core/engine/dp/SLICE_148 (3.583ns delay and 0.274ns setup)

   Name    Fanout   Delay (ns)          Site               Resource
PADI_DEL    ---     1.132          4.PAD to        4.PADDI reset
ROUTE       158     2.451        4.PADDI to     R3C17B.LSR reset_c (to clk_c)
                  --------
                    3.583   (31.6% logic, 68.4% route), 1 logic levels.

Unconstrained Preference:
   INPUT_SETUP PORT "reset" CLKPORT "clk" 

Report:    3.857ns delay reset to core/engine/SLICE_229 (3.583ns delay and 0.274ns setup)

   Name    Fanout   Delay (ns)          Site               Resource
PADI_DEL    ---     1.132          4.PAD to        4.PADDI reset
ROUTE       158     2.451        4.PADDI to     R4C11B.LSR reset_c (to clk_c)
                  --------
                    3.583   (31.6% logic, 68.4% route), 1 logic levels.

Unconstrained Preference:
   INPUT_SETUP PORT "reset" CLKPORT "clk" 

Report:    3.857ns delay reset to core/engine/seq/SLICE_1 (3.583ns delay and 0.274ns setup)

   Name    Fanout   Delay (ns)          Site               Resource
PADI_DEL    ---     1.132          4.PAD to        4.PADDI reset
ROUTE       158     2.451        4.PADDI to      R9C8B.LSR reset_c (to clk_c)
                  --------
                    3.583   (31.6% logic, 68.4% route), 1 logic levels.

Unconstrained Preference:
   INPUT_SETUP PORT "reset" CLKPORT "clk" 

Report:    3.857ns delay reset to core/engine/SLICE_252 (3.583ns delay and 0.274ns setup)

   Name    Fanout   Delay (ns)          Site               Resource
PADI_DEL    ---     1.132          4.PAD to        4.PADDI reset
ROUTE       158     2.451        4.PADDI to      R4C7A.LSR reset_c (to clk_c)
                  --------
                    3.583   (31.6% logic, 68.4% route), 1 logic levels.

Unconstrained Preference:
   INPUT_SETUP PORT "reset" CLKPORT "clk" 

Report:    3.857ns delay reset to core/engine/SLICE_132 (3.583ns delay and 0.274ns setup)

   Name    Fanout   Delay (ns)          Site               Resource
PADI_DEL    ---     1.132          4.PAD to        4.PADDI reset
ROUTE       158     2.451        4.PADDI to     R7C13C.LSR reset_c (to clk_c)
                  --------
                    3.583   (31.6% logic, 68.4% route), 1 logic levels.

Unconstrained Preference:
   INPUT_SETUP PORT "reset" CLKPORT "clk" 

Report:    3.857ns delay reset to core/engine/SLICE_136 (3.583ns delay and 0.274ns setup)

   Name    Fanout   Delay (ns)          Site               Resource
PADI_DEL    ---     1.132          4.PAD to        4.PADDI reset
ROUTE       158     2.451        4.PADDI to     R7C12C.LSR reset_c (to clk_c)
                  --------
                    3.583   (31.6% logic, 68.4% route), 1 logic levels.

Unconstrained Preference:
   INPUT_SETUP PORT "reset" CLKPORT "clk" 

Report:    3.857ns delay reset to core/engine/seq/SLICE_166 (3.583ns delay and 0.274ns setup)

   Name    Fanout   Delay (ns)          Site               Resource
PADI_DEL    ---     1.132          4.PAD to        4.PADDI reset
ROUTE       158     2.451        4.PADDI to      R8C9D.LSR reset_c (to clk_c)
                  --------
                    3.583   (31.6% logic, 68.4% route), 1 logic levels.

Unconstrained Preference:
   INPUT_SETUP PORT "reset" CLKPORT "clk" 

Report:    3.857ns delay reset to core/engine/SLICE_218 (3.583ns delay and 0.274ns setup)

   Name    Fanout   Delay (ns)          Site               Resource
PADI_DEL    ---     1.132          4.PAD to        4.PADDI reset
ROUTE       158     2.451        4.PADDI to     R3C10B.LSR reset_c (to clk_c)
                  --------
                    3.583   (31.6% logic, 68.4% route), 1 logic levels.

Unconstrained Preference:
   INPUT_SETUP PORT "reset" CLKPORT "clk" 

Report:    3.857ns delay reset to core/engine/SLICE_140 (3.583ns delay and 0.274ns setup)

   Name    Fanout   Delay (ns)          Site               Resource
PADI_DEL    ---     1.132          4.PAD to        4.PADDI reset
ROUTE       158     2.451        4.PADDI to      R7C9C.LSR reset_c (to clk_c)
                  --------
                    3.583   (31.6% logic, 68.4% route), 1 logic levels.

Unconstrained Preference:
   INPUT_SETUP PORT "reset" CLKPORT "clk" 

Report:    3.857ns delay reset to core/engine/status/SLICE_128 (3.583ns delay and 0.274ns setup)

   Name    Fanout   Delay (ns)          Site               Resource
PADI_DEL    ---     1.132          4.PAD to        4.PADDI reset
ROUTE       158     2.451        4.PADDI to     R8C15D.LSR reset_c (to clk_c)
                  --------
                    3.583   (31.6% logic, 68.4% route), 1 logic levels.

Unconstrained Preference:
   INPUT_SETUP PORT "reset" CLKPORT "clk" 

Report:    3.857ns delay reset to core/engine/SLICE_381 (3.583ns delay and 0.274ns setup)

   Name    Fanout   Delay (ns)          Site               Resource
PADI_DEL    ---     1.132          4.PAD to        4.PADDI reset
ROUTE       158     2.451        4.PADDI to     R7C12B.LSR reset_c (to clk_c)
                  --------
                    3.583   (31.6% logic, 68.4% route), 1 logic levels.

Unconstrained Preference:
   INPUT_SETUP PORT "reset" CLKPORT "clk" 

Report:    3.857ns delay reset to core/engine/seq/SLICE_162 (3.583ns delay and 0.274ns setup)

   Name    Fanout   Delay (ns)          Site               Resource
PADI_DEL    ---     1.132          4.PAD to        4.PADDI reset
ROUTE       158     2.451        4.PADDI to      R8C7A.LSR reset_c (to clk_c)
                  --------
                    3.583   (31.6% logic, 68.4% route), 1 logic levels.

Unconstrained Preference:
   INPUT_SETUP PORT "reset" CLKPORT "clk" 

Report:    3.857ns delay reset to core/engine/seq/SLICE_5 (3.583ns delay and 0.274ns setup)

   Name    Fanout   Delay (ns)          Site               Resource
PADI_DEL    ---     1.132          4.PAD to        4.PADDI reset
ROUTE       158     2.451        4.PADDI to      R9C7B.LSR reset_c (to clk_c)
                  --------
                    3.583   (31.6% logic, 68.4% route), 1 logic levels.

Unconstrained Preference:
   INPUT_SETUP PORT "reset" CLKPORT "clk" 

Report:    3.857ns delay reset to core/engine/SLICE_237 (3.583ns delay and 0.274ns setup)

   Name    Fanout   Delay (ns)          Site               Resource
PADI_DEL    ---     1.132          4.PAD to        4.PADDI reset
ROUTE       158     2.451        4.PADDI to      R5C8A.LSR reset_c (to clk_c)
                  --------
                    3.583   (31.6% logic, 68.4% route), 1 logic levels.

Unconstrained Preference:
   INPUT_SETUP PORT "reset" CLKPORT "clk" 

Report:    3.857ns delay reset to core/engine/seq/SLICE_160 (3.583ns delay and 0.274ns setup)

   Name    Fanout   Delay (ns)          Site               Resource
PADI_DEL    ---     1.132          4.PAD to        4.PADDI reset
ROUTE       158     2.451        4.PADDI to      R8C7C.LSR reset_c (to clk_c)
                  --------
                    3.583   (31.6% logic, 68.4% route), 1 logic levels.

Unconstrained Preference:
   INPUT_SETUP PORT "reset" CLKPORT "clk" 

Report:    3.857ns delay reset to core/engine/SLICE_336 (3.583ns delay and 0.274ns setup)

   Name    Fanout   Delay (ns)          Site               Resource
PADI_DEL    ---     1.132          4.PAD to        4.PADDI reset
ROUTE       158     2.451        4.PADDI to      R5C7B.LSR reset_c (to clk_c)
                  --------
                    3.583   (31.6% logic, 68.4% route), 1 logic levels.

Unconstrained Preference:
   INPUT_SETUP PORT "reset" CLKPORT "clk" 

Report:    3.857ns delay reset to core/engine/dp/SLICE_142 (3.583ns delay and 0.274ns setup)

   Name    Fanout   Delay (ns)          Site               Resource
PADI_DEL    ---     1.132          4.PAD to        4.PADDI reset
ROUTE       158     2.451        4.PADDI to     R5C16A.LSR reset_c (to clk_c)
                  --------
                    3.583   (31.6% logic, 68.4% route), 1 logic levels.

Unconstrained Preference:
   INPUT_SETUP PORT "reset" CLKPORT "clk" 

Report:    3.857ns delay reset to core/engine/seq/SLICE_3 (3.583ns delay and 0.274ns setup)

   Name    Fanout   Delay (ns)          Site               Resource
PADI_DEL    ---     1.132          4.PAD to        4.PADDI reset
ROUTE       158     2.451        4.PADDI to      R9C7D.LSR reset_c (to clk_c)
                  --------
                    3.583   (31.6% logic, 68.4% route), 1 logic levels.

Unconstrained Preference:
   INPUT_SETUP PORT "reset" CLKPORT "clk" 

Report:    3.857ns delay reset to core/engine/SLICE_134 (3.583ns delay and 0.274ns setup)

   Name    Fanout   Delay (ns)          Site               Resource
PADI_DEL    ---     1.132          4.PAD to        4.PADDI reset
ROUTE       158     2.451        4.PADDI to     R8C11C.LSR reset_c (to clk_c)
                  --------
                    3.583   (31.6% logic, 68.4% route), 1 logic levels.

Unconstrained Preference:
   INPUT_SETUP PORT "reset" CLKPORT "clk" 

Report:    3.857ns delay reset to core/engine/seq/SLICE_40 (3.583ns delay and 0.274ns setup)

   Name    Fanout   Delay (ns)          Site               Resource
PADI_DEL    ---     1.132          4.PAD to        4.PADDI reset
ROUTE       158     2.451        4.PADDI to      R7C6D.LSR reset_c (to clk_c)
                  --------
                    3.583   (31.6% logic, 68.4% route), 1 logic levels.

Unconstrained Preference:
   INPUT_SETUP PORT "reset" CLKPORT "clk" 

Report:    3.857ns delay reset to core/engine/SLICE_130 (3.583ns delay and 0.274ns setup)

   Name    Fanout   Delay (ns)          Site               Resource
PADI_DEL    ---     1.132          4.PAD to        4.PADDI reset
ROUTE       158     2.451        4.PADDI to     R7C18C.LSR reset_c (to clk_c)
                  --------
                    3.583   (31.6% logic, 68.4% route), 1 logic levels.

Unconstrained Preference:
   INPUT_SETUP PORT "reset" CLKPORT "clk" 

Report:    3.857ns delay reset to core/engine/seq/SLICE_168 (3.583ns delay and 0.274ns setup)

   Name    Fanout   Delay (ns)          Site               Resource
PADI_DEL    ---     1.132          4.PAD to        4.PADDI reset
ROUTE       158     2.451        4.PADDI to     R8C12B.LSR reset_c (to clk_c)
                  --------
                    3.583   (31.6% logic, 68.4% route), 1 logic levels.

Unconstrained Preference:
   INPUT_SETUP PORT "reset" CLKPORT "clk" 

Report:    3.857ns delay reset to core/engine/SLICE_220 (3.583ns delay and 0.274ns setup)

   Name    Fanout   Delay (ns)          Site               Resource
PADI_DEL    ---     1.132          4.PAD to        4.PADDI reset
ROUTE       158     2.451        4.PADDI to      R4C8C.LSR reset_c (to clk_c)
                  --------
                    3.583   (31.6% logic, 68.4% route), 1 logic levels.

Unconstrained Preference:
   INPUT_SETUP PORT "reset" CLKPORT "clk" 

Report:    3.857ns delay reset to core/engine/SLICE_385 (3.583ns delay and 0.274ns setup)

   Name    Fanout   Delay (ns)          Site               Resource
PADI_DEL    ---     1.132          4.PAD to        4.PADDI reset
ROUTE       158     2.451        4.PADDI to      R3C8C.LSR reset_c (to clk_c)
                  --------
                    3.583   (31.6% logic, 68.4% route), 1 logic levels.

Unconstrained Preference:
   INPUT_SETUP PORT "reset" CLKPORT "clk" 

Report:    3.857ns delay reset to core/engine/seq/SLICE_164 (3.583ns delay and 0.274ns setup)

   Name    Fanout   Delay (ns)          Site               Resource
PADI_DEL    ---     1.132          4.PAD to        4.PADDI reset
ROUTE       158     2.451        4.PADDI to      R7C7C.LSR reset_c (to clk_c)
                  --------
                    3.583   (31.6% logic, 68.4% route), 1 logic levels.

Unconstrained Preference:
   INPUT_SETUP PORT "reset" CLKPORT "clk" 

Report:    3.857ns delay reset to core/engine/SLICE_138 (3.583ns delay and 0.274ns setup)

   Name    Fanout   Delay (ns)          Site               Resource
PADI_DEL    ---     1.132          4.PAD to        4.PADDI reset
ROUTE       158     2.451        4.PADDI to     R5C11A.LSR reset_c (to clk_c)
                  --------
                    3.583   (31.6% logic, 68.4% route), 1 logic levels.

Unconstrained Preference:
   INPUT_SETUP PORT "reset" CLKPORT "clk" 

Report:    3.857ns delay reset to core/engine/dp/SLICE_146 (3.583ns delay and 0.274ns setup)

   Name    Fanout   Delay (ns)          Site               Resource
PADI_DEL    ---     1.132          4.PAD to        4.PADDI reset
ROUTE       158     2.451        4.PADDI to     R4C17D.LSR reset_c (to clk_c)
                  --------
                    3.583   (31.6% logic, 68.4% route), 1 logic levels.

Unconstrained Preference:
   INPUT_SETUP PORT "reset" CLKPORT "clk" 

Report:    3.805ns delay reset to serial_in_MGIOL (3.722ns delay and 0.083ns setup)

   Name    Fanout   Delay (ns)          Site               Resource
PADI_DEL    ---     1.132          4.PAD to        4.PADDI reset
ROUTE       158     2.590        4.PADDI to    IOL_B6C.LSR reset_c (to clk_c)
                  --------
                    3.722   (30.4% logic, 69.6% route), 1 logic levels.

Unconstrained Preference:
   INPUT_SETUP PORT "serial_in" CLKPORT "clk" 

Report:    2.111ns delay serial_in to serial_in_MGIOL (1.516ns delay and 0.595ns setup)

   Name    Fanout   Delay (ns)          Site               Resource
PADI_DEL    ---     1.132          9.PAD to        9.PADDI serial_in
ROUTE         1     0.384        9.PADDI to     IOL_B6C.DI serial_in_c (to clk_c)
                  --------
                    1.516   (74.7% logic, 25.3% route), 1 logic levels.


================================================================================
Preference: Unconstrained: CLOCK_TO_OUT
            171 unconstrained paths found
--------------------------------------------------------------------------------

Unconstrained Preference:
   CLOCK_TO_OUT PORT "serial_out" CLKPORT "clk" 

Report:   13.903ns delay SLICE_70 to serial_out

   Name    Fanout   Delay (ns)          Site               Resource
REG_DEL     ---     0.452     R4C14D.CLK to      R4C14D.Q0 SLICE_70 (from clk_c)
ROUTE         1     2.359      R4C14D.Q0 to      R3C12A.B1 observe[23]
CTOF_DEL    ---     0.495      R3C12A.B1 to      R3C12A.F1 SLICE_157
ROUTE         1     1.810      R3C12A.F1 to      R2C10D.A0 serial_out_91
CTOF_DEL    ---     0.495      R2C10D.A0 to      R2C10D.F0 SLICE_330
ROUTE         1     1.696      R2C10D.F0 to       R3C9C.A0 serial_out_151
CTOF_DEL    ---     0.495       R3C9C.A0 to       R3C9C.F0 SLICE_327
ROUTE         1     1.801       R3C9C.F0 to      R2C12D.A0 serial_out_166
CTOF_DEL    ---     0.495      R2C12D.A0 to      R2C12D.F0 SLICE_326
ROUTE         1     1.008      R2C12D.F0 to       28.PADDO serial_out_c
DOPAD_DEL   ---     2.797       28.PADDO to         28.PAD serial_out
                  --------
                   13.903   (37.6% logic, 62.4% route), 6 logic levels.

Unconstrained Preference:
   CLOCK_TO_OUT PORT "serial_out" CLKPORT "clk" 

Report:   13.902ns delay SLICE_323 to serial_out

   Name    Fanout   Delay (ns)          Site               Resource
REG_DEL     ---     0.452      R5C5A.CLK to       R5C5A.Q0 SLICE_323 (from clk_c)
ROUTE         1     2.228       R5C5A.Q0 to       R4C5B.A1 observe[54]
CTOF_DEL    ---     0.495       R4C5B.A1 to       R4C5B.F1 SLICE_156
ROUTE         1     2.300       R4C5B.F1 to       R4C8A.A0 serial_out_99
CTOF_DEL    ---     0.495       R4C8A.A0 to       R4C8A.F0 SLICE_332
ROUTE         1     1.336       R4C8A.F0 to       R3C9C.B0 serial_out_153
CTOF_DEL    ---     0.495       R3C9C.B0 to       R3C9C.F0 SLICE_327
ROUTE         1     1.801       R3C9C.F0 to      R2C12D.A0 serial_out_166
CTOF_DEL    ---     0.495      R2C12D.A0 to      R2C12D.F0 SLICE_326
ROUTE         1     1.008      R2C12D.F0 to       28.PADDO serial_out_c
DOPAD_DEL   ---     2.797       28.PADDO to         28.PAD serial_out
                  --------
                   13.902   (37.6% logic, 62.4% route), 6 logic levels.

Unconstrained Preference:
   CLOCK_TO_OUT PORT "serial_out" CLKPORT "clk" 

Report:   13.180ns delay SLICE_325 to serial_out

   Name    Fanout   Delay (ns)          Site               Resource
REG_DEL     ---     0.452      R5C5C.CLK to       R5C5C.Q0 SLICE_325 (from clk_c)
ROUTE         1     1.506       R5C5C.Q0 to       R4C5B.C1 observe[56]
CTOF_DEL    ---     0.495       R4C5B.C1 to       R4C5B.F1 SLICE_156
ROUTE         1     2.300       R4C5B.F1 to       R4C8A.A0 serial_out_99
CTOF_DEL    ---     0.495       R4C8A.A0 to       R4C8A.F0 SLICE_332
ROUTE         1     1.336       R4C8A.F0 to       R3C9C.B0 serial_out_153
CTOF_DEL    ---     0.495       R3C9C.B0 to       R3C9C.F0 SLICE_327
ROUTE         1     1.801       R3C9C.F0 to      R2C12D.A0 serial_out_166
CTOF_DEL    ---     0.495      R2C12D.A0 to      R2C12D.F0 SLICE_326
ROUTE         1     1.008      R2C12D.F0 to       28.PADDO serial_out_c
DOPAD_DEL   ---     2.797       28.PADDO to         28.PAD serial_out
                  --------
                   13.180   (39.7% logic, 60.3% route), 6 logic levels.

Unconstrained Preference:
   CLOCK_TO_OUT PORT "serial_out" CLKPORT "clk" 

Report:   13.042ns delay SLICE_70 to serial_out

   Name    Fanout   Delay (ns)          Site               Resource
REG_DEL     ---     0.452     R4C14D.CLK to      R4C14D.Q1 SLICE_70 (from clk_c)
ROUTE         1     1.498      R4C14D.Q1 to      R3C12A.A1 observe[24]
CTOF_DEL    ---     0.495      R3C12A.A1 to      R3C12A.F1 SLICE_157
ROUTE         1     1.810      R3C12A.F1 to      R2C10D.A0 serial_out_91
CTOF_DEL    ---     0.495      R2C10D.A0 to      R2C10D.F0 SLICE_330
ROUTE         1     1.696      R2C10D.F0 to       R3C9C.A0 serial_out_151
CTOF_DEL    ---     0.495       R3C9C.A0 to       R3C9C.F0 SLICE_327
ROUTE         1     1.801       R3C9C.F0 to      R2C12D.A0 serial_out_166
CTOF_DEL    ---     0.495      R2C12D.A0 to      R2C12D.F0 SLICE_326
ROUTE         1     1.008      R2C12D.F0 to       28.PADDO serial_out_c
DOPAD_DEL   ---     2.797       28.PADDO to         28.PAD serial_out
                  --------
                   13.042   (40.1% logic, 59.9% route), 6 logic levels.

Unconstrained Preference:
   CLOCK_TO_OUT PORT "serial_out" CLKPORT "clk" 

Report:   12.831ns delay SLICE_325 to serial_out

   Name    Fanout   Delay (ns)          Site               Resource
REG_DEL     ---     0.452      R5C5C.CLK to       R5C5C.Q1 SLICE_325 (from clk_c)
ROUTE         1     1.157       R5C5C.Q1 to       R4C5B.D1 observe[57]
CTOF_DEL    ---     0.495       R4C5B.D1 to       R4C5B.F1 SLICE_156
ROUTE         1     2.300       R4C5B.F1 to       R4C8A.A0 serial_out_99
CTOF_DEL    ---     0.495       R4C8A.A0 to       R4C8A.F0 SLICE_332
ROUTE         1     1.336       R4C8A.F0 to       R3C9C.B0 serial_out_153
CTOF_DEL    ---     0.495       R3C9C.B0 to       R3C9C.F0 SLICE_327
ROUTE         1     1.801       R3C9C.F0 to      R2C12D.A0 serial_out_166
CTOF_DEL    ---     0.495      R2C12D.A0 to      R2C12D.F0 SLICE_326
ROUTE         1     1.008      R2C12D.F0 to       28.PADDO serial_out_c
DOPAD_DEL   ---     2.797       28.PADDO to         28.PAD serial_out
                  --------
                   12.831   (40.8% logic, 59.2% route), 6 logic levels.

Unconstrained Preference:
   CLOCK_TO_OUT PORT "serial_out" CLKPORT "clk" 

Report:   12.817ns delay SLICE_322 to serial_out

   Name    Fanout   Delay (ns)          Site               Resource
REG_DEL     ---     0.452      R4C6D.CLK to       R4C6D.Q0 SLICE_322 (from clk_c)
ROUTE         1     2.352       R4C6D.Q0 to       R4C5A.A1 observe[42]
CTOF_DEL    ---     0.495       R4C5A.A1 to       R4C5A.F1 SLICE_405
ROUTE         1     1.042       R4C5A.F1 to       R3C5B.D0 serial_out_96
CTOF_DEL    ---     0.495       R3C5B.D0 to       R3C5B.F0 SLICE_331
ROUTE         1     1.385       R3C5B.F0 to       R3C9C.D0 serial_out_152
CTOF_DEL    ---     0.495       R3C9C.D0 to       R3C9C.F0 SLICE_327
ROUTE         1     1.801       R3C9C.F0 to      R2C12D.A0 serial_out_166
CTOF_DEL    ---     0.495      R2C12D.A0 to      R2C12D.F0 SLICE_326
ROUTE         1     1.008      R2C12D.F0 to       28.PADDO serial_out_c
DOPAD_DEL   ---     2.797       28.PADDO to         28.PAD serial_out
                  --------
                   12.817   (40.8% logic, 59.2% route), 6 logic levels.

Unconstrained Preference:
   CLOCK_TO_OUT PORT "serial_out" CLKPORT "clk" 

Report:   12.783ns delay SLICE_234 to serial_out

   Name    Fanout   Delay (ns)          Site               Resource
REG_DEL     ---     0.452      R5C6D.CLK to       R5C6D.Q0 SLICE_234 (from clk_c)
ROUTE         1     2.359       R5C6D.Q0 to       R4C5A.B0 observe[48]
CTOF_DEL    ---     0.495       R4C5A.B0 to       R4C5A.F0 SLICE_405
ROUTE         1     1.001       R4C5A.F0 to       R3C5B.B0 serial_out_97
CTOF_DEL    ---     0.495       R3C5B.B0 to       R3C5B.F0 SLICE_331
ROUTE         1     1.385       R3C5B.F0 to       R3C9C.D0 serial_out_152
CTOF_DEL    ---     0.495       R3C9C.D0 to       R3C9C.F0 SLICE_327
ROUTE         1     1.801       R3C9C.F0 to      R2C12D.A0 serial_out_166
CTOF_DEL    ---     0.495      R2C12D.A0 to      R2C12D.F0 SLICE_326
ROUTE         1     1.008      R2C12D.F0 to       28.PADDO serial_out_c
DOPAD_DEL   ---     2.797       28.PADDO to         28.PAD serial_out
                  --------
                   12.783   (40.9% logic, 59.1% route), 6 logic levels.

Unconstrained Preference:
   CLOCK_TO_OUT PORT "serial_out" CLKPORT "clk" 

Report:   12.768ns delay SLICE_232 to serial_out

   Name    Fanout   Delay (ns)          Site               Resource
REG_DEL     ---     0.452      R5C6B.CLK to       R5C6B.Q0 SLICE_232 (from clk_c)
ROUTE         1     1.962       R5C6B.Q0 to       R4C5B.B0 observe[40]
CTOF_DEL    ---     0.495       R4C5B.B0 to       R4C5B.F0 SLICE_156
ROUTE         1     1.383       R4C5B.F0 to       R3C5B.A0 serial_out_95
CTOF_DEL    ---     0.495       R3C5B.A0 to       R3C5B.F0 SLICE_331
ROUTE         1     1.385       R3C5B.F0 to       R3C9C.D0 serial_out_152
CTOF_DEL    ---     0.495       R3C9C.D0 to       R3C9C.F0 SLICE_327
ROUTE         1     1.801       R3C9C.F0 to      R2C12D.A0 serial_out_166
CTOF_DEL    ---     0.495      R2C12D.A0 to      R2C12D.F0 SLICE_326
ROUTE         1     1.008      R2C12D.F0 to       28.PADDO serial_out_c
DOPAD_DEL   ---     2.797       28.PADDO to         28.PAD serial_out
                  --------
                   12.768   (41.0% logic, 59.0% route), 6 logic levels.

Unconstrained Preference:
   CLOCK_TO_OUT PORT "serial_out" CLKPORT "clk" 

Report:   12.697ns delay SLICE_323 to serial_out

   Name    Fanout   Delay (ns)          Site               Resource
REG_DEL     ---     0.452      R5C5A.CLK to       R5C5A.Q1 SLICE_323 (from clk_c)
ROUTE         1     1.023       R5C5A.Q1 to       R4C5B.B1 observe[55]
CTOF_DEL    ---     0.495       R4C5B.B1 to       R4C5B.F1 SLICE_156
ROUTE         1     2.300       R4C5B.F1 to       R4C8A.A0 serial_out_99
CTOF_DEL    ---     0.495       R4C8A.A0 to       R4C8A.F0 SLICE_332
ROUTE         1     1.336       R4C8A.F0 to       R3C9C.B0 serial_out_153
CTOF_DEL    ---     0.495       R3C9C.B0 to       R3C9C.F0 SLICE_327
ROUTE         1     1.801       R3C9C.F0 to      R2C12D.A0 serial_out_166
CTOF_DEL    ---     0.495      R2C12D.A0 to      R2C12D.F0 SLICE_326
ROUTE         1     1.008      R2C12D.F0 to       28.PADDO serial_out_c
DOPAD_DEL   ---     2.797       28.PADDO to         28.PAD serial_out
                  --------
                   12.697   (41.2% logic, 58.8% route), 6 logic levels.

Unconstrained Preference:
   CLOCK_TO_OUT PORT "serial_out" CLKPORT "clk" 

Report:   12.635ns delay SLICE_405 to serial_out

   Name    Fanout   Delay (ns)          Site               Resource
REG_DEL     ---     0.452      R4C5A.CLK to       R4C5A.Q0 SLICE_405 (from clk_c)
ROUTE         1     2.465       R4C5A.Q0 to      R2C10D.B1 observe[37]
CTOF_DEL    ---     0.495      R2C10D.B1 to      R2C10D.F1 SLICE_330
ROUTE         1     0.436      R2C10D.F1 to      R2C10D.C0 serial_out_94
CTOF_DEL    ---     0.495      R2C10D.C0 to      R2C10D.F0 SLICE_330
ROUTE         1     1.696      R2C10D.F0 to       R3C9C.A0 serial_out_151
CTOF_DEL    ---     0.495       R3C9C.A0 to       R3C9C.F0 SLICE_327
ROUTE         1     1.801       R3C9C.F0 to      R2C12D.A0 serial_out_166
CTOF_DEL    ---     0.495      R2C12D.A0 to      R2C12D.F0 SLICE_326
ROUTE         1     1.008      R2C12D.F0 to       28.PADDO serial_out_c
DOPAD_DEL   ---     2.797       28.PADDO to         28.PAD serial_out
                  --------
                   12.635   (41.4% logic, 58.6% route), 6 logic levels.

Unconstrained Preference:
   CLOCK_TO_OUT PORT "serial_out" CLKPORT "clk" 

Report:   12.623ns delay SLICE_335 to serial_out

   Name    Fanout   Delay (ns)          Site               Resource
REG_DEL     ---     0.452     R2C11B.CLK to      R2C11B.Q0 SLICE_335 (from clk_c)
ROUTE         1     1.079      R2C11B.Q0 to      R3C12A.C1 observe[25]
CTOF_DEL    ---     0.495      R3C12A.C1 to      R3C12A.F1 SLICE_157
ROUTE         1     1.810      R3C12A.F1 to      R2C10D.A0 serial_out_91
CTOF_DEL    ---     0.495      R2C10D.A0 to      R2C10D.F0 SLICE_330
ROUTE         1     1.696      R2C10D.F0 to       R3C9C.A0 serial_out_151
CTOF_DEL    ---     0.495       R3C9C.A0 to       R3C9C.F0 SLICE_327
ROUTE         1     1.801       R3C9C.F0 to      R2C12D.A0 serial_out_166
CTOF_DEL    ---     0.495      R2C12D.A0 to      R2C12D.F0 SLICE_326
ROUTE         1     1.008      R2C12D.F0 to       28.PADDO serial_out_c
DOPAD_DEL   ---     2.797       28.PADDO to         28.PAD serial_out
                  --------
                   12.623   (41.4% logic, 58.6% route), 6 logic levels.

Unconstrained Preference:
   CLOCK_TO_OUT PORT "serial_out" CLKPORT "clk" 

Report:   12.511ns delay SLICE_232 to serial_out

   Name    Fanout   Delay (ns)          Site               Resource
REG_DEL     ---     0.452      R5C6B.CLK to       R5C6B.Q1 SLICE_232 (from clk_c)
ROUTE         1     1.705       R5C6B.Q1 to       R4C5B.C0 observe[41]
CTOF_DEL    ---     0.495       R4C5B.C0 to       R4C5B.F0 SLICE_156
ROUTE         1     1.383       R4C5B.F0 to       R3C5B.A0 serial_out_95
CTOF_DEL    ---     0.495       R3C5B.A0 to       R3C5B.F0 SLICE_331
ROUTE         1     1.385       R3C5B.F0 to       R3C9C.D0 serial_out_152
CTOF_DEL    ---     0.495       R3C9C.D0 to       R3C9C.F0 SLICE_327
ROUTE         1     1.801       R3C9C.F0 to      R2C12D.A0 serial_out_166
CTOF_DEL    ---     0.495      R2C12D.A0 to      R2C12D.F0 SLICE_326
ROUTE         1     1.008      R2C12D.F0 to       28.PADDO serial_out_c
DOPAD_DEL   ---     2.797       28.PADDO to         28.PAD serial_out
                  --------
                   12.511   (41.8% logic, 58.2% route), 6 logic levels.

Unconstrained Preference:
   CLOCK_TO_OUT PORT "serial_out" CLKPORT "clk" 

Report:   12.495ns delay SLICE_233 to serial_out

   Name    Fanout   Delay (ns)          Site               Resource
REG_DEL     ---     0.452      R5C5B.CLK to       R5C5B.Q1 SLICE_233 (from clk_c)
ROUTE         1     2.030       R5C5B.Q1 to       R4C5A.B1 observe[45]
CTOF_DEL    ---     0.495       R4C5A.B1 to       R4C5A.F1 SLICE_405
ROUTE         1     1.042       R4C5A.F1 to       R3C5B.D0 serial_out_96
CTOF_DEL    ---     0.495       R3C5B.D0 to       R3C5B.F0 SLICE_331
ROUTE         1     1.385       R3C5B.F0 to       R3C9C.D0 serial_out_152
CTOF_DEL    ---     0.495       R3C9C.D0 to       R3C9C.F0 SLICE_327
ROUTE         1     1.801       R3C9C.F0 to      R2C12D.A0 serial_out_166
CTOF_DEL    ---     0.495      R2C12D.A0 to      R2C12D.F0 SLICE_326
ROUTE         1     1.008      R2C12D.F0 to       28.PADDO serial_out_c
DOPAD_DEL   ---     2.797       28.PADDO to         28.PAD serial_out
                  --------
                   12.495   (41.8% logic, 58.2% route), 6 logic levels.

Unconstrained Preference:
   CLOCK_TO_OUT PORT "serial_out" CLKPORT "clk" 

Report:   12.374ns delay SLICE_407 to serial_out

   Name    Fanout   Delay (ns)          Site               Resource
REG_DEL     ---     0.452     R3C15C.CLK to      R3C15C.Q1 SLICE_407 (from clk_c)
ROUTE         1     2.204      R3C15C.Q1 to      R2C10D.C1 observe[34]
CTOF_DEL    ---     0.495      R2C10D.C1 to      R2C10D.F1 SLICE_330
ROUTE         1     0.436      R2C10D.F1 to      R2C10D.C0 serial_out_94
CTOF_DEL    ---     0.495      R2C10D.C0 to      R2C10D.F0 SLICE_330
ROUTE         1     1.696      R2C10D.F0 to       R3C9C.A0 serial_out_151
CTOF_DEL    ---     0.495       R3C9C.A0 to       R3C9C.F0 SLICE_327
ROUTE         1     1.801       R3C9C.F0 to      R2C12D.A0 serial_out_166
CTOF_DEL    ---     0.495      R2C12D.A0 to      R2C12D.F0 SLICE_326
ROUTE         1     1.008      R2C12D.F0 to       28.PADDO serial_out_c
DOPAD_DEL   ---     2.797       28.PADDO to         28.PAD serial_out
                  --------
                   12.374   (42.3% logic, 57.7% route), 6 logic levels.

Unconstrained Preference:
   CLOCK_TO_OUT PORT "serial_out" CLKPORT "clk" 

Report:   12.360ns delay SLICE_159 to serial_out

   Name    Fanout   Delay (ns)          Site               Resource
REG_DEL     ---     0.452      R3C8B.CLK to       R3C8B.Q1 SLICE_159 (from clk_c)
ROUTE         1     1.554       R3C8B.Q1 to       R4C5B.D0 observe[39]
CTOF_DEL    ---     0.495       R4C5B.D0 to       R4C5B.F0 SLICE_156
ROUTE         1     1.383       R4C5B.F0 to       R3C5B.A0 serial_out_95
CTOF_DEL    ---     0.495       R3C5B.A0 to       R3C5B.F0 SLICE_331
ROUTE         1     1.385       R3C5B.F0 to       R3C9C.D0 serial_out_152
CTOF_DEL    ---     0.495       R3C9C.D0 to       R3C9C.F0 SLICE_327
ROUTE         1     1.801       R3C9C.F0 to      R2C12D.A0 serial_out_166
CTOF_DEL    ---     0.495      R2C12D.A0 to      R2C12D.F0 SLICE_326
ROUTE         1     1.008      R2C12D.F0 to       28.PADDO serial_out_c
DOPAD_DEL   ---     2.797       28.PADDO to         28.PAD serial_out
                  --------
                   12.360   (42.3% logic, 57.7% route), 6 logic levels.

Unconstrained Preference:
   CLOCK_TO_OUT PORT "serial_out" CLKPORT "clk" 

Report:   12.332ns delay SLICE_391 to serial_out

   Name    Fanout   Delay (ns)          Site               Resource
REG_DEL     ---     0.452      R5C8C.CLK to       R5C8C.Q0 SLICE_391 (from clk_c)
ROUTE         1     2.265       R5C8C.Q0 to       R4C8A.B1 observe[66]
CTOF_DEL    ---     0.495       R4C8A.B1 to       R4C8A.F1 SLICE_332
ROUTE         1     0.693       R4C8A.F1 to       R4C8A.B0 serial_out_102
CTOF_DEL    ---     0.495       R4C8A.B0 to       R4C8A.F0 SLICE_332
ROUTE         1     1.336       R4C8A.F0 to       R3C9C.B0 serial_out_153
CTOF_DEL    ---     0.495       R3C9C.B0 to       R3C9C.F0 SLICE_327
ROUTE         1     1.801       R3C9C.F0 to      R2C12D.A0 serial_out_166
CTOF_DEL    ---     0.495      R2C12D.A0 to      R2C12D.F0 SLICE_326
ROUTE         1     1.008      R2C12D.F0 to       28.PADDO serial_out_c
DOPAD_DEL   ---     2.797       28.PADDO to         28.PAD serial_out
                  --------
                   12.332   (42.4% logic, 57.6% route), 6 logic levels.

Unconstrained Preference:
   CLOCK_TO_OUT PORT "serial_out" CLKPORT "clk" 

Report:   12.306ns delay SLICE_231 to serial_out

   Name    Fanout   Delay (ns)          Site               Resource
REG_DEL     ---     0.452      R5C6C.CLK to       R5C6C.Q0 SLICE_231 (from clk_c)
ROUTE         1     2.617       R5C6C.Q0 to       R4C8B.B1 observe[58]
CTOF_DEL    ---     0.495       R4C8B.B1 to       R4C8B.F1 SLICE_404
ROUTE         1     0.315       R4C8B.F1 to       R4C8A.D0 serial_out_100
CTOF_DEL    ---     0.495       R4C8A.D0 to       R4C8A.F0 SLICE_332
ROUTE         1     1.336       R4C8A.F0 to       R3C9C.B0 serial_out_153
CTOF_DEL    ---     0.495       R3C9C.B0 to       R3C9C.F0 SLICE_327
ROUTE         1     1.801       R3C9C.F0 to      R2C12D.A0 serial_out_166
CTOF_DEL    ---     0.495      R2C12D.A0 to      R2C12D.F0 SLICE_326
ROUTE         1     1.008      R2C12D.F0 to       28.PADDO serial_out_c
DOPAD_DEL   ---     2.797       28.PADDO to         28.PAD serial_out
                  --------
                   12.306   (42.5% logic, 57.5% route), 6 logic levels.

Unconstrained Preference:
   CLOCK_TO_OUT PORT "serial_out" CLKPORT "clk" 

Report:   12.239ns delay SLICE_327 to serial_out

   Name    Fanout   Delay (ns)          Site               Resource
REG_DEL     ---     0.452      R3C9C.CLK to       R3C9C.Q0 SLICE_327 (from clk_c)
ROUTE         1     2.190       R3C9C.Q0 to      R2C11A.B1 observe[27]
CTOF_DEL    ---     0.495      R2C11A.B1 to      R2C11A.F1 SLICE_406
ROUTE         1     0.315      R2C11A.F1 to      R2C10D.D0 serial_out_92
CTOF_DEL    ---     0.495      R2C10D.D0 to      R2C10D.F0 SLICE_330
ROUTE         1     1.696      R2C10D.F0 to       R3C9C.A0 serial_out_151
CTOF_DEL    ---     0.495       R3C9C.A0 to       R3C9C.F0 SLICE_327
ROUTE         1     1.801       R3C9C.F0 to      R2C12D.A0 serial_out_166
CTOF_DEL    ---     0.495      R2C12D.A0 to      R2C12D.F0 SLICE_326
ROUTE         1     1.008      R2C12D.F0 to       28.PADDO serial_out_c
DOPAD_DEL   ---     2.797       28.PADDO to         28.PAD serial_out
                  --------
                   12.239   (42.7% logic, 57.3% route), 6 logic levels.

Unconstrained Preference:
   CLOCK_TO_OUT PORT "serial_out" CLKPORT "clk" 

Report:   12.228ns delay SLICE_407 to serial_out

   Name    Fanout   Delay (ns)          Site               Resource
REG_DEL     ---     0.452     R3C15C.CLK to      R3C15C.Q0 SLICE_407 (from clk_c)
ROUTE         1     1.801      R3C15C.Q0 to      R2C11A.A0 observe[33]
CTOF_DEL    ---     0.495      R2C11A.A0 to      R2C11A.F0 SLICE_406
ROUTE         1     0.693      R2C11A.F0 to      R2C10D.B0 serial_out_93
CTOF_DEL    ---     0.495      R2C10D.B0 to      R2C10D.F0 SLICE_330
ROUTE         1     1.696      R2C10D.F0 to       R3C9C.A0 serial_out_151
CTOF_DEL    ---     0.495       R3C9C.A0 to       R3C9C.F0 SLICE_327
ROUTE         1     1.801       R3C9C.F0 to      R2C12D.A0 serial_out_166
CTOF_DEL    ---     0.495      R2C12D.A0 to      R2C12D.F0 SLICE_326
ROUTE         1     1.008      R2C12D.F0 to       28.PADDO serial_out_c
DOPAD_DEL   ---     2.797       28.PADDO to         28.PAD serial_out
                  --------
                   12.228   (42.8% logic, 57.2% route), 6 logic levels.

Unconstrained Preference:
   CLOCK_TO_OUT PORT "serial_out" CLKPORT "clk" 

Report:   12.167ns delay SLICE_69 to serial_out

   Name    Fanout   Delay (ns)          Site               Resource
REG_DEL     ---     0.452     R4C12D.CLK to      R4C12D.Q1 SLICE_69 (from clk_c)
ROUTE         1     0.623      R4C12D.Q1 to      R3C12A.D1 observe[22]
CTOF_DEL    ---     0.495      R3C12A.D1 to      R3C12A.F1 SLICE_157
ROUTE         1     1.810      R3C12A.F1 to      R2C10D.A0 serial_out_91
CTOF_DEL    ---     0.495      R2C10D.A0 to      R2C10D.F0 SLICE_330
ROUTE         1     1.696      R2C10D.F0 to       R3C9C.A0 serial_out_151
CTOF_DEL    ---     0.495       R3C9C.A0 to       R3C9C.F0 SLICE_327
ROUTE         1     1.801       R3C9C.F0 to      R2C12D.A0 serial_out_166
CTOF_DEL    ---     0.495      R2C12D.A0 to      R2C12D.F0 SLICE_326
ROUTE         1     1.008      R2C12D.F0 to       28.PADDO serial_out_c
DOPAD_DEL   ---     2.797       28.PADDO to         28.PAD serial_out
                  --------
                   12.167   (43.0% logic, 57.0% route), 6 logic levels.

Unconstrained Preference:
   CLOCK_TO_OUT PORT "serial_out" CLKPORT "clk" 

Report:   12.026ns delay SLICE_404 to serial_out

   Name    Fanout   Delay (ns)          Site               Resource
REG_DEL     ---     0.452      R4C8B.CLK to       R4C8B.Q1 SLICE_404 (from clk_c)
ROUTE         1     2.237       R4C8B.Q1 to       R3C7B.A1 observe[102]
CTOF_DEL    ---     0.495       R3C7B.A1 to       R3C7B.F1 SLICE_155
ROUTE         1     1.962       R3C7B.F1 to      R2C11C.B0 serial_out_111
CTOF_DEL    ---     0.495      R2C11C.B0 to      R2C11C.F0 SLICE_334
ROUTE         1     0.967      R2C11C.F0 to      R2C11D.A0 serial_out_156
CTOF_DEL    ---     0.495      R2C11D.A0 to      R2C11D.F0 SLICE_328
ROUTE         1     0.623      R2C11D.F0 to      R2C12D.D0 serial_out_167
CTOF_DEL    ---     0.495      R2C12D.D0 to      R2C12D.F0 SLICE_326
ROUTE         1     1.008      R2C12D.F0 to       28.PADDO serial_out_c
DOPAD_DEL   ---     2.797       28.PADDO to         28.PAD serial_out
                  --------
                   12.026   (43.5% logic, 56.5% route), 6 logic levels.

Unconstrained Preference:
   CLOCK_TO_OUT PORT "serial_out" CLKPORT "clk" 

Report:   11.963ns delay SLICE_392 to serial_out

   Name    Fanout   Delay (ns)          Site               Resource
REG_DEL     ---     0.452     R4C10A.CLK to      R4C10A.Q0 SLICE_392 (from clk_c)
ROUTE         1     1.896      R4C10A.Q0 to       R4C8A.D1 observe[68]
CTOF_DEL    ---     0.495       R4C8A.D1 to       R4C8A.F1 SLICE_332
ROUTE         1     0.693       R4C8A.F1 to       R4C8A.B0 serial_out_102
CTOF_DEL    ---     0.495       R4C8A.B0 to       R4C8A.F0 SLICE_332
ROUTE         1     1.336       R4C8A.F0 to       R3C9C.B0 serial_out_153
CTOF_DEL    ---     0.495       R3C9C.B0 to       R3C9C.F0 SLICE_327
ROUTE         1     1.801       R3C9C.F0 to      R2C12D.A0 serial_out_166
CTOF_DEL    ---     0.495      R2C12D.A0 to      R2C12D.F0 SLICE_326
ROUTE         1     1.008      R2C12D.F0 to       28.PADDO serial_out_c
DOPAD_DEL   ---     2.797       28.PADDO to         28.PAD serial_out
                  --------
                   11.963   (43.7% logic, 56.3% route), 6 logic levels.

Unconstrained Preference:
   CLOCK_TO_OUT PORT "serial_out" CLKPORT "clk" 

Report:   11.962ns delay SLICE_408 to serial_out

   Name    Fanout   Delay (ns)          Site               Resource
REG_DEL     ---     0.452     R3C11D.CLK to      R3C11D.Q0 SLICE_408 (from clk_c)
ROUTE         1     1.535      R3C11D.Q0 to      R2C11A.B0 observe[31]
CTOF_DEL    ---     0.495      R2C11A.B0 to      R2C11A.F0 SLICE_406
ROUTE         1     0.693      R2C11A.F0 to      R2C10D.B0 serial_out_93
CTOF_DEL    ---     0.495      R2C10D.B0 to      R2C10D.F0 SLICE_330
ROUTE         1     1.696      R2C10D.F0 to       R3C9C.A0 serial_out_151
CTOF_DEL    ---     0.495       R3C9C.A0 to       R3C9C.F0 SLICE_327
ROUTE         1     1.801       R3C9C.F0 to      R2C12D.A0 serial_out_166
CTOF_DEL    ---     0.495      R2C12D.A0 to      R2C12D.F0 SLICE_326
ROUTE         1     1.008      R2C12D.F0 to       28.PADDO serial_out_c
DOPAD_DEL   ---     2.797       28.PADDO to         28.PAD serial_out
                  --------
                   11.962   (43.7% logic, 56.3% route), 6 logic levels.

Unconstrained Preference:
   CLOCK_TO_OUT PORT "serial_out" CLKPORT "clk" 

Report:   11.821ns delay SLICE_409 to serial_out

   Name    Fanout   Delay (ns)          Site               Resource
REG_DEL     ---     0.452      R5C6A.CLK to       R5C6A.Q0 SLICE_409 (from clk_c)
ROUTE         1     1.962       R5C6A.Q0 to       R3C5B.B1 observe[50]
CTOF_DEL    ---     0.495       R3C5B.B1 to       R3C5B.F1 SLICE_331
ROUTE         1     0.436       R3C5B.F1 to       R3C5B.C0 serial_out_98
CTOF_DEL    ---     0.495       R3C5B.C0 to       R3C5B.F0 SLICE_331
ROUTE         1     1.385       R3C5B.F0 to       R3C9C.D0 serial_out_152
CTOF_DEL    ---     0.495       R3C9C.D0 to       R3C9C.F0 SLICE_327
ROUTE         1     1.801       R3C9C.F0 to      R2C12D.A0 serial_out_166
CTOF_DEL    ---     0.495      R2C12D.A0 to      R2C12D.F0 SLICE_326
ROUTE         1     1.008      R2C12D.F0 to       28.PADDO serial_out_c
DOPAD_DEL   ---     2.797       28.PADDO to         28.PAD serial_out
                  --------
                   11.821   (44.2% logic, 55.8% route), 6 logic levels.

Unconstrained Preference:
   CLOCK_TO_OUT PORT "serial_out" CLKPORT "clk" 

Report:   11.773ns delay SLICE_405 to serial_out

   Name    Fanout   Delay (ns)          Site               Resource
REG_DEL     ---     0.452      R4C5A.CLK to       R4C5A.Q1 SLICE_405 (from clk_c)
ROUTE         1     0.967       R4C5A.Q1 to       R4C5B.A0 observe[38]
CTOF_DEL    ---     0.495       R4C5B.A0 to       R4C5B.F0 SLICE_156
ROUTE         1     1.383       R4C5B.F0 to       R3C5B.A0 serial_out_95
CTOF_DEL    ---     0.495       R3C5B.A0 to       R3C5B.F0 SLICE_331
ROUTE         1     1.385       R3C5B.F0 to       R3C9C.D0 serial_out_152
CTOF_DEL    ---     0.495       R3C9C.D0 to       R3C9C.F0 SLICE_327
ROUTE         1     1.801       R3C9C.F0 to      R2C12D.A0 serial_out_166
CTOF_DEL    ---     0.495      R2C12D.A0 to      R2C12D.F0 SLICE_326
ROUTE         1     1.008      R2C12D.F0 to       28.PADDO serial_out_c
DOPAD_DEL   ---     2.797       28.PADDO to         28.PAD serial_out
                  --------
                   11.773   (44.4% logic, 55.6% route), 6 logic levels.

Unconstrained Preference:
   CLOCK_TO_OUT PORT "serial_out" CLKPORT "clk" 

Report:   11.772ns delay SLICE_316 to serial_out

   Name    Fanout   Delay (ns)          Site               Resource
REG_DEL     ---     0.452      R4C7C.CLK to       R4C7C.Q1 SLICE_316 (from clk_c)
ROUTE         1     1.838       R4C7C.Q1 to       R3C7A.B1 observe[79]
CTOF_DEL    ---     0.495       R3C7A.B1 to       R3C7A.F1 SLICE_402
ROUTE         1     1.460       R3C7A.F1 to       R3C9C.D1 serial_out_105
CTOF_DEL    ---     0.495       R3C9C.D1 to       R3C9C.F1 SLICE_327
ROUTE         1     0.436       R3C9C.F1 to       R3C9C.C0 serial_out_154
CTOF_DEL    ---     0.495       R3C9C.C0 to       R3C9C.F0 SLICE_327
ROUTE         1     1.801       R3C9C.F0 to      R2C12D.A0 serial_out_166
CTOF_DEL    ---     0.495      R2C12D.A0 to      R2C12D.F0 SLICE_326
ROUTE         1     1.008      R2C12D.F0 to       28.PADDO serial_out_c
DOPAD_DEL   ---     2.797       28.PADDO to         28.PAD serial_out
                  --------
                   11.772   (44.4% logic, 55.6% route), 6 logic levels.

Unconstrained Preference:
   CLOCK_TO_OUT PORT "serial_out" CLKPORT "clk" 

Report:   11.743ns delay SLICE_233 to serial_out

   Name    Fanout   Delay (ns)          Site               Resource
REG_DEL     ---     0.452      R5C5B.CLK to       R5C5B.Q0 SLICE_233 (from clk_c)
ROUTE         1     1.278       R5C5B.Q0 to       R4C5A.C1 observe[44]
CTOF_DEL    ---     0.495       R4C5A.C1 to       R4C5A.F1 SLICE_405
ROUTE         1     1.042       R4C5A.F1 to       R3C5B.D0 serial_out_96
CTOF_DEL    ---     0.495       R3C5B.D0 to       R3C5B.F0 SLICE_331
ROUTE         1     1.385       R3C5B.F0 to       R3C9C.D0 serial_out_152
CTOF_DEL    ---     0.495       R3C9C.D0 to       R3C9C.F0 SLICE_327
ROUTE         1     1.801       R3C9C.F0 to      R2C12D.A0 serial_out_166
CTOF_DEL    ---     0.495      R2C12D.A0 to      R2C12D.F0 SLICE_326
ROUTE         1     1.008      R2C12D.F0 to       28.PADDO serial_out_c
DOPAD_DEL   ---     2.797       28.PADDO to         28.PAD serial_out
                  --------
                   11.743   (44.5% logic, 55.5% route), 6 logic levels.

Unconstrained Preference:
   CLOCK_TO_OUT PORT "serial_out" CLKPORT "clk" 

Report:   11.736ns delay SLICE_231 to serial_out

   Name    Fanout   Delay (ns)          Site               Resource
REG_DEL     ---     0.452      R5C6C.CLK to       R5C6C.Q1 SLICE_231 (from clk_c)
ROUTE         1     2.047       R5C6C.Q1 to       R4C8B.C1 observe[59]
CTOF_DEL    ---     0.495       R4C8B.C1 to       R4C8B.F1 SLICE_404
ROUTE         1     0.315       R4C8B.F1 to       R4C8A.D0 serial_out_100
CTOF_DEL    ---     0.495       R4C8A.D0 to       R4C8A.F0 SLICE_332
ROUTE         1     1.336       R4C8A.F0 to       R3C9C.B0 serial_out_153
CTOF_DEL    ---     0.495       R3C9C.B0 to       R3C9C.F0 SLICE_327
ROUTE         1     1.801       R3C9C.F0 to      R2C12D.A0 serial_out_166
CTOF_DEL    ---     0.495      R2C12D.A0 to      R2C12D.F0 SLICE_326
ROUTE         1     1.008      R2C12D.F0 to       28.PADDO serial_out_c
DOPAD_DEL   ---     2.797       28.PADDO to         28.PAD serial_out
                  --------
                   11.736   (44.6% logic, 55.4% route), 6 logic levels.

Unconstrained Preference:
   CLOCK_TO_OUT PORT "serial_out" CLKPORT "clk" 

Report:   11.577ns delay SLICE_16 to serial_out

   Name    Fanout   Delay (ns)          Site               Resource
REG_DEL     ---     0.452     R4C12A.CLK to      R4C12A.Q0 SLICE_16 (from clk_c)
ROUTE         1     2.821      R4C12A.Q0 to      R3C11B.A0 observe[139]
CTOF_DEL    ---     0.495      R3C11B.A0 to      R3C11B.F0 SLICE_398
ROUTE         1     1.460      R3C11B.F0 to      R2C11D.D1 serial_out_120
CTOF_DEL    ---     0.495      R2C11D.D1 to      R2C11D.F1 SLICE_328
ROUTE         1     0.436      R2C11D.F1 to      R2C11D.C0 serial_out_158
CTOF_DEL    ---     0.495      R2C11D.C0 to      R2C11D.F0 SLICE_328
ROUTE         1     0.623      R2C11D.F0 to      R2C12D.D0 serial_out_167
CTOF_DEL    ---     0.495      R2C12D.D0 to      R2C12D.F0 SLICE_326
ROUTE         1     1.008      R2C12D.F0 to       28.PADDO serial_out_c
DOPAD_DEL   ---     2.797       28.PADDO to         28.PAD serial_out
                  --------
                   11.577   (45.2% logic, 54.8% route), 6 logic levels.

Unconstrained Preference:
   CLOCK_TO_OUT PORT "serial_out" CLKPORT "clk" 

Report:   11.565ns delay SLICE_391 to serial_out

   Name    Fanout   Delay (ns)          Site               Resource
REG_DEL     ---     0.452      R5C8C.CLK to       R5C8C.Q1 SLICE_391 (from clk_c)
ROUTE         1     1.498       R5C8C.Q1 to       R4C8A.A1 observe[67]
CTOF_DEL    ---     0.495       R4C8A.A1 to       R4C8A.F1 SLICE_332
ROUTE         1     0.693       R4C8A.F1 to       R4C8A.B0 serial_out_102
CTOF_DEL    ---     0.495       R4C8A.B0 to       R4C8A.F0 SLICE_332
ROUTE         1     1.336       R4C8A.F0 to       R3C9C.B0 serial_out_153
CTOF_DEL    ---     0.495       R3C9C.B0 to       R3C9C.F0 SLICE_327
ROUTE         1     1.801       R3C9C.F0 to      R2C12D.A0 serial_out_166
CTOF_DEL    ---     0.495      R2C12D.A0 to      R2C12D.F0 SLICE_326
ROUTE         1     1.008      R2C12D.F0 to       28.PADDO serial_out_c
DOPAD_DEL   ---     2.797       28.PADDO to         28.PAD serial_out
                  --------
                   11.565   (45.2% logic, 54.8% route), 6 logic levels.

Unconstrained Preference:
   CLOCK_TO_OUT PORT "serial_out" CLKPORT "clk" 

Report:   11.558ns delay SLICE_62 to serial_out

   Name    Fanout   Delay (ns)          Site               Resource
REG_DEL     ---     0.452     R4C15D.CLK to      R4C15D.Q0 SLICE_62 (from clk_c)
ROUTE         1     2.204      R4C15D.Q0 to      R3C12A.C0 observe[7]
CTOF_DEL    ---     0.495      R3C12A.C0 to      R3C12A.F0 SLICE_157
ROUTE         1     1.004      R3C12A.F0 to      R3C12D.B0 serial_out_87
CTOF_DEL    ---     0.495      R3C12D.B0 to      R3C12D.F0 SLICE_329
ROUTE         1     0.693      R3C12D.F0 to      R3C12B.B1 serial_out_150
CTOF_DEL    ---     0.495      R3C12B.B1 to      R3C12B.F1 SLICE_235
ROUTE         1     1.420      R3C12B.F1 to      R2C12D.B0 serial_out_160
CTOF_DEL    ---     0.495      R2C12D.B0 to      R2C12D.F0 SLICE_326
ROUTE         1     1.008      R2C12D.F0 to       28.PADDO serial_out_c
DOPAD_DEL   ---     2.797       28.PADDO to         28.PAD serial_out
                  --------
                   11.558   (45.2% logic, 54.8% route), 6 logic levels.

Unconstrained Preference:
   CLOCK_TO_OUT PORT "serial_out" CLKPORT "clk" 

Report:   11.554ns delay SLICE_317 to serial_out

   Name    Fanout   Delay (ns)          Site               Resource
REG_DEL     ---     0.452      R4C6A.CLK to       R4C6A.Q1 SLICE_317 (from clk_c)
ROUTE         1     1.620       R4C6A.Q1 to       R3C7A.C1 observe[81]
CTOF_DEL    ---     0.495       R3C7A.C1 to       R3C7A.F1 SLICE_402
ROUTE         1     1.460       R3C7A.F1 to       R3C9C.D1 serial_out_105
CTOF_DEL    ---     0.495       R3C9C.D1 to       R3C9C.F1 SLICE_327
ROUTE         1     0.436       R3C9C.F1 to       R3C9C.C0 serial_out_154
CTOF_DEL    ---     0.495       R3C9C.C0 to       R3C9C.F0 SLICE_327
ROUTE         1     1.801       R3C9C.F0 to      R2C12D.A0 serial_out_166
CTOF_DEL    ---     0.495      R2C12D.A0 to      R2C12D.F0 SLICE_326
ROUTE         1     1.008      R2C12D.F0 to       28.PADDO serial_out_c
DOPAD_DEL   ---     2.797       28.PADDO to         28.PAD serial_out
                  --------
                   11.554   (45.3% logic, 54.7% route), 6 logic levels.

Unconstrained Preference:
   CLOCK_TO_OUT PORT "serial_out" CLKPORT "clk" 

Report:   11.506ns delay SLICE_328 to serial_out

   Name    Fanout   Delay (ns)          Site               Resource
REG_DEL     ---     0.452     R2C11D.CLK to      R2C11D.Q1 SLICE_328 (from clk_c)
ROUTE         1     1.079      R2C11D.Q1 to      R2C11A.C0 observe[30]
CTOF_DEL    ---     0.495      R2C11A.C0 to      R2C11A.F0 SLICE_406
ROUTE         1     0.693      R2C11A.F0 to      R2C10D.B0 serial_out_93
CTOF_DEL    ---     0.495      R2C10D.B0 to      R2C10D.F0 SLICE_330
ROUTE         1     1.696      R2C10D.F0 to       R3C9C.A0 serial_out_151
CTOF_DEL    ---     0.495       R3C9C.A0 to       R3C9C.F0 SLICE_327
ROUTE         1     1.801       R3C9C.F0 to      R2C12D.A0 serial_out_166
CTOF_DEL    ---     0.495      R2C12D.A0 to      R2C12D.F0 SLICE_326
ROUTE         1     1.008      R2C12D.F0 to       28.PADDO serial_out_c
DOPAD_DEL   ---     2.797       28.PADDO to         28.PAD serial_out
                  --------
                   11.506   (45.4% logic, 54.6% route), 6 logic levels.

Unconstrained Preference:
   CLOCK_TO_OUT PORT "serial_out" CLKPORT "clk" 

Report:   11.410ns delay SLICE_394 to serial_out

   Name    Fanout   Delay (ns)          Site               Resource
REG_DEL     ---     0.452      R4C6C.CLK to       R4C6C.Q0 SLICE_394 (from clk_c)
ROUTE         1     0.986       R4C6C.Q0 to       R4C5A.A0 observe[46]
CTOF_DEL    ---     0.495       R4C5A.A0 to       R4C5A.F0 SLICE_405
ROUTE         1     1.001       R4C5A.F0 to       R3C5B.B0 serial_out_97
CTOF_DEL    ---     0.495       R3C5B.B0 to       R3C5B.F0 SLICE_331
ROUTE         1     1.385       R3C5B.F0 to       R3C9C.D0 serial_out_152
CTOF_DEL    ---     0.495       R3C9C.D0 to       R3C9C.F0 SLICE_327
ROUTE         1     1.801       R3C9C.F0 to      R2C12D.A0 serial_out_166
CTOF_DEL    ---     0.495      R2C12D.A0 to      R2C12D.F0 SLICE_326
ROUTE         1     1.008      R2C12D.F0 to       28.PADDO serial_out_c
DOPAD_DEL   ---     2.797       28.PADDO to         28.PAD serial_out
                  --------
                   11.410   (45.8% logic, 54.2% route), 6 logic levels.

Unconstrained Preference:
   CLOCK_TO_OUT PORT "serial_out" CLKPORT "clk" 

Report:   11.391ns delay SLICE_358 to serial_out

   Name    Fanout   Delay (ns)          Site               Resource
REG_DEL     ---     0.452      R5C9A.CLK to       R5C9A.Q1 SLICE_358 (from clk_c)
ROUTE         1     1.581       R5C9A.Q1 to       R4C8B.C0 observe[63]
CTOF_DEL    ---     0.495       R4C8B.C0 to       R4C8B.F0 SLICE_404
ROUTE         1     0.436       R4C8B.F0 to       R4C8A.C0 serial_out_101
CTOF_DEL    ---     0.495       R4C8A.C0 to       R4C8A.F0 SLICE_332
ROUTE         1     1.336       R4C8A.F0 to       R3C9C.B0 serial_out_153
CTOF_DEL    ---     0.495       R3C9C.B0 to       R3C9C.F0 SLICE_327
ROUTE         1     1.801       R3C9C.F0 to      R2C12D.A0 serial_out_166
CTOF_DEL    ---     0.495      R2C12D.A0 to      R2C12D.F0 SLICE_326
ROUTE         1     1.008      R2C12D.F0 to       28.PADDO serial_out_c
DOPAD_DEL   ---     2.797       28.PADDO to         28.PAD serial_out
                  --------
                   11.391   (45.9% logic, 54.1% route), 6 logic levels.

Unconstrained Preference:
   CLOCK_TO_OUT PORT "serial_out" CLKPORT "clk" 

Report:   11.382ns delay SLICE_234 to serial_out

   Name    Fanout   Delay (ns)          Site               Resource
REG_DEL     ---     0.452      R5C6D.CLK to       R5C6D.Q1 SLICE_234 (from clk_c)
ROUTE         1     0.958       R5C6D.Q1 to       R4C5A.D0 observe[49]
CTOF_DEL    ---     0.495       R4C5A.D0 to       R4C5A.F0 SLICE_405
ROUTE         1     1.001       R4C5A.F0 to       R3C5B.B0 serial_out_97
CTOF_DEL    ---     0.495       R3C5B.B0 to       R3C5B.F0 SLICE_331
ROUTE         1     1.385       R3C5B.F0 to       R3C9C.D0 serial_out_152
CTOF_DEL    ---     0.495       R3C9C.D0 to       R3C9C.F0 SLICE_327
ROUTE         1     1.801       R3C9C.F0 to      R2C12D.A0 serial_out_166
CTOF_DEL    ---     0.495      R2C12D.A0 to      R2C12D.F0 SLICE_326
ROUTE         1     1.008      R2C12D.F0 to       28.PADDO serial_out_c
DOPAD_DEL   ---     2.797       28.PADDO to         28.PAD serial_out
                  --------
                   11.382   (45.9% logic, 54.1% route), 6 logic levels.

Unconstrained Preference:
   CLOCK_TO_OUT PORT "serial_out" CLKPORT "clk" 

Report:   11.354ns delay SLICE_356 to serial_out

   Name    Fanout   Delay (ns)          Site               Resource
REG_DEL     ---     0.452      R4C9D.CLK to       R4C9D.Q0 SLICE_356 (from clk_c)
ROUTE         1     1.916       R4C9D.Q0 to       R4C9B.A0 observe[74]
CTOF_DEL    ---     0.495       R4C9B.A0 to       R4C9B.F0 SLICE_403
ROUTE         1     0.964       R4C9B.F0 to       R3C9C.A1 serial_out_104
CTOF_DEL    ---     0.495       R3C9C.A1 to       R3C9C.F1 SLICE_327
ROUTE         1     0.436       R3C9C.F1 to       R3C9C.C0 serial_out_154
CTOF_DEL    ---     0.495       R3C9C.C0 to       R3C9C.F0 SLICE_327
ROUTE         1     1.801       R3C9C.F0 to      R2C12D.A0 serial_out_166
CTOF_DEL    ---     0.495      R2C12D.A0 to      R2C12D.F0 SLICE_326
ROUTE         1     1.008      R2C12D.F0 to       28.PADDO serial_out_c
DOPAD_DEL   ---     2.797       28.PADDO to         28.PAD serial_out
                  --------
                   11.354   (46.1% logic, 53.9% route), 6 logic levels.

Unconstrained Preference:
   CLOCK_TO_OUT PORT "serial_out" CLKPORT "clk" 

Report:   11.270ns delay SLICE_358 to serial_out

   Name    Fanout   Delay (ns)          Site               Resource
REG_DEL     ---     0.452      R5C9A.CLK to       R5C9A.Q0 SLICE_358 (from clk_c)
ROUTE         1     1.460       R5C9A.Q0 to       R4C8B.D0 observe[62]
CTOF_DEL    ---     0.495       R4C8B.D0 to       R4C8B.F0 SLICE_404
ROUTE         1     0.436       R4C8B.F0 to       R4C8A.C0 serial_out_101
CTOF_DEL    ---     0.495       R4C8A.C0 to       R4C8A.F0 SLICE_332
ROUTE         1     1.336       R4C8A.F0 to       R3C9C.B0 serial_out_153
CTOF_DEL    ---     0.495       R3C9C.B0 to       R3C9C.F0 SLICE_327
ROUTE         1     1.801       R3C9C.F0 to      R2C12D.A0 serial_out_166
CTOF_DEL    ---     0.495      R2C12D.A0 to      R2C12D.F0 SLICE_326
ROUTE         1     1.008      R2C12D.F0 to       28.PADDO serial_out_c
DOPAD_DEL   ---     2.797       28.PADDO to         28.PAD serial_out
                  --------
                   11.270   (46.4% logic, 53.6% route), 6 logic levels.

Unconstrained Preference:
   CLOCK_TO_OUT PORT "serial_out" CLKPORT "clk" 

Report:   11.233ns delay SLICE_317 to serial_out

   Name    Fanout   Delay (ns)          Site               Resource
REG_DEL     ---     0.452      R4C6A.CLK to       R4C6A.Q0 SLICE_317 (from clk_c)
ROUTE         1     1.299       R4C6A.Q0 to       R3C7A.A1 observe[80]
CTOF_DEL    ---     0.495       R3C7A.A1 to       R3C7A.F1 SLICE_402
ROUTE         1     1.460       R3C7A.F1 to       R3C9C.D1 serial_out_105
CTOF_DEL    ---     0.495       R3C9C.D1 to       R3C9C.F1 SLICE_327
ROUTE         1     0.436       R3C9C.F1 to       R3C9C.C0 serial_out_154
CTOF_DEL    ---     0.495       R3C9C.C0 to       R3C9C.F0 SLICE_327
ROUTE         1     1.801       R3C9C.F0 to      R2C12D.A0 serial_out_166
CTOF_DEL    ---     0.495      R2C12D.A0 to      R2C12D.F0 SLICE_326
ROUTE         1     1.008      R2C12D.F0 to       28.PADDO serial_out_c
DOPAD_DEL   ---     2.797       28.PADDO to         28.PAD serial_out
                  --------
                   11.233   (46.6% logic, 53.4% route), 6 logic levels.

Unconstrained Preference:
   CLOCK_TO_OUT PORT "serial_out" CLKPORT "clk" 

Report:   11.230ns delay SLICE_359 to serial_out

   Name    Fanout   Delay (ns)          Site               Resource
REG_DEL     ---     0.452     R4C10C.CLK to      R4C10C.Q0 SLICE_359 (from clk_c)
ROUTE         1     1.420      R4C10C.Q0 to       R4C8B.B0 observe[64]
CTOF_DEL    ---     0.495       R4C8B.B0 to       R4C8B.F0 SLICE_404
ROUTE         1     0.436       R4C8B.F0 to       R4C8A.C0 serial_out_101
CTOF_DEL    ---     0.495       R4C8A.C0 to       R4C8A.F0 SLICE_332
ROUTE         1     1.336       R4C8A.F0 to       R3C9C.B0 serial_out_153
CTOF_DEL    ---     0.495       R3C9C.B0 to       R3C9C.F0 SLICE_327
ROUTE         1     1.801       R3C9C.F0 to      R2C12D.A0 serial_out_166
CTOF_DEL    ---     0.495      R2C12D.A0 to      R2C12D.F0 SLICE_326
ROUTE         1     1.008      R2C12D.F0 to       28.PADDO serial_out_c
DOPAD_DEL   ---     2.797       28.PADDO to         28.PAD serial_out
                  --------
                   11.230   (46.6% logic, 53.4% route), 6 logic levels.

Unconstrained Preference:
   CLOCK_TO_OUT PORT "serial_out" CLKPORT "clk" 

Report:   11.211ns delay SLICE_61 to serial_out

   Name    Fanout   Delay (ns)          Site               Resource
REG_DEL     ---     0.452     R4C16B.CLK to      R4C16B.Q1 SLICE_61 (from clk_c)
ROUTE         1     1.857      R4C16B.Q1 to      R3C12A.D0 observe[6]
CTOF_DEL    ---     0.495      R3C12A.D0 to      R3C12A.F0 SLICE_157
ROUTE         1     1.004      R3C12A.F0 to      R3C12D.B0 serial_out_87
CTOF_DEL    ---     0.495      R3C12D.B0 to      R3C12D.F0 SLICE_329
ROUTE         1     0.693      R3C12D.F0 to      R3C12B.B1 serial_out_150
CTOF_DEL    ---     0.495      R3C12B.B1 to      R3C12B.F1 SLICE_235
ROUTE         1     1.420      R3C12B.F1 to      R2C12D.B0 serial_out_160
CTOF_DEL    ---     0.495      R2C12D.B0 to      R2C12D.F0 SLICE_326
ROUTE         1     1.008      R2C12D.F0 to       28.PADDO serial_out_c
DOPAD_DEL   ---     2.797       28.PADDO to         28.PAD serial_out
                  --------
                   11.211   (46.6% logic, 53.4% route), 6 logic levels.

Unconstrained Preference:
   CLOCK_TO_OUT PORT "serial_out" CLKPORT "clk" 

Report:   11.194ns delay SLICE_63 to serial_out

   Name    Fanout   Delay (ns)          Site               Resource
REG_DEL     ---     0.452     R4C15C.CLK to      R4C15C.Q0 SLICE_63 (from clk_c)
ROUTE         1     1.840      R4C15C.Q0 to      R3C12A.A0 observe[9]
CTOF_DEL    ---     0.495      R3C12A.A0 to      R3C12A.F0 SLICE_157
ROUTE         1     1.004      R3C12A.F0 to      R3C12D.B0 serial_out_87
CTOF_DEL    ---     0.495      R3C12D.B0 to      R3C12D.F0 SLICE_329
ROUTE         1     0.693      R3C12D.F0 to      R3C12B.B1 serial_out_150
CTOF_DEL    ---     0.495      R3C12B.B1 to      R3C12B.F1 SLICE_235
ROUTE         1     1.420      R3C12B.F1 to      R2C12D.B0 serial_out_160
CTOF_DEL    ---     0.495      R2C12D.B0 to      R2C12D.F0 SLICE_326
ROUTE         1     1.008      R2C12D.F0 to       28.PADDO serial_out_c
DOPAD_DEL   ---     2.797       28.PADDO to         28.PAD serial_out
                  --------
                   11.194   (46.7% logic, 53.3% route), 6 logic levels.

Unconstrained Preference:
   CLOCK_TO_OUT PORT "serial_out" CLKPORT "clk" 

Report:   11.168ns delay SLICE_394 to serial_out

   Name    Fanout   Delay (ns)          Site               Resource
REG_DEL     ---     0.452      R4C6C.CLK to       R4C6C.Q1 SLICE_394 (from clk_c)
ROUTE         1     0.744       R4C6C.Q1 to       R4C5A.C0 observe[47]
CTOF_DEL    ---     0.495       R4C5A.C0 to       R4C5A.F0 SLICE_405
ROUTE         1     1.001       R4C5A.F0 to       R3C5B.B0 serial_out_97
CTOF_DEL    ---     0.495       R3C5B.B0 to       R3C5B.F0 SLICE_331
ROUTE         1     1.385       R3C5B.F0 to       R3C9C.D0 serial_out_152
CTOF_DEL    ---     0.495       R3C9C.D0 to       R3C9C.F0 SLICE_327
ROUTE         1     1.801       R3C9C.F0 to      R2C12D.A0 serial_out_166
CTOF_DEL    ---     0.495      R2C12D.A0 to      R2C12D.F0 SLICE_326
ROUTE         1     1.008      R2C12D.F0 to       28.PADDO serial_out_c
DOPAD_DEL   ---     2.797       28.PADDO to         28.PAD serial_out
                  --------
                   11.168   (46.8% logic, 53.2% route), 6 logic levels.

Unconstrained Preference:
   CLOCK_TO_OUT PORT "serial_out" CLKPORT "clk" 

Report:   11.134ns delay SLICE_406 to serial_out

   Name    Fanout   Delay (ns)          Site               Resource
REG_DEL     ---     0.452     R2C11A.CLK to      R2C11A.Q0 SLICE_406 (from clk_c)
ROUTE         1     0.964      R2C11A.Q0 to      R2C10D.A1 observe[35]
CTOF_DEL    ---     0.495      R2C10D.A1 to      R2C10D.F1 SLICE_330
ROUTE         1     0.436      R2C10D.F1 to      R2C10D.C0 serial_out_94
CTOF_DEL    ---     0.495      R2C10D.C0 to      R2C10D.F0 SLICE_330
ROUTE         1     1.696      R2C10D.F0 to       R3C9C.A0 serial_out_151
CTOF_DEL    ---     0.495       R3C9C.A0 to       R3C9C.F0 SLICE_327
ROUTE         1     1.801       R3C9C.F0 to      R2C12D.A0 serial_out_166
CTOF_DEL    ---     0.495      R2C12D.A0 to      R2C12D.F0 SLICE_326
ROUTE         1     1.008      R2C12D.F0 to       28.PADDO serial_out_c
DOPAD_DEL   ---     2.797       28.PADDO to         28.PAD serial_out
                  --------
                   11.134   (47.0% logic, 53.0% route), 6 logic levels.

Unconstrained Preference:
   CLOCK_TO_OUT PORT "serial_out" CLKPORT "clk" 

Report:   11.128ns delay SLICE_327 to serial_out

   Name    Fanout   Delay (ns)          Site               Resource
REG_DEL     ---     0.452      R3C9C.CLK to       R3C9C.Q1 SLICE_327 (from clk_c)
ROUTE         1     1.079       R3C9C.Q1 to      R2C11A.C1 observe[28]
CTOF_DEL    ---     0.495      R2C11A.C1 to      R2C11A.F1 SLICE_406
ROUTE         1     0.315      R2C11A.F1 to      R2C10D.D0 serial_out_92
CTOF_DEL    ---     0.495      R2C10D.D0 to      R2C10D.F0 SLICE_330
ROUTE         1     1.696      R2C10D.F0 to       R3C9C.A0 serial_out_151
CTOF_DEL    ---     0.495       R3C9C.A0 to       R3C9C.F0 SLICE_327
ROUTE         1     1.801       R3C9C.F0 to      R2C12D.A0 serial_out_166
CTOF_DEL    ---     0.495      R2C12D.A0 to      R2C12D.F0 SLICE_326
ROUTE         1     1.008      R2C12D.F0 to       28.PADDO serial_out_c
DOPAD_DEL   ---     2.797       28.PADDO to         28.PAD serial_out
                  --------
                   11.128   (47.0% logic, 53.0% route), 6 logic levels.

Unconstrained Preference:
   CLOCK_TO_OUT PORT "serial_out" CLKPORT "clk" 

Report:   11.125ns delay SLICE_403 to serial_out

   Name    Fanout   Delay (ns)          Site               Resource
REG_DEL     ---     0.452      R4C9B.CLK to       R4C9B.Q0 SLICE_403 (from clk_c)
ROUTE         1     1.336       R4C9B.Q0 to       R3C7B.B1 observe[103]
CTOF_DEL    ---     0.495       R3C7B.B1 to       R3C7B.F1 SLICE_155
ROUTE         1     1.962       R3C7B.F1 to      R2C11C.B0 serial_out_111
CTOF_DEL    ---     0.495      R2C11C.B0 to      R2C11C.F0 SLICE_334
ROUTE         1     0.967      R2C11C.F0 to      R2C11D.A0 serial_out_156
CTOF_DEL    ---     0.495      R2C11D.A0 to      R2C11D.F0 SLICE_328
ROUTE         1     0.623      R2C11D.F0 to      R2C12D.D0 serial_out_167
CTOF_DEL    ---     0.495      R2C12D.D0 to      R2C12D.F0 SLICE_326
ROUTE         1     1.008      R2C12D.F0 to       28.PADDO serial_out_c
DOPAD_DEL   ---     2.797       28.PADDO to         28.PAD serial_out
                  --------
                   11.125   (47.0% logic, 53.0% route), 6 logic levels.

Unconstrained Preference:
   CLOCK_TO_OUT PORT "serial_out" CLKPORT "clk" 

Report:   11.116ns delay SLICE_314 to serial_out

   Name    Fanout   Delay (ns)          Site               Resource
REG_DEL     ---     0.452      R3C6A.CLK to       R3C6A.Q1 SLICE_314 (from clk_c)
ROUTE         1     1.962       R3C6A.Q1 to       R3C7C.B0 observe[97]
CTOF_DEL    ---     0.495       R3C7C.B0 to       R3C7C.F0 SLICE_401
ROUTE         1     1.336       R3C7C.F0 to       R2C8C.B0 serial_out_109
CTOF_DEL    ---     0.495       R2C8C.B0 to       R2C8C.F0 SLICE_333
ROUTE         1     0.958       R2C8C.F0 to      R2C11D.D0 serial_out_155
CTOF_DEL    ---     0.495      R2C11D.D0 to      R2C11D.F0 SLICE_328
ROUTE         1     0.623      R2C11D.F0 to      R2C12D.D0 serial_out_167
CTOF_DEL    ---     0.495      R2C12D.D0 to      R2C12D.F0 SLICE_326
ROUTE         1     1.008      R2C12D.F0 to       28.PADDO serial_out_c
DOPAD_DEL   ---     2.797       28.PADDO to         28.PAD serial_out
                  --------
                   11.116   (47.0% logic, 53.0% route), 6 logic levels.

Unconstrained Preference:
   CLOCK_TO_OUT PORT "serial_out" CLKPORT "clk" 

Report:   11.110ns delay SLICE_322 to serial_out

   Name    Fanout   Delay (ns)          Site               Resource
REG_DEL     ---     0.452      R4C6D.CLK to       R4C6D.Q1 SLICE_322 (from clk_c)
ROUTE         1     0.645       R4C6D.Q1 to       R4C5A.D1 observe[43]
CTOF_DEL    ---     0.495       R4C5A.D1 to       R4C5A.F1 SLICE_405
ROUTE         1     1.042       R4C5A.F1 to       R3C5B.D0 serial_out_96
CTOF_DEL    ---     0.495       R3C5B.D0 to       R3C5B.F0 SLICE_331
ROUTE         1     1.385       R3C5B.F0 to       R3C9C.D0 serial_out_152
CTOF_DEL    ---     0.495       R3C9C.D0 to       R3C9C.F0 SLICE_327
ROUTE         1     1.801       R3C9C.F0 to      R2C12D.A0 serial_out_166
CTOF_DEL    ---     0.495      R2C12D.A0 to      R2C12D.F0 SLICE_326
ROUTE         1     1.008      R2C12D.F0 to       28.PADDO serial_out_c
DOPAD_DEL   ---     2.797       28.PADDO to         28.PAD serial_out
                  --------
                   11.110   (47.1% logic, 52.9% route), 6 logic levels.

Unconstrained Preference:
   CLOCK_TO_OUT PORT "serial_out" CLKPORT "clk" 

Report:   11.067ns delay SLICE_403 to serial_out

   Name    Fanout   Delay (ns)          Site               Resource
REG_DEL     ---     0.452      R4C9B.CLK to       R4C9B.Q1 SLICE_403 (from clk_c)
ROUTE         1     1.278       R4C9B.Q1 to       R3C7B.C1 observe[104]
CTOF_DEL    ---     0.495       R3C7B.C1 to       R3C7B.F1 SLICE_155
ROUTE         1     1.962       R3C7B.F1 to      R2C11C.B0 serial_out_111
CTOF_DEL    ---     0.495      R2C11C.B0 to      R2C11C.F0 SLICE_334
ROUTE         1     0.967      R2C11C.F0 to      R2C11D.A0 serial_out_156
CTOF_DEL    ---     0.495      R2C11D.A0 to      R2C11D.F0 SLICE_328
ROUTE         1     0.623      R2C11D.F0 to      R2C12D.D0 serial_out_167
CTOF_DEL    ---     0.495      R2C12D.D0 to      R2C12D.F0 SLICE_326
ROUTE         1     1.008      R2C12D.F0 to       28.PADDO serial_out_c
DOPAD_DEL   ---     2.797       28.PADDO to         28.PAD serial_out
                  --------
                   11.067   (47.2% logic, 52.8% route), 6 logic levels.

Unconstrained Preference:
   CLOCK_TO_OUT PORT "serial_out" CLKPORT "clk" 

Report:   11.052ns delay SLICE_409 to serial_out

   Name    Fanout   Delay (ns)          Site               Resource
REG_DEL     ---     0.452      R5C6A.CLK to       R5C6A.Q1 SLICE_409 (from clk_c)
ROUTE         1     1.193       R5C6A.Q1 to       R3C5B.C1 observe[51]
CTOF_DEL    ---     0.495       R3C5B.C1 to       R3C5B.F1 SLICE_331
ROUTE         1     0.436       R3C5B.F1 to       R3C5B.C0 serial_out_98
CTOF_DEL    ---     0.495       R3C5B.C0 to       R3C5B.F0 SLICE_331
ROUTE         1     1.385       R3C5B.F0 to       R3C9C.D0 serial_out_152
CTOF_DEL    ---     0.495       R3C9C.D0 to       R3C9C.F0 SLICE_327
ROUTE         1     1.801       R3C9C.F0 to      R2C12D.A0 serial_out_166
CTOF_DEL    ---     0.495      R2C12D.A0 to      R2C12D.F0 SLICE_326
ROUTE         1     1.008      R2C12D.F0 to       28.PADDO serial_out_c
DOPAD_DEL   ---     2.797       28.PADDO to         28.PAD serial_out
                  --------
                   11.052   (47.3% logic, 52.7% route), 6 logic levels.

Unconstrained Preference:
   CLOCK_TO_OUT PORT "serial_out" CLKPORT "clk" 

Report:   11.050ns delay SLICE_408 to serial_out

   Name    Fanout   Delay (ns)          Site               Resource
REG_DEL     ---     0.452     R3C11D.CLK to      R3C11D.Q1 SLICE_408 (from clk_c)
ROUTE         1     0.623      R3C11D.Q1 to      R2C11A.D0 observe[32]
CTOF_DEL    ---     0.495      R2C11A.D0 to      R2C11A.F0 SLICE_406
ROUTE         1     0.693      R2C11A.F0 to      R2C10D.B0 serial_out_93
CTOF_DEL    ---     0.495      R2C10D.B0 to      R2C10D.F0 SLICE_330
ROUTE         1     1.696      R2C10D.F0 to       R3C9C.A0 serial_out_151
CTOF_DEL    ---     0.495       R3C9C.A0 to       R3C9C.F0 SLICE_327
ROUTE         1     1.801       R3C9C.F0 to      R2C12D.A0 serial_out_166
CTOF_DEL    ---     0.495      R2C12D.A0 to      R2C12D.F0 SLICE_326
ROUTE         1     1.008      R2C12D.F0 to       28.PADDO serial_out_c
DOPAD_DEL   ---     2.797       28.PADDO to         28.PAD serial_out
                  --------
                   11.050   (47.3% logic, 52.7% route), 6 logic levels.

Unconstrained Preference:
   CLOCK_TO_OUT PORT "serial_out" CLKPORT "clk" 

Report:   11.038ns delay SLICE_395 to serial_out

   Name    Fanout   Delay (ns)          Site               Resource
REG_DEL     ---     0.452     R3C13D.CLK to      R3C13D.Q1 SLICE_395 (from clk_c)
ROUTE         1     1.838      R3C13D.Q1 to      R3C12C.B0 observe[120]
CTOF_DEL    ---     0.495      R3C12C.B0 to      R3C12C.F0 SLICE_154
ROUTE         1     1.336      R3C12C.F0 to      R2C11B.B0 serial_out_115
CTOF_DEL    ---     0.495      R2C11B.B0 to      R2C11B.F0 SLICE_335
ROUTE         1     1.004      R2C11B.F0 to      R2C11D.B0 serial_out_157
CTOF_DEL    ---     0.495      R2C11D.B0 to      R2C11D.F0 SLICE_328
ROUTE         1     0.623      R2C11D.F0 to      R2C12D.D0 serial_out_167
CTOF_DEL    ---     0.495      R2C12D.D0 to      R2C12D.F0 SLICE_326
ROUTE         1     1.008      R2C12D.F0 to       28.PADDO serial_out_c
DOPAD_DEL   ---     2.797       28.PADDO to         28.PAD serial_out
                  --------
                   11.038   (47.4% logic, 52.6% route), 6 logic levels.

Unconstrained Preference:
   CLOCK_TO_OUT PORT "serial_out" CLKPORT "clk" 

Report:   11.026ns delay SLICE_331 to serial_out

   Name    Fanout   Delay (ns)          Site               Resource
REG_DEL     ---     0.452      R3C5B.CLK to       R3C5B.Q0 SLICE_331 (from clk_c)
ROUTE         1     2.198       R3C5B.Q0 to      R2C10B.A0 observe[127]
CTOF_DEL    ---     0.495      R2C10B.A0 to      R2C10B.F0 SLICE_399
ROUTE         1     0.964      R2C10B.F0 to      R2C11B.A0 serial_out_117
CTOF_DEL    ---     0.495      R2C11B.A0 to      R2C11B.F0 SLICE_335
ROUTE         1     1.004      R2C11B.F0 to      R2C11D.B0 serial_out_157
CTOF_DEL    ---     0.495      R2C11D.B0 to      R2C11D.F0 SLICE_328
ROUTE         1     0.623      R2C11D.F0 to      R2C12D.D0 serial_out_167
CTOF_DEL    ---     0.495      R2C12D.D0 to      R2C12D.F0 SLICE_326
ROUTE         1     1.008      R2C12D.F0 to       28.PADDO serial_out_c
DOPAD_DEL   ---     2.797       28.PADDO to         28.PAD serial_out
                  --------
                   11.026   (47.4% logic, 52.6% route), 6 logic levels.

Unconstrained Preference:
   CLOCK_TO_OUT PORT "serial_out" CLKPORT "clk" 

Report:   11.016ns delay SLICE_328 to serial_out

   Name    Fanout   Delay (ns)          Site               Resource
REG_DEL     ---     0.452     R2C11D.CLK to      R2C11D.Q0 SLICE_328 (from clk_c)
ROUTE         1     0.967      R2C11D.Q0 to      R2C11A.A1 observe[29]
CTOF_DEL    ---     0.495      R2C11A.A1 to      R2C11A.F1 SLICE_406
ROUTE         1     0.315      R2C11A.F1 to      R2C10D.D0 serial_out_92
CTOF_DEL    ---     0.495      R2C10D.D0 to      R2C10D.F0 SLICE_330
ROUTE         1     1.696      R2C10D.F0 to       R3C9C.A0 serial_out_151
CTOF_DEL    ---     0.495       R3C9C.A0 to       R3C9C.F0 SLICE_327
ROUTE         1     1.801       R3C9C.F0 to      R2C12D.A0 serial_out_166
CTOF_DEL    ---     0.495      R2C12D.A0 to      R2C12D.F0 SLICE_326
ROUTE         1     1.008      R2C12D.F0 to       28.PADDO serial_out_c
DOPAD_DEL   ---     2.797       28.PADDO to         28.PAD serial_out
                  --------
                   11.016   (47.5% logic, 52.5% route), 6 logic levels.

Unconstrained Preference:
   CLOCK_TO_OUT PORT "serial_out" CLKPORT "clk" 

Report:   11.014ns delay SLICE_68 to serial_out

   Name    Fanout   Delay (ns)          Site               Resource
REG_DEL     ---     0.452     R4C11D.CLK to      R4C11D.Q0 SLICE_68 (from clk_c)
ROUTE         1     2.228      R4C11D.Q0 to      R3C12D.A1 observe[19]
CTOF_DEL    ---     0.495      R3C12D.A1 to      R3C12D.F1 SLICE_329
ROUTE         1     0.436      R3C12D.F1 to      R3C12D.C0 serial_out_90
CTOF_DEL    ---     0.495      R3C12D.C0 to      R3C12D.F0 SLICE_329
ROUTE         1     0.693      R3C12D.F0 to      R3C12B.B1 serial_out_150
CTOF_DEL    ---     0.495      R3C12B.B1 to      R3C12B.F1 SLICE_235
ROUTE         1     1.420      R3C12B.F1 to      R2C12D.B0 serial_out_160
CTOF_DEL    ---     0.495      R2C12D.B0 to      R2C12D.F0 SLICE_326
ROUTE         1     1.008      R2C12D.F0 to       28.PADDO serial_out_c
DOPAD_DEL   ---     2.797       28.PADDO to         28.PAD serial_out
                  --------
                   11.014   (47.5% logic, 52.5% route), 6 logic levels.

Unconstrained Preference:
   CLOCK_TO_OUT PORT "serial_out" CLKPORT "clk" 

Report:   11.003ns delay SLICE_228 to serial_out

   Name    Fanout   Delay (ns)          Site               Resource
REG_DEL     ---     0.452      R4C6B.CLK to       R4C6B.Q0 SLICE_228 (from clk_c)
ROUTE         1     1.763       R4C6B.Q0 to       R3C7A.B0 observe[82]
CTOF_DEL    ---     0.495       R3C7A.B0 to       R3C7A.F0 SLICE_402
ROUTE         1     0.766       R3C7A.F0 to       R3C9C.C1 serial_out_106
CTOF_DEL    ---     0.495       R3C9C.C1 to       R3C9C.F1 SLICE_327
ROUTE         1     0.436       R3C9C.F1 to       R3C9C.C0 serial_out_154
CTOF_DEL    ---     0.495       R3C9C.C0 to       R3C9C.F0 SLICE_327
ROUTE         1     1.801       R3C9C.F0 to      R2C12D.A0 serial_out_166
CTOF_DEL    ---     0.495      R2C12D.A0 to      R2C12D.F0 SLICE_326
ROUTE         1     1.008      R2C12D.F0 to       28.PADDO serial_out_c
DOPAD_DEL   ---     2.797       28.PADDO to         28.PAD serial_out
                  --------
                   11.003   (47.5% logic, 52.5% route), 6 logic levels.

Unconstrained Preference:
   CLOCK_TO_OUT PORT "serial_out" CLKPORT "clk" 

Report:   10.889ns delay SLICE_62 to serial_out

   Name    Fanout   Delay (ns)          Site               Resource
REG_DEL     ---     0.452     R4C15D.CLK to      R4C15D.Q1 SLICE_62 (from clk_c)
ROUTE         1     1.535      R4C15D.Q1 to      R3C12A.B0 observe[8]
CTOF_DEL    ---     0.495      R3C12A.B0 to      R3C12A.F0 SLICE_157
ROUTE         1     1.004      R3C12A.F0 to      R3C12D.B0 serial_out_87
CTOF_DEL    ---     0.495      R3C12D.B0 to      R3C12D.F0 SLICE_329
ROUTE         1     0.693      R3C12D.F0 to      R3C12B.B1 serial_out_150
CTOF_DEL    ---     0.495      R3C12B.B1 to      R3C12B.F1 SLICE_235
ROUTE         1     1.420      R3C12B.F1 to      R2C12D.B0 serial_out_160
CTOF_DEL    ---     0.495      R2C12D.B0 to      R2C12D.F0 SLICE_326
ROUTE         1     1.008      R2C12D.F0 to       28.PADDO serial_out_c
DOPAD_DEL   ---     2.797       28.PADDO to         28.PAD serial_out
                  --------
                   10.889   (48.0% logic, 52.0% route), 6 logic levels.

Unconstrained Preference:
   CLOCK_TO_OUT PORT "serial_out" CLKPORT "clk" 

Report:   10.852ns delay SLICE_63 to serial_out

   Name    Fanout   Delay (ns)          Site               Resource
REG_DEL     ---     0.452     R4C15C.CLK to      R4C15C.Q1 SLICE_63 (from clk_c)
ROUTE         1     1.042      R4C15C.Q1 to      R3C15C.D1 observe[10]
CTOF_DEL    ---     0.495      R3C15C.D1 to      R3C15C.F1 SLICE_407
ROUTE         1     1.460      R3C15C.F1 to      R3C12D.D0 serial_out_88
CTOF_DEL    ---     0.495      R3C12D.D0 to      R3C12D.F0 SLICE_329
ROUTE         1     0.693      R3C12D.F0 to      R3C12B.B1 serial_out_150
CTOF_DEL    ---     0.495      R3C12B.B1 to      R3C12B.F1 SLICE_235
ROUTE         1     1.420      R3C12B.F1 to      R2C12D.B0 serial_out_160
CTOF_DEL    ---     0.495      R2C12D.B0 to      R2C12D.F0 SLICE_326
ROUTE         1     1.008      R2C12D.F0 to       28.PADDO serial_out_c
DOPAD_DEL   ---     2.797       28.PADDO to         28.PAD serial_out
                  --------
                   10.852   (48.2% logic, 51.8% route), 6 logic levels.

Unconstrained Preference:
   CLOCK_TO_OUT PORT "serial_out" CLKPORT "clk" 

Report:   10.833ns delay SLICE_392 to serial_out

   Name    Fanout   Delay (ns)          Site               Resource
REG_DEL     ---     0.452     R4C10A.CLK to      R4C10A.Q1 SLICE_392 (from clk_c)
ROUTE         1     0.766      R4C10A.Q1 to       R4C8A.C1 observe[69]
CTOF_DEL    ---     0.495       R4C8A.C1 to       R4C8A.F1 SLICE_332
ROUTE         1     0.693       R4C8A.F1 to       R4C8A.B0 serial_out_102
CTOF_DEL    ---     0.495       R4C8A.B0 to       R4C8A.F0 SLICE_332
ROUTE         1     1.336       R4C8A.F0 to       R3C9C.B0 serial_out_153
CTOF_DEL    ---     0.495       R3C9C.B0 to       R3C9C.F0 SLICE_327
ROUTE         1     1.801       R3C9C.F0 to      R2C12D.A0 serial_out_166
CTOF_DEL    ---     0.495      R2C12D.A0 to      R2C12D.F0 SLICE_326
ROUTE         1     1.008      R2C12D.F0 to       28.PADDO serial_out_c
DOPAD_DEL   ---     2.797       28.PADDO to         28.PAD serial_out
                  --------
                   10.833   (48.3% logic, 51.7% route), 6 logic levels.

Unconstrained Preference:
   CLOCK_TO_OUT PORT "serial_out" CLKPORT "clk" 

Report:   10.826ns delay SLICE_324 to serial_out

   Name    Fanout   Delay (ns)          Site               Resource
REG_DEL     ---     0.452      R3C5D.CLK to       R3C5D.Q1 SLICE_324 (from clk_c)
ROUTE         1     0.967       R3C5D.Q1 to       R3C5B.A1 observe[53]
CTOF_DEL    ---     0.495       R3C5B.A1 to       R3C5B.F1 SLICE_331
ROUTE         1     0.436       R3C5B.F1 to       R3C5B.C0 serial_out_98
CTOF_DEL    ---     0.495       R3C5B.C0 to       R3C5B.F0 SLICE_331
ROUTE         1     1.385       R3C5B.F0 to       R3C9C.D0 serial_out_152
CTOF_DEL    ---     0.495       R3C9C.D0 to       R3C9C.F0 SLICE_327
ROUTE         1     1.801       R3C9C.F0 to      R2C12D.A0 serial_out_166
CTOF_DEL    ---     0.495      R2C12D.A0 to      R2C12D.F0 SLICE_326
ROUTE         1     1.008      R2C12D.F0 to       28.PADDO serial_out_c
DOPAD_DEL   ---     2.797       28.PADDO to         28.PAD serial_out
                  --------
                   10.826   (48.3% logic, 51.7% route), 6 logic levels.

Unconstrained Preference:
   CLOCK_TO_OUT PORT "serial_out" CLKPORT "clk" 

Report:   10.814ns delay SLICE_64 to serial_out

   Name    Fanout   Delay (ns)          Site               Resource
REG_DEL     ---     0.452     R3C15A.CLK to      R3C15A.Q1 SLICE_64 (from clk_c)
ROUTE         1     1.004      R3C15A.Q1 to      R3C15C.B1 observe[12]
CTOF_DEL    ---     0.495      R3C15C.B1 to      R3C15C.F1 SLICE_407
ROUTE         1     1.460      R3C15C.F1 to      R3C12D.D0 serial_out_88
CTOF_DEL    ---     0.495      R3C12D.D0 to      R3C12D.F0 SLICE_329
ROUTE         1     0.693      R3C12D.F0 to      R3C12B.B1 serial_out_150
CTOF_DEL    ---     0.495      R3C12B.B1 to      R3C12B.F1 SLICE_235
ROUTE         1     1.420      R3C12B.F1 to      R2C12D.B0 serial_out_160
CTOF_DEL    ---     0.495      R2C12D.B0 to      R2C12D.F0 SLICE_326
ROUTE         1     1.008      R2C12D.F0 to       28.PADDO serial_out_c
DOPAD_DEL   ---     2.797       28.PADDO to         28.PAD serial_out
                  --------
                   10.814   (48.4% logic, 51.6% route), 6 logic levels.

Unconstrained Preference:
   CLOCK_TO_OUT PORT "serial_out" CLKPORT "clk" 

Report:   10.796ns delay SLICE_359 to serial_out

   Name    Fanout   Delay (ns)          Site               Resource
REG_DEL     ---     0.452     R4C10C.CLK to      R4C10C.Q1 SLICE_359 (from clk_c)
ROUTE         1     0.986      R4C10C.Q1 to       R4C8B.A0 observe[65]
CTOF_DEL    ---     0.495       R4C8B.A0 to       R4C8B.F0 SLICE_404
ROUTE         1     0.436       R4C8B.F0 to       R4C8A.C0 serial_out_101
CTOF_DEL    ---     0.495       R4C8A.C0 to       R4C8A.F0 SLICE_332
ROUTE         1     1.336       R4C8A.F0 to       R3C9C.B0 serial_out_153
CTOF_DEL    ---     0.495       R3C9C.B0 to       R3C9C.F0 SLICE_327
ROUTE         1     1.801       R3C9C.F0 to      R2C12D.A0 serial_out_166
CTOF_DEL    ---     0.495      R2C12D.A0 to      R2C12D.F0 SLICE_326
ROUTE         1     1.008      R2C12D.F0 to       28.PADDO serial_out_c
DOPAD_DEL   ---     2.797       28.PADDO to         28.PAD serial_out
                  --------
                   10.796   (48.4% logic, 51.6% route), 6 logic levels.

Unconstrained Preference:
   CLOCK_TO_OUT PORT "serial_out" CLKPORT "clk" 

Report:   10.793ns delay SLICE_406 to serial_out

   Name    Fanout   Delay (ns)          Site               Resource
REG_DEL     ---     0.452     R2C11A.CLK to      R2C11A.Q1 SLICE_406 (from clk_c)
ROUTE         1     0.623      R2C11A.Q1 to      R2C10D.D1 observe[36]
CTOF_DEL    ---     0.495      R2C10D.D1 to      R2C10D.F1 SLICE_330
ROUTE         1     0.436      R2C10D.F1 to      R2C10D.C0 serial_out_94
CTOF_DEL    ---     0.495      R2C10D.C0 to      R2C10D.F0 SLICE_330
ROUTE         1     1.696      R2C10D.F0 to       R3C9C.A0 serial_out_151
CTOF_DEL    ---     0.495       R3C9C.A0 to       R3C9C.F0 SLICE_327
ROUTE         1     1.801       R3C9C.F0 to      R2C12D.A0 serial_out_166
CTOF_DEL    ---     0.495      R2C12D.A0 to      R2C12D.F0 SLICE_326
ROUTE         1     1.008      R2C12D.F0 to       28.PADDO serial_out_c
DOPAD_DEL   ---     2.797       28.PADDO to         28.PAD serial_out
                  --------
                   10.793   (48.4% logic, 51.6% route), 6 logic levels.

Unconstrained Preference:
   CLOCK_TO_OUT PORT "serial_out" CLKPORT "clk" 

Report:   10.777ns delay SLICE_65 to serial_out

   Name    Fanout   Delay (ns)          Site               Resource
REG_DEL     ---     0.452     R3C15B.CLK to      R3C15B.Q0 SLICE_65 (from clk_c)
ROUTE         1     0.967      R3C15B.Q0 to      R3C15C.A1 observe[13]
CTOF_DEL    ---     0.495      R3C15C.A1 to      R3C15C.F1 SLICE_407
ROUTE         1     1.460      R3C15C.F1 to      R3C12D.D0 serial_out_88
CTOF_DEL    ---     0.495      R3C12D.D0 to      R3C12D.F0 SLICE_329
ROUTE         1     0.693      R3C12D.F0 to      R3C12B.B1 serial_out_150
CTOF_DEL    ---     0.495      R3C12B.B1 to      R3C12B.F1 SLICE_235
ROUTE         1     1.420      R3C12B.F1 to      R2C12D.B0 serial_out_160
CTOF_DEL    ---     0.495      R2C12D.B0 to      R2C12D.F0 SLICE_326
ROUTE         1     1.008      R2C12D.F0 to       28.PADDO serial_out_c
DOPAD_DEL   ---     2.797       28.PADDO to         28.PAD serial_out
                  --------
                   10.777   (48.5% logic, 51.5% route), 6 logic levels.

Unconstrained Preference:
   CLOCK_TO_OUT PORT "serial_out" CLKPORT "clk" 

Report:   10.767ns delay SLICE_65 to serial_out

   Name    Fanout   Delay (ns)          Site               Resource
REG_DEL     ---     0.452     R3C15B.CLK to      R3C15B.Q1 SLICE_65 (from clk_c)
ROUTE         1     1.004      R3C15B.Q1 to      R3C15C.B0 observe[14]
CTOF_DEL    ---     0.495      R3C15C.B0 to      R3C15C.F0 SLICE_407
ROUTE         1     1.413      R3C15C.F0 to      R3C12D.A0 serial_out_89
CTOF_DEL    ---     0.495      R3C12D.A0 to      R3C12D.F0 SLICE_329
ROUTE         1     0.693      R3C12D.F0 to      R3C12B.B1 serial_out_150
CTOF_DEL    ---     0.495      R3C12B.B1 to      R3C12B.F1 SLICE_235
ROUTE         1     1.420      R3C12B.F1 to      R2C12D.B0 serial_out_160
CTOF_DEL    ---     0.495      R2C12D.B0 to      R2C12D.F0 SLICE_326
ROUTE         1     1.008      R2C12D.F0 to       28.PADDO serial_out_c
DOPAD_DEL   ---     2.797       28.PADDO to         28.PAD serial_out
                  --------
                   10.767   (48.6% logic, 51.4% route), 6 logic levels.

Unconstrained Preference:
   CLOCK_TO_OUT PORT "serial_out" CLKPORT "clk" 

Report:   10.727ns delay SLICE_66 to serial_out

   Name    Fanout   Delay (ns)          Site               Resource
REG_DEL     ---     0.452     R2C15C.CLK to      R2C15C.Q0 SLICE_66 (from clk_c)
ROUTE         1     0.964      R2C15C.Q0 to      R3C15C.A0 observe[15]
CTOF_DEL    ---     0.495      R3C15C.A0 to      R3C15C.F0 SLICE_407
ROUTE         1     1.413      R3C15C.F0 to      R3C12D.A0 serial_out_89
CTOF_DEL    ---     0.495      R3C12D.A0 to      R3C12D.F0 SLICE_329
ROUTE         1     0.693      R3C12D.F0 to      R3C12B.B1 serial_out_150
CTOF_DEL    ---     0.495      R3C12B.B1 to      R3C12B.F1 SLICE_235
ROUTE         1     1.420      R3C12B.F1 to      R2C12D.B0 serial_out_160
CTOF_DEL    ---     0.495      R2C12D.B0 to      R2C12D.F0 SLICE_326
ROUTE         1     1.008      R2C12D.F0 to       28.PADDO serial_out_c
DOPAD_DEL   ---     2.797       28.PADDO to         28.PAD serial_out
                  --------
                   10.727   (48.7% logic, 51.3% route), 6 logic levels.

Unconstrained Preference:
   CLOCK_TO_OUT PORT "serial_out" CLKPORT "clk" 

Report:   10.699ns delay SLICE_396 to serial_out

   Name    Fanout   Delay (ns)          Site               Resource
REG_DEL     ---     0.452     R2C13D.CLK to      R2C13D.Q1 SLICE_396 (from clk_c)
ROUTE         1     1.499      R2C13D.Q1 to      R3C12C.D0 observe[118]
CTOF_DEL    ---     0.495      R3C12C.D0 to      R3C12C.F0 SLICE_154
ROUTE         1     1.336      R3C12C.F0 to      R2C11B.B0 serial_out_115
CTOF_DEL    ---     0.495      R2C11B.B0 to      R2C11B.F0 SLICE_335
ROUTE         1     1.004      R2C11B.F0 to      R2C11D.B0 serial_out_157
CTOF_DEL    ---     0.495      R2C11D.B0 to      R2C11D.F0 SLICE_328
ROUTE         1     0.623      R2C11D.F0 to      R2C12D.D0 serial_out_167
CTOF_DEL    ---     0.495      R2C12D.D0 to      R2C12D.F0 SLICE_326
ROUTE         1     1.008      R2C12D.F0 to       28.PADDO serial_out_c
DOPAD_DEL   ---     2.797       28.PADDO to         28.PAD serial_out
                  --------
                   10.699   (48.9% logic, 51.1% route), 6 logic levels.

Unconstrained Preference:
   CLOCK_TO_OUT PORT "serial_out" CLKPORT "clk" 

Report:   10.675ns delay SLICE_335 to serial_out

   Name    Fanout   Delay (ns)          Site               Resource
REG_DEL     ---     0.452     R2C11B.CLK to      R2C11B.Q1 SLICE_335 (from clk_c)
ROUTE         1     0.626      R2C11B.Q1 to      R2C11A.D1 observe[26]
CTOF_DEL    ---     0.495      R2C11A.D1 to      R2C11A.F1 SLICE_406
ROUTE         1     0.315      R2C11A.F1 to      R2C10D.D0 serial_out_92
CTOF_DEL    ---     0.495      R2C10D.D0 to      R2C10D.F0 SLICE_330
ROUTE         1     1.696      R2C10D.F0 to       R3C9C.A0 serial_out_151
CTOF_DEL    ---     0.495       R3C9C.A0 to       R3C9C.F0 SLICE_327
ROUTE         1     1.801       R3C9C.F0 to      R2C12D.A0 serial_out_166
CTOF_DEL    ---     0.495      R2C12D.A0 to      R2C12D.F0 SLICE_326
ROUTE         1     1.008      R2C12D.F0 to       28.PADDO serial_out_c
DOPAD_DEL   ---     2.797       28.PADDO to         28.PAD serial_out
                  --------
                   10.675   (49.0% logic, 51.0% route), 6 logic levels.

Unconstrained Preference:
   CLOCK_TO_OUT PORT "serial_out" CLKPORT "clk" 

Report:   10.656ns delay SLICE_230 to serial_out

   Name    Fanout   Delay (ns)          Site               Resource
REG_DEL     ---     0.452      R4C8D.CLK to       R4C8D.Q1 SLICE_230 (from clk_c)
ROUTE         1     0.967       R4C8D.Q1 to       R4C8B.A1 observe[61]
CTOF_DEL    ---     0.495       R4C8B.A1 to       R4C8B.F1 SLICE_404
ROUTE         1     0.315       R4C8B.F1 to       R4C8A.D0 serial_out_100
CTOF_DEL    ---     0.495       R4C8A.D0 to       R4C8A.F0 SLICE_332
ROUTE         1     1.336       R4C8A.F0 to       R3C9C.B0 serial_out_153
CTOF_DEL    ---     0.495       R3C9C.B0 to       R3C9C.F0 SLICE_327
ROUTE         1     1.801       R3C9C.F0 to      R2C12D.A0 serial_out_166
CTOF_DEL    ---     0.495      R2C12D.A0 to      R2C12D.F0 SLICE_326
ROUTE         1     1.008      R2C12D.F0 to       28.PADDO serial_out_c
DOPAD_DEL   ---     2.797       28.PADDO to         28.PAD serial_out
                  --------
                   10.656   (49.1% logic, 50.9% route), 6 logic levels.

Unconstrained Preference:
   CLOCK_TO_OUT PORT "serial_out" CLKPORT "clk" 

Report:   10.653ns delay SLICE_402 to serial_out

   Name    Fanout   Delay (ns)          Site               Resource
REG_DEL     ---     0.452      R3C7A.CLK to       R3C7A.Q1 SLICE_402 (from clk_c)
ROUTE         1     1.840       R3C7A.Q1 to      R2C10C.A1 observe[106]
CTOF_DEL    ---     0.495      R2C10C.A1 to      R2C10C.F1 SLICE_400
ROUTE         1     0.986      R2C10C.F1 to      R2C11C.A0 serial_out_112
CTOF_DEL    ---     0.495      R2C11C.A0 to      R2C11C.F0 SLICE_334
ROUTE         1     0.967      R2C11C.F0 to      R2C11D.A0 serial_out_156
CTOF_DEL    ---     0.495      R2C11D.A0 to      R2C11D.F0 SLICE_328
ROUTE         1     0.623      R2C11D.F0 to      R2C12D.D0 serial_out_167
CTOF_DEL    ---     0.495      R2C12D.D0 to      R2C12D.F0 SLICE_326
ROUTE         1     1.008      R2C12D.F0 to       28.PADDO serial_out_c
DOPAD_DEL   ---     2.797       28.PADDO to         28.PAD serial_out
                  --------
                   10.653   (49.1% logic, 50.9% route), 6 logic levels.

Unconstrained Preference:
   CLOCK_TO_OUT PORT "serial_out" CLKPORT "clk" 

Report:   10.651ns delay SLICE_401 to serial_out

   Name    Fanout   Delay (ns)          Site               Resource
REG_DEL     ---     0.452      R3C7C.CLK to       R3C7C.Q0 SLICE_401 (from clk_c)
ROUTE         1     1.838       R3C7C.Q0 to      R2C10C.B1 observe[107]
CTOF_DEL    ---     0.495      R2C10C.B1 to      R2C10C.F1 SLICE_400
ROUTE         1     0.986      R2C10C.F1 to      R2C11C.A0 serial_out_112
CTOF_DEL    ---     0.495      R2C11C.A0 to      R2C11C.F0 SLICE_334
ROUTE         1     0.967      R2C11C.F0 to      R2C11D.A0 serial_out_156
CTOF_DEL    ---     0.495      R2C11D.A0 to      R2C11D.F0 SLICE_328
ROUTE         1     0.623      R2C11D.F0 to      R2C12D.D0 serial_out_167
CTOF_DEL    ---     0.495      R2C12D.D0 to      R2C12D.F0 SLICE_326
ROUTE         1     1.008      R2C12D.F0 to       28.PADDO serial_out_c
DOPAD_DEL   ---     2.797       28.PADDO to         28.PAD serial_out
                  --------
                   10.651   (49.1% logic, 50.9% route), 6 logic levels.

Unconstrained Preference:
   CLOCK_TO_OUT PORT "serial_out" CLKPORT "clk" 

Report:   10.634ns delay SLICE_38 to serial_out

   Name    Fanout   Delay (ns)          Site               Resource
REG_DEL     ---     0.452     R4C14B.CLK to      R4C14B.Q1 SLICE_38 (from clk_c)
ROUTE         1     1.001      R4C14B.Q1 to      R3C14D.B0 observe[146]
CTOF_DEL    ---     0.495      R3C14D.B0 to      R3C14D.F0 SLICE_397
ROUTE         1     2.337      R3C14D.F0 to      R2C11D.B1 serial_out_122
CTOF_DEL    ---     0.495      R2C11D.B1 to      R2C11D.F1 SLICE_328
ROUTE         1     0.436      R2C11D.F1 to      R2C11D.C0 serial_out_158
CTOF_DEL    ---     0.495      R2C11D.C0 to      R2C11D.F0 SLICE_328
ROUTE         1     0.623      R2C11D.F0 to      R2C12D.D0 serial_out_167
CTOF_DEL    ---     0.495      R2C12D.D0 to      R2C12D.F0 SLICE_326
ROUTE         1     1.008      R2C12D.F0 to       28.PADDO serial_out_c
DOPAD_DEL   ---     2.797       28.PADDO to         28.PAD serial_out
                  --------
                   10.634   (49.2% logic, 50.8% route), 6 logic levels.

Unconstrained Preference:
   CLOCK_TO_OUT PORT "serial_out" CLKPORT "clk" 

Report:   10.614ns delay SLICE_313 to serial_out

   Name    Fanout   Delay (ns)          Site               Resource
REG_DEL     ---     0.452      R3C6C.CLK to       R3C6C.Q0 SLICE_313 (from clk_c)
ROUTE         1     1.460       R3C6C.Q0 to       R3C7C.D0 observe[94]
CTOF_DEL    ---     0.495       R3C7C.D0 to       R3C7C.F0 SLICE_401
ROUTE         1     1.336       R3C7C.F0 to       R2C8C.B0 serial_out_109
CTOF_DEL    ---     0.495       R2C8C.B0 to       R2C8C.F0 SLICE_333
ROUTE         1     0.958       R2C8C.F0 to      R2C11D.D0 serial_out_155
CTOF_DEL    ---     0.495      R2C11D.D0 to      R2C11D.F0 SLICE_328
ROUTE         1     0.623      R2C11D.F0 to      R2C12D.D0 serial_out_167
CTOF_DEL    ---     0.495      R2C12D.D0 to      R2C12D.F0 SLICE_326
ROUTE         1     1.008      R2C12D.F0 to       28.PADDO serial_out_c
DOPAD_DEL   ---     2.797       28.PADDO to         28.PAD serial_out
                  --------
                   10.614   (49.3% logic, 50.7% route), 6 logic levels.

Unconstrained Preference:
   CLOCK_TO_OUT PORT "serial_out" CLKPORT "clk" 

Report:   10.600ns delay SLICE_34 to serial_out

   Name    Fanout   Delay (ns)          Site               Resource
REG_DEL     ---     0.452     R3C14A.CLK to      R3C14A.Q0 SLICE_34 (from clk_c)
ROUTE         1     0.967      R3C14A.Q0 to      R3C14D.A0 observe[147]
CTOF_DEL    ---     0.495      R3C14D.A0 to      R3C14D.F0 SLICE_397
ROUTE         1     2.337      R3C14D.F0 to      R2C11D.B1 serial_out_122
CTOF_DEL    ---     0.495      R2C11D.B1 to      R2C11D.F1 SLICE_328
ROUTE         1     0.436      R2C11D.F1 to      R2C11D.C0 serial_out_158
CTOF_DEL    ---     0.495      R2C11D.C0 to      R2C11D.F0 SLICE_328
ROUTE         1     0.623      R2C11D.F0 to      R2C12D.D0 serial_out_167
CTOF_DEL    ---     0.495      R2C12D.D0 to      R2C12D.F0 SLICE_326
ROUTE         1     1.008      R2C12D.F0 to       28.PADDO serial_out_c
DOPAD_DEL   ---     2.797       28.PADDO to         28.PAD serial_out
                  --------
                   10.600   (49.3% logic, 50.7% route), 6 logic levels.

Unconstrained Preference:
   CLOCK_TO_OUT PORT "serial_out" CLKPORT "clk" 

Report:   10.591ns delay SLICE_332 to serial_out

   Name    Fanout   Delay (ns)          Site               Resource
REG_DEL     ---     0.452      R4C8A.CLK to       R4C8A.Q0 SLICE_332 (from clk_c)
ROUTE         1     1.763       R4C8A.Q0 to      R2C10B.B0 observe[129]
CTOF_DEL    ---     0.495      R2C10B.B0 to      R2C10B.F0 SLICE_399
ROUTE         1     0.964      R2C10B.F0 to      R2C11B.A0 serial_out_117
CTOF_DEL    ---     0.495      R2C11B.A0 to      R2C11B.F0 SLICE_335
ROUTE         1     1.004      R2C11B.F0 to      R2C11D.B0 serial_out_157
CTOF_DEL    ---     0.495      R2C11D.B0 to      R2C11D.F0 SLICE_328
ROUTE         1     0.623      R2C11D.F0 to      R2C12D.D0 serial_out_167
CTOF_DEL    ---     0.495      R2C12D.D0 to      R2C12D.F0 SLICE_326
ROUTE         1     1.008      R2C12D.F0 to       28.PADDO serial_out_c
DOPAD_DEL   ---     2.797       28.PADDO to         28.PAD serial_out
                  --------
                   10.591   (49.4% logic, 50.6% route), 6 logic levels.

Unconstrained Preference:
   CLOCK_TO_OUT PORT "serial_out" CLKPORT "clk" 

Report:   10.577ns delay SLICE_226 to serial_out

   Name    Fanout   Delay (ns)          Site               Resource
REG_DEL     ---     0.452      R5C7A.CLK to       R5C7A.Q1 SLICE_226 (from clk_c)
ROUTE         1     1.460       R5C7A.Q1 to       R3C7C.D1 observe[91]
CTOF_DEL    ---     0.495       R3C7C.D1 to       R3C7C.F1 SLICE_401
ROUTE         1     1.299       R3C7C.F1 to       R2C8C.A0 serial_out_108
CTOF_DEL    ---     0.495       R2C8C.A0 to       R2C8C.F0 SLICE_333
ROUTE         1     0.958       R2C8C.F0 to      R2C11D.D0 serial_out_155
CTOF_DEL    ---     0.495      R2C11D.D0 to      R2C11D.F0 SLICE_328
ROUTE         1     0.623      R2C11D.F0 to      R2C12D.D0 serial_out_167
CTOF_DEL    ---     0.495      R2C12D.D0 to      R2C12D.F0 SLICE_326
ROUTE         1     1.008      R2C12D.F0 to       28.PADDO serial_out_c
DOPAD_DEL   ---     2.797       28.PADDO to         28.PAD serial_out
                  --------
                   10.577   (49.4% logic, 50.6% route), 6 logic levels.

Unconstrained Preference:
   CLOCK_TO_OUT PORT "serial_out" CLKPORT "clk" 

Report:   10.557ns delay SLICE_316 to serial_out

   Name    Fanout   Delay (ns)          Site               Resource
REG_DEL     ---     0.452      R4C7C.CLK to       R4C7C.Q0 SLICE_316 (from clk_c)
ROUTE         1     0.623       R4C7C.Q0 to       R3C7A.D1 observe[78]
CTOF_DEL    ---     0.495       R3C7A.D1 to       R3C7A.F1 SLICE_402
ROUTE         1     1.460       R3C7A.F1 to       R3C9C.D1 serial_out_105
CTOF_DEL    ---     0.495       R3C9C.D1 to       R3C9C.F1 SLICE_327
ROUTE         1     0.436       R3C9C.F1 to       R3C9C.C0 serial_out_154
CTOF_DEL    ---     0.495       R3C9C.C0 to       R3C9C.F0 SLICE_327
ROUTE         1     1.801       R3C9C.F0 to      R2C12D.A0 serial_out_166
CTOF_DEL    ---     0.495      R2C12D.A0 to      R2C12D.F0 SLICE_326
ROUTE         1     1.008      R2C12D.F0 to       28.PADDO serial_out_c
DOPAD_DEL   ---     2.797       28.PADDO to         28.PAD serial_out
                  --------
                   10.557   (49.5% logic, 50.5% route), 6 logic levels.

Unconstrained Preference:
   CLOCK_TO_OUT PORT "serial_out" CLKPORT "clk" 

Report:   10.557ns delay SLICE_64 to serial_out

   Name    Fanout   Delay (ns)          Site               Resource
REG_DEL     ---     0.452     R3C15A.CLK to      R3C15A.Q0 SLICE_64 (from clk_c)
ROUTE         1     0.747      R3C15A.Q0 to      R3C15C.C1 observe[11]
CTOF_DEL    ---     0.495      R3C15C.C1 to      R3C15C.F1 SLICE_407
ROUTE         1     1.460      R3C15C.F1 to      R3C12D.D0 serial_out_88
CTOF_DEL    ---     0.495      R3C12D.D0 to      R3C12D.F0 SLICE_329
ROUTE         1     0.693      R3C12D.F0 to      R3C12B.B1 serial_out_150
CTOF_DEL    ---     0.495      R3C12B.B1 to      R3C12B.F1 SLICE_235
ROUTE         1     1.420      R3C12B.F1 to      R2C12D.B0 serial_out_160
CTOF_DEL    ---     0.495      R2C12D.B0 to      R2C12D.F0 SLICE_326
ROUTE         1     1.008      R2C12D.F0 to       28.PADDO serial_out_c
DOPAD_DEL   ---     2.797       28.PADDO to         28.PAD serial_out
                  --------
                   10.557   (49.5% logic, 50.5% route), 6 logic levels.

Unconstrained Preference:
   CLOCK_TO_OUT PORT "serial_out" CLKPORT "clk" 

Report:   10.533ns delay SLICE_331 to serial_out

   Name    Fanout   Delay (ns)          Site               Resource
REG_DEL     ---     0.452      R3C5B.CLK to       R3C5B.Q1 SLICE_331 (from clk_c)
ROUTE         1     1.705       R3C5B.Q1 to      R2C10B.C0 observe[128]
CTOF_DEL    ---     0.495      R2C10B.C0 to      R2C10B.F0 SLICE_399
ROUTE         1     0.964      R2C10B.F0 to      R2C11B.A0 serial_out_117
CTOF_DEL    ---     0.495      R2C11B.A0 to      R2C11B.F0 SLICE_335
ROUTE         1     1.004      R2C11B.F0 to      R2C11D.B0 serial_out_157
CTOF_DEL    ---     0.495      R2C11D.B0 to      R2C11D.F0 SLICE_328
ROUTE         1     0.623      R2C11D.F0 to      R2C12D.D0 serial_out_167
CTOF_DEL    ---     0.495      R2C12D.D0 to      R2C12D.F0 SLICE_326
ROUTE         1     1.008      R2C12D.F0 to       28.PADDO serial_out_c
DOPAD_DEL   ---     2.797       28.PADDO to         28.PAD serial_out
                  --------
                   10.533   (49.6% logic, 50.4% route), 6 logic levels.

Unconstrained Preference:
   CLOCK_TO_OUT PORT "serial_out" CLKPORT "clk" 

Report:   10.529ns delay SLICE_66 to serial_out

   Name    Fanout   Delay (ns)          Site               Resource
REG_DEL     ---     0.452     R2C15C.CLK to      R2C15C.Q1 SLICE_66 (from clk_c)
ROUTE         1     0.766      R2C15C.Q1 to      R3C15C.C0 observe[16]
CTOF_DEL    ---     0.495      R3C15C.C0 to      R3C15C.F0 SLICE_407
ROUTE         1     1.413      R3C15C.F0 to      R3C12D.A0 serial_out_89
CTOF_DEL    ---     0.495      R3C12D.A0 to      R3C12D.F0 SLICE_329
ROUTE         1     0.693      R3C12D.F0 to      R3C12B.B1 serial_out_150
CTOF_DEL    ---     0.495      R3C12B.B1 to      R3C12B.F1 SLICE_235
ROUTE         1     1.420      R3C12B.F1 to      R2C12D.B0 serial_out_160
CTOF_DEL    ---     0.495      R2C12D.B0 to      R2C12D.F0 SLICE_326
ROUTE         1     1.008      R2C12D.F0 to       28.PADDO serial_out_c
DOPAD_DEL   ---     2.797       28.PADDO to         28.PAD serial_out
                  --------
                   10.529   (49.7% logic, 50.3% route), 6 logic levels.

Unconstrained Preference:
   CLOCK_TO_OUT PORT "serial_out" CLKPORT "clk" 

Report:   10.528ns delay SLICE_397 to serial_out

   Name    Fanout   Delay (ns)          Site               Resource
REG_DEL     ---     0.452     R3C14D.CLK to      R3C14D.Q0 SLICE_397 (from clk_c)
ROUTE         1     2.265      R3C14D.Q0 to      R2C11C.B1 observe[115]
CTOF_DEL    ---     0.495      R2C11C.B1 to      R2C11C.F1 SLICE_334
ROUTE         1     0.436      R2C11C.F1 to      R2C11C.C0 serial_out_114
CTOF_DEL    ---     0.495      R2C11C.C0 to      R2C11C.F0 SLICE_334
ROUTE         1     0.967      R2C11C.F0 to      R2C11D.A0 serial_out_156
CTOF_DEL    ---     0.495      R2C11D.A0 to      R2C11D.F0 SLICE_328
ROUTE         1     0.623      R2C11D.F0 to      R2C12D.D0 serial_out_167
CTOF_DEL    ---     0.495      R2C12D.D0 to      R2C12D.F0 SLICE_326
ROUTE         1     1.008      R2C12D.F0 to       28.PADDO serial_out_c
DOPAD_DEL   ---     2.797       28.PADDO to         28.PAD serial_out
                  --------
                   10.528   (49.7% logic, 50.3% route), 6 logic levels.

Unconstrained Preference:
   CLOCK_TO_OUT PORT "serial_out" CLKPORT "clk" 

Report:   10.518ns delay SLICE_228 to serial_out

   Name    Fanout   Delay (ns)          Site               Resource
REG_DEL     ---     0.452      R4C6B.CLK to       R4C6B.Q1 SLICE_228 (from clk_c)
ROUTE         1     1.278       R4C6B.Q1 to       R3C7A.C0 observe[83]
CTOF_DEL    ---     0.495       R3C7A.C0 to       R3C7A.F0 SLICE_402
ROUTE         1     0.766       R3C7A.F0 to       R3C9C.C1 serial_out_106
CTOF_DEL    ---     0.495       R3C9C.C1 to       R3C9C.F1 SLICE_327
ROUTE         1     0.436       R3C9C.F1 to       R3C9C.C0 serial_out_154
CTOF_DEL    ---     0.495       R3C9C.C0 to       R3C9C.F0 SLICE_327
ROUTE         1     1.801       R3C9C.F0 to      R2C12D.A0 serial_out_166
CTOF_DEL    ---     0.495      R2C12D.A0 to      R2C12D.F0 SLICE_326
ROUTE         1     1.008      R2C12D.F0 to       28.PADDO serial_out_c
DOPAD_DEL   ---     2.797       28.PADDO to         28.PAD serial_out
                  --------
                   10.518   (49.7% logic, 50.3% route), 6 logic levels.

Unconstrained Preference:
   CLOCK_TO_OUT PORT "serial_out" CLKPORT "clk" 

Report:   10.498ns delay SLICE_393 to serial_out

   Name    Fanout   Delay (ns)          Site               Resource
REG_DEL     ---     0.452      R5C9B.CLK to       R5C9B.Q1 SLICE_393 (from clk_c)
ROUTE         1     1.001       R5C9B.Q1 to       R4C9B.B1 observe[71]
CTOF_DEL    ---     0.495       R4C9B.B1 to       R4C9B.F1 SLICE_403
ROUTE         1     1.023       R4C9B.F1 to       R3C9C.B1 serial_out_103
CTOF_DEL    ---     0.495       R3C9C.B1 to       R3C9C.F1 SLICE_327
ROUTE         1     0.436       R3C9C.F1 to       R3C9C.C0 serial_out_154
CTOF_DEL    ---     0.495       R3C9C.C0 to       R3C9C.F0 SLICE_327
ROUTE         1     1.801       R3C9C.F0 to      R2C12D.A0 serial_out_166
CTOF_DEL    ---     0.495      R2C12D.A0 to      R2C12D.F0 SLICE_326
ROUTE         1     1.008      R2C12D.F0 to       28.PADDO serial_out_c
DOPAD_DEL   ---     2.797       28.PADDO to         28.PAD serial_out
                  --------
                   10.498   (49.8% logic, 50.2% route), 6 logic levels.

Unconstrained Preference:
   CLOCK_TO_OUT PORT "serial_out" CLKPORT "clk" 

Report:   10.485ns delay SLICE_324 to serial_out

   Name    Fanout   Delay (ns)          Site               Resource
REG_DEL     ---     0.452      R3C5D.CLK to       R3C5D.Q0 SLICE_324 (from clk_c)
ROUTE         1     0.626       R3C5D.Q0 to       R3C5B.D1 observe[52]
CTOF_DEL    ---     0.495       R3C5B.D1 to       R3C5B.F1 SLICE_331
ROUTE         1     0.436       R3C5B.F1 to       R3C5B.C0 serial_out_98
CTOF_DEL    ---     0.495       R3C5B.C0 to       R3C5B.F0 SLICE_331
ROUTE         1     1.385       R3C5B.F0 to       R3C9C.D0 serial_out_152
CTOF_DEL    ---     0.495       R3C9C.D0 to       R3C9C.F0 SLICE_327
ROUTE         1     1.801       R3C9C.F0 to      R2C12D.A0 serial_out_166
CTOF_DEL    ---     0.495      R2C12D.A0 to      R2C12D.F0 SLICE_326
ROUTE         1     1.008      R2C12D.F0 to       28.PADDO serial_out_c
DOPAD_DEL   ---     2.797       28.PADDO to         28.PAD serial_out
                  --------
                   10.485   (49.9% logic, 50.1% route), 6 logic levels.

Unconstrained Preference:
   CLOCK_TO_OUT PORT "serial_out" CLKPORT "clk" 

Report:   10.469ns delay SLICE_17 to serial_out

   Name    Fanout   Delay (ns)          Site               Resource
REG_DEL     ---     0.452     R4C12B.CLK to      R4C12B.Q1 SLICE_17 (from clk_c)
ROUTE         1     1.895      R4C12B.Q1 to      R3C14D.A1 observe[142]
CTOF_DEL    ---     0.495      R3C14D.A1 to      R3C14D.F1 SLICE_397
ROUTE         1     1.278      R3C14D.F1 to      R2C11D.C1 serial_out_121
CTOF_DEL    ---     0.495      R2C11D.C1 to      R2C11D.F1 SLICE_328
ROUTE         1     0.436      R2C11D.F1 to      R2C11D.C0 serial_out_158
CTOF_DEL    ---     0.495      R2C11D.C0 to      R2C11D.F0 SLICE_328
ROUTE         1     0.623      R2C11D.F0 to      R2C12D.D0 serial_out_167
CTOF_DEL    ---     0.495      R2C12D.D0 to      R2C12D.F0 SLICE_326
ROUTE         1     1.008      R2C12D.F0 to       28.PADDO serial_out_c
DOPAD_DEL   ---     2.797       28.PADDO to         28.PAD serial_out
                  --------
                   10.469   (49.9% logic, 50.1% route), 6 logic levels.

Unconstrained Preference:
   CLOCK_TO_OUT PORT "serial_out" CLKPORT "clk" 

Report:   10.468ns delay SLICE_235 to serial_out

   Name    Fanout   Delay (ns)          Site               Resource
REG_DEL     ---     0.452     R3C12B.CLK to      R3C12B.Q1 SLICE_235 (from clk_c)
ROUTE         1     1.981      R3C12B.Q1 to      R2C10B.D1 observe[122]
CTOF_DEL    ---     0.495      R2C10B.D1 to      R2C10B.F1 SLICE_399
ROUTE         1     0.623      R2C10B.F1 to      R2C11B.D0 serial_out_116
CTOF_DEL    ---     0.495      R2C11B.D0 to      R2C11B.F0 SLICE_335
ROUTE         1     1.004      R2C11B.F0 to      R2C11D.B0 serial_out_157
CTOF_DEL    ---     0.495      R2C11D.B0 to      R2C11D.F0 SLICE_328
ROUTE         1     0.623      R2C11D.F0 to      R2C12D.D0 serial_out_167
CTOF_DEL    ---     0.495      R2C12D.D0 to      R2C12D.F0 SLICE_326
ROUTE         1     1.008      R2C12D.F0 to       28.PADDO serial_out_c
DOPAD_DEL   ---     2.797       28.PADDO to         28.PAD serial_out
                  --------
                   10.468   (50.0% logic, 50.0% route), 6 logic levels.

Unconstrained Preference:
   CLOCK_TO_OUT PORT "serial_out" CLKPORT "clk" 

Report:   10.464ns delay SLICE_390 to serial_out

   Name    Fanout   Delay (ns)          Site               Resource
REG_DEL     ---     0.452      R4C9C.CLK to       R4C9C.Q0 SLICE_390 (from clk_c)
ROUTE         1     0.967       R4C9C.Q0 to       R4C9B.A1 observe[72]
CTOF_DEL    ---     0.495       R4C9B.A1 to       R4C9B.F1 SLICE_403
ROUTE         1     1.023       R4C9B.F1 to       R3C9C.B1 serial_out_103
CTOF_DEL    ---     0.495       R3C9C.B1 to       R3C9C.F1 SLICE_327
ROUTE         1     0.436       R3C9C.F1 to       R3C9C.C0 serial_out_154
CTOF_DEL    ---     0.495       R3C9C.C0 to       R3C9C.F0 SLICE_327
ROUTE         1     1.801       R3C9C.F0 to      R2C12D.A0 serial_out_166
CTOF_DEL    ---     0.495      R2C12D.A0 to      R2C12D.F0 SLICE_326
ROUTE         1     1.008      R2C12D.F0 to       28.PADDO serial_out_c
DOPAD_DEL   ---     2.797       28.PADDO to         28.PAD serial_out
                  --------
                   10.464   (50.0% logic, 50.0% route), 6 logic levels.

Unconstrained Preference:
   CLOCK_TO_OUT PORT "serial_out" CLKPORT "clk" 

Report:   10.442ns delay SLICE_357 to serial_out

   Name    Fanout   Delay (ns)          Site               Resource
REG_DEL     ---     0.452      R4C9A.CLK to       R4C9A.Q1 SLICE_357 (from clk_c)
ROUTE         1     1.004       R4C9A.Q1 to       R4C9B.B0 observe[77]
CTOF_DEL    ---     0.495       R4C9B.B0 to       R4C9B.F0 SLICE_403
ROUTE         1     0.964       R4C9B.F0 to       R3C9C.A1 serial_out_104
CTOF_DEL    ---     0.495       R3C9C.A1 to       R3C9C.F1 SLICE_327
ROUTE         1     0.436       R3C9C.F1 to       R3C9C.C0 serial_out_154
CTOF_DEL    ---     0.495       R3C9C.C0 to       R3C9C.F0 SLICE_327
ROUTE         1     1.801       R3C9C.F0 to      R2C12D.A0 serial_out_166
CTOF_DEL    ---     0.495      R2C12D.A0 to      R2C12D.F0 SLICE_326
ROUTE         1     1.008      R2C12D.F0 to       28.PADDO serial_out_c
DOPAD_DEL   ---     2.797       28.PADDO to         28.PAD serial_out
                  --------
                   10.442   (50.1% logic, 49.9% route), 6 logic levels.

Unconstrained Preference:
   CLOCK_TO_OUT PORT "serial_out" CLKPORT "clk" 

Report:   10.434ns delay SLICE_398 to serial_out

   Name    Fanout   Delay (ns)          Site               Resource
REG_DEL     ---     0.452     R3C11B.CLK to      R3C11B.Q0 SLICE_398 (from clk_c)
ROUTE         1     1.450      R3C11B.Q0 to      R2C10C.B0 observe[113]
CTOF_DEL    ---     0.495      R2C10C.B0 to      R2C10C.F0 SLICE_400
ROUTE         1     1.157      R2C10C.F0 to      R2C11C.D0 serial_out_113
CTOF_DEL    ---     0.495      R2C11C.D0 to      R2C11C.F0 SLICE_334
ROUTE         1     0.967      R2C11C.F0 to      R2C11D.A0 serial_out_156
CTOF_DEL    ---     0.495      R2C11D.A0 to      R2C11D.F0 SLICE_328
ROUTE         1     0.623      R2C11D.F0 to      R2C12D.D0 serial_out_167
CTOF_DEL    ---     0.495      R2C12D.D0 to      R2C12D.F0 SLICE_326
ROUTE         1     1.008      R2C12D.F0 to       28.PADDO serial_out_c
DOPAD_DEL   ---     2.797       28.PADDO to         28.PAD serial_out
                  --------
                   10.434   (50.1% logic, 49.9% route), 6 logic levels.

Unconstrained Preference:
   CLOCK_TO_OUT PORT "serial_out" CLKPORT "clk" 

Report:   10.415ns delay SLICE_402 to serial_out

   Name    Fanout   Delay (ns)          Site               Resource
REG_DEL     ---     0.452      R3C7A.CLK to       R3C7A.Q0 SLICE_402 (from clk_c)
ROUTE         1     0.626       R3C7A.Q0 to       R3C7B.D1 observe[105]
CTOF_DEL    ---     0.495       R3C7B.D1 to       R3C7B.F1 SLICE_155
ROUTE         1     1.962       R3C7B.F1 to      R2C11C.B0 serial_out_111
CTOF_DEL    ---     0.495      R2C11C.B0 to      R2C11C.F0 SLICE_334
ROUTE         1     0.967      R2C11C.F0 to      R2C11D.A0 serial_out_156
CTOF_DEL    ---     0.495      R2C11D.A0 to      R2C11D.F0 SLICE_328
ROUTE         1     0.623      R2C11D.F0 to      R2C12D.D0 serial_out_167
CTOF_DEL    ---     0.495      R2C12D.D0 to      R2C12D.F0 SLICE_326
ROUTE         1     1.008      R2C12D.F0 to       28.PADDO serial_out_c
DOPAD_DEL   ---     2.797       28.PADDO to         28.PAD serial_out
                  --------
                   10.415   (50.2% logic, 49.8% route), 6 logic levels.

Unconstrained Preference:
   CLOCK_TO_OUT PORT "serial_out" CLKPORT "clk" 

Report:   10.412ns delay SLICE_329 to serial_out

   Name    Fanout   Delay (ns)          Site               Resource
REG_DEL     ---     0.452     R3C12D.CLK to      R3C12D.Q1 SLICE_329 (from clk_c)
ROUTE         1     1.925      R3C12D.Q1 to      R2C10B.A1 observe[124]
CTOF_DEL    ---     0.495      R2C10B.A1 to      R2C10B.F1 SLICE_399
ROUTE         1     0.623      R2C10B.F1 to      R2C11B.D0 serial_out_116
CTOF_DEL    ---     0.495      R2C11B.D0 to      R2C11B.F0 SLICE_335
ROUTE         1     1.004      R2C11B.F0 to      R2C11D.B0 serial_out_157
CTOF_DEL    ---     0.495      R2C11D.B0 to      R2C11D.F0 SLICE_328
ROUTE         1     0.623      R2C11D.F0 to      R2C12D.D0 serial_out_167
CTOF_DEL    ---     0.495      R2C12D.D0 to      R2C12D.F0 SLICE_326
ROUTE         1     1.008      R2C12D.F0 to       28.PADDO serial_out_c
DOPAD_DEL   ---     2.797       28.PADDO to         28.PAD serial_out
                  --------
                   10.412   (50.2% logic, 49.8% route), 6 logic levels.

Unconstrained Preference:
   CLOCK_TO_OUT PORT "serial_out" CLKPORT "clk" 

Report:   10.412ns delay SLICE_37 to serial_out

   Name    Fanout   Delay (ns)          Site               Resource
REG_DEL     ---     0.452     R4C14A.CLK to      R4C14A.Q0 SLICE_37 (from clk_c)
ROUTE         1     1.838      R4C14A.Q0 to      R3C14D.B1 observe[143]
CTOF_DEL    ---     0.495      R3C14D.B1 to      R3C14D.F1 SLICE_397
ROUTE         1     1.278      R3C14D.F1 to      R2C11D.C1 serial_out_121
CTOF_DEL    ---     0.495      R2C11D.C1 to      R2C11D.F1 SLICE_328
ROUTE         1     0.436      R2C11D.F1 to      R2C11D.C0 serial_out_158
CTOF_DEL    ---     0.495      R2C11D.C0 to      R2C11D.F0 SLICE_328
ROUTE         1     0.623      R2C11D.F0 to      R2C12D.D0 serial_out_167
CTOF_DEL    ---     0.495      R2C12D.D0 to      R2C12D.F0 SLICE_326
ROUTE         1     1.008      R2C12D.F0 to       28.PADDO serial_out_c
DOPAD_DEL   ---     2.797       28.PADDO to         28.PAD serial_out
                  --------
                   10.412   (50.2% logic, 49.8% route), 6 logic levels.

Unconstrained Preference:
   CLOCK_TO_OUT PORT "serial_out" CLKPORT "clk" 

Report:   10.390ns delay SLICE_61 to serial_out

   Name    Fanout   Delay (ns)          Site               Resource
REG_DEL     ---     0.452     R4C16B.CLK to      R4C16B.Q0 SLICE_61 (from clk_c)
ROUTE         1     2.605      R4C16B.Q0 to      R3C11D.C0 observe[5]
CTOF_DEL    ---     0.495      R3C11D.C0 to      R3C11D.F0 SLICE_408
ROUTE         1     0.623      R3C11D.F0 to      R3C12B.D1 serial_out_86
CTOF_DEL    ---     0.495      R3C12B.D1 to      R3C12B.F1 SLICE_235
ROUTE         1     1.420      R3C12B.F1 to      R2C12D.B0 serial_out_160
CTOF_DEL    ---     0.495      R2C12D.B0 to      R2C12D.F0 SLICE_326
ROUTE         1     1.008      R2C12D.F0 to       28.PADDO serial_out_c
DOPAD_DEL   ---     2.797       28.PADDO to         28.PAD serial_out
                  --------
                   10.390   (45.6% logic, 54.4% route), 5 logic levels.

Unconstrained Preference:
   CLOCK_TO_OUT PORT "serial_out" CLKPORT "clk" 

Report:   10.389ns delay SLICE_67 to serial_out

   Name    Fanout   Delay (ns)          Site               Resource
REG_DEL     ---     0.452     R3C15D.CLK to      R3C15D.Q0 SLICE_67 (from clk_c)
ROUTE         1     0.626      R3C15D.Q0 to      R3C15C.D0 observe[17]
CTOF_DEL    ---     0.495      R3C15C.D0 to      R3C15C.F0 SLICE_407
ROUTE         1     1.413      R3C15C.F0 to      R3C12D.A0 serial_out_89
CTOF_DEL    ---     0.495      R3C12D.A0 to      R3C12D.F0 SLICE_329
ROUTE         1     0.693      R3C12D.F0 to      R3C12B.B1 serial_out_150
CTOF_DEL    ---     0.495      R3C12B.B1 to      R3C12B.F1 SLICE_235
ROUTE         1     1.420      R3C12B.F1 to      R2C12D.B0 serial_out_160
CTOF_DEL    ---     0.495      R2C12D.B0 to      R2C12D.F0 SLICE_326
ROUTE         1     1.008      R2C12D.F0 to       28.PADDO serial_out_c
DOPAD_DEL   ---     2.797       28.PADDO to         28.PAD serial_out
                  --------
                   10.389   (50.3% logic, 49.7% route), 6 logic levels.

Unconstrained Preference:
   CLOCK_TO_OUT PORT "serial_out" CLKPORT "clk" 

Report:   10.380ns delay SLICE_35 to serial_out

   Name    Fanout   Delay (ns)          Site               Resource
REG_DEL     ---     0.452     R3C14B.CLK to      R3C14B.Q0 SLICE_35 (from clk_c)
ROUTE         1     0.747      R3C14B.Q0 to      R3C14D.C0 observe[149]
CTOF_DEL    ---     0.495      R3C14D.C0 to      R3C14D.F0 SLICE_397
ROUTE         1     2.337      R3C14D.F0 to      R2C11D.B1 serial_out_122
CTOF_DEL    ---     0.495      R2C11D.B1 to      R2C11D.F1 SLICE_328
ROUTE         1     0.436      R2C11D.F1 to      R2C11D.C0 serial_out_158
CTOF_DEL    ---     0.495      R2C11D.C0 to      R2C11D.F0 SLICE_328
ROUTE         1     0.623      R2C11D.F0 to      R2C12D.D0 serial_out_167
CTOF_DEL    ---     0.495      R2C12D.D0 to      R2C12D.F0 SLICE_326
ROUTE         1     1.008      R2C12D.F0 to       28.PADDO serial_out_c
DOPAD_DEL   ---     2.797       28.PADDO to         28.PAD serial_out
                  --------
                   10.380   (50.4% logic, 49.6% route), 6 logic levels.

Unconstrained Preference:
   CLOCK_TO_OUT PORT "serial_out" CLKPORT "clk" 

Report:   10.363ns delay SLICE_395 to serial_out

   Name    Fanout   Delay (ns)          Site               Resource
REG_DEL     ---     0.452     R3C13D.CLK to      R3C13D.Q0 SLICE_395 (from clk_c)
ROUTE         1     1.163      R3C13D.Q0 to      R3C12C.C0 observe[119]
CTOF_DEL    ---     0.495      R3C12C.C0 to      R3C12C.F0 SLICE_154
ROUTE         1     1.336      R3C12C.F0 to      R2C11B.B0 serial_out_115
CTOF_DEL    ---     0.495      R2C11B.B0 to      R2C11B.F0 SLICE_335
ROUTE         1     1.004      R2C11B.F0 to      R2C11D.B0 serial_out_157
CTOF_DEL    ---     0.495      R2C11D.B0 to      R2C11D.F0 SLICE_328
ROUTE         1     0.623      R2C11D.F0 to      R2C12D.D0 serial_out_167
CTOF_DEL    ---     0.495      R2C12D.D0 to      R2C12D.F0 SLICE_326
ROUTE         1     1.008      R2C12D.F0 to       28.PADDO serial_out_c
DOPAD_DEL   ---     2.797       28.PADDO to         28.PAD serial_out
                  --------
                   10.363   (50.5% logic, 49.5% route), 6 logic levels.

Unconstrained Preference:
   CLOCK_TO_OUT PORT "serial_out" CLKPORT "clk" 

Report:   10.334ns delay SLICE_329 to serial_out

   Name    Fanout   Delay (ns)          Site               Resource
REG_DEL     ---     0.452     R3C12D.CLK to      R3C12D.Q0 SLICE_329 (from clk_c)
ROUTE         1     1.847      R3C12D.Q0 to      R2C10B.B1 observe[123]
CTOF_DEL    ---     0.495      R2C10B.B1 to      R2C10B.F1 SLICE_399
ROUTE         1     0.623      R2C10B.F1 to      R2C11B.D0 serial_out_116
CTOF_DEL    ---     0.495      R2C11B.D0 to      R2C11B.F0 SLICE_335
ROUTE         1     1.004      R2C11B.F0 to      R2C11D.B0 serial_out_157
CTOF_DEL    ---     0.495      R2C11D.B0 to      R2C11D.F0 SLICE_328
ROUTE         1     0.623      R2C11D.F0 to      R2C12D.D0 serial_out_167
CTOF_DEL    ---     0.495      R2C12D.D0 to      R2C12D.F0 SLICE_326
ROUTE         1     1.008      R2C12D.F0 to       28.PADDO serial_out_c
DOPAD_DEL   ---     2.797       28.PADDO to         28.PAD serial_out
                  --------
                   10.334   (50.6% logic, 49.4% route), 6 logic levels.

Unconstrained Preference:
   CLOCK_TO_OUT PORT "serial_out" CLKPORT "clk" 

Report:   10.315ns delay SLICE_230 to serial_out

   Name    Fanout   Delay (ns)          Site               Resource
REG_DEL     ---     0.452      R4C8D.CLK to       R4C8D.Q0 SLICE_230 (from clk_c)
ROUTE         1     0.626       R4C8D.Q0 to       R4C8B.D1 observe[60]
CTOF_DEL    ---     0.495       R4C8B.D1 to       R4C8B.F1 SLICE_404
ROUTE         1     0.315       R4C8B.F1 to       R4C8A.D0 serial_out_100
CTOF_DEL    ---     0.495       R4C8A.D0 to       R4C8A.F0 SLICE_332
ROUTE         1     1.336       R4C8A.F0 to       R3C9C.B0 serial_out_153
CTOF_DEL    ---     0.495       R3C9C.B0 to       R3C9C.F0 SLICE_327
ROUTE         1     1.801       R3C9C.F0 to      R2C12D.A0 serial_out_166
CTOF_DEL    ---     0.495      R2C12D.A0 to      R2C12D.F0 SLICE_326
ROUTE         1     1.008      R2C12D.F0 to       28.PADDO serial_out_c
DOPAD_DEL   ---     2.797       28.PADDO to         28.PAD serial_out
                  --------
                   10.315   (50.7% logic, 49.3% route), 6 logic levels.

Unconstrained Preference:
   CLOCK_TO_OUT PORT "serial_out" CLKPORT "clk" 

Report:   10.283ns delay SLICE_399 to serial_out

   Name    Fanout   Delay (ns)          Site               Resource
REG_DEL     ---     0.452     R2C10B.CLK to      R2C10B.Q1 SLICE_399 (from clk_c)
ROUTE         1     1.299      R2C10B.Q1 to      R2C10C.A0 observe[112]
CTOF_DEL    ---     0.495      R2C10C.A0 to      R2C10C.F0 SLICE_400
ROUTE         1     1.157      R2C10C.F0 to      R2C11C.D0 serial_out_113
CTOF_DEL    ---     0.495      R2C11C.D0 to      R2C11C.F0 SLICE_334
ROUTE         1     0.967      R2C11C.F0 to      R2C11D.A0 serial_out_156
CTOF_DEL    ---     0.495      R2C11D.A0 to      R2C11D.F0 SLICE_328
ROUTE         1     0.623      R2C11D.F0 to      R2C12D.D0 serial_out_167
CTOF_DEL    ---     0.495      R2C12D.D0 to      R2C12D.F0 SLICE_326
ROUTE         1     1.008      R2C12D.F0 to       28.PADDO serial_out_c
DOPAD_DEL   ---     2.797       28.PADDO to         28.PAD serial_out
                  --------
                   10.283   (50.9% logic, 49.1% route), 6 logic levels.

Unconstrained Preference:
   CLOCK_TO_OUT PORT "serial_out" CLKPORT "clk" 

Report:   10.280ns delay SLICE_226 to serial_out

   Name    Fanout   Delay (ns)          Site               Resource
REG_DEL     ---     0.452      R5C7A.CLK to       R5C7A.Q0 SLICE_226 (from clk_c)
ROUTE         1     1.163       R5C7A.Q0 to       R3C7C.C1 observe[90]
CTOF_DEL    ---     0.495       R3C7C.C1 to       R3C7C.F1 SLICE_401
ROUTE         1     1.299       R3C7C.F1 to       R2C8C.A0 serial_out_108
CTOF_DEL    ---     0.495       R2C8C.A0 to       R2C8C.F0 SLICE_333
ROUTE         1     0.958       R2C8C.F0 to      R2C11D.D0 serial_out_155
CTOF_DEL    ---     0.495      R2C11D.D0 to      R2C11D.F0 SLICE_328
ROUTE         1     0.623      R2C11D.F0 to      R2C12D.D0 serial_out_167
CTOF_DEL    ---     0.495      R2C12D.D0 to      R2C12D.F0 SLICE_326
ROUTE         1     1.008      R2C12D.F0 to       28.PADDO serial_out_c
DOPAD_DEL   ---     2.797       28.PADDO to         28.PAD serial_out
                  --------
                   10.280   (50.9% logic, 49.1% route), 6 logic levels.

Unconstrained Preference:
   CLOCK_TO_OUT PORT "serial_out" CLKPORT "clk" 

Report:   10.259ns delay SLICE_34 to serial_out

   Name    Fanout   Delay (ns)          Site               Resource
REG_DEL     ---     0.452     R3C14A.CLK to      R3C14A.Q1 SLICE_34 (from clk_c)
ROUTE         1     0.626      R3C14A.Q1 to      R3C14D.D0 observe[148]
CTOF_DEL    ---     0.495      R3C14D.D0 to      R3C14D.F0 SLICE_397
ROUTE         1     2.337      R3C14D.F0 to      R2C11D.B1 serial_out_122
CTOF_DEL    ---     0.495      R2C11D.B1 to      R2C11D.F1 SLICE_328
ROUTE         1     0.436      R2C11D.F1 to      R2C11D.C0 serial_out_158
CTOF_DEL    ---     0.495      R2C11D.C0 to      R2C11D.F0 SLICE_328
ROUTE         1     0.623      R2C11D.F0 to      R2C12D.D0 serial_out_167
CTOF_DEL    ---     0.495      R2C12D.D0 to      R2C12D.F0 SLICE_326
ROUTE         1     1.008      R2C12D.F0 to       28.PADDO serial_out_c
DOPAD_DEL   ---     2.797       28.PADDO to         28.PAD serial_out
                  --------
                   10.259   (51.0% logic, 49.0% route), 6 logic levels.

Unconstrained Preference:
   CLOCK_TO_OUT PORT "serial_out" CLKPORT "clk" 

Report:   10.241ns delay SLICE_393 to serial_out

   Name    Fanout   Delay (ns)          Site               Resource
REG_DEL     ---     0.452      R5C9B.CLK to       R5C9B.Q0 SLICE_393 (from clk_c)
ROUTE         1     0.744       R5C9B.Q0 to       R4C9B.C1 observe[70]
CTOF_DEL    ---     0.495       R4C9B.C1 to       R4C9B.F1 SLICE_403
ROUTE         1     1.023       R4C9B.F1 to       R3C9C.B1 serial_out_103
CTOF_DEL    ---     0.495       R3C9C.B1 to       R3C9C.F1 SLICE_327
ROUTE         1     0.436       R3C9C.F1 to       R3C9C.C0 serial_out_154
CTOF_DEL    ---     0.495       R3C9C.C0 to       R3C9C.F0 SLICE_327
ROUTE         1     1.801       R3C9C.F0 to      R2C12D.A0 serial_out_166
CTOF_DEL    ---     0.495      R2C12D.A0 to      R2C12D.F0 SLICE_326
ROUTE         1     1.008      R2C12D.F0 to       28.PADDO serial_out_c
DOPAD_DEL   ---     2.797       28.PADDO to         28.PAD serial_out
                  --------
                   10.241   (51.1% logic, 48.9% route), 6 logic levels.

Unconstrained Preference:
   CLOCK_TO_OUT PORT "serial_out" CLKPORT "clk" 

Report:   10.236ns delay SLICE_67 to serial_out

   Name    Fanout   Delay (ns)          Site               Resource
REG_DEL     ---     0.452     R3C15D.CLK to      R3C15D.Q1 SLICE_67 (from clk_c)
ROUTE         1     1.450      R3C15D.Q1 to      R3C12D.B1 observe[18]
CTOF_DEL    ---     0.495      R3C12D.B1 to      R3C12D.F1 SLICE_329
ROUTE         1     0.436      R3C12D.F1 to      R3C12D.C0 serial_out_90
CTOF_DEL    ---     0.495      R3C12D.C0 to      R3C12D.F0 SLICE_329
ROUTE         1     0.693      R3C12D.F0 to      R3C12B.B1 serial_out_150
CTOF_DEL    ---     0.495      R3C12B.B1 to      R3C12B.F1 SLICE_235
ROUTE         1     1.420      R3C12B.F1 to      R2C12D.B0 serial_out_160
CTOF_DEL    ---     0.495      R2C12D.B0 to      R2C12D.F0 SLICE_326
ROUTE         1     1.008      R2C12D.F0 to       28.PADDO serial_out_c
DOPAD_DEL   ---     2.797       28.PADDO to         28.PAD serial_out
                  --------
                   10.236   (51.1% logic, 48.9% route), 6 logic levels.

Unconstrained Preference:
   CLOCK_TO_OUT PORT "serial_out" CLKPORT "clk" 

Report:   10.232ns delay SLICE_127 to serial_out

   Name    Fanout   Delay (ns)          Site               Resource
REG_DEL     ---     0.452      R3C9B.CLK to       R3C9B.Q1 SLICE_127 (from clk_c)
ROUTE         1     1.476       R3C9B.Q1 to      R3C11B.C0 observe[138]
CTOF_DEL    ---     0.495      R3C11B.C0 to      R3C11B.F0 SLICE_398
ROUTE         1     1.460      R3C11B.F0 to      R2C11D.D1 serial_out_120
CTOF_DEL    ---     0.495      R2C11D.D1 to      R2C11D.F1 SLICE_328
ROUTE         1     0.436      R2C11D.F1 to      R2C11D.C0 serial_out_158
CTOF_DEL    ---     0.495      R2C11D.C0 to      R2C11D.F0 SLICE_328
ROUTE         1     0.623      R2C11D.F0 to      R2C12D.D0 serial_out_167
CTOF_DEL    ---     0.495      R2C12D.D0 to      R2C12D.F0 SLICE_326
ROUTE         1     1.008      R2C12D.F0 to       28.PADDO serial_out_c
DOPAD_DEL   ---     2.797       28.PADDO to         28.PAD serial_out
                  --------
                   10.232   (51.1% logic, 48.9% route), 6 logic levels.

Unconstrained Preference:
   CLOCK_TO_OUT PORT "serial_out" CLKPORT "clk" 

Report:   10.204ns delay SLICE_318 to serial_out

   Name    Fanout   Delay (ns)          Site               Resource
REG_DEL     ---     0.452      R4C7B.CLK to       R4C7B.Q1 SLICE_318 (from clk_c)
ROUTE         1     0.964       R4C7B.Q1 to       R3C7A.A0 observe[85]
CTOF_DEL    ---     0.495       R3C7A.A0 to       R3C7A.F0 SLICE_402
ROUTE         1     0.766       R3C7A.F0 to       R3C9C.C1 serial_out_106
CTOF_DEL    ---     0.495       R3C9C.C1 to       R3C9C.F1 SLICE_327
ROUTE         1     0.436       R3C9C.F1 to       R3C9C.C0 serial_out_154
CTOF_DEL    ---     0.495       R3C9C.C0 to       R3C9C.F0 SLICE_327
ROUTE         1     1.801       R3C9C.F0 to      R2C12D.A0 serial_out_166
CTOF_DEL    ---     0.495      R2C12D.A0 to      R2C12D.F0 SLICE_326
ROUTE         1     1.008      R2C12D.F0 to       28.PADDO serial_out_c
DOPAD_DEL   ---     2.797       28.PADDO to         28.PAD serial_out
                  --------
                   10.204   (51.2% logic, 48.8% route), 6 logic levels.

Unconstrained Preference:
   CLOCK_TO_OUT PORT "serial_out" CLKPORT "clk" 

Report:   10.196ns delay SLICE_319 to serial_out

   Name    Fanout   Delay (ns)          Site               Resource
REG_DEL     ---     0.452      R4C7D.CLK to       R4C7D.Q1 SLICE_319 (from clk_c)
ROUTE         1     1.420       R4C7D.Q1 to       R3C7B.B0 observe[87]
CTOF_DEL    ---     0.495       R3C7B.B0 to       R3C7B.F0 SLICE_155
ROUTE         1     0.958       R3C7B.F0 to       R2C8C.D0 serial_out_107
CTOF_DEL    ---     0.495       R2C8C.D0 to       R2C8C.F0 SLICE_333
ROUTE         1     0.958       R2C8C.F0 to      R2C11D.D0 serial_out_155
CTOF_DEL    ---     0.495      R2C11D.D0 to      R2C11D.F0 SLICE_328
ROUTE         1     0.623      R2C11D.F0 to      R2C12D.D0 serial_out_167
CTOF_DEL    ---     0.495      R2C12D.D0 to      R2C12D.F0 SLICE_326
ROUTE         1     1.008      R2C12D.F0 to       28.PADDO serial_out_c
DOPAD_DEL   ---     2.797       28.PADDO to         28.PAD serial_out
                  --------
                   10.196   (51.3% logic, 48.7% route), 6 logic levels.

Unconstrained Preference:
   CLOCK_TO_OUT PORT "serial_out" CLKPORT "clk" 

Report:   10.187ns delay SLICE_332 to serial_out

   Name    Fanout   Delay (ns)          Site               Resource
REG_DEL     ---     0.452      R4C8A.CLK to       R4C8A.Q1 SLICE_332 (from clk_c)
ROUTE         1     1.887       R4C8A.Q1 to      R2C11B.D1 observe[130]
CTOF_DEL    ---     0.495      R2C11B.D1 to      R2C11B.F1 SLICE_335
ROUTE         1     0.436      R2C11B.F1 to      R2C11B.C0 serial_out_118
CTOF_DEL    ---     0.495      R2C11B.C0 to      R2C11B.F0 SLICE_335
ROUTE         1     1.004      R2C11B.F0 to      R2C11D.B0 serial_out_157
CTOF_DEL    ---     0.495      R2C11D.B0 to      R2C11D.F0 SLICE_328
ROUTE         1     0.623      R2C11D.F0 to      R2C12D.D0 serial_out_167
CTOF_DEL    ---     0.495      R2C12D.D0 to      R2C12D.F0 SLICE_326
ROUTE         1     1.008      R2C12D.F0 to       28.PADDO serial_out_c
DOPAD_DEL   ---     2.797       28.PADDO to         28.PAD serial_out
                  --------
                   10.187   (51.3% logic, 48.7% route), 6 logic levels.

Unconstrained Preference:
   CLOCK_TO_OUT PORT "serial_out" CLKPORT "clk" 

Report:   10.185ns delay SLICE_357 to serial_out

   Name    Fanout   Delay (ns)          Site               Resource
REG_DEL     ---     0.452      R4C9A.CLK to       R4C9A.Q0 SLICE_357 (from clk_c)
ROUTE         1     0.747       R4C9A.Q0 to       R4C9B.C0 observe[76]
CTOF_DEL    ---     0.495       R4C9B.C0 to       R4C9B.F0 SLICE_403
ROUTE         1     0.964       R4C9B.F0 to       R3C9C.A1 serial_out_104
CTOF_DEL    ---     0.495       R3C9C.A1 to       R3C9C.F1 SLICE_327
ROUTE         1     0.436       R3C9C.F1 to       R3C9C.C0 serial_out_154
CTOF_DEL    ---     0.495       R3C9C.C0 to       R3C9C.F0 SLICE_327
ROUTE         1     1.801       R3C9C.F0 to      R2C12D.A0 serial_out_166
CTOF_DEL    ---     0.495      R2C12D.A0 to      R2C12D.F0 SLICE_326
ROUTE         1     1.008      R2C12D.F0 to       28.PADDO serial_out_c
DOPAD_DEL   ---     2.797       28.PADDO to         28.PAD serial_out
                  --------
                   10.185   (51.3% logic, 48.7% route), 6 logic levels.

Unconstrained Preference:
   CLOCK_TO_OUT PORT "serial_out" CLKPORT "clk" 

Report:   10.167ns delay SLICE_235 to serial_out

   Name    Fanout   Delay (ns)          Site               Resource
REG_DEL     ---     0.452     R3C12B.CLK to      R3C12B.Q0 SLICE_235 (from clk_c)
ROUTE         1     0.967      R3C12B.Q0 to      R3C12C.A0 observe[121]
CTOF_DEL    ---     0.495      R3C12C.A0 to      R3C12C.F0 SLICE_154
ROUTE         1     1.336      R3C12C.F0 to      R2C11B.B0 serial_out_115
CTOF_DEL    ---     0.495      R2C11B.B0 to      R2C11B.F0 SLICE_335
ROUTE         1     1.004      R2C11B.F0 to      R2C11D.B0 serial_out_157
CTOF_DEL    ---     0.495      R2C11D.B0 to      R2C11D.F0 SLICE_328
ROUTE         1     0.623      R2C11D.F0 to      R2C12D.D0 serial_out_167
CTOF_DEL    ---     0.495      R2C12D.D0 to      R2C12D.F0 SLICE_326
ROUTE         1     1.008      R2C12D.F0 to       28.PADDO serial_out_c
DOPAD_DEL   ---     2.797       28.PADDO to         28.PAD serial_out
                  --------
                   10.167   (51.4% logic, 48.6% route), 6 logic levels.

Unconstrained Preference:
   CLOCK_TO_OUT PORT "serial_out" CLKPORT "clk" 

Report:   10.140ns delay SLICE_313 to serial_out

   Name    Fanout   Delay (ns)          Site               Resource
REG_DEL     ---     0.452      R3C6C.CLK to       R3C6C.Q1 SLICE_313 (from clk_c)
ROUTE         1     0.986       R3C6C.Q1 to       R3C7C.A0 observe[95]
CTOF_DEL    ---     0.495       R3C7C.A0 to       R3C7C.F0 SLICE_401
ROUTE         1     1.336       R3C7C.F0 to       R2C8C.B0 serial_out_109
CTOF_DEL    ---     0.495       R2C8C.B0 to       R2C8C.F0 SLICE_333
ROUTE         1     0.958       R2C8C.F0 to      R2C11D.D0 serial_out_155
CTOF_DEL    ---     0.495      R2C11D.D0 to      R2C11D.F0 SLICE_328
ROUTE         1     0.623      R2C11D.F0 to      R2C12D.D0 serial_out_167
CTOF_DEL    ---     0.495      R2C12D.D0 to      R2C12D.F0 SLICE_326
ROUTE         1     1.008      R2C12D.F0 to       28.PADDO serial_out_c
DOPAD_DEL   ---     2.797       28.PADDO to         28.PAD serial_out
                  --------
                   10.140   (51.6% logic, 48.4% route), 6 logic levels.

Unconstrained Preference:
   CLOCK_TO_OUT PORT "serial_out" CLKPORT "clk" 

Report:   10.123ns delay SLICE_390 to serial_out

   Name    Fanout   Delay (ns)          Site               Resource
REG_DEL     ---     0.452      R4C9C.CLK to       R4C9C.Q1 SLICE_390 (from clk_c)
ROUTE         1     0.626       R4C9C.Q1 to       R4C9B.D1 observe[73]
CTOF_DEL    ---     0.495       R4C9B.D1 to       R4C9B.F1 SLICE_403
ROUTE         1     1.023       R4C9B.F1 to       R3C9C.B1 serial_out_103
CTOF_DEL    ---     0.495       R3C9C.B1 to       R3C9C.F1 SLICE_327
ROUTE         1     0.436       R3C9C.F1 to       R3C9C.C0 serial_out_154
CTOF_DEL    ---     0.495       R3C9C.C0 to       R3C9C.F0 SLICE_327
ROUTE         1     1.801       R3C9C.F0 to      R2C12D.A0 serial_out_166
CTOF_DEL    ---     0.495      R2C12D.A0 to      R2C12D.F0 SLICE_326
ROUTE         1     1.008      R2C12D.F0 to       28.PADDO serial_out_c
DOPAD_DEL   ---     2.797       28.PADDO to         28.PAD serial_out
                  --------
                   10.123   (51.7% logic, 48.3% route), 6 logic levels.

Unconstrained Preference:
   CLOCK_TO_OUT PORT "serial_out" CLKPORT "clk" 

Report:   10.121ns delay SLICE_225 to serial_out

   Name    Fanout   Delay (ns)          Site               Resource
REG_DEL     ---     0.452      R3C7D.CLK to       R3C7D.Q0 SLICE_225 (from clk_c)
ROUTE         1     1.004       R3C7D.Q0 to       R3C7C.B1 observe[92]
CTOF_DEL    ---     0.495       R3C7C.B1 to       R3C7C.F1 SLICE_401
ROUTE         1     1.299       R3C7C.F1 to       R2C8C.A0 serial_out_108
CTOF_DEL    ---     0.495       R2C8C.A0 to       R2C8C.F0 SLICE_333
ROUTE         1     0.958       R2C8C.F0 to      R2C11D.D0 serial_out_155
CTOF_DEL    ---     0.495      R2C11D.D0 to      R2C11D.F0 SLICE_328
ROUTE         1     0.623      R2C11D.F0 to      R2C12D.D0 serial_out_167
CTOF_DEL    ---     0.495      R2C12D.D0 to      R2C12D.F0 SLICE_326
ROUTE         1     1.008      R2C12D.F0 to       28.PADDO serial_out_c
DOPAD_DEL   ---     2.797       28.PADDO to         28.PAD serial_out
                  --------
                   10.121   (51.7% logic, 48.3% route), 6 logic levels.

Unconstrained Preference:
   CLOCK_TO_OUT PORT "serial_out" CLKPORT "clk" 

Report:   10.105ns delay SLICE_20 to serial_out

   Name    Fanout   Delay (ns)          Site               Resource
REG_DEL     ---     0.452     R4C13B.CLK to      R4C13B.Q1 SLICE_20 (from clk_c)
ROUTE         1     1.965      R4C13B.Q1 to      R3C13D.B1 observe[158]
CTOF_DEL    ---     0.495      R3C13D.B1 to      R3C13D.F1 SLICE_395
ROUTE         1     1.962      R3C13D.F1 to      R2C12D.B1 serial_out_125
CTOF_DEL    ---     0.495      R2C12D.B1 to      R2C12D.F1 SLICE_326
ROUTE         1     0.436      R2C12D.F1 to      R2C12D.C0 serial_out_159
CTOF_DEL    ---     0.495      R2C12D.C0 to      R2C12D.F0 SLICE_326
ROUTE         1     1.008      R2C12D.F0 to       28.PADDO serial_out_c
DOPAD_DEL   ---     2.797       28.PADDO to         28.PAD serial_out
                  --------
                   10.105   (46.8% logic, 53.2% route), 5 logic levels.

Unconstrained Preference:
   CLOCK_TO_OUT PORT "serial_out" CLKPORT "clk" 

Report:   10.101ns delay SLICE_333 to serial_out

   Name    Fanout   Delay (ns)          Site               Resource
REG_DEL     ---     0.452      R2C8C.CLK to       R2C8C.Q0 SLICE_333 (from clk_c)
ROUTE         1     1.801       R2C8C.Q0 to      R2C11B.A1 observe[131]
CTOF_DEL    ---     0.495      R2C11B.A1 to      R2C11B.F1 SLICE_335
ROUTE         1     0.436      R2C11B.F1 to      R2C11B.C0 serial_out_118
CTOF_DEL    ---     0.495      R2C11B.C0 to      R2C11B.F0 SLICE_335
ROUTE         1     1.004      R2C11B.F0 to      R2C11D.B0 serial_out_157
CTOF_DEL    ---     0.495      R2C11D.B0 to      R2C11D.F0 SLICE_328
ROUTE         1     0.623      R2C11D.F0 to      R2C12D.D0 serial_out_167
CTOF_DEL    ---     0.495      R2C12D.D0 to      R2C12D.F0 SLICE_326
ROUTE         1     1.008      R2C12D.F0 to       28.PADDO serial_out_c
DOPAD_DEL   ---     2.797       28.PADDO to         28.PAD serial_out
                  --------
                   10.101   (51.8% logic, 48.2% route), 6 logic levels.

Unconstrained Preference:
   CLOCK_TO_OUT PORT "serial_out" CLKPORT "clk" 

Report:   10.092ns delay SLICE_16 to serial_out

   Name    Fanout   Delay (ns)          Site               Resource
REG_DEL     ---     0.452     R4C12A.CLK to      R4C12A.Q1 SLICE_16 (from clk_c)
ROUTE         1     1.336      R4C12A.Q1 to      R3C11B.B0 observe[140]
CTOF_DEL    ---     0.495      R3C11B.B0 to      R3C11B.F0 SLICE_398
ROUTE         1     1.460      R3C11B.F0 to      R2C11D.D1 serial_out_120
CTOF_DEL    ---     0.495      R2C11D.D1 to      R2C11D.F1 SLICE_328
ROUTE         1     0.436      R2C11D.F1 to      R2C11D.C0 serial_out_158
CTOF_DEL    ---     0.495      R2C11D.C0 to      R2C11D.F0 SLICE_328
ROUTE         1     0.623      R2C11D.F0 to      R2C12D.D0 serial_out_167
CTOF_DEL    ---     0.495      R2C12D.D0 to      R2C12D.F0 SLICE_326
ROUTE         1     1.008      R2C12D.F0 to       28.PADDO serial_out_c
DOPAD_DEL   ---     2.797       28.PADDO to         28.PAD serial_out
                  --------
                   10.092   (51.8% logic, 48.2% route), 6 logic levels.

Unconstrained Preference:
   CLOCK_TO_OUT PORT "serial_out" CLKPORT "clk" 

Report:   10.091ns delay SLICE_401 to serial_out

   Name    Fanout   Delay (ns)          Site               Resource
REG_DEL     ---     0.452      R3C7C.CLK to       R3C7C.Q1 SLICE_401 (from clk_c)
ROUTE         1     1.278       R3C7C.Q1 to      R2C10C.C1 observe[108]
CTOF_DEL    ---     0.495      R2C10C.C1 to      R2C10C.F1 SLICE_400
ROUTE         1     0.986      R2C10C.F1 to      R2C11C.A0 serial_out_112
CTOF_DEL    ---     0.495      R2C11C.A0 to      R2C11C.F0 SLICE_334
ROUTE         1     0.967      R2C11C.F0 to      R2C11D.A0 serial_out_156
CTOF_DEL    ---     0.495      R2C11D.A0 to      R2C11D.F0 SLICE_328
ROUTE         1     0.623      R2C11D.F0 to      R2C12D.D0 serial_out_167
CTOF_DEL    ---     0.495      R2C12D.D0 to      R2C12D.F0 SLICE_326
ROUTE         1     1.008      R2C12D.F0 to       28.PADDO serial_out_c
DOPAD_DEL   ---     2.797       28.PADDO to         28.PAD serial_out
                  --------
                   10.091   (51.8% logic, 48.2% route), 6 logic levels.

Unconstrained Preference:
   CLOCK_TO_OUT PORT "serial_out" CLKPORT "clk" 

Report:   10.084ns delay SLICE_225 to serial_out

   Name    Fanout   Delay (ns)          Site               Resource
REG_DEL     ---     0.452      R3C7D.CLK to       R3C7D.Q1 SLICE_225 (from clk_c)
ROUTE         1     0.967       R3C7D.Q1 to       R3C7C.A1 observe[93]
CTOF_DEL    ---     0.495       R3C7C.A1 to       R3C7C.F1 SLICE_401
ROUTE         1     1.299       R3C7C.F1 to       R2C8C.A0 serial_out_108
CTOF_DEL    ---     0.495       R2C8C.A0 to       R2C8C.F0 SLICE_333
ROUTE         1     0.958       R2C8C.F0 to      R2C11D.D0 serial_out_155
CTOF_DEL    ---     0.495      R2C11D.D0 to      R2C11D.F0 SLICE_328
ROUTE         1     0.623      R2C11D.F0 to      R2C12D.D0 serial_out_167
CTOF_DEL    ---     0.495      R2C12D.D0 to      R2C12D.F0 SLICE_326
ROUTE         1     1.008      R2C12D.F0 to       28.PADDO serial_out_c
DOPAD_DEL   ---     2.797       28.PADDO to         28.PAD serial_out
                  --------
                   10.084   (51.9% logic, 48.1% route), 6 logic levels.

Unconstrained Preference:
   CLOCK_TO_OUT PORT "serial_out" CLKPORT "clk" 

Report:   10.064ns delay SLICE_356 to serial_out

   Name    Fanout   Delay (ns)          Site               Resource
REG_DEL     ---     0.452      R4C9D.CLK to       R4C9D.Q1 SLICE_356 (from clk_c)
ROUTE         1     0.626       R4C9D.Q1 to       R4C9B.D0 observe[75]
CTOF_DEL    ---     0.495       R4C9B.D0 to       R4C9B.F0 SLICE_403
ROUTE         1     0.964       R4C9B.F0 to       R3C9C.A1 serial_out_104
CTOF_DEL    ---     0.495       R3C9C.A1 to       R3C9C.F1 SLICE_327
ROUTE         1     0.436       R3C9C.F1 to       R3C9C.C0 serial_out_154
CTOF_DEL    ---     0.495       R3C9C.C0 to       R3C9C.F0 SLICE_327
ROUTE         1     1.801       R3C9C.F0 to      R2C12D.A0 serial_out_166
CTOF_DEL    ---     0.495      R2C12D.A0 to      R2C12D.F0 SLICE_326
ROUTE         1     1.008      R2C12D.F0 to       28.PADDO serial_out_c
DOPAD_DEL   ---     2.797       28.PADDO to         28.PAD serial_out
                  --------
                   10.064   (52.0% logic, 48.0% route), 6 logic levels.

Unconstrained Preference:
   CLOCK_TO_OUT PORT "serial_out" CLKPORT "clk" 

Report:   10.056ns delay SLICE_399 to serial_out

   Name    Fanout   Delay (ns)          Site               Resource
REG_DEL     ---     0.452     R2C10B.CLK to      R2C10B.Q0 SLICE_399 (from clk_c)
ROUTE         1     1.072      R2C10B.Q0 to      R2C10C.D0 observe[111]
CTOF_DEL    ---     0.495      R2C10C.D0 to      R2C10C.F0 SLICE_400
ROUTE         1     1.157      R2C10C.F0 to      R2C11C.D0 serial_out_113
CTOF_DEL    ---     0.495      R2C11C.D0 to      R2C11C.F0 SLICE_334
ROUTE         1     0.967      R2C11C.F0 to      R2C11D.A0 serial_out_156
CTOF_DEL    ---     0.495      R2C11D.A0 to      R2C11D.F0 SLICE_328
ROUTE         1     0.623      R2C11D.F0 to      R2C12D.D0 serial_out_167
CTOF_DEL    ---     0.495      R2C12D.D0 to      R2C12D.F0 SLICE_326
ROUTE         1     1.008      R2C12D.F0 to       28.PADDO serial_out_c
DOPAD_DEL   ---     2.797       28.PADDO to         28.PAD serial_out
                  --------
                   10.056   (52.0% logic, 48.0% route), 6 logic levels.

Unconstrained Preference:
   CLOCK_TO_OUT PORT "serial_out" CLKPORT "clk" 

Report:   10.040ns delay SLICE_397 to serial_out

   Name    Fanout   Delay (ns)          Site               Resource
REG_DEL     ---     0.452     R3C14D.CLK to      R3C14D.Q1 SLICE_397 (from clk_c)
ROUTE         1     1.777      R3C14D.Q1 to      R2C11C.C1 observe[116]
CTOF_DEL    ---     0.495      R2C11C.C1 to      R2C11C.F1 SLICE_334
ROUTE         1     0.436      R2C11C.F1 to      R2C11C.C0 serial_out_114
CTOF_DEL    ---     0.495      R2C11C.C0 to      R2C11C.F0 SLICE_334
ROUTE         1     0.967      R2C11C.F0 to      R2C11D.A0 serial_out_156
CTOF_DEL    ---     0.495      R2C11D.A0 to      R2C11D.F0 SLICE_328
ROUTE         1     0.623      R2C11D.F0 to      R2C12D.D0 serial_out_167
CTOF_DEL    ---     0.495      R2C12D.D0 to      R2C12D.F0 SLICE_326
ROUTE         1     1.008      R2C12D.F0 to       28.PADDO serial_out_c
DOPAD_DEL   ---     2.797       28.PADDO to         28.PAD serial_out
                  --------
                   10.040   (52.1% logic, 47.9% route), 6 logic levels.

Unconstrained Preference:
   CLOCK_TO_OUT PORT "serial_out" CLKPORT "clk" 

Report:    9.943ns delay SLICE_68 to serial_out

   Name    Fanout   Delay (ns)          Site               Resource
REG_DEL     ---     0.452     R4C11D.CLK to      R4C11D.Q1 SLICE_68 (from clk_c)
ROUTE         1     1.157      R4C11D.Q1 to      R3C12D.D1 observe[20]
CTOF_DEL    ---     0.495      R3C12D.D1 to      R3C12D.F1 SLICE_329
ROUTE         1     0.436      R3C12D.F1 to      R3C12D.C0 serial_out_90
CTOF_DEL    ---     0.495      R3C12D.C0 to      R3C12D.F0 SLICE_329
ROUTE         1     0.693      R3C12D.F0 to      R3C12B.B1 serial_out_150
CTOF_DEL    ---     0.495      R3C12B.B1 to      R3C12B.F1 SLICE_235
ROUTE         1     1.420      R3C12B.F1 to      R2C12D.B0 serial_out_160
CTOF_DEL    ---     0.495      R2C12D.B0 to      R2C12D.F0 SLICE_326
ROUTE         1     1.008      R2C12D.F0 to       28.PADDO serial_out_c
DOPAD_DEL   ---     2.797       28.PADDO to         28.PAD serial_out
                  --------
                    9.943   (52.6% logic, 47.4% route), 6 logic levels.

Unconstrained Preference:
   CLOCK_TO_OUT PORT "serial_out" CLKPORT "clk" 

Report:    9.939ns delay SLICE_319 to serial_out

   Name    Fanout   Delay (ns)          Site               Resource
REG_DEL     ---     0.452      R4C7D.CLK to       R4C7D.Q0 SLICE_319 (from clk_c)
ROUTE         1     1.163       R4C7D.Q0 to       R3C7B.C0 observe[86]
CTOF_DEL    ---     0.495       R3C7B.C0 to       R3C7B.F0 SLICE_155
ROUTE         1     0.958       R3C7B.F0 to       R2C8C.D0 serial_out_107
CTOF_DEL    ---     0.495       R2C8C.D0 to       R2C8C.F0 SLICE_333
ROUTE         1     0.958       R2C8C.F0 to      R2C11D.D0 serial_out_155
CTOF_DEL    ---     0.495      R2C11D.D0 to      R2C11D.F0 SLICE_328
ROUTE         1     0.623      R2C11D.F0 to      R2C12D.D0 serial_out_167
CTOF_DEL    ---     0.495      R2C12D.D0 to      R2C12D.F0 SLICE_326
ROUTE         1     1.008      R2C12D.F0 to       28.PADDO serial_out_c
DOPAD_DEL   ---     2.797       28.PADDO to         28.PAD serial_out
                  --------
                    9.939   (52.6% logic, 47.4% route), 6 logic levels.

Unconstrained Preference:
   CLOCK_TO_OUT PORT "serial_out" CLKPORT "clk" 

Report:    9.920ns delay SLICE_314 to serial_out

   Name    Fanout   Delay (ns)          Site               Resource
REG_DEL     ---     0.452      R3C6A.CLK to       R3C6A.Q0 SLICE_314 (from clk_c)
ROUTE         1     0.766       R3C6A.Q0 to       R3C7C.C0 observe[96]
CTOF_DEL    ---     0.495       R3C7C.C0 to       R3C7C.F0 SLICE_401
ROUTE         1     1.336       R3C7C.F0 to       R2C8C.B0 serial_out_109
CTOF_DEL    ---     0.495       R2C8C.B0 to       R2C8C.F0 SLICE_333
ROUTE         1     0.958       R2C8C.F0 to      R2C11D.D0 serial_out_155
CTOF_DEL    ---     0.495      R2C11D.D0 to      R2C11D.F0 SLICE_328
ROUTE         1     0.623      R2C11D.F0 to      R2C12D.D0 serial_out_167
CTOF_DEL    ---     0.495      R2C12D.D0 to      R2C12D.F0 SLICE_326
ROUTE         1     1.008      R2C12D.F0 to       28.PADDO serial_out_c
DOPAD_DEL   ---     2.797       28.PADDO to         28.PAD serial_out
                  --------
                    9.920   (52.7% logic, 47.3% route), 6 logic levels.

Unconstrained Preference:
   CLOCK_TO_OUT PORT "serial_out" CLKPORT "clk" 

Report:    9.885ns delay SLICE_318 to serial_out

   Name    Fanout   Delay (ns)          Site               Resource
REG_DEL     ---     0.452      R4C7B.CLK to       R4C7B.Q0 SLICE_318 (from clk_c)
ROUTE         1     0.645       R4C7B.Q0 to       R3C7A.D0 observe[84]
CTOF_DEL    ---     0.495       R3C7A.D0 to       R3C7A.F0 SLICE_402
ROUTE         1     0.766       R3C7A.F0 to       R3C9C.C1 serial_out_106
CTOF_DEL    ---     0.495       R3C9C.C1 to       R3C9C.F1 SLICE_327
ROUTE         1     0.436       R3C9C.F1 to       R3C9C.C0 serial_out_154
CTOF_DEL    ---     0.495       R3C9C.C0 to       R3C9C.F0 SLICE_327
ROUTE         1     1.801       R3C9C.F0 to      R2C12D.A0 serial_out_166
CTOF_DEL    ---     0.495      R2C12D.A0 to      R2C12D.F0 SLICE_326
ROUTE         1     1.008      R2C12D.F0 to       28.PADDO serial_out_c
DOPAD_DEL   ---     2.797       28.PADDO to         28.PAD serial_out
                  --------
                    9.885   (52.9% logic, 47.1% route), 6 logic levels.

Unconstrained Preference:
   CLOCK_TO_OUT PORT "serial_out" CLKPORT "clk" 

Report:    9.866ns delay SLICE_28 to serial_out

   Name    Fanout   Delay (ns)          Site               Resource
REG_DEL     ---     0.452     R2C14A.CLK to      R2C14A.Q1 SLICE_28 (from clk_c)
ROUTE         1     1.726      R2C14A.Q1 to      R3C13D.A1 observe[160]
CTOF_DEL    ---     0.495      R3C13D.A1 to      R3C13D.F1 SLICE_395
ROUTE         1     1.962      R3C13D.F1 to      R2C12D.B1 serial_out_125
CTOF_DEL    ---     0.495      R2C12D.B1 to      R2C12D.F1 SLICE_326
ROUTE         1     0.436      R2C12D.F1 to      R2C12D.C0 serial_out_159
CTOF_DEL    ---     0.495      R2C12D.C0 to      R2C12D.F0 SLICE_326
ROUTE         1     1.008      R2C12D.F0 to       28.PADDO serial_out_c
DOPAD_DEL   ---     2.797       28.PADDO to         28.PAD serial_out
                  --------
                    9.866   (48.0% logic, 52.0% route), 5 logic levels.

Unconstrained Preference:
   CLOCK_TO_OUT PORT "serial_out" CLKPORT "clk" 

Report:    9.789ns delay SLICE_404 to serial_out

   Name    Fanout   Delay (ns)          Site               Resource
REG_DEL     ---     0.452      R4C8B.CLK to       R4C8B.Q0 SLICE_404 (from clk_c)
ROUTE         1     1.535       R4C8B.Q0 to       R2C8C.B1 observe[101]
CTOF_DEL    ---     0.495       R2C8C.B1 to       R2C8C.F1 SLICE_333
ROUTE         1     0.436       R2C8C.F1 to       R2C8C.C0 serial_out_110
CTOF_DEL    ---     0.495       R2C8C.C0 to       R2C8C.F0 SLICE_333
ROUTE         1     0.958       R2C8C.F0 to      R2C11D.D0 serial_out_155
CTOF_DEL    ---     0.495      R2C11D.D0 to      R2C11D.F0 SLICE_328
ROUTE         1     0.623      R2C11D.F0 to      R2C12D.D0 serial_out_167
CTOF_DEL    ---     0.495      R2C12D.D0 to      R2C12D.F0 SLICE_326
ROUTE         1     1.008      R2C12D.F0 to       28.PADDO serial_out_c
DOPAD_DEL   ---     2.797       28.PADDO to         28.PAD serial_out
                  --------
                    9.789   (53.4% logic, 46.6% route), 6 logic levels.

Unconstrained Preference:
   CLOCK_TO_OUT PORT "serial_out" CLKPORT "clk" 

Report:    9.786ns delay SLICE_330 to serial_out

   Name    Fanout   Delay (ns)          Site               Resource
REG_DEL     ---     0.452     R2C10D.CLK to      R2C10D.Q1 SLICE_330 (from clk_c)
ROUTE         1     0.958      R2C10D.Q1 to      R2C10B.D0 observe[126]
CTOF_DEL    ---     0.495      R2C10B.D0 to      R2C10B.F0 SLICE_399
ROUTE         1     0.964      R2C10B.F0 to      R2C11B.A0 serial_out_117
CTOF_DEL    ---     0.495      R2C11B.A0 to      R2C11B.F0 SLICE_335
ROUTE         1     1.004      R2C11B.F0 to      R2C11D.B0 serial_out_157
CTOF_DEL    ---     0.495      R2C11D.B0 to      R2C11D.F0 SLICE_328
ROUTE         1     0.623      R2C11D.F0 to      R2C12D.D0 serial_out_167
CTOF_DEL    ---     0.495      R2C12D.D0 to      R2C12D.F0 SLICE_326
ROUTE         1     1.008      R2C12D.F0 to       28.PADDO serial_out_c
DOPAD_DEL   ---     2.797       28.PADDO to         28.PAD serial_out
                  --------
                    9.786   (53.4% logic, 46.6% route), 6 logic levels.

Unconstrained Preference:
   CLOCK_TO_OUT PORT "serial_out" CLKPORT "clk" 

Report:    9.762ns delay SLICE_396 to serial_out

   Name    Fanout   Delay (ns)          Site               Resource
REG_DEL     ---     0.452     R2C13D.CLK to      R2C13D.Q0 SLICE_396 (from clk_c)
ROUTE         1     1.499      R2C13D.Q0 to      R2C11C.D1 observe[117]
CTOF_DEL    ---     0.495      R2C11C.D1 to      R2C11C.F1 SLICE_334
ROUTE         1     0.436      R2C11C.F1 to      R2C11C.C0 serial_out_114
CTOF_DEL    ---     0.495      R2C11C.C0 to      R2C11C.F0 SLICE_334
ROUTE         1     0.967      R2C11C.F0 to      R2C11D.A0 serial_out_156
CTOF_DEL    ---     0.495      R2C11D.A0 to      R2C11D.F0 SLICE_328
ROUTE         1     0.623      R2C11D.F0 to      R2C12D.D0 serial_out_167
CTOF_DEL    ---     0.495      R2C12D.D0 to      R2C12D.F0 SLICE_326
ROUTE         1     1.008      R2C12D.F0 to       28.PADDO serial_out_c
DOPAD_DEL   ---     2.797       28.PADDO to         28.PAD serial_out
                  --------
                    9.762   (53.6% logic, 46.4% route), 6 logic levels.

Unconstrained Preference:
   CLOCK_TO_OUT PORT "serial_out" CLKPORT "clk" 

Report:    9.752ns delay SLICE_326 to serial_out

   Name    Fanout   Delay (ns)          Site               Resource
REG_DEL     ---     0.452     R2C12D.CLK to      R2C12D.Q1 SLICE_326 (from clk_c)
ROUTE         1     1.498      R2C12D.Q1 to       R2C8C.A1 observe[100]
CTOF_DEL    ---     0.495       R2C8C.A1 to       R2C8C.F1 SLICE_333
ROUTE         1     0.436       R2C8C.F1 to       R2C8C.C0 serial_out_110
CTOF_DEL    ---     0.495       R2C8C.C0 to       R2C8C.F0 SLICE_333
ROUTE         1     0.958       R2C8C.F0 to      R2C11D.D0 serial_out_155
CTOF_DEL    ---     0.495      R2C11D.D0 to      R2C11D.F0 SLICE_328
ROUTE         1     0.623      R2C11D.F0 to      R2C12D.D0 serial_out_167
CTOF_DEL    ---     0.495      R2C12D.D0 to      R2C12D.F0 SLICE_326
ROUTE         1     1.008      R2C12D.F0 to       28.PADDO serial_out_c
DOPAD_DEL   ---     2.797       28.PADDO to         28.PAD serial_out
                  --------
                    9.752   (53.6% logic, 46.4% route), 6 logic levels.

Unconstrained Preference:
   CLOCK_TO_OUT PORT "serial_out" CLKPORT "clk" 

Report:    9.742ns delay SLICE_126 to serial_out

   Name    Fanout   Delay (ns)          Site               Resource
REG_DEL     ---     0.452      R3C9A.CLK to       R3C9A.Q0 SLICE_126 (from clk_c)
ROUTE         1     1.460       R3C9A.Q0 to      R3C11B.D1 observe[135]
CTOF_DEL    ---     0.495      R3C11B.D1 to      R3C11B.F1 SLICE_398
ROUTE         1     0.986      R3C11B.F1 to      R2C11D.A1 serial_out_119
CTOF_DEL    ---     0.495      R2C11D.A1 to      R2C11D.F1 SLICE_328
ROUTE         1     0.436      R2C11D.F1 to      R2C11D.C0 serial_out_158
CTOF_DEL    ---     0.495      R2C11D.C0 to      R2C11D.F0 SLICE_328
ROUTE         1     0.623      R2C11D.F0 to      R2C12D.D0 serial_out_167
CTOF_DEL    ---     0.495      R2C12D.D0 to      R2C12D.F0 SLICE_326
ROUTE         1     1.008      R2C12D.F0 to       28.PADDO serial_out_c
DOPAD_DEL   ---     2.797       28.PADDO to         28.PAD serial_out
                  --------
                    9.742   (53.7% logic, 46.3% route), 6 logic levels.

Unconstrained Preference:
   CLOCK_TO_OUT PORT "serial_out" CLKPORT "clk" 

Report:    9.740ns delay SLICE_320 to serial_out

   Name    Fanout   Delay (ns)          Site               Resource
REG_DEL     ---     0.452      R3C6B.CLK to       R3C6B.Q0 SLICE_320 (from clk_c)
ROUTE         1     0.964       R3C6B.Q0 to       R3C7B.A0 observe[88]
CTOF_DEL    ---     0.495       R3C7B.A0 to       R3C7B.F0 SLICE_155
ROUTE         1     0.958       R3C7B.F0 to       R2C8C.D0 serial_out_107
CTOF_DEL    ---     0.495       R2C8C.D0 to       R2C8C.F0 SLICE_333
ROUTE         1     0.958       R2C8C.F0 to      R2C11D.D0 serial_out_155
CTOF_DEL    ---     0.495      R2C11D.D0 to      R2C11D.F0 SLICE_328
ROUTE         1     0.623      R2C11D.F0 to      R2C12D.D0 serial_out_167
CTOF_DEL    ---     0.495      R2C12D.D0 to      R2C12D.F0 SLICE_326
ROUTE         1     1.008      R2C12D.F0 to       28.PADDO serial_out_c
DOPAD_DEL   ---     2.797       28.PADDO to         28.PAD serial_out
                  --------
                    9.740   (53.7% logic, 46.3% route), 6 logic levels.

Unconstrained Preference:
   CLOCK_TO_OUT PORT "serial_out" CLKPORT "clk" 

Report:    9.731ns delay SLICE_400 to serial_out

   Name    Fanout   Delay (ns)          Site               Resource
REG_DEL     ---     0.452     R2C10C.CLK to      R2C10C.Q1 SLICE_400 (from clk_c)
ROUTE         1     0.747      R2C10C.Q1 to      R2C10C.C0 observe[110]
CTOF_DEL    ---     0.495      R2C10C.C0 to      R2C10C.F0 SLICE_400
ROUTE         1     1.157      R2C10C.F0 to      R2C11C.D0 serial_out_113
CTOF_DEL    ---     0.495      R2C11C.D0 to      R2C11C.F0 SLICE_334
ROUTE         1     0.967      R2C11C.F0 to      R2C11D.A0 serial_out_156
CTOF_DEL    ---     0.495      R2C11D.A0 to      R2C11D.F0 SLICE_328
ROUTE         1     0.623      R2C11D.F0 to      R2C12D.D0 serial_out_167
CTOF_DEL    ---     0.495      R2C12D.D0 to      R2C12D.F0 SLICE_326
ROUTE         1     1.008      R2C12D.F0 to       28.PADDO serial_out_c
DOPAD_DEL   ---     2.797       28.PADDO to         28.PAD serial_out
                  --------
                    9.731   (53.7% logic, 46.3% route), 6 logic levels.

Unconstrained Preference:
   CLOCK_TO_OUT PORT "serial_out" CLKPORT "clk" 

Report:    9.714ns delay SLICE_17 to serial_out

   Name    Fanout   Delay (ns)          Site               Resource
REG_DEL     ---     0.452     R4C12B.CLK to      R4C12B.Q0 SLICE_17 (from clk_c)
ROUTE         1     0.958      R4C12B.Q0 to      R3C11B.D0 observe[141]
CTOF_DEL    ---     0.495      R3C11B.D0 to      R3C11B.F0 SLICE_398
ROUTE         1     1.460      R3C11B.F0 to      R2C11D.D1 serial_out_120
CTOF_DEL    ---     0.495      R2C11D.D1 to      R2C11D.F1 SLICE_328
ROUTE         1     0.436      R2C11D.F1 to      R2C11D.C0 serial_out_158
CTOF_DEL    ---     0.495      R2C11D.C0 to      R2C11D.F0 SLICE_328
ROUTE         1     0.623      R2C11D.F0 to      R2C12D.D0 serial_out_167
CTOF_DEL    ---     0.495      R2C12D.D0 to      R2C12D.F0 SLICE_326
ROUTE         1     1.008      R2C12D.F0 to       28.PADDO serial_out_c
DOPAD_DEL   ---     2.797       28.PADDO to         28.PAD serial_out
                  --------
                    9.714   (53.8% logic, 46.2% route), 6 logic levels.

Unconstrained Preference:
   CLOCK_TO_OUT PORT "serial_out" CLKPORT "clk" 

Report:    9.665ns delay SLICE_334 to serial_out

   Name    Fanout   Delay (ns)          Site               Resource
REG_DEL     ---     0.452     R2C11C.CLK to      R2C11C.Q1 SLICE_334 (from clk_c)
ROUTE         1     1.383      R2C11C.Q1 to      R3C11B.A1 observe[134]
CTOF_DEL    ---     0.495      R3C11B.A1 to      R3C11B.F1 SLICE_398
ROUTE         1     0.986      R3C11B.F1 to      R2C11D.A1 serial_out_119
CTOF_DEL    ---     0.495      R2C11D.A1 to      R2C11D.F1 SLICE_328
ROUTE         1     0.436      R2C11D.F1 to      R2C11D.C0 serial_out_158
CTOF_DEL    ---     0.495      R2C11D.C0 to      R2C11D.F0 SLICE_328
ROUTE         1     0.623      R2C11D.F0 to      R2C12D.D0 serial_out_167
CTOF_DEL    ---     0.495      R2C12D.D0 to      R2C12D.F0 SLICE_326
ROUTE         1     1.008      R2C12D.F0 to       28.PADDO serial_out_c
DOPAD_DEL   ---     2.797       28.PADDO to         28.PAD serial_out
                  --------
                    9.665   (54.1% logic, 45.9% route), 6 logic levels.

Unconstrained Preference:
   CLOCK_TO_OUT PORT "serial_out" CLKPORT "clk" 

Report:    9.609ns delay SLICE_28 to serial_out

   Name    Fanout   Delay (ns)          Site               Resource
REG_DEL     ---     0.452     R2C14A.CLK to      R2C14A.Q0 SLICE_28 (from clk_c)
ROUTE         1     1.469      R2C14A.Q0 to      R3C13D.D1 observe[159]
CTOF_DEL    ---     0.495      R3C13D.D1 to      R3C13D.F1 SLICE_395
ROUTE         1     1.962      R3C13D.F1 to      R2C12D.B1 serial_out_125
CTOF_DEL    ---     0.495      R2C12D.B1 to      R2C12D.F1 SLICE_326
ROUTE         1     0.436      R2C12D.F1 to      R2C12D.C0 serial_out_159
CTOF_DEL    ---     0.495      R2C12D.C0 to      R2C12D.F0 SLICE_326
ROUTE         1     1.008      R2C12D.F0 to       28.PADDO serial_out_c
DOPAD_DEL   ---     2.797       28.PADDO to         28.PAD serial_out
                  --------
                    9.609   (49.3% logic, 50.7% route), 5 logic levels.

Unconstrained Preference:
   CLOCK_TO_OUT PORT "serial_out" CLKPORT "clk" 

Report:    9.569ns delay SLICE_35 to serial_out

   Name    Fanout   Delay (ns)          Site               Resource
REG_DEL     ---     0.452     R3C14B.CLK to      R3C14B.Q1 SLICE_35 (from clk_c)
ROUTE         1     1.810      R3C14B.Q1 to      R2C13D.A1 observe[150]
CTOF_DEL    ---     0.495      R2C13D.A1 to      R2C13D.F1 SLICE_396
ROUTE         1     1.581      R2C13D.F1 to      R2C12D.C1 serial_out_123
CTOF_DEL    ---     0.495      R2C12D.C1 to      R2C12D.F1 SLICE_326
ROUTE         1     0.436      R2C12D.F1 to      R2C12D.C0 serial_out_159
CTOF_DEL    ---     0.495      R2C12D.C0 to      R2C12D.F0 SLICE_326
ROUTE         1     1.008      R2C12D.F0 to       28.PADDO serial_out_c
DOPAD_DEL   ---     2.797       28.PADDO to         28.PAD serial_out
                  --------
                    9.569   (49.5% logic, 50.5% route), 5 logic levels.

Unconstrained Preference:
   CLOCK_TO_OUT PORT "serial_out" CLKPORT "clk" 

Report:    9.552ns delay SLICE_69 to serial_out

   Name    Fanout   Delay (ns)          Site               Resource
REG_DEL     ---     0.452     R4C12D.CLK to      R4C12D.Q0 SLICE_69 (from clk_c)
ROUTE         1     0.766      R4C12D.Q0 to      R3C12D.C1 observe[21]
CTOF_DEL    ---     0.495      R3C12D.C1 to      R3C12D.F1 SLICE_329
ROUTE         1     0.436      R3C12D.F1 to      R3C12D.C0 serial_out_90
CTOF_DEL    ---     0.495      R3C12D.C0 to      R3C12D.F0 SLICE_329
ROUTE         1     0.693      R3C12D.F0 to      R3C12B.B1 serial_out_150
CTOF_DEL    ---     0.495      R3C12B.B1 to      R3C12B.F1 SLICE_235
ROUTE         1     1.420      R3C12B.F1 to      R2C12D.B0 serial_out_160
CTOF_DEL    ---     0.495      R2C12D.B0 to      R2C12D.F0 SLICE_326
ROUTE         1     1.008      R2C12D.F0 to       28.PADDO serial_out_c
DOPAD_DEL   ---     2.797       28.PADDO to         28.PAD serial_out
                  --------
                    9.552   (54.7% logic, 45.3% route), 6 logic levels.

Unconstrained Preference:
   CLOCK_TO_OUT PORT "serial_out" CLKPORT "clk" 

Report:    9.439ns delay SLICE_400 to serial_out

   Name    Fanout   Delay (ns)          Site               Resource
REG_DEL     ---     0.452     R2C10C.CLK to      R2C10C.Q0 SLICE_400 (from clk_c)
ROUTE         1     0.626      R2C10C.Q0 to      R2C10C.D1 observe[109]
CTOF_DEL    ---     0.495      R2C10C.D1 to      R2C10C.F1 SLICE_400
ROUTE         1     0.986      R2C10C.F1 to      R2C11C.A0 serial_out_112
CTOF_DEL    ---     0.495      R2C11C.A0 to      R2C11C.F0 SLICE_334
ROUTE         1     0.967      R2C11C.F0 to      R2C11D.A0 serial_out_156
CTOF_DEL    ---     0.495      R2C11D.A0 to      R2C11D.F0 SLICE_328
ROUTE         1     0.623      R2C11D.F0 to      R2C12D.D0 serial_out_167
CTOF_DEL    ---     0.495      R2C12D.D0 to      R2C12D.F0 SLICE_326
ROUTE         1     1.008      R2C12D.F0 to       28.PADDO serial_out_c
DOPAD_DEL   ---     2.797       28.PADDO to         28.PAD serial_out
                  --------
                    9.439   (55.4% logic, 44.6% route), 6 logic levels.

Unconstrained Preference:
   CLOCK_TO_OUT PORT "serial_out" CLKPORT "clk" 

Report:    9.399ns delay SLICE_320 to serial_out

   Name    Fanout   Delay (ns)          Site               Resource
REG_DEL     ---     0.452      R3C6B.CLK to       R3C6B.Q1 SLICE_320 (from clk_c)
ROUTE         1     0.623       R3C6B.Q1 to       R3C7B.D0 observe[89]
CTOF_DEL    ---     0.495       R3C7B.D0 to       R3C7B.F0 SLICE_155
ROUTE         1     0.958       R3C7B.F0 to       R2C8C.D0 serial_out_107
CTOF_DEL    ---     0.495       R2C8C.D0 to       R2C8C.F0 SLICE_333
ROUTE         1     0.958       R2C8C.F0 to      R2C11D.D0 serial_out_155
CTOF_DEL    ---     0.495      R2C11D.D0 to      R2C11D.F0 SLICE_328
ROUTE         1     0.623      R2C11D.F0 to      R2C12D.D0 serial_out_167
CTOF_DEL    ---     0.495      R2C12D.D0 to      R2C12D.F0 SLICE_326
ROUTE         1     1.008      R2C12D.F0 to       28.PADDO serial_out_c
DOPAD_DEL   ---     2.797       28.PADDO to         28.PAD serial_out
                  --------
                    9.399   (55.6% logic, 44.4% route), 6 logic levels.

Unconstrained Preference:
   CLOCK_TO_OUT PORT "serial_out" CLKPORT "clk" 

Report:    9.399ns delay SLICE_59 to serial_out

   Name    Fanout   Delay (ns)          Site               Resource
REG_DEL     ---     0.452      R2C8A.CLK to       R2C8A.Q0 SLICE_59 (from clk_c)
ROUTE         1     1.581       R2C8A.Q0 to      R3C11D.C1 observe[1]
CTOF_DEL    ---     0.495      R3C11D.C1 to      R3C11D.F1 SLICE_408
ROUTE         1     0.656      R3C11D.F1 to      R3C12B.A1 serial_out_85
CTOF_DEL    ---     0.495      R3C12B.A1 to      R3C12B.F1 SLICE_235
ROUTE         1     1.420      R3C12B.F1 to      R2C12D.B0 serial_out_160
CTOF_DEL    ---     0.495      R2C12D.B0 to      R2C12D.F0 SLICE_326
ROUTE         1     1.008      R2C12D.F0 to       28.PADDO serial_out_c
DOPAD_DEL   ---     2.797       28.PADDO to         28.PAD serial_out
                  --------
                    9.399   (50.4% logic, 49.6% route), 5 logic levels.

Unconstrained Preference:
   CLOCK_TO_OUT PORT "serial_out" CLKPORT "clk" 

Report:    9.379ns delay SLICE_333 to serial_out

   Name    Fanout   Delay (ns)          Site               Resource
REG_DEL     ---     0.452      R2C8C.CLK to       R2C8C.Q1 SLICE_333 (from clk_c)
ROUTE         1     1.079       R2C8C.Q1 to      R2C11B.C1 observe[132]
CTOF_DEL    ---     0.495      R2C11B.C1 to      R2C11B.F1 SLICE_335
ROUTE         1     0.436      R2C11B.F1 to      R2C11B.C0 serial_out_118
CTOF_DEL    ---     0.495      R2C11B.C0 to      R2C11B.F0 SLICE_335
ROUTE         1     1.004      R2C11B.F0 to      R2C11D.B0 serial_out_157
CTOF_DEL    ---     0.495      R2C11D.B0 to      R2C11D.F0 SLICE_328
ROUTE         1     0.623      R2C11D.F0 to      R2C12D.D0 serial_out_167
CTOF_DEL    ---     0.495      R2C12D.D0 to      R2C12D.F0 SLICE_326
ROUTE         1     1.008      R2C12D.F0 to       28.PADDO serial_out_c
DOPAD_DEL   ---     2.797       28.PADDO to         28.PAD serial_out
                  --------
                    9.379   (55.8% logic, 44.2% route), 6 logic levels.

Unconstrained Preference:
   CLOCK_TO_OUT PORT "serial_out" CLKPORT "clk" 

Report:    9.364ns delay SLICE_29 to serial_out

   Name    Fanout   Delay (ns)          Site               Resource
REG_DEL     ---     0.452     R2C14B.CLK to      R2C14B.Q1 SLICE_29 (from clk_c)
ROUTE         1     1.385      R2C14B.Q1 to      R3C13D.D0 observe[162]
CTOF_DEL    ---     0.495      R3C13D.D0 to      R3C13D.F0 SLICE_395
ROUTE         1     1.801      R3C13D.F0 to      R2C12D.A1 serial_out_126
CTOF_DEL    ---     0.495      R2C12D.A1 to      R2C12D.F1 SLICE_326
ROUTE         1     0.436      R2C12D.F1 to      R2C12D.C0 serial_out_159
CTOF_DEL    ---     0.495      R2C12D.C0 to      R2C12D.F0 SLICE_326
ROUTE         1     1.008      R2C12D.F0 to       28.PADDO serial_out_c
DOPAD_DEL   ---     2.797       28.PADDO to         28.PAD serial_out
                  --------
                    9.364   (50.6% logic, 49.4% route), 5 logic levels.

Unconstrained Preference:
   CLOCK_TO_OUT PORT "serial_out" CLKPORT "clk" 

Report:    9.333ns delay SLICE_227 to serial_out

   Name    Fanout   Delay (ns)          Site               Resource
REG_DEL     ---     0.452      R3C6D.CLK to       R3C6D.Q1 SLICE_227 (from clk_c)
ROUTE         1     1.079       R3C6D.Q1 to       R2C8C.C1 observe[99]
CTOF_DEL    ---     0.495       R2C8C.C1 to       R2C8C.F1 SLICE_333
ROUTE         1     0.436       R2C8C.F1 to       R2C8C.C0 serial_out_110
CTOF_DEL    ---     0.495       R2C8C.C0 to       R2C8C.F0 SLICE_333
ROUTE         1     0.958       R2C8C.F0 to      R2C11D.D0 serial_out_155
CTOF_DEL    ---     0.495      R2C11D.D0 to      R2C11D.F0 SLICE_328
ROUTE         1     0.623      R2C11D.F0 to      R2C12D.D0 serial_out_167
CTOF_DEL    ---     0.495      R2C12D.D0 to      R2C12D.F0 SLICE_326
ROUTE         1     1.008      R2C12D.F0 to       28.PADDO serial_out_c
DOPAD_DEL   ---     2.797       28.PADDO to         28.PAD serial_out
                  --------
                    9.333   (56.0% logic, 44.0% route), 6 logic levels.

Unconstrained Preference:
   CLOCK_TO_OUT PORT "serial_out" CLKPORT "clk" 

Report:    9.326ns delay SLICE_227 to serial_out

   Name    Fanout   Delay (ns)          Site               Resource
REG_DEL     ---     0.452      R3C6D.CLK to       R3C6D.Q0 SLICE_227 (from clk_c)
ROUTE         1     1.072       R3C6D.Q0 to       R2C8C.D1 observe[98]
CTOF_DEL    ---     0.495       R2C8C.D1 to       R2C8C.F1 SLICE_333
ROUTE         1     0.436       R2C8C.F1 to       R2C8C.C0 serial_out_110
CTOF_DEL    ---     0.495       R2C8C.C0 to       R2C8C.F0 SLICE_333
ROUTE         1     0.958       R2C8C.F0 to      R2C11D.D0 serial_out_155
CTOF_DEL    ---     0.495      R2C11D.D0 to      R2C11D.F0 SLICE_328
ROUTE         1     0.623      R2C11D.F0 to      R2C12D.D0 serial_out_167
CTOF_DEL    ---     0.495      R2C12D.D0 to      R2C12D.F0 SLICE_326
ROUTE         1     1.008      R2C12D.F0 to       28.PADDO serial_out_c
DOPAD_DEL   ---     2.797       28.PADDO to         28.PAD serial_out
                  --------
                    9.326   (56.1% logic, 43.9% route), 6 logic levels.

Unconstrained Preference:
   CLOCK_TO_OUT PORT "serial_out" CLKPORT "clk" 

Report:    9.318ns delay SLICE_38 to serial_out

   Name    Fanout   Delay (ns)          Site               Resource
REG_DEL     ---     0.452     R4C14B.CLK to      R4C14B.Q0 SLICE_38 (from clk_c)
ROUTE         1     0.744      R4C14B.Q0 to      R3C14D.C1 observe[145]
CTOF_DEL    ---     0.495      R3C14D.C1 to      R3C14D.F1 SLICE_397
ROUTE         1     1.278      R3C14D.F1 to      R2C11D.C1 serial_out_121
CTOF_DEL    ---     0.495      R2C11D.C1 to      R2C11D.F1 SLICE_328
ROUTE         1     0.436      R2C11D.F1 to      R2C11D.C0 serial_out_158
CTOF_DEL    ---     0.495      R2C11D.C0 to      R2C11D.F0 SLICE_328
ROUTE         1     0.623      R2C11D.F0 to      R2C12D.D0 serial_out_167
CTOF_DEL    ---     0.495      R2C12D.D0 to      R2C12D.F0 SLICE_326
ROUTE         1     1.008      R2C12D.F0 to       28.PADDO serial_out_c
DOPAD_DEL   ---     2.797       28.PADDO to         28.PAD serial_out
                  --------
                    9.318   (56.1% logic, 43.9% route), 6 logic levels.

Unconstrained Preference:
   CLOCK_TO_OUT PORT "serial_out" CLKPORT "clk" 

Report:    9.305ns delay SLICE_127 to serial_out

   Name    Fanout   Delay (ns)          Site               Resource
REG_DEL     ---     0.452      R3C9B.CLK to       R3C9B.Q0 SLICE_127 (from clk_c)
ROUTE         1     1.023       R3C9B.Q0 to      R3C11B.B1 observe[137]
CTOF_DEL    ---     0.495      R3C11B.B1 to      R3C11B.F1 SLICE_398
ROUTE         1     0.986      R3C11B.F1 to      R2C11D.A1 serial_out_119
CTOF_DEL    ---     0.495      R2C11D.A1 to      R2C11D.F1 SLICE_328
ROUTE         1     0.436      R2C11D.F1 to      R2C11D.C0 serial_out_158
CTOF_DEL    ---     0.495      R2C11D.C0 to      R2C11D.F0 SLICE_328
ROUTE         1     0.623      R2C11D.F0 to      R2C12D.D0 serial_out_167
CTOF_DEL    ---     0.495      R2C12D.D0 to      R2C12D.F0 SLICE_326
ROUTE         1     1.008      R2C12D.F0 to       28.PADDO serial_out_c
DOPAD_DEL   ---     2.797       28.PADDO to         28.PAD serial_out
                  --------
                    9.305   (56.2% logic, 43.8% route), 6 logic levels.

Unconstrained Preference:
   CLOCK_TO_OUT PORT "serial_out" CLKPORT "clk" 

Report:    9.304ns delay SLICE_334 to serial_out

   Name    Fanout   Delay (ns)          Site               Resource
REG_DEL     ---     0.452     R2C11C.CLK to      R2C11C.Q0 SLICE_334 (from clk_c)
ROUTE         1     1.004      R2C11C.Q0 to      R2C11B.B1 observe[133]
CTOF_DEL    ---     0.495      R2C11B.B1 to      R2C11B.F1 SLICE_335
ROUTE         1     0.436      R2C11B.F1 to      R2C11B.C0 serial_out_118
CTOF_DEL    ---     0.495      R2C11B.C0 to      R2C11B.F0 SLICE_335
ROUTE         1     1.004      R2C11B.F0 to      R2C11D.B0 serial_out_157
CTOF_DEL    ---     0.495      R2C11D.B0 to      R2C11D.F0 SLICE_328
ROUTE         1     0.623      R2C11D.F0 to      R2C12D.D0 serial_out_167
CTOF_DEL    ---     0.495      R2C12D.D0 to      R2C12D.F0 SLICE_326
ROUTE         1     1.008      R2C12D.F0 to       28.PADDO serial_out_c
DOPAD_DEL   ---     2.797       28.PADDO to         28.PAD serial_out
                  --------
                    9.304   (56.2% logic, 43.8% route), 6 logic levels.

Unconstrained Preference:
   CLOCK_TO_OUT PORT "serial_out" CLKPORT "clk" 

Report:    9.268ns delay SLICE_23 to serial_out

   Name    Fanout   Delay (ns)          Site               Resource
REG_DEL     ---     0.452     R2C12B.CLK to      R2C12B.Q1 SLICE_23 (from clk_c)
ROUTE         1     1.450      R2C12B.Q1 to      R3C11D.B1 observe[170]
CTOF_DEL    ---     0.495      R3C11D.B1 to      R3C11D.F1 SLICE_408
ROUTE         1     0.656      R3C11D.F1 to      R3C12B.A1 serial_out_85
CTOF_DEL    ---     0.495      R3C12B.A1 to      R3C12B.F1 SLICE_235
ROUTE         1     1.420      R3C12B.F1 to      R2C12D.B0 serial_out_160
CTOF_DEL    ---     0.495      R2C12D.B0 to      R2C12D.F0 SLICE_326
ROUTE         1     1.008      R2C12D.F0 to       28.PADDO serial_out_c
DOPAD_DEL   ---     2.797       28.PADDO to         28.PAD serial_out
                  --------
                    9.268   (51.1% logic, 48.9% route), 5 logic levels.

Unconstrained Preference:
   CLOCK_TO_OUT PORT "serial_out" CLKPORT "clk" 

Report:    9.234ns delay SLICE_330 to serial_out

   Name    Fanout   Delay (ns)          Site               Resource
REG_DEL     ---     0.452     R2C10D.CLK to      R2C10D.Q0 SLICE_330 (from clk_c)
ROUTE         1     0.747      R2C10D.Q0 to      R2C10B.C1 observe[125]
CTOF_DEL    ---     0.495      R2C10B.C1 to      R2C10B.F1 SLICE_399
ROUTE         1     0.623      R2C10B.F1 to      R2C11B.D0 serial_out_116
CTOF_DEL    ---     0.495      R2C11B.D0 to      R2C11B.F0 SLICE_335
ROUTE         1     1.004      R2C11B.F0 to      R2C11D.B0 serial_out_157
CTOF_DEL    ---     0.495      R2C11D.B0 to      R2C11D.F0 SLICE_328
ROUTE         1     0.623      R2C11D.F0 to      R2C12D.D0 serial_out_167
CTOF_DEL    ---     0.495      R2C12D.D0 to      R2C12D.F0 SLICE_326
ROUTE         1     1.008      R2C12D.F0 to       28.PADDO serial_out_c
DOPAD_DEL   ---     2.797       28.PADDO to         28.PAD serial_out
                  --------
                    9.234   (56.6% logic, 43.4% route), 6 logic levels.

Unconstrained Preference:
   CLOCK_TO_OUT PORT "serial_out" CLKPORT "clk" 

Report:    9.227ns delay SLICE_398 to serial_out

   Name    Fanout   Delay (ns)          Site               Resource
REG_DEL     ---     0.452     R3C11B.CLK to      R3C11B.Q1 SLICE_398 (from clk_c)
ROUTE         1     0.964      R3C11B.Q1 to      R2C11C.A1 observe[114]
CTOF_DEL    ---     0.495      R2C11C.A1 to      R2C11C.F1 SLICE_334
ROUTE         1     0.436      R2C11C.F1 to      R2C11C.C0 serial_out_114
CTOF_DEL    ---     0.495      R2C11C.C0 to      R2C11C.F0 SLICE_334
ROUTE         1     0.967      R2C11C.F0 to      R2C11D.A0 serial_out_156
CTOF_DEL    ---     0.495      R2C11D.A0 to      R2C11D.F0 SLICE_328
ROUTE         1     0.623      R2C11D.F0 to      R2C12D.D0 serial_out_167
CTOF_DEL    ---     0.495      R2C12D.D0 to      R2C12D.F0 SLICE_326
ROUTE         1     1.008      R2C12D.F0 to       28.PADDO serial_out_c
DOPAD_DEL   ---     2.797       28.PADDO to         28.PAD serial_out
                  --------
                    9.227   (56.7% logic, 43.3% route), 6 logic levels.

Unconstrained Preference:
   CLOCK_TO_OUT PORT "serial_out" CLKPORT "clk" 

Report:    9.219ns delay SLICE_29 to serial_out

   Name    Fanout   Delay (ns)          Site               Resource
REG_DEL     ---     0.452     R2C14B.CLK to      R2C14B.Q0 SLICE_29 (from clk_c)
ROUTE         1     1.079      R2C14B.Q0 to      R3C13D.C1 observe[161]
CTOF_DEL    ---     0.495      R3C13D.C1 to      R3C13D.F1 SLICE_395
ROUTE         1     1.962      R3C13D.F1 to      R2C12D.B1 serial_out_125
CTOF_DEL    ---     0.495      R2C12D.B1 to      R2C12D.F1 SLICE_326
ROUTE         1     0.436      R2C12D.F1 to      R2C12D.C0 serial_out_159
CTOF_DEL    ---     0.495      R2C12D.C0 to      R2C12D.F0 SLICE_326
ROUTE         1     1.008      R2C12D.F0 to       28.PADDO serial_out_c
DOPAD_DEL   ---     2.797       28.PADDO to         28.PAD serial_out
                  --------
                    9.219   (51.4% logic, 48.6% route), 5 logic levels.

Unconstrained Preference:
   CLOCK_TO_OUT PORT "serial_out" CLKPORT "clk" 

Report:    9.219ns delay SLICE_37 to serial_out

   Name    Fanout   Delay (ns)          Site               Resource
REG_DEL     ---     0.452     R4C14A.CLK to      R4C14A.Q1 SLICE_37 (from clk_c)
ROUTE         1     0.645      R4C14A.Q1 to      R3C14D.D1 observe[144]
CTOF_DEL    ---     0.495      R3C14D.D1 to      R3C14D.F1 SLICE_397
ROUTE         1     1.278      R3C14D.F1 to      R2C11D.C1 serial_out_121
CTOF_DEL    ---     0.495      R2C11D.C1 to      R2C11D.F1 SLICE_328
ROUTE         1     0.436      R2C11D.F1 to      R2C11D.C0 serial_out_158
CTOF_DEL    ---     0.495      R2C11D.C0 to      R2C11D.F0 SLICE_328
ROUTE         1     0.623      R2C11D.F0 to      R2C12D.D0 serial_out_167
CTOF_DEL    ---     0.495      R2C12D.D0 to      R2C12D.F0 SLICE_326
ROUTE         1     1.008      R2C12D.F0 to       28.PADDO serial_out_c
DOPAD_DEL   ---     2.797       28.PADDO to         28.PAD serial_out
                  --------
                    9.219   (56.7% logic, 43.3% route), 6 logic levels.

Unconstrained Preference:
   CLOCK_TO_OUT PORT "serial_out" CLKPORT "clk" 

Report:    9.117ns delay SLICE_326 to serial_out

   Name    Fanout   Delay (ns)          Site               Resource
REG_DEL     ---     0.452     R2C12D.CLK to      R2C12D.Q0 SLICE_326 (from clk_c)
ROUTE         1     1.299      R2C12D.Q0 to      R3C11D.A1 observe[0]
CTOF_DEL    ---     0.495      R3C11D.A1 to      R3C11D.F1 SLICE_408
ROUTE         1     0.656      R3C11D.F1 to      R3C12B.A1 serial_out_85
CTOF_DEL    ---     0.495      R3C12B.A1 to      R3C12B.F1 SLICE_235
ROUTE         1     1.420      R3C12B.F1 to      R2C12D.B0 serial_out_160
CTOF_DEL    ---     0.495      R2C12D.B0 to      R2C12D.F0 SLICE_326
ROUTE         1     1.008      R2C12D.F0 to       28.PADDO serial_out_c
DOPAD_DEL   ---     2.797       28.PADDO to         28.PAD serial_out
                  --------
                    9.117   (51.9% logic, 48.1% route), 5 logic levels.

Unconstrained Preference:
   CLOCK_TO_OUT PORT "serial_out" CLKPORT "clk" 

Report:    9.095ns delay SLICE_31 to serial_out

   Name    Fanout   Delay (ns)          Site               Resource
REG_DEL     ---     0.452     R2C13A.CLK to      R2C13A.Q0 SLICE_31 (from clk_c)
ROUTE         1     1.336      R2C13A.Q0 to      R2C13D.B1 observe[151]
CTOF_DEL    ---     0.495      R2C13D.B1 to      R2C13D.F1 SLICE_396
ROUTE         1     1.581      R2C13D.F1 to      R2C12D.C1 serial_out_123
CTOF_DEL    ---     0.495      R2C12D.C1 to      R2C12D.F1 SLICE_326
ROUTE         1     0.436      R2C12D.F1 to      R2C12D.C0 serial_out_159
CTOF_DEL    ---     0.495      R2C12D.C0 to      R2C12D.F0 SLICE_326
ROUTE         1     1.008      R2C12D.F0 to       28.PADDO serial_out_c
DOPAD_DEL   ---     2.797       28.PADDO to         28.PAD serial_out
                  --------
                    9.095   (52.1% logic, 47.9% route), 5 logic levels.

Unconstrained Preference:
   CLOCK_TO_OUT PORT "serial_out" CLKPORT "clk" 

Report:    9.048ns delay SLICE_126 to serial_out

   Name    Fanout   Delay (ns)          Site               Resource
REG_DEL     ---     0.452      R3C9A.CLK to       R3C9A.Q1 SLICE_126 (from clk_c)
ROUTE         1     0.766       R3C9A.Q1 to      R3C11B.C1 observe[136]
CTOF_DEL    ---     0.495      R3C11B.C1 to      R3C11B.F1 SLICE_398
ROUTE         1     0.986      R3C11B.F1 to      R2C11D.A1 serial_out_119
CTOF_DEL    ---     0.495      R2C11D.A1 to      R2C11D.F1 SLICE_328
ROUTE         1     0.436      R2C11D.F1 to      R2C11D.C0 serial_out_158
CTOF_DEL    ---     0.495      R2C11D.C0 to      R2C11D.F0 SLICE_328
ROUTE         1     0.623      R2C11D.F0 to      R2C12D.D0 serial_out_167
CTOF_DEL    ---     0.495      R2C12D.D0 to      R2C12D.F0 SLICE_326
ROUTE         1     1.008      R2C12D.F0 to       28.PADDO serial_out_c
DOPAD_DEL   ---     2.797       28.PADDO to         28.PAD serial_out
                  --------
                    9.048   (57.8% logic, 42.2% route), 6 logic levels.

Unconstrained Preference:
   CLOCK_TO_OUT PORT "serial_out" CLKPORT "clk" 

Report:    8.983ns delay SLICE_26 to serial_out

   Name    Fanout   Delay (ns)          Site               Resource
REG_DEL     ---     0.452     R3C13B.CLK to      R3C13B.Q0 SLICE_26 (from clk_c)
ROUTE         1     1.004      R3C13B.Q0 to      R3C13D.B0 observe[165]
CTOF_DEL    ---     0.495      R3C13D.B0 to      R3C13D.F0 SLICE_395
ROUTE         1     1.801      R3C13D.F0 to      R2C12D.A1 serial_out_126
CTOF_DEL    ---     0.495      R2C12D.A1 to      R2C12D.F1 SLICE_326
ROUTE         1     0.436      R2C12D.F1 to      R2C12D.C0 serial_out_159
CTOF_DEL    ---     0.495      R2C12D.C0 to      R2C12D.F0 SLICE_326
ROUTE         1     1.008      R2C12D.F0 to       28.PADDO serial_out_c
DOPAD_DEL   ---     2.797       28.PADDO to         28.PAD serial_out
                  --------
                    8.983   (52.7% logic, 47.3% route), 5 logic levels.

Unconstrained Preference:
   CLOCK_TO_OUT PORT "serial_out" CLKPORT "clk" 

Report:    8.956ns delay SLICE_20 to serial_out

   Name    Fanout   Delay (ns)          Site               Resource
REG_DEL     ---     0.452     R4C13B.CLK to      R4C13B.Q0 SLICE_20 (from clk_c)
ROUTE         1     2.155      R4C13B.Q0 to      R2C13D.D0 observe[157]
CTOF_DEL    ---     0.495      R2C13D.D0 to      R2C13D.F0 SLICE_396
ROUTE         1     0.623      R2C13D.F0 to      R2C12D.D1 serial_out_124
CTOF_DEL    ---     0.495      R2C12D.D1 to      R2C12D.F1 SLICE_326
ROUTE         1     0.436      R2C12D.F1 to      R2C12D.C0 serial_out_159
CTOF_DEL    ---     0.495      R2C12D.C0 to      R2C12D.F0 SLICE_326
ROUTE         1     1.008      R2C12D.F0 to       28.PADDO serial_out_c
DOPAD_DEL   ---     2.797       28.PADDO to         28.PAD serial_out
                  --------
                    8.956   (52.9% logic, 47.1% route), 5 logic levels.

Unconstrained Preference:
   CLOCK_TO_OUT PORT "serial_out" CLKPORT "clk" 

Report:    8.952ns delay SLICE_32 to serial_out

   Name    Fanout   Delay (ns)          Site               Resource
REG_DEL     ---     0.452     R2C13B.CLK to      R2C13B.Q0 SLICE_32 (from clk_c)
ROUTE         1     1.193      R2C13B.Q0 to      R2C13D.C1 observe[153]
CTOF_DEL    ---     0.495      R2C13D.C1 to      R2C13D.F1 SLICE_396
ROUTE         1     1.581      R2C13D.F1 to      R2C12D.C1 serial_out_123
CTOF_DEL    ---     0.495      R2C12D.C1 to      R2C12D.F1 SLICE_326
ROUTE         1     0.436      R2C12D.F1 to      R2C12D.C0 serial_out_159
CTOF_DEL    ---     0.495      R2C12D.C0 to      R2C12D.F0 SLICE_326
ROUTE         1     1.008      R2C12D.F0 to       28.PADDO serial_out_c
DOPAD_DEL   ---     2.797       28.PADDO to         28.PAD serial_out
                  --------
                    8.952   (52.9% logic, 47.1% route), 5 logic levels.

Unconstrained Preference:
   CLOCK_TO_OUT PORT "serial_out" CLKPORT "clk" 

Report:    8.946ns delay SLICE_25 to serial_out

   Name    Fanout   Delay (ns)          Site               Resource
REG_DEL     ---     0.452     R3C13A.CLK to      R3C13A.Q1 SLICE_25 (from clk_c)
ROUTE         1     0.967      R3C13A.Q1 to      R3C13D.A0 observe[164]
CTOF_DEL    ---     0.495      R3C13D.A0 to      R3C13D.F0 SLICE_395
ROUTE         1     1.801      R3C13D.F0 to      R2C12D.A1 serial_out_126
CTOF_DEL    ---     0.495      R2C12D.A1 to      R2C12D.F1 SLICE_326
ROUTE         1     0.436      R2C12D.F1 to      R2C12D.C0 serial_out_159
CTOF_DEL    ---     0.495      R2C12D.C0 to      R2C12D.F0 SLICE_326
ROUTE         1     1.008      R2C12D.F0 to       28.PADDO serial_out_c
DOPAD_DEL   ---     2.797       28.PADDO to         28.PAD serial_out
                  --------
                    8.946   (52.9% logic, 47.1% route), 5 logic levels.

Unconstrained Preference:
   CLOCK_TO_OUT PORT "serial_out" CLKPORT "clk" 

Report:    8.942ns delay SLICE_59 to serial_out

   Name    Fanout   Delay (ns)          Site               Resource
REG_DEL     ---     0.452      R2C8A.CLK to       R2C8A.Q1 SLICE_59 (from clk_c)
ROUTE         1     1.157       R2C8A.Q1 to      R3C11D.D0 observe[2]
CTOF_DEL    ---     0.495      R3C11D.D0 to      R3C11D.F0 SLICE_408
ROUTE         1     0.623      R3C11D.F0 to      R3C12B.D1 serial_out_86
CTOF_DEL    ---     0.495      R3C12B.D1 to      R3C12B.F1 SLICE_235
ROUTE         1     1.420      R3C12B.F1 to      R2C12D.B0 serial_out_160
CTOF_DEL    ---     0.495      R2C12D.B0 to      R2C12D.F0 SLICE_326
ROUTE         1     1.008      R2C12D.F0 to       28.PADDO serial_out_c
DOPAD_DEL   ---     2.797       28.PADDO to         28.PAD serial_out
                  --------
                    8.942   (52.9% logic, 47.1% route), 5 logic levels.

Unconstrained Preference:
   CLOCK_TO_OUT PORT "serial_out" CLKPORT "clk" 

Report:    8.789ns delay SLICE_60 to serial_out

   Name    Fanout   Delay (ns)          Site               Resource
REG_DEL     ---     0.452     R3C11C.CLK to      R3C11C.Q0 SLICE_60 (from clk_c)
ROUTE         1     1.004      R3C11C.Q0 to      R3C11D.B0 observe[3]
CTOF_DEL    ---     0.495      R3C11D.B0 to      R3C11D.F0 SLICE_408
ROUTE         1     0.623      R3C11D.F0 to      R3C12B.D1 serial_out_86
CTOF_DEL    ---     0.495      R3C12B.D1 to      R3C12B.F1 SLICE_235
ROUTE         1     1.420      R3C12B.F1 to      R2C12D.B0 serial_out_160
CTOF_DEL    ---     0.495      R2C12D.B0 to      R2C12D.F0 SLICE_326
ROUTE         1     1.008      R2C12D.F0 to       28.PADDO serial_out_c
DOPAD_DEL   ---     2.797       28.PADDO to         28.PAD serial_out
                  --------
                    8.789   (53.9% logic, 46.1% route), 5 logic levels.

Unconstrained Preference:
   CLOCK_TO_OUT PORT "serial_out" CLKPORT "clk" 

Report:    8.752ns delay SLICE_60 to serial_out

   Name    Fanout   Delay (ns)          Site               Resource
REG_DEL     ---     0.452     R3C11C.CLK to      R3C11C.Q1 SLICE_60 (from clk_c)
ROUTE         1     0.967      R3C11C.Q1 to      R3C11D.A0 observe[4]
CTOF_DEL    ---     0.495      R3C11D.A0 to      R3C11D.F0 SLICE_408
ROUTE         1     0.623      R3C11D.F0 to      R3C12B.D1 serial_out_86
CTOF_DEL    ---     0.495      R3C12B.D1 to      R3C12B.F1 SLICE_235
ROUTE         1     1.420      R3C12B.F1 to      R2C12D.B0 serial_out_160
CTOF_DEL    ---     0.495      R2C12D.B0 to      R2C12D.F0 SLICE_326
ROUTE         1     1.008      R2C12D.F0 to       28.PADDO serial_out_c
DOPAD_DEL   ---     2.797       28.PADDO to         28.PAD serial_out
                  --------
                    8.752   (54.1% logic, 45.9% route), 5 logic levels.

Unconstrained Preference:
   CLOCK_TO_OUT PORT "serial_out" CLKPORT "clk" 

Report:    8.726ns delay SLICE_25 to serial_out

   Name    Fanout   Delay (ns)          Site               Resource
REG_DEL     ---     0.452     R3C13A.CLK to      R3C13A.Q0 SLICE_25 (from clk_c)
ROUTE         1     0.747      R3C13A.Q0 to      R3C13D.C0 observe[163]
CTOF_DEL    ---     0.495      R3C13D.C0 to      R3C13D.F0 SLICE_395
ROUTE         1     1.801      R3C13D.F0 to      R2C12D.A1 serial_out_126
CTOF_DEL    ---     0.495      R2C12D.A1 to      R2C12D.F1 SLICE_326
ROUTE         1     0.436      R2C12D.F1 to      R2C12D.C0 serial_out_159
CTOF_DEL    ---     0.495      R2C12D.C0 to      R2C12D.F0 SLICE_326
ROUTE         1     1.008      R2C12D.F0 to       28.PADDO serial_out_c
DOPAD_DEL   ---     2.797       28.PADDO to         28.PAD serial_out
                  --------
                    8.726   (54.3% logic, 45.7% route), 5 logic levels.

Unconstrained Preference:
   CLOCK_TO_OUT PORT "serial_out" CLKPORT "clk" 

Report:    8.717ns delay SLICE_31 to serial_out

   Name    Fanout   Delay (ns)          Site               Resource
REG_DEL     ---     0.452     R2C13A.CLK to      R2C13A.Q1 SLICE_31 (from clk_c)
ROUTE         1     0.958      R2C13A.Q1 to      R2C13D.D1 observe[152]
CTOF_DEL    ---     0.495      R2C13D.D1 to      R2C13D.F1 SLICE_396
ROUTE         1     1.581      R2C13D.F1 to      R2C12D.C1 serial_out_123
CTOF_DEL    ---     0.495      R2C12D.C1 to      R2C12D.F1 SLICE_326
ROUTE         1     0.436      R2C12D.F1 to      R2C12D.C0 serial_out_159
CTOF_DEL    ---     0.495      R2C12D.C0 to      R2C12D.F0 SLICE_326
ROUTE         1     1.008      R2C12D.F0 to       28.PADDO serial_out_c
DOPAD_DEL   ---     2.797       28.PADDO to         28.PAD serial_out
                  --------
                    8.717   (54.3% logic, 45.7% route), 5 logic levels.

Unconstrained Preference:
   CLOCK_TO_OUT PORT "serial_out" CLKPORT "clk" 

Report:    8.678ns delay SLICE_19 to serial_out

   Name    Fanout   Delay (ns)          Site               Resource
REG_DEL     ---     0.452     R4C13A.CLK to      R4C13A.Q1 SLICE_19 (from clk_c)
ROUTE         1     1.877      R4C13A.Q1 to      R2C13D.B0 observe[156]
CTOF_DEL    ---     0.495      R2C13D.B0 to      R2C13D.F0 SLICE_396
ROUTE         1     0.623      R2C13D.F0 to      R2C12D.D1 serial_out_124
CTOF_DEL    ---     0.495      R2C12D.D1 to      R2C12D.F1 SLICE_326
ROUTE         1     0.436      R2C12D.F1 to      R2C12D.C0 serial_out_159
CTOF_DEL    ---     0.495      R2C12D.C0 to      R2C12D.F0 SLICE_326
ROUTE         1     1.008      R2C12D.F0 to       28.PADDO serial_out_c
DOPAD_DEL   ---     2.797       28.PADDO to         28.PAD serial_out
                  --------
                    8.678   (54.6% logic, 45.4% route), 5 logic levels.

Unconstrained Preference:
   CLOCK_TO_OUT PORT "serial_out" CLKPORT "clk" 

Report:    8.670ns delay SLICE_22 to serial_out

   Name    Fanout   Delay (ns)          Site               Resource
REG_DEL     ---     0.452     R2C12A.CLK to      R2C12A.Q0 SLICE_22 (from clk_c)
ROUTE         1     1.072      R2C12A.Q0 to      R3C12B.D0 observe[167]
CTOF_DEL    ---     0.495      R3C12B.D0 to      R3C12B.F0 SLICE_235
ROUTE         1     0.436      R3C12B.F0 to      R3C12B.C1 serial_out_127
CTOF_DEL    ---     0.495      R3C12B.C1 to      R3C12B.F1 SLICE_235
ROUTE         1     1.420      R3C12B.F1 to      R2C12D.B0 serial_out_160
CTOF_DEL    ---     0.495      R2C12D.B0 to      R2C12D.F0 SLICE_326
ROUTE         1     1.008      R2C12D.F0 to       28.PADDO serial_out_c
DOPAD_DEL   ---     2.797       28.PADDO to         28.PAD serial_out
                  --------
                    8.670   (54.6% logic, 45.4% route), 5 logic levels.

Unconstrained Preference:
   CLOCK_TO_OUT PORT "serial_out" CLKPORT "clk" 

Report:    8.599ns delay SLICE_22 to serial_out

   Name    Fanout   Delay (ns)          Site               Resource
REG_DEL     ---     0.452     R2C12A.CLK to      R2C12A.Q1 SLICE_22 (from clk_c)
ROUTE         1     1.001      R2C12A.Q1 to      R3C12B.B0 observe[168]
CTOF_DEL    ---     0.495      R3C12B.B0 to      R3C12B.F0 SLICE_235
ROUTE         1     0.436      R3C12B.F0 to      R3C12B.C1 serial_out_127
CTOF_DEL    ---     0.495      R3C12B.C1 to      R3C12B.F1 SLICE_235
ROUTE         1     1.420      R3C12B.F1 to      R2C12D.B0 serial_out_160
CTOF_DEL    ---     0.495      R2C12D.B0 to      R2C12D.F0 SLICE_326
ROUTE         1     1.008      R2C12D.F0 to       28.PADDO serial_out_c
DOPAD_DEL   ---     2.797       28.PADDO to         28.PAD serial_out
                  --------
                    8.599   (55.1% logic, 44.9% route), 5 logic levels.

Unconstrained Preference:
   CLOCK_TO_OUT PORT "serial_out" CLKPORT "clk" 

Report:    8.562ns delay SLICE_26 to serial_out

   Name    Fanout   Delay (ns)          Site               Resource
REG_DEL     ---     0.452     R3C13B.CLK to      R3C13B.Q1 SLICE_26 (from clk_c)
ROUTE         1     0.964      R3C13B.Q1 to      R3C12B.A0 observe[166]
CTOF_DEL    ---     0.495      R3C12B.A0 to      R3C12B.F0 SLICE_235
ROUTE         1     0.436      R3C12B.F0 to      R3C12B.C1 serial_out_127
CTOF_DEL    ---     0.495      R3C12B.C1 to      R3C12B.F1 SLICE_235
ROUTE         1     1.420      R3C12B.F1 to      R2C12D.B0 serial_out_160
CTOF_DEL    ---     0.495      R2C12D.B0 to      R2C12D.F0 SLICE_326
ROUTE         1     1.008      R2C12D.F0 to       28.PADDO serial_out_c
DOPAD_DEL   ---     2.797       28.PADDO to         28.PAD serial_out
                  --------
                    8.562   (55.3% logic, 44.7% route), 5 logic levels.

Unconstrained Preference:
   CLOCK_TO_OUT PORT "serial_out" CLKPORT "clk" 

Report:    8.342ns delay SLICE_23 to serial_out

   Name    Fanout   Delay (ns)          Site               Resource
REG_DEL     ---     0.452     R2C12B.CLK to      R2C12B.Q0 SLICE_23 (from clk_c)
ROUTE         1     0.744      R2C12B.Q0 to      R3C12B.C0 observe[169]
CTOF_DEL    ---     0.495      R3C12B.C0 to      R3C12B.F0 SLICE_235
ROUTE         1     0.436      R3C12B.F0 to      R3C12B.C1 serial_out_127
CTOF_DEL    ---     0.495      R3C12B.C1 to      R3C12B.F1 SLICE_235
ROUTE         1     1.420      R3C12B.F1 to      R2C12D.B0 serial_out_160
CTOF_DEL    ---     0.495      R2C12D.B0 to      R2C12D.F0 SLICE_326
ROUTE         1     1.008      R2C12D.F0 to       28.PADDO serial_out_c
DOPAD_DEL   ---     2.797       28.PADDO to         28.PAD serial_out
                  --------
                    8.342   (56.7% logic, 43.3% route), 5 logic levels.

Unconstrained Preference:
   CLOCK_TO_OUT PORT "serial_out" CLKPORT "clk" 

Report:    8.100ns delay SLICE_19 to serial_out

   Name    Fanout   Delay (ns)          Site               Resource
REG_DEL     ---     0.452     R4C13A.CLK to      R4C13A.Q0 SLICE_19 (from clk_c)
ROUTE         1     1.299      R4C13A.Q0 to      R2C13D.A0 observe[155]
CTOF_DEL    ---     0.495      R2C13D.A0 to      R2C13D.F0 SLICE_396
ROUTE         1     0.623      R2C13D.F0 to      R2C12D.D1 serial_out_124
CTOF_DEL    ---     0.495      R2C12D.D1 to      R2C12D.F1 SLICE_326
ROUTE         1     0.436      R2C12D.F1 to      R2C12D.C0 serial_out_159
CTOF_DEL    ---     0.495      R2C12D.C0 to      R2C12D.F0 SLICE_326
ROUTE         1     1.008      R2C12D.F0 to       28.PADDO serial_out_c
DOPAD_DEL   ---     2.797       28.PADDO to         28.PAD serial_out
                  --------
                    8.100   (58.4% logic, 41.6% route), 5 logic levels.

Unconstrained Preference:
   CLOCK_TO_OUT PORT "serial_out" CLKPORT "clk" 

Report:    7.994ns delay SLICE_32 to serial_out

   Name    Fanout   Delay (ns)          Site               Resource
REG_DEL     ---     0.452     R2C13B.CLK to      R2C13B.Q1 SLICE_32 (from clk_c)
ROUTE         1     1.193      R2C13B.Q1 to      R2C13D.C0 observe[154]
CTOF_DEL    ---     0.495      R2C13D.C0 to      R2C13D.F0 SLICE_396
ROUTE         1     0.623      R2C13D.F0 to      R2C12D.D1 serial_out_124
CTOF_DEL    ---     0.495      R2C12D.D1 to      R2C12D.F1 SLICE_326
ROUTE         1     0.436      R2C12D.F1 to      R2C12D.C0 serial_out_159
CTOF_DEL    ---     0.495      R2C12D.C0 to      R2C12D.F0 SLICE_326
ROUTE         1     1.008      R2C12D.F0 to       28.PADDO serial_out_c
DOPAD_DEL   ---     2.797       28.PADDO to         28.PAD serial_out
                  --------
                    7.994   (59.2% logic, 40.8% route), 5 logic levels.


================================================================================
Preference: Unconstrained: MAXDELAY
            0 unconstrained paths found
--------------------------------------------------------------------------------

Report Summary
--------------
----------------------------------------------------------------------------
Preference                              |   Constraint|       Actual|Levels
----------------------------------------------------------------------------
                                        |             |             |
FREQUENCY PORT "clk" 35.000000 MHz ;    |   35.000 MHz|   33.929 MHz|  21 *
                                        |             |             |
----------------------------------------------------------------------------


1 preference(marked by "*" above) not met.

----------------------------------------------------------------------------
Critical Nets                           |   Loads|  Errors| % of total
----------------------------------------------------------------------------
core/engine/seq/next_address_sn_N_34    |      10|    3891|     95.00%
                                        |        |        |
core/engine/un4_retire                  |       2|    3891|     95.00%
                                        |        |        |
uword[26]                               |       5|    3487|     85.13%
                                        |        |        |
core/engine/un6_d                       |       1|    3419|     83.47%
                                        |        |        |
core/engine/d_sn_N_5                    |       8|    3419|     83.47%
                                        |        |        |
core/engine/dp/alu/un1_arithmetic_b_cry_|        |        |
4                                       |       1|    3134|     76.51%
                                        |        |        |
core/engine/dp/alu/un1_arithmetic_b_cry_|        |        |
2                                       |       1|    2832|     69.14%
                                        |        |        |
core/engine/dp/alu/un1_arithmetic_b_cry_|        |        |
6                                       |       1|    2821|     68.87%
                                        |        |        |
core/engine/un25_nzvc_fc                |       3|    2260|     55.18%
                                        |        |        |
core/engine/dp/alu/un1_arithmetic_b_cry_|        |        |
8                                       |       1|    2185|     53.34%
                                        |        |        |
core/engine/dp/alu/un1_arithmetic_b_cry_|        |        |
10                                      |       1|    2037|     49.73%
                                        |        |        |
core/engine/un8_d_axb1                  |      18|    1850|     45.17%
                                        |        |        |
core/engine/dp/alu/nzvc_1_fc_5[2]       |       1|    1836|     44.82%
                                        |        |        |
core/engine/nzvc_1_fc_6[2]              |       3|    1836|     44.82%
                                        |        |        |
core/engine/un6_select_register[1]      |       1|    1767|     43.14%
                                        |        |        |
core/engine/un8_d_axb2                  |      18|    1727|     42.16%
                                        |        |        |
core/engine/dp/alu/un41_nzvc_5          |       1|    1659|     40.50%
                                        |        |        |
core/engine/un6_select_register[2]      |       1|    1591|     38.84%
                                        |        |        |
core/engine/dp/alu/un1_arithmetic_b_cry_|        |        |
11_0_S1                                 |       2|    1088|     26.56%
                                        |        |        |
core/engine/result[12]                  |       6|    1088|     26.56%
                                        |        |        |
core/engine/d[1]                        |       2|    1071|     26.15%
                                        |        |        |
core/engine/next_address[2]             |       5|    1061|     25.90%
                                        |        |        |
core/engine/dp/alu/result_12[12]        |       1|     877|     21.41%
                                        |        |        |
core/engine/dp/alu/un1_arithmetic_b_cry_|        |        |
0                                       |       1|     857|     20.92%
                                        |        |        |
core/engine/d[0]                        |       2|     852|     20.80%
                                        |        |        |
core/engine/next_address[9]             |       5|     782|     19.09%
                                        |        |        |
core/engine/dp/rhs[1]                   |       3|     777|     18.97%
                                        |        |        |
core/engine/dp/alu/un1_arithmetic_b_cry_|        |        |
3_0_S1                                  |       2|     726|     17.72%
                                        |        |        |
core/engine/result[4]                   |       6|     726|     17.72%
                                        |        |        |
core/engine/dp/un1_d[1]                 |       1|     715|     17.46%
                                        |        |        |
core/engine/d[4]                        |       2|     627|     15.31%
                                        |        |        |
core/engine/dp/lhs[1]                   |       8|     611|     14.92%
                                        |        |        |
core/engine/dp/alu/un41_nzvc_4          |       1|     601|     14.67%
                                        |        |        |
core/engine/dp/alu/un1_arithmetic_b_cry_|        |        |
7_0_S0                                  |       3|     596|     14.55%
                                        |        |        |
core/engine/result[7]                   |      10|     596|     14.55%
                                        |        |        |
core/engine/next_address[0]             |       5|     594|     14.50%
                                        |        |        |
core/engine/next_address[1]             |       5|     587|     14.33%
                                        |        |        |
core/engine/dp/rhs[0]                   |       3|     573|     13.99%
                                        |        |        |
core/engine/dp/alu/un1_arithmetic_b_cry_|        |        |
12                                      |       1|     571|     13.94%
                                        |        |        |
core/engine/dp/un1_d[0]                 |       1|     569|     13.89%
                                        |        |        |
core/engine/dp/alu/un1_arithmetic_b_cry_|        |        |
13_0_S1                                 |       2|     468|     11.43%
                                        |        |        |
core/engine/result[14]                  |       6|     468|     11.43%
                                        |        |        |
core/engine/d[2]                        |       2|     467|     11.40%
                                        |        |        |
core/engine/next_address[4]             |       5|     464|     11.33%
                                        |        |        |
core/engine/dp/rhs[2]                   |       3|     461|     11.25%
                                        |        |        |
core/engine/dp/lhs[4]                   |       8|     447|     10.91%
                                        |        |        |
----------------------------------------------------------------------------


Clock Domains Analysis
------------------------

Found 1 clocks:

Clock Domain: clk_c   Source: clk.PAD   Loads: 172
   Covered under: FREQUENCY PORT "clk" 35.000000 MHz ;


--------------------------------------------------------------------------------
                Connections not covered by the preferences
--------------------------------------------------------------------------------

     Delay                        Element                 Net

    1.008ns         SLICE_326.F0 to     serial_out.PADDO serial_out_c
    2.451ns          reset.PADDI to gine/seq/SLICE_1.LSR reset_c
    2.451ns          reset.PADDI to gine/seq/SLICE_2.LSR reset_c
    2.451ns          reset.PADDI to gine/seq/SLICE_3.LSR reset_c
    2.451ns          reset.PADDI to gine/seq/SLICE_4.LSR reset_c
    2.451ns          reset.PADDI to gine/seq/SLICE_5.LSR reset_c
    2.451ns          reset.PADDI to         SLICE_16.LSR reset_c
    2.451ns          reset.PADDI to         SLICE_17.LSR reset_c
    2.451ns          reset.PADDI to         SLICE_19.LSR reset_c
    2.451ns          reset.PADDI to         SLICE_20.LSR reset_c
    2.451ns          reset.PADDI to         SLICE_22.LSR reset_c
    2.451ns          reset.PADDI to         SLICE_23.LSR reset_c
    2.451ns          reset.PADDI to         SLICE_25.LSR reset_c
    2.451ns          reset.PADDI to         SLICE_26.LSR reset_c
    2.451ns          reset.PADDI to         SLICE_28.LSR reset_c
    2.451ns          reset.PADDI to         SLICE_29.LSR reset_c
    2.451ns          reset.PADDI to         SLICE_31.LSR reset_c
    2.451ns          reset.PADDI to         SLICE_32.LSR reset_c
    2.451ns          reset.PADDI to         SLICE_34.LSR reset_c
    2.451ns          reset.PADDI to         SLICE_35.LSR reset_c
    2.451ns          reset.PADDI to         SLICE_37.LSR reset_c
    2.451ns          reset.PADDI to         SLICE_38.LSR reset_c
    2.451ns          reset.PADDI to /engine/SLICE_39.LSR reset_c
    2.451ns          reset.PADDI to ine/seq/SLICE_40.LSR reset_c
    2.451ns          reset.PADDI to ine/seq/SLICE_41.LSR reset_c
    2.451ns          reset.PADDI to         SLICE_59.LSR reset_c
    2.451ns          reset.PADDI to         SLICE_60.LSR reset_c
    2.451ns          reset.PADDI to         SLICE_61.LSR reset_c
    2.451ns          reset.PADDI to         SLICE_62.LSR reset_c
    2.451ns          reset.PADDI to         SLICE_63.LSR reset_c
    2.451ns          reset.PADDI to         SLICE_64.LSR reset_c
    2.451ns          reset.PADDI to         SLICE_65.LSR reset_c
    2.451ns          reset.PADDI to         SLICE_66.LSR reset_c
    2.451ns          reset.PADDI to         SLICE_67.LSR reset_c
    2.451ns          reset.PADDI to         SLICE_68.LSR reset_c
    2.451ns          reset.PADDI to         SLICE_69.LSR reset_c
    2.451ns          reset.PADDI to         SLICE_70.LSR reset_c
    2.451ns          reset.PADDI to        SLICE_126.LSR reset_c
    2.451ns          reset.PADDI to        SLICE_127.LSR reset_c
    2.451ns          reset.PADDI to status/SLICE_128.LSR reset_c
    2.451ns          reset.PADDI to status/SLICE_129.LSR reset_c
    2.451ns          reset.PADDI to engine/SLICE_130.LSR reset_c
    2.451ns          reset.PADDI to engine/SLICE_131.LSR reset_c
    2.451ns          reset.PADDI to engine/SLICE_132.LSR reset_c
    2.451ns          reset.PADDI to engine/SLICE_133.LSR reset_c
    2.451ns          reset.PADDI to engine/SLICE_134.LSR reset_c
    2.451ns          reset.PADDI to engine/SLICE_135.LSR reset_c
    2.451ns          reset.PADDI to engine/SLICE_136.LSR reset_c
    2.451ns          reset.PADDI to engine/SLICE_137.LSR reset_c
    2.451ns          reset.PADDI to engine/SLICE_138.LSR reset_c
    2.451ns          reset.PADDI to engine/SLICE_139.LSR reset_c
    2.451ns          reset.PADDI to engine/SLICE_140.LSR reset_c
    2.451ns          reset.PADDI to engine/SLICE_141.LSR reset_c
    2.451ns          reset.PADDI to ine/dp/SLICE_142.LSR reset_c
    2.451ns          reset.PADDI to ine/dp/SLICE_143.LSR reset_c
    2.451ns          reset.PADDI to ine/dp/SLICE_144.LSR reset_c
    2.451ns          reset.PADDI to ine/dp/SLICE_145.LSR reset_c
    2.451ns          reset.PADDI to ine/dp/SLICE_146.LSR reset_c
    2.451ns          reset.PADDI to ine/dp/SLICE_147.LSR reset_c
    2.451ns          reset.PADDI to ine/dp/SLICE_148.LSR reset_c
    2.451ns          reset.PADDI to ine/dp/SLICE_149.LSR reset_c
    2.451ns          reset.PADDI to        SLICE_154.LSR reset_c
    2.451ns          reset.PADDI to        SLICE_155.LSR reset_c
    2.451ns          reset.PADDI to        SLICE_156.LSR reset_c
    2.451ns          reset.PADDI to        SLICE_157.LSR reset_c
    2.451ns          reset.PADDI to        SLICE_158.LSR reset_c
    2.451ns          reset.PADDI to        SLICE_159.LSR reset_c
    2.451ns          reset.PADDI to ne/seq/SLICE_160.LSR reset_c
    2.451ns          reset.PADDI to ne/seq/SLICE_161.LSR reset_c
    2.451ns          reset.PADDI to ne/seq/SLICE_162.LSR reset_c
    2.451ns          reset.PADDI to ne/seq/SLICE_163.LSR reset_c
    2.451ns          reset.PADDI to ne/seq/SLICE_164.LSR reset_c
    3.423ns          reset.PADDI to ine/seq/SLICE_165.B0 reset_c
    2.451ns          reset.PADDI to ne/seq/SLICE_165.LSR reset_c
    2.451ns          reset.PADDI to ne/seq/SLICE_166.LSR reset_c
    2.451ns          reset.PADDI to ne/seq/SLICE_167.LSR reset_c
    2.451ns          reset.PADDI to ne/seq/SLICE_168.LSR reset_c
    2.451ns          reset.PADDI to ne/seq/SLICE_169.LSR reset_c
    2.451ns          reset.PADDI to engine/SLICE_218.LSR reset_c
    2.451ns          reset.PADDI to engine/SLICE_219.LSR reset_c
    2.451ns          reset.PADDI to engine/SLICE_220.LSR reset_c
    3.728ns          reset.PADDI to /engine/SLICE_223.A0 reset_c
    3.728ns          reset.PADDI to /engine/SLICE_223.A1 reset_c
    2.451ns          reset.PADDI to engine/SLICE_224.LSR reset_c
    2.451ns          reset.PADDI to        SLICE_225.LSR reset_c
    2.451ns          reset.PADDI to        SLICE_226.LSR reset_c
    2.451ns          reset.PADDI to        SLICE_227.LSR reset_c
    2.451ns          reset.PADDI to        SLICE_228.LSR reset_c
    2.451ns          reset.PADDI to engine/SLICE_229.LSR reset_c
    2.451ns          reset.PADDI to        SLICE_230.LSR reset_c
    2.451ns          reset.PADDI to        SLICE_231.LSR reset_c
    2.451ns          reset.PADDI to        SLICE_232.LSR reset_c
    2.451ns          reset.PADDI to        SLICE_233.LSR reset_c
    2.451ns          reset.PADDI to        SLICE_234.LSR reset_c
    2.451ns          reset.PADDI to        SLICE_235.LSR reset_c
    2.451ns          reset.PADDI to engine/SLICE_236.LSR reset_c
    2.451ns          reset.PADDI to engine/SLICE_237.LSR reset_c
    3.807ns          reset.PADDI to ine/seq/SLICE_238.D1 reset_c
    2.451ns          reset.PADDI to engine/SLICE_248.LSR reset_c
    2.451ns          reset.PADDI to engine/SLICE_252.LSR reset_c
    2.451ns          reset.PADDI to        SLICE_258.LSR reset_c
    2.451ns          reset.PADDI to        SLICE_313.LSR reset_c
    2.451ns          reset.PADDI to        SLICE_314.LSR reset_c
    2.451ns          reset.PADDI to        SLICE_315.LSR reset_c
    2.451ns          reset.PADDI to        SLICE_316.LSR reset_c
    2.451ns          reset.PADDI to        SLICE_317.LSR reset_c
    2.451ns          reset.PADDI to        SLICE_318.LSR reset_c
    2.451ns          reset.PADDI to        SLICE_319.LSR reset_c
    2.451ns          reset.PADDI to        SLICE_320.LSR reset_c
    2.451ns          reset.PADDI to engine/SLICE_321.LSR reset_c
    2.451ns          reset.PADDI to        SLICE_322.LSR reset_c
    2.451ns          reset.PADDI to        SLICE_323.LSR reset_c
    2.451ns          reset.PADDI to        SLICE_324.LSR reset_c
    2.451ns          reset.PADDI to        SLICE_325.LSR reset_c
    2.451ns          reset.PADDI to        SLICE_326.LSR reset_c
    2.451ns          reset.PADDI to        SLICE_327.LSR reset_c
    2.451ns          reset.PADDI to        SLICE_328.LSR reset_c
    2.451ns          reset.PADDI to        SLICE_329.LSR reset_c
    2.451ns          reset.PADDI to        SLICE_330.LSR reset_c
    2.451ns          reset.PADDI to        SLICE_331.LSR reset_c
    2.451ns          reset.PADDI to        SLICE_332.LSR reset_c
    2.451ns          reset.PADDI to        SLICE_333.LSR reset_c
    2.451ns          reset.PADDI to        SLICE_334.LSR reset_c
    2.451ns          reset.PADDI to        SLICE_335.LSR reset_c
    2.451ns          reset.PADDI to engine/SLICE_336.LSR reset_c
    2.451ns          reset.PADDI to        SLICE_356.LSR reset_c
    2.451ns          reset.PADDI to        SLICE_357.LSR reset_c
    2.451ns          reset.PADDI to        SLICE_358.LSR reset_c
    2.451ns          reset.PADDI to        SLICE_359.LSR reset_c
    2.451ns          reset.PADDI to engine/SLICE_360.LSR reset_c
    2.451ns          reset.PADDI to        SLICE_366.LSR reset_c
    3.386ns          reset.PADDI to /engine/SLICE_379.A0 reset_c
    3.386ns          reset.PADDI to /engine/SLICE_379.A1 reset_c
    2.451ns          reset.PADDI to engine/SLICE_381.LSR reset_c
    3.045ns          reset.PADDI to /engine/SLICE_382.D0 reset_c
    2.451ns          reset.PADDI to engine/SLICE_382.LSR reset_c
    2.451ns          reset.PADDI to engine/SLICE_385.LSR reset_c
    2.451ns          reset.PADDI to engine/SLICE_389.LSR reset_c
    2.451ns          reset.PADDI to        SLICE_390.LSR reset_c
    2.451ns          reset.PADDI to        SLICE_391.LSR reset_c
    2.451ns          reset.PADDI to        SLICE_392.LSR reset_c
    2.451ns          reset.PADDI to        SLICE_393.LSR reset_c
    2.451ns          reset.PADDI to        SLICE_394.LSR reset_c
    2.451ns          reset.PADDI to        SLICE_395.LSR reset_c
    2.451ns          reset.PADDI to        SLICE_396.LSR reset_c
    2.451ns          reset.PADDI to        SLICE_397.LSR reset_c
    2.451ns          reset.PADDI to        SLICE_398.LSR reset_c
    2.451ns          reset.PADDI to        SLICE_399.LSR reset_c
    2.451ns          reset.PADDI to        SLICE_400.LSR reset_c
    2.451ns          reset.PADDI to        SLICE_401.LSR reset_c
    2.451ns          reset.PADDI to        SLICE_402.LSR reset_c
    2.451ns          reset.PADDI to        SLICE_403.LSR reset_c
    2.451ns          reset.PADDI to        SLICE_404.LSR reset_c
    2.451ns          reset.PADDI to        SLICE_405.LSR reset_c
    2.451ns          reset.PADDI to        SLICE_406.LSR reset_c
    2.451ns          reset.PADDI to        SLICE_407.LSR reset_c
    2.451ns          reset.PADDI to        SLICE_408.LSR reset_c
    2.451ns          reset.PADDI to        SLICE_409.LSR reset_c
    2.590ns          reset.PADDI to  serial_in_MGIOL.LSR reset_c
    1.450ns          SLICE_23.Q1 to         SLICE_408.B1 observe[170]
    0.384ns      serial_in.PADDI to   serial_in_MGIOL.DI serial_in_c
    0.964ns          SLICE_26.Q1 to         SLICE_235.A0 observe[166]
    1.072ns          SLICE_22.Q0 to         SLICE_235.D0 observe[167]
    1.001ns          SLICE_22.Q1 to         SLICE_235.B0 observe[168]
    0.744ns          SLICE_23.Q0 to         SLICE_235.C0 observe[169]
    0.436ns         SLICE_235.F0 to         SLICE_235.C1 serial_out_127
    1.299ns         SLICE_326.Q0 to         SLICE_408.A1 observe[0]
    1.581ns          SLICE_59.Q0 to         SLICE_408.C1 observe[1]
    1.157ns          SLICE_59.Q1 to         SLICE_408.D0 observe[2]
    1.004ns          SLICE_60.Q0 to         SLICE_408.B0 observe[3]
    0.967ns          SLICE_60.Q1 to         SLICE_408.A0 observe[4]
    2.605ns          SLICE_61.Q0 to         SLICE_408.C0 observe[5]
    1.857ns          SLICE_61.Q1 to         SLICE_157.D0 observe[6]
    2.204ns          SLICE_62.Q0 to         SLICE_157.C0 observe[7]
    1.535ns          SLICE_62.Q1 to         SLICE_157.B0 observe[8]
    1.840ns          SLICE_63.Q0 to         SLICE_157.A0 observe[9]
    1.042ns          SLICE_63.Q1 to         SLICE_407.D1 observe[10]
    0.747ns          SLICE_64.Q0 to         SLICE_407.C1 observe[11]
    1.004ns          SLICE_64.Q1 to         SLICE_407.B1 observe[12]
    0.967ns          SLICE_65.Q0 to         SLICE_407.A1 observe[13]
    1.004ns          SLICE_65.Q1 to         SLICE_407.B0 observe[14]
    0.964ns          SLICE_66.Q0 to         SLICE_407.A0 observe[15]
    0.766ns          SLICE_66.Q1 to         SLICE_407.C0 observe[16]
    0.626ns          SLICE_67.Q0 to         SLICE_407.D0 observe[17]
    1.450ns          SLICE_67.Q1 to         SLICE_329.B1 observe[18]
    2.228ns          SLICE_68.Q0 to         SLICE_329.A1 observe[19]
    1.157ns          SLICE_68.Q1 to         SLICE_329.D1 observe[20]
    0.766ns          SLICE_69.Q0 to         SLICE_329.C1 observe[21]
    0.623ns          SLICE_69.Q1 to         SLICE_157.D1 observe[22]
    2.359ns          SLICE_70.Q0 to         SLICE_157.B1 observe[23]
    1.498ns          SLICE_70.Q1 to         SLICE_157.A1 observe[24]
    1.079ns         SLICE_335.Q0 to         SLICE_157.C1 observe[25]
    0.626ns         SLICE_335.Q1 to         SLICE_406.D1 observe[26]
    2.190ns         SLICE_327.Q0 to         SLICE_406.B1 observe[27]
    1.079ns         SLICE_327.Q1 to         SLICE_406.C1 observe[28]
    0.967ns         SLICE_328.Q0 to         SLICE_406.A1 observe[29]
    1.079ns         SLICE_328.Q1 to         SLICE_406.C0 observe[30]
    1.535ns         SLICE_408.Q0 to         SLICE_406.B0 observe[31]
    0.623ns         SLICE_408.Q1 to         SLICE_406.D0 observe[32]
    1.801ns         SLICE_407.Q0 to         SLICE_406.A0 observe[33]
    2.204ns         SLICE_407.Q1 to         SLICE_330.C1 observe[34]
    0.964ns         SLICE_406.Q0 to         SLICE_330.A1 observe[35]
    0.623ns         SLICE_406.Q1 to         SLICE_330.D1 observe[36]
    2.465ns         SLICE_405.Q0 to         SLICE_330.B1 observe[37]
    0.967ns         SLICE_405.Q1 to         SLICE_156.A0 observe[38]
    1.554ns         SLICE_159.Q1 to         SLICE_156.D0 observe[39]
    1.962ns         SLICE_232.Q0 to         SLICE_156.B0 observe[40]
    1.705ns         SLICE_232.Q1 to         SLICE_156.C0 observe[41]
    2.352ns         SLICE_322.Q0 to         SLICE_405.A1 observe[42]
    0.645ns         SLICE_322.Q1 to         SLICE_405.D1 observe[43]
    1.278ns         SLICE_233.Q0 to         SLICE_405.C1 observe[44]
    2.030ns         SLICE_233.Q1 to         SLICE_405.B1 observe[45]
    0.986ns         SLICE_394.Q0 to         SLICE_405.A0 observe[46]
    0.744ns         SLICE_394.Q1 to         SLICE_405.C0 observe[47]
    2.359ns         SLICE_234.Q0 to         SLICE_405.B0 observe[48]
    0.958ns         SLICE_234.Q1 to         SLICE_405.D0 observe[49]
    1.962ns         SLICE_409.Q0 to         SLICE_331.B1 observe[50]
    1.193ns         SLICE_409.Q1 to         SLICE_331.C1 observe[51]
    0.626ns         SLICE_324.Q0 to         SLICE_331.D1 observe[52]
    0.967ns         SLICE_324.Q1 to         SLICE_331.A1 observe[53]
    2.228ns         SLICE_323.Q0 to         SLICE_156.A1 observe[54]
    1.023ns         SLICE_323.Q1 to         SLICE_156.B1 observe[55]
    1.506ns         SLICE_325.Q0 to         SLICE_156.C1 observe[56]
    1.157ns         SLICE_325.Q1 to         SLICE_156.D1 observe[57]
    2.617ns         SLICE_231.Q0 to         SLICE_404.B1 observe[58]
    2.047ns         SLICE_231.Q1 to         SLICE_404.C1 observe[59]
    0.626ns         SLICE_230.Q0 to         SLICE_404.D1 observe[60]
    0.967ns         SLICE_230.Q1 to         SLICE_404.A1 observe[61]
    1.460ns         SLICE_358.Q0 to         SLICE_404.D0 observe[62]
    1.581ns         SLICE_358.Q1 to         SLICE_404.C0 observe[63]
    1.420ns         SLICE_359.Q0 to         SLICE_404.B0 observe[64]
    0.986ns         SLICE_359.Q1 to         SLICE_404.A0 observe[65]
    2.265ns         SLICE_391.Q0 to         SLICE_332.B1 observe[66]
    1.498ns         SLICE_391.Q1 to         SLICE_332.A1 observe[67]
    1.896ns         SLICE_392.Q0 to         SLICE_332.D1 observe[68]
    0.766ns         SLICE_392.Q1 to         SLICE_332.C1 observe[69]
    0.744ns         SLICE_393.Q0 to         SLICE_403.C1 observe[70]
    1.001ns         SLICE_393.Q1 to         SLICE_403.B1 observe[71]
    0.967ns         SLICE_390.Q0 to         SLICE_403.A1 observe[72]
    0.626ns         SLICE_390.Q1 to         SLICE_403.D1 observe[73]
    1.916ns         SLICE_356.Q0 to         SLICE_403.A0 observe[74]
    0.626ns         SLICE_356.Q1 to         SLICE_403.D0 observe[75]
    0.747ns         SLICE_357.Q0 to         SLICE_403.C0 observe[76]
    1.004ns         SLICE_357.Q1 to         SLICE_403.B0 observe[77]
    0.623ns         SLICE_316.Q0 to         SLICE_402.D1 observe[78]
    1.838ns         SLICE_316.Q1 to         SLICE_402.B1 observe[79]
    1.299ns         SLICE_317.Q0 to         SLICE_402.A1 observe[80]
    1.620ns         SLICE_317.Q1 to         SLICE_402.C1 observe[81]
    1.763ns         SLICE_228.Q0 to         SLICE_402.B0 observe[82]
    1.278ns         SLICE_228.Q1 to         SLICE_402.C0 observe[83]
    0.645ns         SLICE_318.Q0 to         SLICE_402.D0 observe[84]
    0.964ns         SLICE_318.Q1 to         SLICE_402.A0 observe[85]
    1.163ns         SLICE_319.Q0 to         SLICE_155.C0 observe[86]
    1.420ns         SLICE_319.Q1 to         SLICE_155.B0 observe[87]
    0.964ns         SLICE_320.Q0 to         SLICE_155.A0 observe[88]
    0.623ns         SLICE_320.Q1 to         SLICE_155.D0 observe[89]
    1.163ns         SLICE_226.Q0 to         SLICE_401.C1 observe[90]
    1.460ns         SLICE_226.Q1 to         SLICE_401.D1 observe[91]
    1.004ns         SLICE_225.Q0 to         SLICE_401.B1 observe[92]
    0.967ns         SLICE_225.Q1 to         SLICE_401.A1 observe[93]
    1.460ns         SLICE_313.Q0 to         SLICE_401.D0 observe[94]
    0.986ns         SLICE_313.Q1 to         SLICE_401.A0 observe[95]
    0.766ns         SLICE_314.Q0 to         SLICE_401.C0 observe[96]
    1.962ns         SLICE_314.Q1 to         SLICE_401.B0 observe[97]
    1.072ns         SLICE_227.Q0 to         SLICE_333.D1 observe[98]
    1.079ns         SLICE_227.Q1 to         SLICE_333.C1 observe[99]
    1.498ns         SLICE_326.Q1 to         SLICE_333.A1 observe[100]
    1.535ns         SLICE_404.Q0 to         SLICE_333.B1 observe[101]
    2.237ns         SLICE_404.Q1 to         SLICE_155.A1 observe[102]
    1.336ns         SLICE_403.Q0 to         SLICE_155.B1 observe[103]
    1.278ns         SLICE_403.Q1 to         SLICE_155.C1 observe[104]
    0.626ns         SLICE_402.Q0 to         SLICE_155.D1 observe[105]
    1.840ns         SLICE_402.Q1 to         SLICE_400.A1 observe[106]
    1.838ns         SLICE_401.Q0 to         SLICE_400.B1 observe[107]
    1.278ns         SLICE_401.Q1 to         SLICE_400.C1 observe[108]
    0.626ns         SLICE_400.Q0 to         SLICE_400.D1 observe[109]
    0.747ns         SLICE_400.Q1 to         SLICE_400.C0 observe[110]
    1.072ns         SLICE_399.Q0 to         SLICE_400.D0 observe[111]
    1.299ns         SLICE_399.Q1 to         SLICE_400.A0 observe[112]
    1.450ns         SLICE_398.Q0 to         SLICE_400.B0 observe[113]
    0.964ns         SLICE_398.Q1 to         SLICE_334.A1 observe[114]
    2.265ns         SLICE_397.Q0 to         SLICE_334.B1 observe[115]
    1.777ns         SLICE_397.Q1 to         SLICE_334.C1 observe[116]
    1.499ns         SLICE_396.Q0 to         SLICE_334.D1 observe[117]
    1.499ns         SLICE_396.Q1 to         SLICE_154.D0 observe[118]
    1.163ns         SLICE_395.Q0 to         SLICE_154.C0 observe[119]
    1.838ns         SLICE_395.Q1 to         SLICE_154.B0 observe[120]
    0.967ns         SLICE_235.Q0 to         SLICE_154.A0 observe[121]
    1.981ns         SLICE_235.Q1 to         SLICE_399.D1 observe[122]
    1.847ns         SLICE_329.Q0 to         SLICE_399.B1 observe[123]
    1.925ns         SLICE_329.Q1 to         SLICE_399.A1 observe[124]
    0.747ns         SLICE_330.Q0 to         SLICE_399.C1 observe[125]
    0.958ns         SLICE_330.Q1 to         SLICE_399.D0 observe[126]
    2.198ns         SLICE_331.Q0 to         SLICE_399.A0 observe[127]
    1.705ns         SLICE_331.Q1 to         SLICE_399.C0 observe[128]
    1.763ns         SLICE_332.Q0 to         SLICE_399.B0 observe[129]
    1.887ns         SLICE_332.Q1 to         SLICE_335.D1 observe[130]
    1.801ns         SLICE_333.Q0 to         SLICE_335.A1 observe[131]
    1.079ns         SLICE_333.Q1 to         SLICE_335.C1 observe[132]
    1.004ns         SLICE_334.Q0 to         SLICE_335.B1 observe[133]
    1.383ns         SLICE_334.Q1 to         SLICE_398.A1 observe[134]
    1.460ns         SLICE_126.Q0 to         SLICE_398.D1 observe[135]
    0.766ns         SLICE_126.Q1 to         SLICE_398.C1 observe[136]
    1.023ns         SLICE_127.Q0 to         SLICE_398.B1 observe[137]
    1.476ns         SLICE_127.Q1 to         SLICE_398.C0 observe[138]
    2.821ns          SLICE_16.Q0 to         SLICE_398.A0 observe[139]
    1.336ns          SLICE_16.Q1 to         SLICE_398.B0 observe[140]
    0.958ns          SLICE_17.Q0 to         SLICE_398.D0 observe[141]
    1.895ns          SLICE_17.Q1 to         SLICE_397.A1 observe[142]
    1.838ns          SLICE_37.Q0 to         SLICE_397.B1 observe[143]
    0.645ns          SLICE_37.Q1 to         SLICE_397.D1 observe[144]
    0.744ns          SLICE_38.Q0 to         SLICE_397.C1 observe[145]
    1.001ns          SLICE_38.Q1 to         SLICE_397.B0 observe[146]
    0.967ns          SLICE_34.Q0 to         SLICE_397.A0 observe[147]
    0.626ns          SLICE_34.Q1 to         SLICE_397.D0 observe[148]
    0.747ns          SLICE_35.Q0 to         SLICE_397.C0 observe[149]
    1.810ns          SLICE_35.Q1 to         SLICE_396.A1 observe[150]
    1.336ns          SLICE_31.Q0 to         SLICE_396.B1 observe[151]
    0.958ns          SLICE_31.Q1 to         SLICE_396.D1 observe[152]
    1.193ns          SLICE_32.Q0 to         SLICE_396.C1 observe[153]
    1.193ns          SLICE_32.Q1 to         SLICE_396.C0 observe[154]
    1.299ns          SLICE_19.Q0 to         SLICE_396.A0 observe[155]
    1.877ns          SLICE_19.Q1 to         SLICE_396.B0 observe[156]
    2.155ns          SLICE_20.Q0 to         SLICE_396.D0 observe[157]
    1.965ns          SLICE_20.Q1 to         SLICE_395.B1 observe[158]
    1.469ns          SLICE_28.Q0 to         SLICE_395.D1 observe[159]
    1.726ns          SLICE_28.Q1 to         SLICE_395.A1 observe[160]
    1.079ns          SLICE_29.Q0 to         SLICE_395.C1 observe[161]
    1.385ns          SLICE_29.Q1 to         SLICE_395.D0 observe[162]
    0.747ns          SLICE_25.Q0 to         SLICE_395.C0 observe[163]
    0.967ns          SLICE_25.Q1 to         SLICE_395.A0 observe[164]
    1.004ns          SLICE_26.Q0 to         SLICE_395.B0 observe[165]
    0.436ns         SLICE_326.F1 to         SLICE_326.C0 serial_out_159
    1.420ns         SLICE_235.F1 to         SLICE_326.B0 serial_out_160
    1.801ns         SLICE_327.F0 to         SLICE_326.A0 serial_out_166
    0.623ns         SLICE_328.F0 to         SLICE_326.D0 serial_out_167
    1.696ns         SLICE_330.F0 to         SLICE_327.A0 serial_out_151
    1.385ns         SLICE_331.F0 to         SLICE_327.D0 serial_out_152
    1.336ns         SLICE_332.F0 to         SLICE_327.B0 serial_out_153
    0.436ns         SLICE_327.F1 to         SLICE_327.C0 serial_out_154
    0.958ns         SLICE_333.F0 to         SLICE_328.D0 serial_out_155
    0.967ns         SLICE_334.F0 to         SLICE_328.A0 serial_out_156
    1.004ns         SLICE_335.F0 to         SLICE_328.B0 serial_out_157
    0.436ns         SLICE_328.F1 to         SLICE_328.C0 serial_out_158
    0.656ns         SLICE_408.F1 to         SLICE_235.A1 serial_out_85
    0.623ns         SLICE_408.F0 to         SLICE_235.D1 serial_out_86
    0.693ns         SLICE_329.F0 to         SLICE_235.B1 serial_out_150
    1.004ns         SLICE_157.F0 to         SLICE_329.B0 serial_out_87
    1.460ns         SLICE_407.F1 to         SLICE_329.D0 serial_out_88
    1.413ns         SLICE_407.F0 to         SLICE_329.A0 serial_out_89
    0.436ns         SLICE_329.F1 to         SLICE_329.C0 serial_out_90
    1.810ns         SLICE_157.F1 to         SLICE_330.A0 serial_out_91
    0.315ns         SLICE_406.F1 to         SLICE_330.D0 serial_out_92
    0.693ns         SLICE_406.F0 to         SLICE_330.B0 serial_out_93
    0.436ns         SLICE_330.F1 to         SLICE_330.C0 serial_out_94
    1.383ns         SLICE_156.F0 to         SLICE_331.A0 serial_out_95
    1.042ns         SLICE_405.F1 to         SLICE_331.D0 serial_out_96
    1.001ns         SLICE_405.F0 to         SLICE_331.B0 serial_out_97
    0.436ns         SLICE_331.F1 to         SLICE_331.C0 serial_out_98
    2.300ns         SLICE_156.F1 to         SLICE_332.A0 serial_out_99
    0.315ns         SLICE_404.F1 to         SLICE_332.D0 serial_out_100
    0.436ns         SLICE_404.F0 to         SLICE_332.C0 serial_out_101
    0.693ns         SLICE_332.F1 to         SLICE_332.B0 serial_out_102
    1.023ns         SLICE_403.F1 to         SLICE_327.B1 serial_out_103
    0.964ns         SLICE_403.F0 to         SLICE_327.A1 serial_out_104
    1.460ns         SLICE_402.F1 to         SLICE_327.D1 serial_out_105
    0.766ns         SLICE_402.F0 to         SLICE_327.C1 serial_out_106
    0.958ns         SLICE_155.F0 to         SLICE_333.D0 serial_out_107
    1.299ns         SLICE_401.F1 to         SLICE_333.A0 serial_out_108
    1.336ns         SLICE_401.F0 to         SLICE_333.B0 serial_out_109
    0.436ns         SLICE_333.F1 to         SLICE_333.C0 serial_out_110
    1.962ns         SLICE_155.F1 to         SLICE_334.B0 serial_out_111
    0.986ns         SLICE_400.F1 to         SLICE_334.A0 serial_out_112
    1.157ns         SLICE_400.F0 to         SLICE_334.D0 serial_out_113
    0.436ns         SLICE_334.F1 to         SLICE_334.C0 serial_out_114
    1.336ns         SLICE_154.F0 to         SLICE_335.B0 serial_out_115
    0.623ns         SLICE_399.F1 to         SLICE_335.D0 serial_out_116
    0.964ns         SLICE_399.F0 to         SLICE_335.A0 serial_out_117
    0.436ns         SLICE_335.F1 to         SLICE_335.C0 serial_out_118
    0.986ns         SLICE_398.F1 to         SLICE_328.A1 serial_out_119
    1.460ns         SLICE_398.F0 to         SLICE_328.D1 serial_out_120
    1.278ns         SLICE_397.F1 to         SLICE_328.C1 serial_out_121
    2.337ns         SLICE_397.F0 to         SLICE_328.B1 serial_out_122
    1.581ns         SLICE_396.F1 to         SLICE_326.C1 serial_out_123
    0.623ns         SLICE_396.F0 to         SLICE_326.D1 serial_out_124
    1.962ns         SLICE_395.F1 to         SLICE_326.B1 serial_out_125
    1.801ns         SLICE_395.F0 to         SLICE_326.A1 serial_out_126

--------------------------------------------------------------------------------


Timing summary (Setup):
---------------

Timing errors: 4096  Score: 803244
Cumulative negative slack: 803244

Constraints cover 5754949 paths, 1 nets, and 2942 connections (88.37% coverage)

--------------------------------------------------------------------------------
Lattice TRACE Report - Hold, Version Diamond (64-bit) 3.14.0.75.2
Wed Sep  9 01:37:13 2026

Copyright (c) 1991-1994 by NeoCAD Inc. All rights reserved.
Copyright (c) 1995 AT&T Corp.   All rights reserved.
Copyright (c) 1995-2001 Lucent Technologies Inc.  All rights reserved.
Copyright (c) 2001 Agere Systems   All rights reserved.
Copyright (c) 2002-2024 Lattice Semiconductor Corporation,  All rights reserved.

Report Information
------------------
Command line:    trce -v 10 -c -u 0 -gt -sethld -sp 4 -sphld m -o cp11c_impl1.twr cp11c_impl1.ncd cp11c_impl1.prf 
Design file:     cp11c_impl1.ncd
Preference file: cp11c_impl1.prf
Device,speed:    LCMXO2-1200HC,m
Report level:    verbose report, limited to 10 items per preference
--------------------------------------------------------------------------------

BLOCK ASYNCPATHS
BLOCK RESETPATHS
--------------------------------------------------------------------------------



================================================================================
Preference: FREQUENCY PORT "clk" 35.000000 MHz ;
            4096 items scored, 0 timing errors detected.
--------------------------------------------------------------------------------


Passed: The following path meets requirements by 0.291ns

 Logical Details:  Cell type  Pin type       Cell/ASIC name  (clock net +/-)

   Source:         Sync_RAM   Q              core/engine/dp/rf/words_1_ram/RAM0  (from clk_c +)
   Destination:    FF         Data in        observe[139]  (to clk_c +)

   Delay:               0.278ns  (99.3% logic, 0.7% route), 1 logic levels.

 Constraint Details:

      0.278ns physical path delay SLICE_16 to SLICE_16 meets
     -0.013ns DIN_HLD and
      0.000ns delay constraint less
      0.000ns skew requirement (totaling -0.013ns) by 0.291ns

 Physical Path Details:

      Data path SLICE_16 to SLICE_16:

   Name    Fanout   Delay (ns)          Site               Resource
CLKTOF_DEL  ---     0.276     R4C12A.WCK to      R4C12A.F0 SLICE_16 (from clk_c)
ROUTE         3     0.002      R4C12A.F0 to     R4C12A.DI0 data[0] (to clk_c)
                  --------
                    0.278   (99.3% logic, 0.7% route), 1 logic levels.

 Clock Skew Details: 

      Source Clock Path clk to SLICE_16:

   Name    Fanout   Delay (ns)          Site               Resource
ROUTE       172     0.765       13.PADDI to     R4C12A.WCK clk_c
                  --------
                    0.765   (0.0% logic, 100.0% route), 0 logic levels.

      Destination Clock Path clk to SLICE_16:

   Name    Fanout   Delay (ns)          Site               Resource
ROUTE       172     0.765       13.PADDI to     R4C12A.CLK clk_c
                  --------
                    0.765   (0.0% logic, 100.0% route), 0 logic levels.


Passed: The following path meets requirements by 0.291ns

 Logical Details:  Cell type  Pin type       Cell/ASIC name  (clock net +/-)

   Source:         Sync_RAM   Q              core/engine/dp/rf/words_1_ram/RAM1  (from clk_c +)
   Destination:    FF         Data in        observe[141]  (to clk_c +)

   Delay:               0.278ns  (99.3% logic, 0.7% route), 1 logic levels.

 Constraint Details:

      0.278ns physical path delay SLICE_17 to SLICE_17 meets
     -0.013ns DIN_HLD and
      0.000ns delay constraint less
      0.000ns skew requirement (totaling -0.013ns) by 0.291ns

 Physical Path Details:

      Data path SLICE_17 to SLICE_17:

   Name    Fanout   Delay (ns)          Site               Resource
CLKTOF_DEL  ---     0.276     R4C12B.WCK to      R4C12B.F0 SLICE_17 (from clk_c)
ROUTE         3     0.002      R4C12B.F0 to     R4C12B.DI0 data[2] (to clk_c)
                  --------
                    0.278   (99.3% logic, 0.7% route), 1 logic levels.

 Clock Skew Details: 

      Source Clock Path clk to SLICE_17:

   Name    Fanout   Delay (ns)          Site               Resource
ROUTE       172     0.765       13.PADDI to     R4C12B.WCK clk_c
                  --------
                    0.765   (0.0% logic, 100.0% route), 0 logic levels.

      Destination Clock Path clk to SLICE_17:

   Name    Fanout   Delay (ns)          Site               Resource
ROUTE       172     0.765       13.PADDI to     R4C12B.CLK clk_c
                  --------
                    0.765   (0.0% logic, 100.0% route), 0 logic levels.


Passed: The following path meets requirements by 0.291ns

 Logical Details:  Cell type  Pin type       Cell/ASIC name  (clock net +/-)

   Source:         Sync_RAM   Q              core/engine/dp/rf/words_ram/RAM1  (from clk_c +)
   Destination:    FF         Data in        observe[158]  (to clk_c +)

   Delay:               0.278ns  (99.3% logic, 0.7% route), 1 logic levels.

 Constraint Details:

      0.278ns physical path delay SLICE_20 to SLICE_20 meets
     -0.013ns DIN_HLD and
      0.000ns delay constraint less
      0.000ns skew requirement (totaling -0.013ns) by 0.291ns

 Physical Path Details:

      Data path SLICE_20 to SLICE_20:

   Name    Fanout   Delay (ns)          Site               Resource
CLKTOF_DEL  ---     0.276     R4C13B.WCK to      R4C13B.F1 SLICE_20 (from clk_c)
ROUTE         3     0.002      R4C13B.F1 to     R4C13B.DI1 addr[3] (to clk_c)
                  --------
                    0.278   (99.3% logic, 0.7% route), 1 logic levels.

 Clock Skew Details: 

      Source Clock Path clk to SLICE_20:

   Name    Fanout   Delay (ns)          Site               Resource
ROUTE       172     0.765       13.PADDI to     R4C13B.WCK clk_c
                  --------
                    0.765   (0.0% logic, 100.0% route), 0 logic levels.

      Destination Clock Path clk to SLICE_20:

   Name    Fanout   Delay (ns)          Site               Resource
ROUTE       172     0.765       13.PADDI to     R4C13B.CLK clk_c
                  --------
                    0.765   (0.0% logic, 100.0% route), 0 logic levels.


Passed: The following path meets requirements by 0.291ns

 Logical Details:  Cell type  Pin type       Cell/ASIC name  (clock net +/-)

   Source:         Sync_RAM   Q              core/engine/dp/rf/words_ram/RAM1  (from clk_c +)
   Destination:    FF         Data in        observe[157]  (to clk_c +)

   Delay:               0.278ns  (99.3% logic, 0.7% route), 1 logic levels.

 Constraint Details:

      0.278ns physical path delay SLICE_20 to SLICE_20 meets
     -0.013ns DIN_HLD and
      0.000ns delay constraint less
      0.000ns skew requirement (totaling -0.013ns) by 0.291ns

 Physical Path Details:

      Data path SLICE_20 to SLICE_20:

   Name    Fanout   Delay (ns)          Site               Resource
CLKTOF_DEL  ---     0.276     R4C13B.WCK to      R4C13B.F0 SLICE_20 (from clk_c)
ROUTE         3     0.002      R4C13B.F0 to     R4C13B.DI0 addr[2] (to clk_c)
                  --------
                    0.278   (99.3% logic, 0.7% route), 1 logic levels.

 Clock Skew Details: 

      Source Clock Path clk to SLICE_20:

   Name    Fanout   Delay (ns)          Site               Resource
ROUTE       172     0.765       13.PADDI to     R4C13B.WCK clk_c
                  --------
                    0.765   (0.0% logic, 100.0% route), 0 logic levels.

      Destination Clock Path clk to SLICE_20:

   Name    Fanout   Delay (ns)          Site               Resource
ROUTE       172     0.765       13.PADDI to     R4C13B.CLK clk_c
                  --------
                    0.765   (0.0% logic, 100.0% route), 0 logic levels.


Passed: The following path meets requirements by 0.291ns

 Logical Details:  Cell type  Pin type       Cell/ASIC name  (clock net +/-)

   Source:         Sync_RAM   Q              core/engine/dp/rf/words_ram_2/RAM0  (from clk_c +)
   Destination:    FF         Data in        observe[168]  (to clk_c +)

   Delay:               0.278ns  (99.3% logic, 0.7% route), 1 logic levels.

 Constraint Details:

      0.278ns physical path delay SLICE_22 to SLICE_22 meets
     -0.013ns DIN_HLD and
      0.000ns delay constraint less
      0.000ns skew requirement (totaling -0.013ns) by 0.291ns

 Physical Path Details:

      Data path SLICE_22 to SLICE_22:

   Name    Fanout   Delay (ns)          Site               Resource
CLKTOF_DEL  ---     0.276     R2C12A.WCK to      R2C12A.F1 SLICE_22 (from clk_c)
ROUTE         3     0.002      R2C12A.F1 to     R2C12A.DI1 addr[13] (to clk_c)
                  --------
                    0.278   (99.3% logic, 0.7% route), 1 logic levels.

 Clock Skew Details: 

      Source Clock Path clk to SLICE_22:

   Name    Fanout   Delay (ns)          Site               Resource
ROUTE       172     0.765       13.PADDI to     R2C12A.WCK clk_c
                  --------
                    0.765   (0.0% logic, 100.0% route), 0 logic levels.

      Destination Clock Path clk to SLICE_22:

   Name    Fanout   Delay (ns)          Site               Resource
ROUTE       172     0.765       13.PADDI to     R2C12A.CLK clk_c
                  --------
                    0.765   (0.0% logic, 100.0% route), 0 logic levels.


Passed: The following path meets requirements by 0.291ns

 Logical Details:  Cell type  Pin type       Cell/ASIC name  (clock net +/-)

   Source:         Sync_RAM   Q              core/engine/dp/rf/words_ram_2/RAM0  (from clk_c +)
   Destination:    FF         Data in        observe[167]  (to clk_c +)

   Delay:               0.278ns  (99.3% logic, 0.7% route), 1 logic levels.

 Constraint Details:

      0.278ns physical path delay SLICE_22 to SLICE_22 meets
     -0.013ns DIN_HLD and
      0.000ns delay constraint less
      0.000ns skew requirement (totaling -0.013ns) by 0.291ns

 Physical Path Details:

      Data path SLICE_22 to SLICE_22:

   Name    Fanout   Delay (ns)          Site               Resource
CLKTOF_DEL  ---     0.276     R2C12A.WCK to      R2C12A.F0 SLICE_22 (from clk_c)
ROUTE         3     0.002      R2C12A.F0 to     R2C12A.DI0 addr[12] (to clk_c)
                  --------
                    0.278   (99.3% logic, 0.7% route), 1 logic levels.

 Clock Skew Details: 

      Source Clock Path clk to SLICE_22:

   Name    Fanout   Delay (ns)          Site               Resource
ROUTE       172     0.765       13.PADDI to     R2C12A.WCK clk_c
                  --------
                    0.765   (0.0% logic, 100.0% route), 0 logic levels.

      Destination Clock Path clk to SLICE_22:

   Name    Fanout   Delay (ns)          Site               Resource
ROUTE       172     0.765       13.PADDI to     R2C12A.CLK clk_c
                  --------
                    0.765   (0.0% logic, 100.0% route), 0 logic levels.


Passed: The following path meets requirements by 0.291ns

 Logical Details:  Cell type  Pin type       Cell/ASIC name  (clock net +/-)

   Source:         Sync_RAM   Q              core/engine/dp/rf/words_ram_2/RAM1  (from clk_c +)
   Destination:    FF         Data in        observe[169]  (to clk_c +)

   Delay:               0.278ns  (99.3% logic, 0.7% route), 1 logic levels.

 Constraint Details:

      0.278ns physical path delay SLICE_23 to SLICE_23 meets
     -0.013ns DIN_HLD and
      0.000ns delay constraint less
      0.000ns skew requirement (totaling -0.013ns) by 0.291ns

 Physical Path Details:

      Data path SLICE_23 to SLICE_23:

   Name    Fanout   Delay (ns)          Site               Resource
CLKTOF_DEL  ---     0.276     R2C12B.WCK to      R2C12B.F0 SLICE_23 (from clk_c)
ROUTE         3     0.002      R2C12B.F0 to     R2C12B.DI0 addr[14] (to clk_c)
                  --------
                    0.278   (99.3% logic, 0.7% route), 1 logic levels.

 Clock Skew Details: 

      Source Clock Path clk to SLICE_23:

   Name    Fanout   Delay (ns)          Site               Resource
ROUTE       172     0.765       13.PADDI to     R2C12B.WCK clk_c
                  --------
                    0.765   (0.0% logic, 100.0% route), 0 logic levels.

      Destination Clock Path clk to SLICE_23:

   Name    Fanout   Delay (ns)          Site               Resource
ROUTE       172     0.765       13.PADDI to     R2C12B.CLK clk_c
                  --------
                    0.765   (0.0% logic, 100.0% route), 0 logic levels.


Passed: The following path meets requirements by 0.291ns

 Logical Details:  Cell type  Pin type       Cell/ASIC name  (clock net +/-)

   Source:         Sync_RAM   Q              core/engine/dp/rf/words_ram_2/RAM1  (from clk_c +)
   Destination:    FF         Data in        observe[170]  (to clk_c +)

   Delay:               0.278ns  (99.3% logic, 0.7% route), 1 logic levels.

 Constraint Details:

      0.278ns physical path delay SLICE_23 to SLICE_23 meets
     -0.013ns DIN_HLD and
      0.000ns delay constraint less
      0.000ns skew requirement (totaling -0.013ns) by 0.291ns

 Physical Path Details:

      Data path SLICE_23 to SLICE_23:

   Name    Fanout   Delay (ns)          Site               Resource
CLKTOF_DEL  ---     0.276     R2C12B.WCK to      R2C12B.F1 SLICE_23 (from clk_c)
ROUTE         3     0.002      R2C12B.F1 to     R2C12B.DI1 addr[15] (to clk_c)
                  --------
                    0.278   (99.3% logic, 0.7% route), 1 logic levels.

 Clock Skew Details: 

      Source Clock Path clk to SLICE_23:

   Name    Fanout   Delay (ns)          Site               Resource
ROUTE       172     0.765       13.PADDI to     R2C12B.WCK clk_c
                  --------
                    0.765   (0.0% logic, 100.0% route), 0 logic levels.

      Destination Clock Path clk to SLICE_23:

   Name    Fanout   Delay (ns)          Site               Resource
ROUTE       172     0.765       13.PADDI to     R2C12B.CLK clk_c
                  --------
                    0.765   (0.0% logic, 100.0% route), 0 logic levels.


Passed: The following path meets requirements by 0.291ns

 Logical Details:  Cell type  Pin type       Cell/ASIC name  (clock net +/-)

   Source:         Sync_RAM   Q              core/engine/dp/rf/words_ram_1/RAM0  (from clk_c +)
   Destination:    FF         Data in        observe[163]  (to clk_c +)

   Delay:               0.278ns  (99.3% logic, 0.7% route), 1 logic levels.

 Constraint Details:

      0.278ns physical path delay SLICE_25 to SLICE_25 meets
     -0.013ns DIN_HLD and
      0.000ns delay constraint less
      0.000ns skew requirement (totaling -0.013ns) by 0.291ns

 Physical Path Details:

      Data path SLICE_25 to SLICE_25:

   Name    Fanout   Delay (ns)          Site               Resource
CLKTOF_DEL  ---     0.276     R3C13A.WCK to      R3C13A.F0 SLICE_25 (from clk_c)
ROUTE         3     0.002      R3C13A.F0 to     R3C13A.DI0 addr[8] (to clk_c)
                  --------
                    0.278   (99.3% logic, 0.7% route), 1 logic levels.

 Clock Skew Details: 

      Source Clock Path clk to SLICE_25:

   Name    Fanout   Delay (ns)          Site               Resource
ROUTE       172     0.765       13.PADDI to     R3C13A.WCK clk_c
                  --------
                    0.765   (0.0% logic, 100.0% route), 0 logic levels.

      Destination Clock Path clk to SLICE_25:

   Name    Fanout   Delay (ns)          Site               Resource
ROUTE       172     0.765       13.PADDI to     R3C13A.CLK clk_c
                  --------
                    0.765   (0.0% logic, 100.0% route), 0 logic levels.


Passed: The following path meets requirements by 0.291ns

 Logical Details:  Cell type  Pin type       Cell/ASIC name  (clock net +/-)

   Source:         Sync_RAM   Q              core/engine/dp/rf/words_ram_1/RAM0  (from clk_c +)
   Destination:    FF         Data in        observe[164]  (to clk_c +)

   Delay:               0.278ns  (99.3% logic, 0.7% route), 1 logic levels.

 Constraint Details:

      0.278ns physical path delay SLICE_25 to SLICE_25 meets
     -0.013ns DIN_HLD and
      0.000ns delay constraint less
      0.000ns skew requirement (totaling -0.013ns) by 0.291ns

 Physical Path Details:

      Data path SLICE_25 to SLICE_25:

   Name    Fanout   Delay (ns)          Site               Resource
CLKTOF_DEL  ---     0.276     R3C13A.WCK to      R3C13A.F1 SLICE_25 (from clk_c)
ROUTE         3     0.002      R3C13A.F1 to     R3C13A.DI1 addr[9] (to clk_c)
                  --------
                    0.278   (99.3% logic, 0.7% route), 1 logic levels.

 Clock Skew Details: 

      Source Clock Path clk to SLICE_25:

   Name    Fanout   Delay (ns)          Site               Resource
ROUTE       172     0.765       13.PADDI to     R3C13A.WCK clk_c
                  --------
                    0.765   (0.0% logic, 100.0% route), 0 logic levels.

      Destination Clock Path clk to SLICE_25:

   Name    Fanout   Delay (ns)          Site               Resource
ROUTE       172     0.765       13.PADDI to     R3C13A.CLK clk_c
                  --------
                    0.765   (0.0% logic, 100.0% route), 0 logic levels.

Report Summary
--------------
----------------------------------------------------------------------------
Preference(MIN Delays)                  |   Constraint|       Actual|Levels
----------------------------------------------------------------------------
                                        |             |             |
FREQUENCY PORT "clk" 35.000000 MHz ;    |            -|            -|   1  
                                        |             |             |
----------------------------------------------------------------------------


All preferences were met.


Clock Domains Analysis
------------------------

Found 1 clocks:

Clock Domain: clk_c   Source: clk.PAD   Loads: 172
   Covered under: FREQUENCY PORT "clk" 35.000000 MHz ;


--------------------------------------------------------------------------------
                Connections not covered by the preferences
--------------------------------------------------------------------------------

     Delay                        Element                 Net

    0.311ns         SLICE_326.F0 to     serial_out.PADDO serial_out_c
    0.812ns          reset.PADDI to gine/seq/SLICE_1.LSR reset_c
    0.812ns          reset.PADDI to gine/seq/SLICE_2.LSR reset_c
    0.812ns          reset.PADDI to gine/seq/SLICE_3.LSR reset_c
    0.812ns          reset.PADDI to gine/seq/SLICE_4.LSR reset_c
    0.812ns          reset.PADDI to gine/seq/SLICE_5.LSR reset_c
    0.812ns          reset.PADDI to         SLICE_16.LSR reset_c
    0.812ns          reset.PADDI to         SLICE_17.LSR reset_c
    0.812ns          reset.PADDI to         SLICE_19.LSR reset_c
    0.812ns          reset.PADDI to         SLICE_20.LSR reset_c
    0.812ns          reset.PADDI to         SLICE_22.LSR reset_c
    0.812ns          reset.PADDI to         SLICE_23.LSR reset_c
    0.812ns          reset.PADDI to         SLICE_25.LSR reset_c
    0.812ns          reset.PADDI to         SLICE_26.LSR reset_c
    0.812ns          reset.PADDI to         SLICE_28.LSR reset_c
    0.812ns          reset.PADDI to         SLICE_29.LSR reset_c
    0.812ns          reset.PADDI to         SLICE_31.LSR reset_c
    0.812ns          reset.PADDI to         SLICE_32.LSR reset_c
    0.812ns          reset.PADDI to         SLICE_34.LSR reset_c
    0.812ns          reset.PADDI to         SLICE_35.LSR reset_c
    0.812ns          reset.PADDI to         SLICE_37.LSR reset_c
    0.812ns          reset.PADDI to         SLICE_38.LSR reset_c
    0.812ns          reset.PADDI to /engine/SLICE_39.LSR reset_c
    0.812ns          reset.PADDI to ine/seq/SLICE_40.LSR reset_c
    0.812ns          reset.PADDI to ine/seq/SLICE_41.LSR reset_c
    0.812ns          reset.PADDI to         SLICE_59.LSR reset_c
    0.812ns          reset.PADDI to         SLICE_60.LSR reset_c
    0.812ns          reset.PADDI to         SLICE_61.LSR reset_c
    0.812ns          reset.PADDI to         SLICE_62.LSR reset_c
    0.812ns          reset.PADDI to         SLICE_63.LSR reset_c
    0.812ns          reset.PADDI to         SLICE_64.LSR reset_c
    0.812ns          reset.PADDI to         SLICE_65.LSR reset_c
    0.812ns          reset.PADDI to         SLICE_66.LSR reset_c
    0.812ns          reset.PADDI to         SLICE_67.LSR reset_c
    0.812ns          reset.PADDI to         SLICE_68.LSR reset_c
    0.812ns          reset.PADDI to         SLICE_69.LSR reset_c
    0.812ns          reset.PADDI to         SLICE_70.LSR reset_c
    0.812ns          reset.PADDI to        SLICE_126.LSR reset_c
    0.812ns          reset.PADDI to        SLICE_127.LSR reset_c
    0.812ns          reset.PADDI to status/SLICE_128.LSR reset_c
    0.812ns          reset.PADDI to status/SLICE_129.LSR reset_c
    0.812ns          reset.PADDI to engine/SLICE_130.LSR reset_c
    0.812ns          reset.PADDI to engine/SLICE_131.LSR reset_c
    0.812ns          reset.PADDI to engine/SLICE_132.LSR reset_c
    0.812ns          reset.PADDI to engine/SLICE_133.LSR reset_c
    0.812ns          reset.PADDI to engine/SLICE_134.LSR reset_c
    0.812ns          reset.PADDI to engine/SLICE_135.LSR reset_c
    0.812ns          reset.PADDI to engine/SLICE_136.LSR reset_c
    0.812ns          reset.PADDI to engine/SLICE_137.LSR reset_c
    0.812ns          reset.PADDI to engine/SLICE_138.LSR reset_c
    0.812ns          reset.PADDI to engine/SLICE_139.LSR reset_c
    0.812ns          reset.PADDI to engine/SLICE_140.LSR reset_c
    0.812ns          reset.PADDI to engine/SLICE_141.LSR reset_c
    0.812ns          reset.PADDI to ine/dp/SLICE_142.LSR reset_c
    0.812ns          reset.PADDI to ine/dp/SLICE_143.LSR reset_c
    0.812ns          reset.PADDI to ine/dp/SLICE_144.LSR reset_c
    0.812ns          reset.PADDI to ine/dp/SLICE_145.LSR reset_c
    0.812ns          reset.PADDI to ine/dp/SLICE_146.LSR reset_c
    0.812ns          reset.PADDI to ine/dp/SLICE_147.LSR reset_c
    0.812ns          reset.PADDI to ine/dp/SLICE_148.LSR reset_c
    0.812ns          reset.PADDI to ine/dp/SLICE_149.LSR reset_c
    0.812ns          reset.PADDI to        SLICE_154.LSR reset_c
    0.812ns          reset.PADDI to        SLICE_155.LSR reset_c
    0.812ns          reset.PADDI to        SLICE_156.LSR reset_c
    0.812ns          reset.PADDI to        SLICE_157.LSR reset_c
    0.812ns          reset.PADDI to        SLICE_158.LSR reset_c
    0.812ns          reset.PADDI to        SLICE_159.LSR reset_c
    0.812ns          reset.PADDI to ne/seq/SLICE_160.LSR reset_c
    0.812ns          reset.PADDI to ne/seq/SLICE_161.LSR reset_c
    0.812ns          reset.PADDI to ne/seq/SLICE_162.LSR reset_c
    0.812ns          reset.PADDI to ne/seq/SLICE_163.LSR reset_c
    0.812ns          reset.PADDI to ne/seq/SLICE_164.LSR reset_c
    1.124ns          reset.PADDI to ine/seq/SLICE_165.B0 reset_c
    0.812ns          reset.PADDI to ne/seq/SLICE_165.LSR reset_c
    0.812ns          reset.PADDI to ne/seq/SLICE_166.LSR reset_c
    0.812ns          reset.PADDI to ne/seq/SLICE_167.LSR reset_c
    0.812ns          reset.PADDI to ne/seq/SLICE_168.LSR reset_c
    0.812ns          reset.PADDI to ne/seq/SLICE_169.LSR reset_c
    0.812ns          reset.PADDI to engine/SLICE_218.LSR reset_c
    0.812ns          reset.PADDI to engine/SLICE_219.LSR reset_c
    0.812ns          reset.PADDI to engine/SLICE_220.LSR reset_c
    1.229ns          reset.PADDI to /engine/SLICE_223.A0 reset_c
    1.229ns          reset.PADDI to /engine/SLICE_223.A1 reset_c
    0.812ns          reset.PADDI to engine/SLICE_224.LSR reset_c
    0.812ns          reset.PADDI to        SLICE_225.LSR reset_c
    0.812ns          reset.PADDI to        SLICE_226.LSR reset_c
    0.812ns          reset.PADDI to        SLICE_227.LSR reset_c
    0.812ns          reset.PADDI to        SLICE_228.LSR reset_c
    0.812ns          reset.PADDI to engine/SLICE_229.LSR reset_c
    0.812ns          reset.PADDI to        SLICE_230.LSR reset_c
    0.812ns          reset.PADDI to        SLICE_231.LSR reset_c
    0.812ns          reset.PADDI to        SLICE_232.LSR reset_c
    0.812ns          reset.PADDI to        SLICE_233.LSR reset_c
    0.812ns          reset.PADDI to        SLICE_234.LSR reset_c
    0.812ns          reset.PADDI to        SLICE_235.LSR reset_c
    0.812ns          reset.PADDI to engine/SLICE_236.LSR reset_c
    0.812ns          reset.PADDI to engine/SLICE_237.LSR reset_c
    1.258ns          reset.PADDI to ine/seq/SLICE_238.D1 reset_c
    0.812ns          reset.PADDI to engine/SLICE_248.LSR reset_c
    0.812ns          reset.PADDI to engine/SLICE_252.LSR reset_c
    0.812ns          reset.PADDI to        SLICE_258.LSR reset_c
    0.812ns          reset.PADDI to        SLICE_313.LSR reset_c
    0.812ns          reset.PADDI to        SLICE_314.LSR reset_c
    0.812ns          reset.PADDI to        SLICE_315.LSR reset_c
    0.812ns          reset.PADDI to        SLICE_316.LSR reset_c
    0.812ns          reset.PADDI to        SLICE_317.LSR reset_c
    0.812ns          reset.PADDI to        SLICE_318.LSR reset_c
    0.812ns          reset.PADDI to        SLICE_319.LSR reset_c
    0.812ns          reset.PADDI to        SLICE_320.LSR reset_c
    0.812ns          reset.PADDI to engine/SLICE_321.LSR reset_c
    0.812ns          reset.PADDI to        SLICE_322.LSR reset_c
    0.812ns          reset.PADDI to        SLICE_323.LSR reset_c
    0.812ns          reset.PADDI to        SLICE_324.LSR reset_c
    0.812ns          reset.PADDI to        SLICE_325.LSR reset_c
    0.812ns          reset.PADDI to        SLICE_326.LSR reset_c
    0.812ns          reset.PADDI to        SLICE_327.LSR reset_c
    0.812ns          reset.PADDI to        SLICE_328.LSR reset_c
    0.812ns          reset.PADDI to        SLICE_329.LSR reset_c
    0.812ns          reset.PADDI to        SLICE_330.LSR reset_c
    0.812ns          reset.PADDI to        SLICE_331.LSR reset_c
    0.812ns          reset.PADDI to        SLICE_332.LSR reset_c
    0.812ns          reset.PADDI to        SLICE_333.LSR reset_c
    0.812ns          reset.PADDI to        SLICE_334.LSR reset_c
    0.812ns          reset.PADDI to        SLICE_335.LSR reset_c
    0.812ns          reset.PADDI to engine/SLICE_336.LSR reset_c
    0.812ns          reset.PADDI to        SLICE_356.LSR reset_c
    0.812ns          reset.PADDI to        SLICE_357.LSR reset_c
    0.812ns          reset.PADDI to        SLICE_358.LSR reset_c
    0.812ns          reset.PADDI to        SLICE_359.LSR reset_c
    0.812ns          reset.PADDI to engine/SLICE_360.LSR reset_c
    0.812ns          reset.PADDI to        SLICE_366.LSR reset_c
    1.119ns          reset.PADDI to /engine/SLICE_379.A0 reset_c
    1.119ns          reset.PADDI to /engine/SLICE_379.A1 reset_c
    0.812ns          reset.PADDI to engine/SLICE_381.LSR reset_c
    1.002ns          reset.PADDI to /engine/SLICE_382.D0 reset_c
    0.812ns          reset.PADDI to engine/SLICE_382.LSR reset_c
    0.812ns          reset.PADDI to engine/SLICE_385.LSR reset_c
    0.812ns          reset.PADDI to engine/SLICE_389.LSR reset_c
    0.812ns          reset.PADDI to        SLICE_390.LSR reset_c
    0.812ns          reset.PADDI to        SLICE_391.LSR reset_c
    0.812ns          reset.PADDI to        SLICE_392.LSR reset_c
    0.812ns          reset.PADDI to        SLICE_393.LSR reset_c
    0.812ns          reset.PADDI to        SLICE_394.LSR reset_c
    0.812ns          reset.PADDI to        SLICE_395.LSR reset_c
    0.812ns          reset.PADDI to        SLICE_396.LSR reset_c
    0.812ns          reset.PADDI to        SLICE_397.LSR reset_c
    0.812ns          reset.PADDI to        SLICE_398.LSR reset_c
    0.812ns          reset.PADDI to        SLICE_399.LSR reset_c
    0.812ns          reset.PADDI to        SLICE_400.LSR reset_c
    0.812ns          reset.PADDI to        SLICE_401.LSR reset_c
    0.812ns          reset.PADDI to        SLICE_402.LSR reset_c
    0.812ns          reset.PADDI to        SLICE_403.LSR reset_c
    0.812ns          reset.PADDI to        SLICE_404.LSR reset_c
    0.812ns          reset.PADDI to        SLICE_405.LSR reset_c
    0.812ns          reset.PADDI to        SLICE_406.LSR reset_c
    0.812ns          reset.PADDI to        SLICE_407.LSR reset_c
    0.812ns          reset.PADDI to        SLICE_408.LSR reset_c
    0.812ns          reset.PADDI to        SLICE_409.LSR reset_c
    0.856ns          reset.PADDI to  serial_in_MGIOL.LSR reset_c
    0.478ns          SLICE_23.Q1 to         SLICE_408.B1 observe[170]
    0.127ns      serial_in.PADDI to   serial_in_MGIOL.DI serial_in_c
    0.318ns          SLICE_26.Q1 to         SLICE_235.A0 observe[166]
    0.356ns          SLICE_22.Q0 to         SLICE_235.D0 observe[167]
    0.323ns          SLICE_22.Q1 to         SLICE_235.B0 observe[168]
    0.253ns          SLICE_23.Q0 to         SLICE_235.C0 observe[169]
    0.156ns         SLICE_235.F0 to         SLICE_235.C1 serial_out_127
    0.423ns         SLICE_326.Q0 to         SLICE_408.A1 observe[0]
    0.517ns          SLICE_59.Q0 to         SLICE_408.C1 observe[1]
    0.368ns          SLICE_59.Q1 to         SLICE_408.D0 observe[2]
    0.324ns          SLICE_60.Q0 to         SLICE_408.B0 observe[3]
    0.319ns          SLICE_60.Q1 to         SLICE_408.A0 observe[4]
    0.898ns          SLICE_61.Q0 to         SLICE_408.C0 observe[5]
    0.619ns          SLICE_61.Q1 to         SLICE_157.D0 observe[6]
    0.730ns          SLICE_62.Q0 to         SLICE_157.C0 observe[7]
    0.491ns          SLICE_62.Q1 to         SLICE_157.B0 observe[8]
    0.624ns          SLICE_63.Q0 to         SLICE_157.A0 observe[9]
    0.360ns          SLICE_63.Q1 to         SLICE_407.D1 observe[10]
    0.254ns          SLICE_64.Q0 to         SLICE_407.C1 observe[11]
    0.324ns          SLICE_64.Q1 to         SLICE_407.B1 observe[12]
    0.319ns          SLICE_65.Q0 to         SLICE_407.A1 observe[13]
    0.324ns          SLICE_65.Q1 to         SLICE_407.B0 observe[14]
    0.318ns          SLICE_66.Q0 to         SLICE_407.A0 observe[15]
    0.258ns          SLICE_66.Q1 to         SLICE_407.C0 observe[16]
    0.201ns          SLICE_67.Q0 to         SLICE_407.D0 observe[17]
    0.478ns          SLICE_67.Q1 to         SLICE_329.B1 observe[18]
    0.733ns          SLICE_68.Q0 to         SLICE_329.A1 observe[19]
    0.368ns          SLICE_68.Q1 to         SLICE_329.D1 observe[20]
    0.258ns          SLICE_69.Q0 to         SLICE_329.C1 observe[21]
    0.200ns          SLICE_69.Q1 to         SLICE_157.D1 observe[22]
    0.797ns          SLICE_70.Q0 to         SLICE_157.B1 observe[23]
    0.485ns          SLICE_70.Q1 to         SLICE_157.A1 observe[24]
    0.359ns         SLICE_335.Q0 to         SLICE_157.C1 observe[25]
    0.201ns         SLICE_335.Q1 to         SLICE_406.D1 observe[26]
    0.731ns         SLICE_327.Q0 to         SLICE_406.B1 observe[27]
    0.359ns         SLICE_327.Q1 to         SLICE_406.C1 observe[28]
    0.319ns         SLICE_328.Q0 to         SLICE_406.A1 observe[29]
    0.359ns         SLICE_328.Q1 to         SLICE_406.C0 observe[30]
    0.491ns         SLICE_408.Q0 to         SLICE_406.B0 observe[31]
    0.200ns         SLICE_408.Q1 to         SLICE_406.D0 observe[32]
    0.582ns         SLICE_407.Q0 to         SLICE_406.A0 observe[33]
    0.730ns         SLICE_407.Q1 to         SLICE_330.C1 observe[34]
    0.318ns         SLICE_406.Q0 to         SLICE_330.A1 observe[35]
    0.200ns         SLICE_406.Q1 to         SLICE_330.D1 observe[36]
    0.812ns         SLICE_405.Q0 to         SLICE_330.B1 observe[37]
    0.319ns         SLICE_405.Q1 to         SLICE_156.A0 observe[38]
    0.523ns         SLICE_159.Q1 to         SLICE_156.D0 observe[39]
    0.642ns         SLICE_232.Q0 to         SLICE_156.B0 observe[40]
    0.572ns         SLICE_232.Q1 to         SLICE_156.C0 observe[41]
    0.788ns         SLICE_322.Q0 to         SLICE_405.A1 observe[42]
    0.204ns         SLICE_322.Q1 to         SLICE_405.D1 observe[43]
    0.421ns         SLICE_233.Q0 to         SLICE_405.C1 observe[44]
    0.655ns         SLICE_233.Q1 to         SLICE_405.B1 observe[45]
    0.322ns         SLICE_394.Q0 to         SLICE_405.A0 observe[46]
    0.253ns         SLICE_394.Q1 to         SLICE_405.C0 observe[47]
    0.797ns         SLICE_234.Q0 to         SLICE_405.B0 observe[48]
    0.306ns         SLICE_234.Q1 to         SLICE_405.D0 observe[49]
    0.642ns         SLICE_409.Q0 to         SLICE_331.B1 observe[50]
    0.409ns         SLICE_409.Q1 to         SLICE_331.C1 observe[51]
    0.201ns         SLICE_324.Q0 to         SLICE_331.D1 observe[52]
    0.319ns         SLICE_324.Q1 to         SLICE_331.A1 observe[53]
    0.733ns         SLICE_323.Q0 to         SLICE_156.A1 observe[54]
    0.327ns         SLICE_323.Q1 to         SLICE_156.B1 observe[55]
    0.510ns         SLICE_325.Q0 to         SLICE_156.C1 observe[56]
    0.368ns         SLICE_325.Q1 to         SLICE_156.D1 observe[57]
    0.882ns         SLICE_231.Q0 to         SLICE_404.B1 observe[58]
    0.711ns         SLICE_231.Q1 to         SLICE_404.C1 observe[59]
    0.201ns         SLICE_230.Q0 to         SLICE_404.D1 observe[60]
    0.319ns         SLICE_230.Q1 to         SLICE_404.A1 observe[61]
    0.464ns         SLICE_358.Q0 to         SLICE_404.D0 observe[62]
    0.517ns         SLICE_358.Q1 to         SLICE_404.C0 observe[63]
    0.482ns         SLICE_359.Q0 to         SLICE_404.B0 observe[64]
    0.322ns         SLICE_359.Q1 to         SLICE_404.A0 observe[65]
    0.738ns         SLICE_391.Q0 to         SLICE_332.B1 observe[66]
    0.485ns         SLICE_391.Q1 to         SLICE_332.A1 observe[67]
    0.662ns         SLICE_392.Q0 to         SLICE_332.D1 observe[68]
    0.258ns         SLICE_392.Q1 to         SLICE_332.C1 observe[69]
    0.253ns         SLICE_393.Q0 to         SLICE_403.C1 observe[70]
    0.323ns         SLICE_393.Q1 to         SLICE_403.B1 observe[71]
    0.319ns         SLICE_390.Q0 to         SLICE_403.A1 observe[72]
    0.201ns         SLICE_390.Q1 to         SLICE_403.D1 observe[73]
    0.644ns         SLICE_356.Q0 to         SLICE_403.A0 observe[74]
    0.201ns         SLICE_356.Q1 to         SLICE_403.D0 observe[75]
    0.254ns         SLICE_357.Q0 to         SLICE_403.C0 observe[76]
    0.324ns         SLICE_357.Q1 to         SLICE_403.B0 observe[77]
    0.200ns         SLICE_316.Q0 to         SLICE_402.D1 observe[78]
    0.587ns         SLICE_316.Q1 to         SLICE_402.B1 observe[79]
    0.423ns         SLICE_317.Q0 to         SLICE_402.A1 observe[80]
    0.560ns         SLICE_317.Q1 to         SLICE_402.C1 observe[81]
    0.579ns         SLICE_228.Q0 to         SLICE_402.B0 observe[82]
    0.421ns         SLICE_228.Q1 to         SLICE_402.C0 observe[83]
    0.204ns         SLICE_318.Q0 to         SLICE_402.D0 observe[84]
    0.318ns         SLICE_318.Q1 to         SLICE_402.A0 observe[85]
    0.413ns         SLICE_319.Q0 to         SLICE_155.C0 observe[86]
    0.482ns         SLICE_319.Q1 to         SLICE_155.B0 observe[87]
    0.318ns         SLICE_320.Q0 to         SLICE_155.A0 observe[88]
    0.200ns         SLICE_320.Q1 to         SLICE_155.D0 observe[89]
    0.413ns         SLICE_226.Q0 to         SLICE_401.C1 observe[90]
    0.464ns         SLICE_226.Q1 to         SLICE_401.D1 observe[91]
    0.324ns         SLICE_225.Q0 to         SLICE_401.B1 observe[92]
    0.319ns         SLICE_225.Q1 to         SLICE_401.A1 observe[93]
    0.464ns         SLICE_313.Q0 to         SLICE_401.D0 observe[94]
    0.322ns         SLICE_313.Q1 to         SLICE_401.A0 observe[95]
    0.258ns         SLICE_314.Q0 to         SLICE_401.C0 observe[96]
    0.642ns         SLICE_314.Q1 to         SLICE_401.B0 observe[97]
    0.356ns         SLICE_227.Q0 to         SLICE_333.D1 observe[98]
    0.359ns         SLICE_227.Q1 to         SLICE_333.C1 observe[99]
    0.485ns         SLICE_326.Q1 to         SLICE_333.A1 observe[100]
    0.491ns         SLICE_404.Q0 to         SLICE_333.B1 observe[101]
    0.780ns         SLICE_404.Q1 to         SLICE_155.A1 observe[102]
    0.428ns         SLICE_403.Q0 to         SLICE_155.B1 observe[103]
    0.421ns         SLICE_403.Q1 to         SLICE_155.C1 observe[104]
    0.201ns         SLICE_402.Q0 to         SLICE_155.D1 observe[105]
    0.624ns         SLICE_402.Q1 to         SLICE_400.A1 observe[106]
    0.587ns         SLICE_401.Q0 to         SLICE_400.B1 observe[107]
    0.421ns         SLICE_401.Q1 to         SLICE_400.C1 observe[108]
    0.201ns         SLICE_400.Q0 to         SLICE_400.D1 observe[109]
    0.254ns         SLICE_400.Q1 to         SLICE_400.C0 observe[110]
    0.356ns         SLICE_399.Q0 to         SLICE_400.D0 observe[111]
    0.423ns         SLICE_399.Q1 to         SLICE_400.A0 observe[112]
    0.478ns         SLICE_398.Q0 to         SLICE_400.B0 observe[113]
    0.318ns         SLICE_398.Q1 to         SLICE_334.A1 observe[114]
    0.738ns         SLICE_397.Q0 to         SLICE_334.B1 observe[115]
    0.578ns         SLICE_397.Q1 to         SLICE_334.C1 observe[116]
    0.507ns         SLICE_396.Q0 to         SLICE_334.D1 observe[117]
    0.507ns         SLICE_396.Q1 to         SLICE_154.D0 observe[118]
    0.413ns         SLICE_395.Q0 to         SLICE_154.C0 observe[119]
    0.587ns         SLICE_395.Q1 to         SLICE_154.B0 observe[120]
    0.319ns         SLICE_235.Q0 to         SLICE_154.A0 observe[121]
    0.675ns         SLICE_235.Q1 to         SLICE_399.D1 observe[122]
    0.634ns         SLICE_329.Q0 to         SLICE_399.B1 observe[123]
    0.637ns         SLICE_329.Q1 to         SLICE_399.A1 observe[124]
    0.254ns         SLICE_330.Q0 to         SLICE_399.C1 observe[125]
    0.306ns         SLICE_330.Q1 to         SLICE_399.D0 observe[126]
    0.737ns         SLICE_331.Q0 to         SLICE_399.A0 observe[127]
    0.572ns         SLICE_331.Q1 to         SLICE_399.C0 observe[128]
    0.579ns         SLICE_332.Q0 to         SLICE_399.B0 observe[129]
    0.615ns         SLICE_332.Q1 to         SLICE_335.D1 observe[130]
    0.582ns         SLICE_333.Q0 to         SLICE_335.A1 observe[131]
    0.359ns         SLICE_333.Q1 to         SLICE_335.C1 observe[132]
    0.324ns         SLICE_334.Q0 to         SLICE_335.B1 observe[133]
    0.477ns         SLICE_334.Q1 to         SLICE_398.A1 observe[134]
    0.464ns         SLICE_126.Q0 to         SLICE_398.D1 observe[135]
    0.258ns         SLICE_126.Q1 to         SLICE_398.C1 observe[136]
    0.327ns         SLICE_127.Q0 to         SLICE_398.B1 observe[137]
    0.514ns         SLICE_127.Q1 to         SLICE_398.C0 observe[138]
    0.949ns          SLICE_16.Q0 to         SLICE_398.A0 observe[139]
    0.428ns          SLICE_16.Q1 to         SLICE_398.B0 observe[140]
    0.306ns          SLICE_17.Q0 to         SLICE_398.D0 observe[141]
    0.641ns          SLICE_17.Q1 to         SLICE_397.A1 observe[142]
    0.587ns          SLICE_37.Q0 to         SLICE_397.B1 observe[143]
    0.204ns          SLICE_37.Q1 to         SLICE_397.D1 observe[144]
    0.253ns          SLICE_38.Q0 to         SLICE_397.C1 observe[145]
    0.323ns          SLICE_38.Q1 to         SLICE_397.B0 observe[146]
    0.319ns          SLICE_34.Q0 to         SLICE_397.A0 observe[147]
    0.201ns          SLICE_34.Q1 to         SLICE_397.D0 observe[148]
    0.254ns          SLICE_35.Q0 to         SLICE_397.C0 observe[149]
    0.629ns          SLICE_35.Q1 to         SLICE_396.A1 observe[150]
    0.428ns          SLICE_31.Q0 to         SLICE_396.B1 observe[151]
    0.306ns          SLICE_31.Q1 to         SLICE_396.D1 observe[152]
    0.409ns          SLICE_32.Q0 to         SLICE_396.C1 observe[153]
    0.409ns          SLICE_32.Q1 to         SLICE_396.C0 observe[154]
    0.423ns          SLICE_19.Q0 to         SLICE_396.A0 observe[155]
    0.630ns          SLICE_19.Q1 to         SLICE_396.B0 observe[156]
    0.683ns          SLICE_20.Q0 to         SLICE_396.D0 observe[157]
    0.623ns          SLICE_20.Q1 to         SLICE_395.B1 observe[158]
    0.511ns          SLICE_28.Q0 to         SLICE_395.D1 observe[159]
    0.574ns          SLICE_28.Q1 to         SLICE_395.A1 observe[160]
    0.359ns          SLICE_29.Q0 to         SLICE_395.C1 observe[161]
    0.457ns          SLICE_29.Q1 to         SLICE_395.D0 observe[162]
    0.254ns          SLICE_25.Q0 to         SLICE_395.C0 observe[163]
    0.319ns          SLICE_25.Q1 to         SLICE_395.A0 observe[164]
    0.324ns          SLICE_26.Q0 to         SLICE_395.B0 observe[165]
    0.156ns         SLICE_326.F1 to         SLICE_326.C0 serial_out_159
    0.482ns         SLICE_235.F1 to         SLICE_326.B0 serial_out_160
    0.582ns         SLICE_327.F0 to         SLICE_326.A0 serial_out_166
    0.200ns         SLICE_328.F0 to         SLICE_326.D0 serial_out_167
    0.578ns         SLICE_330.F0 to         SLICE_327.A0 serial_out_151
    0.457ns         SLICE_331.F0 to         SLICE_327.D0 serial_out_152
    0.428ns         SLICE_332.F0 to         SLICE_327.B0 serial_out_153
    0.156ns         SLICE_327.F1 to         SLICE_327.C0 serial_out_154
    0.306ns         SLICE_333.F0 to         SLICE_328.D0 serial_out_155
    0.319ns         SLICE_334.F0 to         SLICE_328.A0 serial_out_156
    0.324ns         SLICE_335.F0 to         SLICE_328.B0 serial_out_157
    0.156ns         SLICE_328.F1 to         SLICE_328.C0 serial_out_158
    0.221ns         SLICE_408.F1 to         SLICE_235.A1 serial_out_85
    0.200ns         SLICE_408.F0 to         SLICE_235.D1 serial_out_86
    0.226ns         SLICE_329.F0 to         SLICE_235.B1 serial_out_150
    0.324ns         SLICE_157.F0 to         SLICE_329.B0 serial_out_87
    0.464ns         SLICE_407.F1 to         SLICE_329.D0 serial_out_88
    0.473ns         SLICE_407.F0 to         SLICE_329.A0 serial_out_89
    0.156ns         SLICE_329.F1 to         SLICE_329.C0 serial_out_90
    0.629ns         SLICE_157.F1 to         SLICE_330.A0 serial_out_91
    0.103ns         SLICE_406.F1 to         SLICE_330.D0 serial_out_92
    0.226ns         SLICE_406.F0 to         SLICE_330.B0 serial_out_93
    0.156ns         SLICE_330.F1 to         SLICE_330.C0 serial_out_94
    0.477ns         SLICE_156.F0 to         SLICE_331.A0 serial_out_95
    0.360ns         SLICE_405.F1 to         SLICE_331.D0 serial_out_96
    0.323ns         SLICE_405.F0 to         SLICE_331.B0 serial_out_97
    0.156ns         SLICE_331.F1 to         SLICE_331.C0 serial_out_98
    0.739ns         SLICE_156.F1 to         SLICE_332.A0 serial_out_99
    0.103ns         SLICE_404.F1 to         SLICE_332.D0 serial_out_100
    0.156ns         SLICE_404.F0 to         SLICE_332.C0 serial_out_101
    0.226ns         SLICE_332.F1 to         SLICE_332.B0 serial_out_102
    0.327ns         SLICE_403.F1 to         SLICE_327.B1 serial_out_103
    0.318ns         SLICE_403.F0 to         SLICE_327.A1 serial_out_104
    0.464ns         SLICE_402.F1 to         SLICE_327.D1 serial_out_105
    0.258ns         SLICE_402.F0 to         SLICE_327.C1 serial_out_106
    0.306ns         SLICE_155.F0 to         SLICE_333.D0 serial_out_107
    0.423ns         SLICE_401.F1 to         SLICE_333.A0 serial_out_108
    0.428ns         SLICE_401.F0 to         SLICE_333.B0 serial_out_109
    0.156ns         SLICE_333.F1 to         SLICE_333.C0 serial_out_110
    0.642ns         SLICE_155.F1 to         SLICE_334.B0 serial_out_111
    0.322ns         SLICE_400.F1 to         SLICE_334.A0 serial_out_112
    0.368ns         SLICE_400.F0 to         SLICE_334.D0 serial_out_113
    0.156ns         SLICE_334.F1 to         SLICE_334.C0 serial_out_114
    0.428ns         SLICE_154.F0 to         SLICE_335.B0 serial_out_115
    0.200ns         SLICE_399.F1 to         SLICE_335.D0 serial_out_116
    0.318ns         SLICE_399.F0 to         SLICE_335.A0 serial_out_117
    0.156ns         SLICE_335.F1 to         SLICE_335.C0 serial_out_118
    0.322ns         SLICE_398.F1 to         SLICE_328.A1 serial_out_119
    0.464ns         SLICE_398.F0 to         SLICE_328.D1 serial_out_120
    0.421ns         SLICE_397.F1 to         SLICE_328.C1 serial_out_121
    0.744ns         SLICE_397.F0 to         SLICE_328.B1 serial_out_122
    0.517ns         SLICE_396.F1 to         SLICE_326.C1 serial_out_123
    0.200ns         SLICE_396.F0 to         SLICE_326.D1 serial_out_124
    0.642ns         SLICE_395.F1 to         SLICE_326.B1 serial_out_125
    0.582ns         SLICE_395.F0 to         SLICE_326.A1 serial_out_126

--------------------------------------------------------------------------------


Timing summary (Hold):
---------------

Timing errors: 0  Score: 0
Cumulative negative slack: 0

Constraints cover 5754949 paths, 1 nets, and 2942 connections (88.37% coverage)



Timing summary (Setup and Hold):
---------------

Timing errors: 4096 (setup), 0 (hold)
Score: 803244 (setup), 0 (hold)
Cumulative negative slack: 803244 (803244+0)
--------------------------------------------------------------------------------

--------------------------------------------------------------------------------

