case,opcode,wait_clocks,microclocks,memory_beats
0,000600,0,107,1
1,000777,0,107,1
2,000400,0,107,1
3,000401,0,107,1
4,000577,0,107,1
5,000600,0,107,1
6,000777,0,107,1
7,000400,0,107,1
8,000401,0,107,1
9,000577,0,107,1
10,000600,0,107,1
11,000777,0,107,1
12,000400,0,107,1
13,000401,0,107,1
14,000577,0,107,1
15,000600,0,107,1
16,000777,0,107,1
17,000400,0,107,1
18,000401,0,107,1
19,000577,0,107,1
20,000600,0,107,1
21,000777,0,107,1
22,000400,0,107,1
23,000401,0,107,1
24,000577,0,107,1
25,000600,0,107,1
26,000777,0,107,1
27,000400,0,107,1
28,000401,0,107,1
29,000577,0,107,1
30,000600,0,107,1
31,000777,0,107,1
32,000400,0,107,1
33,000401,0,107,1
34,000577,0,107,1
35,000600,0,107,1
36,000777,0,107,1
37,000400,0,107,1
38,000401,0,107,1
39,000577,0,107,1
40,000600,0,107,1
41,000777,0,107,1
42,000400,0,107,1
43,000401,0,107,1
44,000577,0,107,1
45,000600,0,107,1
46,000777,0,107,1
47,000400,0,107,1
48,000401,0,107,1
49,000577,0,107,1
50,000600,0,107,1
51,000777,0,107,1
52,000400,0,107,1
53,000401,0,107,1
54,000577,0,107,1
55,000600,0,107,1
56,000777,0,107,1
57,000400,0,107,1
58,000401,0,107,1
59,000577,0,107,1
60,000600,0,107,1
61,000777,0,107,1
62,000400,0,107,1
63,000401,0,107,1
64,000577,0,107,1
65,000600,0,107,1
66,000777,0,107,1
67,000400,0,107,1
68,000401,0,107,1
69,000577,0,107,1
70,000600,0,107,1
71,000777,0,107,1
72,000400,0,107,1
73,000401,0,107,1
74,000577,0,107,1
75,000600,0,107,1
76,000777,0,107,1
77,000400,0,107,1
78,000401,0,107,1
79,000577,0,107,1
80,000600,0,107,1
81,000777,0,107,1
82,000400,0,107,1
83,000401,0,107,1
84,000577,0,107,1
85,000600,0,107,1
86,000777,0,107,1
87,000400,0,107,1
88,000401,0,107,1
89,000577,0,107,1
90,000600,0,107,1
91,000777,0,107,1
92,000400,0,107,1
93,000401,0,107,1
94,000577,0,107,1
95,000600,0,107,1
96,000777,0,107,1
97,000400,0,107,1
98,000401,0,107,1
99,000577,0,107,1
100,000600,0,107,1
101,000777,0,107,1
102,000400,0,107,1
103,000401,0,107,1
104,000577,0,107,1
105,000600,0,107,1
106,000777,0,107,1
107,000400,0,107,1
108,000401,0,107,1
109,000577,0,107,1
110,000600,0,107,1
111,000777,0,107,1
112,000400,0,107,1
113,000401,0,107,1
114,000577,0,107,1
115,000600,0,107,1
116,000777,0,107,1
117,000400,0,107,1
118,000401,0,107,1
119,000577,0,107,1
120,000600,0,107,1
121,000777,0,107,1
122,000400,0,107,1
123,000401,0,107,1
124,000577,0,107,1
125,000600,0,107,1
126,000777,0,107,1
127,000400,0,107,1
128,000401,0,107,1
129,000577,0,107,1
130,000600,0,107,1
131,000777,0,107,1
132,000400,0,107,1
133,000401,0,107,1
134,000577,0,107,1
135,000600,0,107,1
136,000777,0,107,1
137,000400,0,107,1
138,000401,0,107,1
139,000577,0,107,1
140,000600,0,107,1
141,000777,0,107,1
142,000400,0,107,1
143,000401,0,107,1
144,000577,0,107,1
145,000600,0,107,1
146,000777,0,107,1
147,000400,0,107,1
148,000401,0,107,1
149,000577,0,107,1
150,000600,0,107,1
151,000777,0,107,1
152,000400,0,107,1
153,000401,0,107,1
154,000577,0,107,1
155,000600,0,107,1
156,000777,0,107,1
157,000400,0,107,1
158,000401,0,107,1
159,000577,0,107,1
160,000600,0,107,1
161,000777,0,107,1
162,000400,0,107,1
163,000401,0,107,1
164,000577,0,107,1
165,000600,0,107,1
166,000777,0,107,1
167,000400,0,107,1
168,000401,0,107,1
169,000577,0,107,1
170,000600,0,107,1
171,000777,0,107,1
172,000400,0,107,1
173,000401,0,107,1
174,000577,0,107,1
175,000600,0,107,1
176,000777,0,107,1
177,000400,0,107,1
178,000401,0,107,1
179,000577,0,107,1
180,000600,0,107,1
181,000777,0,107,1
182,000400,0,107,1
183,000401,0,107,1
184,000577,0,107,1
185,000600,0,107,1
186,000777,0,107,1
187,000400,0,107,1
188,000401,0,107,1
189,000577,0,107,1
190,000600,0,107,1
191,000777,0,107,1
192,000400,0,107,1
193,000401,0,107,1
194,000577,0,107,1
195,000600,0,107,1
196,000777,0,107,1
197,000400,0,107,1
198,000401,0,107,1
199,000577,0,107,1
200,000600,0,107,1
201,000777,0,107,1
202,000400,0,107,1
203,000401,0,107,1
204,000577,0,107,1
205,000600,0,107,1
206,000777,0,107,1
207,000400,0,107,1
208,000401,0,107,1
209,000577,0,107,1
210,000600,0,107,1
211,000777,0,107,1
212,000400,0,107,1
213,000401,0,107,1
214,000577,0,107,1
215,000600,0,107,1
216,000777,0,107,1
217,000400,0,107,1
218,000401,0,107,1
219,000577,0,107,1
220,000600,0,107,1
221,000777,0,107,1
222,000400,0,107,1
223,000401,0,107,1
224,000577,0,107,1
225,000600,0,107,1
226,000777,0,107,1
227,000400,0,107,1
228,000401,0,107,1
229,000577,0,107,1
230,000600,0,107,1
231,000777,0,107,1
232,000400,0,107,1
233,000401,0,107,1
234,000577,0,107,1
235,000600,0,107,1
236,000777,0,107,1
237,000400,0,107,1
238,000401,0,107,1
239,000577,0,107,1
240,001200,0,108,1
241,001377,0,108,1
242,001000,0,108,1
243,001001,0,108,1
244,001177,0,108,1
245,001200,0,108,1
246,001377,0,108,1
247,001000,0,108,1
248,001001,0,108,1
249,001177,0,108,1
250,001200,0,108,1
251,001377,0,108,1
252,001000,0,108,1
253,001001,0,108,1
254,001177,0,108,1
255,001200,0,108,1
256,001377,0,108,1
257,001000,0,108,1
258,001001,0,108,1
259,001177,0,108,1
260,001200,0,108,1
261,001377,0,108,1
262,001000,0,108,1
263,001001,0,108,1
264,001177,0,108,1
265,001200,0,108,1
266,001377,0,108,1
267,001000,0,108,1
268,001001,0,108,1
269,001177,0,108,1
270,001200,0,108,1
271,001377,0,108,1
272,001000,0,108,1
273,001001,0,108,1
274,001177,0,108,1
275,001200,0,108,1
276,001377,0,108,1
277,001000,0,108,1
278,001001,0,108,1
279,001177,0,108,1
280,001200,0,108,1
281,001377,0,108,1
282,001000,0,108,1
283,001001,0,108,1
284,001177,0,108,1
285,001200,0,108,1
286,001377,0,108,1
287,001000,0,108,1
288,001001,0,108,1
289,001177,0,108,1
290,001200,0,108,1
291,001377,0,108,1
292,001000,0,108,1
293,001001,0,108,1
294,001177,0,108,1
295,001200,0,108,1
296,001377,0,108,1
297,001000,0,108,1
298,001001,0,108,1
299,001177,0,108,1
300,001200,0,108,1
301,001377,0,108,1
302,001000,0,108,1
303,001001,0,108,1
304,001177,0,108,1
305,001200,0,108,1
306,001377,0,108,1
307,001000,0,108,1
308,001001,0,108,1
309,001177,0,108,1
310,001200,0,108,1
311,001377,0,108,1
312,001000,0,108,1
313,001001,0,108,1
314,001177,0,108,1
315,001200,0,108,1
316,001377,0,108,1
317,001000,0,108,1
318,001001,0,108,1
319,001177,0,108,1
320,001200,0,108,1
321,001377,0,108,1
322,001000,0,108,1
323,001001,0,108,1
324,001177,0,108,1
325,001200,0,108,1
326,001377,0,108,1
327,001000,0,108,1
328,001001,0,108,1
329,001177,0,108,1
330,001200,0,108,1
331,001377,0,108,1
332,001000,0,108,1
333,001001,0,108,1
334,001177,0,108,1
335,001200,0,108,1
336,001377,0,108,1
337,001000,0,108,1
338,001001,0,108,1
339,001177,0,108,1
340,001200,0,108,1
341,001377,0,108,1
342,001000,0,108,1
343,001001,0,108,1
344,001177,0,108,1
345,001200,0,108,1
346,001377,0,108,1
347,001000,0,108,1
348,001001,0,108,1
349,001177,0,108,1
350,001200,0,108,1
351,001377,0,108,1
352,001000,0,108,1
353,001001,0,108,1
354,001177,0,108,1
355,001200,0,108,1
356,001377,0,108,1
357,001000,0,108,1
358,001001,0,108,1
359,001177,0,108,1
360,001200,0,108,1
361,001377,0,108,1
362,001000,0,108,1
363,001001,0,108,1
364,001177,0,108,1
365,001200,0,108,1
366,001377,0,108,1
367,001000,0,108,1
368,001001,0,108,1
369,001177,0,108,1
370,001200,0,108,1
371,001377,0,108,1
372,001000,0,108,1
373,001001,0,108,1
374,001177,0,108,1
375,001200,0,108,1
376,001377,0,108,1
377,001000,0,108,1
378,001001,0,108,1
379,001177,0,108,1
380,001200,0,108,1
381,001377,0,108,1
382,001000,0,108,1
383,001001,0,108,1
384,001177,0,108,1
385,001200,0,108,1
386,001377,0,108,1
387,001000,0,108,1
388,001001,0,108,1
389,001177,0,108,1
390,001200,0,108,1
391,001377,0,108,1
392,001000,0,108,1
393,001001,0,108,1
394,001177,0,108,1
395,001200,0,108,1
396,001377,0,108,1
397,001000,0,108,1
398,001001,0,108,1
399,001177,0,108,1
400,001200,0,108,1
401,001377,0,108,1
402,001000,0,108,1
403,001001,0,108,1
404,001177,0,108,1
405,001200,0,108,1
406,001377,0,108,1
407,001000,0,108,1
408,001001,0,108,1
409,001177,0,108,1
410,001200,0,108,1
411,001377,0,108,1
412,001000,0,108,1
413,001001,0,108,1
414,001177,0,108,1
415,001200,0,108,1
416,001377,0,108,1
417,001000,0,108,1
418,001001,0,108,1
419,001177,0,108,1
420,001200,0,108,1
421,001377,0,108,1
422,001000,0,108,1
423,001001,0,108,1
424,001177,0,108,1
425,001200,0,108,1
426,001377,0,108,1
427,001000,0,108,1
428,001001,0,108,1
429,001177,0,108,1
430,001200,0,108,1
431,001377,0,108,1
432,001000,0,108,1
433,001001,0,108,1
434,001177,0,108,1
435,001200,0,108,1
436,001377,0,108,1
437,001000,0,108,1
438,001001,0,108,1
439,001177,0,108,1
440,001200,0,108,1
441,001377,0,108,1
442,001000,0,108,1
443,001001,0,108,1
444,001177,0,108,1
445,001200,0,108,1
446,001377,0,108,1
447,001000,0,108,1
448,001001,0,108,1
449,001177,0,108,1
450,001200,0,108,1
451,001377,0,108,1
452,001000,0,108,1
453,001001,0,108,1
454,001177,0,108,1
455,001200,0,108,1
456,001377,0,108,1
457,001000,0,108,1
458,001001,0,108,1
459,001177,0,108,1
460,001200,0,108,1
461,001377,0,108,1
462,001000,0,108,1
463,001001,0,108,1
464,001177,0,108,1
465,001200,0,108,1
466,001377,0,108,1
467,001000,0,108,1
468,001001,0,108,1
469,001177,0,108,1
470,001200,0,108,1
471,001377,0,108,1
472,001000,0,108,1
473,001001,0,108,1
474,001177,0,108,1
475,001200,0,108,1
476,001377,0,108,1
477,001000,0,108,1
478,001001,0,108,1
479,001177,0,108,1
480,001600,0,108,1
481,001777,0,108,1
482,001400,0,108,1
483,001401,0,108,1
484,001577,0,108,1
485,001600,0,108,1
486,001777,0,108,1
487,001400,0,108,1
488,001401,0,108,1
489,001577,0,108,1
490,001600,0,108,1
491,001777,0,108,1
492,001400,0,108,1
493,001401,0,108,1
494,001577,0,108,1
495,001600,0,108,1
496,001777,0,108,1
497,001400,0,108,1
498,001401,0,108,1
499,001577,0,108,1
500,001600,0,108,1
501,001777,0,108,1
502,001400,0,108,1
503,001401,0,108,1
504,001577,0,108,1
505,001600,0,108,1
506,001777,0,108,1
507,001400,0,108,1
508,001401,0,108,1
509,001577,0,108,1
510,001600,0,108,1
511,001777,0,108,1
512,001400,0,108,1
513,001401,0,108,1
514,001577,0,108,1
515,001600,0,108,1
516,001777,0,108,1
517,001400,0,108,1
518,001401,0,108,1
519,001577,0,108,1
520,001600,0,108,1
521,001777,0,108,1
522,001400,0,108,1
523,001401,0,108,1
524,001577,0,108,1
525,001600,0,108,1
526,001777,0,108,1
527,001400,0,108,1
528,001401,0,108,1
529,001577,0,108,1
530,001600,0,108,1
531,001777,0,108,1
532,001400,0,108,1
533,001401,0,108,1
534,001577,0,108,1
535,001600,0,108,1
536,001777,0,108,1
537,001400,0,108,1
538,001401,0,108,1
539,001577,0,108,1
540,001600,0,108,1
541,001777,0,108,1
542,001400,0,108,1
543,001401,0,108,1
544,001577,0,108,1
545,001600,0,108,1
546,001777,0,108,1
547,001400,0,108,1
548,001401,0,108,1
549,001577,0,108,1
550,001600,0,108,1
551,001777,0,108,1
552,001400,0,108,1
553,001401,0,108,1
554,001577,0,108,1
555,001600,0,108,1
556,001777,0,108,1
557,001400,0,108,1
558,001401,0,108,1
559,001577,0,108,1
560,001600,0,108,1
561,001777,0,108,1
562,001400,0,108,1
563,001401,0,108,1
564,001577,0,108,1
565,001600,0,108,1
566,001777,0,108,1
567,001400,0,108,1
568,001401,0,108,1
569,001577,0,108,1
570,001600,0,108,1
571,001777,0,108,1
572,001400,0,108,1
573,001401,0,108,1
574,001577,0,108,1
575,001600,0,108,1
576,001777,0,108,1
577,001400,0,108,1
578,001401,0,108,1
579,001577,0,108,1
580,001600,0,108,1
581,001777,0,108,1
582,001400,0,108,1
583,001401,0,108,1
584,001577,0,108,1
585,001600,0,108,1
586,001777,0,108,1
587,001400,0,108,1
588,001401,0,108,1
589,001577,0,108,1
590,001600,0,108,1
591,001777,0,108,1
592,001400,0,108,1
593,001401,0,108,1
594,001577,0,108,1
595,001600,0,108,1
596,001777,0,108,1
597,001400,0,108,1
598,001401,0,108,1
599,001577,0,108,1
600,001600,0,108,1
601,001777,0,108,1
602,001400,0,108,1
603,001401,0,108,1
604,001577,0,108,1
605,001600,0,108,1
606,001777,0,108,1
607,001400,0,108,1
608,001401,0,108,1
609,001577,0,108,1
610,001600,0,108,1
611,001777,0,108,1
612,001400,0,108,1
613,001401,0,108,1
614,001577,0,108,1
615,001600,0,108,1
616,001777,0,108,1
617,001400,0,108,1
618,001401,0,108,1
619,001577,0,108,1
620,001600,0,108,1
621,001777,0,108,1
622,001400,0,108,1
623,001401,0,108,1
624,001577,0,108,1
625,001600,0,108,1
626,001777,0,108,1
627,001400,0,108,1
628,001401,0,108,1
629,001577,0,108,1
630,001600,0,108,1
631,001777,0,108,1
632,001400,0,108,1
633,001401,0,108,1
634,001577,0,108,1
635,001600,0,108,1
636,001777,0,108,1
637,001400,0,108,1
638,001401,0,108,1
639,001577,0,108,1
640,001600,0,108,1
641,001777,0,108,1
642,001400,0,108,1
643,001401,0,108,1
644,001577,0,108,1
645,001600,0,108,1
646,001777,0,108,1
647,001400,0,108,1
648,001401,0,108,1
649,001577,0,108,1
650,001600,0,108,1
651,001777,0,108,1
652,001400,0,108,1
653,001401,0,108,1
654,001577,0,108,1
655,001600,0,108,1
656,001777,0,108,1
657,001400,0,108,1
658,001401,0,108,1
659,001577,0,108,1
660,001600,0,108,1
661,001777,0,108,1
662,001400,0,108,1
663,001401,0,108,1
664,001577,0,108,1
665,001600,0,108,1
666,001777,0,108,1
667,001400,0,108,1
668,001401,0,108,1
669,001577,0,108,1
670,001600,0,108,1
671,001777,0,108,1
672,001400,0,108,1
673,001401,0,108,1
674,001577,0,108,1
675,001600,0,108,1
676,001777,0,108,1
677,001400,0,108,1
678,001401,0,108,1
679,001577,0,108,1
680,001600,0,108,1
681,001777,0,108,1
682,001400,0,108,1
683,001401,0,108,1
684,001577,0,108,1
685,001600,0,108,1
686,001777,0,108,1
687,001400,0,108,1
688,001401,0,108,1
689,001577,0,108,1
690,001600,0,108,1
691,001777,0,108,1
692,001400,0,108,1
693,001401,0,108,1
694,001577,0,108,1
695,001600,0,108,1
696,001777,0,108,1
697,001400,0,108,1
698,001401,0,108,1
699,001577,0,108,1
700,001600,0,108,1
701,001777,0,108,1
702,001400,0,108,1
703,001401,0,108,1
704,001577,0,108,1
705,001600,0,108,1
706,001777,0,108,1
707,001400,0,108,1
708,001401,0,108,1
709,001577,0,108,1
710,001600,0,108,1
711,001777,0,108,1
712,001400,0,108,1
713,001401,0,108,1
714,001577,0,108,1
715,001600,0,108,1
716,001777,0,108,1
717,001400,0,108,1
718,001401,0,108,1
719,001577,0,108,1
720,002200,0,109,1
721,002377,0,109,1
722,002000,0,109,1
723,002001,0,109,1
724,002177,0,109,1
725,002200,0,109,1
726,002377,0,109,1
727,002000,0,109,1
728,002001,0,109,1
729,002177,0,109,1
730,002200,0,109,1
731,002377,0,109,1
732,002000,0,109,1
733,002001,0,109,1
734,002177,0,109,1
735,002200,0,109,1
736,002377,0,109,1
737,002000,0,109,1
738,002001,0,109,1
739,002177,0,109,1
740,002200,0,109,1
741,002377,0,109,1
742,002000,0,109,1
743,002001,0,109,1
744,002177,0,109,1
745,002200,0,109,1
746,002377,0,109,1
747,002000,0,109,1
748,002001,0,109,1
749,002177,0,109,1
750,002200,0,109,1
751,002377,0,109,1
752,002000,0,109,1
753,002001,0,109,1
754,002177,0,109,1
755,002200,0,109,1
756,002377,0,109,1
757,002000,0,109,1
758,002001,0,109,1
759,002177,0,109,1
760,002200,0,109,1
761,002377,0,109,1
762,002000,0,109,1
763,002001,0,109,1
764,002177,0,109,1
765,002200,0,109,1
766,002377,0,109,1
767,002000,0,109,1
768,002001,0,109,1
769,002177,0,109,1
770,002200,0,109,1
771,002377,0,109,1
772,002000,0,109,1
773,002001,0,109,1
774,002177,0,109,1
775,002200,0,109,1
776,002377,0,109,1
777,002000,0,109,1
778,002001,0,109,1
779,002177,0,109,1
780,002200,0,109,1
781,002377,0,109,1
782,002000,0,109,1
783,002001,0,109,1
784,002177,0,109,1
785,002200,0,109,1
786,002377,0,109,1
787,002000,0,109,1
788,002001,0,109,1
789,002177,0,109,1
790,002200,0,109,1
791,002377,0,109,1
792,002000,0,109,1
793,002001,0,109,1
794,002177,0,109,1
795,002200,0,109,1
796,002377,0,109,1
797,002000,0,109,1
798,002001,0,109,1
799,002177,0,109,1
800,002200,0,109,1
801,002377,0,109,1
802,002000,0,109,1
803,002001,0,109,1
804,002177,0,109,1
805,002200,0,109,1
806,002377,0,109,1
807,002000,0,109,1
808,002001,0,109,1
809,002177,0,109,1
810,002200,0,109,1
811,002377,0,109,1
812,002000,0,109,1
813,002001,0,109,1
814,002177,0,109,1
815,002200,0,109,1
816,002377,0,109,1
817,002000,0,109,1
818,002001,0,109,1
819,002177,0,109,1
820,002200,0,109,1
821,002377,0,109,1
822,002000,0,109,1
823,002001,0,109,1
824,002177,0,109,1
825,002200,0,109,1
826,002377,0,109,1
827,002000,0,109,1
828,002001,0,109,1
829,002177,0,109,1
830,002200,0,109,1
831,002377,0,109,1
832,002000,0,109,1
833,002001,0,109,1
834,002177,0,109,1
835,002200,0,109,1
836,002377,0,109,1
837,002000,0,109,1
838,002001,0,109,1
839,002177,0,109,1
840,002200,0,109,1
841,002377,0,109,1
842,002000,0,109,1
843,002001,0,109,1
844,002177,0,109,1
845,002200,0,109,1
846,002377,0,109,1
847,002000,0,109,1
848,002001,0,109,1
849,002177,0,109,1
850,002200,0,109,1
851,002377,0,109,1
852,002000,0,109,1
853,002001,0,109,1
854,002177,0,109,1
855,002200,0,109,1
856,002377,0,109,1
857,002000,0,109,1
858,002001,0,109,1
859,002177,0,109,1
860,002200,0,109,1
861,002377,0,109,1
862,002000,0,109,1
863,002001,0,109,1
864,002177,0,109,1
865,002200,0,109,1
866,002377,0,109,1
867,002000,0,109,1
868,002001,0,109,1
869,002177,0,109,1
870,002200,0,109,1
871,002377,0,109,1
872,002000,0,109,1
873,002001,0,109,1
874,002177,0,109,1
875,002200,0,109,1
876,002377,0,109,1
877,002000,0,109,1
878,002001,0,109,1
879,002177,0,109,1
880,002200,0,109,1
881,002377,0,109,1
882,002000,0,109,1
883,002001,0,109,1
884,002177,0,109,1
885,002200,0,109,1
886,002377,0,109,1
887,002000,0,109,1
888,002001,0,109,1
889,002177,0,109,1
890,002200,0,109,1
891,002377,0,109,1
892,002000,0,109,1
893,002001,0,109,1
894,002177,0,109,1
895,002200,0,109,1
896,002377,0,109,1
897,002000,0,109,1
898,002001,0,109,1
899,002177,0,109,1
900,002200,0,109,1
901,002377,0,109,1
902,002000,0,109,1
903,002001,0,109,1
904,002177,0,109,1
905,002200,0,109,1
906,002377,0,109,1
907,002000,0,109,1
908,002001,0,109,1
909,002177,0,109,1
910,002200,0,109,1
911,002377,0,109,1
912,002000,0,109,1
913,002001,0,109,1
914,002177,0,109,1
915,002200,0,109,1
916,002377,0,109,1
917,002000,0,109,1
918,002001,0,109,1
919,002177,0,109,1
920,002200,0,109,1
921,002377,0,109,1
922,002000,0,109,1
923,002001,0,109,1
924,002177,0,109,1
925,002200,0,109,1
926,002377,0,109,1
927,002000,0,109,1
928,002001,0,109,1
929,002177,0,109,1
930,002200,0,109,1
931,002377,0,109,1
932,002000,0,109,1
933,002001,0,109,1
934,002177,0,109,1
935,002200,0,109,1
936,002377,0,109,1
937,002000,0,109,1
938,002001,0,109,1
939,002177,0,109,1
940,002200,0,109,1
941,002377,0,109,1
942,002000,0,109,1
943,002001,0,109,1
944,002177,0,109,1
945,002200,0,109,1
946,002377,0,109,1
947,002000,0,109,1
948,002001,0,109,1
949,002177,0,109,1
950,002200,0,109,1
951,002377,0,109,1
952,002000,0,109,1
953,002001,0,109,1
954,002177,0,109,1
955,002200,0,109,1
956,002377,0,109,1
957,002000,0,109,1
958,002001,0,109,1
959,002177,0,109,1
960,002600,0,109,1
961,002777,0,109,1
962,002400,0,109,1
963,002401,0,109,1
964,002577,0,109,1
965,002600,0,109,1
966,002777,0,109,1
967,002400,0,109,1
968,002401,0,109,1
969,002577,0,109,1
970,002600,0,109,1
971,002777,0,109,1
972,002400,0,109,1
973,002401,0,109,1
974,002577,0,109,1
975,002600,0,109,1
976,002777,0,109,1
977,002400,0,109,1
978,002401,0,109,1
979,002577,0,109,1
980,002600,0,109,1
981,002777,0,109,1
982,002400,0,109,1
983,002401,0,109,1
984,002577,0,109,1
985,002600,0,109,1
986,002777,0,109,1
987,002400,0,109,1
988,002401,0,109,1
989,002577,0,109,1
990,002600,0,109,1
991,002777,0,109,1
992,002400,0,109,1
993,002401,0,109,1
994,002577,0,109,1
995,002600,0,109,1
996,002777,0,109,1
997,002400,0,109,1
998,002401,0,109,1
999,002577,0,109,1
1000,002600,0,109,1
1001,002777,0,109,1
1002,002400,0,109,1
1003,002401,0,109,1
1004,002577,0,109,1
1005,002600,0,109,1
1006,002777,0,109,1
1007,002400,0,109,1
1008,002401,0,109,1
1009,002577,0,109,1
1010,002600,0,109,1
1011,002777,0,109,1
1012,002400,0,109,1
1013,002401,0,109,1
1014,002577,0,109,1
1015,002600,0,109,1
1016,002777,0,109,1
1017,002400,0,109,1
1018,002401,0,109,1
1019,002577,0,109,1
1020,002600,0,109,1
1021,002777,0,109,1
1022,002400,0,109,1
1023,002401,0,109,1
1024,002577,0,109,1
1025,002600,0,109,1
1026,002777,0,109,1
1027,002400,0,109,1
1028,002401,0,109,1
1029,002577,0,109,1
1030,002600,0,109,1
1031,002777,0,109,1
1032,002400,0,109,1
1033,002401,0,109,1
1034,002577,0,109,1
1035,002600,0,109,1
1036,002777,0,109,1
1037,002400,0,109,1
1038,002401,0,109,1
1039,002577,0,109,1
1040,002600,0,109,1
1041,002777,0,109,1
1042,002400,0,109,1
1043,002401,0,109,1
1044,002577,0,109,1
1045,002600,0,109,1
1046,002777,0,109,1
1047,002400,0,109,1
1048,002401,0,109,1
1049,002577,0,109,1
1050,002600,0,109,1
1051,002777,0,109,1
1052,002400,0,109,1
1053,002401,0,109,1
1054,002577,0,109,1
1055,002600,0,109,1
1056,002777,0,109,1
1057,002400,0,109,1
1058,002401,0,109,1
1059,002577,0,109,1
1060,002600,0,109,1
1061,002777,0,109,1
1062,002400,0,109,1
1063,002401,0,109,1
1064,002577,0,109,1
1065,002600,0,109,1
1066,002777,0,109,1
1067,002400,0,109,1
1068,002401,0,109,1
1069,002577,0,109,1
1070,002600,0,109,1
1071,002777,0,109,1
1072,002400,0,109,1
1073,002401,0,109,1
1074,002577,0,109,1
1075,002600,0,109,1
1076,002777,0,109,1
1077,002400,0,109,1
1078,002401,0,109,1
1079,002577,0,109,1
1080,002600,0,109,1
1081,002777,0,109,1
1082,002400,0,109,1
1083,002401,0,109,1
1084,002577,0,109,1
1085,002600,0,109,1
1086,002777,0,109,1
1087,002400,0,109,1
1088,002401,0,109,1
1089,002577,0,109,1
1090,002600,0,109,1
1091,002777,0,109,1
1092,002400,0,109,1
1093,002401,0,109,1
1094,002577,0,109,1
1095,002600,0,109,1
1096,002777,0,109,1
1097,002400,0,109,1
1098,002401,0,109,1
1099,002577,0,109,1
1100,002600,0,109,1
1101,002777,0,109,1
1102,002400,0,109,1
1103,002401,0,109,1
1104,002577,0,109,1
1105,002600,0,109,1
1106,002777,0,109,1
1107,002400,0,109,1
1108,002401,0,109,1
1109,002577,0,109,1
1110,002600,0,109,1
1111,002777,0,109,1
1112,002400,0,109,1
1113,002401,0,109,1
1114,002577,0,109,1
1115,002600,0,109,1
1116,002777,0,109,1
1117,002400,0,109,1
1118,002401,0,109,1
1119,002577,0,109,1
1120,002600,0,109,1
1121,002777,0,109,1
1122,002400,0,109,1
1123,002401,0,109,1
1124,002577,0,109,1
1125,002600,0,109,1
1126,002777,0,109,1
1127,002400,0,109,1
1128,002401,0,109,1
1129,002577,0,109,1
1130,002600,0,109,1
1131,002777,0,109,1
1132,002400,0,109,1
1133,002401,0,109,1
1134,002577,0,109,1
1135,002600,0,109,1
1136,002777,0,109,1
1137,002400,0,109,1
1138,002401,0,109,1
1139,002577,0,109,1
1140,002600,0,109,1
1141,002777,0,109,1
1142,002400,0,109,1
1143,002401,0,109,1
1144,002577,0,109,1
1145,002600,0,109,1
1146,002777,0,109,1
1147,002400,0,109,1
1148,002401,0,109,1
1149,002577,0,109,1
1150,002600,0,109,1
1151,002777,0,109,1
1152,002400,0,109,1
1153,002401,0,109,1
1154,002577,0,109,1
1155,002600,0,109,1
1156,002777,0,109,1
1157,002400,0,109,1
1158,002401,0,109,1
1159,002577,0,109,1
1160,002600,0,109,1
1161,002777,0,109,1
1162,002400,0,109,1
1163,002401,0,109,1
1164,002577,0,109,1
1165,002600,0,109,1
1166,002777,0,109,1
1167,002400,0,109,1
1168,002401,0,109,1
1169,002577,0,109,1
1170,002600,0,109,1
1171,002777,0,109,1
1172,002400,0,109,1
1173,002401,0,109,1
1174,002577,0,109,1
1175,002600,0,109,1
1176,002777,0,109,1
1177,002400,0,109,1
1178,002401,0,109,1
1179,002577,0,109,1
1180,002600,0,109,1
1181,002777,0,109,1
1182,002400,0,109,1
1183,002401,0,109,1
1184,002577,0,109,1
1185,002600,0,109,1
1186,002777,0,109,1
1187,002400,0,109,1
1188,002401,0,109,1
1189,002577,0,109,1
1190,002600,0,109,1
1191,002777,0,109,1
1192,002400,0,109,1
1193,002401,0,109,1
1194,002577,0,109,1
1195,002600,0,109,1
1196,002777,0,109,1
1197,002400,0,109,1
1198,002401,0,109,1
1199,002577,0,109,1
1200,003200,0,110,1
1201,003377,0,110,1
1202,003000,0,110,1
1203,003001,0,110,1
1204,003177,0,110,1
1205,003200,0,110,1
1206,003377,0,110,1
1207,003000,0,110,1
1208,003001,0,110,1
1209,003177,0,110,1
1210,003200,0,110,1
1211,003377,0,110,1
1212,003000,0,110,1
1213,003001,0,110,1
1214,003177,0,110,1
1215,003200,0,110,1
1216,003377,0,110,1
1217,003000,0,110,1
1218,003001,0,110,1
1219,003177,0,110,1
1220,003200,0,110,1
1221,003377,0,110,1
1222,003000,0,110,1
1223,003001,0,110,1
1224,003177,0,110,1
1225,003200,0,110,1
1226,003377,0,110,1
1227,003000,0,110,1
1228,003001,0,110,1
1229,003177,0,110,1
1230,003200,0,110,1
1231,003377,0,110,1
1232,003000,0,110,1
1233,003001,0,110,1
1234,003177,0,110,1
1235,003200,0,110,1
1236,003377,0,110,1
1237,003000,0,110,1
1238,003001,0,110,1
1239,003177,0,110,1
1240,003200,0,110,1
1241,003377,0,110,1
1242,003000,0,110,1
1243,003001,0,110,1
1244,003177,0,110,1
1245,003200,0,110,1
1246,003377,0,110,1
1247,003000,0,110,1
1248,003001,0,110,1
1249,003177,0,110,1
1250,003200,0,110,1
1251,003377,0,110,1
1252,003000,0,110,1
1253,003001,0,110,1
1254,003177,0,110,1
1255,003200,0,110,1
1256,003377,0,110,1
1257,003000,0,110,1
1258,003001,0,110,1
1259,003177,0,110,1
1260,003200,0,108,1
1261,003377,0,108,1
1262,003000,0,108,1
1263,003001,0,108,1
1264,003177,0,108,1
1265,003200,0,108,1
1266,003377,0,108,1
1267,003000,0,108,1
1268,003001,0,108,1
1269,003177,0,108,1
1270,003200,0,108,1
1271,003377,0,108,1
1272,003000,0,108,1
1273,003001,0,108,1
1274,003177,0,108,1
1275,003200,0,108,1
1276,003377,0,108,1
1277,003000,0,108,1
1278,003001,0,108,1
1279,003177,0,108,1
1280,003200,0,108,1
1281,003377,0,108,1
1282,003000,0,108,1
1283,003001,0,108,1
1284,003177,0,108,1
1285,003200,0,108,1
1286,003377,0,108,1
1287,003000,0,108,1
1288,003001,0,108,1
1289,003177,0,108,1
1290,003200,0,108,1
1291,003377,0,108,1
1292,003000,0,108,1
1293,003001,0,108,1
1294,003177,0,108,1
1295,003200,0,108,1
1296,003377,0,108,1
1297,003000,0,108,1
1298,003001,0,108,1
1299,003177,0,108,1
1300,003200,0,108,1
1301,003377,0,108,1
1302,003000,0,108,1
1303,003001,0,108,1
1304,003177,0,108,1
1305,003200,0,108,1
1306,003377,0,108,1
1307,003000,0,108,1
1308,003001,0,108,1
1309,003177,0,108,1
1310,003200,0,108,1
1311,003377,0,108,1
1312,003000,0,108,1
1313,003001,0,108,1
1314,003177,0,108,1
1315,003200,0,108,1
1316,003377,0,108,1
1317,003000,0,108,1
1318,003001,0,108,1
1319,003177,0,108,1
1320,003200,0,110,1
1321,003377,0,110,1
1322,003000,0,110,1
1323,003001,0,110,1
1324,003177,0,110,1
1325,003200,0,110,1
1326,003377,0,110,1
1327,003000,0,110,1
1328,003001,0,110,1
1329,003177,0,110,1
1330,003200,0,110,1
1331,003377,0,110,1
1332,003000,0,110,1
1333,003001,0,110,1
1334,003177,0,110,1
1335,003200,0,110,1
1336,003377,0,110,1
1337,003000,0,110,1
1338,003001,0,110,1
1339,003177,0,110,1
1340,003200,0,110,1
1341,003377,0,110,1
1342,003000,0,110,1
1343,003001,0,110,1
1344,003177,0,110,1
1345,003200,0,110,1
1346,003377,0,110,1
1347,003000,0,110,1
1348,003001,0,110,1
1349,003177,0,110,1
1350,003200,0,110,1
1351,003377,0,110,1
1352,003000,0,110,1
1353,003001,0,110,1
1354,003177,0,110,1
1355,003200,0,110,1
1356,003377,0,110,1
1357,003000,0,110,1
1358,003001,0,110,1
1359,003177,0,110,1
1360,003200,0,110,1
1361,003377,0,110,1
1362,003000,0,110,1
1363,003001,0,110,1
1364,003177,0,110,1
1365,003200,0,110,1
1366,003377,0,110,1
1367,003000,0,110,1
1368,003001,0,110,1
1369,003177,0,110,1
1370,003200,0,110,1
1371,003377,0,110,1
1372,003000,0,110,1
1373,003001,0,110,1
1374,003177,0,110,1
1375,003200,0,110,1
1376,003377,0,110,1
1377,003000,0,110,1
1378,003001,0,110,1
1379,003177,0,110,1
1380,003200,0,108,1
1381,003377,0,108,1
1382,003000,0,108,1
1383,003001,0,108,1
1384,003177,0,108,1
1385,003200,0,108,1
1386,003377,0,108,1
1387,003000,0,108,1
1388,003001,0,108,1
1389,003177,0,108,1
1390,003200,0,108,1
1391,003377,0,108,1
1392,003000,0,108,1
1393,003001,0,108,1
1394,003177,0,108,1
1395,003200,0,108,1
1396,003377,0,108,1
1397,003000,0,108,1
1398,003001,0,108,1
1399,003177,0,108,1
1400,003200,0,108,1
1401,003377,0,108,1
1402,003000,0,108,1
1403,003001,0,108,1
1404,003177,0,108,1
1405,003200,0,108,1
1406,003377,0,108,1
1407,003000,0,108,1
1408,003001,0,108,1
1409,003177,0,108,1
1410,003200,0,108,1
1411,003377,0,108,1
1412,003000,0,108,1
1413,003001,0,108,1
1414,003177,0,108,1
1415,003200,0,108,1
1416,003377,0,108,1
1417,003000,0,108,1
1418,003001,0,108,1
1419,003177,0,108,1
1420,003200,0,108,1
1421,003377,0,108,1
1422,003000,0,108,1
1423,003001,0,108,1
1424,003177,0,108,1
1425,003200,0,108,1
1426,003377,0,108,1
1427,003000,0,108,1
1428,003001,0,108,1
1429,003177,0,108,1
1430,003200,0,108,1
1431,003377,0,108,1
1432,003000,0,108,1
1433,003001,0,108,1
1434,003177,0,108,1
1435,003200,0,108,1
1436,003377,0,108,1
1437,003000,0,108,1
1438,003001,0,108,1
1439,003177,0,108,1
1440,003600,0,110,1
1441,003777,0,110,1
1442,003400,0,110,1
1443,003401,0,110,1
1444,003577,0,110,1
1445,003600,0,110,1
1446,003777,0,110,1
1447,003400,0,110,1
1448,003401,0,110,1
1449,003577,0,110,1
1450,003600,0,110,1
1451,003777,0,110,1
1452,003400,0,110,1
1453,003401,0,110,1
1454,003577,0,110,1
1455,003600,0,110,1
1456,003777,0,110,1
1457,003400,0,110,1
1458,003401,0,110,1
1459,003577,0,110,1
1460,003600,0,110,1
1461,003777,0,110,1
1462,003400,0,110,1
1463,003401,0,110,1
1464,003577,0,110,1
1465,003600,0,110,1
1466,003777,0,110,1
1467,003400,0,110,1
1468,003401,0,110,1
1469,003577,0,110,1
1470,003600,0,110,1
1471,003777,0,110,1
1472,003400,0,110,1
1473,003401,0,110,1
1474,003577,0,110,1
1475,003600,0,110,1
1476,003777,0,110,1
1477,003400,0,110,1
1478,003401,0,110,1
1479,003577,0,110,1
1480,003600,0,110,1
1481,003777,0,110,1
1482,003400,0,110,1
1483,003401,0,110,1
1484,003577,0,110,1
1485,003600,0,110,1
1486,003777,0,110,1
1487,003400,0,110,1
1488,003401,0,110,1
1489,003577,0,110,1
1490,003600,0,110,1
1491,003777,0,110,1
1492,003400,0,110,1
1493,003401,0,110,1
1494,003577,0,110,1
1495,003600,0,110,1
1496,003777,0,110,1
1497,003400,0,110,1
1498,003401,0,110,1
1499,003577,0,110,1
1500,003600,0,108,1
1501,003777,0,108,1
1502,003400,0,108,1
1503,003401,0,108,1
1504,003577,0,108,1
1505,003600,0,108,1
1506,003777,0,108,1
1507,003400,0,108,1
1508,003401,0,108,1
1509,003577,0,108,1
1510,003600,0,108,1
1511,003777,0,108,1
1512,003400,0,108,1
1513,003401,0,108,1
1514,003577,0,108,1
1515,003600,0,108,1
1516,003777,0,108,1
1517,003400,0,108,1
1518,003401,0,108,1
1519,003577,0,108,1
1520,003600,0,108,1
1521,003777,0,108,1
1522,003400,0,108,1
1523,003401,0,108,1
1524,003577,0,108,1
1525,003600,0,108,1
1526,003777,0,108,1
1527,003400,0,108,1
1528,003401,0,108,1
1529,003577,0,108,1
1530,003600,0,108,1
1531,003777,0,108,1
1532,003400,0,108,1
1533,003401,0,108,1
1534,003577,0,108,1
1535,003600,0,108,1
1536,003777,0,108,1
1537,003400,0,108,1
1538,003401,0,108,1
1539,003577,0,108,1
1540,003600,0,108,1
1541,003777,0,108,1
1542,003400,0,108,1
1543,003401,0,108,1
1544,003577,0,108,1
1545,003600,0,108,1
1546,003777,0,108,1
1547,003400,0,108,1
1548,003401,0,108,1
1549,003577,0,108,1
1550,003600,0,108,1
1551,003777,0,108,1
1552,003400,0,108,1
1553,003401,0,108,1
1554,003577,0,108,1
1555,003600,0,108,1
1556,003777,0,108,1
1557,003400,0,108,1
1558,003401,0,108,1
1559,003577,0,108,1
1560,003600,0,110,1
1561,003777,0,110,1
1562,003400,0,110,1
1563,003401,0,110,1
1564,003577,0,110,1
1565,003600,0,110,1
1566,003777,0,110,1
1567,003400,0,110,1
1568,003401,0,110,1
1569,003577,0,110,1
1570,003600,0,110,1
1571,003777,0,110,1
1572,003400,0,110,1
1573,003401,0,110,1
1574,003577,0,110,1
1575,003600,0,110,1
1576,003777,0,110,1
1577,003400,0,110,1
1578,003401,0,110,1
1579,003577,0,110,1
1580,003600,0,110,1
1581,003777,0,110,1
1582,003400,0,110,1
1583,003401,0,110,1
1584,003577,0,110,1
1585,003600,0,110,1
1586,003777,0,110,1
1587,003400,0,110,1
1588,003401,0,110,1
1589,003577,0,110,1
1590,003600,0,110,1
1591,003777,0,110,1
1592,003400,0,110,1
1593,003401,0,110,1
1594,003577,0,110,1
1595,003600,0,110,1
1596,003777,0,110,1
1597,003400,0,110,1
1598,003401,0,110,1
1599,003577,0,110,1
1600,003600,0,110,1
1601,003777,0,110,1
1602,003400,0,110,1
1603,003401,0,110,1
1604,003577,0,110,1
1605,003600,0,110,1
1606,003777,0,110,1
1607,003400,0,110,1
1608,003401,0,110,1
1609,003577,0,110,1
1610,003600,0,110,1
1611,003777,0,110,1
1612,003400,0,110,1
1613,003401,0,110,1
1614,003577,0,110,1
1615,003600,0,110,1
1616,003777,0,110,1
1617,003400,0,110,1
1618,003401,0,110,1
1619,003577,0,110,1
1620,003600,0,108,1
1621,003777,0,108,1
1622,003400,0,108,1
1623,003401,0,108,1
1624,003577,0,108,1
1625,003600,0,108,1
1626,003777,0,108,1
1627,003400,0,108,1
1628,003401,0,108,1
1629,003577,0,108,1
1630,003600,0,108,1
1631,003777,0,108,1
1632,003400,0,108,1
1633,003401,0,108,1
1634,003577,0,108,1
1635,003600,0,108,1
1636,003777,0,108,1
1637,003400,0,108,1
1638,003401,0,108,1
1639,003577,0,108,1
1640,003600,0,108,1
1641,003777,0,108,1
1642,003400,0,108,1
1643,003401,0,108,1
1644,003577,0,108,1
1645,003600,0,108,1
1646,003777,0,108,1
1647,003400,0,108,1
1648,003401,0,108,1
1649,003577,0,108,1
1650,003600,0,108,1
1651,003777,0,108,1
1652,003400,0,108,1
1653,003401,0,108,1
1654,003577,0,108,1
1655,003600,0,108,1
1656,003777,0,108,1
1657,003400,0,108,1
1658,003401,0,108,1
1659,003577,0,108,1
1660,003600,0,108,1
1661,003777,0,108,1
1662,003400,0,108,1
1663,003401,0,108,1
1664,003577,0,108,1
1665,003600,0,108,1
1666,003777,0,108,1
1667,003400,0,108,1
1668,003401,0,108,1
1669,003577,0,108,1
1670,003600,0,108,1
1671,003777,0,108,1
1672,003400,0,108,1
1673,003401,0,108,1
1674,003577,0,108,1
1675,003600,0,108,1
1676,003777,0,108,1
1677,003400,0,108,1
1678,003401,0,108,1
1679,003577,0,108,1
1680,100200,0,108,1
1681,100377,0,108,1
1682,100000,0,108,1
1683,100001,0,108,1
1684,100177,0,108,1
1685,100200,0,108,1
1686,100377,0,108,1
1687,100000,0,108,1
1688,100001,0,108,1
1689,100177,0,108,1
1690,100200,0,108,1
1691,100377,0,108,1
1692,100000,0,108,1
1693,100001,0,108,1
1694,100177,0,108,1
1695,100200,0,108,1
1696,100377,0,108,1
1697,100000,0,108,1
1698,100001,0,108,1
1699,100177,0,108,1
1700,100200,0,108,1
1701,100377,0,108,1
1702,100000,0,108,1
1703,100001,0,108,1
1704,100177,0,108,1
1705,100200,0,108,1
1706,100377,0,108,1
1707,100000,0,108,1
1708,100001,0,108,1
1709,100177,0,108,1
1710,100200,0,108,1
1711,100377,0,108,1
1712,100000,0,108,1
1713,100001,0,108,1
1714,100177,0,108,1
1715,100200,0,108,1
1716,100377,0,108,1
1717,100000,0,108,1
1718,100001,0,108,1
1719,100177,0,108,1
1720,100200,0,108,1
1721,100377,0,108,1
1722,100000,0,108,1
1723,100001,0,108,1
1724,100177,0,108,1
1725,100200,0,108,1
1726,100377,0,108,1
1727,100000,0,108,1
1728,100001,0,108,1
1729,100177,0,108,1
1730,100200,0,108,1
1731,100377,0,108,1
1732,100000,0,108,1
1733,100001,0,108,1
1734,100177,0,108,1
1735,100200,0,108,1
1736,100377,0,108,1
1737,100000,0,108,1
1738,100001,0,108,1
1739,100177,0,108,1
1740,100200,0,108,1
1741,100377,0,108,1
1742,100000,0,108,1
1743,100001,0,108,1
1744,100177,0,108,1
1745,100200,0,108,1
1746,100377,0,108,1
1747,100000,0,108,1
1748,100001,0,108,1
1749,100177,0,108,1
1750,100200,0,108,1
1751,100377,0,108,1
1752,100000,0,108,1
1753,100001,0,108,1
1754,100177,0,108,1
1755,100200,0,108,1
1756,100377,0,108,1
1757,100000,0,108,1
1758,100001,0,108,1
1759,100177,0,108,1
1760,100200,0,108,1
1761,100377,0,108,1
1762,100000,0,108,1
1763,100001,0,108,1
1764,100177,0,108,1
1765,100200,0,108,1
1766,100377,0,108,1
1767,100000,0,108,1
1768,100001,0,108,1
1769,100177,0,108,1
1770,100200,0,108,1
1771,100377,0,108,1
1772,100000,0,108,1
1773,100001,0,108,1
1774,100177,0,108,1
1775,100200,0,108,1
1776,100377,0,108,1
1777,100000,0,108,1
1778,100001,0,108,1
1779,100177,0,108,1
1780,100200,0,108,1
1781,100377,0,108,1
1782,100000,0,108,1
1783,100001,0,108,1
1784,100177,0,108,1
1785,100200,0,108,1
1786,100377,0,108,1
1787,100000,0,108,1
1788,100001,0,108,1
1789,100177,0,108,1
1790,100200,0,108,1
1791,100377,0,108,1
1792,100000,0,108,1
1793,100001,0,108,1
1794,100177,0,108,1
1795,100200,0,108,1
1796,100377,0,108,1
1797,100000,0,108,1
1798,100001,0,108,1
1799,100177,0,108,1
1800,100200,0,108,1
1801,100377,0,108,1
1802,100000,0,108,1
1803,100001,0,108,1
1804,100177,0,108,1
1805,100200,0,108,1
1806,100377,0,108,1
1807,100000,0,108,1
1808,100001,0,108,1
1809,100177,0,108,1
1810,100200,0,108,1
1811,100377,0,108,1
1812,100000,0,108,1
1813,100001,0,108,1
1814,100177,0,108,1
1815,100200,0,108,1
1816,100377,0,108,1
1817,100000,0,108,1
1818,100001,0,108,1
1819,100177,0,108,1
1820,100200,0,108,1
1821,100377,0,108,1
1822,100000,0,108,1
1823,100001,0,108,1
1824,100177,0,108,1
1825,100200,0,108,1
1826,100377,0,108,1
1827,100000,0,108,1
1828,100001,0,108,1
1829,100177,0,108,1
1830,100200,0,108,1
1831,100377,0,108,1
1832,100000,0,108,1
1833,100001,0,108,1
1834,100177,0,108,1
1835,100200,0,108,1
1836,100377,0,108,1
1837,100000,0,108,1
1838,100001,0,108,1
1839,100177,0,108,1
1840,100200,0,108,1
1841,100377,0,108,1
1842,100000,0,108,1
1843,100001,0,108,1
1844,100177,0,108,1
1845,100200,0,108,1
1846,100377,0,108,1
1847,100000,0,108,1
1848,100001,0,108,1
1849,100177,0,108,1
1850,100200,0,108,1
1851,100377,0,108,1
1852,100000,0,108,1
1853,100001,0,108,1
1854,100177,0,108,1
1855,100200,0,108,1
1856,100377,0,108,1
1857,100000,0,108,1
1858,100001,0,108,1
1859,100177,0,108,1
1860,100200,0,108,1
1861,100377,0,108,1
1862,100000,0,108,1
1863,100001,0,108,1
1864,100177,0,108,1
1865,100200,0,108,1
1866,100377,0,108,1
1867,100000,0,108,1
1868,100001,0,108,1
1869,100177,0,108,1
1870,100200,0,108,1
1871,100377,0,108,1
1872,100000,0,108,1
1873,100001,0,108,1
1874,100177,0,108,1
1875,100200,0,108,1
1876,100377,0,108,1
1877,100000,0,108,1
1878,100001,0,108,1
1879,100177,0,108,1
1880,100200,0,108,1
1881,100377,0,108,1
1882,100000,0,108,1
1883,100001,0,108,1
1884,100177,0,108,1
1885,100200,0,108,1
1886,100377,0,108,1
1887,100000,0,108,1
1888,100001,0,108,1
1889,100177,0,108,1
1890,100200,0,108,1
1891,100377,0,108,1
1892,100000,0,108,1
1893,100001,0,108,1
1894,100177,0,108,1
1895,100200,0,108,1
1896,100377,0,108,1
1897,100000,0,108,1
1898,100001,0,108,1
1899,100177,0,108,1
1900,100200,0,108,1
1901,100377,0,108,1
1902,100000,0,108,1
1903,100001,0,108,1
1904,100177,0,108,1
1905,100200,0,108,1
1906,100377,0,108,1
1907,100000,0,108,1
1908,100001,0,108,1
1909,100177,0,108,1
1910,100200,0,108,1
1911,100377,0,108,1
1912,100000,0,108,1
1913,100001,0,108,1
1914,100177,0,108,1
1915,100200,0,108,1
1916,100377,0,108,1
1917,100000,0,108,1
1918,100001,0,108,1
1919,100177,0,108,1
1920,100600,0,108,1
1921,100777,0,108,1
1922,100400,0,108,1
1923,100401,0,108,1
1924,100577,0,108,1
1925,100600,0,108,1
1926,100777,0,108,1
1927,100400,0,108,1
1928,100401,0,108,1
1929,100577,0,108,1
1930,100600,0,108,1
1931,100777,0,108,1
1932,100400,0,108,1
1933,100401,0,108,1
1934,100577,0,108,1
1935,100600,0,108,1
1936,100777,0,108,1
1937,100400,0,108,1
1938,100401,0,108,1
1939,100577,0,108,1
1940,100600,0,108,1
1941,100777,0,108,1
1942,100400,0,108,1
1943,100401,0,108,1
1944,100577,0,108,1
1945,100600,0,108,1
1946,100777,0,108,1
1947,100400,0,108,1
1948,100401,0,108,1
1949,100577,0,108,1
1950,100600,0,108,1
1951,100777,0,108,1
1952,100400,0,108,1
1953,100401,0,108,1
1954,100577,0,108,1
1955,100600,0,108,1
1956,100777,0,108,1
1957,100400,0,108,1
1958,100401,0,108,1
1959,100577,0,108,1
1960,100600,0,108,1
1961,100777,0,108,1
1962,100400,0,108,1
1963,100401,0,108,1
1964,100577,0,108,1
1965,100600,0,108,1
1966,100777,0,108,1
1967,100400,0,108,1
1968,100401,0,108,1
1969,100577,0,108,1
1970,100600,0,108,1
1971,100777,0,108,1
1972,100400,0,108,1
1973,100401,0,108,1
1974,100577,0,108,1
1975,100600,0,108,1
1976,100777,0,108,1
1977,100400,0,108,1
1978,100401,0,108,1
1979,100577,0,108,1
1980,100600,0,108,1
1981,100777,0,108,1
1982,100400,0,108,1
1983,100401,0,108,1
1984,100577,0,108,1
1985,100600,0,108,1
1986,100777,0,108,1
1987,100400,0,108,1
1988,100401,0,108,1
1989,100577,0,108,1
1990,100600,0,108,1
1991,100777,0,108,1
1992,100400,0,108,1
1993,100401,0,108,1
1994,100577,0,108,1
1995,100600,0,108,1
1996,100777,0,108,1
1997,100400,0,108,1
1998,100401,0,108,1
1999,100577,0,108,1
2000,100600,0,108,1
2001,100777,0,108,1
2002,100400,0,108,1
2003,100401,0,108,1
2004,100577,0,108,1
2005,100600,0,108,1
2006,100777,0,108,1
2007,100400,0,108,1
2008,100401,0,108,1
2009,100577,0,108,1
2010,100600,0,108,1
2011,100777,0,108,1
2012,100400,0,108,1
2013,100401,0,108,1
2014,100577,0,108,1
2015,100600,0,108,1
2016,100777,0,108,1
2017,100400,0,108,1
2018,100401,0,108,1
2019,100577,0,108,1
2020,100600,0,108,1
2021,100777,0,108,1
2022,100400,0,108,1
2023,100401,0,108,1
2024,100577,0,108,1
2025,100600,0,108,1
2026,100777,0,108,1
2027,100400,0,108,1
2028,100401,0,108,1
2029,100577,0,108,1
2030,100600,0,108,1
2031,100777,0,108,1
2032,100400,0,108,1
2033,100401,0,108,1
2034,100577,0,108,1
2035,100600,0,108,1
2036,100777,0,108,1
2037,100400,0,108,1
2038,100401,0,108,1
2039,100577,0,108,1
2040,100600,0,108,1
2041,100777,0,108,1
2042,100400,0,108,1
2043,100401,0,108,1
2044,100577,0,108,1
2045,100600,0,108,1
2046,100777,0,108,1
2047,100400,0,108,1
2048,100401,0,108,1
2049,100577,0,108,1
2050,100600,0,108,1
2051,100777,0,108,1
2052,100400,0,108,1
2053,100401,0,108,1
2054,100577,0,108,1
2055,100600,0,108,1
2056,100777,0,108,1
2057,100400,0,108,1
2058,100401,0,108,1
2059,100577,0,108,1
2060,100600,0,108,1
2061,100777,0,108,1
2062,100400,0,108,1
2063,100401,0,108,1
2064,100577,0,108,1
2065,100600,0,108,1
2066,100777,0,108,1
2067,100400,0,108,1
2068,100401,0,108,1
2069,100577,0,108,1
2070,100600,0,108,1
2071,100777,0,108,1
2072,100400,0,108,1
2073,100401,0,108,1
2074,100577,0,108,1
2075,100600,0,108,1
2076,100777,0,108,1
2077,100400,0,108,1
2078,100401,0,108,1
2079,100577,0,108,1
2080,100600,0,108,1
2081,100777,0,108,1
2082,100400,0,108,1
2083,100401,0,108,1
2084,100577,0,108,1
2085,100600,0,108,1
2086,100777,0,108,1
2087,100400,0,108,1
2088,100401,0,108,1
2089,100577,0,108,1
2090,100600,0,108,1
2091,100777,0,108,1
2092,100400,0,108,1
2093,100401,0,108,1
2094,100577,0,108,1
2095,100600,0,108,1
2096,100777,0,108,1
2097,100400,0,108,1
2098,100401,0,108,1
2099,100577,0,108,1
2100,100600,0,108,1
2101,100777,0,108,1
2102,100400,0,108,1
2103,100401,0,108,1
2104,100577,0,108,1
2105,100600,0,108,1
2106,100777,0,108,1
2107,100400,0,108,1
2108,100401,0,108,1
2109,100577,0,108,1
2110,100600,0,108,1
2111,100777,0,108,1
2112,100400,0,108,1
2113,100401,0,108,1
2114,100577,0,108,1
2115,100600,0,108,1
2116,100777,0,108,1
2117,100400,0,108,1
2118,100401,0,108,1
2119,100577,0,108,1
2120,100600,0,108,1
2121,100777,0,108,1
2122,100400,0,108,1
2123,100401,0,108,1
2124,100577,0,108,1
2125,100600,0,108,1
2126,100777,0,108,1
2127,100400,0,108,1
2128,100401,0,108,1
2129,100577,0,108,1
2130,100600,0,108,1
2131,100777,0,108,1
2132,100400,0,108,1
2133,100401,0,108,1
2134,100577,0,108,1
2135,100600,0,108,1
2136,100777,0,108,1
2137,100400,0,108,1
2138,100401,0,108,1
2139,100577,0,108,1
2140,100600,0,108,1
2141,100777,0,108,1
2142,100400,0,108,1
2143,100401,0,108,1
2144,100577,0,108,1
2145,100600,0,108,1
2146,100777,0,108,1
2147,100400,0,108,1
2148,100401,0,108,1
2149,100577,0,108,1
2150,100600,0,108,1
2151,100777,0,108,1
2152,100400,0,108,1
2153,100401,0,108,1
2154,100577,0,108,1
2155,100600,0,108,1
2156,100777,0,108,1
2157,100400,0,108,1
2158,100401,0,108,1
2159,100577,0,108,1
2160,101200,0,109,1
2161,101377,0,109,1
2162,101000,0,109,1
2163,101001,0,109,1
2164,101177,0,109,1
2165,101200,0,109,1
2166,101377,0,109,1
2167,101000,0,109,1
2168,101001,0,109,1
2169,101177,0,109,1
2170,101200,0,109,1
2171,101377,0,109,1
2172,101000,0,109,1
2173,101001,0,109,1
2174,101177,0,109,1
2175,101200,0,108,1
2176,101377,0,108,1
2177,101000,0,108,1
2178,101001,0,108,1
2179,101177,0,108,1
2180,101200,0,108,1
2181,101377,0,108,1
2182,101000,0,108,1
2183,101001,0,108,1
2184,101177,0,108,1
2185,101200,0,108,1
2186,101377,0,108,1
2187,101000,0,108,1
2188,101001,0,108,1
2189,101177,0,108,1
2190,101200,0,109,1
2191,101377,0,109,1
2192,101000,0,109,1
2193,101001,0,109,1
2194,101177,0,109,1
2195,101200,0,109,1
2196,101377,0,109,1
2197,101000,0,109,1
2198,101001,0,109,1
2199,101177,0,109,1
2200,101200,0,109,1
2201,101377,0,109,1
2202,101000,0,109,1
2203,101001,0,109,1
2204,101177,0,109,1
2205,101200,0,108,1
2206,101377,0,108,1
2207,101000,0,108,1
2208,101001,0,108,1
2209,101177,0,108,1
2210,101200,0,108,1
2211,101377,0,108,1
2212,101000,0,108,1
2213,101001,0,108,1
2214,101177,0,108,1
2215,101200,0,108,1
2216,101377,0,108,1
2217,101000,0,108,1
2218,101001,0,108,1
2219,101177,0,108,1
2220,101200,0,109,1
2221,101377,0,109,1
2222,101000,0,109,1
2223,101001,0,109,1
2224,101177,0,109,1
2225,101200,0,109,1
2226,101377,0,109,1
2227,101000,0,109,1
2228,101001,0,109,1
2229,101177,0,109,1
2230,101200,0,109,1
2231,101377,0,109,1
2232,101000,0,109,1
2233,101001,0,109,1
2234,101177,0,109,1
2235,101200,0,108,1
2236,101377,0,108,1
2237,101000,0,108,1
2238,101001,0,108,1
2239,101177,0,108,1
2240,101200,0,108,1
2241,101377,0,108,1
2242,101000,0,108,1
2243,101001,0,108,1
2244,101177,0,108,1
2245,101200,0,108,1
2246,101377,0,108,1
2247,101000,0,108,1
2248,101001,0,108,1
2249,101177,0,108,1
2250,101200,0,109,1
2251,101377,0,109,1
2252,101000,0,109,1
2253,101001,0,109,1
2254,101177,0,109,1
2255,101200,0,109,1
2256,101377,0,109,1
2257,101000,0,109,1
2258,101001,0,109,1
2259,101177,0,109,1
2260,101200,0,109,1
2261,101377,0,109,1
2262,101000,0,109,1
2263,101001,0,109,1
2264,101177,0,109,1
2265,101200,0,108,1
2266,101377,0,108,1
2267,101000,0,108,1
2268,101001,0,108,1
2269,101177,0,108,1
2270,101200,0,108,1
2271,101377,0,108,1
2272,101000,0,108,1
2273,101001,0,108,1
2274,101177,0,108,1
2275,101200,0,108,1
2276,101377,0,108,1
2277,101000,0,108,1
2278,101001,0,108,1
2279,101177,0,108,1
2280,101200,0,109,1
2281,101377,0,109,1
2282,101000,0,109,1
2283,101001,0,109,1
2284,101177,0,109,1
2285,101200,0,109,1
2286,101377,0,109,1
2287,101000,0,109,1
2288,101001,0,109,1
2289,101177,0,109,1
2290,101200,0,109,1
2291,101377,0,109,1
2292,101000,0,109,1
2293,101001,0,109,1
2294,101177,0,109,1
2295,101200,0,108,1
2296,101377,0,108,1
2297,101000,0,108,1
2298,101001,0,108,1
2299,101177,0,108,1
2300,101200,0,108,1
2301,101377,0,108,1
2302,101000,0,108,1
2303,101001,0,108,1
2304,101177,0,108,1
2305,101200,0,108,1
2306,101377,0,108,1
2307,101000,0,108,1
2308,101001,0,108,1
2309,101177,0,108,1
2310,101200,0,109,1
2311,101377,0,109,1
2312,101000,0,109,1
2313,101001,0,109,1
2314,101177,0,109,1
2315,101200,0,109,1
2316,101377,0,109,1
2317,101000,0,109,1
2318,101001,0,109,1
2319,101177,0,109,1
2320,101200,0,109,1
2321,101377,0,109,1
2322,101000,0,109,1
2323,101001,0,109,1
2324,101177,0,109,1
2325,101200,0,108,1
2326,101377,0,108,1
2327,101000,0,108,1
2328,101001,0,108,1
2329,101177,0,108,1
2330,101200,0,108,1
2331,101377,0,108,1
2332,101000,0,108,1
2333,101001,0,108,1
2334,101177,0,108,1
2335,101200,0,108,1
2336,101377,0,108,1
2337,101000,0,108,1
2338,101001,0,108,1
2339,101177,0,108,1
2340,101200,0,109,1
2341,101377,0,109,1
2342,101000,0,109,1
2343,101001,0,109,1
2344,101177,0,109,1
2345,101200,0,109,1
2346,101377,0,109,1
2347,101000,0,109,1
2348,101001,0,109,1
2349,101177,0,109,1
2350,101200,0,109,1
2351,101377,0,109,1
2352,101000,0,109,1
2353,101001,0,109,1
2354,101177,0,109,1
2355,101200,0,108,1
2356,101377,0,108,1
2357,101000,0,108,1
2358,101001,0,108,1
2359,101177,0,108,1
2360,101200,0,108,1
2361,101377,0,108,1
2362,101000,0,108,1
2363,101001,0,108,1
2364,101177,0,108,1
2365,101200,0,108,1
2366,101377,0,108,1
2367,101000,0,108,1
2368,101001,0,108,1
2369,101177,0,108,1
2370,101200,0,109,1
2371,101377,0,109,1
2372,101000,0,109,1
2373,101001,0,109,1
2374,101177,0,109,1
2375,101200,0,109,1
2376,101377,0,109,1
2377,101000,0,109,1
2378,101001,0,109,1
2379,101177,0,109,1
2380,101200,0,109,1
2381,101377,0,109,1
2382,101000,0,109,1
2383,101001,0,109,1
2384,101177,0,109,1
2385,101200,0,108,1
2386,101377,0,108,1
2387,101000,0,108,1
2388,101001,0,108,1
2389,101177,0,108,1
2390,101200,0,108,1
2391,101377,0,108,1
2392,101000,0,108,1
2393,101001,0,108,1
2394,101177,0,108,1
2395,101200,0,108,1
2396,101377,0,108,1
2397,101000,0,108,1
2398,101001,0,108,1
2399,101177,0,108,1
2400,101600,0,109,1
2401,101777,0,109,1
2402,101400,0,109,1
2403,101401,0,109,1
2404,101577,0,109,1
2405,101600,0,109,1
2406,101777,0,109,1
2407,101400,0,109,1
2408,101401,0,109,1
2409,101577,0,109,1
2410,101600,0,109,1
2411,101777,0,109,1
2412,101400,0,109,1
2413,101401,0,109,1
2414,101577,0,109,1
2415,101600,0,108,1
2416,101777,0,108,1
2417,101400,0,108,1
2418,101401,0,108,1
2419,101577,0,108,1
2420,101600,0,108,1
2421,101777,0,108,1
2422,101400,0,108,1
2423,101401,0,108,1
2424,101577,0,108,1
2425,101600,0,108,1
2426,101777,0,108,1
2427,101400,0,108,1
2428,101401,0,108,1
2429,101577,0,108,1
2430,101600,0,109,1
2431,101777,0,109,1
2432,101400,0,109,1
2433,101401,0,109,1
2434,101577,0,109,1
2435,101600,0,109,1
2436,101777,0,109,1
2437,101400,0,109,1
2438,101401,0,109,1
2439,101577,0,109,1
2440,101600,0,109,1
2441,101777,0,109,1
2442,101400,0,109,1
2443,101401,0,109,1
2444,101577,0,109,1
2445,101600,0,108,1
2446,101777,0,108,1
2447,101400,0,108,1
2448,101401,0,108,1
2449,101577,0,108,1
2450,101600,0,108,1
2451,101777,0,108,1
2452,101400,0,108,1
2453,101401,0,108,1
2454,101577,0,108,1
2455,101600,0,108,1
2456,101777,0,108,1
2457,101400,0,108,1
2458,101401,0,108,1
2459,101577,0,108,1
2460,101600,0,109,1
2461,101777,0,109,1
2462,101400,0,109,1
2463,101401,0,109,1
2464,101577,0,109,1
2465,101600,0,109,1
2466,101777,0,109,1
2467,101400,0,109,1
2468,101401,0,109,1
2469,101577,0,109,1
2470,101600,0,109,1
2471,101777,0,109,1
2472,101400,0,109,1
2473,101401,0,109,1
2474,101577,0,109,1
2475,101600,0,108,1
2476,101777,0,108,1
2477,101400,0,108,1
2478,101401,0,108,1
2479,101577,0,108,1
2480,101600,0,108,1
2481,101777,0,108,1
2482,101400,0,108,1
2483,101401,0,108,1
2484,101577,0,108,1
2485,101600,0,108,1
2486,101777,0,108,1
2487,101400,0,108,1
2488,101401,0,108,1
2489,101577,0,108,1
2490,101600,0,109,1
2491,101777,0,109,1
2492,101400,0,109,1
2493,101401,0,109,1
2494,101577,0,109,1
2495,101600,0,109,1
2496,101777,0,109,1
2497,101400,0,109,1
2498,101401,0,109,1
2499,101577,0,109,1
2500,101600,0,109,1
2501,101777,0,109,1
2502,101400,0,109,1
2503,101401,0,109,1
2504,101577,0,109,1
2505,101600,0,108,1
2506,101777,0,108,1
2507,101400,0,108,1
2508,101401,0,108,1
2509,101577,0,108,1
2510,101600,0,108,1
2511,101777,0,108,1
2512,101400,0,108,1
2513,101401,0,108,1
2514,101577,0,108,1
2515,101600,0,108,1
2516,101777,0,108,1
2517,101400,0,108,1
2518,101401,0,108,1
2519,101577,0,108,1
2520,101600,0,109,1
2521,101777,0,109,1
2522,101400,0,109,1
2523,101401,0,109,1
2524,101577,0,109,1
2525,101600,0,109,1
2526,101777,0,109,1
2527,101400,0,109,1
2528,101401,0,109,1
2529,101577,0,109,1
2530,101600,0,109,1
2531,101777,0,109,1
2532,101400,0,109,1
2533,101401,0,109,1
2534,101577,0,109,1
2535,101600,0,108,1
2536,101777,0,108,1
2537,101400,0,108,1
2538,101401,0,108,1
2539,101577,0,108,1
2540,101600,0,108,1
2541,101777,0,108,1
2542,101400,0,108,1
2543,101401,0,108,1
2544,101577,0,108,1
2545,101600,0,108,1
2546,101777,0,108,1
2547,101400,0,108,1
2548,101401,0,108,1
2549,101577,0,108,1
2550,101600,0,109,1
2551,101777,0,109,1
2552,101400,0,109,1
2553,101401,0,109,1
2554,101577,0,109,1
2555,101600,0,109,1
2556,101777,0,109,1
2557,101400,0,109,1
2558,101401,0,109,1
2559,101577,0,109,1
2560,101600,0,109,1
2561,101777,0,109,1
2562,101400,0,109,1
2563,101401,0,109,1
2564,101577,0,109,1
2565,101600,0,108,1
2566,101777,0,108,1
2567,101400,0,108,1
2568,101401,0,108,1
2569,101577,0,108,1
2570,101600,0,108,1
2571,101777,0,108,1
2572,101400,0,108,1
2573,101401,0,108,1
2574,101577,0,108,1
2575,101600,0,108,1
2576,101777,0,108,1
2577,101400,0,108,1
2578,101401,0,108,1
2579,101577,0,108,1
2580,101600,0,109,1
2581,101777,0,109,1
2582,101400,0,109,1
2583,101401,0,109,1
2584,101577,0,109,1
2585,101600,0,109,1
2586,101777,0,109,1
2587,101400,0,109,1
2588,101401,0,109,1
2589,101577,0,109,1
2590,101600,0,109,1
2591,101777,0,109,1
2592,101400,0,109,1
2593,101401,0,109,1
2594,101577,0,109,1
2595,101600,0,108,1
2596,101777,0,108,1
2597,101400,0,108,1
2598,101401,0,108,1
2599,101577,0,108,1
2600,101600,0,108,1
2601,101777,0,108,1
2602,101400,0,108,1
2603,101401,0,108,1
2604,101577,0,108,1
2605,101600,0,108,1
2606,101777,0,108,1
2607,101400,0,108,1
2608,101401,0,108,1
2609,101577,0,108,1
2610,101600,0,109,1
2611,101777,0,109,1
2612,101400,0,109,1
2613,101401,0,109,1
2614,101577,0,109,1
2615,101600,0,109,1
2616,101777,0,109,1
2617,101400,0,109,1
2618,101401,0,109,1
2619,101577,0,109,1
2620,101600,0,109,1
2621,101777,0,109,1
2622,101400,0,109,1
2623,101401,0,109,1
2624,101577,0,109,1
2625,101600,0,108,1
2626,101777,0,108,1
2627,101400,0,108,1
2628,101401,0,108,1
2629,101577,0,108,1
2630,101600,0,108,1
2631,101777,0,108,1
2632,101400,0,108,1
2633,101401,0,108,1
2634,101577,0,108,1
2635,101600,0,108,1
2636,101777,0,108,1
2637,101400,0,108,1
2638,101401,0,108,1
2639,101577,0,108,1
2640,102200,0,108,1
2641,102377,0,108,1
2642,102000,0,108,1
2643,102001,0,108,1
2644,102177,0,108,1
2645,102200,0,108,1
2646,102377,0,108,1
2647,102000,0,108,1
2648,102001,0,108,1
2649,102177,0,108,1
2650,102200,0,108,1
2651,102377,0,108,1
2652,102000,0,108,1
2653,102001,0,108,1
2654,102177,0,108,1
2655,102200,0,108,1
2656,102377,0,108,1
2657,102000,0,108,1
2658,102001,0,108,1
2659,102177,0,108,1
2660,102200,0,108,1
2661,102377,0,108,1
2662,102000,0,108,1
2663,102001,0,108,1
2664,102177,0,108,1
2665,102200,0,108,1
2666,102377,0,108,1
2667,102000,0,108,1
2668,102001,0,108,1
2669,102177,0,108,1
2670,102200,0,108,1
2671,102377,0,108,1
2672,102000,0,108,1
2673,102001,0,108,1
2674,102177,0,108,1
2675,102200,0,108,1
2676,102377,0,108,1
2677,102000,0,108,1
2678,102001,0,108,1
2679,102177,0,108,1
2680,102200,0,108,1
2681,102377,0,108,1
2682,102000,0,108,1
2683,102001,0,108,1
2684,102177,0,108,1
2685,102200,0,108,1
2686,102377,0,108,1
2687,102000,0,108,1
2688,102001,0,108,1
2689,102177,0,108,1
2690,102200,0,108,1
2691,102377,0,108,1
2692,102000,0,108,1
2693,102001,0,108,1
2694,102177,0,108,1
2695,102200,0,108,1
2696,102377,0,108,1
2697,102000,0,108,1
2698,102001,0,108,1
2699,102177,0,108,1
2700,102200,0,108,1
2701,102377,0,108,1
2702,102000,0,108,1
2703,102001,0,108,1
2704,102177,0,108,1
2705,102200,0,108,1
2706,102377,0,108,1
2707,102000,0,108,1
2708,102001,0,108,1
2709,102177,0,108,1
2710,102200,0,108,1
2711,102377,0,108,1
2712,102000,0,108,1
2713,102001,0,108,1
2714,102177,0,108,1
2715,102200,0,108,1
2716,102377,0,108,1
2717,102000,0,108,1
2718,102001,0,108,1
2719,102177,0,108,1
2720,102200,0,108,1
2721,102377,0,108,1
2722,102000,0,108,1
2723,102001,0,108,1
2724,102177,0,108,1
2725,102200,0,108,1
2726,102377,0,108,1
2727,102000,0,108,1
2728,102001,0,108,1
2729,102177,0,108,1
2730,102200,0,108,1
2731,102377,0,108,1
2732,102000,0,108,1
2733,102001,0,108,1
2734,102177,0,108,1
2735,102200,0,108,1
2736,102377,0,108,1
2737,102000,0,108,1
2738,102001,0,108,1
2739,102177,0,108,1
2740,102200,0,108,1
2741,102377,0,108,1
2742,102000,0,108,1
2743,102001,0,108,1
2744,102177,0,108,1
2745,102200,0,108,1
2746,102377,0,108,1
2747,102000,0,108,1
2748,102001,0,108,1
2749,102177,0,108,1
2750,102200,0,108,1
2751,102377,0,108,1
2752,102000,0,108,1
2753,102001,0,108,1
2754,102177,0,108,1
2755,102200,0,108,1
2756,102377,0,108,1
2757,102000,0,108,1
2758,102001,0,108,1
2759,102177,0,108,1
2760,102200,0,108,1
2761,102377,0,108,1
2762,102000,0,108,1
2763,102001,0,108,1
2764,102177,0,108,1
2765,102200,0,108,1
2766,102377,0,108,1
2767,102000,0,108,1
2768,102001,0,108,1
2769,102177,0,108,1
2770,102200,0,108,1
2771,102377,0,108,1
2772,102000,0,108,1
2773,102001,0,108,1
2774,102177,0,108,1
2775,102200,0,108,1
2776,102377,0,108,1
2777,102000,0,108,1
2778,102001,0,108,1
2779,102177,0,108,1
2780,102200,0,108,1
2781,102377,0,108,1
2782,102000,0,108,1
2783,102001,0,108,1
2784,102177,0,108,1
2785,102200,0,108,1
2786,102377,0,108,1
2787,102000,0,108,1
2788,102001,0,108,1
2789,102177,0,108,1
2790,102200,0,108,1
2791,102377,0,108,1
2792,102000,0,108,1
2793,102001,0,108,1
2794,102177,0,108,1
2795,102200,0,108,1
2796,102377,0,108,1
2797,102000,0,108,1
2798,102001,0,108,1
2799,102177,0,108,1
2800,102200,0,108,1
2801,102377,0,108,1
2802,102000,0,108,1
2803,102001,0,108,1
2804,102177,0,108,1
2805,102200,0,108,1
2806,102377,0,108,1
2807,102000,0,108,1
2808,102001,0,108,1
2809,102177,0,108,1
2810,102200,0,108,1
2811,102377,0,108,1
2812,102000,0,108,1
2813,102001,0,108,1
2814,102177,0,108,1
2815,102200,0,108,1
2816,102377,0,108,1
2817,102000,0,108,1
2818,102001,0,108,1
2819,102177,0,108,1
2820,102200,0,108,1
2821,102377,0,108,1
2822,102000,0,108,1
2823,102001,0,108,1
2824,102177,0,108,1
2825,102200,0,108,1
2826,102377,0,108,1
2827,102000,0,108,1
2828,102001,0,108,1
2829,102177,0,108,1
2830,102200,0,108,1
2831,102377,0,108,1
2832,102000,0,108,1
2833,102001,0,108,1
2834,102177,0,108,1
2835,102200,0,108,1
2836,102377,0,108,1
2837,102000,0,108,1
2838,102001,0,108,1
2839,102177,0,108,1
2840,102200,0,108,1
2841,102377,0,108,1
2842,102000,0,108,1
2843,102001,0,108,1
2844,102177,0,108,1
2845,102200,0,108,1
2846,102377,0,108,1
2847,102000,0,108,1
2848,102001,0,108,1
2849,102177,0,108,1
2850,102200,0,108,1
2851,102377,0,108,1
2852,102000,0,108,1
2853,102001,0,108,1
2854,102177,0,108,1
2855,102200,0,108,1
2856,102377,0,108,1
2857,102000,0,108,1
2858,102001,0,108,1
2859,102177,0,108,1
2860,102200,0,108,1
2861,102377,0,108,1
2862,102000,0,108,1
2863,102001,0,108,1
2864,102177,0,108,1
2865,102200,0,108,1
2866,102377,0,108,1
2867,102000,0,108,1
2868,102001,0,108,1
2869,102177,0,108,1
2870,102200,0,108,1
2871,102377,0,108,1
2872,102000,0,108,1
2873,102001,0,108,1
2874,102177,0,108,1
2875,102200,0,108,1
2876,102377,0,108,1
2877,102000,0,108,1
2878,102001,0,108,1
2879,102177,0,108,1
2880,102600,0,108,1
2881,102777,0,108,1
2882,102400,0,108,1
2883,102401,0,108,1
2884,102577,0,108,1
2885,102600,0,108,1
2886,102777,0,108,1
2887,102400,0,108,1
2888,102401,0,108,1
2889,102577,0,108,1
2890,102600,0,108,1
2891,102777,0,108,1
2892,102400,0,108,1
2893,102401,0,108,1
2894,102577,0,108,1
2895,102600,0,108,1
2896,102777,0,108,1
2897,102400,0,108,1
2898,102401,0,108,1
2899,102577,0,108,1
2900,102600,0,108,1
2901,102777,0,108,1
2902,102400,0,108,1
2903,102401,0,108,1
2904,102577,0,108,1
2905,102600,0,108,1
2906,102777,0,108,1
2907,102400,0,108,1
2908,102401,0,108,1
2909,102577,0,108,1
2910,102600,0,108,1
2911,102777,0,108,1
2912,102400,0,108,1
2913,102401,0,108,1
2914,102577,0,108,1
2915,102600,0,108,1
2916,102777,0,108,1
2917,102400,0,108,1
2918,102401,0,108,1
2919,102577,0,108,1
2920,102600,0,108,1
2921,102777,0,108,1
2922,102400,0,108,1
2923,102401,0,108,1
2924,102577,0,108,1
2925,102600,0,108,1
2926,102777,0,108,1
2927,102400,0,108,1
2928,102401,0,108,1
2929,102577,0,108,1
2930,102600,0,108,1
2931,102777,0,108,1
2932,102400,0,108,1
2933,102401,0,108,1
2934,102577,0,108,1
2935,102600,0,108,1
2936,102777,0,108,1
2937,102400,0,108,1
2938,102401,0,108,1
2939,102577,0,108,1
2940,102600,0,108,1
2941,102777,0,108,1
2942,102400,0,108,1
2943,102401,0,108,1
2944,102577,0,108,1
2945,102600,0,108,1
2946,102777,0,108,1
2947,102400,0,108,1
2948,102401,0,108,1
2949,102577,0,108,1
2950,102600,0,108,1
2951,102777,0,108,1
2952,102400,0,108,1
2953,102401,0,108,1
2954,102577,0,108,1
2955,102600,0,108,1
2956,102777,0,108,1
2957,102400,0,108,1
2958,102401,0,108,1
2959,102577,0,108,1
2960,102600,0,108,1
2961,102777,0,108,1
2962,102400,0,108,1
2963,102401,0,108,1
2964,102577,0,108,1
2965,102600,0,108,1
2966,102777,0,108,1
2967,102400,0,108,1
2968,102401,0,108,1
2969,102577,0,108,1
2970,102600,0,108,1
2971,102777,0,108,1
2972,102400,0,108,1
2973,102401,0,108,1
2974,102577,0,108,1
2975,102600,0,108,1
2976,102777,0,108,1
2977,102400,0,108,1
2978,102401,0,108,1
2979,102577,0,108,1
2980,102600,0,108,1
2981,102777,0,108,1
2982,102400,0,108,1
2983,102401,0,108,1
2984,102577,0,108,1
2985,102600,0,108,1
2986,102777,0,108,1
2987,102400,0,108,1
2988,102401,0,108,1
2989,102577,0,108,1
2990,102600,0,108,1
2991,102777,0,108,1
2992,102400,0,108,1
2993,102401,0,108,1
2994,102577,0,108,1
2995,102600,0,108,1
2996,102777,0,108,1
2997,102400,0,108,1
2998,102401,0,108,1
2999,102577,0,108,1
3000,102600,0,108,1
3001,102777,0,108,1
3002,102400,0,108,1
3003,102401,0,108,1
3004,102577,0,108,1
3005,102600,0,108,1
3006,102777,0,108,1
3007,102400,0,108,1
3008,102401,0,108,1
3009,102577,0,108,1
3010,102600,0,108,1
3011,102777,0,108,1
3012,102400,0,108,1
3013,102401,0,108,1
3014,102577,0,108,1
3015,102600,0,108,1
3016,102777,0,108,1
3017,102400,0,108,1
3018,102401,0,108,1
3019,102577,0,108,1
3020,102600,0,108,1
3021,102777,0,108,1
3022,102400,0,108,1
3023,102401,0,108,1
3024,102577,0,108,1
3025,102600,0,108,1
3026,102777,0,108,1
3027,102400,0,108,1
3028,102401,0,108,1
3029,102577,0,108,1
3030,102600,0,108,1
3031,102777,0,108,1
3032,102400,0,108,1
3033,102401,0,108,1
3034,102577,0,108,1
3035,102600,0,108,1
3036,102777,0,108,1
3037,102400,0,108,1
3038,102401,0,108,1
3039,102577,0,108,1
3040,102600,0,108,1
3041,102777,0,108,1
3042,102400,0,108,1
3043,102401,0,108,1
3044,102577,0,108,1
3045,102600,0,108,1
3046,102777,0,108,1
3047,102400,0,108,1
3048,102401,0,108,1
3049,102577,0,108,1
3050,102600,0,108,1
3051,102777,0,108,1
3052,102400,0,108,1
3053,102401,0,108,1
3054,102577,0,108,1
3055,102600,0,108,1
3056,102777,0,108,1
3057,102400,0,108,1
3058,102401,0,108,1
3059,102577,0,108,1
3060,102600,0,108,1
3061,102777,0,108,1
3062,102400,0,108,1
3063,102401,0,108,1
3064,102577,0,108,1
3065,102600,0,108,1
3066,102777,0,108,1
3067,102400,0,108,1
3068,102401,0,108,1
3069,102577,0,108,1
3070,102600,0,108,1
3071,102777,0,108,1
3072,102400,0,108,1
3073,102401,0,108,1
3074,102577,0,108,1
3075,102600,0,108,1
3076,102777,0,108,1
3077,102400,0,108,1
3078,102401,0,108,1
3079,102577,0,108,1
3080,102600,0,108,1
3081,102777,0,108,1
3082,102400,0,108,1
3083,102401,0,108,1
3084,102577,0,108,1
3085,102600,0,108,1
3086,102777,0,108,1
3087,102400,0,108,1
3088,102401,0,108,1
3089,102577,0,108,1
3090,102600,0,108,1
3091,102777,0,108,1
3092,102400,0,108,1
3093,102401,0,108,1
3094,102577,0,108,1
3095,102600,0,108,1
3096,102777,0,108,1
3097,102400,0,108,1
3098,102401,0,108,1
3099,102577,0,108,1
3100,102600,0,108,1
3101,102777,0,108,1
3102,102400,0,108,1
3103,102401,0,108,1
3104,102577,0,108,1
3105,102600,0,108,1
3106,102777,0,108,1
3107,102400,0,108,1
3108,102401,0,108,1
3109,102577,0,108,1
3110,102600,0,108,1
3111,102777,0,108,1
3112,102400,0,108,1
3113,102401,0,108,1
3114,102577,0,108,1
3115,102600,0,108,1
3116,102777,0,108,1
3117,102400,0,108,1
3118,102401,0,108,1
3119,102577,0,108,1
3120,103200,0,108,1
3121,103377,0,108,1
3122,103000,0,108,1
3123,103001,0,108,1
3124,103177,0,108,1
3125,103200,0,108,1
3126,103377,0,108,1
3127,103000,0,108,1
3128,103001,0,108,1
3129,103177,0,108,1
3130,103200,0,108,1
3131,103377,0,108,1
3132,103000,0,108,1
3133,103001,0,108,1
3134,103177,0,108,1
3135,103200,0,108,1
3136,103377,0,108,1
3137,103000,0,108,1
3138,103001,0,108,1
3139,103177,0,108,1
3140,103200,0,108,1
3141,103377,0,108,1
3142,103000,0,108,1
3143,103001,0,108,1
3144,103177,0,108,1
3145,103200,0,108,1
3146,103377,0,108,1
3147,103000,0,108,1
3148,103001,0,108,1
3149,103177,0,108,1
3150,103200,0,108,1
3151,103377,0,108,1
3152,103000,0,108,1
3153,103001,0,108,1
3154,103177,0,108,1
3155,103200,0,108,1
3156,103377,0,108,1
3157,103000,0,108,1
3158,103001,0,108,1
3159,103177,0,108,1
3160,103200,0,108,1
3161,103377,0,108,1
3162,103000,0,108,1
3163,103001,0,108,1
3164,103177,0,108,1
3165,103200,0,108,1
3166,103377,0,108,1
3167,103000,0,108,1
3168,103001,0,108,1
3169,103177,0,108,1
3170,103200,0,108,1
3171,103377,0,108,1
3172,103000,0,108,1
3173,103001,0,108,1
3174,103177,0,108,1
3175,103200,0,108,1
3176,103377,0,108,1
3177,103000,0,108,1
3178,103001,0,108,1
3179,103177,0,108,1
3180,103200,0,108,1
3181,103377,0,108,1
3182,103000,0,108,1
3183,103001,0,108,1
3184,103177,0,108,1
3185,103200,0,108,1
3186,103377,0,108,1
3187,103000,0,108,1
3188,103001,0,108,1
3189,103177,0,108,1
3190,103200,0,108,1
3191,103377,0,108,1
3192,103000,0,108,1
3193,103001,0,108,1
3194,103177,0,108,1
3195,103200,0,108,1
3196,103377,0,108,1
3197,103000,0,108,1
3198,103001,0,108,1
3199,103177,0,108,1
3200,103200,0,108,1
3201,103377,0,108,1
3202,103000,0,108,1
3203,103001,0,108,1
3204,103177,0,108,1
3205,103200,0,108,1
3206,103377,0,108,1
3207,103000,0,108,1
3208,103001,0,108,1
3209,103177,0,108,1
3210,103200,0,108,1
3211,103377,0,108,1
3212,103000,0,108,1
3213,103001,0,108,1
3214,103177,0,108,1
3215,103200,0,108,1
3216,103377,0,108,1
3217,103000,0,108,1
3218,103001,0,108,1
3219,103177,0,108,1
3220,103200,0,108,1
3221,103377,0,108,1
3222,103000,0,108,1
3223,103001,0,108,1
3224,103177,0,108,1
3225,103200,0,108,1
3226,103377,0,108,1
3227,103000,0,108,1
3228,103001,0,108,1
3229,103177,0,108,1
3230,103200,0,108,1
3231,103377,0,108,1
3232,103000,0,108,1
3233,103001,0,108,1
3234,103177,0,108,1
3235,103200,0,108,1
3236,103377,0,108,1
3237,103000,0,108,1
3238,103001,0,108,1
3239,103177,0,108,1
3240,103200,0,108,1
3241,103377,0,108,1
3242,103000,0,108,1
3243,103001,0,108,1
3244,103177,0,108,1
3245,103200,0,108,1
3246,103377,0,108,1
3247,103000,0,108,1
3248,103001,0,108,1
3249,103177,0,108,1
3250,103200,0,108,1
3251,103377,0,108,1
3252,103000,0,108,1
3253,103001,0,108,1
3254,103177,0,108,1
3255,103200,0,108,1
3256,103377,0,108,1
3257,103000,0,108,1
3258,103001,0,108,1
3259,103177,0,108,1
3260,103200,0,108,1
3261,103377,0,108,1
3262,103000,0,108,1
3263,103001,0,108,1
3264,103177,0,108,1
3265,103200,0,108,1
3266,103377,0,108,1
3267,103000,0,108,1
3268,103001,0,108,1
3269,103177,0,108,1
3270,103200,0,108,1
3271,103377,0,108,1
3272,103000,0,108,1
3273,103001,0,108,1
3274,103177,0,108,1
3275,103200,0,108,1
3276,103377,0,108,1
3277,103000,0,108,1
3278,103001,0,108,1
3279,103177,0,108,1
3280,103200,0,108,1
3281,103377,0,108,1
3282,103000,0,108,1
3283,103001,0,108,1
3284,103177,0,108,1
3285,103200,0,108,1
3286,103377,0,108,1
3287,103000,0,108,1
3288,103001,0,108,1
3289,103177,0,108,1
3290,103200,0,108,1
3291,103377,0,108,1
3292,103000,0,108,1
3293,103001,0,108,1
3294,103177,0,108,1
3295,103200,0,108,1
3296,103377,0,108,1
3297,103000,0,108,1
3298,103001,0,108,1
3299,103177,0,108,1
3300,103200,0,108,1
3301,103377,0,108,1
3302,103000,0,108,1
3303,103001,0,108,1
3304,103177,0,108,1
3305,103200,0,108,1
3306,103377,0,108,1
3307,103000,0,108,1
3308,103001,0,108,1
3309,103177,0,108,1
3310,103200,0,108,1
3311,103377,0,108,1
3312,103000,0,108,1
3313,103001,0,108,1
3314,103177,0,108,1
3315,103200,0,108,1
3316,103377,0,108,1
3317,103000,0,108,1
3318,103001,0,108,1
3319,103177,0,108,1
3320,103200,0,108,1
3321,103377,0,108,1
3322,103000,0,108,1
3323,103001,0,108,1
3324,103177,0,108,1
3325,103200,0,108,1
3326,103377,0,108,1
3327,103000,0,108,1
3328,103001,0,108,1
3329,103177,0,108,1
3330,103200,0,108,1
3331,103377,0,108,1
3332,103000,0,108,1
3333,103001,0,108,1
3334,103177,0,108,1
3335,103200,0,108,1
3336,103377,0,108,1
3337,103000,0,108,1
3338,103001,0,108,1
3339,103177,0,108,1
3340,103200,0,108,1
3341,103377,0,108,1
3342,103000,0,108,1
3343,103001,0,108,1
3344,103177,0,108,1
3345,103200,0,108,1
3346,103377,0,108,1
3347,103000,0,108,1
3348,103001,0,108,1
3349,103177,0,108,1
3350,103200,0,108,1
3351,103377,0,108,1
3352,103000,0,108,1
3353,103001,0,108,1
3354,103177,0,108,1
3355,103200,0,108,1
3356,103377,0,108,1
3357,103000,0,108,1
3358,103001,0,108,1
3359,103177,0,108,1
3360,103600,0,108,1
3361,103777,0,108,1
3362,103400,0,108,1
3363,103401,0,108,1
3364,103577,0,108,1
3365,103600,0,108,1
3366,103777,0,108,1
3367,103400,0,108,1
3368,103401,0,108,1
3369,103577,0,108,1
3370,103600,0,108,1
3371,103777,0,108,1
3372,103400,0,108,1
3373,103401,0,108,1
3374,103577,0,108,1
3375,103600,0,108,1
3376,103777,0,108,1
3377,103400,0,108,1
3378,103401,0,108,1
3379,103577,0,108,1
3380,103600,0,108,1
3381,103777,0,108,1
3382,103400,0,108,1
3383,103401,0,108,1
3384,103577,0,108,1
3385,103600,0,108,1
3386,103777,0,108,1
3387,103400,0,108,1
3388,103401,0,108,1
3389,103577,0,108,1
3390,103600,0,108,1
3391,103777,0,108,1
3392,103400,0,108,1
3393,103401,0,108,1
3394,103577,0,108,1
3395,103600,0,108,1
3396,103777,0,108,1
3397,103400,0,108,1
3398,103401,0,108,1
3399,103577,0,108,1
3400,103600,0,108,1
3401,103777,0,108,1
3402,103400,0,108,1
3403,103401,0,108,1
3404,103577,0,108,1
3405,103600,0,108,1
3406,103777,0,108,1
3407,103400,0,108,1
3408,103401,0,108,1
3409,103577,0,108,1
3410,103600,0,108,1
3411,103777,0,108,1
3412,103400,0,108,1
3413,103401,0,108,1
3414,103577,0,108,1
3415,103600,0,108,1
3416,103777,0,108,1
3417,103400,0,108,1
3418,103401,0,108,1
3419,103577,0,108,1
3420,103600,0,108,1
3421,103777,0,108,1
3422,103400,0,108,1
3423,103401,0,108,1
3424,103577,0,108,1
3425,103600,0,108,1
3426,103777,0,108,1
3427,103400,0,108,1
3428,103401,0,108,1
3429,103577,0,108,1
3430,103600,0,108,1
3431,103777,0,108,1
3432,103400,0,108,1
3433,103401,0,108,1
3434,103577,0,108,1
3435,103600,0,108,1
3436,103777,0,108,1
3437,103400,0,108,1
3438,103401,0,108,1
3439,103577,0,108,1
3440,103600,0,108,1
3441,103777,0,108,1
3442,103400,0,108,1
3443,103401,0,108,1
3444,103577,0,108,1
3445,103600,0,108,1
3446,103777,0,108,1
3447,103400,0,108,1
3448,103401,0,108,1
3449,103577,0,108,1
3450,103600,0,108,1
3451,103777,0,108,1
3452,103400,0,108,1
3453,103401,0,108,1
3454,103577,0,108,1
3455,103600,0,108,1
3456,103777,0,108,1
3457,103400,0,108,1
3458,103401,0,108,1
3459,103577,0,108,1
3460,103600,0,108,1
3461,103777,0,108,1
3462,103400,0,108,1
3463,103401,0,108,1
3464,103577,0,108,1
3465,103600,0,108,1
3466,103777,0,108,1
3467,103400,0,108,1
3468,103401,0,108,1
3469,103577,0,108,1
3470,103600,0,108,1
3471,103777,0,108,1
3472,103400,0,108,1
3473,103401,0,108,1
3474,103577,0,108,1
3475,103600,0,108,1
3476,103777,0,108,1
3477,103400,0,108,1
3478,103401,0,108,1
3479,103577,0,108,1
3480,103600,0,108,1
3481,103777,0,108,1
3482,103400,0,108,1
3483,103401,0,108,1
3484,103577,0,108,1
3485,103600,0,108,1
3486,103777,0,108,1
3487,103400,0,108,1
3488,103401,0,108,1
3489,103577,0,108,1
3490,103600,0,108,1
3491,103777,0,108,1
3492,103400,0,108,1
3493,103401,0,108,1
3494,103577,0,108,1
3495,103600,0,108,1
3496,103777,0,108,1
3497,103400,0,108,1
3498,103401,0,108,1
3499,103577,0,108,1
3500,103600,0,108,1
3501,103777,0,108,1
3502,103400,0,108,1
3503,103401,0,108,1
3504,103577,0,108,1
3505,103600,0,108,1
3506,103777,0,108,1
3507,103400,0,108,1
3508,103401,0,108,1
3509,103577,0,108,1
3510,103600,0,108,1
3511,103777,0,108,1
3512,103400,0,108,1
3513,103401,0,108,1
3514,103577,0,108,1
3515,103600,0,108,1
3516,103777,0,108,1
3517,103400,0,108,1
3518,103401,0,108,1
3519,103577,0,108,1
3520,103600,0,108,1
3521,103777,0,108,1
3522,103400,0,108,1
3523,103401,0,108,1
3524,103577,0,108,1
3525,103600,0,108,1
3526,103777,0,108,1
3527,103400,0,108,1
3528,103401,0,108,1
3529,103577,0,108,1
3530,103600,0,108,1
3531,103777,0,108,1
3532,103400,0,108,1
3533,103401,0,108,1
3534,103577,0,108,1
3535,103600,0,108,1
3536,103777,0,108,1
3537,103400,0,108,1
3538,103401,0,108,1
3539,103577,0,108,1
3540,103600,0,108,1
3541,103777,0,108,1
3542,103400,0,108,1
3543,103401,0,108,1
3544,103577,0,108,1
3545,103600,0,108,1
3546,103777,0,108,1
3547,103400,0,108,1
3548,103401,0,108,1
3549,103577,0,108,1
3550,103600,0,108,1
3551,103777,0,108,1
3552,103400,0,108,1
3553,103401,0,108,1
3554,103577,0,108,1
3555,103600,0,108,1
3556,103777,0,108,1
3557,103400,0,108,1
3558,103401,0,108,1
3559,103577,0,108,1
3560,103600,0,108,1
3561,103777,0,108,1
3562,103400,0,108,1
3563,103401,0,108,1
3564,103577,0,108,1
3565,103600,0,108,1
3566,103777,0,108,1
3567,103400,0,108,1
3568,103401,0,108,1
3569,103577,0,108,1
3570,103600,0,108,1
3571,103777,0,108,1
3572,103400,0,108,1
3573,103401,0,108,1
3574,103577,0,108,1
3575,103600,0,108,1
3576,103777,0,108,1
3577,103400,0,108,1
3578,103401,0,108,1
3579,103577,0,108,1
3580,103600,0,108,1
3581,103777,0,108,1
3582,103400,0,108,1
3583,103401,0,108,1
3584,103577,0,108,1
3585,103600,0,108,1
3586,103777,0,108,1
3587,103400,0,108,1
3588,103401,0,108,1
3589,103577,0,108,1
3590,103600,0,108,1
3591,103777,0,108,1
3592,103400,0,108,1
3593,103401,0,108,1
3594,103577,0,108,1
3595,103600,0,108,1
3596,103777,0,108,1
3597,103400,0,108,1
3598,103401,0,108,1
3599,103577,0,108,1
3600,000400,0,107,1
3601,000401,0,107,1
3602,000402,0,107,1
3603,000403,0,107,1
3604,000404,0,107,1
3605,000405,0,107,1
3606,000406,0,107,1
3607,000407,0,107,1
3608,000410,0,107,1
3609,000411,0,107,1
3610,000412,0,107,1
3611,000413,0,107,1
3612,000414,0,107,1
3613,000415,0,107,1
3614,000416,0,107,1
3615,000417,0,107,1
3616,000420,0,107,1
3617,000421,0,107,1
3618,000422,0,107,1
3619,000423,0,107,1
3620,000424,0,107,1
3621,000425,0,107,1
3622,000426,0,107,1
3623,000427,0,107,1
3624,000430,0,107,1
3625,000431,0,107,1
3626,000432,0,107,1
3627,000433,0,107,1
3628,000434,0,107,1
3629,000435,0,107,1
3630,000436,0,107,1
3631,000437,0,107,1
3632,000440,0,107,1
3633,000441,0,107,1
3634,000442,0,107,1
3635,000443,0,107,1
3636,000444,0,107,1
3637,000445,0,107,1
3638,000446,0,107,1
3639,000447,0,107,1
3640,000450,0,107,1
3641,000451,0,107,1
3642,000452,0,107,1
3643,000453,0,107,1
3644,000454,0,107,1
3645,000455,0,107,1
3646,000456,0,107,1
3647,000457,0,107,1
3648,000460,0,107,1
3649,000461,0,107,1
3650,000462,0,107,1
3651,000463,0,107,1
3652,000464,0,107,1
3653,000465,0,107,1
3654,000466,0,107,1
3655,000467,0,107,1
3656,000470,0,107,1
3657,000471,0,107,1
3658,000472,0,107,1
3659,000473,0,107,1
3660,000474,0,107,1
3661,000475,0,107,1
3662,000476,0,107,1
3663,000477,0,107,1
3664,000500,0,107,1
3665,000501,0,107,1
3666,000502,0,107,1
3667,000503,0,107,1
3668,000504,0,107,1
3669,000505,0,107,1
3670,000506,0,107,1
3671,000507,0,107,1
3672,000510,0,107,1
3673,000511,0,107,1
3674,000512,0,107,1
3675,000513,0,107,1
3676,000514,0,107,1
3677,000515,0,107,1
3678,000516,0,107,1
3679,000517,0,107,1
3680,000520,0,107,1
3681,000521,0,107,1
3682,000522,0,107,1
3683,000523,0,107,1
3684,000524,0,107,1
3685,000525,0,107,1
3686,000526,0,107,1
3687,000527,0,107,1
3688,000530,0,107,1
3689,000531,0,107,1
3690,000532,0,107,1
3691,000533,0,107,1
3692,000534,0,107,1
3693,000535,0,107,1
3694,000536,0,107,1
3695,000537,0,107,1
3696,000540,0,107,1
3697,000541,0,107,1
3698,000542,0,107,1
3699,000543,0,107,1
3700,000544,0,107,1
3701,000545,0,107,1
3702,000546,0,107,1
3703,000547,0,107,1
3704,000550,0,107,1
3705,000551,0,107,1
3706,000552,0,107,1
3707,000553,0,107,1
3708,000554,0,107,1
3709,000555,0,107,1
3710,000556,0,107,1
3711,000557,0,107,1
3712,000560,0,107,1
3713,000561,0,107,1
3714,000562,0,107,1
3715,000563,0,107,1
3716,000564,0,107,1
3717,000565,0,107,1
3718,000566,0,107,1
3719,000567,0,107,1
3720,000570,0,107,1
3721,000571,0,107,1
3722,000572,0,107,1
3723,000573,0,107,1
3724,000574,0,107,1
3725,000575,0,107,1
3726,000576,0,107,1
3727,000577,0,107,1
3728,000600,0,107,1
3729,000601,0,107,1
3730,000602,0,107,1
3731,000603,0,107,1
3732,000604,0,107,1
3733,000605,0,107,1
3734,000606,0,107,1
3735,000607,0,107,1
3736,000610,0,107,1
3737,000611,0,107,1
3738,000612,0,107,1
3739,000613,0,107,1
3740,000614,0,107,1
3741,000615,0,107,1
3742,000616,0,107,1
3743,000617,0,107,1
3744,000620,0,107,1
3745,000621,0,107,1
3746,000622,0,107,1
3747,000623,0,107,1
3748,000624,0,107,1
3749,000625,0,107,1
3750,000626,0,107,1
3751,000627,0,107,1
3752,000630,0,107,1
3753,000631,0,107,1
3754,000632,0,107,1
3755,000633,0,107,1
3756,000634,0,107,1
3757,000635,0,107,1
3758,000636,0,107,1
3759,000637,0,107,1
3760,000640,0,107,1
3761,000641,0,107,1
3762,000642,0,107,1
3763,000643,0,107,1
3764,000644,0,107,1
3765,000645,0,107,1
3766,000646,0,107,1
3767,000647,0,107,1
3768,000650,0,107,1
3769,000651,0,107,1
3770,000652,0,107,1
3771,000653,0,107,1
3772,000654,0,107,1
3773,000655,0,107,1
3774,000656,0,107,1
3775,000657,0,107,1
3776,000660,0,107,1
3777,000661,0,107,1
3778,000662,0,107,1
3779,000663,0,107,1
3780,000664,0,107,1
3781,000665,0,107,1
3782,000666,0,107,1
3783,000667,0,107,1
3784,000670,0,107,1
3785,000671,0,107,1
3786,000672,0,107,1
3787,000673,0,107,1
3788,000674,0,107,1
3789,000675,0,107,1
3790,000676,0,107,1
3791,000677,0,107,1
3792,000700,0,107,1
3793,000701,0,107,1
3794,000702,0,107,1
3795,000703,0,107,1
3796,000704,0,107,1
3797,000705,0,107,1
3798,000706,0,107,1
3799,000707,0,107,1
3800,000710,0,107,1
3801,000711,0,107,1
3802,000712,0,107,1
3803,000713,0,107,1
3804,000714,0,107,1
3805,000715,0,107,1
3806,000716,0,107,1
3807,000717,0,107,1
3808,000720,0,107,1
3809,000721,0,107,1
3810,000722,0,107,1
3811,000723,0,107,1
3812,000724,0,107,1
3813,000725,0,107,1
3814,000726,0,107,1
3815,000727,0,107,1
3816,000730,0,107,1
3817,000731,0,107,1
3818,000732,0,107,1
3819,000733,0,107,1
3820,000734,0,107,1
3821,000735,0,107,1
3822,000736,0,107,1
3823,000737,0,107,1
3824,000740,0,107,1
3825,000741,0,107,1
3826,000742,0,107,1
3827,000743,0,107,1
3828,000744,0,107,1
3829,000745,0,107,1
3830,000746,0,107,1
3831,000747,0,107,1
3832,000750,0,107,1
3833,000751,0,107,1
3834,000752,0,107,1
3835,000753,0,107,1
3836,000754,0,107,1
3837,000755,0,107,1
3838,000756,0,107,1
3839,000757,0,107,1
3840,000760,0,107,1
3841,000761,0,107,1
3842,000762,0,107,1
3843,000763,0,107,1
3844,000764,0,107,1
3845,000765,0,107,1
3846,000766,0,107,1
3847,000767,0,107,1
3848,000770,0,107,1
3849,000771,0,107,1
3850,000772,0,107,1
3851,000773,0,107,1
3852,000774,0,107,1
3853,000775,0,107,1
3854,000776,0,107,1
3855,000777,0,107,1
3856,001000,0,108,1
3857,001001,0,108,1
3858,001002,0,108,1
3859,001003,0,108,1
3860,001004,0,108,1
3861,001005,0,108,1
3862,001006,0,108,1
3863,001007,0,108,1
3864,001010,0,108,1
3865,001011,0,108,1
3866,001012,0,108,1
3867,001013,0,108,1
3868,001014,0,108,1
3869,001015,0,108,1
3870,001016,0,108,1
3871,001017,0,108,1
3872,001020,0,108,1
3873,001021,0,108,1
3874,001022,0,108,1
3875,001023,0,108,1
3876,001024,0,108,1
3877,001025,0,108,1
3878,001026,0,108,1
3879,001027,0,108,1
3880,001030,0,108,1
3881,001031,0,108,1
3882,001032,0,108,1
3883,001033,0,108,1
3884,001034,0,108,1
3885,001035,0,108,1
3886,001036,0,108,1
3887,001037,0,108,1
3888,001040,0,108,1
3889,001041,0,108,1
3890,001042,0,108,1
3891,001043,0,108,1
3892,001044,0,108,1
3893,001045,0,108,1
3894,001046,0,108,1
3895,001047,0,108,1
3896,001050,0,108,1
3897,001051,0,108,1
3898,001052,0,108,1
3899,001053,0,108,1
3900,001054,0,108,1
3901,001055,0,108,1
3902,001056,0,108,1
3903,001057,0,108,1
3904,001060,0,108,1
3905,001061,0,108,1
3906,001062,0,108,1
3907,001063,0,108,1
3908,001064,0,108,1
3909,001065,0,108,1
3910,001066,0,108,1
3911,001067,0,108,1
3912,001070,0,108,1
3913,001071,0,108,1
3914,001072,0,108,1
3915,001073,0,108,1
3916,001074,0,108,1
3917,001075,0,108,1
3918,001076,0,108,1
3919,001077,0,108,1
3920,001100,0,108,1
3921,001101,0,108,1
3922,001102,0,108,1
3923,001103,0,108,1
3924,001104,0,108,1
3925,001105,0,108,1
3926,001106,0,108,1
3927,001107,0,108,1
3928,001110,0,108,1
3929,001111,0,108,1
3930,001112,0,108,1
3931,001113,0,108,1
3932,001114,0,108,1
3933,001115,0,108,1
3934,001116,0,108,1
3935,001117,0,108,1
3936,001120,0,108,1
3937,001121,0,108,1
3938,001122,0,108,1
3939,001123,0,108,1
3940,001124,0,108,1
3941,001125,0,108,1
3942,001126,0,108,1
3943,001127,0,108,1
3944,001130,0,108,1
3945,001131,0,108,1
3946,001132,0,108,1
3947,001133,0,108,1
3948,001134,0,108,1
3949,001135,0,108,1
3950,001136,0,108,1
3951,001137,0,108,1
3952,001140,0,108,1
3953,001141,0,108,1
3954,001142,0,108,1
3955,001143,0,108,1
3956,001144,0,108,1
3957,001145,0,108,1
3958,001146,0,108,1
3959,001147,0,108,1
3960,001150,0,108,1
3961,001151,0,108,1
3962,001152,0,108,1
3963,001153,0,108,1
3964,001154,0,108,1
3965,001155,0,108,1
3966,001156,0,108,1
3967,001157,0,108,1
3968,001160,0,108,1
3969,001161,0,108,1
3970,001162,0,108,1
3971,001163,0,108,1
3972,001164,0,108,1
3973,001165,0,108,1
3974,001166,0,108,1
3975,001167,0,108,1
3976,001170,0,108,1
3977,001171,0,108,1
3978,001172,0,108,1
3979,001173,0,108,1
3980,001174,0,108,1
3981,001175,0,108,1
3982,001176,0,108,1
3983,001177,0,108,1
3984,001200,0,108,1
3985,001201,0,108,1
3986,001202,0,108,1
3987,001203,0,108,1
3988,001204,0,108,1
3989,001205,0,108,1
3990,001206,0,108,1
3991,001207,0,108,1
3992,001210,0,108,1
3993,001211,0,108,1
3994,001212,0,108,1
3995,001213,0,108,1
3996,001214,0,108,1
3997,001215,0,108,1
3998,001216,0,108,1
3999,001217,0,108,1
4000,001220,0,108,1
4001,001221,0,108,1
4002,001222,0,108,1
4003,001223,0,108,1
4004,001224,0,108,1
4005,001225,0,108,1
4006,001226,0,108,1
4007,001227,0,108,1
4008,001230,0,108,1
4009,001231,0,108,1
4010,001232,0,108,1
4011,001233,0,108,1
4012,001234,0,108,1
4013,001235,0,108,1
4014,001236,0,108,1
4015,001237,0,108,1
4016,001240,0,108,1
4017,001241,0,108,1
4018,001242,0,108,1
4019,001243,0,108,1
4020,001244,0,108,1
4021,001245,0,108,1
4022,001246,0,108,1
4023,001247,0,108,1
4024,001250,0,108,1
4025,001251,0,108,1
4026,001252,0,108,1
4027,001253,0,108,1
4028,001254,0,108,1
4029,001255,0,108,1
4030,001256,0,108,1
4031,001257,0,108,1
4032,001260,0,108,1
4033,001261,0,108,1
4034,001262,0,108,1
4035,001263,0,108,1
4036,001264,0,108,1
4037,001265,0,108,1
4038,001266,0,108,1
4039,001267,0,108,1
4040,001270,0,108,1
4041,001271,0,108,1
4042,001272,0,108,1
4043,001273,0,108,1
4044,001274,0,108,1
4045,001275,0,108,1
4046,001276,0,108,1
4047,001277,0,108,1
4048,001300,0,108,1
4049,001301,0,108,1
4050,001302,0,108,1
4051,001303,0,108,1
4052,001304,0,108,1
4053,001305,0,108,1
4054,001306,0,108,1
4055,001307,0,108,1
4056,001310,0,108,1
4057,001311,0,108,1
4058,001312,0,108,1
4059,001313,0,108,1
4060,001314,0,108,1
4061,001315,0,108,1
4062,001316,0,108,1
4063,001317,0,108,1
4064,001320,0,108,1
4065,001321,0,108,1
4066,001322,0,108,1
4067,001323,0,108,1
4068,001324,0,108,1
4069,001325,0,108,1
4070,001326,0,108,1
4071,001327,0,108,1
4072,001330,0,108,1
4073,001331,0,108,1
4074,001332,0,108,1
4075,001333,0,108,1
4076,001334,0,108,1
4077,001335,0,108,1
4078,001336,0,108,1
4079,001337,0,108,1
4080,001340,0,108,1
4081,001341,0,108,1
4082,001342,0,108,1
4083,001343,0,108,1
4084,001344,0,108,1
4085,001345,0,108,1
4086,001346,0,108,1
4087,001347,0,108,1
4088,001350,0,108,1
4089,001351,0,108,1
4090,001352,0,108,1
4091,001353,0,108,1
4092,001354,0,108,1
4093,001355,0,108,1
4094,001356,0,108,1
4095,001357,0,108,1
4096,001360,0,108,1
4097,001361,0,108,1
4098,001362,0,108,1
4099,001363,0,108,1
4100,001364,0,108,1
4101,001365,0,108,1
4102,001366,0,108,1
4103,001367,0,108,1
4104,001370,0,108,1
4105,001371,0,108,1
4106,001372,0,108,1
4107,001373,0,108,1
4108,001374,0,108,1
4109,001375,0,108,1
4110,001376,0,108,1
4111,001377,0,108,1
4112,001400,0,108,1
4113,001401,0,108,1
4114,001402,0,108,1
4115,001403,0,108,1
4116,001404,0,108,1
4117,001405,0,108,1
4118,001406,0,108,1
4119,001407,0,108,1
4120,001410,0,108,1
4121,001411,0,108,1
4122,001412,0,108,1
4123,001413,0,108,1
4124,001414,0,108,1
4125,001415,0,108,1
4126,001416,0,108,1
4127,001417,0,108,1
4128,001420,0,108,1
4129,001421,0,108,1
4130,001422,0,108,1
4131,001423,0,108,1
4132,001424,0,108,1
4133,001425,0,108,1
4134,001426,0,108,1
4135,001427,0,108,1
4136,001430,0,108,1
4137,001431,0,108,1
4138,001432,0,108,1
4139,001433,0,108,1
4140,001434,0,108,1
4141,001435,0,108,1
4142,001436,0,108,1
4143,001437,0,108,1
4144,001440,0,108,1
4145,001441,0,108,1
4146,001442,0,108,1
4147,001443,0,108,1
4148,001444,0,108,1
4149,001445,0,108,1
4150,001446,0,108,1
4151,001447,0,108,1
4152,001450,0,108,1
4153,001451,0,108,1
4154,001452,0,108,1
4155,001453,0,108,1
4156,001454,0,108,1
4157,001455,0,108,1
4158,001456,0,108,1
4159,001457,0,108,1
4160,001460,0,108,1
4161,001461,0,108,1
4162,001462,0,108,1
4163,001463,0,108,1
4164,001464,0,108,1
4165,001465,0,108,1
4166,001466,0,108,1
4167,001467,0,108,1
4168,001470,0,108,1
4169,001471,0,108,1
4170,001472,0,108,1
4171,001473,0,108,1
4172,001474,0,108,1
4173,001475,0,108,1
4174,001476,0,108,1
4175,001477,0,108,1
4176,001500,0,108,1
4177,001501,0,108,1
4178,001502,0,108,1
4179,001503,0,108,1
4180,001504,0,108,1
4181,001505,0,108,1
4182,001506,0,108,1
4183,001507,0,108,1
4184,001510,0,108,1
4185,001511,0,108,1
4186,001512,0,108,1
4187,001513,0,108,1
4188,001514,0,108,1
4189,001515,0,108,1
4190,001516,0,108,1
4191,001517,0,108,1
4192,001520,0,108,1
4193,001521,0,108,1
4194,001522,0,108,1
4195,001523,0,108,1
4196,001524,0,108,1
4197,001525,0,108,1
4198,001526,0,108,1
4199,001527,0,108,1
4200,001530,0,108,1
4201,001531,0,108,1
4202,001532,0,108,1
4203,001533,0,108,1
4204,001534,0,108,1
4205,001535,0,108,1
4206,001536,0,108,1
4207,001537,0,108,1
4208,001540,0,108,1
4209,001541,0,108,1
4210,001542,0,108,1
4211,001543,0,108,1
4212,001544,0,108,1
4213,001545,0,108,1
4214,001546,0,108,1
4215,001547,0,108,1
4216,001550,0,108,1
4217,001551,0,108,1
4218,001552,0,108,1
4219,001553,0,108,1
4220,001554,0,108,1
4221,001555,0,108,1
4222,001556,0,108,1
4223,001557,0,108,1
4224,001560,0,108,1
4225,001561,0,108,1
4226,001562,0,108,1
4227,001563,0,108,1
4228,001564,0,108,1
4229,001565,0,108,1
4230,001566,0,108,1
4231,001567,0,108,1
4232,001570,0,108,1
4233,001571,0,108,1
4234,001572,0,108,1
4235,001573,0,108,1
4236,001574,0,108,1
4237,001575,0,108,1
4238,001576,0,108,1
4239,001577,0,108,1
4240,001600,0,108,1
4241,001601,0,108,1
4242,001602,0,108,1
4243,001603,0,108,1
4244,001604,0,108,1
4245,001605,0,108,1
4246,001606,0,108,1
4247,001607,0,108,1
4248,001610,0,108,1
4249,001611,0,108,1
4250,001612,0,108,1
4251,001613,0,108,1
4252,001614,0,108,1
4253,001615,0,108,1
4254,001616,0,108,1
4255,001617,0,108,1
4256,001620,0,108,1
4257,001621,0,108,1
4258,001622,0,108,1
4259,001623,0,108,1
4260,001624,0,108,1
4261,001625,0,108,1
4262,001626,0,108,1
4263,001627,0,108,1
4264,001630,0,108,1
4265,001631,0,108,1
4266,001632,0,108,1
4267,001633,0,108,1
4268,001634,0,108,1
4269,001635,0,108,1
4270,001636,0,108,1
4271,001637,0,108,1
4272,001640,0,108,1
4273,001641,0,108,1
4274,001642,0,108,1
4275,001643,0,108,1
4276,001644,0,108,1
4277,001645,0,108,1
4278,001646,0,108,1
4279,001647,0,108,1
4280,001650,0,108,1
4281,001651,0,108,1
4282,001652,0,108,1
4283,001653,0,108,1
4284,001654,0,108,1
4285,001655,0,108,1
4286,001656,0,108,1
4287,001657,0,108,1
4288,001660,0,108,1
4289,001661,0,108,1
4290,001662,0,108,1
4291,001663,0,108,1
4292,001664,0,108,1
4293,001665,0,108,1
4294,001666,0,108,1
4295,001667,0,108,1
4296,001670,0,108,1
4297,001671,0,108,1
4298,001672,0,108,1
4299,001673,0,108,1
4300,001674,0,108,1
4301,001675,0,108,1
4302,001676,0,108,1
4303,001677,0,108,1
4304,001700,0,108,1
4305,001701,0,108,1
4306,001702,0,108,1
4307,001703,0,108,1
4308,001704,0,108,1
4309,001705,0,108,1
4310,001706,0,108,1
4311,001707,0,108,1
4312,001710,0,108,1
4313,001711,0,108,1
4314,001712,0,108,1
4315,001713,0,108,1
4316,001714,0,108,1
4317,001715,0,108,1
4318,001716,0,108,1
4319,001717,0,108,1
4320,001720,0,108,1
4321,001721,0,108,1
4322,001722,0,108,1
4323,001723,0,108,1
4324,001724,0,108,1
4325,001725,0,108,1
4326,001726,0,108,1
4327,001727,0,108,1
4328,001730,0,108,1
4329,001731,0,108,1
4330,001732,0,108,1
4331,001733,0,108,1
4332,001734,0,108,1
4333,001735,0,108,1
4334,001736,0,108,1
4335,001737,0,108,1
4336,001740,0,108,1
4337,001741,0,108,1
4338,001742,0,108,1
4339,001743,0,108,1
4340,001744,0,108,1
4341,001745,0,108,1
4342,001746,0,108,1
4343,001747,0,108,1
4344,001750,0,108,1
4345,001751,0,108,1
4346,001752,0,108,1
4347,001753,0,108,1
4348,001754,0,108,1
4349,001755,0,108,1
4350,001756,0,108,1
4351,001757,0,108,1
4352,001760,0,108,1
4353,001761,0,108,1
4354,001762,0,108,1
4355,001763,0,108,1
4356,001764,0,108,1
4357,001765,0,108,1
4358,001766,0,108,1
4359,001767,0,108,1
4360,001770,0,108,1
4361,001771,0,108,1
4362,001772,0,108,1
4363,001773,0,108,1
4364,001774,0,108,1
4365,001775,0,108,1
4366,001776,0,108,1
4367,001777,0,108,1
4368,002000,0,109,1
4369,002001,0,109,1
4370,002002,0,109,1
4371,002003,0,109,1
4372,002004,0,109,1
4373,002005,0,109,1
4374,002006,0,109,1
4375,002007,0,109,1
4376,002010,0,109,1
4377,002011,0,109,1
4378,002012,0,109,1
4379,002013,0,109,1
4380,002014,0,109,1
4381,002015,0,109,1
4382,002016,0,109,1
4383,002017,0,109,1
4384,002020,0,109,1
4385,002021,0,109,1
4386,002022,0,109,1
4387,002023,0,109,1
4388,002024,0,109,1
4389,002025,0,109,1
4390,002026,0,109,1
4391,002027,0,109,1
4392,002030,0,109,1
4393,002031,0,109,1
4394,002032,0,109,1
4395,002033,0,109,1
4396,002034,0,109,1
4397,002035,0,109,1
4398,002036,0,109,1
4399,002037,0,109,1
4400,002040,0,109,1
4401,002041,0,109,1
4402,002042,0,109,1
4403,002043,0,109,1
4404,002044,0,109,1
4405,002045,0,109,1
4406,002046,0,109,1
4407,002047,0,109,1
4408,002050,0,109,1
4409,002051,0,109,1
4410,002052,0,109,1
4411,002053,0,109,1
4412,002054,0,109,1
4413,002055,0,109,1
4414,002056,0,109,1
4415,002057,0,109,1
4416,002060,0,109,1
4417,002061,0,109,1
4418,002062,0,109,1
4419,002063,0,109,1
4420,002064,0,109,1
4421,002065,0,109,1
4422,002066,0,109,1
4423,002067,0,109,1
4424,002070,0,109,1
4425,002071,0,109,1
4426,002072,0,109,1
4427,002073,0,109,1
4428,002074,0,109,1
4429,002075,0,109,1
4430,002076,0,109,1
4431,002077,0,109,1
4432,002100,0,109,1
4433,002101,0,109,1
4434,002102,0,109,1
4435,002103,0,109,1
4436,002104,0,109,1
4437,002105,0,109,1
4438,002106,0,109,1
4439,002107,0,109,1
4440,002110,0,109,1
4441,002111,0,109,1
4442,002112,0,109,1
4443,002113,0,109,1
4444,002114,0,109,1
4445,002115,0,109,1
4446,002116,0,109,1
4447,002117,0,109,1
4448,002120,0,109,1
4449,002121,0,109,1
4450,002122,0,109,1
4451,002123,0,109,1
4452,002124,0,109,1
4453,002125,0,109,1
4454,002126,0,109,1
4455,002127,0,109,1
4456,002130,0,109,1
4457,002131,0,109,1
4458,002132,0,109,1
4459,002133,0,109,1
4460,002134,0,109,1
4461,002135,0,109,1
4462,002136,0,109,1
4463,002137,0,109,1
4464,002140,0,109,1
4465,002141,0,109,1
4466,002142,0,109,1
4467,002143,0,109,1
4468,002144,0,109,1
4469,002145,0,109,1
4470,002146,0,109,1
4471,002147,0,109,1
4472,002150,0,109,1
4473,002151,0,109,1
4474,002152,0,109,1
4475,002153,0,109,1
4476,002154,0,109,1
4477,002155,0,109,1
4478,002156,0,109,1
4479,002157,0,109,1
4480,002160,0,109,1
4481,002161,0,109,1
4482,002162,0,109,1
4483,002163,0,109,1
4484,002164,0,109,1
4485,002165,0,109,1
4486,002166,0,109,1
4487,002167,0,109,1
4488,002170,0,109,1
4489,002171,0,109,1
4490,002172,0,109,1
4491,002173,0,109,1
4492,002174,0,109,1
4493,002175,0,109,1
4494,002176,0,109,1
4495,002177,0,109,1
4496,002200,0,109,1
4497,002201,0,109,1
4498,002202,0,109,1
4499,002203,0,109,1
4500,002204,0,109,1
4501,002205,0,109,1
4502,002206,0,109,1
4503,002207,0,109,1
4504,002210,0,109,1
4505,002211,0,109,1
4506,002212,0,109,1
4507,002213,0,109,1
4508,002214,0,109,1
4509,002215,0,109,1
4510,002216,0,109,1
4511,002217,0,109,1
4512,002220,0,109,1
4513,002221,0,109,1
4514,002222,0,109,1
4515,002223,0,109,1
4516,002224,0,109,1
4517,002225,0,109,1
4518,002226,0,109,1
4519,002227,0,109,1
4520,002230,0,109,1
4521,002231,0,109,1
4522,002232,0,109,1
4523,002233,0,109,1
4524,002234,0,109,1
4525,002235,0,109,1
4526,002236,0,109,1
4527,002237,0,109,1
4528,002240,0,109,1
4529,002241,0,109,1
4530,002242,0,109,1
4531,002243,0,109,1
4532,002244,0,109,1
4533,002245,0,109,1
4534,002246,0,109,1
4535,002247,0,109,1
4536,002250,0,109,1
4537,002251,0,109,1
4538,002252,0,109,1
4539,002253,0,109,1
4540,002254,0,109,1
4541,002255,0,109,1
4542,002256,0,109,1
4543,002257,0,109,1
4544,002260,0,109,1
4545,002261,0,109,1
4546,002262,0,109,1
4547,002263,0,109,1
4548,002264,0,109,1
4549,002265,0,109,1
4550,002266,0,109,1
4551,002267,0,109,1
4552,002270,0,109,1
4553,002271,0,109,1
4554,002272,0,109,1
4555,002273,0,109,1
4556,002274,0,109,1
4557,002275,0,109,1
4558,002276,0,109,1
4559,002277,0,109,1
4560,002300,0,109,1
4561,002301,0,109,1
4562,002302,0,109,1
4563,002303,0,109,1
4564,002304,0,109,1
4565,002305,0,109,1
4566,002306,0,109,1
4567,002307,0,109,1
4568,002310,0,109,1
4569,002311,0,109,1
4570,002312,0,109,1
4571,002313,0,109,1
4572,002314,0,109,1
4573,002315,0,109,1
4574,002316,0,109,1
4575,002317,0,109,1
4576,002320,0,109,1
4577,002321,0,109,1
4578,002322,0,109,1
4579,002323,0,109,1
4580,002324,0,109,1
4581,002325,0,109,1
4582,002326,0,109,1
4583,002327,0,109,1
4584,002330,0,109,1
4585,002331,0,109,1
4586,002332,0,109,1
4587,002333,0,109,1
4588,002334,0,109,1
4589,002335,0,109,1
4590,002336,0,109,1
4591,002337,0,109,1
4592,002340,0,109,1
4593,002341,0,109,1
4594,002342,0,109,1
4595,002343,0,109,1
4596,002344,0,109,1
4597,002345,0,109,1
4598,002346,0,109,1
4599,002347,0,109,1
4600,002350,0,109,1
4601,002351,0,109,1
4602,002352,0,109,1
4603,002353,0,109,1
4604,002354,0,109,1
4605,002355,0,109,1
4606,002356,0,109,1
4607,002357,0,109,1
4608,002360,0,109,1
4609,002361,0,109,1
4610,002362,0,109,1
4611,002363,0,109,1
4612,002364,0,109,1
4613,002365,0,109,1
4614,002366,0,109,1
4615,002367,0,109,1
4616,002370,0,109,1
4617,002371,0,109,1
4618,002372,0,109,1
4619,002373,0,109,1
4620,002374,0,109,1
4621,002375,0,109,1
4622,002376,0,109,1
4623,002377,0,109,1
4624,002400,0,109,1
4625,002401,0,109,1
4626,002402,0,109,1
4627,002403,0,109,1
4628,002404,0,109,1
4629,002405,0,109,1
4630,002406,0,109,1
4631,002407,0,109,1
4632,002410,0,109,1
4633,002411,0,109,1
4634,002412,0,109,1
4635,002413,0,109,1
4636,002414,0,109,1
4637,002415,0,109,1
4638,002416,0,109,1
4639,002417,0,109,1
4640,002420,0,109,1
4641,002421,0,109,1
4642,002422,0,109,1
4643,002423,0,109,1
4644,002424,0,109,1
4645,002425,0,109,1
4646,002426,0,109,1
4647,002427,0,109,1
4648,002430,0,109,1
4649,002431,0,109,1
4650,002432,0,109,1
4651,002433,0,109,1
4652,002434,0,109,1
4653,002435,0,109,1
4654,002436,0,109,1
4655,002437,0,109,1
4656,002440,0,109,1
4657,002441,0,109,1
4658,002442,0,109,1
4659,002443,0,109,1
4660,002444,0,109,1
4661,002445,0,109,1
4662,002446,0,109,1
4663,002447,0,109,1
4664,002450,0,109,1
4665,002451,0,109,1
4666,002452,0,109,1
4667,002453,0,109,1
4668,002454,0,109,1
4669,002455,0,109,1
4670,002456,0,109,1
4671,002457,0,109,1
4672,002460,0,109,1
4673,002461,0,109,1
4674,002462,0,109,1
4675,002463,0,109,1
4676,002464,0,109,1
4677,002465,0,109,1
4678,002466,0,109,1
4679,002467,0,109,1
4680,002470,0,109,1
4681,002471,0,109,1
4682,002472,0,109,1
4683,002473,0,109,1
4684,002474,0,109,1
4685,002475,0,109,1
4686,002476,0,109,1
4687,002477,0,109,1
4688,002500,0,109,1
4689,002501,0,109,1
4690,002502,0,109,1
4691,002503,0,109,1
4692,002504,0,109,1
4693,002505,0,109,1
4694,002506,0,109,1
4695,002507,0,109,1
4696,002510,0,109,1
4697,002511,0,109,1
4698,002512,0,109,1
4699,002513,0,109,1
4700,002514,0,109,1
4701,002515,0,109,1
4702,002516,0,109,1
4703,002517,0,109,1
4704,002520,0,109,1
4705,002521,0,109,1
4706,002522,0,109,1
4707,002523,0,109,1
4708,002524,0,109,1
4709,002525,0,109,1
4710,002526,0,109,1
4711,002527,0,109,1
4712,002530,0,109,1
4713,002531,0,109,1
4714,002532,0,109,1
4715,002533,0,109,1
4716,002534,0,109,1
4717,002535,0,109,1
4718,002536,0,109,1
4719,002537,0,109,1
4720,002540,0,109,1
4721,002541,0,109,1
4722,002542,0,109,1
4723,002543,0,109,1
4724,002544,0,109,1
4725,002545,0,109,1
4726,002546,0,109,1
4727,002547,0,109,1
4728,002550,0,109,1
4729,002551,0,109,1
4730,002552,0,109,1
4731,002553,0,109,1
4732,002554,0,109,1
4733,002555,0,109,1
4734,002556,0,109,1
4735,002557,0,109,1
4736,002560,0,109,1
4737,002561,0,109,1
4738,002562,0,109,1
4739,002563,0,109,1
4740,002564,0,109,1
4741,002565,0,109,1
4742,002566,0,109,1
4743,002567,0,109,1
4744,002570,0,109,1
4745,002571,0,109,1
4746,002572,0,109,1
4747,002573,0,109,1
4748,002574,0,109,1
4749,002575,0,109,1
4750,002576,0,109,1
4751,002577,0,109,1
4752,002600,0,109,1
4753,002601,0,109,1
4754,002602,0,109,1
4755,002603,0,109,1
4756,002604,0,109,1
4757,002605,0,109,1
4758,002606,0,109,1
4759,002607,0,109,1
4760,002610,0,109,1
4761,002611,0,109,1
4762,002612,0,109,1
4763,002613,0,109,1
4764,002614,0,109,1
4765,002615,0,109,1
4766,002616,0,109,1
4767,002617,0,109,1
4768,002620,0,109,1
4769,002621,0,109,1
4770,002622,0,109,1
4771,002623,0,109,1
4772,002624,0,109,1
4773,002625,0,109,1
4774,002626,0,109,1
4775,002627,0,109,1
4776,002630,0,109,1
4777,002631,0,109,1
4778,002632,0,109,1
4779,002633,0,109,1
4780,002634,0,109,1
4781,002635,0,109,1
4782,002636,0,109,1
4783,002637,0,109,1
4784,002640,0,109,1
4785,002641,0,109,1
4786,002642,0,109,1
4787,002643,0,109,1
4788,002644,0,109,1
4789,002645,0,109,1
4790,002646,0,109,1
4791,002647,0,109,1
4792,002650,0,109,1
4793,002651,0,109,1
4794,002652,0,109,1
4795,002653,0,109,1
4796,002654,0,109,1
4797,002655,0,109,1
4798,002656,0,109,1
4799,002657,0,109,1
4800,002660,0,109,1
4801,002661,0,109,1
4802,002662,0,109,1
4803,002663,0,109,1
4804,002664,0,109,1
4805,002665,0,109,1
4806,002666,0,109,1
4807,002667,0,109,1
4808,002670,0,109,1
4809,002671,0,109,1
4810,002672,0,109,1
4811,002673,0,109,1
4812,002674,0,109,1
4813,002675,0,109,1
4814,002676,0,109,1
4815,002677,0,109,1
4816,002700,0,109,1
4817,002701,0,109,1
4818,002702,0,109,1
4819,002703,0,109,1
4820,002704,0,109,1
4821,002705,0,109,1
4822,002706,0,109,1
4823,002707,0,109,1
4824,002710,0,109,1
4825,002711,0,109,1
4826,002712,0,109,1
4827,002713,0,109,1
4828,002714,0,109,1
4829,002715,0,109,1
4830,002716,0,109,1
4831,002717,0,109,1
4832,002720,0,109,1
4833,002721,0,109,1
4834,002722,0,109,1
4835,002723,0,109,1
4836,002724,0,109,1
4837,002725,0,109,1
4838,002726,0,109,1
4839,002727,0,109,1
4840,002730,0,109,1
4841,002731,0,109,1
4842,002732,0,109,1
4843,002733,0,109,1
4844,002734,0,109,1
4845,002735,0,109,1
4846,002736,0,109,1
4847,002737,0,109,1
4848,002740,0,109,1
4849,002741,0,109,1
4850,002742,0,109,1
4851,002743,0,109,1
4852,002744,0,109,1
4853,002745,0,109,1
4854,002746,0,109,1
4855,002747,0,109,1
4856,002750,0,109,1
4857,002751,0,109,1
4858,002752,0,109,1
4859,002753,0,109,1
4860,002754,0,109,1
4861,002755,0,109,1
4862,002756,0,109,1
4863,002757,0,109,1
4864,002760,0,109,1
4865,002761,0,109,1
4866,002762,0,109,1
4867,002763,0,109,1
4868,002764,0,109,1
4869,002765,0,109,1
4870,002766,0,109,1
4871,002767,0,109,1
4872,002770,0,109,1
4873,002771,0,109,1
4874,002772,0,109,1
4875,002773,0,109,1
4876,002774,0,109,1
4877,002775,0,109,1
4878,002776,0,109,1
4879,002777,0,109,1
4880,003000,0,108,1
4881,003001,0,108,1
4882,003002,0,108,1
4883,003003,0,108,1
4884,003004,0,110,1
4885,003005,0,110,1
4886,003006,0,110,1
4887,003007,0,110,1
4888,003010,0,108,1
4889,003011,0,108,1
4890,003012,0,108,1
4891,003013,0,108,1
4892,003014,0,110,1
4893,003015,0,110,1
4894,003016,0,110,1
4895,003017,0,110,1
4896,003020,0,108,1
4897,003021,0,108,1
4898,003022,0,108,1
4899,003023,0,108,1
4900,003024,0,110,1
4901,003025,0,110,1
4902,003026,0,110,1
4903,003027,0,110,1
4904,003030,0,108,1
4905,003031,0,108,1
4906,003032,0,108,1
4907,003033,0,108,1
4908,003034,0,110,1
4909,003035,0,110,1
4910,003036,0,110,1
4911,003037,0,110,1
4912,003040,0,108,1
4913,003041,0,108,1
4914,003042,0,108,1
4915,003043,0,108,1
4916,003044,0,110,1
4917,003045,0,110,1
4918,003046,0,110,1
4919,003047,0,110,1
4920,003050,0,108,1
4921,003051,0,108,1
4922,003052,0,108,1
4923,003053,0,108,1
4924,003054,0,110,1
4925,003055,0,110,1
4926,003056,0,110,1
4927,003057,0,110,1
4928,003060,0,108,1
4929,003061,0,108,1
4930,003062,0,108,1
4931,003063,0,108,1
4932,003064,0,110,1
4933,003065,0,110,1
4934,003066,0,110,1
4935,003067,0,110,1
4936,003070,0,108,1
4937,003071,0,108,1
4938,003072,0,108,1
4939,003073,0,108,1
4940,003074,0,110,1
4941,003075,0,110,1
4942,003076,0,110,1
4943,003077,0,110,1
4944,003100,0,108,1
4945,003101,0,108,1
4946,003102,0,108,1
4947,003103,0,108,1
4948,003104,0,110,1
4949,003105,0,110,1
4950,003106,0,110,1
4951,003107,0,110,1
4952,003110,0,108,1
4953,003111,0,108,1
4954,003112,0,108,1
4955,003113,0,108,1
4956,003114,0,110,1
4957,003115,0,110,1
4958,003116,0,110,1
4959,003117,0,110,1
4960,003120,0,108,1
4961,003121,0,108,1
4962,003122,0,108,1
4963,003123,0,108,1
4964,003124,0,110,1
4965,003125,0,110,1
4966,003126,0,110,1
4967,003127,0,110,1
4968,003130,0,108,1
4969,003131,0,108,1
4970,003132,0,108,1
4971,003133,0,108,1
4972,003134,0,110,1
4973,003135,0,110,1
4974,003136,0,110,1
4975,003137,0,110,1
4976,003140,0,108,1
4977,003141,0,108,1
4978,003142,0,108,1
4979,003143,0,108,1
4980,003144,0,110,1
4981,003145,0,110,1
4982,003146,0,110,1
4983,003147,0,110,1
4984,003150,0,108,1
4985,003151,0,108,1
4986,003152,0,108,1
4987,003153,0,108,1
4988,003154,0,110,1
4989,003155,0,110,1
4990,003156,0,110,1
4991,003157,0,110,1
4992,003160,0,108,1
4993,003161,0,108,1
4994,003162,0,108,1
4995,003163,0,108,1
4996,003164,0,110,1
4997,003165,0,110,1
4998,003166,0,110,1
4999,003167,0,110,1
5000,003170,0,108,1
5001,003171,0,108,1
5002,003172,0,108,1
5003,003173,0,108,1
5004,003174,0,110,1
5005,003175,0,110,1
5006,003176,0,110,1
5007,003177,0,110,1
5008,003200,0,108,1
5009,003201,0,108,1
5010,003202,0,108,1
5011,003203,0,108,1
5012,003204,0,110,1
5013,003205,0,110,1
5014,003206,0,110,1
5015,003207,0,110,1
5016,003210,0,108,1
5017,003211,0,108,1
5018,003212,0,108,1
5019,003213,0,108,1
5020,003214,0,110,1
5021,003215,0,110,1
5022,003216,0,110,1
5023,003217,0,110,1
5024,003220,0,108,1
5025,003221,0,108,1
5026,003222,0,108,1
5027,003223,0,108,1
5028,003224,0,110,1
5029,003225,0,110,1
5030,003226,0,110,1
5031,003227,0,110,1
5032,003230,0,108,1
5033,003231,0,108,1
5034,003232,0,108,1
5035,003233,0,108,1
5036,003234,0,110,1
5037,003235,0,110,1
5038,003236,0,110,1
5039,003237,0,110,1
5040,003240,0,108,1
5041,003241,0,108,1
5042,003242,0,108,1
5043,003243,0,108,1
5044,003244,0,110,1
5045,003245,0,110,1
5046,003246,0,110,1
5047,003247,0,110,1
5048,003250,0,108,1
5049,003251,0,108,1
5050,003252,0,108,1
5051,003253,0,108,1
5052,003254,0,110,1
5053,003255,0,110,1
5054,003256,0,110,1
5055,003257,0,110,1
5056,003260,0,108,1
5057,003261,0,108,1
5058,003262,0,108,1
5059,003263,0,108,1
5060,003264,0,110,1
5061,003265,0,110,1
5062,003266,0,110,1
5063,003267,0,110,1
5064,003270,0,108,1
5065,003271,0,108,1
5066,003272,0,108,1
5067,003273,0,108,1
5068,003274,0,110,1
5069,003275,0,110,1
5070,003276,0,110,1
5071,003277,0,110,1
5072,003300,0,108,1
5073,003301,0,108,1
5074,003302,0,108,1
5075,003303,0,108,1
5076,003304,0,110,1
5077,003305,0,110,1
5078,003306,0,110,1
5079,003307,0,110,1
5080,003310,0,108,1
5081,003311,0,108,1
5082,003312,0,108,1
5083,003313,0,108,1
5084,003314,0,110,1
5085,003315,0,110,1
5086,003316,0,110,1
5087,003317,0,110,1
5088,003320,0,108,1
5089,003321,0,108,1
5090,003322,0,108,1
5091,003323,0,108,1
5092,003324,0,110,1
5093,003325,0,110,1
5094,003326,0,110,1
5095,003327,0,110,1
5096,003330,0,108,1
5097,003331,0,108,1
5098,003332,0,108,1
5099,003333,0,108,1
5100,003334,0,110,1
5101,003335,0,110,1
5102,003336,0,110,1
5103,003337,0,110,1
5104,003340,0,108,1
5105,003341,0,108,1
5106,003342,0,108,1
5107,003343,0,108,1
5108,003344,0,110,1
5109,003345,0,110,1
5110,003346,0,110,1
5111,003347,0,110,1
5112,003350,0,108,1
5113,003351,0,108,1
5114,003352,0,108,1
5115,003353,0,108,1
5116,003354,0,110,1
5117,003355,0,110,1
5118,003356,0,110,1
5119,003357,0,110,1
5120,003360,0,108,1
5121,003361,0,108,1
5122,003362,0,108,1
5123,003363,0,108,1
5124,003364,0,110,1
5125,003365,0,110,1
5126,003366,0,110,1
5127,003367,0,110,1
5128,003370,0,108,1
5129,003371,0,108,1
5130,003372,0,108,1
5131,003373,0,108,1
5132,003374,0,110,1
5133,003375,0,110,1
5134,003376,0,110,1
5135,003377,0,110,1
5136,003400,0,108,1
5137,003401,0,108,1
5138,003402,0,108,1
5139,003403,0,108,1
5140,003404,0,110,1
5141,003405,0,110,1
5142,003406,0,110,1
5143,003407,0,110,1
5144,003410,0,108,1
5145,003411,0,108,1
5146,003412,0,108,1
5147,003413,0,108,1
5148,003414,0,110,1
5149,003415,0,110,1
5150,003416,0,110,1
5151,003417,0,110,1
5152,003420,0,108,1
5153,003421,0,108,1
5154,003422,0,108,1
5155,003423,0,108,1
5156,003424,0,110,1
5157,003425,0,110,1
5158,003426,0,110,1
5159,003427,0,110,1
5160,003430,0,108,1
5161,003431,0,108,1
5162,003432,0,108,1
5163,003433,0,108,1
5164,003434,0,110,1
5165,003435,0,110,1
5166,003436,0,110,1
5167,003437,0,110,1
5168,003440,0,108,1
5169,003441,0,108,1
5170,003442,0,108,1
5171,003443,0,108,1
5172,003444,0,110,1
5173,003445,0,110,1
5174,003446,0,110,1
5175,003447,0,110,1
5176,003450,0,108,1
5177,003451,0,108,1
5178,003452,0,108,1
5179,003453,0,108,1
5180,003454,0,110,1
5181,003455,0,110,1
5182,003456,0,110,1
5183,003457,0,110,1
5184,003460,0,108,1
5185,003461,0,108,1
5186,003462,0,108,1
5187,003463,0,108,1
5188,003464,0,110,1
5189,003465,0,110,1
5190,003466,0,110,1
5191,003467,0,110,1
5192,003470,0,108,1
5193,003471,0,108,1
5194,003472,0,108,1
5195,003473,0,108,1
5196,003474,0,110,1
5197,003475,0,110,1
5198,003476,0,110,1
5199,003477,0,110,1
5200,003500,0,108,1
5201,003501,0,108,1
5202,003502,0,108,1
5203,003503,0,108,1
5204,003504,0,110,1
5205,003505,0,110,1
5206,003506,0,110,1
5207,003507,0,110,1
5208,003510,0,108,1
5209,003511,0,108,1
5210,003512,0,108,1
5211,003513,0,108,1
5212,003514,0,110,1
5213,003515,0,110,1
5214,003516,0,110,1
5215,003517,0,110,1
5216,003520,0,108,1
5217,003521,0,108,1
5218,003522,0,108,1
5219,003523,0,108,1
5220,003524,0,110,1
5221,003525,0,110,1
5222,003526,0,110,1
5223,003527,0,110,1
5224,003530,0,108,1
5225,003531,0,108,1
5226,003532,0,108,1
5227,003533,0,108,1
5228,003534,0,110,1
5229,003535,0,110,1
5230,003536,0,110,1
5231,003537,0,110,1
5232,003540,0,108,1
5233,003541,0,108,1
5234,003542,0,108,1
5235,003543,0,108,1
5236,003544,0,110,1
5237,003545,0,110,1
5238,003546,0,110,1
5239,003547,0,110,1
5240,003550,0,108,1
5241,003551,0,108,1
5242,003552,0,108,1
5243,003553,0,108,1
5244,003554,0,110,1
5245,003555,0,110,1
5246,003556,0,110,1
5247,003557,0,110,1
5248,003560,0,108,1
5249,003561,0,108,1
5250,003562,0,108,1
5251,003563,0,108,1
5252,003564,0,110,1
5253,003565,0,110,1
5254,003566,0,110,1
5255,003567,0,110,1
5256,003570,0,108,1
5257,003571,0,108,1
5258,003572,0,108,1
5259,003573,0,108,1
5260,003574,0,110,1
5261,003575,0,110,1
5262,003576,0,110,1
5263,003577,0,110,1
5264,003600,0,108,1
5265,003601,0,108,1
5266,003602,0,108,1
5267,003603,0,108,1
5268,003604,0,110,1
5269,003605,0,110,1
5270,003606,0,110,1
5271,003607,0,110,1
5272,003610,0,108,1
5273,003611,0,108,1
5274,003612,0,108,1
5275,003613,0,108,1
5276,003614,0,110,1
5277,003615,0,110,1
5278,003616,0,110,1
5279,003617,0,110,1
5280,003620,0,108,1
5281,003621,0,108,1
5282,003622,0,108,1
5283,003623,0,108,1
5284,003624,0,110,1
5285,003625,0,110,1
5286,003626,0,110,1
5287,003627,0,110,1
5288,003630,0,108,1
5289,003631,0,108,1
5290,003632,0,108,1
5291,003633,0,108,1
5292,003634,0,110,1
5293,003635,0,110,1
5294,003636,0,110,1
5295,003637,0,110,1
5296,003640,0,108,1
5297,003641,0,108,1
5298,003642,0,108,1
5299,003643,0,108,1
5300,003644,0,110,1
5301,003645,0,110,1
5302,003646,0,110,1
5303,003647,0,110,1
5304,003650,0,108,1
5305,003651,0,108,1
5306,003652,0,108,1
5307,003653,0,108,1
5308,003654,0,110,1
5309,003655,0,110,1
5310,003656,0,110,1
5311,003657,0,110,1
5312,003660,0,108,1
5313,003661,0,108,1
5314,003662,0,108,1
5315,003663,0,108,1
5316,003664,0,110,1
5317,003665,0,110,1
5318,003666,0,110,1
5319,003667,0,110,1
5320,003670,0,108,1
5321,003671,0,108,1
5322,003672,0,108,1
5323,003673,0,108,1
5324,003674,0,110,1
5325,003675,0,110,1
5326,003676,0,110,1
5327,003677,0,110,1
5328,003700,0,108,1
5329,003701,0,108,1
5330,003702,0,108,1
5331,003703,0,108,1
5332,003704,0,110,1
5333,003705,0,110,1
5334,003706,0,110,1
5335,003707,0,110,1
5336,003710,0,108,1
5337,003711,0,108,1
5338,003712,0,108,1
5339,003713,0,108,1
5340,003714,0,110,1
5341,003715,0,110,1
5342,003716,0,110,1
5343,003717,0,110,1
5344,003720,0,108,1
5345,003721,0,108,1
5346,003722,0,108,1
5347,003723,0,108,1
5348,003724,0,110,1
5349,003725,0,110,1
5350,003726,0,110,1
5351,003727,0,110,1
5352,003730,0,108,1
5353,003731,0,108,1
5354,003732,0,108,1
5355,003733,0,108,1
5356,003734,0,110,1
5357,003735,0,110,1
5358,003736,0,110,1
5359,003737,0,110,1
5360,003740,0,108,1
5361,003741,0,108,1
5362,003742,0,108,1
5363,003743,0,108,1
5364,003744,0,110,1
5365,003745,0,110,1
5366,003746,0,110,1
5367,003747,0,110,1
5368,003750,0,108,1
5369,003751,0,108,1
5370,003752,0,108,1
5371,003753,0,108,1
5372,003754,0,110,1
5373,003755,0,110,1
5374,003756,0,110,1
5375,003757,0,110,1
5376,003760,0,108,1
5377,003761,0,108,1
5378,003762,0,108,1
5379,003763,0,108,1
5380,003764,0,110,1
5381,003765,0,110,1
5382,003766,0,110,1
5383,003767,0,110,1
5384,003770,0,108,1
5385,003771,0,108,1
5386,003772,0,108,1
5387,003773,0,108,1
5388,003774,0,110,1
5389,003775,0,110,1
5390,003776,0,110,1
5391,003777,0,110,1
5392,100000,0,108,1
5393,100001,0,108,1
5394,100002,0,108,1
5395,100003,0,108,1
5396,100004,0,108,1
5397,100005,0,108,1
5398,100006,0,108,1
5399,100007,0,108,1
5400,100010,0,108,1
5401,100011,0,108,1
5402,100012,0,108,1
5403,100013,0,108,1
5404,100014,0,108,1
5405,100015,0,108,1
5406,100016,0,108,1
5407,100017,0,108,1
5408,100020,0,108,1
5409,100021,0,108,1
5410,100022,0,108,1
5411,100023,0,108,1
5412,100024,0,108,1
5413,100025,0,108,1
5414,100026,0,108,1
5415,100027,0,108,1
5416,100030,0,108,1
5417,100031,0,108,1
5418,100032,0,108,1
5419,100033,0,108,1
5420,100034,0,108,1
5421,100035,0,108,1
5422,100036,0,108,1
5423,100037,0,108,1
5424,100040,0,108,1
5425,100041,0,108,1
5426,100042,0,108,1
5427,100043,0,108,1
5428,100044,0,108,1
5429,100045,0,108,1
5430,100046,0,108,1
5431,100047,0,108,1
5432,100050,0,108,1
5433,100051,0,108,1
5434,100052,0,108,1
5435,100053,0,108,1
5436,100054,0,108,1
5437,100055,0,108,1
5438,100056,0,108,1
5439,100057,0,108,1
5440,100060,0,108,1
5441,100061,0,108,1
5442,100062,0,108,1
5443,100063,0,108,1
5444,100064,0,108,1
5445,100065,0,108,1
5446,100066,0,108,1
5447,100067,0,108,1
5448,100070,0,108,1
5449,100071,0,108,1
5450,100072,0,108,1
5451,100073,0,108,1
5452,100074,0,108,1
5453,100075,0,108,1
5454,100076,0,108,1
5455,100077,0,108,1
5456,100100,0,108,1
5457,100101,0,108,1
5458,100102,0,108,1
5459,100103,0,108,1
5460,100104,0,108,1
5461,100105,0,108,1
5462,100106,0,108,1
5463,100107,0,108,1
5464,100110,0,108,1
5465,100111,0,108,1
5466,100112,0,108,1
5467,100113,0,108,1
5468,100114,0,108,1
5469,100115,0,108,1
5470,100116,0,108,1
5471,100117,0,108,1
5472,100120,0,108,1
5473,100121,0,108,1
5474,100122,0,108,1
5475,100123,0,108,1
5476,100124,0,108,1
5477,100125,0,108,1
5478,100126,0,108,1
5479,100127,0,108,1
5480,100130,0,108,1
5481,100131,0,108,1
5482,100132,0,108,1
5483,100133,0,108,1
5484,100134,0,108,1
5485,100135,0,108,1
5486,100136,0,108,1
5487,100137,0,108,1
5488,100140,0,108,1
5489,100141,0,108,1
5490,100142,0,108,1
5491,100143,0,108,1
5492,100144,0,108,1
5493,100145,0,108,1
5494,100146,0,108,1
5495,100147,0,108,1
5496,100150,0,108,1
5497,100151,0,108,1
5498,100152,0,108,1
5499,100153,0,108,1
5500,100154,0,108,1
5501,100155,0,108,1
5502,100156,0,108,1
5503,100157,0,108,1
5504,100160,0,108,1
5505,100161,0,108,1
5506,100162,0,108,1
5507,100163,0,108,1
5508,100164,0,108,1
5509,100165,0,108,1
5510,100166,0,108,1
5511,100167,0,108,1
5512,100170,0,108,1
5513,100171,0,108,1
5514,100172,0,108,1
5515,100173,0,108,1
5516,100174,0,108,1
5517,100175,0,108,1
5518,100176,0,108,1
5519,100177,0,108,1
5520,100200,0,108,1
5521,100201,0,108,1
5522,100202,0,108,1
5523,100203,0,108,1
5524,100204,0,108,1
5525,100205,0,108,1
5526,100206,0,108,1
5527,100207,0,108,1
5528,100210,0,108,1
5529,100211,0,108,1
5530,100212,0,108,1
5531,100213,0,108,1
5532,100214,0,108,1
5533,100215,0,108,1
5534,100216,0,108,1
5535,100217,0,108,1
5536,100220,0,108,1
5537,100221,0,108,1
5538,100222,0,108,1
5539,100223,0,108,1
5540,100224,0,108,1
5541,100225,0,108,1
5542,100226,0,108,1
5543,100227,0,108,1
5544,100230,0,108,1
5545,100231,0,108,1
5546,100232,0,108,1
5547,100233,0,108,1
5548,100234,0,108,1
5549,100235,0,108,1
5550,100236,0,108,1
5551,100237,0,108,1
5552,100240,0,108,1
5553,100241,0,108,1
5554,100242,0,108,1
5555,100243,0,108,1
5556,100244,0,108,1
5557,100245,0,108,1
5558,100246,0,108,1
5559,100247,0,108,1
5560,100250,0,108,1
5561,100251,0,108,1
5562,100252,0,108,1
5563,100253,0,108,1
5564,100254,0,108,1
5565,100255,0,108,1
5566,100256,0,108,1
5567,100257,0,108,1
5568,100260,0,108,1
5569,100261,0,108,1
5570,100262,0,108,1
5571,100263,0,108,1
5572,100264,0,108,1
5573,100265,0,108,1
5574,100266,0,108,1
5575,100267,0,108,1
5576,100270,0,108,1
5577,100271,0,108,1
5578,100272,0,108,1
5579,100273,0,108,1
5580,100274,0,108,1
5581,100275,0,108,1
5582,100276,0,108,1
5583,100277,0,108,1
5584,100300,0,108,1
5585,100301,0,108,1
5586,100302,0,108,1
5587,100303,0,108,1
5588,100304,0,108,1
5589,100305,0,108,1
5590,100306,0,108,1
5591,100307,0,108,1
5592,100310,0,108,1
5593,100311,0,108,1
5594,100312,0,108,1
5595,100313,0,108,1
5596,100314,0,108,1
5597,100315,0,108,1
5598,100316,0,108,1
5599,100317,0,108,1
5600,100320,0,108,1
5601,100321,0,108,1
5602,100322,0,108,1
5603,100323,0,108,1
5604,100324,0,108,1
5605,100325,0,108,1
5606,100326,0,108,1
5607,100327,0,108,1
5608,100330,0,108,1
5609,100331,0,108,1
5610,100332,0,108,1
5611,100333,0,108,1
5612,100334,0,108,1
5613,100335,0,108,1
5614,100336,0,108,1
5615,100337,0,108,1
5616,100340,0,108,1
5617,100341,0,108,1
5618,100342,0,108,1
5619,100343,0,108,1
5620,100344,0,108,1
5621,100345,0,108,1
5622,100346,0,108,1
5623,100347,0,108,1
5624,100350,0,108,1
5625,100351,0,108,1
5626,100352,0,108,1
5627,100353,0,108,1
5628,100354,0,108,1
5629,100355,0,108,1
5630,100356,0,108,1
5631,100357,0,108,1
5632,100360,0,108,1
5633,100361,0,108,1
5634,100362,0,108,1
5635,100363,0,108,1
5636,100364,0,108,1
5637,100365,0,108,1
5638,100366,0,108,1
5639,100367,0,108,1
5640,100370,0,108,1
5641,100371,0,108,1
5642,100372,0,108,1
5643,100373,0,108,1
5644,100374,0,108,1
5645,100375,0,108,1
5646,100376,0,108,1
5647,100377,0,108,1
5648,100400,0,108,1
5649,100401,0,108,1
5650,100402,0,108,1
5651,100403,0,108,1
5652,100404,0,108,1
5653,100405,0,108,1
5654,100406,0,108,1
5655,100407,0,108,1
5656,100410,0,108,1
5657,100411,0,108,1
5658,100412,0,108,1
5659,100413,0,108,1
5660,100414,0,108,1
5661,100415,0,108,1
5662,100416,0,108,1
5663,100417,0,108,1
5664,100420,0,108,1
5665,100421,0,108,1
5666,100422,0,108,1
5667,100423,0,108,1
5668,100424,0,108,1
5669,100425,0,108,1
5670,100426,0,108,1
5671,100427,0,108,1
5672,100430,0,108,1
5673,100431,0,108,1
5674,100432,0,108,1
5675,100433,0,108,1
5676,100434,0,108,1
5677,100435,0,108,1
5678,100436,0,108,1
5679,100437,0,108,1
5680,100440,0,108,1
5681,100441,0,108,1
5682,100442,0,108,1
5683,100443,0,108,1
5684,100444,0,108,1
5685,100445,0,108,1
5686,100446,0,108,1
5687,100447,0,108,1
5688,100450,0,108,1
5689,100451,0,108,1
5690,100452,0,108,1
5691,100453,0,108,1
5692,100454,0,108,1
5693,100455,0,108,1
5694,100456,0,108,1
5695,100457,0,108,1
5696,100460,0,108,1
5697,100461,0,108,1
5698,100462,0,108,1
5699,100463,0,108,1
5700,100464,0,108,1
5701,100465,0,108,1
5702,100466,0,108,1
5703,100467,0,108,1
5704,100470,0,108,1
5705,100471,0,108,1
5706,100472,0,108,1
5707,100473,0,108,1
5708,100474,0,108,1
5709,100475,0,108,1
5710,100476,0,108,1
5711,100477,0,108,1
5712,100500,0,108,1
5713,100501,0,108,1
5714,100502,0,108,1
5715,100503,0,108,1
5716,100504,0,108,1
5717,100505,0,108,1
5718,100506,0,108,1
5719,100507,0,108,1
5720,100510,0,108,1
5721,100511,0,108,1
5722,100512,0,108,1
5723,100513,0,108,1
5724,100514,0,108,1
5725,100515,0,108,1
5726,100516,0,108,1
5727,100517,0,108,1
5728,100520,0,108,1
5729,100521,0,108,1
5730,100522,0,108,1
5731,100523,0,108,1
5732,100524,0,108,1
5733,100525,0,108,1
5734,100526,0,108,1
5735,100527,0,108,1
5736,100530,0,108,1
5737,100531,0,108,1
5738,100532,0,108,1
5739,100533,0,108,1
5740,100534,0,108,1
5741,100535,0,108,1
5742,100536,0,108,1
5743,100537,0,108,1
5744,100540,0,108,1
5745,100541,0,108,1
5746,100542,0,108,1
5747,100543,0,108,1
5748,100544,0,108,1
5749,100545,0,108,1
5750,100546,0,108,1
5751,100547,0,108,1
5752,100550,0,108,1
5753,100551,0,108,1
5754,100552,0,108,1
5755,100553,0,108,1
5756,100554,0,108,1
5757,100555,0,108,1
5758,100556,0,108,1
5759,100557,0,108,1
5760,100560,0,108,1
5761,100561,0,108,1
5762,100562,0,108,1
5763,100563,0,108,1
5764,100564,0,108,1
5765,100565,0,108,1
5766,100566,0,108,1
5767,100567,0,108,1
5768,100570,0,108,1
5769,100571,0,108,1
5770,100572,0,108,1
5771,100573,0,108,1
5772,100574,0,108,1
5773,100575,0,108,1
5774,100576,0,108,1
5775,100577,0,108,1
5776,100600,0,108,1
5777,100601,0,108,1
5778,100602,0,108,1
5779,100603,0,108,1
5780,100604,0,108,1
5781,100605,0,108,1
5782,100606,0,108,1
5783,100607,0,108,1
5784,100610,0,108,1
5785,100611,0,108,1
5786,100612,0,108,1
5787,100613,0,108,1
5788,100614,0,108,1
5789,100615,0,108,1
5790,100616,0,108,1
5791,100617,0,108,1
5792,100620,0,108,1
5793,100621,0,108,1
5794,100622,0,108,1
5795,100623,0,108,1
5796,100624,0,108,1
5797,100625,0,108,1
5798,100626,0,108,1
5799,100627,0,108,1
5800,100630,0,108,1
5801,100631,0,108,1
5802,100632,0,108,1
5803,100633,0,108,1
5804,100634,0,108,1
5805,100635,0,108,1
5806,100636,0,108,1
5807,100637,0,108,1
5808,100640,0,108,1
5809,100641,0,108,1
5810,100642,0,108,1
5811,100643,0,108,1
5812,100644,0,108,1
5813,100645,0,108,1
5814,100646,0,108,1
5815,100647,0,108,1
5816,100650,0,108,1
5817,100651,0,108,1
5818,100652,0,108,1
5819,100653,0,108,1
5820,100654,0,108,1
5821,100655,0,108,1
5822,100656,0,108,1
5823,100657,0,108,1
5824,100660,0,108,1
5825,100661,0,108,1
5826,100662,0,108,1
5827,100663,0,108,1
5828,100664,0,108,1
5829,100665,0,108,1
5830,100666,0,108,1
5831,100667,0,108,1
5832,100670,0,108,1
5833,100671,0,108,1
5834,100672,0,108,1
5835,100673,0,108,1
5836,100674,0,108,1
5837,100675,0,108,1
5838,100676,0,108,1
5839,100677,0,108,1
5840,100700,0,108,1
5841,100701,0,108,1
5842,100702,0,108,1
5843,100703,0,108,1
5844,100704,0,108,1
5845,100705,0,108,1
5846,100706,0,108,1
5847,100707,0,108,1
5848,100710,0,108,1
5849,100711,0,108,1
5850,100712,0,108,1
5851,100713,0,108,1
5852,100714,0,108,1
5853,100715,0,108,1
5854,100716,0,108,1
5855,100717,0,108,1
5856,100720,0,108,1
5857,100721,0,108,1
5858,100722,0,108,1
5859,100723,0,108,1
5860,100724,0,108,1
5861,100725,0,108,1
5862,100726,0,108,1
5863,100727,0,108,1
5864,100730,0,108,1
5865,100731,0,108,1
5866,100732,0,108,1
5867,100733,0,108,1
5868,100734,0,108,1
5869,100735,0,108,1
5870,100736,0,108,1
5871,100737,0,108,1
5872,100740,0,108,1
5873,100741,0,108,1
5874,100742,0,108,1
5875,100743,0,108,1
5876,100744,0,108,1
5877,100745,0,108,1
5878,100746,0,108,1
5879,100747,0,108,1
5880,100750,0,108,1
5881,100751,0,108,1
5882,100752,0,108,1
5883,100753,0,108,1
5884,100754,0,108,1
5885,100755,0,108,1
5886,100756,0,108,1
5887,100757,0,108,1
5888,100760,0,108,1
5889,100761,0,108,1
5890,100762,0,108,1
5891,100763,0,108,1
5892,100764,0,108,1
5893,100765,0,108,1
5894,100766,0,108,1
5895,100767,0,108,1
5896,100770,0,108,1
5897,100771,0,108,1
5898,100772,0,108,1
5899,100773,0,108,1
5900,100774,0,108,1
5901,100775,0,108,1
5902,100776,0,108,1
5903,100777,0,108,1
5904,101000,0,108,1
5905,101001,0,109,1
5906,101002,0,108,1
5907,101003,0,109,1
5908,101004,0,108,1
5909,101005,0,109,1
5910,101006,0,108,1
5911,101007,0,109,1
5912,101010,0,108,1
5913,101011,0,109,1
5914,101012,0,108,1
5915,101013,0,109,1
5916,101014,0,108,1
5917,101015,0,109,1
5918,101016,0,108,1
5919,101017,0,109,1
5920,101020,0,108,1
5921,101021,0,109,1
5922,101022,0,108,1
5923,101023,0,109,1
5924,101024,0,108,1
5925,101025,0,109,1
5926,101026,0,108,1
5927,101027,0,109,1
5928,101030,0,108,1
5929,101031,0,109,1
5930,101032,0,108,1
5931,101033,0,109,1
5932,101034,0,108,1
5933,101035,0,109,1
5934,101036,0,108,1
5935,101037,0,109,1
5936,101040,0,108,1
5937,101041,0,109,1
5938,101042,0,108,1
5939,101043,0,109,1
5940,101044,0,108,1
5941,101045,0,109,1
5942,101046,0,108,1
5943,101047,0,109,1
5944,101050,0,108,1
5945,101051,0,109,1
5946,101052,0,108,1
5947,101053,0,109,1
5948,101054,0,108,1
5949,101055,0,109,1
5950,101056,0,108,1
5951,101057,0,109,1
5952,101060,0,108,1
5953,101061,0,109,1
5954,101062,0,108,1
5955,101063,0,109,1
5956,101064,0,108,1
5957,101065,0,109,1
5958,101066,0,108,1
5959,101067,0,109,1
5960,101070,0,108,1
5961,101071,0,109,1
5962,101072,0,108,1
5963,101073,0,109,1
5964,101074,0,108,1
5965,101075,0,109,1
5966,101076,0,108,1
5967,101077,0,109,1
5968,101100,0,108,1
5969,101101,0,109,1
5970,101102,0,108,1
5971,101103,0,109,1
5972,101104,0,108,1
5973,101105,0,109,1
5974,101106,0,108,1
5975,101107,0,109,1
5976,101110,0,108,1
5977,101111,0,109,1
5978,101112,0,108,1
5979,101113,0,109,1
5980,101114,0,108,1
5981,101115,0,109,1
5982,101116,0,108,1
5983,101117,0,109,1
5984,101120,0,108,1
5985,101121,0,109,1
5986,101122,0,108,1
5987,101123,0,109,1
5988,101124,0,108,1
5989,101125,0,109,1
5990,101126,0,108,1
5991,101127,0,109,1
5992,101130,0,108,1
5993,101131,0,109,1
5994,101132,0,108,1
5995,101133,0,109,1
5996,101134,0,108,1
5997,101135,0,109,1
5998,101136,0,108,1
5999,101137,0,109,1
6000,101140,0,108,1
6001,101141,0,109,1
6002,101142,0,108,1
6003,101143,0,109,1
6004,101144,0,108,1
6005,101145,0,109,1
6006,101146,0,108,1
6007,101147,0,109,1
6008,101150,0,108,1
6009,101151,0,109,1
6010,101152,0,108,1
6011,101153,0,109,1
6012,101154,0,108,1
6013,101155,0,109,1
6014,101156,0,108,1
6015,101157,0,109,1
6016,101160,0,108,1
6017,101161,0,109,1
6018,101162,0,108,1
6019,101163,0,109,1
6020,101164,0,108,1
6021,101165,0,109,1
6022,101166,0,108,1
6023,101167,0,109,1
6024,101170,0,108,1
6025,101171,0,109,1
6026,101172,0,108,1
6027,101173,0,109,1
6028,101174,0,108,1
6029,101175,0,109,1
6030,101176,0,108,1
6031,101177,0,109,1
6032,101200,0,108,1
6033,101201,0,109,1
6034,101202,0,108,1
6035,101203,0,109,1
6036,101204,0,108,1
6037,101205,0,109,1
6038,101206,0,108,1
6039,101207,0,109,1
6040,101210,0,108,1
6041,101211,0,109,1
6042,101212,0,108,1
6043,101213,0,109,1
6044,101214,0,108,1
6045,101215,0,109,1
6046,101216,0,108,1
6047,101217,0,109,1
6048,101220,0,108,1
6049,101221,0,109,1
6050,101222,0,108,1
6051,101223,0,109,1
6052,101224,0,108,1
6053,101225,0,109,1
6054,101226,0,108,1
6055,101227,0,109,1
6056,101230,0,108,1
6057,101231,0,109,1
6058,101232,0,108,1
6059,101233,0,109,1
6060,101234,0,108,1
6061,101235,0,109,1
6062,101236,0,108,1
6063,101237,0,109,1
6064,101240,0,108,1
6065,101241,0,109,1
6066,101242,0,108,1
6067,101243,0,109,1
6068,101244,0,108,1
6069,101245,0,109,1
6070,101246,0,108,1
6071,101247,0,109,1
6072,101250,0,108,1
6073,101251,0,109,1
6074,101252,0,108,1
6075,101253,0,109,1
6076,101254,0,108,1
6077,101255,0,109,1
6078,101256,0,108,1
6079,101257,0,109,1
6080,101260,0,108,1
6081,101261,0,109,1
6082,101262,0,108,1
6083,101263,0,109,1
6084,101264,0,108,1
6085,101265,0,109,1
6086,101266,0,108,1
6087,101267,0,109,1
6088,101270,0,108,1
6089,101271,0,109,1
6090,101272,0,108,1
6091,101273,0,109,1
6092,101274,0,108,1
6093,101275,0,109,1
6094,101276,0,108,1
6095,101277,0,109,1
6096,101300,0,108,1
6097,101301,0,109,1
6098,101302,0,108,1
6099,101303,0,109,1
6100,101304,0,108,1
6101,101305,0,109,1
6102,101306,0,108,1
6103,101307,0,109,1
6104,101310,0,108,1
6105,101311,0,109,1
6106,101312,0,108,1
6107,101313,0,109,1
6108,101314,0,108,1
6109,101315,0,109,1
6110,101316,0,108,1
6111,101317,0,109,1
6112,101320,0,108,1
6113,101321,0,109,1
6114,101322,0,108,1
6115,101323,0,109,1
6116,101324,0,108,1
6117,101325,0,109,1
6118,101326,0,108,1
6119,101327,0,109,1
6120,101330,0,108,1
6121,101331,0,109,1
6122,101332,0,108,1
6123,101333,0,109,1
6124,101334,0,108,1
6125,101335,0,109,1
6126,101336,0,108,1
6127,101337,0,109,1
6128,101340,0,108,1
6129,101341,0,109,1
6130,101342,0,108,1
6131,101343,0,109,1
6132,101344,0,108,1
6133,101345,0,109,1
6134,101346,0,108,1
6135,101347,0,109,1
6136,101350,0,108,1
6137,101351,0,109,1
6138,101352,0,108,1
6139,101353,0,109,1
6140,101354,0,108,1
6141,101355,0,109,1
6142,101356,0,108,1
6143,101357,0,109,1
6144,101360,0,108,1
6145,101361,0,109,1
6146,101362,0,108,1
6147,101363,0,109,1
6148,101364,0,108,1
6149,101365,0,109,1
6150,101366,0,108,1
6151,101367,0,109,1
6152,101370,0,108,1
6153,101371,0,109,1
6154,101372,0,108,1
6155,101373,0,109,1
6156,101374,0,108,1
6157,101375,0,109,1
6158,101376,0,108,1
6159,101377,0,109,1
6160,101400,0,109,1
6161,101401,0,108,1
6162,101402,0,109,1
6163,101403,0,108,1
6164,101404,0,109,1
6165,101405,0,108,1
6166,101406,0,109,1
6167,101407,0,108,1
6168,101410,0,109,1
6169,101411,0,108,1
6170,101412,0,109,1
6171,101413,0,108,1
6172,101414,0,109,1
6173,101415,0,108,1
6174,101416,0,109,1
6175,101417,0,108,1
6176,101420,0,109,1
6177,101421,0,108,1
6178,101422,0,109,1
6179,101423,0,108,1
6180,101424,0,109,1
6181,101425,0,108,1
6182,101426,0,109,1
6183,101427,0,108,1
6184,101430,0,109,1
6185,101431,0,108,1
6186,101432,0,109,1
6187,101433,0,108,1
6188,101434,0,109,1
6189,101435,0,108,1
6190,101436,0,109,1
6191,101437,0,108,1
6192,101440,0,109,1
6193,101441,0,108,1
6194,101442,0,109,1
6195,101443,0,108,1
6196,101444,0,109,1
6197,101445,0,108,1
6198,101446,0,109,1
6199,101447,0,108,1
6200,101450,0,109,1
6201,101451,0,108,1
6202,101452,0,109,1
6203,101453,0,108,1
6204,101454,0,109,1
6205,101455,0,108,1
6206,101456,0,109,1
6207,101457,0,108,1
6208,101460,0,109,1
6209,101461,0,108,1
6210,101462,0,109,1
6211,101463,0,108,1
6212,101464,0,109,1
6213,101465,0,108,1
6214,101466,0,109,1
6215,101467,0,108,1
6216,101470,0,109,1
6217,101471,0,108,1
6218,101472,0,109,1
6219,101473,0,108,1
6220,101474,0,109,1
6221,101475,0,108,1
6222,101476,0,109,1
6223,101477,0,108,1
6224,101500,0,109,1
6225,101501,0,108,1
6226,101502,0,109,1
6227,101503,0,108,1
6228,101504,0,109,1
6229,101505,0,108,1
6230,101506,0,109,1
6231,101507,0,108,1
6232,101510,0,109,1
6233,101511,0,108,1
6234,101512,0,109,1
6235,101513,0,108,1
6236,101514,0,109,1
6237,101515,0,108,1
6238,101516,0,109,1
6239,101517,0,108,1
6240,101520,0,109,1
6241,101521,0,108,1
6242,101522,0,109,1
6243,101523,0,108,1
6244,101524,0,109,1
6245,101525,0,108,1
6246,101526,0,109,1
6247,101527,0,108,1
6248,101530,0,109,1
6249,101531,0,108,1
6250,101532,0,109,1
6251,101533,0,108,1
6252,101534,0,109,1
6253,101535,0,108,1
6254,101536,0,109,1
6255,101537,0,108,1
6256,101540,0,109,1
6257,101541,0,108,1
6258,101542,0,109,1
6259,101543,0,108,1
6260,101544,0,109,1
6261,101545,0,108,1
6262,101546,0,109,1
6263,101547,0,108,1
6264,101550,0,109,1
6265,101551,0,108,1
6266,101552,0,109,1
6267,101553,0,108,1
6268,101554,0,109,1
6269,101555,0,108,1
6270,101556,0,109,1
6271,101557,0,108,1
6272,101560,0,109,1
6273,101561,0,108,1
6274,101562,0,109,1
6275,101563,0,108,1
6276,101564,0,109,1
6277,101565,0,108,1
6278,101566,0,109,1
6279,101567,0,108,1
6280,101570,0,109,1
6281,101571,0,108,1
6282,101572,0,109,1
6283,101573,0,108,1
6284,101574,0,109,1
6285,101575,0,108,1
6286,101576,0,109,1
6287,101577,0,108,1
6288,101600,0,109,1
6289,101601,0,108,1
6290,101602,0,109,1
6291,101603,0,108,1
6292,101604,0,109,1
6293,101605,0,108,1
6294,101606,0,109,1
6295,101607,0,108,1
6296,101610,0,109,1
6297,101611,0,108,1
6298,101612,0,109,1
6299,101613,0,108,1
6300,101614,0,109,1
6301,101615,0,108,1
6302,101616,0,109,1
6303,101617,0,108,1
6304,101620,0,109,1
6305,101621,0,108,1
6306,101622,0,109,1
6307,101623,0,108,1
6308,101624,0,109,1
6309,101625,0,108,1
6310,101626,0,109,1
6311,101627,0,108,1
6312,101630,0,109,1
6313,101631,0,108,1
6314,101632,0,109,1
6315,101633,0,108,1
6316,101634,0,109,1
6317,101635,0,108,1
6318,101636,0,109,1
6319,101637,0,108,1
6320,101640,0,109,1
6321,101641,0,108,1
6322,101642,0,109,1
6323,101643,0,108,1
6324,101644,0,109,1
6325,101645,0,108,1
6326,101646,0,109,1
6327,101647,0,108,1
6328,101650,0,109,1
6329,101651,0,108,1
6330,101652,0,109,1
6331,101653,0,108,1
6332,101654,0,109,1
6333,101655,0,108,1
6334,101656,0,109,1
6335,101657,0,108,1
6336,101660,0,109,1
6337,101661,0,108,1
6338,101662,0,109,1
6339,101663,0,108,1
6340,101664,0,109,1
6341,101665,0,108,1
6342,101666,0,109,1
6343,101667,0,108,1
6344,101670,0,109,1
6345,101671,0,108,1
6346,101672,0,109,1
6347,101673,0,108,1
6348,101674,0,109,1
6349,101675,0,108,1
6350,101676,0,109,1
6351,101677,0,108,1
6352,101700,0,109,1
6353,101701,0,108,1
6354,101702,0,109,1
6355,101703,0,108,1
6356,101704,0,109,1
6357,101705,0,108,1
6358,101706,0,109,1
6359,101707,0,108,1
6360,101710,0,109,1
6361,101711,0,108,1
6362,101712,0,109,1
6363,101713,0,108,1
6364,101714,0,109,1
6365,101715,0,108,1
6366,101716,0,109,1
6367,101717,0,108,1
6368,101720,0,109,1
6369,101721,0,108,1
6370,101722,0,109,1
6371,101723,0,108,1
6372,101724,0,109,1
6373,101725,0,108,1
6374,101726,0,109,1
6375,101727,0,108,1
6376,101730,0,109,1
6377,101731,0,108,1
6378,101732,0,109,1
6379,101733,0,108,1
6380,101734,0,109,1
6381,101735,0,108,1
6382,101736,0,109,1
6383,101737,0,108,1
6384,101740,0,109,1
6385,101741,0,108,1
6386,101742,0,109,1
6387,101743,0,108,1
6388,101744,0,109,1
6389,101745,0,108,1
6390,101746,0,109,1
6391,101747,0,108,1
6392,101750,0,109,1
6393,101751,0,108,1
6394,101752,0,109,1
6395,101753,0,108,1
6396,101754,0,109,1
6397,101755,0,108,1
6398,101756,0,109,1
6399,101757,0,108,1
6400,101760,0,109,1
6401,101761,0,108,1
6402,101762,0,109,1
6403,101763,0,108,1
6404,101764,0,109,1
6405,101765,0,108,1
6406,101766,0,109,1
6407,101767,0,108,1
6408,101770,0,109,1
6409,101771,0,108,1
6410,101772,0,109,1
6411,101773,0,108,1
6412,101774,0,109,1
6413,101775,0,108,1
6414,101776,0,109,1
6415,101777,0,108,1
6416,102000,0,108,1
6417,102001,0,108,1
6418,102002,0,108,1
6419,102003,0,108,1
6420,102004,0,108,1
6421,102005,0,108,1
6422,102006,0,108,1
6423,102007,0,108,1
6424,102010,0,108,1
6425,102011,0,108,1
6426,102012,0,108,1
6427,102013,0,108,1
6428,102014,0,108,1
6429,102015,0,108,1
6430,102016,0,108,1
6431,102017,0,108,1
6432,102020,0,108,1
6433,102021,0,108,1
6434,102022,0,108,1
6435,102023,0,108,1
6436,102024,0,108,1
6437,102025,0,108,1
6438,102026,0,108,1
6439,102027,0,108,1
6440,102030,0,108,1
6441,102031,0,108,1
6442,102032,0,108,1
6443,102033,0,108,1
6444,102034,0,108,1
6445,102035,0,108,1
6446,102036,0,108,1
6447,102037,0,108,1
6448,102040,0,108,1
6449,102041,0,108,1
6450,102042,0,108,1
6451,102043,0,108,1
6452,102044,0,108,1
6453,102045,0,108,1
6454,102046,0,108,1
6455,102047,0,108,1
6456,102050,0,108,1
6457,102051,0,108,1
6458,102052,0,108,1
6459,102053,0,108,1
6460,102054,0,108,1
6461,102055,0,108,1
6462,102056,0,108,1
6463,102057,0,108,1
6464,102060,0,108,1
6465,102061,0,108,1
6466,102062,0,108,1
6467,102063,0,108,1
6468,102064,0,108,1
6469,102065,0,108,1
6470,102066,0,108,1
6471,102067,0,108,1
6472,102070,0,108,1
6473,102071,0,108,1
6474,102072,0,108,1
6475,102073,0,108,1
6476,102074,0,108,1
6477,102075,0,108,1
6478,102076,0,108,1
6479,102077,0,108,1
6480,102100,0,108,1
6481,102101,0,108,1
6482,102102,0,108,1
6483,102103,0,108,1
6484,102104,0,108,1
6485,102105,0,108,1
6486,102106,0,108,1
6487,102107,0,108,1
6488,102110,0,108,1
6489,102111,0,108,1
6490,102112,0,108,1
6491,102113,0,108,1
6492,102114,0,108,1
6493,102115,0,108,1
6494,102116,0,108,1
6495,102117,0,108,1
6496,102120,0,108,1
6497,102121,0,108,1
6498,102122,0,108,1
6499,102123,0,108,1
6500,102124,0,108,1
6501,102125,0,108,1
6502,102126,0,108,1
6503,102127,0,108,1
6504,102130,0,108,1
6505,102131,0,108,1
6506,102132,0,108,1
6507,102133,0,108,1
6508,102134,0,108,1
6509,102135,0,108,1
6510,102136,0,108,1
6511,102137,0,108,1
6512,102140,0,108,1
6513,102141,0,108,1
6514,102142,0,108,1
6515,102143,0,108,1
6516,102144,0,108,1
6517,102145,0,108,1
6518,102146,0,108,1
6519,102147,0,108,1
6520,102150,0,108,1
6521,102151,0,108,1
6522,102152,0,108,1
6523,102153,0,108,1
6524,102154,0,108,1
6525,102155,0,108,1
6526,102156,0,108,1
6527,102157,0,108,1
6528,102160,0,108,1
6529,102161,0,108,1
6530,102162,0,108,1
6531,102163,0,108,1
6532,102164,0,108,1
6533,102165,0,108,1
6534,102166,0,108,1
6535,102167,0,108,1
6536,102170,0,108,1
6537,102171,0,108,1
6538,102172,0,108,1
6539,102173,0,108,1
6540,102174,0,108,1
6541,102175,0,108,1
6542,102176,0,108,1
6543,102177,0,108,1
6544,102200,0,108,1
6545,102201,0,108,1
6546,102202,0,108,1
6547,102203,0,108,1
6548,102204,0,108,1
6549,102205,0,108,1
6550,102206,0,108,1
6551,102207,0,108,1
6552,102210,0,108,1
6553,102211,0,108,1
6554,102212,0,108,1
6555,102213,0,108,1
6556,102214,0,108,1
6557,102215,0,108,1
6558,102216,0,108,1
6559,102217,0,108,1
6560,102220,0,108,1
6561,102221,0,108,1
6562,102222,0,108,1
6563,102223,0,108,1
6564,102224,0,108,1
6565,102225,0,108,1
6566,102226,0,108,1
6567,102227,0,108,1
6568,102230,0,108,1
6569,102231,0,108,1
6570,102232,0,108,1
6571,102233,0,108,1
6572,102234,0,108,1
6573,102235,0,108,1
6574,102236,0,108,1
6575,102237,0,108,1
6576,102240,0,108,1
6577,102241,0,108,1
6578,102242,0,108,1
6579,102243,0,108,1
6580,102244,0,108,1
6581,102245,0,108,1
6582,102246,0,108,1
6583,102247,0,108,1
6584,102250,0,108,1
6585,102251,0,108,1
6586,102252,0,108,1
6587,102253,0,108,1
6588,102254,0,108,1
6589,102255,0,108,1
6590,102256,0,108,1
6591,102257,0,108,1
6592,102260,0,108,1
6593,102261,0,108,1
6594,102262,0,108,1
6595,102263,0,108,1
6596,102264,0,108,1
6597,102265,0,108,1
6598,102266,0,108,1
6599,102267,0,108,1
6600,102270,0,108,1
6601,102271,0,108,1
6602,102272,0,108,1
6603,102273,0,108,1
6604,102274,0,108,1
6605,102275,0,108,1
6606,102276,0,108,1
6607,102277,0,108,1
6608,102300,0,108,1
6609,102301,0,108,1
6610,102302,0,108,1
6611,102303,0,108,1
6612,102304,0,108,1
6613,102305,0,108,1
6614,102306,0,108,1
6615,102307,0,108,1
6616,102310,0,108,1
6617,102311,0,108,1
6618,102312,0,108,1
6619,102313,0,108,1
6620,102314,0,108,1
6621,102315,0,108,1
6622,102316,0,108,1
6623,102317,0,108,1
6624,102320,0,108,1
6625,102321,0,108,1
6626,102322,0,108,1
6627,102323,0,108,1
6628,102324,0,108,1
6629,102325,0,108,1
6630,102326,0,108,1
6631,102327,0,108,1
6632,102330,0,108,1
6633,102331,0,108,1
6634,102332,0,108,1
6635,102333,0,108,1
6636,102334,0,108,1
6637,102335,0,108,1
6638,102336,0,108,1
6639,102337,0,108,1
6640,102340,0,108,1
6641,102341,0,108,1
6642,102342,0,108,1
6643,102343,0,108,1
6644,102344,0,108,1
6645,102345,0,108,1
6646,102346,0,108,1
6647,102347,0,108,1
6648,102350,0,108,1
6649,102351,0,108,1
6650,102352,0,108,1
6651,102353,0,108,1
6652,102354,0,108,1
6653,102355,0,108,1
6654,102356,0,108,1
6655,102357,0,108,1
6656,102360,0,108,1
6657,102361,0,108,1
6658,102362,0,108,1
6659,102363,0,108,1
6660,102364,0,108,1
6661,102365,0,108,1
6662,102366,0,108,1
6663,102367,0,108,1
6664,102370,0,108,1
6665,102371,0,108,1
6666,102372,0,108,1
6667,102373,0,108,1
6668,102374,0,108,1
6669,102375,0,108,1
6670,102376,0,108,1
6671,102377,0,108,1
6672,102400,0,108,1
6673,102401,0,108,1
6674,102402,0,108,1
6675,102403,0,108,1
6676,102404,0,108,1
6677,102405,0,108,1
6678,102406,0,108,1
6679,102407,0,108,1
6680,102410,0,108,1
6681,102411,0,108,1
6682,102412,0,108,1
6683,102413,0,108,1
6684,102414,0,108,1
6685,102415,0,108,1
6686,102416,0,108,1
6687,102417,0,108,1
6688,102420,0,108,1
6689,102421,0,108,1
6690,102422,0,108,1
6691,102423,0,108,1
6692,102424,0,108,1
6693,102425,0,108,1
6694,102426,0,108,1
6695,102427,0,108,1
6696,102430,0,108,1
6697,102431,0,108,1
6698,102432,0,108,1
6699,102433,0,108,1
6700,102434,0,108,1
6701,102435,0,108,1
6702,102436,0,108,1
6703,102437,0,108,1
6704,102440,0,108,1
6705,102441,0,108,1
6706,102442,0,108,1
6707,102443,0,108,1
6708,102444,0,108,1
6709,102445,0,108,1
6710,102446,0,108,1
6711,102447,0,108,1
6712,102450,0,108,1
6713,102451,0,108,1
6714,102452,0,108,1
6715,102453,0,108,1
6716,102454,0,108,1
6717,102455,0,108,1
6718,102456,0,108,1
6719,102457,0,108,1
6720,102460,0,108,1
6721,102461,0,108,1
6722,102462,0,108,1
6723,102463,0,108,1
6724,102464,0,108,1
6725,102465,0,108,1
6726,102466,0,108,1
6727,102467,0,108,1
6728,102470,0,108,1
6729,102471,0,108,1
6730,102472,0,108,1
6731,102473,0,108,1
6732,102474,0,108,1
6733,102475,0,108,1
6734,102476,0,108,1
6735,102477,0,108,1
6736,102500,0,108,1
6737,102501,0,108,1
6738,102502,0,108,1
6739,102503,0,108,1
6740,102504,0,108,1
6741,102505,0,108,1
6742,102506,0,108,1
6743,102507,0,108,1
6744,102510,0,108,1
6745,102511,0,108,1
6746,102512,0,108,1
6747,102513,0,108,1
6748,102514,0,108,1
6749,102515,0,108,1
6750,102516,0,108,1
6751,102517,0,108,1
6752,102520,0,108,1
6753,102521,0,108,1
6754,102522,0,108,1
6755,102523,0,108,1
6756,102524,0,108,1
6757,102525,0,108,1
6758,102526,0,108,1
6759,102527,0,108,1
6760,102530,0,108,1
6761,102531,0,108,1
6762,102532,0,108,1
6763,102533,0,108,1
6764,102534,0,108,1
6765,102535,0,108,1
6766,102536,0,108,1
6767,102537,0,108,1
6768,102540,0,108,1
6769,102541,0,108,1
6770,102542,0,108,1
6771,102543,0,108,1
6772,102544,0,108,1
6773,102545,0,108,1
6774,102546,0,108,1
6775,102547,0,108,1
6776,102550,0,108,1
6777,102551,0,108,1
6778,102552,0,108,1
6779,102553,0,108,1
6780,102554,0,108,1
6781,102555,0,108,1
6782,102556,0,108,1
6783,102557,0,108,1
6784,102560,0,108,1
6785,102561,0,108,1
6786,102562,0,108,1
6787,102563,0,108,1
6788,102564,0,108,1
6789,102565,0,108,1
6790,102566,0,108,1
6791,102567,0,108,1
6792,102570,0,108,1
6793,102571,0,108,1
6794,102572,0,108,1
6795,102573,0,108,1
6796,102574,0,108,1
6797,102575,0,108,1
6798,102576,0,108,1
6799,102577,0,108,1
6800,102600,0,108,1
6801,102601,0,108,1
6802,102602,0,108,1
6803,102603,0,108,1
6804,102604,0,108,1
6805,102605,0,108,1
6806,102606,0,108,1
6807,102607,0,108,1
6808,102610,0,108,1
6809,102611,0,108,1
6810,102612,0,108,1
6811,102613,0,108,1
6812,102614,0,108,1
6813,102615,0,108,1
6814,102616,0,108,1
6815,102617,0,108,1
6816,102620,0,108,1
6817,102621,0,108,1
6818,102622,0,108,1
6819,102623,0,108,1
6820,102624,0,108,1
6821,102625,0,108,1
6822,102626,0,108,1
6823,102627,0,108,1
6824,102630,0,108,1
6825,102631,0,108,1
6826,102632,0,108,1
6827,102633,0,108,1
6828,102634,0,108,1
6829,102635,0,108,1
6830,102636,0,108,1
6831,102637,0,108,1
6832,102640,0,108,1
6833,102641,0,108,1
6834,102642,0,108,1
6835,102643,0,108,1
6836,102644,0,108,1
6837,102645,0,108,1
6838,102646,0,108,1
6839,102647,0,108,1
6840,102650,0,108,1
6841,102651,0,108,1
6842,102652,0,108,1
6843,102653,0,108,1
6844,102654,0,108,1
6845,102655,0,108,1
6846,102656,0,108,1
6847,102657,0,108,1
6848,102660,0,108,1
6849,102661,0,108,1
6850,102662,0,108,1
6851,102663,0,108,1
6852,102664,0,108,1
6853,102665,0,108,1
6854,102666,0,108,1
6855,102667,0,108,1
6856,102670,0,108,1
6857,102671,0,108,1
6858,102672,0,108,1
6859,102673,0,108,1
6860,102674,0,108,1
6861,102675,0,108,1
6862,102676,0,108,1
6863,102677,0,108,1
6864,102700,0,108,1
6865,102701,0,108,1
6866,102702,0,108,1
6867,102703,0,108,1
6868,102704,0,108,1
6869,102705,0,108,1
6870,102706,0,108,1
6871,102707,0,108,1
6872,102710,0,108,1
6873,102711,0,108,1
6874,102712,0,108,1
6875,102713,0,108,1
6876,102714,0,108,1
6877,102715,0,108,1
6878,102716,0,108,1
6879,102717,0,108,1
6880,102720,0,108,1
6881,102721,0,108,1
6882,102722,0,108,1
6883,102723,0,108,1
6884,102724,0,108,1
6885,102725,0,108,1
6886,102726,0,108,1
6887,102727,0,108,1
6888,102730,0,108,1
6889,102731,0,108,1
6890,102732,0,108,1
6891,102733,0,108,1
6892,102734,0,108,1
6893,102735,0,108,1
6894,102736,0,108,1
6895,102737,0,108,1
6896,102740,0,108,1
6897,102741,0,108,1
6898,102742,0,108,1
6899,102743,0,108,1
6900,102744,0,108,1
6901,102745,0,108,1
6902,102746,0,108,1
6903,102747,0,108,1
6904,102750,0,108,1
6905,102751,0,108,1
6906,102752,0,108,1
6907,102753,0,108,1
6908,102754,0,108,1
6909,102755,0,108,1
6910,102756,0,108,1
6911,102757,0,108,1
6912,102760,0,108,1
6913,102761,0,108,1
6914,102762,0,108,1
6915,102763,0,108,1
6916,102764,0,108,1
6917,102765,0,108,1
6918,102766,0,108,1
6919,102767,0,108,1
6920,102770,0,108,1
6921,102771,0,108,1
6922,102772,0,108,1
6923,102773,0,108,1
6924,102774,0,108,1
6925,102775,0,108,1
6926,102776,0,108,1
6927,102777,0,108,1
6928,103000,0,108,1
6929,103001,0,108,1
6930,103002,0,108,1
6931,103003,0,108,1
6932,103004,0,108,1
6933,103005,0,108,1
6934,103006,0,108,1
6935,103007,0,108,1
6936,103010,0,108,1
6937,103011,0,108,1
6938,103012,0,108,1
6939,103013,0,108,1
6940,103014,0,108,1
6941,103015,0,108,1
6942,103016,0,108,1
6943,103017,0,108,1
6944,103020,0,108,1
6945,103021,0,108,1
6946,103022,0,108,1
6947,103023,0,108,1
6948,103024,0,108,1
6949,103025,0,108,1
6950,103026,0,108,1
6951,103027,0,108,1
6952,103030,0,108,1
6953,103031,0,108,1
6954,103032,0,108,1
6955,103033,0,108,1
6956,103034,0,108,1
6957,103035,0,108,1
6958,103036,0,108,1
6959,103037,0,108,1
6960,103040,0,108,1
6961,103041,0,108,1
6962,103042,0,108,1
6963,103043,0,108,1
6964,103044,0,108,1
6965,103045,0,108,1
6966,103046,0,108,1
6967,103047,0,108,1
6968,103050,0,108,1
6969,103051,0,108,1
6970,103052,0,108,1
6971,103053,0,108,1
6972,103054,0,108,1
6973,103055,0,108,1
6974,103056,0,108,1
6975,103057,0,108,1
6976,103060,0,108,1
6977,103061,0,108,1
6978,103062,0,108,1
6979,103063,0,108,1
6980,103064,0,108,1
6981,103065,0,108,1
6982,103066,0,108,1
6983,103067,0,108,1
6984,103070,0,108,1
6985,103071,0,108,1
6986,103072,0,108,1
6987,103073,0,108,1
6988,103074,0,108,1
6989,103075,0,108,1
6990,103076,0,108,1
6991,103077,0,108,1
6992,103100,0,108,1
6993,103101,0,108,1
6994,103102,0,108,1
6995,103103,0,108,1
6996,103104,0,108,1
6997,103105,0,108,1
6998,103106,0,108,1
6999,103107,0,108,1
7000,103110,0,108,1
7001,103111,0,108,1
7002,103112,0,108,1
7003,103113,0,108,1
7004,103114,0,108,1
7005,103115,0,108,1
7006,103116,0,108,1
7007,103117,0,108,1
7008,103120,0,108,1
7009,103121,0,108,1
7010,103122,0,108,1
7011,103123,0,108,1
7012,103124,0,108,1
7013,103125,0,108,1
7014,103126,0,108,1
7015,103127,0,108,1
7016,103130,0,108,1
7017,103131,0,108,1
7018,103132,0,108,1
7019,103133,0,108,1
7020,103134,0,108,1
7021,103135,0,108,1
7022,103136,0,108,1
7023,103137,0,108,1
7024,103140,0,108,1
7025,103141,0,108,1
7026,103142,0,108,1
7027,103143,0,108,1
7028,103144,0,108,1
7029,103145,0,108,1
7030,103146,0,108,1
7031,103147,0,108,1
7032,103150,0,108,1
7033,103151,0,108,1
7034,103152,0,108,1
7035,103153,0,108,1
7036,103154,0,108,1
7037,103155,0,108,1
7038,103156,0,108,1
7039,103157,0,108,1
7040,103160,0,108,1
7041,103161,0,108,1
7042,103162,0,108,1
7043,103163,0,108,1
7044,103164,0,108,1
7045,103165,0,108,1
7046,103166,0,108,1
7047,103167,0,108,1
7048,103170,0,108,1
7049,103171,0,108,1
7050,103172,0,108,1
7051,103173,0,108,1
7052,103174,0,108,1
7053,103175,0,108,1
7054,103176,0,108,1
7055,103177,0,108,1
7056,103200,0,108,1
7057,103201,0,108,1
7058,103202,0,108,1
7059,103203,0,108,1
7060,103204,0,108,1
7061,103205,0,108,1
7062,103206,0,108,1
7063,103207,0,108,1
7064,103210,0,108,1
7065,103211,0,108,1
7066,103212,0,108,1
7067,103213,0,108,1
7068,103214,0,108,1
7069,103215,0,108,1
7070,103216,0,108,1
7071,103217,0,108,1
7072,103220,0,108,1
7073,103221,0,108,1
7074,103222,0,108,1
7075,103223,0,108,1
7076,103224,0,108,1
7077,103225,0,108,1
7078,103226,0,108,1
7079,103227,0,108,1
7080,103230,0,108,1
7081,103231,0,108,1
7082,103232,0,108,1
7083,103233,0,108,1
7084,103234,0,108,1
7085,103235,0,108,1
7086,103236,0,108,1
7087,103237,0,108,1
7088,103240,0,108,1
7089,103241,0,108,1
7090,103242,0,108,1
7091,103243,0,108,1
7092,103244,0,108,1
7093,103245,0,108,1
7094,103246,0,108,1
7095,103247,0,108,1
7096,103250,0,108,1
7097,103251,0,108,1
7098,103252,0,108,1
7099,103253,0,108,1
7100,103254,0,108,1
7101,103255,0,108,1
7102,103256,0,108,1
7103,103257,0,108,1
7104,103260,0,108,1
7105,103261,0,108,1
7106,103262,0,108,1
7107,103263,0,108,1
7108,103264,0,108,1
7109,103265,0,108,1
7110,103266,0,108,1
7111,103267,0,108,1
7112,103270,0,108,1
7113,103271,0,108,1
7114,103272,0,108,1
7115,103273,0,108,1
7116,103274,0,108,1
7117,103275,0,108,1
7118,103276,0,108,1
7119,103277,0,108,1
7120,103300,0,108,1
7121,103301,0,108,1
7122,103302,0,108,1
7123,103303,0,108,1
7124,103304,0,108,1
7125,103305,0,108,1
7126,103306,0,108,1
7127,103307,0,108,1
7128,103310,0,108,1
7129,103311,0,108,1
7130,103312,0,108,1
7131,103313,0,108,1
7132,103314,0,108,1
7133,103315,0,108,1
7134,103316,0,108,1
7135,103317,0,108,1
7136,103320,0,108,1
7137,103321,0,108,1
7138,103322,0,108,1
7139,103323,0,108,1
7140,103324,0,108,1
7141,103325,0,108,1
7142,103326,0,108,1
7143,103327,0,108,1
7144,103330,0,108,1
7145,103331,0,108,1
7146,103332,0,108,1
7147,103333,0,108,1
7148,103334,0,108,1
7149,103335,0,108,1
7150,103336,0,108,1
7151,103337,0,108,1
7152,103340,0,108,1
7153,103341,0,108,1
7154,103342,0,108,1
7155,103343,0,108,1
7156,103344,0,108,1
7157,103345,0,108,1
7158,103346,0,108,1
7159,103347,0,108,1
7160,103350,0,108,1
7161,103351,0,108,1
7162,103352,0,108,1
7163,103353,0,108,1
7164,103354,0,108,1
7165,103355,0,108,1
7166,103356,0,108,1
7167,103357,0,108,1
7168,103360,0,108,1
7169,103361,0,108,1
7170,103362,0,108,1
7171,103363,0,108,1
7172,103364,0,108,1
7173,103365,0,108,1
7174,103366,0,108,1
7175,103367,0,108,1
7176,103370,0,108,1
7177,103371,0,108,1
7178,103372,0,108,1
7179,103373,0,108,1
7180,103374,0,108,1
7181,103375,0,108,1
7182,103376,0,108,1
7183,103377,0,108,1
7184,103400,0,108,1
7185,103401,0,108,1
7186,103402,0,108,1
7187,103403,0,108,1
7188,103404,0,108,1
7189,103405,0,108,1
7190,103406,0,108,1
7191,103407,0,108,1
7192,103410,0,108,1
7193,103411,0,108,1
7194,103412,0,108,1
7195,103413,0,108,1
7196,103414,0,108,1
7197,103415,0,108,1
7198,103416,0,108,1
7199,103417,0,108,1
7200,103420,0,108,1
7201,103421,0,108,1
7202,103422,0,108,1
7203,103423,0,108,1
7204,103424,0,108,1
7205,103425,0,108,1
7206,103426,0,108,1
7207,103427,0,108,1
7208,103430,0,108,1
7209,103431,0,108,1
7210,103432,0,108,1
7211,103433,0,108,1
7212,103434,0,108,1
7213,103435,0,108,1
7214,103436,0,108,1
7215,103437,0,108,1
7216,103440,0,108,1
7217,103441,0,108,1
7218,103442,0,108,1
7219,103443,0,108,1
7220,103444,0,108,1
7221,103445,0,108,1
7222,103446,0,108,1
7223,103447,0,108,1
7224,103450,0,108,1
7225,103451,0,108,1
7226,103452,0,108,1
7227,103453,0,108,1
7228,103454,0,108,1
7229,103455,0,108,1
7230,103456,0,108,1
7231,103457,0,108,1
7232,103460,0,108,1
7233,103461,0,108,1
7234,103462,0,108,1
7235,103463,0,108,1
7236,103464,0,108,1
7237,103465,0,108,1
7238,103466,0,108,1
7239,103467,0,108,1
7240,103470,0,108,1
7241,103471,0,108,1
7242,103472,0,108,1
7243,103473,0,108,1
7244,103474,0,108,1
7245,103475,0,108,1
7246,103476,0,108,1
7247,103477,0,108,1
7248,103500,0,108,1
7249,103501,0,108,1
7250,103502,0,108,1
7251,103503,0,108,1
7252,103504,0,108,1
7253,103505,0,108,1
7254,103506,0,108,1
7255,103507,0,108,1
7256,103510,0,108,1
7257,103511,0,108,1
7258,103512,0,108,1
7259,103513,0,108,1
7260,103514,0,108,1
7261,103515,0,108,1
7262,103516,0,108,1
7263,103517,0,108,1
7264,103520,0,108,1
7265,103521,0,108,1
7266,103522,0,108,1
7267,103523,0,108,1
7268,103524,0,108,1
7269,103525,0,108,1
7270,103526,0,108,1
7271,103527,0,108,1
7272,103530,0,108,1
7273,103531,0,108,1
7274,103532,0,108,1
7275,103533,0,108,1
7276,103534,0,108,1
7277,103535,0,108,1
7278,103536,0,108,1
7279,103537,0,108,1
7280,103540,0,108,1
7281,103541,0,108,1
7282,103542,0,108,1
7283,103543,0,108,1
7284,103544,0,108,1
7285,103545,0,108,1
7286,103546,0,108,1
7287,103547,0,108,1
7288,103550,0,108,1
7289,103551,0,108,1
7290,103552,0,108,1
7291,103553,0,108,1
7292,103554,0,108,1
7293,103555,0,108,1
7294,103556,0,108,1
7295,103557,0,108,1
7296,103560,0,108,1
7297,103561,0,108,1
7298,103562,0,108,1
7299,103563,0,108,1
7300,103564,0,108,1
7301,103565,0,108,1
7302,103566,0,108,1
7303,103567,0,108,1
7304,103570,0,108,1
7305,103571,0,108,1
7306,103572,0,108,1
7307,103573,0,108,1
7308,103574,0,108,1
7309,103575,0,108,1
7310,103576,0,108,1
7311,103577,0,108,1
7312,103600,0,108,1
7313,103601,0,108,1
7314,103602,0,108,1
7315,103603,0,108,1
7316,103604,0,108,1
7317,103605,0,108,1
7318,103606,0,108,1
7319,103607,0,108,1
7320,103610,0,108,1
7321,103611,0,108,1
7322,103612,0,108,1
7323,103613,0,108,1
7324,103614,0,108,1
7325,103615,0,108,1
7326,103616,0,108,1
7327,103617,0,108,1
7328,103620,0,108,1
7329,103621,0,108,1
7330,103622,0,108,1
7331,103623,0,108,1
7332,103624,0,108,1
7333,103625,0,108,1
7334,103626,0,108,1
7335,103627,0,108,1
7336,103630,0,108,1
7337,103631,0,108,1
7338,103632,0,108,1
7339,103633,0,108,1
7340,103634,0,108,1
7341,103635,0,108,1
7342,103636,0,108,1
7343,103637,0,108,1
7344,103640,0,108,1
7345,103641,0,108,1
7346,103642,0,108,1
7347,103643,0,108,1
7348,103644,0,108,1
7349,103645,0,108,1
7350,103646,0,108,1
7351,103647,0,108,1
7352,103650,0,108,1
7353,103651,0,108,1
7354,103652,0,108,1
7355,103653,0,108,1
7356,103654,0,108,1
7357,103655,0,108,1
7358,103656,0,108,1
7359,103657,0,108,1
7360,103660,0,108,1
7361,103661,0,108,1
7362,103662,0,108,1
7363,103663,0,108,1
7364,103664,0,108,1
7365,103665,0,108,1
7366,103666,0,108,1
7367,103667,0,108,1
7368,103670,0,108,1
7369,103671,0,108,1
7370,103672,0,108,1
7371,103673,0,108,1
7372,103674,0,108,1
7373,103675,0,108,1
7374,103676,0,108,1
7375,103677,0,108,1
7376,103700,0,108,1
7377,103701,0,108,1
7378,103702,0,108,1
7379,103703,0,108,1
7380,103704,0,108,1
7381,103705,0,108,1
7382,103706,0,108,1
7383,103707,0,108,1
7384,103710,0,108,1
7385,103711,0,108,1
7386,103712,0,108,1
7387,103713,0,108,1
7388,103714,0,108,1
7389,103715,0,108,1
7390,103716,0,108,1
7391,103717,0,108,1
7392,103720,0,108,1
7393,103721,0,108,1
7394,103722,0,108,1
7395,103723,0,108,1
7396,103724,0,108,1
7397,103725,0,108,1
7398,103726,0,108,1
7399,103727,0,108,1
7400,103730,0,108,1
7401,103731,0,108,1
7402,103732,0,108,1
7403,103733,0,108,1
7404,103734,0,108,1
7405,103735,0,108,1
7406,103736,0,108,1
7407,103737,0,108,1
7408,103740,0,108,1
7409,103741,0,108,1
7410,103742,0,108,1
7411,103743,0,108,1
7412,103744,0,108,1
7413,103745,0,108,1
7414,103746,0,108,1
7415,103747,0,108,1
7416,103750,0,108,1
7417,103751,0,108,1
7418,103752,0,108,1
7419,103753,0,108,1
7420,103754,0,108,1
7421,103755,0,108,1
7422,103756,0,108,1
7423,103757,0,108,1
7424,103760,0,108,1
7425,103761,0,108,1
7426,103762,0,108,1
7427,103763,0,108,1
7428,103764,0,108,1
7429,103765,0,108,1
7430,103766,0,108,1
7431,103767,0,108,1
7432,103770,0,108,1
7433,103771,0,108,1
7434,103772,0,108,1
7435,103773,0,108,1
7436,103774,0,108,1
7437,103775,0,108,1
7438,103776,0,108,1
7439,103777,0,108,1
