case,opcode,wait_clocks,microclocks,memory_beats
0,000110,0,7,1
1,000110,1,8,1
2,000110,2,9,1
3,000110,3,10,1
4,000110,0,7,1
5,000110,1,8,1
6,000110,2,9,1
7,000110,3,10,1
8,000110,0,7,1
9,000110,1,8,1
10,000110,2,9,1
11,000110,3,10,1
12,000110,0,7,1
13,000110,1,8,1
14,000110,2,9,1
15,000110,3,10,1
16,000111,0,7,1
17,000111,1,8,1
18,000111,2,9,1
19,000111,3,10,1
20,000111,0,7,1
21,000111,1,8,1
22,000111,2,9,1
23,000111,3,10,1
24,000111,0,7,1
25,000111,1,8,1
26,000111,2,9,1
27,000111,3,10,1
28,000111,0,7,1
29,000111,1,8,1
30,000111,2,9,1
31,000111,3,10,1
32,000112,0,7,1
33,000112,1,8,1
34,000112,2,9,1
35,000112,3,10,1
36,000112,0,7,1
37,000112,1,8,1
38,000112,2,9,1
39,000112,3,10,1
40,000112,0,7,1
41,000112,1,8,1
42,000112,2,9,1
43,000112,3,10,1
44,000112,0,7,1
45,000112,1,8,1
46,000112,2,9,1
47,000112,3,10,1
48,000113,0,7,1
49,000113,1,8,1
50,000113,2,9,1
51,000113,3,10,1
52,000113,0,7,1
53,000113,1,8,1
54,000113,2,9,1
55,000113,3,10,1
56,000113,0,7,1
57,000113,1,8,1
58,000113,2,9,1
59,000113,3,10,1
60,000113,0,7,1
61,000113,1,8,1
62,000113,2,9,1
63,000113,3,10,1
64,000114,0,7,1
65,000114,1,8,1
66,000114,2,9,1
67,000114,3,10,1
68,000114,0,7,1
69,000114,1,8,1
70,000114,2,9,1
71,000114,3,10,1
72,000114,0,7,1
73,000114,1,8,1
74,000114,2,9,1
75,000114,3,10,1
76,000114,0,7,1
77,000114,1,8,1
78,000114,2,9,1
79,000114,3,10,1
80,000115,0,7,1
81,000115,1,8,1
82,000115,2,9,1
83,000115,3,10,1
84,000115,0,7,1
85,000115,1,8,1
86,000115,2,9,1
87,000115,3,10,1
88,000115,0,7,1
89,000115,1,8,1
90,000115,2,9,1
91,000115,3,10,1
92,000115,0,7,1
93,000115,1,8,1
94,000115,2,9,1
95,000115,3,10,1
96,000116,0,7,1
97,000116,1,8,1
98,000116,2,9,1
99,000116,3,10,1
100,000116,0,7,1
101,000116,1,8,1
102,000116,2,9,1
103,000116,3,10,1
104,000116,0,7,1
105,000116,1,8,1
106,000116,2,9,1
107,000116,3,10,1
108,000116,0,7,1
109,000116,1,8,1
110,000116,2,9,1
111,000116,3,10,1
112,000117,0,7,1
113,000117,1,8,1
114,000117,2,9,1
115,000117,3,10,1
116,000117,0,7,1
117,000117,1,8,1
118,000117,2,9,1
119,000117,3,10,1
120,000117,0,7,1
121,000117,1,8,1
122,000117,2,9,1
123,000117,3,10,1
124,000117,0,7,1
125,000117,1,8,1
126,000117,2,9,1
127,000117,3,10,1
128,000120,0,8,1
129,000120,1,9,1
130,000120,2,10,1
131,000120,3,11,1
132,000120,0,8,1
133,000120,1,9,1
134,000120,2,10,1
135,000120,3,11,1
136,000120,0,8,1
137,000120,1,9,1
138,000120,2,10,1
139,000120,3,11,1
140,000120,0,8,1
141,000120,1,9,1
142,000120,2,10,1
143,000120,3,11,1
144,000121,0,8,1
145,000121,1,9,1
146,000121,2,10,1
147,000121,3,11,1
148,000121,0,8,1
149,000121,1,9,1
150,000121,2,10,1
151,000121,3,11,1
152,000121,0,8,1
153,000121,1,9,1
154,000121,2,10,1
155,000121,3,11,1
156,000121,0,8,1
157,000121,1,9,1
158,000121,2,10,1
159,000121,3,11,1
160,000122,0,8,1
161,000122,1,9,1
162,000122,2,10,1
163,000122,3,11,1
164,000122,0,8,1
165,000122,1,9,1
166,000122,2,10,1
167,000122,3,11,1
168,000122,0,8,1
169,000122,1,9,1
170,000122,2,10,1
171,000122,3,11,1
172,000122,0,8,1
173,000122,1,9,1
174,000122,2,10,1
175,000122,3,11,1
176,000123,0,8,1
177,000123,1,9,1
178,000123,2,10,1
179,000123,3,11,1
180,000123,0,8,1
181,000123,1,9,1
182,000123,2,10,1
183,000123,3,11,1
184,000123,0,8,1
185,000123,1,9,1
186,000123,2,10,1
187,000123,3,11,1
188,000123,0,8,1
189,000123,1,9,1
190,000123,2,10,1
191,000123,3,11,1
192,000124,0,8,1
193,000124,1,9,1
194,000124,2,10,1
195,000124,3,11,1
196,000124,0,8,1
197,000124,1,9,1
198,000124,2,10,1
199,000124,3,11,1
200,000124,0,8,1
201,000124,1,9,1
202,000124,2,10,1
203,000124,3,11,1
204,000124,0,8,1
205,000124,1,9,1
206,000124,2,10,1
207,000124,3,11,1
208,000125,0,8,1
209,000125,1,9,1
210,000125,2,10,1
211,000125,3,11,1
212,000125,0,8,1
213,000125,1,9,1
214,000125,2,10,1
215,000125,3,11,1
216,000125,0,8,1
217,000125,1,9,1
218,000125,2,10,1
219,000125,3,11,1
220,000125,0,8,1
221,000125,1,9,1
222,000125,2,10,1
223,000125,3,11,1
224,000126,0,8,1
225,000126,1,9,1
226,000126,2,10,1
227,000126,3,11,1
228,000126,0,8,1
229,000126,1,9,1
230,000126,2,10,1
231,000126,3,11,1
232,000126,0,8,1
233,000126,1,9,1
234,000126,2,10,1
235,000126,3,11,1
236,000126,0,8,1
237,000126,1,9,1
238,000126,2,10,1
239,000126,3,11,1
240,000127,0,8,1
241,000127,1,9,1
242,000127,2,10,1
243,000127,3,11,1
244,000127,0,8,1
245,000127,1,9,1
246,000127,2,10,1
247,000127,3,11,1
248,000127,0,8,1
249,000127,1,9,1
250,000127,2,10,1
251,000127,3,11,1
252,000127,0,8,1
253,000127,1,9,1
254,000127,2,10,1
255,000127,3,11,1
256,000130,0,10,2
257,000130,1,12,2
258,000130,2,14,2
259,000130,3,16,2
260,000130,0,10,2
261,000130,1,12,2
262,000130,2,14,2
263,000130,3,16,2
264,000130,0,10,2
265,000130,1,12,2
266,000130,2,14,2
267,000130,3,16,2
268,000130,0,10,2
269,000130,1,12,2
270,000130,2,14,2
271,000130,3,16,2
272,000131,0,10,2
273,000131,1,12,2
274,000131,2,14,2
275,000131,3,16,2
276,000131,0,10,2
277,000131,1,12,2
278,000131,2,14,2
279,000131,3,16,2
280,000131,0,10,2
281,000131,1,12,2
282,000131,2,14,2
283,000131,3,16,2
284,000131,0,10,2
285,000131,1,12,2
286,000131,2,14,2
287,000131,3,16,2
288,000132,0,10,2
289,000132,1,12,2
290,000132,2,14,2
291,000132,3,16,2
292,000132,0,10,2
293,000132,1,12,2
294,000132,2,14,2
295,000132,3,16,2
296,000132,0,10,2
297,000132,1,12,2
298,000132,2,14,2
299,000132,3,16,2
300,000132,0,10,2
301,000132,1,12,2
302,000132,2,14,2
303,000132,3,16,2
304,000133,0,10,2
305,000133,1,12,2
306,000133,2,14,2
307,000133,3,16,2
308,000133,0,10,2
309,000133,1,12,2
310,000133,2,14,2
311,000133,3,16,2
312,000133,0,10,2
313,000133,1,12,2
314,000133,2,14,2
315,000133,3,16,2
316,000133,0,10,2
317,000133,1,12,2
318,000133,2,14,2
319,000133,3,16,2
320,000134,0,10,2
321,000134,1,12,2
322,000134,2,14,2
323,000134,3,16,2
324,000134,0,10,2
325,000134,1,12,2
326,000134,2,14,2
327,000134,3,16,2
328,000134,0,10,2
329,000134,1,12,2
330,000134,2,14,2
331,000134,3,16,2
332,000134,0,10,2
333,000134,1,12,2
334,000134,2,14,2
335,000134,3,16,2
336,000135,0,10,2
337,000135,1,12,2
338,000135,2,14,2
339,000135,3,16,2
340,000135,0,10,2
341,000135,1,12,2
342,000135,2,14,2
343,000135,3,16,2
344,000135,0,10,2
345,000135,1,12,2
346,000135,2,14,2
347,000135,3,16,2
348,000135,0,10,2
349,000135,1,12,2
350,000135,2,14,2
351,000135,3,16,2
352,000136,0,10,2
353,000136,1,12,2
354,000136,2,14,2
355,000136,3,16,2
356,000136,0,10,2
357,000136,1,12,2
358,000136,2,14,2
359,000136,3,16,2
360,000136,0,10,2
361,000136,1,12,2
362,000136,2,14,2
363,000136,3,16,2
364,000136,0,10,2
365,000136,1,12,2
366,000136,2,14,2
367,000136,3,16,2
368,000137,0,10,2
369,000137,1,12,2
370,000137,2,14,2
371,000137,3,16,2
372,000137,0,10,2
373,000137,1,12,2
374,000137,2,14,2
375,000137,3,16,2
376,000137,0,10,2
377,000137,1,12,2
378,000137,2,14,2
379,000137,3,16,2
380,000137,0,10,2
381,000137,1,12,2
382,000137,2,14,2
383,000137,3,16,2
384,000140,0,8,1
385,000140,1,9,1
386,000140,2,10,1
387,000140,3,11,1
388,000140,0,8,1
389,000140,1,9,1
390,000140,2,10,1
391,000140,3,11,1
392,000140,0,8,1
393,000140,1,9,1
394,000140,2,10,1
395,000140,3,11,1
396,000140,0,8,1
397,000140,1,9,1
398,000140,2,10,1
399,000140,3,11,1
400,000141,0,8,1
401,000141,1,9,1
402,000141,2,10,1
403,000141,3,11,1
404,000141,0,8,1
405,000141,1,9,1
406,000141,2,10,1
407,000141,3,11,1
408,000141,0,8,1
409,000141,1,9,1
410,000141,2,10,1
411,000141,3,11,1
412,000141,0,8,1
413,000141,1,9,1
414,000141,2,10,1
415,000141,3,11,1
416,000142,0,8,1
417,000142,1,9,1
418,000142,2,10,1
419,000142,3,11,1
420,000142,0,8,1
421,000142,1,9,1
422,000142,2,10,1
423,000142,3,11,1
424,000142,0,8,1
425,000142,1,9,1
426,000142,2,10,1
427,000142,3,11,1
428,000142,0,8,1
429,000142,1,9,1
430,000142,2,10,1
431,000142,3,11,1
432,000143,0,8,1
433,000143,1,9,1
434,000143,2,10,1
435,000143,3,11,1
436,000143,0,8,1
437,000143,1,9,1
438,000143,2,10,1
439,000143,3,11,1
440,000143,0,8,1
441,000143,1,9,1
442,000143,2,10,1
443,000143,3,11,1
444,000143,0,8,1
445,000143,1,9,1
446,000143,2,10,1
447,000143,3,11,1
448,000144,0,8,1
449,000144,1,9,1
450,000144,2,10,1
451,000144,3,11,1
452,000144,0,8,1
453,000144,1,9,1
454,000144,2,10,1
455,000144,3,11,1
456,000144,0,8,1
457,000144,1,9,1
458,000144,2,10,1
459,000144,3,11,1
460,000144,0,8,1
461,000144,1,9,1
462,000144,2,10,1
463,000144,3,11,1
464,000145,0,8,1
465,000145,1,9,1
466,000145,2,10,1
467,000145,3,11,1
468,000145,0,8,1
469,000145,1,9,1
470,000145,2,10,1
471,000145,3,11,1
472,000145,0,8,1
473,000145,1,9,1
474,000145,2,10,1
475,000145,3,11,1
476,000145,0,8,1
477,000145,1,9,1
478,000145,2,10,1
479,000145,3,11,1
480,000146,0,8,1
481,000146,1,9,1
482,000146,2,10,1
483,000146,3,11,1
484,000146,0,8,1
485,000146,1,9,1
486,000146,2,10,1
487,000146,3,11,1
488,000146,0,8,1
489,000146,1,9,1
490,000146,2,10,1
491,000146,3,11,1
492,000146,0,8,1
493,000146,1,9,1
494,000146,2,10,1
495,000146,3,11,1
496,000147,0,8,1
497,000147,1,9,1
498,000147,2,10,1
499,000147,3,11,1
500,000147,0,8,1
501,000147,1,9,1
502,000147,2,10,1
503,000147,3,11,1
504,000147,0,8,1
505,000147,1,9,1
506,000147,2,10,1
507,000147,3,11,1
508,000147,0,8,1
509,000147,1,9,1
510,000147,2,10,1
511,000147,3,11,1
512,000150,0,9,2
513,000150,1,11,2
514,000150,2,13,2
515,000150,3,15,2
516,000150,0,9,2
517,000150,1,11,2
518,000150,2,13,2
519,000150,3,15,2
520,000150,0,9,2
521,000150,1,11,2
522,000150,2,13,2
523,000150,3,15,2
524,000150,0,9,2
525,000150,1,11,2
526,000150,2,13,2
527,000150,3,15,2
528,000151,0,9,2
529,000151,1,11,2
530,000151,2,13,2
531,000151,3,15,2
532,000151,0,9,2
533,000151,1,11,2
534,000151,2,13,2
535,000151,3,15,2
536,000151,0,9,2
537,000151,1,11,2
538,000151,2,13,2
539,000151,3,15,2
540,000151,0,9,2
541,000151,1,11,2
542,000151,2,13,2
543,000151,3,15,2
544,000152,0,9,2
545,000152,1,11,2
546,000152,2,13,2
547,000152,3,15,2
548,000152,0,9,2
549,000152,1,11,2
550,000152,2,13,2
551,000152,3,15,2
552,000152,0,9,2
553,000152,1,11,2
554,000152,2,13,2
555,000152,3,15,2
556,000152,0,9,2
557,000152,1,11,2
558,000152,2,13,2
559,000152,3,15,2
560,000153,0,9,2
561,000153,1,11,2
562,000153,2,13,2
563,000153,3,15,2
564,000153,0,9,2
565,000153,1,11,2
566,000153,2,13,2
567,000153,3,15,2
568,000153,0,9,2
569,000153,1,11,2
570,000153,2,13,2
571,000153,3,15,2
572,000153,0,9,2
573,000153,1,11,2
574,000153,2,13,2
575,000153,3,15,2
576,000154,0,9,2
577,000154,1,11,2
578,000154,2,13,2
579,000154,3,15,2
580,000154,0,9,2
581,000154,1,11,2
582,000154,2,13,2
583,000154,3,15,2
584,000154,0,9,2
585,000154,1,11,2
586,000154,2,13,2
587,000154,3,15,2
588,000154,0,9,2
589,000154,1,11,2
590,000154,2,13,2
591,000154,3,15,2
592,000155,0,9,2
593,000155,1,11,2
594,000155,2,13,2
595,000155,3,15,2
596,000155,0,9,2
597,000155,1,11,2
598,000155,2,13,2
599,000155,3,15,2
600,000155,0,9,2
601,000155,1,11,2
602,000155,2,13,2
603,000155,3,15,2
604,000155,0,9,2
605,000155,1,11,2
606,000155,2,13,2
607,000155,3,15,2
608,000156,0,9,2
609,000156,1,11,2
610,000156,2,13,2
611,000156,3,15,2
612,000156,0,9,2
613,000156,1,11,2
614,000156,2,13,2
615,000156,3,15,2
616,000156,0,9,2
617,000156,1,11,2
618,000156,2,13,2
619,000156,3,15,2
620,000156,0,9,2
621,000156,1,11,2
622,000156,2,13,2
623,000156,3,15,2
624,000157,0,9,2
625,000157,1,11,2
626,000157,2,13,2
627,000157,3,15,2
628,000157,0,9,2
629,000157,1,11,2
630,000157,2,13,2
631,000157,3,15,2
632,000157,0,9,2
633,000157,1,11,2
634,000157,2,13,2
635,000157,3,15,2
636,000157,0,9,2
637,000157,1,11,2
638,000157,2,13,2
639,000157,3,15,2
640,000160,0,9,2
641,000160,1,11,2
642,000160,2,13,2
643,000160,3,15,2
644,000160,0,9,2
645,000160,1,11,2
646,000160,2,13,2
647,000160,3,15,2
648,000160,0,9,2
649,000160,1,11,2
650,000160,2,13,2
651,000160,3,15,2
652,000160,0,9,2
653,000160,1,11,2
654,000160,2,13,2
655,000160,3,15,2
656,000161,0,9,2
657,000161,1,11,2
658,000161,2,13,2
659,000161,3,15,2
660,000161,0,9,2
661,000161,1,11,2
662,000161,2,13,2
663,000161,3,15,2
664,000161,0,9,2
665,000161,1,11,2
666,000161,2,13,2
667,000161,3,15,2
668,000161,0,9,2
669,000161,1,11,2
670,000161,2,13,2
671,000161,3,15,2
672,000162,0,9,2
673,000162,1,11,2
674,000162,2,13,2
675,000162,3,15,2
676,000162,0,9,2
677,000162,1,11,2
678,000162,2,13,2
679,000162,3,15,2
680,000162,0,9,2
681,000162,1,11,2
682,000162,2,13,2
683,000162,3,15,2
684,000162,0,9,2
685,000162,1,11,2
686,000162,2,13,2
687,000162,3,15,2
688,000163,0,9,2
689,000163,1,11,2
690,000163,2,13,2
691,000163,3,15,2
692,000163,0,9,2
693,000163,1,11,2
694,000163,2,13,2
695,000163,3,15,2
696,000163,0,9,2
697,000163,1,11,2
698,000163,2,13,2
699,000163,3,15,2
700,000163,0,9,2
701,000163,1,11,2
702,000163,2,13,2
703,000163,3,15,2
704,000164,0,9,2
705,000164,1,11,2
706,000164,2,13,2
707,000164,3,15,2
708,000164,0,9,2
709,000164,1,11,2
710,000164,2,13,2
711,000164,3,15,2
712,000164,0,9,2
713,000164,1,11,2
714,000164,2,13,2
715,000164,3,15,2
716,000164,0,9,2
717,000164,1,11,2
718,000164,2,13,2
719,000164,3,15,2
720,000165,0,9,2
721,000165,1,11,2
722,000165,2,13,2
723,000165,3,15,2
724,000165,0,9,2
725,000165,1,11,2
726,000165,2,13,2
727,000165,3,15,2
728,000165,0,9,2
729,000165,1,11,2
730,000165,2,13,2
731,000165,3,15,2
732,000165,0,9,2
733,000165,1,11,2
734,000165,2,13,2
735,000165,3,15,2
736,000166,0,9,2
737,000166,1,11,2
738,000166,2,13,2
739,000166,3,15,2
740,000166,0,9,2
741,000166,1,11,2
742,000166,2,13,2
743,000166,3,15,2
744,000166,0,9,2
745,000166,1,11,2
746,000166,2,13,2
747,000166,3,15,2
748,000166,0,9,2
749,000166,1,11,2
750,000166,2,13,2
751,000166,3,15,2
752,000167,0,9,2
753,000167,1,11,2
754,000167,2,13,2
755,000167,3,15,2
756,000167,0,9,2
757,000167,1,11,2
758,000167,2,13,2
759,000167,3,15,2
760,000167,0,9,2
761,000167,1,11,2
762,000167,2,13,2
763,000167,3,15,2
764,000167,0,9,2
765,000167,1,11,2
766,000167,2,13,2
767,000167,3,15,2
768,000170,0,11,3
769,000170,1,14,3
770,000170,2,17,3
771,000170,3,20,3
772,000170,0,11,3
773,000170,1,14,3
774,000170,2,17,3
775,000170,3,20,3
776,000170,0,11,3
777,000170,1,14,3
778,000170,2,17,3
779,000170,3,20,3
780,000170,0,11,3
781,000170,1,14,3
782,000170,2,17,3
783,000170,3,20,3
784,000171,0,11,3
785,000171,1,14,3
786,000171,2,17,3
787,000171,3,20,3
788,000171,0,11,3
789,000171,1,14,3
790,000171,2,17,3
791,000171,3,20,3
792,000171,0,11,3
793,000171,1,14,3
794,000171,2,17,3
795,000171,3,20,3
796,000171,0,11,3
797,000171,1,14,3
798,000171,2,17,3
799,000171,3,20,3
800,000172,0,11,3
801,000172,1,14,3
802,000172,2,17,3
803,000172,3,20,3
804,000172,0,11,3
805,000172,1,14,3
806,000172,2,17,3
807,000172,3,20,3
808,000172,0,11,3
809,000172,1,14,3
810,000172,2,17,3
811,000172,3,20,3
812,000172,0,11,3
813,000172,1,14,3
814,000172,2,17,3
815,000172,3,20,3
816,000173,0,11,3
817,000173,1,14,3
818,000173,2,17,3
819,000173,3,20,3
820,000173,0,11,3
821,000173,1,14,3
822,000173,2,17,3
823,000173,3,20,3
824,000173,0,11,3
825,000173,1,14,3
826,000173,2,17,3
827,000173,3,20,3
828,000173,0,11,3
829,000173,1,14,3
830,000173,2,17,3
831,000173,3,20,3
832,000174,0,11,3
833,000174,1,14,3
834,000174,2,17,3
835,000174,3,20,3
836,000174,0,11,3
837,000174,1,14,3
838,000174,2,17,3
839,000174,3,20,3
840,000174,0,11,3
841,000174,1,14,3
842,000174,2,17,3
843,000174,3,20,3
844,000174,0,11,3
845,000174,1,14,3
846,000174,2,17,3
847,000174,3,20,3
848,000175,0,11,3
849,000175,1,14,3
850,000175,2,17,3
851,000175,3,20,3
852,000175,0,11,3
853,000175,1,14,3
854,000175,2,17,3
855,000175,3,20,3
856,000175,0,11,3
857,000175,1,14,3
858,000175,2,17,3
859,000175,3,20,3
860,000175,0,11,3
861,000175,1,14,3
862,000175,2,17,3
863,000175,3,20,3
864,000176,0,11,3
865,000176,1,14,3
866,000176,2,17,3
867,000176,3,20,3
868,000176,0,11,3
869,000176,1,14,3
870,000176,2,17,3
871,000176,3,20,3
872,000176,0,11,3
873,000176,1,14,3
874,000176,2,17,3
875,000176,3,20,3
876,000176,0,11,3
877,000176,1,14,3
878,000176,2,17,3
879,000176,3,20,3
880,000177,0,11,3
881,000177,1,14,3
882,000177,2,17,3
883,000177,3,20,3
884,000177,0,11,3
885,000177,1,14,3
886,000177,2,17,3
887,000177,3,20,3
888,000177,0,11,3
889,000177,1,14,3
890,000177,2,17,3
891,000177,3,20,3
892,000177,0,11,3
893,000177,1,14,3
894,000177,2,17,3
895,000177,3,20,3
896,000160,0,9,2
897,000160,1,11,2
898,000161,2,13,2
899,000161,3,15,2
900,000162,0,9,2
901,000162,1,11,2
902,000163,2,13,2
903,000163,3,15,2
904,000164,0,9,2
905,000164,1,11,2
906,000165,2,13,2
907,000165,3,15,2
908,000166,0,9,2
909,000166,1,11,2
910,004010,2,14,2
911,004010,3,16,2
912,004010,0,10,2
913,004010,1,12,2
914,004010,2,14,2
915,004010,3,16,2
916,004010,0,10,2
917,004010,1,12,2
918,004010,2,14,2
919,004010,3,16,2
920,004010,0,10,2
921,004010,1,12,2
922,004010,2,14,2
923,004010,3,16,2
924,004010,0,10,2
925,004010,1,12,2
926,004011,2,14,2
927,004011,3,16,2
928,004011,0,10,2
929,004011,1,12,2
930,004011,2,14,2
931,004011,3,16,2
932,004011,0,10,2
933,004011,1,12,2
934,004011,2,14,2
935,004011,3,16,2
936,004011,0,10,2
937,004011,1,12,2
938,004011,2,14,2
939,004011,3,16,2
940,004011,0,10,2
941,004011,1,12,2
942,004012,2,14,2
943,004012,3,16,2
944,004012,0,10,2
945,004012,1,12,2
946,004012,2,14,2
947,004012,3,16,2
948,004012,0,10,2
949,004012,1,12,2
950,004012,2,14,2
951,004012,3,16,2
952,004012,0,10,2
953,004012,1,12,2
954,004012,2,14,2
955,004012,3,16,2
956,004012,0,10,2
957,004012,1,12,2
958,004013,2,14,2
959,004013,3,16,2
960,004013,0,10,2
961,004013,1,12,2
962,004013,2,14,2
963,004013,3,16,2
964,004013,0,10,2
965,004013,1,12,2
966,004013,2,14,2
967,004013,3,16,2
968,004013,0,10,2
969,004013,1,12,2
970,004013,2,14,2
971,004013,3,16,2
972,004013,0,10,2
973,004013,1,12,2
974,004014,2,14,2
975,004014,3,16,2
976,004014,0,10,2
977,004014,1,12,2
978,004014,2,14,2
979,004014,3,16,2
980,004014,0,10,2
981,004014,1,12,2
982,004014,2,14,2
983,004014,3,16,2
984,004014,0,10,2
985,004014,1,12,2
986,004014,2,14,2
987,004014,3,16,2
988,004014,0,10,2
989,004014,1,12,2
990,004015,2,14,2
991,004015,3,16,2
992,004015,0,10,2
993,004015,1,12,2
994,004015,2,14,2
995,004015,3,16,2
996,004015,0,10,2
997,004015,1,12,2
998,004015,2,14,2
999,004015,3,16,2
1000,004015,0,10,2
1001,004015,1,12,2
1002,004015,2,14,2
1003,004015,3,16,2
1004,004015,0,10,2
1005,004015,1,12,2
1006,004016,2,14,2
1007,004016,3,16,2
1008,004016,0,10,2
1009,004016,1,12,2
1010,004016,2,14,2
1011,004016,3,16,2
1012,004016,0,10,2
1013,004016,1,12,2
1014,004016,2,14,2
1015,004016,3,16,2
1016,004016,0,10,2
1017,004016,1,12,2
1018,004016,2,14,2
1019,004016,3,16,2
1020,004016,0,10,2
1021,004016,1,12,2
1022,004017,2,14,2
1023,004017,3,16,2
1024,004017,0,10,2
1025,004017,1,12,2
1026,004017,2,14,2
1027,004017,3,16,2
1028,004017,0,10,2
1029,004017,1,12,2
1030,004017,2,14,2
1031,004017,3,16,2
1032,004017,0,10,2
1033,004017,1,12,2
1034,004017,2,14,2
1035,004017,3,16,2
1036,004017,0,10,2
1037,004017,1,12,2
1038,004020,2,15,2
1039,004020,3,17,2
1040,004020,0,11,2
1041,004020,1,13,2
1042,004020,2,15,2
1043,004020,3,17,2
1044,004020,0,11,2
1045,004020,1,13,2
1046,004020,2,15,2
1047,004020,3,17,2
1048,004020,0,11,2
1049,004020,1,13,2
1050,004020,2,15,2
1051,004020,3,17,2
1052,004020,0,11,2
1053,004020,1,13,2
1054,004021,2,15,2
1055,004021,3,17,2
1056,004021,0,11,2
1057,004021,1,13,2
1058,004021,2,15,2
1059,004021,3,17,2
1060,004021,0,11,2
1061,004021,1,13,2
1062,004021,2,15,2
1063,004021,3,17,2
1064,004021,0,11,2
1065,004021,1,13,2
1066,004021,2,15,2
1067,004021,3,17,2
1068,004021,0,11,2
1069,004021,1,13,2
1070,004022,2,15,2
1071,004022,3,17,2
1072,004022,0,11,2
1073,004022,1,13,2
1074,004022,2,15,2
1075,004022,3,17,2
1076,004022,0,11,2
1077,004022,1,13,2
1078,004022,2,15,2
1079,004022,3,17,2
1080,004022,0,11,2
1081,004022,1,13,2
1082,004022,2,15,2
1083,004022,3,17,2
1084,004022,0,11,2
1085,004022,1,13,2
1086,004023,2,15,2
1087,004023,3,17,2
1088,004023,0,11,2
1089,004023,1,13,2
1090,004023,2,15,2
1091,004023,3,17,2
1092,004023,0,11,2
1093,004023,1,13,2
1094,004023,2,15,2
1095,004023,3,17,2
1096,004023,0,11,2
1097,004023,1,13,2
1098,004023,2,15,2
1099,004023,3,17,2
1100,004023,0,11,2
1101,004023,1,13,2
1102,004024,2,15,2
1103,004024,3,17,2
1104,004024,0,11,2
1105,004024,1,13,2
1106,004024,2,15,2
1107,004024,3,17,2
1108,004024,0,11,2
1109,004024,1,13,2
1110,004024,2,15,2
1111,004024,3,17,2
1112,004024,0,11,2
1113,004024,1,13,2
1114,004024,2,15,2
1115,004024,3,17,2
1116,004024,0,11,2
1117,004024,1,13,2
1118,004025,2,15,2
1119,004025,3,17,2
1120,004025,0,11,2
1121,004025,1,13,2
1122,004025,2,15,2
1123,004025,3,17,2
1124,004025,0,11,2
1125,004025,1,13,2
1126,004025,2,15,2
1127,004025,3,17,2
1128,004025,0,11,2
1129,004025,1,13,2
1130,004025,2,15,2
1131,004025,3,17,2
1132,004025,0,11,2
1133,004025,1,13,2
1134,004026,2,15,2
1135,004026,3,17,2
1136,004026,0,11,2
1137,004026,1,13,2
1138,004026,2,15,2
1139,004026,3,17,2
1140,004026,0,11,2
1141,004026,1,13,2
1142,004026,2,15,2
1143,004026,3,17,2
1144,004026,0,11,2
1145,004026,1,13,2
1146,004026,2,15,2
1147,004026,3,17,2
1148,004026,0,11,2
1149,004026,1,13,2
1150,004027,2,15,2
1151,004027,3,17,2
1152,004027,0,11,2
1153,004027,1,13,2
1154,004027,2,15,2
1155,004027,3,17,2
1156,004027,0,11,2
1157,004027,1,13,2
1158,004027,2,15,2
1159,004027,3,17,2
1160,004027,0,11,2
1161,004027,1,13,2
1162,004027,2,15,2
1163,004027,3,17,2
1164,004027,0,11,2
1165,004027,1,13,2
1166,004030,2,19,3
1167,004030,3,22,3
1168,004030,0,13,3
1169,004030,1,16,3
1170,004030,2,19,3
1171,004030,3,22,3
1172,004030,0,13,3
1173,004030,1,16,3
1174,004030,2,19,3
1175,004030,3,22,3
1176,004030,0,13,3
1177,004030,1,16,3
1178,004030,2,19,3
1179,004030,3,22,3
1180,004030,0,13,3
1181,004030,1,16,3
1182,004031,2,19,3
1183,004031,3,22,3
1184,004031,0,13,3
1185,004031,1,16,3
1186,004031,2,19,3
1187,004031,3,22,3
1188,004031,0,13,3
1189,004031,1,16,3
1190,004031,2,19,3
1191,004031,3,22,3
1192,004031,0,13,3
1193,004031,1,16,3
1194,004031,2,19,3
1195,004031,3,22,3
1196,004031,0,13,3
1197,004031,1,16,3
1198,004032,2,19,3
1199,004032,3,22,3
1200,004032,0,13,3
1201,004032,1,16,3
1202,004032,2,19,3
1203,004032,3,22,3
1204,004032,0,13,3
1205,004032,1,16,3
1206,004032,2,19,3
1207,004032,3,22,3
1208,004032,0,13,3
1209,004032,1,16,3
1210,004032,2,19,3
1211,004032,3,22,3
1212,004032,0,13,3
1213,004032,1,16,3
1214,004033,2,19,3
1215,004033,3,22,3
1216,004033,0,13,3
1217,004033,1,16,3
1218,004033,2,19,3
1219,004033,3,22,3
1220,004033,0,13,3
1221,004033,1,16,3
1222,004033,2,19,3
1223,004033,3,22,3
1224,004033,0,13,3
1225,004033,1,16,3
1226,004033,2,19,3
1227,004033,3,22,3
1228,004033,0,13,3
1229,004033,1,16,3
1230,004034,2,19,3
1231,004034,3,22,3
1232,004034,0,13,3
1233,004034,1,16,3
1234,004034,2,19,3
1235,004034,3,22,3
1236,004034,0,13,3
1237,004034,1,16,3
1238,004034,2,19,3
1239,004034,3,22,3
1240,004034,0,13,3
1241,004034,1,16,3
1242,004034,2,19,3
1243,004034,3,22,3
1244,004034,0,13,3
1245,004034,1,16,3
1246,004035,2,19,3
1247,004035,3,22,3
1248,004035,0,13,3
1249,004035,1,16,3
1250,004035,2,19,3
1251,004035,3,22,3
1252,004035,0,13,3
1253,004035,1,16,3
1254,004035,2,19,3
1255,004035,3,22,3
1256,004035,0,13,3
1257,004035,1,16,3
1258,004035,2,19,3
1259,004035,3,22,3
1260,004035,0,13,3
1261,004035,1,16,3
1262,004036,2,19,3
1263,004036,3,22,3
1264,004036,0,13,3
1265,004036,1,16,3
1266,004036,2,19,3
1267,004036,3,22,3
1268,004036,0,13,3
1269,004036,1,16,3
1270,004036,2,19,3
1271,004036,3,22,3
1272,004036,0,13,3
1273,004036,1,16,3
1274,004036,2,19,3
1275,004036,3,22,3
1276,004036,0,13,3
1277,004036,1,16,3
1278,004037,2,19,3
1279,004037,3,22,3
1280,004037,0,13,3
1281,004037,1,16,3
1282,004037,2,19,3
1283,004037,3,22,3
1284,004037,0,13,3
1285,004037,1,16,3
1286,004037,2,19,3
1287,004037,3,22,3
1288,004037,0,13,3
1289,004037,1,16,3
1290,004037,2,19,3
1291,004037,3,22,3
1292,004037,0,13,3
1293,004037,1,16,3
1294,004040,2,15,2
1295,004040,3,17,2
1296,004040,0,11,2
1297,004040,1,13,2
1298,004040,2,15,2
1299,004040,3,17,2
1300,004040,0,11,2
1301,004040,1,13,2
1302,004040,2,15,2
1303,004040,3,17,2
1304,004040,0,11,2
1305,004040,1,13,2
1306,004040,2,15,2
1307,004040,3,17,2
1308,004040,0,11,2
1309,004040,1,13,2
1310,004041,2,15,2
1311,004041,3,17,2
1312,004041,0,11,2
1313,004041,1,13,2
1314,004041,2,15,2
1315,004041,3,17,2
1316,004041,0,11,2
1317,004041,1,13,2
1318,004041,2,15,2
1319,004041,3,17,2
1320,004041,0,11,2
1321,004041,1,13,2
1322,004041,2,15,2
1323,004041,3,17,2
1324,004041,0,11,2
1325,004041,1,13,2
1326,004042,2,15,2
1327,004042,3,17,2
1328,004042,0,11,2
1329,004042,1,13,2
1330,004042,2,15,2
1331,004042,3,17,2
1332,004042,0,11,2
1333,004042,1,13,2
1334,004042,2,15,2
1335,004042,3,17,2
1336,004042,0,11,2
1337,004042,1,13,2
1338,004042,2,15,2
1339,004042,3,17,2
1340,004042,0,11,2
1341,004042,1,13,2
1342,004043,2,15,2
1343,004043,3,17,2
1344,004043,0,11,2
1345,004043,1,13,2
1346,004043,2,15,2
1347,004043,3,17,2
1348,004043,0,11,2
1349,004043,1,13,2
1350,004043,2,15,2
1351,004043,3,17,2
1352,004043,0,11,2
1353,004043,1,13,2
1354,004043,2,15,2
1355,004043,3,17,2
1356,004043,0,11,2
1357,004043,1,13,2
1358,004044,2,15,2
1359,004044,3,17,2
1360,004044,0,11,2
1361,004044,1,13,2
1362,004044,2,15,2
1363,004044,3,17,2
1364,004044,0,11,2
1365,004044,1,13,2
1366,004044,2,15,2
1367,004044,3,17,2
1368,004044,0,11,2
1369,004044,1,13,2
1370,004044,2,15,2
1371,004044,3,17,2
1372,004044,0,11,2
1373,004044,1,13,2
1374,004045,2,15,2
1375,004045,3,17,2
1376,004045,0,11,2
1377,004045,1,13,2
1378,004045,2,15,2
1379,004045,3,17,2
1380,004045,0,11,2
1381,004045,1,13,2
1382,004045,2,15,2
1383,004045,3,17,2
1384,004045,0,11,2
1385,004045,1,13,2
1386,004045,2,15,2
1387,004045,3,17,2
1388,004045,0,11,2
1389,004045,1,13,2
1390,004046,2,15,2
1391,004046,3,17,2
1392,004046,0,11,2
1393,004046,1,13,2
1394,004046,2,15,2
1395,004046,3,17,2
1396,004046,0,11,2
1397,004046,1,13,2
1398,004046,2,15,2
1399,004046,3,17,2
1400,004046,0,11,2
1401,004046,1,13,2
1402,004046,2,15,2
1403,004046,3,17,2
1404,004046,0,11,2
1405,004046,1,13,2
1406,004047,2,15,2
1407,004047,3,17,2
1408,004047,0,11,2
1409,004047,1,13,2
1410,004047,2,15,2
1411,004047,3,17,2
1412,004047,0,11,2
1413,004047,1,13,2
1414,004047,2,15,2
1415,004047,3,17,2
1416,004047,0,11,2
1417,004047,1,13,2
1418,004047,2,15,2
1419,004047,3,17,2
1420,004047,0,11,2
1421,004047,1,13,2
1422,004050,2,18,3
1423,004050,3,21,3
1424,004050,0,12,3
1425,004050,1,15,3
1426,004050,2,18,3
1427,004050,3,21,3
1428,004050,0,12,3
1429,004050,1,15,3
1430,004050,2,18,3
1431,004050,3,21,3
1432,004050,0,12,3
1433,004050,1,15,3
1434,004050,2,18,3
1435,004050,3,21,3
1436,004050,0,12,3
1437,004050,1,15,3
1438,004051,2,18,3
1439,004051,3,21,3
1440,004051,0,12,3
1441,004051,1,15,3
1442,004051,2,18,3
1443,004051,3,21,3
1444,004051,0,12,3
1445,004051,1,15,3
1446,004051,2,18,3
1447,004051,3,21,3
1448,004051,0,12,3
1449,004051,1,15,3
1450,004051,2,18,3
1451,004051,3,21,3
1452,004051,0,12,3
1453,004051,1,15,3
1454,004052,2,18,3
1455,004052,3,21,3
1456,004052,0,12,3
1457,004052,1,15,3
1458,004052,2,18,3
1459,004052,3,21,3
1460,004052,0,12,3
1461,004052,1,15,3
1462,004052,2,18,3
1463,004052,3,21,3
1464,004052,0,12,3
1465,004052,1,15,3
1466,004052,2,18,3
1467,004052,3,21,3
1468,004052,0,12,3
1469,004052,1,15,3
1470,004053,2,18,3
1471,004053,3,21,3
1472,004053,0,12,3
1473,004053,1,15,3
1474,004053,2,18,3
1475,004053,3,21,3
1476,004053,0,12,3
1477,004053,1,15,3
1478,004053,2,18,3
1479,004053,3,21,3
1480,004053,0,12,3
1481,004053,1,15,3
1482,004053,2,18,3
1483,004053,3,21,3
1484,004053,0,12,3
1485,004053,1,15,3
1486,004054,2,18,3
1487,004054,3,21,3
1488,004054,0,12,3
1489,004054,1,15,3
1490,004054,2,18,3
1491,004054,3,21,3
1492,004054,0,12,3
1493,004054,1,15,3
1494,004054,2,18,3
1495,004054,3,21,3
1496,004054,0,12,3
1497,004054,1,15,3
1498,004054,2,18,3
1499,004054,3,21,3
1500,004054,0,12,3
1501,004054,1,15,3
1502,004055,2,18,3
1503,004055,3,21,3
1504,004055,0,12,3
1505,004055,1,15,3
1506,004055,2,18,3
1507,004055,3,21,3
1508,004055,0,12,3
1509,004055,1,15,3
1510,004055,2,18,3
1511,004055,3,21,3
1512,004055,0,12,3
1513,004055,1,15,3
1514,004055,2,18,3
1515,004055,3,21,3
1516,004055,0,12,3
1517,004055,1,15,3
1518,004056,2,18,3
1519,004056,3,21,3
1520,004056,0,12,3
1521,004056,1,15,3
1522,004056,2,18,3
1523,004056,3,21,3
1524,004056,0,12,3
1525,004056,1,15,3
1526,004056,2,18,3
1527,004056,3,21,3
1528,004056,0,12,3
1529,004056,1,15,3
1530,004056,2,18,3
1531,004056,3,21,3
1532,004056,0,12,3
1533,004056,1,15,3
1534,004057,2,18,3
1535,004057,3,21,3
1536,004057,0,12,3
1537,004057,1,15,3
1538,004057,2,18,3
1539,004057,3,21,3
1540,004057,0,12,3
1541,004057,1,15,3
1542,004057,2,18,3
1543,004057,3,21,3
1544,004057,0,12,3
1545,004057,1,15,3
1546,004057,2,18,3
1547,004057,3,21,3
1548,004057,0,12,3
1549,004057,1,15,3
1550,004060,2,18,3
1551,004060,3,21,3
1552,004060,0,12,3
1553,004060,1,15,3
1554,004060,2,18,3
1555,004060,3,21,3
1556,004060,0,12,3
1557,004060,1,15,3
1558,004060,2,18,3
1559,004060,3,21,3
1560,004060,0,12,3
1561,004060,1,15,3
1562,004060,2,18,3
1563,004060,3,21,3
1564,004060,0,12,3
1565,004060,1,15,3
1566,004061,2,18,3
1567,004061,3,21,3
1568,004061,0,12,3
1569,004061,1,15,3
1570,004061,2,18,3
1571,004061,3,21,3
1572,004061,0,12,3
1573,004061,1,15,3
1574,004061,2,18,3
1575,004061,3,21,3
1576,004061,0,12,3
1577,004061,1,15,3
1578,004061,2,18,3
1579,004061,3,21,3
1580,004061,0,12,3
1581,004061,1,15,3
1582,004062,2,18,3
1583,004062,3,21,3
1584,004062,0,12,3
1585,004062,1,15,3
1586,004062,2,18,3
1587,004062,3,21,3
1588,004062,0,12,3
1589,004062,1,15,3
1590,004062,2,18,3
1591,004062,3,21,3
1592,004062,0,12,3
1593,004062,1,15,3
1594,004062,2,18,3
1595,004062,3,21,3
1596,004062,0,12,3
1597,004062,1,15,3
1598,004063,2,18,3
1599,004063,3,21,3
1600,004063,0,12,3
1601,004063,1,15,3
1602,004063,2,18,3
1603,004063,3,21,3
1604,004063,0,12,3
1605,004063,1,15,3
1606,004063,2,18,3
1607,004063,3,21,3
1608,004063,0,12,3
1609,004063,1,15,3
1610,004063,2,18,3
1611,004063,3,21,3
1612,004063,0,12,3
1613,004063,1,15,3
1614,004064,2,18,3
1615,004064,3,21,3
1616,004064,0,12,3
1617,004064,1,15,3
1618,004064,2,18,3
1619,004064,3,21,3
1620,004064,0,12,3
1621,004064,1,15,3
1622,004064,2,18,3
1623,004064,3,21,3
1624,004064,0,12,3
1625,004064,1,15,3
1626,004064,2,18,3
1627,004064,3,21,3
1628,004064,0,12,3
1629,004064,1,15,3
1630,004065,2,18,3
1631,004065,3,21,3
1632,004065,0,12,3
1633,004065,1,15,3
1634,004065,2,18,3
1635,004065,3,21,3
1636,004065,0,12,3
1637,004065,1,15,3
1638,004065,2,18,3
1639,004065,3,21,3
1640,004065,0,12,3
1641,004065,1,15,3
1642,004065,2,18,3
1643,004065,3,21,3
1644,004065,0,12,3
1645,004065,1,15,3
1646,004066,2,18,3
1647,004066,3,21,3
1648,004066,0,12,3
1649,004066,1,15,3
1650,004066,2,18,3
1651,004066,3,21,3
1652,004066,0,12,3
1653,004066,1,15,3
1654,004066,2,18,3
1655,004066,3,21,3
1656,004066,0,12,3
1657,004066,1,15,3
1658,004066,2,18,3
1659,004066,3,21,3
1660,004066,0,12,3
1661,004066,1,15,3
1662,004067,2,18,3
1663,004067,3,21,3
1664,004067,0,12,3
1665,004067,1,15,3
1666,004067,2,18,3
1667,004067,3,21,3
1668,004067,0,12,3
1669,004067,1,15,3
1670,004067,2,18,3
1671,004067,3,21,3
1672,004067,0,12,3
1673,004067,1,15,3
1674,004067,2,18,3
1675,004067,3,21,3
1676,004067,0,12,3
1677,004067,1,15,3
1678,004070,2,22,4
1679,004070,3,26,4
1680,004070,0,14,4
1681,004070,1,18,4
1682,004070,2,22,4
1683,004070,3,26,4
1684,004070,0,14,4
1685,004070,1,18,4
1686,004070,2,22,4
1687,004070,3,26,4
1688,004070,0,14,4
1689,004070,1,18,4
1690,004070,2,22,4
1691,004070,3,26,4
1692,004070,0,14,4
1693,004070,1,18,4
1694,004071,2,22,4
1695,004071,3,26,4
1696,004071,0,14,4
1697,004071,1,18,4
1698,004071,2,22,4
1699,004071,3,26,4
1700,004071,0,14,4
1701,004071,1,18,4
1702,004071,2,22,4
1703,004071,3,26,4
1704,004071,0,14,4
1705,004071,1,18,4
1706,004071,2,22,4
1707,004071,3,26,4
1708,004071,0,14,4
1709,004071,1,18,4
1710,004072,2,22,4
1711,004072,3,26,4
1712,004072,0,14,4
1713,004072,1,18,4
1714,004072,2,22,4
1715,004072,3,26,4
1716,004072,0,14,4
1717,004072,1,18,4
1718,004072,2,22,4
1719,004072,3,26,4
1720,004072,0,14,4
1721,004072,1,18,4
1722,004072,2,22,4
1723,004072,3,26,4
1724,004072,0,14,4
1725,004072,1,18,4
1726,004073,2,22,4
1727,004073,3,26,4
1728,004073,0,14,4
1729,004073,1,18,4
1730,004073,2,22,4
1731,004073,3,26,4
1732,004073,0,14,4
1733,004073,1,18,4
1734,004073,2,22,4
1735,004073,3,26,4
1736,004073,0,14,4
1737,004073,1,18,4
1738,004073,2,22,4
1739,004073,3,26,4
1740,004073,0,14,4
1741,004073,1,18,4
1742,004074,2,22,4
1743,004074,3,26,4
1744,004074,0,14,4
1745,004074,1,18,4
1746,004074,2,22,4
1747,004074,3,26,4
1748,004074,0,14,4
1749,004074,1,18,4
1750,004074,2,22,4
1751,004074,3,26,4
1752,004074,0,14,4
1753,004074,1,18,4
1754,004074,2,22,4
1755,004074,3,26,4
1756,004074,0,14,4
1757,004074,1,18,4
1758,004075,2,22,4
1759,004075,3,26,4
1760,004075,0,14,4
1761,004075,1,18,4
1762,004075,2,22,4
1763,004075,3,26,4
1764,004075,0,14,4
1765,004075,1,18,4
1766,004075,2,22,4
1767,004075,3,26,4
1768,004075,0,14,4
1769,004075,1,18,4
1770,004075,2,22,4
1771,004075,3,26,4
1772,004075,0,14,4
1773,004075,1,18,4
1774,004076,2,22,4
1775,004076,3,26,4
1776,004076,0,14,4
1777,004076,1,18,4
1778,004076,2,22,4
1779,004076,3,26,4
1780,004076,0,14,4
1781,004076,1,18,4
1782,004076,2,22,4
1783,004076,3,26,4
1784,004076,0,14,4
1785,004076,1,18,4
1786,004076,2,22,4
1787,004076,3,26,4
1788,004076,0,14,4
1789,004076,1,18,4
1790,004077,2,22,4
1791,004077,3,26,4
1792,004077,0,14,4
1793,004077,1,18,4
1794,004077,2,22,4
1795,004077,3,26,4
1796,004077,0,14,4
1797,004077,1,18,4
1798,004077,2,22,4
1799,004077,3,26,4
1800,004077,0,14,4
1801,004077,1,18,4
1802,004077,2,22,4
1803,004077,3,26,4
1804,004077,0,14,4
1805,004077,1,18,4
1806,004110,2,14,2
1807,004110,3,16,2
1808,004110,0,10,2
1809,004110,1,12,2
1810,004110,2,14,2
1811,004110,3,16,2
1812,004110,0,10,2
1813,004110,1,12,2
1814,004110,2,14,2
1815,004110,3,16,2
1816,004110,0,10,2
1817,004110,1,12,2
1818,004110,2,14,2
1819,004110,3,16,2
1820,004110,0,10,2
1821,004110,1,12,2
1822,004111,2,14,2
1823,004111,3,16,2
1824,004111,0,10,2
1825,004111,1,12,2
1826,004111,2,14,2
1827,004111,3,16,2
1828,004111,0,10,2
1829,004111,1,12,2
1830,004111,2,14,2
1831,004111,3,16,2
1832,004111,0,10,2
1833,004111,1,12,2
1834,004111,2,14,2
1835,004111,3,16,2
1836,004111,0,10,2
1837,004111,1,12,2
1838,004112,2,14,2
1839,004112,3,16,2
1840,004112,0,10,2
1841,004112,1,12,2
1842,004112,2,14,2
1843,004112,3,16,2
1844,004112,0,10,2
1845,004112,1,12,2
1846,004112,2,14,2
1847,004112,3,16,2
1848,004112,0,10,2
1849,004112,1,12,2
1850,004112,2,14,2
1851,004112,3,16,2
1852,004112,0,10,2
1853,004112,1,12,2
1854,004113,2,14,2
1855,004113,3,16,2
1856,004113,0,10,2
1857,004113,1,12,2
1858,004113,2,14,2
1859,004113,3,16,2
1860,004113,0,10,2
1861,004113,1,12,2
1862,004113,2,14,2
1863,004113,3,16,2
1864,004113,0,10,2
1865,004113,1,12,2
1866,004113,2,14,2
1867,004113,3,16,2
1868,004113,0,10,2
1869,004113,1,12,2
1870,004114,2,14,2
1871,004114,3,16,2
1872,004114,0,10,2
1873,004114,1,12,2
1874,004114,2,14,2
1875,004114,3,16,2
1876,004114,0,10,2
1877,004114,1,12,2
1878,004114,2,14,2
1879,004114,3,16,2
1880,004114,0,10,2
1881,004114,1,12,2
1882,004114,2,14,2
1883,004114,3,16,2
1884,004114,0,10,2
1885,004114,1,12,2
1886,004115,2,14,2
1887,004115,3,16,2
1888,004115,0,10,2
1889,004115,1,12,2
1890,004115,2,14,2
1891,004115,3,16,2
1892,004115,0,10,2
1893,004115,1,12,2
1894,004115,2,14,2
1895,004115,3,16,2
1896,004115,0,10,2
1897,004115,1,12,2
1898,004115,2,14,2
1899,004115,3,16,2
1900,004115,0,10,2
1901,004115,1,12,2
1902,004116,2,14,2
1903,004116,3,16,2
1904,004116,0,10,2
1905,004116,1,12,2
1906,004116,2,14,2
1907,004116,3,16,2
1908,004116,0,10,2
1909,004116,1,12,2
1910,004116,2,14,2
1911,004116,3,16,2
1912,004116,0,10,2
1913,004116,1,12,2
1914,004116,2,14,2
1915,004116,3,16,2
1916,004116,0,10,2
1917,004116,1,12,2
1918,004117,2,14,2
1919,004117,3,16,2
1920,004117,0,10,2
1921,004117,1,12,2
1922,004117,2,14,2
1923,004117,3,16,2
1924,004117,0,10,2
1925,004117,1,12,2
1926,004117,2,14,2
1927,004117,3,16,2
1928,004117,0,10,2
1929,004117,1,12,2
1930,004117,2,14,2
1931,004117,3,16,2
1932,004117,0,10,2
1933,004117,1,12,2
1934,004120,2,15,2
1935,004120,3,17,2
1936,004120,0,11,2
1937,004120,1,13,2
1938,004120,2,15,2
1939,004120,3,17,2
1940,004120,0,11,2
1941,004120,1,13,2
1942,004120,2,15,2
1943,004120,3,17,2
1944,004120,0,11,2
1945,004120,1,13,2
1946,004120,2,15,2
1947,004120,3,17,2
1948,004120,0,11,2
1949,004120,1,13,2
1950,004121,2,15,2
1951,004121,3,17,2
1952,004121,0,11,2
1953,004121,1,13,2
1954,004121,2,15,2
1955,004121,3,17,2
1956,004121,0,11,2
1957,004121,1,13,2
1958,004121,2,15,2
1959,004121,3,17,2
1960,004121,0,11,2
1961,004121,1,13,2
1962,004121,2,15,2
1963,004121,3,17,2
1964,004121,0,11,2
1965,004121,1,13,2
1966,004122,2,15,2
1967,004122,3,17,2
1968,004122,0,11,2
1969,004122,1,13,2
1970,004122,2,15,2
1971,004122,3,17,2
1972,004122,0,11,2
1973,004122,1,13,2
1974,004122,2,15,2
1975,004122,3,17,2
1976,004122,0,11,2
1977,004122,1,13,2
1978,004122,2,15,2
1979,004122,3,17,2
1980,004122,0,11,2
1981,004122,1,13,2
1982,004123,2,15,2
1983,004123,3,17,2
1984,004123,0,11,2
1985,004123,1,13,2
1986,004123,2,15,2
1987,004123,3,17,2
1988,004123,0,11,2
1989,004123,1,13,2
1990,004123,2,15,2
1991,004123,3,17,2
1992,004123,0,11,2
1993,004123,1,13,2
1994,004123,2,15,2
1995,004123,3,17,2
1996,004123,0,11,2
1997,004123,1,13,2
1998,004124,2,15,2
1999,004124,3,17,2
2000,004124,0,11,2
2001,004124,1,13,2
2002,004124,2,15,2
2003,004124,3,17,2
2004,004124,0,11,2
2005,004124,1,13,2
2006,004124,2,15,2
2007,004124,3,17,2
2008,004124,0,11,2
2009,004124,1,13,2
2010,004124,2,15,2
2011,004124,3,17,2
2012,004124,0,11,2
2013,004124,1,13,2
2014,004125,2,15,2
2015,004125,3,17,2
2016,004125,0,11,2
2017,004125,1,13,2
2018,004125,2,15,2
2019,004125,3,17,2
2020,004125,0,11,2
2021,004125,1,13,2
2022,004125,2,15,2
2023,004125,3,17,2
2024,004125,0,11,2
2025,004125,1,13,2
2026,004125,2,15,2
2027,004125,3,17,2
2028,004125,0,11,2
2029,004125,1,13,2
2030,004126,2,15,2
2031,004126,3,17,2
2032,004126,0,11,2
2033,004126,1,13,2
2034,004126,2,15,2
2035,004126,3,17,2
2036,004126,0,11,2
2037,004126,1,13,2
2038,004126,2,15,2
2039,004126,3,17,2
2040,004126,0,11,2
2041,004126,1,13,2
2042,004126,2,15,2
2043,004126,3,17,2
2044,004126,0,11,2
2045,004126,1,13,2
2046,004127,2,15,2
2047,004127,3,17,2
2048,004127,0,11,2
2049,004127,1,13,2
2050,004127,2,15,2
2051,004127,3,17,2
2052,004127,0,11,2
2053,004127,1,13,2
2054,004127,2,15,2
2055,004127,3,17,2
2056,004127,0,11,2
2057,004127,1,13,2
2058,004127,2,15,2
2059,004127,3,17,2
2060,004127,0,11,2
2061,004127,1,13,2
2062,004130,2,19,3
2063,004130,3,22,3
2064,004130,0,13,3
2065,004130,1,16,3
2066,004130,2,19,3
2067,004130,3,22,3
2068,004130,0,13,3
2069,004130,1,16,3
2070,004130,2,19,3
2071,004130,3,22,3
2072,004130,0,13,3
2073,004130,1,16,3
2074,004130,2,19,3
2075,004130,3,22,3
2076,004130,0,13,3
2077,004130,1,16,3
2078,004131,2,19,3
2079,004131,3,22,3
2080,004131,0,13,3
2081,004131,1,16,3
2082,004131,2,19,3
2083,004131,3,22,3
2084,004131,0,13,3
2085,004131,1,16,3
2086,004131,2,19,3
2087,004131,3,22,3
2088,004131,0,13,3
2089,004131,1,16,3
2090,004131,2,19,3
2091,004131,3,22,3
2092,004131,0,13,3
2093,004131,1,16,3
2094,004132,2,19,3
2095,004132,3,22,3
2096,004132,0,13,3
2097,004132,1,16,3
2098,004132,2,19,3
2099,004132,3,22,3
2100,004132,0,13,3
2101,004132,1,16,3
2102,004132,2,19,3
2103,004132,3,22,3
2104,004132,0,13,3
2105,004132,1,16,3
2106,004132,2,19,3
2107,004132,3,22,3
2108,004132,0,13,3
2109,004132,1,16,3
2110,004133,2,19,3
2111,004133,3,22,3
2112,004133,0,13,3
2113,004133,1,16,3
2114,004133,2,19,3
2115,004133,3,22,3
2116,004133,0,13,3
2117,004133,1,16,3
2118,004133,2,19,3
2119,004133,3,22,3
2120,004133,0,13,3
2121,004133,1,16,3
2122,004133,2,19,3
2123,004133,3,22,3
2124,004133,0,13,3
2125,004133,1,16,3
2126,004134,2,19,3
2127,004134,3,22,3
2128,004134,0,13,3
2129,004134,1,16,3
2130,004134,2,19,3
2131,004134,3,22,3
2132,004134,0,13,3
2133,004134,1,16,3
2134,004134,2,19,3
2135,004134,3,22,3
2136,004134,0,13,3
2137,004134,1,16,3
2138,004134,2,19,3
2139,004134,3,22,3
2140,004134,0,13,3
2141,004134,1,16,3
2142,004135,2,19,3
2143,004135,3,22,3
2144,004135,0,13,3
2145,004135,1,16,3
2146,004135,2,19,3
2147,004135,3,22,3
2148,004135,0,13,3
2149,004135,1,16,3
2150,004135,2,19,3
2151,004135,3,22,3
2152,004135,0,13,3
2153,004135,1,16,3
2154,004135,2,19,3
2155,004135,3,22,3
2156,004135,0,13,3
2157,004135,1,16,3
2158,004136,2,19,3
2159,004136,3,22,3
2160,004136,0,13,3
2161,004136,1,16,3
2162,004136,2,19,3
2163,004136,3,22,3
2164,004136,0,13,3
2165,004136,1,16,3
2166,004136,2,19,3
2167,004136,3,22,3
2168,004136,0,13,3
2169,004136,1,16,3
2170,004136,2,19,3
2171,004136,3,22,3
2172,004136,0,13,3
2173,004136,1,16,3
2174,004137,2,19,3
2175,004137,3,22,3
2176,004137,0,13,3
2177,004137,1,16,3
2178,004137,2,19,3
2179,004137,3,22,3
2180,004137,0,13,3
2181,004137,1,16,3
2182,004137,2,19,3
2183,004137,3,22,3
2184,004137,0,13,3
2185,004137,1,16,3
2186,004137,2,19,3
2187,004137,3,22,3
2188,004137,0,13,3
2189,004137,1,16,3
2190,004140,2,15,2
2191,004140,3,17,2
2192,004140,0,11,2
2193,004140,1,13,2
2194,004140,2,15,2
2195,004140,3,17,2
2196,004140,0,11,2
2197,004140,1,13,2
2198,004140,2,15,2
2199,004140,3,17,2
2200,004140,0,11,2
2201,004140,1,13,2
2202,004140,2,15,2
2203,004140,3,17,2
2204,004140,0,11,2
2205,004140,1,13,2
2206,004141,2,15,2
2207,004141,3,17,2
2208,004141,0,11,2
2209,004141,1,13,2
2210,004141,2,15,2
2211,004141,3,17,2
2212,004141,0,11,2
2213,004141,1,13,2
2214,004141,2,15,2
2215,004141,3,17,2
2216,004141,0,11,2
2217,004141,1,13,2
2218,004141,2,15,2
2219,004141,3,17,2
2220,004141,0,11,2
2221,004141,1,13,2
2222,004142,2,15,2
2223,004142,3,17,2
2224,004142,0,11,2
2225,004142,1,13,2
2226,004142,2,15,2
2227,004142,3,17,2
2228,004142,0,11,2
2229,004142,1,13,2
2230,004142,2,15,2
2231,004142,3,17,2
2232,004142,0,11,2
2233,004142,1,13,2
2234,004142,2,15,2
2235,004142,3,17,2
2236,004142,0,11,2
2237,004142,1,13,2
2238,004143,2,15,2
2239,004143,3,17,2
2240,004143,0,11,2
2241,004143,1,13,2
2242,004143,2,15,2
2243,004143,3,17,2
2244,004143,0,11,2
2245,004143,1,13,2
2246,004143,2,15,2
2247,004143,3,17,2
2248,004143,0,11,2
2249,004143,1,13,2
2250,004143,2,15,2
2251,004143,3,17,2
2252,004143,0,11,2
2253,004143,1,13,2
2254,004144,2,15,2
2255,004144,3,17,2
2256,004144,0,11,2
2257,004144,1,13,2
2258,004144,2,15,2
2259,004144,3,17,2
2260,004144,0,11,2
2261,004144,1,13,2
2262,004144,2,15,2
2263,004144,3,17,2
2264,004144,0,11,2
2265,004144,1,13,2
2266,004144,2,15,2
2267,004144,3,17,2
2268,004144,0,11,2
2269,004144,1,13,2
2270,004145,2,15,2
2271,004145,3,17,2
2272,004145,0,11,2
2273,004145,1,13,2
2274,004145,2,15,2
2275,004145,3,17,2
2276,004145,0,11,2
2277,004145,1,13,2
2278,004145,2,15,2
2279,004145,3,17,2
2280,004145,0,11,2
2281,004145,1,13,2
2282,004145,2,15,2
2283,004145,3,17,2
2284,004145,0,11,2
2285,004145,1,13,2
2286,004146,2,15,2
2287,004146,3,17,2
2288,004146,0,11,2
2289,004146,1,13,2
2290,004146,2,15,2
2291,004146,3,17,2
2292,004146,0,11,2
2293,004146,1,13,2
2294,004146,2,15,2
2295,004146,3,17,2
2296,004146,0,11,2
2297,004146,1,13,2
2298,004146,2,15,2
2299,004146,3,17,2
2300,004146,0,11,2
2301,004146,1,13,2
2302,004147,2,15,2
2303,004147,3,17,2
2304,004147,0,11,2
2305,004147,1,13,2
2306,004147,2,15,2
2307,004147,3,17,2
2308,004147,0,11,2
2309,004147,1,13,2
2310,004147,2,15,2
2311,004147,3,17,2
2312,004147,0,11,2
2313,004147,1,13,2
2314,004147,2,15,2
2315,004147,3,17,2
2316,004147,0,11,2
2317,004147,1,13,2
2318,004150,2,18,3
2319,004150,3,21,3
2320,004150,0,12,3
2321,004150,1,15,3
2322,004150,2,18,3
2323,004150,3,21,3
2324,004150,0,12,3
2325,004150,1,15,3
2326,004150,2,18,3
2327,004150,3,21,3
2328,004150,0,12,3
2329,004150,1,15,3
2330,004150,2,18,3
2331,004150,3,21,3
2332,004150,0,12,3
2333,004150,1,15,3
2334,004151,2,18,3
2335,004151,3,21,3
2336,004151,0,12,3
2337,004151,1,15,3
2338,004151,2,18,3
2339,004151,3,21,3
2340,004151,0,12,3
2341,004151,1,15,3
2342,004151,2,18,3
2343,004151,3,21,3
2344,004151,0,12,3
2345,004151,1,15,3
2346,004151,2,18,3
2347,004151,3,21,3
2348,004151,0,12,3
2349,004151,1,15,3
2350,004152,2,18,3
2351,004152,3,21,3
2352,004152,0,12,3
2353,004152,1,15,3
2354,004152,2,18,3
2355,004152,3,21,3
2356,004152,0,12,3
2357,004152,1,15,3
2358,004152,2,18,3
2359,004152,3,21,3
2360,004152,0,12,3
2361,004152,1,15,3
2362,004152,2,18,3
2363,004152,3,21,3
2364,004152,0,12,3
2365,004152,1,15,3
2366,004153,2,18,3
2367,004153,3,21,3
2368,004153,0,12,3
2369,004153,1,15,3
2370,004153,2,18,3
2371,004153,3,21,3
2372,004153,0,12,3
2373,004153,1,15,3
2374,004153,2,18,3
2375,004153,3,21,3
2376,004153,0,12,3
2377,004153,1,15,3
2378,004153,2,18,3
2379,004153,3,21,3
2380,004153,0,12,3
2381,004153,1,15,3
2382,004154,2,18,3
2383,004154,3,21,3
2384,004154,0,12,3
2385,004154,1,15,3
2386,004154,2,18,3
2387,004154,3,21,3
2388,004154,0,12,3
2389,004154,1,15,3
2390,004154,2,18,3
2391,004154,3,21,3
2392,004154,0,12,3
2393,004154,1,15,3
2394,004154,2,18,3
2395,004154,3,21,3
2396,004154,0,12,3
2397,004154,1,15,3
2398,004155,2,18,3
2399,004155,3,21,3
2400,004155,0,12,3
2401,004155,1,15,3
2402,004155,2,18,3
2403,004155,3,21,3
2404,004155,0,12,3
2405,004155,1,15,3
2406,004155,2,18,3
2407,004155,3,21,3
2408,004155,0,12,3
2409,004155,1,15,3
2410,004155,2,18,3
2411,004155,3,21,3
2412,004155,0,12,3
2413,004155,1,15,3
2414,004156,2,18,3
2415,004156,3,21,3
2416,004156,0,12,3
2417,004156,1,15,3
2418,004156,2,18,3
2419,004156,3,21,3
2420,004156,0,12,3
2421,004156,1,15,3
2422,004156,2,18,3
2423,004156,3,21,3
2424,004156,0,12,3
2425,004156,1,15,3
2426,004156,2,18,3
2427,004156,3,21,3
2428,004156,0,12,3
2429,004156,1,15,3
2430,004157,2,18,3
2431,004157,3,21,3
2432,004157,0,12,3
2433,004157,1,15,3
2434,004157,2,18,3
2435,004157,3,21,3
2436,004157,0,12,3
2437,004157,1,15,3
2438,004157,2,18,3
2439,004157,3,21,3
2440,004157,0,12,3
2441,004157,1,15,3
2442,004157,2,18,3
2443,004157,3,21,3
2444,004157,0,12,3
2445,004157,1,15,3
2446,004160,2,18,3
2447,004160,3,21,3
2448,004160,0,12,3
2449,004160,1,15,3
2450,004160,2,18,3
2451,004160,3,21,3
2452,004160,0,12,3
2453,004160,1,15,3
2454,004160,2,18,3
2455,004160,3,21,3
2456,004160,0,12,3
2457,004160,1,15,3
2458,004160,2,18,3
2459,004160,3,21,3
2460,004160,0,12,3
2461,004160,1,15,3
2462,004161,2,18,3
2463,004161,3,21,3
2464,004161,0,12,3
2465,004161,1,15,3
2466,004161,2,18,3
2467,004161,3,21,3
2468,004161,0,12,3
2469,004161,1,15,3
2470,004161,2,18,3
2471,004161,3,21,3
2472,004161,0,12,3
2473,004161,1,15,3
2474,004161,2,18,3
2475,004161,3,21,3
2476,004161,0,12,3
2477,004161,1,15,3
2478,004162,2,18,3
2479,004162,3,21,3
2480,004162,0,12,3
2481,004162,1,15,3
2482,004162,2,18,3
2483,004162,3,21,3
2484,004162,0,12,3
2485,004162,1,15,3
2486,004162,2,18,3
2487,004162,3,21,3
2488,004162,0,12,3
2489,004162,1,15,3
2490,004162,2,18,3
2491,004162,3,21,3
2492,004162,0,12,3
2493,004162,1,15,3
2494,004163,2,18,3
2495,004163,3,21,3
2496,004163,0,12,3
2497,004163,1,15,3
2498,004163,2,18,3
2499,004163,3,21,3
2500,004163,0,12,3
2501,004163,1,15,3
2502,004163,2,18,3
2503,004163,3,21,3
2504,004163,0,12,3
2505,004163,1,15,3
2506,004163,2,18,3
2507,004163,3,21,3
2508,004163,0,12,3
2509,004163,1,15,3
2510,004164,2,18,3
2511,004164,3,21,3
2512,004164,0,12,3
2513,004164,1,15,3
2514,004164,2,18,3
2515,004164,3,21,3
2516,004164,0,12,3
2517,004164,1,15,3
2518,004164,2,18,3
2519,004164,3,21,3
2520,004164,0,12,3
2521,004164,1,15,3
2522,004164,2,18,3
2523,004164,3,21,3
2524,004164,0,12,3
2525,004164,1,15,3
2526,004165,2,18,3
2527,004165,3,21,3
2528,004165,0,12,3
2529,004165,1,15,3
2530,004165,2,18,3
2531,004165,3,21,3
2532,004165,0,12,3
2533,004165,1,15,3
2534,004165,2,18,3
2535,004165,3,21,3
2536,004165,0,12,3
2537,004165,1,15,3
2538,004165,2,18,3
2539,004165,3,21,3
2540,004165,0,12,3
2541,004165,1,15,3
2542,004166,2,18,3
2543,004166,3,21,3
2544,004166,0,12,3
2545,004166,1,15,3
2546,004166,2,18,3
2547,004166,3,21,3
2548,004166,0,12,3
2549,004166,1,15,3
2550,004166,2,18,3
2551,004166,3,21,3
2552,004166,0,12,3
2553,004166,1,15,3
2554,004166,2,18,3
2555,004166,3,21,3
2556,004166,0,12,3
2557,004166,1,15,3
2558,004167,2,18,3
2559,004167,3,21,3
2560,004167,0,12,3
2561,004167,1,15,3
2562,004167,2,18,3
2563,004167,3,21,3
2564,004167,0,12,3
2565,004167,1,15,3
2566,004167,2,18,3
2567,004167,3,21,3
2568,004167,0,12,3
2569,004167,1,15,3
2570,004167,2,18,3
2571,004167,3,21,3
2572,004167,0,12,3
2573,004167,1,15,3
2574,004170,2,22,4
2575,004170,3,26,4
2576,004170,0,14,4
2577,004170,1,18,4
2578,004170,2,22,4
2579,004170,3,26,4
2580,004170,0,14,4
2581,004170,1,18,4
2582,004170,2,22,4
2583,004170,3,26,4
2584,004170,0,14,4
2585,004170,1,18,4
2586,004170,2,22,4
2587,004170,3,26,4
2588,004170,0,14,4
2589,004170,1,18,4
2590,004171,2,22,4
2591,004171,3,26,4
2592,004171,0,14,4
2593,004171,1,18,4
2594,004171,2,22,4
2595,004171,3,26,4
2596,004171,0,14,4
2597,004171,1,18,4
2598,004171,2,22,4
2599,004171,3,26,4
2600,004171,0,14,4
2601,004171,1,18,4
2602,004171,2,22,4
2603,004171,3,26,4
2604,004171,0,14,4
2605,004171,1,18,4
2606,004172,2,22,4
2607,004172,3,26,4
2608,004172,0,14,4
2609,004172,1,18,4
2610,004172,2,22,4
2611,004172,3,26,4
2612,004172,0,14,4
2613,004172,1,18,4
2614,004172,2,22,4
2615,004172,3,26,4
2616,004172,0,14,4
2617,004172,1,18,4
2618,004172,2,22,4
2619,004172,3,26,4
2620,004172,0,14,4
2621,004172,1,18,4
2622,004173,2,22,4
2623,004173,3,26,4
2624,004173,0,14,4
2625,004173,1,18,4
2626,004173,2,22,4
2627,004173,3,26,4
2628,004173,0,14,4
2629,004173,1,18,4
2630,004173,2,22,4
2631,004173,3,26,4
2632,004173,0,14,4
2633,004173,1,18,4
2634,004173,2,22,4
2635,004173,3,26,4
2636,004173,0,14,4
2637,004173,1,18,4
2638,004174,2,22,4
2639,004174,3,26,4
2640,004174,0,14,4
2641,004174,1,18,4
2642,004174,2,22,4
2643,004174,3,26,4
2644,004174,0,14,4
2645,004174,1,18,4
2646,004174,2,22,4
2647,004174,3,26,4
2648,004174,0,14,4
2649,004174,1,18,4
2650,004174,2,22,4
2651,004174,3,26,4
2652,004174,0,14,4
2653,004174,1,18,4
2654,004175,2,22,4
2655,004175,3,26,4
2656,004175,0,14,4
2657,004175,1,18,4
2658,004175,2,22,4
2659,004175,3,26,4
2660,004175,0,14,4
2661,004175,1,18,4
2662,004175,2,22,4
2663,004175,3,26,4
2664,004175,0,14,4
2665,004175,1,18,4
2666,004175,2,22,4
2667,004175,3,26,4
2668,004175,0,14,4
2669,004175,1,18,4
2670,004176,2,22,4
2671,004176,3,26,4
2672,004176,0,14,4
2673,004176,1,18,4
2674,004176,2,22,4
2675,004176,3,26,4
2676,004176,0,14,4
2677,004176,1,18,4
2678,004176,2,22,4
2679,004176,3,26,4
2680,004176,0,14,4
2681,004176,1,18,4
2682,004176,2,22,4
2683,004176,3,26,4
2684,004176,0,14,4
2685,004176,1,18,4
2686,004177,2,22,4
2687,004177,3,26,4
2688,004177,0,14,4
2689,004177,1,18,4
2690,004177,2,22,4
2691,004177,3,26,4
2692,004177,0,14,4
2693,004177,1,18,4
2694,004177,2,22,4
2695,004177,3,26,4
2696,004177,0,14,4
2697,004177,1,18,4
2698,004177,2,22,4
2699,004177,3,26,4
2700,004177,0,14,4
2701,004177,1,18,4
2702,004210,2,14,2
2703,004210,3,16,2
2704,004210,0,10,2
2705,004210,1,12,2
2706,004210,2,14,2
2707,004210,3,16,2
2708,004210,0,10,2
2709,004210,1,12,2
2710,004210,2,14,2
2711,004210,3,16,2
2712,004210,0,10,2
2713,004210,1,12,2
2714,004210,2,14,2
2715,004210,3,16,2
2716,004210,0,10,2
2717,004210,1,12,2
2718,004211,2,14,2
2719,004211,3,16,2
2720,004211,0,10,2
2721,004211,1,12,2
2722,004211,2,14,2
2723,004211,3,16,2
2724,004211,0,10,2
2725,004211,1,12,2
2726,004211,2,14,2
2727,004211,3,16,2
2728,004211,0,10,2
2729,004211,1,12,2
2730,004211,2,14,2
2731,004211,3,16,2
2732,004211,0,10,2
2733,004211,1,12,2
2734,004212,2,14,2
2735,004212,3,16,2
2736,004212,0,10,2
2737,004212,1,12,2
2738,004212,2,14,2
2739,004212,3,16,2
2740,004212,0,10,2
2741,004212,1,12,2
2742,004212,2,14,2
2743,004212,3,16,2
2744,004212,0,10,2
2745,004212,1,12,2
2746,004212,2,14,2
2747,004212,3,16,2
2748,004212,0,10,2
2749,004212,1,12,2
2750,004213,2,14,2
2751,004213,3,16,2
2752,004213,0,10,2
2753,004213,1,12,2
2754,004213,2,14,2
2755,004213,3,16,2
2756,004213,0,10,2
2757,004213,1,12,2
2758,004213,2,14,2
2759,004213,3,16,2
2760,004213,0,10,2
2761,004213,1,12,2
2762,004213,2,14,2
2763,004213,3,16,2
2764,004213,0,10,2
2765,004213,1,12,2
2766,004214,2,14,2
2767,004214,3,16,2
2768,004214,0,10,2
2769,004214,1,12,2
2770,004214,2,14,2
2771,004214,3,16,2
2772,004214,0,10,2
2773,004214,1,12,2
2774,004214,2,14,2
2775,004214,3,16,2
2776,004214,0,10,2
2777,004214,1,12,2
2778,004214,2,14,2
2779,004214,3,16,2
2780,004214,0,10,2
2781,004214,1,12,2
2782,004215,2,14,2
2783,004215,3,16,2
2784,004215,0,10,2
2785,004215,1,12,2
2786,004215,2,14,2
2787,004215,3,16,2
2788,004215,0,10,2
2789,004215,1,12,2
2790,004215,2,14,2
2791,004215,3,16,2
2792,004215,0,10,2
2793,004215,1,12,2
2794,004215,2,14,2
2795,004215,3,16,2
2796,004215,0,10,2
2797,004215,1,12,2
2798,004216,2,14,2
2799,004216,3,16,2
2800,004216,0,10,2
2801,004216,1,12,2
2802,004216,2,14,2
2803,004216,3,16,2
2804,004216,0,10,2
2805,004216,1,12,2
2806,004216,2,14,2
2807,004216,3,16,2
2808,004216,0,10,2
2809,004216,1,12,2
2810,004216,2,14,2
2811,004216,3,16,2
2812,004216,0,10,2
2813,004216,1,12,2
2814,004217,2,14,2
2815,004217,3,16,2
2816,004217,0,10,2
2817,004217,1,12,2
2818,004217,2,14,2
2819,004217,3,16,2
2820,004217,0,10,2
2821,004217,1,12,2
2822,004217,2,14,2
2823,004217,3,16,2
2824,004217,0,10,2
2825,004217,1,12,2
2826,004217,2,14,2
2827,004217,3,16,2
2828,004217,0,10,2
2829,004217,1,12,2
2830,004220,2,15,2
2831,004220,3,17,2
2832,004220,0,11,2
2833,004220,1,13,2
2834,004220,2,15,2
2835,004220,3,17,2
2836,004220,0,11,2
2837,004220,1,13,2
2838,004220,2,15,2
2839,004220,3,17,2
2840,004220,0,11,2
2841,004220,1,13,2
2842,004220,2,15,2
2843,004220,3,17,2
2844,004220,0,11,2
2845,004220,1,13,2
2846,004221,2,15,2
2847,004221,3,17,2
2848,004221,0,11,2
2849,004221,1,13,2
2850,004221,2,15,2
2851,004221,3,17,2
2852,004221,0,11,2
2853,004221,1,13,2
2854,004221,2,15,2
2855,004221,3,17,2
2856,004221,0,11,2
2857,004221,1,13,2
2858,004221,2,15,2
2859,004221,3,17,2
2860,004221,0,11,2
2861,004221,1,13,2
2862,004222,2,15,2
2863,004222,3,17,2
2864,004222,0,11,2
2865,004222,1,13,2
2866,004222,2,15,2
2867,004222,3,17,2
2868,004222,0,11,2
2869,004222,1,13,2
2870,004222,2,15,2
2871,004222,3,17,2
2872,004222,0,11,2
2873,004222,1,13,2
2874,004222,2,15,2
2875,004222,3,17,2
2876,004222,0,11,2
2877,004222,1,13,2
2878,004223,2,15,2
2879,004223,3,17,2
2880,004223,0,11,2
2881,004223,1,13,2
2882,004223,2,15,2
2883,004223,3,17,2
2884,004223,0,11,2
2885,004223,1,13,2
2886,004223,2,15,2
2887,004223,3,17,2
2888,004223,0,11,2
2889,004223,1,13,2
2890,004223,2,15,2
2891,004223,3,17,2
2892,004223,0,11,2
2893,004223,1,13,2
2894,004224,2,15,2
2895,004224,3,17,2
2896,004224,0,11,2
2897,004224,1,13,2
2898,004224,2,15,2
2899,004224,3,17,2
2900,004224,0,11,2
2901,004224,1,13,2
2902,004224,2,15,2
2903,004224,3,17,2
2904,004224,0,11,2
2905,004224,1,13,2
2906,004224,2,15,2
2907,004224,3,17,2
2908,004224,0,11,2
2909,004224,1,13,2
2910,004225,2,15,2
2911,004225,3,17,2
2912,004225,0,11,2
2913,004225,1,13,2
2914,004225,2,15,2
2915,004225,3,17,2
2916,004225,0,11,2
2917,004225,1,13,2
2918,004225,2,15,2
2919,004225,3,17,2
2920,004225,0,11,2
2921,004225,1,13,2
2922,004225,2,15,2
2923,004225,3,17,2
2924,004225,0,11,2
2925,004225,1,13,2
2926,004226,2,15,2
2927,004226,3,17,2
2928,004226,0,11,2
2929,004226,1,13,2
2930,004226,2,15,2
2931,004226,3,17,2
2932,004226,0,11,2
2933,004226,1,13,2
2934,004226,2,15,2
2935,004226,3,17,2
2936,004226,0,11,2
2937,004226,1,13,2
2938,004226,2,15,2
2939,004226,3,17,2
2940,004226,0,11,2
2941,004226,1,13,2
2942,004227,2,15,2
2943,004227,3,17,2
2944,004227,0,11,2
2945,004227,1,13,2
2946,004227,2,15,2
2947,004227,3,17,2
2948,004227,0,11,2
2949,004227,1,13,2
2950,004227,2,15,2
2951,004227,3,17,2
2952,004227,0,11,2
2953,004227,1,13,2
2954,004227,2,15,2
2955,004227,3,17,2
2956,004227,0,11,2
2957,004227,1,13,2
2958,004230,2,19,3
2959,004230,3,22,3
2960,004230,0,13,3
2961,004230,1,16,3
2962,004230,2,19,3
2963,004230,3,22,3
2964,004230,0,13,3
2965,004230,1,16,3
2966,004230,2,19,3
2967,004230,3,22,3
2968,004230,0,13,3
2969,004230,1,16,3
2970,004230,2,19,3
2971,004230,3,22,3
2972,004230,0,13,3
2973,004230,1,16,3
2974,004231,2,19,3
2975,004231,3,22,3
2976,004231,0,13,3
2977,004231,1,16,3
2978,004231,2,19,3
2979,004231,3,22,3
2980,004231,0,13,3
2981,004231,1,16,3
2982,004231,2,19,3
2983,004231,3,22,3
2984,004231,0,13,3
2985,004231,1,16,3
2986,004231,2,19,3
2987,004231,3,22,3
2988,004231,0,13,3
2989,004231,1,16,3
2990,004232,2,19,3
2991,004232,3,22,3
2992,004232,0,13,3
2993,004232,1,16,3
2994,004232,2,19,3
2995,004232,3,22,3
2996,004232,0,13,3
2997,004232,1,16,3
2998,004232,2,19,3
2999,004232,3,22,3
3000,004232,0,13,3
3001,004232,1,16,3
3002,004232,2,19,3
3003,004232,3,22,3
3004,004232,0,13,3
3005,004232,1,16,3
3006,004233,2,19,3
3007,004233,3,22,3
3008,004233,0,13,3
3009,004233,1,16,3
3010,004233,2,19,3
3011,004233,3,22,3
3012,004233,0,13,3
3013,004233,1,16,3
3014,004233,2,19,3
3015,004233,3,22,3
3016,004233,0,13,3
3017,004233,1,16,3
3018,004233,2,19,3
3019,004233,3,22,3
3020,004233,0,13,3
3021,004233,1,16,3
3022,004234,2,19,3
3023,004234,3,22,3
3024,004234,0,13,3
3025,004234,1,16,3
3026,004234,2,19,3
3027,004234,3,22,3
3028,004234,0,13,3
3029,004234,1,16,3
3030,004234,2,19,3
3031,004234,3,22,3
3032,004234,0,13,3
3033,004234,1,16,3
3034,004234,2,19,3
3035,004234,3,22,3
3036,004234,0,13,3
3037,004234,1,16,3
3038,004235,2,19,3
3039,004235,3,22,3
3040,004235,0,13,3
3041,004235,1,16,3
3042,004235,2,19,3
3043,004235,3,22,3
3044,004235,0,13,3
3045,004235,1,16,3
3046,004235,2,19,3
3047,004235,3,22,3
3048,004235,0,13,3
3049,004235,1,16,3
3050,004235,2,19,3
3051,004235,3,22,3
3052,004235,0,13,3
3053,004235,1,16,3
3054,004236,2,19,3
3055,004236,3,22,3
3056,004236,0,13,3
3057,004236,1,16,3
3058,004236,2,19,3
3059,004236,3,22,3
3060,004236,0,13,3
3061,004236,1,16,3
3062,004236,2,19,3
3063,004236,3,22,3
3064,004236,0,13,3
3065,004236,1,16,3
3066,004236,2,19,3
3067,004236,3,22,3
3068,004236,0,13,3
3069,004236,1,16,3
3070,004237,2,19,3
3071,004237,3,22,3
3072,004237,0,13,3
3073,004237,1,16,3
3074,004237,2,19,3
3075,004237,3,22,3
3076,004237,0,13,3
3077,004237,1,16,3
3078,004237,2,19,3
3079,004237,3,22,3
3080,004237,0,13,3
3081,004237,1,16,3
3082,004237,2,19,3
3083,004237,3,22,3
3084,004237,0,13,3
3085,004237,1,16,3
3086,004240,2,15,2
3087,004240,3,17,2
3088,004240,0,11,2
3089,004240,1,13,2
3090,004240,2,15,2
3091,004240,3,17,2
3092,004240,0,11,2
3093,004240,1,13,2
3094,004240,2,15,2
3095,004240,3,17,2
3096,004240,0,11,2
3097,004240,1,13,2
3098,004240,2,15,2
3099,004240,3,17,2
3100,004240,0,11,2
3101,004240,1,13,2
3102,004241,2,15,2
3103,004241,3,17,2
3104,004241,0,11,2
3105,004241,1,13,2
3106,004241,2,15,2
3107,004241,3,17,2
3108,004241,0,11,2
3109,004241,1,13,2
3110,004241,2,15,2
3111,004241,3,17,2
3112,004241,0,11,2
3113,004241,1,13,2
3114,004241,2,15,2
3115,004241,3,17,2
3116,004241,0,11,2
3117,004241,1,13,2
3118,004242,2,15,2
3119,004242,3,17,2
3120,004242,0,11,2
3121,004242,1,13,2
3122,004242,2,15,2
3123,004242,3,17,2
3124,004242,0,11,2
3125,004242,1,13,2
3126,004242,2,15,2
3127,004242,3,17,2
3128,004242,0,11,2
3129,004242,1,13,2
3130,004242,2,15,2
3131,004242,3,17,2
3132,004242,0,11,2
3133,004242,1,13,2
3134,004243,2,15,2
3135,004243,3,17,2
3136,004243,0,11,2
3137,004243,1,13,2
3138,004243,2,15,2
3139,004243,3,17,2
3140,004243,0,11,2
3141,004243,1,13,2
3142,004243,2,15,2
3143,004243,3,17,2
3144,004243,0,11,2
3145,004243,1,13,2
3146,004243,2,15,2
3147,004243,3,17,2
3148,004243,0,11,2
3149,004243,1,13,2
3150,004244,2,15,2
3151,004244,3,17,2
3152,004244,0,11,2
3153,004244,1,13,2
3154,004244,2,15,2
3155,004244,3,17,2
3156,004244,0,11,2
3157,004244,1,13,2
3158,004244,2,15,2
3159,004244,3,17,2
3160,004244,0,11,2
3161,004244,1,13,2
3162,004244,2,15,2
3163,004244,3,17,2
3164,004244,0,11,2
3165,004244,1,13,2
3166,004245,2,15,2
3167,004245,3,17,2
3168,004245,0,11,2
3169,004245,1,13,2
3170,004245,2,15,2
3171,004245,3,17,2
3172,004245,0,11,2
3173,004245,1,13,2
3174,004245,2,15,2
3175,004245,3,17,2
3176,004245,0,11,2
3177,004245,1,13,2
3178,004245,2,15,2
3179,004245,3,17,2
3180,004245,0,11,2
3181,004245,1,13,2
3182,004246,2,15,2
3183,004246,3,17,2
3184,004246,0,11,2
3185,004246,1,13,2
3186,004246,2,15,2
3187,004246,3,17,2
3188,004246,0,11,2
3189,004246,1,13,2
3190,004246,2,15,2
3191,004246,3,17,2
3192,004246,0,11,2
3193,004246,1,13,2
3194,004246,2,15,2
3195,004246,3,17,2
3196,004246,0,11,2
3197,004246,1,13,2
3198,004247,2,15,2
3199,004247,3,17,2
3200,004247,0,11,2
3201,004247,1,13,2
3202,004247,2,15,2
3203,004247,3,17,2
3204,004247,0,11,2
3205,004247,1,13,2
3206,004247,2,15,2
3207,004247,3,17,2
3208,004247,0,11,2
3209,004247,1,13,2
3210,004247,2,15,2
3211,004247,3,17,2
3212,004247,0,11,2
3213,004247,1,13,2
3214,004250,2,18,3
3215,004250,3,21,3
3216,004250,0,12,3
3217,004250,1,15,3
3218,004250,2,18,3
3219,004250,3,21,3
3220,004250,0,12,3
3221,004250,1,15,3
3222,004250,2,18,3
3223,004250,3,21,3
3224,004250,0,12,3
3225,004250,1,15,3
3226,004250,2,18,3
3227,004250,3,21,3
3228,004250,0,12,3
3229,004250,1,15,3
3230,004251,2,18,3
3231,004251,3,21,3
3232,004251,0,12,3
3233,004251,1,15,3
3234,004251,2,18,3
3235,004251,3,21,3
3236,004251,0,12,3
3237,004251,1,15,3
3238,004251,2,18,3
3239,004251,3,21,3
3240,004251,0,12,3
3241,004251,1,15,3
3242,004251,2,18,3
3243,004251,3,21,3
3244,004251,0,12,3
3245,004251,1,15,3
3246,004252,2,18,3
3247,004252,3,21,3
3248,004252,0,12,3
3249,004252,1,15,3
3250,004252,2,18,3
3251,004252,3,21,3
3252,004252,0,12,3
3253,004252,1,15,3
3254,004252,2,18,3
3255,004252,3,21,3
3256,004252,0,12,3
3257,004252,1,15,3
3258,004252,2,18,3
3259,004252,3,21,3
3260,004252,0,12,3
3261,004252,1,15,3
3262,004253,2,18,3
3263,004253,3,21,3
3264,004253,0,12,3
3265,004253,1,15,3
3266,004253,2,18,3
3267,004253,3,21,3
3268,004253,0,12,3
3269,004253,1,15,3
3270,004253,2,18,3
3271,004253,3,21,3
3272,004253,0,12,3
3273,004253,1,15,3
3274,004253,2,18,3
3275,004253,3,21,3
3276,004253,0,12,3
3277,004253,1,15,3
3278,004254,2,18,3
3279,004254,3,21,3
3280,004254,0,12,3
3281,004254,1,15,3
3282,004254,2,18,3
3283,004254,3,21,3
3284,004254,0,12,3
3285,004254,1,15,3
3286,004254,2,18,3
3287,004254,3,21,3
3288,004254,0,12,3
3289,004254,1,15,3
3290,004254,2,18,3
3291,004254,3,21,3
3292,004254,0,12,3
3293,004254,1,15,3
3294,004255,2,18,3
3295,004255,3,21,3
3296,004255,0,12,3
3297,004255,1,15,3
3298,004255,2,18,3
3299,004255,3,21,3
3300,004255,0,12,3
3301,004255,1,15,3
3302,004255,2,18,3
3303,004255,3,21,3
3304,004255,0,12,3
3305,004255,1,15,3
3306,004255,2,18,3
3307,004255,3,21,3
3308,004255,0,12,3
3309,004255,1,15,3
3310,004256,2,18,3
3311,004256,3,21,3
3312,004256,0,12,3
3313,004256,1,15,3
3314,004256,2,18,3
3315,004256,3,21,3
3316,004256,0,12,3
3317,004256,1,15,3
3318,004256,2,18,3
3319,004256,3,21,3
3320,004256,0,12,3
3321,004256,1,15,3
3322,004256,2,18,3
3323,004256,3,21,3
3324,004256,0,12,3
3325,004256,1,15,3
3326,004257,2,18,3
3327,004257,3,21,3
3328,004257,0,12,3
3329,004257,1,15,3
3330,004257,2,18,3
3331,004257,3,21,3
3332,004257,0,12,3
3333,004257,1,15,3
3334,004257,2,18,3
3335,004257,3,21,3
3336,004257,0,12,3
3337,004257,1,15,3
3338,004257,2,18,3
3339,004257,3,21,3
3340,004257,0,12,3
3341,004257,1,15,3
3342,004260,2,18,3
3343,004260,3,21,3
3344,004260,0,12,3
3345,004260,1,15,3
3346,004260,2,18,3
3347,004260,3,21,3
3348,004260,0,12,3
3349,004260,1,15,3
3350,004260,2,18,3
3351,004260,3,21,3
3352,004260,0,12,3
3353,004260,1,15,3
3354,004260,2,18,3
3355,004260,3,21,3
3356,004260,0,12,3
3357,004260,1,15,3
3358,004261,2,18,3
3359,004261,3,21,3
3360,004261,0,12,3
3361,004261,1,15,3
3362,004261,2,18,3
3363,004261,3,21,3
3364,004261,0,12,3
3365,004261,1,15,3
3366,004261,2,18,3
3367,004261,3,21,3
3368,004261,0,12,3
3369,004261,1,15,3
3370,004261,2,18,3
3371,004261,3,21,3
3372,004261,0,12,3
3373,004261,1,15,3
3374,004262,2,18,3
3375,004262,3,21,3
3376,004262,0,12,3
3377,004262,1,15,3
3378,004262,2,18,3
3379,004262,3,21,3
3380,004262,0,12,3
3381,004262,1,15,3
3382,004262,2,18,3
3383,004262,3,21,3
3384,004262,0,12,3
3385,004262,1,15,3
3386,004262,2,18,3
3387,004262,3,21,3
3388,004262,0,12,3
3389,004262,1,15,3
3390,004263,2,18,3
3391,004263,3,21,3
3392,004263,0,12,3
3393,004263,1,15,3
3394,004263,2,18,3
3395,004263,3,21,3
3396,004263,0,12,3
3397,004263,1,15,3
3398,004263,2,18,3
3399,004263,3,21,3
3400,004263,0,12,3
3401,004263,1,15,3
3402,004263,2,18,3
3403,004263,3,21,3
3404,004263,0,12,3
3405,004263,1,15,3
3406,004264,2,18,3
3407,004264,3,21,3
3408,004264,0,12,3
3409,004264,1,15,3
3410,004264,2,18,3
3411,004264,3,21,3
3412,004264,0,12,3
3413,004264,1,15,3
3414,004264,2,18,3
3415,004264,3,21,3
3416,004264,0,12,3
3417,004264,1,15,3
3418,004264,2,18,3
3419,004264,3,21,3
3420,004264,0,12,3
3421,004264,1,15,3
3422,004265,2,18,3
3423,004265,3,21,3
3424,004265,0,12,3
3425,004265,1,15,3
3426,004265,2,18,3
3427,004265,3,21,3
3428,004265,0,12,3
3429,004265,1,15,3
3430,004265,2,18,3
3431,004265,3,21,3
3432,004265,0,12,3
3433,004265,1,15,3
3434,004265,2,18,3
3435,004265,3,21,3
3436,004265,0,12,3
3437,004265,1,15,3
3438,004266,2,18,3
3439,004266,3,21,3
3440,004266,0,12,3
3441,004266,1,15,3
3442,004266,2,18,3
3443,004266,3,21,3
3444,004266,0,12,3
3445,004266,1,15,3
3446,004266,2,18,3
3447,004266,3,21,3
3448,004266,0,12,3
3449,004266,1,15,3
3450,004266,2,18,3
3451,004266,3,21,3
3452,004266,0,12,3
3453,004266,1,15,3
3454,004267,2,18,3
3455,004267,3,21,3
3456,004267,0,12,3
3457,004267,1,15,3
3458,004267,2,18,3
3459,004267,3,21,3
3460,004267,0,12,3
3461,004267,1,15,3
3462,004267,2,18,3
3463,004267,3,21,3
3464,004267,0,12,3
3465,004267,1,15,3
3466,004267,2,18,3
3467,004267,3,21,3
3468,004267,0,12,3
3469,004267,1,15,3
3470,004270,2,22,4
3471,004270,3,26,4
3472,004270,0,14,4
3473,004270,1,18,4
3474,004270,2,22,4
3475,004270,3,26,4
3476,004270,0,14,4
3477,004270,1,18,4
3478,004270,2,22,4
3479,004270,3,26,4
3480,004270,0,14,4
3481,004270,1,18,4
3482,004270,2,22,4
3483,004270,3,26,4
3484,004270,0,14,4
3485,004270,1,18,4
3486,004271,2,22,4
3487,004271,3,26,4
3488,004271,0,14,4
3489,004271,1,18,4
3490,004271,2,22,4
3491,004271,3,26,4
3492,004271,0,14,4
3493,004271,1,18,4
3494,004271,2,22,4
3495,004271,3,26,4
3496,004271,0,14,4
3497,004271,1,18,4
3498,004271,2,22,4
3499,004271,3,26,4
3500,004271,0,14,4
3501,004271,1,18,4
3502,004272,2,22,4
3503,004272,3,26,4
3504,004272,0,14,4
3505,004272,1,18,4
3506,004272,2,22,4
3507,004272,3,26,4
3508,004272,0,14,4
3509,004272,1,18,4
3510,004272,2,22,4
3511,004272,3,26,4
3512,004272,0,14,4
3513,004272,1,18,4
3514,004272,2,22,4
3515,004272,3,26,4
3516,004272,0,14,4
3517,004272,1,18,4
3518,004273,2,22,4
3519,004273,3,26,4
3520,004273,0,14,4
3521,004273,1,18,4
3522,004273,2,22,4
3523,004273,3,26,4
3524,004273,0,14,4
3525,004273,1,18,4
3526,004273,2,22,4
3527,004273,3,26,4
3528,004273,0,14,4
3529,004273,1,18,4
3530,004273,2,22,4
3531,004273,3,26,4
3532,004273,0,14,4
3533,004273,1,18,4
3534,004274,2,22,4
3535,004274,3,26,4
3536,004274,0,14,4
3537,004274,1,18,4
3538,004274,2,22,4
3539,004274,3,26,4
3540,004274,0,14,4
3541,004274,1,18,4
3542,004274,2,22,4
3543,004274,3,26,4
3544,004274,0,14,4
3545,004274,1,18,4
3546,004274,2,22,4
3547,004274,3,26,4
3548,004274,0,14,4
3549,004274,1,18,4
3550,004275,2,22,4
3551,004275,3,26,4
3552,004275,0,14,4
3553,004275,1,18,4
3554,004275,2,22,4
3555,004275,3,26,4
3556,004275,0,14,4
3557,004275,1,18,4
3558,004275,2,22,4
3559,004275,3,26,4
3560,004275,0,14,4
3561,004275,1,18,4
3562,004275,2,22,4
3563,004275,3,26,4
3564,004275,0,14,4
3565,004275,1,18,4
3566,004276,2,22,4
3567,004276,3,26,4
3568,004276,0,14,4
3569,004276,1,18,4
3570,004276,2,22,4
3571,004276,3,26,4
3572,004276,0,14,4
3573,004276,1,18,4
3574,004276,2,22,4
3575,004276,3,26,4
3576,004276,0,14,4
3577,004276,1,18,4
3578,004276,2,22,4
3579,004276,3,26,4
3580,004276,0,14,4
3581,004276,1,18,4
3582,004277,2,22,4
3583,004277,3,26,4
3584,004277,0,14,4
3585,004277,1,18,4
3586,004277,2,22,4
3587,004277,3,26,4
3588,004277,0,14,4
3589,004277,1,18,4
3590,004277,2,22,4
3591,004277,3,26,4
3592,004277,0,14,4
3593,004277,1,18,4
3594,004277,2,22,4
3595,004277,3,26,4
3596,004277,0,14,4
3597,004277,1,18,4
3598,004310,2,14,2
3599,004310,3,16,2
3600,004310,0,10,2
3601,004310,1,12,2
3602,004310,2,14,2
3603,004310,3,16,2
3604,004310,0,10,2
3605,004310,1,12,2
3606,004310,2,14,2
3607,004310,3,16,2
3608,004310,0,10,2
3609,004310,1,12,2
3610,004310,2,14,2
3611,004310,3,16,2
3612,004310,0,10,2
3613,004310,1,12,2
3614,004311,2,14,2
3615,004311,3,16,2
3616,004311,0,10,2
3617,004311,1,12,2
3618,004311,2,14,2
3619,004311,3,16,2
3620,004311,0,10,2
3621,004311,1,12,2
3622,004311,2,14,2
3623,004311,3,16,2
3624,004311,0,10,2
3625,004311,1,12,2
3626,004311,2,14,2
3627,004311,3,16,2
3628,004311,0,10,2
3629,004311,1,12,2
3630,004312,2,14,2
3631,004312,3,16,2
3632,004312,0,10,2
3633,004312,1,12,2
3634,004312,2,14,2
3635,004312,3,16,2
3636,004312,0,10,2
3637,004312,1,12,2
3638,004312,2,14,2
3639,004312,3,16,2
3640,004312,0,10,2
3641,004312,1,12,2
3642,004312,2,14,2
3643,004312,3,16,2
3644,004312,0,10,2
3645,004312,1,12,2
3646,004313,2,14,2
3647,004313,3,16,2
3648,004313,0,10,2
3649,004313,1,12,2
3650,004313,2,14,2
3651,004313,3,16,2
3652,004313,0,10,2
3653,004313,1,12,2
3654,004313,2,14,2
3655,004313,3,16,2
3656,004313,0,10,2
3657,004313,1,12,2
3658,004313,2,14,2
3659,004313,3,16,2
3660,004313,0,10,2
3661,004313,1,12,2
3662,004314,2,14,2
3663,004314,3,16,2
3664,004314,0,10,2
3665,004314,1,12,2
3666,004314,2,14,2
3667,004314,3,16,2
3668,004314,0,10,2
3669,004314,1,12,2
3670,004314,2,14,2
3671,004314,3,16,2
3672,004314,0,10,2
3673,004314,1,12,2
3674,004314,2,14,2
3675,004314,3,16,2
3676,004314,0,10,2
3677,004314,1,12,2
3678,004315,2,14,2
3679,004315,3,16,2
3680,004315,0,10,2
3681,004315,1,12,2
3682,004315,2,14,2
3683,004315,3,16,2
3684,004315,0,10,2
3685,004315,1,12,2
3686,004315,2,14,2
3687,004315,3,16,2
3688,004315,0,10,2
3689,004315,1,12,2
3690,004315,2,14,2
3691,004315,3,16,2
3692,004315,0,10,2
3693,004315,1,12,2
3694,004316,2,14,2
3695,004316,3,16,2
3696,004316,0,10,2
3697,004316,1,12,2
3698,004316,2,14,2
3699,004316,3,16,2
3700,004316,0,10,2
3701,004316,1,12,2
3702,004316,2,14,2
3703,004316,3,16,2
3704,004316,0,10,2
3705,004316,1,12,2
3706,004316,2,14,2
3707,004316,3,16,2
3708,004316,0,10,2
3709,004316,1,12,2
3710,004317,2,14,2
3711,004317,3,16,2
3712,004317,0,10,2
3713,004317,1,12,2
3714,004317,2,14,2
3715,004317,3,16,2
3716,004317,0,10,2
3717,004317,1,12,2
3718,004317,2,14,2
3719,004317,3,16,2
3720,004317,0,10,2
3721,004317,1,12,2
3722,004317,2,14,2
3723,004317,3,16,2
3724,004317,0,10,2
3725,004317,1,12,2
3726,004320,2,15,2
3727,004320,3,17,2
3728,004320,0,11,2
3729,004320,1,13,2
3730,004320,2,15,2
3731,004320,3,17,2
3732,004320,0,11,2
3733,004320,1,13,2
3734,004320,2,15,2
3735,004320,3,17,2
3736,004320,0,11,2
3737,004320,1,13,2
3738,004320,2,15,2
3739,004320,3,17,2
3740,004320,0,11,2
3741,004320,1,13,2
3742,004321,2,15,2
3743,004321,3,17,2
3744,004321,0,11,2
3745,004321,1,13,2
3746,004321,2,15,2
3747,004321,3,17,2
3748,004321,0,11,2
3749,004321,1,13,2
3750,004321,2,15,2
3751,004321,3,17,2
3752,004321,0,11,2
3753,004321,1,13,2
3754,004321,2,15,2
3755,004321,3,17,2
3756,004321,0,11,2
3757,004321,1,13,2
3758,004322,2,15,2
3759,004322,3,17,2
3760,004322,0,11,2
3761,004322,1,13,2
3762,004322,2,15,2
3763,004322,3,17,2
3764,004322,0,11,2
3765,004322,1,13,2
3766,004322,2,15,2
3767,004322,3,17,2
3768,004322,0,11,2
3769,004322,1,13,2
3770,004322,2,15,2
3771,004322,3,17,2
3772,004322,0,11,2
3773,004322,1,13,2
3774,004323,2,15,2
3775,004323,3,17,2
3776,004323,0,11,2
3777,004323,1,13,2
3778,004323,2,15,2
3779,004323,3,17,2
3780,004323,0,11,2
3781,004323,1,13,2
3782,004323,2,15,2
3783,004323,3,17,2
3784,004323,0,11,2
3785,004323,1,13,2
3786,004323,2,15,2
3787,004323,3,17,2
3788,004323,0,11,2
3789,004323,1,13,2
3790,004324,2,15,2
3791,004324,3,17,2
3792,004324,0,11,2
3793,004324,1,13,2
3794,004324,2,15,2
3795,004324,3,17,2
3796,004324,0,11,2
3797,004324,1,13,2
3798,004324,2,15,2
3799,004324,3,17,2
3800,004324,0,11,2
3801,004324,1,13,2
3802,004324,2,15,2
3803,004324,3,17,2
3804,004324,0,11,2
3805,004324,1,13,2
3806,004325,2,15,2
3807,004325,3,17,2
3808,004325,0,11,2
3809,004325,1,13,2
3810,004325,2,15,2
3811,004325,3,17,2
3812,004325,0,11,2
3813,004325,1,13,2
3814,004325,2,15,2
3815,004325,3,17,2
3816,004325,0,11,2
3817,004325,1,13,2
3818,004325,2,15,2
3819,004325,3,17,2
3820,004325,0,11,2
3821,004325,1,13,2
3822,004326,2,15,2
3823,004326,3,17,2
3824,004326,0,11,2
3825,004326,1,13,2
3826,004326,2,15,2
3827,004326,3,17,2
3828,004326,0,11,2
3829,004326,1,13,2
3830,004326,2,15,2
3831,004326,3,17,2
3832,004326,0,11,2
3833,004326,1,13,2
3834,004326,2,15,2
3835,004326,3,17,2
3836,004326,0,11,2
3837,004326,1,13,2
3838,004327,2,15,2
3839,004327,3,17,2
3840,004327,0,11,2
3841,004327,1,13,2
3842,004327,2,15,2
3843,004327,3,17,2
3844,004327,0,11,2
3845,004327,1,13,2
3846,004327,2,15,2
3847,004327,3,17,2
3848,004327,0,11,2
3849,004327,1,13,2
3850,004327,2,15,2
3851,004327,3,17,2
3852,004327,0,11,2
3853,004327,1,13,2
3854,004330,2,19,3
3855,004330,3,22,3
3856,004330,0,13,3
3857,004330,1,16,3
3858,004330,2,19,3
3859,004330,3,22,3
3860,004330,0,13,3
3861,004330,1,16,3
3862,004330,2,19,3
3863,004330,3,22,3
3864,004330,0,13,3
3865,004330,1,16,3
3866,004330,2,19,3
3867,004330,3,22,3
3868,004330,0,13,3
3869,004330,1,16,3
3870,004331,2,19,3
3871,004331,3,22,3
3872,004331,0,13,3
3873,004331,1,16,3
3874,004331,2,19,3
3875,004331,3,22,3
3876,004331,0,13,3
3877,004331,1,16,3
3878,004331,2,19,3
3879,004331,3,22,3
3880,004331,0,13,3
3881,004331,1,16,3
3882,004331,2,19,3
3883,004331,3,22,3
3884,004331,0,13,3
3885,004331,1,16,3
3886,004332,2,19,3
3887,004332,3,22,3
3888,004332,0,13,3
3889,004332,1,16,3
3890,004332,2,19,3
3891,004332,3,22,3
3892,004332,0,13,3
3893,004332,1,16,3
3894,004332,2,19,3
3895,004332,3,22,3
3896,004332,0,13,3
3897,004332,1,16,3
3898,004332,2,19,3
3899,004332,3,22,3
3900,004332,0,13,3
3901,004332,1,16,3
3902,004333,2,19,3
3903,004333,3,22,3
3904,004333,0,13,3
3905,004333,1,16,3
3906,004333,2,19,3
3907,004333,3,22,3
3908,004333,0,13,3
3909,004333,1,16,3
3910,004333,2,19,3
3911,004333,3,22,3
3912,004333,0,13,3
3913,004333,1,16,3
3914,004333,2,19,3
3915,004333,3,22,3
3916,004333,0,13,3
3917,004333,1,16,3
3918,004334,2,19,3
3919,004334,3,22,3
3920,004334,0,13,3
3921,004334,1,16,3
3922,004334,2,19,3
3923,004334,3,22,3
3924,004334,0,13,3
3925,004334,1,16,3
3926,004334,2,19,3
3927,004334,3,22,3
3928,004334,0,13,3
3929,004334,1,16,3
3930,004334,2,19,3
3931,004334,3,22,3
3932,004334,0,13,3
3933,004334,1,16,3
3934,004335,2,19,3
3935,004335,3,22,3
3936,004335,0,13,3
3937,004335,1,16,3
3938,004335,2,19,3
3939,004335,3,22,3
3940,004335,0,13,3
3941,004335,1,16,3
3942,004335,2,19,3
3943,004335,3,22,3
3944,004335,0,13,3
3945,004335,1,16,3
3946,004335,2,19,3
3947,004335,3,22,3
3948,004335,0,13,3
3949,004335,1,16,3
3950,004336,2,19,3
3951,004336,3,22,3
3952,004336,0,13,3
3953,004336,1,16,3
3954,004336,2,19,3
3955,004336,3,22,3
3956,004336,0,13,3
3957,004336,1,16,3
3958,004336,2,19,3
3959,004336,3,22,3
3960,004336,0,13,3
3961,004336,1,16,3
3962,004336,2,19,3
3963,004336,3,22,3
3964,004336,0,13,3
3965,004336,1,16,3
3966,004337,2,19,3
3967,004337,3,22,3
3968,004337,0,13,3
3969,004337,1,16,3
3970,004337,2,19,3
3971,004337,3,22,3
3972,004337,0,13,3
3973,004337,1,16,3
3974,004337,2,19,3
3975,004337,3,22,3
3976,004337,0,13,3
3977,004337,1,16,3
3978,004337,2,19,3
3979,004337,3,22,3
3980,004337,0,13,3
3981,004337,1,16,3
3982,004340,2,15,2
3983,004340,3,17,2
3984,004340,0,11,2
3985,004340,1,13,2
3986,004340,2,15,2
3987,004340,3,17,2
3988,004340,0,11,2
3989,004340,1,13,2
3990,004340,2,15,2
3991,004340,3,17,2
3992,004340,0,11,2
3993,004340,1,13,2
3994,004340,2,15,2
3995,004340,3,17,2
3996,004340,0,11,2
3997,004340,1,13,2
3998,004341,2,15,2
3999,004341,3,17,2
4000,004341,0,11,2
4001,004341,1,13,2
4002,004341,2,15,2
4003,004341,3,17,2
4004,004341,0,11,2
4005,004341,1,13,2
4006,004341,2,15,2
4007,004341,3,17,2
4008,004341,0,11,2
4009,004341,1,13,2
4010,004341,2,15,2
4011,004341,3,17,2
4012,004341,0,11,2
4013,004341,1,13,2
4014,004342,2,15,2
4015,004342,3,17,2
4016,004342,0,11,2
4017,004342,1,13,2
4018,004342,2,15,2
4019,004342,3,17,2
4020,004342,0,11,2
4021,004342,1,13,2
4022,004342,2,15,2
4023,004342,3,17,2
4024,004342,0,11,2
4025,004342,1,13,2
4026,004342,2,15,2
4027,004342,3,17,2
4028,004342,0,11,2
4029,004342,1,13,2
4030,004343,2,15,2
4031,004343,3,17,2
4032,004343,0,11,2
4033,004343,1,13,2
4034,004343,2,15,2
4035,004343,3,17,2
4036,004343,0,11,2
4037,004343,1,13,2
4038,004343,2,15,2
4039,004343,3,17,2
4040,004343,0,11,2
4041,004343,1,13,2
4042,004343,2,15,2
4043,004343,3,17,2
4044,004343,0,11,2
4045,004343,1,13,2
4046,004344,2,15,2
4047,004344,3,17,2
4048,004344,0,11,2
4049,004344,1,13,2
4050,004344,2,15,2
4051,004344,3,17,2
4052,004344,0,11,2
4053,004344,1,13,2
4054,004344,2,15,2
4055,004344,3,17,2
4056,004344,0,11,2
4057,004344,1,13,2
4058,004344,2,15,2
4059,004344,3,17,2
4060,004344,0,11,2
4061,004344,1,13,2
4062,004345,2,15,2
4063,004345,3,17,2
4064,004345,0,11,2
4065,004345,1,13,2
4066,004345,2,15,2
4067,004345,3,17,2
4068,004345,0,11,2
4069,004345,1,13,2
4070,004345,2,15,2
4071,004345,3,17,2
4072,004345,0,11,2
4073,004345,1,13,2
4074,004345,2,15,2
4075,004345,3,17,2
4076,004345,0,11,2
4077,004345,1,13,2
4078,004346,2,15,2
4079,004346,3,17,2
4080,004346,0,11,2
4081,004346,1,13,2
4082,004346,2,15,2
4083,004346,3,17,2
4084,004346,0,11,2
4085,004346,1,13,2
4086,004346,2,15,2
4087,004346,3,17,2
4088,004346,0,11,2
4089,004346,1,13,2
4090,004346,2,15,2
4091,004346,3,17,2
4092,004346,0,11,2
4093,004346,1,13,2
4094,004347,2,15,2
4095,004347,3,17,2
4096,004347,0,11,2
4097,004347,1,13,2
4098,004347,2,15,2
4099,004347,3,17,2
4100,004347,0,11,2
4101,004347,1,13,2
4102,004347,2,15,2
4103,004347,3,17,2
4104,004347,0,11,2
4105,004347,1,13,2
4106,004347,2,15,2
4107,004347,3,17,2
4108,004347,0,11,2
4109,004347,1,13,2
4110,004350,2,18,3
4111,004350,3,21,3
4112,004350,0,12,3
4113,004350,1,15,3
4114,004350,2,18,3
4115,004350,3,21,3
4116,004350,0,12,3
4117,004350,1,15,3
4118,004350,2,18,3
4119,004350,3,21,3
4120,004350,0,12,3
4121,004350,1,15,3
4122,004350,2,18,3
4123,004350,3,21,3
4124,004350,0,12,3
4125,004350,1,15,3
4126,004351,2,18,3
4127,004351,3,21,3
4128,004351,0,12,3
4129,004351,1,15,3
4130,004351,2,18,3
4131,004351,3,21,3
4132,004351,0,12,3
4133,004351,1,15,3
4134,004351,2,18,3
4135,004351,3,21,3
4136,004351,0,12,3
4137,004351,1,15,3
4138,004351,2,18,3
4139,004351,3,21,3
4140,004351,0,12,3
4141,004351,1,15,3
4142,004352,2,18,3
4143,004352,3,21,3
4144,004352,0,12,3
4145,004352,1,15,3
4146,004352,2,18,3
4147,004352,3,21,3
4148,004352,0,12,3
4149,004352,1,15,3
4150,004352,2,18,3
4151,004352,3,21,3
4152,004352,0,12,3
4153,004352,1,15,3
4154,004352,2,18,3
4155,004352,3,21,3
4156,004352,0,12,3
4157,004352,1,15,3
4158,004353,2,18,3
4159,004353,3,21,3
4160,004353,0,12,3
4161,004353,1,15,3
4162,004353,2,18,3
4163,004353,3,21,3
4164,004353,0,12,3
4165,004353,1,15,3
4166,004353,2,18,3
4167,004353,3,21,3
4168,004353,0,12,3
4169,004353,1,15,3
4170,004353,2,18,3
4171,004353,3,21,3
4172,004353,0,12,3
4173,004353,1,15,3
4174,004354,2,18,3
4175,004354,3,21,3
4176,004354,0,12,3
4177,004354,1,15,3
4178,004354,2,18,3
4179,004354,3,21,3
4180,004354,0,12,3
4181,004354,1,15,3
4182,004354,2,18,3
4183,004354,3,21,3
4184,004354,0,12,3
4185,004354,1,15,3
4186,004354,2,18,3
4187,004354,3,21,3
4188,004354,0,12,3
4189,004354,1,15,3
4190,004355,2,18,3
4191,004355,3,21,3
4192,004355,0,12,3
4193,004355,1,15,3
4194,004355,2,18,3
4195,004355,3,21,3
4196,004355,0,12,3
4197,004355,1,15,3
4198,004355,2,18,3
4199,004355,3,21,3
4200,004355,0,12,3
4201,004355,1,15,3
4202,004355,2,18,3
4203,004355,3,21,3
4204,004355,0,12,3
4205,004355,1,15,3
4206,004356,2,18,3
4207,004356,3,21,3
4208,004356,0,12,3
4209,004356,1,15,3
4210,004356,2,18,3
4211,004356,3,21,3
4212,004356,0,12,3
4213,004356,1,15,3
4214,004356,2,18,3
4215,004356,3,21,3
4216,004356,0,12,3
4217,004356,1,15,3
4218,004356,2,18,3
4219,004356,3,21,3
4220,004356,0,12,3
4221,004356,1,15,3
4222,004357,2,18,3
4223,004357,3,21,3
4224,004357,0,12,3
4225,004357,1,15,3
4226,004357,2,18,3
4227,004357,3,21,3
4228,004357,0,12,3
4229,004357,1,15,3
4230,004357,2,18,3
4231,004357,3,21,3
4232,004357,0,12,3
4233,004357,1,15,3
4234,004357,2,18,3
4235,004357,3,21,3
4236,004357,0,12,3
4237,004357,1,15,3
4238,004360,2,18,3
4239,004360,3,21,3
4240,004360,0,12,3
4241,004360,1,15,3
4242,004360,2,18,3
4243,004360,3,21,3
4244,004360,0,12,3
4245,004360,1,15,3
4246,004360,2,18,3
4247,004360,3,21,3
4248,004360,0,12,3
4249,004360,1,15,3
4250,004360,2,18,3
4251,004360,3,21,3
4252,004360,0,12,3
4253,004360,1,15,3
4254,004361,2,18,3
4255,004361,3,21,3
4256,004361,0,12,3
4257,004361,1,15,3
4258,004361,2,18,3
4259,004361,3,21,3
4260,004361,0,12,3
4261,004361,1,15,3
4262,004361,2,18,3
4263,004361,3,21,3
4264,004361,0,12,3
4265,004361,1,15,3
4266,004361,2,18,3
4267,004361,3,21,3
4268,004361,0,12,3
4269,004361,1,15,3
4270,004362,2,18,3
4271,004362,3,21,3
4272,004362,0,12,3
4273,004362,1,15,3
4274,004362,2,18,3
4275,004362,3,21,3
4276,004362,0,12,3
4277,004362,1,15,3
4278,004362,2,18,3
4279,004362,3,21,3
4280,004362,0,12,3
4281,004362,1,15,3
4282,004362,2,18,3
4283,004362,3,21,3
4284,004362,0,12,3
4285,004362,1,15,3
4286,004363,2,18,3
4287,004363,3,21,3
4288,004363,0,12,3
4289,004363,1,15,3
4290,004363,2,18,3
4291,004363,3,21,3
4292,004363,0,12,3
4293,004363,1,15,3
4294,004363,2,18,3
4295,004363,3,21,3
4296,004363,0,12,3
4297,004363,1,15,3
4298,004363,2,18,3
4299,004363,3,21,3
4300,004363,0,12,3
4301,004363,1,15,3
4302,004364,2,18,3
4303,004364,3,21,3
4304,004364,0,12,3
4305,004364,1,15,3
4306,004364,2,18,3
4307,004364,3,21,3
4308,004364,0,12,3
4309,004364,1,15,3
4310,004364,2,18,3
4311,004364,3,21,3
4312,004364,0,12,3
4313,004364,1,15,3
4314,004364,2,18,3
4315,004364,3,21,3
4316,004364,0,12,3
4317,004364,1,15,3
4318,004365,2,18,3
4319,004365,3,21,3
4320,004365,0,12,3
4321,004365,1,15,3
4322,004365,2,18,3
4323,004365,3,21,3
4324,004365,0,12,3
4325,004365,1,15,3
4326,004365,2,18,3
4327,004365,3,21,3
4328,004365,0,12,3
4329,004365,1,15,3
4330,004365,2,18,3
4331,004365,3,21,3
4332,004365,0,12,3
4333,004365,1,15,3
4334,004366,2,18,3
4335,004366,3,21,3
4336,004366,0,12,3
4337,004366,1,15,3
4338,004366,2,18,3
4339,004366,3,21,3
4340,004366,0,12,3
4341,004366,1,15,3
4342,004366,2,18,3
4343,004366,3,21,3
4344,004366,0,12,3
4345,004366,1,15,3
4346,004366,2,18,3
4347,004366,3,21,3
4348,004366,0,12,3
4349,004366,1,15,3
4350,004367,2,18,3
4351,004367,3,21,3
4352,004367,0,12,3
4353,004367,1,15,3
4354,004367,2,18,3
4355,004367,3,21,3
4356,004367,0,12,3
4357,004367,1,15,3
4358,004367,2,18,3
4359,004367,3,21,3
4360,004367,0,12,3
4361,004367,1,15,3
4362,004367,2,18,3
4363,004367,3,21,3
4364,004367,0,12,3
4365,004367,1,15,3
4366,004370,2,22,4
4367,004370,3,26,4
4368,004370,0,14,4
4369,004370,1,18,4
4370,004370,2,22,4
4371,004370,3,26,4
4372,004370,0,14,4
4373,004370,1,18,4
4374,004370,2,22,4
4375,004370,3,26,4
4376,004370,0,14,4
4377,004370,1,18,4
4378,004370,2,22,4
4379,004370,3,26,4
4380,004370,0,14,4
4381,004370,1,18,4
4382,004371,2,22,4
4383,004371,3,26,4
4384,004371,0,14,4
4385,004371,1,18,4
4386,004371,2,22,4
4387,004371,3,26,4
4388,004371,0,14,4
4389,004371,1,18,4
4390,004371,2,22,4
4391,004371,3,26,4
4392,004371,0,14,4
4393,004371,1,18,4
4394,004371,2,22,4
4395,004371,3,26,4
4396,004371,0,14,4
4397,004371,1,18,4
4398,004372,2,22,4
4399,004372,3,26,4
4400,004372,0,14,4
4401,004372,1,18,4
4402,004372,2,22,4
4403,004372,3,26,4
4404,004372,0,14,4
4405,004372,1,18,4
4406,004372,2,22,4
4407,004372,3,26,4
4408,004372,0,14,4
4409,004372,1,18,4
4410,004372,2,22,4
4411,004372,3,26,4
4412,004372,0,14,4
4413,004372,1,18,4
4414,004373,2,22,4
4415,004373,3,26,4
4416,004373,0,14,4
4417,004373,1,18,4
4418,004373,2,22,4
4419,004373,3,26,4
4420,004373,0,14,4
4421,004373,1,18,4
4422,004373,2,22,4
4423,004373,3,26,4
4424,004373,0,14,4
4425,004373,1,18,4
4426,004373,2,22,4
4427,004373,3,26,4
4428,004373,0,14,4
4429,004373,1,18,4
4430,004374,2,22,4
4431,004374,3,26,4
4432,004374,0,14,4
4433,004374,1,18,4
4434,004374,2,22,4
4435,004374,3,26,4
4436,004374,0,14,4
4437,004374,1,18,4
4438,004374,2,22,4
4439,004374,3,26,4
4440,004374,0,14,4
4441,004374,1,18,4
4442,004374,2,22,4
4443,004374,3,26,4
4444,004374,0,14,4
4445,004374,1,18,4
4446,004375,2,22,4
4447,004375,3,26,4
4448,004375,0,14,4
4449,004375,1,18,4
4450,004375,2,22,4
4451,004375,3,26,4
4452,004375,0,14,4
4453,004375,1,18,4
4454,004375,2,22,4
4455,004375,3,26,4
4456,004375,0,14,4
4457,004375,1,18,4
4458,004375,2,22,4
4459,004375,3,26,4
4460,004375,0,14,4
4461,004375,1,18,4
4462,004376,2,22,4
4463,004376,3,26,4
4464,004376,0,14,4
4465,004376,1,18,4
4466,004376,2,22,4
4467,004376,3,26,4
4468,004376,0,14,4
4469,004376,1,18,4
4470,004376,2,22,4
4471,004376,3,26,4
4472,004376,0,14,4
4473,004376,1,18,4
4474,004376,2,22,4
4475,004376,3,26,4
4476,004376,0,14,4
4477,004376,1,18,4
4478,004377,2,22,4
4479,004377,3,26,4
4480,004377,0,14,4
4481,004377,1,18,4
4482,004377,2,22,4
4483,004377,3,26,4
4484,004377,0,14,4
4485,004377,1,18,4
4486,004377,2,22,4
4487,004377,3,26,4
4488,004377,0,14,4
4489,004377,1,18,4
4490,004377,2,22,4
4491,004377,3,26,4
4492,004377,0,14,4
4493,004377,1,18,4
4494,004410,2,14,2
4495,004410,3,16,2
4496,004410,0,10,2
4497,004410,1,12,2
4498,004410,2,14,2
4499,004410,3,16,2
4500,004410,0,10,2
4501,004410,1,12,2
4502,004410,2,14,2
4503,004410,3,16,2
4504,004410,0,10,2
4505,004410,1,12,2
4506,004410,2,14,2
4507,004410,3,16,2
4508,004410,0,10,2
4509,004410,1,12,2
4510,004411,2,14,2
4511,004411,3,16,2
4512,004411,0,10,2
4513,004411,1,12,2
4514,004411,2,14,2
4515,004411,3,16,2
4516,004411,0,10,2
4517,004411,1,12,2
4518,004411,2,14,2
4519,004411,3,16,2
4520,004411,0,10,2
4521,004411,1,12,2
4522,004411,2,14,2
4523,004411,3,16,2
4524,004411,0,10,2
4525,004411,1,12,2
4526,004412,2,14,2
4527,004412,3,16,2
4528,004412,0,10,2
4529,004412,1,12,2
4530,004412,2,14,2
4531,004412,3,16,2
4532,004412,0,10,2
4533,004412,1,12,2
4534,004412,2,14,2
4535,004412,3,16,2
4536,004412,0,10,2
4537,004412,1,12,2
4538,004412,2,14,2
4539,004412,3,16,2
4540,004412,0,10,2
4541,004412,1,12,2
4542,004413,2,14,2
4543,004413,3,16,2
4544,004413,0,10,2
4545,004413,1,12,2
4546,004413,2,14,2
4547,004413,3,16,2
4548,004413,0,10,2
4549,004413,1,12,2
4550,004413,2,14,2
4551,004413,3,16,2
4552,004413,0,10,2
4553,004413,1,12,2
4554,004413,2,14,2
4555,004413,3,16,2
4556,004413,0,10,2
4557,004413,1,12,2
4558,004414,2,14,2
4559,004414,3,16,2
4560,004414,0,10,2
4561,004414,1,12,2
4562,004414,2,14,2
4563,004414,3,16,2
4564,004414,0,10,2
4565,004414,1,12,2
4566,004414,2,14,2
4567,004414,3,16,2
4568,004414,0,10,2
4569,004414,1,12,2
4570,004414,2,14,2
4571,004414,3,16,2
4572,004414,0,10,2
4573,004414,1,12,2
4574,004415,2,14,2
4575,004415,3,16,2
4576,004415,0,10,2
4577,004415,1,12,2
4578,004415,2,14,2
4579,004415,3,16,2
4580,004415,0,10,2
4581,004415,1,12,2
4582,004415,2,14,2
4583,004415,3,16,2
4584,004415,0,10,2
4585,004415,1,12,2
4586,004415,2,14,2
4587,004415,3,16,2
4588,004415,0,10,2
4589,004415,1,12,2
4590,004416,2,14,2
4591,004416,3,16,2
4592,004416,0,10,2
4593,004416,1,12,2
4594,004416,2,14,2
4595,004416,3,16,2
4596,004416,0,10,2
4597,004416,1,12,2
4598,004416,2,14,2
4599,004416,3,16,2
4600,004416,0,10,2
4601,004416,1,12,2
4602,004416,2,14,2
4603,004416,3,16,2
4604,004416,0,10,2
4605,004416,1,12,2
4606,004417,2,14,2
4607,004417,3,16,2
4608,004417,0,10,2
4609,004417,1,12,2
4610,004417,2,14,2
4611,004417,3,16,2
4612,004417,0,10,2
4613,004417,1,12,2
4614,004417,2,14,2
4615,004417,3,16,2
4616,004417,0,10,2
4617,004417,1,12,2
4618,004417,2,14,2
4619,004417,3,16,2
4620,004417,0,10,2
4621,004417,1,12,2
4622,004420,2,15,2
4623,004420,3,17,2
4624,004420,0,11,2
4625,004420,1,13,2
4626,004420,2,15,2
4627,004420,3,17,2
4628,004420,0,11,2
4629,004420,1,13,2
4630,004420,2,15,2
4631,004420,3,17,2
4632,004420,0,11,2
4633,004420,1,13,2
4634,004420,2,15,2
4635,004420,3,17,2
4636,004420,0,11,2
4637,004420,1,13,2
4638,004421,2,15,2
4639,004421,3,17,2
4640,004421,0,11,2
4641,004421,1,13,2
4642,004421,2,15,2
4643,004421,3,17,2
4644,004421,0,11,2
4645,004421,1,13,2
4646,004421,2,15,2
4647,004421,3,17,2
4648,004421,0,11,2
4649,004421,1,13,2
4650,004421,2,15,2
4651,004421,3,17,2
4652,004421,0,11,2
4653,004421,1,13,2
4654,004422,2,15,2
4655,004422,3,17,2
4656,004422,0,11,2
4657,004422,1,13,2
4658,004422,2,15,2
4659,004422,3,17,2
4660,004422,0,11,2
4661,004422,1,13,2
4662,004422,2,15,2
4663,004422,3,17,2
4664,004422,0,11,2
4665,004422,1,13,2
4666,004422,2,15,2
4667,004422,3,17,2
4668,004422,0,11,2
4669,004422,1,13,2
4670,004423,2,15,2
4671,004423,3,17,2
4672,004423,0,11,2
4673,004423,1,13,2
4674,004423,2,15,2
4675,004423,3,17,2
4676,004423,0,11,2
4677,004423,1,13,2
4678,004423,2,15,2
4679,004423,3,17,2
4680,004423,0,11,2
4681,004423,1,13,2
4682,004423,2,15,2
4683,004423,3,17,2
4684,004423,0,11,2
4685,004423,1,13,2
4686,004424,2,15,2
4687,004424,3,17,2
4688,004424,0,11,2
4689,004424,1,13,2
4690,004424,2,15,2
4691,004424,3,17,2
4692,004424,0,11,2
4693,004424,1,13,2
4694,004424,2,15,2
4695,004424,3,17,2
4696,004424,0,11,2
4697,004424,1,13,2
4698,004424,2,15,2
4699,004424,3,17,2
4700,004424,0,11,2
4701,004424,1,13,2
4702,004425,2,15,2
4703,004425,3,17,2
4704,004425,0,11,2
4705,004425,1,13,2
4706,004425,2,15,2
4707,004425,3,17,2
4708,004425,0,11,2
4709,004425,1,13,2
4710,004425,2,15,2
4711,004425,3,17,2
4712,004425,0,11,2
4713,004425,1,13,2
4714,004425,2,15,2
4715,004425,3,17,2
4716,004425,0,11,2
4717,004425,1,13,2
4718,004426,2,15,2
4719,004426,3,17,2
4720,004426,0,11,2
4721,004426,1,13,2
4722,004426,2,15,2
4723,004426,3,17,2
4724,004426,0,11,2
4725,004426,1,13,2
4726,004426,2,15,2
4727,004426,3,17,2
4728,004426,0,11,2
4729,004426,1,13,2
4730,004426,2,15,2
4731,004426,3,17,2
4732,004426,0,11,2
4733,004426,1,13,2
4734,004427,2,15,2
4735,004427,3,17,2
4736,004427,0,11,2
4737,004427,1,13,2
4738,004427,2,15,2
4739,004427,3,17,2
4740,004427,0,11,2
4741,004427,1,13,2
4742,004427,2,15,2
4743,004427,3,17,2
4744,004427,0,11,2
4745,004427,1,13,2
4746,004427,2,15,2
4747,004427,3,17,2
4748,004427,0,11,2
4749,004427,1,13,2
4750,004430,2,19,3
4751,004430,3,22,3
4752,004430,0,13,3
4753,004430,1,16,3
4754,004430,2,19,3
4755,004430,3,22,3
4756,004430,0,13,3
4757,004430,1,16,3
4758,004430,2,19,3
4759,004430,3,22,3
4760,004430,0,13,3
4761,004430,1,16,3
4762,004430,2,19,3
4763,004430,3,22,3
4764,004430,0,13,3
4765,004430,1,16,3
4766,004431,2,19,3
4767,004431,3,22,3
4768,004431,0,13,3
4769,004431,1,16,3
4770,004431,2,19,3
4771,004431,3,22,3
4772,004431,0,13,3
4773,004431,1,16,3
4774,004431,2,19,3
4775,004431,3,22,3
4776,004431,0,13,3
4777,004431,1,16,3
4778,004431,2,19,3
4779,004431,3,22,3
4780,004431,0,13,3
4781,004431,1,16,3
4782,004432,2,19,3
4783,004432,3,22,3
4784,004432,0,13,3
4785,004432,1,16,3
4786,004432,2,19,3
4787,004432,3,22,3
4788,004432,0,13,3
4789,004432,1,16,3
4790,004432,2,19,3
4791,004432,3,22,3
4792,004432,0,13,3
4793,004432,1,16,3
4794,004432,2,19,3
4795,004432,3,22,3
4796,004432,0,13,3
4797,004432,1,16,3
4798,004433,2,19,3
4799,004433,3,22,3
4800,004433,0,13,3
4801,004433,1,16,3
4802,004433,2,19,3
4803,004433,3,22,3
4804,004433,0,13,3
4805,004433,1,16,3
4806,004433,2,19,3
4807,004433,3,22,3
4808,004433,0,13,3
4809,004433,1,16,3
4810,004433,2,19,3
4811,004433,3,22,3
4812,004433,0,13,3
4813,004433,1,16,3
4814,004434,2,19,3
4815,004434,3,22,3
4816,004434,0,13,3
4817,004434,1,16,3
4818,004434,2,19,3
4819,004434,3,22,3
4820,004434,0,13,3
4821,004434,1,16,3
4822,004434,2,19,3
4823,004434,3,22,3
4824,004434,0,13,3
4825,004434,1,16,3
4826,004434,2,19,3
4827,004434,3,22,3
4828,004434,0,13,3
4829,004434,1,16,3
4830,004435,2,19,3
4831,004435,3,22,3
4832,004435,0,13,3
4833,004435,1,16,3
4834,004435,2,19,3
4835,004435,3,22,3
4836,004435,0,13,3
4837,004435,1,16,3
4838,004435,2,19,3
4839,004435,3,22,3
4840,004435,0,13,3
4841,004435,1,16,3
4842,004435,2,19,3
4843,004435,3,22,3
4844,004435,0,13,3
4845,004435,1,16,3
4846,004436,2,19,3
4847,004436,3,22,3
4848,004436,0,13,3
4849,004436,1,16,3
4850,004436,2,19,3
4851,004436,3,22,3
4852,004436,0,13,3
4853,004436,1,16,3
4854,004436,2,19,3
4855,004436,3,22,3
4856,004436,0,13,3
4857,004436,1,16,3
4858,004436,2,19,3
4859,004436,3,22,3
4860,004436,0,13,3
4861,004436,1,16,3
4862,004437,2,19,3
4863,004437,3,22,3
4864,004437,0,13,3
4865,004437,1,16,3
4866,004437,2,19,3
4867,004437,3,22,3
4868,004437,0,13,3
4869,004437,1,16,3
4870,004437,2,19,3
4871,004437,3,22,3
4872,004437,0,13,3
4873,004437,1,16,3
4874,004437,2,19,3
4875,004437,3,22,3
4876,004437,0,13,3
4877,004437,1,16,3
4878,004440,2,15,2
4879,004440,3,17,2
4880,004440,0,11,2
4881,004440,1,13,2
4882,004440,2,15,2
4883,004440,3,17,2
4884,004440,0,11,2
4885,004440,1,13,2
4886,004440,2,15,2
4887,004440,3,17,2
4888,004440,0,11,2
4889,004440,1,13,2
4890,004440,2,15,2
4891,004440,3,17,2
4892,004440,0,11,2
4893,004440,1,13,2
4894,004441,2,15,2
4895,004441,3,17,2
4896,004441,0,11,2
4897,004441,1,13,2
4898,004441,2,15,2
4899,004441,3,17,2
4900,004441,0,11,2
4901,004441,1,13,2
4902,004441,2,15,2
4903,004441,3,17,2
4904,004441,0,11,2
4905,004441,1,13,2
4906,004441,2,15,2
4907,004441,3,17,2
4908,004441,0,11,2
4909,004441,1,13,2
4910,004442,2,15,2
4911,004442,3,17,2
4912,004442,0,11,2
4913,004442,1,13,2
4914,004442,2,15,2
4915,004442,3,17,2
4916,004442,0,11,2
4917,004442,1,13,2
4918,004442,2,15,2
4919,004442,3,17,2
4920,004442,0,11,2
4921,004442,1,13,2
4922,004442,2,15,2
4923,004442,3,17,2
4924,004442,0,11,2
4925,004442,1,13,2
4926,004443,2,15,2
4927,004443,3,17,2
4928,004443,0,11,2
4929,004443,1,13,2
4930,004443,2,15,2
4931,004443,3,17,2
4932,004443,0,11,2
4933,004443,1,13,2
4934,004443,2,15,2
4935,004443,3,17,2
4936,004443,0,11,2
4937,004443,1,13,2
4938,004443,2,15,2
4939,004443,3,17,2
4940,004443,0,11,2
4941,004443,1,13,2
4942,004444,2,15,2
4943,004444,3,17,2
4944,004444,0,11,2
4945,004444,1,13,2
4946,004444,2,15,2
4947,004444,3,17,2
4948,004444,0,11,2
4949,004444,1,13,2
4950,004444,2,15,2
4951,004444,3,17,2
4952,004444,0,11,2
4953,004444,1,13,2
4954,004444,2,15,2
4955,004444,3,17,2
4956,004444,0,11,2
4957,004444,1,13,2
4958,004445,2,15,2
4959,004445,3,17,2
4960,004445,0,11,2
4961,004445,1,13,2
4962,004445,2,15,2
4963,004445,3,17,2
4964,004445,0,11,2
4965,004445,1,13,2
4966,004445,2,15,2
4967,004445,3,17,2
4968,004445,0,11,2
4969,004445,1,13,2
4970,004445,2,15,2
4971,004445,3,17,2
4972,004445,0,11,2
4973,004445,1,13,2
4974,004446,2,15,2
4975,004446,3,17,2
4976,004446,0,11,2
4977,004446,1,13,2
4978,004446,2,15,2
4979,004446,3,17,2
4980,004446,0,11,2
4981,004446,1,13,2
4982,004446,2,15,2
4983,004446,3,17,2
4984,004446,0,11,2
4985,004446,1,13,2
4986,004446,2,15,2
4987,004446,3,17,2
4988,004446,0,11,2
4989,004446,1,13,2
4990,004447,2,15,2
4991,004447,3,17,2
4992,004447,0,11,2
4993,004447,1,13,2
4994,004447,2,15,2
4995,004447,3,17,2
4996,004447,0,11,2
4997,004447,1,13,2
4998,004447,2,15,2
4999,004447,3,17,2
5000,004447,0,11,2
5001,004447,1,13,2
5002,004447,2,15,2
5003,004447,3,17,2
5004,004447,0,11,2
5005,004447,1,13,2
5006,004450,2,18,3
5007,004450,3,21,3
5008,004450,0,12,3
5009,004450,1,15,3
5010,004450,2,18,3
5011,004450,3,21,3
5012,004450,0,12,3
5013,004450,1,15,3
5014,004450,2,18,3
5015,004450,3,21,3
5016,004450,0,12,3
5017,004450,1,15,3
5018,004450,2,18,3
5019,004450,3,21,3
5020,004450,0,12,3
5021,004450,1,15,3
5022,004451,2,18,3
5023,004451,3,21,3
5024,004451,0,12,3
5025,004451,1,15,3
5026,004451,2,18,3
5027,004451,3,21,3
5028,004451,0,12,3
5029,004451,1,15,3
5030,004451,2,18,3
5031,004451,3,21,3
5032,004451,0,12,3
5033,004451,1,15,3
5034,004451,2,18,3
5035,004451,3,21,3
5036,004451,0,12,3
5037,004451,1,15,3
5038,004452,2,18,3
5039,004452,3,21,3
5040,004452,0,12,3
5041,004452,1,15,3
5042,004452,2,18,3
5043,004452,3,21,3
5044,004452,0,12,3
5045,004452,1,15,3
5046,004452,2,18,3
5047,004452,3,21,3
5048,004452,0,12,3
5049,004452,1,15,3
5050,004452,2,18,3
5051,004452,3,21,3
5052,004452,0,12,3
5053,004452,1,15,3
5054,004453,2,18,3
5055,004453,3,21,3
5056,004453,0,12,3
5057,004453,1,15,3
5058,004453,2,18,3
5059,004453,3,21,3
5060,004453,0,12,3
5061,004453,1,15,3
5062,004453,2,18,3
5063,004453,3,21,3
5064,004453,0,12,3
5065,004453,1,15,3
5066,004453,2,18,3
5067,004453,3,21,3
5068,004453,0,12,3
5069,004453,1,15,3
5070,004454,2,18,3
5071,004454,3,21,3
5072,004454,0,12,3
5073,004454,1,15,3
5074,004454,2,18,3
5075,004454,3,21,3
5076,004454,0,12,3
5077,004454,1,15,3
5078,004454,2,18,3
5079,004454,3,21,3
5080,004454,0,12,3
5081,004454,1,15,3
5082,004454,2,18,3
5083,004454,3,21,3
5084,004454,0,12,3
5085,004454,1,15,3
5086,004455,2,18,3
5087,004455,3,21,3
5088,004455,0,12,3
5089,004455,1,15,3
5090,004455,2,18,3
5091,004455,3,21,3
5092,004455,0,12,3
5093,004455,1,15,3
5094,004455,2,18,3
5095,004455,3,21,3
5096,004455,0,12,3
5097,004455,1,15,3
5098,004455,2,18,3
5099,004455,3,21,3
5100,004455,0,12,3
5101,004455,1,15,3
5102,004456,2,18,3
5103,004456,3,21,3
5104,004456,0,12,3
5105,004456,1,15,3
5106,004456,2,18,3
5107,004456,3,21,3
5108,004456,0,12,3
5109,004456,1,15,3
5110,004456,2,18,3
5111,004456,3,21,3
5112,004456,0,12,3
5113,004456,1,15,3
5114,004456,2,18,3
5115,004456,3,21,3
5116,004456,0,12,3
5117,004456,1,15,3
5118,004457,2,18,3
5119,004457,3,21,3
5120,004457,0,12,3
5121,004457,1,15,3
5122,004457,2,18,3
5123,004457,3,21,3
5124,004457,0,12,3
5125,004457,1,15,3
5126,004457,2,18,3
5127,004457,3,21,3
5128,004457,0,12,3
5129,004457,1,15,3
5130,004457,2,18,3
5131,004457,3,21,3
5132,004457,0,12,3
5133,004457,1,15,3
5134,004460,2,18,3
5135,004460,3,21,3
5136,004460,0,12,3
5137,004460,1,15,3
5138,004460,2,18,3
5139,004460,3,21,3
5140,004460,0,12,3
5141,004460,1,15,3
5142,004460,2,18,3
5143,004460,3,21,3
5144,004460,0,12,3
5145,004460,1,15,3
5146,004460,2,18,3
5147,004460,3,21,3
5148,004460,0,12,3
5149,004460,1,15,3
5150,004461,2,18,3
5151,004461,3,21,3
5152,004461,0,12,3
5153,004461,1,15,3
5154,004461,2,18,3
5155,004461,3,21,3
5156,004461,0,12,3
5157,004461,1,15,3
5158,004461,2,18,3
5159,004461,3,21,3
5160,004461,0,12,3
5161,004461,1,15,3
5162,004461,2,18,3
5163,004461,3,21,3
5164,004461,0,12,3
5165,004461,1,15,3
5166,004462,2,18,3
5167,004462,3,21,3
5168,004462,0,12,3
5169,004462,1,15,3
5170,004462,2,18,3
5171,004462,3,21,3
5172,004462,0,12,3
5173,004462,1,15,3
5174,004462,2,18,3
5175,004462,3,21,3
5176,004462,0,12,3
5177,004462,1,15,3
5178,004462,2,18,3
5179,004462,3,21,3
5180,004462,0,12,3
5181,004462,1,15,3
5182,004463,2,18,3
5183,004463,3,21,3
5184,004463,0,12,3
5185,004463,1,15,3
5186,004463,2,18,3
5187,004463,3,21,3
5188,004463,0,12,3
5189,004463,1,15,3
5190,004463,2,18,3
5191,004463,3,21,3
5192,004463,0,12,3
5193,004463,1,15,3
5194,004463,2,18,3
5195,004463,3,21,3
5196,004463,0,12,3
5197,004463,1,15,3
5198,004464,2,18,3
5199,004464,3,21,3
5200,004464,0,12,3
5201,004464,1,15,3
5202,004464,2,18,3
5203,004464,3,21,3
5204,004464,0,12,3
5205,004464,1,15,3
5206,004464,2,18,3
5207,004464,3,21,3
5208,004464,0,12,3
5209,004464,1,15,3
5210,004464,2,18,3
5211,004464,3,21,3
5212,004464,0,12,3
5213,004464,1,15,3
5214,004465,2,18,3
5215,004465,3,21,3
5216,004465,0,12,3
5217,004465,1,15,3
5218,004465,2,18,3
5219,004465,3,21,3
5220,004465,0,12,3
5221,004465,1,15,3
5222,004465,2,18,3
5223,004465,3,21,3
5224,004465,0,12,3
5225,004465,1,15,3
5226,004465,2,18,3
5227,004465,3,21,3
5228,004465,0,12,3
5229,004465,1,15,3
5230,004466,2,18,3
5231,004466,3,21,3
5232,004466,0,12,3
5233,004466,1,15,3
5234,004466,2,18,3
5235,004466,3,21,3
5236,004466,0,12,3
5237,004466,1,15,3
5238,004466,2,18,3
5239,004466,3,21,3
5240,004466,0,12,3
5241,004466,1,15,3
5242,004466,2,18,3
5243,004466,3,21,3
5244,004466,0,12,3
5245,004466,1,15,3
5246,004467,2,18,3
5247,004467,3,21,3
5248,004467,0,12,3
5249,004467,1,15,3
5250,004467,2,18,3
5251,004467,3,21,3
5252,004467,0,12,3
5253,004467,1,15,3
5254,004467,2,18,3
5255,004467,3,21,3
5256,004467,0,12,3
5257,004467,1,15,3
5258,004467,2,18,3
5259,004467,3,21,3
5260,004467,0,12,3
5261,004467,1,15,3
5262,004470,2,22,4
5263,004470,3,26,4
5264,004470,0,14,4
5265,004470,1,18,4
5266,004470,2,22,4
5267,004470,3,26,4
5268,004470,0,14,4
5269,004470,1,18,4
5270,004470,2,22,4
5271,004470,3,26,4
5272,004470,0,14,4
5273,004470,1,18,4
5274,004470,2,22,4
5275,004470,3,26,4
5276,004470,0,14,4
5277,004470,1,18,4
5278,004471,2,22,4
5279,004471,3,26,4
5280,004471,0,14,4
5281,004471,1,18,4
5282,004471,2,22,4
5283,004471,3,26,4
5284,004471,0,14,4
5285,004471,1,18,4
5286,004471,2,22,4
5287,004471,3,26,4
5288,004471,0,14,4
5289,004471,1,18,4
5290,004471,2,22,4
5291,004471,3,26,4
5292,004471,0,14,4
5293,004471,1,18,4
5294,004472,2,22,4
5295,004472,3,26,4
5296,004472,0,14,4
5297,004472,1,18,4
5298,004472,2,22,4
5299,004472,3,26,4
5300,004472,0,14,4
5301,004472,1,18,4
5302,004472,2,22,4
5303,004472,3,26,4
5304,004472,0,14,4
5305,004472,1,18,4
5306,004472,2,22,4
5307,004472,3,26,4
5308,004472,0,14,4
5309,004472,1,18,4
5310,004473,2,22,4
5311,004473,3,26,4
5312,004473,0,14,4
5313,004473,1,18,4
5314,004473,2,22,4
5315,004473,3,26,4
5316,004473,0,14,4
5317,004473,1,18,4
5318,004473,2,22,4
5319,004473,3,26,4
5320,004473,0,14,4
5321,004473,1,18,4
5322,004473,2,22,4
5323,004473,3,26,4
5324,004473,0,14,4
5325,004473,1,18,4
5326,004474,2,22,4
5327,004474,3,26,4
5328,004474,0,14,4
5329,004474,1,18,4
5330,004474,2,22,4
5331,004474,3,26,4
5332,004474,0,14,4
5333,004474,1,18,4
5334,004474,2,22,4
5335,004474,3,26,4
5336,004474,0,14,4
5337,004474,1,18,4
5338,004474,2,22,4
5339,004474,3,26,4
5340,004474,0,14,4
5341,004474,1,18,4
5342,004475,2,22,4
5343,004475,3,26,4
5344,004475,0,14,4
5345,004475,1,18,4
5346,004475,2,22,4
5347,004475,3,26,4
5348,004475,0,14,4
5349,004475,1,18,4
5350,004475,2,22,4
5351,004475,3,26,4
5352,004475,0,14,4
5353,004475,1,18,4
5354,004475,2,22,4
5355,004475,3,26,4
5356,004475,0,14,4
5357,004475,1,18,4
5358,004476,2,22,4
5359,004476,3,26,4
5360,004476,0,14,4
5361,004476,1,18,4
5362,004476,2,22,4
5363,004476,3,26,4
5364,004476,0,14,4
5365,004476,1,18,4
5366,004476,2,22,4
5367,004476,3,26,4
5368,004476,0,14,4
5369,004476,1,18,4
5370,004476,2,22,4
5371,004476,3,26,4
5372,004476,0,14,4
5373,004476,1,18,4
5374,004477,2,22,4
5375,004477,3,26,4
5376,004477,0,14,4
5377,004477,1,18,4
5378,004477,2,22,4
5379,004477,3,26,4
5380,004477,0,14,4
5381,004477,1,18,4
5382,004477,2,22,4
5383,004477,3,26,4
5384,004477,0,14,4
5385,004477,1,18,4
5386,004477,2,22,4
5387,004477,3,26,4
5388,004477,0,14,4
5389,004477,1,18,4
5390,004510,2,14,2
5391,004510,3,16,2
5392,004510,0,10,2
5393,004510,1,12,2
5394,004510,2,14,2
5395,004510,3,16,2
5396,004510,0,10,2
5397,004510,1,12,2
5398,004510,2,14,2
5399,004510,3,16,2
5400,004510,0,10,2
5401,004510,1,12,2
5402,004510,2,14,2
5403,004510,3,16,2
5404,004510,0,10,2
5405,004510,1,12,2
5406,004511,2,14,2
5407,004511,3,16,2
5408,004511,0,10,2
5409,004511,1,12,2
5410,004511,2,14,2
5411,004511,3,16,2
5412,004511,0,10,2
5413,004511,1,12,2
5414,004511,2,14,2
5415,004511,3,16,2
5416,004511,0,10,2
5417,004511,1,12,2
5418,004511,2,14,2
5419,004511,3,16,2
5420,004511,0,10,2
5421,004511,1,12,2
5422,004512,2,14,2
5423,004512,3,16,2
5424,004512,0,10,2
5425,004512,1,12,2
5426,004512,2,14,2
5427,004512,3,16,2
5428,004512,0,10,2
5429,004512,1,12,2
5430,004512,2,14,2
5431,004512,3,16,2
5432,004512,0,10,2
5433,004512,1,12,2
5434,004512,2,14,2
5435,004512,3,16,2
5436,004512,0,10,2
5437,004512,1,12,2
5438,004513,2,14,2
5439,004513,3,16,2
5440,004513,0,10,2
5441,004513,1,12,2
5442,004513,2,14,2
5443,004513,3,16,2
5444,004513,0,10,2
5445,004513,1,12,2
5446,004513,2,14,2
5447,004513,3,16,2
5448,004513,0,10,2
5449,004513,1,12,2
5450,004513,2,14,2
5451,004513,3,16,2
5452,004513,0,10,2
5453,004513,1,12,2
5454,004514,2,14,2
5455,004514,3,16,2
5456,004514,0,10,2
5457,004514,1,12,2
5458,004514,2,14,2
5459,004514,3,16,2
5460,004514,0,10,2
5461,004514,1,12,2
5462,004514,2,14,2
5463,004514,3,16,2
5464,004514,0,10,2
5465,004514,1,12,2
5466,004514,2,14,2
5467,004514,3,16,2
5468,004514,0,10,2
5469,004514,1,12,2
5470,004515,2,14,2
5471,004515,3,16,2
5472,004515,0,10,2
5473,004515,1,12,2
5474,004515,2,14,2
5475,004515,3,16,2
5476,004515,0,10,2
5477,004515,1,12,2
5478,004515,2,14,2
5479,004515,3,16,2
5480,004515,0,10,2
5481,004515,1,12,2
5482,004515,2,14,2
5483,004515,3,16,2
5484,004515,0,10,2
5485,004515,1,12,2
5486,004516,2,14,2
5487,004516,3,16,2
5488,004516,0,10,2
5489,004516,1,12,2
5490,004516,2,14,2
5491,004516,3,16,2
5492,004516,0,10,2
5493,004516,1,12,2
5494,004516,2,14,2
5495,004516,3,16,2
5496,004516,0,10,2
5497,004516,1,12,2
5498,004516,2,14,2
5499,004516,3,16,2
5500,004516,0,10,2
5501,004516,1,12,2
5502,004517,2,14,2
5503,004517,3,16,2
5504,004517,0,10,2
5505,004517,1,12,2
5506,004517,2,14,2
5507,004517,3,16,2
5508,004517,0,10,2
5509,004517,1,12,2
5510,004517,2,14,2
5511,004517,3,16,2
5512,004517,0,10,2
5513,004517,1,12,2
5514,004517,2,14,2
5515,004517,3,16,2
5516,004517,0,10,2
5517,004517,1,12,2
5518,004520,2,15,2
5519,004520,3,17,2
5520,004520,0,11,2
5521,004520,1,13,2
5522,004520,2,15,2
5523,004520,3,17,2
5524,004520,0,11,2
5525,004520,1,13,2
5526,004520,2,15,2
5527,004520,3,17,2
5528,004520,0,11,2
5529,004520,1,13,2
5530,004520,2,15,2
5531,004520,3,17,2
5532,004520,0,11,2
5533,004520,1,13,2
5534,004521,2,15,2
5535,004521,3,17,2
5536,004521,0,11,2
5537,004521,1,13,2
5538,004521,2,15,2
5539,004521,3,17,2
5540,004521,0,11,2
5541,004521,1,13,2
5542,004521,2,15,2
5543,004521,3,17,2
5544,004521,0,11,2
5545,004521,1,13,2
5546,004521,2,15,2
5547,004521,3,17,2
5548,004521,0,11,2
5549,004521,1,13,2
5550,004522,2,15,2
5551,004522,3,17,2
5552,004522,0,11,2
5553,004522,1,13,2
5554,004522,2,15,2
5555,004522,3,17,2
5556,004522,0,11,2
5557,004522,1,13,2
5558,004522,2,15,2
5559,004522,3,17,2
5560,004522,0,11,2
5561,004522,1,13,2
5562,004522,2,15,2
5563,004522,3,17,2
5564,004522,0,11,2
5565,004522,1,13,2
5566,004523,2,15,2
5567,004523,3,17,2
5568,004523,0,11,2
5569,004523,1,13,2
5570,004523,2,15,2
5571,004523,3,17,2
5572,004523,0,11,2
5573,004523,1,13,2
5574,004523,2,15,2
5575,004523,3,17,2
5576,004523,0,11,2
5577,004523,1,13,2
5578,004523,2,15,2
5579,004523,3,17,2
5580,004523,0,11,2
5581,004523,1,13,2
5582,004524,2,15,2
5583,004524,3,17,2
5584,004524,0,11,2
5585,004524,1,13,2
5586,004524,2,15,2
5587,004524,3,17,2
5588,004524,0,11,2
5589,004524,1,13,2
5590,004524,2,15,2
5591,004524,3,17,2
5592,004524,0,11,2
5593,004524,1,13,2
5594,004524,2,15,2
5595,004524,3,17,2
5596,004524,0,11,2
5597,004524,1,13,2
5598,004525,2,15,2
5599,004525,3,17,2
5600,004525,0,11,2
5601,004525,1,13,2
5602,004525,2,15,2
5603,004525,3,17,2
5604,004525,0,11,2
5605,004525,1,13,2
5606,004525,2,15,2
5607,004525,3,17,2
5608,004525,0,11,2
5609,004525,1,13,2
5610,004525,2,15,2
5611,004525,3,17,2
5612,004525,0,11,2
5613,004525,1,13,2
5614,004526,2,15,2
5615,004526,3,17,2
5616,004526,0,11,2
5617,004526,1,13,2
5618,004526,2,15,2
5619,004526,3,17,2
5620,004526,0,11,2
5621,004526,1,13,2
5622,004526,2,15,2
5623,004526,3,17,2
5624,004526,0,11,2
5625,004526,1,13,2
5626,004526,2,15,2
5627,004526,3,17,2
5628,004526,0,11,2
5629,004526,1,13,2
5630,004527,2,15,2
5631,004527,3,17,2
5632,004527,0,11,2
5633,004527,1,13,2
5634,004527,2,15,2
5635,004527,3,17,2
5636,004527,0,11,2
5637,004527,1,13,2
5638,004527,2,15,2
5639,004527,3,17,2
5640,004527,0,11,2
5641,004527,1,13,2
5642,004527,2,15,2
5643,004527,3,17,2
5644,004527,0,11,2
5645,004527,1,13,2
5646,004530,2,19,3
5647,004530,3,22,3
5648,004530,0,13,3
5649,004530,1,16,3
5650,004530,2,19,3
5651,004530,3,22,3
5652,004530,0,13,3
5653,004530,1,16,3
5654,004530,2,19,3
5655,004530,3,22,3
5656,004530,0,13,3
5657,004530,1,16,3
5658,004530,2,19,3
5659,004530,3,22,3
5660,004530,0,13,3
5661,004530,1,16,3
5662,004531,2,19,3
5663,004531,3,22,3
5664,004531,0,13,3
5665,004531,1,16,3
5666,004531,2,19,3
5667,004531,3,22,3
5668,004531,0,13,3
5669,004531,1,16,3
5670,004531,2,19,3
5671,004531,3,22,3
5672,004531,0,13,3
5673,004531,1,16,3
5674,004531,2,19,3
5675,004531,3,22,3
5676,004531,0,13,3
5677,004531,1,16,3
5678,004532,2,19,3
5679,004532,3,22,3
5680,004532,0,13,3
5681,004532,1,16,3
5682,004532,2,19,3
5683,004532,3,22,3
5684,004532,0,13,3
5685,004532,1,16,3
5686,004532,2,19,3
5687,004532,3,22,3
5688,004532,0,13,3
5689,004532,1,16,3
5690,004532,2,19,3
5691,004532,3,22,3
5692,004532,0,13,3
5693,004532,1,16,3
5694,004533,2,19,3
5695,004533,3,22,3
5696,004533,0,13,3
5697,004533,1,16,3
5698,004533,2,19,3
5699,004533,3,22,3
5700,004533,0,13,3
5701,004533,1,16,3
5702,004533,2,19,3
5703,004533,3,22,3
5704,004533,0,13,3
5705,004533,1,16,3
5706,004533,2,19,3
5707,004533,3,22,3
5708,004533,0,13,3
5709,004533,1,16,3
5710,004534,2,19,3
5711,004534,3,22,3
5712,004534,0,13,3
5713,004534,1,16,3
5714,004534,2,19,3
5715,004534,3,22,3
5716,004534,0,13,3
5717,004534,1,16,3
5718,004534,2,19,3
5719,004534,3,22,3
5720,004534,0,13,3
5721,004534,1,16,3
5722,004534,2,19,3
5723,004534,3,22,3
5724,004534,0,13,3
5725,004534,1,16,3
5726,004535,2,19,3
5727,004535,3,22,3
5728,004535,0,13,3
5729,004535,1,16,3
5730,004535,2,19,3
5731,004535,3,22,3
5732,004535,0,13,3
5733,004535,1,16,3
5734,004535,2,19,3
5735,004535,3,22,3
5736,004535,0,13,3
5737,004535,1,16,3
5738,004535,2,19,3
5739,004535,3,22,3
5740,004535,0,13,3
5741,004535,1,16,3
5742,004536,2,19,3
5743,004536,3,22,3
5744,004536,0,13,3
5745,004536,1,16,3
5746,004536,2,19,3
5747,004536,3,22,3
5748,004536,0,13,3
5749,004536,1,16,3
5750,004536,2,19,3
5751,004536,3,22,3
5752,004536,0,13,3
5753,004536,1,16,3
5754,004536,2,19,3
5755,004536,3,22,3
5756,004536,0,13,3
5757,004536,1,16,3
5758,004537,2,19,3
5759,004537,3,22,3
5760,004537,0,13,3
5761,004537,1,16,3
5762,004537,2,19,3
5763,004537,3,22,3
5764,004537,0,13,3
5765,004537,1,16,3
5766,004537,2,19,3
5767,004537,3,22,3
5768,004537,0,13,3
5769,004537,1,16,3
5770,004537,2,19,3
5771,004537,3,22,3
5772,004537,0,13,3
5773,004537,1,16,3
5774,004540,2,15,2
5775,004540,3,17,2
5776,004540,0,11,2
5777,004540,1,13,2
5778,004540,2,15,2
5779,004540,3,17,2
5780,004540,0,11,2
5781,004540,1,13,2
5782,004540,2,15,2
5783,004540,3,17,2
5784,004540,0,11,2
5785,004540,1,13,2
5786,004540,2,15,2
5787,004540,3,17,2
5788,004540,0,11,2
5789,004540,1,13,2
5790,004541,2,15,2
5791,004541,3,17,2
5792,004541,0,11,2
5793,004541,1,13,2
5794,004541,2,15,2
5795,004541,3,17,2
5796,004541,0,11,2
5797,004541,1,13,2
5798,004541,2,15,2
5799,004541,3,17,2
5800,004541,0,11,2
5801,004541,1,13,2
5802,004541,2,15,2
5803,004541,3,17,2
5804,004541,0,11,2
5805,004541,1,13,2
5806,004542,2,15,2
5807,004542,3,17,2
5808,004542,0,11,2
5809,004542,1,13,2
5810,004542,2,15,2
5811,004542,3,17,2
5812,004542,0,11,2
5813,004542,1,13,2
5814,004542,2,15,2
5815,004542,3,17,2
5816,004542,0,11,2
5817,004542,1,13,2
5818,004542,2,15,2
5819,004542,3,17,2
5820,004542,0,11,2
5821,004542,1,13,2
5822,004543,2,15,2
5823,004543,3,17,2
5824,004543,0,11,2
5825,004543,1,13,2
5826,004543,2,15,2
5827,004543,3,17,2
5828,004543,0,11,2
5829,004543,1,13,2
5830,004543,2,15,2
5831,004543,3,17,2
5832,004543,0,11,2
5833,004543,1,13,2
5834,004543,2,15,2
5835,004543,3,17,2
5836,004543,0,11,2
5837,004543,1,13,2
5838,004544,2,15,2
5839,004544,3,17,2
5840,004544,0,11,2
5841,004544,1,13,2
5842,004544,2,15,2
5843,004544,3,17,2
5844,004544,0,11,2
5845,004544,1,13,2
5846,004544,2,15,2
5847,004544,3,17,2
5848,004544,0,11,2
5849,004544,1,13,2
5850,004544,2,15,2
5851,004544,3,17,2
5852,004544,0,11,2
5853,004544,1,13,2
5854,004545,2,15,2
5855,004545,3,17,2
5856,004545,0,11,2
5857,004545,1,13,2
5858,004545,2,15,2
5859,004545,3,17,2
5860,004545,0,11,2
5861,004545,1,13,2
5862,004545,2,15,2
5863,004545,3,17,2
5864,004545,0,11,2
5865,004545,1,13,2
5866,004545,2,15,2
5867,004545,3,17,2
5868,004545,0,11,2
5869,004545,1,13,2
5870,004546,2,15,2
5871,004546,3,17,2
5872,004546,0,11,2
5873,004546,1,13,2
5874,004546,2,15,2
5875,004546,3,17,2
5876,004546,0,11,2
5877,004546,1,13,2
5878,004546,2,15,2
5879,004546,3,17,2
5880,004546,0,11,2
5881,004546,1,13,2
5882,004546,2,15,2
5883,004546,3,17,2
5884,004546,0,11,2
5885,004546,1,13,2
5886,004547,2,15,2
5887,004547,3,17,2
5888,004547,0,11,2
5889,004547,1,13,2
5890,004547,2,15,2
5891,004547,3,17,2
5892,004547,0,11,2
5893,004547,1,13,2
5894,004547,2,15,2
5895,004547,3,17,2
5896,004547,0,11,2
5897,004547,1,13,2
5898,004547,2,15,2
5899,004547,3,17,2
5900,004547,0,11,2
5901,004547,1,13,2
5902,004550,2,18,3
5903,004550,3,21,3
5904,004550,0,12,3
5905,004550,1,15,3
5906,004550,2,18,3
5907,004550,3,21,3
5908,004550,0,12,3
5909,004550,1,15,3
5910,004550,2,18,3
5911,004550,3,21,3
5912,004550,0,12,3
5913,004550,1,15,3
5914,004550,2,18,3
5915,004550,3,21,3
5916,004550,0,12,3
5917,004550,1,15,3
5918,004551,2,18,3
5919,004551,3,21,3
5920,004551,0,12,3
5921,004551,1,15,3
5922,004551,2,18,3
5923,004551,3,21,3
5924,004551,0,12,3
5925,004551,1,15,3
5926,004551,2,18,3
5927,004551,3,21,3
5928,004551,0,12,3
5929,004551,1,15,3
5930,004551,2,18,3
5931,004551,3,21,3
5932,004551,0,12,3
5933,004551,1,15,3
5934,004552,2,18,3
5935,004552,3,21,3
5936,004552,0,12,3
5937,004552,1,15,3
5938,004552,2,18,3
5939,004552,3,21,3
5940,004552,0,12,3
5941,004552,1,15,3
5942,004552,2,18,3
5943,004552,3,21,3
5944,004552,0,12,3
5945,004552,1,15,3
5946,004552,2,18,3
5947,004552,3,21,3
5948,004552,0,12,3
5949,004552,1,15,3
5950,004553,2,18,3
5951,004553,3,21,3
5952,004553,0,12,3
5953,004553,1,15,3
5954,004553,2,18,3
5955,004553,3,21,3
5956,004553,0,12,3
5957,004553,1,15,3
5958,004553,2,18,3
5959,004553,3,21,3
5960,004553,0,12,3
5961,004553,1,15,3
5962,004553,2,18,3
5963,004553,3,21,3
5964,004553,0,12,3
5965,004553,1,15,3
5966,004554,2,18,3
5967,004554,3,21,3
5968,004554,0,12,3
5969,004554,1,15,3
5970,004554,2,18,3
5971,004554,3,21,3
5972,004554,0,12,3
5973,004554,1,15,3
5974,004554,2,18,3
5975,004554,3,21,3
5976,004554,0,12,3
5977,004554,1,15,3
5978,004554,2,18,3
5979,004554,3,21,3
5980,004554,0,12,3
5981,004554,1,15,3
5982,004555,2,18,3
5983,004555,3,21,3
5984,004555,0,12,3
5985,004555,1,15,3
5986,004555,2,18,3
5987,004555,3,21,3
5988,004555,0,12,3
5989,004555,1,15,3
5990,004555,2,18,3
5991,004555,3,21,3
5992,004555,0,12,3
5993,004555,1,15,3
5994,004555,2,18,3
5995,004555,3,21,3
5996,004555,0,12,3
5997,004555,1,15,3
5998,004556,2,18,3
5999,004556,3,21,3
6000,004556,0,12,3
6001,004556,1,15,3
6002,004556,2,18,3
6003,004556,3,21,3
6004,004556,0,12,3
6005,004556,1,15,3
6006,004556,2,18,3
6007,004556,3,21,3
6008,004556,0,12,3
6009,004556,1,15,3
6010,004556,2,18,3
6011,004556,3,21,3
6012,004556,0,12,3
6013,004556,1,15,3
6014,004557,2,18,3
6015,004557,3,21,3
6016,004557,0,12,3
6017,004557,1,15,3
6018,004557,2,18,3
6019,004557,3,21,3
6020,004557,0,12,3
6021,004557,1,15,3
6022,004557,2,18,3
6023,004557,3,21,3
6024,004557,0,12,3
6025,004557,1,15,3
6026,004557,2,18,3
6027,004557,3,21,3
6028,004557,0,12,3
6029,004557,1,15,3
6030,004560,2,18,3
6031,004560,3,21,3
6032,004560,0,12,3
6033,004560,1,15,3
6034,004560,2,18,3
6035,004560,3,21,3
6036,004560,0,12,3
6037,004560,1,15,3
6038,004560,2,18,3
6039,004560,3,21,3
6040,004560,0,12,3
6041,004560,1,15,3
6042,004560,2,18,3
6043,004560,3,21,3
6044,004560,0,12,3
6045,004560,1,15,3
6046,004561,2,18,3
6047,004561,3,21,3
6048,004561,0,12,3
6049,004561,1,15,3
6050,004561,2,18,3
6051,004561,3,21,3
6052,004561,0,12,3
6053,004561,1,15,3
6054,004561,2,18,3
6055,004561,3,21,3
6056,004561,0,12,3
6057,004561,1,15,3
6058,004561,2,18,3
6059,004561,3,21,3
6060,004561,0,12,3
6061,004561,1,15,3
6062,004562,2,18,3
6063,004562,3,21,3
6064,004562,0,12,3
6065,004562,1,15,3
6066,004562,2,18,3
6067,004562,3,21,3
6068,004562,0,12,3
6069,004562,1,15,3
6070,004562,2,18,3
6071,004562,3,21,3
6072,004562,0,12,3
6073,004562,1,15,3
6074,004562,2,18,3
6075,004562,3,21,3
6076,004562,0,12,3
6077,004562,1,15,3
6078,004563,2,18,3
6079,004563,3,21,3
6080,004563,0,12,3
6081,004563,1,15,3
6082,004563,2,18,3
6083,004563,3,21,3
6084,004563,0,12,3
6085,004563,1,15,3
6086,004563,2,18,3
6087,004563,3,21,3
6088,004563,0,12,3
6089,004563,1,15,3
6090,004563,2,18,3
6091,004563,3,21,3
6092,004563,0,12,3
6093,004563,1,15,3
6094,004564,2,18,3
6095,004564,3,21,3
6096,004564,0,12,3
6097,004564,1,15,3
6098,004564,2,18,3
6099,004564,3,21,3
6100,004564,0,12,3
6101,004564,1,15,3
6102,004564,2,18,3
6103,004564,3,21,3
6104,004564,0,12,3
6105,004564,1,15,3
6106,004564,2,18,3
6107,004564,3,21,3
6108,004564,0,12,3
6109,004564,1,15,3
6110,004565,2,18,3
6111,004565,3,21,3
6112,004565,0,12,3
6113,004565,1,15,3
6114,004565,2,18,3
6115,004565,3,21,3
6116,004565,0,12,3
6117,004565,1,15,3
6118,004565,2,18,3
6119,004565,3,21,3
6120,004565,0,12,3
6121,004565,1,15,3
6122,004565,2,18,3
6123,004565,3,21,3
6124,004565,0,12,3
6125,004565,1,15,3
6126,004566,2,18,3
6127,004566,3,21,3
6128,004566,0,12,3
6129,004566,1,15,3
6130,004566,2,18,3
6131,004566,3,21,3
6132,004566,0,12,3
6133,004566,1,15,3
6134,004566,2,18,3
6135,004566,3,21,3
6136,004566,0,12,3
6137,004566,1,15,3
6138,004566,2,18,3
6139,004566,3,21,3
6140,004566,0,12,3
6141,004566,1,15,3
6142,004567,2,18,3
6143,004567,3,21,3
6144,004567,0,12,3
6145,004567,1,15,3
6146,004567,2,18,3
6147,004567,3,21,3
6148,004567,0,12,3
6149,004567,1,15,3
6150,004567,2,18,3
6151,004567,3,21,3
6152,004567,0,12,3
6153,004567,1,15,3
6154,004567,2,18,3
6155,004567,3,21,3
6156,004567,0,12,3
6157,004567,1,15,3
6158,004570,2,22,4
6159,004570,3,26,4
6160,004570,0,14,4
6161,004570,1,18,4
6162,004570,2,22,4
6163,004570,3,26,4
6164,004570,0,14,4
6165,004570,1,18,4
6166,004570,2,22,4
6167,004570,3,26,4
6168,004570,0,14,4
6169,004570,1,18,4
6170,004570,2,22,4
6171,004570,3,26,4
6172,004570,0,14,4
6173,004570,1,18,4
6174,004571,2,22,4
6175,004571,3,26,4
6176,004571,0,14,4
6177,004571,1,18,4
6178,004571,2,22,4
6179,004571,3,26,4
6180,004571,0,14,4
6181,004571,1,18,4
6182,004571,2,22,4
6183,004571,3,26,4
6184,004571,0,14,4
6185,004571,1,18,4
6186,004571,2,22,4
6187,004571,3,26,4
6188,004571,0,14,4
6189,004571,1,18,4
6190,004572,2,22,4
6191,004572,3,26,4
6192,004572,0,14,4
6193,004572,1,18,4
6194,004572,2,22,4
6195,004572,3,26,4
6196,004572,0,14,4
6197,004572,1,18,4
6198,004572,2,22,4
6199,004572,3,26,4
6200,004572,0,14,4
6201,004572,1,18,4
6202,004572,2,22,4
6203,004572,3,26,4
6204,004572,0,14,4
6205,004572,1,18,4
6206,004573,2,22,4
6207,004573,3,26,4
6208,004573,0,14,4
6209,004573,1,18,4
6210,004573,2,22,4
6211,004573,3,26,4
6212,004573,0,14,4
6213,004573,1,18,4
6214,004573,2,22,4
6215,004573,3,26,4
6216,004573,0,14,4
6217,004573,1,18,4
6218,004573,2,22,4
6219,004573,3,26,4
6220,004573,0,14,4
6221,004573,1,18,4
6222,004574,2,22,4
6223,004574,3,26,4
6224,004574,0,14,4
6225,004574,1,18,4
6226,004574,2,22,4
6227,004574,3,26,4
6228,004574,0,14,4
6229,004574,1,18,4
6230,004574,2,22,4
6231,004574,3,26,4
6232,004574,0,14,4
6233,004574,1,18,4
6234,004574,2,22,4
6235,004574,3,26,4
6236,004574,0,14,4
6237,004574,1,18,4
6238,004575,2,22,4
6239,004575,3,26,4
6240,004575,0,14,4
6241,004575,1,18,4
6242,004575,2,22,4
6243,004575,3,26,4
6244,004575,0,14,4
6245,004575,1,18,4
6246,004575,2,22,4
6247,004575,3,26,4
6248,004575,0,14,4
6249,004575,1,18,4
6250,004575,2,22,4
6251,004575,3,26,4
6252,004575,0,14,4
6253,004575,1,18,4
6254,004576,2,22,4
6255,004576,3,26,4
6256,004576,0,14,4
6257,004576,1,18,4
6258,004576,2,22,4
6259,004576,3,26,4
6260,004576,0,14,4
6261,004576,1,18,4
6262,004576,2,22,4
6263,004576,3,26,4
6264,004576,0,14,4
6265,004576,1,18,4
6266,004576,2,22,4
6267,004576,3,26,4
6268,004576,0,14,4
6269,004576,1,18,4
6270,004577,2,22,4
6271,004577,3,26,4
6272,004577,0,14,4
6273,004577,1,18,4
6274,004577,2,22,4
6275,004577,3,26,4
6276,004577,0,14,4
6277,004577,1,18,4
6278,004577,2,22,4
6279,004577,3,26,4
6280,004577,0,14,4
6281,004577,1,18,4
6282,004577,2,22,4
6283,004577,3,26,4
6284,004577,0,14,4
6285,004577,1,18,4
6286,004610,2,14,2
6287,004610,3,16,2
6288,004610,0,10,2
6289,004610,1,12,2
6290,004610,2,14,2
6291,004610,3,16,2
6292,004610,0,10,2
6293,004610,1,12,2
6294,004610,2,14,2
6295,004610,3,16,2
6296,004610,0,10,2
6297,004610,1,12,2
6298,004610,2,14,2
6299,004610,3,16,2
6300,004610,0,10,2
6301,004610,1,12,2
6302,004611,2,14,2
6303,004611,3,16,2
6304,004611,0,10,2
6305,004611,1,12,2
6306,004611,2,14,2
6307,004611,3,16,2
6308,004611,0,10,2
6309,004611,1,12,2
6310,004611,2,14,2
6311,004611,3,16,2
6312,004611,0,10,2
6313,004611,1,12,2
6314,004611,2,14,2
6315,004611,3,16,2
6316,004611,0,10,2
6317,004611,1,12,2
6318,004612,2,14,2
6319,004612,3,16,2
6320,004612,0,10,2
6321,004612,1,12,2
6322,004612,2,14,2
6323,004612,3,16,2
6324,004612,0,10,2
6325,004612,1,12,2
6326,004612,2,14,2
6327,004612,3,16,2
6328,004612,0,10,2
6329,004612,1,12,2
6330,004612,2,14,2
6331,004612,3,16,2
6332,004612,0,10,2
6333,004612,1,12,2
6334,004613,2,14,2
6335,004613,3,16,2
6336,004613,0,10,2
6337,004613,1,12,2
6338,004613,2,14,2
6339,004613,3,16,2
6340,004613,0,10,2
6341,004613,1,12,2
6342,004613,2,14,2
6343,004613,3,16,2
6344,004613,0,10,2
6345,004613,1,12,2
6346,004613,2,14,2
6347,004613,3,16,2
6348,004613,0,10,2
6349,004613,1,12,2
6350,004614,2,14,2
6351,004614,3,16,2
6352,004614,0,10,2
6353,004614,1,12,2
6354,004614,2,14,2
6355,004614,3,16,2
6356,004614,0,10,2
6357,004614,1,12,2
6358,004614,2,14,2
6359,004614,3,16,2
6360,004614,0,10,2
6361,004614,1,12,2
6362,004614,2,14,2
6363,004614,3,16,2
6364,004614,0,10,2
6365,004614,1,12,2
6366,004615,2,14,2
6367,004615,3,16,2
6368,004615,0,10,2
6369,004615,1,12,2
6370,004615,2,14,2
6371,004615,3,16,2
6372,004615,0,10,2
6373,004615,1,12,2
6374,004615,2,14,2
6375,004615,3,16,2
6376,004615,0,10,2
6377,004615,1,12,2
6378,004615,2,14,2
6379,004615,3,16,2
6380,004615,0,10,2
6381,004615,1,12,2
6382,004616,2,14,2
6383,004616,3,16,2
6384,004616,0,10,2
6385,004616,1,12,2
6386,004616,2,14,2
6387,004616,3,16,2
6388,004616,0,10,2
6389,004616,1,12,2
6390,004616,2,14,2
6391,004616,3,16,2
6392,004616,0,10,2
6393,004616,1,12,2
6394,004616,2,14,2
6395,004616,3,16,2
6396,004616,0,10,2
6397,004616,1,12,2
6398,004617,2,14,2
6399,004617,3,16,2
6400,004617,0,10,2
6401,004617,1,12,2
6402,004617,2,14,2
6403,004617,3,16,2
6404,004617,0,10,2
6405,004617,1,12,2
6406,004617,2,14,2
6407,004617,3,16,2
6408,004617,0,10,2
6409,004617,1,12,2
6410,004617,2,14,2
6411,004617,3,16,2
6412,004617,0,10,2
6413,004617,1,12,2
6414,004620,2,15,2
6415,004620,3,17,2
6416,004620,0,11,2
6417,004620,1,13,2
6418,004620,2,15,2
6419,004620,3,17,2
6420,004620,0,11,2
6421,004620,1,13,2
6422,004620,2,15,2
6423,004620,3,17,2
6424,004620,0,11,2
6425,004620,1,13,2
6426,004620,2,15,2
6427,004620,3,17,2
6428,004620,0,11,2
6429,004620,1,13,2
6430,004621,2,15,2
6431,004621,3,17,2
6432,004621,0,11,2
6433,004621,1,13,2
6434,004621,2,15,2
6435,004621,3,17,2
6436,004621,0,11,2
6437,004621,1,13,2
6438,004621,2,15,2
6439,004621,3,17,2
6440,004621,0,11,2
6441,004621,1,13,2
6442,004621,2,15,2
6443,004621,3,17,2
6444,004621,0,11,2
6445,004621,1,13,2
6446,004622,2,15,2
6447,004622,3,17,2
6448,004622,0,11,2
6449,004622,1,13,2
6450,004622,2,15,2
6451,004622,3,17,2
6452,004622,0,11,2
6453,004622,1,13,2
6454,004622,2,15,2
6455,004622,3,17,2
6456,004622,0,11,2
6457,004622,1,13,2
6458,004622,2,15,2
6459,004622,3,17,2
6460,004622,0,11,2
6461,004622,1,13,2
6462,004623,2,15,2
6463,004623,3,17,2
6464,004623,0,11,2
6465,004623,1,13,2
6466,004623,2,15,2
6467,004623,3,17,2
6468,004623,0,11,2
6469,004623,1,13,2
6470,004623,2,15,2
6471,004623,3,17,2
6472,004623,0,11,2
6473,004623,1,13,2
6474,004623,2,15,2
6475,004623,3,17,2
6476,004623,0,11,2
6477,004623,1,13,2
6478,004624,2,15,2
6479,004624,3,17,2
6480,004624,0,11,2
6481,004624,1,13,2
6482,004624,2,15,2
6483,004624,3,17,2
6484,004624,0,11,2
6485,004624,1,13,2
6486,004624,2,15,2
6487,004624,3,17,2
6488,004624,0,11,2
6489,004624,1,13,2
6490,004624,2,15,2
6491,004624,3,17,2
6492,004624,0,11,2
6493,004624,1,13,2
6494,004625,2,15,2
6495,004625,3,17,2
6496,004625,0,11,2
6497,004625,1,13,2
6498,004625,2,15,2
6499,004625,3,17,2
6500,004625,0,11,2
6501,004625,1,13,2
6502,004625,2,15,2
6503,004625,3,17,2
6504,004625,0,11,2
6505,004625,1,13,2
6506,004625,2,15,2
6507,004625,3,17,2
6508,004625,0,11,2
6509,004625,1,13,2
6510,004626,2,15,2
6511,004626,3,17,2
6512,004626,0,11,2
6513,004626,1,13,2
6514,004626,2,15,2
6515,004626,3,17,2
6516,004626,0,11,2
6517,004626,1,13,2
6518,004626,2,15,2
6519,004626,3,17,2
6520,004626,0,11,2
6521,004626,1,13,2
6522,004626,2,15,2
6523,004626,3,17,2
6524,004626,0,11,2
6525,004626,1,13,2
6526,004627,2,15,2
6527,004627,3,17,2
6528,004627,0,11,2
6529,004627,1,13,2
6530,004627,2,15,2
6531,004627,3,17,2
6532,004627,0,11,2
6533,004627,1,13,2
6534,004627,2,15,2
6535,004627,3,17,2
6536,004627,0,11,2
6537,004627,1,13,2
6538,004627,2,15,2
6539,004627,3,17,2
6540,004627,0,11,2
6541,004627,1,13,2
6542,004630,2,19,3
6543,004630,3,22,3
6544,004630,0,13,3
6545,004630,1,16,3
6546,004630,2,19,3
6547,004630,3,22,3
6548,004630,0,13,3
6549,004630,1,16,3
6550,004630,2,19,3
6551,004630,3,22,3
6552,004630,0,13,3
6553,004630,1,16,3
6554,004630,2,19,3
6555,004630,3,22,3
6556,004630,0,13,3
6557,004630,1,16,3
6558,004631,2,19,3
6559,004631,3,22,3
6560,004631,0,13,3
6561,004631,1,16,3
6562,004631,2,19,3
6563,004631,3,22,3
6564,004631,0,13,3
6565,004631,1,16,3
6566,004631,2,19,3
6567,004631,3,22,3
6568,004631,0,13,3
6569,004631,1,16,3
6570,004631,2,19,3
6571,004631,3,22,3
6572,004631,0,13,3
6573,004631,1,16,3
6574,004632,2,19,3
6575,004632,3,22,3
6576,004632,0,13,3
6577,004632,1,16,3
6578,004632,2,19,3
6579,004632,3,22,3
6580,004632,0,13,3
6581,004632,1,16,3
6582,004632,2,19,3
6583,004632,3,22,3
6584,004632,0,13,3
6585,004632,1,16,3
6586,004632,2,19,3
6587,004632,3,22,3
6588,004632,0,13,3
6589,004632,1,16,3
6590,004633,2,19,3
6591,004633,3,22,3
6592,004633,0,13,3
6593,004633,1,16,3
6594,004633,2,19,3
6595,004633,3,22,3
6596,004633,0,13,3
6597,004633,1,16,3
6598,004633,2,19,3
6599,004633,3,22,3
6600,004633,0,13,3
6601,004633,1,16,3
6602,004633,2,19,3
6603,004633,3,22,3
6604,004633,0,13,3
6605,004633,1,16,3
6606,004634,2,19,3
6607,004634,3,22,3
6608,004634,0,13,3
6609,004634,1,16,3
6610,004634,2,19,3
6611,004634,3,22,3
6612,004634,0,13,3
6613,004634,1,16,3
6614,004634,2,19,3
6615,004634,3,22,3
6616,004634,0,13,3
6617,004634,1,16,3
6618,004634,2,19,3
6619,004634,3,22,3
6620,004634,0,13,3
6621,004634,1,16,3
6622,004635,2,19,3
6623,004635,3,22,3
6624,004635,0,13,3
6625,004635,1,16,3
6626,004635,2,19,3
6627,004635,3,22,3
6628,004635,0,13,3
6629,004635,1,16,3
6630,004635,2,19,3
6631,004635,3,22,3
6632,004635,0,13,3
6633,004635,1,16,3
6634,004635,2,19,3
6635,004635,3,22,3
6636,004635,0,13,3
6637,004635,1,16,3
6638,004636,2,19,3
6639,004636,3,22,3
6640,004636,0,13,3
6641,004636,1,16,3
6642,004636,2,19,3
6643,004636,3,22,3
6644,004636,0,13,3
6645,004636,1,16,3
6646,004636,2,19,3
6647,004636,3,22,3
6648,004636,0,13,3
6649,004636,1,16,3
6650,004636,2,19,3
6651,004636,3,22,3
6652,004636,0,13,3
6653,004636,1,16,3
6654,004637,2,19,3
6655,004637,3,22,3
6656,004637,0,13,3
6657,004637,1,16,3
6658,004637,2,19,3
6659,004637,3,22,3
6660,004637,0,13,3
6661,004637,1,16,3
6662,004637,2,19,3
6663,004637,3,22,3
6664,004637,0,13,3
6665,004637,1,16,3
6666,004637,2,19,3
6667,004637,3,22,3
6668,004637,0,13,3
6669,004637,1,16,3
6670,004640,2,15,2
6671,004640,3,17,2
6672,004640,0,11,2
6673,004640,1,13,2
6674,004640,2,15,2
6675,004640,3,17,2
6676,004640,0,11,2
6677,004640,1,13,2
6678,004640,2,15,2
6679,004640,3,17,2
6680,004640,0,11,2
6681,004640,1,13,2
6682,004640,2,15,2
6683,004640,3,17,2
6684,004640,0,11,2
6685,004640,1,13,2
6686,004641,2,15,2
6687,004641,3,17,2
6688,004641,0,11,2
6689,004641,1,13,2
6690,004641,2,15,2
6691,004641,3,17,2
6692,004641,0,11,2
6693,004641,1,13,2
6694,004641,2,15,2
6695,004641,3,17,2
6696,004641,0,11,2
6697,004641,1,13,2
6698,004641,2,15,2
6699,004641,3,17,2
6700,004641,0,11,2
6701,004641,1,13,2
6702,004642,2,15,2
6703,004642,3,17,2
6704,004642,0,11,2
6705,004642,1,13,2
6706,004642,2,15,2
6707,004642,3,17,2
6708,004642,0,11,2
6709,004642,1,13,2
6710,004642,2,15,2
6711,004642,3,17,2
6712,004642,0,11,2
6713,004642,1,13,2
6714,004642,2,15,2
6715,004642,3,17,2
6716,004642,0,11,2
6717,004642,1,13,2
6718,004643,2,15,2
6719,004643,3,17,2
6720,004643,0,11,2
6721,004643,1,13,2
6722,004643,2,15,2
6723,004643,3,17,2
6724,004643,0,11,2
6725,004643,1,13,2
6726,004643,2,15,2
6727,004643,3,17,2
6728,004643,0,11,2
6729,004643,1,13,2
6730,004643,2,15,2
6731,004643,3,17,2
6732,004643,0,11,2
6733,004643,1,13,2
6734,004644,2,15,2
6735,004644,3,17,2
6736,004644,0,11,2
6737,004644,1,13,2
6738,004644,2,15,2
6739,004644,3,17,2
6740,004644,0,11,2
6741,004644,1,13,2
6742,004644,2,15,2
6743,004644,3,17,2
6744,004644,0,11,2
6745,004644,1,13,2
6746,004644,2,15,2
6747,004644,3,17,2
6748,004644,0,11,2
6749,004644,1,13,2
6750,004645,2,15,2
6751,004645,3,17,2
6752,004645,0,11,2
6753,004645,1,13,2
6754,004645,2,15,2
6755,004645,3,17,2
6756,004645,0,11,2
6757,004645,1,13,2
6758,004645,2,15,2
6759,004645,3,17,2
6760,004645,0,11,2
6761,004645,1,13,2
6762,004645,2,15,2
6763,004645,3,17,2
6764,004645,0,11,2
6765,004645,1,13,2
6766,004646,2,15,2
6767,004646,3,17,2
6768,004646,0,11,2
6769,004646,1,13,2
6770,004646,2,15,2
6771,004646,3,17,2
6772,004646,0,11,2
6773,004646,1,13,2
6774,004646,2,15,2
6775,004646,3,17,2
6776,004646,0,11,2
6777,004646,1,13,2
6778,004646,2,15,2
6779,004646,3,17,2
6780,004646,0,11,2
6781,004646,1,13,2
6782,004647,2,15,2
6783,004647,3,17,2
6784,004647,0,11,2
6785,004647,1,13,2
6786,004647,2,15,2
6787,004647,3,17,2
6788,004647,0,11,2
6789,004647,1,13,2
6790,004647,2,15,2
6791,004647,3,17,2
6792,004647,0,11,2
6793,004647,1,13,2
6794,004647,2,15,2
6795,004647,3,17,2
6796,004647,0,11,2
6797,004647,1,13,2
6798,004650,2,18,3
6799,004650,3,21,3
6800,004650,0,12,3
6801,004650,1,15,3
6802,004650,2,18,3
6803,004650,3,21,3
6804,004650,0,12,3
6805,004650,1,15,3
6806,004650,2,18,3
6807,004650,3,21,3
6808,004650,0,12,3
6809,004650,1,15,3
6810,004650,2,18,3
6811,004650,3,21,3
6812,004650,0,12,3
6813,004650,1,15,3
6814,004651,2,18,3
6815,004651,3,21,3
6816,004651,0,12,3
6817,004651,1,15,3
6818,004651,2,18,3
6819,004651,3,21,3
6820,004651,0,12,3
6821,004651,1,15,3
6822,004651,2,18,3
6823,004651,3,21,3
6824,004651,0,12,3
6825,004651,1,15,3
6826,004651,2,18,3
6827,004651,3,21,3
6828,004651,0,12,3
6829,004651,1,15,3
6830,004652,2,18,3
6831,004652,3,21,3
6832,004652,0,12,3
6833,004652,1,15,3
6834,004652,2,18,3
6835,004652,3,21,3
6836,004652,0,12,3
6837,004652,1,15,3
6838,004652,2,18,3
6839,004652,3,21,3
6840,004652,0,12,3
6841,004652,1,15,3
6842,004652,2,18,3
6843,004652,3,21,3
6844,004652,0,12,3
6845,004652,1,15,3
6846,004653,2,18,3
6847,004653,3,21,3
6848,004653,0,12,3
6849,004653,1,15,3
6850,004653,2,18,3
6851,004653,3,21,3
6852,004653,0,12,3
6853,004653,1,15,3
6854,004653,2,18,3
6855,004653,3,21,3
6856,004653,0,12,3
6857,004653,1,15,3
6858,004653,2,18,3
6859,004653,3,21,3
6860,004653,0,12,3
6861,004653,1,15,3
6862,004654,2,18,3
6863,004654,3,21,3
6864,004654,0,12,3
6865,004654,1,15,3
6866,004654,2,18,3
6867,004654,3,21,3
6868,004654,0,12,3
6869,004654,1,15,3
6870,004654,2,18,3
6871,004654,3,21,3
6872,004654,0,12,3
6873,004654,1,15,3
6874,004654,2,18,3
6875,004654,3,21,3
6876,004654,0,12,3
6877,004654,1,15,3
6878,004655,2,18,3
6879,004655,3,21,3
6880,004655,0,12,3
6881,004655,1,15,3
6882,004655,2,18,3
6883,004655,3,21,3
6884,004655,0,12,3
6885,004655,1,15,3
6886,004655,2,18,3
6887,004655,3,21,3
6888,004655,0,12,3
6889,004655,1,15,3
6890,004655,2,18,3
6891,004655,3,21,3
6892,004655,0,12,3
6893,004655,1,15,3
6894,004656,2,18,3
6895,004656,3,21,3
6896,004656,0,12,3
6897,004656,1,15,3
6898,004656,2,18,3
6899,004656,3,21,3
6900,004656,0,12,3
6901,004656,1,15,3
6902,004656,2,18,3
6903,004656,3,21,3
6904,004656,0,12,3
6905,004656,1,15,3
6906,004656,2,18,3
6907,004656,3,21,3
6908,004656,0,12,3
6909,004656,1,15,3
6910,004657,2,18,3
6911,004657,3,21,3
6912,004657,0,12,3
6913,004657,1,15,3
6914,004657,2,18,3
6915,004657,3,21,3
6916,004657,0,12,3
6917,004657,1,15,3
6918,004657,2,18,3
6919,004657,3,21,3
6920,004657,0,12,3
6921,004657,1,15,3
6922,004657,2,18,3
6923,004657,3,21,3
6924,004657,0,12,3
6925,004657,1,15,3
6926,004660,2,18,3
6927,004660,3,21,3
6928,004660,0,12,3
6929,004660,1,15,3
6930,004660,2,18,3
6931,004660,3,21,3
6932,004660,0,12,3
6933,004660,1,15,3
6934,004660,2,18,3
6935,004660,3,21,3
6936,004660,0,12,3
6937,004660,1,15,3
6938,004660,2,18,3
6939,004660,3,21,3
6940,004660,0,12,3
6941,004660,1,15,3
6942,004661,2,18,3
6943,004661,3,21,3
6944,004661,0,12,3
6945,004661,1,15,3
6946,004661,2,18,3
6947,004661,3,21,3
6948,004661,0,12,3
6949,004661,1,15,3
6950,004661,2,18,3
6951,004661,3,21,3
6952,004661,0,12,3
6953,004661,1,15,3
6954,004661,2,18,3
6955,004661,3,21,3
6956,004661,0,12,3
6957,004661,1,15,3
6958,004662,2,18,3
6959,004662,3,21,3
6960,004662,0,12,3
6961,004662,1,15,3
6962,004662,2,18,3
6963,004662,3,21,3
6964,004662,0,12,3
6965,004662,1,15,3
6966,004662,2,18,3
6967,004662,3,21,3
6968,004662,0,12,3
6969,004662,1,15,3
6970,004662,2,18,3
6971,004662,3,21,3
6972,004662,0,12,3
6973,004662,1,15,3
6974,004663,2,18,3
6975,004663,3,21,3
6976,004663,0,12,3
6977,004663,1,15,3
6978,004663,2,18,3
6979,004663,3,21,3
6980,004663,0,12,3
6981,004663,1,15,3
6982,004663,2,18,3
6983,004663,3,21,3
6984,004663,0,12,3
6985,004663,1,15,3
6986,004663,2,18,3
6987,004663,3,21,3
6988,004663,0,12,3
6989,004663,1,15,3
6990,004664,2,18,3
6991,004664,3,21,3
6992,004664,0,12,3
6993,004664,1,15,3
6994,004664,2,18,3
6995,004664,3,21,3
6996,004664,0,12,3
6997,004664,1,15,3
6998,004664,2,18,3
6999,004664,3,21,3
7000,004664,0,12,3
7001,004664,1,15,3
7002,004664,2,18,3
7003,004664,3,21,3
7004,004664,0,12,3
7005,004664,1,15,3
7006,004665,2,18,3
7007,004665,3,21,3
7008,004665,0,12,3
7009,004665,1,15,3
7010,004665,2,18,3
7011,004665,3,21,3
7012,004665,0,12,3
7013,004665,1,15,3
7014,004665,2,18,3
7015,004665,3,21,3
7016,004665,0,12,3
7017,004665,1,15,3
7018,004665,2,18,3
7019,004665,3,21,3
7020,004665,0,12,3
7021,004665,1,15,3
7022,004666,2,18,3
7023,004666,3,21,3
7024,004666,0,12,3
7025,004666,1,15,3
7026,004666,2,18,3
7027,004666,3,21,3
7028,004666,0,12,3
7029,004666,1,15,3
7030,004666,2,18,3
7031,004666,3,21,3
7032,004666,0,12,3
7033,004666,1,15,3
7034,004666,2,18,3
7035,004666,3,21,3
7036,004666,0,12,3
7037,004666,1,15,3
7038,004667,2,18,3
7039,004667,3,21,3
7040,004667,0,12,3
7041,004667,1,15,3
7042,004667,2,18,3
7043,004667,3,21,3
7044,004667,0,12,3
7045,004667,1,15,3
7046,004667,2,18,3
7047,004667,3,21,3
7048,004667,0,12,3
7049,004667,1,15,3
7050,004667,2,18,3
7051,004667,3,21,3
7052,004667,0,12,3
7053,004667,1,15,3
7054,004670,2,22,4
7055,004670,3,26,4
7056,004670,0,14,4
7057,004670,1,18,4
7058,004670,2,22,4
7059,004670,3,26,4
7060,004670,0,14,4
7061,004670,1,18,4
7062,004670,2,22,4
7063,004670,3,26,4
7064,004670,0,14,4
7065,004670,1,18,4
7066,004670,2,22,4
7067,004670,3,26,4
7068,004670,0,14,4
7069,004670,1,18,4
7070,004671,2,22,4
7071,004671,3,26,4
7072,004671,0,14,4
7073,004671,1,18,4
7074,004671,2,22,4
7075,004671,3,26,4
7076,004671,0,14,4
7077,004671,1,18,4
7078,004671,2,22,4
7079,004671,3,26,4
7080,004671,0,14,4
7081,004671,1,18,4
7082,004671,2,22,4
7083,004671,3,26,4
7084,004671,0,14,4
7085,004671,1,18,4
7086,004672,2,22,4
7087,004672,3,26,4
7088,004672,0,14,4
7089,004672,1,18,4
7090,004672,2,22,4
7091,004672,3,26,4
7092,004672,0,14,4
7093,004672,1,18,4
7094,004672,2,22,4
7095,004672,3,26,4
7096,004672,0,14,4
7097,004672,1,18,4
7098,004672,2,22,4
7099,004672,3,26,4
7100,004672,0,14,4
7101,004672,1,18,4
7102,004673,2,22,4
7103,004673,3,26,4
7104,004673,0,14,4
7105,004673,1,18,4
7106,004673,2,22,4
7107,004673,3,26,4
7108,004673,0,14,4
7109,004673,1,18,4
7110,004673,2,22,4
7111,004673,3,26,4
7112,004673,0,14,4
7113,004673,1,18,4
7114,004673,2,22,4
7115,004673,3,26,4
7116,004673,0,14,4
7117,004673,1,18,4
7118,004674,2,22,4
7119,004674,3,26,4
7120,004674,0,14,4
7121,004674,1,18,4
7122,004674,2,22,4
7123,004674,3,26,4
7124,004674,0,14,4
7125,004674,1,18,4
7126,004674,2,22,4
7127,004674,3,26,4
7128,004674,0,14,4
7129,004674,1,18,4
7130,004674,2,22,4
7131,004674,3,26,4
7132,004674,0,14,4
7133,004674,1,18,4
7134,004675,2,22,4
7135,004675,3,26,4
7136,004675,0,14,4
7137,004675,1,18,4
7138,004675,2,22,4
7139,004675,3,26,4
7140,004675,0,14,4
7141,004675,1,18,4
7142,004675,2,22,4
7143,004675,3,26,4
7144,004675,0,14,4
7145,004675,1,18,4
7146,004675,2,22,4
7147,004675,3,26,4
7148,004675,0,14,4
7149,004675,1,18,4
7150,004676,2,22,4
7151,004676,3,26,4
7152,004676,0,14,4
7153,004676,1,18,4
7154,004676,2,22,4
7155,004676,3,26,4
7156,004676,0,14,4
7157,004676,1,18,4
7158,004676,2,22,4
7159,004676,3,26,4
7160,004676,0,14,4
7161,004676,1,18,4
7162,004676,2,22,4
7163,004676,3,26,4
7164,004676,0,14,4
7165,004676,1,18,4
7166,004677,2,22,4
7167,004677,3,26,4
7168,004677,0,14,4
7169,004677,1,18,4
7170,004677,2,22,4
7171,004677,3,26,4
7172,004677,0,14,4
7173,004677,1,18,4
7174,004677,2,22,4
7175,004677,3,26,4
7176,004677,0,14,4
7177,004677,1,18,4
7178,004677,2,22,4
7179,004677,3,26,4
7180,004677,0,14,4
7181,004677,1,18,4
7182,004710,2,14,2
7183,004710,3,16,2
7184,004710,0,10,2
7185,004710,1,12,2
7186,004710,2,14,2
7187,004710,3,16,2
7188,004710,0,10,2
7189,004710,1,12,2
7190,004710,2,14,2
7191,004710,3,16,2
7192,004710,0,10,2
7193,004710,1,12,2
7194,004710,2,14,2
7195,004710,3,16,2
7196,004710,0,10,2
7197,004710,1,12,2
7198,004711,2,14,2
7199,004711,3,16,2
7200,004711,0,10,2
7201,004711,1,12,2
7202,004711,2,14,2
7203,004711,3,16,2
7204,004711,0,10,2
7205,004711,1,12,2
7206,004711,2,14,2
7207,004711,3,16,2
7208,004711,0,10,2
7209,004711,1,12,2
7210,004711,2,14,2
7211,004711,3,16,2
7212,004711,0,10,2
7213,004711,1,12,2
7214,004712,2,14,2
7215,004712,3,16,2
7216,004712,0,10,2
7217,004712,1,12,2
7218,004712,2,14,2
7219,004712,3,16,2
7220,004712,0,10,2
7221,004712,1,12,2
7222,004712,2,14,2
7223,004712,3,16,2
7224,004712,0,10,2
7225,004712,1,12,2
7226,004712,2,14,2
7227,004712,3,16,2
7228,004712,0,10,2
7229,004712,1,12,2
7230,004713,2,14,2
7231,004713,3,16,2
7232,004713,0,10,2
7233,004713,1,12,2
7234,004713,2,14,2
7235,004713,3,16,2
7236,004713,0,10,2
7237,004713,1,12,2
7238,004713,2,14,2
7239,004713,3,16,2
7240,004713,0,10,2
7241,004713,1,12,2
7242,004713,2,14,2
7243,004713,3,16,2
7244,004713,0,10,2
7245,004713,1,12,2
7246,004714,2,14,2
7247,004714,3,16,2
7248,004714,0,10,2
7249,004714,1,12,2
7250,004714,2,14,2
7251,004714,3,16,2
7252,004714,0,10,2
7253,004714,1,12,2
7254,004714,2,14,2
7255,004714,3,16,2
7256,004714,0,10,2
7257,004714,1,12,2
7258,004714,2,14,2
7259,004714,3,16,2
7260,004714,0,10,2
7261,004714,1,12,2
7262,004715,2,14,2
7263,004715,3,16,2
7264,004715,0,10,2
7265,004715,1,12,2
7266,004715,2,14,2
7267,004715,3,16,2
7268,004715,0,10,2
7269,004715,1,12,2
7270,004715,2,14,2
7271,004715,3,16,2
7272,004715,0,10,2
7273,004715,1,12,2
7274,004715,2,14,2
7275,004715,3,16,2
7276,004715,0,10,2
7277,004715,1,12,2
7278,004716,2,14,2
7279,004716,3,16,2
7280,004716,0,10,2
7281,004716,1,12,2
7282,004716,2,14,2
7283,004716,3,16,2
7284,004716,0,10,2
7285,004716,1,12,2
7286,004716,2,14,2
7287,004716,3,16,2
7288,004716,0,10,2
7289,004716,1,12,2
7290,004716,2,14,2
7291,004716,3,16,2
7292,004716,0,10,2
7293,004716,1,12,2
7294,004717,2,14,2
7295,004717,3,16,2
7296,004717,0,10,2
7297,004717,1,12,2
7298,004717,2,14,2
7299,004717,3,16,2
7300,004717,0,10,2
7301,004717,1,12,2
7302,004717,2,14,2
7303,004717,3,16,2
7304,004717,0,10,2
7305,004717,1,12,2
7306,004717,2,14,2
7307,004717,3,16,2
7308,004717,0,10,2
7309,004717,1,12,2
7310,004720,2,15,2
7311,004720,3,17,2
7312,004720,0,11,2
7313,004720,1,13,2
7314,004720,2,15,2
7315,004720,3,17,2
7316,004720,0,11,2
7317,004720,1,13,2
7318,004720,2,15,2
7319,004720,3,17,2
7320,004720,0,11,2
7321,004720,1,13,2
7322,004720,2,15,2
7323,004720,3,17,2
7324,004720,0,11,2
7325,004720,1,13,2
7326,004721,2,15,2
7327,004721,3,17,2
7328,004721,0,11,2
7329,004721,1,13,2
7330,004721,2,15,2
7331,004721,3,17,2
7332,004721,0,11,2
7333,004721,1,13,2
7334,004721,2,15,2
7335,004721,3,17,2
7336,004721,0,11,2
7337,004721,1,13,2
7338,004721,2,15,2
7339,004721,3,17,2
7340,004721,0,11,2
7341,004721,1,13,2
7342,004722,2,15,2
7343,004722,3,17,2
7344,004722,0,11,2
7345,004722,1,13,2
7346,004722,2,15,2
7347,004722,3,17,2
7348,004722,0,11,2
7349,004722,1,13,2
7350,004722,2,15,2
7351,004722,3,17,2
7352,004722,0,11,2
7353,004722,1,13,2
7354,004722,2,15,2
7355,004722,3,17,2
7356,004722,0,11,2
7357,004722,1,13,2
7358,004723,2,15,2
7359,004723,3,17,2
7360,004723,0,11,2
7361,004723,1,13,2
7362,004723,2,15,2
7363,004723,3,17,2
7364,004723,0,11,2
7365,004723,1,13,2
7366,004723,2,15,2
7367,004723,3,17,2
7368,004723,0,11,2
7369,004723,1,13,2
7370,004723,2,15,2
7371,004723,3,17,2
7372,004723,0,11,2
7373,004723,1,13,2
7374,004724,2,15,2
7375,004724,3,17,2
7376,004724,0,11,2
7377,004724,1,13,2
7378,004724,2,15,2
7379,004724,3,17,2
7380,004724,0,11,2
7381,004724,1,13,2
7382,004724,2,15,2
7383,004724,3,17,2
7384,004724,0,11,2
7385,004724,1,13,2
7386,004724,2,15,2
7387,004724,3,17,2
7388,004724,0,11,2
7389,004724,1,13,2
7390,004725,2,15,2
7391,004725,3,17,2
7392,004725,0,11,2
7393,004725,1,13,2
7394,004725,2,15,2
7395,004725,3,17,2
7396,004725,0,11,2
7397,004725,1,13,2
7398,004725,2,15,2
7399,004725,3,17,2
7400,004725,0,11,2
7401,004725,1,13,2
7402,004725,2,15,2
7403,004725,3,17,2
7404,004725,0,11,2
7405,004725,1,13,2
7406,004726,2,15,2
7407,004726,3,17,2
7408,004726,0,11,2
7409,004726,1,13,2
7410,004726,2,15,2
7411,004726,3,17,2
7412,004726,0,11,2
7413,004726,1,13,2
7414,004726,2,15,2
7415,004726,3,17,2
7416,004726,0,11,2
7417,004726,1,13,2
7418,004726,2,15,2
7419,004726,3,17,2
7420,004726,0,11,2
7421,004726,1,13,2
7422,004727,2,15,2
7423,004727,3,17,2
7424,004727,0,11,2
7425,004727,1,13,2
7426,004727,2,15,2
7427,004727,3,17,2
7428,004727,0,11,2
7429,004727,1,13,2
7430,004727,2,15,2
7431,004727,3,17,2
7432,004727,0,11,2
7433,004727,1,13,2
7434,004727,2,15,2
7435,004727,3,17,2
7436,004727,0,11,2
7437,004727,1,13,2
7438,004730,2,19,3
7439,004730,3,22,3
7440,004730,0,13,3
7441,004730,1,16,3
7442,004730,2,19,3
7443,004730,3,22,3
7444,004730,0,13,3
7445,004730,1,16,3
7446,004730,2,19,3
7447,004730,3,22,3
7448,004730,0,13,3
7449,004730,1,16,3
7450,004730,2,19,3
7451,004730,3,22,3
7452,004730,0,13,3
7453,004730,1,16,3
7454,004731,2,19,3
7455,004731,3,22,3
7456,004731,0,13,3
7457,004731,1,16,3
7458,004731,2,19,3
7459,004731,3,22,3
7460,004731,0,13,3
7461,004731,1,16,3
7462,004731,2,19,3
7463,004731,3,22,3
7464,004731,0,13,3
7465,004731,1,16,3
7466,004731,2,19,3
7467,004731,3,22,3
7468,004731,0,13,3
7469,004731,1,16,3
7470,004732,2,19,3
7471,004732,3,22,3
7472,004732,0,13,3
7473,004732,1,16,3
7474,004732,2,19,3
7475,004732,3,22,3
7476,004732,0,13,3
7477,004732,1,16,3
7478,004732,2,19,3
7479,004732,3,22,3
7480,004732,0,13,3
7481,004732,1,16,3
7482,004732,2,19,3
7483,004732,3,22,3
7484,004732,0,13,3
7485,004732,1,16,3
7486,004733,2,19,3
7487,004733,3,22,3
7488,004733,0,13,3
7489,004733,1,16,3
7490,004733,2,19,3
7491,004733,3,22,3
7492,004733,0,13,3
7493,004733,1,16,3
7494,004733,2,19,3
7495,004733,3,22,3
7496,004733,0,13,3
7497,004733,1,16,3
7498,004733,2,19,3
7499,004733,3,22,3
7500,004733,0,13,3
7501,004733,1,16,3
7502,004734,2,19,3
7503,004734,3,22,3
7504,004734,0,13,3
7505,004734,1,16,3
7506,004734,2,19,3
7507,004734,3,22,3
7508,004734,0,13,3
7509,004734,1,16,3
7510,004734,2,19,3
7511,004734,3,22,3
7512,004734,0,13,3
7513,004734,1,16,3
7514,004734,2,19,3
7515,004734,3,22,3
7516,004734,0,13,3
7517,004734,1,16,3
7518,004735,2,19,3
7519,004735,3,22,3
7520,004735,0,13,3
7521,004735,1,16,3
7522,004735,2,19,3
7523,004735,3,22,3
7524,004735,0,13,3
7525,004735,1,16,3
7526,004735,2,19,3
7527,004735,3,22,3
7528,004735,0,13,3
7529,004735,1,16,3
7530,004735,2,19,3
7531,004735,3,22,3
7532,004735,0,13,3
7533,004735,1,16,3
7534,004736,2,19,3
7535,004736,3,22,3
7536,004736,0,13,3
7537,004736,1,16,3
7538,004736,2,19,3
7539,004736,3,22,3
7540,004736,0,13,3
7541,004736,1,16,3
7542,004736,2,19,3
7543,004736,3,22,3
7544,004736,0,13,3
7545,004736,1,16,3
7546,004736,2,19,3
7547,004736,3,22,3
7548,004736,0,13,3
7549,004736,1,16,3
7550,004737,2,19,3
7551,004737,3,22,3
7552,004737,0,13,3
7553,004737,1,16,3
7554,004737,2,19,3
7555,004737,3,22,3
7556,004737,0,13,3
7557,004737,1,16,3
7558,004737,2,19,3
7559,004737,3,22,3
7560,004737,0,13,3
7561,004737,1,16,3
7562,004737,2,19,3
7563,004737,3,22,3
7564,004737,0,13,3
7565,004737,1,16,3
7566,004740,2,15,2
7567,004740,3,17,2
7568,004740,0,11,2
7569,004740,1,13,2
7570,004740,2,15,2
7571,004740,3,17,2
7572,004740,0,11,2
7573,004740,1,13,2
7574,004740,2,15,2
7575,004740,3,17,2
7576,004740,0,11,2
7577,004740,1,13,2
7578,004740,2,15,2
7579,004740,3,17,2
7580,004740,0,11,2
7581,004740,1,13,2
7582,004741,2,15,2
7583,004741,3,17,2
7584,004741,0,11,2
7585,004741,1,13,2
7586,004741,2,15,2
7587,004741,3,17,2
7588,004741,0,11,2
7589,004741,1,13,2
7590,004741,2,15,2
7591,004741,3,17,2
7592,004741,0,11,2
7593,004741,1,13,2
7594,004741,2,15,2
7595,004741,3,17,2
7596,004741,0,11,2
7597,004741,1,13,2
7598,004742,2,15,2
7599,004742,3,17,2
7600,004742,0,11,2
7601,004742,1,13,2
7602,004742,2,15,2
7603,004742,3,17,2
7604,004742,0,11,2
7605,004742,1,13,2
7606,004742,2,15,2
7607,004742,3,17,2
7608,004742,0,11,2
7609,004742,1,13,2
7610,004742,2,15,2
7611,004742,3,17,2
7612,004742,0,11,2
7613,004742,1,13,2
7614,004743,2,15,2
7615,004743,3,17,2
7616,004743,0,11,2
7617,004743,1,13,2
7618,004743,2,15,2
7619,004743,3,17,2
7620,004743,0,11,2
7621,004743,1,13,2
7622,004743,2,15,2
7623,004743,3,17,2
7624,004743,0,11,2
7625,004743,1,13,2
7626,004743,2,15,2
7627,004743,3,17,2
7628,004743,0,11,2
7629,004743,1,13,2
7630,004744,2,15,2
7631,004744,3,17,2
7632,004744,0,11,2
7633,004744,1,13,2
7634,004744,2,15,2
7635,004744,3,17,2
7636,004744,0,11,2
7637,004744,1,13,2
7638,004744,2,15,2
7639,004744,3,17,2
7640,004744,0,11,2
7641,004744,1,13,2
7642,004744,2,15,2
7643,004744,3,17,2
7644,004744,0,11,2
7645,004744,1,13,2
7646,004745,2,15,2
7647,004745,3,17,2
7648,004745,0,11,2
7649,004745,1,13,2
7650,004745,2,15,2
7651,004745,3,17,2
7652,004745,0,11,2
7653,004745,1,13,2
7654,004745,2,15,2
7655,004745,3,17,2
7656,004745,0,11,2
7657,004745,1,13,2
7658,004745,2,15,2
7659,004745,3,17,2
7660,004745,0,11,2
7661,004745,1,13,2
7662,004746,2,15,2
7663,004746,3,17,2
7664,004746,0,11,2
7665,004746,1,13,2
7666,004746,2,15,2
7667,004746,3,17,2
7668,004746,0,11,2
7669,004746,1,13,2
7670,004746,2,15,2
7671,004746,3,17,2
7672,004746,0,11,2
7673,004746,1,13,2
7674,004746,2,15,2
7675,004746,3,17,2
7676,004746,0,11,2
7677,004746,1,13,2
7678,004747,2,15,2
7679,004747,3,17,2
7680,004747,0,11,2
7681,004747,1,13,2
7682,004747,2,15,2
7683,004747,3,17,2
7684,004747,0,11,2
7685,004747,1,13,2
7686,004747,2,15,2
7687,004747,3,17,2
7688,004747,0,11,2
7689,004747,1,13,2
7690,004747,2,15,2
7691,004747,3,17,2
7692,004747,0,11,2
7693,004747,1,13,2
7694,004750,2,18,3
7695,004750,3,21,3
7696,004750,0,12,3
7697,004750,1,15,3
7698,004750,2,18,3
7699,004750,3,21,3
7700,004750,0,12,3
7701,004750,1,15,3
7702,004750,2,18,3
7703,004750,3,21,3
7704,004750,0,12,3
7705,004750,1,15,3
7706,004750,2,18,3
7707,004750,3,21,3
7708,004750,0,12,3
7709,004750,1,15,3
7710,004751,2,18,3
7711,004751,3,21,3
7712,004751,0,12,3
7713,004751,1,15,3
7714,004751,2,18,3
7715,004751,3,21,3
7716,004751,0,12,3
7717,004751,1,15,3
7718,004751,2,18,3
7719,004751,3,21,3
7720,004751,0,12,3
7721,004751,1,15,3
7722,004751,2,18,3
7723,004751,3,21,3
7724,004751,0,12,3
7725,004751,1,15,3
7726,004752,2,18,3
7727,004752,3,21,3
7728,004752,0,12,3
7729,004752,1,15,3
7730,004752,2,18,3
7731,004752,3,21,3
7732,004752,0,12,3
7733,004752,1,15,3
7734,004752,2,18,3
7735,004752,3,21,3
7736,004752,0,12,3
7737,004752,1,15,3
7738,004752,2,18,3
7739,004752,3,21,3
7740,004752,0,12,3
7741,004752,1,15,3
7742,004753,2,18,3
7743,004753,3,21,3
7744,004753,0,12,3
7745,004753,1,15,3
7746,004753,2,18,3
7747,004753,3,21,3
7748,004753,0,12,3
7749,004753,1,15,3
7750,004753,2,18,3
7751,004753,3,21,3
7752,004753,0,12,3
7753,004753,1,15,3
7754,004753,2,18,3
7755,004753,3,21,3
7756,004753,0,12,3
7757,004753,1,15,3
7758,004754,2,18,3
7759,004754,3,21,3
7760,004754,0,12,3
7761,004754,1,15,3
7762,004754,2,18,3
7763,004754,3,21,3
7764,004754,0,12,3
7765,004754,1,15,3
7766,004754,2,18,3
7767,004754,3,21,3
7768,004754,0,12,3
7769,004754,1,15,3
7770,004754,2,18,3
7771,004754,3,21,3
7772,004754,0,12,3
7773,004754,1,15,3
7774,004755,2,18,3
7775,004755,3,21,3
7776,004755,0,12,3
7777,004755,1,15,3
7778,004755,2,18,3
7779,004755,3,21,3
7780,004755,0,12,3
7781,004755,1,15,3
7782,004755,2,18,3
7783,004755,3,21,3
7784,004755,0,12,3
7785,004755,1,15,3
7786,004755,2,18,3
7787,004755,3,21,3
7788,004755,0,12,3
7789,004755,1,15,3
7790,004756,2,18,3
7791,004756,3,21,3
7792,004756,0,12,3
7793,004756,1,15,3
7794,004756,2,18,3
7795,004756,3,21,3
7796,004756,0,12,3
7797,004756,1,15,3
7798,004756,2,18,3
7799,004756,3,21,3
7800,004756,0,12,3
7801,004756,1,15,3
7802,004756,2,18,3
7803,004756,3,21,3
7804,004756,0,12,3
7805,004756,1,15,3
7806,004757,2,18,3
7807,004757,3,21,3
7808,004757,0,12,3
7809,004757,1,15,3
7810,004757,2,18,3
7811,004757,3,21,3
7812,004757,0,12,3
7813,004757,1,15,3
7814,004757,2,18,3
7815,004757,3,21,3
7816,004757,0,12,3
7817,004757,1,15,3
7818,004757,2,18,3
7819,004757,3,21,3
7820,004757,0,12,3
7821,004757,1,15,3
7822,004760,2,18,3
7823,004760,3,21,3
7824,004760,0,12,3
7825,004760,1,15,3
7826,004760,2,18,3
7827,004760,3,21,3
7828,004760,0,12,3
7829,004760,1,15,3
7830,004760,2,18,3
7831,004760,3,21,3
7832,004760,0,12,3
7833,004760,1,15,3
7834,004760,2,18,3
7835,004760,3,21,3
7836,004760,0,12,3
7837,004760,1,15,3
7838,004761,2,18,3
7839,004761,3,21,3
7840,004761,0,12,3
7841,004761,1,15,3
7842,004761,2,18,3
7843,004761,3,21,3
7844,004761,0,12,3
7845,004761,1,15,3
7846,004761,2,18,3
7847,004761,3,21,3
7848,004761,0,12,3
7849,004761,1,15,3
7850,004761,2,18,3
7851,004761,3,21,3
7852,004761,0,12,3
7853,004761,1,15,3
7854,004762,2,18,3
7855,004762,3,21,3
7856,004762,0,12,3
7857,004762,1,15,3
7858,004762,2,18,3
7859,004762,3,21,3
7860,004762,0,12,3
7861,004762,1,15,3
7862,004762,2,18,3
7863,004762,3,21,3
7864,004762,0,12,3
7865,004762,1,15,3
7866,004762,2,18,3
7867,004762,3,21,3
7868,004762,0,12,3
7869,004762,1,15,3
7870,004763,2,18,3
7871,004763,3,21,3
7872,004763,0,12,3
7873,004763,1,15,3
7874,004763,2,18,3
7875,004763,3,21,3
7876,004763,0,12,3
7877,004763,1,15,3
7878,004763,2,18,3
7879,004763,3,21,3
7880,004763,0,12,3
7881,004763,1,15,3
7882,004763,2,18,3
7883,004763,3,21,3
7884,004763,0,12,3
7885,004763,1,15,3
7886,004764,2,18,3
7887,004764,3,21,3
7888,004764,0,12,3
7889,004764,1,15,3
7890,004764,2,18,3
7891,004764,3,21,3
7892,004764,0,12,3
7893,004764,1,15,3
7894,004764,2,18,3
7895,004764,3,21,3
7896,004764,0,12,3
7897,004764,1,15,3
7898,004764,2,18,3
7899,004764,3,21,3
7900,004764,0,12,3
7901,004764,1,15,3
7902,004765,2,18,3
7903,004765,3,21,3
7904,004765,0,12,3
7905,004765,1,15,3
7906,004765,2,18,3
7907,004765,3,21,3
7908,004765,0,12,3
7909,004765,1,15,3
7910,004765,2,18,3
7911,004765,3,21,3
7912,004765,0,12,3
7913,004765,1,15,3
7914,004765,2,18,3
7915,004765,3,21,3
7916,004765,0,12,3
7917,004765,1,15,3
7918,004766,2,18,3
7919,004766,3,21,3
7920,004766,0,12,3
7921,004766,1,15,3
7922,004766,2,18,3
7923,004766,3,21,3
7924,004766,0,12,3
7925,004766,1,15,3
7926,004766,2,18,3
7927,004766,3,21,3
7928,004766,0,12,3
7929,004766,1,15,3
7930,004766,2,18,3
7931,004766,3,21,3
7932,004766,0,12,3
7933,004766,1,15,3
7934,004767,2,18,3
7935,004767,3,21,3
7936,004767,0,12,3
7937,004767,1,15,3
7938,004767,2,18,3
7939,004767,3,21,3
7940,004767,0,12,3
7941,004767,1,15,3
7942,004767,2,18,3
7943,004767,3,21,3
7944,004767,0,12,3
7945,004767,1,15,3
7946,004767,2,18,3
7947,004767,3,21,3
7948,004767,0,12,3
7949,004767,1,15,3
7950,004770,2,22,4
7951,004770,3,26,4
7952,004770,0,14,4
7953,004770,1,18,4
7954,004770,2,22,4
7955,004770,3,26,4
7956,004770,0,14,4
7957,004770,1,18,4
7958,004770,2,22,4
7959,004770,3,26,4
7960,004770,0,14,4
7961,004770,1,18,4
7962,004770,2,22,4
7963,004770,3,26,4
7964,004770,0,14,4
7965,004770,1,18,4
7966,004771,2,22,4
7967,004771,3,26,4
7968,004771,0,14,4
7969,004771,1,18,4
7970,004771,2,22,4
7971,004771,3,26,4
7972,004771,0,14,4
7973,004771,1,18,4
7974,004771,2,22,4
7975,004771,3,26,4
7976,004771,0,14,4
7977,004771,1,18,4
7978,004771,2,22,4
7979,004771,3,26,4
7980,004771,0,14,4
7981,004771,1,18,4
7982,004772,2,22,4
7983,004772,3,26,4
7984,004772,0,14,4
7985,004772,1,18,4
7986,004772,2,22,4
7987,004772,3,26,4
7988,004772,0,14,4
7989,004772,1,18,4
7990,004772,2,22,4
7991,004772,3,26,4
7992,004772,0,14,4
7993,004772,1,18,4
7994,004772,2,22,4
7995,004772,3,26,4
7996,004772,0,14,4
7997,004772,1,18,4
7998,004773,2,22,4
7999,004773,3,26,4
8000,004773,0,14,4
8001,004773,1,18,4
8002,004773,2,22,4
8003,004773,3,26,4
8004,004773,0,14,4
8005,004773,1,18,4
8006,004773,2,22,4
8007,004773,3,26,4
8008,004773,0,14,4
8009,004773,1,18,4
8010,004773,2,22,4
8011,004773,3,26,4
8012,004773,0,14,4
8013,004773,1,18,4
8014,004774,2,22,4
8015,004774,3,26,4
8016,004774,0,14,4
8017,004774,1,18,4
8018,004774,2,22,4
8019,004774,3,26,4
8020,004774,0,14,4
8021,004774,1,18,4
8022,004774,2,22,4
8023,004774,3,26,4
8024,004774,0,14,4
8025,004774,1,18,4
8026,004774,2,22,4
8027,004774,3,26,4
8028,004774,0,14,4
8029,004774,1,18,4
8030,004775,2,22,4
8031,004775,3,26,4
8032,004775,0,14,4
8033,004775,1,18,4
8034,004775,2,22,4
8035,004775,3,26,4
8036,004775,0,14,4
8037,004775,1,18,4
8038,004775,2,22,4
8039,004775,3,26,4
8040,004775,0,14,4
8041,004775,1,18,4
8042,004775,2,22,4
8043,004775,3,26,4
8044,004775,0,14,4
8045,004775,1,18,4
8046,004776,2,22,4
8047,004776,3,26,4
8048,004776,0,14,4
8049,004776,1,18,4
8050,004776,2,22,4
8051,004776,3,26,4
8052,004776,0,14,4
8053,004776,1,18,4
8054,004776,2,22,4
8055,004776,3,26,4
8056,004776,0,14,4
8057,004776,1,18,4
8058,004776,2,22,4
8059,004776,3,26,4
8060,004776,0,14,4
8061,004776,1,18,4
8062,004777,2,22,4
8063,004777,3,26,4
8064,004777,0,14,4
8065,004777,1,18,4
8066,004777,2,22,4
8067,004777,3,26,4
8068,004777,0,14,4
8069,004777,1,18,4
8070,004777,2,22,4
8071,004777,3,26,4
8072,004777,0,14,4
8073,004777,1,18,4
8074,004777,2,22,4
8075,004777,3,26,4
8076,004777,0,14,4
8077,004777,1,18,4
8078,004010,2,14,2
8079,004010,3,16,2
8080,004010,0,10,2
8081,004011,1,12,2
8082,004011,2,14,2
8083,004011,3,16,2
8084,004012,0,10,2
8085,004012,1,12,2
8086,004012,2,14,2
8087,004013,3,16,2
8088,004013,0,10,2
8089,004013,1,12,2
8090,004014,2,14,2
8091,004014,3,16,2
8092,004014,0,10,2
8093,004015,1,12,2
8094,004015,2,14,2
8095,004015,3,16,2
8096,004016,0,10,2
8097,004016,1,12,2
8098,004016,2,14,2
8099,004017,3,16,2
8100,004017,0,10,2
8101,004017,1,12,2
8102,004020,2,15,2
8103,004020,3,17,2
8104,004020,0,11,2
8105,004021,1,13,2
8106,004021,2,15,2
8107,004021,3,17,2
8108,004022,0,11,2
8109,004022,1,13,2
8110,004022,2,15,2
8111,004023,3,17,2
8112,004023,0,11,2
8113,004023,1,13,2
8114,004024,2,15,2
8115,004024,3,17,2
8116,004024,0,11,2
8117,004025,1,13,2
8118,004025,2,15,2
8119,004025,3,17,2
8120,004026,0,11,2
8121,004026,1,13,2
8122,004026,2,15,2
8123,004027,3,17,2
8124,004027,0,11,2
8125,004027,1,13,2
8126,004030,2,19,3
8127,004030,3,22,3
8128,004030,0,13,3
8129,004031,1,16,3
8130,004031,2,19,3
8131,004031,3,22,3
8132,004032,0,13,3
8133,004032,1,16,3
8134,004032,2,19,3
8135,004033,3,22,3
8136,004033,0,13,3
8137,004033,1,16,3
8138,004034,2,19,3
8139,004034,3,22,3
8140,004034,0,13,3
8141,004035,1,16,3
8142,004035,2,19,3
8143,004035,3,22,3
8144,004036,0,13,3
8145,004036,1,16,3
8146,004036,2,19,3
8147,004037,3,22,3
8148,004037,0,13,3
8149,004037,1,16,3
8150,004040,2,15,2
8151,004040,3,17,2
8152,004040,0,11,2
8153,004041,1,13,2
8154,004041,2,15,2
8155,004041,3,17,2
8156,004042,0,11,2
8157,004042,1,13,2
8158,004042,2,15,2
8159,004043,3,17,2
8160,004043,0,11,2
8161,004043,1,13,2
8162,004044,2,15,2
8163,004044,3,17,2
8164,004044,0,11,2
8165,004045,1,13,2
8166,004045,2,15,2
8167,004045,3,17,2
8168,004046,0,11,2
8169,004046,1,13,2
8170,004046,2,15,2
8171,004047,3,17,2
8172,004047,0,11,2
8173,004047,1,13,2
8174,004050,2,18,3
8175,004050,3,21,3
8176,004050,0,12,3
8177,004051,1,15,3
8178,004051,2,18,3
8179,004051,3,21,3
8180,004052,0,12,3
8181,004052,1,15,3
8182,004052,2,18,3
8183,004053,3,21,3
8184,004053,0,12,3
8185,004053,1,15,3
8186,004054,2,18,3
8187,004054,3,21,3
8188,004054,0,12,3
8189,004055,1,15,3
8190,004055,2,18,3
8191,004055,3,21,3
8192,004056,0,12,3
8193,004056,1,15,3
8194,004056,2,18,3
8195,004057,3,21,3
8196,004057,0,12,3
8197,004057,1,15,3
8198,004060,2,18,3
8199,004060,3,21,3
8200,004060,0,12,3
8201,004061,1,15,3
8202,004061,2,18,3
8203,004061,3,21,3
8204,004062,0,12,3
8205,004062,1,15,3
8206,004062,2,18,3
8207,004063,3,21,3
8208,004063,0,12,3
8209,004063,1,15,3
8210,004064,2,18,3
8211,004064,3,21,3
8212,004064,0,12,3
8213,004065,1,15,3
8214,004065,2,18,3
8215,004065,3,21,3
8216,004066,0,12,3
8217,004066,1,15,3
8218,004066,2,18,3
8219,004067,3,21,3
8220,004067,0,12,3
8221,004067,1,15,3
8222,004070,2,22,4
8223,004070,3,26,4
8224,004070,0,14,4
8225,004071,1,18,4
8226,004071,2,22,4
8227,004071,3,26,4
8228,004072,0,14,4
8229,004072,1,18,4
8230,004072,2,22,4
8231,004073,3,26,4
8232,004073,0,14,4
8233,004073,1,18,4
8234,004074,2,22,4
8235,004074,3,26,4
8236,004074,0,14,4
8237,004075,1,18,4
8238,004075,2,22,4
8239,004075,3,26,4
8240,004076,0,14,4
8241,004076,1,18,4
8242,004077,2,22,4
8243,004077,3,26,4
8244,004077,0,14,4
8245,004110,1,12,2
8246,004110,2,14,2
8247,004110,3,16,2
8248,004111,0,10,2
8249,004111,1,12,2
8250,004111,2,14,2
8251,004112,3,16,2
8252,004112,0,10,2
8253,004112,1,12,2
8254,004113,2,14,2
8255,004113,3,16,2
8256,004113,0,10,2
8257,004114,1,12,2
8258,004114,2,14,2
8259,004114,3,16,2
8260,004115,0,10,2
8261,004115,1,12,2
8262,004115,2,14,2
8263,004116,3,16,2
8264,004116,0,10,2
8265,004116,1,12,2
8266,004117,2,14,2
8267,004117,3,16,2
8268,004117,0,10,2
8269,004120,1,13,2
8270,004120,2,15,2
8271,004120,3,17,2
8272,004121,0,11,2
8273,004121,1,13,2
8274,004121,2,15,2
8275,004122,3,17,2
8276,004122,0,11,2
8277,004122,1,13,2
8278,004123,2,15,2
8279,004123,3,17,2
8280,004123,0,11,2
8281,004124,1,13,2
8282,004124,2,15,2
8283,004124,3,17,2
8284,004125,0,11,2
8285,004125,1,13,2
8286,004125,2,15,2
8287,004126,3,17,2
8288,004126,0,11,2
8289,004126,1,13,2
8290,004127,2,15,2
8291,004127,3,17,2
8292,004127,0,11,2
8293,004130,1,16,3
8294,004130,2,19,3
8295,004130,3,22,3
8296,004131,0,13,3
8297,004131,1,16,3
8298,004131,2,19,3
8299,004132,3,22,3
8300,004132,0,13,3
8301,004132,1,16,3
8302,004133,2,19,3
8303,004133,3,22,3
8304,004133,0,13,3
8305,004134,1,16,3
8306,004134,2,19,3
8307,004134,3,22,3
8308,004135,0,13,3
8309,004135,1,16,3
8310,004135,2,19,3
8311,004136,3,22,3
8312,004136,0,13,3
8313,004136,1,16,3
8314,004137,2,19,3
8315,004137,3,22,3
8316,004137,0,13,3
8317,004140,1,13,2
8318,004140,2,15,2
8319,004140,3,17,2
8320,004141,0,11,2
8321,004141,1,13,2
8322,004141,2,15,2
8323,004142,3,17,2
8324,004142,0,11,2
8325,004142,1,13,2
8326,004143,2,15,2
8327,004143,3,17,2
8328,004143,0,11,2
8329,004144,1,13,2
8330,004144,2,15,2
8331,004144,3,17,2
8332,004145,0,11,2
8333,004145,1,13,2
8334,004145,2,15,2
8335,004146,3,17,2
8336,004146,0,11,2
8337,004146,1,13,2
8338,004147,2,15,2
8339,004147,3,17,2
8340,004147,0,11,2
8341,004150,1,15,3
8342,004150,2,18,3
8343,004150,3,21,3
8344,004151,0,12,3
8345,004151,1,15,3
8346,004151,2,18,3
8347,004152,3,21,3
8348,004152,0,12,3
8349,004152,1,15,3
8350,004153,2,18,3
8351,004153,3,21,3
8352,004153,0,12,3
8353,004154,1,15,3
8354,004154,2,18,3
8355,004154,3,21,3
8356,004155,0,12,3
8357,004155,1,15,3
8358,004155,2,18,3
8359,004156,3,21,3
8360,004156,0,12,3
8361,004156,1,15,3
8362,004157,2,18,3
8363,004157,3,21,3
8364,004157,0,12,3
8365,004160,1,15,3
8366,004160,2,18,3
8367,004160,3,21,3
8368,004161,0,12,3
8369,004161,1,15,3
8370,004161,2,18,3
8371,004162,3,21,3
8372,004162,0,12,3
8373,004162,1,15,3
8374,004163,2,18,3
8375,004163,3,21,3
8376,004163,0,12,3
8377,004164,1,15,3
8378,004164,2,18,3
8379,004164,3,21,3
8380,004165,0,12,3
8381,004165,1,15,3
8382,004165,2,18,3
8383,004166,3,21,3
8384,004166,0,12,3
8385,004166,1,15,3
8386,004167,2,18,3
8387,004167,3,21,3
8388,004167,0,12,3
8389,004170,1,18,4
8390,004170,2,22,4
8391,004170,3,26,4
8392,004171,0,14,4
8393,004171,1,18,4
8394,004171,2,22,4
8395,004172,3,26,4
8396,004172,0,14,4
8397,004172,1,18,4
8398,004173,2,22,4
8399,004173,3,26,4
8400,004173,0,14,4
8401,004174,1,18,4
8402,004174,2,22,4
8403,004174,3,26,4
8404,004175,0,14,4
8405,004175,1,18,4
8406,004175,2,22,4
8407,004176,3,26,4
8408,004176,0,14,4
8409,004177,1,18,4
8410,004177,2,22,4
8411,004177,3,26,4
8412,004210,0,10,2
8413,004210,1,12,2
8414,004210,2,14,2
8415,004211,3,16,2
8416,004211,0,10,2
8417,004211,1,12,2
8418,004212,2,14,2
8419,004212,3,16,2
8420,004212,0,10,2
8421,004213,1,12,2
8422,004213,2,14,2
8423,004213,3,16,2
8424,004214,0,10,2
8425,004214,1,12,2
8426,004214,2,14,2
8427,004215,3,16,2
8428,004215,0,10,2
8429,004215,1,12,2
8430,004216,2,14,2
8431,004216,3,16,2
8432,004216,0,10,2
8433,004217,1,12,2
8434,004217,2,14,2
8435,004217,3,16,2
8436,004220,0,11,2
8437,004220,1,13,2
8438,004220,2,15,2
8439,004221,3,17,2
8440,004221,0,11,2
8441,004221,1,13,2
8442,004222,2,15,2
8443,004222,3,17,2
8444,004222,0,11,2
8445,004223,1,13,2
8446,004223,2,15,2
8447,004223,3,17,2
8448,004224,0,11,2
8449,004224,1,13,2
8450,004224,2,15,2
8451,004225,3,17,2
8452,004225,0,11,2
8453,004225,1,13,2
8454,004226,2,15,2
8455,004226,3,17,2
8456,004226,0,11,2
8457,004227,1,13,2
8458,004227,2,15,2
8459,004227,3,17,2
8460,004230,0,13,3
8461,004230,1,16,3
8462,004230,2,19,3
8463,004231,3,22,3
8464,004231,0,13,3
8465,004231,1,16,3
8466,004232,2,19,3
8467,004232,3,22,3
8468,004232,0,13,3
8469,004233,1,16,3
8470,004233,2,19,3
8471,004233,3,22,3
8472,004234,0,13,3
8473,004234,1,16,3
8474,004234,2,19,3
8475,004235,3,22,3
8476,004235,0,13,3
8477,004235,1,16,3
8478,004236,2,19,3
8479,004236,3,22,3
8480,004236,0,13,3
8481,004237,1,16,3
8482,004237,2,19,3
8483,004237,3,22,3
8484,004240,0,11,2
8485,004240,1,13,2
8486,004240,2,15,2
8487,004241,3,17,2
8488,004241,0,11,2
8489,004241,1,13,2
8490,004242,2,15,2
8491,004242,3,17,2
8492,004242,0,11,2
8493,004243,1,13,2
8494,004243,2,15,2
8495,004243,3,17,2
8496,004244,0,11,2
8497,004244,1,13,2
8498,004244,2,15,2
8499,004245,3,17,2
8500,004245,0,11,2
8501,004245,1,13,2
8502,004246,2,15,2
8503,004246,3,17,2
8504,004246,0,11,2
8505,004247,1,13,2
8506,004247,2,15,2
8507,004247,3,17,2
8508,004250,0,12,3
8509,004250,1,15,3
8510,004250,2,18,3
8511,004251,3,21,3
8512,004251,0,12,3
8513,004251,1,15,3
8514,004252,2,18,3
8515,004252,3,21,3
8516,004252,0,12,3
8517,004253,1,15,3
8518,004253,2,18,3
8519,004253,3,21,3
8520,004254,0,12,3
8521,004254,1,15,3
8522,004254,2,18,3
8523,004255,3,21,3
8524,004255,0,12,3
8525,004255,1,15,3
8526,004256,2,18,3
8527,004256,3,21,3
8528,004256,0,12,3
8529,004257,1,15,3
8530,004257,2,18,3
8531,004257,3,21,3
8532,004260,0,12,3
8533,004260,1,15,3
8534,004260,2,18,3
8535,004261,3,21,3
8536,004261,0,12,3
8537,004261,1,15,3
8538,004262,2,18,3
8539,004262,3,21,3
8540,004262,0,12,3
8541,004263,1,15,3
8542,004263,2,18,3
8543,004263,3,21,3
8544,004264,0,12,3
8545,004264,1,15,3
8546,004264,2,18,3
8547,004265,3,21,3
8548,004265,0,12,3
8549,004265,1,15,3
8550,004266,2,18,3
8551,004266,3,21,3
8552,004266,0,12,3
8553,004267,1,15,3
8554,004267,2,18,3
8555,004267,3,21,3
8556,004270,0,14,4
8557,004270,1,18,4
8558,004270,2,22,4
8559,004271,3,26,4
8560,004271,0,14,4
8561,004271,1,18,4
8562,004272,2,22,4
8563,004272,3,26,4
8564,004272,0,14,4
8565,004273,1,18,4
8566,004273,2,22,4
8567,004273,3,26,4
8568,004274,0,14,4
8569,004274,1,18,4
8570,004274,2,22,4
8571,004275,3,26,4
8572,004275,0,14,4
8573,004275,1,18,4
8574,004276,2,22,4
8575,004276,3,26,4
8576,004277,0,14,4
8577,004277,1,18,4
8578,004277,2,22,4
8579,004310,3,16,2
8580,004310,0,10,2
8581,004310,1,12,2
8582,004311,2,14,2
8583,004311,3,16,2
8584,004311,0,10,2
8585,004312,1,12,2
8586,004312,2,14,2
8587,004312,3,16,2
8588,004313,0,10,2
8589,004313,1,12,2
8590,004313,2,14,2
8591,004314,3,16,2
8592,004314,0,10,2
8593,004314,1,12,2
8594,004315,2,14,2
8595,004315,3,16,2
8596,004315,0,10,2
8597,004316,1,12,2
8598,004316,2,14,2
8599,004316,3,16,2
8600,004317,0,10,2
8601,004317,1,12,2
8602,004317,2,14,2
8603,004320,3,17,2
8604,004320,0,11,2
8605,004320,1,13,2
8606,004321,2,15,2
8607,004321,3,17,2
8608,004321,0,11,2
8609,004322,1,13,2
8610,004322,2,15,2
8611,004322,3,17,2
8612,004323,0,11,2
8613,004323,1,13,2
8614,004323,2,15,2
8615,004324,3,17,2
8616,004324,0,11,2
8617,004324,1,13,2
8618,004325,2,15,2
8619,004325,3,17,2
8620,004325,0,11,2
8621,004326,1,13,2
8622,004326,2,15,2
8623,004326,3,17,2
8624,004327,0,11,2
8625,004327,1,13,2
8626,004327,2,15,2
8627,004330,3,22,3
8628,004330,0,13,3
8629,004330,1,16,3
8630,004331,2,19,3
8631,004331,3,22,3
8632,004331,0,13,3
8633,004332,1,16,3
8634,004332,2,19,3
8635,004332,3,22,3
8636,004333,0,13,3
8637,004333,1,16,3
8638,004333,2,19,3
8639,004334,3,22,3
8640,004334,0,13,3
8641,004334,1,16,3
8642,004335,2,19,3
8643,004335,3,22,3
8644,004335,0,13,3
8645,004336,1,16,3
8646,004336,2,19,3
8647,004336,3,22,3
8648,004337,0,13,3
8649,004337,1,16,3
8650,004337,2,19,3
8651,004340,3,17,2
8652,004340,0,11,2
8653,004340,1,13,2
8654,004341,2,15,2
8655,004341,3,17,2
8656,004341,0,11,2
8657,004342,1,13,2
8658,004342,2,15,2
8659,004342,3,17,2
8660,004343,0,11,2
8661,004343,1,13,2
8662,004343,2,15,2
8663,004344,3,17,2
8664,004344,0,11,2
8665,004344,1,13,2
8666,004345,2,15,2
8667,004345,3,17,2
8668,004345,0,11,2
8669,004346,1,13,2
8670,004346,2,15,2
8671,004346,3,17,2
8672,004347,0,11,2
8673,004347,1,13,2
8674,004347,2,15,2
8675,004350,3,21,3
8676,004350,0,12,3
8677,004350,1,15,3
8678,004351,2,18,3
8679,004351,3,21,3
8680,004351,0,12,3
8681,004352,1,15,3
8682,004352,2,18,3
8683,004352,3,21,3
8684,004353,0,12,3
8685,004353,1,15,3
8686,004353,2,18,3
8687,004354,3,21,3
8688,004354,0,12,3
8689,004354,1,15,3
8690,004355,2,18,3
8691,004355,3,21,3
8692,004355,0,12,3
8693,004356,1,15,3
8694,004356,2,18,3
8695,004356,3,21,3
8696,004357,0,12,3
8697,004357,1,15,3
8698,004357,2,18,3
8699,004360,3,21,3
8700,004360,0,12,3
8701,004360,1,15,3
8702,004361,2,18,3
8703,004361,3,21,3
8704,004361,0,12,3
8705,004362,1,15,3
8706,004362,2,18,3
8707,004362,3,21,3
8708,004363,0,12,3
8709,004363,1,15,3
8710,004363,2,18,3
8711,004364,3,21,3
8712,004364,0,12,3
8713,004364,1,15,3
8714,004365,2,18,3
8715,004365,3,21,3
8716,004365,0,12,3
8717,004366,1,15,3
8718,004366,2,18,3
8719,004366,3,21,3
8720,004367,0,12,3
8721,004367,1,15,3
8722,004367,2,18,3
8723,004370,3,26,4
8724,004370,0,14,4
8725,004370,1,18,4
8726,004371,2,22,4
8727,004371,3,26,4
8728,004371,0,14,4
8729,004372,1,18,4
8730,004372,2,22,4
8731,004372,3,26,4
8732,004373,0,14,4
8733,004373,1,18,4
8734,004373,2,22,4
8735,004374,3,26,4
8736,004374,0,14,4
8737,004374,1,18,4
8738,004375,2,22,4
8739,004375,3,26,4
8740,004375,0,14,4
8741,004376,1,18,4
8742,004376,2,22,4
8743,004377,3,26,4
8744,004377,0,14,4
8745,004377,1,18,4
8746,004410,2,14,2
8747,004410,3,16,2
8748,004410,0,10,2
8749,004411,1,12,2
8750,004411,2,14,2
8751,004411,3,16,2
8752,004412,0,10,2
8753,004412,1,12,2
8754,004412,2,14,2
8755,004413,3,16,2
8756,004413,0,10,2
8757,004413,1,12,2
8758,004414,2,14,2
8759,004414,3,16,2
8760,004414,0,10,2
8761,004415,1,12,2
8762,004415,2,14,2
8763,004415,3,16,2
8764,004416,0,10,2
8765,004416,1,12,2
8766,004416,2,14,2
8767,004417,3,16,2
8768,004417,0,10,2
8769,004417,1,12,2
8770,004420,2,15,2
8771,004420,3,17,2
8772,004420,0,11,2
8773,004421,1,13,2
8774,004421,2,15,2
8775,004421,3,17,2
8776,004422,0,11,2
8777,004422,1,13,2
8778,004422,2,15,2
8779,004423,3,17,2
8780,004423,0,11,2
8781,004423,1,13,2
8782,004424,2,15,2
8783,004424,3,17,2
8784,004424,0,11,2
8785,004425,1,13,2
8786,004425,2,15,2
8787,004425,3,17,2
8788,004426,0,11,2
8789,004426,1,13,2
8790,004426,2,15,2
8791,004427,3,17,2
8792,004427,0,11,2
8793,004427,1,13,2
8794,004430,2,19,3
8795,004430,3,22,3
8796,004430,0,13,3
8797,004431,1,16,3
8798,004431,2,19,3
8799,004431,3,22,3
8800,004432,0,13,3
8801,004432,1,16,3
8802,004432,2,19,3
8803,004433,3,22,3
8804,004433,0,13,3
8805,004433,1,16,3
8806,004434,2,19,3
8807,004434,3,22,3
8808,004434,0,13,3
8809,004435,1,16,3
8810,004435,2,19,3
8811,004435,3,22,3
8812,004436,0,13,3
8813,004436,1,16,3
8814,004436,2,19,3
8815,004437,3,22,3
8816,004437,0,13,3
8817,004437,1,16,3
8818,004440,2,15,2
8819,004440,3,17,2
8820,004440,0,11,2
8821,004441,1,13,2
8822,004441,2,15,2
8823,004441,3,17,2
8824,004442,0,11,2
8825,004442,1,13,2
8826,004442,2,15,2
8827,004443,3,17,2
8828,004443,0,11,2
8829,004443,1,13,2
8830,004444,2,15,2
8831,004444,3,17,2
8832,004444,0,11,2
8833,004445,1,13,2
8834,004445,2,15,2
8835,004445,3,17,2
8836,004446,0,11,2
8837,004446,1,13,2
8838,004446,2,15,2
8839,004447,3,17,2
8840,004447,0,11,2
8841,004447,1,13,2
8842,004450,2,18,3
8843,004450,3,21,3
8844,004450,0,12,3
8845,004451,1,15,3
8846,004451,2,18,3
8847,004451,3,21,3
8848,004452,0,12,3
8849,004452,1,15,3
8850,004452,2,18,3
8851,004453,3,21,3
8852,004453,0,12,3
8853,004453,1,15,3
8854,004454,2,18,3
8855,004454,3,21,3
8856,004454,0,12,3
8857,004455,1,15,3
8858,004455,2,18,3
8859,004455,3,21,3
8860,004456,0,12,3
8861,004456,1,15,3
8862,004456,2,18,3
8863,004457,3,21,3
8864,004457,0,12,3
8865,004457,1,15,3
8866,004460,2,18,3
8867,004460,3,21,3
8868,004460,0,12,3
8869,004461,1,15,3
8870,004461,2,18,3
8871,004461,3,21,3
8872,004462,0,12,3
8873,004462,1,15,3
8874,004462,2,18,3
8875,004463,3,21,3
8876,004463,0,12,3
8877,004463,1,15,3
8878,004464,2,18,3
8879,004464,3,21,3
8880,004464,0,12,3
8881,004465,1,15,3
8882,004465,2,18,3
8883,004465,3,21,3
8884,004466,0,12,3
8885,004466,1,15,3
8886,004466,2,18,3
8887,004467,3,21,3
8888,004467,0,12,3
8889,004467,1,15,3
8890,004470,2,22,4
8891,004470,3,26,4
8892,004470,0,14,4
8893,004471,1,18,4
8894,004471,2,22,4
8895,004471,3,26,4
8896,004472,0,14,4
8897,004472,1,18,4
8898,004472,2,22,4
8899,004473,3,26,4
8900,004473,0,14,4
8901,004473,1,18,4
8902,004474,2,22,4
8903,004474,3,26,4
8904,004474,0,14,4
8905,004475,1,18,4
8906,004475,2,22,4
8907,004475,3,26,4
8908,004476,0,14,4
8909,004476,1,18,4
8910,004477,2,22,4
8911,004477,3,26,4
8912,004477,0,14,4
8913,004510,1,12,2
8914,004510,2,14,2
8915,004510,3,16,2
8916,004511,0,10,2
8917,004511,1,12,2
8918,004511,2,14,2
8919,004512,3,16,2
8920,004512,0,10,2
8921,004512,1,12,2
8922,004513,2,14,2
8923,004513,3,16,2
8924,004513,0,10,2
8925,004514,1,12,2
8926,004514,2,14,2
8927,004514,3,16,2
8928,004515,0,10,2
8929,004515,1,12,2
8930,004515,2,14,2
8931,004516,3,16,2
8932,004516,0,10,2
8933,004516,1,12,2
8934,004517,2,14,2
8935,004517,3,16,2
8936,004517,0,10,2
8937,004520,1,13,2
8938,004520,2,15,2
8939,004520,3,17,2
8940,004521,0,11,2
8941,004521,1,13,2
8942,004521,2,15,2
8943,004522,3,17,2
8944,004522,0,11,2
8945,004522,1,13,2
8946,004523,2,15,2
8947,004523,3,17,2
8948,004523,0,11,2
8949,004524,1,13,2
8950,004524,2,15,2
8951,004524,3,17,2
8952,004525,0,11,2
8953,004525,1,13,2
8954,004525,2,15,2
8955,004526,3,17,2
8956,004526,0,11,2
8957,004526,1,13,2
8958,004527,2,15,2
8959,004527,3,17,2
8960,004527,0,11,2
8961,004530,1,16,3
8962,004530,2,19,3
8963,004530,3,22,3
8964,004531,0,13,3
8965,004531,1,16,3
8966,004531,2,19,3
8967,004532,3,22,3
8968,004532,0,13,3
8969,004532,1,16,3
8970,004533,2,19,3
8971,004533,3,22,3
8972,004533,0,13,3
8973,004534,1,16,3
8974,004534,2,19,3
8975,004534,3,22,3
8976,004535,0,13,3
8977,004535,1,16,3
8978,004535,2,19,3
8979,004536,3,22,3
8980,004536,0,13,3
8981,004536,1,16,3
8982,004537,2,19,3
8983,004537,3,22,3
8984,004537,0,13,3
8985,004540,1,13,2
8986,004540,2,15,2
8987,004540,3,17,2
8988,004541,0,11,2
8989,004541,1,13,2
8990,004541,2,15,2
8991,004542,3,17,2
8992,004542,0,11,2
8993,004542,1,13,2
8994,004543,2,15,2
8995,004543,3,17,2
8996,004543,0,11,2
8997,004544,1,13,2
8998,004544,2,15,2
8999,004544,3,17,2
9000,004545,0,11,2
9001,004545,1,13,2
9002,004545,2,15,2
9003,004546,3,17,2
9004,004546,0,11,2
9005,004546,1,13,2
9006,004547,2,15,2
9007,004547,3,17,2
9008,004547,0,11,2
9009,004550,1,15,3
9010,004550,2,18,3
9011,004550,3,21,3
9012,004551,0,12,3
9013,004551,1,15,3
9014,004551,2,18,3
9015,004552,3,21,3
9016,004552,0,12,3
9017,004552,1,15,3
9018,004553,2,18,3
9019,004553,3,21,3
9020,004553,0,12,3
9021,004554,1,15,3
9022,004554,2,18,3
9023,004554,3,21,3
9024,004555,0,12,3
9025,004555,1,15,3
9026,004555,2,18,3
9027,004556,3,21,3
9028,004556,0,12,3
9029,004556,1,15,3
9030,004557,2,18,3
9031,004557,3,21,3
9032,004557,0,12,3
9033,004560,1,15,3
9034,004560,2,18,3
9035,004560,3,21,3
9036,004561,0,12,3
9037,004561,1,15,3
9038,004561,2,18,3
9039,004562,3,21,3
9040,004562,0,12,3
9041,004562,1,15,3
9042,004563,2,18,3
9043,004563,3,21,3
9044,004563,0,12,3
9045,004564,1,15,3
9046,004564,2,18,3
9047,004564,3,21,3
9048,004565,0,12,3
9049,004565,1,15,3
9050,004565,2,18,3
9051,004566,3,21,3
9052,004566,0,12,3
9053,004566,1,15,3
9054,004567,2,18,3
9055,004567,3,21,3
9056,004567,0,12,3
9057,004570,1,18,4
9058,004570,2,22,4
9059,004570,3,26,4
9060,004571,0,14,4
9061,004571,1,18,4
9062,004571,2,22,4
9063,004572,3,26,4
9064,004572,0,14,4
9065,004572,1,18,4
9066,004573,2,22,4
9067,004573,3,26,4
9068,004573,0,14,4
9069,004574,1,18,4
9070,004574,2,22,4
9071,004574,3,26,4
9072,004575,0,14,4
9073,004575,1,18,4
9074,004575,2,22,4
9075,004576,3,26,4
9076,004576,0,14,4
9077,004577,1,18,4
9078,004577,2,22,4
9079,004577,3,26,4
9080,004610,0,10,2
9081,004610,1,12,2
9082,004610,2,14,2
9083,004611,3,16,2
9084,004611,0,10,2
9085,004611,1,12,2
9086,004612,2,14,2
9087,004612,3,16,2
9088,004612,0,10,2
9089,004613,1,12,2
9090,004613,2,14,2
9091,004613,3,16,2
9092,004614,0,10,2
9093,004614,1,12,2
9094,004614,2,14,2
9095,004615,3,16,2
9096,004615,0,10,2
9097,004615,1,12,2
9098,004616,2,14,2
9099,004616,3,16,2
9100,004616,0,10,2
9101,004617,1,12,2
9102,004617,2,14,2
9103,004617,3,16,2
9104,004620,0,11,2
9105,004620,1,13,2
9106,004620,2,15,2
9107,004621,3,17,2
9108,004621,0,11,2
9109,004621,1,13,2
9110,004622,2,15,2
9111,004622,3,17,2
9112,004622,0,11,2
9113,004623,1,13,2
9114,004623,2,15,2
9115,004623,3,17,2
9116,004624,0,11,2
9117,004624,1,13,2
9118,004624,2,15,2
9119,004625,3,17,2
9120,004625,0,11,2
9121,004625,1,13,2
9122,004626,2,15,2
9123,004626,3,17,2
9124,004626,0,11,2
9125,004627,1,13,2
9126,004627,2,15,2
9127,004627,3,17,2
9128,004630,0,13,3
9129,004630,1,16,3
9130,004630,2,19,3
9131,004631,3,22,3
9132,004631,0,13,3
9133,004631,1,16,3
9134,004632,2,19,3
9135,004632,3,22,3
9136,004632,0,13,3
9137,004633,1,16,3
9138,004633,2,19,3
9139,004633,3,22,3
9140,004634,0,13,3
9141,004634,1,16,3
9142,004634,2,19,3
9143,004635,3,22,3
9144,004635,0,13,3
9145,004635,1,16,3
9146,004636,2,19,3
9147,004636,3,22,3
9148,004636,0,13,3
9149,004637,1,16,3
9150,004637,2,19,3
9151,004637,3,22,3
9152,004640,0,11,2
9153,004640,1,13,2
9154,004640,2,15,2
9155,004641,3,17,2
9156,004641,0,11,2
9157,004641,1,13,2
9158,004642,2,15,2
9159,004642,3,17,2
9160,004642,0,11,2
9161,004643,1,13,2
9162,004643,2,15,2
9163,004643,3,17,2
9164,004644,0,11,2
9165,004644,1,13,2
9166,004644,2,15,2
9167,004645,3,17,2
9168,004645,0,11,2
9169,004645,1,13,2
9170,004646,2,15,2
9171,004646,3,17,2
9172,004646,0,11,2
9173,004647,1,13,2
9174,004647,2,15,2
9175,004647,3,17,2
9176,004650,0,12,3
9177,004650,1,15,3
9178,004650,2,18,3
9179,004651,3,21,3
9180,004651,0,12,3
9181,004651,1,15,3
9182,004652,2,18,3
9183,004652,3,21,3
9184,004652,0,12,3
9185,004653,1,15,3
9186,004653,2,18,3
9187,004653,3,21,3
9188,004654,0,12,3
9189,004654,1,15,3
9190,004654,2,18,3
9191,004655,3,21,3
9192,004655,0,12,3
9193,004655,1,15,3
9194,004656,2,18,3
9195,004656,3,21,3
9196,004656,0,12,3
9197,004657,1,15,3
9198,004657,2,18,3
9199,004657,3,21,3
9200,004660,0,12,3
9201,004660,1,15,3
9202,004660,2,18,3
9203,004661,3,21,3
9204,004661,0,12,3
9205,004661,1,15,3
9206,004662,2,18,3
9207,004662,3,21,3
9208,004662,0,12,3
9209,004663,1,15,3
9210,004663,2,18,3
9211,004663,3,21,3
9212,004664,0,12,3
9213,004664,1,15,3
9214,004664,2,18,3
9215,004665,3,21,3
9216,004665,0,12,3
9217,004665,1,15,3
9218,004666,2,18,3
9219,004666,3,21,3
9220,004666,0,12,3
9221,004667,1,15,3
9222,004667,2,18,3
9223,004667,3,21,3
9224,004670,0,14,4
9225,004670,1,18,4
9226,004670,2,22,4
9227,004671,3,26,4
9228,004671,0,14,4
9229,004671,1,18,4
9230,004672,2,22,4
9231,004672,3,26,4
9232,004672,0,14,4
9233,004673,1,18,4
9234,004673,2,22,4
9235,004673,3,26,4
9236,004674,0,14,4
9237,004674,1,18,4
9238,004674,2,22,4
9239,004675,3,26,4
9240,004675,0,14,4
9241,004675,1,18,4
9242,004676,2,22,4
9243,004676,3,26,4
9244,004677,0,14,4
9245,004677,1,18,4
9246,004677,2,22,4
9247,004710,3,16,2
9248,004710,0,10,2
9249,004710,1,12,2
9250,004711,2,14,2
9251,004711,3,16,2
9252,004711,0,10,2
9253,004712,1,12,2
9254,004712,2,14,2
9255,004712,3,16,2
9256,004713,0,10,2
9257,004713,1,12,2
9258,004713,2,14,2
9259,004714,3,16,2
9260,004714,0,10,2
9261,004714,1,12,2
9262,004715,2,14,2
9263,004715,3,16,2
9264,004715,0,10,2
9265,004716,1,12,2
9266,004716,2,14,2
9267,004716,3,16,2
9268,004717,0,10,2
9269,004717,1,12,2
9270,004717,2,14,2
9271,004720,3,17,2
9272,004720,0,11,2
9273,004720,1,13,2
9274,004721,2,15,2
9275,004721,3,17,2
9276,004721,0,11,2
9277,004722,1,13,2
9278,004722,2,15,2
9279,004722,3,17,2
9280,004723,0,11,2
9281,004723,1,13,2
9282,004723,2,15,2
9283,004724,3,17,2
9284,004724,0,11,2
9285,004724,1,13,2
9286,004725,2,15,2
9287,004725,3,17,2
9288,004725,0,11,2
9289,004726,1,13,2
9290,004726,2,15,2
9291,004726,3,17,2
9292,004727,0,11,2
9293,004727,1,13,2
9294,004727,2,15,2
9295,004730,3,22,3
9296,004730,0,13,3
9297,004730,1,16,3
9298,004731,2,19,3
9299,004731,3,22,3
9300,004731,0,13,3
9301,004732,1,16,3
9302,004732,2,19,3
9303,004732,3,22,3
9304,004733,0,13,3
9305,004733,1,16,3
9306,004733,2,19,3
9307,004734,3,22,3
9308,004734,0,13,3
9309,004734,1,16,3
9310,004735,2,19,3
9311,004735,3,22,3
9312,004735,0,13,3
9313,004736,1,16,3
9314,004736,2,19,3
9315,004736,3,22,3
9316,004737,0,13,3
9317,004737,1,16,3
9318,004737,2,19,3
9319,004740,3,17,2
9320,004740,0,11,2
9321,004740,1,13,2
9322,004741,2,15,2
9323,004741,3,17,2
9324,004741,0,11,2
9325,004742,1,13,2
9326,004742,2,15,2
9327,004742,3,17,2
9328,004743,0,11,2
9329,004743,1,13,2
9330,004743,2,15,2
9331,004744,3,17,2
9332,004744,0,11,2
9333,004744,1,13,2
9334,004745,2,15,2
9335,004745,3,17,2
9336,004745,0,11,2
9337,004746,1,13,2
9338,004746,2,15,2
9339,004746,3,17,2
9340,004747,0,11,2
9341,004747,1,13,2
9342,004747,2,15,2
9343,004750,3,21,3
9344,004750,0,12,3
9345,004750,1,15,3
9346,004751,2,18,3
9347,004751,3,21,3
9348,004751,0,12,3
9349,004752,1,15,3
9350,004752,2,18,3
9351,004752,3,21,3
9352,004753,0,12,3
9353,004753,1,15,3
9354,004753,2,18,3
9355,004754,3,21,3
9356,004754,0,12,3
9357,004754,1,15,3
9358,004755,2,18,3
9359,004755,3,21,3
9360,004755,0,12,3
9361,004756,1,15,3
9362,004756,2,18,3
9363,004756,3,21,3
9364,004757,0,12,3
9365,004757,1,15,3
9366,004757,2,18,3
9367,004760,3,21,3
9368,004760,0,12,3
9369,004760,1,15,3
9370,004761,2,18,3
9371,004761,3,21,3
9372,004761,0,12,3
9373,004762,1,15,3
9374,004762,2,18,3
9375,004762,3,21,3
9376,004763,0,12,3
9377,004763,1,15,3
9378,004763,2,18,3
9379,004764,3,21,3
9380,004764,0,12,3
9381,004764,1,15,3
9382,004765,2,18,3
9383,004765,3,21,3
9384,004765,0,12,3
9385,004766,1,15,3
9386,004766,2,18,3
9387,004766,3,21,3
9388,004767,0,12,3
9389,004767,1,15,3
9390,004767,2,18,3
9391,004770,3,26,4
9392,004770,0,14,4
9393,004770,1,18,4
9394,004771,2,22,4
9395,004771,3,26,4
9396,004771,0,14,4
9397,004772,1,18,4
9398,004772,2,22,4
9399,004772,3,26,4
9400,004773,0,14,4
9401,004773,1,18,4
9402,004773,2,22,4
9403,004774,3,26,4
9404,004774,0,14,4
9405,004774,1,18,4
9406,004775,2,22,4
9407,004775,3,26,4
9408,004775,0,14,4
9409,004776,1,18,4
9410,004776,2,22,4
9411,004777,3,26,4
9412,004777,0,14,4
9413,004777,1,18,4
9414,000200,2,9,2
9415,000200,3,11,2
9416,000200,0,5,2
9417,000200,1,7,2
9418,000200,2,9,2
9419,000200,3,11,2
9420,000200,0,5,2
9421,000200,1,7,2
9422,000200,2,9,2
9423,000200,3,11,2
9424,000200,0,5,2
9425,000200,1,7,2
9426,000200,2,9,2
9427,000200,3,11,2
9428,000200,0,5,2
9429,000200,1,7,2
9430,000200,2,9,2
9431,000200,3,11,2
9432,000200,0,5,2
9433,000200,1,7,2
9434,000200,2,9,2
9435,000200,3,11,2
9436,000200,0,5,2
9437,000200,1,7,2
9438,000200,2,9,2
9439,000200,3,11,2
9440,000200,0,5,2
9441,000200,1,7,2
9442,000200,2,9,2
9443,000200,3,11,2
9444,000200,0,5,2
9445,000200,1,7,2
9446,000200,2,9,2
9447,000200,3,11,2
9448,000200,0,5,2
9449,000200,1,7,2
9450,000200,2,9,2
9451,000200,3,11,2
9452,000200,0,5,2
9453,000200,1,7,2
9454,000200,2,9,2
9455,000200,3,11,2
9456,000200,0,5,2
9457,000200,1,7,2
9458,000200,2,9,2
9459,000200,3,11,2
9460,000200,0,5,2
9461,000200,1,7,2
9462,000200,2,9,2
9463,000200,3,11,2
9464,000200,0,5,2
9465,000200,1,7,2
9466,000200,2,9,2
9467,000200,3,11,2
9468,000200,0,5,2
9469,000200,1,7,2
9470,000200,2,9,2
9471,000200,3,11,2
9472,000200,0,5,2
9473,000200,1,7,2
9474,000200,2,9,2
9475,000200,3,11,2
9476,000200,0,5,2
9477,000200,1,7,2
9478,000200,2,9,2
9479,000200,3,11,2
9480,000200,0,5,2
9481,000200,1,7,2
9482,000200,2,9,2
9483,000200,3,11,2
9484,000200,0,5,2
9485,000200,1,7,2
9486,000200,2,9,2
9487,000200,3,11,2
9488,000200,0,5,2
9489,000200,1,7,2
9490,000200,2,9,2
9491,000200,3,11,2
9492,000200,0,5,2
9493,000200,1,7,2
9494,000200,2,9,2
9495,000200,3,11,2
9496,000200,0,5,2
9497,000200,1,7,2
9498,000200,2,9,2
9499,000200,3,11,2
9500,000200,0,5,2
9501,000200,1,7,2
9502,000200,2,9,2
9503,000200,3,11,2
9504,000200,0,5,2
9505,000200,1,7,2
9506,000200,2,9,2
9507,000200,3,11,2
9508,000200,0,5,2
9509,000200,1,7,2
9510,000200,2,9,2
9511,000200,3,11,2
9512,000200,0,5,2
9513,000200,1,7,2
9514,000200,2,9,2
9515,000200,3,11,2
9516,000200,0,5,2
9517,000200,1,7,2
9518,000200,2,9,2
9519,000200,3,11,2
9520,000200,0,5,2
9521,000200,1,7,2
9522,000200,2,9,2
9523,000200,3,11,2
9524,000200,0,5,2
9525,000200,1,7,2
9526,000201,2,9,2
9527,000201,3,11,2
9528,000201,0,5,2
9529,000201,1,7,2
9530,000201,2,9,2
9531,000201,3,11,2
9532,000201,0,5,2
9533,000201,1,7,2
9534,000201,2,9,2
9535,000201,3,11,2
9536,000201,0,5,2
9537,000201,1,7,2
9538,000201,2,9,2
9539,000201,3,11,2
9540,000201,0,5,2
9541,000201,1,7,2
9542,000201,2,9,2
9543,000201,3,11,2
9544,000201,0,5,2
9545,000201,1,7,2
9546,000201,2,9,2
9547,000201,3,11,2
9548,000201,0,5,2
9549,000201,1,7,2
9550,000201,2,9,2
9551,000201,3,11,2
9552,000201,0,5,2
9553,000201,1,7,2
9554,000201,2,9,2
9555,000201,3,11,2
9556,000201,0,5,2
9557,000201,1,7,2
9558,000201,2,9,2
9559,000201,3,11,2
9560,000201,0,5,2
9561,000201,1,7,2
9562,000201,2,9,2
9563,000201,3,11,2
9564,000201,0,5,2
9565,000201,1,7,2
9566,000201,2,9,2
9567,000201,3,11,2
9568,000201,0,5,2
9569,000201,1,7,2
9570,000201,2,9,2
9571,000201,3,11,2
9572,000201,0,5,2
9573,000201,1,7,2
9574,000201,2,9,2
9575,000201,3,11,2
9576,000201,0,5,2
9577,000201,1,7,2
9578,000201,2,9,2
9579,000201,3,11,2
9580,000201,0,5,2
9581,000201,1,7,2
9582,000201,2,9,2
9583,000201,3,11,2
9584,000201,0,5,2
9585,000201,1,7,2
9586,000201,2,9,2
9587,000201,3,11,2
9588,000201,0,5,2
9589,000201,1,7,2
9590,000201,2,9,2
9591,000201,3,11,2
9592,000201,0,5,2
9593,000201,1,7,2
9594,000201,2,9,2
9595,000201,3,11,2
9596,000201,0,5,2
9597,000201,1,7,2
9598,000201,2,9,2
9599,000201,3,11,2
9600,000201,0,5,2
9601,000201,1,7,2
9602,000201,2,9,2
9603,000201,3,11,2
9604,000201,0,5,2
9605,000201,1,7,2
9606,000201,2,9,2
9607,000201,3,11,2
9608,000201,0,5,2
9609,000201,1,7,2
9610,000201,2,9,2
9611,000201,3,11,2
9612,000201,0,5,2
9613,000201,1,7,2
9614,000201,2,9,2
9615,000201,3,11,2
9616,000201,0,5,2
9617,000201,1,7,2
9618,000201,2,9,2
9619,000201,3,11,2
9620,000201,0,5,2
9621,000201,1,7,2
9622,000201,2,9,2
9623,000201,3,11,2
9624,000201,0,5,2
9625,000201,1,7,2
9626,000201,2,9,2
9627,000201,3,11,2
9628,000201,0,5,2
9629,000201,1,7,2
9630,000201,2,9,2
9631,000201,3,11,2
9632,000201,0,5,2
9633,000201,1,7,2
9634,000201,2,9,2
9635,000201,3,11,2
9636,000201,0,5,2
9637,000201,1,7,2
9638,000202,2,9,2
9639,000202,3,11,2
9640,000202,0,5,2
9641,000202,1,7,2
9642,000202,2,9,2
9643,000202,3,11,2
9644,000202,0,5,2
9645,000202,1,7,2
9646,000202,2,9,2
9647,000202,3,11,2
9648,000202,0,5,2
9649,000202,1,7,2
9650,000202,2,9,2
9651,000202,3,11,2
9652,000202,0,5,2
9653,000202,1,7,2
9654,000202,2,9,2
9655,000202,3,11,2
9656,000202,0,5,2
9657,000202,1,7,2
9658,000202,2,9,2
9659,000202,3,11,2
9660,000202,0,5,2
9661,000202,1,7,2
9662,000202,2,9,2
9663,000202,3,11,2
9664,000202,0,5,2
9665,000202,1,7,2
9666,000202,2,9,2
9667,000202,3,11,2
9668,000202,0,5,2
9669,000202,1,7,2
9670,000202,2,9,2
9671,000202,3,11,2
9672,000202,0,5,2
9673,000202,1,7,2
9674,000202,2,9,2
9675,000202,3,11,2
9676,000202,0,5,2
9677,000202,1,7,2
9678,000202,2,9,2
9679,000202,3,11,2
9680,000202,0,5,2
9681,000202,1,7,2
9682,000202,2,9,2
9683,000202,3,11,2
9684,000202,0,5,2
9685,000202,1,7,2
9686,000202,2,9,2
9687,000202,3,11,2
9688,000202,0,5,2
9689,000202,1,7,2
9690,000202,2,9,2
9691,000202,3,11,2
9692,000202,0,5,2
9693,000202,1,7,2
9694,000202,2,9,2
9695,000202,3,11,2
9696,000202,0,5,2
9697,000202,1,7,2
9698,000202,2,9,2
9699,000202,3,11,2
9700,000202,0,5,2
9701,000202,1,7,2
9702,000202,2,9,2
9703,000202,3,11,2
9704,000202,0,5,2
9705,000202,1,7,2
9706,000202,2,9,2
9707,000202,3,11,2
9708,000202,0,5,2
9709,000202,1,7,2
9710,000202,2,9,2
9711,000202,3,11,2
9712,000202,0,5,2
9713,000202,1,7,2
9714,000202,2,9,2
9715,000202,3,11,2
9716,000202,0,5,2
9717,000202,1,7,2
9718,000202,2,9,2
9719,000202,3,11,2
9720,000202,0,5,2
9721,000202,1,7,2
9722,000202,2,9,2
9723,000202,3,11,2
9724,000202,0,5,2
9725,000202,1,7,2
9726,000202,2,9,2
9727,000202,3,11,2
9728,000202,0,5,2
9729,000202,1,7,2
9730,000202,2,9,2
9731,000202,3,11,2
9732,000202,0,5,2
9733,000202,1,7,2
9734,000202,2,9,2
9735,000202,3,11,2
9736,000202,0,5,2
9737,000202,1,7,2
9738,000202,2,9,2
9739,000202,3,11,2
9740,000202,0,5,2
9741,000202,1,7,2
9742,000202,2,9,2
9743,000202,3,11,2
9744,000202,0,5,2
9745,000202,1,7,2
9746,000202,2,9,2
9747,000202,3,11,2
9748,000202,0,5,2
9749,000202,1,7,2
9750,000203,2,9,2
9751,000203,3,11,2
9752,000203,0,5,2
9753,000203,1,7,2
9754,000203,2,9,2
9755,000203,3,11,2
9756,000203,0,5,2
9757,000203,1,7,2
9758,000203,2,9,2
9759,000203,3,11,2
9760,000203,0,5,2
9761,000203,1,7,2
9762,000203,2,9,2
9763,000203,3,11,2
9764,000203,0,5,2
9765,000203,1,7,2
9766,000203,2,9,2
9767,000203,3,11,2
9768,000203,0,5,2
9769,000203,1,7,2
9770,000203,2,9,2
9771,000203,3,11,2
9772,000203,0,5,2
9773,000203,1,7,2
9774,000203,2,9,2
9775,000203,3,11,2
9776,000203,0,5,2
9777,000203,1,7,2
9778,000203,2,9,2
9779,000203,3,11,2
9780,000203,0,5,2
9781,000203,1,7,2
9782,000203,2,9,2
9783,000203,3,11,2
9784,000203,0,5,2
9785,000203,1,7,2
9786,000203,2,9,2
9787,000203,3,11,2
9788,000203,0,5,2
9789,000203,1,7,2
9790,000203,2,9,2
9791,000203,3,11,2
9792,000203,0,5,2
9793,000203,1,7,2
9794,000203,2,9,2
9795,000203,3,11,2
9796,000203,0,5,2
9797,000203,1,7,2
9798,000203,2,9,2
9799,000203,3,11,2
9800,000203,0,5,2
9801,000203,1,7,2
9802,000203,2,9,2
9803,000203,3,11,2
9804,000203,0,5,2
9805,000203,1,7,2
9806,000203,2,9,2
9807,000203,3,11,2
9808,000203,0,5,2
9809,000203,1,7,2
9810,000203,2,9,2
9811,000203,3,11,2
9812,000203,0,5,2
9813,000203,1,7,2
9814,000203,2,9,2
9815,000203,3,11,2
9816,000203,0,5,2
9817,000203,1,7,2
9818,000203,2,9,2
9819,000203,3,11,2
9820,000203,0,5,2
9821,000203,1,7,2
9822,000203,2,9,2
9823,000203,3,11,2
9824,000203,0,5,2
9825,000203,1,7,2
9826,000203,2,9,2
9827,000203,3,11,2
9828,000203,0,5,2
9829,000203,1,7,2
9830,000203,2,9,2
9831,000203,3,11,2
9832,000203,0,5,2
9833,000203,1,7,2
9834,000203,2,9,2
9835,000203,3,11,2
9836,000203,0,5,2
9837,000203,1,7,2
9838,000203,2,9,2
9839,000203,3,11,2
9840,000203,0,5,2
9841,000203,1,7,2
9842,000203,2,9,2
9843,000203,3,11,2
9844,000203,0,5,2
9845,000203,1,7,2
9846,000203,2,9,2
9847,000203,3,11,2
9848,000203,0,5,2
9849,000203,1,7,2
9850,000203,2,9,2
9851,000203,3,11,2
9852,000203,0,5,2
9853,000203,1,7,2
9854,000203,2,9,2
9855,000203,3,11,2
9856,000203,0,5,2
9857,000203,1,7,2
9858,000203,2,9,2
9859,000203,3,11,2
9860,000203,0,5,2
9861,000203,1,7,2
9862,000204,2,9,2
9863,000204,3,11,2
9864,000204,0,5,2
9865,000204,1,7,2
9866,000204,2,9,2
9867,000204,3,11,2
9868,000204,0,5,2
9869,000204,1,7,2
9870,000204,2,9,2
9871,000204,3,11,2
9872,000204,0,5,2
9873,000204,1,7,2
9874,000204,2,9,2
9875,000204,3,11,2
9876,000204,0,5,2
9877,000204,1,7,2
9878,000204,2,9,2
9879,000204,3,11,2
9880,000204,0,5,2
9881,000204,1,7,2
9882,000204,2,9,2
9883,000204,3,11,2
9884,000204,0,5,2
9885,000204,1,7,2
9886,000204,2,9,2
9887,000204,3,11,2
9888,000204,0,5,2
9889,000204,1,7,2
9890,000204,2,9,2
9891,000204,3,11,2
9892,000204,0,5,2
9893,000204,1,7,2
9894,000204,2,9,2
9895,000204,3,11,2
9896,000204,0,5,2
9897,000204,1,7,2
9898,000204,2,9,2
9899,000204,3,11,2
9900,000204,0,5,2
9901,000204,1,7,2
9902,000204,2,9,2
9903,000204,3,11,2
9904,000204,0,5,2
9905,000204,1,7,2
9906,000204,2,9,2
9907,000204,3,11,2
9908,000204,0,5,2
9909,000204,1,7,2
9910,000204,2,9,2
9911,000204,3,11,2
9912,000204,0,5,2
9913,000204,1,7,2
9914,000204,2,9,2
9915,000204,3,11,2
9916,000204,0,5,2
9917,000204,1,7,2
9918,000204,2,9,2
9919,000204,3,11,2
9920,000204,0,5,2
9921,000204,1,7,2
9922,000204,2,9,2
9923,000204,3,11,2
9924,000204,0,5,2
9925,000204,1,7,2
9926,000204,2,9,2
9927,000204,3,11,2
9928,000204,0,5,2
9929,000204,1,7,2
9930,000204,2,9,2
9931,000204,3,11,2
9932,000204,0,5,2
9933,000204,1,7,2
9934,000204,2,9,2
9935,000204,3,11,2
9936,000204,0,5,2
9937,000204,1,7,2
9938,000204,2,9,2
9939,000204,3,11,2
9940,000204,0,5,2
9941,000204,1,7,2
9942,000204,2,9,2
9943,000204,3,11,2
9944,000204,0,5,2
9945,000204,1,7,2
9946,000204,2,9,2
9947,000204,3,11,2
9948,000204,0,5,2
9949,000204,1,7,2
9950,000204,2,9,2
9951,000204,3,11,2
9952,000204,0,5,2
9953,000204,1,7,2
9954,000204,2,9,2
9955,000204,3,11,2
9956,000204,0,5,2
9957,000204,1,7,2
9958,000204,2,9,2
9959,000204,3,11,2
9960,000204,0,5,2
9961,000204,1,7,2
9962,000204,2,9,2
9963,000204,3,11,2
9964,000204,0,5,2
9965,000204,1,7,2
9966,000204,2,9,2
9967,000204,3,11,2
9968,000204,0,5,2
9969,000204,1,7,2
9970,000204,2,9,2
9971,000204,3,11,2
9972,000204,0,5,2
9973,000204,1,7,2
9974,000205,2,9,2
9975,000205,3,11,2
9976,000205,0,5,2
9977,000205,1,7,2
9978,000205,2,9,2
9979,000205,3,11,2
9980,000205,0,5,2
9981,000205,1,7,2
9982,000205,2,9,2
9983,000205,3,11,2
9984,000205,0,5,2
9985,000205,1,7,2
9986,000205,2,9,2
9987,000205,3,11,2
9988,000205,0,5,2
9989,000205,1,7,2
9990,000205,2,9,2
9991,000205,3,11,2
9992,000205,0,5,2
9993,000205,1,7,2
9994,000205,2,9,2
9995,000205,3,11,2
9996,000205,0,5,2
9997,000205,1,7,2
9998,000205,2,9,2
9999,000205,3,11,2
10000,000205,0,5,2
10001,000205,1,7,2
10002,000205,2,9,2
10003,000205,3,11,2
10004,000205,0,5,2
10005,000205,1,7,2
10006,000205,2,9,2
10007,000205,3,11,2
10008,000205,0,5,2
10009,000205,1,7,2
10010,000205,2,9,2
10011,000205,3,11,2
10012,000205,0,5,2
10013,000205,1,7,2
10014,000205,2,9,2
10015,000205,3,11,2
10016,000205,0,5,2
10017,000205,1,7,2
10018,000205,2,9,2
10019,000205,3,11,2
10020,000205,0,5,2
10021,000205,1,7,2
10022,000205,2,9,2
10023,000205,3,11,2
10024,000205,0,5,2
10025,000205,1,7,2
10026,000205,2,9,2
10027,000205,3,11,2
10028,000205,0,5,2
10029,000205,1,7,2
10030,000205,2,9,2
10031,000205,3,11,2
10032,000205,0,5,2
10033,000205,1,7,2
10034,000205,2,9,2
10035,000205,3,11,2
10036,000205,0,5,2
10037,000205,1,7,2
10038,000205,2,9,2
10039,000205,3,11,2
10040,000205,0,5,2
10041,000205,1,7,2
10042,000205,2,9,2
10043,000205,3,11,2
10044,000205,0,5,2
10045,000205,1,7,2
10046,000205,2,9,2
10047,000205,3,11,2
10048,000205,0,5,2
10049,000205,1,7,2
10050,000205,2,9,2
10051,000205,3,11,2
10052,000205,0,5,2
10053,000205,1,7,2
10054,000205,2,9,2
10055,000205,3,11,2
10056,000205,0,5,2
10057,000205,1,7,2
10058,000205,2,9,2
10059,000205,3,11,2
10060,000205,0,5,2
10061,000205,1,7,2
10062,000205,2,9,2
10063,000205,3,11,2
10064,000205,0,5,2
10065,000205,1,7,2
10066,000205,2,9,2
10067,000205,3,11,2
10068,000205,0,5,2
10069,000205,1,7,2
10070,000205,2,9,2
10071,000205,3,11,2
10072,000205,0,5,2
10073,000205,1,7,2
10074,000205,2,9,2
10075,000205,3,11,2
10076,000205,0,5,2
10077,000205,1,7,2
10078,000205,2,9,2
10079,000205,3,11,2
10080,000205,0,5,2
10081,000205,1,7,2
10082,000205,2,9,2
10083,000205,3,11,2
10084,000205,0,5,2
10085,000205,1,7,2
10086,000206,2,9,2
10087,000206,3,11,2
10088,000206,0,5,2
10089,000206,1,7,2
10090,000206,2,9,2
10091,000206,3,11,2
10092,000206,0,5,2
10093,000206,1,7,2
10094,000206,2,9,2
10095,000206,3,11,2
10096,000206,0,5,2
10097,000206,1,7,2
10098,000206,2,9,2
10099,000206,3,11,2
10100,000206,0,5,2
10101,000206,1,7,2
10102,000206,2,9,2
10103,000206,3,11,2
10104,000206,0,5,2
10105,000206,1,7,2
10106,000206,2,9,2
10107,000206,3,11,2
10108,000206,0,5,2
10109,000206,1,7,2
10110,000206,2,9,2
10111,000206,3,11,2
10112,000206,0,5,2
10113,000206,1,7,2
10114,000206,2,9,2
10115,000206,3,11,2
10116,000206,0,5,2
10117,000206,1,7,2
10118,000206,2,9,2
10119,000206,3,11,2
10120,000206,0,5,2
10121,000206,1,7,2
10122,000206,2,9,2
10123,000206,3,11,2
10124,000206,0,5,2
10125,000206,1,7,2
10126,000206,2,9,2
10127,000206,3,11,2
10128,000206,0,5,2
10129,000206,1,7,2
10130,000206,2,9,2
10131,000206,3,11,2
10132,000206,0,5,2
10133,000206,1,7,2
10134,000206,2,9,2
10135,000206,3,11,2
10136,000206,0,5,2
10137,000206,1,7,2
10138,000206,2,9,2
10139,000206,3,11,2
10140,000206,0,5,2
10141,000206,1,7,2
10142,000206,2,9,2
10143,000206,3,11,2
10144,000206,0,5,2
10145,000206,1,7,2
10146,000206,2,9,2
10147,000206,3,11,2
10148,000206,0,5,2
10149,000206,1,7,2
10150,000206,2,9,2
10151,000206,3,11,2
10152,000206,0,5,2
10153,000206,1,7,2
10154,000206,2,9,2
10155,000206,3,11,2
10156,000206,0,5,2
10157,000206,1,7,2
10158,000206,2,9,2
10159,000206,3,11,2
10160,000206,0,5,2
10161,000206,1,7,2
10162,000206,2,9,2
10163,000206,3,11,2
10164,000206,0,5,2
10165,000206,1,7,2
10166,000206,2,9,2
10167,000206,3,11,2
10168,000206,0,5,2
10169,000206,1,7,2
10170,000206,2,9,2
10171,000206,3,11,2
10172,000206,0,5,2
10173,000206,1,7,2
10174,000206,2,9,2
10175,000206,3,11,2
10176,000206,0,5,2
10177,000206,1,7,2
10178,000206,2,9,2
10179,000206,3,11,2
10180,000206,0,5,2
10181,000206,1,7,2
10182,000206,2,9,2
10183,000206,3,11,2
10184,000206,0,5,2
10185,000206,1,7,2
10186,000206,2,9,2
10187,000206,3,11,2
10188,000206,0,5,2
10189,000206,1,7,2
10190,000206,2,9,2
10191,000206,3,11,2
10192,000206,0,5,2
10193,000206,1,7,2
10194,000206,2,9,2
10195,000206,3,11,2
10196,000206,0,5,2
10197,000206,1,7,2
10198,000207,2,9,2
10199,000207,3,11,2
10200,000207,0,5,2
10201,000207,1,7,2
10202,000207,2,9,2
10203,000207,3,11,2
10204,000207,0,5,2
10205,000207,1,7,2
10206,000207,2,9,2
10207,000207,3,11,2
10208,000207,0,5,2
10209,000207,1,7,2
10210,000207,2,9,2
10211,000207,3,11,2
10212,000207,0,5,2
10213,000207,1,7,2
10214,000207,2,9,2
10215,000207,3,11,2
10216,000207,0,5,2
10217,000207,1,7,2
10218,000207,2,9,2
10219,000207,3,11,2
10220,000207,0,5,2
10221,000207,1,7,2
10222,000207,2,9,2
10223,000207,3,11,2
10224,000207,0,5,2
10225,000207,1,7,2
10226,000207,2,9,2
10227,000207,3,11,2
10228,000207,0,5,2
10229,000207,1,7,2
10230,000207,2,9,2
10231,000207,3,11,2
10232,000207,0,5,2
10233,000207,1,7,2
10234,000207,2,9,2
10235,000207,3,11,2
10236,000207,0,5,2
10237,000207,1,7,2
10238,000207,2,9,2
10239,000207,3,11,2
10240,000207,0,5,2
10241,000207,1,7,2
10242,000207,2,9,2
10243,000207,3,11,2
10244,000207,0,5,2
10245,000207,1,7,2
10246,000207,2,9,2
10247,000207,3,11,2
10248,000207,0,5,2
10249,000207,1,7,2
10250,000207,2,9,2
10251,000207,3,11,2
10252,000207,0,5,2
10253,000207,1,7,2
10254,000207,2,9,2
10255,000207,3,11,2
10256,000207,0,5,2
10257,000207,1,7,2
10258,000207,2,9,2
10259,000207,3,11,2
10260,000207,0,5,2
10261,000207,1,7,2
10262,000207,2,9,2
10263,000207,3,11,2
10264,000207,0,5,2
10265,000207,1,7,2
10266,000207,2,9,2
10267,000207,3,11,2
10268,000207,0,5,2
10269,000207,1,7,2
10270,000207,2,9,2
10271,000207,3,11,2
10272,000207,0,5,2
10273,000207,1,7,2
10274,000207,2,9,2
10275,000207,3,11,2
10276,000207,0,5,2
10277,000207,1,7,2
10278,000207,2,9,2
10279,000207,3,11,2
10280,000207,0,5,2
10281,000207,1,7,2
10282,000207,2,9,2
10283,000207,3,11,2
10284,000207,0,5,2
10285,000207,1,7,2
10286,000207,2,9,2
10287,000207,3,11,2
10288,000207,0,5,2
10289,000207,1,7,2
10290,000207,2,9,2
10291,000207,3,11,2
10292,000207,0,5,2
10293,000207,1,7,2
10294,000207,2,9,2
10295,000207,3,11,2
10296,000207,0,5,2
10297,000207,1,7,2
10298,000207,2,9,2
10299,000207,3,11,2
10300,000207,0,5,2
10301,000207,1,7,2
10302,000207,2,9,2
10303,000207,3,11,2
10304,000207,0,5,2
10305,000207,1,7,2
10306,000207,2,9,2
10307,000207,3,11,2
10308,000207,0,5,2
10309,000207,1,7,2
10310,000200,2,9,2
10311,000200,3,11,2
10312,000200,0,5,2
10313,000201,1,7,2
10314,000201,2,9,2
10315,000201,3,11,2
10316,000202,0,5,2
10317,000202,1,7,2
10318,000202,2,9,2
10319,000203,3,11,2
10320,000203,0,5,2
10321,000203,1,7,2
10322,000204,2,9,2
10323,000204,3,11,2
10324,000204,0,5,2
10325,000205,1,7,2
10326,000205,2,9,2
10327,000205,3,11,2
10328,000206,0,5,2
10329,000206,1,7,2
10330,000206,2,9,2
10331,000207,3,11,2
10332,000207,0,5,2
10333,000207,1,7,2
10334,077000,2,11,1
10335,077000,3,11,1
10336,077000,0,9,1
10337,077000,1,10,1
10338,077000,2,11,1
10339,077000,3,12,1
10340,077000,0,9,1
10341,077001,1,10,1
10342,077001,2,10,1
10343,077001,3,12,1
10344,077001,0,9,1
10345,077001,1,10,1
10346,077001,2,11,1
10347,077001,3,12,1
10348,077002,0,9,1
10349,077002,1,9,1
10350,077002,2,11,1
10351,077002,3,12,1
10352,077002,0,9,1
10353,077002,1,10,1
10354,077002,2,11,1
10355,077003,3,12,1
10356,077003,0,8,1
10357,077003,1,10,1
10358,077003,2,11,1
10359,077003,3,12,1
10360,077003,0,9,1
10361,077003,1,10,1
10362,077004,2,11,1
10363,077004,3,11,1
10364,077004,0,9,1
10365,077004,1,10,1
10366,077004,2,11,1
10367,077004,3,12,1
10368,077004,0,9,1
10369,077005,1,10,1
10370,077005,2,10,1
10371,077005,3,12,1
10372,077005,0,9,1
10373,077005,1,10,1
10374,077005,2,11,1
10375,077005,3,12,1
10376,077006,0,9,1
10377,077006,1,9,1
10378,077006,2,11,1
10379,077006,3,12,1
10380,077006,0,9,1
10381,077006,1,10,1
10382,077006,2,11,1
10383,077007,3,12,1
10384,077007,0,8,1
10385,077007,1,10,1
10386,077007,2,11,1
10387,077007,3,12,1
10388,077007,0,9,1
10389,077007,1,10,1
10390,077010,2,11,1
10391,077010,3,11,1
10392,077010,0,9,1
10393,077010,1,10,1
10394,077010,2,11,1
10395,077010,3,12,1
10396,077010,0,9,1
10397,077011,1,10,1
10398,077011,2,10,1
10399,077011,3,12,1
10400,077011,0,9,1
10401,077011,1,10,1
10402,077011,2,11,1
10403,077011,3,12,1
10404,077012,0,9,1
10405,077012,1,9,1
10406,077012,2,11,1
10407,077012,3,12,1
10408,077012,0,9,1
10409,077012,1,10,1
10410,077012,2,11,1
10411,077013,3,12,1
10412,077013,0,8,1
10413,077013,1,10,1
10414,077013,2,11,1
10415,077013,3,12,1
10416,077013,0,9,1
10417,077013,1,10,1
10418,077014,2,11,1
10419,077014,3,11,1
10420,077014,0,9,1
10421,077014,1,10,1
10422,077014,2,11,1
10423,077014,3,12,1
10424,077014,0,9,1
10425,077015,1,10,1
10426,077015,2,10,1
10427,077015,3,12,1
10428,077015,0,9,1
10429,077015,1,10,1
10430,077015,2,11,1
10431,077015,3,12,1
10432,077016,0,9,1
10433,077016,1,9,1
10434,077016,2,11,1
10435,077016,3,12,1
10436,077016,0,9,1
10437,077016,1,10,1
10438,077016,2,11,1
10439,077017,3,12,1
10440,077017,0,8,1
10441,077017,1,10,1
10442,077017,2,11,1
10443,077017,3,12,1
10444,077017,0,9,1
10445,077017,1,10,1
10446,077020,2,11,1
10447,077020,3,11,1
10448,077020,0,9,1
10449,077020,1,10,1
10450,077020,2,11,1
10451,077020,3,12,1
10452,077020,0,9,1
10453,077021,1,10,1
10454,077021,2,10,1
10455,077021,3,12,1
10456,077021,0,9,1
10457,077021,1,10,1
10458,077021,2,11,1
10459,077021,3,12,1
10460,077022,0,9,1
10461,077022,1,9,1
10462,077022,2,11,1
10463,077022,3,12,1
10464,077022,0,9,1
10465,077022,1,10,1
10466,077022,2,11,1
10467,077023,3,12,1
10468,077023,0,8,1
10469,077023,1,10,1
10470,077023,2,11,1
10471,077023,3,12,1
10472,077023,0,9,1
10473,077023,1,10,1
10474,077024,2,11,1
10475,077024,3,11,1
10476,077024,0,9,1
10477,077024,1,10,1
10478,077024,2,11,1
10479,077024,3,12,1
10480,077024,0,9,1
10481,077025,1,10,1
10482,077025,2,10,1
10483,077025,3,12,1
10484,077025,0,9,1
10485,077025,1,10,1
10486,077025,2,11,1
10487,077025,3,12,1
10488,077026,0,9,1
10489,077026,1,9,1
10490,077026,2,11,1
10491,077026,3,12,1
10492,077026,0,9,1
10493,077026,1,10,1
10494,077026,2,11,1
10495,077027,3,12,1
10496,077027,0,8,1
10497,077027,1,10,1
10498,077027,2,11,1
10499,077027,3,12,1
10500,077027,0,9,1
10501,077027,1,10,1
10502,077030,2,11,1
10503,077030,3,11,1
10504,077030,0,9,1
10505,077030,1,10,1
10506,077030,2,11,1
10507,077030,3,12,1
10508,077030,0,9,1
10509,077031,1,10,1
10510,077031,2,10,1
10511,077031,3,12,1
10512,077031,0,9,1
10513,077031,1,10,1
10514,077031,2,11,1
10515,077031,3,12,1
10516,077032,0,9,1
10517,077032,1,9,1
10518,077032,2,11,1
10519,077032,3,12,1
10520,077032,0,9,1
10521,077032,1,10,1
10522,077032,2,11,1
10523,077033,3,12,1
10524,077033,0,8,1
10525,077033,1,10,1
10526,077033,2,11,1
10527,077033,3,12,1
10528,077033,0,9,1
10529,077033,1,10,1
10530,077034,2,11,1
10531,077034,3,11,1
10532,077034,0,9,1
10533,077034,1,10,1
10534,077034,2,11,1
10535,077034,3,12,1
10536,077034,0,9,1
10537,077035,1,10,1
10538,077035,2,10,1
10539,077035,3,12,1
10540,077035,0,9,1
10541,077035,1,10,1
10542,077035,2,11,1
10543,077035,3,12,1
10544,077036,0,9,1
10545,077036,1,9,1
10546,077036,2,11,1
10547,077036,3,12,1
10548,077036,0,9,1
10549,077036,1,10,1
10550,077036,2,11,1
10551,077037,3,12,1
10552,077037,0,8,1
10553,077037,1,10,1
10554,077037,2,11,1
10555,077037,3,12,1
10556,077037,0,9,1
10557,077037,1,10,1
10558,077040,2,11,1
10559,077040,3,11,1
10560,077040,0,9,1
10561,077040,1,10,1
10562,077040,2,11,1
10563,077040,3,12,1
10564,077040,0,9,1
10565,077041,1,10,1
10566,077041,2,10,1
10567,077041,3,12,1
10568,077041,0,9,1
10569,077041,1,10,1
10570,077041,2,11,1
10571,077041,3,12,1
10572,077042,0,9,1
10573,077042,1,9,1
10574,077042,2,11,1
10575,077042,3,12,1
10576,077042,0,9,1
10577,077042,1,10,1
10578,077042,2,11,1
10579,077043,3,12,1
10580,077043,0,8,1
10581,077043,1,10,1
10582,077043,2,11,1
10583,077043,3,12,1
10584,077043,0,9,1
10585,077043,1,10,1
10586,077044,2,11,1
10587,077044,3,11,1
10588,077044,0,9,1
10589,077044,1,10,1
10590,077044,2,11,1
10591,077044,3,12,1
10592,077044,0,9,1
10593,077045,1,10,1
10594,077045,2,10,1
10595,077045,3,12,1
10596,077045,0,9,1
10597,077045,1,10,1
10598,077045,2,11,1
10599,077045,3,12,1
10600,077046,0,9,1
10601,077046,1,9,1
10602,077046,2,11,1
10603,077046,3,12,1
10604,077046,0,9,1
10605,077046,1,10,1
10606,077046,2,11,1
10607,077047,3,12,1
10608,077047,0,8,1
10609,077047,1,10,1
10610,077047,2,11,1
10611,077047,3,12,1
10612,077047,0,9,1
10613,077047,1,10,1
10614,077050,2,11,1
10615,077050,3,11,1
10616,077050,0,9,1
10617,077050,1,10,1
10618,077050,2,11,1
10619,077050,3,12,1
10620,077050,0,9,1
10621,077051,1,10,1
10622,077051,2,10,1
10623,077051,3,12,1
10624,077051,0,9,1
10625,077051,1,10,1
10626,077051,2,11,1
10627,077051,3,12,1
10628,077052,0,9,1
10629,077052,1,9,1
10630,077052,2,11,1
10631,077052,3,12,1
10632,077052,0,9,1
10633,077052,1,10,1
10634,077052,2,11,1
10635,077053,3,12,1
10636,077053,0,8,1
10637,077053,1,10,1
10638,077053,2,11,1
10639,077053,3,12,1
10640,077053,0,9,1
10641,077053,1,10,1
10642,077054,2,11,1
10643,077054,3,11,1
10644,077054,0,9,1
10645,077054,1,10,1
10646,077054,2,11,1
10647,077054,3,12,1
10648,077054,0,9,1
10649,077055,1,10,1
10650,077055,2,10,1
10651,077055,3,12,1
10652,077055,0,9,1
10653,077055,1,10,1
10654,077055,2,11,1
10655,077055,3,12,1
10656,077056,0,9,1
10657,077056,1,9,1
10658,077056,2,11,1
10659,077056,3,12,1
10660,077056,0,9,1
10661,077056,1,10,1
10662,077056,2,11,1
10663,077057,3,12,1
10664,077057,0,8,1
10665,077057,1,10,1
10666,077057,2,11,1
10667,077057,3,12,1
10668,077057,0,9,1
10669,077057,1,10,1
10670,077060,2,11,1
10671,077060,3,11,1
10672,077060,0,9,1
10673,077060,1,10,1
10674,077060,2,11,1
10675,077060,3,12,1
10676,077060,0,9,1
10677,077061,1,10,1
10678,077061,2,10,1
10679,077061,3,12,1
10680,077061,0,9,1
10681,077061,1,10,1
10682,077061,2,11,1
10683,077061,3,12,1
10684,077062,0,9,1
10685,077062,1,9,1
10686,077062,2,11,1
10687,077062,3,12,1
10688,077062,0,9,1
10689,077062,1,10,1
10690,077062,2,11,1
10691,077063,3,12,1
10692,077063,0,8,1
10693,077063,1,10,1
10694,077063,2,11,1
10695,077063,3,12,1
10696,077063,0,9,1
10697,077063,1,10,1
10698,077064,2,11,1
10699,077064,3,11,1
10700,077064,0,9,1
10701,077064,1,10,1
10702,077064,2,11,1
10703,077064,3,12,1
10704,077064,0,9,1
10705,077065,1,10,1
10706,077065,2,10,1
10707,077065,3,12,1
10708,077065,0,9,1
10709,077065,1,10,1
10710,077065,2,11,1
10711,077065,3,12,1
10712,077066,0,9,1
10713,077066,1,9,1
10714,077066,2,11,1
10715,077066,3,12,1
10716,077066,0,9,1
10717,077066,1,10,1
10718,077066,2,11,1
10719,077067,3,12,1
10720,077067,0,8,1
10721,077067,1,10,1
10722,077067,2,11,1
10723,077067,3,12,1
10724,077067,0,9,1
10725,077067,1,10,1
10726,077070,2,11,1
10727,077070,3,11,1
10728,077070,0,9,1
10729,077070,1,10,1
10730,077070,2,11,1
10731,077070,3,12,1
10732,077070,0,9,1
10733,077071,1,10,1
10734,077071,2,10,1
10735,077071,3,12,1
10736,077071,0,9,1
10737,077071,1,10,1
10738,077071,2,11,1
10739,077071,3,12,1
10740,077072,0,9,1
10741,077072,1,9,1
10742,077072,2,11,1
10743,077072,3,12,1
10744,077072,0,9,1
10745,077072,1,10,1
10746,077072,2,11,1
10747,077073,3,12,1
10748,077073,0,8,1
10749,077073,1,10,1
10750,077073,2,11,1
10751,077073,3,12,1
10752,077073,0,9,1
10753,077073,1,10,1
10754,077074,2,11,1
10755,077074,3,11,1
10756,077074,0,9,1
10757,077074,1,10,1
10758,077074,2,11,1
10759,077074,3,12,1
10760,077074,0,9,1
10761,077075,1,10,1
10762,077075,2,10,1
10763,077075,3,12,1
10764,077075,0,9,1
10765,077075,1,10,1
10766,077075,2,11,1
10767,077075,3,12,1
10768,077076,0,9,1
10769,077076,1,9,1
10770,077076,2,11,1
10771,077076,3,12,1
10772,077076,0,9,1
10773,077076,1,10,1
10774,077076,2,11,1
10775,077077,3,12,1
10776,077077,0,8,1
10777,077077,1,10,1
10778,077077,2,11,1
10779,077077,3,12,1
10780,077077,0,9,1
10781,077077,1,10,1
10782,077100,2,11,1
10783,077100,3,11,1
10784,077100,0,9,1
10785,077100,1,10,1
10786,077100,2,11,1
10787,077100,3,12,1
10788,077100,0,9,1
10789,077101,1,10,1
10790,077101,2,10,1
10791,077101,3,12,1
10792,077101,0,9,1
10793,077101,1,10,1
10794,077101,2,11,1
10795,077101,3,12,1
10796,077102,0,9,1
10797,077102,1,9,1
10798,077102,2,11,1
10799,077102,3,12,1
10800,077102,0,9,1
10801,077102,1,10,1
10802,077102,2,11,1
10803,077103,3,12,1
10804,077103,0,8,1
10805,077103,1,10,1
10806,077103,2,11,1
10807,077103,3,12,1
10808,077103,0,9,1
10809,077103,1,10,1
10810,077104,2,11,1
10811,077104,3,11,1
10812,077104,0,9,1
10813,077104,1,10,1
10814,077104,2,11,1
10815,077104,3,12,1
10816,077104,0,9,1
10817,077105,1,10,1
10818,077105,2,10,1
10819,077105,3,12,1
10820,077105,0,9,1
10821,077105,1,10,1
10822,077105,2,11,1
10823,077105,3,12,1
10824,077106,0,9,1
10825,077106,1,9,1
10826,077106,2,11,1
10827,077106,3,12,1
10828,077106,0,9,1
10829,077106,1,10,1
10830,077106,2,11,1
10831,077107,3,12,1
10832,077107,0,8,1
10833,077107,1,10,1
10834,077107,2,11,1
10835,077107,3,12,1
10836,077107,0,9,1
10837,077107,1,10,1
10838,077110,2,11,1
10839,077110,3,11,1
10840,077110,0,9,1
10841,077110,1,10,1
10842,077110,2,11,1
10843,077110,3,12,1
10844,077110,0,9,1
10845,077111,1,10,1
10846,077111,2,10,1
10847,077111,3,12,1
10848,077111,0,9,1
10849,077111,1,10,1
10850,077111,2,11,1
10851,077111,3,12,1
10852,077112,0,9,1
10853,077112,1,9,1
10854,077112,2,11,1
10855,077112,3,12,1
10856,077112,0,9,1
10857,077112,1,10,1
10858,077112,2,11,1
10859,077113,3,12,1
10860,077113,0,8,1
10861,077113,1,10,1
10862,077113,2,11,1
10863,077113,3,12,1
10864,077113,0,9,1
10865,077113,1,10,1
10866,077114,2,11,1
10867,077114,3,11,1
10868,077114,0,9,1
10869,077114,1,10,1
10870,077114,2,11,1
10871,077114,3,12,1
10872,077114,0,9,1
10873,077115,1,10,1
10874,077115,2,10,1
10875,077115,3,12,1
10876,077115,0,9,1
10877,077115,1,10,1
10878,077115,2,11,1
10879,077115,3,12,1
10880,077116,0,9,1
10881,077116,1,9,1
10882,077116,2,11,1
10883,077116,3,12,1
10884,077116,0,9,1
10885,077116,1,10,1
10886,077116,2,11,1
10887,077117,3,12,1
10888,077117,0,8,1
10889,077117,1,10,1
10890,077117,2,11,1
10891,077117,3,12,1
10892,077117,0,9,1
10893,077117,1,10,1
10894,077120,2,11,1
10895,077120,3,11,1
10896,077120,0,9,1
10897,077120,1,10,1
10898,077120,2,11,1
10899,077120,3,12,1
10900,077120,0,9,1
10901,077121,1,10,1
10902,077121,2,10,1
10903,077121,3,12,1
10904,077121,0,9,1
10905,077121,1,10,1
10906,077121,2,11,1
10907,077121,3,12,1
10908,077122,0,9,1
10909,077122,1,9,1
10910,077122,2,11,1
10911,077122,3,12,1
10912,077122,0,9,1
10913,077122,1,10,1
10914,077122,2,11,1
10915,077123,3,12,1
10916,077123,0,8,1
10917,077123,1,10,1
10918,077123,2,11,1
10919,077123,3,12,1
10920,077123,0,9,1
10921,077123,1,10,1
10922,077124,2,11,1
10923,077124,3,11,1
10924,077124,0,9,1
10925,077124,1,10,1
10926,077124,2,11,1
10927,077124,3,12,1
10928,077124,0,9,1
10929,077125,1,10,1
10930,077125,2,10,1
10931,077125,3,12,1
10932,077125,0,9,1
10933,077125,1,10,1
10934,077125,2,11,1
10935,077125,3,12,1
10936,077126,0,9,1
10937,077126,1,9,1
10938,077126,2,11,1
10939,077126,3,12,1
10940,077126,0,9,1
10941,077126,1,10,1
10942,077126,2,11,1
10943,077127,3,12,1
10944,077127,0,8,1
10945,077127,1,10,1
10946,077127,2,11,1
10947,077127,3,12,1
10948,077127,0,9,1
10949,077127,1,10,1
10950,077130,2,11,1
10951,077130,3,11,1
10952,077130,0,9,1
10953,077130,1,10,1
10954,077130,2,11,1
10955,077130,3,12,1
10956,077130,0,9,1
10957,077131,1,10,1
10958,077131,2,10,1
10959,077131,3,12,1
10960,077131,0,9,1
10961,077131,1,10,1
10962,077131,2,11,1
10963,077131,3,12,1
10964,077132,0,9,1
10965,077132,1,9,1
10966,077132,2,11,1
10967,077132,3,12,1
10968,077132,0,9,1
10969,077132,1,10,1
10970,077132,2,11,1
10971,077133,3,12,1
10972,077133,0,8,1
10973,077133,1,10,1
10974,077133,2,11,1
10975,077133,3,12,1
10976,077133,0,9,1
10977,077133,1,10,1
10978,077134,2,11,1
10979,077134,3,11,1
10980,077134,0,9,1
10981,077134,1,10,1
10982,077134,2,11,1
10983,077134,3,12,1
10984,077134,0,9,1
10985,077135,1,10,1
10986,077135,2,10,1
10987,077135,3,12,1
10988,077135,0,9,1
10989,077135,1,10,1
10990,077135,2,11,1
10991,077135,3,12,1
10992,077136,0,9,1
10993,077136,1,9,1
10994,077136,2,11,1
10995,077136,3,12,1
10996,077136,0,9,1
10997,077136,1,10,1
10998,077136,2,11,1
10999,077137,3,12,1
11000,077137,0,8,1
11001,077137,1,10,1
11002,077137,2,11,1
11003,077137,3,12,1
11004,077137,0,9,1
11005,077137,1,10,1
11006,077140,2,11,1
11007,077140,3,11,1
11008,077140,0,9,1
11009,077140,1,10,1
11010,077140,2,11,1
11011,077140,3,12,1
11012,077140,0,9,1
11013,077141,1,10,1
11014,077141,2,10,1
11015,077141,3,12,1
11016,077141,0,9,1
11017,077141,1,10,1
11018,077141,2,11,1
11019,077141,3,12,1
11020,077142,0,9,1
11021,077142,1,9,1
11022,077142,2,11,1
11023,077142,3,12,1
11024,077142,0,9,1
11025,077142,1,10,1
11026,077142,2,11,1
11027,077143,3,12,1
11028,077143,0,8,1
11029,077143,1,10,1
11030,077143,2,11,1
11031,077143,3,12,1
11032,077143,0,9,1
11033,077143,1,10,1
11034,077144,2,11,1
11035,077144,3,11,1
11036,077144,0,9,1
11037,077144,1,10,1
11038,077144,2,11,1
11039,077144,3,12,1
11040,077144,0,9,1
11041,077145,1,10,1
11042,077145,2,10,1
11043,077145,3,12,1
11044,077145,0,9,1
11045,077145,1,10,1
11046,077145,2,11,1
11047,077145,3,12,1
11048,077146,0,9,1
11049,077146,1,9,1
11050,077146,2,11,1
11051,077146,3,12,1
11052,077146,0,9,1
11053,077146,1,10,1
11054,077146,2,11,1
11055,077147,3,12,1
11056,077147,0,8,1
11057,077147,1,10,1
11058,077147,2,11,1
11059,077147,3,12,1
11060,077147,0,9,1
11061,077147,1,10,1
11062,077150,2,11,1
11063,077150,3,11,1
11064,077150,0,9,1
11065,077150,1,10,1
11066,077150,2,11,1
11067,077150,3,12,1
11068,077150,0,9,1
11069,077151,1,10,1
11070,077151,2,10,1
11071,077151,3,12,1
11072,077151,0,9,1
11073,077151,1,10,1
11074,077151,2,11,1
11075,077151,3,12,1
11076,077152,0,9,1
11077,077152,1,9,1
11078,077152,2,11,1
11079,077152,3,12,1
11080,077152,0,9,1
11081,077152,1,10,1
11082,077152,2,11,1
11083,077153,3,12,1
11084,077153,0,8,1
11085,077153,1,10,1
11086,077153,2,11,1
11087,077153,3,12,1
11088,077153,0,9,1
11089,077153,1,10,1
11090,077154,2,11,1
11091,077154,3,11,1
11092,077154,0,9,1
11093,077154,1,10,1
11094,077154,2,11,1
11095,077154,3,12,1
11096,077154,0,9,1
11097,077155,1,10,1
11098,077155,2,10,1
11099,077155,3,12,1
11100,077155,0,9,1
11101,077155,1,10,1
11102,077155,2,11,1
11103,077155,3,12,1
11104,077156,0,9,1
11105,077156,1,9,1
11106,077156,2,11,1
11107,077156,3,12,1
11108,077156,0,9,1
11109,077156,1,10,1
11110,077156,2,11,1
11111,077157,3,12,1
11112,077157,0,8,1
11113,077157,1,10,1
11114,077157,2,11,1
11115,077157,3,12,1
11116,077157,0,9,1
11117,077157,1,10,1
11118,077160,2,11,1
11119,077160,3,11,1
11120,077160,0,9,1
11121,077160,1,10,1
11122,077160,2,11,1
11123,077160,3,12,1
11124,077160,0,9,1
11125,077161,1,10,1
11126,077161,2,10,1
11127,077161,3,12,1
11128,077161,0,9,1
11129,077161,1,10,1
11130,077161,2,11,1
11131,077161,3,12,1
11132,077162,0,9,1
11133,077162,1,9,1
11134,077162,2,11,1
11135,077162,3,12,1
11136,077162,0,9,1
11137,077162,1,10,1
11138,077162,2,11,1
11139,077163,3,12,1
11140,077163,0,8,1
11141,077163,1,10,1
11142,077163,2,11,1
11143,077163,3,12,1
11144,077163,0,9,1
11145,077163,1,10,1
11146,077164,2,11,1
11147,077164,3,11,1
11148,077164,0,9,1
11149,077164,1,10,1
11150,077164,2,11,1
11151,077164,3,12,1
11152,077164,0,9,1
11153,077165,1,10,1
11154,077165,2,10,1
11155,077165,3,12,1
11156,077165,0,9,1
11157,077165,1,10,1
11158,077165,2,11,1
11159,077165,3,12,1
11160,077166,0,9,1
11161,077166,1,9,1
11162,077166,2,11,1
11163,077166,3,12,1
11164,077166,0,9,1
11165,077166,1,10,1
11166,077166,2,11,1
11167,077167,3,12,1
11168,077167,0,8,1
11169,077167,1,10,1
11170,077167,2,11,1
11171,077167,3,12,1
11172,077167,0,9,1
11173,077167,1,10,1
11174,077170,2,11,1
11175,077170,3,11,1
11176,077170,0,9,1
11177,077170,1,10,1
11178,077170,2,11,1
11179,077170,3,12,1
11180,077170,0,9,1
11181,077171,1,10,1
11182,077171,2,10,1
11183,077171,3,12,1
11184,077171,0,9,1
11185,077171,1,10,1
11186,077171,2,11,1
11187,077171,3,12,1
11188,077172,0,9,1
11189,077172,1,9,1
11190,077172,2,11,1
11191,077172,3,12,1
11192,077172,0,9,1
11193,077172,1,10,1
11194,077172,2,11,1
11195,077173,3,12,1
11196,077173,0,8,1
11197,077173,1,10,1
11198,077173,2,11,1
11199,077173,3,12,1
11200,077173,0,9,1
11201,077173,1,10,1
11202,077174,2,11,1
11203,077174,3,11,1
11204,077174,0,9,1
11205,077174,1,10,1
11206,077174,2,11,1
11207,077174,3,12,1
11208,077174,0,9,1
11209,077175,1,10,1
11210,077175,2,10,1
11211,077175,3,12,1
11212,077175,0,9,1
11213,077175,1,10,1
11214,077175,2,11,1
11215,077175,3,12,1
11216,077176,0,9,1
11217,077176,1,9,1
11218,077176,2,11,1
11219,077176,3,12,1
11220,077176,0,9,1
11221,077176,1,10,1
11222,077176,2,11,1
11223,077177,3,12,1
11224,077177,0,8,1
11225,077177,1,10,1
11226,077177,2,11,1
11227,077177,3,12,1
11228,077177,0,9,1
11229,077177,1,10,1
11230,077200,2,11,1
11231,077200,3,11,1
11232,077200,0,9,1
11233,077200,1,10,1
11234,077200,2,11,1
11235,077200,3,12,1
11236,077200,0,9,1
11237,077201,1,10,1
11238,077201,2,10,1
11239,077201,3,12,1
11240,077201,0,9,1
11241,077201,1,10,1
11242,077201,2,11,1
11243,077201,3,12,1
11244,077202,0,9,1
11245,077202,1,9,1
11246,077202,2,11,1
11247,077202,3,12,1
11248,077202,0,9,1
11249,077202,1,10,1
11250,077202,2,11,1
11251,077203,3,12,1
11252,077203,0,8,1
11253,077203,1,10,1
11254,077203,2,11,1
11255,077203,3,12,1
11256,077203,0,9,1
11257,077203,1,10,1
11258,077204,2,11,1
11259,077204,3,11,1
11260,077204,0,9,1
11261,077204,1,10,1
11262,077204,2,11,1
11263,077204,3,12,1
11264,077204,0,9,1
11265,077205,1,10,1
11266,077205,2,10,1
11267,077205,3,12,1
11268,077205,0,9,1
11269,077205,1,10,1
11270,077205,2,11,1
11271,077205,3,12,1
11272,077206,0,9,1
11273,077206,1,9,1
11274,077206,2,11,1
11275,077206,3,12,1
11276,077206,0,9,1
11277,077206,1,10,1
11278,077206,2,11,1
11279,077207,3,12,1
11280,077207,0,8,1
11281,077207,1,10,1
11282,077207,2,11,1
11283,077207,3,12,1
11284,077207,0,9,1
11285,077207,1,10,1
11286,077210,2,11,1
11287,077210,3,11,1
11288,077210,0,9,1
11289,077210,1,10,1
11290,077210,2,11,1
11291,077210,3,12,1
11292,077210,0,9,1
11293,077211,1,10,1
11294,077211,2,10,1
11295,077211,3,12,1
11296,077211,0,9,1
11297,077211,1,10,1
11298,077211,2,11,1
11299,077211,3,12,1
11300,077212,0,9,1
11301,077212,1,9,1
11302,077212,2,11,1
11303,077212,3,12,1
11304,077212,0,9,1
11305,077212,1,10,1
11306,077212,2,11,1
11307,077213,3,12,1
11308,077213,0,8,1
11309,077213,1,10,1
11310,077213,2,11,1
11311,077213,3,12,1
11312,077213,0,9,1
11313,077213,1,10,1
11314,077214,2,11,1
11315,077214,3,11,1
11316,077214,0,9,1
11317,077214,1,10,1
11318,077214,2,11,1
11319,077214,3,12,1
11320,077214,0,9,1
11321,077215,1,10,1
11322,077215,2,10,1
11323,077215,3,12,1
11324,077215,0,9,1
11325,077215,1,10,1
11326,077215,2,11,1
11327,077215,3,12,1
11328,077216,0,9,1
11329,077216,1,9,1
11330,077216,2,11,1
11331,077216,3,12,1
11332,077216,0,9,1
11333,077216,1,10,1
11334,077216,2,11,1
11335,077217,3,12,1
11336,077217,0,8,1
11337,077217,1,10,1
11338,077217,2,11,1
11339,077217,3,12,1
11340,077217,0,9,1
11341,077217,1,10,1
11342,077220,2,11,1
11343,077220,3,11,1
11344,077220,0,9,1
11345,077220,1,10,1
11346,077220,2,11,1
11347,077220,3,12,1
11348,077220,0,9,1
11349,077221,1,10,1
11350,077221,2,10,1
11351,077221,3,12,1
11352,077221,0,9,1
11353,077221,1,10,1
11354,077221,2,11,1
11355,077221,3,12,1
11356,077222,0,9,1
11357,077222,1,9,1
11358,077222,2,11,1
11359,077222,3,12,1
11360,077222,0,9,1
11361,077222,1,10,1
11362,077222,2,11,1
11363,077223,3,12,1
11364,077223,0,8,1
11365,077223,1,10,1
11366,077223,2,11,1
11367,077223,3,12,1
11368,077223,0,9,1
11369,077223,1,10,1
11370,077224,2,11,1
11371,077224,3,11,1
11372,077224,0,9,1
11373,077224,1,10,1
11374,077224,2,11,1
11375,077224,3,12,1
11376,077224,0,9,1
11377,077225,1,10,1
11378,077225,2,10,1
11379,077225,3,12,1
11380,077225,0,9,1
11381,077225,1,10,1
11382,077225,2,11,1
11383,077225,3,12,1
11384,077226,0,9,1
11385,077226,1,9,1
11386,077226,2,11,1
11387,077226,3,12,1
11388,077226,0,9,1
11389,077226,1,10,1
11390,077226,2,11,1
11391,077227,3,12,1
11392,077227,0,8,1
11393,077227,1,10,1
11394,077227,2,11,1
11395,077227,3,12,1
11396,077227,0,9,1
11397,077227,1,10,1
11398,077230,2,11,1
11399,077230,3,11,1
11400,077230,0,9,1
11401,077230,1,10,1
11402,077230,2,11,1
11403,077230,3,12,1
11404,077230,0,9,1
11405,077231,1,10,1
11406,077231,2,10,1
11407,077231,3,12,1
11408,077231,0,9,1
11409,077231,1,10,1
11410,077231,2,11,1
11411,077231,3,12,1
11412,077232,0,9,1
11413,077232,1,9,1
11414,077232,2,11,1
11415,077232,3,12,1
11416,077232,0,9,1
11417,077232,1,10,1
11418,077232,2,11,1
11419,077233,3,12,1
11420,077233,0,8,1
11421,077233,1,10,1
11422,077233,2,11,1
11423,077233,3,12,1
11424,077233,0,9,1
11425,077233,1,10,1
11426,077234,2,11,1
11427,077234,3,11,1
11428,077234,0,9,1
11429,077234,1,10,1
11430,077234,2,11,1
11431,077234,3,12,1
11432,077234,0,9,1
11433,077235,1,10,1
11434,077235,2,10,1
11435,077235,3,12,1
11436,077235,0,9,1
11437,077235,1,10,1
11438,077235,2,11,1
11439,077235,3,12,1
11440,077236,0,9,1
11441,077236,1,9,1
11442,077236,2,11,1
11443,077236,3,12,1
11444,077236,0,9,1
11445,077236,1,10,1
11446,077236,2,11,1
11447,077237,3,12,1
11448,077237,0,8,1
11449,077237,1,10,1
11450,077237,2,11,1
11451,077237,3,12,1
11452,077237,0,9,1
11453,077237,1,10,1
11454,077240,2,11,1
11455,077240,3,11,1
11456,077240,0,9,1
11457,077240,1,10,1
11458,077240,2,11,1
11459,077240,3,12,1
11460,077240,0,9,1
11461,077241,1,10,1
11462,077241,2,10,1
11463,077241,3,12,1
11464,077241,0,9,1
11465,077241,1,10,1
11466,077241,2,11,1
11467,077241,3,12,1
11468,077242,0,9,1
11469,077242,1,9,1
11470,077242,2,11,1
11471,077242,3,12,1
11472,077242,0,9,1
11473,077242,1,10,1
11474,077242,2,11,1
11475,077243,3,12,1
11476,077243,0,8,1
11477,077243,1,10,1
11478,077243,2,11,1
11479,077243,3,12,1
11480,077243,0,9,1
11481,077243,1,10,1
11482,077244,2,11,1
11483,077244,3,11,1
11484,077244,0,9,1
11485,077244,1,10,1
11486,077244,2,11,1
11487,077244,3,12,1
11488,077244,0,9,1
11489,077245,1,10,1
11490,077245,2,10,1
11491,077245,3,12,1
11492,077245,0,9,1
11493,077245,1,10,1
11494,077245,2,11,1
11495,077245,3,12,1
11496,077246,0,9,1
11497,077246,1,9,1
11498,077246,2,11,1
11499,077246,3,12,1
11500,077246,0,9,1
11501,077246,1,10,1
11502,077246,2,11,1
11503,077247,3,12,1
11504,077247,0,8,1
11505,077247,1,10,1
11506,077247,2,11,1
11507,077247,3,12,1
11508,077247,0,9,1
11509,077247,1,10,1
11510,077250,2,11,1
11511,077250,3,11,1
11512,077250,0,9,1
11513,077250,1,10,1
11514,077250,2,11,1
11515,077250,3,12,1
11516,077250,0,9,1
11517,077251,1,10,1
11518,077251,2,10,1
11519,077251,3,12,1
11520,077251,0,9,1
11521,077251,1,10,1
11522,077251,2,11,1
11523,077251,3,12,1
11524,077252,0,9,1
11525,077252,1,9,1
11526,077252,2,11,1
11527,077252,3,12,1
11528,077252,0,9,1
11529,077252,1,10,1
11530,077252,2,11,1
11531,077253,3,12,1
11532,077253,0,8,1
11533,077253,1,10,1
11534,077253,2,11,1
11535,077253,3,12,1
11536,077253,0,9,1
11537,077253,1,10,1
11538,077254,2,11,1
11539,077254,3,11,1
11540,077254,0,9,1
11541,077254,1,10,1
11542,077254,2,11,1
11543,077254,3,12,1
11544,077254,0,9,1
11545,077255,1,10,1
11546,077255,2,10,1
11547,077255,3,12,1
11548,077255,0,9,1
11549,077255,1,10,1
11550,077255,2,11,1
11551,077255,3,12,1
11552,077256,0,9,1
11553,077256,1,9,1
11554,077256,2,11,1
11555,077256,3,12,1
11556,077256,0,9,1
11557,077256,1,10,1
11558,077256,2,11,1
11559,077257,3,12,1
11560,077257,0,8,1
11561,077257,1,10,1
11562,077257,2,11,1
11563,077257,3,12,1
11564,077257,0,9,1
11565,077257,1,10,1
11566,077260,2,11,1
11567,077260,3,11,1
11568,077260,0,9,1
11569,077260,1,10,1
11570,077260,2,11,1
11571,077260,3,12,1
11572,077260,0,9,1
11573,077261,1,10,1
11574,077261,2,10,1
11575,077261,3,12,1
11576,077261,0,9,1
11577,077261,1,10,1
11578,077261,2,11,1
11579,077261,3,12,1
11580,077262,0,9,1
11581,077262,1,9,1
11582,077262,2,11,1
11583,077262,3,12,1
11584,077262,0,9,1
11585,077262,1,10,1
11586,077262,2,11,1
11587,077263,3,12,1
11588,077263,0,8,1
11589,077263,1,10,1
11590,077263,2,11,1
11591,077263,3,12,1
11592,077263,0,9,1
11593,077263,1,10,1
11594,077264,2,11,1
11595,077264,3,11,1
11596,077264,0,9,1
11597,077264,1,10,1
11598,077264,2,11,1
11599,077264,3,12,1
11600,077264,0,9,1
11601,077265,1,10,1
11602,077265,2,10,1
11603,077265,3,12,1
11604,077265,0,9,1
11605,077265,1,10,1
11606,077265,2,11,1
11607,077265,3,12,1
11608,077266,0,9,1
11609,077266,1,9,1
11610,077266,2,11,1
11611,077266,3,12,1
11612,077266,0,9,1
11613,077266,1,10,1
11614,077266,2,11,1
11615,077267,3,12,1
11616,077267,0,8,1
11617,077267,1,10,1
11618,077267,2,11,1
11619,077267,3,12,1
11620,077267,0,9,1
11621,077267,1,10,1
11622,077270,2,11,1
11623,077270,3,11,1
11624,077270,0,9,1
11625,077270,1,10,1
11626,077270,2,11,1
11627,077270,3,12,1
11628,077270,0,9,1
11629,077271,1,10,1
11630,077271,2,10,1
11631,077271,3,12,1
11632,077271,0,9,1
11633,077271,1,10,1
11634,077271,2,11,1
11635,077271,3,12,1
11636,077272,0,9,1
11637,077272,1,9,1
11638,077272,2,11,1
11639,077272,3,12,1
11640,077272,0,9,1
11641,077272,1,10,1
11642,077272,2,11,1
11643,077273,3,12,1
11644,077273,0,8,1
11645,077273,1,10,1
11646,077273,2,11,1
11647,077273,3,12,1
11648,077273,0,9,1
11649,077273,1,10,1
11650,077274,2,11,1
11651,077274,3,11,1
11652,077274,0,9,1
11653,077274,1,10,1
11654,077274,2,11,1
11655,077274,3,12,1
11656,077274,0,9,1
11657,077275,1,10,1
11658,077275,2,10,1
11659,077275,3,12,1
11660,077275,0,9,1
11661,077275,1,10,1
11662,077275,2,11,1
11663,077275,3,12,1
11664,077276,0,9,1
11665,077276,1,9,1
11666,077276,2,11,1
11667,077276,3,12,1
11668,077276,0,9,1
11669,077276,1,10,1
11670,077276,2,11,1
11671,077277,3,12,1
11672,077277,0,8,1
11673,077277,1,10,1
11674,077277,2,11,1
11675,077277,3,12,1
11676,077277,0,9,1
11677,077277,1,10,1
11678,077300,2,11,1
11679,077300,3,11,1
11680,077300,0,9,1
11681,077300,1,10,1
11682,077300,2,11,1
11683,077300,3,12,1
11684,077300,0,9,1
11685,077301,1,10,1
11686,077301,2,10,1
11687,077301,3,12,1
11688,077301,0,9,1
11689,077301,1,10,1
11690,077301,2,11,1
11691,077301,3,12,1
11692,077302,0,9,1
11693,077302,1,9,1
11694,077302,2,11,1
11695,077302,3,12,1
11696,077302,0,9,1
11697,077302,1,10,1
11698,077302,2,11,1
11699,077303,3,12,1
11700,077303,0,8,1
11701,077303,1,10,1
11702,077303,2,11,1
11703,077303,3,12,1
11704,077303,0,9,1
11705,077303,1,10,1
11706,077304,2,11,1
11707,077304,3,11,1
11708,077304,0,9,1
11709,077304,1,10,1
11710,077304,2,11,1
11711,077304,3,12,1
11712,077304,0,9,1
11713,077305,1,10,1
11714,077305,2,10,1
11715,077305,3,12,1
11716,077305,0,9,1
11717,077305,1,10,1
11718,077305,2,11,1
11719,077305,3,12,1
11720,077306,0,9,1
11721,077306,1,9,1
11722,077306,2,11,1
11723,077306,3,12,1
11724,077306,0,9,1
11725,077306,1,10,1
11726,077306,2,11,1
11727,077307,3,12,1
11728,077307,0,8,1
11729,077307,1,10,1
11730,077307,2,11,1
11731,077307,3,12,1
11732,077307,0,9,1
11733,077307,1,10,1
11734,077310,2,11,1
11735,077310,3,11,1
11736,077310,0,9,1
11737,077310,1,10,1
11738,077310,2,11,1
11739,077310,3,12,1
11740,077310,0,9,1
11741,077311,1,10,1
11742,077311,2,10,1
11743,077311,3,12,1
11744,077311,0,9,1
11745,077311,1,10,1
11746,077311,2,11,1
11747,077311,3,12,1
11748,077312,0,9,1
11749,077312,1,9,1
11750,077312,2,11,1
11751,077312,3,12,1
11752,077312,0,9,1
11753,077312,1,10,1
11754,077312,2,11,1
11755,077313,3,12,1
11756,077313,0,8,1
11757,077313,1,10,1
11758,077313,2,11,1
11759,077313,3,12,1
11760,077313,0,9,1
11761,077313,1,10,1
11762,077314,2,11,1
11763,077314,3,11,1
11764,077314,0,9,1
11765,077314,1,10,1
11766,077314,2,11,1
11767,077314,3,12,1
11768,077314,0,9,1
11769,077315,1,10,1
11770,077315,2,10,1
11771,077315,3,12,1
11772,077315,0,9,1
11773,077315,1,10,1
11774,077315,2,11,1
11775,077315,3,12,1
11776,077316,0,9,1
11777,077316,1,9,1
11778,077316,2,11,1
11779,077316,3,12,1
11780,077316,0,9,1
11781,077316,1,10,1
11782,077316,2,11,1
11783,077317,3,12,1
11784,077317,0,8,1
11785,077317,1,10,1
11786,077317,2,11,1
11787,077317,3,12,1
11788,077317,0,9,1
11789,077317,1,10,1
11790,077320,2,11,1
11791,077320,3,11,1
11792,077320,0,9,1
11793,077320,1,10,1
11794,077320,2,11,1
11795,077320,3,12,1
11796,077320,0,9,1
11797,077321,1,10,1
11798,077321,2,10,1
11799,077321,3,12,1
11800,077321,0,9,1
11801,077321,1,10,1
11802,077321,2,11,1
11803,077321,3,12,1
11804,077322,0,9,1
11805,077322,1,9,1
11806,077322,2,11,1
11807,077322,3,12,1
11808,077322,0,9,1
11809,077322,1,10,1
11810,077322,2,11,1
11811,077323,3,12,1
11812,077323,0,8,1
11813,077323,1,10,1
11814,077323,2,11,1
11815,077323,3,12,1
11816,077323,0,9,1
11817,077323,1,10,1
11818,077324,2,11,1
11819,077324,3,11,1
11820,077324,0,9,1
11821,077324,1,10,1
11822,077324,2,11,1
11823,077324,3,12,1
11824,077324,0,9,1
11825,077325,1,10,1
11826,077325,2,10,1
11827,077325,3,12,1
11828,077325,0,9,1
11829,077325,1,10,1
11830,077325,2,11,1
11831,077325,3,12,1
11832,077326,0,9,1
11833,077326,1,9,1
11834,077326,2,11,1
11835,077326,3,12,1
11836,077326,0,9,1
11837,077326,1,10,1
11838,077326,2,11,1
11839,077327,3,12,1
11840,077327,0,8,1
11841,077327,1,10,1
11842,077327,2,11,1
11843,077327,3,12,1
11844,077327,0,9,1
11845,077327,1,10,1
11846,077330,2,11,1
11847,077330,3,11,1
11848,077330,0,9,1
11849,077330,1,10,1
11850,077330,2,11,1
11851,077330,3,12,1
11852,077330,0,9,1
11853,077331,1,10,1
11854,077331,2,10,1
11855,077331,3,12,1
11856,077331,0,9,1
11857,077331,1,10,1
11858,077331,2,11,1
11859,077331,3,12,1
11860,077332,0,9,1
11861,077332,1,9,1
11862,077332,2,11,1
11863,077332,3,12,1
11864,077332,0,9,1
11865,077332,1,10,1
11866,077332,2,11,1
11867,077333,3,12,1
11868,077333,0,8,1
11869,077333,1,10,1
11870,077333,2,11,1
11871,077333,3,12,1
11872,077333,0,9,1
11873,077333,1,10,1
11874,077334,2,11,1
11875,077334,3,11,1
11876,077334,0,9,1
11877,077334,1,10,1
11878,077334,2,11,1
11879,077334,3,12,1
11880,077334,0,9,1
11881,077335,1,10,1
11882,077335,2,10,1
11883,077335,3,12,1
11884,077335,0,9,1
11885,077335,1,10,1
11886,077335,2,11,1
11887,077335,3,12,1
11888,077336,0,9,1
11889,077336,1,9,1
11890,077336,2,11,1
11891,077336,3,12,1
11892,077336,0,9,1
11893,077336,1,10,1
11894,077336,2,11,1
11895,077337,3,12,1
11896,077337,0,8,1
11897,077337,1,10,1
11898,077337,2,11,1
11899,077337,3,12,1
11900,077337,0,9,1
11901,077337,1,10,1
11902,077340,2,11,1
11903,077340,3,11,1
11904,077340,0,9,1
11905,077340,1,10,1
11906,077340,2,11,1
11907,077340,3,12,1
11908,077340,0,9,1
11909,077341,1,10,1
11910,077341,2,10,1
11911,077341,3,12,1
11912,077341,0,9,1
11913,077341,1,10,1
11914,077341,2,11,1
11915,077341,3,12,1
11916,077342,0,9,1
11917,077342,1,9,1
11918,077342,2,11,1
11919,077342,3,12,1
11920,077342,0,9,1
11921,077342,1,10,1
11922,077342,2,11,1
11923,077343,3,12,1
11924,077343,0,8,1
11925,077343,1,10,1
11926,077343,2,11,1
11927,077343,3,12,1
11928,077343,0,9,1
11929,077343,1,10,1
11930,077344,2,11,1
11931,077344,3,11,1
11932,077344,0,9,1
11933,077344,1,10,1
11934,077344,2,11,1
11935,077344,3,12,1
11936,077344,0,9,1
11937,077345,1,10,1
11938,077345,2,10,1
11939,077345,3,12,1
11940,077345,0,9,1
11941,077345,1,10,1
11942,077345,2,11,1
11943,077345,3,12,1
11944,077346,0,9,1
11945,077346,1,9,1
11946,077346,2,11,1
11947,077346,3,12,1
11948,077346,0,9,1
11949,077346,1,10,1
11950,077346,2,11,1
11951,077347,3,12,1
11952,077347,0,8,1
11953,077347,1,10,1
11954,077347,2,11,1
11955,077347,3,12,1
11956,077347,0,9,1
11957,077347,1,10,1
11958,077350,2,11,1
11959,077350,3,11,1
11960,077350,0,9,1
11961,077350,1,10,1
11962,077350,2,11,1
11963,077350,3,12,1
11964,077350,0,9,1
11965,077351,1,10,1
11966,077351,2,10,1
11967,077351,3,12,1
11968,077351,0,9,1
11969,077351,1,10,1
11970,077351,2,11,1
11971,077351,3,12,1
11972,077352,0,9,1
11973,077352,1,9,1
11974,077352,2,11,1
11975,077352,3,12,1
11976,077352,0,9,1
11977,077352,1,10,1
11978,077352,2,11,1
11979,077353,3,12,1
11980,077353,0,8,1
11981,077353,1,10,1
11982,077353,2,11,1
11983,077353,3,12,1
11984,077353,0,9,1
11985,077353,1,10,1
11986,077354,2,11,1
11987,077354,3,11,1
11988,077354,0,9,1
11989,077354,1,10,1
11990,077354,2,11,1
11991,077354,3,12,1
11992,077354,0,9,1
11993,077355,1,10,1
11994,077355,2,10,1
11995,077355,3,12,1
11996,077355,0,9,1
11997,077355,1,10,1
11998,077355,2,11,1
11999,077355,3,12,1
12000,077356,0,9,1
12001,077356,1,9,1
12002,077356,2,11,1
12003,077356,3,12,1
12004,077356,0,9,1
12005,077356,1,10,1
12006,077356,2,11,1
12007,077357,3,12,1
12008,077357,0,8,1
12009,077357,1,10,1
12010,077357,2,11,1
12011,077357,3,12,1
12012,077357,0,9,1
12013,077357,1,10,1
12014,077360,2,11,1
12015,077360,3,11,1
12016,077360,0,9,1
12017,077360,1,10,1
12018,077360,2,11,1
12019,077360,3,12,1
12020,077360,0,9,1
12021,077361,1,10,1
12022,077361,2,10,1
12023,077361,3,12,1
12024,077361,0,9,1
12025,077361,1,10,1
12026,077361,2,11,1
12027,077361,3,12,1
12028,077362,0,9,1
12029,077362,1,9,1
12030,077362,2,11,1
12031,077362,3,12,1
12032,077362,0,9,1
12033,077362,1,10,1
12034,077362,2,11,1
12035,077363,3,12,1
12036,077363,0,8,1
12037,077363,1,10,1
12038,077363,2,11,1
12039,077363,3,12,1
12040,077363,0,9,1
12041,077363,1,10,1
12042,077364,2,11,1
12043,077364,3,11,1
12044,077364,0,9,1
12045,077364,1,10,1
12046,077364,2,11,1
12047,077364,3,12,1
12048,077364,0,9,1
12049,077365,1,10,1
12050,077365,2,10,1
12051,077365,3,12,1
12052,077365,0,9,1
12053,077365,1,10,1
12054,077365,2,11,1
12055,077365,3,12,1
12056,077366,0,9,1
12057,077366,1,9,1
12058,077366,2,11,1
12059,077366,3,12,1
12060,077366,0,9,1
12061,077366,1,10,1
12062,077366,2,11,1
12063,077367,3,12,1
12064,077367,0,8,1
12065,077367,1,10,1
12066,077367,2,11,1
12067,077367,3,12,1
12068,077367,0,9,1
12069,077367,1,10,1
12070,077370,2,11,1
12071,077370,3,11,1
12072,077370,0,9,1
12073,077370,1,10,1
12074,077370,2,11,1
12075,077370,3,12,1
12076,077370,0,9,1
12077,077371,1,10,1
12078,077371,2,10,1
12079,077371,3,12,1
12080,077371,0,9,1
12081,077371,1,10,1
12082,077371,2,11,1
12083,077371,3,12,1
12084,077372,0,9,1
12085,077372,1,9,1
12086,077372,2,11,1
12087,077372,3,12,1
12088,077372,0,9,1
12089,077372,1,10,1
12090,077372,2,11,1
12091,077373,3,12,1
12092,077373,0,8,1
12093,077373,1,10,1
12094,077373,2,11,1
12095,077373,3,12,1
12096,077373,0,9,1
12097,077373,1,10,1
12098,077374,2,11,1
12099,077374,3,11,1
12100,077374,0,9,1
12101,077374,1,10,1
12102,077374,2,11,1
12103,077374,3,12,1
12104,077374,0,9,1
12105,077375,1,10,1
12106,077375,2,10,1
12107,077375,3,12,1
12108,077375,0,9,1
12109,077375,1,10,1
12110,077375,2,11,1
12111,077375,3,12,1
12112,077376,0,9,1
12113,077376,1,9,1
12114,077376,2,11,1
12115,077376,3,12,1
12116,077376,0,9,1
12117,077376,1,10,1
12118,077376,2,11,1
12119,077377,3,12,1
12120,077377,0,8,1
12121,077377,1,10,1
12122,077377,2,11,1
12123,077377,3,12,1
12124,077377,0,9,1
12125,077377,1,10,1
12126,077400,2,11,1
12127,077400,3,11,1
12128,077400,0,9,1
12129,077400,1,10,1
12130,077400,2,11,1
12131,077400,3,12,1
12132,077400,0,9,1
12133,077401,1,10,1
12134,077401,2,10,1
12135,077401,3,12,1
12136,077401,0,9,1
12137,077401,1,10,1
12138,077401,2,11,1
12139,077401,3,12,1
12140,077402,0,9,1
12141,077402,1,9,1
12142,077402,2,11,1
12143,077402,3,12,1
12144,077402,0,9,1
12145,077402,1,10,1
12146,077402,2,11,1
12147,077403,3,12,1
12148,077403,0,8,1
12149,077403,1,10,1
12150,077403,2,11,1
12151,077403,3,12,1
12152,077403,0,9,1
12153,077403,1,10,1
12154,077404,2,11,1
12155,077404,3,11,1
12156,077404,0,9,1
12157,077404,1,10,1
12158,077404,2,11,1
12159,077404,3,12,1
12160,077404,0,9,1
12161,077405,1,10,1
12162,077405,2,10,1
12163,077405,3,12,1
12164,077405,0,9,1
12165,077405,1,10,1
12166,077405,2,11,1
12167,077405,3,12,1
12168,077406,0,9,1
12169,077406,1,9,1
12170,077406,2,11,1
12171,077406,3,12,1
12172,077406,0,9,1
12173,077406,1,10,1
12174,077406,2,11,1
12175,077407,3,12,1
12176,077407,0,8,1
12177,077407,1,10,1
12178,077407,2,11,1
12179,077407,3,12,1
12180,077407,0,9,1
12181,077407,1,10,1
12182,077410,2,11,1
12183,077410,3,11,1
12184,077410,0,9,1
12185,077410,1,10,1
12186,077410,2,11,1
12187,077410,3,12,1
12188,077410,0,9,1
12189,077411,1,10,1
12190,077411,2,10,1
12191,077411,3,12,1
12192,077411,0,9,1
12193,077411,1,10,1
12194,077411,2,11,1
12195,077411,3,12,1
12196,077412,0,9,1
12197,077412,1,9,1
12198,077412,2,11,1
12199,077412,3,12,1
12200,077412,0,9,1
12201,077412,1,10,1
12202,077412,2,11,1
12203,077413,3,12,1
12204,077413,0,8,1
12205,077413,1,10,1
12206,077413,2,11,1
12207,077413,3,12,1
12208,077413,0,9,1
12209,077413,1,10,1
12210,077414,2,11,1
12211,077414,3,11,1
12212,077414,0,9,1
12213,077414,1,10,1
12214,077414,2,11,1
12215,077414,3,12,1
12216,077414,0,9,1
12217,077415,1,10,1
12218,077415,2,10,1
12219,077415,3,12,1
12220,077415,0,9,1
12221,077415,1,10,1
12222,077415,2,11,1
12223,077415,3,12,1
12224,077416,0,9,1
12225,077416,1,9,1
12226,077416,2,11,1
12227,077416,3,12,1
12228,077416,0,9,1
12229,077416,1,10,1
12230,077416,2,11,1
12231,077417,3,12,1
12232,077417,0,8,1
12233,077417,1,10,1
12234,077417,2,11,1
12235,077417,3,12,1
12236,077417,0,9,1
12237,077417,1,10,1
12238,077420,2,11,1
12239,077420,3,11,1
12240,077420,0,9,1
12241,077420,1,10,1
12242,077420,2,11,1
12243,077420,3,12,1
12244,077420,0,9,1
12245,077421,1,10,1
12246,077421,2,10,1
12247,077421,3,12,1
12248,077421,0,9,1
12249,077421,1,10,1
12250,077421,2,11,1
12251,077421,3,12,1
12252,077422,0,9,1
12253,077422,1,9,1
12254,077422,2,11,1
12255,077422,3,12,1
12256,077422,0,9,1
12257,077422,1,10,1
12258,077422,2,11,1
12259,077423,3,12,1
12260,077423,0,8,1
12261,077423,1,10,1
12262,077423,2,11,1
12263,077423,3,12,1
12264,077423,0,9,1
12265,077423,1,10,1
12266,077424,2,11,1
12267,077424,3,11,1
12268,077424,0,9,1
12269,077424,1,10,1
12270,077424,2,11,1
12271,077424,3,12,1
12272,077424,0,9,1
12273,077425,1,10,1
12274,077425,2,10,1
12275,077425,3,12,1
12276,077425,0,9,1
12277,077425,1,10,1
12278,077425,2,11,1
12279,077425,3,12,1
12280,077426,0,9,1
12281,077426,1,9,1
12282,077426,2,11,1
12283,077426,3,12,1
12284,077426,0,9,1
12285,077426,1,10,1
12286,077426,2,11,1
12287,077427,3,12,1
12288,077427,0,8,1
12289,077427,1,10,1
12290,077427,2,11,1
12291,077427,3,12,1
12292,077427,0,9,1
12293,077427,1,10,1
12294,077430,2,11,1
12295,077430,3,11,1
12296,077430,0,9,1
12297,077430,1,10,1
12298,077430,2,11,1
12299,077430,3,12,1
12300,077430,0,9,1
12301,077431,1,10,1
12302,077431,2,10,1
12303,077431,3,12,1
12304,077431,0,9,1
12305,077431,1,10,1
12306,077431,2,11,1
12307,077431,3,12,1
12308,077432,0,9,1
12309,077432,1,9,1
12310,077432,2,11,1
12311,077432,3,12,1
12312,077432,0,9,1
12313,077432,1,10,1
12314,077432,2,11,1
12315,077433,3,12,1
12316,077433,0,8,1
12317,077433,1,10,1
12318,077433,2,11,1
12319,077433,3,12,1
12320,077433,0,9,1
12321,077433,1,10,1
12322,077434,2,11,1
12323,077434,3,11,1
12324,077434,0,9,1
12325,077434,1,10,1
12326,077434,2,11,1
12327,077434,3,12,1
12328,077434,0,9,1
12329,077435,1,10,1
12330,077435,2,10,1
12331,077435,3,12,1
12332,077435,0,9,1
12333,077435,1,10,1
12334,077435,2,11,1
12335,077435,3,12,1
12336,077436,0,9,1
12337,077436,1,9,1
12338,077436,2,11,1
12339,077436,3,12,1
12340,077436,0,9,1
12341,077436,1,10,1
12342,077436,2,11,1
12343,077437,3,12,1
12344,077437,0,8,1
12345,077437,1,10,1
12346,077437,2,11,1
12347,077437,3,12,1
12348,077437,0,9,1
12349,077437,1,10,1
12350,077440,2,11,1
12351,077440,3,11,1
12352,077440,0,9,1
12353,077440,1,10,1
12354,077440,2,11,1
12355,077440,3,12,1
12356,077440,0,9,1
12357,077441,1,10,1
12358,077441,2,10,1
12359,077441,3,12,1
12360,077441,0,9,1
12361,077441,1,10,1
12362,077441,2,11,1
12363,077441,3,12,1
12364,077442,0,9,1
12365,077442,1,9,1
12366,077442,2,11,1
12367,077442,3,12,1
12368,077442,0,9,1
12369,077442,1,10,1
12370,077442,2,11,1
12371,077443,3,12,1
12372,077443,0,8,1
12373,077443,1,10,1
12374,077443,2,11,1
12375,077443,3,12,1
12376,077443,0,9,1
12377,077443,1,10,1
12378,077444,2,11,1
12379,077444,3,11,1
12380,077444,0,9,1
12381,077444,1,10,1
12382,077444,2,11,1
12383,077444,3,12,1
12384,077444,0,9,1
12385,077445,1,10,1
12386,077445,2,10,1
12387,077445,3,12,1
12388,077445,0,9,1
12389,077445,1,10,1
12390,077445,2,11,1
12391,077445,3,12,1
12392,077446,0,9,1
12393,077446,1,9,1
12394,077446,2,11,1
12395,077446,3,12,1
12396,077446,0,9,1
12397,077446,1,10,1
12398,077446,2,11,1
12399,077447,3,12,1
12400,077447,0,8,1
12401,077447,1,10,1
12402,077447,2,11,1
12403,077447,3,12,1
12404,077447,0,9,1
12405,077447,1,10,1
12406,077450,2,11,1
12407,077450,3,11,1
12408,077450,0,9,1
12409,077450,1,10,1
12410,077450,2,11,1
12411,077450,3,12,1
12412,077450,0,9,1
12413,077451,1,10,1
12414,077451,2,10,1
12415,077451,3,12,1
12416,077451,0,9,1
12417,077451,1,10,1
12418,077451,2,11,1
12419,077451,3,12,1
12420,077452,0,9,1
12421,077452,1,9,1
12422,077452,2,11,1
12423,077452,3,12,1
12424,077452,0,9,1
12425,077452,1,10,1
12426,077452,2,11,1
12427,077453,3,12,1
12428,077453,0,8,1
12429,077453,1,10,1
12430,077453,2,11,1
12431,077453,3,12,1
12432,077453,0,9,1
12433,077453,1,10,1
12434,077454,2,11,1
12435,077454,3,11,1
12436,077454,0,9,1
12437,077454,1,10,1
12438,077454,2,11,1
12439,077454,3,12,1
12440,077454,0,9,1
12441,077455,1,10,1
12442,077455,2,10,1
12443,077455,3,12,1
12444,077455,0,9,1
12445,077455,1,10,1
12446,077455,2,11,1
12447,077455,3,12,1
12448,077456,0,9,1
12449,077456,1,9,1
12450,077456,2,11,1
12451,077456,3,12,1
12452,077456,0,9,1
12453,077456,1,10,1
12454,077456,2,11,1
12455,077457,3,12,1
12456,077457,0,8,1
12457,077457,1,10,1
12458,077457,2,11,1
12459,077457,3,12,1
12460,077457,0,9,1
12461,077457,1,10,1
12462,077460,2,11,1
12463,077460,3,11,1
12464,077460,0,9,1
12465,077460,1,10,1
12466,077460,2,11,1
12467,077460,3,12,1
12468,077460,0,9,1
12469,077461,1,10,1
12470,077461,2,10,1
12471,077461,3,12,1
12472,077461,0,9,1
12473,077461,1,10,1
12474,077461,2,11,1
12475,077461,3,12,1
12476,077462,0,9,1
12477,077462,1,9,1
12478,077462,2,11,1
12479,077462,3,12,1
12480,077462,0,9,1
12481,077462,1,10,1
12482,077462,2,11,1
12483,077463,3,12,1
12484,077463,0,8,1
12485,077463,1,10,1
12486,077463,2,11,1
12487,077463,3,12,1
12488,077463,0,9,1
12489,077463,1,10,1
12490,077464,2,11,1
12491,077464,3,11,1
12492,077464,0,9,1
12493,077464,1,10,1
12494,077464,2,11,1
12495,077464,3,12,1
12496,077464,0,9,1
12497,077465,1,10,1
12498,077465,2,10,1
12499,077465,3,12,1
12500,077465,0,9,1
12501,077465,1,10,1
12502,077465,2,11,1
12503,077465,3,12,1
12504,077466,0,9,1
12505,077466,1,9,1
12506,077466,2,11,1
12507,077466,3,12,1
12508,077466,0,9,1
12509,077466,1,10,1
12510,077466,2,11,1
12511,077467,3,12,1
12512,077467,0,8,1
12513,077467,1,10,1
12514,077467,2,11,1
12515,077467,3,12,1
12516,077467,0,9,1
12517,077467,1,10,1
12518,077470,2,11,1
12519,077470,3,11,1
12520,077470,0,9,1
12521,077470,1,10,1
12522,077470,2,11,1
12523,077470,3,12,1
12524,077470,0,9,1
12525,077471,1,10,1
12526,077471,2,10,1
12527,077471,3,12,1
12528,077471,0,9,1
12529,077471,1,10,1
12530,077471,2,11,1
12531,077471,3,12,1
12532,077472,0,9,1
12533,077472,1,9,1
12534,077472,2,11,1
12535,077472,3,12,1
12536,077472,0,9,1
12537,077472,1,10,1
12538,077472,2,11,1
12539,077473,3,12,1
12540,077473,0,8,1
12541,077473,1,10,1
12542,077473,2,11,1
12543,077473,3,12,1
12544,077473,0,9,1
12545,077473,1,10,1
12546,077474,2,11,1
12547,077474,3,11,1
12548,077474,0,9,1
12549,077474,1,10,1
12550,077474,2,11,1
12551,077474,3,12,1
12552,077474,0,9,1
12553,077475,1,10,1
12554,077475,2,10,1
12555,077475,3,12,1
12556,077475,0,9,1
12557,077475,1,10,1
12558,077475,2,11,1
12559,077475,3,12,1
12560,077476,0,9,1
12561,077476,1,9,1
12562,077476,2,11,1
12563,077476,3,12,1
12564,077476,0,9,1
12565,077476,1,10,1
12566,077476,2,11,1
12567,077477,3,12,1
12568,077477,0,8,1
12569,077477,1,10,1
12570,077477,2,11,1
12571,077477,3,12,1
12572,077477,0,9,1
12573,077477,1,10,1
12574,077500,2,11,1
12575,077500,3,11,1
12576,077500,0,9,1
12577,077500,1,10,1
12578,077500,2,11,1
12579,077500,3,12,1
12580,077500,0,9,1
12581,077501,1,10,1
12582,077501,2,10,1
12583,077501,3,12,1
12584,077501,0,9,1
12585,077501,1,10,1
12586,077501,2,11,1
12587,077501,3,12,1
12588,077502,0,9,1
12589,077502,1,9,1
12590,077502,2,11,1
12591,077502,3,12,1
12592,077502,0,9,1
12593,077502,1,10,1
12594,077502,2,11,1
12595,077503,3,12,1
12596,077503,0,8,1
12597,077503,1,10,1
12598,077503,2,11,1
12599,077503,3,12,1
12600,077503,0,9,1
12601,077503,1,10,1
12602,077504,2,11,1
12603,077504,3,11,1
12604,077504,0,9,1
12605,077504,1,10,1
12606,077504,2,11,1
12607,077504,3,12,1
12608,077504,0,9,1
12609,077505,1,10,1
12610,077505,2,10,1
12611,077505,3,12,1
12612,077505,0,9,1
12613,077505,1,10,1
12614,077505,2,11,1
12615,077505,3,12,1
12616,077506,0,9,1
12617,077506,1,9,1
12618,077506,2,11,1
12619,077506,3,12,1
12620,077506,0,9,1
12621,077506,1,10,1
12622,077506,2,11,1
12623,077507,3,12,1
12624,077507,0,8,1
12625,077507,1,10,1
12626,077507,2,11,1
12627,077507,3,12,1
12628,077507,0,9,1
12629,077507,1,10,1
12630,077510,2,11,1
12631,077510,3,11,1
12632,077510,0,9,1
12633,077510,1,10,1
12634,077510,2,11,1
12635,077510,3,12,1
12636,077510,0,9,1
12637,077511,1,10,1
12638,077511,2,10,1
12639,077511,3,12,1
12640,077511,0,9,1
12641,077511,1,10,1
12642,077511,2,11,1
12643,077511,3,12,1
12644,077512,0,9,1
12645,077512,1,9,1
12646,077512,2,11,1
12647,077512,3,12,1
12648,077512,0,9,1
12649,077512,1,10,1
12650,077512,2,11,1
12651,077513,3,12,1
12652,077513,0,8,1
12653,077513,1,10,1
12654,077513,2,11,1
12655,077513,3,12,1
12656,077513,0,9,1
12657,077513,1,10,1
12658,077514,2,11,1
12659,077514,3,11,1
12660,077514,0,9,1
12661,077514,1,10,1
12662,077514,2,11,1
12663,077514,3,12,1
12664,077514,0,9,1
12665,077515,1,10,1
12666,077515,2,10,1
12667,077515,3,12,1
12668,077515,0,9,1
12669,077515,1,10,1
12670,077515,2,11,1
12671,077515,3,12,1
12672,077516,0,9,1
12673,077516,1,9,1
12674,077516,2,11,1
12675,077516,3,12,1
12676,077516,0,9,1
12677,077516,1,10,1
12678,077516,2,11,1
12679,077517,3,12,1
12680,077517,0,8,1
12681,077517,1,10,1
12682,077517,2,11,1
12683,077517,3,12,1
12684,077517,0,9,1
12685,077517,1,10,1
12686,077520,2,11,1
12687,077520,3,11,1
12688,077520,0,9,1
12689,077520,1,10,1
12690,077520,2,11,1
12691,077520,3,12,1
12692,077520,0,9,1
12693,077521,1,10,1
12694,077521,2,10,1
12695,077521,3,12,1
12696,077521,0,9,1
12697,077521,1,10,1
12698,077521,2,11,1
12699,077521,3,12,1
12700,077522,0,9,1
12701,077522,1,9,1
12702,077522,2,11,1
12703,077522,3,12,1
12704,077522,0,9,1
12705,077522,1,10,1
12706,077522,2,11,1
12707,077523,3,12,1
12708,077523,0,8,1
12709,077523,1,10,1
12710,077523,2,11,1
12711,077523,3,12,1
12712,077523,0,9,1
12713,077523,1,10,1
12714,077524,2,11,1
12715,077524,3,11,1
12716,077524,0,9,1
12717,077524,1,10,1
12718,077524,2,11,1
12719,077524,3,12,1
12720,077524,0,9,1
12721,077525,1,10,1
12722,077525,2,10,1
12723,077525,3,12,1
12724,077525,0,9,1
12725,077525,1,10,1
12726,077525,2,11,1
12727,077525,3,12,1
12728,077526,0,9,1
12729,077526,1,9,1
12730,077526,2,11,1
12731,077526,3,12,1
12732,077526,0,9,1
12733,077526,1,10,1
12734,077526,2,11,1
12735,077527,3,12,1
12736,077527,0,8,1
12737,077527,1,10,1
12738,077527,2,11,1
12739,077527,3,12,1
12740,077527,0,9,1
12741,077527,1,10,1
12742,077530,2,11,1
12743,077530,3,11,1
12744,077530,0,9,1
12745,077530,1,10,1
12746,077530,2,11,1
12747,077530,3,12,1
12748,077530,0,9,1
12749,077531,1,10,1
12750,077531,2,10,1
12751,077531,3,12,1
12752,077531,0,9,1
12753,077531,1,10,1
12754,077531,2,11,1
12755,077531,3,12,1
12756,077532,0,9,1
12757,077532,1,9,1
12758,077532,2,11,1
12759,077532,3,12,1
12760,077532,0,9,1
12761,077532,1,10,1
12762,077532,2,11,1
12763,077533,3,12,1
12764,077533,0,8,1
12765,077533,1,10,1
12766,077533,2,11,1
12767,077533,3,12,1
12768,077533,0,9,1
12769,077533,1,10,1
12770,077534,2,11,1
12771,077534,3,11,1
12772,077534,0,9,1
12773,077534,1,10,1
12774,077534,2,11,1
12775,077534,3,12,1
12776,077534,0,9,1
12777,077535,1,10,1
12778,077535,2,10,1
12779,077535,3,12,1
12780,077535,0,9,1
12781,077535,1,10,1
12782,077535,2,11,1
12783,077535,3,12,1
12784,077536,0,9,1
12785,077536,1,9,1
12786,077536,2,11,1
12787,077536,3,12,1
12788,077536,0,9,1
12789,077536,1,10,1
12790,077536,2,11,1
12791,077537,3,12,1
12792,077537,0,8,1
12793,077537,1,10,1
12794,077537,2,11,1
12795,077537,3,12,1
12796,077537,0,9,1
12797,077537,1,10,1
12798,077540,2,11,1
12799,077540,3,11,1
12800,077540,0,9,1
12801,077540,1,10,1
12802,077540,2,11,1
12803,077540,3,12,1
12804,077540,0,9,1
12805,077541,1,10,1
12806,077541,2,10,1
12807,077541,3,12,1
12808,077541,0,9,1
12809,077541,1,10,1
12810,077541,2,11,1
12811,077541,3,12,1
12812,077542,0,9,1
12813,077542,1,9,1
12814,077542,2,11,1
12815,077542,3,12,1
12816,077542,0,9,1
12817,077542,1,10,1
12818,077542,2,11,1
12819,077543,3,12,1
12820,077543,0,8,1
12821,077543,1,10,1
12822,077543,2,11,1
12823,077543,3,12,1
12824,077543,0,9,1
12825,077543,1,10,1
12826,077544,2,11,1
12827,077544,3,11,1
12828,077544,0,9,1
12829,077544,1,10,1
12830,077544,2,11,1
12831,077544,3,12,1
12832,077544,0,9,1
12833,077545,1,10,1
12834,077545,2,10,1
12835,077545,3,12,1
12836,077545,0,9,1
12837,077545,1,10,1
12838,077545,2,11,1
12839,077545,3,12,1
12840,077546,0,9,1
12841,077546,1,9,1
12842,077546,2,11,1
12843,077546,3,12,1
12844,077546,0,9,1
12845,077546,1,10,1
12846,077546,2,11,1
12847,077547,3,12,1
12848,077547,0,8,1
12849,077547,1,10,1
12850,077547,2,11,1
12851,077547,3,12,1
12852,077547,0,9,1
12853,077547,1,10,1
12854,077550,2,11,1
12855,077550,3,11,1
12856,077550,0,9,1
12857,077550,1,10,1
12858,077550,2,11,1
12859,077550,3,12,1
12860,077550,0,9,1
12861,077551,1,10,1
12862,077551,2,10,1
12863,077551,3,12,1
12864,077551,0,9,1
12865,077551,1,10,1
12866,077551,2,11,1
12867,077551,3,12,1
12868,077552,0,9,1
12869,077552,1,9,1
12870,077552,2,11,1
12871,077552,3,12,1
12872,077552,0,9,1
12873,077552,1,10,1
12874,077552,2,11,1
12875,077553,3,12,1
12876,077553,0,8,1
12877,077553,1,10,1
12878,077553,2,11,1
12879,077553,3,12,1
12880,077553,0,9,1
12881,077553,1,10,1
12882,077554,2,11,1
12883,077554,3,11,1
12884,077554,0,9,1
12885,077554,1,10,1
12886,077554,2,11,1
12887,077554,3,12,1
12888,077554,0,9,1
12889,077555,1,10,1
12890,077555,2,10,1
12891,077555,3,12,1
12892,077555,0,9,1
12893,077555,1,10,1
12894,077555,2,11,1
12895,077555,3,12,1
12896,077556,0,9,1
12897,077556,1,9,1
12898,077556,2,11,1
12899,077556,3,12,1
12900,077556,0,9,1
12901,077556,1,10,1
12902,077556,2,11,1
12903,077557,3,12,1
12904,077557,0,8,1
12905,077557,1,10,1
12906,077557,2,11,1
12907,077557,3,12,1
12908,077557,0,9,1
12909,077557,1,10,1
12910,077560,2,11,1
12911,077560,3,11,1
12912,077560,0,9,1
12913,077560,1,10,1
12914,077560,2,11,1
12915,077560,3,12,1
12916,077560,0,9,1
12917,077561,1,10,1
12918,077561,2,10,1
12919,077561,3,12,1
12920,077561,0,9,1
12921,077561,1,10,1
12922,077561,2,11,1
12923,077561,3,12,1
12924,077562,0,9,1
12925,077562,1,9,1
12926,077562,2,11,1
12927,077562,3,12,1
12928,077562,0,9,1
12929,077562,1,10,1
12930,077562,2,11,1
12931,077563,3,12,1
12932,077563,0,8,1
12933,077563,1,10,1
12934,077563,2,11,1
12935,077563,3,12,1
12936,077563,0,9,1
12937,077563,1,10,1
12938,077564,2,11,1
12939,077564,3,11,1
12940,077564,0,9,1
12941,077564,1,10,1
12942,077564,2,11,1
12943,077564,3,12,1
12944,077564,0,9,1
12945,077565,1,10,1
12946,077565,2,10,1
12947,077565,3,12,1
12948,077565,0,9,1
12949,077565,1,10,1
12950,077565,2,11,1
12951,077565,3,12,1
12952,077566,0,9,1
12953,077566,1,9,1
12954,077566,2,11,1
12955,077566,3,12,1
12956,077566,0,9,1
12957,077566,1,10,1
12958,077566,2,11,1
12959,077567,3,12,1
12960,077567,0,8,1
12961,077567,1,10,1
12962,077567,2,11,1
12963,077567,3,12,1
12964,077567,0,9,1
12965,077567,1,10,1
12966,077570,2,11,1
12967,077570,3,11,1
12968,077570,0,9,1
12969,077570,1,10,1
12970,077570,2,11,1
12971,077570,3,12,1
12972,077570,0,9,1
12973,077571,1,10,1
12974,077571,2,10,1
12975,077571,3,12,1
12976,077571,0,9,1
12977,077571,1,10,1
12978,077571,2,11,1
12979,077571,3,12,1
12980,077572,0,9,1
12981,077572,1,9,1
12982,077572,2,11,1
12983,077572,3,12,1
12984,077572,0,9,1
12985,077572,1,10,1
12986,077572,2,11,1
12987,077573,3,12,1
12988,077573,0,8,1
12989,077573,1,10,1
12990,077573,2,11,1
12991,077573,3,12,1
12992,077573,0,9,1
12993,077573,1,10,1
12994,077574,2,11,1
12995,077574,3,11,1
12996,077574,0,9,1
12997,077574,1,10,1
12998,077574,2,11,1
12999,077574,3,12,1
13000,077574,0,9,1
13001,077575,1,10,1
13002,077575,2,10,1
13003,077575,3,12,1
13004,077575,0,9,1
13005,077575,1,10,1
13006,077575,2,11,1
13007,077575,3,12,1
13008,077576,0,9,1
13009,077576,1,9,1
13010,077576,2,11,1
13011,077576,3,12,1
13012,077576,0,9,1
13013,077576,1,10,1
13014,077576,2,11,1
13015,077577,3,12,1
13016,077577,0,8,1
13017,077577,1,10,1
13018,077577,2,11,1
13019,077577,3,12,1
13020,077577,0,9,1
13021,077577,1,10,1
13022,077600,2,11,1
13023,077600,3,11,1
13024,077600,0,9,1
13025,077600,1,10,1
13026,077600,2,11,1
13027,077600,3,12,1
13028,077600,0,9,1
13029,077601,1,10,1
13030,077601,2,10,1
13031,077601,3,12,1
13032,077601,0,9,1
13033,077601,1,10,1
13034,077601,2,11,1
13035,077601,3,12,1
13036,077602,0,9,1
13037,077602,1,9,1
13038,077602,2,11,1
13039,077602,3,12,1
13040,077602,0,9,1
13041,077602,1,10,1
13042,077602,2,11,1
13043,077603,3,12,1
13044,077603,0,8,1
13045,077603,1,10,1
13046,077603,2,11,1
13047,077603,3,12,1
13048,077603,0,9,1
13049,077603,1,10,1
13050,077604,2,11,1
13051,077604,3,11,1
13052,077604,0,9,1
13053,077604,1,10,1
13054,077604,2,11,1
13055,077604,3,12,1
13056,077604,0,9,1
13057,077605,1,10,1
13058,077605,2,10,1
13059,077605,3,12,1
13060,077605,0,9,1
13061,077605,1,10,1
13062,077605,2,11,1
13063,077605,3,12,1
13064,077606,0,9,1
13065,077606,1,9,1
13066,077606,2,11,1
13067,077606,3,12,1
13068,077606,0,9,1
13069,077606,1,10,1
13070,077606,2,11,1
13071,077607,3,12,1
13072,077607,0,8,1
13073,077607,1,10,1
13074,077607,2,11,1
13075,077607,3,12,1
13076,077607,0,9,1
13077,077607,1,10,1
13078,077610,2,11,1
13079,077610,3,11,1
13080,077610,0,9,1
13081,077610,1,10,1
13082,077610,2,11,1
13083,077610,3,12,1
13084,077610,0,9,1
13085,077611,1,10,1
13086,077611,2,10,1
13087,077611,3,12,1
13088,077611,0,9,1
13089,077611,1,10,1
13090,077611,2,11,1
13091,077611,3,12,1
13092,077612,0,9,1
13093,077612,1,9,1
13094,077612,2,11,1
13095,077612,3,12,1
13096,077612,0,9,1
13097,077612,1,10,1
13098,077612,2,11,1
13099,077613,3,12,1
13100,077613,0,8,1
13101,077613,1,10,1
13102,077613,2,11,1
13103,077613,3,12,1
13104,077613,0,9,1
13105,077613,1,10,1
13106,077614,2,11,1
13107,077614,3,11,1
13108,077614,0,9,1
13109,077614,1,10,1
13110,077614,2,11,1
13111,077614,3,12,1
13112,077614,0,9,1
13113,077615,1,10,1
13114,077615,2,10,1
13115,077615,3,12,1
13116,077615,0,9,1
13117,077615,1,10,1
13118,077615,2,11,1
13119,077615,3,12,1
13120,077616,0,9,1
13121,077616,1,9,1
13122,077616,2,11,1
13123,077616,3,12,1
13124,077616,0,9,1
13125,077616,1,10,1
13126,077616,2,11,1
13127,077617,3,12,1
13128,077617,0,8,1
13129,077617,1,10,1
13130,077617,2,11,1
13131,077617,3,12,1
13132,077617,0,9,1
13133,077617,1,10,1
13134,077620,2,11,1
13135,077620,3,11,1
13136,077620,0,9,1
13137,077620,1,10,1
13138,077620,2,11,1
13139,077620,3,12,1
13140,077620,0,9,1
13141,077621,1,10,1
13142,077621,2,10,1
13143,077621,3,12,1
13144,077621,0,9,1
13145,077621,1,10,1
13146,077621,2,11,1
13147,077621,3,12,1
13148,077622,0,9,1
13149,077622,1,9,1
13150,077622,2,11,1
13151,077622,3,12,1
13152,077622,0,9,1
13153,077622,1,10,1
13154,077622,2,11,1
13155,077623,3,12,1
13156,077623,0,8,1
13157,077623,1,10,1
13158,077623,2,11,1
13159,077623,3,12,1
13160,077623,0,9,1
13161,077623,1,10,1
13162,077624,2,11,1
13163,077624,3,11,1
13164,077624,0,9,1
13165,077624,1,10,1
13166,077624,2,11,1
13167,077624,3,12,1
13168,077624,0,9,1
13169,077625,1,10,1
13170,077625,2,10,1
13171,077625,3,12,1
13172,077625,0,9,1
13173,077625,1,10,1
13174,077625,2,11,1
13175,077625,3,12,1
13176,077626,0,9,1
13177,077626,1,9,1
13178,077626,2,11,1
13179,077626,3,12,1
13180,077626,0,9,1
13181,077626,1,10,1
13182,077626,2,11,1
13183,077627,3,12,1
13184,077627,0,8,1
13185,077627,1,10,1
13186,077627,2,11,1
13187,077627,3,12,1
13188,077627,0,9,1
13189,077627,1,10,1
13190,077630,2,11,1
13191,077630,3,11,1
13192,077630,0,9,1
13193,077630,1,10,1
13194,077630,2,11,1
13195,077630,3,12,1
13196,077630,0,9,1
13197,077631,1,10,1
13198,077631,2,10,1
13199,077631,3,12,1
13200,077631,0,9,1
13201,077631,1,10,1
13202,077631,2,11,1
13203,077631,3,12,1
13204,077632,0,9,1
13205,077632,1,9,1
13206,077632,2,11,1
13207,077632,3,12,1
13208,077632,0,9,1
13209,077632,1,10,1
13210,077632,2,11,1
13211,077633,3,12,1
13212,077633,0,8,1
13213,077633,1,10,1
13214,077633,2,11,1
13215,077633,3,12,1
13216,077633,0,9,1
13217,077633,1,10,1
13218,077634,2,11,1
13219,077634,3,11,1
13220,077634,0,9,1
13221,077634,1,10,1
13222,077634,2,11,1
13223,077634,3,12,1
13224,077634,0,9,1
13225,077635,1,10,1
13226,077635,2,10,1
13227,077635,3,12,1
13228,077635,0,9,1
13229,077635,1,10,1
13230,077635,2,11,1
13231,077635,3,12,1
13232,077636,0,9,1
13233,077636,1,9,1
13234,077636,2,11,1
13235,077636,3,12,1
13236,077636,0,9,1
13237,077636,1,10,1
13238,077636,2,11,1
13239,077637,3,12,1
13240,077637,0,8,1
13241,077637,1,10,1
13242,077637,2,11,1
13243,077637,3,12,1
13244,077637,0,9,1
13245,077637,1,10,1
13246,077640,2,11,1
13247,077640,3,11,1
13248,077640,0,9,1
13249,077640,1,10,1
13250,077640,2,11,1
13251,077640,3,12,1
13252,077640,0,9,1
13253,077641,1,10,1
13254,077641,2,10,1
13255,077641,3,12,1
13256,077641,0,9,1
13257,077641,1,10,1
13258,077641,2,11,1
13259,077641,3,12,1
13260,077642,0,9,1
13261,077642,1,9,1
13262,077642,2,11,1
13263,077642,3,12,1
13264,077642,0,9,1
13265,077642,1,10,1
13266,077642,2,11,1
13267,077643,3,12,1
13268,077643,0,8,1
13269,077643,1,10,1
13270,077643,2,11,1
13271,077643,3,12,1
13272,077643,0,9,1
13273,077643,1,10,1
13274,077644,2,11,1
13275,077644,3,11,1
13276,077644,0,9,1
13277,077644,1,10,1
13278,077644,2,11,1
13279,077644,3,12,1
13280,077644,0,9,1
13281,077645,1,10,1
13282,077645,2,10,1
13283,077645,3,12,1
13284,077645,0,9,1
13285,077645,1,10,1
13286,077645,2,11,1
13287,077645,3,12,1
13288,077646,0,9,1
13289,077646,1,9,1
13290,077646,2,11,1
13291,077646,3,12,1
13292,077646,0,9,1
13293,077646,1,10,1
13294,077646,2,11,1
13295,077647,3,12,1
13296,077647,0,8,1
13297,077647,1,10,1
13298,077647,2,11,1
13299,077647,3,12,1
13300,077647,0,9,1
13301,077647,1,10,1
13302,077650,2,11,1
13303,077650,3,11,1
13304,077650,0,9,1
13305,077650,1,10,1
13306,077650,2,11,1
13307,077650,3,12,1
13308,077650,0,9,1
13309,077651,1,10,1
13310,077651,2,10,1
13311,077651,3,12,1
13312,077651,0,9,1
13313,077651,1,10,1
13314,077651,2,11,1
13315,077651,3,12,1
13316,077652,0,9,1
13317,077652,1,9,1
13318,077652,2,11,1
13319,077652,3,12,1
13320,077652,0,9,1
13321,077652,1,10,1
13322,077652,2,11,1
13323,077653,3,12,1
13324,077653,0,8,1
13325,077653,1,10,1
13326,077653,2,11,1
13327,077653,3,12,1
13328,077653,0,9,1
13329,077653,1,10,1
13330,077654,2,11,1
13331,077654,3,11,1
13332,077654,0,9,1
13333,077654,1,10,1
13334,077654,2,11,1
13335,077654,3,12,1
13336,077654,0,9,1
13337,077655,1,10,1
13338,077655,2,10,1
13339,077655,3,12,1
13340,077655,0,9,1
13341,077655,1,10,1
13342,077655,2,11,1
13343,077655,3,12,1
13344,077656,0,9,1
13345,077656,1,9,1
13346,077656,2,11,1
13347,077656,3,12,1
13348,077656,0,9,1
13349,077656,1,10,1
13350,077656,2,11,1
13351,077657,3,12,1
13352,077657,0,8,1
13353,077657,1,10,1
13354,077657,2,11,1
13355,077657,3,12,1
13356,077657,0,9,1
13357,077657,1,10,1
13358,077660,2,11,1
13359,077660,3,11,1
13360,077660,0,9,1
13361,077660,1,10,1
13362,077660,2,11,1
13363,077660,3,12,1
13364,077660,0,9,1
13365,077661,1,10,1
13366,077661,2,10,1
13367,077661,3,12,1
13368,077661,0,9,1
13369,077661,1,10,1
13370,077661,2,11,1
13371,077661,3,12,1
13372,077662,0,9,1
13373,077662,1,9,1
13374,077662,2,11,1
13375,077662,3,12,1
13376,077662,0,9,1
13377,077662,1,10,1
13378,077662,2,11,1
13379,077663,3,12,1
13380,077663,0,8,1
13381,077663,1,10,1
13382,077663,2,11,1
13383,077663,3,12,1
13384,077663,0,9,1
13385,077663,1,10,1
13386,077664,2,11,1
13387,077664,3,11,1
13388,077664,0,9,1
13389,077664,1,10,1
13390,077664,2,11,1
13391,077664,3,12,1
13392,077664,0,9,1
13393,077665,1,10,1
13394,077665,2,10,1
13395,077665,3,12,1
13396,077665,0,9,1
13397,077665,1,10,1
13398,077665,2,11,1
13399,077665,3,12,1
13400,077666,0,9,1
13401,077666,1,9,1
13402,077666,2,11,1
13403,077666,3,12,1
13404,077666,0,9,1
13405,077666,1,10,1
13406,077666,2,11,1
13407,077667,3,12,1
13408,077667,0,8,1
13409,077667,1,10,1
13410,077667,2,11,1
13411,077667,3,12,1
13412,077667,0,9,1
13413,077667,1,10,1
13414,077670,2,11,1
13415,077670,3,11,1
13416,077670,0,9,1
13417,077670,1,10,1
13418,077670,2,11,1
13419,077670,3,12,1
13420,077670,0,9,1
13421,077671,1,10,1
13422,077671,2,10,1
13423,077671,3,12,1
13424,077671,0,9,1
13425,077671,1,10,1
13426,077671,2,11,1
13427,077671,3,12,1
13428,077672,0,9,1
13429,077672,1,9,1
13430,077672,2,11,1
13431,077672,3,12,1
13432,077672,0,9,1
13433,077672,1,10,1
13434,077672,2,11,1
13435,077673,3,12,1
13436,077673,0,8,1
13437,077673,1,10,1
13438,077673,2,11,1
13439,077673,3,12,1
13440,077673,0,9,1
13441,077673,1,10,1
13442,077674,2,11,1
13443,077674,3,11,1
13444,077674,0,9,1
13445,077674,1,10,1
13446,077674,2,11,1
13447,077674,3,12,1
13448,077674,0,9,1
13449,077675,1,10,1
13450,077675,2,10,1
13451,077675,3,12,1
13452,077675,0,9,1
13453,077675,1,10,1
13454,077675,2,11,1
13455,077675,3,12,1
13456,077676,0,9,1
13457,077676,1,9,1
13458,077676,2,11,1
13459,077676,3,12,1
13460,077676,0,9,1
13461,077676,1,10,1
13462,077676,2,11,1
13463,077677,3,12,1
13464,077677,0,8,1
13465,077677,1,10,1
13466,077677,2,11,1
13467,077677,3,12,1
13468,077677,0,9,1
13469,077677,1,10,1
13470,077700,2,11,1
13471,077700,3,12,1
13472,077700,0,9,1
13473,077700,1,10,1
13474,077700,2,11,1
13475,077700,3,12,1
13476,077700,0,9,1
13477,077701,1,10,1
13478,077701,2,11,1
13479,077701,3,12,1
13480,077701,0,9,1
13481,077701,1,10,1
13482,077701,2,11,1
13483,077701,3,12,1
13484,077702,0,9,1
13485,077702,1,10,1
13486,077702,2,11,1
13487,077702,3,12,1
13488,077702,0,9,1
13489,077702,1,10,1
13490,077702,2,11,1
13491,077703,3,12,1
13492,077703,0,9,1
13493,077703,1,10,1
13494,077703,2,11,1
13495,077703,3,12,1
13496,077703,0,9,1
13497,077703,1,10,1
13498,077704,2,11,1
13499,077704,3,12,1
13500,077704,0,9,1
13501,077704,1,10,1
13502,077704,2,11,1
13503,077704,3,12,1
13504,077704,0,9,1
13505,077705,1,10,1
13506,077705,2,11,1
13507,077705,3,12,1
13508,077705,0,9,1
13509,077705,1,10,1
13510,077705,2,11,1
13511,077705,3,12,1
13512,077706,0,9,1
13513,077706,1,10,1
13514,077706,2,11,1
13515,077706,3,12,1
13516,077706,0,9,1
13517,077706,1,10,1
13518,077706,2,11,1
13519,077707,3,12,1
13520,077707,0,9,1
13521,077707,1,10,1
13522,077707,2,11,1
13523,077707,3,12,1
13524,077707,0,9,1
13525,077707,1,10,1
13526,077710,2,11,1
13527,077710,3,12,1
13528,077710,0,9,1
13529,077710,1,10,1
13530,077710,2,11,1
13531,077710,3,12,1
13532,077710,0,9,1
13533,077711,1,10,1
13534,077711,2,11,1
13535,077711,3,12,1
13536,077711,0,9,1
13537,077711,1,10,1
13538,077711,2,11,1
13539,077711,3,12,1
13540,077712,0,9,1
13541,077712,1,10,1
13542,077712,2,11,1
13543,077712,3,12,1
13544,077712,0,9,1
13545,077712,1,10,1
13546,077712,2,11,1
13547,077713,3,12,1
13548,077713,0,9,1
13549,077713,1,10,1
13550,077713,2,11,1
13551,077713,3,12,1
13552,077713,0,9,1
13553,077713,1,10,1
13554,077714,2,11,1
13555,077714,3,12,1
13556,077714,0,9,1
13557,077714,1,10,1
13558,077714,2,11,1
13559,077714,3,12,1
13560,077714,0,9,1
13561,077715,1,10,1
13562,077715,2,11,1
13563,077715,3,12,1
13564,077715,0,9,1
13565,077715,1,10,1
13566,077715,2,11,1
13567,077715,3,12,1
13568,077716,0,9,1
13569,077716,1,10,1
13570,077716,2,11,1
13571,077716,3,12,1
13572,077716,0,9,1
13573,077716,1,10,1
13574,077716,2,11,1
13575,077717,3,12,1
13576,077717,0,9,1
13577,077717,1,10,1
13578,077717,2,11,1
13579,077717,3,12,1
13580,077717,0,9,1
13581,077717,1,10,1
13582,077720,2,11,1
13583,077720,3,12,1
13584,077720,0,9,1
13585,077720,1,10,1
13586,077720,2,11,1
13587,077720,3,12,1
13588,077720,0,9,1
13589,077721,1,10,1
13590,077721,2,11,1
13591,077721,3,12,1
13592,077721,0,9,1
13593,077721,1,10,1
13594,077721,2,11,1
13595,077721,3,12,1
13596,077722,0,9,1
13597,077722,1,10,1
13598,077722,2,11,1
13599,077722,3,12,1
13600,077722,0,9,1
13601,077722,1,10,1
13602,077722,2,11,1
13603,077723,3,12,1
13604,077723,0,9,1
13605,077723,1,10,1
13606,077723,2,11,1
13607,077723,3,12,1
13608,077723,0,9,1
13609,077723,1,10,1
13610,077724,2,11,1
13611,077724,3,12,1
13612,077724,0,9,1
13613,077724,1,10,1
13614,077724,2,11,1
13615,077724,3,12,1
13616,077724,0,9,1
13617,077725,1,10,1
13618,077725,2,11,1
13619,077725,3,12,1
13620,077725,0,9,1
13621,077725,1,10,1
13622,077725,2,11,1
13623,077725,3,12,1
13624,077726,0,9,1
13625,077726,1,10,1
13626,077726,2,11,1
13627,077726,3,12,1
13628,077726,0,9,1
13629,077726,1,10,1
13630,077726,2,11,1
13631,077727,3,12,1
13632,077727,0,9,1
13633,077727,1,10,1
13634,077727,2,11,1
13635,077727,3,12,1
13636,077727,0,9,1
13637,077727,1,10,1
13638,077730,2,11,1
13639,077730,3,12,1
13640,077730,0,9,1
13641,077730,1,10,1
13642,077730,2,11,1
13643,077730,3,12,1
13644,077730,0,9,1
13645,077731,1,10,1
13646,077731,2,11,1
13647,077731,3,12,1
13648,077731,0,9,1
13649,077731,1,10,1
13650,077731,2,11,1
13651,077731,3,12,1
13652,077732,0,9,1
13653,077732,1,10,1
13654,077732,2,11,1
13655,077732,3,12,1
13656,077732,0,9,1
13657,077732,1,10,1
13658,077732,2,11,1
13659,077733,3,12,1
13660,077733,0,9,1
13661,077733,1,10,1
13662,077733,2,11,1
13663,077733,3,12,1
13664,077733,0,9,1
13665,077733,1,10,1
13666,077734,2,11,1
13667,077734,3,12,1
13668,077734,0,9,1
13669,077734,1,10,1
13670,077734,2,11,1
13671,077734,3,12,1
13672,077734,0,9,1
13673,077735,1,10,1
13674,077735,2,11,1
13675,077735,3,12,1
13676,077735,0,9,1
13677,077735,1,10,1
13678,077735,2,11,1
13679,077735,3,12,1
13680,077736,0,9,1
13681,077736,1,10,1
13682,077736,2,11,1
13683,077736,3,12,1
13684,077736,0,9,1
13685,077736,1,10,1
13686,077736,2,11,1
13687,077737,3,12,1
13688,077737,0,9,1
13689,077737,1,10,1
13690,077737,2,11,1
13691,077737,3,12,1
13692,077737,0,9,1
13693,077737,1,10,1
13694,077740,2,11,1
13695,077740,3,12,1
13696,077740,0,9,1
13697,077740,1,10,1
13698,077740,2,11,1
13699,077740,3,12,1
13700,077740,0,9,1
13701,077741,1,10,1
13702,077741,2,11,1
13703,077741,3,12,1
13704,077741,0,9,1
13705,077741,1,10,1
13706,077741,2,11,1
13707,077741,3,12,1
13708,077742,0,9,1
13709,077742,1,10,1
13710,077742,2,11,1
13711,077742,3,12,1
13712,077742,0,9,1
13713,077742,1,10,1
13714,077742,2,11,1
13715,077743,3,12,1
13716,077743,0,9,1
13717,077743,1,10,1
13718,077743,2,11,1
13719,077743,3,12,1
13720,077743,0,9,1
13721,077743,1,10,1
13722,077744,2,11,1
13723,077744,3,12,1
13724,077744,0,9,1
13725,077744,1,10,1
13726,077744,2,11,1
13727,077744,3,12,1
13728,077744,0,9,1
13729,077745,1,10,1
13730,077745,2,11,1
13731,077745,3,12,1
13732,077745,0,9,1
13733,077745,1,10,1
13734,077745,2,11,1
13735,077745,3,12,1
13736,077746,0,9,1
13737,077746,1,10,1
13738,077746,2,11,1
13739,077746,3,12,1
13740,077746,0,9,1
13741,077746,1,10,1
13742,077746,2,11,1
13743,077747,3,12,1
13744,077747,0,9,1
13745,077747,1,10,1
13746,077747,2,11,1
13747,077747,3,12,1
13748,077747,0,9,1
13749,077747,1,10,1
13750,077750,2,11,1
13751,077750,3,12,1
13752,077750,0,9,1
13753,077750,1,10,1
13754,077750,2,11,1
13755,077750,3,12,1
13756,077750,0,9,1
13757,077751,1,10,1
13758,077751,2,11,1
13759,077751,3,12,1
13760,077751,0,9,1
13761,077751,1,10,1
13762,077751,2,11,1
13763,077751,3,12,1
13764,077752,0,9,1
13765,077752,1,10,1
13766,077752,2,11,1
13767,077752,3,12,1
13768,077752,0,9,1
13769,077752,1,10,1
13770,077752,2,11,1
13771,077753,3,12,1
13772,077753,0,9,1
13773,077753,1,10,1
13774,077753,2,11,1
13775,077753,3,12,1
13776,077753,0,9,1
13777,077753,1,10,1
13778,077754,2,11,1
13779,077754,3,12,1
13780,077754,0,9,1
13781,077754,1,10,1
13782,077754,2,11,1
13783,077754,3,12,1
13784,077754,0,9,1
13785,077755,1,10,1
13786,077755,2,11,1
13787,077755,3,12,1
13788,077755,0,9,1
13789,077755,1,10,1
13790,077755,2,11,1
13791,077755,3,12,1
13792,077756,0,9,1
13793,077756,1,10,1
13794,077756,2,11,1
13795,077756,3,12,1
13796,077756,0,9,1
13797,077756,1,10,1
13798,077756,2,11,1
13799,077757,3,12,1
13800,077757,0,9,1
13801,077757,1,10,1
13802,077757,2,11,1
13803,077757,3,12,1
13804,077757,0,9,1
13805,077757,1,10,1
13806,077760,2,11,1
13807,077760,3,12,1
13808,077760,0,9,1
13809,077760,1,10,1
13810,077760,2,11,1
13811,077760,3,12,1
13812,077760,0,9,1
13813,077761,1,10,1
13814,077761,2,11,1
13815,077761,3,12,1
13816,077761,0,9,1
13817,077761,1,10,1
13818,077761,2,11,1
13819,077761,3,12,1
13820,077762,0,9,1
13821,077762,1,10,1
13822,077762,2,11,1
13823,077762,3,12,1
13824,077762,0,9,1
13825,077762,1,10,1
13826,077762,2,11,1
13827,077763,3,12,1
13828,077763,0,9,1
13829,077763,1,10,1
13830,077763,2,11,1
13831,077763,3,12,1
13832,077763,0,9,1
13833,077763,1,10,1
13834,077764,2,11,1
13835,077764,3,12,1
13836,077764,0,9,1
13837,077764,1,10,1
13838,077764,2,11,1
13839,077764,3,12,1
13840,077764,0,9,1
13841,077765,1,10,1
13842,077765,2,11,1
13843,077765,3,12,1
13844,077765,0,9,1
13845,077765,1,10,1
13846,077765,2,11,1
13847,077765,3,12,1
13848,077766,0,9,1
13849,077766,1,10,1
13850,077766,2,11,1
13851,077766,3,12,1
13852,077766,0,9,1
13853,077766,1,10,1
13854,077766,2,11,1
13855,077767,3,12,1
13856,077767,0,9,1
13857,077767,1,10,1
13858,077767,2,11,1
13859,077767,3,12,1
13860,077767,0,9,1
13861,077767,1,10,1
13862,077770,2,11,1
13863,077770,3,12,1
13864,077770,0,9,1
13865,077770,1,10,1
13866,077770,2,11,1
13867,077770,3,12,1
13868,077770,0,9,1
13869,077771,1,10,1
13870,077771,2,11,1
13871,077771,3,12,1
13872,077771,0,9,1
13873,077771,1,10,1
13874,077771,2,11,1
13875,077771,3,12,1
13876,077772,0,9,1
13877,077772,1,10,1
13878,077772,2,11,1
13879,077772,3,12,1
13880,077772,0,9,1
13881,077772,1,10,1
13882,077772,2,11,1
13883,077773,3,12,1
13884,077773,0,9,1
13885,077773,1,10,1
13886,077773,2,11,1
13887,077773,3,12,1
13888,077773,0,9,1
13889,077773,1,10,1
13890,077774,2,11,1
13891,077774,3,12,1
13892,077774,0,9,1
13893,077774,1,10,1
13894,077774,2,11,1
13895,077774,3,12,1
13896,077774,0,9,1
13897,077775,1,10,1
13898,077775,2,11,1
13899,077775,3,12,1
13900,077775,0,9,1
13901,077775,1,10,1
13902,077775,2,11,1
13903,077775,3,12,1
13904,077776,0,9,1
13905,077776,1,10,1
13906,077776,2,11,1
13907,077776,3,12,1
13908,077776,0,9,1
13909,077776,1,10,1
13910,077776,2,11,1
13911,077777,3,12,1
13912,077777,0,9,1
13913,077777,1,10,1
13914,077777,2,11,1
13915,077777,3,12,1
13916,077777,0,9,1
13917,077777,1,10,1
13918,077077,2,11,1
13919,077077,3,11,1
13920,077077,0,9,1
13921,077077,1,10,1
13922,077077,2,11,1
13923,077077,3,12,1
13924,077077,0,9,1
13925,077077,1,10,1
13926,077077,2,10,1
13927,077077,3,12,1
13928,077077,0,9,1
13929,077077,1,10,1
13930,077077,2,11,1
13931,077077,3,12,1
13932,077077,0,9,1
13933,077077,1,9,1
13934,077077,2,11,1
13935,077077,3,12,1
13936,077077,0,9,1
13937,077077,1,10,1
13938,077077,2,11,1
13939,077077,3,12,1
13940,077077,0,8,1
13941,077077,1,10,1
13942,077077,2,11,1
13943,077077,3,12,1
13944,077077,0,9,1
13945,077077,1,10,1
13946,077077,2,11,1
13947,077077,3,11,1
13948,077077,0,9,1
13949,077077,1,10,1
13950,077077,2,11,1
13951,077077,3,12,1
13952,077077,0,9,1
13953,077077,1,10,1
13954,077077,2,10,1
13955,077077,3,12,1
13956,077077,0,9,1
13957,077077,1,10,1
13958,077077,2,11,1
13959,077077,3,12,1
13960,077077,0,9,1
13961,077077,1,9,1
13962,077077,2,11,1
13963,077077,3,12,1
13964,077077,0,9,1
13965,077077,1,10,1
13966,077077,2,11,1
13967,077077,3,12,1
13968,077077,0,8,1
13969,077077,1,10,1
13970,077077,2,11,1
13971,077077,3,12,1
13972,077077,0,9,1
13973,077077,1,10,1
13974,077077,2,11,1
13975,077077,3,11,1
13976,077077,0,9,1
13977,077077,1,10,1
13978,077077,2,11,1
13979,077077,3,12,1
13980,077077,0,9,1
13981,077077,1,10,1
13982,077077,2,10,1
13983,077077,3,12,1
13984,077077,0,9,1
13985,077077,1,10,1
13986,077077,2,11,1
13987,077077,3,12,1
13988,077077,0,9,1
13989,077077,1,9,1
13990,077077,2,11,1
13991,077077,3,12,1
13992,077077,0,9,1
13993,077077,1,10,1
13994,077077,2,11,1
13995,077077,3,12,1
13996,077077,0,8,1
13997,077077,1,10,1
13998,077077,2,11,1
13999,077077,3,12,1
14000,077077,0,9,1
14001,077077,1,10,1
14002,077077,2,11,1
14003,077077,3,11,1
14004,077077,0,9,1
14005,077077,1,10,1
14006,077077,2,11,1
14007,077077,3,12,1
14008,077077,0,9,1
14009,077077,1,10,1
14010,077077,2,10,1
14011,077077,3,12,1
14012,077077,0,9,1
14013,077077,1,10,1
14014,077077,2,11,1
14015,077077,3,12,1
14016,077077,0,9,1
14017,077077,1,9,1
14018,077077,2,11,1
14019,077077,3,12,1
14020,077077,0,9,1
14021,077077,1,10,1
14022,077077,2,11,1
14023,077077,3,12,1
14024,077077,0,8,1
14025,077077,1,10,1
14026,077077,2,11,1
14027,077077,3,12,1
14028,077077,0,9,1
14029,077077,1,10,1
14030,077177,2,11,1
14031,077177,3,11,1
14032,077177,0,9,1
14033,077177,1,10,1
14034,077177,2,11,1
14035,077177,3,12,1
14036,077177,0,9,1
14037,077177,1,10,1
14038,077177,2,10,1
14039,077177,3,12,1
14040,077177,0,9,1
14041,077177,1,10,1
14042,077177,2,11,1
14043,077177,3,12,1
14044,077177,0,9,1
14045,077177,1,9,1
14046,077177,2,11,1
14047,077177,3,12,1
14048,077177,0,9,1
14049,077177,1,10,1
14050,077177,2,11,1
14051,077177,3,12,1
14052,077177,0,8,1
14053,077177,1,10,1
14054,077177,2,11,1
14055,077177,3,12,1
14056,077177,0,9,1
14057,077177,1,10,1
14058,077177,2,11,1
14059,077177,3,11,1
14060,077177,0,9,1
14061,077177,1,10,1
14062,077177,2,11,1
14063,077177,3,12,1
14064,077177,0,9,1
14065,077177,1,10,1
14066,077177,2,10,1
14067,077177,3,12,1
14068,077177,0,9,1
14069,077177,1,10,1
14070,077177,2,11,1
14071,077177,3,12,1
14072,077177,0,9,1
14073,077177,1,9,1
14074,077177,2,11,1
14075,077177,3,12,1
14076,077177,0,9,1
14077,077177,1,10,1
14078,077177,2,11,1
14079,077177,3,12,1
14080,077177,0,8,1
14081,077177,1,10,1
14082,077177,2,11,1
14083,077177,3,12,1
14084,077177,0,9,1
14085,077177,1,10,1
14086,077177,2,11,1
14087,077177,3,11,1
14088,077177,0,9,1
14089,077177,1,10,1
14090,077177,2,11,1
14091,077177,3,12,1
14092,077177,0,9,1
14093,077177,1,10,1
14094,077177,2,10,1
14095,077177,3,12,1
14096,077177,0,9,1
14097,077177,1,10,1
14098,077177,2,11,1
14099,077177,3,12,1
14100,077177,0,9,1
14101,077177,1,9,1
14102,077177,2,11,1
14103,077177,3,12,1
14104,077177,0,9,1
14105,077177,1,10,1
14106,077177,2,11,1
14107,077177,3,12,1
14108,077177,0,8,1
14109,077177,1,10,1
14110,077177,2,11,1
14111,077177,3,12,1
14112,077177,0,9,1
14113,077177,1,10,1
14114,077177,2,11,1
14115,077177,3,11,1
14116,077177,0,9,1
14117,077177,1,10,1
14118,077177,2,11,1
14119,077177,3,12,1
14120,077177,0,9,1
14121,077177,1,10,1
14122,077177,2,10,1
14123,077177,3,12,1
14124,077177,0,9,1
14125,077177,1,10,1
14126,077177,2,11,1
14127,077177,3,12,1
14128,077177,0,9,1
14129,077177,1,9,1
14130,077177,2,11,1
14131,077177,3,12,1
14132,077177,0,9,1
14133,077177,1,10,1
14134,077177,2,11,1
14135,077177,3,12,1
14136,077177,0,8,1
14137,077177,1,10,1
14138,077177,2,11,1
14139,077177,3,12,1
14140,077177,0,9,1
14141,077177,1,10,1
14142,077277,2,11,1
14143,077277,3,11,1
14144,077277,0,9,1
14145,077277,1,10,1
14146,077277,2,11,1
14147,077277,3,12,1
14148,077277,0,9,1
14149,077277,1,10,1
14150,077277,2,10,1
14151,077277,3,12,1
14152,077277,0,9,1
14153,077277,1,10,1
14154,077277,2,11,1
14155,077277,3,12,1
14156,077277,0,9,1
14157,077277,1,9,1
14158,077277,2,11,1
14159,077277,3,12,1
14160,077277,0,9,1
14161,077277,1,10,1
14162,077277,2,11,1
14163,077277,3,12,1
14164,077277,0,8,1
14165,077277,1,10,1
14166,077277,2,11,1
14167,077277,3,12,1
14168,077277,0,9,1
14169,077277,1,10,1
14170,077277,2,11,1
14171,077277,3,11,1
14172,077277,0,9,1
14173,077277,1,10,1
14174,077277,2,11,1
14175,077277,3,12,1
14176,077277,0,9,1
14177,077277,1,10,1
14178,077277,2,10,1
14179,077277,3,12,1
14180,077277,0,9,1
14181,077277,1,10,1
14182,077277,2,11,1
14183,077277,3,12,1
14184,077277,0,9,1
14185,077277,1,9,1
14186,077277,2,11,1
14187,077277,3,12,1
14188,077277,0,9,1
14189,077277,1,10,1
14190,077277,2,11,1
14191,077277,3,12,1
14192,077277,0,8,1
14193,077277,1,10,1
14194,077277,2,11,1
14195,077277,3,12,1
14196,077277,0,9,1
14197,077277,1,10,1
14198,077277,2,11,1
14199,077277,3,11,1
14200,077277,0,9,1
14201,077277,1,10,1
14202,077277,2,11,1
14203,077277,3,12,1
14204,077277,0,9,1
14205,077277,1,10,1
14206,077277,2,10,1
14207,077277,3,12,1
14208,077277,0,9,1
14209,077277,1,10,1
14210,077277,2,11,1
14211,077277,3,12,1
14212,077277,0,9,1
14213,077277,1,9,1
14214,077277,2,11,1
14215,077277,3,12,1
14216,077277,0,9,1
14217,077277,1,10,1
14218,077277,2,11,1
14219,077277,3,12,1
14220,077277,0,8,1
14221,077277,1,10,1
14222,077277,2,11,1
14223,077277,3,12,1
14224,077277,0,9,1
14225,077277,1,10,1
14226,077277,2,11,1
14227,077277,3,11,1
14228,077277,0,9,1
14229,077277,1,10,1
14230,077277,2,11,1
14231,077277,3,12,1
14232,077277,0,9,1
14233,077277,1,10,1
14234,077277,2,10,1
14235,077277,3,12,1
14236,077277,0,9,1
14237,077277,1,10,1
14238,077277,2,11,1
14239,077277,3,12,1
14240,077277,0,9,1
14241,077277,1,9,1
14242,077277,2,11,1
14243,077277,3,12,1
14244,077277,0,9,1
14245,077277,1,10,1
14246,077277,2,11,1
14247,077277,3,12,1
14248,077277,0,8,1
14249,077277,1,10,1
14250,077277,2,11,1
14251,077277,3,12,1
14252,077277,0,9,1
14253,077277,1,10,1
14254,077377,2,11,1
14255,077377,3,11,1
14256,077377,0,9,1
14257,077377,1,10,1
14258,077377,2,11,1
14259,077377,3,12,1
14260,077377,0,9,1
14261,077377,1,10,1
14262,077377,2,10,1
14263,077377,3,12,1
14264,077377,0,9,1
14265,077377,1,10,1
14266,077377,2,11,1
14267,077377,3,12,1
14268,077377,0,9,1
14269,077377,1,9,1
14270,077377,2,11,1
14271,077377,3,12,1
14272,077377,0,9,1
14273,077377,1,10,1
14274,077377,2,11,1
14275,077377,3,12,1
14276,077377,0,8,1
14277,077377,1,10,1
14278,077377,2,11,1
14279,077377,3,12,1
14280,077377,0,9,1
14281,077377,1,10,1
14282,077377,2,11,1
14283,077377,3,11,1
14284,077377,0,9,1
14285,077377,1,10,1
14286,077377,2,11,1
14287,077377,3,12,1
14288,077377,0,9,1
14289,077377,1,10,1
14290,077377,2,10,1
14291,077377,3,12,1
14292,077377,0,9,1
14293,077377,1,10,1
14294,077377,2,11,1
14295,077377,3,12,1
14296,077377,0,9,1
14297,077377,1,9,1
14298,077377,2,11,1
14299,077377,3,12,1
14300,077377,0,9,1
14301,077377,1,10,1
14302,077377,2,11,1
14303,077377,3,12,1
14304,077377,0,8,1
14305,077377,1,10,1
14306,077377,2,11,1
14307,077377,3,12,1
14308,077377,0,9,1
14309,077377,1,10,1
14310,077377,2,11,1
14311,077377,3,11,1
14312,077377,0,9,1
14313,077377,1,10,1
14314,077377,2,11,1
14315,077377,3,12,1
14316,077377,0,9,1
14317,077377,1,10,1
14318,077377,2,10,1
14319,077377,3,12,1
14320,077377,0,9,1
14321,077377,1,10,1
14322,077377,2,11,1
14323,077377,3,12,1
14324,077377,0,9,1
14325,077377,1,9,1
14326,077377,2,11,1
14327,077377,3,12,1
14328,077377,0,9,1
14329,077377,1,10,1
14330,077377,2,11,1
14331,077377,3,12,1
14332,077377,0,8,1
14333,077377,1,10,1
14334,077377,2,11,1
14335,077377,3,12,1
14336,077377,0,9,1
14337,077377,1,10,1
14338,077377,2,11,1
14339,077377,3,11,1
14340,077377,0,9,1
14341,077377,1,10,1
14342,077377,2,11,1
14343,077377,3,12,1
14344,077377,0,9,1
14345,077377,1,10,1
14346,077377,2,10,1
14347,077377,3,12,1
14348,077377,0,9,1
14349,077377,1,10,1
14350,077377,2,11,1
14351,077377,3,12,1
14352,077377,0,9,1
14353,077377,1,9,1
14354,077377,2,11,1
14355,077377,3,12,1
14356,077377,0,9,1
14357,077377,1,10,1
14358,077377,2,11,1
14359,077377,3,12,1
14360,077377,0,8,1
14361,077377,1,10,1
14362,077377,2,11,1
14363,077377,3,12,1
14364,077377,0,9,1
14365,077377,1,10,1
14366,077477,2,11,1
14367,077477,3,11,1
14368,077477,0,9,1
14369,077477,1,10,1
14370,077477,2,11,1
14371,077477,3,12,1
14372,077477,0,9,1
14373,077477,1,10,1
14374,077477,2,10,1
14375,077477,3,12,1
14376,077477,0,9,1
14377,077477,1,10,1
14378,077477,2,11,1
14379,077477,3,12,1
14380,077477,0,9,1
14381,077477,1,9,1
14382,077477,2,11,1
14383,077477,3,12,1
14384,077477,0,9,1
14385,077477,1,10,1
14386,077477,2,11,1
14387,077477,3,12,1
14388,077477,0,8,1
14389,077477,1,10,1
14390,077477,2,11,1
14391,077477,3,12,1
14392,077477,0,9,1
14393,077477,1,10,1
14394,077477,2,11,1
14395,077477,3,11,1
14396,077477,0,9,1
14397,077477,1,10,1
14398,077477,2,11,1
14399,077477,3,12,1
14400,077477,0,9,1
14401,077477,1,10,1
14402,077477,2,10,1
14403,077477,3,12,1
14404,077477,0,9,1
14405,077477,1,10,1
14406,077477,2,11,1
14407,077477,3,12,1
14408,077477,0,9,1
14409,077477,1,9,1
14410,077477,2,11,1
14411,077477,3,12,1
14412,077477,0,9,1
14413,077477,1,10,1
14414,077477,2,11,1
14415,077477,3,12,1
14416,077477,0,8,1
14417,077477,1,10,1
14418,077477,2,11,1
14419,077477,3,12,1
14420,077477,0,9,1
14421,077477,1,10,1
14422,077477,2,11,1
14423,077477,3,11,1
14424,077477,0,9,1
14425,077477,1,10,1
14426,077477,2,11,1
14427,077477,3,12,1
14428,077477,0,9,1
14429,077477,1,10,1
14430,077477,2,10,1
14431,077477,3,12,1
14432,077477,0,9,1
14433,077477,1,10,1
14434,077477,2,11,1
14435,077477,3,12,1
14436,077477,0,9,1
14437,077477,1,9,1
14438,077477,2,11,1
14439,077477,3,12,1
14440,077477,0,9,1
14441,077477,1,10,1
14442,077477,2,11,1
14443,077477,3,12,1
14444,077477,0,8,1
14445,077477,1,10,1
14446,077477,2,11,1
14447,077477,3,12,1
14448,077477,0,9,1
14449,077477,1,10,1
14450,077477,2,11,1
14451,077477,3,11,1
14452,077477,0,9,1
14453,077477,1,10,1
14454,077477,2,11,1
14455,077477,3,12,1
14456,077477,0,9,1
14457,077477,1,10,1
14458,077477,2,10,1
14459,077477,3,12,1
14460,077477,0,9,1
14461,077477,1,10,1
14462,077477,2,11,1
14463,077477,3,12,1
14464,077477,0,9,1
14465,077477,1,9,1
14466,077477,2,11,1
14467,077477,3,12,1
14468,077477,0,9,1
14469,077477,1,10,1
14470,077477,2,11,1
14471,077477,3,12,1
14472,077477,0,8,1
14473,077477,1,10,1
14474,077477,2,11,1
14475,077477,3,12,1
14476,077477,0,9,1
14477,077477,1,10,1
14478,077577,2,11,1
14479,077577,3,11,1
14480,077577,0,9,1
14481,077577,1,10,1
14482,077577,2,11,1
14483,077577,3,12,1
14484,077577,0,9,1
14485,077577,1,10,1
14486,077577,2,10,1
14487,077577,3,12,1
14488,077577,0,9,1
14489,077577,1,10,1
14490,077577,2,11,1
14491,077577,3,12,1
14492,077577,0,9,1
14493,077577,1,9,1
14494,077577,2,11,1
14495,077577,3,12,1
14496,077577,0,9,1
14497,077577,1,10,1
14498,077577,2,11,1
14499,077577,3,12,1
14500,077577,0,8,1
14501,077577,1,10,1
14502,077577,2,11,1
14503,077577,3,12,1
14504,077577,0,9,1
14505,077577,1,10,1
14506,077577,2,11,1
14507,077577,3,11,1
14508,077577,0,9,1
14509,077577,1,10,1
14510,077577,2,11,1
14511,077577,3,12,1
14512,077577,0,9,1
14513,077577,1,10,1
14514,077577,2,10,1
14515,077577,3,12,1
14516,077577,0,9,1
14517,077577,1,10,1
14518,077577,2,11,1
14519,077577,3,12,1
14520,077577,0,9,1
14521,077577,1,9,1
14522,077577,2,11,1
14523,077577,3,12,1
14524,077577,0,9,1
14525,077577,1,10,1
14526,077577,2,11,1
14527,077577,3,12,1
14528,077577,0,8,1
14529,077577,1,10,1
14530,077577,2,11,1
14531,077577,3,12,1
14532,077577,0,9,1
14533,077577,1,10,1
14534,077577,2,11,1
14535,077577,3,11,1
14536,077577,0,9,1
14537,077577,1,10,1
14538,077577,2,11,1
14539,077577,3,12,1
14540,077577,0,9,1
14541,077577,1,10,1
14542,077577,2,10,1
14543,077577,3,12,1
14544,077577,0,9,1
14545,077577,1,10,1
14546,077577,2,11,1
14547,077577,3,12,1
14548,077577,0,9,1
14549,077577,1,9,1
14550,077577,2,11,1
14551,077577,3,12,1
14552,077577,0,9,1
14553,077577,1,10,1
14554,077577,2,11,1
14555,077577,3,12,1
14556,077577,0,8,1
14557,077577,1,10,1
14558,077577,2,11,1
14559,077577,3,12,1
14560,077577,0,9,1
14561,077577,1,10,1
14562,077577,2,11,1
14563,077577,3,11,1
14564,077577,0,9,1
14565,077577,1,10,1
14566,077577,2,11,1
14567,077577,3,12,1
14568,077577,0,9,1
14569,077577,1,10,1
14570,077577,2,10,1
14571,077577,3,12,1
14572,077577,0,9,1
14573,077577,1,10,1
14574,077577,2,11,1
14575,077577,3,12,1
14576,077577,0,9,1
14577,077577,1,9,1
14578,077577,2,11,1
14579,077577,3,12,1
14580,077577,0,9,1
14581,077577,1,10,1
14582,077577,2,11,1
14583,077577,3,12,1
14584,077577,0,8,1
14585,077577,1,10,1
14586,077577,2,11,1
14587,077577,3,12,1
14588,077577,0,9,1
14589,077577,1,10,1
14590,077677,2,11,1
14591,077677,3,11,1
14592,077677,0,9,1
14593,077677,1,10,1
14594,077677,2,11,1
14595,077677,3,12,1
14596,077677,0,9,1
14597,077677,1,10,1
14598,077677,2,10,1
14599,077677,3,12,1
14600,077677,0,9,1
14601,077677,1,10,1
14602,077677,2,11,1
14603,077677,3,12,1
14604,077677,0,9,1
14605,077677,1,9,1
14606,077677,2,11,1
14607,077677,3,12,1
14608,077677,0,9,1
14609,077677,1,10,1
14610,077677,2,11,1
14611,077677,3,12,1
14612,077677,0,8,1
14613,077677,1,10,1
14614,077677,2,11,1
14615,077677,3,12,1
14616,077677,0,9,1
14617,077677,1,10,1
14618,077677,2,11,1
14619,077677,3,11,1
14620,077677,0,9,1
14621,077677,1,10,1
14622,077677,2,11,1
14623,077677,3,12,1
14624,077677,0,9,1
14625,077677,1,10,1
14626,077677,2,10,1
14627,077677,3,12,1
14628,077677,0,9,1
14629,077677,1,10,1
14630,077677,2,11,1
14631,077677,3,12,1
14632,077677,0,9,1
14633,077677,1,9,1
14634,077677,2,11,1
14635,077677,3,12,1
14636,077677,0,9,1
14637,077677,1,10,1
14638,077677,2,11,1
14639,077677,3,12,1
14640,077677,0,8,1
14641,077677,1,10,1
14642,077677,2,11,1
14643,077677,3,12,1
14644,077677,0,9,1
14645,077677,1,10,1
14646,077677,2,11,1
14647,077677,3,11,1
14648,077677,0,9,1
14649,077677,1,10,1
14650,077677,2,11,1
14651,077677,3,12,1
14652,077677,0,9,1
14653,077677,1,10,1
14654,077677,2,10,1
14655,077677,3,12,1
14656,077677,0,9,1
14657,077677,1,10,1
14658,077677,2,11,1
14659,077677,3,12,1
14660,077677,0,9,1
14661,077677,1,9,1
14662,077677,2,11,1
14663,077677,3,12,1
14664,077677,0,9,1
14665,077677,1,10,1
14666,077677,2,11,1
14667,077677,3,12,1
14668,077677,0,8,1
14669,077677,1,10,1
14670,077677,2,11,1
14671,077677,3,12,1
14672,077677,0,9,1
14673,077677,1,10,1
14674,077677,2,11,1
14675,077677,3,11,1
14676,077677,0,9,1
14677,077677,1,10,1
14678,077677,2,11,1
14679,077677,3,12,1
14680,077677,0,9,1
14681,077677,1,10,1
14682,077677,2,10,1
14683,077677,3,12,1
14684,077677,0,9,1
14685,077677,1,10,1
14686,077677,2,11,1
14687,077677,3,12,1
14688,077677,0,9,1
14689,077677,1,9,1
14690,077677,2,11,1
14691,077677,3,12,1
14692,077677,0,9,1
14693,077677,1,10,1
14694,077677,2,11,1
14695,077677,3,12,1
14696,077677,0,8,1
14697,077677,1,10,1
14698,077677,2,11,1
14699,077677,3,12,1
14700,077677,0,9,1
14701,077677,1,10,1
14702,077777,2,11,1
14703,077777,3,12,1
14704,077777,0,9,1
14705,077777,1,10,1
14706,077777,2,11,1
14707,077777,3,12,1
14708,077777,0,9,1
14709,077777,1,10,1
14710,077777,2,11,1
14711,077777,3,12,1
14712,077777,0,9,1
14713,077777,1,10,1
14714,077777,2,11,1
14715,077777,3,12,1
14716,077777,0,9,1
14717,077777,1,10,1
14718,077777,2,11,1
14719,077777,3,12,1
14720,077777,0,9,1
14721,077777,1,10,1
14722,077777,2,11,1
14723,077777,3,12,1
14724,077777,0,9,1
14725,077777,1,10,1
14726,077777,2,11,1
14727,077777,3,12,1
14728,077777,0,9,1
14729,077777,1,10,1
14730,077777,2,11,1
14731,077777,3,12,1
14732,077777,0,9,1
14733,077777,1,10,1
14734,077777,2,11,1
14735,077777,3,12,1
14736,077777,0,9,1
14737,077777,1,10,1
14738,077777,2,11,1
14739,077777,3,12,1
14740,077777,0,9,1
14741,077777,1,10,1
14742,077777,2,11,1
14743,077777,3,12,1
14744,077777,0,9,1
14745,077777,1,10,1
14746,077777,2,11,1
14747,077777,3,12,1
14748,077777,0,9,1
14749,077777,1,10,1
14750,077777,2,11,1
14751,077777,3,12,1
14752,077777,0,9,1
14753,077777,1,10,1
14754,077777,2,11,1
14755,077777,3,12,1
14756,077777,0,9,1
14757,077777,1,10,1
14758,077777,2,11,1
14759,077777,3,12,1
14760,077777,0,9,1
14761,077777,1,10,1
14762,077777,2,11,1
14763,077777,3,12,1
14764,077777,0,9,1
14765,077777,1,10,1
14766,077777,2,11,1
14767,077777,3,12,1
14768,077777,0,9,1
14769,077777,1,10,1
14770,077777,2,11,1
14771,077777,3,12,1
14772,077777,0,9,1
14773,077777,1,10,1
14774,077777,2,11,1
14775,077777,3,12,1
14776,077777,0,9,1
14777,077777,1,10,1
14778,077777,2,11,1
14779,077777,3,12,1
14780,077777,0,9,1
14781,077777,1,10,1
14782,077777,2,11,1
14783,077777,3,12,1
14784,077777,0,9,1
14785,077777,1,10,1
14786,077777,2,11,1
14787,077777,3,12,1
14788,077777,0,9,1
14789,077777,1,10,1
14790,077777,2,11,1
14791,077777,3,12,1
14792,077777,0,9,1
14793,077777,1,10,1
14794,077777,2,11,1
14795,077777,3,12,1
14796,077777,0,9,1
14797,077777,1,10,1
14798,077777,2,11,1
14799,077777,3,12,1
14800,077777,0,9,1
14801,077777,1,10,1
14802,077777,2,11,1
14803,077777,3,12,1
14804,077777,0,9,1
14805,077777,1,10,1
14806,077777,2,11,1
14807,077777,3,12,1
14808,077777,0,9,1
14809,077777,1,10,1
14810,077777,2,11,1
14811,077777,3,12,1
14812,077777,0,9,1
14813,077777,1,10,1
