opcode,initial_fps,ack_wait_clocks,core_clocks,memory_beats
170100,043304,0,1193,191
170101,043304,0,1193,191
170102,106304,0,1193,191
170103,001704,0,1193,191
170104,045304,0,1193,191
170105,140704,0,1193,191
170106,044304,0,1193,191
170107,147704,0,1193,191
170110,043304,0,1234,202
170111,001704,0,1234,202
170112,044304,0,1234,202
170113,043304,0,1234,202
170114,045304,0,1234,202
170115,147704,0,1234,202
170116,106304,0,1234,202
170117,045304,0,1234,202
170120,044304,0,1353,225
170121,043304,0,1353,225
170122,045304,0,1353,225
170123,147704,0,1353,225
170124,106304,0,1353,225
170125,140704,0,1353,225
170126,043304,0,1353,225
170127,106304,0,1304,215
170130,045304,0,1376,229
170131,043304,0,1376,229
170132,045304,0,1376,229
170133,043304,0,1376,229
170134,045304,0,1376,229
170135,043304,0,1376,229
170136,045304,0,1376,229
170137,147704,0,1327,219
170140,106304,0,1353,225
170141,140704,0,1353,225
170142,043304,0,1353,225
170143,001704,0,1353,225
170144,044304,0,1353,225
170145,043304,0,1353,225
170146,045304,0,1353,225
170147,044304,0,1304,215
170150,043304,0,1376,229
170151,045304,0,1376,229
170152,043304,0,1376,229
170153,045304,0,1376,229
170154,043304,0,1376,229
170155,045304,0,1376,229
170156,043304,0,1376,229
170157,001704,0,1458,241
170160,045304,0,1321,216
170161,043304,0,1321,216
170162,045304,0,1321,216
170163,043304,0,1321,216
170164,045304,0,1321,216
170165,043304,0,1321,216
170166,045304,0,1321,216
170167,147704,0,1321,216
170170,001704,0,1329,219
170171,043304,0,1329,219
170172,140704,0,1329,219
170173,106304,0,1329,219
170174,147704,0,1329,219
170175,045304,0,1329,219
170176,043304,0,1329,219
170177,140704,0,1329,219
170200,106304,0,1229,193
170201,001704,0,1229,193
170202,045304,0,1229,193
170203,140704,0,1229,193
170204,044304,0,1229,193
170205,147704,0,1229,193
170206,043304,0,1229,193
170207,043304,0,1229,193
170210,106304,0,1293,207
170211,140704,0,1293,207
170212,043304,0,1293,207
170213,001704,0,1293,207
170214,044304,0,1293,207
170215,043304,0,1293,207
170216,045304,0,1293,207
170217,044304,0,1293,207
170220,043304,0,1412,230
170221,001704,0,1412,230
170222,044304,0,1412,230
170223,043304,0,1412,230
170224,045304,0,1412,230
170225,147704,0,1412,230
170226,106304,0,1412,230
170227,045304,0,1363,220
170230,044304,0,1435,234
170231,106304,0,1435,234
170232,044304,0,1435,234
170233,106304,0,1435,234
170234,044304,0,1435,234
170235,106304,0,1435,234
170236,044304,0,1435,234
170237,043304,0,1386,224
170240,045304,0,1412,230
170241,147704,0,1412,230
170242,106304,0,1412,230
170243,140704,0,1412,230
170244,043304,0,1412,230
170245,001704,0,1412,230
170246,044304,0,1412,230
170247,043304,0,1363,220
170250,106304,0,1435,234
170251,044304,0,1435,234
170252,106304,0,1435,234
170253,044304,0,1435,234
170254,106304,0,1435,234
170255,044304,0,1435,234
170256,106304,0,1435,234
170257,140704,0,1543,252
170260,044304,0,1380,221
170261,106304,0,1380,221
170262,044304,0,1380,221
170263,106304,0,1380,221
170264,044304,0,1380,221
170265,106304,0,1380,221
170266,044304,0,1380,221
170267,043304,0,1380,221
170270,140704,0,1388,224
170271,106304,0,1388,224
170272,147704,0,1388,224
170273,045304,0,1388,224
170274,043304,0,1388,224
170275,044304,0,1388,224
170276,001704,0,1388,224
170277,147704,0,1388,224
170300,045304,0,1354,210
170301,140704,0,1354,210
170302,044304,0,1354,210
170303,147704,0,1354,210
170304,043304,0,1354,210
170305,043304,0,1354,210
170306,106304,0,1354,210
170307,001704,0,1354,210
170310,045304,0,1460,231
170311,043304,0,1460,231
170312,045304,0,1460,231
170313,043304,0,1460,231
170314,045304,0,1460,231
170315,043304,0,1460,231
170316,045304,0,1460,231
170317,147704,0,1460,231
170320,106304,0,1579,254
170321,044304,0,1579,254
170322,106304,0,1579,254
170323,044304,0,1579,254
170324,106304,0,1579,254
170325,044304,0,1579,254
170326,106304,0,1579,254
170327,140704,0,1506,239
170330,147704,0,1602,258
170331,045304,0,1602,258
170332,043304,0,1602,258
170333,044304,0,1602,258
170334,001704,0,1602,258
170335,043304,0,1602,258
170336,140704,0,1602,258
170337,043304,0,1553,248
170340,140704,0,1579,254
170341,043304,0,1579,254
170342,140704,0,1579,254
170343,043304,0,1579,254
170344,140704,0,1579,254
170345,043304,0,1579,254
170346,140704,0,1579,254
170347,043304,0,1530,244
170350,001704,0,1602,258
170351,043304,0,1602,258
170352,140704,0,1602,258
170353,106304,0,1602,258
170354,147704,0,1602,258
170355,045304,0,1602,258
170356,043304,0,1602,258
170357,140704,0,1668,269
170360,044304,0,1547,245
170361,001704,0,1547,245
170362,043304,0,1547,245
170363,140704,0,1547,245
170364,106304,0,1547,245
170365,147704,0,1547,245
170366,045304,0,1547,245
170367,043304,0,1547,245
170370,140704,0,1555,248
170371,001704,0,1555,248
170372,043304,0,1555,248
170373,147704,0,1555,248
170374,140704,0,1555,248
170375,001704,0,1555,248
170376,043304,0,1555,248
170377,044304,0,1555,248
170000,045304,0,790,135
170001,045304,0,754,129
170002,045304,0,778,132
170011,045304,0,802,135
170012,045304,0,826,138
172400,041104,0,1879,289
172400,041704,0,1925,296
172401,004104,0,1879,289
172401,104704,0,1925,296
172402,003104,0,1879,289
172402,103704,0,1925,296
172403,146104,0,1879,289
172403,046704,0,1925,296
172404,041104,0,1879,289
172404,041704,0,1925,296
172405,004104,0,1879,289
172405,104704,0,1925,296
172406,003104,0,1899,299
172406,103704,0,1902,300
172407,003104,0,1899,299
172407,103704,0,1902,300
172410,003104,0,2170,346
172410,103704,0,2283,365
172411,146104,0,2170,346
172411,046704,0,2283,365
172412,041104,0,2170,346
172412,041704,0,2283,365
172413,004104,0,2170,346
172413,104704,0,2283,365
172414,003104,0,2170,346
172414,103704,0,2283,365
172415,146104,0,2170,346
172415,046704,0,2283,365
172416,041104,0,2170,346
172416,041704,0,2283,365
172417,041104,0,2170,346
172417,041704,0,2283,365
172420,041104,0,2289,369
172420,041704,0,2402,388
172421,004104,0,2289,369
172421,104704,0,2402,388
172422,003104,0,2289,369
172422,103704,0,2402,388
172423,146104,0,2289,369
172423,046704,0,2402,388
172424,041104,0,2289,369
172424,041704,0,2402,388
172425,004104,0,2289,369
172425,104704,0,2402,388
172426,003104,0,2289,369
172426,103704,0,2402,388
172427,003104,0,2230,356
172427,103704,0,2287,365
172430,041104,0,2312,373
172430,041704,0,2425,392
172431,003104,0,2312,373
172431,103704,0,2425,392
172432,041104,0,2312,373
172432,041704,0,2425,392
172433,003104,0,2312,373
172433,103704,0,2425,392
172434,041104,0,2312,373
172434,041704,0,2425,392
172435,003104,0,2312,373
172435,103704,0,2425,392
172436,041104,0,2312,373
172436,041704,0,2425,392
172437,004104,0,2263,363
172437,104704,0,2376,382
172440,003104,0,2289,369
172440,103704,0,2402,388
172441,146104,0,2289,369
172441,046704,0,2402,388
172442,041104,0,2289,369
172442,041704,0,2402,388
172443,004104,0,2289,369
172443,104704,0,2402,388
172444,003104,0,2289,369
172444,103704,0,2402,388
172445,146104,0,2289,369
172445,046704,0,2402,388
172446,041104,0,2289,369
172446,041704,0,2402,388
172447,041104,0,2240,359
172447,041704,0,2353,378
172450,041104,0,2312,373
172450,041704,0,2425,392
172451,003104,0,2312,373
172451,103704,0,2425,392
172452,041104,0,2312,373
172452,041704,0,2425,392
172453,003104,0,2312,373
172453,103704,0,2425,392
172454,041104,0,2312,373
172454,041704,0,2425,392
172455,003104,0,2312,373
172455,103704,0,2425,392
172456,041104,0,2312,373
172456,041704,0,2425,392
172457,004104,0,2005,324
172457,104704,0,2008,325
172460,003104,0,2257,360
172460,103704,0,2370,379
172461,041104,0,2257,360
172461,041704,0,2370,379
172462,003104,0,2257,360
172462,103704,0,2370,379
172463,041104,0,2257,360
172463,041704,0,2370,379
172464,003104,0,2257,360
172464,103704,0,2370,379
172465,041104,0,2257,360
172465,041704,0,2370,379
172466,003104,0,2257,360
172466,103704,0,2370,379
172467,146104,0,2257,360
172467,046704,0,2370,379
172470,004104,0,2265,363
172470,104704,0,2378,382
172471,041104,0,2265,363
172471,041704,0,2378,382
172472,146104,0,2265,363
172472,046704,0,2378,382
172473,003104,0,2265,363
172473,103704,0,2378,382
172474,004104,0,2265,363
172474,104704,0,2378,382
172475,041104,0,2265,363
172475,041704,0,2378,382
172476,146104,0,2265,363
172476,046704,0,2378,382
172477,004104,0,2265,363
172477,104704,0,2378,382
172500,041104,0,1879,289
172500,041704,0,1925,296
172501,004104,0,1879,289
172501,104704,0,1925,296
172502,003104,0,1879,289
172502,103704,0,1925,296
172503,146104,0,1879,289
172503,046704,0,1925,296
172504,041104,0,1879,289
172504,041704,0,1925,296
172505,004104,0,1879,289
172505,104704,0,1925,296
172506,003104,0,1899,299
172506,103704,0,1902,300
172507,003104,0,1899,299
172507,103704,0,1902,300
172510,003104,0,2170,346
172510,103704,0,2283,365
172511,146104,0,2170,346
172511,046704,0,2283,365
172512,041104,0,2170,346
172512,041704,0,2283,365
172513,004104,0,2170,346
172513,104704,0,2283,365
172514,003104,0,2170,346
172514,103704,0,2283,365
172515,146104,0,2170,346
172515,046704,0,2283,365
172516,041104,0,2170,346
172516,041704,0,2283,365
172517,041104,0,2170,346
172517,041704,0,2283,365
172520,041104,0,2289,369
172520,041704,0,2402,388
172521,004104,0,2289,369
172521,104704,0,2402,388
172522,003104,0,2289,369
172522,103704,0,2402,388
172523,146104,0,2289,369
172523,046704,0,2402,388
172524,041104,0,2289,369
172524,041704,0,2402,388
172525,004104,0,2289,369
172525,104704,0,2402,388
172526,003104,0,2289,369
172526,103704,0,2402,388
172527,003104,0,2230,356
172527,103704,0,2287,365
172530,041104,0,2312,373
172530,041704,0,2425,392
172531,003104,0,2312,373
172531,103704,0,2425,392
172532,041104,0,2312,373
172532,041704,0,2425,392
172533,003104,0,2312,373
172533,103704,0,2425,392
172534,041104,0,2312,373
172534,041704,0,2425,392
172535,003104,0,2312,373
172535,103704,0,2425,392
172536,041104,0,2312,373
172536,041704,0,2425,392
172537,004104,0,2263,363
172537,104704,0,2376,382
172540,003104,0,2289,369
172540,103704,0,2402,388
172541,146104,0,2289,369
172541,046704,0,2402,388
172542,041104,0,2289,369
172542,041704,0,2402,388
172543,004104,0,2289,369
172543,104704,0,2402,388
172544,003104,0,2289,369
172544,103704,0,2402,388
172545,146104,0,2289,369
172545,046704,0,2402,388
172546,041104,0,2289,369
172546,041704,0,2402,388
172547,041104,0,2240,359
172547,041704,0,2353,378
172550,041104,0,2312,373
172550,041704,0,2425,392
172551,003104,0,2312,373
172551,103704,0,2425,392
172552,041104,0,2312,373
172552,041704,0,2425,392
172553,003104,0,2312,373
172553,103704,0,2425,392
172554,041104,0,2312,373
172554,041704,0,2425,392
172555,003104,0,2312,373
172555,103704,0,2425,392
172556,041104,0,2312,373
172556,041704,0,2425,392
172557,004104,0,2005,324
172557,104704,0,2008,325
172560,003104,0,2257,360
172560,103704,0,2370,379
172561,041104,0,2257,360
172561,041704,0,2370,379
172562,003104,0,2257,360
172562,103704,0,2370,379
172563,041104,0,2257,360
172563,041704,0,2370,379
172564,003104,0,2257,360
172564,103704,0,2370,379
172565,041104,0,2257,360
172565,041704,0,2370,379
172566,003104,0,2257,360
172566,103704,0,2370,379
172567,146104,0,2257,360
172567,046704,0,2370,379
172570,004104,0,2265,363
172570,104704,0,2378,382
172571,041104,0,2265,363
172571,041704,0,2378,382
172572,146104,0,2265,363
172572,046704,0,2378,382
172573,003104,0,2265,363
172573,103704,0,2378,382
172574,004104,0,2265,363
172574,104704,0,2378,382
172575,041104,0,2265,363
172575,041704,0,2378,382
172576,146104,0,2265,363
172576,046704,0,2378,382
172577,004104,0,2265,363
172577,104704,0,2378,382
172600,041104,0,1879,289
172600,041704,0,1925,296
172601,004104,0,1879,289
172601,104704,0,1925,296
172602,003104,0,1879,289
172602,103704,0,1925,296
172603,146104,0,1879,289
172603,046704,0,1925,296
172604,041104,0,1879,289
172604,041704,0,1925,296
172605,004104,0,1879,289
172605,104704,0,1925,296
172606,003104,0,1899,299
172606,103704,0,1902,300
172607,003104,0,1899,299
172607,103704,0,1902,300
172610,003104,0,2170,346
172610,103704,0,2283,365
172611,146104,0,2170,346
172611,046704,0,2283,365
172612,041104,0,2170,346
172612,041704,0,2283,365
172613,004104,0,2170,346
172613,104704,0,2283,365
172614,003104,0,2170,346
172614,103704,0,2283,365
172615,146104,0,2170,346
172615,046704,0,2283,365
172616,041104,0,2170,346
172616,041704,0,2283,365
172617,041104,0,2170,346
172617,041704,0,2283,365
172620,041104,0,2289,369
172620,041704,0,2402,388
172621,004104,0,2289,369
172621,104704,0,2402,388
172622,003104,0,2289,369
172622,103704,0,2402,388
172623,146104,0,2289,369
172623,046704,0,2402,388
172624,041104,0,2289,369
172624,041704,0,2402,388
172625,004104,0,2289,369
172625,104704,0,2402,388
172626,003104,0,2289,369
172626,103704,0,2402,388
172627,003104,0,2230,356
172627,103704,0,2287,365
172630,041104,0,2312,373
172630,041704,0,2425,392
172631,003104,0,2312,373
172631,103704,0,2425,392
172632,041104,0,2312,373
172632,041704,0,2425,392
172633,003104,0,2312,373
172633,103704,0,2425,392
172634,041104,0,2312,373
172634,041704,0,2425,392
172635,003104,0,2312,373
172635,103704,0,2425,392
172636,041104,0,2312,373
172636,041704,0,2425,392
172637,004104,0,2263,363
172637,104704,0,2376,382
172640,003104,0,2289,369
172640,103704,0,2402,388
172641,146104,0,2289,369
172641,046704,0,2402,388
172642,041104,0,2289,369
172642,041704,0,2402,388
172643,004104,0,2289,369
172643,104704,0,2402,388
172644,003104,0,2289,369
172644,103704,0,2402,388
172645,146104,0,2289,369
172645,046704,0,2402,388
172646,041104,0,2289,369
172646,041704,0,2402,388
172647,041104,0,2240,359
172647,041704,0,2353,378
172650,041104,0,2312,373
172650,041704,0,2425,392
172651,003104,0,2312,373
172651,103704,0,2425,392
172652,041104,0,2312,373
172652,041704,0,2425,392
172653,003104,0,2312,373
172653,103704,0,2425,392
172654,041104,0,2312,373
172654,041704,0,2425,392
172655,003104,0,2312,373
172655,103704,0,2425,392
172656,041104,0,2312,373
172656,041704,0,2425,392
172657,004104,0,2005,324
172657,104704,0,2008,325
172660,003104,0,2257,360
172660,103704,0,2370,379
172661,041104,0,2257,360
172661,041704,0,2370,379
172662,003104,0,2257,360
172662,103704,0,2370,379
172663,041104,0,2257,360
172663,041704,0,2370,379
172664,003104,0,2257,360
172664,103704,0,2370,379
172665,041104,0,2257,360
172665,041704,0,2370,379
172666,003104,0,2257,360
172666,103704,0,2370,379
172667,146104,0,2257,360
172667,046704,0,2370,379
172670,004104,0,2265,363
172670,104704,0,2378,382
172671,041104,0,2265,363
172671,041704,0,2378,382
172672,146104,0,2265,363
172672,046704,0,2378,382
172673,003104,0,2265,363
172673,103704,0,2378,382
172674,004104,0,2265,363
172674,104704,0,2378,382
172675,041104,0,2265,363
172675,041704,0,2378,382
172676,146104,0,2265,363
172676,046704,0,2378,382
172677,004104,0,2265,363
172677,104704,0,2378,382
172700,041104,0,1879,289
172700,041704,0,1925,296
172701,004104,0,1879,289
172701,104704,0,1925,296
172702,003104,0,1879,289
172702,103704,0,1925,296
172703,146104,0,1879,289
172703,046704,0,1925,296
172704,041104,0,1879,289
172704,041704,0,1925,296
172705,004104,0,1879,289
172705,104704,0,1925,296
172706,003104,0,1899,299
172706,103704,0,1902,300
172707,003104,0,1899,299
172707,103704,0,1902,300
172710,003104,0,2170,346
172710,103704,0,2283,365
172711,146104,0,2170,346
172711,046704,0,2283,365
172712,041104,0,2170,346
172712,041704,0,2283,365
172713,004104,0,2170,346
172713,104704,0,2283,365
172714,003104,0,2170,346
172714,103704,0,2283,365
172715,146104,0,2170,346
172715,046704,0,2283,365
172716,041104,0,2170,346
172716,041704,0,2283,365
172717,041104,0,2170,346
172717,041704,0,2283,365
172720,041104,0,2289,369
172720,041704,0,2402,388
172721,004104,0,2289,369
172721,104704,0,2402,388
172722,003104,0,2289,369
172722,103704,0,2402,388
172723,146104,0,2289,369
172723,046704,0,2402,388
172724,041104,0,2289,369
172724,041704,0,2402,388
172725,004104,0,2289,369
172725,104704,0,2402,388
172726,003104,0,2289,369
172726,103704,0,2402,388
172727,003104,0,2230,356
172727,103704,0,2287,365
172730,041104,0,2312,373
172730,041704,0,2425,392
172731,003104,0,2312,373
172731,103704,0,2425,392
172732,041104,0,2312,373
172732,041704,0,2425,392
172733,003104,0,2312,373
172733,103704,0,2425,392
172734,041104,0,2312,373
172734,041704,0,2425,392
172735,003104,0,2312,373
172735,103704,0,2425,392
172736,041104,0,2312,373
172736,041704,0,2425,392
172737,004104,0,2263,363
172737,104704,0,2376,382
172740,003104,0,2289,369
172740,103704,0,2402,388
172741,146104,0,2289,369
172741,046704,0,2402,388
172742,041104,0,2289,369
172742,041704,0,2402,388
172743,004104,0,2289,369
172743,104704,0,2402,388
172744,003104,0,2289,369
172744,103704,0,2402,388
172745,146104,0,2289,369
172745,046704,0,2402,388
172746,041104,0,2289,369
172746,041704,0,2402,388
172747,041104,0,2240,359
172747,041704,0,2353,378
172750,041104,0,2312,373
172750,041704,0,2425,392
172751,003104,0,2312,373
172751,103704,0,2425,392
172752,041104,0,2312,373
172752,041704,0,2425,392
172753,003104,0,2312,373
172753,103704,0,2425,392
172754,041104,0,2312,373
172754,041704,0,2425,392
172755,003104,0,2312,373
172755,103704,0,2425,392
172756,041104,0,2312,373
172756,041704,0,2425,392
172757,004104,0,2005,324
172757,104704,0,2008,325
172760,003104,0,2257,360
172760,103704,0,2370,379
172761,041104,0,2257,360
172761,041704,0,2370,379
172762,003104,0,2257,360
172762,103704,0,2370,379
172763,041104,0,2257,360
172763,041704,0,2370,379
172764,003104,0,2257,360
172764,103704,0,2370,379
172765,041104,0,2257,360
172765,041704,0,2370,379
172766,003104,0,2257,360
172766,103704,0,2370,379
172767,146104,0,2257,360
172767,046704,0,2370,379
172770,004104,0,2265,363
172770,104704,0,2378,382
172771,041104,0,2265,363
172771,041704,0,2378,382
172772,146104,0,2265,363
172772,046704,0,2378,382
172773,003104,0,2265,363
172773,103704,0,2378,382
172774,004104,0,2265,363
172774,104704,0,2378,382
172775,041104,0,2265,363
172775,041704,0,2378,382
172776,146104,0,2265,363
172776,046704,0,2378,382
172777,004104,0,2265,363
172777,104704,0,2378,382
174000,041104,0,1783,271
174000,041704,0,1829,278
174001,004104,0,1783,271
174001,104704,0,1829,278
174002,003104,0,1783,271
174002,103704,0,1829,278
174003,146104,0,1783,271
174003,046704,0,1829,278
174004,041104,0,1783,271
174004,041704,0,1829,278
174005,004104,0,1783,271
174005,104704,0,1829,278
174006,003104,0,1923,302
174006,103704,0,1926,303
174007,003104,0,1923,302
174007,103704,0,1926,303
174010,003104,0,1802,283
174010,103704,0,1895,298
174011,146104,0,1802,283
174011,046704,0,1895,298
174012,041104,0,1802,283
174012,041704,0,1895,298
174013,004104,0,1802,283
174013,104704,0,1895,298
174014,003104,0,1802,283
174014,103704,0,1895,298
174015,146104,0,1802,283
174015,046704,0,1895,298
174016,041104,0,1802,283
174016,041704,0,1895,298
174017,041104,0,1802,283
174017,041704,0,1895,298
174020,041104,0,1921,306
174020,041704,0,2014,321
174021,004104,0,1921,306
174021,104704,0,2014,321
174022,003104,0,1921,306
174022,103704,0,2014,321
174023,146104,0,1921,306
174023,046704,0,2014,321
174024,041104,0,1921,306
174024,041704,0,2014,321
174025,004104,0,1921,306
174025,104704,0,2014,321
174026,003104,0,1921,306
174026,103704,0,2014,321
174027,003104,0,1845,291
174027,103704,0,1848,292
174030,041104,0,1944,310
174030,041704,0,2037,325
174031,003104,0,1944,310
174031,103704,0,2037,325
174032,041104,0,1944,310
174032,041704,0,2037,325
174033,003104,0,1944,310
174033,103704,0,2037,325
174034,041104,0,1944,310
174034,041704,0,2037,325
174035,003104,0,1944,310
174035,103704,0,2037,325
174036,041104,0,1944,310
174036,041704,0,2037,325
174037,004104,0,1895,300
174037,104704,0,1988,315
174040,003104,0,1921,306
174040,103704,0,2014,321
174041,146104,0,1921,306
174041,046704,0,2014,321
174042,041104,0,1921,306
174042,041704,0,2014,321
174043,004104,0,1921,306
174043,104704,0,2014,321
174044,003104,0,1921,306
174044,103704,0,2014,321
174045,146104,0,1921,306
174045,046704,0,2014,321
174046,041104,0,1921,306
174046,041704,0,2014,321
174047,041104,0,1872,296
174047,041704,0,1965,311
174050,041104,0,1944,310
174050,041704,0,2037,325
174051,003104,0,1944,310
174051,103704,0,2037,325
174052,041104,0,1944,310
174052,041704,0,2037,325
174053,003104,0,1944,310
174053,103704,0,2037,325
174054,041104,0,1944,310
174054,041704,0,2037,325
174055,003104,0,1944,310
174055,103704,0,2037,325
174056,041104,0,1944,310
174056,041704,0,2037,325
174057,004104,0,1994,317
174057,104704,0,1997,318
174060,003104,0,1889,297
174060,103704,0,1982,312
174061,041104,0,1889,297
174061,041704,0,1982,312
174062,003104,0,1889,297
174062,103704,0,1982,312
174063,041104,0,1889,297
174063,041704,0,1982,312
174064,003104,0,1889,297
174064,103704,0,1982,312
174065,041104,0,1889,297
174065,041704,0,1982,312
174066,003104,0,1889,297
174066,103704,0,1982,312
174067,146104,0,1889,297
174067,046704,0,1982,312
174070,004104,0,1897,300
174070,104704,0,1990,315
174071,041104,0,1897,300
174071,041704,0,1990,315
174072,146104,0,1897,300
174072,046704,0,1990,315
174073,003104,0,1897,300
174073,103704,0,1990,315
174074,004104,0,1897,300
174074,104704,0,1990,315
174075,041104,0,1897,300
174075,041704,0,1990,315
174076,146104,0,1897,300
174076,046704,0,1990,315
174077,004104,0,1897,300
174077,104704,0,1990,315
174100,041104,0,1783,271
174100,041704,0,1829,278
174101,004104,0,1783,271
174101,104704,0,1829,278
174102,003104,0,1783,271
174102,103704,0,1829,278
174103,146104,0,1783,271
174103,046704,0,1829,278
174104,041104,0,1783,271
174104,041704,0,1829,278
174105,004104,0,1783,271
174105,104704,0,1829,278
174106,003104,0,1923,302
174106,103704,0,1926,303
174107,003104,0,1923,302
174107,103704,0,1926,303
174110,003104,0,1802,283
174110,103704,0,1895,298
174111,146104,0,1802,283
174111,046704,0,1895,298
174112,041104,0,1802,283
174112,041704,0,1895,298
174113,004104,0,1802,283
174113,104704,0,1895,298
174114,003104,0,1802,283
174114,103704,0,1895,298
174115,146104,0,1802,283
174115,046704,0,1895,298
174116,041104,0,1802,283
174116,041704,0,1895,298
174117,041104,0,1802,283
174117,041704,0,1895,298
174120,041104,0,1921,306
174120,041704,0,2014,321
174121,004104,0,1921,306
174121,104704,0,2014,321
174122,003104,0,1921,306
174122,103704,0,2014,321
174123,146104,0,1921,306
174123,046704,0,2014,321
174124,041104,0,1921,306
174124,041704,0,2014,321
174125,004104,0,1921,306
174125,104704,0,2014,321
174126,003104,0,1921,306
174126,103704,0,2014,321
174127,003104,0,1845,291
174127,103704,0,1848,292
174130,041104,0,1944,310
174130,041704,0,2037,325
174131,003104,0,1944,310
174131,103704,0,2037,325
174132,041104,0,1944,310
174132,041704,0,2037,325
174133,003104,0,1944,310
174133,103704,0,2037,325
174134,041104,0,1944,310
174134,041704,0,2037,325
174135,003104,0,1944,310
174135,103704,0,2037,325
174136,041104,0,1944,310
174136,041704,0,2037,325
174137,004104,0,1895,300
174137,104704,0,1988,315
174140,003104,0,1921,306
174140,103704,0,2014,321
174141,146104,0,1921,306
174141,046704,0,2014,321
174142,041104,0,1921,306
174142,041704,0,2014,321
174143,004104,0,1921,306
174143,104704,0,2014,321
174144,003104,0,1921,306
174144,103704,0,2014,321
174145,146104,0,1921,306
174145,046704,0,2014,321
174146,041104,0,1921,306
174146,041704,0,2014,321
174147,041104,0,1872,296
174147,041704,0,1965,311
174150,041104,0,1944,310
174150,041704,0,2037,325
174151,003104,0,1944,310
174151,103704,0,2037,325
174152,041104,0,1944,310
174152,041704,0,2037,325
174153,003104,0,1944,310
174153,103704,0,2037,325
174154,041104,0,1944,310
174154,041704,0,2037,325
174155,003104,0,1944,310
174155,103704,0,2037,325
174156,041104,0,1944,310
174156,041704,0,2037,325
174157,004104,0,1994,317
174157,104704,0,1997,318
174160,003104,0,1889,297
174160,103704,0,1982,312
174161,041104,0,1889,297
174161,041704,0,1982,312
174162,003104,0,1889,297
174162,103704,0,1982,312
174163,041104,0,1889,297
174163,041704,0,1982,312
174164,003104,0,1889,297
174164,103704,0,1982,312
174165,041104,0,1889,297
174165,041704,0,1982,312
174166,003104,0,1889,297
174166,103704,0,1982,312
174167,146104,0,1889,297
174167,046704,0,1982,312
174170,004104,0,1897,300
174170,104704,0,1990,315
174171,041104,0,1897,300
174171,041704,0,1990,315
174172,146104,0,1897,300
174172,046704,0,1990,315
174173,003104,0,1897,300
174173,103704,0,1990,315
174174,004104,0,1897,300
174174,104704,0,1990,315
174175,041104,0,1897,300
174175,041704,0,1990,315
174176,146104,0,1897,300
174176,046704,0,1990,315
174177,004104,0,1897,300
174177,104704,0,1990,315
174200,041104,0,1783,271
174200,041704,0,1829,278
174201,004104,0,1783,271
174201,104704,0,1829,278
174202,003104,0,1783,271
174202,103704,0,1829,278
174203,146104,0,1783,271
174203,046704,0,1829,278
174204,041104,0,1783,271
174204,041704,0,1829,278
174205,004104,0,1783,271
174205,104704,0,1829,278
174206,003104,0,1923,302
174206,103704,0,1926,303
174207,003104,0,1923,302
174207,103704,0,1926,303
174210,003104,0,1802,283
174210,103704,0,1895,298
174211,146104,0,1802,283
174211,046704,0,1895,298
174212,041104,0,1802,283
174212,041704,0,1895,298
174213,004104,0,1802,283
174213,104704,0,1895,298
174214,003104,0,1802,283
174214,103704,0,1895,298
174215,146104,0,1802,283
174215,046704,0,1895,298
174216,041104,0,1802,283
174216,041704,0,1895,298
174217,041104,0,1802,283
174217,041704,0,1895,298
174220,041104,0,1921,306
174220,041704,0,2014,321
174221,004104,0,1921,306
174221,104704,0,2014,321
174222,003104,0,1921,306
174222,103704,0,2014,321
174223,146104,0,1921,306
174223,046704,0,2014,321
174224,041104,0,1921,306
174224,041704,0,2014,321
174225,004104,0,1921,306
174225,104704,0,2014,321
174226,003104,0,1921,306
174226,103704,0,2014,321
174227,003104,0,1845,291
174227,103704,0,1848,292
174230,041104,0,1944,310
174230,041704,0,2037,325
174231,003104,0,1944,310
174231,103704,0,2037,325
174232,041104,0,1944,310
174232,041704,0,2037,325
174233,003104,0,1944,310
174233,103704,0,2037,325
174234,041104,0,1944,310
174234,041704,0,2037,325
174235,003104,0,1944,310
174235,103704,0,2037,325
174236,041104,0,1944,310
174236,041704,0,2037,325
174237,004104,0,1895,300
174237,104704,0,1988,315
174240,003104,0,1921,306
174240,103704,0,2014,321
174241,146104,0,1921,306
174241,046704,0,2014,321
174242,041104,0,1921,306
174242,041704,0,2014,321
174243,004104,0,1921,306
174243,104704,0,2014,321
174244,003104,0,1921,306
174244,103704,0,2014,321
174245,146104,0,1921,306
174245,046704,0,2014,321
174246,041104,0,1921,306
174246,041704,0,2014,321
174247,041104,0,1872,296
174247,041704,0,1965,311
174250,041104,0,1944,310
174250,041704,0,2037,325
174251,003104,0,1944,310
174251,103704,0,2037,325
174252,041104,0,1944,310
174252,041704,0,2037,325
174253,003104,0,1944,310
174253,103704,0,2037,325
174254,041104,0,1944,310
174254,041704,0,2037,325
174255,003104,0,1944,310
174255,103704,0,2037,325
174256,041104,0,1944,310
174256,041704,0,2037,325
174257,004104,0,1994,317
174257,104704,0,1997,318
174260,003104,0,1889,297
174260,103704,0,1982,312
174261,041104,0,1889,297
174261,041704,0,1982,312
174262,003104,0,1889,297
174262,103704,0,1982,312
174263,041104,0,1889,297
174263,041704,0,1982,312
174264,003104,0,1889,297
174264,103704,0,1982,312
174265,041104,0,1889,297
174265,041704,0,1982,312
174266,003104,0,1889,297
174266,103704,0,1982,312
174267,146104,0,1889,297
174267,046704,0,1982,312
174270,004104,0,1897,300
174270,104704,0,1990,315
174271,041104,0,1897,300
174271,041704,0,1990,315
174272,146104,0,1897,300
174272,046704,0,1990,315
174273,003104,0,1897,300
174273,103704,0,1990,315
174274,004104,0,1897,300
174274,104704,0,1990,315
174275,041104,0,1897,300
174275,041704,0,1990,315
174276,146104,0,1897,300
174276,046704,0,1990,315
174277,004104,0,1897,300
174277,104704,0,1990,315
174300,041104,0,1783,271
174300,041704,0,1829,278
174301,004104,0,1783,271
174301,104704,0,1829,278
174302,003104,0,1783,271
174302,103704,0,1829,278
174303,146104,0,1783,271
174303,046704,0,1829,278
174304,041104,0,1783,271
174304,041704,0,1829,278
174305,004104,0,1783,271
174305,104704,0,1829,278
174306,003104,0,1923,302
174306,103704,0,1926,303
174307,003104,0,1923,302
174307,103704,0,1926,303
174310,003104,0,1802,283
174310,103704,0,1895,298
174311,146104,0,1802,283
174311,046704,0,1895,298
174312,041104,0,1802,283
174312,041704,0,1895,298
174313,004104,0,1802,283
174313,104704,0,1895,298
174314,003104,0,1802,283
174314,103704,0,1895,298
174315,146104,0,1802,283
174315,046704,0,1895,298
174316,041104,0,1802,283
174316,041704,0,1895,298
174317,041104,0,1802,283
174317,041704,0,1895,298
174320,041104,0,1921,306
174320,041704,0,2014,321
174321,004104,0,1921,306
174321,104704,0,2014,321
174322,003104,0,1921,306
174322,103704,0,2014,321
174323,146104,0,1921,306
174323,046704,0,2014,321
174324,041104,0,1921,306
174324,041704,0,2014,321
174325,004104,0,1921,306
174325,104704,0,2014,321
174326,003104,0,1921,306
174326,103704,0,2014,321
174327,003104,0,1845,291
174327,103704,0,1848,292
174330,041104,0,1944,310
174330,041704,0,2037,325
174331,003104,0,1944,310
174331,103704,0,2037,325
174332,041104,0,1944,310
174332,041704,0,2037,325
174333,003104,0,1944,310
174333,103704,0,2037,325
174334,041104,0,1944,310
174334,041704,0,2037,325
174335,003104,0,1944,310
174335,103704,0,2037,325
174336,041104,0,1944,310
174336,041704,0,2037,325
174337,004104,0,1895,300
174337,104704,0,1988,315
174340,003104,0,1921,306
174340,103704,0,2014,321
174341,146104,0,1921,306
174341,046704,0,2014,321
174342,041104,0,1921,306
174342,041704,0,2014,321
174343,004104,0,1921,306
174343,104704,0,2014,321
174344,003104,0,1921,306
174344,103704,0,2014,321
174345,146104,0,1921,306
174345,046704,0,2014,321
174346,041104,0,1921,306
174346,041704,0,2014,321
174347,041104,0,1872,296
174347,041704,0,1965,311
174350,041104,0,1944,310
174350,041704,0,2037,325
174351,003104,0,1944,310
174351,103704,0,2037,325
174352,041104,0,1944,310
174352,041704,0,2037,325
174353,003104,0,1944,310
174353,103704,0,2037,325
174354,041104,0,1944,310
174354,041704,0,2037,325
174355,003104,0,1944,310
174355,103704,0,2037,325
174356,041104,0,1944,310
174356,041704,0,2037,325
174357,004104,0,1994,317
174357,104704,0,1997,318
174360,003104,0,1889,297
174360,103704,0,1982,312
174361,041104,0,1889,297
174361,041704,0,1982,312
174362,003104,0,1889,297
174362,103704,0,1982,312
174363,041104,0,1889,297
174363,041704,0,1982,312
174364,003104,0,1889,297
174364,103704,0,1982,312
174365,041104,0,1889,297
174365,041704,0,1982,312
174366,003104,0,1889,297
174366,103704,0,1982,312
174367,146104,0,1889,297
174367,046704,0,1982,312
174370,004104,0,1897,300
174370,104704,0,1990,315
174371,041104,0,1897,300
174371,041704,0,1990,315
174372,146104,0,1897,300
174372,046704,0,1990,315
174373,003104,0,1897,300
174373,103704,0,1990,315
174374,004104,0,1897,300
174374,104704,0,1990,315
174375,041104,0,1897,300
174375,041704,0,1990,315
174376,146104,0,1897,300
174376,046704,0,1990,315
174377,004104,0,1897,300
174377,104704,0,1990,315
173400,041104,0,2475,399
173400,041704,0,2638,426
173401,004104,0,2235,359
173401,104704,0,2381,381
173402,003104,0,2324,372
173402,103704,0,2292,368
173403,146104,0,2235,359
173403,046704,0,2381,381
173404,041104,0,2324,372
173404,041704,0,2292,368
173405,004104,0,2235,359
173405,104704,0,2381,381
173406,003104,0,1875,296
173406,103704,0,1878,297
173407,003104,0,1875,296
173407,103704,0,1878,297
173410,003104,0,2230,361
173410,103704,0,2200,359
173411,146104,0,2141,348
173411,046704,0,2289,372
173412,041104,0,2230,361
173412,041704,0,2200,359
173413,004104,0,2141,348
173413,104704,0,2289,372
173414,003104,0,2230,361
173414,103704,0,2200,359
173415,146104,0,2141,348
173415,046704,0,2289,372
173416,041104,0,2230,361
173416,041704,0,2200,359
173417,041104,0,2230,361
173417,041704,0,2200,359
173420,041104,0,2349,384
173420,041704,0,2319,382
173421,004104,0,2260,371
173421,104704,0,2408,395
173422,003104,0,2349,384
173422,103704,0,2319,382
173423,146104,0,2260,371
173423,046704,0,2408,395
173424,041104,0,2349,384
173424,041704,0,2319,382
173425,004104,0,2260,371
173425,104704,0,2408,395
173426,003104,0,2349,384
173426,103704,0,2319,382
173427,003104,0,2290,371
173427,103704,0,2204,359
173430,041104,0,2372,388
173430,041704,0,2342,386
173431,003104,0,2372,388
173431,103704,0,2342,386
173432,041104,0,2372,388
173432,041704,0,2342,386
173433,003104,0,2372,388
173433,103704,0,2342,386
173434,041104,0,2372,388
173434,041704,0,2342,386
173435,003104,0,2372,388
173435,103704,0,2342,386
173436,041104,0,2372,388
173436,041704,0,2342,386
173437,004104,0,2234,365
173437,104704,0,2382,389
173440,003104,0,2349,384
173440,103704,0,2319,382
173441,146104,0,2260,371
173441,046704,0,2408,395
173442,041104,0,2349,384
173442,041704,0,2319,382
173443,004104,0,2260,371
173443,104704,0,2408,395
173444,003104,0,2349,384
173444,103704,0,2319,382
173445,146104,0,2260,371
173445,046704,0,2408,395
173446,041104,0,2349,384
173446,041704,0,2319,382
173447,041104,0,2300,374
173447,041704,0,2270,372
173450,041104,0,2372,388
173450,041704,0,2342,386
173451,003104,0,2372,388
173451,103704,0,2342,386
173452,041104,0,2372,388
173452,041704,0,2342,386
173453,003104,0,2372,388
173453,103704,0,2342,386
173454,041104,0,2372,388
173454,041704,0,2342,386
173455,003104,0,2372,388
173455,103704,0,2342,386
173456,041104,0,2372,388
173456,041704,0,2342,386
173457,004104,0,1981,321
173457,104704,0,1984,322
173460,003104,0,2317,375
173460,103704,0,2287,373
173461,041104,0,2317,375
173461,041704,0,2287,373
173462,003104,0,2317,375
173462,103704,0,2287,373
173463,041104,0,2317,375
173463,041704,0,2287,373
173464,003104,0,2317,375
173464,103704,0,2287,373
173465,041104,0,2317,375
173465,041704,0,2287,373
173466,003104,0,2317,375
173466,103704,0,2287,373
173467,146104,0,2228,362
173467,046704,0,2376,386
173470,004104,0,2236,365
173470,104704,0,2384,389
173471,041104,0,2325,378
173471,041704,0,2295,376
173472,146104,0,2236,365
173472,046704,0,2384,389
173473,003104,0,2325,378
173473,103704,0,2295,376
173474,004104,0,2236,365
173474,104704,0,2384,389
173475,041104,0,2325,378
173475,041704,0,2295,376
173476,146104,0,2236,365
173476,046704,0,2384,389
173477,004104,0,2236,365
173477,104704,0,2384,389
173500,041104,0,2324,372
173500,041704,0,2381,381
173501,004104,0,2475,399
173501,104704,0,2638,426
173502,003104,0,2235,359
173502,103704,0,2381,381
173503,146104,0,2235,359
173503,046704,0,2381,381
173504,041104,0,2324,372
173504,041704,0,2381,381
173505,004104,0,2324,372
173505,104704,0,2292,368
173506,003104,0,1875,296
173506,103704,0,1878,297
173507,003104,0,1875,296
173507,103704,0,1878,297
173510,003104,0,2141,348
173510,103704,0,2289,372
173511,146104,0,2141,348
173511,046704,0,2289,372
173512,041104,0,2230,361
173512,041704,0,2289,372
173513,004104,0,2230,361
173513,104704,0,2200,359
173514,003104,0,2141,348
173514,103704,0,2289,372
173515,146104,0,2141,348
173515,046704,0,2289,372
173516,041104,0,2230,361
173516,041704,0,2289,372
173517,041104,0,2230,361
173517,041704,0,2289,372
173520,041104,0,2349,384
173520,041704,0,2408,395
173521,004104,0,2349,384
173521,104704,0,2319,382
173522,003104,0,2260,371
173522,103704,0,2408,395
173523,146104,0,2260,371
173523,046704,0,2408,395
173524,041104,0,2349,384
173524,041704,0,2408,395
173525,004104,0,2349,384
173525,104704,0,2319,382
173526,003104,0,2260,371
173526,103704,0,2408,395
173527,003104,0,2201,358
173527,103704,0,2293,372
173530,041104,0,2372,388
173530,041704,0,2431,399
173531,003104,0,2283,375
173531,103704,0,2431,399
173532,041104,0,2372,388
173532,041704,0,2431,399
173533,003104,0,2283,375
173533,103704,0,2431,399
173534,041104,0,2372,388
173534,041704,0,2431,399
173535,003104,0,2283,375
173535,103704,0,2431,399
173536,041104,0,2372,388
173536,041704,0,2431,399
173537,004104,0,2323,378
173537,104704,0,2293,376
173540,003104,0,2260,371
173540,103704,0,2408,395
173541,146104,0,2260,371
173541,046704,0,2408,395
173542,041104,0,2349,384
173542,041704,0,2408,395
173543,004104,0,2349,384
173543,104704,0,2319,382
173544,003104,0,2260,371
173544,103704,0,2408,395
173545,146104,0,2260,371
173545,046704,0,2408,395
173546,041104,0,2349,384
173546,041704,0,2408,395
173547,041104,0,2300,374
173547,041704,0,2359,385
173550,041104,0,2372,388
173550,041704,0,2431,399
173551,003104,0,2283,375
173551,103704,0,2431,399
173552,041104,0,2372,388
173552,041704,0,2431,399
173553,003104,0,2283,375
173553,103704,0,2431,399
173554,041104,0,2372,388
173554,041704,0,2431,399
173555,003104,0,2283,375
173555,103704,0,2431,399
173556,041104,0,2372,388
173556,041704,0,2431,399
173557,004104,0,1981,321
173557,104704,0,1984,322
173560,003104,0,2228,362
173560,103704,0,2376,386
173561,041104,0,2317,375
173561,041704,0,2376,386
173562,003104,0,2228,362
173562,103704,0,2376,386
173563,041104,0,2317,375
173563,041704,0,2376,386
173564,003104,0,2228,362
173564,103704,0,2376,386
173565,041104,0,2317,375
173565,041704,0,2376,386
173566,003104,0,2228,362
173566,103704,0,2376,386
173567,146104,0,2228,362
173567,046704,0,2376,386
173570,004104,0,2325,378
173570,104704,0,2295,376
173571,041104,0,2325,378
173571,041704,0,2384,389
173572,146104,0,2236,365
173572,046704,0,2384,389
173573,003104,0,2236,365
173573,103704,0,2384,389
173574,004104,0,2325,378
173574,104704,0,2295,376
173575,041104,0,2325,378
173575,041704,0,2384,389
173576,146104,0,2236,365
173576,046704,0,2384,389
173577,004104,0,2325,378
173577,104704,0,2295,376
173600,041104,0,2235,359
173600,041704,0,2292,368
173601,004104,0,2235,359
173601,104704,0,2292,368
173602,003104,0,2475,399
173602,103704,0,2638,426
173603,146104,0,2324,372
173603,046704,0,2381,381
173604,041104,0,2235,359
173604,041704,0,2292,368
173605,004104,0,2235,359
173605,104704,0,2292,368
173606,003104,0,1875,296
173606,103704,0,1878,297
173607,003104,0,1875,296
173607,103704,0,1878,297
173610,003104,0,2230,361
173610,103704,0,2200,359
173611,146104,0,2230,361
173611,046704,0,2289,372
173612,041104,0,2141,348
173612,041704,0,2200,359
173613,004104,0,2141,348
173613,104704,0,2200,359
173614,003104,0,2230,361
173614,103704,0,2200,359
173615,146104,0,2230,361
173615,046704,0,2289,372
173616,041104,0,2141,348
173616,041704,0,2200,359
173617,041104,0,2141,348
173617,041704,0,2200,359
173620,041104,0,2260,371
173620,041704,0,2319,382
173621,004104,0,2260,371
173621,104704,0,2319,382
173622,003104,0,2349,384
173622,103704,0,2319,382
173623,146104,0,2349,384
173623,046704,0,2408,395
173624,041104,0,2260,371
173624,041704,0,2319,382
173625,004104,0,2260,371
173625,104704,0,2319,382
173626,003104,0,2349,384
173626,103704,0,2319,382
173627,003104,0,2290,371
173627,103704,0,2204,359
173630,041104,0,2283,375
173630,041704,0,2342,386
173631,003104,0,2372,388
173631,103704,0,2342,386
173632,041104,0,2283,375
173632,041704,0,2342,386
173633,003104,0,2372,388
173633,103704,0,2342,386
173634,041104,0,2283,375
173634,041704,0,2342,386
173635,003104,0,2372,388
173635,103704,0,2342,386
173636,041104,0,2283,375
173636,041704,0,2342,386
173637,004104,0,2234,365
173637,104704,0,2293,376
173640,003104,0,2349,384
173640,103704,0,2319,382
173641,146104,0,2349,384
173641,046704,0,2408,395
173642,041104,0,2260,371
173642,041704,0,2319,382
173643,004104,0,2260,371
173643,104704,0,2319,382
173644,003104,0,2349,384
173644,103704,0,2319,382
173645,146104,0,2349,384
173645,046704,0,2408,395
173646,041104,0,2260,371
173646,041704,0,2319,382
173647,041104,0,2211,361
173647,041704,0,2270,372
173650,041104,0,2283,375
173650,041704,0,2342,386
173651,003104,0,2372,388
173651,103704,0,2342,386
173652,041104,0,2283,375
173652,041704,0,2342,386
173653,003104,0,2372,388
173653,103704,0,2342,386
173654,041104,0,2283,375
173654,041704,0,2342,386
173655,003104,0,2372,388
173655,103704,0,2342,386
173656,041104,0,2283,375
173656,041704,0,2342,386
173657,004104,0,1981,321
173657,104704,0,1984,322
173660,003104,0,2317,375
173660,103704,0,2287,373
173661,041104,0,2228,362
173661,041704,0,2287,373
173662,003104,0,2317,375
173662,103704,0,2287,373
173663,041104,0,2228,362
173663,041704,0,2287,373
173664,003104,0,2317,375
173664,103704,0,2287,373
173665,041104,0,2228,362
173665,041704,0,2287,373
173666,003104,0,2317,375
173666,103704,0,2287,373
173667,146104,0,2317,375
173667,046704,0,2376,386
173670,004104,0,2236,365
173670,104704,0,2295,376
173671,041104,0,2236,365
173671,041704,0,2295,376
173672,146104,0,2325,378
173672,046704,0,2384,389
173673,003104,0,2325,378
173673,103704,0,2295,376
173674,004104,0,2236,365
173674,104704,0,2295,376
173675,041104,0,2236,365
173675,041704,0,2295,376
173676,146104,0,2325,378
173676,046704,0,2384,389
173677,004104,0,2236,365
173677,104704,0,2295,376
173700,041104,0,2235,359
173700,041704,0,2381,381
173701,004104,0,2235,359
173701,104704,0,2292,368
173702,003104,0,2235,359
173702,103704,0,2292,368
173703,146104,0,2475,399
173703,046704,0,2638,426
173704,041104,0,2235,359
173704,041704,0,2381,381
173705,004104,0,2235,359
173705,104704,0,2292,368
173706,003104,0,1875,296
173706,103704,0,1878,297
173707,003104,0,1875,296
173707,103704,0,1878,297
173710,003104,0,2141,348
173710,103704,0,2200,359
173711,146104,0,2230,361
173711,046704,0,2289,372
173712,041104,0,2141,348
173712,041704,0,2289,372
173713,004104,0,2141,348
173713,104704,0,2200,359
173714,003104,0,2141,348
173714,103704,0,2200,359
173715,146104,0,2230,361
173715,046704,0,2289,372
173716,041104,0,2141,348
173716,041704,0,2289,372
173717,041104,0,2141,348
173717,041704,0,2289,372
173720,041104,0,2260,371
173720,041704,0,2408,395
173721,004104,0,2260,371
173721,104704,0,2319,382
173722,003104,0,2260,371
173722,103704,0,2319,382
173723,146104,0,2349,384
173723,046704,0,2408,395
173724,041104,0,2260,371
173724,041704,0,2408,395
173725,004104,0,2260,371
173725,104704,0,2319,382
173726,003104,0,2260,371
173726,103704,0,2319,382
173727,003104,0,2201,358
173727,103704,0,2204,359
173730,041104,0,2283,375
173730,041704,0,2431,399
173731,003104,0,2283,375
173731,103704,0,2342,386
173732,041104,0,2283,375
173732,041704,0,2431,399
173733,003104,0,2283,375
173733,103704,0,2342,386
173734,041104,0,2283,375
173734,041704,0,2431,399
173735,003104,0,2283,375
173735,103704,0,2342,386
173736,041104,0,2283,375
173736,041704,0,2431,399
173737,004104,0,2234,365
173737,104704,0,2293,376
173740,003104,0,2260,371
173740,103704,0,2319,382
173741,146104,0,2349,384
173741,046704,0,2408,395
173742,041104,0,2260,371
173742,041704,0,2408,395
173743,004104,0,2260,371
173743,104704,0,2319,382
173744,003104,0,2260,371
173744,103704,0,2319,382
173745,146104,0,2349,384
173745,046704,0,2408,395
173746,041104,0,2260,371
173746,041704,0,2408,395
173747,041104,0,2211,361
173747,041704,0,2359,385
173750,041104,0,2283,375
173750,041704,0,2431,399
173751,003104,0,2283,375
173751,103704,0,2342,386
173752,041104,0,2283,375
173752,041704,0,2431,399
173753,003104,0,2283,375
173753,103704,0,2342,386
173754,041104,0,2283,375
173754,041704,0,2431,399
173755,003104,0,2283,375
173755,103704,0,2342,386
173756,041104,0,2283,375
173756,041704,0,2431,399
173757,004104,0,1981,321
173757,104704,0,1984,322
173760,003104,0,2228,362
173760,103704,0,2287,373
173761,041104,0,2228,362
173761,041704,0,2376,386
173762,003104,0,2228,362
173762,103704,0,2287,373
173763,041104,0,2228,362
173763,041704,0,2376,386
173764,003104,0,2228,362
173764,103704,0,2287,373
173765,041104,0,2228,362
173765,041704,0,2376,386
173766,003104,0,2228,362
173766,103704,0,2287,373
173767,146104,0,2317,375
173767,046704,0,2376,386
173770,004104,0,2236,365
173770,104704,0,2295,376
173771,041104,0,2236,365
173771,041704,0,2384,389
173772,146104,0,2325,378
173772,046704,0,2384,389
173773,003104,0,2236,365
173773,103704,0,2295,376
173774,004104,0,2236,365
173774,104704,0,2295,376
173775,041104,0,2236,365
173775,041704,0,2384,389
173776,146104,0,2325,378
173776,046704,0,2384,389
173777,004104,0,2236,365
173777,104704,0,2295,376
172000,040104,0,3523,570
172000,040704,0,3722,601
172001,004104,0,4538,836
172001,104704,0,4710,862
172002,000104,0,4511,831
172002,100704,0,4737,867
172003,144104,0,4538,836
172003,044704,0,4710,862
172004,040104,0,4511,831
172004,040704,0,4737,867
172005,004104,0,4538,836
172005,104704,0,4710,862
172006,000104,0,1947,305
172006,100704,0,1950,306
172007,000104,0,1947,305
172007,100704,0,1950,306
172010,000104,0,4417,820
172010,100704,0,4645,858
172011,144104,0,4444,825
172011,044704,0,4618,853
172012,040104,0,4417,820
172012,040704,0,4645,858
172013,004104,0,4444,825
172013,104704,0,4618,853
172014,000104,0,4417,820
172014,100704,0,4645,858
172015,144104,0,4444,825
172015,044704,0,4618,853
172016,040104,0,4417,820
172016,040704,0,4645,858
172017,040104,0,4417,820
172017,040704,0,4645,858
172020,040104,0,4536,843
172020,040704,0,4764,881
172021,004104,0,4563,848
172021,104704,0,4737,876
172022,000104,0,4536,843
172022,100704,0,4764,881
172023,144104,0,4563,848
172023,044704,0,4737,876
172024,040104,0,4536,843
172024,040704,0,4764,881
172025,004104,0,4563,848
172025,104704,0,4737,876
172026,000104,0,4536,843
172026,100704,0,4764,881
172027,000104,0,4477,830
172027,100704,0,4649,858
172030,040104,0,4559,847
172030,040704,0,4787,885
172031,000104,0,4559,847
172031,100704,0,4787,885
172032,040104,0,4559,847
172032,040704,0,4787,885
172033,000104,0,4559,847
172033,100704,0,4787,885
172034,040104,0,4559,847
172034,040704,0,4787,885
172035,000104,0,4559,847
172035,100704,0,4787,885
172036,040104,0,4559,847
172036,040704,0,4787,885
172037,004104,0,4537,842
172037,104704,0,4711,870
172040,000104,0,4536,843
172040,100704,0,4764,881
172041,144104,0,4563,848
172041,044704,0,4737,876
172042,040104,0,4536,843
172042,040704,0,4764,881
172043,004104,0,4563,848
172043,104704,0,4737,876
172044,000104,0,4536,843
172044,100704,0,4764,881
172045,144104,0,4563,848
172045,044704,0,4737,876
172046,040104,0,4536,843
172046,040704,0,4764,881
172047,040104,0,4487,833
172047,040704,0,4715,871
172050,040104,0,4559,847
172050,040704,0,4787,885
172051,000104,0,4559,847
172051,100704,0,4787,885
172052,040104,0,4559,847
172052,040704,0,4787,885
172053,000104,0,4559,847
172053,100704,0,4787,885
172054,040104,0,4559,847
172054,040704,0,4787,885
172055,000104,0,4559,847
172055,100704,0,4787,885
172056,040104,0,4559,847
172056,040704,0,4787,885
172057,004104,0,2053,330
172057,104704,0,2056,331
172060,000104,0,4504,834
172060,100704,0,4732,872
172061,040104,0,4504,834
172061,040704,0,4732,872
172062,000104,0,4504,834
172062,100704,0,4732,872
172063,040104,0,4504,834
172063,040704,0,4732,872
172064,000104,0,4504,834
172064,100704,0,4732,872
172065,040104,0,4504,834
172065,040704,0,4732,872
172066,000104,0,4504,834
172066,100704,0,4732,872
172067,144104,0,4531,839
172067,044704,0,4705,867
172070,004104,0,4539,842
172070,104704,0,4713,870
172071,040104,0,4512,837
172071,040704,0,4740,875
172072,144104,0,4539,842
172072,044704,0,4713,870
172073,000104,0,4512,837
172073,100704,0,4740,875
172074,004104,0,4539,842
172074,104704,0,4713,870
172075,040104,0,4512,837
172075,040704,0,4740,875
172076,144104,0,4539,842
172076,044704,0,4713,870
172077,004104,0,4539,842
172077,104704,0,4713,870
172100,040104,0,4511,831
172100,040704,0,4710,862
172101,004104,0,3523,570
172101,104704,0,3722,601
172102,000104,0,4538,836
172102,100704,0,4710,862
172103,144104,0,4538,836
172103,044704,0,4710,862
172104,040104,0,4511,831
172104,040704,0,4710,862
172105,004104,0,4511,831
172105,104704,0,4737,867
172106,000104,0,1947,305
172106,100704,0,1950,306
172107,000104,0,1947,305
172107,100704,0,1950,306
172110,000104,0,4444,825
172110,100704,0,4618,853
172111,144104,0,4444,825
172111,044704,0,4618,853
172112,040104,0,4417,820
172112,040704,0,4618,853
172113,004104,0,4417,820
172113,104704,0,4645,858
172114,000104,0,4444,825
172114,100704,0,4618,853
172115,144104,0,4444,825
172115,044704,0,4618,853
172116,040104,0,4417,820
172116,040704,0,4618,853
172117,040104,0,4417,820
172117,040704,0,4618,853
172120,040104,0,4536,843
172120,040704,0,4737,876
172121,004104,0,4536,843
172121,104704,0,4764,881
172122,000104,0,4563,848
172122,100704,0,4737,876
172123,144104,0,4563,848
172123,044704,0,4737,876
172124,040104,0,4536,843
172124,040704,0,4737,876
172125,004104,0,4536,843
172125,104704,0,4764,881
172126,000104,0,4563,848
172126,100704,0,4737,876
172127,000104,0,4504,835
172127,100704,0,4622,853
172130,040104,0,4559,847
172130,040704,0,4760,880
172131,000104,0,4586,852
172131,100704,0,4760,880
172132,040104,0,4559,847
172132,040704,0,4760,880
172133,000104,0,4586,852
172133,100704,0,4760,880
172134,040104,0,4559,847
172134,040704,0,4760,880
172135,000104,0,4586,852
172135,100704,0,4760,880
172136,040104,0,4559,847
172136,040704,0,4760,880
172137,004104,0,4510,837
172137,104704,0,4738,875
172140,000104,0,4563,848
172140,100704,0,4737,876
172141,144104,0,4563,848
172141,044704,0,4737,876
172142,040104,0,4536,843
172142,040704,0,4737,876
172143,004104,0,4536,843
172143,104704,0,4764,881
172144,000104,0,4563,848
172144,100704,0,4737,876
172145,144104,0,4563,848
172145,044704,0,4737,876
172146,040104,0,4536,843
172146,040704,0,4737,876
172147,040104,0,4487,833
172147,040704,0,4688,866
172150,040104,0,4559,847
172150,040704,0,4760,880
172151,000104,0,4586,852
172151,100704,0,4760,880
172152,040104,0,4559,847
172152,040704,0,4760,880
172153,000104,0,4586,852
172153,100704,0,4760,880
172154,040104,0,4559,847
172154,040704,0,4760,880
172155,000104,0,4586,852
172155,100704,0,4760,880
172156,040104,0,4559,847
172156,040704,0,4760,880
172157,004104,0,2053,330
172157,104704,0,2056,331
172160,000104,0,4531,839
172160,100704,0,4705,867
172161,040104,0,4504,834
172161,040704,0,4705,867
172162,000104,0,4531,839
172162,100704,0,4705,867
172163,040104,0,4504,834
172163,040704,0,4705,867
172164,000104,0,4531,839
172164,100704,0,4705,867
172165,040104,0,4504,834
172165,040704,0,4705,867
172166,000104,0,4531,839
172166,100704,0,4705,867
172167,144104,0,4531,839
172167,044704,0,4705,867
172170,004104,0,4512,837
172170,104704,0,4740,875
172171,040104,0,4512,837
172171,040704,0,4713,870
172172,144104,0,4539,842
172172,044704,0,4713,870
172173,000104,0,4539,842
172173,100704,0,4713,870
172174,004104,0,4512,837
172174,104704,0,4740,875
172175,040104,0,4512,837
172175,040704,0,4713,870
172176,144104,0,4539,842
172176,044704,0,4713,870
172177,004104,0,4512,837
172177,104704,0,4740,875
172200,040104,0,4538,836
172200,040704,0,4737,867
172201,004104,0,4538,836
172201,104704,0,4737,867
172202,000104,0,3523,570
172202,100704,0,3722,601
172203,144104,0,4511,831
172203,044704,0,4710,862
172204,040104,0,4538,836
172204,040704,0,4737,867
172205,004104,0,4538,836
172205,104704,0,4737,867
172206,000104,0,1947,305
172206,100704,0,1950,306
172207,000104,0,1947,305
172207,100704,0,1950,306
172210,000104,0,4417,820
172210,100704,0,4645,858
172211,144104,0,4417,820
172211,044704,0,4618,853
172212,040104,0,4444,825
172212,040704,0,4645,858
172213,004104,0,4444,825
172213,104704,0,4645,858
172214,000104,0,4417,820
172214,100704,0,4645,858
172215,144104,0,4417,820
172215,044704,0,4618,853
172216,040104,0,4444,825
172216,040704,0,4645,858
172217,040104,0,4444,825
172217,040704,0,4645,858
172220,040104,0,4563,848
172220,040704,0,4764,881
172221,004104,0,4563,848
172221,104704,0,4764,881
172222,000104,0,4536,843
172222,100704,0,4764,881
172223,144104,0,4536,843
172223,044704,0,4737,876
172224,040104,0,4563,848
172224,040704,0,4764,881
172225,004104,0,4563,848
172225,104704,0,4764,881
172226,000104,0,4536,843
172226,100704,0,4764,881
172227,000104,0,4477,830
172227,100704,0,4649,858
172230,040104,0,4586,852
172230,040704,0,4787,885
172231,000104,0,4559,847
172231,100704,0,4787,885
172232,040104,0,4586,852
172232,040704,0,4787,885
172233,000104,0,4559,847
172233,100704,0,4787,885
172234,040104,0,4586,852
172234,040704,0,4787,885
172235,000104,0,4559,847
172235,100704,0,4787,885
172236,040104,0,4586,852
172236,040704,0,4787,885
172237,004104,0,4537,842
172237,104704,0,4738,875
172240,000104,0,4536,843
172240,100704,0,4764,881
172241,144104,0,4536,843
172241,044704,0,4737,876
172242,040104,0,4563,848
172242,040704,0,4764,881
172243,004104,0,4563,848
172243,104704,0,4764,881
172244,000104,0,4536,843
172244,100704,0,4764,881
172245,144104,0,4536,843
172245,044704,0,4737,876
172246,040104,0,4563,848
172246,040704,0,4764,881
172247,040104,0,4514,838
172247,040704,0,4715,871
172250,040104,0,4586,852
172250,040704,0,4787,885
172251,000104,0,4559,847
172251,100704,0,4787,885
172252,040104,0,4586,852
172252,040704,0,4787,885
172253,000104,0,4559,847
172253,100704,0,4787,885
172254,040104,0,4586,852
172254,040704,0,4787,885
172255,000104,0,4559,847
172255,100704,0,4787,885
172256,040104,0,4586,852
172256,040704,0,4787,885
172257,004104,0,2053,330
172257,104704,0,2056,331
172260,000104,0,4504,834
172260,100704,0,4732,872
172261,040104,0,4531,839
172261,040704,0,4732,872
172262,000104,0,4504,834
172262,100704,0,4732,872
172263,040104,0,4531,839
172263,040704,0,4732,872
172264,000104,0,4504,834
172264,100704,0,4732,872
172265,040104,0,4531,839
172265,040704,0,4732,872
172266,000104,0,4504,834
172266,100704,0,4732,872
172267,144104,0,4504,834
172267,044704,0,4705,867
172270,004104,0,4539,842
172270,104704,0,4740,875
172271,040104,0,4539,842
172271,040704,0,4740,875
172272,144104,0,4512,837
172272,044704,0,4713,870
172273,000104,0,4512,837
172273,100704,0,4740,875
172274,004104,0,4539,842
172274,104704,0,4740,875
172275,040104,0,4539,842
172275,040704,0,4740,875
172276,144104,0,4512,837
172276,044704,0,4713,870
172277,004104,0,4539,842
172277,104704,0,4740,875
172300,040104,0,4538,836
172300,040704,0,4710,862
172301,004104,0,4538,836
172301,104704,0,4737,867
172302,000104,0,4538,836
172302,100704,0,4737,867
172303,144104,0,3523,570
172303,044704,0,3722,601
172304,040104,0,4538,836
172304,040704,0,4710,862
172305,004104,0,4538,836
172305,104704,0,4737,867
172306,000104,0,1947,305
172306,100704,0,1950,306
172307,000104,0,1947,305
172307,100704,0,1950,306
172310,000104,0,4444,825
172310,100704,0,4645,858
172311,144104,0,4417,820
172311,044704,0,4618,853
172312,040104,0,4444,825
172312,040704,0,4618,853
172313,004104,0,4444,825
172313,104704,0,4645,858
172314,000104,0,4444,825
172314,100704,0,4645,858
172315,144104,0,4417,820
172315,044704,0,4618,853
172316,040104,0,4444,825
172316,040704,0,4618,853
172317,040104,0,4444,825
172317,040704,0,4618,853
172320,040104,0,4563,848
172320,040704,0,4737,876
172321,004104,0,4563,848
172321,104704,0,4764,881
172322,000104,0,4563,848
172322,100704,0,4764,881
172323,144104,0,4536,843
172323,044704,0,4737,876
172324,040104,0,4563,848
172324,040704,0,4737,876
172325,004104,0,4563,848
172325,104704,0,4764,881
172326,000104,0,4563,848
172326,100704,0,4764,881
172327,000104,0,4504,835
172327,100704,0,4649,858
172330,040104,0,4586,852
172330,040704,0,4760,880
172331,000104,0,4586,852
172331,100704,0,4787,885
172332,040104,0,4586,852
172332,040704,0,4760,880
172333,000104,0,4586,852
172333,100704,0,4787,885
172334,040104,0,4586,852
172334,040704,0,4760,880
172335,000104,0,4586,852
172335,100704,0,4787,885
172336,040104,0,4586,852
172336,040704,0,4760,880
172337,004104,0,4537,842
172337,104704,0,4738,875
172340,000104,0,4563,848
172340,100704,0,4764,881
172341,144104,0,4536,843
172341,044704,0,4737,876
172342,040104,0,4563,848
172342,040704,0,4737,876
172343,004104,0,4563,848
172343,104704,0,4764,881
172344,000104,0,4563,848
172344,100704,0,4764,881
172345,144104,0,4536,843
172345,044704,0,4737,876
172346,040104,0,4563,848
172346,040704,0,4737,876
172347,040104,0,4514,838
172347,040704,0,4688,866
172350,040104,0,4586,852
172350,040704,0,4760,880
172351,000104,0,4586,852
172351,100704,0,4787,885
172352,040104,0,4586,852
172352,040704,0,4760,880
172353,000104,0,4586,852
172353,100704,0,4787,885
172354,040104,0,4586,852
172354,040704,0,4760,880
172355,000104,0,4586,852
172355,100704,0,4787,885
172356,040104,0,4586,852
172356,040704,0,4760,880
172357,004104,0,2053,330
172357,104704,0,2056,331
172360,000104,0,4531,839
172360,100704,0,4732,872
172361,040104,0,4531,839
172361,040704,0,4705,867
172362,000104,0,4531,839
172362,100704,0,4732,872
172363,040104,0,4531,839
172363,040704,0,4705,867
172364,000104,0,4531,839
172364,100704,0,4732,872
172365,040104,0,4531,839
172365,040704,0,4705,867
172366,000104,0,4531,839
172366,100704,0,4732,872
172367,144104,0,4504,834
172367,044704,0,4705,867
172370,004104,0,4539,842
172370,104704,0,4740,875
172371,040104,0,4539,842
172371,040704,0,4713,870
172372,144104,0,4512,837
172372,044704,0,4713,870
172373,000104,0,4539,842
172373,100704,0,4740,875
172374,004104,0,4539,842
172374,104704,0,4740,875
172375,040104,0,4539,842
172375,040704,0,4713,870
172376,144104,0,4512,837
172376,044704,0,4713,870
172377,004104,0,4539,842
172377,104704,0,4740,875
173000,040104,0,3587,580
173000,040704,0,3786,611
173001,004104,0,4602,846
173001,104704,0,4774,872
173002,000104,0,4575,841
173002,100704,0,4801,877
173003,144104,0,4602,846
173003,044704,0,4774,872
173004,040104,0,4575,841
173004,040704,0,4801,877
173005,004104,0,4602,846
173005,104704,0,4774,872
173006,000104,0,1971,308
173006,100704,0,1974,309
173007,000104,0,1971,308
173007,100704,0,1974,309
173010,000104,0,4481,830
173010,100704,0,4709,868
173011,144104,0,4508,835
173011,044704,0,4682,863
173012,040104,0,4481,830
173012,040704,0,4709,868
173013,004104,0,4508,835
173013,104704,0,4682,863
173014,000104,0,4481,830
173014,100704,0,4709,868
173015,144104,0,4508,835
173015,044704,0,4682,863
173016,040104,0,4481,830
173016,040704,0,4709,868
173017,040104,0,4481,830
173017,040704,0,4709,868
173020,040104,0,4600,853
173020,040704,0,4828,891
173021,004104,0,4627,858
173021,104704,0,4801,886
173022,000104,0,4600,853
173022,100704,0,4828,891
173023,144104,0,4627,858
173023,044704,0,4801,886
173024,040104,0,4600,853
173024,040704,0,4828,891
173025,004104,0,4627,858
173025,104704,0,4801,886
173026,000104,0,4600,853
173026,100704,0,4828,891
173027,000104,0,4541,840
173027,100704,0,4713,868
173030,040104,0,4623,857
173030,040704,0,4851,895
173031,000104,0,4623,857
173031,100704,0,4851,895
173032,040104,0,4623,857
173032,040704,0,4851,895
173033,000104,0,4623,857
173033,100704,0,4851,895
173034,040104,0,4623,857
173034,040704,0,4851,895
173035,000104,0,4623,857
173035,100704,0,4851,895
173036,040104,0,4623,857
173036,040704,0,4851,895
173037,004104,0,4601,852
173037,104704,0,4775,880
173040,000104,0,4600,853
173040,100704,0,4828,891
173041,144104,0,4627,858
173041,044704,0,4801,886
173042,040104,0,4600,853
173042,040704,0,4828,891
173043,004104,0,4627,858
173043,104704,0,4801,886
173044,000104,0,4600,853
173044,100704,0,4828,891
173045,144104,0,4627,858
173045,044704,0,4801,886
173046,040104,0,4600,853
173046,040704,0,4828,891
173047,040104,0,4551,843
173047,040704,0,4779,881
173050,040104,0,4623,857
173050,040704,0,4851,895
173051,000104,0,4623,857
173051,100704,0,4851,895
173052,040104,0,4623,857
173052,040704,0,4851,895
173053,000104,0,4623,857
173053,100704,0,4851,895
173054,040104,0,4623,857
173054,040704,0,4851,895
173055,000104,0,4623,857
173055,100704,0,4851,895
173056,040104,0,4623,857
173056,040704,0,4851,895
173057,004104,0,2077,333
173057,104704,0,2080,334
173060,000104,0,4568,844
173060,100704,0,4796,882
173061,040104,0,4568,844
173061,040704,0,4796,882
173062,000104,0,4568,844
173062,100704,0,4796,882
173063,040104,0,4568,844
173063,040704,0,4796,882
173064,000104,0,4568,844
173064,100704,0,4796,882
173065,040104,0,4568,844
173065,040704,0,4796,882
173066,000104,0,4568,844
173066,100704,0,4796,882
173067,144104,0,4595,849
173067,044704,0,4769,877
173070,004104,0,4603,852
173070,104704,0,4777,880
173071,040104,0,4576,847
173071,040704,0,4804,885
173072,144104,0,4603,852
173072,044704,0,4777,880
173073,000104,0,4576,847
173073,100704,0,4804,885
173074,004104,0,4603,852
173074,104704,0,4777,880
173075,040104,0,4576,847
173075,040704,0,4804,885
173076,144104,0,4603,852
173076,044704,0,4777,880
173077,004104,0,4603,852
173077,104704,0,4777,880
173100,040104,0,4575,841
173100,040704,0,4774,872
173101,004104,0,3587,580
173101,104704,0,3786,611
173102,000104,0,4602,846
173102,100704,0,4774,872
173103,144104,0,4602,846
173103,044704,0,4774,872
173104,040104,0,4575,841
173104,040704,0,4774,872
173105,004104,0,4575,841
173105,104704,0,4801,877
173106,000104,0,1971,308
173106,100704,0,1974,309
173107,000104,0,1971,308
173107,100704,0,1974,309
173110,000104,0,4508,835
173110,100704,0,4682,863
173111,144104,0,4508,835
173111,044704,0,4682,863
173112,040104,0,4481,830
173112,040704,0,4682,863
173113,004104,0,4481,830
173113,104704,0,4709,868
173114,000104,0,4508,835
173114,100704,0,4682,863
173115,144104,0,4508,835
173115,044704,0,4682,863
173116,040104,0,4481,830
173116,040704,0,4682,863
173117,040104,0,4481,830
173117,040704,0,4682,863
173120,040104,0,4600,853
173120,040704,0,4801,886
173121,004104,0,4600,853
173121,104704,0,4828,891
173122,000104,0,4627,858
173122,100704,0,4801,886
173123,144104,0,4627,858
173123,044704,0,4801,886
173124,040104,0,4600,853
173124,040704,0,4801,886
173125,004104,0,4600,853
173125,104704,0,4828,891
173126,000104,0,4627,858
173126,100704,0,4801,886
173127,000104,0,4568,845
173127,100704,0,4686,863
173130,040104,0,4623,857
173130,040704,0,4824,890
173131,000104,0,4650,862
173131,100704,0,4824,890
173132,040104,0,4623,857
173132,040704,0,4824,890
173133,000104,0,4650,862
173133,100704,0,4824,890
173134,040104,0,4623,857
173134,040704,0,4824,890
173135,000104,0,4650,862
173135,100704,0,4824,890
173136,040104,0,4623,857
173136,040704,0,4824,890
173137,004104,0,4574,847
173137,104704,0,4802,885
173140,000104,0,4627,858
173140,100704,0,4801,886
173141,144104,0,4627,858
173141,044704,0,4801,886
173142,040104,0,4600,853
173142,040704,0,4801,886
173143,004104,0,4600,853
173143,104704,0,4828,891
173144,000104,0,4627,858
173144,100704,0,4801,886
173145,144104,0,4627,858
173145,044704,0,4801,886
173146,040104,0,4600,853
173146,040704,0,4801,886
173147,040104,0,4551,843
173147,040704,0,4752,876
173150,040104,0,4623,857
173150,040704,0,4824,890
173151,000104,0,4650,862
173151,100704,0,4824,890
173152,040104,0,4623,857
173152,040704,0,4824,890
173153,000104,0,4650,862
173153,100704,0,4824,890
173154,040104,0,4623,857
173154,040704,0,4824,890
173155,000104,0,4650,862
173155,100704,0,4824,890
173156,040104,0,4623,857
173156,040704,0,4824,890
173157,004104,0,2077,333
173157,104704,0,2080,334
173160,000104,0,4595,849
173160,100704,0,4769,877
173161,040104,0,4568,844
173161,040704,0,4769,877
173162,000104,0,4595,849
173162,100704,0,4769,877
173163,040104,0,4568,844
173163,040704,0,4769,877
173164,000104,0,4595,849
173164,100704,0,4769,877
173165,040104,0,4568,844
173165,040704,0,4769,877
173166,000104,0,4595,849
173166,100704,0,4769,877
173167,144104,0,4595,849
173167,044704,0,4769,877
173170,004104,0,4576,847
173170,104704,0,4804,885
173171,040104,0,4576,847
173171,040704,0,4777,880
173172,144104,0,4603,852
173172,044704,0,4777,880
173173,000104,0,4603,852
173173,100704,0,4777,880
173174,004104,0,4576,847
173174,104704,0,4804,885
173175,040104,0,4576,847
173175,040704,0,4777,880
173176,144104,0,4603,852
173176,044704,0,4777,880
173177,004104,0,4576,847
173177,104704,0,4804,885
173200,040104,0,4602,846
173200,040704,0,4801,877
173201,004104,0,4602,846
173201,104704,0,4801,877
173202,000104,0,3587,580
173202,100704,0,3786,611
173203,144104,0,4575,841
173203,044704,0,4774,872
173204,040104,0,4602,846
173204,040704,0,4801,877
173205,004104,0,4602,846
173205,104704,0,4801,877
173206,000104,0,1971,308
173206,100704,0,1974,309
173207,000104,0,1971,308
173207,100704,0,1974,309
173210,000104,0,4481,830
173210,100704,0,4709,868
173211,144104,0,4481,830
173211,044704,0,4682,863
173212,040104,0,4508,835
173212,040704,0,4709,868
173213,004104,0,4508,835
173213,104704,0,4709,868
173214,000104,0,4481,830
173214,100704,0,4709,868
173215,144104,0,4481,830
173215,044704,0,4682,863
173216,040104,0,4508,835
173216,040704,0,4709,868
173217,040104,0,4508,835
173217,040704,0,4709,868
173220,040104,0,4627,858
173220,040704,0,4828,891
173221,004104,0,4627,858
173221,104704,0,4828,891
173222,000104,0,4600,853
173222,100704,0,4828,891
173223,144104,0,4600,853
173223,044704,0,4801,886
173224,040104,0,4627,858
173224,040704,0,4828,891
173225,004104,0,4627,858
173225,104704,0,4828,891
173226,000104,0,4600,853
173226,100704,0,4828,891
173227,000104,0,4541,840
173227,100704,0,4713,868
173230,040104,0,4650,862
173230,040704,0,4851,895
173231,000104,0,4623,857
173231,100704,0,4851,895
173232,040104,0,4650,862
173232,040704,0,4851,895
173233,000104,0,4623,857
173233,100704,0,4851,895
173234,040104,0,4650,862
173234,040704,0,4851,895
173235,000104,0,4623,857
173235,100704,0,4851,895
173236,040104,0,4650,862
173236,040704,0,4851,895
173237,004104,0,4601,852
173237,104704,0,4802,885
173240,000104,0,4600,853
173240,100704,0,4828,891
173241,144104,0,4600,853
173241,044704,0,4801,886
173242,040104,0,4627,858
173242,040704,0,4828,891
173243,004104,0,4627,858
173243,104704,0,4828,891
173244,000104,0,4600,853
173244,100704,0,4828,891
173245,144104,0,4600,853
173245,044704,0,4801,886
173246,040104,0,4627,858
173246,040704,0,4828,891
173247,040104,0,4578,848
173247,040704,0,4779,881
173250,040104,0,4650,862
173250,040704,0,4851,895
173251,000104,0,4623,857
173251,100704,0,4851,895
173252,040104,0,4650,862
173252,040704,0,4851,895
173253,000104,0,4623,857
173253,100704,0,4851,895
173254,040104,0,4650,862
173254,040704,0,4851,895
173255,000104,0,4623,857
173255,100704,0,4851,895
173256,040104,0,4650,862
173256,040704,0,4851,895
173257,004104,0,2077,333
173257,104704,0,2080,334
173260,000104,0,4568,844
173260,100704,0,4796,882
173261,040104,0,4595,849
173261,040704,0,4796,882
173262,000104,0,4568,844
173262,100704,0,4796,882
173263,040104,0,4595,849
173263,040704,0,4796,882
173264,000104,0,4568,844
173264,100704,0,4796,882
173265,040104,0,4595,849
173265,040704,0,4796,882
173266,000104,0,4568,844
173266,100704,0,4796,882
173267,144104,0,4568,844
173267,044704,0,4769,877
173270,004104,0,4603,852
173270,104704,0,4804,885
173271,040104,0,4603,852
173271,040704,0,4804,885
173272,144104,0,4576,847
173272,044704,0,4777,880
173273,000104,0,4576,847
173273,100704,0,4804,885
173274,004104,0,4603,852
173274,104704,0,4804,885
173275,040104,0,4603,852
173275,040704,0,4804,885
173276,144104,0,4576,847
173276,044704,0,4777,880
173277,004104,0,4603,852
173277,104704,0,4804,885
173300,040104,0,4602,846
173300,040704,0,4774,872
173301,004104,0,4602,846
173301,104704,0,4801,877
173302,000104,0,4602,846
173302,100704,0,4801,877
173303,144104,0,3587,580
173303,044704,0,3786,611
173304,040104,0,4602,846
173304,040704,0,4774,872
173305,004104,0,4602,846
173305,104704,0,4801,877
173306,000104,0,1971,308
173306,100704,0,1974,309
173307,000104,0,1971,308
173307,100704,0,1974,309
173310,000104,0,4508,835
173310,100704,0,4709,868
173311,144104,0,4481,830
173311,044704,0,4682,863
173312,040104,0,4508,835
173312,040704,0,4682,863
173313,004104,0,4508,835
173313,104704,0,4709,868
173314,000104,0,4508,835
173314,100704,0,4709,868
173315,144104,0,4481,830
173315,044704,0,4682,863
173316,040104,0,4508,835
173316,040704,0,4682,863
173317,040104,0,4508,835
173317,040704,0,4682,863
173320,040104,0,4627,858
173320,040704,0,4801,886
173321,004104,0,4627,858
173321,104704,0,4828,891
173322,000104,0,4627,858
173322,100704,0,4828,891
173323,144104,0,4600,853
173323,044704,0,4801,886
173324,040104,0,4627,858
173324,040704,0,4801,886
173325,004104,0,4627,858
173325,104704,0,4828,891
173326,000104,0,4627,858
173326,100704,0,4828,891
173327,000104,0,4568,845
173327,100704,0,4713,868
173330,040104,0,4650,862
173330,040704,0,4824,890
173331,000104,0,4650,862
173331,100704,0,4851,895
173332,040104,0,4650,862
173332,040704,0,4824,890
173333,000104,0,4650,862
173333,100704,0,4851,895
173334,040104,0,4650,862
173334,040704,0,4824,890
173335,000104,0,4650,862
173335,100704,0,4851,895
173336,040104,0,4650,862
173336,040704,0,4824,890
173337,004104,0,4601,852
173337,104704,0,4802,885
173340,000104,0,4627,858
173340,100704,0,4828,891
173341,144104,0,4600,853
173341,044704,0,4801,886
173342,040104,0,4627,858
173342,040704,0,4801,886
173343,004104,0,4627,858
173343,104704,0,4828,891
173344,000104,0,4627,858
173344,100704,0,4828,891
173345,144104,0,4600,853
173345,044704,0,4801,886
173346,040104,0,4627,858
173346,040704,0,4801,886
173347,040104,0,4578,848
173347,040704,0,4752,876
173350,040104,0,4650,862
173350,040704,0,4824,890
173351,000104,0,4650,862
173351,100704,0,4851,895
173352,040104,0,4650,862
173352,040704,0,4824,890
173353,000104,0,4650,862
173353,100704,0,4851,895
173354,040104,0,4650,862
173354,040704,0,4824,890
173355,000104,0,4650,862
173355,100704,0,4851,895
173356,040104,0,4650,862
173356,040704,0,4824,890
173357,004104,0,2077,333
173357,104704,0,2080,334
173360,000104,0,4595,849
173360,100704,0,4796,882
173361,040104,0,4595,849
173361,040704,0,4769,877
173362,000104,0,4595,849
173362,100704,0,4796,882
173363,040104,0,4595,849
173363,040704,0,4769,877
173364,000104,0,4595,849
173364,100704,0,4796,882
173365,040104,0,4595,849
173365,040704,0,4769,877
173366,000104,0,4595,849
173366,100704,0,4796,882
173367,144104,0,4568,844
173367,044704,0,4769,877
173370,004104,0,4603,852
173370,104704,0,4804,885
173371,040104,0,4603,852
173371,040704,0,4777,880
173372,144104,0,4576,847
173372,044704,0,4777,880
173373,000104,0,4603,852
173373,100704,0,4804,885
173374,004104,0,4603,852
173374,104704,0,4804,885
173375,040104,0,4603,852
173375,040704,0,4777,880
173376,144104,0,4576,847
173376,044704,0,4777,880
173377,004104,0,4603,852
173377,104704,0,4804,885
171000,040104,0,3457,556
171000,040704,0,3656,587
171001,004104,0,3843,662
171001,104704,0,4042,693
171002,000104,0,3843,662
171002,100704,0,4042,693
171003,144104,0,3843,662
171003,044704,0,4042,693
171004,040104,0,3843,662
171004,040704,0,4042,693
171005,004104,0,3843,662
171005,104704,0,4042,693
171006,000104,0,1995,311
171006,100704,0,1998,312
171007,000104,0,1995,311
171007,100704,0,1998,312
171010,000104,0,3749,651
171010,100704,0,3950,684
171011,144104,0,3749,651
171011,044704,0,3950,684
171012,040104,0,3749,651
171012,040704,0,3950,684
171013,004104,0,3749,651
171013,104704,0,3950,684
171014,000104,0,3749,651
171014,100704,0,3950,684
171015,144104,0,3749,651
171015,044704,0,3950,684
171016,040104,0,3749,651
171016,040704,0,3950,684
171017,040104,0,3749,651
171017,040704,0,3950,684
171020,040104,0,3868,674
171020,040704,0,4069,707
171021,004104,0,3868,674
171021,104704,0,4069,707
171022,000104,0,3868,674
171022,100704,0,4069,707
171023,144104,0,3868,674
171023,044704,0,4069,707
171024,040104,0,3868,674
171024,040704,0,4069,707
171025,004104,0,3868,674
171025,104704,0,4069,707
171026,000104,0,3868,674
171026,100704,0,4069,707
171027,000104,0,3809,661
171027,100704,0,3954,684
171030,040104,0,3891,678
171030,040704,0,4092,711
171031,000104,0,3891,678
171031,100704,0,4092,711
171032,040104,0,3891,678
171032,040704,0,4092,711
171033,000104,0,3891,678
171033,100704,0,4092,711
171034,040104,0,3891,678
171034,040704,0,4092,711
171035,000104,0,3891,678
171035,100704,0,4092,711
171036,040104,0,3891,678
171036,040704,0,4092,711
171037,004104,0,3842,668
171037,104704,0,4043,701
171040,000104,0,3868,674
171040,100704,0,4069,707
171041,144104,0,3868,674
171041,044704,0,4069,707
171042,040104,0,3868,674
171042,040704,0,4069,707
171043,004104,0,3868,674
171043,104704,0,4069,707
171044,000104,0,3868,674
171044,100704,0,4069,707
171045,144104,0,3868,674
171045,044704,0,4069,707
171046,040104,0,3868,674
171046,040704,0,4069,707
171047,040104,0,3819,664
171047,040704,0,4020,697
171050,040104,0,3891,678
171050,040704,0,4092,711
171051,000104,0,3891,678
171051,100704,0,4092,711
171052,040104,0,3891,678
171052,040704,0,4092,711
171053,000104,0,3891,678
171053,100704,0,4092,711
171054,040104,0,3891,678
171054,040704,0,4092,711
171055,000104,0,3891,678
171055,100704,0,4092,711
171056,040104,0,3891,678
171056,040704,0,4092,711
171057,004104,0,2101,336
171057,104704,0,2104,337
171060,000104,0,3836,665
171060,100704,0,4037,698
171061,040104,0,3836,665
171061,040704,0,4037,698
171062,000104,0,3836,665
171062,100704,0,4037,698
171063,040104,0,3836,665
171063,040704,0,4037,698
171064,000104,0,3836,665
171064,100704,0,4037,698
171065,040104,0,3836,665
171065,040704,0,4037,698
171066,000104,0,3836,665
171066,100704,0,4037,698
171067,144104,0,3836,665
171067,044704,0,4037,698
171070,004104,0,3844,668
171070,104704,0,4045,701
171071,040104,0,3844,668
171071,040704,0,4045,701
171072,144104,0,3844,668
171072,044704,0,4045,701
171073,000104,0,3844,668
171073,100704,0,4045,701
171074,004104,0,3844,668
171074,104704,0,4045,701
171075,040104,0,3844,668
171075,040704,0,4045,701
171076,144104,0,3844,668
171076,044704,0,4045,701
171077,004104,0,3844,668
171077,104704,0,4045,701
171100,040104,0,3843,662
171100,040704,0,4042,693
171101,004104,0,3457,556
171101,104704,0,3656,587
171102,000104,0,3843,662
171102,100704,0,4042,693
171103,144104,0,3843,662
171103,044704,0,4042,693
171104,040104,0,3843,662
171104,040704,0,4042,693
171105,004104,0,3843,662
171105,104704,0,4042,693
171106,000104,0,1995,311
171106,100704,0,1998,312
171107,000104,0,1995,311
171107,100704,0,1998,312
171110,000104,0,3749,651
171110,100704,0,3950,684
171111,144104,0,3749,651
171111,044704,0,3950,684
171112,040104,0,3749,651
171112,040704,0,3950,684
171113,004104,0,3749,651
171113,104704,0,3950,684
171114,000104,0,3749,651
171114,100704,0,3950,684
171115,144104,0,3749,651
171115,044704,0,3950,684
171116,040104,0,3749,651
171116,040704,0,3950,684
171117,040104,0,3749,651
171117,040704,0,3950,684
171120,040104,0,3868,674
171120,040704,0,4069,707
171121,004104,0,3868,674
171121,104704,0,4069,707
171122,000104,0,3868,674
171122,100704,0,4069,707
171123,144104,0,3868,674
171123,044704,0,4069,707
171124,040104,0,3868,674
171124,040704,0,4069,707
171125,004104,0,3868,674
171125,104704,0,4069,707
171126,000104,0,3868,674
171126,100704,0,4069,707
171127,000104,0,3809,661
171127,100704,0,3954,684
171130,040104,0,3891,678
171130,040704,0,4092,711
171131,000104,0,3891,678
171131,100704,0,4092,711
171132,040104,0,3891,678
171132,040704,0,4092,711
171133,000104,0,3891,678
171133,100704,0,4092,711
171134,040104,0,3891,678
171134,040704,0,4092,711
171135,000104,0,3891,678
171135,100704,0,4092,711
171136,040104,0,3891,678
171136,040704,0,4092,711
171137,004104,0,3842,668
171137,104704,0,4043,701
171140,000104,0,3868,674
171140,100704,0,4069,707
171141,144104,0,3868,674
171141,044704,0,4069,707
171142,040104,0,3868,674
171142,040704,0,4069,707
171143,004104,0,3868,674
171143,104704,0,4069,707
171144,000104,0,3868,674
171144,100704,0,4069,707
171145,144104,0,3868,674
171145,044704,0,4069,707
171146,040104,0,3868,674
171146,040704,0,4069,707
171147,040104,0,3819,664
171147,040704,0,4020,697
171150,040104,0,3891,678
171150,040704,0,4092,711
171151,000104,0,3891,678
171151,100704,0,4092,711
171152,040104,0,3891,678
171152,040704,0,4092,711
171153,000104,0,3891,678
171153,100704,0,4092,711
171154,040104,0,3891,678
171154,040704,0,4092,711
171155,000104,0,3891,678
171155,100704,0,4092,711
171156,040104,0,3891,678
171156,040704,0,4092,711
171157,004104,0,2101,336
171157,104704,0,2104,337
171160,000104,0,3836,665
171160,100704,0,4037,698
171161,040104,0,3836,665
171161,040704,0,4037,698
171162,000104,0,3836,665
171162,100704,0,4037,698
171163,040104,0,3836,665
171163,040704,0,4037,698
171164,000104,0,3836,665
171164,100704,0,4037,698
171165,040104,0,3836,665
171165,040704,0,4037,698
171166,000104,0,3836,665
171166,100704,0,4037,698
171167,144104,0,3836,665
171167,044704,0,4037,698
171170,004104,0,3844,668
171170,104704,0,4045,701
171171,040104,0,3844,668
171171,040704,0,4045,701
171172,144104,0,3844,668
171172,044704,0,4045,701
171173,000104,0,3844,668
171173,100704,0,4045,701
171174,004104,0,3844,668
171174,104704,0,4045,701
171175,040104,0,3844,668
171175,040704,0,4045,701
171176,144104,0,3844,668
171176,044704,0,4045,701
171177,004104,0,3844,668
171177,104704,0,4045,701
171200,040104,0,3843,662
171200,040704,0,4042,693
171201,004104,0,3843,662
171201,104704,0,4042,693
171202,000104,0,3457,556
171202,100704,0,3656,587
171203,144104,0,3843,662
171203,044704,0,4042,693
171204,040104,0,3843,662
171204,040704,0,4042,693
171205,004104,0,3843,662
171205,104704,0,4042,693
171206,000104,0,1995,311
171206,100704,0,1998,312
171207,000104,0,1995,311
171207,100704,0,1998,312
171210,000104,0,3749,651
171210,100704,0,3950,684
171211,144104,0,3749,651
171211,044704,0,3950,684
171212,040104,0,3749,651
171212,040704,0,3950,684
171213,004104,0,3749,651
171213,104704,0,3950,684
171214,000104,0,3749,651
171214,100704,0,3950,684
171215,144104,0,3749,651
171215,044704,0,3950,684
171216,040104,0,3749,651
171216,040704,0,3950,684
171217,040104,0,3749,651
171217,040704,0,3950,684
171220,040104,0,3868,674
171220,040704,0,4069,707
171221,004104,0,3868,674
171221,104704,0,4069,707
171222,000104,0,3868,674
171222,100704,0,4069,707
171223,144104,0,3868,674
171223,044704,0,4069,707
171224,040104,0,3868,674
171224,040704,0,4069,707
171225,004104,0,3868,674
171225,104704,0,4069,707
171226,000104,0,3868,674
171226,100704,0,4069,707
171227,000104,0,3809,661
171227,100704,0,3954,684
171230,040104,0,3891,678
171230,040704,0,4092,711
171231,000104,0,3891,678
171231,100704,0,4092,711
171232,040104,0,3891,678
171232,040704,0,4092,711
171233,000104,0,3891,678
171233,100704,0,4092,711
171234,040104,0,3891,678
171234,040704,0,4092,711
171235,000104,0,3891,678
171235,100704,0,4092,711
171236,040104,0,3891,678
171236,040704,0,4092,711
171237,004104,0,3842,668
171237,104704,0,4043,701
171240,000104,0,3868,674
171240,100704,0,4069,707
171241,144104,0,3868,674
171241,044704,0,4069,707
171242,040104,0,3868,674
171242,040704,0,4069,707
171243,004104,0,3868,674
171243,104704,0,4069,707
171244,000104,0,3868,674
171244,100704,0,4069,707
171245,144104,0,3868,674
171245,044704,0,4069,707
171246,040104,0,3868,674
171246,040704,0,4069,707
171247,040104,0,3819,664
171247,040704,0,4020,697
171250,040104,0,3891,678
171250,040704,0,4092,711
171251,000104,0,3891,678
171251,100704,0,4092,711
171252,040104,0,3891,678
171252,040704,0,4092,711
171253,000104,0,3891,678
171253,100704,0,4092,711
171254,040104,0,3891,678
171254,040704,0,4092,711
171255,000104,0,3891,678
171255,100704,0,4092,711
171256,040104,0,3891,678
171256,040704,0,4092,711
171257,004104,0,2101,336
171257,104704,0,2104,337
171260,000104,0,3836,665
171260,100704,0,4037,698
171261,040104,0,3836,665
171261,040704,0,4037,698
171262,000104,0,3836,665
171262,100704,0,4037,698
171263,040104,0,3836,665
171263,040704,0,4037,698
171264,000104,0,3836,665
171264,100704,0,4037,698
171265,040104,0,3836,665
171265,040704,0,4037,698
171266,000104,0,3836,665
171266,100704,0,4037,698
171267,144104,0,3836,665
171267,044704,0,4037,698
171270,004104,0,3844,668
171270,104704,0,4045,701
171271,040104,0,3844,668
171271,040704,0,4045,701
171272,144104,0,3844,668
171272,044704,0,4045,701
171273,000104,0,3844,668
171273,100704,0,4045,701
171274,004104,0,3844,668
171274,104704,0,4045,701
171275,040104,0,3844,668
171275,040704,0,4045,701
171276,144104,0,3844,668
171276,044704,0,4045,701
171277,004104,0,3844,668
171277,104704,0,4045,701
171300,040104,0,3843,662
171300,040704,0,4042,693
171301,004104,0,3843,662
171301,104704,0,4042,693
171302,000104,0,3843,662
171302,100704,0,4042,693
171303,144104,0,3457,556
171303,044704,0,3656,587
171304,040104,0,3843,662
171304,040704,0,4042,693
171305,004104,0,3843,662
171305,104704,0,4042,693
171306,000104,0,1995,311
171306,100704,0,1998,312
171307,000104,0,1995,311
171307,100704,0,1998,312
171310,000104,0,3749,651
171310,100704,0,3950,684
171311,144104,0,3749,651
171311,044704,0,3950,684
171312,040104,0,3749,651
171312,040704,0,3950,684
171313,004104,0,3749,651
171313,104704,0,3950,684
171314,000104,0,3749,651
171314,100704,0,3950,684
171315,144104,0,3749,651
171315,044704,0,3950,684
171316,040104,0,3749,651
171316,040704,0,3950,684
171317,040104,0,3749,651
171317,040704,0,3950,684
171320,040104,0,3868,674
171320,040704,0,4069,707
171321,004104,0,3868,674
171321,104704,0,4069,707
171322,000104,0,3868,674
171322,100704,0,4069,707
171323,144104,0,3868,674
171323,044704,0,4069,707
171324,040104,0,3868,674
171324,040704,0,4069,707
171325,004104,0,3868,674
171325,104704,0,4069,707
171326,000104,0,3868,674
171326,100704,0,4069,707
171327,000104,0,3809,661
171327,100704,0,3954,684
171330,040104,0,3891,678
171330,040704,0,4092,711
171331,000104,0,3891,678
171331,100704,0,4092,711
171332,040104,0,3891,678
171332,040704,0,4092,711
171333,000104,0,3891,678
171333,100704,0,4092,711
171334,040104,0,3891,678
171334,040704,0,4092,711
171335,000104,0,3891,678
171335,100704,0,4092,711
171336,040104,0,3891,678
171336,040704,0,4092,711
171337,004104,0,3842,668
171337,104704,0,4043,701
171340,000104,0,3868,674
171340,100704,0,4069,707
171341,144104,0,3868,674
171341,044704,0,4069,707
171342,040104,0,3868,674
171342,040704,0,4069,707
171343,004104,0,3868,674
171343,104704,0,4069,707
171344,000104,0,3868,674
171344,100704,0,4069,707
171345,144104,0,3868,674
171345,044704,0,4069,707
171346,040104,0,3868,674
171346,040704,0,4069,707
171347,040104,0,3819,664
171347,040704,0,4020,697
171350,040104,0,3891,678
171350,040704,0,4092,711
171351,000104,0,3891,678
171351,100704,0,4092,711
171352,040104,0,3891,678
171352,040704,0,4092,711
171353,000104,0,3891,678
171353,100704,0,4092,711
171354,040104,0,3891,678
171354,040704,0,4092,711
171355,000104,0,3891,678
171355,100704,0,4092,711
171356,040104,0,3891,678
171356,040704,0,4092,711
171357,004104,0,2101,336
171357,104704,0,2104,337
171360,000104,0,3836,665
171360,100704,0,4037,698
171361,040104,0,3836,665
171361,040704,0,4037,698
171362,000104,0,3836,665
171362,100704,0,4037,698
171363,040104,0,3836,665
171363,040704,0,4037,698
171364,000104,0,3836,665
171364,100704,0,4037,698
171365,040104,0,3836,665
171365,040704,0,4037,698
171366,000104,0,3836,665
171366,100704,0,4037,698
171367,144104,0,3836,665
171367,044704,0,4037,698
171370,004104,0,3844,668
171370,104704,0,4045,701
171371,040104,0,3844,668
171371,040704,0,4045,701
171372,144104,0,3844,668
171372,044704,0,4045,701
171373,000104,0,3844,668
171373,100704,0,4045,701
171374,004104,0,3844,668
171374,104704,0,4045,701
171375,040104,0,3844,668
171375,040704,0,4045,701
171376,144104,0,3844,668
171376,044704,0,4045,701
171377,004104,0,3844,668
171377,104704,0,4045,701
174400,040104,0,3254,511
174400,040704,0,3399,534
174401,004104,0,3821,649
174401,104704,0,3966,672
174402,000104,0,3821,649
174402,100704,0,3966,672
174403,144104,0,3624,613
174403,044704,0,3769,636
174404,040104,0,3624,613
174404,040704,0,3769,636
174405,004104,0,3821,649
174405,104704,0,3966,672
174406,000104,0,2019,314
174406,100704,0,2022,315
174407,000104,0,2019,314
174407,100704,0,2022,315
174410,000104,0,3727,638
174410,100704,0,3874,663
174411,144104,0,3530,602
174411,044704,0,3677,627
174412,040104,0,3530,602
174412,040704,0,3677,627
174413,004104,0,3727,638
174413,104704,0,3874,663
174414,000104,0,3727,638
174414,100704,0,3874,663
174415,144104,0,3530,602
174415,044704,0,3677,627
174416,040104,0,3530,602
174416,040704,0,3677,627
174417,040104,0,3530,602
174417,040704,0,3677,627
174420,040104,0,3649,625
174420,040704,0,3796,650
174421,004104,0,3846,661
174421,104704,0,3993,686
174422,000104,0,3846,661
174422,100704,0,3993,686
174423,144104,0,3649,625
174423,044704,0,3796,650
174424,040104,0,3649,625
174424,040704,0,3796,650
174425,004104,0,3846,661
174425,104704,0,3993,686
174426,000104,0,3846,661
174426,100704,0,3993,686
174427,000104,0,3787,648
174427,100704,0,3878,663
174430,040104,0,3672,629
174430,040704,0,3819,654
174431,000104,0,3869,665
174431,100704,0,4016,690
174432,040104,0,3672,629
174432,040704,0,3819,654
174433,000104,0,3869,665
174433,100704,0,4016,690
174434,040104,0,3672,629
174434,040704,0,3819,654
174435,000104,0,3869,665
174435,100704,0,4016,690
174436,040104,0,3672,629
174436,040704,0,3819,654
174437,004104,0,3820,655
174437,104704,0,3967,680
174440,000104,0,3846,661
174440,100704,0,3993,686
174441,144104,0,3649,625
174441,044704,0,3796,650
174442,040104,0,3649,625
174442,040704,0,3796,650
174443,004104,0,3846,661
174443,104704,0,3993,686
174444,000104,0,3846,661
174444,100704,0,3993,686
174445,144104,0,3649,625
174445,044704,0,3796,650
174446,040104,0,3649,625
174446,040704,0,3796,650
174447,040104,0,3600,615
174447,040704,0,3747,640
174450,040104,0,3672,629
174450,040704,0,3819,654
174451,000104,0,3869,665
174451,100704,0,4016,690
174452,040104,0,3672,629
174452,040704,0,3819,654
174453,000104,0,3869,665
174453,100704,0,4016,690
174454,040104,0,3672,629
174454,040704,0,3819,654
174455,000104,0,3869,665
174455,100704,0,4016,690
174456,040104,0,3672,629
174456,040704,0,3819,654
174457,004104,0,2125,339
174457,104704,0,2128,340
174460,000104,0,3814,652
174460,100704,0,3961,677
174461,040104,0,3617,616
174461,040704,0,3764,641
174462,000104,0,3814,652
174462,100704,0,3961,677
174463,040104,0,3617,616
174463,040704,0,3764,641
174464,000104,0,3814,652
174464,100704,0,3961,677
174465,040104,0,3617,616
174465,040704,0,3764,641
174466,000104,0,3814,652
174466,100704,0,3961,677
174467,144104,0,3617,616
174467,044704,0,3764,641
174470,004104,0,3822,655
174470,104704,0,3969,680
174471,040104,0,3625,619
174471,040704,0,3772,644
174472,144104,0,3625,619
174472,044704,0,3772,644
174473,000104,0,3822,655
174473,100704,0,3969,680
174474,004104,0,3822,655
174474,104704,0,3969,680
174475,040104,0,3625,619
174475,040704,0,3772,644
174476,144104,0,3625,619
174476,044704,0,3772,644
174477,004104,0,3822,655
174477,104704,0,3969,680
174500,040104,0,3624,613
174500,040704,0,3769,636
174501,004104,0,3451,547
174501,104704,0,3596,570
174502,000104,0,3821,649
174502,100704,0,3966,672
174503,144104,0,3624,613
174503,044704,0,3769,636
174504,040104,0,3624,613
174504,040704,0,3769,636
174505,004104,0,3821,649
174505,104704,0,3966,672
174506,000104,0,2019,314
174506,100704,0,2022,315
174507,000104,0,2019,314
174507,100704,0,2022,315
174510,000104,0,3727,638
174510,100704,0,3874,663
174511,144104,0,3530,602
174511,044704,0,3677,627
174512,040104,0,3530,602
174512,040704,0,3677,627
174513,004104,0,3727,638
174513,104704,0,3874,663
174514,000104,0,3727,638
174514,100704,0,3874,663
174515,144104,0,3530,602
174515,044704,0,3677,627
174516,040104,0,3530,602
174516,040704,0,3677,627
174517,040104,0,3530,602
174517,040704,0,3677,627
174520,040104,0,3649,625
174520,040704,0,3796,650
174521,004104,0,3846,661
174521,104704,0,3993,686
174522,000104,0,3846,661
174522,100704,0,3993,686
174523,144104,0,3649,625
174523,044704,0,3796,650
174524,040104,0,3649,625
174524,040704,0,3796,650
174525,004104,0,3846,661
174525,104704,0,3993,686
174526,000104,0,3846,661
174526,100704,0,3993,686
174527,000104,0,3787,648
174527,100704,0,3878,663
174530,040104,0,3672,629
174530,040704,0,3819,654
174531,000104,0,3869,665
174531,100704,0,4016,690
174532,040104,0,3672,629
174532,040704,0,3819,654
174533,000104,0,3869,665
174533,100704,0,4016,690
174534,040104,0,3672,629
174534,040704,0,3819,654
174535,000104,0,3869,665
174535,100704,0,4016,690
174536,040104,0,3672,629
174536,040704,0,3819,654
174537,004104,0,3820,655
174537,104704,0,3967,680
174540,000104,0,3846,661
174540,100704,0,3993,686
174541,144104,0,3649,625
174541,044704,0,3796,650
174542,040104,0,3649,625
174542,040704,0,3796,650
174543,004104,0,3846,661
174543,104704,0,3993,686
174544,000104,0,3846,661
174544,100704,0,3993,686
174545,144104,0,3649,625
174545,044704,0,3796,650
174546,040104,0,3649,625
174546,040704,0,3796,650
174547,040104,0,3600,615
174547,040704,0,3747,640
174550,040104,0,3672,629
174550,040704,0,3819,654
174551,000104,0,3869,665
174551,100704,0,4016,690
174552,040104,0,3672,629
174552,040704,0,3819,654
174553,000104,0,3869,665
174553,100704,0,4016,690
174554,040104,0,3672,629
174554,040704,0,3819,654
174555,000104,0,3869,665
174555,100704,0,4016,690
174556,040104,0,3672,629
174556,040704,0,3819,654
174557,004104,0,2125,339
174557,104704,0,2128,340
174560,000104,0,3814,652
174560,100704,0,3961,677
174561,040104,0,3617,616
174561,040704,0,3764,641
174562,000104,0,3814,652
174562,100704,0,3961,677
174563,040104,0,3617,616
174563,040704,0,3764,641
174564,000104,0,3814,652
174564,100704,0,3961,677
174565,040104,0,3617,616
174565,040704,0,3764,641
174566,000104,0,3814,652
174566,100704,0,3961,677
174567,144104,0,3617,616
174567,044704,0,3764,641
174570,004104,0,3822,655
174570,104704,0,3969,680
174571,040104,0,3625,619
174571,040704,0,3772,644
174572,144104,0,3625,619
174572,044704,0,3772,644
174573,000104,0,3822,655
174573,100704,0,3969,680
174574,004104,0,3822,655
174574,104704,0,3969,680
174575,040104,0,3625,619
174575,040704,0,3772,644
174576,144104,0,3625,619
174576,044704,0,3772,644
174577,004104,0,3822,655
174577,104704,0,3969,680
174600,040104,0,3624,613
174600,040704,0,3769,636
174601,004104,0,3821,649
174601,104704,0,3966,672
174602,000104,0,3451,547
174602,100704,0,3596,570
174603,144104,0,3624,613
174603,044704,0,3769,636
174604,040104,0,3624,613
174604,040704,0,3769,636
174605,004104,0,3821,649
174605,104704,0,3966,672
174606,000104,0,2019,314
174606,100704,0,2022,315
174607,000104,0,2019,314
174607,100704,0,2022,315
174610,000104,0,3727,638
174610,100704,0,3874,663
174611,144104,0,3530,602
174611,044704,0,3677,627
174612,040104,0,3530,602
174612,040704,0,3677,627
174613,004104,0,3727,638
174613,104704,0,3874,663
174614,000104,0,3727,638
174614,100704,0,3874,663
174615,144104,0,3530,602
174615,044704,0,3677,627
174616,040104,0,3530,602
174616,040704,0,3677,627
174617,040104,0,3530,602
174617,040704,0,3677,627
174620,040104,0,3649,625
174620,040704,0,3796,650
174621,004104,0,3846,661
174621,104704,0,3993,686
174622,000104,0,3846,661
174622,100704,0,3993,686
174623,144104,0,3649,625
174623,044704,0,3796,650
174624,040104,0,3649,625
174624,040704,0,3796,650
174625,004104,0,3846,661
174625,104704,0,3993,686
174626,000104,0,3846,661
174626,100704,0,3993,686
174627,000104,0,3787,648
174627,100704,0,3878,663
174630,040104,0,3672,629
174630,040704,0,3819,654
174631,000104,0,3869,665
174631,100704,0,4016,690
174632,040104,0,3672,629
174632,040704,0,3819,654
174633,000104,0,3869,665
174633,100704,0,4016,690
174634,040104,0,3672,629
174634,040704,0,3819,654
174635,000104,0,3869,665
174635,100704,0,4016,690
174636,040104,0,3672,629
174636,040704,0,3819,654
174637,004104,0,3820,655
174637,104704,0,3967,680
174640,000104,0,3846,661
174640,100704,0,3993,686
174641,144104,0,3649,625
174641,044704,0,3796,650
174642,040104,0,3649,625
174642,040704,0,3796,650
174643,004104,0,3846,661
174643,104704,0,3993,686
174644,000104,0,3846,661
174644,100704,0,3993,686
174645,144104,0,3649,625
174645,044704,0,3796,650
174646,040104,0,3649,625
174646,040704,0,3796,650
174647,040104,0,3600,615
174647,040704,0,3747,640
174650,040104,0,3672,629
174650,040704,0,3819,654
174651,000104,0,3869,665
174651,100704,0,4016,690
174652,040104,0,3672,629
174652,040704,0,3819,654
174653,000104,0,3869,665
174653,100704,0,4016,690
174654,040104,0,3672,629
174654,040704,0,3819,654
174655,000104,0,3869,665
174655,100704,0,4016,690
174656,040104,0,3672,629
174656,040704,0,3819,654
174657,004104,0,2125,339
174657,104704,0,2128,340
174660,000104,0,3814,652
174660,100704,0,3961,677
174661,040104,0,3617,616
174661,040704,0,3764,641
174662,000104,0,3814,652
174662,100704,0,3961,677
174663,040104,0,3617,616
174663,040704,0,3764,641
174664,000104,0,3814,652
174664,100704,0,3961,677
174665,040104,0,3617,616
174665,040704,0,3764,641
174666,000104,0,3814,652
174666,100704,0,3961,677
174667,144104,0,3617,616
174667,044704,0,3764,641
174670,004104,0,3822,655
174670,104704,0,3969,680
174671,040104,0,3625,619
174671,040704,0,3772,644
174672,144104,0,3625,619
174672,044704,0,3772,644
174673,000104,0,3822,655
174673,100704,0,3969,680
174674,004104,0,3822,655
174674,104704,0,3969,680
174675,040104,0,3625,619
174675,040704,0,3772,644
174676,144104,0,3625,619
174676,044704,0,3772,644
174677,004104,0,3822,655
174677,104704,0,3969,680
174700,040104,0,3624,613
174700,040704,0,3769,636
174701,004104,0,3821,649
174701,104704,0,3966,672
174702,000104,0,3821,649
174702,100704,0,3966,672
174703,144104,0,3254,511
174703,044704,0,3399,534
174704,040104,0,3624,613
174704,040704,0,3769,636
174705,004104,0,3821,649
174705,104704,0,3966,672
174706,000104,0,2019,314
174706,100704,0,2022,315
174707,000104,0,2019,314
174707,100704,0,2022,315
174710,000104,0,3727,638
174710,100704,0,3874,663
174711,144104,0,3530,602
174711,044704,0,3677,627
174712,040104,0,3530,602
174712,040704,0,3677,627
174713,004104,0,3727,638
174713,104704,0,3874,663
174714,000104,0,3727,638
174714,100704,0,3874,663
174715,144104,0,3530,602
174715,044704,0,3677,627
174716,040104,0,3530,602
174716,040704,0,3677,627
174717,040104,0,3530,602
174717,040704,0,3677,627
174720,040104,0,3649,625
174720,040704,0,3796,650
174721,004104,0,3846,661
174721,104704,0,3993,686
174722,000104,0,3846,661
174722,100704,0,3993,686
174723,144104,0,3649,625
174723,044704,0,3796,650
174724,040104,0,3649,625
174724,040704,0,3796,650
174725,004104,0,3846,661
174725,104704,0,3993,686
174726,000104,0,3846,661
174726,100704,0,3993,686
174727,000104,0,3787,648
174727,100704,0,3878,663
174730,040104,0,3672,629
174730,040704,0,3819,654
174731,000104,0,3869,665
174731,100704,0,4016,690
174732,040104,0,3672,629
174732,040704,0,3819,654
174733,000104,0,3869,665
174733,100704,0,4016,690
174734,040104,0,3672,629
174734,040704,0,3819,654
174735,000104,0,3869,665
174735,100704,0,4016,690
174736,040104,0,3672,629
174736,040704,0,3819,654
174737,004104,0,3820,655
174737,104704,0,3967,680
174740,000104,0,3846,661
174740,100704,0,3993,686
174741,144104,0,3649,625
174741,044704,0,3796,650
174742,040104,0,3649,625
174742,040704,0,3796,650
174743,004104,0,3846,661
174743,104704,0,3993,686
174744,000104,0,3846,661
174744,100704,0,3993,686
174745,144104,0,3649,625
174745,044704,0,3796,650
174746,040104,0,3649,625
174746,040704,0,3796,650
174747,040104,0,3600,615
174747,040704,0,3747,640
174750,040104,0,3672,629
174750,040704,0,3819,654
174751,000104,0,3869,665
174751,100704,0,4016,690
174752,040104,0,3672,629
174752,040704,0,3819,654
174753,000104,0,3869,665
174753,100704,0,4016,690
174754,040104,0,3672,629
174754,040704,0,3819,654
174755,000104,0,3869,665
174755,100704,0,4016,690
174756,040104,0,3672,629
174756,040704,0,3819,654
174757,004104,0,2125,339
174757,104704,0,2128,340
174760,000104,0,3814,652
174760,100704,0,3961,677
174761,040104,0,3617,616
174761,040704,0,3764,641
174762,000104,0,3814,652
174762,100704,0,3961,677
174763,040104,0,3617,616
174763,040704,0,3764,641
174764,000104,0,3814,652
174764,100704,0,3961,677
174765,040104,0,3617,616
174765,040704,0,3764,641
174766,000104,0,3814,652
174766,100704,0,3961,677
174767,144104,0,3617,616
174767,044704,0,3764,641
174770,004104,0,3822,655
174770,104704,0,3969,680
174771,040104,0,3625,619
174771,040704,0,3772,644
174772,144104,0,3625,619
174772,044704,0,3772,644
174773,000104,0,3822,655
174773,100704,0,3969,680
174774,004104,0,3822,655
174774,104704,0,3969,680
174775,040104,0,3625,619
174775,040704,0,3772,644
174776,144104,0,3625,619
174776,044704,0,3772,644
174777,004104,0,3822,655
174777,104704,0,3969,680
171400,040104,0,3739,599
171400,040704,0,3970,636
171401,004104,0,4125,705
171401,104704,0,4356,742
171402,000104,0,4125,705
171402,100704,0,4356,742
171403,144104,0,4125,705
171403,044704,0,4356,742
171404,040104,0,4125,705
171404,040704,0,4356,742
171405,004104,0,4125,705
171405,104704,0,4356,742
171406,000104,0,2043,317
171406,100704,0,2046,318
171407,000104,0,2043,317
171407,100704,0,2046,318
171410,000104,0,4031,694
171410,100704,0,4264,733
171411,144104,0,4031,694
171411,044704,0,4264,733
171412,040104,0,4031,694
171412,040704,0,4264,733
171413,004104,0,4031,694
171413,104704,0,4264,733
171414,000104,0,4031,694
171414,100704,0,4264,733
171415,144104,0,4031,694
171415,044704,0,4264,733
171416,040104,0,4031,694
171416,040704,0,4264,733
171417,040104,0,4031,694
171417,040704,0,4264,733
171420,040104,0,4150,717
171420,040704,0,4383,756
171421,004104,0,4150,717
171421,104704,0,4383,756
171422,000104,0,4150,717
171422,100704,0,4383,756
171423,144104,0,4150,717
171423,044704,0,4383,756
171424,040104,0,4150,717
171424,040704,0,4383,756
171425,004104,0,4150,717
171425,104704,0,4383,756
171426,000104,0,4150,717
171426,100704,0,4383,756
171427,000104,0,4091,704
171427,100704,0,4268,733
171430,040104,0,4173,721
171430,040704,0,4406,760
171431,000104,0,4173,721
171431,100704,0,4406,760
171432,040104,0,4173,721
171432,040704,0,4406,760
171433,000104,0,4173,721
171433,100704,0,4406,760
171434,040104,0,4173,721
171434,040704,0,4406,760
171435,000104,0,4173,721
171435,100704,0,4406,760
171436,040104,0,4173,721
171436,040704,0,4406,760
171437,004104,0,4124,711
171437,104704,0,4357,750
171440,000104,0,4150,717
171440,100704,0,4383,756
171441,144104,0,4150,717
171441,044704,0,4383,756
171442,040104,0,4150,717
171442,040704,0,4383,756
171443,004104,0,4150,717
171443,104704,0,4383,756
171444,000104,0,4150,717
171444,100704,0,4383,756
171445,144104,0,4150,717
171445,044704,0,4383,756
171446,040104,0,4150,717
171446,040704,0,4383,756
171447,040104,0,4101,707
171447,040704,0,4334,746
171450,040104,0,4173,721
171450,040704,0,4406,760
171451,000104,0,4173,721
171451,100704,0,4406,760
171452,040104,0,4173,721
171452,040704,0,4406,760
171453,000104,0,4173,721
171453,100704,0,4406,760
171454,040104,0,4173,721
171454,040704,0,4406,760
171455,000104,0,4173,721
171455,100704,0,4406,760
171456,040104,0,4173,721
171456,040704,0,4406,760
171457,004104,0,2149,342
171457,104704,0,2152,343
171460,000104,0,4118,708
171460,100704,0,4351,747
171461,040104,0,4118,708
171461,040704,0,4351,747
171462,000104,0,4118,708
171462,100704,0,4351,747
171463,040104,0,4118,708
171463,040704,0,4351,747
171464,000104,0,4118,708
171464,100704,0,4351,747
171465,040104,0,4118,708
171465,040704,0,4351,747
171466,000104,0,4118,708
171466,100704,0,4351,747
171467,144104,0,4118,708
171467,044704,0,4351,747
171470,004104,0,4126,711
171470,104704,0,4359,750
171471,040104,0,4126,711
171471,040704,0,4359,750
171472,144104,0,4126,711
171472,044704,0,4359,750
171473,000104,0,4126,711
171473,100704,0,4359,750
171474,004104,0,4126,711
171474,104704,0,4359,750
171475,040104,0,4126,711
171475,040704,0,4359,750
171476,144104,0,4126,711
171476,044704,0,4359,750
171477,004104,0,4126,711
171477,104704,0,4359,750
171500,040104,0,4035,690
171500,040704,0,4234,721
171501,004104,0,3649,584
171501,104704,0,3848,615
171502,000104,0,4035,690
171502,100704,0,4234,721
171503,144104,0,4035,690
171503,044704,0,4234,721
171504,040104,0,4035,690
171504,040704,0,4234,721
171505,004104,0,4035,690
171505,104704,0,4234,721
171506,000104,0,2043,317
171506,100704,0,2046,318
171507,000104,0,2043,317
171507,100704,0,2046,318
171510,000104,0,3941,679
171510,100704,0,4142,712
171511,144104,0,3941,679
171511,044704,0,4142,712
171512,040104,0,3941,679
171512,040704,0,4142,712
171513,004104,0,3941,679
171513,104704,0,4142,712
171514,000104,0,3941,679
171514,100704,0,4142,712
171515,144104,0,3941,679
171515,044704,0,4142,712
171516,040104,0,3941,679
171516,040704,0,4142,712
171517,040104,0,3941,679
171517,040704,0,4142,712
171520,040104,0,4060,702
171520,040704,0,4261,735
171521,004104,0,4060,702
171521,104704,0,4261,735
171522,000104,0,4060,702
171522,100704,0,4261,735
171523,144104,0,4060,702
171523,044704,0,4261,735
171524,040104,0,4060,702
171524,040704,0,4261,735
171525,004104,0,4060,702
171525,104704,0,4261,735
171526,000104,0,4060,702
171526,100704,0,4261,735
171527,000104,0,4001,689
171527,100704,0,4146,712
171530,040104,0,4083,706
171530,040704,0,4284,739
171531,000104,0,4083,706
171531,100704,0,4284,739
171532,040104,0,4083,706
171532,040704,0,4284,739
171533,000104,0,4083,706
171533,100704,0,4284,739
171534,040104,0,4083,706
171534,040704,0,4284,739
171535,000104,0,4083,706
171535,100704,0,4284,739
171536,040104,0,4083,706
171536,040704,0,4284,739
171537,004104,0,4034,696
171537,104704,0,4235,729
171540,000104,0,4060,702
171540,100704,0,4261,735
171541,144104,0,4060,702
171541,044704,0,4261,735
171542,040104,0,4060,702
171542,040704,0,4261,735
171543,004104,0,4060,702
171543,104704,0,4261,735
171544,000104,0,4060,702
171544,100704,0,4261,735
171545,144104,0,4060,702
171545,044704,0,4261,735
171546,040104,0,4060,702
171546,040704,0,4261,735
171547,040104,0,4011,692
171547,040704,0,4212,725
171550,040104,0,4083,706
171550,040704,0,4284,739
171551,000104,0,4083,706
171551,100704,0,4284,739
171552,040104,0,4083,706
171552,040704,0,4284,739
171553,000104,0,4083,706
171553,100704,0,4284,739
171554,040104,0,4083,706
171554,040704,0,4284,739
171555,000104,0,4083,706
171555,100704,0,4284,739
171556,040104,0,4083,706
171556,040704,0,4284,739
171557,004104,0,2149,342
171557,104704,0,2152,343
171560,000104,0,4028,693
171560,100704,0,4229,726
171561,040104,0,4028,693
171561,040704,0,4229,726
171562,000104,0,4028,693
171562,100704,0,4229,726
171563,040104,0,4028,693
171563,040704,0,4229,726
171564,000104,0,4028,693
171564,100704,0,4229,726
171565,040104,0,4028,693
171565,040704,0,4229,726
171566,000104,0,4028,693
171566,100704,0,4229,726
171567,144104,0,4028,693
171567,044704,0,4229,726
171570,004104,0,4036,696
171570,104704,0,4237,729
171571,040104,0,4036,696
171571,040704,0,4237,729
171572,144104,0,4036,696
171572,044704,0,4237,729
171573,000104,0,4036,696
171573,100704,0,4237,729
171574,004104,0,4036,696
171574,104704,0,4237,729
171575,040104,0,4036,696
171575,040704,0,4237,729
171576,144104,0,4036,696
171576,044704,0,4237,729
171577,004104,0,4036,696
171577,104704,0,4237,729
171600,040104,0,4125,705
171600,040704,0,4356,742
171601,004104,0,4125,705
171601,104704,0,4356,742
171602,000104,0,3739,599
171602,100704,0,3970,636
171603,144104,0,4125,705
171603,044704,0,4356,742
171604,040104,0,4125,705
171604,040704,0,4356,742
171605,004104,0,4125,705
171605,104704,0,4356,742
171606,000104,0,2043,317
171606,100704,0,2046,318
171607,000104,0,2043,317
171607,100704,0,2046,318
171610,000104,0,4031,694
171610,100704,0,4264,733
171611,144104,0,4031,694
171611,044704,0,4264,733
171612,040104,0,4031,694
171612,040704,0,4264,733
171613,004104,0,4031,694
171613,104704,0,4264,733
171614,000104,0,4031,694
171614,100704,0,4264,733
171615,144104,0,4031,694
171615,044704,0,4264,733
171616,040104,0,4031,694
171616,040704,0,4264,733
171617,040104,0,4031,694
171617,040704,0,4264,733
171620,040104,0,4150,717
171620,040704,0,4383,756
171621,004104,0,4150,717
171621,104704,0,4383,756
171622,000104,0,4150,717
171622,100704,0,4383,756
171623,144104,0,4150,717
171623,044704,0,4383,756
171624,040104,0,4150,717
171624,040704,0,4383,756
171625,004104,0,4150,717
171625,104704,0,4383,756
171626,000104,0,4150,717
171626,100704,0,4383,756
171627,000104,0,4091,704
171627,100704,0,4268,733
171630,040104,0,4173,721
171630,040704,0,4406,760
171631,000104,0,4173,721
171631,100704,0,4406,760
171632,040104,0,4173,721
171632,040704,0,4406,760
171633,000104,0,4173,721
171633,100704,0,4406,760
171634,040104,0,4173,721
171634,040704,0,4406,760
171635,000104,0,4173,721
171635,100704,0,4406,760
171636,040104,0,4173,721
171636,040704,0,4406,760
171637,004104,0,4124,711
171637,104704,0,4357,750
171640,000104,0,4150,717
171640,100704,0,4383,756
171641,144104,0,4150,717
171641,044704,0,4383,756
171642,040104,0,4150,717
171642,040704,0,4383,756
171643,004104,0,4150,717
171643,104704,0,4383,756
171644,000104,0,4150,717
171644,100704,0,4383,756
171645,144104,0,4150,717
171645,044704,0,4383,756
171646,040104,0,4150,717
171646,040704,0,4383,756
171647,040104,0,4101,707
171647,040704,0,4334,746
171650,040104,0,4173,721
171650,040704,0,4406,760
171651,000104,0,4173,721
171651,100704,0,4406,760
171652,040104,0,4173,721
171652,040704,0,4406,760
171653,000104,0,4173,721
171653,100704,0,4406,760
171654,040104,0,4173,721
171654,040704,0,4406,760
171655,000104,0,4173,721
171655,100704,0,4406,760
171656,040104,0,4173,721
171656,040704,0,4406,760
171657,004104,0,2149,342
171657,104704,0,2152,343
171660,000104,0,4118,708
171660,100704,0,4351,747
171661,040104,0,4118,708
171661,040704,0,4351,747
171662,000104,0,4118,708
171662,100704,0,4351,747
171663,040104,0,4118,708
171663,040704,0,4351,747
171664,000104,0,4118,708
171664,100704,0,4351,747
171665,040104,0,4118,708
171665,040704,0,4351,747
171666,000104,0,4118,708
171666,100704,0,4351,747
171667,144104,0,4118,708
171667,044704,0,4351,747
171670,004104,0,4126,711
171670,104704,0,4359,750
171671,040104,0,4126,711
171671,040704,0,4359,750
171672,144104,0,4126,711
171672,044704,0,4359,750
171673,000104,0,4126,711
171673,100704,0,4359,750
171674,004104,0,4126,711
171674,104704,0,4359,750
171675,040104,0,4126,711
171675,040704,0,4359,750
171676,144104,0,4126,711
171676,044704,0,4359,750
171677,004104,0,4126,711
171677,104704,0,4359,750
171700,040104,0,4035,690
171700,040704,0,4234,721
171701,004104,0,4035,690
171701,104704,0,4234,721
171702,000104,0,4035,690
171702,100704,0,4234,721
171703,144104,0,3649,584
171703,044704,0,3848,615
171704,040104,0,4035,690
171704,040704,0,4234,721
171705,004104,0,4035,690
171705,104704,0,4234,721
171706,000104,0,2043,317
171706,100704,0,2046,318
171707,000104,0,2043,317
171707,100704,0,2046,318
171710,000104,0,3941,679
171710,100704,0,4142,712
171711,144104,0,3941,679
171711,044704,0,4142,712
171712,040104,0,3941,679
171712,040704,0,4142,712
171713,004104,0,3941,679
171713,104704,0,4142,712
171714,000104,0,3941,679
171714,100704,0,4142,712
171715,144104,0,3941,679
171715,044704,0,4142,712
171716,040104,0,3941,679
171716,040704,0,4142,712
171717,040104,0,3941,679
171717,040704,0,4142,712
171720,040104,0,4060,702
171720,040704,0,4261,735
171721,004104,0,4060,702
171721,104704,0,4261,735
171722,000104,0,4060,702
171722,100704,0,4261,735
171723,144104,0,4060,702
171723,044704,0,4261,735
171724,040104,0,4060,702
171724,040704,0,4261,735
171725,004104,0,4060,702
171725,104704,0,4261,735
171726,000104,0,4060,702
171726,100704,0,4261,735
171727,000104,0,4001,689
171727,100704,0,4146,712
171730,040104,0,4083,706
171730,040704,0,4284,739
171731,000104,0,4083,706
171731,100704,0,4284,739
171732,040104,0,4083,706
171732,040704,0,4284,739
171733,000104,0,4083,706
171733,100704,0,4284,739
171734,040104,0,4083,706
171734,040704,0,4284,739
171735,000104,0,4083,706
171735,100704,0,4284,739
171736,040104,0,4083,706
171736,040704,0,4284,739
171737,004104,0,4034,696
171737,104704,0,4235,729
171740,000104,0,4060,702
171740,100704,0,4261,735
171741,144104,0,4060,702
171741,044704,0,4261,735
171742,040104,0,4060,702
171742,040704,0,4261,735
171743,004104,0,4060,702
171743,104704,0,4261,735
171744,000104,0,4060,702
171744,100704,0,4261,735
171745,144104,0,4060,702
171745,044704,0,4261,735
171746,040104,0,4060,702
171746,040704,0,4261,735
171747,040104,0,4011,692
171747,040704,0,4212,725
171750,040104,0,4083,706
171750,040704,0,4284,739
171751,000104,0,4083,706
171751,100704,0,4284,739
171752,040104,0,4083,706
171752,040704,0,4284,739
171753,000104,0,4083,706
171753,100704,0,4284,739
171754,040104,0,4083,706
171754,040704,0,4284,739
171755,000104,0,4083,706
171755,100704,0,4284,739
171756,040104,0,4083,706
171756,040704,0,4284,739
171757,004104,0,2149,342
171757,104704,0,2152,343
171760,000104,0,4028,693
171760,100704,0,4229,726
171761,040104,0,4028,693
171761,040704,0,4229,726
171762,000104,0,4028,693
171762,100704,0,4229,726
171763,040104,0,4028,693
171763,040704,0,4229,726
171764,000104,0,4028,693
171764,100704,0,4229,726
171765,040104,0,4028,693
171765,040704,0,4229,726
171766,000104,0,4028,693
171766,100704,0,4229,726
171767,144104,0,4028,693
171767,044704,0,4229,726
171770,004104,0,4036,696
171770,104704,0,4237,729
171771,040104,0,4036,696
171771,040704,0,4237,729
171772,144104,0,4036,696
171772,044704,0,4237,729
171773,000104,0,4036,696
171773,100704,0,4237,729
171774,004104,0,4036,696
171774,104704,0,4237,729
171775,040104,0,4036,696
171775,040704,0,4237,729
171776,144104,0,4036,696
171776,044704,0,4237,729
171777,004104,0,4036,696
171777,104704,0,4237,729
170400,041104,0,2110,337
170400,041704,0,2167,346
170401,004104,0,2110,337
170401,104704,0,2167,346
170402,003104,0,2110,337
170402,103704,0,2167,346
170403,146104,0,2110,337
170403,046704,0,2167,346
170404,041104,0,2110,337
170404,041704,0,2167,346
170405,004104,0,2110,337
170405,104704,0,2167,346
170406,003104,0,1761,282
170406,103704,0,1764,283
170407,003104,0,1761,282
170407,103704,0,1764,283
170410,003104,0,2093,338
170410,103704,0,2186,353
170411,146104,0,2093,338
170411,046704,0,2186,353
170412,041104,0,2093,338
170412,041704,0,2186,353
170413,004104,0,2093,338
170413,104704,0,2186,353
170414,003104,0,2093,338
170414,103704,0,2186,353
170415,146104,0,2093,338
170415,046704,0,2186,353
170416,041104,0,2093,338
170416,041704,0,2186,353
170417,041104,0,2093,338
170417,041704,0,2186,353
170420,041104,0,2212,361
170420,041704,0,2305,376
170421,004104,0,2212,361
170421,104704,0,2305,376
170422,003104,0,2212,361
170422,103704,0,2305,376
170423,146104,0,2212,361
170423,046704,0,2305,376
170424,041104,0,2212,361
170424,041704,0,2305,376
170425,004104,0,2212,361
170425,104704,0,2305,376
170426,003104,0,2212,361
170426,103704,0,2305,376
170427,003104,0,2136,346
170427,103704,0,2139,347
170430,041104,0,2235,365
170430,041704,0,2328,380
170431,003104,0,2235,365
170431,103704,0,2328,380
170432,041104,0,2235,365
170432,041704,0,2328,380
170433,003104,0,2235,365
170433,103704,0,2328,380
170434,041104,0,2235,365
170434,041704,0,2328,380
170435,003104,0,2235,365
170435,103704,0,2328,380
170436,041104,0,2235,365
170436,041704,0,2328,380
170437,004104,0,2186,355
170437,104704,0,2279,370
170440,003104,0,2212,361
170440,103704,0,2305,376
170441,146104,0,2212,361
170441,046704,0,2305,376
170442,041104,0,2212,361
170442,041704,0,2305,376
170443,004104,0,2212,361
170443,104704,0,2305,376
170444,003104,0,2212,361
170444,103704,0,2305,376
170445,146104,0,2212,361
170445,046704,0,2305,376
170446,041104,0,2212,361
170446,041704,0,2305,376
170447,041104,0,2163,351
170447,041704,0,2256,366
170450,041104,0,2235,365
170450,041704,0,2328,380
170451,003104,0,2235,365
170451,103704,0,2328,380
170452,041104,0,2235,365
170452,041704,0,2328,380
170453,003104,0,2235,365
170453,103704,0,2328,380
170454,041104,0,2235,365
170454,041704,0,2328,380
170455,003104,0,2235,365
170455,103704,0,2328,380
170456,041104,0,2235,365
170456,041704,0,2328,380
170457,004104,0,2140,346
170457,104704,0,2143,347
170460,003104,0,2180,352
170460,103704,0,2273,367
170461,041104,0,2180,352
170461,041704,0,2273,367
170462,003104,0,2180,352
170462,103704,0,2273,367
170463,041104,0,2180,352
170463,041704,0,2273,367
170464,003104,0,2180,352
170464,103704,0,2273,367
170465,041104,0,2180,352
170465,041704,0,2273,367
170466,003104,0,2180,352
170466,103704,0,2273,367
170467,146104,0,2180,352
170467,046704,0,2273,367
170470,004104,0,2188,355
170470,104704,0,2281,370
170471,041104,0,2188,355
170471,041704,0,2281,370
170472,146104,0,2188,355
170472,046704,0,2281,370
170473,003104,0,2188,355
170473,103704,0,2281,370
170474,004104,0,2188,355
170474,104704,0,2281,370
170475,041104,0,2188,355
170475,041704,0,2281,370
170476,146104,0,2188,355
170476,046704,0,2281,370
170477,004104,0,2188,355
170477,104704,0,2281,370
170500,041104,0,2059,328
170500,041704,0,2116,337
170501,004104,0,2059,328
170501,104704,0,2116,337
170502,003104,0,2059,328
170502,103704,0,2116,337
170503,146104,0,2059,328
170503,046704,0,2116,337
170504,041104,0,2059,328
170504,041704,0,2116,337
170505,004104,0,2059,328
170505,104704,0,2116,337
170506,003104,0,1785,285
170506,103704,0,1788,286
170507,003104,0,1785,285
170507,103704,0,1788,286
170510,003104,0,1965,317
170510,103704,0,2024,328
170511,146104,0,1965,317
170511,046704,0,2024,328
170512,041104,0,1965,317
170512,041704,0,2024,328
170513,004104,0,1965,317
170513,104704,0,2024,328
170514,003104,0,1965,317
170514,103704,0,2024,328
170515,146104,0,1965,317
170515,046704,0,2024,328
170516,041104,0,1965,317
170516,041704,0,2024,328
170517,041104,0,1965,317
170517,041704,0,2024,328
170520,041104,0,2084,340
170520,041704,0,2143,351
170521,004104,0,2084,340
170521,104704,0,2143,351
170522,003104,0,2084,340
170522,103704,0,2143,351
170523,146104,0,2084,340
170523,046704,0,2143,351
170524,041104,0,2084,340
170524,041704,0,2143,351
170525,004104,0,2084,340
170525,104704,0,2143,351
170526,003104,0,2084,340
170526,103704,0,2143,351
170527,003104,0,2025,327
170527,103704,0,2028,328
170530,041104,0,2107,344
170530,041704,0,2166,355
170531,003104,0,2107,344
170531,103704,0,2166,355
170532,041104,0,2107,344
170532,041704,0,2166,355
170533,003104,0,2107,344
170533,103704,0,2166,355
170534,041104,0,2107,344
170534,041704,0,2166,355
170535,003104,0,2107,344
170535,103704,0,2166,355
170536,041104,0,2107,344
170536,041704,0,2166,355
170537,004104,0,2058,334
170537,104704,0,2117,345
170540,003104,0,2084,340
170540,103704,0,2143,351
170541,146104,0,2084,340
170541,046704,0,2143,351
170542,041104,0,2084,340
170542,041704,0,2143,351
170543,004104,0,2084,340
170543,104704,0,2143,351
170544,003104,0,2084,340
170544,103704,0,2143,351
170545,146104,0,2084,340
170545,046704,0,2143,351
170546,041104,0,2084,340
170546,041704,0,2143,351
170547,041104,0,2035,330
170547,041704,0,2094,341
170550,041104,0,2107,344
170550,041704,0,2166,355
170551,003104,0,2107,344
170551,103704,0,2166,355
170552,041104,0,2107,344
170552,041704,0,2166,355
170553,003104,0,2107,344
170553,103704,0,2166,355
170554,041104,0,2107,344
170554,041704,0,2166,355
170555,003104,0,2107,344
170555,103704,0,2166,355
170556,041104,0,2107,344
170556,041704,0,2166,355
170557,004104,0,1891,310
170557,104704,0,1894,311
170560,003104,0,2052,331
170560,103704,0,2111,342
170561,041104,0,2052,331
170561,041704,0,2111,342
170562,003104,0,2052,331
170562,103704,0,2111,342
170563,041104,0,2052,331
170563,041704,0,2111,342
170564,003104,0,2052,331
170564,103704,0,2111,342
170565,041104,0,2052,331
170565,041704,0,2111,342
170566,003104,0,2052,331
170566,103704,0,2111,342
170567,146104,0,2052,331
170567,046704,0,2111,342
170570,004104,0,2060,334
170570,104704,0,2119,345
170571,041104,0,2060,334
170571,041704,0,2119,345
170572,146104,0,2060,334
170572,046704,0,2119,345
170573,003104,0,2060,334
170573,103704,0,2119,345
170574,004104,0,2060,334
170574,104704,0,2119,345
170575,041104,0,2060,334
170575,041704,0,2119,345
170576,146104,0,2060,334
170576,046704,0,2119,345
170577,004104,0,2060,334
170577,104704,0,2119,345
170600,041104,0,2426,389
170600,041704,0,2537,406
170601,004104,0,2426,389
170601,104704,0,2537,406
170602,003104,0,2426,389
170602,103704,0,2537,406
170603,146104,0,2426,389
170603,046704,0,2537,406
170604,041104,0,2426,389
170604,041704,0,2537,406
170605,004104,0,2426,389
170605,104704,0,2537,406
170606,003104,0,1809,288
170606,103704,0,1812,289
170607,003104,0,1809,288
170607,103704,0,1812,289
170610,003104,0,2408,392
170610,103704,0,2557,417
170611,003104,0,2408,392
170611,103704,0,2557,417
170612,003104,0,2408,392
170612,103704,0,2557,417
170613,003104,0,2408,392
170613,103704,0,2557,417
170614,003104,0,2408,392
170614,103704,0,2557,417
170615,003104,0,2408,392
170615,103704,0,2557,417
170616,003104,0,2408,392
170616,103704,0,2557,417
170617,004104,0,2408,392
170617,104704,0,2557,417
170620,041104,0,2527,415
170620,041704,0,2676,440
170621,041104,0,2527,415
170621,041704,0,2676,440
170622,041104,0,2527,415
170622,041704,0,2676,440
170623,041104,0,2527,415
170623,041704,0,2676,440
170624,041104,0,2527,415
170624,041704,0,2676,440
170625,041104,0,2527,415
170625,041704,0,2676,440
170626,041104,0,2527,415
170626,041704,0,2676,440
170627,146104,0,2423,395
170627,046704,0,2426,396
170630,003104,0,2550,419
170630,103704,0,2699,444
170631,146104,0,2550,419
170631,046704,0,2699,444
170632,041104,0,2550,419
170632,041704,0,2699,444
170633,004104,0,2550,419
170633,104704,0,2699,444
170634,003104,0,2550,419
170634,103704,0,2699,444
170635,146104,0,2550,419
170635,046704,0,2699,444
170636,041104,0,2550,419
170636,041704,0,2699,444
170637,041104,0,2501,409
170637,041704,0,2650,434
170640,041104,0,2527,415
170640,041704,0,2676,440
170641,041104,0,2527,415
170641,041704,0,2676,440
170642,041104,0,2527,415
170642,041704,0,2676,440
170643,041104,0,2527,415
170643,041704,0,2676,440
170644,041104,0,2527,415
170644,041704,0,2676,440
170645,041104,0,2527,415
170645,041704,0,2676,440
170646,041104,0,2527,415
170646,041704,0,2676,440
170647,146104,0,2478,405
170647,046704,0,2627,430
170650,003104,0,2550,419
170650,103704,0,2699,444
170651,146104,0,2550,419
170651,046704,0,2699,444
170652,041104,0,2550,419
170652,041704,0,2699,444
170653,004104,0,2550,419
170653,104704,0,2699,444
170654,003104,0,2550,419
170654,103704,0,2699,444
170655,146104,0,2550,419
170655,046704,0,2699,444
170656,041104,0,2550,419
170656,041704,0,2699,444
170657,041104,0,1915,313
170657,041704,0,1918,314
170660,004104,0,2495,406
170660,104704,0,2644,431
170661,003104,0,2495,406
170661,103704,0,2644,431
170662,146104,0,2495,406
170662,046704,0,2644,431
170663,041104,0,2495,406
170663,041704,0,2644,431
170664,004104,0,2495,406
170664,104704,0,2644,431
170665,003104,0,2495,406
170665,103704,0,2644,431
170666,146104,0,2495,406
170666,046704,0,2644,431
170667,146104,0,2495,406
170667,046704,0,2644,431
170670,041104,0,2503,409
170670,041704,0,2652,434
170671,003104,0,2503,409
170671,103704,0,2652,434
170672,041104,0,2503,409
170672,041704,0,2652,434
170673,003104,0,2503,409
170673,103704,0,2652,434
170674,041104,0,2503,409
170674,041704,0,2652,434
170675,003104,0,2503,409
170675,103704,0,2652,434
170676,041104,0,2503,409
170676,041704,0,2652,434
170677,004104,0,2503,409
170677,104704,0,2652,434
170700,146104,0,2450,392
170700,046704,0,2561,409
170701,041104,0,2450,392
170701,041704,0,2561,409
170702,004104,0,2450,392
170702,104704,0,2561,409
170703,003104,0,2450,392
170703,103704,0,2561,409
170704,146104,0,2450,392
170704,046704,0,2561,409
170705,041104,0,2450,392
170705,041704,0,2561,409
170706,004104,0,1833,291
170706,104704,0,1836,292
170707,004104,0,1833,291
170707,104704,0,1836,292
170710,004104,0,2432,395
170710,104704,0,2581,420
170711,004104,0,2432,395
170711,104704,0,2581,420
170712,004104,0,2432,395
170712,104704,0,2581,420
170713,004104,0,2432,395
170713,104704,0,2581,420
170714,004104,0,2432,395
170714,104704,0,2581,420
170715,004104,0,2432,395
170715,104704,0,2581,420
170716,004104,0,2432,395
170716,104704,0,2581,420
170717,041104,0,2432,395
170717,041704,0,2581,420
170720,146104,0,2551,418
170720,046704,0,2700,443
170721,146104,0,2551,418
170721,046704,0,2700,443
170722,146104,0,2551,418
170722,046704,0,2700,443
170723,146104,0,2551,418
170723,046704,0,2700,443
170724,146104,0,2551,418
170724,046704,0,2700,443
170725,146104,0,2551,418
170725,046704,0,2700,443
170726,146104,0,2551,418
170726,046704,0,2700,443
170727,003104,0,2447,398
170727,103704,0,2450,399
170730,004104,0,2574,422
170730,104704,0,2723,447
170731,003104,0,2574,422
170731,103704,0,2723,447
170732,146104,0,2574,422
170732,046704,0,2723,447
170733,041104,0,2574,422
170733,041704,0,2723,447
170734,004104,0,2574,422
170734,104704,0,2723,447
170735,003104,0,2574,422
170735,103704,0,2723,447
170736,146104,0,2574,422
170736,046704,0,2723,447
170737,146104,0,2525,412
170737,046704,0,2674,437
170740,146104,0,2551,418
170740,046704,0,2700,443
170741,146104,0,2551,418
170741,046704,0,2700,443
170742,146104,0,2551,418
170742,046704,0,2700,443
170743,146104,0,2551,418
170743,046704,0,2700,443
170744,146104,0,2551,418
170744,046704,0,2700,443
170745,146104,0,2551,418
170745,046704,0,2700,443
170746,146104,0,2551,418
170746,046704,0,2700,443
170747,003104,0,2502,408
170747,103704,0,2651,433
170750,004104,0,2574,422
170750,104704,0,2723,447
170751,003104,0,2574,422
170751,103704,0,2723,447
170752,146104,0,2574,422
170752,046704,0,2723,447
170753,041104,0,2574,422
170753,041704,0,2723,447
170754,004104,0,2574,422
170754,104704,0,2723,447
170755,003104,0,2574,422
170755,103704,0,2723,447
170756,146104,0,2574,422
170756,046704,0,2723,447
170757,146104,0,1939,316
170757,046704,0,1942,317
170760,041104,0,2519,409
170760,041704,0,2668,434
170761,004104,0,2519,409
170761,104704,0,2668,434
170762,003104,0,2519,409
170762,103704,0,2668,434
170763,146104,0,2519,409
170763,046704,0,2668,434
170764,041104,0,2519,409
170764,041704,0,2668,434
170765,004104,0,2519,409
170765,104704,0,2668,434
170766,003104,0,2519,409
170766,103704,0,2668,434
170767,003104,0,2519,409
170767,103704,0,2668,434
170770,146104,0,2527,412
170770,046704,0,2676,437
170771,004104,0,2527,412
170771,104704,0,2676,437
170772,146104,0,2527,412
170772,046704,0,2676,437
170773,004104,0,2527,412
170773,104704,0,2676,437
170774,146104,0,2527,412
170774,046704,0,2676,437
170775,004104,0,2527,412
170775,104704,0,2676,437
170776,146104,0,2527,412
170776,046704,0,2676,437
170777,041104,0,2527,412
170777,041704,0,2676,437
175000,000044,0,2432,386
175000,000244,0,2429,385
175001,000004,0,2405,381
175001,100204,0,2429,385
175002,000044,0,2432,386
175002,000244,0,2429,385
175003,000004,0,2405,381
175003,100204,0,2429,385
175004,000044,0,2432,386
175004,000244,0,2429,385
175005,000004,0,2405,381
175005,100204,0,2429,385
175006,000044,0,2432,386
175006,000244,0,2429,385
175007,000004,0,2405,381
175007,100204,0,2429,385
175010,000044,0,2479,395
175010,000244,0,2476,394
175011,000004,0,2452,390
175011,100204,0,2476,394
175012,000044,0,2479,395
175012,000244,0,2476,394
175013,000004,0,2452,390
175013,100204,0,2476,394
175014,000044,0,2479,395
175014,000244,0,2476,394
175015,000004,0,2452,390
175015,100204,0,2476,394
175016,000044,0,2479,395
175016,000244,0,2476,394
175017,000044,0,2479,395
175017,000244,0,2476,394
175020,000044,0,2598,418
175020,000244,0,2595,417
175021,000004,0,2571,413
175021,100204,0,2595,417
175022,000044,0,2598,418
175022,000244,0,2595,417
175023,000004,0,2571,413
175023,100204,0,2595,417
175024,000044,0,2598,418
175024,000244,0,2595,417
175025,000004,0,2571,413
175025,100204,0,2595,417
175026,000044,0,2598,418
175026,000244,0,2595,417
175027,000044,0,2567,410
175027,000244,0,2564,409
175030,000044,0,2621,422
175030,000244,0,2618,421
175031,000044,0,2621,422
175031,000244,0,2618,421
175032,000044,0,2621,422
175032,000244,0,2618,421
175033,000044,0,2621,422
175033,000244,0,2618,421
175034,000044,0,2621,422
175034,000244,0,2618,421
175035,000044,0,2621,422
175035,000244,0,2618,421
175036,000044,0,2621,422
175036,000244,0,2618,421
175037,000004,0,2545,407
175037,100204,0,2569,411
175040,000044,0,2598,418
175040,000244,0,2595,417
175041,000004,0,2571,413
175041,100204,0,2595,417
175042,000044,0,2598,418
175042,000244,0,2595,417
175043,000004,0,2571,413
175043,100204,0,2595,417
175044,000044,0,2598,418
175044,000244,0,2595,417
175045,000004,0,2571,413
175045,100204,0,2595,417
175046,000044,0,2598,418
175046,000244,0,2595,417
175047,000044,0,2549,408
175047,000244,0,2546,407
175050,000044,0,2621,422
175050,000244,0,2618,421
175051,000044,0,2621,422
175051,000244,0,2618,421
175052,000044,0,2621,422
175052,000244,0,2618,421
175053,000044,0,2621,422
175053,000244,0,2618,421
175054,000044,0,2621,422
175054,000244,0,2618,421
175055,000044,0,2621,422
175055,000244,0,2618,421
175056,000044,0,2621,422
175056,000244,0,2618,421
175057,000004,0,2566,407
175057,100204,0,2590,411
175060,000044,0,2566,409
175060,000244,0,2563,408
175061,000044,0,2566,409
175061,000244,0,2563,408
175062,000044,0,2566,409
175062,000244,0,2563,408
175063,000044,0,2566,409
175063,000244,0,2563,408
175064,000044,0,2566,409
175064,000244,0,2563,408
175065,000044,0,2566,409
175065,000244,0,2563,408
175066,000044,0,2566,409
175066,000244,0,2563,408
175067,000004,0,2539,404
175067,100204,0,2563,408
175070,000004,0,2547,407
175070,100204,0,2571,411
175071,000044,0,2574,412
175071,000244,0,2571,411
175072,000004,0,2547,407
175072,100204,0,2571,411
175073,000044,0,2574,412
175073,000244,0,2571,411
175074,000004,0,2547,407
175074,100204,0,2571,411
175075,000044,0,2574,412
175075,000244,0,2571,411
175076,000004,0,2547,407
175076,100204,0,2571,411
175077,000004,0,2547,407
175077,100204,0,2571,411
175100,000044,0,2405,381
175100,000244,0,2456,390
175101,000004,0,2405,381
175101,100204,0,2429,385
175102,000044,0,2405,381
175102,000244,0,2456,390
175103,000004,0,2405,381
175103,100204,0,2429,385
175104,000044,0,2405,381
175104,000244,0,2456,390
175105,000004,0,2405,381
175105,100204,0,2429,385
175106,000044,0,2405,381
175106,000244,0,2456,390
175107,000004,0,2405,381
175107,100204,0,2429,385
175110,000044,0,2452,390
175110,000244,0,2503,399
175111,000004,0,2452,390
175111,100204,0,2476,394
175112,000044,0,2452,390
175112,000244,0,2503,399
175113,000004,0,2452,390
175113,100204,0,2476,394
175114,000044,0,2452,390
175114,000244,0,2503,399
175115,000004,0,2452,390
175115,100204,0,2476,394
175116,000044,0,2452,390
175116,000244,0,2503,399
175117,000044,0,2452,390
175117,000244,0,2503,399
175120,000044,0,2571,413
175120,000244,0,2622,422
175121,000004,0,2571,413
175121,100204,0,2595,417
175122,000044,0,2571,413
175122,000244,0,2622,422
175123,000004,0,2571,413
175123,100204,0,2595,417
175124,000044,0,2571,413
175124,000244,0,2622,422
175125,000004,0,2571,413
175125,100204,0,2595,417
175126,000044,0,2571,413
175126,000244,0,2622,422
175127,000044,0,2540,405
175127,000244,0,2591,414
175130,000044,0,2594,417
175130,000244,0,2645,426
175131,000044,0,2594,417
175131,000244,0,2645,426
175132,000044,0,2594,417
175132,000244,0,2645,426
175133,000044,0,2594,417
175133,000244,0,2645,426
175134,000044,0,2594,417
175134,000244,0,2645,426
175135,000044,0,2594,417
175135,000244,0,2645,426
175136,000044,0,2594,417
175136,000244,0,2645,426
175137,000004,0,2545,407
175137,100204,0,2569,411
175140,000044,0,2571,413
175140,000244,0,2622,422
175141,000004,0,2571,413
175141,100204,0,2595,417
175142,000044,0,2571,413
175142,000244,0,2622,422
175143,000004,0,2571,413
175143,100204,0,2595,417
175144,000044,0,2571,413
175144,000244,0,2622,422
175145,000004,0,2571,413
175145,100204,0,2595,417
175146,000044,0,2571,413
175146,000244,0,2622,422
175147,000044,0,2522,403
175147,000244,0,2573,412
175150,000044,0,2594,417
175150,000244,0,2645,426
175151,000044,0,2594,417
175151,000244,0,2645,426
175152,000044,0,2594,417
175152,000244,0,2645,426
175153,000044,0,2594,417
175153,000244,0,2645,426
175154,000044,0,2594,417
175154,000244,0,2645,426
175155,000044,0,2594,417
175155,000244,0,2645,426
175156,000044,0,2594,417
175156,000244,0,2645,426
175157,000004,0,2566,407
175157,100204,0,2590,411
175160,000044,0,2539,404
175160,000244,0,2590,413
175161,000044,0,2539,404
175161,000244,0,2590,413
175162,000044,0,2539,404
175162,000244,0,2590,413
175163,000044,0,2539,404
175163,000244,0,2590,413
175164,000044,0,2539,404
175164,000244,0,2590,413
175165,000044,0,2539,404
175165,000244,0,2590,413
175166,000044,0,2539,404
175166,000244,0,2590,413
175167,000004,0,2539,404
175167,100204,0,2563,408
175170,000004,0,2547,407
175170,100204,0,2571,411
175171,000044,0,2547,407
175171,000244,0,2598,416
175172,000004,0,2547,407
175172,100204,0,2571,411
175173,000044,0,2547,407
175173,000244,0,2598,416
175174,000004,0,2547,407
175174,100204,0,2571,411
175175,000044,0,2547,407
175175,000244,0,2598,416
175176,000004,0,2547,407
175176,100204,0,2571,411
175177,000004,0,2547,407
175177,100204,0,2571,411
175200,000044,0,2432,386
175200,000244,0,2456,390
175201,000004,0,2432,386
175201,100204,0,2429,385
175202,000044,0,2432,386
175202,000244,0,2456,390
175203,000004,0,2432,386
175203,100204,0,2429,385
175204,000044,0,2432,386
175204,000244,0,2456,390
175205,000004,0,2432,386
175205,100204,0,2429,385
175206,000044,0,2432,386
175206,000244,0,2456,390
175207,000004,0,2432,386
175207,100204,0,2429,385
175210,000044,0,2479,395
175210,000244,0,2503,399
175211,000004,0,2479,395
175211,100204,0,2476,394
175212,000044,0,2479,395
175212,000244,0,2503,399
175213,000004,0,2479,395
175213,100204,0,2476,394
175214,000044,0,2479,395
175214,000244,0,2503,399
175215,000004,0,2479,395
175215,100204,0,2476,394
175216,000044,0,2479,395
175216,000244,0,2503,399
175217,000044,0,2479,395
175217,000244,0,2503,399
175220,000044,0,2598,418
175220,000244,0,2622,422
175221,000004,0,2598,418
175221,100204,0,2595,417
175222,000044,0,2598,418
175222,000244,0,2622,422
175223,000004,0,2598,418
175223,100204,0,2595,417
175224,000044,0,2598,418
175224,000244,0,2622,422
175225,000004,0,2598,418
175225,100204,0,2595,417
175226,000044,0,2598,418
175226,000244,0,2622,422
175227,000044,0,2567,410
175227,000244,0,2591,414
175230,000044,0,2621,422
175230,000244,0,2645,426
175231,000044,0,2621,422
175231,000244,0,2645,426
175232,000044,0,2621,422
175232,000244,0,2645,426
175233,000044,0,2621,422
175233,000244,0,2645,426
175234,000044,0,2621,422
175234,000244,0,2645,426
175235,000044,0,2621,422
175235,000244,0,2645,426
175236,000044,0,2621,422
175236,000244,0,2645,426
175237,000004,0,2572,412
175237,100204,0,2569,411
175240,000044,0,2598,418
175240,000244,0,2622,422
175241,000004,0,2598,418
175241,100204,0,2595,417
175242,000044,0,2598,418
175242,000244,0,2622,422
175243,000004,0,2598,418
175243,100204,0,2595,417
175244,000044,0,2598,418
175244,000244,0,2622,422
175245,000004,0,2598,418
175245,100204,0,2595,417
175246,000044,0,2598,418
175246,000244,0,2622,422
175247,000044,0,2549,408
175247,000244,0,2573,412
175250,000044,0,2621,422
175250,000244,0,2645,426
175251,000044,0,2621,422
175251,000244,0,2645,426
175252,000044,0,2621,422
175252,000244,0,2645,426
175253,000044,0,2621,422
175253,000244,0,2645,426
175254,000044,0,2621,422
175254,000244,0,2645,426
175255,000044,0,2621,422
175255,000244,0,2645,426
175256,000044,0,2621,422
175256,000244,0,2645,426
175257,000004,0,2593,412
175257,100204,0,2590,411
175260,000044,0,2566,409
175260,000244,0,2590,413
175261,000044,0,2566,409
175261,000244,0,2590,413
175262,000044,0,2566,409
175262,000244,0,2590,413
175263,000044,0,2566,409
175263,000244,0,2590,413
175264,000044,0,2566,409
175264,000244,0,2590,413
175265,000044,0,2566,409
175265,000244,0,2590,413
175266,000044,0,2566,409
175266,000244,0,2590,413
175267,000004,0,2566,409
175267,100204,0,2563,408
175270,000004,0,2574,412
175270,100204,0,2571,411
175271,000044,0,2574,412
175271,000244,0,2598,416
175272,000004,0,2574,412
175272,100204,0,2571,411
175273,000044,0,2574,412
175273,000244,0,2598,416
175274,000004,0,2574,412
175274,100204,0,2571,411
175275,000044,0,2574,412
175275,000244,0,2598,416
175276,000004,0,2574,412
175276,100204,0,2571,411
175277,000004,0,2574,412
175277,100204,0,2571,411
175300,000044,0,2405,381
175300,000244,0,2456,390
175301,000004,0,2432,386
175301,100204,0,2456,390
175302,000044,0,2405,381
175302,000244,0,2456,390
175303,000004,0,2432,386
175303,100204,0,2456,390
175304,000044,0,2405,381
175304,000244,0,2456,390
175305,000004,0,2432,386
175305,100204,0,2456,390
175306,000044,0,2405,381
175306,000244,0,2456,390
175307,000004,0,2432,386
175307,100204,0,2456,390
175310,000044,0,2452,390
175310,000244,0,2503,399
175311,000004,0,2479,395
175311,100204,0,2503,399
175312,000044,0,2452,390
175312,000244,0,2503,399
175313,000004,0,2479,395
175313,100204,0,2503,399
175314,000044,0,2452,390
175314,000244,0,2503,399
175315,000004,0,2479,395
175315,100204,0,2503,399
175316,000044,0,2452,390
175316,000244,0,2503,399
175317,000044,0,2452,390
175317,000244,0,2503,399
175320,000044,0,2571,413
175320,000244,0,2622,422
175321,000004,0,2598,418
175321,100204,0,2622,422
175322,000044,0,2571,413
175322,000244,0,2622,422
175323,000004,0,2598,418
175323,100204,0,2622,422
175324,000044,0,2571,413
175324,000244,0,2622,422
175325,000004,0,2598,418
175325,100204,0,2622,422
175326,000044,0,2571,413
175326,000244,0,2622,422
175327,000044,0,2540,405
175327,000244,0,2591,414
175330,000044,0,2594,417
175330,000244,0,2645,426
175331,000044,0,2594,417
175331,000244,0,2645,426
175332,000044,0,2594,417
175332,000244,0,2645,426
175333,000044,0,2594,417
175333,000244,0,2645,426
175334,000044,0,2594,417
175334,000244,0,2645,426
175335,000044,0,2594,417
175335,000244,0,2645,426
175336,000044,0,2594,417
175336,000244,0,2645,426
175337,000004,0,2572,412
175337,100204,0,2596,416
175340,000044,0,2571,413
175340,000244,0,2622,422
175341,000004,0,2598,418
175341,100204,0,2622,422
175342,000044,0,2571,413
175342,000244,0,2622,422
175343,000004,0,2598,418
175343,100204,0,2622,422
175344,000044,0,2571,413
175344,000244,0,2622,422
175345,000004,0,2598,418
175345,100204,0,2622,422
175346,000044,0,2571,413
175346,000244,0,2622,422
175347,000044,0,2522,403
175347,000244,0,2573,412
175350,000044,0,2594,417
175350,000244,0,2645,426
175351,000044,0,2594,417
175351,000244,0,2645,426
175352,000044,0,2594,417
175352,000244,0,2645,426
175353,000044,0,2594,417
175353,000244,0,2645,426
175354,000044,0,2594,417
175354,000244,0,2645,426
175355,000044,0,2594,417
175355,000244,0,2645,426
175356,000044,0,2594,417
175356,000244,0,2645,426
175357,000004,0,2593,412
175357,100204,0,2617,416
175360,000044,0,2539,404
175360,000244,0,2590,413
175361,000044,0,2539,404
175361,000244,0,2590,413
175362,000044,0,2539,404
175362,000244,0,2590,413
175363,000044,0,2539,404
175363,000244,0,2590,413
175364,000044,0,2539,404
175364,000244,0,2590,413
175365,000044,0,2539,404
175365,000244,0,2590,413
175366,000044,0,2539,404
175366,000244,0,2590,413
175367,000004,0,2566,409
175367,100204,0,2590,413
175370,000004,0,2574,412
175370,100204,0,2598,416
175371,000044,0,2547,407
175371,000244,0,2598,416
175372,000004,0,2574,412
175372,100204,0,2598,416
175373,000044,0,2547,407
175373,000244,0,2598,416
175374,000004,0,2574,412
175374,100204,0,2598,416
175375,000044,0,2547,407
175375,000244,0,2598,416
175376,000004,0,2574,412
175376,100204,0,2598,416
175377,000004,0,2574,412
175377,100204,0,2598,416
175400,000044,0,3192,562
175400,000244,0,3369,591
175401,000004,0,8183,1914
175401,100204,0,3369,591
175402,000044,0,3192,562
175402,000244,0,3369,591
175403,000004,0,8183,1914
175403,100204,0,3369,591
175404,000044,0,3192,562
175404,000244,0,3369,591
175405,000004,0,8183,1914
175405,100204,0,3369,591
175406,040044,0,3192,562
175406,040244,0,3369,591
175407,000004,0,8183,1914
175407,100204,0,3369,591
175410,000044,0,3239,571
175410,000244,0,3416,600
175411,100144,0,3305,581
175411,000344,0,3373,592
175412,000004,0,8230,1923
175412,100204,0,3416,600
175413,000104,0,3305,581
175413,100304,0,3500,612
175414,000044,0,3239,571
175414,000244,0,3416,600
175415,100144,0,3305,581
175415,000344,0,3373,592
175416,000004,0,8230,1923
175416,100204,0,3416,600
175417,100144,0,3305,581
175417,000344,0,3373,592
175420,000044,0,3358,594
175420,000244,0,3535,623
175421,100144,0,3424,604
175421,000344,0,3492,615
175422,000004,0,8349,1946
175422,100204,0,3535,623
175423,000104,0,3424,604
175423,100304,0,3619,635
175424,000044,0,3358,594
175424,000244,0,3535,623
175425,100144,0,3424,604
175425,000344,0,3492,615
175426,000004,0,8349,1946
175426,100204,0,3535,623
175427,100144,0,3348,589
175427,000344,0,3416,600
175430,100144,0,3447,608
175430,000344,0,3515,619
175431,000044,0,3381,598
175431,000244,0,3558,627
175432,000104,0,3447,608
175432,100304,0,3642,639
175433,000004,0,8372,1950
175433,100204,0,3558,627
175434,100144,0,3447,608
175434,000344,0,3515,619
175435,000044,0,3381,598
175435,000244,0,3558,627
175436,000104,0,3447,608
175436,100304,0,3642,639
175437,000044,0,3332,588
175437,000244,0,3509,617
175440,100144,0,3424,604
175440,000344,0,3492,615
175441,000004,0,8349,1946
175441,100204,0,3535,623
175442,000104,0,3424,604
175442,100304,0,3619,635
175443,000044,0,3358,594
175443,000244,0,3535,623
175444,100144,0,3424,604
175444,000344,0,3492,615
175445,000004,0,8349,1946
175445,100204,0,3535,623
175446,000104,0,3424,604
175446,100304,0,3619,635
175447,000004,0,8300,1936
175447,100204,0,3486,613
175450,100144,0,3447,608
175450,000344,0,3515,619
175451,000044,0,3381,598
175451,000244,0,3558,627
175452,000104,0,3447,608
175452,100304,0,3642,639
175453,000004,0,8372,1950
175453,100204,0,3558,627
175454,100144,0,3447,608
175454,000344,0,3515,619
175455,000044,0,3381,598
175455,000244,0,3558,627
175456,000104,0,3447,608
175456,100304,0,3642,639
175457,000044,0,3353,588
175457,000244,0,3530,617
175460,000004,0,8317,1937
175460,100204,0,3503,614
175461,100144,0,3392,595
175461,000344,0,3460,606
175462,000044,0,3326,585
175462,000244,0,3503,614
175463,000104,0,3392,595
175463,100304,0,3587,626
175464,000004,0,8317,1937
175464,100204,0,3503,614
175465,100144,0,3392,595
175465,000344,0,3460,606
175466,000044,0,3326,585
175466,000244,0,3503,614
175467,100144,0,3392,595
175467,000344,0,3460,606
175470,000044,0,3334,588
175470,000244,0,3511,617
175471,100144,0,3400,598
175471,000344,0,3468,609
175472,000004,0,8325,1940
175472,100204,0,3511,617
175473,000104,0,3400,598
175473,100304,0,3595,629
175474,000044,0,3334,588
175474,000244,0,3511,617
175475,100144,0,3400,598
175475,000344,0,3468,609
175476,000004,0,8325,1940
175476,100204,0,3511,617
175477,100144,0,3400,598
175477,000344,0,3468,609
175500,000004,0,3301,580
175500,100204,0,3369,591
175501,000044,0,3301,580
175501,000244,0,3260,573
175502,000004,0,3301,580
175502,100204,0,3369,591
175503,000044,0,3301,580
175503,000244,0,3260,573
175504,000004,0,3301,580
175504,100204,0,3369,591
175505,000044,0,3301,580
175505,000244,0,3260,573
175506,040004,0,3301,580
175506,140204,0,3369,591
175507,000044,0,3301,580
175507,000244,0,3260,573
175510,000004,0,3348,589
175510,100204,0,3416,600
175511,000104,0,3305,581
175511,100304,0,7546,1705
175512,000044,0,3348,589
175512,000244,0,3307,582
175513,100144,0,7646,1740
175513,000344,0,3500,612
175514,000004,0,3348,589
175514,100204,0,3416,600
175515,000104,0,3305,581
175515,100304,0,7546,1705
175516,000044,0,3348,589
175516,000244,0,3307,582
175517,000104,0,3305,581
175517,100304,0,7546,1705
175520,000004,0,3467,612
175520,100204,0,3535,623
175521,000104,0,3424,604
175521,100304,0,7665,1728
175522,000044,0,3467,612
175522,000244,0,3426,605
175523,100144,0,7765,1763
175523,000344,0,3619,635
175524,000004,0,3467,612
175524,100204,0,3535,623
175525,000104,0,3424,604
175525,100304,0,7665,1728
175526,000044,0,3467,612
175526,000244,0,3426,605
175527,000104,0,3348,589
175527,100304,0,7589,1713
175530,000104,0,3447,608
175530,100304,0,7688,1732
175531,000004,0,3490,616
175531,100204,0,3558,627
175532,100144,0,7788,1767
175532,000344,0,3642,639
175533,000044,0,3490,616
175533,000244,0,3449,609
175534,000104,0,3447,608
175534,100304,0,7688,1732
175535,000004,0,3490,616
175535,100204,0,3558,627
175536,100144,0,7788,1767
175536,000344,0,3642,639
175537,000004,0,3441,606
175537,100204,0,3509,617
175540,000104,0,3424,604
175540,100304,0,7665,1728
175541,000044,0,3467,612
175541,000244,0,3426,605
175542,100144,0,7765,1763
175542,000344,0,3619,635
175543,000004,0,3467,612
175543,100204,0,3535,623
175544,000104,0,3424,604
175544,100304,0,7665,1728
175545,000044,0,3467,612
175545,000244,0,3426,605
175546,100144,0,7765,1763
175546,000344,0,3619,635
175547,000044,0,3418,602
175547,000244,0,3377,595
175550,000104,0,3447,608
175550,100304,0,7688,1732
175551,000004,0,3490,616
175551,100204,0,3558,627
175552,100144,0,7788,1767
175552,000344,0,3642,639
175553,000044,0,3490,616
175553,000244,0,3449,609
175554,000104,0,3447,608
175554,100304,0,7688,1732
175555,000004,0,3490,616
175555,100204,0,3558,627
175556,100144,0,7788,1767
175556,000344,0,3642,639
175557,000004,0,3462,606
175557,100204,0,3530,617
175560,000044,0,3435,603
175560,000244,0,3394,596
175561,000104,0,3392,595
175561,100304,0,7633,1719
175562,000004,0,3435,603
175562,100204,0,3503,614
175563,100144,0,7733,1754
175563,000344,0,3587,626
175564,000044,0,3435,603
175564,000244,0,3394,596
175565,000104,0,3392,595
175565,100304,0,7633,1719
175566,000004,0,3435,603
175566,100204,0,3503,614
175567,000104,0,3392,595
175567,100304,0,7633,1719
175570,000004,0,3443,606
175570,100204,0,3511,617
175571,000104,0,3400,598
175571,100304,0,7641,1722
175572,000044,0,3443,606
175572,000244,0,3402,599
175573,100144,0,7741,1757
175573,000344,0,3595,629
175574,000004,0,3443,606
175574,100204,0,3511,617
175575,000104,0,3400,598
175575,100304,0,7641,1722
175576,000044,0,3443,606
175576,000244,0,3402,599
175577,000104,0,3400,598
175577,100304,0,7641,1722
175600,000044,0,3192,562
175600,000244,0,3260,573
175601,000004,0,3192,562
175601,100204,0,3369,591
175602,000044,0,3192,562
175602,000244,0,3260,573
175603,000004,0,3192,562
175603,100204,0,3369,591
175604,000044,0,3192,562
175604,000244,0,3260,573
175605,000004,0,3192,562
175605,100204,0,3369,591
175606,040044,0,3192,562
175606,040244,0,3260,573
175607,000004,0,3192,562
175607,100204,0,3369,591
175610,000044,0,3239,571
175610,000244,0,3307,582
175611,100144,0,3432,601
175611,000344,0,3500,612
175612,000004,0,3239,571
175612,100204,0,3416,600
175613,000104,0,3432,601
175613,100304,0,7714,1751
175614,000044,0,3239,571
175614,000244,0,3307,582
175615,100144,0,3432,601
175615,000344,0,3500,612
175616,000004,0,3239,571
175616,100204,0,3416,600
175617,100144,0,3432,601
175617,000344,0,3500,612
175620,000044,0,3358,594
175620,000244,0,3426,605
175621,100144,0,3551,624
175621,000344,0,3619,635
175622,000004,0,3358,594
175622,100204,0,3535,623
175623,000104,0,3551,624
175623,100304,0,7833,1774
175624,000044,0,3358,594
175624,000244,0,3426,605
175625,100144,0,3551,624
175625,000344,0,3619,635
175626,000004,0,3358,594
175626,100204,0,3535,623
175627,100144,0,3475,609
175627,000344,0,3543,620
175630,100144,0,3574,628
175630,000344,0,3642,639
175631,000044,0,3381,598
175631,000244,0,3449,609
175632,000104,0,3574,628
175632,100304,0,7856,1778
175633,000004,0,3381,598
175633,100204,0,3558,627
175634,100144,0,3574,628
175634,000344,0,3642,639
175635,000044,0,3381,598
175635,000244,0,3449,609
175636,000104,0,3574,628
175636,100304,0,7856,1778
175637,000044,0,3332,588
175637,000244,0,3400,599
175640,100144,0,3551,624
175640,000344,0,3619,635
175641,000004,0,3358,594
175641,100204,0,3535,623
175642,000104,0,3551,624
175642,100304,0,7833,1774
175643,000044,0,3358,594
175643,000244,0,3426,605
175644,100144,0,3551,624
175644,000344,0,3619,635
175645,000004,0,3358,594
175645,100204,0,3535,623
175646,000104,0,3551,624
175646,100304,0,7833,1774
175647,000004,0,3309,584
175647,100204,0,3486,613
175650,100144,0,3574,628
175650,000344,0,3642,639
175651,000044,0,3381,598
175651,000244,0,3449,609
175652,000104,0,3574,628
175652,100304,0,7856,1778
175653,000004,0,3381,598
175653,100204,0,3558,627
175654,100144,0,3574,628
175654,000344,0,3642,639
175655,000044,0,3381,598
175655,000244,0,3449,609
175656,000104,0,3574,628
175656,100304,0,7856,1778
175657,000044,0,3353,588
175657,000244,0,3421,599
175660,000004,0,3326,585
175660,100204,0,3503,614
175661,100144,0,3519,615
175661,000344,0,3587,626
175662,000044,0,3326,585
175662,000244,0,3394,596
175663,000104,0,3519,615
175663,100304,0,7801,1765
175664,000004,0,3326,585
175664,100204,0,3503,614
175665,100144,0,3519,615
175665,000344,0,3587,626
175666,000044,0,3326,585
175666,000244,0,3394,596
175667,100144,0,3519,615
175667,000344,0,3587,626
175670,000044,0,3334,588
175670,000244,0,3402,599
175671,100144,0,3527,618
175671,000344,0,3595,629
175672,000004,0,3334,588
175672,100204,0,3511,617
175673,000104,0,3527,618
175673,100304,0,7809,1768
175674,000044,0,3334,588
175674,000244,0,3402,599
175675,100144,0,3527,618
175675,000344,0,3595,629
175676,000004,0,3334,588
175676,100204,0,3511,617
175677,100144,0,3527,618
175677,000344,0,3595,629
175700,000004,0,3192,562
175700,100204,0,3260,573
175701,000044,0,3301,580
175701,000244,0,3260,573
175702,000004,0,3192,562
175702,100204,0,3260,573
175703,000044,0,3301,580
175703,000244,0,3260,573
175704,000004,0,3192,562
175704,100204,0,3260,573
175705,000044,0,3301,580
175705,000244,0,3260,573
175706,040004,0,3192,562
175706,140204,0,3260,573
175707,000044,0,3301,580
175707,000244,0,3260,573
175710,000004,0,3239,571
175710,100204,0,3307,582
175711,000104,0,8234,1901
175711,100304,0,3500,612
175712,000044,0,3348,589
175712,000244,0,3307,582
175713,100144,0,3305,581
175713,000344,0,3373,592
175714,000004,0,3239,571
175714,100204,0,3307,582
175715,000104,0,8234,1901
175715,100304,0,3500,612
175716,000044,0,3348,589
175716,000244,0,3307,582
175717,000104,0,8234,1901
175717,100304,0,3500,612
175720,000004,0,3358,594
175720,100204,0,3426,605
175721,000104,0,8353,1924
175721,100304,0,3619,635
175722,000044,0,3467,612
175722,000244,0,3426,605
175723,100144,0,3424,604
175723,000344,0,3492,615
175724,000004,0,3358,594
175724,100204,0,3426,605
175725,000104,0,8353,1924
175725,100304,0,3619,635
175726,000044,0,3467,612
175726,000244,0,3426,605
175727,000104,0,8277,1909
175727,100304,0,3543,620
175730,000104,0,8376,1928
175730,100304,0,3642,639
175731,000004,0,3381,598
175731,100204,0,3449,609
175732,100144,0,3447,608
175732,000344,0,3515,619
175733,000044,0,3490,616
175733,000244,0,3449,609
175734,000104,0,8376,1928
175734,100304,0,3642,639
175735,000004,0,3381,598
175735,100204,0,3449,609
175736,100144,0,3447,608
175736,000344,0,3515,619
175737,000004,0,3332,588
175737,100204,0,3400,599
175740,000104,0,8353,1924
175740,100304,0,3619,635
175741,000044,0,3467,612
175741,000244,0,3426,605
175742,100144,0,3424,604
175742,000344,0,3492,615
175743,000004,0,3358,594
175743,100204,0,3426,605
175744,000104,0,8353,1924
175744,100304,0,3619,635
175745,000044,0,3467,612
175745,000244,0,3426,605
175746,100144,0,3424,604
175746,000344,0,3492,615
175747,000044,0,3418,602
175747,000244,0,3377,595
175750,000104,0,8376,1928
175750,100304,0,3642,639
175751,000004,0,3381,598
175751,100204,0,3449,609
175752,100144,0,3447,608
175752,000344,0,3515,619
175753,000044,0,3490,616
175753,000244,0,3449,609
175754,000104,0,8376,1928
175754,100304,0,3642,639
175755,000004,0,3381,598
175755,100204,0,3449,609
175756,100144,0,3447,608
175756,000344,0,3515,619
175757,000004,0,3353,588
175757,100204,0,3421,599
175760,000044,0,3435,603
175760,000244,0,3394,596
175761,000104,0,8321,1915
175761,100304,0,3587,626
175762,000004,0,3326,585
175762,100204,0,3394,596
175763,100144,0,3392,595
175763,000344,0,3460,606
175764,000044,0,3435,603
175764,000244,0,3394,596
175765,000104,0,8321,1915
175765,100304,0,3587,626
175766,000004,0,3326,585
175766,100204,0,3394,596
175767,000104,0,8321,1915
175767,100304,0,3587,626
175770,000004,0,3334,588
175770,100204,0,3402,599
175771,000104,0,8329,1918
175771,100304,0,3595,629
175772,000044,0,3443,606
175772,000244,0,3402,599
175773,100144,0,3400,598
175773,000344,0,3468,609
175774,000004,0,3334,588
175774,100204,0,3402,599
175775,000104,0,8329,1918
175775,100304,0,3595,629
175776,000044,0,3443,606
175776,000244,0,3402,599
175777,000104,0,8329,1918
175777,100304,0,3595,629
176000,000044,0,2788,453
176000,000244,0,2859,464
176001,000004,0,2690,431
176001,100204,0,2892,468
176002,000044,0,2690,431
176002,000244,0,2788,447
176003,000004,0,2690,431
176003,100204,0,2892,468
176004,000044,0,2690,431
176004,000244,0,2788,447
176005,000004,0,2690,431
176005,100204,0,2892,468
176006,000044,0,2216,347
176006,000244,0,2240,351
176007,000044,0,2216,347
176007,000244,0,2240,351
176010,000044,0,2737,441
176010,000244,0,2799,451
176011,000004,0,2737,441
176011,100204,0,2903,472
176012,000044,0,2737,441
176012,000244,0,2799,451
176013,000004,0,2737,441
176013,100204,0,2903,472
176014,000044,0,2737,441
176014,000244,0,2799,451
176015,000004,0,2737,441
176015,100204,0,2903,472
176016,000044,0,2737,441
176016,000244,0,2799,451
176017,000044,0,2737,441
176017,000244,0,2799,451
176020,000044,0,2856,464
176020,000244,0,2918,474
176021,000004,0,2856,464
176021,100204,0,3022,495
176022,000044,0,2856,464
176022,000244,0,2918,474
176023,000004,0,2856,464
176023,100204,0,3022,495
176024,000044,0,2856,464
176024,000244,0,2918,474
176025,000004,0,2856,464
176025,100204,0,3022,495
176026,000044,0,2856,464
176026,000244,0,2918,474
176027,000044,0,2690,435
176027,000244,0,2842,459
176030,000044,0,2879,468
176030,000244,0,2941,478
176031,000044,0,2879,468
176031,000244,0,2941,478
176032,000044,0,2879,468
176032,000244,0,2941,478
176033,000044,0,2879,468
176033,000244,0,2941,478
176034,000044,0,2879,468
176034,000244,0,2941,478
176035,000044,0,2879,468
176035,000244,0,2941,478
176036,000044,0,2879,468
176036,000244,0,2941,478
176037,000004,0,2830,458
176037,100204,0,2996,489
176040,000044,0,2856,464
176040,000244,0,2918,474
176041,000004,0,2856,464
176041,100204,0,3022,495
176042,000044,0,2856,464
176042,000244,0,2918,474
176043,000004,0,2856,464
176043,100204,0,3022,495
176044,000044,0,2856,464
176044,000244,0,2918,474
176045,000004,0,2856,464
176045,100204,0,3022,495
176046,000044,0,2856,464
176046,000244,0,2918,474
176047,000044,0,2807,454
176047,000244,0,2869,464
176050,000044,0,2879,468
176050,000244,0,2941,478
176051,000044,0,2879,468
176051,000244,0,2941,478
176052,000044,0,2879,468
176052,000244,0,2941,478
176053,000044,0,2879,468
176053,000244,0,2941,478
176054,000044,0,2879,468
176054,000244,0,2941,478
176055,000044,0,2879,468
176055,000244,0,2941,478
176056,000044,0,2879,468
176056,000244,0,2941,478
176057,000004,0,2663,426
176057,100204,0,2892,466
176060,000044,0,2824,455
176060,000244,0,2886,465
176061,000044,0,2824,455
176061,000244,0,2886,465
176062,000044,0,2824,455
176062,000244,0,2886,465
176063,000044,0,2824,455
176063,000244,0,2886,465
176064,000044,0,2824,455
176064,000244,0,2886,465
176065,000044,0,2824,455
176065,000244,0,2886,465
176066,000044,0,2824,455
176066,000244,0,2886,465
176067,000004,0,2824,455
176067,100204,0,2990,486
176070,000004,0,2832,458
176070,100204,0,2998,489
176071,000044,0,2832,458
176071,000244,0,2894,468
176072,000004,0,2832,458
176072,100204,0,2998,489
176073,000044,0,2832,458
176073,000244,0,2894,468
176074,000004,0,2832,458
176074,100204,0,2998,489
176075,000044,0,2832,458
176075,000244,0,2894,468
176076,000004,0,2832,458
176076,100204,0,2998,489
176077,000004,0,2832,458
176077,100204,0,2998,489
176100,000044,0,2690,431
176100,000244,0,2761,442
176101,000004,0,2788,453
176101,100204,0,2875,468
176102,000044,0,2690,431
176102,000244,0,2761,442
176103,000004,0,2717,436
176103,100204,0,2777,446
176104,000044,0,2690,431
176104,000244,0,2761,442
176105,000004,0,2717,436
176105,100204,0,2777,446
176106,000044,0,2216,347
176106,000244,0,2240,351
176107,000044,0,2216,347
176107,000244,0,2240,351
176110,000044,0,2737,441
176110,000244,0,2772,446
176111,000004,0,2764,446
176111,100204,0,2788,450
176112,000044,0,2737,441
176112,000244,0,2772,446
176113,000004,0,2764,446
176113,100204,0,2788,450
176114,000044,0,2737,441
176114,000244,0,2772,446
176115,000004,0,2764,446
176115,100204,0,2788,450
176116,000044,0,2737,441
176116,000244,0,2772,446
176117,000044,0,2737,441
176117,000244,0,2772,446
176120,000044,0,2856,464
176120,000244,0,2891,469
176121,000004,0,2883,469
176121,100204,0,2907,473
176122,000044,0,2856,464
176122,000244,0,2891,469
176123,000004,0,2883,469
176123,100204,0,2907,473
176124,000044,0,2856,464
176124,000244,0,2891,469
176125,000004,0,2883,469
176125,100204,0,2907,473
176126,000044,0,2856,464
176126,000244,0,2891,469
176127,000044,0,2690,435
176127,000244,0,2815,454
176130,000044,0,2879,468
176130,000244,0,2914,473
176131,000044,0,2879,468
176131,000244,0,2914,473
176132,000044,0,2879,468
176132,000244,0,2914,473
176133,000044,0,2879,468
176133,000244,0,2914,473
176134,000044,0,2879,468
176134,000244,0,2914,473
176135,000044,0,2879,468
176135,000244,0,2914,473
176136,000044,0,2879,468
176136,000244,0,2914,473
176137,000004,0,2857,463
176137,100204,0,2881,467
176140,000044,0,2856,464
176140,000244,0,2891,469
176141,000004,0,2883,469
176141,100204,0,2907,473
176142,000044,0,2856,464
176142,000244,0,2891,469
176143,000004,0,2883,469
176143,100204,0,2907,473
176144,000044,0,2856,464
176144,000244,0,2891,469
176145,000004,0,2883,469
176145,100204,0,2907,473
176146,000044,0,2856,464
176146,000244,0,2891,469
176147,000044,0,2807,454
176147,000244,0,2842,459
176150,000044,0,2879,468
176150,000244,0,2914,473
176151,000044,0,2879,468
176151,000244,0,2914,473
176152,000044,0,2879,468
176152,000244,0,2914,473
176153,000044,0,2879,468
176153,000244,0,2914,473
176154,000044,0,2879,468
176154,000244,0,2914,473
176155,000044,0,2879,468
176155,000244,0,2914,473
176156,000044,0,2879,468
176156,000244,0,2914,473
176157,000004,0,2663,426
176157,100204,0,2804,449
176160,000044,0,2824,455
176160,000244,0,2859,460
176161,000044,0,2824,455
176161,000244,0,2859,460
176162,000044,0,2824,455
176162,000244,0,2859,460
176163,000044,0,2824,455
176163,000244,0,2859,460
176164,000044,0,2824,455
176164,000244,0,2859,460
176165,000044,0,2824,455
176165,000244,0,2859,460
176166,000044,0,2824,455
176166,000244,0,2859,460
176167,000004,0,2851,460
176167,100204,0,2875,464
176170,000004,0,2859,463
176170,100204,0,2883,467
176171,000044,0,2832,458
176171,000244,0,2867,463
176172,000004,0,2859,463
176172,100204,0,2883,467
176173,000044,0,2832,458
176173,000244,0,2867,463
176174,000004,0,2859,463
176174,100204,0,2883,467
176175,000044,0,2832,458
176175,000244,0,2867,463
176176,000004,0,2859,463
176176,100204,0,2883,467
176177,000004,0,2859,463
176177,100204,0,2883,467
176200,000044,0,2717,436
176200,000244,0,2788,447
176201,000004,0,2690,431
176201,100204,0,2804,451
176202,000044,0,2788,453
176202,000244,0,2859,464
176203,000004,0,2690,431
176203,100204,0,2804,451
176204,000044,0,2717,436
176204,000244,0,2788,447
176205,000004,0,2690,431
176205,100204,0,2804,451
176206,000044,0,2216,347
176206,000244,0,2240,351
176207,000044,0,2216,347
176207,000244,0,2240,351
176210,000044,0,2764,446
176210,000244,0,2799,451
176211,000004,0,2737,441
176211,100204,0,2815,455
176212,000044,0,2764,446
176212,000244,0,2799,451
176213,000004,0,2737,441
176213,100204,0,2815,455
176214,000044,0,2764,446
176214,000244,0,2799,451
176215,000004,0,2737,441
176215,100204,0,2815,455
176216,000044,0,2764,446
176216,000244,0,2799,451
176217,000044,0,2764,446
176217,000244,0,2799,451
176220,000044,0,2883,469
176220,000244,0,2918,474
176221,000004,0,2856,464
176221,100204,0,2934,478
176222,000044,0,2883,469
176222,000244,0,2918,474
176223,000004,0,2856,464
176223,100204,0,2934,478
176224,000044,0,2883,469
176224,000244,0,2918,474
176225,000004,0,2856,464
176225,100204,0,2934,478
176226,000044,0,2883,469
176226,000244,0,2918,474
176227,000044,0,2717,440
176227,000244,0,2842,459
176230,000044,0,2906,473
176230,000244,0,2941,478
176231,000044,0,2906,473
176231,000244,0,2941,478
176232,000044,0,2906,473
176232,000244,0,2941,478
176233,000044,0,2906,473
176233,000244,0,2941,478
176234,000044,0,2906,473
176234,000244,0,2941,478
176235,000044,0,2906,473
176235,000244,0,2941,478
176236,000044,0,2906,473
176236,000244,0,2941,478
176237,000004,0,2830,458
176237,100204,0,2908,472
176240,000044,0,2883,469
176240,000244,0,2918,474
176241,000004,0,2856,464
176241,100204,0,2934,478
176242,000044,0,2883,469
176242,000244,0,2918,474
176243,000004,0,2856,464
176243,100204,0,2934,478
176244,000044,0,2883,469
176244,000244,0,2918,474
176245,000004,0,2856,464
176245,100204,0,2934,478
176246,000044,0,2883,469
176246,000244,0,2918,474
176247,000044,0,2834,459
176247,000244,0,2869,464
176250,000044,0,2906,473
176250,000244,0,2941,478
176251,000044,0,2906,473
176251,000244,0,2941,478
176252,000044,0,2906,473
176252,000244,0,2941,478
176253,000044,0,2906,473
176253,000244,0,2941,478
176254,000044,0,2906,473
176254,000244,0,2941,478
176255,000044,0,2906,473
176255,000244,0,2941,478
176256,000044,0,2906,473
176256,000244,0,2941,478
176257,000004,0,2663,426
176257,100204,0,2804,449
176260,000044,0,2851,460
176260,000244,0,2886,465
176261,000044,0,2851,460
176261,000244,0,2886,465
176262,000044,0,2851,460
176262,000244,0,2886,465
176263,000044,0,2851,460
176263,000244,0,2886,465
176264,000044,0,2851,460
176264,000244,0,2886,465
176265,000044,0,2851,460
176265,000244,0,2886,465
176266,000044,0,2851,460
176266,000244,0,2886,465
176267,000004,0,2824,455
176267,100204,0,2902,469
176270,000004,0,2832,458
176270,100204,0,2910,472
176271,000044,0,2859,463
176271,000244,0,2894,468
176272,000004,0,2832,458
176272,100204,0,2910,472
176273,000044,0,2859,463
176273,000244,0,2894,468
176274,000004,0,2832,458
176274,100204,0,2910,472
176275,000044,0,2859,463
176275,000244,0,2894,468
176276,000004,0,2832,458
176276,100204,0,2910,472
176277,000004,0,2832,458
176277,100204,0,2910,472
176300,000044,0,2717,436
176300,000244,0,2761,442
176301,000004,0,2717,436
176301,100204,0,2804,451
176302,000044,0,2717,436
176302,000244,0,2761,442
176303,000004,0,2788,453
176303,100204,0,2875,468
176304,000044,0,2717,436
176304,000244,0,2761,442
176305,000004,0,2717,436
176305,100204,0,2804,451
176306,000044,0,2216,347
176306,000244,0,2240,351
176307,000044,0,2216,347
176307,000244,0,2240,351
176310,000044,0,2764,446
176310,000244,0,2772,446
176311,000004,0,2764,446
176311,100204,0,2815,455
176312,000044,0,2764,446
176312,000244,0,2772,446
176313,000004,0,2764,446
176313,100204,0,2815,455
176314,000044,0,2764,446
176314,000244,0,2772,446
176315,000004,0,2764,446
176315,100204,0,2815,455
176316,000044,0,2764,446
176316,000244,0,2772,446
176317,000044,0,2764,446
176317,000244,0,2772,446
176320,000044,0,2883,469
176320,000244,0,2891,469
176321,000004,0,2883,469
176321,100204,0,2934,478
176322,000044,0,2883,469
176322,000244,0,2891,469
176323,000004,0,2883,469
176323,100204,0,2934,478
176324,000044,0,2883,469
176324,000244,0,2891,469
176325,000004,0,2883,469
176325,100204,0,2934,478
176326,000044,0,2883,469
176326,000244,0,2891,469
176327,000044,0,2717,440
176327,000244,0,2815,454
176330,000044,0,2906,473
176330,000244,0,2914,473
176331,000044,0,2906,473
176331,000244,0,2914,473
176332,000044,0,2906,473
176332,000244,0,2914,473
176333,000044,0,2906,473
176333,000244,0,2914,473
176334,000044,0,2906,473
176334,000244,0,2914,473
176335,000044,0,2906,473
176335,000244,0,2914,473
176336,000044,0,2906,473
176336,000244,0,2914,473
176337,000004,0,2857,463
176337,100204,0,2908,472
176340,000044,0,2883,469
176340,000244,0,2891,469
176341,000004,0,2883,469
176341,100204,0,2934,478
176342,000044,0,2883,469
176342,000244,0,2891,469
176343,000004,0,2883,469
176343,100204,0,2934,478
176344,000044,0,2883,469
176344,000244,0,2891,469
176345,000004,0,2883,469
176345,100204,0,2934,478
176346,000044,0,2883,469
176346,000244,0,2891,469
176347,000044,0,2834,459
176347,000244,0,2842,459
176350,000044,0,2906,473
176350,000244,0,2914,473
176351,000044,0,2906,473
176351,000244,0,2914,473
176352,000044,0,2906,473
176352,000244,0,2914,473
176353,000044,0,2906,473
176353,000244,0,2914,473
176354,000044,0,2906,473
176354,000244,0,2914,473
176355,000044,0,2906,473
176355,000244,0,2914,473
176356,000044,0,2906,473
176356,000244,0,2914,473
176357,000004,0,2663,426
176357,100204,0,2804,449
176360,000044,0,2851,460
176360,000244,0,2859,460
176361,000044,0,2851,460
176361,000244,0,2859,460
176362,000044,0,2851,460
176362,000244,0,2859,460
176363,000044,0,2851,460
176363,000244,0,2859,460
176364,000044,0,2851,460
176364,000244,0,2859,460
176365,000044,0,2851,460
176365,000244,0,2859,460
176366,000044,0,2851,460
176366,000244,0,2859,460
176367,000004,0,2851,460
176367,100204,0,2902,469
176370,000004,0,2859,463
176370,100204,0,2910,472
176371,000044,0,2859,463
176371,000244,0,2867,463
176372,000004,0,2859,463
176372,100204,0,2910,472
176373,000044,0,2859,463
176373,000244,0,2867,463
176374,000004,0,2859,463
176374,100204,0,2910,472
176375,000044,0,2859,463
176375,000244,0,2867,463
176376,000004,0,2859,463
176376,100204,0,2910,472
176377,000004,0,2859,463
176377,100204,0,2910,472
176400,000044,0,2885,460
176400,000244,0,3042,483
176401,000004,0,2885,460
176401,100204,0,3035,482
176402,000044,0,2885,460
176402,000244,0,3042,483
176403,000004,0,2885,460
176403,100204,0,3035,482
176404,000044,0,2885,460
176404,000244,0,3042,483
176405,000004,0,2885,460
176405,100204,0,3035,482
176406,000044,0,2885,460
176406,000244,0,3035,482
176407,000004,0,2885,460
176407,100204,0,3035,482
176410,000044,0,2920,465
176410,000244,0,3077,488
176411,000004,0,2920,465
176411,100204,0,3070,487
176412,000044,0,2920,465
176412,000244,0,3077,488
176413,000004,0,2920,465
176413,100204,0,3070,487
176414,000044,0,2920,465
176414,000244,0,3077,488
176415,000004,0,2920,465
176415,100204,0,3070,487
176416,000044,0,2920,465
176416,000244,0,3077,488
176417,000044,0,2920,465
176417,000244,0,3077,488
176420,000044,0,3039,488
176420,000244,0,3196,511
176421,000004,0,3039,488
176421,100204,0,3189,510
176422,000044,0,3039,488
176422,000244,0,3196,511
176423,000004,0,3039,488
176423,100204,0,3189,510
176424,000044,0,3039,488
176424,000244,0,3196,511
176425,000004,0,3039,488
176425,100204,0,3189,510
176426,000044,0,3039,488
176426,000244,0,3196,511
176427,000044,0,3008,480
176427,000244,0,3165,503
176430,000044,0,3062,492
176430,000244,0,3219,515
176431,000044,0,3062,492
176431,000244,0,3219,515
176432,000044,0,3062,492
176432,000244,0,3219,515
176433,000044,0,3062,492
176433,000244,0,3219,515
176434,000044,0,3062,492
176434,000244,0,3219,515
176435,000044,0,3062,492
176435,000244,0,3219,515
176436,000044,0,3062,492
176436,000244,0,3219,515
176437,000004,0,3013,482
176437,100204,0,3163,504
176440,000044,0,3039,488
176440,000244,0,3196,511
176441,000004,0,3039,488
176441,100204,0,3189,510
176442,000044,0,3039,488
176442,000244,0,3196,511
176443,000004,0,3039,488
176443,100204,0,3189,510
176444,000044,0,3039,488
176444,000244,0,3196,511
176445,000004,0,3039,488
176445,100204,0,3189,510
176446,000044,0,3039,488
176446,000244,0,3196,511
176447,000044,0,2997,479
176447,000244,0,3147,501
176450,000044,0,3062,492
176450,000244,0,3219,515
176451,000044,0,3062,492
176451,000244,0,3219,515
176452,000044,0,3062,492
176452,000244,0,3219,515
176453,000044,0,3062,492
176453,000244,0,3219,515
176454,000044,0,3062,492
176454,000244,0,3219,515
176455,000044,0,3062,492
176455,000244,0,3219,515
176456,000044,0,3062,492
176456,000244,0,3219,515
176457,000004,0,2330,371
176457,100204,0,2354,375
176460,000044,0,3007,479
176460,000244,0,3164,502
176461,000044,0,3007,479
176461,000244,0,3164,502
176462,000044,0,3007,479
176462,000244,0,3164,502
176463,000044,0,3007,479
176463,000244,0,3164,502
176464,000044,0,3007,479
176464,000244,0,3164,502
176465,000044,0,3007,479
176465,000244,0,3164,502
176466,000044,0,3007,479
176466,000244,0,3164,502
176467,000004,0,3007,479
176467,100204,0,3157,501
176470,000004,0,3015,482
176470,100204,0,3165,504
176471,000044,0,3015,482
176471,000244,0,3172,505
176472,000004,0,3015,482
176472,100204,0,3165,504
176473,000044,0,3015,482
176473,000244,0,3172,505
176474,000004,0,3015,482
176474,100204,0,3165,504
176475,000044,0,3015,482
176475,000244,0,3172,505
176476,000004,0,3015,482
176476,100204,0,3165,504
176477,000004,0,3015,482
176477,100204,0,3165,504
176500,000044,0,2885,460
176500,000244,0,3042,483
176501,000004,0,2885,460
176501,100204,0,3035,482
176502,000044,0,2885,460
176502,000244,0,3042,483
176503,000004,0,2885,460
176503,100204,0,3035,482
176504,000044,0,2885,460
176504,000244,0,3042,483
176505,000004,0,2885,460
176505,100204,0,3035,482
176506,000044,0,2885,460
176506,000244,0,3035,482
176507,000004,0,2885,460
176507,100204,0,3035,482
176510,000044,0,2920,465
176510,000244,0,3077,488
176511,000004,0,2920,465
176511,100204,0,3070,487
176512,000044,0,2920,465
176512,000244,0,3077,488
176513,000004,0,2920,465
176513,100204,0,3070,487
176514,000044,0,2920,465
176514,000244,0,3077,488
176515,000004,0,2920,465
176515,100204,0,3070,487
176516,000044,0,2920,465
176516,000244,0,3077,488
176517,000044,0,2920,465
176517,000244,0,3077,488
176520,000044,0,3039,488
176520,000244,0,3196,511
176521,000004,0,3039,488
176521,100204,0,3189,510
176522,000044,0,3039,488
176522,000244,0,3196,511
176523,000004,0,3039,488
176523,100204,0,3189,510
176524,000044,0,3039,488
176524,000244,0,3196,511
176525,000004,0,3039,488
176525,100204,0,3189,510
176526,000044,0,3039,488
176526,000244,0,3196,511
176527,000044,0,3008,480
176527,000244,0,3165,503
176530,000044,0,3062,492
176530,000244,0,3219,515
176531,000044,0,3062,492
176531,000244,0,3219,515
176532,000044,0,3062,492
176532,000244,0,3219,515
176533,000044,0,3062,492
176533,000244,0,3219,515
176534,000044,0,3062,492
176534,000244,0,3219,515
176535,000044,0,3062,492
176535,000244,0,3219,515
176536,000044,0,3062,492
176536,000244,0,3219,515
176537,000004,0,3013,482
176537,100204,0,3163,504
176540,000044,0,3039,488
176540,000244,0,3196,511
176541,000004,0,3039,488
176541,100204,0,3189,510
176542,000044,0,3039,488
176542,000244,0,3196,511
176543,000004,0,3039,488
176543,100204,0,3189,510
176544,000044,0,3039,488
176544,000244,0,3196,511
176545,000004,0,3039,488
176545,100204,0,3189,510
176546,000044,0,3039,488
176546,000244,0,3196,511
176547,000044,0,2997,479
176547,000244,0,3147,501
176550,000044,0,3062,492
176550,000244,0,3219,515
176551,000044,0,3062,492
176551,000244,0,3219,515
176552,000044,0,3062,492
176552,000244,0,3219,515
176553,000044,0,3062,492
176553,000244,0,3219,515
176554,000044,0,3062,492
176554,000244,0,3219,515
176555,000044,0,3062,492
176555,000244,0,3219,515
176556,000044,0,3062,492
176556,000244,0,3219,515
176557,000004,0,2330,371
176557,100204,0,2354,375
176560,000044,0,3007,479
176560,000244,0,3164,502
176561,000044,0,3007,479
176561,000244,0,3164,502
176562,000044,0,3007,479
176562,000244,0,3164,502
176563,000044,0,3007,479
176563,000244,0,3164,502
176564,000044,0,3007,479
176564,000244,0,3164,502
176565,000044,0,3007,479
176565,000244,0,3164,502
176566,000044,0,3007,479
176566,000244,0,3164,502
176567,000004,0,3007,479
176567,100204,0,3157,501
176570,000004,0,3015,482
176570,100204,0,3165,504
176571,000044,0,3015,482
176571,000244,0,3172,505
176572,000004,0,3015,482
176572,100204,0,3165,504
176573,000044,0,3015,482
176573,000244,0,3172,505
176574,000004,0,3015,482
176574,100204,0,3165,504
176575,000044,0,3015,482
176575,000244,0,3172,505
176576,000004,0,3015,482
176576,100204,0,3165,504
176577,000004,0,3015,482
176577,100204,0,3165,504
176600,000044,0,2885,460
176600,000244,0,3042,483
176601,000004,0,2885,460
176601,100204,0,3035,482
176602,000044,0,2885,460
176602,000244,0,3042,483
176603,000004,0,2885,460
176603,100204,0,3035,482
176604,000044,0,2885,460
176604,000244,0,3042,483
176605,000004,0,2885,460
176605,100204,0,3035,482
176606,000044,0,2885,460
176606,000244,0,3035,482
176607,000004,0,2885,460
176607,100204,0,3035,482
176610,000044,0,2920,465
176610,000244,0,3077,488
176611,000004,0,2920,465
176611,100204,0,3070,487
176612,000044,0,2920,465
176612,000244,0,3077,488
176613,000004,0,2920,465
176613,100204,0,3070,487
176614,000044,0,2920,465
176614,000244,0,3077,488
176615,000004,0,2920,465
176615,100204,0,3070,487
176616,000044,0,2920,465
176616,000244,0,3077,488
176617,000044,0,2920,465
176617,000244,0,3077,488
176620,000044,0,3039,488
176620,000244,0,3196,511
176621,000004,0,3039,488
176621,100204,0,3189,510
176622,000044,0,3039,488
176622,000244,0,3196,511
176623,000004,0,3039,488
176623,100204,0,3189,510
176624,000044,0,3039,488
176624,000244,0,3196,511
176625,000004,0,3039,488
176625,100204,0,3189,510
176626,000044,0,3039,488
176626,000244,0,3196,511
176627,000044,0,3008,480
176627,000244,0,3165,503
176630,000044,0,3062,492
176630,000244,0,3219,515
176631,000044,0,3062,492
176631,000244,0,3219,515
176632,000044,0,3062,492
176632,000244,0,3219,515
176633,000044,0,3062,492
176633,000244,0,3219,515
176634,000044,0,3062,492
176634,000244,0,3219,515
176635,000044,0,3062,492
176635,000244,0,3219,515
176636,000044,0,3062,492
176636,000244,0,3219,515
176637,000004,0,3013,482
176637,100204,0,3163,504
176640,000044,0,3039,488
176640,000244,0,3196,511
176641,000004,0,3039,488
176641,100204,0,3189,510
176642,000044,0,3039,488
176642,000244,0,3196,511
176643,000004,0,3039,488
176643,100204,0,3189,510
176644,000044,0,3039,488
176644,000244,0,3196,511
176645,000004,0,3039,488
176645,100204,0,3189,510
176646,000044,0,3039,488
176646,000244,0,3196,511
176647,000044,0,2997,479
176647,000244,0,3147,501
176650,000044,0,3062,492
176650,000244,0,3219,515
176651,000044,0,3062,492
176651,000244,0,3219,515
176652,000044,0,3062,492
176652,000244,0,3219,515
176653,000044,0,3062,492
176653,000244,0,3219,515
176654,000044,0,3062,492
176654,000244,0,3219,515
176655,000044,0,3062,492
176655,000244,0,3219,515
176656,000044,0,3062,492
176656,000244,0,3219,515
176657,000004,0,2330,371
176657,100204,0,2354,375
176660,000044,0,3007,479
176660,000244,0,3164,502
176661,000044,0,3007,479
176661,000244,0,3164,502
176662,000044,0,3007,479
176662,000244,0,3164,502
176663,000044,0,3007,479
176663,000244,0,3164,502
176664,000044,0,3007,479
176664,000244,0,3164,502
176665,000044,0,3007,479
176665,000244,0,3164,502
176666,000044,0,3007,479
176666,000244,0,3164,502
176667,000004,0,3007,479
176667,100204,0,3157,501
176670,000004,0,3015,482
176670,100204,0,3165,504
176671,000044,0,3015,482
176671,000244,0,3172,505
176672,000004,0,3015,482
176672,100204,0,3165,504
176673,000044,0,3015,482
176673,000244,0,3172,505
176674,000004,0,3015,482
176674,100204,0,3165,504
176675,000044,0,3015,482
176675,000244,0,3172,505
176676,000004,0,3015,482
176676,100204,0,3165,504
176677,000004,0,3015,482
176677,100204,0,3165,504
176700,000044,0,2885,460
176700,000244,0,3042,483
176701,000004,0,2885,460
176701,100204,0,3035,482
176702,000044,0,2885,460
176702,000244,0,3042,483
176703,000004,0,2885,460
176703,100204,0,3035,482
176704,000044,0,2885,460
176704,000244,0,3042,483
176705,000004,0,2885,460
176705,100204,0,3035,482
176706,000044,0,2885,460
176706,000244,0,3035,482
176707,000004,0,2885,460
176707,100204,0,3035,482
176710,000044,0,2920,465
176710,000244,0,3077,488
176711,000004,0,2920,465
176711,100204,0,3070,487
176712,000044,0,2920,465
176712,000244,0,3077,488
176713,000004,0,2920,465
176713,100204,0,3070,487
176714,000044,0,2920,465
176714,000244,0,3077,488
176715,000004,0,2920,465
176715,100204,0,3070,487
176716,000044,0,2920,465
176716,000244,0,3077,488
176717,000044,0,2920,465
176717,000244,0,3077,488
176720,000044,0,3039,488
176720,000244,0,3196,511
176721,000004,0,3039,488
176721,100204,0,3189,510
176722,000044,0,3039,488
176722,000244,0,3196,511
176723,000004,0,3039,488
176723,100204,0,3189,510
176724,000044,0,3039,488
176724,000244,0,3196,511
176725,000004,0,3039,488
176725,100204,0,3189,510
176726,000044,0,3039,488
176726,000244,0,3196,511
176727,000044,0,3008,480
176727,000244,0,3165,503
176730,000044,0,3062,492
176730,000244,0,3219,515
176731,000044,0,3062,492
176731,000244,0,3219,515
176732,000044,0,3062,492
176732,000244,0,3219,515
176733,000044,0,3062,492
176733,000244,0,3219,515
176734,000044,0,3062,492
176734,000244,0,3219,515
176735,000044,0,3062,492
176735,000244,0,3219,515
176736,000044,0,3062,492
176736,000244,0,3219,515
176737,000004,0,3013,482
176737,100204,0,3163,504
176740,000044,0,3039,488
176740,000244,0,3196,511
176741,000004,0,3039,488
176741,100204,0,3189,510
176742,000044,0,3039,488
176742,000244,0,3196,511
176743,000004,0,3039,488
176743,100204,0,3189,510
176744,000044,0,3039,488
176744,000244,0,3196,511
176745,000004,0,3039,488
176745,100204,0,3189,510
176746,000044,0,3039,488
176746,000244,0,3196,511
176747,000044,0,2997,479
176747,000244,0,3147,501
176750,000044,0,3062,492
176750,000244,0,3219,515
176751,000044,0,3062,492
176751,000244,0,3219,515
176752,000044,0,3062,492
176752,000244,0,3219,515
176753,000044,0,3062,492
176753,000244,0,3219,515
176754,000044,0,3062,492
176754,000244,0,3219,515
176755,000044,0,3062,492
176755,000244,0,3219,515
176756,000044,0,3062,492
176756,000244,0,3219,515
176757,000004,0,2330,371
176757,100204,0,2354,375
176760,000044,0,3007,479
176760,000244,0,3164,502
176761,000044,0,3007,479
176761,000244,0,3164,502
176762,000044,0,3007,479
176762,000244,0,3164,502
176763,000044,0,3007,479
176763,000244,0,3164,502
176764,000044,0,3007,479
176764,000244,0,3164,502
176765,000044,0,3007,479
176765,000244,0,3164,502
176766,000044,0,3007,479
176766,000244,0,3164,502
176767,000004,0,3007,479
176767,100204,0,3157,501
176770,000004,0,3015,482
176770,100204,0,3165,504
176771,000044,0,3015,482
176771,000244,0,3172,505
176772,000004,0,3015,482
176772,100204,0,3165,504
176773,000044,0,3015,482
176773,000244,0,3172,505
176774,000004,0,3015,482
176774,100204,0,3165,504
176775,000044,0,3015,482
176775,000244,0,3172,505
176776,000004,0,3015,482
176776,100204,0,3165,504
176777,000004,0,3015,482
176777,100204,0,3165,504
177000,000044,0,3789,693
177000,000244,0,3965,727
177001,000004,0,4053,755
177001,100204,0,3925,715
177002,000044,0,3789,693
177002,000244,0,3965,727
177003,000004,0,4053,755
177003,100204,0,3925,715
177004,000044,0,3789,693
177004,000244,0,3965,727
177005,000004,0,4053,755
177005,100204,0,3925,715
177006,000044,0,3789,693
177006,000244,0,3970,731
177007,000004,0,4362,833
177007,100204,0,4440,845
177010,000044,0,3824,698
177010,000244,0,4000,732
177011,100144,0,4098,758
177011,000344,0,4181,774
177012,000004,0,4088,760
177012,100204,0,3960,720
177013,000104,0,4112,755
177013,100304,0,4543,858
177014,000044,0,3824,698
177014,000244,0,4000,732
177015,100144,0,4098,758
177015,000344,0,4181,774
177016,000004,0,4088,760
177016,100204,0,3960,720
177017,100144,0,4098,758
177017,000344,0,4181,774
177020,000044,0,3943,721
177020,000244,0,4119,755
177021,100144,0,4217,781
177021,000344,0,4300,797
177022,000004,0,4207,783
177022,100204,0,4079,743
177023,000104,0,4231,778
177023,100304,0,4662,881
177024,000044,0,3943,721
177024,000244,0,4119,755
177025,100144,0,4217,781
177025,000344,0,4300,797
177026,000004,0,4207,783
177026,100204,0,4079,743
177027,100144,0,4158,768
177027,000344,0,4241,784
177030,100144,0,4240,785
177030,000344,0,4323,801
177031,000044,0,3966,725
177031,000244,0,4142,759
177032,000104,0,4254,782
177032,100304,0,4685,885
177033,000004,0,4230,787
177033,100204,0,4102,747
177034,100144,0,4240,785
177034,000344,0,4323,801
177035,000044,0,3966,725
177035,000244,0,4142,759
177036,000104,0,4254,782
177036,100304,0,4685,885
177037,000044,0,3917,715
177037,000244,0,4093,749
177040,100144,0,4217,781
177040,000344,0,4300,797
177041,000004,0,4207,783
177041,100204,0,4079,743
177042,000104,0,4231,778
177042,100304,0,4662,881
177043,000044,0,3943,721
177043,000244,0,4119,755
177044,100144,0,4217,781
177044,000344,0,4300,797
177045,000004,0,4207,783
177045,100204,0,4079,743
177046,000104,0,4231,778
177046,100304,0,4662,881
177047,000004,0,4668,899
177047,100204,0,4746,911
177050,100144,0,4240,785
177050,000344,0,4323,801
177051,000044,0,3966,725
177051,000244,0,4142,759
177052,000104,0,4254,782
177052,100304,0,4685,885
177053,000004,0,4230,787
177053,100204,0,4102,747
177054,100144,0,4240,785
177054,000344,0,4323,801
177055,000044,0,3966,725
177055,000244,0,4142,759
177056,000104,0,4254,782
177056,100304,0,4685,885
177057,000044,0,2359,376
177057,000244,0,2383,380
177060,000004,0,4175,774
177060,100204,0,4047,734
177061,100144,0,4185,772
177061,000344,0,4268,788
177062,000044,0,3911,712
177062,000244,0,4087,746
177063,000104,0,4199,769
177063,100304,0,4630,872
177064,000004,0,4175,774
177064,100204,0,4047,734
177065,100144,0,4185,772
177065,000344,0,4268,788
177066,000044,0,3911,712
177066,000244,0,4087,746
177067,100144,0,4185,772
177067,000344,0,4268,788
177070,000044,0,3919,715
177070,000244,0,4095,749
177071,100144,0,4193,775
177071,000344,0,4276,791
177072,000004,0,4183,777
177072,100204,0,4055,737
177073,000104,0,4207,772
177073,100304,0,4638,875
177074,000044,0,3919,715
177074,000244,0,4095,749
177075,100144,0,4193,775
177075,000344,0,4276,791
177076,000004,0,4183,777
177076,100204,0,4055,737
177077,100144,0,4193,775
177077,000344,0,4276,791
177100,000004,0,4053,755
177100,100204,0,3925,715
177101,000044,0,3789,693
177101,000244,0,3965,727
177102,000004,0,4053,755
177102,100204,0,3925,715
177103,000044,0,3789,693
177103,000244,0,3965,727
177104,000004,0,4053,755
177104,100204,0,3925,715
177105,000044,0,3789,693
177105,000244,0,3965,727
177106,000004,0,3950,729
177106,100204,0,3925,715
177107,000044,0,4304,823
177107,000244,0,4382,835
177110,000004,0,4088,760
177110,100204,0,3960,720
177111,000104,0,4112,755
177111,100304,0,4543,858
177112,000044,0,3824,698
177112,000244,0,4000,732
177113,100144,0,4098,758
177113,000344,0,4181,774
177114,000004,0,4088,760
177114,100204,0,3960,720
177115,000104,0,4112,755
177115,100304,0,4543,858
177116,000044,0,3824,698
177116,000244,0,4000,732
177117,000104,0,4112,755
177117,100304,0,4543,858
177120,000004,0,4207,783
177120,100204,0,4079,743
177121,000104,0,4231,778
177121,100304,0,4662,881
177122,000044,0,3943,721
177122,000244,0,4119,755
177123,100144,0,4217,781
177123,000344,0,4300,797
177124,000004,0,4207,783
177124,100204,0,4079,743
177125,000104,0,4231,778
177125,100304,0,4662,881
177126,000044,0,3943,721
177126,000244,0,4119,755
177127,000104,0,4113,752
177127,100304,0,4603,868
177130,000104,0,4254,782
177130,100304,0,4685,885
177131,000004,0,4230,787
177131,100204,0,4102,747
177132,100144,0,4240,785
177132,000344,0,4323,801
177133,000044,0,3966,725
177133,000244,0,4142,759
177134,000104,0,4254,782
177134,100304,0,4685,885
177135,000004,0,4230,787
177135,100204,0,4102,747
177136,100144,0,4240,785
177136,000344,0,4323,801
177137,000004,0,4181,777
177137,100204,0,4053,737
177140,000104,0,4231,778
177140,100304,0,4662,881
177141,000044,0,3943,721
177141,000244,0,4119,755
177142,100144,0,4217,781
177142,000344,0,4300,797
177143,000004,0,4207,783
177143,100204,0,4079,743
177144,000104,0,4231,778
177144,100304,0,4662,881
177145,000044,0,3943,721
177145,000244,0,4119,755
177146,100144,0,4217,781
177146,000344,0,4300,797
177147,000044,0,4610,889
177147,000244,0,4688,901
177150,000104,0,4254,782
177150,100304,0,4685,885
177151,000004,0,4230,787
177151,100204,0,4102,747
177152,100144,0,4240,785
177152,000344,0,4323,801
177153,000044,0,3966,725
177153,000244,0,4142,759
177154,000104,0,4254,782
177154,100304,0,4685,885
177155,000004,0,4230,787
177155,100204,0,4102,747
177156,100144,0,4240,785
177156,000344,0,4323,801
177157,000004,0,2359,376
177157,100204,0,2383,380
177160,000044,0,3911,712
177160,000244,0,4087,746
177161,000104,0,4199,769
177161,100304,0,4630,872
177162,000004,0,4175,774
177162,100204,0,4047,734
177163,100144,0,4185,772
177163,000344,0,4268,788
177164,000044,0,3911,712
177164,000244,0,4087,746
177165,000104,0,4199,769
177165,100304,0,4630,872
177166,000004,0,4175,774
177166,100204,0,4047,734
177167,000104,0,4199,769
177167,100304,0,4630,872
177170,000004,0,4183,777
177170,100204,0,4055,737
177171,000104,0,4207,772
177171,100304,0,4638,875
177172,000044,0,3919,715
177172,000244,0,4095,749
177173,100144,0,4193,775
177173,000344,0,4276,791
177174,000004,0,4183,777
177174,100204,0,4055,737
177175,000104,0,4207,772
177175,100304,0,4638,875
177176,000044,0,3919,715
177176,000244,0,4095,749
177177,000104,0,4207,772
177177,100304,0,4638,875
177200,000044,0,3789,693
177200,000244,0,3965,727
177201,000004,0,4053,755
177201,100204,0,3925,715
177202,000044,0,3789,693
177202,000244,0,3965,727
177203,000004,0,4053,755
177203,100204,0,3925,715
177204,000044,0,3789,693
177204,000244,0,3965,727
177205,000004,0,4053,755
177205,100204,0,3925,715
177206,000044,0,3789,693
177206,000244,0,3970,731
177207,000004,0,4362,833
177207,100204,0,4440,845
177210,000044,0,3824,698
177210,000244,0,4000,732
177211,100144,0,4098,758
177211,000344,0,4181,774
177212,000004,0,4088,760
177212,100204,0,3960,720
177213,000104,0,4112,755
177213,100304,0,4543,858
177214,000044,0,3824,698
177214,000244,0,4000,732
177215,100144,0,4098,758
177215,000344,0,4181,774
177216,000004,0,4088,760
177216,100204,0,3960,720
177217,100144,0,4098,758
177217,000344,0,4181,774
177220,000044,0,3943,721
177220,000244,0,4119,755
177221,100144,0,4217,781
177221,000344,0,4300,797
177222,000004,0,4207,783
177222,100204,0,4079,743
177223,000104,0,4231,778
177223,100304,0,4662,881
177224,000044,0,3943,721
177224,000244,0,4119,755
177225,100144,0,4217,781
177225,000344,0,4300,797
177226,000004,0,4207,783
177226,100204,0,4079,743
177227,100144,0,4158,768
177227,000344,0,4241,784
177230,100144,0,4240,785
177230,000344,0,4323,801
177231,000044,0,3966,725
177231,000244,0,4142,759
177232,000104,0,4254,782
177232,100304,0,4685,885
177233,000004,0,4230,787
177233,100204,0,4102,747
177234,100144,0,4240,785
177234,000344,0,4323,801
177235,000044,0,3966,725
177235,000244,0,4142,759
177236,000104,0,4254,782
177236,100304,0,4685,885
177237,000044,0,3917,715
177237,000244,0,4093,749
177240,100144,0,4217,781
177240,000344,0,4300,797
177241,000004,0,4207,783
177241,100204,0,4079,743
177242,000104,0,4231,778
177242,100304,0,4662,881
177243,000044,0,3943,721
177243,000244,0,4119,755
177244,100144,0,4217,781
177244,000344,0,4300,797
177245,000004,0,4207,783
177245,100204,0,4079,743
177246,000104,0,4231,778
177246,100304,0,4662,881
177247,000004,0,4668,899
177247,100204,0,4746,911
177250,100144,0,4240,785
177250,000344,0,4323,801
177251,000044,0,3966,725
177251,000244,0,4142,759
177252,000104,0,4254,782
177252,100304,0,4685,885
177253,000004,0,4230,787
177253,100204,0,4102,747
177254,100144,0,4240,785
177254,000344,0,4323,801
177255,000044,0,3966,725
177255,000244,0,4142,759
177256,000104,0,4254,782
177256,100304,0,4685,885
177257,000044,0,2359,376
177257,000244,0,2383,380
177260,000004,0,4175,774
177260,100204,0,4047,734
177261,100144,0,4185,772
177261,000344,0,4268,788
177262,000044,0,3911,712
177262,000244,0,4087,746
177263,000104,0,4199,769
177263,100304,0,4630,872
177264,000004,0,4175,774
177264,100204,0,4047,734
177265,100144,0,4185,772
177265,000344,0,4268,788
177266,000044,0,3911,712
177266,000244,0,4087,746
177267,100144,0,4185,772
177267,000344,0,4268,788
177270,000044,0,3919,715
177270,000244,0,4095,749
177271,100144,0,4193,775
177271,000344,0,4276,791
177272,000004,0,4183,777
177272,100204,0,4055,737
177273,000104,0,4207,772
177273,100304,0,4638,875
177274,000044,0,3919,715
177274,000244,0,4095,749
177275,100144,0,4193,775
177275,000344,0,4276,791
177276,000004,0,4183,777
177276,100204,0,4055,737
177277,100144,0,4193,775
177277,000344,0,4276,791
177300,000004,0,4053,755
177300,100204,0,3925,715
177301,000044,0,3789,693
177301,000244,0,3965,727
177302,000004,0,4053,755
177302,100204,0,3925,715
177303,000044,0,3789,693
177303,000244,0,3965,727
177304,000004,0,4053,755
177304,100204,0,3925,715
177305,000044,0,3789,693
177305,000244,0,3965,727
177306,000004,0,3950,729
177306,100204,0,3925,715
177307,000044,0,4304,823
177307,000244,0,4382,835
177310,000004,0,4088,760
177310,100204,0,3960,720
177311,000104,0,4112,755
177311,100304,0,4543,858
177312,000044,0,3824,698
177312,000244,0,4000,732
177313,100144,0,4098,758
177313,000344,0,4181,774
177314,000004,0,4088,760
177314,100204,0,3960,720
177315,000104,0,4112,755
177315,100304,0,4543,858
177316,000044,0,3824,698
177316,000244,0,4000,732
177317,000104,0,4112,755
177317,100304,0,4543,858
177320,000004,0,4207,783
177320,100204,0,4079,743
177321,000104,0,4231,778
177321,100304,0,4662,881
177322,000044,0,3943,721
177322,000244,0,4119,755
177323,100144,0,4217,781
177323,000344,0,4300,797
177324,000004,0,4207,783
177324,100204,0,4079,743
177325,000104,0,4231,778
177325,100304,0,4662,881
177326,000044,0,3943,721
177326,000244,0,4119,755
177327,000104,0,4113,752
177327,100304,0,4603,868
177330,000104,0,4254,782
177330,100304,0,4685,885
177331,000004,0,4230,787
177331,100204,0,4102,747
177332,100144,0,4240,785
177332,000344,0,4323,801
177333,000044,0,3966,725
177333,000244,0,4142,759
177334,000104,0,4254,782
177334,100304,0,4685,885
177335,000004,0,4230,787
177335,100204,0,4102,747
177336,100144,0,4240,785
177336,000344,0,4323,801
177337,000004,0,4181,777
177337,100204,0,4053,737
177340,000104,0,4231,778
177340,100304,0,4662,881
177341,000044,0,3943,721
177341,000244,0,4119,755
177342,100144,0,4217,781
177342,000344,0,4300,797
177343,000004,0,4207,783
177343,100204,0,4079,743
177344,000104,0,4231,778
177344,100304,0,4662,881
177345,000044,0,3943,721
177345,000244,0,4119,755
177346,100144,0,4217,781
177346,000344,0,4300,797
177347,000044,0,4610,889
177347,000244,0,4688,901
177350,000104,0,4254,782
177350,100304,0,4685,885
177351,000004,0,4230,787
177351,100204,0,4102,747
177352,100144,0,4240,785
177352,000344,0,4323,801
177353,000044,0,3966,725
177353,000244,0,4142,759
177354,000104,0,4254,782
177354,100304,0,4685,885
177355,000004,0,4230,787
177355,100204,0,4102,747
177356,100144,0,4240,785
177356,000344,0,4323,801
177357,000004,0,2359,376
177357,100204,0,2383,380
177360,000044,0,3911,712
177360,000244,0,4087,746
177361,000104,0,4199,769
177361,100304,0,4630,872
177362,000004,0,4175,774
177362,100204,0,4047,734
177363,100144,0,4185,772
177363,000344,0,4268,788
177364,000044,0,3911,712
177364,000244,0,4087,746
177365,000104,0,4199,769
177365,100304,0,4630,872
177366,000004,0,4175,774
177366,100204,0,4047,734
177367,000104,0,4199,769
177367,100304,0,4630,872
177370,000004,0,4183,777
177370,100204,0,4055,737
177371,000104,0,4207,772
177371,100304,0,4638,875
177372,000044,0,3919,715
177372,000244,0,4095,749
177373,100144,0,4193,775
177373,000344,0,4276,791
177374,000004,0,4183,777
177374,100204,0,4055,737
177375,000104,0,4207,772
177375,100304,0,4638,875
177376,000044,0,3919,715
177376,000244,0,4095,749
177377,000104,0,4207,772
177377,100304,0,4638,875
177400,000044,0,2820,456
177400,000244,0,2815,455
177401,000004,0,2836,460
177401,100204,0,2815,455
177402,000044,0,2820,456
177402,000244,0,2815,455
177403,000004,0,2836,460
177403,100204,0,2815,455
177404,000044,0,2820,456
177404,000244,0,2815,455
177405,000004,0,2836,460
177405,100204,0,2815,455
177406,000044,0,2241,349
177406,000244,0,2265,353
177407,000044,0,2241,349
177407,000244,0,2265,353
177410,000044,0,2772,452
177410,000244,0,2765,449
177411,000004,0,2788,456
177411,100204,0,2765,449
177412,000044,0,2772,452
177412,000244,0,2765,449
177413,000004,0,2788,456
177413,100204,0,2765,449
177414,000044,0,2772,452
177414,000244,0,2765,449
177415,000004,0,2788,456
177415,100204,0,2765,449
177416,000044,0,2772,452
177416,000244,0,2765,449
177417,000044,0,2772,452
177417,000244,0,2765,449
177420,000044,0,2891,475
177420,000244,0,2884,472
177421,000004,0,2907,479
177421,100204,0,2884,472
177422,000044,0,2891,475
177422,000244,0,2884,472
177423,000004,0,2907,479
177423,100204,0,2884,472
177424,000044,0,2891,475
177424,000244,0,2884,472
177425,000004,0,2907,479
177425,100204,0,2884,472
177426,000044,0,2891,475
177426,000244,0,2884,472
177427,000044,0,2776,452
177427,000244,0,2825,459
177430,000044,0,2914,479
177430,000244,0,2907,476
177431,000044,0,2914,479
177431,000244,0,2907,476
177432,000044,0,2914,479
177432,000244,0,2907,476
177433,000044,0,2914,479
177433,000244,0,2907,476
177434,000044,0,2914,479
177434,000244,0,2907,476
177435,000044,0,2914,479
177435,000244,0,2907,476
177436,000044,0,2914,479
177436,000244,0,2907,476
177437,000004,0,2881,473
177437,100204,0,2858,466
177440,000044,0,2891,475
177440,000244,0,2884,472
177441,000004,0,2907,479
177441,100204,0,2884,472
177442,000044,0,2891,475
177442,000244,0,2884,472
177443,000004,0,2907,479
177443,100204,0,2884,472
177444,000044,0,2891,475
177444,000244,0,2884,472
177445,000004,0,2907,479
177445,100204,0,2884,472
177446,000044,0,2891,475
177446,000244,0,2884,472
177447,000044,0,2842,465
177447,000244,0,2835,462
177450,000044,0,2914,479
177450,000244,0,2907,476
177451,000044,0,2914,479
177451,000244,0,2907,476
177452,000044,0,2914,479
177452,000244,0,2907,476
177453,000044,0,2914,479
177453,000244,0,2907,476
177454,000044,0,2914,479
177454,000244,0,2907,476
177455,000044,0,2914,479
177455,000244,0,2907,476
177456,000044,0,2914,479
177456,000244,0,2907,476
177457,000004,0,2319,370
177457,100204,0,2343,374
177460,000044,0,2859,466
177460,000244,0,2852,463
177461,000044,0,2859,466
177461,000244,0,2852,463
177462,000044,0,2859,466
177462,000244,0,2852,463
177463,000044,0,2859,466
177463,000244,0,2852,463
177464,000044,0,2859,466
177464,000244,0,2852,463
177465,000044,0,2859,466
177465,000244,0,2852,463
177466,000044,0,2859,466
177466,000244,0,2852,463
177467,000004,0,2875,470
177467,100204,0,2852,463
177470,000004,0,2883,473
177470,100204,0,2860,466
177471,000044,0,2867,469
177471,000244,0,2860,466
177472,000004,0,2883,473
177472,100204,0,2860,466
177473,000044,0,2867,469
177473,000244,0,2860,466
177474,000004,0,2883,473
177474,100204,0,2860,466
177475,000044,0,2867,469
177475,000244,0,2860,466
177476,000004,0,2883,473
177476,100204,0,2860,466
177477,000004,0,2883,473
177477,100204,0,2860,466
177500,000044,0,2820,456
177500,000244,0,2815,455
177501,000004,0,2836,460
177501,100204,0,2815,455
177502,000044,0,2820,456
177502,000244,0,2815,455
177503,000004,0,2836,460
177503,100204,0,2815,455
177504,000044,0,2820,456
177504,000244,0,2815,455
177505,000004,0,2836,460
177505,100204,0,2815,455
177506,000044,0,2241,349
177506,000244,0,2265,353
177507,000044,0,2241,349
177507,000244,0,2265,353
177510,000044,0,2772,452
177510,000244,0,2765,449
177511,000004,0,2788,456
177511,100204,0,2765,449
177512,000044,0,2772,452
177512,000244,0,2765,449
177513,000004,0,2788,456
177513,100204,0,2765,449
177514,000044,0,2772,452
177514,000244,0,2765,449
177515,000004,0,2788,456
177515,100204,0,2765,449
177516,000044,0,2772,452
177516,000244,0,2765,449
177517,000044,0,2772,452
177517,000244,0,2765,449
177520,000044,0,2891,475
177520,000244,0,2884,472
177521,000004,0,2907,479
177521,100204,0,2884,472
177522,000044,0,2891,475
177522,000244,0,2884,472
177523,000004,0,2907,479
177523,100204,0,2884,472
177524,000044,0,2891,475
177524,000244,0,2884,472
177525,000004,0,2907,479
177525,100204,0,2884,472
177526,000044,0,2891,475
177526,000244,0,2884,472
177527,000044,0,2776,452
177527,000244,0,2825,459
177530,000044,0,2914,479
177530,000244,0,2907,476
177531,000044,0,2914,479
177531,000244,0,2907,476
177532,000044,0,2914,479
177532,000244,0,2907,476
177533,000044,0,2914,479
177533,000244,0,2907,476
177534,000044,0,2914,479
177534,000244,0,2907,476
177535,000044,0,2914,479
177535,000244,0,2907,476
177536,000044,0,2914,479
177536,000244,0,2907,476
177537,000004,0,2881,473
177537,100204,0,2858,466
177540,000044,0,2891,475
177540,000244,0,2884,472
177541,000004,0,2907,479
177541,100204,0,2884,472
177542,000044,0,2891,475
177542,000244,0,2884,472
177543,000004,0,2907,479
177543,100204,0,2884,472
177544,000044,0,2891,475
177544,000244,0,2884,472
177545,000004,0,2907,479
177545,100204,0,2884,472
177546,000044,0,2891,475
177546,000244,0,2884,472
177547,000044,0,2842,465
177547,000244,0,2835,462
177550,000044,0,2914,479
177550,000244,0,2907,476
177551,000044,0,2914,479
177551,000244,0,2907,476
177552,000044,0,2914,479
177552,000244,0,2907,476
177553,000044,0,2914,479
177553,000244,0,2907,476
177554,000044,0,2914,479
177554,000244,0,2907,476
177555,000044,0,2914,479
177555,000244,0,2907,476
177556,000044,0,2914,479
177556,000244,0,2907,476
177557,000004,0,2319,370
177557,100204,0,2343,374
177560,000044,0,2859,466
177560,000244,0,2852,463
177561,000044,0,2859,466
177561,000244,0,2852,463
177562,000044,0,2859,466
177562,000244,0,2852,463
177563,000044,0,2859,466
177563,000244,0,2852,463
177564,000044,0,2859,466
177564,000244,0,2852,463
177565,000044,0,2859,466
177565,000244,0,2852,463
177566,000044,0,2859,466
177566,000244,0,2852,463
177567,000004,0,2875,470
177567,100204,0,2852,463
177570,000004,0,2883,473
177570,100204,0,2860,466
177571,000044,0,2867,469
177571,000244,0,2860,466
177572,000004,0,2883,473
177572,100204,0,2860,466
177573,000044,0,2867,469
177573,000244,0,2860,466
177574,000004,0,2883,473
177574,100204,0,2860,466
177575,000044,0,2867,469
177575,000244,0,2860,466
177576,000004,0,2883,473
177576,100204,0,2860,466
177577,000004,0,2883,473
177577,100204,0,2860,466
177600,000044,0,2820,456
177600,000244,0,2815,455
177601,000004,0,2836,460
177601,100204,0,2815,455
177602,000044,0,2820,456
177602,000244,0,2815,455
177603,000004,0,2836,460
177603,100204,0,2815,455
177604,000044,0,2820,456
177604,000244,0,2815,455
177605,000004,0,2836,460
177605,100204,0,2815,455
177606,000044,0,2241,349
177606,000244,0,2265,353
177607,000044,0,2241,349
177607,000244,0,2265,353
177610,000044,0,2772,452
177610,000244,0,2765,449
177611,000004,0,2788,456
177611,100204,0,2765,449
177612,000044,0,2772,452
177612,000244,0,2765,449
177613,000004,0,2788,456
177613,100204,0,2765,449
177614,000044,0,2772,452
177614,000244,0,2765,449
177615,000004,0,2788,456
177615,100204,0,2765,449
177616,000044,0,2772,452
177616,000244,0,2765,449
177617,000044,0,2772,452
177617,000244,0,2765,449
177620,000044,0,2891,475
177620,000244,0,2884,472
177621,000004,0,2907,479
177621,100204,0,2884,472
177622,000044,0,2891,475
177622,000244,0,2884,472
177623,000004,0,2907,479
177623,100204,0,2884,472
177624,000044,0,2891,475
177624,000244,0,2884,472
177625,000004,0,2907,479
177625,100204,0,2884,472
177626,000044,0,2891,475
177626,000244,0,2884,472
177627,000044,0,2776,452
177627,000244,0,2825,459
177630,000044,0,2914,479
177630,000244,0,2907,476
177631,000044,0,2914,479
177631,000244,0,2907,476
177632,000044,0,2914,479
177632,000244,0,2907,476
177633,000044,0,2914,479
177633,000244,0,2907,476
177634,000044,0,2914,479
177634,000244,0,2907,476
177635,000044,0,2914,479
177635,000244,0,2907,476
177636,000044,0,2914,479
177636,000244,0,2907,476
177637,000004,0,2881,473
177637,100204,0,2858,466
177640,000044,0,2891,475
177640,000244,0,2884,472
177641,000004,0,2907,479
177641,100204,0,2884,472
177642,000044,0,2891,475
177642,000244,0,2884,472
177643,000004,0,2907,479
177643,100204,0,2884,472
177644,000044,0,2891,475
177644,000244,0,2884,472
177645,000004,0,2907,479
177645,100204,0,2884,472
177646,000044,0,2891,475
177646,000244,0,2884,472
177647,000044,0,2842,465
177647,000244,0,2835,462
177650,000044,0,2914,479
177650,000244,0,2907,476
177651,000044,0,2914,479
177651,000244,0,2907,476
177652,000044,0,2914,479
177652,000244,0,2907,476
177653,000044,0,2914,479
177653,000244,0,2907,476
177654,000044,0,2914,479
177654,000244,0,2907,476
177655,000044,0,2914,479
177655,000244,0,2907,476
177656,000044,0,2914,479
177656,000244,0,2907,476
177657,000004,0,2319,370
177657,100204,0,2343,374
177660,000044,0,2859,466
177660,000244,0,2852,463
177661,000044,0,2859,466
177661,000244,0,2852,463
177662,000044,0,2859,466
177662,000244,0,2852,463
177663,000044,0,2859,466
177663,000244,0,2852,463
177664,000044,0,2859,466
177664,000244,0,2852,463
177665,000044,0,2859,466
177665,000244,0,2852,463
177666,000044,0,2859,466
177666,000244,0,2852,463
177667,000004,0,2875,470
177667,100204,0,2852,463
177670,000004,0,2883,473
177670,100204,0,2860,466
177671,000044,0,2867,469
177671,000244,0,2860,466
177672,000004,0,2883,473
177672,100204,0,2860,466
177673,000044,0,2867,469
177673,000244,0,2860,466
177674,000004,0,2883,473
177674,100204,0,2860,466
177675,000044,0,2867,469
177675,000244,0,2860,466
177676,000004,0,2883,473
177676,100204,0,2860,466
177677,000004,0,2883,473
177677,100204,0,2860,466
177700,000044,0,2820,456
177700,000244,0,2815,455
177701,000004,0,2836,460
177701,100204,0,2815,455
177702,000044,0,2820,456
177702,000244,0,2815,455
177703,000004,0,2836,460
177703,100204,0,2815,455
177704,000044,0,2820,456
177704,000244,0,2815,455
177705,000004,0,2836,460
177705,100204,0,2815,455
177706,000044,0,2241,349
177706,000244,0,2265,353
177707,000044,0,2241,349
177707,000244,0,2265,353
177710,000044,0,2772,452
177710,000244,0,2765,449
177711,000004,0,2788,456
177711,100204,0,2765,449
177712,000044,0,2772,452
177712,000244,0,2765,449
177713,000004,0,2788,456
177713,100204,0,2765,449
177714,000044,0,2772,452
177714,000244,0,2765,449
177715,000004,0,2788,456
177715,100204,0,2765,449
177716,000044,0,2772,452
177716,000244,0,2765,449
177717,000044,0,2772,452
177717,000244,0,2765,449
177720,000044,0,2891,475
177720,000244,0,2884,472
177721,000004,0,2907,479
177721,100204,0,2884,472
177722,000044,0,2891,475
177722,000244,0,2884,472
177723,000004,0,2907,479
177723,100204,0,2884,472
177724,000044,0,2891,475
177724,000244,0,2884,472
177725,000004,0,2907,479
177725,100204,0,2884,472
177726,000044,0,2891,475
177726,000244,0,2884,472
177727,000044,0,2776,452
177727,000244,0,2825,459
177730,000044,0,2914,479
177730,000244,0,2907,476
177731,000044,0,2914,479
177731,000244,0,2907,476
177732,000044,0,2914,479
177732,000244,0,2907,476
177733,000044,0,2914,479
177733,000244,0,2907,476
177734,000044,0,2914,479
177734,000244,0,2907,476
177735,000044,0,2914,479
177735,000244,0,2907,476
177736,000044,0,2914,479
177736,000244,0,2907,476
177737,000004,0,2881,473
177737,100204,0,2858,466
177740,000044,0,2891,475
177740,000244,0,2884,472
177741,000004,0,2907,479
177741,100204,0,2884,472
177742,000044,0,2891,475
177742,000244,0,2884,472
177743,000004,0,2907,479
177743,100204,0,2884,472
177744,000044,0,2891,475
177744,000244,0,2884,472
177745,000004,0,2907,479
177745,100204,0,2884,472
177746,000044,0,2891,475
177746,000244,0,2884,472
177747,000044,0,2842,465
177747,000244,0,2835,462
177750,000044,0,2914,479
177750,000244,0,2907,476
177751,000044,0,2914,479
177751,000244,0,2907,476
177752,000044,0,2914,479
177752,000244,0,2907,476
177753,000044,0,2914,479
177753,000244,0,2907,476
177754,000044,0,2914,479
177754,000244,0,2907,476
177755,000044,0,2914,479
177755,000244,0,2907,476
177756,000044,0,2914,479
177756,000244,0,2907,476
177757,000004,0,2319,370
177757,100204,0,2343,374
177760,000044,0,2859,466
177760,000244,0,2852,463
177761,000044,0,2859,466
177761,000244,0,2852,463
177762,000044,0,2859,466
177762,000244,0,2852,463
177763,000044,0,2859,466
177763,000244,0,2852,463
177764,000044,0,2859,466
177764,000244,0,2852,463
177765,000044,0,2859,466
177765,000244,0,2852,463
177766,000044,0,2859,466
177766,000244,0,2852,463
177767,000004,0,2875,470
177767,100204,0,2852,463
177770,000004,0,2883,473
177770,100204,0,2860,466
177771,000044,0,2867,469
177771,000244,0,2860,466
177772,000004,0,2883,473
177772,100204,0,2860,466
177773,000044,0,2867,469
177773,000244,0,2860,466
177774,000004,0,2883,473
177774,100204,0,2860,466
177775,000044,0,2867,469
177775,000244,0,2860,466
177776,000004,0,2883,473
177776,100204,0,2860,466
177777,000004,0,2883,473
177777,100204,0,2860,466
